REF_AREA,TIME_PERIOD,SECTOR,Economic sector,EMISSIONS_SOURCE,PRICE_LEVEL,Carbon price level,OBS_VALUE
AUT,2021,ELEC,Electricity,FFUEL_BIOF,EUR_TCO2E_GT120,Above EUR 120 per tonne of CO2e,0
BEL,2021,ELEC,Electricity,FFUEL_BIOF,EUR_TCO2E_GT120,Above EUR 120 per tonne of CO2e,0
DNK,2021,ELEC,Electricity,FFUEL_BIOF,EUR_TCO2E_GT120,Above EUR 120 per tonne of CO2e,0
FRA,2021,ELEC,Electricity,FFUEL_BIOF,EUR_TCO2E_GT120,Above EUR 120 per tonne of CO2e,0
DEU,2021,ELEC,Electricity,FFUEL_BIOF,EUR_TCO2E_GT120,Above EUR 120 per tonne of CO2e,0
ITA,2021,ELEC,Electricity,FFUEL_BIOF,EUR_TCO2E_GT120,Above EUR 120 per tonne of CO2e,0
NLD,2021,ELEC,Electricity,FFUEL_BIOF,EUR_TCO2E_GT120,Above EUR 120 per tonne of CO2e,0
POL,2021,ELEC,Electricity,FFUEL_BIOF,EUR_TCO2E_GT120,Above EUR 120 per tonne of CO2e,0
ESP,2021,ELEC,Electricity,FFUEL_BIOF,EUR_TCO2E_GT120,Above EUR 120 per tonne of CO2e,0
SWE,2021,ELEC,Electricity,FFUEL_BIOF,EUR_TCO2E_GT120,Above EUR 120 per tonne of CO2e,0
GBR,2021,ELEC,Electricity,FFUEL_BIOF,EUR_TCO2E_GT120,Above EUR 120 per tonne of CO2e,0
AUT,2021,ELEC,Electricity,FFUEL,EUR_TCO2E_GT120,Above EUR 120 per tonne of CO2e,0
BEL,2021,ELEC,Electricity,FFUEL,EUR_TCO2E_GT120,Above EUR 120 per tonne of CO2e,0
DNK,2021,ELEC,Electricity,FFUEL,EUR_TCO2E_GT120,Above EUR 120 per tonne of CO2e,0
FRA,2021,ELEC,Electricity,FFUEL,EUR_TCO2E_GT120,Above EUR 120 per tonne of CO2e,0
DEU,2021,ELEC,Electricity,FFUEL,EUR_TCO2E_GT120,Above EUR 120 per tonne of CO2e,0
ITA,2021,ELEC,Electricity,FFUEL,EUR_TCO2E_GT120,Above EUR 120 per tonne of CO2e,0
NLD,2021,ELEC,Electricity,FFUEL,EUR_TCO2E_GT120,Above EUR 120 per tonne of CO2e,0
POL,2021,ELEC,Electricity,FFUEL,EUR_TCO2E_GT120,Above EUR 120 per tonne of CO2e,0
ESP,2021,ELEC,Electricity,FFUEL,EUR_TCO2E_GT120,Above EUR 120 per tonne of CO2e,0
SWE,2021,ELEC,Electricity,FFUEL,EUR_TCO2E_GT120,Above EUR 120 per tonne of CO2e,0
GBR,2021,ELEC,Electricity,FFUEL,EUR_TCO2E_GT120,Above EUR 120 per tonne of CO2e,0
DNK,2021,OFFROAD,Off-road transport,FFUEL_BIOF,EUR_TCO2E_GT120,Above EUR 120 per tonne of CO2e,0
DNK,2021,OFFROAD,Off-road transport,FFUEL,EUR_TCO2E_GT120,Above EUR 120 per tonne of CO2e,0
FRA,2021,OFFROAD,Off-road transport,FFUEL_BIOF,EUR_TCO2E_GT120,Above EUR 120 per tonne of CO2e,0
FRA,2021,OFFROAD,Off-road transport,FFUEL,EUR_TCO2E_GT120,Above EUR 120 per tonne of CO2e,0
ITA,2021,OFFROAD,Off-road transport,FFUEL_BIOF,EUR_TCO2E_GT120,Above EUR 120 per tonne of CO2e,0
ITA,2021,OFFROAD,Off-road transport,FFUEL,EUR_TCO2E_GT120,Above EUR 120 per tonne of CO2e,0
POL,2021,OFFROAD,Off-road transport,FFUEL,EUR_TCO2E_GT120,Above EUR 120 per tonne of CO2e,0
POL,2021,OFFROAD,Off-road transport,FFUEL_BIOF,EUR_TCO2E_GT120,Above EUR 120 per tonne of CO2e,0
SWE,2021,OFFROAD,Off-road transport,FFUEL,EUR_TCO2E_GT120,Above EUR 120 per tonne of CO2e,0
SWE,2021,OFFROAD,Off-road transport,FFUEL_BIOF,EUR_TCO2E_GT120,Above EUR 120 per tonne of CO2e,0
GBR,2021,OFFROAD,Off-road transport,FFUEL,EUR_TCO2E_GT120,Above EUR 120 per tonne of CO2e,0
GBR,2021,OFFROAD,Off-road transport,FFUEL_BIOF,EUR_TCO2E_GT120,Above EUR 120 per tonne of CO2e,0
POL,2021,RESCOM,Buildings,FFUEL,EUR_TCO2E_GT120,Above EUR 120 per tonne of CO2e,0
POL,2021,RESCOM,Buildings,FFUEL_BIOF,EUR_TCO2E_GT120,Above EUR 120 per tonne of CO2e,0
GBR,2021,RESCOM,Buildings,FFUEL,EUR_TCO2E_GT120,Above EUR 120 per tonne of CO2e,0
GBR,2021,RESCOM,Buildings,FFUEL_BIOF,EUR_TCO2E_GT120,Above EUR 120 per tonne of CO2e,0
GBR,2021,INDUSTRY,Industry,FFUEL,EUR_TCO2E_GT120,Above EUR 120 per tonne of CO2e,0
GBR,2021,INDUSTRY,Industry,FFUEL_BIOF,EUR_TCO2E_GT120,Above EUR 120 per tonne of CO2e,0
GBR,2021,AGRIFISH,Agriculture & fisheries,FFUEL_BIOF,EUR_TCO2E_GT120,Above EUR 120 per tonne of CO2e,0
GBR,2021,AGRIFISH,Agriculture & fisheries,FFUEL,EUR_TCO2E_GT120,Above EUR 120 per tonne of CO2e,0
BEL,2012,INDUSTRY,Industry,FFUEL_BIOF,EUR_TCO2E_GT120,Above EUR 120 per tonne of CO2e,0
BEL,2012,INDUSTRY,Industry,FFUEL,EUR_TCO2E_GT120,Above EUR 120 per tonne of CO2e,0
BEL,2015,INDUSTRY,Industry,FFUEL,EUR_TCO2E_GT120,Above EUR 120 per tonne of CO2e,0
BEL,2015,INDUSTRY,Industry,FFUEL_BIOF,EUR_TCO2E_GT120,Above EUR 120 per tonne of CO2e,0
FRA,2012,INDUSTRY,Industry,FFUEL,EUR_TCO2E_GT120,Above EUR 120 per tonne of CO2e,0
FRA,2012,INDUSTRY,Industry,FFUEL_BIOF,EUR_TCO2E_GT120,Above EUR 120 per tonne of CO2e,0
FRA,2015,INDUSTRY,Industry,FFUEL_BIOF,EUR_TCO2E_GT120,Above EUR 120 per tonne of CO2e,0
FRA,2015,INDUSTRY,Industry,FFUEL,EUR_TCO2E_GT120,Above EUR 120 per tonne of CO2e,0
FRA,2018,INDUSTRY,Industry,FFUEL,EUR_TCO2E_GT120,Above EUR 120 per tonne of CO2e,0
FRA,2018,INDUSTRY,Industry,FFUEL_BIOF,EUR_TCO2E_GT120,Above EUR 120 per tonne of CO2e,0
DEU,2012,INDUSTRY,Industry,FFUEL,EUR_TCO2E_GT120,Above EUR 120 per tonne of CO2e,0
DEU,2012,INDUSTRY,Industry,FFUEL_BIOF,EUR_TCO2E_GT120,Above EUR 120 per tonne of CO2e,0
DEU,2015,INDUSTRY,Industry,FFUEL_BIOF,EUR_TCO2E_GT120,Above EUR 120 per tonne of CO2e,0
DEU,2015,INDUSTRY,Industry,FFUEL,EUR_TCO2E_GT120,Above EUR 120 per tonne of CO2e,0
NLD,2012,INDUSTRY,Industry,FFUEL_BIOF,EUR_TCO2E_GT120,Above EUR 120 per tonne of CO2e,0
NLD,2012,INDUSTRY,Industry,FFUEL,EUR_TCO2E_GT120,Above EUR 120 per tonne of CO2e,0
POL,2015,INDUSTRY,Industry,FFUEL,EUR_TCO2E_GT120,Above EUR 120 per tonne of CO2e,0
POL,2015,INDUSTRY,Industry,FFUEL_BIOF,EUR_TCO2E_GT120,Above EUR 120 per tonne of CO2e,0
ESP,2012,INDUSTRY,Industry,FFUEL_BIOF,EUR_TCO2E_GT120,Above EUR 120 per tonne of CO2e,0
ESP,2012,INDUSTRY,Industry,FFUEL,EUR_TCO2E_GT120,Above EUR 120 per tonne of CO2e,0
SWE,2012,INDUSTRY,Industry,FFUEL_BIOF,EUR_TCO2E_GT120,Above EUR 120 per tonne of CO2e,0
SWE,2012,INDUSTRY,Industry,FFUEL,EUR_TCO2E_GT120,Above EUR 120 per tonne of CO2e,0
GBR,2012,INDUSTRY,Industry,FFUEL,EUR_TCO2E_GT120,Above EUR 120 per tonne of CO2e,0
GBR,2012,INDUSTRY,Industry,FFUEL_BIOF,EUR_TCO2E_GT120,Above EUR 120 per tonne of CO2e,0
GBR,2015,INDUSTRY,Industry,FFUEL_BIOF,EUR_TCO2E_GT120,Above EUR 120 per tonne of CO2e,0
GBR,2015,INDUSTRY,Industry,FFUEL,EUR_TCO2E_GT120,Above EUR 120 per tonne of CO2e,0
GBR,2018,INDUSTRY,Industry,FFUEL,EUR_TCO2E_GT120,Above EUR 120 per tonne of CO2e,0
GBR,2018,INDUSTRY,Industry,FFUEL_BIOF,EUR_TCO2E_GT120,Above EUR 120 per tonne of CO2e,0
AUT,2012,RESCOM,Buildings,FFUEL,EUR_TCO2E_GT120,Above EUR 120 per tonne of CO2e,0
AUT,2012,RESCOM,Buildings,FFUEL_BIOF,EUR_TCO2E_GT120,Above EUR 120 per tonne of CO2e,0
AUT,2015,RESCOM,Buildings,FFUEL,EUR_TCO2E_GT120,Above EUR 120 per tonne of CO2e,0
AUT,2015,RESCOM,Buildings,FFUEL_BIOF,EUR_TCO2E_GT120,Above EUR 120 per tonne of CO2e,0
BEL,2012,RESCOM,Buildings,FFUEL_BIOF,EUR_TCO2E_GT120,Above EUR 120 per tonne of CO2e,0
BEL,2012,RESCOM,Buildings,FFUEL,EUR_TCO2E_GT120,Above EUR 120 per tonne of CO2e,0
BEL,2015,RESCOM,Buildings,FFUEL,EUR_TCO2E_GT120,Above EUR 120 per tonne of CO2e,0
BEL,2015,RESCOM,Buildings,FFUEL_BIOF,EUR_TCO2E_GT120,Above EUR 120 per tonne of CO2e,0
POL,2012,RESCOM,Buildings,FFUEL,EUR_TCO2E_GT120,Above EUR 120 per tonne of CO2e,0
POL,2012,RESCOM,Buildings,FFUEL_BIOF,EUR_TCO2E_GT120,Above EUR 120 per tonne of CO2e,0
POL,2015,RESCOM,Buildings,FFUEL_BIOF,EUR_TCO2E_GT120,Above EUR 120 per tonne of CO2e,0
POL,2015,RESCOM,Buildings,FFUEL,EUR_TCO2E_GT120,Above EUR 120 per tonne of CO2e,0
POL,2018,RESCOM,Buildings,FFUEL,EUR_TCO2E_GT120,Above EUR 120 per tonne of CO2e,0
POL,2018,RESCOM,Buildings,FFUEL_BIOF,EUR_TCO2E_GT120,Above EUR 120 per tonne of CO2e,0
ESP,2012,RESCOM,Buildings,FFUEL,EUR_TCO2E_GT120,Above EUR 120 per tonne of CO2e,0
ESP,2012,RESCOM,Buildings,FFUEL_BIOF,EUR_TCO2E_GT120,Above EUR 120 per tonne of CO2e,0
GBR,2012,RESCOM,Buildings,FFUEL,EUR_TCO2E_GT120,Above EUR 120 per tonne of CO2e,0
GBR,2012,RESCOM,Buildings,FFUEL_BIOF,EUR_TCO2E_GT120,Above EUR 120 per tonne of CO2e,0
GBR,2015,RESCOM,Buildings,FFUEL_BIOF,EUR_TCO2E_GT120,Above EUR 120 per tonne of CO2e,0
GBR,2015,RESCOM,Buildings,FFUEL,EUR_TCO2E_GT120,Above EUR 120 per tonne of CO2e,0
GBR,2018,RESCOM,Buildings,FFUEL,EUR_TCO2E_GT120,Above EUR 120 per tonne of CO2e,0
GBR,2018,RESCOM,Buildings,FFUEL_BIOF,EUR_TCO2E_GT120,Above EUR 120 per tonne of CO2e,0
BEL,2012,OFFROAD,Off-road transport,FFUEL_BIOF,EUR_TCO2E_GT120,Above EUR 120 per tonne of CO2e,0
BEL,2012,OFFROAD,Off-road transport,FFUEL,EUR_TCO2E_GT120,Above EUR 120 per tonne of CO2e,0
BEL,2015,OFFROAD,Off-road transport,FFUEL_BIOF,EUR_TCO2E_GT120,Above EUR 120 per tonne of CO2e,0
BEL,2015,OFFROAD,Off-road transport,FFUEL,EUR_TCO2E_GT120,Above EUR 120 per tonne of CO2e,0
FRA,2012,OFFROAD,Off-road transport,FFUEL,EUR_TCO2E_GT120,Above EUR 120 per tonne of CO2e,0
FRA,2012,OFFROAD,Off-road transport,FFUEL_BIOF,EUR_TCO2E_GT120,Above EUR 120 per tonne of CO2e,0
FRA,2015,OFFROAD,Off-road transport,FFUEL_BIOF,EUR_TCO2E_GT120,Above EUR 120 per tonne of CO2e,0
FRA,2015,OFFROAD,Off-road transport,FFUEL,EUR_TCO2E_GT120,Above EUR 120 per tonne of CO2e,0
FRA,2018,OFFROAD,Off-road transport,FFUEL_BIOF,EUR_TCO2E_GT120,Above EUR 120 per tonne of CO2e,0
FRA,2018,OFFROAD,Off-road transport,FFUEL,EUR_TCO2E_GT120,Above EUR 120 per tonne of CO2e,0
ITA,2012,OFFROAD,Off-road transport,FFUEL_BIOF,EUR_TCO2E_GT120,Above EUR 120 per tonne of CO2e,0
ITA,2012,OFFROAD,Off-road transport,FFUEL,EUR_TCO2E_GT120,Above EUR 120 per tonne of CO2e,0
ITA,2015,OFFROAD,Off-road transport,FFUEL,EUR_TCO2E_GT120,Above EUR 120 per tonne of CO2e,0
ITA,2015,OFFROAD,Off-road transport,FFUEL_BIOF,EUR_TCO2E_GT120,Above EUR 120 per tonne of CO2e,0
ITA,2018,OFFROAD,Off-road transport,FFUEL_BIOF,EUR_TCO2E_GT120,Above EUR 120 per tonne of CO2e,0
ITA,2018,OFFROAD,Off-road transport,FFUEL,EUR_TCO2E_GT120,Above EUR 120 per tonne of CO2e,0
NLD,2012,OFFROAD,Off-road transport,FFUEL,EUR_TCO2E_GT120,Above EUR 120 per tonne of CO2e,0
SWE,2012,OFFROAD,Off-road transport,FFUEL,EUR_TCO2E_GT120,Above EUR 120 per tonne of CO2e,0
SWE,2012,OFFROAD,Off-road transport,FFUEL_BIOF,EUR_TCO2E_GT120,Above EUR 120 per tonne of CO2e,0
SWE,2015,OFFROAD,Off-road transport,FFUEL,EUR_TCO2E_GT120,Above EUR 120 per tonne of CO2e,0
SWE,2015,OFFROAD,Off-road transport,FFUEL_BIOF,EUR_TCO2E_GT120,Above EUR 120 per tonne of CO2e,0
SWE,2018,OFFROAD,Off-road transport,FFUEL_BIOF,EUR_TCO2E_GT120,Above EUR 120 per tonne of CO2e,0
SWE,2018,OFFROAD,Off-road transport,FFUEL,EUR_TCO2E_GT120,Above EUR 120 per tonne of CO2e,0
GBR,2018,OFFROAD,Off-road transport,FFUEL_BIOF,EUR_TCO2E_GT120,Above EUR 120 per tonne of CO2e,0
GBR,2018,OFFROAD,Off-road transport,FFUEL,EUR_TCO2E_GT120,Above EUR 120 per tonne of CO2e,0
AUT,2012,AGRIFISH,Agriculture & fisheries,FFUEL_BIOF,EUR_TCO2E_GT120,Above EUR 120 per tonne of CO2e,0
AUT,2012,AGRIFISH,Agriculture & fisheries,FFUEL,EUR_TCO2E_GT120,Above EUR 120 per tonne of CO2e,0
AUT,2015,AGRIFISH,Agriculture & fisheries,FFUEL,EUR_TCO2E_GT120,Above EUR 120 per tonne of CO2e,0
AUT,2015,AGRIFISH,Agriculture & fisheries,FFUEL_BIOF,EUR_TCO2E_GT120,Above EUR 120 per tonne of CO2e,0
BEL,2012,AGRIFISH,Agriculture & fisheries,FFUEL,EUR_TCO2E_GT120,Above EUR 120 per tonne of CO2e,0
BEL,2012,AGRIFISH,Agriculture & fisheries,FFUEL_BIOF,EUR_TCO2E_GT120,Above EUR 120 per tonne of CO2e,0
BEL,2015,AGRIFISH,Agriculture & fisheries,FFUEL_BIOF,EUR_TCO2E_GT120,Above EUR 120 per tonne of CO2e,0
BEL,2015,AGRIFISH,Agriculture & fisheries,FFUEL,EUR_TCO2E_GT120,Above EUR 120 per tonne of CO2e,0
BEL,2018,AGRIFISH,Agriculture & fisheries,FFUEL_BIOF,EUR_TCO2E_GT120,Above EUR 120 per tonne of CO2e,0
BEL,2018,AGRIFISH,Agriculture & fisheries,FFUEL,EUR_TCO2E_GT120,Above EUR 120 per tonne of CO2e,0
FRA,2012,AGRIFISH,Agriculture & fisheries,FFUEL_BIOF,EUR_TCO2E_GT120,Above EUR 120 per tonne of CO2e,0
FRA,2012,AGRIFISH,Agriculture & fisheries,FFUEL,EUR_TCO2E_GT120,Above EUR 120 per tonne of CO2e,0
DEU,2012,AGRIFISH,Agriculture & fisheries,FFUEL,EUR_TCO2E_GT120,Above EUR 120 per tonne of CO2e,0
DEU,2012,AGRIFISH,Agriculture & fisheries,FFUEL_BIOF,EUR_TCO2E_GT120,Above EUR 120 per tonne of CO2e,0
DEU,2015,AGRIFISH,Agriculture & fisheries,FFUEL_BIOF,EUR_TCO2E_GT120,Above EUR 120 per tonne of CO2e,0
DEU,2015,AGRIFISH,Agriculture & fisheries,FFUEL,EUR_TCO2E_GT120,Above EUR 120 per tonne of CO2e,0
NLD,2012,AGRIFISH,Agriculture & fisheries,FFUEL_BIOF,EUR_TCO2E_GT120,Above EUR 120 per tonne of CO2e,0
NLD,2012,AGRIFISH,Agriculture & fisheries,FFUEL,EUR_TCO2E_GT120,Above EUR 120 per tonne of CO2e,0
POL,2015,AGRIFISH,Agriculture & fisheries,FFUEL_BIOF,EUR_TCO2E_GT120,Above EUR 120 per tonne of CO2e,0
POL,2015,AGRIFISH,Agriculture & fisheries,FFUEL,EUR_TCO2E_GT120,Above EUR 120 per tonne of CO2e,0
ESP,2012,AGRIFISH,Agriculture & fisheries,FFUEL,EUR_TCO2E_GT120,Above EUR 120 per tonne of CO2e,0
ESP,2012,AGRIFISH,Agriculture & fisheries,FFUEL_BIOF,EUR_TCO2E_GT120,Above EUR 120 per tonne of CO2e,0
SWE,2015,AGRIFISH,Agriculture & fisheries,FFUEL_BIOF,EUR_TCO2E_GT120,Above EUR 120 per tonne of CO2e,0
SWE,2015,AGRIFISH,Agriculture & fisheries,FFUEL,EUR_TCO2E_GT120,Above EUR 120 per tonne of CO2e,0
SWE,2018,AGRIFISH,Agriculture & fisheries,FFUEL_BIOF,EUR_TCO2E_GT120,Above EUR 120 per tonne of CO2e,0
SWE,2018,AGRIFISH,Agriculture & fisheries,FFUEL,EUR_TCO2E_GT120,Above EUR 120 per tonne of CO2e,0
GBR,2012,AGRIFISH,Agriculture & fisheries,FFUEL,EUR_TCO2E_GT120,Above EUR 120 per tonne of CO2e,0
GBR,2012,AGRIFISH,Agriculture & fisheries,FFUEL_BIOF,EUR_TCO2E_GT120,Above EUR 120 per tonne of CO2e,0
GBR,2015,AGRIFISH,Agriculture & fisheries,FFUEL_BIOF,EUR_TCO2E_GT120,Above EUR 120 per tonne of CO2e,0
GBR,2015,AGRIFISH,Agriculture & fisheries,FFUEL,EUR_TCO2E_GT120,Above EUR 120 per tonne of CO2e,0
GBR,2018,AGRIFISH,Agriculture & fisheries,FFUEL,EUR_TCO2E_GT120,Above EUR 120 per tonne of CO2e,0
GBR,2018,AGRIFISH,Agriculture & fisheries,FFUEL_BIOF,EUR_TCO2E_GT120,Above EUR 120 per tonne of CO2e,0
AUT,2012,ELEC,Electricity,FFUEL,EUR_TCO2E_GT120,Above EUR 120 per tonne of CO2e,0
AUT,2012,ELEC,Electricity,FFUEL_BIOF,EUR_TCO2E_GT120,Above EUR 120 per tonne of CO2e,0
BEL,2012,ELEC,Electricity,FFUEL,EUR_TCO2E_GT120,Above EUR 120 per tonne of CO2e,0
BEL,2012,ELEC,Electricity,FFUEL_BIOF,EUR_TCO2E_GT120,Above EUR 120 per tonne of CO2e,0
DNK,2012,ELEC,Electricity,FFUEL,EUR_TCO2E_GT120,Above EUR 120 per tonne of CO2e,0
DNK,2012,ELEC,Electricity,FFUEL_BIOF,EUR_TCO2E_GT120,Above EUR 120 per tonne of CO2e,0
FRA,2012,ELEC,Electricity,FFUEL,EUR_TCO2E_GT120,Above EUR 120 per tonne of CO2e,0
FRA,2012,ELEC,Electricity,FFUEL_BIOF,EUR_TCO2E_GT120,Above EUR 120 per tonne of CO2e,0
DEU,2012,ELEC,Electricity,FFUEL_BIOF,EUR_TCO2E_GT120,Above EUR 120 per tonne of CO2e,0
DEU,2012,ELEC,Electricity,FFUEL,EUR_TCO2E_GT120,Above EUR 120 per tonne of CO2e,0
ITA,2012,ELEC,Electricity,FFUEL_BIOF,EUR_TCO2E_GT120,Above EUR 120 per tonne of CO2e,0
ITA,2012,ELEC,Electricity,FFUEL,EUR_TCO2E_GT120,Above EUR 120 per tonne of CO2e,0
NLD,2012,ELEC,Electricity,FFUEL_BIOF,EUR_TCO2E_GT120,Above EUR 120 per tonne of CO2e,0
NLD,2012,ELEC,Electricity,FFUEL,EUR_TCO2E_GT120,Above EUR 120 per tonne of CO2e,0
POL,2012,ELEC,Electricity,FFUEL_BIOF,EUR_TCO2E_GT120,Above EUR 120 per tonne of CO2e,0
POL,2012,ELEC,Electricity,FFUEL,EUR_TCO2E_GT120,Above EUR 120 per tonne of CO2e,0
ESP,2012,ELEC,Electricity,FFUEL,EUR_TCO2E_GT120,Above EUR 120 per tonne of CO2e,0
ESP,2012,ELEC,Electricity,FFUEL_BIOF,EUR_TCO2E_GT120,Above EUR 120 per tonne of CO2e,0
SWE,2012,ELEC,Electricity,FFUEL_BIOF,EUR_TCO2E_GT120,Above EUR 120 per tonne of CO2e,0
SWE,2012,ELEC,Electricity,FFUEL,EUR_TCO2E_GT120,Above EUR 120 per tonne of CO2e,0
GBR,2012,ELEC,Electricity,FFUEL_BIOF,EUR_TCO2E_GT120,Above EUR 120 per tonne of CO2e,0
GBR,2012,ELEC,Electricity,FFUEL,EUR_TCO2E_GT120,Above EUR 120 per tonne of CO2e,0
AUT,2015,ELEC,Electricity,FFUEL_BIOF,EUR_TCO2E_GT120,Above EUR 120 per tonne of CO2e,0
AUT,2015,ELEC,Electricity,FFUEL,EUR_TCO2E_GT120,Above EUR 120 per tonne of CO2e,0
BEL,2015,ELEC,Electricity,FFUEL_BIOF,EUR_TCO2E_GT120,Above EUR 120 per tonne of CO2e,0
BEL,2015,ELEC,Electricity,FFUEL,EUR_TCO2E_GT120,Above EUR 120 per tonne of CO2e,0
DNK,2015,ELEC,Electricity,FFUEL_BIOF,EUR_TCO2E_GT120,Above EUR 120 per tonne of CO2e,0
DNK,2015,ELEC,Electricity,FFUEL,EUR_TCO2E_GT120,Above EUR 120 per tonne of CO2e,0
FRA,2015,ELEC,Electricity,FFUEL,EUR_TCO2E_GT120,Above EUR 120 per tonne of CO2e,0
FRA,2015,ELEC,Electricity,FFUEL_BIOF,EUR_TCO2E_GT120,Above EUR 120 per tonne of CO2e,0
DEU,2015,ELEC,Electricity,FFUEL,EUR_TCO2E_GT120,Above EUR 120 per tonne of CO2e,0
DEU,2015,ELEC,Electricity,FFUEL_BIOF,EUR_TCO2E_GT120,Above EUR 120 per tonne of CO2e,0
ITA,2015,ELEC,Electricity,FFUEL_BIOF,EUR_TCO2E_GT120,Above EUR 120 per tonne of CO2e,0
ITA,2015,ELEC,Electricity,FFUEL,EUR_TCO2E_GT120,Above EUR 120 per tonne of CO2e,0
NLD,2015,ELEC,Electricity,FFUEL_BIOF,EUR_TCO2E_GT120,Above EUR 120 per tonne of CO2e,0
NLD,2015,ELEC,Electricity,FFUEL,EUR_TCO2E_GT120,Above EUR 120 per tonne of CO2e,0
POL,2015,ELEC,Electricity,FFUEL,EUR_TCO2E_GT120,Above EUR 120 per tonne of CO2e,0
POL,2015,ELEC,Electricity,FFUEL_BIOF,EUR_TCO2E_GT120,Above EUR 120 per tonne of CO2e,0
ESP,2015,ELEC,Electricity,FFUEL_BIOF,EUR_TCO2E_GT120,Above EUR 120 per tonne of CO2e,0
ESP,2015,ELEC,Electricity,FFUEL,EUR_TCO2E_GT120,Above EUR 120 per tonne of CO2e,0
SWE,2015,ELEC,Electricity,FFUEL,EUR_TCO2E_GT120,Above EUR 120 per tonne of CO2e,0
SWE,2015,ELEC,Electricity,FFUEL_BIOF,EUR_TCO2E_GT120,Above EUR 120 per tonne of CO2e,0
GBR,2015,ELEC,Electricity,FFUEL,EUR_TCO2E_GT120,Above EUR 120 per tonne of CO2e,0
GBR,2015,ELEC,Electricity,FFUEL_BIOF,EUR_TCO2E_GT120,Above EUR 120 per tonne of CO2e,0
AUT,2018,ELEC,Electricity,FFUEL,EUR_TCO2E_GT120,Above EUR 120 per tonne of CO2e,0
AUT,2018,ELEC,Electricity,FFUEL_BIOF,EUR_TCO2E_GT120,Above EUR 120 per tonne of CO2e,0
BEL,2018,ELEC,Electricity,FFUEL,EUR_TCO2E_GT120,Above EUR 120 per tonne of CO2e,0
BEL,2018,ELEC,Electricity,FFUEL_BIOF,EUR_TCO2E_GT120,Above EUR 120 per tonne of CO2e,0
DNK,2018,ELEC,Electricity,FFUEL,EUR_TCO2E_GT120,Above EUR 120 per tonne of CO2e,0
DNK,2018,ELEC,Electricity,FFUEL_BIOF,EUR_TCO2E_GT120,Above EUR 120 per tonne of CO2e,0
FRA,2018,ELEC,Electricity,FFUEL_BIOF,EUR_TCO2E_GT120,Above EUR 120 per tonne of CO2e,0
FRA,2018,ELEC,Electricity,FFUEL,EUR_TCO2E_GT120,Above EUR 120 per tonne of CO2e,0
DEU,2018,ELEC,Electricity,FFUEL_BIOF,EUR_TCO2E_GT120,Above EUR 120 per tonne of CO2e,0
DEU,2018,ELEC,Electricity,FFUEL,EUR_TCO2E_GT120,Above EUR 120 per tonne of CO2e,0
ITA,2018,ELEC,Electricity,FFUEL,EUR_TCO2E_GT120,Above EUR 120 per tonne of CO2e,0
ITA,2018,ELEC,Electricity,FFUEL_BIOF,EUR_TCO2E_GT120,Above EUR 120 per tonne of CO2e,0
NLD,2018,ELEC,Electricity,FFUEL_BIOF,EUR_TCO2E_GT120,Above EUR 120 per tonne of CO2e,0
NLD,2018,ELEC,Electricity,FFUEL,EUR_TCO2E_GT120,Above EUR 120 per tonne of CO2e,0
POL,2018,ELEC,Electricity,FFUEL_BIOF,EUR_TCO2E_GT120,Above EUR 120 per tonne of CO2e,0
POL,2018,ELEC,Electricity,FFUEL,EUR_TCO2E_GT120,Above EUR 120 per tonne of CO2e,0
ESP,2018,ELEC,Electricity,FFUEL_BIOF,EUR_TCO2E_GT120,Above EUR 120 per tonne of CO2e,0
ESP,2018,ELEC,Electricity,FFUEL,EUR_TCO2E_GT120,Above EUR 120 per tonne of CO2e,0
SWE,2018,ELEC,Electricity,FFUEL_BIOF,EUR_TCO2E_GT120,Above EUR 120 per tonne of CO2e,0
SWE,2018,ELEC,Electricity,FFUEL,EUR_TCO2E_GT120,Above EUR 120 per tonne of CO2e,0
GBR,2018,ELEC,Electricity,FFUEL_BIOF,EUR_TCO2E_GT120,Above EUR 120 per tonne of CO2e,0
GBR,2018,ELEC,Electricity,FFUEL,EUR_TCO2E_GT120,Above EUR 120 per tonne of CO2e,0
AUT,2018,ELEC,Electricity,FFUEL_BIOF,EUR_TCO2E_GT90,Above EUR 90 per tonne of CO2e,0
AUT,2018,ELEC,Electricity,FFUEL,EUR_TCO2E_GT90,Above EUR 90 per tonne of CO2e,0
BEL,2018,ELEC,Electricity,FFUEL,EUR_TCO2E_GT90,Above EUR 90 per tonne of CO2e,0
BEL,2018,ELEC,Electricity,FFUEL_BIOF,EUR_TCO2E_GT90,Above EUR 90 per tonne of CO2e,0
DNK,2018,ELEC,Electricity,FFUEL,EUR_TCO2E_GT90,Above EUR 90 per tonne of CO2e,0
DNK,2018,ELEC,Electricity,FFUEL_BIOF,EUR_TCO2E_GT90,Above EUR 90 per tonne of CO2e,0
FRA,2018,ELEC,Electricity,FFUEL_BIOF,EUR_TCO2E_GT90,Above EUR 90 per tonne of CO2e,0
FRA,2018,ELEC,Electricity,FFUEL,EUR_TCO2E_GT90,Above EUR 90 per tonne of CO2e,0
DEU,2018,ELEC,Electricity,FFUEL,EUR_TCO2E_GT90,Above EUR 90 per tonne of CO2e,0
DEU,2018,ELEC,Electricity,FFUEL_BIOF,EUR_TCO2E_GT90,Above EUR 90 per tonne of CO2e,0
ITA,2018,ELEC,Electricity,FFUEL_BIOF,EUR_TCO2E_GT90,Above EUR 90 per tonne of CO2e,0
ITA,2018,ELEC,Electricity,FFUEL,EUR_TCO2E_GT90,Above EUR 90 per tonne of CO2e,0
NLD,2018,ELEC,Electricity,FFUEL_BIOF,EUR_TCO2E_GT90,Above EUR 90 per tonne of CO2e,0
NLD,2018,ELEC,Electricity,FFUEL,EUR_TCO2E_GT90,Above EUR 90 per tonne of CO2e,0
POL,2018,ELEC,Electricity,FFUEL,EUR_TCO2E_GT90,Above EUR 90 per tonne of CO2e,0
POL,2018,ELEC,Electricity,FFUEL_BIOF,EUR_TCO2E_GT90,Above EUR 90 per tonne of CO2e,0
ESP,2018,ELEC,Electricity,FFUEL_BIOF,EUR_TCO2E_GT90,Above EUR 90 per tonne of CO2e,0
ESP,2018,ELEC,Electricity,FFUEL,EUR_TCO2E_GT90,Above EUR 90 per tonne of CO2e,0
SWE,2018,ELEC,Electricity,FFUEL_BIOF,EUR_TCO2E_GT90,Above EUR 90 per tonne of CO2e,0
SWE,2018,ELEC,Electricity,FFUEL,EUR_TCO2E_GT90,Above EUR 90 per tonne of CO2e,0
GBR,2018,ELEC,Electricity,FFUEL,EUR_TCO2E_GT90,Above EUR 90 per tonne of CO2e,0
GBR,2018,ELEC,Electricity,FFUEL_BIOF,EUR_TCO2E_GT90,Above EUR 90 per tonne of CO2e,0
AUT,2015,ELEC,Electricity,FFUEL,EUR_TCO2E_GT90,Above EUR 90 per tonne of CO2e,0
AUT,2015,ELEC,Electricity,FFUEL_BIOF,EUR_TCO2E_GT90,Above EUR 90 per tonne of CO2e,0
BEL,2015,ELEC,Electricity,FFUEL,EUR_TCO2E_GT90,Above EUR 90 per tonne of CO2e,0
BEL,2015,ELEC,Electricity,FFUEL_BIOF,EUR_TCO2E_GT90,Above EUR 90 per tonne of CO2e,0
DNK,2015,ELEC,Electricity,FFUEL_BIOF,EUR_TCO2E_GT90,Above EUR 90 per tonne of CO2e,0
DNK,2015,ELEC,Electricity,FFUEL,EUR_TCO2E_GT90,Above EUR 90 per tonne of CO2e,0
FRA,2015,ELEC,Electricity,FFUEL,EUR_TCO2E_GT90,Above EUR 90 per tonne of CO2e,0
FRA,2015,ELEC,Electricity,FFUEL_BIOF,EUR_TCO2E_GT90,Above EUR 90 per tonne of CO2e,0
DEU,2015,ELEC,Electricity,FFUEL_BIOF,EUR_TCO2E_GT90,Above EUR 90 per tonne of CO2e,0
DEU,2015,ELEC,Electricity,FFUEL,EUR_TCO2E_GT90,Above EUR 90 per tonne of CO2e,0
ITA,2015,ELEC,Electricity,FFUEL,EUR_TCO2E_GT90,Above EUR 90 per tonne of CO2e,0
ITA,2015,ELEC,Electricity,FFUEL_BIOF,EUR_TCO2E_GT90,Above EUR 90 per tonne of CO2e,0
NLD,2015,ELEC,Electricity,FFUEL_BIOF,EUR_TCO2E_GT90,Above EUR 90 per tonne of CO2e,0
NLD,2015,ELEC,Electricity,FFUEL,EUR_TCO2E_GT90,Above EUR 90 per tonne of CO2e,0
POL,2015,ELEC,Electricity,FFUEL_BIOF,EUR_TCO2E_GT90,Above EUR 90 per tonne of CO2e,0
POL,2015,ELEC,Electricity,FFUEL,EUR_TCO2E_GT90,Above EUR 90 per tonne of CO2e,0
ESP,2015,ELEC,Electricity,FFUEL,EUR_TCO2E_GT90,Above EUR 90 per tonne of CO2e,0
ESP,2015,ELEC,Electricity,FFUEL_BIOF,EUR_TCO2E_GT90,Above EUR 90 per tonne of CO2e,0
SWE,2015,ELEC,Electricity,FFUEL,EUR_TCO2E_GT90,Above EUR 90 per tonne of CO2e,0
SWE,2015,ELEC,Electricity,FFUEL_BIOF,EUR_TCO2E_GT90,Above EUR 90 per tonne of CO2e,0
GBR,2015,ELEC,Electricity,FFUEL,EUR_TCO2E_GT90,Above EUR 90 per tonne of CO2e,0
GBR,2015,ELEC,Electricity,FFUEL_BIOF,EUR_TCO2E_GT90,Above EUR 90 per tonne of CO2e,0
AUT,2012,ELEC,Electricity,FFUEL,EUR_TCO2E_GT90,Above EUR 90 per tonne of CO2e,0
AUT,2012,ELEC,Electricity,FFUEL_BIOF,EUR_TCO2E_GT90,Above EUR 90 per tonne of CO2e,0
BEL,2012,ELEC,Electricity,FFUEL,EUR_TCO2E_GT90,Above EUR 90 per tonne of CO2e,0
BEL,2012,ELEC,Electricity,FFUEL_BIOF,EUR_TCO2E_GT90,Above EUR 90 per tonne of CO2e,0
DNK,2012,ELEC,Electricity,FFUEL,EUR_TCO2E_GT90,Above EUR 90 per tonne of CO2e,0
DNK,2012,ELEC,Electricity,FFUEL_BIOF,EUR_TCO2E_GT90,Above EUR 90 per tonne of CO2e,0
FRA,2012,ELEC,Electricity,FFUEL_BIOF,EUR_TCO2E_GT90,Above EUR 90 per tonne of CO2e,0
FRA,2012,ELEC,Electricity,FFUEL,EUR_TCO2E_GT90,Above EUR 90 per tonne of CO2e,0
DEU,2012,ELEC,Electricity,FFUEL,EUR_TCO2E_GT90,Above EUR 90 per tonne of CO2e,0
DEU,2012,ELEC,Electricity,FFUEL_BIOF,EUR_TCO2E_GT90,Above EUR 90 per tonne of CO2e,0
ITA,2012,ELEC,Electricity,FFUEL_BIOF,EUR_TCO2E_GT90,Above EUR 90 per tonne of CO2e,0
ITA,2012,ELEC,Electricity,FFUEL,EUR_TCO2E_GT90,Above EUR 90 per tonne of CO2e,0
NLD,2012,ELEC,Electricity,FFUEL_BIOF,EUR_TCO2E_GT90,Above EUR 90 per tonne of CO2e,0
NLD,2012,ELEC,Electricity,FFUEL,EUR_TCO2E_GT90,Above EUR 90 per tonne of CO2e,0
POL,2012,ELEC,Electricity,FFUEL,EUR_TCO2E_GT90,Above EUR 90 per tonne of CO2e,0
POL,2012,ELEC,Electricity,FFUEL_BIOF,EUR_TCO2E_GT90,Above EUR 90 per tonne of CO2e,0
ESP,2012,ELEC,Electricity,FFUEL_BIOF,EUR_TCO2E_GT90,Above EUR 90 per tonne of CO2e,0
ESP,2012,ELEC,Electricity,FFUEL,EUR_TCO2E_GT90,Above EUR 90 per tonne of CO2e,0
SWE,2012,ELEC,Electricity,FFUEL_BIOF,EUR_TCO2E_GT90,Above EUR 90 per tonne of CO2e,0
SWE,2012,ELEC,Electricity,FFUEL,EUR_TCO2E_GT90,Above EUR 90 per tonne of CO2e,0
GBR,2012,ELEC,Electricity,FFUEL,EUR_TCO2E_GT90,Above EUR 90 per tonne of CO2e,0
GBR,2012,ELEC,Electricity,FFUEL_BIOF,EUR_TCO2E_GT90,Above EUR 90 per tonne of CO2e,0
AUT,2012,AGRIFISH,Agriculture & fisheries,FFUEL,EUR_TCO2E_GT90,Above EUR 90 per tonne of CO2e,0
AUT,2012,AGRIFISH,Agriculture & fisheries,FFUEL_BIOF,EUR_TCO2E_GT90,Above EUR 90 per tonne of CO2e,0
AUT,2015,AGRIFISH,Agriculture & fisheries,FFUEL_BIOF,EUR_TCO2E_GT90,Above EUR 90 per tonne of CO2e,0
AUT,2015,AGRIFISH,Agriculture & fisheries,FFUEL,EUR_TCO2E_GT90,Above EUR 90 per tonne of CO2e,0
BEL,2012,AGRIFISH,Agriculture & fisheries,FFUEL_BIOF,EUR_TCO2E_GT90,Above EUR 90 per tonne of CO2e,0
BEL,2012,AGRIFISH,Agriculture & fisheries,FFUEL,EUR_TCO2E_GT90,Above EUR 90 per tonne of CO2e,0
BEL,2015,AGRIFISH,Agriculture & fisheries,FFUEL_BIOF,EUR_TCO2E_GT90,Above EUR 90 per tonne of CO2e,0
BEL,2015,AGRIFISH,Agriculture & fisheries,FFUEL,EUR_TCO2E_GT90,Above EUR 90 per tonne of CO2e,0
BEL,2018,AGRIFISH,Agriculture & fisheries,FFUEL_BIOF,EUR_TCO2E_GT90,Above EUR 90 per tonne of CO2e,0
BEL,2018,AGRIFISH,Agriculture & fisheries,FFUEL,EUR_TCO2E_GT90,Above EUR 90 per tonne of CO2e,0
FRA,2012,AGRIFISH,Agriculture & fisheries,FFUEL_BIOF,EUR_TCO2E_GT90,Above EUR 90 per tonne of CO2e,0
FRA,2012,AGRIFISH,Agriculture & fisheries,FFUEL,EUR_TCO2E_GT90,Above EUR 90 per tonne of CO2e,0
DEU,2012,AGRIFISH,Agriculture & fisheries,FFUEL,EUR_TCO2E_GT90,Above EUR 90 per tonne of CO2e,0
DEU,2012,AGRIFISH,Agriculture & fisheries,FFUEL_BIOF,EUR_TCO2E_GT90,Above EUR 90 per tonne of CO2e,0
DEU,2015,AGRIFISH,Agriculture & fisheries,FFUEL_BIOF,EUR_TCO2E_GT90,Above EUR 90 per tonne of CO2e,0
DEU,2015,AGRIFISH,Agriculture & fisheries,FFUEL,EUR_TCO2E_GT90,Above EUR 90 per tonne of CO2e,0
POL,2015,AGRIFISH,Agriculture & fisheries,FFUEL_BIOF,EUR_TCO2E_GT90,Above EUR 90 per tonne of CO2e,0
POL,2015,AGRIFISH,Agriculture & fisheries,FFUEL,EUR_TCO2E_GT90,Above EUR 90 per tonne of CO2e,0
ESP,2012,AGRIFISH,Agriculture & fisheries,FFUEL_BIOF,EUR_TCO2E_GT90,Above EUR 90 per tonne of CO2e,0
ESP,2012,AGRIFISH,Agriculture & fisheries,FFUEL,EUR_TCO2E_GT90,Above EUR 90 per tonne of CO2e,0
GBR,2012,AGRIFISH,Agriculture & fisheries,FFUEL_BIOF,EUR_TCO2E_GT90,Above EUR 90 per tonne of CO2e,0
GBR,2012,AGRIFISH,Agriculture & fisheries,FFUEL,EUR_TCO2E_GT90,Above EUR 90 per tonne of CO2e,0
GBR,2015,AGRIFISH,Agriculture & fisheries,FFUEL,EUR_TCO2E_GT90,Above EUR 90 per tonne of CO2e,0
GBR,2015,AGRIFISH,Agriculture & fisheries,FFUEL_BIOF,EUR_TCO2E_GT90,Above EUR 90 per tonne of CO2e,0
GBR,2018,AGRIFISH,Agriculture & fisheries,FFUEL_BIOF,EUR_TCO2E_GT90,Above EUR 90 per tonne of CO2e,0
GBR,2018,AGRIFISH,Agriculture & fisheries,FFUEL,EUR_TCO2E_GT90,Above EUR 90 per tonne of CO2e,0
BEL,2012,OFFROAD,Off-road transport,FFUEL_BIOF,EUR_TCO2E_GT90,Above EUR 90 per tonne of CO2e,0
BEL,2012,OFFROAD,Off-road transport,FFUEL,EUR_TCO2E_GT90,Above EUR 90 per tonne of CO2e,0
BEL,2015,OFFROAD,Off-road transport,FFUEL,EUR_TCO2E_GT90,Above EUR 90 per tonne of CO2e,0
BEL,2015,OFFROAD,Off-road transport,FFUEL_BIOF,EUR_TCO2E_GT90,Above EUR 90 per tonne of CO2e,0
FRA,2012,OFFROAD,Off-road transport,FFUEL,EUR_TCO2E_GT90,Above EUR 90 per tonne of CO2e,0
FRA,2012,OFFROAD,Off-road transport,FFUEL_BIOF,EUR_TCO2E_GT90,Above EUR 90 per tonne of CO2e,0
FRA,2015,OFFROAD,Off-road transport,FFUEL_BIOF,EUR_TCO2E_GT90,Above EUR 90 per tonne of CO2e,0
FRA,2015,OFFROAD,Off-road transport,FFUEL,EUR_TCO2E_GT90,Above EUR 90 per tonne of CO2e,0
FRA,2018,OFFROAD,Off-road transport,FFUEL,EUR_TCO2E_GT90,Above EUR 90 per tonne of CO2e,0
FRA,2018,OFFROAD,Off-road transport,FFUEL_BIOF,EUR_TCO2E_GT90,Above EUR 90 per tonne of CO2e,0
ITA,2012,OFFROAD,Off-road transport,FFUEL,EUR_TCO2E_GT90,Above EUR 90 per tonne of CO2e,0
ITA,2012,OFFROAD,Off-road transport,FFUEL_BIOF,EUR_TCO2E_GT90,Above EUR 90 per tonne of CO2e,0
ITA,2015,OFFROAD,Off-road transport,FFUEL_BIOF,EUR_TCO2E_GT90,Above EUR 90 per tonne of CO2e,0
ITA,2015,OFFROAD,Off-road transport,FFUEL,EUR_TCO2E_GT90,Above EUR 90 per tonne of CO2e,0
ITA,2018,OFFROAD,Off-road transport,FFUEL_BIOF,EUR_TCO2E_GT90,Above EUR 90 per tonne of CO2e,0
ITA,2018,OFFROAD,Off-road transport,FFUEL,EUR_TCO2E_GT90,Above EUR 90 per tonne of CO2e,0
SWE,2012,OFFROAD,Off-road transport,FFUEL,EUR_TCO2E_GT90,Above EUR 90 per tonne of CO2e,0
SWE,2012,OFFROAD,Off-road transport,FFUEL_BIOF,EUR_TCO2E_GT90,Above EUR 90 per tonne of CO2e,0
SWE,2015,OFFROAD,Off-road transport,FFUEL,EUR_TCO2E_GT90,Above EUR 90 per tonne of CO2e,0
SWE,2015,OFFROAD,Off-road transport,FFUEL_BIOF,EUR_TCO2E_GT90,Above EUR 90 per tonne of CO2e,0
SWE,2018,OFFROAD,Off-road transport,FFUEL_BIOF,EUR_TCO2E_GT90,Above EUR 90 per tonne of CO2e,0
SWE,2018,OFFROAD,Off-road transport,FFUEL,EUR_TCO2E_GT90,Above EUR 90 per tonne of CO2e,0
GBR,2018,OFFROAD,Off-road transport,FFUEL_BIOF,EUR_TCO2E_GT90,Above EUR 90 per tonne of CO2e,0
GBR,2018,OFFROAD,Off-road transport,FFUEL,EUR_TCO2E_GT90,Above EUR 90 per tonne of CO2e,0
BEL,2012,INDUSTRY,Industry,FFUEL_BIOF,EUR_TCO2E_GT90,Above EUR 90 per tonne of CO2e,0
BEL,2012,INDUSTRY,Industry,FFUEL,EUR_TCO2E_GT90,Above EUR 90 per tonne of CO2e,0
BEL,2015,INDUSTRY,Industry,FFUEL,EUR_TCO2E_GT90,Above EUR 90 per tonne of CO2e,0
BEL,2015,INDUSTRY,Industry,FFUEL_BIOF,EUR_TCO2E_GT90,Above EUR 90 per tonne of CO2e,0
FRA,2012,INDUSTRY,Industry,FFUEL,EUR_TCO2E_GT90,Above EUR 90 per tonne of CO2e,0
FRA,2012,INDUSTRY,Industry,FFUEL_BIOF,EUR_TCO2E_GT90,Above EUR 90 per tonne of CO2e,0
FRA,2015,INDUSTRY,Industry,FFUEL_BIOF,EUR_TCO2E_GT90,Above EUR 90 per tonne of CO2e,0
FRA,2015,INDUSTRY,Industry,FFUEL,EUR_TCO2E_GT90,Above EUR 90 per tonne of CO2e,0
FRA,2018,INDUSTRY,Industry,FFUEL,EUR_TCO2E_GT90,Above EUR 90 per tonne of CO2e,0
FRA,2018,INDUSTRY,Industry,FFUEL_BIOF,EUR_TCO2E_GT90,Above EUR 90 per tonne of CO2e,0
DEU,2012,INDUSTRY,Industry,FFUEL_BIOF,EUR_TCO2E_GT90,Above EUR 90 per tonne of CO2e,0
DEU,2012,INDUSTRY,Industry,FFUEL,EUR_TCO2E_GT90,Above EUR 90 per tonne of CO2e,0
DEU,2015,INDUSTRY,Industry,FFUEL,EUR_TCO2E_GT90,Above EUR 90 per tonne of CO2e,0
DEU,2015,INDUSTRY,Industry,FFUEL_BIOF,EUR_TCO2E_GT90,Above EUR 90 per tonne of CO2e,0
ESP,2012,INDUSTRY,Industry,FFUEL_BIOF,EUR_TCO2E_GT90,Above EUR 90 per tonne of CO2e,0
ESP,2012,INDUSTRY,Industry,FFUEL,EUR_TCO2E_GT90,Above EUR 90 per tonne of CO2e,0
SWE,2012,INDUSTRY,Industry,FFUEL,EUR_TCO2E_GT90,Above EUR 90 per tonne of CO2e,0
SWE,2012,INDUSTRY,Industry,FFUEL_BIOF,EUR_TCO2E_GT90,Above EUR 90 per tonne of CO2e,0
GBR,2012,INDUSTRY,Industry,FFUEL_BIOF,EUR_TCO2E_GT90,Above EUR 90 per tonne of CO2e,0
GBR,2012,INDUSTRY,Industry,FFUEL,EUR_TCO2E_GT90,Above EUR 90 per tonne of CO2e,0
GBR,2015,INDUSTRY,Industry,FFUEL,EUR_TCO2E_GT90,Above EUR 90 per tonne of CO2e,0
GBR,2015,INDUSTRY,Industry,FFUEL_BIOF,EUR_TCO2E_GT90,Above EUR 90 per tonne of CO2e,0
GBR,2018,INDUSTRY,Industry,FFUEL_BIOF,EUR_TCO2E_GT90,Above EUR 90 per tonne of CO2e,0
GBR,2018,INDUSTRY,Industry,FFUEL,EUR_TCO2E_GT90,Above EUR 90 per tonne of CO2e,0
AUT,2012,RESCOM,Buildings,FFUEL_BIOF,EUR_TCO2E_GT90,Above EUR 90 per tonne of CO2e,0
AUT,2012,RESCOM,Buildings,FFUEL,EUR_TCO2E_GT90,Above EUR 90 per tonne of CO2e,0
AUT,2015,RESCOM,Buildings,FFUEL_BIOF,EUR_TCO2E_GT90,Above EUR 90 per tonne of CO2e,0
AUT,2015,RESCOM,Buildings,FFUEL,EUR_TCO2E_GT90,Above EUR 90 per tonne of CO2e,0
BEL,2012,RESCOM,Buildings,FFUEL_BIOF,EUR_TCO2E_GT90,Above EUR 90 per tonne of CO2e,0
BEL,2012,RESCOM,Buildings,FFUEL,EUR_TCO2E_GT90,Above EUR 90 per tonne of CO2e,0
BEL,2015,RESCOM,Buildings,FFUEL_BIOF,EUR_TCO2E_GT90,Above EUR 90 per tonne of CO2e,0
BEL,2015,RESCOM,Buildings,FFUEL,EUR_TCO2E_GT90,Above EUR 90 per tonne of CO2e,0
POL,2012,RESCOM,Buildings,FFUEL,EUR_TCO2E_GT90,Above EUR 90 per tonne of CO2e,0
POL,2012,RESCOM,Buildings,FFUEL_BIOF,EUR_TCO2E_GT90,Above EUR 90 per tonne of CO2e,0
POL,2015,RESCOM,Buildings,FFUEL,EUR_TCO2E_GT90,Above EUR 90 per tonne of CO2e,0
POL,2015,RESCOM,Buildings,FFUEL_BIOF,EUR_TCO2E_GT90,Above EUR 90 per tonne of CO2e,0
POL,2018,RESCOM,Buildings,FFUEL_BIOF,EUR_TCO2E_GT90,Above EUR 90 per tonne of CO2e,0
POL,2018,RESCOM,Buildings,FFUEL,EUR_TCO2E_GT90,Above EUR 90 per tonne of CO2e,0
ESP,2012,RESCOM,Buildings,FFUEL_BIOF,EUR_TCO2E_GT90,Above EUR 90 per tonne of CO2e,0
ESP,2012,RESCOM,Buildings,FFUEL,EUR_TCO2E_GT90,Above EUR 90 per tonne of CO2e,0
GBR,2012,RESCOM,Buildings,FFUEL,EUR_TCO2E_GT90,Above EUR 90 per tonne of CO2e,0
GBR,2012,RESCOM,Buildings,FFUEL_BIOF,EUR_TCO2E_GT90,Above EUR 90 per tonne of CO2e,0
GBR,2015,RESCOM,Buildings,FFUEL,EUR_TCO2E_GT90,Above EUR 90 per tonne of CO2e,0
GBR,2015,RESCOM,Buildings,FFUEL_BIOF,EUR_TCO2E_GT90,Above EUR 90 per tonne of CO2e,0
GBR,2018,RESCOM,Buildings,FFUEL,EUR_TCO2E_GT90,Above EUR 90 per tonne of CO2e,0
GBR,2018,RESCOM,Buildings,FFUEL_BIOF,EUR_TCO2E_GT90,Above EUR 90 per tonne of CO2e,0
POL,2021,RESCOM,Buildings,FFUEL,EUR_TCO2E_GT90,Above EUR 90 per tonne of CO2e,0
POL,2021,RESCOM,Buildings,FFUEL_BIOF,EUR_TCO2E_GT90,Above EUR 90 per tonne of CO2e,0
DNK,2021,OFFROAD,Off-road transport,FFUEL,EUR_TCO2E_GT90,Above EUR 90 per tonne of CO2e,0
DNK,2021,OFFROAD,Off-road transport,FFUEL_BIOF,EUR_TCO2E_GT90,Above EUR 90 per tonne of CO2e,0
FRA,2021,OFFROAD,Off-road transport,FFUEL_BIOF,EUR_TCO2E_GT90,Above EUR 90 per tonne of CO2e,0
FRA,2021,OFFROAD,Off-road transport,FFUEL,EUR_TCO2E_GT90,Above EUR 90 per tonne of CO2e,0
ITA,2021,OFFROAD,Off-road transport,FFUEL_BIOF,EUR_TCO2E_GT90,Above EUR 90 per tonne of CO2e,0
ITA,2021,OFFROAD,Off-road transport,FFUEL,EUR_TCO2E_GT90,Above EUR 90 per tonne of CO2e,0
SWE,2021,OFFROAD,Off-road transport,FFUEL,EUR_TCO2E_GT90,Above EUR 90 per tonne of CO2e,0
SWE,2021,OFFROAD,Off-road transport,FFUEL_BIOF,EUR_TCO2E_GT90,Above EUR 90 per tonne of CO2e,0
GBR,2021,OFFROAD,Off-road transport,FFUEL,EUR_TCO2E_GT90,Above EUR 90 per tonne of CO2e,0
GBR,2021,OFFROAD,Off-road transport,FFUEL_BIOF,EUR_TCO2E_GT90,Above EUR 90 per tonne of CO2e,0
AUT,2021,ELEC,Electricity,FFUEL,EUR_TCO2E_GT90,Above EUR 90 per tonne of CO2e,0
BEL,2021,ELEC,Electricity,FFUEL,EUR_TCO2E_GT90,Above EUR 90 per tonne of CO2e,0
DNK,2021,ELEC,Electricity,FFUEL,EUR_TCO2E_GT90,Above EUR 90 per tonne of CO2e,0
FRA,2021,ELEC,Electricity,FFUEL,EUR_TCO2E_GT90,Above EUR 90 per tonne of CO2e,0
DEU,2021,ELEC,Electricity,FFUEL,EUR_TCO2E_GT90,Above EUR 90 per tonne of CO2e,0
ITA,2021,ELEC,Electricity,FFUEL,EUR_TCO2E_GT90,Above EUR 90 per tonne of CO2e,0
NLD,2021,ELEC,Electricity,FFUEL,EUR_TCO2E_GT90,Above EUR 90 per tonne of CO2e,0
POL,2021,ELEC,Electricity,FFUEL,EUR_TCO2E_GT90,Above EUR 90 per tonne of CO2e,0
ESP,2021,ELEC,Electricity,FFUEL,EUR_TCO2E_GT90,Above EUR 90 per tonne of CO2e,0
SWE,2021,ELEC,Electricity,FFUEL,EUR_TCO2E_GT90,Above EUR 90 per tonne of CO2e,0
GBR,2021,ELEC,Electricity,FFUEL,EUR_TCO2E_GT90,Above EUR 90 per tonne of CO2e,0
AUT,2021,ELEC,Electricity,FFUEL_BIOF,EUR_TCO2E_GT90,Above EUR 90 per tonne of CO2e,0
BEL,2021,ELEC,Electricity,FFUEL_BIOF,EUR_TCO2E_GT90,Above EUR 90 per tonne of CO2e,0
DNK,2021,ELEC,Electricity,FFUEL_BIOF,EUR_TCO2E_GT90,Above EUR 90 per tonne of CO2e,0
FRA,2021,ELEC,Electricity,FFUEL_BIOF,EUR_TCO2E_GT90,Above EUR 90 per tonne of CO2e,0
DEU,2021,ELEC,Electricity,FFUEL_BIOF,EUR_TCO2E_GT90,Above EUR 90 per tonne of CO2e,0
ITA,2021,ELEC,Electricity,FFUEL_BIOF,EUR_TCO2E_GT90,Above EUR 90 per tonne of CO2e,0
NLD,2021,ELEC,Electricity,FFUEL_BIOF,EUR_TCO2E_GT90,Above EUR 90 per tonne of CO2e,0
POL,2021,ELEC,Electricity,FFUEL_BIOF,EUR_TCO2E_GT90,Above EUR 90 per tonne of CO2e,0
ESP,2021,ELEC,Electricity,FFUEL_BIOF,EUR_TCO2E_GT90,Above EUR 90 per tonne of CO2e,0
SWE,2021,ELEC,Electricity,FFUEL_BIOF,EUR_TCO2E_GT90,Above EUR 90 per tonne of CO2e,0
GBR,2021,ELEC,Electricity,FFUEL_BIOF,EUR_TCO2E_GT90,Above EUR 90 per tonne of CO2e,0
DNK,2021,OFFROAD,Off-road transport,FFUEL,EUR_TCO2E_GT60,Above EUR 60 per tonne of CO2e,0
DNK,2021,OFFROAD,Off-road transport,FFUEL_BIOF,EUR_TCO2E_GT60,Above EUR 60 per tonne of CO2e,0
SWE,2021,OFFROAD,Off-road transport,FFUEL,EUR_TCO2E_GT60,Above EUR 60 per tonne of CO2e,0
SWE,2021,OFFROAD,Off-road transport,FFUEL_BIOF,EUR_TCO2E_GT60,Above EUR 60 per tonne of CO2e,0
GBR,2021,OFFROAD,Off-road transport,FFUEL_BIOF,EUR_TCO2E_GT60,Above EUR 60 per tonne of CO2e,0
GBR,2021,OFFROAD,Off-road transport,FFUEL,EUR_TCO2E_GT60,Above EUR 60 per tonne of CO2e,0
BEL,2012,OFFROAD,Off-road transport,FFUEL,EUR_TCO2E_GT60,Above EUR 60 per tonne of CO2e,0
BEL,2012,OFFROAD,Off-road transport,FFUEL_BIOF,EUR_TCO2E_GT60,Above EUR 60 per tonne of CO2e,0
BEL,2015,OFFROAD,Off-road transport,FFUEL_BIOF,EUR_TCO2E_GT60,Above EUR 60 per tonne of CO2e,0
BEL,2015,OFFROAD,Off-road transport,FFUEL,EUR_TCO2E_GT60,Above EUR 60 per tonne of CO2e,0
FRA,2012,OFFROAD,Off-road transport,FFUEL,EUR_TCO2E_GT60,Above EUR 60 per tonne of CO2e,0
FRA,2012,OFFROAD,Off-road transport,FFUEL_BIOF,EUR_TCO2E_GT60,Above EUR 60 per tonne of CO2e,0
FRA,2015,OFFROAD,Off-road transport,FFUEL_BIOF,EUR_TCO2E_GT60,Above EUR 60 per tonne of CO2e,0
FRA,2015,OFFROAD,Off-road transport,FFUEL,EUR_TCO2E_GT60,Above EUR 60 per tonne of CO2e,0
SWE,2012,OFFROAD,Off-road transport,FFUEL,EUR_TCO2E_GT60,Above EUR 60 per tonne of CO2e,0
SWE,2012,OFFROAD,Off-road transport,FFUEL_BIOF,EUR_TCO2E_GT60,Above EUR 60 per tonne of CO2e,0
SWE,2015,OFFROAD,Off-road transport,FFUEL_BIOF,EUR_TCO2E_GT60,Above EUR 60 per tonne of CO2e,0
SWE,2015,OFFROAD,Off-road transport,FFUEL,EUR_TCO2E_GT60,Above EUR 60 per tonne of CO2e,0
SWE,2018,OFFROAD,Off-road transport,FFUEL,EUR_TCO2E_GT60,Above EUR 60 per tonne of CO2e,0
SWE,2018,OFFROAD,Off-road transport,FFUEL_BIOF,EUR_TCO2E_GT60,Above EUR 60 per tonne of CO2e,0
AUT,2012,RESCOM,Buildings,FFUEL_BIOF,EUR_TCO2E_GT60,Above EUR 60 per tonne of CO2e,0
AUT,2012,RESCOM,Buildings,FFUEL,EUR_TCO2E_GT60,Above EUR 60 per tonne of CO2e,0
AUT,2015,RESCOM,Buildings,FFUEL,EUR_TCO2E_GT60,Above EUR 60 per tonne of CO2e,0
AUT,2015,RESCOM,Buildings,FFUEL_BIOF,EUR_TCO2E_GT60,Above EUR 60 per tonne of CO2e,0
BEL,2012,RESCOM,Buildings,FFUEL,EUR_TCO2E_GT60,Above EUR 60 per tonne of CO2e,0
BEL,2012,RESCOM,Buildings,FFUEL_BIOF,EUR_TCO2E_GT60,Above EUR 60 per tonne of CO2e,0
BEL,2015,RESCOM,Buildings,FFUEL,EUR_TCO2E_GT60,Above EUR 60 per tonne of CO2e,0
BEL,2015,RESCOM,Buildings,FFUEL_BIOF,EUR_TCO2E_GT60,Above EUR 60 per tonne of CO2e,0
POL,2012,RESCOM,Buildings,FFUEL,EUR_TCO2E_GT60,Above EUR 60 per tonne of CO2e,0
POL,2012,RESCOM,Buildings,FFUEL_BIOF,EUR_TCO2E_GT60,Above EUR 60 per tonne of CO2e,0
POL,2015,RESCOM,Buildings,FFUEL_BIOF,EUR_TCO2E_GT60,Above EUR 60 per tonne of CO2e,0
POL,2015,RESCOM,Buildings,FFUEL,EUR_TCO2E_GT60,Above EUR 60 per tonne of CO2e,0
POL,2018,RESCOM,Buildings,FFUEL,EUR_TCO2E_GT60,Above EUR 60 per tonne of CO2e,0
POL,2018,RESCOM,Buildings,FFUEL_BIOF,EUR_TCO2E_GT60,Above EUR 60 per tonne of CO2e,0
ESP,2012,RESCOM,Buildings,FFUEL_BIOF,EUR_TCO2E_GT60,Above EUR 60 per tonne of CO2e,0
ESP,2012,RESCOM,Buildings,FFUEL,EUR_TCO2E_GT60,Above EUR 60 per tonne of CO2e,0
BEL,2012,INDUSTRY,Industry,FFUEL_BIOF,EUR_TCO2E_GT60,Above EUR 60 per tonne of CO2e,0
BEL,2012,INDUSTRY,Industry,FFUEL,EUR_TCO2E_GT60,Above EUR 60 per tonne of CO2e,0
BEL,2015,INDUSTRY,Industry,FFUEL,EUR_TCO2E_GT60,Above EUR 60 per tonne of CO2e,0
BEL,2015,INDUSTRY,Industry,FFUEL_BIOF,EUR_TCO2E_GT60,Above EUR 60 per tonne of CO2e,0
FRA,2012,INDUSTRY,Industry,FFUEL,EUR_TCO2E_GT60,Above EUR 60 per tonne of CO2e,0
FRA,2012,INDUSTRY,Industry,FFUEL_BIOF,EUR_TCO2E_GT60,Above EUR 60 per tonne of CO2e,0
FRA,2015,INDUSTRY,Industry,FFUEL_BIOF,EUR_TCO2E_GT60,Above EUR 60 per tonne of CO2e,0
FRA,2015,INDUSTRY,Industry,FFUEL,EUR_TCO2E_GT60,Above EUR 60 per tonne of CO2e,0
DEU,2012,INDUSTRY,Industry,FFUEL_BIOF,EUR_TCO2E_GT60,Above EUR 60 per tonne of CO2e,0
DEU,2012,INDUSTRY,Industry,FFUEL,EUR_TCO2E_GT60,Above EUR 60 per tonne of CO2e,0
DEU,2015,INDUSTRY,Industry,FFUEL,EUR_TCO2E_GT60,Above EUR 60 per tonne of CO2e,0
DEU,2015,INDUSTRY,Industry,FFUEL_BIOF,EUR_TCO2E_GT60,Above EUR 60 per tonne of CO2e,0
ESP,2012,INDUSTRY,Industry,FFUEL,EUR_TCO2E_GT60,Above EUR 60 per tonne of CO2e,0
ESP,2012,INDUSTRY,Industry,FFUEL_BIOF,EUR_TCO2E_GT60,Above EUR 60 per tonne of CO2e,0
SWE,2012,INDUSTRY,Industry,FFUEL,EUR_TCO2E_GT60,Above EUR 60 per tonne of CO2e,0
SWE,2012,INDUSTRY,Industry,FFUEL_BIOF,EUR_TCO2E_GT60,Above EUR 60 per tonne of CO2e,0
AUT,2012,AGRIFISH,Agriculture & fisheries,FFUEL_BIOF,EUR_TCO2E_GT60,Above EUR 60 per tonne of CO2e,0
AUT,2012,AGRIFISH,Agriculture & fisheries,FFUEL,EUR_TCO2E_GT60,Above EUR 60 per tonne of CO2e,0
AUT,2015,AGRIFISH,Agriculture & fisheries,FFUEL,EUR_TCO2E_GT60,Above EUR 60 per tonne of CO2e,0
AUT,2015,AGRIFISH,Agriculture & fisheries,FFUEL_BIOF,EUR_TCO2E_GT60,Above EUR 60 per tonne of CO2e,0
BEL,2012,AGRIFISH,Agriculture & fisheries,FFUEL_BIOF,EUR_TCO2E_GT60,Above EUR 60 per tonne of CO2e,0
BEL,2012,AGRIFISH,Agriculture & fisheries,FFUEL,EUR_TCO2E_GT60,Above EUR 60 per tonne of CO2e,0
BEL,2015,AGRIFISH,Agriculture & fisheries,FFUEL_BIOF,EUR_TCO2E_GT60,Above EUR 60 per tonne of CO2e,0
BEL,2015,AGRIFISH,Agriculture & fisheries,FFUEL,EUR_TCO2E_GT60,Above EUR 60 per tonne of CO2e,0
BEL,2018,AGRIFISH,Agriculture & fisheries,FFUEL,EUR_TCO2E_GT60,Above EUR 60 per tonne of CO2e,0
BEL,2018,AGRIFISH,Agriculture & fisheries,FFUEL_BIOF,EUR_TCO2E_GT60,Above EUR 60 per tonne of CO2e,0
FRA,2012,AGRIFISH,Agriculture & fisheries,FFUEL,EUR_TCO2E_GT60,Above EUR 60 per tonne of CO2e,0
FRA,2012,AGRIFISH,Agriculture & fisheries,FFUEL_BIOF,EUR_TCO2E_GT60,Above EUR 60 per tonne of CO2e,0
DEU,2012,AGRIFISH,Agriculture & fisheries,FFUEL_BIOF,EUR_TCO2E_GT60,Above EUR 60 per tonne of CO2e,0
DEU,2012,AGRIFISH,Agriculture & fisheries,FFUEL,EUR_TCO2E_GT60,Above EUR 60 per tonne of CO2e,0
DEU,2015,AGRIFISH,Agriculture & fisheries,FFUEL,EUR_TCO2E_GT60,Above EUR 60 per tonne of CO2e,0
DEU,2015,AGRIFISH,Agriculture & fisheries,FFUEL_BIOF,EUR_TCO2E_GT60,Above EUR 60 per tonne of CO2e,0
POL,2015,AGRIFISH,Agriculture & fisheries,FFUEL,EUR_TCO2E_GT60,Above EUR 60 per tonne of CO2e,0
POL,2015,AGRIFISH,Agriculture & fisheries,FFUEL_BIOF,EUR_TCO2E_GT60,Above EUR 60 per tonne of CO2e,0
ESP,2012,AGRIFISH,Agriculture & fisheries,FFUEL,EUR_TCO2E_GT60,Above EUR 60 per tonne of CO2e,0
ESP,2012,AGRIFISH,Agriculture & fisheries,FFUEL_BIOF,EUR_TCO2E_GT60,Above EUR 60 per tonne of CO2e,0
AUT,2015,ELEC,Electricity,FFUEL,EUR_TCO2E_GT60,Above EUR 60 per tonne of CO2e,0
AUT,2015,ELEC,Electricity,FFUEL_BIOF,EUR_TCO2E_GT60,Above EUR 60 per tonne of CO2e,0
BEL,2015,ELEC,Electricity,FFUEL_BIOF,EUR_TCO2E_GT60,Above EUR 60 per tonne of CO2e,0
BEL,2015,ELEC,Electricity,FFUEL,EUR_TCO2E_GT60,Above EUR 60 per tonne of CO2e,0
DNK,2015,ELEC,Electricity,FFUEL_BIOF,EUR_TCO2E_GT60,Above EUR 60 per tonne of CO2e,0
DNK,2015,ELEC,Electricity,FFUEL,EUR_TCO2E_GT60,Above EUR 60 per tonne of CO2e,0
FRA,2015,ELEC,Electricity,FFUEL_BIOF,EUR_TCO2E_GT60,Above EUR 60 per tonne of CO2e,0
FRA,2015,ELEC,Electricity,FFUEL,EUR_TCO2E_GT60,Above EUR 60 per tonne of CO2e,0
DEU,2015,ELEC,Electricity,FFUEL,EUR_TCO2E_GT60,Above EUR 60 per tonne of CO2e,0
DEU,2015,ELEC,Electricity,FFUEL_BIOF,EUR_TCO2E_GT60,Above EUR 60 per tonne of CO2e,0
ITA,2015,ELEC,Electricity,FFUEL_BIOF,EUR_TCO2E_GT60,Above EUR 60 per tonne of CO2e,0
ITA,2015,ELEC,Electricity,FFUEL,EUR_TCO2E_GT60,Above EUR 60 per tonne of CO2e,0
NLD,2015,ELEC,Electricity,FFUEL,EUR_TCO2E_GT60,Above EUR 60 per tonne of CO2e,0
NLD,2015,ELEC,Electricity,FFUEL_BIOF,EUR_TCO2E_GT60,Above EUR 60 per tonne of CO2e,0
POL,2015,ELEC,Electricity,FFUEL_BIOF,EUR_TCO2E_GT60,Above EUR 60 per tonne of CO2e,0
POL,2015,ELEC,Electricity,FFUEL,EUR_TCO2E_GT60,Above EUR 60 per tonne of CO2e,0
ESP,2015,ELEC,Electricity,FFUEL,EUR_TCO2E_GT60,Above EUR 60 per tonne of CO2e,0
ESP,2015,ELEC,Electricity,FFUEL_BIOF,EUR_TCO2E_GT60,Above EUR 60 per tonne of CO2e,0
SWE,2015,ELEC,Electricity,FFUEL_BIOF,EUR_TCO2E_GT60,Above EUR 60 per tonne of CO2e,0
SWE,2015,ELEC,Electricity,FFUEL,EUR_TCO2E_GT60,Above EUR 60 per tonne of CO2e,0
GBR,2015,ELEC,Electricity,FFUEL_BIOF,EUR_TCO2E_GT60,Above EUR 60 per tonne of CO2e,0
GBR,2015,ELEC,Electricity,FFUEL,EUR_TCO2E_GT60,Above EUR 60 per tonne of CO2e,0
AUT,2012,ELEC,Electricity,FFUEL,EUR_TCO2E_GT60,Above EUR 60 per tonne of CO2e,0
AUT,2012,ELEC,Electricity,FFUEL_BIOF,EUR_TCO2E_GT60,Above EUR 60 per tonne of CO2e,0
BEL,2012,ELEC,Electricity,FFUEL,EUR_TCO2E_GT60,Above EUR 60 per tonne of CO2e,0
BEL,2012,ELEC,Electricity,FFUEL_BIOF,EUR_TCO2E_GT60,Above EUR 60 per tonne of CO2e,0
DNK,2012,ELEC,Electricity,FFUEL,EUR_TCO2E_GT60,Above EUR 60 per tonne of CO2e,0
DNK,2012,ELEC,Electricity,FFUEL_BIOF,EUR_TCO2E_GT60,Above EUR 60 per tonne of CO2e,0
FRA,2012,ELEC,Electricity,FFUEL,EUR_TCO2E_GT60,Above EUR 60 per tonne of CO2e,0
FRA,2012,ELEC,Electricity,FFUEL_BIOF,EUR_TCO2E_GT60,Above EUR 60 per tonne of CO2e,0
DEU,2012,ELEC,Electricity,FFUEL,EUR_TCO2E_GT60,Above EUR 60 per tonne of CO2e,0
DEU,2012,ELEC,Electricity,FFUEL_BIOF,EUR_TCO2E_GT60,Above EUR 60 per tonne of CO2e,0
ITA,2012,ELEC,Electricity,FFUEL,EUR_TCO2E_GT60,Above EUR 60 per tonne of CO2e,0
ITA,2012,ELEC,Electricity,FFUEL_BIOF,EUR_TCO2E_GT60,Above EUR 60 per tonne of CO2e,0
NLD,2012,ELEC,Electricity,FFUEL_BIOF,EUR_TCO2E_GT60,Above EUR 60 per tonne of CO2e,0
NLD,2012,ELEC,Electricity,FFUEL,EUR_TCO2E_GT60,Above EUR 60 per tonne of CO2e,0
POL,2012,ELEC,Electricity,FFUEL,EUR_TCO2E_GT60,Above EUR 60 per tonne of CO2e,0
POL,2012,ELEC,Electricity,FFUEL_BIOF,EUR_TCO2E_GT60,Above EUR 60 per tonne of CO2e,0
ESP,2012,ELEC,Electricity,FFUEL_BIOF,EUR_TCO2E_GT60,Above EUR 60 per tonne of CO2e,0
ESP,2012,ELEC,Electricity,FFUEL,EUR_TCO2E_GT60,Above EUR 60 per tonne of CO2e,0
SWE,2012,ELEC,Electricity,FFUEL,EUR_TCO2E_GT60,Above EUR 60 per tonne of CO2e,0
SWE,2012,ELEC,Electricity,FFUEL_BIOF,EUR_TCO2E_GT60,Above EUR 60 per tonne of CO2e,0
GBR,2012,ELEC,Electricity,FFUEL,EUR_TCO2E_GT60,Above EUR 60 per tonne of CO2e,0
GBR,2012,ELEC,Electricity,FFUEL_BIOF,EUR_TCO2E_GT60,Above EUR 60 per tonne of CO2e,0
AUT,2018,ELEC,Electricity,FFUEL,EUR_TCO2E_GT60,Above EUR 60 per tonne of CO2e,0
AUT,2018,ELEC,Electricity,FFUEL_BIOF,EUR_TCO2E_GT60,Above EUR 60 per tonne of CO2e,0
BEL,2018,ELEC,Electricity,FFUEL,EUR_TCO2E_GT60,Above EUR 60 per tonne of CO2e,0
BEL,2018,ELEC,Electricity,FFUEL_BIOF,EUR_TCO2E_GT60,Above EUR 60 per tonne of CO2e,0
DNK,2018,ELEC,Electricity,FFUEL,EUR_TCO2E_GT60,Above EUR 60 per tonne of CO2e,0
DNK,2018,ELEC,Electricity,FFUEL_BIOF,EUR_TCO2E_GT60,Above EUR 60 per tonne of CO2e,0
FRA,2018,ELEC,Electricity,FFUEL,EUR_TCO2E_GT60,Above EUR 60 per tonne of CO2e,0
FRA,2018,ELEC,Electricity,FFUEL_BIOF,EUR_TCO2E_GT60,Above EUR 60 per tonne of CO2e,0
DEU,2018,ELEC,Electricity,FFUEL_BIOF,EUR_TCO2E_GT60,Above EUR 60 per tonne of CO2e,0
DEU,2018,ELEC,Electricity,FFUEL,EUR_TCO2E_GT60,Above EUR 60 per tonne of CO2e,0
ITA,2018,ELEC,Electricity,FFUEL,EUR_TCO2E_GT60,Above EUR 60 per tonne of CO2e,0
ITA,2018,ELEC,Electricity,FFUEL_BIOF,EUR_TCO2E_GT60,Above EUR 60 per tonne of CO2e,0
NLD,2018,ELEC,Electricity,FFUEL_BIOF,EUR_TCO2E_GT60,Above EUR 60 per tonne of CO2e,0
NLD,2018,ELEC,Electricity,FFUEL,EUR_TCO2E_GT60,Above EUR 60 per tonne of CO2e,0
POL,2018,ELEC,Electricity,FFUEL,EUR_TCO2E_GT60,Above EUR 60 per tonne of CO2e,0
POL,2018,ELEC,Electricity,FFUEL_BIOF,EUR_TCO2E_GT60,Above EUR 60 per tonne of CO2e,0
ESP,2018,ELEC,Electricity,FFUEL_BIOF,EUR_TCO2E_GT60,Above EUR 60 per tonne of CO2e,0
ESP,2018,ELEC,Electricity,FFUEL,EUR_TCO2E_GT60,Above EUR 60 per tonne of CO2e,0
SWE,2018,ELEC,Electricity,FFUEL,EUR_TCO2E_GT60,Above EUR 60 per tonne of CO2e,0
SWE,2018,ELEC,Electricity,FFUEL_BIOF,EUR_TCO2E_GT60,Above EUR 60 per tonne of CO2e,0
GBR,2018,ELEC,Electricity,FFUEL_BIOF,EUR_TCO2E_GT60,Above EUR 60 per tonne of CO2e,0
GBR,2018,ELEC,Electricity,FFUEL,EUR_TCO2E_GT60,Above EUR 60 per tonne of CO2e,0
BEL,2021,ELEC,Electricity,FFUEL_BIOF,EUR_TCO2E_GT60,Above EUR 60 per tonne of CO2e,0
BEL,2021,ELEC,Electricity,FFUEL,EUR_TCO2E_GT60,Above EUR 60 per tonne of CO2e,0
DNK,2021,ELEC,Electricity,FFUEL_BIOF,EUR_TCO2E_GT60,Above EUR 60 per tonne of CO2e,0
DNK,2021,ELEC,Electricity,FFUEL,EUR_TCO2E_GT60,Above EUR 60 per tonne of CO2e,0
FRA,2021,ELEC,Electricity,FFUEL,EUR_TCO2E_GT60,Above EUR 60 per tonne of CO2e,0
FRA,2021,ELEC,Electricity,FFUEL_BIOF,EUR_TCO2E_GT60,Above EUR 60 per tonne of CO2e,0
DEU,2021,ELEC,Electricity,FFUEL,EUR_TCO2E_GT60,Above EUR 60 per tonne of CO2e,0
DEU,2021,ELEC,Electricity,FFUEL_BIOF,EUR_TCO2E_GT60,Above EUR 60 per tonne of CO2e,0
ITA,2021,ELEC,Electricity,FFUEL,EUR_TCO2E_GT60,Above EUR 60 per tonne of CO2e,0
ITA,2021,ELEC,Electricity,FFUEL_BIOF,EUR_TCO2E_GT60,Above EUR 60 per tonne of CO2e,0
NLD,2021,ELEC,Electricity,FFUEL,EUR_TCO2E_GT60,Above EUR 60 per tonne of CO2e,0
NLD,2021,ELEC,Electricity,FFUEL_BIOF,EUR_TCO2E_GT60,Above EUR 60 per tonne of CO2e,0
POL,2021,ELEC,Electricity,FFUEL_BIOF,EUR_TCO2E_GT60,Above EUR 60 per tonne of CO2e,0
POL,2021,ELEC,Electricity,FFUEL,EUR_TCO2E_GT60,Above EUR 60 per tonne of CO2e,0
ESP,2021,ELEC,Electricity,FFUEL,EUR_TCO2E_GT60,Above EUR 60 per tonne of CO2e,0
ESP,2021,ELEC,Electricity,FFUEL_BIOF,EUR_TCO2E_GT60,Above EUR 60 per tonne of CO2e,0
SWE,2021,ELEC,Electricity,FFUEL_BIOF,EUR_TCO2E_GT60,Above EUR 60 per tonne of CO2e,0
SWE,2021,ELEC,Electricity,FFUEL,EUR_TCO2E_GT60,Above EUR 60 per tonne of CO2e,0
AUT,2012,ELEC,Electricity,FFUEL_BIOF,EUR_TCO2E_GT30,Above EUR 30 per tonne of CO2e,0
AUT,2012,ELEC,Electricity,FFUEL,EUR_TCO2E_GT30,Above EUR 30 per tonne of CO2e,0
AUT,2015,ELEC,Electricity,FFUEL,EUR_TCO2E_GT30,Above EUR 30 per tonne of CO2e,0
AUT,2015,ELEC,Electricity,FFUEL_BIOF,EUR_TCO2E_GT30,Above EUR 30 per tonne of CO2e,0
BEL,2012,ELEC,Electricity,FFUEL,EUR_TCO2E_GT30,Above EUR 30 per tonne of CO2e,0
BEL,2012,ELEC,Electricity,FFUEL_BIOF,EUR_TCO2E_GT30,Above EUR 30 per tonne of CO2e,0
BEL,2015,ELEC,Electricity,FFUEL_BIOF,EUR_TCO2E_GT30,Above EUR 30 per tonne of CO2e,0
BEL,2015,ELEC,Electricity,FFUEL,EUR_TCO2E_GT30,Above EUR 30 per tonne of CO2e,0
BEL,2018,ELEC,Electricity,FFUEL,EUR_TCO2E_GT30,Above EUR 30 per tonne of CO2e,0
BEL,2018,ELEC,Electricity,FFUEL_BIOF,EUR_TCO2E_GT30,Above EUR 30 per tonne of CO2e,0
DNK,2012,ELEC,Electricity,FFUEL,EUR_TCO2E_GT30,Above EUR 30 per tonne of CO2e,0
DNK,2012,ELEC,Electricity,FFUEL_BIOF,EUR_TCO2E_GT30,Above EUR 30 per tonne of CO2e,0
DNK,2015,ELEC,Electricity,FFUEL,EUR_TCO2E_GT30,Above EUR 30 per tonne of CO2e,0
DNK,2015,ELEC,Electricity,FFUEL_BIOF,EUR_TCO2E_GT30,Above EUR 30 per tonne of CO2e,0
DNK,2018,ELEC,Electricity,FFUEL,EUR_TCO2E_GT30,Above EUR 30 per tonne of CO2e,0
DNK,2018,ELEC,Electricity,FFUEL_BIOF,EUR_TCO2E_GT30,Above EUR 30 per tonne of CO2e,0
FRA,2012,ELEC,Electricity,FFUEL_BIOF,EUR_TCO2E_GT30,Above EUR 30 per tonne of CO2e,0
FRA,2012,ELEC,Electricity,FFUEL,EUR_TCO2E_GT30,Above EUR 30 per tonne of CO2e,0
FRA,2015,ELEC,Electricity,FFUEL_BIOF,EUR_TCO2E_GT30,Above EUR 30 per tonne of CO2e,0
FRA,2015,ELEC,Electricity,FFUEL,EUR_TCO2E_GT30,Above EUR 30 per tonne of CO2e,0
FRA,2018,ELEC,Electricity,FFUEL,EUR_TCO2E_GT30,Above EUR 30 per tonne of CO2e,0
FRA,2018,ELEC,Electricity,FFUEL_BIOF,EUR_TCO2E_GT30,Above EUR 30 per tonne of CO2e,0
DEU,2012,ELEC,Electricity,FFUEL,EUR_TCO2E_GT30,Above EUR 30 per tonne of CO2e,0
DEU,2012,ELEC,Electricity,FFUEL_BIOF,EUR_TCO2E_GT30,Above EUR 30 per tonne of CO2e,0
DEU,2015,ELEC,Electricity,FFUEL_BIOF,EUR_TCO2E_GT30,Above EUR 30 per tonne of CO2e,0
DEU,2015,ELEC,Electricity,FFUEL,EUR_TCO2E_GT30,Above EUR 30 per tonne of CO2e,0
DEU,2018,ELEC,Electricity,FFUEL_BIOF,EUR_TCO2E_GT30,Above EUR 30 per tonne of CO2e,0
DEU,2018,ELEC,Electricity,FFUEL,EUR_TCO2E_GT30,Above EUR 30 per tonne of CO2e,0
ITA,2012,ELEC,Electricity,FFUEL,EUR_TCO2E_GT30,Above EUR 30 per tonne of CO2e,0
ITA,2012,ELEC,Electricity,FFUEL_BIOF,EUR_TCO2E_GT30,Above EUR 30 per tonne of CO2e,0
ITA,2015,ELEC,Electricity,FFUEL_BIOF,EUR_TCO2E_GT30,Above EUR 30 per tonne of CO2e,0
ITA,2015,ELEC,Electricity,FFUEL,EUR_TCO2E_GT30,Above EUR 30 per tonne of CO2e,0
ITA,2018,ELEC,Electricity,FFUEL,EUR_TCO2E_GT30,Above EUR 30 per tonne of CO2e,0
ITA,2018,ELEC,Electricity,FFUEL_BIOF,EUR_TCO2E_GT30,Above EUR 30 per tonne of CO2e,0
NLD,2012,ELEC,Electricity,FFUEL_BIOF,EUR_TCO2E_GT30,Above EUR 30 per tonne of CO2e,0
NLD,2012,ELEC,Electricity,FFUEL,EUR_TCO2E_GT30,Above EUR 30 per tonne of CO2e,0
NLD,2015,ELEC,Electricity,FFUEL,EUR_TCO2E_GT30,Above EUR 30 per tonne of CO2e,0
NLD,2015,ELEC,Electricity,FFUEL_BIOF,EUR_TCO2E_GT30,Above EUR 30 per tonne of CO2e,0
NLD,2018,ELEC,Electricity,FFUEL_BIOF,EUR_TCO2E_GT30,Above EUR 30 per tonne of CO2e,0
NLD,2018,ELEC,Electricity,FFUEL,EUR_TCO2E_GT30,Above EUR 30 per tonne of CO2e,0
POL,2012,ELEC,Electricity,FFUEL,EUR_TCO2E_GT30,Above EUR 30 per tonne of CO2e,0
POL,2012,ELEC,Electricity,FFUEL_BIOF,EUR_TCO2E_GT30,Above EUR 30 per tonne of CO2e,0
POL,2015,ELEC,Electricity,FFUEL_BIOF,EUR_TCO2E_GT30,Above EUR 30 per tonne of CO2e,0
POL,2015,ELEC,Electricity,FFUEL,EUR_TCO2E_GT30,Above EUR 30 per tonne of CO2e,0
POL,2018,ELEC,Electricity,FFUEL,EUR_TCO2E_GT30,Above EUR 30 per tonne of CO2e,0
POL,2018,ELEC,Electricity,FFUEL_BIOF,EUR_TCO2E_GT30,Above EUR 30 per tonne of CO2e,0
ESP,2012,ELEC,Electricity,FFUEL,EUR_TCO2E_GT30,Above EUR 30 per tonne of CO2e,0
ESP,2012,ELEC,Electricity,FFUEL_BIOF,EUR_TCO2E_GT30,Above EUR 30 per tonne of CO2e,0
ESP,2015,ELEC,Electricity,FFUEL_BIOF,EUR_TCO2E_GT30,Above EUR 30 per tonne of CO2e,0
ESP,2015,ELEC,Electricity,FFUEL,EUR_TCO2E_GT30,Above EUR 30 per tonne of CO2e,0
ESP,2018,ELEC,Electricity,FFUEL,EUR_TCO2E_GT30,Above EUR 30 per tonne of CO2e,0
ESP,2018,ELEC,Electricity,FFUEL_BIOF,EUR_TCO2E_GT30,Above EUR 30 per tonne of CO2e,0
SWE,2012,ELEC,Electricity,FFUEL_BIOF,EUR_TCO2E_GT30,Above EUR 30 per tonne of CO2e,0
SWE,2012,ELEC,Electricity,FFUEL,EUR_TCO2E_GT30,Above EUR 30 per tonne of CO2e,0
SWE,2015,ELEC,Electricity,FFUEL,EUR_TCO2E_GT30,Above EUR 30 per tonne of CO2e,0
SWE,2015,ELEC,Electricity,FFUEL_BIOF,EUR_TCO2E_GT30,Above EUR 30 per tonne of CO2e,0
SWE,2018,ELEC,Electricity,FFUEL,EUR_TCO2E_GT30,Above EUR 30 per tonne of CO2e,0
SWE,2018,ELEC,Electricity,FFUEL_BIOF,EUR_TCO2E_GT30,Above EUR 30 per tonne of CO2e,0
GBR,2012,ELEC,Electricity,FFUEL,EUR_TCO2E_GT30,Above EUR 30 per tonne of CO2e,0
GBR,2012,ELEC,Electricity,FFUEL_BIOF,EUR_TCO2E_GT30,Above EUR 30 per tonne of CO2e,0
BEL,2012,OFFROAD,Off-road transport,FFUEL_BIOF,EUR_TCO2E_GT30,Above EUR 30 per tonne of CO2e,0
BEL,2012,OFFROAD,Off-road transport,FFUEL,EUR_TCO2E_GT30,Above EUR 30 per tonne of CO2e,0
BEL,2012,INDUSTRY,Industry,FFUEL_BIOF,EUR_TCO2E_GT30,Above EUR 30 per tonne of CO2e,0
BEL,2012,INDUSTRY,Industry,FFUEL,EUR_TCO2E_GT30,Above EUR 30 per tonne of CO2e,0
BEL,2012,AGRIFISH,Agriculture & fisheries,FFUEL_BIOF,EUR_TCO2E_GT30,Above EUR 30 per tonne of CO2e,0
BEL,2012,AGRIFISH,Agriculture & fisheries,FFUEL,EUR_TCO2E_GT30,Above EUR 30 per tonne of CO2e,0
BEL,2012,RESCOM,Buildings,FFUEL,EUR_TCO2E_GT30,Above EUR 30 per tonne of CO2e,0
BEL,2012,RESCOM,Buildings,FFUEL_BIOF,EUR_TCO2E_GT30,Above EUR 30 per tonne of CO2e,0
BEL,2015,OFFROAD,Off-road transport,FFUEL,EUR_TCO2E_GT30,Above EUR 30 per tonne of CO2e,0
BEL,2015,OFFROAD,Off-road transport,FFUEL_BIOF,EUR_TCO2E_GT30,Above EUR 30 per tonne of CO2e,0
BEL,2015,INDUSTRY,Industry,FFUEL,EUR_TCO2E_GT30,Above EUR 30 per tonne of CO2e,0
BEL,2015,INDUSTRY,Industry,FFUEL_BIOF,EUR_TCO2E_GT30,Above EUR 30 per tonne of CO2e,0
BEL,2015,AGRIFISH,Agriculture & fisheries,FFUEL_BIOF,EUR_TCO2E_GT30,Above EUR 30 per tonne of CO2e,0
BEL,2015,AGRIFISH,Agriculture & fisheries,FFUEL,EUR_TCO2E_GT30,Above EUR 30 per tonne of CO2e,0
BEL,2015,RESCOM,Buildings,FFUEL_BIOF,EUR_TCO2E_GT30,Above EUR 30 per tonne of CO2e,0
BEL,2015,RESCOM,Buildings,FFUEL,EUR_TCO2E_GT30,Above EUR 30 per tonne of CO2e,0
BEL,2018,AGRIFISH,Agriculture & fisheries,FFUEL,EUR_TCO2E_GT30,Above EUR 30 per tonne of CO2e,0
BEL,2018,AGRIFISH,Agriculture & fisheries,FFUEL_BIOF,EUR_TCO2E_GT30,Above EUR 30 per tonne of CO2e,0
FRA,2012,OFFROAD,Off-road transport,FFUEL_BIOF,EUR_TCO2E_GT30,Above EUR 30 per tonne of CO2e,0
FRA,2012,OFFROAD,Off-road transport,FFUEL,EUR_TCO2E_GT30,Above EUR 30 per tonne of CO2e,0
FRA,2015,OFFROAD,Off-road transport,FFUEL,EUR_TCO2E_GT30,Above EUR 30 per tonne of CO2e,0
FRA,2015,OFFROAD,Off-road transport,FFUEL_BIOF,EUR_TCO2E_GT30,Above EUR 30 per tonne of CO2e,0
DEU,2012,AGRIFISH,Agriculture & fisheries,FFUEL,EUR_TCO2E_GT30,Above EUR 30 per tonne of CO2e,0
DEU,2012,AGRIFISH,Agriculture & fisheries,FFUEL_BIOF,EUR_TCO2E_GT30,Above EUR 30 per tonne of CO2e,0
DEU,2015,AGRIFISH,Agriculture & fisheries,FFUEL_BIOF,EUR_TCO2E_GT30,Above EUR 30 per tonne of CO2e,0
DEU,2015,AGRIFISH,Agriculture & fisheries,FFUEL,EUR_TCO2E_GT30,Above EUR 30 per tonne of CO2e,0
POL,2012,RESCOM,Buildings,FFUEL_BIOF,EUR_TCO2E_GT30,Above EUR 30 per tonne of CO2e,0
POL,2012,RESCOM,Buildings,FFUEL,EUR_TCO2E_GT30,Above EUR 30 per tonne of CO2e,0
POL,2015,AGRIFISH,Agriculture & fisheries,FFUEL,EUR_TCO2E_GT30,Above EUR 30 per tonne of CO2e,0
POL,2015,AGRIFISH,Agriculture & fisheries,FFUEL_BIOF,EUR_TCO2E_GT30,Above EUR 30 per tonne of CO2e,0
POL,2015,RESCOM,Buildings,FFUEL_BIOF,EUR_TCO2E_GT30,Above EUR 30 per tonne of CO2e,0
POL,2015,RESCOM,Buildings,FFUEL,EUR_TCO2E_GT30,Above EUR 30 per tonne of CO2e,0
SWE,2012,OFFROAD,Off-road transport,FFUEL_BIOF,EUR_TCO2E_GT30,Above EUR 30 per tonne of CO2e,0
SWE,2012,OFFROAD,Off-road transport,FFUEL,EUR_TCO2E_GT30,Above EUR 30 per tonne of CO2e,0
SWE,2015,OFFROAD,Off-road transport,FFUEL,EUR_TCO2E_GT30,Above EUR 30 per tonne of CO2e,0
SWE,2015,OFFROAD,Off-road transport,FFUEL_BIOF,EUR_TCO2E_GT30,Above EUR 30 per tonne of CO2e,0
SWE,2018,OFFROAD,Off-road transport,FFUEL_BIOF,EUR_TCO2E_GT30,Above EUR 30 per tonne of CO2e,0
SWE,2018,OFFROAD,Off-road transport,FFUEL,EUR_TCO2E_GT30,Above EUR 30 per tonne of CO2e,0
BEL,2012,AGRIFISH,Agriculture & fisheries,FFUEL,EUR_TCO2E_GT5,Above EUR 5 per tonne of CO2e,0
BEL,2012,AGRIFISH,Agriculture & fisheries,FFUEL_BIOF,EUR_TCO2E_GT5,Above EUR 5 per tonne of CO2e,0
BEL,2018,AGRIFISH,Agriculture & fisheries,FFUEL_BIOF,EUR_TCO2E_GT5,Above EUR 5 per tonne of CO2e,0
BEL,2018,AGRIFISH,Agriculture & fisheries,FFUEL,EUR_TCO2E_GT5,Above EUR 5 per tonne of CO2e,0
BEL,2012,AGRIFISH,Agriculture & fisheries,FFUEL,EUR_TCO2E_GT0,Above EUR 0 per tonne of CO2e,0
BEL,2012,AGRIFISH,Agriculture & fisheries,FFUEL_BIOF,EUR_TCO2E_GT0,Above EUR 0 per tonne of CO2e,0
BEL,2018,AGRIFISH,Agriculture & fisheries,FFUEL,EUR_TCO2E_GT0,Above EUR 0 per tonne of CO2e,0
BEL,2018,AGRIFISH,Agriculture & fisheries,FFUEL_BIOF,EUR_TCO2E_GT0,Above EUR 0 per tonne of CO2e,0
AUT,2021,ELEC,Electricity,FFUEL,EUR_TCO2E_GT30,Above EUR 30 per tonne of CO2e,100
FRA,2021,ELEC,Electricity,FFUEL,EUR_TCO2E_GT30,Above EUR 30 per tonne of CO2e,100
ITA,2021,ELEC,Electricity,FFUEL,EUR_TCO2E_GT30,Above EUR 30 per tonne of CO2e,100
NLD,2021,ELEC,Electricity,FFUEL,EUR_TCO2E_GT30,Above EUR 30 per tonne of CO2e,100
POL,2021,ELEC,Electricity,FFUEL,EUR_TCO2E_GT30,Above EUR 30 per tonne of CO2e,100
ESP,2021,ELEC,Electricity,FFUEL,EUR_TCO2E_GT30,Above EUR 30 per tonne of CO2e,100
SWE,2021,AGRIFISH,Agriculture & fisheries,FFUEL,EUR_TCO2E_GT30,Above EUR 30 per tonne of CO2e,100
SWE,2021,AGRIFISH,Agriculture & fisheries,FFUEL,EUR_TCO2E_GT60,Above EUR 60 per tonne of CO2e,100
SWE,2021,AGRIFISH,Agriculture & fisheries,FFUEL,EUR_TCO2E_GT90,Above EUR 90 per tonne of CO2e,100
SWE,2021,RESCOM,Buildings,FFUEL,EUR_TCO2E_GT120,Above EUR 120 per tonne of CO2e,100
SWE,2021,RESCOM,Buildings,FFUEL,EUR_TCO2E_GT90,Above EUR 90 per tonne of CO2e,100
SWE,2021,RESCOM,Buildings,FFUEL,EUR_TCO2E_GT60,Above EUR 60 per tonne of CO2e,100
SWE,2021,RESCOM,Buildings,FFUEL,EUR_TCO2E_GT30,Above EUR 30 per tonne of CO2e,100
AUT,2012,AGRIFISH,Agriculture & fisheries,FFUEL,EUR_TCO2E_GT5,Above EUR 5 per tonne of CO2e,100
AUT,2015,AGRIFISH,Agriculture & fisheries,FFUEL,EUR_TCO2E_GT5,Above EUR 5 per tonne of CO2e,100
AUT,2018,AGRIFISH,Agriculture & fisheries,FFUEL,EUR_TCO2E_GT5,Above EUR 5 per tonne of CO2e,100
AUT,2021,AGRIFISH,Agriculture & fisheries,FFUEL,EUR_TCO2E_GT5,Above EUR 5 per tonne of CO2e,100
DEU,2012,AGRIFISH,Agriculture & fisheries,FFUEL,EUR_TCO2E_GT5,Above EUR 5 per tonne of CO2e,100
DEU,2015,AGRIFISH,Agriculture & fisheries,FFUEL,EUR_TCO2E_GT5,Above EUR 5 per tonne of CO2e,100
DEU,2018,AGRIFISH,Agriculture & fisheries,FFUEL,EUR_TCO2E_GT5,Above EUR 5 per tonne of CO2e,100
DEU,2021,AGRIFISH,Agriculture & fisheries,FFUEL,EUR_TCO2E_GT5,Above EUR 5 per tonne of CO2e,100
ITA,2012,AGRIFISH,Agriculture & fisheries,FFUEL,EUR_TCO2E_GT5,Above EUR 5 per tonne of CO2e,100
ITA,2015,AGRIFISH,Agriculture & fisheries,FFUEL,EUR_TCO2E_GT5,Above EUR 5 per tonne of CO2e,100
ITA,2018,RESCOM,Buildings,FFUEL,EUR_TCO2E_GT5,Above EUR 5 per tonne of CO2e,100
NLD,2012,AGRIFISH,Agriculture & fisheries,FFUEL,EUR_TCO2E_GT5,Above EUR 5 per tonne of CO2e,100
SWE,2021,AGRIFISH,Agriculture & fisheries,FFUEL,EUR_TCO2E_GT5,Above EUR 5 per tonne of CO2e,100
SWE,2021,RESCOM,Buildings,FFUEL,EUR_TCO2E_GT5,Above EUR 5 per tonne of CO2e,100
GBR,2012,AGRIFISH,Agriculture & fisheries,FFUEL,EUR_TCO2E_GT5,Above EUR 5 per tonne of CO2e,100
GBR,2015,AGRIFISH,Agriculture & fisheries,FFUEL,EUR_TCO2E_GT5,Above EUR 5 per tonne of CO2e,100
AUT,2012,ELEC,Electricity,FFUEL,EUR_TCO2E_GT5,Above EUR 5 per tonne of CO2e,100
AUT,2015,ELEC,Electricity,FFUEL,EUR_TCO2E_GT5,Above EUR 5 per tonne of CO2e,100
AUT,2018,ELEC,Electricity,FFUEL,EUR_TCO2E_GT5,Above EUR 5 per tonne of CO2e,100
AUT,2021,ELEC,Electricity,FFUEL,EUR_TCO2E_GT5,Above EUR 5 per tonne of CO2e,100
DNK,2012,ELEC,Electricity,FFUEL,EUR_TCO2E_GT5,Above EUR 5 per tonne of CO2e,100
DNK,2015,ELEC,Electricity,FFUEL,EUR_TCO2E_GT5,Above EUR 5 per tonne of CO2e,100
DNK,2018,ELEC,Electricity,FFUEL,EUR_TCO2E_GT5,Above EUR 5 per tonne of CO2e,100
FRA,2012,ELEC,Electricity,FFUEL,EUR_TCO2E_GT5,Above EUR 5 per tonne of CO2e,100
FRA,2015,ELEC,Electricity,FFUEL,EUR_TCO2E_GT5,Above EUR 5 per tonne of CO2e,100
FRA,2018,ELEC,Electricity,FFUEL,EUR_TCO2E_GT5,Above EUR 5 per tonne of CO2e,100
FRA,2021,ELEC,Electricity,FFUEL,EUR_TCO2E_GT5,Above EUR 5 per tonne of CO2e,100
DEU,2012,ELEC,Electricity,FFUEL,EUR_TCO2E_GT5,Above EUR 5 per tonne of CO2e,100
DEU,2015,ELEC,Electricity,FFUEL,EUR_TCO2E_GT5,Above EUR 5 per tonne of CO2e,100
DEU,2018,ELEC,Electricity,FFUEL,EUR_TCO2E_GT5,Above EUR 5 per tonne of CO2e,100
ITA,2015,ELEC,Electricity,FFUEL,EUR_TCO2E_GT5,Above EUR 5 per tonne of CO2e,100
ITA,2018,ELEC,Electricity,FFUEL,EUR_TCO2E_GT5,Above EUR 5 per tonne of CO2e,100
ITA,2021,ELEC,Electricity,FFUEL,EUR_TCO2E_GT5,Above EUR 5 per tonne of CO2e,100
NLD,2012,ELEC,Electricity,FFUEL,EUR_TCO2E_GT5,Above EUR 5 per tonne of CO2e,100
NLD,2018,ELEC,Electricity,FFUEL,EUR_TCO2E_GT5,Above EUR 5 per tonne of CO2e,100
NLD,2021,ELEC,Electricity,FFUEL,EUR_TCO2E_GT5,Above EUR 5 per tonne of CO2e,100
POL,2015,ELEC,Electricity,FFUEL,EUR_TCO2E_GT5,Above EUR 5 per tonne of CO2e,100
POL,2018,ELEC,Electricity,FFUEL,EUR_TCO2E_GT5,Above EUR 5 per tonne of CO2e,100
POL,2021,ELEC,Electricity,FFUEL,EUR_TCO2E_GT5,Above EUR 5 per tonne of CO2e,100
ESP,2015,ELEC,Electricity,FFUEL,EUR_TCO2E_GT5,Above EUR 5 per tonne of CO2e,100
ESP,2018,ELEC,Electricity,FFUEL,EUR_TCO2E_GT5,Above EUR 5 per tonne of CO2e,100
ESP,2021,ELEC,Electricity,FFUEL,EUR_TCO2E_GT5,Above EUR 5 per tonne of CO2e,100
SWE,2015,ELEC,Electricity,FFUEL,EUR_TCO2E_GT5,Above EUR 5 per tonne of CO2e,100
SWE,2018,ELEC,Electricity,FFUEL,EUR_TCO2E_GT5,Above EUR 5 per tonne of CO2e,100
GBR,2018,ELEC,Electricity,FFUEL,EUR_TCO2E_GT5,Above EUR 5 per tonne of CO2e,100
AUT,2012,AGRIFISH,Agriculture & fisheries,FFUEL,EUR_TCO2E_GT0,Above EUR 0 per tonne of CO2e,100
AUT,2015,AGRIFISH,Agriculture & fisheries,FFUEL,EUR_TCO2E_GT0,Above EUR 0 per tonne of CO2e,100
AUT,2018,AGRIFISH,Agriculture & fisheries,FFUEL,EUR_TCO2E_GT0,Above EUR 0 per tonne of CO2e,100
AUT,2021,AGRIFISH,Agriculture & fisheries,FFUEL,EUR_TCO2E_GT0,Above EUR 0 per tonne of CO2e,100
DNK,2015,AGRIFISH,Agriculture & fisheries,FFUEL,EUR_TCO2E_GT0,Above EUR 0 per tonne of CO2e,100
DEU,2012,AGRIFISH,Agriculture & fisheries,FFUEL,EUR_TCO2E_GT0,Above EUR 0 per tonne of CO2e,100
DEU,2015,AGRIFISH,Agriculture & fisheries,FFUEL,EUR_TCO2E_GT0,Above EUR 0 per tonne of CO2e,100
DEU,2018,AGRIFISH,Agriculture & fisheries,FFUEL,EUR_TCO2E_GT0,Above EUR 0 per tonne of CO2e,100
DEU,2021,AGRIFISH,Agriculture & fisheries,FFUEL,EUR_TCO2E_GT0,Above EUR 0 per tonne of CO2e,100
ITA,2012,AGRIFISH,Agriculture & fisheries,FFUEL,EUR_TCO2E_GT0,Above EUR 0 per tonne of CO2e,100
ITA,2015,AGRIFISH,Agriculture & fisheries,FFUEL,EUR_TCO2E_GT0,Above EUR 0 per tonne of CO2e,100
NLD,2012,AGRIFISH,Agriculture & fisheries,FFUEL,EUR_TCO2E_GT0,Above EUR 0 per tonne of CO2e,100
SWE,2021,AGRIFISH,Agriculture & fisheries,FFUEL,EUR_TCO2E_GT0,Above EUR 0 per tonne of CO2e,100
GBR,2012,AGRIFISH,Agriculture & fisheries,FFUEL,EUR_TCO2E_GT0,Above EUR 0 per tonne of CO2e,100
GBR,2015,AGRIFISH,Agriculture & fisheries,FFUEL,EUR_TCO2E_GT0,Above EUR 0 per tonne of CO2e,100
DEU,2015,RESCOM,Buildings,FFUEL,EUR_TCO2E_GT0,Above EUR 0 per tonne of CO2e,100
DEU,2018,RESCOM,Buildings,FFUEL,EUR_TCO2E_GT0,Above EUR 0 per tonne of CO2e,100
DEU,2021,RESCOM,Buildings,FFUEL,EUR_TCO2E_GT0,Above EUR 0 per tonne of CO2e,100
ITA,2018,RESCOM,Buildings,FFUEL,EUR_TCO2E_GT0,Above EUR 0 per tonne of CO2e,100
SWE,2021,RESCOM,Buildings,FFUEL,EUR_TCO2E_GT0,Above EUR 0 per tonne of CO2e,100
AUT,2012,ELEC,Electricity,FFUEL,EUR_TCO2E_GT0,Above EUR 0 per tonne of CO2e,100
AUT,2015,ELEC,Electricity,FFUEL,EUR_TCO2E_GT0,Above EUR 0 per tonne of CO2e,100
AUT,2018,ELEC,Electricity,FFUEL,EUR_TCO2E_GT0,Above EUR 0 per tonne of CO2e,100
AUT,2021,ELEC,Electricity,FFUEL,EUR_TCO2E_GT0,Above EUR 0 per tonne of CO2e,100
DNK,2012,ELEC,Electricity,FFUEL,EUR_TCO2E_GT0,Above EUR 0 per tonne of CO2e,100
DNK,2015,ELEC,Electricity,FFUEL,EUR_TCO2E_GT0,Above EUR 0 per tonne of CO2e,100
DNK,2018,ELEC,Electricity,FFUEL,EUR_TCO2E_GT0,Above EUR 0 per tonne of CO2e,100
FRA,2012,ELEC,Electricity,FFUEL,EUR_TCO2E_GT0,Above EUR 0 per tonne of CO2e,100
FRA,2015,ELEC,Electricity,FFUEL,EUR_TCO2E_GT0,Above EUR 0 per tonne of CO2e,100
FRA,2018,ELEC,Electricity,FFUEL,EUR_TCO2E_GT0,Above EUR 0 per tonne of CO2e,100
FRA,2021,ELEC,Electricity,FFUEL,EUR_TCO2E_GT0,Above EUR 0 per tonne of CO2e,100
DEU,2012,ELEC,Electricity,FFUEL,EUR_TCO2E_GT0,Above EUR 0 per tonne of CO2e,100
DEU,2015,ELEC,Electricity,FFUEL,EUR_TCO2E_GT0,Above EUR 0 per tonne of CO2e,100
DEU,2018,ELEC,Electricity,FFUEL,EUR_TCO2E_GT0,Above EUR 0 per tonne of CO2e,100
ITA,2015,ELEC,Electricity,FFUEL,EUR_TCO2E_GT0,Above EUR 0 per tonne of CO2e,100
ITA,2018,ELEC,Electricity,FFUEL,EUR_TCO2E_GT0,Above EUR 0 per tonne of CO2e,100
ITA,2021,ELEC,Electricity,FFUEL,EUR_TCO2E_GT0,Above EUR 0 per tonne of CO2e,100
NLD,2012,ELEC,Electricity,FFUEL,EUR_TCO2E_GT0,Above EUR 0 per tonne of CO2e,100
NLD,2018,ELEC,Electricity,FFUEL,EUR_TCO2E_GT0,Above EUR 0 per tonne of CO2e,100
NLD,2021,ELEC,Electricity,FFUEL,EUR_TCO2E_GT0,Above EUR 0 per tonne of CO2e,100
POL,2015,ELEC,Electricity,FFUEL,EUR_TCO2E_GT0,Above EUR 0 per tonne of CO2e,100
POL,2018,ELEC,Electricity,FFUEL,EUR_TCO2E_GT0,Above EUR 0 per tonne of CO2e,100
POL,2021,ELEC,Electricity,FFUEL,EUR_TCO2E_GT0,Above EUR 0 per tonne of CO2e,100
ESP,2015,ELEC,Electricity,FFUEL,EUR_TCO2E_GT0,Above EUR 0 per tonne of CO2e,100
ESP,2018,ELEC,Electricity,FFUEL,EUR_TCO2E_GT0,Above EUR 0 per tonne of CO2e,100
ESP,2021,ELEC,Electricity,FFUEL,EUR_TCO2E_GT0,Above EUR 0 per tonne of CO2e,100
SWE,2015,ELEC,Electricity,FFUEL,EUR_TCO2E_GT0,Above EUR 0 per tonne of CO2e,100
SWE,2018,ELEC,Electricity,FFUEL,EUR_TCO2E_GT0,Above EUR 0 per tonne of CO2e,100
GBR,2018,ELEC,Electricity,FFUEL,EUR_TCO2E_GT0,Above EUR 0 per tonne of CO2e,100
DNK,2012,ROAD,Road transport,FFUEL,EUR_TCO2E_GT5,Above EUR 5 per tonne of CO2e,100
DNK,2015,ROAD,Road transport,FFUEL,EUR_TCO2E_GT5,Above EUR 5 per tonne of CO2e,100
DNK,2018,ROAD,Road transport,FFUEL,EUR_TCO2E_GT5,Above EUR 5 per tonne of CO2e,100
FRA,2015,ROAD,Road transport,FFUEL,EUR_TCO2E_GT5,Above EUR 5 per tonne of CO2e,100
FRA,2015,ROAD,Road transport,FFUEL_BIOF,EUR_TCO2E_GT5,Above EUR 5 per tonne of CO2e,100
FRA,2018,ROAD,Road transport,FFUEL,EUR_TCO2E_GT5,Above EUR 5 per tonne of CO2e,100
FRA,2018,ROAD,Road transport,FFUEL_BIOF,EUR_TCO2E_GT5,Above EUR 5 per tonne of CO2e,100
DEU,2015,ROAD,Road transport,FFUEL,EUR_TCO2E_GT5,Above EUR 5 per tonne of CO2e,100
DEU,2018,ROAD,Road transport,FFUEL,EUR_TCO2E_GT5,Above EUR 5 per tonne of CO2e,100
NLD,2015,ROAD,Road transport,FFUEL,EUR_TCO2E_GT5,Above EUR 5 per tonne of CO2e,100
NLD,2015,ROAD,Road transport,FFUEL_BIOF,EUR_TCO2E_GT5,Above EUR 5 per tonne of CO2e,100
NLD,2018,ROAD,Road transport,FFUEL_BIOF,EUR_TCO2E_GT5,Above EUR 5 per tonne of CO2e,100
NLD,2018,ROAD,Road transport,FFUEL,EUR_TCO2E_GT5,Above EUR 5 per tonne of CO2e,100
POL,2012,ROAD,Road transport,FFUEL,EUR_TCO2E_GT5,Above EUR 5 per tonne of CO2e,100
POL,2015,ROAD,Road transport,FFUEL,EUR_TCO2E_GT5,Above EUR 5 per tonne of CO2e,100
POL,2018,ROAD,Road transport,FFUEL,EUR_TCO2E_GT5,Above EUR 5 per tonne of CO2e,100
ESP,2012,ROAD,Road transport,FFUEL,EUR_TCO2E_GT5,Above EUR 5 per tonne of CO2e,100
ESP,2015,ROAD,Road transport,FFUEL_BIOF,EUR_TCO2E_GT5,Above EUR 5 per tonne of CO2e,100
ESP,2015,ROAD,Road transport,FFUEL,EUR_TCO2E_GT5,Above EUR 5 per tonne of CO2e,100
ESP,2018,ROAD,Road transport,FFUEL,EUR_TCO2E_GT5,Above EUR 5 per tonne of CO2e,100
ESP,2018,ROAD,Road transport,FFUEL_BIOF,EUR_TCO2E_GT5,Above EUR 5 per tonne of CO2e,100
SWE,2018,ROAD,Road transport,FFUEL,EUR_TCO2E_GT5,Above EUR 5 per tonne of CO2e,100
GBR,2012,ROAD,Road transport,FFUEL,EUR_TCO2E_GT5,Above EUR 5 per tonne of CO2e,100
GBR,2012,ROAD,Road transport,FFUEL_BIOF,EUR_TCO2E_GT5,Above EUR 5 per tonne of CO2e,100
GBR,2015,ROAD,Road transport,FFUEL_BIOF,EUR_TCO2E_GT5,Above EUR 5 per tonne of CO2e,100
GBR,2015,ROAD,Road transport,FFUEL,EUR_TCO2E_GT5,Above EUR 5 per tonne of CO2e,100
GBR,2018,ROAD,Road transport,FFUEL,EUR_TCO2E_GT5,Above EUR 5 per tonne of CO2e,100
GBR,2018,ROAD,Road transport,FFUEL_BIOF,EUR_TCO2E_GT5,Above EUR 5 per tonne of CO2e,100
DNK,2021,ROAD,Road transport,FFUEL,EUR_TCO2E_GT5,Above EUR 5 per tonne of CO2e,100
FRA,2021,ROAD,Road transport,FFUEL,EUR_TCO2E_GT5,Above EUR 5 per tonne of CO2e,100
FRA,2021,ROAD,Road transport,FFUEL_BIOF,EUR_TCO2E_GT5,Above EUR 5 per tonne of CO2e,100
DEU,2021,ROAD,Road transport,FFUEL,EUR_TCO2E_GT5,Above EUR 5 per tonne of CO2e,100
NLD,2021,ROAD,Road transport,FFUEL,EUR_TCO2E_GT5,Above EUR 5 per tonne of CO2e,100
NLD,2021,ROAD,Road transport,FFUEL_BIOF,EUR_TCO2E_GT5,Above EUR 5 per tonne of CO2e,100
POL,2021,ROAD,Road transport,FFUEL,EUR_TCO2E_GT5,Above EUR 5 per tonne of CO2e,100
POL,2021,ROAD,Road transport,FFUEL_BIOF,EUR_TCO2E_GT5,Above EUR 5 per tonne of CO2e,100
SWE,2021,ROAD,Road transport,FFUEL,EUR_TCO2E_GT5,Above EUR 5 per tonne of CO2e,100
DNK,2012,ROAD,Road transport,FFUEL,EUR_TCO2E_GT30,Above EUR 30 per tonne of CO2e,100
DNK,2015,ROAD,Road transport,FFUEL,EUR_TCO2E_GT30,Above EUR 30 per tonne of CO2e,100
DNK,2018,ROAD,Road transport,FFUEL,EUR_TCO2E_GT30,Above EUR 30 per tonne of CO2e,100
DNK,2021,ROAD,Road transport,FFUEL,EUR_TCO2E_GT30,Above EUR 30 per tonne of CO2e,100
FRA,2018,ROAD,Road transport,FFUEL_BIOF,EUR_TCO2E_GT30,Above EUR 30 per tonne of CO2e,100
FRA,2018,ROAD,Road transport,FFUEL,EUR_TCO2E_GT30,Above EUR 30 per tonne of CO2e,100
FRA,2021,ROAD,Road transport,FFUEL_BIOF,EUR_TCO2E_GT30,Above EUR 30 per tonne of CO2e,100
FRA,2021,ROAD,Road transport,FFUEL,EUR_TCO2E_GT30,Above EUR 30 per tonne of CO2e,100
DEU,2015,ROAD,Road transport,FFUEL,EUR_TCO2E_GT30,Above EUR 30 per tonne of CO2e,100
DEU,2018,ROAD,Road transport,FFUEL,EUR_TCO2E_GT30,Above EUR 30 per tonne of CO2e,100
DEU,2021,ROAD,Road transport,FFUEL,EUR_TCO2E_GT30,Above EUR 30 per tonne of CO2e,100
NLD,2015,ROAD,Road transport,FFUEL_BIOF,EUR_TCO2E_GT30,Above EUR 30 per tonne of CO2e,100
NLD,2015,ROAD,Road transport,FFUEL,EUR_TCO2E_GT30,Above EUR 30 per tonne of CO2e,100
NLD,2018,ROAD,Road transport,FFUEL,EUR_TCO2E_GT30,Above EUR 30 per tonne of CO2e,100
NLD,2018,ROAD,Road transport,FFUEL_BIOF,EUR_TCO2E_GT30,Above EUR 30 per tonne of CO2e,100
NLD,2021,ROAD,Road transport,FFUEL,EUR_TCO2E_GT30,Above EUR 30 per tonne of CO2e,100
NLD,2021,ROAD,Road transport,FFUEL_BIOF,EUR_TCO2E_GT30,Above EUR 30 per tonne of CO2e,100
POL,2012,ROAD,Road transport,FFUEL,EUR_TCO2E_GT30,Above EUR 30 per tonne of CO2e,100
POL,2018,ROAD,Road transport,FFUEL,EUR_TCO2E_GT30,Above EUR 30 per tonne of CO2e,100
SWE,2018,ROAD,Road transport,FFUEL,EUR_TCO2E_GT30,Above EUR 30 per tonne of CO2e,100
SWE,2021,ROAD,Road transport,FFUEL,EUR_TCO2E_GT30,Above EUR 30 per tonne of CO2e,100
GBR,2012,ROAD,Road transport,FFUEL_BIOF,EUR_TCO2E_GT30,Above EUR 30 per tonne of CO2e,100
GBR,2012,ROAD,Road transport,FFUEL,EUR_TCO2E_GT30,Above EUR 30 per tonne of CO2e,100
GBR,2015,ROAD,Road transport,FFUEL,EUR_TCO2E_GT30,Above EUR 30 per tonne of CO2e,100
GBR,2015,ROAD,Road transport,FFUEL_BIOF,EUR_TCO2E_GT30,Above EUR 30 per tonne of CO2e,100
GBR,2018,ROAD,Road transport,FFUEL_BIOF,EUR_TCO2E_GT30,Above EUR 30 per tonne of CO2e,100
GBR,2018,ROAD,Road transport,FFUEL,EUR_TCO2E_GT30,Above EUR 30 per tonne of CO2e,100
DNK,2012,ROAD,Road transport,FFUEL,EUR_TCO2E_GT60,Above EUR 60 per tonne of CO2e,100
DNK,2015,ROAD,Road transport,FFUEL,EUR_TCO2E_GT60,Above EUR 60 per tonne of CO2e,100
DNK,2018,ROAD,Road transport,FFUEL,EUR_TCO2E_GT60,Above EUR 60 per tonne of CO2e,100
DNK,2021,ROAD,Road transport,FFUEL,EUR_TCO2E_GT60,Above EUR 60 per tonne of CO2e,100
DEU,2015,ROAD,Road transport,FFUEL,EUR_TCO2E_GT60,Above EUR 60 per tonne of CO2e,100
DEU,2018,ROAD,Road transport,FFUEL,EUR_TCO2E_GT60,Above EUR 60 per tonne of CO2e,100
DEU,2021,ROAD,Road transport,FFUEL,EUR_TCO2E_GT60,Above EUR 60 per tonne of CO2e,100
NLD,2015,ROAD,Road transport,FFUEL_BIOF,EUR_TCO2E_GT60,Above EUR 60 per tonne of CO2e,100
NLD,2015,ROAD,Road transport,FFUEL,EUR_TCO2E_GT60,Above EUR 60 per tonne of CO2e,100
NLD,2018,ROAD,Road transport,FFUEL_BIOF,EUR_TCO2E_GT60,Above EUR 60 per tonne of CO2e,100
NLD,2018,ROAD,Road transport,FFUEL,EUR_TCO2E_GT60,Above EUR 60 per tonne of CO2e,100
NLD,2021,ROAD,Road transport,FFUEL,EUR_TCO2E_GT60,Above EUR 60 per tonne of CO2e,100
NLD,2021,ROAD,Road transport,FFUEL_BIOF,EUR_TCO2E_GT60,Above EUR 60 per tonne of CO2e,100
POL,2012,ROAD,Road transport,FFUEL,EUR_TCO2E_GT60,Above EUR 60 per tonne of CO2e,100
SWE,2018,ROAD,Road transport,FFUEL,EUR_TCO2E_GT60,Above EUR 60 per tonne of CO2e,100
SWE,2021,ROAD,Road transport,FFUEL,EUR_TCO2E_GT60,Above EUR 60 per tonne of CO2e,100
GBR,2012,ROAD,Road transport,FFUEL,EUR_TCO2E_GT60,Above EUR 60 per tonne of CO2e,100
GBR,2012,ROAD,Road transport,FFUEL_BIOF,EUR_TCO2E_GT60,Above EUR 60 per tonne of CO2e,100
GBR,2015,ROAD,Road transport,FFUEL_BIOF,EUR_TCO2E_GT60,Above EUR 60 per tonne of CO2e,100
GBR,2015,ROAD,Road transport,FFUEL,EUR_TCO2E_GT60,Above EUR 60 per tonne of CO2e,100
GBR,2018,ROAD,Road transport,FFUEL,EUR_TCO2E_GT60,Above EUR 60 per tonne of CO2e,100
GBR,2018,ROAD,Road transport,FFUEL_BIOF,EUR_TCO2E_GT60,Above EUR 60 per tonne of CO2e,100
DNK,2012,ROAD,Road transport,FFUEL,EUR_TCO2E_GT90,Above EUR 90 per tonne of CO2e,100
DNK,2012,ROAD,Road transport,FFUEL,EUR_TCO2E_GT120,Above EUR 120 per tonne of CO2e,100
DNK,2015,ROAD,Road transport,FFUEL,EUR_TCO2E_GT90,Above EUR 90 per tonne of CO2e,100
DNK,2015,ROAD,Road transport,FFUEL,EUR_TCO2E_GT120,Above EUR 120 per tonne of CO2e,100
DNK,2018,ROAD,Road transport,FFUEL,EUR_TCO2E_GT90,Above EUR 90 per tonne of CO2e,100
DNK,2018,ROAD,Road transport,FFUEL,EUR_TCO2E_GT120,Above EUR 120 per tonne of CO2e,100
DNK,2021,ROAD,Road transport,FFUEL,EUR_TCO2E_GT90,Above EUR 90 per tonne of CO2e,100
DNK,2021,ROAD,Road transport,FFUEL,EUR_TCO2E_GT120,Above EUR 120 per tonne of CO2e,100
NLD,2018,ROAD,Road transport,FFUEL,EUR_TCO2E_GT90,Above EUR 90 per tonne of CO2e,100
NLD,2018,ROAD,Road transport,FFUEL_BIOF,EUR_TCO2E_GT90,Above EUR 90 per tonne of CO2e,100
NLD,2021,ROAD,Road transport,FFUEL,EUR_TCO2E_GT90,Above EUR 90 per tonne of CO2e,100
NLD,2021,ROAD,Road transport,FFUEL_BIOF,EUR_TCO2E_GT90,Above EUR 90 per tonne of CO2e,100
POL,2012,ROAD,Road transport,FFUEL,EUR_TCO2E_GT90,Above EUR 90 per tonne of CO2e,100
POL,2012,ROAD,Road transport,FFUEL,EUR_TCO2E_GT120,Above EUR 120 per tonne of CO2e,100
SWE,2018,ROAD,Road transport,FFUEL,EUR_TCO2E_GT90,Above EUR 90 per tonne of CO2e,100
SWE,2021,ROAD,Road transport,FFUEL,EUR_TCO2E_GT90,Above EUR 90 per tonne of CO2e,100
GBR,2012,ROAD,Road transport,FFUEL,EUR_TCO2E_GT120,Above EUR 120 per tonne of CO2e,100
GBR,2012,ROAD,Road transport,FFUEL_BIOF,EUR_TCO2E_GT120,Above EUR 120 per tonne of CO2e,100
GBR,2012,ROAD,Road transport,FFUEL,EUR_TCO2E_GT90,Above EUR 90 per tonne of CO2e,100
GBR,2012,ROAD,Road transport,FFUEL_BIOF,EUR_TCO2E_GT90,Above EUR 90 per tonne of CO2e,100
GBR,2015,ROAD,Road transport,FFUEL_BIOF,EUR_TCO2E_GT90,Above EUR 90 per tonne of CO2e,100
GBR,2015,ROAD,Road transport,FFUEL_BIOF,EUR_TCO2E_GT120,Above EUR 120 per tonne of CO2e,100
GBR,2015,ROAD,Road transport,FFUEL,EUR_TCO2E_GT90,Above EUR 90 per tonne of CO2e,100
GBR,2015,ROAD,Road transport,FFUEL,EUR_TCO2E_GT120,Above EUR 120 per tonne of CO2e,100
GBR,2018,ROAD,Road transport,FFUEL,EUR_TCO2E_GT120,Above EUR 120 per tonne of CO2e,100
GBR,2018,ROAD,Road transport,FFUEL_BIOF,EUR_TCO2E_GT120,Above EUR 120 per tonne of CO2e,100
GBR,2018,ROAD,Road transport,FFUEL,EUR_TCO2E_GT90,Above EUR 90 per tonne of CO2e,100
GBR,2018,ROAD,Road transport,FFUEL_BIOF,EUR_TCO2E_GT90,Above EUR 90 per tonne of CO2e,100
DNK,2012,ROAD,Road transport,FFUEL,EUR_TCO2E_GT0,Above EUR 0 per tonne of CO2e,100
DNK,2015,ROAD,Road transport,FFUEL,EUR_TCO2E_GT0,Above EUR 0 per tonne of CO2e,100
DNK,2018,ROAD,Road transport,FFUEL,EUR_TCO2E_GT0,Above EUR 0 per tonne of CO2e,100
FRA,2015,ROAD,Road transport,FFUEL,EUR_TCO2E_GT0,Above EUR 0 per tonne of CO2e,100
FRA,2015,ROAD,Road transport,FFUEL_BIOF,EUR_TCO2E_GT0,Above EUR 0 per tonne of CO2e,100
FRA,2018,ROAD,Road transport,FFUEL_BIOF,EUR_TCO2E_GT0,Above EUR 0 per tonne of CO2e,100
FRA,2018,ROAD,Road transport,FFUEL,EUR_TCO2E_GT0,Above EUR 0 per tonne of CO2e,100
DEU,2015,ROAD,Road transport,FFUEL,EUR_TCO2E_GT0,Above EUR 0 per tonne of CO2e,100
DEU,2018,ROAD,Road transport,FFUEL,EUR_TCO2E_GT0,Above EUR 0 per tonne of CO2e,100
ITA,2012,ROAD,Road transport,FFUEL,EUR_TCO2E_GT0,Above EUR 0 per tonne of CO2e,100
ITA,2015,ROAD,Road transport,FFUEL,EUR_TCO2E_GT0,Above EUR 0 per tonne of CO2e,100
ITA,2018,ROAD,Road transport,FFUEL,EUR_TCO2E_GT0,Above EUR 0 per tonne of CO2e,100
NLD,2015,ROAD,Road transport,FFUEL_BIOF,EUR_TCO2E_GT0,Above EUR 0 per tonne of CO2e,100
NLD,2015,ROAD,Road transport,FFUEL,EUR_TCO2E_GT0,Above EUR 0 per tonne of CO2e,100
NLD,2018,ROAD,Road transport,FFUEL_BIOF,EUR_TCO2E_GT0,Above EUR 0 per tonne of CO2e,100
NLD,2018,ROAD,Road transport,FFUEL,EUR_TCO2E_GT0,Above EUR 0 per tonne of CO2e,100
POL,2012,ROAD,Road transport,FFUEL,EUR_TCO2E_GT0,Above EUR 0 per tonne of CO2e,100
POL,2015,ROAD,Road transport,FFUEL,EUR_TCO2E_GT0,Above EUR 0 per tonne of CO2e,100
POL,2018,ROAD,Road transport,FFUEL,EUR_TCO2E_GT0,Above EUR 0 per tonne of CO2e,100
ESP,2012,ROAD,Road transport,FFUEL,EUR_TCO2E_GT0,Above EUR 0 per tonne of CO2e,100
ESP,2015,ROAD,Road transport,FFUEL_BIOF,EUR_TCO2E_GT0,Above EUR 0 per tonne of CO2e,100
ESP,2015,ROAD,Road transport,FFUEL,EUR_TCO2E_GT0,Above EUR 0 per tonne of CO2e,100
ESP,2018,ROAD,Road transport,FFUEL,EUR_TCO2E_GT0,Above EUR 0 per tonne of CO2e,100
ESP,2018,ROAD,Road transport,FFUEL_BIOF,EUR_TCO2E_GT0,Above EUR 0 per tonne of CO2e,100
SWE,2018,ROAD,Road transport,FFUEL,EUR_TCO2E_GT0,Above EUR 0 per tonne of CO2e,100
GBR,2012,ROAD,Road transport,FFUEL,EUR_TCO2E_GT0,Above EUR 0 per tonne of CO2e,100
GBR,2012,ROAD,Road transport,FFUEL_BIOF,EUR_TCO2E_GT0,Above EUR 0 per tonne of CO2e,100
GBR,2015,ROAD,Road transport,FFUEL,EUR_TCO2E_GT0,Above EUR 0 per tonne of CO2e,100
GBR,2015,ROAD,Road transport,FFUEL_BIOF,EUR_TCO2E_GT0,Above EUR 0 per tonne of CO2e,100
GBR,2018,ROAD,Road transport,FFUEL_BIOF,EUR_TCO2E_GT0,Above EUR 0 per tonne of CO2e,100
GBR,2018,ROAD,Road transport,FFUEL,EUR_TCO2E_GT0,Above EUR 0 per tonne of CO2e,100
DNK,2021,ROAD,Road transport,FFUEL,EUR_TCO2E_GT0,Above EUR 0 per tonne of CO2e,100
FRA,2021,ROAD,Road transport,FFUEL,EUR_TCO2E_GT0,Above EUR 0 per tonne of CO2e,100
FRA,2021,ROAD,Road transport,FFUEL_BIOF,EUR_TCO2E_GT0,Above EUR 0 per tonne of CO2e,100
DEU,2021,ROAD,Road transport,FFUEL,EUR_TCO2E_GT0,Above EUR 0 per tonne of CO2e,100
ITA,2021,ROAD,Road transport,FFUEL,EUR_TCO2E_GT0,Above EUR 0 per tonne of CO2e,100
NLD,2021,ROAD,Road transport,FFUEL_BIOF,EUR_TCO2E_GT0,Above EUR 0 per tonne of CO2e,100
NLD,2021,ROAD,Road transport,FFUEL,EUR_TCO2E_GT0,Above EUR 0 per tonne of CO2e,100
POL,2021,ROAD,Road transport,FFUEL,EUR_TCO2E_GT0,Above EUR 0 per tonne of CO2e,100
POL,2021,ROAD,Road transport,FFUEL_BIOF,EUR_TCO2E_GT0,Above EUR 0 per tonne of CO2e,100
SWE,2021,ROAD,Road transport,FFUEL,EUR_TCO2E_GT0,Above EUR 0 per tonne of CO2e,100
AUT,2012,ROAD,Road transport,FFUEL_BIOF,EUR_TCO2E_GT120,Above EUR 120 per tonne of CO2e,93.06858063
AUT,2012,ROAD,Road transport,FFUEL,EUR_TCO2E_GT120,Above EUR 120 per tonne of CO2e,99.49815959
AUT,2012,OFFROAD,Off-road transport,FFUEL,EUR_TCO2E_GT120,Above EUR 120 per tonne of CO2e,12.71664429
AUT,2012,OFFROAD,Off-road transport,FFUEL_BIOF,EUR_TCO2E_GT120,Above EUR 120 per tonne of CO2e,12.56518555
AUT,2012,INDUSTRY,Industry,FFUEL,EUR_TCO2E_GT120,Above EUR 120 per tonne of CO2e,3.861183167
AUT,2012,INDUSTRY,Industry,FFUEL_BIOF,EUR_TCO2E_GT120,Above EUR 120 per tonne of CO2e,2.762710571
BEL,2012,ROAD,Road transport,FFUEL,EUR_TCO2E_GT120,Above EUR 120 per tonne of CO2e,99.41456175
BEL,2012,ROAD,Road transport,FFUEL_BIOF,EUR_TCO2E_GT120,Above EUR 120 per tonne of CO2e,95.26963854
DNK,2012,ROAD,Road transport,FFUEL_BIOF,EUR_TCO2E_GT120,Above EUR 120 per tonne of CO2e,94.59465075
DNK,2012,OFFROAD,Off-road transport,FFUEL,EUR_TCO2E_GT120,Above EUR 120 per tonne of CO2e,11.60380554
DNK,2012,OFFROAD,Off-road transport,FFUEL_BIOF,EUR_TCO2E_GT120,Above EUR 120 per tonne of CO2e,11.60380554
DNK,2012,INDUSTRY,Industry,FFUEL_BIOF,EUR_TCO2E_GT120,Above EUR 120 per tonne of CO2e,13.16291809
DNK,2012,INDUSTRY,Industry,FFUEL,EUR_TCO2E_GT120,Above EUR 120 per tonne of CO2e,20.24285126
DNK,2012,AGRIFISH,Agriculture & fisheries,FFUEL_BIOF,EUR_TCO2E_GT120,Above EUR 120 per tonne of CO2e,3.167984009
DNK,2012,AGRIFISH,Agriculture & fisheries,FFUEL,EUR_TCO2E_GT120,Above EUR 120 per tonne of CO2e,3.637321472
DNK,2012,RESCOM,Buildings,FFUEL,EUR_TCO2E_GT120,Above EUR 120 per tonne of CO2e,98.72378063
DNK,2012,RESCOM,Buildings,FFUEL_BIOF,EUR_TCO2E_GT120,Above EUR 120 per tonne of CO2e,44.43128967
FRA,2012,ROAD,Road transport,FFUEL,EUR_TCO2E_GT120,Above EUR 120 per tonne of CO2e,99.60660741
FRA,2012,ROAD,Road transport,FFUEL_BIOF,EUR_TCO2E_GT120,Above EUR 120 per tonne of CO2e,99.63089374
FRA,2012,RESCOM,Buildings,FFUEL_BIOF,EUR_TCO2E_GT120,Above EUR 120 per tonne of CO2e,0.032546997
FRA,2012,RESCOM,Buildings,FFUEL,EUR_TCO2E_GT120,Above EUR 120 per tonne of CO2e,0.046302795
DEU,2012,ROAD,Road transport,FFUEL,EUR_TCO2E_GT120,Above EUR 120 per tonne of CO2e,98.6864568
DEU,2012,ROAD,Road transport,FFUEL_BIOF,EUR_TCO2E_GT120,Above EUR 120 per tonne of CO2e,98.76107621
DEU,2012,OFFROAD,Off-road transport,FFUEL,EUR_TCO2E_GT120,Above EUR 120 per tonne of CO2e,17.86511993
DEU,2012,OFFROAD,Off-road transport,FFUEL_BIOF,EUR_TCO2E_GT120,Above EUR 120 per tonne of CO2e,18.95983124
DEU,2012,RESCOM,Buildings,FFUEL_BIOF,EUR_TCO2E_GT120,Above EUR 120 per tonne of CO2e,0.538002014
DEU,2012,RESCOM,Buildings,FFUEL,EUR_TCO2E_GT120,Above EUR 120 per tonne of CO2e,0.703834534
ITA,2012,ROAD,Road transport,FFUEL,EUR_TCO2E_GT120,Above EUR 120 per tonne of CO2e,94.12216616
ITA,2012,ROAD,Road transport,FFUEL_BIOF,EUR_TCO2E_GT120,Above EUR 120 per tonne of CO2e,94.35818338
ITA,2012,INDUSTRY,Industry,FFUEL,EUR_TCO2E_GT120,Above EUR 120 per tonne of CO2e,1.660140991
ITA,2012,INDUSTRY,Industry,FFUEL_BIOF,EUR_TCO2E_GT120,Above EUR 120 per tonne of CO2e,1.587150574
ITA,2012,AGRIFISH,Agriculture & fisheries,FFUEL_BIOF,EUR_TCO2E_GT120,Above EUR 120 per tonne of CO2e,0.398536682
ITA,2012,AGRIFISH,Agriculture & fisheries,FFUEL,EUR_TCO2E_GT120,Above EUR 120 per tonne of CO2e,0.398979187
ITA,2012,RESCOM,Buildings,FFUEL_BIOF,EUR_TCO2E_GT120,Above EUR 120 per tonne of CO2e,5.808204651
ITA,2012,RESCOM,Buildings,FFUEL,EUR_TCO2E_GT120,Above EUR 120 per tonne of CO2e,8.405830383
NLD,2012,ROAD,Road transport,FFUEL_BIOF,EUR_TCO2E_GT120,Above EUR 120 per tonne of CO2e,97.30593133
NLD,2012,ROAD,Road transport,FFUEL,EUR_TCO2E_GT120,Above EUR 120 per tonne of CO2e,97.22694445
NLD,2012,OFFROAD,Off-road transport,FFUEL_BIOF,EUR_TCO2E_GT120,Above EUR 120 per tonne of CO2e,0.226448059
NLD,2012,RESCOM,Buildings,FFUEL_BIOF,EUR_TCO2E_GT120,Above EUR 120 per tonne of CO2e,0.06048584
NLD,2012,RESCOM,Buildings,FFUEL,EUR_TCO2E_GT120,Above EUR 120 per tonne of CO2e,0.065414429
POL,2012,ROAD,Road transport,FFUEL_BIOF,EUR_TCO2E_GT120,Above EUR 120 per tonne of CO2e,94.93568182
POL,2012,OFFROAD,Off-road transport,FFUEL,EUR_TCO2E_GT120,Above EUR 120 per tonne of CO2e,34.62387848
POL,2012,OFFROAD,Off-road transport,FFUEL_BIOF,EUR_TCO2E_GT120,Above EUR 120 per tonne of CO2e,34.62387848
POL,2012,INDUSTRY,Industry,FFUEL_BIOF,EUR_TCO2E_GT120,Above EUR 120 per tonne of CO2e,1.616981506
POL,2012,INDUSTRY,Industry,FFUEL,EUR_TCO2E_GT120,Above EUR 120 per tonne of CO2e,1.784347534
POL,2012,AGRIFISH,Agriculture & fisheries,FFUEL,EUR_TCO2E_GT120,Above EUR 120 per tonne of CO2e,0.030136108
POL,2012,AGRIFISH,Agriculture & fisheries,FFUEL_BIOF,EUR_TCO2E_GT120,Above EUR 120 per tonne of CO2e,0.024436951
ESP,2012,ROAD,Road transport,FFUEL_BIOF,EUR_TCO2E_GT120,Above EUR 120 per tonne of CO2e,91.64282799
ESP,2012,ROAD,Road transport,FFUEL,EUR_TCO2E_GT120,Above EUR 120 per tonne of CO2e,99.68074021
ESP,2012,OFFROAD,Off-road transport,FFUEL_BIOF,EUR_TCO2E_GT120,Above EUR 120 per tonne of CO2e,0.198501587
ESP,2012,OFFROAD,Off-road transport,FFUEL,EUR_TCO2E_GT120,Above EUR 120 per tonne of CO2e,0.201667786
SWE,2012,ROAD,Road transport,FFUEL,EUR_TCO2E_GT120,Above EUR 120 per tonne of CO2e,99.31207848
SWE,2012,ROAD,Road transport,FFUEL_BIOF,EUR_TCO2E_GT120,Above EUR 120 per tonne of CO2e,91.83379173
SWE,2012,AGRIFISH,Agriculture & fisheries,FFUEL_BIOF,EUR_TCO2E_GT120,Above EUR 120 per tonne of CO2e,8.353637695
SWE,2012,AGRIFISH,Agriculture & fisheries,FFUEL,EUR_TCO2E_GT120,Above EUR 120 per tonne of CO2e,14.82067108
SWE,2012,RESCOM,Buildings,FFUEL_BIOF,EUR_TCO2E_GT120,Above EUR 120 per tonne of CO2e,18.81764984
SWE,2012,RESCOM,Buildings,FFUEL,EUR_TCO2E_GT120,Above EUR 120 per tonne of CO2e,73.47549248
GBR,2012,OFFROAD,Off-road transport,FFUEL_BIOF,EUR_TCO2E_GT120,Above EUR 120 per tonne of CO2e,0.829925537
GBR,2012,OFFROAD,Off-road transport,FFUEL,EUR_TCO2E_GT120,Above EUR 120 per tonne of CO2e,0.829925537
AUT,2012,ENE,Energy use sectors,FFUEL_BIOF,EUR_TCO2E_GT120,Above EUR 120 per tonne of CO2e,23.55265808
AUT,2012,ENE,Energy use sectors,FFUEL,EUR_TCO2E_GT120,Above EUR 120 per tonne of CO2e,32.52297974
BEL,2012,ENE,Energy use sectors,FFUEL,EUR_TCO2E_GT120,Above EUR 120 per tonne of CO2e,24.5466156
BEL,2012,ENE,Energy use sectors,FFUEL_BIOF,EUR_TCO2E_GT120,Above EUR 120 per tonne of CO2e,21.79142761
DNK,2012,ENE,Energy use sectors,FFUEL,EUR_TCO2E_GT120,Above EUR 120 per tonne of CO2e,44.42255783
DNK,2012,ENE,Energy use sectors,FFUEL_BIOF,EUR_TCO2E_GT120,Above EUR 120 per tonne of CO2e,32.28170013
FRA,2012,ENE,Energy use sectors,FFUEL_BIOF,EUR_TCO2E_GT120,Above EUR 120 per tonne of CO2e,31.98181915
FRA,2012,ENE,Energy use sectors,FFUEL,EUR_TCO2E_GT120,Above EUR 120 per tonne of CO2e,35.16540527
DEU,2012,ENE,Energy use sectors,FFUEL_BIOF,EUR_TCO2E_GT120,Above EUR 120 per tonne of CO2e,17.17205048
DEU,2012,ENE,Energy use sectors,FFUEL,EUR_TCO2E_GT120,Above EUR 120 per tonne of CO2e,18.30620575
ITA,2012,ENE,Energy use sectors,FFUEL,EUR_TCO2E_GT120,Above EUR 120 per tonne of CO2e,26.36625671
ITA,2012,ENE,Energy use sectors,FFUEL_BIOF,EUR_TCO2E_GT120,Above EUR 120 per tonne of CO2e,24.11396027
NLD,2012,ENE,Energy use sectors,FFUEL_BIOF,EUR_TCO2E_GT120,Above EUR 120 per tonne of CO2e,17.54238129
NLD,2012,ENE,Energy use sectors,FFUEL,EUR_TCO2E_GT120,Above EUR 120 per tonne of CO2e,18.29550934
POL,2012,ENE,Energy use sectors,FFUEL_BIOF,EUR_TCO2E_GT120,Above EUR 120 per tonne of CO2e,13.6036911
POL,2012,ENE,Energy use sectors,FFUEL,EUR_TCO2E_GT120,Above EUR 120 per tonne of CO2e,15.18286133
ESP,2012,ENE,Energy use sectors,FFUEL_BIOF,EUR_TCO2E_GT120,Above EUR 120 per tonne of CO2e,23.51673889
ESP,2012,ENE,Energy use sectors,FFUEL,EUR_TCO2E_GT120,Above EUR 120 per tonne of CO2e,26.30265045
SWE,2012,ENE,Energy use sectors,FFUEL,EUR_TCO2E_GT120,Above EUR 120 per tonne of CO2e,42.2953186
SWE,2012,ENE,Energy use sectors,FFUEL_BIOF,EUR_TCO2E_GT120,Above EUR 120 per tonne of CO2e,20.45976257
GBR,2012,ENE,Energy use sectors,FFUEL_BIOF,EUR_TCO2E_GT120,Above EUR 120 per tonne of CO2e,22.28926086
GBR,2012,ENE,Energy use sectors,FFUEL,EUR_TCO2E_GT120,Above EUR 120 per tonne of CO2e,22.84519196
AUT,2012,ROAD,Road transport,FFUEL,EUR_TCO2E_GT90,Above EUR 90 per tonne of CO2e,99.76845847
AUT,2012,ROAD,Road transport,FFUEL_BIOF,EUR_TCO2E_GT90,Above EUR 90 per tonne of CO2e,93.32141304
AUT,2012,OFFROAD,Off-road transport,FFUEL_BIOF,EUR_TCO2E_GT90,Above EUR 90 per tonne of CO2e,12.56518555
AUT,2012,OFFROAD,Off-road transport,FFUEL,EUR_TCO2E_GT90,Above EUR 90 per tonne of CO2e,12.71664429
AUT,2012,INDUSTRY,Industry,FFUEL_BIOF,EUR_TCO2E_GT90,Above EUR 90 per tonne of CO2e,3.049438477
AUT,2012,INDUSTRY,Industry,FFUEL,EUR_TCO2E_GT90,Above EUR 90 per tonne of CO2e,4.261917114
BEL,2012,ROAD,Road transport,FFUEL_BIOF,EUR_TCO2E_GT90,Above EUR 90 per tonne of CO2e,95.26963854
BEL,2012,ROAD,Road transport,FFUEL,EUR_TCO2E_GT90,Above EUR 90 per tonne of CO2e,99.41456175
DNK,2012,ROAD,Road transport,FFUEL_BIOF,EUR_TCO2E_GT90,Above EUR 90 per tonne of CO2e,94.59465075
DNK,2012,OFFROAD,Off-road transport,FFUEL,EUR_TCO2E_GT90,Above EUR 90 per tonne of CO2e,12.08989716
DNK,2012,OFFROAD,Off-road transport,FFUEL_BIOF,EUR_TCO2E_GT90,Above EUR 90 per tonne of CO2e,12.08989716
DNK,2012,INDUSTRY,Industry,FFUEL_BIOF,EUR_TCO2E_GT90,Above EUR 90 per tonne of CO2e,25.44335938
DNK,2012,INDUSTRY,Industry,FFUEL,EUR_TCO2E_GT90,Above EUR 90 per tonne of CO2e,39.12856674
DNK,2012,AGRIFISH,Agriculture & fisheries,FFUEL_BIOF,EUR_TCO2E_GT90,Above EUR 90 per tonne of CO2e,8.889579773
DNK,2012,AGRIFISH,Agriculture & fisheries,FFUEL,EUR_TCO2E_GT90,Above EUR 90 per tonne of CO2e,10.20655823
DNK,2012,RESCOM,Buildings,FFUEL,EUR_TCO2E_GT90,Above EUR 90 per tonne of CO2e,98.81826603
DNK,2012,RESCOM,Buildings,FFUEL_BIOF,EUR_TCO2E_GT90,Above EUR 90 per tonne of CO2e,44.47381592
FRA,2012,ROAD,Road transport,FFUEL_BIOF,EUR_TCO2E_GT90,Above EUR 90 per tonne of CO2e,99.63089374
FRA,2012,ROAD,Road transport,FFUEL,EUR_TCO2E_GT90,Above EUR 90 per tonne of CO2e,99.60660741
FRA,2012,RESCOM,Buildings,FFUEL,EUR_TCO2E_GT90,Above EUR 90 per tonne of CO2e,0.046302795
FRA,2012,RESCOM,Buildings,FFUEL_BIOF,EUR_TCO2E_GT90,Above EUR 90 per tonne of CO2e,0.032546997
DEU,2012,ROAD,Road transport,FFUEL,EUR_TCO2E_GT90,Above EUR 90 per tonne of CO2e,98.6864568
DEU,2012,ROAD,Road transport,FFUEL_BIOF,EUR_TCO2E_GT90,Above EUR 90 per tonne of CO2e,98.76107621
DEU,2012,OFFROAD,Off-road transport,FFUEL,EUR_TCO2E_GT90,Above EUR 90 per tonne of CO2e,17.86511993
DEU,2012,OFFROAD,Off-road transport,FFUEL_BIOF,EUR_TCO2E_GT90,Above EUR 90 per tonne of CO2e,18.95983124
DEU,2012,RESCOM,Buildings,FFUEL_BIOF,EUR_TCO2E_GT90,Above EUR 90 per tonne of CO2e,0.538002014
DEU,2012,RESCOM,Buildings,FFUEL,EUR_TCO2E_GT90,Above EUR 90 per tonne of CO2e,0.703834534
ITA,2012,ROAD,Road transport,FFUEL_BIOF,EUR_TCO2E_GT90,Above EUR 90 per tonne of CO2e,98.23933959
ITA,2012,ROAD,Road transport,FFUEL,EUR_TCO2E_GT90,Above EUR 90 per tonne of CO2e,98.16572368
ITA,2012,INDUSTRY,Industry,FFUEL,EUR_TCO2E_GT90,Above EUR 90 per tonne of CO2e,5.028282166
ITA,2012,INDUSTRY,Industry,FFUEL_BIOF,EUR_TCO2E_GT90,Above EUR 90 per tonne of CO2e,4.807197571
ITA,2012,AGRIFISH,Agriculture & fisheries,FFUEL_BIOF,EUR_TCO2E_GT90,Above EUR 90 per tonne of CO2e,0.398536682
ITA,2012,AGRIFISH,Agriculture & fisheries,FFUEL,EUR_TCO2E_GT90,Above EUR 90 per tonne of CO2e,0.398979187
ITA,2012,RESCOM,Buildings,FFUEL_BIOF,EUR_TCO2E_GT90,Above EUR 90 per tonne of CO2e,5.808204651
ITA,2012,RESCOM,Buildings,FFUEL,EUR_TCO2E_GT90,Above EUR 90 per tonne of CO2e,8.405830383
NLD,2012,ROAD,Road transport,FFUEL,EUR_TCO2E_GT90,Above EUR 90 per tonne of CO2e,97.22694445
NLD,2012,ROAD,Road transport,FFUEL_BIOF,EUR_TCO2E_GT90,Above EUR 90 per tonne of CO2e,97.30593133
NLD,2012,OFFROAD,Off-road transport,FFUEL_BIOF,EUR_TCO2E_GT90,Above EUR 90 per tonne of CO2e,7.321159363
NLD,2012,OFFROAD,Off-road transport,FFUEL,EUR_TCO2E_GT90,Above EUR 90 per tonne of CO2e,7.110809326
NLD,2012,INDUSTRY,Industry,FFUEL_BIOF,EUR_TCO2E_GT90,Above EUR 90 per tonne of CO2e,1.863998413
NLD,2012,INDUSTRY,Industry,FFUEL,EUR_TCO2E_GT90,Above EUR 90 per tonne of CO2e,2.034538269
NLD,2012,AGRIFISH,Agriculture & fisheries,FFUEL_BIOF,EUR_TCO2E_GT90,Above EUR 90 per tonne of CO2e,18.56311035
NLD,2012,AGRIFISH,Agriculture & fisheries,FFUEL,EUR_TCO2E_GT90,Above EUR 90 per tonne of CO2e,19.44055939
NLD,2012,RESCOM,Buildings,FFUEL_BIOF,EUR_TCO2E_GT90,Above EUR 90 per tonne of CO2e,63.11330032
NLD,2012,RESCOM,Buildings,FFUEL,EUR_TCO2E_GT90,Above EUR 90 per tonne of CO2e,68.26018143
POL,2012,ROAD,Road transport,FFUEL_BIOF,EUR_TCO2E_GT90,Above EUR 90 per tonne of CO2e,94.93568182
POL,2012,OFFROAD,Off-road transport,FFUEL,EUR_TCO2E_GT90,Above EUR 90 per tonne of CO2e,34.62387848
POL,2012,OFFROAD,Off-road transport,FFUEL_BIOF,EUR_TCO2E_GT90,Above EUR 90 per tonne of CO2e,34.62387848
POL,2012,INDUSTRY,Industry,FFUEL,EUR_TCO2E_GT90,Above EUR 90 per tonne of CO2e,1.784347534
POL,2012,INDUSTRY,Industry,FFUEL_BIOF,EUR_TCO2E_GT90,Above EUR 90 per tonne of CO2e,1.616981506
POL,2012,AGRIFISH,Agriculture & fisheries,FFUEL,EUR_TCO2E_GT90,Above EUR 90 per tonne of CO2e,0.030136108
POL,2012,AGRIFISH,Agriculture & fisheries,FFUEL_BIOF,EUR_TCO2E_GT90,Above EUR 90 per tonne of CO2e,0.024436951
ESP,2012,ROAD,Road transport,FFUEL_BIOF,EUR_TCO2E_GT90,Above EUR 90 per tonne of CO2e,91.64282799
ESP,2012,ROAD,Road transport,FFUEL,EUR_TCO2E_GT90,Above EUR 90 per tonne of CO2e,99.68074021
ESP,2012,OFFROAD,Off-road transport,FFUEL_BIOF,EUR_TCO2E_GT90,Above EUR 90 per tonne of CO2e,0.198501587
ESP,2012,OFFROAD,Off-road transport,FFUEL,EUR_TCO2E_GT90,Above EUR 90 per tonne of CO2e,0.201667786
SWE,2012,ROAD,Road transport,FFUEL,EUR_TCO2E_GT90,Above EUR 90 per tonne of CO2e,99.31207848
SWE,2012,ROAD,Road transport,FFUEL_BIOF,EUR_TCO2E_GT90,Above EUR 90 per tonne of CO2e,91.83379173
SWE,2012,AGRIFISH,Agriculture & fisheries,FFUEL,EUR_TCO2E_GT90,Above EUR 90 per tonne of CO2e,94.37571955
SWE,2012,AGRIFISH,Agriculture & fisheries,FFUEL_BIOF,EUR_TCO2E_GT90,Above EUR 90 per tonne of CO2e,53.19470215
SWE,2012,RESCOM,Buildings,FFUEL,EUR_TCO2E_GT90,Above EUR 90 per tonne of CO2e,73.47549248
SWE,2012,RESCOM,Buildings,FFUEL_BIOF,EUR_TCO2E_GT90,Above EUR 90 per tonne of CO2e,18.81764984
GBR,2012,OFFROAD,Off-road transport,FFUEL_BIOF,EUR_TCO2E_GT90,Above EUR 90 per tonne of CO2e,0.829925537
GBR,2012,OFFROAD,Off-road transport,FFUEL,EUR_TCO2E_GT90,Above EUR 90 per tonne of CO2e,0.829925537
AUT,2012,ENE,Energy use sectors,FFUEL,EUR_TCO2E_GT90,Above EUR 90 per tonne of CO2e,32.79141235
AUT,2012,ENE,Energy use sectors,FFUEL_BIOF,EUR_TCO2E_GT90,Above EUR 90 per tonne of CO2e,23.74705505
BEL,2012,ENE,Energy use sectors,FFUEL_BIOF,EUR_TCO2E_GT90,Above EUR 90 per tonne of CO2e,21.79142761
BEL,2012,ENE,Energy use sectors,FFUEL,EUR_TCO2E_GT90,Above EUR 90 per tonne of CO2e,24.5466156
DNK,2012,ENE,Energy use sectors,FFUEL,EUR_TCO2E_GT90,Above EUR 90 per tonne of CO2e,51.38620758
DNK,2012,ENE,Energy use sectors,FFUEL_BIOF,EUR_TCO2E_GT90,Above EUR 90 per tonne of CO2e,37.34215927
FRA,2012,ENE,Energy use sectors,FFUEL_BIOF,EUR_TCO2E_GT90,Above EUR 90 per tonne of CO2e,31.98181915
FRA,2012,ENE,Energy use sectors,FFUEL,EUR_TCO2E_GT90,Above EUR 90 per tonne of CO2e,35.16540527
DEU,2012,ENE,Energy use sectors,FFUEL,EUR_TCO2E_GT90,Above EUR 90 per tonne of CO2e,18.30620575
DEU,2012,ENE,Energy use sectors,FFUEL_BIOF,EUR_TCO2E_GT90,Above EUR 90 per tonne of CO2e,17.17205048
ITA,2012,ENE,Energy use sectors,FFUEL,EUR_TCO2E_GT90,Above EUR 90 per tonne of CO2e,28.17739868
ITA,2012,ENE,Energy use sectors,FFUEL_BIOF,EUR_TCO2E_GT90,Above EUR 90 per tonne of CO2e,25.70490265
NLD,2012,ENE,Energy use sectors,FFUEL_BIOF,EUR_TCO2E_GT90,Above EUR 90 per tonne of CO2e,29.7939682
NLD,2012,ENE,Energy use sectors,FFUEL,EUR_TCO2E_GT90,Above EUR 90 per tonne of CO2e,31.45924377
POL,2012,ENE,Energy use sectors,FFUEL,EUR_TCO2E_GT90,Above EUR 90 per tonne of CO2e,15.18286133
POL,2012,ENE,Energy use sectors,FFUEL_BIOF,EUR_TCO2E_GT90,Above EUR 90 per tonne of CO2e,13.6036911
ESP,2012,ENE,Energy use sectors,FFUEL,EUR_TCO2E_GT90,Above EUR 90 per tonne of CO2e,26.30265045
ESP,2012,ENE,Energy use sectors,FFUEL_BIOF,EUR_TCO2E_GT90,Above EUR 90 per tonne of CO2e,23.51673889
SWE,2012,ENE,Energy use sectors,FFUEL_BIOF,EUR_TCO2E_GT90,Above EUR 90 per tonne of CO2e,21.62073517
SWE,2012,ENE,Energy use sectors,FFUEL,EUR_TCO2E_GT90,Above EUR 90 per tonne of CO2e,44.69532776
GBR,2012,ENE,Energy use sectors,FFUEL_BIOF,EUR_TCO2E_GT90,Above EUR 90 per tonne of CO2e,22.28926086
GBR,2012,ENE,Energy use sectors,FFUEL,EUR_TCO2E_GT90,Above EUR 90 per tonne of CO2e,22.84519196
AUT,2012,ROAD,Road transport,FFUEL_BIOF,EUR_TCO2E_GT60,Above EUR 60 per tonne of CO2e,93.32141304
AUT,2012,ROAD,Road transport,FFUEL,EUR_TCO2E_GT60,Above EUR 60 per tonne of CO2e,99.76845847
AUT,2012,OFFROAD,Off-road transport,FFUEL_BIOF,EUR_TCO2E_GT60,Above EUR 60 per tonne of CO2e,12.56518555
AUT,2012,OFFROAD,Off-road transport,FFUEL,EUR_TCO2E_GT60,Above EUR 60 per tonne of CO2e,12.71664429
AUT,2012,INDUSTRY,Industry,FFUEL_BIOF,EUR_TCO2E_GT60,Above EUR 60 per tonne of CO2e,3.477828979
AUT,2012,INDUSTRY,Industry,FFUEL,EUR_TCO2E_GT60,Above EUR 60 per tonne of CO2e,4.86063385
BEL,2012,ROAD,Road transport,FFUEL_BIOF,EUR_TCO2E_GT60,Above EUR 60 per tonne of CO2e,95.26963854
BEL,2012,ROAD,Road transport,FFUEL,EUR_TCO2E_GT60,Above EUR 60 per tonne of CO2e,99.41456175
DNK,2012,ROAD,Road transport,FFUEL_BIOF,EUR_TCO2E_GT60,Above EUR 60 per tonne of CO2e,94.59465075
DNK,2012,OFFROAD,Off-road transport,FFUEL,EUR_TCO2E_GT60,Above EUR 60 per tonne of CO2e,12.08989716
DNK,2012,OFFROAD,Off-road transport,FFUEL_BIOF,EUR_TCO2E_GT60,Above EUR 60 per tonne of CO2e,12.08989716
DNK,2012,INDUSTRY,Industry,FFUEL_BIOF,EUR_TCO2E_GT60,Above EUR 60 per tonne of CO2e,33.69399261
DNK,2012,INDUSTRY,Industry,FFUEL,EUR_TCO2E_GT60,Above EUR 60 per tonne of CO2e,51.81695557
DNK,2012,AGRIFISH,Agriculture & fisheries,FFUEL,EUR_TCO2E_GT60,Above EUR 60 per tonne of CO2e,10.34796906
DNK,2012,AGRIFISH,Agriculture & fisheries,FFUEL_BIOF,EUR_TCO2E_GT60,Above EUR 60 per tonne of CO2e,9.012733459
DNK,2012,RESCOM,Buildings,FFUEL,EUR_TCO2E_GT60,Above EUR 60 per tonne of CO2e,98.81832647
DNK,2012,RESCOM,Buildings,FFUEL_BIOF,EUR_TCO2E_GT60,Above EUR 60 per tonne of CO2e,44.47384262
FRA,2012,ROAD,Road transport,FFUEL,EUR_TCO2E_GT60,Above EUR 60 per tonne of CO2e,99.60660741
FRA,2012,ROAD,Road transport,FFUEL_BIOF,EUR_TCO2E_GT60,Above EUR 60 per tonne of CO2e,99.63089374
FRA,2012,RESCOM,Buildings,FFUEL_BIOF,EUR_TCO2E_GT60,Above EUR 60 per tonne of CO2e,0.032546997
FRA,2012,RESCOM,Buildings,FFUEL,EUR_TCO2E_GT60,Above EUR 60 per tonne of CO2e,0.046302795
DEU,2012,ROAD,Road transport,FFUEL_BIOF,EUR_TCO2E_GT60,Above EUR 60 per tonne of CO2e,99.73778841
DEU,2012,ROAD,Road transport,FFUEL,EUR_TCO2E_GT60,Above EUR 60 per tonne of CO2e,99.72199559
DEU,2012,OFFROAD,Off-road transport,FFUEL_BIOF,EUR_TCO2E_GT60,Above EUR 60 per tonne of CO2e,22.39621735
DEU,2012,OFFROAD,Off-road transport,FFUEL,EUR_TCO2E_GT60,Above EUR 60 per tonne of CO2e,21.34793091
DEU,2012,RESCOM,Buildings,FFUEL_BIOF,EUR_TCO2E_GT60,Above EUR 60 per tonne of CO2e,0.538002014
DEU,2012,RESCOM,Buildings,FFUEL,EUR_TCO2E_GT60,Above EUR 60 per tonne of CO2e,0.703834534
ITA,2012,ROAD,Road transport,FFUEL_BIOF,EUR_TCO2E_GT60,Above EUR 60 per tonne of CO2e,98.23933959
ITA,2012,ROAD,Road transport,FFUEL,EUR_TCO2E_GT60,Above EUR 60 per tonne of CO2e,98.16572368
ITA,2012,OFFROAD,Off-road transport,FFUEL_BIOF,EUR_TCO2E_GT60,Above EUR 60 per tonne of CO2e,3.041984558
ITA,2012,OFFROAD,Off-road transport,FFUEL,EUR_TCO2E_GT60,Above EUR 60 per tonne of CO2e,3.041984558
ITA,2012,INDUSTRY,Industry,FFUEL_BIOF,EUR_TCO2E_GT60,Above EUR 60 per tonne of CO2e,9.925041199
ITA,2012,INDUSTRY,Industry,FFUEL,EUR_TCO2E_GT60,Above EUR 60 per tonne of CO2e,10.38149261
ITA,2012,AGRIFISH,Agriculture & fisheries,FFUEL_BIOF,EUR_TCO2E_GT60,Above EUR 60 per tonne of CO2e,0.398536682
ITA,2012,AGRIFISH,Agriculture & fisheries,FFUEL,EUR_TCO2E_GT60,Above EUR 60 per tonne of CO2e,0.398979187
ITA,2012,RESCOM,Buildings,FFUEL_BIOF,EUR_TCO2E_GT60,Above EUR 60 per tonne of CO2e,46.30500031
ITA,2012,RESCOM,Buildings,FFUEL,EUR_TCO2E_GT60,Above EUR 60 per tonne of CO2e,67.0141716
NLD,2012,ROAD,Road transport,FFUEL_BIOF,EUR_TCO2E_GT60,Above EUR 60 per tonne of CO2e,99.82838169
NLD,2012,ROAD,Road transport,FFUEL,EUR_TCO2E_GT60,Above EUR 60 per tonne of CO2e,99.82335004
NLD,2012,OFFROAD,Off-road transport,FFUEL_BIOF,EUR_TCO2E_GT60,Above EUR 60 per tonne of CO2e,7.321159363
NLD,2012,OFFROAD,Off-road transport,FFUEL,EUR_TCO2E_GT60,Above EUR 60 per tonne of CO2e,7.110809326
NLD,2012,INDUSTRY,Industry,FFUEL_BIOF,EUR_TCO2E_GT60,Above EUR 60 per tonne of CO2e,1.902145386
NLD,2012,INDUSTRY,Industry,FFUEL,EUR_TCO2E_GT60,Above EUR 60 per tonne of CO2e,2.076171875
NLD,2012,AGRIFISH,Agriculture & fisheries,FFUEL,EUR_TCO2E_GT60,Above EUR 60 per tonne of CO2e,20.55036926
NLD,2012,AGRIFISH,Agriculture & fisheries,FFUEL_BIOF,EUR_TCO2E_GT60,Above EUR 60 per tonne of CO2e,19.62283325
NLD,2012,RESCOM,Buildings,FFUEL_BIOF,EUR_TCO2E_GT60,Above EUR 60 per tonne of CO2e,91.59286308
NLD,2012,RESCOM,Buildings,FFUEL,EUR_TCO2E_GT60,Above EUR 60 per tonne of CO2e,99.06224793
POL,2012,ROAD,Road transport,FFUEL_BIOF,EUR_TCO2E_GT60,Above EUR 60 per tonne of CO2e,94.93568182
POL,2012,OFFROAD,Off-road transport,FFUEL_BIOF,EUR_TCO2E_GT60,Above EUR 60 per tonne of CO2e,34.62387848
POL,2012,OFFROAD,Off-road transport,FFUEL,EUR_TCO2E_GT60,Above EUR 60 per tonne of CO2e,34.62387848
POL,2012,INDUSTRY,Industry,FFUEL_BIOF,EUR_TCO2E_GT60,Above EUR 60 per tonne of CO2e,1.616981506
POL,2012,INDUSTRY,Industry,FFUEL,EUR_TCO2E_GT60,Above EUR 60 per tonne of CO2e,1.784347534
POL,2012,AGRIFISH,Agriculture & fisheries,FFUEL_BIOF,EUR_TCO2E_GT60,Above EUR 60 per tonne of CO2e,0.024436951
POL,2012,AGRIFISH,Agriculture & fisheries,FFUEL,EUR_TCO2E_GT60,Above EUR 60 per tonne of CO2e,0.030136108
ESP,2012,ROAD,Road transport,FFUEL,EUR_TCO2E_GT60,Above EUR 60 per tonne of CO2e,99.68074021
ESP,2012,ROAD,Road transport,FFUEL_BIOF,EUR_TCO2E_GT60,Above EUR 60 per tonne of CO2e,91.64282799
ESP,2012,OFFROAD,Off-road transport,FFUEL_BIOF,EUR_TCO2E_GT60,Above EUR 60 per tonne of CO2e,0.198501587
ESP,2012,OFFROAD,Off-road transport,FFUEL,EUR_TCO2E_GT60,Above EUR 60 per tonne of CO2e,0.201667786
SWE,2012,ROAD,Road transport,FFUEL_BIOF,EUR_TCO2E_GT60,Above EUR 60 per tonne of CO2e,91.83379173
SWE,2012,ROAD,Road transport,FFUEL,EUR_TCO2E_GT60,Above EUR 60 per tonne of CO2e,99.31207848
SWE,2012,AGRIFISH,Agriculture & fisheries,FFUEL_BIOF,EUR_TCO2E_GT60,Above EUR 60 per tonne of CO2e,53.19470215
SWE,2012,AGRIFISH,Agriculture & fisheries,FFUEL,EUR_TCO2E_GT60,Above EUR 60 per tonne of CO2e,94.37571955
SWE,2012,RESCOM,Buildings,FFUEL,EUR_TCO2E_GT60,Above EUR 60 per tonne of CO2e,73.47549248
SWE,2012,RESCOM,Buildings,FFUEL_BIOF,EUR_TCO2E_GT60,Above EUR 60 per tonne of CO2e,18.81764984
GBR,2012,OFFROAD,Off-road transport,FFUEL_BIOF,EUR_TCO2E_GT60,Above EUR 60 per tonne of CO2e,10.59380341
GBR,2012,OFFROAD,Off-road transport,FFUEL,EUR_TCO2E_GT60,Above EUR 60 per tonne of CO2e,10.59380341
GBR,2012,INDUSTRY,Industry,FFUEL_BIOF,EUR_TCO2E_GT60,Above EUR 60 per tonne of CO2e,4.893699646
GBR,2012,INDUSTRY,Industry,FFUEL,EUR_TCO2E_GT60,Above EUR 60 per tonne of CO2e,5.30871582
GBR,2012,AGRIFISH,Agriculture & fisheries,FFUEL_BIOF,EUR_TCO2E_GT60,Above EUR 60 per tonne of CO2e,3.887252808
GBR,2012,AGRIFISH,Agriculture & fisheries,FFUEL,EUR_TCO2E_GT60,Above EUR 60 per tonne of CO2e,5.49105835
GBR,2012,RESCOM,Buildings,FFUEL_BIOF,EUR_TCO2E_GT60,Above EUR 60 per tonne of CO2e,6.26815033
GBR,2012,RESCOM,Buildings,FFUEL,EUR_TCO2E_GT60,Above EUR 60 per tonne of CO2e,6.650947571
AUT,2012,ENE,Energy use sectors,FFUEL_BIOF,EUR_TCO2E_GT60,Above EUR 60 per tonne of CO2e,23.94753265
AUT,2012,ENE,Energy use sectors,FFUEL,EUR_TCO2E_GT60,Above EUR 60 per tonne of CO2e,33.06825256
BEL,2012,ENE,Energy use sectors,FFUEL_BIOF,EUR_TCO2E_GT60,Above EUR 60 per tonne of CO2e,21.79142761
BEL,2012,ENE,Energy use sectors,FFUEL,EUR_TCO2E_GT60,Above EUR 60 per tonne of CO2e,24.5466156
DNK,2012,ENE,Energy use sectors,FFUEL,EUR_TCO2E_GT60,Above EUR 60 per tonne of CO2e,55.86452484
DNK,2012,ENE,Energy use sectors,FFUEL_BIOF,EUR_TCO2E_GT60,Above EUR 60 per tonne of CO2e,40.5965271
FRA,2012,ENE,Energy use sectors,FFUEL,EUR_TCO2E_GT60,Above EUR 60 per tonne of CO2e,35.16540527
FRA,2012,ENE,Energy use sectors,FFUEL_BIOF,EUR_TCO2E_GT60,Above EUR 60 per tonne of CO2e,31.98181915
DEU,2012,ENE,Energy use sectors,FFUEL_BIOF,EUR_TCO2E_GT60,Above EUR 60 per tonne of CO2e,17.35938263
DEU,2012,ENE,Energy use sectors,FFUEL,EUR_TCO2E_GT60,Above EUR 60 per tonne of CO2e,18.51804352
ITA,2012,ENE,Energy use sectors,FFUEL_BIOF,EUR_TCO2E_GT60,Above EUR 60 per tonne of CO2e,36.44572449
ITA,2012,ENE,Energy use sectors,FFUEL,EUR_TCO2E_GT60,Above EUR 60 per tonne of CO2e,40.40478516
NLD,2012,ENE,Energy use sectors,FFUEL,EUR_TCO2E_GT60,Above EUR 60 per tonne of CO2e,37.2215004
NLD,2012,ENE,Energy use sectors,FFUEL_BIOF,EUR_TCO2E_GT60,Above EUR 60 per tonne of CO2e,35.15694427
POL,2012,ENE,Energy use sectors,FFUEL,EUR_TCO2E_GT60,Above EUR 60 per tonne of CO2e,15.18286133
POL,2012,ENE,Energy use sectors,FFUEL_BIOF,EUR_TCO2E_GT60,Above EUR 60 per tonne of CO2e,13.6036911
ESP,2012,ENE,Energy use sectors,FFUEL_BIOF,EUR_TCO2E_GT60,Above EUR 60 per tonne of CO2e,23.51673889
ESP,2012,ENE,Energy use sectors,FFUEL,EUR_TCO2E_GT60,Above EUR 60 per tonne of CO2e,26.30265045
SWE,2012,ENE,Energy use sectors,FFUEL_BIOF,EUR_TCO2E_GT60,Above EUR 60 per tonne of CO2e,21.62073517
SWE,2012,ENE,Energy use sectors,FFUEL,EUR_TCO2E_GT60,Above EUR 60 per tonne of CO2e,44.69532776
GBR,2012,ENE,Energy use sectors,FFUEL,EUR_TCO2E_GT60,Above EUR 60 per tonne of CO2e,25.53121185
GBR,2012,ENE,Energy use sectors,FFUEL_BIOF,EUR_TCO2E_GT60,Above EUR 60 per tonne of CO2e,24.84745026
AUT,2012,INDUSTRY,Industry,FFUEL,EUR_TCO2E_GT30,Above EUR 30 per tonne of CO2e,24.7980423
AUT,2012,INDUSTRY,Industry,FFUEL_BIOF,EUR_TCO2E_GT30,Above EUR 30 per tonne of CO2e,17.74323273
DNK,2012,INDUSTRY,Industry,FFUEL,EUR_TCO2E_GT30,Above EUR 30 per tonne of CO2e,59.04063797
DNK,2012,INDUSTRY,Industry,FFUEL_BIOF,EUR_TCO2E_GT30,Above EUR 30 per tonne of CO2e,38.39119339
FRA,2012,INDUSTRY,Industry,FFUEL_BIOF,EUR_TCO2E_GT30,Above EUR 30 per tonne of CO2e,3.114379883
FRA,2012,INDUSTRY,Industry,FFUEL,EUR_TCO2E_GT30,Above EUR 30 per tonne of CO2e,3.635040283
DEU,2012,INDUSTRY,Industry,FFUEL_BIOF,EUR_TCO2E_GT30,Above EUR 30 per tonne of CO2e,6.11579895
DEU,2012,INDUSTRY,Industry,FFUEL,EUR_TCO2E_GT30,Above EUR 30 per tonne of CO2e,6.801971436
ITA,2012,INDUSTRY,Industry,FFUEL_BIOF,EUR_TCO2E_GT30,Above EUR 30 per tonne of CO2e,12.58946991
ITA,2012,INDUSTRY,Industry,FFUEL,EUR_TCO2E_GT30,Above EUR 30 per tonne of CO2e,13.1684494
NLD,2012,INDUSTRY,Industry,FFUEL_BIOF,EUR_TCO2E_GT30,Above EUR 30 per tonne of CO2e,1.902145386
NLD,2012,INDUSTRY,Industry,FFUEL,EUR_TCO2E_GT30,Above EUR 30 per tonne of CO2e,2.076171875
POL,2012,INDUSTRY,Industry,FFUEL_BIOF,EUR_TCO2E_GT30,Above EUR 30 per tonne of CO2e,1.616981506
POL,2012,INDUSTRY,Industry,FFUEL,EUR_TCO2E_GT30,Above EUR 30 per tonne of CO2e,1.784347534
ESP,2012,INDUSTRY,Industry,FFUEL,EUR_TCO2E_GT30,Above EUR 30 per tonne of CO2e,3.71005249
ESP,2012,INDUSTRY,Industry,FFUEL_BIOF,EUR_TCO2E_GT30,Above EUR 30 per tonne of CO2e,3.184265137
SWE,2012,INDUSTRY,Industry,FFUEL_BIOF,EUR_TCO2E_GT30,Above EUR 30 per tonne of CO2e,5.07535553
SWE,2012,INDUSTRY,Industry,FFUEL,EUR_TCO2E_GT30,Above EUR 30 per tonne of CO2e,13.70845032
GBR,2012,INDUSTRY,Industry,FFUEL_BIOF,EUR_TCO2E_GT30,Above EUR 30 per tonne of CO2e,15.66993713
GBR,2012,INDUSTRY,Industry,FFUEL,EUR_TCO2E_GT30,Above EUR 30 per tonne of CO2e,16.99884796
AUT,2012,ROAD,Road transport,FFUEL,EUR_TCO2E_GT30,Above EUR 30 per tonne of CO2e,99.91112591
AUT,2012,ROAD,Road transport,FFUEL_BIOF,EUR_TCO2E_GT30,Above EUR 30 per tonne of CO2e,93.45486116
AUT,2012,OFFROAD,Off-road transport,FFUEL_BIOF,EUR_TCO2E_GT30,Above EUR 30 per tonne of CO2e,95.87644053
AUT,2012,OFFROAD,Off-road transport,FFUEL,EUR_TCO2E_GT30,Above EUR 30 per tonne of CO2e,97.03208756
AUT,2012,AGRIFISH,Agriculture & fisheries,FFUEL,EUR_TCO2E_GT30,Above EUR 30 per tonne of CO2e,95.80149889
AUT,2012,AGRIFISH,Agriculture & fisheries,FFUEL_BIOF,EUR_TCO2E_GT30,Above EUR 30 per tonne of CO2e,46.22526169
AUT,2012,RESCOM,Buildings,FFUEL,EUR_TCO2E_GT30,Above EUR 30 per tonne of CO2e,96.07213521
AUT,2012,RESCOM,Buildings,FFUEL_BIOF,EUR_TCO2E_GT30,Above EUR 30 per tonne of CO2e,46.35866547
BEL,2012,ROAD,Road transport,FFUEL_BIOF,EUR_TCO2E_GT30,Above EUR 30 per tonne of CO2e,95.26963854
BEL,2012,ROAD,Road transport,FFUEL,EUR_TCO2E_GT30,Above EUR 30 per tonne of CO2e,99.41456175
DNK,2012,ROAD,Road transport,FFUEL_BIOF,EUR_TCO2E_GT30,Above EUR 30 per tonne of CO2e,94.59465075
DNK,2012,OFFROAD,Off-road transport,FFUEL_BIOF,EUR_TCO2E_GT30,Above EUR 30 per tonne of CO2e,12.1672287
DNK,2012,OFFROAD,Off-road transport,FFUEL,EUR_TCO2E_GT30,Above EUR 30 per tonne of CO2e,12.1672287
DNK,2012,AGRIFISH,Agriculture & fisheries,FFUEL_BIOF,EUR_TCO2E_GT30,Above EUR 30 per tonne of CO2e,10.17199707
DNK,2012,AGRIFISH,Agriculture & fisheries,FFUEL,EUR_TCO2E_GT30,Above EUR 30 per tonne of CO2e,11.67897797
DNK,2012,RESCOM,Buildings,FFUEL_BIOF,EUR_TCO2E_GT30,Above EUR 30 per tonne of CO2e,44.47384262
DNK,2012,RESCOM,Buildings,FFUEL,EUR_TCO2E_GT30,Above EUR 30 per tonne of CO2e,98.81832647
FRA,2012,ROAD,Road transport,FFUEL,EUR_TCO2E_GT30,Above EUR 30 per tonne of CO2e,99.88329338
FRA,2012,ROAD,Road transport,FFUEL_BIOF,EUR_TCO2E_GT30,Above EUR 30 per tonne of CO2e,99.89049834
FRA,2012,AGRIFISH,Agriculture & fisheries,FFUEL_BIOF,EUR_TCO2E_GT30,Above EUR 30 per tonne of CO2e,0.482894897
FRA,2012,AGRIFISH,Agriculture & fisheries,FFUEL,EUR_TCO2E_GT30,Above EUR 30 per tonne of CO2e,0.511383057
FRA,2012,RESCOM,Buildings,FFUEL_BIOF,EUR_TCO2E_GT30,Above EUR 30 per tonne of CO2e,0.268737793
FRA,2012,RESCOM,Buildings,FFUEL,EUR_TCO2E_GT30,Above EUR 30 per tonne of CO2e,0.382278442
DEU,2012,ROAD,Road transport,FFUEL_BIOF,EUR_TCO2E_GT30,Above EUR 30 per tonne of CO2e,99.73778841
DEU,2012,ROAD,Road transport,FFUEL,EUR_TCO2E_GT30,Above EUR 30 per tonne of CO2e,99.72199559
DEU,2012,OFFROAD,Off-road transport,FFUEL_BIOF,EUR_TCO2E_GT30,Above EUR 30 per tonne of CO2e,22.39621735
DEU,2012,OFFROAD,Off-road transport,FFUEL,EUR_TCO2E_GT30,Above EUR 30 per tonne of CO2e,21.34793091
DEU,2012,RESCOM,Buildings,FFUEL,EUR_TCO2E_GT30,Above EUR 30 per tonne of CO2e,0.912536621
DEU,2012,RESCOM,Buildings,FFUEL_BIOF,EUR_TCO2E_GT30,Above EUR 30 per tonne of CO2e,0.697532654
ITA,2012,ROAD,Road transport,FFUEL_BIOF,EUR_TCO2E_GT30,Above EUR 30 per tonne of CO2e,98.23933959
ITA,2012,ROAD,Road transport,FFUEL,EUR_TCO2E_GT30,Above EUR 30 per tonne of CO2e,98.16572368
ITA,2012,OFFROAD,Off-road transport,FFUEL,EUR_TCO2E_GT30,Above EUR 30 per tonne of CO2e,3.041984558
ITA,2012,OFFROAD,Off-road transport,FFUEL_BIOF,EUR_TCO2E_GT30,Above EUR 30 per tonne of CO2e,3.041984558
ITA,2012,AGRIFISH,Agriculture & fisheries,FFUEL,EUR_TCO2E_GT30,Above EUR 30 per tonne of CO2e,93.33031893
ITA,2012,AGRIFISH,Agriculture & fisheries,FFUEL_BIOF,EUR_TCO2E_GT30,Above EUR 30 per tonne of CO2e,93.22860909
ITA,2012,RESCOM,Buildings,FFUEL,EUR_TCO2E_GT30,Above EUR 30 per tonne of CO2e,75.55005836
ITA,2012,RESCOM,Buildings,FFUEL_BIOF,EUR_TCO2E_GT30,Above EUR 30 per tonne of CO2e,52.20306778
NLD,2012,ROAD,Road transport,FFUEL_BIOF,EUR_TCO2E_GT30,Above EUR 30 per tonne of CO2e,99.82838169
NLD,2012,ROAD,Road transport,FFUEL,EUR_TCO2E_GT30,Above EUR 30 per tonne of CO2e,99.82335004
NLD,2012,OFFROAD,Off-road transport,FFUEL_BIOF,EUR_TCO2E_GT30,Above EUR 30 per tonne of CO2e,7.321159363
NLD,2012,OFFROAD,Off-road transport,FFUEL,EUR_TCO2E_GT30,Above EUR 30 per tonne of CO2e,7.110809326
NLD,2012,AGRIFISH,Agriculture & fisheries,FFUEL_BIOF,EUR_TCO2E_GT30,Above EUR 30 per tonne of CO2e,19.62283325
NLD,2012,AGRIFISH,Agriculture & fisheries,FFUEL,EUR_TCO2E_GT30,Above EUR 30 per tonne of CO2e,20.55036926
NLD,2012,RESCOM,Buildings,FFUEL_BIOF,EUR_TCO2E_GT30,Above EUR 30 per tonne of CO2e,91.59286308
NLD,2012,RESCOM,Buildings,FFUEL,EUR_TCO2E_GT30,Above EUR 30 per tonne of CO2e,99.06224793
POL,2012,ROAD,Road transport,FFUEL_BIOF,EUR_TCO2E_GT30,Above EUR 30 per tonne of CO2e,94.93568182
POL,2012,OFFROAD,Off-road transport,FFUEL,EUR_TCO2E_GT30,Above EUR 30 per tonne of CO2e,34.62387848
POL,2012,OFFROAD,Off-road transport,FFUEL_BIOF,EUR_TCO2E_GT30,Above EUR 30 per tonne of CO2e,34.62387848
POL,2012,AGRIFISH,Agriculture & fisheries,FFUEL_BIOF,EUR_TCO2E_GT30,Above EUR 30 per tonne of CO2e,0.024436951
POL,2012,AGRIFISH,Agriculture & fisheries,FFUEL,EUR_TCO2E_GT30,Above EUR 30 per tonne of CO2e,0.030136108
ESP,2012,ROAD,Road transport,FFUEL,EUR_TCO2E_GT30,Above EUR 30 per tonne of CO2e,99.68074021
ESP,2012,ROAD,Road transport,FFUEL_BIOF,EUR_TCO2E_GT30,Above EUR 30 per tonne of CO2e,91.64282799
ESP,2012,OFFROAD,Off-road transport,FFUEL_BIOF,EUR_TCO2E_GT30,Above EUR 30 per tonne of CO2e,0.198501587
ESP,2012,OFFROAD,Off-road transport,FFUEL,EUR_TCO2E_GT30,Above EUR 30 per tonne of CO2e,0.201667786
ESP,2012,AGRIFISH,Agriculture & fisheries,FFUEL_BIOF,EUR_TCO2E_GT30,Above EUR 30 per tonne of CO2e,72.14691925
ESP,2012,AGRIFISH,Agriculture & fisheries,FFUEL,EUR_TCO2E_GT30,Above EUR 30 per tonne of CO2e,75.48361397
ESP,2012,RESCOM,Buildings,FFUEL_BIOF,EUR_TCO2E_GT30,Above EUR 30 per tonne of CO2e,21.35858917
ESP,2012,RESCOM,Buildings,FFUEL,EUR_TCO2E_GT30,Above EUR 30 per tonne of CO2e,31.41706848
SWE,2012,ROAD,Road transport,FFUEL,EUR_TCO2E_GT30,Above EUR 30 per tonne of CO2e,99.31207848
SWE,2012,ROAD,Road transport,FFUEL_BIOF,EUR_TCO2E_GT30,Above EUR 30 per tonne of CO2e,91.83379173
SWE,2012,AGRIFISH,Agriculture & fisheries,FFUEL_BIOF,EUR_TCO2E_GT30,Above EUR 30 per tonne of CO2e,55.10017776
SWE,2012,AGRIFISH,Agriculture & fisheries,FFUEL,EUR_TCO2E_GT30,Above EUR 30 per tonne of CO2e,97.75632834
SWE,2012,RESCOM,Buildings,FFUEL_BIOF,EUR_TCO2E_GT30,Above EUR 30 per tonne of CO2e,18.81764984
SWE,2012,RESCOM,Buildings,FFUEL,EUR_TCO2E_GT30,Above EUR 30 per tonne of CO2e,73.47549248
GBR,2012,OFFROAD,Off-road transport,FFUEL,EUR_TCO2E_GT30,Above EUR 30 per tonne of CO2e,31.85092926
GBR,2012,OFFROAD,Off-road transport,FFUEL_BIOF,EUR_TCO2E_GT30,Above EUR 30 per tonne of CO2e,31.85092926
GBR,2012,AGRIFISH,Agriculture & fisheries,FFUEL_BIOF,EUR_TCO2E_GT30,Above EUR 30 per tonne of CO2e,45.17603683
GBR,2012,AGRIFISH,Agriculture & fisheries,FFUEL,EUR_TCO2E_GT30,Above EUR 30 per tonne of CO2e,63.81479645
GBR,2012,RESCOM,Buildings,FFUEL,EUR_TCO2E_GT30,Above EUR 30 per tonne of CO2e,10.15132141
GBR,2012,RESCOM,Buildings,FFUEL_BIOF,EUR_TCO2E_GT30,Above EUR 30 per tonne of CO2e,9.567062378
AUT,2012,ENE,Energy use sectors,FFUEL_BIOF,EUR_TCO2E_GT30,Above EUR 30 per tonne of CO2e,40.3285675
AUT,2012,ENE,Energy use sectors,FFUEL,EUR_TCO2E_GT30,Above EUR 30 per tonne of CO2e,55.68821335
BEL,2012,ENE,Energy use sectors,FFUEL_BIOF,EUR_TCO2E_GT30,Above EUR 30 per tonne of CO2e,21.79142761
BEL,2012,ENE,Energy use sectors,FFUEL,EUR_TCO2E_GT30,Above EUR 30 per tonne of CO2e,24.5466156
DNK,2012,ENE,Energy use sectors,FFUEL,EUR_TCO2E_GT30,Above EUR 30 per tonne of CO2e,58.47062683
DNK,2012,ENE,Energy use sectors,FFUEL_BIOF,EUR_TCO2E_GT30,Above EUR 30 per tonne of CO2e,42.49037552
FRA,2012,ENE,Energy use sectors,FFUEL_BIOF,EUR_TCO2E_GT30,Above EUR 30 per tonne of CO2e,32.96632385
FRA,2012,ENE,Energy use sectors,FFUEL,EUR_TCO2E_GT30,Above EUR 30 per tonne of CO2e,36.31939697
DEU,2012,ENE,Energy use sectors,FFUEL,EUR_TCO2E_GT30,Above EUR 30 per tonne of CO2e,20.47621155
DEU,2012,ENE,Energy use sectors,FFUEL_BIOF,EUR_TCO2E_GT30,Above EUR 30 per tonne of CO2e,19.09109497
ITA,2012,ENE,Energy use sectors,FFUEL_BIOF,EUR_TCO2E_GT30,Above EUR 30 per tonne of CO2e,39.90607071
ITA,2012,ENE,Energy use sectors,FFUEL,EUR_TCO2E_GT30,Above EUR 30 per tonne of CO2e,44.34406281
NLD,2012,ENE,Energy use sectors,FFUEL,EUR_TCO2E_GT30,Above EUR 30 per tonne of CO2e,37.2215004
NLD,2012,ENE,Energy use sectors,FFUEL_BIOF,EUR_TCO2E_GT30,Above EUR 30 per tonne of CO2e,35.15694427
POL,2012,ENE,Energy use sectors,FFUEL_BIOF,EUR_TCO2E_GT30,Above EUR 30 per tonne of CO2e,13.6036911
POL,2012,ENE,Energy use sectors,FFUEL,EUR_TCO2E_GT30,Above EUR 30 per tonne of CO2e,15.18286133
ESP,2012,ENE,Energy use sectors,FFUEL_BIOF,EUR_TCO2E_GT30,Above EUR 30 per tonne of CO2e,28.81965637
ESP,2012,ENE,Energy use sectors,FFUEL,EUR_TCO2E_GT30,Above EUR 30 per tonne of CO2e,32.23378754
SWE,2012,ENE,Energy use sectors,FFUEL,EUR_TCO2E_GT30,Above EUR 30 per tonne of CO2e,51.21479416
SWE,2012,ENE,Energy use sectors,FFUEL_BIOF,EUR_TCO2E_GT30,Above EUR 30 per tonne of CO2e,24.77443695
GBR,2012,ENE,Energy use sectors,FFUEL,EUR_TCO2E_GT30,Above EUR 30 per tonne of CO2e,29.39824677
GBR,2012,ENE,Energy use sectors,FFUEL_BIOF,EUR_TCO2E_GT30,Above EUR 30 per tonne of CO2e,28.53044891
AUT,2012,ENE,Energy use sectors,FFUEL,EUR_TCO2E_GT0,Above EUR 0 per tonne of CO2e,83.52578926
AUT,2012,ROAD,Road transport,FFUEL,EUR_TCO2E_GT0,Above EUR 0 per tonne of CO2e,99.91112591
AUT,2012,OFFROAD,Off-road transport,FFUEL,EUR_TCO2E_GT0,Above EUR 0 per tonne of CO2e,97.43027711
AUT,2012,INDUSTRY,Industry,FFUEL,EUR_TCO2E_GT0,Above EUR 0 per tonne of CO2e,64.49726868
AUT,2012,RESCOM,Buildings,FFUEL,EUR_TCO2E_GT0,Above EUR 0 per tonne of CO2e,99.96235434
BEL,2012,ENE,Energy use sectors,FFUEL,EUR_TCO2E_GT0,Above EUR 0 per tonne of CO2e,87.65243053
BEL,2012,ROAD,Road transport,FFUEL,EUR_TCO2E_GT0,Above EUR 0 per tonne of CO2e,99.41939992
BEL,2012,OFFROAD,Off-road transport,FFUEL,EUR_TCO2E_GT0,Above EUR 0 per tonne of CO2e,18.57744598
BEL,2012,INDUSTRY,Industry,FFUEL,EUR_TCO2E_GT0,Above EUR 0 per tonne of CO2e,77.88000298
BEL,2012,RESCOM,Buildings,FFUEL,EUR_TCO2E_GT0,Above EUR 0 per tonne of CO2e,98.19928515
BEL,2012,ELEC,Electricity,FFUEL,EUR_TCO2E_GT0,Above EUR 0 per tonne of CO2e,86.28294086
DNK,2012,ENE,Energy use sectors,FFUEL,EUR_TCO2E_GT0,Above EUR 0 per tonne of CO2e,89.07432079
DNK,2012,OFFROAD,Off-road transport,FFUEL,EUR_TCO2E_GT0,Above EUR 0 per tonne of CO2e,39.03055573
DNK,2012,INDUSTRY,Industry,FFUEL,EUR_TCO2E_GT0,Above EUR 0 per tonne of CO2e,76.07565498
DNK,2012,AGRIFISH,Agriculture & fisheries,FFUEL,EUR_TCO2E_GT0,Above EUR 0 per tonne of CO2e,79.62770081
DNK,2012,RESCOM,Buildings,FFUEL,EUR_TCO2E_GT0,Above EUR 0 per tonne of CO2e,98.81951797
FRA,2012,ENE,Energy use sectors,FFUEL,EUR_TCO2E_GT0,Above EUR 0 per tonne of CO2e,85.91524315
FRA,2012,ROAD,Road transport,FFUEL,EUR_TCO2E_GT0,Above EUR 0 per tonne of CO2e,99.88329338
FRA,2012,OFFROAD,Off-road transport,FFUEL,EUR_TCO2E_GT0,Above EUR 0 per tonne of CO2e,65.34230423
FRA,2012,INDUSTRY,Industry,FFUEL,EUR_TCO2E_GT0,Above EUR 0 per tonne of CO2e,84.72553158
FRA,2012,AGRIFISH,Agriculture & fisheries,FFUEL,EUR_TCO2E_GT0,Above EUR 0 per tonne of CO2e,90.18945217
FRA,2012,RESCOM,Buildings,FFUEL,EUR_TCO2E_GT0,Above EUR 0 per tonne of CO2e,61.06377411
DEU,2012,ENE,Energy use sectors,FFUEL,EUR_TCO2E_GT0,Above EUR 0 per tonne of CO2e,93.88789654
DEU,2012,ROAD,Road transport,FFUEL,EUR_TCO2E_GT0,Above EUR 0 per tonne of CO2e,99.72199559
DEU,2012,OFFROAD,Off-road transport,FFUEL,EUR_TCO2E_GT0,Above EUR 0 per tonne of CO2e,21.95885468
DEU,2012,INDUSTRY,Industry,FFUEL,EUR_TCO2E_GT0,Above EUR 0 per tonne of CO2e,80.31387138
DEU,2012,RESCOM,Buildings,FFUEL,EUR_TCO2E_GT0,Above EUR 0 per tonne of CO2e,99.99321816
ITA,2012,ENE,Energy use sectors,FFUEL,EUR_TCO2E_GT0,Above EUR 0 per tonne of CO2e,97.51592374
ITA,2012,OFFROAD,Off-road transport,FFUEL,EUR_TCO2E_GT0,Above EUR 0 per tonne of CO2e,50.47182083
ITA,2012,INDUSTRY,Industry,FFUEL,EUR_TCO2E_GT0,Above EUR 0 per tonne of CO2e,93.59308147
ITA,2012,RESCOM,Buildings,FFUEL,EUR_TCO2E_GT0,Above EUR 0 per tonne of CO2e,99.98637416
ITA,2012,ELEC,Electricity,FFUEL,EUR_TCO2E_GT0,Above EUR 0 per tonne of CO2e,99.01805079
NLD,2012,ENE,Energy use sectors,FFUEL,EUR_TCO2E_GT0,Above EUR 0 per tonne of CO2e,88.11617947
NLD,2012,ROAD,Road transport,FFUEL,EUR_TCO2E_GT0,Above EUR 0 per tonne of CO2e,99.82335004
NLD,2012,OFFROAD,Off-road transport,FFUEL,EUR_TCO2E_GT0,Above EUR 0 per tonne of CO2e,17.0229187
NLD,2012,INDUSTRY,Industry,FFUEL,EUR_TCO2E_GT0,Above EUR 0 per tonne of CO2e,68.94269562
NLD,2012,RESCOM,Buildings,FFUEL,EUR_TCO2E_GT0,Above EUR 0 per tonne of CO2e,99.15244669
POL,2012,ENE,Energy use sectors,FFUEL,EUR_TCO2E_GT0,Above EUR 0 per tonne of CO2e,80.92214584
POL,2012,OFFROAD,Off-road transport,FFUEL,EUR_TCO2E_GT0,Above EUR 0 per tonne of CO2e,71.18007851
POL,2012,INDUSTRY,Industry,FFUEL,EUR_TCO2E_GT0,Above EUR 0 per tonne of CO2e,86.40666389
POL,2012,AGRIFISH,Agriculture & fisheries,FFUEL,EUR_TCO2E_GT0,Above EUR 0 per tonne of CO2e,54.20233536
POL,2012,RESCOM,Buildings,FFUEL,EUR_TCO2E_GT0,Above EUR 0 per tonne of CO2e,10.40041351
POL,2012,ELEC,Electricity,FFUEL,EUR_TCO2E_GT0,Above EUR 0 per tonne of CO2e,99.98446649
ESP,2012,ENE,Energy use sectors,FFUEL,EUR_TCO2E_GT0,Above EUR 0 per tonne of CO2e,79.99032402
ESP,2012,OFFROAD,Off-road transport,FFUEL,EUR_TCO2E_GT0,Above EUR 0 per tonne of CO2e,2.045524597
ESP,2012,INDUSTRY,Industry,FFUEL,EUR_TCO2E_GT0,Above EUR 0 per tonne of CO2e,69.6849308
ESP,2012,AGRIFISH,Agriculture & fisheries,FFUEL,EUR_TCO2E_GT0,Above EUR 0 per tonne of CO2e,76.09380722
ESP,2012,RESCOM,Buildings,FFUEL,EUR_TCO2E_GT0,Above EUR 0 per tonne of CO2e,39.62526321
ESP,2012,ELEC,Electricity,FFUEL,EUR_TCO2E_GT0,Above EUR 0 per tonne of CO2e,97.68578553
SWE,2012,ENE,Energy use sectors,FFUEL,EUR_TCO2E_GT0,Above EUR 0 per tonne of CO2e,84.42925739
SWE,2012,ROAD,Road transport,FFUEL,EUR_TCO2E_GT0,Above EUR 0 per tonne of CO2e,99.9911087
SWE,2012,OFFROAD,Off-road transport,FFUEL,EUR_TCO2E_GT0,Above EUR 0 per tonne of CO2e,67.57926559
SWE,2012,INDUSTRY,Industry,FFUEL,EUR_TCO2E_GT0,Above EUR 0 per tonne of CO2e,73.789011
SWE,2012,AGRIFISH,Agriculture & fisheries,FFUEL,EUR_TCO2E_GT0,Above EUR 0 per tonne of CO2e,97.75632834
SWE,2012,RESCOM,Buildings,FFUEL,EUR_TCO2E_GT0,Above EUR 0 per tonne of CO2e,73.48182678
SWE,2012,ELEC,Electricity,FFUEL,EUR_TCO2E_GT0,Above EUR 0 per tonne of CO2e,71.03422737
GBR,2012,ENE,Energy use sectors,FFUEL,EUR_TCO2E_GT0,Above EUR 0 per tonne of CO2e,81.51766968
GBR,2012,OFFROAD,Off-road transport,FFUEL,EUR_TCO2E_GT0,Above EUR 0 per tonne of CO2e,53.30088806
GBR,2012,INDUSTRY,Industry,FFUEL,EUR_TCO2E_GT0,Above EUR 0 per tonne of CO2e,81.46121788
GBR,2012,RESCOM,Buildings,FFUEL,EUR_TCO2E_GT0,Above EUR 0 per tonne of CO2e,31.01468658
GBR,2012,ELEC,Electricity,FFUEL,EUR_TCO2E_GT0,Above EUR 0 per tonne of CO2e,99.94463303
AUT,2012,ENE,Energy use sectors,FFUEL_BIOF,EUR_TCO2E_GT0,Above EUR 0 per tonne of CO2e,60.48811722
AUT,2012,ROAD,Road transport,FFUEL_BIOF,EUR_TCO2E_GT0,Above EUR 0 per tonne of CO2e,93.45486116
AUT,2012,OFFROAD,Off-road transport,FFUEL_BIOF,EUR_TCO2E_GT0,Above EUR 0 per tonne of CO2e,96.26988721
AUT,2012,INDUSTRY,Industry,FFUEL_BIOF,EUR_TCO2E_GT0,Above EUR 0 per tonne of CO2e,46.14841843
AUT,2012,AGRIFISH,Agriculture & fisheries,FFUEL_BIOF,EUR_TCO2E_GT0,Above EUR 0 per tonne of CO2e,48.25108337
AUT,2012,RESCOM,Buildings,FFUEL_BIOF,EUR_TCO2E_GT0,Above EUR 0 per tonne of CO2e,48.23585129
AUT,2012,ELEC,Electricity,FFUEL_BIOF,EUR_TCO2E_GT0,Above EUR 0 per tonne of CO2e,71.19418144
BEL,2012,ENE,Energy use sectors,FFUEL_BIOF,EUR_TCO2E_GT0,Above EUR 0 per tonne of CO2e,77.81404495
BEL,2012,ROAD,Road transport,FFUEL_BIOF,EUR_TCO2E_GT0,Above EUR 0 per tonne of CO2e,95.27427483
BEL,2012,OFFROAD,Off-road transport,FFUEL_BIOF,EUR_TCO2E_GT0,Above EUR 0 per tonne of CO2e,18.57744598
BEL,2012,INDUSTRY,Industry,FFUEL_BIOF,EUR_TCO2E_GT0,Above EUR 0 per tonne of CO2e,69.37104988
BEL,2012,RESCOM,Buildings,FFUEL_BIOF,EUR_TCO2E_GT0,Above EUR 0 per tonne of CO2e,87.56912518
BEL,2012,ELEC,Electricity,FFUEL_BIOF,EUR_TCO2E_GT0,Above EUR 0 per tonne of CO2e,67.67076492
DNK,2012,ENE,Energy use sectors,FFUEL_BIOF,EUR_TCO2E_GT0,Above EUR 0 per tonne of CO2e,64.72995758
DNK,2012,ROAD,Road transport,FFUEL_BIOF,EUR_TCO2E_GT0,Above EUR 0 per tonne of CO2e,94.59465075
DNK,2012,OFFROAD,Off-road transport,FFUEL_BIOF,EUR_TCO2E_GT0,Above EUR 0 per tonne of CO2e,39.03055573
DNK,2012,INDUSTRY,Industry,FFUEL_BIOF,EUR_TCO2E_GT0,Above EUR 0 per tonne of CO2e,49.46822357
DNK,2012,AGRIFISH,Agriculture & fisheries,FFUEL_BIOF,EUR_TCO2E_GT0,Above EUR 0 per tonne of CO2e,69.35310936
DNK,2012,RESCOM,Buildings,FFUEL_BIOF,EUR_TCO2E_GT0,Above EUR 0 per tonne of CO2e,44.47437668
DNK,2012,ELEC,Electricity,FFUEL_BIOF,EUR_TCO2E_GT0,Above EUR 0 per tonne of CO2e,78.53068161
FRA,2012,ENE,Energy use sectors,FFUEL_BIOF,EUR_TCO2E_GT0,Above EUR 0 per tonne of CO2e,75.27801132
FRA,2012,ROAD,Road transport,FFUEL_BIOF,EUR_TCO2E_GT0,Above EUR 0 per tonne of CO2e,99.89049834
FRA,2012,OFFROAD,Off-road transport,FFUEL_BIOF,EUR_TCO2E_GT0,Above EUR 0 per tonne of CO2e,65.34230423
FRA,2012,INDUSTRY,Industry,FFUEL_BIOF,EUR_TCO2E_GT0,Above EUR 0 per tonne of CO2e,72.58976936
FRA,2012,AGRIFISH,Agriculture & fisheries,FFUEL_BIOF,EUR_TCO2E_GT0,Above EUR 0 per tonne of CO2e,85.16501617
FRA,2012,RESCOM,Buildings,FFUEL_BIOF,EUR_TCO2E_GT0,Above EUR 0 per tonne of CO2e,42.9274025
FRA,2012,ELEC,Electricity,FFUEL_BIOF,EUR_TCO2E_GT0,Above EUR 0 per tonne of CO2e,95.11222792
DEU,2012,ENE,Energy use sectors,FFUEL_BIOF,EUR_TCO2E_GT0,Above EUR 0 per tonne of CO2e,84.36851978
DEU,2012,ROAD,Road transport,FFUEL_BIOF,EUR_TCO2E_GT0,Above EUR 0 per tonne of CO2e,99.73778841
DEU,2012,OFFROAD,Off-road transport,FFUEL_BIOF,EUR_TCO2E_GT0,Above EUR 0 per tonne of CO2e,22.99899292
DEU,2012,INDUSTRY,Industry,FFUEL_BIOF,EUR_TCO2E_GT0,Above EUR 0 per tonne of CO2e,73.49128151
DEU,2012,AGRIFISH,Agriculture & fisheries,FFUEL_BIOF,EUR_TCO2E_GT0,Above EUR 0 per tonne of CO2e,34.38806915
DEU,2012,RESCOM,Buildings,FFUEL_BIOF,EUR_TCO2E_GT0,Above EUR 0 per tonne of CO2e,76.43341827
DEU,2012,ELEC,Electricity,FFUEL_BIOF,EUR_TCO2E_GT0,Above EUR 0 per tonne of CO2e,91.57790184
ITA,2012,ENE,Energy use sectors,FFUEL_BIOF,EUR_TCO2E_GT0,Above EUR 0 per tonne of CO2e,86.61345577
ITA,2012,ROAD,Road transport,FFUEL_BIOF,EUR_TCO2E_GT0,Above EUR 0 per tonne of CO2e,99.99994589
ITA,2012,OFFROAD,Off-road transport,FFUEL_BIOF,EUR_TCO2E_GT0,Above EUR 0 per tonne of CO2e,50.47182083
ITA,2012,INDUSTRY,Industry,FFUEL_BIOF,EUR_TCO2E_GT0,Above EUR 0 per tonne of CO2e,89.47800732
ITA,2012,AGRIFISH,Agriculture & fisheries,FFUEL_BIOF,EUR_TCO2E_GT0,Above EUR 0 per tonne of CO2e,99.89102229
ITA,2012,RESCOM,Buildings,FFUEL_BIOF,EUR_TCO2E_GT0,Above EUR 0 per tonne of CO2e,69.08791161
ITA,2012,ELEC,Electricity,FFUEL_BIOF,EUR_TCO2E_GT0,Above EUR 0 per tonne of CO2e,88.90456676
NLD,2012,ENE,Energy use sectors,FFUEL_BIOF,EUR_TCO2E_GT0,Above EUR 0 per tonne of CO2e,82.5249939
NLD,2012,ROAD,Road transport,FFUEL_BIOF,EUR_TCO2E_GT0,Above EUR 0 per tonne of CO2e,99.82838169
NLD,2012,OFFROAD,Off-road transport,FFUEL_BIOF,EUR_TCO2E_GT0,Above EUR 0 per tonne of CO2e,17.21082306
NLD,2012,INDUSTRY,Industry,FFUEL_BIOF,EUR_TCO2E_GT0,Above EUR 0 per tonne of CO2e,63.16352463
NLD,2012,AGRIFISH,Agriculture & fisheries,FFUEL_BIOF,EUR_TCO2E_GT0,Above EUR 0 per tonne of CO2e,95.48649931
NLD,2012,RESCOM,Buildings,FFUEL_BIOF,EUR_TCO2E_GT0,Above EUR 0 per tonne of CO2e,91.67626095
NLD,2012,ELEC,Electricity,FFUEL_BIOF,EUR_TCO2E_GT0,Above EUR 0 per tonne of CO2e,92.02234507
POL,2012,ENE,Energy use sectors,FFUEL_BIOF,EUR_TCO2E_GT0,Above EUR 0 per tonne of CO2e,72.505373
POL,2012,ROAD,Road transport,FFUEL_BIOF,EUR_TCO2E_GT0,Above EUR 0 per tonne of CO2e,94.93568182
POL,2012,OFFROAD,Off-road transport,FFUEL_BIOF,EUR_TCO2E_GT0,Above EUR 0 per tonne of CO2e,71.18007851
POL,2012,INDUSTRY,Industry,FFUEL_BIOF,EUR_TCO2E_GT0,Above EUR 0 per tonne of CO2e,78.3015461
POL,2012,AGRIFISH,Agriculture & fisheries,FFUEL_BIOF,EUR_TCO2E_GT0,Above EUR 0 per tonne of CO2e,43.94980621
POL,2012,RESCOM,Buildings,FFUEL_BIOF,EUR_TCO2E_GT0,Above EUR 0 per tonne of CO2e,8.039451599
POL,2012,ELEC,Electricity,FFUEL_BIOF,EUR_TCO2E_GT0,Above EUR 0 per tonne of CO2e,93.47100735
ESP,2012,ENE,Energy use sectors,FFUEL_BIOF,EUR_TCO2E_GT0,Above EUR 0 per tonne of CO2e,71.51793098
ESP,2012,ROAD,Road transport,FFUEL_BIOF,EUR_TCO2E_GT0,Above EUR 0 per tonne of CO2e,91.93634415
ESP,2012,OFFROAD,Off-road transport,FFUEL_BIOF,EUR_TCO2E_GT0,Above EUR 0 per tonne of CO2e,2.013389587
ESP,2012,INDUSTRY,Industry,FFUEL_BIOF,EUR_TCO2E_GT0,Above EUR 0 per tonne of CO2e,59.8091507
ESP,2012,AGRIFISH,Agriculture & fisheries,FFUEL_BIOF,EUR_TCO2E_GT0,Above EUR 0 per tonne of CO2e,72.73014069
ESP,2012,RESCOM,Buildings,FFUEL_BIOF,EUR_TCO2E_GT0,Above EUR 0 per tonne of CO2e,26.9388504
ESP,2012,ELEC,Electricity,FFUEL_BIOF,EUR_TCO2E_GT0,Above EUR 0 per tonne of CO2e,97.0896337
SWE,2012,ENE,Energy use sectors,FFUEL_BIOF,EUR_TCO2E_GT0,Above EUR 0 per tonne of CO2e,50.68274307
SWE,2012,ROAD,Road transport,FFUEL_BIOF,EUR_TCO2E_GT0,Above EUR 0 per tonne of CO2e,92.46168995
SWE,2012,OFFROAD,Off-road transport,FFUEL_BIOF,EUR_TCO2E_GT0,Above EUR 0 per tonne of CO2e,67.57926559
SWE,2012,INDUSTRY,Industry,FFUEL_BIOF,EUR_TCO2E_GT0,Above EUR 0 per tonne of CO2e,43.40887833
SWE,2012,AGRIFISH,Agriculture & fisheries,FFUEL_BIOF,EUR_TCO2E_GT0,Above EUR 0 per tonne of CO2e,55.10017776
SWE,2012,RESCOM,Buildings,FFUEL_BIOF,EUR_TCO2E_GT0,Above EUR 0 per tonne of CO2e,18.8192749
SWE,2012,ELEC,Electricity,FFUEL_BIOF,EUR_TCO2E_GT0,Above EUR 0 per tonne of CO2e,24.55205536
GBR,2012,ENE,Energy use sectors,FFUEL_BIOF,EUR_TCO2E_GT0,Above EUR 0 per tonne of CO2e,78.16948509
GBR,2012,OFFROAD,Off-road transport,FFUEL_BIOF,EUR_TCO2E_GT0,Above EUR 0 per tonne of CO2e,53.30088806
GBR,2012,INDUSTRY,Industry,FFUEL_BIOF,EUR_TCO2E_GT0,Above EUR 0 per tonne of CO2e,75.09283447
GBR,2012,AGRIFISH,Agriculture & fisheries,FFUEL_BIOF,EUR_TCO2E_GT0,Above EUR 0 per tonne of CO2e,70.79241371
GBR,2012,RESCOM,Buildings,FFUEL_BIOF,EUR_TCO2E_GT0,Above EUR 0 per tonne of CO2e,29.22961426
GBR,2012,ELEC,Electricity,FFUEL_BIOF,EUR_TCO2E_GT0,Above EUR 0 per tonne of CO2e,96.56831479
AUT,2012,ENE,Energy use sectors,FFUEL,EUR_TCO2E_GT5,Above EUR 5 per tonne of CO2e,83.52578926
AUT,2012,ROAD,Road transport,FFUEL,EUR_TCO2E_GT5,Above EUR 5 per tonne of CO2e,99.91112591
AUT,2012,OFFROAD,Off-road transport,FFUEL,EUR_TCO2E_GT5,Above EUR 5 per tonne of CO2e,97.43027711
AUT,2012,INDUSTRY,Industry,FFUEL,EUR_TCO2E_GT5,Above EUR 5 per tonne of CO2e,64.49726868
AUT,2012,RESCOM,Buildings,FFUEL,EUR_TCO2E_GT5,Above EUR 5 per tonne of CO2e,99.96235434
BEL,2012,ENE,Energy use sectors,FFUEL,EUR_TCO2E_GT5,Above EUR 5 per tonne of CO2e,86.62518978
BEL,2012,ROAD,Road transport,FFUEL,EUR_TCO2E_GT5,Above EUR 5 per tonne of CO2e,99.41939992
BEL,2012,OFFROAD,Off-road transport,FFUEL,EUR_TCO2E_GT5,Above EUR 5 per tonne of CO2e,18.57744598
BEL,2012,INDUSTRY,Industry,FFUEL,EUR_TCO2E_GT5,Above EUR 5 per tonne of CO2e,74.71967697
BEL,2012,RESCOM,Buildings,FFUEL,EUR_TCO2E_GT5,Above EUR 5 per tonne of CO2e,98.19928515
BEL,2012,ELEC,Electricity,FFUEL,EUR_TCO2E_GT5,Above EUR 5 per tonne of CO2e,86.28294086
DNK,2012,ENE,Energy use sectors,FFUEL,EUR_TCO2E_GT5,Above EUR 5 per tonne of CO2e,87.70600033
DNK,2012,OFFROAD,Off-road transport,FFUEL,EUR_TCO2E_GT5,Above EUR 5 per tonne of CO2e,36.42864609
DNK,2012,INDUSTRY,Industry,FFUEL,EUR_TCO2E_GT5,Above EUR 5 per tonne of CO2e,72.5566864
DNK,2012,AGRIFISH,Agriculture & fisheries,FFUEL,EUR_TCO2E_GT5,Above EUR 5 per tonne of CO2e,78.16277313
DNK,2012,RESCOM,Buildings,FFUEL,EUR_TCO2E_GT5,Above EUR 5 per tonne of CO2e,98.81951797
FRA,2012,ENE,Energy use sectors,FFUEL,EUR_TCO2E_GT5,Above EUR 5 per tonne of CO2e,83.26072884
FRA,2012,ROAD,Road transport,FFUEL,EUR_TCO2E_GT5,Above EUR 5 per tonne of CO2e,99.88329338
FRA,2012,OFFROAD,Off-road transport,FFUEL,EUR_TCO2E_GT5,Above EUR 5 per tonne of CO2e,65.34230423
FRA,2012,INDUSTRY,Industry,FFUEL,EUR_TCO2E_GT5,Above EUR 5 per tonne of CO2e,75.91115379
FRA,2012,AGRIFISH,Agriculture & fisheries,FFUEL,EUR_TCO2E_GT5,Above EUR 5 per tonne of CO2e,83.54035187
FRA,2012,RESCOM,Buildings,FFUEL,EUR_TCO2E_GT5,Above EUR 5 per tonne of CO2e,60.57282639
DEU,2012,ENE,Energy use sectors,FFUEL,EUR_TCO2E_GT5,Above EUR 5 per tonne of CO2e,92.84811831
DEU,2012,ROAD,Road transport,FFUEL,EUR_TCO2E_GT5,Above EUR 5 per tonne of CO2e,99.72199559
DEU,2012,OFFROAD,Off-road transport,FFUEL,EUR_TCO2E_GT5,Above EUR 5 per tonne of CO2e,21.95885468
DEU,2012,INDUSTRY,Industry,FFUEL,EUR_TCO2E_GT5,Above EUR 5 per tonne of CO2e,78.1853714
DEU,2012,RESCOM,Buildings,FFUEL,EUR_TCO2E_GT5,Above EUR 5 per tonne of CO2e,97.47536802
ITA,2012,ENE,Energy use sectors,FFUEL,EUR_TCO2E_GT5,Above EUR 5 per tonne of CO2e,94.45838261
ITA,2012,ROAD,Road transport,FFUEL,EUR_TCO2E_GT5,Above EUR 5 per tonne of CO2e,98.16572368
ITA,2012,OFFROAD,Off-road transport,FFUEL,EUR_TCO2E_GT5,Above EUR 5 per tonne of CO2e,50.47182083
ITA,2012,INDUSTRY,Industry,FFUEL,EUR_TCO2E_GT5,Above EUR 5 per tonne of CO2e,87.53070545
ITA,2012,RESCOM,Buildings,FFUEL,EUR_TCO2E_GT5,Above EUR 5 per tonne of CO2e,99.98637416
ITA,2012,ELEC,Electricity,FFUEL,EUR_TCO2E_GT5,Above EUR 5 per tonne of CO2e,94.90013981
NLD,2012,ENE,Energy use sectors,FFUEL,EUR_TCO2E_GT5,Above EUR 5 per tonne of CO2e,87.97011471
NLD,2012,ROAD,Road transport,FFUEL,EUR_TCO2E_GT5,Above EUR 5 per tonne of CO2e,99.82335004
NLD,2012,OFFROAD,Off-road transport,FFUEL,EUR_TCO2E_GT5,Above EUR 5 per tonne of CO2e,17.0229187
NLD,2012,INDUSTRY,Industry,FFUEL,EUR_TCO2E_GT5,Above EUR 5 per tonne of CO2e,68.53533173
NLD,2012,RESCOM,Buildings,FFUEL,EUR_TCO2E_GT5,Above EUR 5 per tonne of CO2e,99.15244669
POL,2012,ENE,Energy use sectors,FFUEL,EUR_TCO2E_GT5,Above EUR 5 per tonne of CO2e,76.48247528
POL,2012,OFFROAD,Off-road transport,FFUEL,EUR_TCO2E_GT5,Above EUR 5 per tonne of CO2e,71.18007851
POL,2012,INDUSTRY,Industry,FFUEL,EUR_TCO2E_GT5,Above EUR 5 per tonne of CO2e,73.59687424
POL,2012,AGRIFISH,Agriculture & fisheries,FFUEL,EUR_TCO2E_GT5,Above EUR 5 per tonne of CO2e,54.20233536
POL,2012,RESCOM,Buildings,FFUEL,EUR_TCO2E_GT5,Above EUR 5 per tonne of CO2e,3.609344482
POL,2012,ELEC,Electricity,FFUEL,EUR_TCO2E_GT5,Above EUR 5 per tonne of CO2e,99.98446649
ESP,2012,ENE,Energy use sectors,FFUEL,EUR_TCO2E_GT5,Above EUR 5 per tonne of CO2e,79.23231316
ESP,2012,OFFROAD,Off-road transport,FFUEL,EUR_TCO2E_GT5,Above EUR 5 per tonne of CO2e,2.045524597
ESP,2012,INDUSTRY,Industry,FFUEL,EUR_TCO2E_GT5,Above EUR 5 per tonne of CO2e,67.97320938
ESP,2012,AGRIFISH,Agriculture & fisheries,FFUEL,EUR_TCO2E_GT5,Above EUR 5 per tonne of CO2e,76.09380722
ESP,2012,RESCOM,Buildings,FFUEL,EUR_TCO2E_GT5,Above EUR 5 per tonne of CO2e,36.73956299
ESP,2012,ELEC,Electricity,FFUEL,EUR_TCO2E_GT5,Above EUR 5 per tonne of CO2e,97.68578553
SWE,2012,ENE,Energy use sectors,FFUEL,EUR_TCO2E_GT5,Above EUR 5 per tonne of CO2e,84.16502762
SWE,2012,ROAD,Road transport,FFUEL,EUR_TCO2E_GT5,Above EUR 5 per tonne of CO2e,99.31207848
SWE,2012,OFFROAD,Off-road transport,FFUEL,EUR_TCO2E_GT5,Above EUR 5 per tonne of CO2e,67.57926559
SWE,2012,INDUSTRY,Industry,FFUEL,EUR_TCO2E_GT5,Above EUR 5 per tonne of CO2e,73.789011
SWE,2012,AGRIFISH,Agriculture & fisheries,FFUEL,EUR_TCO2E_GT5,Above EUR 5 per tonne of CO2e,97.75632834
SWE,2012,RESCOM,Buildings,FFUEL,EUR_TCO2E_GT5,Above EUR 5 per tonne of CO2e,73.48182678
SWE,2012,ELEC,Electricity,FFUEL,EUR_TCO2E_GT5,Above EUR 5 per tonne of CO2e,71.03422737
GBR,2012,ENE,Energy use sectors,FFUEL,EUR_TCO2E_GT5,Above EUR 5 per tonne of CO2e,81.47045708
GBR,2012,OFFROAD,Off-road transport,FFUEL,EUR_TCO2E_GT5,Above EUR 5 per tonne of CO2e,53.30088806
GBR,2012,INDUSTRY,Industry,FFUEL,EUR_TCO2E_GT5,Above EUR 5 per tonne of CO2e,81.25827026
GBR,2012,RESCOM,Buildings,FFUEL,EUR_TCO2E_GT5,Above EUR 5 per tonne of CO2e,31.01468658
GBR,2012,ELEC,Electricity,FFUEL,EUR_TCO2E_GT5,Above EUR 5 per tonne of CO2e,99.94463303
AUT,2012,ENE,Energy use sectors,FFUEL_BIOF,EUR_TCO2E_GT5,Above EUR 5 per tonne of CO2e,60.48811722
AUT,2012,ROAD,Road transport,FFUEL_BIOF,EUR_TCO2E_GT5,Above EUR 5 per tonne of CO2e,93.45486116
AUT,2012,OFFROAD,Off-road transport,FFUEL_BIOF,EUR_TCO2E_GT5,Above EUR 5 per tonne of CO2e,96.26988721
AUT,2012,INDUSTRY,Industry,FFUEL_BIOF,EUR_TCO2E_GT5,Above EUR 5 per tonne of CO2e,46.14841843
AUT,2012,AGRIFISH,Agriculture & fisheries,FFUEL_BIOF,EUR_TCO2E_GT5,Above EUR 5 per tonne of CO2e,48.25108337
AUT,2012,RESCOM,Buildings,FFUEL_BIOF,EUR_TCO2E_GT5,Above EUR 5 per tonne of CO2e,48.23585129
AUT,2012,ELEC,Electricity,FFUEL_BIOF,EUR_TCO2E_GT5,Above EUR 5 per tonne of CO2e,71.19418144
BEL,2012,ENE,Energy use sectors,FFUEL_BIOF,EUR_TCO2E_GT5,Above EUR 5 per tonne of CO2e,76.90210342
BEL,2012,ROAD,Road transport,FFUEL_BIOF,EUR_TCO2E_GT5,Above EUR 5 per tonne of CO2e,95.27427483
BEL,2012,OFFROAD,Off-road transport,FFUEL_BIOF,EUR_TCO2E_GT5,Above EUR 5 per tonne of CO2e,18.57744598
BEL,2012,INDUSTRY,Industry,FFUEL_BIOF,EUR_TCO2E_GT5,Above EUR 5 per tonne of CO2e,66.5560112
BEL,2012,RESCOM,Buildings,FFUEL_BIOF,EUR_TCO2E_GT5,Above EUR 5 per tonne of CO2e,87.56912518
BEL,2012,ELEC,Electricity,FFUEL_BIOF,EUR_TCO2E_GT5,Above EUR 5 per tonne of CO2e,67.67076492
DNK,2012,ENE,Energy use sectors,FFUEL_BIOF,EUR_TCO2E_GT5,Above EUR 5 per tonne of CO2e,63.73559952
DNK,2012,ROAD,Road transport,FFUEL_BIOF,EUR_TCO2E_GT5,Above EUR 5 per tonne of CO2e,94.59465075
DNK,2012,OFFROAD,Off-road transport,FFUEL_BIOF,EUR_TCO2E_GT5,Above EUR 5 per tonne of CO2e,36.42864609
DNK,2012,INDUSTRY,Industry,FFUEL_BIOF,EUR_TCO2E_GT5,Above EUR 5 per tonne of CO2e,47.18001175
DNK,2012,AGRIFISH,Agriculture & fisheries,FFUEL_BIOF,EUR_TCO2E_GT5,Above EUR 5 per tonne of CO2e,68.07720566
DNK,2012,RESCOM,Buildings,FFUEL_BIOF,EUR_TCO2E_GT5,Above EUR 5 per tonne of CO2e,44.47437668
DNK,2012,ELEC,Electricity,FFUEL_BIOF,EUR_TCO2E_GT5,Above EUR 5 per tonne of CO2e,78.53068161
FRA,2012,ENE,Energy use sectors,FFUEL_BIOF,EUR_TCO2E_GT5,Above EUR 5 per tonne of CO2e,73.0133667
FRA,2012,ROAD,Road transport,FFUEL_BIOF,EUR_TCO2E_GT5,Above EUR 5 per tonne of CO2e,99.89049834
FRA,2012,OFFROAD,Off-road transport,FFUEL_BIOF,EUR_TCO2E_GT5,Above EUR 5 per tonne of CO2e,65.34230423
FRA,2012,INDUSTRY,Industry,FFUEL_BIOF,EUR_TCO2E_GT5,Above EUR 5 per tonne of CO2e,65.03792953
FRA,2012,AGRIFISH,Agriculture & fisheries,FFUEL_BIOF,EUR_TCO2E_GT5,Above EUR 5 per tonne of CO2e,78.88633537
FRA,2012,RESCOM,Buildings,FFUEL_BIOF,EUR_TCO2E_GT5,Above EUR 5 per tonne of CO2e,42.58226776
FRA,2012,ELEC,Electricity,FFUEL_BIOF,EUR_TCO2E_GT5,Above EUR 5 per tonne of CO2e,95.11222792
DEU,2012,ENE,Energy use sectors,FFUEL_BIOF,EUR_TCO2E_GT5,Above EUR 5 per tonne of CO2e,83.11303711
DEU,2012,ROAD,Road transport,FFUEL_BIOF,EUR_TCO2E_GT5,Above EUR 5 per tonne of CO2e,99.73778841
DEU,2012,OFFROAD,Off-road transport,FFUEL_BIOF,EUR_TCO2E_GT5,Above EUR 5 per tonne of CO2e,22.99899292
DEU,2012,INDUSTRY,Industry,FFUEL_BIOF,EUR_TCO2E_GT5,Above EUR 5 per tonne of CO2e,70.36860847
DEU,2012,AGRIFISH,Agriculture & fisheries,FFUEL_BIOF,EUR_TCO2E_GT5,Above EUR 5 per tonne of CO2e,34.38806915
DEU,2012,RESCOM,Buildings,FFUEL_BIOF,EUR_TCO2E_GT5,Above EUR 5 per tonne of CO2e,74.50880623
DEU,2012,ELEC,Electricity,FFUEL_BIOF,EUR_TCO2E_GT5,Above EUR 5 per tonne of CO2e,91.57790184
ITA,2012,ENE,Energy use sectors,FFUEL_BIOF,EUR_TCO2E_GT5,Above EUR 5 per tonne of CO2e,83.92764091
ITA,2012,ROAD,Road transport,FFUEL_BIOF,EUR_TCO2E_GT5,Above EUR 5 per tonne of CO2e,98.23933959
ITA,2012,OFFROAD,Off-road transport,FFUEL_BIOF,EUR_TCO2E_GT5,Above EUR 5 per tonne of CO2e,50.47182083
ITA,2012,INDUSTRY,Industry,FFUEL_BIOF,EUR_TCO2E_GT5,Above EUR 5 per tonne of CO2e,83.6821804
ITA,2012,AGRIFISH,Agriculture & fisheries,FFUEL_BIOF,EUR_TCO2E_GT5,Above EUR 5 per tonne of CO2e,99.89102229
ITA,2012,RESCOM,Buildings,FFUEL_BIOF,EUR_TCO2E_GT5,Above EUR 5 per tonne of CO2e,69.08791161
ITA,2012,ELEC,Electricity,FFUEL_BIOF,EUR_TCO2E_GT5,Above EUR 5 per tonne of CO2e,85.20724964
NLD,2012,ENE,Energy use sectors,FFUEL_BIOF,EUR_TCO2E_GT5,Above EUR 5 per tonne of CO2e,82.38905144
NLD,2012,ROAD,Road transport,FFUEL_BIOF,EUR_TCO2E_GT5,Above EUR 5 per tonne of CO2e,99.82838169
NLD,2012,OFFROAD,Off-road transport,FFUEL_BIOF,EUR_TCO2E_GT5,Above EUR 5 per tonne of CO2e,17.21082306
NLD,2012,INDUSTRY,Industry,FFUEL_BIOF,EUR_TCO2E_GT5,Above EUR 5 per tonne of CO2e,62.79030991
NLD,2012,AGRIFISH,Agriculture & fisheries,FFUEL_BIOF,EUR_TCO2E_GT5,Above EUR 5 per tonne of CO2e,95.48649931
NLD,2012,RESCOM,Buildings,FFUEL_BIOF,EUR_TCO2E_GT5,Above EUR 5 per tonne of CO2e,91.67626095
NLD,2012,ELEC,Electricity,FFUEL_BIOF,EUR_TCO2E_GT5,Above EUR 5 per tonne of CO2e,92.02234507
POL,2012,ENE,Energy use sectors,FFUEL_BIOF,EUR_TCO2E_GT5,Above EUR 5 per tonne of CO2e,68.52747536
POL,2012,ROAD,Road transport,FFUEL_BIOF,EUR_TCO2E_GT5,Above EUR 5 per tonne of CO2e,94.93568182
POL,2012,OFFROAD,Off-road transport,FFUEL_BIOF,EUR_TCO2E_GT5,Above EUR 5 per tonne of CO2e,71.18007851
POL,2012,INDUSTRY,Industry,FFUEL_BIOF,EUR_TCO2E_GT5,Above EUR 5 per tonne of CO2e,66.6933403
POL,2012,AGRIFISH,Agriculture & fisheries,FFUEL_BIOF,EUR_TCO2E_GT5,Above EUR 5 per tonne of CO2e,43.94980621
POL,2012,RESCOM,Buildings,FFUEL_BIOF,EUR_TCO2E_GT5,Above EUR 5 per tonne of CO2e,2.790000916
POL,2012,ELEC,Electricity,FFUEL_BIOF,EUR_TCO2E_GT5,Above EUR 5 per tonne of CO2e,93.47100735
ESP,2012,ENE,Energy use sectors,FFUEL_BIOF,EUR_TCO2E_GT5,Above EUR 5 per tonne of CO2e,70.84020615
ESP,2012,ROAD,Road transport,FFUEL_BIOF,EUR_TCO2E_GT5,Above EUR 5 per tonne of CO2e,91.93634415
ESP,2012,OFFROAD,Off-road transport,FFUEL_BIOF,EUR_TCO2E_GT5,Above EUR 5 per tonne of CO2e,2.013389587
ESP,2012,INDUSTRY,Industry,FFUEL_BIOF,EUR_TCO2E_GT5,Above EUR 5 per tonne of CO2e,58.34001541
ESP,2012,AGRIFISH,Agriculture & fisheries,FFUEL_BIOF,EUR_TCO2E_GT5,Above EUR 5 per tonne of CO2e,72.73014069
ESP,2012,RESCOM,Buildings,FFUEL_BIOF,EUR_TCO2E_GT5,Above EUR 5 per tonne of CO2e,24.97702789
ESP,2012,ELEC,Electricity,FFUEL_BIOF,EUR_TCO2E_GT5,Above EUR 5 per tonne of CO2e,97.0896337
SWE,2012,ENE,Energy use sectors,FFUEL_BIOF,EUR_TCO2E_GT5,Above EUR 5 per tonne of CO2e,50.55492783
SWE,2012,ROAD,Road transport,FFUEL_BIOF,EUR_TCO2E_GT5,Above EUR 5 per tonne of CO2e,91.83379173
SWE,2012,OFFROAD,Off-road transport,FFUEL_BIOF,EUR_TCO2E_GT5,Above EUR 5 per tonne of CO2e,67.57926559
SWE,2012,INDUSTRY,Industry,FFUEL_BIOF,EUR_TCO2E_GT5,Above EUR 5 per tonne of CO2e,43.40887833
SWE,2012,AGRIFISH,Agriculture & fisheries,FFUEL_BIOF,EUR_TCO2E_GT5,Above EUR 5 per tonne of CO2e,55.10017776
SWE,2012,RESCOM,Buildings,FFUEL_BIOF,EUR_TCO2E_GT5,Above EUR 5 per tonne of CO2e,18.8192749
SWE,2012,ELEC,Electricity,FFUEL_BIOF,EUR_TCO2E_GT5,Above EUR 5 per tonne of CO2e,24.55205536
GBR,2012,ENE,Energy use sectors,FFUEL_BIOF,EUR_TCO2E_GT5,Above EUR 5 per tonne of CO2e,78.12451744
GBR,2012,OFFROAD,Off-road transport,FFUEL_BIOF,EUR_TCO2E_GT5,Above EUR 5 per tonne of CO2e,53.30088806
GBR,2012,INDUSTRY,Industry,FFUEL_BIOF,EUR_TCO2E_GT5,Above EUR 5 per tonne of CO2e,74.90575409
GBR,2012,AGRIFISH,Agriculture & fisheries,FFUEL_BIOF,EUR_TCO2E_GT5,Above EUR 5 per tonne of CO2e,70.79241371
GBR,2012,RESCOM,Buildings,FFUEL_BIOF,EUR_TCO2E_GT5,Above EUR 5 per tonne of CO2e,29.22961426
GBR,2012,ELEC,Electricity,FFUEL_BIOF,EUR_TCO2E_GT5,Above EUR 5 per tonne of CO2e,96.56831479
AUT,2015,ROAD,Road transport,FFUEL_BIOF,EUR_TCO2E_GT0,Above EUR 0 per tonne of CO2e,91.87159157
AUT,2015,ROAD,Road transport,FFUEL,EUR_TCO2E_GT0,Above EUR 0 per tonne of CO2e,99.80959906
AUT,2015,AGRIFISH,Agriculture & fisheries,FFUEL_BIOF,EUR_TCO2E_GT0,Above EUR 0 per tonne of CO2e,46.90791321
AUT,2015,ELEC,Electricity,FFUEL_BIOF,EUR_TCO2E_GT0,Above EUR 0 per tonne of CO2e,65.46486282
BEL,2015,ROAD,Road transport,FFUEL,EUR_TCO2E_GT0,Above EUR 0 per tonne of CO2e,99.30840743
BEL,2015,ROAD,Road transport,FFUEL_BIOF,EUR_TCO2E_GT0,Above EUR 0 per tonne of CO2e,96.37964773
BEL,2015,AGRIFISH,Agriculture & fisheries,FFUEL_BIOF,EUR_TCO2E_GT0,Above EUR 0 per tonne of CO2e,0.179199219
BEL,2015,AGRIFISH,Agriculture & fisheries,FFUEL,EUR_TCO2E_GT0,Above EUR 0 per tonne of CO2e,0.196792603
BEL,2015,ELEC,Electricity,FFUEL_BIOF,EUR_TCO2E_GT0,Above EUR 0 per tonne of CO2e,69.03384399
BEL,2015,ELEC,Electricity,FFUEL,EUR_TCO2E_GT0,Above EUR 0 per tonne of CO2e,89.20663548
DNK,2015,ROAD,Road transport,FFUEL_BIOF,EUR_TCO2E_GT0,Above EUR 0 per tonne of CO2e,94.59072733
DNK,2015,AGRIFISH,Agriculture & fisheries,FFUEL_BIOF,EUR_TCO2E_GT0,Above EUR 0 per tonne of CO2e,86.34916592
DNK,2015,ELEC,Electricity,FFUEL_BIOF,EUR_TCO2E_GT0,Above EUR 0 per tonne of CO2e,73.57634544
FRA,2015,AGRIFISH,Agriculture & fisheries,FFUEL_BIOF,EUR_TCO2E_GT0,Above EUR 0 per tonne of CO2e,86.55806732
FRA,2015,AGRIFISH,Agriculture & fisheries,FFUEL,EUR_TCO2E_GT0,Above EUR 0 per tonne of CO2e,91.96865559
FRA,2015,ELEC,Electricity,FFUEL_BIOF,EUR_TCO2E_GT0,Above EUR 0 per tonne of CO2e,91.11302471
DEU,2015,ROAD,Road transport,FFUEL_BIOF,EUR_TCO2E_GT0,Above EUR 0 per tonne of CO2e,98.57877982
DEU,2015,AGRIFISH,Agriculture & fisheries,FFUEL_BIOF,EUR_TCO2E_GT0,Above EUR 0 per tonne of CO2e,29.76860046
DEU,2015,ELEC,Electricity,FFUEL_BIOF,EUR_TCO2E_GT0,Above EUR 0 per tonne of CO2e,90.1814146
ITA,2015,ROAD,Road transport,FFUEL_BIOF,EUR_TCO2E_GT0,Above EUR 0 per tonne of CO2e,99.99994587
ITA,2015,AGRIFISH,Agriculture & fisheries,FFUEL_BIOF,EUR_TCO2E_GT0,Above EUR 0 per tonne of CO2e,97.74466825
ITA,2015,ELEC,Electricity,FFUEL_BIOF,EUR_TCO2E_GT0,Above EUR 0 per tonne of CO2e,85.17413235
NLD,2015,AGRIFISH,Agriculture & fisheries,FFUEL_BIOF,EUR_TCO2E_GT0,Above EUR 0 per tonne of CO2e,87.9514246
NLD,2015,AGRIFISH,Agriculture & fisheries,FFUEL,EUR_TCO2E_GT0,Above EUR 0 per tonne of CO2e,93.38583994
NLD,2015,ELEC,Electricity,FFUEL_BIOF,EUR_TCO2E_GT0,Above EUR 0 per tonne of CO2e,97.08806348
NLD,2015,ELEC,Electricity,FFUEL,EUR_TCO2E_GT0,Above EUR 0 per tonne of CO2e,99.99999795
POL,2015,ROAD,Road transport,FFUEL_BIOF,EUR_TCO2E_GT0,Above EUR 0 per tonne of CO2e,99.04139936
POL,2015,AGRIFISH,Agriculture & fisheries,FFUEL,EUR_TCO2E_GT0,Above EUR 0 per tonne of CO2e,99.83994547
POL,2015,AGRIFISH,Agriculture & fisheries,FFUEL_BIOF,EUR_TCO2E_GT0,Above EUR 0 per tonne of CO2e,79.65936661
POL,2015,ELEC,Electricity,FFUEL_BIOF,EUR_TCO2E_GT0,Above EUR 0 per tonne of CO2e,93.61358261
ESP,2015,AGRIFISH,Agriculture & fisheries,FFUEL,EUR_TCO2E_GT0,Above EUR 0 per tonne of CO2e,85.67112541
ESP,2015,AGRIFISH,Agriculture & fisheries,FFUEL_BIOF,EUR_TCO2E_GT0,Above EUR 0 per tonne of CO2e,80.98073196
ESP,2015,ELEC,Electricity,FFUEL_BIOF,EUR_TCO2E_GT0,Above EUR 0 per tonne of CO2e,94.74129391
SWE,2015,ROAD,Road transport,FFUEL,EUR_TCO2E_GT0,Above EUR 0 per tonne of CO2e,99.96795632
SWE,2015,ROAD,Road transport,FFUEL_BIOF,EUR_TCO2E_GT0,Above EUR 0 per tonne of CO2e,86.74513817
SWE,2015,AGRIFISH,Agriculture & fisheries,FFUEL,EUR_TCO2E_GT0,Above EUR 0 per tonne of CO2e,93.32756996
SWE,2015,AGRIFISH,Agriculture & fisheries,FFUEL_BIOF,EUR_TCO2E_GT0,Above EUR 0 per tonne of CO2e,54.57706833
SWE,2015,ELEC,Electricity,FFUEL_BIOF,EUR_TCO2E_GT0,Above EUR 0 per tonne of CO2e,30.07646179
GBR,2015,AGRIFISH,Agriculture & fisheries,FFUEL_BIOF,EUR_TCO2E_GT0,Above EUR 0 per tonne of CO2e,75.9516449
GBR,2015,ELEC,Electricity,FFUEL_BIOF,EUR_TCO2E_GT0,Above EUR 0 per tonne of CO2e,87.53568649
GBR,2015,ELEC,Electricity,FFUEL,EUR_TCO2E_GT0,Above EUR 0 per tonne of CO2e,99.99999698
AUT,2015,OFFROAD,Off-road transport,FFUEL,EUR_TCO2E_GT0,Above EUR 0 per tonne of CO2e,88.29318428
AUT,2015,OFFROAD,Off-road transport,FFUEL_BIOF,EUR_TCO2E_GT0,Above EUR 0 per tonne of CO2e,87.50731468
BEL,2015,OFFROAD,Off-road transport,FFUEL_BIOF,EUR_TCO2E_GT0,Above EUR 0 per tonne of CO2e,1.179069519
BEL,2015,OFFROAD,Off-road transport,FFUEL,EUR_TCO2E_GT0,Above EUR 0 per tonne of CO2e,1.179069519
DNK,2015,OFFROAD,Off-road transport,FFUEL,EUR_TCO2E_GT0,Above EUR 0 per tonne of CO2e,43.88177109
DNK,2015,OFFROAD,Off-road transport,FFUEL_BIOF,EUR_TCO2E_GT0,Above EUR 0 per tonne of CO2e,43.88177109
FRA,2015,OFFROAD,Off-road transport,FFUEL,EUR_TCO2E_GT0,Above EUR 0 per tonne of CO2e,60.2671051
FRA,2015,OFFROAD,Off-road transport,FFUEL_BIOF,EUR_TCO2E_GT0,Above EUR 0 per tonne of CO2e,60.2671051
DEU,2015,OFFROAD,Off-road transport,FFUEL,EUR_TCO2E_GT0,Above EUR 0 per tonne of CO2e,63.74126434
DEU,2015,OFFROAD,Off-road transport,FFUEL_BIOF,EUR_TCO2E_GT0,Above EUR 0 per tonne of CO2e,64.09462738
ITA,2015,OFFROAD,Off-road transport,FFUEL_BIOF,EUR_TCO2E_GT0,Above EUR 0 per tonne of CO2e,49.55883026
ITA,2015,OFFROAD,Off-road transport,FFUEL,EUR_TCO2E_GT0,Above EUR 0 per tonne of CO2e,49.55883026
NLD,2015,OFFROAD,Off-road transport,FFUEL_BIOF,EUR_TCO2E_GT0,Above EUR 0 per tonne of CO2e,10.9409256
NLD,2015,OFFROAD,Off-road transport,FFUEL,EUR_TCO2E_GT0,Above EUR 0 per tonne of CO2e,10.73940277
POL,2015,OFFROAD,Off-road transport,FFUEL_BIOF,EUR_TCO2E_GT0,Above EUR 0 per tonne of CO2e,99.85472958
POL,2015,OFFROAD,Off-road transport,FFUEL,EUR_TCO2E_GT0,Above EUR 0 per tonne of CO2e,99.85472958
ESP,2015,OFFROAD,Off-road transport,FFUEL_BIOF,EUR_TCO2E_GT0,Above EUR 0 per tonne of CO2e,73.24995613
ESP,2015,OFFROAD,Off-road transport,FFUEL,EUR_TCO2E_GT0,Above EUR 0 per tonne of CO2e,73.22030067
SWE,2015,OFFROAD,Off-road transport,FFUEL,EUR_TCO2E_GT0,Above EUR 0 per tonne of CO2e,63.06919479
SWE,2015,OFFROAD,Off-road transport,FFUEL_BIOF,EUR_TCO2E_GT0,Above EUR 0 per tonne of CO2e,63.06919479
GBR,2015,OFFROAD,Off-road transport,FFUEL,EUR_TCO2E_GT0,Above EUR 0 per tonne of CO2e,55.1668663
GBR,2015,OFFROAD,Off-road transport,FFUEL_BIOF,EUR_TCO2E_GT0,Above EUR 0 per tonne of CO2e,55.1668663
AUT,2015,RESCOM,Buildings,FFUEL_BIOF,EUR_TCO2E_GT0,Above EUR 0 per tonne of CO2e,48.02401352
AUT,2015,RESCOM,Buildings,FFUEL,EUR_TCO2E_GT0,Above EUR 0 per tonne of CO2e,99.71906292
BEL,2015,RESCOM,Buildings,FFUEL,EUR_TCO2E_GT0,Above EUR 0 per tonne of CO2e,80.0989399
BEL,2015,RESCOM,Buildings,FFUEL_BIOF,EUR_TCO2E_GT0,Above EUR 0 per tonne of CO2e,71.70672035
DNK,2015,RESCOM,Buildings,FFUEL,EUR_TCO2E_GT0,Above EUR 0 per tonne of CO2e,98.83690643
DNK,2015,RESCOM,Buildings,FFUEL_BIOF,EUR_TCO2E_GT0,Above EUR 0 per tonne of CO2e,36.7866745
FRA,2015,RESCOM,Buildings,FFUEL_BIOF,EUR_TCO2E_GT0,Above EUR 0 per tonne of CO2e,66.86592865
FRA,2015,RESCOM,Buildings,FFUEL,EUR_TCO2E_GT0,Above EUR 0 per tonne of CO2e,97.64348412
DEU,2015,RESCOM,Buildings,FFUEL_BIOF,EUR_TCO2E_GT0,Above EUR 0 per tonne of CO2e,78.21984673
ITA,2015,RESCOM,Buildings,FFUEL,EUR_TCO2E_GT0,Above EUR 0 per tonne of CO2e,99.98072546
ITA,2015,RESCOM,Buildings,FFUEL_BIOF,EUR_TCO2E_GT0,Above EUR 0 per tonne of CO2e,67.86207962
NLD,2015,RESCOM,Buildings,FFUEL,EUR_TCO2E_GT0,Above EUR 0 per tonne of CO2e,99.43752235
NLD,2015,RESCOM,Buildings,FFUEL_BIOF,EUR_TCO2E_GT0,Above EUR 0 per tonne of CO2e,90.91775513
POL,2015,RESCOM,Buildings,FFUEL_BIOF,EUR_TCO2E_GT0,Above EUR 0 per tonne of CO2e,30.94522858
POL,2015,RESCOM,Buildings,FFUEL,EUR_TCO2E_GT0,Above EUR 0 per tonne of CO2e,40.66835403
ESP,2015,RESCOM,Buildings,FFUEL_BIOF,EUR_TCO2E_GT0,Above EUR 0 per tonne of CO2e,68.68936729
ESP,2015,RESCOM,Buildings,FFUEL,EUR_TCO2E_GT0,Above EUR 0 per tonne of CO2e,99.96427827
SWE,2015,RESCOM,Buildings,FFUEL_BIOF,EUR_TCO2E_GT0,Above EUR 0 per tonne of CO2e,17.60372162
SWE,2015,RESCOM,Buildings,FFUEL,EUR_TCO2E_GT0,Above EUR 0 per tonne of CO2e,65.64649963
GBR,2015,RESCOM,Buildings,FFUEL,EUR_TCO2E_GT0,Above EUR 0 per tonne of CO2e,28.12670898
GBR,2015,RESCOM,Buildings,FFUEL_BIOF,EUR_TCO2E_GT0,Above EUR 0 per tonne of CO2e,25.72538757
AUT,2015,INDUSTRY,Industry,FFUEL_BIOF,EUR_TCO2E_GT0,Above EUR 0 per tonne of CO2e,46.49790955
AUT,2015,INDUSTRY,Industry,FFUEL,EUR_TCO2E_GT0,Above EUR 0 per tonne of CO2e,64.53914261
BEL,2015,INDUSTRY,Industry,FFUEL,EUR_TCO2E_GT0,Above EUR 0 per tonne of CO2e,63.59549332
BEL,2015,INDUSTRY,Industry,FFUEL_BIOF,EUR_TCO2E_GT0,Above EUR 0 per tonne of CO2e,55.95199585
DNK,2015,INDUSTRY,Industry,FFUEL_BIOF,EUR_TCO2E_GT0,Above EUR 0 per tonne of CO2e,47.37152863
DNK,2015,INDUSTRY,Industry,FFUEL,EUR_TCO2E_GT0,Above EUR 0 per tonne of CO2e,79.23343849
FRA,2015,INDUSTRY,Industry,FFUEL_BIOF,EUR_TCO2E_GT0,Above EUR 0 per tonne of CO2e,71.80350494
FRA,2015,INDUSTRY,Industry,FFUEL,EUR_TCO2E_GT0,Above EUR 0 per tonne of CO2e,87.23810005
DEU,2015,INDUSTRY,Industry,FFUEL_BIOF,EUR_TCO2E_GT0,Above EUR 0 per tonne of CO2e,85.37408733
DEU,2015,INDUSTRY,Industry,FFUEL,EUR_TCO2E_GT0,Above EUR 0 per tonne of CO2e,93.16434288
ITA,2015,INDUSTRY,Industry,FFUEL_BIOF,EUR_TCO2E_GT0,Above EUR 0 per tonne of CO2e,89.66210938
ITA,2015,INDUSTRY,Industry,FFUEL,EUR_TCO2E_GT0,Above EUR 0 per tonne of CO2e,96.76682544
NLD,2015,INDUSTRY,Industry,FFUEL_BIOF,EUR_TCO2E_GT0,Above EUR 0 per tonne of CO2e,79.45889854
NLD,2015,INDUSTRY,Industry,FFUEL,EUR_TCO2E_GT0,Above EUR 0 per tonne of CO2e,87.71752548
POL,2015,INDUSTRY,Industry,FFUEL,EUR_TCO2E_GT0,Above EUR 0 per tonne of CO2e,98.80670381
POL,2015,INDUSTRY,Industry,FFUEL_BIOF,EUR_TCO2E_GT0,Above EUR 0 per tonne of CO2e,87.70206547
ESP,2015,INDUSTRY,Industry,FFUEL,EUR_TCO2E_GT0,Above EUR 0 per tonne of CO2e,80.94587135
ESP,2015,INDUSTRY,Industry,FFUEL_BIOF,EUR_TCO2E_GT0,Above EUR 0 per tonne of CO2e,70.53123093
SWE,2015,INDUSTRY,Industry,FFUEL,EUR_TCO2E_GT0,Above EUR 0 per tonne of CO2e,92.85890865
SWE,2015,INDUSTRY,Industry,FFUEL_BIOF,EUR_TCO2E_GT0,Above EUR 0 per tonne of CO2e,46.02925873
GBR,2015,INDUSTRY,Industry,FFUEL,EUR_TCO2E_GT0,Above EUR 0 per tonne of CO2e,84.39759922
GBR,2015,INDUSTRY,Industry,FFUEL_BIOF,EUR_TCO2E_GT0,Above EUR 0 per tonne of CO2e,74.95883179
AUT,2015,INDUSTRY,Industry,FFUEL,EUR_TCO2E_GT5,Above EUR 5 per tonne of CO2e,64.53914261
AUT,2015,INDUSTRY,Industry,FFUEL_BIOF,EUR_TCO2E_GT5,Above EUR 5 per tonne of CO2e,46.49790955
BEL,2015,INDUSTRY,Industry,FFUEL_BIOF,EUR_TCO2E_GT5,Above EUR 5 per tonne of CO2e,53.6133461
BEL,2015,INDUSTRY,Industry,FFUEL,EUR_TCO2E_GT5,Above EUR 5 per tonne of CO2e,60.93736649
DNK,2015,INDUSTRY,Industry,FFUEL,EUR_TCO2E_GT5,Above EUR 5 per tonne of CO2e,70.55168915
DNK,2015,INDUSTRY,Industry,FFUEL_BIOF,EUR_TCO2E_GT5,Above EUR 5 per tonne of CO2e,42.18094635
FRA,2015,INDUSTRY,Industry,FFUEL,EUR_TCO2E_GT5,Above EUR 5 per tonne of CO2e,87.23810005
FRA,2015,INDUSTRY,Industry,FFUEL_BIOF,EUR_TCO2E_GT5,Above EUR 5 per tonne of CO2e,71.80350494
DEU,2015,INDUSTRY,Industry,FFUEL_BIOF,EUR_TCO2E_GT5,Above EUR 5 per tonne of CO2e,75.62932014
DEU,2015,INDUSTRY,Industry,FFUEL,EUR_TCO2E_GT5,Above EUR 5 per tonne of CO2e,83.97342491
ITA,2015,INDUSTRY,Industry,FFUEL,EUR_TCO2E_GT5,Above EUR 5 per tonne of CO2e,95.2815547
ITA,2015,INDUSTRY,Industry,FFUEL_BIOF,EUR_TCO2E_GT5,Above EUR 5 per tonne of CO2e,88.28588963
NLD,2015,INDUSTRY,Industry,FFUEL_BIOF,EUR_TCO2E_GT5,Above EUR 5 per tonne of CO2e,79.45889854
NLD,2015,INDUSTRY,Industry,FFUEL,EUR_TCO2E_GT5,Above EUR 5 per tonne of CO2e,87.71752548
POL,2015,INDUSTRY,Industry,FFUEL,EUR_TCO2E_GT5,Above EUR 5 per tonne of CO2e,72.49697113
POL,2015,INDUSTRY,Industry,FFUEL_BIOF,EUR_TCO2E_GT5,Above EUR 5 per tonne of CO2e,64.34922028
ESP,2015,INDUSTRY,Industry,FFUEL_BIOF,EUR_TCO2E_GT5,Above EUR 5 per tonne of CO2e,65.0462532
ESP,2015,INDUSTRY,Industry,FFUEL,EUR_TCO2E_GT5,Above EUR 5 per tonne of CO2e,74.64752579
SWE,2015,INDUSTRY,Industry,FFUEL_BIOF,EUR_TCO2E_GT5,Above EUR 5 per tonne of CO2e,25.27510834
SWE,2015,INDUSTRY,Industry,FFUEL,EUR_TCO2E_GT5,Above EUR 5 per tonne of CO2e,85.37272358
GBR,2015,INDUSTRY,Industry,FFUEL_BIOF,EUR_TCO2E_GT5,Above EUR 5 per tonne of CO2e,74.49568367
GBR,2015,INDUSTRY,Industry,FFUEL,EUR_TCO2E_GT5,Above EUR 5 per tonne of CO2e,83.87613106
AUT,2015,RESCOM,Buildings,FFUEL_BIOF,EUR_TCO2E_GT5,Above EUR 5 per tonne of CO2e,48.02401352
AUT,2015,RESCOM,Buildings,FFUEL,EUR_TCO2E_GT5,Above EUR 5 per tonne of CO2e,99.71906292
BEL,2015,RESCOM,Buildings,FFUEL_BIOF,EUR_TCO2E_GT5,Above EUR 5 per tonne of CO2e,71.70672035
BEL,2015,RESCOM,Buildings,FFUEL,EUR_TCO2E_GT5,Above EUR 5 per tonne of CO2e,80.0989399
DNK,2015,RESCOM,Buildings,FFUEL,EUR_TCO2E_GT5,Above EUR 5 per tonne of CO2e,98.83683479
DNK,2015,RESCOM,Buildings,FFUEL_BIOF,EUR_TCO2E_GT5,Above EUR 5 per tonne of CO2e,36.7866478
FRA,2015,RESCOM,Buildings,FFUEL,EUR_TCO2E_GT5,Above EUR 5 per tonne of CO2e,97.64348412
FRA,2015,RESCOM,Buildings,FFUEL_BIOF,EUR_TCO2E_GT5,Above EUR 5 per tonne of CO2e,66.86592865
DEU,2015,RESCOM,Buildings,FFUEL_BIOF,EUR_TCO2E_GT5,Above EUR 5 per tonne of CO2e,76.30789375
DEU,2015,RESCOM,Buildings,FFUEL,EUR_TCO2E_GT5,Above EUR 5 per tonne of CO2e,97.55566669
ITA,2015,RESCOM,Buildings,FFUEL_BIOF,EUR_TCO2E_GT5,Above EUR 5 per tonne of CO2e,67.86207962
ITA,2015,RESCOM,Buildings,FFUEL,EUR_TCO2E_GT5,Above EUR 5 per tonne of CO2e,99.98072546
NLD,2015,RESCOM,Buildings,FFUEL,EUR_TCO2E_GT5,Above EUR 5 per tonne of CO2e,99.43752235
NLD,2015,RESCOM,Buildings,FFUEL_BIOF,EUR_TCO2E_GT5,Above EUR 5 per tonne of CO2e,90.91775513
POL,2015,RESCOM,Buildings,FFUEL_BIOF,EUR_TCO2E_GT5,Above EUR 5 per tonne of CO2e,26.24057007
POL,2015,RESCOM,Buildings,FFUEL,EUR_TCO2E_GT5,Above EUR 5 per tonne of CO2e,34.48547363
ESP,2015,RESCOM,Buildings,FFUEL_BIOF,EUR_TCO2E_GT5,Above EUR 5 per tonne of CO2e,68.61655807
ESP,2015,RESCOM,Buildings,FFUEL,EUR_TCO2E_GT5,Above EUR 5 per tonne of CO2e,99.85827658
SWE,2015,RESCOM,Buildings,FFUEL_BIOF,EUR_TCO2E_GT5,Above EUR 5 per tonne of CO2e,17.60372162
SWE,2015,RESCOM,Buildings,FFUEL,EUR_TCO2E_GT5,Above EUR 5 per tonne of CO2e,65.64649963
GBR,2015,RESCOM,Buildings,FFUEL_BIOF,EUR_TCO2E_GT5,Above EUR 5 per tonne of CO2e,25.72538757
GBR,2015,RESCOM,Buildings,FFUEL,EUR_TCO2E_GT5,Above EUR 5 per tonne of CO2e,28.12670898
AUT,2015,OFFROAD,Off-road transport,FFUEL_BIOF,EUR_TCO2E_GT5,Above EUR 5 per tonne of CO2e,87.50731468
AUT,2015,OFFROAD,Off-road transport,FFUEL,EUR_TCO2E_GT5,Above EUR 5 per tonne of CO2e,88.29318428
BEL,2015,OFFROAD,Off-road transport,FFUEL,EUR_TCO2E_GT5,Above EUR 5 per tonne of CO2e,1.179069519
BEL,2015,OFFROAD,Off-road transport,FFUEL_BIOF,EUR_TCO2E_GT5,Above EUR 5 per tonne of CO2e,1.179069519
DNK,2015,OFFROAD,Off-road transport,FFUEL,EUR_TCO2E_GT5,Above EUR 5 per tonne of CO2e,43.88177109
DNK,2015,OFFROAD,Off-road transport,FFUEL_BIOF,EUR_TCO2E_GT5,Above EUR 5 per tonne of CO2e,43.88177109
FRA,2015,OFFROAD,Off-road transport,FFUEL_BIOF,EUR_TCO2E_GT5,Above EUR 5 per tonne of CO2e,60.2671051
FRA,2015,OFFROAD,Off-road transport,FFUEL,EUR_TCO2E_GT5,Above EUR 5 per tonne of CO2e,60.2671051
DEU,2015,OFFROAD,Off-road transport,FFUEL,EUR_TCO2E_GT5,Above EUR 5 per tonne of CO2e,63.74126434
DEU,2015,OFFROAD,Off-road transport,FFUEL_BIOF,EUR_TCO2E_GT5,Above EUR 5 per tonne of CO2e,64.09462738
ITA,2015,OFFROAD,Off-road transport,FFUEL_BIOF,EUR_TCO2E_GT5,Above EUR 5 per tonne of CO2e,49.55883026
ITA,2015,OFFROAD,Off-road transport,FFUEL,EUR_TCO2E_GT5,Above EUR 5 per tonne of CO2e,49.55883026
NLD,2015,OFFROAD,Off-road transport,FFUEL_BIOF,EUR_TCO2E_GT5,Above EUR 5 per tonne of CO2e,10.9409256
NLD,2015,OFFROAD,Off-road transport,FFUEL,EUR_TCO2E_GT5,Above EUR 5 per tonne of CO2e,10.73940277
POL,2015,OFFROAD,Off-road transport,FFUEL,EUR_TCO2E_GT5,Above EUR 5 per tonne of CO2e,99.85472958
POL,2015,OFFROAD,Off-road transport,FFUEL_BIOF,EUR_TCO2E_GT5,Above EUR 5 per tonne of CO2e,99.85472958
ESP,2015,OFFROAD,Off-road transport,FFUEL_BIOF,EUR_TCO2E_GT5,Above EUR 5 per tonne of CO2e,73.24995613
ESP,2015,OFFROAD,Off-road transport,FFUEL,EUR_TCO2E_GT5,Above EUR 5 per tonne of CO2e,73.22030067
SWE,2015,OFFROAD,Off-road transport,FFUEL,EUR_TCO2E_GT5,Above EUR 5 per tonne of CO2e,63.06919479
SWE,2015,OFFROAD,Off-road transport,FFUEL_BIOF,EUR_TCO2E_GT5,Above EUR 5 per tonne of CO2e,63.06919479
GBR,2015,OFFROAD,Off-road transport,FFUEL_BIOF,EUR_TCO2E_GT5,Above EUR 5 per tonne of CO2e,55.1668663
GBR,2015,OFFROAD,Off-road transport,FFUEL,EUR_TCO2E_GT5,Above EUR 5 per tonne of CO2e,55.1668663
AUT,2015,ROAD,Road transport,FFUEL,EUR_TCO2E_GT5,Above EUR 5 per tonne of CO2e,99.80959906
AUT,2015,ROAD,Road transport,FFUEL_BIOF,EUR_TCO2E_GT5,Above EUR 5 per tonne of CO2e,91.87159157
AUT,2015,AGRIFISH,Agriculture & fisheries,FFUEL_BIOF,EUR_TCO2E_GT5,Above EUR 5 per tonne of CO2e,46.90791321
AUT,2015,ELEC,Electricity,FFUEL_BIOF,EUR_TCO2E_GT5,Above EUR 5 per tonne of CO2e,65.46486282
BEL,2015,ROAD,Road transport,FFUEL_BIOF,EUR_TCO2E_GT5,Above EUR 5 per tonne of CO2e,96.37964773
BEL,2015,ROAD,Road transport,FFUEL,EUR_TCO2E_GT5,Above EUR 5 per tonne of CO2e,99.30840743
BEL,2015,AGRIFISH,Agriculture & fisheries,FFUEL_BIOF,EUR_TCO2E_GT5,Above EUR 5 per tonne of CO2e,0.179199219
BEL,2015,AGRIFISH,Agriculture & fisheries,FFUEL,EUR_TCO2E_GT5,Above EUR 5 per tonne of CO2e,0.196792603
BEL,2015,ELEC,Electricity,FFUEL,EUR_TCO2E_GT5,Above EUR 5 per tonne of CO2e,88.84044933
BEL,2015,ELEC,Electricity,FFUEL_BIOF,EUR_TCO2E_GT5,Above EUR 5 per tonne of CO2e,68.75046349
DNK,2015,ROAD,Road transport,FFUEL_BIOF,EUR_TCO2E_GT5,Above EUR 5 per tonne of CO2e,94.59072733
DNK,2015,AGRIFISH,Agriculture & fisheries,FFUEL,EUR_TCO2E_GT5,Above EUR 5 per tonne of CO2e,83.45182228
DNK,2015,AGRIFISH,Agriculture & fisheries,FFUEL_BIOF,EUR_TCO2E_GT5,Above EUR 5 per tonne of CO2e,72.05995178
DNK,2015,ELEC,Electricity,FFUEL_BIOF,EUR_TCO2E_GT5,Above EUR 5 per tonne of CO2e,73.57634544
FRA,2015,AGRIFISH,Agriculture & fisheries,FFUEL_BIOF,EUR_TCO2E_GT5,Above EUR 5 per tonne of CO2e,86.55806732
FRA,2015,AGRIFISH,Agriculture & fisheries,FFUEL,EUR_TCO2E_GT5,Above EUR 5 per tonne of CO2e,91.96865559
FRA,2015,ELEC,Electricity,FFUEL_BIOF,EUR_TCO2E_GT5,Above EUR 5 per tonne of CO2e,91.11302471
DEU,2015,ROAD,Road transport,FFUEL_BIOF,EUR_TCO2E_GT5,Above EUR 5 per tonne of CO2e,98.57877982
DEU,2015,AGRIFISH,Agriculture & fisheries,FFUEL_BIOF,EUR_TCO2E_GT5,Above EUR 5 per tonne of CO2e,29.76860046
DEU,2015,ELEC,Electricity,FFUEL_BIOF,EUR_TCO2E_GT5,Above EUR 5 per tonne of CO2e,90.1814146
ITA,2015,ROAD,Road transport,FFUEL_BIOF,EUR_TCO2E_GT5,Above EUR 5 per tonne of CO2e,97.9033215
ITA,2015,ROAD,Road transport,FFUEL,EUR_TCO2E_GT5,Above EUR 5 per tonne of CO2e,97.82898879
ITA,2015,AGRIFISH,Agriculture & fisheries,FFUEL_BIOF,EUR_TCO2E_GT5,Above EUR 5 per tonne of CO2e,97.74466825
ITA,2015,ELEC,Electricity,FFUEL_BIOF,EUR_TCO2E_GT5,Above EUR 5 per tonne of CO2e,85.17413235
NLD,2015,AGRIFISH,Agriculture & fisheries,FFUEL,EUR_TCO2E_GT5,Above EUR 5 per tonne of CO2e,93.38583994
NLD,2015,AGRIFISH,Agriculture & fisheries,FFUEL_BIOF,EUR_TCO2E_GT5,Above EUR 5 per tonne of CO2e,87.9514246
NLD,2015,ELEC,Electricity,FFUEL_BIOF,EUR_TCO2E_GT5,Above EUR 5 per tonne of CO2e,97.08806348
NLD,2015,ELEC,Electricity,FFUEL,EUR_TCO2E_GT5,Above EUR 5 per tonne of CO2e,99.99999795
POL,2015,ROAD,Road transport,FFUEL_BIOF,EUR_TCO2E_GT5,Above EUR 5 per tonne of CO2e,99.04139936
POL,2015,AGRIFISH,Agriculture & fisheries,FFUEL_BIOF,EUR_TCO2E_GT5,Above EUR 5 per tonne of CO2e,47.67425156
POL,2015,AGRIFISH,Agriculture & fisheries,FFUEL,EUR_TCO2E_GT5,Above EUR 5 per tonne of CO2e,59.75185013
POL,2015,ELEC,Electricity,FFUEL_BIOF,EUR_TCO2E_GT5,Above EUR 5 per tonne of CO2e,93.61358261
ESP,2015,AGRIFISH,Agriculture & fisheries,FFUEL,EUR_TCO2E_GT5,Above EUR 5 per tonne of CO2e,85.67112541
ESP,2015,AGRIFISH,Agriculture & fisheries,FFUEL_BIOF,EUR_TCO2E_GT5,Above EUR 5 per tonne of CO2e,80.98073196
ESP,2015,ELEC,Electricity,FFUEL_BIOF,EUR_TCO2E_GT5,Above EUR 5 per tonne of CO2e,94.74129391
SWE,2015,ROAD,Road transport,FFUEL,EUR_TCO2E_GT5,Above EUR 5 per tonne of CO2e,99.96795632
SWE,2015,ROAD,Road transport,FFUEL_BIOF,EUR_TCO2E_GT5,Above EUR 5 per tonne of CO2e,86.74513817
SWE,2015,AGRIFISH,Agriculture & fisheries,FFUEL,EUR_TCO2E_GT5,Above EUR 5 per tonne of CO2e,93.32756996
SWE,2015,AGRIFISH,Agriculture & fisheries,FFUEL_BIOF,EUR_TCO2E_GT5,Above EUR 5 per tonne of CO2e,54.57706833
SWE,2015,ELEC,Electricity,FFUEL_BIOF,EUR_TCO2E_GT5,Above EUR 5 per tonne of CO2e,30.07646179
GBR,2015,AGRIFISH,Agriculture & fisheries,FFUEL_BIOF,EUR_TCO2E_GT5,Above EUR 5 per tonne of CO2e,75.9516449
GBR,2015,ELEC,Electricity,FFUEL_BIOF,EUR_TCO2E_GT5,Above EUR 5 per tonne of CO2e,87.53568649
GBR,2015,ELEC,Electricity,FFUEL,EUR_TCO2E_GT5,Above EUR 5 per tonne of CO2e,99.99999698
AUT,2015,ROAD,Road transport,FFUEL,EUR_TCO2E_GT30,Above EUR 30 per tonne of CO2e,99.80959906
AUT,2015,ROAD,Road transport,FFUEL_BIOF,EUR_TCO2E_GT30,Above EUR 30 per tonne of CO2e,91.87159157
AUT,2015,OFFROAD,Off-road transport,FFUEL_BIOF,EUR_TCO2E_GT30,Above EUR 30 per tonne of CO2e,86.03335857
AUT,2015,OFFROAD,Off-road transport,FFUEL,EUR_TCO2E_GT30,Above EUR 30 per tonne of CO2e,86.80599117
AUT,2015,INDUSTRY,Industry,FFUEL_BIOF,EUR_TCO2E_GT30,Above EUR 30 per tonne of CO2e,19.20626831
AUT,2015,INDUSTRY,Industry,FFUEL,EUR_TCO2E_GT30,Above EUR 30 per tonne of CO2e,26.6583252
AUT,2015,AGRIFISH,Agriculture & fisheries,FFUEL_BIOF,EUR_TCO2E_GT30,Above EUR 30 per tonne of CO2e,44.70860291
AUT,2015,AGRIFISH,Agriculture & fisheries,FFUEL,EUR_TCO2E_GT30,Above EUR 30 per tonne of CO2e,95.31142378
BEL,2015,ROAD,Road transport,FFUEL,EUR_TCO2E_GT30,Above EUR 30 per tonne of CO2e,99.30840743
BEL,2015,ROAD,Road transport,FFUEL_BIOF,EUR_TCO2E_GT30,Above EUR 30 per tonne of CO2e,96.37964773
DNK,2015,ROAD,Road transport,FFUEL_BIOF,EUR_TCO2E_GT30,Above EUR 30 per tonne of CO2e,94.59072733
DNK,2015,OFFROAD,Off-road transport,FFUEL,EUR_TCO2E_GT30,Above EUR 30 per tonne of CO2e,14.02571869
DNK,2015,OFFROAD,Off-road transport,FFUEL_BIOF,EUR_TCO2E_GT30,Above EUR 30 per tonne of CO2e,14.02571869
DNK,2015,INDUSTRY,Industry,FFUEL_BIOF,EUR_TCO2E_GT30,Above EUR 30 per tonne of CO2e,17.49980927
DNK,2015,INDUSTRY,Industry,FFUEL,EUR_TCO2E_GT30,Above EUR 30 per tonne of CO2e,29.27011871
DNK,2015,AGRIFISH,Agriculture & fisheries,FFUEL,EUR_TCO2E_GT30,Above EUR 30 per tonne of CO2e,7.714401245
DNK,2015,AGRIFISH,Agriculture & fisheries,FFUEL_BIOF,EUR_TCO2E_GT30,Above EUR 30 per tonne of CO2e,6.661315918
FRA,2015,ROAD,Road transport,FFUEL_BIOF,EUR_TCO2E_GT30,Above EUR 30 per tonne of CO2e,99.86415264
FRA,2015,ROAD,Road transport,FFUEL,EUR_TCO2E_GT30,Above EUR 30 per tonne of CO2e,99.85419729
FRA,2015,INDUSTRY,Industry,FFUEL,EUR_TCO2E_GT30,Above EUR 30 per tonne of CO2e,2.200485229
FRA,2015,INDUSTRY,Industry,FFUEL_BIOF,EUR_TCO2E_GT30,Above EUR 30 per tonne of CO2e,1.811164856
FRA,2015,AGRIFISH,Agriculture & fisheries,FFUEL,EUR_TCO2E_GT30,Above EUR 30 per tonne of CO2e,0.480110168
FRA,2015,AGRIFISH,Agriculture & fisheries,FFUEL_BIOF,EUR_TCO2E_GT30,Above EUR 30 per tonne of CO2e,0.45186615
DEU,2015,ROAD,Road transport,FFUEL_BIOF,EUR_TCO2E_GT30,Above EUR 30 per tonne of CO2e,98.57877982
DEU,2015,OFFROAD,Off-road transport,FFUEL,EUR_TCO2E_GT30,Above EUR 30 per tonne of CO2e,31.3087616
DEU,2015,OFFROAD,Off-road transport,FFUEL_BIOF,EUR_TCO2E_GT30,Above EUR 30 per tonne of CO2e,31.97819519
DEU,2015,INDUSTRY,Industry,FFUEL,EUR_TCO2E_GT30,Above EUR 30 per tonne of CO2e,1.864250183
DEU,2015,INDUSTRY,Industry,FFUEL_BIOF,EUR_TCO2E_GT30,Above EUR 30 per tonne of CO2e,1.6746521
ITA,2015,ROAD,Road transport,FFUEL,EUR_TCO2E_GT30,Above EUR 30 per tonne of CO2e,97.82898879
ITA,2015,ROAD,Road transport,FFUEL_BIOF,EUR_TCO2E_GT30,Above EUR 30 per tonne of CO2e,97.9033215
ITA,2015,OFFROAD,Off-road transport,FFUEL,EUR_TCO2E_GT30,Above EUR 30 per tonne of CO2e,1.253372192
ITA,2015,OFFROAD,Off-road transport,FFUEL_BIOF,EUR_TCO2E_GT30,Above EUR 30 per tonne of CO2e,1.253372192
ITA,2015,INDUSTRY,Industry,FFUEL,EUR_TCO2E_GT30,Above EUR 30 per tonne of CO2e,3.960510254
ITA,2015,INDUSTRY,Industry,FFUEL_BIOF,EUR_TCO2E_GT30,Above EUR 30 per tonne of CO2e,3.669723511
ITA,2015,AGRIFISH,Agriculture & fisheries,FFUEL_BIOF,EUR_TCO2E_GT30,Above EUR 30 per tonne of CO2e,91.00502682
ITA,2015,AGRIFISH,Agriculture & fisheries,FFUEL,EUR_TCO2E_GT30,Above EUR 30 per tonne of CO2e,93.10484982
NLD,2015,OFFROAD,Off-road transport,FFUEL_BIOF,EUR_TCO2E_GT30,Above EUR 30 per tonne of CO2e,7.843299866
NLD,2015,OFFROAD,Off-road transport,FFUEL,EUR_TCO2E_GT30,Above EUR 30 per tonne of CO2e,7.634765625
NLD,2015,INDUSTRY,Industry,FFUEL,EUR_TCO2E_GT30,Above EUR 30 per tonne of CO2e,4.328010559
NLD,2015,INDUSTRY,Industry,FFUEL_BIOF,EUR_TCO2E_GT30,Above EUR 30 per tonne of CO2e,3.972763062
NLD,2015,AGRIFISH,Agriculture & fisheries,FFUEL_BIOF,EUR_TCO2E_GT30,Above EUR 30 per tonne of CO2e,17.88452148
NLD,2015,AGRIFISH,Agriculture & fisheries,FFUEL,EUR_TCO2E_GT30,Above EUR 30 per tonne of CO2e,18.62607574
POL,2015,ROAD,Road transport,FFUEL_BIOF,EUR_TCO2E_GT30,Above EUR 30 per tonne of CO2e,98.96235752
POL,2015,ROAD,Road transport,FFUEL,EUR_TCO2E_GT30,Above EUR 30 per tonne of CO2e,99.91759512
POL,2015,OFFROAD,Off-road transport,FFUEL_BIOF,EUR_TCO2E_GT30,Above EUR 30 per tonne of CO2e,28.07780457
POL,2015,OFFROAD,Off-road transport,FFUEL,EUR_TCO2E_GT30,Above EUR 30 per tonne of CO2e,28.07780457
POL,2015,INDUSTRY,Industry,FFUEL,EUR_TCO2E_GT30,Above EUR 30 per tonne of CO2e,1.569755554
POL,2015,INDUSTRY,Industry,FFUEL_BIOF,EUR_TCO2E_GT30,Above EUR 30 per tonne of CO2e,1.393333435
ESP,2015,ROAD,Road transport,FFUEL,EUR_TCO2E_GT30,Above EUR 30 per tonne of CO2e,99.60132313
ESP,2015,ROAD,Road transport,FFUEL_BIOF,EUR_TCO2E_GT30,Above EUR 30 per tonne of CO2e,99.61570749
ESP,2015,OFFROAD,Off-road transport,FFUEL,EUR_TCO2E_GT30,Above EUR 30 per tonne of CO2e,0.041847229
ESP,2015,OFFROAD,Off-road transport,FFUEL_BIOF,EUR_TCO2E_GT30,Above EUR 30 per tonne of CO2e,0.152542114
ESP,2015,INDUSTRY,Industry,FFUEL_BIOF,EUR_TCO2E_GT30,Above EUR 30 per tonne of CO2e,4.385246277
ESP,2015,INDUSTRY,Industry,FFUEL,EUR_TCO2E_GT30,Above EUR 30 per tonne of CO2e,4.99105072
ESP,2015,AGRIFISH,Agriculture & fisheries,FFUEL,EUR_TCO2E_GT30,Above EUR 30 per tonne of CO2e,83.25894737
ESP,2015,AGRIFISH,Agriculture & fisheries,FFUEL_BIOF,EUR_TCO2E_GT30,Above EUR 30 per tonne of CO2e,78.70061874
SWE,2015,ROAD,Road transport,FFUEL_BIOF,EUR_TCO2E_GT30,Above EUR 30 per tonne of CO2e,86.74513817
SWE,2015,ROAD,Road transport,FFUEL,EUR_TCO2E_GT30,Above EUR 30 per tonne of CO2e,99.96795632
SWE,2015,INDUSTRY,Industry,FFUEL,EUR_TCO2E_GT30,Above EUR 30 per tonne of CO2e,16.07099152
SWE,2015,INDUSTRY,Industry,FFUEL_BIOF,EUR_TCO2E_GT30,Above EUR 30 per tonne of CO2e,4.757919312
SWE,2015,AGRIFISH,Agriculture & fisheries,FFUEL,EUR_TCO2E_GT30,Above EUR 30 per tonne of CO2e,93.32756996
SWE,2015,AGRIFISH,Agriculture & fisheries,FFUEL_BIOF,EUR_TCO2E_GT30,Above EUR 30 per tonne of CO2e,54.57706833
GBR,2015,OFFROAD,Off-road transport,FFUEL_BIOF,EUR_TCO2E_GT30,Above EUR 30 per tonne of CO2e,27.73415375
GBR,2015,OFFROAD,Off-road transport,FFUEL,EUR_TCO2E_GT30,Above EUR 30 per tonne of CO2e,27.73415375
GBR,2015,INDUSTRY,Industry,FFUEL,EUR_TCO2E_GT30,Above EUR 30 per tonne of CO2e,9.555854797
GBR,2015,INDUSTRY,Industry,FFUEL_BIOF,EUR_TCO2E_GT30,Above EUR 30 per tonne of CO2e,8.487159729
GBR,2015,AGRIFISH,Agriculture & fisheries,FFUEL,EUR_TCO2E_GT30,Above EUR 30 per tonne of CO2e,70.7700367
GBR,2015,AGRIFISH,Agriculture & fisheries,FFUEL_BIOF,EUR_TCO2E_GT30,Above EUR 30 per tonne of CO2e,53.75100708
GBR,2015,ELEC,Electricity,FFUEL_BIOF,EUR_TCO2E_GT30,Above EUR 30 per tonne of CO2e,69.95318413
GBR,2015,ELEC,Electricity,FFUEL,EUR_TCO2E_GT30,Above EUR 30 per tonne of CO2e,79.91390419
AUT,2015,RESCOM,Buildings,FFUEL_BIOF,EUR_TCO2E_GT30,Above EUR 30 per tonne of CO2e,46.83931732
AUT,2015,RESCOM,Buildings,FFUEL,EUR_TCO2E_GT30,Above EUR 30 per tonne of CO2e,97.25911617
DNK,2015,RESCOM,Buildings,FFUEL,EUR_TCO2E_GT30,Above EUR 30 per tonne of CO2e,76.55091858
DNK,2015,RESCOM,Buildings,FFUEL_BIOF,EUR_TCO2E_GT30,Above EUR 30 per tonne of CO2e,28.4919281
FRA,2015,RESCOM,Buildings,FFUEL_BIOF,EUR_TCO2E_GT30,Above EUR 30 per tonne of CO2e,22.03848267
FRA,2015,RESCOM,Buildings,FFUEL,EUR_TCO2E_GT30,Above EUR 30 per tonne of CO2e,32.18251801
DEU,2015,RESCOM,Buildings,FFUEL_BIOF,EUR_TCO2E_GT30,Above EUR 30 per tonne of CO2e,0.713157654
DEU,2015,RESCOM,Buildings,FFUEL,EUR_TCO2E_GT30,Above EUR 30 per tonne of CO2e,0.911727905
ITA,2015,RESCOM,Buildings,FFUEL_BIOF,EUR_TCO2E_GT30,Above EUR 30 per tonne of CO2e,51.66373825
ITA,2015,RESCOM,Buildings,FFUEL,EUR_TCO2E_GT30,Above EUR 30 per tonne of CO2e,76.11582184
NLD,2015,RESCOM,Buildings,FFUEL,EUR_TCO2E_GT30,Above EUR 30 per tonne of CO2e,99.37083912
NLD,2015,RESCOM,Buildings,FFUEL_BIOF,EUR_TCO2E_GT30,Above EUR 30 per tonne of CO2e,90.85678482
ESP,2015,RESCOM,Buildings,FFUEL,EUR_TCO2E_GT30,Above EUR 30 per tonne of CO2e,32.57770538
ESP,2015,RESCOM,Buildings,FFUEL_BIOF,EUR_TCO2E_GT30,Above EUR 30 per tonne of CO2e,22.40401459
SWE,2015,RESCOM,Buildings,FFUEL,EUR_TCO2E_GT30,Above EUR 30 per tonne of CO2e,65.1333313
SWE,2015,RESCOM,Buildings,FFUEL_BIOF,EUR_TCO2E_GT30,Above EUR 30 per tonne of CO2e,17.46611023
GBR,2015,RESCOM,Buildings,FFUEL_BIOF,EUR_TCO2E_GT30,Above EUR 30 per tonne of CO2e,3.87776947
GBR,2015,RESCOM,Buildings,FFUEL,EUR_TCO2E_GT30,Above EUR 30 per tonne of CO2e,4.239738464
AUT,2015,ROAD,Road transport,FFUEL_BIOF,EUR_TCO2E_GT60,Above EUR 60 per tonne of CO2e,91.70407391
AUT,2015,ROAD,Road transport,FFUEL,EUR_TCO2E_GT60,Above EUR 60 per tonne of CO2e,99.62760684
AUT,2015,OFFROAD,Off-road transport,FFUEL,EUR_TCO2E_GT60,Above EUR 60 per tonne of CO2e,14.24355316
AUT,2015,OFFROAD,Off-road transport,FFUEL_BIOF,EUR_TCO2E_GT60,Above EUR 60 per tonne of CO2e,14.11677551
AUT,2015,INDUSTRY,Industry,FFUEL,EUR_TCO2E_GT60,Above EUR 60 per tonne of CO2e,2.507347107
AUT,2015,INDUSTRY,Industry,FFUEL_BIOF,EUR_TCO2E_GT60,Above EUR 60 per tonne of CO2e,1.806442261
BEL,2015,ROAD,Road transport,FFUEL,EUR_TCO2E_GT60,Above EUR 60 per tonne of CO2e,99.30840743
BEL,2015,ROAD,Road transport,FFUEL_BIOF,EUR_TCO2E_GT60,Above EUR 60 per tonne of CO2e,96.37964773
DNK,2015,ROAD,Road transport,FFUEL_BIOF,EUR_TCO2E_GT60,Above EUR 60 per tonne of CO2e,94.59072733
DNK,2015,OFFROAD,Off-road transport,FFUEL,EUR_TCO2E_GT60,Above EUR 60 per tonne of CO2e,11.36785126
DNK,2015,OFFROAD,Off-road transport,FFUEL_BIOF,EUR_TCO2E_GT60,Above EUR 60 per tonne of CO2e,11.36785126
DNK,2015,INDUSTRY,Industry,FFUEL,EUR_TCO2E_GT60,Above EUR 60 per tonne of CO2e,20.60870361
DNK,2015,INDUSTRY,Industry,FFUEL_BIOF,EUR_TCO2E_GT60,Above EUR 60 per tonne of CO2e,12.32138062
DNK,2015,AGRIFISH,Agriculture & fisheries,FFUEL_BIOF,EUR_TCO2E_GT60,Above EUR 60 per tonne of CO2e,5.278930664
DNK,2015,AGRIFISH,Agriculture & fisheries,FFUEL,EUR_TCO2E_GT60,Above EUR 60 per tonne of CO2e,6.113471985
DNK,2015,RESCOM,Buildings,FFUEL_BIOF,EUR_TCO2E_GT60,Above EUR 60 per tonne of CO2e,28.48193359
DNK,2015,RESCOM,Buildings,FFUEL,EUR_TCO2E_GT60,Above EUR 60 per tonne of CO2e,76.52406502
FRA,2015,ROAD,Road transport,FFUEL_BIOF,EUR_TCO2E_GT60,Above EUR 60 per tonne of CO2e,99.6834448
FRA,2015,ROAD,Road transport,FFUEL,EUR_TCO2E_GT60,Above EUR 60 per tonne of CO2e,99.66024655
FRA,2015,AGRIFISH,Agriculture & fisheries,FFUEL,EUR_TCO2E_GT60,Above EUR 60 per tonne of CO2e,0.475448608
FRA,2015,AGRIFISH,Agriculture & fisheries,FFUEL_BIOF,EUR_TCO2E_GT60,Above EUR 60 per tonne of CO2e,0.447479248
FRA,2015,RESCOM,Buildings,FFUEL_BIOF,EUR_TCO2E_GT60,Above EUR 60 per tonne of CO2e,0.03616333
FRA,2015,RESCOM,Buildings,FFUEL,EUR_TCO2E_GT60,Above EUR 60 per tonne of CO2e,0.052818298
DEU,2015,ROAD,Road transport,FFUEL_BIOF,EUR_TCO2E_GT60,Above EUR 60 per tonne of CO2e,98.57877982
DEU,2015,OFFROAD,Off-road transport,FFUEL_BIOF,EUR_TCO2E_GT60,Above EUR 60 per tonne of CO2e,27.270401
DEU,2015,OFFROAD,Off-road transport,FFUEL,EUR_TCO2E_GT60,Above EUR 60 per tonne of CO2e,26.55463409
DEU,2015,RESCOM,Buildings,FFUEL_BIOF,EUR_TCO2E_GT60,Above EUR 60 per tonne of CO2e,0.545013428
DEU,2015,RESCOM,Buildings,FFUEL,EUR_TCO2E_GT60,Above EUR 60 per tonne of CO2e,0.696762085
ITA,2015,ROAD,Road transport,FFUEL,EUR_TCO2E_GT60,Above EUR 60 per tonne of CO2e,97.82898879
ITA,2015,ROAD,Road transport,FFUEL_BIOF,EUR_TCO2E_GT60,Above EUR 60 per tonne of CO2e,97.9033215
ITA,2015,OFFROAD,Off-road transport,FFUEL,EUR_TCO2E_GT60,Above EUR 60 per tonne of CO2e,1.253372192
ITA,2015,OFFROAD,Off-road transport,FFUEL_BIOF,EUR_TCO2E_GT60,Above EUR 60 per tonne of CO2e,1.253372192
ITA,2015,INDUSTRY,Industry,FFUEL,EUR_TCO2E_GT60,Above EUR 60 per tonne of CO2e,1.818641663
ITA,2015,INDUSTRY,Industry,FFUEL_BIOF,EUR_TCO2E_GT60,Above EUR 60 per tonne of CO2e,1.68510437
ITA,2015,AGRIFISH,Agriculture & fisheries,FFUEL,EUR_TCO2E_GT60,Above EUR 60 per tonne of CO2e,0.367752075
ITA,2015,AGRIFISH,Agriculture & fisheries,FFUEL_BIOF,EUR_TCO2E_GT60,Above EUR 60 per tonne of CO2e,0.359458923
ITA,2015,RESCOM,Buildings,FFUEL_BIOF,EUR_TCO2E_GT60,Above EUR 60 per tonne of CO2e,45.75196457
ITA,2015,RESCOM,Buildings,FFUEL,EUR_TCO2E_GT60,Above EUR 60 per tonne of CO2e,67.40604782
NLD,2015,OFFROAD,Off-road transport,FFUEL_BIOF,EUR_TCO2E_GT60,Above EUR 60 per tonne of CO2e,7.843299866
NLD,2015,OFFROAD,Off-road transport,FFUEL,EUR_TCO2E_GT60,Above EUR 60 per tonne of CO2e,7.634765625
NLD,2015,INDUSTRY,Industry,FFUEL,EUR_TCO2E_GT60,Above EUR 60 per tonne of CO2e,3.07749176
NLD,2015,INDUSTRY,Industry,FFUEL_BIOF,EUR_TCO2E_GT60,Above EUR 60 per tonne of CO2e,2.840759277
NLD,2015,AGRIFISH,Agriculture & fisheries,FFUEL_BIOF,EUR_TCO2E_GT60,Above EUR 60 per tonne of CO2e,17.88452148
NLD,2015,AGRIFISH,Agriculture & fisheries,FFUEL,EUR_TCO2E_GT60,Above EUR 60 per tonne of CO2e,18.62607574
NLD,2015,RESCOM,Buildings,FFUEL,EUR_TCO2E_GT60,Above EUR 60 per tonne of CO2e,99.37083912
NLD,2015,RESCOM,Buildings,FFUEL_BIOF,EUR_TCO2E_GT60,Above EUR 60 per tonne of CO2e,90.85678482
POL,2015,ROAD,Road transport,FFUEL_BIOF,EUR_TCO2E_GT60,Above EUR 60 per tonne of CO2e,98.96235752
POL,2015,ROAD,Road transport,FFUEL,EUR_TCO2E_GT60,Above EUR 60 per tonne of CO2e,99.91759512
POL,2015,OFFROAD,Off-road transport,FFUEL,EUR_TCO2E_GT60,Above EUR 60 per tonne of CO2e,28.07780457
POL,2015,OFFROAD,Off-road transport,FFUEL_BIOF,EUR_TCO2E_GT60,Above EUR 60 per tonne of CO2e,28.07780457
POL,2015,INDUSTRY,Industry,FFUEL,EUR_TCO2E_GT60,Above EUR 60 per tonne of CO2e,1.50844574
POL,2015,INDUSTRY,Industry,FFUEL_BIOF,EUR_TCO2E_GT60,Above EUR 60 per tonne of CO2e,1.338912964
ESP,2015,ROAD,Road transport,FFUEL_BIOF,EUR_TCO2E_GT60,Above EUR 60 per tonne of CO2e,99.61570749
ESP,2015,ROAD,Road transport,FFUEL,EUR_TCO2E_GT60,Above EUR 60 per tonne of CO2e,99.60132313
ESP,2015,OFFROAD,Off-road transport,FFUEL,EUR_TCO2E_GT60,Above EUR 60 per tonne of CO2e,0.041847229
ESP,2015,OFFROAD,Off-road transport,FFUEL_BIOF,EUR_TCO2E_GT60,Above EUR 60 per tonne of CO2e,0.152542114
ESP,2015,INDUSTRY,Industry,FFUEL_BIOF,EUR_TCO2E_GT60,Above EUR 60 per tonne of CO2e,0.003982544
ESP,2015,INDUSTRY,Industry,FFUEL,EUR_TCO2E_GT60,Above EUR 60 per tonne of CO2e,0.004577637
ESP,2015,AGRIFISH,Agriculture & fisheries,FFUEL_BIOF,EUR_TCO2E_GT60,Above EUR 60 per tonne of CO2e,1.286727905
ESP,2015,AGRIFISH,Agriculture & fisheries,FFUEL,EUR_TCO2E_GT60,Above EUR 60 per tonne of CO2e,1.361244202
ESP,2015,RESCOM,Buildings,FFUEL_BIOF,EUR_TCO2E_GT60,Above EUR 60 per tonne of CO2e,0.085906982
ESP,2015,RESCOM,Buildings,FFUEL,EUR_TCO2E_GT60,Above EUR 60 per tonne of CO2e,0.125083923
SWE,2015,ROAD,Road transport,FFUEL,EUR_TCO2E_GT60,Above EUR 60 per tonne of CO2e,99.96795632
SWE,2015,ROAD,Road transport,FFUEL_BIOF,EUR_TCO2E_GT60,Above EUR 60 per tonne of CO2e,86.74513817
SWE,2015,INDUSTRY,Industry,FFUEL_BIOF,EUR_TCO2E_GT60,Above EUR 60 per tonne of CO2e,3.558601379
SWE,2015,INDUSTRY,Industry,FFUEL,EUR_TCO2E_GT60,Above EUR 60 per tonne of CO2e,12.01999664
SWE,2015,AGRIFISH,Agriculture & fisheries,FFUEL,EUR_TCO2E_GT60,Above EUR 60 per tonne of CO2e,93.32756996
SWE,2015,AGRIFISH,Agriculture & fisheries,FFUEL_BIOF,EUR_TCO2E_GT60,Above EUR 60 per tonne of CO2e,54.57706833
SWE,2015,RESCOM,Buildings,FFUEL_BIOF,EUR_TCO2E_GT60,Above EUR 60 per tonne of CO2e,17.46611023
SWE,2015,RESCOM,Buildings,FFUEL,EUR_TCO2E_GT60,Above EUR 60 per tonne of CO2e,65.1333313
GBR,2015,OFFROAD,Off-road transport,FFUEL_BIOF,EUR_TCO2E_GT60,Above EUR 60 per tonne of CO2e,27.73415375
GBR,2015,OFFROAD,Off-road transport,FFUEL,EUR_TCO2E_GT60,Above EUR 60 per tonne of CO2e,27.73415375
GBR,2015,INDUSTRY,Industry,FFUEL,EUR_TCO2E_GT60,Above EUR 60 per tonne of CO2e,9.013366699
GBR,2015,INDUSTRY,Industry,FFUEL_BIOF,EUR_TCO2E_GT60,Above EUR 60 per tonne of CO2e,8.005332947
GBR,2015,AGRIFISH,Agriculture & fisheries,FFUEL,EUR_TCO2E_GT60,Above EUR 60 per tonne of CO2e,67.31330109
GBR,2015,AGRIFISH,Agriculture & fisheries,FFUEL_BIOF,EUR_TCO2E_GT60,Above EUR 60 per tonne of CO2e,51.12555695
GBR,2015,RESCOM,Buildings,FFUEL,EUR_TCO2E_GT60,Above EUR 60 per tonne of CO2e,3.858100891
GBR,2015,RESCOM,Buildings,FFUEL_BIOF,EUR_TCO2E_GT60,Above EUR 60 per tonne of CO2e,3.528717041
AUT,2015,OFFROAD,Off-road transport,FFUEL_BIOF,EUR_TCO2E_GT90,Above EUR 90 per tonne of CO2e,14.11677551
AUT,2015,OFFROAD,Off-road transport,FFUEL,EUR_TCO2E_GT90,Above EUR 90 per tonne of CO2e,14.24355316
AUT,2015,INDUSTRY,Industry,FFUEL_BIOF,EUR_TCO2E_GT90,Above EUR 90 per tonne of CO2e,1.681411743
AUT,2015,INDUSTRY,Industry,FFUEL,EUR_TCO2E_GT90,Above EUR 90 per tonne of CO2e,2.33380127
DNK,2015,OFFROAD,Off-road transport,FFUEL,EUR_TCO2E_GT90,Above EUR 90 per tonne of CO2e,11.36785126
DNK,2015,OFFROAD,Off-road transport,FFUEL_BIOF,EUR_TCO2E_GT90,Above EUR 90 per tonne of CO2e,11.36785126
DNK,2015,INDUSTRY,Industry,FFUEL_BIOF,EUR_TCO2E_GT90,Above EUR 90 per tonne of CO2e,9.336105347
DNK,2015,INDUSTRY,Industry,FFUEL,EUR_TCO2E_GT90,Above EUR 90 per tonne of CO2e,15.61553955
DNK,2015,AGRIFISH,Agriculture & fisheries,FFUEL,EUR_TCO2E_GT90,Above EUR 90 per tonne of CO2e,5.315483093
DNK,2015,AGRIFISH,Agriculture & fisheries,FFUEL_BIOF,EUR_TCO2E_GT90,Above EUR 90 per tonne of CO2e,4.589874268
DNK,2015,RESCOM,Buildings,FFUEL_BIOF,EUR_TCO2E_GT90,Above EUR 90 per tonne of CO2e,28.48193359
DNK,2015,RESCOM,Buildings,FFUEL,EUR_TCO2E_GT90,Above EUR 90 per tonne of CO2e,76.52406502
FRA,2015,AGRIFISH,Agriculture & fisheries,FFUEL,EUR_TCO2E_GT90,Above EUR 90 per tonne of CO2e,0.475448608
FRA,2015,AGRIFISH,Agriculture & fisheries,FFUEL_BIOF,EUR_TCO2E_GT90,Above EUR 90 per tonne of CO2e,0.447479248
FRA,2015,RESCOM,Buildings,FFUEL,EUR_TCO2E_GT90,Above EUR 90 per tonne of CO2e,0.052818298
FRA,2015,RESCOM,Buildings,FFUEL_BIOF,EUR_TCO2E_GT90,Above EUR 90 per tonne of CO2e,0.03616333
DEU,2015,OFFROAD,Off-road transport,FFUEL,EUR_TCO2E_GT90,Above EUR 90 per tonne of CO2e,19.19891357
DEU,2015,OFFROAD,Off-road transport,FFUEL_BIOF,EUR_TCO2E_GT90,Above EUR 90 per tonne of CO2e,19.98636627
DEU,2015,RESCOM,Buildings,FFUEL_BIOF,EUR_TCO2E_GT90,Above EUR 90 per tonne of CO2e,0.545013428
DEU,2015,RESCOM,Buildings,FFUEL,EUR_TCO2E_GT90,Above EUR 90 per tonne of CO2e,0.696762085
ITA,2015,INDUSTRY,Industry,FFUEL_BIOF,EUR_TCO2E_GT90,Above EUR 90 per tonne of CO2e,0.088554382
ITA,2015,INDUSTRY,Industry,FFUEL,EUR_TCO2E_GT90,Above EUR 90 per tonne of CO2e,0.095573425
ITA,2015,AGRIFISH,Agriculture & fisheries,FFUEL,EUR_TCO2E_GT90,Above EUR 90 per tonne of CO2e,0.35118103
ITA,2015,AGRIFISH,Agriculture & fisheries,FFUEL_BIOF,EUR_TCO2E_GT90,Above EUR 90 per tonne of CO2e,0.343261719
ITA,2015,RESCOM,Buildings,FFUEL,EUR_TCO2E_GT90,Above EUR 90 per tonne of CO2e,7.559776306
ITA,2015,RESCOM,Buildings,FFUEL_BIOF,EUR_TCO2E_GT90,Above EUR 90 per tonne of CO2e,5.131217957
NLD,2015,OFFROAD,Off-road transport,FFUEL,EUR_TCO2E_GT90,Above EUR 90 per tonne of CO2e,7.634765625
NLD,2015,OFFROAD,Off-road transport,FFUEL_BIOF,EUR_TCO2E_GT90,Above EUR 90 per tonne of CO2e,7.843299866
NLD,2015,INDUSTRY,Industry,FFUEL_BIOF,EUR_TCO2E_GT90,Above EUR 90 per tonne of CO2e,2.826217651
NLD,2015,INDUSTRY,Industry,FFUEL,EUR_TCO2E_GT90,Above EUR 90 per tonne of CO2e,3.061408997
NLD,2015,AGRIFISH,Agriculture & fisheries,FFUEL,EUR_TCO2E_GT90,Above EUR 90 per tonne of CO2e,18.62607574
NLD,2015,AGRIFISH,Agriculture & fisheries,FFUEL_BIOF,EUR_TCO2E_GT90,Above EUR 90 per tonne of CO2e,17.88452148
NLD,2015,RESCOM,Buildings,FFUEL_BIOF,EUR_TCO2E_GT90,Above EUR 90 per tonne of CO2e,63.57087326
NLD,2015,RESCOM,Buildings,FFUEL,EUR_TCO2E_GT90,Above EUR 90 per tonne of CO2e,69.5280056
POL,2015,OFFROAD,Off-road transport,FFUEL_BIOF,EUR_TCO2E_GT90,Above EUR 90 per tonne of CO2e,28.07780457
POL,2015,OFFROAD,Off-road transport,FFUEL,EUR_TCO2E_GT90,Above EUR 90 per tonne of CO2e,28.07780457
POL,2015,INDUSTRY,Industry,FFUEL,EUR_TCO2E_GT90,Above EUR 90 per tonne of CO2e,1.256004333
POL,2015,INDUSTRY,Industry,FFUEL_BIOF,EUR_TCO2E_GT90,Above EUR 90 per tonne of CO2e,1.114845276
ESP,2015,OFFROAD,Off-road transport,FFUEL,EUR_TCO2E_GT90,Above EUR 90 per tonne of CO2e,0.041847229
ESP,2015,OFFROAD,Off-road transport,FFUEL_BIOF,EUR_TCO2E_GT90,Above EUR 90 per tonne of CO2e,0.152542114
ESP,2015,INDUSTRY,Industry,FFUEL_BIOF,EUR_TCO2E_GT90,Above EUR 90 per tonne of CO2e,0.003982544
ESP,2015,INDUSTRY,Industry,FFUEL,EUR_TCO2E_GT90,Above EUR 90 per tonne of CO2e,0.004577637
ESP,2015,AGRIFISH,Agriculture & fisheries,FFUEL_BIOF,EUR_TCO2E_GT90,Above EUR 90 per tonne of CO2e,1.286727905
ESP,2015,AGRIFISH,Agriculture & fisheries,FFUEL,EUR_TCO2E_GT90,Above EUR 90 per tonne of CO2e,1.361244202
ESP,2015,RESCOM,Buildings,FFUEL,EUR_TCO2E_GT90,Above EUR 90 per tonne of CO2e,0.125083923
ESP,2015,RESCOM,Buildings,FFUEL_BIOF,EUR_TCO2E_GT90,Above EUR 90 per tonne of CO2e,0.085906982
SWE,2015,INDUSTRY,Industry,FFUEL_BIOF,EUR_TCO2E_GT90,Above EUR 90 per tonne of CO2e,1.41759491
SWE,2015,INDUSTRY,Industry,FFUEL,EUR_TCO2E_GT90,Above EUR 90 per tonne of CO2e,4.788269043
SWE,2015,AGRIFISH,Agriculture & fisheries,FFUEL_BIOF,EUR_TCO2E_GT90,Above EUR 90 per tonne of CO2e,53.61976242
SWE,2015,AGRIFISH,Agriculture & fisheries,FFUEL,EUR_TCO2E_GT90,Above EUR 90 per tonne of CO2e,91.69056511
SWE,2015,RESCOM,Buildings,FFUEL_BIOF,EUR_TCO2E_GT90,Above EUR 90 per tonne of CO2e,14.03652954
SWE,2015,RESCOM,Buildings,FFUEL,EUR_TCO2E_GT90,Above EUR 90 per tonne of CO2e,52.34399414
GBR,2015,OFFROAD,Off-road transport,FFUEL_BIOF,EUR_TCO2E_GT90,Above EUR 90 per tonne of CO2e,0.043579102
GBR,2015,OFFROAD,Off-road transport,FFUEL,EUR_TCO2E_GT90,Above EUR 90 per tonne of CO2e,0.043579102
AUT,2015,ROAD,Road transport,FFUEL_BIOF,EUR_TCO2E_GT90,Above EUR 90 per tonne of CO2e,91.70407391
AUT,2015,ROAD,Road transport,FFUEL,EUR_TCO2E_GT90,Above EUR 90 per tonne of CO2e,99.62760684
BEL,2015,ROAD,Road transport,FFUEL,EUR_TCO2E_GT90,Above EUR 90 per tonne of CO2e,99.30840743
BEL,2015,ROAD,Road transport,FFUEL_BIOF,EUR_TCO2E_GT90,Above EUR 90 per tonne of CO2e,96.37964773
DNK,2015,ROAD,Road transport,FFUEL_BIOF,EUR_TCO2E_GT90,Above EUR 90 per tonne of CO2e,94.59072733
FRA,2015,ROAD,Road transport,FFUEL,EUR_TCO2E_GT90,Above EUR 90 per tonne of CO2e,99.66024655
FRA,2015,ROAD,Road transport,FFUEL_BIOF,EUR_TCO2E_GT90,Above EUR 90 per tonne of CO2e,99.6834448
DEU,2015,ROAD,Road transport,FFUEL_BIOF,EUR_TCO2E_GT90,Above EUR 90 per tonne of CO2e,97.56142926
DEU,2015,ROAD,Road transport,FFUEL,EUR_TCO2E_GT90,Above EUR 90 per tonne of CO2e,98.93237364
ITA,2015,ROAD,Road transport,FFUEL_BIOF,EUR_TCO2E_GT90,Above EUR 90 per tonne of CO2e,97.9033215
ITA,2015,ROAD,Road transport,FFUEL,EUR_TCO2E_GT90,Above EUR 90 per tonne of CO2e,97.82898879
NLD,2015,ROAD,Road transport,FFUEL_BIOF,EUR_TCO2E_GT90,Above EUR 90 per tonne of CO2e,99.71451697
NLD,2015,ROAD,Road transport,FFUEL,EUR_TCO2E_GT90,Above EUR 90 per tonne of CO2e,99.70577565
POL,2015,ROAD,Road transport,FFUEL_BIOF,EUR_TCO2E_GT90,Above EUR 90 per tonne of CO2e,88.99365807
POL,2015,ROAD,Road transport,FFUEL,EUR_TCO2E_GT90,Above EUR 90 per tonne of CO2e,89.52475262
ESP,2015,ROAD,Road transport,FFUEL,EUR_TCO2E_GT90,Above EUR 90 per tonne of CO2e,99.60132313
ESP,2015,ROAD,Road transport,FFUEL_BIOF,EUR_TCO2E_GT90,Above EUR 90 per tonne of CO2e,99.61570749
SWE,2015,ROAD,Road transport,FFUEL_BIOF,EUR_TCO2E_GT90,Above EUR 90 per tonne of CO2e,86.74513817
SWE,2015,ROAD,Road transport,FFUEL,EUR_TCO2E_GT90,Above EUR 90 per tonne of CO2e,99.96795632
AUT,2015,ROAD,Road transport,FFUEL,EUR_TCO2E_GT120,Above EUR 120 per tonne of CO2e,99.46620661
AUT,2015,ROAD,Road transport,FFUEL_BIOF,EUR_TCO2E_GT120,Above EUR 120 per tonne of CO2e,91.55551052
AUT,2015,OFFROAD,Off-road transport,FFUEL_BIOF,EUR_TCO2E_GT120,Above EUR 120 per tonne of CO2e,14.11677551
AUT,2015,OFFROAD,Off-road transport,FFUEL,EUR_TCO2E_GT120,Above EUR 120 per tonne of CO2e,14.24355316
AUT,2015,INDUSTRY,Industry,FFUEL_BIOF,EUR_TCO2E_GT120,Above EUR 120 per tonne of CO2e,1.505439758
AUT,2015,INDUSTRY,Industry,FFUEL,EUR_TCO2E_GT120,Above EUR 120 per tonne of CO2e,2.089553833
BEL,2015,ROAD,Road transport,FFUEL_BIOF,EUR_TCO2E_GT120,Above EUR 120 per tonne of CO2e,96.37964773
BEL,2015,ROAD,Road transport,FFUEL,EUR_TCO2E_GT120,Above EUR 120 per tonne of CO2e,99.30840743
DNK,2015,ROAD,Road transport,FFUEL_BIOF,EUR_TCO2E_GT120,Above EUR 120 per tonne of CO2e,94.59072733
DNK,2015,OFFROAD,Off-road transport,FFUEL_BIOF,EUR_TCO2E_GT120,Above EUR 120 per tonne of CO2e,11.36785126
DNK,2015,OFFROAD,Off-road transport,FFUEL,EUR_TCO2E_GT120,Above EUR 120 per tonne of CO2e,11.36785126
DNK,2015,INDUSTRY,Industry,FFUEL,EUR_TCO2E_GT120,Above EUR 120 per tonne of CO2e,10.48535919
DNK,2015,INDUSTRY,Industry,FFUEL_BIOF,EUR_TCO2E_GT120,Above EUR 120 per tonne of CO2e,6.26890564
DNK,2015,AGRIFISH,Agriculture & fisheries,FFUEL,EUR_TCO2E_GT120,Above EUR 120 per tonne of CO2e,1.441314697
DNK,2015,AGRIFISH,Agriculture & fisheries,FFUEL_BIOF,EUR_TCO2E_GT120,Above EUR 120 per tonne of CO2e,1.244552612
DNK,2015,RESCOM,Buildings,FFUEL_BIOF,EUR_TCO2E_GT120,Above EUR 120 per tonne of CO2e,28.48190308
DNK,2015,RESCOM,Buildings,FFUEL,EUR_TCO2E_GT120,Above EUR 120 per tonne of CO2e,76.52399254
FRA,2015,ROAD,Road transport,FFUEL_BIOF,EUR_TCO2E_GT120,Above EUR 120 per tonne of CO2e,99.6834448
FRA,2015,ROAD,Road transport,FFUEL,EUR_TCO2E_GT120,Above EUR 120 per tonne of CO2e,99.66024655
FRA,2015,AGRIFISH,Agriculture & fisheries,FFUEL_BIOF,EUR_TCO2E_GT120,Above EUR 120 per tonne of CO2e,0.447479248
FRA,2015,AGRIFISH,Agriculture & fisheries,FFUEL,EUR_TCO2E_GT120,Above EUR 120 per tonne of CO2e,0.475448608
FRA,2015,RESCOM,Buildings,FFUEL,EUR_TCO2E_GT120,Above EUR 120 per tonne of CO2e,0.052818298
FRA,2015,RESCOM,Buildings,FFUEL_BIOF,EUR_TCO2E_GT120,Above EUR 120 per tonne of CO2e,0.03616333
DEU,2015,ROAD,Road transport,FFUEL_BIOF,EUR_TCO2E_GT120,Above EUR 120 per tonne of CO2e,97.56142926
DEU,2015,ROAD,Road transport,FFUEL,EUR_TCO2E_GT120,Above EUR 120 per tonne of CO2e,98.93237364
DEU,2015,OFFROAD,Off-road transport,FFUEL_BIOF,EUR_TCO2E_GT120,Above EUR 120 per tonne of CO2e,19.98636627
DEU,2015,OFFROAD,Off-road transport,FFUEL,EUR_TCO2E_GT120,Above EUR 120 per tonne of CO2e,19.19891357
DEU,2015,RESCOM,Buildings,FFUEL,EUR_TCO2E_GT120,Above EUR 120 per tonne of CO2e,0.696762085
DEU,2015,RESCOM,Buildings,FFUEL_BIOF,EUR_TCO2E_GT120,Above EUR 120 per tonne of CO2e,0.545013428
ITA,2015,ROAD,Road transport,FFUEL_BIOF,EUR_TCO2E_GT120,Above EUR 120 per tonne of CO2e,93.14646292
ITA,2015,ROAD,Road transport,FFUEL,EUR_TCO2E_GT120,Above EUR 120 per tonne of CO2e,92.90335989
ITA,2015,INDUSTRY,Industry,FFUEL_BIOF,EUR_TCO2E_GT120,Above EUR 120 per tonne of CO2e,0.088554382
ITA,2015,INDUSTRY,Industry,FFUEL,EUR_TCO2E_GT120,Above EUR 120 per tonne of CO2e,0.095573425
ITA,2015,AGRIFISH,Agriculture & fisheries,FFUEL,EUR_TCO2E_GT120,Above EUR 120 per tonne of CO2e,0.35118103
ITA,2015,AGRIFISH,Agriculture & fisheries,FFUEL_BIOF,EUR_TCO2E_GT120,Above EUR 120 per tonne of CO2e,0.343261719
ITA,2015,RESCOM,Buildings,FFUEL_BIOF,EUR_TCO2E_GT120,Above EUR 120 per tonne of CO2e,5.131217957
ITA,2015,RESCOM,Buildings,FFUEL,EUR_TCO2E_GT120,Above EUR 120 per tonne of CO2e,7.559776306
NLD,2015,ROAD,Road transport,FFUEL,EUR_TCO2E_GT120,Above EUR 120 per tonne of CO2e,97.91132808
NLD,2015,ROAD,Road transport,FFUEL_BIOF,EUR_TCO2E_GT120,Above EUR 120 per tonne of CO2e,97.97338176
NLD,2015,OFFROAD,Off-road transport,FFUEL_BIOF,EUR_TCO2E_GT120,Above EUR 120 per tonne of CO2e,7.843299866
NLD,2015,OFFROAD,Off-road transport,FFUEL,EUR_TCO2E_GT120,Above EUR 120 per tonne of CO2e,7.634765625
NLD,2015,INDUSTRY,Industry,FFUEL,EUR_TCO2E_GT120,Above EUR 120 per tonne of CO2e,3.00743866
NLD,2015,INDUSTRY,Industry,FFUEL_BIOF,EUR_TCO2E_GT120,Above EUR 120 per tonne of CO2e,2.777351379
NLD,2015,AGRIFISH,Agriculture & fisheries,FFUEL,EUR_TCO2E_GT120,Above EUR 120 per tonne of CO2e,17.42519379
NLD,2015,AGRIFISH,Agriculture & fisheries,FFUEL_BIOF,EUR_TCO2E_GT120,Above EUR 120 per tonne of CO2e,16.75901031
NLD,2015,RESCOM,Buildings,FFUEL_BIOF,EUR_TCO2E_GT120,Above EUR 120 per tonne of CO2e,2.383735657
NLD,2015,RESCOM,Buildings,FFUEL,EUR_TCO2E_GT120,Above EUR 120 per tonne of CO2e,2.607116699
POL,2015,ROAD,Road transport,FFUEL,EUR_TCO2E_GT120,Above EUR 120 per tonne of CO2e,89.52475262
POL,2015,ROAD,Road transport,FFUEL_BIOF,EUR_TCO2E_GT120,Above EUR 120 per tonne of CO2e,88.99365807
POL,2015,OFFROAD,Off-road transport,FFUEL,EUR_TCO2E_GT120,Above EUR 120 per tonne of CO2e,28.07780457
POL,2015,OFFROAD,Off-road transport,FFUEL_BIOF,EUR_TCO2E_GT120,Above EUR 120 per tonne of CO2e,28.07780457
ESP,2015,ROAD,Road transport,FFUEL,EUR_TCO2E_GT120,Above EUR 120 per tonne of CO2e,99.60132313
ESP,2015,ROAD,Road transport,FFUEL_BIOF,EUR_TCO2E_GT120,Above EUR 120 per tonne of CO2e,99.61570749
ESP,2015,OFFROAD,Off-road transport,FFUEL,EUR_TCO2E_GT120,Above EUR 120 per tonne of CO2e,0.041847229
ESP,2015,OFFROAD,Off-road transport,FFUEL_BIOF,EUR_TCO2E_GT120,Above EUR 120 per tonne of CO2e,0.152542114
ESP,2015,INDUSTRY,Industry,FFUEL_BIOF,EUR_TCO2E_GT120,Above EUR 120 per tonne of CO2e,0.003982544
ESP,2015,INDUSTRY,Industry,FFUEL,EUR_TCO2E_GT120,Above EUR 120 per tonne of CO2e,0.004577637
ESP,2015,AGRIFISH,Agriculture & fisheries,FFUEL,EUR_TCO2E_GT120,Above EUR 120 per tonne of CO2e,1.361244202
ESP,2015,AGRIFISH,Agriculture & fisheries,FFUEL_BIOF,EUR_TCO2E_GT120,Above EUR 120 per tonne of CO2e,1.286727905
ESP,2015,RESCOM,Buildings,FFUEL_BIOF,EUR_TCO2E_GT120,Above EUR 120 per tonne of CO2e,0.085906982
ESP,2015,RESCOM,Buildings,FFUEL,EUR_TCO2E_GT120,Above EUR 120 per tonne of CO2e,0.125083923
SWE,2015,ROAD,Road transport,FFUEL_BIOF,EUR_TCO2E_GT120,Above EUR 120 per tonne of CO2e,86.74513817
SWE,2015,ROAD,Road transport,FFUEL,EUR_TCO2E_GT120,Above EUR 120 per tonne of CO2e,99.96795632
SWE,2015,INDUSTRY,Industry,FFUEL,EUR_TCO2E_GT120,Above EUR 120 per tonne of CO2e,0.070663452
SWE,2015,INDUSTRY,Industry,FFUEL_BIOF,EUR_TCO2E_GT120,Above EUR 120 per tonne of CO2e,0.0209198
SWE,2015,RESCOM,Buildings,FFUEL,EUR_TCO2E_GT120,Above EUR 120 per tonne of CO2e,22.7502594
SWE,2015,RESCOM,Buildings,FFUEL_BIOF,EUR_TCO2E_GT120,Above EUR 120 per tonne of CO2e,6.100692749
GBR,2015,OFFROAD,Off-road transport,FFUEL,EUR_TCO2E_GT120,Above EUR 120 per tonne of CO2e,0.043579102
GBR,2015,OFFROAD,Off-road transport,FFUEL_BIOF,EUR_TCO2E_GT120,Above EUR 120 per tonne of CO2e,0.043579102
AUT,2015,ENE,Energy use sectors,FFUEL_BIOF,EUR_TCO2E_GT90,Above EUR 90 per tonne of CO2e,24.89235687
AUT,2015,ENE,Energy use sectors,FFUEL,EUR_TCO2E_GT90,Above EUR 90 per tonne of CO2e,34.37284088
BEL,2015,ENE,Energy use sectors,FFUEL,EUR_TCO2E_GT90,Above EUR 90 per tonne of CO2e,25.98990631
BEL,2015,ENE,Energy use sectors,FFUEL_BIOF,EUR_TCO2E_GT90,Above EUR 90 per tonne of CO2e,23.08256531
DNK,2015,ENE,Energy use sectors,FFUEL_BIOF,EUR_TCO2E_GT90,Above EUR 90 per tonne of CO2e,31.41688538
DNK,2015,ENE,Energy use sectors,FFUEL,EUR_TCO2E_GT90,Above EUR 90 per tonne of CO2e,46.02698135
FRA,2015,ENE,Energy use sectors,FFUEL,EUR_TCO2E_GT90,Above EUR 90 per tonne of CO2e,38.26370621
FRA,2015,ENE,Energy use sectors,FFUEL_BIOF,EUR_TCO2E_GT90,Above EUR 90 per tonne of CO2e,34.3422699
DEU,2015,ENE,Energy use sectors,FFUEL_BIOF,EUR_TCO2E_GT90,Above EUR 90 per tonne of CO2e,18.22074127
DEU,2015,ENE,Energy use sectors,FFUEL,EUR_TCO2E_GT90,Above EUR 90 per tonne of CO2e,19.87203217
ITA,2015,ENE,Energy use sectors,FFUEL_BIOF,EUR_TCO2E_GT90,Above EUR 90 per tonne of CO2e,26.64561462
ITA,2015,ENE,Energy use sectors,FFUEL,EUR_TCO2E_GT90,Above EUR 90 per tonne of CO2e,29.97972107
NLD,2015,ENE,Energy use sectors,FFUEL,EUR_TCO2E_GT90,Above EUR 90 per tonne of CO2e,29.3462677
NLD,2015,ENE,Energy use sectors,FFUEL_BIOF,EUR_TCO2E_GT90,Above EUR 90 per tonne of CO2e,28.06526947
POL,2015,ENE,Energy use sectors,FFUEL_BIOF,EUR_TCO2E_GT90,Above EUR 90 per tonne of CO2e,13.35434723
POL,2015,ENE,Energy use sectors,FFUEL,EUR_TCO2E_GT90,Above EUR 90 per tonne of CO2e,14.44772339
ESP,2015,ENE,Energy use sectors,FFUEL_BIOF,EUR_TCO2E_GT90,Above EUR 90 per tonne of CO2e,28.30429077
ESP,2015,ENE,Energy use sectors,FFUEL,EUR_TCO2E_GT90,Above EUR 90 per tonne of CO2e,30.40824127
SWE,2015,ENE,Energy use sectors,FFUEL,EUR_TCO2E_GT90,Above EUR 90 per tonne of CO2e,51.7440567
SWE,2015,ENE,Energy use sectors,FFUEL_BIOF,EUR_TCO2E_GT90,Above EUR 90 per tonne of CO2e,22.64992523
GBR,2015,ENE,Energy use sectors,FFUEL,EUR_TCO2E_GT90,Above EUR 90 per tonne of CO2e,27.28508759
GBR,2015,ENE,Energy use sectors,FFUEL_BIOF,EUR_TCO2E_GT90,Above EUR 90 per tonne of CO2e,25.55433655
AUT,2015,ENE,Energy use sectors,FFUEL,EUR_TCO2E_GT120,Above EUR 120 per tonne of CO2e,34.20701599
AUT,2015,ENE,Energy use sectors,FFUEL_BIOF,EUR_TCO2E_GT120,Above EUR 120 per tonne of CO2e,24.7722702
BEL,2015,ENE,Energy use sectors,FFUEL_BIOF,EUR_TCO2E_GT120,Above EUR 120 per tonne of CO2e,23.08256531
BEL,2015,ENE,Energy use sectors,FFUEL,EUR_TCO2E_GT120,Above EUR 120 per tonne of CO2e,25.98990631
DNK,2015,ENE,Energy use sectors,FFUEL_BIOF,EUR_TCO2E_GT120,Above EUR 120 per tonne of CO2e,30.01667786
DNK,2015,ENE,Energy use sectors,FFUEL,EUR_TCO2E_GT120,Above EUR 120 per tonne of CO2e,43.97563171
FRA,2015,ENE,Energy use sectors,FFUEL,EUR_TCO2E_GT120,Above EUR 120 per tonne of CO2e,38.26370621
FRA,2015,ENE,Energy use sectors,FFUEL_BIOF,EUR_TCO2E_GT120,Above EUR 120 per tonne of CO2e,34.3422699
DEU,2015,ENE,Energy use sectors,FFUEL,EUR_TCO2E_GT120,Above EUR 120 per tonne of CO2e,19.87203217
DEU,2015,ENE,Energy use sectors,FFUEL_BIOF,EUR_TCO2E_GT120,Above EUR 120 per tonne of CO2e,18.22074127
ITA,2015,ENE,Energy use sectors,FFUEL_BIOF,EUR_TCO2E_GT120,Above EUR 120 per tonne of CO2e,25.4125061
ITA,2015,ENE,Energy use sectors,FFUEL,EUR_TCO2E_GT120,Above EUR 120 per tonne of CO2e,28.54447174
NLD,2015,ENE,Energy use sectors,FFUEL_BIOF,EUR_TCO2E_GT120,Above EUR 120 per tonne of CO2e,18.51223755
NLD,2015,ENE,Energy use sectors,FFUEL,EUR_TCO2E_GT120,Above EUR 120 per tonne of CO2e,19.16241455
POL,2015,ENE,Energy use sectors,FFUEL,EUR_TCO2E_GT120,Above EUR 120 per tonne of CO2e,14.1210022
POL,2015,ENE,Energy use sectors,FFUEL_BIOF,EUR_TCO2E_GT120,Above EUR 120 per tonne of CO2e,13.06263733
ESP,2015,ENE,Energy use sectors,FFUEL,EUR_TCO2E_GT120,Above EUR 120 per tonne of CO2e,30.40824127
ESP,2015,ENE,Energy use sectors,FFUEL_BIOF,EUR_TCO2E_GT120,Above EUR 120 per tonne of CO2e,28.30429077
SWE,2015,ENE,Energy use sectors,FFUEL_BIOF,EUR_TCO2E_GT120,Above EUR 120 per tonne of CO2e,20.01913452
SWE,2015,ENE,Energy use sectors,FFUEL,EUR_TCO2E_GT120,Above EUR 120 per tonne of CO2e,45.73397827
GBR,2015,ENE,Energy use sectors,FFUEL,EUR_TCO2E_GT120,Above EUR 120 per tonne of CO2e,27.28508759
GBR,2015,ENE,Energy use sectors,FFUEL_BIOF,EUR_TCO2E_GT120,Above EUR 120 per tonne of CO2e,25.55433655
AUT,2015,ENE,Energy use sectors,FFUEL_BIOF,EUR_TCO2E_GT60,Above EUR 60 per tonne of CO2e,24.95006561
AUT,2015,ENE,Energy use sectors,FFUEL,EUR_TCO2E_GT60,Above EUR 60 per tonne of CO2e,34.45252991
BEL,2015,ENE,Energy use sectors,FFUEL,EUR_TCO2E_GT60,Above EUR 60 per tonne of CO2e,25.98990631
BEL,2015,ENE,Energy use sectors,FFUEL_BIOF,EUR_TCO2E_GT60,Above EUR 60 per tonne of CO2e,23.08256531
DNK,2015,ENE,Energy use sectors,FFUEL,EUR_TCO2E_GT60,Above EUR 60 per tonne of CO2e,47.88286209
DNK,2015,ENE,Energy use sectors,FFUEL_BIOF,EUR_TCO2E_GT60,Above EUR 60 per tonne of CO2e,32.68366241
FRA,2015,ENE,Energy use sectors,FFUEL,EUR_TCO2E_GT60,Above EUR 60 per tonne of CO2e,38.26370621
FRA,2015,ENE,Energy use sectors,FFUEL_BIOF,EUR_TCO2E_GT60,Above EUR 60 per tonne of CO2e,34.3422699
DEU,2015,ENE,Energy use sectors,FFUEL,EUR_TCO2E_GT60,Above EUR 60 per tonne of CO2e,20.13291168
DEU,2015,ENE,Energy use sectors,FFUEL_BIOF,EUR_TCO2E_GT60,Above EUR 60 per tonne of CO2e,18.45191193
ITA,2015,ENE,Energy use sectors,FFUEL,EUR_TCO2E_GT60,Above EUR 60 per tonne of CO2e,41.82583237
ITA,2015,ENE,Energy use sectors,FFUEL_BIOF,EUR_TCO2E_GT60,Above EUR 60 per tonne of CO2e,36.82334137
NLD,2015,ENE,Energy use sectors,FFUEL_BIOF,EUR_TCO2E_GT60,Above EUR 60 per tonne of CO2e,32.21962738
NLD,2015,ENE,Energy use sectors,FFUEL,EUR_TCO2E_GT60,Above EUR 60 per tonne of CO2e,33.77495575
POL,2015,ENE,Energy use sectors,FFUEL_BIOF,EUR_TCO2E_GT60,Above EUR 60 per tonne of CO2e,14.86528778
POL,2015,ENE,Energy use sectors,FFUEL,EUR_TCO2E_GT60,Above EUR 60 per tonne of CO2e,16.14002228
ESP,2015,ENE,Energy use sectors,FFUEL,EUR_TCO2E_GT60,Above EUR 60 per tonne of CO2e,30.40824127
ESP,2015,ENE,Energy use sectors,FFUEL_BIOF,EUR_TCO2E_GT60,Above EUR 60 per tonne of CO2e,28.30429077
SWE,2015,ENE,Energy use sectors,FFUEL,EUR_TCO2E_GT60,Above EUR 60 per tonne of CO2e,55.32639313
SWE,2015,ENE,Energy use sectors,FFUEL_BIOF,EUR_TCO2E_GT60,Above EUR 60 per tonne of CO2e,24.21802521
GBR,2015,ENE,Energy use sectors,FFUEL_BIOF,EUR_TCO2E_GT60,Above EUR 60 per tonne of CO2e,29.06558228
GBR,2015,ENE,Energy use sectors,FFUEL,EUR_TCO2E_GT60,Above EUR 60 per tonne of CO2e,31.12690735
AUT,2015,ENE,Energy use sectors,FFUEL_BIOF,EUR_TCO2E_GT30,Above EUR 30 per tonne of CO2e,42.59353256
AUT,2015,ENE,Energy use sectors,FFUEL,EUR_TCO2E_GT30,Above EUR 30 per tonne of CO2e,58.81567383
BEL,2015,ENE,Energy use sectors,FFUEL,EUR_TCO2E_GT30,Above EUR 30 per tonne of CO2e,25.98990631
BEL,2015,ENE,Energy use sectors,FFUEL_BIOF,EUR_TCO2E_GT30,Above EUR 30 per tonne of CO2e,23.08256531
DNK,2015,ENE,Energy use sectors,FFUEL_BIOF,EUR_TCO2E_GT30,Above EUR 30 per tonne of CO2e,34.93614197
DNK,2015,ENE,Energy use sectors,FFUEL,EUR_TCO2E_GT30,Above EUR 30 per tonne of CO2e,51.18283463
FRA,2015,ENE,Energy use sectors,FFUEL_BIOF,EUR_TCO2E_GT30,Above EUR 30 per tonne of CO2e,40.78764725
FRA,2015,ENE,Energy use sectors,FFUEL,EUR_TCO2E_GT30,Above EUR 30 per tonne of CO2e,45.9727478
DEU,2015,ENE,Energy use sectors,FFUEL_BIOF,EUR_TCO2E_GT30,Above EUR 30 per tonne of CO2e,18.99660492
DEU,2015,ENE,Energy use sectors,FFUEL,EUR_TCO2E_GT30,Above EUR 30 per tonne of CO2e,20.74763489
ITA,2015,ENE,Energy use sectors,FFUEL_BIOF,EUR_TCO2E_GT30,Above EUR 30 per tonne of CO2e,40.31556702
ITA,2015,ENE,Energy use sectors,FFUEL,EUR_TCO2E_GT30,Above EUR 30 per tonne of CO2e,45.890522
NLD,2015,ENE,Energy use sectors,FFUEL,EUR_TCO2E_GT30,Above EUR 30 per tonne of CO2e,34.19771576
NLD,2015,ENE,Energy use sectors,FFUEL_BIOF,EUR_TCO2E_GT30,Above EUR 30 per tonne of CO2e,32.61620331
POL,2015,ENE,Energy use sectors,FFUEL_BIOF,EUR_TCO2E_GT30,Above EUR 30 per tonne of CO2e,14.87952423
POL,2015,ENE,Energy use sectors,FFUEL,EUR_TCO2E_GT30,Above EUR 30 per tonne of CO2e,16.15596771
ESP,2015,ENE,Energy use sectors,FFUEL,EUR_TCO2E_GT30,Above EUR 30 per tonne of CO2e,36.98600388
ESP,2015,ENE,Energy use sectors,FFUEL_BIOF,EUR_TCO2E_GT30,Above EUR 30 per tonne of CO2e,34.21910095
SWE,2015,ENE,Energy use sectors,FFUEL_BIOF,EUR_TCO2E_GT30,Above EUR 30 per tonne of CO2e,24.94586945
SWE,2015,ENE,Energy use sectors,FFUEL,EUR_TCO2E_GT30,Above EUR 30 per tonne of CO2e,56.98917007
GBR,2015,ENE,Energy use sectors,FFUEL_BIOF,EUR_TCO2E_GT30,Above EUR 30 per tonne of CO2e,47.01552582
GBR,2015,ENE,Energy use sectors,FFUEL,EUR_TCO2E_GT30,Above EUR 30 per tonne of CO2e,50.76677322
AUT,2015,ENE,Energy use sectors,FFUEL_BIOF,EUR_TCO2E_GT0,Above EUR 0 per tonne of CO2e,60.45480728
AUT,2015,ENE,Energy use sectors,FFUEL,EUR_TCO2E_GT0,Above EUR 0 per tonne of CO2e,83.47958374
BEL,2015,ENE,Energy use sectors,FFUEL,EUR_TCO2E_GT0,Above EUR 0 per tonne of CO2e,79.3677578
BEL,2015,ENE,Energy use sectors,FFUEL_BIOF,EUR_TCO2E_GT0,Above EUR 0 per tonne of CO2e,70.48934174
DNK,2015,ENE,Energy use sectors,FFUEL_BIOF,EUR_TCO2E_GT0,Above EUR 0 per tonne of CO2e,62.04745483
DNK,2015,ENE,Energy use sectors,FFUEL,EUR_TCO2E_GT0,Above EUR 0 per tonne of CO2e,90.90197849
FRA,2015,ENE,Energy use sectors,FFUEL,EUR_TCO2E_GT0,Above EUR 0 per tonne of CO2e,94.98594999
FRA,2015,ENE,Energy use sectors,FFUEL_BIOF,EUR_TCO2E_GT0,Above EUR 0 per tonne of CO2e,81.76664543
DEU,2015,ENE,Energy use sectors,FFUEL,EUR_TCO2E_GT0,Above EUR 0 per tonne of CO2e,97.753654
DEU,2015,ENE,Energy use sectors,FFUEL_BIOF,EUR_TCO2E_GT0,Above EUR 0 per tonne of CO2e,87.71807289
ITA,2015,ENE,Energy use sectors,FFUEL_BIOF,EUR_TCO2E_GT0,Above EUR 0 per tonne of CO2e,85.46934891
ITA,2015,ENE,Energy use sectors,FFUEL,EUR_TCO2E_GT0,Above EUR 0 per tonne of CO2e,98.44615698
NLD,2015,ENE,Energy use sectors,FFUEL_BIOF,EUR_TCO2E_GT0,Above EUR 0 per tonne of CO2e,89.52841854
NLD,2015,ENE,Energy use sectors,FFUEL,EUR_TCO2E_GT0,Above EUR 0 per tonne of CO2e,94.8680706
POL,2015,ENE,Energy use sectors,FFUEL_BIOF,EUR_TCO2E_GT0,Above EUR 0 per tonne of CO2e,81.88745308
POL,2015,ENE,Energy use sectors,FFUEL,EUR_TCO2E_GT0,Above EUR 0 per tonne of CO2e,91.20664501
ESP,2015,ENE,Energy use sectors,FFUEL_BIOF,EUR_TCO2E_GT0,Above EUR 0 per tonne of CO2e,85.30523968
ESP,2015,ENE,Energy use sectors,FFUEL,EUR_TCO2E_GT0,Above EUR 0 per tonne of CO2e,93.93466043
SWE,2015,ENE,Energy use sectors,FFUEL_BIOF,EUR_TCO2E_GT0,Above EUR 0 per tonne of CO2e,52.56646347
SWE,2015,ENE,Energy use sectors,FFUEL,EUR_TCO2E_GT0,Above EUR 0 per tonne of CO2e,94.38730955
GBR,2015,ENE,Energy use sectors,FFUEL_BIOF,EUR_TCO2E_GT0,Above EUR 0 per tonne of CO2e,74.1265583
GBR,2015,ENE,Energy use sectors,FFUEL,EUR_TCO2E_GT0,Above EUR 0 per tonne of CO2e,80.43020821
AUT,2015,ENE,Energy use sectors,FFUEL,EUR_TCO2E_GT5,Above EUR 5 per tonne of CO2e,83.47958374
AUT,2015,ENE,Energy use sectors,FFUEL_BIOF,EUR_TCO2E_GT5,Above EUR 5 per tonne of CO2e,60.45480728
BEL,2015,ENE,Energy use sectors,FFUEL_BIOF,EUR_TCO2E_GT5,Above EUR 5 per tonne of CO2e,69.66638184
BEL,2015,ENE,Energy use sectors,FFUEL,EUR_TCO2E_GT5,Above EUR 5 per tonne of CO2e,78.44114304
DNK,2015,ENE,Energy use sectors,FFUEL_BIOF,EUR_TCO2E_GT5,Above EUR 5 per tonne of CO2e,59.35516739
DNK,2015,ENE,Energy use sectors,FFUEL,EUR_TCO2E_GT5,Above EUR 5 per tonne of CO2e,86.95766926
FRA,2015,ENE,Energy use sectors,FFUEL,EUR_TCO2E_GT5,Above EUR 5 per tonne of CO2e,94.98594999
FRA,2015,ENE,Energy use sectors,FFUEL_BIOF,EUR_TCO2E_GT5,Above EUR 5 per tonne of CO2e,81.76664543
DEU,2015,ENE,Energy use sectors,FFUEL,EUR_TCO2E_GT5,Above EUR 5 per tonne of CO2e,94.64534616
DEU,2015,ENE,Energy use sectors,FFUEL_BIOF,EUR_TCO2E_GT5,Above EUR 5 per tonne of CO2e,84.53329659
ITA,2015,ENE,Energy use sectors,FFUEL,EUR_TCO2E_GT5,Above EUR 5 per tonne of CO2e,97.48526835
ITA,2015,ENE,Energy use sectors,FFUEL_BIOF,EUR_TCO2E_GT5,Above EUR 5 per tonne of CO2e,84.64379025
NLD,2015,ENE,Energy use sectors,FFUEL,EUR_TCO2E_GT5,Above EUR 5 per tonne of CO2e,94.8680706
NLD,2015,ENE,Energy use sectors,FFUEL_BIOF,EUR_TCO2E_GT5,Above EUR 5 per tonne of CO2e,89.52841854
POL,2015,ENE,Energy use sectors,FFUEL,EUR_TCO2E_GT5,Above EUR 5 per tonne of CO2e,82.23365974
POL,2015,ENE,Energy use sectors,FFUEL_BIOF,EUR_TCO2E_GT5,Above EUR 5 per tonne of CO2e,73.87605095
ESP,2015,ENE,Energy use sectors,FFUEL_BIOF,EUR_TCO2E_GT5,Above EUR 5 per tonne of CO2e,83.82141876
ESP,2015,ENE,Energy use sectors,FFUEL,EUR_TCO2E_GT5,Above EUR 5 per tonne of CO2e,92.28055906
SWE,2015,ENE,Energy use sectors,FFUEL_BIOF,EUR_TCO2E_GT5,Above EUR 5 per tonne of CO2e,39.97110367
SWE,2015,ENE,Energy use sectors,FFUEL,EUR_TCO2E_GT5,Above EUR 5 per tonne of CO2e,91.31451607
GBR,2015,ENE,Energy use sectors,FFUEL_BIOF,EUR_TCO2E_GT5,Above EUR 5 per tonne of CO2e,74.00369072
GBR,2015,ENE,Energy use sectors,FFUEL,EUR_TCO2E_GT5,Above EUR 5 per tonne of CO2e,80.29577446
AUT,2018,INDUSTRY,Industry,FFUEL,EUR_TCO2E_GT0,Above EUR 0 per tonne of CO2e,81.90290451
AUT,2018,INDUSTRY,Industry,FFUEL_BIOF,EUR_TCO2E_GT0,Above EUR 0 per tonne of CO2e,57.53651047
BEL,2018,INDUSTRY,Industry,FFUEL_BIOF,EUR_TCO2E_GT0,Above EUR 0 per tonne of CO2e,58.26202774
BEL,2018,INDUSTRY,Industry,FFUEL,EUR_TCO2E_GT0,Above EUR 0 per tonne of CO2e,66.0708847
DNK,2018,INDUSTRY,Industry,FFUEL,EUR_TCO2E_GT0,Above EUR 0 per tonne of CO2e,89.60657787
DNK,2018,INDUSTRY,Industry,FFUEL_BIOF,EUR_TCO2E_GT0,Above EUR 0 per tonne of CO2e,47.85758591
FRA,2018,INDUSTRY,Industry,FFUEL_BIOF,EUR_TCO2E_GT0,Above EUR 0 per tonne of CO2e,62.22926331
FRA,2018,INDUSTRY,Industry,FFUEL,EUR_TCO2E_GT0,Above EUR 0 per tonne of CO2e,75.68558693
DEU,2018,INDUSTRY,Industry,FFUEL_BIOF,EUR_TCO2E_GT0,Above EUR 0 per tonne of CO2e,82.49688339
DEU,2018,INDUSTRY,Industry,FFUEL,EUR_TCO2E_GT0,Above EUR 0 per tonne of CO2e,91.68622112
ITA,2018,INDUSTRY,Industry,FFUEL_BIOF,EUR_TCO2E_GT0,Above EUR 0 per tonne of CO2e,88.57290459
ITA,2018,INDUSTRY,Industry,FFUEL,EUR_TCO2E_GT0,Above EUR 0 per tonne of CO2e,95.86948633
NLD,2018,INDUSTRY,Industry,FFUEL,EUR_TCO2E_GT0,Above EUR 0 per tonne of CO2e,82.35293579
NLD,2018,INDUSTRY,Industry,FFUEL_BIOF,EUR_TCO2E_GT0,Above EUR 0 per tonne of CO2e,74.53076172
POL,2018,INDUSTRY,Industry,FFUEL_BIOF,EUR_TCO2E_GT0,Above EUR 0 per tonne of CO2e,85.10381508
POL,2018,INDUSTRY,Industry,FFUEL,EUR_TCO2E_GT0,Above EUR 0 per tonne of CO2e,96.77045012
ESP,2018,INDUSTRY,Industry,FFUEL_BIOF,EUR_TCO2E_GT0,Above EUR 0 per tonne of CO2e,70.06124878
ESP,2018,INDUSTRY,Industry,FFUEL,EUR_TCO2E_GT0,Above EUR 0 per tonne of CO2e,79.36137199
SWE,2018,INDUSTRY,Industry,FFUEL,EUR_TCO2E_GT0,Above EUR 0 per tonne of CO2e,86.08596611
SWE,2018,INDUSTRY,Industry,FFUEL_BIOF,EUR_TCO2E_GT0,Above EUR 0 per tonne of CO2e,26.06587982
GBR,2018,INDUSTRY,Industry,FFUEL_BIOF,EUR_TCO2E_GT0,Above EUR 0 per tonne of CO2e,73.00560188
GBR,2018,INDUSTRY,Industry,FFUEL,EUR_TCO2E_GT0,Above EUR 0 per tonne of CO2e,87.7161684
AUT,2018,INDUSTRY,Industry,FFUEL_BIOF,EUR_TCO2E_GT5,Above EUR 5 per tonne of CO2e,57.53651047
AUT,2018,INDUSTRY,Industry,FFUEL,EUR_TCO2E_GT5,Above EUR 5 per tonne of CO2e,81.90290451
BEL,2018,INDUSTRY,Industry,FFUEL_BIOF,EUR_TCO2E_GT5,Above EUR 5 per tonne of CO2e,53.00187302
BEL,2018,INDUSTRY,Industry,FFUEL,EUR_TCO2E_GT5,Above EUR 5 per tonne of CO2e,60.10571289
DNK,2018,INDUSTRY,Industry,FFUEL,EUR_TCO2E_GT5,Above EUR 5 per tonne of CO2e,89.60657787
DNK,2018,INDUSTRY,Industry,FFUEL_BIOF,EUR_TCO2E_GT5,Above EUR 5 per tonne of CO2e,47.85758591
FRA,2018,INDUSTRY,Industry,FFUEL_BIOF,EUR_TCO2E_GT5,Above EUR 5 per tonne of CO2e,62.22926331
FRA,2018,INDUSTRY,Industry,FFUEL,EUR_TCO2E_GT5,Above EUR 5 per tonne of CO2e,75.68558693
DEU,2018,INDUSTRY,Industry,FFUEL_BIOF,EUR_TCO2E_GT5,Above EUR 5 per tonne of CO2e,77.54800224
DEU,2018,INDUSTRY,Industry,FFUEL,EUR_TCO2E_GT5,Above EUR 5 per tonne of CO2e,86.1860857
ITA,2018,INDUSTRY,Industry,FFUEL_BIOF,EUR_TCO2E_GT5,Above EUR 5 per tonne of CO2e,77.74244308
ITA,2018,INDUSTRY,Industry,FFUEL,EUR_TCO2E_GT5,Above EUR 5 per tonne of CO2e,84.14681625
NLD,2018,INDUSTRY,Industry,FFUEL,EUR_TCO2E_GT5,Above EUR 5 per tonne of CO2e,76.5322113
NLD,2018,INDUSTRY,Industry,FFUEL_BIOF,EUR_TCO2E_GT5,Above EUR 5 per tonne of CO2e,69.28845978
POL,2018,INDUSTRY,Industry,FFUEL_BIOF,EUR_TCO2E_GT5,Above EUR 5 per tonne of CO2e,58.16188431
POL,2018,INDUSTRY,Industry,FFUEL,EUR_TCO2E_GT5,Above EUR 5 per tonne of CO2e,66.13512421
ESP,2018,INDUSTRY,Industry,FFUEL,EUR_TCO2E_GT5,Above EUR 5 per tonne of CO2e,78.6670742
ESP,2018,INDUSTRY,Industry,FFUEL_BIOF,EUR_TCO2E_GT5,Above EUR 5 per tonne of CO2e,69.45015335
SWE,2018,INDUSTRY,Industry,FFUEL,EUR_TCO2E_GT5,Above EUR 5 per tonne of CO2e,86.08596611
SWE,2018,INDUSTRY,Industry,FFUEL_BIOF,EUR_TCO2E_GT5,Above EUR 5 per tonne of CO2e,26.06587982
GBR,2018,INDUSTRY,Industry,FFUEL_BIOF,EUR_TCO2E_GT5,Above EUR 5 per tonne of CO2e,71.7862854
GBR,2018,INDUSTRY,Industry,FFUEL,EUR_TCO2E_GT5,Above EUR 5 per tonne of CO2e,86.25115967
AUT,2018,INDUSTRY,Industry,FFUEL_BIOF,EUR_TCO2E_GT30,Above EUR 30 per tonne of CO2e,24.98280334
AUT,2018,INDUSTRY,Industry,FFUEL,EUR_TCO2E_GT30,Above EUR 30 per tonne of CO2e,35.5628891
BEL,2018,INDUSTRY,Industry,FFUEL_BIOF,EUR_TCO2E_GT30,Above EUR 30 per tonne of CO2e,0.052230835
BEL,2018,INDUSTRY,Industry,FFUEL,EUR_TCO2E_GT30,Above EUR 30 per tonne of CO2e,0.059242249
DNK,2018,INDUSTRY,Industry,FFUEL,EUR_TCO2E_GT30,Above EUR 30 per tonne of CO2e,44.50159073
DNK,2018,INDUSTRY,Industry,FFUEL_BIOF,EUR_TCO2E_GT30,Above EUR 30 per tonne of CO2e,23.43170929
FRA,2018,INDUSTRY,Industry,FFUEL_BIOF,EUR_TCO2E_GT30,Above EUR 30 per tonne of CO2e,6.417251587
FRA,2018,INDUSTRY,Industry,FFUEL,EUR_TCO2E_GT30,Above EUR 30 per tonne of CO2e,7.804893494
DEU,2018,INDUSTRY,Industry,FFUEL_BIOF,EUR_TCO2E_GT30,Above EUR 30 per tonne of CO2e,4.56161499
DEU,2018,INDUSTRY,Industry,FFUEL,EUR_TCO2E_GT30,Above EUR 30 per tonne of CO2e,5.069732666
ITA,2018,INDUSTRY,Industry,FFUEL_BIOF,EUR_TCO2E_GT30,Above EUR 30 per tonne of CO2e,3.856658936
ITA,2018,INDUSTRY,Industry,FFUEL,EUR_TCO2E_GT30,Above EUR 30 per tonne of CO2e,4.174369812
NLD,2018,INDUSTRY,Industry,FFUEL_BIOF,EUR_TCO2E_GT30,Above EUR 30 per tonne of CO2e,9.984710693
NLD,2018,INDUSTRY,Industry,FFUEL,EUR_TCO2E_GT30,Above EUR 30 per tonne of CO2e,10.68507385
POL,2018,INDUSTRY,Industry,FFUEL_BIOF,EUR_TCO2E_GT30,Above EUR 30 per tonne of CO2e,5.575332642
POL,2018,INDUSTRY,Industry,FFUEL,EUR_TCO2E_GT30,Above EUR 30 per tonne of CO2e,6.339637756
ESP,2018,INDUSTRY,Industry,FFUEL,EUR_TCO2E_GT30,Above EUR 30 per tonne of CO2e,5.167449951
ESP,2018,INDUSTRY,Industry,FFUEL_BIOF,EUR_TCO2E_GT30,Above EUR 30 per tonne of CO2e,4.644775391
SWE,2018,INDUSTRY,Industry,FFUEL_BIOF,EUR_TCO2E_GT30,Above EUR 30 per tonne of CO2e,2.656532288
SWE,2018,INDUSTRY,Industry,FFUEL,EUR_TCO2E_GT30,Above EUR 30 per tonne of CO2e,8.773544312
GBR,2018,INDUSTRY,Industry,FFUEL_BIOF,EUR_TCO2E_GT30,Above EUR 30 per tonne of CO2e,7.211410522
GBR,2018,INDUSTRY,Industry,FFUEL,EUR_TCO2E_GT30,Above EUR 30 per tonne of CO2e,8.664497375
AUT,2018,INDUSTRY,Industry,FFUEL_BIOF,EUR_TCO2E_GT60,Above EUR 60 per tonne of CO2e,0.332473755
AUT,2018,INDUSTRY,Industry,FFUEL,EUR_TCO2E_GT60,Above EUR 60 per tonne of CO2e,0.473274231
BEL,2018,INDUSTRY,Industry,FFUEL_BIOF,EUR_TCO2E_GT60,Above EUR 60 per tonne of CO2e,0.041137695
BEL,2018,INDUSTRY,Industry,FFUEL,EUR_TCO2E_GT60,Above EUR 60 per tonne of CO2e,0.046646118
DNK,2018,INDUSTRY,Industry,FFUEL,EUR_TCO2E_GT60,Above EUR 60 per tonne of CO2e,44.50159073
DNK,2018,INDUSTRY,Industry,FFUEL_BIOF,EUR_TCO2E_GT60,Above EUR 60 per tonne of CO2e,23.43170929
FRA,2018,INDUSTRY,Industry,FFUEL,EUR_TCO2E_GT60,Above EUR 60 per tonne of CO2e,4.897781372
FRA,2018,INDUSTRY,Industry,FFUEL_BIOF,EUR_TCO2E_GT60,Above EUR 60 per tonne of CO2e,4.027000427
DEU,2018,INDUSTRY,Industry,FFUEL_BIOF,EUR_TCO2E_GT60,Above EUR 60 per tonne of CO2e,0.076705933
DEU,2018,INDUSTRY,Industry,FFUEL,EUR_TCO2E_GT60,Above EUR 60 per tonne of CO2e,0.085250854
ITA,2018,INDUSTRY,Industry,FFUEL_BIOF,EUR_TCO2E_GT60,Above EUR 60 per tonne of CO2e,2.090492249
ITA,2018,INDUSTRY,Industry,FFUEL,EUR_TCO2E_GT60,Above EUR 60 per tonne of CO2e,2.262710571
NLD,2018,INDUSTRY,Industry,FFUEL_BIOF,EUR_TCO2E_GT60,Above EUR 60 per tonne of CO2e,6.145637512
NLD,2018,INDUSTRY,Industry,FFUEL,EUR_TCO2E_GT60,Above EUR 60 per tonne of CO2e,6.422409058
POL,2018,INDUSTRY,Industry,FFUEL_BIOF,EUR_TCO2E_GT60,Above EUR 60 per tonne of CO2e,1.17666626
POL,2018,INDUSTRY,Industry,FFUEL,EUR_TCO2E_GT60,Above EUR 60 per tonne of CO2e,1.337974548
ESP,2018,INDUSTRY,Industry,FFUEL,EUR_TCO2E_GT60,Above EUR 60 per tonne of CO2e,0.004135132
ESP,2018,INDUSTRY,Industry,FFUEL_BIOF,EUR_TCO2E_GT60,Above EUR 60 per tonne of CO2e,0.003639221
SWE,2018,INDUSTRY,Industry,FFUEL,EUR_TCO2E_GT60,Above EUR 60 per tonne of CO2e,4.991973877
SWE,2018,INDUSTRY,Industry,FFUEL_BIOF,EUR_TCO2E_GT60,Above EUR 60 per tonne of CO2e,1.511512756
GBR,2018,INDUSTRY,Industry,FFUEL_BIOF,EUR_TCO2E_GT60,Above EUR 60 per tonne of CO2e,0.700920105
GBR,2018,INDUSTRY,Industry,FFUEL,EUR_TCO2E_GT60,Above EUR 60 per tonne of CO2e,0.842147827
AUT,2018,INDUSTRY,Industry,FFUEL,EUR_TCO2E_GT120,Above EUR 120 per tonne of CO2e,0.442451477
AUT,2018,INDUSTRY,Industry,FFUEL,EUR_TCO2E_GT90,Above EUR 90 per tonne of CO2e,0.442451477
AUT,2018,INDUSTRY,Industry,FFUEL_BIOF,EUR_TCO2E_GT120,Above EUR 120 per tonne of CO2e,0.310821533
AUT,2018,INDUSTRY,Industry,FFUEL_BIOF,EUR_TCO2E_GT90,Above EUR 90 per tonne of CO2e,0.310821533
BEL,2018,INDUSTRY,Industry,FFUEL_BIOF,EUR_TCO2E_GT120,Above EUR 120 per tonne of CO2e,0.041137695
BEL,2018,INDUSTRY,Industry,FFUEL_BIOF,EUR_TCO2E_GT90,Above EUR 90 per tonne of CO2e,0.041137695
BEL,2018,INDUSTRY,Industry,FFUEL,EUR_TCO2E_GT120,Above EUR 120 per tonne of CO2e,0.046646118
BEL,2018,INDUSTRY,Industry,FFUEL,EUR_TCO2E_GT90,Above EUR 90 per tonne of CO2e,0.046646118
DNK,2018,INDUSTRY,Industry,FFUEL_BIOF,EUR_TCO2E_GT120,Above EUR 120 per tonne of CO2e,14.60593414
DNK,2018,INDUSTRY,Industry,FFUEL,EUR_TCO2E_GT90,Above EUR 90 per tonne of CO2e,44.38790512
DNK,2018,INDUSTRY,Industry,FFUEL_BIOF,EUR_TCO2E_GT90,Above EUR 90 per tonne of CO2e,23.37184906
DNK,2018,INDUSTRY,Industry,FFUEL,EUR_TCO2E_GT120,Above EUR 120 per tonne of CO2e,27.73963928
DEU,2018,INDUSTRY,Industry,FFUEL,EUR_TCO2E_GT120,Above EUR 120 per tonne of CO2e,0.085250854
DEU,2018,INDUSTRY,Industry,FFUEL_BIOF,EUR_TCO2E_GT90,Above EUR 90 per tonne of CO2e,0.076705933
DEU,2018,INDUSTRY,Industry,FFUEL_BIOF,EUR_TCO2E_GT120,Above EUR 120 per tonne of CO2e,0.076705933
DEU,2018,INDUSTRY,Industry,FFUEL,EUR_TCO2E_GT90,Above EUR 90 per tonne of CO2e,0.085250854
ITA,2018,INDUSTRY,Industry,FFUEL,EUR_TCO2E_GT120,Above EUR 120 per tonne of CO2e,0.578590393
ITA,2018,INDUSTRY,Industry,FFUEL,EUR_TCO2E_GT90,Above EUR 90 per tonne of CO2e,0.578590393
ITA,2018,INDUSTRY,Industry,FFUEL_BIOF,EUR_TCO2E_GT120,Above EUR 120 per tonne of CO2e,0.534553528
ITA,2018,INDUSTRY,Industry,FFUEL_BIOF,EUR_TCO2E_GT90,Above EUR 90 per tonne of CO2e,0.534553528
NLD,2018,INDUSTRY,Industry,FFUEL_BIOF,EUR_TCO2E_GT120,Above EUR 120 per tonne of CO2e,4.99962616
NLD,2018,INDUSTRY,Industry,FFUEL,EUR_TCO2E_GT120,Above EUR 120 per tonne of CO2e,5.14994812
NLD,2018,INDUSTRY,Industry,FFUEL,EUR_TCO2E_GT90,Above EUR 90 per tonne of CO2e,5.17288208
NLD,2018,INDUSTRY,Industry,FFUEL_BIOF,EUR_TCO2E_GT90,Above EUR 90 per tonne of CO2e,5.020278931
POL,2018,INDUSTRY,Industry,FFUEL_BIOF,EUR_TCO2E_GT90,Above EUR 90 per tonne of CO2e,0.986564636
POL,2018,INDUSTRY,Industry,FFUEL,EUR_TCO2E_GT90,Above EUR 90 per tonne of CO2e,1.121810913
POL,2018,INDUSTRY,Industry,FFUEL_BIOF,EUR_TCO2E_GT120,Above EUR 120 per tonne of CO2e,0.021568298
POL,2018,INDUSTRY,Industry,FFUEL,EUR_TCO2E_GT120,Above EUR 120 per tonne of CO2e,0.024520874
ESP,2018,INDUSTRY,Industry,FFUEL_BIOF,EUR_TCO2E_GT90,Above EUR 90 per tonne of CO2e,0.003639221
ESP,2018,INDUSTRY,Industry,FFUEL,EUR_TCO2E_GT120,Above EUR 120 per tonne of CO2e,0.004135132
ESP,2018,INDUSTRY,Industry,FFUEL_BIOF,EUR_TCO2E_GT120,Above EUR 120 per tonne of CO2e,0.003639221
ESP,2018,INDUSTRY,Industry,FFUEL,EUR_TCO2E_GT90,Above EUR 90 per tonne of CO2e,0.004135132
SWE,2018,INDUSTRY,Industry,FFUEL_BIOF,EUR_TCO2E_GT120,Above EUR 120 per tonne of CO2e,0.94078064
SWE,2018,INDUSTRY,Industry,FFUEL,EUR_TCO2E_GT90,Above EUR 90 per tonne of CO2e,4.541107178
SWE,2018,INDUSTRY,Industry,FFUEL_BIOF,EUR_TCO2E_GT90,Above EUR 90 per tonne of CO2e,1.375
SWE,2018,INDUSTRY,Industry,FFUEL,EUR_TCO2E_GT120,Above EUR 120 per tonne of CO2e,3.107070923
AUT,2018,RESCOM,Buildings,FFUEL_BIOF,EUR_TCO2E_GT90,Above EUR 90 per tonne of CO2e,0.132095337
AUT,2018,RESCOM,Buildings,FFUEL,EUR_TCO2E_GT90,Above EUR 90 per tonne of CO2e,0.273231506
AUT,2018,RESCOM,Buildings,FFUEL,EUR_TCO2E_GT120,Above EUR 120 per tonne of CO2e,0.273231506
AUT,2018,RESCOM,Buildings,FFUEL_BIOF,EUR_TCO2E_GT120,Above EUR 120 per tonne of CO2e,0.132095337
BEL,2018,RESCOM,Buildings,FFUEL,EUR_TCO2E_GT120,Above EUR 120 per tonne of CO2e,0.321983337
BEL,2018,RESCOM,Buildings,FFUEL,EUR_TCO2E_GT90,Above EUR 90 per tonne of CO2e,0.321983337
BEL,2018,RESCOM,Buildings,FFUEL_BIOF,EUR_TCO2E_GT120,Above EUR 120 per tonne of CO2e,0.285552979
BEL,2018,RESCOM,Buildings,FFUEL_BIOF,EUR_TCO2E_GT90,Above EUR 90 per tonne of CO2e,0.285552979
DNK,2018,RESCOM,Buildings,FFUEL,EUR_TCO2E_GT90,Above EUR 90 per tonne of CO2e,98.78504038
DNK,2018,RESCOM,Buildings,FFUEL,EUR_TCO2E_GT120,Above EUR 120 per tonne of CO2e,98.78504038
DNK,2018,RESCOM,Buildings,FFUEL_BIOF,EUR_TCO2E_GT90,Above EUR 90 per tonne of CO2e,34.47652435
DNK,2018,RESCOM,Buildings,FFUEL_BIOF,EUR_TCO2E_GT120,Above EUR 120 per tonne of CO2e,34.47652435
FRA,2018,RESCOM,Buildings,FFUEL,EUR_TCO2E_GT120,Above EUR 120 per tonne of CO2e,0.064865112
FRA,2018,RESCOM,Buildings,FFUEL_BIOF,EUR_TCO2E_GT120,Above EUR 120 per tonne of CO2e,0.043731689
FRA,2018,RESCOM,Buildings,FFUEL_BIOF,EUR_TCO2E_GT90,Above EUR 90 per tonne of CO2e,0.043731689
FRA,2018,RESCOM,Buildings,FFUEL,EUR_TCO2E_GT90,Above EUR 90 per tonne of CO2e,0.064865112
DEU,2018,RESCOM,Buildings,FFUEL_BIOF,EUR_TCO2E_GT90,Above EUR 90 per tonne of CO2e,0.372398376
DEU,2018,RESCOM,Buildings,FFUEL_BIOF,EUR_TCO2E_GT120,Above EUR 120 per tonne of CO2e,0.372398376
DEU,2018,RESCOM,Buildings,FFUEL,EUR_TCO2E_GT90,Above EUR 90 per tonne of CO2e,0.476348877
DEU,2018,RESCOM,Buildings,FFUEL,EUR_TCO2E_GT120,Above EUR 120 per tonne of CO2e,0.476348877
ITA,2018,RESCOM,Buildings,FFUEL_BIOF,EUR_TCO2E_GT90,Above EUR 90 per tonne of CO2e,45.69802094
ITA,2018,RESCOM,Buildings,FFUEL,EUR_TCO2E_GT90,Above EUR 90 per tonne of CO2e,66.93139648
ITA,2018,RESCOM,Buildings,FFUEL_BIOF,EUR_TCO2E_GT120,Above EUR 120 per tonne of CO2e,4.395683289
ITA,2018,RESCOM,Buildings,FFUEL,EUR_TCO2E_GT120,Above EUR 120 per tonne of CO2e,6.43812561
NLD,2018,RESCOM,Buildings,FFUEL,EUR_TCO2E_GT120,Above EUR 120 per tonne of CO2e,93.45456362
NLD,2018,RESCOM,Buildings,FFUEL_BIOF,EUR_TCO2E_GT90,Above EUR 90 per tonne of CO2e,85.66965103
NLD,2018,RESCOM,Buildings,FFUEL,EUR_TCO2E_GT90,Above EUR 90 per tonne of CO2e,94.2290287
NLD,2018,RESCOM,Buildings,FFUEL_BIOF,EUR_TCO2E_GT120,Above EUR 120 per tonne of CO2e,84.96648312
ESP,2018,RESCOM,Buildings,FFUEL,EUR_TCO2E_GT120,Above EUR 120 per tonne of CO2e,0.278457642
ESP,2018,RESCOM,Buildings,FFUEL_BIOF,EUR_TCO2E_GT90,Above EUR 90 per tonne of CO2e,0.19355011
ESP,2018,RESCOM,Buildings,FFUEL,EUR_TCO2E_GT90,Above EUR 90 per tonne of CO2e,0.278457642
ESP,2018,RESCOM,Buildings,FFUEL_BIOF,EUR_TCO2E_GT120,Above EUR 120 per tonne of CO2e,0.19355011
SWE,2018,RESCOM,Buildings,FFUEL_BIOF,EUR_TCO2E_GT120,Above EUR 120 per tonne of CO2e,18.49187469
SWE,2018,RESCOM,Buildings,FFUEL,EUR_TCO2E_GT90,Above EUR 90 per tonne of CO2e,67.8595047
SWE,2018,RESCOM,Buildings,FFUEL_BIOF,EUR_TCO2E_GT90,Above EUR 90 per tonne of CO2e,18.49187469
SWE,2018,RESCOM,Buildings,FFUEL,EUR_TCO2E_GT120,Above EUR 120 per tonne of CO2e,67.8595047
AUT,2018,RESCOM,Buildings,FFUEL_BIOF,EUR_TCO2E_GT60,Above EUR 60 per tonne of CO2e,0.132095337
AUT,2018,RESCOM,Buildings,FFUEL,EUR_TCO2E_GT60,Above EUR 60 per tonne of CO2e,0.273231506
BEL,2018,RESCOM,Buildings,FFUEL_BIOF,EUR_TCO2E_GT60,Above EUR 60 per tonne of CO2e,0.285552979
BEL,2018,RESCOM,Buildings,FFUEL,EUR_TCO2E_GT60,Above EUR 60 per tonne of CO2e,0.321983337
DNK,2018,RESCOM,Buildings,FFUEL,EUR_TCO2E_GT60,Above EUR 60 per tonne of CO2e,98.78504038
DNK,2018,RESCOM,Buildings,FFUEL_BIOF,EUR_TCO2E_GT60,Above EUR 60 per tonne of CO2e,34.47652435
FRA,2018,RESCOM,Buildings,FFUEL,EUR_TCO2E_GT60,Above EUR 60 per tonne of CO2e,1.086502075
FRA,2018,RESCOM,Buildings,FFUEL_BIOF,EUR_TCO2E_GT60,Above EUR 60 per tonne of CO2e,0.732452393
DEU,2018,RESCOM,Buildings,FFUEL_BIOF,EUR_TCO2E_GT60,Above EUR 60 per tonne of CO2e,0.372398376
DEU,2018,RESCOM,Buildings,FFUEL,EUR_TCO2E_GT60,Above EUR 60 per tonne of CO2e,0.476348877
ITA,2018,RESCOM,Buildings,FFUEL,EUR_TCO2E_GT60,Above EUR 60 per tonne of CO2e,71.54898453
ITA,2018,RESCOM,Buildings,FFUEL_BIOF,EUR_TCO2E_GT60,Above EUR 60 per tonne of CO2e,48.85072327
NLD,2018,RESCOM,Buildings,FFUEL_BIOF,EUR_TCO2E_GT60,Above EUR 60 per tonne of CO2e,85.70201111
NLD,2018,RESCOM,Buildings,FFUEL,EUR_TCO2E_GT60,Above EUR 60 per tonne of CO2e,94.26466942
ESP,2018,RESCOM,Buildings,FFUEL_BIOF,EUR_TCO2E_GT60,Above EUR 60 per tonne of CO2e,0.19355011
ESP,2018,RESCOM,Buildings,FFUEL,EUR_TCO2E_GT60,Above EUR 60 per tonne of CO2e,0.278457642
SWE,2018,RESCOM,Buildings,FFUEL,EUR_TCO2E_GT60,Above EUR 60 per tonne of CO2e,67.8595047
SWE,2018,RESCOM,Buildings,FFUEL_BIOF,EUR_TCO2E_GT60,Above EUR 60 per tonne of CO2e,18.49187469
GBR,2018,RESCOM,Buildings,FFUEL_BIOF,EUR_TCO2E_GT60,Above EUR 60 per tonne of CO2e,0.058937073
GBR,2018,RESCOM,Buildings,FFUEL,EUR_TCO2E_GT60,Above EUR 60 per tonne of CO2e,0.065124512
AUT,2018,RESCOM,Buildings,FFUEL,EUR_TCO2E_GT30,Above EUR 30 per tonne of CO2e,97.62761712
AUT,2018,RESCOM,Buildings,FFUEL_BIOF,EUR_TCO2E_GT30,Above EUR 30 per tonne of CO2e,47.19947815
BEL,2018,RESCOM,Buildings,FFUEL,EUR_TCO2E_GT30,Above EUR 30 per tonne of CO2e,0.321983337
BEL,2018,RESCOM,Buildings,FFUEL_BIOF,EUR_TCO2E_GT30,Above EUR 30 per tonne of CO2e,0.285552979
DNK,2018,RESCOM,Buildings,FFUEL_BIOF,EUR_TCO2E_GT30,Above EUR 30 per tonne of CO2e,34.47654724
DNK,2018,RESCOM,Buildings,FFUEL,EUR_TCO2E_GT30,Above EUR 30 per tonne of CO2e,98.7850908
FRA,2018,RESCOM,Buildings,FFUEL_BIOF,EUR_TCO2E_GT30,Above EUR 30 per tonne of CO2e,62.75962067
FRA,2018,RESCOM,Buildings,FFUEL,EUR_TCO2E_GT30,Above EUR 30 per tonne of CO2e,93.09627628
DEU,2018,RESCOM,Buildings,FFUEL,EUR_TCO2E_GT30,Above EUR 30 per tonne of CO2e,0.708694458
DEU,2018,RESCOM,Buildings,FFUEL_BIOF,EUR_TCO2E_GT30,Above EUR 30 per tonne of CO2e,0.554031372
ITA,2018,RESCOM,Buildings,FFUEL,EUR_TCO2E_GT30,Above EUR 30 per tonne of CO2e,71.54898453
ITA,2018,RESCOM,Buildings,FFUEL_BIOF,EUR_TCO2E_GT30,Above EUR 30 per tonne of CO2e,48.85072327
NLD,2018,RESCOM,Buildings,FFUEL_BIOF,EUR_TCO2E_GT30,Above EUR 30 per tonne of CO2e,88.78359604
NLD,2018,RESCOM,Buildings,FFUEL,EUR_TCO2E_GT30,Above EUR 30 per tonne of CO2e,97.65870738
POL,2018,RESCOM,Buildings,FFUEL_BIOF,EUR_TCO2E_GT30,Above EUR 30 per tonne of CO2e,0.004226685
POL,2018,RESCOM,Buildings,FFUEL,EUR_TCO2E_GT30,Above EUR 30 per tonne of CO2e,0.00553894
ESP,2018,RESCOM,Buildings,FFUEL_BIOF,EUR_TCO2E_GT30,Above EUR 30 per tonne of CO2e,22.48720551
ESP,2018,RESCOM,Buildings,FFUEL,EUR_TCO2E_GT30,Above EUR 30 per tonne of CO2e,33.12887573
SWE,2018,RESCOM,Buildings,FFUEL_BIOF,EUR_TCO2E_GT30,Above EUR 30 per tonne of CO2e,18.49187469
SWE,2018,RESCOM,Buildings,FFUEL,EUR_TCO2E_GT30,Above EUR 30 per tonne of CO2e,67.8595047
GBR,2018,RESCOM,Buildings,FFUEL,EUR_TCO2E_GT30,Above EUR 30 per tonne of CO2e,14.39151764
GBR,2018,RESCOM,Buildings,FFUEL_BIOF,EUR_TCO2E_GT30,Above EUR 30 per tonne of CO2e,13.02243805
AUT,2018,RESCOM,Buildings,FFUEL,EUR_TCO2E_GT0,Above EUR 0 per tonne of CO2e,99.98969896
AUT,2018,RESCOM,Buildings,FFUEL_BIOF,EUR_TCO2E_GT0,Above EUR 0 per tonne of CO2e,48.34146118
BEL,2018,RESCOM,Buildings,FFUEL_BIOF,EUR_TCO2E_GT0,Above EUR 0 per tonne of CO2e,86.80452442
BEL,2018,RESCOM,Buildings,FFUEL,EUR_TCO2E_GT0,Above EUR 0 per tonne of CO2e,97.8786931
DNK,2018,RESCOM,Buildings,FFUEL_BIOF,EUR_TCO2E_GT0,Above EUR 0 per tonne of CO2e,34.64385986
DNK,2018,RESCOM,Buildings,FFUEL,EUR_TCO2E_GT0,Above EUR 0 per tonne of CO2e,98.82761073
FRA,2018,RESCOM,Buildings,FFUEL,EUR_TCO2E_GT0,Above EUR 0 per tonne of CO2e,98.08775175
FRA,2018,RESCOM,Buildings,FFUEL_BIOF,EUR_TCO2E_GT0,Above EUR 0 per tonne of CO2e,66.1245575
DEU,2018,RESCOM,Buildings,FFUEL_BIOF,EUR_TCO2E_GT0,Above EUR 0 per tonne of CO2e,78.17703629
ITA,2018,RESCOM,Buildings,FFUEL_BIOF,EUR_TCO2E_GT0,Above EUR 0 per tonne of CO2e,68.27591324
NLD,2018,RESCOM,Buildings,FFUEL,EUR_TCO2E_GT0,Above EUR 0 per tonne of CO2e,99.38080555
NLD,2018,RESCOM,Buildings,FFUEL_BIOF,EUR_TCO2E_GT0,Above EUR 0 per tonne of CO2e,90.34715843
POL,2018,RESCOM,Buildings,FFUEL,EUR_TCO2E_GT0,Above EUR 0 per tonne of CO2e,40.1801033
POL,2018,RESCOM,Buildings,FFUEL_BIOF,EUR_TCO2E_GT0,Above EUR 0 per tonne of CO2e,30.62059784
ESP,2018,RESCOM,Buildings,FFUEL_BIOF,EUR_TCO2E_GT0,Above EUR 0 per tonne of CO2e,67.66072845
ESP,2018,RESCOM,Buildings,FFUEL,EUR_TCO2E_GT0,Above EUR 0 per tonne of CO2e,99.71000502
SWE,2018,RESCOM,Buildings,FFUEL,EUR_TCO2E_GT0,Above EUR 0 per tonne of CO2e,68.29213333
SWE,2018,RESCOM,Buildings,FFUEL_BIOF,EUR_TCO2E_GT0,Above EUR 0 per tonne of CO2e,18.60977173
GBR,2018,RESCOM,Buildings,FFUEL,EUR_TCO2E_GT0,Above EUR 0 per tonne of CO2e,34.81937408
GBR,2018,RESCOM,Buildings,FFUEL_BIOF,EUR_TCO2E_GT0,Above EUR 0 per tonne of CO2e,31.50697327
AUT,2018,RESCOM,Buildings,FFUEL,EUR_TCO2E_GT5,Above EUR 5 per tonne of CO2e,99.98969896
AUT,2018,RESCOM,Buildings,FFUEL_BIOF,EUR_TCO2E_GT5,Above EUR 5 per tonne of CO2e,48.34146118
BEL,2018,RESCOM,Buildings,FFUEL_BIOF,EUR_TCO2E_GT5,Above EUR 5 per tonne of CO2e,39.40343475
BEL,2018,RESCOM,Buildings,FFUEL,EUR_TCO2E_GT5,Above EUR 5 per tonne of CO2e,44.4303627
DNK,2018,RESCOM,Buildings,FFUEL_BIOF,EUR_TCO2E_GT5,Above EUR 5 per tonne of CO2e,34.64385986
DNK,2018,RESCOM,Buildings,FFUEL,EUR_TCO2E_GT5,Above EUR 5 per tonne of CO2e,98.82761073
FRA,2018,RESCOM,Buildings,FFUEL,EUR_TCO2E_GT5,Above EUR 5 per tonne of CO2e,98.08775175
FRA,2018,RESCOM,Buildings,FFUEL_BIOF,EUR_TCO2E_GT5,Above EUR 5 per tonne of CO2e,66.1245575
DEU,2018,RESCOM,Buildings,FFUEL,EUR_TCO2E_GT5,Above EUR 5 per tonne of CO2e,98.26628006
DEU,2018,RESCOM,Buildings,FFUEL_BIOF,EUR_TCO2E_GT5,Above EUR 5 per tonne of CO2e,76.82166481
ITA,2018,RESCOM,Buildings,FFUEL_BIOF,EUR_TCO2E_GT5,Above EUR 5 per tonne of CO2e,68.27591324
NLD,2018,RESCOM,Buildings,FFUEL_BIOF,EUR_TCO2E_GT5,Above EUR 5 per tonne of CO2e,90.34715843
NLD,2018,RESCOM,Buildings,FFUEL,EUR_TCO2E_GT5,Above EUR 5 per tonne of CO2e,99.38080555
POL,2018,RESCOM,Buildings,FFUEL,EUR_TCO2E_GT5,Above EUR 5 per tonne of CO2e,30.41145325
POL,2018,RESCOM,Buildings,FFUEL_BIOF,EUR_TCO2E_GT5,Above EUR 5 per tonne of CO2e,23.17607117
ESP,2018,RESCOM,Buildings,FFUEL_BIOF,EUR_TCO2E_GT5,Above EUR 5 per tonne of CO2e,67.61924744
ESP,2018,RESCOM,Buildings,FFUEL,EUR_TCO2E_GT5,Above EUR 5 per tonne of CO2e,99.64876717
SWE,2018,RESCOM,Buildings,FFUEL_BIOF,EUR_TCO2E_GT5,Above EUR 5 per tonne of CO2e,18.60977173
SWE,2018,RESCOM,Buildings,FFUEL,EUR_TCO2E_GT5,Above EUR 5 per tonne of CO2e,68.29213333
GBR,2018,RESCOM,Buildings,FFUEL,EUR_TCO2E_GT5,Above EUR 5 per tonne of CO2e,34.81937408
GBR,2018,RESCOM,Buildings,FFUEL_BIOF,EUR_TCO2E_GT5,Above EUR 5 per tonne of CO2e,31.50697327
AUT,2018,ROAD,Road transport,FFUEL,EUR_TCO2E_GT90,Above EUR 90 per tonne of CO2e,99.57330969
AUT,2018,ROAD,Road transport,FFUEL_BIOF,EUR_TCO2E_GT90,Above EUR 90 per tonne of CO2e,99.59335557
BEL,2018,ROAD,Road transport,FFUEL,EUR_TCO2E_GT90,Above EUR 90 per tonne of CO2e,99.26526856
BEL,2018,ROAD,Road transport,FFUEL_BIOF,EUR_TCO2E_GT90,Above EUR 90 per tonne of CO2e,99.30519634
DNK,2018,ROAD,Road transport,FFUEL_BIOF,EUR_TCO2E_GT90,Above EUR 90 per tonne of CO2e,98.97315657
FRA,2018,ROAD,Road transport,FFUEL_BIOF,EUR_TCO2E_GT90,Above EUR 90 per tonne of CO2e,93.19788218
FRA,2018,ROAD,Road transport,FFUEL,EUR_TCO2E_GT90,Above EUR 90 per tonne of CO2e,99.65792271
DEU,2018,ROAD,Road transport,FFUEL,EUR_TCO2E_GT90,Above EUR 90 per tonne of CO2e,99.09745574
DEU,2018,ROAD,Road transport,FFUEL_BIOF,EUR_TCO2E_GT90,Above EUR 90 per tonne of CO2e,99.09318799
ITA,2018,ROAD,Road transport,FFUEL_BIOF,EUR_TCO2E_GT90,Above EUR 90 per tonne of CO2e,97.95577955
ITA,2018,ROAD,Road transport,FFUEL,EUR_TCO2E_GT90,Above EUR 90 per tonne of CO2e,97.87601924
POL,2018,ROAD,Road transport,FFUEL_BIOF,EUR_TCO2E_GT90,Above EUR 90 per tonne of CO2e,90.60691643
POL,2018,ROAD,Road transport,FFUEL,EUR_TCO2E_GT90,Above EUR 90 per tonne of CO2e,91.02291012
ESP,2018,ROAD,Road transport,FFUEL_BIOF,EUR_TCO2E_GT90,Above EUR 90 per tonne of CO2e,99.38735503
ESP,2018,ROAD,Road transport,FFUEL,EUR_TCO2E_GT90,Above EUR 90 per tonne of CO2e,99.35027212
SWE,2018,ROAD,Road transport,FFUEL_BIOF,EUR_TCO2E_GT90,Above EUR 90 per tonne of CO2e,91.44955063
AUT,2018,ROAD,Road transport,FFUEL,EUR_TCO2E_GT60,Above EUR 60 per tonne of CO2e,99.66399482
AUT,2018,ROAD,Road transport,FFUEL_BIOF,EUR_TCO2E_GT60,Above EUR 60 per tonne of CO2e,99.67905486
BEL,2018,ROAD,Road transport,FFUEL_BIOF,EUR_TCO2E_GT60,Above EUR 60 per tonne of CO2e,99.30519634
BEL,2018,ROAD,Road transport,FFUEL,EUR_TCO2E_GT60,Above EUR 60 per tonne of CO2e,99.26526856
DNK,2018,ROAD,Road transport,FFUEL_BIOF,EUR_TCO2E_GT60,Above EUR 60 per tonne of CO2e,98.97315657
FRA,2018,ROAD,Road transport,FFUEL,EUR_TCO2E_GT60,Above EUR 60 per tonne of CO2e,99.80022861
FRA,2018,ROAD,Road transport,FFUEL_BIOF,EUR_TCO2E_GT60,Above EUR 60 per tonne of CO2e,93.32902956
DEU,2018,ROAD,Road transport,FFUEL_BIOF,EUR_TCO2E_GT60,Above EUR 60 per tonne of CO2e,99.95123176
ITA,2018,ROAD,Road transport,FFUEL,EUR_TCO2E_GT60,Above EUR 60 per tonne of CO2e,97.87601924
ITA,2018,ROAD,Road transport,FFUEL_BIOF,EUR_TCO2E_GT60,Above EUR 60 per tonne of CO2e,97.95577955
POL,2018,ROAD,Road transport,FFUEL,EUR_TCO2E_GT60,Above EUR 60 per tonne of CO2e,99.70063746
POL,2018,ROAD,Road transport,FFUEL_BIOF,EUR_TCO2E_GT60,Above EUR 60 per tonne of CO2e,98.92243147
ESP,2018,ROAD,Road transport,FFUEL,EUR_TCO2E_GT60,Above EUR 60 per tonne of CO2e,99.35027212
ESP,2018,ROAD,Road transport,FFUEL_BIOF,EUR_TCO2E_GT60,Above EUR 60 per tonne of CO2e,99.38735503
SWE,2018,ROAD,Road transport,FFUEL_BIOF,EUR_TCO2E_GT60,Above EUR 60 per tonne of CO2e,91.44955063
AUT,2018,ROAD,Road transport,FFUEL,EUR_TCO2E_GT120,Above EUR 120 per tonne of CO2e,99.57330969
AUT,2018,ROAD,Road transport,FFUEL_BIOF,EUR_TCO2E_GT120,Above EUR 120 per tonne of CO2e,99.59335557
BEL,2018,ROAD,Road transport,FFUEL,EUR_TCO2E_GT120,Above EUR 120 per tonne of CO2e,99.26526856
BEL,2018,ROAD,Road transport,FFUEL_BIOF,EUR_TCO2E_GT120,Above EUR 120 per tonne of CO2e,99.30519634
DNK,2018,ROAD,Road transport,FFUEL_BIOF,EUR_TCO2E_GT120,Above EUR 120 per tonne of CO2e,98.97315657
FRA,2018,ROAD,Road transport,FFUEL,EUR_TCO2E_GT120,Above EUR 120 per tonne of CO2e,99.65792271
FRA,2018,ROAD,Road transport,FFUEL_BIOF,EUR_TCO2E_GT120,Above EUR 120 per tonne of CO2e,93.19788218
DEU,2018,ROAD,Road transport,FFUEL_BIOF,EUR_TCO2E_GT120,Above EUR 120 per tonne of CO2e,99.09318799
DEU,2018,ROAD,Road transport,FFUEL,EUR_TCO2E_GT120,Above EUR 120 per tonne of CO2e,99.09745574
ITA,2018,ROAD,Road transport,FFUEL_BIOF,EUR_TCO2E_GT120,Above EUR 120 per tonne of CO2e,93.20348263
ITA,2018,ROAD,Road transport,FFUEL,EUR_TCO2E_GT120,Above EUR 120 per tonne of CO2e,92.93816614
NLD,2018,ROAD,Road transport,FFUEL,EUR_TCO2E_GT120,Above EUR 120 per tonne of CO2e,98.16639292
NLD,2018,ROAD,Road transport,FFUEL_BIOF,EUR_TCO2E_GT120,Above EUR 120 per tonne of CO2e,98.25426006
POL,2018,ROAD,Road transport,FFUEL_BIOF,EUR_TCO2E_GT120,Above EUR 120 per tonne of CO2e,90.60691643
POL,2018,ROAD,Road transport,FFUEL,EUR_TCO2E_GT120,Above EUR 120 per tonne of CO2e,91.02291012
ESP,2018,ROAD,Road transport,FFUEL,EUR_TCO2E_GT120,Above EUR 120 per tonne of CO2e,99.35027212
ESP,2018,ROAD,Road transport,FFUEL_BIOF,EUR_TCO2E_GT120,Above EUR 120 per tonne of CO2e,99.38735503
SWE,2018,ROAD,Road transport,FFUEL,EUR_TCO2E_GT120,Above EUR 120 per tonne of CO2e,99.82593776
SWE,2018,ROAD,Road transport,FFUEL_BIOF,EUR_TCO2E_GT120,Above EUR 120 per tonne of CO2e,91.31357098
AUT,2018,ROAD,Road transport,FFUEL_BIOF,EUR_TCO2E_GT30,Above EUR 30 per tonne of CO2e,99.83318269
AUT,2018,ROAD,Road transport,FFUEL_BIOF,EUR_TCO2E_GT5,Above EUR 5 per tonne of CO2e,99.83318269
AUT,2018,ROAD,Road transport,FFUEL,EUR_TCO2E_GT5,Above EUR 5 per tonne of CO2e,99.8270894
AUT,2018,ROAD,Road transport,FFUEL_BIOF,EUR_TCO2E_GT0,Above EUR 0 per tonne of CO2e,99.83318269
AUT,2018,ROAD,Road transport,FFUEL,EUR_TCO2E_GT0,Above EUR 0 per tonne of CO2e,99.8270894
AUT,2018,ROAD,Road transport,FFUEL,EUR_TCO2E_GT30,Above EUR 30 per tonne of CO2e,99.8270894
BEL,2018,ROAD,Road transport,FFUEL_BIOF,EUR_TCO2E_GT30,Above EUR 30 per tonne of CO2e,99.30519634
BEL,2018,ROAD,Road transport,FFUEL,EUR_TCO2E_GT5,Above EUR 5 per tonne of CO2e,99.26526856
BEL,2018,ROAD,Road transport,FFUEL_BIOF,EUR_TCO2E_GT0,Above EUR 0 per tonne of CO2e,99.30519634
BEL,2018,ROAD,Road transport,FFUEL_BIOF,EUR_TCO2E_GT5,Above EUR 5 per tonne of CO2e,99.30519634
BEL,2018,ROAD,Road transport,FFUEL,EUR_TCO2E_GT30,Above EUR 30 per tonne of CO2e,99.26526856
BEL,2018,ROAD,Road transport,FFUEL,EUR_TCO2E_GT0,Above EUR 0 per tonne of CO2e,99.26526856
DNK,2018,ROAD,Road transport,FFUEL_BIOF,EUR_TCO2E_GT0,Above EUR 0 per tonne of CO2e,98.97315657
DNK,2018,ROAD,Road transport,FFUEL_BIOF,EUR_TCO2E_GT30,Above EUR 30 per tonne of CO2e,98.97315657
DNK,2018,ROAD,Road transport,FFUEL_BIOF,EUR_TCO2E_GT5,Above EUR 5 per tonne of CO2e,98.97315657
DEU,2018,ROAD,Road transport,FFUEL_BIOF,EUR_TCO2E_GT30,Above EUR 30 per tonne of CO2e,99.95123176
DEU,2018,ROAD,Road transport,FFUEL_BIOF,EUR_TCO2E_GT5,Above EUR 5 per tonne of CO2e,99.95123176
DEU,2018,ROAD,Road transport,FFUEL_BIOF,EUR_TCO2E_GT0,Above EUR 0 per tonne of CO2e,99.95123176
ITA,2018,ROAD,Road transport,FFUEL_BIOF,EUR_TCO2E_GT5,Above EUR 5 per tonne of CO2e,97.95577955
ITA,2018,ROAD,Road transport,FFUEL_BIOF,EUR_TCO2E_GT30,Above EUR 30 per tonne of CO2e,97.95577955
ITA,2018,ROAD,Road transport,FFUEL,EUR_TCO2E_GT30,Above EUR 30 per tonne of CO2e,97.87601924
ITA,2018,ROAD,Road transport,FFUEL_BIOF,EUR_TCO2E_GT0,Above EUR 0 per tonne of CO2e,99.99994461
ITA,2018,ROAD,Road transport,FFUEL,EUR_TCO2E_GT5,Above EUR 5 per tonne of CO2e,97.87601924
POL,2018,ROAD,Road transport,FFUEL_BIOF,EUR_TCO2E_GT5,Above EUR 5 per tonne of CO2e,99.20929849
POL,2018,ROAD,Road transport,FFUEL_BIOF,EUR_TCO2E_GT0,Above EUR 0 per tonne of CO2e,99.20929849
POL,2018,ROAD,Road transport,FFUEL_BIOF,EUR_TCO2E_GT30,Above EUR 30 per tonne of CO2e,99.20929849
ESP,2018,ROAD,Road transport,FFUEL_BIOF,EUR_TCO2E_GT30,Above EUR 30 per tonne of CO2e,99.38735503
ESP,2018,ROAD,Road transport,FFUEL,EUR_TCO2E_GT30,Above EUR 30 per tonne of CO2e,99.35027212
SWE,2018,ROAD,Road transport,FFUEL_BIOF,EUR_TCO2E_GT0,Above EUR 0 per tonne of CO2e,91.44955063
SWE,2018,ROAD,Road transport,FFUEL_BIOF,EUR_TCO2E_GT5,Above EUR 5 per tonne of CO2e,91.44955063
SWE,2018,ROAD,Road transport,FFUEL_BIOF,EUR_TCO2E_GT30,Above EUR 30 per tonne of CO2e,91.44955063
AUT,2018,OFFROAD,Off-road transport,FFUEL,EUR_TCO2E_GT60,Above EUR 60 per tonne of CO2e,12.31424713
AUT,2018,OFFROAD,Off-road transport,FFUEL_BIOF,EUR_TCO2E_GT60,Above EUR 60 per tonne of CO2e,12.22980499
AUT,2018,OFFROAD,Off-road transport,FFUEL_BIOF,EUR_TCO2E_GT90,Above EUR 90 per tonne of CO2e,12.22980499
AUT,2018,OFFROAD,Off-road transport,FFUEL,EUR_TCO2E_GT90,Above EUR 90 per tonne of CO2e,12.31424713
AUT,2018,OFFROAD,Off-road transport,FFUEL,EUR_TCO2E_GT120,Above EUR 120 per tonne of CO2e,12.31424713
AUT,2018,OFFROAD,Off-road transport,FFUEL_BIOF,EUR_TCO2E_GT120,Above EUR 120 per tonne of CO2e,12.22980499
BEL,2018,OFFROAD,Off-road transport,FFUEL,EUR_TCO2E_GT60,Above EUR 60 per tonne of CO2e,0.049781799
BEL,2018,OFFROAD,Off-road transport,FFUEL_BIOF,EUR_TCO2E_GT90,Above EUR 90 per tonne of CO2e,0.049781799
BEL,2018,OFFROAD,Off-road transport,FFUEL_BIOF,EUR_TCO2E_GT60,Above EUR 60 per tonne of CO2e,0.049781799
BEL,2018,OFFROAD,Off-road transport,FFUEL,EUR_TCO2E_GT120,Above EUR 120 per tonne of CO2e,0.049781799
BEL,2018,OFFROAD,Off-road transport,FFUEL_BIOF,EUR_TCO2E_GT120,Above EUR 120 per tonne of CO2e,0.049781799
BEL,2018,OFFROAD,Off-road transport,FFUEL,EUR_TCO2E_GT90,Above EUR 90 per tonne of CO2e,0.049781799
DNK,2018,OFFROAD,Off-road transport,FFUEL,EUR_TCO2E_GT90,Above EUR 90 per tonne of CO2e,12.98091888
DNK,2018,OFFROAD,Off-road transport,FFUEL,EUR_TCO2E_GT120,Above EUR 120 per tonne of CO2e,12.98091888
DNK,2018,OFFROAD,Off-road transport,FFUEL_BIOF,EUR_TCO2E_GT90,Above EUR 90 per tonne of CO2e,12.98091888
DNK,2018,OFFROAD,Off-road transport,FFUEL,EUR_TCO2E_GT60,Above EUR 60 per tonne of CO2e,12.98091888
DNK,2018,OFFROAD,Off-road transport,FFUEL_BIOF,EUR_TCO2E_GT120,Above EUR 120 per tonne of CO2e,12.98091888
DNK,2018,OFFROAD,Off-road transport,FFUEL_BIOF,EUR_TCO2E_GT60,Above EUR 60 per tonne of CO2e,12.98091888
FRA,2018,OFFROAD,Off-road transport,FFUEL,EUR_TCO2E_GT60,Above EUR 60 per tonne of CO2e,5.442909241
FRA,2018,OFFROAD,Off-road transport,FFUEL_BIOF,EUR_TCO2E_GT60,Above EUR 60 per tonne of CO2e,5.442909241
DEU,2018,OFFROAD,Off-road transport,FFUEL,EUR_TCO2E_GT90,Above EUR 90 per tonne of CO2e,13.80099487
DEU,2018,OFFROAD,Off-road transport,FFUEL_BIOF,EUR_TCO2E_GT90,Above EUR 90 per tonne of CO2e,14.42289734
DEU,2018,OFFROAD,Off-road transport,FFUEL_BIOF,EUR_TCO2E_GT60,Above EUR 60 per tonne of CO2e,23.60112762
DEU,2018,OFFROAD,Off-road transport,FFUEL,EUR_TCO2E_GT120,Above EUR 120 per tonne of CO2e,13.80099487
DEU,2018,OFFROAD,Off-road transport,FFUEL,EUR_TCO2E_GT60,Above EUR 60 per tonne of CO2e,23.04592133
DEU,2018,OFFROAD,Off-road transport,FFUEL_BIOF,EUR_TCO2E_GT120,Above EUR 120 per tonne of CO2e,14.42289734
ITA,2018,OFFROAD,Off-road transport,FFUEL_BIOF,EUR_TCO2E_GT60,Above EUR 60 per tonne of CO2e,2.607131958
ITA,2018,OFFROAD,Off-road transport,FFUEL,EUR_TCO2E_GT60,Above EUR 60 per tonne of CO2e,2.607131958
NLD,2018,OFFROAD,Off-road transport,FFUEL_BIOF,EUR_TCO2E_GT60,Above EUR 60 per tonne of CO2e,7.458969116
NLD,2018,OFFROAD,Off-road transport,FFUEL,EUR_TCO2E_GT120,Above EUR 120 per tonne of CO2e,6.727973938
NLD,2018,OFFROAD,Off-road transport,FFUEL_BIOF,EUR_TCO2E_GT120,Above EUR 120 per tonne of CO2e,7.458969116
NLD,2018,OFFROAD,Off-road transport,FFUEL_BIOF,EUR_TCO2E_GT90,Above EUR 90 per tonne of CO2e,7.458969116
NLD,2018,OFFROAD,Off-road transport,FFUEL,EUR_TCO2E_GT90,Above EUR 90 per tonne of CO2e,6.727973938
NLD,2018,OFFROAD,Off-road transport,FFUEL,EUR_TCO2E_GT60,Above EUR 60 per tonne of CO2e,6.727973938
POL,2018,OFFROAD,Off-road transport,FFUEL,EUR_TCO2E_GT120,Above EUR 120 per tonne of CO2e,23.0644989
POL,2018,OFFROAD,Off-road transport,FFUEL_BIOF,EUR_TCO2E_GT60,Above EUR 60 per tonne of CO2e,23.0644989
POL,2018,OFFROAD,Off-road transport,FFUEL_BIOF,EUR_TCO2E_GT120,Above EUR 120 per tonne of CO2e,23.0644989
POL,2018,OFFROAD,Off-road transport,FFUEL,EUR_TCO2E_GT60,Above EUR 60 per tonne of CO2e,23.0644989
POL,2018,OFFROAD,Off-road transport,FFUEL,EUR_TCO2E_GT90,Above EUR 90 per tonne of CO2e,23.0644989
POL,2018,OFFROAD,Off-road transport,FFUEL_BIOF,EUR_TCO2E_GT90,Above EUR 90 per tonne of CO2e,23.0644989
ESP,2018,OFFROAD,Off-road transport,FFUEL_BIOF,EUR_TCO2E_GT90,Above EUR 90 per tonne of CO2e,2.450866699
ESP,2018,OFFROAD,Off-road transport,FFUEL_BIOF,EUR_TCO2E_GT60,Above EUR 60 per tonne of CO2e,2.450866699
ESP,2018,OFFROAD,Off-road transport,FFUEL_BIOF,EUR_TCO2E_GT120,Above EUR 120 per tonne of CO2e,2.450866699
ESP,2018,OFFROAD,Off-road transport,FFUEL,EUR_TCO2E_GT60,Above EUR 60 per tonne of CO2e,2.298301697
ESP,2018,OFFROAD,Off-road transport,FFUEL,EUR_TCO2E_GT120,Above EUR 120 per tonne of CO2e,2.298301697
ESP,2018,OFFROAD,Off-road transport,FFUEL,EUR_TCO2E_GT90,Above EUR 90 per tonne of CO2e,2.298301697
GBR,2018,OFFROAD,Off-road transport,FFUEL,EUR_TCO2E_GT60,Above EUR 60 per tonne of CO2e,9.008415222
GBR,2018,OFFROAD,Off-road transport,FFUEL_BIOF,EUR_TCO2E_GT60,Above EUR 60 per tonne of CO2e,9.008415222
AUT,2018,OFFROAD,Off-road transport,FFUEL_BIOF,EUR_TCO2E_GT30,Above EUR 30 per tonne of CO2e,12.2355957
AUT,2018,OFFROAD,Off-road transport,FFUEL,EUR_TCO2E_GT30,Above EUR 30 per tonne of CO2e,12.32007599
BEL,2018,OFFROAD,Off-road transport,FFUEL_BIOF,EUR_TCO2E_GT30,Above EUR 30 per tonne of CO2e,0.049781799
BEL,2018,OFFROAD,Off-road transport,FFUEL,EUR_TCO2E_GT30,Above EUR 30 per tonne of CO2e,0.049781799
DNK,2018,OFFROAD,Off-road transport,FFUEL_BIOF,EUR_TCO2E_GT30,Above EUR 30 per tonne of CO2e,15.26885223
DNK,2018,OFFROAD,Off-road transport,FFUEL,EUR_TCO2E_GT30,Above EUR 30 per tonne of CO2e,15.26885223
FRA,2018,OFFROAD,Off-road transport,FFUEL_BIOF,EUR_TCO2E_GT30,Above EUR 30 per tonne of CO2e,6.699928284
FRA,2018,OFFROAD,Off-road transport,FFUEL,EUR_TCO2E_GT30,Above EUR 30 per tonne of CO2e,6.699928284
DEU,2018,OFFROAD,Off-road transport,FFUEL_BIOF,EUR_TCO2E_GT30,Above EUR 30 per tonne of CO2e,32.05574036
DEU,2018,OFFROAD,Off-road transport,FFUEL,EUR_TCO2E_GT30,Above EUR 30 per tonne of CO2e,31.56197357
ITA,2018,OFFROAD,Off-road transport,FFUEL_BIOF,EUR_TCO2E_GT30,Above EUR 30 per tonne of CO2e,2.607131958
ITA,2018,OFFROAD,Off-road transport,FFUEL,EUR_TCO2E_GT30,Above EUR 30 per tonne of CO2e,2.607131958
NLD,2018,OFFROAD,Off-road transport,FFUEL,EUR_TCO2E_GT30,Above EUR 30 per tonne of CO2e,6.727973938
NLD,2018,OFFROAD,Off-road transport,FFUEL_BIOF,EUR_TCO2E_GT30,Above EUR 30 per tonne of CO2e,7.458969116
POL,2018,OFFROAD,Off-road transport,FFUEL,EUR_TCO2E_GT30,Above EUR 30 per tonne of CO2e,92.46830654
POL,2018,OFFROAD,Off-road transport,FFUEL_BIOF,EUR_TCO2E_GT30,Above EUR 30 per tonne of CO2e,92.46830654
ESP,2018,OFFROAD,Off-road transport,FFUEL_BIOF,EUR_TCO2E_GT30,Above EUR 30 per tonne of CO2e,3.212234497
ESP,2018,OFFROAD,Off-road transport,FFUEL,EUR_TCO2E_GT30,Above EUR 30 per tonne of CO2e,3.061065674
GBR,2018,OFFROAD,Off-road transport,FFUEL,EUR_TCO2E_GT30,Above EUR 30 per tonne of CO2e,25.96708679
GBR,2018,OFFROAD,Off-road transport,FFUEL_BIOF,EUR_TCO2E_GT30,Above EUR 30 per tonne of CO2e,25.96708679
AUT,2018,OFFROAD,Off-road transport,FFUEL_BIOF,EUR_TCO2E_GT0,Above EUR 0 per tonne of CO2e,22.09304047
AUT,2018,OFFROAD,Off-road transport,FFUEL,EUR_TCO2E_GT0,Above EUR 0 per tonne of CO2e,22.24558258
BEL,2018,OFFROAD,Off-road transport,FFUEL_BIOF,EUR_TCO2E_GT0,Above EUR 0 per tonne of CO2e,17.93113708
BEL,2018,OFFROAD,Off-road transport,FFUEL,EUR_TCO2E_GT0,Above EUR 0 per tonne of CO2e,17.93113708
DNK,2018,OFFROAD,Off-road transport,FFUEL_BIOF,EUR_TCO2E_GT0,Above EUR 0 per tonne of CO2e,43.60997391
DNK,2018,OFFROAD,Off-road transport,FFUEL,EUR_TCO2E_GT0,Above EUR 0 per tonne of CO2e,43.60997391
FRA,2018,OFFROAD,Off-road transport,FFUEL_BIOF,EUR_TCO2E_GT0,Above EUR 0 per tonne of CO2e,73.96460152
FRA,2018,OFFROAD,Off-road transport,FFUEL,EUR_TCO2E_GT0,Above EUR 0 per tonne of CO2e,73.96460152
DEU,2018,OFFROAD,Off-road transport,FFUEL_BIOF,EUR_TCO2E_GT0,Above EUR 0 per tonne of CO2e,66.35529709
DEU,2018,OFFROAD,Off-road transport,FFUEL,EUR_TCO2E_GT0,Above EUR 0 per tonne of CO2e,66.11079025
ITA,2018,OFFROAD,Off-road transport,FFUEL,EUR_TCO2E_GT0,Above EUR 0 per tonne of CO2e,64.67262268
ITA,2018,OFFROAD,Off-road transport,FFUEL_BIOF,EUR_TCO2E_GT0,Above EUR 0 per tonne of CO2e,64.67262268
NLD,2018,OFFROAD,Off-road transport,FFUEL,EUR_TCO2E_GT0,Above EUR 0 per tonne of CO2e,9.52645874
NLD,2018,OFFROAD,Off-road transport,FFUEL_BIOF,EUR_TCO2E_GT0,Above EUR 0 per tonne of CO2e,10.23551941
POL,2018,OFFROAD,Off-road transport,FFUEL,EUR_TCO2E_GT0,Above EUR 0 per tonne of CO2e,97.6707809
POL,2018,OFFROAD,Off-road transport,FFUEL_BIOF,EUR_TCO2E_GT0,Above EUR 0 per tonne of CO2e,97.6707809
ESP,2018,OFFROAD,Off-road transport,FFUEL_BIOF,EUR_TCO2E_GT0,Above EUR 0 per tonne of CO2e,64.55354309
ESP,2018,OFFROAD,Off-road transport,FFUEL,EUR_TCO2E_GT0,Above EUR 0 per tonne of CO2e,64.51477051
SWE,2018,OFFROAD,Off-road transport,FFUEL_BIOF,EUR_TCO2E_GT0,Above EUR 0 per tonne of CO2e,47.23107529
SWE,2018,OFFROAD,Off-road transport,FFUEL,EUR_TCO2E_GT0,Above EUR 0 per tonne of CO2e,47.23107529
GBR,2018,OFFROAD,Off-road transport,FFUEL_BIOF,EUR_TCO2E_GT0,Above EUR 0 per tonne of CO2e,51.65031815
GBR,2018,OFFROAD,Off-road transport,FFUEL,EUR_TCO2E_GT0,Above EUR 0 per tonne of CO2e,51.65031815
AUT,2018,OFFROAD,Off-road transport,FFUEL,EUR_TCO2E_GT5,Above EUR 5 per tonne of CO2e,22.24558258
AUT,2018,OFFROAD,Off-road transport,FFUEL_BIOF,EUR_TCO2E_GT5,Above EUR 5 per tonne of CO2e,22.09304047
BEL,2018,OFFROAD,Off-road transport,FFUEL_BIOF,EUR_TCO2E_GT5,Above EUR 5 per tonne of CO2e,1.765510559
BEL,2018,OFFROAD,Off-road transport,FFUEL,EUR_TCO2E_GT5,Above EUR 5 per tonne of CO2e,1.765510559
DNK,2018,OFFROAD,Off-road transport,FFUEL_BIOF,EUR_TCO2E_GT5,Above EUR 5 per tonne of CO2e,43.60997391
DNK,2018,OFFROAD,Off-road transport,FFUEL,EUR_TCO2E_GT5,Above EUR 5 per tonne of CO2e,43.60997391
FRA,2018,OFFROAD,Off-road transport,FFUEL,EUR_TCO2E_GT5,Above EUR 5 per tonne of CO2e,73.96460152
FRA,2018,OFFROAD,Off-road transport,FFUEL_BIOF,EUR_TCO2E_GT5,Above EUR 5 per tonne of CO2e,73.96460152
DEU,2018,OFFROAD,Off-road transport,FFUEL_BIOF,EUR_TCO2E_GT5,Above EUR 5 per tonne of CO2e,66.35529709
DEU,2018,OFFROAD,Off-road transport,FFUEL,EUR_TCO2E_GT5,Above EUR 5 per tonne of CO2e,66.11079025
ITA,2018,OFFROAD,Off-road transport,FFUEL_BIOF,EUR_TCO2E_GT5,Above EUR 5 per tonne of CO2e,60.46357346
ITA,2018,OFFROAD,Off-road transport,FFUEL,EUR_TCO2E_GT5,Above EUR 5 per tonne of CO2e,60.46357346
NLD,2018,OFFROAD,Off-road transport,FFUEL,EUR_TCO2E_GT5,Above EUR 5 per tonne of CO2e,9.52645874
NLD,2018,OFFROAD,Off-road transport,FFUEL_BIOF,EUR_TCO2E_GT5,Above EUR 5 per tonne of CO2e,10.23551941
POL,2018,OFFROAD,Off-road transport,FFUEL_BIOF,EUR_TCO2E_GT5,Above EUR 5 per tonne of CO2e,97.6707809
POL,2018,OFFROAD,Off-road transport,FFUEL,EUR_TCO2E_GT5,Above EUR 5 per tonne of CO2e,97.6707809
ESP,2018,OFFROAD,Off-road transport,FFUEL,EUR_TCO2E_GT5,Above EUR 5 per tonne of CO2e,64.51477051
ESP,2018,OFFROAD,Off-road transport,FFUEL_BIOF,EUR_TCO2E_GT5,Above EUR 5 per tonne of CO2e,64.55354309
SWE,2018,OFFROAD,Off-road transport,FFUEL_BIOF,EUR_TCO2E_GT5,Above EUR 5 per tonne of CO2e,47.23107529
SWE,2018,OFFROAD,Off-road transport,FFUEL,EUR_TCO2E_GT5,Above EUR 5 per tonne of CO2e,47.23107529
GBR,2018,OFFROAD,Off-road transport,FFUEL,EUR_TCO2E_GT5,Above EUR 5 per tonne of CO2e,51.65031815
GBR,2018,OFFROAD,Off-road transport,FFUEL_BIOF,EUR_TCO2E_GT5,Above EUR 5 per tonne of CO2e,51.65031815
AUT,2018,AGRIFISH,Agriculture & fisheries,FFUEL_BIOF,EUR_TCO2E_GT0,Above EUR 0 per tonne of CO2e,48.36545563
AUT,2018,AGRIFISH,Agriculture & fisheries,FFUEL_BIOF,EUR_TCO2E_GT120,Above EUR 120 per tonne of CO2e,22.17180634
AUT,2018,AGRIFISH,Agriculture & fisheries,FFUEL,EUR_TCO2E_GT30,Above EUR 30 per tonne of CO2e,99.13632905
AUT,2018,AGRIFISH,Agriculture & fisheries,FFUEL,EUR_TCO2E_GT120,Above EUR 120 per tonne of CO2e,45.84222794
AUT,2018,AGRIFISH,Agriculture & fisheries,FFUEL_BIOF,EUR_TCO2E_GT90,Above EUR 90 per tonne of CO2e,22.17180634
AUT,2018,AGRIFISH,Agriculture & fisheries,FFUEL_BIOF,EUR_TCO2E_GT60,Above EUR 60 per tonne of CO2e,22.43118286
AUT,2018,AGRIFISH,Agriculture & fisheries,FFUEL_BIOF,EUR_TCO2E_GT5,Above EUR 5 per tonne of CO2e,48.36545563
AUT,2018,AGRIFISH,Agriculture & fisheries,FFUEL_BIOF,EUR_TCO2E_GT30,Above EUR 30 per tonne of CO2e,47.94773865
AUT,2018,AGRIFISH,Agriculture & fisheries,FFUEL,EUR_TCO2E_GT60,Above EUR 60 per tonne of CO2e,46.37852478
AUT,2018,AGRIFISH,Agriculture & fisheries,FFUEL,EUR_TCO2E_GT90,Above EUR 90 per tonne of CO2e,45.84222794
DNK,2018,AGRIFISH,Agriculture & fisheries,FFUEL_BIOF,EUR_TCO2E_GT90,Above EUR 90 per tonne of CO2e,0.293769836
DNK,2018,AGRIFISH,Agriculture & fisheries,FFUEL,EUR_TCO2E_GT90,Above EUR 90 per tonne of CO2e,0.345489502
DNK,2018,AGRIFISH,Agriculture & fisheries,FFUEL_BIOF,EUR_TCO2E_GT30,Above EUR 30 per tonne of CO2e,1.005599976
DNK,2018,AGRIFISH,Agriculture & fisheries,FFUEL,EUR_TCO2E_GT30,Above EUR 30 per tonne of CO2e,1.182609558
DNK,2018,AGRIFISH,Agriculture & fisheries,FFUEL_BIOF,EUR_TCO2E_GT0,Above EUR 0 per tonne of CO2e,65.22842026
DNK,2018,AGRIFISH,Agriculture & fisheries,FFUEL_BIOF,EUR_TCO2E_GT120,Above EUR 120 per tonne of CO2e,0.293769836
DNK,2018,AGRIFISH,Agriculture & fisheries,FFUEL,EUR_TCO2E_GT60,Above EUR 60 per tonne of CO2e,0.345489502
DNK,2018,AGRIFISH,Agriculture & fisheries,FFUEL,EUR_TCO2E_GT5,Above EUR 5 per tonne of CO2e,76.30528259
DNK,2018,AGRIFISH,Agriculture & fisheries,FFUEL,EUR_TCO2E_GT0,Above EUR 0 per tonne of CO2e,76.30528259
DNK,2018,AGRIFISH,Agriculture & fisheries,FFUEL_BIOF,EUR_TCO2E_GT5,Above EUR 5 per tonne of CO2e,65.22842026
DNK,2018,AGRIFISH,Agriculture & fisheries,FFUEL,EUR_TCO2E_GT120,Above EUR 120 per tonne of CO2e,0.345489502
DNK,2018,AGRIFISH,Agriculture & fisheries,FFUEL_BIOF,EUR_TCO2E_GT60,Above EUR 60 per tonne of CO2e,0.293769836
FRA,2018,AGRIFISH,Agriculture & fisheries,FFUEL_BIOF,EUR_TCO2E_GT30,Above EUR 30 per tonne of CO2e,0.608200073
FRA,2018,AGRIFISH,Agriculture & fisheries,FFUEL,EUR_TCO2E_GT5,Above EUR 5 per tonne of CO2e,78.76379204
FRA,2018,AGRIFISH,Agriculture & fisheries,FFUEL_BIOF,EUR_TCO2E_GT90,Above EUR 90 per tonne of CO2e,0.492248535
FRA,2018,AGRIFISH,Agriculture & fisheries,FFUEL_BIOF,EUR_TCO2E_GT60,Above EUR 60 per tonne of CO2e,0.492248535
FRA,2018,AGRIFISH,Agriculture & fisheries,FFUEL,EUR_TCO2E_GT0,Above EUR 0 per tonne of CO2e,91.52289963
FRA,2018,AGRIFISH,Agriculture & fisheries,FFUEL,EUR_TCO2E_GT30,Above EUR 30 per tonne of CO2e,0.650993347
FRA,2018,AGRIFISH,Agriculture & fisheries,FFUEL_BIOF,EUR_TCO2E_GT120,Above EUR 120 per tonne of CO2e,0.492248535
FRA,2018,AGRIFISH,Agriculture & fisheries,FFUEL,EUR_TCO2E_GT120,Above EUR 120 per tonne of CO2e,0.526885986
FRA,2018,AGRIFISH,Agriculture & fisheries,FFUEL_BIOF,EUR_TCO2E_GT0,Above EUR 0 per tonne of CO2e,85.50667095
FRA,2018,AGRIFISH,Agriculture & fisheries,FFUEL,EUR_TCO2E_GT60,Above EUR 60 per tonne of CO2e,0.526885986
FRA,2018,AGRIFISH,Agriculture & fisheries,FFUEL,EUR_TCO2E_GT90,Above EUR 90 per tonne of CO2e,0.526885986
FRA,2018,AGRIFISH,Agriculture & fisheries,FFUEL_BIOF,EUR_TCO2E_GT5,Above EUR 5 per tonne of CO2e,73.58627892
DEU,2018,AGRIFISH,Agriculture & fisheries,FFUEL,EUR_TCO2E_GT120,Above EUR 120 per tonne of CO2e,82.82055855
DEU,2018,AGRIFISH,Agriculture & fisheries,FFUEL_BIOF,EUR_TCO2E_GT60,Above EUR 60 per tonne of CO2e,67.28275681
DEU,2018,AGRIFISH,Agriculture & fisheries,FFUEL_BIOF,EUR_TCO2E_GT90,Above EUR 90 per tonne of CO2e,67.28275681
DEU,2018,AGRIFISH,Agriculture & fisheries,FFUEL,EUR_TCO2E_GT90,Above EUR 90 per tonne of CO2e,82.82055855
DEU,2018,AGRIFISH,Agriculture & fisheries,FFUEL_BIOF,EUR_TCO2E_GT120,Above EUR 120 per tonne of CO2e,67.28275681
DEU,2018,AGRIFISH,Agriculture & fisheries,FFUEL_BIOF,EUR_TCO2E_GT0,Above EUR 0 per tonne of CO2e,80.58418274
DEU,2018,AGRIFISH,Agriculture & fisheries,FFUEL,EUR_TCO2E_GT30,Above EUR 30 per tonne of CO2e,82.82055855
DEU,2018,AGRIFISH,Agriculture & fisheries,FFUEL_BIOF,EUR_TCO2E_GT5,Above EUR 5 per tonne of CO2e,80.58418274
DEU,2018,AGRIFISH,Agriculture & fisheries,FFUEL_BIOF,EUR_TCO2E_GT30,Above EUR 30 per tonne of CO2e,67.28275681
DEU,2018,AGRIFISH,Agriculture & fisheries,FFUEL,EUR_TCO2E_GT60,Above EUR 60 per tonne of CO2e,82.82055855
ITA,2018,AGRIFISH,Agriculture & fisheries,FFUEL_BIOF,EUR_TCO2E_GT90,Above EUR 90 per tonne of CO2e,0.120300293
ITA,2018,AGRIFISH,Agriculture & fisheries,FFUEL_BIOF,EUR_TCO2E_GT120,Above EUR 120 per tonne of CO2e,0.120300293
ITA,2018,AGRIFISH,Agriculture & fisheries,FFUEL,EUR_TCO2E_GT0,Above EUR 0 per tonne of CO2e,92.9256835
ITA,2018,AGRIFISH,Agriculture & fisheries,FFUEL,EUR_TCO2E_GT120,Above EUR 120 per tonne of CO2e,0.122901917
ITA,2018,AGRIFISH,Agriculture & fisheries,FFUEL_BIOF,EUR_TCO2E_GT60,Above EUR 60 per tonne of CO2e,0.131484985
ITA,2018,AGRIFISH,Agriculture & fisheries,FFUEL,EUR_TCO2E_GT5,Above EUR 5 per tonne of CO2e,92.9256835
ITA,2018,AGRIFISH,Agriculture & fisheries,FFUEL_BIOF,EUR_TCO2E_GT5,Above EUR 5 per tonne of CO2e,90.9639082
ITA,2018,AGRIFISH,Agriculture & fisheries,FFUEL,EUR_TCO2E_GT90,Above EUR 90 per tonne of CO2e,0.122901917
ITA,2018,AGRIFISH,Agriculture & fisheries,FFUEL_BIOF,EUR_TCO2E_GT30,Above EUR 30 per tonne of CO2e,86.05083942
ITA,2018,AGRIFISH,Agriculture & fisheries,FFUEL_BIOF,EUR_TCO2E_GT0,Above EUR 0 per tonne of CO2e,90.9639082
ITA,2018,AGRIFISH,Agriculture & fisheries,FFUEL,EUR_TCO2E_GT60,Above EUR 60 per tonne of CO2e,0.13433075
ITA,2018,AGRIFISH,Agriculture & fisheries,FFUEL,EUR_TCO2E_GT30,Above EUR 30 per tonne of CO2e,87.90665627
NLD,2018,AGRIFISH,Agriculture & fisheries,FFUEL_BIOF,EUR_TCO2E_GT5,Above EUR 5 per tonne of CO2e,85.00670815
NLD,2018,AGRIFISH,Agriculture & fisheries,FFUEL_BIOF,EUR_TCO2E_GT120,Above EUR 120 per tonne of CO2e,16.02983856
NLD,2018,AGRIFISH,Agriculture & fisheries,FFUEL,EUR_TCO2E_GT0,Above EUR 0 per tonne of CO2e,93.2901659
NLD,2018,AGRIFISH,Agriculture & fisheries,FFUEL,EUR_TCO2E_GT60,Above EUR 60 per tonne of CO2e,18.05039215
NLD,2018,AGRIFISH,Agriculture & fisheries,FFUEL,EUR_TCO2E_GT5,Above EUR 5 per tonne of CO2e,93.2901659
NLD,2018,AGRIFISH,Agriculture & fisheries,FFUEL_BIOF,EUR_TCO2E_GT90,Above EUR 90 per tonne of CO2e,17.07274628
NLD,2018,AGRIFISH,Agriculture & fisheries,FFUEL,EUR_TCO2E_GT30,Above EUR 30 per tonne of CO2e,35.93038177
NLD,2018,AGRIFISH,Agriculture & fisheries,FFUEL_BIOF,EUR_TCO2E_GT0,Above EUR 0 per tonne of CO2e,85.00670815
NLD,2018,AGRIFISH,Agriculture & fisheries,FFUEL,EUR_TCO2E_GT120,Above EUR 120 per tonne of CO2e,16.84405518
NLD,2018,AGRIFISH,Agriculture & fisheries,FFUEL_BIOF,EUR_TCO2E_GT30,Above EUR 30 per tonne of CO2e,33.25131989
NLD,2018,AGRIFISH,Agriculture & fisheries,FFUEL,EUR_TCO2E_GT90,Above EUR 90 per tonne of CO2e,17.99989319
NLD,2018,AGRIFISH,Agriculture & fisheries,FFUEL_BIOF,EUR_TCO2E_GT60,Above EUR 60 per tonne of CO2e,17.11830902
POL,2018,AGRIFISH,Agriculture & fisheries,FFUEL_BIOF,EUR_TCO2E_GT60,Above EUR 60 per tonne of CO2e,52.99408722
POL,2018,AGRIFISH,Agriculture & fisheries,FFUEL,EUR_TCO2E_GT5,Above EUR 5 per tonne of CO2e,64.42622757
POL,2018,AGRIFISH,Agriculture & fisheries,FFUEL,EUR_TCO2E_GT90,Above EUR 90 per tonne of CO2e,62.74695969
POL,2018,AGRIFISH,Agriculture & fisheries,FFUEL,EUR_TCO2E_GT120,Above EUR 120 per tonne of CO2e,62.74695969
POL,2018,AGRIFISH,Agriculture & fisheries,FFUEL_BIOF,EUR_TCO2E_GT5,Above EUR 5 per tonne of CO2e,53.01377487
POL,2018,AGRIFISH,Agriculture & fisheries,FFUEL_BIOF,EUR_TCO2E_GT90,Above EUR 90 per tonne of CO2e,51.63196945
POL,2018,AGRIFISH,Agriculture & fisheries,FFUEL_BIOF,EUR_TCO2E_GT120,Above EUR 120 per tonne of CO2e,51.63196945
POL,2018,AGRIFISH,Agriculture & fisheries,FFUEL_BIOF,EUR_TCO2E_GT0,Above EUR 0 per tonne of CO2e,53.24795151
POL,2018,AGRIFISH,Agriculture & fisheries,FFUEL,EUR_TCO2E_GT0,Above EUR 0 per tonne of CO2e,64.71081924
POL,2018,AGRIFISH,Agriculture & fisheries,FFUEL,EUR_TCO2E_GT60,Above EUR 60 per tonne of CO2e,64.4023056
POL,2018,AGRIFISH,Agriculture & fisheries,FFUEL_BIOF,EUR_TCO2E_GT30,Above EUR 30 per tonne of CO2e,52.99408722
POL,2018,AGRIFISH,Agriculture & fisheries,FFUEL,EUR_TCO2E_GT30,Above EUR 30 per tonne of CO2e,64.4023056
ESP,2018,AGRIFISH,Agriculture & fisheries,FFUEL_BIOF,EUR_TCO2E_GT5,Above EUR 5 per tonne of CO2e,82.60877037
ESP,2018,AGRIFISH,Agriculture & fisheries,FFUEL_BIOF,EUR_TCO2E_GT90,Above EUR 90 per tonne of CO2e,0.75819397
ESP,2018,AGRIFISH,Agriculture & fisheries,FFUEL,EUR_TCO2E_GT120,Above EUR 120 per tonne of CO2e,0.769271851
ESP,2018,AGRIFISH,Agriculture & fisheries,FFUEL_BIOF,EUR_TCO2E_GT30,Above EUR 30 per tonne of CO2e,0.75819397
ESP,2018,AGRIFISH,Agriculture & fisheries,FFUEL,EUR_TCO2E_GT90,Above EUR 90 per tonne of CO2e,0.769271851
ESP,2018,AGRIFISH,Agriculture & fisheries,FFUEL,EUR_TCO2E_GT60,Above EUR 60 per tonne of CO2e,0.769271851
ESP,2018,AGRIFISH,Agriculture & fisheries,FFUEL,EUR_TCO2E_GT30,Above EUR 30 per tonne of CO2e,0.769271851
ESP,2018,AGRIFISH,Agriculture & fisheries,FFUEL_BIOF,EUR_TCO2E_GT60,Above EUR 60 per tonne of CO2e,0.75819397
ESP,2018,AGRIFISH,Agriculture & fisheries,FFUEL_BIOF,EUR_TCO2E_GT120,Above EUR 120 per tonne of CO2e,0.75819397
ESP,2018,AGRIFISH,Agriculture & fisheries,FFUEL,EUR_TCO2E_GT0,Above EUR 0 per tonne of CO2e,86.85048294
ESP,2018,AGRIFISH,Agriculture & fisheries,FFUEL_BIOF,EUR_TCO2E_GT0,Above EUR 0 per tonne of CO2e,82.60877037
ESP,2018,AGRIFISH,Agriculture & fisheries,FFUEL,EUR_TCO2E_GT5,Above EUR 5 per tonne of CO2e,86.85048294
SWE,2018,AGRIFISH,Agriculture & fisheries,FFUEL_BIOF,EUR_TCO2E_GT30,Above EUR 30 per tonne of CO2e,58.94187927
SWE,2018,AGRIFISH,Agriculture & fisheries,FFUEL,EUR_TCO2E_GT90,Above EUR 90 per tonne of CO2e,98.55878842
SWE,2018,AGRIFISH,Agriculture & fisheries,FFUEL_BIOF,EUR_TCO2E_GT60,Above EUR 60 per tonne of CO2e,58.94187927
SWE,2018,AGRIFISH,Agriculture & fisheries,FFUEL_BIOF,EUR_TCO2E_GT90,Above EUR 90 per tonne of CO2e,58.94187927
SWE,2018,AGRIFISH,Agriculture & fisheries,FFUEL,EUR_TCO2E_GT60,Above EUR 60 per tonne of CO2e,98.55878842
SWE,2018,AGRIFISH,Agriculture & fisheries,FFUEL_BIOF,EUR_TCO2E_GT5,Above EUR 5 per tonne of CO2e,58.94187927
SWE,2018,AGRIFISH,Agriculture & fisheries,FFUEL,EUR_TCO2E_GT5,Above EUR 5 per tonne of CO2e,98.55878842
SWE,2018,AGRIFISH,Agriculture & fisheries,FFUEL,EUR_TCO2E_GT30,Above EUR 30 per tonne of CO2e,98.55878842
SWE,2018,AGRIFISH,Agriculture & fisheries,FFUEL,EUR_TCO2E_GT0,Above EUR 0 per tonne of CO2e,98.55878842
SWE,2018,AGRIFISH,Agriculture & fisheries,FFUEL_BIOF,EUR_TCO2E_GT0,Above EUR 0 per tonne of CO2e,58.94187927
GBR,2018,AGRIFISH,Agriculture & fisheries,FFUEL,EUR_TCO2E_GT0,Above EUR 0 per tonne of CO2e,84.65086937
GBR,2018,AGRIFISH,Agriculture & fisheries,FFUEL_BIOF,EUR_TCO2E_GT60,Above EUR 60 per tonne of CO2e,1.118865967
GBR,2018,AGRIFISH,Agriculture & fisheries,FFUEL_BIOF,EUR_TCO2E_GT5,Above EUR 5 per tonne of CO2e,70.11811829
GBR,2018,AGRIFISH,Agriculture & fisheries,FFUEL_BIOF,EUR_TCO2E_GT30,Above EUR 30 per tonne of CO2e,57.55381393
GBR,2018,AGRIFISH,Agriculture & fisheries,FFUEL,EUR_TCO2E_GT60,Above EUR 60 per tonne of CO2e,1.350761414
GBR,2018,AGRIFISH,Agriculture & fisheries,FFUEL,EUR_TCO2E_GT5,Above EUR 5 per tonne of CO2e,84.65086937
GBR,2018,AGRIFISH,Agriculture & fisheries,FFUEL,EUR_TCO2E_GT30,Above EUR 30 per tonne of CO2e,69.4824791
GBR,2018,AGRIFISH,Agriculture & fisheries,FFUEL_BIOF,EUR_TCO2E_GT0,Above EUR 0 per tonne of CO2e,70.11811829
AUT,2018,ELEC,Electricity,FFUEL_BIOF,EUR_TCO2E_GT30,Above EUR 30 per tonne of CO2e,0.029930115
AUT,2018,ELEC,Electricity,FFUEL_BIOF,EUR_TCO2E_GT5,Above EUR 5 per tonne of CO2e,68.52275276
AUT,2018,ELEC,Electricity,FFUEL_BIOF,EUR_TCO2E_GT0,Above EUR 0 per tonne of CO2e,68.52275276
AUT,2018,ELEC,Electricity,FFUEL,EUR_TCO2E_GT30,Above EUR 30 per tonne of CO2e,0.043670654
BEL,2018,ELEC,Electricity,FFUEL_BIOF,EUR_TCO2E_GT5,Above EUR 5 per tonne of CO2e,68.94510078
BEL,2018,ELEC,Electricity,FFUEL,EUR_TCO2E_GT0,Above EUR 0 per tonne of CO2e,90.01719284
BEL,2018,ELEC,Electricity,FFUEL_BIOF,EUR_TCO2E_GT0,Above EUR 0 per tonne of CO2e,68.94510078
BEL,2018,ELEC,Electricity,FFUEL,EUR_TCO2E_GT5,Above EUR 5 per tonne of CO2e,90.01719284
DNK,2018,ELEC,Electricity,FFUEL_BIOF,EUR_TCO2E_GT0,Above EUR 0 per tonne of CO2e,64.41374207
DNK,2018,ELEC,Electricity,FFUEL_BIOF,EUR_TCO2E_GT5,Above EUR 5 per tonne of CO2e,64.41374207
FRA,2018,ELEC,Electricity,FFUEL_BIOF,EUR_TCO2E_GT5,Above EUR 5 per tonne of CO2e,86.26944828
FRA,2018,ELEC,Electricity,FFUEL_BIOF,EUR_TCO2E_GT0,Above EUR 0 per tonne of CO2e,86.26944828
DEU,2018,ELEC,Electricity,FFUEL_BIOF,EUR_TCO2E_GT5,Above EUR 5 per tonne of CO2e,88.94717503
DEU,2018,ELEC,Electricity,FFUEL_BIOF,EUR_TCO2E_GT0,Above EUR 0 per tonne of CO2e,88.94717503
ITA,2018,ELEC,Electricity,FFUEL_BIOF,EUR_TCO2E_GT5,Above EUR 5 per tonne of CO2e,83.78973198
ITA,2018,ELEC,Electricity,FFUEL_BIOF,EUR_TCO2E_GT0,Above EUR 0 per tonne of CO2e,83.78973198
NLD,2018,ELEC,Electricity,FFUEL_BIOF,EUR_TCO2E_GT0,Above EUR 0 per tonne of CO2e,97.16171312
NLD,2018,ELEC,Electricity,FFUEL_BIOF,EUR_TCO2E_GT5,Above EUR 5 per tonne of CO2e,97.16171312
POL,2018,ELEC,Electricity,FFUEL_BIOF,EUR_TCO2E_GT0,Above EUR 0 per tonne of CO2e,96.74932623
POL,2018,ELEC,Electricity,FFUEL_BIOF,EUR_TCO2E_GT5,Above EUR 5 per tonne of CO2e,96.74932623
ESP,2018,ELEC,Electricity,FFUEL_BIOF,EUR_TCO2E_GT0,Above EUR 0 per tonne of CO2e,92.97216606
ESP,2018,ELEC,Electricity,FFUEL_BIOF,EUR_TCO2E_GT5,Above EUR 5 per tonne of CO2e,92.97216606
SWE,2018,ELEC,Electricity,FFUEL_BIOF,EUR_TCO2E_GT0,Above EUR 0 per tonne of CO2e,32.61869049
SWE,2018,ELEC,Electricity,FFUEL_BIOF,EUR_TCO2E_GT5,Above EUR 5 per tonne of CO2e,32.61869049
GBR,2018,ELEC,Electricity,FFUEL_BIOF,EUR_TCO2E_GT0,Above EUR 0 per tonne of CO2e,78.4659481
GBR,2018,ELEC,Electricity,FFUEL,EUR_TCO2E_GT30,Above EUR 30 per tonne of CO2e,97.22592354
GBR,2018,ELEC,Electricity,FFUEL_BIOF,EUR_TCO2E_GT5,Above EUR 5 per tonne of CO2e,78.4659481
GBR,2018,ELEC,Electricity,FFUEL_BIOF,EUR_TCO2E_GT30,Above EUR 30 per tonne of CO2e,76.2892437
AUT,2018,ENE,Energy use sectors,FFUEL_BIOF,EUR_TCO2E_GT120,Above EUR 120 per tonne of CO2e,28.47520447
AUT,2018,ENE,Energy use sectors,FFUEL,EUR_TCO2E_GT120,Above EUR 120 per tonne of CO2e,36.86636734
BEL,2018,ENE,Energy use sectors,FFUEL,EUR_TCO2E_GT120,Above EUR 120 per tonne of CO2e,25.54930115
BEL,2018,ENE,Energy use sectors,FFUEL_BIOF,EUR_TCO2E_GT120,Above EUR 120 per tonne of CO2e,23.80957031
DNK,2018,ENE,Energy use sectors,FFUEL,EUR_TCO2E_GT120,Above EUR 120 per tonne of CO2e,54.26858902
DNK,2018,ENE,Energy use sectors,FFUEL_BIOF,EUR_TCO2E_GT120,Above EUR 120 per tonne of CO2e,35.6544342
FRA,2018,ENE,Energy use sectors,FFUEL_BIOF,EUR_TCO2E_GT120,Above EUR 120 per tonne of CO2e,31.33731842
FRA,2018,ENE,Energy use sectors,FFUEL,EUR_TCO2E_GT120,Above EUR 120 per tonne of CO2e,37.3273468
DEU,2018,ENE,Energy use sectors,FFUEL_BIOF,EUR_TCO2E_GT120,Above EUR 120 per tonne of CO2e,20.15336609
DEU,2018,ENE,Energy use sectors,FFUEL,EUR_TCO2E_GT120,Above EUR 120 per tonne of CO2e,21.68692017
ITA,2018,ENE,Energy use sectors,FFUEL,EUR_TCO2E_GT120,Above EUR 120 per tonne of CO2e,28.83158112
ITA,2018,ENE,Energy use sectors,FFUEL_BIOF,EUR_TCO2E_GT120,Above EUR 120 per tonne of CO2e,25.64325714
NLD,2018,ENE,Energy use sectors,FFUEL,EUR_TCO2E_GT120,Above EUR 120 per tonne of CO2e,35.27577972
NLD,2018,ENE,Energy use sectors,FFUEL_BIOF,EUR_TCO2E_GT120,Above EUR 120 per tonne of CO2e,33.86159515
POL,2018,ENE,Energy use sectors,FFUEL_BIOF,EUR_TCO2E_GT120,Above EUR 120 per tonne of CO2e,18.87311554
POL,2018,ENE,Energy use sectors,FFUEL,EUR_TCO2E_GT120,Above EUR 120 per tonne of CO2e,20.18505859
ESP,2018,ENE,Energy use sectors,FFUEL,EUR_TCO2E_GT120,Above EUR 120 per tonne of CO2e,31.82615662
ESP,2018,ENE,Energy use sectors,FFUEL_BIOF,EUR_TCO2E_GT120,Above EUR 120 per tonne of CO2e,29.9993515
SWE,2018,ENE,Energy use sectors,FFUEL,EUR_TCO2E_GT120,Above EUR 120 per tonne of CO2e,44.63664246
SWE,2018,ENE,Energy use sectors,FFUEL_BIOF,EUR_TCO2E_GT120,Above EUR 120 per tonne of CO2e,21.71742249
GBR,2018,ENE,Energy use sectors,FFUEL,EUR_TCO2E_GT120,Above EUR 120 per tonne of CO2e,31.18949127
GBR,2018,ENE,Energy use sectors,FFUEL_BIOF,EUR_TCO2E_GT120,Above EUR 120 per tonne of CO2e,28.45346832
AUT,2018,ENE,Energy use sectors,FFUEL,EUR_TCO2E_GT90,Above EUR 90 per tonne of CO2e,36.86636734
AUT,2018,ENE,Energy use sectors,FFUEL_BIOF,EUR_TCO2E_GT90,Above EUR 90 per tonne of CO2e,28.47520447
BEL,2018,ENE,Energy use sectors,FFUEL_BIOF,EUR_TCO2E_GT90,Above EUR 90 per tonne of CO2e,23.80957031
BEL,2018,ENE,Energy use sectors,FFUEL,EUR_TCO2E_GT90,Above EUR 90 per tonne of CO2e,25.54930115
DNK,2018,ENE,Energy use sectors,FFUEL_BIOF,EUR_TCO2E_GT90,Above EUR 90 per tonne of CO2e,39.14495468
DNK,2018,ENE,Energy use sectors,FFUEL,EUR_TCO2E_GT90,Above EUR 90 per tonne of CO2e,59.73465729
FRA,2018,ENE,Energy use sectors,FFUEL_BIOF,EUR_TCO2E_GT90,Above EUR 90 per tonne of CO2e,31.33731842
FRA,2018,ENE,Energy use sectors,FFUEL,EUR_TCO2E_GT90,Above EUR 90 per tonne of CO2e,37.3273468
DEU,2018,ENE,Energy use sectors,FFUEL,EUR_TCO2E_GT90,Above EUR 90 per tonne of CO2e,21.68692017
DEU,2018,ENE,Energy use sectors,FFUEL_BIOF,EUR_TCO2E_GT90,Above EUR 90 per tonne of CO2e,20.15336609
ITA,2018,ENE,Energy use sectors,FFUEL,EUR_TCO2E_GT90,Above EUR 90 per tonne of CO2e,42.29992294
ITA,2018,ENE,Energy use sectors,FFUEL_BIOF,EUR_TCO2E_GT90,Above EUR 90 per tonne of CO2e,37.16199875
NLD,2018,ENE,Energy use sectors,FFUEL_BIOF,EUR_TCO2E_GT90,Above EUR 90 per tonne of CO2e,34.34362793
NLD,2018,ENE,Energy use sectors,FFUEL,EUR_TCO2E_GT90,Above EUR 90 per tonne of CO2e,35.79434204
POL,2018,ENE,Energy use sectors,FFUEL,EUR_TCO2E_GT90,Above EUR 90 per tonne of CO2e,20.47106934
POL,2018,ENE,Energy use sectors,FFUEL_BIOF,EUR_TCO2E_GT90,Above EUR 90 per tonne of CO2e,19.13163757
ESP,2018,ENE,Energy use sectors,FFUEL,EUR_TCO2E_GT90,Above EUR 90 per tonne of CO2e,31.82615662
ESP,2018,ENE,Energy use sectors,FFUEL_BIOF,EUR_TCO2E_GT90,Above EUR 90 per tonne of CO2e,29.9993515
SWE,2018,ENE,Energy use sectors,FFUEL_BIOF,EUR_TCO2E_GT90,Above EUR 90 per tonne of CO2e,23.08822632
SWE,2018,ENE,Energy use sectors,FFUEL,EUR_TCO2E_GT90,Above EUR 90 per tonne of CO2e,47.89143753
GBR,2018,ENE,Energy use sectors,FFUEL,EUR_TCO2E_GT90,Above EUR 90 per tonne of CO2e,31.18949127
GBR,2018,ENE,Energy use sectors,FFUEL_BIOF,EUR_TCO2E_GT90,Above EUR 90 per tonne of CO2e,28.45346832
AUT,2018,ENE,Energy use sectors,FFUEL_BIOF,EUR_TCO2E_GT60,Above EUR 60 per tonne of CO2e,28.51335907
AUT,2018,ENE,Energy use sectors,FFUEL,EUR_TCO2E_GT60,Above EUR 60 per tonne of CO2e,36.91858292
BEL,2018,ENE,Energy use sectors,FFUEL_BIOF,EUR_TCO2E_GT60,Above EUR 60 per tonne of CO2e,23.80957031
BEL,2018,ENE,Energy use sectors,FFUEL,EUR_TCO2E_GT60,Above EUR 60 per tonne of CO2e,25.54930115
DNK,2018,ENE,Energy use sectors,FFUEL_BIOF,EUR_TCO2E_GT60,Above EUR 60 per tonne of CO2e,39.16878891
DNK,2018,ENE,Energy use sectors,FFUEL,EUR_TCO2E_GT60,Above EUR 60 per tonne of CO2e,59.77198792
FRA,2018,ENE,Energy use sectors,FFUEL,EUR_TCO2E_GT60,Above EUR 60 per tonne of CO2e,39.11351776
FRA,2018,ENE,Energy use sectors,FFUEL_BIOF,EUR_TCO2E_GT60,Above EUR 60 per tonne of CO2e,32.81509399
DEU,2018,ENE,Energy use sectors,FFUEL,EUR_TCO2E_GT60,Above EUR 60 per tonne of CO2e,21.93896484
DEU,2018,ENE,Energy use sectors,FFUEL_BIOF,EUR_TCO2E_GT60,Above EUR 60 per tonne of CO2e,20.37612152
ITA,2018,ENE,Energy use sectors,FFUEL,EUR_TCO2E_GT60,Above EUR 60 per tonne of CO2e,43.64404678
ITA,2018,ENE,Energy use sectors,FFUEL_BIOF,EUR_TCO2E_GT60,Above EUR 60 per tonne of CO2e,38.31155396
NLD,2018,ENE,Energy use sectors,FFUEL,EUR_TCO2E_GT60,Above EUR 60 per tonne of CO2e,36.24071884
NLD,2018,ENE,Energy use sectors,FFUEL_BIOF,EUR_TCO2E_GT60,Above EUR 60 per tonne of CO2e,34.75856781
POL,2018,ENE,Energy use sectors,FFUEL,EUR_TCO2E_GT60,Above EUR 60 per tonne of CO2e,22.2924118
POL,2018,ENE,Energy use sectors,FFUEL_BIOF,EUR_TCO2E_GT60,Above EUR 60 per tonne of CO2e,20.77792358
ESP,2018,ENE,Energy use sectors,FFUEL_BIOF,EUR_TCO2E_GT60,Above EUR 60 per tonne of CO2e,29.9993515
ESP,2018,ENE,Energy use sectors,FFUEL,EUR_TCO2E_GT60,Above EUR 60 per tonne of CO2e,31.82615662
SWE,2018,ENE,Energy use sectors,FFUEL,EUR_TCO2E_GT60,Above EUR 60 per tonne of CO2e,48.09096146
SWE,2018,ENE,Energy use sectors,FFUEL_BIOF,EUR_TCO2E_GT60,Above EUR 60 per tonne of CO2e,23.17225647
GBR,2018,ENE,Energy use sectors,FFUEL,EUR_TCO2E_GT60,Above EUR 60 per tonne of CO2e,31.60903168
GBR,2018,ENE,Energy use sectors,FFUEL_BIOF,EUR_TCO2E_GT60,Above EUR 60 per tonne of CO2e,28.8237381
AUT,2018,ENE,Energy use sectors,FFUEL,EUR_TCO2E_GT30,Above EUR 30 per tonne of CO2e,63.81949997
AUT,2018,ENE,Energy use sectors,FFUEL_BIOF,EUR_TCO2E_GT30,Above EUR 30 per tonne of CO2e,48.17105103
BEL,2018,ENE,Energy use sectors,FFUEL_BIOF,EUR_TCO2E_GT30,Above EUR 30 per tonne of CO2e,23.8134079
BEL,2018,ENE,Energy use sectors,FFUEL,EUR_TCO2E_GT30,Above EUR 30 per tonne of CO2e,25.55365753
DNK,2018,ENE,Energy use sectors,FFUEL,EUR_TCO2E_GT30,Above EUR 30 per tonne of CO2e,59.87206268
DNK,2018,ENE,Energy use sectors,FFUEL_BIOF,EUR_TCO2E_GT30,Above EUR 30 per tonne of CO2e,39.23269653
FRA,2018,ENE,Energy use sectors,FFUEL_BIOF,EUR_TCO2E_GT30,Above EUR 30 per tonne of CO2e,51.62602234
FRA,2018,ENE,Energy use sectors,FFUEL,EUR_TCO2E_GT30,Above EUR 30 per tonne of CO2e,59.21593094
DEU,2018,ENE,Energy use sectors,FFUEL_BIOF,EUR_TCO2E_GT30,Above EUR 30 per tonne of CO2e,21.83532715
DEU,2018,ENE,Energy use sectors,FFUEL,EUR_TCO2E_GT30,Above EUR 30 per tonne of CO2e,23.59003448
ITA,2018,ENE,Energy use sectors,FFUEL_BIOF,EUR_TCO2E_GT30,Above EUR 30 per tonne of CO2e,40.42166519
ITA,2018,ENE,Energy use sectors,FFUEL,EUR_TCO2E_GT30,Above EUR 30 per tonne of CO2e,46.11130905
NLD,2018,ENE,Energy use sectors,FFUEL,EUR_TCO2E_GT30,Above EUR 30 per tonne of CO2e,38.9821167
NLD,2018,ENE,Energy use sectors,FFUEL_BIOF,EUR_TCO2E_GT30,Above EUR 30 per tonne of CO2e,37.30690384
POL,2018,ENE,Energy use sectors,FFUEL_BIOF,EUR_TCO2E_GT30,Above EUR 30 per tonne of CO2e,22.2855835
POL,2018,ENE,Energy use sectors,FFUEL,EUR_TCO2E_GT30,Above EUR 30 per tonne of CO2e,23.96038818
ESP,2018,ENE,Energy use sectors,FFUEL,EUR_TCO2E_GT30,Above EUR 30 per tonne of CO2e,36.69151688
ESP,2018,ENE,Energy use sectors,FFUEL_BIOF,EUR_TCO2E_GT30,Above EUR 30 per tonne of CO2e,34.35567474
SWE,2018,ENE,Energy use sectors,FFUEL,EUR_TCO2E_GT30,Above EUR 30 per tonne of CO2e,49.76449966
SWE,2018,ENE,Energy use sectors,FFUEL_BIOF,EUR_TCO2E_GT30,Above EUR 30 per tonne of CO2e,23.87709808
GBR,2018,ENE,Energy use sectors,FFUEL,EUR_TCO2E_GT30,Above EUR 30 per tonne of CO2e,53.89342117
GBR,2018,ENE,Energy use sectors,FFUEL_BIOF,EUR_TCO2E_GT30,Above EUR 30 per tonne of CO2e,48.49084854
AUT,2018,ENE,Energy use sectors,FFUEL_BIOF,EUR_TCO2E_GT0,Above EUR 0 per tonne of CO2e,68.10640907
AUT,2018,ENE,Energy use sectors,FFUEL,EUR_TCO2E_GT0,Above EUR 0 per tonne of CO2e,91.10040188
BEL,2018,ENE,Energy use sectors,FFUEL,EUR_TCO2E_GT0,Above EUR 0 per tonne of CO2e,83.93894768
BEL,2018,ENE,Energy use sectors,FFUEL_BIOF,EUR_TCO2E_GT0,Above EUR 0 per tonne of CO2e,75.25567245
DNK,2018,ENE,Energy use sectors,FFUEL,EUR_TCO2E_GT0,Above EUR 0 per tonne of CO2e,93.88664722
DNK,2018,ENE,Energy use sectors,FFUEL_BIOF,EUR_TCO2E_GT0,Above EUR 0 per tonne of CO2e,61.25829697
FRA,2018,ENE,Energy use sectors,FFUEL,EUR_TCO2E_GT0,Above EUR 0 per tonne of CO2e,91.79823589
FRA,2018,ENE,Energy use sectors,FFUEL_BIOF,EUR_TCO2E_GT0,Above EUR 0 per tonne of CO2e,78.58267784
DEU,2018,ENE,Energy use sectors,FFUEL,EUR_TCO2E_GT0,Above EUR 0 per tonne of CO2e,97.17447758
DEU,2018,ENE,Energy use sectors,FFUEL_BIOF,EUR_TCO2E_GT0,Above EUR 0 per tonne of CO2e,86.86876774
ITA,2018,ENE,Energy use sectors,FFUEL,EUR_TCO2E_GT0,Above EUR 0 per tonne of CO2e,98.30970979
ITA,2018,ENE,Energy use sectors,FFUEL_BIOF,EUR_TCO2E_GT0,Above EUR 0 per tonne of CO2e,85.06413555
NLD,2018,ENE,Energy use sectors,FFUEL_BIOF,EUR_TCO2E_GT0,Above EUR 0 per tonne of CO2e,87.37845325
NLD,2018,ENE,Energy use sectors,FFUEL,EUR_TCO2E_GT0,Above EUR 0 per tonne of CO2e,92.84724092
POL,2018,ENE,Energy use sectors,FFUEL_BIOF,EUR_TCO2E_GT0,Above EUR 0 per tonne of CO2e,81.83287239
POL,2018,ENE,Energy use sectors,FFUEL,EUR_TCO2E_GT0,Above EUR 0 per tonne of CO2e,89.83959675
ESP,2018,ENE,Energy use sectors,FFUEL_BIOF,EUR_TCO2E_GT0,Above EUR 0 per tonne of CO2e,83.80521202
ESP,2018,ENE,Energy use sectors,FFUEL,EUR_TCO2E_GT0,Above EUR 0 per tonne of CO2e,92.29830217
SWE,2018,ENE,Energy use sectors,FFUEL,EUR_TCO2E_GT0,Above EUR 0 per tonne of CO2e,91.01923943
SWE,2018,ENE,Energy use sectors,FFUEL_BIOF,EUR_TCO2E_GT0,Above EUR 0 per tonne of CO2e,41.25214386
GBR,2018,ENE,Energy use sectors,FFUEL,EUR_TCO2E_GT0,Above EUR 0 per tonne of CO2e,79.65555
GBR,2018,ENE,Energy use sectors,FFUEL_BIOF,EUR_TCO2E_GT0,Above EUR 0 per tonne of CO2e,71.22724152
AUT,2018,ENE,Energy use sectors,FFUEL_BIOF,EUR_TCO2E_GT5,Above EUR 5 per tonne of CO2e,68.10640907
AUT,2018,ENE,Energy use sectors,FFUEL,EUR_TCO2E_GT5,Above EUR 5 per tonne of CO2e,91.10040188
BEL,2018,ENE,Energy use sectors,FFUEL,EUR_TCO2E_GT5,Above EUR 5 per tonne of CO2e,69.25703812
BEL,2018,ENE,Energy use sectors,FFUEL_BIOF,EUR_TCO2E_GT5,Above EUR 5 per tonne of CO2e,62.31969833
DNK,2018,ENE,Energy use sectors,FFUEL_BIOF,EUR_TCO2E_GT5,Above EUR 5 per tonne of CO2e,61.25829697
DNK,2018,ENE,Energy use sectors,FFUEL,EUR_TCO2E_GT5,Above EUR 5 per tonne of CO2e,93.88664722
FRA,2018,ENE,Energy use sectors,FFUEL_BIOF,EUR_TCO2E_GT5,Above EUR 5 per tonne of CO2e,78.23460579
FRA,2018,ENE,Energy use sectors,FFUEL,EUR_TCO2E_GT5,Above EUR 5 per tonne of CO2e,91.37752533
DEU,2018,ENE,Energy use sectors,FFUEL_BIOF,EUR_TCO2E_GT5,Above EUR 5 per tonne of CO2e,85.10051441
DEU,2018,ENE,Energy use sectors,FFUEL,EUR_TCO2E_GT5,Above EUR 5 per tonne of CO2e,95.17372417
ITA,2018,ENE,Energy use sectors,FFUEL_BIOF,EUR_TCO2E_GT5,Above EUR 5 per tonne of CO2e,82.1837883
ITA,2018,ENE,Energy use sectors,FFUEL,EUR_TCO2E_GT5,Above EUR 5 per tonne of CO2e,94.94185162
NLD,2018,ENE,Energy use sectors,FFUEL_BIOF,EUR_TCO2E_GT5,Above EUR 5 per tonne of CO2e,85.47791481
NLD,2018,ENE,Energy use sectors,FFUEL,EUR_TCO2E_GT5,Above EUR 5 per tonne of CO2e,90.80271244
POL,2018,ENE,Energy use sectors,FFUEL,EUR_TCO2E_GT5,Above EUR 5 per tonne of CO2e,80.52312851
POL,2018,ENE,Energy use sectors,FFUEL_BIOF,EUR_TCO2E_GT5,Above EUR 5 per tonne of CO2e,73.41184998
ESP,2018,ENE,Energy use sectors,FFUEL,EUR_TCO2E_GT5,Above EUR 5 per tonne of CO2e,92.09328699
ESP,2018,ENE,Energy use sectors,FFUEL_BIOF,EUR_TCO2E_GT5,Above EUR 5 per tonne of CO2e,83.62305641
SWE,2018,ENE,Energy use sectors,FFUEL,EUR_TCO2E_GT5,Above EUR 5 per tonne of CO2e,91.01923943
SWE,2018,ENE,Energy use sectors,FFUEL_BIOF,EUR_TCO2E_GT5,Above EUR 5 per tonne of CO2e,41.25214386
GBR,2018,ENE,Energy use sectors,FFUEL,EUR_TCO2E_GT5,Above EUR 5 per tonne of CO2e,79.29253006
GBR,2018,ENE,Energy use sectors,FFUEL_BIOF,EUR_TCO2E_GT5,Above EUR 5 per tonne of CO2e,70.90686035
AUT,2021,ENE,Energy use sectors,FFUEL,EUR_TCO2E_GT120,Above EUR 120 per tonne of CO2e,33.65502167
AUT,2021,ENE,Energy use sectors,FFUEL_BIOF,EUR_TCO2E_GT120,Above EUR 120 per tonne of CO2e,25.51186371
BEL,2021,ENE,Energy use sectors,FFUEL,EUR_TCO2E_GT120,Above EUR 120 per tonne of CO2e,24.45223999
BEL,2021,ENE,Energy use sectors,FFUEL_BIOF,EUR_TCO2E_GT120,Above EUR 120 per tonne of CO2e,23.38852692
DNK,2021,ENE,Energy use sectors,FFUEL_BIOF,EUR_TCO2E_GT120,Above EUR 120 per tonne of CO2e,35.70800018
DNK,2021,ENE,Energy use sectors,FFUEL,EUR_TCO2E_GT120,Above EUR 120 per tonne of CO2e,59.3172226
FRA,2021,ENE,Energy use sectors,FFUEL,EUR_TCO2E_GT120,Above EUR 120 per tonne of CO2e,37.08812714
FRA,2021,ENE,Energy use sectors,FFUEL_BIOF,EUR_TCO2E_GT120,Above EUR 120 per tonne of CO2e,30.86956787
DEU,2021,ENE,Energy use sectors,FFUEL,EUR_TCO2E_GT120,Above EUR 120 per tonne of CO2e,22.07849121
DEU,2021,ENE,Energy use sectors,FFUEL_BIOF,EUR_TCO2E_GT120,Above EUR 120 per tonne of CO2e,20.19536591
ITA,2021,ENE,Energy use sectors,FFUEL_BIOF,EUR_TCO2E_GT120,Above EUR 120 per tonne of CO2e,26.04057312
ITA,2021,ENE,Energy use sectors,FFUEL,EUR_TCO2E_GT120,Above EUR 120 per tonne of CO2e,29.42881012
NLD,2021,ENE,Energy use sectors,FFUEL,EUR_TCO2E_GT120,Above EUR 120 per tonne of CO2e,35.81304932
NLD,2021,ENE,Energy use sectors,FFUEL_BIOF,EUR_TCO2E_GT120,Above EUR 120 per tonne of CO2e,32.72108459
POL,2021,ENE,Energy use sectors,FFUEL_BIOF,EUR_TCO2E_GT120,Above EUR 120 per tonne of CO2e,4.92893219
POL,2021,ENE,Energy use sectors,FFUEL,EUR_TCO2E_GT120,Above EUR 120 per tonne of CO2e,4.604370117
ESP,2021,ENE,Energy use sectors,FFUEL_BIOF,EUR_TCO2E_GT120,Above EUR 120 per tonne of CO2e,33.0348053
ESP,2021,ENE,Energy use sectors,FFUEL,EUR_TCO2E_GT120,Above EUR 120 per tonne of CO2e,35.80235291
SWE,2021,ENE,Energy use sectors,FFUEL,EUR_TCO2E_GT120,Above EUR 120 per tonne of CO2e,46.04404831
SWE,2021,ENE,Energy use sectors,FFUEL_BIOF,EUR_TCO2E_GT120,Above EUR 120 per tonne of CO2e,21.65022278
GBR,2021,ENE,Energy use sectors,FFUEL,EUR_TCO2E_GT120,Above EUR 120 per tonne of CO2e,29.99286652
GBR,2021,ENE,Energy use sectors,FFUEL_BIOF,EUR_TCO2E_GT120,Above EUR 120 per tonne of CO2e,27.16845703
AUT,2021,ROAD,Road transport,FFUEL,EUR_TCO2E_GT120,Above EUR 120 per tonne of CO2e,99.57281485
AUT,2021,ROAD,Road transport,FFUEL_BIOF,EUR_TCO2E_GT120,Above EUR 120 per tonne of CO2e,99.59403005
BEL,2021,ROAD,Road transport,FFUEL,EUR_TCO2E_GT120,Above EUR 120 per tonne of CO2e,98.71994555
BEL,2021,ROAD,Road transport,FFUEL_BIOF,EUR_TCO2E_GT120,Above EUR 120 per tonne of CO2e,98.83358598
DNK,2021,ROAD,Road transport,FFUEL_BIOF,EUR_TCO2E_GT120,Above EUR 120 per tonne of CO2e,99.96128874
FRA,2021,ROAD,Road transport,FFUEL_BIOF,EUR_TCO2E_GT120,Above EUR 120 per tonne of CO2e,94.02164173
FRA,2021,ROAD,Road transport,FFUEL,EUR_TCO2E_GT120,Above EUR 120 per tonne of CO2e,99.30921209
DEU,2021,ROAD,Road transport,FFUEL_BIOF,EUR_TCO2E_GT120,Above EUR 120 per tonne of CO2e,99.72703058
DEU,2021,ROAD,Road transport,FFUEL,EUR_TCO2E_GT120,Above EUR 120 per tonne of CO2e,99.71391594
ITA,2021,ROAD,Road transport,FFUEL,EUR_TCO2E_GT120,Above EUR 120 per tonne of CO2e,92.83495855
ITA,2021,ROAD,Road transport,FFUEL_BIOF,EUR_TCO2E_GT120,Above EUR 120 per tonne of CO2e,93.13929844
NLD,2021,ROAD,Road transport,FFUEL_BIOF,EUR_TCO2E_GT120,Above EUR 120 per tonne of CO2e,98.08717942
NLD,2021,ROAD,Road transport,FFUEL,EUR_TCO2E_GT120,Above EUR 120 per tonne of CO2e,97.95022178
POL,2021,ROAD,Road transport,FFUEL,EUR_TCO2E_GT120,Above EUR 120 per tonne of CO2e,21.21942139
POL,2021,ROAD,Road transport,FFUEL_BIOF,EUR_TCO2E_GT120,Above EUR 120 per tonne of CO2e,25.02464294
ESP,2021,ROAD,Road transport,FFUEL,EUR_TCO2E_GT120,Above EUR 120 per tonne of CO2e,99.03272855
ESP,2021,ROAD,Road transport,FFUEL_BIOF,EUR_TCO2E_GT120,Above EUR 120 per tonne of CO2e,99.08129036
SWE,2021,ROAD,Road transport,FFUEL,EUR_TCO2E_GT120,Above EUR 120 per tonne of CO2e,99.84729941
SWE,2021,ROAD,Road transport,FFUEL_BIOF,EUR_TCO2E_GT120,Above EUR 120 per tonne of CO2e,91.48147774
GBR,2021,ROAD,Road transport,FFUEL_BIOF,EUR_TCO2E_GT120,Above EUR 120 per tonne of CO2e,99.82907738
GBR,2021,ROAD,Road transport,FFUEL,EUR_TCO2E_GT120,Above EUR 120 per tonne of CO2e,99.82207438
AUT,2021,OFFROAD,Off-road transport,FFUEL,EUR_TCO2E_GT120,Above EUR 120 per tonne of CO2e,14.10396576
AUT,2021,OFFROAD,Off-road transport,FFUEL_BIOF,EUR_TCO2E_GT120,Above EUR 120 per tonne of CO2e,13.96376801
AUT,2021,INDUSTRY,Industry,FFUEL_BIOF,EUR_TCO2E_GT120,Above EUR 120 per tonne of CO2e,0.149093628
AUT,2021,INDUSTRY,Industry,FFUEL,EUR_TCO2E_GT120,Above EUR 120 per tonne of CO2e,0.212532043
AUT,2021,AGRIFISH,Agriculture & fisheries,FFUEL,EUR_TCO2E_GT120,Above EUR 120 per tonne of CO2e,45.5757637
AUT,2021,AGRIFISH,Agriculture & fisheries,FFUEL_BIOF,EUR_TCO2E_GT120,Above EUR 120 per tonne of CO2e,21.69082642
AUT,2021,RESCOM,Buildings,FFUEL_BIOF,EUR_TCO2E_GT120,Above EUR 120 per tonne of CO2e,0.339286804
AUT,2021,RESCOM,Buildings,FFUEL,EUR_TCO2E_GT120,Above EUR 120 per tonne of CO2e,0.706962585
BEL,2021,OFFROAD,Off-road transport,FFUEL,EUR_TCO2E_GT120,Above EUR 120 per tonne of CO2e,0.056549072
BEL,2021,OFFROAD,Off-road transport,FFUEL_BIOF,EUR_TCO2E_GT120,Above EUR 120 per tonne of CO2e,0.056549072
BEL,2021,INDUSTRY,Industry,FFUEL_BIOF,EUR_TCO2E_GT120,Above EUR 120 per tonne of CO2e,0.03302002
BEL,2021,INDUSTRY,Industry,FFUEL,EUR_TCO2E_GT120,Above EUR 120 per tonne of CO2e,0.037712097
BEL,2021,AGRIFISH,Agriculture & fisheries,FFUEL,EUR_TCO2E_GT120,Above EUR 120 per tonne of CO2e,1.155426025
BEL,2021,AGRIFISH,Agriculture & fisheries,FFUEL_BIOF,EUR_TCO2E_GT120,Above EUR 120 per tonne of CO2e,1.1016922
BEL,2021,RESCOM,Buildings,FFUEL_BIOF,EUR_TCO2E_GT120,Above EUR 120 per tonne of CO2e,0.337043762
BEL,2021,RESCOM,Buildings,FFUEL,EUR_TCO2E_GT120,Above EUR 120 per tonne of CO2e,0.384628296
DNK,2021,INDUSTRY,Industry,FFUEL,EUR_TCO2E_GT120,Above EUR 120 per tonne of CO2e,36.50961685
DNK,2021,INDUSTRY,Industry,FFUEL_BIOF,EUR_TCO2E_GT120,Above EUR 120 per tonne of CO2e,16.68322754
DNK,2021,AGRIFISH,Agriculture & fisheries,FFUEL,EUR_TCO2E_GT120,Above EUR 120 per tonne of CO2e,0.671272278
DNK,2021,AGRIFISH,Agriculture & fisheries,FFUEL_BIOF,EUR_TCO2E_GT120,Above EUR 120 per tonne of CO2e,0.559959412
DNK,2021,RESCOM,Buildings,FFUEL_BIOF,EUR_TCO2E_GT120,Above EUR 120 per tonne of CO2e,38.16379929
DNK,2021,RESCOM,Buildings,FFUEL,EUR_TCO2E_GT120,Above EUR 120 per tonne of CO2e,96.21955538
FRA,2021,INDUSTRY,Industry,FFUEL_BIOF,EUR_TCO2E_GT120,Above EUR 120 per tonne of CO2e,0.250724792
FRA,2021,INDUSTRY,Industry,FFUEL,EUR_TCO2E_GT120,Above EUR 120 per tonne of CO2e,0.304962158
FRA,2021,AGRIFISH,Agriculture & fisheries,FFUEL,EUR_TCO2E_GT120,Above EUR 120 per tonne of CO2e,0.526817322
FRA,2021,AGRIFISH,Agriculture & fisheries,FFUEL_BIOF,EUR_TCO2E_GT120,Above EUR 120 per tonne of CO2e,0.464065552
FRA,2021,RESCOM,Buildings,FFUEL_BIOF,EUR_TCO2E_GT120,Above EUR 120 per tonne of CO2e,0.06313324
FRA,2021,RESCOM,Buildings,FFUEL,EUR_TCO2E_GT120,Above EUR 120 per tonne of CO2e,0.096420288
DEU,2021,OFFROAD,Off-road transport,FFUEL,EUR_TCO2E_GT120,Above EUR 120 per tonne of CO2e,34.99227905
DEU,2021,OFFROAD,Off-road transport,FFUEL_BIOF,EUR_TCO2E_GT120,Above EUR 120 per tonne of CO2e,36.07994461
DEU,2021,INDUSTRY,Industry,FFUEL,EUR_TCO2E_GT120,Above EUR 120 per tonne of CO2e,0.102645874
DEU,2021,INDUSTRY,Industry,FFUEL_BIOF,EUR_TCO2E_GT120,Above EUR 120 per tonne of CO2e,0.091407776
DEU,2021,AGRIFISH,Agriculture & fisheries,FFUEL,EUR_TCO2E_GT120,Above EUR 120 per tonne of CO2e,3.495315552
DEU,2021,AGRIFISH,Agriculture & fisheries,FFUEL_BIOF,EUR_TCO2E_GT120,Above EUR 120 per tonne of CO2e,2.827903748
DEU,2021,RESCOM,Buildings,FFUEL_BIOF,EUR_TCO2E_GT120,Above EUR 120 per tonne of CO2e,0.859130859
DEU,2021,RESCOM,Buildings,FFUEL,EUR_TCO2E_GT120,Above EUR 120 per tonne of CO2e,1.14855957
ITA,2021,INDUSTRY,Industry,FFUEL_BIOF,EUR_TCO2E_GT120,Above EUR 120 per tonne of CO2e,1.152641296
ITA,2021,INDUSTRY,Industry,FFUEL,EUR_TCO2E_GT120,Above EUR 120 per tonne of CO2e,1.243965149
ITA,2021,AGRIFISH,Agriculture & fisheries,FFUEL,EUR_TCO2E_GT120,Above EUR 120 per tonne of CO2e,0.090446472
ITA,2021,AGRIFISH,Agriculture & fisheries,FFUEL_BIOF,EUR_TCO2E_GT120,Above EUR 120 per tonne of CO2e,0.088218689
ITA,2021,RESCOM,Buildings,FFUEL_BIOF,EUR_TCO2E_GT120,Above EUR 120 per tonne of CO2e,2.933479309
ITA,2021,RESCOM,Buildings,FFUEL,EUR_TCO2E_GT120,Above EUR 120 per tonne of CO2e,4.375816345
NLD,2021,OFFROAD,Off-road transport,FFUEL_BIOF,EUR_TCO2E_GT120,Above EUR 120 per tonne of CO2e,7.511825562
NLD,2021,OFFROAD,Off-road transport,FFUEL,EUR_TCO2E_GT120,Above EUR 120 per tonne of CO2e,6.68296814
NLD,2021,INDUSTRY,Industry,FFUEL,EUR_TCO2E_GT120,Above EUR 120 per tonne of CO2e,5.00377655
NLD,2021,INDUSTRY,Industry,FFUEL_BIOF,EUR_TCO2E_GT120,Above EUR 120 per tonne of CO2e,4.636787415
NLD,2021,AGRIFISH,Agriculture & fisheries,FFUEL,EUR_TCO2E_GT120,Above EUR 120 per tonne of CO2e,20.09197998
NLD,2021,AGRIFISH,Agriculture & fisheries,FFUEL_BIOF,EUR_TCO2E_GT120,Above EUR 120 per tonne of CO2e,18.86229706
NLD,2021,RESCOM,Buildings,FFUEL,EUR_TCO2E_GT120,Above EUR 120 per tonne of CO2e,93.70449114
NLD,2021,RESCOM,Buildings,FFUEL_BIOF,EUR_TCO2E_GT120,Above EUR 120 per tonne of CO2e,85.02281475
POL,2021,INDUSTRY,Industry,FFUEL,EUR_TCO2E_GT120,Above EUR 120 per tonne of CO2e,0.232269287
POL,2021,INDUSTRY,Industry,FFUEL_BIOF,EUR_TCO2E_GT120,Above EUR 120 per tonne of CO2e,0.20161438
POL,2021,AGRIFISH,Agriculture & fisheries,FFUEL,EUR_TCO2E_GT120,Above EUR 120 per tonne of CO2e,0.045906067
POL,2021,AGRIFISH,Agriculture & fisheries,FFUEL_BIOF,EUR_TCO2E_GT120,Above EUR 120 per tonne of CO2e,0.036125183
ESP,2021,OFFROAD,Off-road transport,FFUEL,EUR_TCO2E_GT120,Above EUR 120 per tonne of CO2e,2.544883728
ESP,2021,OFFROAD,Off-road transport,FFUEL_BIOF,EUR_TCO2E_GT120,Above EUR 120 per tonne of CO2e,2.690742493
ESP,2021,INDUSTRY,Industry,FFUEL,EUR_TCO2E_GT120,Above EUR 120 per tonne of CO2e,0.001937866
ESP,2021,INDUSTRY,Industry,FFUEL_BIOF,EUR_TCO2E_GT120,Above EUR 120 per tonne of CO2e,0.001678467
ESP,2021,AGRIFISH,Agriculture & fisheries,FFUEL_BIOF,EUR_TCO2E_GT120,Above EUR 120 per tonne of CO2e,1.051437378
ESP,2021,AGRIFISH,Agriculture & fisheries,FFUEL,EUR_TCO2E_GT120,Above EUR 120 per tonne of CO2e,1.067268372
ESP,2021,RESCOM,Buildings,FFUEL_BIOF,EUR_TCO2E_GT120,Above EUR 120 per tonne of CO2e,0.428543091
ESP,2021,RESCOM,Buildings,FFUEL,EUR_TCO2E_GT120,Above EUR 120 per tonne of CO2e,0.577033997
SWE,2021,INDUSTRY,Industry,FFUEL_BIOF,EUR_TCO2E_GT120,Above EUR 120 per tonne of CO2e,2.457473755
SWE,2021,INDUSTRY,Industry,FFUEL,EUR_TCO2E_GT120,Above EUR 120 per tonne of CO2e,7.146263123
SWE,2021,AGRIFISH,Agriculture & fisheries,FFUEL_BIOF,EUR_TCO2E_GT120,Above EUR 120 per tonne of CO2e,13.48013306
SWE,2021,AGRIFISH,Agriculture & fisheries,FFUEL,EUR_TCO2E_GT120,Above EUR 120 per tonne of CO2e,2.559768677
SWE,2021,RESCOM,Buildings,FFUEL_BIOF,EUR_TCO2E_GT120,Above EUR 120 per tonne of CO2e,27.05197906
AUT,2021,OFFROAD,Off-road transport,FFUEL,EUR_TCO2E_GT90,Above EUR 90 per tonne of CO2e,14.10396576
AUT,2021,OFFROAD,Off-road transport,FFUEL_BIOF,EUR_TCO2E_GT90,Above EUR 90 per tonne of CO2e,13.96376801
AUT,2021,AGRIFISH,Agriculture & fisheries,FFUEL,EUR_TCO2E_GT90,Above EUR 90 per tonne of CO2e,45.5757637
AUT,2021,AGRIFISH,Agriculture & fisheries,FFUEL_BIOF,EUR_TCO2E_GT90,Above EUR 90 per tonne of CO2e,21.69082642
AUT,2021,RESCOM,Buildings,FFUEL,EUR_TCO2E_GT90,Above EUR 90 per tonne of CO2e,0.706962585
AUT,2021,RESCOM,Buildings,FFUEL_BIOF,EUR_TCO2E_GT90,Above EUR 90 per tonne of CO2e,0.339286804
BEL,2021,OFFROAD,Off-road transport,FFUEL,EUR_TCO2E_GT90,Above EUR 90 per tonne of CO2e,0.056549072
BEL,2021,OFFROAD,Off-road transport,FFUEL_BIOF,EUR_TCO2E_GT90,Above EUR 90 per tonne of CO2e,0.056549072
BEL,2021,AGRIFISH,Agriculture & fisheries,FFUEL_BIOF,EUR_TCO2E_GT90,Above EUR 90 per tonne of CO2e,1.1016922
BEL,2021,AGRIFISH,Agriculture & fisheries,FFUEL,EUR_TCO2E_GT90,Above EUR 90 per tonne of CO2e,1.155426025
BEL,2021,RESCOM,Buildings,FFUEL,EUR_TCO2E_GT90,Above EUR 90 per tonne of CO2e,0.384628296
BEL,2021,RESCOM,Buildings,FFUEL_BIOF,EUR_TCO2E_GT90,Above EUR 90 per tonne of CO2e,0.337043762
DNK,2021,AGRIFISH,Agriculture & fisheries,FFUEL_BIOF,EUR_TCO2E_GT90,Above EUR 90 per tonne of CO2e,0.559959412
DNK,2021,AGRIFISH,Agriculture & fisheries,FFUEL,EUR_TCO2E_GT90,Above EUR 90 per tonne of CO2e,0.671272278
DNK,2021,RESCOM,Buildings,FFUEL,EUR_TCO2E_GT90,Above EUR 90 per tonne of CO2e,96.21955538
DNK,2021,RESCOM,Buildings,FFUEL_BIOF,EUR_TCO2E_GT90,Above EUR 90 per tonne of CO2e,38.16379929
FRA,2021,AGRIFISH,Agriculture & fisheries,FFUEL_BIOF,EUR_TCO2E_GT90,Above EUR 90 per tonne of CO2e,0.464248657
FRA,2021,AGRIFISH,Agriculture & fisheries,FFUEL,EUR_TCO2E_GT90,Above EUR 90 per tonne of CO2e,0.527030945
FRA,2021,RESCOM,Buildings,FFUEL,EUR_TCO2E_GT90,Above EUR 90 per tonne of CO2e,0.753387451
FRA,2021,RESCOM,Buildings,FFUEL_BIOF,EUR_TCO2E_GT90,Above EUR 90 per tonne of CO2e,0.493293762
DEU,2021,OFFROAD,Off-road transport,FFUEL,EUR_TCO2E_GT90,Above EUR 90 per tonne of CO2e,34.99227905
DEU,2021,OFFROAD,Off-road transport,FFUEL_BIOF,EUR_TCO2E_GT90,Above EUR 90 per tonne of CO2e,36.07994461
DEU,2021,AGRIFISH,Agriculture & fisheries,FFUEL,EUR_TCO2E_GT90,Above EUR 90 per tonne of CO2e,83.40742683
DEU,2021,AGRIFISH,Agriculture & fisheries,FFUEL_BIOF,EUR_TCO2E_GT90,Above EUR 90 per tonne of CO2e,64.72399902
DEU,2021,RESCOM,Buildings,FFUEL_BIOF,EUR_TCO2E_GT90,Above EUR 90 per tonne of CO2e,0.859130859
DEU,2021,RESCOM,Buildings,FFUEL,EUR_TCO2E_GT90,Above EUR 90 per tonne of CO2e,1.14855957
ITA,2021,AGRIFISH,Agriculture & fisheries,FFUEL_BIOF,EUR_TCO2E_GT90,Above EUR 90 per tonne of CO2e,0.088218689
ITA,2021,AGRIFISH,Agriculture & fisheries,FFUEL,EUR_TCO2E_GT90,Above EUR 90 per tonne of CO2e,0.090446472
ITA,2021,RESCOM,Buildings,FFUEL,EUR_TCO2E_GT90,Above EUR 90 per tonne of CO2e,51.8352356
ITA,2021,RESCOM,Buildings,FFUEL_BIOF,EUR_TCO2E_GT90,Above EUR 90 per tonne of CO2e,34.7495575
NLD,2021,OFFROAD,Off-road transport,FFUEL_BIOF,EUR_TCO2E_GT90,Above EUR 90 per tonne of CO2e,7.511825562
NLD,2021,OFFROAD,Off-road transport,FFUEL,EUR_TCO2E_GT90,Above EUR 90 per tonne of CO2e,6.68296814
NLD,2021,AGRIFISH,Agriculture & fisheries,FFUEL_BIOF,EUR_TCO2E_GT90,Above EUR 90 per tonne of CO2e,20.16423798
NLD,2021,AGRIFISH,Agriculture & fisheries,FFUEL,EUR_TCO2E_GT90,Above EUR 90 per tonne of CO2e,21.58535004
NLD,2021,RESCOM,Buildings,FFUEL,EUR_TCO2E_GT90,Above EUR 90 per tonne of CO2e,94.97772694
NLD,2021,RESCOM,Buildings,FFUEL_BIOF,EUR_TCO2E_GT90,Above EUR 90 per tonne of CO2e,86.17685127
POL,2021,OFFROAD,Off-road transport,FFUEL,EUR_TCO2E_GT90,Above EUR 90 per tonne of CO2e,26.85629272
POL,2021,OFFROAD,Off-road transport,FFUEL_BIOF,EUR_TCO2E_GT90,Above EUR 90 per tonne of CO2e,26.85629272
POL,2021,AGRIFISH,Agriculture & fisheries,FFUEL,EUR_TCO2E_GT90,Above EUR 90 per tonne of CO2e,72.23957634
POL,2021,AGRIFISH,Agriculture & fisheries,FFUEL_BIOF,EUR_TCO2E_GT90,Above EUR 90 per tonne of CO2e,56.84233856
ESP,2021,OFFROAD,Off-road transport,FFUEL,EUR_TCO2E_GT90,Above EUR 90 per tonne of CO2e,2.544883728
ESP,2021,OFFROAD,Off-road transport,FFUEL_BIOF,EUR_TCO2E_GT90,Above EUR 90 per tonne of CO2e,2.690742493
ESP,2021,AGRIFISH,Agriculture & fisheries,FFUEL,EUR_TCO2E_GT90,Above EUR 90 per tonne of CO2e,1.067268372
ESP,2021,AGRIFISH,Agriculture & fisheries,FFUEL_BIOF,EUR_TCO2E_GT90,Above EUR 90 per tonne of CO2e,1.051437378
ESP,2021,RESCOM,Buildings,FFUEL,EUR_TCO2E_GT90,Above EUR 90 per tonne of CO2e,0.577033997
ESP,2021,RESCOM,Buildings,FFUEL_BIOF,EUR_TCO2E_GT90,Above EUR 90 per tonne of CO2e,0.428543091
SWE,2021,AGRIFISH,Agriculture & fisheries,FFUEL_BIOF,EUR_TCO2E_GT90,Above EUR 90 per tonne of CO2e,66.10529709
SWE,2021,RESCOM,Buildings,FFUEL_BIOF,EUR_TCO2E_GT90,Above EUR 90 per tonne of CO2e,27.05197906
GBR,2021,AGRIFISH,Agriculture & fisheries,FFUEL,EUR_TCO2E_GT90,Above EUR 90 per tonne of CO2e,0.271980286
GBR,2021,AGRIFISH,Agriculture & fisheries,FFUEL_BIOF,EUR_TCO2E_GT90,Above EUR 90 per tonne of CO2e,0.227241516
GBR,2021,RESCOM,Buildings,FFUEL,EUR_TCO2E_GT90,Above EUR 90 per tonne of CO2e,0.065185547
GBR,2021,RESCOM,Buildings,FFUEL_BIOF,EUR_TCO2E_GT90,Above EUR 90 per tonne of CO2e,0.061828613
AUT,2021,INDUSTRY,Industry,FFUEL_BIOF,EUR_TCO2E_GT90,Above EUR 90 per tonne of CO2e,0.1561203
AUT,2021,INDUSTRY,Industry,FFUEL,EUR_TCO2E_GT90,Above EUR 90 per tonne of CO2e,0.222541809
BEL,2021,INDUSTRY,Industry,FFUEL,EUR_TCO2E_GT90,Above EUR 90 per tonne of CO2e,0.037712097
BEL,2021,INDUSTRY,Industry,FFUEL_BIOF,EUR_TCO2E_GT90,Above EUR 90 per tonne of CO2e,0.03302002
DNK,2021,INDUSTRY,Industry,FFUEL_BIOF,EUR_TCO2E_GT90,Above EUR 90 per tonne of CO2e,18.5175705
DNK,2021,INDUSTRY,Industry,FFUEL,EUR_TCO2E_GT90,Above EUR 90 per tonne of CO2e,40.52389145
FRA,2021,INDUSTRY,Industry,FFUEL,EUR_TCO2E_GT90,Above EUR 90 per tonne of CO2e,0.735023499
FRA,2021,INDUSTRY,Industry,FFUEL_BIOF,EUR_TCO2E_GT90,Above EUR 90 per tonne of CO2e,0.604301453
DEU,2021,INDUSTRY,Industry,FFUEL,EUR_TCO2E_GT90,Above EUR 90 per tonne of CO2e,0.102645874
DEU,2021,INDUSTRY,Industry,FFUEL_BIOF,EUR_TCO2E_GT90,Above EUR 90 per tonne of CO2e,0.091407776
ITA,2021,INDUSTRY,Industry,FFUEL,EUR_TCO2E_GT90,Above EUR 90 per tonne of CO2e,1.243965149
ITA,2021,INDUSTRY,Industry,FFUEL_BIOF,EUR_TCO2E_GT90,Above EUR 90 per tonne of CO2e,1.152641296
NLD,2021,INDUSTRY,Industry,FFUEL,EUR_TCO2E_GT90,Above EUR 90 per tonne of CO2e,6.34362793
NLD,2021,INDUSTRY,Industry,FFUEL_BIOF,EUR_TCO2E_GT90,Above EUR 90 per tonne of CO2e,5.817123413
POL,2021,INDUSTRY,Industry,FFUEL_BIOF,EUR_TCO2E_GT90,Above EUR 90 per tonne of CO2e,0.29776001
POL,2021,INDUSTRY,Industry,FFUEL,EUR_TCO2E_GT90,Above EUR 90 per tonne of CO2e,0.343032837
ESP,2021,INDUSTRY,Industry,FFUEL_BIOF,EUR_TCO2E_GT90,Above EUR 90 per tonne of CO2e,0.001678467
ESP,2021,INDUSTRY,Industry,FFUEL,EUR_TCO2E_GT90,Above EUR 90 per tonne of CO2e,0.001937866
SWE,2021,INDUSTRY,Industry,FFUEL,EUR_TCO2E_GT90,Above EUR 90 per tonne of CO2e,7.246078491
SWE,2021,INDUSTRY,Industry,FFUEL_BIOF,EUR_TCO2E_GT90,Above EUR 90 per tonne of CO2e,2.487373352
GBR,2021,INDUSTRY,Industry,FFUEL_BIOF,EUR_TCO2E_GT90,Above EUR 90 per tonne of CO2e,0.815681458
GBR,2021,INDUSTRY,Industry,FFUEL,EUR_TCO2E_GT90,Above EUR 90 per tonne of CO2e,1.003120422
AUT,2021,ROAD,Road transport,FFUEL_BIOF,EUR_TCO2E_GT90,Above EUR 90 per tonne of CO2e,99.59403005
AUT,2021,ROAD,Road transport,FFUEL,EUR_TCO2E_GT90,Above EUR 90 per tonne of CO2e,99.57281485
BEL,2021,ROAD,Road transport,FFUEL_BIOF,EUR_TCO2E_GT90,Above EUR 90 per tonne of CO2e,98.83358598
BEL,2021,ROAD,Road transport,FFUEL,EUR_TCO2E_GT90,Above EUR 90 per tonne of CO2e,98.71994555
DNK,2021,ROAD,Road transport,FFUEL_BIOF,EUR_TCO2E_GT90,Above EUR 90 per tonne of CO2e,99.96128874
FRA,2021,ROAD,Road transport,FFUEL_BIOF,EUR_TCO2E_GT90,Above EUR 90 per tonne of CO2e,94.02164173
FRA,2021,ROAD,Road transport,FFUEL,EUR_TCO2E_GT90,Above EUR 90 per tonne of CO2e,99.30921209
DEU,2021,ROAD,Road transport,FFUEL_BIOF,EUR_TCO2E_GT90,Above EUR 90 per tonne of CO2e,99.72703058
DEU,2021,ROAD,Road transport,FFUEL,EUR_TCO2E_GT90,Above EUR 90 per tonne of CO2e,99.71391594
ITA,2021,ROAD,Road transport,FFUEL_BIOF,EUR_TCO2E_GT90,Above EUR 90 per tonne of CO2e,97.27415586
ITA,2021,ROAD,Road transport,FFUEL,EUR_TCO2E_GT90,Above EUR 90 per tonne of CO2e,97.15327287
POL,2021,ROAD,Road transport,FFUEL_BIOF,EUR_TCO2E_GT90,Above EUR 90 per tonne of CO2e,92.2382412
POL,2021,ROAD,Road transport,FFUEL,EUR_TCO2E_GT90,Above EUR 90 per tonne of CO2e,91.84430885
ESP,2021,ROAD,Road transport,FFUEL,EUR_TCO2E_GT90,Above EUR 90 per tonne of CO2e,99.03272855
ESP,2021,ROAD,Road transport,FFUEL_BIOF,EUR_TCO2E_GT90,Above EUR 90 per tonne of CO2e,99.08129036
SWE,2021,ROAD,Road transport,FFUEL_BIOF,EUR_TCO2E_GT90,Above EUR 90 per tonne of CO2e,91.60022926
GBR,2021,ROAD,Road transport,FFUEL_BIOF,EUR_TCO2E_GT90,Above EUR 90 per tonne of CO2e,99.82907738
GBR,2021,ROAD,Road transport,FFUEL,EUR_TCO2E_GT90,Above EUR 90 per tonne of CO2e,99.82207438
AUT,2021,ENE,Energy use sectors,FFUEL,EUR_TCO2E_GT90,Above EUR 90 per tonne of CO2e,33.65973663
AUT,2021,ENE,Energy use sectors,FFUEL_BIOF,EUR_TCO2E_GT90,Above EUR 90 per tonne of CO2e,25.5152359
BEL,2021,ENE,Energy use sectors,FFUEL,EUR_TCO2E_GT90,Above EUR 90 per tonne of CO2e,24.45223999
BEL,2021,ENE,Energy use sectors,FFUEL_BIOF,EUR_TCO2E_GT90,Above EUR 90 per tonne of CO2e,23.38852692
DNK,2021,ENE,Energy use sectors,FFUEL_BIOF,EUR_TCO2E_GT90,Above EUR 90 per tonne of CO2e,36.48399734
DNK,2021,ENE,Energy use sectors,FFUEL,EUR_TCO2E_GT90,Above EUR 90 per tonne of CO2e,60.66275787
FRA,2021,ENE,Energy use sectors,FFUEL,EUR_TCO2E_GT90,Above EUR 90 per tonne of CO2e,37.35850906
FRA,2021,ENE,Energy use sectors,FFUEL_BIOF,EUR_TCO2E_GT90,Above EUR 90 per tonne of CO2e,31.09046936
DEU,2021,ENE,Energy use sectors,FFUEL,EUR_TCO2E_GT90,Above EUR 90 per tonne of CO2e,22.95397186
DEU,2021,ENE,Energy use sectors,FFUEL_BIOF,EUR_TCO2E_GT90,Above EUR 90 per tonne of CO2e,20.95153046
ITA,2021,ENE,Energy use sectors,FFUEL,EUR_TCO2E_GT90,Above EUR 90 per tonne of CO2e,40.41139603
ITA,2021,ENE,Energy use sectors,FFUEL_BIOF,EUR_TCO2E_GT90,Above EUR 90 per tonne of CO2e,35.3325119
NLD,2021,ENE,Energy use sectors,FFUEL,EUR_TCO2E_GT90,Above EUR 90 per tonne of CO2e,36.97764587
NLD,2021,ENE,Energy use sectors,FFUEL_BIOF,EUR_TCO2E_GT90,Above EUR 90 per tonne of CO2e,33.74449158
POL,2021,ENE,Energy use sectors,FFUEL_BIOF,EUR_TCO2E_GT90,Above EUR 90 per tonne of CO2e,20.16677856
POL,2021,ENE,Energy use sectors,FFUEL,EUR_TCO2E_GT90,Above EUR 90 per tonne of CO2e,22.19872284
ESP,2021,ENE,Energy use sectors,FFUEL_BIOF,EUR_TCO2E_GT90,Above EUR 90 per tonne of CO2e,33.0348053
ESP,2021,ENE,Energy use sectors,FFUEL,EUR_TCO2E_GT90,Above EUR 90 per tonne of CO2e,35.80235291
SWE,2021,ENE,Energy use sectors,FFUEL,EUR_TCO2E_GT90,Above EUR 90 per tonne of CO2e,48.41883469
SWE,2021,ENE,Energy use sectors,FFUEL_BIOF,EUR_TCO2E_GT90,Above EUR 90 per tonne of CO2e,22.59511566
GBR,2021,ENE,Energy use sectors,FFUEL,EUR_TCO2E_GT90,Above EUR 90 per tonne of CO2e,30.27589417
GBR,2021,ENE,Energy use sectors,FFUEL_BIOF,EUR_TCO2E_GT90,Above EUR 90 per tonne of CO2e,27.41471863
AUT,2021,INDUSTRY,Industry,FFUEL_BIOF,EUR_TCO2E_GT60,Above EUR 60 per tonne of CO2e,11.89665222
AUT,2021,INDUSTRY,Industry,FFUEL,EUR_TCO2E_GT60,Above EUR 60 per tonne of CO2e,16.95807648
BEL,2021,INDUSTRY,Industry,FFUEL,EUR_TCO2E_GT60,Above EUR 60 per tonne of CO2e,0.233695984
BEL,2021,INDUSTRY,Industry,FFUEL_BIOF,EUR_TCO2E_GT60,Above EUR 60 per tonne of CO2e,0.204627991
DNK,2021,INDUSTRY,Industry,FFUEL,EUR_TCO2E_GT60,Above EUR 60 per tonne of CO2e,40.52389145
DNK,2021,INDUSTRY,Industry,FFUEL_BIOF,EUR_TCO2E_GT60,Above EUR 60 per tonne of CO2e,18.5175705
FRA,2021,INDUSTRY,Industry,FFUEL_BIOF,EUR_TCO2E_GT60,Above EUR 60 per tonne of CO2e,6.125030518
FRA,2021,INDUSTRY,Industry,FFUEL,EUR_TCO2E_GT60,Above EUR 60 per tonne of CO2e,7.449935913
DEU,2021,INDUSTRY,Industry,FFUEL,EUR_TCO2E_GT60,Above EUR 60 per tonne of CO2e,5.158569336
DEU,2021,INDUSTRY,Industry,FFUEL_BIOF,EUR_TCO2E_GT60,Above EUR 60 per tonne of CO2e,4.594291687
ITA,2021,INDUSTRY,Industry,FFUEL_BIOF,EUR_TCO2E_GT60,Above EUR 60 per tonne of CO2e,3.309562683
ITA,2021,INDUSTRY,Industry,FFUEL,EUR_TCO2E_GT60,Above EUR 60 per tonne of CO2e,3.571777344
NLD,2021,INDUSTRY,Industry,FFUEL_BIOF,EUR_TCO2E_GT60,Above EUR 60 per tonne of CO2e,16.13939667
NLD,2021,INDUSTRY,Industry,FFUEL,EUR_TCO2E_GT60,Above EUR 60 per tonne of CO2e,18.0609436
POL,2021,INDUSTRY,Industry,FFUEL,EUR_TCO2E_GT60,Above EUR 60 per tonne of CO2e,1.265335083
POL,2021,INDUSTRY,Industry,FFUEL_BIOF,EUR_TCO2E_GT60,Above EUR 60 per tonne of CO2e,1.098342896
ESP,2021,INDUSTRY,Industry,FFUEL_BIOF,EUR_TCO2E_GT60,Above EUR 60 per tonne of CO2e,14.0129776
ESP,2021,INDUSTRY,Industry,FFUEL,EUR_TCO2E_GT60,Above EUR 60 per tonne of CO2e,16.25961304
SWE,2021,INDUSTRY,Industry,FFUEL_BIOF,EUR_TCO2E_GT60,Above EUR 60 per tonne of CO2e,5.709381104
SWE,2021,INDUSTRY,Industry,FFUEL,EUR_TCO2E_GT60,Above EUR 60 per tonne of CO2e,18.0025177
GBR,2021,INDUSTRY,Industry,FFUEL_BIOF,EUR_TCO2E_GT60,Above EUR 60 per tonne of CO2e,8.281265259
GBR,2021,INDUSTRY,Industry,FFUEL,EUR_TCO2E_GT60,Above EUR 60 per tonne of CO2e,10.18431091
AUT,2021,RESCOM,Buildings,FFUEL,EUR_TCO2E_GT60,Above EUR 60 per tonne of CO2e,0.706962585
AUT,2021,RESCOM,Buildings,FFUEL_BIOF,EUR_TCO2E_GT60,Above EUR 60 per tonne of CO2e,0.339286804
BEL,2021,RESCOM,Buildings,FFUEL_BIOF,EUR_TCO2E_GT60,Above EUR 60 per tonne of CO2e,0.384658813
BEL,2021,RESCOM,Buildings,FFUEL,EUR_TCO2E_GT60,Above EUR 60 per tonne of CO2e,0.438972473
DNK,2021,RESCOM,Buildings,FFUEL_BIOF,EUR_TCO2E_GT60,Above EUR 60 per tonne of CO2e,38.16379929
DNK,2021,RESCOM,Buildings,FFUEL,EUR_TCO2E_GT60,Above EUR 60 per tonne of CO2e,96.21955538
FRA,2021,RESCOM,Buildings,FFUEL,EUR_TCO2E_GT60,Above EUR 60 per tonne of CO2e,0.777732849
FRA,2021,RESCOM,Buildings,FFUEL_BIOF,EUR_TCO2E_GT60,Above EUR 60 per tonne of CO2e,0.509231567
DEU,2021,RESCOM,Buildings,FFUEL,EUR_TCO2E_GT60,Above EUR 60 per tonne of CO2e,1.405860901
DEU,2021,RESCOM,Buildings,FFUEL_BIOF,EUR_TCO2E_GT60,Above EUR 60 per tonne of CO2e,1.051589966
ITA,2021,RESCOM,Buildings,FFUEL,EUR_TCO2E_GT60,Above EUR 60 per tonne of CO2e,64.77045441
ITA,2021,RESCOM,Buildings,FFUEL_BIOF,EUR_TCO2E_GT60,Above EUR 60 per tonne of CO2e,43.42113495
NLD,2021,RESCOM,Buildings,FFUEL,EUR_TCO2E_GT60,Above EUR 60 per tonne of CO2e,95.02374649
NLD,2021,RESCOM,Buildings,FFUEL_BIOF,EUR_TCO2E_GT60,Above EUR 60 per tonne of CO2e,86.21856213
POL,2021,RESCOM,Buildings,FFUEL,EUR_TCO2E_GT60,Above EUR 60 per tonne of CO2e,0.022247314
POL,2021,RESCOM,Buildings,FFUEL_BIOF,EUR_TCO2E_GT60,Above EUR 60 per tonne of CO2e,0.01374054
ESP,2021,RESCOM,Buildings,FFUEL,EUR_TCO2E_GT60,Above EUR 60 per tonne of CO2e,2.623123169
ESP,2021,RESCOM,Buildings,FFUEL_BIOF,EUR_TCO2E_GT60,Above EUR 60 per tonne of CO2e,1.915596008
SWE,2021,RESCOM,Buildings,FFUEL_BIOF,EUR_TCO2E_GT60,Above EUR 60 per tonne of CO2e,27.05197906
GBR,2021,RESCOM,Buildings,FFUEL,EUR_TCO2E_GT60,Above EUR 60 per tonne of CO2e,0.400527954
GBR,2021,RESCOM,Buildings,FFUEL_BIOF,EUR_TCO2E_GT60,Above EUR 60 per tonne of CO2e,0.379905701
AUT,2021,ROAD,Road transport,FFUEL_BIOF,EUR_TCO2E_GT60,Above EUR 60 per tonne of CO2e,99.63684997
AUT,2021,ROAD,Road transport,FFUEL,EUR_TCO2E_GT60,Above EUR 60 per tonne of CO2e,99.61827904
BEL,2021,ROAD,Road transport,FFUEL_BIOF,EUR_TCO2E_GT60,Above EUR 60 per tonne of CO2e,98.83358598
BEL,2021,ROAD,Road transport,FFUEL,EUR_TCO2E_GT60,Above EUR 60 per tonne of CO2e,98.71994555
DNK,2021,ROAD,Road transport,FFUEL_BIOF,EUR_TCO2E_GT60,Above EUR 60 per tonne of CO2e,99.96128874
FRA,2021,ROAD,Road transport,FFUEL_BIOF,EUR_TCO2E_GT60,Above EUR 60 per tonne of CO2e,94.14004612
FRA,2021,ROAD,Road transport,FFUEL,EUR_TCO2E_GT60,Above EUR 60 per tonne of CO2e,99.43663406
DEU,2021,ROAD,Road transport,FFUEL_BIOF,EUR_TCO2E_GT60,Above EUR 60 per tonne of CO2e,99.99699323
ITA,2021,ROAD,Road transport,FFUEL,EUR_TCO2E_GT60,Above EUR 60 per tonne of CO2e,97.15327287
ITA,2021,ROAD,Road transport,FFUEL_BIOF,EUR_TCO2E_GT60,Above EUR 60 per tonne of CO2e,97.27415586
POL,2021,ROAD,Road transport,FFUEL_BIOF,EUR_TCO2E_GT60,Above EUR 60 per tonne of CO2e,92.2382412
POL,2021,ROAD,Road transport,FFUEL,EUR_TCO2E_GT60,Above EUR 60 per tonne of CO2e,91.84430885
ESP,2021,ROAD,Road transport,FFUEL,EUR_TCO2E_GT60,Above EUR 60 per tonne of CO2e,99.03272855
ESP,2021,ROAD,Road transport,FFUEL_BIOF,EUR_TCO2E_GT60,Above EUR 60 per tonne of CO2e,99.08129036
SWE,2021,ROAD,Road transport,FFUEL_BIOF,EUR_TCO2E_GT60,Above EUR 60 per tonne of CO2e,91.60022926
GBR,2021,ROAD,Road transport,FFUEL,EUR_TCO2E_GT60,Above EUR 60 per tonne of CO2e,99.82207438
GBR,2021,ROAD,Road transport,FFUEL_BIOF,EUR_TCO2E_GT60,Above EUR 60 per tonne of CO2e,99.82907738
AUT,2021,OFFROAD,Off-road transport,FFUEL,EUR_TCO2E_GT60,Above EUR 60 per tonne of CO2e,14.10396576
AUT,2021,OFFROAD,Off-road transport,FFUEL_BIOF,EUR_TCO2E_GT60,Above EUR 60 per tonne of CO2e,13.96376801
BEL,2021,OFFROAD,Off-road transport,FFUEL,EUR_TCO2E_GT60,Above EUR 60 per tonne of CO2e,0.056549072
BEL,2021,OFFROAD,Off-road transport,FFUEL_BIOF,EUR_TCO2E_GT60,Above EUR 60 per tonne of CO2e,0.056549072
FRA,2021,OFFROAD,Off-road transport,FFUEL_BIOF,EUR_TCO2E_GT60,Above EUR 60 per tonne of CO2e,6.264358521
FRA,2021,OFFROAD,Off-road transport,FFUEL,EUR_TCO2E_GT60,Above EUR 60 per tonne of CO2e,6.307312012
DEU,2021,OFFROAD,Off-road transport,FFUEL_BIOF,EUR_TCO2E_GT60,Above EUR 60 per tonne of CO2e,36.07994461
DEU,2021,OFFROAD,Off-road transport,FFUEL,EUR_TCO2E_GT60,Above EUR 60 per tonne of CO2e,34.99227905
ITA,2021,OFFROAD,Off-road transport,FFUEL_BIOF,EUR_TCO2E_GT60,Above EUR 60 per tonne of CO2e,2.734466553
ITA,2021,OFFROAD,Off-road transport,FFUEL,EUR_TCO2E_GT60,Above EUR 60 per tonne of CO2e,2.734466553
NLD,2021,OFFROAD,Off-road transport,FFUEL,EUR_TCO2E_GT60,Above EUR 60 per tonne of CO2e,6.68296814
NLD,2021,OFFROAD,Off-road transport,FFUEL_BIOF,EUR_TCO2E_GT60,Above EUR 60 per tonne of CO2e,7.511825562
POL,2021,OFFROAD,Off-road transport,FFUEL_BIOF,EUR_TCO2E_GT60,Above EUR 60 per tonne of CO2e,26.85629272
POL,2021,OFFROAD,Off-road transport,FFUEL,EUR_TCO2E_GT60,Above EUR 60 per tonne of CO2e,26.85629272
ESP,2021,OFFROAD,Off-road transport,FFUEL_BIOF,EUR_TCO2E_GT60,Above EUR 60 per tonne of CO2e,4.410469055
ESP,2021,OFFROAD,Off-road transport,FFUEL,EUR_TCO2E_GT60,Above EUR 60 per tonne of CO2e,4.267585754
AUT,2021,AGRIFISH,Agriculture & fisheries,FFUEL_BIOF,EUR_TCO2E_GT60,Above EUR 60 per tonne of CO2e,21.99075317
AUT,2021,AGRIFISH,Agriculture & fisheries,FFUEL,EUR_TCO2E_GT60,Above EUR 60 per tonne of CO2e,46.20595551
BEL,2021,AGRIFISH,Agriculture & fisheries,FFUEL,EUR_TCO2E_GT60,Above EUR 60 per tonne of CO2e,1.155426025
BEL,2021,AGRIFISH,Agriculture & fisheries,FFUEL_BIOF,EUR_TCO2E_GT60,Above EUR 60 per tonne of CO2e,1.1016922
DNK,2021,AGRIFISH,Agriculture & fisheries,FFUEL,EUR_TCO2E_GT60,Above EUR 60 per tonne of CO2e,0.671272278
DNK,2021,AGRIFISH,Agriculture & fisheries,FFUEL_BIOF,EUR_TCO2E_GT60,Above EUR 60 per tonne of CO2e,0.559959412
FRA,2021,AGRIFISH,Agriculture & fisheries,FFUEL_BIOF,EUR_TCO2E_GT60,Above EUR 60 per tonne of CO2e,0.724960327
FRA,2021,AGRIFISH,Agriculture & fisheries,FFUEL,EUR_TCO2E_GT60,Above EUR 60 per tonne of CO2e,0.822998047
DEU,2021,AGRIFISH,Agriculture & fisheries,FFUEL,EUR_TCO2E_GT60,Above EUR 60 per tonne of CO2e,83.40742683
DEU,2021,AGRIFISH,Agriculture & fisheries,FFUEL_BIOF,EUR_TCO2E_GT60,Above EUR 60 per tonne of CO2e,64.72399902
ITA,2021,AGRIFISH,Agriculture & fisheries,FFUEL_BIOF,EUR_TCO2E_GT60,Above EUR 60 per tonne of CO2e,0.088218689
ITA,2021,AGRIFISH,Agriculture & fisheries,FFUEL,EUR_TCO2E_GT60,Above EUR 60 per tonne of CO2e,0.090446472
NLD,2021,AGRIFISH,Agriculture & fisheries,FFUEL,EUR_TCO2E_GT60,Above EUR 60 per tonne of CO2e,22.21697998
NLD,2021,AGRIFISH,Agriculture & fisheries,FFUEL_BIOF,EUR_TCO2E_GT60,Above EUR 60 per tonne of CO2e,20.71490479
POL,2021,AGRIFISH,Agriculture & fisheries,FFUEL,EUR_TCO2E_GT60,Above EUR 60 per tonne of CO2e,72.23957634
POL,2021,AGRIFISH,Agriculture & fisheries,FFUEL_BIOF,EUR_TCO2E_GT60,Above EUR 60 per tonne of CO2e,56.84233856
ESP,2021,AGRIFISH,Agriculture & fisheries,FFUEL,EUR_TCO2E_GT60,Above EUR 60 per tonne of CO2e,1.478546143
ESP,2021,AGRIFISH,Agriculture & fisheries,FFUEL_BIOF,EUR_TCO2E_GT60,Above EUR 60 per tonne of CO2e,1.446243286
SWE,2021,AGRIFISH,Agriculture & fisheries,FFUEL_BIOF,EUR_TCO2E_GT60,Above EUR 60 per tonne of CO2e,66.10529709
GBR,2021,AGRIFISH,Agriculture & fisheries,FFUEL,EUR_TCO2E_GT60,Above EUR 60 per tonne of CO2e,0.3670578
GBR,2021,AGRIFISH,Agriculture & fisheries,FFUEL_BIOF,EUR_TCO2E_GT60,Above EUR 60 per tonne of CO2e,0.306671143
AUT,2021,ELEC,Electricity,FFUEL_BIOF,EUR_TCO2E_GT60,Above EUR 60 per tonne of CO2e,0.03994751
AUT,2021,ELEC,Electricity,FFUEL,EUR_TCO2E_GT60,Above EUR 60 per tonne of CO2e,0.059463501
GBR,2021,ELEC,Electricity,FFUEL,EUR_TCO2E_GT60,Above EUR 60 per tonne of CO2e,94.04916477
GBR,2021,ELEC,Electricity,FFUEL_BIOF,EUR_TCO2E_GT60,Above EUR 60 per tonne of CO2e,66.2371254
AUT,2021,ENE,Energy use sectors,FFUEL_BIOF,EUR_TCO2E_GT60,Above EUR 60 per tonne of CO2e,31.16598511
AUT,2021,ENE,Energy use sectors,FFUEL,EUR_TCO2E_GT60,Above EUR 60 per tonne of CO2e,41.56476212
BEL,2021,ENE,Energy use sectors,FFUEL,EUR_TCO2E_GT60,Above EUR 60 per tonne of CO2e,24.5338974
BEL,2021,ENE,Energy use sectors,FFUEL_BIOF,EUR_TCO2E_GT60,Above EUR 60 per tonne of CO2e,23.45965576
DNK,2021,ENE,Energy use sectors,FFUEL_BIOF,EUR_TCO2E_GT60,Above EUR 60 per tonne of CO2e,36.48399734
DNK,2021,ENE,Energy use sectors,FFUEL,EUR_TCO2E_GT60,Above EUR 60 per tonne of CO2e,60.66275787
FRA,2021,ENE,Energy use sectors,FFUEL,EUR_TCO2E_GT60,Above EUR 60 per tonne of CO2e,39.59137344
FRA,2021,ENE,Energy use sectors,FFUEL_BIOF,EUR_TCO2E_GT60,Above EUR 60 per tonne of CO2e,32.91466522
DEU,2021,ENE,Energy use sectors,FFUEL,EUR_TCO2E_GT60,Above EUR 60 per tonne of CO2e,24.72238922
DEU,2021,ENE,Energy use sectors,FFUEL_BIOF,EUR_TCO2E_GT60,Above EUR 60 per tonne of CO2e,22.47891998
ITA,2021,ENE,Energy use sectors,FFUEL,EUR_TCO2E_GT60,Above EUR 60 per tonne of CO2e,43.63221359
ITA,2021,ENE,Energy use sectors,FFUEL_BIOF,EUR_TCO2E_GT60,Above EUR 60 per tonne of CO2e,38.05751801
NLD,2021,ENE,Energy use sectors,FFUEL,EUR_TCO2E_GT60,Above EUR 60 per tonne of CO2e,41.60241699
NLD,2021,ENE,Energy use sectors,FFUEL_BIOF,EUR_TCO2E_GT60,Above EUR 60 per tonne of CO2e,37.80858612
POL,2021,ENE,Energy use sectors,FFUEL,EUR_TCO2E_GT60,Above EUR 60 per tonne of CO2e,22.43587494
POL,2021,ENE,Energy use sectors,FFUEL_BIOF,EUR_TCO2E_GT60,Above EUR 60 per tonne of CO2e,20.37216949
ESP,2021,ENE,Energy use sectors,FFUEL,EUR_TCO2E_GT60,Above EUR 60 per tonne of CO2e,41.32178116
ESP,2021,ENE,Energy use sectors,FFUEL_BIOF,EUR_TCO2E_GT60,Above EUR 60 per tonne of CO2e,37.86986542
SWE,2021,ENE,Energy use sectors,FFUEL,EUR_TCO2E_GT60,Above EUR 60 per tonne of CO2e,53.66134644
SWE,2021,ENE,Energy use sectors,FFUEL_BIOF,EUR_TCO2E_GT60,Above EUR 60 per tonne of CO2e,24.68104553
GBR,2021,ENE,Energy use sectors,FFUEL_BIOF,EUR_TCO2E_GT60,Above EUR 60 per tonne of CO2e,41.34907913
GBR,2021,ENE,Energy use sectors,FFUEL,EUR_TCO2E_GT60,Above EUR 60 per tonne of CO2e,46.29024887
AUT,2021,INDUSTRY,Industry,FFUEL_BIOF,EUR_TCO2E_GT30,Above EUR 30 per tonne of CO2e,53.19002151
AUT,2021,INDUSTRY,Industry,FFUEL,EUR_TCO2E_GT30,Above EUR 30 per tonne of CO2e,75.81966209
BEL,2021,INDUSTRY,Industry,FFUEL_BIOF,EUR_TCO2E_GT30,Above EUR 30 per tonne of CO2e,56.62697601
BEL,2021,INDUSTRY,Industry,FFUEL,EUR_TCO2E_GT30,Above EUR 30 per tonne of CO2e,64.67304611
DNK,2021,INDUSTRY,Industry,FFUEL_BIOF,EUR_TCO2E_GT30,Above EUR 30 per tonne of CO2e,41.23978043
DNK,2021,INDUSTRY,Industry,FFUEL,EUR_TCO2E_GT30,Above EUR 30 per tonne of CO2e,90.24924564
FRA,2021,INDUSTRY,Industry,FFUEL,EUR_TCO2E_GT30,Above EUR 30 per tonne of CO2e,62.75400162
FRA,2021,INDUSTRY,Industry,FFUEL_BIOF,EUR_TCO2E_GT30,Above EUR 30 per tonne of CO2e,51.59379959
DEU,2021,INDUSTRY,Industry,FFUEL,EUR_TCO2E_GT30,Above EUR 30 per tonne of CO2e,83.35833931
DEU,2021,INDUSTRY,Industry,FFUEL_BIOF,EUR_TCO2E_GT30,Above EUR 30 per tonne of CO2e,74.24008751
ITA,2021,INDUSTRY,Industry,FFUEL_BIOF,EUR_TCO2E_GT30,Above EUR 30 per tonne of CO2e,65.86669159
ITA,2021,INDUSTRY,Industry,FFUEL,EUR_TCO2E_GT30,Above EUR 30 per tonne of CO2e,71.08529472
NLD,2021,INDUSTRY,Industry,FFUEL_BIOF,EUR_TCO2E_GT30,Above EUR 30 per tonne of CO2e,64.62355423
NLD,2021,INDUSTRY,Industry,FFUEL,EUR_TCO2E_GT30,Above EUR 30 per tonne of CO2e,73.09766006
POL,2021,INDUSTRY,Industry,FFUEL,EUR_TCO2E_GT30,Above EUR 30 per tonne of CO2e,75.55957794
POL,2021,INDUSTRY,Industry,FFUEL_BIOF,EUR_TCO2E_GT30,Above EUR 30 per tonne of CO2e,65.58769226
ESP,2021,INDUSTRY,Industry,FFUEL_BIOF,EUR_TCO2E_GT30,Above EUR 30 per tonne of CO2e,62.68021011
ESP,2021,INDUSTRY,Industry,FFUEL,EUR_TCO2E_GT30,Above EUR 30 per tonne of CO2e,72.72950172
SWE,2021,INDUSTRY,Industry,FFUEL_BIOF,EUR_TCO2E_GT30,Above EUR 30 per tonne of CO2e,22.60547638
SWE,2021,INDUSTRY,Industry,FFUEL,EUR_TCO2E_GT30,Above EUR 30 per tonne of CO2e,74.40898514
GBR,2021,INDUSTRY,Industry,FFUEL,EUR_TCO2E_GT30,Above EUR 30 per tonne of CO2e,60.95234299
GBR,2021,INDUSTRY,Industry,FFUEL_BIOF,EUR_TCO2E_GT30,Above EUR 30 per tonne of CO2e,49.56277084
AUT,2021,RESCOM,Buildings,FFUEL,EUR_TCO2E_GT30,Above EUR 30 per tonne of CO2e,97.98533344
AUT,2021,RESCOM,Buildings,FFUEL_BIOF,EUR_TCO2E_GT30,Above EUR 30 per tonne of CO2e,47.02536011
BEL,2021,RESCOM,Buildings,FFUEL,EUR_TCO2E_GT30,Above EUR 30 per tonne of CO2e,0.583953857
BEL,2021,RESCOM,Buildings,FFUEL_BIOF,EUR_TCO2E_GT30,Above EUR 30 per tonne of CO2e,0.511695862
DNK,2021,RESCOM,Buildings,FFUEL,EUR_TCO2E_GT30,Above EUR 30 per tonne of CO2e,96.9665494
DNK,2021,RESCOM,Buildings,FFUEL_BIOF,EUR_TCO2E_GT30,Above EUR 30 per tonne of CO2e,38.46008301
FRA,2021,RESCOM,Buildings,FFUEL,EUR_TCO2E_GT30,Above EUR 30 per tonne of CO2e,92.47776794
FRA,2021,RESCOM,Buildings,FFUEL_BIOF,EUR_TCO2E_GT30,Above EUR 30 per tonne of CO2e,60.55086517
DEU,2021,RESCOM,Buildings,FFUEL,EUR_TCO2E_GT30,Above EUR 30 per tonne of CO2e,98.83417535
DEU,2021,RESCOM,Buildings,FFUEL_BIOF,EUR_TCO2E_GT30,Above EUR 30 per tonne of CO2e,73.92870712
ITA,2021,RESCOM,Buildings,FFUEL_BIOF,EUR_TCO2E_GT30,Above EUR 30 per tonne of CO2e,43.66011429
ITA,2021,RESCOM,Buildings,FFUEL,EUR_TCO2E_GT30,Above EUR 30 per tonne of CO2e,65.12693787
NLD,2021,RESCOM,Buildings,FFUEL,EUR_TCO2E_GT30,Above EUR 30 per tonne of CO2e,99.1557619
NLD,2021,RESCOM,Buildings,FFUEL_BIOF,EUR_TCO2E_GT30,Above EUR 30 per tonne of CO2e,89.96374416
POL,2021,RESCOM,Buildings,FFUEL_BIOF,EUR_TCO2E_GT30,Above EUR 30 per tonne of CO2e,0.09261322
POL,2021,RESCOM,Buildings,FFUEL,EUR_TCO2E_GT30,Above EUR 30 per tonne of CO2e,0.14994812
ESP,2021,RESCOM,Buildings,FFUEL_BIOF,EUR_TCO2E_GT30,Above EUR 30 per tonne of CO2e,24.68228149
ESP,2021,RESCOM,Buildings,FFUEL,EUR_TCO2E_GT30,Above EUR 30 per tonne of CO2e,33.94850922
SWE,2021,RESCOM,Buildings,FFUEL_BIOF,EUR_TCO2E_GT30,Above EUR 30 per tonne of CO2e,27.05197906
GBR,2021,RESCOM,Buildings,FFUEL_BIOF,EUR_TCO2E_GT30,Above EUR 30 per tonne of CO2e,4.612693787
GBR,2021,RESCOM,Buildings,FFUEL,EUR_TCO2E_GT30,Above EUR 30 per tonne of CO2e,4.862998962
AUT,2021,OFFROAD,Off-road transport,FFUEL_BIOF,EUR_TCO2E_GT30,Above EUR 30 per tonne of CO2e,83.18769073
AUT,2021,OFFROAD,Off-road transport,FFUEL,EUR_TCO2E_GT30,Above EUR 30 per tonne of CO2e,84.02293491
BEL,2021,OFFROAD,Off-road transport,FFUEL,EUR_TCO2E_GT30,Above EUR 30 per tonne of CO2e,1.995803833
BEL,2021,OFFROAD,Off-road transport,FFUEL_BIOF,EUR_TCO2E_GT30,Above EUR 30 per tonne of CO2e,1.995803833
DNK,2021,OFFROAD,Off-road transport,FFUEL,EUR_TCO2E_GT30,Above EUR 30 per tonne of CO2e,7.767616272
DNK,2021,OFFROAD,Off-road transport,FFUEL_BIOF,EUR_TCO2E_GT30,Above EUR 30 per tonne of CO2e,7.767616272
FRA,2021,OFFROAD,Off-road transport,FFUEL_BIOF,EUR_TCO2E_GT30,Above EUR 30 per tonne of CO2e,48.13534927
FRA,2021,OFFROAD,Off-road transport,FFUEL,EUR_TCO2E_GT30,Above EUR 30 per tonne of CO2e,48.46536636
DEU,2021,OFFROAD,Off-road transport,FFUEL_BIOF,EUR_TCO2E_GT30,Above EUR 30 per tonne of CO2e,73.40786743
DEU,2021,OFFROAD,Off-road transport,FFUEL,EUR_TCO2E_GT30,Above EUR 30 per tonne of CO2e,72.95537376
ITA,2021,OFFROAD,Off-road transport,FFUEL_BIOF,EUR_TCO2E_GT30,Above EUR 30 per tonne of CO2e,42.54040527
ITA,2021,OFFROAD,Off-road transport,FFUEL,EUR_TCO2E_GT30,Above EUR 30 per tonne of CO2e,42.54040527
NLD,2021,OFFROAD,Off-road transport,FFUEL,EUR_TCO2E_GT30,Above EUR 30 per tonne of CO2e,9.877685547
NLD,2021,OFFROAD,Off-road transport,FFUEL_BIOF,EUR_TCO2E_GT30,Above EUR 30 per tonne of CO2e,10.67816925
POL,2021,OFFROAD,Off-road transport,FFUEL_BIOF,EUR_TCO2E_GT30,Above EUR 30 per tonne of CO2e,91.02763462
POL,2021,OFFROAD,Off-road transport,FFUEL,EUR_TCO2E_GT30,Above EUR 30 per tonne of CO2e,91.02763462
ESP,2021,OFFROAD,Off-road transport,FFUEL,EUR_TCO2E_GT30,Above EUR 30 per tonne of CO2e,45.03567505
ESP,2021,OFFROAD,Off-road transport,FFUEL_BIOF,EUR_TCO2E_GT30,Above EUR 30 per tonne of CO2e,45.10824203
SWE,2021,OFFROAD,Off-road transport,FFUEL,EUR_TCO2E_GT30,Above EUR 30 per tonne of CO2e,37.65135574
SWE,2021,OFFROAD,Off-road transport,FFUEL_BIOF,EUR_TCO2E_GT30,Above EUR 30 per tonne of CO2e,36.25805283
GBR,2021,OFFROAD,Off-road transport,FFUEL_BIOF,EUR_TCO2E_GT30,Above EUR 30 per tonne of CO2e,59.56126404
GBR,2021,OFFROAD,Off-road transport,FFUEL,EUR_TCO2E_GT30,Above EUR 30 per tonne of CO2e,59.56126404
AUT,2021,ROAD,Road transport,FFUEL_BIOF,EUR_TCO2E_GT30,Above EUR 30 per tonne of CO2e,99.82712545
AUT,2021,ROAD,Road transport,FFUEL,EUR_TCO2E_GT30,Above EUR 30 per tonne of CO2e,99.8203048
BEL,2021,ROAD,Road transport,FFUEL,EUR_TCO2E_GT30,Above EUR 30 per tonne of CO2e,98.71994555
BEL,2021,ROAD,Road transport,FFUEL_BIOF,EUR_TCO2E_GT30,Above EUR 30 per tonne of CO2e,98.83358598
DNK,2021,ROAD,Road transport,FFUEL_BIOF,EUR_TCO2E_GT30,Above EUR 30 per tonne of CO2e,99.96128874
DEU,2021,ROAD,Road transport,FFUEL_BIOF,EUR_TCO2E_GT30,Above EUR 30 per tonne of CO2e,99.99699323
ITA,2021,ROAD,Road transport,FFUEL,EUR_TCO2E_GT30,Above EUR 30 per tonne of CO2e,97.15327287
ITA,2021,ROAD,Road transport,FFUEL_BIOF,EUR_TCO2E_GT30,Above EUR 30 per tonne of CO2e,97.27415586
POL,2021,ROAD,Road transport,FFUEL_BIOF,EUR_TCO2E_GT30,Above EUR 30 per tonne of CO2e,99.9050068
POL,2021,ROAD,Road transport,FFUEL,EUR_TCO2E_GT30,Above EUR 30 per tonne of CO2e,99.9001856
ESP,2021,ROAD,Road transport,FFUEL,EUR_TCO2E_GT30,Above EUR 30 per tonne of CO2e,99.03272855
ESP,2021,ROAD,Road transport,FFUEL_BIOF,EUR_TCO2E_GT30,Above EUR 30 per tonne of CO2e,99.08129036
SWE,2021,ROAD,Road transport,FFUEL_BIOF,EUR_TCO2E_GT30,Above EUR 30 per tonne of CO2e,91.60022926
GBR,2021,ROAD,Road transport,FFUEL,EUR_TCO2E_GT30,Above EUR 30 per tonne of CO2e,99.82207438
GBR,2021,ROAD,Road transport,FFUEL_BIOF,EUR_TCO2E_GT30,Above EUR 30 per tonne of CO2e,99.82907738
AUT,2021,AGRIFISH,Agriculture & fisheries,FFUEL_BIOF,EUR_TCO2E_GT30,Above EUR 30 per tonne of CO2e,47.18198395
AUT,2021,AGRIFISH,Agriculture & fisheries,FFUEL,EUR_TCO2E_GT30,Above EUR 30 per tonne of CO2e,99.13662493
BEL,2021,AGRIFISH,Agriculture & fisheries,FFUEL,EUR_TCO2E_GT30,Above EUR 30 per tonne of CO2e,1.155426025
BEL,2021,AGRIFISH,Agriculture & fisheries,FFUEL_BIOF,EUR_TCO2E_GT30,Above EUR 30 per tonne of CO2e,1.1016922
DNK,2021,AGRIFISH,Agriculture & fisheries,FFUEL_BIOF,EUR_TCO2E_GT30,Above EUR 30 per tonne of CO2e,1.607162476
DNK,2021,AGRIFISH,Agriculture & fisheries,FFUEL,EUR_TCO2E_GT30,Above EUR 30 per tonne of CO2e,1.926643372
FRA,2021,AGRIFISH,Agriculture & fisheries,FFUEL_BIOF,EUR_TCO2E_GT30,Above EUR 30 per tonne of CO2e,0.820808411
FRA,2021,AGRIFISH,Agriculture & fisheries,FFUEL,EUR_TCO2E_GT30,Above EUR 30 per tonne of CO2e,0.931808472
DEU,2021,AGRIFISH,Agriculture & fisheries,FFUEL_BIOF,EUR_TCO2E_GT30,Above EUR 30 per tonne of CO2e,77.21492767
DEU,2021,AGRIFISH,Agriculture & fisheries,FFUEL,EUR_TCO2E_GT30,Above EUR 30 per tonne of CO2e,99.30245835
ITA,2021,AGRIFISH,Agriculture & fisheries,FFUEL_BIOF,EUR_TCO2E_GT30,Above EUR 30 per tonne of CO2e,84.38717937
ITA,2021,AGRIFISH,Agriculture & fisheries,FFUEL,EUR_TCO2E_GT30,Above EUR 30 per tonne of CO2e,86.51879787
NLD,2021,AGRIFISH,Agriculture & fisheries,FFUEL,EUR_TCO2E_GT30,Above EUR 30 per tonne of CO2e,67.35205841
NLD,2021,AGRIFISH,Agriculture & fisheries,FFUEL_BIOF,EUR_TCO2E_GT30,Above EUR 30 per tonne of CO2e,60.06430435
POL,2021,AGRIFISH,Agriculture & fisheries,FFUEL,EUR_TCO2E_GT30,Above EUR 30 per tonne of CO2e,73.93111992
POL,2021,AGRIFISH,Agriculture & fisheries,FFUEL_BIOF,EUR_TCO2E_GT30,Above EUR 30 per tonne of CO2e,58.17334747
ESP,2021,AGRIFISH,Agriculture & fisheries,FFUEL,EUR_TCO2E_GT30,Above EUR 30 per tonne of CO2e,82.03544044
ESP,2021,AGRIFISH,Agriculture & fisheries,FFUEL_BIOF,EUR_TCO2E_GT30,Above EUR 30 per tonne of CO2e,78.77672958
SWE,2021,AGRIFISH,Agriculture & fisheries,FFUEL_BIOF,EUR_TCO2E_GT30,Above EUR 30 per tonne of CO2e,66.10529709
GBR,2021,AGRIFISH,Agriculture & fisheries,FFUEL,EUR_TCO2E_GT30,Above EUR 30 per tonne of CO2e,55.3107338
GBR,2021,AGRIFISH,Agriculture & fisheries,FFUEL_BIOF,EUR_TCO2E_GT30,Above EUR 30 per tonne of CO2e,46.21147919
AUT,2021,ELEC,Electricity,FFUEL_BIOF,EUR_TCO2E_GT30,Above EUR 30 per tonne of CO2e,67.17802811
BEL,2021,ELEC,Electricity,FFUEL_BIOF,EUR_TCO2E_GT30,Above EUR 30 per tonne of CO2e,69.31510925
BEL,2021,ELEC,Electricity,FFUEL,EUR_TCO2E_GT30,Above EUR 30 per tonne of CO2e,90.03177834
DNK,2021,ELEC,Electricity,FFUEL,EUR_TCO2E_GT30,Above EUR 30 per tonne of CO2e,99.99998808
DNK,2021,ELEC,Electricity,FFUEL_BIOF,EUR_TCO2E_GT30,Above EUR 30 per tonne of CO2e,43.57502365
FRA,2021,ELEC,Electricity,FFUEL_BIOF,EUR_TCO2E_GT30,Above EUR 30 per tonne of CO2e,81.32281494
DEU,2021,ELEC,Electricity,FFUEL_BIOF,EUR_TCO2E_GT30,Above EUR 30 per tonne of CO2e,86.65265179
DEU,2021,ELEC,Electricity,FFUEL,EUR_TCO2E_GT30,Above EUR 30 per tonne of CO2e,99.99998808
ITA,2021,ELEC,Electricity,FFUEL_BIOF,EUR_TCO2E_GT30,Above EUR 30 per tonne of CO2e,81.773283
NLD,2021,ELEC,Electricity,FFUEL_BIOF,EUR_TCO2E_GT30,Above EUR 30 per tonne of CO2e,81.56846809
POL,2021,ELEC,Electricity,FFUEL_BIOF,EUR_TCO2E_GT30,Above EUR 30 per tonne of CO2e,95.67536259
ESP,2021,ELEC,Electricity,FFUEL_BIOF,EUR_TCO2E_GT30,Above EUR 30 per tonne of CO2e,83.29482079
SWE,2021,ELEC,Electricity,FFUEL,EUR_TCO2E_GT30,Above EUR 30 per tonne of CO2e,91.77922058
SWE,2021,ELEC,Electricity,FFUEL_BIOF,EUR_TCO2E_GT30,Above EUR 30 per tonne of CO2e,26.49843597
GBR,2021,ELEC,Electricity,FFUEL_BIOF,EUR_TCO2E_GT30,Above EUR 30 per tonne of CO2e,68.91565132
GBR,2021,ELEC,Electricity,FFUEL,EUR_TCO2E_GT30,Above EUR 30 per tonne of CO2e,97.85236716
AUT,2021,ENE,Energy use sectors,FFUEL_BIOF,EUR_TCO2E_GT30,Above EUR 30 per tonne of CO2e,64.45424652
AUT,2021,ENE,Energy use sectors,FFUEL,EUR_TCO2E_GT30,Above EUR 30 per tonne of CO2e,88.13283539
BEL,2021,ENE,Energy use sectors,FFUEL,EUR_TCO2E_GT30,Above EUR 30 per tonne of CO2e,58.46565247
BEL,2021,ENE,Energy use sectors,FFUEL_BIOF,EUR_TCO2E_GT30,Above EUR 30 per tonne of CO2e,53.01462936
DNK,2021,ENE,Energy use sectors,FFUEL,EUR_TCO2E_GT30,Above EUR 30 per tonne of CO2e,89.57703304
DNK,2021,ENE,Energy use sectors,FFUEL_BIOF,EUR_TCO2E_GT30,Above EUR 30 per tonne of CO2e,53.15935135
FRA,2021,ENE,Energy use sectors,FFUEL,EUR_TCO2E_GT30,Above EUR 30 per tonne of CO2e,82.69197655
FRA,2021,ENE,Energy use sectors,FFUEL_BIOF,EUR_TCO2E_GT30,Above EUR 30 per tonne of CO2e,69.87283516
DEU,2021,ENE,Energy use sectors,FFUEL_BIOF,EUR_TCO2E_GT30,Above EUR 30 per tonne of CO2e,82.43806076
DEU,2021,ENE,Energy use sectors,FFUEL,EUR_TCO2E_GT30,Above EUR 30 per tonne of CO2e,94.14046192
ITA,2021,ENE,Energy use sectors,FFUEL_BIOF,EUR_TCO2E_GT30,Above EUR 30 per tonne of CO2e,72.31423187
ITA,2021,ENE,Energy use sectors,FFUEL,EUR_TCO2E_GT30,Above EUR 30 per tonne of CO2e,84.12184048
NLD,2021,ENE,Energy use sectors,FFUEL,EUR_TCO2E_GT30,Above EUR 30 per tonne of CO2e,87.27401352
NLD,2021,ENE,Energy use sectors,FFUEL_BIOF,EUR_TCO2E_GT30,Above EUR 30 per tonne of CO2e,77.94325256
POL,2021,ENE,Energy use sectors,FFUEL,EUR_TCO2E_GT30,Above EUR 30 per tonne of CO2e,80.03193474
POL,2021,ENE,Energy use sectors,FFUEL_BIOF,EUR_TCO2E_GT30,Above EUR 30 per tonne of CO2e,70.25407791
ESP,2021,ENE,Energy use sectors,FFUEL,EUR_TCO2E_GT30,Above EUR 30 per tonne of CO2e,80.66159248
ESP,2021,ENE,Energy use sectors,FFUEL_BIOF,EUR_TCO2E_GT30,Above EUR 30 per tonne of CO2e,72.33176613
SWE,2021,ENE,Energy use sectors,FFUEL,EUR_TCO2E_GT30,Above EUR 30 per tonne of CO2e,86.23503971
SWE,2021,ENE,Energy use sectors,FFUEL_BIOF,EUR_TCO2E_GT30,Above EUR 30 per tonne of CO2e,37.64169312
GBR,2021,ENE,Energy use sectors,FFUEL,EUR_TCO2E_GT30,Above EUR 30 per tonne of CO2e,62.59704971
GBR,2021,ENE,Energy use sectors,FFUEL_BIOF,EUR_TCO2E_GT30,Above EUR 30 per tonne of CO2e,55.53790283
AUT,2021,INDUSTRY,Industry,FFUEL_BIOF,EUR_TCO2E_GT5,Above EUR 5 per tonne of CO2e,54.23403549
AUT,2021,INDUSTRY,Industry,FFUEL,EUR_TCO2E_GT5,Above EUR 5 per tonne of CO2e,77.3078537
BEL,2021,INDUSTRY,Industry,FFUEL_BIOF,EUR_TCO2E_GT5,Above EUR 5 per tonne of CO2e,57.50318527
BEL,2021,INDUSTRY,Industry,FFUEL,EUR_TCO2E_GT5,Above EUR 5 per tonne of CO2e,65.67375183
DNK,2021,INDUSTRY,Industry,FFUEL,EUR_TCO2E_GT5,Above EUR 5 per tonne of CO2e,90.24924564
DNK,2021,INDUSTRY,Industry,FFUEL_BIOF,EUR_TCO2E_GT5,Above EUR 5 per tonne of CO2e,41.93154907
FRA,2021,INDUSTRY,Industry,FFUEL,EUR_TCO2E_GT5,Above EUR 5 per tonne of CO2e,71.71209908
FRA,2021,INDUSTRY,Industry,FFUEL_BIOF,EUR_TCO2E_GT5,Above EUR 5 per tonne of CO2e,58.95878601
DEU,2021,INDUSTRY,Industry,FFUEL,EUR_TCO2E_GT5,Above EUR 5 per tonne of CO2e,86.93296432
DEU,2021,INDUSTRY,Industry,FFUEL_BIOF,EUR_TCO2E_GT5,Above EUR 5 per tonne of CO2e,77.42477989
ITA,2021,INDUSTRY,Industry,FFUEL,EUR_TCO2E_GT5,Above EUR 5 per tonne of CO2e,83.13778877
ITA,2021,INDUSTRY,Industry,FFUEL_BIOF,EUR_TCO2E_GT5,Above EUR 5 per tonne of CO2e,77.03437233
NLD,2021,INDUSTRY,Industry,FFUEL_BIOF,EUR_TCO2E_GT5,Above EUR 5 per tonne of CO2e,66.0283165
NLD,2021,INDUSTRY,Industry,FFUEL,EUR_TCO2E_GT5,Above EUR 5 per tonne of CO2e,74.69227219
POL,2021,INDUSTRY,Industry,FFUEL,EUR_TCO2E_GT5,Above EUR 5 per tonne of CO2e,75.55957794
POL,2021,INDUSTRY,Industry,FFUEL_BIOF,EUR_TCO2E_GT5,Above EUR 5 per tonne of CO2e,65.58769226
ESP,2021,INDUSTRY,Industry,FFUEL,EUR_TCO2E_GT5,Above EUR 5 per tonne of CO2e,79.62255096
ESP,2021,INDUSTRY,Industry,FFUEL_BIOF,EUR_TCO2E_GT5,Above EUR 5 per tonne of CO2e,68.7407589
SWE,2021,INDUSTRY,Industry,FFUEL,EUR_TCO2E_GT5,Above EUR 5 per tonne of CO2e,76.5495472
SWE,2021,INDUSTRY,Industry,FFUEL_BIOF,EUR_TCO2E_GT5,Above EUR 5 per tonne of CO2e,23.24666595
GBR,2021,INDUSTRY,Industry,FFUEL_BIOF,EUR_TCO2E_GT5,Above EUR 5 per tonne of CO2e,65.052742
GBR,2021,INDUSTRY,Industry,FFUEL,EUR_TCO2E_GT5,Above EUR 5 per tonne of CO2e,80.00192451
AUT,2021,RESCOM,Buildings,FFUEL_BIOF,EUR_TCO2E_GT5,Above EUR 5 per tonne of CO2e,47.98804092
AUT,2021,RESCOM,Buildings,FFUEL,EUR_TCO2E_GT5,Above EUR 5 per tonne of CO2e,99.9912413
BEL,2021,RESCOM,Buildings,FFUEL,EUR_TCO2E_GT5,Above EUR 5 per tonne of CO2e,41.24782181
BEL,2021,RESCOM,Buildings,FFUEL_BIOF,EUR_TCO2E_GT5,Above EUR 5 per tonne of CO2e,36.14399719
DNK,2021,RESCOM,Buildings,FFUEL_BIOF,EUR_TCO2E_GT5,Above EUR 5 per tonne of CO2e,38.77305603
DNK,2021,RESCOM,Buildings,FFUEL,EUR_TCO2E_GT5,Above EUR 5 per tonne of CO2e,96.9665494
FRA,2021,RESCOM,Buildings,FFUEL_BIOF,EUR_TCO2E_GT5,Above EUR 5 per tonne of CO2e,63.72431564
FRA,2021,RESCOM,Buildings,FFUEL,EUR_TCO2E_GT5,Above EUR 5 per tonne of CO2e,97.32449102
DEU,2021,RESCOM,Buildings,FFUEL_BIOF,EUR_TCO2E_GT5,Above EUR 5 per tonne of CO2e,74.25552368
DEU,2021,RESCOM,Buildings,FFUEL,EUR_TCO2E_GT5,Above EUR 5 per tonne of CO2e,98.83417535
ITA,2021,RESCOM,Buildings,FFUEL_BIOF,EUR_TCO2E_GT5,Above EUR 5 per tonne of CO2e,67.0333786
ITA,2021,RESCOM,Buildings,FFUEL,EUR_TCO2E_GT5,Above EUR 5 per tonne of CO2e,99.99237526
NLD,2021,RESCOM,Buildings,FFUEL,EUR_TCO2E_GT5,Above EUR 5 per tonne of CO2e,99.47353178
NLD,2021,RESCOM,Buildings,FFUEL_BIOF,EUR_TCO2E_GT5,Above EUR 5 per tonne of CO2e,90.2517643
POL,2021,RESCOM,Buildings,FFUEL_BIOF,EUR_TCO2E_GT5,Above EUR 5 per tonne of CO2e,2.349189758
POL,2021,RESCOM,Buildings,FFUEL,EUR_TCO2E_GT5,Above EUR 5 per tonne of CO2e,3.803817749
ESP,2021,RESCOM,Buildings,FFUEL_BIOF,EUR_TCO2E_GT5,Above EUR 5 per tonne of CO2e,71.91601181
ESP,2021,RESCOM,Buildings,FFUEL,EUR_TCO2E_GT5,Above EUR 5 per tonne of CO2e,98.41869652
SWE,2021,RESCOM,Buildings,FFUEL_BIOF,EUR_TCO2E_GT5,Above EUR 5 per tonne of CO2e,27.05197906
GBR,2021,RESCOM,Buildings,FFUEL_BIOF,EUR_TCO2E_GT5,Above EUR 5 per tonne of CO2e,22.79203033
GBR,2021,RESCOM,Buildings,FFUEL,EUR_TCO2E_GT5,Above EUR 5 per tonne of CO2e,24.02879333
AUT,2021,OFFROAD,Off-road transport,FFUEL_BIOF,EUR_TCO2E_GT5,Above EUR 5 per tonne of CO2e,83.24671173
AUT,2021,OFFROAD,Off-road transport,FFUEL,EUR_TCO2E_GT5,Above EUR 5 per tonne of CO2e,84.0825491
BEL,2021,OFFROAD,Off-road transport,FFUEL_BIOF,EUR_TCO2E_GT5,Above EUR 5 per tonne of CO2e,1.995803833
BEL,2021,OFFROAD,Off-road transport,FFUEL,EUR_TCO2E_GT5,Above EUR 5 per tonne of CO2e,1.995803833
DNK,2021,OFFROAD,Off-road transport,FFUEL,EUR_TCO2E_GT5,Above EUR 5 per tonne of CO2e,35.06134033
DNK,2021,OFFROAD,Off-road transport,FFUEL_BIOF,EUR_TCO2E_GT5,Above EUR 5 per tonne of CO2e,35.06134033
FRA,2021,OFFROAD,Off-road transport,FFUEL_BIOF,EUR_TCO2E_GT5,Above EUR 5 per tonne of CO2e,48.13534927
FRA,2021,OFFROAD,Off-road transport,FFUEL,EUR_TCO2E_GT5,Above EUR 5 per tonne of CO2e,48.46536636
DEU,2021,OFFROAD,Off-road transport,FFUEL_BIOF,EUR_TCO2E_GT5,Above EUR 5 per tonne of CO2e,99.48084301
DEU,2021,OFFROAD,Off-road transport,FFUEL,EUR_TCO2E_GT5,Above EUR 5 per tonne of CO2e,99.472009
ITA,2021,OFFROAD,Off-road transport,FFUEL,EUR_TCO2E_GT5,Above EUR 5 per tonne of CO2e,42.54040527
ITA,2021,OFFROAD,Off-road transport,FFUEL_BIOF,EUR_TCO2E_GT5,Above EUR 5 per tonne of CO2e,42.54040527
NLD,2021,OFFROAD,Off-road transport,FFUEL_BIOF,EUR_TCO2E_GT5,Above EUR 5 per tonne of CO2e,10.67816925
NLD,2021,OFFROAD,Off-road transport,FFUEL,EUR_TCO2E_GT5,Above EUR 5 per tonne of CO2e,9.877685547
POL,2021,OFFROAD,Off-road transport,FFUEL,EUR_TCO2E_GT5,Above EUR 5 per tonne of CO2e,91.02763462
POL,2021,OFFROAD,Off-road transport,FFUEL_BIOF,EUR_TCO2E_GT5,Above EUR 5 per tonne of CO2e,91.02763462
ESP,2021,OFFROAD,Off-road transport,FFUEL,EUR_TCO2E_GT5,Above EUR 5 per tonne of CO2e,45.10245132
ESP,2021,OFFROAD,Off-road transport,FFUEL_BIOF,EUR_TCO2E_GT5,Above EUR 5 per tonne of CO2e,45.17490387
SWE,2021,OFFROAD,Off-road transport,FFUEL,EUR_TCO2E_GT5,Above EUR 5 per tonne of CO2e,37.65135574
SWE,2021,OFFROAD,Off-road transport,FFUEL_BIOF,EUR_TCO2E_GT5,Above EUR 5 per tonne of CO2e,36.25805283
GBR,2021,OFFROAD,Off-road transport,FFUEL_BIOF,EUR_TCO2E_GT5,Above EUR 5 per tonne of CO2e,59.56126404
GBR,2021,OFFROAD,Off-road transport,FFUEL,EUR_TCO2E_GT5,Above EUR 5 per tonne of CO2e,59.56126404
AUT,2021,ELEC,Electricity,FFUEL_BIOF,EUR_TCO2E_GT5,Above EUR 5 per tonne of CO2e,67.17802811
BEL,2021,ELEC,Electricity,FFUEL_BIOF,EUR_TCO2E_GT5,Above EUR 5 per tonne of CO2e,69.31510925
BEL,2021,ELEC,Electricity,FFUEL,EUR_TCO2E_GT5,Above EUR 5 per tonne of CO2e,90.03177834
DNK,2021,ELEC,Electricity,FFUEL,EUR_TCO2E_GT5,Above EUR 5 per tonne of CO2e,99.99998808
DNK,2021,ELEC,Electricity,FFUEL_BIOF,EUR_TCO2E_GT5,Above EUR 5 per tonne of CO2e,43.57502365
FRA,2021,ELEC,Electricity,FFUEL_BIOF,EUR_TCO2E_GT5,Above EUR 5 per tonne of CO2e,81.32281494
DEU,2021,ELEC,Electricity,FFUEL_BIOF,EUR_TCO2E_GT5,Above EUR 5 per tonne of CO2e,86.65265179
DEU,2021,ELEC,Electricity,FFUEL,EUR_TCO2E_GT5,Above EUR 5 per tonne of CO2e,99.99998808
ITA,2021,ELEC,Electricity,FFUEL_BIOF,EUR_TCO2E_GT5,Above EUR 5 per tonne of CO2e,81.773283
NLD,2021,ELEC,Electricity,FFUEL_BIOF,EUR_TCO2E_GT5,Above EUR 5 per tonne of CO2e,81.56846809
POL,2021,ELEC,Electricity,FFUEL_BIOF,EUR_TCO2E_GT5,Above EUR 5 per tonne of CO2e,95.67536259
ESP,2021,ELEC,Electricity,FFUEL_BIOF,EUR_TCO2E_GT5,Above EUR 5 per tonne of CO2e,83.29482079
SWE,2021,ELEC,Electricity,FFUEL_BIOF,EUR_TCO2E_GT5,Above EUR 5 per tonne of CO2e,26.49843597
SWE,2021,ELEC,Electricity,FFUEL,EUR_TCO2E_GT5,Above EUR 5 per tonne of CO2e,91.77922058
GBR,2021,ELEC,Electricity,FFUEL,EUR_TCO2E_GT5,Above EUR 5 per tonne of CO2e,99.91652852
GBR,2021,ELEC,Electricity,FFUEL_BIOF,EUR_TCO2E_GT5,Above EUR 5 per tonne of CO2e,70.36940384
AUT,2021,AGRIFISH,Agriculture & fisheries,FFUEL_BIOF,EUR_TCO2E_GT5,Above EUR 5 per tonne of CO2e,47.59289169
BEL,2021,AGRIFISH,Agriculture & fisheries,FFUEL_BIOF,EUR_TCO2E_GT5,Above EUR 5 per tonne of CO2e,1.1016922
BEL,2021,AGRIFISH,Agriculture & fisheries,FFUEL,EUR_TCO2E_GT5,Above EUR 5 per tonne of CO2e,1.155426025
DNK,2021,AGRIFISH,Agriculture & fisheries,FFUEL,EUR_TCO2E_GT5,Above EUR 5 per tonne of CO2e,71.82103729
DNK,2021,AGRIFISH,Agriculture & fisheries,FFUEL_BIOF,EUR_TCO2E_GT5,Above EUR 5 per tonne of CO2e,60.24313736
FRA,2021,AGRIFISH,Agriculture & fisheries,FFUEL_BIOF,EUR_TCO2E_GT5,Above EUR 5 per tonne of CO2e,66.95253754
FRA,2021,AGRIFISH,Agriculture & fisheries,FFUEL,EUR_TCO2E_GT5,Above EUR 5 per tonne of CO2e,76.00666618
DEU,2021,AGRIFISH,Agriculture & fisheries,FFUEL_BIOF,EUR_TCO2E_GT5,Above EUR 5 per tonne of CO2e,81.32493782
ITA,2021,AGRIFISH,Agriculture & fisheries,FFUEL,EUR_TCO2E_GT5,Above EUR 5 per tonne of CO2e,93.49463701
ITA,2021,AGRIFISH,Agriculture & fisheries,FFUEL_BIOF,EUR_TCO2E_GT5,Above EUR 5 per tonne of CO2e,91.19114971
NLD,2021,AGRIFISH,Agriculture & fisheries,FFUEL,EUR_TCO2E_GT5,Above EUR 5 per tonne of CO2e,93.634161
NLD,2021,AGRIFISH,Agriculture & fisheries,FFUEL_BIOF,EUR_TCO2E_GT5,Above EUR 5 per tonne of CO2e,82.97741508
POL,2021,AGRIFISH,Agriculture & fisheries,FFUEL,EUR_TCO2E_GT5,Above EUR 5 per tonne of CO2e,73.93111992
POL,2021,AGRIFISH,Agriculture & fisheries,FFUEL_BIOF,EUR_TCO2E_GT5,Above EUR 5 per tonne of CO2e,58.17334747
ESP,2021,AGRIFISH,Agriculture & fisheries,FFUEL_BIOF,EUR_TCO2E_GT5,Above EUR 5 per tonne of CO2e,84.37656975
ESP,2021,AGRIFISH,Agriculture & fisheries,FFUEL,EUR_TCO2E_GT5,Above EUR 5 per tonne of CO2e,87.7939682
SWE,2021,AGRIFISH,Agriculture & fisheries,FFUEL_BIOF,EUR_TCO2E_GT5,Above EUR 5 per tonne of CO2e,66.10529709
GBR,2021,AGRIFISH,Agriculture & fisheries,FFUEL_BIOF,EUR_TCO2E_GT5,Above EUR 5 per tonne of CO2e,62.23713303
GBR,2021,AGRIFISH,Agriculture & fisheries,FFUEL,EUR_TCO2E_GT5,Above EUR 5 per tonne of CO2e,74.49191856
AUT,2021,ROAD,Road transport,FFUEL_BIOF,EUR_TCO2E_GT5,Above EUR 5 per tonne of CO2e,99.82712545
AUT,2021,ROAD,Road transport,FFUEL,EUR_TCO2E_GT5,Above EUR 5 per tonne of CO2e,99.8203048
BEL,2021,ROAD,Road transport,FFUEL_BIOF,EUR_TCO2E_GT5,Above EUR 5 per tonne of CO2e,98.83358598
BEL,2021,ROAD,Road transport,FFUEL,EUR_TCO2E_GT5,Above EUR 5 per tonne of CO2e,98.71994555
DNK,2021,ROAD,Road transport,FFUEL_BIOF,EUR_TCO2E_GT5,Above EUR 5 per tonne of CO2e,99.96128874
DEU,2021,ROAD,Road transport,FFUEL_BIOF,EUR_TCO2E_GT5,Above EUR 5 per tonne of CO2e,99.99701608
ITA,2021,ROAD,Road transport,FFUEL_BIOF,EUR_TCO2E_GT5,Above EUR 5 per tonne of CO2e,97.27415586
ITA,2021,ROAD,Road transport,FFUEL,EUR_TCO2E_GT5,Above EUR 5 per tonne of CO2e,97.15327287
ESP,2021,ROAD,Road transport,FFUEL,EUR_TCO2E_GT5,Above EUR 5 per tonne of CO2e,99.99972365
ESP,2021,ROAD,Road transport,FFUEL_BIOF,EUR_TCO2E_GT5,Above EUR 5 per tonne of CO2e,99.99973753
SWE,2021,ROAD,Road transport,FFUEL_BIOF,EUR_TCO2E_GT5,Above EUR 5 per tonne of CO2e,91.60022926
GBR,2021,ROAD,Road transport,FFUEL_BIOF,EUR_TCO2E_GT5,Above EUR 5 per tonne of CO2e,99.82907738
GBR,2021,ROAD,Road transport,FFUEL,EUR_TCO2E_GT5,Above EUR 5 per tonne of CO2e,99.82207438
AUT,2021,ENE,Energy use sectors,FFUEL,EUR_TCO2E_GT5,Above EUR 5 per tonne of CO2e,89.10788155
BEL,2021,ENE,Energy use sectors,FFUEL,EUR_TCO2E_GT5,Above EUR 5 per tonne of CO2e,69.03036308
DNK,2021,ENE,Energy use sectors,FFUEL,EUR_TCO2E_GT5,Above EUR 5 per tonne of CO2e,93.53558302
FRA,2021,ENE,Energy use sectors,FFUEL,EUR_TCO2E_GT5,Above EUR 5 per tonne of CO2e,89.02466965
DEU,2021,ENE,Energy use sectors,FFUEL,EUR_TCO2E_GT5,Above EUR 5 per tonne of CO2e,95.49345303
ITA,2021,ENE,Energy use sectors,FFUEL,EUR_TCO2E_GT5,Above EUR 5 per tonne of CO2e,94.21846437
NLD,2021,ENE,Energy use sectors,FFUEL,EUR_TCO2E_GT5,Above EUR 5 per tonne of CO2e,89.192173
POL,2021,ENE,Energy use sectors,FFUEL,EUR_TCO2E_GT5,Above EUR 5 per tonne of CO2e,80.52385139
ESP,2021,ENE,Energy use sectors,FFUEL,EUR_TCO2E_GT5,Above EUR 5 per tonne of CO2e,90.79264069
SWE,2021,ENE,Energy use sectors,FFUEL,EUR_TCO2E_GT5,Above EUR 5 per tonne of CO2e,87.27831268
GBR,2021,ENE,Energy use sectors,FFUEL,EUR_TCO2E_GT5,Above EUR 5 per tonne of CO2e,73.26244545
AUT,2021,ENE,Energy use sectors,FFUEL_BIOF,EUR_TCO2E_GT5,Above EUR 5 per tonne of CO2e,65.15123749
BEL,2021,ENE,Energy use sectors,FFUEL_BIOF,EUR_TCO2E_GT5,Above EUR 5 per tonne of CO2e,62.2166214
DNK,2021,ENE,Energy use sectors,FFUEL_BIOF,EUR_TCO2E_GT5,Above EUR 5 per tonne of CO2e,55.78934479
FRA,2021,ENE,Energy use sectors,FFUEL_BIOF,EUR_TCO2E_GT5,Above EUR 5 per tonne of CO2e,75.04649925
DEU,2021,ENE,Energy use sectors,FFUEL_BIOF,EUR_TCO2E_GT5,Above EUR 5 per tonne of CO2e,83.72035599
ITA,2021,ENE,Energy use sectors,FFUEL_BIOF,EUR_TCO2E_GT5,Above EUR 5 per tonne of CO2e,80.85659599
NLD,2021,ENE,Energy use sectors,FFUEL_BIOF,EUR_TCO2E_GT5,Above EUR 5 per tonne of CO2e,79.6288662
POL,2021,ENE,Energy use sectors,FFUEL_BIOF,EUR_TCO2E_GT5,Above EUR 5 per tonne of CO2e,70.68010902
ESP,2021,ENE,Energy use sectors,FFUEL_BIOF,EUR_TCO2E_GT5,Above EUR 5 per tonne of CO2e,81.30006599
SWE,2021,ENE,Energy use sectors,FFUEL_BIOF,EUR_TCO2E_GT5,Above EUR 5 per tonne of CO2e,38.05680084
GBR,2021,ENE,Energy use sectors,FFUEL_BIOF,EUR_TCO2E_GT5,Above EUR 5 per tonne of CO2e,64.81803894
AUT,2021,INDUSTRY,Industry,FFUEL_BIOF,EUR_TCO2E_GT0,Above EUR 0 per tonne of CO2e,54.23403549
AUT,2021,INDUSTRY,Industry,FFUEL,EUR_TCO2E_GT0,Above EUR 0 per tonne of CO2e,77.3078537
BEL,2021,INDUSTRY,Industry,FFUEL,EUR_TCO2E_GT0,Above EUR 0 per tonne of CO2e,71.46648979
BEL,2021,INDUSTRY,Industry,FFUEL_BIOF,EUR_TCO2E_GT0,Above EUR 0 per tonne of CO2e,62.78123093
DNK,2021,INDUSTRY,Industry,FFUEL,EUR_TCO2E_GT0,Above EUR 0 per tonne of CO2e,90.24924564
DNK,2021,INDUSTRY,Industry,FFUEL_BIOF,EUR_TCO2E_GT0,Above EUR 0 per tonne of CO2e,41.93154907
FRA,2021,INDUSTRY,Industry,FFUEL,EUR_TCO2E_GT0,Above EUR 0 per tonne of CO2e,71.71209908
FRA,2021,INDUSTRY,Industry,FFUEL_BIOF,EUR_TCO2E_GT0,Above EUR 0 per tonne of CO2e,58.95878601
DEU,2021,INDUSTRY,Industry,FFUEL,EUR_TCO2E_GT0,Above EUR 0 per tonne of CO2e,87.7830925
DEU,2021,INDUSTRY,Industry,FFUEL_BIOF,EUR_TCO2E_GT0,Above EUR 0 per tonne of CO2e,78.18191528
ITA,2021,INDUSTRY,Industry,FFUEL,EUR_TCO2E_GT0,Above EUR 0 per tonne of CO2e,95.51854372
ITA,2021,INDUSTRY,Industry,FFUEL_BIOF,EUR_TCO2E_GT0,Above EUR 0 per tonne of CO2e,88.506217
NLD,2021,INDUSTRY,Industry,FFUEL,EUR_TCO2E_GT0,Above EUR 0 per tonne of CO2e,78.21837234
NLD,2021,INDUSTRY,Industry,FFUEL_BIOF,EUR_TCO2E_GT0,Above EUR 0 per tonne of CO2e,69.13460732
POL,2021,INDUSTRY,Industry,FFUEL_BIOF,EUR_TCO2E_GT0,Above EUR 0 per tonne of CO2e,70.07841492
POL,2021,INDUSTRY,Industry,FFUEL,EUR_TCO2E_GT0,Above EUR 0 per tonne of CO2e,80.73306465
ESP,2021,INDUSTRY,Industry,FFUEL,EUR_TCO2E_GT0,Above EUR 0 per tonne of CO2e,79.70593452
ESP,2021,INDUSTRY,Industry,FFUEL_BIOF,EUR_TCO2E_GT0,Above EUR 0 per tonne of CO2e,68.81262207
SWE,2021,INDUSTRY,Industry,FFUEL,EUR_TCO2E_GT0,Above EUR 0 per tonne of CO2e,76.5495472
SWE,2021,INDUSTRY,Industry,FFUEL_BIOF,EUR_TCO2E_GT0,Above EUR 0 per tonne of CO2e,23.24666595
GBR,2021,INDUSTRY,Industry,FFUEL_BIOF,EUR_TCO2E_GT0,Above EUR 0 per tonne of CO2e,67.82159424
GBR,2021,INDUSTRY,Industry,FFUEL,EUR_TCO2E_GT0,Above EUR 0 per tonne of CO2e,83.40706253
AUT,2021,RESCOM,Buildings,FFUEL,EUR_TCO2E_GT0,Above EUR 0 per tonne of CO2e,99.9912413
AUT,2021,RESCOM,Buildings,FFUEL_BIOF,EUR_TCO2E_GT0,Above EUR 0 per tonne of CO2e,47.98804092
BEL,2021,RESCOM,Buildings,FFUEL_BIOF,EUR_TCO2E_GT0,Above EUR 0 per tonne of CO2e,86.49063873
BEL,2021,RESCOM,Buildings,FFUEL,EUR_TCO2E_GT0,Above EUR 0 per tonne of CO2e,98.41962278
DNK,2021,RESCOM,Buildings,FFUEL,EUR_TCO2E_GT0,Above EUR 0 per tonne of CO2e,96.9665494
DNK,2021,RESCOM,Buildings,FFUEL_BIOF,EUR_TCO2E_GT0,Above EUR 0 per tonne of CO2e,38.77305603
FRA,2021,RESCOM,Buildings,FFUEL_BIOF,EUR_TCO2E_GT0,Above EUR 0 per tonne of CO2e,63.72431564
FRA,2021,RESCOM,Buildings,FFUEL,EUR_TCO2E_GT0,Above EUR 0 per tonne of CO2e,97.32449102
DEU,2021,RESCOM,Buildings,FFUEL_BIOF,EUR_TCO2E_GT0,Above EUR 0 per tonne of CO2e,75.1275692
ITA,2021,RESCOM,Buildings,FFUEL,EUR_TCO2E_GT0,Above EUR 0 per tonne of CO2e,99.99237526
ITA,2021,RESCOM,Buildings,FFUEL_BIOF,EUR_TCO2E_GT0,Above EUR 0 per tonne of CO2e,67.0333786
NLD,2021,RESCOM,Buildings,FFUEL_BIOF,EUR_TCO2E_GT0,Above EUR 0 per tonne of CO2e,90.25287819
NLD,2021,RESCOM,Buildings,FFUEL,EUR_TCO2E_GT0,Above EUR 0 per tonne of CO2e,99.47476059
POL,2021,RESCOM,Buildings,FFUEL,EUR_TCO2E_GT0,Above EUR 0 per tonne of CO2e,49.52599335
POL,2021,RESCOM,Buildings,FFUEL_BIOF,EUR_TCO2E_GT0,Above EUR 0 per tonne of CO2e,30.58665466
ESP,2021,RESCOM,Buildings,FFUEL_BIOF,EUR_TCO2E_GT0,Above EUR 0 per tonne of CO2e,72.95192909
ESP,2021,RESCOM,Buildings,FFUEL,EUR_TCO2E_GT0,Above EUR 0 per tonne of CO2e,99.84404849
SWE,2021,RESCOM,Buildings,FFUEL_BIOF,EUR_TCO2E_GT0,Above EUR 0 per tonne of CO2e,27.05197906
GBR,2021,RESCOM,Buildings,FFUEL_BIOF,EUR_TCO2E_GT0,Above EUR 0 per tonne of CO2e,22.79203033
GBR,2021,RESCOM,Buildings,FFUEL,EUR_TCO2E_GT0,Above EUR 0 per tonne of CO2e,24.02879333
AUT,2021,OFFROAD,Off-road transport,FFUEL_BIOF,EUR_TCO2E_GT0,Above EUR 0 per tonne of CO2e,83.24671173
AUT,2021,OFFROAD,Off-road transport,FFUEL,EUR_TCO2E_GT0,Above EUR 0 per tonne of CO2e,84.0825491
BEL,2021,OFFROAD,Off-road transport,FFUEL,EUR_TCO2E_GT0,Above EUR 0 per tonne of CO2e,27.40080261
BEL,2021,OFFROAD,Off-road transport,FFUEL_BIOF,EUR_TCO2E_GT0,Above EUR 0 per tonne of CO2e,27.40080261
DNK,2021,OFFROAD,Off-road transport,FFUEL,EUR_TCO2E_GT0,Above EUR 0 per tonne of CO2e,35.06134033
DNK,2021,OFFROAD,Off-road transport,FFUEL_BIOF,EUR_TCO2E_GT0,Above EUR 0 per tonne of CO2e,35.06134033
FRA,2021,OFFROAD,Off-road transport,FFUEL,EUR_TCO2E_GT0,Above EUR 0 per tonne of CO2e,48.46536636
FRA,2021,OFFROAD,Off-road transport,FFUEL_BIOF,EUR_TCO2E_GT0,Above EUR 0 per tonne of CO2e,48.13534927
DEU,2021,OFFROAD,Off-road transport,FFUEL_BIOF,EUR_TCO2E_GT0,Above EUR 0 per tonne of CO2e,99.48084301
DEU,2021,OFFROAD,Off-road transport,FFUEL,EUR_TCO2E_GT0,Above EUR 0 per tonne of CO2e,99.472009
ITA,2021,OFFROAD,Off-road transport,FFUEL,EUR_TCO2E_GT0,Above EUR 0 per tonne of CO2e,42.54040527
ITA,2021,OFFROAD,Off-road transport,FFUEL_BIOF,EUR_TCO2E_GT0,Above EUR 0 per tonne of CO2e,42.54040527
NLD,2021,OFFROAD,Off-road transport,FFUEL,EUR_TCO2E_GT0,Above EUR 0 per tonne of CO2e,9.877685547
NLD,2021,OFFROAD,Off-road transport,FFUEL_BIOF,EUR_TCO2E_GT0,Above EUR 0 per tonne of CO2e,10.67816925
POL,2021,OFFROAD,Off-road transport,FFUEL_BIOF,EUR_TCO2E_GT0,Above EUR 0 per tonne of CO2e,91.02763462
POL,2021,OFFROAD,Off-road transport,FFUEL,EUR_TCO2E_GT0,Above EUR 0 per tonne of CO2e,91.02763462
ESP,2021,OFFROAD,Off-road transport,FFUEL_BIOF,EUR_TCO2E_GT0,Above EUR 0 per tonne of CO2e,45.17490387
ESP,2021,OFFROAD,Off-road transport,FFUEL,EUR_TCO2E_GT0,Above EUR 0 per tonne of CO2e,45.10245132
SWE,2021,OFFROAD,Off-road transport,FFUEL_BIOF,EUR_TCO2E_GT0,Above EUR 0 per tonne of CO2e,36.25805283
SWE,2021,OFFROAD,Off-road transport,FFUEL,EUR_TCO2E_GT0,Above EUR 0 per tonne of CO2e,37.65135574
GBR,2021,OFFROAD,Off-road transport,FFUEL_BIOF,EUR_TCO2E_GT0,Above EUR 0 per tonne of CO2e,59.56126404
GBR,2021,OFFROAD,Off-road transport,FFUEL,EUR_TCO2E_GT0,Above EUR 0 per tonne of CO2e,59.56126404
AUT,2021,ELEC,Electricity,FFUEL_BIOF,EUR_TCO2E_GT0,Above EUR 0 per tonne of CO2e,67.17802811
BEL,2021,ELEC,Electricity,FFUEL,EUR_TCO2E_GT0,Above EUR 0 per tonne of CO2e,90.04987621
BEL,2021,ELEC,Electricity,FFUEL_BIOF,EUR_TCO2E_GT0,Above EUR 0 per tonne of CO2e,69.32904434
DNK,2021,ELEC,Electricity,FFUEL_BIOF,EUR_TCO2E_GT0,Above EUR 0 per tonne of CO2e,43.57502365
DNK,2021,ELEC,Electricity,FFUEL,EUR_TCO2E_GT0,Above EUR 0 per tonne of CO2e,99.99998808
FRA,2021,ELEC,Electricity,FFUEL_BIOF,EUR_TCO2E_GT0,Above EUR 0 per tonne of CO2e,81.32281494
DEU,2021,ELEC,Electricity,FFUEL,EUR_TCO2E_GT0,Above EUR 0 per tonne of CO2e,99.99998808
DEU,2021,ELEC,Electricity,FFUEL_BIOF,EUR_TCO2E_GT0,Above EUR 0 per tonne of CO2e,86.65265179
ITA,2021,ELEC,Electricity,FFUEL_BIOF,EUR_TCO2E_GT0,Above EUR 0 per tonne of CO2e,81.773283
NLD,2021,ELEC,Electricity,FFUEL_BIOF,EUR_TCO2E_GT0,Above EUR 0 per tonne of CO2e,81.56846809
POL,2021,ELEC,Electricity,FFUEL_BIOF,EUR_TCO2E_GT0,Above EUR 0 per tonne of CO2e,95.67536259
ESP,2021,ELEC,Electricity,FFUEL_BIOF,EUR_TCO2E_GT0,Above EUR 0 per tonne of CO2e,83.29482079
SWE,2021,ELEC,Electricity,FFUEL,EUR_TCO2E_GT0,Above EUR 0 per tonne of CO2e,91.77922058
SWE,2021,ELEC,Electricity,FFUEL_BIOF,EUR_TCO2E_GT0,Above EUR 0 per tonne of CO2e,26.49843597
GBR,2021,ELEC,Electricity,FFUEL_BIOF,EUR_TCO2E_GT0,Above EUR 0 per tonne of CO2e,70.36940384
GBR,2021,ELEC,Electricity,FFUEL,EUR_TCO2E_GT0,Above EUR 0 per tonne of CO2e,99.91652852
AUT,2021,AGRIFISH,Agriculture & fisheries,FFUEL_BIOF,EUR_TCO2E_GT0,Above EUR 0 per tonne of CO2e,47.59289169
BEL,2021,AGRIFISH,Agriculture & fisheries,FFUEL_BIOF,EUR_TCO2E_GT0,Above EUR 0 per tonne of CO2e,1.1016922
BEL,2021,AGRIFISH,Agriculture & fisheries,FFUEL,EUR_TCO2E_GT0,Above EUR 0 per tonne of CO2e,1.155426025
DNK,2021,AGRIFISH,Agriculture & fisheries,FFUEL,EUR_TCO2E_GT0,Above EUR 0 per tonne of CO2e,71.82103729
DNK,2021,AGRIFISH,Agriculture & fisheries,FFUEL_BIOF,EUR_TCO2E_GT0,Above EUR 0 per tonne of CO2e,60.24313736
FRA,2021,AGRIFISH,Agriculture & fisheries,FFUEL_BIOF,EUR_TCO2E_GT0,Above EUR 0 per tonne of CO2e,78.9946022
FRA,2021,AGRIFISH,Agriculture & fisheries,FFUEL,EUR_TCO2E_GT0,Above EUR 0 per tonne of CO2e,89.67720509
DEU,2021,AGRIFISH,Agriculture & fisheries,FFUEL_BIOF,EUR_TCO2E_GT0,Above EUR 0 per tonne of CO2e,81.32493782
ITA,2021,AGRIFISH,Agriculture & fisheries,FFUEL_BIOF,EUR_TCO2E_GT0,Above EUR 0 per tonne of CO2e,91.19114971
ITA,2021,AGRIFISH,Agriculture & fisheries,FFUEL,EUR_TCO2E_GT0,Above EUR 0 per tonne of CO2e,93.49463701
NLD,2021,AGRIFISH,Agriculture & fisheries,FFUEL,EUR_TCO2E_GT0,Above EUR 0 per tonne of CO2e,93.634161
NLD,2021,AGRIFISH,Agriculture & fisheries,FFUEL_BIOF,EUR_TCO2E_GT0,Above EUR 0 per tonne of CO2e,82.97741508
POL,2021,AGRIFISH,Agriculture & fisheries,FFUEL_BIOF,EUR_TCO2E_GT0,Above EUR 0 per tonne of CO2e,58.32025909
POL,2021,AGRIFISH,Agriculture & fisheries,FFUEL,EUR_TCO2E_GT0,Above EUR 0 per tonne of CO2e,74.11782646
ESP,2021,AGRIFISH,Agriculture & fisheries,FFUEL,EUR_TCO2E_GT0,Above EUR 0 per tonne of CO2e,87.7939682
ESP,2021,AGRIFISH,Agriculture & fisheries,FFUEL_BIOF,EUR_TCO2E_GT0,Above EUR 0 per tonne of CO2e,84.37656975
SWE,2021,AGRIFISH,Agriculture & fisheries,FFUEL_BIOF,EUR_TCO2E_GT0,Above EUR 0 per tonne of CO2e,66.10529709
GBR,2021,AGRIFISH,Agriculture & fisheries,FFUEL,EUR_TCO2E_GT0,Above EUR 0 per tonne of CO2e,74.49191856
GBR,2021,AGRIFISH,Agriculture & fisheries,FFUEL_BIOF,EUR_TCO2E_GT0,Above EUR 0 per tonne of CO2e,62.23713303
AUT,2021,ROAD,Road transport,FFUEL_BIOF,EUR_TCO2E_GT0,Above EUR 0 per tonne of CO2e,99.82712545
AUT,2021,ROAD,Road transport,FFUEL,EUR_TCO2E_GT0,Above EUR 0 per tonne of CO2e,99.8203048
BEL,2021,ROAD,Road transport,FFUEL,EUR_TCO2E_GT0,Above EUR 0 per tonne of CO2e,98.71994555
BEL,2021,ROAD,Road transport,FFUEL_BIOF,EUR_TCO2E_GT0,Above EUR 0 per tonne of CO2e,98.83358598
DNK,2021,ROAD,Road transport,FFUEL_BIOF,EUR_TCO2E_GT0,Above EUR 0 per tonne of CO2e,99.96128874
DEU,2021,ROAD,Road transport,FFUEL_BIOF,EUR_TCO2E_GT0,Above EUR 0 per tonne of CO2e,99.99701608
ITA,2021,ROAD,Road transport,FFUEL_BIOF,EUR_TCO2E_GT0,Above EUR 0 per tonne of CO2e,99.99994472
ESP,2021,ROAD,Road transport,FFUEL,EUR_TCO2E_GT0,Above EUR 0 per tonne of CO2e,99.99972365
ESP,2021,ROAD,Road transport,FFUEL_BIOF,EUR_TCO2E_GT0,Above EUR 0 per tonne of CO2e,99.99973753
SWE,2021,ROAD,Road transport,FFUEL_BIOF,EUR_TCO2E_GT0,Above EUR 0 per tonne of CO2e,91.60022926
GBR,2021,ROAD,Road transport,FFUEL,EUR_TCO2E_GT0,Above EUR 0 per tonne of CO2e,99.82207438
GBR,2021,ROAD,Road transport,FFUEL_BIOF,EUR_TCO2E_GT0,Above EUR 0 per tonne of CO2e,99.82907738
AUT,2021,ENE,Energy use sectors,FFUEL,EUR_TCO2E_GT0,Above EUR 0 per tonne of CO2e,89.10788155
BEL,2021,ENE,Energy use sectors,FFUEL,EUR_TCO2E_GT0,Above EUR 0 per tonne of CO2e,85.55870533
DNK,2021,ENE,Energy use sectors,FFUEL,EUR_TCO2E_GT0,Above EUR 0 per tonne of CO2e,93.53558302
FRA,2021,ENE,Energy use sectors,FFUEL,EUR_TCO2E_GT0,Above EUR 0 per tonne of CO2e,89.491889
DEU,2021,ENE,Energy use sectors,FFUEL,EUR_TCO2E_GT0,Above EUR 0 per tonne of CO2e,95.98787832
ITA,2021,ENE,Energy use sectors,FFUEL,EUR_TCO2E_GT0,Above EUR 0 per tonne of CO2e,97.99630404
NLD,2021,ENE,Energy use sectors,FFUEL,EUR_TCO2E_GT0,Above EUR 0 per tonne of CO2e,90.57277775
POL,2021,ENE,Energy use sectors,FFUEL,EUR_TCO2E_GT0,Above EUR 0 per tonne of CO2e,87.73218441
ESP,2021,ENE,Energy use sectors,FFUEL,EUR_TCO2E_GT0,Above EUR 0 per tonne of CO2e,90.98231316
SWE,2021,ENE,Energy use sectors,FFUEL,EUR_TCO2E_GT0,Above EUR 0 per tonne of CO2e,87.27831268
GBR,2021,ENE,Energy use sectors,FFUEL,EUR_TCO2E_GT0,Above EUR 0 per tonne of CO2e,74.15552902
AUT,2021,ENE,Energy use sectors,FFUEL_BIOF,EUR_TCO2E_GT0,Above EUR 0 per tonne of CO2e,65.15123749
BEL,2021,ENE,Energy use sectors,FFUEL_BIOF,EUR_TCO2E_GT0,Above EUR 0 per tonne of CO2e,76.74630737
DNK,2021,ENE,Energy use sectors,FFUEL_BIOF,EUR_TCO2E_GT0,Above EUR 0 per tonne of CO2e,55.78934479
FRA,2021,ENE,Energy use sectors,FFUEL_BIOF,EUR_TCO2E_GT0,Above EUR 0 per tonne of CO2e,75.4282074
DEU,2021,ENE,Energy use sectors,FFUEL_BIOF,EUR_TCO2E_GT0,Above EUR 0 per tonne of CO2e,84.14739513
ITA,2021,ENE,Energy use sectors,FFUEL_BIOF,EUR_TCO2E_GT0,Above EUR 0 per tonne of CO2e,84.05287933
NLD,2021,ENE,Energy use sectors,FFUEL_BIOF,EUR_TCO2E_GT0,Above EUR 0 per tonne of CO2e,80.84209442
POL,2021,ENE,Energy use sectors,FFUEL_BIOF,EUR_TCO2E_GT0,Above EUR 0 per tonne of CO2e,76.92299271
ESP,2021,ENE,Energy use sectors,FFUEL_BIOF,EUR_TCO2E_GT0,Above EUR 0 per tonne of CO2e,81.46622086
SWE,2021,ENE,Energy use sectors,FFUEL_BIOF,EUR_TCO2E_GT0,Above EUR 0 per tonne of CO2e,38.05680084
GBR,2021,ENE,Energy use sectors,FFUEL_BIOF,EUR_TCO2E_GT0,Above EUR 0 per tonne of CO2e,65.59512711
