pays,sto,annee,meur
BE,D2,1995,26835.4
BE,D2,1996,28343.0
BE,D2,1997,29996.5
BE,D2,1998,31147.0
BE,D2,1999,33109.9
BE,D2,2000,34571.2
BE,D2,2001,34657.200000000004
BE,D2,2002,35825.1
BE,D2,2003,37332.4
BE,D2,2004,39644.3
BE,D2,2005,41641.5
BE,D2,2006,43674.99999999999
BE,D2,2007,45829.200000000004
BE,D2,2008,47026.5
BE,D2,2009,46135.6
BE,D2,2010,49089.8
BE,D2,2011,51145.5
BE,D2,2012,53880.5
BE,D2,2013,54645.7
BE,D2,2014,55441.2
BE,D2,2015,56729.59999999999
BE,D2,2016,59615.6
BE,D2,2017,61391.90000000001
BE,D2,2018,63536.3
BE,D2,2019,65655.0
BE,D2,2020,61172.6
BE,D2,2021,68834.09999999999
BE,D2,2022,71948.90000000001
BE,D2,2023,75037.9
BE,D2,2024,75047.6
BE,D2,2025,77603.3
BE,D21,1995,22905.5
BE,D21,1996,24154.100000000002
BE,D21,1997,25414.3
BE,D21,1998,26485.4
BE,D21,1999,28223.6
BE,D21,2000,29704.5
BE,D21,2001,29616.800000000003
BE,D21,2002,30736.799999999996
BE,D21,2003,31887.4
BE,D21,2004,34058.8
BE,D21,2005,36086.9
BE,D21,2006,37805.399999999994
BE,D21,2007,39873.8
BE,D21,2008,40570.799999999996
BE,D21,2009,39177.5
BE,D21,2010,41711.600000000006
BE,D21,2011,43220.5
BE,D21,2012,44547.8
BE,D21,2013,45418.2
BE,D21,2014,45996.6
BE,D21,2015,47120.399999999994
BE,D21,2016,49679.2
BE,D21,2017,51566.100000000006
BE,D21,2018,53564.6
BE,D21,2019,54968.5
BE,D21,2020,50703.6
BE,D21,2021,58130.799999999996
BE,D21,2022,59866.70000000001
BE,D21,2023,60410.399999999994
BE,D21,2024,62207.200000000004
BE,D21,2025,64232.0
BE,D211,1995,13894.4
BE,D211,1996,14480.0
BE,D211,1997,15096.1
BE,D211,1998,15637.0
BE,D211,1999,17039.0
BE,D211,2000,18131.7
BE,D211,2001,18107.9
BE,D211,2002,18793.6
BE,D211,2003,19265.8
BE,D211,2004,20404.3
BE,D211,2005,21533.3
BE,D211,2006,22849.8
BE,D211,2007,24140.1
BE,D211,2008,24746.1
BE,D211,2009,24390.7
BE,D211,2010,25628.4
BE,D211,2011,26504.4
BE,D211,2012,27420.2
BE,D211,2013,27738.1
BE,D211,2014,27804.3
BE,D211,2015,27951.5
BE,D211,2016,29179.2
BE,D211,2017,30254.7
BE,D211,2018,31545.1
BE,D211,2019,32181.3
BE,D211,2020,29537.8
BE,D211,2021,34713.1
BE,D211,2022,36744.0
BE,D211,2023,37173.3
BE,D211,2024,37832.3
BE,D211,2025,39796.6
BE,D214,1995,7670.999999999998
BE,D214,1996,8359.400000000001
BE,D214,1997,8820.5
BE,D214,1998,9325.300000000003
BE,D214,1999,9711.499999999998
BE,D214,2000,9982.000000000002
BE,D214,2001,9912.4
BE,D214,2002,10289.6
BE,D214,2003,10783.300000000003
BE,D214,2004,11735.1
BE,D214,2005,12503.2
BE,D214,2006,12838.399999999996
BE,D214,2007,13482.0
BE,D214,2008,13529.699999999999
BE,D214,2009,12911.800000000001
BE,D214,2010,14085.600000000002
BE,D214,2011,14707.7
BE,D214,2012,15090.6
BE,D214,2013,15635.699999999997
BE,D214,2014,16035.899999999998
BE,D214,2015,16854.999999999996
BE,D214,2016,17953.2
BE,D214,2017,18729.100000000002
BE,D214,2018,19342.9
BE,D214,2019,19999.4
BE,D214,2020,18534.0
BE,D214,2021,20734.0
BE,D214,2022,19466.900000000005
BE,D214,2023,19957.499999999996
BE,D214,2024,21536.200000000004
BE,D214,2025,21281.700000000008
BE,D29,1995,3929.9000000000005
BE,D29,1996,4188.9
BE,D29,1997,4582.2
BE,D29,1998,4661.6
BE,D29,1999,4886.3
BE,D29,2000,4866.7
BE,D29,2001,5040.400000000001
BE,D29,2002,5088.3
BE,D29,2003,5445.0
BE,D29,2004,5585.5
BE,D29,2005,5554.599999999999
BE,D29,2006,5869.599999999999
BE,D29,2007,5955.4000000000015
BE,D29,2008,6455.700000000001
BE,D29,2009,6958.100000000001
BE,D29,2010,7378.200000000001
BE,D29,2011,7924.999999999998
BE,D29,2012,9332.7
BE,D29,2013,9227.5
BE,D29,2014,9444.6
BE,D29,2015,9609.2
BE,D29,2016,9936.4
BE,D29,2017,9825.800000000003
BE,D29,2018,9971.7
BE,D29,2019,10686.5
BE,D29,2020,10469.0
BE,D29,2021,10703.3
BE,D29,2022,12082.2
BE,D29,2023,14627.5
BE,D29,2024,12840.4
BE,D29,2025,13371.3
BE,D5,1995,33858.6
BE,D5,1996,34579.49999999999
BE,D5,1997,37158.7
BE,D5,1998,39818.0
BE,D5,1999,40373.5
BE,D5,2000,43049.50000000001
BE,D5,2001,44836.100000000006
BE,D5,2002,46192.80000000001
BE,D5,2003,45960.200000000004
BE,D5,2004,48595.5
BE,D5,2005,50970.399999999994
BE,D5,2006,52967.60000000001
BE,D5,2007,55024.299999999996
BE,D5,2008,57467.40000000001
BE,D5,2009,52523.1
BE,D5,2010,56098.299999999996
BE,D5,2011,60106.700000000004
BE,D5,2012,62918.5
BE,D5,2013,66040.9
BE,D5,2014,67559.7
BE,D5,2015,68410.5
BE,D5,2016,69198.79999999999
BE,D5,2017,74360.20000000001
BE,D5,2018,77610.8
BE,D5,2019,75373.4
BE,D5,2020,72704.19999999998
BE,D5,2021,79967.70000000001
BE,D5,2022,91822.29999999999
BE,D5,2023,97103.09999999999
BE,D5,2024,105282.20000000001
BE,D5,2025,106588.29999999999
BE,D51,1995,32958.7
BE,D51,1996,33454.99999999999
BE,D51,1997,35907.0
BE,D51,1998,38576.8
BE,D51,1999,39004.0
BE,D51,2000,41778.00000000001
BE,D51,2001,43515.700000000004
BE,D51,2002,44525.70000000001
BE,D51,2003,44330.4
BE,D51,2004,46903.5
BE,D51,2005,49237.99999999999
BE,D51,2006,51117.30000000001
BE,D51,2007,53202.1
BE,D51,2008,55628.70000000001
BE,D51,2009,50730.799999999996
BE,D51,2010,54246.7
BE,D51,2011,58172.4
BE,D51,2012,60976.7
BE,D51,2013,64173.99999999999
BE,D51,2014,65701.7
BE,D51,2015,66478.5
BE,D51,2016,67148.9
BE,D51,2017,72390.1
BE,D51,2018,75469.6
BE,D51,2019,73218.9
BE,D51,2020,70759.69999999998
BE,D51,2021,77603.00000000001
BE,D51,2022,89356.49999999999
BE,D51,2023,94549.4
BE,D51,2024,102507.30000000002
BE,D51,2025,103865.79999999999
BE,D51A,1995,27718.199999999997
BE,D51A,1996,27481.399999999998
BE,D51A,1997,29270.7
BE,D51A,1998,30418.300000000003
BE,D51A,1999,30817.2
BE,D51A,2000,33073.3
BE,D51A,2001,34747.9
BE,D51A,2002,35648.30000000001
BE,D51A,2003,35638.0
BE,D51A,2004,37183.6
BE,D51A,2005,38701.899999999994
BE,D51A,2006,39033.60000000001
BE,D51A,2007,40594.700000000004
BE,D51A,2008,43284.30000000001
BE,D51A,2009,41812.299999999996
BE,D51A,2010,44167.299999999996
BE,D51A,2011,46698.1
BE,D51A,2012,48499.5
BE,D51A,2013,51103.09999999999
BE,D51A,2014,52106.7
BE,D51A,2015,51864.1
BE,D51A,2016,51458.100000000006
BE,D51A,2017,53271.1
BE,D51A,2018,54552.1
BE,D51A,2019,54303.5
BE,D51A,2020,54485.09999999999
BE,D51A,2021,57281.70000000001
BE,D51A,2022,66390.79999999999
BE,D51A,2023,70042.99999999999
BE,D51A,2024,74253.90000000001
BE,D51A,2025,76332.59999999999
BE,D51B,1995,4866.999999999999
BE,D51B,1996,5604.9
BE,D51B,1997,6238.0
BE,D51B,1998,7733.0
BE,D51B,1999,7670.0
BE,D51B,2000,8065.4
BE,D51B,2001,8123.499999999999
BE,D51B,2002,8140.4
BE,D51B,2003,7908.6
BE,D51B,2004,8985.900000000001
BE,D51B,2005,9810.900000000001
BE,D51B,2006,11361.0
BE,D51B,2007,11748.699999999999
BE,D51B,2008,11590.0
BE,D51B,2009,8107.6
BE,D51B,2010,9248.599999999999
BE,D51B,2011,10670.0
BE,D51B,2012,11623.7
BE,D51B,2013,12191.999999999998
BE,D51B,2014,12582.5
BE,D51B,2015,13643.800000000001
BE,D51B,2016,14636.9
BE,D51B,2017,18094.7
BE,D51B,2018,19788.5
BE,D51B,2019,17728.0
BE,D51B,2020,15001.199999999997
BE,D51B,2021,19019.1
BE,D51B,2022,21681.5
BE,D51B,2023,23264.100000000002
BE,D51B,2024,27026.8
BE,D51B,2025,26308.0
BE,D59,1995,899.9000000000001
BE,D59,1996,1124.5
BE,D59,1997,1251.7
BE,D59,1998,1241.2
BE,D59,1999,1369.4999999999998
BE,D59,2000,1271.5
BE,D59,2001,1320.4
BE,D59,2002,1667.1
BE,D59,2003,1629.8000000000002
BE,D59,2004,1692.0
BE,D59,2005,1732.3999999999999
BE,D59,2006,1850.3
BE,D59,2007,1822.2
BE,D59,2008,1838.7
BE,D59,2009,1792.3
BE,D59,2010,1851.6
BE,D59,2011,1934.3000000000002
BE,D59,2012,1941.8
BE,D59,2013,1866.8999999999999
BE,D59,2014,1858.0000000000002
BE,D59,2015,1932.0
BE,D59,2016,2049.9
BE,D59,2017,1970.1
BE,D59,2018,2141.2000000000003
BE,D59,2019,2154.4999999999995
BE,D59,2020,1944.5000000000002
BE,D59,2021,2364.7
BE,D59,2022,2465.7999999999997
BE,D59,2023,2553.7
BE,D59,2024,2774.8999999999996
BE,D59,2025,2722.5000000000005
BE,D91,1995,761.2
BE,D91,1996,830.3
BE,D91,1997,816.0
BE,D91,1998,956.3
BE,D91,1999,1022.1999999999999
BE,D91,2000,1174.8000000000002
BE,D91,2001,1206.2
BE,D91,2002,1255.8999999999999
BE,D91,2003,1390.4
BE,D91,2004,2176.6
BE,D91,2005,1872.8000000000002
BE,D91,2006,2153.3
BE,D91,2007,2215.7
BE,D91,2008,2370.1
BE,D91,2009,2234.7000000000003
BE,D91,2010,2596.3
BE,D91,2011,2771.7
BE,D91,2012,3318.0
BE,D91,2013,3973.0
BE,D91,2014,3898.3
BE,D91,2015,3638.9000000000005
BE,D91,2016,3346.3999999999996
BE,D91,2017,3616.4999999999995
BE,D91,2018,3772.0
BE,D91,2019,3391.2
BE,D91,2020,3287.6
BE,D91,2021,4078.9999999999995
BE,D91,2022,3902.3
BE,D91,2023,3958.7000000000003
BE,D91,2024,4257.8
BE,D91,2025,4334.4
BE,ODA,1995,61455.2
BE,ODA,1996,63752.799999999996
BE,ODA,1997,67971.2
BE,ODA,1998,71921.3
BE,ODA,1999,74505.59999999999
BE,ODA,2000,78795.50000000001
BE,ODA,2001,80699.50000000001
BE,ODA,2002,83273.8
BE,ODA,2003,84683.0
BE,ODA,2004,90416.40000000001
BE,ODA,2005,94484.7
BE,ODA,2006,98795.90000000001
BE,ODA,2007,103069.2
BE,ODA,2008,106864.00000000001
BE,ODA,2009,100893.4
BE,ODA,2010,107784.40000000001
BE,ODA,2011,114023.90000000001
BE,ODA,2012,120117.0
BE,ODA,2013,124659.59999999999
BE,ODA,2014,126899.2
BE,ODA,2015,128778.99999999999
BE,ODA,2016,132160.8
BE,ODA,2017,139368.60000000003
BE,ODA,2018,144919.1
BE,ODA,2019,144419.6
BE,ODA,2020,137164.4
BE,ODA,2021,152880.8
BE,ODA,2022,167673.5
BE,ODA,2023,176099.7
BE,ODA,2024,184587.6
BE,ODA,2025,188525.99999999997
BE,D61,1995,34191.1
BE,D61,1996,35005.399999999994
BE,D61,1997,36433.700000000004
BE,D61,1998,37775.0
BE,D61,1999,39208.8
BE,D61,2000,40435.1
BE,D61,2001,42341.7
BE,D61,2002,44560.4
BE,D61,2003,45527.90000000001
BE,D61,2004,47055.2
BE,D61,2005,48362.200000000004
BE,D61,2006,50610.200000000004
BE,D61,2007,53803.90000000001
BE,D61,2008,56869.200000000004
BE,D61,2009,58334.50000000001
BE,D61,2010,59767.6
BE,D61,2011,62768.7
BE,D61,2012,65335.50000000001
BE,D61,2013,66983.70000000001
BE,D61,2014,67769.3
BE,D61,2015,69033.59999999999
BE,D61,2016,68697.20000000001
BE,D61,2017,70788.4
BE,D61,2018,72391.7
BE,D61,2019,74770.2
BE,D61,2020,74289.70000000001
BE,D61,2021,77848.6
BE,D61,2022,84747.3
BE,D61,2023,91741.0
BE,D61,2024,95766.2
BE,D61,2025,98862.0
BE,D611,1995,17973.8
BE,D611,1996,18357.6
BE,D611,1997,19261.8
BE,D611,1998,19946.1
BE,D611,1999,20789.999999999996
BE,D611,2000,21026.799999999996
BE,D611,2001,21846.0
BE,D611,2002,23137.9
BE,D611,2003,23708.600000000002
BE,D611,2004,24414.199999999997
BE,D611,2005,25251.399999999998
BE,D611,2006,26446.9
BE,D611,2007,28215.9
BE,D611,2008,29803.0
BE,D611,2009,30354.800000000003
BE,D611,2010,31041.199999999997
BE,D611,2011,32720.600000000002
BE,D611,2012,34116.1
BE,D611,2013,34914.5
BE,D611,2014,35324.1
BE,D611,2015,36239.6
BE,D611,2016,35196.8
BE,D611,2017,36119.4
BE,D611,2018,36585.100000000006
BE,D611,2019,37902.100000000006
BE,D611,2020,37351.6
BE,D611,2021,39411.7
BE,D611,2022,42967.4
BE,D611,2023,46200.399999999994
BE,D611,2024,48566.7
BE,D611,2025,50173.8
BE,D613,1995,11887.6
BE,D613,1996,12093.599999999999
BE,D613,1997,12396.5
BE,D613,1998,12831.099999999999
BE,D613,1999,13276.4
BE,D613,2000,14028.199999999999
BE,D613,2001,14778.6
BE,D613,2002,15324.900000000001
BE,D613,2003,15591.4
BE,D613,2004,16165.1
BE,D613,2005,16489.0
BE,D613,2006,17013.4
BE,D613,2007,18017.9
BE,D613,2008,19077.300000000003
BE,D613,2009,19553.9
BE,D613,2010,20035.000000000004
BE,D613,2011,20797.899999999998
BE,D613,2012,21569.4
BE,D613,2013,22016.4
BE,D613,2014,22325.399999999998
BE,D613,2015,23004.699999999997
BE,D613,2016,23381.9
BE,D613,2017,24137.7
BE,D613,2018,25006.9
BE,D613,2019,25815.5
BE,D613,2020,25490.7
BE,D613,2021,26714.0
BE,D613,2022,28932.1
BE,D613,2023,31663.6
BE,D613,2024,32718.699999999997
BE,D613,2025,33544.5
BE,ODB,1995,90959.69999999998
BE,ODB,1996,93951.79999999999
BE,ODB,1997,99266.09999999999
BE,ODB,1998,104401.8
BE,ODB,1999,108324.90000000001
BE,ODB,2000,113559.7
BE,ODB,2001,116687.90000000002
BE,ODB,2002,121196.3
BE,ODB,2003,123145.5
BE,ODB,2004,130397.60000000002
BE,ODB,2005,135721.9
BE,ODB,2006,141838.7
BE,ODB,2007,148922.3
BE,ODB,2008,154976.00000000003
BE,ODB,2009,149808.7
BE,ODB,2010,158264.00000000003
BE,ODB,2011,166787.3
BE,ODB,2012,174971.5
BE,ODB,2013,180860.6
BE,ODB,2014,184065.90000000002
BE,ODB,2015,187476.1
BE,ODB,2016,190121.0
BE,ODB,2017,198982.40000000005
BE,ODB,2018,205897.3
BE,ODB,2019,207525.80000000002
BE,ODB,2020,199389.6
BE,ODB,2021,218482.19999999998
BE,ODB,2022,239059.69999999998
BE,ODB,2023,253416.40000000002
BE,ODB,2024,265206.29999999993
BE,ODB,2025,271349.19999999995
BE,ODC,1995,95289.49999999999
BE,ODC,1996,98505.99999999999
BE,ODC,1997,104041.5
BE,ODC,1998,109399.7
BE,ODC,1999,113467.2
BE,ODC,2000,118940.0
BE,ODC,2001,122405.00000000001
BE,ODC,2002,127293.90000000001
BE,ODC,2003,129373.40000000001
BE,ODC,2004,136873.6
BE,ODC,2005,142343.69999999998
BE,ODC,2006,148988.6
BE,ODC,2007,156492.4
BE,ODC,2008,162964.90000000002
BE,ODC,2009,158234.5
BE,ODC,2010,166955.4
BE,ODC,2011,176037.4
BE,ODC,2012,184621.7
BE,ODC,2013,190913.4
BE,ODC,2014,194185.6
BE,ODC,2015,197265.59999999998
BE,ODC,2016,200239.5
BE,ODC,2017,209513.70000000004
BE,ODC,2018,216696.9
BE,ODC,2019,218578.5
BE,ODC,2020,210837.1
BE,ODC,2021,230205.19999999998
BE,ODC,2022,251907.5
BE,ODC,2023,267293.3
BE,ODC,2024,279687.1
BE,ODC,2025,286492.8
BG,D2,1995,54.454288982942344
BG,D2,1996,99.96696032163035
BG,D2,1997,921.9858870254315
BG,D2,1998,1693.5136454404453
BG,D2,1999,1668.2836440032436
BG,D2,2000,1961.0960627576355
BG,D2,2001,2080.97666282162
BG,D2,2002,2153.258015263839
BG,D2,2003,2646.8146010223536
BG,D2,2004,3312.468462826941
BG,D2,2005,3862.273426752762
BG,D2,2006,4553.545158656068
BG,D2,2007,5252.697463047209
BG,D2,2008,6336.312097756841
BG,D2,2009,5361.021046660049
BG,D2,2010,5324.197438364059
BG,D2,2011,5788.418450794974
BG,D2,2012,6114.355121277729
BG,D2,2013,6497.614141764967
BG,D2,2014,6495.175751171438
BG,D2,2015,7062.706833794859
BG,D2,2016,7611.6313960089465
BG,D2,2017,8133.3317412005
BG,D2,2018,8410.61178410189
BG,D2,2019,9510.715086605536
BG,D2,2020,9402.742316674377
BG,D2,2021,10791.807373010946
BG,D2,2022,14056.427618521719
BG,D2,2023,13995.934736691497
BG,D2,2024,15510.327432510323
BG,D21,1995,54.06855286642768
BG,D21,1996,98.99434533617412
BG,D21,1997,920.3371602294596
BG,D21,1998,1662.0226516321527
BG,D21,1999,1593.101489393958
BG,D21,2000,1885.257514754894
BG,D21,2001,1999.9514762889921
BG,D21,2002,2040.4890459529074
BG,D21,2003,2522.471170301303
BG,D21,2004,3165.2680648619034
BG,D21,2005,3720.5479108652194
BG,D21,2006,4408.926020360359
BG,D21,2007,5112.897568963052
BG,D21,2008,6146.347167070588
BG,D21,2009,5165.148404090922
BG,D21,2010,5123.780527380704
BG,D21,2011,5575.807582453485
BG,D21,2012,5799.9949697699185
BG,D21,2013,6120.938320810109
BG,D21,2014,6067.768896857924
BG,D21,2015,6612.0976778247605
BG,D21,2016,7090.92670697351
BG,D21,2017,7630.670197293309
BG,D21,2018,7837.929634431418
BG,D21,2019,8692.866392879598
BG,D21,2020,8555.525054949178
BG,D21,2021,9910.32703696947
BG,D21,2022,12763.567179388461
BG,D21,2023,12421.307056386971
BG,D21,2024,13842.195846600505
BG,D211,1995,31.217508483631043
BG,D211,1996,65.97479720009837
BG,D211,1997,549.125927566406
BG,D211,1998,966.9940860459088
BG,D211,1999,965.8464714860544
BG,D211,2000,1166.8000779495917
BG,D211,2001,1305.350090583072
BG,D211,2002,1240.4298625079377
BG,D211,2003,1579.981100335295
BG,D211,2004,2008.0255830195822
BG,D211,2005,2377.5109099828305
BG,D211,2006,2834.7656768934876
BG,D211,2007,3190.196422765957
BG,D211,2008,3850.9957409386298
BG,D211,2009,3122.443157125108
BG,D211,2010,3166.5093591978857
BG,D211,2011,3440.8639810208456
BG,D211,2012,3600.399830251096
BG,D211,2013,3837.987964189117
BG,D211,2014,3867.933307087017
BG,D211,2015,4046.228455438356
BG,D211,2016,4416.566368242638
BG,D211,2017,4872.884146372639
BG,D211,2018,5128.2028601667835
BG,D211,2019,5655.503801455136
BG,D211,2020,5634.861925627483
BG,D211,2021,6671.235230055782
BG,D211,2022,7786.135298057602
BG,D211,2023,8324.121728371076
BG,D211,2024,9748.762418001565
BG,D214,1995,10.882345002824298
BG,D214,1996,12.598544388818123
BG,D214,1997,170.03320585039947
BG,D214,1998,424.2569804983148
BG,D214,1999,438.92352871624405
BG,D214,2000,497.15810307997845
BG,D214,2001,504.54037816436505
BG,D214,2002,592.8041298718064
BG,D214,2003,689.791286487894
BG,D214,2004,846.7810029203289
BG,D214,2005,918.8742626229282
BG,D214,2006,1073.5172154854008
BG,D214,2007,1811.1990366067942
BG,D214,2008,2162.9639088119457
BG,D214,2009,1958.24419853715
BG,D214,2010,1892.2410606172318
BG,D214,2011,2060.872027727359
BG,D214,2012,2120.9809659965845
BG,D214,2013,2192.880177537602
BG,D214,2014,2111.672911613807
BG,D214,2015,2472.731920310048
BG,D214,2016,2563.3785254700056
BG,D214,2017,2647.793330663796
BG,D214,2018,2576.8176301519047
BG,D214,2019,2912.112123398098
BG,D214,2020,2801.4631273174286
BG,D214,2021,3008.496743319204
BG,D214,2022,4745.234409456173
BG,D214,2023,3914.397153631395
BG,D214,2024,3907.534958389362
BG,D29,1995,0.3857361165146666
BG,D29,1996,0.9726149854562242
BG,D29,1997,1.648726795971845
BG,D29,1998,31.49099380829251
BG,D29,1999,75.18215460928562
BG,D29,2000,75.83854800274176
BG,D29,2001,81.02518653262743
BG,D29,2002,112.7689693109312
BG,D29,2003,124.34343072105061
BG,D29,2004,147.20039796503727
BG,D29,2005,141.72551588754266
BG,D29,2006,144.61913829570935
BG,D29,2007,139.79989408415557
BG,D29,2008,189.9649306862526
BG,D29,2009,195.8726425691273
BG,D29,2010,200.41691098335488
BG,D29,2011,212.61086834148844
BG,D29,2012,314.3601515078101
BG,D29,2013,376.6758209548585
BG,D29,2014,427.406854313514
BG,D29,2015,450.60915597009966
BG,D29,2016,520.7046890354376
BG,D29,2017,502.6615439071903
BG,D29,2018,572.6821496704724
BG,D29,2019,817.8486937259374
BG,D29,2020,847.21675043332
BG,D29,2021,881.4798247495947
BG,D29,2022,1292.8599278413767
BG,D29,2023,1574.6276803045255
BG,D29,2024,1668.1315859098183
BG,D5,1995,33.03806326633871
BG,D5,1996,64.67859589677873
BG,D5,1997,1173.8367050961015
BG,D5,1998,1344.339397749019
BG,D5,1999,1311.2079691878778
BG,D5,2000,1400.164033160105
BG,D5,2001,1550.9125631596296
BG,D5,2002,1520.2333018203951
BG,D5,2003,1176.5931884588224
BG,D5,2004,1177.8075566341076
BG,D5,2005,1224.997462940015
BG,D5,2006,1508.1457537872577
BG,D5,2007,1998.7432771574527
BG,D5,2008,2118.5421586121047
BG,D5,2009,1848.261596668774
BG,D5,2010,1772.8277264193064
BG,D5,2011,1912.9469675525654
BG,D5,2012,1947.132082227163
BG,D5,2013,2104.3029564600884
BG,D5,2014,2254.6217904306613
BG,D5,2015,2479.8525841862534
BG,D5,2016,2718.5350051097594
BG,D5,2017,3073.1426711166105
BG,D5,2018,3260.7259542087
BG,D5,2019,3579.146449001191
BG,D5,2020,3588.966462320344
BG,D5,2021,4547.213180934266
BG,D5,2022,5308.36851140607
BG,D5,2023,6017.487387617193
BG,D5,2024,6782.462014760997
BG,D51,1995,32.40960080731256
BG,D51,1996,63.86220058992938
BG,D51,1997,1172.665063557402
BG,D51,1998,1335.5472300156644
BG,D51,1999,1302.6441621290435
BG,D51,2000,1391.683298924598
BG,D51,2001,1543.003406813933
BG,D51,2002,1509.2283913660417
BG,D51,2003,1161.9348668625767
BG,D51,2004,1163.9579498996134
BG,D51,2005,1211.27147111595
BG,D51,2006,1492.7262234796215
BG,D51,2007,1982.579814378443
BG,D51,2008,2099.2392910206036
BG,D51,2009,1826.5790776098804
BG,D51,2010,1741.3132077118523
BG,D51,2011,1863.8267333220851
BG,D51,2012,1895.1263222434134
BG,D51,2013,2043.3490264150435
BG,D51,2014,2189.7850130123784
BG,D51,2015,2410.659532270187
BG,D51,2016,2632.132059023535
BG,D51,2017,2983.1962424494973
BG,D51,2018,3159.2374350838268
BG,D51,2019,3477.0932678197996
BG,D51,2020,3484.557077557865
BG,D51,2021,4434.421893859214
BG,D51,2022,5192.755031538188
BG,D51,2023,5898.036742116306
BG,D51,2024,6658.639831682713
BG,D51A,1995,28.054739078167533
BG,D51A,1996,53.932713043366704
BG,D51A,1997,522.6685349050194
BG,D51A,1998,773.4756804449513
BG,D51A,1999,788.8411719141534
BG,D51A,2000,817.4002350306746
BG,D51A,2001,799.373136495976
BG,D51A,2002,806.631750275741
BG,D51A,2003,613.5150693015646
BG,D51A,2004,637.931935163718
BG,D51A,2005,647.3763028143211
BG,D51A,2006,691.1719666019884
BG,D51A,2007,897.6509207787315
BG,D51A,2008,965.6675029804263
BG,D51A,2009,980.437587254657
BG,D51A,2010,999.5025415131275
BG,D51A,2011,1060.715715280299
BG,D51A,2012,1094.550309075943
BG,D51A,2013,1162.0312092564288
BG,D51A,2014,1234.6256510023877
BG,D51A,2015,1317.1464651835793
BG,D51A,2016,1426.523799614486
BG,D51A,2017,1568.2740759677476
BG,D51A,2018,1716.994560876968
BG,D51A,2019,1886.4022716698282
BG,D51A,2020,1973.921316269819
BG,D51A,2021,2147.683853402392
BG,D51A,2022,2410.5880040698835
BG,D51A,2023,2802.041725507841
BG,D51A,2024,3274.507200012271
BG,D51B,1995,4.354861729145029
BG,D51B,1996,9.929487546562678
BG,D51B,1997,646.9381362083479
BG,D51B,1998,552.0991129178559
BG,D51B,1999,500.0123802084989
BG,D51B,2000,557.3323862558043
BG,D51B,2001,712.6675904319595
BG,D51B,2002,678.4382585240169
BG,D51B,2003,500.3215957745582
BG,D51B,2004,474.3559226845262
BG,D51B,2005,506.3463283232887
BG,D51B,2006,720.1371964079299
BG,D51B,2007,956.3748384999836
BG,D51B,2008,995.3464761000915
BG,D51B,2009,721.1973171322944
BG,D51B,2010,624.5221160925878
BG,D51B,2011,661.7108966525719
BG,D51B,2012,687.3300700981171
BG,D51B,2013,759.2385851531063
BG,D51B,2014,816.4227166982816
BG,D51B,2015,986.6137046675838
BG,D51B,2016,1054.3324655005802
BG,D51B,2017,1172.0695806230603
BG,D51B,2018,1226.1546415895039
BG,D51B,2019,1376.9433181820505
BG,D51B,2020,1282.0758394134457
BG,D51B,2021,1989.0275361355539
BG,D51B,2022,2461.0772045627687
BG,D51B,2023,2675.4535685616847
BG,D51B,2024,2974.440385923112
BG,D59,1995,0.6284624590261525
BG,D59,1996,0.8163953068493454
BG,D59,1997,1.1716415386993686
BG,D59,1998,8.792167733354768
BG,D59,1999,8.56380705883413
BG,D59,2000,8.480734235507146
BG,D59,2001,7.909156345696764
BG,D59,2002,11.004910454353652
BG,D59,2003,14.658321596245774
BG,D59,2004,13.849606734494342
BG,D59,2005,13.725991824065021
BG,D59,2006,15.419530307636249
BG,D59,2007,16.163462779009556
BG,D59,2008,19.302867591500657
BG,D59,2009,21.68251905889338
BG,D59,2010,31.514518707454126
BG,D59,2011,49.12023423048015
BG,D59,2012,52.00575998374952
BG,D59,2013,60.953930045044814
BG,D59,2014,64.83677741828278
BG,D59,2015,69.19305191606634
BG,D59,2016,86.40294608622428
BG,D59,2017,89.94642866711321
BG,D59,2018,101.48800783299164
BG,D59,2019,102.05318118139103
BG,D59,2020,104.40938476247936
BG,D59,2021,112.79128707505254
BG,D59,2022,115.61347986788219
BG,D59,2023,119.45064550088709
BG,D59,2024,123.8221830782839
BG,D91,1995,0.8812626864298022
BG,D91,1996,1.344646518357935
BG,D91,1997,7.108675089348257
BG,D91,1998,14.165110975902815
BG,D91,1999,14.897798888451451
BG,D91,2000,16.410937044630668
BG,D91,2001,20.282869165520523
BG,D91,2002,21.721268719674
BG,D91,2003,32.8459390642336
BG,D91,2004,43.18857825066596
BG,D91,2005,61.8933056553995
BG,D91,2006,107.80391700710186
BG,D91,2007,161.7042943405102
BG,D91,2008,185.73720926665405
BG,D91,2009,97.5721402166855
BG,D91,2010,86.78042570162029
BG,D91,2011,96.8774290199046
BG,D91,2012,96.820257384333
BG,D91,2013,102.1183451526973
BG,D91,2014,106.82931594259215
BG,D91,2015,114.45410132782501
BG,D91,2016,129.64864839991208
BG,D91,2017,136.53650930806873
BG,D91,2018,146.01550288112975
BG,D91,2019,160.10511138493632
BG,D91,2020,172.4448290495595
BG,D91,2021,253.90240460571727
BG,D91,2022,273.65163536708195
BG,D91,2023,272.63504138907774
BG,D91,2024,329.8770772510903
BG,ODA,1995,88.37361493571086
BG,ODA,1996,165.99020273676703
BG,ODA,1997,2102.9312672108813
BG,ODA,1998,3052.0181541653674
BG,ODA,1999,2994.3894120795726
BG,ODA,2000,3377.671032962371
BG,ODA,2001,3652.17209514677
BG,ODA,2002,3695.212585803908
BG,ODA,2003,3856.25372854541
BG,ODA,2004,4533.464597711714
BG,ODA,2005,5149.164195348176
BG,ODA,2006,6169.4948294504275
BG,ODA,2007,7413.145034545172
BG,ODA,2008,8640.591465635598
BG,ODA,2009,7306.854783545509
BG,ODA,2010,7183.805590484985
BG,ODA,2011,7798.242847367444
BG,ODA,2012,8158.307460889226
BG,ODA,2013,8704.035443377752
BG,ODA,2014,8856.62685754469
BG,ODA,2015,9657.013519308937
BG,ODA,2016,10459.815049518616
BG,ODA,2017,11343.010921625179
BG,ODA,2018,11817.353241191719
BG,ODA,2019,13249.966646991663
BG,ODA,2020,13164.153608044282
BG,ODA,2021,15592.922958550931
BG,ODA,2022,19638.44776529487
BG,ODA,2023,20286.057165697766
BG,ODA,2024,22622.66652452241
BG,D61,1995,44.29837276113661
BG,D61,1996,75.85674897901947
BG,D61,1997,745.9138860571038
BG,D61,1998,1089.1180305041032
BG,D61,1999,1265.016089984098
BG,D61,2000,1517.3703350602432
BG,D61,2001,1521.37429473544
BG,D61,2002,1623.570753075167
BG,D61,2003,1887.7897147055282
BG,D61,2004,2085.8173632666903
BG,D61,2005,2260.054150151161
BG,D61,2006,2196.9353090052377
BG,D61,2007,2500.359365077742
BG,D61,2008,2757.215871522576
BG,D61,2009,2696.079257910964
BG,D61,2010,2541.0158347095607
BG,D61,2011,2769.6701656074406
BG,D61,2012,2861.2067510979996
BG,D61,2013,3127.074439112856
BG,D61,2014,3361.9184692374233
BG,D61,2015,3561.517616719057
BG,D61,2016,3767.98769961031
BG,D61,2017,4323.772004536259
BG,D61,2018,4864.503049824274
BG,D61,2019,5426.628592585476
BG,D61,2020,5624.839071051027
BG,D61,2021,6296.409708246101
BG,D61,2022,7097.608463621035
BG,D61,2023,8054.828402275515
BG,D61,2024,9284.709512502175
BG,D611,1995,39.482314105732
BG,D611,1996,69.10883428295693
BG,D611,1997,675.9541093893974
BG,D611,1998,971.0277506740567
BG,D611,1999,1083.6486398478387
BG,D611,2000,1207.6595411773394
BG,D611,2001,1189.7091510368568
BG,D611,2002,1232.849269101611
BG,D611,2003,1445.606890533693
BG,D611,2004,1582.3594824692796
BG,D611,2005,1612.989863889063
BG,D611,2006,1493.8113723645276
BG,D611,2007,1706.0159415695637
BG,D611,2008,1705.9795023084828
BG,D611,2009,1623.2359770532205
BG,D611,2010,1623.0618203013555
BG,D611,2011,1781.4902113169346
BG,D611,2012,1683.0486289708208
BG,D611,2013,1892.805930091111
BG,D611,2014,2032.2896722560909
BG,D611,2015,2142.4019328406016
BG,D611,2016,2268.5144994855546
BG,D611,2017,2619.884054152023
BG,D611,2018,2947.4988301323788
BG,D611,2019,3278.8586841578526
BG,D611,2020,3413.569432074224
BG,D611,2021,3883.594403746222
BG,D611,2022,4361.812942537915
BG,D611,2023,4959.0160351474915
BG,D611,2024,5695.981921147099
BG,D613,1995,3.7551280019224578
BG,D613,1996,4.535554726126504
BG,D613,1997,48.854159103807596
BG,D613,1998,79.79145017716264
BG,D613,1999,136.3993291850519
BG,D613,2000,309.71079388290394
BG,D613,2001,331.6651436985832
BG,D613,2002,390.72148397355596
BG,D613,2003,442.18282417183497
BG,D613,2004,503.45788079741084
BG,D613,2005,647.0642862620984
BG,D613,2006,703.1239366407101
BG,D613,2007,794.3434235081781
BG,D613,2008,1051.2363692140932
BG,D613,2009,1072.8432808577434
BG,D613,2010,917.9540144082052
BG,D613,2011,988.1799542905059
BG,D613,2012,1178.1581221271788
BG,D613,2013,1234.2685090217453
BG,D613,2014,1329.6287969813327
BG,D613,2015,1419.1156838784557
BG,D613,2016,1499.4732001247553
BG,D613,2017,1703.8879503842359
BG,D613,2018,1917.0042196918955
BG,D613,2019,2147.769908427624
BG,D613,2020,2211.2696389768025
BG,D613,2021,2412.81530449988
BG,D613,2022,2735.795521083121
BG,D613,2023,3095.8123671280223
BG,D613,2024,3588.727591355077
BG,ODB,1995,131.61105704336532
BG,ODB,1996,239.63459174585046
BG,ODB,1997,2827.739535704086
BG,ODB,1998,4102.837355016587
BG,ODB,1999,4214.437381112462
BG,ODB,2000,4895.041368022615
BG,ODB,2001,5173.54638988221
BG,ODB,2002,5318.783338879075
BG,ODB,2003,5744.043443250938
BG,ODB,2004,6619.281960978405
BG,ODB,2005,7409.218345499337
BG,ODB,2006,8366.430138455666
BG,ODB,2007,9913.504399622914
BG,ODB,2008,11397.807337158174
BG,ODB,2009,10002.934041456472
BG,ODB,2010,9724.821425194546
BG,ODB,2011,10567.913012974886
BG,ODB,2012,11019.514211987225
BG,ODB,2013,11831.10988249061
BG,ODB,2014,12218.545326782114
BG,ODB,2015,13218.531136027996
BG,ODB,2016,14227.802749128925
BG,ODB,2017,15666.782926161437
BG,ODB,2018,16681.856291015993
BG,ODB,2019,18676.59523957714
BG,ODB,2020,18788.992679095307
BG,ODB,2021,21889.33266679703
BG,ODB,2022,26736.056228915906
BG,ODB,2023,28340.885567973284
BG,ODB,2024,31907.376037024587
BG,ODC,1995,132.67198769684748
BG,ODC,1996,241.8469517157865
BG,ODC,1997,2848.845153267985
BG,ODC,1998,4141.136184669471
BG,ODC,1999,4259.405502063671
BG,ODC,2000,4895.041368022615
BG,ODC,2001,5173.54638988221
BG,ODC,2002,5318.783338879075
BG,ODC,2003,5744.043443250938
BG,ODC,2004,6619.281960978405
BG,ODC,2005,7409.218345499337
BG,ODC,2006,8366.430138455666
BG,ODC,2007,9913.504399622914
BG,ODC,2008,11397.807337158174
BG,ODC,2009,10002.934041456472
BG,ODC,2010,9724.821425194546
BG,ODC,2011,10567.913012974886
BG,ODC,2012,11019.514211987225
BG,ODC,2013,11831.10988249061
BG,ODC,2014,12218.545326782114
BG,ODC,2015,13218.531136027996
BG,ODC,2016,14227.802749128925
BG,ODC,2017,15666.782926161437
BG,ODC,2018,16681.856291015993
BG,ODC,2019,18676.59523957714
BG,ODC,2020,18788.992679095307
BG,ODC,2021,21889.33266679703
BG,ODC,2022,26736.056228915906
BG,ODC,2023,28340.885567973284
BG,ODC,2024,31907.376037024587
CZ,D2,1995,180181.0
CZ,D2,1996,204517.0
CZ,D2,1997,210075.0
CZ,D2,1998,220051.0
CZ,D2,1999,242728.0
CZ,D2,2000,249866.0
CZ,D2,2001,260927.0
CZ,D2,2002,269859.0
CZ,D2,2003,287369.0
CZ,D2,2004,337145.0
CZ,D2,2005,357550.0
CZ,D2,2006,367394.0
CZ,D2,2007,411859.0
CZ,D2,2008,424162.0
CZ,D2,2009,430632.0
CZ,D2,2010,448009.0
CZ,D2,2011,488313.0
CZ,D2,2012,508196.0
CZ,D2,2013,527608.0
CZ,D2,2014,520544.0
CZ,D2,2015,570292.0
CZ,D2,2016,595481.0
CZ,D2,2017,634972.0
CZ,D2,2018,656007.0
CZ,D2,2019,696372.0
CZ,D2,2020,659802.0
CZ,D2,2021,715669.0
CZ,D2,2022,780393.0
CZ,D2,2023,817020.0
CZ,D2,2024,868930.0
CZ,D21,1995,167029.0
CZ,D21,1996,190455.0
CZ,D21,1997,197048.0
CZ,D21,1998,206833.0
CZ,D21,1999,226465.0
CZ,D21,2000,233210.0
CZ,D21,2001,244117.0
CZ,D21,2002,253241.0
CZ,D21,2003,272362.0
CZ,D21,2004,320946.0
CZ,D21,2005,342759.0
CZ,D21,2006,352099.0
CZ,D21,2007,395546.0
CZ,D21,2008,407734.0
CZ,D21,2009,414592.0
CZ,D21,2010,427869.0
CZ,D21,2011,464120.0
CZ,D21,2012,485181.0
CZ,D21,2013,507076.0
CZ,D21,2014,496861.0
CZ,D21,2015,546676.0
CZ,D21,2016,570617.0
CZ,D21,2017,609504.0
CZ,D21,2018,628030.0
CZ,D21,2019,657974.0
CZ,D21,2020,619526.0
CZ,D21,2021,671893.0
CZ,D21,2022,741942.0
CZ,D21,2023,764105.0
CZ,D21,2024,820970.0
CZ,D211,1995,91673.0
CZ,D211,1996,107572.0
CZ,D211,1997,114458.0
CZ,D211,1998,121058.0
CZ,D211,1999,136497.0
CZ,D211,2000,141341.0
CZ,D211,2001,149271.0
CZ,D211,2002,155136.0
CZ,D211,2003,164250.0
CZ,D211,2004,204618.0
CZ,D211,2005,215118.0
CZ,D211,2006,213728.0
CZ,D211,2007,232288.0
CZ,D211,2008,260366.0
CZ,D211,2009,258628.0
CZ,D211,2010,263457.0
CZ,D211,2011,276533.0
CZ,D211,2012,286116.0
CZ,D211,2013,303823.0
CZ,D211,2014,319485.0
CZ,D211,2015,333274.0
CZ,D211,2016,353915.0
CZ,D211,2017,387537.0
CZ,D211,2018,408538.0
CZ,D211,2019,435462.0
CZ,D211,2020,422479.0
CZ,D211,2021,463521.0
CZ,D211,2022,536896.0
CZ,D211,2023,572701.0
CZ,D211,2024,586901.0
CZ,D214,1995,38471.0
CZ,D214,1996,42241.0
CZ,D214,1997,45448.0
CZ,D214,1998,48926.0
CZ,D214,1999,51942.0
CZ,D214,2000,54482.0
CZ,D214,2001,57042.0
CZ,D214,2002,64173.0
CZ,D214,2003,74065.0
CZ,D214,2004,83125.0
CZ,D214,2005,93734.0
CZ,D214,2006,101984.0
CZ,D214,2007,118626.0
CZ,D214,2008,106849.0
CZ,D214,2009,106552.0
CZ,D214,2010,107008.0
CZ,D214,2011,116764.0
CZ,D214,2012,127747.0
CZ,D214,2013,131825.0
CZ,D214,2014,116275.0
CZ,D214,2015,134431.0
CZ,D214,2016,109887.0
CZ,D214,2017,127554.0
CZ,D214,2018,120048.0
CZ,D214,2019,123854.0
CZ,D214,2020,111547.0
CZ,D214,2021,105563.0
CZ,D214,2022,105254.0
CZ,D214,2023,95826.0
CZ,D214,2024,129070.0
CZ,D29,1995,13152.0
CZ,D29,1996,14062.0
CZ,D29,1997,13027.0
CZ,D29,1998,13218.0
CZ,D29,1999,16263.0
CZ,D29,2000,16656.0
CZ,D29,2001,16810.0
CZ,D29,2002,16618.0
CZ,D29,2003,15007.0
CZ,D29,2004,16199.0
CZ,D29,2005,14791.0
CZ,D29,2006,15295.0
CZ,D29,2007,16313.0
CZ,D29,2008,16428.0
CZ,D29,2009,16040.0
CZ,D29,2010,20140.0
CZ,D29,2011,24193.0
CZ,D29,2012,23015.0
CZ,D29,2013,20532.0
CZ,D29,2014,23683.0
CZ,D29,2015,23616.0
CZ,D29,2016,24864.0
CZ,D29,2017,25468.0
CZ,D29,2018,27977.0
CZ,D29,2019,38398.0
CZ,D29,2020,40276.0
CZ,D29,2021,43776.0
CZ,D29,2022,38451.0
CZ,D29,2023,52915.0
CZ,D29,2024,47960.0
CZ,D5,1995,142960.0
CZ,D5,1996,143176.0
CZ,D5,1997,163262.0
CZ,D5,1998,168992.0
CZ,D5,1999,179351.0
CZ,D5,2000,183681.0
CZ,D5,2001,207135.0
CZ,D5,2002,227893.0
CZ,D5,2003,250762.0
CZ,D5,2004,271383.0
CZ,D5,2005,289221.0
CZ,D5,2006,311760.0
CZ,D5,2007,347018.0
CZ,D5,2008,330602.0
CZ,D5,2009,295483.0
CZ,D5,2010,287084.0
CZ,D5,2011,300534.0
CZ,D5,2012,303097.0
CZ,D5,2013,313134.0
CZ,D5,2014,335460.0
CZ,D5,2015,354166.0
CZ,D5,2016,385430.0
CZ,D5,2017,416438.0
CZ,D5,2018,458463.0
CZ,D5,2019,490517.0
CZ,D5,2020,485387.0
CZ,D5,2021,468547.0
CZ,D5,2022,538175.0
CZ,D5,2023,611941.0
CZ,D5,2024,684384.0
CZ,D51,1995,137616.0
CZ,D51,1996,136716.0
CZ,D51,1997,156713.0
CZ,D51,1998,161447.0
CZ,D51,1999,172420.0
CZ,D51,2000,175036.0
CZ,D51,2001,199799.0
CZ,D51,2002,221688.0
CZ,D51,2003,244281.0
CZ,D51,2004,265040.0
CZ,D51,2005,282074.0
CZ,D51,2006,303344.0
CZ,D51,2007,337503.0
CZ,D51,2008,320308.0
CZ,D51,2009,285019.0
CZ,D51,2010,276616.0
CZ,D51,2011,290236.0
CZ,D51,2012,292610.0
CZ,D51,2013,302791.0
CZ,D51,2014,325118.0
CZ,D51,2015,343264.0
CZ,D51,2016,374290.0
CZ,D51,2017,404813.0
CZ,D51,2018,447516.0
CZ,D51,2019,479639.0
CZ,D51,2020,474596.0
CZ,D51,2021,457324.0
CZ,D51,2022,527269.0
CZ,D51,2023,600626.0
CZ,D51,2024,671269.0
CZ,D51A,1995,70361.0
CZ,D51A,1996,80206.0
CZ,D51A,1997,87356.0
CZ,D51A,1998,93983.0
CZ,D51A,1999,92962.0
CZ,D51A,2000,99881.0
CZ,D51A,2001,105406.0
CZ,D51A,2002,114957.0
CZ,D51A,2003,125399.0
CZ,D51A,2004,136375.0
CZ,D51A,2005,147085.0
CZ,D51A,2006,149631.0
CZ,D51A,2007,166324.0
CZ,D51A,2008,158360.0
CZ,D51A,2009,152692.0
CZ,D51A,2010,149212.0
CZ,D51A,2011,161205.0
CZ,D51A,2012,165130.0
CZ,D51A,2013,170233.0
CZ,D51A,2014,181247.0
CZ,D51A,2015,186692.0
CZ,D51A,2016,207122.0
CZ,D51A,2017,228933.0
CZ,D51A,2018,260601.0
CZ,D51A,2019,287227.0
CZ,D51A,2020,297687.0
CZ,D51A,2021,227961.0
CZ,D51A,2022,243327.0
CZ,D51A,2023,279437.0
CZ,D51A,2024,312016.0
CZ,D51B,1995,67255.0
CZ,D51B,1996,56510.0
CZ,D51B,1997,69357.0
CZ,D51B,1998,67464.0
CZ,D51B,1999,79458.0
CZ,D51B,2000,75155.0
CZ,D51B,2001,94393.0
CZ,D51B,2002,106731.0
CZ,D51B,2003,118882.0
CZ,D51B,2004,128665.0
CZ,D51B,2005,134989.0
CZ,D51B,2006,153713.0
CZ,D51B,2007,171179.0
CZ,D51B,2008,161948.0
CZ,D51B,2009,132327.0
CZ,D51B,2010,127404.0
CZ,D51B,2011,129031.0
CZ,D51B,2012,127480.0
CZ,D51B,2013,132558.0
CZ,D51B,2014,143871.0
CZ,D51B,2015,156572.0
CZ,D51B,2016,167168.0
CZ,D51B,2017,175880.0
CZ,D51B,2018,186915.0
CZ,D51B,2019,192412.0
CZ,D51B,2020,176909.0
CZ,D51B,2021,229363.0
CZ,D51B,2022,283942.0
CZ,D51B,2023,321189.0
CZ,D51B,2024,359253.0
CZ,D59,1995,5344.0
CZ,D59,1996,6460.0
CZ,D59,1997,6549.0
CZ,D59,1998,7545.0
CZ,D59,1999,6931.0
CZ,D59,2000,8645.0
CZ,D59,2001,7336.0
CZ,D59,2002,6205.0
CZ,D59,2003,6481.0
CZ,D59,2004,6343.0
CZ,D59,2005,7147.0
CZ,D59,2006,8416.0
CZ,D59,2007,9515.0
CZ,D59,2008,10294.0
CZ,D59,2009,10464.0
CZ,D59,2010,10468.0
CZ,D59,2011,10298.0
CZ,D59,2012,10487.0
CZ,D59,2013,10343.0
CZ,D59,2014,10342.0
CZ,D59,2015,10902.0
CZ,D59,2016,11140.0
CZ,D59,2017,11625.0
CZ,D59,2018,10947.0
CZ,D59,2019,10878.0
CZ,D59,2020,10791.0
CZ,D59,2021,11223.0
CZ,D59,2022,10906.0
CZ,D59,2023,11315.0
CZ,D59,2024,13115.0
CZ,D91,1995,393.0
CZ,D91,1996,466.0
CZ,D91,1997,573.0
CZ,D91,1998,552.0
CZ,D91,1999,535.0
CZ,D91,2000,587.0
CZ,D91,2001,687.0
CZ,D91,2002,748.0
CZ,D91,2003,865.0
CZ,D91,2004,622.0
CZ,D91,2005,737.0
CZ,D91,2006,805.0
CZ,D91,2007,464.0
CZ,D91,2008,256.0
CZ,D91,2009,235.0
CZ,D91,2010,227.0
CZ,D91,2011,229.0
CZ,D91,2012,231.0
CZ,D91,2013,154.0
CZ,D91,2014,10.0
CZ,D91,2015,11.0
CZ,D91,2016,17.0
CZ,D91,2017,29.0
CZ,D91,2018,22.0
CZ,D91,2019,12.0
CZ,D91,2020,35.0
CZ,D91,2021,21.0
CZ,D91,2022,25.0
CZ,D91,2023,23.0
CZ,D91,2024,24.0
CZ,ODA,1995,323534.0
CZ,ODA,1996,348159.0
CZ,ODA,1997,373910.0
CZ,ODA,1998,389595.0
CZ,ODA,1999,422614.0
CZ,ODA,2000,434134.0
CZ,ODA,2001,468749.0
CZ,ODA,2002,498500.0
CZ,ODA,2003,538996.0
CZ,ODA,2004,609150.0
CZ,ODA,2005,647508.0
CZ,ODA,2006,679959.0
CZ,ODA,2007,759341.0
CZ,ODA,2008,755020.0
CZ,ODA,2009,726350.0
CZ,ODA,2010,735320.0
CZ,ODA,2011,789076.0
CZ,ODA,2012,811524.0
CZ,ODA,2013,840896.0
CZ,ODA,2014,856014.0
CZ,ODA,2015,924469.0
CZ,ODA,2016,980928.0
CZ,ODA,2017,1051439.0
CZ,ODA,2018,1114492.0
CZ,ODA,2019,1186901.0
CZ,ODA,2020,1145224.0
CZ,ODA,2021,1184237.0
CZ,ODA,2022,1318593.0
CZ,ODA,2023,1428984.0
CZ,ODA,2024,1553338.0
CZ,D61,1995,225555.0
CZ,D61,1996,257527.0
CZ,D61,1997,284734.0
CZ,D61,1998,306566.0
CZ,D61,1999,321672.0
CZ,D61,2000,342252.0
CZ,D61,2001,366870.0
CZ,D61,2002,398000.0
CZ,D61,2003,421485.0
CZ,D61,2004,452803.0
CZ,D61,2005,482138.0
CZ,D61,2006,524788.0
CZ,D61,2007,576714.0
CZ,D61,2008,599217.0
CZ,D61,2009,559694.0
CZ,D61,2010,577920.0
CZ,D61,2011,592514.0
CZ,D61,2012,600265.0
CZ,D61,2013,606639.0
CZ,D61,2014,628548.0
CZ,D61,2015,662916.0
CZ,D61,2016,703045.0
CZ,D61,2017,759528.0
CZ,D61,2018,833855.0
CZ,D61,2019,895100.0
CZ,D61,2020,909411.0
CZ,D61,2021,1013202.0
CZ,D61,2022,1084270.0
CZ,D61,2023,1169314.0
CZ,D61,2024,1270003.0
CZ,D611,1995,145975.0
CZ,D611,1996,168869.0
CZ,D611,1997,186514.0
CZ,D611,1998,198518.0
CZ,D611,1999,206116.0
CZ,D611,2000,219764.0
CZ,D611,2001,236015.0
CZ,D611,2002,255851.0
CZ,D611,2003,270722.0
CZ,D611,2004,289772.0
CZ,D611,2005,308662.0
CZ,D611,2006,332377.0
CZ,D611,2007,363777.0
CZ,D611,2008,380108.0
CZ,D611,2009,350029.0
CZ,D611,2010,367741.0
CZ,D611,2011,377530.0
CZ,D611,2012,382657.0
CZ,D611,2013,387446.0
CZ,D611,2014,400654.0
CZ,D611,2015,422509.0
CZ,D611,2016,449685.0
CZ,D611,2017,488473.0
CZ,D611,2018,538164.0
CZ,D611,2019,576586.0
CZ,D611,2020,581087.0
CZ,D611,2021,625950.0
CZ,D611,2022,669834.0
CZ,D611,2023,722261.0
CZ,D611,2024,772199.0
CZ,D613,1995,79457.0
CZ,D613,1996,88572.0
CZ,D613,1997,98138.0
CZ,D613,1998,107888.0
CZ,D613,1999,115340.0
CZ,D613,2000,122064.0
CZ,D613,2001,130609.0
CZ,D613,2002,141899.0
CZ,D613,2003,150401.0
CZ,D613,2004,162626.0
CZ,D613,2005,173073.0
CZ,D613,2006,192001.0
CZ,D613,2007,212638.0
CZ,D613,2008,218780.0
CZ,D613,2009,208802.0
CZ,D613,2010,209465.0
CZ,D613,2011,214043.0
CZ,D613,2012,216715.0
CZ,D613,2013,218259.0
CZ,D613,2014,227161.0
CZ,D613,2015,239380.0
CZ,D613,2016,252352.0
CZ,D613,2017,269885.0
CZ,D613,2018,294265.0
CZ,D613,2019,316647.0
CZ,D613,2020,325145.0
CZ,D613,2021,383695.0
CZ,D613,2022,409633.0
CZ,D613,2023,443423.0
CZ,D613,2024,494334.0
CZ,ODB,1995,548966.0
CZ,ODB,1996,605600.0
CZ,ODB,1997,658562.0
CZ,ODB,1998,696001.0
CZ,ODB,1999,744070.0
CZ,ODB,2000,775962.0
CZ,ODB,2001,835373.0
CZ,ODB,2002,896250.0
CZ,ODB,2003,960119.0
CZ,ODB,2004,1061548.0
CZ,ODB,2005,1129243.0
CZ,ODB,2006,1204337.0
CZ,ODB,2007,1335756.0
CZ,ODB,2008,1353908.0
CZ,ODB,2009,1285181.0
CZ,ODB,2010,1312526.0
CZ,ODB,2011,1380649.0
CZ,ODB,2012,1410896.0
CZ,ODB,2013,1446601.0
CZ,ODB,2014,1483829.0
CZ,ODB,2015,1586358.0
CZ,ODB,2016,1682965.0
CZ,ODB,2017,1809797.0
CZ,ODB,2018,1946921.0
CZ,ODB,2019,2080134.0
CZ,ODB,2020,2051456.0
CZ,ODB,2021,2193882.0
CZ,ODB,2022,2398060.0
CZ,ODB,2023,2594668.0
CZ,ODB,2024,2819871.0
CZ,ODC,1995,549089.0
CZ,ODC,1996,605686.0
CZ,ODC,1997,658644.0
CZ,ODC,1998,696161.0
CZ,ODC,1999,744286.0
CZ,ODC,2000,776386.0
CZ,ODC,2001,835619.0
CZ,ODC,2002,896500.0
CZ,ODC,2003,960481.0
CZ,ODC,2004,1061953.0
CZ,ODC,2005,1129646.0
CZ,ODC,2006,1204747.0
CZ,ODC,2007,1336055.0
CZ,ODC,2008,1354237.0
CZ,ODC,2009,1286044.0
CZ,ODC,2010,1313240.0
CZ,ODC,2011,1381590.0
CZ,ODC,2012,1411789.0
CZ,ODC,2013,1447535.0
CZ,ODC,2014,1484562.0
CZ,ODC,2015,1587385.0
CZ,ODC,2016,1683973.0
CZ,ODC,2017,1810967.0
CZ,ODC,2018,1948347.0
CZ,ODC,2019,2082001.0
CZ,ODC,2020,2054635.0
CZ,ODC,2021,2197439.0
CZ,ODC,2022,2402863.0
CZ,ODC,2023,2598298.0
CZ,ODC,2024,2823341.0
DK,D2,1995,171228.7
DK,D2,1996,183480.0
DK,D2,1997,194940.0
DK,D2,1998,214699.2
DK,D2,1999,223018.7
DK,D2,2000,223702.4
DK,D2,2001,232675.8
DK,D2,2002,242238.7
DK,D2,2003,244838.8
DK,D2,2004,259663.9
DK,D2,2005,278980.0
DK,D2,2006,294039.2
DK,D2,2007,307061.5
DK,D2,2008,300054.4
DK,D2,2009,284457.2
DK,D2,2010,296114.8
DK,D2,2011,304650.1
DK,D2,2012,312663.6
DK,D2,2013,319699.8
DK,D2,2014,325268.7
DK,D2,2015,334827.4
DK,D2,2016,343594.7
DK,D2,2017,351735.8
DK,D2,2018,363306.6
DK,D2,2019,367721.8
DK,D2,2020,374459.1
DK,D2,2021,398278.7
DK,D2,2022,409664.5
DK,D2,2023,396332.1
DK,D2,2024,406284.2
DK,D2,2025,423240.3
DK,D21,1995,155021.8
DK,D21,1996,167080.1
DK,D21,1997,176196.1
DK,D21,1998,193623.7
DK,D21,1999,201103.4
DK,D21,2000,202137.3
DK,D21,2001,208600.0
DK,D21,2002,217113.9
DK,D21,2003,219234.1
DK,D21,2004,233111.7
DK,D21,2005,251557.6
DK,D21,2006,264782.8
DK,D21,2007,275456.2
DK,D21,2008,266059.7
DK,D21,2009,249601.2
DK,D21,2010,259573.3
DK,D21,2011,266039.0
DK,D21,2012,272644.5
DK,D21,2013,275075.2
DK,D21,2014,278711.4
DK,D21,2015,286973.0
DK,D21,2016,295967.6
DK,D21,2017,304036.8
DK,D21,2018,313169.0
DK,D21,2019,314840.8
DK,D21,2020,322570.7
DK,D21,2021,342361.7
DK,D21,2022,350936.8
DK,D21,2023,331390.1
DK,D21,2024,347490.0
DK,D21,2025,361696.0
DK,D211,1995,94007.8
DK,D211,1996,101286.8
DK,D211,1997,106340.5
DK,D211,1998,111811.3
DK,D211,1999,116893.8
DK,D211,2000,121954.9
DK,D211,2001,126230.9
DK,D211,2002,130112.6
DK,D211,2003,133019.5
DK,D211,2004,141037.8
DK,D211,2005,154653.9
DK,D211,2006,166936.4
DK,D211,2007,174638.7
DK,D211,2008,173871.8
DK,D211,2009,167529.5
DK,D211,2010,171582.7
DK,D211,2011,176447.8
DK,D211,2012,181733.8
DK,D211,2013,181377.8
DK,D211,2014,185990.0
DK,D211,2015,191328.4
DK,D211,2016,199069.5
DK,D211,2017,208532.2
DK,D211,2018,217526.6
DK,D211,2019,223069.6
DK,D211,2020,231649.9
DK,D211,2021,251278.1
DK,D211,2022,266450.6
DK,D211,2023,259320.1
DK,D211,2024,271827.8
DK,D211,2025,285159.6
DK,D214,1995,34128.9
DK,D214,1996,37566.7
DK,D214,1997,39958.7
DK,D214,1998,48444.4
DK,D214,1999,52178.6
DK,D214,2000,51261.5
DK,D214,2001,54657.2
DK,D214,2002,57068.1
DK,D214,2003,57699.7
DK,D214,2004,58880.8
DK,D214,2005,59075.9
DK,D214,2006,58144.0
DK,D214,2007,60109.5
DK,D214,2008,55753.0
DK,D214,2009,55446.6
DK,D214,2010,58121.8
DK,D214,2011,53084.1
DK,D214,2012,54231.5
DK,D214,2013,54801.1
DK,D214,2014,53298.4
DK,D214,2015,53784.7
DK,D214,2016,52315.7
DK,D214,2017,54722.8
DK,D214,2018,54512.9
DK,D214,2019,50906.1
DK,D214,2020,50435.3
DK,D214,2021,52384.5
DK,D214,2022,51081.1
DK,D214,2023,40796.7
DK,D214,2024,47514.9
DK,D214,2025,49681.5
DK,D29,1995,16206.9
DK,D29,1996,16400.0
DK,D29,1997,18743.9
DK,D29,1998,21075.5
DK,D29,1999,21915.3
DK,D29,2000,21565.1
DK,D29,2001,24075.8
DK,D29,2002,25124.7
DK,D29,2003,25604.7
DK,D29,2004,26552.2
DK,D29,2005,27422.3
DK,D29,2006,29256.5
DK,D29,2007,31605.2
DK,D29,2008,33994.7
DK,D29,2009,34856.0
DK,D29,2010,36541.4
DK,D29,2011,38611.2
DK,D29,2012,40019.1
DK,D29,2013,44624.7
DK,D29,2014,46557.4
DK,D29,2015,47854.4
DK,D29,2016,47627.1
DK,D29,2017,47699.0
DK,D29,2018,50137.6
DK,D29,2019,52881.1
DK,D29,2020,51888.5
DK,D29,2021,55917.0
DK,D29,2022,58727.7
DK,D29,2023,64942.0
DK,D29,2024,58794.2
DK,D29,2025,61544.4
DK,D5,1995,312174.9
DK,D5,1996,326659.7
DK,D5,1997,340867.4
DK,D5,1998,347536.8
DK,D5,1999,365580.3
DK,D5,2000,388039.8
DK,D5,2001,388984.1
DK,D5,2002,397992.7
DK,D5,2003,411048.0
DK,D5,2004,437267.6
DK,D5,2005,480947.7
DK,D5,2006,487039.9
DK,D5,2007,500619.4
DK,D5,2008,506535.6
DK,D5,2009,488054.5
DK,D5,2010,519457.7
DK,D5,2011,527375.8
DK,D5,2012,554604.0
DK,D5,2013,586462.1
DK,D5,2014,659612.5
DK,D5,2015,626373.8
DK,D5,2016,628830.4
DK,D5,2017,655479.3
DK,D5,2018,640669.7
DK,D5,2019,721406.7
DK,D5,2020,729342.5
DK,D5,2021,817531.7
DK,D5,2022,783139.1
DK,D5,2023,832151.1
DK,D5,2024,908110.3
DK,D5,2025,941442.4
DK,D51,1995,307642.7
DK,D51,1996,322002.5
DK,D51,1997,336766.7
DK,D51,1998,343380.9
DK,D51,1999,360637.2
DK,D51,2000,374155.8
DK,D51,2001,373619.4
DK,D51,2002,381663.5
DK,D51,2003,394702.1
DK,D51,2004,420447.6
DK,D51,2005,463442.3
DK,D51,2006,468812.6
DK,D51,2007,478050.5
DK,D51,2008,483120.9
DK,D51,2009,464362.9
DK,D51,2010,495181.2
DK,D51,2011,502868.0
DK,D51,2012,529710.7
DK,D51,2013,560703.4
DK,D51,2014,633911.9
DK,D51,2015,600165.4
DK,D51,2016,602699.5
DK,D51,2017,629323.0
DK,D51,2018,614158.8
DK,D51,2019,695793.1
DK,D51,2020,704467.7
DK,D51,2021,794982.5
DK,D51,2022,761748.3
DK,D51,2023,810521.6
DK,D51,2024,886873.5
DK,D51,2025,920592.5
DK,D51A,1995,283573.2
DK,D51A,1996,294912.6
DK,D51A,1997,306464.6
DK,D51A,1998,308106.7
DK,D51A,1999,331531.5
DK,D51A,2000,331671.5
DK,D51A,2001,334719.9
DK,D51A,2002,339692.1
DK,D51A,2003,350366.8
DK,D51A,2004,375148.6
DK,D51A,2005,407619.5
DK,D51A,2006,404260.9
DK,D51A,2007,419780.3
DK,D51A,2008,434999.0
DK,D51A,2009,430108.8
DK,D51A,2010,452270.8
DK,D51A,2011,460722.9
DK,D51A,2012,477969.7
DK,D51A,2013,504711.9
DK,D51A,2014,576871.1
DK,D51A,2015,538022.9
DK,D51A,2016,538735.1
DK,D51A,2017,557180.2
DK,D51A,2018,551562.1
DK,D51A,2019,622748.9
DK,D51A,2020,636480.7
DK,D51A,2021,692536.5
DK,D51A,2022,665215.3
DK,D51A,2023,706370.9
DK,D51A,2024,773413.6
DK,D51A,2025,802251.4
DK,D51B,1995,23783.0
DK,D51B,1996,26858.8
DK,D51B,1997,30071.8
DK,D51B,1998,35061.6
DK,D51B,1999,28897.1
DK,D51B,2000,42258.0
DK,D51B,2001,38650.7
DK,D51B,2002,41651.9
DK,D51B,2003,43957.1
DK,D51B,2004,45033.0
DK,D51B,2005,55558.6
DK,D51B,2006,64249.9
DK,D51B,2007,57927.7
DK,D51B,2008,47758.7
DK,D51B,2009,33919.4
DK,D51B,2010,42590.0
DK,D51B,2011,41840.7
DK,D51B,2012,51440.3
DK,D51B,2013,55731.8
DK,D51B,2014,56792.6
DK,D51B,2015,61854.0
DK,D51B,2016,63723.3
DK,D51B,2017,71848.5
DK,D51B,2018,62326.6
DK,D51B,2019,72820.0
DK,D51B,2020,67720.4
DK,D51B,2021,102129.9
DK,D51B,2022,96131.3
DK,D51B,2023,103889.2
DK,D51B,2024,113062.7
DK,D51B,2025,118097.5
DK,D59,1995,4532.2
DK,D59,1996,4657.3
DK,D59,1997,4100.7
DK,D59,1998,4155.9
DK,D59,1999,4943.1
DK,D59,2000,13884.1
DK,D59,2001,15364.7
DK,D59,2002,16329.3
DK,D59,2003,16345.9
DK,D59,2004,16820.0
DK,D59,2005,17505.4
DK,D59,2006,18227.3
DK,D59,2007,22568.9
DK,D59,2008,23414.7
DK,D59,2009,23691.6
DK,D59,2010,24276.5
DK,D59,2011,24507.8
DK,D59,2012,24893.3
DK,D59,2013,25758.6
DK,D59,2014,25700.6
DK,D59,2015,26208.4
DK,D59,2016,26130.8
DK,D59,2017,26156.3
DK,D59,2018,26510.9
DK,D59,2019,25613.6
DK,D59,2020,24874.8
DK,D59,2021,22549.2
DK,D59,2022,21390.8
DK,D59,2023,21629.5
DK,D59,2024,21236.9
DK,D59,2025,20849.9
DK,D91,1995,2410.0
DK,D91,1996,2313.1
DK,D91,1997,2212.7
DK,D91,1998,2246.7
DK,D91,1999,2498.1
DK,D91,2000,3002.2
DK,D91,2001,2804.1
DK,D91,2002,2629.6
DK,D91,2003,2810.7
DK,D91,2004,3335.1
DK,D91,2005,3187.9
DK,D91,2006,3542.4
DK,D91,2007,3901.7
DK,D91,2008,4760.2
DK,D91,2009,3677.9
DK,D91,2010,3646.3
DK,D91,2011,4792.1
DK,D91,2012,3941.9
DK,D91,2013,3940.2
DK,D91,2014,3881.8
DK,D91,2015,5176.8
DK,D91,2016,4239.6
DK,D91,2017,4367.5
DK,D91,2018,4809.9
DK,D91,2019,8570.6
DK,D91,2020,6675.5
DK,D91,2021,6616.1
DK,D91,2022,7444.4
DK,D91,2023,8125.0
DK,D91,2024,8332.4
DK,D91,2025,8513.3
DK,ODA,1995,485813.5
DK,ODA,1996,512452.8
DK,ODA,1997,538020.1
DK,ODA,1998,564482.7
DK,ODA,1999,591097.1
DK,ODA,2000,614744.5
DK,ODA,2001,624463.9
DK,ODA,2002,642861.0
DK,ODA,2003,658697.6
DK,ODA,2004,700266.6
DK,ODA,2005,763115.6
DK,ODA,2006,784621.5
DK,ODA,2007,811582.6
DK,ODA,2008,811350.1
DK,ODA,2009,776189.6
DK,ODA,2010,819218.7
DK,ODA,2011,836818.0
DK,ODA,2012,871209.6
DK,ODA,2013,910102.1
DK,ODA,2014,988763.1
DK,ODA,2015,966378.1
DK,ODA,2016,976664.6
DK,ODA,2017,1011582.6
DK,ODA,2018,1008786.3
DK,ODA,2019,1097699.1
DK,ODA,2020,1110477.2
DK,ODA,2021,1222426.6
DK,ODA,2022,1200248.0
DK,ODA,2023,1236608.2
DK,ODA,2024,1322726.9
DK,ODA,2025,1373196.1
DK,D61,1995,17739.8
DK,D61,1996,18193.6
DK,D61,1997,18744.7
DK,D61,1998,18750.0
DK,D61,1999,27846.9
DK,D61,2000,31308.9
DK,D61,2001,31126.9
DK,D61,2002,24242.9
DK,D61,2003,24217.7
DK,D61,2004,24317.4
DK,D61,2005,24186.1
DK,D61,2006,24166.0
DK,D61,2007,24784.8
DK,D61,2008,24352.3
DK,D61,2009,23805.4
DK,D61,2010,24828.1
DK,D61,2011,25230.7
DK,D61,2012,23494.5
DK,D61,2013,21288.4
DK,D61,2014,20844.1
DK,D61,2015,20657.8
DK,D61,2016,20185.5
DK,D61,2017,20004.6
DK,D61,2018,19687.0
DK,D61,2019,19744.1
DK,D61,2020,20122.9
DK,D61,2021,20769.3
DK,D61,2022,20139.9
DK,D61,2023,19900.0
DK,D61,2024,20130.7
DK,D61,2025,20348.2
DK,D611,1995,349.5
DK,D611,1996,351.3
DK,D611,1997,372.6
DK,D611,1998,416.1
DK,D611,1999,416.9
DK,D611,2000,820.8
DK,D611,2001,761.3
DK,D611,2002,909.6
DK,D611,2003,1098.2
DK,D611,2004,1020.7
DK,D611,2005,1025.9
DK,D611,2006,963.0
DK,D611,2007,1458.4
DK,D611,2008,1296.3
DK,D611,2009,1204.0
DK,D611,2010,1799.1
DK,D611,2011,1965.4
DK,D611,2012,1751.6
DK,D611,2013,1632.6
DK,D611,2014,1708.8
DK,D611,2015,1561.3
DK,D611,2016,1478.2
DK,D611,2017,1395.0
DK,D611,2018,1480.8
DK,D611,2019,1547.2
DK,D611,2020,1989.4
DK,D611,2021,2428.8
DK,D611,2022,2030.7
DK,D611,2023,2232.4
DK,D611,2024,2300.4
DK,D611,2025,2383.2
DK,D613,1995,11472.4
DK,D613,1996,12064.2
DK,D613,1997,12617.4
DK,D613,1998,12873.4
DK,D613,1999,21230.8
DK,D613,2000,24265.0
DK,D613,2001,24247.4
DK,D613,2002,17358.8
DK,D613,2003,17397.5
DK,D613,2004,17679.5
DK,D613,2005,17783.2
DK,D613,2006,17681.2
DK,D613,2007,17633.4
DK,D613,2008,17551.6
DK,D613,2009,17148.0
DK,D613,2010,17672.8
DK,D613,2011,18165.7
DK,D613,2012,16900.6
DK,D613,2013,15135.5
DK,D613,2014,14936.0
DK,D613,2015,15033.6
DK,D613,2016,15039.6
DK,D613,2017,15102.5
DK,D613,2018,14992.6
DK,D613,2019,14938.3
DK,D613,2020,15039.2
DK,D613,2021,15341.4
DK,D613,2022,15153.9
DK,D613,2023,14721.4
DK,D613,2024,14840.5
DK,D613,2025,14985.1
DK,ODB,1995,493876.8
DK,ODB,1996,521316.0
DK,ODB,1997,547769.3
DK,ODB,1998,574879.8
DK,ODB,1999,609845.8
DK,ODB,2000,637086.3
DK,ODB,2001,646646.9
DK,ODB,2002,658420.0
DK,ODB,2003,674318.6
DK,ODB,2004,716022.2
DK,ODB,2005,778515.0
DK,ODB,2006,800092.7
DK,ODB,2007,827422.9
DK,ODB,2008,827211.2
DK,ODB,2009,790552.6
DK,ODB,2010,833978.1
DK,ODB,2011,851652.0
DK,ODB,2012,884625.1
DK,ODB,2013,909669.7
DK,ODB,2014,985932.9
DK,ODB,2015,962521.9
DK,ODB,2016,981315.8
DK,ODB,2017,1014230.7
DK,ODB,2018,1015468.6
DK,ODB,2019,1103814.4
DK,ODB,2020,1116752.0
DK,ODB,2021,1230179.7
DK,ODB,2022,1207680.1
DK,ODB,2023,1244522.3
DK,ODB,2024,1329983.3
DK,ODB,2025,1379633.1
DK,ODC,1995,499794.6
DK,ODC,1996,527094.1
DK,ODC,1997,553524.0
DK,ODC,1998,580340.3
DK,ODC,1999,616045.1
DK,ODC,2000,643309.4
DK,ODC,2001,652765.1
DK,ODC,2002,664394.5
DK,ODC,2003,680040.7
DK,ODC,2004,721639.4
DK,ODC,2005,783892.1
DK,ODC,2006,805614.5
DK,ODC,2007,833116.0
DK,ODC,2008,832715.6
DK,ODC,2009,796006.0
DK,ODC,2010,839334.4
DK,ODC,2011,856751.6
DK,ODC,2012,889467.4
DK,ODC,2013,914190.0
DK,ODC,2014,990132.2
DK,ODC,2015,966584.8
DK,ODC,2016,984983.5
DK,ODC,2017,1017737.8
DK,ODC,2018,1018682.3
DK,ODC,2019,1107073.1
DK,ODC,2020,1119846.3
DK,ODC,2021,1233178.8
DK,ODC,2022,1210635.4
DK,ODC,2023,1247468.4
DK,ODC,2024,1332973.1
DK,ODC,2025,1382612.9
DE,D2,1995,201007.0
DE,D2,1996,201372.0
DE,D2,1997,204608.0
DE,D2,1998,211864.0
DE,D2,1999,227201.0
DE,D2,2000,233196.0
DE,D2,2001,236892.0
DE,D2,2002,238654.0
DE,D2,2003,244030.0
DE,D2,2004,243132.0
DE,D2,2005,246418.0
DE,D2,2006,256988.0
DE,D2,2007,282421.0
DE,D2,2008,288050.0
DE,D2,2009,290819.0
DE,D2,2010,291326.0
DE,D2,2011,313879.0
DE,D2,2012,320115.0
DE,D2,2013,330281.0
DE,D2,2014,342463.0
DE,D2,2015,356922.0
DE,D2,2016,366087.0
DE,D2,2017,378521.0
DE,D2,2018,388411.0
DE,D2,2019,401457.0
DE,D2,2020,378238.0
DE,D2,2021,418463.0
DE,D2,2022,444391.0
DE,D2,2023,436986.0
DE,D2,2024,449362.0
DE,D21,1995,189572.0
DE,D21,1996,189529.0
DE,D21,1997,192202.0
DE,D21,1998,198970.0
DE,D21,1999,213591.0
DE,D21,2000,219416.0
DE,D21,2001,222971.0
DE,D21,2002,224556.0
DE,D21,2003,229608.0
DE,D21,2004,228536.0
DE,D21,2005,231248.0
DE,D21,2006,241674.0
DE,D21,2007,266836.0
DE,D21,2008,272625.0
DE,D21,2009,274521.0
DE,D21,2010,274977.0
DE,D21,2011,295474.0
DE,D21,2012,300265.0
DE,D21,2013,310626.0
DE,D21,2014,322431.0
DE,D21,2015,333770.0
DE,D21,2016,343124.0
DE,D21,2017,355876.0
DE,D21,2018,364778.0
DE,D21,2019,375707.0
DE,D21,2020,351277.0
DE,D21,2021,391343.0
DE,D21,2022,405884.0
DE,D21,2023,398603.0
DE,D21,2024,407897.0
DE,D211,1995,120216.0
DE,D211,1996,121484.0
DE,D211,1997,123024.0
DE,D211,1998,129206.0
DE,D211,1999,137707.0
DE,D211,2000,140003.0
DE,D211,2001,139088.0
DE,D211,2002,136779.0
DE,D211,2003,137196.0
DE,D211,2004,137444.0
DE,D211,2005,139801.0
DE,D211,2006,147135.0
DE,D211,2007,170066.0
DE,D211,2008,175867.00000000003
DE,D211,2009,177697.0
DE,D211,2010,180213.0
DE,D211,2011,189909.0
DE,D211,2012,194034.00000000003
DE,D211,2013,197006.0
DE,D211,2014,203083.0
DE,D211,2015,211614.0
DE,D211,2016,218781.0
DE,D211,2017,226583.0
DE,D211,2018,235129.0
DE,D211,2019,244112.0
DE,D211,2020,221565.0
DE,D211,2021,260333.0
DE,D211,2022,292231.0
DE,D211,2023,291457.0
DE,D211,2024,298764.0
DE,D214,1995,54683.0
DE,D214,1996,52840.0
DE,D214,1997,52875.0
DE,D214,1998,54206.0
DE,D214,1999,60270.0
DE,D214,2000,61800.00000000001
DE,D214,2001,64665.0
DE,D214,2002,70288.0
DE,D214,2003,74517.0
DE,D214,2004,73834.0
DE,D214,2005,74401.0
DE,D214,2006,77104.0
DE,D214,2007,80346.0
DE,D214,2008,80392.0
DE,D214,2009,79792.0
DE,D214,2010,75256.0
DE,D214,2011,82840.0
DE,D214,2012,84313.0
DE,D214,2013,91156.0
DE,D214,2014,95679.0
DE,D214,2015,98121.0
DE,D214,2016,98162.00000000001
DE,D214,2017,101620.0
DE,D214,2018,100020.0
DE,D214,2019,100992.0
DE,D214,2020,99268.0
DE,D214,2021,99367.0
DE,D214,2022,82952.0
DE,D214,2023,72697.0
DE,D214,2024,74802.0
DE,D29,1995,11435.0
DE,D29,1996,11843.0
DE,D29,1997,12406.0
DE,D29,1998,12894.0
DE,D29,1999,13610.0
DE,D29,2000,13780.0
DE,D29,2001,13921.0
DE,D29,2002,14098.0
DE,D29,2003,14422.0
DE,D29,2004,14596.0
DE,D29,2005,15170.0
DE,D29,2006,15314.0
DE,D29,2007,15585.0
DE,D29,2008,15425.0
DE,D29,2009,16298.0
DE,D29,2010,16349.0
DE,D29,2011,18405.0
DE,D29,2012,19850.0
DE,D29,2013,19655.0
DE,D29,2014,20032.0
DE,D29,2015,23152.0
DE,D29,2016,22963.0
DE,D29,2017,22645.0
DE,D29,2018,23633.0
DE,D29,2019,25750.0
DE,D29,2020,26961.0
DE,D29,2021,27120.0
DE,D29,2022,38507.0
DE,D29,2023,38383.0
DE,D29,2024,41465.0
DE,D5,1995,226202.0
DE,D5,1996,227385.0
DE,D5,1997,227390.0
DE,D5,1998,240038.0
DE,D5,1999,255926.0
DE,D5,2000,268002.0
DE,D5,2001,242701.0
DE,D5,2002,237263.0
DE,D5,2003,237799.0
DE,D5,2004,238163.0
DE,D5,2005,248531.0
DE,D5,2006,276839.0
DE,D5,2007,300062.0
DE,D5,2008,314031.0
DE,D5,2009,281351.0
DE,D5,2010,280778.0
DE,D5,2011,306013.0
DE,D5,2012,326393.0
DE,D5,2013,340391.0
DE,D5,2014,353543.0
DE,D5,2015,371654.0
DE,D5,2016,397057.0
DE,D5,2017,421401.0
DE,D5,2018,444666.0
DE,D5,2019,457902.0
DE,D5,2020,428973.0
DE,D5,2021,486071.0
DE,D5,2022,531065.0
DE,D5,2023,533331.0
DE,D5,2024,552833.0
DE,D51,1995,212041.0
DE,D51,1996,212577.0
DE,D51,1997,215268.0
DE,D51,1998,227843.0
DE,D51,1999,244260.0
DE,D51,2000,256331.0
DE,D51,2001,229553.0
DE,D51,2002,224662.0
DE,D51,2003,225367.0
DE,D51,2004,225512.0
DE,D51,2005,234879.0
DE,D51,2006,262906.0
DE,D51,2007,286149.0
DE,D51,2008,300226.0
DE,D51,2009,267770.0
DE,D51,2010,267015.0
DE,D51,2011,292154.0
DE,D51,2012,312554.0
DE,D51,2013,326253.0
DE,D51,2014,338800.0
DE,D51,2015,356939.0
DE,D51,2016,382350.0
DE,D51,2017,406706.0
DE,D51,2018,429888.0
DE,D51,2019,442825.0
DE,D51,2020,413825.0
DE,D51,2021,470215.0
DE,D51,2022,515156.0
DE,D51,2023,517508.0
DE,D51,2024,536831.0
DE,D51A,1995,174633.0
DE,D51A,1996,167486.0
DE,D51A,1997,167384.0
DE,D51A,1998,176095.0
DE,D51A,1999,187305.0
DE,D51A,2000,195015.0
DE,D51A,2001,192995.0
DE,D51A,2002,188838.0
DE,D51A,2003,185357.0
DE,D51A,2004,176273.0
DE,D51A,2005,177119.0
DE,D51A,2006,190716.0
DE,D51A,2007,209035.99999999997
DE,D51A,2008,228465.0
DE,D51A,2009,214692.0
DE,D51A,2010,207278.0
DE,D51A,2011,217187.0
DE,D51A,2012,234795.0
DE,D51A,2013,248836.00000000003
DE,D51A,2014,259199.0
DE,D51A,2015,271926.0
DE,D51A,2016,286364.0
DE,D51A,2017,305406.0
DE,D51A,2018,318683.0
DE,D51A,2019,333680.0
DE,D51A,2020,319560.0
DE,D51A,2021,338858.0
DE,D51A,2022,371727.0
DE,D51A,2023,370885.0
DE,D51A,2024,383670.0
DE,D51B,1995,33880.0
DE,D51B,1996,41211.0
DE,D51B,1997,44521.0
DE,D51B,1998,47788.0
DE,D51B,1999,52561.0
DE,D51B,2000,57118.0
DE,D51B,2001,32868.0
DE,D51B,2002,32241.0
DE,D51B,2003,36579.0
DE,D51B,2004,44980.0
DE,D51B,2005,52294.0
DE,D51B,2006,65052.0
DE,D51B,2007,68223.0
DE,D51B,2008,62882.0
DE,D51B,2009,42599.0
DE,D51B,2010,49424.0
DE,D51B,2011,61690.0
DE,D51B,2012,65933.0
DE,D51B,2013,63972.0
DE,D51B,2014,65000.0
DE,D51B,2015,66203.0
DE,D51B,2016,78171.0
DE,D51B,2017,83231.99999999999
DE,D51B,2018,90736.0
DE,D51B,2019,87920.0
DE,D51B,2020,70652.0
DE,D51B,2021,103866.0
DE,D51B,2022,118467.0
DE,D51B,2023,122093.0
DE,D51B,2024,118961.0
DE,D59,1995,14161.0
DE,D59,1996,14808.0
DE,D59,1997,12122.0
DE,D59,1998,12195.0
DE,D59,1999,11666.0
DE,D59,2000,11671.0
DE,D59,2001,13148.0
DE,D59,2002,12601.0
DE,D59,2003,12432.0
DE,D59,2004,12651.0
DE,D59,2005,13652.0
DE,D59,2006,13933.0
DE,D59,2007,13913.0
DE,D59,2008,13805.0
DE,D59,2009,13581.0
DE,D59,2010,13763.0
DE,D59,2011,13859.0
DE,D59,2012,13839.0
DE,D59,2013,14138.0
DE,D59,2014,14743.0
DE,D59,2015,14715.0
DE,D59,2016,14707.0
DE,D59,2017,14695.0
DE,D59,2018,14778.0
DE,D59,2019,15077.0
DE,D59,2020,15148.0
DE,D59,2021,15856.0
DE,D59,2022,15909.0
DE,D59,2023,15823.0
DE,D59,2024,16002.0
DE,D91,1995,1810.0
DE,D91,1996,2050.0
DE,D91,1997,2070.0
DE,D91,1998,2460.0
DE,D91,1999,3060.0
DE,D91,2000,2990.0
DE,D91,2001,3070.0
DE,D91,2002,3030.0
DE,D91,2003,3369.9999999999995
DE,D91,2004,4290.0
DE,D91,2005,4100.0
DE,D91,2006,3760.0000000000005
DE,D91,2007,4200.0
DE,D91,2008,4770.0
DE,D91,2009,4540.0
DE,D91,2010,4404.999999999999
DE,D91,2011,4245.0
DE,D91,2012,4305.0
DE,D91,2013,4632.000000000001
DE,D91,2014,5452.0
DE,D91,2015,6290.0
DE,D91,2016,7006.0
DE,D91,2017,6114.0
DE,D91,2018,6812.0
DE,D91,2019,6987.0
DE,D91,2020,8657.0
DE,D91,2021,9774.999999999998
DE,D91,2022,9226.0
DE,D91,2023,9285.0
DE,D91,2024,9991.0
DE,ODA,1995,429019.0
DE,ODA,1996,430807.0
DE,ODA,1997,434068.0
DE,ODA,1998,454362.0
DE,ODA,1999,486187.0
DE,ODA,2000,504188.0
DE,ODA,2001,482663.0
DE,ODA,2002,478947.0
DE,ODA,2003,485199.0
DE,ODA,2004,485585.0
DE,ODA,2005,499049.0
DE,ODA,2006,537587.0
DE,ODA,2007,586683.0
DE,ODA,2008,606851.0
DE,ODA,2009,576710.0
DE,ODA,2010,576509.0
DE,ODA,2011,624137.0
DE,ODA,2012,650813.0
DE,ODA,2013,675304.0
DE,ODA,2014,701458.0
DE,ODA,2015,734866.0
DE,ODA,2016,770150.0
DE,ODA,2017,806036.0
DE,ODA,2018,839889.0
DE,ODA,2019,866346.0
DE,ODA,2020,815868.0
DE,ODA,2021,914309.0
DE,ODA,2022,984682.0
DE,ODA,2023,979602.0
DE,ODA,2024,1012186.0
DE,D61,1995,344172.0
DE,D61,1996,360450.0
DE,D61,1997,373386.0
DE,D61,1998,376953.0
DE,D61,1999,382338.0
DE,D61,2000,382754.0
DE,D61,2001,388615.0
DE,D61,2002,394307.0
DE,D61,2003,401896.0
DE,D61,2004,401602.0
DE,D61,2005,401237.0
DE,D61,2006,405332.0
DE,D61,2007,404634.9999999999
DE,D61,2008,412551.0
DE,D61,2009,415558.0
DE,D61,2010,426490.0
DE,D61,2011,442622.0
DE,D61,2012,454584.00000000006
DE,D61,2013,465363.0
DE,D61,2014,482336.0
DE,D61,2015,501157.0
DE,D61,2016,524258.0
DE,D61,2017,549481.0
DE,D61,2018,572583.0
DE,D61,2019,598227.0
DE,D61,2020,608093.0
DE,D61,2021,632317.0
DE,D61,2022,667261.0
DE,D61,2023,710828.0
DE,D61,2024,756551.0
DE,D611,1995,137287.0
DE,D611,1996,140739.0
DE,D611,1997,144658.0
DE,D611,1998,146302.00000000003
DE,D611,1999,149465.0
DE,D611,2000,152048.99999999997
DE,D611,2001,154589.0
DE,D611,2002,154714.99999999997
DE,D611,2003,158446.0
DE,D611,2004,157031.0
DE,D611,2005,153757.0
DE,D611,2006,154991.0
DE,D611,2007,156683.99999999997
DE,D611,2008,160170.00000000003
DE,D611,2009,160129.0
DE,D611,2010,165469.0
DE,D611,2011,171557.00000000003
DE,D611,2012,177271.00000000003
DE,D611,2013,181765.00000000003
DE,D611,2014,188861.00000000003
DE,D611,2015,196665.00000000003
DE,D611,2016,204558.0
DE,D611,2017,214095.00000000003
DE,D611,2018,223521.0
DE,D611,2019,238336.0
DE,D611,2020,244759.0
DE,D611,2021,253478.99999999997
DE,D611,2022,266761.0
DE,D611,2023,284263.00000000006
DE,D611,2024,302299.0
DE,D613,1995,183076.0
DE,D613,1996,194947.0
DE,D613,1997,202480.0
DE,D613,1998,203779.0
DE,D613,1999,204725.99999999997
DE,D613,2000,204940.0
DE,D613,2001,207294.0
DE,D613,2002,212300.0
DE,D613,2003,215532.0
DE,D613,2004,216667.0
DE,D613,2005,219132.0
DE,D613,2006,221516.0
DE,D613,2007,218439.99999999994
DE,D613,2008,222104.0
DE,D613,2009,223930.0
DE,D613,2010,228316.0
DE,D613,2011,238089.0
DE,D613,2012,244382.00000000003
DE,D613,2013,250095.0
DE,D613,2014,259374.99999999997
DE,D613,2015,269959.0
DE,D613,2016,283653.0
DE,D613,2017,298332.0
DE,D613,2018,310885.0
DE,D613,2019,319830.0
DE,D613,2020,321954.0
DE,D613,2021,336341.0
DE,D613,2022,356407.0
DE,D613,2023,380259.0
DE,D613,2024,406110.0
DE,ODB,1995,749382.0
DE,ODB,1996,766493.0
DE,ODB,1997,781206.0
DE,ODB,1998,804443.0
DE,ODB,1999,840378.0
DE,ODB,2000,861177.0
DE,ODB,2001,844546.0
DE,ODB,2002,845962.0
DE,ODB,2003,859177.0
DE,ODB,2004,859283.0
DE,ODB,2005,871938.0
DE,ODB,2006,914094.0
DE,ODB,2007,961807.0
DE,ODB,2008,989125.0
DE,ODB,2009,960769.0
DE,ODB,2010,970294.0
DE,ODB,2011,1033783.0
DE,ODB,2012,1072466.0
DE,ODB,2013,1107164.0
DE,ODB,2014,1149694.0
DE,ODB,2015,1201490.0
DE,ODB,2016,1258361.0
DE,ODB,2017,1318463.0
DE,ODB,2018,1374295.0
DE,ODB,2019,1424512.0
DE,ODB,2020,1382581.0
DE,ODB,2021,1504129.0
DE,ODB,2022,1607850.0
DE,ODB,2023,1644124.0
DE,ODB,2024,1720595.0
DE,ODC,1995,773191.0
DE,ODC,1996,791257.0
DE,ODC,1997,807454.0
DE,ODC,1998,831315.0
DE,ODC,1999,868525.0
DE,ODC,2000,886942.0
DE,ODC,2001,871278.0
DE,ODC,2002,873254.0
DE,ODC,2003,887095.0
DE,ODC,2004,887187.0
DE,ODC,2005,900286.0
DE,ODC,2006,942919.0
DE,ODC,2007,991317.9999999999
DE,ODC,2008,1019402.0
DE,ODC,2009,992268.0
DE,ODC,2010,1002999.0
DE,ODC,2011,1066759.0
DE,ODC,2012,1105397.0
DE,ODC,2013,1140667.0
DE,ODC,2014,1183794.0
DE,ODC,2015,1236023.0
DE,ODC,2016,1294408.0
DE,ODC,2017,1355517.0
DE,ODC,2018,1412472.0
DE,ODC,2019,1464573.0
DE,ODC,2020,1423961.0
DE,ODC,2021,1546626.0
DE,ODC,2022,1651943.0
DE,ODC,2023,1690430.0
DE,ODC,2024,1768737.0
EE,D2,1995,360.65
EE,D2,1996,485.55
EE,D2,1997,611.95
EE,D2,1998,629.81
EE,D2,1999,633.68
EE,D2,2000,767.75
EE,D2,2001,872.29
EE,D2,2002,983.63
EE,D2,2003,1066.3
EE,D2,2004,1257.73
EE,D2,2005,1446.66
EE,D2,2006,1830.26
EE,D2,2007,2208.04
EE,D2,2008,2037.48
EE,D2,2009,2103.17
EE,D2,2010,2097.78
EE,D2,2011,2316.95
EE,D2,2012,2567.49
EE,D2,2013,2618.38
EE,D2,2014,2837.61
EE,D2,2015,3033.97
EE,D2,2016,3292.01
EE,D2,2017,3477.41
EE,D2,2018,3697.32
EE,D2,2019,4086.73
EE,D2,2020,3791.41
EE,D2,2021,4359.2
EE,D2,2022,4958.1
EE,D2,2023,5222.69
EE,D2,2024,5594.08
EE,D2,2025,5893.83
EE,D21,1995,345.36
EE,D21,1996,464.02
EE,D21,1997,585.25
EE,D21,1998,596.34
EE,D21,1999,593.58
EE,D21,2000,714.51
EE,D21,2001,808.59
EE,D21,2002,918.21
EE,D21,2003,999.35
EE,D21,2004,1187.47
EE,D21,2005,1364.52
EE,D21,2006,1726.78
EE,D21,2007,2078.37
EE,D21,2008,1908.43
EE,D21,2009,1992.95
EE,D21,2010,1988.8
EE,D21,2011,2196.92
EE,D21,2012,2438.03
EE,D21,2013,2482.0
EE,D21,2014,2679.18
EE,D21,2015,2878.53
EE,D21,2016,3119.12
EE,D21,2017,3299.07
EE,D21,2018,3497.87
EE,D21,2019,3791.08
EE,D21,2020,3506.91
EE,D21,2021,4061.26
EE,D21,2022,4538.98
EE,D21,2023,4706.8
EE,D21,2024,5061.21
EE,D21,2025,5441.35
EE,D211,1995,266.15
EE,D211,1996,340.88
EE,D211,1997,430.08
EE,D211,1998,407.9
EE,D211,1999,415.8
EE,D211,2000,520.35
EE,D211,2001,568.31
EE,D211,2002,650.52
EE,D211,2003,712.07
EE,D211,2004,805.76
EE,D211,2005,907.95
EE,D211,2006,1214.87
EE,D211,2007,1423.2
EE,D211,2008,1287.73
EE,D211,2009,1224.0
EE,D211,2010,1257.21
EE,D211,2011,1363.02
EE,D211,2012,1508.03
EE,D211,2013,1557.9
EE,D211,2014,1711.12
EE,D211,2015,1872.99
EE,D211,2016,1975.11
EE,D211,2017,2148.71
EE,D211,2018,2330.7
EE,D211,2019,2482.61
EE,D211,2020,2439.27
EE,D211,2021,2877.1
EE,D211,2022,3308.81
EE,D211,2023,3498.7
EE,D211,2024,3834.11
EE,D211,2025,4165.78
EE,D214,1995,3.42
EE,D214,1996,6.02
EE,D214,1997,6.65
EE,D214,1998,7.44
EE,D214,1999,7.75
EE,D214,2000,8.69
EE,D214,2001,9.49
EE,D214,2002,13.17
EE,D214,2003,14.41
EE,D214,2004,16.66
EE,D214,2005,23.12
EE,D214,2006,28.26
EE,D214,2007,41.61
EE,D214,2008,48.8
EE,D214,2009,48.82
EE,D214,2010,84.18
EE,D214,2011,88.56
EE,D214,2012,104.35
EE,D214,2013,93.5
EE,D214,2014,87.5
EE,D214,2015,96.73
EE,D214,2016,108.14
EE,D214,2017,117.79
EE,D214,2018,108.27
EE,D214,2019,123.07
EE,D214,2020,124.36
EE,D214,2021,135.57
EE,D214,2022,144.21
EE,D214,2023,147.01
EE,D214,2024,147.0
EE,D214,2025,132.01
EE,D29,1995,15.29
EE,D29,1996,21.53
EE,D29,1997,26.7
EE,D29,1998,33.47
EE,D29,1999,40.1
EE,D29,2000,53.24
EE,D29,2001,63.7
EE,D29,2002,65.42
EE,D29,2003,66.95
EE,D29,2004,70.26
EE,D29,2005,82.14
EE,D29,2006,103.48
EE,D29,2007,129.67
EE,D29,2008,129.05
EE,D29,2009,110.22
EE,D29,2010,108.98
EE,D29,2011,120.03
EE,D29,2012,129.46
EE,D29,2013,136.38
EE,D29,2014,158.43
EE,D29,2015,155.44
EE,D29,2016,172.89
EE,D29,2017,178.34
EE,D29,2018,199.45
EE,D29,2019,295.65
EE,D29,2020,284.5
EE,D29,2021,297.94
EE,D29,2022,419.12
EE,D29,2023,515.89
EE,D29,2024,532.87
EE,D29,2025,452.48
EE,D5,1995,300.89
EE,D5,1996,336.21
EE,D5,1997,414.29
EE,D5,1998,521.7
EE,D5,1999,523.13
EE,D5,2000,477.25
EE,D5,2001,502.74
EE,D5,2002,586.36
EE,D5,2003,701.58
EE,D5,2004,769.34
EE,D5,2005,781.79
EE,D5,2006,946.1
EE,D5,2007,1196.7
EE,D5,2008,1277.09
EE,D5,2009,1044.87
EE,D5,2010,970.2
EE,D5,2011,1046.91
EE,D5,2012,1183.68
EE,D5,2013,1357.17
EE,D5,2014,1478.62
EE,D5,2015,1606.77
EE,D5,2016,1627.87
EE,D5,2017,1709.97
EE,D5,2018,1929.05
EE,D5,2019,2040.69
EE,D5,2020,2101.89
EE,D5,2021,2627.32
EE,D5,2022,2905.54
EE,D5,2023,3136.73
EE,D5,2024,3789.12
EE,D5,2025,4135.56
EE,D51,1995,300.89
EE,D51,1996,335.2
EE,D51,1997,413.41
EE,D51,1998,520.71
EE,D51,1999,521.95
EE,D51,2000,476.07
EE,D51,2001,501.54
EE,D51,2002,585.08
EE,D51,2003,701.41
EE,D51,2004,769.32
EE,D51,2005,781.78
EE,D51,2006,946.09
EE,D51,2007,1196.7
EE,D51,2008,1277.09
EE,D51,2009,1044.87
EE,D51,2010,970.2
EE,D51,2011,1046.91
EE,D51,2012,1183.68
EE,D51,2013,1357.17
EE,D51,2014,1478.62
EE,D51,2015,1606.77
EE,D51,2016,1627.87
EE,D51,2017,1709.97
EE,D51,2018,1929.05
EE,D51,2019,2040.69
EE,D51,2020,2101.89
EE,D51,2021,2627.32
EE,D51,2022,2905.54
EE,D51,2023,3136.73
EE,D51,2024,3789.12
EE,D51,2025,3984.26
EE,D51B,2004,54.48
EE,D51B,2005,57.07
EE,D51B,2006,52.27
EE,D51B,2007,64.79
EE,D51B,2008,58.69
EE,D51B,2009,38.54
EE,D51B,2010,34.5
EE,D51B,2011,36.89
EE,D51B,2012,55.68
EE,D51B,2013,61.78
EE,D51B,2014,68.93
EE,D51B,2015,38.13
EE,D51B,2016,38.21
EE,D51B,2017,40.35
EE,D51B,2018,71.21
EE,D51B,2019,93.56
EE,D51B,2020,81.89
EE,D51B,2021,95.53
EE,D51B,2022,111.57
EE,D51B,2023,185.75
EE,D51B,2024,206.44
EE,D51B,2025,200.72
EE,D59,1995,0.0
EE,D59,1996,1.01
EE,D59,1997,0.88
EE,D59,1998,0.99
EE,D59,1999,1.18
EE,D59,2000,1.18
EE,D59,2001,1.2
EE,D59,2002,1.28
EE,D59,2003,0.17
EE,D59,2004,0.02
EE,D59,2005,0.01
EE,D59,2006,0.01
EE,D59,2007,0.0
EE,D59,2008,0.0
EE,D59,2009,0.0
EE,D59,2010,0.0
EE,D59,2011,0.0
EE,D59,2012,0.0
EE,D59,2013,0.0
EE,D59,2014,0.0
EE,D59,2015,0.0
EE,D59,2016,0.0
EE,D59,2017,0.0
EE,D59,2018,0.0
EE,D59,2019,0.0
EE,D59,2020,0.0
EE,D59,2021,0.0
EE,D59,2022,0.0
EE,D59,2023,0.0
EE,D59,2024,0.0
EE,D59,2025,151.3
EE,ODA,1995,661.54
EE,ODA,1996,821.76
EE,ODA,1997,1026.24
EE,ODA,1998,1151.51
EE,ODA,1999,1156.81
EE,ODA,2000,1245.0
EE,ODA,2001,1375.03
EE,ODA,2002,1569.99
EE,ODA,2003,1767.88
EE,ODA,2004,2027.07
EE,ODA,2005,2228.45
EE,ODA,2006,2776.36
EE,ODA,2007,3404.74
EE,ODA,2008,3314.57
EE,ODA,2009,3148.04
EE,ODA,2010,3067.98
EE,ODA,2011,3363.86
EE,ODA,2012,3751.17
EE,ODA,2013,3975.55
EE,ODA,2014,4316.23
EE,ODA,2015,4640.74
EE,ODA,2016,4919.88
EE,ODA,2017,5187.38
EE,ODA,2018,5626.37
EE,ODA,2019,6127.42
EE,ODA,2020,5893.3
EE,ODA,2021,6986.52
EE,ODA,2022,7863.64
EE,ODA,2023,8359.42
EE,ODA,2024,9383.2
EE,ODA,2025,10029.39
EE,D61,1995,341.11
EE,D61,1996,424.92
EE,D61,1997,510.4
EE,D61,1998,565.89
EE,D61,1999,596.71
EE,D61,2000,677.26
EE,D61,2001,747.9
EE,D61,2002,861.51
EE,D61,2003,932.86
EE,D61,2004,1014.39
EE,D61,2005,1161.09
EE,D61,2006,1368.14
EE,D61,2007,1703.21
EE,D61,2008,1918.43
EE,D61,2009,1778.85
EE,D61,2010,1825.04
EE,D61,2011,1899.11
EE,D61,2012,2035.66
EE,D61,2013,2115.64
EE,D61,2014,2278.25
EE,D61,2015,2404.03
EE,D61,2016,2554.44
EE,D61,2017,2777.65
EE,D61,2018,3043.89
EE,D61,2019,3329.37
EE,D61,2020,3417.1
EE,D61,2021,3747.55
EE,D61,2022,4229.44
EE,D61,2023,4692.9
EE,D61,2024,5007.93
EE,D61,2025,5284.82
EE,D611,1995,334.27
EE,D611,1996,416.28
EE,D611,1997,500.14
EE,D611,1998,554.79
EE,D611,1999,572.78
EE,D611,2000,648.24
EE,D611,2001,720.23
EE,D611,2002,808.32
EE,D611,2003,874.72
EE,D611,2004,950.46
EE,D611,2005,1091.24
EE,D611,2006,1295.47
EE,D611,2007,1604.32
EE,D611,2008,1789.96
EE,D611,2009,1548.48
EE,D611,2010,1559.14
EE,D611,2011,1630.56
EE,D611,2012,1761.03
EE,D611,2013,1863.64
EE,D611,2014,2010.27
EE,D611,2015,2132.63
EE,D611,2016,2260.59
EE,D611,2017,2451.6
EE,D611,2018,2684.03
EE,D611,2019,2935.23
EE,D611,2020,2973.98
EE,D611,2021,3279.69
EE,D611,2022,3771.19
EE,D611,2023,4201.24
EE,D611,2024,4478.11
EE,D611,2025,4721.75
EE,D613,1995,5.72
EE,D613,1996,6.66
EE,D613,1997,8.02
EE,D613,1998,8.59
EE,D613,1999,20.64
EE,D613,2000,25.29
EE,D613,2001,23.29
EE,D613,2002,45.3
EE,D613,2003,48.18
EE,D613,2004,51.99
EE,D613,2005,55.56
EE,D613,2006,58.16
EE,D613,2007,79.06
EE,D613,2008,100.99
EE,D613,2009,198.2
EE,D613,2010,235.43
EE,D613,2011,235.57
EE,D613,2012,239.2
EE,D613,2013,213.85
EE,D613,2014,224.01
EE,D613,2015,222.4
EE,D613,2016,241.48
EE,D613,2017,264.24
EE,D613,2018,294.35
EE,D613,2019,321.17
EE,D613,2020,356.67
EE,D613,2021,371.88
EE,D613,2022,350.89
EE,D613,2023,377.04
EE,D613,2024,395.84
EE,D613,2025,418.86
EE,ODB,1995,1001.53
EE,ODB,1996,1244.7
EE,ODB,1997,1534.4
EE,ODB,1998,1714.89
EE,ODB,1999,1750.23
EE,ODB,2000,1918.53
EE,ODB,2001,2118.55
EE,ODB,2002,2423.61
EE,ODB,2003,2690.78
EE,ODB,2004,3029.52
EE,ODB,2005,3375.25
EE,ODB,2006,4129.99
EE,ODB,2007,5088.12
EE,ODB,2008,5205.52
EE,ODB,2009,4894.72
EE,ODB,2010,4862.55
EE,ODB,2011,5229.99
EE,ODB,2012,5751.4
EE,ODB,2013,6053.04
EE,ODB,2014,6550.51
EE,ODB,2015,6995.77
EE,ODB,2016,7421.95
EE,ODB,2017,7903.22
EE,ODB,2018,8604.75
EE,ODB,2019,9383.82
EE,ODB,2020,9223.95
EE,ODB,2021,10638.09
EE,ODB,2022,11985.72
EE,ODB,2023,12937.7
EE,ODB,2024,14257.15
EE,ODB,2025,15170.0
EE,ODC,1995,1002.65
EE,ODC,1996,1246.68
EE,ODC,1997,1536.64
EE,ODC,1998,1717.4
EE,ODC,1999,1753.52
EE,ODC,2000,1922.26
EE,ODC,2001,2122.93
EE,ODC,2002,2431.5
EE,ODC,2003,2700.74
EE,ODC,2004,3041.46
EE,ODC,2005,3389.54
EE,ODC,2006,4144.5
EE,ODC,2007,5107.95
EE,ODC,2008,5233.0
EE,ODC,2009,4926.89
EE,ODC,2010,4893.02
EE,ODC,2011,5262.97
EE,ODC,2012,5786.83
EE,ODC,2013,6091.19
EE,ODC,2014,6594.48
EE,ODC,2015,7044.77
EE,ODC,2016,7474.32
EE,ODC,2017,7965.03
EE,ODC,2018,8670.26
EE,ODC,2019,9456.79
EE,ODC,2020,9310.4
EE,ODC,2021,10734.07
EE,ODC,2022,12093.08
EE,ODC,2023,13052.32
EE,ODC,2024,14391.13
EE,ODC,2025,15314.21
IE,D2,1995,7905.219585491466
IE,D2,1996,8704.873016326916
IE,D2,1997,9756.904180694337
IE,D2,1998,11082.443915274947
IE,D2,1999,12402.441167034889
IE,D2,2000,14261.20184521918
IE,D2,2001,14769.27914724631
IE,D2,2002,16314.228125307778
IE,D2,2003,17803.19463822222
IE,D2,2004,19874.570949444445
IE,D2,2005,22568.730606777768
IE,D2,2006,25337.440892333332
IE,D2,2007,26127.148309999997
IE,D2,2008,22803.87261122223
IE,D2,2009,18577.48316395099
IE,D2,2010,18305.289381355225
IE,D2,2011,18034.017587931063
IE,D2,2012,18605.020263985014
IE,D2,2013,19558.89006308904
IE,D2,2014,21534.94376437968
IE,D2,2015,22813.04528035516
IE,D2,2016,23956.26140378667
IE,D2,2017,25082.081974636665
IE,D2,2018,26149.724305663327
IE,D2,2019,27990.95541766
IE,D2,2020,24153.95606457666
IE,D2,2021,30179.475421983334
IE,D2,2022,32485.73636451267
IE,D2,2023,34153.3351126491
IE,D2,2024,36238.69158051613
IE,D21,1995,7028.055946564343
IE,D21,1996,7758.789083360845
IE,D21,1997,8837.31568076753
IE,D21,1998,10076.607662021119
IE,D21,1999,11536.278077936522
IE,D21,2000,13416.181163231746
IE,D21,2001,13681.917804472028
IE,D21,2002,15070.232527
IE,D21,2003,16421.865305999996
IE,D21,2004,18374.516418000003
IE,D21,2005,20648.135953999998
IE,D21,2006,23429.174935
IE,D21,2007,24055.406091999997
IE,D21,2008,20609.828837
IE,D21,2009,16498.95822222222
IE,D21,2010,16308.57117
IE,D21,2011,15945.115525000001
IE,D21,2012,16341.013170999999
IE,D21,2013,16997.366339
IE,D21,2014,18527.417915
IE,D21,2015,19652.608733999998
IE,D21,2016,20885.554490000002
IE,D21,2017,21726.76248469
IE,D21,2018,22449.193007299997
IE,D21,2019,24245.51071561
IE,D21,2020,21135.360362706495
IE,D21,2021,26367.4874458
IE,D21,2022,28395.308017393963
IE,D21,2023,29723.7114354347
IE,D21,2024,31702.829457179203
IE,D211,1995,3735.57
IE,D211,1996,4192.675
IE,D211,1997,4837.703
IE,D211,1998,5589.387000000001
IE,D211,1999,6400.75
IE,D211,2000,7642.5083132799355
IE,D211,2001,7995.529999999999
IE,D211,2002,9133.77
IE,D211,2003,9807.88
IE,D211,2004,10986.09
IE,D211,2005,12373.29
IE,D211,2006,13745.560000000001
IE,D211,2007,14355.369999999999
IE,D211,2008,13084.42
IE,D211,2009,10324.47
IE,D211,2010,10067.17
IE,D211,2011,9755.1
IE,D211,2012,10219.259999999998
IE,D211,2013,10371.94
IE,D211,2014,11527.48
IE,D211,2015,11831.0
IE,D211,2016,12602.52
IE,D211,2017,13060.01366569
IE,D211,2018,14148.791974299998
IE,D211,2019,15270.99450561
IE,D211,2020,12753.41216373
IE,D211,2021,16641.8112394
IE,D211,2022,19175.38584139396
IE,D211,2023,20376.98824408468
IE,D211,2024,21920.42
IE,D214,1995,2192.931512517078
IE,D214,1996,2404.0110771289706
IE,D214,1997,2722.5758177316366
IE,D214,1998,3122.0086259199243
IE,D214,1999,3435.4538349137333
IE,D214,2000,3941.4114888617287
IE,D214,2001,3980.0417907760075
IE,D214,2002,3975.646588868196
IE,D214,2003,4525.057982686966
IE,D214,2004,4669.458537549471
IE,D214,2005,5273.184335676172
IE,D214,2006,6439.873545111783
IE,D214,2007,6276.442274328377
IE,D214,2008,4178.648694563739
IE,D214,2009,2730.878835778393
IE,D214,2010,3003.0806555920217
IE,D214,2011,2725.9462613298165
IE,D214,2012,2742.149065453499
IE,D214,2013,3097.042338207255
IE,D214,2014,3382.494894920583
IE,D214,2015,4034.5850621179748
IE,D214,2016,4376.619810455389
IE,D214,2017,4446.195477317781
IE,D214,2018,4663.660542975695
IE,D214,2019,5001.918112230921
IE,D214,2020,4728.7550596576075
IE,D214,2021,5675.205098439285
IE,D214,2022,5455.14636387295
IE,D214,2023,5644.21414668504
IE,D214,2024,5824.656336379355
IE,D29,1995,877.163638927123
IE,D29,1996,946.0839329660707
IE,D29,1997,919.5884999268076
IE,D29,1998,1005.8362532538297
IE,D29,1999,866.1630890983663
IE,D29,2000,845.0206819874354
IE,D29,2001,1087.361342774282
IE,D29,2002,1243.9955983077775
IE,D29,2003,1381.329332222223
IE,D29,2004,1500.0545314444419
IE,D29,2005,1920.594652777771
IE,D29,2006,1908.2659573333335
IE,D29,2007,2071.742218000001
IE,D29,2008,2194.043774222226
IE,D29,2009,2078.5249417287678
IE,D29,2010,1996.7182113552262
IE,D29,2011,2088.902062931065
IE,D29,2012,2264.007092985019
IE,D29,2013,2561.5237240890397
IE,D29,2014,3007.5258493796773
IE,D29,2015,3160.436546355161
IE,D29,2016,3070.7069137866665
IE,D29,2017,3355.319489946666
IE,D29,2018,3700.5312983633335
IE,D29,2019,3745.4447020500006
IE,D29,2020,3018.595701870167
IE,D29,2021,3811.987976183333
IE,D29,2022,4090.428347118712
IE,D29,2023,4429.623677214428
IE,D29,2024,4535.862123336929
IE,D5,1995,7214.181087185296
IE,D5,1996,8223.089650804022
IE,D5,1997,9475.75449397955
IE,D5,1998,10796.581326847298
IE,D5,1999,12867.977230965724
IE,D5,2000,14910.62376916796
IE,D5,2001,15449.975528475656
IE,D5,2002,16403.835349599998
IE,D5,2003,18133.331538600003
IE,D5,2004,20164.558067799997
IE,D5,2005,21785.55896418
IE,D5,2006,25251.212922667408
IE,D5,2007,26087.19777456
IE,D5,2008,22964.414914
IE,D5,2009,20095.47412864444
IE,D5,2010,19568.926432605313
IE,D5,2011,20836.17863114774
IE,D5,2012,22292.26423881713
IE,D5,2013,22928.643972150465
IE,D5,2014,24888.715347820464
IE,D5,2015,27862.64056088046
IE,D5,2016,28932.23747490046
IE,D5,2017,30621.211731150463
IE,D5,2018,34272.74437406999
IE,D5,2019,36539.931358249996
IE,D5,2020,37292.97155175
IE,D5,2021,45682.609321454
IE,D5,2022,56612.168851472
IE,D5,2023,59691.24385486576
IE,D5,2024,66225.5668413125
IE,D51,1995,7037.741087185296
IE,D51,1996,8015.575923531294
IE,D51,1997,9234.316730343186
IE,D51,1998,10518.093581392752
IE,D51,1999,12527.291794602088
IE,D51,2000,14537.758768736248
IE,D51,2001,15030.775523904598
IE,D51,2002,15963.142849599999
IE,D51,2003,17617.954038600004
IE,D51,2004,19599.0205678
IE,D51,2005,21178.68146418
IE,D51,2006,24586.337922667408
IE,D51,2007,25364.550274560002
IE,D51,2008,22164.569914
IE,D51,2009,19117.40702864444
IE,D51,2010,18616.977132605312
IE,D51,2011,19434.57943114774
IE,D51,2012,20836.69708881713
IE,D51,2013,21298.225422150463
IE,D51,2014,23016.051811070465
IE,D51,2015,26599.46330713046
IE,D51,2016,27893.46346715046
IE,D51,2017,29605.698955150463
IE,D51,2018,33276.79454131999
IE,D51,2019,35560.06
IE,D51,2020,36333.317
IE,D51,2021,44736.829083704004
IE,D51,2022,55680.7411709095
IE,D51,2023,58747.74149074076
IE,D51,2024,65245.92750949999
IE,D51A,1995,5518.945087185295
IE,D51A,1996,6091.944923531294
IE,D51A,1997,6908.488730343187
IE,D51A,1998,7656.196581392752
IE,D51A,1999,8629.40579460209
IE,D51A,2000,9876.324214971735
IE,D51A,2001,10009.743908304596
IE,D51A,2002,10538.863
IE,D51A,2003,11025.608000000002
IE,D51A,2004,12735.04
IE,D51A,2005,13692.421999999999
IE,D51A,2006,14801.451378987409
IE,D51A,2007,15872.354254000002
IE,D51A,2008,15667.5116
IE,D51A,2009,14677.54108513405
IE,D51A,2010,14319.67332111482
IE,D51A,2011,15261.464008997275
IE,D51A,2012,16454.341666666667
IE,D51A,2013,16651.5
IE,D51A,2014,17854.32
IE,D51A,2015,19052.829999999998
IE,D51A,2016,19715.93
IE,D51A,2017,20572.52
IE,D51A,2018,21897.089999999997
IE,D51A,2019,23598.88
IE,D51A,2020,23427.83
IE,D51A,2021,27767.901933024
IE,D51A,2022,31287.5497829095
IE,D51A,2023,33178.56551774076
IE,D51A,2024,35323.6
IE,D51B,1995,1458.153
IE,D51B,1996,1813.46
IE,D51B,1997,2154.918
IE,D51B,1998,2614.279
IE,D51B,1999,3442.37
IE,D51B,2000,3885.2842435662405
IE,D51B,2001,4143.900000000001
IE,D51B,2002,4803.75
IE,D51B,2003,5155.4400000000005
IE,D51B,2004,5335.0
IE,D51B,2005,5503.24
IE,D51B,2006,6684.610000000001
IE,D51B,2007,6393.389999999999
IE,D51B,2008,5071.45
IE,D51B,2009,3889.46
IE,D51B,2010,3943.6
IE,D51B,2011,3751.38
IE,D51B,2012,3963.74
IE,D51B,2013,4272.23
IE,D51B,2014,4616.88
IE,D51B,2015,6871.77
IE,D51B,2016,7351.71
IE,D51B,2017,8201.43
IE,D51B,2018,10386.58948332
IE,D51B,2019,10887.3
IE,D51B,2020,11952.78
IE,D51B,2021,15323.118150679999
IE,D51B,2022,22644.93
IE,D51B,2023,24005.220954
IE,D51B,2024,28213.63
IE,D59,1995,176.44
IE,D59,1996,207.51372727272724
IE,D59,1997,241.4377636363636
IE,D59,1998,278.48774545454546
IE,D59,1999,340.68543636363637
IE,D59,2000,372.86500043171094
IE,D59,2001,419.2000045710571
IE,D59,2002,440.69250000000005
IE,D59,2003,515.3775
IE,D59,2004,565.5375
IE,D59,2005,606.8775
IE,D59,2006,664.8749999999999
IE,D59,2007,722.6475
IE,D59,2008,799.845
IE,D59,2009,978.0671000000001
IE,D59,2010,951.9493000000001
IE,D59,2011,1401.5991999999999
IE,D59,2012,1455.5671499999999
IE,D59,2013,1630.4185500000003
IE,D59,2014,1872.66353675
IE,D59,2015,1263.1772537499999
IE,D59,2016,1038.77400775
IE,D59,2017,1015.512776
IE,D59,2018,995.9498327499999
IE,D59,2019,979.8713582500001
IE,D59,2020,959.65455175
IE,D59,2021,945.7802377500001
IE,D59,2022,931.4276805625
IE,D59,2023,943.502364125
IE,D59,2024,979.6393318125
IE,D91,1995,75.678
IE,D91,1996,103.58
IE,D91,1997,112.678
IE,D91,1998,141.845
IE,D91,1999,192.275
IE,D91,2000,225.12456130549378
IE,D91,2001,169.41
IE,D91,2002,151.73
IE,D91,2003,213.73
IE,D91,2004,200.45000000000002
IE,D91,2005,273.69
IE,D91,2006,354.71999999999997
IE,D91,2007,432.187
IE,D91,2008,367.61
IE,D91,2009,265.92
IE,D91,2010,245.12
IE,D91,2011,245.18
IE,D91,2012,284.83
IE,D91,2013,278.43000000000006
IE,D91,2014,358.53
IE,D91,2015,400.85
IE,D91,2016,410.65000000000003
IE,D91,2017,448.36
IE,D91,2018,518.3399999999999
IE,D91,2019,530.7
IE,D91,2020,504.9599999999999
IE,D91,2021,581.9399999999999
IE,D91,2022,614.76
IE,D91,2023,633.79
IE,D91,2024,853.86
IE,ODA,1995,15195.078672676762
IE,ODA,1996,17031.54266713094
IE,ODA,1997,19345.336674673887
IE,ODA,1998,22020.870242122248
IE,ODA,1999,25462.693398000614
IE,ODA,2000,29396.950175692633
IE,ODA,2001,30388.664675721964
IE,ODA,2002,32869.793474907776
IE,ODA,2003,36150.25617682222
IE,ODA,2004,40239.57901724444
IE,ODA,2005,44627.979570957774
IE,ODA,2006,50943.37381500074
IE,ODA,2007,52646.53308456
IE,ODA,2008,46135.89752522223
IE,ODA,2009,38938.877292595425
IE,ODA,2010,38119.33581396055
IE,ODA,2011,39115.376219078804
IE,ODA,2012,41182.11450280215
IE,ODA,2013,42765.96403523951
IE,ODA,2014,46782.18911220013
IE,ODA,2015,51076.535841235614
IE,ODA,2016,53299.14887868713
IE,ODA,2017,56151.653705787125
IE,ODA,2018,60940.80867973331
IE,ODA,2019,65061.58677590999
IE,ODA,2020,61951.88761632666
IE,ODA,2021,76444.02474343733
IE,ODA,2022,89712.66521598469
IE,ODA,2023,94478.3689675149
IE,ODA,2024,103318.11842182864
IE,D61,1995,3329.210349865728
IE,D61,1996,3428.445259809596
IE,D61,1997,3718.1006935903583
IE,D61,1998,4023.5432185829777
IE,D61,1999,4530.7413339844625
IE,D61,2000,5332.457421845028
IE,D61,2001,6092.201042367025
IE,D61,2002,6747.567286782798
IE,D61,2003,7264.068837851401
IE,D61,2004,8050.97271929863
IE,D61,2005,8755.51935769493
IE,D61,2006,9581.838070508415
IE,D61,2007,10722.550759663345
IE,D61,2008,11009.572507098335
IE,D61,2009,10268.328279104991
IE,D61,2010,9510.643105643927
IE,D61,2011,10972.554863489404
IE,D61,2012,10792.93070557727
IE,D61,2013,10934.287624655048
IE,D61,2014,11706.968701319995
IE,D61,2015,12221.191937839392
IE,D61,2016,13052.353240003189
IE,D61,2017,13794.95618088678
IE,D61,2018,14830.500271421719
IE,D61,2019,16026.615317499913
IE,D61,2020,15409.89763033528
IE,D61,2021,17488.947740944695
IE,D61,2022,20020.279171419596
IE,D61,2023,21472.74310983813
IE,D61,2024,22966.953016985462
IE,D611,1995,1528.329
IE,D611,1996,1547.201
IE,D611,1997,1739.564
IE,D611,1998,2007.113
IE,D611,1999,2328.496
IE,D611,2000,2813.879
IE,D611,2001,3328.0
IE,D611,2002,3530.0
IE,D611,2003,3720.0
IE,D611,2004,4023.31
IE,D611,2005,4427.07
IE,D611,2006,5080.27544147875
IE,D611,2007,5796.035533049828
IE,D611,2008,5896.089630617032
IE,D611,2009,5297.486901976201
IE,D611,2010,4932.225497877227
IE,D611,2011,5364.87416147
IE,D611,2012,5008.206061371504
IE,D611,2013,5325.948498492732
IE,D611,2014,5817.113
IE,D611,2015,6211.335299999999
IE,D611,2016,6653.147
IE,D611,2017,7176.687261
IE,D611,2018,7734.395450000001
IE,D611,2019,8500.565446966824
IE,D611,2020,7868.091454663279
IE,D611,2021,8885.370777584405
IE,D611,2022,9916.648927694296
IE,D611,2023,10709.80980753713
IE,D611,2024,11680.906095465256
IE,D613,1995,855.1106158424375
IE,D613,1996,898.9121189431378
IE,D613,1997,920.4088272233537
IE,D613,1998,906.9156225720491
IE,D613,1999,1035.0317870539197
IE,D613,2000,1152.2817517338333
IE,D613,2001,1266.430906146817
IE,D613,2002,1506.0338416988516
IE,D613,2003,1656.6555005792557
IE,D613,2004,1951.8718467056597
IE,D613,2005,2109.5304774733577
IE,D613,2006,2088.279767128047
IE,D613,2007,2347.160860308575
IE,D613,2008,2454.543831015882
IE,D613,2009,3523.148048907486
IE,D613,2010,3525.7363514750386
IE,D613,2011,3468.535463138031
IE,D613,2012,3361.9740395672616
IE,D613,2013,3544.789144665133
IE,D613,2014,3602.5154636250018
IE,D613,2015,3787.305067104995
IE,D613,2016,3841.8027927700005
IE,D613,2017,3925.149830605005
IE,D613,2018,4367.465290369997
IE,D613,2019,4609.151321237581
IE,D613,2020,4397.965400073325
IE,D613,2021,4906.636975400625
IE,D613,2022,6050.141575772822
IE,D613,2023,6663.104494546063
IE,D613,2024,7265.871048142519
IE,ODB,1995,17578.5182885192
IE,ODB,1996,19477.655786074076
IE,ODB,1997,22005.30950189724
IE,ODB,1998,24934.8988646943
IE,ODB,1999,28826.22118505453
IE,ODB,2000,33363.11092742647
IE,ODB,2001,34983.09558186878
IE,ODB,2002,37905.82731660663
IE,ODB,2003,41526.91167740147
IE,ODB,2004,46214.7608639501
IE,ODB,2005,51164.580048431126
IE,ODB,2006,58111.92902360755
IE,ODB,2007,60789.72947791841
IE,ODB,2008,54486.53098685515
IE,ODB,2009,47759.51224347912
IE,ODB,2010,46577.297663312806
IE,ODB,2011,47948.78584368684
IE,ODB,2012,49552.29460374091
IE,ODB,2013,51636.70167839737
IE,ODB,2014,56201.817575825145
IE,ODB,2015,61075.17620834061
IE,ODB,2016,63794.09867145713
IE,ODB,2017,67253.49079739214
IE,ODB,2018,73042.66942010331
IE,ODB,2019,78171.30354411439
IE,ODB,2020,74217.94447106327
IE,ODB,2021,90236.03249642238
IE,ODB,2022,105679.45571945181
IE,ODB,2023,111851.283269598
IE,ODB,2024,122264.89556543641
IE,ODC,1995,18524.28902254249
IE,ODC,1996,20459.987926940536
IE,ODC,1997,23063.437368264244
IE,ODC,1998,26044.41346070523
IE,ODC,1999,29993.434731985075
IE,ODC,2000,34729.40759753766
IE,ODC,2001,36480.86571808899
IE,ODC,2002,39617.36076169057
IE,ODC,2003,43414.32501467362
IE,ODC,2004,48290.551736543064
IE,ODC,2005,53383.498928652705
IE,ODC,2006,60525.21188550917
IE,ODC,2007,63369.08384422334
IE,ODC,2008,57145.47003232057
IE,ODC,2009,49207.205571700426
IE,ODC,2010,47629.978919604466
IE,ODC,2011,50087.93108256822
IE,ODC,2012,51975.04520837942
IE,ODC,2013,53700.25165989455
IE,ODC,2014,58489.157813520134
IE,ODC,2015,63297.72777907501
IE,ODC,2016,66351.50211869032
IE,ODC,2017,69946.6098866739
IE,ODC,2018,75771.30895115504
IE,ODC,2019,81088.2020934099
IE,ODC,2020,77361.78524666194
IE,ODC,2021,93932.97248438204
IE,ODC,2022,109732.94438740429
IE,ODC,2023,115951.112077353
IE,ODC,2024,126285.07143881409
EL,D2,1995,11576.0
EL,D2,1996,13097.0
EL,D2,1997,14743.0
EL,D2,1998,15649.0
EL,D2,1999,17534.0
EL,D2,2000,18676.0
EL,D2,2001,19585.0
EL,D2,2002,21198.0
EL,D2,2003,21887.0
EL,D2,2004,22706.0
EL,D2,2005,23898.0
EL,D2,2006,26961.0
EL,D2,2007,29548.0
EL,D2,2008,30720.0
EL,D2,2009,28080.0
EL,D2,2010,28734.0
EL,D2,2011,28159.0
EL,D2,2012,27367.0
EL,D2,2013,26765.0
EL,D2,2014,28892.0
EL,D2,2015,29412.0
EL,D2,2016,31196.0
EL,D2,2017,31578.0
EL,D2,2018,32238.0
EL,D2,2019,32653.0
EL,D2,2020,28114.0
EL,D2,2021,31783.0
EL,D2,2022,40060.0
EL,D2,2023,38895.0
EL,D2,2024,40553.0
EL,D21,1995,10967.0
EL,D21,1996,12273.0
EL,D21,1997,13898.0
EL,D21,1998,14716.0
EL,D21,1999,16385.0
EL,D21,2000,17513.0
EL,D21,2001,18622.0
EL,D21,2002,20257.0
EL,D21,2003,20868.0
EL,D21,2004,21635.0
EL,D21,2005,22756.0
EL,D21,2006,25572.0
EL,D21,2007,28120.0
EL,D21,2008,28640.0
EL,D21,2009,25674.0
EL,D21,2010,26920.0
EL,D21,2011,25796.0
EL,D21,2012,24007.0
EL,D21,2013,22935.0
EL,D21,2014,22881.0
EL,D21,2015,22787.0
EL,D21,2016,24592.0
EL,D21,2017,24844.0
EL,D21,2018,26096.0
EL,D21,2019,26620.0
EL,D21,2020,22516.0
EL,D21,2021,25485.0
EL,D21,2022,33455.0
EL,D21,2023,32228.0
EL,D21,2024,33961.0
EL,D211,1995,5417.0
EL,D211,1996,5991.0
EL,D211,1997,6885.0
EL,D211,1998,7421.0
EL,D211,1999,8290.0
EL,D211,2000,8927.0
EL,D211,2001,10188.0
EL,D211,2002,11972.0
EL,D211,2003,12067.0
EL,D211,2004,12578.0
EL,D211,2005,13398.0
EL,D211,2006,14755.0
EL,D211,2007,16511.0
EL,D211,2008,16978.0
EL,D211,2009,14879.0
EL,D211,2010,15958.0
EL,D211,2011,15021.0
EL,D211,2012,13713.0
EL,D211,2013,12593.0
EL,D211,2014,12676.0
EL,D211,2015,12885.0
EL,D211,2016,14333.0
EL,D211,2017,14642.0
EL,D211,2018,15288.0
EL,D211,2019,15390.0
EL,D211,2020,12925.0
EL,D211,2021,15160.0
EL,D211,2022,18621.0
EL,D211,2023,19756.0
EL,D211,2024,21384.0
EL,D214,1995,5339.0
EL,D214,1996,6084.0
EL,D214,1997,6758.0
EL,D214,1998,7043.0
EL,D214,1999,7821.0
EL,D214,2000,8351.0
EL,D214,2001,8209.0
EL,D214,2002,8009.0
EL,D214,2003,8515.0
EL,D214,2004,8721.0
EL,D214,2005,9009.0
EL,D214,2006,10384.0
EL,D214,2007,11148.0
EL,D214,2008,10995.0
EL,D214,2009,10194.0
EL,D214,2010,10432.0
EL,D214,2011,10301.0
EL,D214,2012,9977.0
EL,D214,2013,10012.0
EL,D214,2014,9933.0
EL,D214,2015,9514.0
EL,D214,2016,9870.0
EL,D214,2017,9587.0
EL,D214,2018,10263.0
EL,D214,2019,10557.0
EL,D214,2020,8999.0
EL,D214,2021,9627.0
EL,D214,2022,14049.0
EL,D214,2023,11807.0
EL,D214,2024,11871.0
EL,D29,1995,609.0
EL,D29,1996,824.0
EL,D29,1997,845.0
EL,D29,1998,933.0
EL,D29,1999,1149.0
EL,D29,2000,1163.0
EL,D29,2001,963.0
EL,D29,2002,941.0
EL,D29,2003,1019.0
EL,D29,2004,1071.0
EL,D29,2005,1142.0
EL,D29,2006,1389.0
EL,D29,2007,1428.0
EL,D29,2008,2080.0
EL,D29,2009,2406.0
EL,D29,2010,1814.0
EL,D29,2011,2363.0
EL,D29,2012,3360.0
EL,D29,2013,3830.0
EL,D29,2014,6011.0
EL,D29,2015,6625.0
EL,D29,2016,6604.0
EL,D29,2017,6734.0
EL,D29,2018,6142.0
EL,D29,2019,6033.0
EL,D29,2020,5598.0
EL,D29,2021,6298.0
EL,D29,2022,6605.0
EL,D29,2023,6667.0
EL,D29,2024,6592.0
EL,D5,1995,6109.0
EL,D5,1996,6597.0
EL,D5,1997,8192.0
EL,D5,1998,10664.0
EL,D5,1999,11871.0
EL,D5,2000,13816.0
EL,D5,2001,13079.0
EL,D5,2002,14481.0
EL,D5,2003,14476.0
EL,D5,2004,15618.0
EL,D5,2005,17878.0
EL,D5,2006,18009.0
EL,D5,2007,19199.0
EL,D5,2008,19640.0
EL,D5,2009,20292.0
EL,D5,2010,18682.0
EL,D5,2011,19102.0
EL,D5,2012,20680.0
EL,D5,2013,18934.0
EL,D5,2014,17419.0
EL,D5,2015,16777.0
EL,D5,2016,17776.0
EL,D5,2017,17734.0
EL,D5,2018,18598.0
EL,D5,2019,17224.0
EL,D5,2020,15489.0
EL,D5,2021,16724.0
EL,D5,2022,19151.0
EL,D5,2023,22802.0
EL,D5,2024,26396.0
EL,D51,1995,5456.0
EL,D51,1996,5824.0
EL,D51,1997,7327.0
EL,D51,1998,9645.0
EL,D51,1999,10777.0
EL,D51,2000,12662.0
EL,D51,2001,11860.0
EL,D51,2002,13018.0
EL,D51,2003,12975.0
EL,D51,2004,13922.0
EL,D51,2005,16101.0
EL,D51,2006,16100.0
EL,D51,2007,17176.0
EL,D51,2008,17632.0
EL,D51,2009,17868.0
EL,D51,2010,15953.0
EL,D51,2011,14952.0
EL,D51,2012,16229.0
EL,D51,2013,14015.0
EL,D51,2014,15212.0
EL,D51,2015,14586.0
EL,D51,2016,15634.0
EL,D51,2017,15603.0
EL,D51,2018,16468.0
EL,D51,2019,15053.0
EL,D51,2020,13412.0
EL,D51,2021,14650.0
EL,D51,2022,16912.0
EL,D51,2023,20526.0
EL,D51,2024,24085.0
EL,D51A,1995,2992.0
EL,D51A,1996,3244.0
EL,D51A,1997,4228.0
EL,D51A,1998,5436.0
EL,D51A,1999,6053.0
EL,D51A,2000,6102.0
EL,D51A,2001,6074.0
EL,D51A,2002,6955.0
EL,D51A,2003,7289.0
EL,D51A,2004,7916.0
EL,D51A,2005,8672.0
EL,D51A,2006,9448.0
EL,D51A,2007,10500.0
EL,D51A,2008,10997.0
EL,D51A,2009,10563.0
EL,D51A,2010,8948.0
EL,D51A,2011,9823.0
EL,D51A,2012,13242.0
EL,D51A,2013,10698.0
EL,D51A,2014,10536.0
EL,D51A,2015,10047.0
EL,D51A,2016,10320.0
EL,D51A,2017,11149.0
EL,D51A,2018,11427.0
EL,D51A,2019,10855.0
EL,D51A,2020,10309.0
EL,D51A,2021,10656.0
EL,D51A,2022,11382.0
EL,D51A,2023,13323.0
EL,D51A,2024,15554.0
EL,D51B,1995,2067.0
EL,D51B,1996,2166.0
EL,D51B,1997,2514.0
EL,D51B,1998,3543.0
EL,D51B,1999,3940.0
EL,D51B,2000,5625.0
EL,D51B,2001,4902.0
EL,D51B,2002,5355.0
EL,D51B,2003,4882.0
EL,D51B,2004,5259.0
EL,D51B,2005,6487.0
EL,D51B,2006,5552.0
EL,D51B,2007,5304.0
EL,D51B,2008,5188.0
EL,D51B,2009,5961.0
EL,D51B,2010,5717.0
EL,D51B,2011,4283.0
EL,D51B,2012,2088.0
EL,D51B,2013,2071.0
EL,D51B,2014,3349.0
EL,D51B,2015,3800.0
EL,D51B,2016,4388.0
EL,D51B,2017,3510.0
EL,D51B,2018,3998.0
EL,D51B,2019,3482.0
EL,D51B,2020,2350.0
EL,D51B,2021,3163.0
EL,D51B,2022,4628.0
EL,D51B,2023,6087.0
EL,D51B,2024,7111.0
EL,D59,1995,653.0
EL,D59,1996,773.0
EL,D59,1997,865.0
EL,D59,1998,1019.0
EL,D59,1999,1094.0
EL,D59,2000,1154.0
EL,D59,2001,1219.0
EL,D59,2002,1463.0
EL,D59,2003,1501.0
EL,D59,2004,1696.0
EL,D59,2005,1777.0
EL,D59,2006,1909.0
EL,D59,2007,2023.0
EL,D59,2008,2008.0
EL,D59,2009,2424.0
EL,D59,2010,2729.0
EL,D59,2011,4150.0
EL,D59,2012,4451.0
EL,D59,2013,4919.0
EL,D59,2014,2207.0
EL,D59,2015,2191.0
EL,D59,2016,2142.0
EL,D59,2017,2131.0
EL,D59,2018,2130.0
EL,D59,2019,2171.0
EL,D59,2020,2077.0
EL,D59,2021,2074.0
EL,D59,2022,2239.0
EL,D59,2023,2276.0
EL,D59,2024,2311.0
EL,D91,1995,293.0
EL,D91,1996,293.0
EL,D91,1997,342.0
EL,D91,1998,339.0
EL,D91,1999,324.0
EL,D91,2000,435.0
EL,D91,2001,428.0
EL,D91,2002,376.0
EL,D91,2003,291.0
EL,D91,2004,324.0
EL,D91,2005,394.0
EL,D91,2006,325.0
EL,D91,2007,303.0
EL,D91,2008,614.0
EL,D91,2009,524.0
EL,D91,2010,250.0
EL,D91,2011,250.0
EL,D91,2012,161.0
EL,D91,2013,162.0
EL,D91,2014,137.0
EL,D91,2015,166.0
EL,D91,2016,136.0
EL,D91,2017,179.0
EL,D91,2018,160.0
EL,D91,2019,270.0
EL,D91,2020,191.0
EL,D91,2021,230.0
EL,D91,2022,262.0
EL,D91,2023,259.0
EL,D91,2024,268.0
EL,ODA,1995,17978.0
EL,ODA,1996,19987.0
EL,ODA,1997,23277.0
EL,ODA,1998,26652.0
EL,ODA,1999,29729.0
EL,ODA,2000,32927.0
EL,ODA,2001,33092.0
EL,ODA,2002,36055.0
EL,ODA,2003,36654.0
EL,ODA,2004,38648.0
EL,ODA,2005,42170.0
EL,ODA,2006,45295.0
EL,ODA,2007,49050.0
EL,ODA,2008,50974.0
EL,ODA,2009,48896.0
EL,ODA,2010,47666.0
EL,ODA,2011,47511.0
EL,ODA,2012,48208.0
EL,ODA,2013,45861.0
EL,ODA,2014,46448.0
EL,ODA,2015,46355.0
EL,ODA,2016,49108.0
EL,ODA,2017,49491.0
EL,ODA,2018,50996.0
EL,ODA,2019,50147.0
EL,ODA,2020,43794.0
EL,ODA,2021,48737.0
EL,ODA,2022,59473.0
EL,ODA,2023,61956.0
EL,ODA,2024,67217.0
EL,D61,1995,9635.0
EL,D61,1996,10704.0
EL,D61,1997,12123.0
EL,D61,1998,13571.0
EL,D61,1999,14777.0
EL,D61,2000,16339.0
EL,D61,2001,17732.0
EL,D61,2002,20520.0
EL,D61,2003,22301.0
EL,D61,2004,23440.0
EL,D61,2005,24537.0
EL,D61,2006,25891.0
EL,D61,2007,28892.0
EL,D61,2008,30641.0
EL,D61,2009,29344.0
EL,D61,2010,29700.0
EL,D61,2011,27272.0
EL,D61,2012,26621.0
EL,D61,2013,24455.0
EL,D61,2014,24088.0
EL,D61,2015,24422.0
EL,D61,2016,24908.0
EL,D61,2017,25998.0
EL,D61,2018,26272.0
EL,D61,2019,26654.0
EL,D61,2020,25438.0
EL,D61,2021,27273.0
EL,D61,2022,29041.0
EL,D61,2023,29219.0
EL,D61,2024,31519.0
EL,D611,1995,3810.0
EL,D611,1996,4257.0
EL,D611,1997,4963.0
EL,D611,1998,5510.0
EL,D611,1999,5866.0
EL,D611,2000,6655.0
EL,D611,2001,7165.0
EL,D611,2002,8584.0
EL,D611,2003,9175.0
EL,D611,2004,9357.0
EL,D611,2005,10099.0
EL,D611,2006,10173.0
EL,D611,2007,11523.0
EL,D611,2008,12212.0
EL,D611,2009,11049.0
EL,D611,2010,11456.0
EL,D611,2011,9928.0
EL,D611,2012,9270.0
EL,D611,2013,8473.0
EL,D611,2014,7985.0
EL,D611,2015,7712.0
EL,D611,2016,7716.0
EL,D611,2017,8561.0
EL,D611,2018,9572.0
EL,D611,2019,10197.0
EL,D611,2020,9730.0
EL,D611,2021,11202.0
EL,D611,2022,11567.0
EL,D611,2023,11772.0
EL,D611,2024,13002.0
EL,D613,1995,4561.0
EL,D613,1996,5075.0
EL,D613,1997,5670.0
EL,D613,1998,6363.0
EL,D613,1999,6973.0
EL,D613,2000,7629.0
EL,D613,2001,8349.0
EL,D613,2002,9544.0
EL,D613,2003,10513.0
EL,D613,2004,11012.0
EL,D613,2005,11237.0
EL,D613,2006,12177.0
EL,D613,2007,13417.0
EL,D613,2008,13774.0
EL,D613,2009,13101.0
EL,D613,2010,13292.0
EL,D613,2011,12210.0
EL,D613,2012,11662.0
EL,D613,2013,10881.0
EL,D613,2014,10590.0
EL,D613,2015,11095.0
EL,D613,2016,11597.0
EL,D613,2017,12217.0
EL,D613,2018,11874.0
EL,D613,2019,12063.0
EL,D613,2020,11622.0
EL,D613,2021,12215.0
EL,D613,2022,13619.0
EL,D613,2023,13473.0
EL,D613,2024,14586.0
EL,ODB,1995,26349.0
EL,ODB,1996,29319.0
EL,ODB,1997,33910.0
EL,ODB,1998,38525.0
EL,ODB,1999,42568.0
EL,ODB,2000,47211.0
EL,ODB,2001,48606.0
EL,ODB,2002,54183.0
EL,ODB,2003,56342.0
EL,ODB,2004,59017.0
EL,ODB,2005,63506.0
EL,ODB,2006,67645.0
EL,ODB,2007,73990.0
EL,ODB,2008,76960.0
EL,ODB,2009,73046.0
EL,ODB,2010,72414.0
EL,ODB,2011,69649.0
EL,ODB,2012,69140.0
EL,ODB,2013,65215.0
EL,ODB,2014,65023.0
EL,ODB,2015,65162.0
EL,ODB,2016,68421.0
EL,ODB,2017,70269.0
EL,ODB,2018,72442.0
EL,ODB,2019,72407.0
EL,ODB,2020,65146.0
EL,ODB,2021,72154.0
EL,ODB,2022,84659.0
EL,ODB,2023,87201.0
EL,ODB,2024,94805.0
EL,ODC,1995,27613.0
EL,ODC,1996,30691.0
EL,ODC,1997,35400.0
EL,ODC,1998,40223.0
EL,ODC,1999,44506.0
EL,ODC,2000,49266.0
EL,ODC,2001,50824.0
EL,ODC,2002,56575.0
EL,ODC,2003,58955.0
EL,ODC,2004,62088.0
EL,ODC,2005,66707.0
EL,ODC,2006,71186.0
EL,ODC,2007,77942.0
EL,ODC,2008,81615.0
EL,ODC,2009,78240.0
EL,ODC,2010,77366.0
EL,ODC,2011,74783.0
EL,ODC,2012,74829.0
EL,ODC,2013,70316.0
EL,ODC,2014,70536.0
EL,ODC,2015,70777.0
EL,ODC,2016,74016.0
EL,ODC,2017,75489.0
EL,ODC,2018,77268.0
EL,ODC,2019,76801.0
EL,ODC,2020,69232.0
EL,ODC,2021,76010.0
EL,ODC,2022,88514.0
EL,ODC,2023,91175.0
EL,ODC,2024,98736.0
ES,D2,1995,47154.0
ES,D2,1996,50184.0
ES,D2,1997,54701.0
ES,D2,1998,62407.0
ES,D2,1999,68734.0
ES,D2,2000,73986.0
ES,D2,2001,77737.0
ES,D2,2002,82984.0
ES,D2,2003,90958.0
ES,D2,2004,101735.0
ES,D2,2005,113744.0
ES,D2,2006,123806.0
ES,D2,2007,124560.0
ES,D2,2008,105943.0
ES,D2,2009,87443.0
ES,D2,2010,107525.0
ES,D2,2011,104000.0
ES,D2,2012,106770.0
ES,D2,2013,114068.0
ES,D2,2014,119924.0
ES,D2,2015,128859.0
ES,D2,2016,131415.0
ES,D2,2017,137680.0
ES,D2,2018,143838.0
ES,D2,2019,145733.0
ES,D2,2020,129259.0
ES,D2,2021,149959.0
ES,D2,2022,164350.0
ES,D2,2023,169493.0
ES,D2,2024,179587.0
ES,D21,1995,41543.0
ES,D21,1996,44442.0
ES,D21,1997,48549.0
ES,D21,1998,55566.0
ES,D21,1999,61588.0
ES,D21,2000,66441.0
ES,D21,2001,69669.0
ES,D21,2002,74553.0
ES,D21,2003,82661.0
ES,D21,2004,92844.0
ES,D21,2005,103869.0
ES,D21,2006,112876.0
ES,D21,2007,113072.0
ES,D21,2008,93724.0
ES,D21,2009,74307.0
ES,D21,2010,93451.0
ES,D21,2011,89332.0
ES,D21,2012,88299.0
ES,D21,2013,95142.0
ES,D21,2014,100039.0
ES,D21,2015,107732.0
ES,D21,2016,110697.0
ES,D21,2017,116659.0
ES,D21,2018,121908.0
ES,D21,2019,123385.0
ES,D21,2020,107007.0
ES,D21,2021,125913.0
ES,D21,2022,139400.0
ES,D21,2023,141104.0
ES,D21,2024,152396.0
ES,D211,1995,22922.0
ES,D211,1996,25012.0
ES,D211,1997,27489.0
ES,D211,1998,31070.0
ES,D211,1999,35072.0
ES,D211,2000,37785.0
ES,D211,2001,40106.0
ES,D211,2002,41673.0
ES,D211,2003,45645.0
ES,D211,2004,51272.0
ES,D211,2005,57716.0
ES,D211,2006,62365.0
ES,D211,2007,62743.0
ES,D211,2008,52347.0
ES,D211,2009,36786.0
ES,D211,2010,55318.0
ES,D211,2011,54101.0
ES,D211,2012,55021.0
ES,D211,2013,60314.0
ES,D211,2014,64091.0
ES,D211,2015,69294.0
ES,D211,2016,71753.0
ES,D211,2017,75599.0
ES,D211,2018,79239.0
ES,D211,2019,80889.0
ES,D211,2020,70669.0
ES,D211,2021,83547.0
ES,D211,2022,94140.0
ES,D211,2023,96030.0
ES,D211,2024,102495.0
ES,D214,1995,17779.0
ES,D214,1996,18728.0
ES,D214,1997,20290.0
ES,D214,1998,23597.0
ES,D214,1999,25536.0
ES,D214,2000,27583.0
ES,D214,2001,28492.0
ES,D214,2002,31842.0
ES,D214,2003,35900.0
ES,D214,2004,40191.0
ES,D214,2005,44587.0
ES,D214,2006,48772.0
ES,D214,2007,48461.0
ES,D214,2008,39658.0
ES,D214,2009,36074.0
ES,D214,2010,36493.0
ES,D214,2011,33552.0
ES,D214,2012,31724.0
ES,D214,2013,33387.0
ES,D214,2014,34259.0
ES,D214,2015,36481.0
ES,D214,2016,36938.0
ES,D214,2017,39001.0
ES,D214,2018,40619.0
ES,D214,2019,40399.0
ES,D214,2020,34575.0
ES,D214,2021,40202.0
ES,D214,2022,42327.0
ES,D214,2023,42172.0
ES,D214,2024,46949.0
ES,D29,1995,5611.0
ES,D29,1996,5742.0
ES,D29,1997,6152.0
ES,D29,1998,6841.0
ES,D29,1999,7146.0
ES,D29,2000,7545.0
ES,D29,2001,8068.0
ES,D29,2002,8431.0
ES,D29,2003,8297.0
ES,D29,2004,8891.0
ES,D29,2005,9875.0
ES,D29,2006,10930.0
ES,D29,2007,11488.0
ES,D29,2008,12219.0
ES,D29,2009,13136.0
ES,D29,2010,14074.0
ES,D29,2011,14668.0
ES,D29,2012,18471.0
ES,D29,2013,18926.0
ES,D29,2014,19885.0
ES,D29,2015,21127.0
ES,D29,2016,20718.0
ES,D29,2017,21021.0
ES,D29,2018,21930.0
ES,D29,2019,22348.0
ES,D29,2020,22252.0
ES,D29,2021,24046.0
ES,D29,2022,24950.0
ES,D29,2023,28389.0
ES,D29,2024,27191.0
ES,D5,1995,43618.0
ES,D5,1996,46093.0
ES,D5,1997,50406.0
ES,D5,1998,54869.0
ES,D5,1999,57860.0
ES,D5,2000,62882.0
ES,D5,2001,67520.0
ES,D5,2002,75736.0
ES,D5,2003,77381.0
ES,D5,2004,86080.0
ES,D5,2005,99881.0
ES,D5,2006,114702.0
ES,D5,2007,135000.0
ES,D5,2008,113916.0
ES,D5,2009,97621.0
ES,D5,2010,97247.0
ES,D5,2011,98373.0
ES,D5,2012,102973.0
ES,D5,2013,102233.0
ES,D5,2014,104395.0
ES,D5,2015,107107.0
ES,D5,2016,110002.0
ES,D5,2017,116938.0
ES,D5,2018,127284.0
ES,D5,2019,129117.0
ES,D5,2020,125348.0
ES,D5,2021,143485.0
ES,D5,2022,164770.0
ES,D5,2023,183119.0
ES,D5,2024,198711.0
ES,D51,1995,41948.0
ES,D51,1996,44316.0
ES,D51,1997,48505.0
ES,D51,1998,52663.0
ES,D51,1999,55387.0
ES,D51,2000,60145.0
ES,D51,2001,64698.0
ES,D51,2002,72821.0
ES,D51,2003,74353.0
ES,D51,2004,82914.0
ES,D51,2005,96359.0
ES,D51,2006,110806.0
ES,D51,2007,130603.0
ES,D51,2008,109079.0
ES,D51,2009,94990.0
ES,D51,2010,94527.0
ES,D51,2011,95704.0
ES,D51,2012,99522.0
ES,D51,2013,98096.0
ES,D51,2014,100501.0
ES,D51,2015,103203.0
ES,D51,2016,105902.0
ES,D51,2017,112731.0
ES,D51,2018,122936.0
ES,D51,2019,124747.0
ES,D51,2020,121025.0
ES,D51,2021,138979.0
ES,D51,2022,160027.0
ES,D51,2023,177891.0
ES,D51,2024,193325.0
ES,D59,1995,1670.0
ES,D59,1996,1777.0
ES,D59,1997,1901.0
ES,D59,1998,2206.0
ES,D59,1999,2473.0
ES,D59,2000,2737.0
ES,D59,2001,2822.0
ES,D59,2002,2915.0
ES,D59,2003,3028.0
ES,D59,2004,3166.0
ES,D59,2005,3522.0
ES,D59,2006,3896.0
ES,D59,2007,4397.0
ES,D59,2008,4837.0
ES,D59,2009,2631.0
ES,D59,2010,2720.0
ES,D59,2011,2669.0
ES,D59,2012,3451.0
ES,D59,2013,4137.0
ES,D59,2014,3894.0
ES,D59,2015,3904.0
ES,D59,2016,4100.0
ES,D59,2017,4207.0
ES,D59,2018,4348.0
ES,D59,2019,4370.0
ES,D59,2020,4323.0
ES,D59,2021,4506.0
ES,D59,2022,4743.0
ES,D59,2023,5228.0
ES,D59,2024,5386.0
ES,D91,1995,1498.0
ES,D91,1996,1660.0
ES,D91,1997,2453.0
ES,D91,1998,2004.0
ES,D91,1999,2206.0
ES,D91,2000,2487.0
ES,D91,2001,2514.0
ES,D91,2002,2755.0
ES,D91,2003,3121.0
ES,D91,2004,3610.0
ES,D91,2005,4316.0
ES,D91,2006,4858.0
ES,D91,2007,5348.0
ES,D91,2008,4844.0
ES,D91,2009,4311.0
ES,D91,2010,4221.0
ES,D91,2011,3892.0
ES,D91,2012,3881.0
ES,D91,2013,5071.0
ES,D91,2014,5647.0
ES,D91,2015,6344.0
ES,D91,2016,6429.0
ES,D91,2017,5716.0
ES,D91,2018,5595.0
ES,D91,2019,5510.0
ES,D91,2020,4664.0
ES,D91,2021,6193.0
ES,D91,2022,5577.0
ES,D91,2023,5551.0
ES,D91,2024,5694.0
ES,ODA,1995,92270.0
ES,ODA,1996,97937.0
ES,ODA,1997,107560.0
ES,ODA,1998,119280.0
ES,ODA,1999,128800.0
ES,ODA,2000,139355.0
ES,ODA,2001,147771.0
ES,ODA,2002,161475.0
ES,ODA,2003,171460.0
ES,ODA,2004,191425.0
ES,ODA,2005,217941.0
ES,ODA,2006,243366.0
ES,ODA,2007,264908.0
ES,ODA,2008,224703.0
ES,ODA,2009,189375.0
ES,ODA,2010,208993.0
ES,ODA,2011,206265.0
ES,ODA,2012,213624.0
ES,ODA,2013,221372.0
ES,ODA,2014,229966.0
ES,ODA,2015,242310.0
ES,ODA,2016,247846.0
ES,ODA,2017,260334.0
ES,ODA,2018,276717.0
ES,ODA,2019,280360.0
ES,ODA,2020,259271.0
ES,ODA,2021,299637.0
ES,ODA,2022,334697.0
ES,ODA,2023,358163.0
ES,ODA,2024,383992.0
ES,D61,1995,56187.0
ES,D61,1996,58634.0
ES,D61,1997,63111.0
ES,D61,1998,67929.0
ES,D61,1999,73986.0
ES,D61,2000,80509.0
ES,D61,2001,88138.0
ES,D61,2002,94039.0
ES,D61,2003,101025.0
ES,D61,2004,108469.0
ES,D61,2005,116666.0
ES,D61,2006,126296.0
ES,D61,2007,135643.0
ES,D61,2008,140997.0
ES,D61,2009,138190.0
ES,D61,2010,136975.0
ES,D61,2011,135458.0
ES,D61,2012,129823.0
ES,D61,2013,126856.0
ES,D61,2014,128966.0
ES,D61,2015,131508.0
ES,D61,2016,135573.0
ES,D61,2017,142430.0
ES,D61,2018,149450.0
ES,D61,2019,160656.0
ES,D61,2020,162174.0
ES,D61,2021,171687.0
ES,D61,2022,180086.0
ES,D61,2023,197003.0
ES,D61,2024,210337.0
ES,D611,1995,36147.0
ES,D611,1996,37996.0
ES,D611,1997,41383.0
ES,D611,1998,44828.0
ES,D611,1999,49225.0
ES,D611,2000,54226.0
ES,D611,2001,59680.0
ES,D611,2002,63828.0
ES,D611,2003,68735.0
ES,D611,2004,73571.0
ES,D611,2005,79647.0
ES,D611,2006,86596.0
ES,D611,2007,93234.0
ES,D611,2008,95957.0
ES,D611,2009,90431.0
ES,D611,2010,89666.0
ES,D611,2011,88404.0
ES,D611,2012,83640.0
ES,D611,2013,82224.0
ES,D611,2014,84907.0
ES,D611,2015,87988.0
ES,D611,2016,91708.0
ES,D611,2017,97529.0
ES,D611,2018,103358.0
ES,D611,2019,112274.0
ES,D611,2020,112429.0
ES,D611,2021,118756.0
ES,D611,2022,127761.0
ES,D611,2023,141022.0
ES,D611,2024,151551.0
ES,D613,1995,15896.0
ES,D613,1996,16381.0
ES,D613,1997,17103.0
ES,D613,1998,18256.0
ES,D613,1999,19675.0
ES,D613,2000,20904.0
ES,D613,2001,22860.0
ES,D613,2002,24381.0
ES,D613,2003,26166.0
ES,D613,2004,28479.0
ES,D613,2005,30233.0
ES,D613,2006,32532.0
ES,D613,2007,34791.0
ES,D613,2008,36997.0
ES,D613,2009,39166.0
ES,D613,2010,38724.0
ES,D613,2011,38578.0
ES,D613,2012,37972.0
ES,D613,2013,36860.0
ES,D613,2014,36422.0
ES,D613,2015,36017.0
ES,D613,2016,36530.0
ES,D613,2017,37730.0
ES,D613,2018,38963.0
ES,D613,2019,41240.0
ES,D613,2020,42760.0
ES,D613,2021,45999.0
ES,D613,2022,45477.0
ES,D613,2023,48926.0
ES,D613,2024,51747.0
ES,ODB,1995,144313.0
ES,ODB,1996,152314.0
ES,ODB,1997,166046.0
ES,ODB,1998,182364.0
ES,ODB,1999,197700.0
ES,ODB,2000,214485.0
ES,ODB,2001,230311.0
ES,ODB,2002,249684.0
ES,ODB,2003,266361.0
ES,ODB,2004,293475.0
ES,ODB,2005,327821.0
ES,ODB,2006,362494.0
ES,ODB,2007,392933.0
ES,ODB,2008,357657.0
ES,ODB,2009,318972.0
ES,ODB,2010,337383.0
ES,ODB,2011,333247.0
ES,ODB,2012,335236.0
ES,ODB,2013,340456.0
ES,ODB,2014,351295.0
ES,ODB,2015,366315.0
ES,ODB,2016,376084.0
ES,ODB,2017,395593.0
ES,ODB,2018,419038.0
ES,ODB,2019,433874.0
ES,ODB,2020,414460.0
ES,ODB,2021,464392.0
ES,ODB,2022,507935.0
ES,ODB,2023,548111.0
ES,ODB,2024,587290.0
ES,ODC,1995,148457.0
ES,ODC,1996,156571.0
ES,ODC,1997,170671.0
ES,ODC,1998,187209.0
ES,ODC,1999,202786.0
ES,ODC,2000,219864.0
ES,ODC,2001,235909.0
ES,ODC,2002,255514.0
ES,ODC,2003,272485.0
ES,ODC,2004,299894.0
ES,ODC,2005,334607.0
ES,ODC,2006,369662.0
ES,ODC,2007,400551.0
ES,ODC,2008,365700.0
ES,ODC,2009,327565.0
ES,ODC,2010,345968.0
ES,ODC,2011,341723.0
ES,ODC,2012,343447.0
ES,ODC,2013,348228.0
ES,ODC,2014,358932.0
ES,ODC,2015,373818.0
ES,ODC,2016,383419.0
ES,ODC,2017,402764.0
ES,ODC,2018,426167.0
ES,ODC,2019,441016.0
ES,ODC,2020,421445.0
ES,ODC,2021,471324.0
ES,ODC,2022,514783.0
ES,ODC,2023,555166.0
ES,ODC,2024,594329.0
FR,D2,1995,193384.1
FR,D2,1996,204966.1
FR,D2,1997,211846.70000000004
FR,D2,1998,219647.0
FR,D2,1999,226835.1
FR,D2,2000,230565.1
FR,D2,2001,233092.8
FR,D2,2002,240934.0
FR,D2,2003,246330.1
FR,D2,2004,260485.9
FR,D2,2005,272800.5
FR,D2,2006,283289.0
FR,D2,2007,293684.89999999997
FR,D2,2008,297292.0
FR,D2,2009,292548.1
FR,D2,2010,296757.1
FR,D2,2011,314206.1
FR,D2,2012,323369.1
FR,D2,2013,332735.0
FR,D2,2014,341036.0
FR,D2,2015,352824.0
FR,D2,2016,361866.0
FR,D2,2017,378635.0
FR,D2,2018,394120.0
FR,D2,2019,413658.0
FR,D2,2020,395359.0
FR,D2,2021,421864.0
FR,D2,2022,449588.0
FR,D2,2023,453151.0
FR,D2,2024,456277.0
FR,D21,1995,143153.6
FR,D21,1996,150965.3
FR,D21,1997,155966.60000000003
FR,D21,1998,161556.3
FR,D21,1999,167148.1
FR,D21,2000,169762.7
FR,D21,2001,171290.89999999997
FR,D21,2002,177160.19999999998
FR,D21,2003,180679.8
FR,D21,2004,190516.5
FR,D21,2005,198621.4
FR,D21,2006,206783.9
FR,D21,2007,212372.0
FR,D21,2008,213655.0
FR,D21,2009,204530.1
FR,D21,2010,214353.1
FR,D21,2011,226516.1
FR,D21,2012,231635.1
FR,D21,2013,236182.0
FR,D21,2014,242067.0
FR,D21,2015,251816.0
FR,D21,2016,259020.0
FR,D21,2017,273115.0
FR,D21,2018,285125.0
FR,D21,2019,294267.0
FR,D21,2020,275672.0
FR,D21,2021,310066.0
FR,D21,2022,322052.0
FR,D21,2023,321253.0
FR,D21,2024,327255.0
FR,D211,1995,89583.3
FR,D211,1996,96341.9
FR,D211,1997,99158.7
FR,D211,1998,102045.7
FR,D211,1999,106145.1
FR,D211,2000,107332.7
FR,D211,2001,108751.4
FR,D211,2002,110580.4
FR,D211,2003,113749.3
FR,D211,2004,120323.0
FR,D211,2005,126722.4
FR,D211,2006,131781.0
FR,D211,2007,136674.0
FR,D211,2008,137805.5
FR,D211,2009,130580.1
FR,D211,2010,135833.1
FR,D211,2011,140848.1
FR,D211,2012,142839.1
FR,D211,2013,144918.0
FR,D211,2014,148922.0
FR,D211,2015,152167.0
FR,D211,2016,154967.0
FR,D211,2017,162452.0
FR,D211,2018,168177.0
FR,D211,2019,174424.0
FR,D211,2020,162090.0
FR,D211,2021,185350.0
FR,D211,2022,199272.0
FR,D211,2023,206049.0
FR,D211,2024,206332.0
FR,D214,1995,51794.6
FR,D214,1996,53090.8
FR,D214,1997,55087.799999999996
FR,D214,1998,57891.7
FR,D214,1999,59385.0
FR,D214,2000,60619.4
FR,D214,2001,60787.5
FR,D214,2002,64955.4
FR,D214,2003,65347.0
FR,D214,2004,68470.8
FR,D214,2005,69913.59999999999
FR,D214,2006,72975.90000000001
FR,D214,2007,73515.0
FR,D214,2008,73703.5
FR,D214,2009,71959.0
FR,D214,2010,76239.0
FR,D214,2011,83004.0
FR,D214,2012,86295.0
FR,D214,2013,88738.0
FR,D214,2014,90695.0
FR,D214,2015,97100.0
FR,D214,2016,101596.0
FR,D214,2017,108137.0
FR,D214,2018,114261.0
FR,D214,2019,117152.0
FR,D214,2020,111075.0
FR,D214,2021,122059.0
FR,D214,2022,119118.0
FR,D214,2023,111844.0
FR,D214,2024,117626.0
FR,D29,1995,50230.5
FR,D29,1996,54000.8
FR,D29,1997,55880.1
FR,D29,1998,58090.700000000004
FR,D29,1999,59687.0
FR,D29,2000,60802.4
FR,D29,2001,61801.9
FR,D29,2002,63773.799999999996
FR,D29,2003,65650.3
FR,D29,2004,69969.4
FR,D29,2005,74179.09999999999
FR,D29,2006,76505.1
FR,D29,2007,81312.9
FR,D29,2008,83637.0
FR,D29,2009,88018.0
FR,D29,2010,82404.0
FR,D29,2011,87690.0
FR,D29,2012,91734.0
FR,D29,2013,96553.0
FR,D29,2014,98969.0
FR,D29,2015,101008.0
FR,D29,2016,102846.0
FR,D29,2017,105520.0
FR,D29,2018,108995.0
FR,D29,2019,119391.0
FR,D29,2020,119687.0
FR,D29,2021,111798.0
FR,D29,2022,127536.0
FR,D29,2023,131898.0
FR,D29,2024,129022.0
FR,D5,1995,97812.2
FR,D5,1996,107098.1
FR,D5,1997,117722.4
FR,D5,1998,151658.5
FR,D5,1999,164811.9
FR,D5,2000,174235.0
FR,D5,2001,185318.59999999998
FR,D5,2002,178105.5
FR,D5,2003,177645.5
FR,D5,2004,187956.7
FR,D5,2005,198857.9
FR,D5,2006,217141.5
FR,D5,2007,226017.1
FR,D5,2008,235552.0
FR,D5,2009,205223.4
FR,D5,2010,222097.9
FR,D5,2011,239776.7
FR,D5,2012,258710.5
FR,D5,2013,270639.6
FR,D5,2014,272458.1
FR,D5,2015,278541.6
FR,D5,2016,278587.2
FR,D5,2017,293923.8
FR,D5,2018,311460.4
FR,D5,2019,318194.0
FR,D5,2020,306198.0
FR,D5,2021,324072.0
FR,D5,2022,358908.0
FR,D5,2023,357078.0
FR,D5,2024,366049.0
FR,D51,1995,84400.3
FR,D51,1996,92761.70000000001
FR,D51,1997,102980.4
FR,D51,1998,136475.2
FR,D51,1999,148918.7
FR,D51,2000,160770.4
FR,D51,2001,171466.59999999998
FR,D51,2002,163822.6
FR,D51,2003,162799.3
FR,D51,2004,172354.0
FR,D51,2005,182006.9
FR,D51,2006,198854.6
FR,D51,2007,206312.6
FR,D51,2008,215434.2
FR,D51,2009,184363.0
FR,D51,2010,199371.0
FR,D51,2011,215912.0
FR,D51,2012,232603.0
FR,D51,2013,244427.0
FR,D51,2014,244752.0
FR,D51,2015,250528.0
FR,D51,2016,250623.0
FR,D51,2017,265294.0
FR,D51,2018,288580.0
FR,D51,2019,298223.0
FR,D51,2020,289694.0
FR,D51,2021,310283.0
FR,D51,2022,350478.0
FR,D51,2023,351268.0
FR,D51,2024,359026.0
FR,D51A,1995,62812.1
FR,D51A,1996,67227.9
FR,D51A,1997,73702.4
FR,D51A,1998,105171.9
FR,D51A,1999,112154.3
FR,D51A,2000,120155.4
FR,D51A,2001,125342.2
FR,D51A,2002,124034.0
FR,D51A,2003,128428.6
FR,D51A,2004,132024.6
FR,D51A,2005,138859.0
FR,D51A,2006,143687.3
FR,D51A,2007,148168.1
FR,D51A,2008,156668.1
FR,D51A,2009,150581.0
FR,D51A,2010,153269.0
FR,D51A,2011,162085.0
FR,D51A,2012,176993.0
FR,D51A,2013,186745.0
FR,D51A,2014,189431.0
FR,D51A,2015,192540.0
FR,D51A,2016,194345.0
FR,D51A,2017,198857.0
FR,D51A,2018,226130.0
FR,D51A,2019,230189.0
FR,D51A,2020,224741.0
FR,D51A,2021,236189.0
FR,D51A,2022,260028.0
FR,D51A,2023,268721.0
FR,D51A,2024,275122.0
FR,D51B,1995,21558.0
FR,D51B,1996,25497.0
FR,D51B,1997,29243.0
FR,D51B,1998,31269.0
FR,D51B,1999,36726.0
FR,D51B,2000,40577.0
FR,D51B,2001,46083.0
FR,D51B,2002,39776.0
FR,D51B,2003,34369.0
FR,D51B,2004,40328.0
FR,D51B,2005,43140.0
FR,D51B,2006,55159.0
FR,D51B,2007,58137.0
FR,D51B,2008,58756.0
FR,D51B,2009,33769.0
FR,D51B,2010,46090.0
FR,D51B,2011,53795.0
FR,D51B,2012,55610.0
FR,D51B,2013,57667.0
FR,D51B,2014,55310.0
FR,D51B,2015,57988.0
FR,D51B,2016,56244.0
FR,D51B,2017,66226.0
FR,D51B,2018,62405.0
FR,D51B,2019,67958.0
FR,D51B,2020,64882.0
FR,D51B,2021,73990.0
FR,D51B,2022,90235.0
FR,D51B,2023,82377.0
FR,D51B,2024,83760.0
FR,D59,1995,13411.9
FR,D59,1996,14336.4
FR,D59,1997,14742.0
FR,D59,1998,15183.3
FR,D59,1999,15893.2
FR,D59,2000,13464.599999999999
FR,D59,2001,13852.0
FR,D59,2002,14282.9
FR,D59,2003,14846.2
FR,D59,2004,15602.7
FR,D59,2005,16851.0
FR,D59,2006,18286.9
FR,D59,2007,19704.5
FR,D59,2008,20117.8
FR,D59,2009,20860.4
FR,D59,2010,22726.9
FR,D59,2011,23864.7
FR,D59,2012,26107.5
FR,D59,2013,26212.6
FR,D59,2014,27706.1
FR,D59,2015,28013.6
FR,D59,2016,27964.2
FR,D59,2017,28629.8
FR,D59,2018,22880.4
FR,D59,2019,19971.0
FR,D59,2020,16504.0
FR,D59,2021,13789.0
FR,D59,2022,8430.0
FR,D59,2023,5810.0
FR,D59,2024,7023.0
FR,D91,1995,4261.0
FR,D91,1996,4842.0
FR,D91,1997,6094.0
FR,D91,1998,5594.0
FR,D91,1999,6563.0
FR,D91,2000,6907.0
FR,D91,2001,7314.0
FR,D91,2002,7152.0
FR,D91,2003,7374.0
FR,D91,2004,8610.0
FR,D91,2005,9006.0
FR,D91,2006,8346.0
FR,D91,2007,8910.0
FR,D91,2008,7894.0
FR,D91,2009,7462.0
FR,D91,2010,7738.0
FR,D91,2011,10440.6
FR,D91,2012,9726.0
FR,D91,2013,10573.0
FR,D91,2014,10495.0
FR,D91,2015,12477.0
FR,D91,2016,12712.0
FR,D91,2017,14527.0
FR,D91,2018,14583.0
FR,D91,2019,15478.0
FR,D91,2020,15365.0
FR,D91,2021,19054.0
FR,D91,2022,18981.0
FR,D91,2023,21404.0
FR,D91,2024,21474.0
FR,ODA,1995,295457.3
FR,ODA,1996,316906.19999999995
FR,ODA,1997,335663.10000000003
FR,ODA,1998,376899.5
FR,ODA,1999,398209.99999999994
FR,ODA,2000,411707.1
FR,ODA,2001,425725.4
FR,ODA,2002,426191.50000000006
FR,ODA,2003,431349.6
FR,ODA,2004,457052.5999999999
FR,ODA,2005,480664.4
FR,ODA,2006,508776.5
FR,ODA,2007,528612.0
FR,ODA,2008,540738.0
FR,ODA,2009,505233.5
FR,ODA,2010,526593.0
FR,ODA,2011,564423.4
FR,ODA,2012,591805.6
FR,ODA,2013,613947.6
FR,ODA,2014,623989.1
FR,ODA,2015,643842.6
FR,ODA,2016,653165.2
FR,ODA,2017,687085.8
FR,ODA,2018,720163.4
FR,ODA,2019,747330.0
FR,ODA,2020,716922.0
FR,ODA,2021,764990.0
FR,ODA,2022,827477.0
FR,ODA,2023,831633.0
FR,ODA,2024,843800.0
FR,D61,1995,242478.3
FR,D61,1996,250962.40000000002
FR,D61,1997,253233.6
FR,D61,1998,236771.9
FR,D61,1999,247809.9
FR,D61,2000,257748.40000000002
FR,D61,2001,267826.0
FR,D61,2002,278112.69999999995
FR,D61,2003,290185.5
FR,D61,2004,299102.0
FR,D61,2005,310698.60000000003
FR,D61,2006,327204.39999999997
FR,D61,2007,339562.2
FR,D61,2008,349010.7
FR,D61,2009,352606.7
FR,D61,2010,360249.0
FR,D61,2011,374641.1
FR,D61,2012,385601.60000000003
FR,D61,2013,397355.2
FR,D61,2014,407236.8
FR,D61,2015,411491.5
FR,D61,2016,416522.8
FR,D61,2017,429075.10000000003
FR,D61,2018,422987.3
FR,D61,2019,406074.0
FR,D61,2020,390712.0
FR,D61,2021,417675.0
FR,D61,2022,442269.0
FR,D61,2023,461666.0
FR,D61,2024,482281.0
FR,D611,1995,136307.3
FR,D611,1996,138815.7
FR,D611,1997,143186.3
FR,D611,1998,147465.4
FR,D611,1999,154392.4
FR,D611,2000,159560.7
FR,D611,2001,165203.9
FR,D611,2002,171133.1
FR,D611,2003,177701.09999999998
FR,D611,2004,182912.0
FR,D611,2005,190198.69999999998
FR,D611,2006,200055.09999999998
FR,D611,2007,207387.9
FR,D611,2008,213406.5
FR,D611,2009,214363.0
FR,D611,2010,218810.0
FR,D611,2011,229079.0
FR,D611,2012,234732.0
FR,D611,2013,239865.0
FR,D611,2014,245529.0
FR,D611,2015,247372.0
FR,D611,2016,249809.0
FR,D611,2017,258112.0
FR,D611,2018,264286.0
FR,D611,2019,246386.0
FR,D611,2020,235532.0
FR,D611,2021,254127.0
FR,D611,2022,268220.0
FR,D611,2023,280955.0
FR,D611,2024,293148.0
FR,D613,1995,85330.9
FR,D613,1996,89599.0
FR,D613,1997,86663.9
FR,D613,1998,65254.7
FR,D613,1999,68523.9
FR,D613,2000,72206.9
FR,D613,2001,75897.3
FR,D613,2002,79064.4
FR,D613,2003,83104.1
FR,D613,2004,86067.4
FR,D613,2005,89308.1
FR,D613,2006,95232.5
FR,D613,2007,98535.8
FR,D613,2008,100611.8
FR,D613,2009,101390.0
FR,D613,2010,103268.0
FR,D613,2011,105849.0
FR,D613,2012,109729.0
FR,D613,2013,115369.0
FR,D613,2014,119067.0
FR,D613,2015,121288.0
FR,D613,2016,123595.0
FR,D613,2017,127703.0
FR,D613,2018,114824.0
FR,D613,2019,115502.0
FR,D613,2020,110563.0
FR,D613,2021,118682.0
FR,D613,2022,127575.0
FR,D613,2023,132535.0
FR,D613,2024,137917.0
FR,ODB,1995,514271.0
FR,ODB,1996,542546.7999999999
FR,ODB,1997,562754.3999999999
FR,ODB,1998,586721.0
FR,ODB,1999,618008.2
FR,ODB,2000,640270.1
FR,ODB,2001,663504.5
FR,ODB,2002,673147.2000000001
FR,ODB,2003,688873.3999999999
FR,ODB,2004,722618.3
FR,ODB,2005,756473.5
FR,ODB,2006,800366.2
FR,ODB,2007,829860.3999999999
FR,ODB,2008,849913.5
FR,ODB,2009,816447.3999999999
FR,ODB,2010,843895.1
FR,ODB,2011,894295.2999999999
FR,ODB,2012,930952.5
FR,ODB,2013,963302.6
FR,ODB,2014,982793.1
FR,ODB,2015,1006605.6
FR,ODB,2016,1020989.2
FR,ODB,2017,1067285.8
FR,ODB,2018,1093809.4
FR,ODB,2019,1105311.0
FR,ODB,2020,1053242.0
FR,ODB,2021,1131069.0
FR,ODB,2022,1219008.0
FR,ODB,2023,1240699.0
FR,ODB,2024,1270244.0
FR,ODC,1995,535111.1
FR,ODC,1996,565094.5
FR,ODC,1997,586137.7999999999
FR,ODC,1998,610772.7999999999
FR,ODC,1999,642901.8
FR,ODC,2000,666250.8999999999
FR,ODC,2001,690229.3
FR,ODC,2002,701062.4
FR,ODC,2003,718253.7
FR,ODC,2004,752740.8999999999
FR,ODC,2005,787665.3
FR,ODC,2006,832283.0
FR,ODC,2007,863498.8999999999
FR,ODC,2008,884905.9000000001
FR,ODC,2009,853301.1
FR,ODC,2010,882066.1
FR,ODC,2011,934008.3999999999
FR,ODC,2012,972093.1
FR,ODC,2013,1005423.8
FR,ODC,2014,1025433.8999999999
FR,ODC,2015,1049437.1
FR,ODC,2016,1064108.0
FR,ODC,2017,1110545.9
FR,ODC,2018,1137686.7000000002
FR,ODC,2019,1149497.0
FR,ODC,2020,1097859.0
FR,ODC,2021,1175935.0
FR,ODC,2022,1265482.0
FR,ODC,2023,1288875.0
FR,ODC,2024,1321460.0
HR,D2,1995,3092.930867769434
HR,D2,1996,3335.0409070440887
HR,D2,1997,3695.5704688758333
HR,D2,1998,4393.540583984548
HR,D2,1999,4396.173468240522
HR,D2,2000,4818.833403785458
HR,D2,2001,5063.185054340247
HR,D2,2002,5601.9848593116685
HR,D2,2003,6027.344036814937
HR,D2,2004,6278.652827878567
HR,D2,2005,6689.534447955066
HR,D2,2006,7359.3490970712855
HR,D2,2007,7932.780022443082
HR,D2,2008,8540.864656373666
HR,D2,2009,7769.840556112538
HR,D2,2010,7917.497081628847
HR,D2,2011,7885.514042151228
HR,D2,2012,8220.615518201206
HR,D2,2013,8470.923383212976
HR,D2,2014,8459.16877118351
HR,D2,2015,8980.115303617846
HR,D2,2016,9371.334561160922
HR,D2,2017,9885.445749481414
HR,D2,2018,10596.479218820803
HR,D2,2019,11222.03645441947
HR,D2,2020,9817.370372656269
HR,D2,2021,11498.541904762293
HR,D2,2022,13059.874657289289
HR,D2,2023,15123.402376792825
HR,D2,2024,16556.651658143517
HR,D21,1995,2945.229174103125
HR,D21,1996,3116.993659735881
HR,D21,1997,3458.896019281969
HR,D21,1998,4140.383871296038
HR,D21,1999,4128.804375775433
HR,D21,2000,4546.26230145066
HR,D21,2001,4760.79589058435
HR,D21,2002,5229.675504435596
HR,D21,2003,5624.350980696794
HR,D21,2004,5845.679036773508
HR,D21,2005,6237.794463091241
HR,D21,2006,6848.394276108087
HR,D21,2007,7343.760120922551
HR,D21,2008,7903.804564785344
HR,D21,2009,7136.049398884752
HR,D21,2010,7306.725034494922
HR,D21,2011,7228.832995002185
HR,D21,2012,7569.183571226912
HR,D21,2013,7806.971318372354
HR,D21,2014,7780.4153779739345
HR,D21,2015,8185.700264890218
HR,D21,2016,8552.398062518054
HR,D21,2017,9079.406333794297
HR,D21,2018,9752.981916474433
HR,D21,2019,10290.342471372827
HR,D21,2020,8937.068787276443
HR,D21,2021,10653.508773902919
HR,D21,2022,12119.002750173648
HR,D21,2023,14058.681177970644
HR,D21,2024,15463.028296812623
HR,D211,1998,2684.746963965757
HR,D211,1999,2631.8894419005906
HR,D211,2000,2896.7129869268033
HR,D211,2001,3088.0429238834695
HR,D211,2002,3444.09840721083
HR,D211,2003,3759.3408711925144
HR,D211,2004,3957.0283854270356
HR,D211,2005,4285.45166668392
HR,D211,2006,4691.17245207123
HR,D211,2007,5015.547237069518
HR,D211,2008,5471.889679836622
HR,D211,2009,4935.696131216404
HR,D211,2010,4993.47879063906
HR,D211,2011,5008.06731816577
HR,D211,2012,5397.481588260189
HR,D211,2013,5540.078599273716
HR,D211,2014,5529.689732977388
HR,D211,2015,5758.440004072666
HR,D211,2016,5991.4701512035235
HR,D211,2017,6404.001426859725
HR,D211,2018,6841.285294953865
HR,D211,2019,7304.47786864422
HR,D211,2020,6322.176727146884
HR,D211,2021,7647.341123911943
HR,D211,2022,8895.281399740184
HR,D211,2023,10491.732555866534
HR,D211,2024,11449.807505704259
HR,D214,1995,2424.8530376640783
HR,D214,1996,2593.74221637534
HR,D214,1997,2843.0628518521467
HR,D214,1998,907.8204629743182
HR,D214,1999,927.8141309018514
HR,D214,2000,1145.8280324215275
HR,D214,2001,1245.9945527384411
HR,D214,2002,1513.4126536651404
HR,D214,2003,1624.667021044528
HR,D214,2004,1677.5248525542504
HR,D214,2005,1744.9063096212037
HR,D214,2006,1946.3974867404208
HR,D214,2007,2110.351319919129
HR,D214,2008,2179.626717869288
HR,D214,2009,1971.9155732599604
HR,D214,2010,2094.9905529022476
HR,D214,2011,1986.3299742031943
HR,D214,2012,1938.85793216176
HR,D214,2013,2115.234153910981
HR,D214,2014,2190.5355531164705
HR,D214,2015,2370.123169587377
HR,D214,2016,2500.5052991012253
HR,D214,2017,2618.9535887993284
HR,D214,2018,2866.5107630198045
HR,D214,2019,2937.7893178138816
HR,D214,2020,2567.7530540667804
HR,D214,2021,2946.3159714826925
HR,D214,2022,3146.0488104592323
HR,D214,2023,3487.28108710661
HR,D214,2024,3929.251304745863
HR,D29,1995,147.7016936663084
HR,D29,1996,218.04724730820746
HR,D29,1997,236.67444959386398
HR,D29,1998,253.1567126885097
HR,D29,1999,267.36909246508907
HR,D29,2000,272.57110233479733
HR,D29,2001,302.38916375589747
HR,D29,2002,372.30935487607184
HR,D29,2003,402.9930561181423
HR,D29,2004,432.9737911050581
HR,D29,2005,451.73998486382465
HR,D29,2006,510.95482096319785
HR,D29,2007,589.0199015205305
HR,D29,2008,637.060091588321
HR,D29,2009,633.7911572277851
HR,D29,2010,610.7720471339258
HR,D29,2011,656.6810471490428
HR,D29,2012,651.431946974294
HR,D29,2013,663.9520648406219
HR,D29,2014,678.7533932095754
HR,D29,2015,794.4150387276271
HR,D29,2016,818.9364986428672
HR,D29,2017,806.0394156871166
HR,D29,2018,843.4973023463681
HR,D29,2019,931.6939830466448
HR,D29,2020,880.3015853798262
HR,D29,2021,845.0331308593743
HR,D29,2022,940.871907115641
HR,D29,2023,1064.7211988221804
HR,D29,2024,1093.6233613308946
HR,D5,1995,1077.0560856715717
HR,D5,1996,1312.6189019621274
HR,D5,1997,1377.0024394274246
HR,D5,1998,1693.4539812878006
HR,D5,1999,1616.5143752303568
HR,D5,2000,1486.3396403632669
HR,D5,2001,1507.0871096735978
HR,D5,2002,1799.8757825375808
HR,D5,2003,1978.0630437962623
HR,D5,2004,2134.7393255786055
HR,D5,2005,2358.611855455817
HR,D5,2006,2841.9317743011334
HR,D5,2007,3350.1056637152697
HR,D5,2008,3516.4694885959116
HR,D5,2009,3381.111599199807
HR,D5,2010,3033.990439796187
HR,D5,2011,3034.1013448854887
HR,D5,2012,2950.2385848063723
HR,D5,2013,3128.56673904944
HR,D5,2014,3008.138693339368
HR,D5,2015,3041.9478847714445
HR,D5,2016,3322.193718801979
HR,D5,2017,3326.309990185289
HR,D5,2018,3552.045635149839
HR,D5,2019,3798.5829545893876
HR,D5,2020,3502.1714697770326
HR,D5,2021,3567.964627509714
HR,D5,2022,4932.348369356158
HR,D5,2023,5695.014912106859
HR,D5,2024,6763.652763959443
HR,D51,1995,946.6863096423119
HR,D51,1996,1153.099873913332
HR,D51,1997,1223.4595527241356
HR,D51,1998,1530.0337115933373
HR,D51,1999,1443.9400092905964
HR,D51,2000,1310.420258411308
HR,D51,2001,1315.1743185347402
HR,D51,2002,1575.9063729510915
HR,D51,2003,1716.3614283482646
HR,D51,2004,1837.7235091910543
HR,D51,2005,2049.75666793133
HR,D51,2006,2481.5233377032005
HR,D51,2007,2939.7282154095706
HR,D51,2008,3081.3560008244026
HR,D51,2009,2948.3896931059417
HR,D51,2010,2611.6102328246125
HR,D51,2011,2543.5285573875076
HR,D51,2012,2481.660498200395
HR,D51,2013,2651.8941577181517
HR,D51,2014,2489.636919861086
HR,D51,2015,2482.918309822718
HR,D51,2016,2765.6494532149313
HR,D51,2017,2773.9112474651242
HR,D51,2018,3010.827454676277
HR,D51,2019,3253.05458527482
HR,D51,2020,2991.5341123408407
HR,D51,2021,3029.791695224151
HR,D51,2022,4382.593166186803
HR,D51,2023,5138.62393926447
HR,D51,2024,6146.175148992381
HR,D51A,1995,760.7464330745238
HR,D51A,1996,917.8989979427964
HR,D51A,1997,891.1047846572434
HR,D51A,1998,1068.5830512973653
HR,D51A,1999,1000.5173535072001
HR,D51A,2000,993.6634071272147
HR,D51A,2001,932.9952280841462
HR,D51A,2002,1065.7932899329749
HR,D51A,2003,1120.180132575486
HR,D51A,2004,1228.8264223239762
HR,D51A,2005,1231.742886352876
HR,D51A,2006,1396.6828164752806
HR,D51A,2007,1652.4602546249487
HR,D51A,2008,1745.8752938816724
HR,D51A,2009,1685.3381042015687
HR,D51A,2010,1516.594119250658
HR,D51A,2011,1507.4632715397406
HR,D51A,2012,1599.1432737913146
HR,D51A,2013,1753.2804259038046
HR,D51A,2014,1698.7017328090571
HR,D51A,2015,1597.8015073671854
HR,D51A,2016,1694.245805328772
HR,D51A,2017,1605.6568595410606
HR,D51A,2018,1803.1536525740503
HR,D51A,2019,1942.3897725736808
HR,D51A,2020,1809.152433851258
HR,D51A,2021,1725.355702170988
HR,D51A,2022,2136.0537920607944
HR,D51A,2023,2765.995936050253
HR,D51A,2024,3388.500747658696
HR,D51B,1995,185.93987656778816
HR,D51B,1996,235.20087597053555
HR,D51B,1997,332.3547680668923
HR,D51B,1998,461.4506602959719
HR,D51B,1999,443.42265578339635
HR,D51B,2000,316.75685128409316
HR,D51B,2001,382.17909045059395
HR,D51B,2002,510.11308301811664
HR,D51B,2003,596.1812957727785
HR,D51B,2004,608.8970868670781
HR,D51B,2005,818.0137815784541
HR,D51B,2006,1084.8405212279204
HR,D51B,2007,1287.267960784622
HR,D51B,2008,1335.4807069427297
HR,D51B,2009,1122.6960963036697
HR,D51B,2010,842.3576215024221
HR,D51B,2011,1027.3754510929725
HR,D51B,2012,877.3608672559848
HR,D51B,2013,894.3056383164375
HR,D51B,2014,774.9919816979905
HR,D51B,2015,844.4576087625203
HR,D51B,2016,1027.964026503188
HR,D51B,2017,1123.1136282571974
HR,D51B,2018,1161.05555727377
HR,D51B,2019,1260.9661190399806
HR,D51B,2020,1141.7633108994971
HR,D51B,2021,1258.9625314045252
HR,D51B,2022,2189.84679446434
HR,D51B,2023,2297.614958544218
HR,D51B,2024,2679.104137173685
HR,D59,1995,130.36977602925967
HR,D59,1996,159.5190280487954
HR,D59,1997,153.5428867032893
HR,D59,1998,163.42026969446354
HR,D59,1999,172.5743659397602
HR,D59,2000,175.91938195195914
HR,D59,2001,191.91279113885744
HR,D59,2002,223.96940958648938
HR,D59,2003,261.70161544799777
HR,D59,2004,297.0158163875512
HR,D59,2005,308.8551875244871
HR,D59,2006,360.40843659793296
HR,D59,2007,410.3774483056988
HR,D59,2008,435.1134877715094
HR,D59,2009,432.72190609386547
HR,D59,2010,422.38020697157424
HR,D59,2011,490.57278749798087
HR,D59,2012,468.57808660597703
HR,D59,2013,476.6725813312885
HR,D59,2014,518.5017734782818
HR,D59,2015,559.0295749487262
HR,D59,2016,556.5442655870472
HR,D59,2017,552.3987427201646
HR,D59,2018,541.2181804735624
HR,D59,2019,545.5283693145676
HR,D59,2020,510.6373574361915
HR,D59,2021,538.1729322855622
HR,D59,2022,549.7552031693565
HR,D59,2023,556.3909728423885
HR,D59,2024,617.4776149670626
HR,D91,1995,2.104430154622072
HR,D91,1996,2.7042696927466983
HR,D91,1997,2.673818833366514
HR,D91,1998,0.8445040812263588
HR,D91,1999,0.5048887119251443
HR,D91,2000,0.49971159333731496
HR,D91,2001,0.3783387086070741
HR,D91,2002,0.2568561948370828
HR,D91,2003,0.2542194133651868
HR,D91,2004,0.3020988771650408
HR,D91,2005,0.3580999402747362
HR,D91,2006,0.3621406861769195
HR,D91,2007,0.3816873050633751
HR,D91,2008,0.5284048045656646
HR,D91,2009,0.6776643440175194
HR,D91,2010,0.5269177782201871
HR,D91,2011,1.0830086933439511
HR,D91,2012,1.0552352511779148
HR,D91,2013,1.1208824739531489
HR,D91,2014,1.5748911009356956
HR,D91,2015,1.378055743579534
HR,D91,2016,1.8800156612913927
HR,D91,2017,1.1022162054549074
HR,D91,2018,1.1212709536133785
HR,D91,2019,1.6541941734687102
HR,D91,2020,1.16834574291592
HR,D91,2021,1.438263189329086
HR,D91,2022,1.7404207989913065
HR,D91,2023,1.7571055300000002
HR,D91,2024,2.76054419
HR,ODA,1995,4172.091383595627
HR,ODA,1996,4650.364078698962
HR,ODA,1997,5075.246727136624
HR,ODA,1998,6087.839069353575
HR,ODA,1999,6013.192732182804
HR,ODA,2000,6305.672755742062
HR,ODA,2001,6570.650502722453
HR,ODA,2002,7402.117498044086
HR,ODA,2003,8005.661300024564
HR,ODA,2004,8413.694252334337
HR,ODA,2005,9048.504403351157
HR,ODA,2006,10201.643012058597
HR,ODA,2007,11283.267373463414
HR,ODA,2008,12057.862549774143
HR,ODA,2009,11151.629819656364
HR,ODA,2010,10952.014439203253
HR,ODA,2011,10920.69839573006
HR,ODA,2012,11171.909338258758
HR,ODA,2013,11600.611004736369
HR,ODA,2014,11468.882355623813
HR,ODA,2015,12023.441244132871
HR,ODA,2016,12695.408295624191
HR,ODA,2017,13212.857955872158
HR,ODA,2018,14149.646124924257
HR,ODA,2019,15022.273603182326
HR,ODA,2020,13320.710188176217
HR,ODA,2021,15067.944795461337
HR,ODA,2022,17993.96344744444
HR,ODA,2023,20820.174394429683
HR,ODA,2024,23323.06496629296
HR,D61,1995,2415.21640453912
HR,D61,1996,2695.224102462008
HR,D61,1997,2972.2418209569314
HR,D61,1998,3042.394717632225
HR,D61,1999,3091.177384033446
HR,D61,2000,3178.819032450727
HR,D61,2001,3287.0183821089654
HR,D61,2002,3344.61782467317
HR,D61,2003,3639.8709270688164
HR,D61,2004,3912.349459154556
HR,D61,2005,4172.5579721888125
HR,D61,2006,4527.943013768802
HR,D61,2007,5059.431780306355
HR,D61,2008,5456.47185296218
HR,D61,2009,5325.56781852191
HR,D61,2010,5215.174856853142
HR,D61,2011,5253.932892962594
HR,D61,2012,5098.500157979074
HR,D61,2013,5017.764586985645
HR,D61,2014,5215.127101373238
HR,D61,2015,5350.63427598425
HR,D61,2016,5459.694728812794
HR,D61,2017,5694.889721798835
HR,D61,2018,5958.798224659897
HR,D61,2019,6193.437442496515
HR,D61,2020,5860.848868176499
HR,D61,2021,6485.872069145929
HR,D61,2022,7314.820620162808
HR,D61,2023,8371.12720115
HR,D61,2024,9835.10244608
HR,D611,1995,1285.6196921361734
HR,D611,1996,1433.8592225097882
HR,D611,1997,1613.927308779614
HR,D611,1998,1619.7709476673963
HR,D611,1999,1650.68872307386
HR,D611,2000,1684.7740871988854
HR,D611,2001,1709.2495586966622
HR,D611,2002,1747.237507465658
HR,D611,2003,1901.4785586303003
HR,D611,2004,2088.7526710465195
HR,D611,2005,2225.8074814212086
HR,D611,2006,2415.6860025579786
HR,D611,2007,2666.0896405773638
HR,D611,2008,2886.886255885756
HR,D611,2009,2818.1699688245444
HR,D611,2010,2758.983148410176
HR,D611,2011,2746.962070182187
HR,D611,2012,2601.6428444903854
HR,D611,2013,2520.4726179744107
HR,D611,2014,2724.059137317505
HR,D611,2015,2795.5270505058925
HR,D611,2016,2715.0931980747064
HR,D611,2017,2815.93443031515
HR,D611,2018,2928.7495141381696
HR,D611,2019,2975.2321586243397
HR,D611,2020,2805.302813213743
HR,D611,2021,3121.4083990653644
HR,D611,2022,3533.4423794189415
HR,D611,2023,4054.154191041623
HR,D611,2024,4831.769937657357
HR,D613,1995,1129.5967124029464
HR,D613,1996,1261.3648799522198
HR,D613,1997,1358.3145121773175
HR,D613,1998,1422.6237699648284
HR,D613,1999,1440.4886609595856
HR,D613,2000,1494.0449452518415
HR,D613,2001,1577.7688234123032
HR,D613,2002,1597.380317207512
HR,D613,2003,1738.392368438516
HR,D613,2004,1823.5967881080362
HR,D613,2005,1946.7504907676043
HR,D613,2006,2112.2570112108237
HR,D613,2007,2393.3421397289912
HR,D613,2008,2569.585597076424
HR,D613,2009,2507.397849697366
HR,D613,2010,2456.1917084429656
HR,D613,2011,2506.970822780407
HR,D613,2012,2496.8573134886888
HR,D613,2013,2497.2919690112335
HR,D613,2014,2491.0679640557332
HR,D613,2015,2555.1072254783576
HR,D613,2016,2744.601530738088
HR,D613,2017,2878.955291483686
HR,D613,2018,3030.048710521728
HR,D613,2019,3218.2052838721756
HR,D613,2020,3055.5460549627564
HR,D613,2021,3364.463670080565
HR,D613,2022,3781.3782407438666
HR,D613,2023,4316.973010108377
HR,D613,2024,5003.332508422643
HR,ODB,1995,6587.307788134748
HR,ODB,1996,7345.588181160971
HR,ODB,1997,8047.488548093555
HR,ODB,1998,9130.2337869858
HR,ODB,1999,9104.370116216249
HR,ODB,2000,9484.491788192789
HR,ODB,2001,9857.668884831419
HR,ODB,2002,10746.735322717257
HR,ODB,2003,11645.532227093381
HR,ODB,2004,12326.043711488894
HR,ODB,2005,13221.06237553997
HR,ODB,2006,14729.5860258274
HR,ODB,2007,16342.699153769769
HR,ODB,2008,17514.334402736324
HR,ODB,2009,16477.197638178273
HR,ODB,2010,16167.189296056395
HR,ODB,2011,16174.631288692653
HR,ODB,2012,16270.409496237833
HR,ODB,2013,16618.375591722015
HR,ODB,2014,16684.00945699705
HR,ODB,2015,17374.075520117123
HR,ODB,2016,18155.103024436987
HR,ODB,2017,18907.747677670995
HR,ODB,2018,20108.444349584155
HR,ODB,2019,21215.711045678843
HR,ODB,2020,19181.559056352715
HR,ODB,2021,21553.816864607266
HR,ODB,2022,25308.78406760725
HR,ODB,2023,29191.301595579684
HR,ODB,2024,33158.16741237295
HR,ODC,1995,6587.307788134748
HR,ODC,1996,7345.588181160971
HR,ODC,1997,8047.488548093555
HR,ODC,1998,9130.2337869858
HR,ODC,1999,9104.370116216249
HR,ODC,2000,9484.491788192789
HR,ODC,2001,9857.668884831419
HR,ODC,2002,10746.735322717257
HR,ODC,2003,11645.532227093381
HR,ODC,2004,12326.043711488894
HR,ODC,2005,13221.06237553997
HR,ODC,2006,14729.5860258274
HR,ODC,2007,16342.699153769769
HR,ODC,2008,17514.334402736324
HR,ODC,2009,16477.197638178273
HR,ODC,2010,16167.189296056395
HR,ODC,2011,16174.631288692653
HR,ODC,2012,16270.409496237833
HR,ODC,2013,16618.375591722015
HR,ODC,2014,16684.00945699705
HR,ODC,2015,17374.075520117123
HR,ODC,2016,18155.103024436987
HR,ODC,2017,18907.747677670995
HR,ODC,2018,20108.444349584155
HR,ODC,2019,21215.711045678843
HR,ODC,2020,19181.559056352715
HR,ODC,2021,21553.816864607266
HR,ODC,2022,25308.78406760725
HR,ODC,2023,29191.301595579684
HR,ODC,2024,33158.16741237295
IT,D2,1995,117188.0
IT,D2,1996,121957.0
IT,D2,1997,132495.0
IT,D2,1998,169972.0
IT,D2,1999,172206.0
IT,D2,2000,180080.0
IT,D2,2001,184260.0
IT,D2,2002,191507.0
IT,D2,2003,192232.0
IT,D2,2004,200811.0
IT,D2,2005,209857.0
IT,D2,2006,227078.0
IT,D2,2007,234519.0
IT,D2,2008,224709.0
IT,D2,2009,216331.0
IT,D2,2010,227918.0
IT,D2,2011,235475.0
IT,D2,2012,249878.0
IT,D2,2013,244156.0
IT,D2,2014,254313.0
IT,D2,2015,254884.0
IT,D2,2016,248152.0
IT,D2,2017,255394.0
IT,D2,2018,259633.0
IT,D2,2019,264648.0
IT,D2,2020,234132.0
IT,D2,2021,265605.0
IT,D2,2022,284938.0
IT,D2,2023,295614.0
IT,D2,2024,312590.0
IT,D2,2025,320752.0
IT,D21,1995,106542.0
IT,D21,1996,110561.0
IT,D21,1997,118647.0
IT,D21,1998,129278.0
IT,D21,1999,134900.0
IT,D21,2000,140857.0
IT,D21,2001,141212.0
IT,D21,2002,145621.0
IT,D21,2003,146141.0
IT,D21,2004,154763.0
IT,D21,2005,159745.0
IT,D21,2006,173239.0
IT,D21,2007,177653.0
IT,D21,2008,173704.0
IT,D21,2009,170656.0
IT,D21,2010,181327.0
IT,D21,2011,187822.0
IT,D21,2012,187751.0
IT,D21,2013,186596.0
IT,D21,2014,194015.0
IT,D21,2015,194746.0
IT,D21,2016,200681.0
IT,D21,2017,204246.0
IT,D21,2018,207549.0
IT,D21,2019,211738.0
IT,D21,2020,186747.0
IT,D21,2021,213200.0
IT,D21,2022,221586.0
IT,D21,2023,233314.0
IT,D21,2024,247219.0
IT,D21,2025,256598.0
IT,D211,1995,52493.0
IT,D211,1996,54000.0
IT,D211,1997,59080.0
IT,D211,1998,66410.0
IT,D211,1999,68653.0
IT,D211,2000,77460.0
IT,D211,2001,77823.0
IT,D211,2002,80032.0
IT,D211,2003,79099.0
IT,D211,2004,81515.0
IT,D211,2005,85324.0
IT,D211,2006,92221.0
IT,D211,2007,95567.0
IT,D211,2008,93698.0
IT,D211,2009,86231.0
IT,D211,2010,97042.0
IT,D211,2011,98257.0
IT,D211,2012,95768.0
IT,D211,2013,93571.0
IT,D211,2014,96567.0
IT,D211,2015,100345.0
IT,D211,2016,102086.0
IT,D211,2017,107576.0
IT,D211,2018,109333.0
IT,D211,2019,111464.0
IT,D211,2020,99683.0
IT,D211,2021,120980.0
IT,D211,2022,138533.0
IT,D211,2023,140089.0
IT,D211,2024,145187.0
IT,D211,2025,150384.0
IT,D214,1995,52347.0
IT,D214,1996,55104.0
IT,D214,1997,58162.0
IT,D214,1998,61338.0
IT,D214,1999,64750.0
IT,D214,2000,61678.0
IT,D214,2001,61867.0
IT,D214,2002,64098.0
IT,D214,2003,65454.0
IT,D214,2004,71543.0
IT,D214,2005,72550.0
IT,D214,2006,78831.0
IT,D214,2007,79748.0
IT,D214,2008,77744.0
IT,D214,2009,82360.0
IT,D214,2010,82015.0
IT,D214,2011,87198.0
IT,D214,2012,89852.0
IT,D214,2013,91068.0
IT,D214,2014,95367.0
IT,D214,2015,92065.0
IT,D214,2016,96345.0
IT,D214,2017,94356.0
IT,D214,2018,95901.0
IT,D214,2019,97943.0
IT,D214,2020,85081.0
IT,D214,2021,89770.0
IT,D214,2022,79297.0
IT,D214,2023,90164.0
IT,D214,2024,99018.0
IT,D214,2025,102930.0
IT,D29,1995,10646.0
IT,D29,1996,11396.0
IT,D29,1997,13848.0
IT,D29,1998,40694.0
IT,D29,1999,37306.0
IT,D29,2000,39223.0
IT,D29,2001,43048.0
IT,D29,2002,45886.0
IT,D29,2003,46091.0
IT,D29,2004,46048.0
IT,D29,2005,50112.0
IT,D29,2006,53839.0
IT,D29,2007,56866.0
IT,D29,2008,51005.0
IT,D29,2009,45675.0
IT,D29,2010,46591.0
IT,D29,2011,47653.0
IT,D29,2012,62127.0
IT,D29,2013,57560.0
IT,D29,2014,60298.0
IT,D29,2015,60138.0
IT,D29,2016,47471.0
IT,D29,2017,51148.0
IT,D29,2018,52084.0
IT,D29,2019,52910.0
IT,D29,2020,47385.0
IT,D29,2021,52405.0
IT,D29,2022,63352.0
IT,D29,2023,62300.0
IT,D29,2024,65371.0
IT,D29,2025,64154.0
IT,D5,1995,137036.0
IT,D5,1996,151324.0
IT,D5,1997,165771.0
IT,D5,1998,155751.0
IT,D5,1999,168082.0
IT,D5,2000,171067.0
IT,D5,2001,183261.0
IT,D5,2002,180544.0
IT,D5,2003,178472.0
IT,D5,2004,185289.0
IT,D5,2005,191001.0
IT,D5,2006,213472.0
IT,D5,2007,233507.0
IT,D5,2008,239880.0
IT,D5,2009,222527.0
IT,D5,2010,226675.0
IT,D5,2011,226997.0
IT,D5,2012,239767.0
IT,D5,2013,241037.0
IT,D5,2014,237168.0
IT,D5,2015,242566.0
IT,D5,2016,247425.0
IT,D5,2017,250161.0
IT,D5,2018,248561.0
IT,D5,2019,258205.0
IT,D5,2020,251102.0
IT,D5,2021,268362.0
IT,D5,2022,290381.0
IT,D5,2023,321786.0
IT,D5,2024,343558.0
IT,D5,2025,346040.0
IT,D51,1995,131101.0
IT,D51,1996,145889.0
IT,D51,1997,160053.0
IT,D51,1998,150374.0
IT,D51,1999,162696.0
IT,D51,2000,166017.0
IT,D51,2001,177788.0
IT,D51,2002,173596.0
IT,D51,2003,172173.0
IT,D51,2004,179031.0
IT,D51,2005,185049.0
IT,D51,2006,206898.0
IT,D51,2007,226411.0
IT,D51,2008,233014.0
IT,D51,2009,215395.0
IT,D51,2010,219436.0
IT,D51,2011,219162.0
IT,D51,2012,231015.0
IT,D51,2013,233478.0
IT,D51,2014,229270.0
IT,D51,2015,234338.0
IT,D51,2016,237028.0
IT,D51,2017,240518.0
IT,D51,2018,238616.0
IT,D51,2019,248607.0
IT,D51,2020,242390.0
IT,D51,2021,258751.0
IT,D51,2022,279544.0
IT,D51,2023,310746.0
IT,D51,2024,333630.0
IT,D51,2025,335241.0
IT,D51A,1995,98889.0
IT,D51A,1996,107567.0
IT,D51A,1997,116152.0
IT,D51A,1998,121894.0
IT,D51A,1999,126907.0
IT,D51A,2000,125866.0
IT,D51A,2001,134714.0
IT,D51A,2002,137125.0
IT,D51A,2003,139666.0
IT,D51A,2004,144459.0
IT,D51A,2005,148535.0
IT,D51A,2006,159936.0
IT,D51A,2007,173058.0
IT,D51A,2008,183235.0
IT,D51A,2009,176155.0
IT,D51A,2010,180917.0
IT,D51A,2011,182050.0
IT,D51A,2012,189328.0
IT,D51A,2013,189410.0
IT,D51A,2014,189532.0
IT,D51A,2015,196577.0
IT,D51A,2016,196911.0
IT,D51A,2017,201515.0
IT,D51A,2018,203527.0
IT,D51A,2019,209420.0
IT,D51A,2020,204279.0
IT,D51A,2021,217295.0
IT,D51A,2022,222538.0
IT,D51A,2023,249225.0
IT,D51A,2024,268510.0
IT,D51A,2025,265217.0
IT,D51B,1995,31749.0
IT,D51B,1996,37790.0
IT,D51B,1997,43233.0
IT,D51B,1998,26933.0
IT,D51B,1999,30864.0
IT,D51B,2000,27696.0
IT,D51B,2001,36218.0
IT,D51B,2002,32342.0
IT,D51B,2003,28820.0
IT,D51B,2004,30123.0
IT,D51B,2005,33627.0
IT,D51B,2006,43851.0
IT,D51B,2007,50560.0
IT,D51B,2008,47901.0
IT,D51B,2009,37457.0
IT,D51B,2010,36760.0
IT,D51B,2011,35871.0
IT,D51B,2012,37781.0
IT,D51B,2013,40422.0
IT,D51B,2014,35162.0
IT,D51B,2015,33423.0
IT,D51B,2016,36040.0
IT,D51B,2017,35987.0
IT,D51B,2018,32844.0
IT,D51B,2019,35101.0
IT,D51B,2020,34094.0
IT,D51B,2021,34412.0
IT,D51B,2022,52961.0
IT,D51B,2023,58563.0
IT,D51B,2024,58665.0
IT,D51B,2025,60724.0
IT,D59,1995,5935.0
IT,D59,1996,5435.0
IT,D59,1997,5718.0
IT,D59,1998,5377.0
IT,D59,1999,5386.0
IT,D59,2000,5050.0
IT,D59,2001,5473.0
IT,D59,2002,6948.0
IT,D59,2003,6299.0
IT,D59,2004,6258.0
IT,D59,2005,5952.0
IT,D59,2006,6574.0
IT,D59,2007,7096.0
IT,D59,2008,6866.0
IT,D59,2009,7132.0
IT,D59,2010,7239.0
IT,D59,2011,7835.0
IT,D59,2012,8752.0
IT,D59,2013,7559.0
IT,D59,2014,7898.0
IT,D59,2015,8228.0
IT,D59,2016,10397.0
IT,D59,2017,9643.0
IT,D59,2018,9945.0
IT,D59,2019,9598.0
IT,D59,2020,8712.0
IT,D59,2021,9611.0
IT,D59,2022,10837.0
IT,D59,2023,11040.0
IT,D59,2024,9928.0
IT,D59,2025,10799.0
IT,D91,1995,5275.0
IT,D91,1996,2880.0
IT,D91,1997,7221.0
IT,D91,1998,4124.0
IT,D91,1999,1252.0
IT,D91,2000,1090.0
IT,D91,2001,1048.0
IT,D91,2002,2975.0
IT,D91,2003,17925.0
IT,D91,2004,8372.0
IT,D91,2005,1870.0
IT,D91,2006,225.0
IT,D91,2007,299.0
IT,D91,2008,487.0
IT,D91,2009,12256.0
IT,D91,2010,3517.0
IT,D91,2011,6986.0
IT,D91,2012,1528.0
IT,D91,2013,4154.0
IT,D91,2014,1583.0
IT,D91,2015,1214.0
IT,D91,2016,5360.0
IT,D91,2017,2325.0
IT,D91,2018,1574.0
IT,D91,2019,1252.0
IT,D91,2020,944.0
IT,D91,2021,1596.0
IT,D91,2022,1707.0
IT,D91,2023,1612.0
IT,D91,2024,1811.0
IT,D91,2025,3106.0
IT,ODA,1995,259499.0
IT,ODA,1996,276161.0
IT,ODA,1997,305487.0
IT,ODA,1998,329847.0
IT,ODA,1999,341540.0
IT,ODA,2000,352237.0
IT,ODA,2001,368569.0
IT,ODA,2002,375026.0
IT,ODA,2003,388629.0
IT,ODA,2004,394472.0
IT,ODA,2005,402728.0
IT,ODA,2006,440775.0
IT,ODA,2007,468325.0
IT,ODA,2008,465076.0
IT,ODA,2009,451114.0
IT,ODA,2010,458110.0
IT,ODA,2011,469458.0
IT,ODA,2012,491173.0
IT,ODA,2013,489347.0
IT,ODA,2014,493064.0
IT,ODA,2015,498664.0
IT,ODA,2016,500937.0
IT,ODA,2017,507880.0
IT,ODA,2018,509768.0
IT,ODA,2019,524105.0
IT,ODA,2020,486178.0
IT,ODA,2021,535563.0
IT,ODA,2022,577026.0
IT,ODA,2023,619012.0
IT,ODA,2024,657959.0
IT,ODA,2025,669898.0
IT,D61,1995,138620.0
IT,D61,1996,150052.0
IT,D61,1997,157428.0
IT,D61,1998,138420.0
IT,D61,1999,142783.0
IT,D61,2000,145872.0
IT,D61,2001,154011.0
IT,D61,2002,161691.0
IT,D61,2003,168733.0
IT,D61,2004,176713.0
IT,D61,2005,182056.0
IT,D61,2006,184419.0
IT,D61,2007,203167.0
IT,D61,2008,213021.0
IT,D61,2009,212155.0
IT,D61,2010,213718.0
IT,D61,2011,216407.0
IT,D61,2012,215906.0
IT,D61,2013,215394.0
IT,D61,2014,214429.0
IT,D61,2015,219171.0
IT,D61,2016,220752.0
IT,D61,2017,225992.0
IT,D61,2018,234142.0
IT,D61,2019,242020.0
IT,D61,2020,230337.0
IT,D61,2021,247577.0
IT,D61,2022,260263.0
IT,D61,2023,268180.0
IT,D61,2024,278140.0
IT,D61,2025,305876.0
IT,D611,1995,80043.0
IT,D611,1996,101536.0
IT,D611,1997,108101.0
IT,D611,1998,95920.0
IT,D611,1999,97858.0
IT,D611,2000,99946.0
IT,D611,2001,105247.0
IT,D611,2002,110185.0
IT,D611,2003,116627.0
IT,D611,2004,121221.0
IT,D611,2005,124363.0
IT,D611,2006,125975.0
IT,D611,2007,137606.0
IT,D611,2008,141380.0
IT,D611,2009,142792.0
IT,D611,2010,144316.0
IT,D611,2011,145588.0
IT,D611,2012,143340.0
IT,D611,2013,141645.0
IT,D611,2014,141173.0
IT,D611,2015,143303.0
IT,D611,2016,144199.0
IT,D611,2017,147622.0
IT,D611,2018,153712.0
IT,D611,2019,158442.0
IT,D611,2020,150246.0
IT,D611,2021,162110.0
IT,D611,2022,170790.0
IT,D611,2023,179736.0
IT,D611,2024,189097.0
IT,D611,2025,196845.0
IT,D613,1995,42721.0
IT,D613,1996,44335.0
IT,D613,1997,45385.0
IT,D613,1998,38489.0
IT,D613,1999,41116.0
IT,D613,2000,41886.0
IT,D613,2001,44701.0
IT,D613,2002,47626.0
IT,D613,2003,48246.0
IT,D613,2004,51849.0
IT,D613,2005,54222.0
IT,D613,2006,54895.0
IT,D613,2007,61672.0
IT,D613,2008,67708.0
IT,D613,2009,65321.0
IT,D613,2010,65313.0
IT,D613,2011,66605.0
IT,D613,2012,68351.0
IT,D613,2013,69505.0
IT,D613,2014,69154.0
IT,D613,2015,71751.0
IT,D613,2016,72562.0
IT,D613,2017,74184.0
IT,D613,2018,76414.0
IT,D613,2019,79342.0
IT,D613,2020,75809.0
IT,D613,2021,80802.0
IT,D613,2022,85212.0
IT,D613,2023,84150.0
IT,D613,2024,84744.0
IT,D613,2025,104578.0
IT,ODB,1995,382263.0
IT,ODB,1996,422032.0
IT,ODB,1997,458973.0
IT,ODB,1998,464256.0
IT,ODB,1999,480514.0
IT,ODB,2000,494069.0
IT,ODB,2001,518517.0
IT,ODB,2002,532837.0
IT,ODB,2003,553502.0
IT,ODB,2004,567542.0
IT,ODB,2005,581313.0
IT,ODB,2006,621645.0
IT,ODB,2007,667603.0
IT,ODB,2008,674164.0
IT,ODB,2009,659227.0
IT,ODB,2010,667739.0
IT,ODB,2011,681651.0
IT,ODB,2012,702864.0
IT,ODB,2013,700497.0
IT,ODB,2014,703391.0
IT,ODB,2015,713718.0
IT,ODB,2016,717698.0
IT,ODB,2017,729686.0
IT,ODB,2018,739894.0
IT,ODB,2019,761889.0
IT,ODB,2020,712233.0
IT,ODB,2021,778475.0
IT,ODB,2022,833028.0
IT,ODB,2023,882898.0
IT,ODB,2024,931800.0
IT,ODB,2025,971321.0
IT,ODC,1995,398119.0
IT,ODC,1996,426213.0
IT,ODC,1997,462915.0
IT,ODC,1998,468267.0
IT,ODC,1999,484323.0
IT,ODC,2000,498109.0
IT,ODC,2001,522580.0
IT,ODC,2002,536717.0
IT,ODC,2003,557362.0
IT,ODC,2004,571185.0
IT,ODC,2005,584784.0
IT,ODC,2006,625194.0
IT,ODC,2007,671492.0
IT,ODC,2008,678097.0
IT,ODC,2009,663269.0
IT,ODC,2010,671828.0
IT,ODC,2011,685865.0
IT,ODC,2012,707079.0
IT,ODC,2013,704741.0
IT,ODC,2014,707493.0
IT,ODC,2015,717835.0
IT,ODC,2016,721689.0
IT,ODC,2017,733872.0
IT,ODC,2018,743910.0
IT,ODC,2019,766125.0
IT,ODC,2020,716515.0
IT,ODC,2021,783140.0
IT,ODC,2022,837289.0
IT,ODC,2023,887192.0
IT,ODC,2024,936099.0
IT,ODC,2025,975774.0
CY,D2,1995,874.992468561858
CY,D2,1996,885.5709159651967
CY,D2,1997,862.5644403314951
CY,D2,1998,972.7733336712488
CY,D2,1999,1005.4978936506104
CY,D2,2000,1259.0384237009282
CY,D2,2001,1404.3952331304058
CY,D2,2002,1477.2686372379264
CY,D2,2003,1879.0589574290793
CY,D2,2004,2138.766521334433
CY,D2,2005,2314.691662930105
CY,D2,2006,2582.734722660658
CY,D2,2007,3091.9960475643807
CY,D2,2008,3219.3759914009997
CY,D2,2009,2732.874914781855
CY,D2,2010,2843.3931853026043
CY,D2,2011,2775.031177678496
CY,D2,2012,2785.289273882259
CY,D2,2013,2545.4678632846676
CY,D2,2014,2676.667342797826
CY,D2,2015,2745.6881170212296
CY,D2,2016,2881.7305983906517
CY,D2,2017,3087.7628769999997
CY,D2,2018,3326.7482680000007
CY,D2,2019,3446.668324
CY,D2,2020,2996.6202250000006
CY,D2,2021,3505.3997224999994
CY,D2,2022,4125.0046835
CY,D2,2023,4528.5385595
CY,D2,2024,4742.9
CY,D21,1995,735.1
CY,D21,1996,741.2
CY,D21,1997,711.7
CY,D21,1998,741.6
CY,D21,1999,784.1999999999999
CY,D21,2000,1075.2
CY,D21,2001,1223.0
CY,D21,2002,1288.2
CY,D21,2003,1589.1000000000004
CY,D21,2004,1808.1
CY,D21,2005,1971.4999999999995
CY,D21,2006,2145.3
CY,D21,2007,2464.7
CY,D21,2008,2664.1
CY,D21,2009,2293.8999999999996
CY,D21,2010,2368.3999999999996
CY,D21,2011,2300.0
CY,D21,2012,2301.1
CY,D21,2013,2100.8
CY,D21,2014,2241.0
CY,D21,2015,2310.1
CY,D21,2016,2472.2
CY,D21,2017,2632.2999999999997
CY,D21,2018,2849.7490000000007
CY,D21,2019,2926.1000000000004
CY,D21,2020,2495.5000000000005
CY,D21,2021,2955.0999999999995
CY,D21,2022,3471.3633
CY,D21,2023,3816.49169
CY,D21,2024,4052.0
CY,D211,1995,327.8
CY,D211,1996,338.3
CY,D211,1997,352.7
CY,D211,1998,386.0
CY,D211,1999,403.4
CY,D211,2000,532.2
CY,D211,2001,606.1
CY,D211,2002,723.2
CY,D211,2003,912.3000000000001
CY,D211,2004,1047.3
CY,D211,2005,1223.9999999999998
CY,D211,2006,1395.9
CY,D211,2007,1620.3999999999999
CY,D211,2008,1816.2
CY,D211,2009,1545.6
CY,D211,2010,1597.4
CY,D211,2011,1516.9
CY,D211,2012,1577.5
CY,D211,2013,1403.0
CY,D211,2014,1512.0
CY,D211,2015,1505.8
CY,D211,2016,1653.8999999999996
CY,D211,2017,1720.2999999999997
CY,D211,2018,1955.1490000000006
CY,D211,2019,2065.5
CY,D211,2020,1786.0000000000005
CY,D211,2021,2181.7999999999997
CY,D211,2022,2705.6633
CY,D211,2023,2978.79169
CY,D211,2024,3169.6
CY,D214,1995,130.1
CY,D214,1996,138.90000000000003
CY,D214,1997,140.99999999999997
CY,D214,1998,165.6
CY,D214,1999,182.4
CY,D214,2000,308.49999999999994
CY,D214,2001,357.3
CY,D214,2002,311.40000000000003
CY,D214,2003,448.3000000000001
CY,D214,2004,559.8
CY,D214,2005,591.1999999999999
CY,D214,2006,600.6999999999999
CY,D214,2007,650.9000000000001
CY,D214,2008,648.4
CY,D214,2009,610.3
CY,D214,2010,667.8999999999999
CY,D214,2011,698.4
CY,D214,2012,663.8
CY,D214,2013,660.0000000000001
CY,D214,2014,693.1
CY,D214,2015,764.9
CY,D214,2016,778.7
CY,D214,2017,861.5
CY,D214,2018,843.8000000000001
CY,D214,2019,808.1000000000001
CY,D214,2020,674.9000000000002
CY,D214,2021,730.5999999999999
CY,D214,2022,708.7
CY,D214,2023,771.3999999999999
CY,D214,2024,816.2000000000002
CY,D29,1995,139.89246856185795
CY,D29,1996,144.3709159651967
CY,D29,1997,150.8644403314951
CY,D29,1998,231.17333367124883
CY,D29,1999,221.29789365061043
CY,D29,2000,183.83842370092808
CY,D29,2001,181.3952331304058
CY,D29,2002,189.0686372379264
CY,D29,2003,289.95895742907896
CY,D29,2004,330.6665213344332
CY,D29,2005,343.1916629301052
CY,D29,2006,437.4347226606577
CY,D29,2007,627.2960475643808
CY,D29,2008,555.2759914009998
CY,D29,2009,438.9749147818551
CY,D29,2010,474.9931853026046
CY,D29,2011,475.031177678496
CY,D29,2012,484.18927388225893
CY,D29,2013,444.6678632846676
CY,D29,2014,435.6673427978264
CY,D29,2015,435.5881170212297
CY,D29,2016,409.53059839065213
CY,D29,2017,455.462877
CY,D29,2018,476.999268
CY,D29,2019,520.568324
CY,D29,2020,501.120225
CY,D29,2021,550.2997225
CY,D29,2022,653.6413835
CY,D29,2023,712.0468695
CY,D29,2024,690.9
CY,D5,1995,602.6
CY,D5,1996,606.1
CY,D5,1997,647.3000000000001
CY,D5,1998,765.7
CY,D5,1999,908.3999999999999
CY,D5,2000,1023.6999999999998
CY,D5,2001,1115.6
CY,D5,2002,1155.1999999999998
CY,D5,2003,1039.3
CY,D5,2004,930.3999999999999
CY,D5,2005,1150.2
CY,D5,2006,1470.3999999999999
CY,D5,2007,2077.6
CY,D5,2008,2104.0
CY,D5,2009,1791.0
CY,D5,2010,1819.5
CY,D5,2011,1998.3000000000002
CY,D5,2012,1924.3000000000002
CY,D5,2013,1874.0
CY,D5,2014,1811.9999999999998
CY,D5,2015,1765.1
CY,D5,2016,1758.9999999999998
CY,D5,2017,1930.6000000000001
CY,D5,2018,2056.2999999999997
CY,D5,2019,2152.4
CY,D5,2020,2100.599777339
CY,D5,2021,2489.6
CY,D5,2022,2924.1793899999993
CY,D5,2023,3264.9021999999995
CY,D5,2024,3804.7999999999993
CY,D51,1995,573.5
CY,D51,1996,576.4
CY,D51,1997,611.1
CY,D51,1998,726.0
CY,D51,1999,866.3999999999999
CY,D51,2000,978.8999999999999
CY,D51,2001,1068.0
CY,D51,2002,1107.1
CY,D51,2003,984.5999999999999
CY,D51,2004,870.0999999999999
CY,D51,2005,1087.8
CY,D51,2006,1406.1
CY,D51,2007,2009.5
CY,D51,2008,2031.8
CY,D51,2009,1717.4
CY,D51,2010,1742.7
CY,D51,2011,1921.9
CY,D51,2012,1836.0000000000002
CY,D51,2013,1711.4
CY,D51,2014,1635.6999999999998
CY,D51,2015,1589.4999999999998
CY,D51,2016,1633.8999999999999
CY,D51,2017,1833.3000000000002
CY,D51,2018,1962.6
CY,D51,2019,2061.1
CY,D51,2020,2014.199777339
CY,D51,2021,2403.5
CY,D51,2022,2836.879389999999
CY,D51,2023,3176.2021999999997
CY,D51,2024,3715.0999999999995
CY,D51A,1995,266.5
CY,D51A,1996,222.10000000000002
CY,D51A,1997,243.50000000000003
CY,D51A,1998,279.5
CY,D51A,1999,291.29999999999995
CY,D51A,2000,277.3
CY,D51A,2001,338.20000000000005
CY,D51A,2002,383.09999999999997
CY,D51A,2003,398.7
CY,D51A,2004,305.5999999999999
CY,D51A,2005,361.0
CY,D51A,2006,412.79999999999995
CY,D51A,2007,460.20000000000005
CY,D51A,2008,506.3
CY,D51A,2009,544.0
CY,D51A,2010,578.5
CY,D51A,2011,618.6
CY,D51A,2012,632.4
CY,D51A,2013,479.20000000000005
CY,D51A,2014,430.6
CY,D51A,2015,441.29999999999995
CY,D51A,2016,454.99999999999994
CY,D51A,2017,508.5
CY,D51A,2018,576.0
CY,D51A,2019,621.2
CY,D51A,2020,650.5
CY,D51A,2021,718.4999999999999
CY,D51A,2022,815.3999999999999
CY,D51A,2023,974.2
CY,D51A,2024,1094.8999999999999
CY,D51B,1995,284.1
CY,D51B,1996,328.2
CY,D51B,1997,341.79999999999995
CY,D51B,1998,413.09999999999997
CY,D51B,1999,538.8
CY,D51B,2000,609.5999999999999
CY,D51B,2001,659.8
CY,D51B,2002,658.3999999999999
CY,D51B,2003,506.09999999999997
CY,D51B,2004,468.1
CY,D51B,2005,624.8
CY,D51B,2006,790.0
CY,D51B,2007,1074.5
CY,D51B,2008,1217.8
CY,D51B,2009,1095.9
CY,D51B,2010,1075.0
CY,D51B,2011,1228.1
CY,D51B,2012,1114.1000000000001
CY,D51B,2013,1171.4
CY,D51B,2014,1112.1
CY,D51B,2015,1045.6
CY,D51B,2016,1046.5
CY,D51B,2017,1180.4
CY,D51B,2018,1254.1999999999998
CY,D51B,2019,1304.1999999999998
CY,D51B,2020,1263.19630412
CY,D51B,2021,1554.0
CY,D51B,2022,1834.5793899999999
CY,D51B,2023,1972.6022
CY,D51B,2024,2398.0
CY,D59,1995,29.1
CY,D59,1996,29.700000000000003
CY,D59,1997,36.199999999999996
CY,D59,1998,39.699999999999996
CY,D59,1999,42.0
CY,D59,2000,44.800000000000004
CY,D59,2001,47.599999999999994
CY,D59,2002,48.1
CY,D59,2003,54.7
CY,D59,2004,60.3
CY,D59,2005,62.4
CY,D59,2006,64.30000000000001
CY,D59,2007,68.1
CY,D59,2008,72.2
CY,D59,2009,73.6
CY,D59,2010,76.8
CY,D59,2011,76.4
CY,D59,2012,88.3
CY,D59,2013,162.6
CY,D59,2014,176.3
CY,D59,2015,175.60000000000002
CY,D59,2016,125.1
CY,D59,2017,97.29999999999998
CY,D59,2018,93.69999999999999
CY,D59,2019,91.3
CY,D59,2020,86.40000000000002
CY,D59,2021,86.1
CY,D59,2022,87.3
CY,D59,2023,88.7
CY,D59,2024,89.69999999999999
CY,D91,1995,7.9
CY,D91,1996,5.3
CY,D91,1997,3.8
CY,D91,1998,5.9
CY,D91,1999,4.4
CY,D91,2000,7.0
CY,D91,2001,5.4
CY,D91,2002,3.1
CY,D91,2003,7.7
CY,D91,2004,87.30000000000001
CY,D91,2005,123.89999999999999
CY,D91,2006,0.9
CY,D91,2007,3.4
CY,D91,2008,1.2
CY,D91,2009,1.5
CY,D91,2010,0.5
CY,D91,2011,0.8
CY,D91,2012,2.4
CY,D91,2013,0.4
CY,D91,2014,0.2
CY,D91,2015,0.5
CY,D91,2016,0.1
CY,D91,2017,0.2
CY,D91,2018,0.8
CY,D91,2019,0.4
CY,D91,2020,0.2
CY,D91,2021,0.6
CY,D91,2022,0.5
CY,D91,2023,0.0
CY,D91,2024,0.1
CY,ODA,1995,1485.492468561858
CY,ODA,1996,1496.9709159651968
CY,ODA,1997,1513.6644403314951
CY,ODA,1998,1744.373333671249
CY,ODA,1999,1918.2978936506104
CY,ODA,2000,2289.7384237009283
CY,ODA,2001,2525.395233130406
CY,ODA,2002,2635.5686372379264
CY,ODA,2003,2926.058957429079
CY,ODA,2004,3156.4665213344333
CY,ODA,2005,3588.791662930105
CY,ODA,2006,4054.0347226606577
CY,ODA,2007,5172.99604756438
CY,ODA,2008,5324.575991401
CY,ODA,2009,4525.374914781854
CY,ODA,2010,4663.393185302604
CY,ODA,2011,4774.131177678496
CY,ODA,2012,4711.989273882258
CY,ODA,2013,4419.867863284668
CY,ODA,2014,4488.867342797826
CY,ODA,2015,4511.2881170212295
CY,ODA,2016,4640.830598390652
CY,ODA,2017,5018.562876999999
CY,ODA,2018,5383.848268000001
CY,ODA,2019,5599.4683239999995
CY,ODA,2020,5097.420002339
CY,ODA,2021,5995.599722499999
CY,ODA,2022,7049.6840735
CY,ODA,2023,7793.440759499999
CY,ODA,2024,8547.8
CY,D61,1995,562.8
CY,D61,1996,603.3000000000001
CY,D61,1997,648.9
CY,D61,1998,715.4
CY,D61,1999,751.8000000000001
CY,D61,2000,826.2
CY,D61,2001,893.4
CY,D61,2002,931.3
CY,D61,2003,1069.9
CY,D61,2004,1236.3
CY,D61,2005,1373.3999999999999
CY,D61,2006,1418.1
CY,D61,2007,1529.4
CY,D61,2008,1655.6000000000001
CY,D61,2009,1851.1
CY,D61,2010,1923.9
CY,D61,2011,1974.2
CY,D61,2012,1991.0
CY,D61,2013,1882.7
CY,D61,2014,1855.6000000000001
CY,D61,2015,1888.4
CY,D61,2016,1915.8
CY,D61,2017,2082.1
CY,D61,2018,2227.3
CY,D61,2019,2779.3999999999996
CY,D61,2020,2840.9
CY,D61,2021,3154.6000000000004
CY,D61,2022,3519.8
CY,D61,2023,4380.5
CY,D61,2024,4520.0
CY,D611,1995,304.9
CY,D611,1996,329.1
CY,D611,1997,353.9
CY,D611,1998,388.9
CY,D611,1999,404.1
CY,D611,2000,435.5
CY,D611,2001,482.2
CY,D611,2002,494.0
CY,D611,2003,553.6
CY,D611,2004,668.7
CY,D611,2005,789.1
CY,D611,2006,792.5
CY,D611,2007,811.0
CY,D611,2008,910.1
CY,D611,2009,994.1
CY,D611,2010,1053.9
CY,D611,2011,1063.3
CY,D611,2012,1025.5
CY,D611,2013,925.0
CY,D611,2014,980.9
CY,D611,2015,1006.9
CY,D611,2016,1047.6
CY,D611,2017,1161.1
CY,D611,2018,1254.0
CY,D611,2019,1544.1999999999998
CY,D611,2020,1515.0
CY,D611,2021,1704.0
CY,D611,2022,1937.6
CY,D611,2023,2218.5
CY,D611,2024,2513.9999999999995
CY,D613,1995,159.79999999999998
CY,D613,1996,165.20000000000002
CY,D613,1997,173.9
CY,D613,1998,191.89999999999998
CY,D613,1999,196.60000000000002
CY,D613,2000,211.10000000000002
CY,D613,2001,238.0
CY,D613,2002,241.89999999999998
CY,D613,2003,267.5
CY,D613,2004,303.7
CY,D613,2005,321.59999999999997
CY,D613,2006,335.9
CY,D613,2007,383.7
CY,D613,2008,422.40000000000003
CY,D613,2009,470.1
CY,D613,2010,498.4
CY,D613,2011,502.7
CY,D613,2012,484.9
CY,D613,2013,437.3
CY,D613,2014,463.70000000000005
CY,D613,2015,476.0
CY,D613,2016,495.3
CY,D613,2017,548.9
CY,D613,2018,592.9
CY,D613,2019,833.9
CY,D613,2020,896.5
CY,D613,2021,1041.2
CY,D613,2022,1184.4
CY,D613,2023,1731.6999999999998
CY,D613,2024,1562.0
CY,ODB,1995,1950.1924685618578
CY,ODB,1996,1991.2709159651968
CY,ODB,1997,2041.464440331495
CY,ODB,1998,2325.1733336712487
CY,ODB,1999,2518.9978936506104
CY,ODB,2000,2936.338423700928
CY,ODB,2001,3245.595233130406
CY,ODB,2002,3371.4686372379265
CY,ODB,2003,3747.1589574290792
CY,ODB,2004,4128.866521334433
CY,ODB,2005,4699.491662930104
CY,ODB,2006,5182.434722660658
CY,ODB,2007,6367.69604756438
CY,ODB,2008,6657.075991401
CY,ODB,2009,5989.574914781854
CY,ODB,2010,6215.693185302604
CY,ODB,2011,6340.131177678496
CY,ODB,2012,6222.389273882258
CY,ODB,2013,5782.167863284668
CY,ODB,2014,5933.467342797826
CY,ODB,2015,5994.188117021229
CY,ODB,2016,6183.730598390652
CY,ODB,2017,6728.562876999999
CY,ODB,2018,7230.748268000001
CY,ODB,2019,7977.568323999999
CY,ODB,2020,7508.920002339
CY,ODB,2021,8740.7997225
CY,ODB,2022,10171.6840735
CY,ODB,2023,11743.640759499998
CY,ODB,2024,12623.8
CY,ODC,1995,2048.292468561858
CY,ODC,1996,2100.2709159651968
CY,ODC,1997,2162.564440331495
CY,ODC,1998,2459.773333671249
CY,ODC,1999,2670.0978936506103
CY,ODC,2000,3115.938423700928
CY,ODC,2001,3418.795233130406
CY,ODC,2002,3566.868637237926
CY,ODC,2003,3995.958957429079
CY,ODC,2004,4392.7665213344335
CY,ODC,2005,4962.191662930105
CY,ODC,2006,5472.134722660658
CY,ODC,2007,6702.39604756438
CY,ODC,2008,6980.175991401
CY,ODC,2009,6376.474914781855
CY,ODC,2010,6587.293185302604
CY,ODC,2011,6748.331177678496
CY,ODC,2012,6702.989273882258
CY,ODC,2013,6302.5678632846675
CY,ODC,2014,6344.467342797826
CY,ODC,2015,6399.688117021229
CY,ODC,2016,6556.630598390652
CY,ODC,2017,7100.662876999999
CY,ODC,2018,7611.148268000001
CY,ODC,2019,8378.868324
CY,ODC,2020,7938.320002339
CY,ODC,2021,9150.1997225
CY,ODC,2022,10569.4840735
CY,ODC,2023,12173.9407595
CY,ODC,2024,13067.8
LV,D2,1995,527.58
LV,D2,1996,585.088
LV,D2,1997,722.6919999999999
LV,D2,1998,855.287
LV,D2,1999,838.096
LV,D2,2000,845.903
LV,D2,2001,889.768
LV,D2,2002,940.954
LV,D2,2003,1133.044
LV,D2,2004,1304.589
LV,D2,2005,1702.663
LV,D2,2006,2188.2850000000003
LV,D2,2007,2748.8670000000006
LV,D2,2008,2686.3379999999997
LV,D2,2009,2147.051
LV,D2,2010,2236.9300000000003
LV,D2,2011,2539.6950000000006
LV,D2,2012,2823.321999999999
LV,D2,2013,3019.3859999999995
LV,D2,2014,3232.577
LV,D2,2015,3408.4300000000003
LV,D2,2016,3666.4349999999995
LV,D2,2017,3870.249
LV,D2,2018,4282.787
LV,D2,2019,4444.005
LV,D2,2020,4338.244999999999
LV,D2,2021,4714.133
LV,D2,2022,5455.258000000001
LV,D2,2023,5637.478999999999
LV,D2,2024,5913.0289999999995
LV,D21,1995,457.074
LV,D21,1996,522.3340000000001
LV,D21,1997,619.601
LV,D21,1998,731.073
LV,D21,1999,708.092
LV,D21,2000,751.157
LV,D21,2001,773.7040000000001
LV,D21,2002,851.7009999999999
LV,D21,2003,1022.075
LV,D21,2004,1189.915
LV,D21,2005,1574.9230000000002
LV,D21,2006,2048.444
LV,D21,2007,2574.168
LV,D21,2008,2516.531
LV,D21,2009,1985.3490000000002
LV,D21,2010,2042.7220000000002
LV,D21,2011,2289.8410000000003
LV,D21,2012,2543.0449999999996
LV,D21,2013,2737.522
LV,D21,2014,2888.152
LV,D21,2015,3055.7340000000004
LV,D21,2016,3288.1839999999997
LV,D21,2017,3478.855
LV,D21,2018,3918.1559999999995
LV,D21,2019,4034.204
LV,D21,2020,3928.538
LV,D21,2021,4286.815
LV,D21,2022,5010.919
LV,D21,2023,5154.864
LV,D21,2024,5321.786
LV,D211,1995,342.737
LV,D211,1996,367.388
LV,D211,1997,413.465
LV,D211,1998,452.708
LV,D211,1999,447.054
LV,D211,2000,476.258
LV,D211,2001,499.185
LV,D211,2002,546.27
LV,D211,2003,656.147
LV,D211,2004,737.712
LV,D211,2005,1001.677
LV,D211,2006,1360.689
LV,D211,2007,1726.574
LV,D211,2008,1549.3899999999999
LV,D211,2009,1125.595
LV,D211,2010,1212.451
LV,D211,2011,1385.087
LV,D211,2012,1582.251
LV,D211,2013,1704.4869999999999
LV,D211,2014,1804.943
LV,D211,2015,1893.3980000000001
LV,D211,2016,2045.901
LV,D211,2017,2180.487
LV,D211,2018,2468.029
LV,D211,2019,2652.471
LV,D211,2020,2568.485
LV,D211,2021,2898.6279999999997
LV,D211,2022,3652.741
LV,D211,2023,3771.986
LV,D211,2024,3845.034
LV,D214,1995,89.659
LV,D214,1996,129.636
LV,D214,1997,175.98700000000002
LV,D214,1998,251.17000000000002
LV,D214,1999,238.19900000000004
LV,D214,2000,254.388
LV,D214,2001,252.692
LV,D214,2002,283.96299999999997
LV,D214,2003,339.208
LV,D214,2004,427.805
LV,D214,2005,544.793
LV,D214,2006,653.149
LV,D214,2007,780.672
LV,D214,2008,898.28
LV,D214,2009,812.3359999999999
LV,D214,2010,791.5749999999999
LV,D214,2011,872.3670000000002
LV,D214,2012,928.0179999999998
LV,D214,2013,1003.792
LV,D214,2014,1045.6
LV,D214,2015,1119.4859999999999
LV,D214,2016,1197.9250000000002
LV,D214,2017,1247.9099999999999
LV,D214,2018,1391.84
LV,D214,2019,1329.6789999999999
LV,D214,2020,1311.244
LV,D214,2021,1315.491
LV,D214,2022,1266.5210000000002
LV,D214,2023,1323.988
LV,D214,2024,1412.5809999999997
LV,D29,1995,70.506
LV,D29,1996,62.754
LV,D29,1997,103.09100000000001
LV,D29,1998,124.214
LV,D29,1999,130.00400000000002
LV,D29,2000,94.74600000000001
LV,D29,2001,116.06400000000001
LV,D29,2002,89.253
LV,D29,2003,110.969
LV,D29,2004,114.67399999999999
LV,D29,2005,127.74
LV,D29,2006,139.841
LV,D29,2007,174.699
LV,D29,2008,169.80700000000002
LV,D29,2009,161.702
LV,D29,2010,194.208
LV,D29,2011,249.854
LV,D29,2012,280.27700000000004
LV,D29,2013,281.86400000000003
LV,D29,2014,344.425
LV,D29,2015,352.696
LV,D29,2016,378.25100000000003
LV,D29,2017,391.39399999999995
LV,D29,2018,364.63100000000003
LV,D29,2019,409.801
LV,D29,2020,409.70700000000005
LV,D29,2021,427.31800000000004
LV,D29,2022,444.33900000000006
LV,D29,2023,482.61499999999995
LV,D29,2024,591.2429999999999
LV,D5,1995,265.03999999999996
LV,D5,1996,310.217
LV,D5,1997,390.006
LV,D5,1998,450.881
LV,D5,1999,465.262
LV,D5,2000,492.10200000000003
LV,D5,2001,561.064
LV,D5,2002,638.9590000000001
LV,D5,2003,687.885
LV,D5,2004,836.0409999999999
LV,D5,2005,1017.931
LV,D5,2006,1350.482
LV,D5,2007,1872.703
LV,D5,2008,2204.8289999999997
LV,D5,2009,1321.5369999999998
LV,D5,2010,1326.559
LV,D5,2011,1464.209
LV,D5,2012,1657.0120000000002
LV,D5,2013,1738.306
LV,D5,2014,1811.492
LV,D5,2015,1887.8609999999999
LV,D5,2016,2066.778
LV,D5,2017,2265.901
LV,D5,2018,1968.062
LV,D5,2019,2223.402
LV,D5,2020,2130.9390000000003
LV,D5,2021,2418.799
LV,D5,2022,2752.9219999999996
LV,D5,2023,3138.1989999999996
LV,D5,2024,3733.2
LV,D51,1995,265.03999999999996
LV,D51,1996,310.217
LV,D51,1997,390.006
LV,D51,1998,450.881
LV,D51,1999,465.262
LV,D51,2000,480.463
LV,D51,2001,548.739
LV,D51,2002,621.9929999999999
LV,D51,2003,667.944
LV,D51,2004,814.0889999999999
LV,D51,2005,991.568
LV,D51,2006,1321.209
LV,D51,2007,1856.73
LV,D51,2008,2185.56
LV,D51,2009,1302.177
LV,D51,2010,1291.778
LV,D51,2011,1421.281
LV,D51,2012,1612.112
LV,D51,2013,1689.581
LV,D51,2014,1760.996
LV,D51,2015,1833.2069999999999
LV,D51,2016,2011.421
LV,D51,2017,2204.4880000000003
LV,D51,2018,1904.9229999999998
LV,D51,2019,2158.542
LV,D51,2020,2063.593
LV,D51,2021,2349.3140000000003
LV,D51,2022,2681.7649999999994
LV,D51,2023,3066.337
LV,D51,2024,3660.842
LV,D51A,1995,197.392
LV,D51A,1996,228.701
LV,D51A,1997,278.118
LV,D51A,1998,320.905
LV,D51A,1999,341.7
LV,D51A,2000,375.568
LV,D51A,2001,408.704
LV,D51A,2002,458.00399999999996
LV,D51A,2003,529.764
LV,D51A,2004,628.9590000000001
LV,D51A,2005,733.798
LV,D51A,2006,957.993
LV,D51A,2007,1286.529
LV,D51A,2008,1458.705
LV,D51A,2009,1010.2149999999999
LV,D51A,2010,1116.287
LV,D51A,2011,1136.713
LV,D51A,2012,1258.28
LV,D51A,2013,1319.8419999999999
LV,D51A,2014,1397.3090000000002
LV,D51A,2015,1444.5849999999998
LV,D51A,2016,1587.203
LV,D51A,2017,1777.105
LV,D51A,2018,1741.532
LV,D51A,2019,1978.184
LV,D51A,2020,1803.873
LV,D51A,2021,2009.632
LV,D51A,2022,2268.9359999999997
LV,D51A,2023,2524.453
LV,D51A,2024,2869.775
LV,D51B,1995,67.648
LV,D51B,1996,81.516
LV,D51B,1997,111.888
LV,D51B,1998,129.976
LV,D51B,1999,123.562
LV,D51B,2000,104.895
LV,D51B,2001,140.035
LV,D51B,2002,163.989
LV,D51B,2003,138.18
LV,D51B,2004,185.13
LV,D51B,2005,257.77
LV,D51B,2006,363.216
LV,D51B,2007,570.201
LV,D51B,2008,726.855
LV,D51B,2009,291.962
LV,D51B,2010,175.491
LV,D51B,2011,284.568
LV,D51B,2012,353.832
LV,D51B,2013,369.739
LV,D51B,2014,363.687
LV,D51B,2015,388.622
LV,D51B,2016,424.218
LV,D51B,2017,427.383
LV,D51B,2018,163.391
LV,D51B,2019,180.358
LV,D51B,2020,259.72
LV,D51B,2021,339.6820000000001
LV,D51B,2022,412.829
LV,D51B,2023,541.884
LV,D51B,2024,791.067
LV,D59,2000,11.639
LV,D59,2001,12.325
LV,D59,2002,16.966
LV,D59,2003,19.941
LV,D59,2004,21.952
LV,D59,2005,26.363
LV,D59,2006,29.273
LV,D59,2007,15.973
LV,D59,2008,19.269000000000002
LV,D59,2009,19.360000000000003
LV,D59,2010,34.781000000000006
LV,D59,2011,42.928
LV,D59,2012,44.900000000000006
LV,D59,2013,48.72500000000001
LV,D59,2014,50.495999999999995
LV,D59,2015,54.654
LV,D59,2016,55.357
LV,D59,2017,61.413
LV,D59,2018,63.138999999999996
LV,D59,2019,64.86
LV,D59,2020,67.346
LV,D59,2021,69.485
LV,D59,2022,71.157
LV,D59,2023,71.862
LV,D59,2024,72.35799999999999
LV,D91,2003,0.037
LV,D91,2004,0.056
LV,D91,2005,0.096
LV,D91,2006,0.166
LV,D91,2007,3.4859999999999998
LV,D91,2008,4.328
LV,D91,2009,4.176
LV,D91,2010,3.409
LV,D91,2011,3.752
LV,D91,2012,4.07
LV,D91,2013,4.888999999999999
LV,D91,2014,6.726000000000001
LV,D91,2015,10.241999999999999
LV,D91,2016,10.881999999999998
LV,D91,2017,10.997
LV,D91,2018,13.376999999999999
LV,D91,2019,15.671999999999999
LV,D91,2020,14.787
LV,D91,2021,20.130000000000003
LV,D91,2022,17.267
LV,D91,2023,14.437
LV,D91,2024,15.294
LV,ODA,1995,792.62
LV,ODA,1996,895.305
LV,ODA,1997,1112.6979999999999
LV,ODA,1998,1306.1680000000001
LV,ODA,1999,1303.3580000000002
LV,ODA,2000,1338.005
LV,ODA,2001,1450.832
LV,ODA,2002,1579.9129999999998
LV,ODA,2003,1820.9660000000001
LV,ODA,2004,2140.6859999999997
LV,ODA,2005,2720.69
LV,ODA,2006,3538.9330000000004
LV,ODA,2007,4625.0560000000005
LV,ODA,2008,4895.495
LV,ODA,2009,3472.764
LV,ODA,2010,3566.898
LV,ODA,2011,4007.6560000000004
LV,ODA,2012,4484.4039999999995
LV,ODA,2013,4762.580999999999
LV,ODA,2014,5050.794999999999
LV,ODA,2015,5306.533
LV,ODA,2016,5744.094999999999
LV,ODA,2017,6147.146999999999
LV,ODA,2018,6264.226
LV,ODA,2019,6683.078999999999
LV,ODA,2020,6483.9710000000005
LV,ODA,2021,7153.062
LV,ODA,2022,8225.447
LV,ODA,2023,8790.115
LV,ODA,2024,9661.523
LV,D61,1995,447.12899999999996
LV,D61,1996,483.937
LV,D61,1997,552.127
LV,D61,1998,610.82
LV,D61,1999,662.049
LV,D61,2000,681.725
LV,D61,2001,691.8420000000001
LV,D61,2002,773.011
LV,D61,2003,823.41
LV,D61,2004,935.7860000000001
LV,D61,2005,1105.888
LV,D61,2006,1416.2259999999999
LV,D61,2007,1824.873
LV,D61,2008,2037.4130000000002
LV,D61,2009,1806.2039999999997
LV,D61,2010,1590.474
LV,D61,2011,1796.806
LV,D61,2012,1948.499
LV,D61,2013,1992.664
LV,D61,2014,2054.533
LV,D61,2015,2111.4559999999997
LV,D61,2016,2155.335
LV,D61,2017,2357.416
LV,D61,2018,2766.6789999999996
LV,D61,2019,3059.6610000000005
LV,D61,2020,3134.63
LV,D61,2021,3334.667
LV,D61,2022,3777.619
LV,D61,2023,4261.882
LV,D61,2024,4668.86
LV,D611,1995,433.679
LV,D611,1996,442.551
LV,D611,1997,415.448
LV,D611,1998,464.146
LV,D611,1999,490.447
LV,D611,2000,502.854
LV,D611,2001,506.54600000000005
LV,D611,2002,564.083
LV,D611,2003,585.705
LV,D611,2004,665.691
LV,D611,2005,782.846
LV,D611,2006,999.055
LV,D611,2007,1285.151
LV,D611,2008,1404.957
LV,D611,2009,1262.566
LV,D611,2010,1158.53
LV,D611,2011,1238.369
LV,D611,2012,1331.148
LV,D611,2013,1397.216
LV,D611,2014,1377.306
LV,D611,2015,1434.559
LV,D611,2016,1515.553
LV,D611,2017,1610.735
LV,D611,2018,1865.0839999999998
LV,D611,2019,2047.558
LV,D611,2020,2077.816
LV,D611,2021,2221.639
LV,D611,2022,2475.207
LV,D611,2023,2789.275
LV,D611,2024,3024.62
LV,D613,1995,11.654
LV,D613,1996,39.881
LV,D613,1997,134.007
LV,D613,1998,144.181
LV,D613,1999,156.436
LV,D613,2000,166.414
LV,D613,2001,174.618
LV,D613,2002,194.639
LV,D613,2003,219.45299999999997
LV,D613,2004,251.017
LV,D613,2005,295.847
LV,D613,2006,377.887
LV,D613,2007,488.587
LV,D613,2008,533.2470000000001
LV,D613,2009,479.225
LV,D613,2010,394.952
LV,D613,2011,526.278
LV,D613,2012,571.695
LV,D613,2013,536.048
LV,D613,2014,605.139
LV,D613,2015,595.5509999999999
LV,D613,2016,551.569
LV,D613,2017,648.806
LV,D613,2018,793.4839999999999
LV,D613,2019,863.539
LV,D613,2020,923.0730000000001
LV,D613,2021,971.04
LV,D613,2022,1135.116
LV,D613,2023,1282.6169999999997
LV,D613,2024,1395.9769999999996
LV,ODB,1995,1237.953
LV,ODB,1996,1377.7369999999999
LV,ODB,1997,1662.1529999999998
LV,ODB,1998,1914.495
LV,ODB,1999,1950.241
LV,ODB,2000,2007.2730000000001
LV,ODB,2001,2131.996
LV,ODB,2002,2338.6349999999998
LV,ODB,2003,2626.1240000000003
LV,ODB,2004,3057.394
LV,ODB,2005,3799.3830000000003
LV,ODB,2006,4915.875
LV,ODB,2007,6398.794000000001
LV,ODB,2008,6833.6990000000005
LV,ODB,2009,5214.555
LV,ODB,2010,5120.379999999999
LV,ODB,2011,5772.303
LV,ODB,2012,6387.246999999999
LV,ODB,2013,6695.844999999999
LV,ODB,2014,7033.24
LV,ODB,2015,7336.643
LV,ODB,2016,7811.216999999999
LV,ODB,2017,8406.687999999998
LV,ODB,2018,8922.793999999998
LV,ODB,2019,9594.176
LV,ODB,2020,9484.859999999999
LV,ODB,2021,10345.741
LV,ODB,2022,11835.77
LV,ODB,2023,12862.007
LV,ODB,2024,14082.119999999999
LV,ODC,1995,1239.749
LV,ODC,1996,1379.242
LV,ODC,1997,1664.8249999999998
LV,ODC,1998,1916.988
LV,ODC,1999,1965.4070000000002
LV,ODC,2000,2019.73
LV,ODC,2001,2142.674
LV,ODC,2002,2352.924
LV,ODC,2003,2644.376
LV,ODC,2004,3076.4719999999998
LV,ODC,2005,3826.578
LV,ODC,2006,4955.159
LV,ODC,2007,6449.929
LV,ODC,2008,6932.908000000001
LV,ODC,2009,5278.968
LV,ODC,2010,5157.371999999999
LV,ODC,2011,5804.462
LV,ODC,2012,6432.902999999999
LV,ODC,2013,6755.245
LV,ODC,2014,7105.3279999999995
LV,ODC,2015,7417.9890000000005
LV,ODC,2016,7899.429999999999
LV,ODC,2017,8504.563
LV,ODC,2018,9030.904999999999
LV,ODC,2019,9742.74
LV,ODC,2020,9618.601
LV,ODC,2021,10487.729000000001
LV,ODC,2022,12003.065999999999
LV,ODC,2023,13051.997
LV,ODC,2024,14330.382999999998
LT,D2,1995,934.142840593142
LT,D2,1996,1123.718518303985
LT,D2,1997,1585.6141392493048
LT,D2,1998,1795.0293964318819
LT,D2,1999,1743.564874884152
LT,D2,2000,1672.6093025949956
LT,D2,2001,1729.3297068682664
LT,D2,2002,1883.424437556253
LT,D2,2003,1940.6944263894256
LT,D2,2004,2057.8741832715477
LT,D2,2005,2400.072545953043
LT,D2,2006,2774.172618358048
LT,D2,2007,3450.9579047903153
LT,D2,2008,3886.0648301784063
LT,D2,2009,3173.9365129749767
LT,D2,2010,3390.3326891218726
LT,D2,2011,3708.3814527340132
LT,D2,2012,3814.0928110519
LT,D2,2013,3953.107883167284
LT,D2,2014,4211.265533769694
LT,D2,2015,4493.897287006344
LT,D2,2016,4691.739129142857
LT,D2,2017,5051.673841941176
LT,D2,2018,5403.932119825882
LT,D2,2019,5862.54350565
LT,D2,2020,6115.00173885
LT,D2,2021,6994.4895973
LT,D2,2022,8086.8806371
LT,D2,2023,8469.9784437505
LT,D2,2024,9274.1409641785
LT,D21,1995,898.540952270621
LT,D21,1996,1068.2938195088045
LT,D21,1997,1512.294080166821
LT,D21,1998,1717.8798366543099
LT,D21,1999,1654.482999304912
LT,D21,2000,1589.406858202039
LT,D21,2001,1635.851578429101
LT,D21,2002,1779.9742382993513
LT,D21,2003,1839.2163316728454
LT,D21,2004,1928.0963247219647
LT,D21,2005,2263.7692529734322
LT,D21,2006,2612.528995790856
LT,D21,2007,3265.487601367007
LT,D21,2008,3701.1767464087125
LT,D21,2009,2996.1551639249305
LT,D21,2010,3209.6991716867474
LT,D21,2011,3520.3812152455976
LT,D21,2012,3612.783734939759
LT,D21,2013,3729.826161086654
LT,D21,2014,3961.4938337001854
LT,D21,2015,4233.910358100001
LT,D21,2016,4443.642482142856
LT,D21,2017,4841.0817779411755
LT,D21,2018,5180.166771705882
LT,D21,2019,5578.99801355
LT,D21,2020,5815.75521085
LT,D21,2021,6677.340802350001
LT,D21,2022,7686.5135031
LT,D21,2023,7979.520305722999
LT,D21,2024,8733.5666827895
LT,D211,1995,577.7629749768305
LT,D211,1996,660.1992585727526
LT,D211,1997,969.5846848934199
LT,D211,1998,1046.1457367933272
LT,D211,1999,1003.9718489341984
LT,D211,2000,1005.1213507877666
LT,D211,2001,1026.5031278962
LT,D211,2002,1113.0931417979612
LT,D211,2003,1110.843952734013
LT,D211,2004,1175.4691265060242
LT,D211,2005,1488.1909175162186
LT,D211,2006,1825.566265060241
LT,D211,2007,2330.4204703429104
LT,D211,2008,2593.0425162187216
LT,D211,2009,1960.8495424003709
LT,D211,2010,2180.498957367933
LT,D211,2011,2443.75640060241
LT,D211,2012,2520.820406626506
LT,D211,2013,2611.2248320203894
LT,D211,2014,2764.437615848007
LT,D211,2015,2888.984957
LT,D211,2016,3027.57352714286
LT,D211,2017,3310.43823294118
LT,D211,2018,3522.1934387058823
LT,D211,2019,3855.6178999999997
LT,D211,2020,4008.4508312
LT,D211,2021,4687.659898350001
LT,D211,2022,5643.835588
LT,D211,2023,5910.728394550999
LT,D211,2024,6408.45868452
LT,D214,1995,229.12453660797036
LT,D214,1996,297.9888496292864
LT,D214,1997,407.27554448563484
LT,D214,1998,532.8599584046656
LT,D214,1999,526.1037129286376
LT,D214,2000,507.052218489342
LT,D214,2001,523.3263814874884
LT,D214,2002,591.8000897822059
LT,D214,2003,643.2465100787766
LT,D214,2004,669.1014799582947
LT,D214,2005,718.93202907785
LT,D214,2006,726.7846530352178
LT,D214,2007,859.2578747683041
LT,D214,2008,1025.8710524791475
LT,D214,2009,966.934357622799
LT,D214,2010,947.8978799814644
LT,D214,2011,992.5296165430954
LT,D214,2012,1002.9625463392032
LT,D214,2013,1025.9731142840592
LT,D214,2014,1093.0854115500465
LT,D214,2015,1233.1227251
LT,D214,2016,1309.5701549999999
LT,D214,2017,1415.1127649999999
LT,D214,2018,1524.033655
LT,D214,2019,1579.5231505500003
LT,D214,2020,1658.52406865
LT,D214,2021,1798.147804
LT,D214,2022,1826.0727151000003
LT,D214,2023,1935.923299342
LT,D214,2024,2187.2952073295
LT,D29,1995,35.60188832252085
LT,D29,1996,55.42469879518073
LT,D29,1997,73.32005908248378
LT,D29,1998,77.14955977757182
LT,D29,1999,89.08187557924005
LT,D29,2000,83.20244439295644
LT,D29,2001,93.478128439165
LT,D29,2002,103.45019925690173
LT,D29,2003,101.47809471658016
LT,D29,2004,129.77785854958296
LT,D29,2005,136.30329297961075
LT,D29,2006,161.64362256719187
LT,D29,2007,185.47030342330865
LT,D29,2008,184.8880837696942
LT,D29,2009,177.78134905004634
LT,D29,2010,180.63351743512513
LT,D29,2011,188.0002374884152
LT,D29,2012,201.30907611214087
LT,D29,2013,223.28172208063023
LT,D29,2014,249.77170006950882
LT,D29,2015,259.98692890634373
LT,D29,2016,248.096647
LT,D29,2017,210.59206400000002
LT,D29,2018,223.76534812000003
LT,D29,2019,283.5454921
LT,D29,2020,299.24652799999996
LT,D29,2021,317.14879495
LT,D29,2022,400.367134
LT,D29,2023,490.4581380275
LT,D29,2024,540.574281389
LT,D5,1995,652.824623995751
LT,D5,1996,777.3941804403643
LT,D5,1997,1025.2075127432809
LT,D5,1998,1170.390842215014
LT,D5,1999,1159.6070435588508
LT,D5,2000,1118.5040257182577
LT,D5,2001,1101.4732356711224
LT,D5,2002,1128.1470406643218
LT,D5,2003,1313.7627822528361
LT,D5,2004,1578.9725498146433
LT,D5,2005,1878.4846153846154
LT,D5,2006,2299.4661289388323
LT,D5,2007,2633.6910825996297
LT,D5,2008,3016.59718489342
LT,D5,2009,1598.3076199026875
LT,D5,2010,1294.0511468952734
LT,D5,2011,1359.0759180954587
LT,D5,2012,1607.552360403151
LT,D5,2013,1736.1879793211306
LT,D5,2014,1836.7262323331786
LT,D5,2015,2032.18848148394
LT,D5,2016,2194.097795
LT,D5,2017,2290.398645
LT,D5,2018,2573.35084
LT,D5,2019,4326.33360785
LT,D5,2020,4492.1860768
LT,D5,2021,5422.44040385
LT,D5,2022,6729.828119
LT,D5,2023,7762.458847051
LT,D5,2024,8391.549007706499
LT,D51,1995,646.301628166279
LT,D51,1996,770.1117719602901
LT,D51,1997,1017.4122451343839
LT,D51,1998,1162.7316960148285
LT,D51,1999,1151.3209569045412
LT,D51,2000,1110.7283943466173
LT,D51,2001,1096.0984128822984
LT,D51,2002,1122.3830803985172
LT,D51,2003,1307.7515639481
LT,D51,2004,1572.3270678869321
LT,D51,2005,1871.2548076923076
LT,D51,2006,2292.1904541241893
LT,D51,2007,2625.0061109823914
LT,D51,2008,3005.8511063484707
LT,D51,2009,1586.3654135773866
LT,D51,2010,1281.2270041705283
LT,D51,2011,1345.560530583874
LT,D51,2012,1592.6507761816497
LT,D51,2013,1726.4865326691381
LT,D51,2014,1825.160217794254
LT,D51,2015,2013.3814079
LT,D51,2016,2175.0901
LT,D51,2017,2263.16538
LT,D51,2018,2538.325522
LT,D51,2019,4288.468424
LT,D51,2020,4452.91978525
LT,D51,2021,5375.44046385
LT,D51,2022,6677.8366639999995
LT,D51,2023,7694.600689817
LT,D51,2024,8337.83199931
LT,D51A,1995,486.76258142812213
LT,D51A,1996,601.0591259894376
LT,D51A,1997,837.585727525487
LT,D51A,1998,994.6843141797962
LT,D51A,1999,1046.8179448563485
LT,D51A,2000,1020.4593373493976
LT,D51A,2001,1021.0242701575534
LT,D51A,2002,1033.266044949027
LT,D51A,2003,1080.4333873957369
LT,D51A,2004,1233.775747219648
LT,D51A,2005,1434.5934893419833
LT,D51A,2006,1628.9575996292863
LT,D51A,2007,1890.6510078776648
LT,D51A,2008,2118.0673656163117
LT,D51A,2009,1097.0937789620018
LT,D51A,2010,1004.9668385078777
LT,D51A,2011,1092.6897590361446
LT,D51A,2012,1159.734157784986
LT,D51A,2013,1249.8242296107505
LT,D51A,2014,1325.393
LT,D51A,2015,1439.4995589
LT,D51A,2016,1547.4421
LT,D51A,2017,1632.13549
LT,D51A,2018,1847.076828
LT,D51A,2019,3529.321418
LT,D51A,2020,3628.2870243
LT,D51A,2021,4214.84957215
LT,D51A,2022,5104.8308289999995
LT,D51A,2023,5709.875797893
LT,D51A,2024,6336.38382815
LT,D51B,1995,159.53904673815745
LT,D51B,1996,169.05264597085264
LT,D51B,1997,179.82651760889712
LT,D51B,1998,168.04738183503247
LT,D51B,1999,104.50301204819277
LT,D51B,2000,90.26905699721965
LT,D51B,2001,75.07414272474514
LT,D51B,2002,89.11703544949027
LT,D51B,2003,227.3181765523633
LT,D51B,2004,338.55132066728453
LT,D51B,2005,436.66131835032434
LT,D51B,2006,663.2328544949028
LT,D51B,2007,734.3551031047266
LT,D51B,2008,887.7837407321595
LT,D51B,2009,489.27163461538464
LT,D51B,2010,276.2601656626506
LT,D51B,2011,252.8707715477294
LT,D51B,2012,432.9166183966636
LT,D51B,2013,476.6623030583874
LT,D51B,2014,499.7665952270621
LT,D51B,2015,573.881849
LT,D51B,2016,627.648
LT,D51B,2017,631.02989
LT,D51B,2018,691.248694
LT,D51B,2019,759.147006
LT,D51B,2020,824.63276095
LT,D51B,2021,1160.5908917
LT,D51B,2022,1573.005835
LT,D51B,2023,1984.7248919239998
LT,D51B,2024,2001.4481711600001
LT,D59,1995,6.522995829471734
LT,D59,1996,7.282408480074143
LT,D59,1997,7.795267608897116
LT,D59,1998,7.65914620018536
LT,D59,1999,8.28608665430954
LT,D59,2000,7.775631371640408
LT,D59,2001,5.374822788823882
LT,D59,2002,5.763960265804506
LT,D59,2003,6.011218304735953
LT,D59,2004,6.645481927710844
LT,D59,2005,7.229807692307692
LT,D59,2006,7.275674814643188
LT,D59,2007,8.684971617238185
LT,D59,2008,10.746078544949029
LT,D59,2009,11.942206325301207
LT,D59,2010,12.824142724745135
LT,D59,2011,13.515387511584802
LT,D59,2012,14.901584221501391
LT,D59,2013,9.701446651992585
LT,D59,2014,11.56601453892493
LT,D59,2015,18.8070735839436
LT,D59,2016,19.007695
LT,D59,2017,27.2332675
LT,D59,2018,35.025318
LT,D59,2019,37.865183849999994
LT,D59,2020,39.26629155
LT,D59,2021,46.99994
LT,D59,2022,51.991454999999995
LT,D59,2023,67.858157234
LT,D59,2024,53.7170083965
LT,D91,1997,0.031858202038924935
LT,D91,1998,0.2027340129749768
LT,D91,1999,0.6223934198331789
LT,D91,2000,0.5302942539388322
LT,D91,2001,0.6516450417052827
LT,D91,2002,0.6588855421686747
LT,D91,2003,0.31655468025949957
LT,D91,2004,0.49666936978683973
LT,D91,2005,0.6730189990732159
LT,D91,2006,1.2089898053753476
LT,D91,2007,1.816120250231696
LT,D91,2008,1.7597312326227987
LT,D91,2009,1.7785275718257647
LT,D91,2010,1.1046397126969416
LT,D91,2011,1.003765060240964
LT,D91,2012,1.1976656626506024
LT,D91,2013,1.2818871640407785
LT,D91,2014,1.3311225671918443
LT,D91,2015,1.4293635
LT,D91,2016,1.4687
LT,D91,2017,1.6695
LT,D91,2018,1.8017
LT,D91,2019,1.9490999999999998
LT,D91,2020,1.9513
LT,D91,2021,2.6346
LT,D91,2022,3.1141
LT,D91,2023,3.6447
LT,D91,2024,4.3393
LT,ODA,1995,1586.9674645888917
LT,ODA,1996,1901.1126987443495
LT,ODA,1997,2610.853510194625
LT,ODA,1998,2965.622972659871
LT,ODA,1999,2903.794311862836
LT,ODA,2000,2791.643622567192
LT,ODA,2001,2831.454587581094
LT,ODA,2002,3012.2303637627433
LT,ODA,2003,3254.7737633225215
LT,ODA,2004,3637.3434024559783
LT,ODA,2005,4279.230180336732
LT,ODA,2006,5074.847737102255
LT,ODA,2007,6086.465107640177
LT,ODA,2008,6904.42174630445
LT,ODA,2009,4774.02266044949
LT,ODA,2010,4685.488475729842
LT,ODA,2011,5068.461135889713
LT,ODA,2012,5422.8428371177015
LT,ODA,2013,5690.577749652455
LT,ODA,2014,6049.3228886700645
LT,ODA,2015,6527.515131990288
LT,ODA,2016,6887.305624142857
LT,ODA,2017,7343.741986941176
LT,ODA,2018,7979.084659825882
LT,ODA,2019,10190.826213499999
LT,ODA,2020,10609.13911565
LT,ODA,2021,12419.564601149998
LT,ODA,2022,14819.822856100001
LT,ODA,2023,16236.0819908015
LT,ODA,2024,17670.029271884996
LT,D61,1995,560.438149365332
LT,D61,1996,748.2706743211595
LT,D61,1997,1054.460768074461
LT,D61,1998,1303.0640772915294
LT,D61,1999,1287.225179648797
LT,D61,2000,1364.8945822602195
LT,D61,2001,1379.1117376064828
LT,D61,2002,1425.2103101623918
LT,D61,2003,1535.604265837334
LT,D61,2004,1716.3038169541796
LT,D61,2005,1926.0725399791472
LT,D61,2006,2269.866858103568
LT,D61,2007,2736.775843127317
LT,D61,2008,3226.4668525399666
LT,D61,2009,3546.5493026181657
LT,D61,2010,3424.5430381028914
LT,D61,2011,3611.407598193449
LT,D61,2012,3754.9229061709684
LT,D61,2013,3924.193708432315
LT,D61,2014,4207.525336730868
LT,D61,2015,4489.692648162405
LT,D61,2016,4853.066515945332
LT,D61,2017,5298.134423917989
LT,D61,2018,5919.319886697812
LT,D61,2019,4898.537818876149
LT,D61,2020,5294.266500650004
LT,D61,2021,5932.861554343956
LT,D61,2022,6870.630323468708
LT,D61,2023,7783.69315088263
LT,D61,2024,8690.41037829457
LT,D611,1995,537.2451343836887
LT,D611,1996,717.1281278962002
LT,D611,1997,941.7226598702503
LT,D611,1998,1123.8423887859128
LT,D611,1999,1114.2623957367935
LT,D611,2000,1119.1902513901764
LT,D611,2001,1128.6036839666358
LT,D611,2002,1170.331325301205
LT,D611,2003,1264.958034059314
LT,D611,2004,1367.9520099629283
LT,D611,2005,1521.812731696015
LT,D611,2006,1804.267869555144
LT,D611,2007,2180.0234302594995
LT,D611,2008,2578.752432808155
LT,D611,2009,2299.887598470806
LT,D611,2010,2117.5614767724746
LT,D611,2011,2256.69343692076
LT,D611,2012,2406.884603510195
LT,D611,2013,2537.109006723088
LT,D611,2014,2737.4191585179005
LT,D611,2015,2930.3075059999996
LT,D611,2016,3184.61155289
LT,D611,2017,3512.48808772028
LT,D611,2018,3903.3362834158
LT,D611,2019,358.959716
LT,D611,2020,377.753058
LT,D611,2021,421.30713099999997
LT,D611,2022,502.93434299999996
LT,D611,2023,572.8923589999999
LT,D611,2024,629.25322709
LT,D613,1995,21.953197405004634
LT,D613,1996,29.45435588507878
LT,D613,1997,110.61196709916588
LT,D613,1998,176.52166357738648
LT,D613,1999,170.16734244670994
LT,D613,2000,243.08601714550514
LT,D613,2001,247.82582252085268
LT,D613,2002,252.10067191844303
LT,D613,2003,267.7539388322521
LT,D613,2004,296.29938021316036
LT,D613,2005,343.67991195551434
LT,D613,2006,393.4751216404078
LT,D613,2007,465.7916763206673
LT,D613,2008,536.036607970343
LT,D613,2009,1128.3439816960147
LT,D613,2010,1204.0533202038926
LT,D613,2011,1246.9405827154774
LT,D613,2012,1234.5751291705283
LT,D613,2013,1288.5762342407668
LT,D613,2014,1360.996741664559
LT,D613,2015,1443.146416
LT,D613,2016,1540.14874011
LT,D613,2017,1657.656465279717
LT,D613,2018,1878.3240775842269
LT,D613,2019,4379.737505999996
LT,D613,2020,4745.646147999997
LT,D613,2021,5328.3940909999965
LT,D613,2022,6152.836862759997
LT,D613,2023,6953.631840259999
LT,D613,2024,7770.142908000002
LT,ODB,1995,2146.165796377585
LT,ODB,1996,2647.695182525628
LT,ODB,1997,3663.188137164041
LT,ODB,1998,4265.98702502317
LT,ODB,1999,4151.775978915663
LT,ODB,2000,4115.407089898054
LT,ODB,2001,4162.204066265061
LT,ODB,2002,4407.92203429101
LT,ODB,2003,4773.166343257647
LT,ODB,2004,5289.609331556997
LT,ODB,2005,6134.922719725054
LT,ODB,2006,7257.612507723203
LT,ODB,2007,8723.376078446478
LT,ODB,2008,10000.537507425857
LT,ODB,2009,8139.9053122103805
LT,ODB,2010,7959.799775544486
LT,ODB,2011,8540.765359708064
LT,ODB,2012,9034.644416415664
LT,ODB,2013,9482.815807318695
LT,ODB,2014,10115.565259508225
LT,ODB,2015,10866.287441990287
LT,ODB,2016,11581.860157642854
LT,ODB,2017,12494.805947941173
LT,ODB,2018,13730.558020825882
LT,ODB,2019,14899.844435499992
LT,ODB,2020,15696.137321649996
LT,ODB,2021,18139.133823149994
LT,ODB,2022,21440.82706186
LT,ODB,2023,23727.4541900615
LT,ODB,2024,26031.079406975
LT,ODC,1995,2147.405613954224
LT,ODC,1996,2649.3833730655083
LT,ODC,1997,3665.314278269086
LT,ODC,1998,4268.687049951401
LT,ODC,1999,4154.571420380957
LT,ODC,2000,4118.025403622592
LT,ODC,2001,4164.886297384055
LT,ODC,2002,4410.700347233754
LT,ODC,2003,4776.058636203415
LT,ODC,2004,5341.661758335088
LT,ODC,2005,6195.502616052672
LT,ODC,2006,7329.736374631219
LT,ODC,2007,8814.336814993627
LT,ODC,2008,10112.215319187326
LT,ODC,2009,8258.223034661725
LT,ODC,2010,8062.72801667101
LT,ODC,2011,8648.538938265276
LT,ODC,2012,9148.107589905909
LT,ODC,2013,9581.324274787155
LT,ODC,2014,10224.674696056632
LT,ODC,2015,10982.526168152694
LT,ODC,2016,11710.166380588187
LT,ODC,2017,12622.795818859164
LT,ODC,2018,13868.217546523694
LT,ODC,2019,15059.685032376146
LT,ODC,2020,15867.004616300002
LT,ODC,2021,18322.294155493953
LT,ODC,2022,21655.68617956871
LT,ODC,2023,23984.623141684133
LT,ODC,2024,26322.093650179566
LU,D2,1995,1782.0121485754157
LU,D2,1996,1858.751060716413
LU,D2,1997,2090.4619237310394
LU,D2,1998,2281.4586965706026
LU,D2,1999,2644.7279554620163
LU,D2,2000,3071.2995495616155
LU,D2,2001,3048.6272879354924
LU,D2,2002,3098.9180983374126
LU,D2,2003,3248.656693823864
LU,D2,2004,3700.0503743380123
LU,D2,2005,4045.914084520538
LU,D2,2006,4281.475570312698
LU,D2,2007,4869.513239404326
LU,D2,2008,4759.63041879644
LU,D2,2009,4645.034776346877
LU,D2,2010,4991.326653508392
LU,D2,2011,5344.909444280824
LU,D2,2012,5709.439119750779
LU,D2,2013,6020.65187551209
LU,D2,2014,6581.53183931354
LU,D2,2015,5821.71121230234
LU,D2,2016,6149.334334248383
LU,D2,2017,6608.847928546723
LU,D2,2018,7194.157356159129
LU,D2,2019,7509.272111458264
LU,D2,2020,7519.819009524323
LU,D2,2021,8873.475883790945
LU,D2,2022,9390.475195148321
LU,D2,2023,9351.425846592863
LU,D2,2024,9796.35896894899
LU,D2,2025,10389.940079181615
LU,D21,1995,1575.6209978607267
LU,D21,1996,1627.9184391333981
LU,D21,1997,1819.9770724472592
LU,D21,1998,1968.4994584490053
LU,D21,1999,2249.9396723491213
LU,D21,2000,2557.9630875991816
LU,D21,2001,2549.484037843188
LU,D21,2002,2682.2506221321664
LU,D21,2003,2851.6278573872164
LU,D21,2004,3240.7703566185282
LU,D21,2005,3475.5600490512547
LU,D21,2006,3590.8787355773025
LU,D21,2007,4110.736042169483
LU,D21,2008,4149.116942281169
LU,D21,2009,4082.5570847242093
LU,D21,2010,4313.946118777378
LU,D21,2011,4687.67091857809
LU,D21,2012,5021.1975305559745
LU,D21,2013,5245.0850900118185
LU,D21,2014,5711.9368733949705
LU,D21,2015,4790.78445742272
LU,D21,2016,5017.922563429098
LU,D21,2017,5367.763803068604
LU,D21,2018,5889.344342556817
LU,D21,2019,6177.364838213412
LU,D21,2020,6132.967296386406
LU,D21,2021,7134.339155060876
LU,D21,2022,7705.086775425529
LU,D21,2023,7757.851433072148
LU,D21,2024,8363.520332032973
LU,D21,2025,8884.872572968328
LU,D211,1995,775.9111004704313
LU,D211,1996,811.7856779464636
LU,D211,1997,882.7119299905355
LU,D211,1998,966.9299319224903
LU,D211,1999,1072.3287670240118
LU,D211,2000,1218.3800874349756
LU,D211,2001,1300.3485098491878
LU,D211,2002,1361.8160445811664
LU,D211,2003,1463.2894726383417
LU,D211,2004,1656.9647558720228
LU,D211,2005,1850.5561447212542
LU,D211,2006,1897.4641259245884
LU,D211,2007,2281.8903188565055
LU,D211,2008,2388.992908747715
LU,D211,2009,2478.299051625178
LU,D211,2010,2658.27293900365
LU,D211,2011,2907.667745260751
LU,D211,2012,3196.1926750392354
LU,D211,2013,3449.291591532613
LU,D211,2014,3770.179487881756
LU,D211,2015,3014.5969690358365
LU,D211,2016,3148.0073984319665
LU,D211,2017,3381.839817432754
LU,D211,2018,3709.7689037734103
LU,D211,2019,3944.717191570156
LU,D211,2020,4012.11838953568
LU,D211,2021,4581.290253235693
LU,D211,2022,5187.709406119714
LU,D211,2023,5276.802686272397
LU,D211,2024,5734.165879213025
LU,D211,2025,6031.265723045381
LU,D214,1995,166.05899748703007
LU,D214,1996,169.60789418621715
LU,D214,1997,192.4468648411126
LU,D214,1998,226.35978072838557
LU,D214,1999,262.7352510001264
LU,D214,2000,314.7697663028416
LU,D214,2001,287.0624159640313
LU,D214,2002,252.699231101
LU,D214,2003,262.10812447887463
LU,D214,2004,303.61353992000005
LU,D214,2005,333.8357791299999
LU,D214,2006,366.7635926127147
LU,D214,2007,469.937368536978
LU,D214,2008,370.21505985345385
LU,D214,2009,291.52674548903127
LU,D214,2010,310.92907817541436
LU,D214,2011,344.3935493973392
LU,D214,2012,360.12306260673887
LU,D214,2013,373.61554410920513
LU,D214,2014,431.66017205320924
LU,D214,2015,453.7905597868797
LU,D214,2016,507.5217802571312
LU,D214,2017,573.8923085658495
LU,D214,2018,677.7933506334067
LU,D214,2019,612.3714470232558
LU,D214,2020,659.2766544707258
LU,D214,2021,841.4873694151827
LU,D214,2022,793.602579455815
LU,D214,2023,564.1190177597514
LU,D214,2024,501.15176631494876
LU,D214,2025,513.8050813872779
LU,D29,1995,206.39115071468913
LU,D29,1996,230.8326215830147
LU,D29,1997,270.4848512837801
LU,D29,1998,312.9592381215973
LU,D29,1999,394.78828311289476
LU,D29,2000,513.3364619624341
LU,D29,2001,499.1432500923042
LU,D29,2002,416.6674762052462
LU,D29,2003,397.0288364366477
LU,D29,2004,459.2800177194838
LU,D29,2005,570.3540354692832
LU,D29,2006,690.5968347353959
LU,D29,2007,758.777197234843
LU,D29,2008,610.5134765152708
LU,D29,2009,562.4776916226681
LU,D29,2010,677.3805347310147
LU,D29,2011,657.2385257027335
LU,D29,2012,688.2415891948048
LU,D29,2013,775.5667855002712
LU,D29,2014,869.5949659185778
LU,D29,2015,1030.9267548796247
LU,D29,2016,1131.4117708192855
LU,D29,2017,1241.0841254781187
LU,D29,2018,1304.8130136023128
LU,D29,2019,1331.9072732448517
LU,D29,2020,1386.8517131379172
LU,D29,2021,1739.1367287300698
LU,D29,2022,1685.3884197227933
LU,D29,2023,1593.5744135207153
LU,D29,2024,1432.838636916018
LU,D29,2025,1505.067506213286
LU,D5,1995,2312.1626317068076
LU,D5,1996,2492.5091979245076
LU,D5,1997,2690.123039665554
LU,D5,1998,2788.1748167170304
LU,D5,1999,2940.05089764368
LU,D5,2000,3283.138606769502
LU,D5,2001,3421.4224462922894
LU,D5,2002,3656.4806537310064
LU,D5,2003,3765.541890698283
LU,D5,2004,3558.212003212218
LU,D5,2005,4108.7840666733555
LU,D5,2006,4408.6216637416255
LU,D5,2007,4881.235438717287
LU,D5,2008,5262.187517724602
LU,D5,2009,5263.692979991158
LU,D5,2010,5730.379453363905
LU,D5,2011,6004.806694536712
LU,D5,2012,6276.016812034164
LU,D5,2013,6601.900422880953
LU,D5,2014,6796.666238433329
LU,D5,2015,7454.73169877645
LU,D5,2016,8010.509281671339
LU,D5,2017,8539.899892423064
LU,D5,2018,10133.562775634275
LU,D5,2019,10510.519187033948
LU,D5,2020,10211.827386906618
LU,D5,2021,11454.923112802211
LU,D5,2022,12382.946875547066
LU,D5,2023,14302.956599971014
LU,D5,2024,16464.14677078039
LU,D5,2025,16042.306111266127
LU,D51,1995,2203.802984142251
LU,D51,1996,2357.8534639401682
LU,D51,1997,2555.33206577111
LU,D51,1998,2637.4298029742267
LU,D51,1999,2756.4281233220704
LU,D51,2000,3105.985076884658
LU,D51,2001,3240.398660543683
LU,D51,2002,3453.6509794081803
LU,D51,2003,3582.800927159609
LU,D51,2004,3396.1321182399997
LU,D51,2005,3913.7687620950005
LU,D51,2006,4225.64947284
LU,D51,2007,4654.374642035
LU,D51,2008,5038.980695707501
LU,D51,2009,4991.158334844999
LU,D51,2010,5466.711076588568
LU,D51,2011,5695.180204725
LU,D51,2012,5955.221194735499
LU,D51,2013,6273.898413695
LU,D51,2014,6467.139330344349
LU,D51,2015,7011.022705512601
LU,D51,2016,7443.170339
LU,D51,2017,7957.728897570001
LU,D51,2018,9391.46737525
LU,D51,2019,9678.022354890001
LU,D51,2020,9369.606077620001
LU,D51,2021,10595.663381881686
LU,D51,2022,11443.407838449999
LU,D51,2023,13141.640471249244
LU,D51,2024,15297.432666390125
LU,D51,2025,14992.244498358943
LU,D51A,1995,1213.6452494924376
LU,D51A,1996,1286.1175647435912
LU,D51A,1997,1329.3877277831627
LU,D51A,1998,1307.0527817123989
LU,D51A,1999,1428.0561640460187
LU,D51A,2000,1572.8566358126675
LU,D51A,2001,1589.824189392107
LU,D51A,2002,1527.6240616181801
LU,D51A,2003,1690.4319058296087
LU,D51A,2004,1824.9852207199997
LU,D51A,2005,2161.034128345
LU,D51A,2006,2545.3682302
LU,D51A,2007,2677.4702532750002
LU,D51A,2008,3035.6831111275005
LU,D51A,2009,2915.986912975
LU,D51A,2010,3156.1985462185685
LU,D51A,2011,3546.7611193850007
LU,D51A,2012,3697.8538571554996
LU,D51A,2013,4061.112670375
LU,D51A,2014,4327.322879134349
LU,D51A,2015,4715.937832420001
LU,D51A,2016,4984.253609660001
LU,D51A,2017,5056.213447980001
LU,D51A,2018,5598.93156875
LU,D51A,2019,5916.903010360001
LU,D51A,2020,6289.886184600001
LU,D51A,2021,7318.30821729138
LU,D51A,2022,8028.26950254
LU,D51A,2023,9178.866351165285
LU,D51A,2024,9728.063084370506
LU,D51A,2025,9585.268883082828
LU,D51B,1995,990.157734649813
LU,D51B,1996,1071.735899196577
LU,D51B,1997,1225.9443379879474
LU,D51B,1998,1330.3770212618278
LU,D51B,1999,1328.3719592760517
LU,D51B,2000,1533.1284410719907
LU,D51B,2001,1650.5744711515763
LU,D51B,2002,1926.02691779
LU,D51B,2003,1892.3690213300001
LU,D51B,2004,1571.14689752
LU,D51B,2005,1752.7346337500003
LU,D51B,2006,1680.2812426399998
LU,D51B,2007,1976.9043887599996
LU,D51B,2008,2003.29758458
LU,D51B,2009,2075.1714218699994
LU,D51B,2010,2310.5125303699997
LU,D51B,2011,2148.41908534
LU,D51B,2012,2257.36733758
LU,D51B,2013,2212.78574332
LU,D51B,2014,2139.8164512099997
LU,D51B,2015,2295.0848730926
LU,D51B,2016,2458.91672934
LU,D51B,2017,2901.51544959
LU,D51B,2018,3792.5358065000005
LU,D51B,2019,3761.11934453
LU,D51B,2020,3079.7198930199997
LU,D51B,2021,3277.3551645903062
LU,D51B,2022,3415.1383359099996
LU,D51B,2023,3962.7741200839605
LU,D51B,2024,5569.36958201962
LU,D51B,2025,5406.975615276115
LU,D59,1995,108.35964756455671
LU,D59,1996,134.65573398433926
LU,D59,1997,134.79097389444402
LU,D59,1998,150.7450137428036
LU,D59,1999,183.62277432160937
LU,D59,2000,177.15352988484375
LU,D59,2001,181.0237857486062
LU,D59,2002,202.82967432282615
LU,D59,2003,182.74096353867446
LU,D59,2004,162.07988497221808
LU,D59,2005,195.01530457835534
LU,D59,2006,182.97219090162494
LU,D59,2007,226.86079668228783
LU,D59,2008,223.20682201710113
LU,D59,2009,272.5346451461578
LU,D59,2010,263.66837677533647
LU,D59,2011,309.62648981171156
LU,D59,2012,320.795617298665
LU,D59,2013,328.00200918595226
LU,D59,2014,329.52690808898035
LU,D59,2015,443.70899326384915
LU,D59,2016,567.3389426713385
LU,D59,2017,582.1709948530626
LU,D59,2018,742.0954003842749
LU,D59,2019,832.4968321439474
LU,D59,2020,842.2213092866165
LU,D59,2021,859.2597309205253
LU,D59,2022,939.5390370970671
LU,D59,2023,1161.3161287217708
LU,D59,2024,1166.7141043902652
LU,D59,2025,1050.0616129071843
LU,D91,1995,15.409210236019428
LU,D91,1996,17.047885592180446
LU,D91,1997,21.154117883286776
LU,D91,1998,16.914543665204917
LU,D91,1999,29.08467794912729
LU,D91,2000,23.023755636479017
LU,D91,2001,23.732943607034226
LU,D91,2002,32.39603802999999
LU,D91,2003,47.70014454000001
LU,D91,2004,40.67967417
LU,D91,2005,43.9943684
LU,D91,2006,47.469484789999996
LU,D91,2007,46.549962
LU,D91,2008,53.32515966
LU,D91,2009,52.334851660000005
LU,D91,2010,50.162975630000005
LU,D91,2011,43.427981190000004
LU,D91,2012,71.10157115
LU,D91,2013,71.8064468
LU,D91,2014,73.65861232
LU,D91,2015,74.10838863
LU,D91,2016,85.90661198000002
LU,D91,2017,110.77375740000001
LU,D91,2018,90.56420126
LU,D91,2019,114.18290406999999
LU,D91,2020,84.47999124
LU,D91,2021,118.24321478000002
LU,D91,2022,145.44147268999996
LU,D91,2023,141.05812637000002
LU,D91,2024,134.2787616
LU,D91,2025,134.896936245
LU,ODA,1995,4109.583990518243
LU,ODA,1996,4368.3081442331
LU,ODA,1997,4801.73908127988
LU,ODA,1998,5086.548056952838
LU,ODA,1999,5613.863531054823
LU,ODA,2000,6377.461911967597
LU,ODA,2001,6493.782677834815
LU,ODA,2002,6787.794790098418
LU,ODA,2003,7061.898729062147
LU,ODA,2004,7298.942051720231
LU,ODA,2005,8198.692519593895
LU,ODA,2006,8737.566718844322
LU,ODA,2007,9797.298640121613
LU,ODA,2008,10075.143096181042
LU,ODA,2009,9961.062607998034
LU,ODA,2010,10771.869082502299
LU,ODA,2011,11393.144120007535
LU,ODA,2012,12056.557502934944
LU,ODA,2013,12694.358745193042
LU,ODA,2014,13451.8566900669
LU,ODA,2015,13350.5512997088
LU,ODA,2016,14245.750227899724
LU,ODA,2017,15259.521578369788
LU,ODA,2018,17418.284333053405
LU,ODA,2019,18133.97420256221
LU,ODA,2020,17816.12638767094
LU,ODA,2021,20446.642211373153
LU,ODA,2022,21918.863543385385
LU,ODA,2023,23795.440572933876
LU,ODA,2024,26394.784501329377
LU,ODA,2025,26567.143126692743
LU,D61,1995,1786.1833150886243
LU,D61,1996,1844.9135200405658
LU,D61,1997,1946.8817955056375
LU,D61,1998,2067.6099791131596
LU,D61,1999,2309.219024194045
LU,D61,2000,2528.994009508906
LU,D61,2001,2785.7536571901774
LU,D61,2002,2948.4531104383645
LU,D61,2003,3159.370746296996
LU,D61,2004,3328.3709153910904
LU,D61,2005,3585.349623383498
LU,D61,2006,3800.824657530506
LU,D61,2007,4156.520895435762
LU,D61,2008,4455.242337684152
LU,D61,2009,4747.579188323067
LU,D61,2010,4920.1239917167
LU,D61,2011,5226.73241365804
LU,D61,2012,5530.434015827815
LU,D61,2013,5769.736016105463
LU,D61,2014,5969.051834389122
LU,D61,2015,6254.514573125027
LU,D61,2016,6482.233105841136
LU,D61,2017,6919.946601107139
LU,D61,2018,7307.729577352367
LU,D61,2019,7727.21926629153
LU,D61,2020,8115.9715736488815
LU,D61,2021,8607.22050844399
LU,D61,2022,9320.046377649654
LU,D61,2023,10238.643175058485
LU,D61,2024,10441.66472913375
LU,D61,2025,11297.02652268611
LU,D611,1995,683.7448007765739
LU,D611,1996,712.3534612104705
LU,D611,1997,742.9290848628298
LU,D611,1998,804.2329505632886
LU,D611,1999,866.5531157002198
LU,D611,2000,963.9244256732248
LU,D611,2001,1086.1184537797035
LU,D611,2002,1163.8153949167918
LU,D611,2003,1236.0733781763074
LU,D611,2004,1288.0930905462744
LU,D611,2005,1378.211436510884
LU,D611,2006,1456.4602583896724
LU,D611,2007,1580.4917869624016
LU,D611,2008,1694.9951699566002
LU,D611,2009,1808.2797990637398
LU,D611,2010,1887.7100502321857
LU,D611,2011,1999.4128904930483
LU,D611,2012,2113.2706714470046
LU,D611,2013,2156.985762244999
LU,D611,2014,2218.2414625849983
LU,D611,2015,2334.734821005001
LU,D611,2016,2406.4460430000013
LU,D611,2017,2564.1093404149983
LU,D611,2018,2707.1558706749997
LU,D611,2019,2846.381771674998
LU,D611,2020,2955.1200102149974
LU,D611,2021,3148.518369665
LU,D611,2022,3418.745242120001
LU,D611,2023,3748.2361401750018
LU,D611,2024,3772.5346485850005
LU,D611,2025,4118.497527555934
LU,D613,1995,812.915883868829
LU,D613,1996,867.9050848023594
LU,D613,1997,929.2023319465112
LU,D613,1998,988.8966241145939
LU,D613,1999,1165.9185149789068
LU,D613,2000,1277.3124481285088
LU,D613,2001,1396.7557423252936
LU,D613,2002,1471.3537014665778
LU,D613,2003,1571.615279132766
LU,D613,2004,1676.6348429691045
LU,D613,2005,1812.3150447297883
LU,D613,2006,1931.0953919488356
LU,D613,2007,2147.307553166513
LU,D613,2008,2310.375384218547
LU,D613,2009,2457.66422164946
LU,D613,2010,2527.578677388436
LU,D613,2011,2694.0680736587437
LU,D613,2012,2847.072896605242
LU,D613,2013,3007.611984143306
LU,D613,2014,3107.89735796557
LU,D613,2015,3250.7536102593276
LU,D613,2016,3370.9423489796513
LU,D613,2017,3606.58351942576
LU,D613,2018,3824.541549717867
LU,D613,2019,4066.4318600779234
LU,D613,2020,4305.834627704304
LU,D613,2021,4561.729016240435
LU,D613,2022,4948.403322204522
LU,D613,2023,5465.794161403992
LU,D613,2024,5566.568805224035
LU,D613,2025,6024.998232053147
LU,ODB,1995,5606.244675163645
LU,ODB,1996,5948.56669024593
LU,ODB,1997,6473.870498089222
LU,ODB,1998,6879.6776316307205
LU,ODB,1999,7646.3351617339495
LU,ODB,2000,8618.698785769331
LU,ODB,2001,8976.656873939814
LU,ODB,2002,9422.963886481788
LU,ODB,2003,9869.58738637122
LU,ODB,2004,10263.669985235609
LU,ODB,2005,11389.219000834566
LU,ODB,2006,12125.122369182829
LU,ODB,2007,13525.097980250528
LU,ODB,2008,14080.51365035619
LU,ODB,2009,14227.006628711233
LU,ODB,2010,15187.15781012292
LU,ODB,2011,16086.625084159326
LU,ODB,2012,17016.90107098719
LU,ODB,2013,17845.744331391346
LU,ODB,2014,18762.6213693974
LU,ODB,2015,18935.1403436731
LU,ODB,2016,20020.622819429376
LU,ODB,2017,21427.936955540546
LU,ODB,2018,23944.258501816275
LU,ODB,2019,25036.47817007513
LU,ODB,2020,25060.18440032024
LU,ODB,2021,28156.62215952859
LU,ODB,2022,30246.875622289906
LU,ODB,2023,32995.866415042874
LU,ODB,2024,35718.76468131842
LU,ODB,2025,36697.97034425703
LU,ODC,1995,5895.767305606867
LU,ODC,1996,6213.221664273666
LU,ODC,1997,6748.620876785518
LU,ODC,1998,7154.158036065997
LU,ODC,1999,7923.082555248868
LU,ODC,2000,8906.455921476503
LU,ODC,2001,9279.536335024994
LU,ODC,2002,9736.247900536782
LU,ODC,2003,10221.269475359142
LU,ODC,2004,10627.31296711132
LU,ODC,2005,11784.042142977392
LU,ODC,2006,12538.391376374828
LU,ODC,2007,13953.819535557375
LU,ODC,2008,14530.385433865194
LU,ODC,2009,14708.6417963211
LU,ODC,2010,15691.993074218999
LU,ODC,2011,16619.876533665574
LU,ODC,2012,17586.99151876276
LU,ODC,2013,18450.882601108504
LU,ODC,2014,19405.534383235998
LU,ODC,2015,19604.1664855338
LU,ODC,2016,20725.46753329086
LU,ODC,2017,22177.190696806927
LU,ODC,2018,24720.290658775775
LU,ODC,2019,25850.88380461374
LU,ODC,2020,25915.20133604982
LU,ODC,2021,29053.595282067145
LU,ODC,2022,31199.77343561504
LU,ODC,2023,34020.479288522365
LU,ODC,2024,36821.32595664313
LU,ODC,2025,37851.50110733406
HU,D2,1995,1011450.0
HU,D2,1996,1193425.0
HU,D2,1997,1350316.0
HU,D2,1998,1613731.0
HU,D2,1999,1887908.0
HU,D2,2000,2200464.0
HU,D2,2001,2366876.0
HU,D2,2002,2595863.0
HU,D2,2003,2973426.0
HU,D2,2004,3380983.0
HU,D2,2005,3494179.0
HU,D2,2006,3658822.0
HU,D2,2007,4081402.0
HU,D2,2008,4271971.0
HU,D2,2009,4356027.0
HU,D2,2010,4759821.0
HU,D2,2011,4941122.0
HU,D2,2012,5403142.0
HU,D2,2013,5665441.0
HU,D2,2014,6091762.0
HU,D2,2015,6561391.0
HU,D2,2016,6583086.0
HU,D2,2017,7072454.0
HU,D2,2018,7907750.0
HU,D2,2019,8607324.0
HU,D2,2020,8804613.0
HU,D2,2021,9790871.0
HU,D2,2022,12112860.0
HU,D2,2023,13283086.0
HU,D2,2024,14068293.0
HU,D21,1995,993100.0
HU,D21,1996,1161974.0
HU,D21,1997,1307419.0
HU,D21,1998,1560225.0
HU,D21,1999,1822874.0
HU,D21,2000,2124245.0
HU,D21,2001,2278619.0
HU,D21,2002,2493585.0
HU,D21,2003,2862043.0
HU,D21,2004,3239400.0
HU,D21,2005,3337007.0
HU,D21,2006,3484903.0
HU,D21,2007,3858094.0
HU,D21,2008,4033333.0
HU,D21,2009,4100928.0
HU,D21,2010,4325146.0
HU,D21,2011,4471426.0
HU,D21,2012,4878102.0
HU,D21,2013,5037653.0
HU,D21,2014,5426418.0
HU,D21,2015,5843913.0
HU,D21,2016,5891229.0
HU,D21,2017,6302607.0
HU,D21,2018,7067224.0
HU,D21,2019,7629453.0
HU,D21,2020,7754861.0
HU,D21,2021,8666577.0
HU,D21,2022,10776487.0
HU,D21,2023,11727290.0
HU,D21,2024,12662170.0
HU,D211,1995,431422.0
HU,D211,1996,519112.0
HU,D211,1997,658072.0
HU,D211,1998,793230.0
HU,D211,1999,924822.0
HU,D211,2000,1159959.0
HU,D211,2001,1230216.0
HU,D211,2002,1340914.0
HU,D211,2003,1539868.0
HU,D211,2004,1831647.0
HU,D211,2005,1856547.0
HU,D211,2006,1800345.0
HU,D211,2007,2013271.0
HU,D211,2008,2068438.0
HU,D211,2009,2192234.0
HU,D211,2010,2325608.0
HU,D211,2011,2379253.0
HU,D211,2012,2627571.0
HU,D211,2013,2693555.0
HU,D211,2014,3011162.0
HU,D211,2015,3309540.0
HU,D211,2016,3299838.0
HU,D211,2017,3626566.0
HU,D211,2018,4129537.0
HU,D211,2019,4526757.0
HU,D211,2020,4717048.0
HU,D211,2021,5460243.0
HU,D211,2022,6691200.0
HU,D211,2023,7054144.0
HU,D211,2024,7506494.0
HU,D214,1995,277495.0
HU,D214,1996,362825.0
HU,D214,1997,449254.0
HU,D214,1998,603200.0
HU,D214,1999,729515.0
HU,D214,2000,792519.0
HU,D214,2001,877372.0
HU,D214,2002,968630.0
HU,D214,2003,1118289.0
HU,D214,2004,1343466.0
HU,D214,2005,1443307.0
HU,D214,2006,1646728.0
HU,D214,2007,1807372.0
HU,D214,2008,1925388.0
HU,D214,2009,1871905.0
HU,D214,2010,1964079.0
HU,D214,2011,2053158.0
HU,D214,2012,2214291.0
HU,D214,2013,2308791.0
HU,D214,2014,2372343.0
HU,D214,2015,2482021.0
HU,D214,2016,2536847.0
HU,D214,2017,2615490.0
HU,D214,2018,2859423.0
HU,D214,2019,3022190.0
HU,D214,2020,2957022.0
HU,D214,2021,3107419.0
HU,D214,2022,3937396.0
HU,D214,2023,4538548.0
HU,D214,2024,5034677.0
HU,D29,1995,18350.0
HU,D29,1996,31451.0
HU,D29,1997,42897.0
HU,D29,1998,53506.0
HU,D29,1999,65034.0
HU,D29,2000,76219.0
HU,D29,2001,88257.0
HU,D29,2002,102278.0
HU,D29,2003,111383.0
HU,D29,2004,141583.0
HU,D29,2005,157172.0
HU,D29,2006,173919.0
HU,D29,2007,223308.0
HU,D29,2008,238638.0
HU,D29,2009,255099.0
HU,D29,2010,434675.0
HU,D29,2011,469696.0
HU,D29,2012,525040.0
HU,D29,2013,627788.0
HU,D29,2014,665344.0
HU,D29,2015,717478.0
HU,D29,2016,691857.0
HU,D29,2017,769847.0
HU,D29,2018,840526.0
HU,D29,2019,977871.0
HU,D29,2020,1049752.0
HU,D29,2021,1124294.0
HU,D29,2022,1336373.0
HU,D29,2023,1555796.0
HU,D29,2024,1406123.0
HU,D5,1995,491533.0
HU,D5,1996,639873.0
HU,D5,1997,767415.0
HU,D5,1998,904213.0
HU,D5,1999,1070581.0
HU,D5,2000,1282079.0
HU,D5,2001,1524088.0
HU,D5,2002,1722545.0
HU,D5,2003,1780328.0
HU,D5,2004,1850618.0
HU,D5,2005,1973356.0
HU,D5,2006,2210875.0
HU,D5,2007,2577587.0
HU,D5,2008,2792991.0
HU,D5,2009,2539015.0
HU,D5,2010,2127905.0
HU,D5,2011,1769071.0
HU,D5,2012,1946962.0
HU,D5,2013,1978897.0
HU,D5,2014,2191687.0
HU,D5,2015,2376176.0
HU,D5,2016,2616913.0
HU,D5,2017,2804826.0
HU,D5,2018,2856929.0
HU,D5,2019,3121146.0
HU,D5,2020,3239287.0
HU,D5,2021,3095779.0
HU,D5,2022,4558707.0
HU,D5,2023,5565943.0
HU,D5,2024,6164812.0
HU,D51,1995,482584.0
HU,D51,1996,627011.0
HU,D51,1997,750681.0
HU,D51,1998,885028.0
HU,D51,1999,1049136.0
HU,D51,2000,1254204.0
HU,D51,2001,1494748.0
HU,D51,2002,1690969.0
HU,D51,2003,1738935.0
HU,D51,2004,1801321.0
HU,D51,2005,1915350.0
HU,D51,2006,2153953.0
HU,D51,2007,2517042.0
HU,D51,2008,2728474.0
HU,D51,2009,2476360.0
HU,D51,2010,2064319.0
HU,D51,2011,1706179.0
HU,D51,2012,1880924.0
HU,D51,2013,1905475.0
HU,D51,2014,2120234.0
HU,D51,2015,2299758.0
HU,D51,2016,2538148.0
HU,D51,2017,2725628.0
HU,D51,2018,2773471.0
HU,D51,2019,3033907.0
HU,D51,2020,3165590.0
HU,D51,2021,3011689.0
HU,D51,2022,4466904.0
HU,D51,2023,5468437.0
HU,D51,2024,6062560.0
HU,D59,1995,8949.0
HU,D59,1996,12862.0
HU,D59,1997,16734.0
HU,D59,1998,19185.0
HU,D59,1999,21445.0
HU,D59,2000,27875.0
HU,D59,2001,29340.0
HU,D59,2002,31576.0
HU,D59,2003,41393.0
HU,D59,2004,49297.0
HU,D59,2005,58006.0
HU,D59,2006,56922.0
HU,D59,2007,60545.0
HU,D59,2008,64517.0
HU,D59,2009,62655.0
HU,D59,2010,63586.0
HU,D59,2011,62892.0
HU,D59,2012,66038.0
HU,D59,2013,73422.0
HU,D59,2014,71453.0
HU,D59,2015,76418.0
HU,D59,2016,78765.0
HU,D59,2017,79198.0
HU,D59,2018,83458.0
HU,D59,2019,87239.0
HU,D59,2020,73697.0
HU,D59,2021,84090.0
HU,D59,2022,91803.0
HU,D59,2023,97506.0
HU,D59,2024,102252.0
HU,D91,1995,3120.0
HU,D91,1996,3518.0
HU,D91,1997,4738.0
HU,D91,1998,5942.0
HU,D91,1999,6338.0
HU,D91,2000,7110.0
HU,D91,2001,8846.0
HU,D91,2002,10743.0
HU,D91,2003,12573.0
HU,D91,2004,18585.0
HU,D91,2005,20894.0
HU,D91,2006,21411.0
HU,D91,2007,17087.0
HU,D91,2008,16526.0
HU,D91,2009,13669.0
HU,D91,2010,8752.0
HU,D91,2011,7462.0
HU,D91,2012,7510.0
HU,D91,2013,7188.0
HU,D91,2014,9546.0
HU,D91,2015,11199.0
HU,D91,2016,13997.0
HU,D91,2017,18436.0
HU,D91,2018,16355.0
HU,D91,2019,19984.0
HU,D91,2020,15446.0
HU,D91,2021,16717.0
HU,D91,2022,20001.0
HU,D91,2023,18197.0
HU,D91,2024,23119.0
HU,ODA,1995,1506103.0
HU,ODA,1996,1836816.0
HU,ODA,1997,2122469.0
HU,ODA,1998,2523886.0
HU,ODA,1999,2964827.0
HU,ODA,2000,3489653.0
HU,ODA,2001,3899810.0
HU,ODA,2002,4329151.0
HU,ODA,2003,4766327.0
HU,ODA,2004,5250186.0
HU,ODA,2005,5488429.0
HU,ODA,2006,5891108.0
HU,ODA,2007,6676076.0
HU,ODA,2008,7081488.0
HU,ODA,2009,6908711.0
HU,ODA,2010,6896478.0
HU,ODA,2011,6717655.0
HU,ODA,2012,7357614.0
HU,ODA,2013,7651526.0
HU,ODA,2014,8292995.0
HU,ODA,2015,8948766.0
HU,ODA,2016,9213996.0
HU,ODA,2017,9895716.0
HU,ODA,2018,10781034.0
HU,ODA,2019,11748454.0
HU,ODA,2020,12059346.0
HU,ODA,2021,12903367.0
HU,ODA,2022,16691568.0
HU,ODA,2023,18867226.0
HU,ODA,2024,20256224.0
HU,D61,1995,851026.0
HU,D61,1996,973704.0
HU,D61,1997,1224563.0
HU,D61,1998,1426532.0
HU,D61,1999,1519358.0
HU,D61,2000,1748993.0
HU,D61,2001,1971090.0
HU,D61,2002,2213403.0
HU,D61,2003,2383200.0
HU,D61,2004,2559260.0
HU,D61,2005,2781064.0
HU,D61,2006,2996916.0
HU,D61,2007,3465398.0
HU,D61,2008,3667952.0
HU,D61,2009,3411895.0
HU,D61,2010,3247065.0
HU,D61,2011,3686046.0023000366
HU,D61,2012,3961432.0
HU,D61,2013,4061836.0
HU,D61,2014,4339852.0
HU,D61,2015,4629838.0
HU,D61,2016,4973683.0
HU,D61,2017,5018260.0
HU,D61,2018,5251372.0
HU,D61,2019,5584586.0
HU,D61,2020,5395029.0
HU,D61,2021,5813729.0
HU,D61,2022,6523284.0
HU,D61,2023,7508549.0
HU,D61,2024,8515292.0
HU,D611,1995,679992.0
HU,D611,1996,784424.0
HU,D611,1997,990998.0
HU,D611,1998,1159049.0
HU,D611,1999,1200524.0
HU,D611,2000,1397529.0
HU,D611,2001,1548544.0
HU,D611,2002,1727993.0
HU,D611,2003,1845055.0
HU,D611,2004,1952792.0
HU,D611,2005,2139313.0
HU,D611,2006,2248530.0
HU,D611,2007,2443270.0
HU,D611,2008,2595232.0
HU,D611,2009,2375333.0
HU,D611,2010,2073190.0
HU,D611,2011,2186120.0023000366
HU,D611,2012,2350362.0
HU,D611,2013,2383945.0
HU,D611,2014,2590549.0
HU,D611,2015,2763007.0
HU,D611,2016,2987424.0
HU,D611,2017,2764442.0
HU,D611,2018,2729014.0
HU,D611,2019,2822519.0
HU,D611,2020,2521619.0
HU,D611,2021,2585891.0
HU,D611,2022,2619057.0
HU,D611,2023,2983372.0
HU,D611,2024,3393437.0
HU,D613,1995,167412.0
HU,D613,1996,184849.0
HU,D613,1997,227762.0
HU,D613,1998,261032.0
HU,D613,1999,309190.0
HU,D613,2000,341400.0
HU,D613,2001,412773.0
HU,D613,2002,474457.0
HU,D613,2003,523541.0
HU,D613,2004,585891.0
HU,D613,2005,620733.0
HU,D613,2006,726344.0
HU,D613,2007,1001015.0
HU,D613,2008,1049570.0
HU,D613,2009,1012727.0
HU,D613,2010,1149034.0
HU,D613,2011,1476887.0
HU,D613,2012,1590406.0
HU,D613,2013,1656222.0
HU,D613,2014,1724817.0
HU,D613,2015,1838048.0
HU,D613,2016,1971435.0
HU,D613,2017,2235140.0
HU,D613,2018,2499631.0
HU,D613,2019,2739317.0
HU,D613,2020,2844108.0
HU,D613,2021,3196718.0
HU,D613,2022,3863514.0
HU,D613,2023,4483393.0
HU,D613,2024,5072740.0
HU,ODB,1995,2353507.0
HU,ODB,1996,2806089.0
HU,ODB,1997,3341229.0
HU,ODB,1998,3943967.0
HU,ODB,1999,4474541.0
HU,ODB,2000,5228582.0
HU,ODB,2001,5861127.0
HU,ODB,2002,6531601.0
HU,ODB,2003,7134923.0
HU,ODB,2004,7788869.0
HU,ODB,2005,8248475.0
HU,ODB,2006,8865982.0
HU,ODB,2007,10120361.0
HU,ODB,2008,10726290.0
HU,ODB,2009,10296771.0
HU,ODB,2010,10118702.0
HU,ODB,2011,10380662.002300037
HU,ODB,2012,11298382.0
HU,ODB,2013,11691693.0
HU,ODB,2014,12608361.0
HU,ODB,2015,13549821.0
HU,ODB,2016,14172855.0
HU,ODB,2017,14895298.0
HU,ODB,2018,16009679.0
HU,ODB,2019,17310290.0
HU,ODB,2020,17425073.0
HU,ODB,2021,18685976.0
HU,ODB,2022,23174139.0
HU,ODB,2023,26333991.0
HU,ODB,2024,28722401.0
HU,ODC,1995,2357129.0
HU,ODC,1996,2810520.0
HU,ODC,1997,3347032.0
HU,ODC,1998,3950418.0
HU,ODC,1999,4484185.0
HU,ODC,2000,5238646.0
HU,ODC,2001,5870900.0
HU,ODC,2002,6542554.0
HU,ODC,2003,7149527.0
HU,ODC,2004,7809446.0
HU,ODC,2005,8269493.0
HU,ODC,2006,8888024.0
HU,ODC,2007,10141474.0
HU,ODC,2008,10749440.0
HU,ODC,2009,10320606.0
HU,ODC,2010,10143543.0
HU,ODC,2011,10403701.002300037
HU,ODC,2012,11319046.0
HU,ODC,2013,11713362.0
HU,ODC,2014,12632847.0
HU,ODC,2015,13578604.0
HU,ODC,2016,14187679.0
HU,ODC,2017,14913976.0
HU,ODC,2018,16032406.0
HU,ODC,2019,17333040.0
HU,ODC,2020,17454375.0
HU,ODC,2021,18717096.0
HU,ODC,2022,23214852.0
HU,ODC,2023,26375775.0
HU,ODC,2024,28771516.0
MT,D2,1995,368.408189314621
MT,D2,1996,364.6279005863825
MT,D2,1997,405.3771428954111
MT,D2,1998,393.0041975308642
MT,D2,1999,454.9408013743303
MT,D2,2000,495.69235732531564
MT,D2,2001,534.8278380619613
MT,D2,2002,553.647001490799
MT,D2,2003,582.7552389471232
MT,D2,2004,651.4034810645236
MT,D2,2005,741.5493511223199
MT,D2,2006,779.455976760618
MT,D2,2007,826.7965807818891
MT,D2,2008,856.9281898440768
MT,D2,2009,830.52199695
MT,D2,2010,914.17070167
MT,D2,2011,934.3784346543999
MT,D2,2012,957.2711102074
MT,D2,2013,1000.2327195375
MT,D2,2014,1122.48136877
MT,D2,2015,1200.43650334627
MT,D2,2016,1286.327342897167
MT,D2,2017,1424.2854095960001
MT,D2,2018,1590.8311406199
MT,D2,2019,1639.8389694625
MT,D2,2020,1415.8898355331864
MT,D2,2021,1598.1646138705933
MT,D2,2022,1814.0041179208
MT,D2,2023,1973.8192005136998
MT,D2,2024,2139.8762881459998
MT,D21,1995,360.68841293446724
MT,D21,1996,357.1848607540974
MT,D21,1997,396.8801257861635
MT,D21,1998,382.1746995108316
MT,D21,1999,443.22246687631025
MT,D21,2000,482.79204751865365
MT,D21,2001,520.1849752620544
MT,D21,2002,540.0438288842302
MT,D21,2003,562.4169836477987
MT,D21,2004,632.8858657139529
MT,D21,2005,713.1763903563942
MT,D21,2006,750.5920410513238
MT,D21,2007,800.0330621212788
MT,D21,2008,828.55120102
MT,D21,2009,798.1029782524303
MT,D21,2010,827.68691341
MT,D21,2011,899.81813197
MT,D21,2012,919.55122223
MT,D21,2013,959.16609058
MT,D21,2014,1071.40735092
MT,D21,2015,1141.40998857877
MT,D21,2016,1222.714912854667
MT,D21,2017,1365.7277512635
MT,D21,2018,1538.580260052
MT,D21,2019,1567.56142538
MT,D21,2020,1345.7351800290198
MT,D21,2021,1521.59691059726
MT,D21,2022,1730.5245267858
MT,D21,2023,1860.0269217812
MT,D21,2024,2021.941461166
MT,D211,1995,185.39281854181223
MT,D211,1996,186.38877009084555
MT,D211,1997,197.22620778010713
MT,D211,1998,154.5722408572094
MT,D211,1999,196.89809690193337
MT,D211,2000,235.76300954986723
MT,D211,2001,258.4995478220358
MT,D211,2002,273.14170402981597
MT,D211,2003,288.1567297460983
MT,D211,2004,332.61200070114137
MT,D211,2005,397.41672641509433
MT,D211,2006,409.80167451665505
MT,D211,2007,419.9579534091893
MT,D211,2008,458.44390349
MT,D211,2009,456.82097092000004
MT,D211,2010,477.08950125
MT,D211,2011,520.052162
MT,D211,2012,539.98414873
MT,D211,2013,582.16893988
MT,D211,2014,642.2480725
MT,D211,2015,673.34584014877
MT,D211,2016,711.55254814
MT,D211,2017,810.1948142699999
MT,D211,2018,919.66331399
MT,D211,2019,934.31872403
MT,D211,2020,849.4052452155
MT,D211,2021,1000.7028252955
MT,D211,2022,1189.491920249
MT,D211,2023,1268.8301979300002
MT,D211,2024,1401.22301304
MT,D214,1995,137.10055362862056
MT,D214,1996,132.58461849926394
MT,D214,1997,157.93288143489403
MT,D214,1998,184.78382133706032
MT,D214,1999,196.6957978802702
MT,D214,2000,198.5224598183089
MT,D214,2001,211.69861169345447
MT,D214,2002,221.82977451665502
MT,D214,2003,232.12232471465174
MT,D214,2004,280.7053990682506
MT,D214,2005,300.02600759375736
MT,D214,2006,326.9055868157465
MT,D214,2007,365.16575171208945
MT,D214,2008,355.91300253
MT,D214,2009,329.67220033243024
MT,D214,2010,339.02261716000004
MT,D214,2011,368.30028497
MT,D214,2012,363.23407050000003
MT,D214,2013,364.6440976999999
MT,D214,2014,415.00203809
MT,D214,2015,452.1131808399999
MT,D214,2016,494.6948271546671
MT,D214,2017,540.4735232035
MT,D214,2018,605.2841286720001
MT,D214,2019,615.0067336499999
MT,D214,2020,481.1960807535199
MT,D214,2021,499.01547481176
MT,D214,2022,513.5854930268
MT,D214,2023,562.3088245811998
MT,D214,2024,594.181706336
MT,D29,1995,7.719776380153737
MT,D29,1996,7.443039832285115
MT,D29,1997,8.497017109247613
MT,D29,1998,10.829498020032611
MT,D29,1999,11.718334498020033
MT,D29,2000,12.900309806662008
MT,D29,2001,14.642862799906823
MT,D29,2002,13.603172606568831
MT,D29,2003,20.33825529932448
MT,D29,2004,18.517615350570697
MT,D29,2005,28.372960765925598
MT,D29,2006,28.863935709294196
MT,D29,2007,26.763518660610295
MT,D29,2008,28.376988824076815
MT,D29,2009,32.419018697569726
MT,D29,2010,86.48378826000001
MT,D29,2011,34.5603026844
MT,D29,2012,37.719887977400006
MT,D29,2013,41.0666289575
MT,D29,2014,51.074017850000004
MT,D29,2015,59.026514767500004
MT,D29,2016,63.6124300425
MT,D29,2017,58.5576583325
MT,D29,2018,52.2508805679
MT,D29,2019,72.2775440825
MT,D29,2020,70.15465550416667
MT,D29,2021,76.56770327333334
MT,D29,2022,83.479591135
MT,D29,2023,113.7922787325
MT,D29,2024,117.93482698
MT,D5,1995,248.00913347309572
MT,D5,1996,215.70745632424877
MT,D5,1997,272.32930817610065
MT,D5,1998,268.3937037037037
MT,D5,1999,324.464845096669
MT,D5,2000,366.16926063358954
MT,D5,2001,406.711572327044
MT,D5,2002,482.5501793617517
MT,D5,2003,522.2844793850453
MT,D5,2004,502.3680587467971
MT,D5,2005,559.4535081602334
MT,D5,2006,609.7543435918938
MT,D5,2007,725.9546816445375
MT,D5,2008,742.7652873838944
MT,D5,2009,795.42360471
MT,D5,2010,807.7708263400049
MT,D5,2011,849.3874020155994
MT,D5,2012,934.901541249215
MT,D5,2013,1043.2708939925003
MT,D5,2014,1168.512969729999
MT,D5,2015,1294.0793134863736
MT,D5,2016,1574.5071442074993
MT,D5,2017,1838.826083904999
MT,D5,2018,1887.9818744325
MT,D5,2019,2023.1406342750017
MT,D5,2020,1814.7504912191998
MT,D5,2021,2142.4018811436795
MT,D5,2022,2318.28193250462
MT,D5,2023,2514.018574537499
MT,D5,2024,3419.9875178199995
MT,D51,1995,236.5396505939902
MT,D51,1996,203.88035872350338
MT,D51,1997,257.69398555788496
MT,D51,1998,248.532215234102
MT,D51,1999,302.57847426042395
MT,D51,2000,343.7035490100163
MT,D51,2001,381.1474330305148
MT,D51,2002,432.79413929652924
MT,D51,2003,480.3567994409503
MT,D51,2004,476.4729303517354
MT,D51,2005,519.8022315863034
MT,D51,2006,583.9387211833217
MT,D51,2007,691.649041579315
MT,D51,2008,717.254272
MT,D51,2009,759.27740129
MT,D51,2010,770.1801413400049
MT,D51,2011,810.6567611999994
MT,D51,2012,895.652344216615
MT,D51,2013,1003.2608262500003
MT,D51,2014,1077.260256489999
MT,D51,2015,1186.5873823188736
MT,D51,2016,1331.3541731799994
MT,D51,2017,1515.337246359999
MT,D51,2018,1619.2146834
MT,D51,2019,1792.7132579900017
MT,D51,2020,1639.1134214316999
MT,D51,2021,1991.6960353436793
MT,D51,2022,2196.60460851462
MT,D51,2023,2377.4532946299987
MT,D51,2024,3206.8563063199995
MT,D51A,1995,130.53930611091923
MT,D51A,1996,115.10676721210427
MT,D51A,1997,149.16128337330593
MT,D51A,1998,137.9793287683098
MT,D51A,1999,171.53940056229655
MT,D51A,2000,170.7011693454461
MT,D51A,2001,211.06842534358256
MT,D51A,2002,234.2914535290007
MT,D51A,2003,245.4133542976939
MT,D51A,2004,261.02496855345913
MT,D51A,2005,281.2126572094107
MT,D51A,2006,305.4576416724901
MT,D51A,2007,274.89734286047053
MT,D51A,2008,287.728819
MT,D51A,2009,338.05044739475
MT,D51A,2010,340.55909973446467
MT,D51A,2011,386.7268534425056
MT,D51A,2012,415.0749343596733
MT,D51A,2013,460.10636164324586
MT,D51A,2014,486.9348910693459
MT,D51A,2015,517.5872156141951
MT,D51A,2016,593.9686141152041
MT,D51A,2017,684.3752330790109
MT,D51A,2018,801.6057439003539
MT,D51A,2019,882.2414901132928
MT,D51A,2020,940.4042272108326
MT,D51A,2021,1105.9930476601512
MT,D51A,2022,1288.7350956404605
MT,D51A,2023,1433.1471926503318
MT,D51A,2024,1647.7294248205308
MT,D51B,1995,71.08684367114158
MT,D51B,1996,57.3853777661283
MT,D51B,1997,79.53915539799448
MT,D51B,1998,71.70327032641555
MT,D51B,1999,93.32068160493446
MT,D51B,2000,126.57829256929885
MT,D51B,2001,118.57122525040764
MT,D51B,2002,125.00818774749592
MT,D51B,2003,161.59216864663404
MT,D51B,2004,128.04926857675287
MT,D51B,2005,146.35545604472395
MT,D51B,2006,170.73281791288142
MT,D51B,2007,257.9901077568134
MT,D51B,2008,294.698643
MT,D51B,2009,304.72524805525
MT,D51B,2010,322.3133010855403
MT,D51B,2011,310.53683839749385
MT,D51B,2012,362.08783740032686
MT,D51B,2013,421.1593287167545
MT,D51B,2014,447.54514859065307
MT,D51B,2015,510.76665073580386
MT,D51B,2016,577.5993473547953
MT,D51B,2017,652.3978013709883
MT,D51B,2018,609.9568304496462
MT,D51B,2019,684.5272611167089
MT,D51B,2020,543.8487640708671
MT,D51B,2021,701.1135596235283
MT,D51B,2022,711.7008789941592
MT,D51B,2023,730.407856959667
MT,D51B,2024,1298.8927688094689
MT,D59,1995,11.46948287910552
MT,D59,1996,11.827097600745399
MT,D59,1997,14.6353226182157
MT,D59,1998,19.861488469601674
MT,D59,1999,21.886370836245053
MT,D59,2000,22.465711623573256
MT,D59,2001,25.564139296529238
MT,D59,2002,49.75604006522245
MT,D59,2003,41.92767994409503
MT,D59,2004,25.89512839506173
MT,D59,2005,39.65127657392998
MT,D59,2006,25.815622408572093
MT,D59,2007,34.305640065222455
MT,D59,2008,25.5110153838943
MT,D59,2009,36.14620342
MT,D59,2010,37.590685
MT,D59,2011,38.73064081559999
MT,D59,2012,39.2491970326
MT,D59,2013,40.010067742500006
MT,D59,2014,91.25271324
MT,D59,2015,107.4919311675
MT,D59,2016,243.1529710275
MT,D59,2017,323.488837545
MT,D59,2018,268.76719103249997
MT,D59,2019,230.427376285
MT,D59,2020,175.6370697875
MT,D59,2021,150.70584580000002
MT,D59,2022,121.67732398999999
MT,D59,2023,136.56527990749998
MT,D59,2024,213.13121149999998
MT,D91,1995,4.3225832750989985
MT,D91,1996,4.15880736081994
MT,D91,1997,4.978786396459352
MT,D91,1998,3.9546494293035175
MT,D91,1999,4.2305800139762395
MT,D91,2000,4.429131143722338
MT,D91,2001,4.617670626601445
MT,D91,2002,5.331912415560215
MT,D91,2003,6.245040764034474
MT,D91,2004,9.361926438388075
MT,D91,2005,17.50331490798975
MT,D91,2006,14.653377078965757
MT,D91,2007,15.66560976007454
MT,D91,2008,15.069770300000002
MT,D91,2009,14.00537049
MT,D91,2010,14.72154
MT,D91,2011,14.80879274
MT,D91,2012,16.121478030000002
MT,D91,2013,12.74770319
MT,D91,2014,11.823304849999998
MT,D91,2015,14.977762060000002
MT,D91,2016,15.942779169999998
MT,D91,2017,19.31375169
MT,D91,2018,20.69946733
MT,D91,2019,26.109525039999998
MT,D91,2020,22.61834852
MT,D91,2021,29.34025415
MT,D91,2022,36.152572340000006
MT,D91,2023,34.88114521
MT,D91,2024,37.478205009999996
MT,ODA,1995,620.7399060628156
MT,ODA,1996,584.4941642714513
MT,ODA,1997,682.6852374679711
MT,ODA,1998,665.3525506638714
MT,ODA,1999,783.6362264849755
MT,ODA,2000,866.2907491026275
MT,ODA,2001,946.1570810156068
MT,ODA,2002,1041.529093268111
MT,ODA,2003,1111.2847590962028
MT,ODA,2004,1163.1334662497088
MT,ODA,2005,1318.506174190543
MT,ODA,2006,1403.8636974314775
MT,ODA,2007,1568.4168721865012
MT,ODA,2008,1614.763247527971
MT,ODA,2009,1639.9509721499999
MT,ODA,2010,1736.6630680100047
MT,ODA,2011,1798.5746294099993
MT,ODA,2012,1908.294129486615
MT,ODA,2013,2056.25131672
MT,ODA,2014,2302.817643349999
MT,ODA,2015,2509.493578892643
MT,ODA,2016,2876.7772662746665
MT,ODA,2017,3282.4252451909992
MT,ODA,2018,3499.5124823824003
MT,ODA,2019,3689.0891287775016
MT,ODA,2020,3253.2586752723864
MT,ODA,2021,3769.9067491642727
MT,ODA,2022,4168.4386227654195
MT,ODA,2023,4522.718920261199
MT,ODA,2024,5597.342010975999
MT,D61,1995,218.16796179827625
MT,D61,1996,234.7211344048451
MT,D61,1997,260.0094991847193
MT,D61,1998,260.9139771721407
MT,D61,1999,277.9874703004891
MT,D61,2000,304.2828185418123
MT,D61,2001,333.6425332401584
MT,D61,2002,345.9492941998602
MT,D61,2003,353.0719846261356
MT,D61,2004,360.2860914511996
MT,D61,2005,380.16262170976006
MT,D61,2006,389.7720833216864
MT,D61,2007,398.30414840437913
MT,D61,2008,431.99527923
MT,D61,2009,434.92782997000006
MT,D61,2010,456.49551912000004
MT,D61,2011,486.744686816
MT,D61,2012,504.34932181
MT,D61,2013,524.8348661800001
MT,D61,2014,560.30452362
MT,D61,2015,596.3071742
MT,D61,2016,639.2774711299901
MT,D61,2017,702.9092099
MT,D61,2018,764.77712335
MT,D61,2019,800.0778834099999
MT,D61,2020,838.1717614076499
MT,D61,2021,914.7819462863202
MT,D61,2022,990.6156576160297
MT,D61,2023,1068.17721567
MT,D61,2024,1172.54523823
MT,D611,1995,90.20261355695317
MT,D611,1996,93.8212788259958
MT,D611,1997,105.01076170510132
MT,D611,1998,104.80764966224085
MT,D611,1999,107.65824831120426
MT,D611,2000,113.88083624505008
MT,D611,2001,123.05308409037968
MT,D611,2002,127.16035639412996
MT,D611,2003,129.69941998602377
MT,D611,2004,131.69042278127182
MT,D611,2005,137.9359477055672
MT,D611,2006,141.73480852550662
MT,D611,2007,144.0594648963429
MT,D611,2008,158.17088004000001
MT,D611,2009,158.88748245000002
MT,D611,2010,167.75173900000001
MT,D611,2011,182.932770986
MT,D611,2012,189.77535057
MT,D611,2013,202.17128954
MT,D611,2014,217.44901588999997
MT,D611,2015,233.94087672999999
MT,D611,2016,250.74861643783004
MT,D611,2017,275.39200550376
MT,D611,2018,305.58927116159003
MT,D611,2019,324.34960889303005
MT,D611,2020,338.2316843638649
MT,D611,2021,380.7025705650178
MT,D611,2022,414.97600625627734
MT,D611,2023,448.8206308024
MT,D611,2024,499.94687651615004
MT,D613,1995,93.25332867458653
MT,D613,1996,97.86265082692755
MT,D613,1997,110.67044956906591
MT,D613,1998,109.85563102725366
MT,D613,1999,122.02338923829488
MT,D613,2000,144.80493827160493
MT,D613,2001,150.76132895411135
MT,D613,2002,156.29370137433028
MT,D613,2003,158.56118565105987
MT,D613,2004,161.77691355695313
MT,D613,2005,168.9061811087817
MT,D613,2006,173.218577405078
MT,D613,2007,178.088699557419
MT,D613,2008,193.59423768
MT,D613,2009,192.92315474
MT,D613,2010,203.100928
MT,D613,2011,217.41893578000003
MT,D613,2012,224.62296770999998
MT,D613,2013,235.33456848999998
MT,D613,2014,250.97663619000002
MT,D613,2015,270.39840645
MT,D613,2016,291.64797825216004
MT,D613,2017,319.80989184623996
MT,D613,2018,353.70695882841005
MT,D613,2019,374.2597418169699
MT,D613,2020,397.9601298937851
MT,D613,2021,429.91234187130243
MT,D613,2022,472.63789504975233
MT,D613,2023,517.1204920376
MT,D613,2024,565.8702067838501
MT,ODB,1995,804.1958482943553
MT,ODB,1996,776.1780939243746
MT,ODB,1997,898.3664487421383
MT,ODB,1998,880.0158313533659
MT,ODB,1999,1013.3178640344746
MT,ODB,2000,1124.9765236192825
MT,ODB,2001,1219.971494060098
MT,ODB,2002,1324.9831510365711
MT,ODB,2003,1399.5453647332865
MT,ODB,2004,1456.6008025879337
MT,ODB,2005,1625.3483030048922
MT,ODB,2006,1718.817083362062
MT,ODB,2007,1890.565036640263
MT,ODB,2008,1966.5283652479711
MT,ODB,2009,1991.76160934
MT,ODB,2010,2107.515735010005
MT,ODB,2011,2198.926336175999
MT,ODB,2012,2322.6924477666153
MT,ODB,2013,2493.75717475
MT,ODB,2014,2771.243295429999
MT,ODB,2015,3013.8328620726434
MT,ODB,2016,3419.173860964657
MT,ODB,2017,3877.6271425409996
MT,ODB,2018,4158.808712372401
MT,ODB,2019,4387.698479487502
MT,ODB,2020,3989.4504895300365
MT,ODB,2021,4580.521661600593
MT,ODB,2022,5056.052524071449
MT,ODB,2023,5488.660043101199
MT,ODB,2024,6663.159094275999
MT,ODC,1995,838.9078678610919
MT,ODC,1996,819.2152986762964
MT,ODC,1997,942.6947366526904
MT,ODC,1998,926.2665278360121
MT,ODC,1999,1061.6236967854647
MT,ODC,2000,1170.5735676444397
MT,ODC,2001,1279.7996142557652
MT,ODC,2002,1387.478387467971
MT,ODC,2003,1464.3567437223385
MT,ODC,2004,1523.4195577009084
MT,ODC,2005,1698.6687959003032
MT,ODC,2006,1793.635780753164
MT,ODC,2007,1966.7210205908805
MT,ODC,2008,2046.7585267579711
MT,ODC,2009,2074.87880212
MT,ODC,2010,2193.158587130005
MT,ODC,2011,2285.3193162259995
MT,ODC,2012,2412.6434512966152
MT,ODC,2013,2581.0861829
MT,ODC,2014,2863.122166969999
MT,ODC,2015,3105.8007530926434
MT,ODC,2016,3516.0547374046564
MT,ODC,2017,3985.334455090999
MT,ODC,2018,4264.289605732401
MT,ODC,2019,4489.167012187501
MT,ODC,2020,4091.430436680036
MT,ODC,2021,4684.688695450593
MT,ODC,2022,5159.05428038145
MT,ODC,2023,5590.896135931199
MT,ODC,2024,6769.887249205999
NL,D2,1995,35916.0
NL,D2,1996,38332.0
NL,D2,1997,41105.0
NL,D2,1998,44003.0
NL,D2,1999,48986.0
NL,D2,2000,51785.0
NL,D2,2001,58109.0
NL,D2,2002,59762.0
NL,D2,2003,61374.0
NL,D2,2004,64105.0
NL,D2,2005,67449.0
NL,D2,2006,72099.0
NL,D2,2007,74513.0
NL,D2,2008,77792.0
NL,D2,2009,73405.0
NL,D2,2010,74829.0
NL,D2,2011,74676.0
NL,D2,2012,73289.0
NL,D2,2013,76268.0
NL,D2,2014,80640.0
NL,D2,2015,81775.0
NL,D2,2016,87119.0
NL,D2,2017,90664.0
NL,D2,2018,96206.0
NL,D2,2019,103164.0
NL,D2,2020,105060.0
NL,D2,2021,114025.0
NL,D2,2022,118778.0
NL,D2,2023,123007.0
NL,D2,2024,129594.0
NL,D21,1995,32751.0
NL,D21,1996,35093.0
NL,D21,1997,37870.0
NL,D21,1998,40629.0
NL,D21,1999,45196.0
NL,D21,2000,47718.0
NL,D21,2001,53620.0
NL,D21,2002,55076.0
NL,D21,2003,56649.0
NL,D21,2004,59187.0
NL,D21,2005,62154.0
NL,D21,2006,66740.0
NL,D21,2007,69018.0
NL,D21,2008,71831.0
NL,D21,2009,67050.0
NL,D21,2010,68251.0
NL,D21,2011,67709.0
NL,D21,2012,65922.0
NL,D21,2013,67987.0
NL,D21,2014,70032.0
NL,D21,2015,72272.0
NL,D21,2016,76854.0
NL,D21,2017,80053.0
NL,D21,2018,84930.0
NL,D21,2019,91561.0
NL,D21,2020,92132.0
NL,D21,2021,100669.0
NL,D21,2022,105806.0
NL,D21,2023,110135.0
NL,D21,2024,116653.0
NL,D211,1995,19832.0
NL,D211,1996,21315.0
NL,D211,1997,22410.0
NL,D211,1998,24147.0
NL,D211,1999,26940.0
NL,D211,2000,28387.0
NL,D211,2001,31951.0
NL,D211,2002,33573.0
NL,D211,2003,34782.0
NL,D211,2004,35587.0
NL,D211,2005,36950.0
NL,D211,2006,39888.0
NL,D211,2007,41952.0
NL,D211,2008,43308.0
NL,D211,2009,41267.0
NL,D211,2010,41840.0
NL,D211,2011,41900.0
NL,D211,2012,41777.0
NL,D211,2013,42408.0
NL,D211,2014,42951.0
NL,D211,2015,44725.0
NL,D211,2016,47798.0
NL,D211,2017,49791.0
NL,D211,2018,52648.0
NL,D211,2019,58115.0
NL,D211,2020,58971.0
NL,D211,2021,65400.0
NL,D211,2022,70458.0
NL,D211,2023,75594.0
NL,D211,2024,78805.0
NL,D214,1995,11455.0
NL,D214,1996,12378.0
NL,D214,1997,13899.0
NL,D214,1998,14979.0
NL,D214,1999,16733.0
NL,D214,2000,17862.0
NL,D214,2001,20286.0
NL,D214,2002,20276.0
NL,D214,2003,20595.0
NL,D214,2004,22182.0
NL,D214,2005,23711.0
NL,D214,2006,25194.0
NL,D214,2007,25155.0
NL,D214,2008,26542.0
NL,D214,2009,24101.0
NL,D214,2010,24519.0
NL,D214,2011,23717.0
NL,D214,2012,22166.0
NL,D214,2013,23621.0
NL,D214,2014,24852.0
NL,D214,2015,25299.0
NL,D214,2016,26762.0
NL,D214,2017,27903.0
NL,D214,2018,29841.0
NL,D214,2019,30805.0
NL,D214,2020,30692.0
NL,D214,2021,32340.0
NL,D214,2022,31589.0
NL,D214,2023,31304.0
NL,D214,2024,34516.0
NL,D29,1995,3165.0
NL,D29,1996,3239.0
NL,D29,1997,3235.0
NL,D29,1998,3374.0
NL,D29,1999,3790.0
NL,D29,2000,4067.0
NL,D29,2001,4489.0
NL,D29,2002,4686.0
NL,D29,2003,4725.0
NL,D29,2004,4918.0
NL,D29,2005,5295.0
NL,D29,2006,5359.0
NL,D29,2007,5495.0
NL,D29,2008,5961.0
NL,D29,2009,6355.0
NL,D29,2010,6578.0
NL,D29,2011,6967.0
NL,D29,2012,7367.0
NL,D29,2013,8281.0
NL,D29,2014,10608.0
NL,D29,2015,9503.0
NL,D29,2016,10265.0
NL,D29,2017,10611.0
NL,D29,2018,11276.0
NL,D29,2019,11603.0
NL,D29,2020,12928.0
NL,D29,2021,13356.0
NL,D29,2022,12972.0
NL,D29,2023,12872.0
NL,D29,2024,12941.0
NL,D5,1995,37474.0
NL,D5,1996,40615.0
NL,D5,1997,41469.0
NL,D5,1998,43070.0
NL,D5,1999,45492.0
NL,D5,2000,48522.0
NL,D5,2001,49493.0
NL,D5,2002,52255.0
NL,D5,2003,48776.0
NL,D5,2004,51395.0
NL,D5,2005,55677.0
NL,D5,2006,58727.0
NL,D5,2007,65734.0
NL,D5,2008,71117.0
NL,D5,2009,65864.0
NL,D5,2010,67192.0
NL,D5,2011,69989.0
NL,D5,2012,69920.0
NL,D5,2013,69741.0
NL,D5,2014,76187.0
NL,D5,2015,81100.0
NL,D5,2016,84618.0
NL,D5,2017,93897.0
NL,D5,2018,96400.0
NL,D5,2019,105837.0
NL,D5,2020,101591.0
NL,D5,2021,114962.0
NL,D5,2022,133182.0
NL,D5,2023,156229.0
NL,D5,2024,167731.0
NL,D51,1995,33520.0
NL,D51,1996,36112.0
NL,D51,1997,37093.0
NL,D51,1998,38405.0
NL,D51,1999,40571.0
NL,D51,2000,43247.0
NL,D51,2001,44853.0
NL,D51,2002,47484.0
NL,D51,2003,43741.0
NL,D51,2004,46026.0
NL,D51,2005,49879.0
NL,D51,2006,53768.0
NL,D51,2007,60269.0
NL,D51,2008,65253.0
NL,D51,2009,59674.0
NL,D51,2010,60653.0
NL,D51,2011,63305.0
NL,D51,2012,63173.0
NL,D51,2013,62897.0
NL,D51,2014,68823.0
NL,D51,2015,73662.0
NL,D51,2016,77063.0
NL,D51,2017,86142.0
NL,D51,2018,88536.0
NL,D51,2019,97774.0
NL,D51,2020,93385.0
NL,D51,2021,106713.0
NL,D51,2022,124558.0
NL,D51,2023,147170.0
NL,D51,2024,158117.0
NL,D51A,1995,23530.0
NL,D51A,1996,23026.0
NL,D51A,1997,21583.0
NL,D51A,1998,22108.0
NL,D51A,1999,23294.0
NL,D51A,2000,25057.0
NL,D51A,2001,25989.0
NL,D51A,2002,30889.0
NL,D51A,2003,29275.0
NL,D51A,2004,29984.0
NL,D51A,2005,30530.0
NL,D51A,2006,34492.0
NL,D51A,2007,39526.0
NL,D51A,2008,44846.0
NL,D51A,2009,47079.0
NL,D51A,2010,46772.0
NL,D51A,2011,49839.0
NL,D51A,2012,50245.0
NL,D51A,2013,49299.0
NL,D51A,2014,52770.0
NL,D51A,2015,55384.0
NL,D51A,2016,53627.0
NL,D51A,2017,62241.0
NL,D51A,2018,62351.0
NL,D51A,2019,68762.0
NL,D51A,2020,69763.0
NL,D51A,2021,73600.0
NL,D51A,2022,77910.0
NL,D51A,2023,95853.0
NL,D51A,2024,110062.0
NL,D51B,1995,9963.0
NL,D51B,1996,13045.0
NL,D51B,1997,15468.0
NL,D51B,1998,16249.0
NL,D51B,1999,17215.0
NL,D51B,2000,18140.0
NL,D51B,2001,18800.0
NL,D51B,2002,16530.0
NL,D51B,2003,14380.0
NL,D51B,2004,15972.0
NL,D51B,2005,19255.0
NL,D51B,2006,19198.0
NL,D51B,2007,20617.0
NL,D51B,2008,20295.0
NL,D51B,2009,12488.0
NL,D51B,2010,13748.0
NL,D51B,2011,13324.0
NL,D51B,2012,12781.0
NL,D51B,2013,13455.0
NL,D51B,2014,15925.0
NL,D51B,2015,18136.0
NL,D51B,2016,23306.0
NL,D51B,2017,23772.0
NL,D51B,2018,26039.0
NL,D51B,2019,28855.0
NL,D51B,2020,23443.0
NL,D51B,2021,32937.0
NL,D51B,2022,46440.0
NL,D51B,2023,51146.0
NL,D51B,2024,47871.0
NL,D59,1995,3954.0
NL,D59,1996,4503.0
NL,D59,1997,4376.0
NL,D59,1998,4665.0
NL,D59,1999,4921.0
NL,D59,2000,5275.0
NL,D59,2001,4640.0
NL,D59,2002,4771.0
NL,D59,2003,5035.0
NL,D59,2004,5369.0
NL,D59,2005,5798.0
NL,D59,2006,4959.0
NL,D59,2007,5465.0
NL,D59,2008,5864.0
NL,D59,2009,6190.0
NL,D59,2010,6539.0
NL,D59,2011,6684.0
NL,D59,2012,6747.0
NL,D59,2013,6844.0
NL,D59,2014,7364.0
NL,D59,2015,7438.0
NL,D59,2016,7555.0
NL,D59,2017,7755.0
NL,D59,2018,7864.0
NL,D59,2019,8063.0
NL,D59,2020,8206.0
NL,D59,2021,8249.0
NL,D59,2022,8624.0
NL,D59,2023,9059.0
NL,D59,2024,9614.0
NL,D91,1995,1051.0
NL,D91,1996,1156.0
NL,D91,1997,1237.0
NL,D91,1998,1392.0
NL,D91,1999,1511.0
NL,D91,2000,1695.0
NL,D91,2001,1511.0
NL,D91,2002,1897.0
NL,D91,2003,1679.0
NL,D91,2004,1727.0
NL,D91,2005,1929.0
NL,D91,2006,2068.0
NL,D91,2007,2120.0
NL,D91,2008,2077.0
NL,D91,2009,2086.0
NL,D91,2010,1945.0
NL,D91,2011,1761.0
NL,D91,2012,1602.0
NL,D91,2013,1921.0
NL,D91,2014,1675.0
NL,D91,2015,1773.0
NL,D91,2016,2004.0
NL,D91,2017,2006.0
NL,D91,2018,1888.0
NL,D91,2019,1957.0
NL,D91,2020,2284.0
NL,D91,2021,2699.0
NL,D91,2022,2789.0
NL,D91,2023,3235.0
NL,D91,2024,3480.0
NL,ODA,1995,74441.0
NL,ODA,1996,80103.0
NL,ODA,1997,83811.0
NL,ODA,1998,88465.0
NL,ODA,1999,95989.0
NL,ODA,2000,102002.0
NL,ODA,2001,109113.0
NL,ODA,2002,113914.0
NL,ODA,2003,111829.0
NL,ODA,2004,117227.0
NL,ODA,2005,125055.0
NL,ODA,2006,132894.0
NL,ODA,2007,142367.0
NL,ODA,2008,150986.0
NL,ODA,2009,141355.0
NL,ODA,2010,143966.0
NL,ODA,2011,146426.0
NL,ODA,2012,144811.0
NL,ODA,2013,147930.0
NL,ODA,2014,158502.0
NL,ODA,2015,164648.0
NL,ODA,2016,173741.0
NL,ODA,2017,186567.0
NL,ODA,2018,194494.0
NL,ODA,2019,210958.0
NL,ODA,2020,208935.0
NL,ODA,2021,231686.0
NL,ODA,2022,254749.0
NL,ODA,2023,282471.0
NL,ODA,2024,300805.0
NL,D61,1995,53855.0
NL,D61,1996,54172.0
NL,D61,1997,57016.0
NL,D61,1998,60520.0
NL,D61,1999,66234.0
NL,D61,2000,70661.0
NL,D61,2001,69502.0
NL,D61,2002,69413.0
NL,D61,2003,74864.0
NL,D61,2004,75637.0
NL,D61,2005,76714.0
NL,D61,2006,85412.0
NL,D61,2007,85988.0
NL,D61,2008,89891.0
NL,D61,2009,87417.0
NL,D61,2010,92061.0
NL,D61,2011,93512.0
NL,D61,2012,96647.0
NL,D61,2013,100170.0
NL,D61,2014,100772.0
NL,D61,2015,99778.0
NL,D61,2016,107929.0
NL,D61,2017,108866.0
NL,D61,2018,115580.0
NL,D61,2019,118959.0
NL,D61,2020,118614.0
NL,D61,2021,121366.0
NL,D61,2022,129683.0
NL,D61,2023,134803.0
NL,D61,2024,141175.0
NL,D611,1995,5941.0
NL,D611,1996,6124.0
NL,D611,1997,5987.0
NL,D611,1998,16358.0
NL,D611,1999,17152.0
NL,D611,2000,18671.0
NL,D611,2001,19444.0
NL,D611,2002,20225.0
NL,D611,2003,20629.0
NL,D611,2004,21232.0
NL,D611,2005,20595.0
NL,D611,2006,24686.0
NL,D611,2007,25898.0
NL,D611,2008,28413.0
NL,D611,2009,28242.0
NL,D611,2010,29327.0
NL,D611,2011,30264.0
NL,D611,2012,32642.0
NL,D611,2013,31616.0
NL,D611,2014,34996.0
NL,D611,2015,34614.0
NL,D611,2016,36595.0
NL,D611,2017,37720.0
NL,D611,2018,40702.0
NL,D611,2019,43693.0
NL,D611,2020,44135.0
NL,D611,2021,45071.0
NL,D611,2022,49303.0
NL,D611,2023,53521.0
NL,D611,2024,58260.0
NL,D613,1995,43781.0
NL,D613,1996,43732.0
NL,D613,1997,46674.0
NL,D613,1998,39780.0
NL,D613,1999,44690.0
NL,D613,2000,47705.0
NL,D613,2001,45572.0
NL,D613,2002,44578.0
NL,D613,2003,49573.0
NL,D613,2004,49349.0
NL,D613,2005,51127.0
NL,D613,2006,56845.0
NL,D613,2007,56070.0
NL,D613,2008,57373.0
NL,D613,2009,54980.0
NL,D613,2010,58547.0
NL,D613,2011,58933.0
NL,D613,2012,59902.0
NL,D613,2013,64351.0
NL,D613,2014,61547.0
NL,D613,2015,60865.0
NL,D613,2016,67292.0
NL,D613,2017,67093.0
NL,D613,2018,70730.0
NL,D613,2019,70938.0
NL,D613,2020,70178.0
NL,D613,2021,71770.0
NL,D613,2022,75160.0
NL,D613,2023,75736.0
NL,D613,2024,76979.0
NL,ODB,1995,124163.0
NL,ODB,1996,129959.0
NL,ODB,1997,136472.0
NL,ODB,1998,144603.0
NL,ODB,1999,157831.0
NL,ODB,2000,168378.0
NL,ODB,2001,174129.0
NL,ODB,2002,178717.0
NL,ODB,2003,182031.0
NL,ODB,2004,187808.0
NL,ODB,2005,196777.0
NL,ODB,2006,214425.0
NL,ODB,2007,224335.0
NL,ODB,2008,236772.0
NL,ODB,2009,224577.0
NL,ODB,2010,231840.0
NL,ODB,2011,235623.0
NL,ODB,2012,237355.0
NL,ODB,2013,243897.0
NL,ODB,2014,255045.0
NL,ODB,2015,260127.0
NL,ODB,2016,277628.0
NL,ODB,2017,291380.0
NL,ODB,2018,305926.0
NL,ODB,2019,325589.0
NL,ODB,2020,323248.0
NL,ODB,2021,348527.0
NL,ODB,2022,379212.0
NL,ODB,2023,411728.0
NL,ODB,2024,436044.0
NL,ODC,1995,128296.0
NL,ODC,1996,134275.0
NL,ODC,1997,140827.0
NL,ODC,1998,148985.0
NL,ODC,1999,162223.0
NL,ODC,2000,172663.0
NL,ODC,2001,178615.0
NL,ODC,2002,183327.0
NL,ODC,2003,186693.0
NL,ODC,2004,192864.0
NL,ODC,2005,201769.0
NL,ODC,2006,218306.0
NL,ODC,2007,228355.0
NL,ODC,2008,240877.0
NL,ODC,2009,228772.0
NL,ODC,2010,236027.0
NL,ODC,2011,239938.0
NL,ODC,2012,241458.0
NL,ODC,2013,248100.0
NL,ODC,2014,259274.0
NL,ODC,2015,264426.0
NL,ODC,2016,281670.0
NL,ODC,2017,295433.0
NL,ODC,2018,310074.0
NL,ODC,2019,329917.0
NL,ODC,2020,327549.0
NL,ODC,2021,353052.0
NL,ODC,2022,384432.0
NL,ODC,2023,417274.0
NL,ODC,2024,441980.0
AT,D2,1995,26080.27162687069
AT,D2,1996,27610.600105456157
AT,D2,1997,29043.136819905056
AT,D2,1998,30024.333975561396
AT,D2,1999,31331.941358699773
AT,D2,2000,31990.668697459987
AT,D2,2001,32848.290179696305
AT,D2,2002,34024.62919553661
AT,D2,2003,34481.396524546646
AT,D2,2004,35578.01755727511
AT,D2,2005,36519.0538372911
AT,D2,2006,37439.06194366514
AT,D2,2007,39522.1155046013
AT,D2,2008,41115.83343979572
AT,D2,2009,41521.22476377133
AT,D2,2010,42823.66668981818
AT,D2,2011,45105.57204357751
AT,D2,2012,47109.25045412253
AT,D2,2013,47765.5120183832
AT,D2,2014,48818.04672234944
AT,D2,2015,50668.34256911746
AT,D2,2016,52685.343212330954
AT,D2,2017,53559.6992878345
AT,D2,2018,54729.88265212112
AT,D2,2019,56417.659916896715
AT,D2,2020,53110.567041115115
AT,D2,2021,57981.936725557345
AT,D2,2022,62601.08358012426
AT,D2,2023,66273.04921417074
AT,D2,2024,67990.990966247
AT,D21,1995,20107.426306405265
AT,D21,1996,21513.357011280612
AT,D21,1997,22737.464888905586
AT,D21,1998,23515.85848942719
AT,D21,1999,24674.586163441323
AT,D21,2000,25139.323740324984
AT,D21,2001,25694.311886105763
AT,D21,2002,26622.718440589862
AT,D21,2003,26985.61484648626
AT,D21,2004,27982.98853068789
AT,D21,2005,28755.788186929545
AT,D21,2006,29425.550742800722
AT,D21,2007,31169.95990606605
AT,D21,2008,32069.306717172538
AT,D21,2009,32120.716357773945
AT,D21,2010,33080.424783449125
AT,D21,2011,34592.50104317635
AT,D21,2012,36158.01119524263
AT,D21,2013,36465.311395503435
AT,D21,2014,37249.00285930922
AT,D21,2015,38707.47018948822
AT,D21,2016,40281.85101875223
AT,D21,2017,41516.20112878258
AT,D21,2018,42519.207906418655
AT,D21,2019,43634.486072942986
AT,D21,2020,40547.33232812955
AT,D21,2021,44501.363563065635
AT,D21,2022,48267.63116426309
AT,D21,2023,50894.450544171814
AT,D21,2024,52583.87871768954
AT,D211,1995,13359.648930863537
AT,D211,1996,14566.52556963583
AT,D211,1997,15158.241746602793
AT,D211,1998,15620.252693536699
AT,D211,1999,16609.905105207115
AT,D211,2000,16819.8576679164
AT,D211,2001,17233.2362746
AT,D211,2002,17934.472877539996
AT,D211,2003,17870.8655608719
AT,D211,2004,18553.07957325791
AT,D211,2005,19367.736163646972
AT,D211,2006,19687.718544470725
AT,D211,2007,20936.812497000916
AT,D211,2008,21853.87077066725
AT,D211,2009,22085.17121426518
AT,D211,2010,22675.01182600879
AT,D211,2011,23418.65414195389
AT,D211,2012,24509.396729381104
AT,D211,2013,24875.388520993427
AT,D211,2014,25372.326422449227
AT,D211,2015,26234.87421607822
AT,D211,2016,27322.13843812223
AT,D211,2017,28307.675563662582
AT,D211,2018,29287.31079688866
AT,D211,2019,30387.45158101298
AT,D211,2020,28168.72964988052
AT,D211,2021,30621.498151937685
AT,D211,2022,35496.4665561
AT,D211,2023,37891.13241411
AT,D211,2024,39259.11193970999
AT,D214,1995,6386.218794347982
AT,D214,1996,6678.10224913655
AT,D214,1997,7232.990923114486
AT,D214,1998,7537.110318846622
AT,D214,1999,7712.195392893392
AT,D214,2000,7946.315572324494
AT,D214,2001,8123.801862635759
AT,D214,2002,8359.652660669863
AT,D214,2003,8776.634059074355
AT,D214,2004,9100.204921928977
AT,D214,2005,9061.267878818573
AT,D214,2006,9370.584135241
AT,D214,2007,9843.22094158913
AT,D214,2008,9865.017503129287
AT,D214,2009,9715.222667918759
AT,D214,2010,10065.853789010329
AT,D214,2011,10796.362922992452
AT,D214,2012,11305.904697781523
AT,D214,2013,11261.901262810003
AT,D214,2014,11506.539235159998
AT,D214,2015,12056.092058209997
AT,D214,2016,12510.80567243
AT,D214,2017,12709.27237292
AT,D214,2018,12746.066548429999
AT,D214,2019,12756.28868193
AT,D214,2020,11903.047288249038
AT,D214,2021,13392.08322412795
AT,D214,2022,12134.376562163092
AT,D214,2023,12434.877446061811
AT,D214,2024,12807.49706497955
AT,D29,1995,5972.845320465425
AT,D29,1996,6097.243094175546
AT,D29,1997,6305.671930999471
AT,D29,1998,6508.475486134203
AT,D29,1999,6657.355195258451
AT,D29,2000,6851.344957135008
AT,D29,2001,7153.978293590544
AT,D29,2002,7401.910754946755
AT,D29,2003,7495.781678060392
AT,D29,2004,7595.029026587226
AT,D29,2005,7763.265650361562
AT,D29,2006,8013.5112008644155
AT,D29,2007,8352.15559853525
AT,D29,2008,9046.52672262318
AT,D29,2009,9400.508405997389
AT,D29,2010,9743.241906369061
AT,D29,2011,10513.071000401153
AT,D29,2012,10951.23925887989
AT,D29,2013,11300.200622879764
AT,D29,2014,11569.043863040224
AT,D29,2015,11960.872379629243
AT,D29,2016,12403.492193578713
AT,D29,2017,12043.498159051924
AT,D29,2018,12210.674745702467
AT,D29,2019,12783.17384395373
AT,D29,2020,12563.234712985553
AT,D29,2021,13480.573162491713
AT,D29,2022,14333.45241586116
AT,D29,2023,15378.59866999892
AT,D29,2024,15407.112248557463
AT,D5,1995,21104.187411643685
AT,D5,1996,23595.468761829987
AT,D5,1997,25507.048322269195
AT,D5,1998,26845.03128986951
AT,D5,1999,27016.486380541428
AT,D5,2000,28046.39563571654
AT,D5,2001,32560.230201669692
AT,D5,2002,30963.805332109372
AT,D5,2003,31239.397971708873
AT,D5,2004,32131.930397927794
AT,D5,2005,32372.99328275036
AT,D5,2006,33935.10187521403
AT,D5,2007,37298.57581362757
AT,D5,2008,40284.79783402195
AT,D5,2009,35916.864412495575
AT,D5,2010,37145.15051051861
AT,D5,2011,39188.97613996813
AT,D5,2012,41274.05920773131
AT,D5,2013,43146.02747168442
AT,D5,2014,45361.612256180764
AT,D5,2015,48489.4914940296
AT,D5,2016,45485.54065120433
AT,D5,2017,47667.03320004639
AT,D5,2018,51754.299779803405
AT,D5,2019,53993.62144548215
AT,D5,2020,48668.115958783506
AT,D5,2021,56128.88855371248
AT,D5,2022,64102.04477395432
AT,D5,2023,66045.44274357961
AT,D5,2024,69391.71124203186
AT,D51,1995,19934.07977774419
AT,D51,1996,22408.687978818773
AT,D51,1997,24280.91638604471
AT,D51,1998,25483.13031568538
AT,D51,1999,25681.3459912568
AT,D51,2000,26478.31301563624
AT,D51,2001,30860.29711380221
AT,D51,2002,29198.318805452913
AT,D51,2003,29421.748447509046
AT,D51,2004,30225.438018852125
AT,D51,2005,30395.436597722535
AT,D51,2006,31891.75524650209
AT,D51,2007,35150.6518047175
AT,D51,2008,38043.90315249742
AT,D51,2009,33623.50502358953
AT,D51,2010,34780.03896022959
AT,D51,2011,36795.81784039574
AT,D51,2012,38788.98510278357
AT,D51,2013,40581.19079442015
AT,D51,2014,42468.69662629315
AT,D51,2015,45571.614834377404
AT,D51,2016,42493.492562398314
AT,D51,2017,44477.65947606498
AT,D51,2018,48515.78480906632
AT,D51,2019,50676.77878577591
AT,D51,2020,45356.335582106585
AT,D51,2021,52733.9612413726
AT,D51,2022,60583.434031612414
AT,D51,2023,62469.189906915555
AT,D51,2024,65914.29030985
AT,D51A,1995,16644.31490442196
AT,D51A,1996,18101.031432865933
AT,D51A,1997,19635.84544746536
AT,D51A,1998,20452.331802561996
AT,D51A,1999,21223.980853818397
AT,D51A,2000,21361.030971615928
AT,D51A,2001,23323.122798968467
AT,D51A,2002,23314.40057278108
AT,D51A,2003,23579.489085238012
AT,D51A,2004,23960.523266320975
AT,D51A,2005,23946.897839694633
AT,D51A,2006,25211.587408737367
AT,D51A,2007,27328.060540282106
AT,D51A,2008,29790.89134731874
AT,D51A,2009,27712.46617296391
AT,D51A,2010,28158.005436061398
AT,D51A,2011,29481.155185225936
AT,D51A,2012,31232.34000701027
AT,D51A,2013,32425.491036395466
AT,D51A,2014,34260.00960260088
AT,D51A,2015,36664.76362081106
AT,D51A,2016,32857.21696908756
AT,D51A,2017,34046.79888706869
AT,D51A,2018,36694.48948389488
AT,D51A,2019,38537.58270275057
AT,D51A,2020,35827.54065995698
AT,D51A,2021,40017.62106084398
AT,D51A,2022,43617.26521162697
AT,D51A,2023,45150.16047349604
AT,D51A,2024,48976.12010073
AT,D51B,1995,2759.707592302917
AT,D51B,1996,3778.703096685019
AT,D51B,1997,4102.732979464359
AT,D51B,1998,4469.846258529369
AT,D51B,1999,3880.503228949492
AT,D51B,2000,4525.575373311823
AT,D51B,2001,6923.028189403742
AT,D51B,2002,5246.722099721832
AT,D51B,2003,5200.243955471034
AT,D51B,2004,5606.9980518211505
AT,D51B,2005,5766.118566277902
AT,D51B,2006,5963.705725814722
AT,D51B,2007,7069.372028815386
AT,D51B,2008,7467.5426281086775
AT,D51B,2009,5113.861291025623
AT,D51B,2010,5810.425789568183
AT,D51B,2011,6470.008221999805
AT,D51B,2012,6679.432440783298
AT,D51B,2013,7240.437763644689
AT,D51B,2014,7273.001943012273
AT,D51B,2015,7941.39350008635
AT,D51B,2016,8632.718024880756
AT,D51B,2017,9362.680436736293
AT,D51B,2018,10695.728425641433
AT,D51B,2019,10981.565943495341
AT,D51B,2020,8380.197064399415
AT,D51B,2021,11487.056847268623
AT,D51B,2022,15664.67822311545
AT,D51B,2023,15920.887991609503
AT,D51B,2024,15433.78856327
AT,D59,1995,1170.1076338994976
AT,D59,1996,1186.780783011211
AT,D59,1997,1226.131936224484
AT,D59,1998,1361.9009741841326
AT,D59,1999,1335.140389284629
AT,D59,2000,1568.0826200803047
AT,D59,2001,1699.9330878674814
AT,D59,2002,1765.4865266564616
AT,D59,2003,1817.6495241998275
AT,D59,2004,1906.492379075667
AT,D59,2005,1977.5566850278262
AT,D59,2006,2043.346628711945
AT,D59,2007,2147.9240089100726
AT,D59,2008,2240.8946815245417
AT,D59,2009,2293.359388906049
AT,D59,2010,2365.111550289025
AT,D59,2011,2393.158299572392
AT,D59,2012,2485.0741049477483
AT,D59,2013,2564.836677264267
AT,D59,2014,2892.9156298876055
AT,D59,2015,2917.876659652187
AT,D59,2016,2992.0480888060165
AT,D59,2017,3189.3737239814122
AT,D59,2018,3238.5149707370942
AT,D59,2019,3316.8426597062444
AT,D59,2020,3311.7803766769207
AT,D59,2021,3394.9273123398784
AT,D59,2022,3518.610742341905
AT,D59,2023,3576.2528366640636
AT,D59,2024,3477.4209321818635
AT,D91,1995,82.01627791109202
AT,D91,1996,89.45984909485992
AT,D91,1997,90.39517059729806
AT,D91,1998,104.477121112912
AT,D91,1999,119.579636579871
AT,D91,2000,111.182896133805
AT,D91,2001,165.76582139
AT,D91,2002,148.08263513
AT,D91,2003,157.01417667
AT,D91,2004,154.37766736
AT,D91,2005,139.6567911
AT,D91,2006,131.88509134
AT,D91,2007,155.17290039
AT,D91,2008,142.67264535
AT,D91,2009,129.78382056
AT,D91,2010,44.8404704
AT,D91,2011,50.82632112
AT,D91,2012,31.66888959
AT,D91,2013,747.28727294
AT,D91,2014,295.68094179
AT,D91,2015,87.78936505000001
AT,D91,2016,54.84910019
AT,D91,2017,27.280476989999997
AT,D91,2018,83.45298145999999
AT,D91,2019,10.86643724
AT,D91,2020,13.877041640000002
AT,D91,2021,12.96371388
AT,D91,2022,42.82673472999999
AT,D91,2023,90.65511701999999
AT,D91,2024,29.94965616
AT,ODA,1995,47266.475316425465
AT,ODA,1996,51295.528716381006
AT,ODA,1997,54640.58031277155
AT,ODA,1998,56973.842386543816
AT,ODA,1999,58468.00737582107
AT,ODA,2000,60148.247229310335
AT,ODA,2001,65574.286202756
AT,ODA,2002,65136.517162775985
AT,ODA,2003,65877.80867292553
AT,ODA,2004,67864.3256225629
AT,ODA,2005,69031.70391114146
AT,ODA,2006,71506.04891021918
AT,ODA,2007,76975.86421861887
AT,ODA,2008,81543.3039191677
AT,ODA,2009,77567.8729968269
AT,ODA,2010,80013.65767073681
AT,ODA,2011,84345.37450466564
AT,ODA,2012,88414.97855144384
AT,ODA,2013,91658.82676300762
AT,ODA,2014,94475.33992032021
AT,ODA,2015,99245.62342819707
AT,ODA,2016,98225.73296372527
AT,ODA,2017,101254.01296487088
AT,ODA,2018,106567.63541338453
AT,ODA,2019,110422.14779961886
AT,ODA,2020,101792.5600415386
AT,ODA,2021,114123.78899314984
AT,ODA,2022,126745.95508880857
AT,ODA,2023,132409.14707477033
AT,ODA,2024,137412.65186443884
AT,D61,1995,28533.467496457975
AT,D61,1996,29714.848403219567
AT,D61,1997,30484.81034312398
AT,D61,1998,31498.99604033926
AT,D61,1999,32632.556068562822
AT,D61,2000,33424.909003115754
AT,D61,2001,34442.85080744605
AT,D61,2002,34955.56981283317
AT,D61,2003,35774.41871072969
AT,D61,2004,37103.47463192166
AT,D61,2005,38080.25829151489
AT,D61,2006,39570.31446855059
AT,D61,2007,41177.92161766122
AT,D61,2008,42916.93241990034
AT,D61,2009,43395.82642185093
AT,D61,2010,44208.81660584363
AT,D61,2011,46107.743410657386
AT,D61,2012,47635.35313883415
AT,D61,2013,49510.96390890333
AT,D61,2014,50986.01612644903
AT,D61,2015,52624.91273341872
AT,D61,2016,54447.2778997258
AT,D61,2017,56490.1368772021
AT,D61,2018,59217.00377527954
AT,D61,2019,61608.55623907834
AT,D61,2020,61538.746481850976
AT,D61,2021,64753.89972775045
AT,D61,2022,68336.96658281257
AT,D61,2023,73268.8247538466
AT,D61,2024,78975.06827950929
AT,D611,1995,12792.1254214983
AT,D611,1996,13252.197819458197
AT,D611,1997,13592.687608563483
AT,D611,1998,13820.593922275179
AT,D611,1999,14304.304149026153
AT,D611,2000,14651.298382305353
AT,D611,2001,14831.05011351828
AT,D611,2002,15032.68688605802
AT,D611,2003,15386.987954287484
AT,D611,2004,15859.706789299998
AT,D611,2005,16562.442447352343
AT,D611,2006,17260.58833158298
AT,D611,2007,18091.211396512426
AT,D611,2008,18854.79903663116
AT,D611,2009,18947.29040475853
AT,D611,2010,19421.478388475723
AT,D611,2011,20302.108685731917
AT,D611,2012,21082.2059286021
AT,D611,2013,21921.957367295072
AT,D611,2014,22667.299019056005
AT,D611,2015,23378.50000037437
AT,D611,2016,24274.85402220827
AT,D611,2017,25285.305177942664
AT,D611,2018,26709.92829492601
AT,D611,2019,27826.353450432885
AT,D611,2020,27709.22129758565
AT,D611,2021,29184.445573780344
AT,D611,2022,31080.038924828346
AT,D611,2023,33441.57130922205
AT,D611,2024,36082.74070013835
AT,D613,1995,13578.087942289676
AT,D613,1996,14133.316733341368
AT,D613,1997,14546.963399460496
AT,D613,1998,15279.930430704084
AT,D613,1999,15820.293743076669
AT,D613,2000,16289.069923110403
AT,D613,2001,17012.67666010777
AT,D613,2002,17296.736986285156
AT,D613,2003,17752.099455382202
AT,D613,2004,18601.814702761658
AT,D613,2005,19268.466386772547
AT,D613,2006,20120.222341387613
AT,D613,2007,20909.26582784879
AT,D613,2008,21901.99550020918
AT,D613,2009,22319.14162415241
AT,D613,2010,22680.983089277906
AT,D613,2011,23734.53327258547
AT,D613,2012,24528.33055536205
AT,D613,2013,25616.883609848257
AT,D613,2014,26405.754382013027
AT,D613,2015,27321.546164894353
AT,D613,2016,28307.19440184753
AT,D613,2017,29397.972949049443
AT,D613,2018,30750.00318087353
AT,D613,2019,32078.84097982545
AT,D613,2020,32189.61914102533
AT,D613,2021,34002.672873950105
AT,D613,2022,35731.228961154215
AT,D613,2023,38298.89570211355
AT,D613,2024,41323.496567380935
AT,ODB,1995,73636.68868021344
AT,ODB,1996,78681.04326918059
AT,ODB,1997,82780.23132079553
AT,ODB,1998,86074.36673952309
AT,ODB,1999,88592.6052679239
AT,ODB,2000,91088.61553472608
AT,ODB,2001,97418.01297638206
AT,ODB,2002,97465.94103511916
AT,ODB,2003,99016.89608259522
AT,ODB,2004,102325.84711462456
AT,ODB,2005,104862.61274526638
AT,ODB,2006,108886.85958318975
AT,ODB,2007,115976.34144298009
AT,ODB,2008,122300.09845600803
AT,ODB,2009,118834.30502573783
AT,ODB,2010,122116.11914849046
AT,ODB,2011,128382.01646298301
AT,ODB,2012,134025.51503540797
AT,ODB,2013,139197.66774015094
AT,ODB,2014,143548.39332138925
AT,ODB,2015,149945.66959346578
AT,ODB,2016,150807.78138778105
AT,ODB,2017,155937.29109186298
AT,ODB,2018,164027.56688918406
AT,ODB,2019,170327.34222987722
AT,ODB,2020,161691.40048014958
AT,ODB,2021,177310.90744088028
AT,ODB,2022,193557.22297479113
AT,ODB,2023,204149.61408610595
AT,ODB,2024,214818.88913195816
AT,ODC,1995,75799.94281288344
AT,ODC,1996,81010.37711960058
AT,ODC,1997,85125.39065589554
AT,ODC,1998,88472.83842688309
AT,ODC,1999,91100.56344438391
AT,ODC,2000,93573.15623242609
AT,ODC,2001,100017.13701020206
AT,ODC,2002,100092.08697560917
AT,ODC,2003,101652.22738365522
AT,ODC,2004,104967.80025448455
AT,ODC,2005,107111.96220265637
AT,ODC,2006,111076.36337876975
AT,ODC,2007,118153.78583628009
AT,ODC,2008,124460.23633906801
AT,ODC,2009,120963.69941867783
AT,ODC,2010,124222.47427658044
AT,ODC,2011,130453.11791532303
AT,ODC,2012,136050.331690278
AT,ODC,2013,141169.79067191095
AT,ODC,2014,145461.35604676924
AT,ODC,2015,151870.53616161578
AT,ODC,2016,152673.01086345105
AT,ODC,2017,157744.149842073
AT,ODC,2018,165784.63918866406
AT,ODC,2019,172030.7040386972
AT,ODC,2020,163331.30652338956
AT,ODC,2021,178877.68872090027
AT,ODC,2022,195082.92167162115
AT,ODC,2023,205677.97182861695
AT,ODC,2024,216387.72014394813
PL,D2,1995,48938.0
PL,D2,1996,62141.0
PL,D2,1997,72898.0
PL,D2,1998,80662.0
PL,D2,1999,92482.0
PL,D2,2000,96555.0
PL,D2,2001,101453.0
PL,D2,2002,110312.0
PL,D2,2003,114908.0
PL,D2,2004,126413.0
PL,D2,2005,138146.0
PL,D2,2006,152454.0
PL,D2,2007,172888.0
PL,D2,2008,188703.0
PL,D2,2009,179894.0
PL,D2,2010,200389.0
PL,D2,2011,218343.0
PL,D2,2012,213770.0
PL,D2,2013,214058.0
PL,D2,2014,223874.0
PL,D2,2015,235672.0
PL,D2,2016,252868.0
PL,D2,2017,277775.0
PL,D2,2018,301904.0
PL,D2,2019,320711.0
PL,D2,2020,330547.0
PL,D2,2021,405369.0
PL,D2,2022,429060.0
PL,D2,2023,488601.0
PL,D2,2024,534308.0
PL,D21,1995,43386.0
PL,D21,1996,55730.0
PL,D21,1997,65101.0
PL,D21,1998,72050.0
PL,D21,1999,83805.0
PL,D21,2000,86450.0
PL,D21,2001,88870.0
PL,D21,2002,97142.0
PL,D21,2003,101728.0
PL,D21,2004,111922.0
PL,D21,2005,124020.0
PL,D21,2006,136302.0
PL,D21,2007,155683.0
PL,D21,2008,169449.0
PL,D21,2009,159565.0
PL,D21,2010,178847.0
PL,D21,2011,194962.0
PL,D21,2012,189408.0
PL,D21,2013,190211.0
PL,D21,2014,197381.0
PL,D21,2015,204790.0
PL,D21,2016,219510.0
PL,D21,2017,243670.0
PL,D21,2018,265375.0
PL,D21,2019,278199.0
PL,D21,2020,279385.0
PL,D21,2021,342270.0
PL,D21,2022,348743.0
PL,D21,2023,377755.0
PL,D21,2024,429497.0
PL,D211,1995,21005.0
PL,D211,1996,29305.0
PL,D211,1997,38010.0
PL,D211,1998,42759.0
PL,D211,1999,49857.0
PL,D211,2000,51615.0
PL,D211,2001,52810.0
PL,D211,2002,58115.0
PL,D211,2003,60212.0
PL,D211,2004,66242.0
PL,D211,2005,75783.0
PL,D211,2006,86204.0
PL,D211,2007,97848.0
PL,D211,2008,101876.0
PL,D211,2009,99562.0
PL,D211,2010,109717.0
PL,D211,2011,122647.0
PL,D211,2012,116265.0
PL,D211,2013,116607.0
PL,D211,2014,122671.0
PL,D211,2015,125895.0
PL,D211,2016,134623.0
PL,D211,2017,154694.0
PL,D211,2018,172264.0
PL,D211,2019,182147.0
PL,D211,2020,185964.0
PL,D211,2021,225140.0
PL,D211,2022,223395.0
PL,D211,2023,249805.0
PL,D211,2024,290738.0
PL,D214,1995,11906.0
PL,D214,1996,15168.0
PL,D214,1997,17530.0
PL,D214,1998,20846.0
PL,D214,1999,24670.0
PL,D214,2000,26840.0
PL,D214,2001,28588.0
PL,D214,2002,31787.0
PL,D214,2003,33790.0
PL,D214,2004,39641.0
PL,D214,2005,43083.0
PL,D214,2006,45279.0
PL,D214,2007,52500.0
PL,D214,2008,62479.0
PL,D214,2009,55357.0
PL,D214,2010,64422.0
PL,D214,2011,67161.0
PL,D214,2012,66762.0
PL,D214,2013,66091.0
PL,D214,2014,65428.0
PL,D214,2015,67882.0
PL,D214,2016,74072.0
PL,D214,2017,80298.0
PL,D214,2018,84437.0
PL,D214,2019,86862.0
PL,D214,2020,84920.0
PL,D214,2021,106318.0
PL,D214,2022,111397.0
PL,D214,2023,115567.0
PL,D214,2024,124120.0
PL,D29,1995,5552.0
PL,D29,1996,6411.0
PL,D29,1997,7797.0
PL,D29,1998,8612.0
PL,D29,1999,8677.0
PL,D29,2000,10105.0
PL,D29,2001,12583.0
PL,D29,2002,13170.0
PL,D29,2003,13180.0
PL,D29,2004,14491.0
PL,D29,2005,14126.0
PL,D29,2006,16152.0
PL,D29,2007,17205.0
PL,D29,2008,19254.0
PL,D29,2009,20329.0
PL,D29,2010,21542.0
PL,D29,2011,23381.0
PL,D29,2012,24362.0
PL,D29,2013,23847.0
PL,D29,2014,26493.0
PL,D29,2015,30882.0
PL,D29,2016,33358.0
PL,D29,2017,34105.0
PL,D29,2018,36529.0
PL,D29,2019,42512.0
PL,D29,2020,51162.0
PL,D29,2021,63099.0
PL,D29,2022,80317.0
PL,D29,2023,110846.0
PL,D29,2024,104811.0
PL,D5,1995,38969.0
PL,D5,1996,46604.0
PL,D5,1997,55302.0
PL,D5,1998,63540.0
PL,D5,1999,51154.0
PL,D5,2000,52926.0
PL,D5,2001,50082.0
PL,D5,2002,53240.0
PL,D5,2003,53051.0
PL,D5,2004,58567.0
PL,D5,2005,67840.0
PL,D5,2006,78599.0
PL,D5,2007,97983.0
PL,D5,2008,107488.0
PL,D5,2009,98141.0
PL,D5,2010,96549.0
PL,D5,2011,105371.0
PL,D5,2012,113395.0
PL,D5,2013,111176.0
PL,D5,2014,116633.0
PL,D5,2015,124634.0
PL,D5,2016,132472.0
PL,D5,2017,145905.0
PL,D5,2018,165710.0
PL,D5,2019,181571.0
PL,D5,2020,184979.0
PL,D5,2021,219286.0
PL,D5,2022,234944.0
PL,D5,2023,252882.0
PL,D5,2024,284934.0
PL,D51,1995,37670.0
PL,D51,1996,44909.0
PL,D51,1997,53145.0
PL,D51,1998,61258.0
PL,D51,1999,48660.0
PL,D51,2000,50268.0
PL,D51,2001,46993.0
PL,D51,2002,49938.0
PL,D51,2003,49914.0
PL,D51,2004,55256.0
PL,D51,2005,63491.0
PL,D51,2006,74756.0
PL,D51,2007,93795.0
PL,D51,2008,102513.0
PL,D51,2009,92877.0
PL,D51,2010,91026.0
PL,D51,2011,99510.0
PL,D51,2012,106480.0
PL,D51,2013,103567.0
PL,D51,2014,108759.0
PL,D51,2015,117078.0
PL,D51,2016,124251.0
PL,D51,2017,137481.0
PL,D51,2018,156984.0
PL,D51,2019,172539.0
PL,D51,2020,175845.0
PL,D51,2021,209268.0
PL,D51,2022,224023.0
PL,D51,2023,240373.0
PL,D51,2024,271268.0
PL,D51A,1995,28364.0
PL,D51A,1996,33615.0
PL,D51A,1997,39178.0
PL,D51A,1998,45672.0
PL,D51A,1999,32736.0
PL,D51A,2000,32415.0
PL,D51A,2001,32979.0
PL,D51A,2002,33870.0
PL,D51A,2003,35058.0
PL,D51A,2004,37075.0
PL,D51A,2005,42377.0
PL,D51A,2006,49228.0
PL,D51A,2007,61403.0
PL,D51A,2008,67940.0
PL,D51A,2009,62078.0
PL,D51A,2010,62818.0
PL,D51A,2011,67768.0
PL,D51A,2012,72516.0
PL,D51A,2013,74124.0
PL,D51A,2014,78617.0
PL,D51A,2015,83861.0
PL,D51A,2016,89943.0
PL,D51A,2017,98969.0
PL,D51A,2018,112503.0
PL,D51A,2019,121755.0
PL,D51A,2020,122817.0
PL,D51A,2021,140465.0
PL,D51A,2022,138019.0
PL,D51A,2023,149085.0
PL,D51A,2024,183514.0
PL,D59,1995,1299.0
PL,D59,1996,1695.0
PL,D59,1997,2157.0
PL,D59,1998,2282.0
PL,D59,1999,2494.0
PL,D59,2000,2658.0
PL,D59,2001,3089.0
PL,D59,2002,3302.0
PL,D59,2003,3137.0
PL,D59,2004,3311.0
PL,D59,2005,4349.0
PL,D59,2006,3843.0
PL,D59,2007,4188.0
PL,D59,2008,4975.0
PL,D59,2009,5264.0
PL,D59,2010,5523.0
PL,D59,2011,5861.0
PL,D59,2012,6915.0
PL,D59,2013,7609.0
PL,D59,2014,7874.0
PL,D59,2015,7556.0
PL,D59,2016,8221.0
PL,D59,2017,8424.0
PL,D59,2018,8726.0
PL,D59,2019,9032.0
PL,D59,2020,9134.0
PL,D59,2021,10018.0
PL,D59,2022,10921.0
PL,D59,2023,12509.0
PL,D59,2024,13666.0
PL,D91,1995,44.0
PL,D91,1996,64.0
PL,D91,1997,87.0
PL,D91,1998,118.0
PL,D91,1999,146.0
PL,D91,2000,172.0
PL,D91,2001,219.0
PL,D91,2002,197.0
PL,D91,2003,180.0
PL,D91,2004,223.0
PL,D91,2005,242.0
PL,D91,2006,255.0
PL,D91,2007,328.0
PL,D91,2008,344.0
PL,D91,2009,313.0
PL,D91,2010,290.0
PL,D91,2011,279.0
PL,D91,2012,293.0
PL,D91,2013,252.0
PL,D91,2014,263.0
PL,D91,2015,246.0
PL,D91,2016,279.0
PL,D91,2017,295.0
PL,D91,2018,299.0
PL,D91,2019,325.0
PL,D91,2020,313.0
PL,D91,2021,425.0
PL,D91,2022,555.0
PL,D91,2023,595.0
PL,D91,2024,594.0
PL,ODA,1995,87951.0
PL,ODA,1996,108809.0
PL,ODA,1997,128287.0
PL,ODA,1998,144320.0
PL,ODA,1999,143782.0
PL,ODA,2000,149653.0
PL,ODA,2001,151754.0
PL,ODA,2002,163749.0
PL,ODA,2003,168139.0
PL,ODA,2004,185203.0
PL,ODA,2005,206228.0
PL,ODA,2006,231308.0
PL,ODA,2007,271199.0
PL,ODA,2008,296535.0
PL,ODA,2009,278348.0
PL,ODA,2010,297228.0
PL,ODA,2011,323993.0
PL,ODA,2012,327458.0
PL,ODA,2013,325486.0
PL,ODA,2014,340770.0
PL,ODA,2015,360552.0
PL,ODA,2016,385619.0
PL,ODA,2017,423975.0
PL,ODA,2018,467913.0
PL,ODA,2019,502607.0
PL,ODA,2020,515839.0
PL,ODA,2021,625080.0
PL,ODA,2022,664559.0
PL,ODA,2023,742078.0
PL,ODA,2024,819836.0
PL,D61,1995,42107.0
PL,D61,1996,53775.0
PL,D61,1997,66048.0
PL,D61,1998,76446.0
PL,D61,1999,99200.0
PL,D61,2000,104315.0
PL,D61,2001,113987.0
PL,D61,2002,113517.0
PL,D61,2003,116626.0
PL,D61,2004,123317.0
PL,D61,2005,131268.0
PL,D61,2006,140041.0
PL,D61,2007,152305.0
PL,D61,2008,157285.0
PL,D61,2009,166357.0
PL,D61,2010,171273.0
PL,D61,2011,190511.0
PL,D61,2012,212170.0
PL,D61,2013,221237.0
PL,D61,2014,227207.0
PL,D61,2015,243182.0
PL,D61,2016,256530.0
PL,D61,2017,275628.0
PL,D61,2018,298829.0
PL,D61,2019,324864.0
PL,D61,2020,339114.0
PL,D61,2021,367316.0
PL,D61,2022,421704.0
PL,D61,2023,486084.0
PL,D61,2024,555078.0
PL,D611,1995,19364.0
PL,D611,1996,24748.0
PL,D611,1997,30694.0
PL,D611,1998,36289.0
PL,D611,1999,39215.0
PL,D611,2000,41838.0
PL,D611,2001,44067.0
PL,D611,2002,42729.0
PL,D611,2003,43054.0
PL,D611,2004,44985.0
PL,D611,2005,47818.0
PL,D611,2006,50409.0
PL,D611,2007,56100.0
PL,D611,2008,58643.0
PL,D611,2009,62612.0
PL,D611,2010,66756.0
PL,D611,2011,71072.0
PL,D611,2012,79389.0
PL,D611,2013,80401.0
PL,D611,2014,84280.0
PL,D611,2015,88548.0
PL,D611,2016,95025.0
PL,D611,2017,100424.0
PL,D611,2018,107333.0
PL,D611,2019,117191.0
PL,D611,2020,120594.0
PL,D611,2021,125575.0
PL,D611,2022,141803.0
PL,D611,2023,163596.0
PL,D611,2024,178108.0
PL,D613,1995,19444.0
PL,D613,1996,25025.0
PL,D613,1997,30321.0
PL,D613,1998,34502.0
PL,D613,1999,53812.0
PL,D613,2000,55573.0
PL,D613,2001,61855.0
PL,D613,2002,62394.0
PL,D613,2003,64772.0
PL,D613,2004,68963.0
PL,D613,2005,73704.0
PL,D613,2006,79245.0
PL,D613,2007,85357.0
PL,D613,2008,86808.0
PL,D613,2009,90774.0
PL,D613,2010,90676.0
PL,D613,2011,104755.0
PL,D613,2012,117231.0
PL,D613,2013,124233.0
PL,D613,2014,125841.0
PL,D613,2015,137211.0
PL,D613,2016,143630.0
PL,D613,2017,157106.0
PL,D613,2018,173174.0
PL,D613,2019,188208.0
PL,D613,2020,198090.0
PL,D613,2021,219193.0
PL,D613,2022,254754.0
PL,D613,2023,292542.0
PL,D613,2024,341829.0
PL,ODB,1995,126211.0
PL,ODB,1996,157879.0
PL,ODB,1997,188439.0
PL,ODB,1998,214111.0
PL,ODB,1999,235789.0
PL,ODB,2000,246039.0
PL,ODB,2001,256574.0
PL,ODB,2002,267780.0
PL,ODB,2003,274839.0
PL,ODB,2004,297982.0
PL,ODB,2005,326524.0
PL,ODB,2006,359668.0
PL,ODB,2007,411285.0
PL,ODB,2008,440701.0
PL,ODB,2009,430380.0
PL,ODB,2010,453254.0
PL,ODB,2011,498205.0
PL,ODB,2012,522178.0
PL,ODB,2013,528115.0
PL,ODB,2014,548843.0
PL,ODB,2015,584082.0
PL,ODB,2016,621911.0
PL,ODB,2017,678943.0
PL,ODB,2018,745628.0
PL,ODB,2019,804971.0
PL,ODB,2020,831322.0
PL,ODB,2021,968206.0
PL,ODB,2022,1059246.0
PL,ODB,2023,1196046.0
PL,ODB,2024,1337327.0
PL,ODC,1995,129510.0
PL,ODC,1996,161881.0
PL,ODC,1997,193472.0
PL,ODC,1998,219766.0
PL,ODC,1999,241962.0
PL,ODC,2000,252943.0
PL,ODC,2001,264639.0
PL,ODC,2002,276174.0
PL,ODC,2003,283639.0
PL,ODC,2004,307351.0
PL,ODC,2005,336270.0
PL,ODC,2006,370055.0
PL,ODC,2007,422133.0
PL,ODC,2008,452535.0
PL,ODC,2009,443351.0
PL,ODC,2010,467095.0
PL,ODC,2011,512889.0
PL,ODC,2012,537728.0
PL,ODC,2013,544718.0
PL,ODC,2014,565929.0
PL,ODC,2015,601505.0
PL,ODC,2016,639786.0
PL,ODC,2017,697041.0
PL,ODC,2018,763950.0
PL,ODC,2019,824436.0
PL,ODC,2020,851752.0
PL,ODC,2021,990754.0
PL,ODC,2022,1084393.0
PL,ODC,2023,1225992.0
PL,ODC,2024,1372468.0
PT,D2,1995,11922.698999999999
PT,D2,1996,12799.762999999999
PT,D2,1997,13594.22
PT,D2,1998,15354.270999999999
PT,D2,1999,16858.802000000003
PT,D2,2000,17437.413
PT,D2,2001,18383.773999999998
PT,D2,2002,19981.397
PT,D2,2003,20416.068000000003
PT,D2,2004,21246.001
PT,D2,2005,23271.751999999997
PT,D2,2006,24863.833000000002
PT,D2,2007,25544.542816250003
PT,D2,2008,25259.438
PT,D2,2009,22174.218
PT,D2,2010,24013.690000000002
PT,D2,2011,24593.043999999998
PT,D2,2012,23500.597999999998
PT,D2,2013,23546.532000000003
PT,D2,2014,24870.854
PT,D2,2015,26365.590000000004
PT,D2,2016,27882.378999999997
PT,D2,2017,29503.137
PT,D2,2018,31227.356
PT,D2,2019,32593.875
PT,D2,2020,29607.221
PT,D2,2021,32835.981999999996
PT,D2,2022,37035.390999999996
PT,D2,2023,39148.05300000001
PT,D2,2024,41895.77
PT,D2,2025,44903.593
PT,D21,1995,11403.543999999998
PT,D21,1996,12249.159
PT,D21,1997,12989.989
PT,D21,1998,14671.884999999998
PT,D21,1999,16114.617000000002
PT,D21,2000,16599.578
PT,D21,2001,17412.085
PT,D21,2002,18599.929
PT,D21,2003,19173.471
PT,D21,2004,20007.554
PT,D21,2005,21927.680999999997
PT,D21,2006,23412.334000000003
PT,D21,2007,23971.662816250002
PT,D21,2008,23600.483999999997
PT,D21,2009,20561.256
PT,D21,2010,22378.309
PT,D21,2011,22710.874
PT,D21,2012,21649.283
PT,D21,2013,21206.118000000002
PT,D21,2014,22400.085
PT,D21,2015,23673.836000000003
PT,D21,2016,24973.832
PT,D21,2017,26759.399999999998
PT,D21,2018,28187.516
PT,D21,2019,29401.472
PT,D21,2020,26347.584000000003
PT,D21,2021,29583.567
PT,D21,2022,33396.598
PT,D21,2023,35334.774000000005
PT,D21,2024,38212.986
PT,D21,2025,41181.627
PT,D211,1995,6074.5689999999995
PT,D211,1996,6690.077
PT,D211,1997,7169.807000000001
PT,D211,1998,8029.795999999999
PT,D211,1999,8842.802
PT,D211,2000,9772.396999999999
PT,D211,2001,10060.553
PT,D211,2002,10714.616
PT,D211,2003,11127.572000000002
PT,D211,2004,11636.105999999998
PT,D211,2005,13062.357999999998
PT,D211,2006,13818.409
PT,D211,2007,14401.175000000001
PT,D211,2008,14511.57
PT,D211,2009,12071.101999999999
PT,D211,2010,13684.034
PT,D211,2011,14406.782000000001
PT,D211,2012,14115.412
PT,D211,2013,13804.957
PT,D211,2014,14782.44
PT,D211,2015,15451.966000000002
PT,D211,2016,15874.162
PT,D211,2017,16908.82
PT,D211,2018,17955.365
PT,D211,2019,18926.138
PT,D211,2020,16941.449
PT,D211,2021,19288.821
PT,D211,2022,22909.152
PT,D211,2023,24091.539
PT,D211,2024,26300.889
PT,D211,2025,28202.559
PT,D214,1995,4879.1539999999995
PT,D214,1996,5151.838
PT,D214,1997,5418.991999999999
PT,D214,1998,6210.372
PT,D214,1999,6869.083000000001
PT,D214,2000,6396.4220000000005
PT,D214,2001,6906.356
PT,D214,2002,7471.9169999999995
PT,D214,2003,7645.634
PT,D214,2004,7894.0160000000005
PT,D214,2005,8265.222999999998
PT,D214,2006,8721.278000000002
PT,D214,2007,8781.84181625
PT,D214,2008,8477.804999999998
PT,D214,2009,8019.623
PT,D214,2010,7439.656999999999
PT,D214,2011,7007.516
PT,D214,2012,6411.552999999999
PT,D214,2013,6441.576999999999
PT,D214,2014,6545.4
PT,D214,2015,7051.098000000002
PT,D214,2016,7983.0509999999995
PT,D214,2017,8923.462
PT,D214,2018,8750.832999999999
PT,D214,2019,9094.097
PT,D214,2020,8158.504000000001
PT,D214,2021,8839.957999999999
PT,D214,2022,8989.269000000002
PT,D214,2023,9426.269
PT,D214,2024,10093.041
PT,D214,2025,10980.185999999998
PT,D29,1995,519.155
PT,D29,1996,550.6039999999999
PT,D29,1997,604.231
PT,D29,1998,682.386
PT,D29,1999,744.1850000000001
PT,D29,2000,837.835
PT,D29,2001,971.689
PT,D29,2002,1381.468
PT,D29,2003,1242.5970000000002
PT,D29,2004,1238.4470000000001
PT,D29,2005,1344.071
PT,D29,2006,1451.499
PT,D29,2007,1572.8799999999999
PT,D29,2008,1658.954
PT,D29,2009,1612.962
PT,D29,2010,1635.3809999999999
PT,D29,2011,1882.1699999999996
PT,D29,2012,1851.3150000000003
PT,D29,2013,2340.414
PT,D29,2014,2470.7690000000002
PT,D29,2015,2691.754
PT,D29,2016,2908.547
PT,D29,2017,2743.7369999999996
PT,D29,2018,3039.8399999999997
PT,D29,2019,3192.4029999999993
PT,D29,2020,3259.637
PT,D29,2021,3252.415
PT,D29,2022,3638.793
PT,D29,2023,3813.2789999999995
PT,D29,2024,3682.7839999999997
PT,D29,2025,3721.9659999999994
PT,D5,1995,7173.554000000001
PT,D5,1996,8198.755000000001
PT,D5,1997,8927.403999999999
PT,D5,1998,9420.172000000002
PT,D5,1999,10647.519
PT,D5,2000,11999.712
PT,D5,2001,12120.324999999999
PT,D5,2002,12578.368999999999
PT,D5,2003,11420.045000000002
PT,D5,2004,12400.778
PT,D5,2005,12720.084
PT,D5,2006,13867.396
PT,D5,2007,16063.599999999999
PT,D5,2008,16634.32
PT,D5,2009,15143.900999999998
PT,D5,2010,15101.989
PT,D5,2011,16613.453999999998
PT,D5,2012,14999.599000000002
PT,D5,2013,19257.922
PT,D5,2014,18799.737
PT,D5,2015,19279.883999999995
PT,D5,2016,18818.765
PT,D5,2017,19449.825
PT,D5,2018,20683.805
PT,D5,2019,20870.352
PT,D5,2020,20098.457000000002
PT,D5,2021,20791.396
PT,D5,2022,25700.198000000004
PT,D5,2023,28606.722
PT,D5,2024,29494.277000000002
PT,D5,2025,30762.538999999997
PT,D51,1995,6864.093000000001
PT,D51,1996,7874.7210000000005
PT,D51,1997,8614.746
PT,D51,1998,9147.356000000002
PT,D51,1999,10353.807
PT,D51,2000,11691.395999999999
PT,D51,2001,11749.692
PT,D51,2002,12100.668
PT,D51,2003,11044.740000000002
PT,D51,2004,12008.166000000001
PT,D51,2005,12302.171
PT,D51,2006,13380.496000000001
PT,D51,2007,15546.364999999998
PT,D51,2008,16077.151999999998
PT,D51,2009,14579.720999999998
PT,D51,2010,14588.753999999999
PT,D51,2011,16057.025999999998
PT,D51,2012,14417.740000000002
PT,D51,2013,18658.818
PT,D51,2014,18257.014000000003
PT,D51,2015,18767.711999999996
PT,D51,2016,18308.518
PT,D51,2017,18910.453
PT,D51,2018,20118.959
PT,D51,2019,20247.485
PT,D51,2020,19539.431000000004
PT,D51,2021,20185.771
PT,D51,2022,24999.786000000004
PT,D51,2023,27758.928
PT,D51,2024,28650.786
PT,D51,2025,29817.267999999996
PT,D51A,1995,4703.0830000000005
PT,D51A,1996,5212.26
PT,D51A,1997,5334.565
PT,D51A,1998,5620.77
PT,D51A,1999,6036.499000000001
PT,D51A,2000,6769.012000000001
PT,D51A,2001,7219.817999999999
PT,D51A,2002,7310.071999999999
PT,D51A,2003,7276.311000000001
PT,D51A,2004,7528.326
PT,D51A,2005,7992.809
PT,D51A,2006,8501.933
PT,D51A,2007,9328.525
PT,D51A,2008,9638.430999999999
PT,D51A,2009,9652.701
PT,D51A,2010,9641.258999999998
PT,D51A,2011,10512.846
PT,D51A,2012,9794.465000000002
PT,D51A,2013,13123.465999999999
PT,D51A,2014,13326.407000000001
PT,D51A,2015,13154.087999999998
PT,D51A,2016,12634.425
PT,D51A,2017,12629.578
PT,D51A,2018,13316.873
PT,D51A,2019,13585.354000000001
PT,D51A,2020,13999.378000000002
PT,D51A,2021,14979.876999999999
PT,D51A,2022,16918.157000000003
PT,D51A,2023,18502.471999999998
PT,D51A,2024,17657.296
PT,D51A,2025,19210.065999999995
PT,D51B,1995,2016.5359999999998
PT,D51B,1996,2501.83
PT,D51B,1997,3111.013
PT,D51B,1998,3365.933
PT,D51B,1999,4141.425
PT,D51B,2000,4744.074
PT,D51B,2001,4379.313
PT,D51B,2002,4640.945
PT,D51B,2003,3592.892
PT,D51B,2004,4308.518
PT,D51B,2005,4188.207
PT,D51B,2006,4774.713
PT,D51B,2007,6128.147
PT,D51B,2008,6352.652
PT,D51B,2009,4856.504
PT,D51B,2010,4935.806
PT,D51B,2011,5542.663
PT,D51B,2012,4623.023
PT,D51B,2013,5535.182000000001
PT,D51B,2014,4930.52
PT,D51B,2015,5613.579
PT,D51B,2016,5674.093
PT,D51B,2017,6280.875
PT,D51B,2018,6802.086
PT,D51B,2019,6662.130999999999
PT,D51B,2020,5540.053000000001
PT,D51B,2021,5205.894
PT,D51B,2022,8081.629000000001
PT,D51B,2023,9256.456
PT,D51B,2024,10993.490000000002
PT,D51B,2025,10607.202
PT,D59,1995,309.461
PT,D59,1996,324.03399999999993
PT,D59,1997,312.65799999999996
PT,D59,1998,272.81600000000003
PT,D59,1999,293.712
PT,D59,2000,308.31600000000003
PT,D59,2001,370.633
PT,D59,2002,477.701
PT,D59,2003,375.30499999999995
PT,D59,2004,392.61199999999997
PT,D59,2005,417.913
PT,D59,2006,486.8999999999999
PT,D59,2007,517.2350000000001
PT,D59,2008,557.168
PT,D59,2009,564.1800000000001
PT,D59,2010,513.235
PT,D59,2011,556.428
PT,D59,2012,581.8589999999999
PT,D59,2013,599.104
PT,D59,2014,542.723
PT,D59,2015,512.172
PT,D59,2016,510.24699999999996
PT,D59,2017,539.3720000000001
PT,D59,2018,564.846
PT,D59,2019,622.867
PT,D59,2020,559.0259999999998
PT,D59,2021,605.625
PT,D59,2022,700.4119999999999
PT,D59,2023,847.794
PT,D59,2024,843.491
PT,D59,2025,945.271
PT,D91,1995,56.988
PT,D91,1996,59.676
PT,D91,1997,71.249
PT,D91,1998,84.381
PT,D91,1999,94.07799999999999
PT,D91,2000,103.002
PT,D91,2001,90.971
PT,D91,2002,105.093
PT,D91,2003,104.976
PT,D91,2004,26.877000000000002
PT,D91,2005,68.831
PT,D91,2006,23.028
PT,D91,2007,9.626000000000001
PT,D91,2008,8.246
PT,D91,2009,0.273
PT,D91,2010,84.883
PT,D91,2011,0.027
PT,D91,2012,258.46
PT,D91,2013,1.746
PT,D91,2014,0.001
PT,D91,2016,0.312
PT,D91,2018,0.234
PT,D91,2020,0.077
PT,D91,2021,0.004
PT,D91,2022,0.057
PT,D91,2023,0.09
PT,D91,2024,0.044
PT,D91,2025,0.21
PT,ODA,1995,19153.241
PT,ODA,1996,21058.194
PT,ODA,1997,22592.872999999996
PT,ODA,1998,24858.824
PT,ODA,1999,27600.399000000005
PT,ODA,2000,29540.127
PT,ODA,2001,30595.069999999996
PT,ODA,2002,32664.859
PT,ODA,2003,31941.089000000004
PT,ODA,2004,33673.656
PT,ODA,2005,36060.666999999994
PT,ODA,2006,38754.257000000005
PT,ODA,2007,41617.76881625
PT,ODA,2008,41902.004
PT,ODA,2009,37318.392
PT,ODA,2010,39200.562000000005
PT,ODA,2011,41206.524999999994
PT,ODA,2012,38758.657
PT,ODA,2013,42806.2
PT,ODA,2014,43670.592
PT,ODA,2015,45645.474
PT,ODA,2016,46701.456
PT,ODA,2017,48952.962
PT,ODA,2018,51911.395
PT,ODA,2019,53464.227
PT,ODA,2020,49705.755
PT,ODA,2021,53627.382
PT,ODA,2022,62735.646
PT,ODA,2023,67754.865
PT,ODA,2024,71390.09099999999
PT,ODA,2025,75666.342
PT,D61,1995,8809.581999999999
PT,D61,1996,9274.679
PT,D61,1997,10267.98
PT,D61,1998,11387.189999999999
PT,D61,1999,12115.297000000002
PT,D61,2000,13464.506000000001
PT,D61,2001,14498.77
PT,D61,2002,15630.723000000002
PT,D61,2003,16437.799
PT,D61,2004,17312.835
PT,D61,2005,18436.57
PT,D61,2006,19235.599000000002
PT,D61,2007,19902.469999999998
PT,D61,2008,20731.375
PT,D61,2009,21210.36
PT,D61,2010,21378.43
PT,D61,2011,21213.287
PT,D61,2012,19153.321
PT,D61,2013,20459.898999999998
PT,D61,2014,20468.083
PT,D61,2015,20796.275999999998
PT,D61,2016,21623.233
PT,D61,2017,22706.806999999997
PT,D61,2018,23873.345
PT,D61,2019,25374.109
PT,D61,2020,25614.782999999996
PT,D61,2021,27351.164
PT,D61,2022,29702.977000000006
PT,D61,2023,32833.805
PT,D61,2024,35902.819
PT,D61,2025,38791.114
PT,D611,1995,3786.216
PT,D611,1996,3919.3959999999997
PT,D611,1997,4352.869000000001
PT,D611,1998,4989.758
PT,D611,1999,5374.182000000001
PT,D611,2000,5882.0380000000005
PT,D611,2001,6360.533
PT,D611,2002,6747.022
PT,D611,2003,6336.6320000000005
PT,D611,2004,6925.512
PT,D611,2005,7338.822999999999
PT,D611,2006,7200.722
PT,D611,2007,7960.9929999999995
PT,D611,2008,8284.246000000001
PT,D611,2009,8294.005000000001
PT,D611,2010,8791.966
PT,D611,2011,9006.493999999999
PT,D611,2012,8427.71
PT,D611,2013,8736.043
PT,D611,2014,8766.842
PT,D611,2015,9190.671999999999
PT,D611,2016,9681.119
PT,D611,2017,10341.128999999999
PT,D611,2018,11440.831
PT,D611,2019,12431.616
PT,D611,2020,12653.039999999999
PT,D611,2021,13485.097
PT,D611,2022,15040.469000000001
PT,D611,2023,17183.724000000002
PT,D611,2024,19417.925
PT,D611,2025,21098.906000000003
PT,D613,1995,3042.4139999999998
PT,D613,1996,3197.6769999999997
PT,D613,1997,3547.643
PT,D613,1998,3588.218
PT,D613,1999,3924.495
PT,D613,2000,4290.13
PT,D613,2001,4750.246999999999
PT,D613,2002,5000.497
PT,D613,2003,5726.972
PT,D613,2004,5453.049
PT,D613,2005,5693.266
PT,D613,2006,6293.019
PT,D613,2007,6349.946999999999
PT,D613,2008,6717.99
PT,D613,2009,6724.311
PT,D613,2010,6680.568
PT,D613,2011,6676.240000000001
PT,D613,2012,6204.384
PT,D613,2013,6413.186
PT,D613,2014,6819.55
PT,D613,2015,7004.035
PT,D613,2016,7245.956999999999
PT,D613,2017,7627.61
PT,D613,2018,7704.362
PT,D613,2019,8184.693
PT,D613,2020,8305.259
PT,D613,2021,9003.115000000002
PT,D613,2022,9762.569000000001
PT,D613,2023,10555.98
PT,D613,2024,11054.416000000001
PT,D613,2025,11966.940999999999
PT,ODB,1995,25981.871000000003
PT,ODB,1996,28175.267
PT,ODB,1997,30493.385
PT,ODB,1998,33436.8
PT,ODB,1999,36899.07600000001
PT,ODB,2000,39712.295
PT,ODB,2001,41705.84999999999
PT,ODB,2002,44412.378000000004
PT,ODB,2003,44004.69300000001
PT,ODB,2004,46052.217000000004
PT,ODB,2005,49092.755999999994
PT,ODB,2006,52247.99800000001
PT,ODB,2007,55928.70881625
PT,ODB,2008,56904.24
PT,ODB,2009,52336.708
PT,ODB,2010,54673.096000000005
PT,ODB,2011,56889.25899999999
PT,ODB,2012,53390.751
PT,ODB,2013,57955.429
PT,ODB,2014,59256.984
PT,ODB,2015,61840.181
PT,ODB,2016,63628.532
PT,ODB,2017,66921.701
PT,ODB,2018,71056.58799999999
PT,ODB,2019,74080.536
PT,ODB,2020,70664.054
PT,ODB,2021,76115.594
PT,ODB,2022,87538.68400000001
PT,ODB,2023,95494.569
PT,ODB,2024,101862.43199999999
PT,ODB,2025,108732.18900000001
PT,ODC,1995,27962.823000000004
PT,ODC,1996,30332.873
PT,ODC,1997,32860.853
PT,ODC,1998,36246.014
PT,ODC,1999,39715.69600000001
PT,ODC,2000,43004.633
PT,ODC,2001,45093.84
PT,ODC,2002,48295.582
PT,ODC,2003,48378.888000000006
PT,ODC,2004,50986.491
PT,ODC,2005,54497.236999999994
PT,ODC,2006,57989.85600000001
PT,ODC,2007,61520.23881625
PT,ODC,2008,62633.379
PT,ODC,2009,58528.752
PT,ODC,2010,60578.992000000006
PT,ODC,2011,62419.81199999999
PT,ODC,2012,57911.977999999996
PT,ODC,2013,63266.098999999995
PT,ODC,2014,64138.674999999996
PT,ODC,2015,66441.75
PT,ODC,2016,68324.689
PT,ODC,2017,71659.769
PT,ODC,2018,75784.73999999999
PT,ODC,2019,78838.336
PT,ODC,2020,75320.538
PT,ODC,2021,80978.546
PT,ODC,2022,92438.623
PT,ODC,2023,100588.67
PT,ODC,2024,107292.90999999999
PT,ODC,2025,114457.456
RO,D2,1995,708.7
RO,D2,1996,999.8000000000001
RO,D2,1997,2314.7
RO,D2,1998,4208.3
RO,D2,1999,6725.2
RO,D2,2000,9642.8
RO,D2,2001,13324.0
RO,D2,2002,17664.2
RO,D2,2003,24213.8
RO,D2,2004,29029.600000000002
RO,D2,2005,37248.4
RO,D2,2006,44154.200000000004
RO,D2,2007,52088.7
RO,D2,2008,61436.1
RO,D2,2009,54810.4
RO,D2,2010,63114.6
RO,D2,2011,73525.0
RO,D2,2012,78585.1
RO,D2,2013,81395.9
RO,D2,2014,85668.8
RO,D2,2015,95190.3
RO,D2,2016,87336.29999999999
RO,D2,2017,89095.7
RO,D2,2018,100052.2
RO,D2,2019,112488.7
RO,D2,2020,110839.00000000001
RO,D2,2021,127888.49999999999
RO,D2,2022,153946.1
RO,D2,2023,177077.5
RO,D2,2024,194584.9
RO,D21,1995,661.1
RO,D21,1996,968.6
RO,D21,1997,2269.7999999999997
RO,D21,1998,4086.5
RO,D21,1999,6452.1
RO,D21,2000,9241.599999999999
RO,D21,2001,12591.3
RO,D21,2002,16717.8
RO,D21,2003,23025.4
RO,D21,2004,27854.399999999998
RO,D21,2005,35812.2
RO,D21,2006,42196.6
RO,D21,2007,49778.200000000004
RO,D21,2008,58574.5
RO,D21,2009,51926.9
RO,D21,2010,60127.7
RO,D21,2011,70372.8
RO,D21,2012,74485.2
RO,D21,2013,77018.3
RO,D21,2014,79254.00000000001
RO,D21,2015,88903.8
RO,D21,2016,81116.0
RO,D21,2017,83762.39999999998
RO,D21,2018,94447.70000000001
RO,D21,2019,103369.00000000001
RO,D21,2020,102437.5
RO,D21,2021,118204.99999999999
RO,D21,2022,137288.3
RO,D21,2023,154436.2
RO,D21,2024,175336.69999999998
RO,D211,1995,377.8
RO,D211,1996,533.3
RO,D211,1997,1168.1
RO,D211,1998,2299.4
RO,D211,1999,3341.5
RO,D211,2000,5245.3
RO,D211,2001,7360.5
RO,D211,2002,10784.4
RO,D211,2003,14197.0
RO,D211,2004,16506.7
RO,D211,2005,23316.2
RO,D211,2006,27292.4
RO,D211,2007,33615.5
RO,D211,2008,40642.1
RO,D211,2009,33292.8
RO,D211,2010,39990.0
RO,D211,2011,48374.5
RO,D211,2012,49066.3
RO,D211,2013,51744.6
RO,D211,2014,51086.200000000004
RO,D211,2015,57505.7
RO,D211,2016,49252.7
RO,D211,2017,53228.600000000006
RO,D211,2018,59989.8
RO,D211,2019,65061.2
RO,D211,2020,65076.7
RO,D211,2021,76336.1
RO,D211,2022,94867.1
RO,D211,2023,106103.0
RO,D211,2024,119071.9
RO,D214,1995,164.4
RO,D214,1996,250.0
RO,D214,1997,720.9000000000001
RO,D214,1998,1174.3999999999999
RO,D214,1999,2287.0
RO,D214,2000,3084.3000000000006
RO,D214,2001,4325.8
RO,D214,2002,4947.1
RO,D214,2003,7447.300000000001
RO,D214,2004,8815.9
RO,D214,2005,9810.2
RO,D214,2006,11665.5
RO,D214,2007,15280.800000000001
RO,D214,2008,16967.8
RO,D214,2009,17841.399999999998
RO,D214,2010,18326.100000000006
RO,D214,2011,19491.900000000005
RO,D214,2012,22670.700000000004
RO,D214,2013,23037.099999999995
RO,D214,2014,25830.699999999997
RO,D214,2015,28661.899999999994
RO,D214,2016,29096.300000000003
RO,D214,2017,28003.100000000002
RO,D214,2018,31425.499999999996
RO,D214,2019,36061.5
RO,D214,2020,35350.9
RO,D214,2021,38756.5
RO,D214,2022,38492.8
RO,D214,2023,44641.7
RO,D214,2024,52044.8
RO,D29,1995,47.6
RO,D29,1996,31.2
RO,D29,1997,44.9
RO,D29,1998,121.79999999999998
RO,D29,1999,273.1
RO,D29,2000,401.2
RO,D29,2001,732.7
RO,D29,2002,946.4
RO,D29,2003,1188.4
RO,D29,2004,1175.2
RO,D29,2005,1436.2
RO,D29,2006,1957.6
RO,D29,2007,2310.5
RO,D29,2008,2861.6
RO,D29,2009,2883.5
RO,D29,2010,2986.9
RO,D29,2011,3152.2000000000003
RO,D29,2012,4099.9
RO,D29,2013,4377.600000000003
RO,D29,2014,6414.799999999999
RO,D29,2015,6286.5
RO,D29,2016,6220.3
RO,D29,2017,5333.3
RO,D29,2018,5604.5
RO,D29,2019,9119.7
RO,D29,2020,8401.5
RO,D29,2021,9683.5
RO,D29,2022,16657.8
RO,D29,2023,22641.300000000003
RO,D29,2024,19248.2
RO,D5,1995,809.5
RO,D5,1996,1119.3
RO,D5,1997,2642.3
RO,D5,1998,3103.4
RO,D5,1999,4297.5
RO,D5,2000,5846.7
RO,D5,2001,7491.8
RO,D5,2002,8765.9
RO,D5,2003,11811.5
RO,D5,2004,15875.3
RO,D5,2005,15376.5
RO,D5,2006,20722.5
RO,D5,2007,27887.2
RO,D5,2008,34573.5
RO,D5,2009,31532.8
RO,D5,2010,30619.3
RO,D5,2011,34014.3
RO,D5,2012,34480.1
RO,D5,2013,37616.200000000004
RO,D5,2014,41421.4
RO,D5,2015,47044.4
RO,D5,2016,49204.899999999994
RO,D5,2017,52089.200000000004
RO,D5,2018,46635.0
RO,D5,2019,51230.0
RO,D5,2020,50066.7
RO,D5,2021,61019.6
RO,D5,2022,86074.7
RO,D5,2023,85338.29999999999
RO,D5,2024,105361.2
RO,D51,1995,809.5
RO,D51,1996,1119.3
RO,D51,1997,2425.0
RO,D51,1998,3073.3999999999996
RO,D51,1999,4052.2000000000007
RO,D51,2000,5417.2
RO,D51,2001,6885.499999999999
RO,D51,2002,8165.6
RO,D51,2003,11218.4
RO,D51,2004,15192.4
RO,D51,2005,14600.400000000003
RO,D51,2006,19743.7
RO,D51,2007,26485.8
RO,D51,2008,33127.4
RO,D51,2009,30074.7
RO,D51,2010,28797.899999999994
RO,D51,2011,32076.0
RO,D51,2012,32042.100000000002
RO,D51,2013,34907.7
RO,D51,2014,38596.700000000004
RO,D51,2015,44098.4
RO,D51,2016,46062.4
RO,D51,2017,49061.1
RO,D51,2018,43619.6
RO,D51,2019,47969.6
RO,D51,2020,46869.0
RO,D51,2021,57155.50000000001
RO,D51,2022,81997.90000000001
RO,D51,2023,81026.6
RO,D51,2024,100391.8
RO,D51A,1995,520.1
RO,D51A,1996,749.9
RO,D51A,1997,1324.6
RO,D51A,1998,1697.3000000000002
RO,D51A,1999,1956.7
RO,D51A,2000,2799.0
RO,D51A,2001,3702.6
RO,D51A,2002,4129.5
RO,D51A,2003,5597.400000000001
RO,D51A,2004,7236.7
RO,D51A,2005,6625.3
RO,D51A,2006,9789.599999999999
RO,D51A,2007,13522.199999999999
RO,D51A,2008,17414.2
RO,D51A,2009,17588.0
RO,D51A,2010,17164.2
RO,D51A,2011,18517.399999999998
RO,D51A,2012,20285.199999999997
RO,D51A,2013,21404.0
RO,D51A,2014,23573.7
RO,D51A,2015,26103.2
RO,D51A,2016,27910.6
RO,D51A,2017,30609.2
RO,D51A,2018,22687.4
RO,D51A,2019,24138.0
RO,D51A,2020,25611.5
RO,D51A,2021,28493.899999999998
RO,D51A,2022,35777.9
RO,D51A,2023,40102.9
RO,D51A,2024,50865.899999999994
RO,D51B,1995,289.40000000000003
RO,D51B,1996,369.40000000000003
RO,D51B,1997,1100.3999999999999
RO,D51B,1998,1376.1
RO,D51B,1999,2095.5
RO,D51B,2000,2593.6999999999994
RO,D51B,2001,3141.1
RO,D51B,2002,3989.1
RO,D51B,2003,5542.9
RO,D51B,2004,7838.400000000001
RO,D51B,2005,7833.500000000001
RO,D51B,2006,9794.1
RO,D51B,2007,12712.4
RO,D51B,2008,15411.299999999997
RO,D51B,2009,12056.700000000003
RO,D51B,2010,10852.999999999998
RO,D51B,2011,12805.4
RO,D51B,2012,11150.900000000001
RO,D51B,2013,12826.0
RO,D51B,2014,14196.4
RO,D51B,2015,16727.5
RO,D51B,2016,16986.3
RO,D51B,2017,17211.4
RO,D51B,2018,19670.699999999997
RO,D51B,2019,22210.5
RO,D51B,2020,19965.9
RO,D51B,2021,26285.300000000003
RO,D51B,2022,42688.90000000001
RO,D51B,2023,36423.399999999994
RO,D51B,2024,44173.899999999994
RO,D59,1995,0.0
RO,D59,1996,0.0
RO,D59,1997,217.3
RO,D59,1998,30.0
RO,D59,1999,245.3
RO,D59,2000,429.5
RO,D59,2001,606.3
RO,D59,2002,600.3
RO,D59,2003,593.1
RO,D59,2004,682.8999999999999
RO,D59,2005,776.1000000000001
RO,D59,2006,978.8000000000001
RO,D59,2007,1401.3999999999999
RO,D59,2008,1446.1
RO,D59,2009,1458.0999999999997
RO,D59,2010,1821.3999999999999
RO,D59,2011,1938.3000000000002
RO,D59,2012,2438.0
RO,D59,2013,2708.5
RO,D59,2014,2824.7
RO,D59,2015,2945.9999999999995
RO,D59,2016,3142.4999999999995
RO,D59,2017,3028.1
RO,D59,2018,3015.3999999999996
RO,D59,2019,3260.3999999999996
RO,D59,2020,3197.7
RO,D59,2021,3864.1
RO,D59,2022,4076.8
RO,D59,2023,4311.7
RO,D59,2024,4969.4
RO,D91,1995,0.0
RO,D91,1996,0.0
RO,D91,1997,0.0
RO,D91,1998,0.0
RO,D91,1999,0.0
RO,D91,2000,0.0
RO,D91,2001,0.0
RO,D91,2002,0.0
RO,D91,2003,0.0
RO,D91,2004,0.0
RO,D91,2005,0.0
RO,D91,2006,0.0
RO,D91,2007,0.0
RO,D91,2008,0.0
RO,D91,2009,0.0
RO,D91,2010,0.0
RO,D91,2011,0.0
RO,D91,2012,0.0
RO,D91,2013,0.0
RO,D91,2014,0.0
RO,D91,2015,0.0
RO,D91,2016,0.0
RO,D91,2017,0.0
RO,D91,2018,0.0
RO,D91,2019,0.0
RO,D91,2020,0.0
RO,D91,2021,0.0
RO,D91,2022,0.0
RO,D91,2023,0.0
RO,D91,2024,0.0
RO,ODA,1995,1518.2
RO,ODA,1996,2119.1
RO,ODA,1997,4957.0
RO,ODA,1998,7311.700000000001
RO,ODA,1999,11022.7
RO,ODA,2000,15489.5
RO,ODA,2001,20815.8
RO,ODA,2002,26430.1
RO,ODA,2003,36025.3
RO,ODA,2004,44904.9
RO,ODA,2005,52624.9
RO,ODA,2006,64876.700000000004
RO,ODA,2007,79975.9
RO,ODA,2008,96009.6
RO,ODA,2009,86343.2
RO,ODA,2010,93733.9
RO,ODA,2011,107539.3
RO,ODA,2012,113065.20000000001
RO,ODA,2013,119012.1
RO,ODA,2014,127090.20000000001
RO,ODA,2015,142234.7
RO,ODA,2016,136541.19999999998
RO,ODA,2017,141184.9
RO,ODA,2018,146687.2
RO,ODA,2019,163718.7
RO,ODA,2020,160905.7
RO,ODA,2021,188908.09999999998
RO,ODA,2022,240020.8
RO,ODA,2023,262415.8
RO,ODA,2024,299946.1
RO,D61,1995,598.3
RO,D61,1996,849.7
RO,D61,1997,1837.6
RO,D61,1998,3521.6
RO,D61,1999,6271.3
RO,D61,2000,9254.1
RO,D61,2001,13246.3
RO,D61,2002,16899.5
RO,D61,2003,19528.4
RO,D61,2004,23887.8
RO,D61,2005,29649.5
RO,D61,2006,35604.2
RO,D61,2007,43639.1
RO,D61,2008,51988.1
RO,D61,2009,51260.6
RO,D61,2010,49551.7
RO,D61,2011,50807.9
RO,D61,2012,51953.0
RO,D61,2013,54817.4
RO,D61,2014,56983.3
RO,D61,2015,57604.3
RO,D61,2016,67008.6
RO,D61,2017,80225.7
RO,D61,2018,108599.4
RO,D61,2019,119587.2
RO,D61,2020,126382.6
RO,D61,2021,133932.1
RO,D61,2022,149919.19999999998
RO,D61,2023,175214.80000000002
RO,D61,2024,206476.30000000005
RO,D611,1995,442.9
RO,D611,1996,634.7
RO,D611,1997,1377.6
RO,D611,1998,2585.9
RO,D611,1999,4310.9
RO,D611,2000,6540.8
RO,D611,2001,8398.8
RO,D611,2002,9848.1
RO,D611,2003,12226.6
RO,D611,2004,14641.9
RO,D611,2005,18464.1
RO,D611,2006,21721.3
RO,D611,2007,25854.2
RO,D611,2008,31104.3
RO,D611,2009,29813.8
RO,D611,2010,28998.4
RO,D611,2011,31466.4
RO,D611,2012,32799.2
RO,D611,2013,35477.6
RO,D611,2014,36620.6
RO,D611,2015,35701.1
RO,D611,2016,37477.1
RO,D611,2017,45181.0
RO,D611,2018,11088.2
RO,D611,2019,10211.1
RO,D611,2020,10123.8
RO,D611,2021,11289.1
RO,D611,2022,12406.3
RO,D611,2023,14413.9
RO,D611,2024,16309.300000000001
RO,D613,1995,140.3
RO,D613,1996,191.39999999999998
RO,D613,1997,398.9
RO,D613,1998,830.5999999999999
RO,D613,1999,1764.8
RO,D613,2000,2436.0
RO,D613,2001,4518.4
RO,D613,2002,6469.099999999999
RO,D613,2003,6525.7
RO,D613,2004,8162.7
RO,D613,2005,9440.4
RO,D613,2006,11935.199999999999
RO,D613,2007,14993.300000000001
RO,D613,2008,17521.0
RO,D613,2009,17775.800000000003
RO,D613,2010,16783.1
RO,D613,2011,19341.5
RO,D613,2012,19153.800000000003
RO,D613,2013,19339.800000000003
RO,D613,2014,20362.699999999997
RO,D613,2015,21903.199999999997
RO,D613,2016,23776.6
RO,D613,2017,27257.3
RO,D613,2018,89410.7
RO,D613,2019,101279.5
RO,D613,2020,107395.2
RO,D613,2021,113044.9
RO,D613,2022,126930.2
RO,D613,2023,148627.1
RO,D613,2024,175204.70000000004
RO,ODB,1995,2101.4
RO,ODB,1996,2945.2000000000003
RO,ODB,1997,6733.5
RO,ODB,1998,10728.2
RO,ODB,1999,17098.4
RO,ODB,2000,24466.3
RO,ODB,2001,33733.0
RO,ODB,2002,42747.299999999996
RO,ODB,2003,54777.600000000006
RO,ODB,2004,67709.5
RO,ODB,2005,80529.4
RO,ODB,2006,98533.2
RO,ODB,2007,120823.4
RO,ODB,2008,144634.90000000002
RO,ODB,2009,133932.8
RO,ODB,2010,139515.39999999997
RO,ODB,2011,158347.2
RO,ODB,2012,165018.2
RO,ODB,2013,173829.5
RO,ODB,2014,184073.5
RO,ODB,2015,199839.0
RO,ODB,2016,197794.9
RO,ODB,2017,213623.19999999998
RO,ODB,2018,247186.1
RO,ODB,2019,275209.30000000005
RO,ODB,2020,278424.70000000007
RO,ODB,2021,313242.1
RO,ODB,2022,379357.3
RO,ODB,2023,425456.8
RO,ODB,2024,491460.10000000003
RO,ODC,1995,2116.5
RO,ODC,1996,2968.8
RO,ODC,1997,6794.6
RO,ODC,1998,10833.3
RO,ODC,1999,17294.0
RO,ODC,2000,24743.6
RO,ODC,2001,34062.1
RO,ODC,2002,43329.600000000006
RO,ODC,2003,55553.700000000004
RO,ODC,2004,68792.70000000001
RO,ODC,2005,82274.40000000001
RO,ODC,2006,100480.9
RO,ODC,2007,123615.0
RO,ODC,2008,147997.69999999998
RO,ODC,2009,137603.80000000002
RO,ODC,2010,143285.6
RO,ODC,2011,158347.2
RO,ODC,2012,165018.2
RO,ODC,2013,173829.5
RO,ODC,2014,184073.5
RO,ODC,2015,199839.0
RO,ODC,2016,203549.8
RO,ODC,2017,221410.6
RO,ODC,2018,255286.6
RO,ODC,2019,283305.89999999997
RO,ODC,2020,287288.3
RO,ODC,2021,322840.2
RO,ODC,2022,389940.0
RO,ODC,2023,437630.6
RO,ODC,2024,506422.4
SI,D2,1995,1592.396928726423
SI,D2,1996,1861.6090802870974
SI,D2,1997,2066.140877983642
SI,D2,1998,2388.7873476881996
SI,D2,1999,2779.7210894842274
SI,D2,2000,2907.690478546984
SI,D2,2001,3204.6169531004825
SI,D2,2002,3654.2852168519094
SI,D2,2003,4011.767327083212
SI,D2,2004,4285.7486525689865
SI,D2,2005,4519.757410162999
SI,D2,2006,4718.085050854741
SI,D2,2007,5146.528989438471
SI,D2,2008,5354.875335209999
SI,D2,2009,5004.803144439999
SI,D2,2010,5254.090698636161
SI,D2,2011,5328.458892719994
SI,D2,2012,5322.09593248
SI,D2,2013,5590.02096772
SI,D2,2014,5767.551012937001
SI,D2,2015,5983.847032555634
SI,D2,2016,6129.993420324667
SI,D2,2017,6408.7507534117
SI,D2,2018,6714.32339711825
SI,D2,2019,6985.238003823743
SI,D2,2020,6216.8459362257245
SI,D2,2021,7189.455783559825
SI,D2,2022,7773.937636592205
SI,D2,2023,8349.978124594836
SI,D2,2024,8760.704217791219
SI,D21,1995,1540.160240360541
SI,D21,1996,1745.956434651978
SI,D21,1997,1847.6464697045567
SI,D21,1998,2114.146219328994
SI,D21,1999,2453.4764086503365
SI,D21,2000,2491.691511060896
SI,D21,2001,2695.746941776679
SI,D21,2002,3078.726889339047
SI,D21,2003,3318.802242608726
SI,D21,2004,3520.210633964832
SI,D21,2005,3697.2590421019304
SI,D21,2006,3954.214178998708
SI,D21,2007,4420.549840680292
SI,D21,2008,4770.1162454709
SI,D21,2009,4646.26160217609
SI,D21,2010,4851.643691781407
SI,D21,2011,4918.582317499122
SI,D21,2012,4876.384109644778
SI,D21,2013,5120.134668960223
SI,D21,2014,5274.567678654606
SI,D21,2015,5486.13988555135
SI,D21,2016,5626.755223390899
SI,D21,2017,5889.651593147581
SI,D21,2018,6167.074379080084
SI,D21,2019,6402.853612989115
SI,D21,2020,5654.742907026157
SI,D21,2021,6578.852282533375
SI,D21,2022,7056.142790676634
SI,D21,2023,7570.066548545259
SI,D21,2024,7936.738828779629
SI,D211,1995,0.0
SI,D211,1996,0.0
SI,D211,1997,0.0
SI,D211,1998,0.0
SI,D211,1999,801.5685969327595
SI,D211,2000,1598.8574349467249
SI,D211,2001,1717.7420719719712
SI,D211,2002,1981.4662781836469
SI,D211,2003,2140.437517820627
SI,D211,2004,2311.4153847081557
SI,D211,2005,2472.1456135019885
SI,D211,2006,2647.832167410534
SI,D211,2007,2922.6929693618195
SI,D211,2008,3165.3796586309004
SI,D211,2009,2849.9709694560893
SI,D211,2010,2925.061148175247
SI,D211,2011,2994.047400369122
SI,D211,2012,2886.0923424047783
SI,D211,2013,3044.9638085902234
SI,D211,2014,3151.9222935676057
SI,D211,2015,3218.1079921680503
SI,D211,2016,3284.8551589908993
SI,D211,2017,3479.70775594938
SI,D211,2018,3761.7155553760012
SI,D211,2019,3960.2973858125647
SI,D211,2020,3539.0227072868574
SI,D211,2021,4295.144388682367
SI,D211,2022,4713.291840369504
SI,D211,2023,5153.2208844225315
SI,D211,2024,5350.29840410841
SI,D214,1995,1177.2992822567185
SI,D214,1996,1394.8172258387583
SI,D214,1997,1572.992822567184
SI,D214,1998,1879.9908195626776
SI,D214,1999,1387.9094808879988
SI,D214,2000,653.5757970288765
SI,D214,2001,756.2176347855118
SI,D214,2002,891.5714899736272
SI,D214,2003,958.1372877992826
SI,D214,2004,1094.639824452804
SI,D214,2005,1181.039425929269
SI,D214,2006,1252.5670969633618
SI,D214,2007,1402.6945286284724
SI,D214,2008,1516.8367796399998
SI,D214,2009,1723.6729537900003
SI,D214,2010,1851.76555012616
SI,D214,2011,1841.89358033
SI,D214,2012,1915.79679567
SI,D214,2013,2012.45837761
SI,D214,2014,2067.567210387
SI,D214,2015,2214.8627529832997
SI,D214,2016,2287.6316576699996
SI,D214,2017,2349.7695139382
SI,D214,2018,2348.7190688863
SI,D214,2019,2381.1657695858003
SI,D214,2020,2052.6781360493
SI,D214,2021,2201.033587291007
SI,D214,2022,2237.5313349671296
SI,D214,2023,2328.996578092728
SI,D214,2024,2491.5377891112194
SI,D29,1995,52.236688365882166
SI,D29,1996,115.65264563511934
SI,D29,1997,218.4944082790853
SI,D29,1998,274.6411283592055
SI,D29,1999,326.2446808338908
SI,D29,2000,415.9989674860883
SI,D29,2001,508.8700113238037
SI,D29,2002,575.5583275128623
SI,D29,2003,692.9650844744862
SI,D29,2004,765.5380186041546
SI,D29,2005,822.4983680610682
SI,D29,2006,763.8708718560326
SI,D29,2007,725.9791487581793
SI,D29,2008,584.7590897390994
SI,D29,2009,358.5415422639101
SI,D29,2010,402.4470068547532
SI,D29,2011,409.87657522087204
SI,D29,2012,445.7118228352221
SI,D29,2013,469.88629875977654
SI,D29,2014,492.98333428239516
SI,D29,2015,497.7071470042835
SI,D29,2016,503.2381969337673
SI,D29,2017,519.09916026412
SI,D29,2018,547.2490180381654
SI,D29,2019,582.3843908346283
SI,D29,2020,562.1030291995676
SI,D29,2021,610.6035010264501
SI,D29,2022,717.7948459155716
SI,D29,2023,779.9115760495779
SI,D29,2024,823.9653890115899
SI,D5,1995,707.101114171257
SI,D5,1996,872.3447640794526
SI,D5,1997,1000.4676772867637
SI,D5,1998,1091.179301064096
SI,D5,1999,1229.2517128901688
SI,D5,2000,1353.7263319145386
SI,D5,2001,1553.9052378025376
SI,D5,2002,1796.5691631484256
SI,D5,2003,1998.8145403229846
SI,D5,2004,2219.3482697254212
SI,D5,2005,2494.988110665496
SI,D5,2006,2827.1280756400333
SI,D5,2007,3165.6433250035234
SI,D5,2008,3318.1154665
SI,D5,2009,2928.71647504
SI,D5,2010,2909.3922927399994
SI,D5,2011,2887.22444378
SI,D5,2012,2716.0216044900003
SI,D5,2013,2537.76054104908
SI,D5,2014,2691.9567738218348
SI,D5,2015,2800.24569241
SI,D5,2016,3011.129450899999
SI,D5,2017,3216.8121170699997
SI,D5,2018,3597.764777279994
SI,D5,2019,3768.4488722500005
SI,D5,2020,3668.94951801
SI,D5,2021,4391.46774901
SI,D5,2022,4571.277764130001
SI,D5,2023,5041.01440574
SI,D5,2024,5677.008461368564
SI,D51,1995,685.343477716575
SI,D51,1996,847.1820199632783
SI,D51,1997,971.9206901393759
SI,D51,1998,1046.879518056251
SI,D51,1999,1177.962278738942
SI,D51,2000,1297.8616432148224
SI,D51,2001,1492.9395392547158
SI,D51,2002,1733.3745576698377
SI,D51,2003,1924.3899818185614
SI,D51,2004,2136.0469736145883
SI,D51,2005,2407.1601593584523
SI,D51,2006,2734.377873936353
SI,D51,2007,3039.014782773523
SI,D51,2008,3118.24514997
SI,D51,2009,2720.17528188
SI,D51,2010,2690.8903458099994
SI,D51,2011,2671.8344087
SI,D51,2012,2491.1585940100003
SI,D51,2013,2283.1000577190803
SI,D51,2014,2436.2086860288346
SI,D51,2015,2546.58805961
SI,D51,2016,2756.338128179999
SI,D51,2017,2960.6255701399996
SI,D51,2018,3340.4350987399944
SI,D51,2019,3503.0251416900005
SI,D51,2020,3396.79692206
SI,D51,2021,4120.46865674
SI,D51,2022,4286.290347870001
SI,D51,2023,4752.86513276
SI,D51,2024,5383.897921118564
SI,D51A,1995,603.9767985311302
SI,D51A,1996,707.2066432982808
SI,D51A,1997,798.2515439826407
SI,D51A,1998,840.3355032548823
SI,D51A,1999,938.1460065097647
SI,D51A,2000,1038.7189409113673
SI,D51A,2001,1186.918761475547
SI,D51A,2002,1320.3368678017023
SI,D51A,2003,1437.0422560632617
SI,D51A,2004,1555.764741933734
SI,D51A,2005,1582.566535036094
SI,D51A,2006,1782.09374544979
SI,D51A,2007,1914.3079508299998
SI,D51A,2008,2176.13306568
SI,D51A,2009,2060.73934594
SI,D51A,2010,2016.1741566599997
SI,D51A,2011,2054.7505384100004
SI,D51A,2012,2037.2189328000006
SI,D51A,2013,1844.5439091790802
SI,D51A,2014,1894.6874691288342
SI,D51A,2015,1973.51005908
SI,D51A,2016,2106.088175069999
SI,D51A,2017,2191.3777764999995
SI,D51A,2018,2448.960003569995
SI,D51A,2019,2543.59936219
SI,D51A,2020,2460.8077331799996
SI,D51A,2021,2824.34731345
SI,D51A,2022,2946.816062170001
SI,D51A,2023,3245.09787178
SI,D51A,2024,3569.8009472685644
SI,D51B,1995,53.7997454515106
SI,D51B,1996,108.05049350692707
SI,D51B,1997,138.88768229427475
SI,D51B,1998,149.64060134785512
SI,D51B,1999,195.84411399182108
SI,D51B,2000,215.67839334001002
SI,D51B,2001,261.02772152812554
SI,D51B,2002,362.8290477382741
SI,D51B,2003,437.0750876314472
SI,D51B,2004,522.8931689200468
SI,D51B,2005,794.5120639292271
SI,D51B,2006,920.0076406878233
SI,D51B,2007,1116.3329253135237
SI,D51B,2008,933.4658317799999
SI,D51B,2009,652.0253347399998
SI,D51B,2010,667.9800029699999
SI,D51B,2011,610.8047816
SI,D51B,2012,446.24387823
SI,D51B,2013,433.2276781
SI,D51B,2014,528.6735288000001
SI,D51B,2015,567.96725991
SI,D51B,2016,644.81541656
SI,D51B,2017,763.7971159600002
SI,D51B,2018,885.8835368499992
SI,D51B,2019,953.5398662199998
SI,D51B,2020,931.19282654
SI,D51B,2021,1290.1548049700002
SI,D51B,2022,1330.53366318
SI,D51B,2023,1501.9399480499999
SI,D51B,2024,1796.7455464700001
SI,D59,1995,21.757636454682025
SI,D59,1996,25.162744116174263
SI,D59,1997,28.546987147387753
SI,D59,1998,44.29978300784511
SI,D59,1999,51.28943415122684
SI,D59,2000,55.86468869971625
SI,D59,2001,60.96569854782174
SI,D59,2002,63.19460547858788
SI,D59,2003,74.4245585044233
SI,D59,2004,83.30129611083292
SI,D59,2005,87.82795130704388
SI,D59,2006,92.75020170368052
SI,D59,2007,126.62854223
SI,D59,2008,199.87031653000005
SI,D59,2009,208.54119316000003
SI,D59,2010,218.50194692999995
SI,D59,2011,215.39003507999996
SI,D59,2012,224.86301048
SI,D59,2013,254.66048332999998
SI,D59,2014,255.74808779299997
SI,D59,2015,253.65763280000002
SI,D59,2016,254.79132271999995
SI,D59,2017,256.18654692999996
SI,D59,2018,257.32967854
SI,D59,2019,265.42373055999997
SI,D59,2020,272.15259595
SI,D59,2021,270.99909227
SI,D59,2022,284.98741626000003
SI,D59,2023,288.14927298000003
SI,D59,2024,293.11054024999993
SI,D91,1995,8.287431146720081
SI,D91,1996,6.497245868803206
SI,D91,1997,7.744950759472542
SI,D91,1998,30.58754798864964
SI,D91,1999,27.95025872141546
SI,D91,2000,16.213390919712904
SI,D91,2001,22.615527457853446
SI,D91,2002,18.315464863962614
SI,D91,2003,5.618799031881155
SI,D91,2004,15.669024369888165
SI,D91,2005,7.982294770489068
SI,D91,2006,5.6509229484643635
SI,D91,2007,8.694731140000004
SI,D91,2008,11.006142159999996
SI,D91,2009,10.95124394
SI,D91,2010,13.64926294
SI,D91,2011,11.829391739999998
SI,D91,2012,9.622172329999998
SI,D91,2013,8.489868470000003
SI,D91,2014,9.620821819999998
SI,D91,2015,9.598489300000004
SI,D91,2016,12.3311158
SI,D91,2017,12.238745029999992
SI,D91,2018,10.958593809999993
SI,D91,2019,18.202685530000004
SI,D91,2020,12.008979659999998
SI,D91,2021,14.76364178
SI,D91,2022,20.327808679999997
SI,D91,2023,21.248213819999997
SI,D91,2024,124.28859988
SI,ODA,1995,2307.7854740444
SI,ODA,1996,2740.451090235353
SI,ODA,1997,3074.353506029878
SI,ODA,1998,3510.554196740945
SI,ODA,1999,4036.923061095812
SI,ODA,2000,4277.630201381236
SI,ODA,2001,4781.137718360874
SI,ODA,2002,5469.169844864298
SI,ODA,2003,6016.200666438078
SI,ODA,2004,6520.765946664296
SI,ODA,2005,7022.727815598984
SI,ODA,2006,7550.864049443239
SI,ODA,2007,8320.867045581996
SI,ODA,2008,8683.996943869999
SI,ODA,2009,7944.470863419999
SI,ODA,2010,8177.1322543161605
SI,ODA,2011,8227.512728239995
SI,ODA,2012,8047.739709299999
SI,ODA,2013,8136.27137723908
SI,ODA,2014,8469.128608578838
SI,ODA,2015,8793.691214265635
SI,ODA,2016,9153.453987024666
SI,ODA,2017,9637.801615511698
SI,ODA,2018,10323.046768208245
SI,ODA,2019,10771.889561603743
SI,ODA,2020,9897.804433895724
SI,ODA,2021,11595.687174349825
SI,ODA,2022,12365.543209402205
SI,ODA,2023,13412.240744154835
SI,ODA,2024,14562.001279039783
SI,D61,1995,1845.814944237483
SI,D61,1996,1915.679012085073
SI,D61,1997,2078.7254271373586
SI,D61,1998,2322.3469000381324
SI,D61,1999,2570.9344576335543
SI,D61,2000,2854.1527910819023
SI,D61,2001,3239.6720836852583
SI,D61,2002,3584.482294281119
SI,D61,2003,3869.002693173701
SI,D61,2004,4186.014442035342
SI,D61,2005,4461.4560615732025
SI,D61,2006,4715.912826421014
SI,D61,2007,5117.625422782181
SI,D61,2008,5650.085347059166
SI,D61,2009,5726.39074365421
SI,D61,2010,5846.262290094487
SI,D61,2011,5884.30529592259
SI,D61,2012,5858.6454487858155
SI,D61,2013,5764.669141158666
SI,D61,2014,5863.403549873687
SI,D61,2015,6101.409683648046
SI,D61,2016,6337.511281382071
SI,D61,2017,6746.934820563666
SI,D61,2018,7206.620644629098
SI,D61,2019,7723.033169916687
SI,D61,2020,8070.005394153635
SI,D61,2021,8739.465828870445
SI,D61,2022,9309.973755873423
SI,D61,2023,10178.043994772375
SI,D61,2024,11575.920164894444
SI,D611,1995,819.0249419958259
SI,D611,1996,741.1175871191979
SI,D611,1997,736.7271583815973
SI,D611,1998,815.4563744294489
SI,D611,1999,904.6368563418431
SI,D611,2000,1008.0018061030089
SI,D611,2001,1125.4372292762441
SI,D611,2002,1250.2114529219584
SI,D611,2003,1350.1869900261734
SI,D611,2004,1451.169724348305
SI,D611,2005,1587.5431312960006
SI,D611,2006,1689.7872322184032
SI,D611,2007,1844.1954427573774
SI,D611,2008,2042.4231365300009
SI,D611,2009,2032.174422610346
SI,D611,2010,2063.078442589999
SI,D611,2011,2064.3237987699968
SI,D611,2012,2053.582390190005
SI,D611,2013,2022.4246868714577
SI,D611,2014,2025.7738374714572
SI,D611,2015,2134.79947232
SI,D611,2016,2240.28313493
SI,D611,2017,2408.11641575
SI,D611,2018,2590.48271198
SI,D611,2019,2780.9215189599995
SI,D611,2020,2863.5622429818695
SI,D611,2021,3138.50194334716
SI,D611,2022,3349.0267200971048
SI,D611,2023,3680.5274568938657
SI,D611,2024,3934.6992183400002
SI,D613,1995,1006.4559095731943
SI,D613,1996,1150.836487396537
SI,D613,1997,1314.3154054641716
SI,D613,1998,1476.6890228331126
SI,D613,1999,1632.2412169033996
SI,D613,2000,1806.9381790178784
SI,D613,2001,2068.4178296011355
SI,D613,2002,2283.3385692436914
SI,D613,2003,2463.139829524871
SI,D613,2004,2665.629296689396
SI,D613,2005,2800.5270315320195
SI,D613,2006,2949.0767248651696
SI,D613,2007,3192.2941819377966
SI,D613,2008,3516.315202650334
SI,D613,2009,3595.9096282202413
SI,D613,2010,3683.14810657
SI,D613,2011,3717.290509719999
SI,D613,2012,3682.7683658399974
SI,D613,2013,3624.9359927270307
SI,D613,2014,3720.6284035970316
SI,D613,2015,3848.1819199400006
SI,D613,2016,3982.250435499999
SI,D613,2017,4218.10465616
SI,D613,2018,4490.14091257
SI,D613,2019,4805.688347860001
SI,D613,2020,5041.184004658134
SI,D613,2021,5420.5048266228405
SI,D613,2022,5788.066695352896
SI,D613,2023,6305.303479716135
SI,D613,2024,7436.47176471
SI,ODB,1995,4133.26632561342
SI,ODB,1996,4632.405164751088
SI,ODB,1997,5125.396069875647
SI,ODB,1998,5802.699594003507
SI,ODB,1999,6573.801134341054
SI,ODB,2000,7091.337488824176
SI,ODB,2001,7973.92412345403
SI,ODB,2002,9001.501256277303
SI,ODB,2003,9828.415546262113
SI,ODB,2004,10623.77292821238
SI,ODB,2005,11389.210220046742
SI,ODB,2006,12167.086256095736
SI,ODB,2007,13332.439590585056
SI,ODB,2008,14216.12913856178
SI,ODB,2009,13571.066585582994
SI,ODB,2010,13921.816052759592
SI,ODB,2011,14007.58936723925
SI,ODB,2012,13782.45555708626
SI,ODB,2013,13782.053999992744
SI,ODB,2014,14213.93116251651
SI,ODB,2015,14775.049007095744
SI,ODB,2016,15374.316324196912
SI,ODB,2017,16262.319751857382
SI,ODB,2018,17402.002984378505
SI,ODB,2019,18356.843736659845
SI,ODB,2020,17801.063526861923
SI,ODB,2021,20153.16552328802
SI,ODB,2022,21501.06449308876
SI,ODB,2023,23396.38687661156
SI,ODB,2024,25931.40914664645
SI,ODC,1995,4153.600418281883
SI,ODC,1996,4656.130102320426
SI,ODC,1997,5153.078933167237
SI,ODC,1998,5832.901096779077
SI,ODC,1999,6607.857518729366
SI,ODC,2000,7130.550294785191
SI,ODC,2001,8019.741148261908
SI,ODC,2002,9052.433528392772
SI,ODC,2003,9884.091419884771
SI,ODC,2004,10692.98834921002
SI,ODC,2005,11462.596118791924
SI,ODC,2006,12244.135125433175
SI,ODC,2007,13413.575388672065
SI,ODC,2008,14307.476146440613
SI,ODC,2009,13669.373278406618
SI,ODC,2010,14021.851793694079
SI,ODC,2011,14110.280354671844
SI,ODC,2012,13904.75024984207
SI,ODC,2013,13899.362461552922
SI,ODC,2014,14330.932471321708
SI,ODC,2015,14893.477298483787
SI,ODC,2016,15489.294035148985
SI,ODC,2017,16383.033500511046
SI,ODC,2018,17528.0000044576
SI,ODC,2019,18493.26703975653
SI,ODC,2020,17966.32267337555
SI,ODC,2021,20333.624582188466
SI,ODC,2022,21673.944833512185
SI,ODC,2023,23588.599934773934
SI,ODC,2024,26136.15832849089
SK,D2,1995,2832.942
SK,D2,1996,3015.544
SK,D2,1997,3204.197
SK,D2,1998,3435.827
SK,D2,1999,3549.7170000000006
SK,D2,2000,4001.4020000000005
SK,D2,2001,3929.893
SK,D2,2002,4336.57
SK,D2,2003,5015.8240000000005
SK,D2,2004,5717.082
SK,D2,2005,6427.264999999999
SK,D2,2006,6437.207
SK,D2,2007,7163.299000000001
SK,D2,2008,7341.611
SK,D2,2009,6846.349999999999
SK,D2,2010,7180.851
SK,D2,2011,8123.805
SK,D2,2012,7916.832
SK,D2,2013,8463.002999999999
SK,D2,2014,8872.714
SK,D2,2015,9348.139000000001
SK,D2,2016,9428.091
SK,D2,2017,10183.631
SK,D2,2018,10750.165
SK,D2,2019,11528.584
SK,D2,2020,11390.959
SK,D2,2021,12218.390999999998
SK,D2,2022,13410.372000000001
SK,D2,2023,15028.825
SK,D2,2024,15291.645
SK,D2,2025,16610.343
SK,D21,1995,2650.332
SK,D21,1996,2739.0750000000003
SK,D21,1997,2951.8160000000003
SK,D21,1998,3190.2929999999997
SK,D21,1999,3302.953
SK,D21,2000,3694.03
SK,D21,2001,3629.8559999999998
SK,D21,2002,3944.321
SK,D21,2003,4598.013
SK,D21,2004,5267.356000000001
SK,D21,2005,5899.884
SK,D21,2006,5928.419
SK,D21,2007,6614.8820000000005
SK,D21,2008,6780.963999999999
SK,D21,2009,6283.195
SK,D21,2010,6603.945999999999
SK,D21,2011,7527.699
SK,D21,2012,7135.773
SK,D21,2013,7627.196999999999
SK,D21,2014,7991.725
SK,D21,2015,8524.359
SK,D21,2016,8565.497
SK,D21,2017,9322.020999999999
SK,D21,2018,9837.124999999998
SK,D21,2019,10444.211
SK,D21,2020,10274.177
SK,D21,2021,11191.412
SK,D21,2022,12159.885999999997
SK,D21,2023,13648.290999999997
SK,D21,2024,13754.181999999999
SK,D21,2025,15106.708999999999
SK,D211,1995,1616.245
SK,D211,1996,1636.195
SK,D211,1997,1721.503
SK,D211,1998,1953.993
SK,D211,1999,1919.306
SK,D211,2000,2167.629
SK,D211,2001,2454.259
SK,D211,2002,2581.823
SK,D211,2003,3031.368
SK,D211,2004,3506.937
SK,D211,2005,3879.705
SK,D211,2006,4103.731
SK,D211,2007,4147.082
SK,D211,2008,4621.424
SK,D211,2009,4221.288
SK,D211,2010,4182.101
SK,D211,2011,4710.914
SK,D211,2012,4327.702
SK,D211,2013,4696.12
SK,D211,2014,5021.131
SK,D211,2015,5422.535
SK,D211,2016,5423.632
SK,D211,2017,5918.744
SK,D211,2018,6319.301
SK,D211,2019,6830.155
SK,D211,2020,6820.217
SK,D211,2021,7494.069
SK,D211,2022,8555.714
SK,D211,2023,9732.96
SK,D211,2024,9914.696
SK,D211,2025,10710.946
SK,D214,1995,611.196
SK,D214,1996,598.5980000000001
SK,D214,1997,597.604
SK,D214,1998,577.235
SK,D214,1999,637.6800000000001
SK,D214,2000,831.619
SK,D214,2001,699.9620000000001
SK,D214,2002,855.0289999999999
SK,D214,2003,1011.0120000000001
SK,D214,2004,1494.967
SK,D214,2005,1936.2379999999998
SK,D214,2006,1725.7589999999998
SK,D214,2007,2325.2610000000004
SK,D214,2008,2004.026
SK,D214,2009,1950.4270000000001
SK,D214,2010,2278.835
SK,D214,2011,2660.262
SK,D214,2012,2679.258
SK,D214,2013,2816.4900000000002
SK,D214,2014,2843.2619999999997
SK,D214,2015,2983.2769999999996
SK,D214,2016,3017.979
SK,D214,2017,3267.661
SK,D214,2018,3380.4530000000004
SK,D214,2019,3487.172
SK,D214,2020,3333.0419999999995
SK,D214,2021,3559.0350000000003
SK,D214,2022,3441.694
SK,D214,2023,3763.316
SK,D214,2024,3695.0159999999996
SK,D214,2025,4251.904
SK,D29,1995,182.61
SK,D29,1996,276.469
SK,D29,1997,252.381
SK,D29,1998,245.534
SK,D29,1999,246.764
SK,D29,2000,307.37199999999996
SK,D29,2001,300.037
SK,D29,2002,392.249
SK,D29,2003,417.81100000000004
SK,D29,2004,449.726
SK,D29,2005,527.381
SK,D29,2006,508.788
SK,D29,2007,548.417
SK,D29,2008,560.6469999999999
SK,D29,2009,563.155
SK,D29,2010,576.905
SK,D29,2011,596.106
SK,D29,2012,781.059
SK,D29,2013,835.806
SK,D29,2014,880.989
SK,D29,2015,823.7800000000001
SK,D29,2016,862.594
SK,D29,2017,861.61
SK,D29,2018,913.04
SK,D29,2019,1084.3729999999998
SK,D29,2020,1116.7819999999997
SK,D29,2021,1026.979
SK,D29,2022,1250.4859999999999
SK,D29,2023,1380.534
SK,D29,2024,1537.4630000000002
SK,D29,2025,1503.634
SK,D5,1995,2066.537
SK,D5,1996,2054.9370000000004
SK,D5,1997,2170.784
SK,D5,1998,2336.092
SK,D5,1999,2495.498
SK,D5,2000,2282.867
SK,D5,2001,2492.841
SK,D5,2002,2552.657
SK,D5,2003,2851.4359999999997
SK,D5,2004,2903.2039999999997
SK,D5,2005,3100.522
SK,D5,2006,3521.115
SK,D5,2007,3978.1140000000005
SK,D5,2008,4537.185
SK,D5,2009,3669.918
SK,D5,2010,3740.345
SK,D5,2011,3979.1459999999997
SK,D5,2012,4145.744000000001
SK,D5,2013,4623.532
SK,D5,2014,5113.274
SK,D5,2015,5697.236000000001
SK,D5,2016,5838.921
SK,D5,2017,6121.7880000000005
SK,D5,2018,6529.237
SK,D5,2019,6822.534000000001
SK,D5,2020,6682.298000000002
SK,D5,2021,7827.610000000001
SK,D5,2022,9166.083999999999
SK,D5,2023,9734.509
SK,D5,2024,10668.624000000002
SK,D5,2025,11156.034
SK,D51,1995,1992.863
SK,D51,1996,1949.379
SK,D51,1997,2095.93
SK,D51,1998,2238.897
SK,D51,1999,2405.928
SK,D51,2000,2181.4049999999997
SK,D51,2001,2388.203
SK,D51,2002,2440.815
SK,D51,2003,2725.652
SK,D51,2004,2754.6940000000004
SK,D51,2005,2968.462
SK,D51,2006,3387.043
SK,D51,2007,3844.248
SK,D51,2008,4388.612
SK,D51,2009,3526.42
SK,D51,2010,3601.127
SK,D51,2011,3842.269
SK,D51,2012,4004.699
SK,D51,2013,4470.642
SK,D51,2014,4954.58
SK,D51,2015,5542.4619999999995
SK,D51,2016,5676.236000000001
SK,D51,2017,5959.124
SK,D51,2018,6370.068
SK,D51,2019,6657.684
SK,D51,2020,6534.791
SK,D51,2021,7682.098000000001
SK,D51,2022,9012.422999999999
SK,D51,2023,9606.736
SK,D51,2024,10564.308000000003
SK,D51,2025,11040.218
SK,D51A,1995,695.28
SK,D51A,1996,855.076
SK,D51A,1997,1037.243
SK,D51A,1998,1138.1860000000001
SK,D51A,1999,1207.827
SK,D51A,2000,1054.504
SK,D51A,2001,1193.156
SK,D51A,2002,1204.574
SK,D51A,2003,1303.891
SK,D51A,2004,1394.4730000000002
SK,D51A,2005,1496.079
SK,D51A,2006,1626.736
SK,D51A,2007,1819.751
SK,D51A,2008,2095.178
SK,D51A,2009,1793.693
SK,D51A,2010,1789.565
SK,D51A,2011,1999.882
SK,D51A,2012,2122.776
SK,D51A,2013,2175.025
SK,D51A,2014,2275.117
SK,D51A,2015,2463.642
SK,D51A,2016,2679.466
SK,D51A,2017,2855.23
SK,D51A,2018,3217.997
SK,D51A,2019,3533.735
SK,D51A,2020,3499.962
SK,D51A,2021,3759.707
SK,D51A,2022,4163.867
SK,D51A,2023,4685.371999999999
SK,D51A,2024,4858.295
SK,D51A,2025,5170.922
SK,D51B,1995,1165.5049999999999
SK,D51B,1996,926.6080000000001
SK,D51B,1997,871.042
SK,D51B,1998,847.5400000000001
SK,D51B,1999,871.374
SK,D51B,2000,813.052
SK,D51B,2001,878.61
SK,D51B,2002,926.11
SK,D51B,2003,1118.236
SK,D51B,2004,1171.945
SK,D51B,2005,1344.52
SK,D51B,2006,1599.051
SK,D51B,2007,1835.458
SK,D51B,2008,2087.466
SK,D51B,2009,1576.972
SK,D51B,2010,1659.23
SK,D51B,2011,1699.187
SK,D51B,2012,1714.779
SK,D51B,2013,2117.833
SK,D51B,2014,2504.402
SK,D51B,2015,2916.816
SK,D51B,2016,2817.558
SK,D51B,2017,2925.461
SK,D51B,2018,2942.902
SK,D51B,2019,2878.3320000000003
SK,D51B,2020,2799.748
SK,D51B,2021,3632.636
SK,D51B,2022,4533.790000000001
SK,D51B,2023,4490.789
SK,D51B,2024,5176.863
SK,D51B,2025,5319.647
SK,D59,1995,73.67399999999999
SK,D59,1996,105.55799999999999
SK,D59,1997,74.85400000000001
SK,D59,1998,97.195
SK,D59,1999,89.57
SK,D59,2000,101.462
SK,D59,2001,104.638
SK,D59,2002,111.84199999999998
SK,D59,2003,125.784
SK,D59,2004,148.51
SK,D59,2005,132.06
SK,D59,2006,134.072
SK,D59,2007,133.86599999999999
SK,D59,2008,148.57299999999998
SK,D59,2009,143.498
SK,D59,2010,139.218
SK,D59,2011,136.877
SK,D59,2012,141.04500000000002
SK,D59,2013,152.89000000000004
SK,D59,2014,158.69400000000002
SK,D59,2015,154.774
SK,D59,2016,162.685
SK,D59,2017,162.664
SK,D59,2018,159.169
SK,D59,2019,164.85
SK,D59,2020,147.507
SK,D59,2021,145.512
SK,D59,2022,153.661
SK,D59,2023,127.773
SK,D59,2024,104.316
SK,D59,2025,115.816
SK,D91,1995,1.826
SK,D91,1996,4.979
SK,D91,1997,3.6510000000000002
SK,D91,1998,4.747
SK,D91,1999,6.772
SK,D91,2000,8.199
SK,D91,2001,8.332
SK,D91,2002,9.095
SK,D91,2003,7.801
SK,D91,2004,3.95
SK,D91,2005,0.564
SK,D91,2006,0.266
SK,D91,2007,0.1
SK,D91,2008,0.1
SK,D91,2009,0.045
SK,D91,2010,0.02
SK,D91,2011,0.013
SK,D91,2012,0.012
SK,D91,2013,0.007
SK,D91,2014,0.004
SK,D91,2015,-0.006
SK,D91,2016,0.004
SK,D91,2017,0.0
SK,D91,2018,0.0
SK,D91,2019,0.0
SK,D91,2020,0.0
SK,D91,2021,0.0
SK,D91,2022,0.0
SK,D91,2023,0.0
SK,D91,2024,0.0
SK,D91,2025,0.0
SK,ODA,1995,4901.305
SK,ODA,1996,5075.46
SK,ODA,1997,5378.632
SK,ODA,1998,5776.666
SK,ODA,1999,6051.987
SK,ODA,2000,6292.468
SK,ODA,2001,6431.066
SK,ODA,2002,6898.322000000001
SK,ODA,2003,7875.061
SK,ODA,2004,8624.236
SK,ODA,2005,9528.351
SK,ODA,2006,9958.588
SK,ODA,2007,11141.512999999999
SK,ODA,2008,11878.896
SK,ODA,2009,10516.313
SK,ODA,2010,10921.215999999999
SK,ODA,2011,12102.963999999998
SK,ODA,2012,12062.588
SK,ODA,2013,13086.542
SK,ODA,2014,13985.985
SK,ODA,2015,15045.369
SK,ODA,2016,15267.016
SK,ODA,2017,16305.419
SK,ODA,2018,17279.402
SK,ODA,2019,18351.118000000002
SK,ODA,2020,18073.256999999998
SK,ODA,2021,20046.001000000007
SK,ODA,2022,22576.455999999995
SK,ODA,2023,24763.334
SK,ODA,2024,25960.269
SK,ODA,2025,27766.377
SK,D61,1995,2941.228
SK,D61,1996,3467.4809999999998
SK,D61,1997,3628.23
SK,D61,1998,3943.509
SK,D61,1999,3988.234
SK,D61,2000,4463.361
SK,D61,2001,4899.384
SK,D61,2002,5450.569
SK,D61,2003,5752.316
SK,D61,2004,6102.186
SK,D61,2005,6417.981
SK,D61,2006,6654.928
SK,D61,2007,7406.921
SK,D61,2008,8144.965
SK,D61,2009,8116.355
SK,D61,2010,8416.635
SK,D61,2011,8826.803
SK,D61,2012,9216.004
SK,D61,2013,10111.104
SK,D61,2014,10489.775000000001
SK,D61,2015,11174.581
SK,D61,2016,11756.305
SK,D61,2017,12589.350999999999
SK,D61,2018,13436.473000000002
SK,D61,2019,14391.539
SK,D61,2020,14544.076999999997
SK,D61,2021,15683.411000000004
SK,D61,2022,16595.519999999997
SK,D61,2023,18945.663
SK,D61,2024,20964.663
SK,D61,2025,22412.686
SK,D611,1995,1849.034
SK,D611,1996,2126.071
SK,D611,1997,2334.794
SK,D611,1998,2532.264
SK,D611,1999,2501.859
SK,D611,2000,2850.362
SK,D611,2001,3000.266
SK,D611,2002,3267.4429999999998
SK,D611,2003,3448.9629999999997
SK,D611,2004,3478.146
SK,D611,2005,3491.7980000000002
SK,D611,2006,3513.822
SK,D611,2007,3913.794
SK,D611,2008,4464.599
SK,D611,2009,4306.449
SK,D611,2010,4579.191
SK,D611,2011,4650.894
SK,D611,2012,4868.6720000000005
SK,D611,2013,5555.531999999999
SK,D611,2014,5865.443
SK,D611,2015,6318.946
SK,D611,2016,6506.689
SK,D611,2017,7173.416
SK,D611,2018,7781.56
SK,D611,2019,8538.819
SK,D611,2020,8649.554999999998
SK,D611,2021,9141.036000000002
SK,D611,2022,9663.914999999999
SK,D611,2023,10718.613000000001
SK,D611,2024,12069.223
SK,D611,2025,13048.472
SK,D613,1995,1052.513
SK,D613,1996,1298.015
SK,D613,1997,1247.958
SK,D613,1998,1363.772
SK,D613,1999,1429.0639999999999
SK,D613,2000,1558.721
SK,D613,2001,1839.607
SK,D613,2002,2112.2290000000003
SK,D613,2003,2211.2459999999996
SK,D613,2004,2499.204
SK,D613,2005,2813.3509999999997
SK,D613,2006,3024.099
SK,D613,2007,3352.885
SK,D613,2008,3530.3770000000004
SK,D613,2009,3640.642
SK,D613,2010,3605.902
SK,D613,2011,3922.676
SK,D613,2012,4118.93
SK,D613,2013,4308.964
SK,D613,2014,4375.182
SK,D613,2015,4588.704
SK,D613,2016,4969.2789999999995
SK,D613,2017,5136.972
SK,D613,2018,5376.528
SK,D613,2019,5557.203
SK,D613,2020,5591.883
SK,D613,2021,6148.153
SK,D613,2022,6530.110000000001
SK,D613,2023,7804.746
SK,D613,2024,8358.476
SK,D613,2025,8916.858999999999
SK,ODB,1995,7802.852000000001
SK,ODB,1996,8499.546
SK,ODB,1997,8961.384
SK,ODB,1998,9672.702000000001
SK,ODB,1999,9982.909999999998
SK,ODB,2000,10701.551
SK,ODB,2001,11270.939
SK,ODB,2002,12277.994000000002
SK,ODB,2003,13535.27
SK,ODB,2004,14601.586
SK,ODB,2005,15833.500000000002
SK,ODB,2006,16496.509
SK,ODB,2007,18408.191999999995
SK,ODB,2008,19873.872
SK,ODB,2009,18463.404
SK,ODB,2010,19106.308999999997
SK,ODB,2011,20676.534
SK,ODB,2012,21050.19
SK,ODB,2013,22951.038
SK,ODB,2014,24226.609999999997
SK,ODB,2015,25953.019
SK,ODB,2016,26742.984
SK,ODB,2017,28615.807000000004
SK,ODB,2018,30437.489999999998
SK,ODB,2019,32447.14
SK,ODB,2020,32314.695
SK,ODB,2021,35335.19000000001
SK,ODB,2022,38770.48099999999
SK,ODB,2023,43286.693
SK,ODB,2024,46387.968
SK,ODB,2025,49731.708
SK,ODC,1995,7842.533
SK,ODC,1996,8542.941
SK,ODC,1997,9006.862
SK,ODC,1998,9720.175000000001
SK,ODC,1999,10040.221
SK,ODC,2000,10755.829
SK,ODC,2001,11330.449999999999
SK,ODC,2002,12348.891
SK,ODC,2003,13627.377
SK,ODC,2004,14726.422
SK,ODC,2005,15946.332
SK,ODC,2006,16613.516
SK,ODC,2007,18548.434
SK,ODC,2008,20023.860999999997
SK,ODC,2009,18632.667999999998
SK,ODC,2010,19337.880999999998
SK,ODC,2011,20929.767
SK,ODC,2012,21278.592
SK,ODC,2013,23197.646
SK,ODC,2014,24475.76
SK,ODC,2015,26219.949999999997
SK,ODC,2016,27023.262999999995
SK,ODC,2017,28894.77
SK,ODC,2018,30715.875
SK,ODC,2019,32742.657000000003
SK,ODC,2020,32617.333999999995
SK,ODC,2021,35729.412000000004
SK,ODC,2022,39171.975999999995
SK,ODC,2023,43708.99700000001
SK,ODC,2024,46924.932
SK,ODC,2025,50179.063
FI,D2,1995,13591.0
FI,D2,1996,14168.0
FI,D2,1997,16000.0
FI,D2,1998,16979.0
FI,D2,1999,17764.0
FI,D2,2000,18424.0
FI,D2,2001,18742.0
FI,D2,2002,19714.0
FI,D2,2003,20797.0
FI,D2,2004,21117.0
FI,D2,2005,22040.0
FI,D2,2006,23016.0
FI,D2,2007,23825.0
FI,D2,2008,24267.0
FI,D2,2009,23531.0
FI,D2,2010,25547.0
FI,D2,2011,28570.0
FI,D2,2012,29590.0
FI,D2,2013,30836.0
FI,D2,2014,31239.0
FI,D2,2015,31516.0
FI,D2,2016,33030.0
FI,D2,2017,33635.0
FI,D2,2018,35064.0
FI,D2,2019,35907.0
FI,D2,2020,35470.0
FI,D2,2021,37124.0
FI,D2,2022,39043.0
FI,D2,2023,38040.0
FI,D2,2024,38636.0
FI,D21,1995,13453.0
FI,D21,1996,13976.0
FI,D21,1997,15780.0
FI,D21,1998,16729.0
FI,D21,1999,17495.0
FI,D21,2000,18154.0
FI,D21,2001,18444.0
FI,D21,2002,19404.0
FI,D21,2003,20465.0
FI,D21,2004,20936.0
FI,D21,2005,21871.0
FI,D21,2006,22837.0
FI,D21,2007,23635.0
FI,D21,2008,24071.0
FI,D21,2009,23334.0
FI,D21,2010,24176.0
FI,D21,2011,27123.0
FI,D21,2012,28111.0
FI,D21,2013,29104.0
FI,D21,2014,29259.0
FI,D21,2015,29625.0
FI,D21,2016,30970.0
FI,D21,2017,31465.0
FI,D21,2018,32855.0
FI,D21,2019,33286.0
FI,D21,2020,32783.0
FI,D21,2021,34375.0
FI,D21,2022,35885.0
FI,D21,2023,34900.0
FI,D21,2024,35506.0
FI,D211,1995,7621.0
FI,D211,1996,7996.0
FI,D211,1997,9143.0
FI,D211,1998,9700.0
FI,D211,1999,10137.0
FI,D211,2000,10869.0
FI,D211,2001,11118.0
FI,D211,2002,11731.0
FI,D211,2003,12487.0
FI,D211,2004,13010.0
FI,D211,2005,13748.0
FI,D211,2006,14537.0
FI,D211,2007,15207.0
FI,D211,2008,15658.0
FI,D211,2009,15176.0
FI,D211,2010,15533.0
FI,D211,2011,17315.0
FI,D211,2012,17987.0
FI,D211,2013,18888.0
FI,D211,2014,18948.0
FI,D211,2015,18974.0
FI,D211,2016,19694.0
FI,D211,2017,20404.0
FI,D211,2018,21364.0
FI,D211,2019,21974.0
FI,D211,2020,22005.0
FI,D211,2021,23551.0
FI,D211,2022,25061.0
FI,D211,2023,25087.0
FI,D211,2024,25856.0
FI,D214,1995,5620.0
FI,D214,1996,5814.0
FI,D214,1997,6479.0
FI,D214,1998,6885.0
FI,D214,1999,7230.0
FI,D214,2000,7163.0
FI,D214,2001,7208.0
FI,D214,2002,7572.0
FI,D214,2003,7876.0
FI,D214,2004,7799.0
FI,D214,2005,7974.0
FI,D214,2006,8125.0
FI,D214,2007,8229.0
FI,D214,2008,8208.0
FI,D214,2009,8006.0
FI,D214,2010,8492.0
FI,D214,2011,9618.0
FI,D214,2012,9940.0
FI,D214,2013,10049.0
FI,D214,2014,10141.0
FI,D214,2015,10485.0
FI,D214,2016,11113.0
FI,D214,2017,10887.0
FI,D214,2018,11317.0
FI,D214,2019,11125.0
FI,D214,2020,10604.0
FI,D214,2021,10619.0
FI,D214,2022,10527.0
FI,D214,2023,9597.0
FI,D214,2024,9467.0
FI,D29,1995,138.0
FI,D29,1996,192.0
FI,D29,1997,220.0
FI,D29,1998,250.0
FI,D29,1999,269.0
FI,D29,2000,270.0
FI,D29,2001,298.0
FI,D29,2002,310.0
FI,D29,2003,332.0
FI,D29,2004,181.0
FI,D29,2005,169.0
FI,D29,2006,179.0
FI,D29,2007,190.0
FI,D29,2008,196.0
FI,D29,2009,197.0
FI,D29,2010,1371.0
FI,D29,2011,1447.0
FI,D29,2012,1479.0
FI,D29,2013,1732.0
FI,D29,2014,1980.0
FI,D29,2015,1891.0
FI,D29,2016,2060.0
FI,D29,2017,2170.0
FI,D29,2018,2209.0
FI,D29,2019,2621.0
FI,D29,2020,2687.0
FI,D29,2021,2749.0
FI,D29,2022,3158.0
FI,D29,2023,3140.0
FI,D29,2024,3130.0
FI,D5,1995,16578.0
FI,D5,1996,18766.0
FI,D5,1997,19785.0
FI,D5,1998,21989.0
FI,D5,1999,22647.0
FI,D5,2000,27887.0
FI,D5,2001,26447.0
FI,D5,2002,27054.0
FI,D5,2003,25885.0
FI,D5,2004,26926.0
FI,D5,2005,27825.0
FI,D5,2006,28966.0
FI,D5,2007,31779.0
FI,D5,2008,32570.0
FI,D5,2009,28077.0
FI,D5,2010,27733.0
FI,D5,2011,30010.0
FI,D5,2012,29909.0
FI,D5,2013,31574.0
FI,D5,2014,32278.0
FI,D5,2015,33217.0
FI,D5,2016,33933.0
FI,D5,2017,35441.0
FI,D5,2018,35555.0
FI,D5,2019,36488.0
FI,D5,2020,36017.0
FI,D5,2021,40178.0
FI,D5,2022,43677.0
FI,D5,2023,43563.0
FI,D5,2024,44173.0
FI,D51,1995,15930.0
FI,D51,1996,18106.0
FI,D51,1997,19118.0
FI,D51,1998,21291.0
FI,D51,1999,21855.0
FI,D51,2000,26950.0
FI,D51,2001,25520.0
FI,D51,2002,26105.0
FI,D51,2003,24916.0
FI,D51,2004,25589.0
FI,D51,2005,26518.0
FI,D51,2006,27704.0
FI,D51,2007,30415.0
FI,D51,2008,31127.0
FI,D51,2009,26565.0
FI,D51,2010,27164.0
FI,D51,2011,29398.0
FI,D51,2012,29267.0
FI,D51,2013,30850.0
FI,D51,2014,31546.0
FI,D51,2015,32444.0
FI,D51,2016,33021.0
FI,D51,2017,34456.0
FI,D51,2018,34543.0
FI,D51,2019,35510.0
FI,D51,2020,35022.0
FI,D51,2021,39211.0
FI,D51,2022,42733.0
FI,D51,2023,42638.0
FI,D51,2024,43275.0
FI,D51A,1995,13483.0
FI,D51A,1996,15084.0
FI,D51A,1997,15001.0
FI,D51A,1998,15740.0
FI,D51A,1999,15772.0
FI,D51A,2000,18104.0
FI,D51A,2001,19178.0
FI,D51A,2002,19671.0
FI,D51A,2003,19479.0
FI,D51A,2004,19609.0
FI,D51A,2005,20481.0
FI,D51A,2006,21075.0
FI,D51A,2007,22173.0
FI,D51A,2008,23821.0
FI,D51A,2009,22561.0
FI,D51A,2010,21819.0
FI,D51A,2011,23391.0
FI,D51A,2012,24430.0
FI,D51A,2013,25130.0
FI,D51A,2014,26575.0
FI,D51A,2015,26738.0
FI,D51A,2016,27251.0
FI,D51A,2017,27089.0
FI,D51A,2018,27305.0
FI,D51A,2019,28330.0
FI,D51A,2020,28592.0
FI,D51A,2021,30125.0
FI,D51A,2022,33087.0
FI,D51A,2023,33767.0
FI,D51A,2024,35041.0
FI,D51B,1995,2212.0
FI,D51B,1996,2784.0
FI,D51B,1997,3743.0
FI,D51B,1998,5045.0
FI,D51B,1999,5296.0
FI,D51B,2000,7792.0
FI,D51B,2001,5835.0
FI,D51B,2002,5988.0
FI,D51B,2003,4952.0
FI,D51B,2004,5357.0
FI,D51B,2005,5248.0
FI,D51B,2006,5615.0
FI,D51B,2007,6962.0
FI,D51B,2008,6471.0
FI,D51B,2009,3494.0
FI,D51B,2010,4559.0
FI,D51B,2011,5153.0
FI,D51B,2012,4213.0
FI,D51B,2013,4799.0
FI,D51B,2014,3956.0
FI,D51B,2015,4547.0
FI,D51B,2016,4798.0
FI,D51B,2017,6127.0
FI,D51B,2018,5936.0
FI,D51B,2019,6069.0
FI,D51B,2020,5089.0
FI,D51B,2021,6845.0
FI,D51B,2022,8056.0
FI,D51B,2023,7784.0
FI,D51B,2024,7125.0
FI,D59,1995,648.0
FI,D59,1996,660.0
FI,D59,1997,667.0
FI,D59,1998,698.0
FI,D59,1999,792.0
FI,D59,2000,937.0
FI,D59,2001,927.0
FI,D59,2002,949.0
FI,D59,2003,969.0
FI,D59,2004,1337.0
FI,D59,2005,1307.0
FI,D59,2006,1262.0
FI,D59,2007,1364.0
FI,D59,2008,1443.0
FI,D59,2009,1512.0
FI,D59,2010,569.0
FI,D59,2011,612.0
FI,D59,2012,642.0
FI,D59,2013,724.0
FI,D59,2014,732.0
FI,D59,2015,773.0
FI,D59,2016,912.0
FI,D59,2017,985.0
FI,D59,2018,1012.0
FI,D59,2019,978.0
FI,D59,2020,995.0
FI,D59,2021,967.0
FI,D59,2022,944.0
FI,D59,2023,925.0
FI,D59,2024,898.0
FI,D91,1995,167.0
FI,D91,1996,219.0
FI,D91,1997,245.0
FI,D91,1998,284.0
FI,D91,1999,321.0
FI,D91,2000,368.0
FI,D91,2001,385.0
FI,D91,2002,452.0
FI,D91,2003,411.0
FI,D91,2004,472.0
FI,D91,2005,486.0
FI,D91,2006,505.0
FI,D91,2007,459.0
FI,D91,2008,651.0
FI,D91,2009,440.0
FI,D91,2010,387.0
FI,D91,2011,395.0
FI,D91,2012,509.0
FI,D91,2013,646.0
FI,D91,2014,499.0
FI,D91,2015,631.0
FI,D91,2016,522.0
FI,D91,2017,909.0
FI,D91,2018,692.0
FI,D91,2019,749.0
FI,D91,2020,797.0
FI,D91,2021,826.0
FI,D91,2022,901.0
FI,D91,2023,1170.0
FI,D91,2024,1273.0
FI,ODA,1995,30336.0
FI,ODA,1996,33153.0
FI,ODA,1997,36030.0
FI,ODA,1998,39252.0
FI,ODA,1999,40732.0
FI,ODA,2000,46679.0
FI,ODA,2001,45574.0
FI,ODA,2002,47220.0
FI,ODA,2003,47093.0
FI,ODA,2004,48515.0
FI,ODA,2005,50351.0
FI,ODA,2006,52487.0
FI,ODA,2007,56063.0
FI,ODA,2008,57488.0
FI,ODA,2009,52048.0
FI,ODA,2010,53667.0
FI,ODA,2011,58975.0
FI,ODA,2012,60008.0
FI,ODA,2013,63056.0
FI,ODA,2014,64016.0
FI,ODA,2015,65364.0
FI,ODA,2016,67485.0
FI,ODA,2017,69985.0
FI,ODA,2018,71311.0
FI,ODA,2019,73144.0
FI,ODA,2020,72284.0
FI,ODA,2021,78128.0
FI,ODA,2022,83621.0
FI,ODA,2023,82773.0
FI,ODA,2024,84082.0
FI,D61,1995,14112.0
FI,D61,1996,14057.0
FI,D61,1997,14334.0
FI,D61,1998,15187.0
FI,D61,1999,15870.0
FI,D61,2000,16022.0
FI,D61,2001,17016.0
FI,D61,2002,17268.0
FI,D61,2003,17375.0
FI,D61,2004,17988.0
FI,D61,2005,19108.0
FI,D61,2006,20505.0
FI,D61,2007,21612.0
FI,D61,2008,22559.0
FI,D61,2009,22275.0
FI,D61,2010,22902.0
FI,D61,2011,24037.0
FI,D61,2012,25528.0
FI,D61,2013,25902.0
FI,D61,2014,26288.0
FI,D61,2015,26942.0
FI,D61,2016,27938.0
FI,D61,2017,27300.0
FI,D61,2018,27916.0
FI,D61,2019,28541.0
FI,D61,2020,27561.0
FI,D61,2021,30447.0
FI,D61,2022,32200.0
FI,D61,2023,34143.0
FI,D61,2024,32669.0
FI,D611,1995,9630.0
FI,D611,1996,9699.0
FI,D611,1997,9972.0
FI,D611,1998,10927.0
FI,D611,1999,11524.0
FI,D611,2000,11643.0
FI,D611,2001,12575.0
FI,D611,2002,12873.0
FI,D611,2003,12961.0
FI,D611,2004,13462.0
FI,D611,2005,14179.0
FI,D611,2006,14876.0
FI,D611,2007,15758.0
FI,D611,2008,16723.0
FI,D611,2009,16300.0
FI,D611,2010,16078.0
FI,D611,2011,16969.0
FI,D611,2012,17708.0
FI,D611,2013,17921.0
FI,D611,2014,17914.0
FI,D611,2015,18259.0
FI,D611,2016,18788.0
FI,D611,2017,17602.0
FI,D611,2018,17642.0
FI,D611,2019,17786.0
FI,D611,2020,16712.0
FI,D611,2021,18898.0
FI,D611,2022,20291.0
FI,D611,2023,21249.0
FI,D611,2024,20594.0
FI,D613,1995,4257.0
FI,D613,1996,4134.0
FI,D613,1997,4137.0
FI,D613,1998,4138.0
FI,D613,1999,4274.0
FI,D613,2000,4349.0
FI,D613,2001,4441.0
FI,D613,2002,4395.0
FI,D613,2003,4414.0
FI,D613,2004,4526.0
FI,D613,2005,4929.0
FI,D613,2006,5629.0
FI,D613,2007,5854.0
FI,D613,2008,5836.0
FI,D613,2009,5975.0
FI,D613,2010,6824.0
FI,D613,2011,7068.0
FI,D613,2012,7820.0
FI,D613,2013,7981.0
FI,D613,2014,8374.0
FI,D613,2015,8683.0
FI,D613,2016,9150.0
FI,D613,2017,9698.0
FI,D613,2018,10274.0
FI,D613,2019,10755.0
FI,D613,2020,10849.0
FI,D613,2021,11549.0
FI,D613,2022,11909.0
FI,D613,2023,12894.0
FI,D613,2024,12075.0
FI,ODB,1995,44223.0
FI,ODB,1996,46986.0
FI,ODB,1997,50139.0
FI,ODB,1998,54317.0
FI,ODB,1999,56530.0
FI,ODB,2000,62671.0
FI,ODB,2001,62590.0
FI,ODB,2002,64488.0
FI,ODB,2003,64468.0
FI,ODB,2004,66503.0
FI,ODB,2005,69459.0
FI,ODB,2006,72992.0
FI,ODB,2007,77675.0
FI,ODB,2008,80047.0
FI,ODB,2009,74323.0
FI,ODB,2010,76569.0
FI,ODB,2011,83012.0
FI,ODB,2012,85536.0
FI,ODB,2013,88958.0
FI,ODB,2014,90304.0
FI,ODB,2015,92306.0
FI,ODB,2016,95423.0
FI,ODB,2017,97285.0
FI,ODB,2018,99227.0
FI,ODB,2019,101685.0
FI,ODB,2020,99845.0
FI,ODB,2021,108575.0
FI,ODB,2022,115821.0
FI,ODB,2023,116916.0
FI,ODB,2024,116751.0
FI,ODC,1995,44448.0
FI,ODC,1996,47210.0
FI,ODC,1997,50364.0
FI,ODC,1998,54439.0
FI,ODC,1999,56602.0
FI,ODC,2000,62701.0
FI,ODC,2001,62590.0
FI,ODC,2002,64488.0
FI,ODC,2003,64468.0
FI,ODC,2004,66503.0
FI,ODC,2005,69459.0
FI,ODC,2006,72992.0
FI,ODC,2007,77675.0
FI,ODC,2008,80047.0
FI,ODC,2009,74323.0
FI,ODC,2010,76569.0
FI,ODC,2011,83012.0
FI,ODC,2012,85536.0
FI,ODC,2013,88958.0
FI,ODC,2014,90304.0
FI,ODC,2015,92306.0
FI,ODC,2016,95423.0
FI,ODC,2017,97285.0
FI,ODC,2018,99227.0
FI,ODC,2019,101685.0
FI,ODC,2020,99845.0
FI,ODC,2021,108575.0
FI,ODC,2022,115821.0
FI,ODC,2023,116916.0
FI,ODC,2024,116751.0
SE,D2,1995,408227.0
SE,D2,1996,433957.0
SE,D2,1997,446133.0
SE,D2,1998,519040.0
SE,D2,1999,542645.0
SE,D2,2000,542611.0
SE,D2,2001,567123.0
SE,D2,2002,593661.0
SE,D2,2003,614578.0
SE,D2,2004,631963.0
SE,D2,2005,661112.0
SE,D2,2006,690362.0
SE,D2,2007,732511.0
SE,D2,2008,765939.0
SE,D2,2009,753351.0
SE,D2,2010,791469.0
SE,D2,2011,810511.0
SE,D2,2012,823265.0
SE,D2,2013,840326.0
SE,D2,2014,865693.0
SE,D2,2015,921336.0
SE,D2,2016,993614.0
SE,D2,2017,1036065.0
SE,D2,2018,1082637.0
SE,D2,2019,1111233.0
SE,D2,2020,1086174.0
SE,D2,2021,1179898.0
SE,D2,2022,1284207.0
SE,D2,2023,1330403.0
SE,D2,2024,1344791.0
SE,D2,2025,1381988.0
SE,D21,1995,242150.0
SE,D21,1996,239292.0
SE,D21,1997,247752.0
SE,D21,1998,261484.0
SE,D21,1999,272936.0
SE,D21,2000,280595.0
SE,D21,2001,293377.0
SE,D21,2002,308935.0
SE,D21,2003,322691.0
SE,D21,2004,334353.0
SE,D21,2005,352595.0
SE,D21,2006,370708.0
SE,D21,2007,394071.0
SE,D21,2008,412132.0
SE,D21,2009,416500.0
SE,D21,2010,443725.0
SE,D21,2011,448219.0
SE,D21,2012,445815.0
SE,D21,2013,452363.0
SE,D21,2014,467306.0
SE,D21,2015,499482.0
SE,D21,2016,531994.0
SE,D21,2017,553439.0
SE,D21,2018,579998.0
SE,D21,2019,595189.0
SE,D21,2020,594291.0
SE,D21,2021,640727.0
SE,D21,2022,686334.0
SE,D21,2023,681929.0
SE,D21,2024,693796.0
SE,D21,2025,709258.0
SE,D211,1995,165310.0
SE,D211,1996,158051.0
SE,D211,1997,168199.0
SE,D211,1998,177431.0
SE,D211,1999,187722.0
SE,D211,2000,195203.0
SE,D211,2001,204529.0
SE,D211,2002,215697.0
SE,D211,2003,225145.0
SE,D211,2004,233966.0
SE,D211,2005,248202.0
SE,D211,2006,263818.0
SE,D211,2007,282585.0
SE,D211,2008,297504.0
SE,D211,2009,299452.0
SE,D211,2010,322603.0
SE,D211,2011,330770.0
SE,D211,2012,329311.0
SE,D211,2013,337823.0
SE,D211,2014,353439.0
SE,D211,2015,379119.0
SE,D211,2016,405160.0
SE,D211,2017,424886.0
SE,D211,2018,445241.0
SE,D211,2019,459699.0
SE,D211,2020,461132.0
SE,D211,2021,499361.0
SE,D211,2022,552246.0
SE,D211,2023,552499.0
SE,D211,2024,555722.0
SE,D211,2025,579440.0
SE,D214,1995,72321.0
SE,D214,1996,78051.0
SE,D214,1997,75901.0
SE,D214,1998,80462.0
SE,D214,1999,81818.0
SE,D214,2000,81771.0
SE,D214,2001,85359.0
SE,D214,2002,89954.0
SE,D214,2003,94134.0
SE,D214,2004,96616.0
SE,D214,2005,99859.0
SE,D214,2006,101986.0
SE,D214,2007,106080.0
SE,D214,2008,109220.0
SE,D214,2009,112067.0
SE,D214,2010,115484.0
SE,D214,2011,111829.0
SE,D214,2012,111300.0
SE,D214,2013,109380.0
SE,D214,2014,108111.0
SE,D214,2015,114114.0
SE,D214,2016,120791.0
SE,D214,2017,122329.0
SE,D214,2018,128259.0
SE,D214,2019,128625.0
SE,D214,2020,126941.0
SE,D214,2021,134027.0
SE,D214,2022,124760.0
SE,D214,2023,121494.0
SE,D214,2024,129592.0
SE,D214,2025,120762.0
SE,D29,1995,166077.0
SE,D29,1996,194665.0
SE,D29,1997,198381.0
SE,D29,1998,257556.0
SE,D29,1999,269709.0
SE,D29,2000,262016.0
SE,D29,2001,273746.0
SE,D29,2002,284726.0
SE,D29,2003,291887.0
SE,D29,2004,297610.0
SE,D29,2005,308517.0
SE,D29,2006,319654.0
SE,D29,2007,338440.0
SE,D29,2008,353807.0
SE,D29,2009,336851.0
SE,D29,2010,347744.0
SE,D29,2011,362292.0
SE,D29,2012,377450.0
SE,D29,2013,387963.0
SE,D29,2014,398387.0
SE,D29,2015,421854.0
SE,D29,2016,461620.0
SE,D29,2017,482626.0
SE,D29,2018,502639.0
SE,D29,2019,516044.0
SE,D29,2020,491883.0
SE,D29,2021,539171.0
SE,D29,2022,597873.0
SE,D29,2023,648474.0
SE,D29,2024,650995.0
SE,D29,2025,672730.0
SE,D5,1995,360545.0
SE,D5,1996,387184.0
SE,D5,1997,411428.0
SE,D5,1998,427748.0
SE,D5,1999,466868.0
SE,D5,2000,513761.0
SE,D5,2001,491468.0
SE,D5,2002,480659.0
SE,D5,2003,516599.0
SE,D5,2004,560514.0
SE,D5,2005,615064.0
SE,D5,2006,660353.0
SE,D5,2007,670800.0
SE,D5,2008,641480.0
SE,D5,2009,614759.0
SE,D5,2010,646455.0
SE,D5,2011,652068.0
SE,D5,2012,649521.0
SE,D5,2013,677711.0
SE,D5,2014,708787.0
SE,D5,2015,779050.0
SE,D5,2016,832655.0
SE,D5,2017,877078.0
SE,D5,2018,897867.0
SE,D5,2019,913484.0
SE,D5,2020,913475.0
SE,D5,2021,1010897.0
SE,D5,2022,1053997.0
SE,D5,2023,1069139.0
SE,D5,2024,1115673.0
SE,D5,2025,1138939.0
SE,D51,1995,349061.0
SE,D51,1996,373104.0
SE,D51,1997,396673.0
SE,D51,1998,412371.0
SE,D51,1999,448590.0
SE,D51,2000,495595.0
SE,D51,2001,474217.0
SE,D51,2002,465468.0
SE,D51,2003,499863.0
SE,D51,2004,542953.0
SE,D51,2005,596061.0
SE,D51,2006,639880.0
SE,D51,2007,656629.0
SE,D51,2008,626669.0
SE,D51,2009,599618.0
SE,D51,2010,630701.0
SE,D51,2011,636630.0
SE,D51,2012,633847.0
SE,D51,2013,661726.0
SE,D51,2014,690906.0
SE,D51,2015,759507.0
SE,D51,2016,813129.0
SE,D51,2017,857957.0
SE,D51,2018,878474.0
SE,D51,2019,892964.0
SE,D51,2020,892233.0
SE,D51,2021,989375.0
SE,D51,2022,1032451.0
SE,D51,2023,1048302.0
SE,D51,2024,1095688.0
SE,D51,2025,1118817.0
SE,D51A,1995,295410.0
SE,D51A,1996,318693.0
SE,D51A,1997,335368.0
SE,D51A,1998,351717.0
SE,D51A,1999,377313.0
SE,D51A,2000,402040.0
SE,D51A,2001,404633.0
SE,D51A,2002,407470.0
SE,D51A,2003,435887.0
SE,D51A,2004,457733.0
SE,D51A,2005,489300.0
SE,D51A,2006,526631.0
SE,D51A,2007,530997.0
SE,D51A,2008,522607.0
SE,D51A,2009,500326.0
SE,D51A,2010,509214.0
SE,D51A,2011,515896.0
SE,D51A,2012,532224.0
SE,D51A,2013,554194.0
SE,D51A,2014,577457.0
SE,D51A,2015,627464.0
SE,D51A,2016,682484.0
SE,D51A,2017,718044.0
SE,D51A,2018,727981.0
SE,D51A,2019,729281.0
SE,D51A,2020,735061.0
SE,D51A,2021,791003.0
SE,D51A,2022,816863.0
SE,D51A,2023,819735.0
SE,D51A,2024,850504.0
SE,D51A,2025,856638.0
SE,D51B,1995,47034.0
SE,D51B,1996,47289.0
SE,D51B,1997,54733.0
SE,D51B,1998,52598.0
SE,D51B,1999,65147.0
SE,D51B,2000,84910.0
SE,D51B,2001,60961.0
SE,D51B,2002,49531.0
SE,D51B,2003,55510.0
SE,D51B,2004,77661.0
SE,D51B,2005,99781.0
SE,D51B,2006,106861.0
SE,D51B,2007,118816.0
SE,D51B,2008,89061.0
SE,D51B,2009,87196.0
SE,D51B,2010,109923.0
SE,D51B,2011,109196.0
SE,D51B,2012,91656.0
SE,D51B,2013,100811.0
SE,D51B,2014,103392.0
SE,D51B,2015,123774.0
SE,D51B,2016,126144.0
SE,D51B,2017,135879.0
SE,D51B,2018,145320.0
SE,D51B,2019,158552.0
SE,D51B,2020,151728.0
SE,D51B,2021,191912.0
SE,D51B,2022,207562.0
SE,D51B,2023,210363.0
SE,D51B,2024,214440.0
SE,D51B,2025,232627.0
SE,D59,1995,11484.0
SE,D59,1996,14080.0
SE,D59,1997,14755.0
SE,D59,1998,15377.0
SE,D59,1999,18278.0
SE,D59,2000,18166.0
SE,D59,2001,17251.0
SE,D59,2002,15191.0
SE,D59,2003,16736.0
SE,D59,2004,17561.0
SE,D59,2005,19003.0
SE,D59,2006,20473.0
SE,D59,2007,14171.0
SE,D59,2008,14811.0
SE,D59,2009,15141.0
SE,D59,2010,15754.0
SE,D59,2011,15438.0
SE,D59,2012,15674.0
SE,D59,2013,15985.0
SE,D59,2014,17881.0
SE,D59,2015,19543.0
SE,D59,2016,19526.0
SE,D59,2017,19121.0
SE,D59,2018,19393.0
SE,D59,2019,20520.0
SE,D59,2020,21242.0
SE,D59,2021,21522.0
SE,D59,2022,21546.0
SE,D59,2023,20837.0
SE,D59,2024,19985.0
SE,D59,2025,20122.0
SE,D91,1995,2173.0
SE,D91,1996,1553.0
SE,D91,1997,2016.0
SE,D91,1998,2149.0
SE,D91,1999,2381.0
SE,D91,2000,2787.0
SE,D91,2001,2786.0
SE,D91,2002,2975.0
SE,D91,2003,2490.0
SE,D91,2004,2551.0
SE,D91,2005,1092.0
SE,D91,2006,120.0
SE,D91,2007,23.0
SE,D91,2008,16.0
SE,D91,2009,2.0
SE,D91,2010,10.0
SE,D91,2011,3.0
SE,D91,2012,-4.0
SE,D91,2013,-4.0
SE,D91,2014,2.0
SE,ODA,1995,770945.0
SE,ODA,1996,822694.0
SE,ODA,1997,859577.0
SE,ODA,1998,948937.0
SE,ODA,1999,1011894.0
SE,ODA,2000,1059159.0
SE,ODA,2001,1061377.0
SE,ODA,2002,1077295.0
SE,ODA,2003,1133667.0
SE,ODA,2004,1195028.0
SE,ODA,2005,1277268.0
SE,ODA,2006,1350835.0
SE,ODA,2007,1403334.0
SE,ODA,2008,1407435.0
SE,ODA,2009,1368112.0
SE,ODA,2010,1437934.0
SE,ODA,2011,1462582.0
SE,ODA,2012,1472782.0
SE,ODA,2013,1518033.0
SE,ODA,2014,1574482.0
SE,ODA,2015,1700386.0
SE,ODA,2016,1826269.0
SE,ODA,2017,1913143.0
SE,ODA,2018,1980504.0
SE,ODA,2019,2024717.0
SE,ODA,2020,1999649.0
SE,ODA,2021,2190795.0
SE,ODA,2022,2338204.0
SE,ODA,2023,2399542.0
SE,ODA,2024,2460464.0
SE,ODA,2025,2520927.0
SE,D61,1995,112032.0
SE,D61,1996,125264.0
SE,D61,1997,136758.0
SE,D61,1998,100511.0
SE,D61,1999,100832.0
SE,D61,2000,122010.0
SE,D61,2001,115477.0
SE,D61,2002,101318.0
SE,D61,2003,104448.0
SE,D61,2004,107029.0
SE,D61,2005,101562.0
SE,D61,2006,96848.0
SE,D61,2007,104514.0
SE,D61,2008,110543.0
SE,D61,2009,110527.0
SE,D61,2010,112702.0
SE,D61,2011,122545.0
SE,D61,2012,125199.0
SE,D61,2013,128838.0
SE,D61,2014,132884.0
SE,D61,2015,140019.0
SE,D61,2016,146609.0
SE,D61,2017,154157.0
SE,D61,2018,165920.0
SE,D61,2019,173274.0
SE,D61,2020,173205.0
SE,D61,2021,187230.0
SE,D61,2022,193829.0
SE,D61,2023,214991.0
SE,D61,2024,235603.0
SE,D61,2025,224675.0
SE,D611,1995,70813.0
SE,D611,1996,75067.0
SE,D611,1997,78036.0
SE,D611,1998,40383.0
SE,D611,1999,37176.0
SE,D611,2000,69703.0
SE,D611,2001,77388.0
SE,D611,2002,78704.0
SE,D611,2003,81068.0
SE,D611,2004,82905.0
SE,D611,2005,85659.0
SE,D611,2006,90103.0
SE,D611,2007,97313.0
SE,D611,2008,102951.0
SE,D611,2009,102633.0
SE,D611,2010,104311.0
SE,D611,2011,113685.0
SE,D611,2012,116069.0
SE,D611,2013,119508.0
SE,D611,2014,123007.0
SE,D611,2015,129315.0
SE,D611,2016,135540.0
SE,D611,2017,142445.0
SE,D611,2018,153419.0
SE,D611,2019,160346.0
SE,D611,2020,159610.0
SE,D611,2021,173099.0
SE,D611,2022,178939.0
SE,D611,2023,199452.0
SE,D611,2024,217790.0
SE,D611,2025,206342.0
SE,D613,1995,30922.0
SE,D613,1996,39570.0
SE,D613,1997,48682.0
SE,D613,1998,57711.0
SE,D613,1999,60905.0
SE,D613,2000,49519.0
SE,D613,2001,35083.0
SE,D613,2002,19373.0
SE,D613,2003,19943.0
SE,D613,2004,20505.0
SE,D613,2005,11970.0
SE,D613,2006,2679.0
SE,D613,2007,2917.0
SE,D613,2008,2980.0
SE,D613,2009,2916.0
SE,D613,2010,3180.0
SE,D613,2011,3251.0
SE,D613,2012,3091.0
SE,D613,2013,3058.0
SE,D613,2014,3125.0
SE,D613,2015,3183.0
SE,D613,2016,3036.0
SE,D613,2017,3116.0
SE,D613,2018,3120.0
SE,D613,2019,2976.0
SE,D613,2020,3168.0
SE,D613,2021,3104.0
SE,D613,2022,3192.0
SE,D613,2023,3184.0
SE,D613,2024,3036.0
SE,D613,2025,3208.0
SE,ODB,1995,872680.0
SE,ODB,1996,937331.0
SE,ODB,1997,986295.0
SE,ODB,1998,1047031.0
SE,ODB,1999,1109975.0
SE,ODB,2000,1178381.0
SE,ODB,2001,1173848.0
SE,ODB,2002,1175372.0
SE,ODB,2003,1234678.0
SE,ODB,2004,1298438.0
SE,ODB,2005,1374897.0
SE,ODB,2006,1443617.0
SE,ODB,2007,1503564.0
SE,ODB,2008,1513366.0
SE,ODB,2009,1473661.0
SE,ODB,2010,1545425.0
SE,ODB,2011,1579518.0
SE,ODB,2012,1591942.0
SE,ODB,2013,1640599.0
SE,ODB,2014,1700614.0
SE,ODB,2015,1832884.0
SE,ODB,2016,1964845.0
SE,ODB,2017,2058704.0
SE,ODB,2018,2137043.0
SE,ODB,2019,2188039.0
SE,ODB,2020,2162427.0
SE,ODB,2021,2366998.0
SE,ODB,2022,2520335.0
SE,ODB,2023,2602178.0
SE,ODB,2024,2681290.0
SE,ODB,2025,2730477.0
SE,ODC,1995,882977.0
SE,ODC,1996,947958.0
SE,ODC,1997,996335.0
SE,ODC,1998,1049448.0
SE,ODC,1999,1112726.0
SE,ODC,2000,1181169.0
SE,ODC,2001,1176854.0
SE,ODC,2002,1178613.0
SE,ODC,2003,1238115.0
SE,ODC,2004,1302057.0
SE,ODC,2005,1378830.0
SE,ODC,2006,1447683.0
SE,ODC,2007,1507848.0
SE,ODC,2008,1517978.0
SE,ODC,2009,1478639.0
SE,ODC,2010,1550636.0
SE,ODC,2011,1585127.0
SE,ODC,2012,1597981.0
SE,ODC,2013,1646871.0
SE,ODC,2014,1707366.0
SE,ODC,2015,1840405.0
SE,ODC,2016,1972878.0
SE,ODC,2017,2067300.0
SE,ODC,2018,2146424.0
SE,ODC,2019,2197991.0
SE,ODC,2020,2172854.0
SE,ODC,2021,2378025.0
SE,ODC,2022,2532033.0
SE,ODC,2023,2614533.0
SE,ODC,2024,2696067.0
SE,ODC,2025,2745602.0
IS,D2,1995,81483.85684274707
IS,D2,1996,88857.8494233334
IS,D2,1997,93674.35677089571
IS,D2,1998,100898.35717079189
IS,D2,1999,115968.22999979187
IS,D2,2000,121139.58011779189
IS,D2,2001,120630.51623558378
IS,D2,2002,127548.60775458378
IS,D2,2003,139023.66027627158
IS,D2,2004,162195.1282684817
IS,D2,2005,190018.86621081422
IS,D2,2006,213823.31860482058
IS,D2,2007,231913.77181153334
IS,D2,2008,225970.641170164
IS,D2,2009,209097.00667724427
IS,D2,2010,219005.77832174793
IS,D2,2011,233504.66619318776
IS,D2,2012,255848.13373083522
IS,D2,2013,267242.0165760071
IS,D2,2014,315049.52447644155
IS,D2,2015,335176.2368016858
IS,D2,2016,345501.93262922356
IS,D2,2017,389837.47710435337
IS,D2,2018,403736.5842503828
IS,D2,2019,408417.43233919883
IS,D2,2020,403711.9589117393
IS,D2,2021,446350.816617726
IS,D2,2022,522286.69086171704
IS,D2,2023,587328.1862965559
IS,D2,2024,654540.4311810543
IS,D21,1995,69612.42761583663
IS,D21,1996,75983.34078508755
IS,D21,1997,80203.8976024408
IS,D21,1998,86702.85633600001
IS,D21,1999,100358.670827
IS,D21,2000,103108.742
IS,D21,2001,100963.242
IS,D21,2002,107925.89088400001
IS,D21,2003,117446.91645
IS,D21,2004,138911.89351500003
IS,D21,2005,166104.02712500002
IS,D21,2006,189499.71561699998
IS,D21,2007,201144.981871
IS,D21,2008,189266.44391739005
IS,D21,2009,171215.194593
IS,D21,2010,180990.53443533997
IS,D21,2011,193380.672811
IS,D21,2012,209806.41237599996
IS,D21,2013,216780.218528
IS,D21,2014,229773.3040248
IS,D21,2015,251841.16390456998
IS,D21,2016,279188.43637073
IS,D21,2017,312913.700355
IS,D21,2018,326856.2343124819
IS,D21,2019,322469.1070176667
IS,D21,2020,309164.5109686666
IS,D21,2021,357476.01003400015
IS,D21,2022,415104.0326520001
IS,D21,2023,473432.47433270386
IS,D21,2024,528708.466776
IS,D211,1995,43886.0
IS,D211,1996,48000.0
IS,D211,1997,51721.0
IS,D211,1998,59024.047504
IS,D211,1999,69860.066329
IS,D211,2000,72667.773
IS,D211,2001,72414.579
IS,D211,2002,76746.826274
IS,D211,2003,81880.88187699999
IS,D211,2004,96954.6397
IS,D211,2005,113895.207318
IS,D211,2006,132586.48990999997
IS,D211,2007,138601.328651
IS,D211,2008,135468.47827139005
IS,D211,2009,121427.24853099999
IS,D211,2010,123694.99802333998
IS,D211,2011,131057.190373
IS,D211,2012,142814.34380799998
IS,D211,2013,149827.544672
IS,D211,2014,160870.82871079998
IS,D211,2015,183673.90013156997
IS,D211,2016,205434.96818373
IS,D211,2017,233950.705906
IS,D211,2018,244624.30932000003
IS,D211,2019,243284.59601700003
IS,D211,2020,233732.25666999992
IS,D211,2021,277808.45043000014
IS,D211,2022,323469.2762300001
IS,D211,2023,371255.39532636525
IS,D211,2024,423595.177987
IS,D214,1995,23394.427615836623
IS,D214,1996,25463.34078508756
IS,D214,1997,25907.89760244081
IS,D214,1998,25350.468184
IS,D214,1999,27971.698154999995
IS,D214,2000,27739.345000000005
IS,D214,2001,25527.416000000005
IS,D214,2002,28704.855237999996
IS,D214,2003,32885.715908000006
IS,D214,2004,38871.228063
IS,D214,2005,48669.75421400001
IS,D214,2006,52295.322234
IS,D214,2007,57097.15539400001
IS,D214,2008,47940.30813099999
IS,D214,2009,44484.560141
IS,D214,2010,51345.553209000005
IS,D214,2011,55035.791838
IS,D214,2012,59310.271542
IS,D214,2013,61137.43402199999
IS,D214,2014,62844.166601000004
IS,D214,2015,63178.57408599999
IS,D214,2016,68666.66812100001
IS,D214,2017,75051.30867299998
IS,D214,2018,78114.1524299741
IS,D214,2019,75754.92520666662
IS,D214,2020,72857.09836866667
IS,D214,2021,75545.063896
IS,D214,2022,85643.388416
IS,D214,2023,95883.2336040928
IS,D214,2024,98457.538515
IS,D29,1995,11871.429226910437
IS,D29,1996,12874.50863824586
IS,D29,1997,13470.459168454894
IS,D29,1998,14195.500834791883
IS,D29,1999,15609.559172791884
IS,D29,2000,18030.83811779188
IS,D29,2001,19667.274235583765
IS,D29,2002,19622.71687058377
IS,D29,2003,21576.743826271595
IS,D29,2004,23283.23475348168
IS,D29,2005,23914.839085814194
IS,D29,2006,24323.602987820595
IS,D29,2007,30768.789940533323
IS,D29,2008,36704.19725277394
IS,D29,2009,37881.81208424427
IS,D29,2010,38015.24388640795
IS,D29,2011,40123.99338218776
IS,D29,2012,46041.72135483526
IS,D29,2013,50461.79804800714
IS,D29,2014,85276.22045164157
IS,D29,2015,83335.07289711584
IS,D29,2016,66313.49625849361
IS,D29,2017,76923.77674935336
IS,D29,2018,76880.34993790086
IS,D29,2019,85948.32532153215
IS,D29,2020,94547.44794307271
IS,D29,2021,88874.80658372582
IS,D29,2022,107182.658209717
IS,D29,2023,113895.71196385208
IS,D29,2024,125831.96440505444
IS,D5,1995,58481.297110562125
IS,D5,1996,65033.80147954135
IS,D5,1997,74071.70046698456
IS,D5,1998,83244.46634700001
IS,D5,1999,96826.52303099999
IS,D5,2000,109784.993744
IS,D5,2001,127447.00054140852
IS,D5,2002,134361.0808311934
IS,D5,2003,141335.773063
IS,D5,2004,157244.6979732137
IS,D5,2005,187698.30130259093
IS,D5,2006,218896.3299472431
IS,D5,2007,247012.74236015294
IS,D5,2008,269492.96835069987
IS,D5,2009,250382.62539852143
IS,D5,2010,254694.0474600347
IS,D5,2011,284563.0903758819
IS,D5,2012,304703.72551000386
IS,D5,2013,338694.10003049107
IS,D5,2014,385519.218262522
IS,D5,2015,395698.8695975916
IS,D5,2016,445217.0936672891
IS,D5,2017,499405.35599121015
IS,D5,2018,527766.2685487974
IS,D5,2019,546086.1214948783
IS,D5,2020,556787.2375930151
IS,D5,2021,587107.4078411926
IS,D5,2022,719569.7119045932
IS,D5,2023,829519.944963336
IS,D5,2024,874262.887609192
IS,D51,1995,52752.5
IS,D51,1996,59343.08
IS,D51,1997,66903.44289460272
IS,D51,1998,76629.956735
IS,D51,1999,89822.121082
IS,D51,2000,101487.993744
IS,D51,2001,118315.84954140853
IS,D51,2002,124758.9520171934
IS,D51,2003,134550.981935
IS,D51,2004,149748.51556299994
IS,D51,2005,180170.45537199997
IS,D51,2006,213633.03608299998
IS,D51,2007,241378.22657499995
IS,D51,2008,263455.35541384993
IS,D51,2009,239890.042288
IS,D51,2010,239663.63816349997
IS,D51,2011,266823.253162
IS,D51,2012,283238.4045050589
IS,D51,2013,317646.5593617703
IS,D51,2014,362176.48531727353
IS,D51,2015,382589.0113414109
IS,D51,2016,432195.05540689547
IS,D51,2017,485646.3088292102
IS,D51,2018,513573.53871066775
IS,D51,2019,531616.7035043449
IS,D51,2020,542385.0789487357
IS,D51,2021,572475.2184074547
IS,D51,2022,703474.078675
IS,D51,2023,812220.652622378
IS,D51,2024,849591.6984790822
IS,D51A,1995,47654.488
IS,D51A,1996,54933.428
IS,D51A,1997,59683.042
IS,D51A,1998,68022.755132
IS,D51A,1999,78002.52243
IS,D51A,2000,88492.32800000001
IS,D51A,2001,104807.6272
IS,D51A,2002,111361.309037
IS,D51A,2003,116960.457131
IS,D51A,2004,128777.496514
IS,D51A,2005,145399.32828299998
IS,D51A,2006,163265.86940500003
IS,D51A,2007,180069.58301425
IS,D51A,2008,195636.46967263246
IS,D51A,2009,192274.75607099998
IS,D51A,2010,197317.9861450712
IS,D51A,2011,220571.15076999998
IS,D51A,2012,234474.68581405893
IS,D51A,2013,260692.81977127033
IS,D51A,2014,272285.099945986
IS,D51A,2015,299588.70548372343
IS,D51A,2016,340107.18208083545
IS,D51A,2017,376086.8090412102
IS,D51A,2018,414279.7037546678
IS,D51A,2019,436776.05130034493
IS,D51A,2020,457604.9591867357
IS,D51A,2021,474694.67996545474
IS,D51A,2022,545653.7128859998
IS,D51A,2023,593240.6797462811
IS,D51A,2024,626380.1573380821
IS,D51B,1995,5113.023999999999
IS,D51B,1996,4428.304
IS,D51B,1997,5537.646000000001
IS,D51B,1998,6221.938188
IS,D51B,1999,7964.241549
IS,D51B,2000,8370.923999999999
IS,D51B,2001,8035.58384840853
IS,D51B,2002,7232.155883193407
IS,D51B,2003,10446.256792
IS,D51B,2004,9600.469284
IS,D51B,2005,20307.565173999996
IS,D51B,2006,28091.9544395
IS,D51B,2007,32555.083164124997
IS,D51B,2008,28475.912177571252
IS,D51B,2009,26499.420113
IS,D51B,2010,14608.844071162499
IS,D51B,2011,29479.909778
IS,D51B,2012,33979.83415
IS,D51B,2013,40479.090262749996
IS,D51B,2014,66803.05044545628
IS,D51B,2015,52543.61389715625
IS,D51B,2016,62152.030419329996
IS,D51B,2017,79993.414627
IS,D51B,2018,67724.35808
IS,D51B,2019,62972.446905000004
IS,D51B,2020,64447.355971000005
IS,D51B,2021,65453.963483
IS,D51B,2022,100909.037676
IS,D51B,2023,144840.52631607358
IS,D51B,2024,145527.45426600002
IS,D59,1995,5728.797110562119
IS,D59,1996,5690.7214795413465
IS,D59,1997,7168.257572381852
IS,D59,1998,6614.509612
IS,D59,1999,7004.401948999999
IS,D59,2000,8297.0
IS,D59,2001,9131.151
IS,D59,2002,9602.128814
IS,D59,2003,6784.791128
IS,D59,2004,7496.182410213764
IS,D59,2005,7527.845930590975
IS,D59,2006,5263.293864243128
IS,D59,2007,5634.515785153004
IS,D59,2008,6037.61293684991
IS,D59,2009,10492.583110521398
IS,D59,2010,15030.409296534719
IS,D59,2011,17739.837213881892
IS,D59,2012,21465.32100494495
IS,D59,2013,21047.540668720732
IS,D59,2014,23342.732945248525
IS,D59,2015,13109.85825618069
IS,D59,2016,13022.038260393665
IS,D59,2017,13759.047162
IS,D59,2018,14192.729838129535
IS,D59,2019,14469.417990533333
IS,D59,2020,14402.158644279336
IS,D59,2021,14632.1894337379
IS,D59,2022,16095.633229593243
IS,D59,2023,17299.29234095797
IS,D59,2024,24671.18913010985
IS,D91,1995,1412.634324238381
IS,D91,1996,1604.356822013111
IS,D91,1997,1651.454872042477
IS,D91,1998,2823.5834889999996
IS,D91,1999,2948.299428
IS,D91,2000,4104.813
IS,D91,2001,3578.204
IS,D91,2002,3407.811181
IS,D91,2003,3269.732442
IS,D91,2004,5355.704235368027
IS,D91,2005,7609.71959945019
IS,D91,2006,15610.757263167277
IS,D91,2007,15854.979923920324
IS,D91,2008,9859.958629942226
IS,D91,2009,5022.23954263286
IS,D91,2010,5327.360290753694
IS,D91,2011,2306.1853639055716
IS,D91,2012,2622.3174143984097
IS,D91,2013,4333.154324123927
IS,D91,2014,3920.227155823037
IS,D91,2015,5684.881199726965
IS,D91,2016,393538.12972628436
IS,D91,2017,10710.31174923437
IS,D91,2018,12512.43143253643
IS,D91,2019,11600.582191511628
IS,D91,2020,14869.090637711326
IS,D91,2021,17116.00717293514
IS,D91,2022,22063.139203923765
IS,D91,2023,21303.290779030693
IS,D91,2024,26309.547588690704
IS,ODA,1995,141377.78827754757
IS,ODA,1996,155496.00772488787
IS,ODA,1997,169397.51210992274
IS,ODA,1998,186967.2041017919
IS,ODA,1999,215743.71753779185
IS,ODA,2000,235030.0248617919
IS,ODA,2001,251656.3217769923
IS,ODA,2002,265318.13598677714
IS,ODA,2003,283629.89078127156
IS,ODA,2004,324795.5304770634
IS,ODA,2005,385326.88711285533
IS,ODA,2006,448330.4058152311
IS,ODA,2007,494781.4940956066
IS,ODA,2008,505323.56815080607
IS,ODA,2009,464501.8716183986
IS,ODA,2010,479027.18607253634
IS,ODA,2011,520373.9419329752
IS,ODA,2012,563174.1766552376
IS,ODA,2013,610269.2709306222
IS,ODA,2014,704488.9698947866
IS,ODA,2015,736559.9875990044
IS,ODA,2016,1184257.156022797
IS,ODA,2017,899953.1448447979
IS,ODA,2018,944015.2835777164
IS,ODA,2019,966104.1360255887
IS,ODA,2020,975368.2871424656
IS,ODA,2021,1050574.2316318536
IS,ODA,2022,1263919.541970234
IS,ODA,2023,1438151.4220389228
IS,ODA,2024,1555112.8663789371
IS,D61,1995,11167.295
IS,D61,1996,13166.458
IS,D61,1997,14329.474
IS,D61,1998,16088.125987000001
IS,D61,1999,17786.663430999997
IS,D61,2000,19680.216
IS,D61,2001,21909.255
IS,D61,2002,23396.729971999997
IS,D61,2003,26052.963430999996
IS,D61,2004,28364.112849999998
IS,D61,2005,32776.641484
IS,D61,2006,38414.461386999996
IS,D61,2007,39594.226879
IS,D61,2008,41643.703194999995
IS,D61,2009,45912.363760000015
IS,D61,2010,63598.569544
IS,D61,2011,66819.62326899999
IS,D61,2012,64882.42230799998
IS,D61,2013,69898.83126
IS,D61,2014,73432.47694899999
IS,D61,2015,79707.29517800001
IS,D61,2016,85369.991764
IS,D61,2017,89649.06031600002
IS,D61,2018,98229.52810791711
IS,D61,2019,97423.480998
IS,D61,2020,88364.327914
IS,D61,2021,97413.676268
IS,D61,2022,115564.016244
IS,D61,2023,130870.68659943849
IS,D61,2024,135737.75097099994
IS,D611,1995,10292.295
IS,D611,1996,12192.457999999999
IS,D611,1997,13343.473999999998
IS,D611,1998,15052.629512941294
IS,D611,1999,16703.919037703385
IS,D611,2000,18457.037741247997
IS,D611,2001,20673.334004080167
IS,D611,2002,22295.692021800714
IS,D611,2003,24942.20360030399
IS,D611,2004,27247.20974239119
IS,D611,2005,31630.124662033213
IS,D611,2006,37328.659370969974
IS,D611,2007,38565.48730033127
IS,D611,2008,40661.259525115085
IS,D611,2009,44726.28794429278
IS,D611,2010,61979.5932064666
IS,D611,2011,65165.11553070837
IS,D611,2012,63244.3301789472
IS,D611,2013,68177.88057300245
IS,D611,2014,71626.29760459132
IS,D611,2015,77819.87178901776
IS,D611,2016,83411.42796310483
IS,D611,2017,87615.92846768464
IS,D611,2018,96034.29082705059
IS,D611,2019,95243.78630702774
IS,D611,2020,86543.86438691293
IS,D611,2021,95376.67247098542
IS,D611,2022,113165.33180386251
IS,D611,2023,128144.1799197392
IS,D611,2024,132909.8458508676
IS,ODB,1995,152545.08327754756
IS,ODB,1996,168662.46572488788
IS,ODB,1997,183726.98610992273
IS,ODB,1998,203055.3300887919
IS,ODB,1999,233530.38096879184
IS,ODB,2000,254710.24086179188
IS,ODB,2001,273565.5767769923
IS,ODB,2002,288714.86595877714
IS,ODB,2003,309682.8542122715
IS,ODB,2004,353159.6433270634
IS,ODB,2005,418103.52859685535
IS,ODB,2006,486744.8672022311
IS,ODB,2007,534375.7209746066
IS,ODB,2008,546967.2713458061
IS,ODB,2009,510414.23537839856
IS,ODB,2010,542625.7556165364
IS,ODB,2011,587193.5652019752
IS,ODB,2012,628056.5989632375
IS,ODB,2013,680168.1021906221
IS,ODB,2014,777921.4468437866
IS,ODB,2015,816267.2827770044
IS,ODB,2016,1269627.147786797
IS,ODB,2017,989602.205160798
IS,ODB,2018,1042244.8116856334
IS,ODB,2019,1063527.6170235886
IS,ODB,2020,1063732.6150564656
IS,ODB,2021,1147987.9078998538
IS,ODB,2022,1379483.5582142337
IS,ODB,2023,1569022.108638361
IS,ODB,2024,1690850.617349937
IS,ODC,1995,152545.08327754756
IS,ODC,1996,168662.46572488788
IS,ODC,1997,183726.98610992273
IS,ODC,1998,203055.3300887919
IS,ODC,1999,233530.38096879184
IS,ODC,2000,254710.24086179188
IS,ODC,2001,273565.5767769923
IS,ODC,2002,288714.86595877714
IS,ODC,2003,309682.8542122715
IS,ODC,2004,353159.6433270634
IS,ODC,2005,418103.52859685535
IS,ODC,2006,486744.8672022311
IS,ODC,2007,534375.7209746066
IS,ODC,2008,546967.2713458061
IS,ODC,2009,510414.23537839856
IS,ODC,2010,542625.7556165364
IS,ODC,2011,587193.5652019752
IS,ODC,2012,628056.5989632375
IS,ODC,2013,680168.1021906221
IS,ODC,2014,777921.4468437866
IS,ODC,2015,816267.2827770044
IS,ODC,2016,1269627.147786797
IS,ODC,2017,989602.205160798
IS,ODC,2018,1042244.8116856334
IS,ODC,2019,1063527.6170235886
IS,ODC,2020,1063732.6150564656
IS,ODC,2021,1147987.9078998538
IS,ODC,2022,1379483.5582142337
IS,ODC,2023,1569022.108638361
IS,ODC,2024,1690850.617349937
NO,D2,1995,143993.0
NO,D2,1996,155620.0
NO,D2,1997,167681.0
NO,D2,1998,175075.0
NO,D2,1999,184580.0
NO,D2,2000,195489.0
NO,D2,2001,199987.0
NO,D2,2002,201745.0
NO,D2,2003,203999.0
NO,D2,2004,219047.0
NO,D2,2005,236030.0
NO,D2,2006,261081.0
NO,D2,2007,284837.0
NO,D2,2008,283689.0
NO,D2,2009,284123.0
NO,D2,2010,305713.0
NO,D2,2011,315728.0
NO,D2,2012,329674.0
NO,D2,2013,345870.0
NO,D2,2014,359528.0
NO,D2,2015,372342.0
NO,D2,2016,390135.0
NO,D2,2017,411505.0
NO,D2,2018,430030.0
NO,D2,2019,439316.0
NO,D2,2020,445850.0
NO,D2,2021,478292.0
NO,D2,2022,505416.0
NO,D2,2023,512190.0
NO,D2,2024,528240.0
NO,D2,2025,547493.0
NO,D21,1995,135515.0
NO,D21,1996,146717.0
NO,D21,1997,158407.0
NO,D21,1998,165084.0
NO,D21,1999,174159.0
NO,D21,2000,185068.0
NO,D21,2001,189769.0
NO,D21,2002,191093.0
NO,D21,2003,192862.0
NO,D21,2004,206698.0
NO,D21,2005,222866.0
NO,D21,2006,246841.0
NO,D21,2007,269165.0
NO,D21,2008,265039.0
NO,D21,2009,266405.0
NO,D21,2010,287188.0
NO,D21,2011,298503.0
NO,D21,2012,312206.0
NO,D21,2013,325631.0
NO,D21,2014,336958.0
NO,D21,2015,348217.0
NO,D21,2016,364862.0
NO,D21,2017,382763.0
NO,D21,2018,399602.0
NO,D21,2019,406138.0
NO,D21,2020,411855.0
NO,D21,2021,440059.0
NO,D21,2022,466234.0
NO,D21,2023,471567.0
NO,D21,2024,486620.0
NO,D21,2025,504602.0
NO,D211,1995,88609.0
NO,D211,1996,95736.0
NO,D211,1997,104874.0
NO,D211,1998,110303.0
NO,D211,1999,116356.0
NO,D211,2000,124166.0
NO,D211,2001,128680.0
NO,D211,2002,129663.0
NO,D211,2003,130423.0
NO,D211,2004,140633.0
NO,D211,2005,153137.0
NO,D211,2006,172067.0
NO,D211,2007,188705.0
NO,D211,2008,184843.0
NO,D211,2009,186211.0
NO,D211,2010,201184.0
NO,D211,2011,211037.0
NO,D211,2012,223425.0
NO,D211,2013,234941.0
NO,D211,2014,243800.0
NO,D211,2015,255181.0
NO,D211,2016,269216.0
NO,D211,2017,283518.0
NO,D211,2018,296900.0
NO,D211,2019,307000.0
NO,D211,2020,311600.0
NO,D211,2021,338900.0
NO,D211,2022,371700.0
NO,D211,2023,377500.0
NO,D211,2024,386600.0
NO,D211,2025,401000.0
NO,D214,1995,44188.0
NO,D214,1996,48575.0
NO,D214,1997,51079.0
NO,D214,1998,52192.0
NO,D214,1999,55449.0
NO,D214,2000,58958.0
NO,D214,2001,59326.0
NO,D214,2002,59823.0
NO,D214,2003,60879.0
NO,D214,2004,64491.0
NO,D214,2005,68111.0
NO,D214,2006,72987.0
NO,D214,2007,78440.0
NO,D214,2008,78023.0
NO,D214,2009,78074.0
NO,D214,2010,83605.0
NO,D214,2011,85067.0
NO,D214,2012,86363.0
NO,D214,2013,87808.0
NO,D214,2014,90178.0
NO,D214,2015,89968.0
NO,D214,2016,92496.0
NO,D214,2017,96106.0
NO,D214,2018,99577.0
NO,D214,2019,95967.0
NO,D214,2020,96911.0
NO,D214,2021,97210.0
NO,D214,2022,90766.0
NO,D214,2023,90607.0
NO,D214,2024,96375.0
NO,D214,2025,100221.0
NO,D29,1995,8478.0
NO,D29,1996,8903.0
NO,D29,1997,9274.0
NO,D29,1998,9991.0
NO,D29,1999,10421.0
NO,D29,2000,10421.0
NO,D29,2001,10218.0
NO,D29,2002,10652.0
NO,D29,2003,11137.0
NO,D29,2004,12349.0
NO,D29,2005,13164.0
NO,D29,2006,14240.0
NO,D29,2007,15672.0
NO,D29,2008,18650.0
NO,D29,2009,17718.0
NO,D29,2010,18525.0
NO,D29,2011,17225.0
NO,D29,2012,17468.0
NO,D29,2013,20239.0
NO,D29,2014,22570.0
NO,D29,2015,24125.0
NO,D29,2016,25273.0
NO,D29,2017,28742.0
NO,D29,2018,30428.0
NO,D29,2019,33178.0
NO,D29,2020,33995.0
NO,D29,2021,38233.0
NO,D29,2022,39182.0
NO,D29,2023,40623.0
NO,D29,2024,41620.0
NO,D29,2025,42891.0
NO,D5,1995,153507.0
NO,D5,1996,176582.0
NO,D5,1997,191169.0
NO,D5,1998,183486.0
NO,D5,1999,212401.0
NO,D5,2000,300595.0
NO,D5,2001,314175.0
NO,D5,2002,306778.0
NO,D5,2003,313487.0
NO,D5,2004,370664.0
NO,D5,2005,437787.0
NO,D5,2006,496998.0
NO,D5,2007,499197.0
NO,D5,2008,570591.0
NO,D5,2009,484663.0
NO,D5,2010,538263.0
NO,D5,2011,599129.0
NO,D5,2012,624194.0
NO,D5,2013,589027.0
NO,D5,2014,549924.0
NO,D5,2015,504629.0
NO,D5,2016,490616.0
NO,D5,2017,533803.0
NO,D5,2018,619049.0
NO,D5,2019,620648.0
NO,D5,2020,516555.0
NO,D5,2021,911117.0
NO,D5,2022,1551968.0
NO,D5,2023,1144941.0
NO,D5,2024,1079047.0
NO,D5,2025,1082932.0
NO,D51,1995,142496.0
NO,D51,1996,164827.0
NO,D51,1997,179217.0
NO,D51,1998,171414.0
NO,D51,1999,199220.0
NO,D51,2000,286222.0
NO,D51,2001,298751.0
NO,D51,2002,290772.0
NO,D51,2003,297253.0
NO,D51,2004,353186.0
NO,D51,2005,419694.0
NO,D51,2006,478042.0
NO,D51,2007,478062.0
NO,D51,2008,549074.0
NO,D51,2009,461592.0
NO,D51,2010,514466.0
NO,D51,2011,574330.0
NO,D51,2012,598323.0
NO,D51,2013,561937.0
NO,D51,2014,522733.0
NO,D51,2015,478248.0
NO,D51,2016,462675.0
NO,D51,2017,505184.0
NO,D51,2018,590548.0
NO,D51,2019,591010.0
NO,D51,2020,491110.0
NO,D51,2021,884108.0
NO,D51,2022,1516074.0
NO,D51,2023,1105551.0
NO,D51,2024,1037433.0
NO,D51,2025,1039861.0
NO,D51A,1995,101084.0
NO,D51A,1996,110307.0
NO,D51A,1997,121827.0
NO,D51A,1998,133322.0
NO,D51A,1999,140937.0
NO,D51A,2000,152013.0
NO,D51A,2001,160268.0
NO,D51A,2002,163885.0
NO,D51A,2003,167978.0
NO,D51A,2004,178702.0
NO,D51A,2005,188015.0
NO,D51A,2006,196244.0
NO,D51A,2007,219726.0
NO,D51A,2008,231842.0
NO,D51A,2009,241106.0
NO,D51A,2010,256544.0
NO,D51A,2011,271322.0
NO,D51A,2012,288119.0
NO,D51A,2013,304409.0
NO,D51A,2014,309592.0
NO,D51A,2015,335199.0
NO,D51A,2016,332774.0
NO,D51A,2017,339077.0
NO,D51A,2018,354726.0
NO,D51A,2019,370590.0
NO,D51A,2020,390371.0
NO,D51A,2021,454175.0
NO,D51A,2022,456747.0
NO,D51A,2023,478110.0
NO,D51A,2024,513291.0
NO,D51A,2025,546470.0
NO,D51B,1995,41412.0
NO,D51B,1996,53998.0
NO,D51B,1997,56859.0
NO,D51B,1998,37469.0
NO,D51B,1999,57774.0
NO,D51B,2000,133545.0
NO,D51B,2001,137848.0
NO,D51B,2002,126098.0
NO,D51B,2003,128590.0
NO,D51B,2004,173156.0
NO,D51B,2005,229829.0
NO,D51B,2006,279539.0
NO,D51B,2007,256368.0
NO,D51B,2008,314229.0
NO,D51B,2009,218973.0
NO,D51B,2010,256913.0
NO,D51B,2011,301567.0
NO,D51B,2012,307524.0
NO,D51B,2013,255436.0
NO,D51B,2014,210134.0
NO,D51B,2015,141955.0
NO,D51B,2016,127342.0
NO,D51B,2017,162702.0
NO,D51B,2018,231749.0
NO,D51B,2019,216004.0
NO,D51B,2020,98692.0
NO,D51B,2021,424499.0
NO,D51B,2022,1051193.0
NO,D51B,2023,615919.0
NO,D51B,2024,510497.0
NO,D51B,2025,481730.0
NO,D59,1995,11011.0
NO,D59,1996,11755.0
NO,D59,1997,11952.0
NO,D59,1998,12072.0
NO,D59,1999,13181.0
NO,D59,2000,14373.0
NO,D59,2001,15424.0
NO,D59,2002,16006.0
NO,D59,2003,16234.0
NO,D59,2004,17478.0
NO,D59,2005,18093.0
NO,D59,2006,18956.0
NO,D59,2007,21135.0
NO,D59,2008,21517.0
NO,D59,2009,23071.0
NO,D59,2010,23797.0
NO,D59,2011,24799.0
NO,D59,2012,25871.0
NO,D59,2013,27090.0
NO,D59,2014,27191.0
NO,D59,2015,26381.0
NO,D59,2016,27941.0
NO,D59,2017,28619.0
NO,D59,2018,28501.0
NO,D59,2019,29638.0
NO,D59,2020,25445.0
NO,D59,2021,27009.0
NO,D59,2022,35894.0
NO,D59,2023,39390.0
NO,D59,2024,41614.0
NO,D59,2025,43071.0
NO,D91,1995,975.0
NO,D91,1996,1029.0
NO,D91,1997,1035.0
NO,D91,1998,1179.0
NO,D91,1999,1024.0
NO,D91,2000,1273.0
NO,D91,2001,1329.0
NO,D91,2002,1243.0
NO,D91,2003,1532.0
NO,D91,2004,1660.0
NO,D91,2005,1768.0
NO,D91,2006,2063.0
NO,D91,2007,2576.0
NO,D91,2008,1973.0
NO,D91,2009,2431.0
NO,D91,2010,2377.0
NO,D91,2011,1754.0
NO,D91,2012,1887.0
NO,D91,2013,2246.0
NO,D91,2014,1880.0
NO,D91,2015,295.0
NO,D91,2016,206.0
NO,D91,2017,91.0
NO,D91,2018,73.0
NO,D91,2019,44.0
NO,D91,2020,64.0
NO,D91,2021,48.0
NO,D91,2022,32.0
NO,D91,2023,46.0
NO,D91,2024,30.0
NO,D91,2025,60.0
NO,ODA,1995,298475.0
NO,ODA,1996,333231.0
NO,ODA,1997,359885.0
NO,ODA,1998,359740.0
NO,ODA,1999,398005.0
NO,ODA,2000,497357.0
NO,ODA,2001,515491.0
NO,ODA,2002,509766.0
NO,ODA,2003,519018.0
NO,ODA,2004,591371.0
NO,ODA,2005,675585.0
NO,ODA,2006,760142.0
NO,ODA,2007,786610.0
NO,ODA,2008,856253.0
NO,ODA,2009,771217.0
NO,ODA,2010,846353.0
NO,ODA,2011,916611.0
NO,ODA,2012,955755.0
NO,ODA,2013,937143.0
NO,ODA,2014,911332.0
NO,ODA,2015,877266.0
NO,ODA,2016,880957.0
NO,ODA,2017,945399.0
NO,ODA,2018,1049152.0
NO,ODA,2019,1060008.0
NO,ODA,2020,962469.0
NO,ODA,2021,1389457.0
NO,ODA,2022,2057416.0
NO,ODA,2023,1657177.0
NO,ODA,2024,1607317.0
NO,ODA,2025,1630485.0
NO,D61,1995,93845.0
NO,D61,1996,100336.0
NO,D61,1997,108309.0
NO,D61,1998,118717.0
NO,D61,1999,126986.0
NO,D61,2000,134646.0
NO,D61,2001,144486.0
NO,D61,2002,153714.0
NO,D61,2003,158050.0
NO,D61,2004,166331.0
NO,D61,2005,175962.0
NO,D61,2006,191525.0
NO,D61,2007,207754.0
NO,D61,2008,227352.0
NO,D61,2009,235975.0
NO,D61,2010,246345.0
NO,D61,2011,262289.0
NO,D61,2012,280572.0
NO,D61,2013,296279.0
NO,D61,2014,316452.0
NO,D61,2015,329052.0
NO,D61,2016,334780.0
NO,D61,2017,344658.0
NO,D61,2018,362661.0
NO,D61,2019,382858.0
NO,D61,2020,386719.0
NO,D61,2021,410921.0
NO,D61,2022,438300.0
NO,D61,2023,480149.0
NO,D61,2024,501929.0
NO,D61,2025,511891.0
NO,D611,1995,55025.0
NO,D611,1996,58908.0
NO,D611,1997,63800.0
NO,D611,1998,70051.0
NO,D611,1999,75155.0
NO,D611,2000,79242.0
NO,D611,2001,85370.0
NO,D611,2002,90953.0
NO,D611,2003,93657.0
NO,D611,2004,98875.0
NO,D611,2005,104903.0
NO,D611,2006,115444.0
NO,D611,2007,124528.0
NO,D611,2008,136612.0
NO,D611,2009,141775.0
NO,D611,2010,148226.0
NO,D611,2011,156044.0
NO,D611,2012,167888.0
NO,D611,2013,177647.0
NO,D611,2014,186207.0
NO,D611,2015,190975.0
NO,D611,2016,193225.0
NO,D611,2017,197714.0
NO,D611,2018,208716.0
NO,D611,2019,220965.0
NO,D611,2020,221257.0
NO,D611,2021,232644.0
NO,D611,2022,251047.0
NO,D611,2023,283793.0
NO,D611,2024,295302.0
NO,D611,2025,296943.0
NO,D613,1995,37682.0
NO,D613,1996,40132.0
NO,D613,1997,43171.0
NO,D613,1998,47023.0
NO,D613,1999,50063.0
NO,D613,2000,52928.0
NO,D613,2001,56368.0
NO,D613,2002,60182.0
NO,D613,2003,61903.0
NO,D613,2004,64929.0
NO,D613,2005,68358.0
NO,D613,2006,73221.0
NO,D613,2007,80295.0
NO,D613,2008,87694.0
NO,D613,2009,91133.0
NO,D613,2010,94955.0
NO,D613,2011,102946.0
NO,D613,2012,109237.0
NO,D613,2013,115004.0
NO,D613,2014,126474.0
NO,D613,2015,134207.0
NO,D613,2016,137635.0
NO,D613,2017,142035.0
NO,D613,2018,148478.0
NO,D613,2019,156090.0
NO,D613,2020,159932.0
NO,D613,2021,169636.0
NO,D613,2022,177254.0
NO,D613,2023,187109.0
NO,D613,2024,197155.0
NO,D613,2025,205169.0
NO,ODB,1995,391182.0
NO,ODB,1996,432271.0
NO,ODB,1997,466856.0
NO,ODB,1998,476814.0
NO,ODB,1999,523223.0
NO,ODB,2000,629527.0
NO,ODB,2001,657229.0
NO,ODB,2002,660901.0
NO,ODB,2003,674578.0
NO,ODB,2004,755175.0
NO,ODB,2005,848846.0
NO,ODB,2006,948807.0
NO,ODB,2007,991433.0
NO,ODB,2008,1080559.0
NO,ODB,2009,1004125.0
NO,ODB,2010,1089534.0
NO,ODB,2011,1175601.0
NO,ODB,2012,1232880.0
NO,ODB,2013,1229794.0
NO,ODB,2014,1224013.0
NO,ODB,2015,1202448.0
NO,ODB,2016,1211817.0
NO,ODB,2017,1285148.0
NO,ODB,2018,1406346.0
NO,ODB,2019,1437063.0
NO,ODB,2020,1343658.0
NO,ODB,2021,1791737.0
NO,ODB,2022,2485717.0
NO,ODB,2023,2128079.0
NO,ODB,2024,2099774.0
NO,ODB,2025,2132597.0
NO,ODC,1995,392320.0
NO,ODC,1996,433567.0
NO,ODC,1997,468194.0
NO,ODC,1998,478457.0
NO,ODC,1999,524991.0
NO,ODC,2000,632003.0
NO,ODC,2001,659977.0
NO,ODC,2002,663480.0
NO,ODC,2003,677068.0
NO,ODC,2004,757702.0
NO,ODC,2005,851547.0
NO,ODC,2006,951667.0
NO,ODC,2007,994364.0
NO,ODC,2008,1083605.0
NO,ODC,2009,1007192.0
NO,ODC,2010,1092698.0
NO,ODC,2011,1178900.0
NO,ODC,2012,1236327.0
NO,ODC,2013,1233422.0
NO,ODC,2014,1227784.0
NO,ODC,2015,1206318.0
NO,ODC,2016,1215737.0
NO,ODC,2017,1290057.0
NO,ODC,2018,1411813.0
NO,ODC,2019,1442866.0
NO,ODC,2020,1349188.0
NO,ODC,2021,1800378.0
NO,ODC,2022,2495716.0
NO,ODC,2023,2137326.0
NO,ODC,2024,2109246.0
NO,ODC,2025,2142376.0
CH,D2,2008,37165.21303609
CH,D2,2009,36493.929162
CH,D2,2010,38240.44299145
CH,D2,2011,38922.93604654
CH,D2,2012,38878.52545824
CH,D2,2013,39284.30335167
CH,D2,2014,39377.35591121
CH,D2,2015,39621.77188547
CH,D2,2016,39582.31220886
CH,D2,2017,40916.80674251
CH,D2,2018,40695.13089357
CH,D2,2019,40899.1719065
CH,D2,2020,40267.432145
CH,D2,2021,42690.61295215
CH,D2,2022,43911.99010419
CH,D2,2023,43294.11923228
CH,D2,2024,45439.23208476
CH,D21,2008,34129.60577914
CH,D21,2009,33360.04626905
CH,D21,2010,34677.84488365
CH,D21,2011,35378.37852121
CH,D21,2012,35214.21396109
CH,D21,2013,35523.84860661
CH,D21,2014,35592.57478393
CH,D21,2015,35654.36307274
CH,D21,2016,35331.12131169
CH,D21,2017,36410.74274913
CH,D21,2018,36206.87542851
CH,D21,2019,36073.38944739
CH,D21,2020,35548.43695227
CH,D21,2021,37828.37496878
CH,D21,2022,38920.41382543
CH,D21,2023,38708.87771885
CH,D21,2024,40406.3162443
CH,D211,2008,20332.85771859
CH,D211,2009,19702.42027865
CH,D211,2010,20544.82522395
CH,D211,2011,21505.00985482
CH,D211,2012,21899.59436454
CH,D211,2013,22366.31385431
CH,D211,2014,22444.82932666
CH,D211,2015,22265.55606104
CH,D211,2016,22274.56694073
CH,D211,2017,22788.27225717
CH,D211,2018,22521.69707735
CH,D211,2019,22376.63506725
CH,D211,2020,21979.93360247
CH,D211,2021,23413.66521506
CH,D211,2022,24443.6498069
CH,D211,2023,25043.39842991
CH,D211,2024,26852.01621074
CH,D214,2008,7115.43336448
CH,D214,2009,7059.73285674
CH,D214,2010,7469.05602971
CH,D214,2011,7322.9399812
CH,D214,2012,6749.87701126
CH,D214,2013,6648.17915106
CH,D214,2014,6678.54053144
CH,D214,2015,7151.42856967
CH,D214,2016,6814.39741833
CH,D214,2017,7459.09936041
CH,D214,2018,7535.71354143
CH,D214,2019,7564.00197446
CH,D214,2020,7807.68256019
CH,D214,2021,8267.18681697
CH,D214,2022,8490.63440004
CH,D214,2023,7757.32546274
CH,D214,2024,7973.27159846
CH,D29,2008,3035.60725695
CH,D29,2009,3133.88289295
CH,D29,2010,3562.5981078
CH,D29,2011,3544.55752533
CH,D29,2012,3664.31149715
CH,D29,2013,3760.45474506
CH,D29,2014,3784.78112728
CH,D29,2015,3967.40881273
CH,D29,2016,4251.19089717
CH,D29,2017,4506.06399338
CH,D29,2018,4488.25546506
CH,D29,2019,4825.78245911
CH,D29,2020,4718.99519273
CH,D29,2021,4862.23798337
CH,D29,2022,4991.57627876
CH,D29,2023,4585.24151343
CH,D29,2024,5032.91584046
CH,D5,2008,86435.48622008
CH,D5,2009,86697.73909178
CH,D5,2010,86253.32763856
CH,D5,2011,89856.09989208
CH,D5,2012,88793.82045409
CH,D5,2013,91395.83200779
CH,D5,2014,93136.50592625
CH,D5,2015,97467.08529738
CH,D5,2016,100566.61152916
CH,D5,2017,103658.91824322
CH,D5,2018,107534.84081613
CH,D5,2019,110480.92486375
CH,D5,2020,108452.64212526
CH,D5,2021,111494.2017123
CH,D5,2022,115838.98743698
CH,D5,2023,123006.84892393
CH,D5,2024,127485.98571214
CH,D51,2008,74495.49312063
CH,D51,2009,74630.04939546
CH,D51,2010,74077.74254164
CH,D51,2011,77632.01310664
CH,D51,2012,76550.64739362
CH,D51,2013,78773.10642157
CH,D51,2014,79969.07000429
CH,D51,2015,83871.69324859
CH,D51,2016,86195.52893781
CH,D51,2017,88856.33005541
CH,D51,2018,92176.70379897
CH,D51,2019,94673.12589268
CH,D51,2020,92289.81428502
CH,D51,2021,94938.01436944
CH,D51,2022,98908.39781922
CH,D51,2023,105642.83444797
CH,D51,2024,109798.91179738
CH,D51A,2008,49559.4579164
CH,D51A,2009,51057.39877723
CH,D51A,2010,51636.4040054
CH,D51A,2011,52230.59570346
CH,D51A,2012,53209.32545783
CH,D51A,2013,53608.72304153
CH,D51A,2014,54177.66523316
CH,D51A,2015,56175.12709798
CH,D51A,2016,56791.7734183
CH,D51A,2017,57713.228344870004
CH,D51A,2018,59686.23695544
CH,D51A,2019,61238.92215217
CH,D51A,2020,62778.14576283
CH,D51A,2021,63744.88767635
CH,D51A,2022,66348.61156493
CH,D51A,2023,67581.90315803
CH,D51A,2024,70120.58362725
CH,D51B,2008,17819.01728638
CH,D51B,2009,16843.99456897
CH,D51B,2010,16615.71292965
CH,D51B,2011,17713.70202653
CH,D51B,2012,17667.8597878
CH,D51B,2013,18011.96902267
CH,D51B,2014,18328.54706416
CH,D51B,2015,19640.48428645
CH,D51B,2016,21113.70191721
CH,D51B,2017,20666.77277805
CH,D51B,2018,22068.94435263
CH,D51B,2019,22349.47949322
CH,D51B,2020,21521.07518824
CH,D51B,2021,22892.88277379
CH,D51B,2022,24914.15371863
CH,D51B,2023,27892.24039289
CH,D51B,2024,28813.84127404
CH,D59,2008,11939.99309945
CH,D59,2009,12067.68969632
CH,D59,2010,12175.58509692
CH,D59,2011,12224.08678544
CH,D59,2012,12243.17306047
CH,D59,2013,12622.72558622
CH,D59,2014,13167.43592196
CH,D59,2015,13595.39204879
CH,D59,2016,14371.08259135
CH,D59,2017,14802.58818781
CH,D59,2018,15358.13701716
CH,D59,2019,15807.79897107
CH,D59,2020,16162.82784024
CH,D59,2021,16556.18734286
CH,D59,2022,16930.58961776
CH,D59,2023,17364.01447596
CH,D59,2024,17687.07391476
CH,D91,2008,875.21210636
CH,D91,2009,995.23147652
CH,D91,2010,973.76058914
CH,D91,2011,862.55633786
CH,D91,2012,898.39651268
CH,D91,2013,965.80271926
CH,D91,2014,1176.71875209
CH,D91,2015,1087.57988123
CH,D91,2016,1147.81939696
CH,D91,2017,1161.05374967
CH,D91,2018,1211.7858998
CH,D91,2019,1233.69115383
CH,D91,2020,1271.94709545
CH,D91,2021,1366.39078086
CH,D91,2022,1398.77714615
CH,D91,2023,1418.51331882
CH,D91,2024,1500.19483217
CH,ODA,2008,124475.91136253
CH,ODA,2009,124186.8997303
CH,ODA,2010,125467.53121915
CH,ODA,2011,129641.59227648
CH,ODA,2012,128570.74242501
CH,ODA,2013,131645.93807872
CH,ODA,2014,133690.58058955
CH,ODA,2015,138176.43706408
CH,ODA,2016,141296.74313498
CH,ODA,2017,145736.7787354
CH,ODA,2018,149441.7576095
CH,ODA,2019,152613.78792408
CH,ODA,2020,149992.02136571
CH,ODA,2021,155551.20544531
CH,ODA,2022,161149.75468732
CH,ODA,2023,167719.48147503
CH,ODA,2024,174425.41262907
CH,D61,2008,37379.65295858
CH,D61,2009,38627.77381902
CH,D61,2010,38843.25491396
CH,D61,2011,41399.82514347
CH,D61,2012,42434.63396708
CH,D61,2013,43212.4424961
CH,D61,2014,43900.62599431
CH,D61,2015,44625.34695458
CH,D61,2016,45148.61230557
CH,D61,2017,45644.01144125
CH,D61,2018,46442.48967172
CH,D61,2019,47626.16309259
CH,D61,2020,49792.75910581
CH,D61,2021,51199.10093634
CH,D61,2022,52967.67214208
CH,D61,2023,54116.24814473
CH,D61,2024,55843.55035962
CH,D611,2008,16949.83573463
CH,D611,2009,17533.8777556
CH,D611,2010,17617.19677744
CH,D611,2011,18923.58142406
CH,D611,2012,19441.25367111
CH,D611,2013,19846.03603335
CH,D611,2014,20190.67692305
CH,D611,2015,20574.16851249
CH,D611,2016,20776.0831471
CH,D611,2017,21050.85449808
CH,D611,2018,21500.13369923
CH,D611,2019,22072.09606687
CH,D611,2020,22023.64144527
CH,D611,2021,23234.82703564
CH,D611,2022,24540.72072576
CH,D611,2023,25305.80122869
CH,D611,2024,26134.25844849
CH,D613,2008,19973.23153471
CH,D613,2009,20680.93340282
CH,D613,2010,20767.89955183
CH,D613,2011,22052.53038214
CH,D613,2012,22516.03325447
CH,D613,2013,23015.90880416
CH,D613,2014,23353.49714026
CH,D613,2015,23709.80859407
CH,D613,2016,23976.21556112
CH,D613,2017,24204.01776294
CH,D613,2018,24571.76093572
CH,D613,2019,25161.52051763
CH,D613,2020,27033.3554478
CH,D613,2021,27428.51280617
CH,D613,2022,27750.48433087
CH,D613,2023,28344.62865946
CH,D613,2024,29226.12088803
CH,ODB,2008,160355.95492973
CH,ODB,2009,161148.17334327
CH,ODB,2010,162731.52446058
CH,ODB,2011,169513.90392887
CH,ODB,2012,169370.74297658
CH,ODB,2013,173198.74850103
CH,ODB,2014,176207.45539052
CH,ODB,2015,181402.67897479
CH,ODB,2016,184979.02606996
CH,ODB,2017,190062.87945512
CH,ODB,2018,194477.19180253
CH,ODB,2019,198785.13522237
CH,ODB,2020,198231.18538059
CH,ODB,2021,205293.42636616
CH,ODB,2022,212559.87015264
CH,ODB,2023,220325.59110845
CH,ODB,2024,228680.28802516
CH,ODC,2008,160812.54061897
CH,ODC,2009,161561.13600387
CH,ODC,2010,163189.68304527
CH,ODC,2011,169937.61726614
CH,ODC,2012,169848.09001808
CH,ODC,2013,173549.24615962
CH,ODC,2014,176563.90732152
CH,ODC,2015,181744.04882281
CH,ODC,2016,185375.33966731
CH,ODC,2017,190452.01863535
CH,ODC,2018,194847.7868393
CH,ODC,2019,199177.68173046
CH,ODC,2020,198966.94759333
CH,ODC,2021,205829.18746069
CH,ODC,2022,213236.33723809
CH,ODC,2023,220791.40936503
CH,ODC,2024,229163.45904826
