pays,code,categorie,annee,pct_pib
Allemagne,DEU,T_1100,1995,9.951371
Allemagne,DEU,T_1100,1996,8.817277
Allemagne,DEU,T_1100,1997,8.489969
Allemagne,DEU,T_1100,1998,8.856433
Allemagne,DEU,T_1100,1999,9.008306
Allemagne,DEU,T_1100,2000,9.117561
Allemagne,DEU,T_1100,2001,9.429365
Allemagne,DEU,T_1100,2002,8.579132
Allemagne,DEU,T_1100,2003,8.191904
Allemagne,DEU,T_1100,2004,7.679936
Allemagne,DEU,T_1100,2005,7.724308
Allemagne,DEU,T_1100,2006,8.182369
Allemagne,DEU,T_1100,2007,8.608539
Allemagne,DEU,T_1100,2008,9.288644
Allemagne,DEU,T_1100,2009,8.979539
Allemagne,DEU,T_1100,2010,8.388726
Allemagne,DEU,T_1100,2011,8.684959
Allemagne,DEU,T_1100,2012,9.236804
Allemagne,DEU,T_1100,2013,9.425463
Allemagne,DEU,T_1100,2014,9.46426
Allemagne,DEU,T_1100,2015,9.697411
Allemagne,DEU,T_1100,2016,9.850714
Allemagne,DEU,T_1100,2017,10.046203
Allemagne,DEU,T_1100,2018,10.243679
Allemagne,DEU,T_1100,2019,10.416422
Allemagne,DEU,T_1100,2020,10.109368
Allemagne,DEU,T_1100,2021,10.307685
Allemagne,DEU,T_1100,2022,10.425679
Allemagne,DEU,T_1100,2023,9.848956
Allemagne,DEU,T_1100,2024,10.062093
Allemagne,DEU,T_1200,1995,1.009058
Allemagne,DEU,T_1200,1996,1.351667
Allemagne,DEU,T_1200,1997,1.431486
Allemagne,DEU,T_1200,1998,1.542186
Allemagne,DEU,T_1200,1999,1.714562
Allemagne,DEU,T_1200,2000,1.740932
Allemagne,DEU,T_1200,2001,0.577057
Allemagne,DEU,T_1200,2002,0.97699
Allemagne,DEU,T_1200,2003,1.216167
Allemagne,DEU,T_1200,2004,1.488068
Allemagne,DEU,T_1200,2005,1.718443
Allemagne,DEU,T_1200,2006,2.142628
Allemagne,DEU,T_1200,2007,2.153551
Allemagne,DEU,T_1200,2008,1.873648
Allemagne,DEU,T_1200,2009,1.304346
Allemagne,DEU,T_1200,2010,1.469452
Allemagne,DEU,T_1200,2011,1.656443
Allemagne,DEU,T_1200,2012,1.688256
Allemagne,DEU,T_1200,2013,1.735473
Allemagne,DEU,T_1200,2014,1.698224
Allemagne,DEU,T_1200,2015,1.685244
Allemagne,DEU,T_1200,2016,1.936868
Allemagne,DEU,T_1200,2017,1.983283
Allemagne,DEU,T_1200,2018,2.098584
Allemagne,DEU,T_1200,2019,1.939343
Allemagne,DEU,T_1200,2020,1.590016
Allemagne,DEU,T_1200,2021,2.245474
Allemagne,DEU,T_1200,2022,2.317472
Allemagne,DEU,T_1200,2023,2.24058
Allemagne,DEU,T_1200,2024,2.184053
Allemagne,DEU,T_2000,1995,14.108516
Allemagne,DEU,T_2000,1996,14.302631
Allemagne,DEU,T_2000,1997,14.506183
Allemagne,DEU,T_2000,1998,14.324091
Allemagne,DEU,T_2000,1999,14.115391
Allemagne,DEU,T_2000,2000,14.06046
Allemagne,DEU,T_2000,2001,13.818987
Allemagne,DEU,T_2000,2002,13.760255
Allemagne,DEU,T_2000,2003,13.890959
Allemagne,DEU,T_2000,2004,13.653229
Allemagne,DEU,T_2000,2005,13.395049
Allemagne,DEU,T_2000,2006,13.064323
Allemagne,DEU,T_2000,2007,12.616925
Allemagne,DEU,T_2000,2008,12.683874
Allemagne,DEU,T_2000,2009,13.819372
Allemagne,DEU,T_2000,2010,13.548175
Allemagne,DEU,T_2000,2011,13.526981
Allemagne,DEU,T_2000,2012,13.689413
Allemagne,DEU,T_2000,2013,13.688461
Allemagne,DEU,T_2000,2014,13.660147
Allemagne,DEU,T_2000,2015,13.76216
Allemagne,DEU,T_2000,2016,13.938489
Allemagne,DEU,T_2000,2017,14.015739
Allemagne,DEU,T_2000,2018,14.200633
Allemagne,DEU,T_2000,2019,14.364738
Allemagne,DEU,T_2000,2020,14.845568
Allemagne,DEU,T_2000,2021,14.511805
Allemagne,DEU,T_2000,2022,14.214755
Allemagne,DEU,T_2000,2023,14.322792
Allemagne,DEU,T_2000,2024,14.860463
Allemagne,DEU,T_3000,1995,0
Allemagne,DEU,T_3000,1996,0
Allemagne,DEU,T_3000,1997,0
Allemagne,DEU,T_3000,1998,0
Allemagne,DEU,T_3000,1999,0
Allemagne,DEU,T_3000,2000,0
Allemagne,DEU,T_3000,2001,0
Allemagne,DEU,T_3000,2002,0
Allemagne,DEU,T_3000,2003,0
Allemagne,DEU,T_3000,2004,0
Allemagne,DEU,T_3000,2005,0
Allemagne,DEU,T_3000,2006,0
Allemagne,DEU,T_3000,2007,0
Allemagne,DEU,T_3000,2008,0
Allemagne,DEU,T_3000,2009,0
Allemagne,DEU,T_3000,2010,0
Allemagne,DEU,T_3000,2011,0
Allemagne,DEU,T_3000,2012,0
Allemagne,DEU,T_3000,2013,0
Allemagne,DEU,T_3000,2014,0
Allemagne,DEU,T_3000,2015,0
Allemagne,DEU,T_3000,2016,0
Allemagne,DEU,T_3000,2017,0
Allemagne,DEU,T_3000,2018,0
Allemagne,DEU,T_3000,2019,0
Allemagne,DEU,T_3000,2020,0
Allemagne,DEU,T_3000,2021,0
Allemagne,DEU,T_3000,2022,0
Allemagne,DEU,T_3000,2023,0
Allemagne,DEU,T_3000,2024,0
Allemagne,DEU,T_4000,1995,1.0026
Allemagne,DEU,T_4000,1996,1.079154
Allemagne,DEU,T_4000,1997,0.971106
Allemagne,DEU,T_4000,1998,0.840696
Allemagne,DEU,T_4000,1999,0.890042
Allemagne,DEU,T_4000,2000,0.821962
Allemagne,DEU,T_4000,2001,0.794797
Allemagne,DEU,T_4000,2002,0.78062
Allemagne,DEU,T_4000,2003,0.807833
Allemagne,DEU,T_4000,2004,0.827286
Allemagne,DEU,T_4000,2005,0.82693
Allemagne,DEU,T_4000,2006,0.837242
Allemagne,DEU,T_4000,2007,0.860429
Allemagne,DEU,T_4000,2008,0.822661
Allemagne,DEU,T_4000,2009,0.816008
Allemagne,DEU,T_4000,2010,0.8034
Allemagne,DEU,T_4000,2011,0.83836
Allemagne,DEU,T_4000,2012,0.877904
Allemagne,DEU,T_4000,2013,0.910664
Allemagne,DEU,T_4000,2014,0.943786
Allemagne,DEU,T_4000,2015,1.050816
Allemagne,DEU,T_4000,2016,1.066096
Allemagne,DEU,T_4000,2017,1.027869
Allemagne,DEU,T_4000,2018,1.057271
Allemagne,DEU,T_4000,2019,1.093496
Allemagne,DEU,T_4000,2020,1.229512
Allemagne,DEU,T_4000,2021,1.216265
Allemagne,DEU,T_4000,2022,1.083975
Allemagne,DEU,T_4000,2023,0.91496
Allemagne,DEU,T_4000,2024,0.924354
Allemagne,DEU,T_4100,1995,0.369866
Allemagne,DEU,T_4100,1996,0.389614
Allemagne,DEU,T_4100,1997,0.40294
Allemagne,DEU,T_4100,1998,0.410285
Allemagne,DEU,T_4100,1999,0.41573
Allemagne,DEU,T_4100,2000,0.415512
Allemagne,DEU,T_4100,2001,0.413385
Allemagne,DEU,T_4100,2002,0.416532
Allemagne,DEU,T_4100,2003,0.431005
Allemagne,DEU,T_4100,2004,0.433398
Allemagne,DEU,T_4100,2005,0.440597
Allemagne,DEU,T_4100,2006,0.428575
Allemagne,DEU,T_4100,2007,0.421443
Allemagne,DEU,T_4100,2008,0.417413
Allemagne,DEU,T_4100,2009,0.438538
Allemagne,DEU,T_4100,2010,0.432615
Allemagne,DEU,T_4100,2011,0.425023
Allemagne,DEU,T_4100,2012,0.429253
Allemagne,DEU,T_4100,2013,0.431784
Allemagne,DEU,T_4100,2014,0.425201
Allemagne,DEU,T_4100,2015,0.428049
Allemagne,DEU,T_4100,2016,0.427358
Allemagne,DEU,T_4100,2017,0.418978
Allemagne,DEU,T_4100,2018,0.413596
Allemagne,DEU,T_4100,2019,0.408195
Allemagne,DEU,T_4100,2020,0.425274
Allemagne,DEU,T_4100,2021,0.406942
Allemagne,DEU,T_4100,2022,0.383066
Allemagne,DEU,T_4100,2023,0.367216
Allemagne,DEU,T_4100,2024,0.371128
Allemagne,DEU,T_4200,1995,0.364538
Allemagne,DEU,T_4200,1996,0.403665
Allemagne,DEU,T_4200,1997,0.216194
Allemagne,DEU,T_4200,1998,0.02685
Allemagne,DEU,T_4200,1999,0.025845
Allemagne,DEU,T_4200,2000,0.020332
Allemagne,DEU,T_4200,2001,0.013254
Allemagne,DEU,T_4200,2002,0.010749
Allemagne,DEU,T_4200,2003,0.010264
Allemagne,DEU,T_4200,2004,0.003489
Allemagne,DEU,T_4200,2005,0.004171
Allemagne,DEU,T_4200,2006,0.001113
Allemagne,DEU,T_4200,2007,0.000197
Allemagne,DEU,T_4200,2008,-0.00027
Allemagne,DEU,T_4200,2009,0.000281
Allemagne,DEU,T_4200,2010,7.6E-05
Allemagne,DEU,T_4200,2011,0.027012
Allemagne,DEU,T_4200,2012,0.030901
Allemagne,DEU,T_4200,2013,0.02442
Allemagne,DEU,T_4200,2014,0.022986
Allemagne,DEU,T_4200,2015,0.054616
Allemagne,DEU,T_4200,2016,0.031109
Allemagne,DEU,T_4200,2017,0.031262
Allemagne,DEU,T_4200,2018,0.035148
Allemagne,DEU,T_4200,2019,0.041444
Allemagne,DEU,T_4200,2020,0.043962
Allemagne,DEU,T_4200,2021,0.046546
Allemagne,DEU,T_4200,2022,0.040457
Allemagne,DEU,T_4200,2023,0.038442
Allemagne,DEU,T_4200,2024,0.027905
Allemagne,DEU,T_4300,1995,0.095507
Allemagne,DEU,T_4300,1996,0.107478
Allemagne,DEU,T_4300,1997,0.10555
Allemagne,DEU,T_4300,1998,0.121609
Allemagne,DEU,T_4300,1999,0.147118
Allemagne,DEU,T_4300,2000,0.140022
Allemagne,DEU,T_4300,2001,0.139784
Allemagne,DEU,T_4300,2002,0.13583
Allemagne,DEU,T_4300,2003,0.150526
Allemagne,DEU,T_4300,2004,0.186783
Allemagne,DEU,T_4300,2005,0.176161
Allemagne,DEU,T_4300,2006,0.1551
Allemagne,DEU,T_4300,2007,0.165328
Allemagne,DEU,T_4300,2008,0.184298
Allemagne,DEU,T_4300,2009,0.18244
Allemagne,DEU,T_4300,2010,0.168434
Allemagne,DEU,T_4300,2011,0.154574
Allemagne,DEU,T_4300,2012,0.15379
Allemagne,DEU,T_4300,2013,0.161627
Allemagne,DEU,T_4300,2014,0.182679
Allemagne,DEU,T_4300,2015,0.203756
Allemagne,DEU,T_4300,2016,0.219297
Allemagne,DEU,T_4300,2017,0.183432
Allemagne,DEU,T_4300,2018,0.198426
Allemagne,DEU,T_4300,2019,0.197496
Allemagne,DEU,T_4300,2020,0.250875
Allemagne,DEU,T_4300,2021,0.265456
Allemagne,DEU,T_4300,2022,0.231263
Allemagne,DEU,T_4300,2023,0.220083
Allemagne,DEU,T_4300,2024,0.230794
Allemagne,DEU,T_4400,1995,0.172688
Allemagne,DEU,T_4400,1996,0.178396
Allemagne,DEU,T_4400,1997,0.246422
Allemagne,DEU,T_4400,1998,0.281951
Allemagne,DEU,T_4400,1999,0.301349
Allemagne,DEU,T_4400,2000,0.246096
Allemagne,DEU,T_4400,2001,0.228373
Allemagne,DEU,T_4400,2002,0.217509
Allemagne,DEU,T_4400,2003,0.216038
Allemagne,DEU,T_4400,2004,0.203616
Allemagne,DEU,T_4400,2005,0.206002
Allemagne,DEU,T_4400,2006,0.252454
Allemagne,DEU,T_4400,2007,0.273462
Allemagne,DEU,T_4400,2008,0.22122
Allemagne,DEU,T_4400,2009,0.19475
Allemagne,DEU,T_4400,2010,0.202274
Allemagne,DEU,T_4400,2011,0.231751
Allemagne,DEU,T_4400,2012,0.263961
Allemagne,DEU,T_4400,2013,0.292833
Allemagne,DEU,T_4400,2014,0.31292
Allemagne,DEU,T_4400,2015,0.364396
Allemagne,DEU,T_4400,2016,0.388331
Allemagne,DEU,T_4400,2017,0.394196
Allemagne,DEU,T_4400,2018,0.410101
Allemagne,DEU,T_4400,2019,0.44636
Allemagne,DEU,T_4400,2020,0.509401
Allemagne,DEU,T_4400,2021,0.49732
Allemagne,DEU,T_4400,2022,0.429188
Allemagne,DEU,T_4400,2023,0.289218
Allemagne,DEU,T_4400,2024,0.294527
Allemagne,DEU,T_5000,1995,10.13181
Allemagne,DEU,T_5000,1996,9.975595
Allemagne,DEU,T_5000,1997,9.836569
Allemagne,DEU,T_5000,1998,9.83071
Allemagne,DEU,T_5000,1999,10.209156
Allemagne,DEU,T_5000,2000,10.268587
Allemagne,DEU,T_5000,2001,10.131631
Allemagne,DEU,T_5000,2002,10.063777
Allemagne,DEU,T_5000,2003,10.178284
Allemagne,DEU,T_5000,2004,10.409893
Allemagne,DEU,T_5000,2005,10.423355
Allemagne,DEU,T_5000,2006,10.386369
Allemagne,DEU,T_5000,2007,10.854332
Allemagne,DEU,T_5000,2008,10.908592
Allemagne,DEU,T_5000,2009,11.479489
Allemagne,DEU,T_5000,2010,10.957954
Allemagne,DEU,T_5000,2011,11.167275
Allemagne,DEU,T_5000,2012,11.125647
Allemagne,DEU,T_5000,2013,11.185566
Allemagne,DEU,T_5000,2014,11.122578
Allemagne,DEU,T_5000,2015,11.099633
Allemagne,DEU,T_5000,2016,10.98945
Allemagne,DEU,T_5000,2017,10.684706
Allemagne,DEU,T_5000,2018,10.805497
Allemagne,DEU,T_5000,2019,10.801096
Allemagne,DEU,T_5000,2020,10.345261
Allemagne,DEU,T_5000,2021,10.765003
Allemagne,DEU,T_5000,2022,10.60899
Allemagne,DEU,T_5000,2023,9.957837
Allemagne,DEU,T_5000,2024,9.977755
Allemagne,DEU,T_5111,1995,6.313934
Allemagne,DEU,T_5111,1996,6.288761
Allemagne,DEU,T_5111,1997,6.261284
Allemagne,DEU,T_5111,1998,6.326052
Allemagne,DEU,T_5111,1999,6.60278
Allemagne,DEU,T_5111,2000,6.614718
Allemagne,DEU,T_5111,2001,6.328085
Allemagne,DEU,T_5111,2002,6.166478
Allemagne,DEU,T_5111,2003,6.139209
Allemagne,DEU,T_5111,2004,6.008356
Allemagne,DEU,T_5111,2005,6.02487
Allemagne,DEU,T_5111,2006,6.077744
Allemagne,DEU,T_5111,2007,6.702292
Allemagne,DEU,T_5111,2008,6.804517
Allemagne,DEU,T_5111,2009,7.138017
Allemagne,DEU,T_5111,2010,6.903061
Allemagne,DEU,T_5111,2011,6.9252
Allemagne,DEU,T_5111,2012,6.942964
Allemagne,DEU,T_5111,2013,6.883913
Allemagne,DEU,T_5111,2014,6.815314
Allemagne,DEU,T_5111,2015,6.865369
Allemagne,DEU,T_5111,2016,6.857139
Allemagne,DEU,T_5111,2017,6.807486
Allemagne,DEU,T_5111,2018,6.856347
Allemagne,DEU,T_5111,2019,6.910197
Allemagne,DEU,T_5111,2020,6.43002
Allemagne,DEU,T_5111,2021,7.078488
Allemagne,DEU,T_5111,2022,7.333251
Allemagne,DEU,T_5111,2023,6.915254
Allemagne,DEU,T_5111,2024,6.908895
Allemagne,DEU,_T,1995,36.210191
Allemagne,DEU,_T,1996,35.532792
Allemagne,DEU,_T,1997,35.241525
Allemagne,DEU,_T,1998,35.400057
Allemagne,DEU,_T,1999,35.943365
Allemagne,DEU,_T,2000,36.017252
Allemagne,DEU,_T,2001,34.758805
Allemagne,DEU,_T,2002,34.166847
Allemagne,DEU,_T,2003,34.291171
Allemagne,DEU,_T,2004,34.061159
Allemagne,DEU,_T,2005,34.091439
Allemagne,DEU,_T,2006,34.616434
Allemagne,DEU,_T,2007,35.097553
Allemagne,DEU,_T,2008,35.581165
Allemagne,DEU,_T,2009,36.402683
Allemagne,DEU,_T,2010,35.171532
Allemagne,DEU,_T,2011,35.878169
Allemagne,DEU,_T,2012,36.622274
Allemagne,DEU,_T,2013,36.950092
Allemagne,DEU,_T,2014,36.894759
Allemagne,DEU,_T,2015,37.302261
Allemagne,DEU,_T,2016,37.788878
Allemagne,DEU,_T,2017,37.76536
Allemagne,DEU,_T,2018,38.413526
Allemagne,DEU,_T,2019,38.624112
Allemagne,DEU,_T,2020,38.125753
Allemagne,DEU,_T,2021,39.053184
Allemagne,DEU,_T,2022,38.659845
Allemagne,DEU,_T,2023,37.294771
Allemagne,DEU,_T,2024,38.021492
Australie,AUS,T_1100,1995,11.456626
Australie,AUS,T_1100,1996,11.906263
Australie,AUS,T_1100,1997,12.012423
Australie,AUS,T_1100,1998,13.034913
Australie,AUS,T_1100,1999,13.203496
Australie,AUS,T_1100,2000,11.449093
Australie,AUS,T_1100,2001,11.879748
Australie,AUS,T_1100,2002,11.75035
Australie,AUS,T_1100,2003,11.864968
Australie,AUS,T_1100,2004,12.108822
Australie,AUS,T_1100,2005,11.828809
Australie,AUS,T_1100,2006,10.933929
Australie,AUS,T_1100,2007,10.815858
Australie,AUS,T_1100,2008,10.091166
Australie,AUS,T_1100,2009,9.556613
Australie,AUS,T_1100,2010,9.739666
Australie,AUS,T_1100,2011,10.187255
Australie,AUS,T_1100,2012,10.564826
Australie,AUS,T_1100,2013,10.62768
Australie,AUS,T_1100,2014,11.267458
Australie,AUS,T_1100,2015,11.563929
Australie,AUS,T_1100,2016,11.292262
Australie,AUS,T_1100,2017,11.533974
Australie,AUS,T_1100,2018,11.782045
Australie,AUS,T_1100,2019,11.645472
Australie,AUS,T_1100,2020,11.356003
Australie,AUS,T_1100,2021,11.387448
Australie,AUS,T_1100,2022,11.860821
Australie,AUS,T_1100,2023,12.72077
Australie,AUS,T_1200,1995,4.161492
Australie,AUS,T_1200,1996,4.339594
Australie,AUS,T_1200,1997,4.172324
Australie,AUS,T_1200,1998,4.268527
Australie,AUS,T_1200,1999,4.637431
Australie,AUS,T_1200,2000,6.140223
Australie,AUS,T_1200,2001,4.336589
Australie,AUS,T_1200,2002,4.940058
Australie,AUS,T_1200,2003,4.949253
Australie,AUS,T_1200,2004,5.452319
Australie,AUS,T_1200,2005,5.747985
Australie,AUS,T_1200,2006,6.268279
Australie,AUS,T_1200,2007,6.658619
Australie,AUS,T_1200,2008,5.657423
Australie,AUS,T_1200,2009,4.578164
Australie,AUS,T_1200,2010,4.513098
Australie,AUS,T_1200,2011,4.996009
Australie,AUS,T_1200,2012,4.971082
Australie,AUS,T_1200,2013,4.758314
Australie,AUS,T_1200,2014,4.431326
Australie,AUS,T_1200,2015,4.199554
Australie,AUS,T_1200,2016,4.492747
Australie,AUS,T_1200,2017,5.226582
Australie,AUS,T_1200,2018,5.412313
Australie,AUS,T_1200,2019,4.744298
Australie,AUS,T_1200,2020,5.320828
Australie,AUS,T_1200,2021,6.563108
Australie,AUS,T_1200,2022,6.389376
Australie,AUS,T_1200,2023,5.817221
Australie,AUS,T_2000,1995,0
Australie,AUS,T_2000,1996,0
Australie,AUS,T_2000,1997,0
Australie,AUS,T_2000,1998,0
Australie,AUS,T_2000,1999,0
Australie,AUS,T_2000,2000,0
Australie,AUS,T_2000,2001,0
Australie,AUS,T_2000,2002,0
Australie,AUS,T_2000,2003,0
Australie,AUS,T_2000,2004,0
Australie,AUS,T_2000,2005,0
Australie,AUS,T_2000,2006,0
Australie,AUS,T_2000,2007,0
Australie,AUS,T_2000,2008,0
Australie,AUS,T_2000,2009,0
Australie,AUS,T_2000,2010,0
Australie,AUS,T_2000,2011,0
Australie,AUS,T_2000,2012,0
Australie,AUS,T_2000,2013,0
Australie,AUS,T_2000,2014,0
Australie,AUS,T_2000,2015,0
Australie,AUS,T_2000,2016,0
Australie,AUS,T_2000,2017,0
Australie,AUS,T_2000,2018,0
Australie,AUS,T_2000,2019,0
Australie,AUS,T_2000,2020,0
Australie,AUS,T_2000,2021,0
Australie,AUS,T_2000,2022,0
Australie,AUS,T_2000,2023,0
Australie,AUS,T_3000,1995,1.925444
Australie,AUS,T_3000,1996,1.947491
Australie,AUS,T_3000,1997,1.913821
Australie,AUS,T_3000,1998,1.372934
Australie,AUS,T_3000,1999,1.365832
Australie,AUS,T_3000,2000,1.360473
Australie,AUS,T_3000,2001,1.299232
Australie,AUS,T_3000,2002,1.296339
Australie,AUS,T_3000,2003,1.29836
Australie,AUS,T_3000,2004,1.328556
Australie,AUS,T_3000,2005,1.346959
Australie,AUS,T_3000,2006,1.350752
Australie,AUS,T_3000,2007,1.390861
Australie,AUS,T_3000,2008,1.371766
Australie,AUS,T_3000,2009,1.326666
Australie,AUS,T_3000,2010,1.303575
Australie,AUS,T_3000,2011,1.353134
Australie,AUS,T_3000,2012,1.394159
Australie,AUS,T_3000,2013,1.388704
Australie,AUS,T_3000,2014,1.402321
Australie,AUS,T_3000,2015,1.408638
Australie,AUS,T_3000,2016,1.35402
Australie,AUS,T_3000,2017,1.385417
Australie,AUS,T_3000,2018,1.382568
Australie,AUS,T_3000,2019,1.296941
Australie,AUS,T_3000,2020,1.264873
Australie,AUS,T_3000,2021,1.261624
Australie,AUS,T_3000,2022,1.375222
Australie,AUS,T_3000,2023,1.523987
Australie,AUS,T_4000,1995,2.482187
Australie,AUS,T_4000,1996,2.593481
Australie,AUS,T_4000,1997,2.631356
Australie,AUS,T_4000,1998,2.641977
Australie,AUS,T_4000,1999,2.7377
Australie,AUS,T_4000,2000,2.66115
Australie,AUS,T_4000,2001,2.538711
Australie,AUS,T_4000,2002,2.666765
Australie,AUS,T_4000,2003,2.82297
Australie,AUS,T_4000,2004,2.622101
Australie,AUS,T_4000,2005,2.569066
Australie,AUS,T_4000,2006,2.690209
Australie,AUS,T_4000,2007,2.638965
Australie,AUS,T_4000,2008,2.212392
Australie,AUS,T_4000,2009,2.445485
Australie,AUS,T_4000,2010,2.361409
Australie,AUS,T_4000,2011,2.237766
Australie,AUS,T_4000,2012,2.342203
Australie,AUS,T_4000,2013,2.559129
Australie,AUS,T_4000,2014,2.786664
Australie,AUS,T_4000,2015,2.965654
Australie,AUS,T_4000,2016,2.962242
Australie,AUS,T_4000,2017,2.874088
Australie,AUS,T_4000,2018,2.727545
Australie,AUS,T_4000,2019,2.724076
Australie,AUS,T_4000,2020,2.853312
Australie,AUS,T_4000,2021,3.182255
Australie,AUS,T_4000,2022,2.722597
Australie,AUS,T_4000,2023,2.891737
Australie,AUS,T_4100,1995,1.318414
Australie,AUS,T_4100,1996,1.325932
Australie,AUS,T_4100,1997,1.313387
Australie,AUS,T_4100,1998,1.292202
Australie,AUS,T_4100,1999,1.274988
Australie,AUS,T_4100,2000,1.281734
Australie,AUS,T_4100,2001,1.259044
Australie,AUS,T_4100,2002,1.29609
Australie,AUS,T_4100,2003,1.328797
Australie,AUS,T_4100,2004,1.363674
Australie,AUS,T_4100,2005,1.329052
Australie,AUS,T_4100,2006,1.360026
Australie,AUS,T_4100,2007,1.323721
Australie,AUS,T_4100,2008,1.400542
Australie,AUS,T_4100,2009,1.432545
Australie,AUS,T_4100,2010,1.403324
Australie,AUS,T_4100,2011,1.383253
Australie,AUS,T_4100,2012,1.418488
Australie,AUS,T_4100,2013,1.475803
Australie,AUS,T_4100,2014,1.543071
Australie,AUS,T_4100,2015,1.607381
Australie,AUS,T_4100,2016,1.635418
Australie,AUS,T_4100,2017,1.645182
Australie,AUS,T_4100,2018,1.678924
Australie,AUS,T_4100,2019,1.70579
Australie,AUS,T_4100,2020,1.652921
Australie,AUS,T_4100,2021,1.567418
Australie,AUS,T_4100,2022,1.565329
Australie,AUS,T_4100,2023,1.691823
Australie,AUS,T_4200,1995,0
Australie,AUS,T_4200,1996,0
Australie,AUS,T_4200,1997,0
Australie,AUS,T_4200,1998,0
Australie,AUS,T_4200,1999,0
Australie,AUS,T_4200,2000,0
Australie,AUS,T_4200,2001,0
Australie,AUS,T_4200,2002,0
Australie,AUS,T_4200,2003,0
Australie,AUS,T_4200,2004,0
Australie,AUS,T_4200,2005,0
Australie,AUS,T_4200,2006,0
Australie,AUS,T_4200,2007,0
Australie,AUS,T_4200,2008,0
Australie,AUS,T_4200,2009,0
Australie,AUS,T_4200,2010,0
Australie,AUS,T_4200,2011,0
Australie,AUS,T_4200,2012,0
Australie,AUS,T_4200,2013,0
Australie,AUS,T_4200,2014,0
Australie,AUS,T_4200,2015,0
Australie,AUS,T_4200,2016,0
Australie,AUS,T_4200,2017,0
Australie,AUS,T_4200,2018,0
Australie,AUS,T_4200,2019,0
Australie,AUS,T_4200,2020,0
Australie,AUS,T_4200,2021,0
Australie,AUS,T_4200,2022,0
Australie,AUS,T_4200,2023,0
Australie,AUS,T_4300,1995,0
Australie,AUS,T_4300,1996,0
Australie,AUS,T_4300,1997,0
Australie,AUS,T_4300,1998,0
Australie,AUS,T_4300,1999,0
Australie,AUS,T_4300,2000,0
Australie,AUS,T_4300,2001,0
Australie,AUS,T_4300,2002,0
Australie,AUS,T_4300,2003,0
Australie,AUS,T_4300,2004,0
Australie,AUS,T_4300,2005,0
Australie,AUS,T_4300,2006,0
Australie,AUS,T_4300,2007,0
Australie,AUS,T_4300,2008,0
Australie,AUS,T_4300,2009,0
Australie,AUS,T_4300,2010,0
Australie,AUS,T_4300,2011,0
Australie,AUS,T_4300,2012,0
Australie,AUS,T_4300,2013,0
Australie,AUS,T_4300,2014,0
Australie,AUS,T_4300,2015,0
Australie,AUS,T_4300,2016,0
Australie,AUS,T_4300,2017,0
Australie,AUS,T_4300,2018,0
Australie,AUS,T_4300,2019,0
Australie,AUS,T_4300,2020,0
Australie,AUS,T_4300,2021,0
Australie,AUS,T_4300,2022,0
Australie,AUS,T_4300,2023,0
Australie,AUS,T_4400,1995,1.163773
Australie,AUS,T_4400,1996,1.267549
Australie,AUS,T_4400,1997,1.317969
Australie,AUS,T_4400,1998,1.349776
Australie,AUS,T_4400,1999,1.462712
Australie,AUS,T_4400,2000,1.379416
Australie,AUS,T_4400,2001,1.279667
Australie,AUS,T_4400,2002,1.370675
Australie,AUS,T_4400,2003,1.494173
Australie,AUS,T_4400,2004,1.258427
Australie,AUS,T_4400,2005,1.240015
Australie,AUS,T_4400,2006,1.330183
Australie,AUS,T_4400,2007,1.315244
Australie,AUS,T_4400,2008,0.81185
Australie,AUS,T_4400,2009,1.01294
Australie,AUS,T_4400,2010,0.958084
Australie,AUS,T_4400,2011,0.854513
Australie,AUS,T_4400,2012,0.923715
Australie,AUS,T_4400,2013,1.083327
Australie,AUS,T_4400,2014,1.243594
Australie,AUS,T_4400,2015,1.358273
Australie,AUS,T_4400,2016,1.326825
Australie,AUS,T_4400,2017,1.228906
Australie,AUS,T_4400,2018,1.048621
Australie,AUS,T_4400,2019,1.018286
Australie,AUS,T_4400,2020,1.20039
Australie,AUS,T_4400,2021,1.614836
Australie,AUS,T_4400,2022,1.157268
Australie,AUS,T_4400,2023,1.199915
Australie,AUS,T_5000,1995,8.185546
Australie,AUS,T_5000,1996,8.065353
Australie,AUS,T_5000,1997,7.880151
Australie,AUS,T_5000,1998,8.034647
Australie,AUS,T_5000,1999,7.835388
Australie,AUS,T_5000,2000,8.74709
Australie,AUS,T_5000,2001,8.788851
Australie,AUS,T_5000,2002,9.0669
Australie,AUS,T_5000,2003,8.880904
Australie,AUS,T_5000,2004,8.605843
Australie,AUS,T_5000,2005,8.322354
Australie,AUS,T_5000,2006,8.02141
Australie,AUS,T_5000,2007,7.892397
Australie,AUS,T_5000,2008,7.390046
Australie,AUS,T_5000,2009,7.489102
Australie,AUS,T_5000,2010,7.230783
Australie,AUS,T_5000,2011,7.002088
Australie,AUS,T_5000,2012,7.534065
Australie,AUS,T_5000,2013,7.62743
Australie,AUS,T_5000,2014,7.271679
Australie,AUS,T_5000,2015,7.651905
Australie,AUS,T_5000,2016,7.436556
Australie,AUS,T_5000,2017,7.535538
Australie,AUS,T_5000,2018,7.306712
Australie,AUS,T_5000,2019,7.287061
Australie,AUS,T_5000,2020,7.497716
Australie,AUS,T_5000,2021,6.807665
Australie,AUS,T_5000,2022,6.964836
Australie,AUS,T_5000,2023,6.913539
Australie,AUS,T_5111,1995,0
Australie,AUS,T_5111,1996,0
Australie,AUS,T_5111,1997,0
Australie,AUS,T_5111,1998,0
Australie,AUS,T_5111,1999,0
Australie,AUS,T_5111,2000,3.372062
Australie,AUS,T_5111,2001,3.620743
Australie,AUS,T_5111,2002,3.892005
Australie,AUS,T_5111,2003,3.908389
Australie,AUS,T_5111,2004,3.799918
Australie,AUS,T_5111,2005,3.848397
Australie,AUS,T_5111,2006,3.726184
Australie,AUS,T_5111,2007,3.69896
Australie,AUS,T_5111,2008,3.304002
Australie,AUS,T_5111,2009,3.496223
Australie,AUS,T_5111,2010,3.306875
Australie,AUS,T_5111,2011,3.166975
Australie,AUS,T_5111,2012,3.189158
Australie,AUS,T_5111,2013,3.339455
Australie,AUS,T_5111,2014,3.420406
Australie,AUS,T_5111,2015,3.569365
Australie,AUS,T_5111,2016,3.499265
Australie,AUS,T_5111,2017,3.477765
Australie,AUS,T_5111,2018,3.345471
Australie,AUS,T_5111,2019,3.232033
Australie,AUS,T_5111,2020,3.514058
Australie,AUS,T_5111,2021,3.242675
Australie,AUS,T_5111,2022,3.360218
Australie,AUS,T_5111,2023,3.316713
Australie,AUS,_T,1995,28.211294
Australie,AUS,_T,1996,28.852182
Australie,AUS,_T,1997,28.610074
Australie,AUS,_T,1998,29.352999
Australie,AUS,_T,1999,29.779846
Australie,AUS,_T,2000,30.358029
Australie,AUS,_T,2001,28.843131
Australie,AUS,_T,2002,29.720411
Australie,AUS,_T,2003,29.816454
Australie,AUS,_T,2004,30.117641
Australie,AUS,_T,2005,29.815173
Australie,AUS,_T,2006,29.264579
Australie,AUS,_T,2007,29.3967
Australie,AUS,_T,2008,26.722793
Australie,AUS,_T,2009,25.39603
Australie,AUS,_T,2010,25.148531
Australie,AUS,_T,2011,25.776251
Australie,AUS,_T,2012,26.806334
Australie,AUS,_T,2013,26.961257
Australie,AUS,_T,2014,27.159449
Australie,AUS,_T,2015,27.78968
Australie,AUS,_T,2016,27.537827
Australie,AUS,_T,2017,28.5556
Australie,AUS,_T,2018,28.611183
Australie,AUS,_T,2019,27.697848
Australie,AUS,_T,2020,28.292731
Australie,AUS,_T,2021,29.2021
Australie,AUS,_T,2022,29.312852
Australie,AUS,_T,2023,29.867254
Autriche,AUT,T_1100,1995,8.494557
Autriche,AUT,T_1100,1996,8.969459
Autriche,AUT,T_1100,1997,9.479897
Autriche,AUT,T_1100,1998,9.57662
Autriche,AUT,T_1100,1999,9.65103
Autriche,AUT,T_1100,2000,9.258604
Autriche,AUT,T_1100,2001,9.876398
Autriche,AUT,T_1100,2002,9.610169
Autriche,AUT,T_1100,2003,9.576048
Autriche,AUT,T_1100,2004,9.347224
Autriche,AUT,T_1100,2005,8.905535
Autriche,AUT,T_1100,2006,8.908931
Autriche,AUT,T_1100,2007,9.016917
Autriche,AUT,T_1100,2008,9.48702
Autriche,AUT,T_1100,2009,9.021331
Autriche,AUT,T_1100,2010,9.08765
Autriche,AUT,T_1100,2011,9.139085
Autriche,AUT,T_1100,2012,9.435054
Autriche,AUT,T_1100,2013,9.676445
Autriche,AUT,T_1100,2014,10.001224
Autriche,AUT,T_1100,2015,10.356287
Autriche,AUT,T_1100,2016,8.9431
Autriche,AUT,T_1100,2017,9.00361
Autriche,AUT,T_1100,2018,9.319806
Autriche,AUT,T_1100,2019,9.550827
Autriche,AUT,T_1100,2020,9.217134
Autriche,AUT,T_1100,2021,9.570754
Autriche,AUT,T_1100,2022,9.448183
Autriche,AUT,T_1100,2023,9.217287
Autriche,AUT,T_1100,2024,9.514363
Autriche,AUT,T_1200,1995,1.353513
Autriche,AUT,T_1200,1996,1.853274
Autriche,AUT,T_1200,1997,1.963052
Autriche,AUT,T_1200,1998,2.090716
Autriche,AUT,T_1200,1999,1.740065
Autriche,AUT,T_1200,2000,1.957188
Autriche,AUT,T_1200,2001,2.971669
Autriche,AUT,T_1200,2002,2.146287
Autriche,AUT,T_1200,2003,2.102733
Autriche,AUT,T_1200,2004,2.193998
Autriche,AUT,T_1200,2005,2.158073
Autriche,AUT,T_1200,2006,2.11521
Autriche,AUT,T_1200,2007,2.346485
Autriche,AUT,T_1200,2008,2.382584
Autriche,AUT,T_1200,2009,1.635785
Autriche,AUT,T_1200,2010,1.87678
Autriche,AUT,T_1200,2011,2.00543
Autriche,AUT,T_1200,2012,2.014939
Autriche,AUT,T_1200,2013,2.167962
Autriche,AUT,T_1200,2014,2.123837
Autriche,AUT,T_1200,2015,2.239007
Autriche,AUT,T_1200,2016,2.358318
Autriche,AUT,T_1200,2017,2.483323
Autriche,AUT,T_1200,2018,2.724224
Autriche,AUT,T_1200,2019,2.728125
Autriche,AUT,T_1200,2020,2.151486
Autriche,AUT,T_1200,2021,2.749086
Autriche,AUT,T_1200,2022,3.413221
Autriche,AUT,T_1200,2023,3.267579
Autriche,AUT,T_1200,2024,3.008268
Autriche,AUT,T_2000,1995,14.875318
Autriche,AUT,T_2000,1996,14.934025
Autriche,AUT,T_2000,1997,14.865182
Autriche,AUT,T_2000,1998,14.797391
Autriche,AUT,T_2000,1999,14.729825
Autriche,AUT,T_2000,2000,14.469453
Autriche,AUT,T_2000,2001,14.420396
Autriche,AUT,T_2000,2002,14.268151
Autriche,AUT,T_2000,2003,14.283265
Autriche,AUT,T_2000,2004,14.232196
Autriche,AUT,T_2000,2005,14.100757
Autriche,AUT,T_2000,2006,13.953806
Autriche,AUT,T_2000,2007,13.728897
Autriche,AUT,T_2000,2008,13.872726
Autriche,AUT,T_2000,2009,14.310487
Autriche,AUT,T_2000,2010,14.203058
Autriche,AUT,T_2000,2011,14.178939
Autriche,AUT,T_2000,2012,14.3093
Autriche,AUT,T_2000,2013,14.70797
Autriche,AUT,T_2000,2014,14.771463
Autriche,AUT,T_2000,2015,14.727373
Autriche,AUT,T_2000,2016,14.694173
Autriche,AUT,T_2000,2017,14.801774
Autriche,AUT,T_2000,2018,14.909646
Autriche,AUT,T_2000,2019,15.053973
Autriche,AUT,T_2000,2020,15.659256
Autriche,AUT,T_2000,2021,15.466298
Autriche,AUT,T_2000,2022,14.784463
Autriche,AUT,T_2000,2023,14.93698
Autriche,AUT,T_2000,2024,15.606697
Autriche,AUT,T_3000,1995,2.852103
Autriche,AUT,T_3000,1996,2.818895
Autriche,AUT,T_3000,1997,2.802598
Autriche,AUT,T_3000,1998,2.781636
Autriche,AUT,T_3000,1999,2.768277
Autriche,AUT,T_3000,2000,2.724843
Autriche,AUT,T_3000,2001,2.734213
Autriche,AUT,T_3000,2002,2.726557
Autriche,AUT,T_3000,2003,2.714654
Autriche,AUT,T_3000,2004,2.651913
Autriche,AUT,T_3000,2005,2.605152
Autriche,AUT,T_3000,2006,2.581744
Autriche,AUT,T_3000,2007,2.574647
Autriche,AUT,T_3000,2008,2.714462
Autriche,AUT,T_3000,2009,2.844564
Autriche,AUT,T_3000,2010,2.842625
Autriche,AUT,T_3000,2011,2.841218
Autriche,AUT,T_3000,2012,2.892223
Autriche,AUT,T_3000,2013,2.954382
Autriche,AUT,T_3000,2014,2.962414
Autriche,AUT,T_3000,2015,2.93509
Autriche,AUT,T_3000,2016,2.924271
Autriche,AUT,T_3000,2017,2.789247
Autriche,AUT,T_3000,2018,2.717905
Autriche,AUT,T_3000,2019,2.723092
Autriche,AUT,T_3000,2020,2.747035
Autriche,AUT,T_3000,2021,2.793502
Autriche,AUT,T_3000,2022,2.699371
Autriche,AUT,T_3000,2023,2.687094
Autriche,AUT,T_3000,2024,2.771842
Autriche,AUT,T_4000,1995,0.614546
Autriche,AUT,T_4000,1996,0.609851
Autriche,AUT,T_4000,1997,0.579153
Autriche,AUT,T_4000,1998,0.574909
Autriche,AUT,T_4000,1999,0.57475
Autriche,AUT,T_4000,2000,0.567977
Autriche,AUT,T_4000,2001,0.573453
Autriche,AUT,T_4000,2002,0.535729
Autriche,AUT,T_4000,2003,0.547794
Autriche,AUT,T_4000,2004,0.544251
Autriche,AUT,T_4000,2005,0.545064
Autriche,AUT,T_4000,2006,0.567668
Autriche,AUT,T_4000,2007,0.557002
Autriche,AUT,T_4000,2008,0.525718
Autriche,AUT,T_4000,2009,0.527844
Autriche,AUT,T_4000,2010,0.528781
Autriche,AUT,T_4000,2011,0.511338
Autriche,AUT,T_4000,2012,0.557584
Autriche,AUT,T_4000,2013,0.728766
Autriche,AUT,T_4000,2014,0.6027
Autriche,AUT,T_4000,2015,0.574452
Autriche,AUT,T_4000,2016,0.54899
Autriche,AUT,T_4000,2017,0.528845
Autriche,AUT,T_4000,2018,0.548054
Autriche,AUT,T_4000,2019,0.54528
Autriche,AUT,T_4000,2020,0.577252
Autriche,AUT,T_4000,2021,0.629763
Autriche,AUT,T_4000,2022,0.585958
Autriche,AUT,T_4000,2023,0.459807
Autriche,AUT,T_4000,2024,0.425136
Autriche,AUT,T_4100,1995,0.260326
Autriche,AUT,T_4100,1996,0.259962
Autriche,AUT,T_4100,1997,0.257632
Autriche,AUT,T_4100,1998,0.254303
Autriche,AUT,T_4100,1999,0.253525
Autriche,AUT,T_4100,2000,0.24781
Autriche,AUT,T_4100,2001,0.248249
Autriche,AUT,T_4100,2002,0.246946
Autriche,AUT,T_4100,2003,0.250481
Autriche,AUT,T_4100,2004,0.244913
Autriche,AUT,T_4100,2005,0.240393
Autriche,AUT,T_4100,2006,0.23075
Autriche,AUT,T_4100,2007,0.221806
Autriche,AUT,T_4100,2008,0.223079
Autriche,AUT,T_4100,2009,0.233111
Autriche,AUT,T_4100,2010,0.231913
Autriche,AUT,T_4100,2011,0.225038
Autriche,AUT,T_4100,2012,0.223911
Autriche,AUT,T_4100,2013,0.229078
Autriche,AUT,T_4100,2014,0.226762
Autriche,AUT,T_4100,2015,0.222535
Autriche,AUT,T_4100,2016,0.216828
Autriche,AUT,T_4100,2017,0.219214
Autriche,AUT,T_4100,2018,0.210527
Autriche,AUT,T_4100,2019,0.209506
Autriche,AUT,T_4100,2020,0.226516
Autriche,AUT,T_4100,2021,0.218778
Autriche,AUT,T_4100,2022,0.199484
Autriche,AUT,T_4100,2023,0.194429
Autriche,AUT,T_4100,2024,0.193197
Autriche,AUT,T_4200,1995,0.033168
Autriche,AUT,T_4200,1996,0.022794
Autriche,AUT,T_4200,1997,0.011949
Autriche,AUT,T_4200,1998,0.003276
Autriche,AUT,T_4200,1999,0.003469
Autriche,AUT,T_4200,2000,0.000565
Autriche,AUT,T_4200,2001,0
Autriche,AUT,T_4200,2002,0
Autriche,AUT,T_4200,2003,0
Autriche,AUT,T_4200,2004,0
Autriche,AUT,T_4200,2005,0
Autriche,AUT,T_4200,2006,0
Autriche,AUT,T_4200,2007,0
Autriche,AUT,T_4200,2008,0
Autriche,AUT,T_4200,2009,0
Autriche,AUT,T_4200,2010,0
Autriche,AUT,T_4200,2011,0
Autriche,AUT,T_4200,2012,0
Autriche,AUT,T_4200,2013,0
Autriche,AUT,T_4200,2014,0
Autriche,AUT,T_4200,2015,0
Autriche,AUT,T_4200,2016,0
Autriche,AUT,T_4200,2017,0
Autriche,AUT,T_4200,2018,0
Autriche,AUT,T_4200,2019,0
Autriche,AUT,T_4200,2020,0
Autriche,AUT,T_4200,2021,0
Autriche,AUT,T_4200,2022,0
Autriche,AUT,T_4200,2023,0
Autriche,AUT,T_4200,2024,0
Autriche,AUT,T_4300,1995,0.046622
Autriche,AUT,T_4300,1996,0.049278
Autriche,AUT,T_4300,1997,0.048139
Autriche,AUT,T_4300,1998,0.053503
Autriche,AUT,T_4300,1999,0.058887
Autriche,AUT,T_4300,2000,0.052344
Autriche,AUT,T_4300,2001,0.075563
Autriche,AUT,T_4300,2002,0.065789
Autriche,AUT,T_4300,2003,0.068107
Autriche,AUT,T_4300,2004,0.064179
Autriche,AUT,T_4300,2005,0.055341
Autriche,AUT,T_4300,2006,0.049593
Autriche,AUT,T_4300,2007,0.054985
Autriche,AUT,T_4300,2008,0.046709
Autriche,AUT,T_4300,2009,0.04053
Autriche,AUT,T_4300,2010,0.011951
Autriche,AUT,T_4300,2011,0.010705
Autriche,AUT,T_4300,2012,0.006673
Autriche,AUT,T_4300,2013,0.006036
Autriche,AUT,T_4300,2014,0.00124
Autriche,AUT,T_4300,2015,0.003435
Autriche,AUT,T_4300,2016,0.000691
Autriche,AUT,T_4300,2017,0.000144
Autriche,AUT,T_4300,2018,0.002269
Autriche,AUT,T_4300,2019,0
Autriche,AUT,T_4300,2020,0
Autriche,AUT,T_4300,2021,0
Autriche,AUT,T_4300,2022,0
Autriche,AUT,T_4300,2023,0
Autriche,AUT,T_4300,2024,0
Autriche,AUT,T_4400,1995,0.27443
Autriche,AUT,T_4400,1996,0.277818
Autriche,AUT,T_4400,1997,0.261432
Autriche,AUT,T_4400,1998,0.263827
Autriche,AUT,T_4400,1999,0.258869
Autriche,AUT,T_4400,2000,0.267258
Autriche,AUT,T_4400,2001,0.249641
Autriche,AUT,T_4400,2002,0.222994
Autriche,AUT,T_4400,2003,0.229207
Autriche,AUT,T_4400,2004,0.235159
Autriche,AUT,T_4400,2005,0.24933
Autriche,AUT,T_4400,2006,0.287325
Autriche,AUT,T_4400,2007,0.280211
Autriche,AUT,T_4400,2008,0.253754
Autriche,AUT,T_4400,2009,0.249398
Autriche,AUT,T_4400,2010,0.281619
Autriche,AUT,T_4400,2011,0.269807
Autriche,AUT,T_4400,2012,0.32367
Autriche,AUT,T_4400,2013,0.267028
Autriche,AUT,T_4400,2014,0.286368
Autriche,AUT,T_4400,2015,0.326254
Autriche,AUT,T_4400,2016,0.31674
Autriche,AUT,T_4400,2017,0.302203
Autriche,AUT,T_4400,2018,0.315752
Autriche,AUT,T_4400,2019,0.333028
Autriche,AUT,T_4400,2020,0.347087
Autriche,AUT,T_4400,2021,0.407794
Autriche,AUT,T_4400,2022,0.376944
Autriche,AUT,T_4400,2023,0.246406
Autriche,AUT,T_4400,2024,0.225878
Autriche,AUT,T_5000,1995,12.035344
Autriche,AUT,T_5000,1996,12.442803
Autriche,AUT,T_5000,1997,12.717544
Autriche,AUT,T_5000,1998,12.659321
Autriche,AUT,T_5000,1999,12.748255
Autriche,AUT,T_5000,2000,12.478251
Autriche,AUT,T_5000,2001,12.436732
Autriche,AUT,T_5000,2002,12.611483
Autriche,AUT,T_5000,2003,12.477259
Autriche,AUT,T_5000,2004,12.358389
Autriche,AUT,T_5000,2005,12.094276
Autriche,AUT,T_5000,2006,11.696038
Autriche,AUT,T_5000,2007,11.627861
Autriche,AUT,T_5000,2008,11.60648
Autriche,AUT,T_5000,2009,11.903124
Autriche,AUT,T_5000,2010,11.874525
Autriche,AUT,T_5000,2011,12.026454
Autriche,AUT,T_5000,2012,12.199446
Autriche,AUT,T_5000,2013,12.206114
Autriche,AUT,T_5000,2014,12.214327
Autriche,AUT,T_5000,2015,12.24754
Autriche,AUT,T_5000,2016,12.267898
Autriche,AUT,T_5000,2017,12.217613
Autriche,AUT,T_5000,2018,11.972878
Autriche,AUT,T_5000,2019,11.918093
Autriche,AUT,T_5000,2020,11.654065
Autriche,AUT,T_5000,2021,11.824698
Autriche,AUT,T_5000,2022,11.555464
Autriche,AUT,T_5000,2023,11.607489
Autriche,AUT,T_5000,2024,11.412553
Autriche,AUT,T_5111,1995,7.637718
Autriche,AUT,T_5111,1996,8.08221
Autriche,AUT,T_5111,1997,8.149872
Autriche,AUT,T_5111,1998,8.058651
Autriche,AUT,T_5111,1999,8.234532
Autriche,AUT,T_5111,2000,7.935651
Autriche,AUT,T_5111,2001,7.869557
Autriche,AUT,T_5111,2002,7.984712
Autriche,AUT,T_5111,2003,7.765872
Autriche,AUT,T_5111,2004,7.726486
Autriche,AUT,T_5111,2005,7.695875
Autriche,AUT,T_5111,2006,7.411744
Autriche,AUT,T_5111,2007,7.420349
Autriche,AUT,T_5111,2008,7.50633
Autriche,AUT,T_5111,2009,7.747356
Autriche,AUT,T_5111,2010,7.723318
Autriche,AUT,T_5111,2011,7.607673
Autriche,AUT,T_5111,2012,7.752692
Autriche,AUT,T_5111,2013,7.758509
Autriche,AUT,T_5111,2014,7.696783
Autriche,AUT,T_5111,2015,7.682825
Autriche,AUT,T_5111,2016,7.677865
Autriche,AUT,T_5111,2017,7.708232
Autriche,AUT,T_5111,2018,7.651621
Autriche,AUT,T_5111,2019,7.688908
Autriche,AUT,T_5111,2020,7.422957
Autriche,AUT,T_5111,2021,7.578006
Autriche,AUT,T_5111,2022,7.91738
Autriche,AUT,T_5111,2023,7.943128
Autriche,AUT,T_5111,2024,7.941975
Autriche,AUT,_T,1995,41.422767
Autriche,AUT,_T,1996,42.872767
Autriche,AUT,_T,1997,43.652031
Autriche,AUT,_T,1998,43.671544
Autriche,AUT,_T,1999,43.234506
Autriche,AUT,_T,2000,42.509159
Autriche,AUT,_T,2001,44.10919
Autriche,AUT,_T,2002,43.012704
Autriche,AUT,_T,2003,42.665445
Autriche,AUT,_T,2004,42.24244
Autriche,AUT,_T,2005,41.252477
Autriche,AUT,_T,2006,40.661238
Autriche,AUT,_T,2007,40.845705
Autriche,AUT,_T,2008,41.662467
Autriche,AUT,_T,2009,41.250006
Autriche,AUT,_T,2010,41.270391
Autriche,AUT,_T,2011,41.437329
Autriche,AUT,_T,2012,42.132397
Autriche,AUT,_T,2013,43.138912
Autriche,AUT,_T,2014,43.295091
Autriche,AUT,_T,2015,43.653238
Autriche,AUT,_T,2016,42.248632
Autriche,AUT,_T,2017,42.313458
Autriche,AUT,_T,2018,42.66359
Autriche,AUT,_T,2019,42.912265
Autriche,AUT,_T,2020,42.377053
Autriche,AUT,_T,2021,43.515278
Autriche,AUT,_T,2022,42.952661
Autriche,AUT,_T,2023,42.610018
Autriche,AUT,_T,2024,43.374411
Belgique,BEL,T_1100,1995,13.996734
Belgique,BEL,T_1100,1996,13.694011
Belgique,BEL,T_1100,1997,13.927038
Belgique,BEL,T_1100,1998,13.945306
Belgique,BEL,T_1100,1999,13.585088
Belgique,BEL,T_1100,2000,13.760276
Belgique,BEL,T_1100,2001,14.00969
Belgique,BEL,T_1100,2002,13.997063
Belgique,BEL,T_1100,2003,13.652657
Belgique,BEL,T_1100,2004,13.461067
Belgique,BEL,T_1100,2005,12.588763
Belgique,BEL,T_1100,2006,12.094085
Belgique,BEL,T_1100,2007,11.922191
Belgique,BEL,T_1100,2008,12.390634
Belgique,BEL,T_1100,2009,12.077246
Belgique,BEL,T_1100,2010,12.101038
Belgique,BEL,T_1100,2011,12.164293
Belgique,BEL,T_1100,2012,12.283298
Belgique,BEL,T_1100,2013,12.789816
Belgique,BEL,T_1100,2014,12.822209
Belgique,BEL,T_1100,2015,12.472626
Belgique,BEL,T_1100,2016,12.00832
Belgique,BEL,T_1100,2017,11.958556
Belgique,BEL,T_1100,2018,11.833421
Belgique,BEL,T_1100,2019,11.263067
Belgique,BEL,T_1100,2020,11.664085
Belgique,BEL,T_1100,2021,11.301377
Belgique,BEL,T_1100,2022,11.736645
Belgique,BEL,T_1100,2023,11.685086
Belgique,BEL,T_1100,2024,12.030967
Belgique,BEL,T_1200,1995,2.312234
Belgique,BEL,T_1200,1996,2.615603
Belgique,BEL,T_1200,1997,2.78356
Belgique,BEL,T_1200,1998,3.324251
Belgique,BEL,T_1200,1999,3.165398
Belgique,BEL,T_1200,2000,3.145921
Belgique,BEL,T_1200,2001,3.073185
Belgique,BEL,T_1200,2002,2.979039
Belgique,BEL,T_1200,2003,2.812445
Belgique,BEL,T_1200,2004,3.027393
Belgique,BEL,T_1200,2005,3.164423
Belgique,BEL,T_1200,2006,3.494064
Belgique,BEL,T_1200,2007,3.419108
Belgique,BEL,T_1200,2008,3.295018
Belgique,BEL,T_1200,2009,2.331546
Belgique,BEL,T_1200,2010,2.546123
Belgique,BEL,T_1200,2011,2.817196
Belgique,BEL,T_1200,2012,2.996302
Belgique,BEL,T_1200,2013,3.089583
Belgique,BEL,T_1200,2014,3.10711
Belgique,BEL,T_1200,2015,3.283406
Belgique,BEL,T_1200,2016,3.416108
Belgique,BEL,T_1200,2017,4.080831
Belgique,BEL,T_1200,2018,4.306606
Belgique,BEL,T_1200,2019,3.697609
Belgique,BEL,T_1200,2020,3.234754
Belgique,BEL,T_1200,2021,3.758365
Belgique,BEL,T_1200,2022,3.846212
Belgique,BEL,T_1200,2023,3.902045
Belgique,BEL,T_1200,2024,4.40334
Belgique,BEL,T_2000,1995,14.038352
Belgique,BEL,T_2000,1996,14.105795
Belgique,BEL,T_2000,1997,13.927261
Belgique,BEL,T_2000,1998,13.979137
Belgique,BEL,T_2000,1999,13.919332
Belgique,BEL,T_2000,2000,13.508264
Belgique,BEL,T_2000,2001,13.686237
Belgique,BEL,T_2000,2002,13.907916
Belgique,BEL,T_2000,2003,13.80376
Belgique,BEL,T_2000,2004,13.503248
Belgique,BEL,T_2000,2005,13.300774
Belgique,BEL,T_2000,2006,13.26311
Belgique,BEL,T_2000,2007,13.351128
Belgique,BEL,T_2000,2008,13.788671
Belgique,BEL,T_2000,2009,14.22716
Belgique,BEL,T_2000,2010,13.906664
Belgique,BEL,T_2000,2011,13.978203
Belgique,BEL,T_2000,2012,14.196635
Belgique,BEL,T_2000,2013,14.275234
Belgique,BEL,T_2000,2014,14.095723
Belgique,BEL,T_2000,2015,14.119431
Belgique,BEL,T_2000,2016,13.531984
Belgique,BEL,T_2000,2017,13.460246
Belgique,BEL,T_2000,2018,13.282087
Belgique,BEL,T_2000,2019,13.164432
Belgique,BEL,T_2000,2020,13.411597
Belgique,BEL,T_2000,2021,12.949345
Belgique,BEL,T_2000,2022,12.600422
Belgique,BEL,T_2000,2023,12.914131
Belgique,BEL,T_2000,2024,13.121549
Belgique,BEL,T_3000,1995,0
Belgique,BEL,T_3000,1996,0
Belgique,BEL,T_3000,1997,0
Belgique,BEL,T_3000,1998,0
Belgique,BEL,T_3000,1999,0
Belgique,BEL,T_3000,2000,0
Belgique,BEL,T_3000,2001,0
Belgique,BEL,T_3000,2002,0
Belgique,BEL,T_3000,2003,0
Belgique,BEL,T_3000,2004,0
Belgique,BEL,T_3000,2005,0.001516
Belgique,BEL,T_3000,2006,0.001907
Belgique,BEL,T_3000,2007,0.001601
Belgique,BEL,T_3000,2008,0.001649
Belgique,BEL,T_3000,2009,0.001697
Belgique,BEL,T_3000,2010,0.001927
Belgique,BEL,T_3000,2011,0.002244
Belgique,BEL,T_3000,2012,0.002011
Belgique,BEL,T_3000,2013,0.002002
Belgique,BEL,T_3000,2014,0.001951
Belgique,BEL,T_3000,2015,0.001997
Belgique,BEL,T_3000,2016,0.001937
Belgique,BEL,T_3000,2017,0.001804
Belgique,BEL,T_3000,2018,0.001567
Belgique,BEL,T_3000,2019,0.001877
Belgique,BEL,T_3000,2020,0.001035
Belgique,BEL,T_3000,2021,0.001028
Belgique,BEL,T_3000,2022,0.000922
Belgique,BEL,T_3000,2023,0.000923
Belgique,BEL,T_3000,2024,0.000928
Belgique,BEL,T_4000,1995,1.636284
Belgique,BEL,T_4000,1996,1.781162
Belgique,BEL,T_4000,1997,1.92328
Belgique,BEL,T_4000,1998,2.073735
Belgique,BEL,T_4000,1999,2.061966
Belgique,BEL,T_4000,2000,2.060174
Belgique,BEL,T_4000,2001,1.983166
Belgique,BEL,T_4000,2002,1.971888
Belgique,BEL,T_4000,2003,2.044415
Belgique,BEL,T_4000,2004,2.280745
Belgique,BEL,T_4000,2005,3.022504
Belgique,BEL,T_4000,2006,3.143458
Belgique,BEL,T_4000,2007,3.070378
Belgique,BEL,T_4000,2008,3.06016
Belgique,BEL,T_4000,2009,2.947044
Belgique,BEL,T_4000,2010,3.097656
Belgique,BEL,T_4000,2011,3.152091
Belgique,BEL,T_4000,2012,3.259464
Belgique,BEL,T_4000,2013,3.498386
Belgique,BEL,T_4000,2014,3.520264
Belgique,BEL,T_4000,2015,3.467288
Belgique,BEL,T_4000,2016,3.487526
Belgique,BEL,T_4000,2017,3.471392
Belgique,BEL,T_4000,2018,3.445524
Belgique,BEL,T_4000,2019,3.412384
Belgique,BEL,T_4000,2020,3.367347
Belgique,BEL,T_4000,2021,3.557316
Belgique,BEL,T_4000,2022,3.198645
Belgique,BEL,T_4000,2023,3.088698
Belgique,BEL,T_4000,2024,3.186517
Belgique,BEL,T_4100,1995,0.438503
Belgique,BEL,T_4100,1996,0.485517
Belgique,BEL,T_4100,1997,0.491429
Belgique,BEL,T_4100,1998,0.484473
Belgique,BEL,T_4100,1999,0.463378
Belgique,BEL,T_4100,2000,0.454176
Belgique,BEL,T_4100,2001,0.442204
Belgique,BEL,T_4100,2002,0.47128
Belgique,BEL,T_4100,2003,0.481828
Belgique,BEL,T_4100,2004,0.458932
Belgique,BEL,T_4100,2005,1.235882
Belgique,BEL,T_4100,2006,1.233948
Belgique,BEL,T_4100,2007,1.20654
Belgique,BEL,T_4100,2008,1.229761
Belgique,BEL,T_4100,2009,1.276806
Belgique,BEL,T_4100,2010,1.275182
Belgique,BEL,T_4100,2011,1.281653
Belgique,BEL,T_4100,2012,1.262789
Belgique,BEL,T_4100,2013,1.314416
Belgique,BEL,T_4100,2014,1.319346
Belgique,BEL,T_4100,2015,1.307365
Belgique,BEL,T_4100,2016,1.315177
Belgique,BEL,T_4100,2017,1.297746
Belgique,BEL,T_4100,2018,1.237302
Belgique,BEL,T_4100,2019,1.282066
Belgique,BEL,T_4100,2020,1.306434
Belgique,BEL,T_4100,2021,1.234845
Belgique,BEL,T_4100,2022,1.182096
Belgique,BEL,T_4100,2023,1.275288
Belgique,BEL,T_4100,2024,1.258665
Belgique,BEL,T_4200,1995,0.003611
Belgique,BEL,T_4200,1996,0.004713
Belgique,BEL,T_4200,1997,0.025212
Belgique,BEL,T_4200,1998,0.028673
Belgique,BEL,T_4200,1999,0.033222
Belgique,BEL,T_4200,2000,0.035768
Belgique,BEL,T_4200,2001,0.036431
Belgique,BEL,T_4200,2002,0.037694
Belgique,BEL,T_4200,2003,0.036949
Belgique,BEL,T_4200,2004,0.050805
Belgique,BEL,T_4200,2005,0.060896
Belgique,BEL,T_4200,2006,0.064308
Belgique,BEL,T_4200,2007,0.073483
Belgique,BEL,T_4200,2008,0.06917
Belgique,BEL,T_4200,2009,0.059988
Belgique,BEL,T_4200,2010,0.065163
Belgique,BEL,T_4200,2011,0.067169
Belgique,BEL,T_4200,2012,0.084602
Belgique,BEL,T_4200,2013,0.114187
Belgique,BEL,T_4200,2014,0.154263
Belgique,BEL,T_4200,2015,0.158999
Belgique,BEL,T_4200,2016,0.24625
Belgique,BEL,T_4200,2017,0.209424
Belgique,BEL,T_4200,2018,0.20712
Belgique,BEL,T_4200,2019,0.192243
Belgique,BEL,T_4200,2020,0.212248
Belgique,BEL,T_4200,2021,0.203716
Belgique,BEL,T_4200,2022,0.194479
Belgique,BEL,T_4200,2023,0.185004
Belgique,BEL,T_4200,2024,0.196455
Belgique,BEL,T_4300,1995,0.326953
Belgique,BEL,T_4300,1996,0.364464
Belgique,BEL,T_4300,1997,0.338686
Belgique,BEL,T_4300,1998,0.383409
Belgique,BEL,T_4300,1999,0.390991
Belgique,BEL,T_4300,2000,0.429486
Belgique,BEL,T_4300,2001,0.428661
Belgique,BEL,T_4300,2002,0.429012
Belgique,BEL,T_4300,2003,0.459459
Belgique,BEL,T_4300,2004,0.526346
Belgique,BEL,T_4300,2005,0.564254
Belgique,BEL,T_4300,2006,0.599659
Belgique,BEL,T_4300,2007,0.597464
Belgique,BEL,T_4300,2008,0.62503
Belgique,BEL,T_4300,2009,0.589472
Belgique,BEL,T_4300,2010,0.624762
Belgique,BEL,T_4300,2011,0.642727
Belgique,BEL,T_4300,2012,0.703314
Belgique,BEL,T_4300,2013,0.784585
Belgique,BEL,T_4300,2014,0.681552
Belgique,BEL,T_4300,2015,0.721041
Belgique,BEL,T_4300,2016,0.68339
Belgique,BEL,T_4300,2017,0.703507
Belgique,BEL,T_4300,2018,0.695616
Belgique,BEL,T_4300,2019,0.612291
Belgique,BEL,T_4300,2020,0.639697
Belgique,BEL,T_4300,2021,0.723925
Belgique,BEL,T_4300,2022,0.63467
Belgique,BEL,T_4300,2023,0.60414
Belgique,BEL,T_4300,2024,0.617703
Belgique,BEL,T_4400,1995,0.774862
Belgique,BEL,T_4400,1996,0.848208
Belgique,BEL,T_4400,1997,0.943947
Belgique,BEL,T_4400,1998,1.050537
Belgique,BEL,T_4400,1999,1.054981
Belgique,BEL,T_4400,2000,1.040969
Belgique,BEL,T_4400,2001,0.979061
Belgique,BEL,T_4400,2002,0.928361
Belgique,BEL,T_4400,2003,0.960312
Belgique,BEL,T_4400,2004,0.959842
Belgique,BEL,T_4400,2005,1.047712
Belgique,BEL,T_4400,2006,1.083126
Belgique,BEL,T_4400,2007,1.077909
Belgique,BEL,T_4400,2008,1.007809
Belgique,BEL,T_4400,2009,0.890305
Belgique,BEL,T_4400,2010,0.961617
Belgique,BEL,T_4400,2011,0.995708
Belgique,BEL,T_4400,2012,0.974854
Belgique,BEL,T_4400,2013,0.984779
Belgique,BEL,T_4400,2014,1.007758
Belgique,BEL,T_4400,2015,1.048809
Belgique,BEL,T_4400,2016,1.041784
Belgique,BEL,T_4400,2017,1.082594
Belgique,BEL,T_4400,2018,1.066243
Belgique,BEL,T_4400,2019,1.12186
Belgique,BEL,T_4400,2020,1.069734
Belgique,BEL,T_4400,2021,1.174337
Belgique,BEL,T_4400,2022,0.996345
Belgique,BEL,T_4400,2023,0.838524
Belgique,BEL,T_4400,2024,0.893867
Belgique,BEL,T_5000,1995,10.833578
Belgique,BEL,T_5000,1996,11.133661
Belgique,BEL,T_5000,1997,11.227546
Belgique,BEL,T_5000,1998,11.090224
Belgique,BEL,T_5000,1999,11.478262
Belgique,BEL,T_5000,2000,11.34457
Belgique,BEL,T_5000,2001,10.911083
Belgique,BEL,T_5000,2002,11.008362
Belgique,BEL,T_5000,2003,10.966493
Belgique,BEL,T_5000,2004,11.16597
Belgique,BEL,T_5000,2005,11.243798
Belgique,BEL,T_5000,2006,11.179988
Belgique,BEL,T_5000,2007,11.112835
Belgique,BEL,T_5000,2008,11.034047
Belgique,BEL,T_5000,2009,10.933674
Belgique,BEL,T_5000,2010,11.196022
Belgique,BEL,T_5000,2011,11.054418
Belgique,BEL,T_5000,2012,11.372604
Belgique,BEL,T_5000,2013,11.155571
Belgique,BEL,T_5000,2014,10.951251
Belgique,BEL,T_5000,2015,10.871665
Belgique,BEL,T_5000,2016,10.993119
Belgique,BEL,T_5000,2017,10.970097
Belgique,BEL,T_5000,2018,10.982307
Belgique,BEL,T_5000,2019,10.761841
Belgique,BEL,T_5000,2020,10.234568
Belgique,BEL,T_5000,2021,10.649046
Belgique,BEL,T_5000,2022,10.161031
Belgique,BEL,T_5000,2023,10.282224
Belgique,BEL,T_5000,2024,9.809101
Belgique,BEL,T_5111,1995,6.524993
Belgique,BEL,T_5111,1996,6.681317
Belgique,BEL,T_5111,1997,6.718206
Belgique,BEL,T_5111,1998,6.654607
Belgique,BEL,T_5111,1999,7.012657
Belgique,BEL,T_5111,2000,7.065315
Belgique,BEL,T_5111,2001,6.721322
Belgique,BEL,T_5111,2002,6.795937
Belgique,BEL,T_5111,2003,6.665465
Belgique,BEL,T_5111,2004,6.778088
Belgique,BEL,T_5111,2005,6.882875
Belgique,BEL,T_5111,2006,6.932768
Belgique,BEL,T_5111,2007,6.944961
Belgique,BEL,T_5111,2008,6.851705
Belgique,BEL,T_5111,2009,6.779992
Belgique,BEL,T_5111,2010,6.954502
Belgique,BEL,T_5111,2011,6.859172
Belgique,BEL,T_5111,2012,6.919692
Belgique,BEL,T_5111,2013,6.905442
Belgique,BEL,T_5111,2014,6.795218
Belgique,BEL,T_5111,2015,6.640572
Belgique,BEL,T_5111,2016,6.709967
Belgique,BEL,T_5111,2017,6.712318
Belgique,BEL,T_5111,2018,6.758118
Belgique,BEL,T_5111,2019,6.612209
Belgique,BEL,T_5111,2020,6.266554
Belgique,BEL,T_5111,2021,6.774724
Belgique,BEL,T_5111,2022,6.391809
Belgique,BEL,T_5111,2023,6.275282
Belgique,BEL,T_5111,2024,6.139884
Belgique,BEL,_T,1995,42.836707
Belgique,BEL,_T,1996,43.351326
Belgique,BEL,_T,1997,43.8118
Belgique,BEL,_T,1998,44.436855
Belgique,BEL,_T,1999,44.239347
Belgique,BEL,_T,2000,43.849317
Belgique,BEL,_T,2001,43.691582
Belgique,BEL,_T,2002,43.912684
Belgique,BEL,_T,2003,43.343817
Belgique,BEL,_T,2004,43.471239
Belgique,BEL,_T,2005,43.357161
Belgique,BEL,_T,2006,43.218008
Belgique,BEL,_T,2007,42.919729
Belgique,BEL,_T,2008,43.593492
Belgique,BEL,_T,2009,42.54399
Belgique,BEL,_T,2010,42.869637
Belgique,BEL,_T,2011,43.188828
Belgique,BEL,_T,2012,44.129621
Belgique,BEL,_T,2013,44.835401
Belgique,BEL,_T,2014,44.523844
Belgique,BEL,_T,2015,44.238048
Belgique,BEL,_T,2016,43.454422
Belgique,BEL,_T,2017,43.957834
Belgique,BEL,_T,2018,43.866789
Belgique,BEL,_T,2019,42.316291
Belgique,BEL,_T,2020,41.927832
Belgique,BEL,_T,2021,42.231397
Belgique,BEL,_T,2022,41.557963
Belgique,BEL,_T,2023,41.891726
Belgique,BEL,_T,2024,42.571263
Canada,CAN,T_1100,1995,12.99854
Canada,CAN,T_1100,1996,13.071146
Canada,CAN,T_1100,1997,13.450955
Canada,CAN,T_1100,1998,13.423376
Canada,CAN,T_1100,1999,13.261166
Canada,CAN,T_1100,2000,12.763658
Canada,CAN,T_1100,2001,12.750089
Canada,CAN,T_1100,2002,11.619324
Canada,CAN,T_1100,2003,11.223268
Canada,CAN,T_1100,2004,11.329452
Canada,CAN,T_1100,2005,11.59275
Canada,CAN,T_1100,2006,11.619314
Canada,CAN,T_1100,2007,12.044757
Canada,CAN,T_1100,2008,11.775989
Canada,CAN,T_1100,2009,11.715512
Canada,CAN,T_1100,2010,10.85766
Canada,CAN,T_1100,2011,11.108779
Canada,CAN,T_1100,2012,11.35354
Canada,CAN,T_1100,2013,11.252685
Canada,CAN,T_1100,2014,11.354996
Canada,CAN,T_1100,2015,12.072919
Canada,CAN,T_1100,2016,11.905206
Canada,CAN,T_1100,2017,11.751026
Canada,CAN,T_1100,2018,12.006738
Canada,CAN,T_1100,2019,12.018628
Canada,CAN,T_1100,2020,12.934073
Canada,CAN,T_1100,2021,12.620684
Canada,CAN,T_1100,2022,12.136642
Canada,CAN,T_1100,2023,12.493768
Canada,CAN,T_1100,2024,12.820098
Canada,CAN,T_1200,1995,2.829179
Canada,CAN,T_1200,1996,3.075812
Canada,CAN,T_1200,1997,3.706425
Canada,CAN,T_1200,1998,3.539853
Canada,CAN,T_1200,1999,4.093974
Canada,CAN,T_1200,2000,4.233142
Canada,CAN,T_1200,2001,3.148243
Canada,CAN,T_1200,2002,2.969438
Canada,CAN,T_1200,2003,3.165021
Canada,CAN,T_1200,2004,3.433551
Canada,CAN,T_1200,2005,3.383043
Canada,CAN,T_1200,2006,3.766327
Canada,CAN,T_1200,2007,3.440029
Canada,CAN,T_1200,2008,3.231604
Canada,CAN,T_1200,2009,3.365612
Canada,CAN,T_1200,2010,3.247265
Canada,CAN,T_1200,2011,3.159527
Canada,CAN,T_1200,2012,3.169164
Canada,CAN,T_1200,2013,3.278176
Canada,CAN,T_1200,2014,3.346757
Canada,CAN,T_1200,2015,3.410992
Canada,CAN,T_1200,2016,3.768492
Canada,CAN,T_1200,2017,3.88994
Canada,CAN,T_1200,2018,4.086282
Canada,CAN,T_1200,2019,3.74377
Canada,CAN,T_1200,2020,4.149093
Canada,CAN,T_1200,2021,4.823932
Canada,CAN,T_1200,2022,4.827063
Canada,CAN,T_1200,2023,4.812832
Canada,CAN,T_1200,2024,4.60625
Canada,CAN,T_2000,1995,4.845145
Canada,CAN,T_2000,1996,4.892221
Canada,CAN,T_2000,1997,4.76461
Canada,CAN,T_2000,1998,4.956224
Canada,CAN,T_2000,1999,4.749733
Canada,CAN,T_2000,2000,4.718806
Canada,CAN,T_2000,2001,4.838011
Canada,CAN,T_2000,2002,5.033385
Canada,CAN,T_2000,2003,5.056595
Canada,CAN,T_2000,2004,4.886886
Canada,CAN,T_2000,2005,4.820586
Canada,CAN,T_2000,2006,4.76758
Canada,CAN,T_2000,2007,4.672883
Canada,CAN,T_2000,2008,4.521338
Canada,CAN,T_2000,2009,4.861213
Canada,CAN,T_2000,2010,4.608937
Canada,CAN,T_2000,2011,4.53832
Canada,CAN,T_2000,2012,4.699319
Canada,CAN,T_2000,2013,4.751976
Canada,CAN,T_2000,2014,4.680158
Canada,CAN,T_2000,2015,4.84171
Canada,CAN,T_2000,2016,4.887543
Canada,CAN,T_2000,2017,4.624225
Canada,CAN,T_2000,2018,4.649997
Canada,CAN,T_2000,2019,4.68452
Canada,CAN,T_2000,2020,4.841031
Canada,CAN,T_2000,2021,4.771073
Canada,CAN,T_2000,2022,4.673219
Canada,CAN,T_2000,2023,5.180084
Canada,CAN,T_2000,2024,5.28429
Canada,CAN,T_3000,1995,0.776284
Canada,CAN,T_3000,1996,0.759726
Canada,CAN,T_3000,1997,0.734358
Canada,CAN,T_3000,1998,0.747178
Canada,CAN,T_3000,1999,0.734106
Canada,CAN,T_3000,2000,0.711922
Canada,CAN,T_3000,2001,0.684902
Canada,CAN,T_3000,2002,0.678901
Canada,CAN,T_3000,2003,0.68205
Canada,CAN,T_3000,2004,0.664505
Canada,CAN,T_3000,2005,0.649273
Canada,CAN,T_3000,2006,0.641853
Canada,CAN,T_3000,2007,0.636258
Canada,CAN,T_3000,2008,0.627021
Canada,CAN,T_3000,2009,0.664531
Canada,CAN,T_3000,2010,0.64584
Canada,CAN,T_3000,2011,0.651612
Canada,CAN,T_3000,2012,0.651434
Canada,CAN,T_3000,2013,0.656171
Canada,CAN,T_3000,2014,0.648354
Canada,CAN,T_3000,2015,0.665983
Canada,CAN,T_3000,2016,0.675476
Canada,CAN,T_3000,2017,0.668071
Canada,CAN,T_3000,2018,0.664989
Canada,CAN,T_3000,2019,0.751309
Canada,CAN,T_3000,2020,0.774501
Canada,CAN,T_3000,2021,0.745874
Canada,CAN,T_3000,2022,0.723621
Canada,CAN,T_3000,2023,0.752809
Canada,CAN,T_3000,2024,0.770974
Canada,CAN,T_4000,1995,3.692065
Canada,CAN,T_4000,1996,3.677469
Canada,CAN,T_4000,1997,3.66997
Canada,CAN,T_4000,1998,3.706014
Canada,CAN,T_4000,1999,3.5699
Canada,CAN,T_4000,2000,3.301467
Canada,CAN,T_4000,2001,3.663715
Canada,CAN,T_4000,2002,3.578544
Canada,CAN,T_4000,2003,3.537582
Canada,CAN,T_4000,2004,3.5314
Canada,CAN,T_4000,2005,3.502645
Canada,CAN,T_4000,2006,3.465357
Canada,CAN,T_4000,2007,3.454911
Canada,CAN,T_4000,2008,3.597046
Canada,CAN,T_4000,2009,3.930678
Canada,CAN,T_4000,2010,3.825507
Canada,CAN,T_4000,2011,3.687296
Canada,CAN,T_4000,2012,3.704803
Canada,CAN,T_4000,2013,3.703559
Canada,CAN,T_4000,2014,3.673612
Canada,CAN,T_4000,2015,3.907578
Canada,CAN,T_4000,2016,4.008299
Canada,CAN,T_4000,2017,3.931423
Canada,CAN,T_4000,2018,3.850739
Canada,CAN,T_4000,2019,3.868434
Canada,CAN,T_4000,2020,4.044791
Canada,CAN,T_4000,2021,3.884701
Canada,CAN,T_4000,2022,3.521414
Canada,CAN,T_4000,2023,3.436956
Canada,CAN,T_4000,2024,3.358166
Canada,CAN,T_4100,1995,3.11906
Canada,CAN,T_4100,1996,3.0681
Canada,CAN,T_4100,1997,3.016988
Canada,CAN,T_4100,1998,3.066108
Canada,CAN,T_4100,1999,2.942899
Canada,CAN,T_4100,2000,2.687064
Canada,CAN,T_4100,2001,2.996779
Canada,CAN,T_4100,2002,2.936794
Canada,CAN,T_4100,2003,2.906619
Canada,CAN,T_4100,2004,2.874134
Canada,CAN,T_4100,2005,2.837863
Canada,CAN,T_4100,2006,2.81974
Canada,CAN,T_4100,2007,2.824864
Canada,CAN,T_4100,2008,2.864475
Canada,CAN,T_4100,2009,3.174017
Canada,CAN,T_4100,2010,3.103299
Canada,CAN,T_4100,2011,3.018793
Canada,CAN,T_4100,2012,3.049429
Canada,CAN,T_4100,2013,3.036892
Canada,CAN,T_4100,2014,3.021498
Canada,CAN,T_4100,2015,3.147596
Canada,CAN,T_4100,2016,3.223503
Canada,CAN,T_4100,2017,3.124391
Canada,CAN,T_4100,2018,3.071779
Canada,CAN,T_4100,2019,3.095269
Canada,CAN,T_4100,2020,3.233332
Canada,CAN,T_4100,2021,2.916568
Canada,CAN,T_4100,2022,2.692054
Canada,CAN,T_4100,2023,2.687443
Canada,CAN,T_4100,2024,2.638192
Canada,CAN,T_4200,1995,0.348078
Canada,CAN,T_4200,1996,0.370072
Canada,CAN,T_4200,1997,0.384924
Canada,CAN,T_4200,1998,0.386701
Canada,CAN,T_4200,1999,0.371331
Canada,CAN,T_4200,2000,0.370598
Canada,CAN,T_4200,2001,0.318468
Canada,CAN,T_4200,2002,0.276955
Canada,CAN,T_4200,2003,0.239172
Canada,CAN,T_4200,2004,0.246607
Canada,CAN,T_4200,2005,0.243108
Canada,CAN,T_4200,2006,0.223105
Canada,CAN,T_4200,2007,0.188253
Canada,CAN,T_4200,2008,0.128603
Canada,CAN,T_4200,2009,0.124735
Canada,CAN,T_4200,2010,0.091414
Canada,CAN,T_4200,2011,0.053268
Canada,CAN,T_4200,2012,0.034588
Canada,CAN,T_4200,2013,0.021764
Canada,CAN,T_4200,2014,0.018247
Canada,CAN,T_4200,2015,0.018689
Canada,CAN,T_4200,2016,0.02034
Canada,CAN,T_4200,2017,0.020414
Canada,CAN,T_4200,2018,0.020218
Canada,CAN,T_4200,2019,0.019796
Canada,CAN,T_4200,2020,0.020896
Canada,CAN,T_4200,2021,0.019639
Canada,CAN,T_4200,2022,0.020099
Canada,CAN,T_4200,2023,0.018951
Canada,CAN,T_4200,2024,0.018553
Canada,CAN,T_4300,1995,0.000335
Canada,CAN,T_4300,1996,8E-05
Canada,CAN,T_4300,1997,0.000304
Canada,CAN,T_4300,1998,0.00019
Canada,CAN,T_4300,1999,0.000194
Canada,CAN,T_4300,2000,0.000178
Canada,CAN,T_4300,2001,8.7E-05
Canada,CAN,T_4300,2002,0
Canada,CAN,T_4300,2003,0
Canada,CAN,T_4300,2004,0
Canada,CAN,T_4300,2005,0
Canada,CAN,T_4300,2006,0
Canada,CAN,T_4300,2007,0
Canada,CAN,T_4300,2008,0.010742
Canada,CAN,T_4300,2009,0.011519
Canada,CAN,T_4300,2010,0.010684
Canada,CAN,T_4300,2011,0.011555
Canada,CAN,T_4300,2012,0.010782
Canada,CAN,T_4300,2013,0.011618
Canada,CAN,T_4300,2014,0.011179
Canada,CAN,T_4300,2015,0.013464
Canada,CAN,T_4300,2016,0.012836
Canada,CAN,T_4300,2017,0.014201
Canada,CAN,T_4300,2018,0.01494
Canada,CAN,T_4300,2019,0.014869
Canada,CAN,T_4300,2020,0.015267
Canada,CAN,T_4300,2021,0.017588
Canada,CAN,T_4300,2022,0.017398
Canada,CAN,T_4300,2023,0.018099
Canada,CAN,T_4300,2024,0.017153
Canada,CAN,T_4400,1995,0
Canada,CAN,T_4400,1996,0
Canada,CAN,T_4400,1997,0
Canada,CAN,T_4400,1998,0
Canada,CAN,T_4400,1999,0
Canada,CAN,T_4400,2000,0
Canada,CAN,T_4400,2001,0.102399
Canada,CAN,T_4400,2002,0.114602
Canada,CAN,T_4400,2003,0.133413
Canada,CAN,T_4400,2004,0.160736
Canada,CAN,T_4400,2005,0.164604
Canada,CAN,T_4400,2006,0.167245
Canada,CAN,T_4400,2007,0.181788
Canada,CAN,T_4400,2008,0.156303
Canada,CAN,T_4400,2009,0.170683
Canada,CAN,T_4400,2010,0.184689
Canada,CAN,T_4400,2011,0.192721
Canada,CAN,T_4400,2012,0.185365
Canada,CAN,T_4400,2013,0.191668
Canada,CAN,T_4400,2014,0.203469
Canada,CAN,T_4400,2015,0.249945
Canada,CAN,T_4400,2016,0.311769
Canada,CAN,T_4400,2017,0.334806
Canada,CAN,T_4400,2018,0.289443
Canada,CAN,T_4400,2019,0.289078
Canada,CAN,T_4400,2020,0.365724
Canada,CAN,T_4400,2021,0.486749
Canada,CAN,T_4400,2022,0.388084
Canada,CAN,T_4400,2023,0.305047
Canada,CAN,T_4400,2024,0.304303
Canada,CAN,T_5000,1995,8.797151
Canada,CAN,T_5000,1996,8.723834
Canada,CAN,T_5000,1997,8.743991
Canada,CAN,T_5000,1998,8.837163
Canada,CAN,T_5000,1999,8.540647
Canada,CAN,T_5000,2000,8.393574
Canada,CAN,T_5000,2001,8.426744
Canada,CAN,T_5000,2002,8.668876
Canada,CAN,T_5000,2003,8.589978
Canada,CAN,T_5000,2004,8.41877
Canada,CAN,T_5000,2005,8.224675
Canada,CAN,T_5000,2006,7.976369
Canada,CAN,T_5000,2007,7.787164
Canada,CAN,T_5000,2008,7.027571
Canada,CAN,T_5000,2009,7.397853
Canada,CAN,T_5000,2010,7.42787
Canada,CAN,T_5000,2011,7.310761
Canada,CAN,T_5000,2012,7.288193
Canada,CAN,T_5000,2013,7.170259
Canada,CAN,T_5000,2014,7.193254
Canada,CAN,T_5000,2015,7.549831
Canada,CAN,T_5000,2016,7.642134
Canada,CAN,T_5000,2017,7.792249
Canada,CAN,T_5000,2018,7.784938
Canada,CAN,T_5000,2019,7.536992
Canada,CAN,T_5000,2020,7.324591
Canada,CAN,T_5000,2021,7.501197
Canada,CAN,T_5000,2022,7.5168
Canada,CAN,T_5000,2023,7.623002
Canada,CAN,T_5000,2024,7.552382
Canada,CAN,T_5111,1995,2.92025
Canada,CAN,T_5111,1996,2.948462
Canada,CAN,T_5111,1997,3.155877
Canada,CAN,T_5111,1998,3.273503
Canada,CAN,T_5111,1999,3.231485
Canada,CAN,T_5111,2000,3.188337
Canada,CAN,T_5111,2001,3.148942
Canada,CAN,T_5111,2002,3.246644
Canada,CAN,T_5111,2003,3.270062
Canada,CAN,T_5111,2004,3.24182
Canada,CAN,T_5111,2005,3.217876
Canada,CAN,T_5111,2006,3.067545
Canada,CAN,T_5111,2007,2.920272
Canada,CAN,T_5111,2008,3.854461
Canada,CAN,T_5111,2009,4.092383
Canada,CAN,T_5111,2010,4.244295
Canada,CAN,T_5111,2011,4.2202
Canada,CAN,T_5111,2012,4.265322
Canada,CAN,T_5111,2013,4.115764
Canada,CAN,T_5111,2014,4.141164
Canada,CAN,T_5111,2015,4.355517
Canada,CAN,T_5111,2016,4.460194
Canada,CAN,T_5111,2017,4.514194
Canada,CAN,T_5111,2018,4.530455
Canada,CAN,T_5111,2019,4.488877
Canada,CAN,T_5111,2020,4.525652
Canada,CAN,T_5111,2021,4.664507
Canada,CAN,T_5111,2022,4.621452
Canada,CAN,T_5111,2023,4.815956
Canada,CAN,T_5111,2024,4.742435
Canada,CAN,_T,1995,34.628301
Canada,CAN,_T,1996,34.940603
Canada,CAN,_T,1997,35.791113
Canada,CAN,_T,1998,35.710884
Canada,CAN,_T,1999,35.487383
Canada,CAN,_T,2000,34.672779
Canada,CAN,_T,2001,34.08549
Canada,CAN,_T,2002,33.080573
Canada,CAN,_T,2003,32.699947
Canada,CAN,_T,2004,32.712721
Canada,CAN,_T,2005,32.660635
Canada,CAN,_T,2006,32.724571
Canada,CAN,_T,2007,32.4951
Canada,CAN,_T,2008,31.234692
Canada,CAN,_T,2009,32.346387
Canada,CAN,_T,2010,31.006946
Canada,CAN,_T,2011,30.802901
Canada,CAN,_T,2012,31.177475
Canada,CAN,_T,2013,31.131923
Canada,CAN,_T,2014,31.266373
Canada,CAN,_T,2015,32.820338
Canada,CAN,_T,2016,33.258015
Canada,CAN,_T,2017,33.044013
Canada,CAN,_T,2018,33.482477
Canada,CAN,_T,2019,33.081877
Canada,CAN,_T,2020,34.445152
Canada,CAN,_T,2021,34.800884
Canada,CAN,_T,2022,33.878741
Canada,CAN,_T,2023,34.785133
Canada,CAN,_T,2024,34.90457
Chili,CHL,T_1100,1995,0.948645
Chili,CHL,T_1100,1996,1.020349
Chili,CHL,T_1100,1997,1.131087
Chili,CHL,T_1100,1998,1.305861
Chili,CHL,T_1100,1999,1.30822
Chili,CHL,T_1100,2000,1.431006
Chili,CHL,T_1100,2001,1.502371
Chili,CHL,T_1100,2002,1.329031
Chili,CHL,T_1100,2003,1.201915
Chili,CHL,T_1100,2004,1.113053
Chili,CHL,T_1100,2005,1.078783
Chili,CHL,T_1100,2006,0.957718
Chili,CHL,T_1100,2007,1.097331
Chili,CHL,T_1100,2008,1.221456
Chili,CHL,T_1100,2009,1.302987
Chili,CHL,T_1100,2010,1.347595
Chili,CHL,T_1100,2011,1.391029
Chili,CHL,T_1100,2012,1.456929
Chili,CHL,T_1100,2013,1.430474
Chili,CHL,T_1100,2014,1.429049
Chili,CHL,T_1100,2015,2.017285
Chili,CHL,T_1100,2016,1.772085
Chili,CHL,T_1100,2017,1.951886
Chili,CHL,T_1100,2018,1.426039
Chili,CHL,T_1100,2019,1.50233
Chili,CHL,T_1100,2020,1.97558
Chili,CHL,T_1100,2021,2.414367
Chili,CHL,T_1100,2022,2.518999
Chili,CHL,T_1100,2023,1.924453
Chili,CHL,T_1100,2024,2.256031
Chili,CHL,T_1200,1995,2.821812
Chili,CHL,T_1200,1996,2.930447
Chili,CHL,T_1200,1997,2.44257
Chili,CHL,T_1200,1998,2.211407
Chili,CHL,T_1200,1999,1.526214
Chili,CHL,T_1200,2000,2.091426
Chili,CHL,T_1200,2001,1.96074
Chili,CHL,T_1200,2002,1.965184
Chili,CHL,T_1200,2003,2.35513
Chili,CHL,T_1200,2004,3.228895
Chili,CHL,T_1200,2005,4.608697
Chili,CHL,T_1200,2006,6.325465
Chili,CHL,T_1200,2007,6.715308
Chili,CHL,T_1200,2008,5.119495
Chili,CHL,T_1200,2009,4.275587
Chili,CHL,T_1200,2010,4.015915
Chili,CHL,T_1200,2011,4.955512
Chili,CHL,T_1200,2012,5.817277
Chili,CHL,T_1200,2013,4.399624
Chili,CHL,T_1200,2014,4.187917
Chili,CHL,T_1200,2015,4.311567
Chili,CHL,T_1200,2016,4.235087
Chili,CHL,T_1200,2017,4.270933
Chili,CHL,T_1200,2018,4.709005
Chili,CHL,T_1200,2019,4.908396
Chili,CHL,T_1200,2020,4.685428
Chili,CHL,T_1200,2021,3.820042
Chili,CHL,T_1200,2022,5.664206
Chili,CHL,T_1200,2023,5.217926
Chili,CHL,T_1200,2024,4.253061
Chili,CHL,T_2000,1995,1.177403
Chili,CHL,T_2000,1996,1.24423
Chili,CHL,T_2000,1997,1.250372
Chili,CHL,T_2000,1998,1.316422
Chili,CHL,T_2000,1999,1.3703
Chili,CHL,T_2000,2000,1.366239
Chili,CHL,T_2000,2001,1.383099
Chili,CHL,T_2000,2002,1.401847
Chili,CHL,T_2000,2003,1.376211
Chili,CHL,T_2000,2004,1.370434
Chili,CHL,T_2000,2005,1.360808
Chili,CHL,T_2000,2006,1.287605
Chili,CHL,T_2000,2007,1.274017
Chili,CHL,T_2000,2008,1.373457
Chili,CHL,T_2000,2009,1.426848
Chili,CHL,T_2000,2010,1.348633
Chili,CHL,T_2000,2011,1.336373
Chili,CHL,T_2000,2012,1.386798
Chili,CHL,T_2000,2013,1.43397
Chili,CHL,T_2000,2014,1.426204
Chili,CHL,T_2000,2015,1.420028
Chili,CHL,T_2000,2016,1.446641
Chili,CHL,T_2000,2017,1.465332
Chili,CHL,T_2000,2018,1.470781
Chili,CHL,T_2000,2019,1.531673
Chili,CHL,T_2000,2020,1.542731
Chili,CHL,T_2000,2021,1.175805
Chili,CHL,T_2000,2022,0.982805
Chili,CHL,T_2000,2023,1.164411
Chili,CHL,T_2000,2024,1.183118
Chili,CHL,T_3000,1995,0
Chili,CHL,T_3000,1996,0
Chili,CHL,T_3000,1997,0
Chili,CHL,T_3000,1998,0
Chili,CHL,T_3000,1999,0
Chili,CHL,T_3000,2000,0
Chili,CHL,T_3000,2001,0
Chili,CHL,T_3000,2002,0
Chili,CHL,T_3000,2003,0
Chili,CHL,T_3000,2004,0
Chili,CHL,T_3000,2005,0
Chili,CHL,T_3000,2006,0
Chili,CHL,T_3000,2007,0
Chili,CHL,T_3000,2008,0
Chili,CHL,T_3000,2009,0
Chili,CHL,T_3000,2010,0
Chili,CHL,T_3000,2011,0
Chili,CHL,T_3000,2012,0
Chili,CHL,T_3000,2013,0
Chili,CHL,T_3000,2014,0
Chili,CHL,T_3000,2015,0
Chili,CHL,T_3000,2016,0
Chili,CHL,T_3000,2017,0
Chili,CHL,T_3000,2018,0
Chili,CHL,T_3000,2019,0
Chili,CHL,T_3000,2020,0
Chili,CHL,T_3000,2021,0
Chili,CHL,T_3000,2022,0
Chili,CHL,T_3000,2023,0
Chili,CHL,T_3000,2024,0
Chili,CHL,T_4000,1995,1.141996
Chili,CHL,T_4000,1996,1.247043
Chili,CHL,T_4000,1997,1.29959
Chili,CHL,T_4000,1998,1.310655
Chili,CHL,T_4000,1999,1.400834
Chili,CHL,T_4000,2000,1.312415
Chili,CHL,T_4000,2001,1.405151
Chili,CHL,T_4000,2002,1.446491
Chili,CHL,T_4000,2003,1.42198
Chili,CHL,T_4000,2004,1.297903
Chili,CHL,T_4000,2005,1.317077
Chili,CHL,T_4000,2006,1.18582
Chili,CHL,T_4000,2007,1.124198
Chili,CHL,T_4000,2008,1.177252
Chili,CHL,T_4000,2009,0.91031
Chili,CHL,T_4000,2010,0.783467
Chili,CHL,T_4000,2011,0.895129
Chili,CHL,T_4000,2012,0.954603
Chili,CHL,T_4000,2013,0.826572
Chili,CHL,T_4000,2014,0.829748
Chili,CHL,T_4000,2015,0.894788
Chili,CHL,T_4000,2016,1.024829
Chili,CHL,T_4000,2017,1.096947
Chili,CHL,T_4000,2018,1.100132
Chili,CHL,T_4000,2019,1.145477
Chili,CHL,T_4000,2020,1.12434
Chili,CHL,T_4000,2021,1.20503
Chili,CHL,T_4000,2022,1.317612
Chili,CHL,T_4000,2023,1.34611
Chili,CHL,T_4000,2024,1.273708
Chili,CHL,T_4100,1995,0.574117
Chili,CHL,T_4100,1996,0.606061
Chili,CHL,T_4100,1997,0.635682
Chili,CHL,T_4100,1998,0.671208
Chili,CHL,T_4100,1999,0.723151
Chili,CHL,T_4100,2000,0.715964
Chili,CHL,T_4100,2001,0.709424
Chili,CHL,T_4100,2002,0.68334
Chili,CHL,T_4100,2003,0.698289
Chili,CHL,T_4100,2004,0.601994
Chili,CHL,T_4100,2005,0.608408
Chili,CHL,T_4100,2006,0.561148
Chili,CHL,T_4100,2007,0.550481
Chili,CHL,T_4100,2008,0.603225
Chili,CHL,T_4100,2009,0.636949
Chili,CHL,T_4100,2010,0.570212
Chili,CHL,T_4100,2011,0.651167
Chili,CHL,T_4100,2012,0.653474
Chili,CHL,T_4100,2013,0.613241
Chili,CHL,T_4100,2014,0.623667
Chili,CHL,T_4100,2015,0.66509
Chili,CHL,T_4100,2016,0.692814
Chili,CHL,T_4100,2017,0.69485
Chili,CHL,T_4100,2018,0.723554
Chili,CHL,T_4100,2019,0.769385
Chili,CHL,T_4100,2020,0.871131
Chili,CHL,T_4100,2021,0.836367
Chili,CHL,T_4100,2022,0.868321
Chili,CHL,T_4100,2023,0.996029
Chili,CHL,T_4100,2024,0.96041
Chili,CHL,T_4200,1995,0
Chili,CHL,T_4200,1996,0
Chili,CHL,T_4200,1997,0
Chili,CHL,T_4200,1998,0
Chili,CHL,T_4200,1999,0
Chili,CHL,T_4200,2000,0
Chili,CHL,T_4200,2001,0
Chili,CHL,T_4200,2002,0
Chili,CHL,T_4200,2003,0
Chili,CHL,T_4200,2004,0
Chili,CHL,T_4200,2005,0
Chili,CHL,T_4200,2006,0
Chili,CHL,T_4200,2007,0
Chili,CHL,T_4200,2008,0
Chili,CHL,T_4200,2009,0
Chili,CHL,T_4200,2010,0
Chili,CHL,T_4200,2011,0
Chili,CHL,T_4200,2012,0
Chili,CHL,T_4200,2013,0
Chili,CHL,T_4200,2014,0
Chili,CHL,T_4200,2015,0
Chili,CHL,T_4200,2016,0
Chili,CHL,T_4200,2017,0
Chili,CHL,T_4200,2018,0
Chili,CHL,T_4200,2019,0
Chili,CHL,T_4200,2020,0
Chili,CHL,T_4200,2021,0
Chili,CHL,T_4200,2022,0
Chili,CHL,T_4200,2023,0
Chili,CHL,T_4200,2024,0
Chili,CHL,T_4300,1995,0.044669
Chili,CHL,T_4300,1996,0.030461
Chili,CHL,T_4300,1997,0.012156
Chili,CHL,T_4300,1998,0.031493
Chili,CHL,T_4300,1999,0.039585
Chili,CHL,T_4300,2000,0.025835
Chili,CHL,T_4300,2001,0.038799
Chili,CHL,T_4300,2002,0.054226
Chili,CHL,T_4300,2003,0.022657
Chili,CHL,T_4300,2004,0.025869
Chili,CHL,T_4300,2005,0.033861
Chili,CHL,T_4300,2006,0.028551
Chili,CHL,T_4300,2007,0.031611
Chili,CHL,T_4300,2008,0.037877
Chili,CHL,T_4300,2009,0.208244
Chili,CHL,T_4300,2010,0.035511
Chili,CHL,T_4300,2011,0.02541
Chili,CHL,T_4300,2012,0.051333
Chili,CHL,T_4300,2013,0.033173
Chili,CHL,T_4300,2014,0.021183
Chili,CHL,T_4300,2015,0.058148
Chili,CHL,T_4300,2016,0.059545
Chili,CHL,T_4300,2017,0.112861
Chili,CHL,T_4300,2018,0.066328
Chili,CHL,T_4300,2019,0.03213
Chili,CHL,T_4300,2020,0.077231
Chili,CHL,T_4300,2021,0.121891
Chili,CHL,T_4300,2022,0.158219
Chili,CHL,T_4300,2023,0.085341
Chili,CHL,T_4300,2024,0.064468
Chili,CHL,T_4400,1995,0.52321
Chili,CHL,T_4400,1996,0.610522
Chili,CHL,T_4400,1997,0.651751
Chili,CHL,T_4400,1998,0.607955
Chili,CHL,T_4400,1999,0.638098
Chili,CHL,T_4400,2000,0.570617
Chili,CHL,T_4400,2001,0.656928
Chili,CHL,T_4400,2002,0.708925
Chili,CHL,T_4400,2003,0.701033
Chili,CHL,T_4400,2004,0.67004
Chili,CHL,T_4400,2005,0.674808
Chili,CHL,T_4400,2006,0.596121
Chili,CHL,T_4400,2007,0.542105
Chili,CHL,T_4400,2008,0.53615
Chili,CHL,T_4400,2009,0.065116
Chili,CHL,T_4400,2010,0.177744
Chili,CHL,T_4400,2011,0.218551
Chili,CHL,T_4400,2012,0.249797
Chili,CHL,T_4400,2013,0.180158
Chili,CHL,T_4400,2014,0.184898
Chili,CHL,T_4400,2015,0.17155
Chili,CHL,T_4400,2016,0.272471
Chili,CHL,T_4400,2017,0.289237
Chili,CHL,T_4400,2018,0.31025
Chili,CHL,T_4400,2019,0.343962
Chili,CHL,T_4400,2020,0.175979
Chili,CHL,T_4400,2021,0.246772
Chili,CHL,T_4400,2022,0.291072
Chili,CHL,T_4400,2023,0.26474
Chili,CHL,T_4400,2024,0.24883
Chili,CHL,T_5000,1995,11.370647
Chili,CHL,T_5000,1996,12.204802
Chili,CHL,T_5000,1997,12.008179
Chili,CHL,T_5000,1998,12.15427
Chili,CHL,T_5000,1999,11.725133
Chili,CHL,T_5000,2000,11.943065
Chili,CHL,T_5000,2001,11.741887
Chili,CHL,T_5000,2002,11.682047
Chili,CHL,T_5000,2003,11.278181
Chili,CHL,T_5000,2004,10.836715
Chili,CHL,T_5000,2005,10.729743
Chili,CHL,T_5000,2006,9.554849
Chili,CHL,T_5000,2007,10.00856
Chili,CHL,T_5000,2008,10.812877
Chili,CHL,T_5000,2009,9.69622
Chili,CHL,T_5000,2010,10.096924
Chili,CHL,T_5000,2011,10.452023
Chili,CHL,T_5000,2012,10.674193
Chili,CHL,T_5000,2013,10.763966
Chili,CHL,T_5000,2014,10.900807
Chili,CHL,T_5000,2015,11.094291
Chili,CHL,T_5000,2016,11.037968
Chili,CHL,T_5000,2017,11.07624
Chili,CHL,T_5000,2018,11.332558
Chili,CHL,T_5000,2019,11.124993
Chili,CHL,T_5000,2020,10.571246
Chili,CHL,T_5000,2021,11.848985
Chili,CHL,T_5000,2022,11.434611
Chili,CHL,T_5000,2023,11.175641
Chili,CHL,T_5000,2024,10.973078
Chili,CHL,T_5111,1995,7.377575
Chili,CHL,T_5111,1996,7.912407
Chili,CHL,T_5111,1997,7.822258
Chili,CHL,T_5111,1998,7.788299
Chili,CHL,T_5111,1999,7.598402
Chili,CHL,T_5111,2000,7.832163
Chili,CHL,T_5111,2001,7.738692
Chili,CHL,T_5111,2002,7.904935
Chili,CHL,T_5111,2003,7.948568
Chili,CHL,T_5111,2004,7.968438
Chili,CHL,T_5111,2005,7.874174
Chili,CHL,T_5111,2006,7.066007
Chili,CHL,T_5111,2007,7.521673
Chili,CHL,T_5111,2008,8.428946
Chili,CHL,T_5111,2009,7.334294
Chili,CHL,T_5111,2010,7.582676
Chili,CHL,T_5111,2011,7.848606
Chili,CHL,T_5111,2012,8.038087
Chili,CHL,T_5111,2013,8.135503
Chili,CHL,T_5111,2014,8.201152
Chili,CHL,T_5111,2015,8.368248
Chili,CHL,T_5111,2016,8.338859
Chili,CHL,T_5111,2017,8.403953
Chili,CHL,T_5111,2018,8.5579
Chili,CHL,T_5111,2019,8.361274
Chili,CHL,T_5111,2020,7.931636
Chili,CHL,T_5111,2021,9.517214
Chili,CHL,T_5111,2022,9.319067
Chili,CHL,T_5111,2023,8.578623
Chili,CHL,T_5111,2024,8.593227
Chili,CHL,_T,1995,18.175873
Chili,CHL,_T,1996,19.408232
Chili,CHL,_T,1997,18.876264
Chili,CHL,_T,1998,18.739473
Chili,CHL,_T,1999,17.978143
Chili,CHL,_T,2000,18.718446
Chili,CHL,_T,2001,18.903212
Chili,CHL,_T,2002,18.939739
Chili,CHL,_T,2003,18.626785
Chili,CHL,_T,2004,19.111519
Chili,CHL,_T,2005,20.834956
Chili,CHL,_T,2006,22.114113
Chili,CHL,_T,2007,22.847251
Chili,CHL,_T,2008,21.402798
Chili,CHL,_T,2009,17.397182
Chili,CHL,_T,2010,19.692915
Chili,CHL,_T,2011,21.19536
Chili,CHL,_T,2012,21.323425
Chili,CHL,_T,2013,19.939136
Chili,CHL,_T,2014,19.699199
Chili,CHL,_T,2015,20.50999
Chili,CHL,_T,2016,20.223414
Chili,CHL,_T,2017,20.222544
Chili,CHL,_T,2018,21.281561
Chili,CHL,_T,2019,20.981614
Chili,CHL,_T,2020,19.290387
Chili,CHL,_T,2021,22.330529
Chili,CHL,_T,2022,23.910947
Chili,CHL,_T,2023,20.632418
Chili,CHL,_T,2024,20.479447
Colombie,COL,T_1100,1995,0.151475
Colombie,COL,T_1100,1996,0.137297
Colombie,COL,T_1100,1997,0.134482
Colombie,COL,T_1100,1998,0.141141
Colombie,COL,T_1100,1999,0.15025
Colombie,COL,T_1100,2000,0.768467
Colombie,COL,T_1100,2001,0.870311
Colombie,COL,T_1100,2002,0.879539
Colombie,COL,T_1100,2003,0.94462
Colombie,COL,T_1100,2004,0.979485
Colombie,COL,T_1100,2005,1.063576
Colombie,COL,T_1100,2006,1.086155
Colombie,COL,T_1100,2007,1.108871
Colombie,COL,T_1100,2008,1.05564
Colombie,COL,T_1100,2009,1.042685
Colombie,COL,T_1100,2010,0.954377
Colombie,COL,T_1100,2011,1.035127
Colombie,COL,T_1100,2012,1.026466
Colombie,COL,T_1100,2013,1.090915
Colombie,COL,T_1100,2014,1.094218
Colombie,COL,T_1100,2015,1.145623
Colombie,COL,T_1100,2016,1.140494
Colombie,COL,T_1100,2017,1.13036
Colombie,COL,T_1100,2018,1.241939
Colombie,COL,T_1100,2019,1.342573
Colombie,COL,T_1100,2020,1.436203
Colombie,COL,T_1100,2021,1.326918
Colombie,COL,T_1100,2022,1.383777
Colombie,COL,T_1100,2023,1.541531
Colombie,COL,T_1100,2024,1.498288
Colombie,COL,T_1200,1995,1.138991
Colombie,COL,T_1200,1996,0.98236
Colombie,COL,T_1200,1997,1.238579
Colombie,COL,T_1200,1998,0.896715
Colombie,COL,T_1200,1999,0.834303
Colombie,COL,T_1200,2000,2.624092
Colombie,COL,T_1200,2001,3.394639
Colombie,COL,T_1200,2002,3.206659
Colombie,COL,T_1200,2003,3.262938
Colombie,COL,T_1200,2004,3.879365
Colombie,COL,T_1200,2005,3.859758
Colombie,COL,T_1200,2006,4.22547
Colombie,COL,T_1200,2007,4.3005
Colombie,COL,T_1200,2008,3.879783
Colombie,COL,T_1200,2009,4.377211
Colombie,COL,T_1200,2010,3.750544
Colombie,COL,T_1200,2011,4.218079
Colombie,COL,T_1200,2012,5.351111
Colombie,COL,T_1200,2013,5.432263
Colombie,COL,T_1200,2014,5.300735
Colombie,COL,T_1200,2015,5.145677
Colombie,COL,T_1200,2016,4.905008
Colombie,COL,T_1200,2017,4.886264
Colombie,COL,T_1200,2018,4.925024
Colombie,COL,T_1200,2019,4.743454
Colombie,COL,T_1200,2020,4.332374
Colombie,COL,T_1200,2021,4.564894
Colombie,COL,T_1200,2022,4.9828
Colombie,COL,T_1200,2023,7.150462
Colombie,COL,T_1200,2024,5.376172
Colombie,COL,T_2000,1995,3.641851
Colombie,COL,T_2000,1996,3.93038
Colombie,COL,T_2000,1997,4.090357
Colombie,COL,T_2000,1998,3.501518
Colombie,COL,T_2000,1999,3.237939
Colombie,COL,T_2000,2000,2.557038
Colombie,COL,T_2000,2001,2.532657
Colombie,COL,T_2000,2002,2.305106
Colombie,COL,T_2000,2003,2.114124
Colombie,COL,T_2000,2004,2.385043
Colombie,COL,T_2000,2005,2.321294
Colombie,COL,T_2000,2006,2.240543
Colombie,COL,T_2000,2007,2.262279
Colombie,COL,T_2000,2008,2.020967
Colombie,COL,T_2000,2009,2.060663
Colombie,COL,T_2000,2010,2.109709
Colombie,COL,T_2000,2011,1.664531
Colombie,COL,T_2000,2012,1.772783
Colombie,COL,T_2000,2013,2.330851
Colombie,COL,T_2000,2014,1.797831
Colombie,COL,T_2000,2015,1.688241
Colombie,COL,T_2000,2016,1.787837
Colombie,COL,T_2000,2017,1.45053
Colombie,COL,T_2000,2018,1.84169
Colombie,COL,T_2000,2019,1.844845
Colombie,COL,T_2000,2020,1.841764
Colombie,COL,T_2000,2021,1.81732
Colombie,COL,T_2000,2022,1.625238
Colombie,COL,T_2000,2023,1.601593
Colombie,COL,T_2000,2024,1.697269
Colombie,COL,T_3000,1995,0.690713
Colombie,COL,T_3000,1996,0.727637
Colombie,COL,T_3000,1997,0.715013
Colombie,COL,T_3000,1998,0.714558
Colombie,COL,T_3000,1999,0.728022
Colombie,COL,T_3000,2000,0.659532
Colombie,COL,T_3000,2001,0.698408
Colombie,COL,T_3000,2002,0.684051
Colombie,COL,T_3000,2003,0.651231
Colombie,COL,T_3000,2004,0.636993
Colombie,COL,T_3000,2005,0.645004
Colombie,COL,T_3000,2006,0.660922
Colombie,COL,T_3000,2007,0.653178
Colombie,COL,T_3000,2008,0.666925
Colombie,COL,T_3000,2009,0.715178
Colombie,COL,T_3000,2010,0.739349
Colombie,COL,T_3000,2011,0.723703
Colombie,COL,T_3000,2012,0.716427
Colombie,COL,T_3000,2013,0.493977
Colombie,COL,T_3000,2014,0.344468
Colombie,COL,T_3000,2015,0.347625
Colombie,COL,T_3000,2016,0.347106
Colombie,COL,T_3000,2017,0.347674
Colombie,COL,T_3000,2018,0.350413
Colombie,COL,T_3000,2019,0.339985
Colombie,COL,T_3000,2020,0.367611
Colombie,COL,T_3000,2021,0.329277
Colombie,COL,T_3000,2022,0.300595
Colombie,COL,T_3000,2023,0.317133
Colombie,COL,T_3000,2024,0.326674
Colombie,COL,T_4000,1995,0.420805
Colombie,COL,T_4000,1996,0.491381
Colombie,COL,T_4000,1997,0.499949
Colombie,COL,T_4000,1998,0.555365
Colombie,COL,T_4000,1999,1.112853
Colombie,COL,T_4000,2000,1.039244
Colombie,COL,T_4000,2001,1.184678
Colombie,COL,T_4000,2002,1.690919
Colombie,COL,T_4000,2003,1.631282
Colombie,COL,T_4000,2004,1.469244
Colombie,COL,T_4000,2005,1.431586
Colombie,COL,T_4000,2006,1.414471
Colombie,COL,T_4000,2007,1.507391
Colombie,COL,T_4000,2008,1.874344
Colombie,COL,T_4000,2009,1.63894
Colombie,COL,T_4000,2010,1.568805
Colombie,COL,T_4000,2011,2.087402
Colombie,COL,T_4000,2012,2.050783
Colombie,COL,T_4000,2013,2.08767
Colombie,COL,T_4000,2014,2.095203
Colombie,COL,T_4000,2015,2.25628
Colombie,COL,T_4000,2016,2.094317
Colombie,COL,T_4000,2017,1.950142
Colombie,COL,T_4000,2018,1.545415
Colombie,COL,T_4000,2019,1.790868
Colombie,COL,T_4000,2020,1.819518
Colombie,COL,T_4000,2021,1.731677
Colombie,COL,T_4000,2022,1.531199
Colombie,COL,T_4000,2023,1.634658
Colombie,COL,T_4000,2024,1.642544
Colombie,COL,T_4100,1995,0.420805
Colombie,COL,T_4100,1996,0.491381
Colombie,COL,T_4100,1997,0.499949
Colombie,COL,T_4100,1998,0.555365
Colombie,COL,T_4100,1999,0.585856
Colombie,COL,T_4100,2000,0.507958
Colombie,COL,T_4100,2001,0.516821
Colombie,COL,T_4100,2002,0.538379
Colombie,COL,T_4100,2003,0.553246
Colombie,COL,T_4100,2004,0.574372
Colombie,COL,T_4100,2005,0.584159
Colombie,COL,T_4100,2006,0.577204
Colombie,COL,T_4100,2007,0.536475
Colombie,COL,T_4100,2008,0.531523
Colombie,COL,T_4100,2009,0.613356
Colombie,COL,T_4100,2010,0.613707
Colombie,COL,T_4100,2011,0.5834
Colombie,COL,T_4100,2012,0.602673
Colombie,COL,T_4100,2013,0.663124
Colombie,COL,T_4100,2014,0.71101
Colombie,COL,T_4100,2015,0.753327
Colombie,COL,T_4100,2016,0.76074
Colombie,COL,T_4100,2017,0.794185
Colombie,COL,T_4100,2018,0.808065
Colombie,COL,T_4100,2019,0.824769
Colombie,COL,T_4100,2020,0.912355
Colombie,COL,T_4100,2021,0.808608
Colombie,COL,T_4100,2022,0.675493
Colombie,COL,T_4100,2023,0.694648
Colombie,COL,T_4100,2024,0.731257
Colombie,COL,T_4200,1995,0
Colombie,COL,T_4200,1996,0
Colombie,COL,T_4200,1997,0
Colombie,COL,T_4200,1998,0
Colombie,COL,T_4200,1999,0
Colombie,COL,T_4200,2000,0
Colombie,COL,T_4200,2001,0
Colombie,COL,T_4200,2002,0.532794
Colombie,COL,T_4200,2003,0.465243
Colombie,COL,T_4200,2004,0.150346
Colombie,COL,T_4200,2005,0.136916
Colombie,COL,T_4200,2006,0.137012
Colombie,COL,T_4200,2007,0.273254
Colombie,COL,T_4200,2008,0.671418
Colombie,COL,T_4200,2009,0.403288
Colombie,COL,T_4200,2010,0.36219
Colombie,COL,T_4200,2011,0.685033
Colombie,COL,T_4200,2012,0.62766
Colombie,COL,T_4200,2013,0.598638
Colombie,COL,T_4200,2014,0.53979
Colombie,COL,T_4200,2015,0.665216
Colombie,COL,T_4200,2016,0.514035
Colombie,COL,T_4200,2017,0.420284
Colombie,COL,T_4200,2018,0.047371
Colombie,COL,T_4200,2019,0.087094
Colombie,COL,T_4200,2020,0.09586
Colombie,COL,T_4200,2021,0.086536
Colombie,COL,T_4200,2022,0.00497
Colombie,COL,T_4200,2023,0.077079
Colombie,COL,T_4200,2024,0.086309
Colombie,COL,T_4300,1995,0
Colombie,COL,T_4300,1996,0
Colombie,COL,T_4300,1997,0
Colombie,COL,T_4300,1998,0
Colombie,COL,T_4300,1999,0
Colombie,COL,T_4300,2000,0
Colombie,COL,T_4300,2001,0
Colombie,COL,T_4300,2002,0
Colombie,COL,T_4300,2003,0
Colombie,COL,T_4300,2004,0
Colombie,COL,T_4300,2005,0
Colombie,COL,T_4300,2006,0
Colombie,COL,T_4300,2007,0
Colombie,COL,T_4300,2008,0
Colombie,COL,T_4300,2009,0
Colombie,COL,T_4300,2010,0
Colombie,COL,T_4300,2011,0
Colombie,COL,T_4300,2012,0
Colombie,COL,T_4300,2013,0
Colombie,COL,T_4300,2014,0
Colombie,COL,T_4300,2015,0
Colombie,COL,T_4300,2016,0
Colombie,COL,T_4300,2017,0
Colombie,COL,T_4300,2018,0
Colombie,COL,T_4300,2019,0
Colombie,COL,T_4300,2020,0
Colombie,COL,T_4300,2021,0
Colombie,COL,T_4300,2022,0
Colombie,COL,T_4300,2023,0
Colombie,COL,T_4300,2024,0
Colombie,COL,T_4400,1995,0
Colombie,COL,T_4400,1996,0
Colombie,COL,T_4400,1997,0
Colombie,COL,T_4400,1998,0
Colombie,COL,T_4400,1999,0.526997
Colombie,COL,T_4400,2000,0.531286
Colombie,COL,T_4400,2001,0.667857
Colombie,COL,T_4400,2002,0.619746
Colombie,COL,T_4400,2003,0.612794
Colombie,COL,T_4400,2004,0.744526
Colombie,COL,T_4400,2005,0.71051
Colombie,COL,T_4400,2006,0.700256
Colombie,COL,T_4400,2007,0.697662
Colombie,COL,T_4400,2008,0.671403
Colombie,COL,T_4400,2009,0.622297
Colombie,COL,T_4400,2010,0.592908
Colombie,COL,T_4400,2011,0.818969
Colombie,COL,T_4400,2012,0.820449
Colombie,COL,T_4400,2013,0.825909
Colombie,COL,T_4400,2014,0.844402
Colombie,COL,T_4400,2015,0.837737
Colombie,COL,T_4400,2016,0.819542
Colombie,COL,T_4400,2017,0.735673
Colombie,COL,T_4400,2018,0.68998
Colombie,COL,T_4400,2019,0.772641
Colombie,COL,T_4400,2020,0.748774
Colombie,COL,T_4400,2021,0.824327
Colombie,COL,T_4400,2022,0.83488
Colombie,COL,T_4400,2023,0.862616
Colombie,COL,T_4400,2024,0.824927
Colombie,COL,T_5000,1995,6.935709
Colombie,COL,T_5000,1996,7.412182
Colombie,COL,T_5000,1997,7.349596
Colombie,COL,T_5000,1998,7.07645
Colombie,COL,T_5000,1999,6.659964
Colombie,COL,T_5000,2000,7.267979
Colombie,COL,T_5000,2001,7.877811
Colombie,COL,T_5000,2002,7.553665
Colombie,COL,T_5000,2003,7.956963
Colombie,COL,T_5000,2004,7.892643
Colombie,COL,T_5000,2005,8.181239
Colombie,COL,T_5000,2006,8.726707
Colombie,COL,T_5000,2007,8.580216
Colombie,COL,T_5000,2008,8.66997
Colombie,COL,T_5000,2009,8.022883
Colombie,COL,T_5000,2010,8.163004
Colombie,COL,T_5000,2011,8.341031
Colombie,COL,T_5000,2012,7.988319
Colombie,COL,T_5000,2013,7.742069
Colombie,COL,T_5000,2014,7.991839
Colombie,COL,T_5000,2015,8.166673
Colombie,COL,T_5000,2016,7.752236
Colombie,COL,T_5000,2017,8.189408
Colombie,COL,T_5000,2018,8.241499
Colombie,COL,T_5000,2019,8.470959
Colombie,COL,T_5000,2020,7.787161
Colombie,COL,T_5000,2021,8.322588
Colombie,COL,T_5000,2022,8.791638
Colombie,COL,T_5000,2023,8.720193
Colombie,COL,T_5000,2024,8.405619
Colombie,COL,T_5111,1995,3.951096
Colombie,COL,T_5111,1996,4.492965
Colombie,COL,T_5111,1997,4.489599
Colombie,COL,T_5111,1998,4.182027
Colombie,COL,T_5111,1999,3.990923
Colombie,COL,T_5111,2000,4.328757
Colombie,COL,T_5111,2001,4.703933
Colombie,COL,T_5111,2002,4.564051
Colombie,COL,T_5111,2003,4.940051
Colombie,COL,T_5111,2004,4.976237
Colombie,COL,T_5111,2005,5.156838
Colombie,COL,T_5111,2006,5.650612
Colombie,COL,T_5111,2007,5.455658
Colombie,COL,T_5111,2008,5.679124
Colombie,COL,T_5111,2009,5.165832
Colombie,COL,T_5111,2010,5.295681
Colombie,COL,T_5111,2011,5.669106
Colombie,COL,T_5111,2012,5.452616
Colombie,COL,T_5111,2013,4.851304
Colombie,COL,T_5111,2014,5.079266
Colombie,COL,T_5111,2015,5.177098
Colombie,COL,T_5111,2016,4.848317
Colombie,COL,T_5111,2017,5.499342
Colombie,COL,T_5111,2018,5.656977
Colombie,COL,T_5111,2019,5.842671
Colombie,COL,T_5111,2020,5.399521
Colombie,COL,T_5111,2021,5.859583
Colombie,COL,T_5111,2022,6.235102
Colombie,COL,T_5111,2023,6.02228
Colombie,COL,T_5111,2024,5.607013
Colombie,COL,_T,1995,16.032037
Colombie,COL,_T,1996,16.707652
Colombie,COL,_T,1997,17.381746
Colombie,COL,_T,1998,16.352136
Colombie,COL,_T,1999,16.203637
Colombie,COL,_T,2000,15.682873
Colombie,COL,_T,2001,17.328062
Colombie,COL,_T,2002,17.153128
Colombie,COL,_T,2003,17.291502
Colombie,COL,_T,2004,17.968607
Colombie,COL,_T,2005,18.258893
Colombie,COL,_T,2006,19.26721
Colombie,COL,_T,2007,19.29902
Colombie,COL,_T,2008,19.031833
Colombie,COL,_T,2009,18.816803
Colombie,COL,_T,2010,18.096411
Colombie,COL,_T,2011,18.93186
Colombie,COL,_T,2012,19.720534
Colombie,COL,_T,2013,20.022045
Colombie,COL,_T,2014,19.55038
Colombie,COL,_T,2015,19.902981
Colombie,COL,_T,2016,19.078888
Colombie,COL,_T,2017,18.983306
Colombie,COL,_T,2018,19.2652
Colombie,COL,_T,2019,19.692371
Colombie,COL,_T,2020,18.772569
Colombie,COL,_T,2021,19.193385
Colombie,COL,_T,2022,19.634726
Colombie,COL,_T,2023,22.075474
Colombie,COL,_T,2024,19.865884
Corée,KOR,T_1100,1995,3.27701
Corée,KOR,T_1100,1996,3.196489
Corée,KOR,T_1100,1997,2.943275
Corée,KOR,T_1100,1998,3.432471
Corée,KOR,T_1100,1999,2.904493
Corée,KOR,T_1100,2000,2.952351
Corée,KOR,T_1100,2001,2.887858
Corée,KOR,T_1100,2002,2.617601
Corée,KOR,T_1100,2003,2.677654
Corée,KOR,T_1100,2004,2.769478
Corée,KOR,T_1100,2005,2.770366
Corée,KOR,T_1100,2006,3.308235
Corée,KOR,T_1100,2007,3.814405
Corée,KOR,T_1100,2008,3.400742
Corée,KOR,T_1100,2009,3.076383
Corée,KOR,T_1100,2010,3.051773
Corée,KOR,T_1100,2011,3.265208
Corée,KOR,T_1100,2012,3.401733
Corée,KOR,T_1100,2013,3.393577
Corée,KOR,T_1100,2014,3.628779
Corée,KOR,T_1100,2015,3.883326
Corée,KOR,T_1100,2016,4.130382
Corée,KOR,T_1100,2017,4.29736
Corée,KOR,T_1100,2018,4.647493
Corée,KOR,T_1100,2019,4.494475
Corée,KOR,T_1100,2020,4.920459
Corée,KOR,T_1100,2021,5.680241
Corée,KOR,T_1100,2022,6.107545
Corée,KOR,T_1100,2023,5.330775
Corée,KOR,T_1100,2024,5.092893
Corée,KOR,T_1200,1995,2.107955
Corée,KOR,T_1200,1996,2.065349
Corée,KOR,T_1200,1997,1.80731
Corée,KOR,T_1200,1998,2.089602
Corée,KOR,T_1200,1999,1.655238
Corée,KOR,T_1200,2000,2.851868
Corée,KOR,T_1200,2001,2.509406
Corée,KOR,T_1200,2002,2.620922
Corée,KOR,T_1200,2003,3.242559
Corée,KOR,T_1200,2004,2.908731
Corée,KOR,T_1200,2005,3.319917
Corée,KOR,T_1200,2006,3.1141
Corée,KOR,T_1200,2007,3.434251
Corée,KOR,T_1200,2008,3.608477
Corée,KOR,T_1200,2009,3.129039
Corée,KOR,T_1200,2010,2.958186
Corée,KOR,T_1200,2011,3.420325
Corée,KOR,T_1200,2012,3.373422
Corée,KOR,T_1200,2013,3.086118
Corée,KOR,T_1200,2014,2.862157
Corée,KOR,T_1200,2015,2.96138
Corée,KOR,T_1200,2016,3.207373
Corée,KOR,T_1200,2017,3.427662
Corée,KOR,T_1200,2018,3.971251
Corée,KOR,T_1200,2019,4.034413
Corée,KOR,T_1200,2020,3.171196
Corée,KOR,T_1200,2021,3.571877
Corée,KOR,T_1200,2022,5.003353
Corée,KOR,T_1200,2023,3.868125
Corée,KOR,T_1200,2024,2.816187
Corée,KOR,T_2000,1995,2.18758
Corée,KOR,T_2000,1996,2.489376
Corée,KOR,T_2000,1997,2.594629
Corée,KOR,T_2000,1998,3.029894
Corée,KOR,T_2000,1999,3.181997
Corée,KOR,T_2000,2000,3.368048
Corée,KOR,T_2000,2001,3.745071
Corée,KOR,T_2000,2002,3.903961
Corée,KOR,T_2000,2003,4.187139
Corée,KOR,T_2000,2004,4.283236
Corée,KOR,T_2000,2005,4.411483
Corée,KOR,T_2000,2006,4.614775
Corée,KOR,T_2000,2007,4.723319
Corée,KOR,T_2000,2008,4.939014
Corée,KOR,T_2000,2009,5.093501
Corée,KOR,T_2000,2010,5.008481
Corée,KOR,T_2000,2011,5.33172
Corée,KOR,T_2000,2012,5.607859
Corée,KOR,T_2000,2013,5.830656
Corée,KOR,T_2000,2014,5.992366
Corée,KOR,T_2000,2015,6.014157
Corée,KOR,T_2000,2016,6.14601
Corée,KOR,T_2000,2017,6.187256
Corée,KOR,T_2000,2018,6.410644
Corée,KOR,T_2000,2019,6.864226
Corée,KOR,T_2000,2020,7.328465
Corée,KOR,T_2000,2021,7.300421
Corée,KOR,T_2000,2022,7.606008
Corée,KOR,T_2000,2023,7.858272
Corée,KOR,T_2000,2024,7.65613
Corée,KOR,T_3000,1995,0.052331
Corée,KOR,T_3000,1996,0.056609
Corée,KOR,T_3000,1997,0.054978
Corée,KOR,T_3000,1998,0.049544
Corée,KOR,T_3000,1999,0.044185
Corée,KOR,T_3000,2000,0.038181
Corée,KOR,T_3000,2001,0.047494
Corée,KOR,T_3000,2002,0.046973
Corée,KOR,T_3000,2003,0.048496
Corée,KOR,T_3000,2004,0.049635
Corée,KOR,T_3000,2005,0.051649
Corée,KOR,T_3000,2006,0.053746
Corée,KOR,T_3000,2007,0.054559
Corée,KOR,T_3000,2008,0.056693
Corée,KOR,T_3000,2009,0.05425
Corée,KOR,T_3000,2010,0.051759
Corée,KOR,T_3000,2011,0.055434
Corée,KOR,T_3000,2012,0.057687
Corée,KOR,T_3000,2013,0.062447
Corée,KOR,T_3000,2014,0.063595
Corée,KOR,T_3000,2015,0.064454
Corée,KOR,T_3000,2016,0.070539
Corée,KOR,T_3000,2017,0.071139
Corée,KOR,T_3000,2018,0.074341
Corée,KOR,T_3000,2019,0.078262
Corée,KOR,T_3000,2020,0.078068
Corée,KOR,T_3000,2021,0.078986
Corée,KOR,T_3000,2022,0.085292
Corée,KOR,T_3000,2023,0.089039
Corée,KOR,T_3000,2024,0.087246
Corée,KOR,T_4000,1995,2.524946
Corée,KOR,T_4000,1996,2.409235
Corée,KOR,T_4000,1997,2.328675
Corée,KOR,T_4000,1998,1.98726
Corée,KOR,T_4000,1999,2.536825
Corée,KOR,T_4000,2000,2.492998
Corée,KOR,T_4000,2001,2.335944
Corée,KOR,T_4000,2002,2.615019
Corée,KOR,T_4000,2003,2.498069
Corée,KOR,T_4000,2004,2.294553
Corée,KOR,T_4000,2005,2.481673
Corée,KOR,T_4000,2006,2.869375
Corée,KOR,T_4000,2007,2.918272
Corée,KOR,T_4000,2008,2.69898
Corée,KOR,T_4000,2009,2.533487
Corée,KOR,T_4000,2010,2.429646
Corée,KOR,T_4000,2011,2.523513
Corée,KOR,T_4000,2012,2.406701
Corée,KOR,T_4000,2013,2.281885
Corée,KOR,T_4000,2014,2.459895
Corée,KOR,T_4000,2015,2.793294
Corée,KOR,T_4000,2016,2.717909
Corée,KOR,T_4000,2017,2.812793
Corée,KOR,T_4000,2018,2.930331
Corée,KOR,T_4000,2019,2.927186
Corée,KOR,T_4000,2020,3.716942
Corée,KOR,T_4000,2021,4.197419
Corée,KOR,T_4000,2022,3.531528
Corée,KOR,T_4000,2023,3.094633
Corée,KOR,T_4000,2024,2.975536
Corée,KOR,T_4100,1995,0.605027
Corée,KOR,T_4100,1996,0.566761
Corée,KOR,T_4100,1997,0.531305
Corée,KOR,T_4100,1998,0.543625
Corée,KOR,T_4100,1999,0.517833
Corée,KOR,T_4100,2000,0.500938
Corée,KOR,T_4100,2001,0.479035
Corée,KOR,T_4100,2002,0.452273
Corée,KOR,T_4100,2003,0.474018
Corée,KOR,T_4100,2004,0.523924
Corée,KOR,T_4100,2005,0.505438
Corée,KOR,T_4100,2006,0.665128
Corée,KOR,T_4100,2007,0.810548
Corée,KOR,T_4100,2008,0.819553
Corée,KOR,T_4100,2009,0.705725
Corée,KOR,T_4100,2010,0.672002
Corée,KOR,T_4100,2011,0.675077
Corée,KOR,T_4100,2012,0.685531
Corée,KOR,T_4100,2013,0.68806
Corée,KOR,T_4100,2014,0.711267
Corée,KOR,T_4100,2015,0.717266
Corée,KOR,T_4100,2016,0.714392
Corée,KOR,T_4100,2017,0.740293
Corée,KOR,T_4100,2018,0.776741
Corée,KOR,T_4100,2019,0.869845
Corée,KOR,T_4100,2020,0.973735
Corée,KOR,T_4100,2021,1.102023
Corée,KOR,T_4100,2022,1.140813
Corée,KOR,T_4100,2023,0.934662
Corée,KOR,T_4100,2024,0.87438
Corée,KOR,T_4200,1995,0
Corée,KOR,T_4200,1996,0
Corée,KOR,T_4200,1997,0
Corée,KOR,T_4200,1998,0
Corée,KOR,T_4200,1999,0
Corée,KOR,T_4200,2000,0
Corée,KOR,T_4200,2001,0
Corée,KOR,T_4200,2002,0
Corée,KOR,T_4200,2003,0
Corée,KOR,T_4200,2004,0
Corée,KOR,T_4200,2005,0
Corée,KOR,T_4200,2006,0
Corée,KOR,T_4200,2007,0
Corée,KOR,T_4200,2008,0
Corée,KOR,T_4200,2009,0
Corée,KOR,T_4200,2010,0
Corée,KOR,T_4200,2011,0
Corée,KOR,T_4200,2012,0
Corée,KOR,T_4200,2013,0
Corée,KOR,T_4200,2014,0
Corée,KOR,T_4200,2015,0
Corée,KOR,T_4200,2016,0
Corée,KOR,T_4200,2017,0
Corée,KOR,T_4200,2018,0
Corée,KOR,T_4200,2019,0
Corée,KOR,T_4200,2020,0
Corée,KOR,T_4200,2021,0
Corée,KOR,T_4200,2022,0
Corée,KOR,T_4200,2023,0
Corée,KOR,T_4200,2024,0
Corée,KOR,T_4300,1995,0.22716
Corée,KOR,T_4300,1996,0.189887
Corée,KOR,T_4300,1997,0.206593
Corée,KOR,T_4300,1998,0.121998
Corée,KOR,T_4300,1999,0.146904
Corée,KOR,T_4300,2000,0.14636
Corée,KOR,T_4300,2001,0.12938
Corée,KOR,T_4300,2002,0.10526
Corée,KOR,T_4300,2003,0.151478
Corée,KOR,T_4300,2004,0.181146
Corée,KOR,T_4300,2005,0.188208
Corée,KOR,T_4300,2006,0.228563
Corée,KOR,T_4300,2007,0.250498
Corée,KOR,T_4300,2008,0.230845
Corée,KOR,T_4300,2009,0.193658
Corée,KOR,T_4300,2010,0.222986
Corée,KOR,T_4300,2011,0.230088
Corée,KOR,T_4300,2012,0.267234
Corée,KOR,T_4300,2013,0.273085
Corée,KOR,T_4300,2014,0.282273
Corée,KOR,T_4300,2015,0.289756
Corée,KOR,T_4300,2016,0.291867
Corée,KOR,T_4300,2017,0.350785
Corée,KOR,T_4300,2018,0.366671
Corée,KOR,T_4300,2019,0.408165
Corée,KOR,T_4300,2020,0.504016
Corée,KOR,T_4300,2021,0.675364
Corée,KOR,T_4300,2022,0.628028
Corée,KOR,T_4300,2023,0.609448
Corée,KOR,T_4300,2024,0.600129
Corée,KOR,T_4400,1995,1.673095
Corée,KOR,T_4400,1996,1.61002
Corée,KOR,T_4400,1997,1.561026
Corée,KOR,T_4400,1998,1.239564
Corée,KOR,T_4400,1999,1.706271
Corée,KOR,T_4400,2000,1.766231
Corée,KOR,T_4400,2001,1.703781
Corée,KOR,T_4400,2002,2.05724
Corée,KOR,T_4400,2003,1.872572
Corée,KOR,T_4400,2004,1.590968
Corée,KOR,T_4400,2005,1.788227
Corée,KOR,T_4400,2006,1.97205
Corée,KOR,T_4400,2007,1.857226
Corée,KOR,T_4400,2008,1.648582
Corée,KOR,T_4400,2009,1.634104
Corée,KOR,T_4400,2010,1.534658
Corée,KOR,T_4400,2011,1.618348
Corée,KOR,T_4400,2012,1.453936
Corée,KOR,T_4400,2013,1.320739
Corée,KOR,T_4400,2014,1.466355
Corée,KOR,T_4400,2015,1.786272
Corée,KOR,T_4400,2016,1.71165
Corée,KOR,T_4400,2017,1.721715
Corée,KOR,T_4400,2018,1.786919
Corée,KOR,T_4400,2019,1.649176
Corée,KOR,T_4400,2020,2.239191
Corée,KOR,T_4400,2021,2.420032
Corée,KOR,T_4400,2022,1.762687
Corée,KOR,T_4400,2023,1.550523
Corée,KOR,T_4400,2024,1.501027
Corée,KOR,T_5000,1995,7.367975
Corée,KOR,T_5000,1996,7.78163
Corée,KOR,T_5000,1997,7.824656
Corée,KOR,T_5000,1998,6.932986
Corée,KOR,T_5000,1999,7.46504
Corée,KOR,T_5000,2000,7.735456
Corée,KOR,T_5000,2001,8.103607
Corée,KOR,T_5000,2002,7.96495
Corée,KOR,T_5000,2003,7.855796
Corée,KOR,T_5000,2004,7.383507
Corée,KOR,T_5000,2005,7.13854
Corée,KOR,T_5000,2006,7.080769
Corée,KOR,T_5000,2007,7.127198
Corée,KOR,T_5000,2008,7.156936
Corée,KOR,T_5000,2009,6.934009
Corée,KOR,T_5000,2010,7.232467
Corée,KOR,T_5000,2011,6.941371
Corée,KOR,T_5000,2012,7.071432
Corée,KOR,T_5000,2013,6.793202
Corée,KOR,T_5000,2014,6.680013
Corée,KOR,T_5000,2015,6.337748
Corée,KOR,T_5000,2016,6.611852
Corée,KOR,T_5000,2017,6.672668
Corée,KOR,T_5000,2018,6.631624
Corée,KOR,T_5000,2019,6.629245
Corée,KOR,T_5000,2020,6.381109
Corée,KOR,T_5000,2021,6.440396
Corée,KOR,T_5000,2022,6.746676
Corée,KOR,T_5000,2023,6.08411
Corée,KOR,T_5000,2024,6.116658
Corée,KOR,T_5111,1995,3.230039
Corée,KOR,T_5111,1996,3.298514
Corée,KOR,T_5111,1997,3.467332
Corée,KOR,T_5111,1998,2.819477
Corée,KOR,T_5111,1999,3.321074
Corée,KOR,T_5111,2000,3.435087
Corée,KOR,T_5111,2001,3.525889
Corée,KOR,T_5111,2002,3.886868
Corée,KOR,T_5111,2003,3.85285
Corée,KOR,T_5111,2004,3.666618
Corée,KOR,T_5111,2005,3.62931
Corée,KOR,T_5111,2006,3.642951
Corée,KOR,T_5111,2007,3.608683
Corée,KOR,T_5111,2008,3.642642
Corée,KOR,T_5111,2009,3.743471
Corée,KOR,T_5111,2010,3.755092
Corée,KOR,T_5111,2011,3.787721
Corée,KOR,T_5111,2012,3.90131
Corée,KOR,T_5111,2013,3.762401
Corée,KOR,T_5111,2014,3.84349
Corée,KOR,T_5111,2015,3.456045
Corée,KOR,T_5111,2016,3.722205
Corée,KOR,T_5111,2017,3.844468
Corée,KOR,T_5111,2018,3.860089
Corée,KOR,T_5111,2019,4.026964
Corée,KOR,T_5111,2020,3.956926
Corée,KOR,T_5111,2021,4.006548
Corée,KOR,T_5111,2022,4.54251
Corée,KOR,T_5111,2023,4.099968
Corée,KOR,T_5111,2024,4.244209
Corée,KOR,_T,1995,18.096325
Corée,KOR,_T,1996,18.668855
Corée,KOR,_T,1997,18.310899
Corée,KOR,_T,1998,18.27848
Corée,KOR,_T,1999,18.548059
Corée,KOR,_T,2000,20.169961
Corée,KOR,_T,2001,20.457796
Corée,KOR,_T,2002,20.56527
Corée,KOR,_T,2003,21.212274
Corée,KOR,_T,2004,20.403754
Corée,KOR,_T,2005,20.835019
Corée,KOR,_T,2006,21.765326
Corée,KOR,_T,2007,22.790797
Corée,KOR,_T,2008,22.627359
Corée,KOR,_T,2009,21.799235
Corée,KOR,_T,2010,21.455349
Corée,KOR,_T,2011,22.222865
Corée,KOR,_T,2012,22.685045
Corée,KOR,_T,2013,22.109845
Corée,KOR,_T,2014,22.302801
Corée,KOR,_T,2015,22.608251
Corée,KOR,_T,2016,23.499495
Corée,KOR,_T,2017,24.064825
Corée,KOR,_T,2018,25.239384
Corée,KOR,_T,2019,25.678059
Corée,KOR,_T,2020,26.157822
Corée,KOR,_T,2021,27.862658
Corée,KOR,_T,2022,29.747074
Corée,KOR,_T,2023,26.871141
Corée,KOR,_T,2024,25.333638
Costa Rica,CRI,T_1100,2003,0.085736
Costa Rica,CRI,T_1100,2004,0.069952
Costa Rica,CRI,T_1100,2005,0.171642
Costa Rica,CRI,T_1100,2006,0.60525
Costa Rica,CRI,T_1100,2007,0.886987
Costa Rica,CRI,T_1100,2008,0.644927
Costa Rica,CRI,T_1100,2009,0.890361
Costa Rica,CRI,T_1100,2010,1.024386
Costa Rica,CRI,T_1100,2011,1.079778
Costa Rica,CRI,T_1100,2012,1.294534
Costa Rica,CRI,T_1100,2013,1.24453
Costa Rica,CRI,T_1100,2014,1.246865
Costa Rica,CRI,T_1100,2015,1.280134
Costa Rica,CRI,T_1100,2016,1.292247
Costa Rica,CRI,T_1100,2017,1.300151
Costa Rica,CRI,T_1100,2018,1.342908
Costa Rica,CRI,T_1100,2019,1.42988
Costa Rica,CRI,T_1100,2020,1.523717
Costa Rica,CRI,T_1100,2021,1.544319
Costa Rica,CRI,T_1100,2022,1.542746
Costa Rica,CRI,T_1100,2023,1.425511
Costa Rica,CRI,T_1100,2024,1.4609
Costa Rica,CRI,T_1200,2003,1.446659
Costa Rica,CRI,T_1200,2004,1.633187
Costa Rica,CRI,T_1200,2005,3.010907
Costa Rica,CRI,T_1200,2006,2.423607
Costa Rica,CRI,T_1200,2007,2.511521
Costa Rica,CRI,T_1200,2008,2.972032
Costa Rica,CRI,T_1200,2009,2.52036
Costa Rica,CRI,T_1200,2010,2.274072
Costa Rica,CRI,T_1200,2011,2.247557
Costa Rica,CRI,T_1200,2012,1.942843
Costa Rica,CRI,T_1200,2013,2.141083
Costa Rica,CRI,T_1200,2014,2.050393
Costa Rica,CRI,T_1200,2015,2.187302
Costa Rica,CRI,T_1200,2016,2.314712
Costa Rica,CRI,T_1200,2017,2.457163
Costa Rica,CRI,T_1200,2018,2.541416
Costa Rica,CRI,T_1200,2019,2.79679
Costa Rica,CRI,T_1200,2020,1.897648
Costa Rica,CRI,T_1200,2021,2.406713
Costa Rica,CRI,T_1200,2022,2.653056
Costa Rica,CRI,T_1200,2023,2.645454
Costa Rica,CRI,T_1200,2024,2.281575
Costa Rica,CRI,T_2000,1995,5.664938
Costa Rica,CRI,T_2000,1996,5.84925
Costa Rica,CRI,T_2000,1997,5.847678
Costa Rica,CRI,T_2000,1998,6.005322
Costa Rica,CRI,T_2000,1999,6.38492
Costa Rica,CRI,T_2000,2000,6.420261
Costa Rica,CRI,T_2000,2001,6.562814
Costa Rica,CRI,T_2000,2002,6.833931
Costa Rica,CRI,T_2000,2003,6.549284
Costa Rica,CRI,T_2000,2004,6.296493
Costa Rica,CRI,T_2000,2005,6.449635
Costa Rica,CRI,T_2000,2006,6.404514
Costa Rica,CRI,T_2000,2007,6.372304
Costa Rica,CRI,T_2000,2008,6.637295
Costa Rica,CRI,T_2000,2009,7.049946
Costa Rica,CRI,T_2000,2010,7.32517
Costa Rica,CRI,T_2000,2011,7.546705
Costa Rica,CRI,T_2000,2012,7.52217
Costa Rica,CRI,T_2000,2013,7.572106
Costa Rica,CRI,T_2000,2014,7.550084
Costa Rica,CRI,T_2000,2015,7.639994
Costa Rica,CRI,T_2000,2016,7.922797
Costa Rica,CRI,T_2000,2017,7.689297
Costa Rica,CRI,T_2000,2018,7.939717
Costa Rica,CRI,T_2000,2019,8.000314
Costa Rica,CRI,T_2000,2020,8.142399
Costa Rica,CRI,T_2000,2021,8.941315
Costa Rica,CRI,T_2000,2022,8.760743
Costa Rica,CRI,T_2000,2023,8.908086
Costa Rica,CRI,T_2000,2024,9.035034
Costa Rica,CRI,T_3000,1995,1.105433
Costa Rica,CRI,T_3000,1996,1.129415
Costa Rica,CRI,T_3000,1997,1.262019
Costa Rica,CRI,T_3000,1998,1.262341
Costa Rica,CRI,T_3000,1999,1.319941
Costa Rica,CRI,T_3000,2000,1.335527
Costa Rica,CRI,T_3000,2001,1.257014
Costa Rica,CRI,T_3000,2002,1.16661
Costa Rica,CRI,T_3000,2003,1.227922
Costa Rica,CRI,T_3000,2004,1.190516
Costa Rica,CRI,T_3000,2005,1.208409
Costa Rica,CRI,T_3000,2006,1.135442
Costa Rica,CRI,T_3000,2007,1.231158
Costa Rica,CRI,T_3000,2008,1.287767
Costa Rica,CRI,T_3000,2009,1.324042
Costa Rica,CRI,T_3000,2010,1.316352
Costa Rica,CRI,T_3000,2011,1.337331
Costa Rica,CRI,T_3000,2012,1.363866
Costa Rica,CRI,T_3000,2013,1.385366
Costa Rica,CRI,T_3000,2014,1.388753
Costa Rica,CRI,T_3000,2015,1.404008
Costa Rica,CRI,T_3000,2016,1.414292
Costa Rica,CRI,T_3000,2017,1.372032
Costa Rica,CRI,T_3000,2018,1.384369
Costa Rica,CRI,T_3000,2019,1.381177
Costa Rica,CRI,T_3000,2020,1.473217
Costa Rica,CRI,T_3000,2021,1.411818
Costa Rica,CRI,T_3000,2022,1.427665
Costa Rica,CRI,T_3000,2023,1.473924
Costa Rica,CRI,T_3000,2024,1.501767
Costa Rica,CRI,T_4000,1995,0.195211
Costa Rica,CRI,T_4000,1996,0.291804
Costa Rica,CRI,T_4000,1997,0.291191
Costa Rica,CRI,T_4000,1998,0.196374
Costa Rica,CRI,T_4000,1999,0.159933
Costa Rica,CRI,T_4000,2000,0.181461
Costa Rica,CRI,T_4000,2001,0.194425
Costa Rica,CRI,T_4000,2002,0.208714
Costa Rica,CRI,T_4000,2003,0.213049
Costa Rica,CRI,T_4000,2004,0.240853
Costa Rica,CRI,T_4000,2005,0.26219
Costa Rica,CRI,T_4000,2006,0.314213
Costa Rica,CRI,T_4000,2007,0.307137
Costa Rica,CRI,T_4000,2008,0.287559
Costa Rica,CRI,T_4000,2009,0.270259
Costa Rica,CRI,T_4000,2010,0.321713
Costa Rica,CRI,T_4000,2011,0.329337
Costa Rica,CRI,T_4000,2012,0.345249
Costa Rica,CRI,T_4000,2013,0.388919
Costa Rica,CRI,T_4000,2014,0.40824
Costa Rica,CRI,T_4000,2015,0.408528
Costa Rica,CRI,T_4000,2016,0.419049
Costa Rica,CRI,T_4000,2017,0.424984
Costa Rica,CRI,T_4000,2018,0.414579
Costa Rica,CRI,T_4000,2019,0.44394
Costa Rica,CRI,T_4000,2020,0.446496
Costa Rica,CRI,T_4000,2021,0.517106
Costa Rica,CRI,T_4000,2022,0.492616
Costa Rica,CRI,T_4000,2023,0.469191
Costa Rica,CRI,T_4000,2024,0.481233
Costa Rica,CRI,T_4100,1995,0.119086
Costa Rica,CRI,T_4100,1996,0.205323
Costa Rica,CRI,T_4100,1997,0.203118
Costa Rica,CRI,T_4100,1998,0.122633
Costa Rica,CRI,T_4100,1999,0.100458
Costa Rica,CRI,T_4100,2000,0.116482
Costa Rica,CRI,T_4100,2001,0.117644
Costa Rica,CRI,T_4100,2002,0.125943
Costa Rica,CRI,T_4100,2003,0.130393
Costa Rica,CRI,T_4100,2004,0.148332
Costa Rica,CRI,T_4100,2005,0.148936
Costa Rica,CRI,T_4100,2006,0.172925
Costa Rica,CRI,T_4100,2007,0.167705
Costa Rica,CRI,T_4100,2008,0.181418
Costa Rica,CRI,T_4100,2009,0.198012
Costa Rica,CRI,T_4100,2010,0.247261
Costa Rica,CRI,T_4100,2011,0.241225
Costa Rica,CRI,T_4100,2012,0.257049
Costa Rica,CRI,T_4100,2013,0.277991
Costa Rica,CRI,T_4100,2014,0.29146
Costa Rica,CRI,T_4100,2015,0.298299
Costa Rica,CRI,T_4100,2016,0.305304
Costa Rica,CRI,T_4100,2017,0.312011
Costa Rica,CRI,T_4100,2018,0.315388
Costa Rica,CRI,T_4100,2019,0.331458
Costa Rica,CRI,T_4100,2020,0.349703
Costa Rica,CRI,T_4100,2021,0.372655
Costa Rica,CRI,T_4100,2022,0.345749
Costa Rica,CRI,T_4100,2023,0.341735
Costa Rica,CRI,T_4100,2024,0.350472
Costa Rica,CRI,T_4200,1995,0
Costa Rica,CRI,T_4200,1996,0
Costa Rica,CRI,T_4200,1997,0
Costa Rica,CRI,T_4200,1998,0
Costa Rica,CRI,T_4200,1999,0
Costa Rica,CRI,T_4200,2000,0
Costa Rica,CRI,T_4200,2001,0
Costa Rica,CRI,T_4200,2002,0
Costa Rica,CRI,T_4200,2003,0
Costa Rica,CRI,T_4200,2004,0
Costa Rica,CRI,T_4200,2005,0
Costa Rica,CRI,T_4200,2006,0
Costa Rica,CRI,T_4200,2007,0
Costa Rica,CRI,T_4200,2008,0
Costa Rica,CRI,T_4200,2009,0
Costa Rica,CRI,T_4200,2010,0
Costa Rica,CRI,T_4200,2011,0
Costa Rica,CRI,T_4200,2012,0
Costa Rica,CRI,T_4200,2013,0
Costa Rica,CRI,T_4200,2014,0
Costa Rica,CRI,T_4200,2015,0
Costa Rica,CRI,T_4200,2016,0
Costa Rica,CRI,T_4200,2017,0
Costa Rica,CRI,T_4200,2018,0
Costa Rica,CRI,T_4200,2019,0
Costa Rica,CRI,T_4200,2020,0
Costa Rica,CRI,T_4200,2021,0
Costa Rica,CRI,T_4200,2022,0
Costa Rica,CRI,T_4200,2023,0
Costa Rica,CRI,T_4200,2024,0
Costa Rica,CRI,T_4300,1995,0
Costa Rica,CRI,T_4300,1996,0
Costa Rica,CRI,T_4300,1997,0
Costa Rica,CRI,T_4300,1998,0
Costa Rica,CRI,T_4300,1999,0
Costa Rica,CRI,T_4300,2000,0
Costa Rica,CRI,T_4300,2001,0
Costa Rica,CRI,T_4300,2002,0
Costa Rica,CRI,T_4300,2003,0
Costa Rica,CRI,T_4300,2004,0
Costa Rica,CRI,T_4300,2005,0
Costa Rica,CRI,T_4300,2006,0
Costa Rica,CRI,T_4300,2007,0
Costa Rica,CRI,T_4300,2008,0
Costa Rica,CRI,T_4300,2009,0
Costa Rica,CRI,T_4300,2010,0
Costa Rica,CRI,T_4300,2011,0
Costa Rica,CRI,T_4300,2012,0
Costa Rica,CRI,T_4300,2013,0
Costa Rica,CRI,T_4300,2014,0
Costa Rica,CRI,T_4300,2015,0
Costa Rica,CRI,T_4300,2016,0
Costa Rica,CRI,T_4300,2017,0
Costa Rica,CRI,T_4300,2018,0
Costa Rica,CRI,T_4300,2019,0
Costa Rica,CRI,T_4300,2020,0
Costa Rica,CRI,T_4300,2021,0
Costa Rica,CRI,T_4300,2022,0
Costa Rica,CRI,T_4300,2023,0
Costa Rica,CRI,T_4300,2024,0
Costa Rica,CRI,T_4400,1995,0.076125
Costa Rica,CRI,T_4400,1996,0.086481
Costa Rica,CRI,T_4400,1997,0.088073
Costa Rica,CRI,T_4400,1998,0.073742
Costa Rica,CRI,T_4400,1999,0.059475
Costa Rica,CRI,T_4400,2000,0.064978
Costa Rica,CRI,T_4400,2001,0.076781
Costa Rica,CRI,T_4400,2002,0.082771
Costa Rica,CRI,T_4400,2003,0.082656
Costa Rica,CRI,T_4400,2004,0.092521
Costa Rica,CRI,T_4400,2005,0.113254
Costa Rica,CRI,T_4400,2006,0.141288
Costa Rica,CRI,T_4400,2007,0.139431
Costa Rica,CRI,T_4400,2008,0.106141
Costa Rica,CRI,T_4400,2009,0.072246
Costa Rica,CRI,T_4400,2010,0.074452
Costa Rica,CRI,T_4400,2011,0.088112
Costa Rica,CRI,T_4400,2012,0.0882
Costa Rica,CRI,T_4400,2013,0.110928
Costa Rica,CRI,T_4400,2014,0.116779
Costa Rica,CRI,T_4400,2015,0.110228
Costa Rica,CRI,T_4400,2016,0.113745
Costa Rica,CRI,T_4400,2017,0.112973
Costa Rica,CRI,T_4400,2018,0.099191
Costa Rica,CRI,T_4400,2019,0.112482
Costa Rica,CRI,T_4400,2020,0.096726
Costa Rica,CRI,T_4400,2021,0.144337
Costa Rica,CRI,T_4400,2022,0.146848
Costa Rica,CRI,T_4400,2023,0.127435
Costa Rica,CRI,T_4400,2024,0.130761
Costa Rica,CRI,T_5000,1995,8.998511
Costa Rica,CRI,T_5000,1996,9.61503
Costa Rica,CRI,T_5000,1997,9.70358
Costa Rica,CRI,T_5000,1998,9.981889
Costa Rica,CRI,T_5000,1999,9.416669
Costa Rica,CRI,T_5000,2000,9.873482
Costa Rica,CRI,T_5000,2001,10.155463
Costa Rica,CRI,T_5000,2002,9.990264
Costa Rica,CRI,T_5000,2003,9.872831
Costa Rica,CRI,T_5000,2004,9.773058
Costa Rica,CRI,T_5000,2005,9.863433
Costa Rica,CRI,T_5000,2006,10.256435
Costa Rica,CRI,T_5000,2007,10.839544
Costa Rica,CRI,T_5000,2008,10.747621
Costa Rica,CRI,T_5000,2009,9.127797
Costa Rica,CRI,T_5000,2010,8.922901
Costa Rica,CRI,T_5000,2011,9.105142
Costa Rica,CRI,T_5000,2012,9.053154
Costa Rica,CRI,T_5000,2013,9.044457
Costa Rica,CRI,T_5000,2014,8.814177
Costa Rica,CRI,T_5000,2015,8.822449
Costa Rica,CRI,T_5000,2016,8.716633
Costa Rica,CRI,T_5000,2017,8.37224
Costa Rica,CRI,T_5000,2018,8.103552
Costa Rica,CRI,T_5000,2019,8.146354
Costa Rica,CRI,T_5000,2020,7.52185
Costa Rica,CRI,T_5000,2021,8.6507
Costa Rica,CRI,T_5000,2022,8.200671
Costa Rica,CRI,T_5000,2023,8.322806
Costa Rica,CRI,T_5000,2024,8.420826
Costa Rica,CRI,T_5111,1995,3.983782
Costa Rica,CRI,T_5111,1996,5.408514
Costa Rica,CRI,T_5111,1997,5.045354
Costa Rica,CRI,T_5111,1998,4.993454
Costa Rica,CRI,T_5111,1999,4.795225
Costa Rica,CRI,T_5111,2000,4.814616
Costa Rica,CRI,T_5111,2001,5.068091
Costa Rica,CRI,T_5111,2002,4.989134
Costa Rica,CRI,T_5111,2003,4.813836
Costa Rica,CRI,T_5111,2004,4.875705
Costa Rica,CRI,T_5111,2005,5.065954
Costa Rica,CRI,T_5111,2006,5.396449
Costa Rica,CRI,T_5111,2007,5.744455
Costa Rica,CRI,T_5111,2008,5.779026
Costa Rica,CRI,T_5111,2009,4.711965
Costa Rica,CRI,T_5111,2010,4.647498
Costa Rica,CRI,T_5111,2011,4.762457
Costa Rica,CRI,T_5111,2012,4.727757
Costa Rica,CRI,T_5111,2013,4.6214
Costa Rica,CRI,T_5111,2014,4.524063
Costa Rica,CRI,T_5111,2015,4.428207
Costa Rica,CRI,T_5111,2016,4.412109
Costa Rica,CRI,T_5111,2017,4.231781
Costa Rica,CRI,T_5111,2018,4.130589
Costa Rica,CRI,T_5111,2019,4.321684
Costa Rica,CRI,T_5111,2020,4.449058
Costa Rica,CRI,T_5111,2021,5.058685
Costa Rica,CRI,T_5111,2022,4.89435
Costa Rica,CRI,T_5111,2023,4.857403
Costa Rica,CRI,T_5111,2024,4.926086
Costa Rica,CRI,_T,1995,18.926928
Costa Rica,CRI,_T,1996,19.861611
Costa Rica,CRI,_T,1997,20.153267
Costa Rica,CRI,_T,1998,20.46613
Costa Rica,CRI,_T,1999,21.199253
Costa Rica,CRI,_T,2000,21.139049
Costa Rica,CRI,_T,2001,21.763363
Costa Rica,CRI,_T,2002,21.838883
Costa Rica,CRI,_T,2003,21.842438
Costa Rica,CRI,_T,2004,21.3257
Costa Rica,CRI,_T,2005,21.769961
Costa Rica,CRI,_T,2006,22.046621
Costa Rica,CRI,_T,2007,23.136215
Costa Rica,CRI,_T,2008,23.692235
Costa Rica,CRI,_T,2009,22.108204
Costa Rica,CRI,_T,2010,22.130919
Costa Rica,CRI,_T,2011,22.649322
Costa Rica,CRI,_T,2012,22.565042
Costa Rica,CRI,_T,2013,22.978858
Costa Rica,CRI,_T,2014,22.609397
Costa Rica,CRI,_T,2015,22.947082
Costa Rica,CRI,_T,2016,23.486038
Costa Rica,CRI,_T,2017,22.984285
Costa Rica,CRI,_T,2018,23.157173
Costa Rica,CRI,_T,2019,23.408358
Costa Rica,CRI,_T,2020,22.56603
Costa Rica,CRI,_T,2021,24.845283
Costa Rica,CRI,_T,2022,25.186252
Costa Rica,CRI,_T,2023,24.93087
Costa Rica,CRI,_T,2024,24.840079
Danemark,DNK,T_1100,1995,25.601583
Danemark,DNK,T_1100,1996,25.436927
Danemark,DNK,T_1100,1997,25.283708
Danemark,DNK,T_1100,1998,24.895177
Danemark,DNK,T_1100,1999,25.140773
Danemark,DNK,T_1100,2000,24.596921
Danemark,DNK,T_1100,2001,24.907173
Danemark,DNK,T_1100,2002,24.617358
Danemark,DNK,T_1100,2003,24.553805
Danemark,DNK,T_1100,2004,23.893068
Danemark,DNK,T_1100,2005,23.868383
Danemark,DNK,T_1100,2006,23.819073
Danemark,DNK,T_1100,2007,24.410746
Danemark,DNK,T_1100,2008,24.131069
Danemark,DNK,T_1100,2009,24.990535
Danemark,DNK,T_1100,2010,23.273065
Danemark,DNK,T_1100,2011,23.193542
Danemark,DNK,T_1100,2012,23.275539
Danemark,DNK,T_1100,2013,24.952424
Danemark,DNK,T_1100,2014,26.286807
Danemark,DNK,T_1100,2015,25.289364
Danemark,DNK,T_1100,2016,24.142223
Danemark,DNK,T_1100,2017,24.122298
Danemark,DNK,T_1100,2018,24.189011
Danemark,DNK,T_1100,2019,24.625295
Danemark,DNK,T_1100,2020,25.535364
Danemark,DNK,T_1100,2021,25.056288
Danemark,DNK,T_1100,2022,23.347981
Danemark,DNK,T_1100,2023,25.165369
Danemark,DNK,T_1100,2024,25.223301
Danemark,DNK,T_1200,1995,2.296554
Danemark,DNK,T_1200,1996,2.470577
Danemark,DNK,T_1200,1997,2.628257
Danemark,DNK,T_1200,1998,2.958241
Danemark,DNK,T_1200,1999,2.32857
Danemark,DNK,T_1200,2000,3.18692
Danemark,DNK,T_1200,2001,2.816539
Danemark,DNK,T_1200,2002,2.95094
Danemark,DNK,T_1200,2003,3.054924
Danemark,DNK,T_1200,2004,2.982961
Danemark,DNK,T_1200,2005,3.494079
Danemark,DNK,T_1200,2006,3.812506
Danemark,DNK,T_1200,2007,3.323173
Danemark,DNK,T_1200,2008,2.639009
Danemark,DNK,T_1200,2009,1.961193
Danemark,DNK,T_1200,2010,2.34928
Danemark,DNK,T_1200,2011,2.263457
Danemark,DNK,T_1200,2012,2.717485
Danemark,DNK,T_1200,2013,2.87937
Danemark,DNK,T_1200,2014,2.867935
Danemark,DNK,T_1200,2015,3.046686
Danemark,DNK,T_1200,2016,3.032248
Danemark,DNK,T_1200,2017,3.281369
Danemark,DNK,T_1200,2018,2.778044
Danemark,DNK,T_1200,2019,3.161089
Danemark,DNK,T_1200,2020,2.910712
Danemark,DNK,T_1200,2021,3.99998
Danemark,DNK,T_1200,2022,3.395343
Danemark,DNK,T_1200,2023,3.688471
Danemark,DNK,T_1200,2024,4.19228
Danemark,DNK,T_2000,1995,0.054259
Danemark,DNK,T_2000,1996,0.063975
Danemark,DNK,T_2000,1997,0.088457
Danemark,DNK,T_2000,1998,0.084668
Danemark,DNK,T_2000,1999,0.646682
Danemark,DNK,T_2000,2000,0.637467
Danemark,DNK,T_2000,2001,0.635513
Danemark,DNK,T_2000,2002,0.114291
Danemark,DNK,T_2000,2003,0.114275
Danemark,DNK,T_2000,2004,0.109938
Danemark,DNK,T_2000,2005,0.107492
Danemark,DNK,T_2000,2006,0.09944
Danemark,DNK,T_2000,2007,0.116473
Danemark,DNK,T_2000,2008,0.09297
Danemark,DNK,T_2000,2009,0.088805
Danemark,DNK,T_2000,2010,0.125744
Danemark,DNK,T_2000,2011,0.136379
Danemark,DNK,T_2000,2012,0.123179
Danemark,DNK,T_2000,2013,0.109173
Danemark,DNK,T_2000,2014,0.0973
Danemark,DNK,T_2000,2015,0.092281
Danemark,DNK,T_2000,2016,0.080166
Danemark,DNK,T_2000,2017,0.073393
Danemark,DNK,T_2000,2018,0.076763
Danemark,DNK,T_2000,2019,0.073497
Danemark,DNK,T_2000,2020,0.092676
Danemark,DNK,T_2000,2021,0.097656
Danemark,DNK,T_2000,2022,0.082655
Danemark,DNK,T_2000,2023,0.07559
Danemark,DNK,T_2000,2024,0.070133
Danemark,DNK,T_3000,1995,0.218377
Danemark,DNK,T_3000,1996,0.209732
Danemark,DNK,T_3000,1997,0.283139
Danemark,DNK,T_3000,1998,0.396999
Danemark,DNK,T_3000,1999,0.312511
Danemark,DNK,T_3000,2000,0.170289
Danemark,DNK,T_3000,2001,0.250511
Danemark,DNK,T_3000,2002,0.236745
Danemark,DNK,T_3000,2003,0.201405
Danemark,DNK,T_3000,2004,0.191763
Danemark,DNK,T_3000,2005,0.182821
Danemark,DNK,T_3000,2006,0.190359
Danemark,DNK,T_3000,2007,0.228036
Danemark,DNK,T_3000,2008,0.232356
Danemark,DNK,T_3000,2009,0.240123
Danemark,DNK,T_3000,2010,0.229467
Danemark,DNK,T_3000,2011,0.25074
Danemark,DNK,T_3000,2012,0.293037
Danemark,DNK,T_3000,2013,0.316695
Danemark,DNK,T_3000,2014,0.320296
Danemark,DNK,T_3000,2015,0.29032
Danemark,DNK,T_3000,2016,0.280873
Danemark,DNK,T_3000,2017,0.252796
Danemark,DNK,T_3000,2018,0.2818
Danemark,DNK,T_3000,2019,0.284077
Danemark,DNK,T_3000,2020,0.181828
Danemark,DNK,T_3000,2021,0.260678
Danemark,DNK,T_3000,2022,0.252533
Danemark,DNK,T_3000,2023,0.262166
Danemark,DNK,T_3000,2024,0.264965
Danemark,DNK,T_4000,1995,1.669054
Danemark,DNK,T_4000,1996,1.601756
Danemark,DNK,T_4000,1997,1.626471
Danemark,DNK,T_4000,1998,1.766559
Danemark,DNK,T_4000,1999,1.768684
Danemark,DNK,T_4000,2000,1.563807
Danemark,DNK,T_4000,2001,1.629453
Danemark,DNK,T_4000,2002,1.677873
Danemark,DNK,T_4000,2003,1.772499
Danemark,DNK,T_4000,2004,1.788314
Danemark,DNK,T_4000,2005,1.84169
Danemark,DNK,T_4000,2006,1.823168
Danemark,DNK,T_4000,2007,1.810165
Danemark,DNK,T_4000,2008,1.898573
Danemark,DNK,T_4000,2009,1.819363
Danemark,DNK,T_4000,2010,1.849476
Danemark,DNK,T_4000,2011,1.888453
Danemark,DNK,T_4000,2012,1.778747
Danemark,DNK,T_4000,2013,1.807855
Danemark,DNK,T_4000,2014,1.832516
Danemark,DNK,T_4000,2015,1.938738
Danemark,DNK,T_4000,2016,1.840424
Danemark,DNK,T_4000,2017,1.791653
Danemark,DNK,T_4000,2018,1.835905
Danemark,DNK,T_4000,2019,2.011107
Danemark,DNK,T_4000,2020,1.960334
Danemark,DNK,T_4000,2021,1.842902
Danemark,DNK,T_4000,2022,1.710583
Danemark,DNK,T_4000,2023,1.717168
Danemark,DNK,T_4000,2024,1.412751
Danemark,DNK,T_4100,1995,0.997021
Danemark,DNK,T_4100,1996,0.948648
Danemark,DNK,T_4100,1997,0.984948
Danemark,DNK,T_4100,1998,0.977888
Danemark,DNK,T_4100,1999,1.031104
Danemark,DNK,T_4100,2000,1.023
Danemark,DNK,T_4100,2001,1.067992
Danemark,DNK,T_4100,2002,1.104919
Danemark,DNK,T_4100,2003,1.147396
Danemark,DNK,T_4100,2004,1.133562
Danemark,DNK,T_4100,2005,1.099612
Danemark,DNK,T_4100,2006,1.084124
Danemark,DNK,T_4100,2007,1.089749
Danemark,DNK,T_4100,2008,1.187669
Danemark,DNK,T_4100,2009,1.304505
Danemark,DNK,T_4100,2010,1.332741
Danemark,DNK,T_4100,2011,1.353415
Danemark,DNK,T_4100,2012,1.311232
Danemark,DNK,T_4100,2013,1.362389
Danemark,DNK,T_4100,2014,1.371334
Danemark,DNK,T_4100,2015,1.383377
Danemark,DNK,T_4100,2016,1.35312
Danemark,DNK,T_4100,2017,1.299997
Danemark,DNK,T_4100,2018,1.318348
Danemark,DNK,T_4100,2019,1.326911
Danemark,DNK,T_4100,2020,1.357402
Danemark,DNK,T_4100,2021,1.270231
Danemark,DNK,T_4100,2022,1.168363
Danemark,DNK,T_4100,2023,1.203366
Danemark,DNK,T_4100,2024,0.913092
Danemark,DNK,T_4200,1995,0.093482
Danemark,DNK,T_4200,1996,0.062494
Danemark,DNK,T_4200,1997,0
Danemark,DNK,T_4200,1998,0
Danemark,DNK,T_4200,1999,0
Danemark,DNK,T_4200,2000,0
Danemark,DNK,T_4200,2001,0
Danemark,DNK,T_4200,2002,0
Danemark,DNK,T_4200,2003,0
Danemark,DNK,T_4200,2004,0
Danemark,DNK,T_4200,2005,0
Danemark,DNK,T_4200,2006,0
Danemark,DNK,T_4200,2007,0
Danemark,DNK,T_4200,2008,0
Danemark,DNK,T_4200,2009,0
Danemark,DNK,T_4200,2010,0
Danemark,DNK,T_4200,2011,0
Danemark,DNK,T_4200,2012,0
Danemark,DNK,T_4200,2013,0
Danemark,DNK,T_4200,2014,0
Danemark,DNK,T_4200,2015,0
Danemark,DNK,T_4200,2016,0
Danemark,DNK,T_4200,2017,0
Danemark,DNK,T_4200,2018,0
Danemark,DNK,T_4200,2019,0
Danemark,DNK,T_4200,2020,0
Danemark,DNK,T_4200,2021,0
Danemark,DNK,T_4200,2022,0
Danemark,DNK,T_4200,2023,0
Danemark,DNK,T_4200,2024,0
Danemark,DNK,T_4300,1995,0.228858
Danemark,DNK,T_4300,1996,0.209791
Danemark,DNK,T_4300,1997,0.188051
Danemark,DNK,T_4300,1998,0.182496
Danemark,DNK,T_4300,1999,0.192236
Danemark,DNK,T_4300,2000,0.21578
Danemark,DNK,T_4300,2001,0.197169
Danemark,DNK,T_4300,2002,0.179899
Danemark,DNK,T_4300,2003,0.189192
Danemark,DNK,T_4300,2004,0.212987
Danemark,DNK,T_4300,2005,0.198268
Danemark,DNK,T_4300,2006,0.209149
Danemark,DNK,T_4300,2007,0.223354
Danemark,DNK,T_4300,2008,0.262398
Danemark,DNK,T_4300,2009,0.211856
Danemark,DNK,T_4300,2010,0.200898
Danemark,DNK,T_4300,2011,0.259122
Danemark,DNK,T_4300,2012,0.208151
Danemark,DNK,T_4300,2013,0.203437
Danemark,DNK,T_4300,2014,0.194227
Danemark,DNK,T_4300,2015,0.254963
Danemark,DNK,T_4300,2016,0.201006
Danemark,DNK,T_4300,2017,0.198199
Danemark,DNK,T_4300,2018,0.213248
Danemark,DNK,T_4300,2019,0.371039
Danemark,DNK,T_4300,2020,0.286065
Danemark,DNK,T_4300,2021,0.237543
Danemark,DNK,T_4300,2022,0.261396
Danemark,DNK,T_4300,2023,0.290074
Danemark,DNK,T_4300,2024,0.283326
Danemark,DNK,T_4400,1995,0.346023
Danemark,DNK,T_4400,1996,0.378045
Danemark,DNK,T_4400,1997,0.448272
Danemark,DNK,T_4400,1998,0.599198
Danemark,DNK,T_4400,1999,0.536399
Danemark,DNK,T_4400,2000,0.314506
Danemark,DNK,T_4400,2001,0.357209
Danemark,DNK,T_4400,2002,0.386722
Danemark,DNK,T_4400,2003,0.429907
Danemark,DNK,T_4400,2004,0.433955
Danemark,DNK,T_4400,2005,0.541678
Danemark,DNK,T_4400,2006,0.528904
Danemark,DNK,T_4400,2007,0.496735
Danemark,DNK,T_4400,2008,0.448158
Danemark,DNK,T_4400,2009,0.302499
Danemark,DNK,T_4400,2010,0.315826
Danemark,DNK,T_4400,2011,0.275895
Danemark,DNK,T_4400,2012,0.259359
Danemark,DNK,T_4400,2013,0.242029
Danemark,DNK,T_4400,2014,0.265263
Danemark,DNK,T_4400,2015,0.300398
Danemark,DNK,T_4400,2016,0.286298
Danemark,DNK,T_4400,2017,0.293457
Danemark,DNK,T_4400,2018,0.304309
Danemark,DNK,T_4400,2019,0.313157
Danemark,DNK,T_4400,2020,0.316867
Danemark,DNK,T_4400,2021,0.335128
Danemark,DNK,T_4400,2022,0.280825
Danemark,DNK,T_4400,2023,0.223729
Danemark,DNK,T_4400,2024,0.216333
Danemark,DNK,T_5000,1995,15.165324
Danemark,DNK,T_5000,1996,15.565915
Danemark,DNK,T_5000,1997,15.540925
Danemark,DNK,T_5000,1998,16.36445
Danemark,DNK,T_5000,1999,16.374837
Danemark,DNK,T_5000,2000,15.669356
Danemark,DNK,T_5000,2001,15.610669
Danemark,DNK,T_5000,2002,15.775884
Danemark,DNK,T_5000,2003,15.565967
Danemark,DNK,T_5000,2004,15.763877
Danemark,DNK,T_5000,2005,16.048815
Danemark,DNK,T_5000,2006,15.975059
Danemark,DNK,T_5000,2007,16.332826
Danemark,DNK,T_5000,2008,15.22786
Danemark,DNK,T_5000,2009,15.118085
Danemark,DNK,T_5000,2010,14.940688
Danemark,DNK,T_5000,2011,15.066837
Danemark,DNK,T_5000,2012,15.100543
Danemark,DNK,T_5000,2013,14.758727
Danemark,DNK,T_5000,2014,14.576197
Danemark,DNK,T_5000,2015,14.573539
Danemark,DNK,T_5000,2016,14.729092
Danemark,DNK,T_5000,2017,14.41841
Danemark,DNK,T_5000,2018,14.649072
Danemark,DNK,T_5000,2019,14.19438
Danemark,DNK,T_5000,2020,14.429718
Danemark,DNK,T_5000,2021,13.678601
Danemark,DNK,T_5000,2022,12.82292
Danemark,DNK,T_5000,2023,12.40876
Danemark,DNK,T_5000,2024,12.341525
Danemark,DNK,T_5111,1995,8.926146
Danemark,DNK,T_5111,1996,9.176488
Danemark,DNK,T_5111,1997,9.170349
Danemark,DNK,T_5111,1998,9.333395
Danemark,DNK,T_5111,1999,9.330287
Danemark,DNK,T_5111,2000,9.120047
Danemark,DNK,T_5111,2001,9.122254
Danemark,DNK,T_5111,2002,9.142094
Danemark,DNK,T_5111,2003,9.158171
Danemark,DNK,T_5111,2004,9.263338
Danemark,DNK,T_5111,2005,9.656886
Danemark,DNK,T_5111,2006,9.839613
Danemark,DNK,T_5111,2007,9.941125
Danemark,DNK,T_5111,2008,9.514615
Danemark,DNK,T_5111,2009,9.564706
Danemark,DNK,T_5111,2010,9.321534
Danemark,DNK,T_5111,2011,9.390427
Danemark,DNK,T_5111,2012,9.458566
Danemark,DNK,T_5111,2013,9.0066
Danemark,DNK,T_5111,2014,9.009084
Danemark,DNK,T_5111,2015,9.016661
Danemark,DNK,T_5111,2016,9.286417
Danemark,DNK,T_5111,2017,9.251787
Danemark,DNK,T_5111,2018,9.609922
Danemark,DNK,T_5111,2019,9.419773
Danemark,DNK,T_5111,2020,9.780976
Danemark,DNK,T_5111,2021,9.514188
Danemark,DNK,T_5111,2022,9.270443
Danemark,DNK,T_5111,2023,9.142494
Danemark,DNK,T_5111,2024,9.110851
Danemark,DNK,_T,1995,46.602879
Danemark,DNK,_T,1996,46.874619
Danemark,DNK,_T,1997,46.827873
Danemark,DNK,_T,1998,47.467572
Danemark,DNK,_T,1999,48.044571
Danemark,DNK,_T,2000,46.791959
Danemark,DNK,_T,2001,45.935271
Danemark,DNK,_T,2002,45.467523
Danemark,DNK,_T,2003,45.692581
Danemark,DNK,_T,2004,46.300168
Danemark,DNK,_T,2005,47.885372
Danemark,DNK,_T,2006,46.469574
Danemark,DNK,_T,2007,46.488477
Danemark,DNK,_T,2008,44.760782
Danemark,DNK,_T,2009,44.736829
Danemark,DNK,_T,2010,44.794345
Danemark,DNK,_T,2011,44.867092
Danemark,DNK,_T,2012,45.626218
Danemark,DNK,_T,2013,45.970365
Danemark,DNK,_T,2014,48.776284
Danemark,DNK,_T,2015,46.487047
Danemark,DNK,_T,2016,45.798566
Danemark,DNK,_T,2017,45.456979
Danemark,DNK,_T,2018,44.444864
Danemark,DNK,_T,2019,47.146183
Danemark,DNK,_T,2020,47.236682
Danemark,DNK,_T,2021,47.470033
Danemark,DNK,_T,2022,42.054919
Danemark,DNK,_T,2023,43.991573
Danemark,DNK,_T,2024,45.177061
Espagne,ESP,T_1100,1995,7.470359
Espagne,ESP,T_1100,1996,7.268287
Espagne,ESP,T_1100,1997,6.9
Espagne,ESP,T_1100,1998,6.948137
Espagne,ESP,T_1100,1999,6.686356
Espagne,ESP,T_1100,2000,6.369669
Espagne,ESP,T_1100,2001,6.562733
Espagne,ESP,T_1100,2002,6.710691
Espagne,ESP,T_1100,2003,6.242066
Espagne,ESP,T_1100,2004,6.253524
Espagne,ESP,T_1100,2005,6.545368
Espagne,ESP,T_1100,2006,6.968525
Espagne,ESP,T_1100,2007,7.491037
Espagne,ESP,T_1100,2008,6.994495
Espagne,ESP,T_1100,2009,6.585895
Espagne,ESP,T_1100,2010,6.880968
Espagne,ESP,T_1100,2011,7.145945
Espagne,ESP,T_1100,2012,7.428154
Espagne,ESP,T_1100,2013,7.529844
Espagne,ESP,T_1100,2014,7.651771
Espagne,ESP,T_1100,2015,7.257394
Espagne,ESP,T_1100,2016,7.164859
Espagne,ESP,T_1100,2017,7.335491
Espagne,ESP,T_1100,2018,7.620129
Espagne,ESP,T_1100,2019,7.81329
Espagne,ESP,T_1100,2020,8.657703
Espagne,ESP,T_1100,2021,8.535105
Espagne,ESP,T_1100,2022,8.873849
Espagne,ESP,T_1100,2023,8.877184
Espagne,ESP,T_1100,2024,9.060797
Espagne,ESP,T_1200,1995,1.64364
Espagne,ESP,T_1200,1996,1.795086
Espagne,ESP,T_1200,1997,2.446187
Espagne,ESP,T_1200,1998,2.531144
Espagne,ESP,T_1200,1999,2.618599
Espagne,ESP,T_1200,2000,2.918145
Espagne,ESP,T_1200,2001,2.667207
Espagne,ESP,T_1200,2002,3.002091
Espagne,ESP,T_1200,2003,2.985363
Espagne,ESP,T_1200,2004,3.347794
Espagne,ESP,T_1200,2005,3.797346
Espagne,ESP,T_1200,2006,4.016414
Espagne,ESP,T_1200,2007,4.580986
Espagne,ESP,T_1200,2008,2.753786
Espagne,ESP,T_1200,2009,2.20701
Espagne,ESP,T_1200,2010,1.827052
Espagne,ESP,T_1200,2011,1.767585
Espagne,ESP,T_1200,2012,2.135885
Espagne,ESP,T_1200,2013,1.992294
Espagne,ESP,T_1200,2014,1.980174
Espagne,ESP,T_1200,2015,2.184596
Espagne,ESP,T_1200,2016,2.196057
Espagne,ESP,T_1200,2017,2.219784
Espagne,ESP,T_1200,2018,2.446143
Espagne,ESP,T_1200,2019,2.047922
Espagne,ESP,T_1200,2020,1.949852
Espagne,ESP,T_1200,2021,2.613815
Espagne,ESP,T_1200,2022,2.658259
Espagne,ESP,T_1200,2023,2.904402
Espagne,ESP,T_1200,2024,2.976235
Espagne,ESP,T_2000,1995,11.27148
Espagne,ESP,T_2000,1996,11.085478
Espagne,ESP,T_2000,1997,11.231071
Espagne,ESP,T_2000,1998,11.30411
Espagne,ESP,T_2000,1999,11.512292
Espagne,ESP,T_2000,2000,11.532825
Espagne,ESP,T_2000,2001,11.703269
Espagne,ESP,T_2000,2002,11.687456
Espagne,ESP,T_2000,2003,11.740376
Espagne,ESP,T_2000,2004,11.780122
Espagne,ESP,T_2000,2005,11.751365
Espagne,ESP,T_2000,2006,11.766351
Espagne,ESP,T_2000,2007,11.794261
Espagne,ESP,T_2000,2008,11.863736
Espagne,ESP,T_2000,2009,11.978583
Espagne,ESP,T_2000,2010,11.812244
Espagne,ESP,T_2000,2011,11.779375
Espagne,ESP,T_2000,2012,11.631775
Espagne,ESP,T_2000,2013,11.395191
Espagne,ESP,T_2000,2014,11.56101
Espagne,ESP,T_2000,2015,11.299204
Espagne,ESP,T_2000,2016,11.317252
Espagne,ESP,T_2000,2017,11.463526
Espagne,ESP,T_2000,2018,11.654359
Espagne,ESP,T_2000,2019,12.166051
Espagne,ESP,T_2000,2020,13.664195
Espagne,ESP,T_2000,2021,13.260012
Espagne,ESP,T_2000,2022,12.523631
Espagne,ESP,T_2000,2023,12.620038
Espagne,ESP,T_2000,2024,12.685266
Espagne,ESP,T_3000,1995,0
Espagne,ESP,T_3000,1996,0
Espagne,ESP,T_3000,1997,0
Espagne,ESP,T_3000,1998,0
Espagne,ESP,T_3000,1999,0
Espagne,ESP,T_3000,2000,0
Espagne,ESP,T_3000,2001,0
Espagne,ESP,T_3000,2002,0
Espagne,ESP,T_3000,2003,0
Espagne,ESP,T_3000,2004,0
Espagne,ESP,T_3000,2005,0
Espagne,ESP,T_3000,2006,0
Espagne,ESP,T_3000,2007,0
Espagne,ESP,T_3000,2008,0
Espagne,ESP,T_3000,2009,0
Espagne,ESP,T_3000,2010,0
Espagne,ESP,T_3000,2011,0
Espagne,ESP,T_3000,2012,0
Espagne,ESP,T_3000,2013,0
Espagne,ESP,T_3000,2014,0
Espagne,ESP,T_3000,2015,0
Espagne,ESP,T_3000,2016,0
Espagne,ESP,T_3000,2017,0
Espagne,ESP,T_3000,2018,0
Espagne,ESP,T_3000,2019,0
Espagne,ESP,T_3000,2020,0
Espagne,ESP,T_3000,2021,0
Espagne,ESP,T_3000,2022,0
Espagne,ESP,T_3000,2023,0
Espagne,ESP,T_3000,2024,0
Espagne,ESP,T_4000,1995,1.784647
Espagne,ESP,T_4000,1996,1.761749
Espagne,ESP,T_4000,1997,2.002617
Espagne,ESP,T_4000,1998,1.963248
Espagne,ESP,T_4000,1999,2.053787
Espagne,ESP,T_4000,2000,2.135216
Espagne,ESP,T_4000,2001,2.061607
Espagne,ESP,T_4000,2002,2.225826
Espagne,ESP,T_4000,2003,2.459501
Espagne,ESP,T_4000,2004,2.73458
Espagne,ESP,T_4000,2005,3.014367
Espagne,ESP,T_4000,2006,3.212515
Espagne,ESP,T_4000,2007,2.982068
Espagne,ESP,T_4000,2008,2.301534
Espagne,ESP,T_4000,2009,2.024436
Espagne,ESP,T_4000,2010,2.058961
Espagne,ESP,T_4000,2011,1.947899
Espagne,ESP,T_4000,2012,2.112718
Espagne,ESP,T_4000,2013,2.36435
Espagne,ESP,T_4000,2014,2.500219
Espagne,ESP,T_4000,2015,2.562293
Espagne,ESP,T_4000,2016,2.549496
Espagne,ESP,T_4000,2017,2.51747
Espagne,ESP,T_4000,2018,2.519971
Espagne,ESP,T_4000,2019,2.438124
Espagne,ESP,T_4000,2020,2.459233
Espagne,ESP,T_4000,2021,2.725189
Espagne,ESP,T_4000,2022,2.51682
Espagne,ESP,T_4000,2023,2.251828
Espagne,ESP,T_4000,2024,2.246649
Espagne,ESP,T_4100,1995,0.599011
Espagne,ESP,T_4100,1996,0.582273
Espagne,ESP,T_4100,1997,0.608319
Espagne,ESP,T_4100,1998,0.629096
Espagne,ESP,T_4100,1999,0.631172
Espagne,ESP,T_4100,2000,0.615842
Espagne,ESP,T_4100,2001,0.614587
Espagne,ESP,T_4100,2002,0.608341
Espagne,ESP,T_4100,2003,0.611948
Espagne,ESP,T_4100,2004,0.631468
Espagne,ESP,T_4100,2005,0.651315
Espagne,ESP,T_4100,2006,0.666384
Espagne,ESP,T_4100,2007,0.675705
Espagne,ESP,T_4100,2008,0.714291
Espagne,ESP,T_4100,2009,0.82601
Espagne,ESP,T_4100,2010,0.897372
Espagne,ESP,T_4100,2011,0.952662
Espagne,ESP,T_4100,2012,1.081119
Espagne,ESP,T_4100,2013,1.153315
Espagne,ESP,T_4100,2014,1.192648
Espagne,ESP,T_4100,2015,1.16115
Espagne,ESP,T_4100,2016,1.144557
Espagne,ESP,T_4100,2017,1.127156
Espagne,ESP,T_4100,2018,1.107504
Espagne,ESP,T_4100,2019,1.075847
Espagne,ESP,T_4100,2020,1.174888
Espagne,ESP,T_4100,2021,1.133006
Espagne,ESP,T_4100,2022,1.002498
Espagne,ESP,T_4100,2023,0.931924
Espagne,ESP,T_4100,2024,0.890154
Espagne,ESP,T_4200,1995,0.165559
Espagne,ESP,T_4200,1996,0.162595
Espagne,ESP,T_4200,1997,0.178045
Espagne,ESP,T_4200,1998,0.194039
Espagne,ESP,T_4200,1999,0.205463
Espagne,ESP,T_4200,2000,0.218201
Espagne,ESP,T_4200,2001,0.202437
Espagne,ESP,T_4200,2002,0.189398
Espagne,ESP,T_4200,2003,0.181516
Espagne,ESP,T_4200,2004,0.176383
Espagne,ESP,T_4200,2005,0.184782
Espagne,ESP,T_4200,2006,0.201497
Espagne,ESP,T_4200,2007,0.230061
Espagne,ESP,T_4200,2008,0.259791
Espagne,ESP,T_4200,2009,0.058248
Espagne,ESP,T_4200,2010,0.063873
Espagne,ESP,T_4200,2011,0.062319
Espagne,ESP,T_4200,2012,0.13987
Espagne,ESP,T_4200,2013,0.199775
Espagne,ESP,T_4200,2014,0.180952
Espagne,ESP,T_4200,2015,0.175143
Espagne,ESP,T_4200,2016,0.178456
Espagne,ESP,T_4200,2017,0.178971
Espagne,ESP,T_4200,2018,0.183127
Espagne,ESP,T_4200,2019,0.17867
Espagne,ESP,T_4200,2020,0.204036
Espagne,ESP,T_4200,2021,0.191829
Espagne,ESP,T_4200,2022,0.188536
Espagne,ESP,T_4200,2023,0.206174
Espagne,ESP,T_4200,2024,0.200962
Espagne,ESP,T_4300,1995,0.185765
Espagne,ESP,T_4300,1996,0.195523
Espagne,ESP,T_4300,1997,0.206177
Espagne,ESP,T_4300,1998,0.193139
Espagne,ESP,T_4300,1999,0.195719
Espagne,ESP,T_4300,2000,0.21295
Espagne,ESP,T_4300,2001,0.198015
Espagne,ESP,T_4300,2002,0.200468
Espagne,ESP,T_4300,2003,0.213908
Espagne,ESP,T_4300,2004,0.229403
Espagne,ESP,T_4300,2005,0.260526
Espagne,ESP,T_4300,2006,0.261698
Espagne,ESP,T_4300,2007,0.269224
Espagne,ESP,T_4300,2008,0.261589
Espagne,ESP,T_4300,2009,0.247905
Espagne,ESP,T_4300,2010,0.223925
Espagne,ESP,T_4300,2011,0.207357
Espagne,ESP,T_4300,2012,0.220664
Espagne,ESP,T_4300,2013,0.242967
Espagne,ESP,T_4300,2014,0.258338
Espagne,ESP,T_4300,2015,0.256643
Espagne,ESP,T_4300,2016,0.239544
Espagne,ESP,T_4300,2017,0.231619
Espagne,ESP,T_4300,2018,0.221567
Espagne,ESP,T_4300,2019,0.200445
Espagne,ESP,T_4300,2020,0.220773
Espagne,ESP,T_4300,2021,0.286206
Espagne,ESP,T_4300,2022,0.26616
Espagne,ESP,T_4300,2023,0.228942
Espagne,ESP,T_4300,2024,0.220594
Espagne,ESP,T_4400,1995,0.694609
Espagne,ESP,T_4400,1996,0.677375
Espagne,ESP,T_4400,1997,0.743587
Espagne,ESP,T_4400,1998,0.779395
Espagne,ESP,T_4400,1999,0.846546
Espagne,ESP,T_4400,2000,0.917122
Espagne,ESP,T_4400,2001,0.88593
Espagne,ESP,T_4400,2002,1.060629
Espagne,ESP,T_4400,2003,1.277217
Espagne,ESP,T_4400,2004,1.50699
Espagne,ESP,T_4400,2005,1.713245
Espagne,ESP,T_4400,2006,1.861238
Espagne,ESP,T_4400,2007,1.579986
Espagne,ESP,T_4400,2008,0.89201
Espagne,ESP,T_4400,2009,0.738404
Espagne,ESP,T_4400,2010,0.705847
Espagne,ESP,T_4400,2011,0.568734
Espagne,ESP,T_4400,2012,0.517103
Espagne,ESP,T_4400,2013,0.516842
Espagne,ESP,T_4400,2014,0.583089
Espagne,ESP,T_4400,2015,0.642436
Espagne,ESP,T_4400,2016,0.653982
Espagne,ESP,T_4400,2017,0.722806
Espagne,ESP,T_4400,2018,0.767812
Espagne,ESP,T_4400,2019,0.744111
Espagne,ESP,T_4400,2020,0.667278
Espagne,ESP,T_4400,2021,0.899088
Espagne,ESP,T_4400,2022,0.92044
Espagne,ESP,T_4400,2023,0.745713
Espagne,ESP,T_4400,2024,0.806107
Espagne,ESP,T_5000,1995,9.147024
Espagne,ESP,T_5000,1996,9.20347
Espagne,ESP,T_5000,1997,9.373549
Espagne,ESP,T_5000,1998,10.027558
Espagne,ESP,T_5000,1999,10.279181
Espagne,ESP,T_5000,2000,10.096221
Espagne,ESP,T_5000,2001,9.789745
Espagne,ESP,T_5000,2002,9.598476
Espagne,ESP,T_5000,2003,9.637927
Espagne,ESP,T_5000,2004,9.881531
Espagne,ESP,T_5000,2005,10.084666
Espagne,ESP,T_5000,2006,9.977154
Espagne,ESP,T_5000,2007,9.480846
Espagne,ESP,T_5000,2008,8.091641
Espagne,ESP,T_5000,2009,6.771265
Espagne,ESP,T_5000,2010,8.567092
Espagne,ESP,T_5000,2011,8.396729
Espagne,ESP,T_5000,2012,8.90002
Espagne,ESP,T_5000,2013,9.647522
Espagne,ESP,T_5000,2014,9.942451
Espagne,ESP,T_5000,2015,10.216335
Espagne,ESP,T_5000,2016,10.07563
Espagne,ESP,T_5000,2017,10.0874
Espagne,ESP,T_5000,2018,10.149009
Espagne,ESP,T_5000,2019,9.961953
Espagne,ESP,T_5000,2020,9.773347
Espagne,ESP,T_5000,2021,10.264401
Espagne,ESP,T_5000,2022,10.163439
Espagne,ESP,T_5000,2023,9.749953
Espagne,ESP,T_5000,2024,9.703073
Espagne,ESP,T_5111,1995,4.980239
Espagne,ESP,T_5111,1996,5.115493
Espagne,ESP,T_5111,1997,5.296828
Espagne,ESP,T_5111,1998,5.592565
Espagne,ESP,T_5111,1999,5.892057
Espagne,ESP,T_5111,2000,5.834899
Espagne,ESP,T_5111,2001,5.721598
Espagne,ESP,T_5111,2002,5.558297
Espagne,ESP,T_5111,2003,5.686554
Espagne,ESP,T_5111,2004,5.961451
Espagne,ESP,T_5111,2005,6.218579
Espagne,ESP,T_5111,2006,6.205621
Espagne,ESP,T_5111,2007,5.822795
Espagne,ESP,T_5111,2008,4.705636
Espagne,ESP,T_5111,2009,3.428364
Espagne,ESP,T_5111,2010,5.135613
Espagne,ESP,T_5111,2011,5.062366
Espagne,ESP,T_5111,2012,5.311092
Espagne,ESP,T_5111,2013,5.880552
Espagne,ESP,T_5111,2014,6.16883
Espagne,ESP,T_5111,2015,6.374136
Espagne,ESP,T_5111,2016,6.389591
Espagne,ESP,T_5111,2017,6.46132
Espagne,ESP,T_5111,2018,6.536383
Espagne,ESP,T_5111,2019,6.451971
Espagne,ESP,T_5111,2020,6.258247
Espagne,ESP,T_5111,2021,6.762344
Espagne,ESP,T_5111,2022,6.842251
Espagne,ESP,T_5111,2023,6.406963
Espagne,ESP,T_5111,2024,6.434239
Espagne,ESP,_T,1995,31.318888
Espagne,ESP,_T,1996,31.115706
Espagne,ESP,_T,1997,31.956699
Espagne,ESP,_T,1998,32.774377
Espagne,ESP,_T,1999,33.150551
Espagne,ESP,_T,2000,33.05254
Espagne,ESP,_T,2001,32.784561
Espagne,ESP,_T,2002,33.224807
Espagne,ESP,_T,2003,33.065606
Espagne,ESP,_T,2004,33.998133
Espagne,ESP,_T,2005,35.193865
Espagne,ESP,_T,2006,35.941654
Espagne,ESP,_T,2007,36.330311
Espagne,ESP,_T,2008,32.005821
Espagne,ESP,_T,2009,29.567936
Espagne,ESP,_T,2010,31.14706
Espagne,ESP,_T,2011,31.038374
Espagne,ESP,_T,2012,32.209903
Espagne,ESP,_T,2013,32.93661
Espagne,ESP,_T,2014,33.654106
Espagne,ESP,_T,2015,33.537207
Espagne,ESP,_T,2016,33.318254
Espagne,ESP,_T,2017,33.634182
Espagne,ESP,_T,2018,34.405944
Espagne,ESP,_T,2019,34.439464
Espagne,ESP,_T,2020,36.514425
Espagne,ESP,_T,2021,37.412685
Espagne,ESP,_T,2022,36.751043
Espagne,ESP,_T,2023,36.414221
Espagne,ESP,_T,2024,36.682055
Estonie,EST,T_1100,1995,8.170146
Estonie,EST,T_1100,1996,7.561203
Estonie,EST,T_1100,1997,7.323417
Estonie,EST,T_1100,1998,7.810712
Estonie,EST,T_1100,1999,7.720702
Estonie,EST,T_1100,2000,6.828973
Estonie,EST,T_1100,2001,6.498314
Estonie,EST,T_1100,2002,6.376092
Estonie,EST,T_1100,2003,6.443449
Estonie,EST,T_1100,2004,6.21834
Estonie,EST,T_1100,2005,5.484405
Estonie,EST,T_1100,2006,5.500413
Estonie,EST,T_1100,2007,5.704735
Estonie,EST,T_1100,2008,6.082404
Estonie,EST,T_1100,2009,5.579746
Estonie,EST,T_1100,2010,5.26694
Estonie,EST,T_1100,2011,5.052367
Estonie,EST,T_1100,2012,5.148906
Estonie,EST,T_1100,2013,5.377851
Estonie,EST,T_1100,2014,5.567728
Estonie,EST,T_1100,2015,5.62794
Estonie,EST,T_1100,2016,5.672776
Estonie,EST,T_1100,2017,5.528925
Estonie,EST,T_1100,2018,5.337638
Estonie,EST,T_1100,2019,5.379273
Estonie,EST,T_1100,2020,5.931081
Estonie,EST,T_1100,2021,6.82328
Estonie,EST,T_1100,2022,6.279291
Estonie,EST,T_1100,2023,6.233405
Estonie,EST,T_1100,2024,6.513641
Estonie,EST,T_1200,1995,2.344461
Estonie,EST,T_1200,1996,1.547567
Estonie,EST,T_1200,1997,1.716815
Estonie,EST,T_1200,1998,2.398425
Estonie,EST,T_1200,1999,1.932718
Estonie,EST,T_1200,2000,0.884853
Estonie,EST,T_1200,2001,0.684892
Estonie,EST,T_1200,2002,1.101107
Estonie,EST,T_1200,2003,1.575678
Estonie,EST,T_1200,2004,1.648224
Estonie,EST,T_1200,2005,1.406292
Estonie,EST,T_1200,2006,1.470913
Estonie,EST,T_1200,2007,1.591254
Estonie,EST,T_1200,2008,1.60215
Estonie,EST,T_1200,2009,1.813616
Estonie,EST,T_1200,2010,1.314361
Estonie,EST,T_1200,2011,1.200942
Estonie,EST,T_1200,2012,1.395622
Estonie,EST,T_1200,2013,1.704306
Estonie,EST,T_1200,2014,1.69266
Estonie,EST,T_1200,2015,2.019382
Estonie,EST,T_1200,2016,1.66362
Estonie,EST,T_1200,2017,1.503324
Estonie,EST,T_1200,2018,1.958699
Estonie,EST,T_1200,2019,1.788069
Estonie,EST,T_1200,2020,1.613578
Estonie,EST,T_1200,2021,1.529805
Estonie,EST,T_1200,2022,1.642207
Estonie,EST,T_1200,2023,1.8692
Estonie,EST,T_1200,2024,2.416259
Estonie,EST,T_2000,1995,11.880958
Estonie,EST,T_2000,1996,11.493028
Estonie,EST,T_2000,1997,11.112175
Estonie,EST,T_2000,1998,11.045733
Estonie,EST,T_2000,1999,10.975252
Estonie,EST,T_2000,2000,10.913622
Estonie,EST,T_2000,2001,10.648916
Estonie,EST,T_2000,2002,10.909083
Estonie,EST,T_2000,2003,10.551392
Estonie,EST,T_2000,2004,10.250399
Estonie,EST,T_2000,2005,10.108024
Estonie,EST,T_2000,2006,9.974311
Estonie,EST,T_2000,2007,10.263098
Estonie,EST,T_2000,2008,11.378295
Estonie,EST,T_2000,2009,12.359268
Estonie,EST,T_2000,2010,12.17333
Estonie,EST,T_2000,2011,11.146541
Estonie,EST,T_2000,2012,11.059188
Estonie,EST,T_2000,2013,10.841032
Estonie,EST,T_2000,2014,10.970856
Estonie,EST,T_2000,2015,11.208522
Estonie,EST,T_2000,2016,11.276168
Estonie,EST,T_2000,2017,10.911277
Estonie,EST,T_2000,2018,11.26534
Estonie,EST,T_2000,2019,11.437214
Estonie,EST,T_2000,2020,11.955258
Estonie,EST,T_2000,2021,11.6095
Estonie,EST,T_2000,2022,11.355298
Estonie,EST,T_2000,2023,11.937071
Estonie,EST,T_2000,2024,12.231426
Estonie,EST,T_3000,1995,0
Estonie,EST,T_3000,1996,0
Estonie,EST,T_3000,1997,0
Estonie,EST,T_3000,1998,0
Estonie,EST,T_3000,1999,0
Estonie,EST,T_3000,2000,0
Estonie,EST,T_3000,2001,0
Estonie,EST,T_3000,2002,0
Estonie,EST,T_3000,2003,0
Estonie,EST,T_3000,2004,0
Estonie,EST,T_3000,2005,0
Estonie,EST,T_3000,2006,0
Estonie,EST,T_3000,2007,0
Estonie,EST,T_3000,2008,0
Estonie,EST,T_3000,2009,0
Estonie,EST,T_3000,2010,0
Estonie,EST,T_3000,2011,0
Estonie,EST,T_3000,2012,0
Estonie,EST,T_3000,2013,0
Estonie,EST,T_3000,2014,0
Estonie,EST,T_3000,2015,0
Estonie,EST,T_3000,2016,0
Estonie,EST,T_3000,2017,0
Estonie,EST,T_3000,2018,0
Estonie,EST,T_3000,2019,0
Estonie,EST,T_3000,2020,0
Estonie,EST,T_3000,2021,0
Estonie,EST,T_3000,2022,0
Estonie,EST,T_3000,2023,0
Estonie,EST,T_3000,2024,0
Estonie,EST,T_4000,1995,0.351197
Estonie,EST,T_4000,1996,0.366307
Estonie,EST,T_4000,1997,0.377214
Estonie,EST,T_4000,1998,0.371929
Estonie,EST,T_4000,1999,0.366754
Estonie,EST,T_4000,2000,0.387903
Estonie,EST,T_4000,2001,0.363786
Estonie,EST,T_4000,2002,0.344415
Estonie,EST,T_4000,2003,0.328238
Estonie,EST,T_4000,2004,0.310544
Estonie,EST,T_4000,2005,0.28496
Estonie,EST,T_4000,2006,0.243678
Estonie,EST,T_4000,2007,0.215216
Estonie,EST,T_4000,2008,0.290392
Estonie,EST,T_4000,2009,0.341411
Estonie,EST,T_4000,2010,0.347991
Estonie,EST,T_4000,2011,0.307433
Estonie,EST,T_4000,2012,0.324053
Estonie,EST,T_4000,2013,0.298697
Estonie,EST,T_4000,2014,0.289459
Estonie,EST,T_4000,2015,0.276
Estonie,EST,T_4000,2016,0.265898
Estonie,EST,T_4000,2017,0.236798
Estonie,EST,T_4000,2018,0.219264
Estonie,EST,T_4000,2019,0.203708
Estonie,EST,T_4000,2020,0.209706
Estonie,EST,T_4000,2021,0.188542
Estonie,EST,T_4000,2022,0.162473
Estonie,EST,T_4000,2023,0.153832
Estonie,EST,T_4000,2024,0.145554
Estonie,EST,T_4100,1995,0.351197
Estonie,EST,T_4100,1996,0.366307
Estonie,EST,T_4100,1997,0.377214
Estonie,EST,T_4100,1998,0.371929
Estonie,EST,T_4100,1999,0.366754
Estonie,EST,T_4100,2000,0.387903
Estonie,EST,T_4100,2001,0.363786
Estonie,EST,T_4100,2002,0.344415
Estonie,EST,T_4100,2003,0.328238
Estonie,EST,T_4100,2004,0.310544
Estonie,EST,T_4100,2005,0.28496
Estonie,EST,T_4100,2006,0.243678
Estonie,EST,T_4100,2007,0.215216
Estonie,EST,T_4100,2008,0.290392
Estonie,EST,T_4100,2009,0.341411
Estonie,EST,T_4100,2010,0.347991
Estonie,EST,T_4100,2011,0.307433
Estonie,EST,T_4100,2012,0.324053
Estonie,EST,T_4100,2013,0.298697
Estonie,EST,T_4100,2014,0.289459
Estonie,EST,T_4100,2015,0.276
Estonie,EST,T_4100,2016,0.265898
Estonie,EST,T_4100,2017,0.236798
Estonie,EST,T_4100,2018,0.219264
Estonie,EST,T_4100,2019,0.203708
Estonie,EST,T_4100,2020,0.209706
Estonie,EST,T_4100,2021,0.188542
Estonie,EST,T_4100,2022,0.162473
Estonie,EST,T_4100,2023,0.153832
Estonie,EST,T_4100,2024,0.145554
Estonie,EST,T_4200,1995,0
Estonie,EST,T_4200,1996,0
Estonie,EST,T_4200,1997,0
Estonie,EST,T_4200,1998,0
Estonie,EST,T_4200,1999,0
Estonie,EST,T_4200,2000,0
Estonie,EST,T_4200,2001,0
Estonie,EST,T_4200,2002,0
Estonie,EST,T_4200,2003,0
Estonie,EST,T_4200,2004,0
Estonie,EST,T_4200,2005,0
Estonie,EST,T_4200,2006,0
Estonie,EST,T_4200,2007,0
Estonie,EST,T_4200,2008,0
Estonie,EST,T_4200,2009,0
Estonie,EST,T_4200,2010,0
Estonie,EST,T_4200,2011,0
Estonie,EST,T_4200,2012,0
Estonie,EST,T_4200,2013,0
Estonie,EST,T_4200,2014,0
Estonie,EST,T_4200,2015,0
Estonie,EST,T_4200,2016,0
Estonie,EST,T_4200,2017,0
Estonie,EST,T_4200,2018,0
Estonie,EST,T_4200,2019,0
Estonie,EST,T_4200,2020,0
Estonie,EST,T_4200,2021,0
Estonie,EST,T_4200,2022,0
Estonie,EST,T_4200,2023,0
Estonie,EST,T_4200,2024,0
Estonie,EST,T_4300,1995,0
Estonie,EST,T_4300,1996,0
Estonie,EST,T_4300,1997,0
Estonie,EST,T_4300,1998,0
Estonie,EST,T_4300,1999,0
Estonie,EST,T_4300,2000,0
Estonie,EST,T_4300,2001,0
Estonie,EST,T_4300,2002,0
Estonie,EST,T_4300,2003,0
Estonie,EST,T_4300,2004,0
Estonie,EST,T_4300,2005,0
Estonie,EST,T_4300,2006,0
Estonie,EST,T_4300,2007,0
Estonie,EST,T_4300,2008,0
Estonie,EST,T_4300,2009,0
Estonie,EST,T_4300,2010,0
Estonie,EST,T_4300,2011,0
Estonie,EST,T_4300,2012,0
Estonie,EST,T_4300,2013,0
Estonie,EST,T_4300,2014,0
Estonie,EST,T_4300,2015,0
Estonie,EST,T_4300,2016,0
Estonie,EST,T_4300,2017,0
Estonie,EST,T_4300,2018,0
Estonie,EST,T_4300,2019,0
Estonie,EST,T_4300,2020,0
Estonie,EST,T_4300,2021,0
Estonie,EST,T_4300,2022,0
Estonie,EST,T_4300,2023,0
Estonie,EST,T_4300,2024,0
Estonie,EST,T_4400,1995,0
Estonie,EST,T_4400,1996,0
Estonie,EST,T_4400,1997,0
Estonie,EST,T_4400,1998,0
Estonie,EST,T_4400,1999,0
Estonie,EST,T_4400,2000,0
Estonie,EST,T_4400,2001,0
Estonie,EST,T_4400,2002,0
Estonie,EST,T_4400,2003,0
Estonie,EST,T_4400,2004,0
Estonie,EST,T_4400,2005,0
Estonie,EST,T_4400,2006,0
Estonie,EST,T_4400,2007,0
Estonie,EST,T_4400,2008,0
Estonie,EST,T_4400,2009,0
Estonie,EST,T_4400,2010,0
Estonie,EST,T_4400,2011,0
Estonie,EST,T_4400,2012,0
Estonie,EST,T_4400,2013,0
Estonie,EST,T_4400,2014,0
Estonie,EST,T_4400,2015,0
Estonie,EST,T_4400,2016,0
Estonie,EST,T_4400,2017,0
Estonie,EST,T_4400,2018,0
Estonie,EST,T_4400,2019,0
Estonie,EST,T_4400,2020,0
Estonie,EST,T_4400,2021,0
Estonie,EST,T_4400,2022,0
Estonie,EST,T_4400,2023,0
Estonie,EST,T_4400,2024,0
Estonie,EST,T_5000,1995,12.251724
Estonie,EST,T_5000,1996,12.85554
Estonie,EST,T_5000,1997,13.023174
Estonie,EST,T_5000,1998,11.994869
Estonie,EST,T_5000,1999,11.374927
Estonie,EST,T_5000,2000,12.071174
Estonie,EST,T_5000,2001,12.146599
Estonie,EST,T_5000,2002,12.242526
Estonie,EST,T_5000,2003,11.864571
Estonie,EST,T_5000,2004,12.550387
Estonie,EST,T_5000,2005,12.466152
Estonie,EST,T_5000,2006,13.242785
Estonie,EST,T_5000,2007,13.246672
Estonie,EST,T_5000,2008,11.969605
Estonie,EST,T_5000,2009,14.540358
Estonie,EST,T_5000,2010,13.882218
Estonie,EST,T_5000,2011,13.531832
Estonie,EST,T_5000,2012,13.871516
Estonie,EST,T_5000,2013,13.364865
Estonie,EST,T_5000,2014,13.643426
Estonie,EST,T_5000,2015,14.163541
Estonie,EST,T_5000,2016,14.569892
Estonie,EST,T_5000,2017,14.063671
Estonie,EST,T_5000,2018,13.76501
Estonie,EST,T_5000,2019,14.145625
Estonie,EST,T_5000,2020,13.398979
Estonie,EST,T_5000,2021,13.648681
Estonie,EST,T_5000,2022,13.495298
Estonie,EST,T_5000,2023,13.404452
Estonie,EST,T_5000,2024,13.924367
Estonie,EST,T_5111,1995,9.300617
Estonie,EST,T_5111,1996,9.263119
Estonie,EST,T_5111,1997,9.404763
Estonie,EST,T_5111,1998,7.997363
Estonie,EST,T_5111,1999,7.690185
Estonie,EST,T_5111,2000,8.431302
Estonie,EST,T_5111,2001,8.139506
Estonie,EST,T_5111,2002,8.313508
Estonie,EST,T_5111,2003,8.141001
Estonie,EST,T_5111,2004,8.239176
Estonie,EST,T_5111,2005,8.002773
Estonie,EST,T_5111,2006,8.951849
Estonie,EST,T_5111,2007,8.676904
Estonie,EST,T_5111,2008,7.748577
Estonie,EST,T_5111,2009,8.660862
Estonie,EST,T_5111,2010,8.528218
Estonie,EST,T_5111,2011,8.141391
Estonie,EST,T_5111,2012,8.337849
Estonie,EST,T_5111,2013,8.129631
Estonie,EST,T_5111,2014,8.402019
Estonie,EST,T_5111,2015,8.914379
Estonie,EST,T_5111,2016,8.901319
Estonie,EST,T_5111,2017,8.836566
Estonie,EST,T_5111,2018,8.815562
Estonie,EST,T_5111,2019,8.719459
Estonie,EST,T_5111,2020,8.755662
Estonie,EST,T_5111,2021,9.147217
Estonie,EST,T_5111,2022,9.114946
Estonie,EST,T_5111,2023,9.064173
Estonie,EST,T_5111,2024,9.652524
Estonie,EST,_T,1995,34.998487
Estonie,EST,_T,1996,33.823645
Estonie,EST,_T,1997,33.553451
Estonie,EST,_T,1998,33.621668
Estonie,EST,_T,1999,32.370353
Estonie,EST,_T,2000,31.086526
Estonie,EST,_T,2001,30.342508
Estonie,EST,_T,2002,30.973222
Estonie,EST,_T,2003,30.763328
Estonie,EST,_T,2004,30.977894
Estonie,EST,_T,2005,29.749833
Estonie,EST,_T,2006,30.432101
Estonie,EST,_T,2007,31.020974
Estonie,EST,_T,2008,31.322846
Estonie,EST,_T,2009,34.634398
Estonie,EST,_T,2010,32.98484
Estonie,EST,_T,2011,31.239115
Estonie,EST,_T,2012,31.799285
Estonie,EST,_T,2013,31.586751
Estonie,EST,_T,2014,32.164128
Estonie,EST,_T,2015,33.295385
Estonie,EST,_T,2016,33.448355
Estonie,EST,_T,2017,32.243994
Estonie,EST,_T,2018,32.545951
Estonie,EST,_T,2019,32.953889
Estonie,EST,_T,2020,33.108601
Estonie,EST,_T,2021,33.799808
Estonie,EST,_T,2022,32.934567
Estonie,EST,_T,2023,33.597961
Estonie,EST,_T,2024,35.231248
FEDOECD,FEDOECD,_T,1995,30.550301
FEDOECD,FEDOECD,_T,1996,30.930665
FEDOECD,FEDOECD,_T,1997,31.216479
FEDOECD,FEDOECD,_T,1998,31.577726
FEDOECD,FEDOECD,_T,1999,31.727032
FEDOECD,FEDOECD,_T,2000,31.708636
FEDOECD,FEDOECD,_T,2001,31.335877
FEDOECD,FEDOECD,_T,2002,30.9831
FEDOECD,FEDOECD,_T,2003,30.706379
FEDOECD,FEDOECD,_T,2004,30.548744
FEDOECD,FEDOECD,_T,2005,30.511292
FEDOECD,FEDOECD,_T,2006,30.506085
FEDOECD,FEDOECD,_T,2007,30.562236
FEDOECD,FEDOECD,_T,2008,30.299965
FEDOECD,FEDOECD,_T,2009,29.876435
FEDOECD,FEDOECD,_T,2010,29.617698
FEDOECD,FEDOECD,_T,2011,29.910996
FEDOECD,FEDOECD,_T,2012,30.372694
FEDOECD,FEDOECD,_T,2013,30.931198
FEDOECD,FEDOECD,_T,2014,31.039322
FEDOECD,FEDOECD,_T,2015,31.775896
FEDOECD,FEDOECD,_T,2016,31.630579
FEDOECD,FEDOECD,_T,2017,31.932779
FEDOECD,FEDOECD,_T,2018,31.843145
FEDOECD,FEDOECD,_T,2019,31.644743
FEDOECD,FEDOECD,_T,2020,31.976335
FEDOECD,FEDOECD,_T,2021,32.535277
FEDOECD,FEDOECD,_T,2022,32.225578
FEDOECD,FEDOECD,_T,2023,32.08896
Finlande,FIN,T_1100,1995,13.85317
Finlande,FIN,T_1100,1996,14.960236
Finlande,FIN,T_1100,1997,13.835723
Finlande,FIN,T_1100,1998,13.447534
Finlande,FIN,T_1100,1999,13.013051
Finlande,FIN,T_1100,2000,14.017568
Finlande,FIN,T_1100,2001,13.572085
Finlande,FIN,T_1100,2002,13.51253
Finlande,FIN,T_1100,2003,13.120081
Finlande,FIN,T_1100,2004,12.710642
Finlande,FIN,T_1100,2005,12.881226
Finlande,FIN,T_1100,2006,12.748972
Finlande,FIN,T_1100,2007,12.507284
Finlande,FIN,T_1100,2008,12.660294
Finlande,FIN,T_1100,2009,12.661843
Finlande,FIN,T_1100,2010,11.982652
Finlande,FIN,T_1100,2011,12.233943
Finlande,FIN,T_1100,2012,12.47093
Finlande,FIN,T_1100,2013,12.775618
Finlande,FIN,T_1100,2014,13.370091
Finlande,FIN,T_1100,2015,13.237421
Finlande,FIN,T_1100,2016,13.043015
Finlande,FIN,T_1100,2017,12.583999
Finlande,FIN,T_1100,2018,12.319269
Finlande,FIN,T_1100,2019,12.326533
Finlande,FIN,T_1100,2020,12.637328
Finlande,FIN,T_1100,2021,12.972134
Finlande,FIN,T_1100,2022,13.002424
Finlande,FIN,T_1100,2023,12.749956
Finlande,FIN,T_1100,2024,13.068781
Finlande,FIN,T_1200,1995,2.246735
Finlande,FIN,T_1200,1996,2.730027
Finlande,FIN,T_1200,1997,3.379257
Finlande,FIN,T_1200,1998,4.189121
Finlande,FIN,T_1200,1999,4.17376
Finlande,FIN,T_1200,2000,5.713196
Finlande,FIN,T_1200,2001,4.034907
Finlande,FIN,T_1200,2002,4.033953
Finlande,FIN,T_1200,2003,3.264036
Finlande,FIN,T_1200,2004,3.37468
Finlande,FIN,T_1200,2005,3.187057
Finlande,FIN,T_1200,2006,3.248275
Finlande,FIN,T_1200,2007,3.72182
Finlande,FIN,T_1200,2008,3.331223
Finlande,FIN,T_1200,2009,1.92258
Finlande,FIN,T_1200,2010,2.423105
Finlande,FIN,T_1200,2011,2.607068
Finlande,FIN,T_1200,2012,2.102526
Finlande,FIN,T_1200,2013,2.358266
Finlande,FIN,T_1200,2014,1.921741
Finlande,FIN,T_1200,2015,2.16326
Finlande,FIN,T_1200,2016,2.22421
Finlande,FIN,T_1200,2017,2.726674
Finlande,FIN,T_1200,2018,2.559669
Finlande,FIN,T_1200,2019,2.544462
Finlande,FIN,T_1200,2020,2.152826
Finlande,FIN,T_1200,2021,2.751604
Finlande,FIN,T_1200,2022,3.027035
Finlande,FIN,T_1200,2023,2.85287
Finlande,FIN,T_1200,2024,2.581868
Finlande,FIN,T_2000,1995,13.73027
Finlande,FIN,T_2000,1996,13.227492
Finlande,FIN,T_2000,1997,12.42642
Finlande,FIN,T_2000,1998,12.215293
Finlande,FIN,T_2000,1999,12.170576
Finlande,FIN,T_2000,2000,11.552537
Finlande,FIN,T_2000,2001,11.604766
Finlande,FIN,T_2000,2002,11.478038
Finlande,FIN,T_2000,2003,11.306801
Finlande,FIN,T_2000,2004,11.189926
Finlande,FIN,T_2000,2005,11.465026
Finlande,FIN,T_2000,2006,11.729656
Finlande,FIN,T_2000,2007,11.431687
Finlande,FIN,T_2000,2008,11.497892
Finlande,FIN,T_2000,2009,12.135802
Finlande,FIN,T_2000,2010,12.037396
Finlande,FIN,T_2000,2011,12.02904
Finlande,FIN,T_2000,2012,12.606673
Finlande,FIN,T_2000,2013,12.595763
Finlande,FIN,T_2000,2014,12.635593
Finlande,FIN,T_2000,2015,12.673651
Finlande,FIN,T_2000,2016,12.808448
Finlande,FIN,T_2000,2017,12.015701
Finlande,FIN,T_2000,2018,11.921692
Finlande,FIN,T_2000,2019,11.862836
Finlande,FIN,T_2000,2020,11.559857
Finlande,FIN,T_2000,2021,12.134392
Finlande,FIN,T_2000,2022,12.006688
Finlande,FIN,T_2000,2023,12.428532
Finlande,FIN,T_2000,2024,11.754837
Finlande,FIN,T_3000,1995,0
Finlande,FIN,T_3000,1996,0
Finlande,FIN,T_3000,1997,0
Finlande,FIN,T_3000,1998,0
Finlande,FIN,T_3000,1999,0
Finlande,FIN,T_3000,2000,0
Finlande,FIN,T_3000,2001,0
Finlande,FIN,T_3000,2002,0
Finlande,FIN,T_3000,2003,0
Finlande,FIN,T_3000,2004,0
Finlande,FIN,T_3000,2005,0
Finlande,FIN,T_3000,2006,0
Finlande,FIN,T_3000,2007,0
Finlande,FIN,T_3000,2008,0
Finlande,FIN,T_3000,2009,0
Finlande,FIN,T_3000,2010,0
Finlande,FIN,T_3000,2011,0
Finlande,FIN,T_3000,2012,0
Finlande,FIN,T_3000,2013,0
Finlande,FIN,T_3000,2014,0
Finlande,FIN,T_3000,2015,0
Finlande,FIN,T_3000,2016,0
Finlande,FIN,T_3000,2017,0
Finlande,FIN,T_3000,2018,0
Finlande,FIN,T_3000,2019,0
Finlande,FIN,T_3000,2020,0
Finlande,FIN,T_3000,2021,0
Finlande,FIN,T_3000,2022,0
Finlande,FIN,T_3000,2023,0
Finlande,FIN,T_3000,2024,0
Finlande,FIN,T_4000,1995,0.989294
Finlande,FIN,T_4000,1996,1.030625
Finlande,FIN,T_4000,1997,1.045466
Finlande,FIN,T_4000,1998,1.071153
Finlande,FIN,T_4000,1999,1.053685
Finlande,FIN,T_4000,2000,1.113017
Finlande,FIN,T_4000,2001,1.002676
Finlande,FIN,T_4000,2002,1.03813
Finlande,FIN,T_4000,2003,0.993976
Finlande,FIN,T_4000,2004,1.072187
Finlande,FIN,T_4000,2005,1.150207
Finlande,FIN,T_4000,2006,1.063861
Finlande,FIN,T_4000,2007,1.075596
Finlande,FIN,T_4000,2008,1.054295
Finlande,FIN,T_4000,2009,1.047129
Finlande,FIN,T_4000,2010,1.109239
Finlande,FIN,T_4000,2011,1.081683
Finlande,FIN,T_4000,2012,1.178273
Finlande,FIN,T_4000,2013,1.277169
Finlande,FIN,T_4000,2014,1.320833
Finlande,FIN,T_4000,2015,1.435354
Finlande,FIN,T_4000,2016,1.421307
Finlande,FIN,T_4000,2017,1.539345
Finlande,FIN,T_4000,2018,1.444126
Finlande,FIN,T_4000,2019,1.457752
Finlande,FIN,T_4000,2020,1.509812
Finlande,FIN,T_4000,2021,1.522728
Finlande,FIN,T_4000,2022,1.451895
Finlande,FIN,T_4000,2023,1.405178
Finlande,FIN,T_4000,2024,1.485706
Finlande,FIN,T_4100,1995,0.447925
Finlande,FIN,T_4100,1996,0.425586
Finlande,FIN,T_4100,1997,0.395435
Finlande,FIN,T_4100,1998,0.381961
Finlande,FIN,T_4100,1999,0.411386
Finlande,FIN,T_4100,2000,0.417931
Finlande,FIN,T_4100,2001,0.418358
Finlande,FIN,T_4100,2002,0.427109
Finlande,FIN,T_4100,2003,0.435688
Finlande,FIN,T_4100,2004,0.430891
Finlande,FIN,T_4100,2005,0.440285
Finlande,FIN,T_4100,2006,0.454122
Finlande,FIN,T_4100,2007,0.457075
Finlande,FIN,T_4100,2008,0.47052
Finlande,FIN,T_4100,2009,0.535945
Finlande,FIN,T_4100,2010,0.621323
Finlande,FIN,T_4100,2011,0.606613
Finlande,FIN,T_4100,2012,0.633802
Finlande,FIN,T_4100,2013,0.669789
Finlande,FIN,T_4100,2014,0.734498
Finlande,FIN,T_4100,2015,0.762636
Finlande,FIN,T_4100,2016,0.774162
Finlande,FIN,T_4100,2017,0.789476
Finlande,FIN,T_4100,2018,0.781786
Finlande,FIN,T_4100,2019,0.784427
Finlande,FIN,T_4100,2020,0.824918
Finlande,FIN,T_4100,2021,0.787895
Finlande,FIN,T_4100,2022,0.768783
Finlande,FIN,T_4100,2023,0.763429
Finlande,FIN,T_4100,2024,0.810254
Finlande,FIN,T_4200,1995,0.03555
Finlande,FIN,T_4200,1996,0.046089
Finlande,FIN,T_4200,1997,0.046947
Finlande,FIN,T_4200,1998,0.04816
Finlande,FIN,T_4200,1999,0.067776
Finlande,FIN,T_4200,2000,0.131245
Finlande,FIN,T_4200,2001,0.087821
Finlande,FIN,T_4200,2002,0.076125
Finlande,FIN,T_4200,2003,0.065254
Finlande,FIN,T_4200,2004,0.073705
Finlande,FIN,T_4200,2005,0.07834
Finlande,FIN,T_4200,2006,0
Finlande,FIN,T_4200,2007,0
Finlande,FIN,T_4200,2008,0
Finlande,FIN,T_4200,2009,0
Finlande,FIN,T_4200,2010,0
Finlande,FIN,T_4200,2011,0
Finlande,FIN,T_4200,2012,0
Finlande,FIN,T_4200,2013,0
Finlande,FIN,T_4200,2014,0
Finlande,FIN,T_4200,2015,0
Finlande,FIN,T_4200,2016,0
Finlande,FIN,T_4200,2017,0
Finlande,FIN,T_4200,2018,0
Finlande,FIN,T_4200,2019,0
Finlande,FIN,T_4200,2020,0
Finlande,FIN,T_4200,2021,0
Finlande,FIN,T_4200,2022,0
Finlande,FIN,T_4200,2023,0
Finlande,FIN,T_4200,2024,0
Finlande,FIN,T_4300,1995,0.169622
Finlande,FIN,T_4300,1996,0.214754
Finlande,FIN,T_4300,1997,0.221191
Finlande,FIN,T_4300,1998,0.23582
Finlande,FIN,T_4300,1999,0.252979
Finlande,FIN,T_4300,2000,0.269822
Finlande,FIN,T_4300,2001,0.266228
Finlande,FIN,T_4300,2002,0.3045
Finlande,FIN,T_4300,2003,0.270904
Finlande,FIN,T_4300,2004,0.29734
Finlande,FIN,T_4300,2005,0.295143
Finlande,FIN,T_4300,2006,0.292142
Finlande,FIN,T_4300,2007,0.245377
Finlande,FIN,T_4300,2008,0.33513
Finlande,FIN,T_4300,2009,0.242111
Finlande,FIN,T_4300,2010,0.20569
Finlande,FIN,T_4300,2011,0.199843
Finlande,FIN,T_4300,2012,0.25402
Finlande,FIN,T_4300,2013,0.317449
Finlande,FIN,T_4300,2014,0.242404
Finlande,FIN,T_4300,2015,0.300202
Finlande,FIN,T_4300,2016,0.241984
Finlande,FIN,T_4300,2017,0.404529
Finlande,FIN,T_4300,2018,0.298398
Finlande,FIN,T_4300,2019,0.314022
Finlande,FIN,T_4300,2020,0.337159
Finlande,FIN,T_4300,2021,0.332042
Finlande,FIN,T_4300,2022,0.33855
Finlande,FIN,T_4300,2023,0.42881
Finlande,FIN,T_4300,2024,0.461294
Finlande,FIN,T_4400,1995,0.336198
Finlande,FIN,T_4400,1996,0.344195
Finlande,FIN,T_4400,1997,0.381893
Finlande,FIN,T_4400,1998,0.405211
Finlande,FIN,T_4400,1999,0.321543
Finlande,FIN,T_4400,2000,0.294018
Finlande,FIN,T_4400,2001,0.23027
Finlande,FIN,T_4400,2002,0.230396
Finlande,FIN,T_4400,2003,0.222128
Finlande,FIN,T_4400,2004,0.270252
Finlande,FIN,T_4400,2005,0.336439
Finlande,FIN,T_4400,2006,0.317596
Finlande,FIN,T_4400,2007,0.373144
Finlande,FIN,T_4400,2008,0.248645
Finlande,FIN,T_4400,2009,0.269073
Finlande,FIN,T_4400,2010,0.282226
Finlande,FIN,T_4400,2011,0.275227
Finlande,FIN,T_4400,2012,0.290451
Finlande,FIN,T_4400,2013,0.289931
Finlande,FIN,T_4400,2014,0.343931
Finlande,FIN,T_4400,2015,0.372517
Finlande,FIN,T_4400,2016,0.40516
Finlande,FIN,T_4400,2017,0.34534
Finlande,FIN,T_4400,2018,0.363942
Finlande,FIN,T_4400,2019,0.359302
Finlande,FIN,T_4400,2020,0.347735
Finlande,FIN,T_4400,2021,0.402791
Finlande,FIN,T_4400,2022,0.344562
Finlande,FIN,T_4400,2023,0.212939
Finlande,FIN,T_4400,2024,0.214159
Finlande,FIN,T_5000,1995,13.631747
Finlande,FIN,T_5000,1996,13.697206
Finlande,FIN,T_5000,1997,14.218519
Finlande,FIN,T_5000,1998,13.841951
Finlande,FIN,T_5000,1999,13.833746
Finlande,FIN,T_5000,2000,13.359851
Finlande,FIN,T_5000,2001,12.86468
Finlande,FIN,T_5000,2002,13.182431
Finlande,FIN,T_5000,2003,13.624979
Finlande,FIN,T_5000,2004,13.369577
Finlande,FIN,T_5000,2005,13.317868
Finlande,FIN,T_5000,2006,13.269043
Finlande,FIN,T_5000,2007,12.62917
Finlande,FIN,T_5000,2008,12.511004
Finlande,FIN,T_5000,2009,12.969984
Finlande,FIN,T_5000,2010,12.972304
Finlande,FIN,T_5000,2011,13.877716
Finlande,FIN,T_5000,2012,14.158241
Finlande,FIN,T_5000,2013,14.543703
Finlande,FIN,T_5000,2014,14.448034
Finlande,FIN,T_5000,2015,14.222711
Finlande,FIN,T_5000,2016,14.549618
Finlande,FIN,T_5000,2017,14.267977
Finlande,FIN,T_5000,2018,14.408055
Finlande,FIN,T_5000,2019,14.315901
Finlande,FIN,T_5000,2020,14.247822
Finlande,FIN,T_5000,2021,14.116592
Finlande,FIN,T_5000,2022,13.906476
Finlande,FIN,T_5000,2023,13.292383
Finlande,FIN,T_5000,2024,13.288738
Finlande,FIN,T_5111,1995,7.740671
Finlande,FIN,T_5111,1996,7.840984
Finlande,FIN,T_5111,1997,8.254487
Finlande,FIN,T_5111,1998,8.054405
Finlande,FIN,T_5111,1999,7.988935
Finlande,FIN,T_5111,2000,7.969268
Finlande,FIN,T_5111,2001,7.688105
Finlande,FIN,T_5111,2002,7.902856
Finlande,FIN,T_5111,2003,8.230618
Finlande,FIN,T_5111,2004,8.19574
Finlande,FIN,T_5111,2005,8.349022
Finlande,FIN,T_5111,2006,8.409647
Finlande,FIN,T_5111,2007,8.129521
Finlande,FIN,T_5111,2008,8.060622
Finlande,FIN,T_5111,2009,8.35062
Finlande,FIN,T_5111,2010,8.255779
Finlande,FIN,T_5111,2011,8.760214
Finlande,FIN,T_5111,2012,8.976534
Finlande,FIN,T_5111,2013,9.281709
Finlande,FIN,T_5111,2014,9.204537
Finlande,FIN,T_5111,2015,9.026985
Finlande,FIN,T_5111,2016,9.129554
Finlande,FIN,T_5111,2017,9.080309
Finlande,FIN,T_5111,2018,9.212393
Finlande,FIN,T_5111,2019,9.212722
Finlande,FIN,T_5111,2020,9.308888
Finlande,FIN,T_5111,2021,9.467206
Finlande,FIN,T_5111,2022,9.416649
Finlande,FIN,T_5111,2023,9.194497
Finlande,FIN,T_5111,2024,9.369372
Finlande,FIN,_T,1995,44.542629
Finlande,FIN,_T,1996,45.737764
Finlande,FIN,_T,1997,44.95504
Finlande,FIN,_T,1998,44.80823
Finlande,FIN,_T,1999,44.271612
Finlande,FIN,_T,2000,45.778166
Finlande,FIN,_T,2001,43.119222
Finlande,FIN,_T,2002,43.288871
Finlande,FIN,_T,2003,42.347443
Finlande,FIN,_T,2004,41.752288
Finlande,FIN,_T,2005,42.04268
Finlande,FIN,_T,2006,42.093358
Finlande,FIN,_T,2007,41.402445
Finlande,FIN,_T,2008,41.092287
Finlande,FIN,_T,2009,40.775305
Finlande,FIN,_T,2010,40.56137
Finlande,FIN,_T,2011,41.866383
Finlande,FIN,_T,2012,42.554073
Finlande,FIN,_T,2013,43.581969
Finlande,FIN,_T,2014,43.73321
Finlande,FIN,_T,2015,43.770933
Finlande,FIN,_T,2016,44.092492
Finlande,FIN,_T,2017,43.160841
Finlande,FIN,_T,2018,42.671784
Finlande,FIN,_T,2019,42.528866
Finlande,FIN,_T,2020,42.138527
Finlande,FIN,_T,2021,43.540866
Finlande,FIN,_T,2022,43.427208
Finlande,FIN,_T,2023,42.757873
Finlande,FIN,_T,2024,42.217254
France,FRA,T_1100,1995,4.98952
France,FRA,T_1100,1996,5.24938
France,FRA,T_1100,1997,5.534823
France,FRA,T_1100,1998,7.596094
France,FRA,T_1100,1999,7.793983
France,FRA,T_1100,2000,7.895085
France,FRA,T_1100,2001,7.889319
France,FRA,T_1100,2002,7.557844
France,FRA,T_1100,2003,7.566989
France,FRA,T_1100,2004,7.411393
France,FRA,T_1100,2005,7.914565
France,FRA,T_1100,2006,7.802594
France,FRA,T_1100,2007,7.605219
France,FRA,T_1100,2008,7.822812
France,FRA,T_1100,2009,7.643753
France,FRA,T_1100,2010,7.554976
France,FRA,T_1100,2011,7.799569
France,FRA,T_1100,2012,8.429502
France,FRA,T_1100,2013,8.694038
France,FRA,T_1100,2014,8.681648
France,FRA,T_1100,2015,8.664959
France,FRA,T_1100,2016,8.621235
France,FRA,T_1100,2017,8.628354
France,FRA,T_1100,2018,9.505075
France,FRA,T_1100,2019,9.35542
France,FRA,T_1100,2020,9.458281
France,FRA,T_1100,2021,9.341134
France,FRA,T_1100,2022,9.693475
France,FRA,T_1100,2023,9.407602
France,FRA,T_1100,2024,9.287104
France,FRA,T_1200,1995,1.914265
France,FRA,T_1200,1996,2.115184
France,FRA,T_1200,1997,2.404793
France,FRA,T_1200,1998,2.475414
France,FRA,T_1200,1999,2.799079
France,FRA,T_1200,2000,2.927575
France,FRA,T_1200,2001,3.191209
France,FRA,T_1200,2002,2.713328
France,FRA,T_1200,2003,2.35667
France,FRA,T_1200,2004,2.628419
France,FRA,T_1200,2005,2.264028
France,FRA,T_1200,2006,2.771727
France,FRA,T_1200,2007,2.779343
France,FRA,T_1200,2008,2.669643
France,FRA,T_1200,2009,1.45315
France,FRA,T_1200,2010,2.028967
France,FRA,T_1200,2011,2.248637
France,FRA,T_1200,2012,2.199126
France,FRA,T_1200,2013,2.315688
France,FRA,T_1200,2014,2.035729
France,FRA,T_1200,2015,1.941619
France,FRA,T_1200,2016,1.8357
France,FRA,T_1200,2017,2.187532
France,FRA,T_1200,2018,1.910759
France,FRA,T_1200,2019,2.05929
France,FRA,T_1200,2020,2.269282
France,FRA,T_1200,2021,2.400146
France,FRA,T_1200,2022,2.848604
France,FRA,T_1200,2023,2.346787
France,FRA,T_1200,2024,2.253739
France,FRA,T_2000,1995,18.125343
France,FRA,T_2000,1996,18.184966
France,FRA,T_2000,1997,17.695616
France,FRA,T_2000,1998,15.688189
France,FRA,T_2000,1999,15.86468
France,FRA,T_2000,2000,15.620303
France,FRA,T_2000,2001,15.650043
France,FRA,T_2000,2002,15.74619
France,FRA,T_2000,2003,15.969183
France,FRA,T_2000,2004,15.750632
France,FRA,T_2000,2005,15.759666
France,FRA,T_2000,2006,15.895029
France,FRA,T_2000,2007,15.674421
France,FRA,T_2000,2008,15.668271
France,FRA,T_2000,2009,16.197319
France,FRA,T_2000,2010,16.022854
France,FRA,T_2000,2011,16.129538
France,FRA,T_2000,2012,16.381082
France,FRA,T_2000,2013,16.638392
France,FRA,T_2000,2014,16.812711
France,FRA,T_2000,2015,16.631814
France,FRA,T_2000,2016,16.619916
France,FRA,T_2000,2017,16.732175
France,FRA,T_2000,2018,15.997531
France,FRA,T_2000,2019,14.793069
France,FRA,T_2000,2020,14.694997
France,FRA,T_2000,2021,14.718561
France,FRA,T_2000,2022,14.829852
France,FRA,T_2000,2023,14.546595
France,FRA,T_2000,2024,14.679665
France,FRA,T_3000,1995,1.139216
France,FRA,T_3000,1996,1.165005
France,FRA,T_3000,1997,1.199739
France,FRA,T_3000,1998,1.120867
France,FRA,T_3000,1999,1.129535
France,FRA,T_3000,2000,1.090466
France,FRA,T_3000,2001,1.078085
France,FRA,T_3000,2002,1.130276
France,FRA,T_3000,2003,1.143496
France,FRA,T_3000,2004,1.180949
France,FRA,T_3000,2005,1.228867
France,FRA,T_3000,2006,1.213619
France,FRA,T_3000,2007,1.244953
France,FRA,T_3000,2008,1.297827
France,FRA,T_3000,2009,1.398688
France,FRA,T_3000,2010,1.422427
France,FRA,T_3000,2011,1.425734
France,FRA,T_3000,2012,1.501489
France,FRA,T_3000,2013,1.651094
France,FRA,T_3000,2014,1.670114
France,FRA,T_3000,2015,1.643022
France,FRA,T_3000,2016,1.631201
France,FRA,T_3000,2017,1.634161
France,FRA,T_3000,2018,1.594759
France,FRA,T_3000,2019,1.868118
France,FRA,T_3000,2020,1.934573
France,FRA,T_3000,2021,1.878772
France,FRA,T_3000,2022,1.956756
France,FRA,T_3000,2023,1.943961
France,FRA,T_3000,2024,1.977944
France,FRA,T_4000,1995,2.838397
France,FRA,T_4000,1996,2.946318
France,FRA,T_4000,1997,3.116948
France,FRA,T_4000,1998,3.104879
France,FRA,T_4000,1999,3.161513
France,FRA,T_4000,2000,2.990815
France,FRA,T_4000,2001,2.962365
France,FRA,T_4000,2002,2.989571
France,FRA,T_4000,2003,3.054861
France,FRA,T_4000,2004,3.186451
France,FRA,T_4000,2005,3.321297
France,FRA,T_4000,2006,3.383376
France,FRA,T_4000,2007,3.373494
France,FRA,T_4000,2008,3.256777
France,FRA,T_4000,2009,3.334584
France,FRA,T_4000,2010,3.546616
France,FRA,T_4000,2011,3.653019
France,FRA,T_4000,2012,3.792384
France,FRA,T_4000,2013,3.851524
France,FRA,T_4000,2014,3.912288
France,FRA,T_4000,2015,4.076789
France,FRA,T_4000,2016,4.146828
France,FRA,T_4000,2017,4.288613
France,FRA,T_4000,2018,4.034386
France,FRA,T_4000,2019,3.935636
France,FRA,T_4000,2020,4.001278
France,FRA,T_4000,2021,3.886694
France,FRA,T_4000,2022,3.716323
France,FRA,T_4000,2023,3.453898
France,FRA,T_4000,2024,3.396547
France,FRA,T_4100,1995,1.907432
France,FRA,T_4100,1996,2.009606
France,FRA,T_4100,1997,2.032139
France,FRA,T_4100,1998,2.022054
France,FRA,T_4100,1999,2.020292
France,FRA,T_4100,2000,1.857802
France,FRA,T_4100,2001,1.854186
France,FRA,T_4100,2002,1.906546
France,FRA,T_4100,2003,1.95694
France,FRA,T_4100,2004,1.97856
France,FRA,T_4100,2005,2.046692
France,FRA,T_4100,2006,2.070203
France,FRA,T_4100,2007,2.060221
France,FRA,T_4100,2008,2.096335
France,FRA,T_4100,2009,2.332514
France,FRA,T_4100,2010,2.388375
France,FRA,T_4100,2011,2.417318
France,FRA,T_4100,2012,2.502312
France,FRA,T_4100,2013,2.575961
France,FRA,T_4100,2014,2.580662
France,FRA,T_4100,2015,2.613169
France,FRA,T_4100,2016,2.668974
France,FRA,T_4100,2017,2.662178
France,FRA,T_4100,2018,2.533902
France,FRA,T_4100,2019,2.382564
France,FRA,T_4100,2020,2.388998
France,FRA,T_4100,2021,2.071772
France,FRA,T_4100,2022,1.953598
France,FRA,T_4100,2023,1.899346
France,FRA,T_4100,2024,1.946659
France,FRA,T_4200,1995,0.10733
France,FRA,T_4200,1996,0.109503
France,FRA,T_4200,1997,0.119363
France,FRA,T_4200,1998,0.126614
France,FRA,T_4200,1999,0.139361
France,FRA,T_4200,2000,0.164945
France,FRA,T_4200,2001,0.173491
France,FRA,T_4200,2002,0.155875
France,FRA,T_4200,2003,0.14491
France,FRA,T_4200,2004,0.151709
France,FRA,T_4200,2005,0.172579
France,FRA,T_4200,2006,0.197449
France,FRA,T_4200,2007,0.22535
France,FRA,T_4200,2008,0.207648
France,FRA,T_4200,2009,0.18395
France,FRA,T_4200,2010,0.222315
France,FRA,T_4200,2011,0.207563
France,FRA,T_4200,2012,0.239427
France,FRA,T_4200,2013,0.204714
France,FRA,T_4200,2014,0.247997
France,FRA,T_4200,2015,0.235725
France,FRA,T_4200,2016,0.215454
France,FRA,T_4200,2017,0.219807
France,FRA,T_4200,2018,0.077994
France,FRA,T_4200,2019,0.084548
France,FRA,T_4200,2020,0.085986
France,FRA,T_4200,2021,0.08061
France,FRA,T_4200,2022,0.085415
France,FRA,T_4200,2023,0.081122
France,FRA,T_4200,2024,0.091587
France,FRA,T_4300,1995,0.349377
France,FRA,T_4300,1996,0.386735
France,FRA,T_4300,1997,0.470809
France,FRA,T_4300,1998,0.413955
France,FRA,T_4300,1999,0.468559
France,FRA,T_4300,2000,0.466917
France,FRA,T_4300,2001,0.47614
France,FRA,T_4300,2002,0.451525
France,FRA,T_4300,2003,0.452975
France,FRA,T_4300,2004,0.505892
France,FRA,T_4300,2005,0.509088
France,FRA,T_4300,2006,0.450495
France,FRA,T_4300,2007,0.457374
France,FRA,T_4300,2008,0.394506
France,FRA,T_4300,2009,0.383417
France,FRA,T_4300,2010,0.385626
France,FRA,T_4300,2011,0.422599
France,FRA,T_4300,2012,0.462955
France,FRA,T_4300,2013,0.495069
France,FRA,T_4300,2014,0.484049
France,FRA,T_4300,2015,0.563005
France,FRA,T_4300,2016,0.566228
France,FRA,T_4300,2017,0.630058
France,FRA,T_4300,2018,0.615805
France,FRA,T_4300,2019,0.635567
France,FRA,T_4300,2020,0.661582
France,FRA,T_4300,2021,0.758493
France,FRA,T_4300,2022,0.714211
France,FRA,T_4300,2023,0.756246
France,FRA,T_4300,2024,0.734408
France,FRA,T_4400,1995,0.474258
France,FRA,T_4400,1996,0.440473
France,FRA,T_4400,1997,0.494636
France,FRA,T_4400,1998,0.542256
France,FRA,T_4400,1999,0.533301
France,FRA,T_4400,2000,0.50115
France,FRA,T_4400,2001,0.458547
France,FRA,T_4400,2002,0.475625
France,FRA,T_4400,2003,0.500037
France,FRA,T_4400,2004,0.55029
France,FRA,T_4400,2005,0.592938
France,FRA,T_4400,2006,0.665229
France,FRA,T_4400,2007,0.630549
France,FRA,T_4400,2008,0.558289
France,FRA,T_4400,2009,0.434703
France,FRA,T_4400,2010,0.5503
France,FRA,T_4400,2011,0.605539
France,FRA,T_4400,2012,0.58769
France,FRA,T_4400,2013,0.57578
France,FRA,T_4400,2014,0.599579
France,FRA,T_4400,2015,0.66489
France,FRA,T_4400,2016,0.696172
France,FRA,T_4400,2017,0.776569
France,FRA,T_4400,2018,0.806685
France,FRA,T_4400,2019,0.832958
France,FRA,T_4400,2020,0.86471
France,FRA,T_4400,2021,0.975819
France,FRA,T_4400,2022,0.9631
France,FRA,T_4400,2023,0.717184
France,FRA,T_4400,2024,0.623892
France,FRA,T_5000,1995,12.033837
France,FRA,T_5000,1996,12.434274
France,FRA,T_5000,1997,12.27214
France,FRA,T_5000,1998,12.032418
France,FRA,T_5000,1999,12.045804
France,FRA,T_5000,2000,11.486067
France,FRA,T_5000,2001,11.181644
France,FRA,T_5000,2002,11.193768
France,FRA,T_5000,2003,11.061456
France,FRA,T_5000,2004,11.114896
France,FRA,T_5000,2005,11.157134
France,FRA,T_5000,2006,11.028386
France,FRA,T_5000,2007,10.810121
France,FRA,T_5000,2008,10.661436
France,FRA,T_5000,2009,10.63883
France,FRA,T_5000,2010,11.174814
France,FRA,T_5000,2011,11.441695
France,FRA,T_5000,2012,11.636167
France,FRA,T_5000,2013,11.649056
France,FRA,T_5000,2014,11.755633
France,FRA,T_5000,2015,11.855384
France,FRA,T_5000,2016,12.004453
France,FRA,T_5000,2017,12.219602
France,FRA,T_5000,2018,12.395595
France,FRA,T_5000,2019,12.410717
France,FRA,T_5000,2020,12.211097
France,FRA,T_5000,2021,12.193991
France,FRA,T_5000,2022,11.989455
France,FRA,T_5000,2023,11.293353
France,FRA,T_5000,2024,11.066231
France,FRA,T_5111,1995,7.349083
France,FRA,T_5111,1996,7.695205
France,FRA,T_5111,1997,7.660666
France,FRA,T_5111,1998,7.551406
France,FRA,T_5111,1999,7.578169
France,FRA,T_5111,2000,7.255834
France,FRA,T_5111,2001,7.090456
France,FRA,T_5111,2002,6.991716
France,FRA,T_5111,2003,6.99943
France,FRA,T_5111,2004,7.081194
France,FRA,T_5111,2005,7.171447
France,FRA,T_5111,2006,7.123024
France,FRA,T_5111,2007,7.025902
France,FRA,T_5111,2008,6.901495
France,FRA,T_5111,2009,6.708813
France,FRA,T_5111,2010,6.768511
France,FRA,T_5111,2011,6.79031
France,FRA,T_5111,2012,6.798629
France,FRA,T_5111,2013,6.785761
France,FRA,T_5111,2014,6.868452
France,FRA,T_5111,2015,6.866194
France,FRA,T_5111,2016,6.902265
France,FRA,T_5111,2017,7.045757
France,FRA,T_5111,2018,7.102383
France,FRA,T_5111,2019,7.153721
France,FRA,T_5111,2020,6.951576
France,FRA,T_5111,2021,7.362472
France,FRA,T_5111,2022,7.490941
France,FRA,T_5111,2023,7.273706
France,FRA,T_5111,2024,7.050457
France,FRA,_T,1995,42.697016
France,FRA,_T,1996,43.831221
France,FRA,_T,1997,43.963243
France,FRA,_T,1998,43.797259
France,FRA,_T,1999,44.517399
France,FRA,_T,2000,43.666043
France,FRA,_T,2001,43.548734
France,FRA,_T,2002,42.853822
France,FRA,_T,2003,42.659258
France,FRA,_T,2004,42.815276
France,FRA,_T,2005,43.141885
France,FRA,_T,2006,43.522489
France,FRA,_T,2007,42.920688
France,FRA,_T,2008,42.737469
France,FRA,_T,2009,42.109127
France,FRA,_T,2010,42.237995
France,FRA,_T,2011,43.318916
France,FRA,_T,2012,44.460811
France,FRA,_T,2013,45.329297
France,FRA,_T,2014,45.406234
France,FRA,_T,2015,45.3629
France,FRA,_T,2016,45.396652
France,FRA,_T,2017,46.238723
France,FRA,_T,2018,46.021674
France,FRA,_T,2019,45.023556
France,FRA,_T,2020,45.239433
France,FRA,_T,2021,45.059326
France,FRA,_T,2022,45.855926
France,FRA,_T,2023,43.854973
France,FRA,_T,2024,43.462209
Grèce,GRC,T_1100,1995,3.281056
Grèce,GRC,T_1100,1996,3.245447
Grèce,GRC,T_1100,1997,3.821275
Grèce,GRC,T_1100,1998,4.509185
Grèce,GRC,T_1100,1999,4.72767
Grèce,GRC,T_1100,2000,4.499814
Grèce,GRC,T_1100,2001,4.135277
Grèce,GRC,T_1100,2002,4.401448
Grèce,GRC,T_1100,2003,4.201705
Grèce,GRC,T_1100,2004,4.206343
Grèce,GRC,T_1100,2005,4.476484
Grèce,GRC,T_1100,2006,4.431195
Grèce,GRC,T_1100,2007,4.60305
Grèce,GRC,T_1100,2008,4.63065
Grèce,GRC,T_1100,2009,4.533067
Grèce,GRC,T_1100,2010,4.031925
Grèce,GRC,T_1100,2011,4.859565
Grèce,GRC,T_1100,2012,7.161947
Grèce,GRC,T_1100,2013,6.052307
Grèce,GRC,T_1100,2014,6.028221
Grèce,GRC,T_1100,2015,5.790849
Grèce,GRC,T_1100,2016,5.963949
Grèce,GRC,T_1100,2017,6.329968
Grèce,GRC,T_1100,2018,6.394794
Grèce,GRC,T_1100,2019,5.940667
Grèce,GRC,T_1100,2020,6.235544
Grèce,GRC,T_1100,2021,5.869172
Grèce,GRC,T_1100,2022,5.556299
Grèce,GRC,T_1100,2023,6.036939
Grèce,GRC,T_1200,1995,2.252389
Grèce,GRC,T_1200,1996,2.15171
Grèce,GRC,T_1200,1997,2.260929
Grèce,GRC,T_1200,1998,2.926015
Grèce,GRC,T_1200,1999,3.062143
Grèce,GRC,T_1200,2000,4.131134
Grèce,GRC,T_1200,2001,3.324771
Grèce,GRC,T_1200,2002,3.369996
Grèce,GRC,T_1200,2003,2.8042
Grèce,GRC,T_1200,2004,2.783936
Grèce,GRC,T_1200,2005,3.330537
Grèce,GRC,T_1200,2006,2.590774
Grèce,GRC,T_1200,2007,2.313301
Grèce,GRC,T_1200,2008,2.173117
Grèce,GRC,T_1200,2009,2.543929
Grèce,GRC,T_1200,2010,2.556907
Grèce,GRC,T_1200,2011,2.104927
Grèce,GRC,T_1200,2012,1.12319
Grèce,GRC,T_1200,2013,1.162739
Grèce,GRC,T_1200,2014,1.902064
Grèce,GRC,T_1200,2015,2.166935
Grèce,GRC,T_1200,2016,2.51536
Grèce,GRC,T_1200,2017,1.97882
Grèce,GRC,T_1200,2018,2.21354
Grèce,GRC,T_1200,2019,1.88032
Grèce,GRC,T_1200,2020,1.402654
Grèce,GRC,T_1200,2021,1.968852
Grèce,GRC,T_1200,2022,2.466633
Grèce,GRC,T_1200,2023,2.878814
Grèce,GRC,T_2000,1995,9.121793
Grèce,GRC,T_2000,1996,9.270434
Grèce,GRC,T_2000,1997,9.562631
Grèce,GRC,T_2000,1998,9.805412
Grèce,GRC,T_2000,1999,9.978391
Grèce,GRC,T_2000,2000,10.490509
Grèce,GRC,T_2000,2001,10.522337
Grèce,GRC,T_2000,2002,11.408271
Grèce,GRC,T_2000,2003,11.308703
Grèce,GRC,T_2000,2004,10.782657
Grèce,GRC,T_2000,2005,10.954269
Grèce,GRC,T_2000,2006,10.429359
Grèce,GRC,T_2000,2007,10.877398
Grèce,GRC,T_2000,2008,10.884854
Grèce,GRC,T_2000,2009,10.306304
Grèce,GRC,T_2000,2010,11.068449
Grèce,GRC,T_2000,2011,10.879961
Grèce,GRC,T_2000,2012,11.259868
Grèce,GRC,T_2000,2013,10.866081
Grèce,GRC,T_2000,2014,10.549671
Grèce,GRC,T_2000,2015,10.724619
Grèce,GRC,T_2000,2016,11.070909
Grèce,GRC,T_2000,2017,11.713937
Grèce,GRC,T_2000,2018,11.873832
Grèce,GRC,T_2000,2019,12.020658
Grèce,GRC,T_2000,2020,12.744456
Grèce,GRC,T_2000,2021,12.687012
Grèce,GRC,T_2000,2022,12.117148
Grèce,GRC,T_2000,2023,11.21019
Grèce,GRC,T_2000,2024,11.610306
Grèce,GRC,T_3000,1995,0
Grèce,GRC,T_3000,1996,0
Grèce,GRC,T_3000,1997,0
Grèce,GRC,T_3000,1998,0
Grèce,GRC,T_3000,1999,0
Grèce,GRC,T_3000,2000,0
Grèce,GRC,T_3000,2001,0
Grèce,GRC,T_3000,2002,0
Grèce,GRC,T_3000,2003,0
Grèce,GRC,T_3000,2004,0
Grèce,GRC,T_3000,2005,0
Grèce,GRC,T_3000,2006,0
Grèce,GRC,T_3000,2007,0
Grèce,GRC,T_3000,2008,0
Grèce,GRC,T_3000,2009,0
Grèce,GRC,T_3000,2010,0
Grèce,GRC,T_3000,2011,0
Grèce,GRC,T_3000,2012,0
Grèce,GRC,T_3000,2013,0
Grèce,GRC,T_3000,2014,0
Grèce,GRC,T_3000,2015,0
Grèce,GRC,T_3000,2016,0
Grèce,GRC,T_3000,2017,0
Grèce,GRC,T_3000,2018,0
Grèce,GRC,T_3000,2019,0
Grèce,GRC,T_3000,2020,0
Grèce,GRC,T_3000,2021,0
Grèce,GRC,T_3000,2022,0
Grèce,GRC,T_3000,2023,0
Grèce,GRC,T_3000,2024,0
Grèce,GRC,T_4000,1995,1.714082
Grèce,GRC,T_4000,1996,1.842762
Grèce,GRC,T_4000,1997,2.029799
Grèce,GRC,T_4000,1998,2.037392
Grèce,GRC,T_4000,1999,2.485466
Grèce,GRC,T_4000,2000,2.666693
Grèce,GRC,T_4000,2001,2.230757
Grèce,GRC,T_4000,2002,2.030808
Grèce,GRC,T_4000,2003,1.959838
Grèce,GRC,T_4000,2004,1.857545
Grèce,GRC,T_4000,2005,1.967415
Grèce,GRC,T_4000,2006,2.11947
Grèce,GRC,T_4000,2007,2.140588
Grèce,GRC,T_4000,2008,2.187778
Grèce,GRC,T_4000,2009,2.016451
Grèce,GRC,T_4000,2010,1.673148
Grèce,GRC,T_4000,2011,2.520703
Grèce,GRC,T_4000,2012,2.782691
Grèce,GRC,T_4000,2013,3.199077
Grèce,GRC,T_4000,2014,2.915287
Grèce,GRC,T_4000,2015,3.089593
Grèce,GRC,T_4000,2016,3.148213
Grèce,GRC,T_4000,2017,3.135105
Grèce,GRC,T_4000,2018,3.076145
Grèce,GRC,T_4000,2019,3.024605
Grèce,GRC,T_4000,2020,3.009439
Grèce,GRC,T_4000,2021,2.86605
Grèce,GRC,T_4000,2022,2.721619
Grèce,GRC,T_4000,2023,2.544884
Grèce,GRC,T_4000,2024,2.56426
Grèce,GRC,T_4100,1995,0.231014
Grèce,GRC,T_4100,1996,0.256298
Grèce,GRC,T_4100,1997,0.255411
Grèce,GRC,T_4100,1998,0.246932
Grèce,GRC,T_4100,1999,0.265023
Grèce,GRC,T_4100,2000,0.273206
Grèce,GRC,T_4100,2001,0.264517
Grèce,GRC,T_4100,2002,0.285081
Grèce,GRC,T_4100,2003,0.283177
Grèce,GRC,T_4100,2004,0.27527
Grèce,GRC,T_4100,2005,0.258249
Grèce,GRC,T_4100,2006,0.310781
Grèce,GRC,T_4100,2007,0.309225
Grèce,GRC,T_4100,2008,0.330073
Grèce,GRC,T_4100,2009,0.338422
Grèce,GRC,T_4100,2010,0.247327
Grèce,GRC,T_4100,2011,1.240447
Grèce,GRC,T_4100,2012,1.513724
Grèce,GRC,T_4100,2013,1.470407
Grèce,GRC,T_4100,2014,1.889002
Grèce,GRC,T_4100,2015,2.048324
Grèce,GRC,T_4100,2016,2.105496
Grèce,GRC,T_4100,2017,2.060002
Grèce,GRC,T_4100,2018,1.990414
Grèce,GRC,T_4100,2019,1.764218
Grèce,GRC,T_4100,2020,1.83121
Grèce,GRC,T_4100,2021,1.733716
Grèce,GRC,T_4100,2022,1.525108
Grèce,GRC,T_4100,2023,1.398776
Grèce,GRC,T_4200,1995,0.441324
Grèce,GRC,T_4200,1996,0.479814
Grèce,GRC,T_4200,1997,0.504527
Grèce,GRC,T_4200,1998,0.517813
Grèce,GRC,T_4200,1999,0.52072
Grèce,GRC,T_4200,2000,0.524379
Grèce,GRC,T_4200,2001,0.494443
Grèce,GRC,T_4200,2002,0.477652
Grèce,GRC,T_4200,2003,0.4756
Grèce,GRC,T_4200,2004,0.488076
Grèce,GRC,T_4200,2005,0.550383
Grèce,GRC,T_4200,2006,0.520768
Grèce,GRC,T_4200,2007,0.52686
Grèce,GRC,T_4200,2008,0.529038
Grèce,GRC,T_4200,2009,0.55223
Grèce,GRC,T_4200,2010,0.568897
Grèce,GRC,T_4200,2011,0.616292
Grèce,GRC,T_4200,2012,0.657346
Grèce,GRC,T_4200,2013,0.608599
Grèce,GRC,T_4200,2014,0.571926
Grèce,GRC,T_4200,2015,0.617577
Grèce,GRC,T_4200,2016,0.655782
Grèce,GRC,T_4200,2017,0.657915
Grèce,GRC,T_4200,2018,0.651106
Grèce,GRC,T_4200,2019,0.644234
Grèce,GRC,T_4200,2020,0.692971
Grèce,GRC,T_4200,2021,0.626847
Grèce,GRC,T_4200,2022,0.623033
Grèce,GRC,T_4200,2023,0.580825
Grèce,GRC,T_4300,1995,0.298575
Grèce,GRC,T_4300,1996,0.241397
Grèce,GRC,T_4300,1997,0.237424
Grèce,GRC,T_4300,1998,0.253538
Grèce,GRC,T_4300,1999,0.226941
Grèce,GRC,T_4300,2000,0.273206
Grèce,GRC,T_4300,2001,0.243491
Grèce,GRC,T_4300,2002,0.212709
Grèce,GRC,T_4300,2003,0.143025
Grèce,GRC,T_4300,2004,0.122813
Grèce,GRC,T_4300,2005,0.132462
Grèce,GRC,T_4300,2006,0.11246
Grèce,GRC,T_4300,2007,0.090718
Grèce,GRC,T_4300,2008,0.075816
Grèce,GRC,T_4300,2009,0.068282
Grèce,GRC,T_4300,2010,0.073796
Grèce,GRC,T_4300,2011,0.06045
Grèce,GRC,T_4300,2012,0.049489
Grèce,GRC,T_4300,2013,0.055582
Grèce,GRC,T_4300,2014,0.063042
Grèce,GRC,T_4300,2015,0.076413
Grèce,GRC,T_4300,2016,0.065922
Grèce,GRC,T_4300,2017,0.08682
Grèce,GRC,T_4300,2018,0.074744
Grèce,GRC,T_4300,2019,0.131763
Grèce,GRC,T_4300,2020,0.100872
Grèce,GRC,T_4300,2021,0.107274
Grèce,GRC,T_4300,2022,0.111617
Grèce,GRC,T_4300,2023,0.099913
Grèce,GRC,T_4400,1995,0.735541
Grèce,GRC,T_4400,1996,0.831478
Grèce,GRC,T_4400,1997,0.947
Grèce,GRC,T_4400,1998,0.924961
Grèce,GRC,T_4400,1999,1.385736
Grèce,GRC,T_4400,2000,1.494552
Grèce,GRC,T_4400,2001,1.13403
Grèce,GRC,T_4400,2002,0.947123
Grèce,GRC,T_4400,2003,0.95522
Grèce,GRC,T_4400,2004,0.851221
Grèce,GRC,T_4400,2005,0.89694
Grèce,GRC,T_4400,2006,1.060668
Grèce,GRC,T_4400,2007,1.114781
Grèce,GRC,T_4400,2008,1.105408
Grèce,GRC,T_4400,2009,0.827492
Grèce,GRC,T_4400,2010,0.512544
Grèce,GRC,T_4400,2011,0.422165
Grèce,GRC,T_4400,2012,0.3943
Grèce,GRC,T_4400,2013,0.345285
Grèce,GRC,T_4400,2014,0.317484
Grèce,GRC,T_4400,2015,0.311925
Grèce,GRC,T_4400,2016,0.311267
Grèce,GRC,T_4400,2017,0.325293
Grèce,GRC,T_4400,2018,0.354344
Grèce,GRC,T_4400,2019,0.46927
Grèce,GRC,T_4400,2020,0.376031
Grèce,GRC,T_4400,2021,0.39117
Grèce,GRC,T_4400,2022,0.454646
Grèce,GRC,T_4400,2023,0.461818
Grèce,GRC,T_5000,1995,11.931013
Grèce,GRC,T_5000,1996,12.226801
Grèce,GRC,T_5000,1997,12.314596
Grèce,GRC,T_5000,1998,12.007975
Grèce,GRC,T_5000,1999,12.24391
Grèce,GRC,T_5000,2000,12.216405
Grèce,GRC,T_5000,2001,12.169801
Grèce,GRC,T_5000,2002,12.466783
Grèce,GRC,T_5000,2003,11.641278
Grèce,GRC,T_5000,2004,11.23156
Grèce,GRC,T_5000,2005,11.416858
Grèce,GRC,T_5000,2006,11.504027
Grèce,GRC,T_5000,2007,11.761023
Grèce,GRC,T_5000,2008,11.778312
Grèce,GRC,T_5000,2009,11.225123
Grèce,GRC,T_5000,2010,12.510371
Grèce,GRC,T_5000,2011,13.480772
Grèce,GRC,T_5000,2012,14.419645
Grèce,GRC,T_5000,2013,14.680494
Grèce,GRC,T_5000,2014,14.825198
Grèce,GRC,T_5000,2015,15.026555
Grèce,GRC,T_5000,2016,16.040866
Grèce,GRC,T_5000,2017,15.969809
Grèce,GRC,T_5000,2018,16.041245
Grèce,GRC,T_5000,2019,15.926561
Grèce,GRC,T_5000,2020,15.12479
Grèce,GRC,T_5000,2021,15.601823
Grèce,GRC,T_5000,2022,17.754754
Grèce,GRC,T_5000,2023,15.849686
Grèce,GRC,T_5000,2024,15.515205
Grèce,GRC,T_5111,1995,5.902849
Grèce,GRC,T_5111,1996,5.951476
Grèce,GRC,T_5111,1997,6.191923
Grèce,GRC,T_5111,1998,6.128692
Grèce,GRC,T_5111,1999,6.442936
Grèce,GRC,T_5111,2000,6.556201
Grèce,GRC,T_5111,2001,6.909989
Grèce,GRC,T_5111,2002,7.534191
Grèce,GRC,T_5111,2003,6.931233
Grèce,GRC,T_5111,2004,6.658366
Grèce,GRC,T_5111,2005,6.878763
Grèce,GRC,T_5111,2006,6.885244
Grèce,GRC,T_5111,2007,7.201152
Grèce,GRC,T_5111,2008,7.111639
Grèce,GRC,T_5111,2009,6.349793
Grèce,GRC,T_5111,2010,7.137155
Grèce,GRC,T_5111,2011,7.382234
Grèce,GRC,T_5111,2012,7.37658
Grèce,GRC,T_5111,2013,7.070195
Grèce,GRC,T_5111,2014,7.199334
Grèce,GRC,T_5111,2015,7.347621
Grèce,GRC,T_5111,2016,8.216193
Grèce,GRC,T_5111,2017,8.254666
Grèce,GRC,T_5111,2018,8.464383
Grèce,GRC,T_5111,2019,8.310778
Grèce,GRC,T_5111,2020,7.714598
Grèce,GRC,T_5111,2021,8.213482
Grèce,GRC,T_5111,2022,8.958684
Grèce,GRC,T_5111,2023,8.772768
Grèce,GRC,_T,1995,28.712235
Grèce,GRC,_T,1996,29.125575
Grèce,GRC,_T,1997,30.496455
Grèce,GRC,_T,1998,31.816179
Grèce,GRC,_T,1999,33.083583
Grèce,GRC,_T,2000,34.67288
Grèce,GRC,_T,2001,32.966916
Grèce,GRC,_T,2002,34.09832
Grèce,GRC,_T,2003,32.362603
Grèce,GRC,_T,2004,31.241596
Grèce,GRC,_T,2005,32.605071
Grèce,GRC,_T,2006,31.565728
Grèce,GRC,_T,2007,32.270197
Grèce,GRC,_T,2008,32.236526
Grèce,GRC,_T,2009,31.173262
Grèce,GRC,_T,2010,32.386887
Grèce,GRC,_T,2011,34.22976
Grèce,GRC,_T,2012,37.192206
Grèce,GRC,_T,2013,36.614212
Grèce,GRC,_T,2014,36.929812
Grèce,GRC,_T,2015,37.158377
Grèce,GRC,_T,2016,39.221962
Grèce,GRC,_T,2017,39.615296
Grèce,GRC,_T,2018,40.108926
Grèce,GRC,_T,2019,39.100618
Grèce,GRC,_T,2020,38.913804
Grèce,GRC,_T,2021,39.373785
Grèce,GRC,_T,2022,40.994123
Grèce,GRC,_T,2023,38.922829
Grèce,GRC,_T,2024,39.826849
Hongrie,HUN,T_1100,1995,6.553476
Hongrie,HUN,T_1100,1996,6.863395
Hongrie,HUN,T_1100,1997,6.326913
Hongrie,HUN,T_1100,1998,6.278995
Hongrie,HUN,T_1100,1999,6.688737
Hongrie,HUN,T_1100,2000,7.156498
Hongrie,HUN,T_1100,2001,7.360304
Hongrie,HUN,T_1100,2002,7.561834
Hongrie,HUN,T_1100,2003,7.025746
Hongrie,HUN,T_1100,2004,6.570949
Hongrie,HUN,T_1100,2005,6.539094
Hongrie,HUN,T_1100,2006,6.634771
Hongrie,HUN,T_1100,2007,7.145528
Hongrie,HUN,T_1100,2008,7.592963
Hongrie,HUN,T_1100,2009,7.284726
Hongrie,HUN,T_1100,2010,6.431783
Hongrie,HUN,T_1100,2011,4.940628
Hongrie,HUN,T_1100,2012,5.516053
Hongrie,HUN,T_1100,2013,5.288428
Hongrie,HUN,T_1100,2014,5.211774
Hongrie,HUN,T_1100,2015,5.215617
Hongrie,HUN,T_1100,2016,5.141237
Hongrie,HUN,T_1100,2017,5.310161
Hongrie,HUN,T_1100,2018,5.37329
Hongrie,HUN,T_1100,2019,5.126286
Hongrie,HUN,T_1100,2020,5.211451
Hongrie,HUN,T_1100,2021,4.058602
Hongrie,HUN,T_1100,2022,5.344134
Hongrie,HUN,T_1100,2023,5.385337
Hongrie,HUN,T_1100,2024,5.529367
Hongrie,HUN,T_1200,1995,1.814669
Hongrie,HUN,T_1200,1996,1.775259
Hongrie,HUN,T_1200,1997,1.854117
Hongrie,HUN,T_1200,1998,2.077478
Hongrie,HUN,T_1200,1999,2.251255
Hongrie,HUN,T_1200,2000,2.194271
Hongrie,HUN,T_1200,2001,2.282841
Hongrie,HUN,T_1200,2002,2.273707
Hongrie,HUN,T_1200,2003,2.164773
Hongrie,HUN,T_1200,2004,2.127721
Hongrie,HUN,T_1200,2005,2.062807
Hongrie,HUN,T_1200,2006,2.281693
Hongrie,HUN,T_1200,2007,2.723744
Hongrie,HUN,T_1200,2008,2.570365
Hongrie,HUN,T_1200,2009,2.187836
Hongrie,HUN,T_1200,2010,1.20225
Hongrie,HUN,T_1200,2011,1.188103
Hongrie,HUN,T_1200,2012,1.273324
Hongrie,HUN,T_1200,2013,1.332497
Hongrie,HUN,T_1200,2014,1.590778
Hongrie,HUN,T_1200,2015,1.718711
Hongrie,HUN,T_1200,2016,2.25107
Hongrie,HUN,T_1200,2017,1.967031
Hongrie,HUN,T_1200,2018,1.313076
Hongrie,HUN,T_1200,2019,1.2272
Hongrie,HUN,T_1200,2020,1.274975
Hongrie,HUN,T_1200,2021,1.362224
Hongrie,HUN,T_1200,2022,1.658741
Hongrie,HUN,T_1200,2023,2.238247
Hongrie,HUN,T_1200,2024,1.775052
Hongrie,HUN,T_2000,1995,14.482255
Hongrie,HUN,T_2000,1996,13.471618
Hongrie,HUN,T_2000,1997,12.742923
Hongrie,HUN,T_2000,1998,12.535105
Hongrie,HUN,T_2000,1999,11.539702
Hongrie,HUN,T_2000,2000,11.294765
Hongrie,HUN,T_2000,2001,11.160905
Hongrie,HUN,T_2000,2002,12.200974
Hongrie,HUN,T_2000,2003,12.087973
Hongrie,HUN,T_2000,2004,11.754646
Hongrie,HUN,T_2000,2005,11.907048
Hongrie,HUN,T_2000,2006,12.083833
Hongrie,HUN,T_2000,2007,13.222542
Hongrie,HUN,T_2000,2008,13.175588
Hongrie,HUN,T_2000,2009,12.598157
Hongrie,HUN,T_2000,2010,11.592382
Hongrie,HUN,T_2000,2011,12.659176
Hongrie,HUN,T_2000,2012,13.24112
Hongrie,HUN,T_2000,2013,12.850113
Hongrie,HUN,T_2000,2014,12.675152
Hongrie,HUN,T_2000,2015,12.67256
Hongrie,HUN,T_2000,2016,13.130815
Hongrie,HUN,T_2000,2017,12.258933
Hongrie,HUN,T_2000,2018,11.594234
Hongrie,HUN,T_2000,2019,11.567425
Hongrie,HUN,T_2000,2020,10.990874
Hongrie,HUN,T_2000,2021,10.405697
Hongrie,HUN,T_2000,2022,9.827893
Hongrie,HUN,T_2000,2023,9.915841
Hongrie,HUN,T_2000,2024,10.052158
Hongrie,HUN,T_3000,1995,0.111835
Hongrie,HUN,T_3000,1996,0.109756
Hongrie,HUN,T_3000,1997,0.925206
Hongrie,HUN,T_3000,1998,0.987637
Hongrie,HUN,T_3000,1999,1.391252
Hongrie,HUN,T_3000,2000,1.375007
Hongrie,HUN,T_3000,2001,1.289806
Hongrie,HUN,T_3000,2002,0.404287
Hongrie,HUN,T_3000,2003,0.313868
Hongrie,HUN,T_3000,2004,0.338034
Hongrie,HUN,T_3000,2005,0.376606
Hongrie,HUN,T_3000,2006,0.265859
Hongrie,HUN,T_3000,2007,0.318957
Hongrie,HUN,T_3000,2008,0.308599
Hongrie,HUN,T_3000,2009,0.336328
Hongrie,HUN,T_3000,2010,0.414506
Hongrie,HUN,T_3000,2011,0.450697
Hongrie,HUN,T_3000,2012,0.54079
Hongrie,HUN,T_3000,2013,0.680301
Hongrie,HUN,T_3000,2014,0.674155
Hongrie,HUN,T_3000,2015,0.691015
Hongrie,HUN,T_3000,2016,0.744536
Hongrie,HUN,T_3000,2017,0.864795
Hongrie,HUN,T_3000,2018,0.941837
Hongrie,HUN,T_3000,2019,1.032334
Hongrie,HUN,T_3000,2020,1.027074
Hongrie,HUN,T_3000,2021,1.077765
Hongrie,HUN,T_3000,2022,0.716346
Hongrie,HUN,T_3000,2023,0.574859
Hongrie,HUN,T_3000,2024,0.586934
Hongrie,HUN,T_4000,1995,0.495151
Hongrie,HUN,T_4000,1996,0.595606
Hongrie,HUN,T_4000,1997,0.578582
Hongrie,HUN,T_4000,1998,0.585671
Hongrie,HUN,T_4000,1999,0.632553
Hongrie,HUN,T_4000,2000,0.667329
Hongrie,HUN,T_4000,2001,0.689755
Hongrie,HUN,T_4000,2002,0.687488
Hongrie,HUN,T_4000,2003,0.802077
Hongrie,HUN,T_4000,2004,0.834244
Hongrie,HUN,T_4000,2005,0.828163
Hongrie,HUN,T_4000,2006,0.813394
Hongrie,HUN,T_4000,2007,0.78783
Hongrie,HUN,T_4000,2008,0.847718
Hongrie,HUN,T_4000,2009,0.812563
Hongrie,HUN,T_4000,2010,1.137757
Hongrie,HUN,T_4000,2011,1.112871
Hongrie,HUN,T_4000,2012,1.214197
Hongrie,HUN,T_4000,2013,1.281414
Hongrie,HUN,T_4000,2014,1.271462
Hongrie,HUN,T_4000,2015,1.250056
Hongrie,HUN,T_4000,2016,1.079702
Hongrie,HUN,T_4000,2017,1.039447
Hongrie,HUN,T_4000,2018,0.959278
Hongrie,HUN,T_4000,2019,0.931302
Hongrie,HUN,T_4000,2020,1.039546
Hongrie,HUN,T_4000,2021,0.868729
Hongrie,HUN,T_4000,2022,0.80658
Hongrie,HUN,T_4000,2023,0.733564
Hongrie,HUN,T_4000,2024,0.735947
Hongrie,HUN,T_4100,1995,0.103628
Hongrie,HUN,T_4100,1996,0.161728
Hongrie,HUN,T_4100,1997,0.166724
Hongrie,HUN,T_4100,1998,0.174024
Hongrie,HUN,T_4100,1999,0.198467
Hongrie,HUN,T_4100,2000,0.230951
Hongrie,HUN,T_4100,2001,0.232001
Hongrie,HUN,T_4100,2002,0.22814
Hongrie,HUN,T_4100,2003,0.241401
Hongrie,HUN,T_4100,2004,0.246276
Hongrie,HUN,T_4100,2005,0.260653
Hongrie,HUN,T_4100,2006,0.26008
Hongrie,HUN,T_4100,2007,0.280102
Hongrie,HUN,T_4100,2008,0.299799
Hongrie,HUN,T_4100,2009,0.329939
Hongrie,HUN,T_4100,2010,0.337343
Hongrie,HUN,T_4100,2011,0.359588
Hongrie,HUN,T_4100,2012,0.439265
Hongrie,HUN,T_4100,2013,0.626988
Hongrie,HUN,T_4100,2014,0.582394
Hongrie,HUN,T_4100,2015,0.574267
Hongrie,HUN,T_4100,2016,0.579094
Hongrie,HUN,T_4100,2017,0.554348
Hongrie,HUN,T_4100,2018,0.503127
Hongrie,HUN,T_4100,2019,0.461908
Hongrie,HUN,T_4100,2020,0.460152
Hongrie,HUN,T_4100,2021,0.424689
Hongrie,HUN,T_4100,2022,0.36105
Hongrie,HUN,T_4100,2023,0.354003
Hongrie,HUN,T_4100,2024,0.329828
Hongrie,HUN,T_4200,1995,0
Hongrie,HUN,T_4200,1996,0
Hongrie,HUN,T_4200,1997,0
Hongrie,HUN,T_4200,1998,0
Hongrie,HUN,T_4200,1999,0
Hongrie,HUN,T_4200,2000,0
Hongrie,HUN,T_4200,2001,0
Hongrie,HUN,T_4200,2002,0
Hongrie,HUN,T_4200,2003,0
Hongrie,HUN,T_4200,2004,0
Hongrie,HUN,T_4200,2005,0
Hongrie,HUN,T_4200,2006,0
Hongrie,HUN,T_4200,2007,0
Hongrie,HUN,T_4200,2008,0
Hongrie,HUN,T_4200,2009,0
Hongrie,HUN,T_4200,2010,0.494583
Hongrie,HUN,T_4200,2011,0.488634
Hongrie,HUN,T_4200,2012,0.479201
Hongrie,HUN,T_4200,2013,0.423684
Hongrie,HUN,T_4200,2014,0.420818
Hongrie,HUN,T_4200,2015,0.387772
Hongrie,HUN,T_4200,2016,0.165064
Hongrie,HUN,T_4200,2017,0.131163
Hongrie,HUN,T_4200,2018,0.097789
Hongrie,HUN,T_4200,2019,0.093645
Hongrie,HUN,T_4200,2020,0.221489
Hongrie,HUN,T_4200,2021,0.094146
Hongrie,HUN,T_4200,2022,0.101071
Hongrie,HUN,T_4200,2023,0.099759
Hongrie,HUN,T_4200,2024,0.122078
Hongrie,HUN,T_4300,1995,0.046588
Hongrie,HUN,T_4300,1996,0.03953
Hongrie,HUN,T_4300,1997,0.041249
Hongrie,HUN,T_4300,1998,0.039773
Hongrie,HUN,T_4300,1999,0.041965
Hongrie,HUN,T_4300,2000,0.040929
Hongrie,HUN,T_4300,2001,0.043262
Hongrie,HUN,T_4300,2002,0.050398
Hongrie,HUN,T_4300,2003,0.045076
Hongrie,HUN,T_4300,2004,0.060062
Hongrie,HUN,T_4300,2005,0.069155
Hongrie,HUN,T_4300,2006,0.064535
Hongrie,HUN,T_4300,2007,0.051204
Hongrie,HUN,T_4300,2008,0.041404
Hongrie,HUN,T_4300,2009,0.03498
Hongrie,HUN,T_4300,2010,0.022838
Hongrie,HUN,T_4300,2011,0.02281
Hongrie,HUN,T_4300,2012,0.019551
Hongrie,HUN,T_4300,2013,0.01749
Hongrie,HUN,T_4300,2014,0.018823
Hongrie,HUN,T_4300,2015,0.021075
Hongrie,HUN,T_4300,2016,0.022797
Hongrie,HUN,T_4300,2017,0.023879
Hongrie,HUN,T_4300,2018,0.01956
Hongrie,HUN,T_4300,2019,0.023838
Hongrie,HUN,T_4300,2020,0.01945
Hongrie,HUN,T_4300,2021,0.016436
Hongrie,HUN,T_4300,2022,0.017284
Hongrie,HUN,T_4300,2023,0.017457
Hongrie,HUN,T_4300,2024,0.017675
Hongrie,HUN,T_4400,1995,0.344936
Hongrie,HUN,T_4400,1996,0.394348
Hongrie,HUN,T_4400,1997,0.370609
Hongrie,HUN,T_4400,1998,0.371874
Hongrie,HUN,T_4400,1999,0.392121
Hongrie,HUN,T_4400,2000,0.395449
Hongrie,HUN,T_4400,2001,0.414492
Hongrie,HUN,T_4400,2002,0.408949
Hongrie,HUN,T_4400,2003,0.5156
Hongrie,HUN,T_4400,2004,0.527906
Hongrie,HUN,T_4400,2005,0.498355
Hongrie,HUN,T_4400,2006,0.488779
Hongrie,HUN,T_4400,2007,0.456524
Hongrie,HUN,T_4400,2008,0.506515
Hongrie,HUN,T_4400,2009,0.447644
Hongrie,HUN,T_4400,2010,0.282993
Hongrie,HUN,T_4400,2011,0.241839
Hongrie,HUN,T_4400,2012,0.27618
Hongrie,HUN,T_4400,2013,0.213253
Hongrie,HUN,T_4400,2014,0.249428
Hongrie,HUN,T_4400,2015,0.266942
Hongrie,HUN,T_4400,2016,0.312746
Hongrie,HUN,T_4400,2017,0.330057
Hongrie,HUN,T_4400,2018,0.338803
Hongrie,HUN,T_4400,2019,0.351911
Hongrie,HUN,T_4400,2020,0.338454
Hongrie,HUN,T_4400,2021,0.333458
Hongrie,HUN,T_4400,2022,0.327175
Hongrie,HUN,T_4400,2023,0.262346
Hongrie,HUN,T_4400,2024,0.266366
Hongrie,HUN,T_5000,1995,16.512032
Hongrie,HUN,T_5000,1996,15.977145
Hongrie,HUN,T_5000,1997,14.805646
Hongrie,HUN,T_5000,1998,14.581847
Hongrie,HUN,T_5000,1999,15.413529
Hongrie,HUN,T_5000,2000,15.602651
Hongrie,HUN,T_5000,2001,14.570101
Hongrie,HUN,T_5000,2002,14.008001
Hongrie,HUN,T_5000,2003,14.639833
Hongrie,HUN,T_5000,2004,15.13425
Hongrie,HUN,T_5000,2005,14.562933
Hongrie,HUN,T_5000,2006,14.062563
Hongrie,HUN,T_5000,2007,14.894375
Hongrie,HUN,T_5000,2008,14.668507
Hongrie,HUN,T_5000,2009,15.447658
Hongrie,HUN,T_5000,2010,15.983423
Hongrie,HUN,T_5000,2011,15.941054
Hongrie,HUN,T_5000,2012,17.10287
Hongrie,HUN,T_5000,2013,16.898335
Hongrie,HUN,T_5000,2014,16.787782
Hongrie,HUN,T_5000,2015,16.971672
Hongrie,HUN,T_5000,2016,16.47556
Hongrie,HUN,T_5000,2017,16.23877
Hongrie,HUN,T_5000,2018,16.418523
Hongrie,HUN,T_5000,2019,16.149305
Hongrie,HUN,T_5000,2020,16.112079
Hongrie,HUN,T_5000,2021,15.82135
Hongrie,HUN,T_5000,2022,16.682296
Hongrie,HUN,T_5000,2023,16.040837
Hongrie,HUN,T_5000,2024,15.58215
Hongrie,HUN,T_5111,1995,7.240166
Hongrie,HUN,T_5111,1996,7.204908
Hongrie,HUN,T_5111,1997,7.621467
Hongrie,HUN,T_5111,1998,7.619142
Hongrie,HUN,T_5111,1999,8.078224
Hongrie,HUN,T_5111,2000,8.64861
Hongrie,HUN,T_5111,2001,8.070427
Hongrie,HUN,T_5111,2002,7.688303
Hongrie,HUN,T_5111,2003,8.058426
Hongrie,HUN,T_5111,2004,8.685452
Hongrie,HUN,T_5111,2005,8.224844
Hongrie,HUN,T_5111,2006,7.402141
Hongrie,HUN,T_5111,2007,7.824527
Hongrie,HUN,T_5111,2008,7.595284
Hongrie,HUN,T_5111,2009,8.282645
Hongrie,HUN,T_5111,2010,8.479088
Hongrie,HUN,T_5111,2011,8.35058
Hongrie,HUN,T_5111,2012,9.085907
Hongrie,HUN,T_5111,2013,8.876922
Hongrie,HUN,T_5111,2014,9.172885
Hongrie,HUN,T_5111,2015,9.459949
Hongrie,HUN,T_5111,2016,9.087488
Hongrie,HUN,T_5111,2017,9.219475
Hongrie,HUN,T_5111,2018,9.481422
Hongrie,HUN,T_5111,2019,9.442449
Hongrie,HUN,T_5111,2020,9.664544
Hongrie,HUN,T_5111,2021,9.827569
Hongrie,HUN,T_5111,2022,10.145803
Hongrie,HUN,T_5111,2023,9.368965
Hongrie,HUN,T_5111,2024,9.05639
Hongrie,HUN,_T,1995,40.637339
Hongrie,HUN,_T,1996,39.273548
Hongrie,HUN,_T,1997,37.661921
Hongrie,HUN,_T,1998,37.401555
Hongrie,HUN,_T,1999,38.162037
Hongrie,HUN,_T,2000,38.474197
Hongrie,HUN,_T,2001,37.564738
Hongrie,HUN,_T,2002,37.373378
Hongrie,HUN,_T,2003,37.234093
Hongrie,HUN,_T,2004,36.953073
Hongrie,HUN,_T,2005,36.431792
Hongrie,HUN,_T,2006,36.381637
Hongrie,HUN,_T,2007,39.249335
Hongrie,HUN,_T,2008,39.356891
Hongrie,HUN,_T,2009,38.812138
Hongrie,HUN,_T,2010,36.903327
Hongrie,HUN,_T,2011,36.431546
Hongrie,HUN,_T,2012,39.004989
Hongrie,HUN,_T,2013,38.454697
Hongrie,HUN,_T,2014,38.336327
Hongrie,HUN,_T,2015,38.647362
Hongrie,HUN,_T,2016,38.928013
Hongrie,HUN,_T,2017,37.763305
Hongrie,HUN,_T,2018,36.65306
Hongrie,HUN,_T,2019,36.104553
Hongrie,HUN,_T,2020,35.701674
Hongrie,HUN,_T,2021,33.560588
Hongrie,HUN,_T,2022,35.149121
Hongrie,HUN,_T,2023,35.029253
Hongrie,HUN,_T,2024,34.353895
Irlande,IRL,T_1100,1995,10.160011
Irlande,IRL,T_1100,1996,10.295106
Irlande,IRL,T_1100,1997,10.187213
Irlande,IRL,T_1100,1998,9.817336
Irlande,IRL,T_1100,1999,9.697111
Irlande,IRL,T_1100,2000,9.815943
Irlande,IRL,T_1100,2001,8.915872
Irlande,IRL,T_1100,2002,8.204431
Irlande,IRL,T_1100,2003,8.559938
Irlande,IRL,T_1100,2004,9.12763
Irlande,IRL,T_1100,2005,9.203617
Irlande,IRL,T_1100,2006,9.680421
Irlande,IRL,T_1100,2007,9.625916
Irlande,IRL,T_1100,2008,9.125998
Irlande,IRL,T_1100,2009,8.979605
Irlande,IRL,T_1100,2010,8.767922
Irlande,IRL,T_1100,2011,9.055867
Irlande,IRL,T_1100,2012,9.549954
Irlande,IRL,T_1100,2013,9.305384
Irlande,IRL,T_1100,2014,9.169522
Irlande,IRL,T_1100,2015,7.243235
Irlande,IRL,T_1100,2016,7.442441
Irlande,IRL,T_1100,2017,6.939369
Irlande,IRL,T_1100,2018,6.829804
Irlande,IRL,T_1100,2019,6.782455
Irlande,IRL,T_1100,2020,6.386607
Irlande,IRL,T_1100,2021,6.558792
Irlande,IRL,T_1100,2022,6.344053
Irlande,IRL,T_1100,2023,6.620831
Irlande,IRL,T_1100,2024,6.579968
Irlande,IRL,T_1200,1995,2.662871
Irlande,IRL,T_1200,1996,3.015018
Irlande,IRL,T_1200,1997,3.105155
Irlande,IRL,T_1200,1998,3.250345
Irlande,IRL,T_1200,1999,3.70943
Irlande,IRL,T_1200,2000,3.594403
Irlande,IRL,T_1200,2001,3.403039
Irlande,IRL,T_1200,2002,3.537836
Irlande,IRL,T_1200,2003,3.545271
Irlande,IRL,T_1200,2004,3.41834
Irlande,IRL,T_1200,2005,3.236179
Irlande,IRL,T_1200,2006,3.616742
Irlande,IRL,T_1200,2007,3.244871
Irlande,IRL,T_1200,2008,2.709668
Irlande,IRL,T_1200,2009,2.295754
Irlande,IRL,T_1200,2010,2.358561
Irlande,IRL,T_1200,2011,2.167603
Irlande,IRL,T_1200,2012,2.244918
Irlande,IRL,T_1200,2013,2.336374
Irlande,IRL,T_1200,2014,2.30216
Irlande,IRL,T_1200,2015,2.524186
Irlande,IRL,T_1200,2016,2.664724
Irlande,IRL,T_1200,2017,2.660022
Irlande,IRL,T_1200,2018,3.099537
Irlande,IRL,T_1200,2019,2.993435
Irlande,IRL,T_1200,2020,3.131493
Irlande,IRL,T_1200,2021,3.417196
Irlande,IRL,T_1200,2022,4.349009
Irlande,IRL,T_1200,2023,4.574999
Irlande,IRL,T_1200,2024,5.013244
Irlande,IRL,T_2000,1995,4.30677
Irlande,IRL,T_2000,1996,4.057502
Irlande,IRL,T_2000,1997,3.829931
Irlande,IRL,T_2000,1998,3.59123
Irlande,IRL,T_2000,1999,3.59735
Irlande,IRL,T_2000,2000,3.655606
Irlande,IRL,T_2000,2001,3.763176
Irlande,IRL,T_2000,2002,3.703023
Irlande,IRL,T_2000,2003,3.693345
Irlande,IRL,T_2000,2004,3.823873
Irlande,IRL,T_2000,2005,3.838133
Irlande,IRL,T_2000,2006,3.87665
Irlande,IRL,T_2000,2007,4.132147
Irlande,IRL,T_2000,2008,4.458832
Irlande,IRL,T_2000,2009,5.203309
Irlande,IRL,T_2000,2010,5.056924
Irlande,IRL,T_2000,2011,5.102466
Irlande,IRL,T_2000,2012,4.739038
Irlande,IRL,T_2000,2013,4.849819
Irlande,IRL,T_2000,2014,4.695847
Irlande,IRL,T_2000,2015,3.672151
Irlande,IRL,T_2000,2016,3.803439
Irlande,IRL,T_2000,2017,3.600215
Irlande,IRL,T_2000,2018,3.61103
Irlande,IRL,T_2000,2019,3.60402
Irlande,IRL,T_2000,2020,3.213292
Irlande,IRL,T_2000,2021,3.075517
Irlande,IRL,T_2000,2022,3.0663
Irlande,IRL,T_2000,2023,3.310837
Irlande,IRL,T_2000,2024,3.366555
Irlande,IRL,T_3000,1995,0.381324
Irlande,IRL,T_3000,1996,0.349936
Irlande,IRL,T_3000,1997,0.347259
Irlande,IRL,T_3000,1998,0.353099
Irlande,IRL,T_3000,1999,0.104537
Irlande,IRL,T_3000,2000,0.013398
Irlande,IRL,T_3000,2001,0.166634
Irlande,IRL,T_3000,2002,0.177083
Irlande,IRL,T_3000,2003,0.175033
Irlande,IRL,T_3000,2004,0.18027
Irlande,IRL,T_3000,2005,0.195154
Irlande,IRL,T_3000,2006,0.198906
Irlande,IRL,T_3000,2007,0.208303
Irlande,IRL,T_3000,2008,0.221073
Irlande,IRL,T_3000,2009,0.217051
Irlande,IRL,T_3000,2010,0.185332
Irlande,IRL,T_3000,2011,0.183751
Irlande,IRL,T_3000,2012,0.167187
Irlande,IRL,T_3000,2013,0.171907
Irlande,IRL,T_3000,2014,0.168499
Irlande,IRL,T_3000,2015,0.131091
Irlande,IRL,T_3000,2016,0.141339
Irlande,IRL,T_3000,2017,0.139769
Irlande,IRL,T_3000,2018,0.168697
Irlande,IRL,T_3000,2019,0.21273
Irlande,IRL,T_3000,2020,0.187764
Irlande,IRL,T_3000,2021,0.177781
Irlande,IRL,T_3000,2022,0.182603
Irlande,IRL,T_3000,2023,0.201702
Irlande,IRL,T_3000,2024,0.194798
Irlande,IRL,T_4000,1995,1.421068
Irlande,IRL,T_4000,1996,1.505821
Irlande,IRL,T_4000,1997,1.520157
Irlande,IRL,T_4000,1998,1.564412
Irlande,IRL,T_4000,1999,1.690905
Irlande,IRL,T_4000,2000,1.75343
Irlande,IRL,T_4000,2001,1.678978
Irlande,IRL,T_4000,2002,1.499369
Irlande,IRL,T_4000,2003,1.864696
Irlande,IRL,T_4000,2004,2.013317
Irlande,IRL,T_4000,2005,2.208782
Irlande,IRL,T_4000,2006,2.696172
Irlande,IRL,T_4000,2007,2.430256
Irlande,IRL,T_4000,2008,1.779209
Irlande,IRL,T_4000,2009,1.451924
Irlande,IRL,T_4000,2010,1.428567
Irlande,IRL,T_4000,2011,1.643438
Irlande,IRL,T_4000,2012,1.741156
Irlande,IRL,T_4000,2013,1.985495
Irlande,IRL,T_4000,2014,2.114189
Irlande,IRL,T_4000,2015,1.439074
Irlande,IRL,T_4000,2016,1.39234
Irlande,IRL,T_4000,2017,1.249171
Irlande,IRL,T_4000,2018,1.287996
Irlande,IRL,T_4000,2019,1.219174
Irlande,IRL,T_4000,2020,0.965976
Irlande,IRL,T_4000,2021,1.084812
Irlande,IRL,T_4000,2022,0.961608
Irlande,IRL,T_4000,2023,0.978782
Irlande,IRL,T_4000,2024,0.933757
Irlande,IRL,T_4100,1995,0.772875
Irlande,IRL,T_4100,1996,0.747749
Irlande,IRL,T_4100,1997,0.664258
Irlande,IRL,T_4100,1998,0.614192
Irlande,IRL,T_4100,1999,0.583034
Irlande,IRL,T_4100,2000,0.541415
Irlande,IRL,T_4100,2001,0.538868
Irlande,IRL,T_4100,2002,0.54942
Irlande,IRL,T_4100,2003,0.574567
Irlande,IRL,T_4100,2004,0.560545
Irlande,IRL,T_4100,2005,0.59938
Irlande,IRL,T_4100,2006,0.57048
Irlande,IRL,T_4100,2007,0.62565
Irlande,IRL,T_4100,2008,0.681464
Irlande,IRL,T_4100,2009,0.779754
Irlande,IRL,T_4100,2010,0.790512
Irlande,IRL,T_4100,2011,0.7751
Irlande,IRL,T_4100,2012,0.836877
Irlande,IRL,T_4100,2013,0.942667
Irlande,IRL,T_4100,2014,0.944872
Irlande,IRL,T_4100,2015,0.684599
Irlande,IRL,T_4100,2016,0.658655
Irlande,IRL,T_4100,2017,0.601945
Irlande,IRL,T_4100,2018,0.572442
Irlande,IRL,T_4100,2019,0.531352
Irlande,IRL,T_4100,2020,0.318159
Irlande,IRL,T_4100,2021,0.37205
Irlande,IRL,T_4100,2022,0.393877
Irlande,IRL,T_4100,2023,0.421341
Irlande,IRL,T_4100,2024,0.412755
Irlande,IRL,T_4200,1995,0
Irlande,IRL,T_4200,1996,0
Irlande,IRL,T_4200,1997,0
Irlande,IRL,T_4200,1998,0
Irlande,IRL,T_4200,1999,0
Irlande,IRL,T_4200,2000,0
Irlande,IRL,T_4200,2001,0
Irlande,IRL,T_4200,2002,0
Irlande,IRL,T_4200,2003,0
Irlande,IRL,T_4200,2004,0
Irlande,IRL,T_4200,2005,0
Irlande,IRL,T_4200,2006,0
Irlande,IRL,T_4200,2007,0
Irlande,IRL,T_4200,2008,0
Irlande,IRL,T_4200,2009,0
Irlande,IRL,T_4200,2010,0
Irlande,IRL,T_4200,2011,0.265728
Irlande,IRL,T_4200,2012,0.273426
Irlande,IRL,T_4200,2013,0.293212
Irlande,IRL,T_4200,2014,0.370338
Irlande,IRL,T_4200,2015,0.062182
Irlande,IRL,T_4200,2016,0.000174
Irlande,IRL,T_4200,2017,6E-06
Irlande,IRL,T_4200,2018,2.4E-05
Irlande,IRL,T_4200,2019,8E-06
Irlande,IRL,T_4200,2020,2.9E-05
Irlande,IRL,T_4200,2021,2.7E-05
Irlande,IRL,T_4200,2022,2E-06
Irlande,IRL,T_4200,2023,0.001908
Irlande,IRL,T_4200,2024,0
Irlande,IRL,T_4300,1995,0.138339
Irlande,IRL,T_4300,1996,0.172849
Irlande,IRL,T_4300,1997,0.161382
Irlande,IRL,T_4300,1998,0.176549
Irlande,IRL,T_4300,1999,0.206918
Irlande,IRL,T_4300,2000,0.207497
Irlande,IRL,T_4300,2001,0.138759
Irlande,IRL,T_4300,2002,0.111568
Irlande,IRL,T_4300,2003,0.146816
Irlande,IRL,T_4300,2004,0.12188
Irlande,IRL,T_4300,2005,0.149548
Irlande,IRL,T_4300,2006,0.170737
Irlande,IRL,T_4300,2007,0.205606
Irlande,IRL,T_4300,2008,0.186141
Irlande,IRL,T_4300,2009,0.152147
Irlande,IRL,T_4300,2010,0.140576
Irlande,IRL,T_4300,2011,0.139891
Irlande,IRL,T_4300,2012,0.159567
Irlande,IRL,T_4300,2013,0.152224
Irlande,IRL,T_4300,2014,0.178733
Irlande,IRL,T_4300,2015,0.147218
Irlande,IRL,T_4300,2016,0.148822
Irlande,IRL,T_4300,2017,0.145399
Irlande,IRL,T_4300,2018,0.154666
Irlande,IRL,T_4300,2019,0.145896
Irlande,IRL,T_4300,2020,0.132282
Irlande,IRL,T_4300,2021,0.129768
Irlande,IRL,T_4300,2022,0.11806
Irlande,IRL,T_4300,2023,0.120784
Irlande,IRL,T_4300,2024,0.151718
Irlande,IRL,T_4400,1995,0.509855
Irlande,IRL,T_4400,1996,0.585224
Irlande,IRL,T_4400,1997,0.694517
Irlande,IRL,T_4400,1998,0.77367
Irlande,IRL,T_4400,1999,0.900954
Irlande,IRL,T_4400,2000,1.004518
Irlande,IRL,T_4400,2001,1.00135
Irlande,IRL,T_4400,2002,0.838381
Irlande,IRL,T_4400,2003,1.143314
Irlande,IRL,T_4400,2004,1.330891
Irlande,IRL,T_4400,2005,1.459854
Irlande,IRL,T_4400,2006,1.954955
Irlande,IRL,T_4400,2007,1.599
Irlande,IRL,T_4400,2008,0.911604
Irlande,IRL,T_4400,2009,0.520022
Irlande,IRL,T_4400,2010,0.49748
Irlande,IRL,T_4400,2011,0.462718
Irlande,IRL,T_4400,2012,0.471286
Irlande,IRL,T_4400,2013,0.597392
Irlande,IRL,T_4400,2014,0.620245
Irlande,IRL,T_4400,2015,0.545075
Irlande,IRL,T_4400,2016,0.584689
Irlande,IRL,T_4400,2017,0.50182
Irlande,IRL,T_4400,2018,0.560864
Irlande,IRL,T_4400,2019,0.541918
Irlande,IRL,T_4400,2020,0.515506
Irlande,IRL,T_4400,2021,0.582967
Irlande,IRL,T_4400,2022,0.449669
Irlande,IRL,T_4400,2023,0.434748
Irlande,IRL,T_4400,2024,0.369284
Irlande,IRL,T_5000,1995,12.83997
Irlande,IRL,T_5000,1996,12.72018
Irlande,IRL,T_5000,1997,12.365864
Irlande,IRL,T_5000,1998,12.220466
Irlande,IRL,T_5000,1999,12.035765
Irlande,IRL,T_5000,2000,11.955976
Irlande,IRL,T_5000,2001,10.725698
Irlande,IRL,T_5000,2002,10.750401
Irlande,IRL,T_5000,2003,10.687413
Irlande,IRL,T_5000,2004,11.012069
Irlande,IRL,T_5000,2005,11.360523
Irlande,IRL,T_5000,2006,11.35725
Irlande,IRL,T_5000,2007,11.205281
Irlande,IRL,T_5000,2008,10.798376
Irlande,IRL,T_5000,2009,9.914297
Irlande,IRL,T_5000,2010,9.936266
Irlande,IRL,T_5000,2011,9.432991
Irlande,IRL,T_5000,2012,9.505343
Irlande,IRL,T_5000,2013,9.469676
Irlande,IRL,T_5000,2014,9.467472
Irlande,IRL,T_5000,2015,7.35013
Irlande,IRL,T_5000,2016,7.605061
Irlande,IRL,T_5000,2017,7.159073
Irlande,IRL,T_5000,2018,6.740683
Irlande,IRL,T_5000,2019,6.626024
Irlande,IRL,T_5000,2020,5.50671
Irlande,IRL,T_5000,2021,5.764263
Irlande,IRL,T_5000,2022,5.357155
Irlande,IRL,T_5000,2023,5.595443
Irlande,IRL,T_5000,2024,5.600405
Irlande,IRL,T_5111,1995,6.694336
Irlande,IRL,T_5111,1996,6.817726
Irlande,IRL,T_5111,1997,6.788113
Irlande,IRL,T_5111,1998,6.949314
Irlande,IRL,T_5111,1999,6.898064
Irlande,IRL,T_5111,2000,7.044092
Irlande,IRL,T_5111,2001,6.548926
Irlande,IRL,T_5111,2002,6.716111
Irlande,IRL,T_5111,2003,6.737252
Irlande,IRL,T_5111,2004,7.03065
Irlande,IRL,T_5111,2005,7.265296
Irlande,IRL,T_5111,2006,7.433398
Irlande,IRL,T_5111,2007,7.284424
Irlande,IRL,T_5111,2008,6.986444
Irlande,IRL,T_5111,2009,6.090424
Irlande,IRL,T_5111,2010,6.019052
Irlande,IRL,T_5111,2011,5.634864
Irlande,IRL,T_5111,2012,5.785953
Irlande,IRL,T_5111,2013,5.670558
Irlande,IRL,T_5111,2014,5.746647
Irlande,IRL,T_5111,2015,4.345113
Irlande,IRL,T_5111,2016,4.567237
Irlande,IRL,T_5111,2017,4.235232
Irlande,IRL,T_5111,2018,4.221807
Irlande,IRL,T_5111,2019,4.198181
Irlande,IRL,T_5111,2020,3.340962
Irlande,IRL,T_5111,2021,3.711003
Irlande,IRL,T_5111,2022,3.682487
Irlande,IRL,T_5111,2023,3.883337
Irlande,IRL,T_5111,2024,3.894926
Irlande,IRL,_T,1995,31.772014
Irlande,IRL,_T,1996,32.310993
Irlande,IRL,_T,1997,31.355578
Irlande,IRL,_T,1998,30.796889
Irlande,IRL,_T,1999,30.835098
Irlande,IRL,_T,2000,30.790139
Irlande,IRL,_T,2001,28.653725
Irlande,IRL,_T,2002,27.872363
Irlande,IRL,_T,2003,28.525765
Irlande,IRL,_T,2004,29.575563
Irlande,IRL,_T,2005,30.042389
Irlande,IRL,_T,2006,31.426141
Irlande,IRL,_T,2007,30.846773
Irlande,IRL,_T,2008,29.093156
Irlande,IRL,_T,2009,28.066675
Irlande,IRL,_T,2010,27.741699
Irlande,IRL,_T,2011,27.594233
Irlande,IRL,_T,2012,27.955501
Irlande,IRL,_T,2013,28.13366
Irlande,IRL,_T,2014,27.930177
Irlande,IRL,_T,2015,22.365813
Irlande,IRL,_T,2016,23.055231
Irlande,IRL,_T,2017,21.751797
Irlande,IRL,_T,2018,21.740555
Irlande,IRL,_T,2019,21.439315
Irlande,IRL,_T,2020,19.39416
Irlande,IRL,_T,2021,20.080586
Irlande,IRL,_T,2022,20.263273
Irlande,IRL,_T,2023,21.285333
Irlande,IRL,_T,2024,21.694294
Islande,ISL,T_1100,1995,9.242924
Islande,ISL,T_1100,1996,9.930028
Islande,ISL,T_1100,1997,10.239183
Islande,ISL,T_1100,1998,11.098167
Islande,ISL,T_1100,1999,11.840016
Islande,ISL,T_1100,2000,12.315171
Islande,ISL,T_1100,2001,12.924787
Islande,ISL,T_1100,2002,12.902408
Islande,ISL,T_1100,2003,13.184353
Islande,ISL,T_1100,2004,13.138511
Islande,ISL,T_1100,2005,13.464022
Islande,ISL,T_1100,2006,13.164517
Islande,ISL,T_1100,2007,12.801263
Islande,ISL,T_1100,2008,12.190203
Islande,ISL,T_1100,2009,11.770162
Islande,ISL,T_1100,2010,11.593727
Islande,ISL,T_1100,2011,12.356947
Islande,ISL,T_1100,2012,12.544074
Islande,ISL,T_1100,2013,13.135014
Islande,ISL,T_1100,2014,12.917328
Islande,ISL,T_1100,2015,12.830212
Islande,ISL,T_1100,2016,13.352428
Islande,ISL,T_1100,2017,14.046671
Islande,ISL,T_1100,2018,14.338935
Islande,ISL,T_1100,2019,14.257818
Islande,ISL,T_1100,2020,15.33543
Islande,ISL,T_1100,2021,14.248521
Islande,ISL,T_1100,2022,13.814625
Islande,ISL,T_1100,2023,13.504432
Islande,ISL,T_1100,2024,13.626871
Islande,ISL,T_1200,1995,0.889404
Islande,ISL,T_1200,1996,0.820296
Islande,ISL,T_1200,1997,0.868496
Islande,ISL,T_1200,1998,1.015133
Islande,ISL,T_1200,1999,1.208894
Islande,ISL,T_1200,2000,1.164953
Islande,ISL,T_1200,2001,0.990941
Islande,ISL,T_1200,2002,0.837923
Islande,ISL,T_1200,2003,1.177553
Islande,ISL,T_1200,2004,0.979487
Islande,ISL,T_1200,2005,1.880487
Islande,ISL,T_1200,2006,2.265121
Islande,ISL,T_1200,2007,2.314362
Islande,ISL,T_1200,2008,1.774348
Islande,ISL,T_1200,2009,1.622171
Islande,ISL,T_1200,2010,0.858365
Islande,ISL,T_1200,2011,1.651538
Islande,ISL,T_1200,2012,1.817874
Islande,ISL,T_1200,2013,2.03954
Islande,ISL,T_1200,2014,3.169167
Islande,ISL,T_1200,2015,2.250237
Islande,ISL,T_1200,2016,2.440056
Islande,ISL,T_1200,2017,2.987717
Islande,ISL,T_1200,2018,2.344057
Islande,ISL,T_1200,2019,2.055629
Islande,ISL,T_1200,2020,2.159784
Islande,ISL,T_1200,2021,1.964678
Islande,ISL,T_1200,2022,2.554771
Islande,ISL,T_1200,2023,3.328217
Islande,ISL,T_1200,2024,3.229209
Islande,ISL,T_2000,1995,2.401097
Islande,ISL,T_2000,1996,2.653198
Islande,ISL,T_2000,1997,2.701255
Islande,ISL,T_2000,1998,2.624838
Islande,ISL,T_2000,1999,2.699841
Islande,ISL,T_2000,2000,2.738828
Islande,ISL,T_2000,2001,2.701831
Islande,ISL,T_2000,2002,2.710763
Islande,ISL,T_2000,2003,2.936817
Islande,ISL,T_2000,2004,2.893846
Islande,ISL,T_2000,2005,3.035127
Islande,ISL,T_2000,2006,3.09745
Islande,ISL,T_2000,2007,2.814779
Islande,ISL,T_2000,2008,2.594839
Islande,ISL,T_2000,2009,2.81054
Islande,ISL,T_2000,2010,3.736833
Islande,ISL,T_2000,2011,3.743402
Islande,ISL,T_2000,2012,3.47112
Islande,ISL,T_2000,2013,3.521854
Islande,ISL,T_2000,2014,3.48367
Islande,ISL,T_2000,2015,3.413552
Islande,ISL,T_2000,2016,3.351581
Islande,ISL,T_2000,2017,3.348351
Islande,ISL,T_2000,2018,3.399893
Islande,ISL,T_2000,2019,3.180225
Islande,ISL,T_2000,2020,2.961299
Islande,ISL,T_2000,2021,2.923986
Islande,ISL,T_2000,2022,2.9258
Islande,ISL,T_2000,2023,3.010555
Islande,ISL,T_2000,2024,2.978914
Islande,ISL,T_3000,1995,0
Islande,ISL,T_3000,1996,0
Islande,ISL,T_3000,1997,0
Islande,ISL,T_3000,1998,0.019738
Islande,ISL,T_3000,1999,0.023486
Islande,ISL,T_3000,2000,0.02554
Islande,ISL,T_3000,2001,0.026182
Islande,ISL,T_3000,2002,0.02624
Islande,ISL,T_3000,2003,0.05518
Islande,ISL,T_3000,2004,0.052624
Islande,ISL,T_3000,2005,0.02996
Islande,ISL,T_3000,2006,0.031477
Islande,ISL,T_3000,2007,0.107978
Islande,ISL,T_3000,2008,0.139793
Islande,ISL,T_3000,2009,0.15122
Islande,ISL,T_3000,2010,0.166083
Islande,ISL,T_3000,2011,0.16247
Islande,ISL,T_3000,2012,0.288998
Islande,ISL,T_3000,2013,0.329227
Islande,ISL,T_3000,2014,0.33178
Islande,ISL,T_3000,2015,0.284259
Islande,ISL,T_3000,2016,0.28952
Islande,ISL,T_3000,2017,0.29678
Islande,ISL,T_3000,2018,0.29566
Islande,ISL,T_3000,2019,0.297851
Islande,ISL,T_3000,2020,0.309411
Islande,ISL,T_3000,2021,0.274946
Islande,ISL,T_3000,2022,0.253248
Islande,ISL,T_3000,2023,0.264488
Islande,ISL,T_3000,2024,0.258598
Islande,ISL,T_4000,1995,2.698823
Islande,ISL,T_4000,1996,2.550099
Islande,ISL,T_4000,1997,2.507708
Islande,ISL,T_4000,1998,2.470798
Islande,ISL,T_4000,1999,2.467374
Islande,ISL,T_4000,2000,2.792629
Islande,ISL,T_4000,2001,2.605083
Islande,ISL,T_4000,2002,2.362155
Islande,ISL,T_4000,2003,2.053926
Islande,ISL,T_4000,2004,2.178474
Islande,ISL,T_4000,2005,2.286679
Islande,ISL,T_4000,2006,2.646989
Islande,ISL,T_4000,2007,2.614064
Islande,ISL,T_4000,2008,2.229956
Islande,ISL,T_4000,2009,2.016469
Islande,ISL,T_4000,2010,2.231626
Islande,ISL,T_4000,2011,2.085655
Islande,ISL,T_4000,2012,2.216547
Islande,ISL,T_4000,2013,2.226144
Islande,ISL,T_4000,2014,2.245165
Islande,ISL,T_4000,2015,1.780049
Islande,ISL,T_4000,2016,16.996474
Islande,ISL,T_4000,2017,2.065096
Islande,ISL,T_4000,2018,2.048149
Islande,ISL,T_4000,2019,2.111205
Islande,ISL,T_4000,2020,2.396454
Islande,ISL,T_4000,2021,2.279748
Islande,ISL,T_4000,2022,2.202441
Islande,ISL,T_4000,2023,2.195294
Islande,ISL,T_4000,2024,2.331706
Islande,ISL,T_4100,1995,1.1995
Islande,ISL,T_4100,1996,1.120596
Islande,ISL,T_4100,1997,1.054184
Islande,ISL,T_4100,1998,1.647795
Islande,ISL,T_4100,1999,1.653866
Islande,ISL,T_4100,2000,1.871422
Islande,ISL,T_4100,2001,1.698456
Islande,ISL,T_4100,2002,1.476042
Islande,ISL,T_4100,2003,1.521443
Islande,ISL,T_4100,2004,1.686133
Islande,ISL,T_4100,2005,1.914524
Islande,ISL,T_4100,2006,2.5413
Islande,ISL,T_4100,2007,2.471037
Islande,ISL,T_4100,2008,2.154206
Islande,ISL,T_4100,2009,1.899224
Islande,ISL,T_4100,2010,1.836489
Islande,ISL,T_4100,2011,1.644952
Islande,ISL,T_4100,2012,1.596167
Islande,ISL,T_4100,2013,1.640524
Islande,ISL,T_4100,2014,1.601472
Islande,ISL,T_4100,2015,1.612204
Islande,ISL,T_4100,2016,1.737797
Islande,ISL,T_4100,2017,1.86024
Islande,ISL,T_4100,2018,1.879633
Islande,ISL,T_4100,2019,1.94079
Islande,ISL,T_4100,2020,2.072744
Islande,ISL,T_4100,2021,2.009028
Islande,ISL,T_4100,2022,1.875325
Islande,ISL,T_4100,2023,1.889609
Islande,ISL,T_4100,2024,2.007055
Islande,ISL,T_4200,1995,0.669045
Islande,ISL,T_4200,1996,0.653224
Islande,ISL,T_4200,1997,0.669648
Islande,ISL,T_4200,1998,0.619764
Islande,ISL,T_4200,1999,0.62128
Islande,ISL,T_4200,2000,0.719943
Islande,ISL,T_4200,2001,0.72344
Islande,ISL,T_4200,2002,0.685654
Islande,ISL,T_4200,2003,0.328346
Islande,ISL,T_4200,2004,0.346877
Islande,ISL,T_4200,2005,0.267376
Islande,ISL,T_4200,2006,0.004052
Islande,ISL,T_4200,2007,-0.000539
Islande,ISL,T_4200,2008,-0.001109
Islande,ISL,T_4200,2009,0.000745
Islande,ISL,T_4200,2010,0.226129
Islande,ISL,T_4200,2011,0.353595
Islande,ISL,T_4200,2012,0.502664
Islande,ISL,T_4200,2013,0.447725
Islande,ISL,T_4200,2014,0.510019
Islande,ISL,T_4200,2015,0.028151
Islande,ISL,T_4200,2016,0.014083
Islande,ISL,T_4200,2017,0.012936
Islande,ISL,T_4200,2018,0.00347
Islande,ISL,T_4200,2019,0.000326
Islande,ISL,T_4200,2020,0.001133
Islande,ISL,T_4200,2021,0.000387
Islande,ISL,T_4200,2022,0
Islande,ISL,T_4200,2023,0
Islande,ISL,T_4200,2024,0.000398
Islande,ISL,T_4300,1995,0.08156
Islande,ISL,T_4300,1996,0.089992
Islande,ISL,T_4300,1997,0.087544
Islande,ISL,T_4300,1998,0.085342
Islande,ISL,T_4300,1999,0.090865
Islande,ISL,T_4300,2000,0.106425
Islande,ISL,T_4300,2001,0.083011
Islande,ISL,T_4300,2002,0.089093
Islande,ISL,T_4300,2003,0.082896
Islande,ISL,T_4300,2004,0.090985
Islande,ISL,T_4300,2005,0.080172
Islande,ISL,T_4300,2006,0.076669
Islande,ISL,T_4300,2007,0.118241
Islande,ISL,T_4300,2008,0.072725
Islande,ISL,T_4300,2009,0.100606
Islande,ISL,T_4300,2010,0.153545
Islande,ISL,T_4300,2011,0.072394
Islande,ISL,T_4300,2012,0.102498
Islande,ISL,T_4300,2013,0.122807
Islande,ISL,T_4300,2014,0.118915
Islande,ISL,T_4300,2015,0.124993
Islande,ISL,T_4300,2016,0.14599
Islande,ISL,T_4300,2017,0.159394
Islande,ISL,T_4300,2018,0.162783
Islande,ISL,T_4300,2019,0.152388
Islande,ISL,T_4300,2020,0.303593
Islande,ISL,T_4300,2021,0.251939
Islande,ISL,T_4300,2022,0.307704
Islande,ISL,T_4300,2023,0.290156
Islande,ISL,T_4300,2024,0.317197
Islande,ISL,T_4400,1995,0.748718
Islande,ISL,T_4400,1996,0.686287
Islande,ISL,T_4400,1997,0.696332
Islande,ISL,T_4400,1998,0
Islande,ISL,T_4400,1999,0
Islande,ISL,T_4400,2000,0
Islande,ISL,T_4400,2001,0
Islande,ISL,T_4400,2002,0
Islande,ISL,T_4400,2003,0
Islande,ISL,T_4400,2004,0
Islande,ISL,T_4400,2005,0
Islande,ISL,T_4400,2006,0
Islande,ISL,T_4400,2007,0
Islande,ISL,T_4400,2008,0
Islande,ISL,T_4400,2009,0
Islande,ISL,T_4400,2010,0
Islande,ISL,T_4400,2011,0
Islande,ISL,T_4400,2012,0
Islande,ISL,T_4400,2013,0
Islande,ISL,T_4400,2014,0
Islande,ISL,T_4400,2015,0
Islande,ISL,T_4400,2016,0
Islande,ISL,T_4400,2017,0
Islande,ISL,T_4400,2018,0
Islande,ISL,T_4400,2019,0
Islande,ISL,T_4400,2020,0
Islande,ISL,T_4400,2021,0
Islande,ISL,T_4400,2022,0
Islande,ISL,T_4400,2023,0
Islande,ISL,T_4400,2024,0
Islande,ISL,T_5000,1995,14.454597
Islande,ISL,T_5000,1996,14.851807
Islande,ISL,T_5000,1997,14.669571
Islande,ISL,T_5000,1998,15.339741
Islande,ISL,T_5000,1999,16.467625
Islande,ISL,T_5000,2000,15.628523
Islande,ISL,T_5000,2001,13.671945
Islande,ISL,T_5000,2002,13.734397
Islande,ISL,T_5000,2003,14.54187
Islande,ISL,T_5000,2004,15.477717
Islande,ISL,T_5000,2005,16.533012
Islande,ISL,T_5000,2006,16.11844
Islande,ISL,T_5000,2007,15.167577
Islande,ISL,T_5000,2008,12.566996
Islande,ISL,T_5000,2009,11.202305
Islande,ISL,T_5000,2010,11.314622
Islande,ISL,T_5000,2011,11.5267
Islande,ISL,T_5000,2012,11.93604
Islande,ISL,T_5000,2013,11.633164
Islande,ISL,T_5000,2014,11.583937
Islande,ISL,T_5000,2015,11.451912
Islande,ISL,T_5000,2016,11.653774
Islande,ISL,T_5000,2017,12.497977
Islande,ISL,T_5000,2018,11.965454
Islande,ISL,T_5000,2019,11.167069
Islande,ISL,T_5000,2020,11.161875
Islande,ISL,T_5000,2021,11.398283
Islande,ISL,T_5000,2022,11.373327
Islande,ISL,T_5000,2023,11.526065
Islande,ISL,T_5000,2024,12.489429
Islande,ISL,T_5111,1995,8.88104
Islande,ISL,T_5111,1996,8.940899
Islande,ISL,T_5111,1997,9.080458
Islande,ISL,T_5111,1998,9.629994
Islande,ISL,T_5111,1999,10.604071
Islande,ISL,T_5111,2000,10.112923
Islande,ISL,T_5111,2001,8.930104
Islande,ISL,T_5111,2002,8.891947
Islande,ISL,T_5111,2003,9.230012
Islande,ISL,T_5111,2004,9.891787
Islande,ISL,T_5111,2005,10.546731
Islande,ISL,T_5111,2006,10.690766
Islande,ISL,T_5111,2007,9.853258
Islande,ISL,T_5111,2008,8.441106
Islande,ISL,T_5111,2009,7.433209
Islande,ISL,T_5111,2010,7.267893
Islande,ISL,T_5111,2011,7.342151
Islande,ISL,T_5111,2012,7.640371
Islande,ISL,T_5111,2013,7.549064
Islande,ISL,T_5111,2014,7.631785
Islande,ISL,T_5111,2015,7.866034
Islande,ISL,T_5111,2016,8.065268
Islande,ISL,T_5111,2017,8.737952
Islande,ISL,T_5111,2018,8.466869
Islande,ISL,T_5111,2019,7.941615
Islande,ISL,T_5111,2020,7.832924
Islande,ISL,T_5111,2021,8.338748
Islande,ISL,T_5111,2022,8.189455
Islande,ISL,T_5111,2023,8.594744
Islande,ISL,T_5111,2024,9.521261
Islande,ISL,_T,1995,29.686845
Islande,ISL,_T,1996,30.805429
Islande,ISL,_T,1997,30.986213
Islande,ISL,_T,1998,33.129237
Islande,ISL,_T,1999,35.447615
Islande,ISL,_T,2000,35.447143
Islande,ISL,_T,2001,33.735873
Islande,ISL,_T,2002,33.450728
Islande,ISL,_T,2003,34.908961
Islande,ISL,_T,2004,36.031076
Islande,ISL,_T,2005,38.716513
Islande,ISL,_T,2006,39.247402
Islande,ISL,_T,2007,37.989115
Islande,ISL,_T,2008,34.081795
Islande,ISL,_T,2009,31.245175
Islande,ISL,_T,2010,31.882825
Islande,ISL,_T,2011,32.89605
Islande,ISL,_T,2012,33.600165
Islande,ISL,_T,2013,34.270286
Islande,ISL,_T,2014,36.904946
Islande,ISL,_T,2015,34.957534
Islande,ISL,_T,2016,49.844891
Islande,ISL,_T,2017,36.96119
Islande,ISL,_T,2018,36.073889
Islande,ISL,_T,2019,34.717066
Islande,ISL,_T,2020,35.64821
Islande,ISL,_T,2021,34.458211
Islande,ISL,_T,2022,34.925168
Islande,ISL,_T,2023,35.857046
Islande,ISL,_T,2024,36.948753
Israël,ISR,T_1100,1995,8.939432
Israël,ISR,T_1100,1996,8.735851
Israël,ISR,T_1100,1997,9.121345
Israël,ISR,T_1100,1998,8.978542
Israël,ISR,T_1100,1999,9.167538
Israël,ISR,T_1100,2000,9.83708
Israël,ISR,T_1100,2001,10.088193
Israël,ISR,T_1100,2002,9.065316
Israël,ISR,T_1100,2003,8.070716
Israël,ISR,T_1100,2004,7.283274
Israël,ISR,T_1100,2005,7.108743
Israël,ISR,T_1100,2006,7.290661
Israël,ISR,T_1100,2007,7.438356
Israël,ISR,T_1100,2008,6.729445
Israël,ISR,T_1100,2009,5.669838
Israël,ISR,T_1100,2010,5.380101
Israël,ISR,T_1100,2011,5.398642
Israël,ISR,T_1100,2012,5.230199
Israël,ISR,T_1100,2013,5.308528
Israël,ISR,T_1100,2014,5.601655
Israël,ISR,T_1100,2015,5.999825
Israël,ISR,T_1100,2016,6.121139
Israël,ISR,T_1100,2017,6.575276
Israël,ISR,T_1100,2018,6.274226
Israël,ISR,T_1100,2019,6.220632
Israël,ISR,T_1100,2020,6.451732
Israël,ISR,T_1100,2021,7.076745
Israël,ISR,T_1100,2022,7.121184
Israël,ISR,T_1100,2023,6.667632
Israël,ISR,T_1100,2024,6.892736
Israël,ISR,T_1200,1995,2.680035
Israël,ISR,T_1200,1996,2.340393
Israël,ISR,T_1200,1997,2.790812
Israël,ISR,T_1200,1998,2.727617
Israël,ISR,T_1200,1999,2.388227
Israël,ISR,T_1200,2000,3.234093
Israël,ISR,T_1200,2001,2.888628
Israël,ISR,T_1200,2002,2.357027
Israël,ISR,T_1200,2003,2.434127
Israël,ISR,T_1200,2004,2.840236
Israël,ISR,T_1200,2005,3.309389
Israël,ISR,T_1200,2006,4.224827
Israël,ISR,T_1200,2007,3.981868
Israël,ISR,T_1200,2008,3.110313
Israël,ISR,T_1200,2009,2.462328
Israël,ISR,T_1200,2010,2.579132
Israël,ISR,T_1200,2011,2.894363
Israël,ISR,T_1200,2012,2.672214
Israël,ISR,T_1200,2013,3.408808
Israël,ISR,T_1200,2014,3.10235
Israël,ISR,T_1200,2015,2.950402
Israël,ISR,T_1200,2016,3.054504
Israël,ISR,T_1200,2017,3.325886
Israël,ISR,T_1200,2018,3.197548
Israël,ISR,T_1200,2019,3.063394
Israël,ISR,T_1200,2020,2.762371
Israël,ISR,T_1200,2021,3.608112
Israël,ISR,T_1200,2022,4.405321
Israël,ISR,T_1200,2023,3.684252
Israël,ISR,T_1200,2024,3.72834
Israël,ISR,T_2000,1995,4.70859
Israël,ISR,T_2000,1996,4.738512
Israël,ISR,T_2000,1997,4.978324
Israël,ISR,T_2000,1998,4.936342
Israël,ISR,T_2000,1999,4.926863
Israël,ISR,T_2000,2000,4.952379
Israël,ISR,T_2000,2001,5.231551
Israël,ISR,T_2000,2002,5.28428
Israël,ISR,T_2000,2003,5.39311
Israël,ISR,T_2000,2004,5.252731
Israël,ISR,T_2000,2005,5.225931
Israël,ISR,T_2000,2006,5.100257
Israël,ISR,T_2000,2007,4.996645
Israël,ISR,T_2000,2008,5.095249
Israël,ISR,T_2000,2009,4.91282
Israël,ISR,T_2000,2010,5.059705
Israël,ISR,T_2000,2011,5.082888
Israël,ISR,T_2000,2012,4.94854
Israël,ISR,T_2000,2013,4.951495
Israël,ISR,T_2000,2014,4.979942
Israël,ISR,T_2000,2015,5.049561
Israël,ISR,T_2000,2016,5.131822
Israël,ISR,T_2000,2017,5.180314
Israël,ISR,T_2000,2018,5.227886
Israël,ISR,T_2000,2019,5.211074
Israël,ISR,T_2000,2020,5.164718
Israël,ISR,T_2000,2021,5.03068
Israël,ISR,T_2000,2022,5.03537
Israël,ISR,T_2000,2023,4.99466
Israël,ISR,T_2000,2024,4.959695
Israël,ISR,T_3000,1995,1.57604
Israël,ISR,T_3000,1996,1.578534
Israël,ISR,T_3000,1997,1.516746
Israël,ISR,T_3000,1998,1.38614
Israël,ISR,T_3000,1999,1.332863
Israël,ISR,T_3000,2000,1.230648
Israël,ISR,T_3000,2001,1.259302
Israël,ISR,T_3000,2002,1.423041
Israël,ISR,T_3000,2003,1.477119
Israël,ISR,T_3000,2004,1.503917
Israël,ISR,T_3000,2005,1.498401
Israël,ISR,T_3000,2006,1.398191
Israël,ISR,T_3000,2007,1.307492
Israël,ISR,T_3000,2008,1.165262
Israël,ISR,T_3000,2009,1.140395
Israël,ISR,T_3000,2010,1.147122
Israël,ISR,T_3000,2011,1.140431
Israël,ISR,T_3000,2012,1.171779
Israël,ISR,T_3000,2013,1.185786
Israël,ISR,T_3000,2014,1.17376
Israël,ISR,T_3000,2015,1.166562
Israël,ISR,T_3000,2016,1.131477
Israël,ISR,T_3000,2017,1.147819
Israël,ISR,T_3000,2018,1.161991
Israël,ISR,T_3000,2019,1.146261
Israël,ISR,T_3000,2020,1.166135
Israël,ISR,T_3000,2021,1.074369
Israël,ISR,T_3000,2022,0.96066
Israël,ISR,T_3000,2023,0.936981
Israël,ISR,T_3000,2024,0.880848
Israël,ISR,T_4000,1995,3.615199
Israël,ISR,T_4000,1996,3.49053
Israël,ISR,T_4000,1997,3.313681
Israël,ISR,T_4000,1998,3.248829
Israël,ISR,T_4000,1999,3.279596
Israël,ISR,T_4000,2000,3.231623
Israël,ISR,T_4000,2001,2.970997
Israël,ISR,T_4000,2002,2.914631
Israël,ISR,T_4000,2003,2.873698
Israël,ISR,T_4000,2004,3.186705
Israël,ISR,T_4000,2005,3.320494
Israël,ISR,T_4000,2006,3.187902
Israël,ISR,T_4000,2007,3.301614
Israël,ISR,T_4000,2008,3.262422
Israël,ISR,T_4000,2009,3.131573
Israël,ISR,T_4000,2010,3.350957
Israël,ISR,T_4000,2011,3.388727
Israël,ISR,T_4000,2012,3.105611
Israël,ISR,T_4000,2013,3.167561
Israël,ISR,T_4000,2014,3.201737
Israël,ISR,T_4000,2015,3.442803
Israël,ISR,T_4000,2016,3.337887
Israël,ISR,T_4000,2017,3.351062
Israël,ISR,T_4000,2018,3.306296
Israël,ISR,T_4000,2019,3.206529
Israël,ISR,T_4000,2020,3.07928
Israël,ISR,T_4000,2021,3.919491
Israël,ISR,T_4000,2022,4.013856
Israël,ISR,T_4000,2023,3.187129
Israël,ISR,T_4000,2024,3.034314
Israël,ISR,T_4100,1995,2.007666
Israël,ISR,T_4100,1996,2.057009
Israël,ISR,T_4100,1997,2.135821
Israël,ISR,T_4100,1998,2.121625
Israël,ISR,T_4100,1999,2.172125
Israël,ISR,T_4100,2000,2.032155
Israël,ISR,T_4100,2001,1.979999
Israël,ISR,T_4100,2002,2.022705
Israël,ISR,T_4100,2003,2.052473
Israël,ISR,T_4100,2004,2.133522
Israël,ISR,T_4100,2005,2.15759
Israël,ISR,T_4100,2006,2.097089
Israël,ISR,T_4100,2007,2.129462
Israël,ISR,T_4100,2008,2.122859
Israël,ISR,T_4100,2009,2.141772
Israël,ISR,T_4100,2010,2.094282
Israël,ISR,T_4100,2011,2.080105
Israël,ISR,T_4100,2012,2.041745
Israël,ISR,T_4100,2013,1.994781
Israël,ISR,T_4100,2014,1.991015
Israël,ISR,T_4100,2015,2.009454
Israël,ISR,T_4100,2016,1.967509
Israël,ISR,T_4100,2017,1.954005
Israël,ISR,T_4100,2018,1.934826
Israël,ISR,T_4100,2019,1.897927
Israël,ISR,T_4100,2020,1.752292
Israël,ISR,T_4100,2021,1.833677
Israël,ISR,T_4100,2022,1.78063
Israël,ISR,T_4100,2023,1.707197
Israël,ISR,T_4100,2024,1.682269
Israël,ISR,T_4200,1995,0
Israël,ISR,T_4200,1996,0
Israël,ISR,T_4200,1997,0
Israël,ISR,T_4200,1998,0
Israël,ISR,T_4200,1999,0
Israël,ISR,T_4200,2000,0
Israël,ISR,T_4200,2001,0
Israël,ISR,T_4200,2002,0
Israël,ISR,T_4200,2003,0
Israël,ISR,T_4200,2004,0
Israël,ISR,T_4200,2005,0
Israël,ISR,T_4200,2006,0
Israël,ISR,T_4200,2007,0
Israël,ISR,T_4200,2008,0
Israël,ISR,T_4200,2009,0
Israël,ISR,T_4200,2010,0
Israël,ISR,T_4200,2011,0
Israël,ISR,T_4200,2012,0
Israël,ISR,T_4200,2013,0
Israël,ISR,T_4200,2014,0
Israël,ISR,T_4200,2015,0
Israël,ISR,T_4200,2016,0
Israël,ISR,T_4200,2017,0
Israël,ISR,T_4200,2018,0
Israël,ISR,T_4200,2019,0
Israël,ISR,T_4200,2020,0
Israël,ISR,T_4200,2021,0
Israël,ISR,T_4200,2022,0
Israël,ISR,T_4200,2023,0
Israël,ISR,T_4200,2024,0
Israël,ISR,T_4300,1995,0
Israël,ISR,T_4300,1996,0
Israël,ISR,T_4300,1997,0
Israël,ISR,T_4300,1998,0
Israël,ISR,T_4300,1999,0
Israël,ISR,T_4300,2000,0
Israël,ISR,T_4300,2001,0
Israël,ISR,T_4300,2002,0
Israël,ISR,T_4300,2003,0
Israël,ISR,T_4300,2004,0
Israël,ISR,T_4300,2005,0
Israël,ISR,T_4300,2006,0
Israël,ISR,T_4300,2007,0
Israël,ISR,T_4300,2008,0
Israël,ISR,T_4300,2009,0
Israël,ISR,T_4300,2010,0
Israël,ISR,T_4300,2011,0
Israël,ISR,T_4300,2012,0
Israël,ISR,T_4300,2013,0
Israël,ISR,T_4300,2014,0
Israël,ISR,T_4300,2015,0
Israël,ISR,T_4300,2016,0
Israël,ISR,T_4300,2017,0
Israël,ISR,T_4300,2018,0
Israël,ISR,T_4300,2019,0
Israël,ISR,T_4300,2020,0
Israël,ISR,T_4300,2021,0
Israël,ISR,T_4300,2022,0
Israël,ISR,T_4300,2023,0
Israël,ISR,T_4300,2024,0
Israël,ISR,T_4400,1995,0.644984
Israël,ISR,T_4400,1996,0.621909
Israël,ISR,T_4400,1997,0.505453
Israël,ISR,T_4400,1998,0.460562
Israël,ISR,T_4400,1999,0.498774
Israël,ISR,T_4400,2000,0.571504
Israël,ISR,T_4400,2001,0.475714
Israël,ISR,T_4400,2002,0.437926
Israël,ISR,T_4400,2003,0.409559
Israël,ISR,T_4400,2004,0.533062
Israël,ISR,T_4400,2005,0.542577
Israël,ISR,T_4400,2006,0.466365
Israël,ISR,T_4400,2007,0.468571
Israël,ISR,T_4400,2008,0.400489
Israël,ISR,T_4400,2009,0.352374
Israël,ISR,T_4400,2010,0.454386
Israël,ISR,T_4400,2011,0.433034
Israël,ISR,T_4400,2012,0.366396
Israël,ISR,T_4400,2013,0.419861
Israël,ISR,T_4400,2014,0.441482
Israël,ISR,T_4400,2015,0.570734
Israël,ISR,T_4400,2016,0.533792
Israël,ISR,T_4400,2017,0.514232
Israël,ISR,T_4400,2018,0.491885
Israël,ISR,T_4400,2019,0.484553
Israël,ISR,T_4400,2020,0.489025
Israël,ISR,T_4400,2021,0.799141
Israël,ISR,T_4400,2022,0.81829
Israël,ISR,T_4400,2023,0.458908
Israël,ISR,T_4400,2024,0.510491
Israël,ISR,T_5000,1995,12.267095
Israël,ISR,T_5000,1996,12.34679
Israël,ISR,T_5000,1997,12.220239
Israël,ISR,T_5000,1998,11.724626
Israël,ISR,T_5000,1999,11.795225
Israël,ISR,T_5000,2000,11.201518
Israël,ISR,T_5000,2001,11.069169
Israël,ISR,T_5000,2002,11.713546
Israël,ISR,T_5000,2003,11.649554
Israël,ISR,T_5000,2004,11.728733
Israël,ISR,T_5000,2005,11.582602
Israël,ISR,T_5000,2006,11.371491
Israël,ISR,T_5000,2007,11.550046
Israël,ISR,T_5000,2008,11.509827
Israël,ISR,T_5000,2009,11.261543
Israël,ISR,T_5000,2010,11.801172
Israël,ISR,T_5000,2011,11.707
Israël,ISR,T_5000,2012,11.341471
Israël,ISR,T_5000,2013,11.607055
Israël,ISR,T_5000,2014,11.937513
Israël,ISR,T_5000,2015,11.712848
Israël,ISR,T_5000,2016,11.645021
Israël,ISR,T_5000,2017,11.094799
Israël,ISR,T_5000,2018,11.064448
Israël,ISR,T_5000,2019,10.763256
Israël,ISR,T_5000,2020,10.513017
Israël,ISR,T_5000,2021,10.954941
Israël,ISR,T_5000,2022,10.674358
Israël,ISR,T_5000,2023,9.663549
Israël,ISR,T_5000,2024,10.488957
Israël,ISR,T_5111,1995,7.837954
Israël,ISR,T_5111,1996,7.839758
Israël,ISR,T_5111,1997,7.737831
Israël,ISR,T_5111,1998,7.503686
Israël,ISR,T_5111,1999,7.50879
Israël,ISR,T_5111,2000,7.151369
Israël,ISR,T_5111,2001,7.223139
Israël,ISR,T_5111,2002,7.709495
Israël,ISR,T_5111,2003,7.638546
Israël,ISR,T_5111,2004,7.34497
Israël,ISR,T_5111,2005,7.27203
Israël,ISR,T_5111,2006,7.115061
Israël,ISR,T_5111,2007,7.115325
Israël,ISR,T_5111,2008,7.147889
Israël,ISR,T_5111,2009,7.057373
Israël,ISR,T_5111,2010,7.310085
Israël,ISR,T_5111,2011,7.317668
Israël,ISR,T_5111,2012,7.160349
Israël,ISR,T_5111,2013,7.564277
Israël,ISR,T_5111,2014,7.790896
Israël,ISR,T_5111,2015,7.699971
Israël,ISR,T_5111,2016,7.440636
Israël,ISR,T_5111,2017,7.326452
Israël,ISR,T_5111,2018,7.359945
Israël,ISR,T_5111,2019,7.174658
Israël,ISR,T_5111,2020,7.098284
Israël,ISR,T_5111,2021,7.541682
Israël,ISR,T_5111,2022,7.410969
Israël,ISR,T_5111,2023,6.535219
Israël,ISR,T_5111,2024,7.170644
Israël,ISR,_T,1995,33.946613
Israël,ISR,_T,1996,33.524282
Israël,ISR,_T,1997,34.213676
Israël,ISR,_T,1998,33.266672
Israël,ISR,_T,1999,33.187149
Israël,ISR,_T,2000,34.010194
Israël,ISR,_T,2001,33.755647
Israël,ISR,_T,2002,32.944268
Israël,ISR,_T,2003,32.264104
Israël,ISR,_T,2004,32.324196
Israël,ISR,_T,2005,32.666532
Israël,ISR,_T,2006,33.311152
Israël,ISR,_T,2007,33.220027
Israël,ISR,_T,2008,31.322769
Israël,ISR,_T,2009,29.124278
Israël,ISR,_T,2010,30.092386
Israël,ISR,_T,2011,30.309244
Israël,ISR,_T,2012,29.468942
Israël,ISR,_T,2013,30.328012
Israël,ISR,_T,2014,30.641967
Israël,ISR,_T,2015,31.034571
Israël,ISR,_T,2016,30.998183
Israël,ISR,_T,2017,32.19654
Israël,ISR,_T,2018,30.761515
Israël,ISR,_T,2019,30.148202
Israël,ISR,_T,2020,29.755482
Israël,ISR,_T,2021,32.501524
Israël,ISR,_T,2022,32.907696
Israël,ISR,_T,2023,29.833744
Israël,ISR,_T,2024,30.877349
Italie,ITA,T_1100,1995,9.978592
Italie,ITA,T_1100,1996,10.017558
Italie,ITA,T_1100,1997,10.457448
Italie,ITA,T_1100,1998,9.991984
Italie,ITA,T_1100,1999,10.73685
Italie,ITA,T_1100,2000,10.115552
Italie,ITA,T_1100,2001,10.293104
Italie,ITA,T_1100,2002,10.062553
Italie,ITA,T_1100,2003,9.914951
Italie,ITA,T_1100,2004,9.804903
Italie,ITA,T_1100,2005,9.88672
Italie,ITA,T_1100,2006,10.210812
Italie,ITA,T_1100,2007,10.626372
Italie,ITA,T_1100,2008,11.11268
Italie,ITA,T_1100,2009,11.091581
Italie,ITA,T_1100,2010,11.155657
Italie,ITA,T_1100,2011,10.907057
Italie,ITA,T_1100,2012,11.485873
Italie,ITA,T_1100,2013,11.466696
Italie,ITA,T_1100,2014,11.081225
Italie,ITA,T_1100,2015,11.083773
Italie,ITA,T_1100,2016,10.767424
Italie,ITA,T_1100,2017,10.763902
Italie,ITA,T_1100,2018,10.68134
Italie,ITA,T_1100,2019,10.870899
Italie,ITA,T_1100,2020,11.345884
Italie,ITA,T_1100,2021,10.869821
Italie,ITA,T_1100,2022,10.710651
Italie,ITA,T_1100,2023,11.221425
Italie,ITA,T_1100,2024,11.760426
Italie,ITA,T_1200,1995,3.330177
Italie,ITA,T_1200,1996,3.677791
Italie,ITA,T_1200,1997,3.912388
Italie,ITA,T_1200,1998,2.803173
Italie,ITA,T_1200,1999,3.133654
Italie,ITA,T_1200,2000,2.227626
Italie,ITA,T_1200,2001,2.769175
Italie,ITA,T_1200,2002,2.387187
Italie,ITA,T_1200,2003,2.060658
Italie,ITA,T_1200,2004,2.067761
Italie,ITA,T_1200,2005,2.243575
Italie,ITA,T_1200,2006,2.811423
Italie,ITA,T_1200,2007,3.117662
Italie,ITA,T_1200,2008,2.914132
Italie,ITA,T_1200,2009,2.364496
Italie,ITA,T_1200,2010,2.272024
Italie,ITA,T_1200,2011,2.164319
Italie,ITA,T_1200,2012,2.367942
Italie,ITA,T_1200,2013,2.545229
Italie,ITA,T_1200,2014,2.158825
Italie,ITA,T_1200,2015,2.019178
Italie,ITA,T_1200,2016,2.12269
Italie,ITA,T_1200,2017,2.069074
Italie,ITA,T_1200,2018,1.852424
Italie,ITA,T_1200,2019,1.94962
Italie,ITA,T_1200,2020,2.045671
Italie,ITA,T_1200,2021,1.871331
Italie,ITA,T_1200,2022,2.653939
Italie,ITA,T_1200,2023,2.735882
Italie,ITA,T_1200,2024,2.673185
Italie,ITA,T_2000,1995,12.075666
Italie,ITA,T_2000,1996,13.657707
Italie,ITA,T_2000,1997,13.944222
Italie,ITA,T_2000,1998,11.656535
Italie,ITA,T_2000,1999,11.611654
Italie,ITA,T_2000,2000,11.359764
Italie,ITA,T_2000,2001,11.416809
Italie,ITA,T_2000,2002,11.60608
Italie,ITA,T_2000,2003,11.740721
Italie,ITA,T_2000,2004,11.835953
Italie,ITA,T_2000,2005,11.874137
Italie,ITA,T_2000,2006,11.556134
Italie,ITA,T_2000,2007,12.255055
Italie,ITA,T_2000,2008,12.691769
Italie,ITA,T_2000,2009,13.105808
Italie,ITA,T_2000,2010,12.923557
Italie,ITA,T_2000,2011,12.769749
Italie,ITA,T_2000,2012,12.91452
Italie,ITA,T_2000,2013,12.979837
Italie,ITA,T_2000,2014,12.814644
Italie,ITA,T_2000,2015,12.885762
Italie,ITA,T_2000,2016,12.669863
Italie,ITA,T_2000,2017,12.670386
Italie,ITA,T_2000,2018,12.901348
Italie,ITA,T_2000,2019,13.138039
Italie,ITA,T_2000,2020,13.488048
Italie,ITA,T_2000,2021,13.136555
Italie,ITA,T_2000,2022,12.771908
Italie,ITA,T_2000,2023,12.276943
Italie,ITA,T_2000,2024,12.472749
Italie,ITA,T_3000,1995,0.114656
Italie,ITA,T_3000,1996,0.060334
Italie,ITA,T_3000,1997,0.053481
Italie,ITA,T_3000,1998,0.053399
Italie,ITA,T_3000,1999,0.015789
Italie,ITA,T_3000,2000,0
Italie,ITA,T_3000,2001,0
Italie,ITA,T_3000,2002,0
Italie,ITA,T_3000,2003,0
Italie,ITA,T_3000,2004,0
Italie,ITA,T_3000,2005,0
Italie,ITA,T_3000,2006,0
Italie,ITA,T_3000,2007,0
Italie,ITA,T_3000,2008,0
Italie,ITA,T_3000,2009,0
Italie,ITA,T_3000,2010,0
Italie,ITA,T_3000,2011,0
Italie,ITA,T_3000,2012,0
Italie,ITA,T_3000,2013,0
Italie,ITA,T_3000,2014,0
Italie,ITA,T_3000,2015,0
Italie,ITA,T_3000,2016,0
Italie,ITA,T_3000,2017,0
Italie,ITA,T_3000,2018,0
Italie,ITA,T_3000,2019,0
Italie,ITA,T_3000,2020,0
Italie,ITA,T_3000,2021,0
Italie,ITA,T_3000,2022,0
Italie,ITA,T_3000,2023,0
Italie,ITA,T_3000,2024,0
Italie,ITA,T_4000,1995,2.166623
Italie,ITA,T_4000,1996,2.150225
Italie,ITA,T_4000,1997,2.101167
Italie,ITA,T_4000,1998,1.911909
Italie,ITA,T_4000,1999,1.855131
Italie,ITA,T_4000,2000,1.900069
Italie,ITA,T_4000,2001,1.793412
Italie,ITA,T_4000,2002,2.123462
Italie,ITA,T_4000,2003,3.0955
Italie,ITA,T_4000,2004,2.430909
Italie,ITA,T_4000,2005,1.95861
Italie,ITA,T_4000,2006,2.036588
Italie,ITA,T_4000,2007,2.037412
Italie,ITA,T_4000,2008,1.779136
Italie,ITA,T_4000,2009,2.58701
Italie,ITA,T_4000,2010,2.003962
Italie,ITA,T_4000,2011,2.177014
Italie,ITA,T_4000,2012,2.671691
Italie,ITA,T_4000,2013,2.705364
Italie,ITA,T_4000,2014,2.863613
Italie,ITA,T_4000,2015,2.782037
Italie,ITA,T_4000,2016,2.750202
Italie,ITA,T_4000,2017,2.491268
Italie,ITA,T_4000,2018,2.47994
Italie,ITA,T_4000,2019,2.397195
Italie,ITA,T_4000,2020,2.426989
Italie,ITA,T_4000,2021,2.445743
Italie,ITA,T_4000,2022,2.411424
Italie,ITA,T_4000,2023,2.221785
Italie,ITA,T_4000,2024,2.252344
Italie,ITA,T_4100,1995,0.752066
Italie,ITA,T_4100,1996,0.747023
Italie,ITA,T_4100,1997,0.786694
Italie,ITA,T_4100,1998,0.769578
Italie,ITA,T_4100,1999,0.745859
Italie,ITA,T_4100,2000,0.75148
Italie,ITA,T_4100,2001,0.741084
Italie,ITA,T_4100,2002,0.783831
Italie,ITA,T_4100,2003,0.78856
Italie,ITA,T_4100,2004,0.792668
Italie,ITA,T_4100,2005,0.780616
Italie,ITA,T_4100,2006,0.774939
Italie,ITA,T_4100,2007,0.785712
Italie,ITA,T_4100,2008,0.589091
Italie,ITA,T_4100,2009,0.597245
Italie,ITA,T_4100,2010,0.597239
Italie,ITA,T_4100,2011,0.594197
Italie,ITA,T_4100,2012,1.466227
Italie,ITA,T_4100,2013,1.279745
Italie,ITA,T_4100,2014,1.540525
Italie,ITA,T_4100,2015,1.536665
Italie,ITA,T_4100,2016,1.278934
Italie,ITA,T_4100,2017,1.254405
Italie,ITA,T_4100,2018,1.235104
Italie,ITA,T_4100,2019,1.219633
Italie,ITA,T_4100,2020,1.28053
Italie,ITA,T_4100,2021,1.215138
Italie,ITA,T_4100,2022,1.134894
Italie,ITA,T_4100,2023,1.088723
Italie,ITA,T_4100,2024,1.05
Italie,ITA,T_4200,1995,0.453722
Italie,ITA,T_4200,1996,0.393204
Italie,ITA,T_4200,1997,0.315932
Italie,ITA,T_4200,1998,0.188797
Italie,ITA,T_4200,1999,0.045481
Italie,ITA,T_4200,2000,0.000562
Italie,ITA,T_4200,2001,0.000229
Italie,ITA,T_4200,2002,0.000221
Italie,ITA,T_4200,2003,0.000357
Italie,ITA,T_4200,2004,0.000137
Italie,ITA,T_4200,2005,0.000133
Italie,ITA,T_4200,2006,6.4E-05
Italie,ITA,T_4200,2007,6.2E-05
Italie,ITA,T_4200,2008,6.1E-05
Italie,ITA,T_4200,2009,0.41506
Italie,ITA,T_4200,2010,0.130907
Italie,ITA,T_4200,2011,0.308744
Italie,ITA,T_4200,2012,0.047645
Italie,ITA,T_4200,2013,0.1571
Italie,ITA,T_4200,2014,0.050676
Italie,ITA,T_4200,2015,0.013888
Italie,ITA,T_4200,2016,0.023228
Italie,ITA,T_4200,2017,0.02035
Italie,ITA,T_4200,2018,0.017494
Italie,ITA,T_4200,2019,0.012527
Italie,ITA,T_4200,2020,0.025569
Italie,ITA,T_4200,2021,0.031425
Italie,ITA,T_4200,2022,0.022372
Italie,ITA,T_4200,2023,0.011295
Italie,ITA,T_4200,2024,0.010547
Italie,ITA,T_4300,1995,0.059283
Italie,ITA,T_4300,1996,0.067136
Italie,ITA,T_4300,1997,0.067016
Italie,ITA,T_4300,1998,0.0715
Italie,ITA,T_4300,1999,0.087015
Italie,ITA,T_4300,2000,0.080418
Italie,ITA,T_4300,2001,0.074124
Italie,ITA,T_4300,2002,0.051346
Italie,ITA,T_4300,2003,0.024368
Italie,ITA,T_4300,2004,0.009812
Italie,ITA,T_4300,2005,0.004069
Italie,ITA,T_4300,2006,0.003013
Italie,ITA,T_4300,2007,0.009188
Italie,ITA,T_4300,2008,0.023605
Italie,ITA,T_4300,2009,0.029165
Italie,ITA,T_4300,2010,0.029853
Italie,ITA,T_4300,2011,0.030772
Italie,ITA,T_4300,2012,0.036255
Italie,ITA,T_4300,2013,0.038365
Italie,ITA,T_4300,2014,0.038023
Italie,ITA,T_4300,2015,0.040522
Italie,ITA,T_4300,2016,0.043171
Italie,ITA,T_4300,2017,0.046718
Italie,ITA,T_4300,2018,0.046126
Italie,ITA,T_4300,2019,0.044233
Italie,ITA,T_4300,2020,0.023712
Italie,ITA,T_4300,2021,0.046404
Italie,ITA,T_4300,2022,0.053401
Italie,ITA,T_4300,2023,0.047559
Italie,ITA,T_4300,2024,0.047099
Italie,ITA,T_4400,1995,0.901552
Italie,ITA,T_4400,1996,0.942861
Italie,ITA,T_4400,1997,0.931478
Italie,ITA,T_4400,1998,0.882033
Italie,ITA,T_4400,1999,0.976731
Italie,ITA,T_4400,2000,1.010248
Italie,ITA,T_4400,2001,0.909506
Italie,ITA,T_4400,2002,0.953433
Italie,ITA,T_4400,2003,0.927621
Italie,ITA,T_4400,2004,0.977592
Italie,ITA,T_4400,2005,0.982207
Italie,ITA,T_4400,2006,1.143561
Italie,ITA,T_4400,2007,1.133738
Italie,ITA,T_4400,2008,1.066545
Italie,ITA,T_4400,2009,1.094939
Italie,ITA,T_4400,2010,1.072163
Italie,ITA,T_4400,2011,1.012332
Italie,ITA,T_4400,2012,0.936862
Italie,ITA,T_4400,2013,1.052946
Italie,ITA,T_4400,2014,1.09972
Italie,ITA,T_4400,2015,1.03771
Italie,ITA,T_4400,2016,1.035102
Italie,ITA,T_4400,2017,1.013819
Italie,ITA,T_4400,2018,1.060557
Italie,ITA,T_4400,2019,1.04209
Italie,ITA,T_4400,2020,1.033645
Italie,ITA,T_4400,2021,1.063714
Italie,ITA,T_4400,2022,1.062524
Italie,ITA,T_4400,2023,0.943152
Italie,ITA,T_4400,2024,1.048636
Italie,ITA,T_5000,1995,10.470011
Italie,ITA,T_5000,1996,10.33288
Italie,ITA,T_5000,1997,10.726879
Italie,ITA,T_5000,1998,11.062452
Italie,ITA,T_5000,1999,11.311661
Italie,ITA,T_5000,2000,11.262234
Italie,ITA,T_5000,2001,10.811746
Italie,ITA,T_5000,2002,10.830438
Italie,ITA,T_5000,2003,10.433433
Italie,ITA,T_5000,2004,10.542035
Italie,ITA,T_5000,2005,10.576002
Italie,ITA,T_5000,2006,10.836841
Italie,ITA,T_5000,2007,10.778161
Italie,ITA,T_5000,2008,10.489264
Italie,ITA,T_5000,2009,10.717459
Italie,ITA,T_5000,2010,11.222819
Italie,ITA,T_5000,2011,11.429487
Italie,ITA,T_5000,2012,11.744025
Italie,ITA,T_5000,2013,11.703917
Italie,ITA,T_5000,2014,12.030474
Italie,ITA,T_5000,2015,12.038399
Italie,ITA,T_5000,2016,12.193459
Italie,ITA,T_5000,2017,12.178897
Italie,ITA,T_5000,2018,12.050214
Italie,ITA,T_5000,2019,12.146889
Italie,ITA,T_5000,2020,11.669198
Italie,ITA,T_5000,2021,11.937157
Italie,ITA,T_5000,2022,11.658035
Italie,ITA,T_5000,2023,11.345319
Italie,ITA,T_5000,2024,11.53936
Italie,ITA,T_5111,1995,5.303361
Italie,ITA,T_5111,1996,5.202399
Italie,ITA,T_5111,1997,5.214646
Italie,ITA,T_5111,1998,5.663547
Italie,ITA,T_5111,1999,5.57342
Italie,ITA,T_5111,2000,6.222965
Italie,ITA,T_5111,2001,5.946938
Italie,ITA,T_5111,2002,5.904145
Italie,ITA,T_5111,2003,5.652408
Italie,ITA,T_5111,2004,5.593348
Italie,ITA,T_5111,2005,5.691784
Italie,ITA,T_5111,2006,5.912117
Italie,ITA,T_5111,2007,5.892961
Italie,ITA,T_5111,2008,5.700367
Italie,ITA,T_5111,2009,5.443509
Italie,ITA,T_5111,2010,5.997856
Italie,ITA,T_5111,2011,5.928517
Italie,ITA,T_5111,2012,5.864908
Italie,ITA,T_5111,2013,5.771496
Italie,ITA,T_5111,2014,5.903095
Italie,ITA,T_5111,2015,6.032967
Italie,ITA,T_5111,2016,5.987952
Italie,ITA,T_5111,2017,6.166605
Italie,ITA,T_5111,2018,6.150097
Italie,ITA,T_5111,2019,6.178485
Italie,ITA,T_5111,2020,5.968999
Italie,ITA,T_5111,2021,6.566052
Italie,ITA,T_5111,2022,6.933332
Italie,ITA,T_5111,2023,6.538266
Italie,ITA,T_5111,2024,6.600142
Italie,ITA,_T,1995,38.366861
Italie,ITA,_T,1996,40.082228
Italie,ITA,_T,1997,41.469732
Italie,ITA,_T,1998,39.836156
Italie,ITA,_T,1999,40.709998
Italie,ITA,_T,2000,40.054254
Italie,ITA,_T,2001,39.956195
Italie,ITA,_T,2002,39.659325
Italie,ITA,_T,2003,39.884635
Italie,ITA,_T,2004,39.26926
Italie,ITA,_T,2005,39.09269
Italie,ITA,_T,2006,40.125812
Italie,ITA,_T,2007,41.493987
Italie,ITA,_T,2008,41.359042
Italie,ITA,_T,2009,41.994683
Italie,ITA,_T,2010,41.688412
Italie,ITA,_T,2011,41.600988
Italie,ITA,_T,2012,43.522958
Italie,ITA,_T,2013,43.763216
Italie,ITA,_T,2014,43.272069
Italie,ITA,_T,2015,42.962488
Italie,ITA,_T,2016,42.178147
Italie,ITA,_T,2017,41.887779
Italie,ITA,_T,2018,41.682892
Italie,ITA,_T,2019,42.315269
Italie,ITA,_T,2020,42.650209
Italie,ITA,_T,2021,42.141739
Italie,ITA,_T,2022,42.010646
Italie,ITA,_T,2023,41.523746
Italie,ITA,_T,2024,42.752192
Japon,JPN,T_1100,1995,5.672497
Japon,JPN,T_1100,1996,5.32132
Japon,JPN,T_1100,1997,5.49463
Japon,JPN,T_1100,1998,4.960284
Japon,JPN,T_1100,1999,4.669313
Japon,JPN,T_1100,2000,5.334177
Japon,JPN,T_1100,2001,5.221264
Japon,JPN,T_1100,2002,4.512271
Japon,JPN,T_1100,2003,4.226104
Japon,JPN,T_1100,2004,4.398194
Japon,JPN,T_1100,2005,4.722319
Japon,JPN,T_1100,2006,4.909132
Japon,JPN,T_1100,2007,5.31123
Japon,JPN,T_1100,2008,5.383758
Japon,JPN,T_1100,2009,5.130667
Japon,JPN,T_1100,2010,4.884924
Japon,JPN,T_1100,2011,4.989738
Japon,JPN,T_1100,2012,5.1952
Japon,JPN,T_1100,2013,5.545494
Japon,JPN,T_1100,2014,5.665591
Japon,JPN,T_1100,2015,5.685464
Japon,JPN,T_1100,2016,5.606153
Japon,JPN,T_1100,2017,5.816786
Japon,JPN,T_1100,2018,6.01753
Japon,JPN,T_1100,2019,5.917233
Japon,JPN,T_1100,2020,6.159864
Japon,JPN,T_1100,2021,6.386409
Japon,JPN,T_1100,2022,6.495258
Japon,JPN,T_1100,2023,6.17988
Japon,JPN,T_1100,2024,5.590352
Japon,JPN,T_1200,1995,4.037639
Japon,JPN,T_1200,1996,4.337563
Japon,JPN,T_1200,1997,4.030209
Japon,JPN,T_1200,1998,3.527005
Japon,JPN,T_1200,1999,3.278775
Japon,JPN,T_1200,2000,3.47201
Japon,JPN,T_1200,2001,3.296246
Japon,JPN,T_1200,2002,2.977078
Japon,JPN,T_1200,2003,3.140191
Japon,JPN,T_1200,2004,3.517956
Japon,JPN,T_1200,2005,4.005775
Japon,JPN,T_1200,2006,4.510638
Japon,JPN,T_1200,2007,4.559151
Japon,JPN,T_1200,2008,3.686462
Japon,JPN,T_1200,2009,2.451608
Japon,JPN,T_1200,2010,3.040784
Japon,JPN,T_1200,2011,3.188507
Japon,JPN,T_1200,2012,3.482401
Japon,JPN,T_1200,2013,3.778307
Japon,JPN,T_1200,2014,3.875299
Japon,JPN,T_1200,2015,3.718279
Japon,JPN,T_1200,2016,3.628373
Japon,JPN,T_1200,2017,3.658961
Japon,JPN,T_1200,2018,4.059028
Japon,JPN,T_1200,2019,3.77988
Japon,JPN,T_1200,2020,3.850346
Japon,JPN,T_1200,2021,4.427133
Japon,JPN,T_1200,2022,4.731651
Japon,JPN,T_1200,2023,4.704794
Japon,JPN,T_1200,2024,5.095959
Japon,JPN,T_2000,1995,8.527326
Japon,JPN,T_2000,1996,8.574989
Japon,JPN,T_2000,1997,8.82212
Japon,JPN,T_2000,1998,8.961414
Japon,JPN,T_2000,1999,8.917052
Japon,JPN,T_2000,2000,8.922438
Japon,JPN,T_2000,2001,9.319001
Japon,JPN,T_2000,2002,9.369703
Japon,JPN,T_2000,2003,9.306357
Japon,JPN,T_2000,2004,9.345026
Japon,JPN,T_2000,2005,9.520241
Japon,JPN,T_2000,2006,9.74988
Japon,JPN,T_2000,2007,9.902831
Japon,JPN,T_2000,2008,10.506402
Japon,JPN,T_2000,2009,10.521043
Japon,JPN,T_2000,2010,10.786953
Japon,JPN,T_2000,2011,11.263837
Japon,JPN,T_2000,2012,11.631098
Japon,JPN,T_2000,2013,11.664897
Japon,JPN,T_2000,2014,11.893232
Japon,JPN,T_2000,2015,11.92144
Japon,JPN,T_2000,2016,12.227963
Japon,JPN,T_2000,2017,12.347358
Japon,JPN,T_2000,2018,12.687324
Japon,JPN,T_2000,2019,12.939241
Japon,JPN,T_2000,2020,13.282128
Japon,JPN,T_2000,2021,13.281694
Japon,JPN,T_2000,2022,13.31799
Japon,JPN,T_2000,2023,13.189872
Japon,JPN,T_3000,1995,0
Japon,JPN,T_3000,1996,0
Japon,JPN,T_3000,1997,0
Japon,JPN,T_3000,1998,0
Japon,JPN,T_3000,1999,0
Japon,JPN,T_3000,2000,0
Japon,JPN,T_3000,2001,0
Japon,JPN,T_3000,2002,0
Japon,JPN,T_3000,2003,0
Japon,JPN,T_3000,2004,0
Japon,JPN,T_3000,2005,0
Japon,JPN,T_3000,2006,0
Japon,JPN,T_3000,2007,0
Japon,JPN,T_3000,2008,0
Japon,JPN,T_3000,2009,0
Japon,JPN,T_3000,2010,0
Japon,JPN,T_3000,2011,0
Japon,JPN,T_3000,2012,0
Japon,JPN,T_3000,2013,0
Japon,JPN,T_3000,2014,0
Japon,JPN,T_3000,2015,0
Japon,JPN,T_3000,2016,0
Japon,JPN,T_3000,2017,0
Japon,JPN,T_3000,2018,0
Japon,JPN,T_3000,2019,0
Japon,JPN,T_3000,2020,0
Japon,JPN,T_3000,2021,0
Japon,JPN,T_3000,2022,0
Japon,JPN,T_3000,2023,0
Japon,JPN,T_3000,2024,0
Japon,JPN,T_4000,1995,3.086506
Japon,JPN,T_4000,1996,2.989068
Japon,JPN,T_4000,1997,2.890059
Japon,JPN,T_4000,1998,2.784661
Japon,JPN,T_4000,1999,2.788486
Japon,JPN,T_4000,2000,2.658858
Japon,JPN,T_4000,2001,2.684455
Japon,JPN,T_4000,2002,2.643381
Japon,JPN,T_4000,2003,2.493102
Japon,JPN,T_4000,2004,2.474219
Japon,JPN,T_4000,2005,2.495253
Japon,JPN,T_4000,2006,2.41774
Japon,JPN,T_4000,2007,2.439769
Japon,JPN,T_4000,2008,2.540109
Japon,JPN,T_4000,2009,2.603545
Japon,JPN,T_4000,2010,2.550796
Japon,JPN,T_4000,2011,2.619757
Japon,JPN,T_4000,2012,2.546171
Japon,JPN,T_4000,2013,2.523926
Japon,JPN,T_4000,2014,2.542036
Japon,JPN,T_4000,2015,2.478033
Japon,JPN,T_4000,2016,2.527816
Japon,JPN,T_4000,2017,2.532443
Japon,JPN,T_4000,2018,2.550532
Japon,JPN,T_4000,2019,2.575391
Japon,JPN,T_4000,2020,2.65921
Japon,JPN,T_4000,2021,2.663231
Japon,JPN,T_4000,2022,2.718056
Japon,JPN,T_4000,2023,2.749677
Japon,JPN,T_4000,2024,2.663939
Japon,JPN,T_4100,1995,1.955323
Japon,JPN,T_4100,1996,1.943881
Japon,JPN,T_4100,1997,1.91894
Japon,JPN,T_4100,1998,1.970839
Japon,JPN,T_4100,1999,2.029253
Japon,JPN,T_4100,2000,1.937021
Japon,JPN,T_4100,2001,1.994139
Japon,JPN,T_4100,2002,2.005193
Japon,JPN,T_4100,2003,1.906256
Japon,JPN,T_4100,2004,1.900638
Japon,JPN,T_4100,2005,1.894024
Japon,JPN,T_4100,2006,1.818084
Japon,JPN,T_4100,2007,1.847571
Japon,JPN,T_4100,2008,1.961119
Japon,JPN,T_4100,2009,2.036234
Japon,JPN,T_4100,2010,2.025259
Japon,JPN,T_4100,2011,2.04725
Japon,JPN,T_4100,2012,1.962054
Japon,JPN,T_4100,2013,1.927567
Japon,JPN,T_4100,2014,1.913558
Japon,JPN,T_4100,2015,1.850238
Japon,JPN,T_4100,2016,1.865738
Japon,JPN,T_4100,2017,1.857634
Japon,JPN,T_4100,2018,1.866017
Japon,JPN,T_4100,2019,1.90587
Japon,JPN,T_4100,2020,1.989503
Japon,JPN,T_4100,2021,1.920202
Japon,JPN,T_4100,2022,1.947486
Japon,JPN,T_4100,2023,1.904527
Japon,JPN,T_4100,2024,1.874745
Japon,JPN,T_4200,1995,0
Japon,JPN,T_4200,1996,0
Japon,JPN,T_4200,1997,0
Japon,JPN,T_4200,1998,0
Japon,JPN,T_4200,1999,0
Japon,JPN,T_4200,2000,0
Japon,JPN,T_4200,2001,0
Japon,JPN,T_4200,2002,0
Japon,JPN,T_4200,2003,0
Japon,JPN,T_4200,2004,0
Japon,JPN,T_4200,2005,0
Japon,JPN,T_4200,2006,0
Japon,JPN,T_4200,2007,0
Japon,JPN,T_4200,2008,0
Japon,JPN,T_4200,2009,0
Japon,JPN,T_4200,2010,0
Japon,JPN,T_4200,2011,0
Japon,JPN,T_4200,2012,0
Japon,JPN,T_4200,2013,0
Japon,JPN,T_4200,2014,0
Japon,JPN,T_4200,2015,0
Japon,JPN,T_4200,2016,0
Japon,JPN,T_4200,2017,0
Japon,JPN,T_4200,2018,0
Japon,JPN,T_4200,2019,0
Japon,JPN,T_4200,2020,0
Japon,JPN,T_4200,2021,0
Japon,JPN,T_4200,2022,0
Japon,JPN,T_4200,2023,0
Japon,JPN,T_4200,2024,0
Japon,JPN,T_4300,1995,0.512146
Japon,JPN,T_4300,1996,0.449245
Japon,JPN,T_4300,1997,0.444768
Japon,JPN,T_4300,1998,0.358348
Japon,JPN,T_4300,1999,0.355517
Japon,JPN,T_4300,2000,0.331502
Japon,JPN,T_4300,2001,0.317495
Japon,JPN,T_4300,2002,0.277554
Japon,JPN,T_4300,2003,0.274125
Japon,JPN,T_4300,2004,0.273111
Japon,JPN,T_4300,2005,0.293144
Japon,JPN,T_4300,2006,0.282658
Japon,JPN,T_4300,2007,0.279042
Japon,JPN,T_4300,2008,0.281862
Japon,JPN,T_4300,2009,0.271391
Japon,JPN,T_4300,2010,0.247666
Japon,JPN,T_4300,2011,0.294853
Japon,JPN,T_4300,2012,0.301129
Japon,JPN,T_4300,2013,0.307074
Japon,JPN,T_4300,2014,0.359728
Japon,JPN,T_4300,2015,0.364026
Japon,JPN,T_4300,2016,0.391205
Japon,JPN,T_4300,2017,0.412444
Japon,JPN,T_4300,2018,0.419228
Japon,JPN,T_4300,2019,0.413164
Japon,JPN,T_4300,2020,0.429575
Japon,JPN,T_4300,2021,0.499221
Japon,JPN,T_4300,2022,0.523599
Japon,JPN,T_4300,2023,0.600489
Japon,JPN,T_4300,2024,0.54992
Japon,JPN,T_4400,1995,0.619037
Japon,JPN,T_4400,1996,0.595942
Japon,JPN,T_4400,1997,0.526352
Japon,JPN,T_4400,1998,0.455474
Japon,JPN,T_4400,1999,0.403716
Japon,JPN,T_4400,2000,0.390336
Japon,JPN,T_4400,2001,0.372821
Japon,JPN,T_4400,2002,0.360635
Japon,JPN,T_4400,2003,0.312721
Japon,JPN,T_4400,2004,0.300469
Japon,JPN,T_4400,2005,0.308085
Japon,JPN,T_4400,2006,0.316999
Japon,JPN,T_4400,2007,0.313156
Japon,JPN,T_4400,2008,0.297128
Japon,JPN,T_4400,2009,0.29592
Japon,JPN,T_4400,2010,0.277871
Japon,JPN,T_4400,2011,0.277654
Japon,JPN,T_4400,2012,0.282988
Japon,JPN,T_4400,2013,0.289285
Japon,JPN,T_4400,2014,0.26875
Japon,JPN,T_4400,2015,0.263769
Japon,JPN,T_4400,2016,0.270874
Japon,JPN,T_4400,2017,0.262366
Japon,JPN,T_4400,2018,0.265287
Japon,JPN,T_4400,2019,0.256357
Japon,JPN,T_4400,2020,0.240132
Japon,JPN,T_4400,2021,0.243808
Japon,JPN,T_4400,2022,0.246971
Japon,JPN,T_4400,2023,0.244661
Japon,JPN,T_4400,2024,0.239273
Japon,JPN,T_5000,1995,4.014548
Japon,JPN,T_5000,1996,4.057498
Japon,JPN,T_5000,1997,4.434664
Japon,JPN,T_5000,1998,4.961108
Japon,JPN,T_5000,1999,5.084588
Japon,JPN,T_5000,2000,4.878442
Japon,JPN,T_5000,2001,4.939832
Japon,JPN,T_5000,2002,4.929146
Japon,JPN,T_5000,2003,4.90143
Japon,JPN,T_5000,2004,4.956028
Japon,JPN,T_5000,2005,5.015107
Japon,JPN,T_5000,2006,4.960634
Japon,JPN,T_5000,2007,4.875861
Japon,JPN,T_5000,2008,4.854964
Japon,JPN,T_5000,2009,4.898684
Japon,JPN,T_5000,2010,4.898293
Japon,JPN,T_5000,2011,4.992798
Japon,JPN,T_5000,2012,5.016914
Japon,JPN,T_5000,2013,5.0215
Japon,JPN,T_5000,2014,5.920891
Japon,JPN,T_5000,2015,6.340637
Japon,JPN,T_5000,2016,6.187436
Japon,JPN,T_5000,2017,6.483803
Japon,JPN,T_5000,2018,6.154085
Japon,JPN,T_5000,2019,6.21382
Japon,JPN,T_5000,2020,6.877122
Japon,JPN,T_5000,2021,7.029881
Japon,JPN,T_5000,2022,7.199106
Japon,JPN,T_5000,2023,6.82547
Japon,JPN,T_5000,2024,6.822176
Japon,JPN,T_5111,1995,1.377804
Japon,JPN,T_5111,1996,1.405507
Japon,JPN,T_5111,1997,1.863881
Japon,JPN,T_5111,1998,2.3617
Japon,JPN,T_5111,1999,2.43757
Japon,JPN,T_5111,2000,2.297242
Japon,JPN,T_5111,2001,2.321076
Japon,JPN,T_5111,2002,2.337497
Japon,JPN,T_5111,2003,2.300635
Japon,JPN,T_5111,2004,2.376756
Japon,JPN,T_5111,2005,2.459174
Japon,JPN,T_5111,2006,2.436856
Japon,JPN,T_5111,2007,2.38467
Japon,JPN,T_5111,2008,2.410617
Japon,JPN,T_5111,2009,2.457073
Japon,JPN,T_5111,2010,2.510568
Japon,JPN,T_5111,2011,2.548744
Japon,JPN,T_5111,2012,2.583294
Japon,JPN,T_5111,2013,2.629119
Japon,JPN,T_5111,2014,3.65582
Japon,JPN,T_5111,2015,4.142555
Japon,JPN,T_5111,2016,4.025293
Japon,JPN,T_5111,2017,4.003726
Japon,JPN,T_5111,2018,4.041968
Japon,JPN,T_5111,2019,4.157358
Japon,JPN,T_5111,2020,4.898996
Japon,JPN,T_5111,2021,5.056444
Japon,JPN,T_5111,2022,5.200808
Japon,JPN,T_5111,2023,4.942792
Japon,JPN,T_5111,2024,5.006238
Japon,JPN,_T,1995,25.401185
Japon,JPN,_T,1996,25.342517
Japon,JPN,_T,1997,25.735515
Japon,JPN,_T,1998,25.25886
Japon,JPN,_T,1999,24.802498
Japon,JPN,_T,2000,25.330599
Japon,JPN,_T,2001,25.526535
Japon,JPN,_T,2002,24.498194
Japon,JPN,_T,2003,24.131396
Japon,JPN,_T,2004,24.75624
Japon,JPN,_T,2005,25.824432
Japon,JPN,_T,2006,26.614641
Japon,JPN,_T,2007,27.154861
Japon,JPN,_T,2008,27.042872
Japon,JPN,_T,2009,25.680642
Japon,JPN,_T,2010,26.237194
Japon,JPN,_T,2011,27.12875
Japon,JPN,_T,2012,27.949113
Japon,JPN,_T,2013,28.609005
Japon,JPN,_T,2014,29.973182
Japon,JPN,_T,2015,30.220231
Japon,JPN,_T,2016,30.254389
Japon,JPN,_T,2017,30.916262
Japon,JPN,_T,2018,31.548441
Japon,JPN,_T,2019,31.507157
Japon,JPN,_T,2020,32.911151
Japon,JPN,_T,2021,33.877709
Japon,JPN,_T,2022,34.546551
Japon,JPN,_T,2023,33.733304
Lettonie,LVA,T_1100,1995,5.019539
Lettonie,LVA,T_1100,1996,5.032523
Lettonie,LVA,T_1100,1997,5.299034
Lettonie,LVA,T_1100,1998,5.482387
Lettonie,LVA,T_1100,1999,5.603361
Lettonie,LVA,T_1100,2000,5.607205
Lettonie,LVA,T_1100,2001,5.585116
Lettonie,LVA,T_1100,2002,5.62973
Lettonie,LVA,T_1100,2003,5.794359
Lettonie,LVA,T_1100,2004,5.917449
Lettonie,LVA,T_1100,2005,5.600389
Lettonie,LVA,T_1100,2006,5.879127
Lettonie,LVA,T_1100,2007,5.981263
Lettonie,LVA,T_1100,2008,6.246627
Lettonie,LVA,T_1100,2009,5.465793
Lettonie,LVA,T_1100,2010,6.299719
Lettonie,LVA,T_1100,2011,5.946
Lettonie,LVA,T_1100,2012,5.962189
Lettonie,LVA,T_1100,2013,6.011252
Lettonie,LVA,T_1100,2014,6.131103
Lettonie,LVA,T_1100,2015,6.083933
Lettonie,LVA,T_1100,2016,6.478863
Lettonie,LVA,T_1100,2017,6.830517
Lettonie,LVA,T_1100,2018,6.185858
Lettonie,LVA,T_1100,2019,6.690513
Lettonie,LVA,T_1100,2020,6.172501
Lettonie,LVA,T_1100,2021,6.224894
Lettonie,LVA,T_1100,2022,6.287101
Lettonie,LVA,T_1100,2023,6.380644
Lettonie,LVA,T_1100,2024,7.10868
Lettonie,LVA,T_1200,1995,1.720229
Lettonie,LVA,T_1200,1996,1.793751
Lettonie,LVA,T_1200,1997,2.131808
Lettonie,LVA,T_1200,1998,2.22054
Lettonie,LVA,T_1200,1999,2.026233
Lettonie,LVA,T_1200,2000,1.566072
Lettonie,LVA,T_1200,2001,1.913632
Lettonie,LVA,T_1200,2002,2.015732
Lettonie,LVA,T_1200,2003,1.511367
Lettonie,LVA,T_1200,2004,1.741766
Lettonie,LVA,T_1200,2005,1.967315
Lettonie,LVA,T_1200,2006,2.229032
Lettonie,LVA,T_1200,2007,2.650944
Lettonie,LVA,T_1200,2008,3.112614
Lettonie,LVA,T_1200,2009,1.579669
Lettonie,LVA,T_1200,2010,0.990376
Lettonie,LVA,T_1200,2011,1.488542
Lettonie,LVA,T_1200,2012,1.676583
Lettonie,LVA,T_1200,2013,1.683985
Lettonie,LVA,T_1200,2014,1.595783
Lettonie,LVA,T_1200,2015,1.636698
Lettonie,LVA,T_1200,2016,1.731631
Lettonie,LVA,T_1200,2017,1.6427
Lettonie,LVA,T_1200,2018,0.580359
Lettonie,LVA,T_1200,2019,0.609999
Lettonie,LVA,T_1200,2020,0.888713
Lettonie,LVA,T_1200,2021,1.052177
Lettonie,LVA,T_1200,2022,1.143928
Lettonie,LVA,T_1200,2023,1.369629
Lettonie,LVA,T_1200,2024,1.960054
Lettonie,LVA,T_2000,1995,11.324501
Lettonie,LVA,T_2000,1996,10.61582
Lettonie,LVA,T_2000,1997,10.468834
Lettonie,LVA,T_2000,1998,10.392768
Lettonie,LVA,T_2000,1999,10.607904
Lettonie,LVA,T_2000,2000,9.989794
Lettonie,LVA,T_2000,2001,9.307971
Lettonie,LVA,T_2000,2002,9.325841
Lettonie,LVA,T_2000,2003,8.806347
Lettonie,LVA,T_2000,2004,8.624511
Lettonie,LVA,T_2000,2005,8.232548
Lettonie,LVA,T_2000,2006,8.450014
Lettonie,LVA,T_2000,2007,8.246238
Lettonie,LVA,T_2000,2008,8.299783
Lettonie,LVA,T_2000,2009,9.423775
Lettonie,LVA,T_2000,2010,8.76663
Lettonie,LVA,T_2000,2011,9.230161
Lettonie,LVA,T_2000,2012,9.015827
Lettonie,LVA,T_2000,2013,8.80437
Lettonie,LVA,T_2000,2014,8.697805
Lettonie,LVA,T_2000,2015,8.54899
Lettonie,LVA,T_2000,2016,8.436918
Lettonie,LVA,T_2000,2017,8.684071
Lettonie,LVA,T_2000,2018,9.442352
Lettonie,LVA,T_2000,2019,9.84503
Lettonie,LVA,T_2000,2020,10.267747
Lettonie,LVA,T_2000,2021,9.888819
Lettonie,LVA,T_2000,2022,10.00344
Lettonie,LVA,T_2000,2023,10.291236
Lettonie,LVA,T_2000,2024,10.972533
Lettonie,LVA,T_3000,1995,0
Lettonie,LVA,T_3000,1996,0
Lettonie,LVA,T_3000,1997,0
Lettonie,LVA,T_3000,1998,0
Lettonie,LVA,T_3000,1999,0
Lettonie,LVA,T_3000,2000,0
Lettonie,LVA,T_3000,2001,0
Lettonie,LVA,T_3000,2002,0
Lettonie,LVA,T_3000,2003,0.084417
Lettonie,LVA,T_3000,2004,0.044725
Lettonie,LVA,T_3000,2005,0.03389
Lettonie,LVA,T_3000,2006,0.024407
Lettonie,LVA,T_3000,2007,0.017087
Lettonie,LVA,T_3000,2008,0.016123
Lettonie,LVA,T_3000,2009,0.016436
Lettonie,LVA,T_3000,2010,0.015952
Lettonie,LVA,T_3000,2011,0.015638
Lettonie,LVA,T_3000,2012,0.013846
Lettonie,LVA,T_3000,2013,0.013713
Lettonie,LVA,T_3000,2014,0.01338
Lettonie,LVA,T_3000,2015,0.012791
Lettonie,LVA,T_3000,2016,0.012368
Lettonie,LVA,T_3000,2017,0.011794
Lettonie,LVA,T_3000,2018,0.011074
Lettonie,LVA,T_3000,2019,0.010907
Lettonie,LVA,T_3000,2020,0.010734
Lettonie,LVA,T_3000,2021,0.008576
Lettonie,LVA,T_3000,2022,0.00879
Lettonie,LVA,T_3000,2023,0.007919
Lettonie,LVA,T_3000,2024,0.007899
Lettonie,LVA,T_4000,1995,1.036523
Lettonie,LVA,T_4000,1996,1.102207
Lettonie,LVA,T_4000,1997,1.166686
Lettonie,LVA,T_4000,1998,1.309386
Lettonie,LVA,T_4000,1999,1.028743
Lettonie,LVA,T_4000,2000,1.127865
Lettonie,LVA,T_4000,2001,1.083838
Lettonie,LVA,T_4000,2002,1.0186
Lettonie,LVA,T_4000,2003,1.072022
Lettonie,LVA,T_4000,2004,1.066456
Lettonie,LVA,T_4000,2005,1.032637
Lettonie,LVA,T_4000,2006,1.041726
Lettonie,LVA,T_4000,2007,0.907478
Lettonie,LVA,T_4000,2008,0.662428
Lettonie,LVA,T_4000,2009,0.721795
Lettonie,LVA,T_4000,2010,0.886479
Lettonie,LVA,T_4000,2011,1.032618
Lettonie,LVA,T_4000,2012,1.000971
Lettonie,LVA,T_4000,2013,1.005556
Lettonie,LVA,T_4000,2014,1.084687
Lettonie,LVA,T_4000,2015,1.048378
Lettonie,LVA,T_4000,2016,1.107216
Lettonie,LVA,T_4000,2017,1.07787
Lettonie,LVA,T_4000,2018,0.988591
Lettonie,LVA,T_4000,2019,0.971522
Lettonie,LVA,T_4000,2020,0.960751
Lettonie,LVA,T_4000,2021,0.917871
Lettonie,LVA,T_4000,2022,0.816034
Lettonie,LVA,T_4000,2023,0.741133
Lettonie,LVA,T_4000,2024,0.733882
Lettonie,LVA,T_4100,1995,0.931412
Lettonie,LVA,T_4100,1996,0.973898
Lettonie,LVA,T_4100,1997,1.056971
Lettonie,LVA,T_4100,1998,1.160419
Lettonie,LVA,T_4100,1999,0.901072
Lettonie,LVA,T_4100,2000,0.939133
Lettonie,LVA,T_4100,2001,0.896066
Lettonie,LVA,T_4100,2002,0.816123
Lettonie,LVA,T_4100,2003,0.807413
Lettonie,LVA,T_4100,2004,0.760203
Lettonie,LVA,T_4100,2005,0.668811
Lettonie,LVA,T_4100,2006,0.579678
Lettonie,LVA,T_4100,2007,0.491134
Lettonie,LVA,T_4100,2008,0.430788
Lettonie,LVA,T_4100,2009,0.562554
Lettonie,LVA,T_4100,2010,0.720154
Lettonie,LVA,T_4100,2011,0.820238
Lettonie,LVA,T_4100,2012,0.791304
Lettonie,LVA,T_4100,2013,0.786585
Lettonie,LVA,T_4100,2014,0.839166
Lettonie,LVA,T_4100,2015,0.829847
Lettonie,LVA,T_4100,2016,0.897504
Lettonie,LVA,T_4100,2017,0.877007
Lettonie,LVA,T_4100,2018,0.792613
Lettonie,LVA,T_4100,2019,0.765811
Lettonie,LVA,T_4100,2020,0.760197
Lettonie,LVA,T_4100,2021,0.700715
Lettonie,LVA,T_4100,2022,0.638999
Lettonie,LVA,T_4100,2023,0.597806
Lettonie,LVA,T_4100,2024,0.588062
Lettonie,LVA,T_4200,1995,0
Lettonie,LVA,T_4200,1996,0
Lettonie,LVA,T_4200,1997,0
Lettonie,LVA,T_4200,1998,0
Lettonie,LVA,T_4200,1999,0
Lettonie,LVA,T_4200,2000,0
Lettonie,LVA,T_4200,2001,0
Lettonie,LVA,T_4200,2002,0
Lettonie,LVA,T_4200,2003,0
Lettonie,LVA,T_4200,2004,0
Lettonie,LVA,T_4200,2005,0
Lettonie,LVA,T_4200,2006,0
Lettonie,LVA,T_4200,2007,0
Lettonie,LVA,T_4200,2008,0
Lettonie,LVA,T_4200,2009,0
Lettonie,LVA,T_4200,2010,0
Lettonie,LVA,T_4200,2011,0
Lettonie,LVA,T_4200,2012,0
Lettonie,LVA,T_4200,2013,0
Lettonie,LVA,T_4200,2014,0
Lettonie,LVA,T_4200,2015,0
Lettonie,LVA,T_4200,2016,0
Lettonie,LVA,T_4200,2017,0
Lettonie,LVA,T_4200,2018,0
Lettonie,LVA,T_4200,2019,0
Lettonie,LVA,T_4200,2020,0
Lettonie,LVA,T_4200,2021,0
Lettonie,LVA,T_4200,2022,0
Lettonie,LVA,T_4200,2023,0
Lettonie,LVA,T_4200,2024,0
Lettonie,LVA,T_4300,1995,0
Lettonie,LVA,T_4300,1996,0
Lettonie,LVA,T_4300,1997,0
Lettonie,LVA,T_4300,1998,0
Lettonie,LVA,T_4300,1999,0
Lettonie,LVA,T_4300,2000,0
Lettonie,LVA,T_4300,2001,0
Lettonie,LVA,T_4300,2002,0
Lettonie,LVA,T_4300,2003,0.000407
Lettonie,LVA,T_4300,2004,0.00053
Lettonie,LVA,T_4300,2005,0.000729
Lettonie,LVA,T_4300,2006,0.001018
Lettonie,LVA,T_4300,2007,0.016207
Lettonie,LVA,T_4300,2008,0.018532
Lettonie,LVA,T_4300,2009,0.022599
Lettonie,LVA,T_4300,2010,0.01924
Lettonie,LVA,T_4300,2011,0.01963
Lettonie,LVA,T_4300,2012,0.019284
Lettonie,LVA,T_4300,2013,0.022262
Lettonie,LVA,T_4300,2014,0.025868
Lettonie,LVA,T_4300,2015,0.029634
Lettonie,LVA,T_4300,2016,0.032873
Lettonie,LVA,T_4300,2017,0.034388
Lettonie,LVA,T_4300,2018,0.036742
Lettonie,LVA,T_4300,2019,0.03881
Lettonie,LVA,T_4300,2020,0.039866
Lettonie,LVA,T_4300,2021,0.045893
Lettonie,LVA,T_4300,2022,0.037016
Lettonie,LVA,T_4300,2023,0.030723
Lettonie,LVA,T_4300,2024,0.029872
Lettonie,LVA,T_4400,1995,0.10511
Lettonie,LVA,T_4400,1996,0.128308
Lettonie,LVA,T_4400,1997,0.109715
Lettonie,LVA,T_4400,1998,0.148967
Lettonie,LVA,T_4400,1999,0.127671
Lettonie,LVA,T_4400,2000,0.188731
Lettonie,LVA,T_4400,2001,0.187772
Lettonie,LVA,T_4400,2002,0.202477
Lettonie,LVA,T_4400,2003,0.264202
Lettonie,LVA,T_4400,2004,0.305723
Lettonie,LVA,T_4400,2005,0.363096
Lettonie,LVA,T_4400,2006,0.46103
Lettonie,LVA,T_4400,2007,0.400137
Lettonie,LVA,T_4400,2008,0.213109
Lettonie,LVA,T_4400,2009,0.136642
Lettonie,LVA,T_4400,2010,0.147084
Lettonie,LVA,T_4400,2011,0.192749
Lettonie,LVA,T_4400,2012,0.190383
Lettonie,LVA,T_4400,2013,0.196708
Lettonie,LVA,T_4400,2014,0.216009
Lettonie,LVA,T_4400,2015,0.1754
Lettonie,LVA,T_4400,2016,0.165293
Lettonie,LVA,T_4400,2017,0.158596
Lettonie,LVA,T_4400,2018,0.148464
Lettonie,LVA,T_4400,2019,0.152706
Lettonie,LVA,T_4400,2020,0.149958
Lettonie,LVA,T_4400,2021,0.154803
Lettonie,LVA,T_4400,2022,0.12919
Lettonie,LVA,T_4400,2023,0.106839
Lettonie,LVA,T_4400,2024,0.110246
Lettonie,LVA,T_5000,1995,12.249939
Lettonie,LVA,T_5000,1996,11.668087
Lettonie,LVA,T_5000,1997,12.5015
Lettonie,LVA,T_5000,1998,13.302481
Lettonie,LVA,T_5000,1999,12.714764
Lettonie,LVA,T_5000,2000,11.675163
Lettonie,LVA,T_5000,2001,11.243639
Lettonie,LVA,T_5000,2002,10.756071
Lettonie,LVA,T_5000,2003,11.454842
Lettonie,LVA,T_5000,2004,11.369912
Lettonie,LVA,T_5000,2005,12.130234
Lettonie,LVA,T_5000,2006,12.543875
Lettonie,LVA,T_5000,2007,11.945774
Lettonie,LVA,T_5000,2008,10.926222
Lettonie,LVA,T_5000,2009,11.70916
Lettonie,LVA,T_5000,2010,12.234105
Lettonie,LVA,T_5000,2011,12.480741
Lettonie,LVA,T_5000,2012,12.631898
Lettonie,LVA,T_5000,2013,13.039407
Lettonie,LVA,T_5000,2014,13.336875
Lettonie,LVA,T_5000,2015,13.566904
Lettonie,LVA,T_5000,2016,14.116954
Lettonie,LVA,T_5000,2017,14.064421
Lettonie,LVA,T_5000,2018,14.484423
Lettonie,LVA,T_5000,2019,14.320231
Lettonie,LVA,T_5000,2020,14.154185
Lettonie,LVA,T_5000,2021,13.953315
Lettonie,LVA,T_5000,2022,14.536423
Lettonie,LVA,T_5000,2023,13.718
Lettonie,LVA,T_5000,2024,14.122623
Lettonie,LVA,T_5111,1995,8.715555
Lettonie,LVA,T_5111,1996,8.084311
Lettonie,LVA,T_5111,1997,7.877807
Lettonie,LVA,T_5111,1998,7.734139
Lettonie,LVA,T_5111,1999,7.331002
Lettonie,LVA,T_5111,2000,7.110492
Lettonie,LVA,T_5111,2001,6.821573
Lettonie,LVA,T_5111,2002,6.714696
Lettonie,LVA,T_5111,2003,7.176675
Lettonie,LVA,T_5111,2004,6.940639
Lettonie,LVA,T_5111,2005,7.644846
Lettonie,LVA,T_5111,2006,8.350449
Lettonie,LVA,T_5111,2007,8.027085
Lettonie,LVA,T_5111,2008,6.634965
Lettonie,LVA,T_5111,2009,6.090061
Lettonie,LVA,T_5111,2010,6.842421
Lettonie,LVA,T_5111,2011,7.245218
Lettonie,LVA,T_5111,2012,7.497287
Lettonie,LVA,T_5111,2013,7.763124
Lettonie,LVA,T_5111,2014,7.919714
Lettonie,LVA,T_5111,2015,7.97413
Lettonie,LVA,T_5111,2016,8.351242
Lettonie,LVA,T_5111,2017,8.380967
Lettonie,LVA,T_5111,2018,8.766347
Lettonie,LVA,T_5111,2019,8.97105
Lettonie,LVA,T_5111,2020,8.788853
Lettonie,LVA,T_5111,2021,8.97859
Lettonie,LVA,T_5111,2022,10.121552
Lettonie,LVA,T_5111,2023,9.533831
Lettonie,LVA,T_5111,2024,9.52698
Lettonie,LVA,_T,1995,31.35073
Lettonie,LVA,_T,1996,30.212388
Lettonie,LVA,_T,1997,31.567861
Lettonie,LVA,_T,1998,32.707562
Lettonie,LVA,_T,1999,31.981005
Lettonie,LVA,_T,2000,29.966099
Lettonie,LVA,_T,2001,29.134197
Lettonie,LVA,_T,2002,28.745974
Lettonie,LVA,_T,2003,28.723354
Lettonie,LVA,_T,2004,28.76482
Lettonie,LVA,_T,2005,28.997012
Lettonie,LVA,_T,2006,30.168181
Lettonie,LVA,_T,2007,29.748784
Lettonie,LVA,_T,2008,29.263796
Lettonie,LVA,_T,2009,28.916628
Lettonie,LVA,_T,2010,29.193261
Lettonie,LVA,_T,2011,30.1937
Lettonie,LVA,_T,2012,30.301314
Lettonie,LVA,_T,2013,30.558283
Lettonie,LVA,_T,2014,30.859633
Lettonie,LVA,_T,2015,30.897695
Lettonie,LVA,_T,2016,31.88395
Lettonie,LVA,_T,2017,32.311373
Lettonie,LVA,_T,2018,31.692658
Lettonie,LVA,_T,2019,32.448202
Lettonie,LVA,_T,2020,32.45463
Lettonie,LVA,_T,2021,32.045652
Lettonie,LVA,_T,2022,32.795716
Lettonie,LVA,_T,2023,32.508562
Lettonie,LVA,_T,2024,34.90567
Lituanie,LTU,T_1100,1995,6.229147
Lituanie,LTU,T_1100,1996,6.15436
Lituanie,LTU,T_1100,1997,7.11027
Lituanie,LTU,T_1100,1998,7.605496
Lituanie,LTU,T_1100,1999,8.198057
Lituanie,LTU,T_1100,2000,7.625907
Lituanie,LTU,T_1100,2001,7.18824
Lituanie,LTU,T_1100,2002,6.794961
Lituanie,LTU,T_1100,2003,6.479612
Lituanie,LTU,T_1100,2004,6.737233
Lituanie,LTU,T_1100,2005,6.835963
Lituanie,LTU,T_1100,2006,6.787438
Lituanie,LTU,T_1100,2007,6.511837
Lituanie,LTU,T_1100,2008,6.48062
Lituanie,LTU,T_1100,2009,4.067309
Lituanie,LTU,T_1100,2010,3.632835
Lituanie,LTU,T_1100,2011,3.517268
Lituanie,LTU,T_1100,2012,3.488926
Lituanie,LTU,T_1100,2013,3.583825
Lituanie,LTU,T_1100,2014,3.640177
Lituanie,LTU,T_1100,2015,3.844744
Lituanie,LTU,T_1100,2016,3.986127
Lituanie,LTU,T_1100,2017,3.860799
Lituanie,LTU,T_1100,2018,4.01998
Lituanie,LTU,T_1100,2019,7.167701
Lituanie,LTU,T_1100,2020,7.218373
Lituanie,LTU,T_1100,2021,7.436265
Lituanie,LTU,T_1100,2022,7.567705
Lituanie,LTU,T_1100,2023,7.73771
Lituanie,LTU,T_1100,2024,8.081114
Lituanie,LTU,T_1200,1995,2.041636
Lituanie,LTU,T_1200,1996,1.730963
Lituanie,LTU,T_1200,1997,1.526548
Lituanie,LTU,T_1200,1998,1.284914
Lituanie,LTU,T_1200,1999,0.818406
Lituanie,LTU,T_1200,2000,0.674582
Lituanie,LTU,T_1200,2001,0.528539
Lituanie,LTU,T_1200,2002,0.586051
Lituanie,LTU,T_1200,2003,1.36328
Lituanie,LTU,T_1200,2004,1.848715
Lituanie,LTU,T_1200,2005,2.080729
Lituanie,LTU,T_1200,2006,2.763517
Lituanie,LTU,T_1200,2007,2.529288
Lituanie,LTU,T_1200,2008,2.716339
Lituanie,LTU,T_1200,2009,1.8139
Lituanie,LTU,T_1200,2010,0.998647
Lituanie,LTU,T_1200,2011,0.813968
Lituanie,LTU,T_1200,2012,1.30238
Lituanie,LTU,T_1200,2013,1.366812
Lituanie,LTU,T_1200,2014,1.372603
Lituanie,LTU,T_1200,2015,1.532775
Lituanie,LTU,T_1200,2016,1.616787
Lituanie,LTU,T_1200,2017,1.492694
Lituanie,LTU,T_1200,2018,1.504435
Lituanie,LTU,T_1200,2019,1.541752
Lituanie,LTU,T_1200,2020,1.640583
Lituanie,LTU,T_1200,2021,2.047632
Lituanie,LTU,T_1200,2022,2.331918
Lituanie,LTU,T_1200,2023,2.68959
Lituanie,LTU,T_1200,2024,2.550738
Lituanie,LTU,T_2000,1995,7.155002
Lituanie,LTU,T_2000,1996,7.643512
Lituanie,LTU,T_2000,1997,8.932291
Lituanie,LTU,T_2000,1998,9.941185
Lituanie,LTU,T_2000,1999,9.771718
Lituanie,LTU,T_2000,2000,9.890806
Lituanie,LTU,T_2000,2001,9.36724
Lituanie,LTU,T_2000,2002,9.173418
Lituanie,LTU,T_2000,2003,9.101182
Lituanie,LTU,T_2000,2004,9.015455
Lituanie,LTU,T_2000,2005,8.834635
Lituanie,LTU,T_2000,2006,9.08692
Lituanie,LTU,T_2000,2007,9.073995
Lituanie,LTU,T_2000,2008,9.464139
Lituanie,LTU,T_2000,2009,12.467265
Lituanie,LTU,T_2000,2010,11.827503
Lituanie,LTU,T_2000,2011,11.169795
Lituanie,LTU,T_2000,2012,10.859287
Lituanie,LTU,T_2000,2013,10.865204
Lituanie,LTU,T_2000,2014,11.160067
Lituanie,LTU,T_2000,2015,11.582627
Lituanie,LTU,T_2000,2016,12.087453
Lituanie,LTU,T_2000,2017,12.180125
Lituanie,LTU,T_2000,2018,12.512824
Lituanie,LTU,T_2000,2019,9.558701
Lituanie,LTU,T_2000,2020,10.120435
Lituanie,LTU,T_2000,2021,10.091043
Lituanie,LTU,T_2000,2022,9.815371
Lituanie,LTU,T_2000,2023,10.151896
Lituanie,LTU,T_2000,2024,10.663271
Lituanie,LTU,T_3000,1995,0
Lituanie,LTU,T_3000,1996,0
Lituanie,LTU,T_3000,1997,0
Lituanie,LTU,T_3000,1998,0
Lituanie,LTU,T_3000,1999,0
Lituanie,LTU,T_3000,2000,0
Lituanie,LTU,T_3000,2001,0
Lituanie,LTU,T_3000,2002,0
Lituanie,LTU,T_3000,2003,0
Lituanie,LTU,T_3000,2004,0
Lituanie,LTU,T_3000,2005,0
Lituanie,LTU,T_3000,2006,0
Lituanie,LTU,T_3000,2007,0
Lituanie,LTU,T_3000,2008,0
Lituanie,LTU,T_3000,2009,0
Lituanie,LTU,T_3000,2010,0
Lituanie,LTU,T_3000,2011,0
Lituanie,LTU,T_3000,2012,0
Lituanie,LTU,T_3000,2013,0
Lituanie,LTU,T_3000,2014,0
Lituanie,LTU,T_3000,2015,0
Lituanie,LTU,T_3000,2016,0
Lituanie,LTU,T_3000,2017,0
Lituanie,LTU,T_3000,2018,0
Lituanie,LTU,T_3000,2019,0
Lituanie,LTU,T_3000,2020,0
Lituanie,LTU,T_3000,2021,0
Lituanie,LTU,T_3000,2022,0
Lituanie,LTU,T_3000,2023,0
Lituanie,LTU,T_3000,2024,0
Lituanie,LTU,T_4000,1995,0.31956
Lituanie,LTU,T_4000,1996,0.360421
Lituanie,LTU,T_4000,1997,0.402891
Lituanie,LTU,T_4000,1998,0.409556
Lituanie,LTU,T_4000,1999,0.451708
Lituanie,LTU,T_4000,2000,0.459886
Lituanie,LTU,T_4000,2001,0.483529
Lituanie,LTU,T_4000,2002,0.483459
Lituanie,LTU,T_4000,2003,0.429643
Lituanie,LTU,T_4000,2004,0.391927
Lituanie,LTU,T_4000,2005,0.343703
Lituanie,LTU,T_4000,2006,0.330148
Lituanie,LTU,T_4000,2007,0.287453
Lituanie,LTU,T_4000,2008,0.27261
Lituanie,LTU,T_4000,2009,0.350321
Lituanie,LTU,T_4000,2010,0.371356
Lituanie,LTU,T_4000,2011,0.311998
Lituanie,LTU,T_4000,2012,0.285493
Lituanie,LTU,T_4000,2013,0.277744
Lituanie,LTU,T_4000,2014,0.297618
Lituanie,LTU,T_4000,2015,0.337529
Lituanie,LTU,T_4000,2016,0.328085
Lituanie,LTU,T_4000,2017,0.305129
Lituanie,LTU,T_4000,2018,0.297978
Lituanie,LTU,T_4000,2019,0.295337
Lituanie,LTU,T_4000,2020,0.292721
Lituanie,LTU,T_4000,2021,0.293158
Lituanie,LTU,T_4000,2022,0.287729
Lituanie,LTU,T_4000,2023,0.297922
Lituanie,LTU,T_4000,2024,0.302624
Lituanie,LTU,T_4100,1995,0.31956
Lituanie,LTU,T_4100,1996,0.360421
Lituanie,LTU,T_4100,1997,0.40262
Lituanie,LTU,T_4100,1998,0.408006
Lituanie,LTU,T_4100,1999,0.446833
Lituanie,LTU,T_4100,2000,0.455924
Lituanie,LTU,T_4100,2001,0.478942
Lituanie,LTU,T_4100,2002,0.479126
Lituanie,LTU,T_4100,2003,0.427745
Lituanie,LTU,T_4100,2004,0.389215
Lituanie,LTU,T_4100,2005,0.340496
Lituanie,LTU,T_4100,2006,0.32511
Lituanie,LTU,T_4100,2007,0.281198
Lituanie,LTU,T_4100,2008,0.267226
Lituanie,LTU,T_4100,2009,0.343728
Lituanie,LTU,T_4100,2010,0.367363
Lituanie,LTU,T_4100,2011,0.308767
Lituanie,LTU,T_4100,2012,0.28189
Lituanie,LTU,T_4100,2013,0.274068
Lituanie,LTU,T_4100,2014,0.293962
Lituanie,LTU,T_4100,2015,0.333711
Lituanie,LTU,T_4100,2016,0.324301
Lituanie,LTU,T_4100,2017,0.30118
Lituanie,LTU,T_4100,2018,0.294056
Lituanie,LTU,T_4100,2019,0.291379
Lituanie,LTU,T_4100,2020,0.288839
Lituanie,LTU,T_4100,2021,0.28851
Lituanie,LTU,T_4100,2022,0.283113
Lituanie,LTU,T_4100,2023,0.292983
Lituanie,LTU,T_4100,2024,0.29709
Lituanie,LTU,T_4200,1995,0
Lituanie,LTU,T_4200,1996,0
Lituanie,LTU,T_4200,1997,0
Lituanie,LTU,T_4200,1998,0
Lituanie,LTU,T_4200,1999,0
Lituanie,LTU,T_4200,2000,0
Lituanie,LTU,T_4200,2001,0
Lituanie,LTU,T_4200,2002,0
Lituanie,LTU,T_4200,2003,0
Lituanie,LTU,T_4200,2004,0
Lituanie,LTU,T_4200,2005,0
Lituanie,LTU,T_4200,2006,0
Lituanie,LTU,T_4200,2007,0
Lituanie,LTU,T_4200,2008,0
Lituanie,LTU,T_4200,2009,0
Lituanie,LTU,T_4200,2010,0
Lituanie,LTU,T_4200,2011,0
Lituanie,LTU,T_4200,2012,0
Lituanie,LTU,T_4200,2013,0
Lituanie,LTU,T_4200,2014,0
Lituanie,LTU,T_4200,2015,0
Lituanie,LTU,T_4200,2016,0
Lituanie,LTU,T_4200,2017,0
Lituanie,LTU,T_4200,2018,0
Lituanie,LTU,T_4200,2019,0
Lituanie,LTU,T_4200,2020,0
Lituanie,LTU,T_4200,2021,0
Lituanie,LTU,T_4200,2022,0
Lituanie,LTU,T_4200,2023,0
Lituanie,LTU,T_4200,2024,0
Lituanie,LTU,T_4300,1995,0
Lituanie,LTU,T_4300,1996,0
Lituanie,LTU,T_4300,1997,0.00027
Lituanie,LTU,T_4300,1998,0.00155
Lituanie,LTU,T_4300,1999,0.004874
Lituanie,LTU,T_4300,2000,0.003963
Lituanie,LTU,T_4300,2001,0.004588
Lituanie,LTU,T_4300,2002,0.004333
Lituanie,LTU,T_4300,2003,0.001898
Lituanie,LTU,T_4300,2004,0.002712
Lituanie,LTU,T_4300,2005,0.003207
Lituanie,LTU,T_4300,2006,0.005038
Lituanie,LTU,T_4300,2007,0.006255
Lituanie,LTU,T_4300,2008,0.005384
Lituanie,LTU,T_4300,2009,0.006594
Lituanie,LTU,T_4300,2010,0.003993
Lituanie,LTU,T_4300,2011,0.003231
Lituanie,LTU,T_4300,2012,0.003603
Lituanie,LTU,T_4300,2013,0.003676
Lituanie,LTU,T_4300,2014,0.003656
Lituanie,LTU,T_4300,2015,0.003818
Lituanie,LTU,T_4300,2016,0.003783
Lituanie,LTU,T_4300,2017,0.003949
Lituanie,LTU,T_4300,2018,0.003921
Lituanie,LTU,T_4300,2019,0.003958
Lituanie,LTU,T_4300,2020,0.003882
Lituanie,LTU,T_4300,2021,0.004648
Lituanie,LTU,T_4300,2022,0.004617
Lituanie,LTU,T_4300,2023,0.004939
Lituanie,LTU,T_4300,2024,0.005534
Lituanie,LTU,T_4400,1995,0
Lituanie,LTU,T_4400,1996,0
Lituanie,LTU,T_4400,1997,0
Lituanie,LTU,T_4400,1998,0
Lituanie,LTU,T_4400,1999,0
Lituanie,LTU,T_4400,2000,0
Lituanie,LTU,T_4400,2001,0
Lituanie,LTU,T_4400,2002,0
Lituanie,LTU,T_4400,2003,0
Lituanie,LTU,T_4400,2004,0
Lituanie,LTU,T_4400,2005,0
Lituanie,LTU,T_4400,2006,0
Lituanie,LTU,T_4400,2007,0
Lituanie,LTU,T_4400,2008,0
Lituanie,LTU,T_4400,2009,0
Lituanie,LTU,T_4400,2010,0
Lituanie,LTU,T_4400,2011,0
Lituanie,LTU,T_4400,2012,0
Lituanie,LTU,T_4400,2013,0
Lituanie,LTU,T_4400,2014,0
Lituanie,LTU,T_4400,2015,0
Lituanie,LTU,T_4400,2016,0
Lituanie,LTU,T_4400,2017,0
Lituanie,LTU,T_4400,2018,0
Lituanie,LTU,T_4400,2019,0
Lituanie,LTU,T_4400,2020,0
Lituanie,LTU,T_4400,2021,0
Lituanie,LTU,T_4400,2022,0
Lituanie,LTU,T_4400,2023,0
Lituanie,LTU,T_4400,2024,0
Lituanie,LTU,T_5000,1995,11.718229
Lituanie,LTU,T_5000,1996,11.220116
Lituanie,LTU,T_5000,1997,13.123841
Lituanie,LTU,T_5000,1998,13.375604
Lituanie,LTU,T_5000,1999,13.272624
Lituanie,LTU,T_5000,2000,12.101617
Lituanie,LTU,T_5000,2001,11.733768
Lituanie,LTU,T_5000,2002,11.944549
Lituanie,LTU,T_5000,2003,11.247104
Lituanie,LTU,T_5000,2004,10.88443
Lituanie,LTU,T_5000,2005,11.130509
Lituanie,LTU,T_5000,2006,11.264454
Lituanie,LTU,T_5000,2007,11.634608
Lituanie,LTU,T_5000,2008,11.655791
Lituanie,LTU,T_5000,2009,11.467434
Lituanie,LTU,T_5000,2010,11.934642
Lituanie,LTU,T_5000,2011,11.671676
Lituanie,LTU,T_5000,2012,11.237197
Lituanie,LTU,T_5000,2013,11.089143
Lituanie,LTU,T_5000,2014,11.303996
Lituanie,LTU,T_5000,2015,11.719222
Lituanie,LTU,T_5000,2016,11.810326
Lituanie,LTU,T_5000,2017,11.71292
Lituanie,LTU,T_5000,2018,11.543298
Lituanie,LTU,T_5000,2019,11.691766
Lituanie,LTU,T_5000,2020,11.954902
Lituanie,LTU,T_5000,2021,12.134799
Lituanie,LTU,T_5000,2022,11.727484
Lituanie,LTU,T_5000,2023,11.204106
Lituanie,LTU,T_5000,2024,11.532104
Lituanie,LTU,T_5111,1995,7.393687
Lituanie,LTU,T_5111,1996,6.759907
Lituanie,LTU,T_5111,1997,8.23081
Lituanie,LTU,T_5111,1998,7.998977
Lituanie,LTU,T_5111,1999,7.862512
Lituanie,LTU,T_5111,2000,7.511286
Lituanie,LTU,T_5111,2001,7.226813
Lituanie,LTU,T_5111,2002,7.31992
Lituanie,LTU,T_5111,2003,6.661991
Lituanie,LTU,T_5111,2004,6.41884
Lituanie,LTU,T_5111,2005,7.091359
Lituanie,LTU,T_5111,2006,7.606655
Lituanie,LTU,T_5111,2007,8.026505
Lituanie,LTU,T_5111,2008,7.933895
Lituanie,LTU,T_5111,2009,7.269552
Lituanie,LTU,T_5111,2010,7.882243
Lituanie,LTU,T_5111,2011,7.866227
Lituanie,LTU,T_5111,2012,7.583597
Lituanie,LTU,T_5111,2013,7.487592
Lituanie,LTU,T_5111,2014,7.592496
Lituanie,LTU,T_5111,2015,7.716159
Lituanie,LTU,T_5111,2016,7.798865
Lituanie,LTU,T_5111,2017,7.830806
Lituanie,LTU,T_5111,2018,7.665707
Lituanie,LTU,T_5111,2019,7.830378
Lituanie,LTU,T_5111,2020,7.974698
Lituanie,LTU,T_5111,2021,8.270444
Lituanie,LTU,T_5111,2022,8.366758
Lituanie,LTU,T_5111,2023,8.009895
Lituanie,LTU,T_5111,2024,8.173035
Lituanie,LTU,_T,1995,27.463574
Lituanie,LTU,_T,1996,27.109371
Lituanie,LTU,_T,1997,31.095841
Lituanie,LTU,_T,1998,32.616754
Lituanie,LTU,_T,1999,32.512513
Lituanie,LTU,_T,2000,30.752799
Lituanie,LTU,_T,2001,29.301317
Lituanie,LTU,_T,2002,28.982439
Lituanie,LTU,_T,2003,28.620821
Lituanie,LTU,_T,2004,28.87776
Lituanie,LTU,_T,2005,29.225538
Lituanie,LTU,_T,2006,30.232477
Lituanie,LTU,_T,2007,30.037182
Lituanie,LTU,_T,2008,30.589499
Lituanie,LTU,_T,2009,30.16623
Lituanie,LTU,_T,2010,28.764983
Lituanie,LTU,_T,2011,27.484704
Lituanie,LTU,_T,2012,27.173283
Lituanie,LTU,_T,2013,27.182728
Lituanie,LTU,_T,2014,27.774461
Lituanie,LTU,_T,2015,29.016897
Lituanie,LTU,_T,2016,29.828777
Lituanie,LTU,_T,2017,29.551668
Lituanie,LTU,_T,2018,29.878515
Lituanie,LTU,_T,2019,30.255258
Lituanie,LTU,_T,2020,31.227014
Lituanie,LTU,_T,2021,32.002897
Lituanie,LTU,_T,2022,31.730208
Lituanie,LTU,_T,2023,32.081225
Lituanie,LTU,_T,2024,33.129851
Luxembourg,LUX,T_1100,1995,7.963844
Luxembourg,LUX,T_1100,1996,8.019612
Luxembourg,LUX,T_1100,1997,7.662526
Luxembourg,LUX,T_1100,1998,7.208932
Luxembourg,LUX,T_1100,1999,6.949936
Luxembourg,LUX,T_1100,2000,6.842664
Luxembourg,LUX,T_1100,2001,6.657586
Luxembourg,LUX,T_1100,2002,6.107786
Luxembourg,LUX,T_1100,2003,6.445317
Luxembourg,LUX,T_1100,2004,6.474015
Luxembourg,LUX,T_1100,2005,7.136604
Luxembourg,LUX,T_1100,2006,7.448032
Luxembourg,LUX,T_1100,2007,7.113004
Luxembourg,LUX,T_1100,2008,7.587395
Luxembourg,LUX,T_1100,2009,7.467174
Luxembourg,LUX,T_1100,2010,7.443388
Luxembourg,LUX,T_1100,2011,8.00193
Luxembourg,LUX,T_1100,2012,7.947889
Luxembourg,LUX,T_1100,2013,8.272034
Luxembourg,LUX,T_1100,2014,8.355305
Luxembourg,LUX,T_1100,2015,8.710264
Luxembourg,LUX,T_1100,2016,8.867506
Luxembourg,LUX,T_1100,2017,8.692314
Luxembourg,LUX,T_1100,2018,9.301576
Luxembourg,LUX,T_1100,2019,9.479933
Luxembourg,LUX,T_1100,2020,9.751876
Luxembourg,LUX,T_1100,2021,10.019658
Luxembourg,LUX,T_1100,2022,10.46285
Luxembourg,LUX,T_1100,2023,11.177999
Luxembourg,LUX,T_1100,2024,11.288088
Luxembourg,LUX,T_1200,1995,6.497336
Luxembourg,LUX,T_1200,1996,6.682831
Luxembourg,LUX,T_1200,1997,7.066283
Luxembourg,LUX,T_1200,1998,7.337575
Luxembourg,LUX,T_1200,1999,6.464802
Luxembourg,LUX,T_1200,2000,6.669828
Luxembourg,LUX,T_1200,2001,6.911986
Luxembourg,LUX,T_1200,2002,7.70069
Luxembourg,LUX,T_1200,2003,7.215268
Luxembourg,LUX,T_1200,2004,5.57354
Luxembourg,LUX,T_1200,2005,5.788235
Luxembourg,LUX,T_1200,2006,4.916691
Luxembourg,LUX,T_1200,2007,5.251872
Luxembourg,LUX,T_1200,2008,5.007047
Luxembourg,LUX,T_1200,2009,5.314038
Luxembourg,LUX,T_1200,2010,5.448973
Luxembourg,LUX,T_1200,2011,4.847137
Luxembourg,LUX,T_1200,2012,4.851816
Luxembourg,LUX,T_1200,2013,4.507198
Luxembourg,LUX,T_1200,2014,4.131612
Luxembourg,LUX,T_1200,2015,4.238986
Luxembourg,LUX,T_1200,2016,4.374669
Luxembourg,LUX,T_1200,2017,4.988097
Luxembourg,LUX,T_1200,2018,6.300588
Luxembourg,LUX,T_1200,2019,6.025983
Luxembourg,LUX,T_1200,2020,4.774816
Luxembourg,LUX,T_1200,2021,4.4871
Luxembourg,LUX,T_1200,2022,4.450782
Luxembourg,LUX,T_1200,2023,4.825856
Luxembourg,LUX,T_1200,2024,6.466579
Luxembourg,LUX,T_2000,1995,9.716761
Luxembourg,LUX,T_2000,1996,9.752074
Luxembourg,LUX,T_2000,1997,9.539578
Luxembourg,LUX,T_2000,1998,9.787808
Luxembourg,LUX,T_2000,1999,9.790771
Luxembourg,LUX,T_2000,2000,9.673699
Luxembourg,LUX,T_2000,2001,10.351511
Luxembourg,LUX,T_2000,2002,10.490148
Luxembourg,LUX,T_2000,2003,10.655195
Luxembourg,LUX,T_2000,2004,10.466116
Luxembourg,LUX,T_2000,2005,10.486198
Luxembourg,LUX,T_2000,2006,9.863162
Luxembourg,LUX,T_2000,2007,9.854747
Luxembourg,LUX,T_2000,2008,9.96177
Luxembourg,LUX,T_2000,2009,10.858373
Luxembourg,LUX,T_2000,2010,10.345766
Luxembourg,LUX,T_2000,2011,10.519919
Luxembourg,LUX,T_2000,2012,10.590867
Luxembourg,LUX,T_2000,2013,10.426597
Luxembourg,LUX,T_2000,2014,10.187709
Luxembourg,LUX,T_2000,2015,10.246201
Luxembourg,LUX,T_2000,2016,10.204075
Luxembourg,LUX,T_2000,2017,10.528973
Luxembourg,LUX,T_2000,2018,10.765472
Luxembourg,LUX,T_2000,2019,10.982017
Luxembourg,LUX,T_2000,2020,11.14949
Luxembourg,LUX,T_2000,2021,10.479512
Luxembourg,LUX,T_2000,2022,10.768982
Luxembourg,LUX,T_2000,2023,11.128304
Luxembourg,LUX,T_2000,2024,10.733843
Luxembourg,LUX,T_3000,1995,0
Luxembourg,LUX,T_3000,1996,0
Luxembourg,LUX,T_3000,1997,0
Luxembourg,LUX,T_3000,1998,0
Luxembourg,LUX,T_3000,1999,0
Luxembourg,LUX,T_3000,2000,0
Luxembourg,LUX,T_3000,2001,0
Luxembourg,LUX,T_3000,2002,0
Luxembourg,LUX,T_3000,2003,0
Luxembourg,LUX,T_3000,2004,0
Luxembourg,LUX,T_3000,2005,0
Luxembourg,LUX,T_3000,2006,0
Luxembourg,LUX,T_3000,2007,0
Luxembourg,LUX,T_3000,2008,0
Luxembourg,LUX,T_3000,2009,0
Luxembourg,LUX,T_3000,2010,0
Luxembourg,LUX,T_3000,2011,0
Luxembourg,LUX,T_3000,2012,0
Luxembourg,LUX,T_3000,2013,0
Luxembourg,LUX,T_3000,2014,0
Luxembourg,LUX,T_3000,2015,0
Luxembourg,LUX,T_3000,2016,0
Luxembourg,LUX,T_3000,2017,0
Luxembourg,LUX,T_3000,2018,0
Luxembourg,LUX,T_3000,2019,0
Luxembourg,LUX,T_3000,2020,0
Luxembourg,LUX,T_3000,2021,0
Luxembourg,LUX,T_3000,2022,0
Luxembourg,LUX,T_3000,2023,0
Luxembourg,LUX,T_3000,2024,0
Luxembourg,LUX,T_4000,1995,2.572769
Luxembourg,LUX,T_4000,1996,2.796159
Luxembourg,LUX,T_4000,1997,2.953347
Luxembourg,LUX,T_4000,1998,3.266742
Luxembourg,LUX,T_4000,1999,3.6535
Luxembourg,LUX,T_4000,2000,3.957204
Luxembourg,LUX,T_4000,2001,3.627297
Luxembourg,LUX,T_4000,2002,3.014532
Luxembourg,LUX,T_4000,2003,2.797173
Luxembourg,LUX,T_4000,2004,2.827017
Luxembourg,LUX,T_4000,2005,3.179649
Luxembourg,LUX,T_4000,2006,3.29757
Luxembourg,LUX,T_4000,2007,3.438142
Luxembourg,LUX,T_4000,2008,2.585283
Luxembourg,LUX,T_4000,2009,2.397485
Luxembourg,LUX,T_4000,2010,2.504953
Luxembourg,LUX,T_4000,2011,2.506145
Luxembourg,LUX,T_4000,2012,2.559682
Luxembourg,LUX,T_4000,2013,2.639888
Luxembourg,LUX,T_4000,2014,2.809599
Luxembourg,LUX,T_4000,2015,3.166861
Luxembourg,LUX,T_4000,2016,3.334436
Luxembourg,LUX,T_4000,2017,3.550677
Luxembourg,LUX,T_4000,2018,3.845238
Luxembourg,LUX,T_4000,2019,3.870211
Luxembourg,LUX,T_4000,2020,3.818053
Luxembourg,LUX,T_4000,2021,3.987514
Luxembourg,LUX,T_4000,2022,3.733577
Luxembourg,LUX,T_4000,2023,3.418948
Luxembourg,LUX,T_4000,2024,3.279779
Luxembourg,LUX,T_4100,1995,0.11448
Luxembourg,LUX,T_4100,1996,0.114001
Luxembourg,LUX,T_4100,1997,0.109606
Luxembourg,LUX,T_4100,1998,0.111881
Luxembourg,LUX,T_4100,1999,0.098123
Luxembourg,LUX,T_4100,2000,0.091378
Luxembourg,LUX,T_4100,2001,0.090601
Luxembourg,LUX,T_4100,2002,0.086833
Luxembourg,LUX,T_4100,2003,0.085322
Luxembourg,LUX,T_4100,2004,0.08595
Luxembourg,LUX,T_4100,2005,0.084496
Luxembourg,LUX,T_4100,2006,0.075325
Luxembourg,LUX,T_4100,2007,0.072169
Luxembourg,LUX,T_4100,2008,0.068973
Luxembourg,LUX,T_4100,2009,0.074038
Luxembourg,LUX,T_4100,2010,0.069272
Luxembourg,LUX,T_4100,2011,0.069458
Luxembourg,LUX,T_4100,2012,0.071484
Luxembourg,LUX,T_4100,2013,0.066728
Luxembourg,LUX,T_4100,2014,0.066042
Luxembourg,LUX,T_4100,2015,0.066404
Luxembourg,LUX,T_4100,2016,0.065205
Luxembourg,LUX,T_4100,2017,0.065088
Luxembourg,LUX,T_4100,2018,0.063158
Luxembourg,LUX,T_4100,2019,0.061015
Luxembourg,LUX,T_4100,2020,0.060503
Luxembourg,LUX,T_4100,2021,0.056225
Luxembourg,LUX,T_4100,2022,0.057773
Luxembourg,LUX,T_4100,2023,0.054943
Luxembourg,LUX,T_4100,2024,0.052841
Luxembourg,LUX,T_4200,1995,1.757709
Luxembourg,LUX,T_4200,1996,1.97722
Luxembourg,LUX,T_4200,1997,2.040027
Luxembourg,LUX,T_4200,1998,2.264836
Luxembourg,LUX,T_4200,1999,2.548809
Luxembourg,LUX,T_4200,2000,2.754456
Luxembourg,LUX,T_4200,2001,2.577725
Luxembourg,LUX,T_4200,2002,2.16611
Luxembourg,LUX,T_4200,2003,1.971839
Luxembourg,LUX,T_4200,2004,1.974332
Luxembourg,LUX,T_4200,2005,2.30364
Luxembourg,LUX,T_4200,2006,2.34284
Luxembourg,LUX,T_4200,2007,2.331194
Luxembourg,LUX,T_4200,2008,1.812401
Luxembourg,LUX,T_4200,2009,1.832806
Luxembourg,LUX,T_4200,2010,1.958792
Luxembourg,LUX,T_4200,2011,1.934913
Luxembourg,LUX,T_4200,2012,1.929808
Luxembourg,LUX,T_4200,2013,1.995169
Luxembourg,LUX,T_4200,2014,2.079727
Luxembourg,LUX,T_4200,2015,2.433462
Luxembourg,LUX,T_4200,2016,2.524918
Luxembourg,LUX,T_4200,2017,2.600834
Luxembourg,LUX,T_4200,2018,2.811761
Luxembourg,LUX,T_4200,2019,2.954119
Luxembourg,LUX,T_4200,2020,2.870928
Luxembourg,LUX,T_4200,2021,2.915453
Luxembourg,LUX,T_4200,2022,2.737713
Luxembourg,LUX,T_4200,2023,2.818849
Luxembourg,LUX,T_4200,2024,2.806811
Luxembourg,LUX,T_4300,1995,0.101114
Luxembourg,LUX,T_4300,1996,0.106302
Luxembourg,LUX,T_4300,1997,0.121931
Luxembourg,LUX,T_4300,1998,0.093291
Luxembourg,LUX,T_4300,1999,0.141547
Luxembourg,LUX,T_4300,2000,0.100164
Luxembourg,LUX,T_4300,2001,0.099385
Luxembourg,LUX,T_4300,2002,0.129527
Luxembourg,LUX,T_4300,2003,0.181872
Luxembourg,LUX,T_4300,2004,0.144308
Luxembourg,LUX,T_4300,2005,0.145287
Luxembourg,LUX,T_4300,2006,0.138901
Luxembourg,LUX,T_4300,2007,0.123665
Luxembourg,LUX,T_4300,2008,0.133281
Luxembourg,LUX,T_4300,2009,0.134018
Luxembourg,LUX,T_4300,2010,0.118301
Luxembourg,LUX,T_4300,2011,0.09798
Luxembourg,LUX,T_4300,2012,0.15282
Luxembourg,LUX,T_4300,2013,0.146262
Luxembourg,LUX,T_4300,2014,0.142222
Luxembourg,LUX,T_4300,2015,0.136877
Luxembourg,LUX,T_4300,2016,0.152837
Luxembourg,LUX,T_4300,2017,0.190435
Luxembourg,LUX,T_4300,2018,0.150455
Luxembourg,LUX,T_4300,2019,0.182941
Luxembourg,LUX,T_4300,2020,0.130978
Luxembourg,LUX,T_4300,2021,0.161889
Luxembourg,LUX,T_4300,2022,0.189547
Luxembourg,LUX,T_4300,2023,0.17178
Luxembourg,LUX,T_4300,2024,0.155811
Luxembourg,LUX,T_4400,1995,0.599467
Luxembourg,LUX,T_4400,1996,0.598635
Luxembourg,LUX,T_4400,1997,0.681783
Luxembourg,LUX,T_4400,1998,0.796734
Luxembourg,LUX,T_4400,1999,0.865021
Luxembourg,LUX,T_4400,2000,1.011205
Luxembourg,LUX,T_4400,2001,0.859587
Luxembourg,LUX,T_4400,2002,0.632062
Luxembourg,LUX,T_4400,2003,0.558139
Luxembourg,LUX,T_4400,2004,0.622426
Luxembourg,LUX,T_4400,2005,0.646226
Luxembourg,LUX,T_4400,2006,0.740504
Luxembourg,LUX,T_4400,2007,0.911114
Luxembourg,LUX,T_4400,2008,0.570628
Luxembourg,LUX,T_4400,2009,0.356624
Luxembourg,LUX,T_4400,2010,0.358588
Luxembourg,LUX,T_4400,2011,0.403794
Luxembourg,LUX,T_4400,2012,0.40557
Luxembourg,LUX,T_4400,2013,0.43173
Luxembourg,LUX,T_4400,2014,0.521608
Luxembourg,LUX,T_4400,2015,0.530118
Luxembourg,LUX,T_4400,2016,0.591477
Luxembourg,LUX,T_4400,2017,0.69432
Luxembourg,LUX,T_4400,2018,0.819863
Luxembourg,LUX,T_4400,2019,0.672136
Luxembourg,LUX,T_4400,2020,0.755643
Luxembourg,LUX,T_4400,2021,0.853946
Luxembourg,LUX,T_4400,2022,0.748544
Luxembourg,LUX,T_4400,2023,0.373376
Luxembourg,LUX,T_4400,2024,0.264315
Luxembourg,LUX,T_5000,1995,9.194737
Luxembourg,LUX,T_5000,1996,9.164726
Luxembourg,LUX,T_5000,1997,9.43872
Luxembourg,LUX,T_5000,1998,9.71323
Luxembourg,LUX,T_5000,1999,9.797363
Luxembourg,LUX,T_5000,2000,9.831672
Luxembourg,LUX,T_5000,2001,9.633687
Luxembourg,LUX,T_5000,2002,9.988919
Luxembourg,LUX,T_5000,2003,10.232422
Luxembourg,LUX,T_5000,2004,10.847512
Luxembourg,LUX,T_5000,2005,10.802325
Luxembourg,LUX,T_5000,2006,9.757369
Luxembourg,LUX,T_5000,2007,10.051622
Luxembourg,LUX,T_5000,2008,9.851003
Luxembourg,LUX,T_5000,2009,10.188724
Luxembourg,LUX,T_5000,2010,9.857635
Luxembourg,LUX,T_5000,2011,10.204315
Luxembourg,LUX,T_5000,2012,10.40264
Luxembourg,LUX,T_5000,2013,10.290432
Luxembourg,LUX,T_5000,2014,10.55853
Luxembourg,LUX,T_5000,2015,8.362943
Luxembourg,LUX,T_5000,2016,8.620055
Luxembourg,LUX,T_5000,2017,8.843173
Luxembourg,LUX,T_5000,2018,9.345443
Luxembourg,LUX,T_5000,2019,9.529136
Luxembourg,LUX,T_5000,2020,9.153642
Luxembourg,LUX,T_5000,2021,9.255333
Luxembourg,LUX,T_5000,2022,9.733325
Luxembourg,LUX,T_5000,2023,9.227114
Luxembourg,LUX,T_5000,2024,9.650672
Luxembourg,LUX,T_5111,1995,4.397462
Luxembourg,LUX,T_5111,1996,4.523449
Luxembourg,LUX,T_5111,1997,4.571035
Luxembourg,LUX,T_5111,1998,4.866748
Luxembourg,LUX,T_5111,1999,4.820497
Luxembourg,LUX,T_5111,2000,4.901783
Luxembourg,LUX,T_5111,2001,5.128507
Luxembourg,LUX,T_5111,2002,5.225317
Luxembourg,LUX,T_5111,2003,5.387497
Luxembourg,LUX,T_5111,2004,5.752175
Luxembourg,LUX,T_5111,2005,5.983288
Luxembourg,LUX,T_5111,2006,5.426326
Luxembourg,LUX,T_5111,2007,5.925658
Luxembourg,LUX,T_5111,2008,5.854029
Luxembourg,LUX,T_5111,2009,6.254477
Luxembourg,LUX,T_5111,2010,6.169985
Luxembourg,LUX,T_5111,2011,6.460246
Luxembourg,LUX,T_5111,2012,6.773121
Luxembourg,LUX,T_5111,2013,6.923508
Luxembourg,LUX,T_5111,2014,7.198241
Luxembourg,LUX,T_5111,2015,5.440508
Luxembourg,LUX,T_5111,2016,5.512869
Luxembourg,LUX,T_5111,2017,5.700779
Luxembourg,LUX,T_5111,2018,6.066617
Luxembourg,LUX,T_5111,2019,6.218104
Luxembourg,LUX,T_5111,2020,6.131821
Luxembourg,LUX,T_5111,2021,6.068076
Luxembourg,LUX,T_5111,2022,6.614157
Luxembourg,LUX,T_5111,2023,6.128557
Luxembourg,LUX,T_5111,2024,6.745121
Luxembourg,LUX,_T,1995,35.991667
Luxembourg,LUX,_T,1996,36.458875
Luxembourg,LUX,_T,1997,36.70521
Luxembourg,LUX,_T,1998,37.382474
Luxembourg,LUX,_T,1999,36.717284
Luxembourg,LUX,_T,2000,37.024545
Luxembourg,LUX,_T,2001,37.229363
Luxembourg,LUX,_T,2002,37.414597
Luxembourg,LUX,_T,2003,37.395162
Luxembourg,LUX,_T,2004,36.235175
Luxembourg,LUX,_T,2005,37.436419
Luxembourg,LUX,_T,2006,35.305488
Luxembourg,LUX,_T,2007,35.747135
Luxembourg,LUX,_T,2008,35.027811
Luxembourg,LUX,_T,2009,36.274815
Luxembourg,LUX,_T,2010,35.652184
Luxembourg,LUX,_T,2011,36.125826
Luxembourg,LUX,_T,2012,36.408024
Luxembourg,LUX,_T,2013,36.182517
Luxembourg,LUX,_T,2014,36.079573
Luxembourg,LUX,_T,2015,34.777059
Luxembourg,LUX,_T,2016,35.460983
Luxembourg,LUX,_T,2017,36.649124
Luxembourg,LUX,_T,2018,39.60622
Luxembourg,LUX,_T,2019,39.933839
Luxembourg,LUX,_T,2020,38.683126
Luxembourg,LUX,_T,2021,38.269224
Luxembourg,LUX,_T,2022,39.187825
Luxembourg,LUX,_T,2023,39.808539
Luxembourg,LUX,_T,2024,41.458699
Mexique,MEX,T_1100,2002,2.250567
Mexique,MEX,T_1100,2003,2.302767
Mexique,MEX,T_1100,2004,2.164033
Mexique,MEX,T_1100,2005,1.958765
Mexique,MEX,T_1100,2006,1.969844
Mexique,MEX,T_1100,2007,1.983426
Mexique,MEX,T_1100,2008,2.206646
Mexique,MEX,T_1100,2009,2.198032
Mexique,MEX,T_1100,2010,2.244198
Mexique,MEX,T_1100,2011,2.307936
Mexique,MEX,T_1100,2012,2.406064
Mexique,MEX,T_1100,2013,2.510445
Mexique,MEX,T_1100,2014,2.835033
Mexique,MEX,T_1100,2015,3.169152
Mexique,MEX,T_1100,2016,3.284314
Mexique,MEX,T_1100,2017,3.346212
Mexique,MEX,T_1100,2018,3.326497
Mexique,MEX,T_1100,2019,3.301912
Mexique,MEX,T_1100,2020,3.622728
Mexique,MEX,T_1100,2021,3.516756
Mexique,MEX,T_1100,2022,3.614863
Mexique,MEX,T_1100,2023,3.736194
Mexique,MEX,T_1100,2024,3.926045
Mexique,MEX,T_1200,2002,1.549385
Mexique,MEX,T_1200,2003,1.482201
Mexique,MEX,T_1200,2004,1.279415
Mexique,MEX,T_1200,2005,1.358458
Mexique,MEX,T_1200,2006,1.541684
Mexique,MEX,T_1200,2007,1.807876
Mexique,MEX,T_1200,2008,1.660078
Mexique,MEX,T_1200,2009,1.503518
Mexique,MEX,T_1200,2010,1.766483
Mexique,MEX,T_1200,2011,1.985637
Mexique,MEX,T_1200,2012,1.744559
Mexique,MEX,T_1200,2013,2.313314
Mexique,MEX,T_1200,2014,2.433155
Mexique,MEX,T_1200,2015,3.081049
Mexique,MEX,T_1200,2016,3.37652
Mexique,MEX,T_1200,2017,3.413144
Mexique,MEX,T_1200,2018,3.349649
Mexique,MEX,T_1200,2019,3.198984
Mexique,MEX,T_1200,2020,3.454677
Mexique,MEX,T_1200,2021,3.367426
Mexique,MEX,T_1200,2022,3.850906
Mexique,MEX,T_1200,2023,3.903337
Mexique,MEX,T_1200,2024,3.747891
Mexique,MEX,T_2000,1995,2.084538
Mexique,MEX,T_2000,1996,2.005348
Mexique,MEX,T_2000,1997,1.859067
Mexique,MEX,T_2000,1998,1.798275
Mexique,MEX,T_2000,1999,1.871259
Mexique,MEX,T_2000,2000,1.969941
Mexique,MEX,T_2000,2001,2.056827
Mexique,MEX,T_2000,2002,2.084469
Mexique,MEX,T_2000,2003,2.144088
Mexique,MEX,T_2000,2004,2.083144
Mexique,MEX,T_2000,2005,2.065598
Mexique,MEX,T_2000,2006,1.934106
Mexique,MEX,T_2000,2007,1.965067
Mexique,MEX,T_2000,2008,1.874906
Mexique,MEX,T_2000,2009,2.053188
Mexique,MEX,T_2000,2010,1.986369
Mexique,MEX,T_2000,2011,1.980967
Mexique,MEX,T_2000,2012,1.998456
Mexique,MEX,T_2000,2013,2.076163
Mexique,MEX,T_2000,2014,2.086121
Mexique,MEX,T_2000,2015,2.128333
Mexique,MEX,T_2000,2016,2.09549
Mexique,MEX,T_2000,2017,2.074968
Mexique,MEX,T_2000,2018,2.105694
Mexique,MEX,T_2000,2019,2.197524
Mexique,MEX,T_2000,2020,2.391432
Mexique,MEX,T_2000,2021,2.293648
Mexique,MEX,T_2000,2022,2.309495
Mexique,MEX,T_2000,2023,2.39051
Mexique,MEX,T_2000,2024,2.513317
Mexique,MEX,T_3000,1995,0.122193
Mexique,MEX,T_3000,1996,0.121675
Mexique,MEX,T_3000,1997,0.168496
Mexique,MEX,T_3000,1998,0.140279
Mexique,MEX,T_3000,1999,0.14947
Mexique,MEX,T_3000,2000,0.159866
Mexique,MEX,T_3000,2001,0.178742
Mexique,MEX,T_3000,2002,0.206295
Mexique,MEX,T_3000,2003,0.286022
Mexique,MEX,T_3000,2004,0.189735
Mexique,MEX,T_3000,2005,0.204613
Mexique,MEX,T_3000,2006,0.213186
Mexique,MEX,T_3000,2007,0.233017
Mexique,MEX,T_3000,2008,0.240748
Mexique,MEX,T_3000,2009,0.250724
Mexique,MEX,T_3000,2010,0.26425
Mexique,MEX,T_3000,2011,0.274945
Mexique,MEX,T_3000,2012,0.290598
Mexique,MEX,T_3000,2013,0.312859
Mexique,MEX,T_3000,2014,0.356789
Mexique,MEX,T_3000,2015,0.365192
Mexique,MEX,T_3000,2016,0.369779
Mexique,MEX,T_3000,2017,0.373173
Mexique,MEX,T_3000,2018,0.385923
Mexique,MEX,T_3000,2019,0.403173
Mexique,MEX,T_3000,2020,0.437819
Mexique,MEX,T_3000,2021,0.438029
Mexique,MEX,T_3000,2022,0.478252
Mexique,MEX,T_3000,2023,0.534563
Mexique,MEX,T_3000,2024,0.556596
Mexique,MEX,T_4000,1995,0.23066
Mexique,MEX,T_4000,1996,0.207572
Mexique,MEX,T_4000,1997,0.193345
Mexique,MEX,T_4000,1998,0.19174
Mexique,MEX,T_4000,1999,0.190523
Mexique,MEX,T_4000,2000,0.199016
Mexique,MEX,T_4000,2001,0.224871
Mexique,MEX,T_4000,2002,0.247629
Mexique,MEX,T_4000,2003,0.249247
Mexique,MEX,T_4000,2004,0.248137
Mexique,MEX,T_4000,2005,0.267971
Mexique,MEX,T_4000,2006,0.266101
Mexique,MEX,T_4000,2007,0.275271
Mexique,MEX,T_4000,2008,0.277284
Mexique,MEX,T_4000,2009,0.278323
Mexique,MEX,T_4000,2010,0.278885
Mexique,MEX,T_4000,2011,0.269748
Mexique,MEX,T_4000,2012,0.273371
Mexique,MEX,T_4000,2013,0.272725
Mexique,MEX,T_4000,2014,0.303118
Mexique,MEX,T_4000,2015,0.299935
Mexique,MEX,T_4000,2016,0.304802
Mexique,MEX,T_4000,2017,0.301008
Mexique,MEX,T_4000,2018,0.318943
Mexique,MEX,T_4000,2019,0.315511
Mexique,MEX,T_4000,2020,0.328965
Mexique,MEX,T_4000,2021,0.337975
Mexique,MEX,T_4000,2022,0.356573
Mexique,MEX,T_4000,2023,0.351501
Mexique,MEX,T_4000,2024,0.308654
Mexique,MEX,T_4100,1995,0.166039
Mexique,MEX,T_4100,1996,0.168597
Mexique,MEX,T_4100,1997,0.145335
Mexique,MEX,T_4100,1998,0.139142
Mexique,MEX,T_4100,1999,0.138549
Mexique,MEX,T_4100,2000,0.141772
Mexique,MEX,T_4100,2001,0.161328
Mexique,MEX,T_4100,2002,0.169568
Mexique,MEX,T_4100,2003,0.173157
Mexique,MEX,T_4100,2004,0.166871
Mexique,MEX,T_4100,2005,0.166421
Mexique,MEX,T_4100,2006,0.163298
Mexique,MEX,T_4100,2007,0.161247
Mexique,MEX,T_4100,2008,0.16549
Mexique,MEX,T_4100,2009,0.179323
Mexique,MEX,T_4100,2010,0.184161
Mexique,MEX,T_4100,2011,0.188154
Mexique,MEX,T_4100,2012,0.190837
Mexique,MEX,T_4100,2013,0.184842
Mexique,MEX,T_4100,2014,0.208138
Mexique,MEX,T_4100,2015,0.197419
Mexique,MEX,T_4100,2016,0.194407
Mexique,MEX,T_4100,2017,0.198259
Mexique,MEX,T_4100,2018,0.204514
Mexique,MEX,T_4100,2019,0.20118
Mexique,MEX,T_4100,2020,0.218907
Mexique,MEX,T_4100,2021,0.210371
Mexique,MEX,T_4100,2022,0.219894
Mexique,MEX,T_4100,2023,0.2204
Mexique,MEX,T_4100,2024,0.195471
Mexique,MEX,T_4200,1995,0
Mexique,MEX,T_4200,1996,0
Mexique,MEX,T_4200,1997,0
Mexique,MEX,T_4200,1998,0
Mexique,MEX,T_4200,1999,0
Mexique,MEX,T_4200,2000,0
Mexique,MEX,T_4200,2001,0
Mexique,MEX,T_4200,2002,0
Mexique,MEX,T_4200,2003,0
Mexique,MEX,T_4200,2004,0
Mexique,MEX,T_4200,2005,0
Mexique,MEX,T_4200,2006,0
Mexique,MEX,T_4200,2007,0
Mexique,MEX,T_4200,2008,0
Mexique,MEX,T_4200,2009,0
Mexique,MEX,T_4200,2010,0
Mexique,MEX,T_4200,2011,0
Mexique,MEX,T_4200,2012,0
Mexique,MEX,T_4200,2013,0
Mexique,MEX,T_4200,2014,0
Mexique,MEX,T_4200,2015,0
Mexique,MEX,T_4200,2016,0
Mexique,MEX,T_4200,2017,0
Mexique,MEX,T_4200,2018,0
Mexique,MEX,T_4200,2019,0
Mexique,MEX,T_4200,2020,0
Mexique,MEX,T_4200,2021,0
Mexique,MEX,T_4200,2022,0
Mexique,MEX,T_4200,2023,0
Mexique,MEX,T_4200,2024,0
Mexique,MEX,T_4300,1995,8.2E-05
Mexique,MEX,T_4300,1996,0.000122
Mexique,MEX,T_4300,1997,7.2E-05
Mexique,MEX,T_4300,1998,0
Mexique,MEX,T_4300,1999,0
Mexique,MEX,T_4300,2000,0
Mexique,MEX,T_4300,2001,0
Mexique,MEX,T_4300,2002,0
Mexique,MEX,T_4300,2003,0
Mexique,MEX,T_4300,2004,0
Mexique,MEX,T_4300,2005,0
Mexique,MEX,T_4300,2006,0
Mexique,MEX,T_4300,2007,0
Mexique,MEX,T_4300,2008,0
Mexique,MEX,T_4300,2009,0
Mexique,MEX,T_4300,2010,0
Mexique,MEX,T_4300,2011,0
Mexique,MEX,T_4300,2012,0
Mexique,MEX,T_4300,2013,0
Mexique,MEX,T_4300,2014,0
Mexique,MEX,T_4300,2015,0
Mexique,MEX,T_4300,2016,0
Mexique,MEX,T_4300,2017,0
Mexique,MEX,T_4300,2018,0
Mexique,MEX,T_4300,2019,0
Mexique,MEX,T_4300,2020,0
Mexique,MEX,T_4300,2021,0
Mexique,MEX,T_4300,2022,0
Mexique,MEX,T_4300,2023,0
Mexique,MEX,T_4300,2024,0
Mexique,MEX,T_4400,1995,0.064539
Mexique,MEX,T_4400,1996,0.038853
Mexique,MEX,T_4400,1997,0.047938
Mexique,MEX,T_4400,1998,0.052598
Mexique,MEX,T_4400,1999,0.051974
Mexique,MEX,T_4400,2000,0.057244
Mexique,MEX,T_4400,2001,0.063543
Mexique,MEX,T_4400,2002,0.078061
Mexique,MEX,T_4400,2003,0.07609
Mexique,MEX,T_4400,2004,0.081266
Mexique,MEX,T_4400,2005,0.10155
Mexique,MEX,T_4400,2006,0.102803
Mexique,MEX,T_4400,2007,0.114024
Mexique,MEX,T_4400,2008,0.111794
Mexique,MEX,T_4400,2009,0.099
Mexique,MEX,T_4400,2010,0.094725
Mexique,MEX,T_4400,2011,0.081594
Mexique,MEX,T_4400,2012,0.082533
Mexique,MEX,T_4400,2013,0.087883
Mexique,MEX,T_4400,2014,0.09498
Mexique,MEX,T_4400,2015,0.102516
Mexique,MEX,T_4400,2016,0.110394
Mexique,MEX,T_4400,2017,0.102749
Mexique,MEX,T_4400,2018,0.114429
Mexique,MEX,T_4400,2019,0.114331
Mexique,MEX,T_4400,2020,0.110058
Mexique,MEX,T_4400,2021,0.127604
Mexique,MEX,T_4400,2022,0.136678
Mexique,MEX,T_4400,2023,0.131102
Mexique,MEX,T_4400,2024,0.113183
Mexique,MEX,T_5000,1995,3.78935
Mexique,MEX,T_5000,1996,3.725821
Mexique,MEX,T_5000,1997,4.095911
Mexique,MEX,T_5000,1998,4.490896
Mexique,MEX,T_5000,1999,4.940094
Mexique,MEX,T_5000,2000,4.555089
Mexique,MEX,T_5000,2001,4.921814
Mexique,MEX,T_5000,2002,5.151854
Mexique,MEX,T_5000,2003,5.072808
Mexique,MEX,T_5000,2004,4.525702
Mexique,MEX,T_5000,2005,4.18962
Mexique,MEX,T_5000,2006,4.284429
Mexique,MEX,T_5000,2007,4.259572
Mexique,MEX,T_5000,2008,4.635699
Mexique,MEX,T_5000,2009,4.456205
Mexique,MEX,T_5000,2010,4.667157
Mexique,MEX,T_5000,2011,4.464104
Mexique,MEX,T_5000,2012,4.45957
Mexique,MEX,T_5000,2013,4.222076
Mexique,MEX,T_5000,2014,4.85263
Mexique,MEX,T_5000,2015,5.934749
Mexique,MEX,T_5000,2016,6.241466
Mexique,MEX,T_5000,2017,5.693276
Mexique,MEX,T_5000,2018,5.714842
Mexique,MEX,T_5000,2019,5.987832
Mexique,MEX,T_5000,2020,6.410808
Mexique,MEX,T_5000,2021,6.174316
Mexique,MEX,T_5000,2022,5.500754
Mexique,MEX,T_5000,2023,6.225329
Mexique,MEX,T_5000,2024,6.619683
Mexique,MEX,T_5111,1995,2.121995
Mexique,MEX,T_5111,1996,2.19569
Mexique,MEX,T_5111,1997,2.358095
Mexique,MEX,T_5111,1998,2.353648
Mexique,MEX,T_5111,1999,2.505122
Mexique,MEX,T_5111,2000,2.702247
Mexique,MEX,T_5111,2001,2.802273
Mexique,MEX,T_5111,2002,2.790604
Mexique,MEX,T_5111,2003,3.080482
Mexique,MEX,T_5111,2004,3.081863
Mexique,MEX,T_5111,2005,3.184448
Mexique,MEX,T_5111,2006,3.422411
Mexique,MEX,T_5111,2007,3.395209
Mexique,MEX,T_5111,2008,3.536949
Mexique,MEX,T_5111,2009,3.198614
Mexique,MEX,T_5111,2010,3.611855
Mexique,MEX,T_5111,2011,3.517993
Mexique,MEX,T_5111,2012,3.508882
Mexique,MEX,T_5111,2013,3.284144
Mexique,MEX,T_5111,2014,3.677902
Mexique,MEX,T_5111,2015,3.677919
Mexique,MEX,T_5111,2016,3.813807
Mexique,MEX,T_5111,2017,3.621053
Mexique,MEX,T_5111,2018,3.814579
Mexique,MEX,T_5111,2019,3.715203
Mexique,MEX,T_5111,2020,4.099865
Mexique,MEX,T_5111,2021,4.210181
Mexique,MEX,T_5111,2022,4.139452
Mexique,MEX,T_5111,2023,4.289933
Mexique,MEX,T_5111,2024,4.151647
Mexique,MEX,_T,1995,9.575423
Mexique,MEX,_T,1996,9.426176
Mexique,MEX,_T,1997,10.037789
Mexique,MEX,_T,1998,10.354366
Mexique,MEX,_T,1999,11.152072
Mexique,MEX,_T,2000,10.934289
Mexique,MEX,_T,2001,11.591207
Mexique,MEX,_T,2002,12.009856
Mexique,MEX,_T,2003,12.071277
Mexique,MEX,_T,2004,11.033848
Mexique,MEX,_T,2005,10.865259
Mexique,MEX,_T,2006,11.077766
Mexique,MEX,_T,2007,11.472824
Mexique,MEX,_T,2008,12.040025
Mexique,MEX,_T,2009,11.893907
Mexique,MEX,_T,2010,12.286831
Mexique,MEX,_T,2011,12.262839
Mexique,MEX,_T,2012,12.104848
Mexique,MEX,_T,2013,12.772797
Mexique,MEX,_T,2014,13.200604
Mexique,MEX,_T,2015,15.359818
Mexique,MEX,_T,2016,16.105532
Mexique,MEX,_T,2017,15.650512
Mexique,MEX,_T,2018,15.708894
Mexique,MEX,_T,2019,15.905111
Mexique,MEX,_T,2020,17.223983
Mexique,MEX,_T,2021,16.681731
Mexique,MEX,_T,2022,16.764848
Mexique,MEX,_T,2023,17.730527
Mexique,MEX,_T,2024,18.280109
Moyenne OCDE,OECD_REP,T_1100,1995,8.333956
Moyenne OCDE,OECD_REP,T_1100,1996,8.344437
Moyenne OCDE,OECD_REP,T_1100,1997,8.376129
Moyenne OCDE,OECD_REP,T_1100,1998,8.539579
Moyenne OCDE,OECD_REP,T_1100,1999,8.517689
Moyenne OCDE,OECD_REP,T_1100,2000,8.471337
Moyenne OCDE,OECD_REP,T_1100,2001,8.455337
Moyenne OCDE,OECD_REP,T_1100,2002,8.005182
Moyenne OCDE,OECD_REP,T_1100,2003,7.658897
Moyenne OCDE,OECD_REP,T_1100,2004,7.559925
Moyenne OCDE,OECD_REP,T_1100,2005,7.624216
Moyenne OCDE,OECD_REP,T_1100,2006,7.645434
Moyenne OCDE,OECD_REP,T_1100,2007,7.77235
Moyenne OCDE,OECD_REP,T_1100,2008,7.711231
Moyenne OCDE,OECD_REP,T_1100,2009,7.447726
Moyenne OCDE,OECD_REP,T_1100,2010,7.224446
Moyenne OCDE,OECD_REP,T_1100,2011,7.303852
Moyenne OCDE,OECD_REP,T_1100,2012,7.517809
Moyenne OCDE,OECD_REP,T_1100,2013,7.658451
Moyenne OCDE,OECD_REP,T_1100,2014,7.775421
Moyenne OCDE,OECD_REP,T_1100,2015,7.838057
Moyenne OCDE,OECD_REP,T_1100,2016,7.783193
Moyenne OCDE,OECD_REP,T_1100,2017,7.858481
Moyenne OCDE,OECD_REP,T_1100,2018,7.906804
Moyenne OCDE,OECD_REP,T_1100,2019,8.018804
Moyenne OCDE,OECD_REP,T_1100,2020,8.278847
Moyenne OCDE,OECD_REP,T_1100,2021,8.262626
Moyenne OCDE,OECD_REP,T_1100,2022,8.148719
Moyenne OCDE,OECD_REP,T_1100,2023,8.22191
Moyenne OCDE,OECD_REP,T_1200,1995,2.574828
Moyenne OCDE,OECD_REP,T_1200,1996,2.59053
Moyenne OCDE,OECD_REP,T_1200,1997,2.775226
Moyenne OCDE,OECD_REP,T_1200,1998,2.764086
Moyenne OCDE,OECD_REP,T_1200,1999,2.761563
Moyenne OCDE,OECD_REP,T_1200,2000,3.126255
Moyenne OCDE,OECD_REP,T_1200,2001,2.885785
Moyenne OCDE,OECD_REP,T_1200,2002,2.811428
Moyenne OCDE,OECD_REP,T_1200,2003,2.776541
Moyenne OCDE,OECD_REP,T_1200,2004,2.962692
Moyenne OCDE,OECD_REP,T_1200,2005,3.293654
Moyenne OCDE,OECD_REP,T_1200,2006,3.522404
Moyenne OCDE,OECD_REP,T_1200,2007,3.550048
Moyenne OCDE,OECD_REP,T_1200,2008,3.253492
Moyenne OCDE,OECD_REP,T_1200,2009,2.664129
Moyenne OCDE,OECD_REP,T_1200,2010,2.653837
Moyenne OCDE,OECD_REP,T_1200,2011,2.773031
Moyenne OCDE,OECD_REP,T_1200,2012,2.804491
Moyenne OCDE,OECD_REP,T_1200,2013,2.800043
Moyenne OCDE,OECD_REP,T_1200,2014,2.760634
Moyenne OCDE,OECD_REP,T_1200,2015,2.773247
Moyenne OCDE,OECD_REP,T_1200,2016,2.872499
Moyenne OCDE,OECD_REP,T_1200,2017,2.974217
Moyenne OCDE,OECD_REP,T_1200,2018,3.086328
Moyenne OCDE,OECD_REP,T_1200,2019,2.949794
Moyenne OCDE,OECD_REP,T_1200,2020,2.759824
Moyenne OCDE,OECD_REP,T_1200,2021,3.286038
Moyenne OCDE,OECD_REP,T_1200,2022,3.865851
Moyenne OCDE,OECD_REP,T_1200,2023,3.754783
Moyenne OCDE,OECD_REP,T_2000,1995,8.507972
Moyenne OCDE,OECD_REP,T_2000,1996,8.534616
Moyenne OCDE,OECD_REP,T_2000,1997,8.496549
Moyenne OCDE,OECD_REP,T_2000,1998,8.398368
Moyenne OCDE,OECD_REP,T_2000,1999,8.443443
Moyenne OCDE,OECD_REP,T_2000,2000,8.380279
Moyenne OCDE,OECD_REP,T_2000,2001,8.443697
Moyenne OCDE,OECD_REP,T_2000,2002,8.485052
Moyenne OCDE,OECD_REP,T_2000,2003,8.462764
Moyenne OCDE,OECD_REP,T_2000,2004,8.342819
Moyenne OCDE,OECD_REP,T_2000,2005,8.286624
Moyenne OCDE,OECD_REP,T_2000,2006,8.216461
Moyenne OCDE,OECD_REP,T_2000,2007,8.217256
Moyenne OCDE,OECD_REP,T_2000,2008,8.341195
Moyenne OCDE,OECD_REP,T_2000,2009,8.654304
Moyenne OCDE,OECD_REP,T_2000,2010,8.587575
Moyenne OCDE,OECD_REP,T_2000,2011,8.615121
Moyenne OCDE,OECD_REP,T_2000,2012,8.722545
Moyenne OCDE,OECD_REP,T_2000,2013,8.791423
Moyenne OCDE,OECD_REP,T_2000,2014,8.768101
Moyenne OCDE,OECD_REP,T_2000,2015,8.771657
Moyenne OCDE,OECD_REP,T_2000,2016,8.883309
Moyenne OCDE,OECD_REP,T_2000,2017,8.836559
Moyenne OCDE,OECD_REP,T_2000,2018,8.913945
Moyenne OCDE,OECD_REP,T_2000,2019,8.887585
Moyenne OCDE,OECD_REP,T_2000,2020,9.135601
Moyenne OCDE,OECD_REP,T_2000,2021,8.943799
Moyenne OCDE,OECD_REP,T_2000,2022,8.697176
Moyenne OCDE,OECD_REP,T_2000,2023,8.829121
Moyenne OCDE,OECD_REP,T_3000,1995,0.326104
Moyenne OCDE,OECD_REP,T_3000,1996,0.341347
Moyenne OCDE,OECD_REP,T_3000,1997,0.389831
Moyenne OCDE,OECD_REP,T_3000,1998,0.395836
Moyenne OCDE,OECD_REP,T_3000,1999,0.431956
Moyenne OCDE,OECD_REP,T_3000,2000,0.387821
Moyenne OCDE,OECD_REP,T_3000,2001,0.391945
Moyenne OCDE,OECD_REP,T_3000,2002,0.37361
Moyenne OCDE,OECD_REP,T_3000,2003,0.383306
Moyenne OCDE,OECD_REP,T_3000,2004,0.37878
Moyenne OCDE,OECD_REP,T_3000,2005,0.380283
Moyenne OCDE,OECD_REP,T_3000,2006,0.374742
Moyenne OCDE,OECD_REP,T_3000,2007,0.373155
Moyenne OCDE,OECD_REP,T_3000,2008,0.394427
Moyenne OCDE,OECD_REP,T_3000,2009,0.387449
Moyenne OCDE,OECD_REP,T_3000,2010,0.37171
Moyenne OCDE,OECD_REP,T_3000,2011,0.405796
Moyenne OCDE,OECD_REP,T_3000,2012,0.420957
Moyenne OCDE,OECD_REP,T_3000,2013,0.432844
Moyenne OCDE,OECD_REP,T_3000,2014,0.428855
Moyenne OCDE,OECD_REP,T_3000,2015,0.428517
Moyenne OCDE,OECD_REP,T_3000,2016,0.429026
Moyenne OCDE,OECD_REP,T_3000,2017,0.444309
Moyenne OCDE,OECD_REP,T_3000,2018,0.447383
Moyenne OCDE,OECD_REP,T_3000,2019,0.465171
Moyenne OCDE,OECD_REP,T_3000,2020,0.464502
Moyenne OCDE,OECD_REP,T_3000,2021,0.468169
Moyenne OCDE,OECD_REP,T_3000,2022,0.457833
Moyenne OCDE,OECD_REP,T_3000,2023,0.464763
Moyenne OCDE,OECD_REP,T_4000,1995,1.545804
Moyenne OCDE,OECD_REP,T_4000,1996,1.582848
Moyenne OCDE,OECD_REP,T_4000,1997,1.615203
Moyenne OCDE,OECD_REP,T_4000,1998,1.632432
Moyenne OCDE,OECD_REP,T_4000,1999,1.699752
Moyenne OCDE,OECD_REP,T_4000,2000,1.698824
Moyenne OCDE,OECD_REP,T_4000,2001,1.653979
Moyenne OCDE,OECD_REP,T_4000,2002,1.661533
Moyenne OCDE,OECD_REP,T_4000,2003,1.680545
Moyenne OCDE,OECD_REP,T_4000,2004,1.677162
Moyenne OCDE,OECD_REP,T_4000,2005,1.725886
Moyenne OCDE,OECD_REP,T_4000,2006,1.768662
Moyenne OCDE,OECD_REP,T_4000,2007,1.751356
Moyenne OCDE,OECD_REP,T_4000,2008,1.648473
Moyenne OCDE,OECD_REP,T_4000,2009,1.636195
Moyenne OCDE,OECD_REP,T_4000,2010,1.639718
Moyenne OCDE,OECD_REP,T_4000,2011,1.676418
Moyenne OCDE,OECD_REP,T_4000,2012,1.703483
Moyenne OCDE,OECD_REP,T_4000,2013,1.766885
Moyenne OCDE,OECD_REP,T_4000,2014,1.801611
Moyenne OCDE,OECD_REP,T_4000,2015,1.827127
Moyenne OCDE,OECD_REP,T_4000,2016,2.234644
Moyenne OCDE,OECD_REP,T_4000,2017,1.865855
Moyenne OCDE,OECD_REP,T_4000,2018,1.806782
Moyenne OCDE,OECD_REP,T_4000,2019,1.805867
Moyenne OCDE,OECD_REP,T_4000,2020,1.84908
Moyenne OCDE,OECD_REP,T_4000,2021,1.886735
Moyenne OCDE,OECD_REP,T_4000,2022,1.77675
Moyenne OCDE,OECD_REP,T_4000,2023,1.684712
Moyenne OCDE,OECD_REP,T_4100,1995,0.822749
Moyenne OCDE,OECD_REP,T_4100,1996,0.844051
Moyenne OCDE,OECD_REP,T_4100,1997,0.848813
Moyenne OCDE,OECD_REP,T_4100,1998,0.868654
Moyenne OCDE,OECD_REP,T_4100,1999,0.862557
Moyenne OCDE,OECD_REP,T_4100,2000,0.845136
Moyenne OCDE,OECD_REP,T_4100,2001,0.85268
Moyenne OCDE,OECD_REP,T_4100,2002,0.859281
Moyenne OCDE,OECD_REP,T_4100,2003,0.866144
Moyenne OCDE,OECD_REP,T_4100,2004,0.865801
Moyenne OCDE,OECD_REP,T_4100,2005,0.892733
Moyenne OCDE,OECD_REP,T_4100,2006,0.899532
Moyenne OCDE,OECD_REP,T_4100,2007,0.894621
Moyenne OCDE,OECD_REP,T_4100,2008,0.902425
Moyenne OCDE,OECD_REP,T_4100,2009,0.954307
Moyenne OCDE,OECD_REP,T_4100,2010,0.955329
Moyenne OCDE,OECD_REP,T_4100,2011,0.976537
Moyenne OCDE,OECD_REP,T_4100,2012,1.016046
Moyenne OCDE,OECD_REP,T_4100,2013,1.032181
Moyenne OCDE,OECD_REP,T_4100,2014,1.060078
Moyenne OCDE,OECD_REP,T_4100,2015,1.063174
Moyenne OCDE,OECD_REP,T_4100,2016,1.065499
Moyenne OCDE,OECD_REP,T_4100,2017,1.055368
Moyenne OCDE,OECD_REP,T_4100,2018,1.041799
Moyenne OCDE,OECD_REP,T_4100,2019,1.035663
Moyenne OCDE,OECD_REP,T_4100,2020,1.055944
Moyenne OCDE,OECD_REP,T_4100,2021,1.007734
Moyenne OCDE,OECD_REP,T_4100,2022,0.956041
Moyenne OCDE,OECD_REP,T_4100,2023,0.947684
Moyenne OCDE,OECD_REP,T_4200,1995,0.171047
Moyenne OCDE,OECD_REP,T_4200,1996,0.178577
Moyenne OCDE,OECD_REP,T_4200,1997,0.174064
Moyenne OCDE,OECD_REP,T_4200,1998,0.17283
Moyenne OCDE,OECD_REP,T_4200,1999,0.181121
Moyenne OCDE,OECD_REP,T_4200,2000,0.186017
Moyenne OCDE,OECD_REP,T_4200,2001,0.174632
Moyenne OCDE,OECD_REP,T_4200,2002,0.171595
Moyenne OCDE,OECD_REP,T_4200,2003,0.153258
Moyenne OCDE,OECD_REP,T_4200,2004,0.147367
Moyenne OCDE,OECD_REP,T_4200,2005,0.152751
Moyenne OCDE,OECD_REP,T_4200,2006,0.144168
Moyenne OCDE,OECD_REP,T_4200,2007,0.14501
Moyenne OCDE,OECD_REP,T_4200,2008,0.138493
Moyenne OCDE,OECD_REP,T_4200,2009,0.139764
Moyenne OCDE,OECD_REP,T_4200,2010,0.152794
Moyenne OCDE,OECD_REP,T_4200,2011,0.174771
Moyenne OCDE,OECD_REP,T_4200,2012,0.173529
Moyenne OCDE,OECD_REP,T_4200,2013,0.175973
Moyenne OCDE,OECD_REP,T_4200,2014,0.178601
Moyenne OCDE,OECD_REP,T_4200,2015,0.170656
Moyenne OCDE,OECD_REP,T_4200,2016,0.166667
Moyenne OCDE,OECD_REP,T_4200,2017,0.165738
Moyenne OCDE,OECD_REP,T_4200,2018,0.155631
Moyenne OCDE,OECD_REP,T_4200,2019,0.162307
Moyenne OCDE,OECD_REP,T_4200,2020,0.168826
Moyenne OCDE,OECD_REP,T_4200,2021,0.160973
Moyenne OCDE,OECD_REP,T_4200,2022,0.153349
Moyenne OCDE,OECD_REP,T_4200,2023,0.159357
Moyenne OCDE,OECD_REP,T_4300,1995,0.108955
Moyenne OCDE,OECD_REP,T_4300,1996,0.110723
Moyenne OCDE,OECD_REP,T_4300,1997,0.112329
Moyenne OCDE,OECD_REP,T_4300,1998,0.112885
Moyenne OCDE,OECD_REP,T_4300,1999,0.121079
Moyenne OCDE,OECD_REP,T_4300,2000,0.120996
Moyenne OCDE,OECD_REP,T_4300,2001,0.114816
Moyenne OCDE,OECD_REP,T_4300,2002,0.11381
Moyenne OCDE,OECD_REP,T_4300,2003,0.109263
Moyenne OCDE,OECD_REP,T_4300,2004,0.113283
Moyenne OCDE,OECD_REP,T_4300,2005,0.113636
Moyenne OCDE,OECD_REP,T_4300,2006,0.112139
Moyenne OCDE,OECD_REP,T_4300,2007,0.113391
Moyenne OCDE,OECD_REP,T_4300,2008,0.111408
Moyenne OCDE,OECD_REP,T_4300,2009,0.107526
Moyenne OCDE,OECD_REP,T_4300,2010,0.099786
Moyenne OCDE,OECD_REP,T_4300,2011,0.099397
Moyenne OCDE,OECD_REP,T_4300,2012,0.106302
Moyenne OCDE,OECD_REP,T_4300,2013,0.112618
Moyenne OCDE,OECD_REP,T_4300,2014,0.109613
Moyenne OCDE,OECD_REP,T_4300,2015,0.116712
Moyenne OCDE,OECD_REP,T_4300,2016,0.115504
Moyenne OCDE,OECD_REP,T_4300,2017,0.126679
Moyenne OCDE,OECD_REP,T_4300,2018,0.120905
Moyenne OCDE,OECD_REP,T_4300,2019,0.123997
Moyenne OCDE,OECD_REP,T_4300,2020,0.132711
Moyenne OCDE,OECD_REP,T_4300,2021,0.147852
Moyenne OCDE,OECD_REP,T_4300,2022,0.145931
Moyenne OCDE,OECD_REP,T_4300,2023,0.146779
Moyenne OCDE,OECD_REP,T_4400,1995,0.393447
Moyenne OCDE,OECD_REP,T_4400,1996,0.407575
Moyenne OCDE,OECD_REP,T_4400,1997,0.43548
Moyenne OCDE,OECD_REP,T_4400,1998,0.43079
Moyenne OCDE,OECD_REP,T_4400,1999,0.486245
Moyenne OCDE,OECD_REP,T_4400,2000,0.500522
Moyenne OCDE,OECD_REP,T_4400,2001,0.471001
Moyenne OCDE,OECD_REP,T_4400,2002,0.469973
Moyenne OCDE,OECD_REP,T_4400,2003,0.479372
Moyenne OCDE,OECD_REP,T_4400,2004,0.490452
Moyenne OCDE,OECD_REP,T_4400,2005,0.520955
Moyenne OCDE,OECD_REP,T_4400,2006,0.567455
Moyenne OCDE,OECD_REP,T_4400,2007,0.552574
Moyenne OCDE,OECD_REP,T_4400,2008,0.445649
Moyenne OCDE,OECD_REP,T_4400,2009,0.374704
Moyenne OCDE,OECD_REP,T_4400,2010,0.372709
Moyenne OCDE,OECD_REP,T_4400,2011,0.366383
Moyenne OCDE,OECD_REP,T_4400,2012,0.352878
Moyenne OCDE,OECD_REP,T_4400,2013,0.36502
Moyenne OCDE,OECD_REP,T_4400,2014,0.391356
Moyenne OCDE,OECD_REP,T_4400,2015,0.415006
Moyenne OCDE,OECD_REP,T_4400,2016,0.425749
Moyenne OCDE,OECD_REP,T_4400,2017,0.429458
Moyenne OCDE,OECD_REP,T_4400,2018,0.430752
Moyenne OCDE,OECD_REP,T_4400,2019,0.426659
Moyenne OCDE,OECD_REP,T_4400,2020,0.438933
Moyenne OCDE,OECD_REP,T_4400,2021,0.502446
Moyenne OCDE,OECD_REP,T_4400,2022,0.452793
Moyenne OCDE,OECD_REP,T_4400,2023,0.374154
Moyenne OCDE,OECD_REP,T_5000,1995,10.757198
Moyenne OCDE,OECD_REP,T_5000,1996,10.827555
Moyenne OCDE,OECD_REP,T_5000,1997,10.832506
Moyenne OCDE,OECD_REP,T_5000,1998,10.875474
Moyenne OCDE,OECD_REP,T_5000,1999,10.97711
Moyenne OCDE,OECD_REP,T_5000,2000,10.803769
Moyenne OCDE,OECD_REP,T_5000,2001,10.599689
Moyenne OCDE,OECD_REP,T_5000,2002,10.704903
Moyenne OCDE,OECD_REP,T_5000,2003,10.742832
Moyenne OCDE,OECD_REP,T_5000,2004,10.742927
Moyenne OCDE,OECD_REP,T_5000,2005,10.80759
Moyenne OCDE,OECD_REP,T_5000,2006,10.699133
Moyenne OCDE,OECD_REP,T_5000,2007,10.657333
Moyenne OCDE,OECD_REP,T_5000,2008,10.369129
Moyenne OCDE,OECD_REP,T_5000,2009,10.272637
Moyenne OCDE,OECD_REP,T_5000,2010,10.557134
Moyenne OCDE,OECD_REP,T_5000,2011,10.656987
Moyenne OCDE,OECD_REP,T_5000,2012,10.739041
Moyenne OCDE,OECD_REP,T_5000,2013,10.765244
Moyenne OCDE,OECD_REP,T_5000,2014,10.827067
Moyenne OCDE,OECD_REP,T_5000,2015,10.842209
Moyenne OCDE,OECD_REP,T_5000,2016,10.948208
Moyenne OCDE,OECD_REP,T_5000,2017,10.909367
Moyenne OCDE,OECD_REP,T_5000,2018,10.857679
Moyenne OCDE,OECD_REP,T_5000,2019,10.780899
Moyenne OCDE,OECD_REP,T_5000,2020,10.610138
Moyenne OCDE,OECD_REP,T_5000,2021,10.707741
Moyenne OCDE,OECD_REP,T_5000,2022,10.580128
Moyenne OCDE,OECD_REP,T_5000,2023,10.380275
Moyenne OCDE,OECD_REP,T_5111,1995,5.701047
Moyenne OCDE,OECD_REP,T_5111,1996,5.787756
Moyenne OCDE,OECD_REP,T_5111,1997,5.892951
Moyenne OCDE,OECD_REP,T_5111,1998,5.882983
Moyenne OCDE,OECD_REP,T_5111,1999,6.093387
Moyenne OCDE,OECD_REP,T_5111,2000,6.296424
Moyenne OCDE,OECD_REP,T_5111,2001,6.220977
Moyenne OCDE,OECD_REP,T_5111,2002,6.301769
Moyenne OCDE,OECD_REP,T_5111,2003,6.327844
Moyenne OCDE,OECD_REP,T_5111,2004,6.35368
Moyenne OCDE,OECD_REP,T_5111,2005,6.46589
Moyenne OCDE,OECD_REP,T_5111,2006,6.488741
Moyenne OCDE,OECD_REP,T_5111,2007,6.460628
Moyenne OCDE,OECD_REP,T_5111,2008,6.323965
Moyenne OCDE,OECD_REP,T_5111,2009,6.121154
Moyenne OCDE,OECD_REP,T_5111,2010,6.343236
Moyenne OCDE,OECD_REP,T_5111,2011,6.423406
Moyenne OCDE,OECD_REP,T_5111,2012,6.445286
Moyenne OCDE,OECD_REP,T_5111,2013,6.452803
Moyenne OCDE,OECD_REP,T_5111,2014,6.560567
Moyenne OCDE,OECD_REP,T_5111,2015,6.545724
Moyenne OCDE,OECD_REP,T_5111,2016,6.603259
Moyenne OCDE,OECD_REP,T_5111,2017,6.670153
Moyenne OCDE,OECD_REP,T_5111,2018,6.719473
Moyenne OCDE,OECD_REP,T_5111,2019,6.699794
Moyenne OCDE,OECD_REP,T_5111,2020,6.656318
Moyenne OCDE,OECD_REP,T_5111,2021,6.921091
Moyenne OCDE,OECD_REP,T_5111,2022,6.972569
Moyenne OCDE,OECD_REP,T_5111,2023,6.827893
Moyenne OCDE,OECD_REP,_T,1995,32.110532
Moyenne OCDE,OECD_REP,_T,1996,32.319521
Moyenne OCDE,OECD_REP,_T,1997,32.577931
Moyenne OCDE,OECD_REP,_T,1998,32.731036
Moyenne OCDE,OECD_REP,_T,1999,32.973538
Moyenne OCDE,OECD_REP,_T,2000,32.920684
Moyenne OCDE,OECD_REP,_T,2001,32.455404
Moyenne OCDE,OECD_REP,_T,2002,32.279679
Moyenne OCDE,OECD_REP,_T,2003,32.165955
Moyenne OCDE,OECD_REP,_T,2004,32.166361
Moyenne OCDE,OECD_REP,_T,2005,32.637446
Moyenne OCDE,OECD_REP,_T,2006,32.765959
Moyenne OCDE,OECD_REP,_T,2007,32.859204
Moyenne OCDE,OECD_REP,_T,2008,32.245178
Moyenne OCDE,OECD_REP,_T,2009,31.4849
Moyenne OCDE,OECD_REP,_T,2010,31.521879
Moyenne OCDE,OECD_REP,_T,2011,31.896536
Moyenne OCDE,OECD_REP,_T,2012,32.361806
Moyenne OCDE,OECD_REP,_T,2013,32.644055
Moyenne OCDE,OECD_REP,_T,2014,32.857738
Moyenne OCDE,OECD_REP,_T,2015,32.922138
Moyenne OCDE,OECD_REP,_T,2016,33.557727
Moyenne OCDE,OECD_REP,_T,2017,33.316045
Moyenne OCDE,OECD_REP,_T,2018,33.419623
Moyenne OCDE,OECD_REP,_T,2019,33.349741
Moyenne OCDE,OECD_REP,_T,2020,33.464218
Moyenne OCDE,OECD_REP,_T,2021,34.022313
Moyenne OCDE,OECD_REP,_T,2022,33.964269
Moyenne OCDE,OECD_REP,_T,2023,33.731464
Moyenne OCDE,OECD_REP,_T,2024,34.062721
Norvège,NOR,T_1100,1995,10.366427
Norvège,NOR,T_1100,1996,10.295902
Norvège,NOR,T_1100,1997,10.455254
Norvège,NOR,T_1100,1998,11.29775
Norvège,NOR,T_1100,1999,11.128395
Norvège,NOR,T_1100,2000,10.116875
Norvège,NOR,T_1100,2001,10.270133
Norvège,NOR,T_1100,2002,10.528052
Norvège,NOR,T_1100,2003,10.384984
Norvège,NOR,T_1100,2004,10.066869
Norvège,NOR,T_1100,2005,9.507335
Norvège,NOR,T_1100,2006,8.922
Norvège,NOR,T_1100,2007,9.387613
Norvège,NOR,T_1100,2008,8.951599
Norvège,NOR,T_1100,2009,9.923016
Norvège,NOR,T_1100,2010,9.872604
Norvège,NOR,T_1100,2011,9.678785
Norvège,NOR,T_1100,2012,9.73101
Norvège,NOR,T_1100,2013,9.913812
Norvège,NOR,T_1100,2014,9.882104
Norvège,NOR,T_1100,2015,10.738222
Norvège,NOR,T_1100,2016,10.755913
Norvège,NOR,T_1100,2017,10.300433
Norvège,NOR,T_1100,2018,10.027062
Norvège,NOR,T_1100,2019,10.420477
Norvège,NOR,T_1100,2020,11.332125
Norvège,NOR,T_1100,2021,10.625031
Norvège,NOR,T_1100,2022,8.105053
Norvège,NOR,T_1100,2023,9.594596
Norvège,NOR,T_1100,2024,9.995101
Norvège,NOR,T_1200,1995,3.68971
Norvège,NOR,T_1200,1996,4.208228
Norvège,NOR,T_1200,1997,4.973803
Norvège,NOR,T_1200,1998,4.050931
Norvège,NOR,T_1200,1999,4.495118
Norvège,NOR,T_1200,2000,8.758412
Norvège,NOR,T_1200,2001,8.70526
Norvège,NOR,T_1200,2002,8.005971
Norvège,NOR,T_1200,2003,7.892395
Norvège,NOR,T_1200,2004,9.665275
Norvège,NOR,T_1200,2005,11.484414
Norvège,NOR,T_1200,2006,12.539873
Norvège,NOR,T_1200,2007,10.793018
Norvège,NOR,T_1200,2008,11.922918
Norvège,NOR,T_1200,2009,8.928185
Norvège,NOR,T_1200,2010,9.814417
Norvège,NOR,T_1200,2011,10.698954
Norvège,NOR,T_1200,2012,10.266898
Norvège,NOR,T_1200,2013,8.211472
Norvège,NOR,T_1200,2014,6.59196
Norvège,NOR,T_1200,2015,4.478173
Norvège,NOR,T_1200,2016,4.024249
Norvège,NOR,T_1200,2017,4.833404
Norvège,NOR,T_1200,2018,6.418336
Norvège,NOR,T_1200,2019,5.945003
Norvège,NOR,T_1200,2020,2.788066
Norvège,NOR,T_1200,2021,9.756446
Norvège,NOR,T_1200,2022,18.284256
Norvège,NOR,T_1200,2023,11.999783
Norvège,NOR,T_1200,2024,9.767221
Norvège,NOR,T_2000,1995,9.40426
Norvège,NOR,T_2000,1996,9.201344
Norvège,NOR,T_2000,1997,9.117791
Norvège,NOR,T_2000,1998,9.690783
Norvège,NOR,T_2000,1999,9.837319
Norvège,NOR,T_2000,2000,8.758015
Norvège,NOR,T_2000,2001,9.043102
Norvège,NOR,T_2000,2002,9.660102
Norvège,NOR,T_2000,2003,9.574994
Norvège,NOR,T_2000,2004,9.15871
Norvège,NOR,T_2000,2005,8.670395
Norvège,NOR,T_2000,2006,8.471862
Norvège,NOR,T_2000,2007,8.663471
Norvège,NOR,T_2000,2008,8.549369
Norvège,NOR,T_2000,2009,9.544323
Norvège,NOR,T_2000,2010,9.327035
Norvège,NOR,T_2000,2011,9.210589
Norvège,NOR,T_2000,2012,9.285095
Norvège,NOR,T_2000,2013,9.463731
Norvège,NOR,T_2000,2014,9.88318
Norvège,NOR,T_2000,2015,10.386933
Norvège,NOR,T_2000,2016,10.617852
Norvège,NOR,T_2000,2017,10.226827
Norvège,NOR,T_2000,2018,9.990463
Norvège,NOR,T_2000,2019,10.482725
Norvège,NOR,T_2000,2020,11.013224
Norvège,NOR,T_2000,2021,9.296864
Norvège,NOR,T_2000,2022,7.471012
Norvège,NOR,T_2000,2023,9.234491
Norvège,NOR,T_2000,2024,9.421649
Norvège,NOR,T_3000,1995,0
Norvège,NOR,T_3000,1996,0
Norvège,NOR,T_3000,1997,0
Norvège,NOR,T_3000,1998,0
Norvège,NOR,T_3000,1999,0
Norvège,NOR,T_3000,2000,0
Norvège,NOR,T_3000,2001,0
Norvège,NOR,T_3000,2002,0
Norvège,NOR,T_3000,2003,0
Norvège,NOR,T_3000,2004,0
Norvège,NOR,T_3000,2005,0
Norvège,NOR,T_3000,2006,0
Norvège,NOR,T_3000,2007,0
Norvège,NOR,T_3000,2008,0
Norvège,NOR,T_3000,2009,0
Norvège,NOR,T_3000,2010,0
Norvège,NOR,T_3000,2011,0
Norvège,NOR,T_3000,2012,0
Norvège,NOR,T_3000,2013,0
Norvège,NOR,T_3000,2014,0
Norvège,NOR,T_3000,2015,0
Norvège,NOR,T_3000,2016,0
Norvège,NOR,T_3000,2017,0.056905
Norvège,NOR,T_3000,2018,0.055248
Norvège,NOR,T_3000,2019,0.055909
Norvège,NOR,T_3000,2020,0.059655
Norvège,NOR,T_3000,2021,0.051273
Norvège,NOR,T_3000,2022,0.042125
Norvège,NOR,T_3000,2023,0.050749
Norvège,NOR,T_3000,2024,0.054497
Norvège,NOR,T_4000,1995,1.126422
Norvège,NOR,T_4000,1996,1.118831
Norvège,NOR,T_4000,1997,1.085566
Norvège,NOR,T_4000,1998,0.990218
Norvège,NOR,T_4000,1999,1.026876
Norvège,NOR,T_4000,2000,0.91165
Norvège,NOR,T_4000,2001,0.917018
Norvège,NOR,T_4000,2002,0.952853
Norvège,NOR,T_4000,2003,0.987689
Norvège,NOR,T_4000,2004,0.991822
Norvège,NOR,T_4000,2005,0.982005
Norvège,NOR,T_4000,2006,0.952684
Norvège,NOR,T_4000,2007,1.049202
Norvège,NOR,T_4000,2008,0.93584
Norvège,NOR,T_4000,2009,1.07816
Norvège,NOR,T_4000,2010,1.069913
Norvège,NOR,T_4000,2011,1.036325
Norvège,NOR,T_4000,2012,1.032087
Norvège,NOR,T_4000,2013,1.062959
Norvège,NOR,T_4000,2014,1.055072
Norvège,NOR,T_4000,2015,1.057254
Norvège,NOR,T_4000,2016,1.137471
Norvège,NOR,T_4000,2017,1.164394
Norvège,NOR,T_4000,2018,1.114025
Norvège,NOR,T_4000,2019,1.170607
Norvège,NOR,T_4000,2020,1.269769
Norvège,NOR,T_4000,2021,1.101706
Norvège,NOR,T_4000,2022,0.967189
Norvège,NOR,T_4000,2023,1.171132
Norvège,NOR,T_4000,2024,1.201977
Norvège,NOR,T_4100,1995,0.289886
Norvège,NOR,T_4100,1996,0.287672
Norvège,NOR,T_4100,1997,0.249006
Norvège,NOR,T_4100,1998,0.231163
Norvège,NOR,T_4100,1999,0.211297
Norvège,NOR,T_4100,2000,0.180501
Norvège,NOR,T_4100,2001,0.175527
Norvège,NOR,T_4100,2002,0.183934
Norvège,NOR,T_4100,2003,0.197956
Norvège,NOR,T_4100,2004,0.197414
Norvège,NOR,T_4100,2005,0.216521
Norvège,NOR,T_4100,2006,0.219653
Norvège,NOR,T_4100,2007,0.236042
Norvège,NOR,T_4100,2008,0.23622
Norvège,NOR,T_4100,2009,0.266425
Norvège,NOR,T_4100,2010,0.272862
Norvège,NOR,T_4100,2011,0.269295
Norvège,NOR,T_4100,2012,0.26895
Norvège,NOR,T_4100,2013,0.287315
Norvège,NOR,T_4100,2014,0.304449
Norvège,NOR,T_4100,2015,0.357072
Norvège,NOR,T_4100,2016,0.394251
Norvège,NOR,T_4100,2017,0.409587
Norvège,NOR,T_4100,2018,0.397167
Norvège,NOR,T_4100,2019,0.410016
Norvège,NOR,T_4100,2020,0.428071
Norvège,NOR,T_4100,2021,0.359996
Norvège,NOR,T_4100,2022,0.280678
Norvège,NOR,T_4100,2023,0.345502
Norvège,NOR,T_4100,2024,0.337201
Norvège,NOR,T_4200,1995,0.595138
Norvège,NOR,T_4200,1996,0.58274
Norvège,NOR,T_4200,1997,0.573536
Norvège,NOR,T_4200,1998,0.486129
Norvège,NOR,T_4200,1999,0.497369
Norvège,NOR,T_4200,2000,0.466427
Norvège,NOR,T_4200,2001,0.469966
Norvège,NOR,T_4200,2002,0.485505
Norvège,NOR,T_4200,2003,0.494737
Norvège,NOR,T_4200,2004,0.482014
Norvège,NOR,T_4200,2005,0.443157
Norvège,NOR,T_4200,2006,0.418676
Norvège,NOR,T_4200,2007,0.468694
Norvège,NOR,T_4200,2008,0.428925
Norvège,NOR,T_4200,2009,0.504035
Norvège,NOR,T_4200,2010,0.480588
Norvège,NOR,T_4200,2011,0.465777
Norvège,NOR,T_4200,2012,0.458553
Norvège,NOR,T_4200,2013,0.466454
Norvège,NOR,T_4200,2014,0.449399
Norvège,NOR,T_4200,2015,0.421573
Norvège,NOR,T_4200,2016,0.46097
Norvège,NOR,T_4200,2017,0.473864
Norvège,NOR,T_4200,2018,0.447271
Norvège,NOR,T_4200,2019,0.472736
Norvège,NOR,T_4200,2020,0.511906
Norvège,NOR,T_4200,2021,0.437218
Norvège,NOR,T_4200,2022,0.473477
Norvège,NOR,T_4200,2023,0.597249
Norvège,NOR,T_4200,2024,0.619635
Norvège,NOR,T_4300,1995,0.101232
Norvège,NOR,T_4300,1996,0.097566
Norvège,NOR,T_4300,1997,0.090683
Norvège,NOR,T_4300,1998,0.101316
Norvège,NOR,T_4300,1999,0.080855
Norvège,NOR,T_4300,2000,0.084353
Norvège,NOR,T_4300,2001,0.084764
Norvège,NOR,T_4300,2002,0.079468
Norvège,NOR,T_4300,2003,0.094329
Norvège,NOR,T_4300,2004,0.092835
Norvège,NOR,T_4300,2005,0.088531
Norvège,NOR,T_4300,2006,0.092724
Norvège,NOR,T_4300,2007,0.109144
Norvège,NOR,T_4300,2008,0.075244
Norvège,NOR,T_4300,2009,0.099643
Norvège,NOR,T_4300,2010,0.091235
Norvège,NOR,T_4300,2011,0.062422
Norvège,NOR,T_4300,2012,0.063257
Norvège,NOR,T_4300,2013,0.072678
Norvège,NOR,T_4300,2014,0.05946
Norvège,NOR,T_4300,2015,0.009424
Norvège,NOR,T_4300,2016,0.006611
Norvège,NOR,T_4300,2017,0.002738
Norvège,NOR,T_4300,2018,0.002041
Norvège,NOR,T_4300,2019,0.001223
Norvège,NOR,T_4300,2020,0.001849
Norvège,NOR,T_4300,2021,0.00111
Norvège,NOR,T_4300,2022,0.000558
Norvège,NOR,T_4300,2023,0.000902
Norvège,NOR,T_4300,2024,0.000577
Norvège,NOR,T_4400,1995,0.140167
Norvège,NOR,T_4400,1996,0.150853
Norvège,NOR,T_4400,1997,0.172341
Norvège,NOR,T_4400,1998,0.17161
Norvège,NOR,T_4400,1999,0.237354
Norvège,NOR,T_4400,2000,0.180369
Norvège,NOR,T_4400,2001,0.186761
Norvège,NOR,T_4400,2002,0.203945
Norvège,NOR,T_4400,2003,0.200666
Norvège,NOR,T_4400,2004,0.21956
Norvège,NOR,T_4400,2005,0.233796
Norvège,NOR,T_4400,2006,0.221631
Norvège,NOR,T_4400,2007,0.235322
Norvège,NOR,T_4400,2008,0.195451
Norvège,NOR,T_4400,2009,0.208057
Norvège,NOR,T_4400,2010,0.225229
Norvège,NOR,T_4400,2011,0.238832
Norvège,NOR,T_4400,2012,0.241328
Norvège,NOR,T_4400,2013,0.236512
Norvège,NOR,T_4400,2014,0.241763
Norvège,NOR,T_4400,2015,0.269186
Norvège,NOR,T_4400,2016,0.275639
Norvège,NOR,T_4400,2017,0.278204
Norvège,NOR,T_4400,2018,0.267546
Norvège,NOR,T_4400,2019,0.286633
Norvège,NOR,T_4400,2020,0.327943
Norvège,NOR,T_4400,2021,0.303381
Norvège,NOR,T_4400,2022,0.212475
Norvège,NOR,T_4400,2023,0.227479
Norvège,NOR,T_4400,2024,0.244563
Norvège,NOR,T_5000,1995,14.995151
Norvège,NOR,T_5000,1996,14.677359
Norvège,NOR,T_5000,1997,14.663729
Norvège,NOR,T_5000,1998,15.377298
Norvège,NOR,T_5000,1999,15.179441
Norvège,NOR,T_5000,2000,13.251392
Norvège,NOR,T_5000,2001,13.065166
Norvège,NOR,T_5000,2002,13.184711
Norvège,NOR,T_5000,2003,12.79217
Norvège,NOR,T_5000,2004,12.479846
Norvège,NOR,T_5000,2005,11.908142
Norvège,NOR,T_5000,2006,11.799381
Norvège,NOR,T_5000,2007,12.076779
Norvège,NOR,T_5000,2008,10.809703
Norvège,NOR,T_5000,2009,11.60346
Norvège,NOR,T_5000,2010,11.651674
Norvège,NOR,T_5000,2011,11.186795
Norvège,NOR,T_5000,2012,10.975293
Norvège,NOR,T_5000,2013,11.06702
Norvège,NOR,T_5000,2014,11.225179
Norvège,NOR,T_5000,2015,11.676729
Norvège,NOR,T_5000,2016,12.271781
Norvège,NOR,T_5000,2017,12.019429
Norvège,NOR,T_5000,2018,11.647856
Norvège,NOR,T_5000,2019,11.779717
Norvège,NOR,T_5000,2020,12.251302
Norvège,NOR,T_5000,2021,10.512564
Norvège,NOR,T_5000,2022,8.41999
Norvège,NOR,T_5000,2023,9.580091
Norvège,NOR,T_5000,2024,9.750133
Norvège,NOR,T_5111,1995,8.490164
Norvège,NOR,T_5111,1996,8.373788
Norvège,NOR,T_5111,1997,8.427813
Norvège,NOR,T_5111,1998,8.834537
Norvège,NOR,T_5111,1999,9.143575
Norvège,NOR,T_5111,2000,8.227643
Norvège,NOR,T_5111,2001,8.2134
Norvège,NOR,T_5111,2002,8.289705
Norvège,NOR,T_5111,2003,8.030503
Norvège,NOR,T_5111,2004,7.864839
Norvège,NOR,T_5111,2005,7.668261
Norvège,NOR,T_5111,2006,7.733752
Norvège,NOR,T_5111,2007,7.995385
Norvège,NOR,T_5111,2008,7.049332
Norvège,NOR,T_5111,2009,7.632499
Norvège,NOR,T_5111,2010,7.721954
Norvège,NOR,T_5111,2011,7.510403
Norvège,NOR,T_5111,2012,7.489737
Norvège,NOR,T_5111,2013,7.602444
Norvège,NOR,T_5111,2014,7.710888
Norvège,NOR,T_5111,2015,8.152303
Norvège,NOR,T_5111,2016,8.639698
Norvège,NOR,T_5111,2017,8.531725
Norvège,NOR,T_5111,2018,8.301224
Norvège,NOR,T_5111,2019,8.53504
Norvège,NOR,T_5111,2020,9.001683
Norvège,NOR,T_5111,2021,7.837775
Norvège,NOR,T_5111,2022,6.483624
Norvège,NOR,T_5111,2023,7.399699
Norvège,NOR,T_5111,2024,7.504898
Norvège,NOR,_T,1995,39.583528
Norvège,NOR,_T,1996,39.503087
Norvège,NOR,_T,1997,40.297983
Norvège,NOR,_T,1998,41.409989
Norvège,NOR,_T,1999,41.719971
Norvège,NOR,_T,2000,41.796344
Norvège,NOR,_T,2001,42.000679
Norvège,NOR,_T,2002,42.331689
Norvège,NOR,_T,2003,41.632232
Norvège,NOR,_T,2004,42.362522
Norvège,NOR,_T,2005,42.552291
Norvège,NOR,_T,2006,42.685801
Norvège,NOR,_T,2007,41.970084
Norvège,NOR,_T,2008,41.169429
Norvège,NOR,_T,2009,41.077144
Norvège,NOR,_T,2010,41.735643
Norvège,NOR,_T,2011,41.811448
Norvège,NOR,_T,2012,41.290384
Norvège,NOR,_T,2013,39.718995
Norvège,NOR,_T,2014,38.637494
Norvège,NOR,_T,2015,38.337311
Norvège,NOR,_T,2016,38.807266
Norvège,NOR,_T,2017,38.601392
Norvège,NOR,_T,2018,39.25299
Norvège,NOR,_T,2019,39.854437
Norvège,NOR,_T,2020,38.71414
Norvège,NOR,_T,2021,41.343884
Norvège,NOR,_T,2022,43.289624
Norvège,NOR,_T,2023,41.630843
Norvège,NOR,_T,2024,40.190578
Nouvelle-Zélande,NZL,T_1100,1995,16.015497
Nouvelle-Zélande,NZL,T_1100,1996,15.00808
Nouvelle-Zélande,NZL,T_1100,1997,14.93452
Nouvelle-Zélande,NZL,T_1100,1998,13.809198
Nouvelle-Zélande,NZL,T_1100,1999,13.758459
Nouvelle-Zélande,NZL,T_1100,2000,14.013698
Nouvelle-Zélande,NZL,T_1100,2001,13.963045
Nouvelle-Zélande,NZL,T_1100,2002,14.338514
Nouvelle-Zélande,NZL,T_1100,2003,13.882018
Nouvelle-Zélande,NZL,T_1100,2004,14.025242
Nouvelle-Zélande,NZL,T_1100,2005,14.819747
Nouvelle-Zélande,NZL,T_1100,2006,14.366338
Nouvelle-Zélande,NZL,T_1100,2007,14.272633
Nouvelle-Zélande,NZL,T_1100,2008,13.353908
Nouvelle-Zélande,NZL,T_1100,2009,12.401573
Nouvelle-Zélande,NZL,T_1100,2010,11.41051
Nouvelle-Zélande,NZL,T_1100,2011,10.845613
Nouvelle-Zélande,NZL,T_1100,2012,11.647801
Nouvelle-Zélande,NZL,T_1100,2013,11.198593
Nouvelle-Zélande,NZL,T_1100,2014,11.683267
Nouvelle-Zélande,NZL,T_1100,2015,11.701704
Nouvelle-Zélande,NZL,T_1100,2016,11.547513
Nouvelle-Zélande,NZL,T_1100,2017,11.842119
Nouvelle-Zélande,NZL,T_1100,2018,12.088695
Nouvelle-Zélande,NZL,T_1100,2019,12.458915
Nouvelle-Zélande,NZL,T_1100,2020,12.961318
Nouvelle-Zélande,NZL,T_1100,2021,14.052255
Nouvelle-Zélande,NZL,T_1100,2022,13.559588
Nouvelle-Zélande,NZL,T_1100,2023,14.049294
Nouvelle-Zélande,NZL,T_1100,2024,13.807747
Nouvelle-Zélande,NZL,T_1200,1995,4.224746
Nouvelle-Zélande,NZL,T_1200,1996,3.236864
Nouvelle-Zélande,NZL,T_1200,1997,3.74197
Nouvelle-Zélande,NZL,T_1200,1998,3.421568
Nouvelle-Zélande,NZL,T_1200,1999,3.67683
Nouvelle-Zélande,NZL,T_1200,2000,4.02098
Nouvelle-Zélande,NZL,T_1200,2001,3.638518
Nouvelle-Zélande,NZL,T_1200,2002,4.140666
Nouvelle-Zélande,NZL,T_1200,2003,4.508522
Nouvelle-Zélande,NZL,T_1200,2004,5.294542
Nouvelle-Zélande,NZL,T_1200,2005,6.054249
Nouvelle-Zélande,NZL,T_1200,2006,5.570156
Nouvelle-Zélande,NZL,T_1200,2007,4.800241
Nouvelle-Zélande,NZL,T_1200,2008,4.307525
Nouvelle-Zélande,NZL,T_1200,2009,3.32803
Nouvelle-Zélande,NZL,T_1200,2010,3.691593
Nouvelle-Zélande,NZL,T_1200,2011,3.942507
Nouvelle-Zélande,NZL,T_1200,2012,4.511755
Nouvelle-Zélande,NZL,T_1200,2013,4.362201
Nouvelle-Zélande,NZL,T_1200,2014,4.168819
Nouvelle-Zélande,NZL,T_1200,2015,4.405761
Nouvelle-Zélande,NZL,T_1200,2016,4.88133
Nouvelle-Zélande,NZL,T_1200,2017,4.59557
Nouvelle-Zélande,NZL,T_1200,2018,5.013808
Nouvelle-Zélande,NZL,T_1200,2019,3.908562
Nouvelle-Zélande,NZL,T_1200,2020,5.190761
Nouvelle-Zélande,NZL,T_1200,2021,5.405723
Nouvelle-Zélande,NZL,T_1200,2022,4.45795
Nouvelle-Zélande,NZL,T_1200,2023,4.258869
Nouvelle-Zélande,NZL,T_1200,2024,4.012355
Nouvelle-Zélande,NZL,T_2000,1995,0
Nouvelle-Zélande,NZL,T_2000,1996,0
Nouvelle-Zélande,NZL,T_2000,1997,0
Nouvelle-Zélande,NZL,T_2000,1998,0
Nouvelle-Zélande,NZL,T_2000,1999,0
Nouvelle-Zélande,NZL,T_2000,2000,0
Nouvelle-Zélande,NZL,T_2000,2001,0
Nouvelle-Zélande,NZL,T_2000,2002,0
Nouvelle-Zélande,NZL,T_2000,2003,0
Nouvelle-Zélande,NZL,T_2000,2004,0
Nouvelle-Zélande,NZL,T_2000,2005,0
Nouvelle-Zélande,NZL,T_2000,2006,0
Nouvelle-Zélande,NZL,T_2000,2007,0
Nouvelle-Zélande,NZL,T_2000,2008,0
Nouvelle-Zélande,NZL,T_2000,2009,0
Nouvelle-Zélande,NZL,T_2000,2010,0
Nouvelle-Zélande,NZL,T_2000,2011,0
Nouvelle-Zélande,NZL,T_2000,2012,0
Nouvelle-Zélande,NZL,T_2000,2013,0
Nouvelle-Zélande,NZL,T_2000,2014,0
Nouvelle-Zélande,NZL,T_2000,2015,0
Nouvelle-Zélande,NZL,T_2000,2016,0
Nouvelle-Zélande,NZL,T_2000,2017,0
Nouvelle-Zélande,NZL,T_2000,2018,0
Nouvelle-Zélande,NZL,T_2000,2019,0
Nouvelle-Zélande,NZL,T_2000,2020,0
Nouvelle-Zélande,NZL,T_2000,2021,0
Nouvelle-Zélande,NZL,T_2000,2022,0
Nouvelle-Zélande,NZL,T_2000,2023,0
Nouvelle-Zélande,NZL,T_2000,2024,0
Nouvelle-Zélande,NZL,T_3000,1995,0
Nouvelle-Zélande,NZL,T_3000,1996,0
Nouvelle-Zélande,NZL,T_3000,1997,0
Nouvelle-Zélande,NZL,T_3000,1998,0
Nouvelle-Zélande,NZL,T_3000,1999,0
Nouvelle-Zélande,NZL,T_3000,2000,0
Nouvelle-Zélande,NZL,T_3000,2001,0
Nouvelle-Zélande,NZL,T_3000,2002,0
Nouvelle-Zélande,NZL,T_3000,2003,0
Nouvelle-Zélande,NZL,T_3000,2004,0
Nouvelle-Zélande,NZL,T_3000,2005,0
Nouvelle-Zélande,NZL,T_3000,2006,0
Nouvelle-Zélande,NZL,T_3000,2007,0
Nouvelle-Zélande,NZL,T_3000,2008,0
Nouvelle-Zélande,NZL,T_3000,2009,0
Nouvelle-Zélande,NZL,T_3000,2010,0
Nouvelle-Zélande,NZL,T_3000,2011,0
Nouvelle-Zélande,NZL,T_3000,2012,0
Nouvelle-Zélande,NZL,T_3000,2013,0
Nouvelle-Zélande,NZL,T_3000,2014,0
Nouvelle-Zélande,NZL,T_3000,2015,0
Nouvelle-Zélande,NZL,T_3000,2016,0
Nouvelle-Zélande,NZL,T_3000,2017,0
Nouvelle-Zélande,NZL,T_3000,2018,0
Nouvelle-Zélande,NZL,T_3000,2019,0
Nouvelle-Zélande,NZL,T_3000,2020,0
Nouvelle-Zélande,NZL,T_3000,2021,0
Nouvelle-Zélande,NZL,T_3000,2022,0
Nouvelle-Zélande,NZL,T_3000,2023,0
Nouvelle-Zélande,NZL,T_3000,2024,0
Nouvelle-Zélande,NZL,T_4000,1995,1.910462
Nouvelle-Zélande,NZL,T_4000,1996,1.879438
Nouvelle-Zélande,NZL,T_4000,1997,1.828094
Nouvelle-Zélande,NZL,T_4000,1998,1.813376
Nouvelle-Zélande,NZL,T_4000,1999,1.886381
Nouvelle-Zélande,NZL,T_4000,2000,1.728187
Nouvelle-Zélande,NZL,T_4000,2001,1.669963
Nouvelle-Zélande,NZL,T_4000,2002,1.702922
Nouvelle-Zélande,NZL,T_4000,2003,1.69959
Nouvelle-Zélande,NZL,T_4000,2004,1.722544
Nouvelle-Zélande,NZL,T_4000,2005,1.770003
Nouvelle-Zélande,NZL,T_4000,2006,1.828215
Nouvelle-Zélande,NZL,T_4000,2007,1.808626
Nouvelle-Zélande,NZL,T_4000,2008,1.939677
Nouvelle-Zélande,NZL,T_4000,2009,1.954863
Nouvelle-Zélande,NZL,T_4000,2010,1.99838
Nouvelle-Zélande,NZL,T_4000,2011,1.996812
Nouvelle-Zélande,NZL,T_4000,2012,2.001068
Nouvelle-Zélande,NZL,T_4000,2013,1.933555
Nouvelle-Zélande,NZL,T_4000,2014,1.94938
Nouvelle-Zélande,NZL,T_4000,2015,1.948932
Nouvelle-Zélande,NZL,T_4000,2016,1.906333
Nouvelle-Zélande,NZL,T_4000,2017,1.871856
Nouvelle-Zélande,NZL,T_4000,2018,1.880299
Nouvelle-Zélande,NZL,T_4000,2019,1.932086
Nouvelle-Zélande,NZL,T_4000,2020,1.852407
Nouvelle-Zélande,NZL,T_4000,2021,1.908996
Nouvelle-Zélande,NZL,T_4000,2022,1.88551
Nouvelle-Zélande,NZL,T_4000,2023,1.998643
Nouvelle-Zélande,NZL,T_4000,2024,2.185034
Nouvelle-Zélande,NZL,T_4100,1995,1.686004
Nouvelle-Zélande,NZL,T_4100,1996,1.700211
Nouvelle-Zélande,NZL,T_4100,1997,1.650813
Nouvelle-Zélande,NZL,T_4100,1998,1.723724
Nouvelle-Zélande,NZL,T_4100,1999,1.834054
Nouvelle-Zélande,NZL,T_4100,2000,1.676636
Nouvelle-Zélande,NZL,T_4100,2001,1.623019
Nouvelle-Zélande,NZL,T_4100,2002,1.666472
Nouvelle-Zélande,NZL,T_4100,2003,1.660285
Nouvelle-Zélande,NZL,T_4100,2004,1.679815
Nouvelle-Zélande,NZL,T_4100,2005,1.717712
Nouvelle-Zélande,NZL,T_4100,2006,1.774628
Nouvelle-Zélande,NZL,T_4100,2007,1.758342
Nouvelle-Zélande,NZL,T_4100,2008,1.891751
Nouvelle-Zélande,NZL,T_4100,2009,1.9123
Nouvelle-Zélande,NZL,T_4100,2010,1.955685
Nouvelle-Zélande,NZL,T_4100,2011,1.955454
Nouvelle-Zélande,NZL,T_4100,2012,1.962743
Nouvelle-Zélande,NZL,T_4100,2013,1.894336
Nouvelle-Zélande,NZL,T_4100,2014,1.908709
Nouvelle-Zélande,NZL,T_4100,2015,1.916489
Nouvelle-Zélande,NZL,T_4100,2016,1.877686
Nouvelle-Zélande,NZL,T_4100,2017,1.835657
Nouvelle-Zélande,NZL,T_4100,2018,1.846463
Nouvelle-Zélande,NZL,T_4100,2019,1.900288
Nouvelle-Zélande,NZL,T_4100,2020,1.826773
Nouvelle-Zélande,NZL,T_4100,2021,1.882475
Nouvelle-Zélande,NZL,T_4100,2022,1.847416
Nouvelle-Zélande,NZL,T_4100,2023,1.951516
Nouvelle-Zélande,NZL,T_4100,2024,2.134587
Nouvelle-Zélande,NZL,T_4200,1995,0
Nouvelle-Zélande,NZL,T_4200,1996,0
Nouvelle-Zélande,NZL,T_4200,1997,0
Nouvelle-Zélande,NZL,T_4200,1998,0
Nouvelle-Zélande,NZL,T_4200,1999,0
Nouvelle-Zélande,NZL,T_4200,2000,0
Nouvelle-Zélande,NZL,T_4200,2001,0
Nouvelle-Zélande,NZL,T_4200,2002,0
Nouvelle-Zélande,NZL,T_4200,2003,0
Nouvelle-Zélande,NZL,T_4200,2004,0
Nouvelle-Zélande,NZL,T_4200,2005,0
Nouvelle-Zélande,NZL,T_4200,2006,0
Nouvelle-Zélande,NZL,T_4200,2007,0
Nouvelle-Zélande,NZL,T_4200,2008,0
Nouvelle-Zélande,NZL,T_4200,2009,0
Nouvelle-Zélande,NZL,T_4200,2010,0
Nouvelle-Zélande,NZL,T_4200,2011,0
Nouvelle-Zélande,NZL,T_4200,2012,0
Nouvelle-Zélande,NZL,T_4200,2013,0
Nouvelle-Zélande,NZL,T_4200,2014,0
Nouvelle-Zélande,NZL,T_4200,2015,0
Nouvelle-Zélande,NZL,T_4200,2016,0
Nouvelle-Zélande,NZL,T_4200,2017,0
Nouvelle-Zélande,NZL,T_4200,2018,0
Nouvelle-Zélande,NZL,T_4200,2019,0
Nouvelle-Zélande,NZL,T_4200,2020,0
Nouvelle-Zélande,NZL,T_4200,2021,0
Nouvelle-Zélande,NZL,T_4200,2022,0
Nouvelle-Zélande,NZL,T_4200,2023,0
Nouvelle-Zélande,NZL,T_4200,2024,0
Nouvelle-Zélande,NZL,T_4300,1995,0.003075
Nouvelle-Zélande,NZL,T_4300,1996,0
Nouvelle-Zélande,NZL,T_4300,1997,0
Nouvelle-Zélande,NZL,T_4300,1998,0.002773
Nouvelle-Zélande,NZL,T_4300,1999,0.001744
Nouvelle-Zélande,NZL,T_4300,2000,0.001637
Nouvelle-Zélande,NZL,T_4300,2001,0.00077
Nouvelle-Zélande,NZL,T_4300,2002,0.000729
Nouvelle-Zélande,NZL,T_4300,2003,0.001355
Nouvelle-Zélande,NZL,T_4300,2004,0.001275
Nouvelle-Zélande,NZL,T_4300,2005,0.001824
Nouvelle-Zélande,NZL,T_4300,2006,0.00114
Nouvelle-Zélande,NZL,T_4300,2007,0.001588
Nouvelle-Zélande,NZL,T_4300,2008,0.000527
Nouvelle-Zélande,NZL,T_4300,2009,0.001013
Nouvelle-Zélande,NZL,T_4300,2010,0.00097
Nouvelle-Zélande,NZL,T_4300,2011,0
Nouvelle-Zélande,NZL,T_4300,2012,0
Nouvelle-Zélande,NZL,T_4300,2013,0
Nouvelle-Zélande,NZL,T_4300,2014,0
Nouvelle-Zélande,NZL,T_4300,2015,0
Nouvelle-Zélande,NZL,T_4300,2016,0
Nouvelle-Zélande,NZL,T_4300,2017,0
Nouvelle-Zélande,NZL,T_4300,2018,0
Nouvelle-Zélande,NZL,T_4300,2019,0
Nouvelle-Zélande,NZL,T_4300,2020,0
Nouvelle-Zélande,NZL,T_4300,2021,0
Nouvelle-Zélande,NZL,T_4300,2022,0
Nouvelle-Zélande,NZL,T_4300,2023,0
Nouvelle-Zélande,NZL,T_4300,2024,0
Nouvelle-Zélande,NZL,T_4400,1995,0.221384
Nouvelle-Zélande,NZL,T_4400,1996,0.179227
Nouvelle-Zélande,NZL,T_4400,1997,0.177281
Nouvelle-Zélande,NZL,T_4400,1998,0.086879
Nouvelle-Zélande,NZL,T_4400,1999,0.050583
Nouvelle-Zélande,NZL,T_4400,2000,0.049914
Nouvelle-Zélande,NZL,T_4400,2001,0.046174
Nouvelle-Zélande,NZL,T_4400,2002,0.035721
Nouvelle-Zélande,NZL,T_4400,2003,0.037949
Nouvelle-Zélande,NZL,T_4400,2004,0.041453
Nouvelle-Zélande,NZL,T_4400,2005,0.050467
Nouvelle-Zélande,NZL,T_4400,2006,0.052446
Nouvelle-Zélande,NZL,T_4400,2007,0.048696
Nouvelle-Zélande,NZL,T_4400,2008,0.047399
Nouvelle-Zélande,NZL,T_4400,2009,0.04155
Nouvelle-Zélande,NZL,T_4400,2010,0.041724
Nouvelle-Zélande,NZL,T_4400,2011,0.041358
Nouvelle-Zélande,NZL,T_4400,2012,0.038324
Nouvelle-Zélande,NZL,T_4400,2013,0.039219
Nouvelle-Zélande,NZL,T_4400,2014,0.040671
Nouvelle-Zélande,NZL,T_4400,2015,0.032444
Nouvelle-Zélande,NZL,T_4400,2016,0.028648
Nouvelle-Zélande,NZL,T_4400,2017,0.036199
Nouvelle-Zélande,NZL,T_4400,2018,0.033836
Nouvelle-Zélande,NZL,T_4400,2019,0.031797
Nouvelle-Zélande,NZL,T_4400,2020,0.025635
Nouvelle-Zélande,NZL,T_4400,2021,0.026521
Nouvelle-Zélande,NZL,T_4400,2022,0.038094
Nouvelle-Zélande,NZL,T_4400,2023,0.047128
Nouvelle-Zélande,NZL,T_4400,2024,0.050447
Nouvelle-Zélande,NZL,T_5000,1995,11.867621
Nouvelle-Zélande,NZL,T_5000,1996,11.820185
Nouvelle-Zélande,NZL,T_5000,1997,11.801597
Nouvelle-Zélande,NZL,T_5000,1998,11.724093
Nouvelle-Zélande,NZL,T_5000,1999,11.689807
Nouvelle-Zélande,NZL,T_5000,2000,11.285585
Nouvelle-Zélande,NZL,T_5000,2001,11.38884
Nouvelle-Zélande,NZL,T_5000,2002,11.676241
Nouvelle-Zélande,NZL,T_5000,2003,11.695863
Nouvelle-Zélande,NZL,T_5000,2004,11.57312
Nouvelle-Zélande,NZL,T_5000,2005,11.585585
Nouvelle-Zélande,NZL,T_5000,2006,11.530239
Nouvelle-Zélande,NZL,T_5000,2007,10.739541
Nouvelle-Zélande,NZL,T_5000,2008,11.081911
Nouvelle-Zélande,NZL,T_5000,2009,11.036513
Nouvelle-Zélande,NZL,T_5000,2010,11.979604
Nouvelle-Zélande,NZL,T_5000,2011,12.111453
Nouvelle-Zélande,NZL,T_5000,2012,12.252775
Nouvelle-Zélande,NZL,T_5000,2013,11.885564
Nouvelle-Zélande,NZL,T_5000,2014,12.199794
Nouvelle-Zélande,NZL,T_5000,2015,12.254018
Nouvelle-Zélande,NZL,T_5000,2016,12.025456
Nouvelle-Zélande,NZL,T_5000,2017,12.033601
Nouvelle-Zélande,NZL,T_5000,2018,12.178279
Nouvelle-Zélande,NZL,T_5000,2019,12.141886
Nouvelle-Zélande,NZL,T_5000,2020,12.799352
Nouvelle-Zélande,NZL,T_5000,2021,12.342307
Nouvelle-Zélande,NZL,T_5000,2022,11.720388
Nouvelle-Zélande,NZL,T_5000,2023,11.825723
Nouvelle-Zélande,NZL,T_5000,2024,11.627528
Nouvelle-Zélande,NZL,T_5111,1995,8.091792
Nouvelle-Zélande,NZL,T_5111,1996,8.197444
Nouvelle-Zélande,NZL,T_5111,1997,8.288378
Nouvelle-Zélande,NZL,T_5111,1998,8.435617
Nouvelle-Zélande,NZL,T_5111,1999,8.36095
Nouvelle-Zélande,NZL,T_5111,2000,8.088602
Nouvelle-Zélande,NZL,T_5111,2001,8.192053
Nouvelle-Zélande,NZL,T_5111,2002,8.402344
Nouvelle-Zélande,NZL,T_5111,2003,8.657202
Nouvelle-Zélande,NZL,T_5111,2004,8.564887
Nouvelle-Zélande,NZL,T_5111,2005,8.593422
Nouvelle-Zélande,NZL,T_5111,2006,8.61148
Nouvelle-Zélande,NZL,T_5111,2007,7.96388
Nouvelle-Zélande,NZL,T_5111,2008,8.333816
Nouvelle-Zélande,NZL,T_5111,2009,8.334769
Nouvelle-Zélande,NZL,T_5111,2010,9.287444
Nouvelle-Zélande,NZL,T_5111,2011,9.439898
Nouvelle-Zélande,NZL,T_5111,2012,9.58286
Nouvelle-Zélande,NZL,T_5111,2013,9.304258
Nouvelle-Zélande,NZL,T_5111,2014,9.478877
Nouvelle-Zélande,NZL,T_5111,2015,9.496313
Nouvelle-Zélande,NZL,T_5111,2016,9.372836
Nouvelle-Zélande,NZL,T_5111,2017,9.456035
Nouvelle-Zélande,NZL,T_5111,2018,9.512991
Nouvelle-Zélande,NZL,T_5111,2019,9.526313
Nouvelle-Zélande,NZL,T_5111,2020,10.311317
Nouvelle-Zélande,NZL,T_5111,2021,10.077596
Nouvelle-Zélande,NZL,T_5111,2022,9.874714
Nouvelle-Zélande,NZL,T_5111,2023,9.841122
Nouvelle-Zélande,NZL,T_5111,2024,9.665148
Nouvelle-Zélande,NZL,_T,1995,35.56084
Nouvelle-Zélande,NZL,_T,1996,33.766221
Nouvelle-Zélande,NZL,_T,1997,33.893136
Nouvelle-Zélande,NZL,_T,1998,32.2877
Nouvelle-Zélande,NZL,_T,1999,32.324008
Nouvelle-Zélande,NZL,_T,2000,32.53852
Nouvelle-Zélande,NZL,_T,2001,31.956319
Nouvelle-Zélande,NZL,_T,2002,33.243425
Nouvelle-Zélande,NZL,_T,2003,33.166401
Nouvelle-Zélande,NZL,_T,2004,34.201514
Nouvelle-Zélande,NZL,_T,2005,36.092009
Nouvelle-Zélande,NZL,_T,2006,35.301596
Nouvelle-Zélande,NZL,_T,2007,33.899687
Nouvelle-Zélande,NZL,_T,2008,32.83968
Nouvelle-Zélande,NZL,_T,2009,30.152923
Nouvelle-Zélande,NZL,_T,2010,30.230403
Nouvelle-Zélande,NZL,_T,2011,30.044193
Nouvelle-Zélande,NZL,_T,2012,31.583198
Nouvelle-Zélande,NZL,_T,2013,30.442208
Nouvelle-Zélande,NZL,_T,2014,31.157956
Nouvelle-Zélande,NZL,_T,2015,31.477226
Nouvelle-Zélande,NZL,_T,2016,31.379979
Nouvelle-Zélande,NZL,_T,2017,31.324914
Nouvelle-Zélande,NZL,_T,2018,32.17583
Nouvelle-Zélande,NZL,_T,2019,31.362629
Nouvelle-Zélande,NZL,_T,2020,33.673674
Nouvelle-Zélande,NZL,_T,2021,34.38216
Nouvelle-Zélande,NZL,_T,2022,32.577519
Nouvelle-Zélande,NZL,_T,2023,33.726064
Nouvelle-Zélande,NZL,_T,2024,32.891771
Pays-Bas,NLD,T_1100,1995,7.137793
Pays-Bas,NLD,T_1100,1996,6.67966
Pays-Bas,NLD,T_1100,1997,5.850241
Pays-Bas,NLD,T_1100,1998,5.612161
Pays-Bas,NLD,T_1100,1999,5.558822
Pays-Bas,NLD,T_1100,2000,5.55429
Pays-Bas,NLD,T_1100,2001,5.749357
Pays-Bas,NLD,T_1100,2002,6.34956
Pays-Bas,NLD,T_1100,2003,6.07107
Pays-Bas,NLD,T_1100,2004,5.555587
Pays-Bas,NLD,T_1100,2005,6.129751
Pays-Bas,NLD,T_1100,2006,6.368437
Pays-Bas,NLD,T_1100,2007,6.649914
Pays-Bas,NLD,T_1100,2008,6.485347
Pays-Bas,NLD,T_1100,2009,7.648059
Pays-Bas,NLD,T_1100,2010,7.619024
Pays-Bas,NLD,T_1100,2011,7.299093
Pays-Bas,NLD,T_1100,2012,6.862626
Pays-Bas,NLD,T_1100,2013,6.73561
Pays-Bas,NLD,T_1100,2014,6.864006
Pays-Bas,NLD,T_1100,2015,7.495262
Pays-Bas,NLD,T_1100,2016,6.983303
Pays-Bas,NLD,T_1100,2017,8.200053
Pays-Bas,NLD,T_1100,2018,7.832099
Pays-Bas,NLD,T_1100,2019,8.311731
Pays-Bas,NLD,T_1100,2020,8.955213
Pays-Bas,NLD,T_1100,2021,8.34827
Pays-Bas,NLD,T_1100,2022,7.713268
Pays-Bas,NLD,T_1100,2023,9.144556
Pays-Bas,NLD,T_1100,2024,9.821829
Pays-Bas,NLD,T_1200,1995,3.018798
Pays-Bas,NLD,T_1200,1996,3.777874
Pays-Bas,NLD,T_1200,1997,4.184386
Pays-Bas,NLD,T_1200,1998,4.115348
Pays-Bas,NLD,T_1200,1999,4.097414
Pays-Bas,NLD,T_1200,2000,4.011579
Pays-Bas,NLD,T_1200,2001,3.892815
Pays-Bas,NLD,T_1200,2002,3.286929
Pays-Bas,NLD,T_1200,2003,2.816464
Pays-Bas,NLD,T_1200,2004,3.059975
Pays-Bas,NLD,T_1200,2005,3.387137
Pays-Bas,NLD,T_1200,2006,3.400835
Pays-Bas,NLD,T_1200,2007,3.379872
Pays-Bas,NLD,T_1200,2008,3.251809
Pays-Bas,NLD,T_1200,2009,2.109421
Pays-Bas,NLD,T_1200,2010,2.268818
Pays-Bas,NLD,T_1200,2011,2.141116
Pays-Bas,NLD,T_1200,2012,2.080877
Pays-Bas,NLD,T_1200,2013,2.141783
Pays-Bas,NLD,T_1200,2014,2.51832
Pays-Bas,NLD,T_1200,2015,2.637966
Pays-Bas,NLD,T_1200,2016,3.291006
Pays-Bas,NLD,T_1200,2017,3.221635
Pays-Bas,NLD,T_1200,2018,3.443405
Pays-Bas,NLD,T_1200,2019,3.619691
Pays-Bas,NLD,T_1200,2020,3.024509
Pays-Bas,NLD,T_1200,2021,3.748191
Pays-Bas,NLD,T_1200,2022,4.746534
Pays-Bas,NLD,T_1200,2023,4.969942
Pays-Bas,NLD,T_1200,2024,4.264833
Pays-Bas,NLD,T_2000,1995,14.705241
Pays-Bas,NLD,T_2000,1996,14.13901
Pays-Bas,NLD,T_2000,1997,13.999351
Pays-Bas,NLD,T_2000,1998,13.768397
Pays-Bas,NLD,T_2000,1999,14.291563
Pays-Bas,NLD,T_2000,2000,14.268749
Pays-Bas,NLD,T_2000,2001,12.697824
Pays-Bas,NLD,T_2000,2002,12.282934
Pays-Bas,NLD,T_2000,2003,12.796246
Pays-Bas,NLD,T_2000,2004,12.867283
Pays-Bas,NLD,T_2000,2005,12.031161
Pays-Bas,NLD,T_2000,2006,12.899613
Pays-Bas,NLD,T_2000,2007,12.375577
Pays-Bas,NLD,T_2000,2008,13.22342
Pays-Bas,NLD,T_2000,2009,12.510692
Pays-Bas,NLD,T_2000,2010,12.866123
Pays-Bas,NLD,T_2000,2011,13.486013
Pays-Bas,NLD,T_2000,2012,14.408901
Pays-Bas,NLD,T_2000,2013,14.629932
Pays-Bas,NLD,T_2000,2014,14.531694
Pays-Bas,NLD,T_2000,2015,13.791397
Pays-Bas,NLD,T_2000,2016,14.427327
Pays-Bas,NLD,T_2000,2017,13.572818
Pays-Bas,NLD,T_2000,2018,13.724464
Pays-Bas,NLD,T_2000,2019,13.172131
Pays-Bas,NLD,T_2000,2020,13.311687
Pays-Bas,NLD,T_2000,2021,12.637093
Pays-Bas,NLD,T_2000,2022,12.523696
Pays-Bas,NLD,T_2000,2023,12.303394
Pays-Bas,NLD,T_2000,2024,12.048458
Pays-Bas,NLD,T_3000,1995,0
Pays-Bas,NLD,T_3000,1996,0
Pays-Bas,NLD,T_3000,1997,0
Pays-Bas,NLD,T_3000,1998,0
Pays-Bas,NLD,T_3000,1999,0
Pays-Bas,NLD,T_3000,2000,0
Pays-Bas,NLD,T_3000,2001,0
Pays-Bas,NLD,T_3000,2002,0
Pays-Bas,NLD,T_3000,2003,0
Pays-Bas,NLD,T_3000,2004,0
Pays-Bas,NLD,T_3000,2005,0
Pays-Bas,NLD,T_3000,2006,0
Pays-Bas,NLD,T_3000,2007,0
Pays-Bas,NLD,T_3000,2008,0
Pays-Bas,NLD,T_3000,2009,0
Pays-Bas,NLD,T_3000,2010,0
Pays-Bas,NLD,T_3000,2011,0
Pays-Bas,NLD,T_3000,2012,0
Pays-Bas,NLD,T_3000,2013,0
Pays-Bas,NLD,T_3000,2014,0
Pays-Bas,NLD,T_3000,2015,0
Pays-Bas,NLD,T_3000,2016,0
Pays-Bas,NLD,T_3000,2017,0
Pays-Bas,NLD,T_3000,2018,0
Pays-Bas,NLD,T_3000,2019,0
Pays-Bas,NLD,T_3000,2020,0
Pays-Bas,NLD,T_3000,2021,0
Pays-Bas,NLD,T_3000,2022,0
Pays-Bas,NLD,T_3000,2023,0
Pays-Bas,NLD,T_3000,2024,0
Pays-Bas,NLD,T_4000,1995,1.565509
Pays-Bas,NLD,T_4000,1996,1.686902
Pays-Bas,NLD,T_4000,1997,1.762717
Pays-Bas,NLD,T_4000,1998,1.804533
Pays-Bas,NLD,T_4000,1999,1.896497
Pays-Bas,NLD,T_4000,2000,1.945417
Pays-Bas,NLD,T_4000,2001,1.794422
Pays-Bas,NLD,T_4000,2002,1.84251
Pays-Bas,NLD,T_4000,2003,1.759173
Pays-Bas,NLD,T_4000,2004,1.824209
Pays-Bas,NLD,T_4000,2005,1.912056
Pays-Bas,NLD,T_4000,2006,1.674202
Pays-Bas,NLD,T_4000,2007,1.664004
Pays-Bas,NLD,T_4000,2008,1.519118
Pays-Bas,NLD,T_4000,2009,1.375337
Pays-Bas,NLD,T_4000,2010,1.363872
Pays-Bas,NLD,T_4000,2011,1.205769
Pays-Bas,NLD,T_4000,2012,1.072722
Pays-Bas,NLD,T_4000,2013,1.214603
Pays-Bas,NLD,T_4000,2014,1.415652
Pays-Bas,NLD,T_4000,2015,1.397075
Pays-Bas,NLD,T_4000,2016,1.494637
Pays-Bas,NLD,T_4000,2017,1.529844
Pays-Bas,NLD,T_4000,2018,1.542286
Pays-Bas,NLD,T_4000,2019,1.467761
Pays-Bas,NLD,T_4000,2020,1.658863
Pays-Bas,NLD,T_4000,2021,1.582637
Pays-Bas,NLD,T_4000,2022,1.48699
Pays-Bas,NLD,T_4000,2023,1.263935
Pays-Bas,NLD,T_4000,2024,1.214298
Pays-Bas,NLD,T_4100,1995,0.692963
Pays-Bas,NLD,T_4100,1996,0.692441
Pays-Bas,NLD,T_4100,1997,0.690905
Pays-Bas,NLD,T_4100,1998,0.693954
Pays-Bas,NLD,T_4100,1999,0.679293
Pays-Bas,NLD,T_4100,2000,0.684224
Pays-Bas,NLD,T_4100,2001,0.689525
Pays-Bas,NLD,T_4100,2002,0.704115
Pays-Bas,NLD,T_4100,2003,0.747717
Pays-Bas,NLD,T_4100,2004,0.77487
Pays-Bas,NLD,T_4100,2005,0.784818
Pays-Bas,NLD,T_4100,2006,0.570437
Pays-Bas,NLD,T_4100,2007,0.560074
Pays-Bas,NLD,T_4100,2008,0.565639
Pays-Bas,NLD,T_4100,2009,0.647124
Pays-Bas,NLD,T_4100,2010,0.659542
Pays-Bas,NLD,T_4100,2011,0.675749
Pays-Bas,NLD,T_4100,2012,0.691094
Pays-Bas,NLD,T_4100,2013,0.788651
Pays-Bas,NLD,T_4100,2014,0.960174
Pays-Bas,NLD,T_4100,2015,0.91279
Pays-Bas,NLD,T_4100,2016,0.920193
Pays-Bas,NLD,T_4100,2017,0.921475
Pays-Bas,NLD,T_4100,2018,0.936143
Pays-Bas,NLD,T_4100,2019,0.890009
Pays-Bas,NLD,T_4100,2020,0.968813
Pays-Bas,NLD,T_4100,2021,0.87432
Pays-Bas,NLD,T_4100,2022,0.760902
Pays-Bas,NLD,T_4100,2023,0.687532
Pays-Bas,NLD,T_4100,2024,0.56982
Pays-Bas,NLD,T_4200,1995,0.203314
Pays-Bas,NLD,T_4200,1996,0.187663
Pays-Bas,NLD,T_4200,1997,0.206676
Pays-Bas,NLD,T_4200,1998,0.184632
Pays-Bas,NLD,T_4200,1999,0.185651
Pays-Bas,NLD,T_4200,2000,0.182224
Pays-Bas,NLD,T_4200,2001,0.018843
Pays-Bas,NLD,T_4200,2002,0.009743
Pays-Bas,NLD,T_4200,2003,0.00738
Pays-Bas,NLD,T_4200,2004,0.008277
Pays-Bas,NLD,T_4200,2005,0.010848
Pays-Bas,NLD,T_4200,2006,-0.001021
Pays-Bas,NLD,T_4200,2007,0.004817
Pays-Bas,NLD,T_4200,2008,0.003071
Pays-Bas,NLD,T_4200,2009,0.003967
Pays-Bas,NLD,T_4200,2010,0.003577
Pays-Bas,NLD,T_4200,2011,0.001677
Pays-Bas,NLD,T_4200,2012,0.000304
Pays-Bas,NLD,T_4200,2013,0.00015
Pays-Bas,NLD,T_4200,2014,0
Pays-Bas,NLD,T_4200,2015,0
Pays-Bas,NLD,T_4200,2016,0
Pays-Bas,NLD,T_4200,2017,0
Pays-Bas,NLD,T_4200,2018,0
Pays-Bas,NLD,T_4200,2019,0
Pays-Bas,NLD,T_4200,2020,0
Pays-Bas,NLD,T_4200,2021,0
Pays-Bas,NLD,T_4200,2022,0
Pays-Bas,NLD,T_4200,2023,0
Pays-Bas,NLD,T_4200,2024,0
Pays-Bas,NLD,T_4300,1995,0.234123
Pays-Bas,NLD,T_4300,1996,0.256262
Pays-Bas,NLD,T_4300,1997,0.255927
Pays-Bas,NLD,T_4300,1998,0.28366
Pays-Bas,NLD,T_4300,1999,0.307276
Pays-Bas,NLD,T_4300,2000,0.327959
Pays-Bas,NLD,T_4300,2001,0.270633
Pays-Bas,NLD,T_4300,2002,0.337044
Pays-Bas,NLD,T_4300,2003,0.28355
Pays-Bas,NLD,T_4300,2004,0.284439
Pays-Bas,NLD,T_4300,2005,0.308973
Pays-Bas,NLD,T_4300,2006,0.308114
Pays-Bas,NLD,T_4300,2007,0.301393
Pays-Bas,NLD,T_4300,2008,0.275603
Pays-Bas,NLD,T_4300,2009,0.287699
Pays-Bas,NLD,T_4300,2010,0.267642
Pays-Bas,NLD,T_4300,2011,0.234142
Pays-Bas,NLD,T_4300,2012,0.209956
Pays-Bas,NLD,T_4300,2013,0.259929
Pays-Bas,NLD,T_4300,2014,0.224718
Pays-Bas,NLD,T_4300,2015,0.230843
Pays-Bas,NLD,T_4300,2016,0.256188
Pays-Bas,NLD,T_4300,2017,0.245185
Pays-Bas,NLD,T_4300,2018,0.219873
Pays-Bas,NLD,T_4300,2019,0.214157
Pays-Bas,NLD,T_4300,2020,0.25488
Pays-Bas,NLD,T_4300,2021,0.279962
Pays-Bas,NLD,T_4300,2022,0.263025
Pays-Bas,NLD,T_4300,2023,0.285964
Pays-Bas,NLD,T_4300,2024,0.304243
Pays-Bas,NLD,T_4400,1995,0.435109
Pays-Bas,NLD,T_4400,1996,0.550536
Pays-Bas,NLD,T_4400,1997,0.609208
Pays-Bas,NLD,T_4400,1998,0.642287
Pays-Bas,NLD,T_4400,1999,0.724277
Pays-Bas,NLD,T_4400,2000,0.75101
Pays-Bas,NLD,T_4400,2001,0.815421
Pays-Bas,NLD,T_4400,2002,0.791607
Pays-Bas,NLD,T_4400,2003,0.720527
Pays-Bas,NLD,T_4400,2004,0.756622
Pays-Bas,NLD,T_4400,2005,0.807417
Pays-Bas,NLD,T_4400,2006,0.796672
Pays-Bas,NLD,T_4400,2007,0.79772
Pays-Bas,NLD,T_4400,2008,0.674805
Pays-Bas,NLD,T_4400,2009,0.436547
Pays-Bas,NLD,T_4400,2010,0.433111
Pays-Bas,NLD,T_4400,2011,0.294201
Pays-Bas,NLD,T_4400,2012,0.171368
Pays-Bas,NLD,T_4400,2013,0.165874
Pays-Bas,NLD,T_4400,2014,0.23076
Pays-Bas,NLD,T_4400,2015,0.253442
Pays-Bas,NLD,T_4400,2016,0.318256
Pays-Bas,NLD,T_4400,2017,0.363183
Pays-Bas,NLD,T_4400,2018,0.38627
Pays-Bas,NLD,T_4400,2019,0.363596
Pays-Bas,NLD,T_4400,2020,0.43517
Pays-Bas,NLD,T_4400,2021,0.428355
Pays-Bas,NLD,T_4400,2022,0.463062
Pays-Bas,NLD,T_4400,2023,0.290439
Pays-Bas,NLD,T_4400,2024,0.340235
Pays-Bas,NLD,T_5000,1995,10.617175
Pays-Bas,NLD,T_5000,1996,10.845931
Pays-Bas,NLD,T_5000,1997,10.809279
Pays-Bas,NLD,T_5000,1998,10.78085
Pays-Bas,NLD,T_5000,1999,11.077181
Pays-Bas,NLD,T_5000,2000,10.94051
Pays-Bas,NLD,T_5000,2001,11.183561
Pays-Bas,NLD,T_5000,2002,10.914673
Pays-Bas,NLD,T_5000,2003,11.057271
Pays-Bas,NLD,T_5000,2004,11.207492
Pays-Bas,NLD,T_5000,2005,11.232423
Pays-Bas,NLD,T_5000,2006,11.38832
Pays-Bas,NLD,T_5000,2007,11.253502
Pays-Bas,NLD,T_5000,2008,11.0969
Pays-Bas,NLD,T_5000,2009,10.842261
Pays-Bas,NLD,T_5000,2010,11.176289
Pays-Bas,NLD,T_5000,2011,10.856645
Pays-Bas,NLD,T_5000,2012,10.785103
Pays-Bas,NLD,T_5000,2013,10.941648
Pays-Bas,NLD,T_5000,2014,11.149424
Pays-Bas,NLD,T_5000,2015,11.140129
Pays-Bas,NLD,T_5000,2016,11.47846
Pays-Bas,NLD,T_5000,2017,11.407304
Pays-Bas,NLD,T_5000,2018,11.499315
Pays-Bas,NLD,T_5000,2019,11.807893
Pays-Bas,NLD,T_5000,2020,11.884556
Pays-Bas,NLD,T_5000,2021,11.834558
Pays-Bas,NLD,T_5000,2022,11.474613
Pays-Bas,NLD,T_5000,2023,11.451026
Pays-Bas,NLD,T_5000,2024,11.091006
Pays-Bas,NLD,T_5111,1995,6.009114
Pays-Bas,NLD,T_5111,1996,6.172893
Pays-Bas,NLD,T_5111,1997,6.192177
Pays-Bas,NLD,T_5111,1998,6.201515
Pays-Bas,NLD,T_5111,1999,6.410674
Pays-Bas,NLD,T_5111,2000,6.379826
Pays-Bas,NLD,T_5111,2001,6.731464
Pays-Bas,NLD,T_5111,2002,6.659959
Pays-Bas,NLD,T_5111,2003,6.749647
Pays-Bas,NLD,T_5111,2004,6.736798
Pays-Bas,NLD,T_5111,2005,6.680262
Pays-Bas,NLD,T_5111,2006,6.790094
Pays-Bas,NLD,T_5111,2007,6.884188
Pays-Bas,NLD,T_5111,2008,6.636123
Pays-Bas,NLD,T_5111,2009,6.36111
Pays-Bas,NLD,T_5111,2010,6.633366
Pays-Bas,NLD,T_5111,2011,6.342862
Pays-Bas,NLD,T_5111,2012,6.335
Pays-Bas,NLD,T_5111,2013,6.374114
Pays-Bas,NLD,T_5111,2014,6.293295
Pays-Bas,NLD,T_5111,2015,6.418851
Pays-Bas,NLD,T_5111,2016,6.64408
Pays-Bas,NLD,T_5111,2017,6.636781
Pays-Bas,NLD,T_5111,2018,6.695517
Pays-Bas,NLD,T_5111,2019,7.003773
Pays-Bas,NLD,T_5111,2020,7.22274
Pays-Bas,NLD,T_5111,2021,7.335539
Pays-Bas,NLD,T_5111,2022,7.089614
Pays-Bas,NLD,T_5111,2023,7.22956
Pays-Bas,NLD,T_5111,2024,7.020746
Pays-Bas,NLD,_T,1995,37.193289
Pays-Bas,NLD,_T,1996,37.272441
Pays-Bas,NLD,_T,1997,36.737174
Pays-Bas,NLD,_T,1998,36.20387
Pays-Bas,NLD,_T,1999,37.097131
Pays-Bas,NLD,_T,2000,36.892375
Pays-Bas,NLD,_T,2001,35.534154
Pays-Bas,NLD,_T,2002,34.890963
Pays-Bas,NLD,_T,2003,34.662974
Pays-Bas,NLD,_T,2004,34.65921
Pays-Bas,NLD,_T,2005,34.87133
Pays-Bas,NLD,_T,2006,35.868781
Pays-Bas,NLD,_T,2007,35.478303
Pays-Bas,NLD,_T,2008,35.720153
Pays-Bas,NLD,_T,2009,34.643027
Pays-Bas,NLD,_T,2010,35.443733
Pays-Bas,NLD,_T,2011,35.137566
Pays-Bas,NLD,_T,2012,35.302447
Pays-Bas,NLD,_T,2013,35.832305
Pays-Bas,NLD,_T,2014,36.660787
Pays-Bas,NLD,_T,2015,36.521329
Pays-Bas,NLD,_T,2016,37.773874
Pays-Bas,NLD,_T,2017,38.04579
Pays-Bas,NLD,_T,2018,38.144075
Pays-Bas,NLD,_T,2019,38.472969
Pays-Bas,NLD,_T,2020,39.022099
Pays-Bas,NLD,_T,2021,38.264035
Pays-Bas,NLD,_T,2022,38.065746
Pays-Bas,NLD,_T,2023,39.264169
Pays-Bas,NLD,_T,2024,38.541274
Pologne,POL,T_1100,1995,8.188671
Pologne,POL,T_1100,1996,7.753109
Pologne,POL,T_1100,1997,7.471884
Pologne,POL,T_1100,1998,7.497341
Pologne,POL,T_1100,1999,4.834001
Pologne,POL,T_1100,2000,4.312403
Pologne,POL,T_1100,2001,4.206264
Pologne,POL,T_1100,2002,4.164171
Pologne,POL,T_1100,2003,4.130583
Pologne,POL,T_1100,2004,3.961427
Pologne,POL,T_1100,2005,4.272053
Pologne,POL,T_1100,2006,4.591871
Pologne,POL,T_1100,2007,5.168106
Pologne,POL,T_1100,2008,5.271776
Pologne,POL,T_1100,2009,4.518684
Pologne,POL,T_1100,2010,4.363126
Pologne,POL,T_1100,2011,4.339119
Pologne,POL,T_1100,2012,4.476336
Pologne,POL,T_1100,2013,4.531533
Pologne,POL,T_1100,2014,4.602952
Pologne,POL,T_1100,2015,4.640565
Pologne,POL,T_1100,2016,4.82706
Pologne,POL,T_1100,2017,4.963903
Pologne,POL,T_1100,2018,5.245841
Pologne,POL,T_1100,2019,5.269479
Pologne,POL,T_1100,2020,5.204305
Pologne,POL,T_1100,2021,5.285743
Pologne,POL,T_1100,2022,4.458713
Pologne,POL,T_1100,2023,4.421285
Pologne,POL,T_1100,2024,5.039289
Pologne,POL,T_1200,1995,2.686637
Pologne,POL,T_1200,1996,2.604897
Pologne,POL,T_1200,1997,2.663735
Pologne,POL,T_1200,1998,2.558538
Pologne,POL,T_1200,1999,2.351437
Pologne,POL,T_1200,2000,2.375115
Pologne,POL,T_1200,2001,1.777781
Pologne,POL,T_1200,2002,1.964996
Pologne,POL,T_1200,2003,1.741645
Pologne,POL,T_1200,2004,1.933559
Pologne,POL,T_1200,2005,2.119918
Pologne,POL,T_1200,2006,2.372703
Pologne,POL,T_1200,2007,2.717604
Pologne,POL,T_1200,2008,2.672388
Pologne,POL,T_1200,2009,2.232845
Pologne,POL,T_1200,2010,1.95089
Pologne,POL,T_1200,2011,2.023677
Pologne,POL,T_1200,2012,2.08742
Pologne,POL,T_1200,2013,1.792134
Pologne,POL,T_1200,2014,1.756535
Pologne,POL,T_1200,2015,1.829391
Pologne,POL,T_1200,2016,1.831765
Pologne,POL,T_1200,2017,1.921039
Pologne,POL,T_1200,2018,2.063944
Pologne,POL,T_1200,2019,2.187059
Pologne,POL,T_1200,2020,2.237581
Pologne,POL,T_1200,2021,2.576988
Pologne,POL,T_1200,2022,2.765855
Pologne,POL,T_1200,2023,2.616891
Pologne,POL,T_1200,2024,2.409915
Pologne,POL,T_2000,1995,11.04564
Pologne,POL,T_2000,1996,11.317717
Pologne,POL,T_2000,1997,11.471968
Pologne,POL,T_2000,1998,11.456623
Pologne,POL,T_2000,1999,13.586325
Pologne,POL,T_2000,2000,12.822931
Pologne,POL,T_2000,2001,13.34768
Pologne,POL,T_2000,2002,12.7683
Pologne,POL,T_2000,2003,12.552926
Pologne,POL,T_2000,2004,12.031826
Pologne,POL,T_2000,2005,12.110827
Pologne,POL,T_2000,2006,11.958542
Pologne,POL,T_2000,2007,11.777574
Pologne,POL,T_2000,2008,11.17203
Pologne,POL,T_2000,2009,11.051697
Pologne,POL,T_2000,2010,10.822738
Pologne,POL,T_2000,2011,11.139338
Pologne,POL,T_2000,2012,12.003141
Pologne,POL,T_2000,2013,12.370189
Pologne,POL,T_2000,2014,12.16383
Pologne,POL,T_2000,2015,12.350047
Pologne,POL,T_2000,2016,12.660668
Pologne,POL,T_2000,2017,12.766146
Pologne,POL,T_2000,2018,12.929395
Pologne,POL,T_2000,2019,13.065137
Pologne,POL,T_2000,2020,13.349435
Pologne,POL,T_2000,2021,12.820691
Pologne,POL,T_2000,2022,12.658626
Pologne,POL,T_2000,2023,13.218998
Pologne,POL,T_2000,2024,14.10843
Pologne,POL,T_3000,1995,0.239909
Pologne,POL,T_3000,1996,0.211501
Pologne,POL,T_3000,1997,0.221422
Pologne,POL,T_3000,1998,0.217999
Pologne,POL,T_3000,1999,0.172326
Pologne,POL,T_3000,2000,0.216585
Pologne,POL,T_3000,2001,0.190372
Pologne,POL,T_3000,2002,0.196377
Pologne,POL,T_3000,2003,0.210823
Pologne,POL,T_3000,2004,0.240041
Pologne,POL,T_3000,2005,0.257225
Pologne,POL,T_3000,2006,0.249214
Pologne,POL,T_3000,2007,0.259032
Pologne,POL,T_3000,2008,0.281149
Pologne,POL,T_3000,2009,0.275289
Pologne,POL,T_3000,2010,0.258038
Pologne,POL,T_3000,2011,0.267402
Pologne,POL,T_3000,2012,0.264449
Pologne,POL,T_3000,2013,0.244113
Pologne,POL,T_3000,2014,0.236349
Pologne,POL,T_3000,2015,0.222595
Pologne,POL,T_3000,2016,0.223638
Pologne,POL,T_3000,2017,0.224605
Pologne,POL,T_3000,2018,0.219782
Pologne,POL,T_3000,2019,0.256188
Pologne,POL,T_3000,2020,0.32515
Pologne,POL,T_3000,2021,0.545967
Pologne,POL,T_3000,2022,0.553203
Pologne,POL,T_3000,2023,0.572341
Pologne,POL,T_3000,2024,0.603701
Pologne,POL,T_4000,1995,1.261617
Pologne,POL,T_4000,1996,1.30291
Pologne,POL,T_4000,1997,1.343978
Pologne,POL,T_4000,1998,1.367585
Pologne,POL,T_4000,1999,1.440189
Pologne,POL,T_4000,2000,1.408067
Pologne,POL,T_4000,2001,1.659992
Pologne,POL,T_4000,2002,1.621214
Pologne,POL,T_4000,2003,1.513998
Pologne,POL,T_4000,2004,1.482495
Pologne,POL,T_4000,2005,1.482241
Pologne,POL,T_4000,2006,1.441155
Pologne,POL,T_4000,2007,1.439009
Pologne,POL,T_4000,2008,1.420391
Pologne,POL,T_4000,2009,1.340027
Pologne,POL,T_4000,2010,1.322651
Pologne,POL,T_4000,2011,1.284516
Pologne,POL,T_4000,2012,1.340367
Pologne,POL,T_4000,2013,1.411677
Pologne,POL,T_4000,2014,1.402831
Pologne,POL,T_4000,2015,1.361488
Pologne,POL,T_4000,2016,1.372591
Pologne,POL,T_4000,2017,1.357197
Pologne,POL,T_4000,2018,1.296804
Pologne,POL,T_4000,2019,1.252977
Pologne,POL,T_4000,2020,1.282021
Pologne,POL,T_4000,2021,1.262851
Pologne,POL,T_4000,2022,1.154361
Pologne,POL,T_4000,2023,1.149103
Pologne,POL,T_4000,2024,1.181531
Pologne,POL,T_4100,1995,1.033255
Pologne,POL,T_4100,1996,1.044358
Pologne,POL,T_4100,1997,1.07831
Pologne,POL,T_4100,1998,1.094429
Pologne,POL,T_4100,1999,1.111927
Pologne,POL,T_4100,2000,1.118045
Pologne,POL,T_4100,2001,1.441478
Pologne,POL,T_4100,2002,1.425205
Pologne,POL,T_4100,2003,1.333293
Pologne,POL,T_4100,2004,1.290675
Pologne,POL,T_4100,2005,1.280388
Pologne,POL,T_4100,2006,1.216816
Pologne,POL,T_4100,2007,1.136259
Pologne,POL,T_4100,2008,1.167838
Pologne,POL,T_4100,2009,1.156404
Pologne,POL,T_4100,2010,1.137516
Pologne,POL,T_4100,2011,1.118461
Pologne,POL,T_4100,2012,1.200068
Pologne,POL,T_4100,2013,1.266785
Pologne,POL,T_4100,2014,1.252671
Pologne,POL,T_4100,2015,1.227146
Pologne,POL,T_4100,2016,1.217765
Pologne,POL,T_4100,2017,1.191034
Pologne,POL,T_4100,2018,1.132667
Pologne,POL,T_4100,2019,1.0891
Pologne,POL,T_4100,2020,1.119552
Pologne,POL,T_4100,2021,1.054436
Pologne,POL,T_4100,2022,0.970186
Pologne,POL,T_4100,2023,0.98932
Pologne,POL,T_4100,2024,1.034492
Pologne,POL,T_4200,1995,0
Pologne,POL,T_4200,1996,0
Pologne,POL,T_4200,1997,0
Pologne,POL,T_4200,1998,0
Pologne,POL,T_4200,1999,0
Pologne,POL,T_4200,2000,0
Pologne,POL,T_4200,2001,0
Pologne,POL,T_4200,2002,0
Pologne,POL,T_4200,2003,0
Pologne,POL,T_4200,2004,0
Pologne,POL,T_4200,2005,0
Pologne,POL,T_4200,2006,0
Pologne,POL,T_4200,2007,0
Pologne,POL,T_4200,2008,0
Pologne,POL,T_4200,2009,0
Pologne,POL,T_4200,2010,0
Pologne,POL,T_4200,2011,0
Pologne,POL,T_4200,2012,0
Pologne,POL,T_4200,2013,0
Pologne,POL,T_4200,2014,0
Pologne,POL,T_4200,2015,0
Pologne,POL,T_4200,2016,0
Pologne,POL,T_4200,2017,0
Pologne,POL,T_4200,2018,0
Pologne,POL,T_4200,2019,0
Pologne,POL,T_4200,2020,0
Pologne,POL,T_4200,2021,0
Pologne,POL,T_4200,2022,0
Pologne,POL,T_4200,2023,0
Pologne,POL,T_4200,2024,0
Pologne,POL,T_4300,1995,0.012703
Pologne,POL,T_4300,1996,0.014761
Pologne,POL,T_4300,1997,0.016592
Pologne,POL,T_4300,1998,0.01937
Pologne,POL,T_4300,1999,0.021559
Pologne,POL,T_4300,2000,0.022882
Pologne,POL,T_4300,2001,0.027887
Pologne,POL,T_4300,2002,0.024179
Pologne,POL,T_4300,2003,0.021176
Pologne,POL,T_4300,2004,0.023791
Pologne,POL,T_4300,2005,0.024363
Pologne,POL,T_4300,2006,0.023757
Pologne,POL,T_4300,2007,0.027576
Pologne,POL,T_4300,2008,0.026658
Pologne,POL,T_4300,2009,0.022753
Pologne,POL,T_4300,2010,0.020116
Pologne,POL,T_4300,2011,0.01784
Pologne,POL,T_4300,2012,0.018061
Pologne,POL,T_4300,2013,0.015387
Pologne,POL,T_4300,2014,0.015378
Pologne,POL,T_4300,2015,0.013594
Pologne,POL,T_4300,2016,0.014952
Pologne,POL,T_4300,2017,0.014773
Pologne,POL,T_4300,2018,0.013923
Pologne,POL,T_4300,2019,0.014045
Pologne,POL,T_4300,2020,0.013246
Pologne,POL,T_4300,2021,0.015968
Pologne,POL,T_4300,2022,0.017898
Pologne,POL,T_4300,2023,0.017422
Pologne,POL,T_4300,2024,0.016258
Pologne,POL,T_4400,1995,0.215658
Pologne,POL,T_4400,1996,0.243791
Pologne,POL,T_4400,1997,0.249076
Pologne,POL,T_4400,1998,0.253785
Pologne,POL,T_4400,1999,0.306703
Pologne,POL,T_4400,2000,0.267139
Pologne,POL,T_4400,2001,0.190627
Pologne,POL,T_4400,2002,0.17183
Pologne,POL,T_4400,2003,0.159529
Pologne,POL,T_4400,2004,0.168029
Pologne,POL,T_4400,2005,0.17749
Pologne,POL,T_4400,2006,0.200582
Pologne,POL,T_4400,2007,0.275174
Pologne,POL,T_4400,2008,0.225896
Pologne,POL,T_4400,2009,0.16087
Pologne,POL,T_4400,2010,0.165019
Pologne,POL,T_4400,2011,0.148216
Pologne,POL,T_4400,2012,0.122238
Pologne,POL,T_4400,2013,0.129506
Pologne,POL,T_4400,2014,0.134781
Pologne,POL,T_4400,2015,0.120747
Pologne,POL,T_4400,2016,0.139874
Pologne,POL,T_4400,2017,0.151389
Pologne,POL,T_4400,2018,0.150215
Pologne,POL,T_4400,2019,0.149832
Pologne,POL,T_4400,2020,0.149223
Pologne,POL,T_4400,2021,0.192447
Pologne,POL,T_4400,2022,0.166277
Pologne,POL,T_4400,2023,0.14236
Pologne,POL,T_4400,2024,0.130781
Pologne,POL,T_5000,1995,12.940375
Pologne,POL,T_5000,1996,13.141422
Pologne,POL,T_5000,1997,12.67615
Pologne,POL,T_5000,1998,11.998667
Pologne,POL,T_5000,1999,12.389638
Pologne,POL,T_5000,2000,11.558279
Pologne,POL,T_5000,2001,11.459624
Pologne,POL,T_5000,2002,12.12492
Pologne,POL,T_5000,2003,12.158692
Pologne,POL,T_5000,2004,12.116748
Pologne,POL,T_5000,2005,12.600814
Pologne,POL,T_5000,2006,12.851613
Pologne,POL,T_5000,2007,13.172948
Pologne,POL,T_5000,2008,13.280803
Pologne,POL,T_5000,2009,11.819991
Pologne,POL,T_5000,2010,12.681303
Pologne,POL,T_5000,2011,12.760505
Pologne,POL,T_5000,2012,11.972073
Pologne,POL,T_5000,2013,11.831712
Pologne,POL,T_5000,2014,11.861992
Pologne,POL,T_5000,2015,11.835006
Pologne,POL,T_5000,2016,12.361573
Pologne,POL,T_5000,2017,12.716167
Pologne,POL,T_5000,2018,12.911142
Pologne,POL,T_5000,2019,12.706699
Pologne,POL,T_5000,2020,12.73989
Pologne,POL,T_5000,2021,13.766054
Pologne,POL,T_5000,2022,12.450393
Pologne,POL,T_5000,2023,12.919695
Pologne,POL,T_5000,2024,11.773585
Pologne,POL,T_5111,1995,6.064132
Pologne,POL,T_5111,1996,6.759032
Pologne,POL,T_5111,1997,7.249127
Pologne,POL,T_5111,1998,7.019154
Pologne,POL,T_5111,1999,7.362194
Pologne,POL,T_5111,2000,6.866719
Pologne,POL,T_5111,2001,6.724776
Pologne,POL,T_5111,2002,7.132775
Pologne,POL,T_5111,2003,7.083756
Pologne,POL,T_5111,2004,7.067027
Pologne,POL,T_5111,2005,7.629471
Pologne,POL,T_5111,2006,8.031117
Pologne,POL,T_5111,2007,8.226461
Pologne,POL,T_5111,2008,7.8948
Pologne,POL,T_5111,2009,7.237483
Pologne,POL,T_5111,2010,7.610516
Pologne,POL,T_5111,2011,7.842206
Pologne,POL,T_5111,2012,7.166933
Pologne,POL,T_5111,2013,7.119873
Pologne,POL,T_5111,2014,7.172967
Pologne,POL,T_5111,2015,6.957201
Pologne,POL,T_5111,2016,7.214678
Pologne,POL,T_5111,2017,7.746956
Pologne,POL,T_5111,2018,8.021282
Pologne,POL,T_5111,2019,7.871763
Pologne,POL,T_5111,2020,7.87013
Pologne,POL,T_5111,2021,8.459082
Pologne,POL,T_5111,2022,7.204315
Pologne,POL,T_5111,2023,7.314347
Pologne,POL,T_5111,2024,7.984658
Pologne,POL,_T,1995,36.437045
Pologne,POL,_T,1996,36.413896
Pologne,POL,_T,1997,35.938391
Pologne,POL,_T,1998,35.147642
Pologne,POL,_T,1999,34.818068
Pologne,POL,_T,2000,32.73236
Pologne,POL,_T,2001,32.671892
Pologne,POL,_T,2002,32.86612
Pologne,POL,_T,2003,32.333962
Pologne,POL,_T,2004,31.790206
Pologne,POL,_T,2005,32.872878
Pologne,POL,_T,2006,33.50814
Pologne,POL,_T,2007,34.578327
Pologne,POL,_T,2008,34.151776
Pologne,POL,_T,2009,31.285711
Pologne,POL,_T,2010,31.439947
Pologne,POL,_T,2011,31.855864
Pologne,POL,_T,2012,32.188662
Pologne,POL,_T,2013,32.243944
Pologne,POL,_T,2014,32.089745
Pologne,POL,_T,2015,32.274846
Pologne,POL,_T,2016,33.326652
Pologne,POL,_T,2017,33.998486
Pologne,POL,_T,2018,34.717243
Pologne,POL,_T,2019,34.786072
Pologne,POL,_T,2020,35.180111
Pologne,POL,_T,2021,36.306536
Pologne,POL,_T,2022,34.090137
Pologne,POL,_T,2023,34.947211
Pologne,POL,_T,2024,36.64229
Portugal,PRT,T_1100,1995,5.282668
Portugal,PRT,T_1100,1996,5.524291
Portugal,PRT,T_1100,1997,5.213044
Portugal,PRT,T_1100,1998,5.047668
Portugal,PRT,T_1100,1999,5.046659
Portugal,PRT,T_1100,2000,5.270676
Portugal,PRT,T_1100,2001,5.317215
Portugal,PRT,T_1100,2002,5.127328
Portugal,PRT,T_1100,2003,4.9809
Portugal,PRT,T_1100,2004,4.944268
Portugal,PRT,T_1100,2005,5.040631
Portugal,PRT,T_1100,2006,5.113182
Portugal,PRT,T_1100,2007,5.315434
Portugal,PRT,T_1100,2008,5.380996
Portugal,PRT,T_1100,2009,5.502344
Portugal,PRT,T_1100,2010,5.358171
Portugal,PRT,T_1100,2011,5.960172
Portugal,PRT,T_1100,2012,5.808929
Portugal,PRT,T_1100,2013,7.686766
Portugal,PRT,T_1100,2014,7.692465
Portugal,PRT,T_1100,2015,7.329555
Portugal,PRT,T_1100,2016,6.776235
Portugal,PRT,T_1100,2017,6.457269
Portugal,PRT,T_1100,2018,6.493591
Portugal,PRT,T_1100,2019,6.331266
Portugal,PRT,T_1100,2020,6.960831
Portugal,PRT,T_1100,2021,6.916097
Portugal,PRT,T_1100,2022,6.931967
Portugal,PRT,T_1100,2023,6.84102
Portugal,PRT,T_1100,2024,6.097318
Portugal,PRT,T_1200,1995,2.265044
Portugal,PRT,T_1200,1996,2.651603
Portugal,PRT,T_1200,1997,3.040148
Portugal,PRT,T_1200,1998,3.022749
Portugal,PRT,T_1200,1999,3.462634
Portugal,PRT,T_1200,2000,3.694346
Portugal,PRT,T_1200,2001,3.225419
Portugal,PRT,T_1200,2002,3.255564
Portugal,PRT,T_1200,2003,2.459742
Portugal,PRT,T_1200,2004,2.829927
Portugal,PRT,T_1200,2005,2.641524
Portugal,PRT,T_1200,2006,2.871827
Portugal,PRT,T_1200,2007,3.492152
Portugal,PRT,T_1200,2008,3.546931
Portugal,PRT,T_1200,2009,2.768557
Portugal,PRT,T_1200,2010,2.744244
Portugal,PRT,T_1200,2011,3.14356
Portugal,PRT,T_1200,2012,2.743003
Portugal,PRT,T_1200,2013,3.2431
Portugal,PRT,T_1200,2014,2.84694
Portugal,PRT,T_1200,2015,3.129212
Portugal,PRT,T_1200,2016,3.044356
Portugal,PRT,T_1200,2017,3.212574
Portugal,PRT,T_1200,2018,3.318129
Portugal,PRT,T_1200,2019,3.106035
Portugal,PRT,T_1200,2020,2.755797
Portugal,PRT,T_1200,2021,2.404639
Portugal,PRT,T_1200,2022,3.312726
Portugal,PRT,T_1200,2023,3.404029
Portugal,PRT,T_1200,2024,3.796253
Portugal,PRT,T_2000,1995,7.670157
Portugal,PRT,T_2000,1996,7.543132
Portugal,PRT,T_2000,1997,7.720537
Portugal,PRT,T_2000,1998,7.703346
Portugal,PRT,T_2000,1999,7.771684
Portugal,PRT,T_2000,2000,7.918255
Portugal,PRT,T_2000,2001,8.180156
Portugal,PRT,T_2000,2002,8.237472
Portugal,PRT,T_2000,2003,8.255526
Portugal,PRT,T_2000,2004,8.127271
Portugal,PRT,T_2000,2005,8.215932
Portugal,PRT,T_2000,2006,8.112535
Portugal,PRT,T_2000,2007,8.151648
Portugal,PRT,T_2000,2008,8.372637
Portugal,PRT,T_2000,2009,8.557794
Portugal,PRT,T_2000,2010,8.596909
Portugal,PRT,T_2000,2011,8.888508
Portugal,PRT,T_2000,2012,8.675402
Portugal,PRT,T_2000,2013,8.870046
Portugal,PRT,T_2000,2014,8.993744
Portugal,PRT,T_2000,2015,9.020561
Portugal,PRT,T_2000,2016,9.075034
Portugal,PRT,T_2000,2017,9.183862
Portugal,PRT,T_2000,2018,9.332494
Portugal,PRT,T_2000,2019,9.605075
Portugal,PRT,T_2000,2020,10.417674
Portugal,PRT,T_2000,2021,10.379405
Portugal,PRT,T_2000,2022,10.159672
Portugal,PRT,T_2000,2023,10.255771
Portugal,PRT,T_2000,2024,10.515059
Portugal,PRT,T_3000,1995,0
Portugal,PRT,T_3000,1996,0
Portugal,PRT,T_3000,1997,0
Portugal,PRT,T_3000,1998,0
Portugal,PRT,T_3000,1999,0
Portugal,PRT,T_3000,2000,0
Portugal,PRT,T_3000,2001,0
Portugal,PRT,T_3000,2002,0
Portugal,PRT,T_3000,2003,0
Portugal,PRT,T_3000,2004,0
Portugal,PRT,T_3000,2005,0
Portugal,PRT,T_3000,2006,0
Portugal,PRT,T_3000,2007,0
Portugal,PRT,T_3000,2008,0
Portugal,PRT,T_3000,2009,0
Portugal,PRT,T_3000,2010,0
Portugal,PRT,T_3000,2011,0
Portugal,PRT,T_3000,2012,0
Portugal,PRT,T_3000,2013,0
Portugal,PRT,T_3000,2014,0
Portugal,PRT,T_3000,2015,0
Portugal,PRT,T_3000,2016,0
Portugal,PRT,T_3000,2017,0
Portugal,PRT,T_3000,2018,0
Portugal,PRT,T_3000,2019,0
Portugal,PRT,T_3000,2020,0
Portugal,PRT,T_3000,2021,0
Portugal,PRT,T_3000,2022,0
Portugal,PRT,T_3000,2023,0
Portugal,PRT,T_3000,2024,0
Portugal,PRT,T_4000,1995,0.926973
Portugal,PRT,T_4000,1996,0.873946
Portugal,PRT,T_4000,1997,0.880646
Portugal,PRT,T_4000,1998,1.003626
Portugal,PRT,T_4000,1999,1.156532
Portugal,PRT,T_4000,2000,1.143075
Portugal,PRT,T_4000,2001,1.068463
Portugal,PRT,T_4000,2002,1.138627
Portugal,PRT,T_4000,2003,1.107905
Portugal,PRT,T_4000,2004,1.07069
Portugal,PRT,T_4000,2005,1.138893
Portugal,PRT,T_4000,2006,1.219497
Portugal,PRT,T_4000,2007,1.32774
Portugal,PRT,T_4000,2008,1.226703
Portugal,PRT,T_4000,2009,1.122551
Portugal,PRT,T_4000,2010,1.081841
Portugal,PRT,T_4000,2011,1.095017
Portugal,PRT,T_4000,2012,1.028345
Portugal,PRT,T_4000,2013,1.122155
Portugal,PRT,T_4000,2014,1.229306
Portugal,PRT,T_4000,2015,1.286143
Portugal,PRT,T_4000,2016,1.282482
Portugal,PRT,T_4000,2017,1.358705
Portugal,PRT,T_4000,2018,1.446243
Portugal,PRT,T_4000,2019,1.434981
Portugal,PRT,T_4000,2020,1.436465
Portugal,PRT,T_4000,2021,1.546982
Portugal,PRT,T_4000,2022,1.547831
Portugal,PRT,T_4000,2023,1.415276
Portugal,PRT,T_4000,2024,1.342822
Portugal,PRT,T_4100,1995,0.348229
Portugal,PRT,T_4100,1996,0.334271
Portugal,PRT,T_4100,1997,0.329604
Portugal,PRT,T_4100,1998,0.366098
Portugal,PRT,T_4100,1999,0.381958
Portugal,PRT,T_4100,2000,0.395365
Portugal,PRT,T_4100,2001,0.394916
Portugal,PRT,T_4100,2002,0.424072
Portugal,PRT,T_4100,2003,0.475068
Portugal,PRT,T_4100,2004,0.513226
Portugal,PRT,T_4100,2005,0.521876
Portugal,PRT,T_4100,2006,0.543359
Portugal,PRT,T_4100,2007,0.574646
Portugal,PRT,T_4100,2008,0.615359
Portugal,PRT,T_4100,2009,0.607753
Portugal,PRT,T_4100,2010,0.618332
Portugal,PRT,T_4100,2011,0.687268
Portugal,PRT,T_4100,2012,0.679673
Portugal,PRT,T_4100,2013,0.784513
Portugal,PRT,T_4100,2014,0.837383
Portugal,PRT,T_4100,2015,0.855789
Portugal,PRT,T_4100,2016,0.809723
Portugal,PRT,T_4100,2017,0.795721
Portugal,PRT,T_4100,2018,0.801735
Portugal,PRT,T_4100,2019,0.791983
Portugal,PRT,T_4100,2020,0.811791
Portugal,PRT,T_4100,2021,0.74472
Portugal,PRT,T_4100,2022,0.666525
Portugal,PRT,T_4100,2023,0.606873
Portugal,PRT,T_4100,2024,0.570294
Portugal,PRT,T_4200,1995,0
Portugal,PRT,T_4200,1996,0
Portugal,PRT,T_4200,1997,0
Portugal,PRT,T_4200,1998,0
Portugal,PRT,T_4200,1999,0
Portugal,PRT,T_4200,2000,0
Portugal,PRT,T_4200,2001,0
Portugal,PRT,T_4200,2002,0
Portugal,PRT,T_4200,2003,0
Portugal,PRT,T_4200,2004,0
Portugal,PRT,T_4200,2005,0
Portugal,PRT,T_4200,2006,0
Portugal,PRT,T_4200,2007,0
Portugal,PRT,T_4200,2008,0
Portugal,PRT,T_4200,2009,0
Portugal,PRT,T_4200,2010,0
Portugal,PRT,T_4200,2011,0
Portugal,PRT,T_4200,2012,0
Portugal,PRT,T_4200,2013,0
Portugal,PRT,T_4200,2014,0
Portugal,PRT,T_4200,2015,0
Portugal,PRT,T_4200,2016,0
Portugal,PRT,T_4200,2017,0
Portugal,PRT,T_4200,2018,0
Portugal,PRT,T_4200,2019,0
Portugal,PRT,T_4200,2020,0
Portugal,PRT,T_4200,2021,0
Portugal,PRT,T_4200,2022,0
Portugal,PRT,T_4200,2023,0
Portugal,PRT,T_4200,2024,0
Portugal,PRT,T_4300,1995,0.064011
Portugal,PRT,T_4300,1996,0.063249
Portugal,PRT,T_4300,1997,0.069626
Portugal,PRT,T_4300,1998,0.075778
Portugal,PRT,T_4300,1999,0.078658
Portugal,PRT,T_4300,2000,0.080211
Portugal,PRT,T_4300,2001,0.067001
Portugal,PRT,T_4300,2002,0.073721
Portugal,PRT,T_4300,2003,0.071868
Portugal,PRT,T_4300,2004,0.017653
Portugal,PRT,T_4300,2005,0.016063
Portugal,PRT,T_4300,2006,0.013851
Portugal,PRT,T_4300,2007,0.005485
Portugal,PRT,T_4300,2008,0.004604
Portugal,PRT,T_4300,2009,0.000156
Portugal,PRT,T_4300,2010,0.001235
Portugal,PRT,T_4300,2011,1.5E-05
Portugal,PRT,T_4300,2012,6E-06
Portugal,PRT,T_4300,2013,0.001023
Portugal,PRT,T_4300,2014,1E-06
Portugal,PRT,T_4300,2015,0
Portugal,PRT,T_4300,2016,0.000167
Portugal,PRT,T_4300,2017,0
Portugal,PRT,T_4300,2018,0.000114
Portugal,PRT,T_4300,2019,0
Portugal,PRT,T_4300,2020,3.8E-05
Portugal,PRT,T_4300,2021,2E-06
Portugal,PRT,T_4300,2022,2.3E-05
Portugal,PRT,T_4300,2023,5E-05
Portugal,PRT,T_4300,2024,1E-06
Portugal,PRT,T_4400,1995,0.514734
Portugal,PRT,T_4400,1996,0.476427
Portugal,PRT,T_4400,1997,0.481416
Portugal,PRT,T_4400,1998,0.561749
Portugal,PRT,T_4400,1999,0.695916
Portugal,PRT,T_4400,2000,0.667499
Portugal,PRT,T_4400,2001,0.606546
Portugal,PRT,T_4400,2002,0.640833
Portugal,PRT,T_4400,2003,0.560969
Portugal,PRT,T_4400,2004,0.53981
Portugal,PRT,T_4400,2005,0.600953
Portugal,PRT,T_4400,2006,0.662287
Portugal,PRT,T_4400,2007,0.747609
Portugal,PRT,T_4400,2008,0.60674
Portugal,PRT,T_4400,2009,0.514642
Portugal,PRT,T_4400,2010,0.462274
Portugal,PRT,T_4400,2011,0.407733
Portugal,PRT,T_4400,2012,0.348666
Portugal,PRT,T_4400,2013,0.336619
Portugal,PRT,T_4400,2014,0.391922
Portugal,PRT,T_4400,2015,0.430354
Portugal,PRT,T_4400,2016,0.472592
Portugal,PRT,T_4400,2017,0.562984
Portugal,PRT,T_4400,2018,0.644394
Portugal,PRT,T_4400,2019,0.642998
Portugal,PRT,T_4400,2020,0.624636
Portugal,PRT,T_4400,2021,0.80226
Portugal,PRT,T_4400,2022,0.881283
Portugal,PRT,T_4400,2023,0.808354
Portugal,PRT,T_4400,2024,0.772527
Portugal,PRT,T_5000,1995,12.872644
Portugal,PRT,T_5000,1996,13.075377
Portugal,PRT,T_5000,1997,12.758902
Portugal,PRT,T_5000,1998,13.085402
Portugal,PRT,T_5000,1999,13.225664
Portugal,PRT,T_5000,2000,12.710558
Portugal,PRT,T_5000,2001,12.75597
Portugal,PRT,T_5000,2002,13.150989
Portugal,PRT,T_5000,2003,13.135668
Portugal,PRT,T_5000,2004,13.095215
Portugal,PRT,T_5000,2005,13.747381
Portugal,PRT,T_5000,2006,13.955558
Portugal,PRT,T_5000,2007,13.447548
Portugal,PRT,T_5000,2008,13.104373
Portugal,PRT,T_5000,2009,11.749738
Portugal,PRT,T_5000,2010,12.469145
Portugal,PRT,T_5000,2011,13.083171
Portugal,PRT,T_5000,2012,13.168673
Portugal,PRT,T_5000,2013,12.929381
Portugal,PRT,T_5000,2014,13.30384
Portugal,PRT,T_5000,2015,13.540087
Portugal,PRT,T_5000,2016,13.770627
Portugal,PRT,T_5000,2017,13.894354
Portugal,PRT,T_5000,2018,13.894602
Portugal,PRT,T_5000,2019,13.934497
Portugal,PRT,T_5000,2020,13.382948
Portugal,PRT,T_5000,2021,13.736656
Portugal,PRT,T_5000,2022,13.776754
Portugal,PRT,T_5000,2023,13.205015
Portugal,PRT,T_5000,2024,13.277356
Portugal,PRT,T_5111,1995,6.823169
Portugal,PRT,T_5111,1996,7.090582
Portugal,PRT,T_5111,1997,7.006489
Portugal,PRT,T_5111,1998,7.211093
Portugal,PRT,T_5111,1999,7.393443
Portugal,PRT,T_5111,2000,7.610045
Portugal,PRT,T_5111,2001,7.409724
Portugal,PRT,T_5111,2002,7.516167
Portugal,PRT,T_5111,2003,7.618084
Portugal,PRT,T_5111,2004,7.642843
Portugal,PRT,T_5111,2005,8.238496
Portugal,PRT,T_5111,2006,8.311302
Portugal,PRT,T_5111,2007,8.206574
Portugal,PRT,T_5111,2008,8.10237
Portugal,PRT,T_5111,2009,6.881397
Portugal,PRT,T_5111,2010,7.608144
Portugal,PRT,T_5111,2011,8.170908
Portugal,PRT,T_5111,2012,8.375173
Portugal,PRT,T_5111,2013,8.088416
Portugal,PRT,T_5111,2014,8.535553
Portugal,PRT,T_5111,2015,8.613486
Portugal,PRT,T_5111,2016,8.517061
Portugal,PRT,T_5111,2017,8.648609
Portugal,PRT,T_5111,2018,8.758815
Portugal,PRT,T_5111,2019,8.82379
Portugal,PRT,T_5111,2020,8.42721
Portugal,PRT,T_5111,2021,8.909644
Portugal,PRT,T_5111,2022,9.390648
Portugal,PRT,T_5111,2023,8.909198
Portugal,PRT,T_5111,2024,9.077311
Portugal,PRT,_T,1995,29.183749
Portugal,PRT,_T,1996,29.861982
Portugal,PRT,_T,1997,29.798769
Portugal,PRT,_T,1998,30.027592
Portugal,PRT,_T,1999,30.847862
Portugal,PRT,_T,2000,30.921449
Portugal,PRT,_T,2001,30.713538
Portugal,PRT,_T,2002,31.15086
Portugal,PRT,_T,2003,30.122261
Portugal,PRT,_T,2004,30.244351
Portugal,PRT,_T,2005,30.959104
Portugal,PRT,_T,2006,31.421458
Portugal,PRT,_T,2007,31.867252
Portugal,PRT,_T,2008,31.767632
Portugal,PRT,_T,2009,29.831574
Portugal,PRT,_T,2010,30.389665
Portugal,PRT,_T,2011,32.256818
Portugal,PRT,_T,2012,31.66981
Portugal,PRT,_T,2013,33.948123
Portugal,PRT,_T,2014,34.207295
Portugal,PRT,_T,2015,34.461993
Portugal,PRT,_T,2016,34.129461
Portugal,PRT,_T,2017,34.219999
Portugal,PRT,_T,2018,34.652898
Portugal,PRT,_T,2019,34.528766
Portugal,PRT,_T,2020,35.139982
Portugal,PRT,_T,2021,35.147059
Portugal,PRT,_T,2022,35.872601
Portugal,PRT,_T,2023,35.256237
Portugal,PRT,_T,2024,35.134621
Royaume-Uni,GBR,T_1100,1995,8.449072
Royaume-Uni,GBR,T_1100,1996,7.931709
Royaume-Uni,GBR,T_1100,1997,7.657501
Royaume-Uni,GBR,T_1100,1998,8.749415
Royaume-Uni,GBR,T_1100,1999,9.110969
Royaume-Uni,GBR,T_1100,2000,9.460442
Royaume-Uni,GBR,T_1100,2001,9.690045
Royaume-Uni,GBR,T_1100,2002,9.345422
Royaume-Uni,GBR,T_1100,2003,8.879121
Royaume-Uni,GBR,T_1100,2004,9.047456
Royaume-Uni,GBR,T_1100,2005,9.303671
Royaume-Uni,GBR,T_1100,2006,9.475639
Royaume-Uni,GBR,T_1100,2007,9.785924
Royaume-Uni,GBR,T_1100,2008,9.696034
Royaume-Uni,GBR,T_1100,2009,9.416181
Royaume-Uni,GBR,T_1100,2010,9.139829
Royaume-Uni,GBR,T_1100,2011,9.199682
Royaume-Uni,GBR,T_1100,2012,8.800063
Royaume-Uni,GBR,T_1100,2013,8.838523
Royaume-Uni,GBR,T_1100,2014,8.595962
Royaume-Uni,GBR,T_1100,2015,8.813242
Royaume-Uni,GBR,T_1100,2016,8.843917
Royaume-Uni,GBR,T_1100,2017,8.929803
Royaume-Uni,GBR,T_1100,2018,8.958091
Royaume-Uni,GBR,T_1100,2019,8.883548
Royaume-Uni,GBR,T_1100,2020,9.420803
Royaume-Uni,GBR,T_1100,2021,9.970754
Royaume-Uni,GBR,T_1100,2022,10.0725
Royaume-Uni,GBR,T_1100,2023,10.546536
Royaume-Uni,GBR,T_1100,2024,10.772821
Royaume-Uni,GBR,T_1200,1995,2.368271
Royaume-Uni,GBR,T_1200,1996,2.717164
Royaume-Uni,GBR,T_1200,1997,3.356076
Royaume-Uni,GBR,T_1200,1998,3.407107
Royaume-Uni,GBR,T_1200,1999,3.138563
Royaume-Uni,GBR,T_1200,2000,3.470809
Royaume-Uni,GBR,T_1200,2001,2.98874
Royaume-Uni,GBR,T_1200,2002,2.624893
Royaume-Uni,GBR,T_1200,2003,2.501431
Royaume-Uni,GBR,T_1200,2004,2.879872
Royaume-Uni,GBR,T_1200,2005,3.362485
Royaume-Uni,GBR,T_1200,2006,3.416242
Royaume-Uni,GBR,T_1200,2007,3.24864
Royaume-Uni,GBR,T_1200,2008,2.877466
Royaume-Uni,GBR,T_1200,2009,2.506386
Royaume-Uni,GBR,T_1200,2010,2.844327
Royaume-Uni,GBR,T_1200,2011,2.719672
Royaume-Uni,GBR,T_1200,2012,2.522006
Royaume-Uni,GBR,T_1200,2013,2.425168
Royaume-Uni,GBR,T_1200,2014,2.417485
Royaume-Uni,GBR,T_1200,2015,2.286831
Royaume-Uni,GBR,T_1200,2016,2.591375
Royaume-Uni,GBR,T_1200,2017,2.622784
Royaume-Uni,GBR,T_1200,2018,2.555082
Royaume-Uni,GBR,T_1200,2019,2.324479
Royaume-Uni,GBR,T_1200,2020,2.384333
Royaume-Uni,GBR,T_1200,2021,2.944102
Royaume-Uni,GBR,T_1200,2022,3.204622
Royaume-Uni,GBR,T_1200,2023,3.376096
Royaume-Uni,GBR,T_1200,2024,3.473459
Royaume-Uni,GBR,T_2000,1995,5.211864
Royaume-Uni,GBR,T_2000,1996,5.10982
Royaume-Uni,GBR,T_2000,1997,5.307923
Royaume-Uni,GBR,T_2000,1998,5.306755
Royaume-Uni,GBR,T_2000,1999,5.438975
Royaume-Uni,GBR,T_2000,2000,5.473713
Royaume-Uni,GBR,T_2000,2001,5.507641
Royaume-Uni,GBR,T_2000,2002,5.322136
Royaume-Uni,GBR,T_2000,2003,5.685295
Royaume-Uni,GBR,T_2000,2004,5.989852
Royaume-Uni,GBR,T_2000,2005,6.038181
Royaume-Uni,GBR,T_2000,2006,6.083403
Royaume-Uni,GBR,T_2000,2007,6.034428
Royaume-Uni,GBR,T_2000,2008,6.169616
Royaume-Uni,GBR,T_2000,2009,6.097939
Royaume-Uni,GBR,T_2000,2010,6.051774
Royaume-Uni,GBR,T_2000,2011,6.101384
Royaume-Uni,GBR,T_2000,2012,6.087302
Royaume-Uni,GBR,T_2000,2013,5.955278
Royaume-Uni,GBR,T_2000,2014,5.858748
Royaume-Uni,GBR,T_2000,2015,5.957523
Royaume-Uni,GBR,T_2000,2016,6.123732
Royaume-Uni,GBR,T_2000,2017,6.264112
Royaume-Uni,GBR,T_2000,2018,6.289911
Royaume-Uni,GBR,T_2000,2019,6.443916
Royaume-Uni,GBR,T_2000,2020,6.827143
Royaume-Uni,GBR,T_2000,2021,6.83504
Royaume-Uni,GBR,T_2000,2022,7.063015
Royaume-Uni,GBR,T_2000,2023,6.673171
Royaume-Uni,GBR,T_2000,2024,6.070385
Royaume-Uni,GBR,T_3000,1995,0
Royaume-Uni,GBR,T_3000,1996,0
Royaume-Uni,GBR,T_3000,1997,0
Royaume-Uni,GBR,T_3000,1998,0
Royaume-Uni,GBR,T_3000,1999,0
Royaume-Uni,GBR,T_3000,2000,0
Royaume-Uni,GBR,T_3000,2001,0
Royaume-Uni,GBR,T_3000,2002,0
Royaume-Uni,GBR,T_3000,2003,0
Royaume-Uni,GBR,T_3000,2004,0
Royaume-Uni,GBR,T_3000,2005,0
Royaume-Uni,GBR,T_3000,2006,0
Royaume-Uni,GBR,T_3000,2007,0
Royaume-Uni,GBR,T_3000,2008,0
Royaume-Uni,GBR,T_3000,2009,0
Royaume-Uni,GBR,T_3000,2010,0
Royaume-Uni,GBR,T_3000,2011,0
Royaume-Uni,GBR,T_3000,2012,0
Royaume-Uni,GBR,T_3000,2013,0
Royaume-Uni,GBR,T_3000,2014,0
Royaume-Uni,GBR,T_3000,2015,0
Royaume-Uni,GBR,T_3000,2016,0
Royaume-Uni,GBR,T_3000,2017,0.088452
Royaume-Uni,GBR,T_3000,2018,0.120987
Royaume-Uni,GBR,T_3000,2019,0.123729
Royaume-Uni,GBR,T_3000,2020,0.137771
Royaume-Uni,GBR,T_3000,2021,0.137744
Royaume-Uni,GBR,T_3000,2022,0.139327
Royaume-Uni,GBR,T_3000,2023,0.139939
Royaume-Uni,GBR,T_3000,2024,0.141004
Royaume-Uni,GBR,T_4000,1995,2.93868
Royaume-Uni,GBR,T_4000,1996,2.991012
Royaume-Uni,GBR,T_4000,1997,3.103718
Royaume-Uni,GBR,T_4000,1998,3.253777
Royaume-Uni,GBR,T_4000,1999,3.444435
Royaume-Uni,GBR,T_4000,2000,3.734629
Royaume-Uni,GBR,T_4000,2001,3.685604
Royaume-Uni,GBR,T_4000,2002,3.747821
Royaume-Uni,GBR,T_4000,2003,3.703945
Royaume-Uni,GBR,T_4000,2004,3.81004
Royaume-Uni,GBR,T_4000,2005,3.849011
Royaume-Uni,GBR,T_4000,2006,4.052613
Royaume-Uni,GBR,T_4000,2007,4.104006
Royaume-Uni,GBR,T_4000,2008,3.771461
Royaume-Uni,GBR,T_4000,2009,3.771496
Royaume-Uni,GBR,T_4000,2010,3.839973
Royaume-Uni,GBR,T_4000,2011,3.813568
Royaume-Uni,GBR,T_4000,2012,3.811602
Royaume-Uni,GBR,T_4000,2013,3.929748
Royaume-Uni,GBR,T_4000,2014,4.004963
Royaume-Uni,GBR,T_4000,2015,3.986483
Royaume-Uni,GBR,T_4000,2016,4.077484
Royaume-Uni,GBR,T_4000,2017,4.107887
Royaume-Uni,GBR,T_4000,2018,4.096308
Royaume-Uni,GBR,T_4000,2019,4.034028
Royaume-Uni,GBR,T_4000,2020,3.807489
Royaume-Uni,GBR,T_4000,2021,3.921502
Royaume-Uni,GBR,T_4000,2022,3.987012
Royaume-Uni,GBR,T_4000,2023,3.67651
Royaume-Uni,GBR,T_4000,2024,3.737756
Royaume-Uni,GBR,T_4100,1995,2.544125
Royaume-Uni,GBR,T_4100,1996,2.564305
Royaume-Uni,GBR,T_4100,1997,2.597427
Royaume-Uni,GBR,T_4100,1998,2.62824
Royaume-Uni,GBR,T_4100,1999,2.682296
Royaume-Uni,GBR,T_4100,2000,2.773286
Royaume-Uni,GBR,T_4100,2001,2.835792
Royaume-Uni,GBR,T_4100,2002,2.924279
Royaume-Uni,GBR,T_4100,2003,2.93531
Royaume-Uni,GBR,T_4100,2004,2.921285
Royaume-Uni,GBR,T_4100,2005,2.915319
Royaume-Uni,GBR,T_4100,2006,2.921596
Royaume-Uni,GBR,T_4100,2007,2.906249
Royaume-Uni,GBR,T_4100,2008,2.971009
Royaume-Uni,GBR,T_4100,2009,3.155407
Royaume-Uni,GBR,T_4100,2010,3.110124
Royaume-Uni,GBR,T_4100,2011,3.105817
Royaume-Uni,GBR,T_4100,2012,3.108393
Royaume-Uni,GBR,T_4100,2013,3.090109
Royaume-Uni,GBR,T_4100,2014,3.03536
Royaume-Uni,GBR,T_4100,2015,3.027419
Royaume-Uni,GBR,T_4100,2016,3.01851
Royaume-Uni,GBR,T_4100,2017,3.015056
Royaume-Uni,GBR,T_4100,2018,3.062207
Royaume-Uni,GBR,T_4100,2019,3.068058
Royaume-Uni,GBR,T_4100,2020,2.914115
Royaume-Uni,GBR,T_4100,2021,2.826595
Royaume-Uni,GBR,T_4100,2022,2.842788
Royaume-Uni,GBR,T_4100,2023,2.781699
Royaume-Uni,GBR,T_4100,2024,2.798538
Royaume-Uni,GBR,T_4200,1995,0
Royaume-Uni,GBR,T_4200,1996,0
Royaume-Uni,GBR,T_4200,1997,0
Royaume-Uni,GBR,T_4200,1998,0
Royaume-Uni,GBR,T_4200,1999,0
Royaume-Uni,GBR,T_4200,2000,0
Royaume-Uni,GBR,T_4200,2001,0
Royaume-Uni,GBR,T_4200,2002,0
Royaume-Uni,GBR,T_4200,2003,0
Royaume-Uni,GBR,T_4200,2004,0
Royaume-Uni,GBR,T_4200,2005,0
Royaume-Uni,GBR,T_4200,2006,0
Royaume-Uni,GBR,T_4200,2007,0
Royaume-Uni,GBR,T_4200,2008,0
Royaume-Uni,GBR,T_4200,2009,0
Royaume-Uni,GBR,T_4200,2010,0
Royaume-Uni,GBR,T_4200,2011,0
Royaume-Uni,GBR,T_4200,2012,0
Royaume-Uni,GBR,T_4200,2013,0
Royaume-Uni,GBR,T_4200,2014,0
Royaume-Uni,GBR,T_4200,2015,0
Royaume-Uni,GBR,T_4200,2016,0
Royaume-Uni,GBR,T_4200,2017,0
Royaume-Uni,GBR,T_4200,2018,0
Royaume-Uni,GBR,T_4200,2019,0
Royaume-Uni,GBR,T_4200,2020,0
Royaume-Uni,GBR,T_4200,2021,0
Royaume-Uni,GBR,T_4200,2022,0
Royaume-Uni,GBR,T_4200,2023,0
Royaume-Uni,GBR,T_4200,2024,0
Royaume-Uni,GBR,T_4300,1995,0.169162
Royaume-Uni,GBR,T_4300,1996,0.178133
Royaume-Uni,GBR,T_4300,1997,0.167924
Royaume-Uni,GBR,T_4300,1998,0.179769
Royaume-Uni,GBR,T_4300,1999,0.187012
Royaume-Uni,GBR,T_4300,2000,0.201226
Royaume-Uni,GBR,T_4300,2001,0.20905
Royaume-Uni,GBR,T_4300,2002,0.199842
Royaume-Uni,GBR,T_4300,2003,0.192
Royaume-Uni,GBR,T_4300,2004,0.217066
Royaume-Uni,GBR,T_4300,2005,0.225201
Royaume-Uni,GBR,T_4300,2006,0.242861
Royaume-Uni,GBR,T_4300,2007,0.25035
Royaume-Uni,GBR,T_4300,2008,0.20438
Royaume-Uni,GBR,T_4300,2009,0.155023
Royaume-Uni,GBR,T_4300,2010,0.164247
Royaume-Uni,GBR,T_4300,2011,0.176592
Royaume-Uni,GBR,T_4300,2012,0.182586
Royaume-Uni,GBR,T_4300,2013,0.189686
Royaume-Uni,GBR,T_4300,2014,0.208643
Royaume-Uni,GBR,T_4300,2015,0.231783
Royaume-Uni,GBR,T_4300,2016,0.241057
Royaume-Uni,GBR,T_4300,2017,0.258442
Royaume-Uni,GBR,T_4300,2018,0.246294
Royaume-Uni,GBR,T_4300,2019,0.231208
Royaume-Uni,GBR,T_4300,2020,0.249681
Royaume-Uni,GBR,T_4300,2021,0.261311
Royaume-Uni,GBR,T_4300,2022,0.269471
Royaume-Uni,GBR,T_4300,2023,0.277554
Royaume-Uni,GBR,T_4300,2024,0.286216
Royaume-Uni,GBR,T_4400,1995,0.225393
Royaume-Uni,GBR,T_4400,1996,0.248573
Royaume-Uni,GBR,T_4400,1997,0.338366
Royaume-Uni,GBR,T_4400,1998,0.445768
Royaume-Uni,GBR,T_4400,1999,0.575127
Royaume-Uni,GBR,T_4400,2000,0.760117
Royaume-Uni,GBR,T_4400,2001,0.640762
Royaume-Uni,GBR,T_4400,2002,0.6237
Royaume-Uni,GBR,T_4400,2003,0.576635
Royaume-Uni,GBR,T_4400,2004,0.671688
Royaume-Uni,GBR,T_4400,2005,0.70849
Royaume-Uni,GBR,T_4400,2006,0.888156
Royaume-Uni,GBR,T_4400,2007,0.947407
Royaume-Uni,GBR,T_4400,2008,0.596072
Royaume-Uni,GBR,T_4400,2009,0.461066
Royaume-Uni,GBR,T_4400,2010,0.565602
Royaume-Uni,GBR,T_4400,2011,0.531159
Royaume-Uni,GBR,T_4400,2012,0.52039
Royaume-Uni,GBR,T_4400,2013,0.647932
Royaume-Uni,GBR,T_4400,2014,0.755377
Royaume-Uni,GBR,T_4400,2015,0.719611
Royaume-Uni,GBR,T_4400,2016,0.804611
Royaume-Uni,GBR,T_4400,2017,0.821184
Royaume-Uni,GBR,T_4400,2018,0.773775
Royaume-Uni,GBR,T_4400,2019,0.714528
Royaume-Uni,GBR,T_4400,2020,0.626912
Royaume-Uni,GBR,T_4400,2021,0.816225
Royaume-Uni,GBR,T_4400,2022,0.857733
Royaume-Uni,GBR,T_4400,2023,0.601693
Royaume-Uni,GBR,T_4400,2024,0.64532
Royaume-Uni,GBR,T_5000,1995,10.332866
Royaume-Uni,GBR,T_5000,1996,10.347003
Royaume-Uni,GBR,T_5000,1997,10.391806
Royaume-Uni,GBR,T_5000,1998,10.534892
Royaume-Uni,GBR,T_5000,1999,10.731293
Royaume-Uni,GBR,T_5000,2000,10.5189
Royaume-Uni,GBR,T_5000,2001,10.304022
Royaume-Uni,GBR,T_5000,2002,10.363854
Royaume-Uni,GBR,T_5000,2003,10.398908
Royaume-Uni,GBR,T_5000,2004,10.36868
Royaume-Uni,GBR,T_5000,2005,9.946817
Royaume-Uni,GBR,T_5000,2006,9.802532
Royaume-Uni,GBR,T_5000,2007,9.795441
Royaume-Uni,GBR,T_5000,2008,9.63115
Royaume-Uni,GBR,T_5000,2009,9.284273
Royaume-Uni,GBR,T_5000,2010,10.169202
Royaume-Uni,GBR,T_5000,2011,11.028636
Royaume-Uni,GBR,T_5000,2012,10.916751
Royaume-Uni,GBR,T_5000,2013,10.875168
Royaume-Uni,GBR,T_5000,2014,10.832348
Royaume-Uni,GBR,T_5000,2015,10.880476
Royaume-Uni,GBR,T_5000,2016,10.829942
Royaume-Uni,GBR,T_5000,2017,10.735555
Royaume-Uni,GBR,T_5000,2018,10.74063
Royaume-Uni,GBR,T_5000,2019,10.703422
Royaume-Uni,GBR,T_5000,2020,10.264057
Royaume-Uni,GBR,T_5000,2021,10.418876
Royaume-Uni,GBR,T_5000,2022,10.695417
Royaume-Uni,GBR,T_5000,2023,10.553061
Royaume-Uni,GBR,T_5000,2024,10.171383
Royaume-Uni,GBR,T_5111,1995,5.58071
Royaume-Uni,GBR,T_5111,1996,5.680483
Royaume-Uni,GBR,T_5111,1997,5.713731
Royaume-Uni,GBR,T_5111,1998,5.762538
Royaume-Uni,GBR,T_5111,1999,5.949975
Royaume-Uni,GBR,T_5111,2000,5.906689
Royaume-Uni,GBR,T_5111,2001,5.920681
Royaume-Uni,GBR,T_5111,2002,6.054527
Royaume-Uni,GBR,T_5111,2003,6.226964
Royaume-Uni,GBR,T_5111,2004,6.25198
Royaume-Uni,GBR,T_5111,2005,6.051765
Royaume-Uni,GBR,T_5111,2006,6.047127
Royaume-Uni,GBR,T_5111,2007,6.045045
Royaume-Uni,GBR,T_5111,2008,5.863077
Royaume-Uni,GBR,T_5111,2009,5.237726
Royaume-Uni,GBR,T_5111,2010,6.070425
Royaume-Uni,GBR,T_5111,2011,6.825796
Royaume-Uni,GBR,T_5111,2012,6.795879
Royaume-Uni,GBR,T_5111,2013,6.818382
Royaume-Uni,GBR,T_5111,2014,6.853479
Royaume-Uni,GBR,T_5111,2015,6.935006
Royaume-Uni,GBR,T_5111,2016,6.889481
Royaume-Uni,GBR,T_5111,2017,6.88515
Royaume-Uni,GBR,T_5111,2018,6.936938
Royaume-Uni,GBR,T_5111,2019,6.943889
Royaume-Uni,GBR,T_5111,2020,6.653194
Royaume-Uni,GBR,T_5111,2021,6.918745
Royaume-Uni,GBR,T_5111,2022,7.207172
Royaume-Uni,GBR,T_5111,2023,7.187816
Royaume-Uni,GBR,T_5111,2024,6.993152
Royaume-Uni,GBR,_T,1995,29.300753
Royaume-Uni,GBR,_T,1996,29.096707
Royaume-Uni,GBR,_T,1997,29.817024
Royaume-Uni,GBR,_T,1998,31.251947
Royaume-Uni,GBR,_T,1999,31.864236
Royaume-Uni,GBR,_T,2000,32.658492
Royaume-Uni,GBR,_T,2001,32.176053
Royaume-Uni,GBR,_T,2002,31.404126
Royaume-Uni,GBR,_T,2003,31.1687
Royaume-Uni,GBR,_T,2004,32.0959
Royaume-Uni,GBR,_T,2005,32.500164
Royaume-Uni,GBR,_T,2006,32.830428
Royaume-Uni,GBR,_T,2007,32.968438
Royaume-Uni,GBR,_T,2008,32.145726
Royaume-Uni,GBR,_T,2009,31.076274
Royaume-Uni,GBR,_T,2010,32.045105
Royaume-Uni,GBR,_T,2011,32.862943
Royaume-Uni,GBR,_T,2012,32.137724
Royaume-Uni,GBR,_T,2013,32.023885
Royaume-Uni,GBR,_T,2014,31.709507
Royaume-Uni,GBR,_T,2015,31.924555
Royaume-Uni,GBR,_T,2016,32.46645
Royaume-Uni,GBR,_T,2017,32.748593
Royaume-Uni,GBR,_T,2018,32.761008
Royaume-Uni,GBR,_T,2019,32.513123
Royaume-Uni,GBR,_T,2020,32.841596
Royaume-Uni,GBR,_T,2021,34.228017
Royaume-Uni,GBR,_T,2022,35.161894
Royaume-Uni,GBR,_T,2023,34.965313
Royaume-Uni,GBR,_T,2024,34.366806
Slovaquie,SVK,T_1100,1995,3.471589
Slovaquie,SVK,T_1100,1996,3.843374
Slovaquie,SVK,T_1100,1997,4.220135
Slovaquie,SVK,T_1100,1998,4.247639
Slovaquie,SVK,T_1100,1999,4.221085
Slovaquie,SVK,T_1100,2000,3.333661
Slovaquie,SVK,T_1100,2001,3.477843
Slovaquie,SVK,T_1100,2002,3.231825
Slovaquie,SVK,T_1100,2003,3.163946
Slovaquie,SVK,T_1100,2004,3.031677
Slovaquie,SVK,T_1100,2005,2.975738
Slovaquie,SVK,T_1100,2006,2.886891
Slovaquie,SVK,T_1100,2007,2.880233
Slovaquie,SVK,T_1100,2008,3.056127
Slovaquie,SVK,T_1100,2009,2.800233
Slovaquie,SVK,T_1100,2010,2.603885
Slovaquie,SVK,T_1100,2011,2.79198
Slovaquie,SVK,T_1100,2012,2.879215
Slovaquie,SVK,T_1100,2013,2.913916
Slovaquie,SVK,T_1100,2014,2.971589
Slovaquie,SVK,T_1100,2015,3.065133
Slovaquie,SVK,T_1100,2016,3.282791
Slovaquie,SVK,T_1100,2017,3.360661
Slovaquie,SVK,T_1100,2018,3.564627
Slovaquie,SVK,T_1100,2019,3.737524
Slovaquie,SVK,T_1100,2020,3.710709
Slovaquie,SVK,T_1100,2021,3.68839
Slovaquie,SVK,T_1100,2022,3.783736
Slovaquie,SVK,T_1100,2023,3.783616
Slovaquie,SVK,T_1100,2024,3.690642
Slovaquie,SVK,T_1200,1995,5.81946
Slovaquie,SVK,T_1200,1996,4.164894
Slovaquie,SVK,T_1200,1997,3.543925
Slovaquie,SVK,T_1200,1998,3.162966
Slovaquie,SVK,T_1200,1999,3.045257
Slovaquie,SVK,T_1200,2000,2.570345
Slovaquie,SVK,T_1200,2001,2.560998
Slovaquie,SVK,T_1200,2002,2.484717
Slovaquie,SVK,T_1200,2003,2.713447
Slovaquie,SVK,T_1200,2004,2.547886
Slovaquie,SVK,T_1200,2005,2.674284
Slovaquie,SVK,T_1200,2006,2.83776
Slovaquie,SVK,T_1200,2007,2.905093
Slovaquie,SVK,T_1200,2008,3.044878
Slovaquie,SVK,T_1200,2009,2.461898
Slovaquie,SVK,T_1200,2010,2.414243
Slovaquie,SVK,T_1200,2011,2.372188
Slovaquie,SVK,T_1200,2012,2.32583
Slovaquie,SVK,T_1200,2013,2.837295
Slovaquie,SVK,T_1200,2014,3.271064
Slovaquie,SVK,T_1200,2015,3.628949
Slovaquie,SVK,T_1200,2016,3.451977
Slovaquie,SVK,T_1200,2017,3.443324
Slovaquie,SVK,T_1200,2018,3.259899
Slovaquie,SVK,T_1200,2019,3.044324
Slovaquie,SVK,T_1200,2020,2.968332
Slovaquie,SVK,T_1200,2021,3.56373
Slovaquie,SVK,T_1200,2022,4.119888
Slovaquie,SVK,T_1200,2023,3.626483
Slovaquie,SVK,T_1200,2024,4.027505
Slovaquie,SVK,T_2000,1995,14.487657
Slovaquie,SVK,T_2000,1996,15.390495
Slovaquie,SVK,T_2000,1997,14.5768
Slovaquie,SVK,T_2000,1998,14.539763
Slovaquie,SVK,T_2000,1999,13.737696
Slovaquie,SVK,T_2000,2000,13.938673
Slovaquie,SVK,T_2000,2001,14.107401
Slovaquie,SVK,T_2000,2002,14.433452
Slovaquie,SVK,T_2000,2003,13.699537
Slovaquie,SVK,T_2000,2004,12.931285
Slovaquie,SVK,T_2000,2005,12.486099
Slovaquie,SVK,T_2000,2006,11.546104
Slovaquie,SVK,T_2000,2007,11.466013
Slovaquie,SVK,T_2000,2008,11.626074
Slovaquie,SVK,T_2000,2009,12.365794
Slovaquie,SVK,T_2000,2010,11.863965
Slovaquie,SVK,T_2000,2011,11.921379
Slovaquie,SVK,T_2000,2012,12.161089
Slovaquie,SVK,T_2000,2013,13.19256
Slovaquie,SVK,T_2000,2014,13.35824
Slovaquie,SVK,T_2000,2015,13.557158
Slovaquie,SVK,T_2000,2016,14.047296
Slovaquie,SVK,T_2000,2017,14.477694
Slovaquie,SVK,T_2000,2018,14.563594
Slovaquie,SVK,T_2000,2019,14.89695
Slovaquie,SVK,T_2000,2020,15.085974
Slovaquie,SVK,T_2000,2021,14.970532
Slovaquie,SVK,T_2000,2022,14.693097
Slovaquie,SVK,T_2000,2023,14.940846
Slovaquie,SVK,T_2000,2024,15.567104
Slovaquie,SVK,T_3000,1995,0
Slovaquie,SVK,T_3000,1996,0
Slovaquie,SVK,T_3000,1997,0
Slovaquie,SVK,T_3000,1998,0
Slovaquie,SVK,T_3000,1999,0
Slovaquie,SVK,T_3000,2000,0
Slovaquie,SVK,T_3000,2001,0
Slovaquie,SVK,T_3000,2002,0
Slovaquie,SVK,T_3000,2003,0
Slovaquie,SVK,T_3000,2004,0
Slovaquie,SVK,T_3000,2005,0
Slovaquie,SVK,T_3000,2006,0
Slovaquie,SVK,T_3000,2007,0
Slovaquie,SVK,T_3000,2008,0
Slovaquie,SVK,T_3000,2009,0
Slovaquie,SVK,T_3000,2010,0
Slovaquie,SVK,T_3000,2011,0
Slovaquie,SVK,T_3000,2012,0
Slovaquie,SVK,T_3000,2013,0
Slovaquie,SVK,T_3000,2014,0
Slovaquie,SVK,T_3000,2015,0
Slovaquie,SVK,T_3000,2016,0
Slovaquie,SVK,T_3000,2017,0
Slovaquie,SVK,T_3000,2018,0
Slovaquie,SVK,T_3000,2019,0
Slovaquie,SVK,T_3000,2020,0
Slovaquie,SVK,T_3000,2021,0
Slovaquie,SVK,T_3000,2022,0
Slovaquie,SVK,T_3000,2023,0
Slovaquie,SVK,T_3000,2024,0
Slovaquie,SVK,T_4000,1995,0.553408
Slovaquie,SVK,T_4000,1996,0.645733
Slovaquie,SVK,T_4000,1997,0.64109
Slovaquie,SVK,T_4000,1998,0.629059
Slovaquie,SVK,T_4000,1999,0.637105
Slovaquie,SVK,T_4000,2000,0.612528
Slovaquie,SVK,T_4000,2001,0.578299
Slovaquie,SVK,T_4000,2002,0.585559
Slovaquie,SVK,T_4000,2003,0.571562
Slovaquie,SVK,T_4000,2004,0.538429
Slovaquie,SVK,T_4000,2005,0.49181
Slovaquie,SVK,T_4000,2006,0.434978
Slovaquie,SVK,T_4000,2007,0.387527
Slovaquie,SVK,T_4000,2008,0.366574
Slovaquie,SVK,T_4000,2009,0.416975
Slovaquie,SVK,T_4000,2010,0.4032
Slovaquie,SVK,T_4000,2011,0.399393
Slovaquie,SVK,T_4000,2012,0.428621
Slovaquie,SVK,T_4000,2013,0.438509
Slovaquie,SVK,T_4000,2014,0.431952
Slovaquie,SVK,T_4000,2015,0.416965
Slovaquie,SVK,T_4000,2016,0.42626
Slovaquie,SVK,T_4000,2017,0.424574
Slovaquie,SVK,T_4000,2018,0.408943
Slovaquie,SVK,T_4000,2019,0.399345
Slovaquie,SVK,T_4000,2020,0.464173
Slovaquie,SVK,T_4000,2021,0.456914
Slovaquie,SVK,T_4000,2022,0.425986
Slovaquie,SVK,T_4000,2023,0.411571
Slovaquie,SVK,T_4000,2024,0.483939
Slovaquie,SVK,T_4100,1995,0.403081
Slovaquie,SVK,T_4100,1996,0.485341
Slovaquie,SVK,T_4100,1997,0.486861
Slovaquie,SVK,T_4100,1998,0.466533
Slovaquie,SVK,T_4100,1999,0.466574
Slovaquie,SVK,T_4100,2000,0.451448
Slovaquie,SVK,T_4100,2001,0.428424
Slovaquie,SVK,T_4100,2002,0.4143
Slovaquie,SVK,T_4100,2003,0.39589
Slovaquie,SVK,T_4100,2004,0.391501
Slovaquie,SVK,T_4100,2005,0.454574
Slovaquie,SVK,T_4100,2006,0.425258
Slovaquie,SVK,T_4100,2007,0.385319
Slovaquie,SVK,T_4100,2008,0.36517
Slovaquie,SVK,T_4100,2009,0.416195
Slovaquie,SVK,T_4100,2010,0.402837
Slovaquie,SVK,T_4100,2011,0.399245
Slovaquie,SVK,T_4100,2012,0.428443
Slovaquie,SVK,T_4100,2013,0.438397
Slovaquie,SVK,T_4100,2014,0.431872
Slovaquie,SVK,T_4100,2015,0.416975
Slovaquie,SVK,T_4100,2016,0.426237
Slovaquie,SVK,T_4100,2017,0.424559
Slovaquie,SVK,T_4100,2018,0.408932
Slovaquie,SVK,T_4100,2019,0.399337
Slovaquie,SVK,T_4100,2020,0.464169
Slovaquie,SVK,T_4100,2021,0.456907
Slovaquie,SVK,T_4100,2022,0.425981
Slovaquie,SVK,T_4100,2023,0.411566
Slovaquie,SVK,T_4100,2024,0.483934
Slovaquie,SVK,T_4200,1995,0
Slovaquie,SVK,T_4200,1996,0
Slovaquie,SVK,T_4200,1997,0
Slovaquie,SVK,T_4200,1998,0
Slovaquie,SVK,T_4200,1999,0
Slovaquie,SVK,T_4200,2000,0
Slovaquie,SVK,T_4200,2001,0
Slovaquie,SVK,T_4200,2002,0
Slovaquie,SVK,T_4200,2003,0
Slovaquie,SVK,T_4200,2004,0
Slovaquie,SVK,T_4200,2005,0
Slovaquie,SVK,T_4200,2006,0
Slovaquie,SVK,T_4200,2007,0
Slovaquie,SVK,T_4200,2008,0
Slovaquie,SVK,T_4200,2009,0
Slovaquie,SVK,T_4200,2010,0
Slovaquie,SVK,T_4200,2011,0
Slovaquie,SVK,T_4200,2012,0
Slovaquie,SVK,T_4200,2013,0
Slovaquie,SVK,T_4200,2014,0
Slovaquie,SVK,T_4200,2015,0
Slovaquie,SVK,T_4200,2016,0
Slovaquie,SVK,T_4200,2017,0
Slovaquie,SVK,T_4200,2018,0
Slovaquie,SVK,T_4200,2019,0
Slovaquie,SVK,T_4200,2020,0
Slovaquie,SVK,T_4200,2021,0
Slovaquie,SVK,T_4200,2022,0
Slovaquie,SVK,T_4200,2023,0
Slovaquie,SVK,T_4200,2024,0
Slovaquie,SVK,T_4300,1995,0.009117
Slovaquie,SVK,T_4300,1996,0.022379
Slovaquie,SVK,T_4300,1997,0.014854
Slovaquie,SVK,T_4300,1998,0.017716
Slovaquie,SVK,T_4300,1999,0.023667
Slovaquie,SVK,T_4300,2000,0.02592
Slovaquie,SVK,T_4300,2001,0.024286
Slovaquie,SVK,T_4300,2002,0.024402
Slovaquie,SVK,T_4300,2003,0.018929
Slovaquie,SVK,T_4300,2004,0.008588
Slovaquie,SVK,T_4300,2005,0.001122
Slovaquie,SVK,T_4300,2006,0.000472
Slovaquie,SVK,T_4300,2007,0.000158
Slovaquie,SVK,T_4300,2008,0.000146
Slovaquie,SVK,T_4300,2009,7E-05
Slovaquie,SVK,T_4300,2010,2.9E-05
Slovaquie,SVK,T_4300,2011,1.8E-05
Slovaquie,SVK,T_4300,2012,1.6E-05
Slovaquie,SVK,T_4300,2013,9E-06
Slovaquie,SVK,T_4300,2014,5E-06
Slovaquie,SVK,T_4300,2015,-7E-06
Slovaquie,SVK,T_4300,2016,5E-06
Slovaquie,SVK,T_4300,2017,0
Slovaquie,SVK,T_4300,2018,1E-06
Slovaquie,SVK,T_4300,2019,0
Slovaquie,SVK,T_4300,2020,0
Slovaquie,SVK,T_4300,2021,0
Slovaquie,SVK,T_4300,2022,0
Slovaquie,SVK,T_4300,2023,0
Slovaquie,SVK,T_4300,2024,0
Slovaquie,SVK,T_4400,1995,0.141209
Slovaquie,SVK,T_4400,1996,0.138012
Slovaquie,SVK,T_4400,1997,0.139374
Slovaquie,SVK,T_4400,1998,0.14481
Slovaquie,SVK,T_4400,1999,0.146864
Slovaquie,SVK,T_4400,2000,0.135161
Slovaquie,SVK,T_4400,2001,0.125588
Slovaquie,SVK,T_4400,2002,0.146857
Slovaquie,SVK,T_4400,2003,0.156742
Slovaquie,SVK,T_4400,2004,0.13834
Slovaquie,SVK,T_4400,2005,0.036115
Slovaquie,SVK,T_4400,2006,0.009248
Slovaquie,SVK,T_4400,2007,0.00205
Slovaquie,SVK,T_4400,2008,0.001259
Slovaquie,SVK,T_4400,2009,0.00071
Slovaquie,SVK,T_4400,2010,0.000333
Slovaquie,SVK,T_4400,2011,0.00013
Slovaquie,SVK,T_4400,2012,0.000161
Slovaquie,SVK,T_4400,2013,0.000103
Slovaquie,SVK,T_4400,2014,7.5E-05
Slovaquie,SVK,T_4400,2015,-2E-06
Slovaquie,SVK,T_4400,2016,1.8E-05
Slovaquie,SVK,T_4400,2017,1.5E-05
Slovaquie,SVK,T_4400,2018,1E-05
Slovaquie,SVK,T_4400,2019,8E-06
Slovaquie,SVK,T_4400,2020,4E-06
Slovaquie,SVK,T_4400,2021,8E-06
Slovaquie,SVK,T_4400,2022,5E-06
Slovaquie,SVK,T_4400,2023,5E-06
Slovaquie,SVK,T_4400,2024,5E-06
Slovaquie,SVK,T_5000,1995,13.976964
Slovaquie,SVK,T_5000,1996,13.405292
Slovaquie,SVK,T_5000,1997,12.552706
Slovaquie,SVK,T_5000,1998,12.427908
Slovaquie,SVK,T_5000,1999,12.024385
Slovaquie,SVK,T_5000,2000,12.216098
Slovaquie,SVK,T_5000,2001,11.113318
Slovaquie,SVK,T_5000,2002,11.310973
Slovaquie,SVK,T_5000,2003,11.878911
Slovaquie,SVK,T_5000,2004,12.194559
Slovaquie,SVK,T_5000,2005,12.537497
Slovaquie,SVK,T_5000,2006,11.349998
Slovaquie,SVK,T_5000,2007,11.272776
Slovaquie,SVK,T_5000,2008,10.686162
Slovaquie,SVK,T_5000,2009,10.620761
Slovaquie,SVK,T_5000,2010,10.370715
Slovaquie,SVK,T_5000,2011,11.253737
Slovaquie,SVK,T_5000,2012,10.658471
Slovaquie,SVK,T_5000,2013,11.302183
Slovaquie,SVK,T_5000,2014,11.513051
Slovaquie,SVK,T_5000,2015,11.538997
Slovaquie,SVK,T_5000,2016,11.498656
Slovaquie,SVK,T_5000,2017,11.93383
Slovaquie,SVK,T_5000,2018,11.846972
Slovaquie,SVK,T_5000,2019,12.153071
Slovaquie,SVK,T_5000,2020,11.978782
Slovaquie,SVK,T_5000,2021,11.857788
Slovaquie,SVK,T_5000,2022,11.831615
Slovaquie,SVK,T_5000,2023,11.944021
Slovaquie,SVK,T_5000,2024,11.378201
Slovaquie,SVK,T_5111,1995,8.070041
Slovaquie,SVK,T_5111,1996,7.354323
Slovaquie,SVK,T_5111,1997,7.004114
Slovaquie,SVK,T_5111,1998,7.29218
Slovaquie,SVK,T_5111,1999,6.707545
Slovaquie,SVK,T_5111,2000,6.852643
Slovaquie,SVK,T_5111,2001,7.153745
Slovaquie,SVK,T_5111,2002,6.926931
Slovaquie,SVK,T_5111,2003,7.355741
Slovaquie,SVK,T_5111,2004,7.624313
Slovaquie,SVK,T_5111,2005,7.716829
Slovaquie,SVK,T_5111,2006,7.282696
Slovaquie,SVK,T_5111,2007,6.563844
Slovaquie,SVK,T_5111,2008,6.74103
Slovaquie,SVK,T_5111,2009,6.590085
Slovaquie,SVK,T_5111,2010,6.085116
Slovaquie,SVK,T_5111,2011,6.576776
Slovaquie,SVK,T_5111,2012,5.869853
Slovaquie,SVK,T_5111,2013,6.291468
Slovaquie,SVK,T_5111,2014,6.55823
Slovaquie,SVK,T_5111,2015,6.746435
Slovaquie,SVK,T_5111,2016,6.644851
Slovaquie,SVK,T_5111,2017,6.966476
Slovaquie,SVK,T_5111,2018,6.999991
Slovaquie,SVK,T_5111,2019,7.224047
Slovaquie,SVK,T_5111,2020,7.230889
Slovaquie,SVK,T_5111,2021,7.351916
Slovaquie,SVK,T_5111,2022,7.670256
Slovaquie,SVK,T_5111,2023,7.952497
Slovaquie,SVK,T_5111,2024,7.561486
Slovaquie,SVK,_T,1995,38.968554
Slovaquie,SVK,_T,1996,38.203538
Slovaquie,SVK,_T,1997,36.298109
Slovaquie,SVK,_T,1998,35.952155
Slovaquie,SVK,_T,1999,34.807366
Slovaquie,SVK,_T,2000,33.663493
Slovaquie,SVK,_T,2001,32.760222
Slovaquie,SVK,_T,2002,32.878597
Slovaquie,SVK,_T,2003,32.76392
Slovaquie,SVK,_T,2004,31.65316
Slovaquie,SVK,_T,2005,31.41975
Slovaquie,SVK,_T,2006,29.341904
Slovaquie,SVK,_T,2007,29.210845
Slovaquie,SVK,_T,2008,29.080249
Slovaquie,SVK,_T,2009,28.908818
Slovaquie,SVK,_T,2010,27.877657
Slovaquie,SVK,_T,2011,28.938593
Slovaquie,SVK,_T,2012,28.679931
Slovaquie,SVK,_T,2013,30.922644
Slovaquie,SVK,_T,2014,31.774546
Slovaquie,SVK,_T,2015,32.40876
Slovaquie,SVK,_T,2016,32.926545
Slovaquie,SVK,_T,2017,33.8501
Slovaquie,SVK,_T,2018,33.875734
Slovaquie,SVK,_T,2019,34.490994
Slovaquie,SVK,_T,2020,34.457205
Slovaquie,SVK,_T,2021,34.821612
Slovaquie,SVK,_T,2022,35.14035
Slovaquie,SVK,_T,2023,35.05424
Slovaquie,SVK,_T,2024,35.551369
Slovénie,SVN,T_1100,1995,5.722978
Slovénie,SVN,T_1100,1996,5.841805
Slovénie,SVN,T_1100,1997,5.787711
Slovénie,SVN,T_1100,1998,5.625587
Slovénie,SVN,T_1100,1999,5.499643
Slovénie,SVN,T_1100,2000,5.555848
Slovénie,SVN,T_1100,2001,5.677932
Slovénie,SVN,T_1100,2002,5.684217
Slovénie,SVN,T_1100,2003,5.670212
Slovénie,SVN,T_1100,2004,5.683019
Slovénie,SVN,T_1100,2005,5.484447
Slovénie,SVN,T_1100,2006,5.704067
Slovénie,SVN,T_1100,2007,5.487605
Slovénie,SVN,T_1100,2008,5.775132
Slovénie,SVN,T_1100,2009,5.761596
Slovénie,SVN,T_1100,2010,5.600887
Slovénie,SVN,T_1100,2011,5.594581
Slovénie,SVN,T_1100,2012,5.680836
Slovénie,SVN,T_1100,2013,5.125465
Slovénie,SVN,T_1100,2014,5.112322
Slovénie,SVN,T_1100,2015,5.134033
Slovénie,SVN,T_1100,2016,5.270162
Slovénie,SVN,T_1100,2017,5.147112
Slovénie,SVN,T_1100,2018,5.393635
Slovénie,SVN,T_1100,2019,5.288531
Slovénie,SVN,T_1100,2020,5.270129
Slovénie,SVN,T_1100,2021,5.434357
Slovénie,SVN,T_1100,2022,5.191134
Slovénie,SVN,T_1100,2023,5.065799
Slovénie,SVN,T_1100,2024,5.315956
Slovénie,SVN,T_1200,1995,0.509066
Slovénie,SVN,T_1200,1996,0.891017
Slovénie,SVN,T_1200,1997,1.00553
Slovénie,SVN,T_1200,1998,0.978616
Slovénie,SVN,T_1200,1999,1.141986
Slovénie,SVN,T_1200,2000,1.151395
Slovénie,SVN,T_1200,2001,1.246696
Slovénie,SVN,T_1200,2002,1.559038
Slovénie,SVN,T_1200,2003,1.722372
Slovénie,SVN,T_1200,2004,1.906916
Slovénie,SVN,T_1200,2005,2.748631
Slovénie,SVN,T_1200,2006,2.939844
Slovénie,SVN,T_1200,2007,3.195282
Slovénie,SVN,T_1200,2008,2.473278
Slovénie,SVN,T_1200,2009,1.819757
Slovénie,SVN,T_1200,2010,1.852887
Slovénie,SVN,T_1200,2011,1.660598
Slovénie,SVN,T_1200,2012,1.241858
Slovénie,SVN,T_1200,2013,1.202032
Slovénie,SVN,T_1200,2014,1.418461
Slovénie,SVN,T_1200,2015,1.475474
Slovénie,SVN,T_1200,2016,1.611509
Slovénie,SVN,T_1200,2017,1.791879
Slovénie,SVN,T_1200,2018,1.948606
Slovénie,SVN,T_1200,2019,1.980087
Slovénie,SVN,T_1200,2020,1.992338
Slovénie,SVN,T_1200,2021,2.479522
Slovénie,SVN,T_1200,2022,2.339127
Slovénie,SVN,T_1200,2023,2.344949
Slovénie,SVN,T_1200,2024,2.663254
Slovénie,SVN,T_2000,1995,17.27313
Slovénie,SVN,T_2000,1996,15.601621
Slovénie,SVN,T_2000,1997,14.849293
Slovénie,SVN,T_2000,1998,14.990115
Slovénie,SVN,T_2000,1999,14.79278
Slovénie,SVN,T_2000,2000,15.027504
Slovénie,SVN,T_2000,2001,15.254186
Slovénie,SVN,T_2000,2002,15.183286
Slovénie,SVN,T_2000,2003,15.027092
Slovénie,SVN,T_2000,2004,15.013373
Slovénie,SVN,T_2000,2005,15.180621
Slovénie,SVN,T_2000,2006,14.823285
Slovénie,SVN,T_2000,2007,14.415957
Slovénie,SVN,T_2000,2008,14.728235
Slovénie,SVN,T_2000,2009,15.707589
Slovénie,SVN,T_2000,2010,15.939258
Slovénie,SVN,T_2000,2011,15.718506
Slovénie,SVN,T_2000,2012,15.963762
Slovénie,SVN,T_2000,2013,15.669151
Slovénie,SVN,T_2000,2014,15.417918
Slovénie,SVN,T_2000,2015,15.542678
Slovénie,SVN,T_2000,2016,15.55122
Slovénie,SVN,T_2000,2017,15.545212
Slovénie,SVN,T_2000,2018,15.574669
Slovénie,SVN,T_2000,2019,15.754087
Slovénie,SVN,T_2000,2020,16.912636
Slovénie,SVN,T_2000,2021,16.44938
Slovénie,SVN,T_2000,2022,16.063348
Slovénie,SVN,T_2000,2023,15.590679
Slovénie,SVN,T_2000,2024,16.866649
Slovénie,SVN,T_3000,1995,0.151676
Slovénie,SVN,T_3000,1996,0.630305
Slovénie,SVN,T_3000,1997,1.135761
Slovénie,SVN,T_3000,1998,1.25625
Slovénie,SVN,T_3000,1999,1.352377
Slovénie,SVN,T_3000,2000,1.544799
Slovénie,SVN,T_3000,2001,1.691579
Slovénie,SVN,T_3000,2002,1.703235
Slovénie,SVN,T_3000,2003,1.782954
Slovénie,SVN,T_3000,2004,1.800219
Slovénie,SVN,T_3000,2005,1.802376
Slovénie,SVN,T_3000,2006,1.49713
Slovénie,SVN,T_3000,2007,1.196455
Slovénie,SVN,T_3000,2008,0.683423
Slovénie,SVN,T_3000,2009,0.075875
Slovénie,SVN,T_3000,2010,0.077879
Slovénie,SVN,T_3000,2011,0.079504
Slovénie,SVN,T_3000,2012,0.071305
Slovénie,SVN,T_3000,2013,0.064956
Slovénie,SVN,T_3000,2014,0.054197
Slovénie,SVN,T_3000,2015,0.051182
Slovénie,SVN,T_3000,2016,0.049464
Slovénie,SVN,T_3000,2017,0.050068
Slovénie,SVN,T_3000,2018,0.047617
Slovénie,SVN,T_3000,2019,0.048169
Slovénie,SVN,T_3000,2020,0.046311
Slovénie,SVN,T_3000,2021,0.045916
Slovénie,SVN,T_3000,2022,0.046902
Slovénie,SVN,T_3000,2023,0.042963
Slovénie,SVN,T_3000,2024,0.047461
Slovénie,SVN,T_4000,1995,0.543751
Slovénie,SVN,T_4000,1996,0.529072
Slovénie,SVN,T_4000,1997,0.624985
Slovénie,SVN,T_4000,1998,0.816298
Slovénie,SVN,T_4000,1999,0.744533
Slovénie,SVN,T_4000,2000,0.642774
Slovénie,SVN,T_4000,2001,0.691271
Slovénie,SVN,T_4000,2002,0.651514
Slovénie,SVN,T_4000,2003,0.565938
Slovénie,SVN,T_4000,2004,0.599932
Slovénie,SVN,T_4000,2005,0.588325
Slovénie,SVN,T_4000,2006,0.603151
Slovénie,SVN,T_4000,2007,0.590132
Slovénie,SVN,T_4000,2008,0.566432
Slovénie,SVN,T_4000,2009,0.584773
Slovénie,SVN,T_4000,2010,0.614995
Slovénie,SVN,T_4000,2011,0.596619
Slovénie,SVN,T_4000,2012,0.630475
Slovénie,SVN,T_4000,2013,0.64355
Slovénie,SVN,T_4000,2014,0.624761
Slovénie,SVN,T_4000,2015,0.625304
Slovénie,SVN,T_4000,2016,0.635964
Slovénie,SVN,T_4000,2017,0.648781
Slovénie,SVN,T_4000,2018,0.607939
Slovénie,SVN,T_4000,2019,0.6202
Slovénie,SVN,T_4000,2020,0.631134
Slovénie,SVN,T_4000,2021,0.617924
Slovénie,SVN,T_4000,2022,0.611591
Slovénie,SVN,T_4000,2023,0.548724
Slovénie,SVN,T_4000,2024,0.692649
Slovénie,SVN,T_4100,1995,0.352761
Slovénie,SVN,T_4100,1996,0.36001
Slovénie,SVN,T_4100,1997,0.446012
Slovénie,SVN,T_4100,1998,0.475774
Slovénie,SVN,T_4100,1999,0.430422
Slovénie,SVN,T_4100,2000,0.435014
Slovénie,SVN,T_4100,2001,0.455055
Slovénie,SVN,T_4100,2002,0.437945
Slovénie,SVN,T_4100,2003,0.427372
Slovénie,SVN,T_4100,2004,0.421169
Slovénie,SVN,T_4100,2005,0.423729
Slovénie,SVN,T_4100,2006,0.441096
Slovénie,SVN,T_4100,2007,0.401878
Slovénie,SVN,T_4100,2008,0.407438
Slovénie,SVN,T_4100,2009,0.470516
Slovénie,SVN,T_4100,2010,0.480471
Slovénie,SVN,T_4100,2011,0.480717
Slovénie,SVN,T_4100,2012,0.524045
Slovénie,SVN,T_4100,2013,0.552484
Slovénie,SVN,T_4100,2014,0.517673
Slovénie,SVN,T_4100,2015,0.516341
Slovénie,SVN,T_4100,2016,0.523716
Slovénie,SVN,T_4100,2017,0.519125
Slovénie,SVN,T_4100,2018,0.491234
Slovénie,SVN,T_4100,2019,0.48741
Slovénie,SVN,T_4100,2020,0.506154
Slovénie,SVN,T_4100,2021,0.481957
Slovénie,SVN,T_4100,2022,0.459461
Slovénie,SVN,T_4100,2023,0.438316
Slovénie,SVN,T_4100,2024,0.447155
Slovénie,SVN,T_4200,1995,0
Slovénie,SVN,T_4200,1996,0
Slovénie,SVN,T_4200,1997,0
Slovénie,SVN,T_4200,1998,0.11852
Slovénie,SVN,T_4200,1999,0.050758
Slovénie,SVN,T_4200,2000,0.023313
Slovénie,SVN,T_4200,2001,0.062346
Slovénie,SVN,T_4200,2002,0.032802
Slovénie,SVN,T_4200,2003,0.005688
Slovénie,SVN,T_4200,2004,0.042833
Slovénie,SVN,T_4200,2005,0.010906
Slovénie,SVN,T_4200,2006,0
Slovénie,SVN,T_4200,2007,0
Slovénie,SVN,T_4200,2008,0
Slovénie,SVN,T_4200,2009,0
Slovénie,SVN,T_4200,2010,0
Slovénie,SVN,T_4200,2011,0
Slovénie,SVN,T_4200,2012,0
Slovénie,SVN,T_4200,2013,0
Slovénie,SVN,T_4200,2014,0
Slovénie,SVN,T_4200,2015,0
Slovénie,SVN,T_4200,2016,0
Slovénie,SVN,T_4200,2017,0
Slovénie,SVN,T_4200,2018,0
Slovénie,SVN,T_4200,2019,0
Slovénie,SVN,T_4200,2020,0
Slovénie,SVN,T_4200,2021,0
Slovénie,SVN,T_4200,2022,0
Slovénie,SVN,T_4200,2023,0
Slovénie,SVN,T_4200,2024,0.139205
Slovénie,SVN,T_4300,1995,0.011214
Slovénie,SVN,T_4300,1996,0.011252
Slovénie,SVN,T_4300,1997,0.009909
Slovénie,SVN,T_4300,1998,0.008842
Slovénie,SVN,T_4300,1999,0.009441
Slovénie,SVN,T_4300,2000,0.009481
Slovénie,SVN,T_4300,2001,0.011677
Slovénie,SVN,T_4300,2002,0.011408
Slovénie,SVN,T_4300,2003,0.016095
Slovénie,SVN,T_4300,2004,0.014323
Slovénie,SVN,T_4300,2005,0.016709
Slovénie,SVN,T_4300,2006,0.018057
Slovénie,SVN,T_4300,2007,0.024887
Slovénie,SVN,T_4300,2008,0.029161
Slovénie,SVN,T_4300,2009,0.030564
Slovénie,SVN,T_4300,2010,0.037861
Slovénie,SVN,T_4300,2011,0.026689
Slovénie,SVN,T_4300,2012,0.025816
Slovénie,SVN,T_4300,2013,0.021736
Slovénie,SVN,T_4300,2014,0.018215
Slovénie,SVN,T_4300,2015,0.020946
Slovénie,SVN,T_4300,2016,0.020956
Slovénie,SVN,T_4300,2017,0.024655
Slovénie,SVN,T_4300,2018,0.021312
Slovénie,SVN,T_4300,2019,0.033118
Slovénie,SVN,T_4300,2020,0.021517
Slovénie,SVN,T_4300,2021,0.020448
Slovénie,SVN,T_4300,2022,0.030116
Slovénie,SVN,T_4300,2023,0.026007
Slovénie,SVN,T_4300,2024,0.020733
Slovénie,SVN,T_4400,1995,0.112533
Slovénie,SVN,T_4400,1996,0.11545
Slovénie,SVN,T_4400,1997,0.12287
Slovénie,SVN,T_4400,1998,0.140407
Slovénie,SVN,T_4400,1999,0.151058
Slovénie,SVN,T_4400,2000,0.121153
Slovénie,SVN,T_4400,2001,0.128144
Slovénie,SVN,T_4400,2002,0.134822
Slovénie,SVN,T_4400,2003,0.116347
Slovénie,SVN,T_4400,2004,0.121519
Slovénie,SVN,T_4400,2005,0.136852
Slovénie,SVN,T_4400,2006,0.143881
Slovénie,SVN,T_4400,2007,0.163291
Slovénie,SVN,T_4400,2008,0.129243
Slovénie,SVN,T_4400,2009,0.082506
Slovénie,SVN,T_4400,2010,0.089997
Slovénie,SVN,T_4400,2011,0.078167
Slovénie,SVN,T_4400,2012,0.074067
Slovénie,SVN,T_4400,2013,0.064529
Slovénie,SVN,T_4400,2014,0.068387
Slovénie,SVN,T_4400,2015,0.076529
Slovénie,SVN,T_4400,2016,0.079225
Slovénie,SVN,T_4400,2017,0.096385
Slovénie,SVN,T_4400,2018,0.088177
Slovénie,SVN,T_4400,2019,0.091939
Slovénie,SVN,T_4400,2020,0.085793
Slovénie,SVN,T_4400,2021,0.103435
Slovénie,SVN,T_4400,2022,0.0974
Slovénie,SVN,T_4400,2023,0.073383
Slovénie,SVN,T_4400,2024,0.076923
Slovénie,SVN,T_5000,1995,14.776037
Slovénie,SVN,T_5000,1996,14.567293
Slovénie,SVN,T_5000,1997,13.566398
Slovénie,SVN,T_5000,1998,14.143669
Slovénie,SVN,T_5000,1999,14.669776
Slovénie,SVN,T_5000,2000,13.807058
Slovénie,SVN,T_5000,2001,13.402819
Slovénie,SVN,T_5000,2002,13.778486
Slovénie,SVN,T_5000,2003,13.843689
Slovénie,SVN,T_5000,2004,13.607744
Slovénie,SVN,T_5000,2005,13.572684
Slovénie,SVN,T_5000,2006,13.292802
Slovénie,SVN,T_5000,2007,13.260352
Slovénie,SVN,T_5000,2008,13.216772
Slovénie,SVN,T_5000,2009,13.678992
Slovénie,SVN,T_5000,2010,14.28071
Slovénie,SVN,T_5000,2011,14.202632
Slovénie,SVN,T_5000,2012,14.501283
Slovénie,SVN,T_5000,2013,15.276738
Slovénie,SVN,T_5000,2014,15.253752
Slovénie,SVN,T_5000,2015,15.305215
Slovénie,SVN,T_5000,2016,15.062895
Slovénie,SVN,T_5000,2017,14.741652
Slovénie,SVN,T_5000,2018,14.491992
Slovénie,SVN,T_5000,2019,14.223855
Slovénie,SVN,T_5000,2020,13.022818
Slovénie,SVN,T_5000,2021,13.51292
Slovénie,SVN,T_5000,2022,13.368431
Slovénie,SVN,T_5000,2023,12.764271
Slovénie,SVN,T_5000,2024,12.706159
Slovénie,SVN,T_5111,1995,0
Slovénie,SVN,T_5111,1996,0
Slovénie,SVN,T_5111,1997,0
Slovénie,SVN,T_5111,1998,0
Slovénie,SVN,T_5111,1999,4.705856
Slovénie,SVN,T_5111,2000,8.594933
Slovénie,SVN,T_5111,2001,8.262509
Slovénie,SVN,T_5111,2002,8.562784
Slovénie,SVN,T_5111,2003,8.490779
Slovénie,SVN,T_5111,2004,8.435493
Slovénie,SVN,T_5111,2005,8.535454
Slovénie,SVN,T_5111,2006,8.435486
Slovénie,SVN,T_5111,2007,8.346918
Slovénie,SVN,T_5111,2008,8.370746
Slovénie,SVN,T_5111,2009,7.989087
Slovénie,SVN,T_5111,2010,8.120327
Slovénie,SVN,T_5111,2011,8.142937
Slovénie,SVN,T_5111,2012,8.040384
Slovénie,SVN,T_5111,2013,8.457836
Slovénie,SVN,T_5111,2014,8.474439
Slovénie,SVN,T_5111,2015,8.371634
Slovénie,SVN,T_5111,2016,8.216669
Slovénie,SVN,T_5111,2017,8.173399
Slovénie,SVN,T_5111,2018,8.287361
Slovénie,SVN,T_5111,2019,8.231777
Slovénie,SVN,T_5111,2020,7.573861
Slovénie,SVN,T_5111,2021,8.26913
Slovénie,SVN,T_5111,2022,8.297383
Slovénie,SVN,T_5111,2023,8.055409
Slovénie,SVN,T_5111,2024,7.944144
Slovénie,SVN,_T,1995,39.10994
Slovénie,SVN,_T,1996,38.200202
Slovénie,SVN,_T,1997,37.10723
Slovénie,SVN,_T,1998,37.94835
Slovénie,SVN,_T,1999,38.332467
Slovénie,SVN,_T,2000,37.856971
Slovénie,SVN,_T,2001,38.084297
Slovénie,SVN,_T,2002,38.678487
Slovénie,SVN,_T,2003,38.730619
Slovénie,SVN,_T,2004,38.743368
Slovénie,SVN,_T,2005,39.401212
Slovénie,SVN,_T,2006,38.879386
Slovénie,SVN,_T,2007,38.161474
Slovénie,SVN,_T,2008,37.456853
Slovénie,SVN,_T,2009,37.639048
Slovénie,SVN,_T,2010,38.37701
Slovénie,SVN,_T,2011,37.861191
Slovénie,SVN,_T,2012,38.099501
Slovénie,SVN,_T,2013,37.989079
Slovénie,SVN,_T,2014,37.887111
Slovénie,SVN,_T,2015,38.139943
Slovénie,SVN,_T,2016,38.188122
Slovénie,SVN,_T,2017,37.931385
Slovénie,SVN,_T,2018,38.069898
Slovénie,SVN,_T,2019,37.920571
Slovénie,SVN,_T,2020,37.880532
Slovénie,SVN,_T,2021,38.545185
Slovénie,SVN,_T,2022,37.625729
Slovénie,SVN,_T,2023,36.36232
Slovénie,SVN,_T,2024,38.296929
Suisse,CHE,T_1100,1995,8.34689
Suisse,CHE,T_1100,1996,8.465375
Suisse,CHE,T_1100,1997,8.303323
Suisse,CHE,T_1100,1998,8.00212
Suisse,CHE,T_1100,1999,8.189269
Suisse,CHE,T_1100,2000,7.945613
Suisse,CHE,T_1100,2001,8.100198
Suisse,CHE,T_1100,2002,8.565
Suisse,CHE,T_1100,2003,8.558813
Suisse,CHE,T_1100,2004,8.425024
Suisse,CHE,T_1100,2005,8.426187
Suisse,CHE,T_1100,2006,8.067487
Suisse,CHE,T_1100,2007,8.064097
Suisse,CHE,T_1100,2008,7.993592
Suisse,CHE,T_1100,2009,8.379153
Suisse,CHE,T_1100,2010,8.197308
Suisse,CHE,T_1100,2011,8.142869
Suisse,CHE,T_1100,2012,8.199858
Suisse,CHE,T_1100,2013,8.127665
Suisse,CHE,T_1100,2014,8.083844
Suisse,CHE,T_1100,2015,8.353935
Suisse,CHE,T_1100,2016,8.340666
Suisse,CHE,T_1100,2017,8.379397
Suisse,CHE,T_1100,2018,8.345701
Suisse,CHE,T_1100,2019,8.48036
Suisse,CHE,T_1100,2020,8.956342
Suisse,CHE,T_1100,2021,8.488431
Suisse,CHE,T_1100,2022,8.33027
Suisse,CHE,T_1100,2023,8.397097
Suisse,CHE,T_1100,2024,8.464676
Suisse,CHE,T_1200,1995,1.647232
Suisse,CHE,T_1200,1996,1.666003
Suisse,CHE,T_1200,1997,1.767901
Suisse,CHE,T_1200,1998,1.853212
Suisse,CHE,T_1200,1999,2.138717
Suisse,CHE,T_1200,2000,2.380656
Suisse,CHE,T_1200,2001,2.634883
Suisse,CHE,T_1200,2002,2.315982
Suisse,CHE,T_1200,2003,2.184672
Suisse,CHE,T_1200,2004,2.115638
Suisse,CHE,T_1200,2005,2.180781
Suisse,CHE,T_1200,2006,2.66082
Suisse,CHE,T_1200,2007,2.723349
Suisse,CHE,T_1200,2008,2.859083
Suisse,CHE,T_1200,2009,2.734778
Suisse,CHE,T_1200,2010,2.601434
Suisse,CHE,T_1200,2011,2.728678
Suisse,CHE,T_1200,2012,2.693884
Suisse,CHE,T_1200,2013,2.702383
Suisse,CHE,T_1200,2014,2.705205
Suisse,CHE,T_1200,2015,2.892243
Suisse,CHE,T_1200,2016,3.053088
Suisse,CHE,T_1200,2017,2.98154
Suisse,CHE,T_1200,2018,3.088718
Suisse,CHE,T_1200,2019,3.09552
Suisse,CHE,T_1200,2020,3.071701
Suisse,CHE,T_1200,2021,3.057
Suisse,CHE,T_1200,2022,3.133651
Suisse,CHE,T_1200,2023,3.412542
Suisse,CHE,T_1200,2024,3.460523
Suisse,CHE,T_2000,1995,6.694388
Suisse,CHE,T_2000,1996,6.731158
Suisse,CHE,T_2000,1997,6.699477
Suisse,CHE,T_2000,1998,6.426679
Suisse,CHE,T_2000,1999,6.572315
Suisse,CHE,T_2000,2000,6.540156
Suisse,CHE,T_2000,2001,6.728548
Suisse,CHE,T_2000,2002,6.895104
Suisse,CHE,T_2000,2003,6.650844
Suisse,CHE,T_2000,2004,6.298646
Suisse,CHE,T_2000,2005,6.183678
Suisse,CHE,T_2000,2006,6.007122
Suisse,CHE,T_2000,2007,5.918707
Suisse,CHE,T_2000,2008,5.991834
Suisse,CHE,T_2000,2009,6.318936
Suisse,CHE,T_2000,2010,6.128164
Suisse,CHE,T_2000,2011,6.433867
Suisse,CHE,T_2000,2012,6.494557
Suisse,CHE,T_2000,2013,6.525392
Suisse,CHE,T_2000,2014,6.518216
Suisse,CHE,T_2000,2015,6.605936
Suisse,CHE,T_2000,2016,6.58349
Suisse,CHE,T_2000,2017,6.58984
Suisse,CHE,T_2000,2018,6.475081
Suisse,CHE,T_2000,2019,6.566992
Suisse,CHE,T_2000,2020,7.021889
Suisse,CHE,T_2000,2021,6.777193
Suisse,CHE,T_2000,2022,6.594154
Suisse,CHE,T_2000,2023,6.657462
Suisse,CHE,T_2000,2024,6.675286
Suisse,CHE,T_3000,1995,0
Suisse,CHE,T_3000,1996,0
Suisse,CHE,T_3000,1997,0
Suisse,CHE,T_3000,1998,0
Suisse,CHE,T_3000,1999,0
Suisse,CHE,T_3000,2000,0
Suisse,CHE,T_3000,2001,0
Suisse,CHE,T_3000,2002,0
Suisse,CHE,T_3000,2003,0
Suisse,CHE,T_3000,2004,0
Suisse,CHE,T_3000,2005,0
Suisse,CHE,T_3000,2006,0
Suisse,CHE,T_3000,2007,0
Suisse,CHE,T_3000,2008,0
Suisse,CHE,T_3000,2009,0
Suisse,CHE,T_3000,2010,0
Suisse,CHE,T_3000,2011,0
Suisse,CHE,T_3000,2012,0
Suisse,CHE,T_3000,2013,0
Suisse,CHE,T_3000,2014,0
Suisse,CHE,T_3000,2015,0
Suisse,CHE,T_3000,2016,0
Suisse,CHE,T_3000,2017,0
Suisse,CHE,T_3000,2018,0
Suisse,CHE,T_3000,2019,0
Suisse,CHE,T_3000,2020,0
Suisse,CHE,T_3000,2021,0
Suisse,CHE,T_3000,2022,0
Suisse,CHE,T_3000,2023,0
Suisse,CHE,T_3000,2024,0
Suisse,CHE,T_4000,1995,2.017836
Suisse,CHE,T_4000,1996,2.120839
Suisse,CHE,T_4000,1997,2.212911
Suisse,CHE,T_4000,1998,2.478151
Suisse,CHE,T_4000,1999,2.59457
Suisse,CHE,T_4000,2000,2.611268
Suisse,CHE,T_4000,2001,2.493571
Suisse,CHE,T_4000,2002,2.44596
Suisse,CHE,T_4000,2003,2.31431
Suisse,CHE,T_4000,2004,2.346522
Suisse,CHE,T_4000,2005,2.201104
Suisse,CHE,T_4000,2006,2.181276
Suisse,CHE,T_4000,2007,2.073042
Suisse,CHE,T_4000,2008,1.991445
Suisse,CHE,T_4000,2009,2.031148
Suisse,CHE,T_4000,2010,1.983028
Suisse,CHE,T_4000,2011,1.926337
Suisse,CHE,T_4000,2012,1.794892
Suisse,CHE,T_4000,2013,1.83734
Suisse,CHE,T_4000,2014,1.885055
Suisse,CHE,T_4000,2015,1.965071
Suisse,CHE,T_4000,2016,1.995875
Suisse,CHE,T_4000,2017,2.093613
Suisse,CHE,T_4000,2018,2.042253
Suisse,CHE,T_4000,2019,2.122365
Suisse,CHE,T_4000,2020,2.258104
Suisse,CHE,T_4000,2021,2.234635
Suisse,CHE,T_4000,2022,2.123436
Suisse,CHE,T_4000,2023,2.057536
Suisse,CHE,T_4000,2024,2.070535
Suisse,CHE,T_4100,1995,0.144939
Suisse,CHE,T_4100,1996,0.148591
Suisse,CHE,T_4100,1997,0.150593
Suisse,CHE,T_4100,1998,0.155157
Suisse,CHE,T_4100,1999,0.159526
Suisse,CHE,T_4100,2000,0.15584
Suisse,CHE,T_4100,2001,0.14823
Suisse,CHE,T_4100,2002,0.155708
Suisse,CHE,T_4100,2003,0.159244
Suisse,CHE,T_4100,2004,0.155407
Suisse,CHE,T_4100,2005,0.156987
Suisse,CHE,T_4100,2006,0.147818
Suisse,CHE,T_4100,2007,0.151937
Suisse,CHE,T_4100,2008,0.148637
Suisse,CHE,T_4100,2009,0.155279
Suisse,CHE,T_4100,2010,0.154996
Suisse,CHE,T_4100,2011,0.152088
Suisse,CHE,T_4100,2012,0.159569
Suisse,CHE,T_4100,2013,0.160653
Suisse,CHE,T_4100,2014,0.156788
Suisse,CHE,T_4100,2015,0.170413
Suisse,CHE,T_4100,2016,0.177432
Suisse,CHE,T_4100,2017,0.172066
Suisse,CHE,T_4100,2018,0.169638
Suisse,CHE,T_4100,2019,0.179952
Suisse,CHE,T_4100,2020,0.192455
Suisse,CHE,T_4100,2021,0.189756
Suisse,CHE,T_4100,2022,0.182896
Suisse,CHE,T_4100,2023,0.178413
Suisse,CHE,T_4100,2024,0.178695
Suisse,CHE,T_4200,1995,1.040133
Suisse,CHE,T_4200,1996,1.067174
Suisse,CHE,T_4200,1997,1.055185
Suisse,CHE,T_4200,1998,1.092866
Suisse,CHE,T_4200,1999,1.187077
Suisse,CHE,T_4200,2000,1.114321
Suisse,CHE,T_4200,2001,1.197887
Suisse,CHE,T_4200,2002,1.23222
Suisse,CHE,T_4200,2003,1.215283
Suisse,CHE,T_4200,2004,1.21563
Suisse,CHE,T_4200,2005,1.166552
Suisse,CHE,T_4200,2006,1.171516
Suisse,CHE,T_4200,2007,1.188676
Suisse,CHE,T_4200,2008,1.153992
Suisse,CHE,T_4200,2009,1.171708
Suisse,CHE,T_4200,2010,1.13768
Suisse,CHE,T_4200,2011,1.103572
Suisse,CHE,T_4200,2012,1.088111
Suisse,CHE,T_4200,2013,1.131381
Suisse,CHE,T_4200,2014,1.16968
Suisse,CHE,T_4200,2015,1.211951
Suisse,CHE,T_4200,2016,1.283473
Suisse,CHE,T_4200,2017,1.320814
Suisse,CHE,T_4200,2018,1.314099
Suisse,CHE,T_4200,2019,1.386284
Suisse,CHE,T_4200,2020,1.428386
Suisse,CHE,T_4200,2021,1.382284
Suisse,CHE,T_4200,2022,1.335356
Suisse,CHE,T_4200,2023,1.33861
Suisse,CHE,T_4200,2024,1.344924
Suisse,CHE,T_4300,1995,0.251261
Suisse,CHE,T_4300,1996,0.25724
Suisse,CHE,T_4300,1997,0.244048
Suisse,CHE,T_4300,1998,0.295854
Suisse,CHE,T_4300,1999,0.330995
Suisse,CHE,T_4300,2000,0.253552
Suisse,CHE,T_4300,2001,0.236021
Suisse,CHE,T_4300,2002,0.271059
Suisse,CHE,T_4300,2003,0.190084
Suisse,CHE,T_4300,2004,0.219508
Suisse,CHE,T_4300,2005,0.171001
Suisse,CHE,T_4300,2006,0.149391
Suisse,CHE,T_4300,2007,0.145674
Suisse,CHE,T_4300,2008,0.140165
Suisse,CHE,T_4300,2009,0.161566
Suisse,CHE,T_4300,2010,0.153256
Suisse,CHE,T_4300,2011,0.133424
Suisse,CHE,T_4300,2012,0.137571
Suisse,CHE,T_4300,2013,0.145492
Suisse,CHE,T_4300,2014,0.174712
Suisse,CHE,T_4300,2015,0.160887
Suisse,CHE,T_4300,2016,0.167206
Suisse,CHE,T_4300,2017,0.167722
Suisse,CHE,T_4300,2018,0.168711
Suisse,CHE,T_4300,2019,0.169991
Suisse,CHE,T_4300,2020,0.18066
Suisse,CHE,T_4300,2021,0.181458
Suisse,CHE,T_4300,2022,0.175045
Suisse,CHE,T_4300,2023,0.174571
Suisse,CHE,T_4300,2024,0.175966
Suisse,CHE,T_4400,1995,0.442827
Suisse,CHE,T_4400,1996,0.505893
Suisse,CHE,T_4400,1997,0.622587
Suisse,CHE,T_4400,1998,0.778971
Suisse,CHE,T_4400,1999,0.742294
Suisse,CHE,T_4400,2000,0.920869
Suisse,CHE,T_4400,2001,0.753493
Suisse,CHE,T_4400,2002,0.625169
Suisse,CHE,T_4400,2003,0.58052
Suisse,CHE,T_4400,2004,0.589967
Suisse,CHE,T_4400,2005,0.556527
Suisse,CHE,T_4400,2006,0.559945
Suisse,CHE,T_4400,2007,0.43484
Suisse,CHE,T_4400,2008,0.410175
Suisse,CHE,T_4400,2009,0.392942
Suisse,CHE,T_4400,2010,0.388736
Suisse,CHE,T_4400,2011,0.382575
Suisse,CHE,T_4400,2012,0.263469
Suisse,CHE,T_4400,2013,0.25527
Suisse,CHE,T_4400,2014,0.249067
Suisse,CHE,T_4400,2015,0.284792
Suisse,CHE,T_4400,2016,0.228261
Suisse,CHE,T_4400,2017,0.287792
Suisse,CHE,T_4400,2018,0.237303
Suisse,CHE,T_4400,2019,0.237306
Suisse,CHE,T_4400,2020,0.285914
Suisse,CHE,T_4400,2021,0.296534
Suisse,CHE,T_4400,2022,0.259296
Suisse,CHE,T_4400,2023,0.210827
Suisse,CHE,T_4400,2024,0.214875
Suisse,CHE,T_5000,1995,5.430363
Suisse,CHE,T_5000,1996,5.356678
Suisse,CHE,T_5000,1997,5.330966
Suisse,CHE,T_5000,1998,5.518996
Suisse,CHE,T_5000,1999,5.931523
Suisse,CHE,T_5000,2000,5.998509
Suisse,CHE,T_5000,2001,5.971968
Suisse,CHE,T_5000,2002,5.920313
Suisse,CHE,T_5000,2003,5.996667
Suisse,CHE,T_5000,2004,6.027924
Suisse,CHE,T_5000,2005,5.940227
Suisse,CHE,T_5000,2006,5.821662
Suisse,CHE,T_5000,2007,5.767685
Suisse,CHE,T_5000,2008,5.735014
Suisse,CHE,T_5000,2009,5.747574
Suisse,CHE,T_5000,2010,5.821214
Suisse,CHE,T_5000,2011,5.822812
Suisse,CHE,T_5000,2012,5.863363
Suisse,CHE,T_5000,2013,5.821791
Suisse,CHE,T_5000,2014,5.757684
Suisse,CHE,T_5000,2015,5.742088
Suisse,CHE,T_5000,2016,5.688229
Suisse,CHE,T_5000,2017,5.76348
Suisse,CHE,T_5000,2018,5.567962
Suisse,CHE,T_5000,2019,5.503898
Suisse,CHE,T_5000,2020,5.582821
Suisse,CHE,T_5000,2021,5.476667
Suisse,CHE,T_5000,2022,5.294694
Suisse,CHE,T_5000,2023,5.219408
Suisse,CHE,T_5000,2024,5.328882
Suisse,CHE,T_5111,1995,2.978608
Suisse,CHE,T_5111,1996,2.870793
Suisse,CHE,T_5111,1997,2.927801
Suisse,CHE,T_5111,1998,3.019969
Suisse,CHE,T_5111,1999,3.365694
Suisse,CHE,T_5111,2000,3.519069
Suisse,CHE,T_5111,2001,3.521878
Suisse,CHE,T_5111,2002,3.496693
Suisse,CHE,T_5111,2003,3.518471
Suisse,CHE,T_5111,2004,3.517295
Suisse,CHE,T_5111,2005,3.478804
Suisse,CHE,T_5111,2006,3.434604
Suisse,CHE,T_5111,2007,3.296276
Suisse,CHE,T_5111,2008,3.300014
Suisse,CHE,T_5111,2009,3.257734
Suisse,CHE,T_5111,2010,3.283263
Suisse,CHE,T_5111,2011,3.373344
Suisse,CHE,T_5111,2012,3.38552
Suisse,CHE,T_5111,2013,3.411913
Suisse,CHE,T_5111,2014,3.36105
Suisse,CHE,T_5111,2015,3.326849
Suisse,CHE,T_5111,2016,3.270845
Suisse,CHE,T_5111,2017,3.330566
Suisse,CHE,T_5111,2018,3.170712
Suisse,CHE,T_5111,2019,3.115897
Suisse,CHE,T_5111,2020,3.164112
Suisse,CHE,T_5111,2021,3.149789
Suisse,CHE,T_5111,2022,3.092367
Suisse,CHE,T_5111,2023,3.113843
Suisse,CHE,T_5111,2024,3.18277
Suisse,CHE,_T,1995,24.968071
Suisse,CHE,_T,1996,25.425053
Suisse,CHE,_T,1997,25.103097
Suisse,CHE,_T,1998,25.828542
Suisse,CHE,_T,1999,26.047566
Suisse,CHE,_T,2000,27.033142
Suisse,CHE,_T,2001,26.346707
Suisse,CHE,_T,2002,26.95116
Suisse,CHE,_T,2003,26.278828
Suisse,CHE,_T,2004,25.988617
Suisse,CHE,_T,2005,25.950986
Suisse,CHE,_T,2006,25.71081
Suisse,CHE,_T,2007,25.542692
Suisse,CHE,_T,2008,25.922226
Suisse,CHE,_T,2009,26.267834
Suisse,CHE,_T,2010,25.816394
Suisse,CHE,_T,2011,26.180407
Suisse,CHE,_T,2012,26.093015
Suisse,CHE,_T,2013,26.246404
Suisse,CHE,_T,2014,26.188539
Suisse,CHE,_T,2015,26.956296
Suisse,CHE,_T,2016,26.938086
Suisse,CHE,_T,2017,27.716094
Suisse,CHE,_T,2018,27.182466
Suisse,CHE,_T,2019,27.66037
Suisse,CHE,_T,2020,27.912231
Suisse,CHE,_T,2021,27.969234
Suisse,CHE,_T,2022,26.631898
Suisse,CHE,_T,2023,26.898372
Suisse,CHE,_T,2024,27.169048
Suède,SWE,T_1100,1995,15.097974
Suède,SWE,T_1100,1996,15.79103
Suède,SWE,T_1100,1997,15.962821
Suède,SWE,T_1100,1998,15.995202
Suède,SWE,T_1100,1999,16.705551
Suède,SWE,T_1100,2000,17.725043
Suède,SWE,T_1100,2001,15.678742
Suède,SWE,T_1100,2002,14.23998
Suède,SWE,T_1100,2003,14.76536
Suède,SWE,T_1100,2004,15.057215
Suède,SWE,T_1100,2005,15.622336
Suède,SWE,T_1100,2006,14.773101
Suède,SWE,T_1100,2007,14.022225
Suède,SWE,T_1100,2008,13.271992
Suède,SWE,T_1100,2009,12.75071
Suède,SWE,T_1100,2010,12.132738
Suède,SWE,T_1100,2011,11.74192
Suède,SWE,T_1100,2012,12.001681
Suède,SWE,T_1100,2013,12.254637
Suède,SWE,T_1100,2014,12.287944
Suède,SWE,T_1100,2015,12.613288
Suède,SWE,T_1100,2016,13.321587
Suède,SWE,T_1100,2017,13.470317
Suède,SWE,T_1100,2018,13.051966
Suède,SWE,T_1100,2019,12.350292
Suède,SWE,T_1100,2020,12.366982
Suède,SWE,T_1100,2021,12.480735
Suède,SWE,T_1100,2022,11.986524
Suède,SWE,T_1100,2023,11.221708
Suède,SWE,T_1100,2024,11.286147
Suède,SWE,T_1200,1995,2.614293
Suède,SWE,T_1200,1996,2.49467
Suède,SWE,T_1200,1997,2.781365
Suède,SWE,T_1200,1998,2.585062
Suède,SWE,T_1200,1999,2.776758
Suède,SWE,T_1200,2000,3.643863
Suède,SWE,T_1200,2001,2.599573
Suède,SWE,T_1200,2002,2.10006
Suède,SWE,T_1200,2003,2.245951
Suède,SWE,T_1200,2004,2.840748
Suède,SWE,T_1200,2005,3.484284
Suède,SWE,T_1200,2006,3.440741
Suède,SWE,T_1200,2007,3.500382
Suède,SWE,T_1200,2008,2.819204
Suède,SWE,T_1200,2009,2.798774
Suède,SWE,T_1200,2010,3.260589
Suède,SWE,T_1200,2011,3.051384
Suède,SWE,T_1200,2012,2.544797
Suède,SWE,T_1200,2013,2.626762
Suède,SWE,T_1200,2014,2.67698
Suède,SWE,T_1200,2015,2.927919
Suède,SWE,T_1200,2016,2.743248
Suède,SWE,T_1200,2017,2.81132
Suède,SWE,T_1200,2018,2.876752
Suède,SWE,T_1200,2019,3.026248
Suède,SWE,T_1200,2020,2.962067
Suède,SWE,T_1200,2021,3.364299
Suède,SWE,T_1200,2022,3.450464
Suède,SWE,T_1200,2023,3.562068
Suède,SWE,T_1200,2024,3.856201
Suède,SWE,T_2000,1995,12.470242
Suède,SWE,T_2000,1996,13.378493
Suède,SWE,T_2000,1997,13.352301
Suède,SWE,T_2000,1998,13.114718
Suède,SWE,T_2000,1999,11.525779
Suède,SWE,T_2000,2000,12.744002
Suède,SWE,T_2000,2001,13.202827
Suède,SWE,T_2000,2002,13.012354
Suède,SWE,T_2000,2003,12.7032
Suède,SWE,T_2000,2004,12.459796
Suède,SWE,T_2000,2005,12.434818
Suède,SWE,T_2000,2006,11.712302
Suède,SWE,T_2000,2007,11.729733
Suède,SWE,T_2000,2008,10.989857
Suède,SWE,T_2000,2009,10.748339
Suède,SWE,T_2000,2010,10.83111
Suède,SWE,T_2000,2011,9.77071
Suède,SWE,T_2000,2012,10.085336
Suède,SWE,T_2000,2013,9.899777
Suède,SWE,T_2000,2014,9.805336
Suède,SWE,T_2000,2015,9.568834
Suède,SWE,T_2000,2016,9.990672
Suède,SWE,T_2000,2017,9.685213
Suède,SWE,T_2000,2018,9.69765
Suède,SWE,T_2000,2019,9.217787
Suède,SWE,T_2000,2020,9.084571
Suède,SWE,T_2000,2021,9.04203
Suède,SWE,T_2000,2022,8.913358
Suède,SWE,T_2000,2023,8.954291
Suède,SWE,T_2000,2024,8.956406
Suède,SWE,T_3000,1995,0.934407
Suède,SWE,T_3000,1996,1.094639
Suède,SWE,T_3000,1997,1.479547
Suède,SWE,T_3000,1998,2.181166
Suède,SWE,T_3000,1999,3.469801
Suède,SWE,T_3000,2000,2.080142
Suède,SWE,T_3000,2001,2.041423
Suède,SWE,T_3000,2002,2.094169
Suède,SWE,T_3000,2003,2.212616
Suède,SWE,T_3000,2004,2.149234
Suède,SWE,T_3000,2005,2.132892
Suède,SWE,T_3000,2006,2.531502
Suède,SWE,T_3000,2007,2.514364
Suède,SWE,T_3000,2008,3.673776
Suède,SWE,T_3000,2009,3.687893
Suède,SWE,T_3000,2010,3.027297
Suède,SWE,T_3000,2011,4.192958
Suède,SWE,T_3000,2012,4.304634
Suède,SWE,T_3000,2013,4.524864
Suède,SWE,T_3000,2014,4.475955
Suède,SWE,T_3000,2015,4.588134
Suède,SWE,T_3000,2016,4.631034
Suède,SWE,T_3000,2017,5.096962
Suède,SWE,T_3000,2018,5.128587
Suède,SWE,T_3000,2019,5.353749
Suède,SWE,T_3000,2020,5.104695
Suède,SWE,T_3000,2021,5.18232
Suède,SWE,T_3000,2022,5.180277
Suède,SWE,T_3000,2023,5.269652
Suède,SWE,T_3000,2024,5.296843
Suède,SWE,T_4000,1995,1.221029
Suède,SWE,T_4000,1996,1.695973
Suède,SWE,T_4000,1997,1.80571
Suède,SWE,T_4000,1998,1.708732
Suède,SWE,T_4000,1999,1.701589
Suède,SWE,T_4000,2000,1.656046
Suède,SWE,T_4000,2001,1.46685
Suède,SWE,T_4000,2002,1.435026
Suède,SWE,T_4000,2003,1.428674
Suède,SWE,T_4000,2004,1.439786
Suède,SWE,T_4000,2005,1.370494
Suède,SWE,T_4000,2006,1.347005
Suède,SWE,T_4000,2007,1.093782
Suède,SWE,T_4000,2008,1.020619
Suède,SWE,T_4000,2009,1.031477
Suède,SWE,T_4000,2010,1.027974
Suède,SWE,T_4000,2011,0.985999
Suède,SWE,T_4000,2012,1.008413
Suède,SWE,T_4000,2013,1.08232
Suède,SWE,T_4000,2014,1.057979
Suède,SWE,T_4000,2015,1.03646
Suède,SWE,T_4000,2016,1.05296
Suède,SWE,T_4000,2017,0.993909
Suède,SWE,T_4000,2018,0.959477
Suède,SWE,T_4000,2019,0.941382
Suède,SWE,T_4000,2020,0.955375
Suède,SWE,T_4000,2021,0.963557
Suède,SWE,T_4000,2022,0.945717
Suède,SWE,T_4000,2023,0.82456
Suède,SWE,T_4000,2024,0.824062
Suède,SWE,T_4100,1995,0.801228
Suède,SWE,T_4100,1996,1.227287
Suède,SWE,T_4100,1997,1.323692
Suède,SWE,T_4100,1998,1.152203
Suède,SWE,T_4100,1999,1.029372
Suède,SWE,T_4100,2000,0.966702
Suède,SWE,T_4100,2001,0.847245
Suède,SWE,T_4100,2002,0.904499
Suède,SWE,T_4100,2003,0.887829
Suède,SWE,T_4100,2004,0.861813
Suède,SWE,T_4100,2005,0.858823
Suède,SWE,T_4100,2006,0.802659
Suède,SWE,T_4100,2007,0.781932
Suède,SWE,T_4100,2008,0.707405
Suède,SWE,T_4100,2009,0.762679
Suède,SWE,T_4100,2010,0.743401
Suède,SWE,T_4100,2011,0.744546
Suède,SWE,T_4100,2012,0.771737
Suède,SWE,T_4100,2013,0.830385
Suède,SWE,T_4100,2014,0.807447
Suède,SWE,T_4100,2015,0.766822
Suède,SWE,T_4100,2016,0.761361
Suède,SWE,T_4100,2017,0.718589
Suède,SWE,T_4100,2018,0.695232
Suède,SWE,T_4100,2019,0.684993
Suède,SWE,T_4100,2020,0.689599
Suède,SWE,T_4100,2021,0.666284
Suède,SWE,T_4100,2022,0.663904
Suède,SWE,T_4100,2023,0.647601
Suède,SWE,T_4100,2024,0.648852
Suède,SWE,T_4200,1995,0.188089
Suède,SWE,T_4200,1996,0.262946
Suède,SWE,T_4200,1997,0.266252
Suède,SWE,T_4200,1998,0.279866
Suède,SWE,T_4200,1999,0.378994
Suède,SWE,T_4200,2000,0.341365
Suède,SWE,T_4200,2001,0.259225
Suède,SWE,T_4200,2002,0.15112
Suède,SWE,T_4200,2003,0.181273
Suède,SWE,T_4200,2004,0.188721
Suède,SWE,T_4200,2005,0.170742
Suède,SWE,T_4200,2006,0.197012
Suède,SWE,T_4200,2007,0
Suède,SWE,T_4200,2008,0
Suède,SWE,T_4200,2009,0
Suède,SWE,T_4200,2010,0
Suède,SWE,T_4200,2011,0
Suède,SWE,T_4200,2012,0
Suède,SWE,T_4200,2013,0
Suède,SWE,T_4200,2014,0
Suède,SWE,T_4200,2015,0
Suède,SWE,T_4200,2016,0
Suède,SWE,T_4200,2017,0
Suède,SWE,T_4200,2018,0
Suède,SWE,T_4200,2019,0
Suède,SWE,T_4200,2020,0
Suède,SWE,T_4200,2021,0
Suède,SWE,T_4200,2022,0
Suède,SWE,T_4200,2023,0
Suède,SWE,T_4200,2024,0
Suède,SWE,T_4300,1995,0.072863
Suède,SWE,T_4300,1996,0.069618
Suède,SWE,T_4300,1997,0.087644
Suède,SWE,T_4300,1998,0.093103
Suède,SWE,T_4300,1999,0.094859
Suède,SWE,T_4300,2000,0.105817
Suède,SWE,T_4300,2001,0.102847
Suède,SWE,T_4300,2002,0.114286
Suède,SWE,T_4300,2003,0.092175
Suède,SWE,T_4300,2004,0.09028
Suède,SWE,T_4300,2005,0.037309
Suède,SWE,T_4300,2006,0.003839
Suède,SWE,T_4300,2007,0.000708
Suède,SWE,T_4300,2008,0.000474
Suède,SWE,T_4300,2009,4.8E-05
Suède,SWE,T_4300,2010,0.000265
Suède,SWE,T_4300,2011,0.000103
Suède,SWE,T_4300,2012,-0.000121
Suède,SWE,T_4300,2013,-0.000114
Suède,SWE,T_4300,2014,3.7E-05
Suède,SWE,T_4300,2015,-3E-06
Suède,SWE,T_4300,2016,0
Suède,SWE,T_4300,2017,0
Suède,SWE,T_4300,2018,0
Suède,SWE,T_4300,2019,0
Suède,SWE,T_4300,2020,0
Suède,SWE,T_4300,2021,0
Suède,SWE,T_4300,2022,0
Suède,SWE,T_4300,2023,0
Suède,SWE,T_4300,2024,0
Suède,SWE,T_4400,1995,0.158849
Suède,SWE,T_4400,1996,0.136121
Suède,SWE,T_4400,1997,0.128121
Suède,SWE,T_4400,1998,0.183559
Suède,SWE,T_4400,1999,0.198365
Suède,SWE,T_4400,2000,0.242162
Suède,SWE,T_4400,2001,0.257533
Suède,SWE,T_4400,2002,0.265121
Suède,SWE,T_4400,2003,0.267396
Suède,SWE,T_4400,2004,0.298972
Suède,SWE,T_4400,2005,0.303621
Suède,SWE,T_4400,2006,0.343494
Suède,SWE,T_4400,2007,0.311142
Suède,SWE,T_4400,2008,0.31274
Suède,SWE,T_4400,2009,0.26875
Suède,SWE,T_4400,2010,0.284309
Suède,SWE,T_4400,2011,0.241351
Suède,SWE,T_4400,2012,0.236797
Suède,SWE,T_4400,2013,0.25205
Suède,SWE,T_4400,2014,0.250494
Suède,SWE,T_4400,2015,0.269641
Suède,SWE,T_4400,2016,0.291598
Suède,SWE,T_4400,2017,0.27532
Suède,SWE,T_4400,2018,0.264246
Suède,SWE,T_4400,2019,0.256389
Suède,SWE,T_4400,2020,0.265777
Suède,SWE,T_4400,2021,0.297272
Suède,SWE,T_4400,2022,0.281813
Suède,SWE,T_4400,2023,0.176959
Suède,SWE,T_4400,2024,0.175211
Suède,SWE,T_5000,1995,12.692925
Suède,SWE,T_5000,1996,12.238394
Suède,SWE,T_5000,1997,12.208242
Suède,SWE,T_5000,1998,12.050046
Suède,SWE,T_5000,1999,11.963629
Suède,SWE,T_5000,2000,12.106351
Suède,SWE,T_5000,2001,12.037537
Suède,SWE,T_5000,2002,12.093701
Suède,SWE,T_5000,2003,12.168718
Suède,SWE,T_5000,2004,12.017962
Suède,SWE,T_5000,2005,12.277902
Suède,SWE,T_5000,2006,12.126231
Suède,SWE,T_5000,2007,12.108149
Suède,SWE,T_5000,2008,12.411668
Suède,SWE,T_5000,2009,12.845916
Suède,SWE,T_5000,2010,12.824106
Suède,SWE,T_5000,2011,12.432804
Suède,SWE,T_5000,2012,12.342283
Suède,SWE,T_5000,2013,12.261732
Suède,SWE,T_5000,2014,12.151834
Suède,SWE,T_5000,2015,12.15919
Suède,SWE,T_5000,2016,12.529963
Suède,SWE,T_5000,2017,12.463465
Suède,SWE,T_5000,2018,12.48824
Suède,SWE,T_5000,2019,12.151686
Suède,SWE,T_5000,2020,12.128276
Suède,SWE,T_5000,2021,12.051281
Suède,SWE,T_5000,2022,12.335535
Suède,SWE,T_5000,2023,11.842329
Suède,SWE,T_5000,2024,11.179605
Suède,SWE,T_5111,1995,8.743375
Suède,SWE,T_5111,1996,8.070583
Suède,SWE,T_5111,1997,8.171298
Suède,SWE,T_5111,1998,8.221629
Suède,SWE,T_5111,1999,8.24199
Suède,SWE,T_5111,2000,8.198484
Suède,SWE,T_5111,2001,8.229109
Suède,SWE,T_5111,2002,8.285121
Suède,SWE,T_5111,2003,8.334727
Suède,SWE,T_5111,2004,8.279098
Suède,SWE,T_5111,2005,8.481679
Suède,SWE,T_5111,2006,8.462466
Suède,SWE,T_5111,2007,8.531833
Suède,SWE,T_5111,2008,8.771073
Suède,SWE,T_5111,2009,9.008421
Suède,SWE,T_5111,2010,9.08353
Suède,SWE,T_5111,2011,8.928091
Suède,SWE,T_5111,2012,8.84176
Suède,SWE,T_5111,2013,8.878433
Suède,SWE,T_5111,2014,8.916972
Suède,SWE,T_5111,2015,8.960664
Suède,SWE,T_5111,2016,9.223262
Suède,SWE,T_5111,2017,9.286877
Suède,SWE,T_5111,2018,9.321398
Suède,SWE,T_5111,2019,9.154826
Suède,SWE,T_5111,2020,9.199109
Suède,SWE,T_5111,2021,9.217101
Suède,SWE,T_5111,2022,9.49459
Suède,SWE,T_5111,2023,8.993695
Suède,SWE,T_5111,2024,8.711059
Suède,SWE,_T,1995,45.106357
Suède,SWE,_T,1996,46.74821
Suède,SWE,_T,1997,47.64184
Suède,SWE,_T,1998,47.695107
Suède,SWE,_T,1999,48.186301
Suède,SWE,_T,2000,50.016863
Suède,SWE,_T,2001,47.103178
Suède,SWE,_T,2002,45.038579
Suède,SWE,_T,2003,45.561724
Suède,SWE,_T,2004,46.01201
Suède,SWE,_T,2005,47.36875
Suède,SWE,_T,2006,45.969647
Suède,SWE,_T,2007,45.022011
Suède,SWE,_T,2008,44.234656
Suède,SWE,_T,2009,43.922974
Suède,SWE,_T,2010,43.143826
Suède,SWE,_T,2011,42.223113
Suède,SWE,_T,2012,42.335539
Suède,SWE,_T,2013,42.697561
Suède,SWE,_T,2014,42.490328
Suède,SWE,_T,2015,42.925864
Suède,SWE,_T,2016,44.318612
Suède,SWE,_T,2017,44.570513
Suède,SWE,_T,2018,44.242975
Suède,SWE,_T,2019,43.074306
Suède,SWE,_T,2020,42.649321
Suède,SWE,_T,2021,43.132529
Suède,SWE,_T,2022,42.868507
Suède,SWE,_T,2023,41.708097
Suède,SWE,_T,2024,41.437904
Tchéquie,CZE,T_1100,1995,4.376797
Tchéquie,CZE,T_1100,1996,4.357705
Tchéquie,CZE,T_1100,1997,4.406527
Tchéquie,CZE,T_1100,1998,4.317059
Tchéquie,CZE,T_1100,1999,4.100164
Tchéquie,CZE,T_1100,2000,4.153353
Tchéquie,CZE,T_1100,2001,4.067272
Tchéquie,CZE,T_1100,2002,4.250624
Tchéquie,CZE,T_1100,2003,4.426053
Tchéquie,CZE,T_1100,2004,4.414715
Tchéquie,CZE,T_1100,2005,4.194546
Tchéquie,CZE,T_1100,2006,3.947308
Tchéquie,CZE,T_1100,2007,4.040234
Tchéquie,CZE,T_1100,2008,3.523634
Tchéquie,CZE,T_1100,2009,3.447555
Tchéquie,CZE,T_1100,2010,3.265742
Tchéquie,CZE,T_1100,2011,3.485706
Tchéquie,CZE,T_1100,2012,3.516685
Tchéquie,CZE,T_1100,2013,3.593926
Tchéquie,CZE,T_1100,2014,3.51217
Tchéquie,CZE,T_1100,2015,3.540084
Tchéquie,CZE,T_1100,2016,3.780755
Tchéquie,CZE,T_1100,2017,3.904825
Tchéquie,CZE,T_1100,2018,4.218082
Tchéquie,CZE,T_1100,2019,4.341575
Tchéquie,CZE,T_1100,2020,4.60445
Tchéquie,CZE,T_1100,2021,3.151063
Tchéquie,CZE,T_1100,2022,3.037377
Tchéquie,CZE,T_1100,2023,3.236404
Tchéquie,CZE,T_1100,2024,3.488516
Tchéquie,CZE,T_1200,1995,4.183589
Tchéquie,CZE,T_1200,1996,3.070159
Tchéquie,CZE,T_1200,1997,3.498597
Tchéquie,CZE,T_1200,1998,3.11054
Tchéquie,CZE,T_1200,1999,3.504604
Tchéquie,CZE,T_1200,2000,3.17448
Tchéquie,CZE,T_1200,2001,3.642296
Tchéquie,CZE,T_1200,2002,3.946422
Tchéquie,CZE,T_1200,2003,4.212677
Tchéquie,CZE,T_1200,2004,4.184825
Tchéquie,CZE,T_1200,2005,4.123809
Tchéquie,CZE,T_1200,2006,4.373583
Tchéquie,CZE,T_1200,2007,4.45866
Tchéquie,CZE,T_1200,2008,4.032456
Tchéquie,CZE,T_1200,2009,3.379015
Tchéquie,CZE,T_1200,2010,3.179513
Tchéquie,CZE,T_1200,2011,3.167362
Tchéquie,CZE,T_1200,2012,3.283507
Tchéquie,CZE,T_1200,2013,3.36848
Tchéquie,CZE,T_1200,2014,3.470766
Tchéquie,CZE,T_1200,2015,3.548939
Tchéquie,CZE,T_1200,2016,3.690951
Tchéquie,CZE,T_1200,2017,3.636017
Tchéquie,CZE,T_1200,2018,3.579678
Tchéquie,CZE,T_1200,2019,3.449157
Tchéquie,CZE,T_1200,2020,3.201895
Tchéquie,CZE,T_1200,2021,3.842592
Tchéquie,CZE,T_1200,2022,4.272986
Tchéquie,CZE,T_1200,2023,4.435051
Tchéquie,CZE,T_1200,2024,4.553801
Tchéquie,CZE,T_2000,1995,14.17466
Tchéquie,CZE,T_2000,1996,14.141481
Tchéquie,CZE,T_2000,1997,14.467598
Tchéquie,CZE,T_2000,1998,14.227179
Tchéquie,CZE,T_2000,1999,14.32001
Tchéquie,CZE,T_2000,2000,14.232779
Tchéquie,CZE,T_2000,2001,14.2109
Tchéquie,CZE,T_2000,2002,14.595562
Tchéquie,CZE,T_2000,2003,14.792088
Tchéquie,CZE,T_2000,2004,14.565041
Tchéquie,CZE,T_2000,2005,14.645797
Tchéquie,CZE,T_2000,2006,14.771637
Tchéquie,CZE,T_2000,2007,14.868348
Tchéquie,CZE,T_2000,2008,14.750274
Tchéquie,CZE,T_2000,2009,14.135124
Tchéquie,CZE,T_2000,2010,14.283058
Tchéquie,CZE,T_2000,2011,14.382041
Tchéquie,CZE,T_2000,2012,14.492098
Tchéquie,CZE,T_2000,2013,14.465593
Tchéquie,CZE,T_2000,2014,14.287558
Tchéquie,CZE,T_2000,2015,14.182499
Tchéquie,CZE,T_2000,2016,14.445592
Tchéquie,CZE,T_2000,2017,14.619284
Tchéquie,CZE,T_2000,2018,15.152232
Tchéquie,CZE,T_2000,2019,15.100308
Tchéquie,CZE,T_2000,2020,15.470504
Tchéquie,CZE,T_2000,2021,15.92966
Tchéquie,CZE,T_2000,2022,15.237173
Tchéquie,CZE,T_2000,2023,15.141254
Tchéquie,CZE,T_2000,2024,15.655008
Tchéquie,CZE,T_3000,1995,0
Tchéquie,CZE,T_3000,1996,0
Tchéquie,CZE,T_3000,1997,0
Tchéquie,CZE,T_3000,1998,0
Tchéquie,CZE,T_3000,1999,0
Tchéquie,CZE,T_3000,2000,0
Tchéquie,CZE,T_3000,2001,0
Tchéquie,CZE,T_3000,2002,0
Tchéquie,CZE,T_3000,2003,0
Tchéquie,CZE,T_3000,2004,0
Tchéquie,CZE,T_3000,2005,0
Tchéquie,CZE,T_3000,2006,0
Tchéquie,CZE,T_3000,2007,0
Tchéquie,CZE,T_3000,2008,0
Tchéquie,CZE,T_3000,2009,0
Tchéquie,CZE,T_3000,2010,0
Tchéquie,CZE,T_3000,2011,0
Tchéquie,CZE,T_3000,2012,0
Tchéquie,CZE,T_3000,2013,0
Tchéquie,CZE,T_3000,2014,0
Tchéquie,CZE,T_3000,2015,0
Tchéquie,CZE,T_3000,2016,0
Tchéquie,CZE,T_3000,2017,0
Tchéquie,CZE,T_3000,2018,0
Tchéquie,CZE,T_3000,2019,0
Tchéquie,CZE,T_3000,2020,0
Tchéquie,CZE,T_3000,2021,0
Tchéquie,CZE,T_3000,2022,0
Tchéquie,CZE,T_3000,2023,0
Tchéquie,CZE,T_3000,2024,0
Tchéquie,CZE,T_4000,1995,0.474934
Tchéquie,CZE,T_4000,1996,0.485986
Tchéquie,CZE,T_4000,1997,0.513917
Tchéquie,CZE,T_4000,1998,0.505421
Tchéquie,CZE,T_4000,1999,0.451864
Tchéquie,CZE,T_4000,2000,0.453819
Tchéquie,CZE,T_4000,2001,0.478204
Tchéquie,CZE,T_4000,2002,0.477173
Tchéquie,CZE,T_4000,2003,0.476611
Tchéquie,CZE,T_4000,2004,0.377603
Tchéquie,CZE,T_4000,2005,0.396451
Tchéquie,CZE,T_4000,2006,0.398402
Tchéquie,CZE,T_4000,2007,0.401786
Tchéquie,CZE,T_4000,2008,0.37687
Tchéquie,CZE,T_4000,2009,0.357
Tchéquie,CZE,T_4000,2010,0.405756
Tchéquie,CZE,T_4000,2011,0.499084
Tchéquie,CZE,T_4000,2012,0.499089
Tchéquie,CZE,T_4000,2013,0.460784
Tchéquie,CZE,T_4000,2014,0.44625
Tchéquie,CZE,T_4000,2015,0.471213
Tchéquie,CZE,T_4000,2016,0.483687
Tchéquie,CZE,T_4000,2017,0.460482
Tchéquie,CZE,T_4000,2018,0.449588
Tchéquie,CZE,T_4000,2019,0.408908
Tchéquie,CZE,T_4000,2020,0.199281
Tchéquie,CZE,T_4000,2021,0.189271
Tchéquie,CZE,T_4000,2022,0.177329
Tchéquie,CZE,T_4000,2023,0.163042
Tchéquie,CZE,T_4000,2024,0.286866
Tchéquie,CZE,T_4100,1995,0.23501
Tchéquie,CZE,T_4100,1996,0.216828
Tchéquie,CZE,T_4100,1997,0.198646
Tchéquie,CZE,T_4100,1998,0.190789
Tchéquie,CZE,T_4100,1999,0.188376
Tchéquie,CZE,T_4100,2000,0.186244
Tchéquie,CZE,T_4100,2001,0.17499
Tchéquie,CZE,T_4100,2002,0.169349
Tchéquie,CZE,T_4100,2003,0.170985
Tchéquie,CZE,T_4100,2004,0.16036
Tchéquie,CZE,T_4100,2005,0.15181
Tchéquie,CZE,T_4100,2006,0.142182
Tchéquie,CZE,T_4100,2007,0.132909
Tchéquie,CZE,T_4100,2008,0.128785
Tchéquie,CZE,T_4100,2009,0.161343
Tchéquie,CZE,T_4100,2010,0.217024
Tchéquie,CZE,T_4100,2011,0.207158
Tchéquie,CZE,T_4100,2012,0.231781
Tchéquie,CZE,T_4100,2013,0.23632
Tchéquie,CZE,T_4100,2014,0.226825
Tchéquie,CZE,T_4100,2015,0.22213
Tchéquie,CZE,T_4100,2016,0.219052
Tchéquie,CZE,T_4100,2017,0.208196
Tchéquie,CZE,T_4100,2018,0.198243
Tchéquie,CZE,T_4100,2019,0.186226
Tchéquie,CZE,T_4100,2020,0.199124
Tchéquie,CZE,T_4100,2021,0.188087
Tchéquie,CZE,T_4100,2022,0.176549
Tchéquie,CZE,T_4100,2023,0.162923
Tchéquie,CZE,T_4100,2024,0.287189
Tchéquie,CZE,T_4200,1995,0
Tchéquie,CZE,T_4200,1996,0
Tchéquie,CZE,T_4200,1997,0
Tchéquie,CZE,T_4200,1998,0
Tchéquie,CZE,T_4200,1999,0
Tchéquie,CZE,T_4200,2000,0
Tchéquie,CZE,T_4200,2001,0
Tchéquie,CZE,T_4200,2002,0
Tchéquie,CZE,T_4200,2003,0
Tchéquie,CZE,T_4200,2004,0
Tchéquie,CZE,T_4200,2005,0
Tchéquie,CZE,T_4200,2006,0
Tchéquie,CZE,T_4200,2007,0
Tchéquie,CZE,T_4200,2008,0
Tchéquie,CZE,T_4200,2009,0
Tchéquie,CZE,T_4200,2010,0
Tchéquie,CZE,T_4200,2011,0
Tchéquie,CZE,T_4200,2012,0
Tchéquie,CZE,T_4200,2013,0
Tchéquie,CZE,T_4200,2014,0
Tchéquie,CZE,T_4200,2015,0
Tchéquie,CZE,T_4200,2016,0
Tchéquie,CZE,T_4200,2017,0
Tchéquie,CZE,T_4200,2018,0
Tchéquie,CZE,T_4200,2019,0
Tchéquie,CZE,T_4200,2020,0
Tchéquie,CZE,T_4200,2021,0
Tchéquie,CZE,T_4200,2022,0
Tchéquie,CZE,T_4200,2023,0
Tchéquie,CZE,T_4200,2024,0
Tchéquie,CZE,T_4300,1995,0.024447
Tchéquie,CZE,T_4300,1996,0.025318
Tchéquie,CZE,T_4300,1997,0.028904
Tchéquie,CZE,T_4300,1998,0.025497
Tchéquie,CZE,T_4300,1999,0.023597
Tchéquie,CZE,T_4300,2000,0.024461
Tchéquie,CZE,T_4300,2001,0.026509
Tchéquie,CZE,T_4300,2002,0.027658
Tchéquie,CZE,T_4300,2003,0.030354
Tchéquie,CZE,T_4300,2004,0.019852
Tchéquie,CZE,T_4300,2005,0.022138
Tchéquie,CZE,T_4300,2006,0.022699
Tchéquie,CZE,T_4300,2007,0.011931
Tchéquie,CZE,T_4300,2008,0.006179
Tchéquie,CZE,T_4300,2009,0.005701
Tchéquie,CZE,T_4300,2010,0.005395
Tchéquie,CZE,T_4300,2011,0.107475
Tchéquie,CZE,T_4300,2012,0.082356
Tchéquie,CZE,T_4300,2013,0.005152
Tchéquie,CZE,T_4300,2014,0
Tchéquie,CZE,T_4300,2015,0.000439
Tchéquie,CZE,T_4300,2016,0.000233
Tchéquie,CZE,T_4300,2017,0.000243
Tchéquie,CZE,T_4300,2018,5E-05
Tchéquie,CZE,T_4300,2019,1.3E-05
Tchéquie,CZE,T_4300,2020,0.000114
Tchéquie,CZE,T_4300,2021,1.1E-05
Tchéquie,CZE,T_4300,2022,0
Tchéquie,CZE,T_4300,2023,0
Tchéquie,CZE,T_4300,2024,0
Tchéquie,CZE,T_4400,1995,0.215478
Tchéquie,CZE,T_4400,1996,0.243839
Tchéquie,CZE,T_4400,1997,0.286367
Tchéquie,CZE,T_4400,1998,0.289135
Tchéquie,CZE,T_4400,1999,0.239891
Tchéquie,CZE,T_4400,2000,0.243114
Tchéquie,CZE,T_4400,2001,0.276704
Tchéquie,CZE,T_4400,2002,0.280166
Tchéquie,CZE,T_4400,2003,0.275272
Tchéquie,CZE,T_4400,2004,0.197391
Tchéquie,CZE,T_4400,2005,0.222503
Tchéquie,CZE,T_4400,2006,0.233522
Tchéquie,CZE,T_4400,2007,0.256946
Tchéquie,CZE,T_4400,2008,0.241906
Tchéquie,CZE,T_4400,2009,0.189957
Tchéquie,CZE,T_4400,2010,0.183337
Tchéquie,CZE,T_4400,2011,0.184451
Tchéquie,CZE,T_4400,2012,0.184952
Tchéquie,CZE,T_4400,2013,0.219312
Tchéquie,CZE,T_4400,2014,0.219426
Tchéquie,CZE,T_4400,2015,0.248644
Tchéquie,CZE,T_4400,2016,0.264402
Tchéquie,CZE,T_4400,2017,0.252043
Tchéquie,CZE,T_4400,2018,0.251295
Tchéquie,CZE,T_4400,2019,0.222669
Tchéquie,CZE,T_4400,2020,4.3E-05
Tchéquie,CZE,T_4400,2021,0.001173
Tchéquie,CZE,T_4400,2022,0.000781
Tchéquie,CZE,T_4400,2023,0.000119
Tchéquie,CZE,T_4400,2024,-0.000322
Tchéquie,CZE,T_5000,1995,11.011445
Tchéquie,CZE,T_5000,1996,10.829391
Tchéquie,CZE,T_5000,1997,10.30668
Tchéquie,CZE,T_5000,1998,9.948065
Tchéquie,CZE,T_5000,1999,10.52788
Tchéquie,CZE,T_5000,2000,10.124599
Tchéquie,CZE,T_5000,2001,9.840699
Tchéquie,CZE,T_5000,2002,9.830591
Tchéquie,CZE,T_5000,2003,10.06312
Tchéquie,CZE,T_5000,2004,10.847254
Tchéquie,CZE,T_5000,2005,10.841896
Tchéquie,CZE,T_5000,2006,10.356165
Tchéquie,CZE,T_5000,2007,10.358368
Tchéquie,CZE,T_5000,2008,10.658632
Tchéquie,CZE,T_5000,2009,10.835258
Tchéquie,CZE,T_5000,2010,10.770908
Tchéquie,CZE,T_5000,2011,11.220959
Tchéquie,CZE,T_5000,2012,11.40327
Tchéquie,CZE,T_5000,2013,11.608096
Tchéquie,CZE,T_5000,2014,10.890747
Tchéquie,CZE,T_5000,2015,11.194495
Tchéquie,CZE,T_5000,2016,11.294677
Tchéquie,CZE,T_5000,2017,11.34399
Tchéquie,CZE,T_5000,2018,11.155138
Tchéquie,CZE,T_5000,2019,10.899667
Tchéquie,CZE,T_5000,2020,10.567158
Tchéquie,CZE,T_5000,2021,10.538158
Tchéquie,CZE,T_5000,2022,10.459019
Tchéquie,CZE,T_5000,2023,10.258512
Tchéquie,CZE,T_5000,2024,9.984504
Tchéquie,CZE,T_5111,1995,5.702508
Tchéquie,CZE,T_5111,1996,5.844538
Tchéquie,CZE,T_5111,1997,5.778989
Tchéquie,CZE,T_5111,1998,5.60468
Tchéquie,CZE,T_5111,1999,6.067592
Tchéquie,CZE,T_5111,2000,5.885527
Tchéquie,CZE,T_5111,2001,5.78386
Tchéquie,CZE,T_5111,2002,5.736253
Tchéquie,CZE,T_5111,2003,5.797338
Tchéquie,CZE,T_5111,2004,6.62943
Tchéquie,CZE,T_5111,2005,6.541537
Tchéquie,CZE,T_5111,2006,6.054192
Tchéquie,CZE,T_5111,2007,6.023087
Tchéquie,CZE,T_5111,2008,6.44859
Tchéquie,CZE,T_5111,2009,6.554991
Tchéquie,CZE,T_5111,2010,6.532614
Tchéquie,CZE,T_5111,2011,6.75236
Tchéquie,CZE,T_5111,2012,6.947275
Tchéquie,CZE,T_5111,2013,7.28763
Tchéquie,CZE,T_5111,2014,7.297524
Tchéquie,CZE,T_5111,2015,7.164385
Tchéquie,CZE,T_5111,2016,7.307723
Tchéquie,CZE,T_5111,2017,7.482353
Tchéquie,CZE,T_5111,2018,7.460834
Tchéquie,CZE,T_5111,2019,7.394677
Tchéquie,CZE,T_5111,2020,7.248729
Tchéquie,CZE,T_5111,2021,7.348436
Tchéquie,CZE,T_5111,2022,7.615683
Tchéquie,CZE,T_5111,2023,7.47686
Tchéquie,CZE,T_5111,2024,7.284337
Tchéquie,CZE,_T,1995,34.255327
Tchéquie,CZE,_T,1996,32.904661
Tchéquie,CZE,_T,1997,33.204316
Tchéquie,CZE,_T,1998,32.115549
Tchéquie,CZE,_T,1999,32.912726
Tchéquie,CZE,_T,2000,32.153865
Tchéquie,CZE,_T,2001,32.249558
Tchéquie,CZE,_T,2002,33.109061
Tchéquie,CZE,_T,2003,33.981385
Tchéquie,CZE,_T,2004,34.399089
Tchéquie,CZE,_T,2005,34.204158
Tchéquie,CZE,_T,2006,33.848056
Tchéquie,CZE,_T,2007,34.128161
Tchéquie,CZE,_T,2008,33.342091
Tchéquie,CZE,_T,2009,32.159419
Tchéquie,CZE,_T,2010,31.908665
Tchéquie,CZE,_T,2011,32.758448
Tchéquie,CZE,_T,2012,33.199181
Tchéquie,CZE,_T,2013,33.498482
Tchéquie,CZE,_T,2014,32.609582
Tchéquie,CZE,_T,2015,32.945546
Tchéquie,CZE,_T,2016,33.707133
Tchéquie,CZE,_T,2017,33.982051
Tchéquie,CZE,_T,2018,34.559433
Tchéquie,CZE,_T,2019,34.203344
Tchéquie,CZE,_T,2020,34.046209
Tchéquie,CZE,_T,2021,33.654218
Tchéquie,CZE,_T,2022,33.187171
Tchéquie,CZE,_T,2023,33.242523
Tchéquie,CZE,_T,2024,33.975018
Turquie,TUR,T_1100,1995,3.532631
Turquie,TUR,T_1100,1996,3.774039
Turquie,TUR,T_1100,1997,4.390204
Turquie,TUR,T_1100,1998,5.624942
Turquie,TUR,T_1100,1999,5.366579
Turquie,TUR,T_1100,2000,5.221369
Turquie,TUR,T_1100,2001,5.59087
Turquie,TUR,T_1100,2002,4.204049
Turquie,TUR,T_1100,2003,3.927243
Turquie,TUR,T_1100,2004,3.429001
Turquie,TUR,T_1100,2005,3.405059
Turquie,TUR,T_1100,2006,3.642189
Turquie,TUR,T_1100,2007,3.88039
Turquie,TUR,T_1100,2008,3.792544
Turquie,TUR,T_1100,2009,3.820242
Turquie,TUR,T_1100,2010,3.459232
Turquie,TUR,T_1100,2011,3.473992
Turquie,TUR,T_1100,2012,3.572194
Turquie,TUR,T_1100,2013,3.496753
Turquie,TUR,T_1100,2014,3.59636
Turquie,TUR,T_1100,2015,3.647722
Turquie,TUR,T_1100,2016,3.677998
Turquie,TUR,T_1100,2017,3.586831
Turquie,TUR,T_1100,2018,3.695461
Turquie,TUR,T_1100,2019,3.768207
Turquie,TUR,T_1100,2020,3.146271
Turquie,TUR,T_1100,2021,3.027171
Turquie,TUR,T_1100,2022,2.374565
Turquie,TUR,T_1100,2023,2.614524
Turquie,TUR,T_1100,2024,3.518935
Turquie,TUR,T_1200,1995,1.105279
Turquie,TUR,T_1200,1996,1.056121
Turquie,TUR,T_1200,1997,1.159523
Turquie,TUR,T_1200,1998,1.20905
Turquie,TUR,T_1200,1999,1.706152
Turquie,TUR,T_1200,2000,1.711621
Turquie,TUR,T_1200,2001,1.726402
Turquie,TUR,T_1200,2002,1.704058
Turquie,TUR,T_1200,2003,1.989658
Turquie,TUR,T_1200,2004,1.674663
Turquie,TUR,T_1200,2005,1.642207
Turquie,TUR,T_1200,2006,1.40215
Turquie,TUR,T_1200,2007,1.548992
Turquie,TUR,T_1200,2008,1.685857
Turquie,TUR,T_1200,2009,1.790871
Turquie,TUR,T_1200,2010,1.792029
Turquie,TUR,T_1200,2011,1.921294
Turquie,TUR,T_1200,2012,1.834828
Turquie,TUR,T_1200,2013,1.58974
Turquie,TUR,T_1200,2014,1.572103
Turquie,TUR,T_1200,2015,1.420203
Turquie,TUR,T_1200,2016,1.635968
Turquie,TUR,T_1200,2017,1.688281
Turquie,TUR,T_1200,2018,2.091727
Turquie,TUR,T_1200,2019,1.825671
Turquie,TUR,T_1200,2020,2.08092
Turquie,TUR,T_1200,2021,2.452719
Turquie,TUR,T_1200,2022,3.380371
Turquie,TUR,T_1200,2023,2.962128
Turquie,TUR,T_1200,2024,2.050651
Turquie,TUR,T_2000,1995,1.978136
Turquie,TUR,T_2000,1996,2.907182
Turquie,TUR,T_2000,1997,2.931813
Turquie,TUR,T_2000,1998,2.982102
Turquie,TUR,T_2000,1999,4.175249
Turquie,TUR,T_2000,2000,4.398156
Turquie,TUR,T_2000,2001,5.46127
Turquie,TUR,T_2000,2002,4.713102
Turquie,TUR,T_2000,2003,5.196782
Turquie,TUR,T_2000,2004,5.51494
Turquie,TUR,T_2000,2005,5.192148
Turquie,TUR,T_2000,2006,5.230223
Turquie,TUR,T_2000,2007,4.962367
Turquie,TUR,T_2000,2008,5.747812
Turquie,TUR,T_2000,2009,5.723029
Turquie,TUR,T_2000,2010,6.140108
Turquie,TUR,T_2000,2011,7.166724
Turquie,TUR,T_2000,2012,6.728183
Turquie,TUR,T_2000,2013,6.902966
Turquie,TUR,T_2000,2014,6.978461
Turquie,TUR,T_2000,2015,7.243148
Turquie,TUR,T_2000,2016,7.243201
Turquie,TUR,T_2000,2017,7.234878
Turquie,TUR,T_2000,2018,7.176831
Turquie,TUR,T_2000,2019,7.244601
Turquie,TUR,T_2000,2020,7.084721
Turquie,TUR,T_2000,2021,6.631116
Turquie,TUR,T_2000,2022,5.112947
Turquie,TUR,T_2000,2023,6.145718
Turquie,TUR,T_2000,2024,6.971862
Turquie,TUR,T_3000,1995,0
Turquie,TUR,T_3000,1996,0
Turquie,TUR,T_3000,1997,0
Turquie,TUR,T_3000,1998,0
Turquie,TUR,T_3000,1999,0
Turquie,TUR,T_3000,2000,0
Turquie,TUR,T_3000,2001,0
Turquie,TUR,T_3000,2002,0
Turquie,TUR,T_3000,2003,0
Turquie,TUR,T_3000,2004,0
Turquie,TUR,T_3000,2005,0
Turquie,TUR,T_3000,2006,0
Turquie,TUR,T_3000,2007,0
Turquie,TUR,T_3000,2008,0
Turquie,TUR,T_3000,2009,0
Turquie,TUR,T_3000,2010,0
Turquie,TUR,T_3000,2011,0
Turquie,TUR,T_3000,2012,0
Turquie,TUR,T_3000,2013,0
Turquie,TUR,T_3000,2014,0
Turquie,TUR,T_3000,2015,0
Turquie,TUR,T_3000,2016,0
Turquie,TUR,T_3000,2017,0
Turquie,TUR,T_3000,2018,0
Turquie,TUR,T_3000,2019,0
Turquie,TUR,T_3000,2020,0
Turquie,TUR,T_3000,2021,0
Turquie,TUR,T_3000,2022,0
Turquie,TUR,T_3000,2023,0
Turquie,TUR,T_3000,2024,0
Turquie,TUR,T_4000,1995,0.499359
Turquie,TUR,T_4000,1996,0.331136
Turquie,TUR,T_4000,1997,0.546004
Turquie,TUR,T_4000,1998,0.711522
Turquie,TUR,T_4000,1999,0.635933
Turquie,TUR,T_4000,2000,0.741501
Turquie,TUR,T_4000,2001,0.615974
Turquie,TUR,T_4000,2002,0.682687
Turquie,TUR,T_4000,2003,0.811106
Turquie,TUR,T_4000,2004,0.70588
Turquie,TUR,T_4000,2005,0.772196
Turquie,TUR,T_4000,2006,0.834011
Turquie,TUR,T_4000,2007,0.858442
Turquie,TUR,T_4000,2008,0.834297
Turquie,TUR,T_4000,2009,0.84641
Turquie,TUR,T_4000,2010,1.000663
Turquie,TUR,T_4000,2011,1.043513
Turquie,TUR,T_4000,2012,1.044024
Turquie,TUR,T_4000,2013,1.167042
Turquie,TUR,T_4000,2014,1.190961
Turquie,TUR,T_4000,2015,1.215765
Turquie,TUR,T_4000,2016,1.213495
Turquie,TUR,T_4000,2017,1.112341
Turquie,TUR,T_4000,2018,1.035354
Turquie,TUR,T_4000,2019,0.966251
Turquie,TUR,T_4000,2020,1.060651
Turquie,TUR,T_4000,2021,0.967173
Turquie,TUR,T_4000,2022,0.729245
Turquie,TUR,T_4000,2023,0.692882
Turquie,TUR,T_4000,2024,0.69905
Turquie,TUR,T_4100,1995,0
Turquie,TUR,T_4100,1996,0
Turquie,TUR,T_4100,1997,0
Turquie,TUR,T_4100,1998,0.13425
Turquie,TUR,T_4100,1999,0.110352
Turquie,TUR,T_4100,2000,0.111555
Turquie,TUR,T_4100,2001,0.07737
Turquie,TUR,T_4100,2002,0.135564
Turquie,TUR,T_4100,2003,0.247086
Turquie,TUR,T_4100,2004,0.157484
Turquie,TUR,T_4100,2005,0.168718
Turquie,TUR,T_4100,2006,0.17708
Turquie,TUR,T_4100,2007,0.164946
Turquie,TUR,T_4100,2008,0.171275
Turquie,TUR,T_4100,2009,0.184248
Turquie,TUR,T_4100,2010,0.228607
Turquie,TUR,T_4100,2011,0.246575
Turquie,TUR,T_4100,2012,0.223087
Turquie,TUR,T_4100,2013,0.210974
Turquie,TUR,T_4100,2014,0.242982
Turquie,TUR,T_4100,2015,0.25019
Turquie,TUR,T_4100,2016,0.2562
Turquie,TUR,T_4100,2017,0.217279
Turquie,TUR,T_4100,2018,0.231381
Turquie,TUR,T_4100,2019,0.224201
Turquie,TUR,T_4100,2020,0.221929
Turquie,TUR,T_4100,2021,0.18808
Turquie,TUR,T_4100,2022,0.124121
Turquie,TUR,T_4100,2023,0.117817
Turquie,TUR,T_4100,2024,0.098724
Turquie,TUR,T_4200,1995,0
Turquie,TUR,T_4200,1996,0
Turquie,TUR,T_4200,1997,0
Turquie,TUR,T_4200,1998,0
Turquie,TUR,T_4200,1999,0
Turquie,TUR,T_4200,2000,0
Turquie,TUR,T_4200,2001,0
Turquie,TUR,T_4200,2002,0
Turquie,TUR,T_4200,2003,0
Turquie,TUR,T_4200,2004,0
Turquie,TUR,T_4200,2005,0
Turquie,TUR,T_4200,2006,0
Turquie,TUR,T_4200,2007,0
Turquie,TUR,T_4200,2008,0
Turquie,TUR,T_4200,2009,0
Turquie,TUR,T_4200,2010,0
Turquie,TUR,T_4200,2011,0
Turquie,TUR,T_4200,2012,0
Turquie,TUR,T_4200,2013,0
Turquie,TUR,T_4200,2014,0
Turquie,TUR,T_4200,2015,0
Turquie,TUR,T_4200,2016,0
Turquie,TUR,T_4200,2017,0
Turquie,TUR,T_4200,2018,0
Turquie,TUR,T_4200,2019,0
Turquie,TUR,T_4200,2020,0
Turquie,TUR,T_4200,2021,0.000318
Turquie,TUR,T_4200,2022,0.00027
Turquie,TUR,T_4200,2023,0.000283
Turquie,TUR,T_4200,2024,0.000191
Turquie,TUR,T_4300,1995,0.012213
Turquie,TUR,T_4300,1996,0.010413
Turquie,TUR,T_4300,1997,0.008622
Turquie,TUR,T_4300,1998,0.011029
Turquie,TUR,T_4300,1999,0.011411
Turquie,TUR,T_4300,2000,0.008882
Turquie,TUR,T_4300,2001,0.010268
Turquie,TUR,T_4300,2002,0.009184
Turquie,TUR,T_4300,2003,0.012979
Turquie,TUR,T_4300,2004,0.010533
Turquie,TUR,T_4300,2005,0.012972
Turquie,TUR,T_4300,2006,0.014964
Turquie,TUR,T_4300,2007,0.014036
Turquie,TUR,T_4300,2008,0.01437
Turquie,TUR,T_4300,2009,0.016719
Turquie,TUR,T_4300,2010,0.018452
Turquie,TUR,T_4300,2011,0.018009
Turquie,TUR,T_4300,2012,0.018507
Turquie,TUR,T_4300,2013,0.018635
Turquie,TUR,T_4300,2014,0.02084
Turquie,TUR,T_4300,2015,0.018515
Turquie,TUR,T_4300,2016,0.023583
Turquie,TUR,T_4300,2017,0.0229
Turquie,TUR,T_4300,2018,0.024493
Turquie,TUR,T_4300,2019,0.025557
Turquie,TUR,T_4300,2020,0.025712
Turquie,TUR,T_4300,2021,0.031081
Turquie,TUR,T_4300,2022,0.019225
Turquie,TUR,T_4300,2023,0.015964
Turquie,TUR,T_4300,2024,0.014835
Turquie,TUR,T_4400,1995,0.312741
Turquie,TUR,T_4400,1996,0.32035
Turquie,TUR,T_4400,1997,0.537382
Turquie,TUR,T_4400,1998,0.566242
Turquie,TUR,T_4400,1999,0.51417
Turquie,TUR,T_4400,2000,0.621064
Turquie,TUR,T_4400,2001,0.528335
Turquie,TUR,T_4400,2002,0.537939
Turquie,TUR,T_4400,2003,0.551041
Turquie,TUR,T_4400,2004,0.537863
Turquie,TUR,T_4400,2005,0.590506
Turquie,TUR,T_4400,2006,0.641967
Turquie,TUR,T_4400,2007,0.679459
Turquie,TUR,T_4400,2008,0.648653
Turquie,TUR,T_4400,2009,0.645444
Turquie,TUR,T_4400,2010,0.753604
Turquie,TUR,T_4400,2011,0.778929
Turquie,TUR,T_4400,2012,0.80243
Turquie,TUR,T_4400,2013,0.937433
Turquie,TUR,T_4400,2014,0.927139
Turquie,TUR,T_4400,2015,0.94706
Turquie,TUR,T_4400,2016,0.933712
Turquie,TUR,T_4400,2017,0.872161
Turquie,TUR,T_4400,2018,0.77948
Turquie,TUR,T_4400,2019,0.716493
Turquie,TUR,T_4400,2020,0.81301
Turquie,TUR,T_4400,2021,0.747694
Turquie,TUR,T_4400,2022,0.585629
Turquie,TUR,T_4400,2023,0.558818
Turquie,TUR,T_4400,2024,0.5853
Turquie,TUR,T_5000,1995,6.153644
Turquie,TUR,T_5000,1996,7.065865
Turquie,TUR,T_5000,1997,7.512246
Turquie,TUR,T_5000,1998,7.4288
Turquie,TUR,T_5000,1999,8.084957
Turquie,TUR,T_5000,2000,9.854928
Turquie,TUR,T_5000,2001,10.170912
Turquie,TUR,T_5000,2002,11.176611
Turquie,TUR,T_5000,2003,12.346989
Turquie,TUR,T_5000,2004,11.019296
Turquie,TUR,T_5000,2005,11.407871
Turquie,TUR,T_5000,2006,11.382548
Turquie,TUR,T_5000,2007,10.900624
Turquie,TUR,T_5000,2008,10.43901
Turquie,TUR,T_5000,2009,10.644954
Turquie,TUR,T_5000,2010,11.754409
Turquie,TUR,T_5000,2011,11.626695
Turquie,TUR,T_5000,2012,11.148113
Turquie,TUR,T_5000,2013,11.585736
Turquie,TUR,T_5000,2014,10.786036
Turquie,TUR,T_5000,2015,11.057873
Turquie,TUR,T_5000,2016,10.962929
Turquie,TUR,T_5000,2017,10.730314
Turquie,TUR,T_5000,2018,9.703961
Turquie,TUR,T_5000,2019,9.011331
Turquie,TUR,T_5000,2020,10.246224
Turquie,TUR,T_5000,2021,9.596575
Turquie,TUR,T_5000,2022,9.127037
Turquie,TUR,T_5000,2023,10.583743
Turquie,TUR,T_5000,2024,10.445779
Turquie,TUR,T_5111,1995,3.983831
Turquie,TUR,T_5111,1996,4.389809
Turquie,TUR,T_5111,1997,4.739282
Turquie,TUR,T_5111,1998,4.515669
Turquie,TUR,T_5111,1999,4.5103
Turquie,TUR,T_5111,2000,5.676659
Turquie,TUR,T_5111,2001,5.83699
Turquie,TUR,T_5111,2002,6.232513
Turquie,TUR,T_5111,2003,6.219612
Turquie,TUR,T_5111,2004,5.268422
Turquie,TUR,T_5111,2005,5.050396
Turquie,TUR,T_5111,2006,5.19465
Turquie,TUR,T_5111,2007,4.876036
Turquie,TUR,T_5111,2008,4.664832
Turquie,TUR,T_5111,2009,4.668936
Turquie,TUR,T_5111,2010,5.355415
Turquie,TUR,T_5111,2011,5.597569
Turquie,TUR,T_5111,2012,5.157969
Turquie,TUR,T_5111,2013,5.523809
Turquie,TUR,T_5111,2014,4.989667
Turquie,TUR,T_5111,2015,5.149865
Turquie,TUR,T_5111,2016,4.980753
Turquie,TUR,T_5111,2017,4.967907
Turquie,TUR,T_5111,2018,4.748954
Turquie,TUR,T_5111,2019,4.185661
Turquie,TUR,T_5111,2020,4.570821
Turquie,TUR,T_5111,2021,5.310571
Turquie,TUR,T_5111,2022,5.023448
Turquie,TUR,T_5111,2023,5.481131
Turquie,TUR,T_5111,2024,5.359465
Turquie,TUR,_T,1995,16.378292
Turquie,TUR,_T,1996,18.451004
Turquie,TUR,_T,1997,20.229096
Turquie,TUR,_T,1998,20.600007
Turquie,TUR,_T,1999,22.545697
Turquie,TUR,_T,2000,23.477758
Turquie,TUR,_T,2001,25.361192
Turquie,TUR,_T,2002,23.826239
Turquie,TUR,_T,2003,24.978957
Turquie,TUR,_T,2004,23.088342
Turquie,TUR,_T,2005,23.140107
Turquie,TUR,_T,2006,23.371448
Turquie,TUR,_T,2007,22.873709
Turquie,TUR,_T,2008,22.96121
Turquie,TUR,_T,2009,23.318264
Turquie,TUR,_T,2010,24.653785
Turquie,TUR,_T,2011,25.706145
Turquie,TUR,_T,2012,24.759869
Turquie,TUR,_T,2013,25.155803
Turquie,TUR,_T,2014,24.457241
Turquie,TUR,_T,2015,24.956897
Turquie,TUR,_T,2016,25.128206
Turquie,TUR,_T,2017,24.680259
Turquie,TUR,_T,2018,23.968235
Turquie,TUR,_T,2019,23.103163
Turquie,TUR,_T,2020,23.860801
Turquie,TUR,_T,2021,22.913953
Turquie,TUR,_T,2022,20.945333
Turquie,TUR,_T,2023,23.216834
Turquie,TUR,_T,2024,23.954049
UNIOECD,UNIOECD,_T,1995,33.158817
UNIOECD,UNIOECD,_T,1996,33.316897
UNIOECD,UNIOECD,_T,1997,33.531825
UNIOECD,UNIOECD,_T,1998,33.643966
UNIOECD,UNIOECD,_T,1999,33.922286
UNIOECD,UNIOECD,_T,2000,33.87791
UNIOECD,UNIOECD,_T,2001,33.303775
UNIOECD,UNIOECD,_T,2002,33.156609
UNIOECD,UNIOECD,_T,2003,33.082076
UNIOECD,UNIOECD,_T,2004,33.07018
UNIOECD,UNIOECD,_T,2005,33.667137
UNIOECD,UNIOECD,_T,2006,33.780317
UNIOECD,UNIOECD,_T,2007,33.875805
UNIOECD,UNIOECD,_T,2008,33.281407
UNIOECD,UNIOECD,_T,2009,32.465356
UNIOECD,UNIOECD,_T,2010,32.558798
UNIOECD,UNIOECD,_T,2011,32.957506
UNIOECD,UNIOECD,_T,2012,33.387023
UNIOECD,UNIOECD,_T,2013,33.573781
UNIOECD,UNIOECD,_T,2014,33.824107
UNIOECD,UNIOECD,_T,2015,33.692639
UNIOECD,UNIOECD,_T,2016,34.633994
UNIOECD,UNIOECD,_T,2017,34.211786
UNIOECD,UNIOECD,_T,2018,34.340335
UNIOECD,UNIOECD,_T,2019,34.285728
UNIOECD,UNIOECD,_T,2020,34.305093
UNIOECD,UNIOECD,_T,2021,34.8557
UNIOECD,UNIOECD,_T,2022,34.87328
UNIOECD,UNIOECD,_T,2023,34.521223
États-Unis,USA,T_1100,1995,9.633172
États-Unis,USA,T_1100,1996,10.230132
États-Unis,USA,T_1100,1997,10.720833
États-Unis,USA,T_1100,1998,11.253664
États-Unis,USA,T_1100,1999,11.411695
États-Unis,USA,T_1100,2000,11.945601
États-Unis,USA,T_1100,2001,11.598024
États-Unis,USA,T_1100,2002,9.512955
États-Unis,USA,T_1100,2003,8.647073
États-Unis,USA,T_1100,2004,8.467694
États-Unis,USA,T_1100,2005,9.187517
États-Unis,USA,T_1100,2006,9.726464
États-Unis,USA,T_1100,2007,10.218751
États-Unis,USA,T_1100,2008,10.139815
États-Unis,USA,T_1100,2009,7.861846
États-Unis,USA,T_1100,2010,8.128252
États-Unis,USA,T_1100,2011,9.230394
États-Unis,USA,T_1100,2012,9.204924
États-Unis,USA,T_1100,2013,9.863164
États-Unis,USA,T_1100,2014,10.076968
États-Unis,USA,T_1100,2015,10.54975
États-Unis,USA,T_1100,2016,10.362941
États-Unis,USA,T_1100,2017,10.395398
États-Unis,USA,T_1100,2018,9.984689
États-Unis,USA,T_1100,2019,10.153095
États-Unis,USA,T_1100,2020,10.458352
États-Unis,USA,T_1100,2021,11.364123
États-Unis,USA,T_1100,2022,12.429842
États-Unis,USA,T_1100,2023,10.245464
États-Unis,USA,T_1100,2024,10.322878
États-Unis,USA,T_1200,1995,2.455408
États-Unis,USA,T_1200,1996,2.521478
États-Unis,USA,T_1200,1997,2.523809
États-Unis,USA,T_1200,1998,2.346014
États-Unis,USA,T_1200,1999,2.319064
États-Unis,USA,T_1200,2000,2.237129
États-Unis,USA,T_1200,2001,1.572813
États-Unis,USA,T_1200,2002,1.434948
États-Unis,USA,T_1200,2003,1.831109
États-Unis,USA,T_1200,2004,2.242023
États-Unis,USA,T_1200,2005,2.871599
États-Unis,USA,T_1200,2006,3.077685
États-Unis,USA,T_1200,2007,2.667634
États-Unis,USA,T_1200,2008,1.688538
États-Unis,USA,T_1200,2009,1.363934
États-Unis,USA,T_1200,2010,1.764112
États-Unis,USA,T_1200,2011,1.745783
États-Unis,USA,T_1200,2012,2.001759
États-Unis,USA,T_1200,2013,2.085771
États-Unis,USA,T_1200,2014,2.248954
États-Unis,USA,T_1200,2015,2.105216
États-Unis,USA,T_1200,2016,1.941223
États-Unis,USA,T_1200,2017,1.452054
États-Unis,USA,T_1200,2018,1.380117
États-Unis,USA,T_1200,2019,1.317091
États-Unis,USA,T_1200,2020,1.399838
États-Unis,USA,T_1200,2021,1.900807
États-Unis,USA,T_1200,2022,2.168112
États-Unis,USA,T_1200,2023,2.195352
États-Unis,USA,T_1200,2024,2.24253
États-Unis,USA,T_2000,1995,6.681843
États-Unis,USA,T_2000,1996,6.610404
États-Unis,USA,T_2000,1997,6.592837
États-Unis,USA,T_2000,1998,6.652622
États-Unis,USA,T_2000,1999,6.629702
États-Unis,USA,T_2000,2000,6.66381
États-Unis,USA,T_2000,2001,6.690009
États-Unis,USA,T_2000,2002,6.621574
États-Unis,USA,T_2000,2003,6.533315
États-Unis,USA,T_2000,2004,6.499347
États-Unis,USA,T_2000,2005,6.376236
États-Unis,USA,T_2000,2006,6.320095
États-Unis,USA,T_2000,2007,6.268776
États-Unis,USA,T_2000,2008,6.297615
États-Unis,USA,T_2000,2009,6.232731
États-Unis,USA,T_2000,2010,6.096158
États-Unis,USA,T_2000,2011,5.430555
États-Unis,USA,T_2000,2012,5.415914
États-Unis,USA,T_2000,2013,6.102235
États-Unis,USA,T_2000,2014,6.115615
États-Unis,USA,T_2000,2015,6.151909
États-Unis,USA,T_2000,2016,6.131919
États-Unis,USA,T_2000,2017,6.145271
États-Unis,USA,T_2000,2018,6.080366
États-Unis,USA,T_2000,2019,6.093193
États-Unis,USA,T_2000,2020,6.219661
États-Unis,USA,T_2000,2021,6.047678
États-Unis,USA,T_2000,2022,5.997122
États-Unis,USA,T_2000,2023,6.025513
États-Unis,USA,T_2000,2024,5.982548
États-Unis,USA,T_3000,1995,0
États-Unis,USA,T_3000,1996,0
États-Unis,USA,T_3000,1997,0
États-Unis,USA,T_3000,1998,0
États-Unis,USA,T_3000,1999,0
États-Unis,USA,T_3000,2000,0
États-Unis,USA,T_3000,2001,0
États-Unis,USA,T_3000,2002,0
États-Unis,USA,T_3000,2003,0
États-Unis,USA,T_3000,2004,0
États-Unis,USA,T_3000,2005,0
États-Unis,USA,T_3000,2006,0
États-Unis,USA,T_3000,2007,0.001969
États-Unis,USA,T_3000,2008,0.001821
États-Unis,USA,T_3000,2009,0.002127
États-Unis,USA,T_3000,2010,0.015184
États-Unis,USA,T_3000,2011,0.011308
États-Unis,USA,T_3000,2012,0.010434
États-Unis,USA,T_3000,2013,0.009513
États-Unis,USA,T_3000,2014,0.009362
États-Unis,USA,T_3000,2015,0.009699
États-Unis,USA,T_3000,2016,0.010139
États-Unis,USA,T_3000,2017,0.010272
États-Unis,USA,T_3000,2018,0.010438
États-Unis,USA,T_3000,2019,0.010652
États-Unis,USA,T_3000,2020,0.015814
États-Unis,USA,T_3000,2021,0.014169
États-Unis,USA,T_3000,2022,0.013928
États-Unis,USA,T_3000,2023,0.013805
États-Unis,USA,T_3000,2024,0.017662
États-Unis,USA,T_4000,1995,3.000362
États-Unis,USA,T_4000,1996,3.008646
États-Unis,USA,T_4000,1997,3.007963
États-Unis,USA,T_4000,1998,3.004254
États-Unis,USA,T_4000,1999,3.000862
États-Unis,USA,T_4000,2000,2.922133
États-Unis,USA,T_4000,2001,2.964672
États-Unis,USA,T_4000,2002,3.058363
États-Unis,USA,T_4000,2003,3.09523
États-Unis,USA,T_4000,2004,3.112843
États-Unis,USA,T_4000,2005,3.168457
États-Unis,USA,T_4000,2006,3.173749
États-Unis,USA,T_4000,2007,3.199148
États-Unis,USA,T_4000,2008,3.190921
États-Unis,USA,T_4000,2009,3.310771
États-Unis,USA,T_4000,2010,3.145876
États-Unis,USA,T_4000,2011,3.011541
États-Unis,USA,T_4000,2012,2.957614
États-Unis,USA,T_4000,2013,2.967335
États-Unis,USA,T_4000,2014,2.943125
États-Unis,USA,T_4000,2015,2.94049
États-Unis,USA,T_4000,2016,2.976833
États-Unis,USA,T_4000,2017,4.188279
États-Unis,USA,T_4000,2018,2.945871
États-Unis,USA,T_4000,2019,2.956616
États-Unis,USA,T_4000,2020,3.092068
États-Unis,USA,T_4000,2021,2.989893
États-Unis,USA,T_4000,2022,2.901172
États-Unis,USA,T_4000,2023,2.906862
États-Unis,USA,T_4000,2024,2.926418
États-Unis,USA,T_4100,1995,2.651641
États-Unis,USA,T_4100,1996,2.630346
États-Unis,USA,T_4100,1997,2.605978
États-Unis,USA,T_4100,1998,2.548959
États-Unis,USA,T_4100,1999,2.520996
États-Unis,USA,T_4100,2000,2.484343
États-Unis,USA,T_4100,2001,2.532791
États-Unis,USA,T_4100,2002,2.64626
États-Unis,USA,T_4100,2003,2.679049
États-Unis,USA,T_4100,2004,2.66942
États-Unis,USA,T_4100,2005,2.69373
États-Unis,USA,T_4100,2006,2.7155
États-Unis,USA,T_4100,2007,2.789011
États-Unis,USA,T_4100,2008,2.814336
États-Unis,USA,T_4100,2009,3.036321
États-Unis,USA,T_4100,2010,2.914405
États-Unis,USA,T_4100,2011,2.8157
États-Unis,USA,T_4100,2012,2.733476
États-Unis,USA,T_4100,2013,2.69652
États-Unis,USA,T_4100,2014,2.688599
États-Unis,USA,T_4100,2015,2.674675
États-Unis,USA,T_4100,2016,2.713962
États-Unis,USA,T_4100,2017,2.729066
États-Unis,USA,T_4100,2018,2.684731
États-Unis,USA,T_4100,2019,2.732792
États-Unis,USA,T_4100,2020,2.84297
États-Unis,USA,T_4100,2021,2.700293
États-Unis,USA,T_4100,2022,2.601888
États-Unis,USA,T_4100,2023,2.62745
États-Unis,USA,T_4100,2024,2.672596
États-Unis,USA,T_4200,1995,0
États-Unis,USA,T_4200,1996,0
États-Unis,USA,T_4200,1997,0
États-Unis,USA,T_4200,1998,0
États-Unis,USA,T_4200,1999,0
États-Unis,USA,T_4200,2000,0
États-Unis,USA,T_4200,2001,0
États-Unis,USA,T_4200,2002,0
États-Unis,USA,T_4200,2003,0
États-Unis,USA,T_4200,2004,0
États-Unis,USA,T_4200,2005,0
États-Unis,USA,T_4200,2006,0
États-Unis,USA,T_4200,2007,0
États-Unis,USA,T_4200,2008,0
États-Unis,USA,T_4200,2009,0
États-Unis,USA,T_4200,2010,0
États-Unis,USA,T_4200,2011,0
États-Unis,USA,T_4200,2012,0
États-Unis,USA,T_4200,2013,0
États-Unis,USA,T_4200,2014,0
États-Unis,USA,T_4200,2015,0
États-Unis,USA,T_4200,2016,0
États-Unis,USA,T_4200,2017,0
États-Unis,USA,T_4200,2018,0
États-Unis,USA,T_4200,2019,0
États-Unis,USA,T_4200,2020,0
États-Unis,USA,T_4200,2021,0
États-Unis,USA,T_4200,2022,0
États-Unis,USA,T_4200,2023,0
États-Unis,USA,T_4200,2024,0
États-Unis,USA,T_4300,1995,0.262299
États-Unis,USA,T_4300,1996,0.286259
États-Unis,USA,T_4300,1997,0.314472
États-Unis,USA,T_4300,1998,0.357427
États-Unis,USA,T_4300,1999,0.381106
États-Unis,USA,T_4300,2000,0.347675
États-Unis,USA,T_4300,2001,0.337339
États-Unis,USA,T_4300,2002,0.29878
États-Unis,USA,T_4300,2003,0.247415
États-Unis,USA,T_4300,2004,0.248461
États-Unis,USA,T_4300,2005,0.233335
États-Unis,USA,T_4300,2006,0.239425
États-Unis,USA,T_4300,2007,0.220578
États-Unis,USA,T_4300,2008,0.228133
États-Unis,USA,T_4300,2009,0.174098
États-Unis,USA,T_4300,2010,0.130899
États-Unis,USA,T_4300,2011,0.094367
États-Unis,USA,T_4300,2012,0.118359
États-Unis,USA,T_4300,2013,0.155083
États-Unis,USA,T_4300,2014,0.135157
États-Unis,USA,T_4300,2015,0.139646
États-Unis,USA,T_4300,2016,0.134418
États-Unis,USA,T_4300,2017,0.144388
États-Unis,USA,T_4300,2018,0.136087
États-Unis,USA,T_4300,2019,0.099572
États-Unis,USA,T_4300,2020,0.118457
États-Unis,USA,T_4300,2021,0.145026
États-Unis,USA,T_4300,2022,0.157294
États-Unis,USA,T_4300,2023,0.154168
États-Unis,USA,T_4300,2024,0.130209
États-Unis,USA,T_4400,1995,0.031888
États-Unis,USA,T_4400,1996,0.035843
États-Unis,USA,T_4400,1997,0.033664
États-Unis,USA,T_4400,1998,0.044512
États-Unis,USA,T_4400,1999,0.045479
États-Unis,USA,T_4400,2000,0.042819
États-Unis,USA,T_4400,2001,0.046678
États-Unis,USA,T_4400,2002,0.066033
États-Unis,USA,T_4400,2003,0.118583
États-Unis,USA,T_4400,2004,0.148088
États-Unis,USA,T_4400,2005,0.193887
États-Unis,USA,T_4400,2006,0.170785
États-Unis,USA,T_4400,2007,0.141651
États-Unis,USA,T_4400,2008,0.100797
États-Unis,USA,T_4400,2009,0.048533
États-Unis,USA,T_4400,2010,0.049571
États-Unis,USA,T_4400,2011,0.053708
États-Unis,USA,T_4400,2012,0.060131
États-Unis,USA,T_4400,2013,0.070119
États-Unis,USA,T_4400,2014,0.073569
États-Unis,USA,T_4400,2015,0.079882
États-Unis,USA,T_4400,2016,0.081512
États-Unis,USA,T_4400,2017,0.078822
États-Unis,USA,T_4400,2018,0.078269
États-Unis,USA,T_4400,2019,0.077189
États-Unis,USA,T_4400,2020,0.081332
États-Unis,USA,T_4400,2021,0.097713
États-Unis,USA,T_4400,2022,0.096373
États-Unis,USA,T_4400,2023,0.079357
États-Unis,USA,T_4400,2024,0.077393
États-Unis,USA,T_5000,1995,4.778866
États-Unis,USA,T_5000,1996,4.673764
États-Unis,USA,T_5000,1997,4.638966
États-Unis,USA,T_5000,1998,4.610006
États-Unis,USA,T_5000,1999,4.570845
États-Unis,USA,T_5000,2000,4.526446
États-Unis,USA,T_5000,2001,4.435387
États-Unis,USA,T_5000,2002,4.382724
États-Unis,USA,T_5000,2003,4.377362
États-Unis,USA,T_5000,2004,4.440376
États-Unis,USA,T_5000,2005,4.493396
États-Unis,USA,T_5000,2006,4.47728
États-Unis,USA,T_5000,2007,4.371305
États-Unis,USA,T_5000,2008,4.324149
États-Unis,USA,T_5000,2009,4.139234
États-Unis,USA,T_5000,2010,4.221741
États-Unis,USA,T_5000,2011,4.33166
États-Unis,USA,T_5000,2012,4.324942
États-Unis,USA,T_5000,2013,4.384784
États-Unis,USA,T_5000,2014,4.391898
États-Unis,USA,T_5000,2015,4.33042
États-Unis,USA,T_5000,2016,4.290189
États-Unis,USA,T_5000,2017,4.268086
États-Unis,USA,T_5000,2018,4.414756
États-Unis,USA,T_5000,2019,4.429425
États-Unis,USA,T_5000,2020,4.320214
États-Unis,USA,T_5000,2021,4.511739
États-Unis,USA,T_5000,2022,4.535639
États-Unis,USA,T_5000,2023,4.246881
États-Unis,USA,T_5000,2024,4.126295
États-Unis,USA,T_5111,1995,0
États-Unis,USA,T_5111,1996,0
États-Unis,USA,T_5111,1997,0
États-Unis,USA,T_5111,1998,0
États-Unis,USA,T_5111,1999,0
États-Unis,USA,T_5111,2000,0
États-Unis,USA,T_5111,2001,0
États-Unis,USA,T_5111,2002,0
États-Unis,USA,T_5111,2003,0
États-Unis,USA,T_5111,2004,0
États-Unis,USA,T_5111,2005,0
États-Unis,USA,T_5111,2006,0
États-Unis,USA,T_5111,2007,0
États-Unis,USA,T_5111,2008,0
États-Unis,USA,T_5111,2009,0
États-Unis,USA,T_5111,2010,0
États-Unis,USA,T_5111,2011,0
États-Unis,USA,T_5111,2012,0
États-Unis,USA,T_5111,2013,0
États-Unis,USA,T_5111,2014,0
États-Unis,USA,T_5111,2015,0
États-Unis,USA,T_5111,2016,0
États-Unis,USA,T_5111,2017,0
États-Unis,USA,T_5111,2018,0
États-Unis,USA,T_5111,2019,0
États-Unis,USA,T_5111,2020,0
États-Unis,USA,T_5111,2021,0
États-Unis,USA,T_5111,2022,0
États-Unis,USA,T_5111,2023,0
États-Unis,USA,T_5111,2024,0
États-Unis,USA,_T,1995,26.549651
États-Unis,USA,_T,1996,27.044424
États-Unis,USA,_T,1997,27.484407
États-Unis,USA,_T,1998,27.866562
États-Unis,USA,_T,1999,27.932167
États-Unis,USA,_T,2000,28.295119
États-Unis,USA,_T,2001,27.260905
États-Unis,USA,_T,2002,25.010564
États-Unis,USA,_T,2003,24.484089
États-Unis,USA,_T,2004,24.762283
États-Unis,USA,_T,2005,26.097205
États-Unis,USA,_T,2006,26.775275
États-Unis,USA,_T,2007,26.727584
États-Unis,USA,_T,2008,25.642859
États-Unis,USA,_T,2009,22.910642
États-Unis,USA,_T,2010,23.371323
États-Unis,USA,_T,2011,23.76124
États-Unis,USA,_T,2012,23.915587
États-Unis,USA,_T,2013,25.412801
États-Unis,USA,_T,2014,25.785922
États-Unis,USA,_T,2015,26.087485
États-Unis,USA,_T,2016,25.713244
États-Unis,USA,_T,2017,26.45936
États-Unis,USA,_T,2018,24.816237
États-Unis,USA,_T,2019,24.960073
États-Unis,USA,_T,2020,25.505948
États-Unis,USA,_T,2021,26.828409
États-Unis,USA,_T,2022,28.045814
États-Unis,USA,_T,2023,25.633877
États-Unis,USA,_T,2024,25.618333
