REF_AREA,TIME_PERIOD,MEASURE,WORKING_HOURS_INCREASE,INCOME_CURR,HOUSEHOLD_TYPE,INCOME_PART,SOC_ASS_BENEFIT,HOUSE_BENEFIT,OBS_VALUE
AUT,2024,ETRIWH,PTFTW33T67,AW67,C_C2,NOEARN_UNEMP_WO_CONBEN,NO,NO,22
AUT,2023,ETRIWH,PTFTW33T67,AW67,C_C2,NOEARN_UNEMP_WO_CONBEN,NO,NO,20
AUT,2025,ETRIWH,PTFTW33T67,AW67,C_C2,NOEARN_UNEMP_WO_CONBEN,NO,NO,29
BEL,2023,ETRIWH,PTFTW33T67,AW67,C_C2,NOEARN_UNEMP_WO_CONBEN,NO,NO,3
BEL,2024,ETRIWH,PTFTW33T67,AW67,C_C2,NOEARN_UNEMP_WO_CONBEN,NO,NO,3
BEL,2025,ETRIWH,PTFTW33T67,AW67,C_C2,NOEARN_UNEMP_WO_CONBEN,NO,NO,3
DNK,2023,ETRIWH,PTFTW33T67,AW67,C_C2,NOEARN_UNEMP_WO_CONBEN,NO,NO,36
DNK,2024,ETRIWH,PTFTW33T67,AW67,C_C2,NOEARN_UNEMP_WO_CONBEN,NO,NO,37
FRA,2023,ETRIWH,PTFTW33T67,AW67,C_C2,NOEARN_UNEMP_WO_CONBEN,NO,NO,33
FRA,2024,ETRIWH,PTFTW33T67,AW67,C_C2,NOEARN_UNEMP_WO_CONBEN,NO,NO,33
FRA,2025,ETRIWH,PTFTW33T67,AW67,C_C2,NOEARN_UNEMP_WO_CONBEN,NO,NO,33
DEU,2023,ETRIWH,PTFTW33T67,AW67,C_C2,NOEARN_UNEMP_WO_CONBEN,NO,NO,24
DEU,2024,ETRIWH,PTFTW33T67,AW67,C_C2,NOEARN_UNEMP_WO_CONBEN,NO,NO,24
DEU,2025,ETRIWH,PTFTW33T67,AW67,C_C2,NOEARN_UNEMP_WO_CONBEN,NO,NO,24
ITA,2023,ETRIWH,PTFTW33T67,AW67,C_C2,NOEARN_UNEMP_WO_CONBEN,NO,NO,1
ITA,2024,ETRIWH,PTFTW33T67,AW67,C_C2,NOEARN_UNEMP_WO_CONBEN,NO,NO,0
ITA,2025,ETRIWH,PTFTW33T67,AW67,C_C2,NOEARN_UNEMP_WO_CONBEN,NO,NO,-5
NLD,2023,ETRIWH,PTFTW33T67,AW67,C_C2,NOEARN_UNEMP_WO_CONBEN,NO,NO,24
NLD,2024,ETRIWH,PTFTW33T67,AW67,C_C2,NOEARN_UNEMP_WO_CONBEN,NO,NO,23
POL,2023,ETRIWH,PTFTW33T67,AW67,C_C2,NOEARN_UNEMP_WO_CONBEN,NO,NO,21
POL,2024,ETRIWH,PTFTW33T67,AW67,C_C2,NOEARN_UNEMP_WO_CONBEN,NO,NO,25
POL,2025,ETRIWH,PTFTW33T67,AW67,C_C2,NOEARN_UNEMP_WO_CONBEN,NO,NO,32
ESP,2023,ETRIWH,PTFTW33T67,AW67,C_C2,NOEARN_UNEMP_WO_CONBEN,NO,NO,6
ESP,2024,ETRIWH,PTFTW33T67,AW67,C_C2,NOEARN_UNEMP_WO_CONBEN,NO,NO,6
ESP,2025,ETRIWH,PTFTW33T67,AW67,C_C2,NOEARN_UNEMP_WO_CONBEN,NO,NO,6
SWE,2023,ETRIWH,PTFTW33T67,AW67,C_C2,NOEARN_UNEMP_WO_CONBEN,NO,NO,24
SWE,2024,ETRIWH,PTFTW33T67,AW67,C_C2,NOEARN_UNEMP_WO_CONBEN,NO,NO,23
SWE,2025,ETRIWH,PTFTW33T67,AW67,C_C2,NOEARN_UNEMP_WO_CONBEN,NO,NO,23
GBR,2023,ETRIWH,PTFTW33T67,AW67,C_C2,NOEARN_UNEMP_WO_CONBEN,NO,NO,66
GBR,2024,ETRIWH,PTFTW33T67,AW67,C_C2,NOEARN_UNEMP_WO_CONBEN,NO,NO,65
GBR,2025,ETRIWH,PTFTW33T67,AW67,C_C2,NOEARN_UNEMP_WO_CONBEN,NO,NO,66
USA,2023,ETRIWH,PTFTW33T67,AW67,C_C2,NOEARN_UNEMP_WO_CONBEN,NO,NO,3
USA,2024,ETRIWH,PTFTW33T67,AW67,C_C2,NOEARN_UNEMP_WO_CONBEN,NO,NO,3
USA,2025,ETRIWH,PTFTW33T67,AW67,C_C2,NOEARN_UNEMP_WO_CONBEN,NO,NO,3
OECD,2023,ETRIWH,PTFTW33T67,AW67,C_C2,NOEARN_UNEMP_WO_CONBEN,NO,NO,20
OECD,2024,ETRIWH,PTFTW33T67,AW67,C_C2,NOEARN_UNEMP_WO_CONBEN,NO,NO,20
OECD,2025,ETRIWH,PTFTW33T67,AW67,C_C2,NOEARN_UNEMP_WO_CONBEN,NO,NO,20
AUT,2023,ETRIWH,PTFTW33T67,AW67,C_C2,NOEARN_UNEMP_WO_CONBEN,NO,YES,4
AUT,2024,ETRIWH,PTFTW33T67,AW67,C_C2,NOEARN_UNEMP_WO_CONBEN,NO,YES,15
AUT,2025,ETRIWH,PTFTW33T67,AW67,C_C2,NOEARN_UNEMP_WO_CONBEN,NO,YES,29
BEL,2023,ETRIWH,PTFTW33T67,AW67,C_C2,NOEARN_UNEMP_WO_CONBEN,NO,YES,3
BEL,2024,ETRIWH,PTFTW33T67,AW67,C_C2,NOEARN_UNEMP_WO_CONBEN,NO,YES,3
BEL,2025,ETRIWH,PTFTW33T67,AW67,C_C2,NOEARN_UNEMP_WO_CONBEN,NO,YES,3
DNK,2023,ETRIWH,PTFTW33T67,AW67,C_C2,NOEARN_UNEMP_WO_CONBEN,NO,YES,36
DNK,2024,ETRIWH,PTFTW33T67,AW67,C_C2,NOEARN_UNEMP_WO_CONBEN,NO,YES,37
FRA,2023,ETRIWH,PTFTW33T67,AW67,C_C2,NOEARN_UNEMP_WO_CONBEN,NO,YES,52
FRA,2024,ETRIWH,PTFTW33T67,AW67,C_C2,NOEARN_UNEMP_WO_CONBEN,NO,YES,52
FRA,2025,ETRIWH,PTFTW33T67,AW67,C_C2,NOEARN_UNEMP_WO_CONBEN,NO,YES,51
DEU,2023,ETRIWH,PTFTW33T67,AW67,C_C2,NOEARN_UNEMP_WO_CONBEN,NO,YES,40
DEU,2024,ETRIWH,PTFTW33T67,AW67,C_C2,NOEARN_UNEMP_WO_CONBEN,NO,YES,48
DEU,2025,ETRIWH,PTFTW33T67,AW67,C_C2,NOEARN_UNEMP_WO_CONBEN,NO,YES,45
ITA,2023,ETRIWH,PTFTW33T67,AW67,C_C2,NOEARN_UNEMP_WO_CONBEN,NO,YES,1
ITA,2024,ETRIWH,PTFTW33T67,AW67,C_C2,NOEARN_UNEMP_WO_CONBEN,NO,YES,0
ITA,2025,ETRIWH,PTFTW33T67,AW67,C_C2,NOEARN_UNEMP_WO_CONBEN,NO,YES,-5
NLD,2023,ETRIWH,PTFTW33T67,AW67,C_C2,NOEARN_UNEMP_WO_CONBEN,NO,YES,24
NLD,2024,ETRIWH,PTFTW33T67,AW67,C_C2,NOEARN_UNEMP_WO_CONBEN,NO,YES,23
POL,2023,ETRIWH,PTFTW33T67,AW67,C_C2,NOEARN_UNEMP_WO_CONBEN,NO,YES,32
POL,2024,ETRIWH,PTFTW33T67,AW67,C_C2,NOEARN_UNEMP_WO_CONBEN,NO,YES,35
POL,2025,ETRIWH,PTFTW33T67,AW67,C_C2,NOEARN_UNEMP_WO_CONBEN,NO,YES,42
ESP,2023,ETRIWH,PTFTW33T67,AW67,C_C2,NOEARN_UNEMP_WO_CONBEN,NO,YES,6
ESP,2024,ETRIWH,PTFTW33T67,AW67,C_C2,NOEARN_UNEMP_WO_CONBEN,NO,YES,6
ESP,2025,ETRIWH,PTFTW33T67,AW67,C_C2,NOEARN_UNEMP_WO_CONBEN,NO,YES,6
SWE,2023,ETRIWH,PTFTW33T67,AW67,C_C2,NOEARN_UNEMP_WO_CONBEN,NO,YES,48
SWE,2024,ETRIWH,PTFTW33T67,AW67,C_C2,NOEARN_UNEMP_WO_CONBEN,NO,YES,52
SWE,2025,ETRIWH,PTFTW33T67,AW67,C_C2,NOEARN_UNEMP_WO_CONBEN,NO,YES,47
GBR,2023,ETRIWH,PTFTW33T67,AW67,C_C2,NOEARN_UNEMP_WO_CONBEN,NO,YES,66
GBR,2024,ETRIWH,PTFTW33T67,AW67,C_C2,NOEARN_UNEMP_WO_CONBEN,NO,YES,65
GBR,2025,ETRIWH,PTFTW33T67,AW67,C_C2,NOEARN_UNEMP_WO_CONBEN,NO,YES,66
USA,2023,ETRIWH,PTFTW33T67,AW67,C_C2,NOEARN_UNEMP_WO_CONBEN,NO,YES,3
USA,2024,ETRIWH,PTFTW33T67,AW67,C_C2,NOEARN_UNEMP_WO_CONBEN,NO,YES,3
USA,2025,ETRIWH,PTFTW33T67,AW67,C_C2,NOEARN_UNEMP_WO_CONBEN,NO,YES,3
OECD,2023,ETRIWH,PTFTW33T67,AW67,C_C2,NOEARN_UNEMP_WO_CONBEN,NO,YES,23
OECD,2024,ETRIWH,PTFTW33T67,AW67,C_C2,NOEARN_UNEMP_WO_CONBEN,NO,YES,23
OECD,2025,ETRIWH,PTFTW33T67,AW67,C_C2,NOEARN_UNEMP_WO_CONBEN,NO,YES,24
AUT,2025,ETRIWH,PTFTW33T67,AW67,C_C2,NOEARN_UNEMP_WO_CONBEN,YES,YES,110
BEL,2023,ETRIWH,PTFTW33T67,AW67,C_C2,NOEARN_UNEMP_WO_CONBEN,YES,YES,50
BEL,2024,ETRIWH,PTFTW33T67,AW67,C_C2,NOEARN_UNEMP_WO_CONBEN,YES,YES,59
BEL,2025,ETRIWH,PTFTW33T67,AW67,C_C2,NOEARN_UNEMP_WO_CONBEN,YES,YES,60
DNK,2023,ETRIWH,PTFTW33T67,AW67,C_C2,NOEARN_UNEMP_WO_CONBEN,YES,YES,86
DNK,2024,ETRIWH,PTFTW33T67,AW67,C_C2,NOEARN_UNEMP_WO_CONBEN,YES,YES,87
FRA,2023,ETRIWH,PTFTW33T67,AW67,C_C2,NOEARN_UNEMP_WO_CONBEN,YES,YES,52
FRA,2024,ETRIWH,PTFTW33T67,AW67,C_C2,NOEARN_UNEMP_WO_CONBEN,YES,YES,52
FRA,2025,ETRIWH,PTFTW33T67,AW67,C_C2,NOEARN_UNEMP_WO_CONBEN,YES,YES,51
DEU,2023,ETRIWH,PTFTW33T67,AW67,C_C2,NOEARN_UNEMP_WO_CONBEN,YES,YES,40
DEU,2024,ETRIWH,PTFTW33T67,AW67,C_C2,NOEARN_UNEMP_WO_CONBEN,YES,YES,48
DEU,2025,ETRIWH,PTFTW33T67,AW67,C_C2,NOEARN_UNEMP_WO_CONBEN,YES,YES,45
ITA,2023,ETRIWH,PTFTW33T67,AW67,C_C2,NOEARN_UNEMP_WO_CONBEN,YES,YES,60
ITA,2024,ETRIWH,PTFTW33T67,AW67,C_C2,NOEARN_UNEMP_WO_CONBEN,YES,YES,44
ITA,2025,ETRIWH,PTFTW33T67,AW67,C_C2,NOEARN_UNEMP_WO_CONBEN,YES,YES,53
NLD,2023,ETRIWH,PTFTW33T67,AW67,C_C2,NOEARN_UNEMP_WO_CONBEN,YES,YES,74
NLD,2024,ETRIWH,PTFTW33T67,AW67,C_C2,NOEARN_UNEMP_WO_CONBEN,YES,YES,77
POL,2023,ETRIWH,PTFTW33T67,AW67,C_C2,NOEARN_UNEMP_WO_CONBEN,YES,YES,37
POL,2024,ETRIWH,PTFTW33T67,AW67,C_C2,NOEARN_UNEMP_WO_CONBEN,YES,YES,35
POL,2025,ETRIWH,PTFTW33T67,AW67,C_C2,NOEARN_UNEMP_WO_CONBEN,YES,YES,67
GBR,2023,ETRIWH,PTFTW33T67,AW67,C_C2,NOEARN_UNEMP_WO_CONBEN,YES,YES,66
GBR,2024,ETRIWH,PTFTW33T67,AW67,C_C2,NOEARN_UNEMP_WO_CONBEN,YES,YES,65
GBR,2025,ETRIWH,PTFTW33T67,AW67,C_C2,NOEARN_UNEMP_WO_CONBEN,YES,YES,66
USA,2023,ETRIWH,PTFTW33T67,AW67,C_C2,NOEARN_UNEMP_WO_CONBEN,YES,YES,40
USA,2024,ETRIWH,PTFTW33T67,AW67,C_C2,NOEARN_UNEMP_WO_CONBEN,YES,YES,39
USA,2025,ETRIWH,PTFTW33T67,AW67,C_C2,NOEARN_UNEMP_WO_CONBEN,YES,YES,38
OECD,2023,ETRIWH,PTFTW33T67,AW67,C_C2,NOEARN_UNEMP_WO_CONBEN,YES,YES,67
OECD,2024,ETRIWH,PTFTW33T67,AW67,C_C2,NOEARN_UNEMP_WO_CONBEN,YES,YES,69
OECD,2025,ETRIWH,PTFTW33T67,AW67,C_C2,NOEARN_UNEMP_WO_CONBEN,YES,YES,68
AUT,2023,ETRIWH,PTFTW33T67,AW67,C_C2,NOEARN_UNEMP_WO_CONBEN,YES,NO,93
AUT,2024,ETRIWH,PTFTW33T67,AW67,C_C2,NOEARN_UNEMP_WO_CONBEN,YES,NO,89
AUT,2025,ETRIWH,PTFTW33T67,AW67,C_C2,NOEARN_UNEMP_WO_CONBEN,YES,NO,98
BEL,2023,ETRIWH,PTFTW33T67,AW67,C_C2,NOEARN_UNEMP_WO_CONBEN,YES,NO,50
BEL,2024,ETRIWH,PTFTW33T67,AW67,C_C2,NOEARN_UNEMP_WO_CONBEN,YES,NO,59
BEL,2025,ETRIWH,PTFTW33T67,AW67,C_C2,NOEARN_UNEMP_WO_CONBEN,YES,NO,60
DNK,2023,ETRIWH,PTFTW33T67,AW67,C_C2,NOEARN_UNEMP_WO_CONBEN,YES,NO,86
DNK,2024,ETRIWH,PTFTW33T67,AW67,C_C2,NOEARN_UNEMP_WO_CONBEN,YES,NO,87
FRA,2023,ETRIWH,PTFTW33T67,AW67,C_C2,NOEARN_UNEMP_WO_CONBEN,YES,NO,33
FRA,2024,ETRIWH,PTFTW33T67,AW67,C_C2,NOEARN_UNEMP_WO_CONBEN,YES,NO,33
FRA,2025,ETRIWH,PTFTW33T67,AW67,C_C2,NOEARN_UNEMP_WO_CONBEN,YES,NO,33
DEU,2023,ETRIWH,PTFTW33T67,AW67,C_C2,NOEARN_UNEMP_WO_CONBEN,YES,NO,24
DEU,2024,ETRIWH,PTFTW33T67,AW67,C_C2,NOEARN_UNEMP_WO_CONBEN,YES,NO,28
DEU,2025,ETRIWH,PTFTW33T67,AW67,C_C2,NOEARN_UNEMP_WO_CONBEN,YES,NO,24
ITA,2023,ETRIWH,PTFTW33T67,AW67,C_C2,NOEARN_UNEMP_WO_CONBEN,YES,NO,17
ITA,2024,ETRIWH,PTFTW33T67,AW67,C_C2,NOEARN_UNEMP_WO_CONBEN,YES,NO,6
ITA,2025,ETRIWH,PTFTW33T67,AW67,C_C2,NOEARN_UNEMP_WO_CONBEN,YES,NO,9
NLD,2023,ETRIWH,PTFTW33T67,AW67,C_C2,NOEARN_UNEMP_WO_CONBEN,YES,NO,74
NLD,2024,ETRIWH,PTFTW33T67,AW67,C_C2,NOEARN_UNEMP_WO_CONBEN,YES,NO,77
POL,2023,ETRIWH,PTFTW33T67,AW67,C_C2,NOEARN_UNEMP_WO_CONBEN,YES,NO,83
POL,2024,ETRIWH,PTFTW33T67,AW67,C_C2,NOEARN_UNEMP_WO_CONBEN,YES,NO,72
SWE,2023,ETRIWH,PTFTW33T67,AW67,C_C2,NOEARN_UNEMP_WO_CONBEN,YES,NO,49
SWE,2024,ETRIWH,PTFTW33T67,AW67,C_C2,NOEARN_UNEMP_WO_CONBEN,YES,NO,55
SWE,2025,ETRIWH,PTFTW33T67,AW67,C_C2,NOEARN_UNEMP_WO_CONBEN,YES,NO,55
GBR,2023,ETRIWH,PTFTW33T67,AW67,C_C2,NOEARN_UNEMP_WO_CONBEN,YES,NO,66
GBR,2024,ETRIWH,PTFTW33T67,AW67,C_C2,NOEARN_UNEMP_WO_CONBEN,YES,NO,65
GBR,2025,ETRIWH,PTFTW33T67,AW67,C_C2,NOEARN_UNEMP_WO_CONBEN,YES,NO,66
USA,2023,ETRIWH,PTFTW33T67,AW67,C_C2,NOEARN_UNEMP_WO_CONBEN,YES,NO,31
USA,2024,ETRIWH,PTFTW33T67,AW67,C_C2,NOEARN_UNEMP_WO_CONBEN,YES,NO,29
USA,2025,ETRIWH,PTFTW33T67,AW67,C_C2,NOEARN_UNEMP_WO_CONBEN,YES,NO,28
OECD,2023,ETRIWH,PTFTW33T67,AW67,C_C2,NOEARN_UNEMP_WO_CONBEN,YES,NO,57
OECD,2024,ETRIWH,PTFTW33T67,AW67,C_C2,NOEARN_UNEMP_WO_CONBEN,YES,NO,58
OECD,2025,ETRIWH,PTFTW33T67,AW67,C_C2,NOEARN_UNEMP_WO_CONBEN,YES,NO,57
AUT,2023,ETRIWH,PTFTW33T67,AW67,C_C2,NOEARN_UNEMP_WO_CONBEN,YES,YES,100
AUT,2024,ETRIWH,PTFTW33T67,AW67,C_C2,NOEARN_UNEMP_WO_CONBEN,YES,YES,100
POL,2025,ETRIWH,PTFTW33T67,AW67,C_C2,NOEARN_UNEMP_WO_CONBEN,YES,NO,100
ESP,2023,ETRIWH,PTFTW33T67,AW67,C_C2,NOEARN_UNEMP_WO_CONBEN,YES,YES,100
ESP,2023,ETRIWH,PTFTW33T67,AW67,C_C2,NOEARN_UNEMP_WO_CONBEN,YES,NO,100
ESP,2024,ETRIWH,PTFTW33T67,AW67,C_C2,NOEARN_UNEMP_WO_CONBEN,YES,NO,100
ESP,2024,ETRIWH,PTFTW33T67,AW67,C_C2,NOEARN_UNEMP_WO_CONBEN,YES,YES,100
ESP,2025,ETRIWH,PTFTW33T67,AW67,C_C2,NOEARN_UNEMP_WO_CONBEN,YES,YES,100
ESP,2025,ETRIWH,PTFTW33T67,AW67,C_C2,NOEARN_UNEMP_WO_CONBEN,YES,NO,100
SWE,2023,ETRIWH,PTFTW33T67,AW67,C_C2,NOEARN_UNEMP_WO_CONBEN,YES,YES,100
SWE,2024,ETRIWH,PTFTW33T67,AW67,C_C2,NOEARN_UNEMP_WO_CONBEN,YES,YES,100
SWE,2025,ETRIWH,PTFTW33T67,AW67,C_C2,NOEARN_UNEMP_WO_CONBEN,YES,YES,100
AUT,2023,ETRIWH,PTFTW67T100,AW67,C_C2,NOEARN_UNEMP_WO_CONBEN,NO,NO,25
AUT,2024,ETRIWH,PTFTW67T100,AW67,C_C2,NOEARN_UNEMP_WO_CONBEN,NO,NO,23
AUT,2025,ETRIWH,PTFTW67T100,AW67,C_C2,NOEARN_UNEMP_WO_CONBEN,NO,NO,26
BEL,2023,ETRIWH,PTFTW67T100,AW67,C_C2,NOEARN_UNEMP_WO_CONBEN,NO,NO,64
BEL,2024,ETRIWH,PTFTW67T100,AW67,C_C2,NOEARN_UNEMP_WO_CONBEN,NO,NO,64
BEL,2025,ETRIWH,PTFTW67T100,AW67,C_C2,NOEARN_UNEMP_WO_CONBEN,NO,NO,67
DNK,2023,ETRIWH,PTFTW67T100,AW67,C_C2,NOEARN_UNEMP_WO_CONBEN,NO,NO,39
DNK,2024,ETRIWH,PTFTW67T100,AW67,C_C2,NOEARN_UNEMP_WO_CONBEN,NO,NO,39
FRA,2023,ETRIWH,PTFTW67T100,AW67,C_C2,NOEARN_UNEMP_WO_CONBEN,NO,NO,50
FRA,2024,ETRIWH,PTFTW67T100,AW67,C_C2,NOEARN_UNEMP_WO_CONBEN,NO,NO,50
FRA,2025,ETRIWH,PTFTW67T100,AW67,C_C2,NOEARN_UNEMP_WO_CONBEN,NO,NO,50
DEU,2023,ETRIWH,PTFTW67T100,AW67,C_C2,NOEARN_UNEMP_WO_CONBEN,NO,NO,34
DEU,2024,ETRIWH,PTFTW67T100,AW67,C_C2,NOEARN_UNEMP_WO_CONBEN,NO,NO,34
DEU,2025,ETRIWH,PTFTW67T100,AW67,C_C2,NOEARN_UNEMP_WO_CONBEN,NO,NO,34
ITA,2023,ETRIWH,PTFTW67T100,AW67,C_C2,NOEARN_UNEMP_WO_CONBEN,NO,NO,46
ITA,2024,ETRIWH,PTFTW67T100,AW67,C_C2,NOEARN_UNEMP_WO_CONBEN,NO,NO,42
ITA,2025,ETRIWH,PTFTW67T100,AW67,C_C2,NOEARN_UNEMP_WO_CONBEN,NO,NO,43
NLD,2023,ETRIWH,PTFTW67T100,AW67,C_C2,NOEARN_UNEMP_WO_CONBEN,NO,NO,59
NLD,2024,ETRIWH,PTFTW67T100,AW67,C_C2,NOEARN_UNEMP_WO_CONBEN,NO,NO,63
POL,2023,ETRIWH,PTFTW67T100,AW67,C_C2,NOEARN_UNEMP_WO_CONBEN,NO,NO,35
POL,2024,ETRIWH,PTFTW67T100,AW67,C_C2,NOEARN_UNEMP_WO_CONBEN,NO,NO,30
POL,2025,ETRIWH,PTFTW67T100,AW67,C_C2,NOEARN_UNEMP_WO_CONBEN,NO,NO,21
ESP,2023,ETRIWH,PTFTW67T100,AW67,C_C2,NOEARN_UNEMP_WO_CONBEN,NO,NO,13
ESP,2024,ETRIWH,PTFTW67T100,AW67,C_C2,NOEARN_UNEMP_WO_CONBEN,NO,NO,16
ESP,2025,ETRIWH,PTFTW67T100,AW67,C_C2,NOEARN_UNEMP_WO_CONBEN,NO,NO,18
SWE,2023,ETRIWH,PTFTW67T100,AW67,C_C2,NOEARN_UNEMP_WO_CONBEN,NO,NO,28
SWE,2024,ETRIWH,PTFTW67T100,AW67,C_C2,NOEARN_UNEMP_WO_CONBEN,NO,NO,27
SWE,2025,ETRIWH,PTFTW67T100,AW67,C_C2,NOEARN_UNEMP_WO_CONBEN,NO,NO,26
GBR,2023,ETRIWH,PTFTW67T100,AW67,C_C2,NOEARN_UNEMP_WO_CONBEN,NO,NO,69
GBR,2024,ETRIWH,PTFTW67T100,AW67,C_C2,NOEARN_UNEMP_WO_CONBEN,NO,NO,68
GBR,2025,ETRIWH,PTFTW67T100,AW67,C_C2,NOEARN_UNEMP_WO_CONBEN,NO,NO,68
USA,2023,ETRIWH,PTFTW67T100,AW67,C_C2,NOEARN_UNEMP_WO_CONBEN,NO,NO,43
USA,2024,ETRIWH,PTFTW67T100,AW67,C_C2,NOEARN_UNEMP_WO_CONBEN,NO,NO,48
USA,2025,ETRIWH,PTFTW67T100,AW67,C_C2,NOEARN_UNEMP_WO_CONBEN,NO,NO,50
OECD,2023,ETRIWH,PTFTW67T100,AW67,C_C2,NOEARN_UNEMP_WO_CONBEN,NO,NO,36
OECD,2024,ETRIWH,PTFTW67T100,AW67,C_C2,NOEARN_UNEMP_WO_CONBEN,NO,NO,37
OECD,2025,ETRIWH,PTFTW67T100,AW67,C_C2,NOEARN_UNEMP_WO_CONBEN,NO,NO,37
AUT,2023,ETRIWH,PTFTW67T100,AW67,C_C2,NOEARN_UNEMP_WO_CONBEN,NO,YES,42
AUT,2024,ETRIWH,PTFTW67T100,AW67,C_C2,NOEARN_UNEMP_WO_CONBEN,NO,YES,30
AUT,2025,ETRIWH,PTFTW67T100,AW67,C_C2,NOEARN_UNEMP_WO_CONBEN,NO,YES,26
BEL,2023,ETRIWH,PTFTW67T100,AW67,C_C2,NOEARN_UNEMP_WO_CONBEN,NO,YES,64
BEL,2024,ETRIWH,PTFTW67T100,AW67,C_C2,NOEARN_UNEMP_WO_CONBEN,NO,YES,64
BEL,2025,ETRIWH,PTFTW67T100,AW67,C_C2,NOEARN_UNEMP_WO_CONBEN,NO,YES,67
DNK,2023,ETRIWH,PTFTW67T100,AW67,C_C2,NOEARN_UNEMP_WO_CONBEN,NO,YES,46
DNK,2024,ETRIWH,PTFTW67T100,AW67,C_C2,NOEARN_UNEMP_WO_CONBEN,NO,YES,48
FRA,2023,ETRIWH,PTFTW67T100,AW67,C_C2,NOEARN_UNEMP_WO_CONBEN,NO,YES,65
FRA,2024,ETRIWH,PTFTW67T100,AW67,C_C2,NOEARN_UNEMP_WO_CONBEN,NO,YES,66
FRA,2025,ETRIWH,PTFTW67T100,AW67,C_C2,NOEARN_UNEMP_WO_CONBEN,NO,YES,67
DEU,2023,ETRIWH,PTFTW67T100,AW67,C_C2,NOEARN_UNEMP_WO_CONBEN,NO,YES,53
DEU,2024,ETRIWH,PTFTW67T100,AW67,C_C2,NOEARN_UNEMP_WO_CONBEN,NO,YES,53
DEU,2025,ETRIWH,PTFTW67T100,AW67,C_C2,NOEARN_UNEMP_WO_CONBEN,NO,YES,53
ITA,2023,ETRIWH,PTFTW67T100,AW67,C_C2,NOEARN_UNEMP_WO_CONBEN,NO,YES,48
ITA,2024,ETRIWH,PTFTW67T100,AW67,C_C2,NOEARN_UNEMP_WO_CONBEN,NO,YES,44
ITA,2025,ETRIWH,PTFTW67T100,AW67,C_C2,NOEARN_UNEMP_WO_CONBEN,NO,YES,45
NLD,2023,ETRIWH,PTFTW67T100,AW67,C_C2,NOEARN_UNEMP_WO_CONBEN,NO,YES,67
NLD,2024,ETRIWH,PTFTW67T100,AW67,C_C2,NOEARN_UNEMP_WO_CONBEN,NO,YES,70
POL,2023,ETRIWH,PTFTW67T100,AW67,C_C2,NOEARN_UNEMP_WO_CONBEN,NO,YES,44
POL,2024,ETRIWH,PTFTW67T100,AW67,C_C2,NOEARN_UNEMP_WO_CONBEN,NO,YES,39
POL,2025,ETRIWH,PTFTW67T100,AW67,C_C2,NOEARN_UNEMP_WO_CONBEN,NO,YES,32
ESP,2023,ETRIWH,PTFTW67T100,AW67,C_C2,NOEARN_UNEMP_WO_CONBEN,NO,YES,24
ESP,2024,ETRIWH,PTFTW67T100,AW67,C_C2,NOEARN_UNEMP_WO_CONBEN,NO,YES,26
ESP,2025,ETRIWH,PTFTW67T100,AW67,C_C2,NOEARN_UNEMP_WO_CONBEN,NO,YES,28
SWE,2023,ETRIWH,PTFTW67T100,AW67,C_C2,NOEARN_UNEMP_WO_CONBEN,NO,YES,49
SWE,2024,ETRIWH,PTFTW67T100,AW67,C_C2,NOEARN_UNEMP_WO_CONBEN,NO,YES,47
SWE,2025,ETRIWH,PTFTW67T100,AW67,C_C2,NOEARN_UNEMP_WO_CONBEN,NO,YES,42
GBR,2023,ETRIWH,PTFTW67T100,AW67,C_C2,NOEARN_UNEMP_WO_CONBEN,NO,YES,69
GBR,2024,ETRIWH,PTFTW67T100,AW67,C_C2,NOEARN_UNEMP_WO_CONBEN,NO,YES,68
GBR,2025,ETRIWH,PTFTW67T100,AW67,C_C2,NOEARN_UNEMP_WO_CONBEN,NO,YES,68
USA,2023,ETRIWH,PTFTW67T100,AW67,C_C2,NOEARN_UNEMP_WO_CONBEN,NO,YES,43
USA,2024,ETRIWH,PTFTW67T100,AW67,C_C2,NOEARN_UNEMP_WO_CONBEN,NO,YES,48
USA,2025,ETRIWH,PTFTW67T100,AW67,C_C2,NOEARN_UNEMP_WO_CONBEN,NO,YES,50
OECD,2023,ETRIWH,PTFTW67T100,AW67,C_C2,NOEARN_UNEMP_WO_CONBEN,NO,YES,42
OECD,2024,ETRIWH,PTFTW67T100,AW67,C_C2,NOEARN_UNEMP_WO_CONBEN,NO,YES,44
OECD,2025,ETRIWH,PTFTW67T100,AW67,C_C2,NOEARN_UNEMP_WO_CONBEN,NO,YES,44
AUT,2023,ETRIWH,PTFTW67T100,AW67,C_C2,NOEARN_UNEMP_WO_CONBEN,YES,NO,25
AUT,2024,ETRIWH,PTFTW67T100,AW67,C_C2,NOEARN_UNEMP_WO_CONBEN,YES,NO,23
AUT,2025,ETRIWH,PTFTW67T100,AW67,C_C2,NOEARN_UNEMP_WO_CONBEN,YES,NO,26
BEL,2023,ETRIWH,PTFTW67T100,AW67,C_C2,NOEARN_UNEMP_WO_CONBEN,YES,NO,64
BEL,2024,ETRIWH,PTFTW67T100,AW67,C_C2,NOEARN_UNEMP_WO_CONBEN,YES,NO,64
BEL,2025,ETRIWH,PTFTW67T100,AW67,C_C2,NOEARN_UNEMP_WO_CONBEN,YES,NO,67
DNK,2023,ETRIWH,PTFTW67T100,AW67,C_C2,NOEARN_UNEMP_WO_CONBEN,YES,NO,89
DNK,2024,ETRIWH,PTFTW67T100,AW67,C_C2,NOEARN_UNEMP_WO_CONBEN,YES,NO,90
FRA,2023,ETRIWH,PTFTW67T100,AW67,C_C2,NOEARN_UNEMP_WO_CONBEN,YES,NO,50
FRA,2024,ETRIWH,PTFTW67T100,AW67,C_C2,NOEARN_UNEMP_WO_CONBEN,YES,NO,50
FRA,2025,ETRIWH,PTFTW67T100,AW67,C_C2,NOEARN_UNEMP_WO_CONBEN,YES,NO,50
DEU,2023,ETRIWH,PTFTW67T100,AW67,C_C2,NOEARN_UNEMP_WO_CONBEN,YES,NO,63
DEU,2024,ETRIWH,PTFTW67T100,AW67,C_C2,NOEARN_UNEMP_WO_CONBEN,YES,NO,60
DEU,2025,ETRIWH,PTFTW67T100,AW67,C_C2,NOEARN_UNEMP_WO_CONBEN,YES,NO,63
ITA,2023,ETRIWH,PTFTW67T100,AW67,C_C2,NOEARN_UNEMP_WO_CONBEN,YES,NO,46
ITA,2024,ETRIWH,PTFTW67T100,AW67,C_C2,NOEARN_UNEMP_WO_CONBEN,YES,NO,42
ITA,2025,ETRIWH,PTFTW67T100,AW67,C_C2,NOEARN_UNEMP_WO_CONBEN,YES,NO,43
NLD,2023,ETRIWH,PTFTW67T100,AW67,C_C2,NOEARN_UNEMP_WO_CONBEN,YES,NO,59
NLD,2024,ETRIWH,PTFTW67T100,AW67,C_C2,NOEARN_UNEMP_WO_CONBEN,YES,NO,63
POL,2023,ETRIWH,PTFTW67T100,AW67,C_C2,NOEARN_UNEMP_WO_CONBEN,YES,NO,35
POL,2024,ETRIWH,PTFTW67T100,AW67,C_C2,NOEARN_UNEMP_WO_CONBEN,YES,NO,30
POL,2025,ETRIWH,PTFTW67T100,AW67,C_C2,NOEARN_UNEMP_WO_CONBEN,YES,NO,36
ESP,2023,ETRIWH,PTFTW67T100,AW67,C_C2,NOEARN_UNEMP_WO_CONBEN,YES,NO,16
ESP,2024,ETRIWH,PTFTW67T100,AW67,C_C2,NOEARN_UNEMP_WO_CONBEN,YES,NO,25
ESP,2025,ETRIWH,PTFTW67T100,AW67,C_C2,NOEARN_UNEMP_WO_CONBEN,YES,NO,37
SWE,2023,ETRIWH,PTFTW67T100,AW67,C_C2,NOEARN_UNEMP_WO_CONBEN,YES,NO,28
SWE,2024,ETRIWH,PTFTW67T100,AW67,C_C2,NOEARN_UNEMP_WO_CONBEN,YES,NO,27
SWE,2025,ETRIWH,PTFTW67T100,AW67,C_C2,NOEARN_UNEMP_WO_CONBEN,YES,NO,26
GBR,2023,ETRIWH,PTFTW67T100,AW67,C_C2,NOEARN_UNEMP_WO_CONBEN,YES,NO,69
GBR,2024,ETRIWH,PTFTW67T100,AW67,C_C2,NOEARN_UNEMP_WO_CONBEN,YES,NO,68
GBR,2025,ETRIWH,PTFTW67T100,AW67,C_C2,NOEARN_UNEMP_WO_CONBEN,YES,NO,68
USA,2023,ETRIWH,PTFTW67T100,AW67,C_C2,NOEARN_UNEMP_WO_CONBEN,YES,NO,74
USA,2024,ETRIWH,PTFTW67T100,AW67,C_C2,NOEARN_UNEMP_WO_CONBEN,YES,NO,79
USA,2025,ETRIWH,PTFTW67T100,AW67,C_C2,NOEARN_UNEMP_WO_CONBEN,YES,NO,78
OECD,2023,ETRIWH,PTFTW67T100,AW67,C_C2,NOEARN_UNEMP_WO_CONBEN,YES,NO,48
OECD,2024,ETRIWH,PTFTW67T100,AW67,C_C2,NOEARN_UNEMP_WO_CONBEN,YES,NO,48
OECD,2025,ETRIWH,PTFTW67T100,AW67,C_C2,NOEARN_UNEMP_WO_CONBEN,YES,NO,47
AUT,2023,ETRIWH,PTFTW67T100,AW67,C_C2,NOEARN_UNEMP_WO_CONBEN,YES,YES,57
AUT,2024,ETRIWH,PTFTW67T100,AW67,C_C2,NOEARN_UNEMP_WO_CONBEN,YES,YES,48
AUT,2025,ETRIWH,PTFTW67T100,AW67,C_C2,NOEARN_UNEMP_WO_CONBEN,YES,YES,68
BEL,2023,ETRIWH,PTFTW67T100,AW67,C_C2,NOEARN_UNEMP_WO_CONBEN,YES,YES,64
BEL,2024,ETRIWH,PTFTW67T100,AW67,C_C2,NOEARN_UNEMP_WO_CONBEN,YES,YES,64
BEL,2025,ETRIWH,PTFTW67T100,AW67,C_C2,NOEARN_UNEMP_WO_CONBEN,YES,YES,67
DNK,2023,ETRIWH,PTFTW67T100,AW67,C_C2,NOEARN_UNEMP_WO_CONBEN,YES,YES,78
DNK,2024,ETRIWH,PTFTW67T100,AW67,C_C2,NOEARN_UNEMP_WO_CONBEN,YES,YES,77
FRA,2023,ETRIWH,PTFTW67T100,AW67,C_C2,NOEARN_UNEMP_WO_CONBEN,YES,YES,65
FRA,2024,ETRIWH,PTFTW67T100,AW67,C_C2,NOEARN_UNEMP_WO_CONBEN,YES,YES,66
FRA,2025,ETRIWH,PTFTW67T100,AW67,C_C2,NOEARN_UNEMP_WO_CONBEN,YES,YES,67
DEU,2023,ETRIWH,PTFTW67T100,AW67,C_C2,NOEARN_UNEMP_WO_CONBEN,YES,YES,82
DEU,2024,ETRIWH,PTFTW67T100,AW67,C_C2,NOEARN_UNEMP_WO_CONBEN,YES,YES,79
DEU,2025,ETRIWH,PTFTW67T100,AW67,C_C2,NOEARN_UNEMP_WO_CONBEN,YES,YES,81
ITA,2023,ETRIWH,PTFTW67T100,AW67,C_C2,NOEARN_UNEMP_WO_CONBEN,YES,YES,48
ITA,2024,ETRIWH,PTFTW67T100,AW67,C_C2,NOEARN_UNEMP_WO_CONBEN,YES,YES,44
ITA,2025,ETRIWH,PTFTW67T100,AW67,C_C2,NOEARN_UNEMP_WO_CONBEN,YES,YES,45
NLD,2023,ETRIWH,PTFTW67T100,AW67,C_C2,NOEARN_UNEMP_WO_CONBEN,YES,YES,67
NLD,2024,ETRIWH,PTFTW67T100,AW67,C_C2,NOEARN_UNEMP_WO_CONBEN,YES,YES,70
POL,2023,ETRIWH,PTFTW67T100,AW67,C_C2,NOEARN_UNEMP_WO_CONBEN,YES,YES,44
POL,2024,ETRIWH,PTFTW67T100,AW67,C_C2,NOEARN_UNEMP_WO_CONBEN,YES,YES,39
POL,2025,ETRIWH,PTFTW67T100,AW67,C_C2,NOEARN_UNEMP_WO_CONBEN,YES,YES,32
ESP,2023,ETRIWH,PTFTW67T100,AW67,C_C2,NOEARN_UNEMP_WO_CONBEN,YES,YES,27
ESP,2024,ETRIWH,PTFTW67T100,AW67,C_C2,NOEARN_UNEMP_WO_CONBEN,YES,YES,34
ESP,2025,ETRIWH,PTFTW67T100,AW67,C_C2,NOEARN_UNEMP_WO_CONBEN,YES,YES,47
SWE,2023,ETRIWH,PTFTW67T100,AW67,C_C2,NOEARN_UNEMP_WO_CONBEN,YES,YES,66
SWE,2024,ETRIWH,PTFTW67T100,AW67,C_C2,NOEARN_UNEMP_WO_CONBEN,YES,YES,71
SWE,2025,ETRIWH,PTFTW67T100,AW67,C_C2,NOEARN_UNEMP_WO_CONBEN,YES,YES,70
GBR,2023,ETRIWH,PTFTW67T100,AW67,C_C2,NOEARN_UNEMP_WO_CONBEN,YES,YES,69
GBR,2024,ETRIWH,PTFTW67T100,AW67,C_C2,NOEARN_UNEMP_WO_CONBEN,YES,YES,68
GBR,2025,ETRIWH,PTFTW67T100,AW67,C_C2,NOEARN_UNEMP_WO_CONBEN,YES,YES,68
USA,2023,ETRIWH,PTFTW67T100,AW67,C_C2,NOEARN_UNEMP_WO_CONBEN,YES,YES,79
USA,2024,ETRIWH,PTFTW67T100,AW67,C_C2,NOEARN_UNEMP_WO_CONBEN,YES,YES,84
USA,2025,ETRIWH,PTFTW67T100,AW67,C_C2,NOEARN_UNEMP_WO_CONBEN,YES,YES,83
OECD,2023,ETRIWH,PTFTW67T100,AW67,C_C2,NOEARN_UNEMP_WO_CONBEN,YES,YES,57
OECD,2024,ETRIWH,PTFTW67T100,AW67,C_C2,NOEARN_UNEMP_WO_CONBEN,YES,YES,59
OECD,2025,ETRIWH,PTFTW67T100,AW67,C_C2,NOEARN_UNEMP_WO_CONBEN,YES,YES,59
AUT,2023,ETRIWH,PTFTW50T100,AW67,C_C2,NOEARN_UNEMP_WO_CONBEN,YES,NO,45
AUT,2024,ETRIWH,PTFTW50T100,AW67,C_C2,NOEARN_UNEMP_WO_CONBEN,YES,NO,42
AUT,2025,ETRIWH,PTFTW50T100,AW67,C_C2,NOEARN_UNEMP_WO_CONBEN,YES,NO,50
BEL,2023,ETRIWH,PTFTW50T100,AW67,C_C2,NOEARN_UNEMP_WO_CONBEN,YES,NO,43
BEL,2024,ETRIWH,PTFTW50T100,AW67,C_C2,NOEARN_UNEMP_WO_CONBEN,YES,NO,48
BEL,2025,ETRIWH,PTFTW50T100,AW67,C_C2,NOEARN_UNEMP_WO_CONBEN,YES,NO,51
DNK,2023,ETRIWH,PTFTW50T100,AW67,C_C2,NOEARN_UNEMP_WO_CONBEN,YES,NO,88
DNK,2024,ETRIWH,PTFTW50T100,AW67,C_C2,NOEARN_UNEMP_WO_CONBEN,YES,NO,89
FRA,2023,ETRIWH,PTFTW50T100,AW67,C_C2,NOEARN_UNEMP_WO_CONBEN,YES,NO,44
FRA,2024,ETRIWH,PTFTW50T100,AW67,C_C2,NOEARN_UNEMP_WO_CONBEN,YES,NO,44
FRA,2025,ETRIWH,PTFTW50T100,AW67,C_C2,NOEARN_UNEMP_WO_CONBEN,YES,NO,44
DEU,2023,ETRIWH,PTFTW50T100,AW67,C_C2,NOEARN_UNEMP_WO_CONBEN,YES,NO,49
DEU,2024,ETRIWH,PTFTW50T100,AW67,C_C2,NOEARN_UNEMP_WO_CONBEN,YES,NO,47
DEU,2025,ETRIWH,PTFTW50T100,AW67,C_C2,NOEARN_UNEMP_WO_CONBEN,YES,NO,49
ITA,2023,ETRIWH,PTFTW50T100,AW67,C_C2,NOEARN_UNEMP_WO_CONBEN,YES,NO,39
ITA,2024,ETRIWH,PTFTW50T100,AW67,C_C2,NOEARN_UNEMP_WO_CONBEN,YES,NO,37
ITA,2025,ETRIWH,PTFTW50T100,AW67,C_C2,NOEARN_UNEMP_WO_CONBEN,YES,NO,32
NLD,2023,ETRIWH,PTFTW50T100,AW67,C_C2,NOEARN_UNEMP_WO_CONBEN,YES,NO,55
NLD,2024,ETRIWH,PTFTW50T100,AW67,C_C2,NOEARN_UNEMP_WO_CONBEN,YES,NO,59
POL,2023,ETRIWH,PTFTW50T100,AW67,C_C2,NOEARN_UNEMP_WO_CONBEN,YES,NO,46
POL,2024,ETRIWH,PTFTW50T100,AW67,C_C2,NOEARN_UNEMP_WO_CONBEN,YES,NO,35
POL,2025,ETRIWH,PTFTW50T100,AW67,C_C2,NOEARN_UNEMP_WO_CONBEN,YES,NO,58
ESP,2023,ETRIWH,PTFTW50T100,AW67,C_C2,NOEARN_UNEMP_WO_CONBEN,YES,NO,44
ESP,2024,ETRIWH,PTFTW50T100,AW67,C_C2,NOEARN_UNEMP_WO_CONBEN,YES,NO,50
ESP,2025,ETRIWH,PTFTW50T100,AW67,C_C2,NOEARN_UNEMP_WO_CONBEN,YES,NO,59
SWE,2023,ETRIWH,PTFTW50T100,AW67,C_C2,NOEARN_UNEMP_WO_CONBEN,YES,NO,28
SWE,2024,ETRIWH,PTFTW50T100,AW67,C_C2,NOEARN_UNEMP_WO_CONBEN,YES,NO,27
SWE,2025,ETRIWH,PTFTW50T100,AW67,C_C2,NOEARN_UNEMP_WO_CONBEN,YES,NO,26
GBR,2023,ETRIWH,PTFTW50T100,AW67,C_C2,NOEARN_UNEMP_WO_CONBEN,YES,NO,69
GBR,2024,ETRIWH,PTFTW50T100,AW67,C_C2,NOEARN_UNEMP_WO_CONBEN,YES,NO,68
GBR,2025,ETRIWH,PTFTW50T100,AW67,C_C2,NOEARN_UNEMP_WO_CONBEN,YES,NO,68
USA,2023,ETRIWH,PTFTW50T100,AW67,C_C2,NOEARN_UNEMP_WO_CONBEN,YES,NO,63
USA,2024,ETRIWH,PTFTW50T100,AW67,C_C2,NOEARN_UNEMP_WO_CONBEN,YES,NO,67
USA,2025,ETRIWH,PTFTW50T100,AW67,C_C2,NOEARN_UNEMP_WO_CONBEN,YES,NO,67
OECD,2023,ETRIWH,PTFTW50T100,AW67,C_C2,NOEARN_UNEMP_WO_CONBEN,YES,NO,49
OECD,2024,ETRIWH,PTFTW50T100,AW67,C_C2,NOEARN_UNEMP_WO_CONBEN,YES,NO,50
OECD,2025,ETRIWH,PTFTW50T100,AW67,C_C2,NOEARN_UNEMP_WO_CONBEN,YES,NO,48
AUT,2023,ETRIWH,PTFTW50T100,AW67,C_C2,NOEARN_UNEMP_WO_CONBEN,YES,YES,71
AUT,2024,ETRIWH,PTFTW50T100,AW67,C_C2,NOEARN_UNEMP_WO_CONBEN,YES,YES,66
AUT,2025,ETRIWH,PTFTW50T100,AW67,C_C2,NOEARN_UNEMP_WO_CONBEN,YES,YES,86
BEL,2023,ETRIWH,PTFTW50T100,AW67,C_C2,NOEARN_UNEMP_WO_CONBEN,YES,YES,43
BEL,2024,ETRIWH,PTFTW50T100,AW67,C_C2,NOEARN_UNEMP_WO_CONBEN,YES,YES,48
BEL,2025,ETRIWH,PTFTW50T100,AW67,C_C2,NOEARN_UNEMP_WO_CONBEN,YES,YES,51
DNK,2023,ETRIWH,PTFTW50T100,AW67,C_C2,NOEARN_UNEMP_WO_CONBEN,YES,YES,81
DNK,2024,ETRIWH,PTFTW50T100,AW67,C_C2,NOEARN_UNEMP_WO_CONBEN,YES,YES,80
FRA,2023,ETRIWH,PTFTW50T100,AW67,C_C2,NOEARN_UNEMP_WO_CONBEN,YES,YES,62
FRA,2024,ETRIWH,PTFTW50T100,AW67,C_C2,NOEARN_UNEMP_WO_CONBEN,YES,YES,63
FRA,2025,ETRIWH,PTFTW50T100,AW67,C_C2,NOEARN_UNEMP_WO_CONBEN,YES,YES,63
DEU,2023,ETRIWH,PTFTW50T100,AW67,C_C2,NOEARN_UNEMP_WO_CONBEN,YES,YES,71
DEU,2024,ETRIWH,PTFTW50T100,AW67,C_C2,NOEARN_UNEMP_WO_CONBEN,YES,YES,70
DEU,2025,ETRIWH,PTFTW50T100,AW67,C_C2,NOEARN_UNEMP_WO_CONBEN,YES,YES,71
ITA,2023,ETRIWH,PTFTW50T100,AW67,C_C2,NOEARN_UNEMP_WO_CONBEN,YES,YES,49
ITA,2024,ETRIWH,PTFTW50T100,AW67,C_C2,NOEARN_UNEMP_WO_CONBEN,YES,YES,38
ITA,2025,ETRIWH,PTFTW50T100,AW67,C_C2,NOEARN_UNEMP_WO_CONBEN,YES,YES,33
NLD,2023,ETRIWH,PTFTW50T100,AW67,C_C2,NOEARN_UNEMP_WO_CONBEN,YES,YES,61
NLD,2024,ETRIWH,PTFTW50T100,AW67,C_C2,NOEARN_UNEMP_WO_CONBEN,YES,YES,64
POL,2023,ETRIWH,PTFTW50T100,AW67,C_C2,NOEARN_UNEMP_WO_CONBEN,YES,YES,40
POL,2024,ETRIWH,PTFTW50T100,AW67,C_C2,NOEARN_UNEMP_WO_CONBEN,YES,YES,39
POL,2025,ETRIWH,PTFTW50T100,AW67,C_C2,NOEARN_UNEMP_WO_CONBEN,YES,YES,38
ESP,2023,ETRIWH,PTFTW50T100,AW67,C_C2,NOEARN_UNEMP_WO_CONBEN,YES,YES,52
ESP,2024,ETRIWH,PTFTW50T100,AW67,C_C2,NOEARN_UNEMP_WO_CONBEN,YES,YES,57
ESP,2025,ETRIWH,PTFTW50T100,AW67,C_C2,NOEARN_UNEMP_WO_CONBEN,YES,YES,65
SWE,2023,ETRIWH,PTFTW50T100,AW67,C_C2,NOEARN_UNEMP_WO_CONBEN,YES,YES,78
SWE,2024,ETRIWH,PTFTW50T100,AW67,C_C2,NOEARN_UNEMP_WO_CONBEN,YES,YES,81
SWE,2025,ETRIWH,PTFTW50T100,AW67,C_C2,NOEARN_UNEMP_WO_CONBEN,YES,YES,80
GBR,2023,ETRIWH,PTFTW50T100,AW67,C_C2,NOEARN_UNEMP_WO_CONBEN,YES,YES,69
GBR,2024,ETRIWH,PTFTW50T100,AW67,C_C2,NOEARN_UNEMP_WO_CONBEN,YES,YES,68
GBR,2025,ETRIWH,PTFTW50T100,AW67,C_C2,NOEARN_UNEMP_WO_CONBEN,YES,YES,68
USA,2023,ETRIWH,PTFTW50T100,AW67,C_C2,NOEARN_UNEMP_WO_CONBEN,YES,YES,71
USA,2024,ETRIWH,PTFTW50T100,AW67,C_C2,NOEARN_UNEMP_WO_CONBEN,YES,YES,75
USA,2025,ETRIWH,PTFTW50T100,AW67,C_C2,NOEARN_UNEMP_WO_CONBEN,YES,YES,74
OECD,2023,ETRIWH,PTFTW50T100,AW67,C_C2,NOEARN_UNEMP_WO_CONBEN,YES,YES,60
OECD,2024,ETRIWH,PTFTW50T100,AW67,C_C2,NOEARN_UNEMP_WO_CONBEN,YES,YES,62
OECD,2025,ETRIWH,PTFTW50T100,AW67,C_C2,NOEARN_UNEMP_WO_CONBEN,YES,YES,61
AUT,2023,ETRIWH,PTFTW50T100,AW67,C_C2,NOEARN_UNEMP_WO_CONBEN,NO,YES,24
AUT,2024,ETRIWH,PTFTW50T100,AW67,C_C2,NOEARN_UNEMP_WO_CONBEN,NO,YES,25
AUT,2025,ETRIWH,PTFTW50T100,AW67,C_C2,NOEARN_UNEMP_WO_CONBEN,NO,YES,32
BEL,2023,ETRIWH,PTFTW50T100,AW67,C_C2,NOEARN_UNEMP_WO_CONBEN,NO,YES,43
BEL,2024,ETRIWH,PTFTW50T100,AW67,C_C2,NOEARN_UNEMP_WO_CONBEN,NO,YES,43
BEL,2025,ETRIWH,PTFTW50T100,AW67,C_C2,NOEARN_UNEMP_WO_CONBEN,NO,YES,46
DNK,2023,ETRIWH,PTFTW50T100,AW67,C_C2,NOEARN_UNEMP_WO_CONBEN,NO,YES,44
DNK,2024,ETRIWH,PTFTW50T100,AW67,C_C2,NOEARN_UNEMP_WO_CONBEN,NO,YES,45
FRA,2023,ETRIWH,PTFTW50T100,AW67,C_C2,NOEARN_UNEMP_WO_CONBEN,NO,YES,62
FRA,2024,ETRIWH,PTFTW50T100,AW67,C_C2,NOEARN_UNEMP_WO_CONBEN,NO,YES,63
FRA,2025,ETRIWH,PTFTW50T100,AW67,C_C2,NOEARN_UNEMP_WO_CONBEN,NO,YES,63
DEU,2023,ETRIWH,PTFTW50T100,AW67,C_C2,NOEARN_UNEMP_WO_CONBEN,NO,YES,52
DEU,2024,ETRIWH,PTFTW50T100,AW67,C_C2,NOEARN_UNEMP_WO_CONBEN,NO,YES,52
DEU,2025,ETRIWH,PTFTW50T100,AW67,C_C2,NOEARN_UNEMP_WO_CONBEN,NO,YES,52
ITA,2023,ETRIWH,PTFTW50T100,AW67,C_C2,NOEARN_UNEMP_WO_CONBEN,NO,YES,40
ITA,2024,ETRIWH,PTFTW50T100,AW67,C_C2,NOEARN_UNEMP_WO_CONBEN,NO,YES,38
ITA,2025,ETRIWH,PTFTW50T100,AW67,C_C2,NOEARN_UNEMP_WO_CONBEN,NO,YES,33
NLD,2023,ETRIWH,PTFTW50T100,AW67,C_C2,NOEARN_UNEMP_WO_CONBEN,NO,YES,56
NLD,2024,ETRIWH,PTFTW50T100,AW67,C_C2,NOEARN_UNEMP_WO_CONBEN,NO,YES,58
POL,2023,ETRIWH,PTFTW50T100,AW67,C_C2,NOEARN_UNEMP_WO_CONBEN,NO,YES,40
POL,2024,ETRIWH,PTFTW50T100,AW67,C_C2,NOEARN_UNEMP_WO_CONBEN,NO,YES,39
POL,2025,ETRIWH,PTFTW50T100,AW67,C_C2,NOEARN_UNEMP_WO_CONBEN,NO,YES,38
ESP,2023,ETRIWH,PTFTW50T100,AW67,C_C2,NOEARN_UNEMP_WO_CONBEN,NO,YES,18
ESP,2024,ETRIWH,PTFTW50T100,AW67,C_C2,NOEARN_UNEMP_WO_CONBEN,NO,YES,20
ESP,2025,ETRIWH,PTFTW50T100,AW67,C_C2,NOEARN_UNEMP_WO_CONBEN,NO,YES,21
SWE,2023,ETRIWH,PTFTW50T100,AW67,C_C2,NOEARN_UNEMP_WO_CONBEN,NO,YES,50
SWE,2024,ETRIWH,PTFTW50T100,AW67,C_C2,NOEARN_UNEMP_WO_CONBEN,NO,YES,49
SWE,2025,ETRIWH,PTFTW50T100,AW67,C_C2,NOEARN_UNEMP_WO_CONBEN,NO,YES,44
GBR,2023,ETRIWH,PTFTW50T100,AW67,C_C2,NOEARN_UNEMP_WO_CONBEN,NO,YES,69
GBR,2024,ETRIWH,PTFTW50T100,AW67,C_C2,NOEARN_UNEMP_WO_CONBEN,NO,YES,68
GBR,2025,ETRIWH,PTFTW50T100,AW67,C_C2,NOEARN_UNEMP_WO_CONBEN,NO,YES,68
USA,2023,ETRIWH,PTFTW50T100,AW67,C_C2,NOEARN_UNEMP_WO_CONBEN,NO,YES,35
USA,2024,ETRIWH,PTFTW50T100,AW67,C_C2,NOEARN_UNEMP_WO_CONBEN,NO,YES,39
USA,2025,ETRIWH,PTFTW50T100,AW67,C_C2,NOEARN_UNEMP_WO_CONBEN,NO,YES,40
OECD,2023,ETRIWH,PTFTW50T100,AW67,C_C2,NOEARN_UNEMP_WO_CONBEN,NO,YES,38
OECD,2024,ETRIWH,PTFTW50T100,AW67,C_C2,NOEARN_UNEMP_WO_CONBEN,NO,YES,40
OECD,2025,ETRIWH,PTFTW50T100,AW67,C_C2,NOEARN_UNEMP_WO_CONBEN,NO,YES,40
AUT,2023,ETRIWH,PTFTW50T100,AW67,C_C2,NOEARN_UNEMP_WO_CONBEN,NO,NO,24
AUT,2024,ETRIWH,PTFTW50T100,AW67,C_C2,NOEARN_UNEMP_WO_CONBEN,NO,NO,25
AUT,2025,ETRIWH,PTFTW50T100,AW67,C_C2,NOEARN_UNEMP_WO_CONBEN,NO,NO,32
BEL,2023,ETRIWH,PTFTW50T100,AW67,C_C2,NOEARN_UNEMP_WO_CONBEN,NO,NO,43
BEL,2024,ETRIWH,PTFTW50T100,AW67,C_C2,NOEARN_UNEMP_WO_CONBEN,NO,NO,43
BEL,2025,ETRIWH,PTFTW50T100,AW67,C_C2,NOEARN_UNEMP_WO_CONBEN,NO,NO,46
DNK,2023,ETRIWH,PTFTW50T100,AW67,C_C2,NOEARN_UNEMP_WO_CONBEN,NO,NO,39
DNK,2024,ETRIWH,PTFTW50T100,AW67,C_C2,NOEARN_UNEMP_WO_CONBEN,NO,NO,39
FRA,2023,ETRIWH,PTFTW50T100,AW67,C_C2,NOEARN_UNEMP_WO_CONBEN,NO,NO,44
FRA,2024,ETRIWH,PTFTW50T100,AW67,C_C2,NOEARN_UNEMP_WO_CONBEN,NO,NO,44
FRA,2025,ETRIWH,PTFTW50T100,AW67,C_C2,NOEARN_UNEMP_WO_CONBEN,NO,NO,44
DEU,2023,ETRIWH,PTFTW50T100,AW67,C_C2,NOEARN_UNEMP_WO_CONBEN,NO,NO,30
DEU,2024,ETRIWH,PTFTW50T100,AW67,C_C2,NOEARN_UNEMP_WO_CONBEN,NO,NO,30
DEU,2025,ETRIWH,PTFTW50T100,AW67,C_C2,NOEARN_UNEMP_WO_CONBEN,NO,NO,30
ITA,2023,ETRIWH,PTFTW50T100,AW67,C_C2,NOEARN_UNEMP_WO_CONBEN,NO,NO,39
ITA,2024,ETRIWH,PTFTW50T100,AW67,C_C2,NOEARN_UNEMP_WO_CONBEN,NO,NO,37
ITA,2025,ETRIWH,PTFTW50T100,AW67,C_C2,NOEARN_UNEMP_WO_CONBEN,NO,NO,32
NLD,2023,ETRIWH,PTFTW50T100,AW67,C_C2,NOEARN_UNEMP_WO_CONBEN,NO,NO,51
NLD,2024,ETRIWH,PTFTW50T100,AW67,C_C2,NOEARN_UNEMP_WO_CONBEN,NO,NO,53
POL,2023,ETRIWH,PTFTW50T100,AW67,C_C2,NOEARN_UNEMP_WO_CONBEN,NO,NO,31
POL,2024,ETRIWH,PTFTW50T100,AW67,C_C2,NOEARN_UNEMP_WO_CONBEN,NO,NO,30
POL,2025,ETRIWH,PTFTW50T100,AW67,C_C2,NOEARN_UNEMP_WO_CONBEN,NO,NO,29
ESP,2023,ETRIWH,PTFTW50T100,AW67,C_C2,NOEARN_UNEMP_WO_CONBEN,NO,NO,11
ESP,2024,ETRIWH,PTFTW50T100,AW67,C_C2,NOEARN_UNEMP_WO_CONBEN,NO,NO,13
ESP,2025,ETRIWH,PTFTW50T100,AW67,C_C2,NOEARN_UNEMP_WO_CONBEN,NO,NO,14
SWE,2023,ETRIWH,PTFTW50T100,AW67,C_C2,NOEARN_UNEMP_WO_CONBEN,NO,NO,28
SWE,2024,ETRIWH,PTFTW50T100,AW67,C_C2,NOEARN_UNEMP_WO_CONBEN,NO,NO,27
SWE,2025,ETRIWH,PTFTW50T100,AW67,C_C2,NOEARN_UNEMP_WO_CONBEN,NO,NO,26
GBR,2023,ETRIWH,PTFTW50T100,AW67,C_C2,NOEARN_UNEMP_WO_CONBEN,NO,NO,69
GBR,2024,ETRIWH,PTFTW50T100,AW67,C_C2,NOEARN_UNEMP_WO_CONBEN,NO,NO,68
GBR,2025,ETRIWH,PTFTW50T100,AW67,C_C2,NOEARN_UNEMP_WO_CONBEN,NO,NO,68
USA,2023,ETRIWH,PTFTW50T100,AW67,C_C2,NOEARN_UNEMP_WO_CONBEN,NO,NO,35
USA,2024,ETRIWH,PTFTW50T100,AW67,C_C2,NOEARN_UNEMP_WO_CONBEN,NO,NO,39
USA,2025,ETRIWH,PTFTW50T100,AW67,C_C2,NOEARN_UNEMP_WO_CONBEN,NO,NO,40
OECD,2023,ETRIWH,PTFTW50T100,AW67,C_C2,NOEARN_UNEMP_WO_CONBEN,NO,NO,33
OECD,2024,ETRIWH,PTFTW50T100,AW67,C_C2,NOEARN_UNEMP_WO_CONBEN,NO,NO,34
OECD,2025,ETRIWH,PTFTW50T100,AW67,C_C2,NOEARN_UNEMP_WO_CONBEN,NO,NO,34
AUT,2025,ETRIWH,PTFTW50T66,AW67,C_C2,NOEARN_UNEMP_WO_CONBEN,YES,YES,120
BEL,2023,ETRIWH,PTFTW50T66,AW67,C_C2,NOEARN_UNEMP_WO_CONBEN,YES,YES,3
BEL,2024,ETRIWH,PTFTW50T66,AW67,C_C2,NOEARN_UNEMP_WO_CONBEN,YES,YES,17
BEL,2025,ETRIWH,PTFTW50T66,AW67,C_C2,NOEARN_UNEMP_WO_CONBEN,YES,YES,21
DNK,2023,ETRIWH,PTFTW50T66,AW67,C_C2,NOEARN_UNEMP_WO_CONBEN,YES,YES,86
DNK,2024,ETRIWH,PTFTW50T66,AW67,C_C2,NOEARN_UNEMP_WO_CONBEN,YES,YES,86
FRA,2023,ETRIWH,PTFTW50T66,AW67,C_C2,NOEARN_UNEMP_WO_CONBEN,YES,YES,56
FRA,2024,ETRIWH,PTFTW50T66,AW67,C_C2,NOEARN_UNEMP_WO_CONBEN,YES,YES,56
FRA,2025,ETRIWH,PTFTW50T66,AW67,C_C2,NOEARN_UNEMP_WO_CONBEN,YES,YES,55
DEU,2023,ETRIWH,PTFTW50T66,AW67,C_C2,NOEARN_UNEMP_WO_CONBEN,YES,YES,51
DEU,2024,ETRIWH,PTFTW50T66,AW67,C_C2,NOEARN_UNEMP_WO_CONBEN,YES,YES,51
DEU,2025,ETRIWH,PTFTW50T66,AW67,C_C2,NOEARN_UNEMP_WO_CONBEN,YES,YES,50
ITA,2023,ETRIWH,PTFTW50T66,AW67,C_C2,NOEARN_UNEMP_WO_CONBEN,YES,YES,52
ITA,2024,ETRIWH,PTFTW50T66,AW67,C_C2,NOEARN_UNEMP_WO_CONBEN,YES,YES,28
ITA,2025,ETRIWH,PTFTW50T66,AW67,C_C2,NOEARN_UNEMP_WO_CONBEN,YES,YES,9
NLD,2023,ETRIWH,PTFTW50T66,AW67,C_C2,NOEARN_UNEMP_WO_CONBEN,YES,YES,49
NLD,2024,ETRIWH,PTFTW50T66,AW67,C_C2,NOEARN_UNEMP_WO_CONBEN,YES,YES,53
POL,2023,ETRIWH,PTFTW50T66,AW67,C_C2,NOEARN_UNEMP_WO_CONBEN,YES,YES,32
POL,2024,ETRIWH,PTFTW50T66,AW67,C_C2,NOEARN_UNEMP_WO_CONBEN,YES,YES,39
POL,2025,ETRIWH,PTFTW50T66,AW67,C_C2,NOEARN_UNEMP_WO_CONBEN,YES,YES,51
GBR,2023,ETRIWH,PTFTW50T66,AW67,C_C2,NOEARN_UNEMP_WO_CONBEN,YES,YES,69
GBR,2024,ETRIWH,PTFTW50T66,AW67,C_C2,NOEARN_UNEMP_WO_CONBEN,YES,YES,68
GBR,2025,ETRIWH,PTFTW50T66,AW67,C_C2,NOEARN_UNEMP_WO_CONBEN,YES,YES,68
USA,2023,ETRIWH,PTFTW50T66,AW67,C_C2,NOEARN_UNEMP_WO_CONBEN,YES,YES,54
USA,2024,ETRIWH,PTFTW50T66,AW67,C_C2,NOEARN_UNEMP_WO_CONBEN,YES,YES,57
USA,2025,ETRIWH,PTFTW50T66,AW67,C_C2,NOEARN_UNEMP_WO_CONBEN,YES,YES,57
OECD,2023,ETRIWH,PTFTW50T66,AW67,C_C2,NOEARN_UNEMP_WO_CONBEN,YES,YES,65
OECD,2024,ETRIWH,PTFTW50T66,AW67,C_C2,NOEARN_UNEMP_WO_CONBEN,YES,YES,67
OECD,2025,ETRIWH,PTFTW50T66,AW67,C_C2,NOEARN_UNEMP_WO_CONBEN,YES,YES,65
AUT,2023,ETRIWH,PTFTW50T66,AW67,C_C2,NOEARN_UNEMP_WO_CONBEN,YES,NO,85
AUT,2024,ETRIWH,PTFTW50T66,AW67,C_C2,NOEARN_UNEMP_WO_CONBEN,YES,NO,78
AUT,2025,ETRIWH,PTFTW50T66,AW67,C_C2,NOEARN_UNEMP_WO_CONBEN,YES,NO,95
BEL,2023,ETRIWH,PTFTW50T66,AW67,C_C2,NOEARN_UNEMP_WO_CONBEN,YES,NO,3
BEL,2024,ETRIWH,PTFTW50T66,AW67,C_C2,NOEARN_UNEMP_WO_CONBEN,YES,NO,17
BEL,2025,ETRIWH,PTFTW50T66,AW67,C_C2,NOEARN_UNEMP_WO_CONBEN,YES,NO,21
DNK,2023,ETRIWH,PTFTW50T66,AW67,C_C2,NOEARN_UNEMP_WO_CONBEN,YES,NO,86
DNK,2024,ETRIWH,PTFTW50T66,AW67,C_C2,NOEARN_UNEMP_WO_CONBEN,YES,NO,86
FRA,2023,ETRIWH,PTFTW50T66,AW67,C_C2,NOEARN_UNEMP_WO_CONBEN,YES,NO,32
FRA,2024,ETRIWH,PTFTW50T66,AW67,C_C2,NOEARN_UNEMP_WO_CONBEN,YES,NO,32
FRA,2025,ETRIWH,PTFTW50T66,AW67,C_C2,NOEARN_UNEMP_WO_CONBEN,YES,NO,32
DEU,2023,ETRIWH,PTFTW50T66,AW67,C_C2,NOEARN_UNEMP_WO_CONBEN,YES,NO,23
DEU,2024,ETRIWH,PTFTW50T66,AW67,C_C2,NOEARN_UNEMP_WO_CONBEN,YES,NO,22
DEU,2025,ETRIWH,PTFTW50T66,AW67,C_C2,NOEARN_UNEMP_WO_CONBEN,YES,NO,22
ITA,2023,ETRIWH,PTFTW50T66,AW67,C_C2,NOEARN_UNEMP_WO_CONBEN,YES,NO,25
ITA,2024,ETRIWH,PTFTW50T66,AW67,C_C2,NOEARN_UNEMP_WO_CONBEN,YES,NO,28
ITA,2025,ETRIWH,PTFTW50T66,AW67,C_C2,NOEARN_UNEMP_WO_CONBEN,YES,NO,9
NLD,2023,ETRIWH,PTFTW50T66,AW67,C_C2,NOEARN_UNEMP_WO_CONBEN,YES,NO,49
NLD,2024,ETRIWH,PTFTW50T66,AW67,C_C2,NOEARN_UNEMP_WO_CONBEN,YES,NO,53
POL,2023,ETRIWH,PTFTW50T66,AW67,C_C2,NOEARN_UNEMP_WO_CONBEN,YES,NO,66
POL,2024,ETRIWH,PTFTW50T66,AW67,C_C2,NOEARN_UNEMP_WO_CONBEN,YES,NO,44
SWE,2023,ETRIWH,PTFTW50T66,AW67,C_C2,NOEARN_UNEMP_WO_CONBEN,YES,NO,28
SWE,2024,ETRIWH,PTFTW50T66,AW67,C_C2,NOEARN_UNEMP_WO_CONBEN,YES,NO,26
SWE,2025,ETRIWH,PTFTW50T66,AW67,C_C2,NOEARN_UNEMP_WO_CONBEN,YES,NO,25
GBR,2023,ETRIWH,PTFTW50T66,AW67,C_C2,NOEARN_UNEMP_WO_CONBEN,YES,NO,69
GBR,2024,ETRIWH,PTFTW50T66,AW67,C_C2,NOEARN_UNEMP_WO_CONBEN,YES,NO,68
GBR,2025,ETRIWH,PTFTW50T66,AW67,C_C2,NOEARN_UNEMP_WO_CONBEN,YES,NO,68
USA,2023,ETRIWH,PTFTW50T66,AW67,C_C2,NOEARN_UNEMP_WO_CONBEN,YES,NO,43
USA,2024,ETRIWH,PTFTW50T66,AW67,C_C2,NOEARN_UNEMP_WO_CONBEN,YES,NO,45
USA,2025,ETRIWH,PTFTW50T66,AW67,C_C2,NOEARN_UNEMP_WO_CONBEN,YES,NO,44
OECD,2023,ETRIWH,PTFTW50T66,AW67,C_C2,NOEARN_UNEMP_WO_CONBEN,YES,NO,53
OECD,2024,ETRIWH,PTFTW50T66,AW67,C_C2,NOEARN_UNEMP_WO_CONBEN,YES,NO,53
OECD,2025,ETRIWH,PTFTW50T66,AW67,C_C2,NOEARN_UNEMP_WO_CONBEN,YES,NO,51
AUT,2023,ETRIWH,PTFTW50T66,AW67,C_C2,NOEARN_UNEMP_WO_CONBEN,NO,NO,23
AUT,2024,ETRIWH,PTFTW50T66,AW67,C_C2,NOEARN_UNEMP_WO_CONBEN,NO,NO,27
AUT,2025,ETRIWH,PTFTW50T66,AW67,C_C2,NOEARN_UNEMP_WO_CONBEN,NO,NO,44
BEL,2023,ETRIWH,PTFTW50T66,AW67,C_C2,NOEARN_UNEMP_WO_CONBEN,NO,NO,3
BEL,2024,ETRIWH,PTFTW50T66,AW67,C_C2,NOEARN_UNEMP_WO_CONBEN,NO,NO,3
BEL,2025,ETRIWH,PTFTW50T66,AW67,C_C2,NOEARN_UNEMP_WO_CONBEN,NO,NO,4
DNK,2023,ETRIWH,PTFTW50T66,AW67,C_C2,NOEARN_UNEMP_WO_CONBEN,NO,NO,39
DNK,2024,ETRIWH,PTFTW50T66,AW67,C_C2,NOEARN_UNEMP_WO_CONBEN,NO,NO,39
FRA,2023,ETRIWH,PTFTW50T66,AW67,C_C2,NOEARN_UNEMP_WO_CONBEN,NO,NO,32
FRA,2024,ETRIWH,PTFTW50T66,AW67,C_C2,NOEARN_UNEMP_WO_CONBEN,NO,NO,32
FRA,2025,ETRIWH,PTFTW50T66,AW67,C_C2,NOEARN_UNEMP_WO_CONBEN,NO,NO,32
DEU,2023,ETRIWH,PTFTW50T66,AW67,C_C2,NOEARN_UNEMP_WO_CONBEN,NO,NO,23
DEU,2024,ETRIWH,PTFTW50T66,AW67,C_C2,NOEARN_UNEMP_WO_CONBEN,NO,NO,22
DEU,2025,ETRIWH,PTFTW50T66,AW67,C_C2,NOEARN_UNEMP_WO_CONBEN,NO,NO,22
ITA,2023,ETRIWH,PTFTW50T66,AW67,C_C2,NOEARN_UNEMP_WO_CONBEN,NO,NO,25
ITA,2024,ETRIWH,PTFTW50T66,AW67,C_C2,NOEARN_UNEMP_WO_CONBEN,NO,NO,28
ITA,2025,ETRIWH,PTFTW50T66,AW67,C_C2,NOEARN_UNEMP_WO_CONBEN,NO,NO,9
NLD,2023,ETRIWH,PTFTW50T66,AW67,C_C2,NOEARN_UNEMP_WO_CONBEN,NO,NO,36
NLD,2024,ETRIWH,PTFTW50T66,AW67,C_C2,NOEARN_UNEMP_WO_CONBEN,NO,NO,35
POL,2023,ETRIWH,PTFTW50T66,AW67,C_C2,NOEARN_UNEMP_WO_CONBEN,NO,NO,21
POL,2024,ETRIWH,PTFTW50T66,AW67,C_C2,NOEARN_UNEMP_WO_CONBEN,NO,NO,29
POL,2025,ETRIWH,PTFTW50T66,AW67,C_C2,NOEARN_UNEMP_WO_CONBEN,NO,NO,44
ESP,2023,ETRIWH,PTFTW50T66,AW67,C_C2,NOEARN_UNEMP_WO_CONBEN,NO,NO,6
ESP,2024,ETRIWH,PTFTW50T66,AW67,C_C2,NOEARN_UNEMP_WO_CONBEN,NO,NO,6
ESP,2025,ETRIWH,PTFTW50T66,AW67,C_C2,NOEARN_UNEMP_WO_CONBEN,NO,NO,6
SWE,2023,ETRIWH,PTFTW50T66,AW67,C_C2,NOEARN_UNEMP_WO_CONBEN,NO,NO,28
SWE,2024,ETRIWH,PTFTW50T66,AW67,C_C2,NOEARN_UNEMP_WO_CONBEN,NO,NO,26
SWE,2025,ETRIWH,PTFTW50T66,AW67,C_C2,NOEARN_UNEMP_WO_CONBEN,NO,NO,25
GBR,2023,ETRIWH,PTFTW50T66,AW67,C_C2,NOEARN_UNEMP_WO_CONBEN,NO,NO,69
GBR,2024,ETRIWH,PTFTW50T66,AW67,C_C2,NOEARN_UNEMP_WO_CONBEN,NO,NO,68
GBR,2025,ETRIWH,PTFTW50T66,AW67,C_C2,NOEARN_UNEMP_WO_CONBEN,NO,NO,68
USA,2023,ETRIWH,PTFTW50T66,AW67,C_C2,NOEARN_UNEMP_WO_CONBEN,NO,NO,18
USA,2024,ETRIWH,PTFTW50T66,AW67,C_C2,NOEARN_UNEMP_WO_CONBEN,NO,NO,21
USA,2025,ETRIWH,PTFTW50T66,AW67,C_C2,NOEARN_UNEMP_WO_CONBEN,NO,NO,20
OECD,2023,ETRIWH,PTFTW50T66,AW67,C_C2,NOEARN_UNEMP_WO_CONBEN,NO,NO,26
OECD,2024,ETRIWH,PTFTW50T66,AW67,C_C2,NOEARN_UNEMP_WO_CONBEN,NO,NO,27
OECD,2025,ETRIWH,PTFTW50T66,AW67,C_C2,NOEARN_UNEMP_WO_CONBEN,NO,NO,28
AUT,2023,ETRIWH,PTFTW50T66,AW67,C_C2,NOEARN_UNEMP_WO_CONBEN,NO,YES,-9
AUT,2024,ETRIWH,PTFTW50T66,AW67,C_C2,NOEARN_UNEMP_WO_CONBEN,NO,YES,13
AUT,2025,ETRIWH,PTFTW50T66,AW67,C_C2,NOEARN_UNEMP_WO_CONBEN,NO,YES,44
BEL,2023,ETRIWH,PTFTW50T66,AW67,C_C2,NOEARN_UNEMP_WO_CONBEN,NO,YES,3
BEL,2024,ETRIWH,PTFTW50T66,AW67,C_C2,NOEARN_UNEMP_WO_CONBEN,NO,YES,3
BEL,2025,ETRIWH,PTFTW50T66,AW67,C_C2,NOEARN_UNEMP_WO_CONBEN,NO,YES,4
DNK,2023,ETRIWH,PTFTW50T66,AW67,C_C2,NOEARN_UNEMP_WO_CONBEN,NO,YES,39
DNK,2024,ETRIWH,PTFTW50T66,AW67,C_C2,NOEARN_UNEMP_WO_CONBEN,NO,YES,39
FRA,2023,ETRIWH,PTFTW50T66,AW67,C_C2,NOEARN_UNEMP_WO_CONBEN,NO,YES,56
FRA,2024,ETRIWH,PTFTW50T66,AW67,C_C2,NOEARN_UNEMP_WO_CONBEN,NO,YES,56
FRA,2025,ETRIWH,PTFTW50T66,AW67,C_C2,NOEARN_UNEMP_WO_CONBEN,NO,YES,55
DEU,2023,ETRIWH,PTFTW50T66,AW67,C_C2,NOEARN_UNEMP_WO_CONBEN,NO,YES,51
DEU,2024,ETRIWH,PTFTW50T66,AW67,C_C2,NOEARN_UNEMP_WO_CONBEN,NO,YES,51
DEU,2025,ETRIWH,PTFTW50T66,AW67,C_C2,NOEARN_UNEMP_WO_CONBEN,NO,YES,50
ITA,2023,ETRIWH,PTFTW50T66,AW67,C_C2,NOEARN_UNEMP_WO_CONBEN,NO,YES,25
ITA,2024,ETRIWH,PTFTW50T66,AW67,C_C2,NOEARN_UNEMP_WO_CONBEN,NO,YES,28
ITA,2025,ETRIWH,PTFTW50T66,AW67,C_C2,NOEARN_UNEMP_WO_CONBEN,NO,YES,9
NLD,2023,ETRIWH,PTFTW50T66,AW67,C_C2,NOEARN_UNEMP_WO_CONBEN,NO,YES,36
NLD,2024,ETRIWH,PTFTW50T66,AW67,C_C2,NOEARN_UNEMP_WO_CONBEN,NO,YES,35
POL,2023,ETRIWH,PTFTW50T66,AW67,C_C2,NOEARN_UNEMP_WO_CONBEN,NO,YES,32
POL,2024,ETRIWH,PTFTW50T66,AW67,C_C2,NOEARN_UNEMP_WO_CONBEN,NO,YES,39
POL,2025,ETRIWH,PTFTW50T66,AW67,C_C2,NOEARN_UNEMP_WO_CONBEN,NO,YES,51
ESP,2023,ETRIWH,PTFTW50T66,AW67,C_C2,NOEARN_UNEMP_WO_CONBEN,NO,YES,6
ESP,2024,ETRIWH,PTFTW50T66,AW67,C_C2,NOEARN_UNEMP_WO_CONBEN,NO,YES,6
ESP,2025,ETRIWH,PTFTW50T66,AW67,C_C2,NOEARN_UNEMP_WO_CONBEN,NO,YES,6
SWE,2023,ETRIWH,PTFTW50T66,AW67,C_C2,NOEARN_UNEMP_WO_CONBEN,NO,YES,53
SWE,2024,ETRIWH,PTFTW50T66,AW67,C_C2,NOEARN_UNEMP_WO_CONBEN,NO,YES,53
SWE,2025,ETRIWH,PTFTW50T66,AW67,C_C2,NOEARN_UNEMP_WO_CONBEN,NO,YES,49
GBR,2023,ETRIWH,PTFTW50T66,AW67,C_C2,NOEARN_UNEMP_WO_CONBEN,NO,YES,69
GBR,2024,ETRIWH,PTFTW50T66,AW67,C_C2,NOEARN_UNEMP_WO_CONBEN,NO,YES,68
GBR,2025,ETRIWH,PTFTW50T66,AW67,C_C2,NOEARN_UNEMP_WO_CONBEN,NO,YES,68
USA,2023,ETRIWH,PTFTW50T66,AW67,C_C2,NOEARN_UNEMP_WO_CONBEN,NO,YES,18
USA,2024,ETRIWH,PTFTW50T66,AW67,C_C2,NOEARN_UNEMP_WO_CONBEN,NO,YES,21
USA,2025,ETRIWH,PTFTW50T66,AW67,C_C2,NOEARN_UNEMP_WO_CONBEN,NO,YES,20
OECD,2023,ETRIWH,PTFTW50T66,AW67,C_C2,NOEARN_UNEMP_WO_CONBEN,NO,YES,30
OECD,2024,ETRIWH,PTFTW50T66,AW67,C_C2,NOEARN_UNEMP_WO_CONBEN,NO,YES,32
OECD,2025,ETRIWH,PTFTW50T66,AW67,C_C2,NOEARN_UNEMP_WO_CONBEN,NO,YES,34
POL,2025,ETRIWH,PTFTW50T66,AW67,C_C2,NOEARN_UNEMP_WO_CONBEN,YES,NO,100
ESP,2023,ETRIWH,PTFTW50T66,AW67,C_C2,NOEARN_UNEMP_WO_CONBEN,YES,NO,100
ESP,2024,ETRIWH,PTFTW50T66,AW67,C_C2,NOEARN_UNEMP_WO_CONBEN,YES,NO,100
ESP,2025,ETRIWH,PTFTW50T66,AW67,C_C2,NOEARN_UNEMP_WO_CONBEN,YES,NO,100
AUT,2023,ETRIWH,PTFTW50T66,AW67,C_C2,NOEARN_UNEMP_WO_CONBEN,YES,YES,100
AUT,2024,ETRIWH,PTFTW50T66,AW67,C_C2,NOEARN_UNEMP_WO_CONBEN,YES,YES,100
ESP,2023,ETRIWH,PTFTW50T66,AW67,C_C2,NOEARN_UNEMP_WO_CONBEN,YES,YES,100
ESP,2024,ETRIWH,PTFTW50T66,AW67,C_C2,NOEARN_UNEMP_WO_CONBEN,YES,YES,100
ESP,2025,ETRIWH,PTFTW50T66,AW67,C_C2,NOEARN_UNEMP_WO_CONBEN,YES,YES,100
SWE,2023,ETRIWH,PTFTW50T66,AW67,C_C2,NOEARN_UNEMP_WO_CONBEN,YES,YES,100
SWE,2024,ETRIWH,PTFTW50T66,AW67,C_C2,NOEARN_UNEMP_WO_CONBEN,YES,YES,100
SWE,2025,ETRIWH,PTFTW50T66,AW67,C_C2,NOEARN_UNEMP_WO_CONBEN,YES,YES,100
AUT,2023,ETRIWH,PTFTW50T66,AW100,C_C2,NOEARN_UNEMP_WO_CONBEN,NO,NO,25
AUT,2024,ETRIWH,PTFTW50T66,AW100,C_C2,NOEARN_UNEMP_WO_CONBEN,NO,NO,22
AUT,2025,ETRIWH,PTFTW50T66,AW100,C_C2,NOEARN_UNEMP_WO_CONBEN,NO,NO,23
BEL,2023,ETRIWH,PTFTW50T66,AW100,C_C2,NOEARN_UNEMP_WO_CONBEN,NO,NO,71
BEL,2024,ETRIWH,PTFTW50T66,AW100,C_C2,NOEARN_UNEMP_WO_CONBEN,NO,NO,72
BEL,2025,ETRIWH,PTFTW50T66,AW100,C_C2,NOEARN_UNEMP_WO_CONBEN,NO,NO,77
DNK,2023,ETRIWH,PTFTW50T66,AW100,C_C2,NOEARN_UNEMP_WO_CONBEN,NO,NO,39
DNK,2024,ETRIWH,PTFTW50T66,AW100,C_C2,NOEARN_UNEMP_WO_CONBEN,NO,NO,39
FRA,2023,ETRIWH,PTFTW50T66,AW100,C_C2,NOEARN_UNEMP_WO_CONBEN,NO,NO,52
FRA,2024,ETRIWH,PTFTW50T66,AW100,C_C2,NOEARN_UNEMP_WO_CONBEN,NO,NO,52
FRA,2025,ETRIWH,PTFTW50T66,AW100,C_C2,NOEARN_UNEMP_WO_CONBEN,NO,NO,52
DEU,2023,ETRIWH,PTFTW50T66,AW100,C_C2,NOEARN_UNEMP_WO_CONBEN,NO,NO,37
DEU,2024,ETRIWH,PTFTW50T66,AW100,C_C2,NOEARN_UNEMP_WO_CONBEN,NO,NO,37
DEU,2025,ETRIWH,PTFTW50T66,AW100,C_C2,NOEARN_UNEMP_WO_CONBEN,NO,NO,37
ITA,2023,ETRIWH,PTFTW50T66,AW100,C_C2,NOEARN_UNEMP_WO_CONBEN,NO,NO,42
ITA,2024,ETRIWH,PTFTW50T66,AW100,C_C2,NOEARN_UNEMP_WO_CONBEN,NO,NO,36
ITA,2025,ETRIWH,PTFTW50T66,AW100,C_C2,NOEARN_UNEMP_WO_CONBEN,NO,NO,34
NLD,2023,ETRIWH,PTFTW50T66,AW100,C_C2,NOEARN_UNEMP_WO_CONBEN,NO,NO,59
NLD,2024,ETRIWH,PTFTW50T66,AW100,C_C2,NOEARN_UNEMP_WO_CONBEN,NO,NO,64
POL,2023,ETRIWH,PTFTW50T66,AW100,C_C2,NOEARN_UNEMP_WO_CONBEN,NO,NO,35
POL,2024,ETRIWH,PTFTW50T66,AW100,C_C2,NOEARN_UNEMP_WO_CONBEN,NO,NO,21
POL,2025,ETRIWH,PTFTW50T66,AW100,C_C2,NOEARN_UNEMP_WO_CONBEN,NO,NO,21
ESP,2023,ETRIWH,PTFTW50T66,AW100,C_C2,NOEARN_UNEMP_WO_CONBEN,NO,NO,15
ESP,2024,ETRIWH,PTFTW50T66,AW100,C_C2,NOEARN_UNEMP_WO_CONBEN,NO,NO,19
ESP,2025,ETRIWH,PTFTW50T66,AW100,C_C2,NOEARN_UNEMP_WO_CONBEN,NO,NO,22
SWE,2023,ETRIWH,PTFTW50T66,AW100,C_C2,NOEARN_UNEMP_WO_CONBEN,NO,NO,28
SWE,2024,ETRIWH,PTFTW50T66,AW100,C_C2,NOEARN_UNEMP_WO_CONBEN,NO,NO,27
SWE,2025,ETRIWH,PTFTW50T66,AW100,C_C2,NOEARN_UNEMP_WO_CONBEN,NO,NO,26
GBR,2023,ETRIWH,PTFTW50T66,AW100,C_C2,NOEARN_UNEMP_WO_CONBEN,NO,NO,69
GBR,2024,ETRIWH,PTFTW50T66,AW100,C_C2,NOEARN_UNEMP_WO_CONBEN,NO,NO,68
GBR,2025,ETRIWH,PTFTW50T66,AW100,C_C2,NOEARN_UNEMP_WO_CONBEN,NO,NO,68
USA,2023,ETRIWH,PTFTW50T66,AW100,C_C2,NOEARN_UNEMP_WO_CONBEN,NO,NO,45
USA,2024,ETRIWH,PTFTW50T66,AW100,C_C2,NOEARN_UNEMP_WO_CONBEN,NO,NO,50
USA,2025,ETRIWH,PTFTW50T66,AW100,C_C2,NOEARN_UNEMP_WO_CONBEN,NO,NO,52
OECD,2023,ETRIWH,PTFTW50T66,AW100,C_C2,NOEARN_UNEMP_WO_CONBEN,NO,NO,37
OECD,2024,ETRIWH,PTFTW50T66,AW100,C_C2,NOEARN_UNEMP_WO_CONBEN,NO,NO,38
OECD,2025,ETRIWH,PTFTW50T66,AW100,C_C2,NOEARN_UNEMP_WO_CONBEN,NO,NO,38
AUT,2023,ETRIWH,PTFTW50T66,AW100,C_C2,NOEARN_UNEMP_WO_CONBEN,NO,YES,32
AUT,2024,ETRIWH,PTFTW50T66,AW100,C_C2,NOEARN_UNEMP_WO_CONBEN,NO,YES,22
AUT,2025,ETRIWH,PTFTW50T66,AW100,C_C2,NOEARN_UNEMP_WO_CONBEN,NO,YES,23
BEL,2023,ETRIWH,PTFTW50T66,AW100,C_C2,NOEARN_UNEMP_WO_CONBEN,NO,YES,71
BEL,2024,ETRIWH,PTFTW50T66,AW100,C_C2,NOEARN_UNEMP_WO_CONBEN,NO,YES,72
BEL,2025,ETRIWH,PTFTW50T66,AW100,C_C2,NOEARN_UNEMP_WO_CONBEN,NO,YES,77
DNK,2023,ETRIWH,PTFTW50T66,AW100,C_C2,NOEARN_UNEMP_WO_CONBEN,NO,YES,48
DNK,2024,ETRIWH,PTFTW50T66,AW100,C_C2,NOEARN_UNEMP_WO_CONBEN,NO,YES,50
FRA,2023,ETRIWH,PTFTW50T66,AW100,C_C2,NOEARN_UNEMP_WO_CONBEN,NO,YES,65
FRA,2024,ETRIWH,PTFTW50T66,AW100,C_C2,NOEARN_UNEMP_WO_CONBEN,NO,YES,67
FRA,2025,ETRIWH,PTFTW50T66,AW100,C_C2,NOEARN_UNEMP_WO_CONBEN,NO,YES,66
DEU,2023,ETRIWH,PTFTW50T66,AW100,C_C2,NOEARN_UNEMP_WO_CONBEN,NO,YES,63
DEU,2024,ETRIWH,PTFTW50T66,AW100,C_C2,NOEARN_UNEMP_WO_CONBEN,NO,YES,64
DEU,2025,ETRIWH,PTFTW50T66,AW100,C_C2,NOEARN_UNEMP_WO_CONBEN,NO,YES,63
ITA,2023,ETRIWH,PTFTW50T66,AW100,C_C2,NOEARN_UNEMP_WO_CONBEN,NO,YES,50
ITA,2024,ETRIWH,PTFTW50T66,AW100,C_C2,NOEARN_UNEMP_WO_CONBEN,NO,YES,36
ITA,2025,ETRIWH,PTFTW50T66,AW100,C_C2,NOEARN_UNEMP_WO_CONBEN,NO,YES,34
NLD,2023,ETRIWH,PTFTW50T66,AW100,C_C2,NOEARN_UNEMP_WO_CONBEN,NO,YES,69
NLD,2024,ETRIWH,PTFTW50T66,AW100,C_C2,NOEARN_UNEMP_WO_CONBEN,NO,YES,73
POL,2023,ETRIWH,PTFTW50T66,AW100,C_C2,NOEARN_UNEMP_WO_CONBEN,NO,YES,44
POL,2024,ETRIWH,PTFTW50T66,AW100,C_C2,NOEARN_UNEMP_WO_CONBEN,NO,YES,32
POL,2025,ETRIWH,PTFTW50T66,AW100,C_C2,NOEARN_UNEMP_WO_CONBEN,NO,YES,32
ESP,2023,ETRIWH,PTFTW50T66,AW100,C_C2,NOEARN_UNEMP_WO_CONBEN,NO,YES,30
ESP,2024,ETRIWH,PTFTW50T66,AW100,C_C2,NOEARN_UNEMP_WO_CONBEN,NO,YES,31
ESP,2025,ETRIWH,PTFTW50T66,AW100,C_C2,NOEARN_UNEMP_WO_CONBEN,NO,YES,32
SWE,2023,ETRIWH,PTFTW50T66,AW100,C_C2,NOEARN_UNEMP_WO_CONBEN,NO,YES,47
SWE,2024,ETRIWH,PTFTW50T66,AW100,C_C2,NOEARN_UNEMP_WO_CONBEN,NO,YES,46
SWE,2025,ETRIWH,PTFTW50T66,AW100,C_C2,NOEARN_UNEMP_WO_CONBEN,NO,YES,39
GBR,2023,ETRIWH,PTFTW50T66,AW100,C_C2,NOEARN_UNEMP_WO_CONBEN,NO,YES,69
GBR,2024,ETRIWH,PTFTW50T66,AW100,C_C2,NOEARN_UNEMP_WO_CONBEN,NO,YES,68
GBR,2025,ETRIWH,PTFTW50T66,AW100,C_C2,NOEARN_UNEMP_WO_CONBEN,NO,YES,68
USA,2023,ETRIWH,PTFTW50T66,AW100,C_C2,NOEARN_UNEMP_WO_CONBEN,NO,YES,45
USA,2024,ETRIWH,PTFTW50T66,AW100,C_C2,NOEARN_UNEMP_WO_CONBEN,NO,YES,50
USA,2025,ETRIWH,PTFTW50T66,AW100,C_C2,NOEARN_UNEMP_WO_CONBEN,NO,YES,52
OECD,2023,ETRIWH,PTFTW50T66,AW100,C_C2,NOEARN_UNEMP_WO_CONBEN,NO,YES,43
OECD,2024,ETRIWH,PTFTW50T66,AW100,C_C2,NOEARN_UNEMP_WO_CONBEN,NO,YES,45
OECD,2025,ETRIWH,PTFTW50T66,AW100,C_C2,NOEARN_UNEMP_WO_CONBEN,NO,YES,43
AUT,2023,ETRIWH,PTFTW50T66,AW100,C_C2,NOEARN_UNEMP_WO_CONBEN,YES,YES,44
AUT,2024,ETRIWH,PTFTW50T66,AW100,C_C2,NOEARN_UNEMP_WO_CONBEN,YES,YES,32
AUT,2025,ETRIWH,PTFTW50T66,AW100,C_C2,NOEARN_UNEMP_WO_CONBEN,YES,YES,58
BEL,2023,ETRIWH,PTFTW50T66,AW100,C_C2,NOEARN_UNEMP_WO_CONBEN,YES,YES,71
BEL,2024,ETRIWH,PTFTW50T66,AW100,C_C2,NOEARN_UNEMP_WO_CONBEN,YES,YES,72
BEL,2025,ETRIWH,PTFTW50T66,AW100,C_C2,NOEARN_UNEMP_WO_CONBEN,YES,YES,77
DNK,2023,ETRIWH,PTFTW50T66,AW100,C_C2,NOEARN_UNEMP_WO_CONBEN,YES,YES,78
DNK,2024,ETRIWH,PTFTW50T66,AW100,C_C2,NOEARN_UNEMP_WO_CONBEN,YES,YES,85
FRA,2023,ETRIWH,PTFTW50T66,AW100,C_C2,NOEARN_UNEMP_WO_CONBEN,YES,YES,65
FRA,2024,ETRIWH,PTFTW50T66,AW100,C_C2,NOEARN_UNEMP_WO_CONBEN,YES,YES,67
FRA,2025,ETRIWH,PTFTW50T66,AW100,C_C2,NOEARN_UNEMP_WO_CONBEN,YES,YES,66
DEU,2023,ETRIWH,PTFTW50T66,AW100,C_C2,NOEARN_UNEMP_WO_CONBEN,YES,YES,92
DEU,2024,ETRIWH,PTFTW50T66,AW100,C_C2,NOEARN_UNEMP_WO_CONBEN,YES,YES,92
DEU,2025,ETRIWH,PTFTW50T66,AW100,C_C2,NOEARN_UNEMP_WO_CONBEN,YES,YES,91
ITA,2023,ETRIWH,PTFTW50T66,AW100,C_C2,NOEARN_UNEMP_WO_CONBEN,YES,YES,50
ITA,2024,ETRIWH,PTFTW50T66,AW100,C_C2,NOEARN_UNEMP_WO_CONBEN,YES,YES,36
ITA,2025,ETRIWH,PTFTW50T66,AW100,C_C2,NOEARN_UNEMP_WO_CONBEN,YES,YES,34
NLD,2023,ETRIWH,PTFTW50T66,AW100,C_C2,NOEARN_UNEMP_WO_CONBEN,YES,YES,69
NLD,2024,ETRIWH,PTFTW50T66,AW100,C_C2,NOEARN_UNEMP_WO_CONBEN,YES,YES,73
POL,2023,ETRIWH,PTFTW50T66,AW100,C_C2,NOEARN_UNEMP_WO_CONBEN,YES,YES,44
POL,2024,ETRIWH,PTFTW50T66,AW100,C_C2,NOEARN_UNEMP_WO_CONBEN,YES,YES,32
POL,2025,ETRIWH,PTFTW50T66,AW100,C_C2,NOEARN_UNEMP_WO_CONBEN,YES,YES,32
ESP,2023,ETRIWH,PTFTW50T66,AW100,C_C2,NOEARN_UNEMP_WO_CONBEN,YES,YES,30
ESP,2024,ETRIWH,PTFTW50T66,AW100,C_C2,NOEARN_UNEMP_WO_CONBEN,YES,YES,31
ESP,2025,ETRIWH,PTFTW50T66,AW100,C_C2,NOEARN_UNEMP_WO_CONBEN,YES,YES,32
SWE,2023,ETRIWH,PTFTW50T66,AW100,C_C2,NOEARN_UNEMP_WO_CONBEN,YES,YES,56
SWE,2024,ETRIWH,PTFTW50T66,AW100,C_C2,NOEARN_UNEMP_WO_CONBEN,YES,YES,62
SWE,2025,ETRIWH,PTFTW50T66,AW100,C_C2,NOEARN_UNEMP_WO_CONBEN,YES,YES,61
GBR,2023,ETRIWH,PTFTW50T66,AW100,C_C2,NOEARN_UNEMP_WO_CONBEN,YES,YES,69
GBR,2024,ETRIWH,PTFTW50T66,AW100,C_C2,NOEARN_UNEMP_WO_CONBEN,YES,YES,68
GBR,2025,ETRIWH,PTFTW50T66,AW100,C_C2,NOEARN_UNEMP_WO_CONBEN,YES,YES,68
USA,2023,ETRIWH,PTFTW50T66,AW100,C_C2,NOEARN_UNEMP_WO_CONBEN,YES,YES,81
USA,2024,ETRIWH,PTFTW50T66,AW100,C_C2,NOEARN_UNEMP_WO_CONBEN,YES,YES,86
USA,2025,ETRIWH,PTFTW50T66,AW100,C_C2,NOEARN_UNEMP_WO_CONBEN,YES,YES,85
OECD,2023,ETRIWH,PTFTW50T66,AW100,C_C2,NOEARN_UNEMP_WO_CONBEN,YES,YES,57
OECD,2024,ETRIWH,PTFTW50T66,AW100,C_C2,NOEARN_UNEMP_WO_CONBEN,YES,YES,58
OECD,2025,ETRIWH,PTFTW50T66,AW100,C_C2,NOEARN_UNEMP_WO_CONBEN,YES,YES,56
AUT,2023,ETRIWH,PTFTW50T66,AW100,C_C2,NOEARN_UNEMP_WO_CONBEN,YES,NO,25
AUT,2024,ETRIWH,PTFTW50T66,AW100,C_C2,NOEARN_UNEMP_WO_CONBEN,YES,NO,22
AUT,2025,ETRIWH,PTFTW50T66,AW100,C_C2,NOEARN_UNEMP_WO_CONBEN,YES,NO,23
BEL,2023,ETRIWH,PTFTW50T66,AW100,C_C2,NOEARN_UNEMP_WO_CONBEN,YES,NO,71
BEL,2024,ETRIWH,PTFTW50T66,AW100,C_C2,NOEARN_UNEMP_WO_CONBEN,YES,NO,72
BEL,2025,ETRIWH,PTFTW50T66,AW100,C_C2,NOEARN_UNEMP_WO_CONBEN,YES,NO,77
DNK,2023,ETRIWH,PTFTW50T66,AW100,C_C2,NOEARN_UNEMP_WO_CONBEN,YES,NO,90
DNK,2024,ETRIWH,PTFTW50T66,AW100,C_C2,NOEARN_UNEMP_WO_CONBEN,YES,NO,90
FRA,2023,ETRIWH,PTFTW50T66,AW100,C_C2,NOEARN_UNEMP_WO_CONBEN,YES,NO,52
FRA,2024,ETRIWH,PTFTW50T66,AW100,C_C2,NOEARN_UNEMP_WO_CONBEN,YES,NO,52
FRA,2025,ETRIWH,PTFTW50T66,AW100,C_C2,NOEARN_UNEMP_WO_CONBEN,YES,NO,52
DEU,2023,ETRIWH,PTFTW50T66,AW100,C_C2,NOEARN_UNEMP_WO_CONBEN,YES,NO,65
DEU,2024,ETRIWH,PTFTW50T66,AW100,C_C2,NOEARN_UNEMP_WO_CONBEN,YES,NO,65
DEU,2025,ETRIWH,PTFTW50T66,AW100,C_C2,NOEARN_UNEMP_WO_CONBEN,YES,NO,65
ITA,2023,ETRIWH,PTFTW50T66,AW100,C_C2,NOEARN_UNEMP_WO_CONBEN,YES,NO,42
ITA,2024,ETRIWH,PTFTW50T66,AW100,C_C2,NOEARN_UNEMP_WO_CONBEN,YES,NO,36
ITA,2025,ETRIWH,PTFTW50T66,AW100,C_C2,NOEARN_UNEMP_WO_CONBEN,YES,NO,34
NLD,2023,ETRIWH,PTFTW50T66,AW100,C_C2,NOEARN_UNEMP_WO_CONBEN,YES,NO,59
NLD,2024,ETRIWH,PTFTW50T66,AW100,C_C2,NOEARN_UNEMP_WO_CONBEN,YES,NO,64
POL,2023,ETRIWH,PTFTW50T66,AW100,C_C2,NOEARN_UNEMP_WO_CONBEN,YES,NO,35
POL,2024,ETRIWH,PTFTW50T66,AW100,C_C2,NOEARN_UNEMP_WO_CONBEN,YES,NO,21
POL,2025,ETRIWH,PTFTW50T66,AW100,C_C2,NOEARN_UNEMP_WO_CONBEN,YES,NO,21
ESP,2023,ETRIWH,PTFTW50T66,AW100,C_C2,NOEARN_UNEMP_WO_CONBEN,YES,NO,15
ESP,2024,ETRIWH,PTFTW50T66,AW100,C_C2,NOEARN_UNEMP_WO_CONBEN,YES,NO,19
ESP,2025,ETRIWH,PTFTW50T66,AW100,C_C2,NOEARN_UNEMP_WO_CONBEN,YES,NO,22
SWE,2023,ETRIWH,PTFTW50T66,AW100,C_C2,NOEARN_UNEMP_WO_CONBEN,YES,NO,28
SWE,2024,ETRIWH,PTFTW50T66,AW100,C_C2,NOEARN_UNEMP_WO_CONBEN,YES,NO,27
SWE,2025,ETRIWH,PTFTW50T66,AW100,C_C2,NOEARN_UNEMP_WO_CONBEN,YES,NO,26
GBR,2023,ETRIWH,PTFTW50T66,AW100,C_C2,NOEARN_UNEMP_WO_CONBEN,YES,NO,69
GBR,2024,ETRIWH,PTFTW50T66,AW100,C_C2,NOEARN_UNEMP_WO_CONBEN,YES,NO,68
GBR,2025,ETRIWH,PTFTW50T66,AW100,C_C2,NOEARN_UNEMP_WO_CONBEN,YES,NO,68
USA,2023,ETRIWH,PTFTW50T66,AW100,C_C2,NOEARN_UNEMP_WO_CONBEN,YES,NO,78
USA,2024,ETRIWH,PTFTW50T66,AW100,C_C2,NOEARN_UNEMP_WO_CONBEN,YES,NO,83
USA,2025,ETRIWH,PTFTW50T66,AW100,C_C2,NOEARN_UNEMP_WO_CONBEN,YES,NO,82
OECD,2023,ETRIWH,PTFTW50T66,AW100,C_C2,NOEARN_UNEMP_WO_CONBEN,YES,NO,49
OECD,2024,ETRIWH,PTFTW50T66,AW100,C_C2,NOEARN_UNEMP_WO_CONBEN,YES,NO,49
OECD,2025,ETRIWH,PTFTW50T66,AW100,C_C2,NOEARN_UNEMP_WO_CONBEN,YES,NO,47
AUT,2023,ETRIWH,PTFTW50T100,AW100,C_C2,NOEARN_UNEMP_WO_CONBEN,NO,NO,37
AUT,2024,ETRIWH,PTFTW50T100,AW100,C_C2,NOEARN_UNEMP_WO_CONBEN,NO,NO,36
AUT,2025,ETRIWH,PTFTW50T100,AW100,C_C2,NOEARN_UNEMP_WO_CONBEN,NO,NO,37
BEL,2023,ETRIWH,PTFTW50T100,AW100,C_C2,NOEARN_UNEMP_WO_CONBEN,NO,NO,62
BEL,2024,ETRIWH,PTFTW50T100,AW100,C_C2,NOEARN_UNEMP_WO_CONBEN,NO,NO,62
BEL,2025,ETRIWH,PTFTW50T100,AW100,C_C2,NOEARN_UNEMP_WO_CONBEN,NO,NO,63
DNK,2023,ETRIWH,PTFTW50T100,AW100,C_C2,NOEARN_UNEMP_WO_CONBEN,NO,NO,40
DNK,2024,ETRIWH,PTFTW50T100,AW100,C_C2,NOEARN_UNEMP_WO_CONBEN,NO,NO,40
FRA,2023,ETRIWH,PTFTW50T100,AW100,C_C2,NOEARN_UNEMP_WO_CONBEN,NO,NO,54
FRA,2024,ETRIWH,PTFTW50T100,AW100,C_C2,NOEARN_UNEMP_WO_CONBEN,NO,NO,53
FRA,2025,ETRIWH,PTFTW50T100,AW100,C_C2,NOEARN_UNEMP_WO_CONBEN,NO,NO,54
DEU,2023,ETRIWH,PTFTW50T100,AW100,C_C2,NOEARN_UNEMP_WO_CONBEN,NO,NO,39
DEU,2024,ETRIWH,PTFTW50T100,AW100,C_C2,NOEARN_UNEMP_WO_CONBEN,NO,NO,39
DEU,2025,ETRIWH,PTFTW50T100,AW100,C_C2,NOEARN_UNEMP_WO_CONBEN,NO,NO,40
ITA,2023,ETRIWH,PTFTW50T100,AW100,C_C2,NOEARN_UNEMP_WO_CONBEN,NO,NO,45
ITA,2024,ETRIWH,PTFTW50T100,AW100,C_C2,NOEARN_UNEMP_WO_CONBEN,NO,NO,49
ITA,2025,ETRIWH,PTFTW50T100,AW100,C_C2,NOEARN_UNEMP_WO_CONBEN,NO,NO,42
NLD,2023,ETRIWH,PTFTW50T100,AW100,C_C2,NOEARN_UNEMP_WO_CONBEN,NO,NO,63
NLD,2024,ETRIWH,PTFTW50T100,AW100,C_C2,NOEARN_UNEMP_WO_CONBEN,NO,NO,64
POL,2023,ETRIWH,PTFTW50T100,AW100,C_C2,NOEARN_UNEMP_WO_CONBEN,NO,NO,29
POL,2024,ETRIWH,PTFTW50T100,AW100,C_C2,NOEARN_UNEMP_WO_CONBEN,NO,NO,26
POL,2025,ETRIWH,PTFTW50T100,AW100,C_C2,NOEARN_UNEMP_WO_CONBEN,NO,NO,28
ESP,2023,ETRIWH,PTFTW50T100,AW100,C_C2,NOEARN_UNEMP_WO_CONBEN,NO,NO,24
ESP,2024,ETRIWH,PTFTW50T100,AW100,C_C2,NOEARN_UNEMP_WO_CONBEN,NO,NO,26
ESP,2025,ETRIWH,PTFTW50T100,AW100,C_C2,NOEARN_UNEMP_WO_CONBEN,NO,NO,28
SWE,2023,ETRIWH,PTFTW50T100,AW100,C_C2,NOEARN_UNEMP_WO_CONBEN,NO,NO,30
SWE,2024,ETRIWH,PTFTW50T100,AW100,C_C2,NOEARN_UNEMP_WO_CONBEN,NO,NO,29
SWE,2025,ETRIWH,PTFTW50T100,AW100,C_C2,NOEARN_UNEMP_WO_CONBEN,NO,NO,28
GBR,2023,ETRIWH,PTFTW50T100,AW100,C_C2,NOEARN_UNEMP_WO_CONBEN,NO,NO,52
GBR,2024,ETRIWH,PTFTW50T100,AW100,C_C2,NOEARN_UNEMP_WO_CONBEN,NO,NO,55
GBR,2025,ETRIWH,PTFTW50T100,AW100,C_C2,NOEARN_UNEMP_WO_CONBEN,NO,NO,54
USA,2023,ETRIWH,PTFTW50T100,AW100,C_C2,NOEARN_UNEMP_WO_CONBEN,NO,NO,42
USA,2024,ETRIWH,PTFTW50T100,AW100,C_C2,NOEARN_UNEMP_WO_CONBEN,NO,NO,46
USA,2025,ETRIWH,PTFTW50T100,AW100,C_C2,NOEARN_UNEMP_WO_CONBEN,NO,NO,46
OECD,2023,ETRIWH,PTFTW50T100,AW100,C_C2,NOEARN_UNEMP_WO_CONBEN,NO,NO,39
OECD,2024,ETRIWH,PTFTW50T100,AW100,C_C2,NOEARN_UNEMP_WO_CONBEN,NO,NO,40
OECD,2025,ETRIWH,PTFTW50T100,AW100,C_C2,NOEARN_UNEMP_WO_CONBEN,NO,NO,39
AUT,2023,ETRIWH,PTFTW50T100,AW100,C_C2,NOEARN_UNEMP_WO_CONBEN,NO,YES,39
AUT,2024,ETRIWH,PTFTW50T100,AW100,C_C2,NOEARN_UNEMP_WO_CONBEN,NO,YES,36
AUT,2025,ETRIWH,PTFTW50T100,AW100,C_C2,NOEARN_UNEMP_WO_CONBEN,NO,YES,37
BEL,2023,ETRIWH,PTFTW50T100,AW100,C_C2,NOEARN_UNEMP_WO_CONBEN,NO,YES,62
BEL,2024,ETRIWH,PTFTW50T100,AW100,C_C2,NOEARN_UNEMP_WO_CONBEN,NO,YES,62
BEL,2025,ETRIWH,PTFTW50T100,AW100,C_C2,NOEARN_UNEMP_WO_CONBEN,NO,YES,63
DNK,2023,ETRIWH,PTFTW50T100,AW100,C_C2,NOEARN_UNEMP_WO_CONBEN,NO,YES,54
DNK,2024,ETRIWH,PTFTW50T100,AW100,C_C2,NOEARN_UNEMP_WO_CONBEN,NO,YES,55
FRA,2023,ETRIWH,PTFTW50T100,AW100,C_C2,NOEARN_UNEMP_WO_CONBEN,NO,YES,58
FRA,2024,ETRIWH,PTFTW50T100,AW100,C_C2,NOEARN_UNEMP_WO_CONBEN,NO,YES,59
FRA,2025,ETRIWH,PTFTW50T100,AW100,C_C2,NOEARN_UNEMP_WO_CONBEN,NO,YES,58
DEU,2023,ETRIWH,PTFTW50T100,AW100,C_C2,NOEARN_UNEMP_WO_CONBEN,NO,YES,67
DEU,2024,ETRIWH,PTFTW50T100,AW100,C_C2,NOEARN_UNEMP_WO_CONBEN,NO,YES,64
DEU,2025,ETRIWH,PTFTW50T100,AW100,C_C2,NOEARN_UNEMP_WO_CONBEN,NO,YES,64
ITA,2023,ETRIWH,PTFTW50T100,AW100,C_C2,NOEARN_UNEMP_WO_CONBEN,NO,YES,49
ITA,2024,ETRIWH,PTFTW50T100,AW100,C_C2,NOEARN_UNEMP_WO_CONBEN,NO,YES,50
ITA,2025,ETRIWH,PTFTW50T100,AW100,C_C2,NOEARN_UNEMP_WO_CONBEN,NO,YES,43
NLD,2023,ETRIWH,PTFTW50T100,AW100,C_C2,NOEARN_UNEMP_WO_CONBEN,NO,YES,77
NLD,2024,ETRIWH,PTFTW50T100,AW100,C_C2,NOEARN_UNEMP_WO_CONBEN,NO,YES,79
POL,2023,ETRIWH,PTFTW50T100,AW100,C_C2,NOEARN_UNEMP_WO_CONBEN,NO,YES,44
POL,2024,ETRIWH,PTFTW50T100,AW100,C_C2,NOEARN_UNEMP_WO_CONBEN,NO,YES,42
POL,2025,ETRIWH,PTFTW50T100,AW100,C_C2,NOEARN_UNEMP_WO_CONBEN,NO,YES,43
ESP,2023,ETRIWH,PTFTW50T100,AW100,C_C2,NOEARN_UNEMP_WO_CONBEN,NO,YES,44
ESP,2024,ETRIWH,PTFTW50T100,AW100,C_C2,NOEARN_UNEMP_WO_CONBEN,NO,YES,45
ESP,2025,ETRIWH,PTFTW50T100,AW100,C_C2,NOEARN_UNEMP_WO_CONBEN,NO,YES,47
SWE,2023,ETRIWH,PTFTW50T100,AW100,C_C2,NOEARN_UNEMP_WO_CONBEN,NO,YES,36
SWE,2024,ETRIWH,PTFTW50T100,AW100,C_C2,NOEARN_UNEMP_WO_CONBEN,NO,YES,35
SWE,2025,ETRIWH,PTFTW50T100,AW100,C_C2,NOEARN_UNEMP_WO_CONBEN,NO,YES,32
GBR,2023,ETRIWH,PTFTW50T100,AW100,C_C2,NOEARN_UNEMP_WO_CONBEN,NO,YES,69
GBR,2024,ETRIWH,PTFTW50T100,AW100,C_C2,NOEARN_UNEMP_WO_CONBEN,NO,YES,68
GBR,2025,ETRIWH,PTFTW50T100,AW100,C_C2,NOEARN_UNEMP_WO_CONBEN,NO,YES,69
USA,2023,ETRIWH,PTFTW50T100,AW100,C_C2,NOEARN_UNEMP_WO_CONBEN,NO,YES,42
USA,2024,ETRIWH,PTFTW50T100,AW100,C_C2,NOEARN_UNEMP_WO_CONBEN,NO,YES,46
USA,2025,ETRIWH,PTFTW50T100,AW100,C_C2,NOEARN_UNEMP_WO_CONBEN,NO,YES,46
OECD,2023,ETRIWH,PTFTW50T100,AW100,C_C2,NOEARN_UNEMP_WO_CONBEN,NO,YES,46
OECD,2024,ETRIWH,PTFTW50T100,AW100,C_C2,NOEARN_UNEMP_WO_CONBEN,NO,YES,46
OECD,2025,ETRIWH,PTFTW50T100,AW100,C_C2,NOEARN_UNEMP_WO_CONBEN,NO,YES,44
AUT,2023,ETRIWH,PTFTW50T100,AW100,C_C2,NOEARN_UNEMP_WO_CONBEN,YES,NO,37
AUT,2024,ETRIWH,PTFTW50T100,AW100,C_C2,NOEARN_UNEMP_WO_CONBEN,YES,NO,36
AUT,2025,ETRIWH,PTFTW50T100,AW100,C_C2,NOEARN_UNEMP_WO_CONBEN,YES,NO,37
BEL,2023,ETRIWH,PTFTW50T100,AW100,C_C2,NOEARN_UNEMP_WO_CONBEN,YES,NO,62
BEL,2024,ETRIWH,PTFTW50T100,AW100,C_C2,NOEARN_UNEMP_WO_CONBEN,YES,NO,62
BEL,2025,ETRIWH,PTFTW50T100,AW100,C_C2,NOEARN_UNEMP_WO_CONBEN,YES,NO,63
DNK,2023,ETRIWH,PTFTW50T100,AW100,C_C2,NOEARN_UNEMP_WO_CONBEN,YES,NO,88
DNK,2024,ETRIWH,PTFTW50T100,AW100,C_C2,NOEARN_UNEMP_WO_CONBEN,YES,NO,85
FRA,2023,ETRIWH,PTFTW50T100,AW100,C_C2,NOEARN_UNEMP_WO_CONBEN,YES,NO,54
FRA,2024,ETRIWH,PTFTW50T100,AW100,C_C2,NOEARN_UNEMP_WO_CONBEN,YES,NO,53
FRA,2025,ETRIWH,PTFTW50T100,AW100,C_C2,NOEARN_UNEMP_WO_CONBEN,YES,NO,54
DEU,2023,ETRIWH,PTFTW50T100,AW100,C_C2,NOEARN_UNEMP_WO_CONBEN,YES,NO,57
DEU,2024,ETRIWH,PTFTW50T100,AW100,C_C2,NOEARN_UNEMP_WO_CONBEN,YES,NO,60
DEU,2025,ETRIWH,PTFTW50T100,AW100,C_C2,NOEARN_UNEMP_WO_CONBEN,YES,NO,59
ITA,2023,ETRIWH,PTFTW50T100,AW100,C_C2,NOEARN_UNEMP_WO_CONBEN,YES,NO,45
ITA,2024,ETRIWH,PTFTW50T100,AW100,C_C2,NOEARN_UNEMP_WO_CONBEN,YES,NO,49
ITA,2025,ETRIWH,PTFTW50T100,AW100,C_C2,NOEARN_UNEMP_WO_CONBEN,YES,NO,42
NLD,2023,ETRIWH,PTFTW50T100,AW100,C_C2,NOEARN_UNEMP_WO_CONBEN,YES,NO,63
NLD,2024,ETRIWH,PTFTW50T100,AW100,C_C2,NOEARN_UNEMP_WO_CONBEN,YES,NO,64
POL,2023,ETRIWH,PTFTW50T100,AW100,C_C2,NOEARN_UNEMP_WO_CONBEN,YES,NO,29
POL,2024,ETRIWH,PTFTW50T100,AW100,C_C2,NOEARN_UNEMP_WO_CONBEN,YES,NO,26
POL,2025,ETRIWH,PTFTW50T100,AW100,C_C2,NOEARN_UNEMP_WO_CONBEN,YES,NO,28
ESP,2023,ETRIWH,PTFTW50T100,AW100,C_C2,NOEARN_UNEMP_WO_CONBEN,YES,NO,24
ESP,2024,ETRIWH,PTFTW50T100,AW100,C_C2,NOEARN_UNEMP_WO_CONBEN,YES,NO,26
ESP,2025,ETRIWH,PTFTW50T100,AW100,C_C2,NOEARN_UNEMP_WO_CONBEN,YES,NO,28
SWE,2023,ETRIWH,PTFTW50T100,AW100,C_C2,NOEARN_UNEMP_WO_CONBEN,YES,NO,30
SWE,2024,ETRIWH,PTFTW50T100,AW100,C_C2,NOEARN_UNEMP_WO_CONBEN,YES,NO,29
SWE,2025,ETRIWH,PTFTW50T100,AW100,C_C2,NOEARN_UNEMP_WO_CONBEN,YES,NO,28
GBR,2023,ETRIWH,PTFTW50T100,AW100,C_C2,NOEARN_UNEMP_WO_CONBEN,YES,NO,52
GBR,2024,ETRIWH,PTFTW50T100,AW100,C_C2,NOEARN_UNEMP_WO_CONBEN,YES,NO,55
GBR,2025,ETRIWH,PTFTW50T100,AW100,C_C2,NOEARN_UNEMP_WO_CONBEN,YES,NO,54
USA,2023,ETRIWH,PTFTW50T100,AW100,C_C2,NOEARN_UNEMP_WO_CONBEN,YES,NO,53
USA,2024,ETRIWH,PTFTW50T100,AW100,C_C2,NOEARN_UNEMP_WO_CONBEN,YES,NO,57
USA,2025,ETRIWH,PTFTW50T100,AW100,C_C2,NOEARN_UNEMP_WO_CONBEN,YES,NO,57
OECD,2023,ETRIWH,PTFTW50T100,AW100,C_C2,NOEARN_UNEMP_WO_CONBEN,YES,NO,45
OECD,2024,ETRIWH,PTFTW50T100,AW100,C_C2,NOEARN_UNEMP_WO_CONBEN,YES,NO,46
OECD,2025,ETRIWH,PTFTW50T100,AW100,C_C2,NOEARN_UNEMP_WO_CONBEN,YES,NO,43
AUT,2023,ETRIWH,PTFTW50T100,AW100,C_C2,NOEARN_UNEMP_WO_CONBEN,YES,YES,43
AUT,2024,ETRIWH,PTFTW50T100,AW100,C_C2,NOEARN_UNEMP_WO_CONBEN,YES,YES,40
AUT,2025,ETRIWH,PTFTW50T100,AW100,C_C2,NOEARN_UNEMP_WO_CONBEN,YES,YES,49
BEL,2023,ETRIWH,PTFTW50T100,AW100,C_C2,NOEARN_UNEMP_WO_CONBEN,YES,YES,62
BEL,2024,ETRIWH,PTFTW50T100,AW100,C_C2,NOEARN_UNEMP_WO_CONBEN,YES,YES,62
BEL,2025,ETRIWH,PTFTW50T100,AW100,C_C2,NOEARN_UNEMP_WO_CONBEN,YES,YES,63
DNK,2023,ETRIWH,PTFTW50T100,AW100,C_C2,NOEARN_UNEMP_WO_CONBEN,YES,YES,86
DNK,2024,ETRIWH,PTFTW50T100,AW100,C_C2,NOEARN_UNEMP_WO_CONBEN,YES,YES,86
FRA,2023,ETRIWH,PTFTW50T100,AW100,C_C2,NOEARN_UNEMP_WO_CONBEN,YES,YES,58
FRA,2024,ETRIWH,PTFTW50T100,AW100,C_C2,NOEARN_UNEMP_WO_CONBEN,YES,YES,59
FRA,2025,ETRIWH,PTFTW50T100,AW100,C_C2,NOEARN_UNEMP_WO_CONBEN,YES,YES,58
DEU,2023,ETRIWH,PTFTW50T100,AW100,C_C2,NOEARN_UNEMP_WO_CONBEN,YES,YES,83
DEU,2024,ETRIWH,PTFTW50T100,AW100,C_C2,NOEARN_UNEMP_WO_CONBEN,YES,YES,84
DEU,2025,ETRIWH,PTFTW50T100,AW100,C_C2,NOEARN_UNEMP_WO_CONBEN,YES,YES,83
ITA,2023,ETRIWH,PTFTW50T100,AW100,C_C2,NOEARN_UNEMP_WO_CONBEN,YES,YES,49
ITA,2024,ETRIWH,PTFTW50T100,AW100,C_C2,NOEARN_UNEMP_WO_CONBEN,YES,YES,50
ITA,2025,ETRIWH,PTFTW50T100,AW100,C_C2,NOEARN_UNEMP_WO_CONBEN,YES,YES,43
NLD,2023,ETRIWH,PTFTW50T100,AW100,C_C2,NOEARN_UNEMP_WO_CONBEN,YES,YES,77
NLD,2024,ETRIWH,PTFTW50T100,AW100,C_C2,NOEARN_UNEMP_WO_CONBEN,YES,YES,79
POL,2023,ETRIWH,PTFTW50T100,AW100,C_C2,NOEARN_UNEMP_WO_CONBEN,YES,YES,44
POL,2024,ETRIWH,PTFTW50T100,AW100,C_C2,NOEARN_UNEMP_WO_CONBEN,YES,YES,42
POL,2025,ETRIWH,PTFTW50T100,AW100,C_C2,NOEARN_UNEMP_WO_CONBEN,YES,YES,43
ESP,2023,ETRIWH,PTFTW50T100,AW100,C_C2,NOEARN_UNEMP_WO_CONBEN,YES,YES,44
ESP,2024,ETRIWH,PTFTW50T100,AW100,C_C2,NOEARN_UNEMP_WO_CONBEN,YES,YES,45
ESP,2025,ETRIWH,PTFTW50T100,AW100,C_C2,NOEARN_UNEMP_WO_CONBEN,YES,YES,47
SWE,2023,ETRIWH,PTFTW50T100,AW100,C_C2,NOEARN_UNEMP_WO_CONBEN,YES,YES,39
SWE,2024,ETRIWH,PTFTW50T100,AW100,C_C2,NOEARN_UNEMP_WO_CONBEN,YES,YES,41
SWE,2025,ETRIWH,PTFTW50T100,AW100,C_C2,NOEARN_UNEMP_WO_CONBEN,YES,YES,40
GBR,2023,ETRIWH,PTFTW50T100,AW100,C_C2,NOEARN_UNEMP_WO_CONBEN,YES,YES,69
GBR,2024,ETRIWH,PTFTW50T100,AW100,C_C2,NOEARN_UNEMP_WO_CONBEN,YES,YES,68
GBR,2025,ETRIWH,PTFTW50T100,AW100,C_C2,NOEARN_UNEMP_WO_CONBEN,YES,YES,69
USA,2023,ETRIWH,PTFTW50T100,AW100,C_C2,NOEARN_UNEMP_WO_CONBEN,YES,YES,54
USA,2024,ETRIWH,PTFTW50T100,AW100,C_C2,NOEARN_UNEMP_WO_CONBEN,YES,YES,58
USA,2025,ETRIWH,PTFTW50T100,AW100,C_C2,NOEARN_UNEMP_WO_CONBEN,YES,YES,58
OECD,2023,ETRIWH,PTFTW50T100,AW100,C_C2,NOEARN_UNEMP_WO_CONBEN,YES,YES,54
OECD,2024,ETRIWH,PTFTW50T100,AW100,C_C2,NOEARN_UNEMP_WO_CONBEN,YES,YES,54
OECD,2025,ETRIWH,PTFTW50T100,AW100,C_C2,NOEARN_UNEMP_WO_CONBEN,YES,YES,51
AUT,2023,ETRIWH,PTFTW67T100,AW100,C_C2,NOEARN_UNEMP_WO_CONBEN,NO,NO,43
AUT,2024,ETRIWH,PTFTW67T100,AW100,C_C2,NOEARN_UNEMP_WO_CONBEN,NO,NO,44
AUT,2025,ETRIWH,PTFTW67T100,AW100,C_C2,NOEARN_UNEMP_WO_CONBEN,NO,NO,44
BEL,2023,ETRIWH,PTFTW67T100,AW100,C_C2,NOEARN_UNEMP_WO_CONBEN,NO,NO,58
BEL,2024,ETRIWH,PTFTW67T100,AW100,C_C2,NOEARN_UNEMP_WO_CONBEN,NO,NO,57
BEL,2025,ETRIWH,PTFTW67T100,AW100,C_C2,NOEARN_UNEMP_WO_CONBEN,NO,NO,56
DNK,2023,ETRIWH,PTFTW67T100,AW100,C_C2,NOEARN_UNEMP_WO_CONBEN,NO,NO,41
DNK,2024,ETRIWH,PTFTW67T100,AW100,C_C2,NOEARN_UNEMP_WO_CONBEN,NO,NO,41
FRA,2023,ETRIWH,PTFTW67T100,AW100,C_C2,NOEARN_UNEMP_WO_CONBEN,NO,NO,54
FRA,2024,ETRIWH,PTFTW67T100,AW100,C_C2,NOEARN_UNEMP_WO_CONBEN,NO,NO,54
FRA,2025,ETRIWH,PTFTW67T100,AW100,C_C2,NOEARN_UNEMP_WO_CONBEN,NO,NO,54
DEU,2023,ETRIWH,PTFTW67T100,AW100,C_C2,NOEARN_UNEMP_WO_CONBEN,NO,NO,41
DEU,2024,ETRIWH,PTFTW67T100,AW100,C_C2,NOEARN_UNEMP_WO_CONBEN,NO,NO,41
DEU,2025,ETRIWH,PTFTW67T100,AW100,C_C2,NOEARN_UNEMP_WO_CONBEN,NO,NO,41
ITA,2023,ETRIWH,PTFTW67T100,AW100,C_C2,NOEARN_UNEMP_WO_CONBEN,NO,NO,47
ITA,2024,ETRIWH,PTFTW67T100,AW100,C_C2,NOEARN_UNEMP_WO_CONBEN,NO,NO,55
ITA,2025,ETRIWH,PTFTW67T100,AW100,C_C2,NOEARN_UNEMP_WO_CONBEN,NO,NO,46
NLD,2023,ETRIWH,PTFTW67T100,AW100,C_C2,NOEARN_UNEMP_WO_CONBEN,NO,NO,64
NLD,2024,ETRIWH,PTFTW67T100,AW100,C_C2,NOEARN_UNEMP_WO_CONBEN,NO,NO,64
POL,2023,ETRIWH,PTFTW67T100,AW100,C_C2,NOEARN_UNEMP_WO_CONBEN,NO,NO,26
POL,2024,ETRIWH,PTFTW67T100,AW100,C_C2,NOEARN_UNEMP_WO_CONBEN,NO,NO,29
POL,2025,ETRIWH,PTFTW67T100,AW100,C_C2,NOEARN_UNEMP_WO_CONBEN,NO,NO,31
ESP,2023,ETRIWH,PTFTW67T100,AW100,C_C2,NOEARN_UNEMP_WO_CONBEN,NO,NO,29
ESP,2024,ETRIWH,PTFTW67T100,AW100,C_C2,NOEARN_UNEMP_WO_CONBEN,NO,NO,29
ESP,2025,ETRIWH,PTFTW67T100,AW100,C_C2,NOEARN_UNEMP_WO_CONBEN,NO,NO,31
SWE,2023,ETRIWH,PTFTW67T100,AW100,C_C2,NOEARN_UNEMP_WO_CONBEN,NO,NO,31
SWE,2024,ETRIWH,PTFTW67T100,AW100,C_C2,NOEARN_UNEMP_WO_CONBEN,NO,NO,30
SWE,2025,ETRIWH,PTFTW67T100,AW100,C_C2,NOEARN_UNEMP_WO_CONBEN,NO,NO,29
GBR,2023,ETRIWH,PTFTW67T100,AW100,C_C2,NOEARN_UNEMP_WO_CONBEN,NO,NO,43
GBR,2024,ETRIWH,PTFTW67T100,AW100,C_C2,NOEARN_UNEMP_WO_CONBEN,NO,NO,48
GBR,2025,ETRIWH,PTFTW67T100,AW100,C_C2,NOEARN_UNEMP_WO_CONBEN,NO,NO,47
USA,2023,ETRIWH,PTFTW67T100,AW100,C_C2,NOEARN_UNEMP_WO_CONBEN,NO,NO,40
USA,2024,ETRIWH,PTFTW67T100,AW100,C_C2,NOEARN_UNEMP_WO_CONBEN,NO,NO,44
USA,2025,ETRIWH,PTFTW67T100,AW100,C_C2,NOEARN_UNEMP_WO_CONBEN,NO,NO,44
OECD,2023,ETRIWH,PTFTW67T100,AW100,C_C2,NOEARN_UNEMP_WO_CONBEN,NO,NO,40
OECD,2024,ETRIWH,PTFTW67T100,AW100,C_C2,NOEARN_UNEMP_WO_CONBEN,NO,NO,40
OECD,2025,ETRIWH,PTFTW67T100,AW100,C_C2,NOEARN_UNEMP_WO_CONBEN,NO,NO,40
AUT,2023,ETRIWH,PTFTW67T100,AW100,C_C2,NOEARN_UNEMP_WO_CONBEN,NO,YES,43
AUT,2024,ETRIWH,PTFTW67T100,AW100,C_C2,NOEARN_UNEMP_WO_CONBEN,NO,YES,44
AUT,2025,ETRIWH,PTFTW67T100,AW100,C_C2,NOEARN_UNEMP_WO_CONBEN,NO,YES,44
BEL,2023,ETRIWH,PTFTW67T100,AW100,C_C2,NOEARN_UNEMP_WO_CONBEN,NO,YES,58
BEL,2024,ETRIWH,PTFTW67T100,AW100,C_C2,NOEARN_UNEMP_WO_CONBEN,NO,YES,57
BEL,2025,ETRIWH,PTFTW67T100,AW100,C_C2,NOEARN_UNEMP_WO_CONBEN,NO,YES,56
DNK,2023,ETRIWH,PTFTW67T100,AW100,C_C2,NOEARN_UNEMP_WO_CONBEN,NO,YES,57
DNK,2024,ETRIWH,PTFTW67T100,AW100,C_C2,NOEARN_UNEMP_WO_CONBEN,NO,YES,58
FRA,2023,ETRIWH,PTFTW67T100,AW100,C_C2,NOEARN_UNEMP_WO_CONBEN,NO,YES,54
FRA,2024,ETRIWH,PTFTW67T100,AW100,C_C2,NOEARN_UNEMP_WO_CONBEN,NO,YES,54
FRA,2025,ETRIWH,PTFTW67T100,AW100,C_C2,NOEARN_UNEMP_WO_CONBEN,NO,YES,54
DEU,2023,ETRIWH,PTFTW67T100,AW100,C_C2,NOEARN_UNEMP_WO_CONBEN,NO,YES,68
DEU,2024,ETRIWH,PTFTW67T100,AW100,C_C2,NOEARN_UNEMP_WO_CONBEN,NO,YES,64
DEU,2025,ETRIWH,PTFTW67T100,AW100,C_C2,NOEARN_UNEMP_WO_CONBEN,NO,YES,65
ITA,2023,ETRIWH,PTFTW67T100,AW100,C_C2,NOEARN_UNEMP_WO_CONBEN,NO,YES,48
ITA,2024,ETRIWH,PTFTW67T100,AW100,C_C2,NOEARN_UNEMP_WO_CONBEN,NO,YES,57
ITA,2025,ETRIWH,PTFTW67T100,AW100,C_C2,NOEARN_UNEMP_WO_CONBEN,NO,YES,47
NLD,2023,ETRIWH,PTFTW67T100,AW100,C_C2,NOEARN_UNEMP_WO_CONBEN,NO,YES,81
NLD,2024,ETRIWH,PTFTW67T100,AW100,C_C2,NOEARN_UNEMP_WO_CONBEN,NO,YES,82
POL,2023,ETRIWH,PTFTW67T100,AW100,C_C2,NOEARN_UNEMP_WO_CONBEN,NO,YES,44
POL,2024,ETRIWH,PTFTW67T100,AW100,C_C2,NOEARN_UNEMP_WO_CONBEN,NO,YES,47
POL,2025,ETRIWH,PTFTW67T100,AW100,C_C2,NOEARN_UNEMP_WO_CONBEN,NO,YES,49
ESP,2023,ETRIWH,PTFTW67T100,AW100,C_C2,NOEARN_UNEMP_WO_CONBEN,NO,YES,52
ESP,2024,ETRIWH,PTFTW67T100,AW100,C_C2,NOEARN_UNEMP_WO_CONBEN,NO,YES,52
ESP,2025,ETRIWH,PTFTW67T100,AW100,C_C2,NOEARN_UNEMP_WO_CONBEN,NO,YES,54
SWE,2023,ETRIWH,PTFTW67T100,AW100,C_C2,NOEARN_UNEMP_WO_CONBEN,NO,YES,31
SWE,2024,ETRIWH,PTFTW67T100,AW100,C_C2,NOEARN_UNEMP_WO_CONBEN,NO,YES,30
SWE,2025,ETRIWH,PTFTW67T100,AW100,C_C2,NOEARN_UNEMP_WO_CONBEN,NO,YES,29
GBR,2023,ETRIWH,PTFTW67T100,AW100,C_C2,NOEARN_UNEMP_WO_CONBEN,NO,YES,69
GBR,2024,ETRIWH,PTFTW67T100,AW100,C_C2,NOEARN_UNEMP_WO_CONBEN,NO,YES,69
GBR,2025,ETRIWH,PTFTW67T100,AW100,C_C2,NOEARN_UNEMP_WO_CONBEN,NO,YES,70
USA,2023,ETRIWH,PTFTW67T100,AW100,C_C2,NOEARN_UNEMP_WO_CONBEN,NO,YES,40
USA,2024,ETRIWH,PTFTW67T100,AW100,C_C2,NOEARN_UNEMP_WO_CONBEN,NO,YES,44
USA,2025,ETRIWH,PTFTW67T100,AW100,C_C2,NOEARN_UNEMP_WO_CONBEN,NO,YES,44
OECD,2023,ETRIWH,PTFTW67T100,AW100,C_C2,NOEARN_UNEMP_WO_CONBEN,NO,YES,48
OECD,2024,ETRIWH,PTFTW67T100,AW100,C_C2,NOEARN_UNEMP_WO_CONBEN,NO,YES,47
OECD,2025,ETRIWH,PTFTW67T100,AW100,C_C2,NOEARN_UNEMP_WO_CONBEN,NO,YES,45
AUT,2023,ETRIWH,PTFTW67T100,AW100,C_C2,NOEARN_UNEMP_WO_CONBEN,YES,YES,43
AUT,2024,ETRIWH,PTFTW67T100,AW100,C_C2,NOEARN_UNEMP_WO_CONBEN,YES,YES,44
AUT,2025,ETRIWH,PTFTW67T100,AW100,C_C2,NOEARN_UNEMP_WO_CONBEN,YES,YES,44
BEL,2023,ETRIWH,PTFTW67T100,AW100,C_C2,NOEARN_UNEMP_WO_CONBEN,YES,YES,58
BEL,2024,ETRIWH,PTFTW67T100,AW100,C_C2,NOEARN_UNEMP_WO_CONBEN,YES,YES,57
BEL,2025,ETRIWH,PTFTW67T100,AW100,C_C2,NOEARN_UNEMP_WO_CONBEN,YES,YES,56
DNK,2023,ETRIWH,PTFTW67T100,AW100,C_C2,NOEARN_UNEMP_WO_CONBEN,YES,YES,90
DNK,2024,ETRIWH,PTFTW67T100,AW100,C_C2,NOEARN_UNEMP_WO_CONBEN,YES,YES,87
FRA,2023,ETRIWH,PTFTW67T100,AW100,C_C2,NOEARN_UNEMP_WO_CONBEN,YES,YES,54
FRA,2024,ETRIWH,PTFTW67T100,AW100,C_C2,NOEARN_UNEMP_WO_CONBEN,YES,YES,54
FRA,2025,ETRIWH,PTFTW67T100,AW100,C_C2,NOEARN_UNEMP_WO_CONBEN,YES,YES,54
DEU,2023,ETRIWH,PTFTW67T100,AW100,C_C2,NOEARN_UNEMP_WO_CONBEN,YES,YES,79
DEU,2024,ETRIWH,PTFTW67T100,AW100,C_C2,NOEARN_UNEMP_WO_CONBEN,YES,YES,80
DEU,2025,ETRIWH,PTFTW67T100,AW100,C_C2,NOEARN_UNEMP_WO_CONBEN,YES,YES,79
ITA,2023,ETRIWH,PTFTW67T100,AW100,C_C2,NOEARN_UNEMP_WO_CONBEN,YES,YES,48
ITA,2024,ETRIWH,PTFTW67T100,AW100,C_C2,NOEARN_UNEMP_WO_CONBEN,YES,YES,57
ITA,2025,ETRIWH,PTFTW67T100,AW100,C_C2,NOEARN_UNEMP_WO_CONBEN,YES,YES,47
NLD,2023,ETRIWH,PTFTW67T100,AW100,C_C2,NOEARN_UNEMP_WO_CONBEN,YES,YES,81
NLD,2024,ETRIWH,PTFTW67T100,AW100,C_C2,NOEARN_UNEMP_WO_CONBEN,YES,YES,82
POL,2023,ETRIWH,PTFTW67T100,AW100,C_C2,NOEARN_UNEMP_WO_CONBEN,YES,YES,44
POL,2024,ETRIWH,PTFTW67T100,AW100,C_C2,NOEARN_UNEMP_WO_CONBEN,YES,YES,47
POL,2025,ETRIWH,PTFTW67T100,AW100,C_C2,NOEARN_UNEMP_WO_CONBEN,YES,YES,49
ESP,2023,ETRIWH,PTFTW67T100,AW100,C_C2,NOEARN_UNEMP_WO_CONBEN,YES,YES,52
ESP,2024,ETRIWH,PTFTW67T100,AW100,C_C2,NOEARN_UNEMP_WO_CONBEN,YES,YES,52
ESP,2025,ETRIWH,PTFTW67T100,AW100,C_C2,NOEARN_UNEMP_WO_CONBEN,YES,YES,54
SWE,2023,ETRIWH,PTFTW67T100,AW100,C_C2,NOEARN_UNEMP_WO_CONBEN,YES,YES,31
SWE,2024,ETRIWH,PTFTW67T100,AW100,C_C2,NOEARN_UNEMP_WO_CONBEN,YES,YES,30
SWE,2025,ETRIWH,PTFTW67T100,AW100,C_C2,NOEARN_UNEMP_WO_CONBEN,YES,YES,29
GBR,2023,ETRIWH,PTFTW67T100,AW100,C_C2,NOEARN_UNEMP_WO_CONBEN,YES,YES,69
GBR,2024,ETRIWH,PTFTW67T100,AW100,C_C2,NOEARN_UNEMP_WO_CONBEN,YES,YES,69
GBR,2025,ETRIWH,PTFTW67T100,AW100,C_C2,NOEARN_UNEMP_WO_CONBEN,YES,YES,70
USA,2023,ETRIWH,PTFTW67T100,AW100,C_C2,NOEARN_UNEMP_WO_CONBEN,YES,YES,40
USA,2024,ETRIWH,PTFTW67T100,AW100,C_C2,NOEARN_UNEMP_WO_CONBEN,YES,YES,44
USA,2025,ETRIWH,PTFTW67T100,AW100,C_C2,NOEARN_UNEMP_WO_CONBEN,YES,YES,44
OECD,2023,ETRIWH,PTFTW67T100,AW100,C_C2,NOEARN_UNEMP_WO_CONBEN,YES,YES,52
OECD,2024,ETRIWH,PTFTW67T100,AW100,C_C2,NOEARN_UNEMP_WO_CONBEN,YES,YES,52
OECD,2025,ETRIWH,PTFTW67T100,AW100,C_C2,NOEARN_UNEMP_WO_CONBEN,YES,YES,48
AUT,2023,ETRIWH,PTFTW67T100,AW100,C_C2,NOEARN_UNEMP_WO_CONBEN,YES,NO,43
AUT,2024,ETRIWH,PTFTW67T100,AW100,C_C2,NOEARN_UNEMP_WO_CONBEN,YES,NO,44
AUT,2025,ETRIWH,PTFTW67T100,AW100,C_C2,NOEARN_UNEMP_WO_CONBEN,YES,NO,44
BEL,2023,ETRIWH,PTFTW67T100,AW100,C_C2,NOEARN_UNEMP_WO_CONBEN,YES,NO,58
BEL,2024,ETRIWH,PTFTW67T100,AW100,C_C2,NOEARN_UNEMP_WO_CONBEN,YES,NO,57
BEL,2025,ETRIWH,PTFTW67T100,AW100,C_C2,NOEARN_UNEMP_WO_CONBEN,YES,NO,56
DNK,2023,ETRIWH,PTFTW67T100,AW100,C_C2,NOEARN_UNEMP_WO_CONBEN,YES,NO,87
DNK,2024,ETRIWH,PTFTW67T100,AW100,C_C2,NOEARN_UNEMP_WO_CONBEN,YES,NO,82
FRA,2023,ETRIWH,PTFTW67T100,AW100,C_C2,NOEARN_UNEMP_WO_CONBEN,YES,NO,54
FRA,2024,ETRIWH,PTFTW67T100,AW100,C_C2,NOEARN_UNEMP_WO_CONBEN,YES,NO,54
FRA,2025,ETRIWH,PTFTW67T100,AW100,C_C2,NOEARN_UNEMP_WO_CONBEN,YES,NO,54
DEU,2023,ETRIWH,PTFTW67T100,AW100,C_C2,NOEARN_UNEMP_WO_CONBEN,YES,NO,53
DEU,2024,ETRIWH,PTFTW67T100,AW100,C_C2,NOEARN_UNEMP_WO_CONBEN,YES,NO,57
DEU,2025,ETRIWH,PTFTW67T100,AW100,C_C2,NOEARN_UNEMP_WO_CONBEN,YES,NO,56
ITA,2023,ETRIWH,PTFTW67T100,AW100,C_C2,NOEARN_UNEMP_WO_CONBEN,YES,NO,47
ITA,2024,ETRIWH,PTFTW67T100,AW100,C_C2,NOEARN_UNEMP_WO_CONBEN,YES,NO,55
ITA,2025,ETRIWH,PTFTW67T100,AW100,C_C2,NOEARN_UNEMP_WO_CONBEN,YES,NO,46
NLD,2023,ETRIWH,PTFTW67T100,AW100,C_C2,NOEARN_UNEMP_WO_CONBEN,YES,NO,64
NLD,2024,ETRIWH,PTFTW67T100,AW100,C_C2,NOEARN_UNEMP_WO_CONBEN,YES,NO,64
POL,2023,ETRIWH,PTFTW67T100,AW100,C_C2,NOEARN_UNEMP_WO_CONBEN,YES,NO,26
POL,2024,ETRIWH,PTFTW67T100,AW100,C_C2,NOEARN_UNEMP_WO_CONBEN,YES,NO,29
POL,2025,ETRIWH,PTFTW67T100,AW100,C_C2,NOEARN_UNEMP_WO_CONBEN,YES,NO,31
ESP,2023,ETRIWH,PTFTW67T100,AW100,C_C2,NOEARN_UNEMP_WO_CONBEN,YES,NO,29
ESP,2024,ETRIWH,PTFTW67T100,AW100,C_C2,NOEARN_UNEMP_WO_CONBEN,YES,NO,29
ESP,2025,ETRIWH,PTFTW67T100,AW100,C_C2,NOEARN_UNEMP_WO_CONBEN,YES,NO,31
SWE,2023,ETRIWH,PTFTW67T100,AW100,C_C2,NOEARN_UNEMP_WO_CONBEN,YES,NO,31
SWE,2024,ETRIWH,PTFTW67T100,AW100,C_C2,NOEARN_UNEMP_WO_CONBEN,YES,NO,30
SWE,2025,ETRIWH,PTFTW67T100,AW100,C_C2,NOEARN_UNEMP_WO_CONBEN,YES,NO,29
GBR,2023,ETRIWH,PTFTW67T100,AW100,C_C2,NOEARN_UNEMP_WO_CONBEN,YES,NO,43
GBR,2024,ETRIWH,PTFTW67T100,AW100,C_C2,NOEARN_UNEMP_WO_CONBEN,YES,NO,48
GBR,2025,ETRIWH,PTFTW67T100,AW100,C_C2,NOEARN_UNEMP_WO_CONBEN,YES,NO,47
USA,2023,ETRIWH,PTFTW67T100,AW100,C_C2,NOEARN_UNEMP_WO_CONBEN,YES,NO,40
USA,2024,ETRIWH,PTFTW67T100,AW100,C_C2,NOEARN_UNEMP_WO_CONBEN,YES,NO,44
USA,2025,ETRIWH,PTFTW67T100,AW100,C_C2,NOEARN_UNEMP_WO_CONBEN,YES,NO,44
OECD,2023,ETRIWH,PTFTW67T100,AW100,C_C2,NOEARN_UNEMP_WO_CONBEN,YES,NO,43
OECD,2024,ETRIWH,PTFTW67T100,AW100,C_C2,NOEARN_UNEMP_WO_CONBEN,YES,NO,44
OECD,2025,ETRIWH,PTFTW67T100,AW100,C_C2,NOEARN_UNEMP_WO_CONBEN,YES,NO,42
AUT,2023,ETRIWH,PTFTW33T67,AW100,C_C2,NOEARN_UNEMP_WO_CONBEN,YES,NO,46
AUT,2024,ETRIWH,PTFTW33T67,AW100,C_C2,NOEARN_UNEMP_WO_CONBEN,YES,NO,43
AUT,2025,ETRIWH,PTFTW33T67,AW100,C_C2,NOEARN_UNEMP_WO_CONBEN,YES,NO,51
BEL,2023,ETRIWH,PTFTW33T67,AW100,C_C2,NOEARN_UNEMP_WO_CONBEN,YES,NO,43
BEL,2024,ETRIWH,PTFTW33T67,AW100,C_C2,NOEARN_UNEMP_WO_CONBEN,YES,NO,49
BEL,2025,ETRIWH,PTFTW33T67,AW100,C_C2,NOEARN_UNEMP_WO_CONBEN,YES,NO,52
DNK,2023,ETRIWH,PTFTW33T67,AW100,C_C2,NOEARN_UNEMP_WO_CONBEN,YES,NO,92
DNK,2024,ETRIWH,PTFTW33T67,AW100,C_C2,NOEARN_UNEMP_WO_CONBEN,YES,NO,92
FRA,2023,ETRIWH,PTFTW33T67,AW100,C_C2,NOEARN_UNEMP_WO_CONBEN,YES,NO,44
FRA,2024,ETRIWH,PTFTW33T67,AW100,C_C2,NOEARN_UNEMP_WO_CONBEN,YES,NO,44
FRA,2025,ETRIWH,PTFTW33T67,AW100,C_C2,NOEARN_UNEMP_WO_CONBEN,YES,NO,43
DEU,2023,ETRIWH,PTFTW33T67,AW100,C_C2,NOEARN_UNEMP_WO_CONBEN,YES,NO,49
DEU,2024,ETRIWH,PTFTW33T67,AW100,C_C2,NOEARN_UNEMP_WO_CONBEN,YES,NO,47
DEU,2025,ETRIWH,PTFTW33T67,AW100,C_C2,NOEARN_UNEMP_WO_CONBEN,YES,NO,49
ITA,2023,ETRIWH,PTFTW33T67,AW100,C_C2,NOEARN_UNEMP_WO_CONBEN,YES,NO,39
ITA,2024,ETRIWH,PTFTW33T67,AW100,C_C2,NOEARN_UNEMP_WO_CONBEN,YES,NO,36
ITA,2025,ETRIWH,PTFTW33T67,AW100,C_C2,NOEARN_UNEMP_WO_CONBEN,YES,NO,31
NLD,2023,ETRIWH,PTFTW33T67,AW100,C_C2,NOEARN_UNEMP_WO_CONBEN,YES,NO,56
NLD,2024,ETRIWH,PTFTW33T67,AW100,C_C2,NOEARN_UNEMP_WO_CONBEN,YES,NO,60
POL,2023,ETRIWH,PTFTW33T67,AW100,C_C2,NOEARN_UNEMP_WO_CONBEN,YES,NO,47
POL,2024,ETRIWH,PTFTW33T67,AW100,C_C2,NOEARN_UNEMP_WO_CONBEN,YES,NO,36
POL,2025,ETRIWH,PTFTW33T67,AW100,C_C2,NOEARN_UNEMP_WO_CONBEN,YES,NO,58
ESP,2023,ETRIWH,PTFTW33T67,AW100,C_C2,NOEARN_UNEMP_WO_CONBEN,YES,NO,45
ESP,2024,ETRIWH,PTFTW33T67,AW100,C_C2,NOEARN_UNEMP_WO_CONBEN,YES,NO,51
ESP,2025,ETRIWH,PTFTW33T67,AW100,C_C2,NOEARN_UNEMP_WO_CONBEN,YES,NO,59
SWE,2023,ETRIWH,PTFTW33T67,AW100,C_C2,NOEARN_UNEMP_WO_CONBEN,YES,NO,28
SWE,2024,ETRIWH,PTFTW33T67,AW100,C_C2,NOEARN_UNEMP_WO_CONBEN,YES,NO,27
SWE,2025,ETRIWH,PTFTW33T67,AW100,C_C2,NOEARN_UNEMP_WO_CONBEN,YES,NO,26
GBR,2023,ETRIWH,PTFTW33T67,AW100,C_C2,NOEARN_UNEMP_WO_CONBEN,YES,NO,69
GBR,2024,ETRIWH,PTFTW33T67,AW100,C_C2,NOEARN_UNEMP_WO_CONBEN,YES,NO,68
GBR,2025,ETRIWH,PTFTW33T67,AW100,C_C2,NOEARN_UNEMP_WO_CONBEN,YES,NO,68
USA,2023,ETRIWH,PTFTW33T67,AW100,C_C2,NOEARN_UNEMP_WO_CONBEN,YES,NO,63
USA,2024,ETRIWH,PTFTW33T67,AW100,C_C2,NOEARN_UNEMP_WO_CONBEN,YES,NO,67
USA,2025,ETRIWH,PTFTW33T67,AW100,C_C2,NOEARN_UNEMP_WO_CONBEN,YES,NO,66
OECD,2023,ETRIWH,PTFTW33T67,AW100,C_C2,NOEARN_UNEMP_WO_CONBEN,YES,NO,48
OECD,2024,ETRIWH,PTFTW33T67,AW100,C_C2,NOEARN_UNEMP_WO_CONBEN,YES,NO,49
OECD,2025,ETRIWH,PTFTW33T67,AW100,C_C2,NOEARN_UNEMP_WO_CONBEN,YES,NO,47
AUT,2023,ETRIWH,PTFTW33T67,AW100,C_C2,NOEARN_UNEMP_WO_CONBEN,YES,YES,72
AUT,2024,ETRIWH,PTFTW33T67,AW100,C_C2,NOEARN_UNEMP_WO_CONBEN,YES,YES,66
AUT,2025,ETRIWH,PTFTW33T67,AW100,C_C2,NOEARN_UNEMP_WO_CONBEN,YES,YES,86
BEL,2023,ETRIWH,PTFTW33T67,AW100,C_C2,NOEARN_UNEMP_WO_CONBEN,YES,YES,43
BEL,2024,ETRIWH,PTFTW33T67,AW100,C_C2,NOEARN_UNEMP_WO_CONBEN,YES,YES,49
BEL,2025,ETRIWH,PTFTW33T67,AW100,C_C2,NOEARN_UNEMP_WO_CONBEN,YES,YES,52
DNK,2023,ETRIWH,PTFTW33T67,AW100,C_C2,NOEARN_UNEMP_WO_CONBEN,YES,YES,82
DNK,2024,ETRIWH,PTFTW33T67,AW100,C_C2,NOEARN_UNEMP_WO_CONBEN,YES,YES,82
FRA,2023,ETRIWH,PTFTW33T67,AW100,C_C2,NOEARN_UNEMP_WO_CONBEN,YES,YES,62
FRA,2024,ETRIWH,PTFTW33T67,AW100,C_C2,NOEARN_UNEMP_WO_CONBEN,YES,YES,63
FRA,2025,ETRIWH,PTFTW33T67,AW100,C_C2,NOEARN_UNEMP_WO_CONBEN,YES,YES,63
DEU,2023,ETRIWH,PTFTW33T67,AW100,C_C2,NOEARN_UNEMP_WO_CONBEN,YES,YES,71
DEU,2024,ETRIWH,PTFTW33T67,AW100,C_C2,NOEARN_UNEMP_WO_CONBEN,YES,YES,69
DEU,2025,ETRIWH,PTFTW33T67,AW100,C_C2,NOEARN_UNEMP_WO_CONBEN,YES,YES,71
ITA,2023,ETRIWH,PTFTW33T67,AW100,C_C2,NOEARN_UNEMP_WO_CONBEN,YES,YES,50
ITA,2024,ETRIWH,PTFTW33T67,AW100,C_C2,NOEARN_UNEMP_WO_CONBEN,YES,YES,38
ITA,2025,ETRIWH,PTFTW33T67,AW100,C_C2,NOEARN_UNEMP_WO_CONBEN,YES,YES,33
NLD,2023,ETRIWH,PTFTW33T67,AW100,C_C2,NOEARN_UNEMP_WO_CONBEN,YES,YES,61
NLD,2024,ETRIWH,PTFTW33T67,AW100,C_C2,NOEARN_UNEMP_WO_CONBEN,YES,YES,65
POL,2023,ETRIWH,PTFTW33T67,AW100,C_C2,NOEARN_UNEMP_WO_CONBEN,YES,YES,40
POL,2024,ETRIWH,PTFTW33T67,AW100,C_C2,NOEARN_UNEMP_WO_CONBEN,YES,YES,39
POL,2025,ETRIWH,PTFTW33T67,AW100,C_C2,NOEARN_UNEMP_WO_CONBEN,YES,YES,38
ESP,2023,ETRIWH,PTFTW33T67,AW100,C_C2,NOEARN_UNEMP_WO_CONBEN,YES,YES,53
ESP,2024,ETRIWH,PTFTW33T67,AW100,C_C2,NOEARN_UNEMP_WO_CONBEN,YES,YES,57
ESP,2025,ETRIWH,PTFTW33T67,AW100,C_C2,NOEARN_UNEMP_WO_CONBEN,YES,YES,66
SWE,2023,ETRIWH,PTFTW33T67,AW100,C_C2,NOEARN_UNEMP_WO_CONBEN,YES,YES,78
SWE,2024,ETRIWH,PTFTW33T67,AW100,C_C2,NOEARN_UNEMP_WO_CONBEN,YES,YES,81
SWE,2025,ETRIWH,PTFTW33T67,AW100,C_C2,NOEARN_UNEMP_WO_CONBEN,YES,YES,81
GBR,2023,ETRIWH,PTFTW33T67,AW100,C_C2,NOEARN_UNEMP_WO_CONBEN,YES,YES,69
GBR,2024,ETRIWH,PTFTW33T67,AW100,C_C2,NOEARN_UNEMP_WO_CONBEN,YES,YES,68
GBR,2025,ETRIWH,PTFTW33T67,AW100,C_C2,NOEARN_UNEMP_WO_CONBEN,YES,YES,68
USA,2023,ETRIWH,PTFTW33T67,AW100,C_C2,NOEARN_UNEMP_WO_CONBEN,YES,YES,70
USA,2024,ETRIWH,PTFTW33T67,AW100,C_C2,NOEARN_UNEMP_WO_CONBEN,YES,YES,74
USA,2025,ETRIWH,PTFTW33T67,AW100,C_C2,NOEARN_UNEMP_WO_CONBEN,YES,YES,74
OECD,2023,ETRIWH,PTFTW33T67,AW100,C_C2,NOEARN_UNEMP_WO_CONBEN,YES,YES,59
OECD,2024,ETRIWH,PTFTW33T67,AW100,C_C2,NOEARN_UNEMP_WO_CONBEN,YES,YES,61
OECD,2025,ETRIWH,PTFTW33T67,AW100,C_C2,NOEARN_UNEMP_WO_CONBEN,YES,YES,60
AUT,2023,ETRIWH,PTFTW33T67,AW100,C_C2,NOEARN_UNEMP_WO_CONBEN,NO,YES,24
AUT,2024,ETRIWH,PTFTW33T67,AW100,C_C2,NOEARN_UNEMP_WO_CONBEN,NO,YES,24
AUT,2025,ETRIWH,PTFTW33T67,AW100,C_C2,NOEARN_UNEMP_WO_CONBEN,NO,YES,32
BEL,2023,ETRIWH,PTFTW33T67,AW100,C_C2,NOEARN_UNEMP_WO_CONBEN,NO,YES,43
BEL,2024,ETRIWH,PTFTW33T67,AW100,C_C2,NOEARN_UNEMP_WO_CONBEN,NO,YES,43
BEL,2025,ETRIWH,PTFTW33T67,AW100,C_C2,NOEARN_UNEMP_WO_CONBEN,NO,YES,45
DNK,2023,ETRIWH,PTFTW33T67,AW100,C_C2,NOEARN_UNEMP_WO_CONBEN,NO,YES,44
DNK,2024,ETRIWH,PTFTW33T67,AW100,C_C2,NOEARN_UNEMP_WO_CONBEN,NO,YES,45
FRA,2023,ETRIWH,PTFTW33T67,AW100,C_C2,NOEARN_UNEMP_WO_CONBEN,NO,YES,62
FRA,2024,ETRIWH,PTFTW33T67,AW100,C_C2,NOEARN_UNEMP_WO_CONBEN,NO,YES,63
FRA,2025,ETRIWH,PTFTW33T67,AW100,C_C2,NOEARN_UNEMP_WO_CONBEN,NO,YES,63
DEU,2023,ETRIWH,PTFTW33T67,AW100,C_C2,NOEARN_UNEMP_WO_CONBEN,NO,YES,52
DEU,2024,ETRIWH,PTFTW33T67,AW100,C_C2,NOEARN_UNEMP_WO_CONBEN,NO,YES,52
DEU,2025,ETRIWH,PTFTW33T67,AW100,C_C2,NOEARN_UNEMP_WO_CONBEN,NO,YES,52
ITA,2023,ETRIWH,PTFTW33T67,AW100,C_C2,NOEARN_UNEMP_WO_CONBEN,NO,YES,40
ITA,2024,ETRIWH,PTFTW33T67,AW100,C_C2,NOEARN_UNEMP_WO_CONBEN,NO,YES,38
ITA,2025,ETRIWH,PTFTW33T67,AW100,C_C2,NOEARN_UNEMP_WO_CONBEN,NO,YES,33
NLD,2023,ETRIWH,PTFTW33T67,AW100,C_C2,NOEARN_UNEMP_WO_CONBEN,NO,YES,56
NLD,2024,ETRIWH,PTFTW33T67,AW100,C_C2,NOEARN_UNEMP_WO_CONBEN,NO,YES,57
POL,2023,ETRIWH,PTFTW33T67,AW100,C_C2,NOEARN_UNEMP_WO_CONBEN,NO,YES,40
POL,2024,ETRIWH,PTFTW33T67,AW100,C_C2,NOEARN_UNEMP_WO_CONBEN,NO,YES,39
POL,2025,ETRIWH,PTFTW33T67,AW100,C_C2,NOEARN_UNEMP_WO_CONBEN,NO,YES,38
ESP,2023,ETRIWH,PTFTW33T67,AW100,C_C2,NOEARN_UNEMP_WO_CONBEN,NO,YES,18
ESP,2024,ETRIWH,PTFTW33T67,AW100,C_C2,NOEARN_UNEMP_WO_CONBEN,NO,YES,19
ESP,2025,ETRIWH,PTFTW33T67,AW100,C_C2,NOEARN_UNEMP_WO_CONBEN,NO,YES,20
SWE,2023,ETRIWH,PTFTW33T67,AW100,C_C2,NOEARN_UNEMP_WO_CONBEN,NO,YES,50
SWE,2024,ETRIWH,PTFTW33T67,AW100,C_C2,NOEARN_UNEMP_WO_CONBEN,NO,YES,49
SWE,2025,ETRIWH,PTFTW33T67,AW100,C_C2,NOEARN_UNEMP_WO_CONBEN,NO,YES,45
GBR,2023,ETRIWH,PTFTW33T67,AW100,C_C2,NOEARN_UNEMP_WO_CONBEN,NO,YES,69
GBR,2024,ETRIWH,PTFTW33T67,AW100,C_C2,NOEARN_UNEMP_WO_CONBEN,NO,YES,68
GBR,2025,ETRIWH,PTFTW33T67,AW100,C_C2,NOEARN_UNEMP_WO_CONBEN,NO,YES,68
USA,2023,ETRIWH,PTFTW33T67,AW100,C_C2,NOEARN_UNEMP_WO_CONBEN,NO,YES,34
USA,2024,ETRIWH,PTFTW33T67,AW100,C_C2,NOEARN_UNEMP_WO_CONBEN,NO,YES,38
USA,2025,ETRIWH,PTFTW33T67,AW100,C_C2,NOEARN_UNEMP_WO_CONBEN,NO,YES,39
OECD,2023,ETRIWH,PTFTW33T67,AW100,C_C2,NOEARN_UNEMP_WO_CONBEN,NO,YES,36
OECD,2024,ETRIWH,PTFTW33T67,AW100,C_C2,NOEARN_UNEMP_WO_CONBEN,NO,YES,38
OECD,2025,ETRIWH,PTFTW33T67,AW100,C_C2,NOEARN_UNEMP_WO_CONBEN,NO,YES,38
AUT,2023,ETRIWH,PTFTW33T67,AW100,C_C2,NOEARN_UNEMP_WO_CONBEN,NO,NO,24
AUT,2024,ETRIWH,PTFTW33T67,AW100,C_C2,NOEARN_UNEMP_WO_CONBEN,NO,NO,24
AUT,2025,ETRIWH,PTFTW33T67,AW100,C_C2,NOEARN_UNEMP_WO_CONBEN,NO,NO,32
BEL,2023,ETRIWH,PTFTW33T67,AW100,C_C2,NOEARN_UNEMP_WO_CONBEN,NO,NO,43
BEL,2024,ETRIWH,PTFTW33T67,AW100,C_C2,NOEARN_UNEMP_WO_CONBEN,NO,NO,43
BEL,2025,ETRIWH,PTFTW33T67,AW100,C_C2,NOEARN_UNEMP_WO_CONBEN,NO,NO,45
DNK,2023,ETRIWH,PTFTW33T67,AW100,C_C2,NOEARN_UNEMP_WO_CONBEN,NO,NO,39
DNK,2024,ETRIWH,PTFTW33T67,AW100,C_C2,NOEARN_UNEMP_WO_CONBEN,NO,NO,39
FRA,2023,ETRIWH,PTFTW33T67,AW100,C_C2,NOEARN_UNEMP_WO_CONBEN,NO,NO,44
FRA,2024,ETRIWH,PTFTW33T67,AW100,C_C2,NOEARN_UNEMP_WO_CONBEN,NO,NO,44
FRA,2025,ETRIWH,PTFTW33T67,AW100,C_C2,NOEARN_UNEMP_WO_CONBEN,NO,NO,43
DEU,2023,ETRIWH,PTFTW33T67,AW100,C_C2,NOEARN_UNEMP_WO_CONBEN,NO,NO,30
DEU,2024,ETRIWH,PTFTW33T67,AW100,C_C2,NOEARN_UNEMP_WO_CONBEN,NO,NO,30
DEU,2025,ETRIWH,PTFTW33T67,AW100,C_C2,NOEARN_UNEMP_WO_CONBEN,NO,NO,30
ITA,2023,ETRIWH,PTFTW33T67,AW100,C_C2,NOEARN_UNEMP_WO_CONBEN,NO,NO,39
ITA,2024,ETRIWH,PTFTW33T67,AW100,C_C2,NOEARN_UNEMP_WO_CONBEN,NO,NO,36
ITA,2025,ETRIWH,PTFTW33T67,AW100,C_C2,NOEARN_UNEMP_WO_CONBEN,NO,NO,31
NLD,2023,ETRIWH,PTFTW33T67,AW100,C_C2,NOEARN_UNEMP_WO_CONBEN,NO,NO,50
NLD,2024,ETRIWH,PTFTW33T67,AW100,C_C2,NOEARN_UNEMP_WO_CONBEN,NO,NO,53
POL,2023,ETRIWH,PTFTW33T67,AW100,C_C2,NOEARN_UNEMP_WO_CONBEN,NO,NO,30
POL,2024,ETRIWH,PTFTW33T67,AW100,C_C2,NOEARN_UNEMP_WO_CONBEN,NO,NO,29
POL,2025,ETRIWH,PTFTW33T67,AW100,C_C2,NOEARN_UNEMP_WO_CONBEN,NO,NO,29
ESP,2023,ETRIWH,PTFTW33T67,AW100,C_C2,NOEARN_UNEMP_WO_CONBEN,NO,NO,11
ESP,2024,ETRIWH,PTFTW33T67,AW100,C_C2,NOEARN_UNEMP_WO_CONBEN,NO,NO,13
ESP,2025,ETRIWH,PTFTW33T67,AW100,C_C2,NOEARN_UNEMP_WO_CONBEN,NO,NO,14
SWE,2023,ETRIWH,PTFTW33T67,AW100,C_C2,NOEARN_UNEMP_WO_CONBEN,NO,NO,28
SWE,2024,ETRIWH,PTFTW33T67,AW100,C_C2,NOEARN_UNEMP_WO_CONBEN,NO,NO,27
SWE,2025,ETRIWH,PTFTW33T67,AW100,C_C2,NOEARN_UNEMP_WO_CONBEN,NO,NO,26
GBR,2023,ETRIWH,PTFTW33T67,AW100,C_C2,NOEARN_UNEMP_WO_CONBEN,NO,NO,69
GBR,2024,ETRIWH,PTFTW33T67,AW100,C_C2,NOEARN_UNEMP_WO_CONBEN,NO,NO,68
GBR,2025,ETRIWH,PTFTW33T67,AW100,C_C2,NOEARN_UNEMP_WO_CONBEN,NO,NO,68
USA,2023,ETRIWH,PTFTW33T67,AW100,C_C2,NOEARN_UNEMP_WO_CONBEN,NO,NO,34
USA,2024,ETRIWH,PTFTW33T67,AW100,C_C2,NOEARN_UNEMP_WO_CONBEN,NO,NO,38
USA,2025,ETRIWH,PTFTW33T67,AW100,C_C2,NOEARN_UNEMP_WO_CONBEN,NO,NO,39
OECD,2023,ETRIWH,PTFTW33T67,AW100,C_C2,NOEARN_UNEMP_WO_CONBEN,NO,NO,31
OECD,2024,ETRIWH,PTFTW33T67,AW100,C_C2,NOEARN_UNEMP_WO_CONBEN,NO,NO,32
OECD,2025,ETRIWH,PTFTW33T67,AW100,C_C2,NOEARN_UNEMP_WO_CONBEN,NO,NO,32
BEL,2023,ETRIWH,PTFTW67T100,MINW,C_C2,NOEARN_UNEMP_WO_CONBEN,YES,YES,49
BEL,2024,ETRIWH,PTFTW67T100,MINW,C_C2,NOEARN_UNEMP_WO_CONBEN,YES,YES,66
BEL,2025,ETRIWH,PTFTW67T100,MINW,C_C2,NOEARN_UNEMP_WO_CONBEN,YES,YES,66
FRA,2023,ETRIWH,PTFTW67T100,MINW,C_C2,NOEARN_UNEMP_WO_CONBEN,YES,YES,56
FRA,2024,ETRIWH,PTFTW67T100,MINW,C_C2,NOEARN_UNEMP_WO_CONBEN,YES,YES,56
FRA,2025,ETRIWH,PTFTW67T100,MINW,C_C2,NOEARN_UNEMP_WO_CONBEN,YES,YES,56
DEU,2023,ETRIWH,PTFTW67T100,MINW,C_C2,NOEARN_UNEMP_WO_CONBEN,YES,YES,43
DEU,2024,ETRIWH,PTFTW67T100,MINW,C_C2,NOEARN_UNEMP_WO_CONBEN,YES,YES,52
DEU,2025,ETRIWH,PTFTW67T100,MINW,C_C2,NOEARN_UNEMP_WO_CONBEN,YES,YES,51
NLD,2023,ETRIWH,PTFTW67T100,MINW,C_C2,NOEARN_UNEMP_WO_CONBEN,YES,YES,72
NLD,2024,ETRIWH,PTFTW67T100,MINW,C_C2,NOEARN_UNEMP_WO_CONBEN,YES,YES,75
POL,2023,ETRIWH,PTFTW67T100,MINW,C_C2,NOEARN_UNEMP_WO_CONBEN,YES,YES,32
POL,2024,ETRIWH,PTFTW67T100,MINW,C_C2,NOEARN_UNEMP_WO_CONBEN,YES,YES,46
POL,2025,ETRIWH,PTFTW67T100,MINW,C_C2,NOEARN_UNEMP_WO_CONBEN,YES,YES,44
ESP,2023,ETRIWH,PTFTW67T100,MINW,C_C2,NOEARN_UNEMP_WO_CONBEN,YES,YES,75
ESP,2024,ETRIWH,PTFTW67T100,MINW,C_C2,NOEARN_UNEMP_WO_CONBEN,YES,YES,81
ESP,2025,ETRIWH,PTFTW67T100,MINW,C_C2,NOEARN_UNEMP_WO_CONBEN,YES,YES,98
GBR,2023,ETRIWH,PTFTW67T100,MINW,C_C2,NOEARN_UNEMP_WO_CONBEN,YES,YES,69
GBR,2024,ETRIWH,PTFTW67T100,MINW,C_C2,NOEARN_UNEMP_WO_CONBEN,YES,YES,68
GBR,2025,ETRIWH,PTFTW67T100,MINW,C_C2,NOEARN_UNEMP_WO_CONBEN,YES,YES,68
USA,2023,ETRIWH,PTFTW67T100,MINW,C_C2,NOEARN_UNEMP_WO_CONBEN,YES,YES,23
USA,2024,ETRIWH,PTFTW67T100,MINW,C_C2,NOEARN_UNEMP_WO_CONBEN,YES,YES,14
USA,2025,ETRIWH,PTFTW67T100,MINW,C_C2,NOEARN_UNEMP_WO_CONBEN,YES,YES,12
OECD,2023,ETRIWH,PTFTW67T100,MINW,C_C2,NOEARN_UNEMP_WO_CONBEN,YES,YES,57
OECD,2024,ETRIWH,PTFTW67T100,MINW,C_C2,NOEARN_UNEMP_WO_CONBEN,YES,YES,62
OECD,2025,ETRIWH,PTFTW67T100,MINW,C_C2,NOEARN_UNEMP_WO_CONBEN,YES,YES,60
BEL,2023,ETRIWH,PTFTW67T100,MINW,C_C2,NOEARN_UNEMP_WO_CONBEN,YES,NO,49
BEL,2024,ETRIWH,PTFTW67T100,MINW,C_C2,NOEARN_UNEMP_WO_CONBEN,YES,NO,66
BEL,2025,ETRIWH,PTFTW67T100,MINW,C_C2,NOEARN_UNEMP_WO_CONBEN,YES,NO,66
FRA,2023,ETRIWH,PTFTW67T100,MINW,C_C2,NOEARN_UNEMP_WO_CONBEN,YES,NO,32
FRA,2024,ETRIWH,PTFTW67T100,MINW,C_C2,NOEARN_UNEMP_WO_CONBEN,YES,NO,32
FRA,2025,ETRIWH,PTFTW67T100,MINW,C_C2,NOEARN_UNEMP_WO_CONBEN,YES,NO,32
DEU,2023,ETRIWH,PTFTW67T100,MINW,C_C2,NOEARN_UNEMP_WO_CONBEN,YES,NO,24
DEU,2024,ETRIWH,PTFTW67T100,MINW,C_C2,NOEARN_UNEMP_WO_CONBEN,YES,NO,24
DEU,2025,ETRIWH,PTFTW67T100,MINW,C_C2,NOEARN_UNEMP_WO_CONBEN,YES,NO,25
NLD,2023,ETRIWH,PTFTW67T100,MINW,C_C2,NOEARN_UNEMP_WO_CONBEN,YES,NO,72
NLD,2024,ETRIWH,PTFTW67T100,MINW,C_C2,NOEARN_UNEMP_WO_CONBEN,YES,NO,75
POL,2023,ETRIWH,PTFTW67T100,MINW,C_C2,NOEARN_UNEMP_WO_CONBEN,YES,NO,57
POL,2024,ETRIWH,PTFTW67T100,MINW,C_C2,NOEARN_UNEMP_WO_CONBEN,YES,NO,39
POL,2025,ETRIWH,PTFTW67T100,MINW,C_C2,NOEARN_UNEMP_WO_CONBEN,YES,NO,80
ESP,2023,ETRIWH,PTFTW67T100,MINW,C_C2,NOEARN_UNEMP_WO_CONBEN,YES,NO,75
ESP,2024,ETRIWH,PTFTW67T100,MINW,C_C2,NOEARN_UNEMP_WO_CONBEN,YES,NO,80
ESP,2025,ETRIWH,PTFTW67T100,MINW,C_C2,NOEARN_UNEMP_WO_CONBEN,YES,NO,91
GBR,2023,ETRIWH,PTFTW67T100,MINW,C_C2,NOEARN_UNEMP_WO_CONBEN,YES,NO,69
GBR,2024,ETRIWH,PTFTW67T100,MINW,C_C2,NOEARN_UNEMP_WO_CONBEN,YES,NO,68
GBR,2025,ETRIWH,PTFTW67T100,MINW,C_C2,NOEARN_UNEMP_WO_CONBEN,YES,NO,68
USA,2023,ETRIWH,PTFTW67T100,MINW,C_C2,NOEARN_UNEMP_WO_CONBEN,YES,NO,18
USA,2024,ETRIWH,PTFTW67T100,MINW,C_C2,NOEARN_UNEMP_WO_CONBEN,YES,NO,9
USA,2025,ETRIWH,PTFTW67T100,MINW,C_C2,NOEARN_UNEMP_WO_CONBEN,YES,NO,6
OECD,2023,ETRIWH,PTFTW67T100,MINW,C_C2,NOEARN_UNEMP_WO_CONBEN,YES,NO,53
OECD,2024,ETRIWH,PTFTW67T100,MINW,C_C2,NOEARN_UNEMP_WO_CONBEN,YES,NO,52
OECD,2025,ETRIWH,PTFTW67T100,MINW,C_C2,NOEARN_UNEMP_WO_CONBEN,YES,NO,53
BEL,2023,ETRIWH,PTFTW50T100,MINW,C_C2,NOEARN_UNEMP_WO_CONBEN,YES,NO,67
BEL,2024,ETRIWH,PTFTW50T100,MINW,C_C2,NOEARN_UNEMP_WO_CONBEN,YES,NO,77
BEL,2025,ETRIWH,PTFTW50T100,MINW,C_C2,NOEARN_UNEMP_WO_CONBEN,YES,NO,78
FRA,2023,ETRIWH,PTFTW50T100,MINW,C_C2,NOEARN_UNEMP_WO_CONBEN,YES,NO,32
FRA,2024,ETRIWH,PTFTW50T100,MINW,C_C2,NOEARN_UNEMP_WO_CONBEN,YES,NO,32
FRA,2025,ETRIWH,PTFTW50T100,MINW,C_C2,NOEARN_UNEMP_WO_CONBEN,YES,NO,32
DEU,2023,ETRIWH,PTFTW50T100,MINW,C_C2,NOEARN_UNEMP_WO_CONBEN,YES,NO,24
DEU,2024,ETRIWH,PTFTW50T100,MINW,C_C2,NOEARN_UNEMP_WO_CONBEN,YES,NO,35
DEU,2025,ETRIWH,PTFTW50T100,MINW,C_C2,NOEARN_UNEMP_WO_CONBEN,YES,NO,31
NLD,2023,ETRIWH,PTFTW50T100,MINW,C_C2,NOEARN_UNEMP_WO_CONBEN,YES,NO,81
NLD,2024,ETRIWH,PTFTW50T100,MINW,C_C2,NOEARN_UNEMP_WO_CONBEN,YES,NO,83
POL,2023,ETRIWH,PTFTW50T100,MINW,C_C2,NOEARN_UNEMP_WO_CONBEN,YES,NO,72
POL,2024,ETRIWH,PTFTW50T100,MINW,C_C2,NOEARN_UNEMP_WO_CONBEN,YES,NO,59
POL,2025,ETRIWH,PTFTW50T100,MINW,C_C2,NOEARN_UNEMP_WO_CONBEN,YES,NO,87
ESP,2023,ETRIWH,PTFTW50T100,MINW,C_C2,NOEARN_UNEMP_WO_CONBEN,YES,NO,83
ESP,2024,ETRIWH,PTFTW50T100,MINW,C_C2,NOEARN_UNEMP_WO_CONBEN,YES,NO,86
ESP,2025,ETRIWH,PTFTW50T100,MINW,C_C2,NOEARN_UNEMP_WO_CONBEN,YES,NO,94
GBR,2023,ETRIWH,PTFTW50T100,MINW,C_C2,NOEARN_UNEMP_WO_CONBEN,YES,NO,66
GBR,2024,ETRIWH,PTFTW50T100,MINW,C_C2,NOEARN_UNEMP_WO_CONBEN,YES,NO,66
GBR,2025,ETRIWH,PTFTW50T100,MINW,C_C2,NOEARN_UNEMP_WO_CONBEN,YES,NO,67
USA,2023,ETRIWH,PTFTW50T100,MINW,C_C2,NOEARN_UNEMP_WO_CONBEN,YES,NO,16
USA,2024,ETRIWH,PTFTW50T100,MINW,C_C2,NOEARN_UNEMP_WO_CONBEN,YES,NO,6
USA,2025,ETRIWH,PTFTW50T100,MINW,C_C2,NOEARN_UNEMP_WO_CONBEN,YES,NO,5
OECD,2023,ETRIWH,PTFTW50T100,MINW,C_C2,NOEARN_UNEMP_WO_CONBEN,YES,NO,55
OECD,2024,ETRIWH,PTFTW50T100,MINW,C_C2,NOEARN_UNEMP_WO_CONBEN,YES,NO,56
OECD,2025,ETRIWH,PTFTW50T100,MINW,C_C2,NOEARN_UNEMP_WO_CONBEN,YES,NO,56
BEL,2023,ETRIWH,PTFTW50T100,MINW,C_C2,NOEARN_UNEMP_WO_CONBEN,YES,YES,67
BEL,2024,ETRIWH,PTFTW50T100,MINW,C_C2,NOEARN_UNEMP_WO_CONBEN,YES,YES,77
BEL,2025,ETRIWH,PTFTW50T100,MINW,C_C2,NOEARN_UNEMP_WO_CONBEN,YES,YES,78
FRA,2023,ETRIWH,PTFTW50T100,MINW,C_C2,NOEARN_UNEMP_WO_CONBEN,YES,YES,53
FRA,2024,ETRIWH,PTFTW50T100,MINW,C_C2,NOEARN_UNEMP_WO_CONBEN,YES,YES,53
FRA,2025,ETRIWH,PTFTW50T100,MINW,C_C2,NOEARN_UNEMP_WO_CONBEN,YES,YES,52
DEU,2023,ETRIWH,PTFTW50T100,MINW,C_C2,NOEARN_UNEMP_WO_CONBEN,YES,YES,37
DEU,2024,ETRIWH,PTFTW50T100,MINW,C_C2,NOEARN_UNEMP_WO_CONBEN,YES,YES,49
DEU,2025,ETRIWH,PTFTW50T100,MINW,C_C2,NOEARN_UNEMP_WO_CONBEN,YES,YES,43
NLD,2023,ETRIWH,PTFTW50T100,MINW,C_C2,NOEARN_UNEMP_WO_CONBEN,YES,YES,81
NLD,2024,ETRIWH,PTFTW50T100,MINW,C_C2,NOEARN_UNEMP_WO_CONBEN,YES,YES,83
POL,2023,ETRIWH,PTFTW50T100,MINW,C_C2,NOEARN_UNEMP_WO_CONBEN,YES,YES,32
POL,2024,ETRIWH,PTFTW50T100,MINW,C_C2,NOEARN_UNEMP_WO_CONBEN,YES,YES,41
POL,2025,ETRIWH,PTFTW50T100,MINW,C_C2,NOEARN_UNEMP_WO_CONBEN,YES,YES,50
ESP,2023,ETRIWH,PTFTW50T100,MINW,C_C2,NOEARN_UNEMP_WO_CONBEN,YES,YES,83
ESP,2024,ETRIWH,PTFTW50T100,MINW,C_C2,NOEARN_UNEMP_WO_CONBEN,YES,YES,87
ESP,2025,ETRIWH,PTFTW50T100,MINW,C_C2,NOEARN_UNEMP_WO_CONBEN,YES,YES,99
GBR,2023,ETRIWH,PTFTW50T100,MINW,C_C2,NOEARN_UNEMP_WO_CONBEN,YES,YES,66
GBR,2024,ETRIWH,PTFTW50T100,MINW,C_C2,NOEARN_UNEMP_WO_CONBEN,YES,YES,66
GBR,2025,ETRIWH,PTFTW50T100,MINW,C_C2,NOEARN_UNEMP_WO_CONBEN,YES,YES,67
USA,2023,ETRIWH,PTFTW50T100,MINW,C_C2,NOEARN_UNEMP_WO_CONBEN,YES,YES,19
USA,2024,ETRIWH,PTFTW50T100,MINW,C_C2,NOEARN_UNEMP_WO_CONBEN,YES,YES,10
USA,2025,ETRIWH,PTFTW50T100,MINW,C_C2,NOEARN_UNEMP_WO_CONBEN,YES,YES,9
OECD,2023,ETRIWH,PTFTW50T100,MINW,C_C2,NOEARN_UNEMP_WO_CONBEN,YES,YES,59
OECD,2024,ETRIWH,PTFTW50T100,MINW,C_C2,NOEARN_UNEMP_WO_CONBEN,YES,YES,63
OECD,2025,ETRIWH,PTFTW50T100,MINW,C_C2,NOEARN_UNEMP_WO_CONBEN,YES,YES,61
FRA,2023,ETRIWH,PTFTW33T67,MINW,C_C2,NOEARN_UNEMP_WO_CONBEN,YES,NO,41
FRA,2024,ETRIWH,PTFTW33T67,MINW,C_C2,NOEARN_UNEMP_WO_CONBEN,YES,NO,42
FRA,2025,ETRIWH,PTFTW33T67,MINW,C_C2,NOEARN_UNEMP_WO_CONBEN,YES,NO,41
DEU,2023,ETRIWH,PTFTW33T67,MINW,C_C2,NOEARN_UNEMP_WO_CONBEN,YES,NO,50
DEU,2024,ETRIWH,PTFTW33T67,MINW,C_C2,NOEARN_UNEMP_WO_CONBEN,YES,NO,65
DEU,2025,ETRIWH,PTFTW33T67,MINW,C_C2,NOEARN_UNEMP_WO_CONBEN,YES,NO,60
GBR,2023,ETRIWH,PTFTW33T67,MINW,C_C2,NOEARN_UNEMP_WO_CONBEN,YES,NO,57
GBR,2024,ETRIWH,PTFTW33T67,MINW,C_C2,NOEARN_UNEMP_WO_CONBEN,YES,NO,57
GBR,2025,ETRIWH,PTFTW33T67,MINW,C_C2,NOEARN_UNEMP_WO_CONBEN,YES,NO,60
USA,2023,ETRIWH,PTFTW33T67,MINW,C_C2,NOEARN_UNEMP_WO_CONBEN,YES,NO,12
USA,2024,ETRIWH,PTFTW33T67,MINW,C_C2,NOEARN_UNEMP_WO_CONBEN,YES,NO,2
USA,2025,ETRIWH,PTFTW33T67,MINW,C_C2,NOEARN_UNEMP_WO_CONBEN,YES,NO,2
OECD,2023,ETRIWH,PTFTW33T67,MINW,C_C2,NOEARN_UNEMP_WO_CONBEN,YES,NO,63
OECD,2024,ETRIWH,PTFTW33T67,MINW,C_C2,NOEARN_UNEMP_WO_CONBEN,YES,NO,62
OECD,2025,ETRIWH,PTFTW33T67,MINW,C_C2,NOEARN_UNEMP_WO_CONBEN,YES,NO,60
FRA,2023,ETRIWH,PTFTW33T67,MINW,C_C2,NOEARN_UNEMP_WO_CONBEN,YES,YES,49
FRA,2024,ETRIWH,PTFTW33T67,MINW,C_C2,NOEARN_UNEMP_WO_CONBEN,YES,YES,48
FRA,2025,ETRIWH,PTFTW33T67,MINW,C_C2,NOEARN_UNEMP_WO_CONBEN,YES,YES,48
DEU,2023,ETRIWH,PTFTW33T67,MINW,C_C2,NOEARN_UNEMP_WO_CONBEN,YES,YES,50
DEU,2024,ETRIWH,PTFTW33T67,MINW,C_C2,NOEARN_UNEMP_WO_CONBEN,YES,YES,59
DEU,2025,ETRIWH,PTFTW33T67,MINW,C_C2,NOEARN_UNEMP_WO_CONBEN,YES,YES,51
POL,2023,ETRIWH,PTFTW33T67,MINW,C_C2,NOEARN_UNEMP_WO_CONBEN,YES,YES,64
POL,2024,ETRIWH,PTFTW33T67,MINW,C_C2,NOEARN_UNEMP_WO_CONBEN,YES,YES,38
POL,2025,ETRIWH,PTFTW33T67,MINW,C_C2,NOEARN_UNEMP_WO_CONBEN,YES,YES,80
GBR,2023,ETRIWH,PTFTW33T67,MINW,C_C2,NOEARN_UNEMP_WO_CONBEN,YES,YES,57
GBR,2024,ETRIWH,PTFTW33T67,MINW,C_C2,NOEARN_UNEMP_WO_CONBEN,YES,YES,59
GBR,2025,ETRIWH,PTFTW33T67,MINW,C_C2,NOEARN_UNEMP_WO_CONBEN,YES,YES,60
USA,2023,ETRIWH,PTFTW33T67,MINW,C_C2,NOEARN_UNEMP_WO_CONBEN,YES,YES,12
USA,2024,ETRIWH,PTFTW33T67,MINW,C_C2,NOEARN_UNEMP_WO_CONBEN,YES,YES,2
USA,2025,ETRIWH,PTFTW33T67,MINW,C_C2,NOEARN_UNEMP_WO_CONBEN,YES,YES,0
OECD,2023,ETRIWH,PTFTW33T67,MINW,C_C2,NOEARN_UNEMP_WO_CONBEN,YES,YES,66
OECD,2024,ETRIWH,PTFTW33T67,MINW,C_C2,NOEARN_UNEMP_WO_CONBEN,YES,YES,66
OECD,2025,ETRIWH,PTFTW33T67,MINW,C_C2,NOEARN_UNEMP_WO_CONBEN,YES,YES,63
FRA,2023,ETRIWH,PTFTW50T66,MINW,C_C2,NOEARN_UNEMP_WO_CONBEN,YES,NO,32
FRA,2024,ETRIWH,PTFTW50T66,MINW,C_C2,NOEARN_UNEMP_WO_CONBEN,YES,NO,32
FRA,2025,ETRIWH,PTFTW50T66,MINW,C_C2,NOEARN_UNEMP_WO_CONBEN,YES,NO,32
DEU,2023,ETRIWH,PTFTW50T66,MINW,C_C2,NOEARN_UNEMP_WO_CONBEN,YES,NO,25
DEU,2024,ETRIWH,PTFTW50T66,MINW,C_C2,NOEARN_UNEMP_WO_CONBEN,YES,NO,55
DEU,2025,ETRIWH,PTFTW50T66,MINW,C_C2,NOEARN_UNEMP_WO_CONBEN,YES,NO,44
POL,2024,ETRIWH,PTFTW50T66,MINW,C_C2,NOEARN_UNEMP_WO_CONBEN,YES,NO,99
GBR,2023,ETRIWH,PTFTW50T66,MINW,C_C2,NOEARN_UNEMP_WO_CONBEN,YES,NO,60
GBR,2024,ETRIWH,PTFTW50T66,MINW,C_C2,NOEARN_UNEMP_WO_CONBEN,YES,NO,63
GBR,2025,ETRIWH,PTFTW50T66,MINW,C_C2,NOEARN_UNEMP_WO_CONBEN,YES,NO,65
USA,2023,ETRIWH,PTFTW50T66,MINW,C_C2,NOEARN_UNEMP_WO_CONBEN,YES,NO,12
USA,2024,ETRIWH,PTFTW50T66,MINW,C_C2,NOEARN_UNEMP_WO_CONBEN,YES,NO,2
USA,2025,ETRIWH,PTFTW50T66,MINW,C_C2,NOEARN_UNEMP_WO_CONBEN,YES,NO,2
OECD,2023,ETRIWH,PTFTW50T66,MINW,C_C2,NOEARN_UNEMP_WO_CONBEN,YES,NO,59
OECD,2024,ETRIWH,PTFTW50T66,MINW,C_C2,NOEARN_UNEMP_WO_CONBEN,YES,NO,62
OECD,2025,ETRIWH,PTFTW50T66,MINW,C_C2,NOEARN_UNEMP_WO_CONBEN,YES,NO,62
FRA,2023,ETRIWH,PTFTW50T66,MINW,C_C2,NOEARN_UNEMP_WO_CONBEN,YES,YES,48
FRA,2024,ETRIWH,PTFTW50T66,MINW,C_C2,NOEARN_UNEMP_WO_CONBEN,YES,YES,45
FRA,2025,ETRIWH,PTFTW50T66,MINW,C_C2,NOEARN_UNEMP_WO_CONBEN,YES,YES,45
DEU,2023,ETRIWH,PTFTW50T66,MINW,C_C2,NOEARN_UNEMP_WO_CONBEN,YES,YES,25
DEU,2024,ETRIWH,PTFTW50T66,MINW,C_C2,NOEARN_UNEMP_WO_CONBEN,YES,YES,43
DEU,2025,ETRIWH,PTFTW50T66,MINW,C_C2,NOEARN_UNEMP_WO_CONBEN,YES,YES,26
POL,2023,ETRIWH,PTFTW50T66,MINW,C_C2,NOEARN_UNEMP_WO_CONBEN,YES,YES,32
POL,2024,ETRIWH,PTFTW50T66,MINW,C_C2,NOEARN_UNEMP_WO_CONBEN,YES,YES,32
POL,2025,ETRIWH,PTFTW50T66,MINW,C_C2,NOEARN_UNEMP_WO_CONBEN,YES,YES,61
GBR,2023,ETRIWH,PTFTW50T66,MINW,C_C2,NOEARN_UNEMP_WO_CONBEN,YES,YES,60
GBR,2024,ETRIWH,PTFTW50T66,MINW,C_C2,NOEARN_UNEMP_WO_CONBEN,YES,YES,63
GBR,2025,ETRIWH,PTFTW50T66,MINW,C_C2,NOEARN_UNEMP_WO_CONBEN,YES,YES,65
USA,2023,ETRIWH,PTFTW50T66,MINW,C_C2,NOEARN_UNEMP_WO_CONBEN,YES,YES,12
USA,2024,ETRIWH,PTFTW50T66,MINW,C_C2,NOEARN_UNEMP_WO_CONBEN,YES,YES,2
USA,2025,ETRIWH,PTFTW50T66,MINW,C_C2,NOEARN_UNEMP_WO_CONBEN,YES,YES,2
OECD,2023,ETRIWH,PTFTW50T66,MINW,C_C2,NOEARN_UNEMP_WO_CONBEN,YES,YES,62
OECD,2024,ETRIWH,PTFTW50T66,MINW,C_C2,NOEARN_UNEMP_WO_CONBEN,YES,YES,66
OECD,2025,ETRIWH,PTFTW50T66,MINW,C_C2,NOEARN_UNEMP_WO_CONBEN,YES,YES,64
BEL,2023,ETRIWH,PTFTW67T100,MINW,C_C2,NOEARN_UNEMP_WO_CONBEN,NO,NO,2
BEL,2024,ETRIWH,PTFTW67T100,MINW,C_C2,NOEARN_UNEMP_WO_CONBEN,NO,NO,2
BEL,2025,ETRIWH,PTFTW67T100,MINW,C_C2,NOEARN_UNEMP_WO_CONBEN,NO,NO,2
FRA,2023,ETRIWH,PTFTW67T100,MINW,C_C2,NOEARN_UNEMP_WO_CONBEN,NO,NO,32
FRA,2024,ETRIWH,PTFTW67T100,MINW,C_C2,NOEARN_UNEMP_WO_CONBEN,NO,NO,32
FRA,2025,ETRIWH,PTFTW67T100,MINW,C_C2,NOEARN_UNEMP_WO_CONBEN,NO,NO,32
DEU,2023,ETRIWH,PTFTW67T100,MINW,C_C2,NOEARN_UNEMP_WO_CONBEN,NO,NO,24
DEU,2024,ETRIWH,PTFTW67T100,MINW,C_C2,NOEARN_UNEMP_WO_CONBEN,NO,NO,24
DEU,2025,ETRIWH,PTFTW67T100,MINW,C_C2,NOEARN_UNEMP_WO_CONBEN,NO,NO,25
NLD,2023,ETRIWH,PTFTW67T100,MINW,C_C2,NOEARN_UNEMP_WO_CONBEN,NO,NO,19
NLD,2024,ETRIWH,PTFTW67T100,MINW,C_C2,NOEARN_UNEMP_WO_CONBEN,NO,NO,18
POL,2023,ETRIWH,PTFTW67T100,MINW,C_C2,NOEARN_UNEMP_WO_CONBEN,NO,NO,21
POL,2024,ETRIWH,PTFTW67T100,MINW,C_C2,NOEARN_UNEMP_WO_CONBEN,NO,NO,37
POL,2025,ETRIWH,PTFTW67T100,MINW,C_C2,NOEARN_UNEMP_WO_CONBEN,NO,NO,36
ESP,2023,ETRIWH,PTFTW67T100,MINW,C_C2,NOEARN_UNEMP_WO_CONBEN,NO,NO,6
ESP,2024,ETRIWH,PTFTW67T100,MINW,C_C2,NOEARN_UNEMP_WO_CONBEN,NO,NO,6
ESP,2025,ETRIWH,PTFTW67T100,MINW,C_C2,NOEARN_UNEMP_WO_CONBEN,NO,NO,6
GBR,2023,ETRIWH,PTFTW67T100,MINW,C_C2,NOEARN_UNEMP_WO_CONBEN,NO,NO,69
GBR,2024,ETRIWH,PTFTW67T100,MINW,C_C2,NOEARN_UNEMP_WO_CONBEN,NO,NO,68
GBR,2025,ETRIWH,PTFTW67T100,MINW,C_C2,NOEARN_UNEMP_WO_CONBEN,NO,NO,68
USA,2023,ETRIWH,PTFTW67T100,MINW,C_C2,NOEARN_UNEMP_WO_CONBEN,NO,NO,-20
USA,2024,ETRIWH,PTFTW67T100,MINW,C_C2,NOEARN_UNEMP_WO_CONBEN,NO,NO,-27
USA,2025,ETRIWH,PTFTW67T100,MINW,C_C2,NOEARN_UNEMP_WO_CONBEN,NO,NO,-28
OECD,2025,ETRIWH,PTFTW67T100,MINW,C_C2,NOEARN_UNEMP_WO_CONBEN,NO,NO,24
BEL,2023,ETRIWH,PTFTW50T66,MINW,C_C2,NOEARN_UNEMP_WO_CONBEN,NO,NO,2
BEL,2024,ETRIWH,PTFTW50T66,MINW,C_C2,NOEARN_UNEMP_WO_CONBEN,NO,NO,2
BEL,2025,ETRIWH,PTFTW50T66,MINW,C_C2,NOEARN_UNEMP_WO_CONBEN,NO,NO,2
FRA,2023,ETRIWH,PTFTW50T66,MINW,C_C2,NOEARN_UNEMP_WO_CONBEN,NO,NO,32
FRA,2024,ETRIWH,PTFTW50T66,MINW,C_C2,NOEARN_UNEMP_WO_CONBEN,NO,NO,32
FRA,2025,ETRIWH,PTFTW50T66,MINW,C_C2,NOEARN_UNEMP_WO_CONBEN,NO,NO,32
DEU,2023,ETRIWH,PTFTW50T66,MINW,C_C2,NOEARN_UNEMP_WO_CONBEN,NO,NO,25
DEU,2024,ETRIWH,PTFTW50T66,MINW,C_C2,NOEARN_UNEMP_WO_CONBEN,NO,NO,25
DEU,2025,ETRIWH,PTFTW50T66,MINW,C_C2,NOEARN_UNEMP_WO_CONBEN,NO,NO,26
NLD,2023,ETRIWH,PTFTW50T66,MINW,C_C2,NOEARN_UNEMP_WO_CONBEN,NO,NO,9
NLD,2024,ETRIWH,PTFTW50T66,MINW,C_C2,NOEARN_UNEMP_WO_CONBEN,NO,NO,6
POL,2023,ETRIWH,PTFTW50T66,MINW,C_C2,NOEARN_UNEMP_WO_CONBEN,NO,NO,21
POL,2024,ETRIWH,PTFTW50T66,MINW,C_C2,NOEARN_UNEMP_WO_CONBEN,NO,NO,21
POL,2025,ETRIWH,PTFTW50T66,MINW,C_C2,NOEARN_UNEMP_WO_CONBEN,NO,NO,21
ESP,2023,ETRIWH,PTFTW50T66,MINW,C_C2,NOEARN_UNEMP_WO_CONBEN,NO,NO,6
ESP,2024,ETRIWH,PTFTW50T66,MINW,C_C2,NOEARN_UNEMP_WO_CONBEN,NO,NO,6
ESP,2025,ETRIWH,PTFTW50T66,MINW,C_C2,NOEARN_UNEMP_WO_CONBEN,NO,NO,6
GBR,2023,ETRIWH,PTFTW50T66,MINW,C_C2,NOEARN_UNEMP_WO_CONBEN,NO,NO,60
GBR,2024,ETRIWH,PTFTW50T66,MINW,C_C2,NOEARN_UNEMP_WO_CONBEN,NO,NO,63
GBR,2025,ETRIWH,PTFTW50T66,MINW,C_C2,NOEARN_UNEMP_WO_CONBEN,NO,NO,65
USA,2023,ETRIWH,PTFTW50T66,MINW,C_C2,NOEARN_UNEMP_WO_CONBEN,NO,NO,-47
USA,2024,ETRIWH,PTFTW50T66,MINW,C_C2,NOEARN_UNEMP_WO_CONBEN,NO,NO,-57
USA,2025,ETRIWH,PTFTW50T66,MINW,C_C2,NOEARN_UNEMP_WO_CONBEN,NO,NO,-57
OECD,2023,ETRIWH,PTFTW50T66,MINW,C_C2,NOEARN_UNEMP_WO_CONBEN,NO,NO,20
OECD,2024,ETRIWH,PTFTW50T66,MINW,C_C2,NOEARN_UNEMP_WO_CONBEN,NO,NO,20
OECD,2025,ETRIWH,PTFTW50T66,MINW,C_C2,NOEARN_UNEMP_WO_CONBEN,NO,NO,19
BEL,2023,ETRIWH,PTFTW50T100,MINW,C_C2,NOEARN_UNEMP_WO_CONBEN,NO,NO,2
BEL,2024,ETRIWH,PTFTW50T100,MINW,C_C2,NOEARN_UNEMP_WO_CONBEN,NO,NO,2
BEL,2025,ETRIWH,PTFTW50T100,MINW,C_C2,NOEARN_UNEMP_WO_CONBEN,NO,NO,2
FRA,2023,ETRIWH,PTFTW50T100,MINW,C_C2,NOEARN_UNEMP_WO_CONBEN,NO,NO,32
FRA,2024,ETRIWH,PTFTW50T100,MINW,C_C2,NOEARN_UNEMP_WO_CONBEN,NO,NO,32
FRA,2025,ETRIWH,PTFTW50T100,MINW,C_C2,NOEARN_UNEMP_WO_CONBEN,NO,NO,32
DEU,2023,ETRIWH,PTFTW50T100,MINW,C_C2,NOEARN_UNEMP_WO_CONBEN,NO,NO,24
DEU,2024,ETRIWH,PTFTW50T100,MINW,C_C2,NOEARN_UNEMP_WO_CONBEN,NO,NO,25
DEU,2025,ETRIWH,PTFTW50T100,MINW,C_C2,NOEARN_UNEMP_WO_CONBEN,NO,NO,25
NLD,2023,ETRIWH,PTFTW50T100,MINW,C_C2,NOEARN_UNEMP_WO_CONBEN,NO,NO,16
NLD,2024,ETRIWH,PTFTW50T100,MINW,C_C2,NOEARN_UNEMP_WO_CONBEN,NO,NO,14
POL,2023,ETRIWH,PTFTW50T100,MINW,C_C2,NOEARN_UNEMP_WO_CONBEN,NO,NO,21
POL,2024,ETRIWH,PTFTW50T100,MINW,C_C2,NOEARN_UNEMP_WO_CONBEN,NO,NO,32
POL,2025,ETRIWH,PTFTW50T100,MINW,C_C2,NOEARN_UNEMP_WO_CONBEN,NO,NO,31
ESP,2023,ETRIWH,PTFTW50T100,MINW,C_C2,NOEARN_UNEMP_WO_CONBEN,NO,NO,6
ESP,2024,ETRIWH,PTFTW50T100,MINW,C_C2,NOEARN_UNEMP_WO_CONBEN,NO,NO,6
ESP,2025,ETRIWH,PTFTW50T100,MINW,C_C2,NOEARN_UNEMP_WO_CONBEN,NO,NO,6
GBR,2023,ETRIWH,PTFTW50T100,MINW,C_C2,NOEARN_UNEMP_WO_CONBEN,NO,NO,66
GBR,2024,ETRIWH,PTFTW50T100,MINW,C_C2,NOEARN_UNEMP_WO_CONBEN,NO,NO,66
GBR,2025,ETRIWH,PTFTW50T100,MINW,C_C2,NOEARN_UNEMP_WO_CONBEN,NO,NO,67
USA,2023,ETRIWH,PTFTW50T100,MINW,C_C2,NOEARN_UNEMP_WO_CONBEN,NO,NO,-29
USA,2024,ETRIWH,PTFTW50T100,MINW,C_C2,NOEARN_UNEMP_WO_CONBEN,NO,NO,-37
USA,2025,ETRIWH,PTFTW50T100,MINW,C_C2,NOEARN_UNEMP_WO_CONBEN,NO,NO,-38
OECD,2023,ETRIWH,PTFTW50T100,MINW,C_C2,NOEARN_UNEMP_WO_CONBEN,NO,NO,21
OECD,2024,ETRIWH,PTFTW50T100,MINW,C_C2,NOEARN_UNEMP_WO_CONBEN,NO,NO,21
BEL,2023,ETRIWH,PTFTW33T67,MINW,C_C2,NOEARN_UNEMP_WO_CONBEN,NO,NO,2
BEL,2024,ETRIWH,PTFTW33T67,MINW,C_C2,NOEARN_UNEMP_WO_CONBEN,NO,NO,2
BEL,2025,ETRIWH,PTFTW33T67,MINW,C_C2,NOEARN_UNEMP_WO_CONBEN,NO,NO,2
FRA,2023,ETRIWH,PTFTW33T67,MINW,C_C2,NOEARN_UNEMP_WO_CONBEN,NO,NO,41
FRA,2024,ETRIWH,PTFTW33T67,MINW,C_C2,NOEARN_UNEMP_WO_CONBEN,NO,NO,42
FRA,2025,ETRIWH,PTFTW33T67,MINW,C_C2,NOEARN_UNEMP_WO_CONBEN,NO,NO,41
DEU,2023,ETRIWH,PTFTW33T67,MINW,C_C2,NOEARN_UNEMP_WO_CONBEN,NO,NO,25
DEU,2024,ETRIWH,PTFTW33T67,MINW,C_C2,NOEARN_UNEMP_WO_CONBEN,NO,NO,25
DEU,2025,ETRIWH,PTFTW33T67,MINW,C_C2,NOEARN_UNEMP_WO_CONBEN,NO,NO,26
NLD,2023,ETRIWH,PTFTW33T67,MINW,C_C2,NOEARN_UNEMP_WO_CONBEN,NO,NO,6
NLD,2024,ETRIWH,PTFTW33T67,MINW,C_C2,NOEARN_UNEMP_WO_CONBEN,NO,NO,3
POL,2023,ETRIWH,PTFTW33T67,MINW,C_C2,NOEARN_UNEMP_WO_CONBEN,NO,NO,21
POL,2024,ETRIWH,PTFTW33T67,MINW,C_C2,NOEARN_UNEMP_WO_CONBEN,NO,NO,21
POL,2025,ETRIWH,PTFTW33T67,MINW,C_C2,NOEARN_UNEMP_WO_CONBEN,NO,NO,21
ESP,2023,ETRIWH,PTFTW33T67,MINW,C_C2,NOEARN_UNEMP_WO_CONBEN,NO,NO,6
ESP,2024,ETRIWH,PTFTW33T67,MINW,C_C2,NOEARN_UNEMP_WO_CONBEN,NO,NO,6
ESP,2025,ETRIWH,PTFTW33T67,MINW,C_C2,NOEARN_UNEMP_WO_CONBEN,NO,NO,6
GBR,2023,ETRIWH,PTFTW33T67,MINW,C_C2,NOEARN_UNEMP_WO_CONBEN,NO,NO,57
GBR,2024,ETRIWH,PTFTW33T67,MINW,C_C2,NOEARN_UNEMP_WO_CONBEN,NO,NO,57
GBR,2025,ETRIWH,PTFTW33T67,MINW,C_C2,NOEARN_UNEMP_WO_CONBEN,NO,NO,60
USA,2023,ETRIWH,PTFTW33T67,MINW,C_C2,NOEARN_UNEMP_WO_CONBEN,NO,NO,-47
USA,2024,ETRIWH,PTFTW33T67,MINW,C_C2,NOEARN_UNEMP_WO_CONBEN,NO,NO,-57
USA,2025,ETRIWH,PTFTW33T67,MINW,C_C2,NOEARN_UNEMP_WO_CONBEN,NO,NO,-57
OECD,2023,ETRIWH,PTFTW33T67,MINW,C_C2,NOEARN_UNEMP_WO_CONBEN,NO,NO,9
OECD,2024,ETRIWH,PTFTW33T67,MINW,C_C2,NOEARN_UNEMP_WO_CONBEN,NO,NO,9
OECD,2025,ETRIWH,PTFTW33T67,MINW,C_C2,NOEARN_UNEMP_WO_CONBEN,NO,NO,9
BEL,2023,ETRIWH,PTFTW50T66,MINW,C_C2,NOEARN_UNEMP_WO_CONBEN,NO,YES,2
BEL,2024,ETRIWH,PTFTW50T66,MINW,C_C2,NOEARN_UNEMP_WO_CONBEN,NO,YES,2
BEL,2025,ETRIWH,PTFTW50T66,MINW,C_C2,NOEARN_UNEMP_WO_CONBEN,NO,YES,2
FRA,2023,ETRIWH,PTFTW50T66,MINW,C_C2,NOEARN_UNEMP_WO_CONBEN,NO,YES,48
FRA,2024,ETRIWH,PTFTW50T66,MINW,C_C2,NOEARN_UNEMP_WO_CONBEN,NO,YES,45
FRA,2025,ETRIWH,PTFTW50T66,MINW,C_C2,NOEARN_UNEMP_WO_CONBEN,NO,YES,45
DEU,2023,ETRIWH,PTFTW50T66,MINW,C_C2,NOEARN_UNEMP_WO_CONBEN,NO,YES,25
DEU,2024,ETRIWH,PTFTW50T66,MINW,C_C2,NOEARN_UNEMP_WO_CONBEN,NO,YES,32
DEU,2025,ETRIWH,PTFTW50T66,MINW,C_C2,NOEARN_UNEMP_WO_CONBEN,NO,YES,26
NLD,2023,ETRIWH,PTFTW50T66,MINW,C_C2,NOEARN_UNEMP_WO_CONBEN,NO,YES,9
NLD,2024,ETRIWH,PTFTW50T66,MINW,C_C2,NOEARN_UNEMP_WO_CONBEN,NO,YES,6
POL,2023,ETRIWH,PTFTW50T66,MINW,C_C2,NOEARN_UNEMP_WO_CONBEN,NO,YES,32
POL,2024,ETRIWH,PTFTW50T66,MINW,C_C2,NOEARN_UNEMP_WO_CONBEN,NO,YES,32
POL,2025,ETRIWH,PTFTW50T66,MINW,C_C2,NOEARN_UNEMP_WO_CONBEN,NO,YES,32
ESP,2023,ETRIWH,PTFTW50T66,MINW,C_C2,NOEARN_UNEMP_WO_CONBEN,NO,YES,6
ESP,2024,ETRIWH,PTFTW50T66,MINW,C_C2,NOEARN_UNEMP_WO_CONBEN,NO,YES,6
ESP,2025,ETRIWH,PTFTW50T66,MINW,C_C2,NOEARN_UNEMP_WO_CONBEN,NO,YES,6
GBR,2023,ETRIWH,PTFTW50T66,MINW,C_C2,NOEARN_UNEMP_WO_CONBEN,NO,YES,60
GBR,2024,ETRIWH,PTFTW50T66,MINW,C_C2,NOEARN_UNEMP_WO_CONBEN,NO,YES,63
GBR,2025,ETRIWH,PTFTW50T66,MINW,C_C2,NOEARN_UNEMP_WO_CONBEN,NO,YES,65
USA,2023,ETRIWH,PTFTW50T66,MINW,C_C2,NOEARN_UNEMP_WO_CONBEN,NO,YES,-47
USA,2024,ETRIWH,PTFTW50T66,MINW,C_C2,NOEARN_UNEMP_WO_CONBEN,NO,YES,-57
USA,2025,ETRIWH,PTFTW50T66,MINW,C_C2,NOEARN_UNEMP_WO_CONBEN,NO,YES,-57
OECD,2024,ETRIWH,PTFTW50T66,MINW,C_C2,NOEARN_UNEMP_WO_CONBEN,NO,YES,20
OECD,2025,ETRIWH,PTFTW50T66,MINW,C_C2,NOEARN_UNEMP_WO_CONBEN,NO,YES,20
BEL,2023,ETRIWH,PTFTW33T67,MINW,C_C2,NOEARN_UNEMP_WO_CONBEN,NO,YES,2
BEL,2024,ETRIWH,PTFTW33T67,MINW,C_C2,NOEARN_UNEMP_WO_CONBEN,NO,YES,2
BEL,2025,ETRIWH,PTFTW33T67,MINW,C_C2,NOEARN_UNEMP_WO_CONBEN,NO,YES,2
FRA,2023,ETRIWH,PTFTW33T67,MINW,C_C2,NOEARN_UNEMP_WO_CONBEN,NO,YES,49
FRA,2024,ETRIWH,PTFTW33T67,MINW,C_C2,NOEARN_UNEMP_WO_CONBEN,NO,YES,48
FRA,2025,ETRIWH,PTFTW33T67,MINW,C_C2,NOEARN_UNEMP_WO_CONBEN,NO,YES,48
DEU,2023,ETRIWH,PTFTW33T67,MINW,C_C2,NOEARN_UNEMP_WO_CONBEN,NO,YES,25
DEU,2024,ETRIWH,PTFTW33T67,MINW,C_C2,NOEARN_UNEMP_WO_CONBEN,NO,YES,28
DEU,2025,ETRIWH,PTFTW33T67,MINW,C_C2,NOEARN_UNEMP_WO_CONBEN,NO,YES,26
NLD,2023,ETRIWH,PTFTW33T67,MINW,C_C2,NOEARN_UNEMP_WO_CONBEN,NO,YES,6
NLD,2024,ETRIWH,PTFTW33T67,MINW,C_C2,NOEARN_UNEMP_WO_CONBEN,NO,YES,3
POL,2023,ETRIWH,PTFTW33T67,MINW,C_C2,NOEARN_UNEMP_WO_CONBEN,NO,YES,32
POL,2024,ETRIWH,PTFTW33T67,MINW,C_C2,NOEARN_UNEMP_WO_CONBEN,NO,YES,32
POL,2025,ETRIWH,PTFTW33T67,MINW,C_C2,NOEARN_UNEMP_WO_CONBEN,NO,YES,32
ESP,2023,ETRIWH,PTFTW33T67,MINW,C_C2,NOEARN_UNEMP_WO_CONBEN,NO,YES,6
ESP,2024,ETRIWH,PTFTW33T67,MINW,C_C2,NOEARN_UNEMP_WO_CONBEN,NO,YES,6
ESP,2025,ETRIWH,PTFTW33T67,MINW,C_C2,NOEARN_UNEMP_WO_CONBEN,NO,YES,6
GBR,2023,ETRIWH,PTFTW33T67,MINW,C_C2,NOEARN_UNEMP_WO_CONBEN,NO,YES,57
GBR,2024,ETRIWH,PTFTW33T67,MINW,C_C2,NOEARN_UNEMP_WO_CONBEN,NO,YES,59
GBR,2025,ETRIWH,PTFTW33T67,MINW,C_C2,NOEARN_UNEMP_WO_CONBEN,NO,YES,60
USA,2023,ETRIWH,PTFTW33T67,MINW,C_C2,NOEARN_UNEMP_WO_CONBEN,NO,YES,-47
USA,2024,ETRIWH,PTFTW33T67,MINW,C_C2,NOEARN_UNEMP_WO_CONBEN,NO,YES,-57
USA,2025,ETRIWH,PTFTW33T67,MINW,C_C2,NOEARN_UNEMP_WO_CONBEN,NO,YES,-57
BEL,2023,ETRIWH,PTFTW67T100,MINW,C_C2,NOEARN_UNEMP_WO_CONBEN,NO,YES,2
BEL,2024,ETRIWH,PTFTW67T100,MINW,C_C2,NOEARN_UNEMP_WO_CONBEN,NO,YES,2
BEL,2025,ETRIWH,PTFTW67T100,MINW,C_C2,NOEARN_UNEMP_WO_CONBEN,NO,YES,2
FRA,2023,ETRIWH,PTFTW67T100,MINW,C_C2,NOEARN_UNEMP_WO_CONBEN,NO,YES,56
FRA,2024,ETRIWH,PTFTW67T100,MINW,C_C2,NOEARN_UNEMP_WO_CONBEN,NO,YES,56
FRA,2025,ETRIWH,PTFTW67T100,MINW,C_C2,NOEARN_UNEMP_WO_CONBEN,NO,YES,56
DEU,2023,ETRIWH,PTFTW67T100,MINW,C_C2,NOEARN_UNEMP_WO_CONBEN,NO,YES,43
DEU,2024,ETRIWH,PTFTW67T100,MINW,C_C2,NOEARN_UNEMP_WO_CONBEN,NO,YES,52
DEU,2025,ETRIWH,PTFTW67T100,MINW,C_C2,NOEARN_UNEMP_WO_CONBEN,NO,YES,51
NLD,2023,ETRIWH,PTFTW67T100,MINW,C_C2,NOEARN_UNEMP_WO_CONBEN,NO,YES,19
NLD,2024,ETRIWH,PTFTW67T100,MINW,C_C2,NOEARN_UNEMP_WO_CONBEN,NO,YES,18
POL,2023,ETRIWH,PTFTW67T100,MINW,C_C2,NOEARN_UNEMP_WO_CONBEN,NO,YES,32
POL,2024,ETRIWH,PTFTW67T100,MINW,C_C2,NOEARN_UNEMP_WO_CONBEN,NO,YES,46
POL,2025,ETRIWH,PTFTW67T100,MINW,C_C2,NOEARN_UNEMP_WO_CONBEN,NO,YES,44
ESP,2023,ETRIWH,PTFTW67T100,MINW,C_C2,NOEARN_UNEMP_WO_CONBEN,NO,YES,6
ESP,2024,ETRIWH,PTFTW67T100,MINW,C_C2,NOEARN_UNEMP_WO_CONBEN,NO,YES,8
ESP,2025,ETRIWH,PTFTW67T100,MINW,C_C2,NOEARN_UNEMP_WO_CONBEN,NO,YES,13
GBR,2023,ETRIWH,PTFTW67T100,MINW,C_C2,NOEARN_UNEMP_WO_CONBEN,NO,YES,69
GBR,2024,ETRIWH,PTFTW67T100,MINW,C_C2,NOEARN_UNEMP_WO_CONBEN,NO,YES,68
GBR,2025,ETRIWH,PTFTW67T100,MINW,C_C2,NOEARN_UNEMP_WO_CONBEN,NO,YES,68
USA,2023,ETRIWH,PTFTW67T100,MINW,C_C2,NOEARN_UNEMP_WO_CONBEN,NO,YES,-20
USA,2024,ETRIWH,PTFTW67T100,MINW,C_C2,NOEARN_UNEMP_WO_CONBEN,NO,YES,-27
USA,2025,ETRIWH,PTFTW67T100,MINW,C_C2,NOEARN_UNEMP_WO_CONBEN,NO,YES,-28
OECD,2023,ETRIWH,PTFTW67T100,MINW,C_C2,NOEARN_UNEMP_WO_CONBEN,NO,YES,25
OECD,2024,ETRIWH,PTFTW67T100,MINW,C_C2,NOEARN_UNEMP_WO_CONBEN,NO,YES,27
OECD,2025,ETRIWH,PTFTW67T100,MINW,C_C2,NOEARN_UNEMP_WO_CONBEN,NO,YES,29
BEL,2023,ETRIWH,PTFTW50T100,MINW,C_C2,NOEARN_UNEMP_WO_CONBEN,NO,YES,2
BEL,2024,ETRIWH,PTFTW50T100,MINW,C_C2,NOEARN_UNEMP_WO_CONBEN,NO,YES,2
BEL,2025,ETRIWH,PTFTW50T100,MINW,C_C2,NOEARN_UNEMP_WO_CONBEN,NO,YES,2
FRA,2023,ETRIWH,PTFTW50T100,MINW,C_C2,NOEARN_UNEMP_WO_CONBEN,NO,YES,53
FRA,2024,ETRIWH,PTFTW50T100,MINW,C_C2,NOEARN_UNEMP_WO_CONBEN,NO,YES,53
FRA,2025,ETRIWH,PTFTW50T100,MINW,C_C2,NOEARN_UNEMP_WO_CONBEN,NO,YES,52
DEU,2023,ETRIWH,PTFTW50T100,MINW,C_C2,NOEARN_UNEMP_WO_CONBEN,NO,YES,37
DEU,2024,ETRIWH,PTFTW50T100,MINW,C_C2,NOEARN_UNEMP_WO_CONBEN,NO,YES,45
DEU,2025,ETRIWH,PTFTW50T100,MINW,C_C2,NOEARN_UNEMP_WO_CONBEN,NO,YES,43
NLD,2023,ETRIWH,PTFTW50T100,MINW,C_C2,NOEARN_UNEMP_WO_CONBEN,NO,YES,16
NLD,2024,ETRIWH,PTFTW50T100,MINW,C_C2,NOEARN_UNEMP_WO_CONBEN,NO,YES,14
POL,2023,ETRIWH,PTFTW50T100,MINW,C_C2,NOEARN_UNEMP_WO_CONBEN,NO,YES,32
POL,2024,ETRIWH,PTFTW50T100,MINW,C_C2,NOEARN_UNEMP_WO_CONBEN,NO,YES,41
POL,2025,ETRIWH,PTFTW50T100,MINW,C_C2,NOEARN_UNEMP_WO_CONBEN,NO,YES,40
ESP,2023,ETRIWH,PTFTW50T100,MINW,C_C2,NOEARN_UNEMP_WO_CONBEN,NO,YES,6
ESP,2024,ETRIWH,PTFTW50T100,MINW,C_C2,NOEARN_UNEMP_WO_CONBEN,NO,YES,7
GBR,2023,ETRIWH,PTFTW50T100,MINW,C_C2,NOEARN_UNEMP_WO_CONBEN,NO,YES,66
GBR,2024,ETRIWH,PTFTW50T100,MINW,C_C2,NOEARN_UNEMP_WO_CONBEN,NO,YES,66
GBR,2025,ETRIWH,PTFTW50T100,MINW,C_C2,NOEARN_UNEMP_WO_CONBEN,NO,YES,67
USA,2023,ETRIWH,PTFTW50T100,MINW,C_C2,NOEARN_UNEMP_WO_CONBEN,NO,YES,-29
USA,2024,ETRIWH,PTFTW50T100,MINW,C_C2,NOEARN_UNEMP_WO_CONBEN,NO,YES,-37
USA,2025,ETRIWH,PTFTW50T100,MINW,C_C2,NOEARN_UNEMP_WO_CONBEN,NO,YES,-38
OECD,2023,ETRIWH,PTFTW50T100,MINW,C_C2,NOEARN_UNEMP_WO_CONBEN,NO,YES,24
OECD,2024,ETRIWH,PTFTW50T100,MINW,C_C2,NOEARN_UNEMP_WO_CONBEN,NO,YES,25
OECD,2025,ETRIWH,PTFTW50T100,MINW,C_C2,NOEARN_UNEMP_WO_CONBEN,NO,YES,26
OECD,2023,ETRIWH,PTFTW67T100,MINW,C_C2,NOEARN_UNEMP_WO_CONBEN,NO,NO,22
OECD,2023,ETRIWH,PTFTW50T66,MINW,C_C2,NOEARN_UNEMP_WO_CONBEN,NO,YES,22
OECD,2024,ETRIWH,PTFTW67T100,MINW,C_C2,NOEARN_UNEMP_WO_CONBEN,NO,NO,22
OECD,2025,ETRIWH,PTFTW50T100,MINW,C_C2,NOEARN_UNEMP_WO_CONBEN,NO,NO,22
ESP,2025,ETRIWH,PTFTW50T100,MINW,C_C2,NOEARN_UNEMP_WO_CONBEN,NO,YES,11
OECD,2023,ETRIWH,PTFTW33T67,MINW,C_C2,NOEARN_UNEMP_WO_CONBEN,NO,YES,11
OECD,2024,ETRIWH,PTFTW33T67,MINW,C_C2,NOEARN_UNEMP_WO_CONBEN,NO,YES,11
OECD,2025,ETRIWH,PTFTW33T67,MINW,C_C2,NOEARN_UNEMP_WO_CONBEN,NO,YES,11
BEL,2023,ETRIWH,PTFTW33T67,MINW,C_C2,NOEARN_UNEMP_WO_CONBEN,YES,NO,100
BEL,2023,ETRIWH,PTFTW50T66,MINW,C_C2,NOEARN_UNEMP_WO_CONBEN,YES,YES,100
BEL,2023,ETRIWH,PTFTW50T66,MINW,C_C2,NOEARN_UNEMP_WO_CONBEN,YES,NO,100
BEL,2023,ETRIWH,PTFTW33T67,MINW,C_C2,NOEARN_UNEMP_WO_CONBEN,YES,YES,100
BEL,2024,ETRIWH,PTFTW33T67,MINW,C_C2,NOEARN_UNEMP_WO_CONBEN,YES,YES,100
BEL,2024,ETRIWH,PTFTW50T66,MINW,C_C2,NOEARN_UNEMP_WO_CONBEN,YES,NO,100
BEL,2024,ETRIWH,PTFTW50T66,MINW,C_C2,NOEARN_UNEMP_WO_CONBEN,YES,YES,100
BEL,2024,ETRIWH,PTFTW33T67,MINW,C_C2,NOEARN_UNEMP_WO_CONBEN,YES,NO,100
BEL,2025,ETRIWH,PTFTW33T67,MINW,C_C2,NOEARN_UNEMP_WO_CONBEN,YES,NO,100
BEL,2025,ETRIWH,PTFTW50T66,MINW,C_C2,NOEARN_UNEMP_WO_CONBEN,YES,YES,100
BEL,2025,ETRIWH,PTFTW50T66,MINW,C_C2,NOEARN_UNEMP_WO_CONBEN,YES,NO,100
BEL,2025,ETRIWH,PTFTW33T67,MINW,C_C2,NOEARN_UNEMP_WO_CONBEN,YES,YES,100
NLD,2023,ETRIWH,PTFTW50T66,MINW,C_C2,NOEARN_UNEMP_WO_CONBEN,YES,YES,100
NLD,2023,ETRIWH,PTFTW33T67,MINW,C_C2,NOEARN_UNEMP_WO_CONBEN,YES,NO,100
NLD,2023,ETRIWH,PTFTW50T66,MINW,C_C2,NOEARN_UNEMP_WO_CONBEN,YES,NO,100
NLD,2023,ETRIWH,PTFTW33T67,MINW,C_C2,NOEARN_UNEMP_WO_CONBEN,YES,YES,100
NLD,2024,ETRIWH,PTFTW33T67,MINW,C_C2,NOEARN_UNEMP_WO_CONBEN,YES,YES,100
NLD,2024,ETRIWH,PTFTW50T66,MINW,C_C2,NOEARN_UNEMP_WO_CONBEN,YES,NO,100
NLD,2024,ETRIWH,PTFTW33T67,MINW,C_C2,NOEARN_UNEMP_WO_CONBEN,YES,NO,100
NLD,2024,ETRIWH,PTFTW50T66,MINW,C_C2,NOEARN_UNEMP_WO_CONBEN,YES,YES,100
ESP,2023,ETRIWH,PTFTW33T67,MINW,C_C2,NOEARN_UNEMP_WO_CONBEN,YES,YES,100
ESP,2023,ETRIWH,PTFTW50T66,MINW,C_C2,NOEARN_UNEMP_WO_CONBEN,YES,NO,100
ESP,2023,ETRIWH,PTFTW33T67,MINW,C_C2,NOEARN_UNEMP_WO_CONBEN,YES,NO,100
ESP,2023,ETRIWH,PTFTW50T66,MINW,C_C2,NOEARN_UNEMP_WO_CONBEN,YES,YES,100
ESP,2024,ETRIWH,PTFTW50T66,MINW,C_C2,NOEARN_UNEMP_WO_CONBEN,YES,YES,100
ESP,2024,ETRIWH,PTFTW33T67,MINW,C_C2,NOEARN_UNEMP_WO_CONBEN,YES,NO,100
ESP,2024,ETRIWH,PTFTW50T66,MINW,C_C2,NOEARN_UNEMP_WO_CONBEN,YES,NO,100
ESP,2024,ETRIWH,PTFTW33T67,MINW,C_C2,NOEARN_UNEMP_WO_CONBEN,YES,YES,100
ESP,2025,ETRIWH,PTFTW33T67,MINW,C_C2,NOEARN_UNEMP_WO_CONBEN,YES,YES,100
ESP,2025,ETRIWH,PTFTW50T66,MINW,C_C2,NOEARN_UNEMP_WO_CONBEN,YES,NO,100
ESP,2025,ETRIWH,PTFTW33T67,MINW,C_C2,NOEARN_UNEMP_WO_CONBEN,YES,NO,100
ESP,2025,ETRIWH,PTFTW50T66,MINW,C_C2,NOEARN_UNEMP_WO_CONBEN,YES,YES,100
POL,2023,ETRIWH,PTFTW50T66,MINW,C_C2,NOEARN_UNEMP_WO_CONBEN,YES,NO,100
POL,2023,ETRIWH,PTFTW33T67,MINW,C_C2,NOEARN_UNEMP_WO_CONBEN,YES,NO,100
POL,2024,ETRIWH,PTFTW33T67,MINW,C_C2,NOEARN_UNEMP_WO_CONBEN,YES,NO,100
POL,2025,ETRIWH,PTFTW50T66,MINW,C_C2,NOEARN_UNEMP_WO_CONBEN,YES,NO,100
POL,2025,ETRIWH,PTFTW33T67,MINW,C_C2,NOEARN_UNEMP_WO_CONBEN,YES,NO,100
BEL,2023,ETRIWH,PTFTW33T67,MINW,C_C2,AW100,NO,NO,36
BEL,2024,ETRIWH,PTFTW33T67,MINW,C_C2,AW100,NO,NO,36
BEL,2025,ETRIWH,PTFTW33T67,MINW,C_C2,AW100,NO,NO,35
FRA,2023,ETRIWH,PTFTW33T67,MINW,C_C2,AW100,NO,NO,24
FRA,2024,ETRIWH,PTFTW33T67,MINW,C_C2,AW100,NO,NO,23
FRA,2025,ETRIWH,PTFTW33T67,MINW,C_C2,AW100,NO,NO,23
DEU,2023,ETRIWH,PTFTW33T67,MINW,C_C2,AW100,NO,NO,47
DEU,2024,ETRIWH,PTFTW33T67,MINW,C_C2,AW100,NO,NO,47
DEU,2025,ETRIWH,PTFTW33T67,MINW,C_C2,AW100,NO,NO,48
NLD,2023,ETRIWH,PTFTW33T67,MINW,C_C2,AW100,NO,NO,8
NLD,2024,ETRIWH,PTFTW33T67,MINW,C_C2,AW100,NO,NO,7
POL,2023,ETRIWH,PTFTW33T67,MINW,C_C2,AW100,NO,NO,32
POL,2024,ETRIWH,PTFTW33T67,MINW,C_C2,AW100,NO,NO,32
POL,2025,ETRIWH,PTFTW33T67,MINW,C_C2,AW100,NO,NO,32
ESP,2023,ETRIWH,PTFTW33T67,MINW,C_C2,AW100,NO,NO,9
ESP,2024,ETRIWH,PTFTW33T67,MINW,C_C2,AW100,NO,NO,7
ESP,2025,ETRIWH,PTFTW33T67,MINW,C_C2,AW100,NO,NO,6
GBR,2023,ETRIWH,PTFTW33T67,MINW,C_C2,AW100,NO,NO,12
GBR,2024,ETRIWH,PTFTW33T67,MINW,C_C2,AW100,NO,NO,12
GBR,2025,ETRIWH,PTFTW33T67,MINW,C_C2,AW100,NO,NO,14
USA,2023,ETRIWH,PTFTW33T67,MINW,C_C2,AW100,NO,NO,26
USA,2024,ETRIWH,PTFTW33T67,MINW,C_C2,AW100,NO,NO,26
USA,2025,ETRIWH,PTFTW33T67,MINW,C_C2,AW100,NO,NO,26
OECD,2023,ETRIWH,PTFTW33T67,MINW,C_C2,AW100,NO,NO,25
OECD,2024,ETRIWH,PTFTW33T67,MINW,C_C2,AW100,NO,NO,24
OECD,2025,ETRIWH,PTFTW33T67,MINW,C_C2,AW100,NO,NO,26
BEL,2023,ETRIWH,PTFTW33T67,MINW,C_C2,AW100,NO,YES,36
BEL,2024,ETRIWH,PTFTW33T67,MINW,C_C2,AW100,NO,YES,36
BEL,2025,ETRIWH,PTFTW33T67,MINW,C_C2,AW100,NO,YES,35
FRA,2023,ETRIWH,PTFTW33T67,MINW,C_C2,AW100,NO,YES,24
FRA,2024,ETRIWH,PTFTW33T67,MINW,C_C2,AW100,NO,YES,23
FRA,2025,ETRIWH,PTFTW33T67,MINW,C_C2,AW100,NO,YES,23
DEU,2023,ETRIWH,PTFTW33T67,MINW,C_C2,AW100,NO,YES,47
DEU,2024,ETRIWH,PTFTW33T67,MINW,C_C2,AW100,NO,YES,47
DEU,2025,ETRIWH,PTFTW33T67,MINW,C_C2,AW100,NO,YES,48
NLD,2023,ETRIWH,PTFTW33T67,MINW,C_C2,AW100,NO,YES,8
NLD,2024,ETRIWH,PTFTW33T67,MINW,C_C2,AW100,NO,YES,7
POL,2023,ETRIWH,PTFTW33T67,MINW,C_C2,AW100,NO,YES,32
POL,2024,ETRIWH,PTFTW33T67,MINW,C_C2,AW100,NO,YES,32
POL,2025,ETRIWH,PTFTW33T67,MINW,C_C2,AW100,NO,YES,33
ESP,2023,ETRIWH,PTFTW33T67,MINW,C_C2,AW100,NO,YES,9
ESP,2024,ETRIWH,PTFTW33T67,MINW,C_C2,AW100,NO,YES,7
ESP,2025,ETRIWH,PTFTW33T67,MINW,C_C2,AW100,NO,YES,6
GBR,2023,ETRIWH,PTFTW33T67,MINW,C_C2,AW100,NO,YES,14
GBR,2024,ETRIWH,PTFTW33T67,MINW,C_C2,AW100,NO,YES,20
GBR,2025,ETRIWH,PTFTW33T67,MINW,C_C2,AW100,NO,YES,19
USA,2023,ETRIWH,PTFTW33T67,MINW,C_C2,AW100,NO,YES,26
USA,2024,ETRIWH,PTFTW33T67,MINW,C_C2,AW100,NO,YES,26
USA,2025,ETRIWH,PTFTW33T67,MINW,C_C2,AW100,NO,YES,26
OECD,2023,ETRIWH,PTFTW33T67,MINW,C_C2,AW100,NO,YES,26
OECD,2024,ETRIWH,PTFTW33T67,MINW,C_C2,AW100,NO,YES,27
OECD,2025,ETRIWH,PTFTW33T67,MINW,C_C2,AW100,NO,YES,31
BEL,2023,ETRIWH,PTFTW33T67,MINW,C_C2,AW100,YES,NO,36
BEL,2024,ETRIWH,PTFTW33T67,MINW,C_C2,AW100,YES,NO,36
BEL,2025,ETRIWH,PTFTW33T67,MINW,C_C2,AW100,YES,NO,35
FRA,2023,ETRIWH,PTFTW33T67,MINW,C_C2,AW100,YES,NO,24
FRA,2024,ETRIWH,PTFTW33T67,MINW,C_C2,AW100,YES,NO,23
FRA,2025,ETRIWH,PTFTW33T67,MINW,C_C2,AW100,YES,NO,23
DEU,2023,ETRIWH,PTFTW33T67,MINW,C_C2,AW100,YES,NO,47
DEU,2024,ETRIWH,PTFTW33T67,MINW,C_C2,AW100,YES,NO,47
DEU,2025,ETRIWH,PTFTW33T67,MINW,C_C2,AW100,YES,NO,48
NLD,2023,ETRIWH,PTFTW33T67,MINW,C_C2,AW100,YES,NO,8
NLD,2024,ETRIWH,PTFTW33T67,MINW,C_C2,AW100,YES,NO,7
POL,2023,ETRIWH,PTFTW33T67,MINW,C_C2,AW100,YES,NO,32
POL,2024,ETRIWH,PTFTW33T67,MINW,C_C2,AW100,YES,NO,32
POL,2025,ETRIWH,PTFTW33T67,MINW,C_C2,AW100,YES,NO,32
ESP,2023,ETRIWH,PTFTW33T67,MINW,C_C2,AW100,YES,NO,9
ESP,2024,ETRIWH,PTFTW33T67,MINW,C_C2,AW100,YES,NO,7
ESP,2025,ETRIWH,PTFTW33T67,MINW,C_C2,AW100,YES,NO,6
GBR,2023,ETRIWH,PTFTW33T67,MINW,C_C2,AW100,YES,NO,12
GBR,2024,ETRIWH,PTFTW33T67,MINW,C_C2,AW100,YES,NO,12
GBR,2025,ETRIWH,PTFTW33T67,MINW,C_C2,AW100,YES,NO,14
USA,2023,ETRIWH,PTFTW33T67,MINW,C_C2,AW100,YES,NO,26
USA,2024,ETRIWH,PTFTW33T67,MINW,C_C2,AW100,YES,NO,26
USA,2025,ETRIWH,PTFTW33T67,MINW,C_C2,AW100,YES,NO,26
OECD,2023,ETRIWH,PTFTW33T67,MINW,C_C2,AW100,YES,NO,25
OECD,2024,ETRIWH,PTFTW33T67,MINW,C_C2,AW100,YES,NO,24
OECD,2025,ETRIWH,PTFTW33T67,MINW,C_C2,AW100,YES,NO,26
BEL,2023,ETRIWH,PTFTW33T67,MINW,C_C2,AW100,YES,YES,36
BEL,2024,ETRIWH,PTFTW33T67,MINW,C_C2,AW100,YES,YES,36
BEL,2025,ETRIWH,PTFTW33T67,MINW,C_C2,AW100,YES,YES,35
FRA,2023,ETRIWH,PTFTW33T67,MINW,C_C2,AW100,YES,YES,24
FRA,2024,ETRIWH,PTFTW33T67,MINW,C_C2,AW100,YES,YES,23
FRA,2025,ETRIWH,PTFTW33T67,MINW,C_C2,AW100,YES,YES,23
DEU,2023,ETRIWH,PTFTW33T67,MINW,C_C2,AW100,YES,YES,47
DEU,2024,ETRIWH,PTFTW33T67,MINW,C_C2,AW100,YES,YES,47
DEU,2025,ETRIWH,PTFTW33T67,MINW,C_C2,AW100,YES,YES,48
NLD,2023,ETRIWH,PTFTW33T67,MINW,C_C2,AW100,YES,YES,8
NLD,2024,ETRIWH,PTFTW33T67,MINW,C_C2,AW100,YES,YES,7
POL,2023,ETRIWH,PTFTW33T67,MINW,C_C2,AW100,YES,YES,32
POL,2024,ETRIWH,PTFTW33T67,MINW,C_C2,AW100,YES,YES,32
POL,2025,ETRIWH,PTFTW33T67,MINW,C_C2,AW100,YES,YES,33
ESP,2023,ETRIWH,PTFTW33T67,MINW,C_C2,AW100,YES,YES,9
ESP,2024,ETRIWH,PTFTW33T67,MINW,C_C2,AW100,YES,YES,7
ESP,2025,ETRIWH,PTFTW33T67,MINW,C_C2,AW100,YES,YES,6
GBR,2023,ETRIWH,PTFTW33T67,MINW,C_C2,AW100,YES,YES,14
GBR,2024,ETRIWH,PTFTW33T67,MINW,C_C2,AW100,YES,YES,20
GBR,2025,ETRIWH,PTFTW33T67,MINW,C_C2,AW100,YES,YES,19
USA,2023,ETRIWH,PTFTW33T67,MINW,C_C2,AW100,YES,YES,26
USA,2024,ETRIWH,PTFTW33T67,MINW,C_C2,AW100,YES,YES,26
USA,2025,ETRIWH,PTFTW33T67,MINW,C_C2,AW100,YES,YES,26
OECD,2023,ETRIWH,PTFTW33T67,MINW,C_C2,AW100,YES,YES,26
OECD,2024,ETRIWH,PTFTW33T67,MINW,C_C2,AW100,YES,YES,27
OECD,2025,ETRIWH,PTFTW33T67,MINW,C_C2,AW100,YES,YES,31
BEL,2023,ETRIWH,PTFTW50T100,MINW,C_C2,AW100,YES,NO,35
BEL,2024,ETRIWH,PTFTW50T100,MINW,C_C2,AW100,YES,NO,35
BEL,2025,ETRIWH,PTFTW50T100,MINW,C_C2,AW100,YES,NO,35
FRA,2023,ETRIWH,PTFTW50T100,MINW,C_C2,AW100,YES,NO,31
DEU,2023,ETRIWH,PTFTW50T100,MINW,C_C2,AW100,YES,NO,47
DEU,2024,ETRIWH,PTFTW50T100,MINW,C_C2,AW100,YES,NO,47
DEU,2025,ETRIWH,PTFTW50T100,MINW,C_C2,AW100,YES,NO,48
NLD,2023,ETRIWH,PTFTW50T100,MINW,C_C2,AW100,YES,NO,12
NLD,2024,ETRIWH,PTFTW50T100,MINW,C_C2,AW100,YES,NO,12
POL,2023,ETRIWH,PTFTW50T100,MINW,C_C2,AW100,YES,NO,32
POL,2024,ETRIWH,PTFTW50T100,MINW,C_C2,AW100,YES,NO,32
POL,2025,ETRIWH,PTFTW50T100,MINW,C_C2,AW100,YES,NO,32
ESP,2023,ETRIWH,PTFTW50T100,MINW,C_C2,AW100,YES,NO,6
ESP,2024,ETRIWH,PTFTW50T100,MINW,C_C2,AW100,YES,NO,6
ESP,2025,ETRIWH,PTFTW50T100,MINW,C_C2,AW100,YES,NO,6
GBR,2024,ETRIWH,PTFTW50T100,MINW,C_C2,AW100,YES,NO,26
GBR,2025,ETRIWH,PTFTW50T100,MINW,C_C2,AW100,YES,NO,28
USA,2023,ETRIWH,PTFTW50T100,MINW,C_C2,AW100,YES,NO,26
USA,2024,ETRIWH,PTFTW50T100,MINW,C_C2,AW100,YES,NO,26
USA,2025,ETRIWH,PTFTW50T100,MINW,C_C2,AW100,YES,NO,26
OECD,2024,ETRIWH,PTFTW50T100,MINW,C_C2,AW100,YES,NO,28
OECD,2025,ETRIWH,PTFTW50T100,MINW,C_C2,AW100,YES,NO,27
BEL,2023,ETRIWH,PTFTW50T100,MINW,C_C2,AW100,NO,NO,35
BEL,2024,ETRIWH,PTFTW50T100,MINW,C_C2,AW100,NO,NO,35
BEL,2025,ETRIWH,PTFTW50T100,MINW,C_C2,AW100,NO,NO,35
FRA,2023,ETRIWH,PTFTW50T100,MINW,C_C2,AW100,NO,NO,31
DEU,2023,ETRIWH,PTFTW50T100,MINW,C_C2,AW100,NO,NO,47
DEU,2024,ETRIWH,PTFTW50T100,MINW,C_C2,AW100,NO,NO,47
DEU,2025,ETRIWH,PTFTW50T100,MINW,C_C2,AW100,NO,NO,48
NLD,2023,ETRIWH,PTFTW50T100,MINW,C_C2,AW100,NO,NO,12
NLD,2024,ETRIWH,PTFTW50T100,MINW,C_C2,AW100,NO,NO,12
POL,2023,ETRIWH,PTFTW50T100,MINW,C_C2,AW100,NO,NO,32
POL,2024,ETRIWH,PTFTW50T100,MINW,C_C2,AW100,NO,NO,32
POL,2025,ETRIWH,PTFTW50T100,MINW,C_C2,AW100,NO,NO,32
ESP,2023,ETRIWH,PTFTW50T100,MINW,C_C2,AW100,NO,NO,6
ESP,2024,ETRIWH,PTFTW50T100,MINW,C_C2,AW100,NO,NO,6
ESP,2025,ETRIWH,PTFTW50T100,MINW,C_C2,AW100,NO,NO,6
GBR,2024,ETRIWH,PTFTW50T100,MINW,C_C2,AW100,NO,NO,26
GBR,2025,ETRIWH,PTFTW50T100,MINW,C_C2,AW100,NO,NO,28
USA,2023,ETRIWH,PTFTW50T100,MINW,C_C2,AW100,NO,NO,26
USA,2024,ETRIWH,PTFTW50T100,MINW,C_C2,AW100,NO,NO,26
USA,2025,ETRIWH,PTFTW50T100,MINW,C_C2,AW100,NO,NO,26
OECD,2024,ETRIWH,PTFTW50T100,MINW,C_C2,AW100,NO,NO,28
OECD,2025,ETRIWH,PTFTW50T100,MINW,C_C2,AW100,NO,NO,27
BEL,2023,ETRIWH,PTFTW50T100,MINW,C_C2,AW100,NO,YES,35
BEL,2024,ETRIWH,PTFTW50T100,MINW,C_C2,AW100,NO,YES,35
BEL,2025,ETRIWH,PTFTW50T100,MINW,C_C2,AW100,NO,YES,35
FRA,2023,ETRIWH,PTFTW50T100,MINW,C_C2,AW100,NO,YES,31
DEU,2023,ETRIWH,PTFTW50T100,MINW,C_C2,AW100,NO,YES,47
DEU,2024,ETRIWH,PTFTW50T100,MINW,C_C2,AW100,NO,YES,47
DEU,2025,ETRIWH,PTFTW50T100,MINW,C_C2,AW100,NO,YES,48
NLD,2023,ETRIWH,PTFTW50T100,MINW,C_C2,AW100,NO,YES,12
NLD,2024,ETRIWH,PTFTW50T100,MINW,C_C2,AW100,NO,YES,12
POL,2023,ETRIWH,PTFTW50T100,MINW,C_C2,AW100,NO,YES,32
POL,2024,ETRIWH,PTFTW50T100,MINW,C_C2,AW100,NO,YES,32
POL,2025,ETRIWH,PTFTW50T100,MINW,C_C2,AW100,NO,YES,32
ESP,2023,ETRIWH,PTFTW50T100,MINW,C_C2,AW100,NO,YES,6
ESP,2024,ETRIWH,PTFTW50T100,MINW,C_C2,AW100,NO,YES,6
ESP,2025,ETRIWH,PTFTW50T100,MINW,C_C2,AW100,NO,YES,6
GBR,2024,ETRIWH,PTFTW50T100,MINW,C_C2,AW100,NO,YES,26
GBR,2025,ETRIWH,PTFTW50T100,MINW,C_C2,AW100,NO,YES,28
USA,2023,ETRIWH,PTFTW50T100,MINW,C_C2,AW100,NO,YES,26
USA,2024,ETRIWH,PTFTW50T100,MINW,C_C2,AW100,NO,YES,26
USA,2025,ETRIWH,PTFTW50T100,MINW,C_C2,AW100,NO,YES,26
OECD,2023,ETRIWH,PTFTW50T100,MINW,C_C2,AW100,NO,YES,33
BEL,2023,ETRIWH,PTFTW50T100,MINW,C_C2,AW100,YES,YES,35
BEL,2024,ETRIWH,PTFTW50T100,MINW,C_C2,AW100,YES,YES,35
BEL,2025,ETRIWH,PTFTW50T100,MINW,C_C2,AW100,YES,YES,35
FRA,2023,ETRIWH,PTFTW50T100,MINW,C_C2,AW100,YES,YES,31
DEU,2023,ETRIWH,PTFTW50T100,MINW,C_C2,AW100,YES,YES,47
DEU,2024,ETRIWH,PTFTW50T100,MINW,C_C2,AW100,YES,YES,47
DEU,2025,ETRIWH,PTFTW50T100,MINW,C_C2,AW100,YES,YES,48
NLD,2023,ETRIWH,PTFTW50T100,MINW,C_C2,AW100,YES,YES,12
NLD,2024,ETRIWH,PTFTW50T100,MINW,C_C2,AW100,YES,YES,12
POL,2023,ETRIWH,PTFTW50T100,MINW,C_C2,AW100,YES,YES,32
POL,2024,ETRIWH,PTFTW50T100,MINW,C_C2,AW100,YES,YES,32
POL,2025,ETRIWH,PTFTW50T100,MINW,C_C2,AW100,YES,YES,32
ESP,2023,ETRIWH,PTFTW50T100,MINW,C_C2,AW100,YES,YES,6
ESP,2024,ETRIWH,PTFTW50T100,MINW,C_C2,AW100,YES,YES,6
ESP,2025,ETRIWH,PTFTW50T100,MINW,C_C2,AW100,YES,YES,6
GBR,2024,ETRIWH,PTFTW50T100,MINW,C_C2,AW100,YES,YES,26
GBR,2025,ETRIWH,PTFTW50T100,MINW,C_C2,AW100,YES,YES,28
USA,2023,ETRIWH,PTFTW50T100,MINW,C_C2,AW100,YES,YES,26
USA,2024,ETRIWH,PTFTW50T100,MINW,C_C2,AW100,YES,YES,26
USA,2025,ETRIWH,PTFTW50T100,MINW,C_C2,AW100,YES,YES,26
OECD,2023,ETRIWH,PTFTW50T100,MINW,C_C2,AW100,YES,YES,33
FRA,2024,ETRIWH,PTFTW50T100,MINW,C_C2,AW100,YES,NO,30
FRA,2024,ETRIWH,PTFTW50T100,MINW,C_C2,AW100,YES,YES,30
FRA,2024,ETRIWH,PTFTW50T100,MINW,C_C2,AW100,NO,YES,30
FRA,2024,ETRIWH,PTFTW50T100,MINW,C_C2,AW100,NO,NO,30
FRA,2025,ETRIWH,PTFTW50T100,MINW,C_C2,AW100,NO,NO,30
FRA,2025,ETRIWH,PTFTW50T100,MINW,C_C2,AW100,NO,YES,30
FRA,2025,ETRIWH,PTFTW50T100,MINW,C_C2,AW100,YES,YES,30
FRA,2025,ETRIWH,PTFTW50T100,MINW,C_C2,AW100,YES,NO,30
GBR,2023,ETRIWH,PTFTW50T100,MINW,C_C2,AW100,NO,YES,29
GBR,2023,ETRIWH,PTFTW50T100,MINW,C_C2,AW100,YES,YES,29
GBR,2023,ETRIWH,PTFTW50T100,MINW,C_C2,AW100,YES,NO,29
GBR,2023,ETRIWH,PTFTW50T100,MINW,C_C2,AW100,NO,NO,29
OECD,2023,ETRIWH,PTFTW50T100,MINW,C_C2,AW100,YES,NO,29
OECD,2023,ETRIWH,PTFTW50T100,MINW,C_C2,AW100,NO,NO,29
OECD,2024,ETRIWH,PTFTW50T100,MINW,C_C2,AW100,NO,YES,29
OECD,2024,ETRIWH,PTFTW50T100,MINW,C_C2,AW100,YES,YES,29
OECD,2025,ETRIWH,PTFTW50T100,MINW,C_C2,AW100,YES,YES,29
OECD,2025,ETRIWH,PTFTW50T100,MINW,C_C2,AW100,NO,YES,29
BEL,2023,ETRIWH,PTFTW50T66,MINW,C_C2,AW100,NO,NO,36
BEL,2024,ETRIWH,PTFTW50T66,MINW,C_C2,AW100,NO,NO,36
BEL,2025,ETRIWH,PTFTW50T66,MINW,C_C2,AW100,NO,NO,35
FRA,2023,ETRIWH,PTFTW50T66,MINW,C_C2,AW100,NO,NO,27
FRA,2024,ETRIWH,PTFTW50T66,MINW,C_C2,AW100,NO,NO,24
FRA,2025,ETRIWH,PTFTW50T66,MINW,C_C2,AW100,NO,NO,25
DEU,2023,ETRIWH,PTFTW50T66,MINW,C_C2,AW100,NO,NO,47
DEU,2024,ETRIWH,PTFTW50T66,MINW,C_C2,AW100,NO,NO,47
DEU,2025,ETRIWH,PTFTW50T66,MINW,C_C2,AW100,NO,NO,48
NLD,2023,ETRIWH,PTFTW50T66,MINW,C_C2,AW100,NO,NO,8
NLD,2024,ETRIWH,PTFTW50T66,MINW,C_C2,AW100,NO,NO,7
POL,2023,ETRIWH,PTFTW50T66,MINW,C_C2,AW100,NO,NO,32
POL,2024,ETRIWH,PTFTW50T66,MINW,C_C2,AW100,NO,NO,32
POL,2025,ETRIWH,PTFTW50T66,MINW,C_C2,AW100,NO,NO,32
ESP,2023,ETRIWH,PTFTW50T66,MINW,C_C2,AW100,NO,NO,6
ESP,2024,ETRIWH,PTFTW50T66,MINW,C_C2,AW100,NO,NO,6
ESP,2025,ETRIWH,PTFTW50T66,MINW,C_C2,AW100,NO,NO,6
GBR,2023,ETRIWH,PTFTW50T66,MINW,C_C2,AW100,NO,NO,24
GBR,2024,ETRIWH,PTFTW50T66,MINW,C_C2,AW100,NO,NO,23
GBR,2025,ETRIWH,PTFTW50T66,MINW,C_C2,AW100,NO,NO,28
USA,2023,ETRIWH,PTFTW50T66,MINW,C_C2,AW100,NO,NO,26
USA,2024,ETRIWH,PTFTW50T66,MINW,C_C2,AW100,NO,NO,26
USA,2025,ETRIWH,PTFTW50T66,MINW,C_C2,AW100,NO,NO,26
OECD,2023,ETRIWH,PTFTW50T66,MINW,C_C2,AW100,NO,NO,30
OECD,2024,ETRIWH,PTFTW50T66,MINW,C_C2,AW100,NO,NO,24
OECD,2025,ETRIWH,PTFTW50T66,MINW,C_C2,AW100,NO,NO,26
BEL,2023,ETRIWH,PTFTW50T66,MINW,C_C2,AW100,YES,NO,36
BEL,2024,ETRIWH,PTFTW50T66,MINW,C_C2,AW100,YES,NO,36
BEL,2025,ETRIWH,PTFTW50T66,MINW,C_C2,AW100,YES,NO,35
FRA,2023,ETRIWH,PTFTW50T66,MINW,C_C2,AW100,YES,NO,27
FRA,2024,ETRIWH,PTFTW50T66,MINW,C_C2,AW100,YES,NO,24
FRA,2025,ETRIWH,PTFTW50T66,MINW,C_C2,AW100,YES,NO,25
DEU,2023,ETRIWH,PTFTW50T66,MINW,C_C2,AW100,YES,NO,47
DEU,2024,ETRIWH,PTFTW50T66,MINW,C_C2,AW100,YES,NO,47
DEU,2025,ETRIWH,PTFTW50T66,MINW,C_C2,AW100,YES,NO,48
NLD,2023,ETRIWH,PTFTW50T66,MINW,C_C2,AW100,YES,NO,8
NLD,2024,ETRIWH,PTFTW50T66,MINW,C_C2,AW100,YES,NO,7
POL,2023,ETRIWH,PTFTW50T66,MINW,C_C2,AW100,YES,NO,32
POL,2024,ETRIWH,PTFTW50T66,MINW,C_C2,AW100,YES,NO,32
POL,2025,ETRIWH,PTFTW50T66,MINW,C_C2,AW100,YES,NO,32
ESP,2023,ETRIWH,PTFTW50T66,MINW,C_C2,AW100,YES,NO,6
ESP,2024,ETRIWH,PTFTW50T66,MINW,C_C2,AW100,YES,NO,6
ESP,2025,ETRIWH,PTFTW50T66,MINW,C_C2,AW100,YES,NO,6
GBR,2023,ETRIWH,PTFTW50T66,MINW,C_C2,AW100,YES,NO,24
GBR,2024,ETRIWH,PTFTW50T66,MINW,C_C2,AW100,YES,NO,23
GBR,2025,ETRIWH,PTFTW50T66,MINW,C_C2,AW100,YES,NO,28
USA,2023,ETRIWH,PTFTW50T66,MINW,C_C2,AW100,YES,NO,26
USA,2024,ETRIWH,PTFTW50T66,MINW,C_C2,AW100,YES,NO,26
USA,2025,ETRIWH,PTFTW50T66,MINW,C_C2,AW100,YES,NO,26
OECD,2023,ETRIWH,PTFTW50T66,MINW,C_C2,AW100,YES,NO,30
OECD,2024,ETRIWH,PTFTW50T66,MINW,C_C2,AW100,YES,NO,24
OECD,2025,ETRIWH,PTFTW50T66,MINW,C_C2,AW100,YES,NO,26
BEL,2023,ETRIWH,PTFTW50T66,MINW,C_C2,AW100,YES,YES,36
BEL,2024,ETRIWH,PTFTW50T66,MINW,C_C2,AW100,YES,YES,36
BEL,2025,ETRIWH,PTFTW50T66,MINW,C_C2,AW100,YES,YES,35
FRA,2023,ETRIWH,PTFTW50T66,MINW,C_C2,AW100,YES,YES,27
FRA,2024,ETRIWH,PTFTW50T66,MINW,C_C2,AW100,YES,YES,24
FRA,2025,ETRIWH,PTFTW50T66,MINW,C_C2,AW100,YES,YES,25
DEU,2023,ETRIWH,PTFTW50T66,MINW,C_C2,AW100,YES,YES,47
DEU,2024,ETRIWH,PTFTW50T66,MINW,C_C2,AW100,YES,YES,47
DEU,2025,ETRIWH,PTFTW50T66,MINW,C_C2,AW100,YES,YES,48
NLD,2023,ETRIWH,PTFTW50T66,MINW,C_C2,AW100,YES,YES,8
NLD,2024,ETRIWH,PTFTW50T66,MINW,C_C2,AW100,YES,YES,7
POL,2023,ETRIWH,PTFTW50T66,MINW,C_C2,AW100,YES,YES,32
POL,2024,ETRIWH,PTFTW50T66,MINW,C_C2,AW100,YES,YES,32
POL,2025,ETRIWH,PTFTW50T66,MINW,C_C2,AW100,YES,YES,32
ESP,2023,ETRIWH,PTFTW50T66,MINW,C_C2,AW100,YES,YES,6
ESP,2024,ETRIWH,PTFTW50T66,MINW,C_C2,AW100,YES,YES,6
ESP,2025,ETRIWH,PTFTW50T66,MINW,C_C2,AW100,YES,YES,6
GBR,2023,ETRIWH,PTFTW50T66,MINW,C_C2,AW100,YES,YES,24
GBR,2024,ETRIWH,PTFTW50T66,MINW,C_C2,AW100,YES,YES,23
GBR,2025,ETRIWH,PTFTW50T66,MINW,C_C2,AW100,YES,YES,28
USA,2023,ETRIWH,PTFTW50T66,MINW,C_C2,AW100,YES,YES,26
USA,2024,ETRIWH,PTFTW50T66,MINW,C_C2,AW100,YES,YES,26
USA,2025,ETRIWH,PTFTW50T66,MINW,C_C2,AW100,YES,YES,26
OECD,2023,ETRIWH,PTFTW50T66,MINW,C_C2,AW100,YES,YES,31
OECD,2024,ETRIWH,PTFTW50T66,MINW,C_C2,AW100,YES,YES,25
OECD,2025,ETRIWH,PTFTW50T66,MINW,C_C2,AW100,YES,YES,31
BEL,2023,ETRIWH,PTFTW50T66,MINW,C_C2,AW100,NO,YES,36
BEL,2024,ETRIWH,PTFTW50T66,MINW,C_C2,AW100,NO,YES,36
BEL,2025,ETRIWH,PTFTW50T66,MINW,C_C2,AW100,NO,YES,35
FRA,2023,ETRIWH,PTFTW50T66,MINW,C_C2,AW100,NO,YES,27
FRA,2024,ETRIWH,PTFTW50T66,MINW,C_C2,AW100,NO,YES,24
FRA,2025,ETRIWH,PTFTW50T66,MINW,C_C2,AW100,NO,YES,25
DEU,2023,ETRIWH,PTFTW50T66,MINW,C_C2,AW100,NO,YES,47
DEU,2024,ETRIWH,PTFTW50T66,MINW,C_C2,AW100,NO,YES,47
DEU,2025,ETRIWH,PTFTW50T66,MINW,C_C2,AW100,NO,YES,48
NLD,2023,ETRIWH,PTFTW50T66,MINW,C_C2,AW100,NO,YES,8
NLD,2024,ETRIWH,PTFTW50T66,MINW,C_C2,AW100,NO,YES,7
POL,2023,ETRIWH,PTFTW50T66,MINW,C_C2,AW100,NO,YES,32
POL,2024,ETRIWH,PTFTW50T66,MINW,C_C2,AW100,NO,YES,32
POL,2025,ETRIWH,PTFTW50T66,MINW,C_C2,AW100,NO,YES,32
ESP,2023,ETRIWH,PTFTW50T66,MINW,C_C2,AW100,NO,YES,6
ESP,2024,ETRIWH,PTFTW50T66,MINW,C_C2,AW100,NO,YES,6
ESP,2025,ETRIWH,PTFTW50T66,MINW,C_C2,AW100,NO,YES,6
GBR,2023,ETRIWH,PTFTW50T66,MINW,C_C2,AW100,NO,YES,24
GBR,2024,ETRIWH,PTFTW50T66,MINW,C_C2,AW100,NO,YES,23
GBR,2025,ETRIWH,PTFTW50T66,MINW,C_C2,AW100,NO,YES,28
USA,2023,ETRIWH,PTFTW50T66,MINW,C_C2,AW100,NO,YES,26
USA,2024,ETRIWH,PTFTW50T66,MINW,C_C2,AW100,NO,YES,26
USA,2025,ETRIWH,PTFTW50T66,MINW,C_C2,AW100,NO,YES,26
OECD,2023,ETRIWH,PTFTW50T66,MINW,C_C2,AW100,NO,YES,31
OECD,2024,ETRIWH,PTFTW50T66,MINW,C_C2,AW100,NO,YES,25
OECD,2025,ETRIWH,PTFTW50T66,MINW,C_C2,AW100,NO,YES,31
BEL,2023,ETRIWH,PTFTW67T100,MINW,C_C2,AW100,NO,NO,35
BEL,2024,ETRIWH,PTFTW67T100,MINW,C_C2,AW100,NO,NO,34
BEL,2025,ETRIWH,PTFTW67T100,MINW,C_C2,AW100,NO,NO,34
FRA,2023,ETRIWH,PTFTW67T100,MINW,C_C2,AW100,NO,NO,33
FRA,2024,ETRIWH,PTFTW67T100,MINW,C_C2,AW100,NO,NO,33
FRA,2025,ETRIWH,PTFTW67T100,MINW,C_C2,AW100,NO,NO,33
DEU,2023,ETRIWH,PTFTW67T100,MINW,C_C2,AW100,NO,NO,47
DEU,2024,ETRIWH,PTFTW67T100,MINW,C_C2,AW100,NO,NO,47
DEU,2025,ETRIWH,PTFTW67T100,MINW,C_C2,AW100,NO,NO,48
NLD,2023,ETRIWH,PTFTW67T100,MINW,C_C2,AW100,NO,NO,14
NLD,2024,ETRIWH,PTFTW67T100,MINW,C_C2,AW100,NO,NO,14
POL,2023,ETRIWH,PTFTW67T100,MINW,C_C2,AW100,NO,NO,32
POL,2024,ETRIWH,PTFTW67T100,MINW,C_C2,AW100,NO,NO,32
POL,2025,ETRIWH,PTFTW67T100,MINW,C_C2,AW100,NO,NO,32
ESP,2023,ETRIWH,PTFTW67T100,MINW,C_C2,AW100,NO,NO,6
ESP,2024,ETRIWH,PTFTW67T100,MINW,C_C2,AW100,NO,NO,6
ESP,2025,ETRIWH,PTFTW67T100,MINW,C_C2,AW100,NO,NO,6
GBR,2023,ETRIWH,PTFTW67T100,MINW,C_C2,AW100,NO,NO,32
GBR,2024,ETRIWH,PTFTW67T100,MINW,C_C2,AW100,NO,NO,28
GBR,2025,ETRIWH,PTFTW67T100,MINW,C_C2,AW100,NO,NO,28
USA,2023,ETRIWH,PTFTW67T100,MINW,C_C2,AW100,NO,NO,26
USA,2024,ETRIWH,PTFTW67T100,MINW,C_C2,AW100,NO,NO,26
USA,2025,ETRIWH,PTFTW67T100,MINW,C_C2,AW100,NO,NO,26
OECD,2023,ETRIWH,PTFTW67T100,MINW,C_C2,AW100,NO,NO,28
OECD,2024,ETRIWH,PTFTW67T100,MINW,C_C2,AW100,NO,NO,29
OECD,2025,ETRIWH,PTFTW67T100,MINW,C_C2,AW100,NO,NO,27
BEL,2023,ETRIWH,PTFTW67T100,MINW,C_C2,AW100,NO,YES,35
BEL,2024,ETRIWH,PTFTW67T100,MINW,C_C2,AW100,NO,YES,34
BEL,2025,ETRIWH,PTFTW67T100,MINW,C_C2,AW100,NO,YES,34
FRA,2023,ETRIWH,PTFTW67T100,MINW,C_C2,AW100,NO,YES,33
FRA,2024,ETRIWH,PTFTW67T100,MINW,C_C2,AW100,NO,YES,33
FRA,2025,ETRIWH,PTFTW67T100,MINW,C_C2,AW100,NO,YES,33
DEU,2023,ETRIWH,PTFTW67T100,MINW,C_C2,AW100,NO,YES,47
DEU,2024,ETRIWH,PTFTW67T100,MINW,C_C2,AW100,NO,YES,47
DEU,2025,ETRIWH,PTFTW67T100,MINW,C_C2,AW100,NO,YES,48
NLD,2023,ETRIWH,PTFTW67T100,MINW,C_C2,AW100,NO,YES,14
NLD,2024,ETRIWH,PTFTW67T100,MINW,C_C2,AW100,NO,YES,14
POL,2023,ETRIWH,PTFTW67T100,MINW,C_C2,AW100,NO,YES,32
POL,2024,ETRIWH,PTFTW67T100,MINW,C_C2,AW100,NO,YES,32
POL,2025,ETRIWH,PTFTW67T100,MINW,C_C2,AW100,NO,YES,32
ESP,2023,ETRIWH,PTFTW67T100,MINW,C_C2,AW100,NO,YES,6
ESP,2024,ETRIWH,PTFTW67T100,MINW,C_C2,AW100,NO,YES,6
ESP,2025,ETRIWH,PTFTW67T100,MINW,C_C2,AW100,NO,YES,6
GBR,2023,ETRIWH,PTFTW67T100,MINW,C_C2,AW100,NO,YES,32
GBR,2024,ETRIWH,PTFTW67T100,MINW,C_C2,AW100,NO,YES,28
GBR,2025,ETRIWH,PTFTW67T100,MINW,C_C2,AW100,NO,YES,28
USA,2023,ETRIWH,PTFTW67T100,MINW,C_C2,AW100,NO,YES,26
USA,2024,ETRIWH,PTFTW67T100,MINW,C_C2,AW100,NO,YES,26
USA,2025,ETRIWH,PTFTW67T100,MINW,C_C2,AW100,NO,YES,26
OECD,2023,ETRIWH,PTFTW67T100,MINW,C_C2,AW100,NO,YES,34
OECD,2024,ETRIWH,PTFTW67T100,MINW,C_C2,AW100,NO,YES,30
OECD,2025,ETRIWH,PTFTW67T100,MINW,C_C2,AW100,NO,YES,28
BEL,2023,ETRIWH,PTFTW67T100,MINW,C_C2,AW100,YES,YES,35
BEL,2024,ETRIWH,PTFTW67T100,MINW,C_C2,AW100,YES,YES,34
BEL,2025,ETRIWH,PTFTW67T100,MINW,C_C2,AW100,YES,YES,34
FRA,2023,ETRIWH,PTFTW67T100,MINW,C_C2,AW100,YES,YES,33
FRA,2024,ETRIWH,PTFTW67T100,MINW,C_C2,AW100,YES,YES,33
FRA,2025,ETRIWH,PTFTW67T100,MINW,C_C2,AW100,YES,YES,33
DEU,2023,ETRIWH,PTFTW67T100,MINW,C_C2,AW100,YES,YES,47
DEU,2024,ETRIWH,PTFTW67T100,MINW,C_C2,AW100,YES,YES,47
DEU,2025,ETRIWH,PTFTW67T100,MINW,C_C2,AW100,YES,YES,48
NLD,2023,ETRIWH,PTFTW67T100,MINW,C_C2,AW100,YES,YES,14
NLD,2024,ETRIWH,PTFTW67T100,MINW,C_C2,AW100,YES,YES,14
POL,2023,ETRIWH,PTFTW67T100,MINW,C_C2,AW100,YES,YES,32
POL,2024,ETRIWH,PTFTW67T100,MINW,C_C2,AW100,YES,YES,32
POL,2025,ETRIWH,PTFTW67T100,MINW,C_C2,AW100,YES,YES,32
ESP,2023,ETRIWH,PTFTW67T100,MINW,C_C2,AW100,YES,YES,6
ESP,2024,ETRIWH,PTFTW67T100,MINW,C_C2,AW100,YES,YES,6
ESP,2025,ETRIWH,PTFTW67T100,MINW,C_C2,AW100,YES,YES,6
GBR,2023,ETRIWH,PTFTW67T100,MINW,C_C2,AW100,YES,YES,32
GBR,2024,ETRIWH,PTFTW67T100,MINW,C_C2,AW100,YES,YES,28
GBR,2025,ETRIWH,PTFTW67T100,MINW,C_C2,AW100,YES,YES,28
USA,2023,ETRIWH,PTFTW67T100,MINW,C_C2,AW100,YES,YES,26
USA,2024,ETRIWH,PTFTW67T100,MINW,C_C2,AW100,YES,YES,26
USA,2025,ETRIWH,PTFTW67T100,MINW,C_C2,AW100,YES,YES,26
OECD,2023,ETRIWH,PTFTW67T100,MINW,C_C2,AW100,YES,YES,34
OECD,2024,ETRIWH,PTFTW67T100,MINW,C_C2,AW100,YES,YES,30
OECD,2025,ETRIWH,PTFTW67T100,MINW,C_C2,AW100,YES,YES,28
BEL,2023,ETRIWH,PTFTW67T100,MINW,C_C2,AW100,YES,NO,35
BEL,2024,ETRIWH,PTFTW67T100,MINW,C_C2,AW100,YES,NO,34
BEL,2025,ETRIWH,PTFTW67T100,MINW,C_C2,AW100,YES,NO,34
FRA,2023,ETRIWH,PTFTW67T100,MINW,C_C2,AW100,YES,NO,33
FRA,2024,ETRIWH,PTFTW67T100,MINW,C_C2,AW100,YES,NO,33
FRA,2025,ETRIWH,PTFTW67T100,MINW,C_C2,AW100,YES,NO,33
DEU,2023,ETRIWH,PTFTW67T100,MINW,C_C2,AW100,YES,NO,47
DEU,2024,ETRIWH,PTFTW67T100,MINW,C_C2,AW100,YES,NO,47
DEU,2025,ETRIWH,PTFTW67T100,MINW,C_C2,AW100,YES,NO,48
NLD,2023,ETRIWH,PTFTW67T100,MINW,C_C2,AW100,YES,NO,14
NLD,2024,ETRIWH,PTFTW67T100,MINW,C_C2,AW100,YES,NO,14
POL,2023,ETRIWH,PTFTW67T100,MINW,C_C2,AW100,YES,NO,32
POL,2024,ETRIWH,PTFTW67T100,MINW,C_C2,AW100,YES,NO,32
POL,2025,ETRIWH,PTFTW67T100,MINW,C_C2,AW100,YES,NO,32
ESP,2023,ETRIWH,PTFTW67T100,MINW,C_C2,AW100,YES,NO,6
ESP,2024,ETRIWH,PTFTW67T100,MINW,C_C2,AW100,YES,NO,6
ESP,2025,ETRIWH,PTFTW67T100,MINW,C_C2,AW100,YES,NO,6
GBR,2023,ETRIWH,PTFTW67T100,MINW,C_C2,AW100,YES,NO,32
GBR,2024,ETRIWH,PTFTW67T100,MINW,C_C2,AW100,YES,NO,28
GBR,2025,ETRIWH,PTFTW67T100,MINW,C_C2,AW100,YES,NO,28
USA,2023,ETRIWH,PTFTW67T100,MINW,C_C2,AW100,YES,NO,26
USA,2024,ETRIWH,PTFTW67T100,MINW,C_C2,AW100,YES,NO,26
USA,2025,ETRIWH,PTFTW67T100,MINW,C_C2,AW100,YES,NO,26
OECD,2023,ETRIWH,PTFTW67T100,MINW,C_C2,AW100,YES,NO,28
OECD,2024,ETRIWH,PTFTW67T100,MINW,C_C2,AW100,YES,NO,29
OECD,2025,ETRIWH,PTFTW67T100,MINW,C_C2,AW100,YES,NO,27
AUT,2023,ETRIWH,PTFTW33T67,AW67,C_C2,AW100,NO,NO,20
AUT,2024,ETRIWH,PTFTW33T67,AW67,C_C2,AW100,NO,NO,22
AUT,2025,ETRIWH,PTFTW33T67,AW67,C_C2,AW100,NO,NO,20
BEL,2023,ETRIWH,PTFTW33T67,AW67,C_C2,AW100,NO,NO,37
BEL,2024,ETRIWH,PTFTW33T67,AW67,C_C2,AW100,NO,NO,37
BEL,2025,ETRIWH,PTFTW33T67,AW67,C_C2,AW100,NO,NO,36
DNK,2023,ETRIWH,PTFTW33T67,AW67,C_C2,AW100,NO,NO,40
DNK,2024,ETRIWH,PTFTW33T67,AW67,C_C2,AW100,NO,NO,39
DEU,2023,ETRIWH,PTFTW33T67,AW67,C_C2,AW100,NO,NO,47
DEU,2024,ETRIWH,PTFTW33T67,AW67,C_C2,AW100,NO,NO,47
DEU,2025,ETRIWH,PTFTW33T67,AW67,C_C2,AW100,NO,NO,47
ITA,2023,ETRIWH,PTFTW33T67,AW67,C_C2,AW100,NO,NO,14
ITA,2024,ETRIWH,PTFTW33T67,AW67,C_C2,AW100,NO,NO,13
ITA,2025,ETRIWH,PTFTW33T67,AW67,C_C2,AW100,NO,NO,3
NLD,2023,ETRIWH,PTFTW33T67,AW67,C_C2,AW100,NO,NO,13
NLD,2024,ETRIWH,PTFTW33T67,AW67,C_C2,AW100,NO,NO,13
POL,2023,ETRIWH,PTFTW33T67,AW67,C_C2,AW100,NO,NO,32
POL,2024,ETRIWH,PTFTW33T67,AW67,C_C2,AW100,NO,NO,32
POL,2025,ETRIWH,PTFTW33T67,AW67,C_C2,AW100,NO,NO,32
ESP,2023,ETRIWH,PTFTW33T67,AW67,C_C2,AW100,NO,NO,6
ESP,2024,ETRIWH,PTFTW33T67,AW67,C_C2,AW100,NO,NO,6
ESP,2025,ETRIWH,PTFTW33T67,AW67,C_C2,AW100,NO,NO,6
SWE,2023,ETRIWH,PTFTW33T67,AW67,C_C2,AW100,NO,NO,24
SWE,2024,ETRIWH,PTFTW33T67,AW67,C_C2,AW100,NO,NO,23
SWE,2025,ETRIWH,PTFTW33T67,AW67,C_C2,AW100,NO,NO,23
GBR,2024,ETRIWH,PTFTW33T67,AW67,C_C2,AW100,NO,NO,25
GBR,2025,ETRIWH,PTFTW33T67,AW67,C_C2,AW100,NO,NO,27
OECD,2025,ETRIWH,PTFTW33T67,AW67,C_C2,AW100,NO,NO,27
AUT,2023,ETRIWH,PTFTW33T67,AW67,C_C2,AW100,YES,NO,20
AUT,2024,ETRIWH,PTFTW33T67,AW67,C_C2,AW100,YES,NO,22
AUT,2025,ETRIWH,PTFTW33T67,AW67,C_C2,AW100,YES,NO,20
BEL,2023,ETRIWH,PTFTW33T67,AW67,C_C2,AW100,YES,NO,37
BEL,2024,ETRIWH,PTFTW33T67,AW67,C_C2,AW100,YES,NO,37
BEL,2025,ETRIWH,PTFTW33T67,AW67,C_C2,AW100,YES,NO,36
DNK,2023,ETRIWH,PTFTW33T67,AW67,C_C2,AW100,YES,NO,40
DNK,2024,ETRIWH,PTFTW33T67,AW67,C_C2,AW100,YES,NO,39
DEU,2023,ETRIWH,PTFTW33T67,AW67,C_C2,AW100,YES,NO,47
DEU,2024,ETRIWH,PTFTW33T67,AW67,C_C2,AW100,YES,NO,47
DEU,2025,ETRIWH,PTFTW33T67,AW67,C_C2,AW100,YES,NO,47
ITA,2023,ETRIWH,PTFTW33T67,AW67,C_C2,AW100,YES,NO,14
ITA,2024,ETRIWH,PTFTW33T67,AW67,C_C2,AW100,YES,NO,13
ITA,2025,ETRIWH,PTFTW33T67,AW67,C_C2,AW100,YES,NO,3
NLD,2023,ETRIWH,PTFTW33T67,AW67,C_C2,AW100,YES,NO,13
NLD,2024,ETRIWH,PTFTW33T67,AW67,C_C2,AW100,YES,NO,13
POL,2023,ETRIWH,PTFTW33T67,AW67,C_C2,AW100,YES,NO,32
POL,2024,ETRIWH,PTFTW33T67,AW67,C_C2,AW100,YES,NO,32
POL,2025,ETRIWH,PTFTW33T67,AW67,C_C2,AW100,YES,NO,32
ESP,2023,ETRIWH,PTFTW33T67,AW67,C_C2,AW100,YES,NO,6
ESP,2024,ETRIWH,PTFTW33T67,AW67,C_C2,AW100,YES,NO,6
ESP,2025,ETRIWH,PTFTW33T67,AW67,C_C2,AW100,YES,NO,6
SWE,2023,ETRIWH,PTFTW33T67,AW67,C_C2,AW100,YES,NO,24
SWE,2024,ETRIWH,PTFTW33T67,AW67,C_C2,AW100,YES,NO,23
SWE,2025,ETRIWH,PTFTW33T67,AW67,C_C2,AW100,YES,NO,23
GBR,2024,ETRIWH,PTFTW33T67,AW67,C_C2,AW100,YES,NO,25
GBR,2025,ETRIWH,PTFTW33T67,AW67,C_C2,AW100,YES,NO,27
OECD,2025,ETRIWH,PTFTW33T67,AW67,C_C2,AW100,YES,NO,27
FRA,2023,ETRIWH,PTFTW33T67,AW67,C_C2,AW100,YES,NO,30
FRA,2023,ETRIWH,PTFTW33T67,AW67,C_C2,AW100,NO,NO,30
OECD,2023,ETRIWH,PTFTW33T67,AW67,C_C2,AW100,YES,NO,30
OECD,2023,ETRIWH,PTFTW33T67,AW67,C_C2,AW100,NO,NO,30
OECD,2024,ETRIWH,PTFTW33T67,AW67,C_C2,AW100,NO,NO,28
OECD,2024,ETRIWH,PTFTW33T67,AW67,C_C2,AW100,YES,NO,28
AUT,2023,ETRIWH,PTFTW33T67,AW67,C_C2,AW100,YES,YES,20
AUT,2024,ETRIWH,PTFTW33T67,AW67,C_C2,AW100,YES,YES,22
AUT,2025,ETRIWH,PTFTW33T67,AW67,C_C2,AW100,YES,YES,20
BEL,2023,ETRIWH,PTFTW33T67,AW67,C_C2,AW100,YES,YES,37
BEL,2024,ETRIWH,PTFTW33T67,AW67,C_C2,AW100,YES,YES,37
BEL,2025,ETRIWH,PTFTW33T67,AW67,C_C2,AW100,YES,YES,36
DNK,2023,ETRIWH,PTFTW33T67,AW67,C_C2,AW100,YES,YES,40
DNK,2024,ETRIWH,PTFTW33T67,AW67,C_C2,AW100,YES,YES,39
FRA,2023,ETRIWH,PTFTW33T67,AW67,C_C2,AW100,YES,YES,30
DEU,2023,ETRIWH,PTFTW33T67,AW67,C_C2,AW100,YES,YES,47
DEU,2024,ETRIWH,PTFTW33T67,AW67,C_C2,AW100,YES,YES,47
DEU,2025,ETRIWH,PTFTW33T67,AW67,C_C2,AW100,YES,YES,47
ITA,2023,ETRIWH,PTFTW33T67,AW67,C_C2,AW100,YES,YES,9
ITA,2024,ETRIWH,PTFTW33T67,AW67,C_C2,AW100,YES,YES,15
ITA,2025,ETRIWH,PTFTW33T67,AW67,C_C2,AW100,YES,YES,3
NLD,2023,ETRIWH,PTFTW33T67,AW67,C_C2,AW100,YES,YES,13
NLD,2024,ETRIWH,PTFTW33T67,AW67,C_C2,AW100,YES,YES,13
POL,2023,ETRIWH,PTFTW33T67,AW67,C_C2,AW100,YES,YES,32
POL,2024,ETRIWH,PTFTW33T67,AW67,C_C2,AW100,YES,YES,32
POL,2025,ETRIWH,PTFTW33T67,AW67,C_C2,AW100,YES,YES,32
ESP,2023,ETRIWH,PTFTW33T67,AW67,C_C2,AW100,YES,YES,6
ESP,2024,ETRIWH,PTFTW33T67,AW67,C_C2,AW100,YES,YES,6
ESP,2025,ETRIWH,PTFTW33T67,AW67,C_C2,AW100,YES,YES,6
SWE,2023,ETRIWH,PTFTW33T67,AW67,C_C2,AW100,YES,YES,24
SWE,2024,ETRIWH,PTFTW33T67,AW67,C_C2,AW100,YES,YES,23
SWE,2025,ETRIWH,PTFTW33T67,AW67,C_C2,AW100,YES,YES,23
GBR,2024,ETRIWH,PTFTW33T67,AW67,C_C2,AW100,YES,YES,25
GBR,2025,ETRIWH,PTFTW33T67,AW67,C_C2,AW100,YES,YES,27
OECD,2023,ETRIWH,PTFTW33T67,AW67,C_C2,AW100,YES,YES,33
OECD,2024,ETRIWH,PTFTW33T67,AW67,C_C2,AW100,YES,YES,32
OECD,2025,ETRIWH,PTFTW33T67,AW67,C_C2,AW100,YES,YES,28
AUT,2023,ETRIWH,PTFTW33T67,AW67,C_C2,AW100,NO,YES,20
AUT,2024,ETRIWH,PTFTW33T67,AW67,C_C2,AW100,NO,YES,22
AUT,2025,ETRIWH,PTFTW33T67,AW67,C_C2,AW100,NO,YES,20
BEL,2023,ETRIWH,PTFTW33T67,AW67,C_C2,AW100,NO,YES,37
BEL,2024,ETRIWH,PTFTW33T67,AW67,C_C2,AW100,NO,YES,37
BEL,2025,ETRIWH,PTFTW33T67,AW67,C_C2,AW100,NO,YES,36
DNK,2023,ETRIWH,PTFTW33T67,AW67,C_C2,AW100,NO,YES,40
DNK,2024,ETRIWH,PTFTW33T67,AW67,C_C2,AW100,NO,YES,39
FRA,2023,ETRIWH,PTFTW33T67,AW67,C_C2,AW100,NO,YES,30
DEU,2023,ETRIWH,PTFTW33T67,AW67,C_C2,AW100,NO,YES,47
DEU,2024,ETRIWH,PTFTW33T67,AW67,C_C2,AW100,NO,YES,47
DEU,2025,ETRIWH,PTFTW33T67,AW67,C_C2,AW100,NO,YES,47
ITA,2023,ETRIWH,PTFTW33T67,AW67,C_C2,AW100,NO,YES,9
ITA,2024,ETRIWH,PTFTW33T67,AW67,C_C2,AW100,NO,YES,15
ITA,2025,ETRIWH,PTFTW33T67,AW67,C_C2,AW100,NO,YES,3
NLD,2023,ETRIWH,PTFTW33T67,AW67,C_C2,AW100,NO,YES,13
NLD,2024,ETRIWH,PTFTW33T67,AW67,C_C2,AW100,NO,YES,13
POL,2023,ETRIWH,PTFTW33T67,AW67,C_C2,AW100,NO,YES,32
POL,2024,ETRIWH,PTFTW33T67,AW67,C_C2,AW100,NO,YES,32
POL,2025,ETRIWH,PTFTW33T67,AW67,C_C2,AW100,NO,YES,32
ESP,2023,ETRIWH,PTFTW33T67,AW67,C_C2,AW100,NO,YES,6
ESP,2024,ETRIWH,PTFTW33T67,AW67,C_C2,AW100,NO,YES,6
ESP,2025,ETRIWH,PTFTW33T67,AW67,C_C2,AW100,NO,YES,6
SWE,2023,ETRIWH,PTFTW33T67,AW67,C_C2,AW100,NO,YES,24
SWE,2024,ETRIWH,PTFTW33T67,AW67,C_C2,AW100,NO,YES,23
SWE,2025,ETRIWH,PTFTW33T67,AW67,C_C2,AW100,NO,YES,23
GBR,2024,ETRIWH,PTFTW33T67,AW67,C_C2,AW100,NO,YES,25
GBR,2025,ETRIWH,PTFTW33T67,AW67,C_C2,AW100,NO,YES,27
OECD,2023,ETRIWH,PTFTW33T67,AW67,C_C2,AW100,NO,YES,33
OECD,2024,ETRIWH,PTFTW33T67,AW67,C_C2,AW100,NO,YES,32
OECD,2025,ETRIWH,PTFTW33T67,AW67,C_C2,AW100,NO,YES,28
USA,2023,ETRIWH,PTFTW33T67,AW67,C_C2,AW100,NO,NO,26
USA,2023,ETRIWH,PTFTW33T67,AW67,C_C2,AW100,YES,NO,26
USA,2023,ETRIWH,PTFTW33T67,AW67,C_C2,AW100,NO,YES,26
USA,2023,ETRIWH,PTFTW33T67,AW67,C_C2,AW100,YES,YES,26
USA,2024,ETRIWH,PTFTW33T67,AW67,C_C2,AW100,YES,YES,26
USA,2024,ETRIWH,PTFTW33T67,AW67,C_C2,AW100,NO,YES,26
USA,2024,ETRIWH,PTFTW33T67,AW67,C_C2,AW100,YES,NO,26
USA,2024,ETRIWH,PTFTW33T67,AW67,C_C2,AW100,NO,NO,26
USA,2025,ETRIWH,PTFTW33T67,AW67,C_C2,AW100,NO,NO,26
USA,2025,ETRIWH,PTFTW33T67,AW67,C_C2,AW100,YES,NO,26
USA,2025,ETRIWH,PTFTW33T67,AW67,C_C2,AW100,NO,YES,26
USA,2025,ETRIWH,PTFTW33T67,AW67,C_C2,AW100,YES,YES,26
FRA,2024,ETRIWH,PTFTW33T67,AW67,C_C2,AW100,NO,YES,29
FRA,2024,ETRIWH,PTFTW33T67,AW67,C_C2,AW100,YES,YES,29
FRA,2024,ETRIWH,PTFTW33T67,AW67,C_C2,AW100,NO,NO,29
FRA,2024,ETRIWH,PTFTW33T67,AW67,C_C2,AW100,YES,NO,29
FRA,2025,ETRIWH,PTFTW33T67,AW67,C_C2,AW100,YES,NO,29
FRA,2025,ETRIWH,PTFTW33T67,AW67,C_C2,AW100,NO,NO,29
FRA,2025,ETRIWH,PTFTW33T67,AW67,C_C2,AW100,YES,YES,29
FRA,2025,ETRIWH,PTFTW33T67,AW67,C_C2,AW100,NO,YES,29
GBR,2023,ETRIWH,PTFTW33T67,AW67,C_C2,AW100,NO,YES,29
GBR,2023,ETRIWH,PTFTW33T67,AW67,C_C2,AW100,NO,NO,29
GBR,2023,ETRIWH,PTFTW33T67,AW67,C_C2,AW100,YES,YES,29
GBR,2023,ETRIWH,PTFTW33T67,AW67,C_C2,AW100,YES,NO,29
POL,2023,ETRIWH,PTFTW67T100,AW67,C_C2,AW100,NO,YES,32
POL,2023,ETRIWH,PTFTW67T100,AW67,C_C2,AW100,NO,NO,32
POL,2023,ETRIWH,PTFTW67T100,AW67,C_C2,AW100,YES,NO,32
POL,2023,ETRIWH,PTFTW67T100,AW67,C_C2,AW100,YES,YES,32
POL,2024,ETRIWH,PTFTW67T100,AW67,C_C2,AW100,YES,YES,32
POL,2024,ETRIWH,PTFTW67T100,AW67,C_C2,AW100,YES,NO,32
POL,2024,ETRIWH,PTFTW67T100,AW67,C_C2,AW100,NO,NO,32
POL,2024,ETRIWH,PTFTW67T100,AW67,C_C2,AW100,NO,YES,32
POL,2025,ETRIWH,PTFTW67T100,AW67,C_C2,AW100,NO,YES,32
POL,2025,ETRIWH,PTFTW67T100,AW67,C_C2,AW100,NO,NO,32
POL,2025,ETRIWH,PTFTW67T100,AW67,C_C2,AW100,YES,NO,32
POL,2025,ETRIWH,PTFTW67T100,AW67,C_C2,AW100,YES,YES,32
GBR,2023,ETRIWH,PTFTW67T100,AW67,C_C2,AW100,NO,NO,32
GBR,2023,ETRIWH,PTFTW67T100,AW67,C_C2,AW100,YES,YES,32
GBR,2023,ETRIWH,PTFTW67T100,AW67,C_C2,AW100,YES,NO,32
GBR,2023,ETRIWH,PTFTW67T100,AW67,C_C2,AW100,NO,YES,32
FRA,2023,ETRIWH,PTFTW67T100,AW67,C_C2,AW100,YES,YES,33
FRA,2023,ETRIWH,PTFTW67T100,AW67,C_C2,AW100,NO,NO,33
FRA,2023,ETRIWH,PTFTW67T100,AW67,C_C2,AW100,YES,NO,33
FRA,2023,ETRIWH,PTFTW67T100,AW67,C_C2,AW100,NO,YES,33
FRA,2024,ETRIWH,PTFTW67T100,AW67,C_C2,AW100,NO,YES,33
FRA,2024,ETRIWH,PTFTW67T100,AW67,C_C2,AW100,YES,NO,33
FRA,2024,ETRIWH,PTFTW67T100,AW67,C_C2,AW100,NO,NO,33
FRA,2024,ETRIWH,PTFTW67T100,AW67,C_C2,AW100,YES,YES,33
FRA,2025,ETRIWH,PTFTW67T100,AW67,C_C2,AW100,YES,YES,33
FRA,2025,ETRIWH,PTFTW67T100,AW67,C_C2,AW100,NO,NO,33
FRA,2025,ETRIWH,PTFTW67T100,AW67,C_C2,AW100,YES,NO,33
FRA,2025,ETRIWH,PTFTW67T100,AW67,C_C2,AW100,NO,YES,33
ESP,2025,ETRIWH,PTFTW67T100,AW67,C_C2,AW100,YES,YES,36
ESP,2025,ETRIWH,PTFTW67T100,AW67,C_C2,AW100,NO,YES,36
ESP,2025,ETRIWH,PTFTW67T100,AW67,C_C2,AW100,NO,NO,36
ESP,2025,ETRIWH,PTFTW67T100,AW67,C_C2,AW100,YES,NO,36
OECD,2023,ETRIWH,PTFTW67T100,AW67,C_C2,AW100,YES,NO,36
OECD,2023,ETRIWH,PTFTW67T100,AW67,C_C2,AW100,YES,YES,36
OECD,2023,ETRIWH,PTFTW67T100,AW67,C_C2,AW100,NO,YES,36
OECD,2023,ETRIWH,PTFTW67T100,AW67,C_C2,AW100,NO,NO,36
OECD,2024,ETRIWH,PTFTW67T100,AW67,C_C2,AW100,NO,NO,36
OECD,2024,ETRIWH,PTFTW67T100,AW67,C_C2,AW100,YES,NO,36
OECD,2025,ETRIWH,PTFTW67T100,AW67,C_C2,AW100,YES,NO,36
OECD,2025,ETRIWH,PTFTW67T100,AW67,C_C2,AW100,NO,NO,36
ITA,2024,ETRIWH,PTFTW67T100,AW67,C_C2,AW100,NO,YES,35
ITA,2024,ETRIWH,PTFTW67T100,AW67,C_C2,AW100,YES,YES,35
DNK,2023,ETRIWH,PTFTW67T100,AW67,C_C2,AW100,NO,NO,39
DNK,2023,ETRIWH,PTFTW67T100,AW67,C_C2,AW100,YES,NO,39
DNK,2024,ETRIWH,PTFTW67T100,AW67,C_C2,AW100,YES,NO,39
DNK,2024,ETRIWH,PTFTW67T100,AW67,C_C2,AW100,NO,NO,39
AUT,2023,ETRIWH,PTFTW67T100,AW67,C_C2,AW100,NO,NO,25
AUT,2024,ETRIWH,PTFTW67T100,AW67,C_C2,AW100,NO,NO,23
AUT,2025,ETRIWH,PTFTW67T100,AW67,C_C2,AW100,NO,NO,26
BEL,2023,ETRIWH,PTFTW67T100,AW67,C_C2,AW100,NO,NO,66
BEL,2024,ETRIWH,PTFTW67T100,AW67,C_C2,AW100,NO,NO,68
BEL,2025,ETRIWH,PTFTW67T100,AW67,C_C2,AW100,NO,NO,72
DEU,2023,ETRIWH,PTFTW67T100,AW67,C_C2,AW100,NO,NO,46
DEU,2024,ETRIWH,PTFTW67T100,AW67,C_C2,AW100,NO,NO,46
DEU,2025,ETRIWH,PTFTW67T100,AW67,C_C2,AW100,NO,NO,47
ITA,2023,ETRIWH,PTFTW67T100,AW67,C_C2,AW100,NO,NO,44
ITA,2024,ETRIWH,PTFTW67T100,AW67,C_C2,AW100,NO,NO,38
ITA,2025,ETRIWH,PTFTW67T100,AW67,C_C2,AW100,NO,NO,46
NLD,2023,ETRIWH,PTFTW67T100,AW67,C_C2,AW100,NO,NO,47
NLD,2024,ETRIWH,PTFTW67T100,AW67,C_C2,AW100,NO,NO,49
ESP,2023,ETRIWH,PTFTW67T100,AW67,C_C2,AW100,NO,NO,59
ESP,2024,ETRIWH,PTFTW67T100,AW67,C_C2,AW100,NO,NO,62
SWE,2023,ETRIWH,PTFTW67T100,AW67,C_C2,AW100,NO,NO,28
SWE,2024,ETRIWH,PTFTW67T100,AW67,C_C2,AW100,NO,NO,27
SWE,2025,ETRIWH,PTFTW67T100,AW67,C_C2,AW100,NO,NO,26
GBR,2024,ETRIWH,PTFTW67T100,AW67,C_C2,AW100,NO,NO,28
GBR,2025,ETRIWH,PTFTW67T100,AW67,C_C2,AW100,NO,NO,28
USA,2023,ETRIWH,PTFTW67T100,AW67,C_C2,AW100,NO,NO,26
USA,2024,ETRIWH,PTFTW67T100,AW67,C_C2,AW100,NO,NO,26
USA,2025,ETRIWH,PTFTW67T100,AW67,C_C2,AW100,NO,NO,26
AUT,2023,ETRIWH,PTFTW67T100,AW67,C_C2,AW100,YES,NO,25
AUT,2024,ETRIWH,PTFTW67T100,AW67,C_C2,AW100,YES,NO,23
AUT,2025,ETRIWH,PTFTW67T100,AW67,C_C2,AW100,YES,NO,26
BEL,2023,ETRIWH,PTFTW67T100,AW67,C_C2,AW100,YES,NO,66
BEL,2024,ETRIWH,PTFTW67T100,AW67,C_C2,AW100,YES,NO,68
BEL,2025,ETRIWH,PTFTW67T100,AW67,C_C2,AW100,YES,NO,72
DEU,2023,ETRIWH,PTFTW67T100,AW67,C_C2,AW100,YES,NO,46
DEU,2024,ETRIWH,PTFTW67T100,AW67,C_C2,AW100,YES,NO,46
DEU,2025,ETRIWH,PTFTW67T100,AW67,C_C2,AW100,YES,NO,47
ITA,2023,ETRIWH,PTFTW67T100,AW67,C_C2,AW100,YES,NO,44
ITA,2024,ETRIWH,PTFTW67T100,AW67,C_C2,AW100,YES,NO,38
ITA,2025,ETRIWH,PTFTW67T100,AW67,C_C2,AW100,YES,NO,46
NLD,2023,ETRIWH,PTFTW67T100,AW67,C_C2,AW100,YES,NO,47
NLD,2024,ETRIWH,PTFTW67T100,AW67,C_C2,AW100,YES,NO,49
ESP,2023,ETRIWH,PTFTW67T100,AW67,C_C2,AW100,YES,NO,59
ESP,2024,ETRIWH,PTFTW67T100,AW67,C_C2,AW100,YES,NO,62
SWE,2023,ETRIWH,PTFTW67T100,AW67,C_C2,AW100,YES,NO,28
SWE,2024,ETRIWH,PTFTW67T100,AW67,C_C2,AW100,YES,NO,27
SWE,2025,ETRIWH,PTFTW67T100,AW67,C_C2,AW100,YES,NO,26
GBR,2024,ETRIWH,PTFTW67T100,AW67,C_C2,AW100,YES,NO,28
GBR,2025,ETRIWH,PTFTW67T100,AW67,C_C2,AW100,YES,NO,28
USA,2023,ETRIWH,PTFTW67T100,AW67,C_C2,AW100,YES,NO,26
USA,2024,ETRIWH,PTFTW67T100,AW67,C_C2,AW100,YES,NO,26
USA,2025,ETRIWH,PTFTW67T100,AW67,C_C2,AW100,YES,NO,26
AUT,2023,ETRIWH,PTFTW67T100,AW67,C_C2,AW100,NO,YES,25
AUT,2024,ETRIWH,PTFTW67T100,AW67,C_C2,AW100,NO,YES,23
AUT,2025,ETRIWH,PTFTW67T100,AW67,C_C2,AW100,NO,YES,26
BEL,2023,ETRIWH,PTFTW67T100,AW67,C_C2,AW100,NO,YES,66
BEL,2024,ETRIWH,PTFTW67T100,AW67,C_C2,AW100,NO,YES,68
BEL,2025,ETRIWH,PTFTW67T100,AW67,C_C2,AW100,NO,YES,72
DNK,2023,ETRIWH,PTFTW67T100,AW67,C_C2,AW100,NO,YES,39
DNK,2024,ETRIWH,PTFTW67T100,AW67,C_C2,AW100,NO,YES,39
DEU,2023,ETRIWH,PTFTW67T100,AW67,C_C2,AW100,NO,YES,46
DEU,2024,ETRIWH,PTFTW67T100,AW67,C_C2,AW100,NO,YES,46
DEU,2025,ETRIWH,PTFTW67T100,AW67,C_C2,AW100,NO,YES,47
ITA,2023,ETRIWH,PTFTW67T100,AW67,C_C2,AW100,NO,YES,48
ITA,2025,ETRIWH,PTFTW67T100,AW67,C_C2,AW100,NO,YES,45
NLD,2023,ETRIWH,PTFTW67T100,AW67,C_C2,AW100,NO,YES,47
NLD,2024,ETRIWH,PTFTW67T100,AW67,C_C2,AW100,NO,YES,49
ESP,2023,ETRIWH,PTFTW67T100,AW67,C_C2,AW100,NO,YES,59
ESP,2024,ETRIWH,PTFTW67T100,AW67,C_C2,AW100,NO,YES,62
SWE,2023,ETRIWH,PTFTW67T100,AW67,C_C2,AW100,NO,YES,28
SWE,2024,ETRIWH,PTFTW67T100,AW67,C_C2,AW100,NO,YES,27
SWE,2025,ETRIWH,PTFTW67T100,AW67,C_C2,AW100,NO,YES,26
GBR,2024,ETRIWH,PTFTW67T100,AW67,C_C2,AW100,NO,YES,28
GBR,2025,ETRIWH,PTFTW67T100,AW67,C_C2,AW100,NO,YES,28
USA,2023,ETRIWH,PTFTW67T100,AW67,C_C2,AW100,NO,YES,26
USA,2024,ETRIWH,PTFTW67T100,AW67,C_C2,AW100,NO,YES,26
USA,2025,ETRIWH,PTFTW67T100,AW67,C_C2,AW100,NO,YES,26
OECD,2024,ETRIWH,PTFTW67T100,AW67,C_C2,AW100,NO,YES,37
OECD,2025,ETRIWH,PTFTW67T100,AW67,C_C2,AW100,NO,YES,37
AUT,2023,ETRIWH,PTFTW67T100,AW67,C_C2,AW100,YES,YES,25
AUT,2024,ETRIWH,PTFTW67T100,AW67,C_C2,AW100,YES,YES,23
AUT,2025,ETRIWH,PTFTW67T100,AW67,C_C2,AW100,YES,YES,26
BEL,2023,ETRIWH,PTFTW67T100,AW67,C_C2,AW100,YES,YES,66
BEL,2024,ETRIWH,PTFTW67T100,AW67,C_C2,AW100,YES,YES,68
BEL,2025,ETRIWH,PTFTW67T100,AW67,C_C2,AW100,YES,YES,72
DNK,2023,ETRIWH,PTFTW67T100,AW67,C_C2,AW100,YES,YES,39
DNK,2024,ETRIWH,PTFTW67T100,AW67,C_C2,AW100,YES,YES,39
DEU,2023,ETRIWH,PTFTW67T100,AW67,C_C2,AW100,YES,YES,46
DEU,2024,ETRIWH,PTFTW67T100,AW67,C_C2,AW100,YES,YES,46
DEU,2025,ETRIWH,PTFTW67T100,AW67,C_C2,AW100,YES,YES,47
ITA,2023,ETRIWH,PTFTW67T100,AW67,C_C2,AW100,YES,YES,48
ITA,2025,ETRIWH,PTFTW67T100,AW67,C_C2,AW100,YES,YES,45
NLD,2023,ETRIWH,PTFTW67T100,AW67,C_C2,AW100,YES,YES,47
NLD,2024,ETRIWH,PTFTW67T100,AW67,C_C2,AW100,YES,YES,49
ESP,2023,ETRIWH,PTFTW67T100,AW67,C_C2,AW100,YES,YES,59
ESP,2024,ETRIWH,PTFTW67T100,AW67,C_C2,AW100,YES,YES,62
SWE,2023,ETRIWH,PTFTW67T100,AW67,C_C2,AW100,YES,YES,28
SWE,2024,ETRIWH,PTFTW67T100,AW67,C_C2,AW100,YES,YES,27
SWE,2025,ETRIWH,PTFTW67T100,AW67,C_C2,AW100,YES,YES,26
GBR,2024,ETRIWH,PTFTW67T100,AW67,C_C2,AW100,YES,YES,28
GBR,2025,ETRIWH,PTFTW67T100,AW67,C_C2,AW100,YES,YES,28
USA,2023,ETRIWH,PTFTW67T100,AW67,C_C2,AW100,YES,YES,26
USA,2024,ETRIWH,PTFTW67T100,AW67,C_C2,AW100,YES,YES,26
USA,2025,ETRIWH,PTFTW67T100,AW67,C_C2,AW100,YES,YES,26
OECD,2024,ETRIWH,PTFTW67T100,AW67,C_C2,AW100,YES,YES,37
OECD,2025,ETRIWH,PTFTW67T100,AW67,C_C2,AW100,YES,YES,37
AUT,2023,ETRIWH,PTFTW50T66,AW67,C_C2,AW100,NO,NO,23
AUT,2024,ETRIWH,PTFTW50T66,AW67,C_C2,AW100,NO,NO,27
AUT,2025,ETRIWH,PTFTW50T66,AW67,C_C2,AW100,NO,NO,24
BEL,2023,ETRIWH,PTFTW50T66,AW67,C_C2,AW100,NO,NO,41
BEL,2024,ETRIWH,PTFTW50T66,AW67,C_C2,AW100,NO,NO,40
BEL,2025,ETRIWH,PTFTW50T66,AW67,C_C2,AW100,NO,NO,39
DNK,2023,ETRIWH,PTFTW50T66,AW67,C_C2,AW100,NO,NO,39
DNK,2024,ETRIWH,PTFTW50T66,AW67,C_C2,AW100,NO,NO,39
DEU,2023,ETRIWH,PTFTW50T66,AW67,C_C2,AW100,NO,NO,47
DEU,2024,ETRIWH,PTFTW50T66,AW67,C_C2,AW100,NO,NO,46
DEU,2025,ETRIWH,PTFTW50T66,AW67,C_C2,AW100,NO,NO,46
ITA,2023,ETRIWH,PTFTW50T66,AW67,C_C2,AW100,NO,NO,38
ITA,2024,ETRIWH,PTFTW50T66,AW67,C_C2,AW100,NO,NO,37
ITA,2025,ETRIWH,PTFTW50T66,AW67,C_C2,AW100,NO,NO,25
NLD,2023,ETRIWH,PTFTW50T66,AW67,C_C2,AW100,NO,NO,14
NLD,2024,ETRIWH,PTFTW50T66,AW67,C_C2,AW100,NO,NO,14
ESP,2023,ETRIWH,PTFTW50T66,AW67,C_C2,AW100,NO,NO,6
ESP,2024,ETRIWH,PTFTW50T66,AW67,C_C2,AW100,NO,NO,6
ESP,2025,ETRIWH,PTFTW50T66,AW67,C_C2,AW100,NO,NO,6
SWE,2023,ETRIWH,PTFTW50T66,AW67,C_C2,AW100,NO,NO,28
SWE,2025,ETRIWH,PTFTW50T66,AW67,C_C2,AW100,NO,NO,25
GBR,2024,ETRIWH,PTFTW50T66,AW67,C_C2,AW100,NO,NO,28
GBR,2025,ETRIWH,PTFTW50T66,AW67,C_C2,AW100,NO,NO,28
OECD,2025,ETRIWH,PTFTW50T66,AW67,C_C2,AW100,NO,NO,28
AUT,2023,ETRIWH,PTFTW50T66,AW67,C_C2,AW100,YES,NO,23
AUT,2024,ETRIWH,PTFTW50T66,AW67,C_C2,AW100,YES,NO,27
AUT,2025,ETRIWH,PTFTW50T66,AW67,C_C2,AW100,YES,NO,24
BEL,2023,ETRIWH,PTFTW50T66,AW67,C_C2,AW100,YES,NO,41
BEL,2024,ETRIWH,PTFTW50T66,AW67,C_C2,AW100,YES,NO,40
BEL,2025,ETRIWH,PTFTW50T66,AW67,C_C2,AW100,YES,NO,39
DNK,2023,ETRIWH,PTFTW50T66,AW67,C_C2,AW100,YES,NO,39
DNK,2024,ETRIWH,PTFTW50T66,AW67,C_C2,AW100,YES,NO,39
DEU,2023,ETRIWH,PTFTW50T66,AW67,C_C2,AW100,YES,NO,47
DEU,2024,ETRIWH,PTFTW50T66,AW67,C_C2,AW100,YES,NO,46
DEU,2025,ETRIWH,PTFTW50T66,AW67,C_C2,AW100,YES,NO,46
ITA,2023,ETRIWH,PTFTW50T66,AW67,C_C2,AW100,YES,NO,38
ITA,2024,ETRIWH,PTFTW50T66,AW67,C_C2,AW100,YES,NO,37
ITA,2025,ETRIWH,PTFTW50T66,AW67,C_C2,AW100,YES,NO,25
NLD,2023,ETRIWH,PTFTW50T66,AW67,C_C2,AW100,YES,NO,14
NLD,2024,ETRIWH,PTFTW50T66,AW67,C_C2,AW100,YES,NO,14
ESP,2023,ETRIWH,PTFTW50T66,AW67,C_C2,AW100,YES,NO,6
ESP,2024,ETRIWH,PTFTW50T66,AW67,C_C2,AW100,YES,NO,6
ESP,2025,ETRIWH,PTFTW50T66,AW67,C_C2,AW100,YES,NO,6
SWE,2023,ETRIWH,PTFTW50T66,AW67,C_C2,AW100,YES,NO,28
SWE,2025,ETRIWH,PTFTW50T66,AW67,C_C2,AW100,YES,NO,25
GBR,2024,ETRIWH,PTFTW50T66,AW67,C_C2,AW100,YES,NO,28
GBR,2025,ETRIWH,PTFTW50T66,AW67,C_C2,AW100,YES,NO,28
OECD,2025,ETRIWH,PTFTW50T66,AW67,C_C2,AW100,YES,NO,28
AUT,2023,ETRIWH,PTFTW50T66,AW67,C_C2,AW100,YES,YES,23
AUT,2024,ETRIWH,PTFTW50T66,AW67,C_C2,AW100,YES,YES,27
AUT,2025,ETRIWH,PTFTW50T66,AW67,C_C2,AW100,YES,YES,24
BEL,2023,ETRIWH,PTFTW50T66,AW67,C_C2,AW100,YES,YES,41
BEL,2024,ETRIWH,PTFTW50T66,AW67,C_C2,AW100,YES,YES,40
BEL,2025,ETRIWH,PTFTW50T66,AW67,C_C2,AW100,YES,YES,39
DNK,2023,ETRIWH,PTFTW50T66,AW67,C_C2,AW100,YES,YES,39
DNK,2024,ETRIWH,PTFTW50T66,AW67,C_C2,AW100,YES,YES,39
DEU,2023,ETRIWH,PTFTW50T66,AW67,C_C2,AW100,YES,YES,47
DEU,2024,ETRIWH,PTFTW50T66,AW67,C_C2,AW100,YES,YES,46
DEU,2025,ETRIWH,PTFTW50T66,AW67,C_C2,AW100,YES,YES,46
ITA,2023,ETRIWH,PTFTW50T66,AW67,C_C2,AW100,YES,YES,28
ITA,2024,ETRIWH,PTFTW50T66,AW67,C_C2,AW100,YES,YES,40
ITA,2025,ETRIWH,PTFTW50T66,AW67,C_C2,AW100,YES,YES,25
NLD,2023,ETRIWH,PTFTW50T66,AW67,C_C2,AW100,YES,YES,14
NLD,2024,ETRIWH,PTFTW50T66,AW67,C_C2,AW100,YES,YES,14
ESP,2023,ETRIWH,PTFTW50T66,AW67,C_C2,AW100,YES,YES,6
ESP,2024,ETRIWH,PTFTW50T66,AW67,C_C2,AW100,YES,YES,6
ESP,2025,ETRIWH,PTFTW50T66,AW67,C_C2,AW100,YES,YES,6
SWE,2023,ETRIWH,PTFTW50T66,AW67,C_C2,AW100,YES,YES,28
SWE,2025,ETRIWH,PTFTW50T66,AW67,C_C2,AW100,YES,YES,25
GBR,2024,ETRIWH,PTFTW50T66,AW67,C_C2,AW100,YES,YES,28
GBR,2025,ETRIWH,PTFTW50T66,AW67,C_C2,AW100,YES,YES,28
OECD,2023,ETRIWH,PTFTW50T66,AW67,C_C2,AW100,YES,YES,37
OECD,2024,ETRIWH,PTFTW50T66,AW67,C_C2,AW100,YES,YES,37
AUT,2023,ETRIWH,PTFTW50T66,AW67,C_C2,AW100,NO,YES,23
AUT,2024,ETRIWH,PTFTW50T66,AW67,C_C2,AW100,NO,YES,27
AUT,2025,ETRIWH,PTFTW50T66,AW67,C_C2,AW100,NO,YES,24
BEL,2023,ETRIWH,PTFTW50T66,AW67,C_C2,AW100,NO,YES,41
BEL,2024,ETRIWH,PTFTW50T66,AW67,C_C2,AW100,NO,YES,40
BEL,2025,ETRIWH,PTFTW50T66,AW67,C_C2,AW100,NO,YES,39
DNK,2023,ETRIWH,PTFTW50T66,AW67,C_C2,AW100,NO,YES,39
DNK,2024,ETRIWH,PTFTW50T66,AW67,C_C2,AW100,NO,YES,39
DEU,2023,ETRIWH,PTFTW50T66,AW67,C_C2,AW100,NO,YES,47
DEU,2024,ETRIWH,PTFTW50T66,AW67,C_C2,AW100,NO,YES,46
DEU,2025,ETRIWH,PTFTW50T66,AW67,C_C2,AW100,NO,YES,46
ITA,2023,ETRIWH,PTFTW50T66,AW67,C_C2,AW100,NO,YES,28
ITA,2024,ETRIWH,PTFTW50T66,AW67,C_C2,AW100,NO,YES,40
ITA,2025,ETRIWH,PTFTW50T66,AW67,C_C2,AW100,NO,YES,25
NLD,2023,ETRIWH,PTFTW50T66,AW67,C_C2,AW100,NO,YES,14
NLD,2024,ETRIWH,PTFTW50T66,AW67,C_C2,AW100,NO,YES,14
ESP,2023,ETRIWH,PTFTW50T66,AW67,C_C2,AW100,NO,YES,6
ESP,2024,ETRIWH,PTFTW50T66,AW67,C_C2,AW100,NO,YES,6
ESP,2025,ETRIWH,PTFTW50T66,AW67,C_C2,AW100,NO,YES,6
SWE,2023,ETRIWH,PTFTW50T66,AW67,C_C2,AW100,NO,YES,28
SWE,2025,ETRIWH,PTFTW50T66,AW67,C_C2,AW100,NO,YES,25
GBR,2024,ETRIWH,PTFTW50T66,AW67,C_C2,AW100,NO,YES,28
GBR,2025,ETRIWH,PTFTW50T66,AW67,C_C2,AW100,NO,YES,28
OECD,2023,ETRIWH,PTFTW50T66,AW67,C_C2,AW100,NO,YES,37
OECD,2024,ETRIWH,PTFTW50T66,AW67,C_C2,AW100,NO,YES,37
SWE,2024,ETRIWH,PTFTW50T66,AW67,C_C2,AW100,NO,NO,26
SWE,2024,ETRIWH,PTFTW50T66,AW67,C_C2,AW100,YES,NO,26
SWE,2024,ETRIWH,PTFTW50T66,AW67,C_C2,AW100,YES,YES,26
SWE,2024,ETRIWH,PTFTW50T66,AW67,C_C2,AW100,NO,YES,26
USA,2023,ETRIWH,PTFTW50T66,AW67,C_C2,AW100,YES,YES,26
USA,2023,ETRIWH,PTFTW50T66,AW67,C_C2,AW100,NO,YES,26
USA,2023,ETRIWH,PTFTW50T66,AW67,C_C2,AW100,NO,NO,26
USA,2023,ETRIWH,PTFTW50T66,AW67,C_C2,AW100,YES,NO,26
USA,2024,ETRIWH,PTFTW50T66,AW67,C_C2,AW100,YES,NO,26
USA,2024,ETRIWH,PTFTW50T66,AW67,C_C2,AW100,NO,NO,26
USA,2024,ETRIWH,PTFTW50T66,AW67,C_C2,AW100,NO,YES,26
USA,2024,ETRIWH,PTFTW50T66,AW67,C_C2,AW100,YES,YES,26
USA,2025,ETRIWH,PTFTW50T66,AW67,C_C2,AW100,YES,YES,26
USA,2025,ETRIWH,PTFTW50T66,AW67,C_C2,AW100,NO,YES,26
USA,2025,ETRIWH,PTFTW50T66,AW67,C_C2,AW100,NO,NO,26
USA,2025,ETRIWH,PTFTW50T66,AW67,C_C2,AW100,YES,NO,26
POL,2023,ETRIWH,PTFTW50T66,AW67,C_C2,AW100,NO,NO,32
POL,2023,ETRIWH,PTFTW50T66,AW67,C_C2,AW100,NO,YES,32
POL,2023,ETRIWH,PTFTW50T66,AW67,C_C2,AW100,YES,NO,32
POL,2023,ETRIWH,PTFTW50T66,AW67,C_C2,AW100,YES,YES,32
POL,2024,ETRIWH,PTFTW50T66,AW67,C_C2,AW100,YES,YES,32
POL,2024,ETRIWH,PTFTW50T66,AW67,C_C2,AW100,YES,NO,32
POL,2024,ETRIWH,PTFTW50T66,AW67,C_C2,AW100,NO,YES,32
POL,2024,ETRIWH,PTFTW50T66,AW67,C_C2,AW100,NO,NO,32
POL,2025,ETRIWH,PTFTW50T66,AW67,C_C2,AW100,NO,NO,32
POL,2025,ETRIWH,PTFTW50T66,AW67,C_C2,AW100,NO,YES,32
POL,2025,ETRIWH,PTFTW50T66,AW67,C_C2,AW100,YES,NO,32
POL,2025,ETRIWH,PTFTW50T66,AW67,C_C2,AW100,YES,YES,32
GBR,2023,ETRIWH,PTFTW50T66,AW67,C_C2,AW100,YES,YES,32
GBR,2023,ETRIWH,PTFTW50T66,AW67,C_C2,AW100,YES,NO,32
GBR,2023,ETRIWH,PTFTW50T66,AW67,C_C2,AW100,NO,YES,32
GBR,2023,ETRIWH,PTFTW50T66,AW67,C_C2,AW100,NO,NO,32
OECD,2023,ETRIWH,PTFTW50T66,AW67,C_C2,AW100,NO,NO,31
OECD,2023,ETRIWH,PTFTW50T66,AW67,C_C2,AW100,YES,NO,31
FRA,2023,ETRIWH,PTFTW50T66,AW67,C_C2,AW100,NO,YES,33
FRA,2023,ETRIWH,PTFTW50T66,AW67,C_C2,AW100,YES,NO,33
FRA,2023,ETRIWH,PTFTW50T66,AW67,C_C2,AW100,YES,YES,33
FRA,2023,ETRIWH,PTFTW50T66,AW67,C_C2,AW100,NO,NO,33
FRA,2024,ETRIWH,PTFTW50T66,AW67,C_C2,AW100,NO,NO,33
FRA,2024,ETRIWH,PTFTW50T66,AW67,C_C2,AW100,YES,YES,33
FRA,2024,ETRIWH,PTFTW50T66,AW67,C_C2,AW100,YES,NO,33
FRA,2024,ETRIWH,PTFTW50T66,AW67,C_C2,AW100,NO,YES,33
FRA,2025,ETRIWH,PTFTW50T66,AW67,C_C2,AW100,NO,YES,33
FRA,2025,ETRIWH,PTFTW50T66,AW67,C_C2,AW100,YES,NO,33
FRA,2025,ETRIWH,PTFTW50T66,AW67,C_C2,AW100,YES,YES,33
FRA,2025,ETRIWH,PTFTW50T66,AW67,C_C2,AW100,NO,NO,33
OECD,2024,ETRIWH,PTFTW50T66,AW67,C_C2,AW100,YES,NO,30
OECD,2024,ETRIWH,PTFTW50T66,AW67,C_C2,AW100,NO,NO,30
OECD,2025,ETRIWH,PTFTW50T66,AW67,C_C2,AW100,NO,YES,29
OECD,2025,ETRIWH,PTFTW50T66,AW67,C_C2,AW100,YES,YES,29
POL,2023,ETRIWH,PTFTW50T100,AW67,C_C2,AW100,YES,YES,32
POL,2023,ETRIWH,PTFTW50T100,AW67,C_C2,AW100,NO,YES,32
POL,2023,ETRIWH,PTFTW50T100,AW67,C_C2,AW100,YES,NO,32
POL,2023,ETRIWH,PTFTW50T100,AW67,C_C2,AW100,NO,NO,32
POL,2024,ETRIWH,PTFTW50T100,AW67,C_C2,AW100,NO,NO,32
POL,2024,ETRIWH,PTFTW50T100,AW67,C_C2,AW100,YES,NO,32
POL,2024,ETRIWH,PTFTW50T100,AW67,C_C2,AW100,NO,YES,32
POL,2024,ETRIWH,PTFTW50T100,AW67,C_C2,AW100,YES,YES,32
POL,2025,ETRIWH,PTFTW50T100,AW67,C_C2,AW100,YES,YES,32
POL,2025,ETRIWH,PTFTW50T100,AW67,C_C2,AW100,NO,YES,32
POL,2025,ETRIWH,PTFTW50T100,AW67,C_C2,AW100,YES,NO,32
POL,2025,ETRIWH,PTFTW50T100,AW67,C_C2,AW100,NO,NO,32
GBR,2023,ETRIWH,PTFTW50T100,AW67,C_C2,AW100,YES,YES,32
GBR,2023,ETRIWH,PTFTW50T100,AW67,C_C2,AW100,NO,YES,32
GBR,2023,ETRIWH,PTFTW50T100,AW67,C_C2,AW100,YES,NO,32
GBR,2023,ETRIWH,PTFTW50T100,AW67,C_C2,AW100,NO,NO,32
FRA,2023,ETRIWH,PTFTW50T100,AW67,C_C2,AW100,NO,NO,33
FRA,2023,ETRIWH,PTFTW50T100,AW67,C_C2,AW100,NO,YES,33
FRA,2023,ETRIWH,PTFTW50T100,AW67,C_C2,AW100,YES,YES,33
FRA,2023,ETRIWH,PTFTW50T100,AW67,C_C2,AW100,YES,NO,33
FRA,2024,ETRIWH,PTFTW50T100,AW67,C_C2,AW100,YES,NO,33
FRA,2024,ETRIWH,PTFTW50T100,AW67,C_C2,AW100,YES,YES,33
FRA,2024,ETRIWH,PTFTW50T100,AW67,C_C2,AW100,NO,YES,33
FRA,2024,ETRIWH,PTFTW50T100,AW67,C_C2,AW100,NO,NO,33
FRA,2025,ETRIWH,PTFTW50T100,AW67,C_C2,AW100,NO,NO,33
FRA,2025,ETRIWH,PTFTW50T100,AW67,C_C2,AW100,NO,YES,33
FRA,2025,ETRIWH,PTFTW50T100,AW67,C_C2,AW100,YES,YES,33
FRA,2025,ETRIWH,PTFTW50T100,AW67,C_C2,AW100,YES,NO,33
OECD,2023,ETRIWH,PTFTW50T100,AW67,C_C2,AW100,YES,NO,34
OECD,2023,ETRIWH,PTFTW50T100,AW67,C_C2,AW100,NO,NO,34
OECD,2024,ETRIWH,PTFTW50T100,AW67,C_C2,AW100,NO,NO,34
OECD,2024,ETRIWH,PTFTW50T100,AW67,C_C2,AW100,YES,NO,34
OECD,2025,ETRIWH,PTFTW50T100,AW67,C_C2,AW100,YES,NO,34
OECD,2025,ETRIWH,PTFTW50T100,AW67,C_C2,AW100,YES,YES,34
OECD,2025,ETRIWH,PTFTW50T100,AW67,C_C2,AW100,NO,NO,34
OECD,2025,ETRIWH,PTFTW50T100,AW67,C_C2,AW100,NO,YES,34
AUT,2023,ETRIWH,PTFTW50T100,AW67,C_C2,AW100,NO,NO,24
AUT,2024,ETRIWH,PTFTW50T100,AW67,C_C2,AW100,NO,NO,25
AUT,2025,ETRIWH,PTFTW50T100,AW67,C_C2,AW100,NO,NO,26
BEL,2023,ETRIWH,PTFTW50T100,AW67,C_C2,AW100,NO,NO,58
BEL,2024,ETRIWH,PTFTW50T100,AW67,C_C2,AW100,NO,NO,58
BEL,2025,ETRIWH,PTFTW50T100,AW67,C_C2,AW100,NO,NO,61
DNK,2023,ETRIWH,PTFTW50T100,AW67,C_C2,AW100,NO,NO,39
DNK,2024,ETRIWH,PTFTW50T100,AW67,C_C2,AW100,NO,NO,39
DEU,2023,ETRIWH,PTFTW50T100,AW67,C_C2,AW100,NO,NO,46
DEU,2024,ETRIWH,PTFTW50T100,AW67,C_C2,AW100,NO,NO,46
DEU,2025,ETRIWH,PTFTW50T100,AW67,C_C2,AW100,NO,NO,47
ITA,2023,ETRIWH,PTFTW50T100,AW67,C_C2,AW100,NO,NO,42
ITA,2024,ETRIWH,PTFTW50T100,AW67,C_C2,AW100,NO,NO,37
ITA,2025,ETRIWH,PTFTW50T100,AW67,C_C2,AW100,NO,NO,39
NLD,2023,ETRIWH,PTFTW50T100,AW67,C_C2,AW100,NO,NO,36
NLD,2024,ETRIWH,PTFTW50T100,AW67,C_C2,AW100,NO,NO,37
ESP,2023,ETRIWH,PTFTW50T100,AW67,C_C2,AW100,NO,NO,41
ESP,2024,ETRIWH,PTFTW50T100,AW67,C_C2,AW100,NO,NO,43
ESP,2025,ETRIWH,PTFTW50T100,AW67,C_C2,AW100,NO,NO,26
SWE,2023,ETRIWH,PTFTW50T100,AW67,C_C2,AW100,NO,NO,28
SWE,2024,ETRIWH,PTFTW50T100,AW67,C_C2,AW100,NO,NO,27
SWE,2025,ETRIWH,PTFTW50T100,AW67,C_C2,AW100,NO,NO,26
GBR,2024,ETRIWH,PTFTW50T100,AW67,C_C2,AW100,NO,NO,28
GBR,2025,ETRIWH,PTFTW50T100,AW67,C_C2,AW100,NO,NO,28
USA,2023,ETRIWH,PTFTW50T100,AW67,C_C2,AW100,NO,NO,26
USA,2024,ETRIWH,PTFTW50T100,AW67,C_C2,AW100,NO,NO,26
USA,2025,ETRIWH,PTFTW50T100,AW67,C_C2,AW100,NO,NO,26
AUT,2023,ETRIWH,PTFTW50T100,AW67,C_C2,AW100,YES,NO,24
AUT,2024,ETRIWH,PTFTW50T100,AW67,C_C2,AW100,YES,NO,25
AUT,2025,ETRIWH,PTFTW50T100,AW67,C_C2,AW100,YES,NO,26
BEL,2023,ETRIWH,PTFTW50T100,AW67,C_C2,AW100,YES,NO,58
BEL,2024,ETRIWH,PTFTW50T100,AW67,C_C2,AW100,YES,NO,58
BEL,2025,ETRIWH,PTFTW50T100,AW67,C_C2,AW100,YES,NO,61
DNK,2023,ETRIWH,PTFTW50T100,AW67,C_C2,AW100,YES,NO,39
DNK,2024,ETRIWH,PTFTW50T100,AW67,C_C2,AW100,YES,NO,39
DEU,2023,ETRIWH,PTFTW50T100,AW67,C_C2,AW100,YES,NO,46
DEU,2024,ETRIWH,PTFTW50T100,AW67,C_C2,AW100,YES,NO,46
DEU,2025,ETRIWH,PTFTW50T100,AW67,C_C2,AW100,YES,NO,47
ITA,2023,ETRIWH,PTFTW50T100,AW67,C_C2,AW100,YES,NO,42
ITA,2024,ETRIWH,PTFTW50T100,AW67,C_C2,AW100,YES,NO,37
ITA,2025,ETRIWH,PTFTW50T100,AW67,C_C2,AW100,YES,NO,39
NLD,2023,ETRIWH,PTFTW50T100,AW67,C_C2,AW100,YES,NO,36
NLD,2024,ETRIWH,PTFTW50T100,AW67,C_C2,AW100,YES,NO,37
ESP,2023,ETRIWH,PTFTW50T100,AW67,C_C2,AW100,YES,NO,41
ESP,2024,ETRIWH,PTFTW50T100,AW67,C_C2,AW100,YES,NO,43
ESP,2025,ETRIWH,PTFTW50T100,AW67,C_C2,AW100,YES,NO,26
SWE,2023,ETRIWH,PTFTW50T100,AW67,C_C2,AW100,YES,NO,28
SWE,2024,ETRIWH,PTFTW50T100,AW67,C_C2,AW100,YES,NO,27
SWE,2025,ETRIWH,PTFTW50T100,AW67,C_C2,AW100,YES,NO,26
GBR,2024,ETRIWH,PTFTW50T100,AW67,C_C2,AW100,YES,NO,28
GBR,2025,ETRIWH,PTFTW50T100,AW67,C_C2,AW100,YES,NO,28
USA,2023,ETRIWH,PTFTW50T100,AW67,C_C2,AW100,YES,NO,26
USA,2024,ETRIWH,PTFTW50T100,AW67,C_C2,AW100,YES,NO,26
USA,2025,ETRIWH,PTFTW50T100,AW67,C_C2,AW100,YES,NO,26
AUT,2023,ETRIWH,PTFTW50T100,AW67,C_C2,AW100,NO,YES,24
AUT,2024,ETRIWH,PTFTW50T100,AW67,C_C2,AW100,NO,YES,25
AUT,2025,ETRIWH,PTFTW50T100,AW67,C_C2,AW100,NO,YES,26
BEL,2023,ETRIWH,PTFTW50T100,AW67,C_C2,AW100,NO,YES,58
BEL,2024,ETRIWH,PTFTW50T100,AW67,C_C2,AW100,NO,YES,58
BEL,2025,ETRIWH,PTFTW50T100,AW67,C_C2,AW100,NO,YES,61
DNK,2023,ETRIWH,PTFTW50T100,AW67,C_C2,AW100,NO,YES,39
DNK,2024,ETRIWH,PTFTW50T100,AW67,C_C2,AW100,NO,YES,39
DEU,2023,ETRIWH,PTFTW50T100,AW67,C_C2,AW100,NO,YES,46
DEU,2024,ETRIWH,PTFTW50T100,AW67,C_C2,AW100,NO,YES,46
DEU,2025,ETRIWH,PTFTW50T100,AW67,C_C2,AW100,NO,YES,47
ITA,2023,ETRIWH,PTFTW50T100,AW67,C_C2,AW100,NO,YES,41
ITA,2024,ETRIWH,PTFTW50T100,AW67,C_C2,AW100,NO,YES,37
ITA,2025,ETRIWH,PTFTW50T100,AW67,C_C2,AW100,NO,YES,39
NLD,2023,ETRIWH,PTFTW50T100,AW67,C_C2,AW100,NO,YES,36
NLD,2024,ETRIWH,PTFTW50T100,AW67,C_C2,AW100,NO,YES,37
ESP,2023,ETRIWH,PTFTW50T100,AW67,C_C2,AW100,NO,YES,41
ESP,2024,ETRIWH,PTFTW50T100,AW67,C_C2,AW100,NO,YES,43
ESP,2025,ETRIWH,PTFTW50T100,AW67,C_C2,AW100,NO,YES,26
SWE,2023,ETRIWH,PTFTW50T100,AW67,C_C2,AW100,NO,YES,28
SWE,2024,ETRIWH,PTFTW50T100,AW67,C_C2,AW100,NO,YES,27
SWE,2025,ETRIWH,PTFTW50T100,AW67,C_C2,AW100,NO,YES,26
GBR,2024,ETRIWH,PTFTW50T100,AW67,C_C2,AW100,NO,YES,28
GBR,2025,ETRIWH,PTFTW50T100,AW67,C_C2,AW100,NO,YES,28
USA,2023,ETRIWH,PTFTW50T100,AW67,C_C2,AW100,NO,YES,26
USA,2024,ETRIWH,PTFTW50T100,AW67,C_C2,AW100,NO,YES,26
USA,2025,ETRIWH,PTFTW50T100,AW67,C_C2,AW100,NO,YES,26
OECD,2023,ETRIWH,PTFTW50T100,AW67,C_C2,AW100,NO,YES,36
OECD,2024,ETRIWH,PTFTW50T100,AW67,C_C2,AW100,NO,YES,37
AUT,2023,ETRIWH,PTFTW50T100,AW67,C_C2,AW100,YES,YES,24
AUT,2024,ETRIWH,PTFTW50T100,AW67,C_C2,AW100,YES,YES,25
AUT,2025,ETRIWH,PTFTW50T100,AW67,C_C2,AW100,YES,YES,26
BEL,2023,ETRIWH,PTFTW50T100,AW67,C_C2,AW100,YES,YES,58
BEL,2024,ETRIWH,PTFTW50T100,AW67,C_C2,AW100,YES,YES,58
BEL,2025,ETRIWH,PTFTW50T100,AW67,C_C2,AW100,YES,YES,61
DNK,2023,ETRIWH,PTFTW50T100,AW67,C_C2,AW100,YES,YES,39
DNK,2024,ETRIWH,PTFTW50T100,AW67,C_C2,AW100,YES,YES,39
DEU,2023,ETRIWH,PTFTW50T100,AW67,C_C2,AW100,YES,YES,46
DEU,2024,ETRIWH,PTFTW50T100,AW67,C_C2,AW100,YES,YES,46
DEU,2025,ETRIWH,PTFTW50T100,AW67,C_C2,AW100,YES,YES,47
ITA,2023,ETRIWH,PTFTW50T100,AW67,C_C2,AW100,YES,YES,41
ITA,2024,ETRIWH,PTFTW50T100,AW67,C_C2,AW100,YES,YES,37
ITA,2025,ETRIWH,PTFTW50T100,AW67,C_C2,AW100,YES,YES,39
NLD,2023,ETRIWH,PTFTW50T100,AW67,C_C2,AW100,YES,YES,36
NLD,2024,ETRIWH,PTFTW50T100,AW67,C_C2,AW100,YES,YES,37
ESP,2023,ETRIWH,PTFTW50T100,AW67,C_C2,AW100,YES,YES,41
ESP,2024,ETRIWH,PTFTW50T100,AW67,C_C2,AW100,YES,YES,43
ESP,2025,ETRIWH,PTFTW50T100,AW67,C_C2,AW100,YES,YES,26
SWE,2023,ETRIWH,PTFTW50T100,AW67,C_C2,AW100,YES,YES,28
SWE,2024,ETRIWH,PTFTW50T100,AW67,C_C2,AW100,YES,YES,27
SWE,2025,ETRIWH,PTFTW50T100,AW67,C_C2,AW100,YES,YES,26
GBR,2024,ETRIWH,PTFTW50T100,AW67,C_C2,AW100,YES,YES,28
GBR,2025,ETRIWH,PTFTW50T100,AW67,C_C2,AW100,YES,YES,28
USA,2023,ETRIWH,PTFTW50T100,AW67,C_C2,AW100,YES,YES,26
USA,2024,ETRIWH,PTFTW50T100,AW67,C_C2,AW100,YES,YES,26
USA,2025,ETRIWH,PTFTW50T100,AW67,C_C2,AW100,YES,YES,26
OECD,2023,ETRIWH,PTFTW50T100,AW67,C_C2,AW100,YES,YES,36
OECD,2024,ETRIWH,PTFTW50T100,AW67,C_C2,AW100,YES,YES,37
AUT,2023,ETRIWH,PTFTW50T66,AW100,C_C2,AW100,YES,YES,25
AUT,2024,ETRIWH,PTFTW50T66,AW100,C_C2,AW100,YES,YES,22
AUT,2025,ETRIWH,PTFTW50T66,AW100,C_C2,AW100,YES,YES,23
BEL,2023,ETRIWH,PTFTW50T66,AW100,C_C2,AW100,YES,YES,69
BEL,2024,ETRIWH,PTFTW50T66,AW100,C_C2,AW100,YES,YES,71
BEL,2025,ETRIWH,PTFTW50T66,AW100,C_C2,AW100,YES,YES,76
DNK,2023,ETRIWH,PTFTW50T66,AW100,C_C2,AW100,YES,YES,39
DNK,2024,ETRIWH,PTFTW50T66,AW100,C_C2,AW100,YES,YES,39
DEU,2023,ETRIWH,PTFTW50T66,AW100,C_C2,AW100,YES,YES,47
DEU,2024,ETRIWH,PTFTW50T66,AW100,C_C2,AW100,YES,YES,47
DEU,2025,ETRIWH,PTFTW50T66,AW100,C_C2,AW100,YES,YES,47
ITA,2023,ETRIWH,PTFTW50T66,AW100,C_C2,AW100,YES,YES,42
ITA,2025,ETRIWH,PTFTW50T66,AW100,C_C2,AW100,YES,YES,45
NLD,2023,ETRIWH,PTFTW50T66,AW100,C_C2,AW100,YES,YES,48
NLD,2024,ETRIWH,PTFTW50T66,AW100,C_C2,AW100,YES,YES,54
ESP,2023,ETRIWH,PTFTW50T66,AW100,C_C2,AW100,YES,YES,75
ESP,2024,ETRIWH,PTFTW50T66,AW100,C_C2,AW100,YES,YES,79
ESP,2025,ETRIWH,PTFTW50T66,AW100,C_C2,AW100,YES,YES,45
SWE,2023,ETRIWH,PTFTW50T66,AW100,C_C2,AW100,YES,YES,28
SWE,2024,ETRIWH,PTFTW50T66,AW100,C_C2,AW100,YES,YES,27
SWE,2025,ETRIWH,PTFTW50T66,AW100,C_C2,AW100,YES,YES,26
GBR,2024,ETRIWH,PTFTW50T66,AW100,C_C2,AW100,YES,YES,28
GBR,2025,ETRIWH,PTFTW50T66,AW100,C_C2,AW100,YES,YES,28
USA,2023,ETRIWH,PTFTW50T66,AW100,C_C2,AW100,YES,YES,26
USA,2024,ETRIWH,PTFTW50T66,AW100,C_C2,AW100,YES,YES,26
USA,2025,ETRIWH,PTFTW50T66,AW100,C_C2,AW100,YES,YES,26
OECD,2023,ETRIWH,PTFTW50T66,AW100,C_C2,AW100,YES,YES,37
OECD,2024,ETRIWH,PTFTW50T66,AW100,C_C2,AW100,YES,YES,38
OECD,2025,ETRIWH,PTFTW50T66,AW100,C_C2,AW100,YES,YES,38
AUT,2023,ETRIWH,PTFTW50T66,AW100,C_C2,AW100,NO,YES,25
AUT,2024,ETRIWH,PTFTW50T66,AW100,C_C2,AW100,NO,YES,22
AUT,2025,ETRIWH,PTFTW50T66,AW100,C_C2,AW100,NO,YES,23
BEL,2023,ETRIWH,PTFTW50T66,AW100,C_C2,AW100,NO,YES,69
BEL,2024,ETRIWH,PTFTW50T66,AW100,C_C2,AW100,NO,YES,71
BEL,2025,ETRIWH,PTFTW50T66,AW100,C_C2,AW100,NO,YES,76
DNK,2023,ETRIWH,PTFTW50T66,AW100,C_C2,AW100,NO,YES,39
DNK,2024,ETRIWH,PTFTW50T66,AW100,C_C2,AW100,NO,YES,39
DEU,2023,ETRIWH,PTFTW50T66,AW100,C_C2,AW100,NO,YES,47
DEU,2024,ETRIWH,PTFTW50T66,AW100,C_C2,AW100,NO,YES,47
DEU,2025,ETRIWH,PTFTW50T66,AW100,C_C2,AW100,NO,YES,47
ITA,2023,ETRIWH,PTFTW50T66,AW100,C_C2,AW100,NO,YES,42
ITA,2025,ETRIWH,PTFTW50T66,AW100,C_C2,AW100,NO,YES,45
NLD,2023,ETRIWH,PTFTW50T66,AW100,C_C2,AW100,NO,YES,48
NLD,2024,ETRIWH,PTFTW50T66,AW100,C_C2,AW100,NO,YES,54
ESP,2023,ETRIWH,PTFTW50T66,AW100,C_C2,AW100,NO,YES,75
ESP,2024,ETRIWH,PTFTW50T66,AW100,C_C2,AW100,NO,YES,79
ESP,2025,ETRIWH,PTFTW50T66,AW100,C_C2,AW100,NO,YES,45
SWE,2023,ETRIWH,PTFTW50T66,AW100,C_C2,AW100,NO,YES,28
SWE,2024,ETRIWH,PTFTW50T66,AW100,C_C2,AW100,NO,YES,27
SWE,2025,ETRIWH,PTFTW50T66,AW100,C_C2,AW100,NO,YES,26
GBR,2024,ETRIWH,PTFTW50T66,AW100,C_C2,AW100,NO,YES,28
GBR,2025,ETRIWH,PTFTW50T66,AW100,C_C2,AW100,NO,YES,28
USA,2023,ETRIWH,PTFTW50T66,AW100,C_C2,AW100,NO,YES,26
USA,2024,ETRIWH,PTFTW50T66,AW100,C_C2,AW100,NO,YES,26
USA,2025,ETRIWH,PTFTW50T66,AW100,C_C2,AW100,NO,YES,26
OECD,2023,ETRIWH,PTFTW50T66,AW100,C_C2,AW100,NO,YES,37
OECD,2024,ETRIWH,PTFTW50T66,AW100,C_C2,AW100,NO,YES,38
OECD,2025,ETRIWH,PTFTW50T66,AW100,C_C2,AW100,NO,YES,38
AUT,2023,ETRIWH,PTFTW50T66,AW100,C_C2,AW100,NO,NO,25
AUT,2024,ETRIWH,PTFTW50T66,AW100,C_C2,AW100,NO,NO,22
AUT,2025,ETRIWH,PTFTW50T66,AW100,C_C2,AW100,NO,NO,23
BEL,2023,ETRIWH,PTFTW50T66,AW100,C_C2,AW100,NO,NO,69
BEL,2024,ETRIWH,PTFTW50T66,AW100,C_C2,AW100,NO,NO,71
BEL,2025,ETRIWH,PTFTW50T66,AW100,C_C2,AW100,NO,NO,76
DNK,2023,ETRIWH,PTFTW50T66,AW100,C_C2,AW100,NO,NO,39
DNK,2024,ETRIWH,PTFTW50T66,AW100,C_C2,AW100,NO,NO,39
DEU,2023,ETRIWH,PTFTW50T66,AW100,C_C2,AW100,NO,NO,47
DEU,2024,ETRIWH,PTFTW50T66,AW100,C_C2,AW100,NO,NO,47
DEU,2025,ETRIWH,PTFTW50T66,AW100,C_C2,AW100,NO,NO,47
ITA,2023,ETRIWH,PTFTW50T66,AW100,C_C2,AW100,NO,NO,46
ITA,2024,ETRIWH,PTFTW50T66,AW100,C_C2,AW100,NO,NO,39
NLD,2023,ETRIWH,PTFTW50T66,AW100,C_C2,AW100,NO,NO,48
NLD,2024,ETRIWH,PTFTW50T66,AW100,C_C2,AW100,NO,NO,54
ESP,2023,ETRIWH,PTFTW50T66,AW100,C_C2,AW100,NO,NO,75
ESP,2024,ETRIWH,PTFTW50T66,AW100,C_C2,AW100,NO,NO,79
ESP,2025,ETRIWH,PTFTW50T66,AW100,C_C2,AW100,NO,NO,45
SWE,2023,ETRIWH,PTFTW50T66,AW100,C_C2,AW100,NO,NO,28
SWE,2024,ETRIWH,PTFTW50T66,AW100,C_C2,AW100,NO,NO,27
SWE,2025,ETRIWH,PTFTW50T66,AW100,C_C2,AW100,NO,NO,26
GBR,2024,ETRIWH,PTFTW50T66,AW100,C_C2,AW100,NO,NO,28
GBR,2025,ETRIWH,PTFTW50T66,AW100,C_C2,AW100,NO,NO,28
USA,2023,ETRIWH,PTFTW50T66,AW100,C_C2,AW100,NO,NO,26
USA,2024,ETRIWH,PTFTW50T66,AW100,C_C2,AW100,NO,NO,26
USA,2025,ETRIWH,PTFTW50T66,AW100,C_C2,AW100,NO,NO,26
OECD,2023,ETRIWH,PTFTW50T66,AW100,C_C2,AW100,NO,NO,37
OECD,2024,ETRIWH,PTFTW50T66,AW100,C_C2,AW100,NO,NO,38
OECD,2025,ETRIWH,PTFTW50T66,AW100,C_C2,AW100,NO,NO,37
AUT,2023,ETRIWH,PTFTW50T66,AW100,C_C2,AW100,YES,NO,25
AUT,2024,ETRIWH,PTFTW50T66,AW100,C_C2,AW100,YES,NO,22
AUT,2025,ETRIWH,PTFTW50T66,AW100,C_C2,AW100,YES,NO,23
BEL,2023,ETRIWH,PTFTW50T66,AW100,C_C2,AW100,YES,NO,69
BEL,2024,ETRIWH,PTFTW50T66,AW100,C_C2,AW100,YES,NO,71
BEL,2025,ETRIWH,PTFTW50T66,AW100,C_C2,AW100,YES,NO,76
DNK,2023,ETRIWH,PTFTW50T66,AW100,C_C2,AW100,YES,NO,39
DNK,2024,ETRIWH,PTFTW50T66,AW100,C_C2,AW100,YES,NO,39
DEU,2023,ETRIWH,PTFTW50T66,AW100,C_C2,AW100,YES,NO,47
DEU,2024,ETRIWH,PTFTW50T66,AW100,C_C2,AW100,YES,NO,47
DEU,2025,ETRIWH,PTFTW50T66,AW100,C_C2,AW100,YES,NO,47
ITA,2023,ETRIWH,PTFTW50T66,AW100,C_C2,AW100,YES,NO,46
ITA,2024,ETRIWH,PTFTW50T66,AW100,C_C2,AW100,YES,NO,39
NLD,2023,ETRIWH,PTFTW50T66,AW100,C_C2,AW100,YES,NO,48
NLD,2024,ETRIWH,PTFTW50T66,AW100,C_C2,AW100,YES,NO,54
ESP,2023,ETRIWH,PTFTW50T66,AW100,C_C2,AW100,YES,NO,75
ESP,2024,ETRIWH,PTFTW50T66,AW100,C_C2,AW100,YES,NO,79
ESP,2025,ETRIWH,PTFTW50T66,AW100,C_C2,AW100,YES,NO,45
SWE,2023,ETRIWH,PTFTW50T66,AW100,C_C2,AW100,YES,NO,28
SWE,2024,ETRIWH,PTFTW50T66,AW100,C_C2,AW100,YES,NO,27
SWE,2025,ETRIWH,PTFTW50T66,AW100,C_C2,AW100,YES,NO,26
GBR,2024,ETRIWH,PTFTW50T66,AW100,C_C2,AW100,YES,NO,28
GBR,2025,ETRIWH,PTFTW50T66,AW100,C_C2,AW100,YES,NO,28
USA,2023,ETRIWH,PTFTW50T66,AW100,C_C2,AW100,YES,NO,26
USA,2024,ETRIWH,PTFTW50T66,AW100,C_C2,AW100,YES,NO,26
USA,2025,ETRIWH,PTFTW50T66,AW100,C_C2,AW100,YES,NO,26
OECD,2023,ETRIWH,PTFTW50T66,AW100,C_C2,AW100,YES,NO,37
OECD,2024,ETRIWH,PTFTW50T66,AW100,C_C2,AW100,YES,NO,38
OECD,2025,ETRIWH,PTFTW50T66,AW100,C_C2,AW100,YES,NO,37
ITA,2025,ETRIWH,PTFTW50T66,AW100,C_C2,AW100,YES,NO,40
ITA,2025,ETRIWH,PTFTW50T66,AW100,C_C2,AW100,NO,NO,40
SWE,2023,ETRIWH,PTFTW67T100,AW100,C_C2,AW100,NO,YES,31
SWE,2023,ETRIWH,PTFTW67T100,AW100,C_C2,AW100,YES,YES,31
SWE,2023,ETRIWH,PTFTW67T100,AW100,C_C2,AW100,YES,NO,31
SWE,2023,ETRIWH,PTFTW67T100,AW100,C_C2,AW100,NO,NO,31
GBR,2025,ETRIWH,PTFTW67T100,AW100,C_C2,AW100,YES,YES,31
GBR,2025,ETRIWH,PTFTW67T100,AW100,C_C2,AW100,NO,YES,31
GBR,2025,ETRIWH,PTFTW67T100,AW100,C_C2,AW100,NO,NO,31
GBR,2025,ETRIWH,PTFTW67T100,AW100,C_C2,AW100,YES,NO,31
DEU,2024,ETRIWH,PTFTW67T100,AW100,C_C2,AW100,NO,NO,46
DEU,2024,ETRIWH,PTFTW67T100,AW100,C_C2,AW100,NO,YES,46
DEU,2024,ETRIWH,PTFTW67T100,AW100,C_C2,AW100,YES,NO,46
DEU,2024,ETRIWH,PTFTW67T100,AW100,C_C2,AW100,YES,YES,46
OECD,2023,ETRIWH,PTFTW67T100,AW100,C_C2,AW100,NO,NO,38
OECD,2023,ETRIWH,PTFTW67T100,AW100,C_C2,AW100,NO,YES,38
OECD,2023,ETRIWH,PTFTW67T100,AW100,C_C2,AW100,YES,YES,38
OECD,2023,ETRIWH,PTFTW67T100,AW100,C_C2,AW100,YES,NO,38
OECD,2024,ETRIWH,PTFTW67T100,AW100,C_C2,AW100,YES,NO,38
OECD,2024,ETRIWH,PTFTW67T100,AW100,C_C2,AW100,YES,YES,38
OECD,2024,ETRIWH,PTFTW67T100,AW100,C_C2,AW100,NO,YES,38
OECD,2024,ETRIWH,PTFTW67T100,AW100,C_C2,AW100,NO,NO,38
OECD,2025,ETRIWH,PTFTW67T100,AW100,C_C2,AW100,NO,NO,38
OECD,2025,ETRIWH,PTFTW67T100,AW100,C_C2,AW100,YES,NO,38
SWE,2025,ETRIWH,PTFTW67T100,AW100,C_C2,AW100,NO,YES,29
SWE,2025,ETRIWH,PTFTW67T100,AW100,C_C2,AW100,YES,YES,29
SWE,2025,ETRIWH,PTFTW67T100,AW100,C_C2,AW100,YES,NO,29
SWE,2025,ETRIWH,PTFTW67T100,AW100,C_C2,AW100,NO,NO,29
GBR,2024,ETRIWH,PTFTW67T100,AW100,C_C2,AW100,YES,NO,29
GBR,2024,ETRIWH,PTFTW67T100,AW100,C_C2,AW100,NO,NO,29
GBR,2024,ETRIWH,PTFTW67T100,AW100,C_C2,AW100,NO,YES,29
GBR,2024,ETRIWH,PTFTW67T100,AW100,C_C2,AW100,YES,YES,29
AUT,2023,ETRIWH,PTFTW67T100,AW100,C_C2,AW100,YES,YES,43
AUT,2023,ETRIWH,PTFTW67T100,AW100,C_C2,AW100,YES,NO,43
AUT,2023,ETRIWH,PTFTW67T100,AW100,C_C2,AW100,NO,NO,43
AUT,2023,ETRIWH,PTFTW67T100,AW100,C_C2,AW100,NO,YES,43
FRA,2025,ETRIWH,PTFTW67T100,AW100,C_C2,AW100,NO,YES,39
FRA,2025,ETRIWH,PTFTW67T100,AW100,C_C2,AW100,YES,NO,39
FRA,2025,ETRIWH,PTFTW67T100,AW100,C_C2,AW100,NO,NO,39
FRA,2025,ETRIWH,PTFTW67T100,AW100,C_C2,AW100,YES,YES,39
AUT,2024,ETRIWH,PTFTW67T100,AW100,C_C2,AW100,NO,YES,44
AUT,2024,ETRIWH,PTFTW67T100,AW100,C_C2,AW100,NO,NO,44
AUT,2024,ETRIWH,PTFTW67T100,AW100,C_C2,AW100,YES,NO,44
AUT,2024,ETRIWH,PTFTW67T100,AW100,C_C2,AW100,YES,YES,44
AUT,2025,ETRIWH,PTFTW67T100,AW100,C_C2,AW100,YES,YES,44
AUT,2025,ETRIWH,PTFTW67T100,AW100,C_C2,AW100,YES,NO,44
AUT,2025,ETRIWH,PTFTW67T100,AW100,C_C2,AW100,NO,NO,44
AUT,2025,ETRIWH,PTFTW67T100,AW100,C_C2,AW100,NO,YES,44
DNK,2023,ETRIWH,PTFTW67T100,AW100,C_C2,AW100,NO,YES,41
DNK,2023,ETRIWH,PTFTW67T100,AW100,C_C2,AW100,YES,YES,41
DNK,2023,ETRIWH,PTFTW67T100,AW100,C_C2,AW100,YES,NO,41
DNK,2023,ETRIWH,PTFTW67T100,AW100,C_C2,AW100,NO,NO,41
DNK,2024,ETRIWH,PTFTW67T100,AW100,C_C2,AW100,NO,NO,41
DNK,2024,ETRIWH,PTFTW67T100,AW100,C_C2,AW100,YES,NO,41
DNK,2024,ETRIWH,PTFTW67T100,AW100,C_C2,AW100,YES,YES,41
DNK,2024,ETRIWH,PTFTW67T100,AW100,C_C2,AW100,NO,YES,41
DEU,2023,ETRIWH,PTFTW67T100,AW100,C_C2,AW100,YES,YES,47
DEU,2023,ETRIWH,PTFTW67T100,AW100,C_C2,AW100,YES,NO,47
DEU,2023,ETRIWH,PTFTW67T100,AW100,C_C2,AW100,NO,YES,47
DEU,2023,ETRIWH,PTFTW67T100,AW100,C_C2,AW100,NO,NO,47
DEU,2025,ETRIWH,PTFTW67T100,AW100,C_C2,AW100,YES,YES,47
DEU,2025,ETRIWH,PTFTW67T100,AW100,C_C2,AW100,YES,NO,47
DEU,2025,ETRIWH,PTFTW67T100,AW100,C_C2,AW100,NO,YES,47
DEU,2025,ETRIWH,PTFTW67T100,AW100,C_C2,AW100,NO,NO,47
FRA,2023,ETRIWH,PTFTW67T100,AW100,C_C2,AW100,NO,YES,40
FRA,2023,ETRIWH,PTFTW67T100,AW100,C_C2,AW100,YES,NO,40
FRA,2023,ETRIWH,PTFTW67T100,AW100,C_C2,AW100,NO,NO,40
FRA,2023,ETRIWH,PTFTW67T100,AW100,C_C2,AW100,YES,YES,40
FRA,2024,ETRIWH,PTFTW67T100,AW100,C_C2,AW100,YES,YES,40
FRA,2024,ETRIWH,PTFTW67T100,AW100,C_C2,AW100,NO,NO,40
FRA,2024,ETRIWH,PTFTW67T100,AW100,C_C2,AW100,YES,NO,40
FRA,2024,ETRIWH,PTFTW67T100,AW100,C_C2,AW100,NO,YES,40
OECD,2025,ETRIWH,PTFTW67T100,AW100,C_C2,AW100,NO,YES,40
OECD,2025,ETRIWH,PTFTW67T100,AW100,C_C2,AW100,YES,YES,40
ITA,2023,ETRIWH,PTFTW67T100,AW100,C_C2,AW100,YES,YES,52
ITA,2023,ETRIWH,PTFTW67T100,AW100,C_C2,AW100,YES,NO,52
ITA,2023,ETRIWH,PTFTW67T100,AW100,C_C2,AW100,NO,YES,52
ITA,2023,ETRIWH,PTFTW67T100,AW100,C_C2,AW100,NO,NO,52
ITA,2024,ETRIWH,PTFTW67T100,AW100,C_C2,AW100,NO,NO,52
ITA,2024,ETRIWH,PTFTW67T100,AW100,C_C2,AW100,NO,YES,52
ITA,2024,ETRIWH,PTFTW67T100,AW100,C_C2,AW100,YES,NO,52
ITA,2024,ETRIWH,PTFTW67T100,AW100,C_C2,AW100,YES,YES,52
ITA,2025,ETRIWH,PTFTW67T100,AW100,C_C2,AW100,YES,YES,51
ITA,2025,ETRIWH,PTFTW67T100,AW100,C_C2,AW100,YES,NO,51
ITA,2025,ETRIWH,PTFTW67T100,AW100,C_C2,AW100,NO,YES,51
ITA,2025,ETRIWH,PTFTW67T100,AW100,C_C2,AW100,NO,NO,51
NLD,2023,ETRIWH,PTFTW67T100,AW100,C_C2,AW100,NO,YES,54
NLD,2023,ETRIWH,PTFTW67T100,AW100,C_C2,AW100,NO,NO,54
NLD,2023,ETRIWH,PTFTW67T100,AW100,C_C2,AW100,YES,NO,54
NLD,2023,ETRIWH,PTFTW67T100,AW100,C_C2,AW100,YES,YES,54
NLD,2024,ETRIWH,PTFTW67T100,AW100,C_C2,AW100,YES,YES,55
NLD,2024,ETRIWH,PTFTW67T100,AW100,C_C2,AW100,YES,NO,55
NLD,2024,ETRIWH,PTFTW67T100,AW100,C_C2,AW100,NO,NO,55
NLD,2024,ETRIWH,PTFTW67T100,AW100,C_C2,AW100,NO,YES,55
ESP,2025,ETRIWH,PTFTW67T100,AW100,C_C2,AW100,YES,YES,50
ESP,2025,ETRIWH,PTFTW67T100,AW100,C_C2,AW100,NO,YES,50
ESP,2025,ETRIWH,PTFTW67T100,AW100,C_C2,AW100,NO,NO,50
ESP,2025,ETRIWH,PTFTW67T100,AW100,C_C2,AW100,YES,NO,50
BEL,2023,ETRIWH,PTFTW67T100,AW100,C_C2,AW100,YES,YES,58
BEL,2023,ETRIWH,PTFTW67T100,AW100,C_C2,AW100,YES,NO,58
BEL,2023,ETRIWH,PTFTW67T100,AW100,C_C2,AW100,NO,NO,58
BEL,2023,ETRIWH,PTFTW67T100,AW100,C_C2,AW100,NO,YES,58
BEL,2024,ETRIWH,PTFTW67T100,AW100,C_C2,AW100,NO,YES,58
BEL,2024,ETRIWH,PTFTW67T100,AW100,C_C2,AW100,NO,NO,58
BEL,2024,ETRIWH,PTFTW67T100,AW100,C_C2,AW100,YES,NO,58
BEL,2024,ETRIWH,PTFTW67T100,AW100,C_C2,AW100,YES,YES,58
BEL,2025,ETRIWH,PTFTW67T100,AW100,C_C2,AW100,YES,YES,57
BEL,2025,ETRIWH,PTFTW67T100,AW100,C_C2,AW100,YES,NO,57
BEL,2025,ETRIWH,PTFTW67T100,AW100,C_C2,AW100,NO,NO,57
BEL,2025,ETRIWH,PTFTW67T100,AW100,C_C2,AW100,NO,YES,57
DEU,2023,ETRIWH,PTFTW33T67,AW100,C_C2,AW100,YES,NO,47
DEU,2023,ETRIWH,PTFTW33T67,AW100,C_C2,AW100,NO,YES,47
DEU,2023,ETRIWH,PTFTW33T67,AW100,C_C2,AW100,YES,YES,47
DEU,2023,ETRIWH,PTFTW33T67,AW100,C_C2,AW100,NO,NO,47
DEU,2025,ETRIWH,PTFTW33T67,AW100,C_C2,AW100,YES,NO,47
DEU,2025,ETRIWH,PTFTW33T67,AW100,C_C2,AW100,NO,YES,47
DEU,2025,ETRIWH,PTFTW33T67,AW100,C_C2,AW100,YES,YES,47
DEU,2025,ETRIWH,PTFTW33T67,AW100,C_C2,AW100,NO,NO,47
AUT,2023,ETRIWH,PTFTW33T67,AW100,C_C2,AW100,NO,YES,24
AUT,2023,ETRIWH,PTFTW33T67,AW100,C_C2,AW100,NO,NO,24
AUT,2023,ETRIWH,PTFTW33T67,AW100,C_C2,AW100,YES,YES,24
AUT,2023,ETRIWH,PTFTW33T67,AW100,C_C2,AW100,YES,NO,24
AUT,2024,ETRIWH,PTFTW33T67,AW100,C_C2,AW100,YES,NO,24
AUT,2024,ETRIWH,PTFTW33T67,AW100,C_C2,AW100,YES,YES,24
AUT,2024,ETRIWH,PTFTW33T67,AW100,C_C2,AW100,NO,NO,24
AUT,2024,ETRIWH,PTFTW33T67,AW100,C_C2,AW100,NO,YES,24
ITA,2024,ETRIWH,PTFTW33T67,AW100,C_C2,AW100,NO,YES,37
ITA,2024,ETRIWH,PTFTW33T67,AW100,C_C2,AW100,YES,YES,37
ITA,2024,ETRIWH,PTFTW33T67,AW100,C_C2,AW100,NO,NO,37
ITA,2024,ETRIWH,PTFTW33T67,AW100,C_C2,AW100,YES,NO,37
NLD,2024,ETRIWH,PTFTW33T67,AW100,C_C2,AW100,YES,YES,37
NLD,2024,ETRIWH,PTFTW33T67,AW100,C_C2,AW100,NO,NO,37
NLD,2024,ETRIWH,PTFTW33T67,AW100,C_C2,AW100,NO,YES,37
NLD,2024,ETRIWH,PTFTW33T67,AW100,C_C2,AW100,YES,NO,37
SWE,2023,ETRIWH,PTFTW33T67,AW100,C_C2,AW100,YES,YES,28
SWE,2023,ETRIWH,PTFTW33T67,AW100,C_C2,AW100,NO,YES,28
SWE,2023,ETRIWH,PTFTW33T67,AW100,C_C2,AW100,YES,NO,28
SWE,2023,ETRIWH,PTFTW33T67,AW100,C_C2,AW100,NO,NO,28
GBR,2024,ETRIWH,PTFTW33T67,AW100,C_C2,AW100,NO,NO,28
GBR,2024,ETRIWH,PTFTW33T67,AW100,C_C2,AW100,NO,YES,28
GBR,2024,ETRIWH,PTFTW33T67,AW100,C_C2,AW100,YES,NO,28
GBR,2024,ETRIWH,PTFTW33T67,AW100,C_C2,AW100,YES,YES,28
GBR,2025,ETRIWH,PTFTW33T67,AW100,C_C2,AW100,YES,YES,28
GBR,2025,ETRIWH,PTFTW33T67,AW100,C_C2,AW100,YES,NO,28
GBR,2025,ETRIWH,PTFTW33T67,AW100,C_C2,AW100,NO,YES,28
GBR,2025,ETRIWH,PTFTW33T67,AW100,C_C2,AW100,NO,NO,28
BEL,2023,ETRIWH,PTFTW33T67,AW100,C_C2,AW100,NO,NO,57
BEL,2023,ETRIWH,PTFTW33T67,AW100,C_C2,AW100,NO,YES,57
BEL,2023,ETRIWH,PTFTW33T67,AW100,C_C2,AW100,YES,NO,57
BEL,2023,ETRIWH,PTFTW33T67,AW100,C_C2,AW100,YES,YES,57
BEL,2024,ETRIWH,PTFTW33T67,AW100,C_C2,AW100,YES,YES,58
BEL,2024,ETRIWH,PTFTW33T67,AW100,C_C2,AW100,YES,NO,58
BEL,2024,ETRIWH,PTFTW33T67,AW100,C_C2,AW100,NO,YES,58
BEL,2024,ETRIWH,PTFTW33T67,AW100,C_C2,AW100,NO,NO,58
BEL,2025,ETRIWH,PTFTW33T67,AW100,C_C2,AW100,NO,NO,60
BEL,2025,ETRIWH,PTFTW33T67,AW100,C_C2,AW100,NO,YES,60
BEL,2025,ETRIWH,PTFTW33T67,AW100,C_C2,AW100,YES,NO,60
BEL,2025,ETRIWH,PTFTW33T67,AW100,C_C2,AW100,YES,YES,60
ITA,2023,ETRIWH,PTFTW33T67,AW100,C_C2,AW100,YES,YES,41
ITA,2023,ETRIWH,PTFTW33T67,AW100,C_C2,AW100,NO,YES,41
ESP,2023,ETRIWH,PTFTW33T67,AW100,C_C2,AW100,YES,NO,41
ESP,2023,ETRIWH,PTFTW33T67,AW100,C_C2,AW100,NO,NO,41
ESP,2023,ETRIWH,PTFTW33T67,AW100,C_C2,AW100,NO,YES,41
ESP,2023,ETRIWH,PTFTW33T67,AW100,C_C2,AW100,YES,YES,41
ITA,2025,ETRIWH,PTFTW33T67,AW100,C_C2,AW100,YES,NO,38
ITA,2025,ETRIWH,PTFTW33T67,AW100,C_C2,AW100,NO,NO,38
ITA,2025,ETRIWH,PTFTW33T67,AW100,C_C2,AW100,YES,YES,38
ITA,2025,ETRIWH,PTFTW33T67,AW100,C_C2,AW100,NO,YES,38
DEU,2024,ETRIWH,PTFTW33T67,AW100,C_C2,AW100,NO,NO,46
DEU,2024,ETRIWH,PTFTW33T67,AW100,C_C2,AW100,YES,YES,46
DEU,2024,ETRIWH,PTFTW33T67,AW100,C_C2,AW100,NO,YES,46
DEU,2024,ETRIWH,PTFTW33T67,AW100,C_C2,AW100,YES,NO,46
ESP,2024,ETRIWH,PTFTW33T67,AW100,C_C2,AW100,YES,YES,43
ESP,2024,ETRIWH,PTFTW33T67,AW100,C_C2,AW100,NO,YES,43
ESP,2024,ETRIWH,PTFTW33T67,AW100,C_C2,AW100,NO,NO,43
ESP,2024,ETRIWH,PTFTW33T67,AW100,C_C2,AW100,YES,NO,43
SWE,2024,ETRIWH,PTFTW33T67,AW100,C_C2,AW100,NO,NO,27
SWE,2024,ETRIWH,PTFTW33T67,AW100,C_C2,AW100,YES,NO,27
SWE,2024,ETRIWH,PTFTW33T67,AW100,C_C2,AW100,NO,YES,27
SWE,2024,ETRIWH,PTFTW33T67,AW100,C_C2,AW100,YES,YES,27
AUT,2025,ETRIWH,PTFTW33T67,AW100,C_C2,AW100,NO,YES,26
AUT,2025,ETRIWH,PTFTW33T67,AW100,C_C2,AW100,NO,NO,26
AUT,2025,ETRIWH,PTFTW33T67,AW100,C_C2,AW100,YES,YES,26
AUT,2025,ETRIWH,PTFTW33T67,AW100,C_C2,AW100,YES,NO,26
ESP,2025,ETRIWH,PTFTW33T67,AW100,C_C2,AW100,YES,NO,26
ESP,2025,ETRIWH,PTFTW33T67,AW100,C_C2,AW100,NO,NO,26
ESP,2025,ETRIWH,PTFTW33T67,AW100,C_C2,AW100,NO,YES,26
ESP,2025,ETRIWH,PTFTW33T67,AW100,C_C2,AW100,YES,YES,26
SWE,2025,ETRIWH,PTFTW33T67,AW100,C_C2,AW100,YES,YES,26
SWE,2025,ETRIWH,PTFTW33T67,AW100,C_C2,AW100,NO,YES,26
SWE,2025,ETRIWH,PTFTW33T67,AW100,C_C2,AW100,YES,NO,26
SWE,2025,ETRIWH,PTFTW33T67,AW100,C_C2,AW100,NO,NO,26
USA,2023,ETRIWH,PTFTW33T67,AW100,C_C2,AW100,NO,NO,26
USA,2023,ETRIWH,PTFTW33T67,AW100,C_C2,AW100,YES,NO,26
USA,2023,ETRIWH,PTFTW33T67,AW100,C_C2,AW100,YES,YES,26
USA,2023,ETRIWH,PTFTW33T67,AW100,C_C2,AW100,NO,YES,26
USA,2024,ETRIWH,PTFTW33T67,AW100,C_C2,AW100,NO,YES,26
USA,2024,ETRIWH,PTFTW33T67,AW100,C_C2,AW100,YES,YES,26
USA,2024,ETRIWH,PTFTW33T67,AW100,C_C2,AW100,YES,NO,26
USA,2024,ETRIWH,PTFTW33T67,AW100,C_C2,AW100,NO,NO,26
USA,2025,ETRIWH,PTFTW33T67,AW100,C_C2,AW100,NO,NO,26
USA,2025,ETRIWH,PTFTW33T67,AW100,C_C2,AW100,YES,NO,26
USA,2025,ETRIWH,PTFTW33T67,AW100,C_C2,AW100,YES,YES,26
USA,2025,ETRIWH,PTFTW33T67,AW100,C_C2,AW100,NO,YES,26
ITA,2023,ETRIWH,PTFTW33T67,AW100,C_C2,AW100,YES,NO,42
ITA,2023,ETRIWH,PTFTW33T67,AW100,C_C2,AW100,NO,NO,42
DNK,2023,ETRIWH,PTFTW33T67,AW100,C_C2,AW100,YES,YES,39
DNK,2023,ETRIWH,PTFTW33T67,AW100,C_C2,AW100,NO,NO,39
DNK,2023,ETRIWH,PTFTW33T67,AW100,C_C2,AW100,NO,YES,39
DNK,2023,ETRIWH,PTFTW33T67,AW100,C_C2,AW100,YES,NO,39
DNK,2024,ETRIWH,PTFTW33T67,AW100,C_C2,AW100,YES,NO,39
DNK,2024,ETRIWH,PTFTW33T67,AW100,C_C2,AW100,NO,YES,39
DNK,2024,ETRIWH,PTFTW33T67,AW100,C_C2,AW100,NO,NO,39
DNK,2024,ETRIWH,PTFTW33T67,AW100,C_C2,AW100,YES,YES,39
AUT,2023,ETRIWH,PTFTW50T100,AW100,C_C2,AW100,NO,YES,37
AUT,2023,ETRIWH,PTFTW50T100,AW100,C_C2,AW100,YES,NO,37
AUT,2023,ETRIWH,PTFTW50T100,AW100,C_C2,AW100,NO,NO,37
AUT,2023,ETRIWH,PTFTW50T100,AW100,C_C2,AW100,YES,YES,37
AUT,2025,ETRIWH,PTFTW50T100,AW100,C_C2,AW100,NO,YES,37
AUT,2025,ETRIWH,PTFTW50T100,AW100,C_C2,AW100,YES,NO,37
AUT,2025,ETRIWH,PTFTW50T100,AW100,C_C2,AW100,NO,NO,37
AUT,2025,ETRIWH,PTFTW50T100,AW100,C_C2,AW100,YES,YES,37
FRA,2024,ETRIWH,PTFTW50T100,AW100,C_C2,AW100,YES,YES,37
FRA,2024,ETRIWH,PTFTW50T100,AW100,C_C2,AW100,NO,YES,37
FRA,2024,ETRIWH,PTFTW50T100,AW100,C_C2,AW100,YES,NO,37
FRA,2024,ETRIWH,PTFTW50T100,AW100,C_C2,AW100,NO,NO,37
FRA,2025,ETRIWH,PTFTW50T100,AW100,C_C2,AW100,NO,NO,37
FRA,2025,ETRIWH,PTFTW50T100,AW100,C_C2,AW100,YES,NO,37
FRA,2025,ETRIWH,PTFTW50T100,AW100,C_C2,AW100,NO,YES,37
FRA,2025,ETRIWH,PTFTW50T100,AW100,C_C2,AW100,YES,YES,37
USA,2024,ETRIWH,PTFTW50T100,AW100,C_C2,AW100,YES,NO,31
USA,2024,ETRIWH,PTFTW50T100,AW100,C_C2,AW100,YES,YES,31
USA,2024,ETRIWH,PTFTW50T100,AW100,C_C2,AW100,NO,YES,31
USA,2024,ETRIWH,PTFTW50T100,AW100,C_C2,AW100,NO,NO,31
USA,2025,ETRIWH,PTFTW50T100,AW100,C_C2,AW100,NO,NO,31
USA,2025,ETRIWH,PTFTW50T100,AW100,C_C2,AW100,NO,YES,31
USA,2025,ETRIWH,PTFTW50T100,AW100,C_C2,AW100,YES,YES,31
USA,2025,ETRIWH,PTFTW50T100,AW100,C_C2,AW100,YES,NO,31
SWE,2024,ETRIWH,PTFTW50T100,AW100,C_C2,AW100,NO,YES,29
SWE,2024,ETRIWH,PTFTW50T100,AW100,C_C2,AW100,YES,YES,29
SWE,2024,ETRIWH,PTFTW50T100,AW100,C_C2,AW100,YES,NO,29
SWE,2024,ETRIWH,PTFTW50T100,AW100,C_C2,AW100,NO,NO,29
GBR,2024,ETRIWH,PTFTW50T100,AW100,C_C2,AW100,YES,YES,29
GBR,2024,ETRIWH,PTFTW50T100,AW100,C_C2,AW100,YES,NO,29
GBR,2024,ETRIWH,PTFTW50T100,AW100,C_C2,AW100,NO,YES,29
GBR,2024,ETRIWH,PTFTW50T100,AW100,C_C2,AW100,NO,NO,29
ITA,2025,ETRIWH,PTFTW50T100,AW100,C_C2,AW100,NO,NO,48
ITA,2025,ETRIWH,PTFTW50T100,AW100,C_C2,AW100,YES,NO,48
ESP,2024,ETRIWH,PTFTW50T100,AW100,C_C2,AW100,NO,NO,48
ESP,2024,ETRIWH,PTFTW50T100,AW100,C_C2,AW100,NO,YES,48
ESP,2024,ETRIWH,PTFTW50T100,AW100,C_C2,AW100,YES,YES,48
ESP,2024,ETRIWH,PTFTW50T100,AW100,C_C2,AW100,YES,NO,48
ESP,2025,ETRIWH,PTFTW50T100,AW100,C_C2,AW100,YES,NO,48
ESP,2025,ETRIWH,PTFTW50T100,AW100,C_C2,AW100,YES,YES,48
ESP,2025,ETRIWH,PTFTW50T100,AW100,C_C2,AW100,NO,YES,48
ESP,2025,ETRIWH,PTFTW50T100,AW100,C_C2,AW100,NO,NO,48
DEU,2023,ETRIWH,PTFTW50T100,AW100,C_C2,AW100,YES,YES,47
DEU,2023,ETRIWH,PTFTW50T100,AW100,C_C2,AW100,NO,YES,47
DEU,2023,ETRIWH,PTFTW50T100,AW100,C_C2,AW100,YES,NO,47
DEU,2023,ETRIWH,PTFTW50T100,AW100,C_C2,AW100,NO,NO,47
DEU,2025,ETRIWH,PTFTW50T100,AW100,C_C2,AW100,YES,YES,47
DEU,2025,ETRIWH,PTFTW50T100,AW100,C_C2,AW100,NO,YES,47
DEU,2025,ETRIWH,PTFTW50T100,AW100,C_C2,AW100,YES,NO,47
DEU,2025,ETRIWH,PTFTW50T100,AW100,C_C2,AW100,NO,NO,47
ITA,2024,ETRIWH,PTFTW50T100,AW100,C_C2,AW100,YES,NO,47
ITA,2024,ETRIWH,PTFTW50T100,AW100,C_C2,AW100,NO,NO,47
ESP,2023,ETRIWH,PTFTW50T100,AW100,C_C2,AW100,YES,NO,47
ESP,2023,ETRIWH,PTFTW50T100,AW100,C_C2,AW100,YES,YES,47
ESP,2023,ETRIWH,PTFTW50T100,AW100,C_C2,AW100,NO,YES,47
ESP,2023,ETRIWH,PTFTW50T100,AW100,C_C2,AW100,NO,NO,47
DEU,2024,ETRIWH,PTFTW50T100,AW100,C_C2,AW100,NO,NO,46
DEU,2024,ETRIWH,PTFTW50T100,AW100,C_C2,AW100,YES,NO,46
DEU,2024,ETRIWH,PTFTW50T100,AW100,C_C2,AW100,NO,YES,46
DEU,2024,ETRIWH,PTFTW50T100,AW100,C_C2,AW100,YES,YES,46
ITA,2024,ETRIWH,PTFTW50T100,AW100,C_C2,AW100,NO,YES,46
ITA,2024,ETRIWH,PTFTW50T100,AW100,C_C2,AW100,YES,YES,46
FRA,2023,ETRIWH,PTFTW50T100,AW100,C_C2,AW100,NO,NO,38
FRA,2023,ETRIWH,PTFTW50T100,AW100,C_C2,AW100,YES,NO,38
FRA,2023,ETRIWH,PTFTW50T100,AW100,C_C2,AW100,NO,YES,38
FRA,2023,ETRIWH,PTFTW50T100,AW100,C_C2,AW100,YES,YES,38
OECD,2023,ETRIWH,PTFTW50T100,AW100,C_C2,AW100,YES,YES,38
OECD,2023,ETRIWH,PTFTW50T100,AW100,C_C2,AW100,NO,YES,38
OECD,2023,ETRIWH,PTFTW50T100,AW100,C_C2,AW100,NO,NO,38
OECD,2023,ETRIWH,PTFTW50T100,AW100,C_C2,AW100,YES,NO,38
OECD,2024,ETRIWH,PTFTW50T100,AW100,C_C2,AW100,YES,NO,38
OECD,2024,ETRIWH,PTFTW50T100,AW100,C_C2,AW100,NO,NO,38
OECD,2024,ETRIWH,PTFTW50T100,AW100,C_C2,AW100,NO,YES,38
OECD,2024,ETRIWH,PTFTW50T100,AW100,C_C2,AW100,YES,YES,38
OECD,2025,ETRIWH,PTFTW50T100,AW100,C_C2,AW100,NO,NO,38
OECD,2025,ETRIWH,PTFTW50T100,AW100,C_C2,AW100,YES,NO,38
ITA,2023,ETRIWH,PTFTW50T100,AW100,C_C2,AW100,YES,YES,49
ITA,2023,ETRIWH,PTFTW50T100,AW100,C_C2,AW100,NO,YES,49
ITA,2025,ETRIWH,PTFTW50T100,AW100,C_C2,AW100,YES,YES,49
ITA,2025,ETRIWH,PTFTW50T100,AW100,C_C2,AW100,NO,YES,49
DNK,2023,ETRIWH,PTFTW50T100,AW100,C_C2,AW100,NO,YES,40
DNK,2023,ETRIWH,PTFTW50T100,AW100,C_C2,AW100,YES,YES,40
DNK,2023,ETRIWH,PTFTW50T100,AW100,C_C2,AW100,YES,NO,40
DNK,2023,ETRIWH,PTFTW50T100,AW100,C_C2,AW100,NO,NO,40
DNK,2024,ETRIWH,PTFTW50T100,AW100,C_C2,AW100,NO,NO,40
DNK,2024,ETRIWH,PTFTW50T100,AW100,C_C2,AW100,YES,NO,40
DNK,2024,ETRIWH,PTFTW50T100,AW100,C_C2,AW100,YES,YES,40
DNK,2024,ETRIWH,PTFTW50T100,AW100,C_C2,AW100,NO,YES,40
OECD,2025,ETRIWH,PTFTW50T100,AW100,C_C2,AW100,YES,YES,39
OECD,2025,ETRIWH,PTFTW50T100,AW100,C_C2,AW100,NO,YES,39
ITA,2023,ETRIWH,PTFTW50T100,AW100,C_C2,AW100,NO,NO,50
ITA,2023,ETRIWH,PTFTW50T100,AW100,C_C2,AW100,YES,NO,50
NLD,2023,ETRIWH,PTFTW50T100,AW100,C_C2,AW100,YES,NO,52
NLD,2023,ETRIWH,PTFTW50T100,AW100,C_C2,AW100,NO,NO,52
NLD,2023,ETRIWH,PTFTW50T100,AW100,C_C2,AW100,YES,YES,52
NLD,2023,ETRIWH,PTFTW50T100,AW100,C_C2,AW100,NO,YES,52
NLD,2024,ETRIWH,PTFTW50T100,AW100,C_C2,AW100,NO,YES,55
NLD,2024,ETRIWH,PTFTW50T100,AW100,C_C2,AW100,YES,YES,55
NLD,2024,ETRIWH,PTFTW50T100,AW100,C_C2,AW100,NO,NO,55
NLD,2024,ETRIWH,PTFTW50T100,AW100,C_C2,AW100,YES,NO,55
SWE,2025,ETRIWH,PTFTW50T100,AW100,C_C2,AW100,NO,NO,28
SWE,2025,ETRIWH,PTFTW50T100,AW100,C_C2,AW100,YES,NO,28
SWE,2025,ETRIWH,PTFTW50T100,AW100,C_C2,AW100,YES,YES,28
SWE,2025,ETRIWH,PTFTW50T100,AW100,C_C2,AW100,NO,YES,28
BEL,2023,ETRIWH,PTFTW50T100,AW100,C_C2,AW100,NO,YES,62
BEL,2023,ETRIWH,PTFTW50T100,AW100,C_C2,AW100,NO,NO,62
BEL,2023,ETRIWH,PTFTW50T100,AW100,C_C2,AW100,YES,NO,62
BEL,2023,ETRIWH,PTFTW50T100,AW100,C_C2,AW100,YES,YES,62
BEL,2024,ETRIWH,PTFTW50T100,AW100,C_C2,AW100,YES,YES,62
BEL,2024,ETRIWH,PTFTW50T100,AW100,C_C2,AW100,YES,NO,62
BEL,2024,ETRIWH,PTFTW50T100,AW100,C_C2,AW100,NO,NO,62
BEL,2024,ETRIWH,PTFTW50T100,AW100,C_C2,AW100,NO,YES,62
BEL,2025,ETRIWH,PTFTW50T100,AW100,C_C2,AW100,NO,YES,63
BEL,2025,ETRIWH,PTFTW50T100,AW100,C_C2,AW100,NO,NO,63
BEL,2025,ETRIWH,PTFTW50T100,AW100,C_C2,AW100,YES,NO,63
BEL,2025,ETRIWH,PTFTW50T100,AW100,C_C2,AW100,YES,YES,63
OECD,2023,ETRIWH,PTFTW33T67,AW100,C_C2,AW100,YES,NO,34
OECD,2023,ETRIWH,PTFTW33T67,AW100,C_C2,AW100,NO,NO,34
OECD,2024,ETRIWH,PTFTW33T67,AW100,C_C2,AW100,NO,NO,34
OECD,2024,ETRIWH,PTFTW33T67,AW100,C_C2,AW100,YES,NO,34
OECD,2025,ETRIWH,PTFTW33T67,AW100,C_C2,AW100,YES,YES,34
OECD,2025,ETRIWH,PTFTW33T67,AW100,C_C2,AW100,NO,YES,34
OECD,2025,ETRIWH,PTFTW33T67,AW100,C_C2,AW100,YES,NO,34
OECD,2025,ETRIWH,PTFTW33T67,AW100,C_C2,AW100,NO,NO,34
USA,2023,ETRIWH,PTFTW67T100,AW100,C_C2,AW100,NO,NO,34
USA,2023,ETRIWH,PTFTW67T100,AW100,C_C2,AW100,YES,YES,34
USA,2023,ETRIWH,PTFTW67T100,AW100,C_C2,AW100,YES,NO,34
USA,2023,ETRIWH,PTFTW67T100,AW100,C_C2,AW100,NO,YES,34
USA,2024,ETRIWH,PTFTW67T100,AW100,C_C2,AW100,NO,YES,34
USA,2024,ETRIWH,PTFTW67T100,AW100,C_C2,AW100,YES,NO,34
USA,2024,ETRIWH,PTFTW67T100,AW100,C_C2,AW100,YES,YES,34
USA,2024,ETRIWH,PTFTW67T100,AW100,C_C2,AW100,NO,NO,34
USA,2025,ETRIWH,PTFTW67T100,AW100,C_C2,AW100,NO,NO,34
USA,2025,ETRIWH,PTFTW67T100,AW100,C_C2,AW100,YES,YES,34
USA,2025,ETRIWH,PTFTW67T100,AW100,C_C2,AW100,YES,NO,34
USA,2025,ETRIWH,PTFTW67T100,AW100,C_C2,AW100,NO,YES,34
ITA,2024,ETRIWH,PTFTW50T66,AW100,C_C2,AW100,NO,YES,35
ITA,2024,ETRIWH,PTFTW50T66,AW100,C_C2,AW100,YES,YES,35
NLD,2023,ETRIWH,PTFTW33T67,AW100,C_C2,AW100,YES,NO,35
NLD,2023,ETRIWH,PTFTW33T67,AW100,C_C2,AW100,NO,YES,35
NLD,2023,ETRIWH,PTFTW33T67,AW100,C_C2,AW100,NO,NO,35
NLD,2023,ETRIWH,PTFTW33T67,AW100,C_C2,AW100,YES,YES,35
OECD,2023,ETRIWH,PTFTW33T67,AW100,C_C2,AW100,YES,YES,36
OECD,2023,ETRIWH,PTFTW33T67,AW100,C_C2,AW100,NO,YES,36
OECD,2024,ETRIWH,PTFTW33T67,AW100,C_C2,AW100,NO,YES,36
OECD,2024,ETRIWH,PTFTW33T67,AW100,C_C2,AW100,YES,YES,36
AUT,2024,ETRIWH,PTFTW50T100,AW100,C_C2,AW100,YES,YES,36
AUT,2024,ETRIWH,PTFTW50T100,AW100,C_C2,AW100,NO,NO,36
AUT,2024,ETRIWH,PTFTW50T100,AW100,C_C2,AW100,YES,NO,36
AUT,2024,ETRIWH,PTFTW50T100,AW100,C_C2,AW100,NO,YES,36
SWE,2023,ETRIWH,PTFTW50T100,AW100,C_C2,AW100,NO,NO,30
SWE,2023,ETRIWH,PTFTW50T100,AW100,C_C2,AW100,YES,NO,30
SWE,2023,ETRIWH,PTFTW50T100,AW100,C_C2,AW100,YES,YES,30
SWE,2023,ETRIWH,PTFTW50T100,AW100,C_C2,AW100,NO,YES,30
SWE,2024,ETRIWH,PTFTW67T100,AW100,C_C2,AW100,NO,NO,30
SWE,2024,ETRIWH,PTFTW67T100,AW100,C_C2,AW100,YES,NO,30
SWE,2024,ETRIWH,PTFTW67T100,AW100,C_C2,AW100,YES,YES,30
SWE,2024,ETRIWH,PTFTW67T100,AW100,C_C2,AW100,NO,YES,30
GBR,2025,ETRIWH,PTFTW50T100,AW100,C_C2,AW100,NO,NO,30
GBR,2025,ETRIWH,PTFTW50T100,AW100,C_C2,AW100,NO,YES,30
GBR,2025,ETRIWH,PTFTW50T100,AW100,C_C2,AW100,YES,NO,30
GBR,2025,ETRIWH,PTFTW50T100,AW100,C_C2,AW100,YES,YES,30
FRA,2023,ETRIWH,PTFTW33T67,AW100,C_C2,AW100,NO,NO,33
FRA,2023,ETRIWH,PTFTW50T66,AW100,C_C2,AW100,NO,NO,33
FRA,2023,ETRIWH,PTFTW33T67,AW100,C_C2,AW100,NO,YES,33
FRA,2023,ETRIWH,PTFTW33T67,AW100,C_C2,AW100,YES,NO,33
FRA,2023,ETRIWH,PTFTW50T66,AW100,C_C2,AW100,YES,YES,33
FRA,2023,ETRIWH,PTFTW50T66,AW100,C_C2,AW100,NO,YES,33
FRA,2023,ETRIWH,PTFTW33T67,AW100,C_C2,AW100,YES,YES,33
FRA,2023,ETRIWH,PTFTW50T66,AW100,C_C2,AW100,YES,NO,33
FRA,2024,ETRIWH,PTFTW50T66,AW100,C_C2,AW100,YES,NO,33
FRA,2024,ETRIWH,PTFTW33T67,AW100,C_C2,AW100,YES,YES,33
FRA,2024,ETRIWH,PTFTW50T66,AW100,C_C2,AW100,NO,YES,33
FRA,2024,ETRIWH,PTFTW50T66,AW100,C_C2,AW100,YES,YES,33
FRA,2024,ETRIWH,PTFTW33T67,AW100,C_C2,AW100,YES,NO,33
FRA,2024,ETRIWH,PTFTW33T67,AW100,C_C2,AW100,NO,YES,33
FRA,2024,ETRIWH,PTFTW50T66,AW100,C_C2,AW100,NO,NO,33
FRA,2024,ETRIWH,PTFTW33T67,AW100,C_C2,AW100,NO,NO,33
FRA,2025,ETRIWH,PTFTW33T67,AW100,C_C2,AW100,NO,NO,33
FRA,2025,ETRIWH,PTFTW50T66,AW100,C_C2,AW100,NO,NO,33
FRA,2025,ETRIWH,PTFTW33T67,AW100,C_C2,AW100,NO,YES,33
FRA,2025,ETRIWH,PTFTW33T67,AW100,C_C2,AW100,YES,NO,33
FRA,2025,ETRIWH,PTFTW50T66,AW100,C_C2,AW100,YES,YES,33
FRA,2025,ETRIWH,PTFTW50T66,AW100,C_C2,AW100,NO,YES,33
FRA,2025,ETRIWH,PTFTW33T67,AW100,C_C2,AW100,YES,YES,33
FRA,2025,ETRIWH,PTFTW50T66,AW100,C_C2,AW100,YES,NO,33
ESP,2023,ETRIWH,PTFTW67T100,AW100,C_C2,AW100,YES,YES,33
ESP,2023,ETRIWH,PTFTW67T100,AW100,C_C2,AW100,NO,YES,33
ESP,2023,ETRIWH,PTFTW67T100,AW100,C_C2,AW100,NO,NO,33
ESP,2023,ETRIWH,PTFTW67T100,AW100,C_C2,AW100,YES,NO,33
POL,2023,ETRIWH,PTFTW50T100,AW100,C_C2,AW100,NO,NO,32
POL,2023,ETRIWH,PTFTW33T67,AW100,C_C2,AW100,YES,YES,32
POL,2023,ETRIWH,PTFTW50T66,AW100,C_C2,AW100,NO,YES,32
POL,2023,ETRIWH,PTFTW33T67,AW100,C_C2,AW100,NO,YES,32
POL,2023,ETRIWH,PTFTW33T67,AW100,C_C2,AW100,NO,NO,32
POL,2023,ETRIWH,PTFTW50T100,AW100,C_C2,AW100,YES,NO,32
POL,2023,ETRIWH,PTFTW67T100,AW100,C_C2,AW100,YES,YES,32
POL,2023,ETRIWH,PTFTW50T100,AW100,C_C2,AW100,NO,YES,32
POL,2023,ETRIWH,PTFTW50T66,AW100,C_C2,AW100,YES,YES,32
POL,2023,ETRIWH,PTFTW33T67,AW100,C_C2,AW100,YES,NO,32
POL,2023,ETRIWH,PTFTW67T100,AW100,C_C2,AW100,YES,NO,32
POL,2023,ETRIWH,PTFTW50T66,AW100,C_C2,AW100,YES,NO,32
POL,2023,ETRIWH,PTFTW67T100,AW100,C_C2,AW100,NO,NO,32
POL,2023,ETRIWH,PTFTW50T100,AW100,C_C2,AW100,YES,YES,32
POL,2023,ETRIWH,PTFTW67T100,AW100,C_C2,AW100,NO,YES,32
POL,2023,ETRIWH,PTFTW50T66,AW100,C_C2,AW100,NO,NO,32
POL,2024,ETRIWH,PTFTW50T66,AW100,C_C2,AW100,NO,NO,32
POL,2024,ETRIWH,PTFTW67T100,AW100,C_C2,AW100,NO,YES,32
POL,2024,ETRIWH,PTFTW50T100,AW100,C_C2,AW100,YES,YES,32
POL,2024,ETRIWH,PTFTW67T100,AW100,C_C2,AW100,NO,NO,32
POL,2024,ETRIWH,PTFTW50T66,AW100,C_C2,AW100,YES,NO,32
POL,2024,ETRIWH,PTFTW67T100,AW100,C_C2,AW100,YES,NO,32
POL,2024,ETRIWH,PTFTW33T67,AW100,C_C2,AW100,YES,NO,32
POL,2024,ETRIWH,PTFTW50T66,AW100,C_C2,AW100,YES,YES,32
POL,2024,ETRIWH,PTFTW50T100,AW100,C_C2,AW100,NO,YES,32
POL,2024,ETRIWH,PTFTW67T100,AW100,C_C2,AW100,YES,YES,32
POL,2024,ETRIWH,PTFTW50T100,AW100,C_C2,AW100,YES,NO,32
POL,2024,ETRIWH,PTFTW33T67,AW100,C_C2,AW100,NO,NO,32
POL,2024,ETRIWH,PTFTW33T67,AW100,C_C2,AW100,NO,YES,32
POL,2024,ETRIWH,PTFTW50T66,AW100,C_C2,AW100,NO,YES,32
POL,2024,ETRIWH,PTFTW33T67,AW100,C_C2,AW100,YES,YES,32
POL,2024,ETRIWH,PTFTW50T100,AW100,C_C2,AW100,NO,NO,32
POL,2025,ETRIWH,PTFTW50T100,AW100,C_C2,AW100,NO,NO,32
POL,2025,ETRIWH,PTFTW33T67,AW100,C_C2,AW100,YES,YES,32
POL,2025,ETRIWH,PTFTW50T66,AW100,C_C2,AW100,NO,YES,32
POL,2025,ETRIWH,PTFTW33T67,AW100,C_C2,AW100,NO,YES,32
POL,2025,ETRIWH,PTFTW33T67,AW100,C_C2,AW100,NO,NO,32
POL,2025,ETRIWH,PTFTW50T100,AW100,C_C2,AW100,YES,NO,32
POL,2025,ETRIWH,PTFTW67T100,AW100,C_C2,AW100,YES,YES,32
POL,2025,ETRIWH,PTFTW50T100,AW100,C_C2,AW100,NO,YES,32
POL,2025,ETRIWH,PTFTW50T66,AW100,C_C2,AW100,YES,YES,32
POL,2025,ETRIWH,PTFTW33T67,AW100,C_C2,AW100,YES,NO,32
POL,2025,ETRIWH,PTFTW67T100,AW100,C_C2,AW100,YES,NO,32
POL,2025,ETRIWH,PTFTW50T66,AW100,C_C2,AW100,YES,NO,32
POL,2025,ETRIWH,PTFTW67T100,AW100,C_C2,AW100,NO,NO,32
POL,2025,ETRIWH,PTFTW50T100,AW100,C_C2,AW100,YES,YES,32
POL,2025,ETRIWH,PTFTW67T100,AW100,C_C2,AW100,NO,YES,32
POL,2025,ETRIWH,PTFTW50T66,AW100,C_C2,AW100,NO,NO,32
ESP,2024,ETRIWH,PTFTW67T100,AW100,C_C2,AW100,YES,NO,32
ESP,2024,ETRIWH,PTFTW67T100,AW100,C_C2,AW100,NO,NO,32
ESP,2024,ETRIWH,PTFTW67T100,AW100,C_C2,AW100,NO,YES,32
ESP,2024,ETRIWH,PTFTW67T100,AW100,C_C2,AW100,YES,YES,32
USA,2023,ETRIWH,PTFTW50T100,AW100,C_C2,AW100,NO,NO,32
USA,2023,ETRIWH,PTFTW50T100,AW100,C_C2,AW100,NO,YES,32
USA,2023,ETRIWH,PTFTW50T100,AW100,C_C2,AW100,YES,YES,32
USA,2023,ETRIWH,PTFTW50T100,AW100,C_C2,AW100,YES,NO,32
GBR,2023,ETRIWH,PTFTW50T66,AW100,C_C2,AW100,YES,YES,32
GBR,2023,ETRIWH,PTFTW50T66,AW100,C_C2,AW100,YES,NO,32
GBR,2023,ETRIWH,PTFTW50T100,AW100,C_C2,AW100,NO,NO,32
GBR,2023,ETRIWH,PTFTW33T67,AW100,C_C2,AW100,YES,YES,32
GBR,2023,ETRIWH,PTFTW33T67,AW100,C_C2,AW100,YES,NO,32
GBR,2023,ETRIWH,PTFTW50T66,AW100,C_C2,AW100,NO,YES,32
GBR,2023,ETRIWH,PTFTW50T66,AW100,C_C2,AW100,NO,NO,32
GBR,2023,ETRIWH,PTFTW33T67,AW100,C_C2,AW100,NO,YES,32
GBR,2023,ETRIWH,PTFTW50T100,AW100,C_C2,AW100,NO,YES,32
GBR,2023,ETRIWH,PTFTW50T100,AW100,C_C2,AW100,YES,NO,32
GBR,2023,ETRIWH,PTFTW33T67,AW100,C_C2,AW100,NO,NO,32
GBR,2023,ETRIWH,PTFTW50T100,AW100,C_C2,AW100,YES,YES,32
GBR,2023,ETRIWH,PTFTW67T100,AW100,C_C2,AW100,YES,YES,32
GBR,2023,ETRIWH,PTFTW67T100,AW100,C_C2,AW100,NO,YES,32
GBR,2023,ETRIWH,PTFTW67T100,AW100,C_C2,AW100,NO,NO,32
GBR,2023,ETRIWH,PTFTW67T100,AW100,C_C2,AW100,YES,NO,32
POL,2023,ETRIWH,PTFTW67T100,AW67,C_C2,AW67,YES,NO,32
POL,2023,ETRIWH,PTFTW67T100,AW67,C_C2,AW67,NO,NO,32
POL,2024,ETRIWH,PTFTW67T100,AW67,C_C2,AW67,NO,NO,32
POL,2024,ETRIWH,PTFTW67T100,AW67,C_C2,AW67,YES,NO,32
POL,2025,ETRIWH,PTFTW67T100,AW67,C_C2,AW67,YES,NO,32
POL,2025,ETRIWH,PTFTW67T100,AW67,C_C2,AW67,NO,NO,32
GBR,2023,ETRIWH,PTFTW67T100,AW67,C_C2,AW67,YES,NO,32
GBR,2023,ETRIWH,PTFTW67T100,AW67,C_C2,AW67,NO,NO,32
ESP,2024,ETRIWH,PTFTW67T100,AW67,C_C2,AW67,YES,NO,36
ESP,2024,ETRIWH,PTFTW67T100,AW67,C_C2,AW67,NO,NO,36
SWE,2023,ETRIWH,PTFTW67T100,AW67,C_C2,AW67,NO,NO,28
SWE,2023,ETRIWH,PTFTW67T100,AW67,C_C2,AW67,YES,NO,28
GBR,2024,ETRIWH,PTFTW67T100,AW67,C_C2,AW67,NO,NO,28
GBR,2024,ETRIWH,PTFTW67T100,AW67,C_C2,AW67,YES,NO,28
GBR,2025,ETRIWH,PTFTW67T100,AW67,C_C2,AW67,YES,NO,28
GBR,2025,ETRIWH,PTFTW67T100,AW67,C_C2,AW67,NO,NO,28
AUT,2025,ETRIWH,PTFTW67T100,AW67,C_C2,AW67,NO,NO,26
AUT,2025,ETRIWH,PTFTW67T100,AW67,C_C2,AW67,YES,NO,26
SWE,2025,ETRIWH,PTFTW67T100,AW67,C_C2,AW67,NO,NO,26
SWE,2025,ETRIWH,PTFTW67T100,AW67,C_C2,AW67,YES,NO,26
USA,2023,ETRIWH,PTFTW67T100,AW67,C_C2,AW67,YES,NO,26
USA,2023,ETRIWH,PTFTW67T100,AW67,C_C2,AW67,NO,NO,26
USA,2024,ETRIWH,PTFTW67T100,AW67,C_C2,AW67,NO,NO,26
USA,2024,ETRIWH,PTFTW67T100,AW67,C_C2,AW67,YES,NO,26
USA,2025,ETRIWH,PTFTW67T100,AW67,C_C2,AW67,YES,NO,26
USA,2025,ETRIWH,PTFTW67T100,AW67,C_C2,AW67,NO,NO,26
ESP,2023,ETRIWH,PTFTW67T100,AW67,C_C2,AW67,NO,NO,31
ESP,2023,ETRIWH,PTFTW67T100,AW67,C_C2,AW67,YES,NO,31
ITA,2024,ETRIWH,PTFTW67T100,AW67,C_C2,AW67,NO,NO,35
ITA,2024,ETRIWH,PTFTW67T100,AW67,C_C2,AW67,YES,NO,35
AUT,2023,ETRIWH,PTFTW67T100,AW67,C_C2,AW67,YES,NO,25
AUT,2024,ETRIWH,PTFTW67T100,AW67,C_C2,AW67,YES,NO,23
BEL,2023,ETRIWH,PTFTW67T100,AW67,C_C2,AW67,YES,NO,67
BEL,2024,ETRIWH,PTFTW67T100,AW67,C_C2,AW67,YES,NO,68
BEL,2025,ETRIWH,PTFTW67T100,AW67,C_C2,AW67,YES,NO,72
DNK,2023,ETRIWH,PTFTW67T100,AW67,C_C2,AW67,YES,NO,39
DNK,2024,ETRIWH,PTFTW67T100,AW67,C_C2,AW67,YES,NO,39
FRA,2023,ETRIWH,PTFTW67T100,AW67,C_C2,AW67,YES,NO,45
FRA,2024,ETRIWH,PTFTW67T100,AW67,C_C2,AW67,YES,NO,41
FRA,2025,ETRIWH,PTFTW67T100,AW67,C_C2,AW67,YES,NO,45
DEU,2023,ETRIWH,PTFTW67T100,AW67,C_C2,AW67,YES,NO,44
DEU,2024,ETRIWH,PTFTW67T100,AW67,C_C2,AW67,YES,NO,44
DEU,2025,ETRIWH,PTFTW67T100,AW67,C_C2,AW67,YES,NO,44
ITA,2023,ETRIWH,PTFTW67T100,AW67,C_C2,AW67,YES,NO,41
ITA,2025,ETRIWH,PTFTW67T100,AW67,C_C2,AW67,YES,NO,44
NLD,2023,ETRIWH,PTFTW67T100,AW67,C_C2,AW67,YES,NO,50
NLD,2024,ETRIWH,PTFTW67T100,AW67,C_C2,AW67,YES,NO,49
ESP,2025,ETRIWH,PTFTW67T100,AW67,C_C2,AW67,YES,NO,37
SWE,2024,ETRIWH,PTFTW67T100,AW67,C_C2,AW67,YES,NO,27
OECD,2023,ETRIWH,PTFTW67T100,AW67,C_C2,AW67,YES,NO,38
OECD,2024,ETRIWH,PTFTW67T100,AW67,C_C2,AW67,YES,NO,37
OECD,2025,ETRIWH,PTFTW67T100,AW67,C_C2,AW67,YES,NO,37
AUT,2023,ETRIWH,PTFTW67T100,AW67,C_C2,AW67,NO,NO,25
AUT,2024,ETRIWH,PTFTW67T100,AW67,C_C2,AW67,NO,NO,23
BEL,2023,ETRIWH,PTFTW67T100,AW67,C_C2,AW67,NO,NO,67
BEL,2024,ETRIWH,PTFTW67T100,AW67,C_C2,AW67,NO,NO,68
BEL,2025,ETRIWH,PTFTW67T100,AW67,C_C2,AW67,NO,NO,72
DNK,2023,ETRIWH,PTFTW67T100,AW67,C_C2,AW67,NO,NO,39
DNK,2024,ETRIWH,PTFTW67T100,AW67,C_C2,AW67,NO,NO,39
FRA,2023,ETRIWH,PTFTW67T100,AW67,C_C2,AW67,NO,NO,45
FRA,2024,ETRIWH,PTFTW67T100,AW67,C_C2,AW67,NO,NO,41
FRA,2025,ETRIWH,PTFTW67T100,AW67,C_C2,AW67,NO,NO,45
DEU,2023,ETRIWH,PTFTW67T100,AW67,C_C2,AW67,NO,NO,44
DEU,2024,ETRIWH,PTFTW67T100,AW67,C_C2,AW67,NO,NO,44
DEU,2025,ETRIWH,PTFTW67T100,AW67,C_C2,AW67,NO,NO,44
ITA,2023,ETRIWH,PTFTW67T100,AW67,C_C2,AW67,NO,NO,41
ITA,2025,ETRIWH,PTFTW67T100,AW67,C_C2,AW67,NO,NO,44
NLD,2023,ETRIWH,PTFTW67T100,AW67,C_C2,AW67,NO,NO,50
NLD,2024,ETRIWH,PTFTW67T100,AW67,C_C2,AW67,NO,NO,49
ESP,2025,ETRIWH,PTFTW67T100,AW67,C_C2,AW67,NO,NO,37
SWE,2024,ETRIWH,PTFTW67T100,AW67,C_C2,AW67,NO,NO,27
OECD,2023,ETRIWH,PTFTW67T100,AW67,C_C2,AW67,NO,NO,38
OECD,2024,ETRIWH,PTFTW67T100,AW67,C_C2,AW67,NO,NO,37
OECD,2025,ETRIWH,PTFTW67T100,AW67,C_C2,AW67,NO,NO,37
AUT,2023,ETRIWH,PTFTW67T100,AW67,C_C2,AW67,NO,YES,25
AUT,2024,ETRIWH,PTFTW67T100,AW67,C_C2,AW67,NO,YES,23
AUT,2025,ETRIWH,PTFTW67T100,AW67,C_C2,AW67,NO,YES,26
BEL,2023,ETRIWH,PTFTW67T100,AW67,C_C2,AW67,NO,YES,67
BEL,2024,ETRIWH,PTFTW67T100,AW67,C_C2,AW67,NO,YES,68
BEL,2025,ETRIWH,PTFTW67T100,AW67,C_C2,AW67,NO,YES,72
DNK,2023,ETRIWH,PTFTW67T100,AW67,C_C2,AW67,NO,YES,39
DNK,2024,ETRIWH,PTFTW67T100,AW67,C_C2,AW67,NO,YES,39
FRA,2023,ETRIWH,PTFTW67T100,AW67,C_C2,AW67,NO,YES,45
FRA,2024,ETRIWH,PTFTW67T100,AW67,C_C2,AW67,NO,YES,41
FRA,2025,ETRIWH,PTFTW67T100,AW67,C_C2,AW67,NO,YES,45
DEU,2023,ETRIWH,PTFTW67T100,AW67,C_C2,AW67,NO,YES,44
DEU,2024,ETRIWH,PTFTW67T100,AW67,C_C2,AW67,NO,YES,44
DEU,2025,ETRIWH,PTFTW67T100,AW67,C_C2,AW67,NO,YES,44
ITA,2023,ETRIWH,PTFTW67T100,AW67,C_C2,AW67,NO,YES,48
ITA,2024,ETRIWH,PTFTW67T100,AW67,C_C2,AW67,NO,YES,35
ITA,2025,ETRIWH,PTFTW67T100,AW67,C_C2,AW67,NO,YES,45
NLD,2023,ETRIWH,PTFTW67T100,AW67,C_C2,AW67,NO,YES,50
NLD,2024,ETRIWH,PTFTW67T100,AW67,C_C2,AW67,NO,YES,49
POL,2023,ETRIWH,PTFTW67T100,AW67,C_C2,AW67,NO,YES,32
POL,2024,ETRIWH,PTFTW67T100,AW67,C_C2,AW67,NO,YES,36
POL,2025,ETRIWH,PTFTW67T100,AW67,C_C2,AW67,NO,YES,36
ESP,2023,ETRIWH,PTFTW67T100,AW67,C_C2,AW67,NO,YES,31
ESP,2024,ETRIWH,PTFTW67T100,AW67,C_C2,AW67,NO,YES,36
ESP,2025,ETRIWH,PTFTW67T100,AW67,C_C2,AW67,NO,YES,37
SWE,2023,ETRIWH,PTFTW67T100,AW67,C_C2,AW67,NO,YES,28
SWE,2024,ETRIWH,PTFTW67T100,AW67,C_C2,AW67,NO,YES,27
SWE,2025,ETRIWH,PTFTW67T100,AW67,C_C2,AW67,NO,YES,26
GBR,2023,ETRIWH,PTFTW67T100,AW67,C_C2,AW67,NO,YES,32
GBR,2024,ETRIWH,PTFTW67T100,AW67,C_C2,AW67,NO,YES,33
GBR,2025,ETRIWH,PTFTW67T100,AW67,C_C2,AW67,NO,YES,30
USA,2023,ETRIWH,PTFTW67T100,AW67,C_C2,AW67,NO,YES,26
USA,2024,ETRIWH,PTFTW67T100,AW67,C_C2,AW67,NO,YES,26
USA,2025,ETRIWH,PTFTW67T100,AW67,C_C2,AW67,NO,YES,26
OECD,2023,ETRIWH,PTFTW67T100,AW67,C_C2,AW67,NO,YES,39
OECD,2024,ETRIWH,PTFTW67T100,AW67,C_C2,AW67,NO,YES,39
OECD,2025,ETRIWH,PTFTW67T100,AW67,C_C2,AW67,NO,YES,40
AUT,2023,ETRIWH,PTFTW67T100,AW67,C_C2,AW67,YES,YES,25
AUT,2024,ETRIWH,PTFTW67T100,AW67,C_C2,AW67,YES,YES,23
AUT,2025,ETRIWH,PTFTW67T100,AW67,C_C2,AW67,YES,YES,26
BEL,2023,ETRIWH,PTFTW67T100,AW67,C_C2,AW67,YES,YES,67
BEL,2024,ETRIWH,PTFTW67T100,AW67,C_C2,AW67,YES,YES,68
BEL,2025,ETRIWH,PTFTW67T100,AW67,C_C2,AW67,YES,YES,72
DNK,2023,ETRIWH,PTFTW67T100,AW67,C_C2,AW67,YES,YES,39
DNK,2024,ETRIWH,PTFTW67T100,AW67,C_C2,AW67,YES,YES,39
FRA,2023,ETRIWH,PTFTW67T100,AW67,C_C2,AW67,YES,YES,45
FRA,2024,ETRIWH,PTFTW67T100,AW67,C_C2,AW67,YES,YES,41
FRA,2025,ETRIWH,PTFTW67T100,AW67,C_C2,AW67,YES,YES,45
DEU,2023,ETRIWH,PTFTW67T100,AW67,C_C2,AW67,YES,YES,44
DEU,2024,ETRIWH,PTFTW67T100,AW67,C_C2,AW67,YES,YES,44
DEU,2025,ETRIWH,PTFTW67T100,AW67,C_C2,AW67,YES,YES,44
ITA,2023,ETRIWH,PTFTW67T100,AW67,C_C2,AW67,YES,YES,48
ITA,2024,ETRIWH,PTFTW67T100,AW67,C_C2,AW67,YES,YES,35
ITA,2025,ETRIWH,PTFTW67T100,AW67,C_C2,AW67,YES,YES,45
NLD,2023,ETRIWH,PTFTW67T100,AW67,C_C2,AW67,YES,YES,50
NLD,2024,ETRIWH,PTFTW67T100,AW67,C_C2,AW67,YES,YES,49
POL,2023,ETRIWH,PTFTW67T100,AW67,C_C2,AW67,YES,YES,32
POL,2024,ETRIWH,PTFTW67T100,AW67,C_C2,AW67,YES,YES,36
POL,2025,ETRIWH,PTFTW67T100,AW67,C_C2,AW67,YES,YES,36
ESP,2023,ETRIWH,PTFTW67T100,AW67,C_C2,AW67,YES,YES,31
ESP,2024,ETRIWH,PTFTW67T100,AW67,C_C2,AW67,YES,YES,36
ESP,2025,ETRIWH,PTFTW67T100,AW67,C_C2,AW67,YES,YES,37
SWE,2023,ETRIWH,PTFTW67T100,AW67,C_C2,AW67,YES,YES,28
SWE,2024,ETRIWH,PTFTW67T100,AW67,C_C2,AW67,YES,YES,27
SWE,2025,ETRIWH,PTFTW67T100,AW67,C_C2,AW67,YES,YES,26
GBR,2023,ETRIWH,PTFTW67T100,AW67,C_C2,AW67,YES,YES,32
GBR,2024,ETRIWH,PTFTW67T100,AW67,C_C2,AW67,YES,YES,33
GBR,2025,ETRIWH,PTFTW67T100,AW67,C_C2,AW67,YES,YES,30
USA,2023,ETRIWH,PTFTW67T100,AW67,C_C2,AW67,YES,YES,26
USA,2024,ETRIWH,PTFTW67T100,AW67,C_C2,AW67,YES,YES,26
USA,2025,ETRIWH,PTFTW67T100,AW67,C_C2,AW67,YES,YES,26
OECD,2023,ETRIWH,PTFTW67T100,AW67,C_C2,AW67,YES,YES,39
OECD,2024,ETRIWH,PTFTW67T100,AW67,C_C2,AW67,YES,YES,39
OECD,2025,ETRIWH,PTFTW67T100,AW67,C_C2,AW67,YES,YES,40
AUT,2023,ETRIWH,PTFTW50T100,AW67,C_C2,AW67,YES,YES,24
AUT,2024,ETRIWH,PTFTW50T100,AW67,C_C2,AW67,YES,YES,25
AUT,2025,ETRIWH,PTFTW50T100,AW67,C_C2,AW67,YES,YES,26
BEL,2023,ETRIWH,PTFTW50T100,AW67,C_C2,AW67,YES,YES,58
BEL,2024,ETRIWH,PTFTW50T100,AW67,C_C2,AW67,YES,YES,59
BEL,2025,ETRIWH,PTFTW50T100,AW67,C_C2,AW67,YES,YES,61
DNK,2023,ETRIWH,PTFTW50T100,AW67,C_C2,AW67,YES,YES,52
DNK,2024,ETRIWH,PTFTW50T100,AW67,C_C2,AW67,YES,YES,47
FRA,2023,ETRIWH,PTFTW50T100,AW67,C_C2,AW67,YES,YES,40
FRA,2024,ETRIWH,PTFTW50T100,AW67,C_C2,AW67,YES,YES,38
FRA,2025,ETRIWH,PTFTW50T100,AW67,C_C2,AW67,YES,YES,41
DEU,2023,ETRIWH,PTFTW50T100,AW67,C_C2,AW67,YES,YES,45
DEU,2024,ETRIWH,PTFTW50T100,AW67,C_C2,AW67,YES,YES,51
DEU,2025,ETRIWH,PTFTW50T100,AW67,C_C2,AW67,YES,YES,49
ITA,2023,ETRIWH,PTFTW50T100,AW67,C_C2,AW67,YES,YES,41
ITA,2024,ETRIWH,PTFTW50T100,AW67,C_C2,AW67,YES,YES,37
ITA,2025,ETRIWH,PTFTW50T100,AW67,C_C2,AW67,YES,YES,39
NLD,2023,ETRIWH,PTFTW50T100,AW67,C_C2,AW67,YES,YES,38
NLD,2024,ETRIWH,PTFTW50T100,AW67,C_C2,AW67,YES,YES,37
POL,2023,ETRIWH,PTFTW50T100,AW67,C_C2,AW67,YES,YES,39
POL,2024,ETRIWH,PTFTW50T100,AW67,C_C2,AW67,YES,YES,39
POL,2025,ETRIWH,PTFTW50T100,AW67,C_C2,AW67,YES,YES,39
ESP,2023,ETRIWH,PTFTW50T100,AW67,C_C2,AW67,YES,YES,23
ESP,2024,ETRIWH,PTFTW50T100,AW67,C_C2,AW67,YES,YES,26
ESP,2025,ETRIWH,PTFTW50T100,AW67,C_C2,AW67,YES,YES,27
SWE,2023,ETRIWH,PTFTW50T100,AW67,C_C2,AW67,YES,YES,28
SWE,2024,ETRIWH,PTFTW50T100,AW67,C_C2,AW67,YES,YES,27
SWE,2025,ETRIWH,PTFTW50T100,AW67,C_C2,AW67,YES,YES,26
GBR,2023,ETRIWH,PTFTW50T100,AW67,C_C2,AW67,YES,YES,44
GBR,2024,ETRIWH,PTFTW50T100,AW67,C_C2,AW67,YES,YES,45
GBR,2025,ETRIWH,PTFTW50T100,AW67,C_C2,AW67,YES,YES,42
USA,2023,ETRIWH,PTFTW50T100,AW67,C_C2,AW67,YES,YES,26
USA,2024,ETRIWH,PTFTW50T100,AW67,C_C2,AW67,YES,YES,26
USA,2025,ETRIWH,PTFTW50T100,AW67,C_C2,AW67,YES,YES,26
OECD,2023,ETRIWH,PTFTW50T100,AW67,C_C2,AW67,YES,YES,37
OECD,2024,ETRIWH,PTFTW50T100,AW67,C_C2,AW67,YES,YES,38
OECD,2025,ETRIWH,PTFTW50T100,AW67,C_C2,AW67,YES,YES,39
AUT,2023,ETRIWH,PTFTW50T100,AW67,C_C2,AW67,NO,YES,24
AUT,2024,ETRIWH,PTFTW50T100,AW67,C_C2,AW67,NO,YES,25
AUT,2025,ETRIWH,PTFTW50T100,AW67,C_C2,AW67,NO,YES,26
BEL,2023,ETRIWH,PTFTW50T100,AW67,C_C2,AW67,NO,YES,58
BEL,2024,ETRIWH,PTFTW50T100,AW67,C_C2,AW67,NO,YES,59
BEL,2025,ETRIWH,PTFTW50T100,AW67,C_C2,AW67,NO,YES,61
DNK,2023,ETRIWH,PTFTW50T100,AW67,C_C2,AW67,NO,YES,46
DNK,2024,ETRIWH,PTFTW50T100,AW67,C_C2,AW67,NO,YES,45
FRA,2023,ETRIWH,PTFTW50T100,AW67,C_C2,AW67,NO,YES,40
FRA,2024,ETRIWH,PTFTW50T100,AW67,C_C2,AW67,NO,YES,38
FRA,2025,ETRIWH,PTFTW50T100,AW67,C_C2,AW67,NO,YES,41
DEU,2023,ETRIWH,PTFTW50T100,AW67,C_C2,AW67,NO,YES,44
DEU,2024,ETRIWH,PTFTW50T100,AW67,C_C2,AW67,NO,YES,44
DEU,2025,ETRIWH,PTFTW50T100,AW67,C_C2,AW67,NO,YES,44
ITA,2023,ETRIWH,PTFTW50T100,AW67,C_C2,AW67,NO,YES,41
ITA,2024,ETRIWH,PTFTW50T100,AW67,C_C2,AW67,NO,YES,37
ITA,2025,ETRIWH,PTFTW50T100,AW67,C_C2,AW67,NO,YES,39
NLD,2023,ETRIWH,PTFTW50T100,AW67,C_C2,AW67,NO,YES,38
NLD,2024,ETRIWH,PTFTW50T100,AW67,C_C2,AW67,NO,YES,37
POL,2023,ETRIWH,PTFTW50T100,AW67,C_C2,AW67,NO,YES,39
POL,2024,ETRIWH,PTFTW50T100,AW67,C_C2,AW67,NO,YES,39
POL,2025,ETRIWH,PTFTW50T100,AW67,C_C2,AW67,NO,YES,39
ESP,2023,ETRIWH,PTFTW50T100,AW67,C_C2,AW67,NO,YES,23
ESP,2024,ETRIWH,PTFTW50T100,AW67,C_C2,AW67,NO,YES,26
ESP,2025,ETRIWH,PTFTW50T100,AW67,C_C2,AW67,NO,YES,27
SWE,2023,ETRIWH,PTFTW50T100,AW67,C_C2,AW67,NO,YES,28
SWE,2024,ETRIWH,PTFTW50T100,AW67,C_C2,AW67,NO,YES,27
SWE,2025,ETRIWH,PTFTW50T100,AW67,C_C2,AW67,NO,YES,26
GBR,2023,ETRIWH,PTFTW50T100,AW67,C_C2,AW67,NO,YES,44
GBR,2024,ETRIWH,PTFTW50T100,AW67,C_C2,AW67,NO,YES,45
GBR,2025,ETRIWH,PTFTW50T100,AW67,C_C2,AW67,NO,YES,42
USA,2023,ETRIWH,PTFTW50T100,AW67,C_C2,AW67,NO,YES,26
USA,2024,ETRIWH,PTFTW50T100,AW67,C_C2,AW67,NO,YES,26
USA,2025,ETRIWH,PTFTW50T100,AW67,C_C2,AW67,NO,YES,26
OECD,2023,ETRIWH,PTFTW50T100,AW67,C_C2,AW67,NO,YES,37
OECD,2024,ETRIWH,PTFTW50T100,AW67,C_C2,AW67,NO,YES,38
OECD,2025,ETRIWH,PTFTW50T100,AW67,C_C2,AW67,NO,YES,38
AUT,2023,ETRIWH,PTFTW50T100,AW67,C_C2,AW67,NO,NO,24
AUT,2024,ETRIWH,PTFTW50T100,AW67,C_C2,AW67,NO,NO,25
BEL,2023,ETRIWH,PTFTW50T100,AW67,C_C2,AW67,NO,NO,58
BEL,2024,ETRIWH,PTFTW50T100,AW67,C_C2,AW67,NO,NO,59
BEL,2025,ETRIWH,PTFTW50T100,AW67,C_C2,AW67,NO,NO,61
DNK,2023,ETRIWH,PTFTW50T100,AW67,C_C2,AW67,NO,NO,39
DNK,2024,ETRIWH,PTFTW50T100,AW67,C_C2,AW67,NO,NO,39
FRA,2023,ETRIWH,PTFTW50T100,AW67,C_C2,AW67,NO,NO,40
FRA,2024,ETRIWH,PTFTW50T100,AW67,C_C2,AW67,NO,NO,38
FRA,2025,ETRIWH,PTFTW50T100,AW67,C_C2,AW67,NO,NO,41
DEU,2023,ETRIWH,PTFTW50T100,AW67,C_C2,AW67,NO,NO,44
DEU,2024,ETRIWH,PTFTW50T100,AW67,C_C2,AW67,NO,NO,44
DEU,2025,ETRIWH,PTFTW50T100,AW67,C_C2,AW67,NO,NO,44
ITA,2023,ETRIWH,PTFTW50T100,AW67,C_C2,AW67,NO,NO,40
ITA,2025,ETRIWH,PTFTW50T100,AW67,C_C2,AW67,NO,NO,37
NLD,2023,ETRIWH,PTFTW50T100,AW67,C_C2,AW67,NO,NO,38
NLD,2024,ETRIWH,PTFTW50T100,AW67,C_C2,AW67,NO,NO,37
ESP,2023,ETRIWH,PTFTW50T100,AW67,C_C2,AW67,NO,NO,23
SWE,2023,ETRIWH,PTFTW50T100,AW67,C_C2,AW67,NO,NO,28
GBR,2024,ETRIWH,PTFTW50T100,AW67,C_C2,AW67,NO,NO,28
GBR,2025,ETRIWH,PTFTW50T100,AW67,C_C2,AW67,NO,NO,28
AUT,2023,ETRIWH,PTFTW50T100,AW67,C_C2,AW67,YES,NO,24
AUT,2024,ETRIWH,PTFTW50T100,AW67,C_C2,AW67,YES,NO,25
BEL,2023,ETRIWH,PTFTW50T100,AW67,C_C2,AW67,YES,NO,58
BEL,2024,ETRIWH,PTFTW50T100,AW67,C_C2,AW67,YES,NO,59
BEL,2025,ETRIWH,PTFTW50T100,AW67,C_C2,AW67,YES,NO,61
DNK,2023,ETRIWH,PTFTW50T100,AW67,C_C2,AW67,YES,NO,47
DNK,2024,ETRIWH,PTFTW50T100,AW67,C_C2,AW67,YES,NO,42
FRA,2023,ETRIWH,PTFTW50T100,AW67,C_C2,AW67,YES,NO,40
FRA,2024,ETRIWH,PTFTW50T100,AW67,C_C2,AW67,YES,NO,38
FRA,2025,ETRIWH,PTFTW50T100,AW67,C_C2,AW67,YES,NO,41
DEU,2023,ETRIWH,PTFTW50T100,AW67,C_C2,AW67,YES,NO,45
DEU,2024,ETRIWH,PTFTW50T100,AW67,C_C2,AW67,YES,NO,51
DEU,2025,ETRIWH,PTFTW50T100,AW67,C_C2,AW67,YES,NO,49
ITA,2023,ETRIWH,PTFTW50T100,AW67,C_C2,AW67,YES,NO,40
ITA,2025,ETRIWH,PTFTW50T100,AW67,C_C2,AW67,YES,NO,37
NLD,2023,ETRIWH,PTFTW50T100,AW67,C_C2,AW67,YES,NO,38
NLD,2024,ETRIWH,PTFTW50T100,AW67,C_C2,AW67,YES,NO,37
ESP,2023,ETRIWH,PTFTW50T100,AW67,C_C2,AW67,YES,NO,23
SWE,2023,ETRIWH,PTFTW50T100,AW67,C_C2,AW67,YES,NO,28
GBR,2024,ETRIWH,PTFTW50T100,AW67,C_C2,AW67,YES,NO,28
GBR,2025,ETRIWH,PTFTW50T100,AW67,C_C2,AW67,YES,NO,28
ESP,2025,ETRIWH,PTFTW50T100,AW67,C_C2,AW67,NO,NO,27
ESP,2025,ETRIWH,PTFTW50T100,AW67,C_C2,AW67,YES,NO,27
SWE,2024,ETRIWH,PTFTW50T100,AW67,C_C2,AW67,NO,NO,27
SWE,2024,ETRIWH,PTFTW50T100,AW67,C_C2,AW67,YES,NO,27
AUT,2025,ETRIWH,PTFTW50T100,AW67,C_C2,AW67,YES,NO,26
AUT,2025,ETRIWH,PTFTW50T100,AW67,C_C2,AW67,NO,NO,26
ESP,2024,ETRIWH,PTFTW50T100,AW67,C_C2,AW67,YES,NO,26
ESP,2024,ETRIWH,PTFTW50T100,AW67,C_C2,AW67,NO,NO,26
SWE,2025,ETRIWH,PTFTW50T100,AW67,C_C2,AW67,YES,NO,26
SWE,2025,ETRIWH,PTFTW50T100,AW67,C_C2,AW67,NO,NO,26
USA,2023,ETRIWH,PTFTW50T100,AW67,C_C2,AW67,NO,NO,26
USA,2023,ETRIWH,PTFTW50T100,AW67,C_C2,AW67,YES,NO,26
USA,2024,ETRIWH,PTFTW50T100,AW67,C_C2,AW67,YES,NO,26
USA,2024,ETRIWH,PTFTW50T100,AW67,C_C2,AW67,NO,NO,26
USA,2025,ETRIWH,PTFTW50T100,AW67,C_C2,AW67,NO,NO,26
USA,2025,ETRIWH,PTFTW50T100,AW67,C_C2,AW67,YES,NO,26
ITA,2024,ETRIWH,PTFTW50T100,AW67,C_C2,AW67,NO,NO,35
ITA,2024,ETRIWH,PTFTW50T100,AW67,C_C2,AW67,YES,NO,35
OECD,2023,ETRIWH,PTFTW50T100,AW67,C_C2,AW67,YES,NO,35
OECD,2023,ETRIWH,PTFTW50T100,AW67,C_C2,AW67,NO,NO,35
OECD,2024,ETRIWH,PTFTW50T100,AW67,C_C2,AW67,NO,NO,35
OECD,2024,ETRIWH,PTFTW50T100,AW67,C_C2,AW67,YES,NO,35
OECD,2025,ETRIWH,PTFTW50T100,AW67,C_C2,AW67,YES,NO,35
OECD,2025,ETRIWH,PTFTW50T100,AW67,C_C2,AW67,NO,NO,35
POL,2023,ETRIWH,PTFTW50T100,AW67,C_C2,AW67,NO,NO,32
POL,2023,ETRIWH,PTFTW50T100,AW67,C_C2,AW67,YES,NO,32
POL,2024,ETRIWH,PTFTW50T100,AW67,C_C2,AW67,YES,NO,32
POL,2024,ETRIWH,PTFTW50T100,AW67,C_C2,AW67,NO,NO,32
POL,2025,ETRIWH,PTFTW50T100,AW67,C_C2,AW67,NO,NO,32
POL,2025,ETRIWH,PTFTW50T100,AW67,C_C2,AW67,YES,NO,32
GBR,2023,ETRIWH,PTFTW50T100,AW67,C_C2,AW67,NO,NO,32
GBR,2023,ETRIWH,PTFTW50T100,AW67,C_C2,AW67,YES,NO,32
AUT,2023,ETRIWH,PTFTW33T67,AW67,C_C2,AW67,NO,NO,20
AUT,2024,ETRIWH,PTFTW33T67,AW67,C_C2,AW67,NO,NO,22
AUT,2025,ETRIWH,PTFTW33T67,AW67,C_C2,AW67,NO,NO,20
BEL,2023,ETRIWH,PTFTW33T67,AW67,C_C2,AW67,NO,NO,36
BEL,2024,ETRIWH,PTFTW33T67,AW67,C_C2,AW67,NO,NO,35
BEL,2025,ETRIWH,PTFTW33T67,AW67,C_C2,AW67,NO,NO,35
DNK,2023,ETRIWH,PTFTW33T67,AW67,C_C2,AW67,NO,NO,40
DNK,2024,ETRIWH,PTFTW33T67,AW67,C_C2,AW67,NO,NO,39
FRA,2023,ETRIWH,PTFTW33T67,AW67,C_C2,AW67,NO,NO,33
FRA,2024,ETRIWH,PTFTW33T67,AW67,C_C2,AW67,NO,NO,33
FRA,2025,ETRIWH,PTFTW33T67,AW67,C_C2,AW67,NO,NO,33
DEU,2023,ETRIWH,PTFTW33T67,AW67,C_C2,AW67,NO,NO,45
DEU,2024,ETRIWH,PTFTW33T67,AW67,C_C2,AW67,NO,NO,45
DEU,2025,ETRIWH,PTFTW33T67,AW67,C_C2,AW67,NO,NO,45
ITA,2023,ETRIWH,PTFTW33T67,AW67,C_C2,AW67,NO,NO,14
ITA,2024,ETRIWH,PTFTW33T67,AW67,C_C2,AW67,NO,NO,13
ITA,2025,ETRIWH,PTFTW33T67,AW67,C_C2,AW67,NO,NO,3
NLD,2023,ETRIWH,PTFTW33T67,AW67,C_C2,AW67,NO,NO,13
NLD,2024,ETRIWH,PTFTW33T67,AW67,C_C2,AW67,NO,NO,13
POL,2023,ETRIWH,PTFTW33T67,AW67,C_C2,AW67,NO,NO,32
POL,2024,ETRIWH,PTFTW33T67,AW67,C_C2,AW67,NO,NO,32
POL,2025,ETRIWH,PTFTW33T67,AW67,C_C2,AW67,NO,NO,32
ESP,2023,ETRIWH,PTFTW33T67,AW67,C_C2,AW67,NO,NO,6
ESP,2024,ETRIWH,PTFTW33T67,AW67,C_C2,AW67,NO,NO,6
ESP,2025,ETRIWH,PTFTW33T67,AW67,C_C2,AW67,NO,NO,6
SWE,2023,ETRIWH,PTFTW33T67,AW67,C_C2,AW67,NO,NO,24
SWE,2024,ETRIWH,PTFTW33T67,AW67,C_C2,AW67,NO,NO,23
SWE,2025,ETRIWH,PTFTW33T67,AW67,C_C2,AW67,NO,NO,23
GBR,2023,ETRIWH,PTFTW33T67,AW67,C_C2,AW67,NO,NO,29
GBR,2024,ETRIWH,PTFTW33T67,AW67,C_C2,AW67,NO,NO,27
GBR,2025,ETRIWH,PTFTW33T67,AW67,C_C2,AW67,NO,NO,28
USA,2023,ETRIWH,PTFTW33T67,AW67,C_C2,AW67,NO,NO,26
USA,2024,ETRIWH,PTFTW33T67,AW67,C_C2,AW67,NO,NO,26
USA,2025,ETRIWH,PTFTW33T67,AW67,C_C2,AW67,NO,NO,26
OECD,2023,ETRIWH,PTFTW33T67,AW67,C_C2,AW67,NO,NO,28
OECD,2024,ETRIWH,PTFTW33T67,AW67,C_C2,AW67,NO,NO,27
OECD,2025,ETRIWH,PTFTW33T67,AW67,C_C2,AW67,NO,NO,27
AUT,2023,ETRIWH,PTFTW33T67,AW67,C_C2,AW67,NO,YES,20
AUT,2024,ETRIWH,PTFTW33T67,AW67,C_C2,AW67,NO,YES,22
AUT,2025,ETRIWH,PTFTW33T67,AW67,C_C2,AW67,NO,YES,20
BEL,2023,ETRIWH,PTFTW33T67,AW67,C_C2,AW67,NO,YES,36
BEL,2024,ETRIWH,PTFTW33T67,AW67,C_C2,AW67,NO,YES,35
BEL,2025,ETRIWH,PTFTW33T67,AW67,C_C2,AW67,NO,YES,35
DNK,2023,ETRIWH,PTFTW33T67,AW67,C_C2,AW67,NO,YES,58
DNK,2024,ETRIWH,PTFTW33T67,AW67,C_C2,AW67,NO,YES,57
FRA,2023,ETRIWH,PTFTW33T67,AW67,C_C2,AW67,NO,YES,33
FRA,2024,ETRIWH,PTFTW33T67,AW67,C_C2,AW67,NO,YES,33
FRA,2025,ETRIWH,PTFTW33T67,AW67,C_C2,AW67,NO,YES,33
DEU,2023,ETRIWH,PTFTW33T67,AW67,C_C2,AW67,NO,YES,59
DEU,2024,ETRIWH,PTFTW33T67,AW67,C_C2,AW67,NO,YES,53
DEU,2025,ETRIWH,PTFTW33T67,AW67,C_C2,AW67,NO,YES,54
ITA,2023,ETRIWH,PTFTW33T67,AW67,C_C2,AW67,NO,YES,9
ITA,2024,ETRIWH,PTFTW33T67,AW67,C_C2,AW67,NO,YES,15
ITA,2025,ETRIWH,PTFTW33T67,AW67,C_C2,AW67,NO,YES,3
NLD,2023,ETRIWH,PTFTW33T67,AW67,C_C2,AW67,NO,YES,17
NLD,2024,ETRIWH,PTFTW33T67,AW67,C_C2,AW67,NO,YES,19
POL,2023,ETRIWH,PTFTW33T67,AW67,C_C2,AW67,NO,YES,49
POL,2024,ETRIWH,PTFTW33T67,AW67,C_C2,AW67,NO,YES,55
POL,2025,ETRIWH,PTFTW33T67,AW67,C_C2,AW67,NO,YES,55
ESP,2023,ETRIWH,PTFTW33T67,AW67,C_C2,AW67,NO,YES,6
ESP,2024,ETRIWH,PTFTW33T67,AW67,C_C2,AW67,NO,YES,6
ESP,2025,ETRIWH,PTFTW33T67,AW67,C_C2,AW67,NO,YES,6
SWE,2023,ETRIWH,PTFTW33T67,AW67,C_C2,AW67,NO,YES,24
SWE,2024,ETRIWH,PTFTW33T67,AW67,C_C2,AW67,NO,YES,23
SWE,2025,ETRIWH,PTFTW33T67,AW67,C_C2,AW67,NO,YES,23
GBR,2023,ETRIWH,PTFTW33T67,AW67,C_C2,AW67,NO,YES,67
GBR,2024,ETRIWH,PTFTW33T67,AW67,C_C2,AW67,NO,YES,67
GBR,2025,ETRIWH,PTFTW33T67,AW67,C_C2,AW67,NO,YES,67
USA,2023,ETRIWH,PTFTW33T67,AW67,C_C2,AW67,NO,YES,26
USA,2024,ETRIWH,PTFTW33T67,AW67,C_C2,AW67,NO,YES,26
USA,2025,ETRIWH,PTFTW33T67,AW67,C_C2,AW67,NO,YES,26
OECD,2023,ETRIWH,PTFTW33T67,AW67,C_C2,AW67,NO,YES,33
OECD,2024,ETRIWH,PTFTW33T67,AW67,C_C2,AW67,NO,YES,35
OECD,2025,ETRIWH,PTFTW33T67,AW67,C_C2,AW67,NO,YES,33
AUT,2023,ETRIWH,PTFTW33T67,AW67,C_C2,AW67,YES,YES,20
AUT,2024,ETRIWH,PTFTW33T67,AW67,C_C2,AW67,YES,YES,22
AUT,2025,ETRIWH,PTFTW33T67,AW67,C_C2,AW67,YES,YES,20
BEL,2023,ETRIWH,PTFTW33T67,AW67,C_C2,AW67,YES,YES,36
BEL,2024,ETRIWH,PTFTW33T67,AW67,C_C2,AW67,YES,YES,35
BEL,2025,ETRIWH,PTFTW33T67,AW67,C_C2,AW67,YES,YES,35
DNK,2023,ETRIWH,PTFTW33T67,AW67,C_C2,AW67,YES,YES,83
DNK,2024,ETRIWH,PTFTW33T67,AW67,C_C2,AW67,YES,YES,76
FRA,2023,ETRIWH,PTFTW33T67,AW67,C_C2,AW67,YES,YES,33
FRA,2024,ETRIWH,PTFTW33T67,AW67,C_C2,AW67,YES,YES,33
FRA,2025,ETRIWH,PTFTW33T67,AW67,C_C2,AW67,YES,YES,33
DEU,2023,ETRIWH,PTFTW33T67,AW67,C_C2,AW67,YES,YES,70
DEU,2024,ETRIWH,PTFTW33T67,AW67,C_C2,AW67,YES,YES,74
DEU,2025,ETRIWH,PTFTW33T67,AW67,C_C2,AW67,YES,YES,71
ITA,2023,ETRIWH,PTFTW33T67,AW67,C_C2,AW67,YES,YES,9
ITA,2024,ETRIWH,PTFTW33T67,AW67,C_C2,AW67,YES,YES,15
ITA,2025,ETRIWH,PTFTW33T67,AW67,C_C2,AW67,YES,YES,3
NLD,2023,ETRIWH,PTFTW33T67,AW67,C_C2,AW67,YES,YES,17
NLD,2024,ETRIWH,PTFTW33T67,AW67,C_C2,AW67,YES,YES,19
POL,2023,ETRIWH,PTFTW33T67,AW67,C_C2,AW67,YES,YES,49
POL,2024,ETRIWH,PTFTW33T67,AW67,C_C2,AW67,YES,YES,55
POL,2025,ETRIWH,PTFTW33T67,AW67,C_C2,AW67,YES,YES,55
ESP,2023,ETRIWH,PTFTW33T67,AW67,C_C2,AW67,YES,YES,6
ESP,2024,ETRIWH,PTFTW33T67,AW67,C_C2,AW67,YES,YES,6
ESP,2025,ETRIWH,PTFTW33T67,AW67,C_C2,AW67,YES,YES,6
SWE,2023,ETRIWH,PTFTW33T67,AW67,C_C2,AW67,YES,YES,24
SWE,2024,ETRIWH,PTFTW33T67,AW67,C_C2,AW67,YES,YES,23
SWE,2025,ETRIWH,PTFTW33T67,AW67,C_C2,AW67,YES,YES,23
GBR,2023,ETRIWH,PTFTW33T67,AW67,C_C2,AW67,YES,YES,67
GBR,2024,ETRIWH,PTFTW33T67,AW67,C_C2,AW67,YES,YES,67
GBR,2025,ETRIWH,PTFTW33T67,AW67,C_C2,AW67,YES,YES,67
USA,2023,ETRIWH,PTFTW33T67,AW67,C_C2,AW67,YES,YES,26
USA,2024,ETRIWH,PTFTW33T67,AW67,C_C2,AW67,YES,YES,26
USA,2025,ETRIWH,PTFTW33T67,AW67,C_C2,AW67,YES,YES,26
OECD,2023,ETRIWH,PTFTW33T67,AW67,C_C2,AW67,YES,YES,34
OECD,2024,ETRIWH,PTFTW33T67,AW67,C_C2,AW67,YES,YES,37
OECD,2025,ETRIWH,PTFTW33T67,AW67,C_C2,AW67,YES,YES,34
AUT,2023,ETRIWH,PTFTW33T67,AW67,C_C2,AW67,YES,NO,20
AUT,2024,ETRIWH,PTFTW33T67,AW67,C_C2,AW67,YES,NO,22
AUT,2025,ETRIWH,PTFTW33T67,AW67,C_C2,AW67,YES,NO,20
BEL,2023,ETRIWH,PTFTW33T67,AW67,C_C2,AW67,YES,NO,36
BEL,2024,ETRIWH,PTFTW33T67,AW67,C_C2,AW67,YES,NO,35
BEL,2025,ETRIWH,PTFTW33T67,AW67,C_C2,AW67,YES,NO,35
DNK,2023,ETRIWH,PTFTW33T67,AW67,C_C2,AW67,YES,NO,75
DNK,2024,ETRIWH,PTFTW33T67,AW67,C_C2,AW67,YES,NO,66
FRA,2023,ETRIWH,PTFTW33T67,AW67,C_C2,AW67,YES,NO,33
FRA,2024,ETRIWH,PTFTW33T67,AW67,C_C2,AW67,YES,NO,33
FRA,2025,ETRIWH,PTFTW33T67,AW67,C_C2,AW67,YES,NO,33
DEU,2023,ETRIWH,PTFTW33T67,AW67,C_C2,AW67,YES,NO,56
DEU,2024,ETRIWH,PTFTW33T67,AW67,C_C2,AW67,YES,NO,67
DEU,2025,ETRIWH,PTFTW33T67,AW67,C_C2,AW67,YES,NO,63
ITA,2023,ETRIWH,PTFTW33T67,AW67,C_C2,AW67,YES,NO,14
ITA,2024,ETRIWH,PTFTW33T67,AW67,C_C2,AW67,YES,NO,13
ITA,2025,ETRIWH,PTFTW33T67,AW67,C_C2,AW67,YES,NO,3
NLD,2023,ETRIWH,PTFTW33T67,AW67,C_C2,AW67,YES,NO,13
NLD,2024,ETRIWH,PTFTW33T67,AW67,C_C2,AW67,YES,NO,13
POL,2023,ETRIWH,PTFTW33T67,AW67,C_C2,AW67,YES,NO,32
POL,2024,ETRIWH,PTFTW33T67,AW67,C_C2,AW67,YES,NO,32
POL,2025,ETRIWH,PTFTW33T67,AW67,C_C2,AW67,YES,NO,32
ESP,2023,ETRIWH,PTFTW33T67,AW67,C_C2,AW67,YES,NO,6
ESP,2024,ETRIWH,PTFTW33T67,AW67,C_C2,AW67,YES,NO,6
ESP,2025,ETRIWH,PTFTW33T67,AW67,C_C2,AW67,YES,NO,6
SWE,2023,ETRIWH,PTFTW33T67,AW67,C_C2,AW67,YES,NO,24
SWE,2024,ETRIWH,PTFTW33T67,AW67,C_C2,AW67,YES,NO,23
SWE,2025,ETRIWH,PTFTW33T67,AW67,C_C2,AW67,YES,NO,23
GBR,2023,ETRIWH,PTFTW33T67,AW67,C_C2,AW67,YES,NO,29
GBR,2024,ETRIWH,PTFTW33T67,AW67,C_C2,AW67,YES,NO,27
GBR,2025,ETRIWH,PTFTW33T67,AW67,C_C2,AW67,YES,NO,28
USA,2023,ETRIWH,PTFTW33T67,AW67,C_C2,AW67,YES,NO,26
USA,2024,ETRIWH,PTFTW33T67,AW67,C_C2,AW67,YES,NO,26
USA,2025,ETRIWH,PTFTW33T67,AW67,C_C2,AW67,YES,NO,26
OECD,2023,ETRIWH,PTFTW33T67,AW67,C_C2,AW67,YES,NO,29
OECD,2024,ETRIWH,PTFTW33T67,AW67,C_C2,AW67,YES,NO,29
OECD,2025,ETRIWH,PTFTW33T67,AW67,C_C2,AW67,YES,NO,28
AUT,2023,ETRIWH,PTFTW50T66,AW67,C_C2,AW67,NO,NO,23
AUT,2024,ETRIWH,PTFTW50T66,AW67,C_C2,AW67,NO,NO,27
AUT,2025,ETRIWH,PTFTW50T66,AW67,C_C2,AW67,NO,NO,24
BEL,2023,ETRIWH,PTFTW50T66,AW67,C_C2,AW67,NO,NO,42
BEL,2024,ETRIWH,PTFTW50T66,AW67,C_C2,AW67,NO,NO,41
BEL,2025,ETRIWH,PTFTW50T66,AW67,C_C2,AW67,NO,NO,41
DNK,2023,ETRIWH,PTFTW50T66,AW67,C_C2,AW67,NO,NO,39
DNK,2024,ETRIWH,PTFTW50T66,AW67,C_C2,AW67,NO,NO,39
DEU,2023,ETRIWH,PTFTW50T66,AW67,C_C2,AW67,NO,NO,44
DEU,2024,ETRIWH,PTFTW50T66,AW67,C_C2,AW67,NO,NO,44
DEU,2025,ETRIWH,PTFTW50T66,AW67,C_C2,AW67,NO,NO,44
ITA,2023,ETRIWH,PTFTW50T66,AW67,C_C2,AW67,NO,NO,38
ITA,2024,ETRIWH,PTFTW50T66,AW67,C_C2,AW67,NO,NO,37
ITA,2025,ETRIWH,PTFTW50T66,AW67,C_C2,AW67,NO,NO,25
NLD,2023,ETRIWH,PTFTW50T66,AW67,C_C2,AW67,NO,NO,14
NLD,2024,ETRIWH,PTFTW50T66,AW67,C_C2,AW67,NO,NO,14
ESP,2023,ETRIWH,PTFTW50T66,AW67,C_C2,AW67,NO,NO,6
ESP,2024,ETRIWH,PTFTW50T66,AW67,C_C2,AW67,NO,NO,6
ESP,2025,ETRIWH,PTFTW50T66,AW67,C_C2,AW67,NO,NO,6
SWE,2023,ETRIWH,PTFTW50T66,AW67,C_C2,AW67,NO,NO,28
SWE,2024,ETRIWH,PTFTW50T66,AW67,C_C2,AW67,NO,NO,26
SWE,2025,ETRIWH,PTFTW50T66,AW67,C_C2,AW67,NO,NO,25
GBR,2024,ETRIWH,PTFTW50T66,AW67,C_C2,AW67,NO,NO,28
GBR,2025,ETRIWH,PTFTW50T66,AW67,C_C2,AW67,NO,NO,28
USA,2023,ETRIWH,PTFTW50T66,AW67,C_C2,AW67,NO,NO,26
USA,2024,ETRIWH,PTFTW50T66,AW67,C_C2,AW67,NO,NO,26
USA,2025,ETRIWH,PTFTW50T66,AW67,C_C2,AW67,NO,NO,26
OECD,2023,ETRIWH,PTFTW50T66,AW67,C_C2,AW67,NO,NO,30
OECD,2025,ETRIWH,PTFTW50T66,AW67,C_C2,AW67,NO,NO,31
AUT,2023,ETRIWH,PTFTW50T66,AW67,C_C2,AW67,NO,YES,23
AUT,2024,ETRIWH,PTFTW50T66,AW67,C_C2,AW67,NO,YES,27
AUT,2025,ETRIWH,PTFTW50T66,AW67,C_C2,AW67,NO,YES,24
BEL,2023,ETRIWH,PTFTW50T66,AW67,C_C2,AW67,NO,YES,42
BEL,2024,ETRIWH,PTFTW50T66,AW67,C_C2,AW67,NO,YES,41
BEL,2025,ETRIWH,PTFTW50T66,AW67,C_C2,AW67,NO,YES,41
DNK,2023,ETRIWH,PTFTW50T66,AW67,C_C2,AW67,NO,YES,59
DNK,2024,ETRIWH,PTFTW50T66,AW67,C_C2,AW67,NO,YES,57
DEU,2023,ETRIWH,PTFTW50T66,AW67,C_C2,AW67,NO,YES,44
DEU,2024,ETRIWH,PTFTW50T66,AW67,C_C2,AW67,NO,YES,44
DEU,2025,ETRIWH,PTFTW50T66,AW67,C_C2,AW67,NO,YES,44
ITA,2023,ETRIWH,PTFTW50T66,AW67,C_C2,AW67,NO,YES,28
ITA,2024,ETRIWH,PTFTW50T66,AW67,C_C2,AW67,NO,YES,40
ITA,2025,ETRIWH,PTFTW50T66,AW67,C_C2,AW67,NO,YES,25
NLD,2023,ETRIWH,PTFTW50T66,AW67,C_C2,AW67,NO,YES,14
NLD,2024,ETRIWH,PTFTW50T66,AW67,C_C2,AW67,NO,YES,14
POL,2023,ETRIWH,PTFTW50T66,AW67,C_C2,AW67,NO,YES,53
POL,2024,ETRIWH,PTFTW50T66,AW67,C_C2,AW67,NO,YES,45
POL,2025,ETRIWH,PTFTW50T66,AW67,C_C2,AW67,NO,YES,45
ESP,2023,ETRIWH,PTFTW50T66,AW67,C_C2,AW67,NO,YES,6
ESP,2024,ETRIWH,PTFTW50T66,AW67,C_C2,AW67,NO,YES,6
ESP,2025,ETRIWH,PTFTW50T66,AW67,C_C2,AW67,NO,YES,6
SWE,2023,ETRIWH,PTFTW50T66,AW67,C_C2,AW67,NO,YES,28
SWE,2024,ETRIWH,PTFTW50T66,AW67,C_C2,AW67,NO,YES,26
SWE,2025,ETRIWH,PTFTW50T66,AW67,C_C2,AW67,NO,YES,25
GBR,2023,ETRIWH,PTFTW50T66,AW67,C_C2,AW67,NO,YES,66
GBR,2024,ETRIWH,PTFTW50T66,AW67,C_C2,AW67,NO,YES,68
GBR,2025,ETRIWH,PTFTW50T66,AW67,C_C2,AW67,NO,YES,68
USA,2023,ETRIWH,PTFTW50T66,AW67,C_C2,AW67,NO,YES,26
USA,2024,ETRIWH,PTFTW50T66,AW67,C_C2,AW67,NO,YES,26
USA,2025,ETRIWH,PTFTW50T66,AW67,C_C2,AW67,NO,YES,26
OECD,2023,ETRIWH,PTFTW50T66,AW67,C_C2,AW67,NO,YES,34
OECD,2024,ETRIWH,PTFTW50T66,AW67,C_C2,AW67,NO,YES,35
OECD,2025,ETRIWH,PTFTW50T66,AW67,C_C2,AW67,NO,YES,36
OECD,2024,ETRIWH,PTFTW50T66,AW67,C_C2,AW67,NO,NO,29
FRA,2023,ETRIWH,PTFTW50T66,AW67,C_C2,AW67,NO,NO,32
FRA,2023,ETRIWH,PTFTW50T66,AW67,C_C2,AW67,NO,YES,32
FRA,2024,ETRIWH,PTFTW50T66,AW67,C_C2,AW67,NO,YES,32
FRA,2024,ETRIWH,PTFTW50T66,AW67,C_C2,AW67,NO,NO,32
FRA,2025,ETRIWH,PTFTW50T66,AW67,C_C2,AW67,NO,NO,32
FRA,2025,ETRIWH,PTFTW50T66,AW67,C_C2,AW67,NO,YES,32
POL,2023,ETRIWH,PTFTW50T66,AW67,C_C2,AW67,NO,NO,32
POL,2024,ETRIWH,PTFTW50T66,AW67,C_C2,AW67,NO,NO,32
POL,2025,ETRIWH,PTFTW50T66,AW67,C_C2,AW67,NO,NO,32
GBR,2023,ETRIWH,PTFTW50T66,AW67,C_C2,AW67,NO,NO,32
AUT,2023,ETRIWH,PTFTW50T66,AW67,C_C2,AW67,YES,NO,23
AUT,2024,ETRIWH,PTFTW50T66,AW67,C_C2,AW67,YES,NO,27
AUT,2025,ETRIWH,PTFTW50T66,AW67,C_C2,AW67,YES,NO,24
BEL,2023,ETRIWH,PTFTW50T66,AW67,C_C2,AW67,YES,NO,42
BEL,2024,ETRIWH,PTFTW50T66,AW67,C_C2,AW67,YES,NO,41
BEL,2025,ETRIWH,PTFTW50T66,AW67,C_C2,AW67,YES,NO,41
DNK,2023,ETRIWH,PTFTW50T66,AW67,C_C2,AW67,YES,NO,63
DNK,2024,ETRIWH,PTFTW50T66,AW67,C_C2,AW67,YES,NO,46
FRA,2023,ETRIWH,PTFTW50T66,AW67,C_C2,AW67,YES,NO,32
FRA,2024,ETRIWH,PTFTW50T66,AW67,C_C2,AW67,YES,NO,32
FRA,2025,ETRIWH,PTFTW50T66,AW67,C_C2,AW67,YES,NO,32
DEU,2023,ETRIWH,PTFTW50T66,AW67,C_C2,AW67,YES,NO,47
DEU,2024,ETRIWH,PTFTW50T66,AW67,C_C2,AW67,YES,NO,66
DEU,2025,ETRIWH,PTFTW50T66,AW67,C_C2,AW67,YES,NO,58
ITA,2023,ETRIWH,PTFTW50T66,AW67,C_C2,AW67,YES,NO,38
ITA,2024,ETRIWH,PTFTW50T66,AW67,C_C2,AW67,YES,NO,37
ITA,2025,ETRIWH,PTFTW50T66,AW67,C_C2,AW67,YES,NO,25
NLD,2023,ETRIWH,PTFTW50T66,AW67,C_C2,AW67,YES,NO,14
NLD,2024,ETRIWH,PTFTW50T66,AW67,C_C2,AW67,YES,NO,14
POL,2023,ETRIWH,PTFTW50T66,AW67,C_C2,AW67,YES,NO,32
POL,2024,ETRIWH,PTFTW50T66,AW67,C_C2,AW67,YES,NO,32
POL,2025,ETRIWH,PTFTW50T66,AW67,C_C2,AW67,YES,NO,32
ESP,2023,ETRIWH,PTFTW50T66,AW67,C_C2,AW67,YES,NO,6
ESP,2024,ETRIWH,PTFTW50T66,AW67,C_C2,AW67,YES,NO,6
ESP,2025,ETRIWH,PTFTW50T66,AW67,C_C2,AW67,YES,NO,6
SWE,2023,ETRIWH,PTFTW50T66,AW67,C_C2,AW67,YES,NO,28
SWE,2024,ETRIWH,PTFTW50T66,AW67,C_C2,AW67,YES,NO,26
SWE,2025,ETRIWH,PTFTW50T66,AW67,C_C2,AW67,YES,NO,25
GBR,2023,ETRIWH,PTFTW50T66,AW67,C_C2,AW67,YES,NO,32
GBR,2024,ETRIWH,PTFTW50T66,AW67,C_C2,AW67,YES,NO,28
GBR,2025,ETRIWH,PTFTW50T66,AW67,C_C2,AW67,YES,NO,28
USA,2023,ETRIWH,PTFTW50T66,AW67,C_C2,AW67,YES,NO,26
USA,2024,ETRIWH,PTFTW50T66,AW67,C_C2,AW67,YES,NO,26
USA,2025,ETRIWH,PTFTW50T66,AW67,C_C2,AW67,YES,NO,26
OECD,2023,ETRIWH,PTFTW50T66,AW67,C_C2,AW67,YES,NO,31
OECD,2024,ETRIWH,PTFTW50T66,AW67,C_C2,AW67,YES,NO,30
OECD,2025,ETRIWH,PTFTW50T66,AW67,C_C2,AW67,YES,NO,32
AUT,2023,ETRIWH,PTFTW50T66,AW67,C_C2,AW67,YES,YES,23
AUT,2024,ETRIWH,PTFTW50T66,AW67,C_C2,AW67,YES,YES,27
AUT,2025,ETRIWH,PTFTW50T66,AW67,C_C2,AW67,YES,YES,24
BEL,2023,ETRIWH,PTFTW50T66,AW67,C_C2,AW67,YES,YES,42
BEL,2024,ETRIWH,PTFTW50T66,AW67,C_C2,AW67,YES,YES,41
BEL,2025,ETRIWH,PTFTW50T66,AW67,C_C2,AW67,YES,YES,41
DNK,2023,ETRIWH,PTFTW50T66,AW67,C_C2,AW67,YES,YES,76
DNK,2024,ETRIWH,PTFTW50T66,AW67,C_C2,AW67,YES,YES,62
FRA,2023,ETRIWH,PTFTW50T66,AW67,C_C2,AW67,YES,YES,32
FRA,2024,ETRIWH,PTFTW50T66,AW67,C_C2,AW67,YES,YES,32
FRA,2025,ETRIWH,PTFTW50T66,AW67,C_C2,AW67,YES,YES,32
DEU,2023,ETRIWH,PTFTW50T66,AW67,C_C2,AW67,YES,YES,47
DEU,2024,ETRIWH,PTFTW50T66,AW67,C_C2,AW67,YES,YES,66
DEU,2025,ETRIWH,PTFTW50T66,AW67,C_C2,AW67,YES,YES,58
ITA,2023,ETRIWH,PTFTW50T66,AW67,C_C2,AW67,YES,YES,28
ITA,2024,ETRIWH,PTFTW50T66,AW67,C_C2,AW67,YES,YES,40
ITA,2025,ETRIWH,PTFTW50T66,AW67,C_C2,AW67,YES,YES,25
NLD,2023,ETRIWH,PTFTW50T66,AW67,C_C2,AW67,YES,YES,14
NLD,2024,ETRIWH,PTFTW50T66,AW67,C_C2,AW67,YES,YES,14
POL,2023,ETRIWH,PTFTW50T66,AW67,C_C2,AW67,YES,YES,53
POL,2024,ETRIWH,PTFTW50T66,AW67,C_C2,AW67,YES,YES,45
POL,2025,ETRIWH,PTFTW50T66,AW67,C_C2,AW67,YES,YES,45
ESP,2023,ETRIWH,PTFTW50T66,AW67,C_C2,AW67,YES,YES,6
ESP,2024,ETRIWH,PTFTW50T66,AW67,C_C2,AW67,YES,YES,6
ESP,2025,ETRIWH,PTFTW50T66,AW67,C_C2,AW67,YES,YES,6
SWE,2023,ETRIWH,PTFTW50T66,AW67,C_C2,AW67,YES,YES,28
SWE,2024,ETRIWH,PTFTW50T66,AW67,C_C2,AW67,YES,YES,26
SWE,2025,ETRIWH,PTFTW50T66,AW67,C_C2,AW67,YES,YES,25
GBR,2023,ETRIWH,PTFTW50T66,AW67,C_C2,AW67,YES,YES,66
GBR,2024,ETRIWH,PTFTW50T66,AW67,C_C2,AW67,YES,YES,68
GBR,2025,ETRIWH,PTFTW50T66,AW67,C_C2,AW67,YES,YES,68
USA,2023,ETRIWH,PTFTW50T66,AW67,C_C2,AW67,YES,YES,26
USA,2024,ETRIWH,PTFTW50T66,AW67,C_C2,AW67,YES,YES,26
USA,2025,ETRIWH,PTFTW50T66,AW67,C_C2,AW67,YES,YES,26
OECD,2023,ETRIWH,PTFTW50T66,AW67,C_C2,AW67,YES,YES,34
OECD,2024,ETRIWH,PTFTW50T66,AW67,C_C2,AW67,YES,YES,36
OECD,2025,ETRIWH,PTFTW50T66,AW67,C_C2,AW67,YES,YES,37
AUT,2023,ETRIWH,PTFTW50T66,AW100,C_C2,AW67,NO,YES,25
AUT,2024,ETRIWH,PTFTW50T66,AW100,C_C2,AW67,NO,YES,22
AUT,2025,ETRIWH,PTFTW50T66,AW100,C_C2,AW67,NO,YES,23
BEL,2023,ETRIWH,PTFTW50T66,AW100,C_C2,AW67,NO,YES,70
BEL,2024,ETRIWH,PTFTW50T66,AW100,C_C2,AW67,NO,YES,71
BEL,2025,ETRIWH,PTFTW50T66,AW100,C_C2,AW67,NO,YES,76
DNK,2023,ETRIWH,PTFTW50T66,AW100,C_C2,AW67,NO,YES,39
DNK,2024,ETRIWH,PTFTW50T66,AW100,C_C2,AW67,NO,YES,39
FRA,2023,ETRIWH,PTFTW50T66,AW100,C_C2,AW67,NO,YES,45
FRA,2024,ETRIWH,PTFTW50T66,AW100,C_C2,AW67,NO,YES,40
FRA,2025,ETRIWH,PTFTW50T66,AW100,C_C2,AW67,NO,YES,46
DEU,2023,ETRIWH,PTFTW50T66,AW100,C_C2,AW67,NO,YES,44
DEU,2024,ETRIWH,PTFTW50T66,AW100,C_C2,AW67,NO,YES,44
DEU,2025,ETRIWH,PTFTW50T66,AW100,C_C2,AW67,NO,YES,44
ITA,2023,ETRIWH,PTFTW50T66,AW100,C_C2,AW67,NO,YES,42
ITA,2024,ETRIWH,PTFTW50T66,AW100,C_C2,AW67,NO,YES,35
ITA,2025,ETRIWH,PTFTW50T66,AW100,C_C2,AW67,NO,YES,45
NLD,2023,ETRIWH,PTFTW50T66,AW100,C_C2,AW67,NO,YES,53
NLD,2024,ETRIWH,PTFTW50T66,AW100,C_C2,AW67,NO,YES,54
POL,2025,ETRIWH,PTFTW50T66,AW100,C_C2,AW67,NO,YES,33
ESP,2023,ETRIWH,PTFTW50T66,AW100,C_C2,AW67,NO,YES,39
ESP,2024,ETRIWH,PTFTW50T66,AW100,C_C2,AW67,NO,YES,45
ESP,2025,ETRIWH,PTFTW50T66,AW100,C_C2,AW67,NO,YES,45
SWE,2023,ETRIWH,PTFTW50T66,AW100,C_C2,AW67,NO,YES,28
SWE,2024,ETRIWH,PTFTW50T66,AW100,C_C2,AW67,NO,YES,27
SWE,2025,ETRIWH,PTFTW50T66,AW100,C_C2,AW67,NO,YES,26
GBR,2024,ETRIWH,PTFTW50T66,AW100,C_C2,AW67,NO,YES,28
GBR,2025,ETRIWH,PTFTW50T66,AW100,C_C2,AW67,NO,YES,28
USA,2023,ETRIWH,PTFTW50T66,AW100,C_C2,AW67,NO,YES,26
USA,2024,ETRIWH,PTFTW50T66,AW100,C_C2,AW67,NO,YES,26
USA,2025,ETRIWH,PTFTW50T66,AW100,C_C2,AW67,NO,YES,26
OECD,2023,ETRIWH,PTFTW50T66,AW100,C_C2,AW67,NO,YES,40
OECD,2024,ETRIWH,PTFTW50T66,AW100,C_C2,AW67,NO,YES,40
OECD,2025,ETRIWH,PTFTW50T66,AW100,C_C2,AW67,NO,YES,40
AUT,2023,ETRIWH,PTFTW50T66,AW100,C_C2,AW67,NO,NO,25
AUT,2024,ETRIWH,PTFTW50T66,AW100,C_C2,AW67,NO,NO,22
AUT,2025,ETRIWH,PTFTW50T66,AW100,C_C2,AW67,NO,NO,23
BEL,2023,ETRIWH,PTFTW50T66,AW100,C_C2,AW67,NO,NO,70
BEL,2024,ETRIWH,PTFTW50T66,AW100,C_C2,AW67,NO,NO,71
BEL,2025,ETRIWH,PTFTW50T66,AW100,C_C2,AW67,NO,NO,76
DNK,2023,ETRIWH,PTFTW50T66,AW100,C_C2,AW67,NO,NO,39
DNK,2024,ETRIWH,PTFTW50T66,AW100,C_C2,AW67,NO,NO,39
FRA,2023,ETRIWH,PTFTW50T66,AW100,C_C2,AW67,NO,NO,45
FRA,2024,ETRIWH,PTFTW50T66,AW100,C_C2,AW67,NO,NO,40
FRA,2025,ETRIWH,PTFTW50T66,AW100,C_C2,AW67,NO,NO,46
DEU,2023,ETRIWH,PTFTW50T66,AW100,C_C2,AW67,NO,NO,44
DEU,2024,ETRIWH,PTFTW50T66,AW100,C_C2,AW67,NO,NO,44
DEU,2025,ETRIWH,PTFTW50T66,AW100,C_C2,AW67,NO,NO,44
ITA,2023,ETRIWH,PTFTW50T66,AW100,C_C2,AW67,NO,NO,42
ITA,2024,ETRIWH,PTFTW50T66,AW100,C_C2,AW67,NO,NO,35
ITA,2025,ETRIWH,PTFTW50T66,AW100,C_C2,AW67,NO,NO,38
NLD,2023,ETRIWH,PTFTW50T66,AW100,C_C2,AW67,NO,NO,53
NLD,2024,ETRIWH,PTFTW50T66,AW100,C_C2,AW67,NO,NO,54
ESP,2023,ETRIWH,PTFTW50T66,AW100,C_C2,AW67,NO,NO,39
ESP,2024,ETRIWH,PTFTW50T66,AW100,C_C2,AW67,NO,NO,45
ESP,2025,ETRIWH,PTFTW50T66,AW100,C_C2,AW67,NO,NO,45
SWE,2023,ETRIWH,PTFTW50T66,AW100,C_C2,AW67,NO,NO,28
SWE,2024,ETRIWH,PTFTW50T66,AW100,C_C2,AW67,NO,NO,27
SWE,2025,ETRIWH,PTFTW50T66,AW100,C_C2,AW67,NO,NO,26
GBR,2024,ETRIWH,PTFTW50T66,AW100,C_C2,AW67,NO,NO,28
GBR,2025,ETRIWH,PTFTW50T66,AW100,C_C2,AW67,NO,NO,28
USA,2023,ETRIWH,PTFTW50T66,AW100,C_C2,AW67,NO,NO,26
USA,2024,ETRIWH,PTFTW50T66,AW100,C_C2,AW67,NO,NO,26
USA,2025,ETRIWH,PTFTW50T66,AW100,C_C2,AW67,NO,NO,26
OECD,2023,ETRIWH,PTFTW50T66,AW100,C_C2,AW67,NO,NO,39
OECD,2024,ETRIWH,PTFTW50T66,AW100,C_C2,AW67,NO,NO,39
OECD,2025,ETRIWH,PTFTW50T66,AW100,C_C2,AW67,NO,NO,37
AUT,2023,ETRIWH,PTFTW50T66,AW100,C_C2,AW67,YES,NO,25
AUT,2024,ETRIWH,PTFTW50T66,AW100,C_C2,AW67,YES,NO,22
AUT,2025,ETRIWH,PTFTW50T66,AW100,C_C2,AW67,YES,NO,23
BEL,2023,ETRIWH,PTFTW50T66,AW100,C_C2,AW67,YES,NO,70
BEL,2024,ETRIWH,PTFTW50T66,AW100,C_C2,AW67,YES,NO,71
BEL,2025,ETRIWH,PTFTW50T66,AW100,C_C2,AW67,YES,NO,76
DNK,2023,ETRIWH,PTFTW50T66,AW100,C_C2,AW67,YES,NO,39
DNK,2024,ETRIWH,PTFTW50T66,AW100,C_C2,AW67,YES,NO,39
FRA,2023,ETRIWH,PTFTW50T66,AW100,C_C2,AW67,YES,NO,45
FRA,2024,ETRIWH,PTFTW50T66,AW100,C_C2,AW67,YES,NO,40
FRA,2025,ETRIWH,PTFTW50T66,AW100,C_C2,AW67,YES,NO,46
DEU,2023,ETRIWH,PTFTW50T66,AW100,C_C2,AW67,YES,NO,44
DEU,2024,ETRIWH,PTFTW50T66,AW100,C_C2,AW67,YES,NO,44
DEU,2025,ETRIWH,PTFTW50T66,AW100,C_C2,AW67,YES,NO,44
ITA,2023,ETRIWH,PTFTW50T66,AW100,C_C2,AW67,YES,NO,42
ITA,2024,ETRIWH,PTFTW50T66,AW100,C_C2,AW67,YES,NO,35
ITA,2025,ETRIWH,PTFTW50T66,AW100,C_C2,AW67,YES,NO,38
NLD,2023,ETRIWH,PTFTW50T66,AW100,C_C2,AW67,YES,NO,53
NLD,2024,ETRIWH,PTFTW50T66,AW100,C_C2,AW67,YES,NO,54
ESP,2023,ETRIWH,PTFTW50T66,AW100,C_C2,AW67,YES,NO,39
ESP,2024,ETRIWH,PTFTW50T66,AW100,C_C2,AW67,YES,NO,45
ESP,2025,ETRIWH,PTFTW50T66,AW100,C_C2,AW67,YES,NO,45
SWE,2023,ETRIWH,PTFTW50T66,AW100,C_C2,AW67,YES,NO,28
SWE,2024,ETRIWH,PTFTW50T66,AW100,C_C2,AW67,YES,NO,27
SWE,2025,ETRIWH,PTFTW50T66,AW100,C_C2,AW67,YES,NO,26
GBR,2024,ETRIWH,PTFTW50T66,AW100,C_C2,AW67,YES,NO,28
GBR,2025,ETRIWH,PTFTW50T66,AW100,C_C2,AW67,YES,NO,28
USA,2023,ETRIWH,PTFTW50T66,AW100,C_C2,AW67,YES,NO,26
USA,2024,ETRIWH,PTFTW50T66,AW100,C_C2,AW67,YES,NO,26
USA,2025,ETRIWH,PTFTW50T66,AW100,C_C2,AW67,YES,NO,26
OECD,2023,ETRIWH,PTFTW50T66,AW100,C_C2,AW67,YES,NO,39
OECD,2024,ETRIWH,PTFTW50T66,AW100,C_C2,AW67,YES,NO,39
OECD,2025,ETRIWH,PTFTW50T66,AW100,C_C2,AW67,YES,NO,37
AUT,2023,ETRIWH,PTFTW50T66,AW100,C_C2,AW67,YES,YES,25
AUT,2024,ETRIWH,PTFTW50T66,AW100,C_C2,AW67,YES,YES,22
AUT,2025,ETRIWH,PTFTW50T66,AW100,C_C2,AW67,YES,YES,23
BEL,2023,ETRIWH,PTFTW50T66,AW100,C_C2,AW67,YES,YES,70
BEL,2024,ETRIWH,PTFTW50T66,AW100,C_C2,AW67,YES,YES,71
BEL,2025,ETRIWH,PTFTW50T66,AW100,C_C2,AW67,YES,YES,76
DNK,2023,ETRIWH,PTFTW50T66,AW100,C_C2,AW67,YES,YES,39
DNK,2024,ETRIWH,PTFTW50T66,AW100,C_C2,AW67,YES,YES,39
FRA,2023,ETRIWH,PTFTW50T66,AW100,C_C2,AW67,YES,YES,45
FRA,2024,ETRIWH,PTFTW50T66,AW100,C_C2,AW67,YES,YES,40
FRA,2025,ETRIWH,PTFTW50T66,AW100,C_C2,AW67,YES,YES,46
DEU,2023,ETRIWH,PTFTW50T66,AW100,C_C2,AW67,YES,YES,44
DEU,2024,ETRIWH,PTFTW50T66,AW100,C_C2,AW67,YES,YES,44
DEU,2025,ETRIWH,PTFTW50T66,AW100,C_C2,AW67,YES,YES,44
ITA,2023,ETRIWH,PTFTW50T66,AW100,C_C2,AW67,YES,YES,42
ITA,2024,ETRIWH,PTFTW50T66,AW100,C_C2,AW67,YES,YES,35
ITA,2025,ETRIWH,PTFTW50T66,AW100,C_C2,AW67,YES,YES,45
NLD,2023,ETRIWH,PTFTW50T66,AW100,C_C2,AW67,YES,YES,53
NLD,2024,ETRIWH,PTFTW50T66,AW100,C_C2,AW67,YES,YES,54
POL,2025,ETRIWH,PTFTW50T66,AW100,C_C2,AW67,YES,YES,33
ESP,2023,ETRIWH,PTFTW50T66,AW100,C_C2,AW67,YES,YES,39
ESP,2024,ETRIWH,PTFTW50T66,AW100,C_C2,AW67,YES,YES,45
ESP,2025,ETRIWH,PTFTW50T66,AW100,C_C2,AW67,YES,YES,45
SWE,2023,ETRIWH,PTFTW50T66,AW100,C_C2,AW67,YES,YES,28
SWE,2024,ETRIWH,PTFTW50T66,AW100,C_C2,AW67,YES,YES,27
SWE,2025,ETRIWH,PTFTW50T66,AW100,C_C2,AW67,YES,YES,26
GBR,2024,ETRIWH,PTFTW50T66,AW100,C_C2,AW67,YES,YES,28
GBR,2025,ETRIWH,PTFTW50T66,AW100,C_C2,AW67,YES,YES,28
USA,2023,ETRIWH,PTFTW50T66,AW100,C_C2,AW67,YES,YES,26
USA,2024,ETRIWH,PTFTW50T66,AW100,C_C2,AW67,YES,YES,26
USA,2025,ETRIWH,PTFTW50T66,AW100,C_C2,AW67,YES,YES,26
OECD,2023,ETRIWH,PTFTW50T66,AW100,C_C2,AW67,YES,YES,40
OECD,2024,ETRIWH,PTFTW50T66,AW100,C_C2,AW67,YES,YES,40
OECD,2025,ETRIWH,PTFTW50T66,AW100,C_C2,AW67,YES,YES,40
SWE,2024,ETRIWH,PTFTW67T100,AW100,C_C2,AW67,NO,YES,30
SWE,2024,ETRIWH,PTFTW67T100,AW100,C_C2,AW67,NO,NO,30
SWE,2024,ETRIWH,PTFTW67T100,AW100,C_C2,AW67,YES,YES,30
SWE,2024,ETRIWH,PTFTW67T100,AW100,C_C2,AW67,YES,NO,30
SWE,2023,ETRIWH,PTFTW67T100,AW100,C_C2,AW67,YES,NO,31
SWE,2023,ETRIWH,PTFTW67T100,AW100,C_C2,AW67,YES,YES,31
SWE,2023,ETRIWH,PTFTW67T100,AW100,C_C2,AW67,NO,NO,31
SWE,2023,ETRIWH,PTFTW67T100,AW100,C_C2,AW67,NO,YES,31
GBR,2025,ETRIWH,PTFTW67T100,AW100,C_C2,AW67,NO,NO,31
GBR,2025,ETRIWH,PTFTW67T100,AW100,C_C2,AW67,YES,YES,31
GBR,2025,ETRIWH,PTFTW67T100,AW100,C_C2,AW67,NO,YES,31
GBR,2025,ETRIWH,PTFTW67T100,AW100,C_C2,AW67,YES,NO,31
SWE,2025,ETRIWH,PTFTW67T100,AW100,C_C2,AW67,YES,NO,29
SWE,2025,ETRIWH,PTFTW67T100,AW100,C_C2,AW67,YES,YES,29
SWE,2025,ETRIWH,PTFTW67T100,AW100,C_C2,AW67,NO,NO,29
SWE,2025,ETRIWH,PTFTW67T100,AW100,C_C2,AW67,NO,YES,29
GBR,2024,ETRIWH,PTFTW67T100,AW100,C_C2,AW67,YES,NO,29
GBR,2024,ETRIWH,PTFTW67T100,AW100,C_C2,AW67,NO,YES,29
GBR,2024,ETRIWH,PTFTW67T100,AW100,C_C2,AW67,YES,YES,29
GBR,2024,ETRIWH,PTFTW67T100,AW100,C_C2,AW67,NO,NO,29
FRA,2023,ETRIWH,PTFTW67T100,AW100,C_C2,AW67,YES,NO,33
FRA,2023,ETRIWH,PTFTW67T100,AW100,C_C2,AW67,NO,YES,33
FRA,2023,ETRIWH,PTFTW67T100,AW100,C_C2,AW67,NO,NO,33
FRA,2023,ETRIWH,PTFTW67T100,AW100,C_C2,AW67,YES,YES,33
FRA,2024,ETRIWH,PTFTW67T100,AW100,C_C2,AW67,YES,YES,33
FRA,2024,ETRIWH,PTFTW67T100,AW100,C_C2,AW67,NO,NO,33
FRA,2024,ETRIWH,PTFTW67T100,AW100,C_C2,AW67,NO,YES,33
FRA,2024,ETRIWH,PTFTW67T100,AW100,C_C2,AW67,YES,NO,33
FRA,2025,ETRIWH,PTFTW67T100,AW100,C_C2,AW67,YES,NO,33
FRA,2025,ETRIWH,PTFTW67T100,AW100,C_C2,AW67,NO,YES,33
FRA,2025,ETRIWH,PTFTW67T100,AW100,C_C2,AW67,NO,NO,33
FRA,2025,ETRIWH,PTFTW67T100,AW100,C_C2,AW67,YES,YES,33
DNK,2023,ETRIWH,PTFTW67T100,AW100,C_C2,AW67,YES,YES,41
DNK,2023,ETRIWH,PTFTW67T100,AW100,C_C2,AW67,NO,YES,41
DNK,2023,ETRIWH,PTFTW67T100,AW100,C_C2,AW67,YES,NO,41
DNK,2023,ETRIWH,PTFTW67T100,AW100,C_C2,AW67,NO,NO,41
DNK,2024,ETRIWH,PTFTW67T100,AW100,C_C2,AW67,NO,NO,41
DNK,2024,ETRIWH,PTFTW67T100,AW100,C_C2,AW67,YES,NO,41
DNK,2024,ETRIWH,PTFTW67T100,AW100,C_C2,AW67,NO,YES,41
DNK,2024,ETRIWH,PTFTW67T100,AW100,C_C2,AW67,YES,YES,41
OECD,2023,ETRIWH,PTFTW67T100,AW100,C_C2,AW67,NO,YES,41
OECD,2023,ETRIWH,PTFTW67T100,AW100,C_C2,AW67,YES,YES,41
OECD,2024,ETRIWH,PTFTW67T100,AW100,C_C2,AW67,YES,YES,41
OECD,2024,ETRIWH,PTFTW67T100,AW100,C_C2,AW67,NO,YES,41
AUT,2023,ETRIWH,PTFTW67T100,AW100,C_C2,AW67,NO,YES,43
AUT,2023,ETRIWH,PTFTW67T100,AW100,C_C2,AW67,NO,NO,43
AUT,2023,ETRIWH,PTFTW67T100,AW100,C_C2,AW67,YES,YES,43
AUT,2023,ETRIWH,PTFTW67T100,AW100,C_C2,AW67,YES,NO,43
OECD,2023,ETRIWH,PTFTW67T100,AW100,C_C2,AW67,NO,NO,39
OECD,2023,ETRIWH,PTFTW67T100,AW100,C_C2,AW67,YES,NO,39
OECD,2024,ETRIWH,PTFTW67T100,AW100,C_C2,AW67,YES,NO,39
OECD,2024,ETRIWH,PTFTW67T100,AW100,C_C2,AW67,NO,NO,39
DEU,2023,ETRIWH,PTFTW67T100,AW100,C_C2,AW67,YES,NO,46
DEU,2023,ETRIWH,PTFTW67T100,AW100,C_C2,AW67,YES,YES,46
DEU,2023,ETRIWH,PTFTW67T100,AW100,C_C2,AW67,NO,YES,46
DEU,2023,ETRIWH,PTFTW67T100,AW100,C_C2,AW67,NO,NO,46
DEU,2025,ETRIWH,PTFTW67T100,AW100,C_C2,AW67,YES,NO,46
DEU,2025,ETRIWH,PTFTW67T100,AW100,C_C2,AW67,YES,YES,46
DEU,2025,ETRIWH,PTFTW67T100,AW100,C_C2,AW67,NO,YES,46
DEU,2025,ETRIWH,PTFTW67T100,AW100,C_C2,AW67,NO,NO,46
ITA,2025,ETRIWH,PTFTW67T100,AW100,C_C2,AW67,YES,YES,46
ITA,2025,ETRIWH,PTFTW67T100,AW100,C_C2,AW67,NO,YES,46
AUT,2024,ETRIWH,PTFTW67T100,AW100,C_C2,AW67,YES,NO,44
AUT,2024,ETRIWH,PTFTW67T100,AW100,C_C2,AW67,YES,YES,44
AUT,2024,ETRIWH,PTFTW67T100,AW100,C_C2,AW67,NO,NO,44
AUT,2024,ETRIWH,PTFTW67T100,AW100,C_C2,AW67,NO,YES,44
AUT,2025,ETRIWH,PTFTW67T100,AW100,C_C2,AW67,NO,YES,44
AUT,2025,ETRIWH,PTFTW67T100,AW100,C_C2,AW67,NO,NO,44
AUT,2025,ETRIWH,PTFTW67T100,AW100,C_C2,AW67,YES,YES,44
AUT,2025,ETRIWH,PTFTW67T100,AW100,C_C2,AW67,YES,NO,44
ITA,2023,ETRIWH,PTFTW67T100,AW100,C_C2,AW67,YES,YES,47
ITA,2023,ETRIWH,PTFTW67T100,AW100,C_C2,AW67,NO,YES,47
ITA,2025,ETRIWH,PTFTW67T100,AW100,C_C2,AW67,NO,NO,48
ITA,2025,ETRIWH,PTFTW67T100,AW100,C_C2,AW67,YES,NO,48
DEU,2024,ETRIWH,PTFTW67T100,AW100,C_C2,AW67,NO,NO,45
DEU,2024,ETRIWH,PTFTW67T100,AW100,C_C2,AW67,NO,YES,45
DEU,2024,ETRIWH,PTFTW67T100,AW100,C_C2,AW67,YES,YES,45
DEU,2024,ETRIWH,PTFTW67T100,AW100,C_C2,AW67,YES,NO,45
USA,2023,ETRIWH,PTFTW67T100,AW100,C_C2,AW67,NO,YES,26
USA,2023,ETRIWH,PTFTW67T100,AW100,C_C2,AW67,NO,NO,26
USA,2023,ETRIWH,PTFTW67T100,AW100,C_C2,AW67,YES,YES,26
USA,2023,ETRIWH,PTFTW67T100,AW100,C_C2,AW67,YES,NO,26
USA,2024,ETRIWH,PTFTW67T100,AW100,C_C2,AW67,YES,NO,26
USA,2024,ETRIWH,PTFTW67T100,AW100,C_C2,AW67,YES,YES,26
USA,2024,ETRIWH,PTFTW67T100,AW100,C_C2,AW67,NO,NO,26
USA,2024,ETRIWH,PTFTW67T100,AW100,C_C2,AW67,NO,YES,26
USA,2025,ETRIWH,PTFTW67T100,AW100,C_C2,AW67,NO,YES,26
USA,2025,ETRIWH,PTFTW67T100,AW100,C_C2,AW67,NO,NO,26
USA,2025,ETRIWH,PTFTW67T100,AW100,C_C2,AW67,YES,YES,26
USA,2025,ETRIWH,PTFTW67T100,AW100,C_C2,AW67,YES,NO,26
OECD,2025,ETRIWH,PTFTW67T100,AW100,C_C2,AW67,NO,YES,38
OECD,2025,ETRIWH,PTFTW67T100,AW100,C_C2,AW67,YES,YES,38
OECD,2025,ETRIWH,PTFTW67T100,AW100,C_C2,AW67,NO,NO,38
OECD,2025,ETRIWH,PTFTW67T100,AW100,C_C2,AW67,YES,NO,38
ITA,2023,ETRIWH,PTFTW67T100,AW100,C_C2,AW67,NO,NO,49
ITA,2023,ETRIWH,PTFTW67T100,AW100,C_C2,AW67,YES,NO,49
ITA,2024,ETRIWH,PTFTW67T100,AW100,C_C2,AW67,YES,NO,58
ITA,2024,ETRIWH,PTFTW67T100,AW100,C_C2,AW67,NO,YES,55
ITA,2024,ETRIWH,PTFTW67T100,AW100,C_C2,AW67,YES,YES,55
ITA,2024,ETRIWH,PTFTW67T100,AW100,C_C2,AW67,NO,NO,58
NLD,2023,ETRIWH,PTFTW67T100,AW100,C_C2,AW67,NO,YES,57
NLD,2023,ETRIWH,PTFTW67T100,AW100,C_C2,AW67,YES,NO,57
NLD,2023,ETRIWH,PTFTW67T100,AW100,C_C2,AW67,YES,YES,57
NLD,2023,ETRIWH,PTFTW67T100,AW100,C_C2,AW67,NO,NO,57
NLD,2024,ETRIWH,PTFTW67T100,AW100,C_C2,AW67,NO,NO,60
NLD,2024,ETRIWH,PTFTW67T100,AW100,C_C2,AW67,YES,YES,60
NLD,2024,ETRIWH,PTFTW67T100,AW100,C_C2,AW67,YES,NO,60
NLD,2024,ETRIWH,PTFTW67T100,AW100,C_C2,AW67,NO,YES,60
ESP,2023,ETRIWH,PTFTW67T100,AW100,C_C2,AW67,YES,NO,53
ESP,2023,ETRIWH,PTFTW67T100,AW100,C_C2,AW67,NO,NO,53
ESP,2023,ETRIWH,PTFTW67T100,AW100,C_C2,AW67,YES,YES,53
ESP,2023,ETRIWH,PTFTW67T100,AW100,C_C2,AW67,NO,YES,53
ESP,2024,ETRIWH,PTFTW67T100,AW100,C_C2,AW67,NO,YES,50
ESP,2024,ETRIWH,PTFTW67T100,AW100,C_C2,AW67,YES,YES,50
ESP,2024,ETRIWH,PTFTW67T100,AW100,C_C2,AW67,NO,NO,50
ESP,2024,ETRIWH,PTFTW67T100,AW100,C_C2,AW67,YES,NO,50
BEL,2023,ETRIWH,PTFTW67T100,AW100,C_C2,AW67,NO,YES,58
BEL,2023,ETRIWH,PTFTW67T100,AW100,C_C2,AW67,YES,NO,58
BEL,2023,ETRIWH,PTFTW67T100,AW100,C_C2,AW67,NO,NO,58
BEL,2023,ETRIWH,PTFTW67T100,AW100,C_C2,AW67,YES,YES,58
BEL,2024,ETRIWH,PTFTW67T100,AW100,C_C2,AW67,YES,YES,58
BEL,2024,ETRIWH,PTFTW67T100,AW100,C_C2,AW67,NO,NO,58
BEL,2024,ETRIWH,PTFTW67T100,AW100,C_C2,AW67,YES,NO,58
BEL,2024,ETRIWH,PTFTW67T100,AW100,C_C2,AW67,NO,YES,58
BEL,2025,ETRIWH,PTFTW67T100,AW100,C_C2,AW67,NO,YES,57
BEL,2025,ETRIWH,PTFTW67T100,AW100,C_C2,AW67,YES,NO,57
BEL,2025,ETRIWH,PTFTW67T100,AW100,C_C2,AW67,NO,NO,57
BEL,2025,ETRIWH,PTFTW67T100,AW100,C_C2,AW67,YES,YES,57
BEL,2023,ETRIWH,PTFTW50T100,AW100,C_C2,AW67,YES,NO,62
BEL,2023,ETRIWH,PTFTW50T100,AW100,C_C2,AW67,NO,NO,62
BEL,2024,ETRIWH,PTFTW50T100,AW100,C_C2,AW67,NO,NO,62
BEL,2024,ETRIWH,PTFTW50T100,AW100,C_C2,AW67,YES,NO,62
BEL,2025,ETRIWH,PTFTW50T100,AW100,C_C2,AW67,YES,NO,63
BEL,2025,ETRIWH,PTFTW50T100,AW100,C_C2,AW67,NO,NO,63
DNK,2023,ETRIWH,PTFTW50T100,AW100,C_C2,AW67,NO,NO,40
DNK,2023,ETRIWH,PTFTW50T100,AW100,C_C2,AW67,YES,NO,40
DNK,2024,ETRIWH,PTFTW50T100,AW100,C_C2,AW67,YES,NO,40
DNK,2024,ETRIWH,PTFTW50T100,AW100,C_C2,AW67,NO,NO,40
DEU,2023,ETRIWH,PTFTW50T100,AW100,C_C2,AW67,NO,NO,45
DEU,2023,ETRIWH,PTFTW50T100,AW100,C_C2,AW67,YES,NO,45
DEU,2024,ETRIWH,PTFTW50T100,AW100,C_C2,AW67,YES,NO,45
DEU,2024,ETRIWH,PTFTW50T100,AW100,C_C2,AW67,NO,NO,45
DEU,2025,ETRIWH,PTFTW50T100,AW100,C_C2,AW67,NO,NO,46
DEU,2025,ETRIWH,PTFTW50T100,AW100,C_C2,AW67,YES,NO,46
ITA,2024,ETRIWH,PTFTW50T100,AW100,C_C2,AW67,YES,NO,50
ITA,2024,ETRIWH,PTFTW50T100,AW100,C_C2,AW67,NO,NO,50
ITA,2025,ETRIWH,PTFTW50T100,AW100,C_C2,AW67,NO,NO,44
ITA,2025,ETRIWH,PTFTW50T100,AW100,C_C2,AW67,YES,NO,44
NLD,2023,ETRIWH,PTFTW50T100,AW100,C_C2,AW67,NO,NO,56
NLD,2023,ETRIWH,PTFTW50T100,AW100,C_C2,AW67,YES,NO,56
NLD,2024,ETRIWH,PTFTW50T100,AW100,C_C2,AW67,YES,NO,58
NLD,2024,ETRIWH,PTFTW50T100,AW100,C_C2,AW67,NO,NO,58
ESP,2023,ETRIWH,PTFTW50T100,AW100,C_C2,AW67,NO,NO,48
ESP,2023,ETRIWH,PTFTW50T100,AW100,C_C2,AW67,YES,NO,48
ESP,2024,ETRIWH,PTFTW50T100,AW100,C_C2,AW67,YES,NO,48
ESP,2024,ETRIWH,PTFTW50T100,AW100,C_C2,AW67,NO,NO,48
SWE,2025,ETRIWH,PTFTW50T100,AW100,C_C2,AW67,NO,NO,28
SWE,2025,ETRIWH,PTFTW50T100,AW100,C_C2,AW67,YES,NO,28
USA,2023,ETRIWH,PTFTW50T100,AW100,C_C2,AW67,YES,NO,26
USA,2023,ETRIWH,PTFTW50T100,AW100,C_C2,AW67,NO,NO,26
USA,2024,ETRIWH,PTFTW50T100,AW100,C_C2,AW67,NO,NO,26
USA,2024,ETRIWH,PTFTW50T100,AW100,C_C2,AW67,YES,NO,26
USA,2025,ETRIWH,PTFTW50T100,AW100,C_C2,AW67,YES,NO,26
USA,2025,ETRIWH,PTFTW50T100,AW100,C_C2,AW67,NO,NO,26
OECD,2023,ETRIWH,PTFTW50T100,AW100,C_C2,AW67,YES,NO,39
OECD,2023,ETRIWH,PTFTW50T100,AW100,C_C2,AW67,NO,NO,39
OECD,2024,ETRIWH,PTFTW50T100,AW100,C_C2,AW67,NO,NO,39
OECD,2024,ETRIWH,PTFTW50T100,AW100,C_C2,AW67,YES,NO,39
OECD,2025,ETRIWH,PTFTW50T100,AW100,C_C2,AW67,YES,NO,38
OECD,2025,ETRIWH,PTFTW50T100,AW100,C_C2,AW67,NO,NO,38
FRA,2024,ETRIWH,PTFTW50T100,AW100,C_C2,AW67,YES,NO,35
FRA,2024,ETRIWH,PTFTW50T100,AW100,C_C2,AW67,NO,NO,35
ITA,2023,ETRIWH,PTFTW50T100,AW100,C_C2,AW67,NO,NO,47
ITA,2023,ETRIWH,PTFTW50T100,AW100,C_C2,AW67,YES,NO,47
BEL,2023,ETRIWH,PTFTW50T100,AW100,C_C2,AW67,NO,YES,62
BEL,2023,ETRIWH,PTFTW50T100,AW100,C_C2,AW67,YES,YES,62
BEL,2024,ETRIWH,PTFTW50T100,AW100,C_C2,AW67,YES,YES,62
BEL,2024,ETRIWH,PTFTW50T100,AW100,C_C2,AW67,NO,YES,62
BEL,2025,ETRIWH,PTFTW50T100,AW100,C_C2,AW67,NO,YES,63
BEL,2025,ETRIWH,PTFTW50T100,AW100,C_C2,AW67,YES,YES,63
DNK,2023,ETRIWH,PTFTW50T100,AW100,C_C2,AW67,YES,YES,40
DNK,2023,ETRIWH,PTFTW50T100,AW100,C_C2,AW67,NO,YES,40
DNK,2024,ETRIWH,PTFTW50T100,AW100,C_C2,AW67,NO,YES,40
DNK,2024,ETRIWH,PTFTW50T100,AW100,C_C2,AW67,YES,YES,40
FRA,2024,ETRIWH,PTFTW50T100,AW100,C_C2,AW67,NO,YES,35
FRA,2024,ETRIWH,PTFTW50T100,AW100,C_C2,AW67,YES,YES,35
DEU,2023,ETRIWH,PTFTW50T100,AW100,C_C2,AW67,YES,YES,45
DEU,2023,ETRIWH,PTFTW50T100,AW100,C_C2,AW67,NO,YES,45
DEU,2024,ETRIWH,PTFTW50T100,AW100,C_C2,AW67,NO,YES,45
DEU,2024,ETRIWH,PTFTW50T100,AW100,C_C2,AW67,YES,YES,45
DEU,2025,ETRIWH,PTFTW50T100,AW100,C_C2,AW67,YES,YES,46
DEU,2025,ETRIWH,PTFTW50T100,AW100,C_C2,AW67,NO,YES,46
ITA,2023,ETRIWH,PTFTW50T100,AW100,C_C2,AW67,NO,YES,45
ITA,2023,ETRIWH,PTFTW50T100,AW100,C_C2,AW67,YES,YES,45
ITA,2024,ETRIWH,PTFTW50T100,AW100,C_C2,AW67,YES,YES,48
ITA,2024,ETRIWH,PTFTW50T100,AW100,C_C2,AW67,NO,YES,48
ITA,2025,ETRIWH,PTFTW50T100,AW100,C_C2,AW67,NO,YES,46
ITA,2025,ETRIWH,PTFTW50T100,AW100,C_C2,AW67,YES,YES,46
NLD,2023,ETRIWH,PTFTW50T100,AW100,C_C2,AW67,YES,YES,56
NLD,2023,ETRIWH,PTFTW50T100,AW100,C_C2,AW67,NO,YES,56
NLD,2024,ETRIWH,PTFTW50T100,AW100,C_C2,AW67,NO,YES,58
NLD,2024,ETRIWH,PTFTW50T100,AW100,C_C2,AW67,YES,YES,58
ESP,2023,ETRIWH,PTFTW50T100,AW100,C_C2,AW67,NO,YES,48
ESP,2023,ETRIWH,PTFTW50T100,AW100,C_C2,AW67,YES,YES,48
ESP,2024,ETRIWH,PTFTW50T100,AW100,C_C2,AW67,YES,YES,48
ESP,2024,ETRIWH,PTFTW50T100,AW100,C_C2,AW67,NO,YES,48
SWE,2025,ETRIWH,PTFTW50T100,AW100,C_C2,AW67,YES,YES,28
SWE,2025,ETRIWH,PTFTW50T100,AW100,C_C2,AW67,NO,YES,28
USA,2023,ETRIWH,PTFTW50T100,AW100,C_C2,AW67,NO,YES,26
USA,2023,ETRIWH,PTFTW50T100,AW100,C_C2,AW67,YES,YES,26
USA,2024,ETRIWH,PTFTW50T100,AW100,C_C2,AW67,YES,YES,26
USA,2024,ETRIWH,PTFTW50T100,AW100,C_C2,AW67,NO,YES,26
USA,2025,ETRIWH,PTFTW50T100,AW100,C_C2,AW67,NO,YES,26
USA,2025,ETRIWH,PTFTW50T100,AW100,C_C2,AW67,YES,YES,26
OECD,2023,ETRIWH,PTFTW50T100,AW100,C_C2,AW67,YES,YES,41
OECD,2023,ETRIWH,PTFTW50T100,AW100,C_C2,AW67,NO,YES,41
OECD,2024,ETRIWH,PTFTW50T100,AW100,C_C2,AW67,NO,YES,41
OECD,2024,ETRIWH,PTFTW50T100,AW100,C_C2,AW67,YES,YES,41
OECD,2025,ETRIWH,PTFTW50T100,AW100,C_C2,AW67,YES,YES,39
OECD,2025,ETRIWH,PTFTW50T100,AW100,C_C2,AW67,NO,YES,39
AUT,2024,ETRIWH,PTFTW50T100,AW100,C_C2,AW67,YES,YES,36
AUT,2024,ETRIWH,PTFTW50T100,AW100,C_C2,AW67,NO,YES,36
AUT,2024,ETRIWH,PTFTW50T100,AW100,C_C2,AW67,NO,NO,36
AUT,2024,ETRIWH,PTFTW50T100,AW100,C_C2,AW67,YES,NO,36
ESP,2025,ETRIWH,PTFTW50T100,AW100,C_C2,AW67,NO,NO,36
ESP,2025,ETRIWH,PTFTW50T100,AW100,C_C2,AW67,NO,YES,36
ESP,2025,ETRIWH,PTFTW50T100,AW100,C_C2,AW67,YES,YES,36
ESP,2025,ETRIWH,PTFTW50T100,AW100,C_C2,AW67,YES,NO,36
AUT,2023,ETRIWH,PTFTW50T100,AW100,C_C2,AW67,YES,NO,37
AUT,2023,ETRIWH,PTFTW50T100,AW100,C_C2,AW67,NO,NO,37
AUT,2023,ETRIWH,PTFTW50T100,AW100,C_C2,AW67,NO,YES,37
AUT,2023,ETRIWH,PTFTW50T100,AW100,C_C2,AW67,YES,YES,37
AUT,2025,ETRIWH,PTFTW50T100,AW100,C_C2,AW67,YES,NO,37
AUT,2025,ETRIWH,PTFTW50T100,AW100,C_C2,AW67,NO,NO,37
AUT,2025,ETRIWH,PTFTW50T100,AW100,C_C2,AW67,NO,YES,37
AUT,2025,ETRIWH,PTFTW50T100,AW100,C_C2,AW67,YES,YES,37
FRA,2023,ETRIWH,PTFTW50T100,AW100,C_C2,AW67,YES,YES,37
FRA,2023,ETRIWH,PTFTW50T100,AW100,C_C2,AW67,NO,YES,37
FRA,2023,ETRIWH,PTFTW50T100,AW100,C_C2,AW67,NO,NO,37
FRA,2023,ETRIWH,PTFTW50T100,AW100,C_C2,AW67,YES,NO,37
FRA,2025,ETRIWH,PTFTW50T100,AW100,C_C2,AW67,YES,YES,37
FRA,2025,ETRIWH,PTFTW50T100,AW100,C_C2,AW67,NO,YES,37
FRA,2025,ETRIWH,PTFTW50T100,AW100,C_C2,AW67,NO,NO,37
FRA,2025,ETRIWH,PTFTW50T100,AW100,C_C2,AW67,YES,NO,37
SWE,2023,ETRIWH,PTFTW50T100,AW100,C_C2,AW67,YES,YES,30
SWE,2023,ETRIWH,PTFTW50T100,AW100,C_C2,AW67,NO,YES,30
SWE,2023,ETRIWH,PTFTW50T100,AW100,C_C2,AW67,NO,NO,30
SWE,2023,ETRIWH,PTFTW50T100,AW100,C_C2,AW67,YES,NO,30
GBR,2025,ETRIWH,PTFTW50T100,AW100,C_C2,AW67,NO,YES,30
GBR,2025,ETRIWH,PTFTW50T100,AW100,C_C2,AW67,YES,NO,30
GBR,2025,ETRIWH,PTFTW50T100,AW100,C_C2,AW67,NO,NO,30
GBR,2025,ETRIWH,PTFTW50T100,AW100,C_C2,AW67,YES,YES,30
SWE,2024,ETRIWH,PTFTW50T100,AW100,C_C2,AW67,YES,NO,29
SWE,2024,ETRIWH,PTFTW50T100,AW100,C_C2,AW67,NO,NO,29
SWE,2024,ETRIWH,PTFTW50T100,AW100,C_C2,AW67,NO,YES,29
SWE,2024,ETRIWH,PTFTW50T100,AW100,C_C2,AW67,YES,YES,29
GBR,2024,ETRIWH,PTFTW50T100,AW100,C_C2,AW67,YES,YES,29
GBR,2024,ETRIWH,PTFTW50T100,AW100,C_C2,AW67,NO,NO,29
GBR,2024,ETRIWH,PTFTW50T100,AW100,C_C2,AW67,YES,NO,29
GBR,2024,ETRIWH,PTFTW50T100,AW100,C_C2,AW67,NO,YES,29
OECD,2024,ETRIWH,PTFTW33T67,AW100,C_C2,AW67,NO,NO,34
OECD,2025,ETRIWH,PTFTW33T67,AW100,C_C2,AW67,NO,NO,34
ITA,2024,ETRIWH,PTFTW33T67,AW100,C_C2,AW67,NO,NO,35
ITA,2024,ETRIWH,PTFTW33T67,AW100,C_C2,AW67,YES,NO,35
OECD,2023,ETRIWH,PTFTW33T67,AW100,C_C2,AW67,YES,NO,35
OECD,2023,ETRIWH,PTFTW33T67,AW100,C_C2,AW67,NO,NO,35
OECD,2024,ETRIWH,PTFTW33T67,AW100,C_C2,AW67,YES,NO,35
OECD,2025,ETRIWH,PTFTW33T67,AW100,C_C2,AW67,YES,NO,35
AUT,2025,ETRIWH,PTFTW33T67,AW100,C_C2,AW67,YES,NO,26
AUT,2025,ETRIWH,PTFTW33T67,AW100,C_C2,AW67,NO,NO,26
ESP,2024,ETRIWH,PTFTW33T67,AW100,C_C2,AW67,YES,NO,26
ESP,2024,ETRIWH,PTFTW33T67,AW100,C_C2,AW67,NO,NO,26
ESP,2025,ETRIWH,PTFTW33T67,AW100,C_C2,AW67,NO,NO,26
ESP,2025,ETRIWH,PTFTW33T67,AW100,C_C2,AW67,YES,NO,26
SWE,2025,ETRIWH,PTFTW33T67,AW100,C_C2,AW67,YES,NO,26
SWE,2025,ETRIWH,PTFTW33T67,AW100,C_C2,AW67,NO,NO,26
USA,2023,ETRIWH,PTFTW33T67,AW100,C_C2,AW67,NO,NO,26
USA,2023,ETRIWH,PTFTW33T67,AW100,C_C2,AW67,YES,NO,26
USA,2024,ETRIWH,PTFTW33T67,AW100,C_C2,AW67,YES,NO,26
USA,2024,ETRIWH,PTFTW33T67,AW100,C_C2,AW67,NO,NO,26
USA,2025,ETRIWH,PTFTW33T67,AW100,C_C2,AW67,NO,NO,26
USA,2025,ETRIWH,PTFTW33T67,AW100,C_C2,AW67,YES,NO,26
SWE,2024,ETRIWH,PTFTW33T67,AW100,C_C2,AW67,NO,NO,27
SWE,2024,ETRIWH,PTFTW33T67,AW100,C_C2,AW67,YES,NO,27
AUT,2023,ETRIWH,PTFTW33T67,AW100,C_C2,AW67,YES,NO,24
AUT,2023,ETRIWH,PTFTW33T67,AW100,C_C2,AW67,NO,NO,24
AUT,2024,ETRIWH,PTFTW33T67,AW100,C_C2,AW67,NO,NO,24
AUT,2024,ETRIWH,PTFTW33T67,AW100,C_C2,AW67,YES,NO,24
BEL,2023,ETRIWH,PTFTW33T67,AW100,C_C2,AW67,NO,NO,58
BEL,2023,ETRIWH,PTFTW33T67,AW100,C_C2,AW67,YES,NO,58
BEL,2024,ETRIWH,PTFTW33T67,AW100,C_C2,AW67,YES,NO,59
BEL,2024,ETRIWH,PTFTW33T67,AW100,C_C2,AW67,NO,NO,59
BEL,2025,ETRIWH,PTFTW33T67,AW100,C_C2,AW67,NO,NO,61
BEL,2025,ETRIWH,PTFTW33T67,AW100,C_C2,AW67,YES,NO,61
DNK,2023,ETRIWH,PTFTW33T67,AW100,C_C2,AW67,YES,NO,44
DNK,2023,ETRIWH,PTFTW33T67,AW100,C_C2,AW67,NO,NO,39
DNK,2024,ETRIWH,PTFTW33T67,AW100,C_C2,AW67,NO,NO,39
DNK,2024,ETRIWH,PTFTW33T67,AW100,C_C2,AW67,YES,NO,39
FRA,2023,ETRIWH,PTFTW33T67,AW100,C_C2,AW67,YES,NO,40
FRA,2023,ETRIWH,PTFTW33T67,AW100,C_C2,AW67,NO,NO,40
FRA,2024,ETRIWH,PTFTW33T67,AW100,C_C2,AW67,NO,NO,38
FRA,2024,ETRIWH,PTFTW33T67,AW100,C_C2,AW67,YES,NO,38
FRA,2025,ETRIWH,PTFTW33T67,AW100,C_C2,AW67,YES,NO,41
FRA,2025,ETRIWH,PTFTW33T67,AW100,C_C2,AW67,NO,NO,41
DEU,2023,ETRIWH,PTFTW33T67,AW100,C_C2,AW67,NO,NO,44
DEU,2023,ETRIWH,PTFTW33T67,AW100,C_C2,AW67,YES,NO,45
DEU,2024,ETRIWH,PTFTW33T67,AW100,C_C2,AW67,YES,NO,52
DEU,2024,ETRIWH,PTFTW33T67,AW100,C_C2,AW67,NO,NO,44
DEU,2025,ETRIWH,PTFTW33T67,AW100,C_C2,AW67,NO,NO,44
DEU,2025,ETRIWH,PTFTW33T67,AW100,C_C2,AW67,YES,NO,49
ITA,2023,ETRIWH,PTFTW33T67,AW100,C_C2,AW67,YES,NO,40
ITA,2023,ETRIWH,PTFTW33T67,AW100,C_C2,AW67,NO,NO,40
ITA,2025,ETRIWH,PTFTW33T67,AW100,C_C2,AW67,YES,NO,37
ITA,2025,ETRIWH,PTFTW33T67,AW100,C_C2,AW67,NO,NO,37
NLD,2023,ETRIWH,PTFTW33T67,AW100,C_C2,AW67,YES,NO,38
NLD,2023,ETRIWH,PTFTW33T67,AW100,C_C2,AW67,NO,NO,38
NLD,2024,ETRIWH,PTFTW33T67,AW100,C_C2,AW67,NO,NO,37
NLD,2024,ETRIWH,PTFTW33T67,AW100,C_C2,AW67,YES,NO,37
ESP,2023,ETRIWH,PTFTW33T67,AW100,C_C2,AW67,NO,NO,23
ESP,2023,ETRIWH,PTFTW33T67,AW100,C_C2,AW67,YES,NO,23
SWE,2023,ETRIWH,PTFTW33T67,AW100,C_C2,AW67,YES,NO,28
SWE,2023,ETRIWH,PTFTW33T67,AW100,C_C2,AW67,NO,NO,28
GBR,2024,ETRIWH,PTFTW33T67,AW100,C_C2,AW67,NO,NO,28
GBR,2024,ETRIWH,PTFTW33T67,AW100,C_C2,AW67,YES,NO,28
GBR,2025,ETRIWH,PTFTW33T67,AW100,C_C2,AW67,YES,NO,28
GBR,2025,ETRIWH,PTFTW33T67,AW100,C_C2,AW67,NO,NO,28
AUT,2023,ETRIWH,PTFTW33T67,AW100,C_C2,AW67,NO,YES,24
AUT,2024,ETRIWH,PTFTW33T67,AW100,C_C2,AW67,NO,YES,24
AUT,2025,ETRIWH,PTFTW33T67,AW100,C_C2,AW67,NO,YES,26
BEL,2023,ETRIWH,PTFTW33T67,AW100,C_C2,AW67,NO,YES,58
BEL,2024,ETRIWH,PTFTW33T67,AW100,C_C2,AW67,NO,YES,59
BEL,2025,ETRIWH,PTFTW33T67,AW100,C_C2,AW67,NO,YES,61
DNK,2023,ETRIWH,PTFTW33T67,AW100,C_C2,AW67,NO,YES,46
DNK,2024,ETRIWH,PTFTW33T67,AW100,C_C2,AW67,NO,YES,45
FRA,2023,ETRIWH,PTFTW33T67,AW100,C_C2,AW67,NO,YES,40
FRA,2024,ETRIWH,PTFTW33T67,AW100,C_C2,AW67,NO,YES,38
FRA,2025,ETRIWH,PTFTW33T67,AW100,C_C2,AW67,NO,YES,41
DEU,2023,ETRIWH,PTFTW33T67,AW100,C_C2,AW67,NO,YES,44
DEU,2024,ETRIWH,PTFTW33T67,AW100,C_C2,AW67,NO,YES,44
DEU,2025,ETRIWH,PTFTW33T67,AW100,C_C2,AW67,NO,YES,44
ITA,2023,ETRIWH,PTFTW33T67,AW100,C_C2,AW67,NO,YES,41
ITA,2024,ETRIWH,PTFTW33T67,AW100,C_C2,AW67,NO,YES,37
ITA,2025,ETRIWH,PTFTW33T67,AW100,C_C2,AW67,NO,YES,38
NLD,2023,ETRIWH,PTFTW33T67,AW100,C_C2,AW67,NO,YES,38
NLD,2024,ETRIWH,PTFTW33T67,AW100,C_C2,AW67,NO,YES,37
POL,2023,ETRIWH,PTFTW33T67,AW100,C_C2,AW67,NO,YES,39
POL,2024,ETRIWH,PTFTW33T67,AW100,C_C2,AW67,NO,YES,39
POL,2025,ETRIWH,PTFTW33T67,AW100,C_C2,AW67,NO,YES,39
ESP,2023,ETRIWH,PTFTW33T67,AW100,C_C2,AW67,NO,YES,23
ESP,2024,ETRIWH,PTFTW33T67,AW100,C_C2,AW67,NO,YES,26
ESP,2025,ETRIWH,PTFTW33T67,AW100,C_C2,AW67,NO,YES,26
SWE,2023,ETRIWH,PTFTW33T67,AW100,C_C2,AW67,NO,YES,28
SWE,2024,ETRIWH,PTFTW33T67,AW100,C_C2,AW67,NO,YES,27
SWE,2025,ETRIWH,PTFTW33T67,AW100,C_C2,AW67,NO,YES,26
GBR,2023,ETRIWH,PTFTW33T67,AW100,C_C2,AW67,NO,YES,44
GBR,2024,ETRIWH,PTFTW33T67,AW100,C_C2,AW67,NO,YES,45
GBR,2025,ETRIWH,PTFTW33T67,AW100,C_C2,AW67,NO,YES,43
USA,2023,ETRIWH,PTFTW33T67,AW100,C_C2,AW67,NO,YES,26
USA,2024,ETRIWH,PTFTW33T67,AW100,C_C2,AW67,NO,YES,26
USA,2025,ETRIWH,PTFTW33T67,AW100,C_C2,AW67,NO,YES,26
OECD,2023,ETRIWH,PTFTW33T67,AW100,C_C2,AW67,NO,YES,37
OECD,2024,ETRIWH,PTFTW33T67,AW100,C_C2,AW67,NO,YES,38
OECD,2025,ETRIWH,PTFTW33T67,AW100,C_C2,AW67,NO,YES,38
AUT,2023,ETRIWH,PTFTW33T67,AW100,C_C2,AW67,YES,YES,24
AUT,2024,ETRIWH,PTFTW33T67,AW100,C_C2,AW67,YES,YES,24
AUT,2025,ETRIWH,PTFTW33T67,AW100,C_C2,AW67,YES,YES,26
BEL,2023,ETRIWH,PTFTW33T67,AW100,C_C2,AW67,YES,YES,58
BEL,2024,ETRIWH,PTFTW33T67,AW100,C_C2,AW67,YES,YES,59
BEL,2025,ETRIWH,PTFTW33T67,AW100,C_C2,AW67,YES,YES,61
DNK,2023,ETRIWH,PTFTW33T67,AW100,C_C2,AW67,YES,YES,50
DNK,2024,ETRIWH,PTFTW33T67,AW100,C_C2,AW67,YES,YES,45
FRA,2023,ETRIWH,PTFTW33T67,AW100,C_C2,AW67,YES,YES,40
FRA,2024,ETRIWH,PTFTW33T67,AW100,C_C2,AW67,YES,YES,38
FRA,2025,ETRIWH,PTFTW33T67,AW100,C_C2,AW67,YES,YES,41
DEU,2023,ETRIWH,PTFTW33T67,AW100,C_C2,AW67,YES,YES,45
DEU,2024,ETRIWH,PTFTW33T67,AW100,C_C2,AW67,YES,YES,52
DEU,2025,ETRIWH,PTFTW33T67,AW100,C_C2,AW67,YES,YES,49
ITA,2023,ETRIWH,PTFTW33T67,AW100,C_C2,AW67,YES,YES,41
ITA,2024,ETRIWH,PTFTW33T67,AW100,C_C2,AW67,YES,YES,37
ITA,2025,ETRIWH,PTFTW33T67,AW100,C_C2,AW67,YES,YES,38
NLD,2023,ETRIWH,PTFTW33T67,AW100,C_C2,AW67,YES,YES,38
NLD,2024,ETRIWH,PTFTW33T67,AW100,C_C2,AW67,YES,YES,37
POL,2023,ETRIWH,PTFTW33T67,AW100,C_C2,AW67,YES,YES,39
POL,2024,ETRIWH,PTFTW33T67,AW100,C_C2,AW67,YES,YES,39
POL,2025,ETRIWH,PTFTW33T67,AW100,C_C2,AW67,YES,YES,39
ESP,2023,ETRIWH,PTFTW33T67,AW100,C_C2,AW67,YES,YES,23
ESP,2024,ETRIWH,PTFTW33T67,AW100,C_C2,AW67,YES,YES,26
ESP,2025,ETRIWH,PTFTW33T67,AW100,C_C2,AW67,YES,YES,26
SWE,2023,ETRIWH,PTFTW33T67,AW100,C_C2,AW67,YES,YES,28
SWE,2024,ETRIWH,PTFTW33T67,AW100,C_C2,AW67,YES,YES,27
SWE,2025,ETRIWH,PTFTW33T67,AW100,C_C2,AW67,YES,YES,26
GBR,2023,ETRIWH,PTFTW33T67,AW100,C_C2,AW67,YES,YES,44
GBR,2024,ETRIWH,PTFTW33T67,AW100,C_C2,AW67,YES,YES,45
GBR,2025,ETRIWH,PTFTW33T67,AW100,C_C2,AW67,YES,YES,43
USA,2023,ETRIWH,PTFTW33T67,AW100,C_C2,AW67,YES,YES,26
USA,2024,ETRIWH,PTFTW33T67,AW100,C_C2,AW67,YES,YES,26
USA,2025,ETRIWH,PTFTW33T67,AW100,C_C2,AW67,YES,YES,26
OECD,2023,ETRIWH,PTFTW33T67,AW100,C_C2,AW67,YES,YES,37
OECD,2024,ETRIWH,PTFTW33T67,AW100,C_C2,AW67,YES,YES,38
OECD,2025,ETRIWH,PTFTW33T67,AW100,C_C2,AW67,YES,YES,39
ESP,2025,ETRIWH,PTFTW67T100,AW100,C_C2,AW67,YES,YES,32
ESP,2025,ETRIWH,PTFTW67T100,AW100,C_C2,AW67,NO,YES,32
ESP,2025,ETRIWH,PTFTW67T100,AW100,C_C2,AW67,YES,NO,32
ESP,2025,ETRIWH,PTFTW67T100,AW100,C_C2,AW67,NO,NO,32
POL,2023,ETRIWH,PTFTW50T100,AW100,C_C2,AW67,YES,NO,32
POL,2023,ETRIWH,PTFTW50T100,AW100,C_C2,AW67,NO,NO,32
POL,2023,ETRIWH,PTFTW67T100,AW100,C_C2,AW67,NO,YES,32
POL,2023,ETRIWH,PTFTW50T66,AW100,C_C2,AW67,NO,NO,32
POL,2023,ETRIWH,PTFTW50T100,AW100,C_C2,AW67,YES,YES,32
POL,2023,ETRIWH,PTFTW50T100,AW100,C_C2,AW67,NO,YES,32
POL,2023,ETRIWH,PTFTW33T67,AW100,C_C2,AW67,YES,NO,32
POL,2023,ETRIWH,PTFTW50T66,AW100,C_C2,AW67,YES,YES,32
POL,2023,ETRIWH,PTFTW67T100,AW100,C_C2,AW67,YES,YES,32
POL,2023,ETRIWH,PTFTW50T66,AW100,C_C2,AW67,YES,NO,32
POL,2023,ETRIWH,PTFTW33T67,AW100,C_C2,AW67,NO,NO,32
POL,2023,ETRIWH,PTFTW67T100,AW100,C_C2,AW67,YES,NO,32
POL,2023,ETRIWH,PTFTW50T66,AW100,C_C2,AW67,NO,YES,32
POL,2023,ETRIWH,PTFTW67T100,AW100,C_C2,AW67,NO,NO,32
POL,2024,ETRIWH,PTFTW67T100,AW100,C_C2,AW67,NO,NO,32
POL,2024,ETRIWH,PTFTW50T66,AW100,C_C2,AW67,NO,YES,32
POL,2024,ETRIWH,PTFTW67T100,AW100,C_C2,AW67,YES,NO,32
POL,2024,ETRIWH,PTFTW33T67,AW100,C_C2,AW67,NO,NO,32
POL,2024,ETRIWH,PTFTW50T66,AW100,C_C2,AW67,YES,NO,32
POL,2024,ETRIWH,PTFTW67T100,AW100,C_C2,AW67,YES,YES,32
POL,2024,ETRIWH,PTFTW50T66,AW100,C_C2,AW67,YES,YES,32
POL,2024,ETRIWH,PTFTW33T67,AW100,C_C2,AW67,YES,NO,32
POL,2024,ETRIWH,PTFTW50T100,AW100,C_C2,AW67,NO,YES,32
POL,2024,ETRIWH,PTFTW50T100,AW100,C_C2,AW67,YES,YES,32
POL,2024,ETRIWH,PTFTW50T66,AW100,C_C2,AW67,NO,NO,32
POL,2024,ETRIWH,PTFTW67T100,AW100,C_C2,AW67,NO,YES,32
POL,2024,ETRIWH,PTFTW50T100,AW100,C_C2,AW67,NO,NO,32
POL,2024,ETRIWH,PTFTW50T100,AW100,C_C2,AW67,YES,NO,32
POL,2025,ETRIWH,PTFTW50T100,AW100,C_C2,AW67,YES,NO,32
POL,2025,ETRIWH,PTFTW50T100,AW100,C_C2,AW67,NO,NO,32
POL,2025,ETRIWH,PTFTW67T100,AW100,C_C2,AW67,NO,YES,32
POL,2025,ETRIWH,PTFTW50T66,AW100,C_C2,AW67,NO,NO,32
POL,2025,ETRIWH,PTFTW50T100,AW100,C_C2,AW67,YES,YES,32
POL,2025,ETRIWH,PTFTW50T100,AW100,C_C2,AW67,NO,YES,32
POL,2025,ETRIWH,PTFTW33T67,AW100,C_C2,AW67,YES,NO,32
POL,2025,ETRIWH,PTFTW67T100,AW100,C_C2,AW67,YES,YES,32
POL,2025,ETRIWH,PTFTW50T66,AW100,C_C2,AW67,YES,NO,32
POL,2025,ETRIWH,PTFTW33T67,AW100,C_C2,AW67,NO,NO,32
POL,2025,ETRIWH,PTFTW67T100,AW100,C_C2,AW67,YES,NO,32
POL,2025,ETRIWH,PTFTW67T100,AW100,C_C2,AW67,NO,NO,32
GBR,2023,ETRIWH,PTFTW50T66,AW100,C_C2,AW67,YES,NO,32
GBR,2023,ETRIWH,PTFTW33T67,AW100,C_C2,AW67,YES,NO,32
GBR,2023,ETRIWH,PTFTW67T100,AW100,C_C2,AW67,NO,NO,32
GBR,2023,ETRIWH,PTFTW67T100,AW100,C_C2,AW67,YES,YES,32
GBR,2023,ETRIWH,PTFTW50T66,AW100,C_C2,AW67,NO,YES,32
GBR,2023,ETRIWH,PTFTW67T100,AW100,C_C2,AW67,NO,YES,32
GBR,2023,ETRIWH,PTFTW33T67,AW100,C_C2,AW67,NO,NO,32
GBR,2023,ETRIWH,PTFTW67T100,AW100,C_C2,AW67,YES,NO,32
GBR,2023,ETRIWH,PTFTW50T100,AW100,C_C2,AW67,NO,YES,32
GBR,2023,ETRIWH,PTFTW50T100,AW100,C_C2,AW67,YES,NO,32
GBR,2023,ETRIWH,PTFTW50T100,AW100,C_C2,AW67,NO,NO,32
GBR,2023,ETRIWH,PTFTW50T100,AW100,C_C2,AW67,YES,YES,32
GBR,2023,ETRIWH,PTFTW50T66,AW100,C_C2,AW67,YES,YES,32
GBR,2023,ETRIWH,PTFTW50T66,AW100,C_C2,AW67,NO,NO,32
BEL,2023,ETRIWH,PTFTW33T67,MINW,C_C2,AW67,NO,NO,38
BEL,2024,ETRIWH,PTFTW33T67,MINW,C_C2,AW67,NO,NO,38
BEL,2025,ETRIWH,PTFTW33T67,MINW,C_C2,AW67,NO,NO,38
FRA,2023,ETRIWH,PTFTW33T67,MINW,C_C2,AW67,NO,NO,41
FRA,2024,ETRIWH,PTFTW33T67,MINW,C_C2,AW67,NO,NO,43
FRA,2025,ETRIWH,PTFTW33T67,MINW,C_C2,AW67,NO,NO,47
DEU,2023,ETRIWH,PTFTW33T67,MINW,C_C2,AW67,NO,NO,44
DEU,2024,ETRIWH,PTFTW33T67,MINW,C_C2,AW67,NO,NO,45
DEU,2025,ETRIWH,PTFTW33T67,MINW,C_C2,AW67,NO,NO,46
NLD,2023,ETRIWH,PTFTW33T67,MINW,C_C2,AW67,NO,NO,8
NLD,2024,ETRIWH,PTFTW33T67,MINW,C_C2,AW67,NO,NO,7
POL,2023,ETRIWH,PTFTW33T67,MINW,C_C2,AW67,NO,NO,28
POL,2024,ETRIWH,PTFTW33T67,MINW,C_C2,AW67,NO,NO,32
POL,2025,ETRIWH,PTFTW33T67,MINW,C_C2,AW67,NO,NO,32
ESP,2023,ETRIWH,PTFTW33T67,MINW,C_C2,AW67,NO,NO,6
ESP,2024,ETRIWH,PTFTW33T67,MINW,C_C2,AW67,NO,NO,8
ESP,2025,ETRIWH,PTFTW33T67,MINW,C_C2,AW67,NO,NO,7
GBR,2023,ETRIWH,PTFTW33T67,MINW,C_C2,AW67,NO,NO,12
GBR,2024,ETRIWH,PTFTW33T67,MINW,C_C2,AW67,NO,NO,15
GBR,2025,ETRIWH,PTFTW33T67,MINW,C_C2,AW67,NO,NO,17
USA,2023,ETRIWH,PTFTW33T67,MINW,C_C2,AW67,NO,NO,48
USA,2024,ETRIWH,PTFTW33T67,MINW,C_C2,AW67,NO,NO,54
USA,2025,ETRIWH,PTFTW33T67,MINW,C_C2,AW67,NO,NO,54
OECD,2023,ETRIWH,PTFTW33T67,MINW,C_C2,AW67,NO,NO,25
OECD,2024,ETRIWH,PTFTW33T67,MINW,C_C2,AW67,NO,NO,26
OECD,2025,ETRIWH,PTFTW33T67,MINW,C_C2,AW67,NO,NO,26
BEL,2023,ETRIWH,PTFTW33T67,MINW,C_C2,AW67,NO,YES,38
BEL,2024,ETRIWH,PTFTW33T67,MINW,C_C2,AW67,NO,YES,38
BEL,2025,ETRIWH,PTFTW33T67,MINW,C_C2,AW67,NO,YES,38
FRA,2023,ETRIWH,PTFTW33T67,MINW,C_C2,AW67,NO,YES,41
FRA,2024,ETRIWH,PTFTW33T67,MINW,C_C2,AW67,NO,YES,43
FRA,2025,ETRIWH,PTFTW33T67,MINW,C_C2,AW67,NO,YES,47
DEU,2023,ETRIWH,PTFTW33T67,MINW,C_C2,AW67,NO,YES,74
DEU,2024,ETRIWH,PTFTW33T67,MINW,C_C2,AW67,NO,YES,77
DEU,2025,ETRIWH,PTFTW33T67,MINW,C_C2,AW67,NO,YES,75
NLD,2023,ETRIWH,PTFTW33T67,MINW,C_C2,AW67,NO,YES,27
NLD,2024,ETRIWH,PTFTW33T67,MINW,C_C2,AW67,NO,YES,26
POL,2023,ETRIWH,PTFTW33T67,MINW,C_C2,AW67,NO,YES,54
POL,2024,ETRIWH,PTFTW33T67,MINW,C_C2,AW67,NO,YES,57
POL,2025,ETRIWH,PTFTW33T67,MINW,C_C2,AW67,NO,YES,57
ESP,2023,ETRIWH,PTFTW33T67,MINW,C_C2,AW67,NO,YES,6
ESP,2024,ETRIWH,PTFTW33T67,MINW,C_C2,AW67,NO,YES,8
ESP,2025,ETRIWH,PTFTW33T67,MINW,C_C2,AW67,NO,YES,7
GBR,2023,ETRIWH,PTFTW33T67,MINW,C_C2,AW67,NO,YES,60
GBR,2024,ETRIWH,PTFTW33T67,MINW,C_C2,AW67,NO,YES,62
GBR,2025,ETRIWH,PTFTW33T67,MINW,C_C2,AW67,NO,YES,63
USA,2023,ETRIWH,PTFTW33T67,MINW,C_C2,AW67,NO,YES,48
USA,2024,ETRIWH,PTFTW33T67,MINW,C_C2,AW67,NO,YES,54
USA,2025,ETRIWH,PTFTW33T67,MINW,C_C2,AW67,NO,YES,54
OECD,2023,ETRIWH,PTFTW33T67,MINW,C_C2,AW67,NO,YES,39
OECD,2024,ETRIWH,PTFTW33T67,MINW,C_C2,AW67,NO,YES,35
OECD,2025,ETRIWH,PTFTW33T67,MINW,C_C2,AW67,NO,YES,34
BEL,2023,ETRIWH,PTFTW33T67,MINW,C_C2,AW67,YES,YES,38
BEL,2024,ETRIWH,PTFTW33T67,MINW,C_C2,AW67,YES,YES,38
BEL,2025,ETRIWH,PTFTW33T67,MINW,C_C2,AW67,YES,YES,38
FRA,2023,ETRIWH,PTFTW33T67,MINW,C_C2,AW67,YES,YES,41
FRA,2024,ETRIWH,PTFTW33T67,MINW,C_C2,AW67,YES,YES,43
FRA,2025,ETRIWH,PTFTW33T67,MINW,C_C2,AW67,YES,YES,47
DEU,2023,ETRIWH,PTFTW33T67,MINW,C_C2,AW67,YES,YES,87
DEU,2024,ETRIWH,PTFTW33T67,MINW,C_C2,AW67,YES,YES,85
DEU,2025,ETRIWH,PTFTW33T67,MINW,C_C2,AW67,YES,YES,85
NLD,2023,ETRIWH,PTFTW33T67,MINW,C_C2,AW67,YES,YES,27
NLD,2024,ETRIWH,PTFTW33T67,MINW,C_C2,AW67,YES,YES,26
POL,2023,ETRIWH,PTFTW33T67,MINW,C_C2,AW67,YES,YES,54
POL,2024,ETRIWH,PTFTW33T67,MINW,C_C2,AW67,YES,YES,57
POL,2025,ETRIWH,PTFTW33T67,MINW,C_C2,AW67,YES,YES,57
ESP,2023,ETRIWH,PTFTW33T67,MINW,C_C2,AW67,YES,YES,6
ESP,2024,ETRIWH,PTFTW33T67,MINW,C_C2,AW67,YES,YES,8
ESP,2025,ETRIWH,PTFTW33T67,MINW,C_C2,AW67,YES,YES,7
GBR,2023,ETRIWH,PTFTW33T67,MINW,C_C2,AW67,YES,YES,60
GBR,2024,ETRIWH,PTFTW33T67,MINW,C_C2,AW67,YES,YES,62
GBR,2025,ETRIWH,PTFTW33T67,MINW,C_C2,AW67,YES,YES,63
USA,2023,ETRIWH,PTFTW33T67,MINW,C_C2,AW67,YES,YES,48
USA,2024,ETRIWH,PTFTW33T67,MINW,C_C2,AW67,YES,YES,54
USA,2025,ETRIWH,PTFTW33T67,MINW,C_C2,AW67,YES,YES,54
OECD,2023,ETRIWH,PTFTW33T67,MINW,C_C2,AW67,YES,YES,43
OECD,2024,ETRIWH,PTFTW33T67,MINW,C_C2,AW67,YES,YES,37
OECD,2025,ETRIWH,PTFTW33T67,MINW,C_C2,AW67,YES,YES,35
BEL,2023,ETRIWH,PTFTW33T67,MINW,C_C2,AW67,YES,NO,38
BEL,2024,ETRIWH,PTFTW33T67,MINW,C_C2,AW67,YES,NO,38
BEL,2025,ETRIWH,PTFTW33T67,MINW,C_C2,AW67,YES,NO,38
FRA,2023,ETRIWH,PTFTW33T67,MINW,C_C2,AW67,YES,NO,41
FRA,2024,ETRIWH,PTFTW33T67,MINW,C_C2,AW67,YES,NO,43
FRA,2025,ETRIWH,PTFTW33T67,MINW,C_C2,AW67,YES,NO,47
DEU,2023,ETRIWH,PTFTW33T67,MINW,C_C2,AW67,YES,NO,58
DEU,2024,ETRIWH,PTFTW33T67,MINW,C_C2,AW67,YES,NO,55
DEU,2025,ETRIWH,PTFTW33T67,MINW,C_C2,AW67,YES,NO,56
NLD,2023,ETRIWH,PTFTW33T67,MINW,C_C2,AW67,YES,NO,8
NLD,2024,ETRIWH,PTFTW33T67,MINW,C_C2,AW67,YES,NO,7
POL,2023,ETRIWH,PTFTW33T67,MINW,C_C2,AW67,YES,NO,28
POL,2024,ETRIWH,PTFTW33T67,MINW,C_C2,AW67,YES,NO,32
POL,2025,ETRIWH,PTFTW33T67,MINW,C_C2,AW67,YES,NO,32
ESP,2023,ETRIWH,PTFTW33T67,MINW,C_C2,AW67,YES,NO,6
ESP,2024,ETRIWH,PTFTW33T67,MINW,C_C2,AW67,YES,NO,8
ESP,2025,ETRIWH,PTFTW33T67,MINW,C_C2,AW67,YES,NO,7
GBR,2023,ETRIWH,PTFTW33T67,MINW,C_C2,AW67,YES,NO,12
GBR,2024,ETRIWH,PTFTW33T67,MINW,C_C2,AW67,YES,NO,15
GBR,2025,ETRIWH,PTFTW33T67,MINW,C_C2,AW67,YES,NO,17
USA,2023,ETRIWH,PTFTW33T67,MINW,C_C2,AW67,YES,NO,48
USA,2024,ETRIWH,PTFTW33T67,MINW,C_C2,AW67,YES,NO,54
USA,2025,ETRIWH,PTFTW33T67,MINW,C_C2,AW67,YES,NO,54
OECD,2023,ETRIWH,PTFTW33T67,MINW,C_C2,AW67,YES,NO,26
OECD,2024,ETRIWH,PTFTW33T67,MINW,C_C2,AW67,YES,NO,27
OECD,2025,ETRIWH,PTFTW33T67,MINW,C_C2,AW67,YES,NO,28
BEL,2023,ETRIWH,PTFTW67T100,MINW,C_C2,AW67,YES,NO,34
BEL,2024,ETRIWH,PTFTW67T100,MINW,C_C2,AW67,YES,NO,33
BEL,2025,ETRIWH,PTFTW67T100,MINW,C_C2,AW67,YES,NO,33
FRA,2023,ETRIWH,PTFTW67T100,MINW,C_C2,AW67,YES,NO,32
FRA,2024,ETRIWH,PTFTW67T100,MINW,C_C2,AW67,YES,NO,32
FRA,2025,ETRIWH,PTFTW67T100,MINW,C_C2,AW67,YES,NO,32
DEU,2023,ETRIWH,PTFTW67T100,MINW,C_C2,AW67,YES,NO,57
DEU,2024,ETRIWH,PTFTW67T100,MINW,C_C2,AW67,YES,NO,69
DEU,2025,ETRIWH,PTFTW67T100,MINW,C_C2,AW67,YES,NO,69
NLD,2023,ETRIWH,PTFTW67T100,MINW,C_C2,AW67,YES,NO,14
NLD,2024,ETRIWH,PTFTW67T100,MINW,C_C2,AW67,YES,NO,14
POL,2023,ETRIWH,PTFTW67T100,MINW,C_C2,AW67,YES,NO,32
POL,2024,ETRIWH,PTFTW67T100,MINW,C_C2,AW67,YES,NO,32
POL,2025,ETRIWH,PTFTW67T100,MINW,C_C2,AW67,YES,NO,32
ESP,2023,ETRIWH,PTFTW67T100,MINW,C_C2,AW67,YES,NO,6
ESP,2024,ETRIWH,PTFTW67T100,MINW,C_C2,AW67,YES,NO,6
ESP,2025,ETRIWH,PTFTW67T100,MINW,C_C2,AW67,YES,NO,8
GBR,2023,ETRIWH,PTFTW67T100,MINW,C_C2,AW67,YES,NO,32
GBR,2024,ETRIWH,PTFTW67T100,MINW,C_C2,AW67,YES,NO,28
GBR,2025,ETRIWH,PTFTW67T100,MINW,C_C2,AW67,YES,NO,28
USA,2023,ETRIWH,PTFTW67T100,MINW,C_C2,AW67,YES,NO,26
USA,2024,ETRIWH,PTFTW67T100,MINW,C_C2,AW67,YES,NO,30
USA,2025,ETRIWH,PTFTW67T100,MINW,C_C2,AW67,YES,NO,29
OECD,2023,ETRIWH,PTFTW67T100,MINW,C_C2,AW67,YES,NO,28
OECD,2024,ETRIWH,PTFTW67T100,MINW,C_C2,AW67,YES,NO,28
OECD,2025,ETRIWH,PTFTW67T100,MINW,C_C2,AW67,YES,NO,29
BEL,2023,ETRIWH,PTFTW67T100,MINW,C_C2,AW67,YES,YES,34
BEL,2024,ETRIWH,PTFTW67T100,MINW,C_C2,AW67,YES,YES,33
BEL,2025,ETRIWH,PTFTW67T100,MINW,C_C2,AW67,YES,YES,33
FRA,2023,ETRIWH,PTFTW67T100,MINW,C_C2,AW67,YES,YES,32
FRA,2024,ETRIWH,PTFTW67T100,MINW,C_C2,AW67,YES,YES,32
FRA,2025,ETRIWH,PTFTW67T100,MINW,C_C2,AW67,YES,YES,32
DEU,2023,ETRIWH,PTFTW67T100,MINW,C_C2,AW67,YES,YES,67
DEU,2024,ETRIWH,PTFTW67T100,MINW,C_C2,AW67,YES,YES,69
DEU,2025,ETRIWH,PTFTW67T100,MINW,C_C2,AW67,YES,YES,72
NLD,2023,ETRIWH,PTFTW67T100,MINW,C_C2,AW67,YES,YES,14
NLD,2024,ETRIWH,PTFTW67T100,MINW,C_C2,AW67,YES,YES,18
POL,2023,ETRIWH,PTFTW67T100,MINW,C_C2,AW67,YES,YES,47
POL,2024,ETRIWH,PTFTW67T100,MINW,C_C2,AW67,YES,YES,44
POL,2025,ETRIWH,PTFTW67T100,MINW,C_C2,AW67,YES,YES,44
ESP,2023,ETRIWH,PTFTW67T100,MINW,C_C2,AW67,YES,YES,6
ESP,2024,ETRIWH,PTFTW67T100,MINW,C_C2,AW67,YES,YES,6
ESP,2025,ETRIWH,PTFTW67T100,MINW,C_C2,AW67,YES,YES,8
GBR,2023,ETRIWH,PTFTW67T100,MINW,C_C2,AW67,YES,YES,69
GBR,2024,ETRIWH,PTFTW67T100,MINW,C_C2,AW67,YES,YES,68
GBR,2025,ETRIWH,PTFTW67T100,MINW,C_C2,AW67,YES,YES,65
USA,2023,ETRIWH,PTFTW67T100,MINW,C_C2,AW67,YES,YES,26
USA,2024,ETRIWH,PTFTW67T100,MINW,C_C2,AW67,YES,YES,30
USA,2025,ETRIWH,PTFTW67T100,MINW,C_C2,AW67,YES,YES,29
OECD,2023,ETRIWH,PTFTW67T100,MINW,C_C2,AW67,YES,YES,32
OECD,2024,ETRIWH,PTFTW67T100,MINW,C_C2,AW67,YES,YES,35
OECD,2025,ETRIWH,PTFTW67T100,MINW,C_C2,AW67,YES,YES,34
BEL,2023,ETRIWH,PTFTW67T100,MINW,C_C2,AW67,NO,YES,34
BEL,2024,ETRIWH,PTFTW67T100,MINW,C_C2,AW67,NO,YES,33
BEL,2025,ETRIWH,PTFTW67T100,MINW,C_C2,AW67,NO,YES,33
FRA,2023,ETRIWH,PTFTW67T100,MINW,C_C2,AW67,NO,YES,32
FRA,2024,ETRIWH,PTFTW67T100,MINW,C_C2,AW67,NO,YES,32
FRA,2025,ETRIWH,PTFTW67T100,MINW,C_C2,AW67,NO,YES,32
DEU,2023,ETRIWH,PTFTW67T100,MINW,C_C2,AW67,NO,YES,57
DEU,2024,ETRIWH,PTFTW67T100,MINW,C_C2,AW67,NO,YES,45
DEU,2025,ETRIWH,PTFTW67T100,MINW,C_C2,AW67,NO,YES,51
NLD,2023,ETRIWH,PTFTW67T100,MINW,C_C2,AW67,NO,YES,14
NLD,2024,ETRIWH,PTFTW67T100,MINW,C_C2,AW67,NO,YES,18
POL,2023,ETRIWH,PTFTW67T100,MINW,C_C2,AW67,NO,YES,47
POL,2024,ETRIWH,PTFTW67T100,MINW,C_C2,AW67,NO,YES,44
POL,2025,ETRIWH,PTFTW67T100,MINW,C_C2,AW67,NO,YES,44
ESP,2023,ETRIWH,PTFTW67T100,MINW,C_C2,AW67,NO,YES,6
ESP,2024,ETRIWH,PTFTW67T100,MINW,C_C2,AW67,NO,YES,6
ESP,2025,ETRIWH,PTFTW67T100,MINW,C_C2,AW67,NO,YES,8
GBR,2023,ETRIWH,PTFTW67T100,MINW,C_C2,AW67,NO,YES,69
GBR,2024,ETRIWH,PTFTW67T100,MINW,C_C2,AW67,NO,YES,68
GBR,2025,ETRIWH,PTFTW67T100,MINW,C_C2,AW67,NO,YES,65
USA,2023,ETRIWH,PTFTW67T100,MINW,C_C2,AW67,NO,YES,26
USA,2024,ETRIWH,PTFTW67T100,MINW,C_C2,AW67,NO,YES,30
USA,2025,ETRIWH,PTFTW67T100,MINW,C_C2,AW67,NO,YES,29
OECD,2023,ETRIWH,PTFTW67T100,MINW,C_C2,AW67,NO,YES,32
OECD,2024,ETRIWH,PTFTW67T100,MINW,C_C2,AW67,NO,YES,34
OECD,2025,ETRIWH,PTFTW67T100,MINW,C_C2,AW67,NO,YES,33
BEL,2023,ETRIWH,PTFTW67T100,MINW,C_C2,AW67,NO,NO,34
BEL,2024,ETRIWH,PTFTW67T100,MINW,C_C2,AW67,NO,NO,33
BEL,2025,ETRIWH,PTFTW67T100,MINW,C_C2,AW67,NO,NO,33
FRA,2023,ETRIWH,PTFTW67T100,MINW,C_C2,AW67,NO,NO,32
FRA,2024,ETRIWH,PTFTW67T100,MINW,C_C2,AW67,NO,NO,32
FRA,2025,ETRIWH,PTFTW67T100,MINW,C_C2,AW67,NO,NO,32
DEU,2023,ETRIWH,PTFTW67T100,MINW,C_C2,AW67,NO,NO,45
DEU,2024,ETRIWH,PTFTW67T100,MINW,C_C2,AW67,NO,NO,45
DEU,2025,ETRIWH,PTFTW67T100,MINW,C_C2,AW67,NO,NO,45
NLD,2023,ETRIWH,PTFTW67T100,MINW,C_C2,AW67,NO,NO,14
NLD,2024,ETRIWH,PTFTW67T100,MINW,C_C2,AW67,NO,NO,14
POL,2023,ETRIWH,PTFTW67T100,MINW,C_C2,AW67,NO,NO,32
POL,2024,ETRIWH,PTFTW67T100,MINW,C_C2,AW67,NO,NO,32
POL,2025,ETRIWH,PTFTW67T100,MINW,C_C2,AW67,NO,NO,32
ESP,2023,ETRIWH,PTFTW67T100,MINW,C_C2,AW67,NO,NO,6
ESP,2024,ETRIWH,PTFTW67T100,MINW,C_C2,AW67,NO,NO,6
ESP,2025,ETRIWH,PTFTW67T100,MINW,C_C2,AW67,NO,NO,8
GBR,2023,ETRIWH,PTFTW67T100,MINW,C_C2,AW67,NO,NO,32
GBR,2024,ETRIWH,PTFTW67T100,MINW,C_C2,AW67,NO,NO,28
GBR,2025,ETRIWH,PTFTW67T100,MINW,C_C2,AW67,NO,NO,28
USA,2023,ETRIWH,PTFTW67T100,MINW,C_C2,AW67,NO,NO,26
USA,2024,ETRIWH,PTFTW67T100,MINW,C_C2,AW67,NO,NO,30
USA,2025,ETRIWH,PTFTW67T100,MINW,C_C2,AW67,NO,NO,29
OECD,2023,ETRIWH,PTFTW67T100,MINW,C_C2,AW67,NO,NO,27
OECD,2024,ETRIWH,PTFTW67T100,MINW,C_C2,AW67,NO,NO,27
OECD,2025,ETRIWH,PTFTW67T100,MINW,C_C2,AW67,NO,NO,27
BEL,2023,ETRIWH,PTFTW50T66,MINW,C_C2,AW67,NO,NO,30
BEL,2024,ETRIWH,PTFTW50T66,MINW,C_C2,AW67,NO,NO,30
BEL,2025,ETRIWH,PTFTW50T66,MINW,C_C2,AW67,NO,NO,47
FRA,2023,ETRIWH,PTFTW50T66,MINW,C_C2,AW67,NO,NO,32
FRA,2024,ETRIWH,PTFTW50T66,MINW,C_C2,AW67,NO,NO,32
FRA,2025,ETRIWH,PTFTW50T66,MINW,C_C2,AW67,NO,NO,32
DEU,2023,ETRIWH,PTFTW50T66,MINW,C_C2,AW67,NO,NO,45
DEU,2024,ETRIWH,PTFTW50T66,MINW,C_C2,AW67,NO,NO,45
DEU,2025,ETRIWH,PTFTW50T66,MINW,C_C2,AW67,NO,NO,46
NLD,2023,ETRIWH,PTFTW50T66,MINW,C_C2,AW67,NO,NO,8
NLD,2024,ETRIWH,PTFTW50T66,MINW,C_C2,AW67,NO,NO,7
POL,2023,ETRIWH,PTFTW50T66,MINW,C_C2,AW67,NO,NO,32
POL,2024,ETRIWH,PTFTW50T66,MINW,C_C2,AW67,NO,NO,32
POL,2025,ETRIWH,PTFTW50T66,MINW,C_C2,AW67,NO,NO,32
ESP,2023,ETRIWH,PTFTW50T66,MINW,C_C2,AW67,NO,NO,6
ESP,2024,ETRIWH,PTFTW50T66,MINW,C_C2,AW67,NO,NO,6
ESP,2025,ETRIWH,PTFTW50T66,MINW,C_C2,AW67,NO,NO,6
GBR,2023,ETRIWH,PTFTW50T66,MINW,C_C2,AW67,NO,NO,24
GBR,2024,ETRIWH,PTFTW50T66,MINW,C_C2,AW67,NO,NO,27
GBR,2025,ETRIWH,PTFTW50T66,MINW,C_C2,AW67,NO,NO,28
USA,2023,ETRIWH,PTFTW50T66,MINW,C_C2,AW67,NO,NO,48
USA,2024,ETRIWH,PTFTW50T66,MINW,C_C2,AW67,NO,NO,54
USA,2025,ETRIWH,PTFTW50T66,MINW,C_C2,AW67,NO,NO,54
OECD,2023,ETRIWH,PTFTW50T66,MINW,C_C2,AW67,NO,NO,26
OECD,2024,ETRIWH,PTFTW50T66,MINW,C_C2,AW67,NO,NO,27
OECD,2025,ETRIWH,PTFTW50T66,MINW,C_C2,AW67,NO,NO,25
BEL,2023,ETRIWH,PTFTW50T66,MINW,C_C2,AW67,NO,YES,30
BEL,2024,ETRIWH,PTFTW50T66,MINW,C_C2,AW67,NO,YES,30
BEL,2025,ETRIWH,PTFTW50T66,MINW,C_C2,AW67,NO,YES,47
FRA,2023,ETRIWH,PTFTW50T66,MINW,C_C2,AW67,NO,YES,32
FRA,2024,ETRIWH,PTFTW50T66,MINW,C_C2,AW67,NO,YES,32
FRA,2025,ETRIWH,PTFTW50T66,MINW,C_C2,AW67,NO,YES,32
DEU,2023,ETRIWH,PTFTW50T66,MINW,C_C2,AW67,NO,YES,75
DEU,2024,ETRIWH,PTFTW50T66,MINW,C_C2,AW67,NO,YES,80
DEU,2025,ETRIWH,PTFTW50T66,MINW,C_C2,AW67,NO,YES,75
NLD,2023,ETRIWH,PTFTW50T66,MINW,C_C2,AW67,NO,YES,26
NLD,2024,ETRIWH,PTFTW50T66,MINW,C_C2,AW67,NO,YES,26
POL,2023,ETRIWH,PTFTW50T66,MINW,C_C2,AW67,NO,YES,45
POL,2024,ETRIWH,PTFTW50T66,MINW,C_C2,AW67,NO,YES,45
POL,2025,ETRIWH,PTFTW50T66,MINW,C_C2,AW67,NO,YES,71
ESP,2023,ETRIWH,PTFTW50T66,MINW,C_C2,AW67,NO,YES,6
ESP,2024,ETRIWH,PTFTW50T66,MINW,C_C2,AW67,NO,YES,6
ESP,2025,ETRIWH,PTFTW50T66,MINW,C_C2,AW67,NO,YES,6
GBR,2023,ETRIWH,PTFTW50T66,MINW,C_C2,AW67,NO,YES,66
GBR,2024,ETRIWH,PTFTW50T66,MINW,C_C2,AW67,NO,YES,67
GBR,2025,ETRIWH,PTFTW50T66,MINW,C_C2,AW67,NO,YES,68
USA,2023,ETRIWH,PTFTW50T66,MINW,C_C2,AW67,NO,YES,48
USA,2024,ETRIWH,PTFTW50T66,MINW,C_C2,AW67,NO,YES,54
USA,2025,ETRIWH,PTFTW50T66,MINW,C_C2,AW67,NO,YES,54
OECD,2023,ETRIWH,PTFTW50T66,MINW,C_C2,AW67,NO,YES,35
OECD,2024,ETRIWH,PTFTW50T66,MINW,C_C2,AW67,NO,YES,40
OECD,2025,ETRIWH,PTFTW50T66,MINW,C_C2,AW67,NO,YES,36
BEL,2023,ETRIWH,PTFTW50T66,MINW,C_C2,AW67,YES,NO,30
BEL,2024,ETRIWH,PTFTW50T66,MINW,C_C2,AW67,YES,NO,30
BEL,2025,ETRIWH,PTFTW50T66,MINW,C_C2,AW67,YES,NO,47
FRA,2023,ETRIWH,PTFTW50T66,MINW,C_C2,AW67,YES,NO,32
FRA,2024,ETRIWH,PTFTW50T66,MINW,C_C2,AW67,YES,NO,32
FRA,2025,ETRIWH,PTFTW50T66,MINW,C_C2,AW67,YES,NO,32
DEU,2023,ETRIWH,PTFTW50T66,MINW,C_C2,AW67,YES,NO,63
DEU,2024,ETRIWH,PTFTW50T66,MINW,C_C2,AW67,YES,NO,64
DEU,2025,ETRIWH,PTFTW50T66,MINW,C_C2,AW67,YES,NO,65
NLD,2023,ETRIWH,PTFTW50T66,MINW,C_C2,AW67,YES,NO,8
NLD,2024,ETRIWH,PTFTW50T66,MINW,C_C2,AW67,YES,NO,7
POL,2023,ETRIWH,PTFTW50T66,MINW,C_C2,AW67,YES,NO,32
POL,2024,ETRIWH,PTFTW50T66,MINW,C_C2,AW67,YES,NO,32
POL,2025,ETRIWH,PTFTW50T66,MINW,C_C2,AW67,YES,NO,32
ESP,2023,ETRIWH,PTFTW50T66,MINW,C_C2,AW67,YES,NO,6
ESP,2024,ETRIWH,PTFTW50T66,MINW,C_C2,AW67,YES,NO,6
ESP,2025,ETRIWH,PTFTW50T66,MINW,C_C2,AW67,YES,NO,6
GBR,2023,ETRIWH,PTFTW50T66,MINW,C_C2,AW67,YES,NO,24
GBR,2024,ETRIWH,PTFTW50T66,MINW,C_C2,AW67,YES,NO,27
GBR,2025,ETRIWH,PTFTW50T66,MINW,C_C2,AW67,YES,NO,28
USA,2023,ETRIWH,PTFTW50T66,MINW,C_C2,AW67,YES,NO,48
USA,2024,ETRIWH,PTFTW50T66,MINW,C_C2,AW67,YES,NO,54
USA,2025,ETRIWH,PTFTW50T66,MINW,C_C2,AW67,YES,NO,54
OECD,2023,ETRIWH,PTFTW50T66,MINW,C_C2,AW67,YES,NO,27
OECD,2024,ETRIWH,PTFTW50T66,MINW,C_C2,AW67,YES,NO,29
OECD,2025,ETRIWH,PTFTW50T66,MINW,C_C2,AW67,YES,NO,28
BEL,2023,ETRIWH,PTFTW50T66,MINW,C_C2,AW67,YES,YES,30
BEL,2024,ETRIWH,PTFTW50T66,MINW,C_C2,AW67,YES,YES,30
BEL,2025,ETRIWH,PTFTW50T66,MINW,C_C2,AW67,YES,YES,47
FRA,2023,ETRIWH,PTFTW50T66,MINW,C_C2,AW67,YES,YES,32
FRA,2024,ETRIWH,PTFTW50T66,MINW,C_C2,AW67,YES,YES,32
FRA,2025,ETRIWH,PTFTW50T66,MINW,C_C2,AW67,YES,YES,32
DEU,2023,ETRIWH,PTFTW50T66,MINW,C_C2,AW67,YES,YES,93
DEU,2024,ETRIWH,PTFTW50T66,MINW,C_C2,AW67,YES,YES,95
DEU,2025,ETRIWH,PTFTW50T66,MINW,C_C2,AW67,YES,YES,94
NLD,2023,ETRIWH,PTFTW50T66,MINW,C_C2,AW67,YES,YES,26
NLD,2024,ETRIWH,PTFTW50T66,MINW,C_C2,AW67,YES,YES,26
POL,2023,ETRIWH,PTFTW50T66,MINW,C_C2,AW67,YES,YES,45
POL,2024,ETRIWH,PTFTW50T66,MINW,C_C2,AW67,YES,YES,45
POL,2025,ETRIWH,PTFTW50T66,MINW,C_C2,AW67,YES,YES,71
ESP,2023,ETRIWH,PTFTW50T66,MINW,C_C2,AW67,YES,YES,6
ESP,2024,ETRIWH,PTFTW50T66,MINW,C_C2,AW67,YES,YES,6
ESP,2025,ETRIWH,PTFTW50T66,MINW,C_C2,AW67,YES,YES,6
GBR,2023,ETRIWH,PTFTW50T66,MINW,C_C2,AW67,YES,YES,66
GBR,2024,ETRIWH,PTFTW50T66,MINW,C_C2,AW67,YES,YES,67
GBR,2025,ETRIWH,PTFTW50T66,MINW,C_C2,AW67,YES,YES,68
USA,2023,ETRIWH,PTFTW50T66,MINW,C_C2,AW67,YES,YES,48
USA,2024,ETRIWH,PTFTW50T66,MINW,C_C2,AW67,YES,YES,54
USA,2025,ETRIWH,PTFTW50T66,MINW,C_C2,AW67,YES,YES,54
OECD,2023,ETRIWH,PTFTW50T66,MINW,C_C2,AW67,YES,YES,41
OECD,2024,ETRIWH,PTFTW50T66,MINW,C_C2,AW67,YES,YES,43
OECD,2025,ETRIWH,PTFTW50T66,MINW,C_C2,AW67,YES,YES,38
BEL,2023,ETRIWH,PTFTW50T100,MINW,C_C2,AW67,YES,YES,33
BEL,2024,ETRIWH,PTFTW50T100,MINW,C_C2,AW67,YES,YES,32
BEL,2025,ETRIWH,PTFTW50T100,MINW,C_C2,AW67,YES,YES,38
FRA,2023,ETRIWH,PTFTW50T100,MINW,C_C2,AW67,YES,YES,32
FRA,2024,ETRIWH,PTFTW50T100,MINW,C_C2,AW67,YES,YES,32
FRA,2025,ETRIWH,PTFTW50T100,MINW,C_C2,AW67,YES,YES,32
DEU,2023,ETRIWH,PTFTW50T100,MINW,C_C2,AW67,YES,YES,76
DEU,2024,ETRIWH,PTFTW50T100,MINW,C_C2,AW67,YES,YES,78
DEU,2025,ETRIWH,PTFTW50T100,MINW,C_C2,AW67,YES,YES,80
NLD,2023,ETRIWH,PTFTW50T100,MINW,C_C2,AW67,YES,YES,18
NLD,2024,ETRIWH,PTFTW50T100,MINW,C_C2,AW67,YES,YES,21
POL,2023,ETRIWH,PTFTW50T100,MINW,C_C2,AW67,YES,YES,46
POL,2024,ETRIWH,PTFTW50T100,MINW,C_C2,AW67,YES,YES,44
POL,2025,ETRIWH,PTFTW50T100,MINW,C_C2,AW67,YES,YES,53
ESP,2023,ETRIWH,PTFTW50T100,MINW,C_C2,AW67,YES,YES,6
ESP,2024,ETRIWH,PTFTW50T100,MINW,C_C2,AW67,YES,YES,6
ESP,2025,ETRIWH,PTFTW50T100,MINW,C_C2,AW67,YES,YES,8
GBR,2023,ETRIWH,PTFTW50T100,MINW,C_C2,AW67,YES,YES,68
GBR,2024,ETRIWH,PTFTW50T100,MINW,C_C2,AW67,YES,YES,67
GBR,2025,ETRIWH,PTFTW50T100,MINW,C_C2,AW67,YES,YES,66
USA,2023,ETRIWH,PTFTW50T100,MINW,C_C2,AW67,YES,YES,34
USA,2024,ETRIWH,PTFTW50T100,MINW,C_C2,AW67,YES,YES,38
USA,2025,ETRIWH,PTFTW50T100,MINW,C_C2,AW67,YES,YES,38
OECD,2023,ETRIWH,PTFTW50T100,MINW,C_C2,AW67,YES,YES,35
OECD,2024,ETRIWH,PTFTW50T100,MINW,C_C2,AW67,YES,YES,37
OECD,2025,ETRIWH,PTFTW50T100,MINW,C_C2,AW67,YES,YES,36
BEL,2023,ETRIWH,PTFTW50T100,MINW,C_C2,AW67,YES,NO,33
BEL,2024,ETRIWH,PTFTW50T100,MINW,C_C2,AW67,YES,NO,32
BEL,2025,ETRIWH,PTFTW50T100,MINW,C_C2,AW67,YES,NO,38
FRA,2023,ETRIWH,PTFTW50T100,MINW,C_C2,AW67,YES,NO,32
FRA,2024,ETRIWH,PTFTW50T100,MINW,C_C2,AW67,YES,NO,32
FRA,2025,ETRIWH,PTFTW50T100,MINW,C_C2,AW67,YES,NO,32
DEU,2023,ETRIWH,PTFTW50T100,MINW,C_C2,AW67,YES,NO,59
DEU,2024,ETRIWH,PTFTW50T100,MINW,C_C2,AW67,YES,NO,67
DEU,2025,ETRIWH,PTFTW50T100,MINW,C_C2,AW67,YES,NO,68
NLD,2023,ETRIWH,PTFTW50T100,MINW,C_C2,AW67,YES,NO,12
NLD,2024,ETRIWH,PTFTW50T100,MINW,C_C2,AW67,YES,NO,12
POL,2023,ETRIWH,PTFTW50T100,MINW,C_C2,AW67,YES,NO,32
POL,2024,ETRIWH,PTFTW50T100,MINW,C_C2,AW67,YES,NO,32
POL,2025,ETRIWH,PTFTW50T100,MINW,C_C2,AW67,YES,NO,32
ESP,2023,ETRIWH,PTFTW50T100,MINW,C_C2,AW67,YES,NO,6
ESP,2024,ETRIWH,PTFTW50T100,MINW,C_C2,AW67,YES,NO,6
ESP,2025,ETRIWH,PTFTW50T100,MINW,C_C2,AW67,YES,NO,8
GBR,2023,ETRIWH,PTFTW50T100,MINW,C_C2,AW67,YES,NO,29
GBR,2024,ETRIWH,PTFTW50T100,MINW,C_C2,AW67,YES,NO,28
GBR,2025,ETRIWH,PTFTW50T100,MINW,C_C2,AW67,YES,NO,28
USA,2023,ETRIWH,PTFTW50T100,MINW,C_C2,AW67,YES,NO,34
USA,2024,ETRIWH,PTFTW50T100,MINW,C_C2,AW67,YES,NO,38
USA,2025,ETRIWH,PTFTW50T100,MINW,C_C2,AW67,YES,NO,38
OECD,2023,ETRIWH,PTFTW50T100,MINW,C_C2,AW67,YES,NO,28
OECD,2024,ETRIWH,PTFTW50T100,MINW,C_C2,AW67,YES,NO,28
OECD,2025,ETRIWH,PTFTW50T100,MINW,C_C2,AW67,YES,NO,28
BEL,2023,ETRIWH,PTFTW50T100,MINW,C_C2,AW67,NO,NO,33
BEL,2024,ETRIWH,PTFTW50T100,MINW,C_C2,AW67,NO,NO,32
BEL,2025,ETRIWH,PTFTW50T100,MINW,C_C2,AW67,NO,NO,38
FRA,2023,ETRIWH,PTFTW50T100,MINW,C_C2,AW67,NO,NO,32
FRA,2024,ETRIWH,PTFTW50T100,MINW,C_C2,AW67,NO,NO,32
FRA,2025,ETRIWH,PTFTW50T100,MINW,C_C2,AW67,NO,NO,32
DEU,2023,ETRIWH,PTFTW50T100,MINW,C_C2,AW67,NO,NO,45
DEU,2024,ETRIWH,PTFTW50T100,MINW,C_C2,AW67,NO,NO,45
DEU,2025,ETRIWH,PTFTW50T100,MINW,C_C2,AW67,NO,NO,46
NLD,2023,ETRIWH,PTFTW50T100,MINW,C_C2,AW67,NO,NO,12
NLD,2024,ETRIWH,PTFTW50T100,MINW,C_C2,AW67,NO,NO,12
POL,2023,ETRIWH,PTFTW50T100,MINW,C_C2,AW67,NO,NO,32
POL,2024,ETRIWH,PTFTW50T100,MINW,C_C2,AW67,NO,NO,32
POL,2025,ETRIWH,PTFTW50T100,MINW,C_C2,AW67,NO,NO,32
ESP,2023,ETRIWH,PTFTW50T100,MINW,C_C2,AW67,NO,NO,6
ESP,2024,ETRIWH,PTFTW50T100,MINW,C_C2,AW67,NO,NO,6
ESP,2025,ETRIWH,PTFTW50T100,MINW,C_C2,AW67,NO,NO,8
GBR,2023,ETRIWH,PTFTW50T100,MINW,C_C2,AW67,NO,NO,29
GBR,2024,ETRIWH,PTFTW50T100,MINW,C_C2,AW67,NO,NO,28
GBR,2025,ETRIWH,PTFTW50T100,MINW,C_C2,AW67,NO,NO,28
USA,2023,ETRIWH,PTFTW50T100,MINW,C_C2,AW67,NO,NO,34
USA,2024,ETRIWH,PTFTW50T100,MINW,C_C2,AW67,NO,NO,38
USA,2025,ETRIWH,PTFTW50T100,MINW,C_C2,AW67,NO,NO,38
OECD,2023,ETRIWH,PTFTW50T100,MINW,C_C2,AW67,NO,NO,27
OECD,2024,ETRIWH,PTFTW50T100,MINW,C_C2,AW67,NO,NO,27
OECD,2025,ETRIWH,PTFTW50T100,MINW,C_C2,AW67,NO,NO,27
BEL,2023,ETRIWH,PTFTW50T100,MINW,C_C2,AW67,NO,YES,33
BEL,2024,ETRIWH,PTFTW50T100,MINW,C_C2,AW67,NO,YES,32
BEL,2025,ETRIWH,PTFTW50T100,MINW,C_C2,AW67,NO,YES,38
FRA,2023,ETRIWH,PTFTW50T100,MINW,C_C2,AW67,NO,YES,32
FRA,2024,ETRIWH,PTFTW50T100,MINW,C_C2,AW67,NO,YES,32
FRA,2025,ETRIWH,PTFTW50T100,MINW,C_C2,AW67,NO,YES,32
DEU,2023,ETRIWH,PTFTW50T100,MINW,C_C2,AW67,NO,YES,63
DEU,2024,ETRIWH,PTFTW50T100,MINW,C_C2,AW67,NO,YES,57
DEU,2025,ETRIWH,PTFTW50T100,MINW,C_C2,AW67,NO,YES,59
NLD,2023,ETRIWH,PTFTW50T100,MINW,C_C2,AW67,NO,YES,18
NLD,2024,ETRIWH,PTFTW50T100,MINW,C_C2,AW67,NO,YES,21
POL,2023,ETRIWH,PTFTW50T100,MINW,C_C2,AW67,NO,YES,46
POL,2024,ETRIWH,PTFTW50T100,MINW,C_C2,AW67,NO,YES,44
POL,2025,ETRIWH,PTFTW50T100,MINW,C_C2,AW67,NO,YES,53
ESP,2023,ETRIWH,PTFTW50T100,MINW,C_C2,AW67,NO,YES,6
ESP,2024,ETRIWH,PTFTW50T100,MINW,C_C2,AW67,NO,YES,6
ESP,2025,ETRIWH,PTFTW50T100,MINW,C_C2,AW67,NO,YES,8
GBR,2023,ETRIWH,PTFTW50T100,MINW,C_C2,AW67,NO,YES,68
GBR,2024,ETRIWH,PTFTW50T100,MINW,C_C2,AW67,NO,YES,67
GBR,2025,ETRIWH,PTFTW50T100,MINW,C_C2,AW67,NO,YES,66
USA,2023,ETRIWH,PTFTW50T100,MINW,C_C2,AW67,NO,YES,34
USA,2024,ETRIWH,PTFTW50T100,MINW,C_C2,AW67,NO,YES,38
USA,2025,ETRIWH,PTFTW50T100,MINW,C_C2,AW67,NO,YES,38
OECD,2023,ETRIWH,PTFTW50T100,MINW,C_C2,AW67,NO,YES,33
OECD,2024,ETRIWH,PTFTW50T100,MINW,C_C2,AW67,NO,YES,36
OECD,2025,ETRIWH,PTFTW50T100,MINW,C_C2,AW67,NO,YES,34
BEL,2023,ETRIWH,PTFTW67T100,MINW,C_C2,MINW,YES,NO,31
BEL,2024,ETRIWH,PTFTW67T100,MINW,C_C2,MINW,YES,NO,29
BEL,2025,ETRIWH,PTFTW67T100,MINW,C_C2,MINW,YES,NO,30
FRA,2023,ETRIWH,PTFTW67T100,MINW,C_C2,MINW,YES,NO,38
FRA,2024,ETRIWH,PTFTW67T100,MINW,C_C2,MINW,YES,NO,38
FRA,2025,ETRIWH,PTFTW67T100,MINW,C_C2,MINW,YES,NO,38
DEU,2023,ETRIWH,PTFTW67T100,MINW,C_C2,MINW,YES,NO,68
DEU,2024,ETRIWH,PTFTW67T100,MINW,C_C2,MINW,YES,NO,68
DEU,2025,ETRIWH,PTFTW67T100,MINW,C_C2,MINW,YES,NO,69
NLD,2023,ETRIWH,PTFTW67T100,MINW,C_C2,MINW,YES,NO,25
NLD,2024,ETRIWH,PTFTW67T100,MINW,C_C2,MINW,YES,NO,20
POL,2023,ETRIWH,PTFTW67T100,MINW,C_C2,MINW,YES,NO,27
POL,2024,ETRIWH,PTFTW67T100,MINW,C_C2,MINW,YES,NO,32
POL,2025,ETRIWH,PTFTW67T100,MINW,C_C2,MINW,YES,NO,32
ESP,2023,ETRIWH,PTFTW67T100,MINW,C_C2,MINW,YES,NO,6
ESP,2024,ETRIWH,PTFTW67T100,MINW,C_C2,MINW,YES,NO,6
ESP,2025,ETRIWH,PTFTW67T100,MINW,C_C2,MINW,YES,NO,6
GBR,2023,ETRIWH,PTFTW67T100,MINW,C_C2,MINW,YES,NO,32
GBR,2024,ETRIWH,PTFTW67T100,MINW,C_C2,MINW,YES,NO,28
GBR,2025,ETRIWH,PTFTW67T100,MINW,C_C2,MINW,YES,NO,28
USA,2023,ETRIWH,PTFTW67T100,MINW,C_C2,MINW,YES,NO,97
USA,2024,ETRIWH,PTFTW67T100,MINW,C_C2,MINW,YES,NO,103
USA,2025,ETRIWH,PTFTW67T100,MINW,C_C2,MINW,YES,NO,102
OECD,2023,ETRIWH,PTFTW67T100,MINW,C_C2,MINW,YES,NO,33
OECD,2024,ETRIWH,PTFTW67T100,MINW,C_C2,MINW,YES,NO,34
OECD,2025,ETRIWH,PTFTW67T100,MINW,C_C2,MINW,YES,NO,35
BEL,2023,ETRIWH,PTFTW67T100,MINW,C_C2,MINW,YES,YES,31
BEL,2024,ETRIWH,PTFTW67T100,MINW,C_C2,MINW,YES,YES,29
BEL,2025,ETRIWH,PTFTW67T100,MINW,C_C2,MINW,YES,YES,30
FRA,2023,ETRIWH,PTFTW67T100,MINW,C_C2,MINW,YES,YES,38
FRA,2024,ETRIWH,PTFTW67T100,MINW,C_C2,MINW,YES,YES,38
FRA,2025,ETRIWH,PTFTW67T100,MINW,C_C2,MINW,YES,YES,38
DEU,2023,ETRIWH,PTFTW67T100,MINW,C_C2,MINW,YES,YES,97
DEU,2024,ETRIWH,PTFTW67T100,MINW,C_C2,MINW,YES,YES,97
DEU,2025,ETRIWH,PTFTW67T100,MINW,C_C2,MINW,YES,YES,96
NLD,2023,ETRIWH,PTFTW67T100,MINW,C_C2,MINW,YES,YES,46
NLD,2024,ETRIWH,PTFTW67T100,MINW,C_C2,MINW,YES,YES,40
POL,2023,ETRIWH,PTFTW67T100,MINW,C_C2,MINW,YES,YES,53
POL,2024,ETRIWH,PTFTW67T100,MINW,C_C2,MINW,YES,YES,58
POL,2025,ETRIWH,PTFTW67T100,MINW,C_C2,MINW,YES,YES,58
ESP,2023,ETRIWH,PTFTW67T100,MINW,C_C2,MINW,YES,YES,6
ESP,2024,ETRIWH,PTFTW67T100,MINW,C_C2,MINW,YES,YES,6
ESP,2025,ETRIWH,PTFTW67T100,MINW,C_C2,MINW,YES,YES,6
GBR,2023,ETRIWH,PTFTW67T100,MINW,C_C2,MINW,YES,YES,69
GBR,2024,ETRIWH,PTFTW67T100,MINW,C_C2,MINW,YES,YES,68
GBR,2025,ETRIWH,PTFTW67T100,MINW,C_C2,MINW,YES,YES,68
USA,2023,ETRIWH,PTFTW67T100,MINW,C_C2,MINW,YES,YES,99
USA,2024,ETRIWH,PTFTW67T100,MINW,C_C2,MINW,YES,YES,108
USA,2025,ETRIWH,PTFTW67T100,MINW,C_C2,MINW,YES,YES,107
OECD,2023,ETRIWH,PTFTW67T100,MINW,C_C2,MINW,YES,YES,45
OECD,2024,ETRIWH,PTFTW67T100,MINW,C_C2,MINW,YES,YES,47
OECD,2025,ETRIWH,PTFTW67T100,MINW,C_C2,MINW,YES,YES,44
BEL,2023,ETRIWH,PTFTW67T100,MINW,C_C2,MINW,NO,YES,31
BEL,2024,ETRIWH,PTFTW67T100,MINW,C_C2,MINW,NO,YES,29
BEL,2025,ETRIWH,PTFTW67T100,MINW,C_C2,MINW,NO,YES,30
FRA,2023,ETRIWH,PTFTW67T100,MINW,C_C2,MINW,NO,YES,38
FRA,2024,ETRIWH,PTFTW67T100,MINW,C_C2,MINW,NO,YES,38
FRA,2025,ETRIWH,PTFTW67T100,MINW,C_C2,MINW,NO,YES,38
DEU,2023,ETRIWH,PTFTW67T100,MINW,C_C2,MINW,NO,YES,72
DEU,2024,ETRIWH,PTFTW67T100,MINW,C_C2,MINW,NO,YES,71
DEU,2025,ETRIWH,PTFTW67T100,MINW,C_C2,MINW,NO,YES,71
NLD,2023,ETRIWH,PTFTW67T100,MINW,C_C2,MINW,NO,YES,46
NLD,2024,ETRIWH,PTFTW67T100,MINW,C_C2,MINW,NO,YES,40
POL,2023,ETRIWH,PTFTW67T100,MINW,C_C2,MINW,NO,YES,53
POL,2024,ETRIWH,PTFTW67T100,MINW,C_C2,MINW,NO,YES,58
POL,2025,ETRIWH,PTFTW67T100,MINW,C_C2,MINW,NO,YES,58
ESP,2023,ETRIWH,PTFTW67T100,MINW,C_C2,MINW,NO,YES,6
ESP,2024,ETRIWH,PTFTW67T100,MINW,C_C2,MINW,NO,YES,6
ESP,2025,ETRIWH,PTFTW67T100,MINW,C_C2,MINW,NO,YES,6
GBR,2023,ETRIWH,PTFTW67T100,MINW,C_C2,MINW,NO,YES,69
GBR,2024,ETRIWH,PTFTW67T100,MINW,C_C2,MINW,NO,YES,68
GBR,2025,ETRIWH,PTFTW67T100,MINW,C_C2,MINW,NO,YES,68
USA,2023,ETRIWH,PTFTW67T100,MINW,C_C2,MINW,NO,YES,46
USA,2024,ETRIWH,PTFTW67T100,MINW,C_C2,MINW,NO,YES,50
USA,2025,ETRIWH,PTFTW67T100,MINW,C_C2,MINW,NO,YES,52
OECD,2023,ETRIWH,PTFTW67T100,MINW,C_C2,MINW,NO,YES,39
OECD,2024,ETRIWH,PTFTW67T100,MINW,C_C2,MINW,NO,YES,37
OECD,2025,ETRIWH,PTFTW67T100,MINW,C_C2,MINW,NO,YES,36
BEL,2023,ETRIWH,PTFTW67T100,MINW,C_C2,MINW,NO,NO,31
BEL,2024,ETRIWH,PTFTW67T100,MINW,C_C2,MINW,NO,NO,29
BEL,2025,ETRIWH,PTFTW67T100,MINW,C_C2,MINW,NO,NO,30
FRA,2023,ETRIWH,PTFTW67T100,MINW,C_C2,MINW,NO,NO,38
FRA,2024,ETRIWH,PTFTW67T100,MINW,C_C2,MINW,NO,NO,38
FRA,2025,ETRIWH,PTFTW67T100,MINW,C_C2,MINW,NO,NO,38
DEU,2023,ETRIWH,PTFTW67T100,MINW,C_C2,MINW,NO,NO,44
DEU,2024,ETRIWH,PTFTW67T100,MINW,C_C2,MINW,NO,NO,43
DEU,2025,ETRIWH,PTFTW67T100,MINW,C_C2,MINW,NO,NO,43
NLD,2023,ETRIWH,PTFTW67T100,MINW,C_C2,MINW,NO,NO,25
NLD,2024,ETRIWH,PTFTW67T100,MINW,C_C2,MINW,NO,NO,20
POL,2023,ETRIWH,PTFTW67T100,MINW,C_C2,MINW,NO,NO,27
POL,2024,ETRIWH,PTFTW67T100,MINW,C_C2,MINW,NO,NO,32
POL,2025,ETRIWH,PTFTW67T100,MINW,C_C2,MINW,NO,NO,32
ESP,2023,ETRIWH,PTFTW67T100,MINW,C_C2,MINW,NO,NO,6
ESP,2024,ETRIWH,PTFTW67T100,MINW,C_C2,MINW,NO,NO,6
ESP,2025,ETRIWH,PTFTW67T100,MINW,C_C2,MINW,NO,NO,6
GBR,2023,ETRIWH,PTFTW67T100,MINW,C_C2,MINW,NO,NO,32
GBR,2024,ETRIWH,PTFTW67T100,MINW,C_C2,MINW,NO,NO,28
GBR,2025,ETRIWH,PTFTW67T100,MINW,C_C2,MINW,NO,NO,28
USA,2023,ETRIWH,PTFTW67T100,MINW,C_C2,MINW,NO,NO,46
USA,2024,ETRIWH,PTFTW67T100,MINW,C_C2,MINW,NO,NO,50
USA,2025,ETRIWH,PTFTW67T100,MINW,C_C2,MINW,NO,NO,52
OECD,2023,ETRIWH,PTFTW67T100,MINW,C_C2,MINW,NO,NO,29
OECD,2024,ETRIWH,PTFTW67T100,MINW,C_C2,MINW,NO,NO,30
OECD,2025,ETRIWH,PTFTW67T100,MINW,C_C2,MINW,NO,NO,30
BEL,2023,ETRIWH,PTFTW33T67,MINW,C_C2,MINW,YES,YES,33
BEL,2024,ETRIWH,PTFTW33T67,MINW,C_C2,MINW,YES,YES,21
BEL,2025,ETRIWH,PTFTW33T67,MINW,C_C2,MINW,YES,YES,32
FRA,2023,ETRIWH,PTFTW33T67,MINW,C_C2,MINW,YES,YES,41
FRA,2024,ETRIWH,PTFTW33T67,MINW,C_C2,MINW,YES,YES,41
FRA,2025,ETRIWH,PTFTW33T67,MINW,C_C2,MINW,YES,YES,41
DEU,2023,ETRIWH,PTFTW33T67,MINW,C_C2,MINW,YES,YES,80
DEU,2024,ETRIWH,PTFTW33T67,MINW,C_C2,MINW,YES,YES,70
DEU,2025,ETRIWH,PTFTW33T67,MINW,C_C2,MINW,YES,YES,74
NLD,2023,ETRIWH,PTFTW33T67,MINW,C_C2,MINW,YES,YES,31
NLD,2024,ETRIWH,PTFTW33T67,MINW,C_C2,MINW,YES,YES,36
POL,2023,ETRIWH,PTFTW33T67,MINW,C_C2,MINW,YES,YES,32
POL,2024,ETRIWH,PTFTW33T67,MINW,C_C2,MINW,YES,YES,37
POL,2025,ETRIWH,PTFTW33T67,MINW,C_C2,MINW,YES,YES,41
ESP,2023,ETRIWH,PTFTW33T67,MINW,C_C2,MINW,YES,YES,52
ESP,2024,ETRIWH,PTFTW33T67,MINW,C_C2,MINW,YES,YES,45
ESP,2025,ETRIWH,PTFTW33T67,MINW,C_C2,MINW,YES,YES,39
GBR,2023,ETRIWH,PTFTW33T67,MINW,C_C2,MINW,YES,YES,60
GBR,2024,ETRIWH,PTFTW33T67,MINW,C_C2,MINW,YES,YES,62
GBR,2025,ETRIWH,PTFTW33T67,MINW,C_C2,MINW,YES,YES,63
USA,2023,ETRIWH,PTFTW33T67,MINW,C_C2,MINW,YES,YES,72
USA,2024,ETRIWH,PTFTW33T67,MINW,C_C2,MINW,YES,YES,74
USA,2025,ETRIWH,PTFTW33T67,MINW,C_C2,MINW,YES,YES,74
OECD,2023,ETRIWH,PTFTW33T67,MINW,C_C2,MINW,YES,YES,41
OECD,2024,ETRIWH,PTFTW33T67,MINW,C_C2,MINW,YES,YES,40
OECD,2025,ETRIWH,PTFTW33T67,MINW,C_C2,MINW,YES,YES,42
BEL,2023,ETRIWH,PTFTW33T67,MINW,C_C2,MINW,YES,NO,33
BEL,2024,ETRIWH,PTFTW33T67,MINW,C_C2,MINW,YES,NO,21
BEL,2025,ETRIWH,PTFTW33T67,MINW,C_C2,MINW,YES,NO,32
FRA,2023,ETRIWH,PTFTW33T67,MINW,C_C2,MINW,YES,NO,41
FRA,2024,ETRIWH,PTFTW33T67,MINW,C_C2,MINW,YES,NO,42
FRA,2025,ETRIWH,PTFTW33T67,MINW,C_C2,MINW,YES,NO,41
DEU,2023,ETRIWH,PTFTW33T67,MINW,C_C2,MINW,YES,NO,53
DEU,2024,ETRIWH,PTFTW33T67,MINW,C_C2,MINW,YES,NO,43
DEU,2025,ETRIWH,PTFTW33T67,MINW,C_C2,MINW,YES,NO,48
NLD,2023,ETRIWH,PTFTW33T67,MINW,C_C2,MINW,YES,NO,14
NLD,2024,ETRIWH,PTFTW33T67,MINW,C_C2,MINW,YES,NO,20
POL,2023,ETRIWH,PTFTW33T67,MINW,C_C2,MINW,YES,NO,21
POL,2024,ETRIWH,PTFTW33T67,MINW,C_C2,MINW,YES,NO,27
POL,2025,ETRIWH,PTFTW33T67,MINW,C_C2,MINW,YES,NO,31
ESP,2023,ETRIWH,PTFTW33T67,MINW,C_C2,MINW,YES,NO,6
ESP,2024,ETRIWH,PTFTW33T67,MINW,C_C2,MINW,YES,NO,6
ESP,2025,ETRIWH,PTFTW33T67,MINW,C_C2,MINW,YES,NO,6
GBR,2023,ETRIWH,PTFTW33T67,MINW,C_C2,MINW,YES,NO,41
GBR,2024,ETRIWH,PTFTW33T67,MINW,C_C2,MINW,YES,NO,51
GBR,2025,ETRIWH,PTFTW33T67,MINW,C_C2,MINW,YES,NO,44
USA,2023,ETRIWH,PTFTW33T67,MINW,C_C2,MINW,YES,NO,60
USA,2024,ETRIWH,PTFTW33T67,MINW,C_C2,MINW,YES,NO,62
USA,2025,ETRIWH,PTFTW33T67,MINW,C_C2,MINW,YES,NO,62
OECD,2023,ETRIWH,PTFTW33T67,MINW,C_C2,MINW,YES,NO,32
OECD,2024,ETRIWH,PTFTW33T67,MINW,C_C2,MINW,YES,NO,32
OECD,2025,ETRIWH,PTFTW33T67,MINW,C_C2,MINW,YES,NO,35
BEL,2023,ETRIWH,PTFTW33T67,MINW,C_C2,MINW,NO,NO,33
BEL,2024,ETRIWH,PTFTW33T67,MINW,C_C2,MINW,NO,NO,21
BEL,2025,ETRIWH,PTFTW33T67,MINW,C_C2,MINW,NO,NO,32
FRA,2023,ETRIWH,PTFTW33T67,MINW,C_C2,MINW,NO,NO,41
FRA,2024,ETRIWH,PTFTW33T67,MINW,C_C2,MINW,NO,NO,42
FRA,2025,ETRIWH,PTFTW33T67,MINW,C_C2,MINW,NO,NO,41
DEU,2023,ETRIWH,PTFTW33T67,MINW,C_C2,MINW,NO,NO,41
DEU,2024,ETRIWH,PTFTW33T67,MINW,C_C2,MINW,NO,NO,41
DEU,2025,ETRIWH,PTFTW33T67,MINW,C_C2,MINW,NO,NO,42
NLD,2023,ETRIWH,PTFTW33T67,MINW,C_C2,MINW,NO,NO,14
NLD,2024,ETRIWH,PTFTW33T67,MINW,C_C2,MINW,NO,NO,20
POL,2023,ETRIWH,PTFTW33T67,MINW,C_C2,MINW,NO,NO,21
POL,2024,ETRIWH,PTFTW33T67,MINW,C_C2,MINW,NO,NO,27
POL,2025,ETRIWH,PTFTW33T67,MINW,C_C2,MINW,NO,NO,31
ESP,2023,ETRIWH,PTFTW33T67,MINW,C_C2,MINW,NO,NO,6
ESP,2024,ETRIWH,PTFTW33T67,MINW,C_C2,MINW,NO,NO,6
ESP,2025,ETRIWH,PTFTW33T67,MINW,C_C2,MINW,NO,NO,6
GBR,2023,ETRIWH,PTFTW33T67,MINW,C_C2,MINW,NO,NO,41
GBR,2024,ETRIWH,PTFTW33T67,MINW,C_C2,MINW,NO,NO,51
GBR,2025,ETRIWH,PTFTW33T67,MINW,C_C2,MINW,NO,NO,44
USA,2023,ETRIWH,PTFTW33T67,MINW,C_C2,MINW,NO,NO,36
USA,2024,ETRIWH,PTFTW33T67,MINW,C_C2,MINW,NO,NO,38
USA,2025,ETRIWH,PTFTW33T67,MINW,C_C2,MINW,NO,NO,38
OECD,2023,ETRIWH,PTFTW33T67,MINW,C_C2,MINW,NO,NO,27
OECD,2024,ETRIWH,PTFTW33T67,MINW,C_C2,MINW,NO,NO,27
OECD,2025,ETRIWH,PTFTW33T67,MINW,C_C2,MINW,NO,NO,27
BEL,2023,ETRIWH,PTFTW33T67,MINW,C_C2,MINW,NO,YES,33
BEL,2024,ETRIWH,PTFTW33T67,MINW,C_C2,MINW,NO,YES,21
BEL,2025,ETRIWH,PTFTW33T67,MINW,C_C2,MINW,NO,YES,32
FRA,2023,ETRIWH,PTFTW33T67,MINW,C_C2,MINW,NO,YES,41
FRA,2024,ETRIWH,PTFTW33T67,MINW,C_C2,MINW,NO,YES,41
FRA,2025,ETRIWH,PTFTW33T67,MINW,C_C2,MINW,NO,YES,41
DEU,2023,ETRIWH,PTFTW33T67,MINW,C_C2,MINW,NO,YES,67
DEU,2024,ETRIWH,PTFTW33T67,MINW,C_C2,MINW,NO,YES,68
DEU,2025,ETRIWH,PTFTW33T67,MINW,C_C2,MINW,NO,YES,68
NLD,2023,ETRIWH,PTFTW33T67,MINW,C_C2,MINW,NO,YES,31
NLD,2024,ETRIWH,PTFTW33T67,MINW,C_C2,MINW,NO,YES,36
POL,2023,ETRIWH,PTFTW33T67,MINW,C_C2,MINW,NO,YES,32
POL,2024,ETRIWH,PTFTW33T67,MINW,C_C2,MINW,NO,YES,37
POL,2025,ETRIWH,PTFTW33T67,MINW,C_C2,MINW,NO,YES,41
ESP,2023,ETRIWH,PTFTW33T67,MINW,C_C2,MINW,NO,YES,52
ESP,2024,ETRIWH,PTFTW33T67,MINW,C_C2,MINW,NO,YES,45
ESP,2025,ETRIWH,PTFTW33T67,MINW,C_C2,MINW,NO,YES,39
GBR,2023,ETRIWH,PTFTW33T67,MINW,C_C2,MINW,NO,YES,60
GBR,2024,ETRIWH,PTFTW33T67,MINW,C_C2,MINW,NO,YES,62
GBR,2025,ETRIWH,PTFTW33T67,MINW,C_C2,MINW,NO,YES,63
USA,2023,ETRIWH,PTFTW33T67,MINW,C_C2,MINW,NO,YES,36
USA,2024,ETRIWH,PTFTW33T67,MINW,C_C2,MINW,NO,YES,38
USA,2025,ETRIWH,PTFTW33T67,MINW,C_C2,MINW,NO,YES,38
OECD,2023,ETRIWH,PTFTW33T67,MINW,C_C2,MINW,NO,YES,35
OECD,2024,ETRIWH,PTFTW33T67,MINW,C_C2,MINW,NO,YES,34
OECD,2025,ETRIWH,PTFTW33T67,MINW,C_C2,MINW,NO,YES,34
BEL,2023,ETRIWH,PTFTW50T100,MINW,C_C2,MINW,YES,YES,30
BEL,2024,ETRIWH,PTFTW50T100,MINW,C_C2,MINW,YES,YES,27
BEL,2025,ETRIWH,PTFTW50T100,MINW,C_C2,MINW,YES,YES,28
FRA,2023,ETRIWH,PTFTW50T100,MINW,C_C2,MINW,YES,YES,36
FRA,2024,ETRIWH,PTFTW50T100,MINW,C_C2,MINW,YES,YES,36
FRA,2025,ETRIWH,PTFTW50T100,MINW,C_C2,MINW,YES,YES,36
DEU,2023,ETRIWH,PTFTW50T100,MINW,C_C2,MINW,YES,YES,94
DEU,2024,ETRIWH,PTFTW50T100,MINW,C_C2,MINW,YES,YES,90
DEU,2025,ETRIWH,PTFTW50T100,MINW,C_C2,MINW,YES,YES,92
NLD,2023,ETRIWH,PTFTW50T100,MINW,C_C2,MINW,YES,YES,43
NLD,2024,ETRIWH,PTFTW50T100,MINW,C_C2,MINW,YES,YES,41
POL,2023,ETRIWH,PTFTW50T100,MINW,C_C2,MINW,YES,YES,46
POL,2024,ETRIWH,PTFTW50T100,MINW,C_C2,MINW,YES,YES,52
POL,2025,ETRIWH,PTFTW50T100,MINW,C_C2,MINW,YES,YES,53
ESP,2023,ETRIWH,PTFTW50T100,MINW,C_C2,MINW,YES,YES,37
ESP,2024,ETRIWH,PTFTW50T100,MINW,C_C2,MINW,YES,YES,6
ESP,2025,ETRIWH,PTFTW50T100,MINW,C_C2,MINW,YES,YES,6
GBR,2023,ETRIWH,PTFTW50T100,MINW,C_C2,MINW,YES,YES,68
GBR,2024,ETRIWH,PTFTW50T100,MINW,C_C2,MINW,YES,YES,67
GBR,2025,ETRIWH,PTFTW50T100,MINW,C_C2,MINW,YES,YES,68
USA,2023,ETRIWH,PTFTW50T100,MINW,C_C2,MINW,YES,YES,90
USA,2024,ETRIWH,PTFTW50T100,MINW,C_C2,MINW,YES,YES,98
USA,2025,ETRIWH,PTFTW50T100,MINW,C_C2,MINW,YES,YES,98
OECD,2023,ETRIWH,PTFTW50T100,MINW,C_C2,MINW,YES,YES,44
OECD,2024,ETRIWH,PTFTW50T100,MINW,C_C2,MINW,YES,YES,44
OECD,2025,ETRIWH,PTFTW50T100,MINW,C_C2,MINW,YES,YES,41
BEL,2023,ETRIWH,PTFTW50T100,MINW,C_C2,MINW,YES,NO,30
BEL,2024,ETRIWH,PTFTW50T100,MINW,C_C2,MINW,YES,NO,27
BEL,2025,ETRIWH,PTFTW50T100,MINW,C_C2,MINW,YES,NO,28
FRA,2023,ETRIWH,PTFTW50T100,MINW,C_C2,MINW,YES,NO,36
FRA,2024,ETRIWH,PTFTW50T100,MINW,C_C2,MINW,YES,NO,36
FRA,2025,ETRIWH,PTFTW50T100,MINW,C_C2,MINW,YES,NO,36
DEU,2023,ETRIWH,PTFTW50T100,MINW,C_C2,MINW,YES,NO,66
DEU,2024,ETRIWH,PTFTW50T100,MINW,C_C2,MINW,YES,NO,62
DEU,2025,ETRIWH,PTFTW50T100,MINW,C_C2,MINW,YES,NO,64
NLD,2023,ETRIWH,PTFTW50T100,MINW,C_C2,MINW,YES,NO,21
NLD,2024,ETRIWH,PTFTW50T100,MINW,C_C2,MINW,YES,NO,20
POL,2023,ETRIWH,PTFTW50T100,MINW,C_C2,MINW,YES,NO,25
POL,2024,ETRIWH,PTFTW50T100,MINW,C_C2,MINW,YES,NO,32
POL,2025,ETRIWH,PTFTW50T100,MINW,C_C2,MINW,YES,NO,32
ESP,2023,ETRIWH,PTFTW50T100,MINW,C_C2,MINW,YES,NO,6
ESP,2024,ETRIWH,PTFTW50T100,MINW,C_C2,MINW,YES,NO,6
ESP,2025,ETRIWH,PTFTW50T100,MINW,C_C2,MINW,YES,NO,6
GBR,2023,ETRIWH,PTFTW50T100,MINW,C_C2,MINW,YES,NO,30
GBR,2024,ETRIWH,PTFTW50T100,MINW,C_C2,MINW,YES,NO,34
GBR,2025,ETRIWH,PTFTW50T100,MINW,C_C2,MINW,YES,NO,29
USA,2023,ETRIWH,PTFTW50T100,MINW,C_C2,MINW,YES,NO,84
USA,2024,ETRIWH,PTFTW50T100,MINW,C_C2,MINW,YES,NO,91
USA,2025,ETRIWH,PTFTW50T100,MINW,C_C2,MINW,YES,NO,91
OECD,2023,ETRIWH,PTFTW50T100,MINW,C_C2,MINW,YES,NO,32
OECD,2024,ETRIWH,PTFTW50T100,MINW,C_C2,MINW,YES,NO,34
OECD,2025,ETRIWH,PTFTW50T100,MINW,C_C2,MINW,YES,NO,34
BEL,2023,ETRIWH,PTFTW50T100,MINW,C_C2,MINW,NO,NO,30
BEL,2024,ETRIWH,PTFTW50T100,MINW,C_C2,MINW,NO,NO,27
BEL,2025,ETRIWH,PTFTW50T100,MINW,C_C2,MINW,NO,NO,28
FRA,2023,ETRIWH,PTFTW50T100,MINW,C_C2,MINW,NO,NO,36
FRA,2024,ETRIWH,PTFTW50T100,MINW,C_C2,MINW,NO,NO,36
FRA,2025,ETRIWH,PTFTW50T100,MINW,C_C2,MINW,NO,NO,36
DEU,2023,ETRIWH,PTFTW50T100,MINW,C_C2,MINW,NO,NO,44
DEU,2024,ETRIWH,PTFTW50T100,MINW,C_C2,MINW,NO,NO,43
DEU,2025,ETRIWH,PTFTW50T100,MINW,C_C2,MINW,NO,NO,44
NLD,2023,ETRIWH,PTFTW50T100,MINW,C_C2,MINW,NO,NO,21
NLD,2024,ETRIWH,PTFTW50T100,MINW,C_C2,MINW,NO,NO,20
POL,2023,ETRIWH,PTFTW50T100,MINW,C_C2,MINW,NO,NO,25
POL,2024,ETRIWH,PTFTW50T100,MINW,C_C2,MINW,NO,NO,32
POL,2025,ETRIWH,PTFTW50T100,MINW,C_C2,MINW,NO,NO,32
ESP,2023,ETRIWH,PTFTW50T100,MINW,C_C2,MINW,NO,NO,6
ESP,2024,ETRIWH,PTFTW50T100,MINW,C_C2,MINW,NO,NO,6
ESP,2025,ETRIWH,PTFTW50T100,MINW,C_C2,MINW,NO,NO,6
GBR,2023,ETRIWH,PTFTW50T100,MINW,C_C2,MINW,NO,NO,30
GBR,2024,ETRIWH,PTFTW50T100,MINW,C_C2,MINW,NO,NO,34
GBR,2025,ETRIWH,PTFTW50T100,MINW,C_C2,MINW,NO,NO,29
USA,2023,ETRIWH,PTFTW50T100,MINW,C_C2,MINW,NO,NO,42
USA,2024,ETRIWH,PTFTW50T100,MINW,C_C2,MINW,NO,NO,47
USA,2025,ETRIWH,PTFTW50T100,MINW,C_C2,MINW,NO,NO,49
OECD,2023,ETRIWH,PTFTW50T100,MINW,C_C2,MINW,NO,NO,28
OECD,2024,ETRIWH,PTFTW50T100,MINW,C_C2,MINW,NO,NO,30
OECD,2025,ETRIWH,PTFTW50T100,MINW,C_C2,MINW,NO,NO,29
BEL,2023,ETRIWH,PTFTW50T100,MINW,C_C2,MINW,NO,YES,30
BEL,2024,ETRIWH,PTFTW50T100,MINW,C_C2,MINW,NO,YES,27
BEL,2025,ETRIWH,PTFTW50T100,MINW,C_C2,MINW,NO,YES,28
FRA,2023,ETRIWH,PTFTW50T100,MINW,C_C2,MINW,NO,YES,36
FRA,2024,ETRIWH,PTFTW50T100,MINW,C_C2,MINW,NO,YES,36
FRA,2025,ETRIWH,PTFTW50T100,MINW,C_C2,MINW,NO,YES,36
DEU,2023,ETRIWH,PTFTW50T100,MINW,C_C2,MINW,NO,YES,71
DEU,2024,ETRIWH,PTFTW50T100,MINW,C_C2,MINW,NO,YES,71
DEU,2025,ETRIWH,PTFTW50T100,MINW,C_C2,MINW,NO,YES,71
NLD,2023,ETRIWH,PTFTW50T100,MINW,C_C2,MINW,NO,YES,43
NLD,2024,ETRIWH,PTFTW50T100,MINW,C_C2,MINW,NO,YES,41
POL,2023,ETRIWH,PTFTW50T100,MINW,C_C2,MINW,NO,YES,46
POL,2024,ETRIWH,PTFTW50T100,MINW,C_C2,MINW,NO,YES,52
POL,2025,ETRIWH,PTFTW50T100,MINW,C_C2,MINW,NO,YES,53
ESP,2023,ETRIWH,PTFTW50T100,MINW,C_C2,MINW,NO,YES,37
ESP,2024,ETRIWH,PTFTW50T100,MINW,C_C2,MINW,NO,YES,6
ESP,2025,ETRIWH,PTFTW50T100,MINW,C_C2,MINW,NO,YES,6
GBR,2023,ETRIWH,PTFTW50T100,MINW,C_C2,MINW,NO,YES,68
GBR,2024,ETRIWH,PTFTW50T100,MINW,C_C2,MINW,NO,YES,67
GBR,2025,ETRIWH,PTFTW50T100,MINW,C_C2,MINW,NO,YES,68
USA,2023,ETRIWH,PTFTW50T100,MINW,C_C2,MINW,NO,YES,42
USA,2024,ETRIWH,PTFTW50T100,MINW,C_C2,MINW,NO,YES,47
USA,2025,ETRIWH,PTFTW50T100,MINW,C_C2,MINW,NO,YES,49
OECD,2023,ETRIWH,PTFTW50T100,MINW,C_C2,MINW,NO,YES,39
OECD,2024,ETRIWH,PTFTW50T100,MINW,C_C2,MINW,NO,YES,37
OECD,2025,ETRIWH,PTFTW50T100,MINW,C_C2,MINW,NO,YES,34
BEL,2023,ETRIWH,PTFTW50T66,MINW,C_C2,MINW,YES,NO,28
BEL,2024,ETRIWH,PTFTW50T66,MINW,C_C2,MINW,YES,NO,23
BEL,2025,ETRIWH,PTFTW50T66,MINW,C_C2,MINW,YES,NO,24
FRA,2023,ETRIWH,PTFTW50T66,MINW,C_C2,MINW,YES,NO,32
FRA,2024,ETRIWH,PTFTW50T66,MINW,C_C2,MINW,YES,NO,32
FRA,2025,ETRIWH,PTFTW50T66,MINW,C_C2,MINW,YES,NO,32
DEU,2023,ETRIWH,PTFTW50T66,MINW,C_C2,MINW,YES,NO,62
DEU,2024,ETRIWH,PTFTW50T66,MINW,C_C2,MINW,YES,NO,49
DEU,2025,ETRIWH,PTFTW50T66,MINW,C_C2,MINW,YES,NO,56
NLD,2023,ETRIWH,PTFTW50T66,MINW,C_C2,MINW,YES,NO,15
NLD,2024,ETRIWH,PTFTW50T66,MINW,C_C2,MINW,YES,NO,21
POL,2023,ETRIWH,PTFTW50T66,MINW,C_C2,MINW,YES,NO,21
POL,2024,ETRIWH,PTFTW50T66,MINW,C_C2,MINW,YES,NO,32
POL,2025,ETRIWH,PTFTW50T66,MINW,C_C2,MINW,YES,NO,32
ESP,2023,ETRIWH,PTFTW50T66,MINW,C_C2,MINW,YES,NO,6
ESP,2024,ETRIWH,PTFTW50T66,MINW,C_C2,MINW,YES,NO,6
ESP,2025,ETRIWH,PTFTW50T66,MINW,C_C2,MINW,YES,NO,6
GBR,2023,ETRIWH,PTFTW50T66,MINW,C_C2,MINW,YES,NO,26
GBR,2024,ETRIWH,PTFTW50T66,MINW,C_C2,MINW,YES,NO,46
GBR,2025,ETRIWH,PTFTW50T66,MINW,C_C2,MINW,YES,NO,31
USA,2023,ETRIWH,PTFTW50T66,MINW,C_C2,MINW,YES,NO,60
USA,2024,ETRIWH,PTFTW50T66,MINW,C_C2,MINW,YES,NO,66
USA,2025,ETRIWH,PTFTW50T66,MINW,C_C2,MINW,YES,NO,68
OECD,2023,ETRIWH,PTFTW50T66,MINW,C_C2,MINW,YES,NO,32
OECD,2024,ETRIWH,PTFTW50T66,MINW,C_C2,MINW,YES,NO,34
OECD,2025,ETRIWH,PTFTW50T66,MINW,C_C2,MINW,YES,NO,32
BEL,2023,ETRIWH,PTFTW50T66,MINW,C_C2,MINW,NO,NO,28
BEL,2024,ETRIWH,PTFTW50T66,MINW,C_C2,MINW,NO,NO,23
BEL,2025,ETRIWH,PTFTW50T66,MINW,C_C2,MINW,NO,NO,24
FRA,2023,ETRIWH,PTFTW50T66,MINW,C_C2,MINW,NO,NO,32
FRA,2024,ETRIWH,PTFTW50T66,MINW,C_C2,MINW,NO,NO,32
FRA,2025,ETRIWH,PTFTW50T66,MINW,C_C2,MINW,NO,NO,32
DEU,2023,ETRIWH,PTFTW50T66,MINW,C_C2,MINW,NO,NO,43
DEU,2024,ETRIWH,PTFTW50T66,MINW,C_C2,MINW,NO,NO,44
DEU,2025,ETRIWH,PTFTW50T66,MINW,C_C2,MINW,NO,NO,44
NLD,2023,ETRIWH,PTFTW50T66,MINW,C_C2,MINW,NO,NO,15
NLD,2024,ETRIWH,PTFTW50T66,MINW,C_C2,MINW,NO,NO,21
POL,2023,ETRIWH,PTFTW50T66,MINW,C_C2,MINW,NO,NO,21
POL,2024,ETRIWH,PTFTW50T66,MINW,C_C2,MINW,NO,NO,32
POL,2025,ETRIWH,PTFTW50T66,MINW,C_C2,MINW,NO,NO,32
ESP,2023,ETRIWH,PTFTW50T66,MINW,C_C2,MINW,NO,NO,6
ESP,2024,ETRIWH,PTFTW50T66,MINW,C_C2,MINW,NO,NO,6
ESP,2025,ETRIWH,PTFTW50T66,MINW,C_C2,MINW,NO,NO,6
GBR,2023,ETRIWH,PTFTW50T66,MINW,C_C2,MINW,NO,NO,26
GBR,2024,ETRIWH,PTFTW50T66,MINW,C_C2,MINW,NO,NO,46
GBR,2025,ETRIWH,PTFTW50T66,MINW,C_C2,MINW,NO,NO,31
USA,2023,ETRIWH,PTFTW50T66,MINW,C_C2,MINW,NO,NO,36
USA,2024,ETRIWH,PTFTW50T66,MINW,C_C2,MINW,NO,NO,42
USA,2025,ETRIWH,PTFTW50T66,MINW,C_C2,MINW,NO,NO,44
OECD,2023,ETRIWH,PTFTW50T66,MINW,C_C2,MINW,NO,NO,26
OECD,2024,ETRIWH,PTFTW50T66,MINW,C_C2,MINW,NO,NO,30
OECD,2025,ETRIWH,PTFTW50T66,MINW,C_C2,MINW,NO,NO,26
BEL,2023,ETRIWH,PTFTW50T66,MINW,C_C2,MINW,NO,YES,28
BEL,2024,ETRIWH,PTFTW50T66,MINW,C_C2,MINW,NO,YES,23
BEL,2025,ETRIWH,PTFTW50T66,MINW,C_C2,MINW,NO,YES,24
FRA,2023,ETRIWH,PTFTW50T66,MINW,C_C2,MINW,NO,YES,32
FRA,2024,ETRIWH,PTFTW50T66,MINW,C_C2,MINW,NO,YES,32
FRA,2025,ETRIWH,PTFTW50T66,MINW,C_C2,MINW,NO,YES,32
DEU,2023,ETRIWH,PTFTW50T66,MINW,C_C2,MINW,NO,YES,70
DEU,2024,ETRIWH,PTFTW50T66,MINW,C_C2,MINW,NO,YES,72
DEU,2025,ETRIWH,PTFTW50T66,MINW,C_C2,MINW,NO,YES,70
NLD,2023,ETRIWH,PTFTW50T66,MINW,C_C2,MINW,NO,YES,37
NLD,2024,ETRIWH,PTFTW50T66,MINW,C_C2,MINW,NO,YES,41
POL,2023,ETRIWH,PTFTW50T66,MINW,C_C2,MINW,NO,YES,32
POL,2024,ETRIWH,PTFTW50T66,MINW,C_C2,MINW,NO,YES,42
POL,2025,ETRIWH,PTFTW50T66,MINW,C_C2,MINW,NO,YES,42
ESP,2023,ETRIWH,PTFTW50T66,MINW,C_C2,MINW,NO,YES,97
ESP,2024,ETRIWH,PTFTW50T66,MINW,C_C2,MINW,NO,YES,6
ESP,2025,ETRIWH,PTFTW50T66,MINW,C_C2,MINW,NO,YES,6
GBR,2023,ETRIWH,PTFTW50T66,MINW,C_C2,MINW,NO,YES,66
GBR,2024,ETRIWH,PTFTW50T66,MINW,C_C2,MINW,NO,YES,67
GBR,2025,ETRIWH,PTFTW50T66,MINW,C_C2,MINW,NO,YES,68
USA,2023,ETRIWH,PTFTW50T66,MINW,C_C2,MINW,NO,YES,36
USA,2024,ETRIWH,PTFTW50T66,MINW,C_C2,MINW,NO,YES,42
USA,2025,ETRIWH,PTFTW50T66,MINW,C_C2,MINW,NO,YES,44
OECD,2023,ETRIWH,PTFTW50T66,MINW,C_C2,MINW,NO,YES,39
OECD,2024,ETRIWH,PTFTW50T66,MINW,C_C2,MINW,NO,YES,37
OECD,2025,ETRIWH,PTFTW50T66,MINW,C_C2,MINW,NO,YES,29
BEL,2023,ETRIWH,PTFTW50T66,MINW,C_C2,MINW,YES,YES,28
BEL,2024,ETRIWH,PTFTW50T66,MINW,C_C2,MINW,YES,YES,23
BEL,2025,ETRIWH,PTFTW50T66,MINW,C_C2,MINW,YES,YES,24
FRA,2023,ETRIWH,PTFTW50T66,MINW,C_C2,MINW,YES,YES,32
FRA,2024,ETRIWH,PTFTW50T66,MINW,C_C2,MINW,YES,YES,32
FRA,2025,ETRIWH,PTFTW50T66,MINW,C_C2,MINW,YES,YES,32
DEU,2023,ETRIWH,PTFTW50T66,MINW,C_C2,MINW,YES,YES,89
DEU,2024,ETRIWH,PTFTW50T66,MINW,C_C2,MINW,YES,YES,76
DEU,2025,ETRIWH,PTFTW50T66,MINW,C_C2,MINW,YES,YES,83
NLD,2023,ETRIWH,PTFTW50T66,MINW,C_C2,MINW,YES,YES,37
NLD,2024,ETRIWH,PTFTW50T66,MINW,C_C2,MINW,YES,YES,41
POL,2023,ETRIWH,PTFTW50T66,MINW,C_C2,MINW,YES,YES,32
POL,2024,ETRIWH,PTFTW50T66,MINW,C_C2,MINW,YES,YES,42
POL,2025,ETRIWH,PTFTW50T66,MINW,C_C2,MINW,YES,YES,42
ESP,2023,ETRIWH,PTFTW50T66,MINW,C_C2,MINW,YES,YES,97
ESP,2024,ETRIWH,PTFTW50T66,MINW,C_C2,MINW,YES,YES,6
ESP,2025,ETRIWH,PTFTW50T66,MINW,C_C2,MINW,YES,YES,6
GBR,2023,ETRIWH,PTFTW50T66,MINW,C_C2,MINW,YES,YES,66
GBR,2024,ETRIWH,PTFTW50T66,MINW,C_C2,MINW,YES,YES,67
GBR,2025,ETRIWH,PTFTW50T66,MINW,C_C2,MINW,YES,YES,68
USA,2023,ETRIWH,PTFTW50T66,MINW,C_C2,MINW,YES,YES,73
USA,2024,ETRIWH,PTFTW50T66,MINW,C_C2,MINW,YES,YES,78
USA,2025,ETRIWH,PTFTW50T66,MINW,C_C2,MINW,YES,YES,80
OECD,2023,ETRIWH,PTFTW50T66,MINW,C_C2,MINW,YES,YES,43
OECD,2024,ETRIWH,PTFTW50T66,MINW,C_C2,MINW,YES,YES,40
OECD,2025,ETRIWH,PTFTW50T66,MINW,C_C2,MINW,YES,YES,36
GBR,2024,ETRIWH,PTFTW67T100,AW100,C_C2,MINW,YES,YES,31
GBR,2024,ETRIWH,PTFTW67T100,AW100,C_C2,MINW,NO,YES,31
GBR,2025,ETRIWH,PTFTW67T100,AW100,C_C2,MINW,NO,YES,31
GBR,2025,ETRIWH,PTFTW67T100,AW100,C_C2,MINW,YES,NO,31
GBR,2025,ETRIWH,PTFTW67T100,AW100,C_C2,MINW,YES,YES,31
GBR,2025,ETRIWH,PTFTW67T100,AW100,C_C2,MINW,NO,NO,31
BEL,2023,ETRIWH,PTFTW67T100,AW100,C_C2,MINW,NO,NO,59
BEL,2023,ETRIWH,PTFTW67T100,AW100,C_C2,MINW,YES,NO,59
BEL,2024,ETRIWH,PTFTW67T100,AW100,C_C2,MINW,YES,NO,58
BEL,2024,ETRIWH,PTFTW67T100,AW100,C_C2,MINW,NO,NO,58
BEL,2025,ETRIWH,PTFTW67T100,AW100,C_C2,MINW,NO,NO,57
BEL,2025,ETRIWH,PTFTW67T100,AW100,C_C2,MINW,YES,NO,57
FRA,2023,ETRIWH,PTFTW67T100,AW100,C_C2,MINW,NO,NO,41
FRA,2023,ETRIWH,PTFTW67T100,AW100,C_C2,MINW,YES,NO,41
FRA,2024,ETRIWH,PTFTW67T100,AW100,C_C2,MINW,YES,NO,38
FRA,2024,ETRIWH,PTFTW67T100,AW100,C_C2,MINW,NO,NO,38
FRA,2025,ETRIWH,PTFTW67T100,AW100,C_C2,MINW,NO,NO,41
FRA,2025,ETRIWH,PTFTW67T100,AW100,C_C2,MINW,YES,NO,41
DEU,2023,ETRIWH,PTFTW67T100,AW100,C_C2,MINW,NO,NO,44
DEU,2023,ETRIWH,PTFTW67T100,AW100,C_C2,MINW,YES,NO,44
DEU,2024,ETRIWH,PTFTW67T100,AW100,C_C2,MINW,YES,NO,46
DEU,2024,ETRIWH,PTFTW67T100,AW100,C_C2,MINW,NO,NO,43
DEU,2025,ETRIWH,PTFTW67T100,AW100,C_C2,MINW,NO,NO,44
DEU,2025,ETRIWH,PTFTW67T100,AW100,C_C2,MINW,YES,NO,44
NLD,2023,ETRIWH,PTFTW67T100,AW100,C_C2,MINW,NO,NO,60
NLD,2023,ETRIWH,PTFTW67T100,AW100,C_C2,MINW,YES,NO,60
NLD,2024,ETRIWH,PTFTW67T100,AW100,C_C2,MINW,YES,NO,60
NLD,2024,ETRIWH,PTFTW67T100,AW100,C_C2,MINW,NO,NO,60
ESP,2023,ETRIWH,PTFTW67T100,AW100,C_C2,MINW,YES,NO,34
ESP,2023,ETRIWH,PTFTW67T100,AW100,C_C2,MINW,NO,NO,34
GBR,2024,ETRIWH,PTFTW67T100,AW100,C_C2,MINW,NO,NO,29
GBR,2024,ETRIWH,PTFTW67T100,AW100,C_C2,MINW,YES,NO,29
USA,2023,ETRIWH,PTFTW67T100,AW100,C_C2,MINW,NO,NO,26
USA,2023,ETRIWH,PTFTW67T100,AW100,C_C2,MINW,YES,NO,26
USA,2024,ETRIWH,PTFTW67T100,AW100,C_C2,MINW,YES,NO,26
USA,2024,ETRIWH,PTFTW67T100,AW100,C_C2,MINW,NO,NO,26
USA,2025,ETRIWH,PTFTW67T100,AW100,C_C2,MINW,NO,NO,26
USA,2025,ETRIWH,PTFTW67T100,AW100,C_C2,MINW,YES,NO,26
OECD,2023,ETRIWH,PTFTW67T100,AW100,C_C2,MINW,NO,NO,39
OECD,2023,ETRIWH,PTFTW67T100,AW100,C_C2,MINW,YES,NO,39
OECD,2024,ETRIWH,PTFTW67T100,AW100,C_C2,MINW,YES,NO,39
OECD,2024,ETRIWH,PTFTW67T100,AW100,C_C2,MINW,NO,NO,39
OECD,2025,ETRIWH,PTFTW67T100,AW100,C_C2,MINW,NO,NO,37
OECD,2025,ETRIWH,PTFTW67T100,AW100,C_C2,MINW,YES,NO,37
BEL,2023,ETRIWH,PTFTW67T100,AW100,C_C2,MINW,NO,YES,59
BEL,2024,ETRIWH,PTFTW67T100,AW100,C_C2,MINW,NO,YES,58
BEL,2025,ETRIWH,PTFTW67T100,AW100,C_C2,MINW,NO,YES,57
FRA,2023,ETRIWH,PTFTW67T100,AW100,C_C2,MINW,NO,YES,41
FRA,2024,ETRIWH,PTFTW67T100,AW100,C_C2,MINW,NO,YES,38
FRA,2025,ETRIWH,PTFTW67T100,AW100,C_C2,MINW,NO,YES,41
DEU,2023,ETRIWH,PTFTW67T100,AW100,C_C2,MINW,NO,YES,44
DEU,2024,ETRIWH,PTFTW67T100,AW100,C_C2,MINW,NO,YES,43
DEU,2025,ETRIWH,PTFTW67T100,AW100,C_C2,MINW,NO,YES,44
NLD,2023,ETRIWH,PTFTW67T100,AW100,C_C2,MINW,NO,YES,60
NLD,2024,ETRIWH,PTFTW67T100,AW100,C_C2,MINW,NO,YES,60
ESP,2023,ETRIWH,PTFTW67T100,AW100,C_C2,MINW,NO,YES,34
USA,2023,ETRIWH,PTFTW67T100,AW100,C_C2,MINW,NO,YES,26
USA,2024,ETRIWH,PTFTW67T100,AW100,C_C2,MINW,NO,YES,26
USA,2025,ETRIWH,PTFTW67T100,AW100,C_C2,MINW,NO,YES,26
OECD,2023,ETRIWH,PTFTW67T100,AW100,C_C2,MINW,NO,YES,42
OECD,2024,ETRIWH,PTFTW67T100,AW100,C_C2,MINW,NO,YES,40
OECD,2025,ETRIWH,PTFTW67T100,AW100,C_C2,MINW,NO,YES,40
BEL,2023,ETRIWH,PTFTW67T100,AW100,C_C2,MINW,YES,YES,59
BEL,2024,ETRIWH,PTFTW67T100,AW100,C_C2,MINW,YES,YES,58
BEL,2025,ETRIWH,PTFTW67T100,AW100,C_C2,MINW,YES,YES,57
FRA,2023,ETRIWH,PTFTW67T100,AW100,C_C2,MINW,YES,YES,41
FRA,2024,ETRIWH,PTFTW67T100,AW100,C_C2,MINW,YES,YES,38
FRA,2025,ETRIWH,PTFTW67T100,AW100,C_C2,MINW,YES,YES,41
DEU,2023,ETRIWH,PTFTW67T100,AW100,C_C2,MINW,YES,YES,44
DEU,2024,ETRIWH,PTFTW67T100,AW100,C_C2,MINW,YES,YES,46
DEU,2025,ETRIWH,PTFTW67T100,AW100,C_C2,MINW,YES,YES,44
NLD,2023,ETRIWH,PTFTW67T100,AW100,C_C2,MINW,YES,YES,60
NLD,2024,ETRIWH,PTFTW67T100,AW100,C_C2,MINW,YES,YES,60
ESP,2023,ETRIWH,PTFTW67T100,AW100,C_C2,MINW,YES,YES,34
USA,2023,ETRIWH,PTFTW67T100,AW100,C_C2,MINW,YES,YES,26
USA,2024,ETRIWH,PTFTW67T100,AW100,C_C2,MINW,YES,YES,26
USA,2025,ETRIWH,PTFTW67T100,AW100,C_C2,MINW,YES,YES,26
OECD,2023,ETRIWH,PTFTW67T100,AW100,C_C2,MINW,YES,YES,42
OECD,2024,ETRIWH,PTFTW67T100,AW100,C_C2,MINW,YES,YES,40
OECD,2025,ETRIWH,PTFTW67T100,AW100,C_C2,MINW,YES,YES,40
BEL,2023,ETRIWH,PTFTW50T100,AW100,C_C2,MINW,YES,YES,63
BEL,2024,ETRIWH,PTFTW50T100,AW100,C_C2,MINW,YES,YES,63
BEL,2025,ETRIWH,PTFTW50T100,AW100,C_C2,MINW,YES,YES,64
FRA,2023,ETRIWH,PTFTW50T100,AW100,C_C2,MINW,YES,YES,44
FRA,2024,ETRIWH,PTFTW50T100,AW100,C_C2,MINW,YES,YES,43
FRA,2025,ETRIWH,PTFTW50T100,AW100,C_C2,MINW,YES,YES,45
DEU,2023,ETRIWH,PTFTW50T100,AW100,C_C2,MINW,YES,YES,54
DEU,2024,ETRIWH,PTFTW50T100,AW100,C_C2,MINW,YES,YES,56
DEU,2025,ETRIWH,PTFTW50T100,AW100,C_C2,MINW,YES,YES,55
NLD,2023,ETRIWH,PTFTW50T100,AW100,C_C2,MINW,YES,YES,58
NLD,2024,ETRIWH,PTFTW50T100,AW100,C_C2,MINW,YES,YES,60
POL,2023,ETRIWH,PTFTW50T100,AW100,C_C2,MINW,YES,YES,37
POL,2024,ETRIWH,PTFTW50T100,AW100,C_C2,MINW,YES,YES,36
POL,2025,ETRIWH,PTFTW50T100,AW100,C_C2,MINW,YES,YES,36
ESP,2025,ETRIWH,PTFTW50T100,AW100,C_C2,MINW,YES,YES,36
GBR,2023,ETRIWH,PTFTW50T100,AW100,C_C2,MINW,YES,YES,45
GBR,2024,ETRIWH,PTFTW50T100,AW100,C_C2,MINW,YES,YES,43
GBR,2025,ETRIWH,PTFTW50T100,AW100,C_C2,MINW,YES,YES,43
USA,2023,ETRIWH,PTFTW50T100,AW100,C_C2,MINW,YES,YES,29
OECD,2023,ETRIWH,PTFTW50T100,AW100,C_C2,MINW,YES,YES,42
OECD,2024,ETRIWH,PTFTW50T100,AW100,C_C2,MINW,YES,YES,42
OECD,2025,ETRIWH,PTFTW50T100,AW100,C_C2,MINW,YES,YES,41
BEL,2023,ETRIWH,PTFTW50T100,AW100,C_C2,MINW,NO,YES,63
BEL,2024,ETRIWH,PTFTW50T100,AW100,C_C2,MINW,NO,YES,63
BEL,2025,ETRIWH,PTFTW50T100,AW100,C_C2,MINW,NO,YES,64
FRA,2023,ETRIWH,PTFTW50T100,AW100,C_C2,MINW,NO,YES,44
FRA,2024,ETRIWH,PTFTW50T100,AW100,C_C2,MINW,NO,YES,43
FRA,2025,ETRIWH,PTFTW50T100,AW100,C_C2,MINW,NO,YES,45
DEU,2023,ETRIWH,PTFTW50T100,AW100,C_C2,MINW,NO,YES,49
DEU,2024,ETRIWH,PTFTW50T100,AW100,C_C2,MINW,NO,YES,46
DEU,2025,ETRIWH,PTFTW50T100,AW100,C_C2,MINW,NO,YES,47
NLD,2023,ETRIWH,PTFTW50T100,AW100,C_C2,MINW,NO,YES,58
NLD,2024,ETRIWH,PTFTW50T100,AW100,C_C2,MINW,NO,YES,60
POL,2023,ETRIWH,PTFTW50T100,AW100,C_C2,MINW,NO,YES,37
POL,2024,ETRIWH,PTFTW50T100,AW100,C_C2,MINW,NO,YES,36
POL,2025,ETRIWH,PTFTW50T100,AW100,C_C2,MINW,NO,YES,36
ESP,2025,ETRIWH,PTFTW50T100,AW100,C_C2,MINW,NO,YES,36
GBR,2023,ETRIWH,PTFTW50T100,AW100,C_C2,MINW,NO,YES,45
GBR,2024,ETRIWH,PTFTW50T100,AW100,C_C2,MINW,NO,YES,43
GBR,2025,ETRIWH,PTFTW50T100,AW100,C_C2,MINW,NO,YES,43
USA,2023,ETRIWH,PTFTW50T100,AW100,C_C2,MINW,NO,YES,29
OECD,2023,ETRIWH,PTFTW50T100,AW100,C_C2,MINW,NO,YES,42
OECD,2024,ETRIWH,PTFTW50T100,AW100,C_C2,MINW,NO,YES,41
OECD,2025,ETRIWH,PTFTW50T100,AW100,C_C2,MINW,NO,YES,40
BEL,2023,ETRIWH,PTFTW50T100,AW100,C_C2,MINW,NO,NO,63
BEL,2023,ETRIWH,PTFTW50T100,AW100,C_C2,MINW,YES,NO,63
BEL,2024,ETRIWH,PTFTW50T100,AW100,C_C2,MINW,YES,NO,63
BEL,2024,ETRIWH,PTFTW50T100,AW100,C_C2,MINW,NO,NO,63
BEL,2025,ETRIWH,PTFTW50T100,AW100,C_C2,MINW,NO,NO,64
BEL,2025,ETRIWH,PTFTW50T100,AW100,C_C2,MINW,YES,NO,64
FRA,2023,ETRIWH,PTFTW50T100,AW100,C_C2,MINW,YES,NO,44
FRA,2023,ETRIWH,PTFTW50T100,AW100,C_C2,MINW,NO,NO,44
FRA,2024,ETRIWH,PTFTW50T100,AW100,C_C2,MINW,NO,NO,43
FRA,2024,ETRIWH,PTFTW50T100,AW100,C_C2,MINW,YES,NO,43
FRA,2025,ETRIWH,PTFTW50T100,AW100,C_C2,MINW,YES,NO,45
FRA,2025,ETRIWH,PTFTW50T100,AW100,C_C2,MINW,NO,NO,45
DEU,2023,ETRIWH,PTFTW50T100,AW100,C_C2,MINW,NO,NO,43
DEU,2023,ETRIWH,PTFTW50T100,AW100,C_C2,MINW,YES,NO,49
DEU,2024,ETRIWH,PTFTW50T100,AW100,C_C2,MINW,YES,NO,53
DEU,2024,ETRIWH,PTFTW50T100,AW100,C_C2,MINW,NO,NO,43
DEU,2025,ETRIWH,PTFTW50T100,AW100,C_C2,MINW,NO,NO,44
DEU,2025,ETRIWH,PTFTW50T100,AW100,C_C2,MINW,YES,NO,52
NLD,2023,ETRIWH,PTFTW50T100,AW100,C_C2,MINW,YES,NO,57
NLD,2023,ETRIWH,PTFTW50T100,AW100,C_C2,MINW,NO,NO,57
NLD,2024,ETRIWH,PTFTW50T100,AW100,C_C2,MINW,NO,NO,58
NLD,2024,ETRIWH,PTFTW50T100,AW100,C_C2,MINW,YES,NO,58
ESP,2025,ETRIWH,PTFTW50T100,AW100,C_C2,MINW,YES,NO,36
ESP,2025,ETRIWH,PTFTW50T100,AW100,C_C2,MINW,NO,NO,36
GBR,2024,ETRIWH,PTFTW50T100,AW100,C_C2,MINW,NO,NO,29
GBR,2024,ETRIWH,PTFTW50T100,AW100,C_C2,MINW,YES,NO,29
USA,2023,ETRIWH,PTFTW50T100,AW100,C_C2,MINW,YES,NO,29
USA,2023,ETRIWH,PTFTW50T100,AW100,C_C2,MINW,NO,NO,29
OECD,2023,ETRIWH,PTFTW50T100,AW100,C_C2,MINW,NO,NO,38
OECD,2023,ETRIWH,PTFTW50T100,AW100,C_C2,MINW,YES,NO,39
OECD,2024,ETRIWH,PTFTW50T100,AW100,C_C2,MINW,YES,NO,38
OECD,2024,ETRIWH,PTFTW50T100,AW100,C_C2,MINW,NO,NO,38
OECD,2025,ETRIWH,PTFTW50T100,AW100,C_C2,MINW,NO,NO,37
OECD,2025,ETRIWH,PTFTW50T100,AW100,C_C2,MINW,YES,NO,37
ESP,2023,ETRIWH,PTFTW50T100,AW100,C_C2,MINW,YES,NO,35
ESP,2023,ETRIWH,PTFTW50T100,AW100,C_C2,MINW,NO,YES,35
ESP,2023,ETRIWH,PTFTW50T100,AW100,C_C2,MINW,YES,YES,35
ESP,2023,ETRIWH,PTFTW50T100,AW100,C_C2,MINW,NO,NO,35
ESP,2024,ETRIWH,PTFTW50T100,AW100,C_C2,MINW,NO,NO,35
ESP,2024,ETRIWH,PTFTW50T100,AW100,C_C2,MINW,YES,YES,35
ESP,2024,ETRIWH,PTFTW50T100,AW100,C_C2,MINW,NO,YES,35
ESP,2024,ETRIWH,PTFTW50T100,AW100,C_C2,MINW,YES,NO,35
GBR,2025,ETRIWH,PTFTW50T100,AW100,C_C2,MINW,YES,NO,30
GBR,2025,ETRIWH,PTFTW50T100,AW100,C_C2,MINW,NO,NO,30
USA,2024,ETRIWH,PTFTW50T100,AW100,C_C2,MINW,YES,YES,31
USA,2024,ETRIWH,PTFTW50T100,AW100,C_C2,MINW,NO,YES,31
USA,2024,ETRIWH,PTFTW50T100,AW100,C_C2,MINW,NO,NO,31
USA,2024,ETRIWH,PTFTW50T100,AW100,C_C2,MINW,YES,NO,31
USA,2025,ETRIWH,PTFTW50T100,AW100,C_C2,MINW,YES,NO,31
USA,2025,ETRIWH,PTFTW50T100,AW100,C_C2,MINW,NO,NO,31
USA,2025,ETRIWH,PTFTW50T100,AW100,C_C2,MINW,NO,YES,31
USA,2025,ETRIWH,PTFTW50T100,AW100,C_C2,MINW,YES,YES,31
BEL,2023,ETRIWH,PTFTW33T67,AW100,C_C2,MINW,NO,NO,62
BEL,2024,ETRIWH,PTFTW33T67,AW100,C_C2,MINW,NO,NO,62
BEL,2025,ETRIWH,PTFTW33T67,AW100,C_C2,MINW,NO,NO,64
FRA,2023,ETRIWH,PTFTW33T67,AW100,C_C2,MINW,NO,NO,46
FRA,2024,ETRIWH,PTFTW33T67,AW100,C_C2,MINW,NO,NO,46
FRA,2025,ETRIWH,PTFTW33T67,AW100,C_C2,MINW,NO,NO,46
DEU,2023,ETRIWH,PTFTW33T67,AW100,C_C2,MINW,NO,NO,42
DEU,2024,ETRIWH,PTFTW33T67,AW100,C_C2,MINW,NO,NO,42
DEU,2025,ETRIWH,PTFTW33T67,AW100,C_C2,MINW,NO,NO,42
NLD,2023,ETRIWH,PTFTW33T67,AW100,C_C2,MINW,NO,NO,46
NLD,2024,ETRIWH,PTFTW33T67,AW100,C_C2,MINW,NO,NO,45
POL,2023,ETRIWH,PTFTW33T67,AW100,C_C2,MINW,NO,NO,30
ESP,2023,ETRIWH,PTFTW33T67,AW100,C_C2,MINW,NO,NO,21
ESP,2024,ETRIWH,PTFTW33T67,AW100,C_C2,MINW,NO,NO,24
ESP,2025,ETRIWH,PTFTW33T67,AW100,C_C2,MINW,NO,NO,26
GBR,2024,ETRIWH,PTFTW33T67,AW100,C_C2,MINW,NO,NO,28
GBR,2025,ETRIWH,PTFTW33T67,AW100,C_C2,MINW,NO,NO,28
USA,2023,ETRIWH,PTFTW33T67,AW100,C_C2,MINW,NO,NO,41
USA,2024,ETRIWH,PTFTW33T67,AW100,C_C2,MINW,NO,NO,46
USA,2025,ETRIWH,PTFTW33T67,AW100,C_C2,MINW,NO,NO,46
OECD,2023,ETRIWH,PTFTW33T67,AW100,C_C2,MINW,NO,NO,34
OECD,2024,ETRIWH,PTFTW33T67,AW100,C_C2,MINW,NO,NO,35
OECD,2025,ETRIWH,PTFTW33T67,AW100,C_C2,MINW,NO,NO,34
BEL,2023,ETRIWH,PTFTW33T67,AW100,C_C2,MINW,YES,NO,62
BEL,2024,ETRIWH,PTFTW33T67,AW100,C_C2,MINW,YES,NO,62
BEL,2025,ETRIWH,PTFTW33T67,AW100,C_C2,MINW,YES,NO,64
FRA,2023,ETRIWH,PTFTW33T67,AW100,C_C2,MINW,YES,NO,46
FRA,2024,ETRIWH,PTFTW33T67,AW100,C_C2,MINW,YES,NO,46
FRA,2025,ETRIWH,PTFTW33T67,AW100,C_C2,MINW,YES,NO,46
DEU,2023,ETRIWH,PTFTW33T67,AW100,C_C2,MINW,YES,NO,63
DEU,2024,ETRIWH,PTFTW33T67,AW100,C_C2,MINW,YES,NO,68
DEU,2025,ETRIWH,PTFTW33T67,AW100,C_C2,MINW,YES,NO,68
NLD,2023,ETRIWH,PTFTW33T67,AW100,C_C2,MINW,YES,NO,46
NLD,2024,ETRIWH,PTFTW33T67,AW100,C_C2,MINW,YES,NO,45
POL,2023,ETRIWH,PTFTW33T67,AW100,C_C2,MINW,YES,NO,30
ESP,2023,ETRIWH,PTFTW33T67,AW100,C_C2,MINW,YES,NO,21
ESP,2024,ETRIWH,PTFTW33T67,AW100,C_C2,MINW,YES,NO,24
ESP,2025,ETRIWH,PTFTW33T67,AW100,C_C2,MINW,YES,NO,26
GBR,2024,ETRIWH,PTFTW33T67,AW100,C_C2,MINW,YES,NO,28
GBR,2025,ETRIWH,PTFTW33T67,AW100,C_C2,MINW,YES,NO,28
USA,2023,ETRIWH,PTFTW33T67,AW100,C_C2,MINW,YES,NO,41
USA,2024,ETRIWH,PTFTW33T67,AW100,C_C2,MINW,YES,NO,46
USA,2025,ETRIWH,PTFTW33T67,AW100,C_C2,MINW,YES,NO,46
OECD,2023,ETRIWH,PTFTW33T67,AW100,C_C2,MINW,YES,NO,35
OECD,2024,ETRIWH,PTFTW33T67,AW100,C_C2,MINW,YES,NO,36
OECD,2025,ETRIWH,PTFTW33T67,AW100,C_C2,MINW,YES,NO,36
BEL,2023,ETRIWH,PTFTW33T67,AW100,C_C2,MINW,NO,YES,62
BEL,2024,ETRIWH,PTFTW33T67,AW100,C_C2,MINW,NO,YES,62
BEL,2025,ETRIWH,PTFTW33T67,AW100,C_C2,MINW,NO,YES,64
FRA,2023,ETRIWH,PTFTW33T67,AW100,C_C2,MINW,NO,YES,46
FRA,2024,ETRIWH,PTFTW33T67,AW100,C_C2,MINW,NO,YES,46
FRA,2025,ETRIWH,PTFTW33T67,AW100,C_C2,MINW,NO,YES,46
DEU,2023,ETRIWH,PTFTW33T67,AW100,C_C2,MINW,NO,YES,64
DEU,2024,ETRIWH,PTFTW33T67,AW100,C_C2,MINW,NO,YES,61
DEU,2025,ETRIWH,PTFTW33T67,AW100,C_C2,MINW,NO,YES,62
NLD,2023,ETRIWH,PTFTW33T67,AW100,C_C2,MINW,NO,YES,57
NLD,2024,ETRIWH,PTFTW33T67,AW100,C_C2,MINW,NO,YES,57
POL,2023,ETRIWH,PTFTW33T67,AW100,C_C2,MINW,NO,YES,50
POL,2024,ETRIWH,PTFTW33T67,AW100,C_C2,MINW,NO,YES,51
POL,2025,ETRIWH,PTFTW33T67,AW100,C_C2,MINW,NO,YES,51
ESP,2023,ETRIWH,PTFTW33T67,AW100,C_C2,MINW,NO,YES,21
ESP,2024,ETRIWH,PTFTW33T67,AW100,C_C2,MINW,NO,YES,24
ESP,2025,ETRIWH,PTFTW33T67,AW100,C_C2,MINW,NO,YES,26
GBR,2023,ETRIWH,PTFTW33T67,AW100,C_C2,MINW,NO,YES,69
GBR,2024,ETRIWH,PTFTW33T67,AW100,C_C2,MINW,NO,YES,68
GBR,2025,ETRIWH,PTFTW33T67,AW100,C_C2,MINW,NO,YES,66
USA,2023,ETRIWH,PTFTW33T67,AW100,C_C2,MINW,NO,YES,41
USA,2024,ETRIWH,PTFTW33T67,AW100,C_C2,MINW,NO,YES,46
USA,2025,ETRIWH,PTFTW33T67,AW100,C_C2,MINW,NO,YES,46
OECD,2023,ETRIWH,PTFTW33T67,AW100,C_C2,MINW,NO,YES,43
OECD,2024,ETRIWH,PTFTW33T67,AW100,C_C2,MINW,NO,YES,43
OECD,2025,ETRIWH,PTFTW33T67,AW100,C_C2,MINW,NO,YES,40
BEL,2023,ETRIWH,PTFTW33T67,AW100,C_C2,MINW,YES,YES,62
BEL,2024,ETRIWH,PTFTW33T67,AW100,C_C2,MINW,YES,YES,62
BEL,2025,ETRIWH,PTFTW33T67,AW100,C_C2,MINW,YES,YES,64
FRA,2023,ETRIWH,PTFTW33T67,AW100,C_C2,MINW,YES,YES,46
FRA,2024,ETRIWH,PTFTW33T67,AW100,C_C2,MINW,YES,YES,46
FRA,2025,ETRIWH,PTFTW33T67,AW100,C_C2,MINW,YES,YES,46
DEU,2023,ETRIWH,PTFTW33T67,AW100,C_C2,MINW,YES,YES,85
DEU,2024,ETRIWH,PTFTW33T67,AW100,C_C2,MINW,YES,YES,86
DEU,2025,ETRIWH,PTFTW33T67,AW100,C_C2,MINW,YES,YES,87
NLD,2023,ETRIWH,PTFTW33T67,AW100,C_C2,MINW,YES,YES,57
NLD,2024,ETRIWH,PTFTW33T67,AW100,C_C2,MINW,YES,YES,57
POL,2023,ETRIWH,PTFTW33T67,AW100,C_C2,MINW,YES,YES,50
POL,2024,ETRIWH,PTFTW33T67,AW100,C_C2,MINW,YES,YES,51
POL,2025,ETRIWH,PTFTW33T67,AW100,C_C2,MINW,YES,YES,51
ESP,2023,ETRIWH,PTFTW33T67,AW100,C_C2,MINW,YES,YES,21
ESP,2024,ETRIWH,PTFTW33T67,AW100,C_C2,MINW,YES,YES,24
ESP,2025,ETRIWH,PTFTW33T67,AW100,C_C2,MINW,YES,YES,26
GBR,2023,ETRIWH,PTFTW33T67,AW100,C_C2,MINW,YES,YES,69
GBR,2024,ETRIWH,PTFTW33T67,AW100,C_C2,MINW,YES,YES,68
GBR,2025,ETRIWH,PTFTW33T67,AW100,C_C2,MINW,YES,YES,66
USA,2023,ETRIWH,PTFTW33T67,AW100,C_C2,MINW,YES,YES,41
USA,2024,ETRIWH,PTFTW33T67,AW100,C_C2,MINW,YES,YES,46
USA,2025,ETRIWH,PTFTW33T67,AW100,C_C2,MINW,YES,YES,46
OECD,2023,ETRIWH,PTFTW33T67,AW100,C_C2,MINW,YES,YES,46
OECD,2024,ETRIWH,PTFTW33T67,AW100,C_C2,MINW,YES,YES,46
OECD,2025,ETRIWH,PTFTW33T67,AW100,C_C2,MINW,YES,YES,42
BEL,2023,ETRIWH,PTFTW50T66,AW100,C_C2,MINW,YES,YES,70
BEL,2024,ETRIWH,PTFTW50T66,AW100,C_C2,MINW,YES,YES,71
BEL,2025,ETRIWH,PTFTW50T66,AW100,C_C2,MINW,YES,YES,76
FRA,2023,ETRIWH,PTFTW50T66,AW100,C_C2,MINW,YES,YES,52
FRA,2024,ETRIWH,PTFTW50T66,AW100,C_C2,MINW,YES,YES,52
FRA,2025,ETRIWH,PTFTW50T66,AW100,C_C2,MINW,YES,YES,52
DEU,2023,ETRIWH,PTFTW50T66,AW100,C_C2,MINW,YES,YES,73
DEU,2024,ETRIWH,PTFTW50T66,AW100,C_C2,MINW,YES,YES,75
DEU,2025,ETRIWH,PTFTW50T66,AW100,C_C2,MINW,YES,YES,77
NLD,2023,ETRIWH,PTFTW50T66,AW100,C_C2,MINW,YES,YES,56
NLD,2024,ETRIWH,PTFTW50T66,AW100,C_C2,MINW,YES,YES,61
POL,2023,ETRIWH,PTFTW50T66,AW100,C_C2,MINW,YES,YES,47
POL,2024,ETRIWH,PTFTW50T66,AW100,C_C2,MINW,YES,YES,44
POL,2025,ETRIWH,PTFTW50T66,AW100,C_C2,MINW,YES,YES,44
ESP,2023,ETRIWH,PTFTW50T66,AW100,C_C2,MINW,YES,YES,36
ESP,2024,ETRIWH,PTFTW50T66,AW100,C_C2,MINW,YES,YES,41
ESP,2025,ETRIWH,PTFTW50T66,AW100,C_C2,MINW,YES,YES,45
GBR,2023,ETRIWH,PTFTW50T66,AW100,C_C2,MINW,YES,YES,69
GBR,2024,ETRIWH,PTFTW50T66,AW100,C_C2,MINW,YES,YES,68
GBR,2025,ETRIWH,PTFTW50T66,AW100,C_C2,MINW,YES,YES,65
USA,2023,ETRIWH,PTFTW50T66,AW100,C_C2,MINW,YES,YES,35
USA,2024,ETRIWH,PTFTW50T66,AW100,C_C2,MINW,YES,YES,40
USA,2025,ETRIWH,PTFTW50T66,AW100,C_C2,MINW,YES,YES,40
OECD,2023,ETRIWH,PTFTW50T66,AW100,C_C2,MINW,YES,YES,42
OECD,2024,ETRIWH,PTFTW50T66,AW100,C_C2,MINW,YES,YES,45
OECD,2025,ETRIWH,PTFTW50T66,AW100,C_C2,MINW,YES,YES,43
BEL,2023,ETRIWH,PTFTW50T66,AW100,C_C2,MINW,NO,YES,70
BEL,2024,ETRIWH,PTFTW50T66,AW100,C_C2,MINW,NO,YES,71
BEL,2025,ETRIWH,PTFTW50T66,AW100,C_C2,MINW,NO,YES,76
FRA,2023,ETRIWH,PTFTW50T66,AW100,C_C2,MINW,NO,YES,52
FRA,2024,ETRIWH,PTFTW50T66,AW100,C_C2,MINW,NO,YES,52
FRA,2025,ETRIWH,PTFTW50T66,AW100,C_C2,MINW,NO,YES,52
DEU,2023,ETRIWH,PTFTW50T66,AW100,C_C2,MINW,NO,YES,58
DEU,2024,ETRIWH,PTFTW50T66,AW100,C_C2,MINW,NO,YES,51
DEU,2025,ETRIWH,PTFTW50T66,AW100,C_C2,MINW,NO,YES,53
NLD,2023,ETRIWH,PTFTW50T66,AW100,C_C2,MINW,NO,YES,56
NLD,2024,ETRIWH,PTFTW50T66,AW100,C_C2,MINW,NO,YES,61
POL,2023,ETRIWH,PTFTW50T66,AW100,C_C2,MINW,NO,YES,47
POL,2024,ETRIWH,PTFTW50T66,AW100,C_C2,MINW,NO,YES,44
POL,2025,ETRIWH,PTFTW50T66,AW100,C_C2,MINW,NO,YES,44
ESP,2023,ETRIWH,PTFTW50T66,AW100,C_C2,MINW,NO,YES,36
ESP,2024,ETRIWH,PTFTW50T66,AW100,C_C2,MINW,NO,YES,41
ESP,2025,ETRIWH,PTFTW50T66,AW100,C_C2,MINW,NO,YES,45
GBR,2023,ETRIWH,PTFTW50T66,AW100,C_C2,MINW,NO,YES,69
GBR,2024,ETRIWH,PTFTW50T66,AW100,C_C2,MINW,NO,YES,68
GBR,2025,ETRIWH,PTFTW50T66,AW100,C_C2,MINW,NO,YES,65
USA,2023,ETRIWH,PTFTW50T66,AW100,C_C2,MINW,NO,YES,35
USA,2024,ETRIWH,PTFTW50T66,AW100,C_C2,MINW,NO,YES,40
USA,2025,ETRIWH,PTFTW50T66,AW100,C_C2,MINW,NO,YES,40
OECD,2023,ETRIWH,PTFTW50T66,AW100,C_C2,MINW,NO,YES,41
OECD,2024,ETRIWH,PTFTW50T66,AW100,C_C2,MINW,NO,YES,44
OECD,2025,ETRIWH,PTFTW50T66,AW100,C_C2,MINW,NO,YES,42
BEL,2023,ETRIWH,PTFTW50T66,AW100,C_C2,MINW,NO,NO,70
BEL,2024,ETRIWH,PTFTW50T66,AW100,C_C2,MINW,NO,NO,71
BEL,2025,ETRIWH,PTFTW50T66,AW100,C_C2,MINW,NO,NO,76
FRA,2023,ETRIWH,PTFTW50T66,AW100,C_C2,MINW,NO,NO,52
FRA,2024,ETRIWH,PTFTW50T66,AW100,C_C2,MINW,NO,NO,52
FRA,2025,ETRIWH,PTFTW50T66,AW100,C_C2,MINW,NO,NO,52
DEU,2023,ETRIWH,PTFTW50T66,AW100,C_C2,MINW,NO,NO,42
DEU,2024,ETRIWH,PTFTW50T66,AW100,C_C2,MINW,NO,NO,42
DEU,2025,ETRIWH,PTFTW50T66,AW100,C_C2,MINW,NO,NO,42
NLD,2023,ETRIWH,PTFTW50T66,AW100,C_C2,MINW,NO,NO,53
NLD,2024,ETRIWH,PTFTW50T66,AW100,C_C2,MINW,NO,NO,54
ESP,2023,ETRIWH,PTFTW50T66,AW100,C_C2,MINW,NO,NO,36
ESP,2024,ETRIWH,PTFTW50T66,AW100,C_C2,MINW,NO,NO,41
ESP,2025,ETRIWH,PTFTW50T66,AW100,C_C2,MINW,NO,NO,45
GBR,2024,ETRIWH,PTFTW50T66,AW100,C_C2,MINW,NO,NO,28
GBR,2025,ETRIWH,PTFTW50T66,AW100,C_C2,MINW,NO,NO,28
USA,2023,ETRIWH,PTFTW50T66,AW100,C_C2,MINW,NO,NO,35
USA,2024,ETRIWH,PTFTW50T66,AW100,C_C2,MINW,NO,NO,40
USA,2025,ETRIWH,PTFTW50T66,AW100,C_C2,MINW,NO,NO,40
OECD,2023,ETRIWH,PTFTW50T66,AW100,C_C2,MINW,NO,NO,36
OECD,2024,ETRIWH,PTFTW50T66,AW100,C_C2,MINW,NO,NO,37
OECD,2025,ETRIWH,PTFTW50T66,AW100,C_C2,MINW,NO,NO,36
BEL,2023,ETRIWH,PTFTW50T66,AW100,C_C2,MINW,YES,NO,70
BEL,2024,ETRIWH,PTFTW50T66,AW100,C_C2,MINW,YES,NO,71
BEL,2025,ETRIWH,PTFTW50T66,AW100,C_C2,MINW,YES,NO,76
FRA,2023,ETRIWH,PTFTW50T66,AW100,C_C2,MINW,YES,NO,52
FRA,2024,ETRIWH,PTFTW50T66,AW100,C_C2,MINW,YES,NO,52
FRA,2025,ETRIWH,PTFTW50T66,AW100,C_C2,MINW,YES,NO,52
DEU,2023,ETRIWH,PTFTW50T66,AW100,C_C2,MINW,YES,NO,58
DEU,2024,ETRIWH,PTFTW50T66,AW100,C_C2,MINW,YES,NO,68
DEU,2025,ETRIWH,PTFTW50T66,AW100,C_C2,MINW,YES,NO,68
NLD,2023,ETRIWH,PTFTW50T66,AW100,C_C2,MINW,YES,NO,53
NLD,2024,ETRIWH,PTFTW50T66,AW100,C_C2,MINW,YES,NO,54
ESP,2023,ETRIWH,PTFTW50T66,AW100,C_C2,MINW,YES,NO,36
ESP,2024,ETRIWH,PTFTW50T66,AW100,C_C2,MINW,YES,NO,41
ESP,2025,ETRIWH,PTFTW50T66,AW100,C_C2,MINW,YES,NO,45
GBR,2024,ETRIWH,PTFTW50T66,AW100,C_C2,MINW,YES,NO,28
GBR,2025,ETRIWH,PTFTW50T66,AW100,C_C2,MINW,YES,NO,28
USA,2023,ETRIWH,PTFTW50T66,AW100,C_C2,MINW,YES,NO,35
USA,2024,ETRIWH,PTFTW50T66,AW100,C_C2,MINW,YES,NO,40
USA,2025,ETRIWH,PTFTW50T66,AW100,C_C2,MINW,YES,NO,40
OECD,2023,ETRIWH,PTFTW50T66,AW100,C_C2,MINW,YES,NO,37
OECD,2024,ETRIWH,PTFTW50T66,AW100,C_C2,MINW,YES,NO,38
OECD,2025,ETRIWH,PTFTW50T66,AW100,C_C2,MINW,YES,NO,37
POL,2023,ETRIWH,PTFTW50T66,AW100,C_C2,MINW,YES,NO,32
POL,2023,ETRIWH,PTFTW67T100,AW100,C_C2,MINW,YES,YES,32
POL,2023,ETRIWH,PTFTW67T100,AW100,C_C2,MINW,NO,NO,32
POL,2023,ETRIWH,PTFTW50T100,AW100,C_C2,MINW,YES,NO,32
POL,2023,ETRIWH,PTFTW50T66,AW100,C_C2,MINW,NO,NO,32
POL,2023,ETRIWH,PTFTW67T100,AW100,C_C2,MINW,YES,NO,32
POL,2023,ETRIWH,PTFTW67T100,AW100,C_C2,MINW,NO,YES,32
POL,2023,ETRIWH,PTFTW50T100,AW100,C_C2,MINW,NO,NO,32
POL,2024,ETRIWH,PTFTW50T100,AW100,C_C2,MINW,NO,NO,32
POL,2024,ETRIWH,PTFTW67T100,AW100,C_C2,MINW,NO,YES,32
POL,2024,ETRIWH,PTFTW33T67,AW100,C_C2,MINW,YES,NO,32
POL,2024,ETRIWH,PTFTW67T100,AW100,C_C2,MINW,YES,NO,32
POL,2024,ETRIWH,PTFTW33T67,AW100,C_C2,MINW,NO,NO,32
POL,2024,ETRIWH,PTFTW50T66,AW100,C_C2,MINW,NO,NO,32
POL,2024,ETRIWH,PTFTW50T100,AW100,C_C2,MINW,YES,NO,32
POL,2024,ETRIWH,PTFTW67T100,AW100,C_C2,MINW,NO,NO,32
POL,2024,ETRIWH,PTFTW67T100,AW100,C_C2,MINW,YES,YES,32
POL,2024,ETRIWH,PTFTW50T66,AW100,C_C2,MINW,YES,NO,32
POL,2025,ETRIWH,PTFTW50T66,AW100,C_C2,MINW,YES,NO,32
POL,2025,ETRIWH,PTFTW67T100,AW100,C_C2,MINW,YES,YES,32
POL,2025,ETRIWH,PTFTW67T100,AW100,C_C2,MINW,NO,NO,32
POL,2025,ETRIWH,PTFTW50T100,AW100,C_C2,MINW,YES,NO,32
POL,2025,ETRIWH,PTFTW50T66,AW100,C_C2,MINW,NO,NO,32
POL,2025,ETRIWH,PTFTW33T67,AW100,C_C2,MINW,NO,NO,32
POL,2025,ETRIWH,PTFTW67T100,AW100,C_C2,MINW,YES,NO,32
POL,2025,ETRIWH,PTFTW33T67,AW100,C_C2,MINW,YES,NO,32
POL,2025,ETRIWH,PTFTW67T100,AW100,C_C2,MINW,NO,YES,32
POL,2025,ETRIWH,PTFTW50T100,AW100,C_C2,MINW,NO,NO,32
ESP,2024,ETRIWH,PTFTW67T100,AW100,C_C2,MINW,YES,YES,32
ESP,2024,ETRIWH,PTFTW67T100,AW100,C_C2,MINW,NO,NO,32
ESP,2024,ETRIWH,PTFTW67T100,AW100,C_C2,MINW,YES,NO,32
ESP,2024,ETRIWH,PTFTW67T100,AW100,C_C2,MINW,NO,YES,32
ESP,2025,ETRIWH,PTFTW67T100,AW100,C_C2,MINW,NO,YES,32
ESP,2025,ETRIWH,PTFTW67T100,AW100,C_C2,MINW,YES,NO,32
ESP,2025,ETRIWH,PTFTW67T100,AW100,C_C2,MINW,NO,NO,32
ESP,2025,ETRIWH,PTFTW67T100,AW100,C_C2,MINW,YES,YES,32
GBR,2023,ETRIWH,PTFTW33T67,AW100,C_C2,MINW,YES,NO,32
GBR,2023,ETRIWH,PTFTW67T100,AW100,C_C2,MINW,NO,YES,32
GBR,2023,ETRIWH,PTFTW67T100,AW100,C_C2,MINW,YES,NO,32
GBR,2023,ETRIWH,PTFTW67T100,AW100,C_C2,MINW,YES,YES,32
GBR,2023,ETRIWH,PTFTW67T100,AW100,C_C2,MINW,NO,NO,32
GBR,2023,ETRIWH,PTFTW50T66,AW100,C_C2,MINW,YES,NO,32
GBR,2023,ETRIWH,PTFTW50T66,AW100,C_C2,MINW,NO,NO,32
GBR,2023,ETRIWH,PTFTW50T100,AW100,C_C2,MINW,YES,NO,32
GBR,2023,ETRIWH,PTFTW33T67,AW100,C_C2,MINW,NO,NO,32
GBR,2023,ETRIWH,PTFTW50T100,AW100,C_C2,MINW,NO,NO,32
BEL,2023,ETRIWH,PTFTW33T67,AW67,C_C2,MINW,NO,YES,33
BEL,2024,ETRIWH,PTFTW33T67,AW67,C_C2,MINW,NO,YES,33
BEL,2025,ETRIWH,PTFTW33T67,AW67,C_C2,MINW,NO,YES,33
FRA,2023,ETRIWH,PTFTW33T67,AW67,C_C2,MINW,NO,YES,37
FRA,2024,ETRIWH,PTFTW33T67,AW67,C_C2,MINW,NO,YES,37
FRA,2025,ETRIWH,PTFTW33T67,AW67,C_C2,MINW,NO,YES,37
DEU,2023,ETRIWH,PTFTW33T67,AW67,C_C2,MINW,NO,YES,71
DEU,2024,ETRIWH,PTFTW33T67,AW67,C_C2,MINW,NO,YES,71
DEU,2025,ETRIWH,PTFTW33T67,AW67,C_C2,MINW,NO,YES,71
NLD,2023,ETRIWH,PTFTW33T67,AW67,C_C2,MINW,NO,YES,49
NLD,2024,ETRIWH,PTFTW33T67,AW67,C_C2,MINW,NO,YES,46
POL,2023,ETRIWH,PTFTW33T67,AW67,C_C2,MINW,NO,YES,45
POL,2024,ETRIWH,PTFTW33T67,AW67,C_C2,MINW,NO,YES,51
POL,2025,ETRIWH,PTFTW33T67,AW67,C_C2,MINW,NO,YES,53
ESP,2023,ETRIWH,PTFTW33T67,AW67,C_C2,MINW,NO,YES,40
ESP,2024,ETRIWH,PTFTW33T67,AW67,C_C2,MINW,NO,YES,36
ESP,2025,ETRIWH,PTFTW33T67,AW67,C_C2,MINW,NO,YES,6
GBR,2023,ETRIWH,PTFTW33T67,AW67,C_C2,MINW,NO,YES,68
GBR,2024,ETRIWH,PTFTW33T67,AW67,C_C2,MINW,NO,YES,67
GBR,2025,ETRIWH,PTFTW33T67,AW67,C_C2,MINW,NO,YES,67
USA,2023,ETRIWH,PTFTW33T67,AW67,C_C2,MINW,NO,YES,47
USA,2024,ETRIWH,PTFTW33T67,AW67,C_C2,MINW,NO,YES,52
USA,2025,ETRIWH,PTFTW33T67,AW67,C_C2,MINW,NO,YES,52
OECD,2023,ETRIWH,PTFTW33T67,AW67,C_C2,MINW,NO,YES,40
OECD,2024,ETRIWH,PTFTW33T67,AW67,C_C2,MINW,NO,YES,38
OECD,2025,ETRIWH,PTFTW33T67,AW67,C_C2,MINW,NO,YES,36
BEL,2023,ETRIWH,PTFTW33T67,AW67,C_C2,MINW,NO,NO,33
BEL,2024,ETRIWH,PTFTW33T67,AW67,C_C2,MINW,NO,NO,33
BEL,2025,ETRIWH,PTFTW33T67,AW67,C_C2,MINW,NO,NO,33
FRA,2023,ETRIWH,PTFTW33T67,AW67,C_C2,MINW,NO,NO,37
FRA,2024,ETRIWH,PTFTW33T67,AW67,C_C2,MINW,NO,NO,37
FRA,2025,ETRIWH,PTFTW33T67,AW67,C_C2,MINW,NO,NO,37
DEU,2023,ETRIWH,PTFTW33T67,AW67,C_C2,MINW,NO,NO,43
DEU,2024,ETRIWH,PTFTW33T67,AW67,C_C2,MINW,NO,NO,43
DEU,2025,ETRIWH,PTFTW33T67,AW67,C_C2,MINW,NO,NO,43
NLD,2023,ETRIWH,PTFTW33T67,AW67,C_C2,MINW,NO,NO,28
NLD,2024,ETRIWH,PTFTW33T67,AW67,C_C2,MINW,NO,NO,26
POL,2023,ETRIWH,PTFTW33T67,AW67,C_C2,MINW,NO,NO,24
POL,2024,ETRIWH,PTFTW33T67,AW67,C_C2,MINW,NO,NO,30
POL,2025,ETRIWH,PTFTW33T67,AW67,C_C2,MINW,NO,NO,32
ESP,2023,ETRIWH,PTFTW33T67,AW67,C_C2,MINW,NO,NO,6
ESP,2024,ETRIWH,PTFTW33T67,AW67,C_C2,MINW,NO,NO,6
ESP,2025,ETRIWH,PTFTW33T67,AW67,C_C2,MINW,NO,NO,6
GBR,2023,ETRIWH,PTFTW33T67,AW67,C_C2,MINW,NO,NO,30
GBR,2024,ETRIWH,PTFTW33T67,AW67,C_C2,MINW,NO,NO,36
GBR,2025,ETRIWH,PTFTW33T67,AW67,C_C2,MINW,NO,NO,31
USA,2023,ETRIWH,PTFTW33T67,AW67,C_C2,MINW,NO,NO,47
USA,2024,ETRIWH,PTFTW33T67,AW67,C_C2,MINW,NO,NO,52
USA,2025,ETRIWH,PTFTW33T67,AW67,C_C2,MINW,NO,NO,52
OECD,2023,ETRIWH,PTFTW33T67,AW67,C_C2,MINW,NO,NO,29
OECD,2024,ETRIWH,PTFTW33T67,AW67,C_C2,MINW,NO,NO,31
OECD,2025,ETRIWH,PTFTW33T67,AW67,C_C2,MINW,NO,NO,30
BEL,2023,ETRIWH,PTFTW33T67,AW67,C_C2,MINW,YES,NO,33
BEL,2024,ETRIWH,PTFTW33T67,AW67,C_C2,MINW,YES,NO,33
BEL,2025,ETRIWH,PTFTW33T67,AW67,C_C2,MINW,YES,NO,33
FRA,2023,ETRIWH,PTFTW33T67,AW67,C_C2,MINW,YES,NO,37
FRA,2024,ETRIWH,PTFTW33T67,AW67,C_C2,MINW,YES,NO,37
FRA,2025,ETRIWH,PTFTW33T67,AW67,C_C2,MINW,YES,NO,37
DEU,2023,ETRIWH,PTFTW33T67,AW67,C_C2,MINW,YES,NO,67
DEU,2024,ETRIWH,PTFTW33T67,AW67,C_C2,MINW,YES,NO,64
DEU,2025,ETRIWH,PTFTW33T67,AW67,C_C2,MINW,YES,NO,67
NLD,2023,ETRIWH,PTFTW33T67,AW67,C_C2,MINW,YES,NO,28
NLD,2024,ETRIWH,PTFTW33T67,AW67,C_C2,MINW,YES,NO,26
POL,2023,ETRIWH,PTFTW33T67,AW67,C_C2,MINW,YES,NO,24
POL,2024,ETRIWH,PTFTW33T67,AW67,C_C2,MINW,YES,NO,30
POL,2025,ETRIWH,PTFTW33T67,AW67,C_C2,MINW,YES,NO,32
ESP,2023,ETRIWH,PTFTW33T67,AW67,C_C2,MINW,YES,NO,6
ESP,2024,ETRIWH,PTFTW33T67,AW67,C_C2,MINW,YES,NO,6
ESP,2025,ETRIWH,PTFTW33T67,AW67,C_C2,MINW,YES,NO,6
GBR,2023,ETRIWH,PTFTW33T67,AW67,C_C2,MINW,YES,NO,30
GBR,2024,ETRIWH,PTFTW33T67,AW67,C_C2,MINW,YES,NO,36
GBR,2025,ETRIWH,PTFTW33T67,AW67,C_C2,MINW,YES,NO,31
USA,2023,ETRIWH,PTFTW33T67,AW67,C_C2,MINW,YES,NO,68
USA,2024,ETRIWH,PTFTW33T67,AW67,C_C2,MINW,YES,NO,74
USA,2025,ETRIWH,PTFTW33T67,AW67,C_C2,MINW,YES,NO,72
OECD,2023,ETRIWH,PTFTW33T67,AW67,C_C2,MINW,YES,NO,32
OECD,2024,ETRIWH,PTFTW33T67,AW67,C_C2,MINW,YES,NO,34
OECD,2025,ETRIWH,PTFTW33T67,AW67,C_C2,MINW,YES,NO,34
BEL,2023,ETRIWH,PTFTW33T67,AW67,C_C2,MINW,YES,YES,33
BEL,2024,ETRIWH,PTFTW33T67,AW67,C_C2,MINW,YES,YES,33
BEL,2025,ETRIWH,PTFTW33T67,AW67,C_C2,MINW,YES,YES,33
FRA,2023,ETRIWH,PTFTW33T67,AW67,C_C2,MINW,YES,YES,37
FRA,2024,ETRIWH,PTFTW33T67,AW67,C_C2,MINW,YES,YES,37
FRA,2025,ETRIWH,PTFTW33T67,AW67,C_C2,MINW,YES,YES,37
DEU,2023,ETRIWH,PTFTW33T67,AW67,C_C2,MINW,YES,YES,95
DEU,2024,ETRIWH,PTFTW33T67,AW67,C_C2,MINW,YES,YES,93
DEU,2025,ETRIWH,PTFTW33T67,AW67,C_C2,MINW,YES,YES,94
NLD,2023,ETRIWH,PTFTW33T67,AW67,C_C2,MINW,YES,YES,49
NLD,2024,ETRIWH,PTFTW33T67,AW67,C_C2,MINW,YES,YES,46
POL,2023,ETRIWH,PTFTW33T67,AW67,C_C2,MINW,YES,YES,45
POL,2024,ETRIWH,PTFTW33T67,AW67,C_C2,MINW,YES,YES,51
POL,2025,ETRIWH,PTFTW33T67,AW67,C_C2,MINW,YES,YES,53
ESP,2023,ETRIWH,PTFTW33T67,AW67,C_C2,MINW,YES,YES,40
ESP,2024,ETRIWH,PTFTW33T67,AW67,C_C2,MINW,YES,YES,36
ESP,2025,ETRIWH,PTFTW33T67,AW67,C_C2,MINW,YES,YES,6
GBR,2023,ETRIWH,PTFTW33T67,AW67,C_C2,MINW,YES,YES,68
GBR,2024,ETRIWH,PTFTW33T67,AW67,C_C2,MINW,YES,YES,67
GBR,2025,ETRIWH,PTFTW33T67,AW67,C_C2,MINW,YES,YES,67
USA,2023,ETRIWH,PTFTW33T67,AW67,C_C2,MINW,YES,YES,69
USA,2024,ETRIWH,PTFTW33T67,AW67,C_C2,MINW,YES,YES,75
USA,2025,ETRIWH,PTFTW33T67,AW67,C_C2,MINW,YES,YES,73
OECD,2023,ETRIWH,PTFTW33T67,AW67,C_C2,MINW,YES,YES,44
OECD,2024,ETRIWH,PTFTW33T67,AW67,C_C2,MINW,YES,YES,44
OECD,2025,ETRIWH,PTFTW33T67,AW67,C_C2,MINW,YES,YES,42
BEL,2023,ETRIWH,PTFTW50T100,AW67,C_C2,MINW,YES,YES,62
BEL,2024,ETRIWH,PTFTW50T100,AW67,C_C2,MINW,YES,YES,63
BEL,2025,ETRIWH,PTFTW50T100,AW67,C_C2,MINW,YES,YES,65
FRA,2023,ETRIWH,PTFTW50T100,AW67,C_C2,MINW,YES,YES,46
FRA,2024,ETRIWH,PTFTW50T100,AW67,C_C2,MINW,YES,YES,47
FRA,2025,ETRIWH,PTFTW50T100,AW67,C_C2,MINW,YES,YES,46
DEU,2023,ETRIWH,PTFTW50T100,AW67,C_C2,MINW,YES,YES,85
DEU,2024,ETRIWH,PTFTW50T100,AW67,C_C2,MINW,YES,YES,86
DEU,2025,ETRIWH,PTFTW50T100,AW67,C_C2,MINW,YES,YES,86
NLD,2023,ETRIWH,PTFTW50T100,AW67,C_C2,MINW,YES,YES,57
NLD,2024,ETRIWH,PTFTW50T100,AW67,C_C2,MINW,YES,YES,58
POL,2023,ETRIWH,PTFTW50T100,AW67,C_C2,MINW,YES,YES,50
POL,2024,ETRIWH,PTFTW50T100,AW67,C_C2,MINW,YES,YES,51
POL,2025,ETRIWH,PTFTW50T100,AW67,C_C2,MINW,YES,YES,51
ESP,2023,ETRIWH,PTFTW50T100,AW67,C_C2,MINW,YES,YES,21
ESP,2024,ETRIWH,PTFTW50T100,AW67,C_C2,MINW,YES,YES,24
ESP,2025,ETRIWH,PTFTW50T100,AW67,C_C2,MINW,YES,YES,26
GBR,2023,ETRIWH,PTFTW50T100,AW67,C_C2,MINW,YES,YES,69
GBR,2024,ETRIWH,PTFTW50T100,AW67,C_C2,MINW,YES,YES,68
GBR,2025,ETRIWH,PTFTW50T100,AW67,C_C2,MINW,YES,YES,66
USA,2023,ETRIWH,PTFTW50T100,AW67,C_C2,MINW,YES,YES,41
USA,2024,ETRIWH,PTFTW50T100,AW67,C_C2,MINW,YES,YES,46
USA,2025,ETRIWH,PTFTW50T100,AW67,C_C2,MINW,YES,YES,46
OECD,2023,ETRIWH,PTFTW50T100,AW67,C_C2,MINW,YES,YES,47
OECD,2024,ETRIWH,PTFTW50T100,AW67,C_C2,MINW,YES,YES,47
OECD,2025,ETRIWH,PTFTW50T100,AW67,C_C2,MINW,YES,YES,42
BEL,2023,ETRIWH,PTFTW50T100,AW67,C_C2,MINW,YES,NO,62
BEL,2024,ETRIWH,PTFTW50T100,AW67,C_C2,MINW,YES,NO,63
BEL,2025,ETRIWH,PTFTW50T100,AW67,C_C2,MINW,YES,NO,65
FRA,2023,ETRIWH,PTFTW50T100,AW67,C_C2,MINW,YES,NO,46
FRA,2024,ETRIWH,PTFTW50T100,AW67,C_C2,MINW,YES,NO,47
FRA,2025,ETRIWH,PTFTW50T100,AW67,C_C2,MINW,YES,NO,46
DEU,2023,ETRIWH,PTFTW50T100,AW67,C_C2,MINW,YES,NO,63
DEU,2024,ETRIWH,PTFTW50T100,AW67,C_C2,MINW,YES,NO,68
DEU,2025,ETRIWH,PTFTW50T100,AW67,C_C2,MINW,YES,NO,68
NLD,2023,ETRIWH,PTFTW50T100,AW67,C_C2,MINW,YES,NO,47
NLD,2024,ETRIWH,PTFTW50T100,AW67,C_C2,MINW,YES,NO,45
POL,2023,ETRIWH,PTFTW50T100,AW67,C_C2,MINW,YES,NO,30
POL,2024,ETRIWH,PTFTW50T100,AW67,C_C2,MINW,YES,NO,32
POL,2025,ETRIWH,PTFTW50T100,AW67,C_C2,MINW,YES,NO,32
ESP,2023,ETRIWH,PTFTW50T100,AW67,C_C2,MINW,YES,NO,21
ESP,2024,ETRIWH,PTFTW50T100,AW67,C_C2,MINW,YES,NO,24
ESP,2025,ETRIWH,PTFTW50T100,AW67,C_C2,MINW,YES,NO,26
GBR,2023,ETRIWH,PTFTW50T100,AW67,C_C2,MINW,YES,NO,32
GBR,2024,ETRIWH,PTFTW50T100,AW67,C_C2,MINW,YES,NO,28
GBR,2025,ETRIWH,PTFTW50T100,AW67,C_C2,MINW,YES,NO,28
USA,2023,ETRIWH,PTFTW50T100,AW67,C_C2,MINW,YES,NO,41
USA,2024,ETRIWH,PTFTW50T100,AW67,C_C2,MINW,YES,NO,46
USA,2025,ETRIWH,PTFTW50T100,AW67,C_C2,MINW,YES,NO,46
OECD,2023,ETRIWH,PTFTW50T100,AW67,C_C2,MINW,YES,NO,35
OECD,2024,ETRIWH,PTFTW50T100,AW67,C_C2,MINW,YES,NO,36
OECD,2025,ETRIWH,PTFTW50T100,AW67,C_C2,MINW,YES,NO,36
BEL,2023,ETRIWH,PTFTW50T100,AW67,C_C2,MINW,NO,YES,62
BEL,2024,ETRIWH,PTFTW50T100,AW67,C_C2,MINW,NO,YES,63
BEL,2025,ETRIWH,PTFTW50T100,AW67,C_C2,MINW,NO,YES,65
FRA,2023,ETRIWH,PTFTW50T100,AW67,C_C2,MINW,NO,YES,46
FRA,2024,ETRIWH,PTFTW50T100,AW67,C_C2,MINW,NO,YES,47
FRA,2025,ETRIWH,PTFTW50T100,AW67,C_C2,MINW,NO,YES,46
DEU,2023,ETRIWH,PTFTW50T100,AW67,C_C2,MINW,NO,YES,64
DEU,2024,ETRIWH,PTFTW50T100,AW67,C_C2,MINW,NO,YES,61
DEU,2025,ETRIWH,PTFTW50T100,AW67,C_C2,MINW,NO,YES,61
NLD,2023,ETRIWH,PTFTW50T100,AW67,C_C2,MINW,NO,YES,57
NLD,2024,ETRIWH,PTFTW50T100,AW67,C_C2,MINW,NO,YES,58
POL,2023,ETRIWH,PTFTW50T100,AW67,C_C2,MINW,NO,YES,50
POL,2024,ETRIWH,PTFTW50T100,AW67,C_C2,MINW,NO,YES,51
POL,2025,ETRIWH,PTFTW50T100,AW67,C_C2,MINW,NO,YES,51
ESP,2023,ETRIWH,PTFTW50T100,AW67,C_C2,MINW,NO,YES,21
ESP,2024,ETRIWH,PTFTW50T100,AW67,C_C2,MINW,NO,YES,24
ESP,2025,ETRIWH,PTFTW50T100,AW67,C_C2,MINW,NO,YES,26
GBR,2023,ETRIWH,PTFTW50T100,AW67,C_C2,MINW,NO,YES,69
GBR,2024,ETRIWH,PTFTW50T100,AW67,C_C2,MINW,NO,YES,68
GBR,2025,ETRIWH,PTFTW50T100,AW67,C_C2,MINW,NO,YES,66
USA,2023,ETRIWH,PTFTW50T100,AW67,C_C2,MINW,NO,YES,41
USA,2024,ETRIWH,PTFTW50T100,AW67,C_C2,MINW,NO,YES,46
USA,2025,ETRIWH,PTFTW50T100,AW67,C_C2,MINW,NO,YES,46
OECD,2023,ETRIWH,PTFTW50T100,AW67,C_C2,MINW,NO,YES,43
OECD,2024,ETRIWH,PTFTW50T100,AW67,C_C2,MINW,NO,YES,43
OECD,2025,ETRIWH,PTFTW50T100,AW67,C_C2,MINW,NO,YES,40
BEL,2023,ETRIWH,PTFTW50T100,AW67,C_C2,MINW,NO,NO,62
BEL,2024,ETRIWH,PTFTW50T100,AW67,C_C2,MINW,NO,NO,63
BEL,2025,ETRIWH,PTFTW50T100,AW67,C_C2,MINW,NO,NO,65
FRA,2023,ETRIWH,PTFTW50T100,AW67,C_C2,MINW,NO,NO,46
FRA,2024,ETRIWH,PTFTW50T100,AW67,C_C2,MINW,NO,NO,47
FRA,2025,ETRIWH,PTFTW50T100,AW67,C_C2,MINW,NO,NO,46
DEU,2023,ETRIWH,PTFTW50T100,AW67,C_C2,MINW,NO,NO,42
DEU,2024,ETRIWH,PTFTW50T100,AW67,C_C2,MINW,NO,NO,42
DEU,2025,ETRIWH,PTFTW50T100,AW67,C_C2,MINW,NO,NO,42
NLD,2023,ETRIWH,PTFTW50T100,AW67,C_C2,MINW,NO,NO,47
NLD,2024,ETRIWH,PTFTW50T100,AW67,C_C2,MINW,NO,NO,45
POL,2023,ETRIWH,PTFTW50T100,AW67,C_C2,MINW,NO,NO,30
POL,2024,ETRIWH,PTFTW50T100,AW67,C_C2,MINW,NO,NO,32
POL,2025,ETRIWH,PTFTW50T100,AW67,C_C2,MINW,NO,NO,32
ESP,2023,ETRIWH,PTFTW50T100,AW67,C_C2,MINW,NO,NO,21
ESP,2024,ETRIWH,PTFTW50T100,AW67,C_C2,MINW,NO,NO,24
ESP,2025,ETRIWH,PTFTW50T100,AW67,C_C2,MINW,NO,NO,26
GBR,2023,ETRIWH,PTFTW50T100,AW67,C_C2,MINW,NO,NO,32
GBR,2024,ETRIWH,PTFTW50T100,AW67,C_C2,MINW,NO,NO,28
GBR,2025,ETRIWH,PTFTW50T100,AW67,C_C2,MINW,NO,NO,28
USA,2023,ETRIWH,PTFTW50T100,AW67,C_C2,MINW,NO,NO,41
USA,2024,ETRIWH,PTFTW50T100,AW67,C_C2,MINW,NO,NO,46
USA,2025,ETRIWH,PTFTW50T100,AW67,C_C2,MINW,NO,NO,46
OECD,2023,ETRIWH,PTFTW50T100,AW67,C_C2,MINW,NO,NO,34
OECD,2024,ETRIWH,PTFTW50T100,AW67,C_C2,MINW,NO,NO,35
OECD,2025,ETRIWH,PTFTW50T100,AW67,C_C2,MINW,NO,NO,34
BEL,2023,ETRIWH,PTFTW67T100,AW67,C_C2,MINW,YES,NO,72
BEL,2024,ETRIWH,PTFTW67T100,AW67,C_C2,MINW,YES,NO,74
BEL,2025,ETRIWH,PTFTW67T100,AW67,C_C2,MINW,YES,NO,78
FRA,2023,ETRIWH,PTFTW67T100,AW67,C_C2,MINW,YES,NO,50
FRA,2024,ETRIWH,PTFTW67T100,AW67,C_C2,MINW,YES,NO,50
FRA,2025,ETRIWH,PTFTW67T100,AW67,C_C2,MINW,YES,NO,50
DEU,2023,ETRIWH,PTFTW67T100,AW67,C_C2,MINW,YES,NO,61
DEU,2024,ETRIWH,PTFTW67T100,AW67,C_C2,MINW,YES,NO,68
DEU,2025,ETRIWH,PTFTW67T100,AW67,C_C2,MINW,YES,NO,68
NLD,2023,ETRIWH,PTFTW67T100,AW67,C_C2,MINW,YES,NO,52
NLD,2024,ETRIWH,PTFTW67T100,AW67,C_C2,MINW,YES,NO,53
POL,2023,ETRIWH,PTFTW67T100,AW67,C_C2,MINW,YES,NO,32
POL,2024,ETRIWH,PTFTW67T100,AW67,C_C2,MINW,YES,NO,32
POL,2025,ETRIWH,PTFTW67T100,AW67,C_C2,MINW,YES,NO,32
ESP,2023,ETRIWH,PTFTW67T100,AW67,C_C2,MINW,YES,NO,29
ESP,2024,ETRIWH,PTFTW67T100,AW67,C_C2,MINW,YES,NO,33
ESP,2025,ETRIWH,PTFTW67T100,AW67,C_C2,MINW,YES,NO,36
GBR,2023,ETRIWH,PTFTW67T100,AW67,C_C2,MINW,YES,NO,32
GBR,2024,ETRIWH,PTFTW67T100,AW67,C_C2,MINW,YES,NO,28
GBR,2025,ETRIWH,PTFTW67T100,AW67,C_C2,MINW,YES,NO,28
USA,2023,ETRIWH,PTFTW67T100,AW67,C_C2,MINW,YES,NO,38
USA,2024,ETRIWH,PTFTW67T100,AW67,C_C2,MINW,YES,NO,43
USA,2025,ETRIWH,PTFTW67T100,AW67,C_C2,MINW,YES,NO,43
OECD,2023,ETRIWH,PTFTW67T100,AW67,C_C2,MINW,YES,NO,37
OECD,2024,ETRIWH,PTFTW67T100,AW67,C_C2,MINW,YES,NO,39
OECD,2025,ETRIWH,PTFTW67T100,AW67,C_C2,MINW,YES,NO,37
BEL,2023,ETRIWH,PTFTW67T100,AW67,C_C2,MINW,YES,YES,72
BEL,2024,ETRIWH,PTFTW67T100,AW67,C_C2,MINW,YES,YES,74
BEL,2025,ETRIWH,PTFTW67T100,AW67,C_C2,MINW,YES,YES,78
FRA,2023,ETRIWH,PTFTW67T100,AW67,C_C2,MINW,YES,YES,50
FRA,2024,ETRIWH,PTFTW67T100,AW67,C_C2,MINW,YES,YES,50
FRA,2025,ETRIWH,PTFTW67T100,AW67,C_C2,MINW,YES,YES,50
DEU,2023,ETRIWH,PTFTW67T100,AW67,C_C2,MINW,YES,YES,78
DEU,2024,ETRIWH,PTFTW67T100,AW67,C_C2,MINW,YES,YES,80
DEU,2025,ETRIWH,PTFTW67T100,AW67,C_C2,MINW,YES,YES,81
NLD,2023,ETRIWH,PTFTW67T100,AW67,C_C2,MINW,YES,YES,59
NLD,2024,ETRIWH,PTFTW67T100,AW67,C_C2,MINW,YES,YES,62
POL,2023,ETRIWH,PTFTW67T100,AW67,C_C2,MINW,YES,YES,47
POL,2024,ETRIWH,PTFTW67T100,AW67,C_C2,MINW,YES,YES,44
POL,2025,ETRIWH,PTFTW67T100,AW67,C_C2,MINW,YES,YES,44
ESP,2023,ETRIWH,PTFTW67T100,AW67,C_C2,MINW,YES,YES,29
ESP,2024,ETRIWH,PTFTW67T100,AW67,C_C2,MINW,YES,YES,33
ESP,2025,ETRIWH,PTFTW67T100,AW67,C_C2,MINW,YES,YES,36
GBR,2023,ETRIWH,PTFTW67T100,AW67,C_C2,MINW,YES,YES,69
GBR,2024,ETRIWH,PTFTW67T100,AW67,C_C2,MINW,YES,YES,68
GBR,2025,ETRIWH,PTFTW67T100,AW67,C_C2,MINW,YES,YES,66
USA,2023,ETRIWH,PTFTW67T100,AW67,C_C2,MINW,YES,YES,38
USA,2024,ETRIWH,PTFTW67T100,AW67,C_C2,MINW,YES,YES,43
USA,2025,ETRIWH,PTFTW67T100,AW67,C_C2,MINW,YES,YES,43
OECD,2023,ETRIWH,PTFTW67T100,AW67,C_C2,MINW,YES,YES,45
OECD,2024,ETRIWH,PTFTW67T100,AW67,C_C2,MINW,YES,YES,48
OECD,2025,ETRIWH,PTFTW67T100,AW67,C_C2,MINW,YES,YES,45
BEL,2023,ETRIWH,PTFTW67T100,AW67,C_C2,MINW,NO,YES,72
BEL,2024,ETRIWH,PTFTW67T100,AW67,C_C2,MINW,NO,YES,74
BEL,2025,ETRIWH,PTFTW67T100,AW67,C_C2,MINW,NO,YES,78
FRA,2023,ETRIWH,PTFTW67T100,AW67,C_C2,MINW,NO,YES,50
FRA,2024,ETRIWH,PTFTW67T100,AW67,C_C2,MINW,NO,YES,50
FRA,2025,ETRIWH,PTFTW67T100,AW67,C_C2,MINW,NO,YES,50
DEU,2023,ETRIWH,PTFTW67T100,AW67,C_C2,MINW,NO,YES,61
DEU,2024,ETRIWH,PTFTW67T100,AW67,C_C2,MINW,NO,YES,55
DEU,2025,ETRIWH,PTFTW67T100,AW67,C_C2,MINW,NO,YES,57
NLD,2023,ETRIWH,PTFTW67T100,AW67,C_C2,MINW,NO,YES,59
NLD,2024,ETRIWH,PTFTW67T100,AW67,C_C2,MINW,NO,YES,62
POL,2023,ETRIWH,PTFTW67T100,AW67,C_C2,MINW,NO,YES,47
POL,2024,ETRIWH,PTFTW67T100,AW67,C_C2,MINW,NO,YES,44
POL,2025,ETRIWH,PTFTW67T100,AW67,C_C2,MINW,NO,YES,44
ESP,2023,ETRIWH,PTFTW67T100,AW67,C_C2,MINW,NO,YES,29
ESP,2024,ETRIWH,PTFTW67T100,AW67,C_C2,MINW,NO,YES,33
ESP,2025,ETRIWH,PTFTW67T100,AW67,C_C2,MINW,NO,YES,36
GBR,2023,ETRIWH,PTFTW67T100,AW67,C_C2,MINW,NO,YES,69
GBR,2024,ETRIWH,PTFTW67T100,AW67,C_C2,MINW,NO,YES,68
GBR,2025,ETRIWH,PTFTW67T100,AW67,C_C2,MINW,NO,YES,66
USA,2023,ETRIWH,PTFTW67T100,AW67,C_C2,MINW,NO,YES,38
USA,2024,ETRIWH,PTFTW67T100,AW67,C_C2,MINW,NO,YES,43
USA,2025,ETRIWH,PTFTW67T100,AW67,C_C2,MINW,NO,YES,43
OECD,2023,ETRIWH,PTFTW67T100,AW67,C_C2,MINW,NO,YES,42
OECD,2024,ETRIWH,PTFTW67T100,AW67,C_C2,MINW,NO,YES,46
OECD,2025,ETRIWH,PTFTW67T100,AW67,C_C2,MINW,NO,YES,43
BEL,2023,ETRIWH,PTFTW67T100,AW67,C_C2,MINW,NO,NO,72
BEL,2024,ETRIWH,PTFTW67T100,AW67,C_C2,MINW,NO,NO,74
BEL,2025,ETRIWH,PTFTW67T100,AW67,C_C2,MINW,NO,NO,78
FRA,2023,ETRIWH,PTFTW67T100,AW67,C_C2,MINW,NO,NO,50
FRA,2024,ETRIWH,PTFTW67T100,AW67,C_C2,MINW,NO,NO,50
FRA,2025,ETRIWH,PTFTW67T100,AW67,C_C2,MINW,NO,NO,50
DEU,2023,ETRIWH,PTFTW67T100,AW67,C_C2,MINW,NO,NO,42
DEU,2024,ETRIWH,PTFTW67T100,AW67,C_C2,MINW,NO,NO,42
DEU,2025,ETRIWH,PTFTW67T100,AW67,C_C2,MINW,NO,NO,42
NLD,2023,ETRIWH,PTFTW67T100,AW67,C_C2,MINW,NO,NO,52
NLD,2024,ETRIWH,PTFTW67T100,AW67,C_C2,MINW,NO,NO,53
POL,2023,ETRIWH,PTFTW67T100,AW67,C_C2,MINW,NO,NO,32
POL,2024,ETRIWH,PTFTW67T100,AW67,C_C2,MINW,NO,NO,32
POL,2025,ETRIWH,PTFTW67T100,AW67,C_C2,MINW,NO,NO,32
ESP,2023,ETRIWH,PTFTW67T100,AW67,C_C2,MINW,NO,NO,29
ESP,2024,ETRIWH,PTFTW67T100,AW67,C_C2,MINW,NO,NO,33
ESP,2025,ETRIWH,PTFTW67T100,AW67,C_C2,MINW,NO,NO,36
GBR,2023,ETRIWH,PTFTW67T100,AW67,C_C2,MINW,NO,NO,32
GBR,2024,ETRIWH,PTFTW67T100,AW67,C_C2,MINW,NO,NO,28
GBR,2025,ETRIWH,PTFTW67T100,AW67,C_C2,MINW,NO,NO,28
USA,2023,ETRIWH,PTFTW67T100,AW67,C_C2,MINW,NO,NO,38
USA,2024,ETRIWH,PTFTW67T100,AW67,C_C2,MINW,NO,NO,43
USA,2025,ETRIWH,PTFTW67T100,AW67,C_C2,MINW,NO,NO,43
OECD,2023,ETRIWH,PTFTW67T100,AW67,C_C2,MINW,NO,NO,36
OECD,2024,ETRIWH,PTFTW67T100,AW67,C_C2,MINW,NO,NO,37
OECD,2025,ETRIWH,PTFTW67T100,AW67,C_C2,MINW,NO,NO,35
BEL,2023,ETRIWH,PTFTW50T66,AW67,C_C2,MINW,NO,YES,42
BEL,2024,ETRIWH,PTFTW50T66,AW67,C_C2,MINW,NO,YES,41
BEL,2025,ETRIWH,PTFTW50T66,AW67,C_C2,MINW,NO,YES,41
FRA,2023,ETRIWH,PTFTW50T66,AW67,C_C2,MINW,NO,YES,37
FRA,2024,ETRIWH,PTFTW50T66,AW67,C_C2,MINW,NO,YES,40
FRA,2025,ETRIWH,PTFTW50T66,AW67,C_C2,MINW,NO,YES,40
DEU,2023,ETRIWH,PTFTW50T66,AW67,C_C2,MINW,NO,YES,71
DEU,2024,ETRIWH,PTFTW50T66,AW67,C_C2,MINW,NO,YES,71
DEU,2025,ETRIWH,PTFTW50T66,AW67,C_C2,MINW,NO,YES,70
NLD,2023,ETRIWH,PTFTW50T66,AW67,C_C2,MINW,NO,YES,55
NLD,2024,ETRIWH,PTFTW50T66,AW67,C_C2,MINW,NO,YES,48
POL,2023,ETRIWH,PTFTW50T66,AW67,C_C2,MINW,NO,YES,57
POL,2024,ETRIWH,PTFTW50T66,AW67,C_C2,MINW,NO,YES,64
POL,2025,ETRIWH,PTFTW50T66,AW67,C_C2,MINW,NO,YES,65
ESP,2023,ETRIWH,PTFTW50T66,AW67,C_C2,MINW,NO,YES,6
ESP,2024,ETRIWH,PTFTW50T66,AW67,C_C2,MINW,NO,YES,6
ESP,2025,ETRIWH,PTFTW50T66,AW67,C_C2,MINW,NO,YES,6
GBR,2023,ETRIWH,PTFTW50T66,AW67,C_C2,MINW,NO,YES,69
GBR,2024,ETRIWH,PTFTW50T66,AW67,C_C2,MINW,NO,YES,68
GBR,2025,ETRIWH,PTFTW50T66,AW67,C_C2,MINW,NO,YES,68
USA,2023,ETRIWH,PTFTW50T66,AW67,C_C2,MINW,NO,YES,47
USA,2024,ETRIWH,PTFTW50T66,AW67,C_C2,MINW,NO,YES,52
USA,2025,ETRIWH,PTFTW50T66,AW67,C_C2,MINW,NO,YES,52
OECD,2023,ETRIWH,PTFTW50T66,AW67,C_C2,MINW,NO,YES,46
OECD,2024,ETRIWH,PTFTW50T66,AW67,C_C2,MINW,NO,YES,39
OECD,2025,ETRIWH,PTFTW50T66,AW67,C_C2,MINW,NO,YES,36
BEL,2023,ETRIWH,PTFTW50T66,AW67,C_C2,MINW,NO,NO,42
BEL,2024,ETRIWH,PTFTW50T66,AW67,C_C2,MINW,NO,NO,41
BEL,2025,ETRIWH,PTFTW50T66,AW67,C_C2,MINW,NO,NO,41
FRA,2023,ETRIWH,PTFTW50T66,AW67,C_C2,MINW,NO,NO,37
FRA,2024,ETRIWH,PTFTW50T66,AW67,C_C2,MINW,NO,NO,40
FRA,2025,ETRIWH,PTFTW50T66,AW67,C_C2,MINW,NO,NO,40
DEU,2023,ETRIWH,PTFTW50T66,AW67,C_C2,MINW,NO,NO,42
DEU,2024,ETRIWH,PTFTW50T66,AW67,C_C2,MINW,NO,NO,42
DEU,2025,ETRIWH,PTFTW50T66,AW67,C_C2,MINW,NO,NO,42
NLD,2023,ETRIWH,PTFTW50T66,AW67,C_C2,MINW,NO,NO,36
NLD,2024,ETRIWH,PTFTW50T66,AW67,C_C2,MINW,NO,NO,29
POL,2023,ETRIWH,PTFTW50T66,AW67,C_C2,MINW,NO,NO,26
POL,2024,ETRIWH,PTFTW50T66,AW67,C_C2,MINW,NO,NO,32
POL,2025,ETRIWH,PTFTW50T66,AW67,C_C2,MINW,NO,NO,32
ESP,2023,ETRIWH,PTFTW50T66,AW67,C_C2,MINW,NO,NO,6
ESP,2024,ETRIWH,PTFTW50T66,AW67,C_C2,MINW,NO,NO,6
ESP,2025,ETRIWH,PTFTW50T66,AW67,C_C2,MINW,NO,NO,6
GBR,2023,ETRIWH,PTFTW50T66,AW67,C_C2,MINW,NO,NO,32
GBR,2024,ETRIWH,PTFTW50T66,AW67,C_C2,MINW,NO,NO,28
GBR,2025,ETRIWH,PTFTW50T66,AW67,C_C2,MINW,NO,NO,28
USA,2023,ETRIWH,PTFTW50T66,AW67,C_C2,MINW,NO,NO,47
USA,2024,ETRIWH,PTFTW50T66,AW67,C_C2,MINW,NO,NO,52
USA,2025,ETRIWH,PTFTW50T66,AW67,C_C2,MINW,NO,NO,52
OECD,2023,ETRIWH,PTFTW50T66,AW67,C_C2,MINW,NO,NO,31
OECD,2024,ETRIWH,PTFTW50T66,AW67,C_C2,MINW,NO,NO,31
OECD,2025,ETRIWH,PTFTW50T66,AW67,C_C2,MINW,NO,NO,32
BEL,2023,ETRIWH,PTFTW50T66,AW67,C_C2,MINW,YES,NO,42
BEL,2024,ETRIWH,PTFTW50T66,AW67,C_C2,MINW,YES,NO,41
BEL,2025,ETRIWH,PTFTW50T66,AW67,C_C2,MINW,YES,NO,41
FRA,2023,ETRIWH,PTFTW50T66,AW67,C_C2,MINW,YES,NO,37
FRA,2024,ETRIWH,PTFTW50T66,AW67,C_C2,MINW,YES,NO,40
FRA,2025,ETRIWH,PTFTW50T66,AW67,C_C2,MINW,YES,NO,40
DEU,2023,ETRIWH,PTFTW50T66,AW67,C_C2,MINW,YES,NO,68
DEU,2024,ETRIWH,PTFTW50T66,AW67,C_C2,MINW,YES,NO,68
DEU,2025,ETRIWH,PTFTW50T66,AW67,C_C2,MINW,YES,NO,68
NLD,2023,ETRIWH,PTFTW50T66,AW67,C_C2,MINW,YES,NO,36
NLD,2024,ETRIWH,PTFTW50T66,AW67,C_C2,MINW,YES,NO,29
POL,2023,ETRIWH,PTFTW50T66,AW67,C_C2,MINW,YES,NO,26
POL,2024,ETRIWH,PTFTW50T66,AW67,C_C2,MINW,YES,NO,32
POL,2025,ETRIWH,PTFTW50T66,AW67,C_C2,MINW,YES,NO,32
ESP,2023,ETRIWH,PTFTW50T66,AW67,C_C2,MINW,YES,NO,6
ESP,2024,ETRIWH,PTFTW50T66,AW67,C_C2,MINW,YES,NO,6
ESP,2025,ETRIWH,PTFTW50T66,AW67,C_C2,MINW,YES,NO,6
GBR,2023,ETRIWH,PTFTW50T66,AW67,C_C2,MINW,YES,NO,32
GBR,2024,ETRIWH,PTFTW50T66,AW67,C_C2,MINW,YES,NO,28
GBR,2025,ETRIWH,PTFTW50T66,AW67,C_C2,MINW,YES,NO,28
USA,2023,ETRIWH,PTFTW50T66,AW67,C_C2,MINW,YES,NO,47
USA,2024,ETRIWH,PTFTW50T66,AW67,C_C2,MINW,YES,NO,52
USA,2025,ETRIWH,PTFTW50T66,AW67,C_C2,MINW,YES,NO,52
OECD,2023,ETRIWH,PTFTW50T66,AW67,C_C2,MINW,YES,NO,32
OECD,2024,ETRIWH,PTFTW50T66,AW67,C_C2,MINW,YES,NO,32
OECD,2025,ETRIWH,PTFTW50T66,AW67,C_C2,MINW,YES,NO,33
BEL,2023,ETRIWH,PTFTW50T66,AW67,C_C2,MINW,YES,YES,42
BEL,2024,ETRIWH,PTFTW50T66,AW67,C_C2,MINW,YES,YES,41
BEL,2025,ETRIWH,PTFTW50T66,AW67,C_C2,MINW,YES,YES,41
FRA,2023,ETRIWH,PTFTW50T66,AW67,C_C2,MINW,YES,YES,37
FRA,2024,ETRIWH,PTFTW50T66,AW67,C_C2,MINW,YES,YES,40
FRA,2025,ETRIWH,PTFTW50T66,AW67,C_C2,MINW,YES,YES,40
DEU,2023,ETRIWH,PTFTW50T66,AW67,C_C2,MINW,YES,YES,97
DEU,2024,ETRIWH,PTFTW50T66,AW67,C_C2,MINW,YES,YES,97
DEU,2025,ETRIWH,PTFTW50T66,AW67,C_C2,MINW,YES,YES,96
NLD,2023,ETRIWH,PTFTW50T66,AW67,C_C2,MINW,YES,YES,55
NLD,2024,ETRIWH,PTFTW50T66,AW67,C_C2,MINW,YES,YES,48
POL,2023,ETRIWH,PTFTW50T66,AW67,C_C2,MINW,YES,YES,57
POL,2024,ETRIWH,PTFTW50T66,AW67,C_C2,MINW,YES,YES,64
POL,2025,ETRIWH,PTFTW50T66,AW67,C_C2,MINW,YES,YES,65
ESP,2023,ETRIWH,PTFTW50T66,AW67,C_C2,MINW,YES,YES,6
ESP,2024,ETRIWH,PTFTW50T66,AW67,C_C2,MINW,YES,YES,6
ESP,2025,ETRIWH,PTFTW50T66,AW67,C_C2,MINW,YES,YES,6
GBR,2023,ETRIWH,PTFTW50T66,AW67,C_C2,MINW,YES,YES,69
GBR,2024,ETRIWH,PTFTW50T66,AW67,C_C2,MINW,YES,YES,68
GBR,2025,ETRIWH,PTFTW50T66,AW67,C_C2,MINW,YES,YES,68
USA,2023,ETRIWH,PTFTW50T66,AW67,C_C2,MINW,YES,YES,47
USA,2024,ETRIWH,PTFTW50T66,AW67,C_C2,MINW,YES,YES,52
USA,2025,ETRIWH,PTFTW50T66,AW67,C_C2,MINW,YES,YES,52
OECD,2023,ETRIWH,PTFTW50T66,AW67,C_C2,MINW,YES,YES,49
OECD,2024,ETRIWH,PTFTW50T66,AW67,C_C2,MINW,YES,YES,46
OECD,2025,ETRIWH,PTFTW50T66,AW67,C_C2,MINW,YES,YES,37
ESP,2023,ETRIWH,PTFTW50T66,AW100,C_C0,MINW,YES,NO,46
ESP,2023,ETRIWH,PTFTW50T66,AW100,C_C0,MINW,YES,YES,46
ESP,2023,ETRIWH,PTFTW50T66,AW100,C_C0,MINW,NO,YES,46
ESP,2023,ETRIWH,PTFTW50T66,AW100,C_C0,MINW,NO,NO,46
ESP,2024,ETRIWH,PTFTW50T66,AW100,C_C0,MINW,NO,NO,52
ESP,2024,ETRIWH,PTFTW50T66,AW100,C_C0,MINW,NO,YES,52
ESP,2024,ETRIWH,PTFTW50T66,AW100,C_C0,MINW,YES,YES,52
ESP,2024,ETRIWH,PTFTW50T66,AW100,C_C0,MINW,YES,NO,52
ESP,2025,ETRIWH,PTFTW50T66,AW100,C_C0,MINW,YES,NO,50
ESP,2025,ETRIWH,PTFTW50T66,AW100,C_C0,MINW,YES,YES,50
ESP,2025,ETRIWH,PTFTW50T66,AW100,C_C0,MINW,NO,YES,50
ESP,2025,ETRIWH,PTFTW50T66,AW100,C_C0,MINW,NO,NO,50
DEU,2025,ETRIWH,PTFTW67T100,AW100,C_C0,MINW,NO,NO,45
DEU,2025,ETRIWH,PTFTW67T100,AW100,C_C0,MINW,YES,YES,45
DEU,2025,ETRIWH,PTFTW67T100,AW100,C_C0,MINW,NO,YES,45
DEU,2025,ETRIWH,PTFTW67T100,AW100,C_C0,MINW,YES,NO,45
ESP,2024,ETRIWH,PTFTW50T100,AW100,C_C0,MINW,NO,NO,38
ESP,2024,ETRIWH,PTFTW50T100,AW100,C_C0,MINW,YES,YES,38
ESP,2024,ETRIWH,PTFTW50T100,AW100,C_C0,MINW,YES,NO,38
ESP,2024,ETRIWH,PTFTW50T100,AW100,C_C0,MINW,NO,YES,38
ESP,2025,ETRIWH,PTFTW50T100,AW100,C_C0,MINW,NO,YES,38
ESP,2025,ETRIWH,PTFTW50T100,AW100,C_C0,MINW,YES,NO,38
ESP,2025,ETRIWH,PTFTW50T100,AW100,C_C0,MINW,YES,YES,38
ESP,2025,ETRIWH,PTFTW50T100,AW100,C_C0,MINW,NO,NO,38
OECD,2023,ETRIWH,PTFTW67T100,AW100,C_C0,MINW,NO,YES,38
OECD,2023,ETRIWH,PTFTW67T100,AW100,C_C0,MINW,YES,YES,38
OECD,2024,ETRIWH,PTFTW67T100,AW100,C_C0,MINW,YES,YES,38
OECD,2024,ETRIWH,PTFTW67T100,AW100,C_C0,MINW,NO,YES,38
DEU,2023,ETRIWH,PTFTW33T67,AW100,C_C0,MINW,NO,YES,42
DEU,2023,ETRIWH,PTFTW50T66,AW100,C_C0,MINW,NO,YES,42
DEU,2023,ETRIWH,PTFTW50T66,AW100,C_C0,MINW,NO,NO,42
DEU,2023,ETRIWH,PTFTW33T67,AW100,C_C0,MINW,YES,NO,42
DEU,2023,ETRIWH,PTFTW33T67,AW100,C_C0,MINW,NO,NO,42
DEU,2023,ETRIWH,PTFTW50T66,AW100,C_C0,MINW,YES,NO,42
DEU,2023,ETRIWH,PTFTW33T67,AW100,C_C0,MINW,YES,YES,42
DEU,2023,ETRIWH,PTFTW50T66,AW100,C_C0,MINW,YES,YES,42
DEU,2024,ETRIWH,PTFTW50T66,AW100,C_C0,MINW,YES,YES,42
DEU,2024,ETRIWH,PTFTW33T67,AW100,C_C0,MINW,YES,YES,42
DEU,2024,ETRIWH,PTFTW50T66,AW100,C_C0,MINW,YES,NO,42
DEU,2024,ETRIWH,PTFTW33T67,AW100,C_C0,MINW,NO,NO,42
DEU,2024,ETRIWH,PTFTW33T67,AW100,C_C0,MINW,YES,NO,42
DEU,2024,ETRIWH,PTFTW50T66,AW100,C_C0,MINW,NO,NO,42
DEU,2024,ETRIWH,PTFTW50T66,AW100,C_C0,MINW,NO,YES,42
DEU,2024,ETRIWH,PTFTW33T67,AW100,C_C0,MINW,NO,YES,42
DEU,2023,ETRIWH,PTFTW67T100,AW100,C_C0,MINW,NO,NO,44
DEU,2023,ETRIWH,PTFTW67T100,AW100,C_C0,MINW,YES,YES,44
DEU,2023,ETRIWH,PTFTW67T100,AW100,C_C0,MINW,NO,YES,44
DEU,2023,ETRIWH,PTFTW67T100,AW100,C_C0,MINW,YES,NO,44
DEU,2024,ETRIWH,PTFTW67T100,AW100,C_C0,MINW,YES,NO,44
DEU,2024,ETRIWH,PTFTW67T100,AW100,C_C0,MINW,NO,YES,44
DEU,2024,ETRIWH,PTFTW67T100,AW100,C_C0,MINW,YES,YES,44
DEU,2024,ETRIWH,PTFTW67T100,AW100,C_C0,MINW,NO,NO,44
DEU,2025,ETRIWH,PTFTW50T100,AW100,C_C0,MINW,NO,NO,44
DEU,2025,ETRIWH,PTFTW50T100,AW100,C_C0,MINW,YES,NO,44
DEU,2025,ETRIWH,PTFTW50T100,AW100,C_C0,MINW,NO,YES,44
DEU,2025,ETRIWH,PTFTW50T100,AW100,C_C0,MINW,YES,YES,44
ESP,2023,ETRIWH,PTFTW33T67,AW100,C_C0,MINW,YES,YES,44
ESP,2023,ETRIWH,PTFTW33T67,AW100,C_C0,MINW,NO,YES,44
ESP,2023,ETRIWH,PTFTW50T100,AW100,C_C0,MINW,NO,YES,37
ESP,2023,ETRIWH,PTFTW50T100,AW100,C_C0,MINW,YES,NO,37
ESP,2023,ETRIWH,PTFTW50T100,AW100,C_C0,MINW,YES,YES,37
ESP,2023,ETRIWH,PTFTW50T100,AW100,C_C0,MINW,NO,NO,37
OECD,2023,ETRIWH,PTFTW50T100,AW100,C_C0,MINW,NO,YES,37
OECD,2023,ETRIWH,PTFTW50T100,AW100,C_C0,MINW,YES,YES,37
OECD,2024,ETRIWH,PTFTW50T100,AW100,C_C0,MINW,YES,YES,37
OECD,2024,ETRIWH,PTFTW50T66,AW100,C_C0,MINW,YES,YES,37
OECD,2024,ETRIWH,PTFTW50T100,AW100,C_C0,MINW,NO,YES,37
OECD,2024,ETRIWH,PTFTW50T66,AW100,C_C0,MINW,NO,YES,37
DEU,2023,ETRIWH,PTFTW50T100,AW100,C_C0,MINW,NO,NO,43
DEU,2023,ETRIWH,PTFTW50T100,AW100,C_C0,MINW,YES,NO,43
DEU,2023,ETRIWH,PTFTW50T100,AW100,C_C0,MINW,NO,YES,43
DEU,2023,ETRIWH,PTFTW50T100,AW100,C_C0,MINW,YES,YES,43
DEU,2024,ETRIWH,PTFTW50T100,AW100,C_C0,MINW,YES,YES,43
DEU,2024,ETRIWH,PTFTW50T100,AW100,C_C0,MINW,NO,YES,43
DEU,2024,ETRIWH,PTFTW50T100,AW100,C_C0,MINW,YES,NO,43
DEU,2024,ETRIWH,PTFTW50T100,AW100,C_C0,MINW,NO,NO,43
DEU,2025,ETRIWH,PTFTW33T67,AW100,C_C0,MINW,NO,YES,43
DEU,2025,ETRIWH,PTFTW50T66,AW100,C_C0,MINW,NO,YES,43
DEU,2025,ETRIWH,PTFTW50T66,AW100,C_C0,MINW,NO,NO,43
DEU,2025,ETRIWH,PTFTW33T67,AW100,C_C0,MINW,YES,NO,43
DEU,2025,ETRIWH,PTFTW33T67,AW100,C_C0,MINW,NO,NO,43
DEU,2025,ETRIWH,PTFTW50T66,AW100,C_C0,MINW,YES,NO,43
DEU,2025,ETRIWH,PTFTW33T67,AW100,C_C0,MINW,YES,YES,43
DEU,2025,ETRIWH,PTFTW50T66,AW100,C_C0,MINW,YES,YES,43
FRA,2023,ETRIWH,PTFTW50T100,AW100,C_C0,MINW,NO,YES,40
FRA,2023,ETRIWH,PTFTW50T100,AW100,C_C0,MINW,YES,YES,40
FRA,2023,ETRIWH,PTFTW50T100,AW100,C_C0,MINW,YES,NO,40
FRA,2023,ETRIWH,PTFTW50T66,AW100,C_C0,MINW,YES,YES,54
FRA,2023,ETRIWH,PTFTW50T66,AW100,C_C0,MINW,NO,YES,54
FRA,2023,ETRIWH,PTFTW33T67,AW100,C_C0,MINW,NO,YES,46
FRA,2023,ETRIWH,PTFTW33T67,AW100,C_C0,MINW,NO,NO,46
FRA,2023,ETRIWH,PTFTW50T66,AW100,C_C0,MINW,YES,NO,54
FRA,2023,ETRIWH,PTFTW33T67,AW100,C_C0,MINW,YES,YES,46
FRA,2023,ETRIWH,PTFTW50T66,AW100,C_C0,MINW,NO,NO,54
FRA,2023,ETRIWH,PTFTW50T100,AW100,C_C0,MINW,NO,NO,40
FRA,2023,ETRIWH,PTFTW33T67,AW100,C_C0,MINW,YES,NO,46
FRA,2024,ETRIWH,PTFTW33T67,AW100,C_C0,MINW,YES,NO,44
FRA,2024,ETRIWH,PTFTW50T100,AW100,C_C0,MINW,NO,NO,39
FRA,2024,ETRIWH,PTFTW50T66,AW100,C_C0,MINW,NO,NO,51
FRA,2024,ETRIWH,PTFTW33T67,AW100,C_C0,MINW,YES,YES,44
FRA,2024,ETRIWH,PTFTW50T66,AW100,C_C0,MINW,YES,NO,51
FRA,2024,ETRIWH,PTFTW33T67,AW100,C_C0,MINW,NO,NO,44
FRA,2024,ETRIWH,PTFTW33T67,AW100,C_C0,MINW,NO,YES,44
FRA,2024,ETRIWH,PTFTW50T66,AW100,C_C0,MINW,NO,YES,51
FRA,2024,ETRIWH,PTFTW50T66,AW100,C_C0,MINW,YES,YES,51
FRA,2024,ETRIWH,PTFTW50T100,AW100,C_C0,MINW,YES,NO,39
FRA,2024,ETRIWH,PTFTW50T100,AW100,C_C0,MINW,YES,YES,39
FRA,2024,ETRIWH,PTFTW50T100,AW100,C_C0,MINW,NO,YES,39
FRA,2025,ETRIWH,PTFTW50T100,AW100,C_C0,MINW,NO,YES,40
FRA,2025,ETRIWH,PTFTW50T100,AW100,C_C0,MINW,YES,YES,40
FRA,2025,ETRIWH,PTFTW50T100,AW100,C_C0,MINW,YES,NO,40
FRA,2025,ETRIWH,PTFTW50T66,AW100,C_C0,MINW,YES,YES,56
FRA,2025,ETRIWH,PTFTW50T66,AW100,C_C0,MINW,NO,YES,56
FRA,2025,ETRIWH,PTFTW33T67,AW100,C_C0,MINW,NO,YES,46
FRA,2025,ETRIWH,PTFTW33T67,AW100,C_C0,MINW,NO,NO,46
FRA,2025,ETRIWH,PTFTW50T66,AW100,C_C0,MINW,YES,NO,56
FRA,2025,ETRIWH,PTFTW33T67,AW100,C_C0,MINW,YES,YES,46
FRA,2025,ETRIWH,PTFTW50T66,AW100,C_C0,MINW,NO,NO,56
FRA,2025,ETRIWH,PTFTW50T100,AW100,C_C0,MINW,NO,NO,40
FRA,2025,ETRIWH,PTFTW33T67,AW100,C_C0,MINW,YES,NO,46
NLD,2023,ETRIWH,PTFTW67T100,AW100,C_C0,MINW,YES,YES,54
NLD,2023,ETRIWH,PTFTW67T100,AW100,C_C0,MINW,NO,YES,54
NLD,2023,ETRIWH,PTFTW50T66,AW100,C_C0,MINW,NO,NO,46
NLD,2023,ETRIWH,PTFTW67T100,AW100,C_C0,MINW,YES,NO,54
NLD,2023,ETRIWH,PTFTW50T100,AW100,C_C0,MINW,NO,YES,51
NLD,2023,ETRIWH,PTFTW33T67,AW100,C_C0,MINW,YES,YES,44
NLD,2023,ETRIWH,PTFTW50T66,AW100,C_C0,MINW,NO,YES,46
NLD,2023,ETRIWH,PTFTW50T100,AW100,C_C0,MINW,NO,NO,51
NLD,2023,ETRIWH,PTFTW33T67,AW100,C_C0,MINW,NO,YES,44
NLD,2023,ETRIWH,PTFTW67T100,AW100,C_C0,MINW,NO,NO,54
NLD,2023,ETRIWH,PTFTW50T66,AW100,C_C0,MINW,YES,NO,46
NLD,2023,ETRIWH,PTFTW50T100,AW100,C_C0,MINW,YES,YES,51
NLD,2023,ETRIWH,PTFTW50T100,AW100,C_C0,MINW,YES,NO,51
NLD,2023,ETRIWH,PTFTW50T66,AW100,C_C0,MINW,YES,YES,46
NLD,2023,ETRIWH,PTFTW33T67,AW100,C_C0,MINW,YES,NO,44
NLD,2023,ETRIWH,PTFTW33T67,AW100,C_C0,MINW,NO,NO,44
NLD,2024,ETRIWH,PTFTW33T67,AW100,C_C0,MINW,NO,NO,41
NLD,2024,ETRIWH,PTFTW33T67,AW100,C_C0,MINW,YES,NO,41
NLD,2024,ETRIWH,PTFTW50T66,AW100,C_C0,MINW,YES,YES,48
NLD,2024,ETRIWH,PTFTW50T100,AW100,C_C0,MINW,YES,NO,52
NLD,2024,ETRIWH,PTFTW50T100,AW100,C_C0,MINW,YES,YES,52
NLD,2024,ETRIWH,PTFTW50T66,AW100,C_C0,MINW,YES,NO,48
NLD,2024,ETRIWH,PTFTW67T100,AW100,C_C0,MINW,NO,NO,54
NLD,2024,ETRIWH,PTFTW33T67,AW100,C_C0,MINW,NO,YES,42
NLD,2024,ETRIWH,PTFTW50T100,AW100,C_C0,MINW,NO,NO,52
NLD,2024,ETRIWH,PTFTW50T66,AW100,C_C0,MINW,NO,YES,48
NLD,2024,ETRIWH,PTFTW33T67,AW100,C_C0,MINW,YES,YES,42
NLD,2024,ETRIWH,PTFTW50T100,AW100,C_C0,MINW,NO,YES,52
NLD,2024,ETRIWH,PTFTW67T100,AW100,C_C0,MINW,YES,NO,54
NLD,2024,ETRIWH,PTFTW50T66,AW100,C_C0,MINW,NO,NO,48
NLD,2024,ETRIWH,PTFTW67T100,AW100,C_C0,MINW,NO,YES,54
NLD,2024,ETRIWH,PTFTW67T100,AW100,C_C0,MINW,YES,YES,54
BEL,2025,ETRIWH,PTFTW67T100,AW100,C_C0,MINW,YES,NO,57
BEL,2025,ETRIWH,PTFTW67T100,AW100,C_C0,MINW,NO,NO,57
BEL,2025,ETRIWH,PTFTW67T100,AW100,C_C0,MINW,YES,YES,57
BEL,2025,ETRIWH,PTFTW67T100,AW100,C_C0,MINW,NO,YES,57
BEL,2023,ETRIWH,PTFTW33T67,AW100,C_C0,MINW,NO,YES,58
BEL,2023,ETRIWH,PTFTW50T100,AW100,C_C0,MINW,NO,YES,63
BEL,2023,ETRIWH,PTFTW50T100,AW100,C_C0,MINW,YES,NO,63
BEL,2023,ETRIWH,PTFTW33T67,AW100,C_C0,MINW,YES,NO,58
BEL,2023,ETRIWH,PTFTW33T67,AW100,C_C0,MINW,YES,YES,58
BEL,2023,ETRIWH,PTFTW33T67,AW100,C_C0,MINW,NO,NO,58
BEL,2023,ETRIWH,PTFTW50T100,AW100,C_C0,MINW,YES,YES,63
BEL,2023,ETRIWH,PTFTW50T66,AW100,C_C0,MINW,YES,NO,70
BEL,2023,ETRIWH,PTFTW67T100,AW100,C_C0,MINW,YES,NO,59
BEL,2023,ETRIWH,PTFTW50T100,AW100,C_C0,MINW,NO,NO,63
BEL,2023,ETRIWH,PTFTW67T100,AW100,C_C0,MINW,NO,NO,59
BEL,2023,ETRIWH,PTFTW67T100,AW100,C_C0,MINW,YES,YES,59
BEL,2023,ETRIWH,PTFTW50T66,AW100,C_C0,MINW,NO,NO,70
BEL,2023,ETRIWH,PTFTW67T100,AW100,C_C0,MINW,NO,YES,59
BEL,2023,ETRIWH,PTFTW50T66,AW100,C_C0,MINW,NO,YES,70
BEL,2023,ETRIWH,PTFTW50T66,AW100,C_C0,MINW,YES,YES,70
BEL,2024,ETRIWH,PTFTW50T66,AW100,C_C0,MINW,YES,YES,71
BEL,2024,ETRIWH,PTFTW50T66,AW100,C_C0,MINW,NO,YES,71
BEL,2024,ETRIWH,PTFTW67T100,AW100,C_C0,MINW,NO,YES,58
BEL,2024,ETRIWH,PTFTW50T66,AW100,C_C0,MINW,NO,NO,71
BEL,2024,ETRIWH,PTFTW67T100,AW100,C_C0,MINW,YES,YES,58
BEL,2024,ETRIWH,PTFTW67T100,AW100,C_C0,MINW,NO,NO,58
BEL,2024,ETRIWH,PTFTW50T100,AW100,C_C0,MINW,NO,NO,63
BEL,2024,ETRIWH,PTFTW67T100,AW100,C_C0,MINW,YES,NO,58
BEL,2024,ETRIWH,PTFTW50T66,AW100,C_C0,MINW,YES,NO,71
BEL,2024,ETRIWH,PTFTW50T100,AW100,C_C0,MINW,YES,YES,63
BEL,2024,ETRIWH,PTFTW33T67,AW100,C_C0,MINW,NO,NO,59
BEL,2024,ETRIWH,PTFTW33T67,AW100,C_C0,MINW,YES,YES,59
BEL,2024,ETRIWH,PTFTW33T67,AW100,C_C0,MINW,YES,NO,59
BEL,2024,ETRIWH,PTFTW50T100,AW100,C_C0,MINW,YES,NO,63
BEL,2024,ETRIWH,PTFTW50T100,AW100,C_C0,MINW,NO,YES,63
BEL,2024,ETRIWH,PTFTW33T67,AW100,C_C0,MINW,NO,YES,59
BEL,2025,ETRIWH,PTFTW33T67,AW100,C_C0,MINW,NO,YES,61
BEL,2025,ETRIWH,PTFTW50T100,AW100,C_C0,MINW,NO,YES,64
BEL,2025,ETRIWH,PTFTW50T100,AW100,C_C0,MINW,YES,NO,64
BEL,2025,ETRIWH,PTFTW33T67,AW100,C_C0,MINW,YES,NO,61
BEL,2025,ETRIWH,PTFTW33T67,AW100,C_C0,MINW,YES,YES,61
BEL,2025,ETRIWH,PTFTW33T67,AW100,C_C0,MINW,NO,NO,61
BEL,2025,ETRIWH,PTFTW50T100,AW100,C_C0,MINW,YES,YES,64
BEL,2025,ETRIWH,PTFTW50T66,AW100,C_C0,MINW,YES,NO,76
BEL,2025,ETRIWH,PTFTW50T100,AW100,C_C0,MINW,NO,NO,64
BEL,2025,ETRIWH,PTFTW50T66,AW100,C_C0,MINW,NO,NO,76
BEL,2025,ETRIWH,PTFTW50T66,AW100,C_C0,MINW,NO,YES,76
BEL,2025,ETRIWH,PTFTW50T66,AW100,C_C0,MINW,YES,YES,76
OECD,2023,ETRIWH,PTFTW50T100,AW100,C_C0,MINW,NO,NO,36
OECD,2023,ETRIWH,PTFTW50T66,AW100,C_C0,MINW,NO,YES,36
OECD,2023,ETRIWH,PTFTW50T66,AW100,C_C0,MINW,NO,NO,36
OECD,2023,ETRIWH,PTFTW67T100,AW100,C_C0,MINW,YES,NO,36
OECD,2023,ETRIWH,PTFTW50T100,AW100,C_C0,MINW,YES,NO,36
OECD,2023,ETRIWH,PTFTW50T66,AW100,C_C0,MINW,YES,NO,36
OECD,2023,ETRIWH,PTFTW67T100,AW100,C_C0,MINW,NO,NO,36
OECD,2023,ETRIWH,PTFTW50T66,AW100,C_C0,MINW,YES,YES,36
OECD,2024,ETRIWH,PTFTW67T100,AW100,C_C0,MINW,NO,NO,36
OECD,2024,ETRIWH,PTFTW50T66,AW100,C_C0,MINW,YES,NO,36
OECD,2024,ETRIWH,PTFTW50T100,AW100,C_C0,MINW,YES,NO,36
OECD,2024,ETRIWH,PTFTW67T100,AW100,C_C0,MINW,YES,NO,36
OECD,2024,ETRIWH,PTFTW50T66,AW100,C_C0,MINW,NO,NO,36
OECD,2024,ETRIWH,PTFTW50T100,AW100,C_C0,MINW,NO,NO,36
OECD,2025,ETRIWH,PTFTW50T66,AW100,C_C0,MINW,NO,YES,36
OECD,2025,ETRIWH,PTFTW50T66,AW100,C_C0,MINW,NO,NO,36
OECD,2025,ETRIWH,PTFTW50T66,AW100,C_C0,MINW,YES,NO,36
OECD,2025,ETRIWH,PTFTW50T66,AW100,C_C0,MINW,YES,YES,36
GBR,2024,ETRIWH,PTFTW50T66,AW100,C_C0,MINW,NO,YES,28
GBR,2024,ETRIWH,PTFTW33T67,AW100,C_C0,MINW,NO,YES,28
GBR,2024,ETRIWH,PTFTW50T66,AW100,C_C0,MINW,YES,NO,28
GBR,2024,ETRIWH,PTFTW33T67,AW100,C_C0,MINW,YES,NO,28
GBR,2024,ETRIWH,PTFTW50T66,AW100,C_C0,MINW,YES,YES,28
GBR,2024,ETRIWH,PTFTW33T67,AW100,C_C0,MINW,NO,NO,28
GBR,2024,ETRIWH,PTFTW50T66,AW100,C_C0,MINW,NO,NO,28
GBR,2024,ETRIWH,PTFTW33T67,AW100,C_C0,MINW,YES,YES,28
GBR,2025,ETRIWH,PTFTW33T67,AW100,C_C0,MINW,YES,YES,28
GBR,2025,ETRIWH,PTFTW50T66,AW100,C_C0,MINW,NO,NO,28
GBR,2025,ETRIWH,PTFTW33T67,AW100,C_C0,MINW,NO,NO,28
GBR,2025,ETRIWH,PTFTW50T66,AW100,C_C0,MINW,YES,YES,28
GBR,2025,ETRIWH,PTFTW33T67,AW100,C_C0,MINW,YES,NO,28
GBR,2025,ETRIWH,PTFTW50T66,AW100,C_C0,MINW,YES,NO,28
GBR,2025,ETRIWH,PTFTW33T67,AW100,C_C0,MINW,NO,YES,28
GBR,2025,ETRIWH,PTFTW50T66,AW100,C_C0,MINW,NO,YES,28
OECD,2023,ETRIWH,PTFTW33T67,AW100,C_C0,MINW,YES,YES,35
OECD,2025,ETRIWH,PTFTW50T100,AW100,C_C0,MINW,NO,NO,35
OECD,2025,ETRIWH,PTFTW67T100,AW100,C_C0,MINW,YES,NO,35
OECD,2025,ETRIWH,PTFTW67T100,AW100,C_C0,MINW,NO,YES,35
OECD,2025,ETRIWH,PTFTW50T100,AW100,C_C0,MINW,YES,NO,35
OECD,2025,ETRIWH,PTFTW50T100,AW100,C_C0,MINW,NO,YES,35
OECD,2025,ETRIWH,PTFTW67T100,AW100,C_C0,MINW,NO,NO,35
OECD,2025,ETRIWH,PTFTW67T100,AW100,C_C0,MINW,YES,YES,35
OECD,2025,ETRIWH,PTFTW50T100,AW100,C_C0,MINW,YES,YES,35
GBR,2024,ETRIWH,PTFTW50T100,AW100,C_C0,MINW,NO,NO,29
GBR,2024,ETRIWH,PTFTW50T100,AW100,C_C0,MINW,NO,YES,29
GBR,2024,ETRIWH,PTFTW50T100,AW100,C_C0,MINW,YES,NO,29
GBR,2024,ETRIWH,PTFTW50T100,AW100,C_C0,MINW,YES,YES,29
GBR,2024,ETRIWH,PTFTW67T100,AW100,C_C0,MINW,YES,NO,29
GBR,2024,ETRIWH,PTFTW67T100,AW100,C_C0,MINW,YES,YES,29
GBR,2024,ETRIWH,PTFTW67T100,AW100,C_C0,MINW,NO,NO,29
GBR,2024,ETRIWH,PTFTW67T100,AW100,C_C0,MINW,NO,YES,29
ESP,2024,ETRIWH,PTFTW33T67,AW100,C_C0,MINW,YES,NO,29
ESP,2024,ETRIWH,PTFTW33T67,AW100,C_C0,MINW,NO,YES,29
ESP,2024,ETRIWH,PTFTW33T67,AW100,C_C0,MINW,YES,YES,29
ESP,2024,ETRIWH,PTFTW33T67,AW100,C_C0,MINW,NO,NO,29
ESP,2023,ETRIWH,PTFTW33T67,AW100,C_C0,MINW,NO,NO,26
ESP,2023,ETRIWH,PTFTW33T67,AW100,C_C0,MINW,YES,NO,26
USA,2023,ETRIWH,PTFTW33T67,AW100,C_C0,MINW,YES,YES,26
USA,2023,ETRIWH,PTFTW67T100,AW100,C_C0,MINW,YES,NO,26
USA,2023,ETRIWH,PTFTW67T100,AW100,C_C0,MINW,YES,YES,26
USA,2023,ETRIWH,PTFTW67T100,AW100,C_C0,MINW,NO,YES,26
USA,2023,ETRIWH,PTFTW50T66,AW100,C_C0,MINW,NO,YES,26
USA,2023,ETRIWH,PTFTW33T67,AW100,C_C0,MINW,NO,YES,26
USA,2023,ETRIWH,PTFTW50T100,AW100,C_C0,MINW,YES,NO,26
USA,2023,ETRIWH,PTFTW33T67,AW100,C_C0,MINW,YES,NO,26
USA,2023,ETRIWH,PTFTW50T66,AW100,C_C0,MINW,YES,YES,26
USA,2023,ETRIWH,PTFTW50T100,AW100,C_C0,MINW,NO,YES,26
USA,2023,ETRIWH,PTFTW50T100,AW100,C_C0,MINW,YES,YES,26
USA,2023,ETRIWH,PTFTW50T66,AW100,C_C0,MINW,NO,NO,26
USA,2023,ETRIWH,PTFTW33T67,AW100,C_C0,MINW,NO,NO,26
USA,2023,ETRIWH,PTFTW50T100,AW100,C_C0,MINW,NO,NO,26
USA,2023,ETRIWH,PTFTW67T100,AW100,C_C0,MINW,NO,NO,26
USA,2023,ETRIWH,PTFTW50T66,AW100,C_C0,MINW,YES,NO,26
USA,2024,ETRIWH,PTFTW50T66,AW100,C_C0,MINW,YES,NO,26
USA,2024,ETRIWH,PTFTW67T100,AW100,C_C0,MINW,NO,NO,26
USA,2024,ETRIWH,PTFTW50T100,AW100,C_C0,MINW,NO,NO,26
USA,2024,ETRIWH,PTFTW33T67,AW100,C_C0,MINW,NO,NO,26
USA,2024,ETRIWH,PTFTW50T66,AW100,C_C0,MINW,NO,NO,26
USA,2024,ETRIWH,PTFTW50T100,AW100,C_C0,MINW,YES,YES,26
USA,2024,ETRIWH,PTFTW50T100,AW100,C_C0,MINW,NO,YES,26
USA,2024,ETRIWH,PTFTW50T66,AW100,C_C0,MINW,YES,YES,26
USA,2024,ETRIWH,PTFTW33T67,AW100,C_C0,MINW,YES,NO,26
USA,2024,ETRIWH,PTFTW50T100,AW100,C_C0,MINW,YES,NO,26
USA,2024,ETRIWH,PTFTW33T67,AW100,C_C0,MINW,NO,YES,26
USA,2024,ETRIWH,PTFTW50T66,AW100,C_C0,MINW,NO,YES,26
USA,2024,ETRIWH,PTFTW67T100,AW100,C_C0,MINW,NO,YES,26
USA,2024,ETRIWH,PTFTW67T100,AW100,C_C0,MINW,YES,YES,26
USA,2024,ETRIWH,PTFTW67T100,AW100,C_C0,MINW,YES,NO,26
USA,2024,ETRIWH,PTFTW33T67,AW100,C_C0,MINW,YES,YES,26
USA,2025,ETRIWH,PTFTW33T67,AW100,C_C0,MINW,YES,YES,26
USA,2025,ETRIWH,PTFTW67T100,AW100,C_C0,MINW,YES,NO,26
USA,2025,ETRIWH,PTFTW67T100,AW100,C_C0,MINW,YES,YES,26
USA,2025,ETRIWH,PTFTW67T100,AW100,C_C0,MINW,NO,YES,26
USA,2025,ETRIWH,PTFTW50T66,AW100,C_C0,MINW,NO,YES,26
USA,2025,ETRIWH,PTFTW33T67,AW100,C_C0,MINW,NO,YES,26
USA,2025,ETRIWH,PTFTW50T100,AW100,C_C0,MINW,YES,NO,26
USA,2025,ETRIWH,PTFTW33T67,AW100,C_C0,MINW,YES,NO,26
USA,2025,ETRIWH,PTFTW50T66,AW100,C_C0,MINW,YES,YES,26
USA,2025,ETRIWH,PTFTW50T100,AW100,C_C0,MINW,NO,YES,26
USA,2025,ETRIWH,PTFTW50T100,AW100,C_C0,MINW,YES,YES,26
USA,2025,ETRIWH,PTFTW50T66,AW100,C_C0,MINW,NO,NO,26
USA,2025,ETRIWH,PTFTW33T67,AW100,C_C0,MINW,NO,NO,26
USA,2025,ETRIWH,PTFTW50T100,AW100,C_C0,MINW,NO,NO,26
USA,2025,ETRIWH,PTFTW67T100,AW100,C_C0,MINW,NO,NO,26
USA,2025,ETRIWH,PTFTW50T66,AW100,C_C0,MINW,YES,NO,26
GBR,2025,ETRIWH,PTFTW67T100,AW100,C_C0,MINW,NO,YES,31
GBR,2025,ETRIWH,PTFTW67T100,AW100,C_C0,MINW,NO,NO,31
GBR,2025,ETRIWH,PTFTW67T100,AW100,C_C0,MINW,YES,YES,31
GBR,2025,ETRIWH,PTFTW67T100,AW100,C_C0,MINW,YES,NO,31
FRA,2023,ETRIWH,PTFTW67T100,AW100,C_C0,MINW,NO,NO,33
FRA,2023,ETRIWH,PTFTW67T100,AW100,C_C0,MINW,YES,NO,33
FRA,2023,ETRIWH,PTFTW67T100,AW100,C_C0,MINW,NO,YES,33
FRA,2023,ETRIWH,PTFTW67T100,AW100,C_C0,MINW,YES,YES,33
FRA,2024,ETRIWH,PTFTW67T100,AW100,C_C0,MINW,YES,YES,33
FRA,2024,ETRIWH,PTFTW67T100,AW100,C_C0,MINW,NO,YES,33
FRA,2024,ETRIWH,PTFTW67T100,AW100,C_C0,MINW,YES,NO,33
FRA,2024,ETRIWH,PTFTW67T100,AW100,C_C0,MINW,NO,NO,33
FRA,2025,ETRIWH,PTFTW67T100,AW100,C_C0,MINW,NO,NO,33
FRA,2025,ETRIWH,PTFTW67T100,AW100,C_C0,MINW,YES,NO,33
FRA,2025,ETRIWH,PTFTW67T100,AW100,C_C0,MINW,NO,YES,33
FRA,2025,ETRIWH,PTFTW67T100,AW100,C_C0,MINW,YES,YES,33
ESP,2023,ETRIWH,PTFTW67T100,AW100,C_C0,MINW,NO,NO,33
ESP,2023,ETRIWH,PTFTW67T100,AW100,C_C0,MINW,YES,YES,33
ESP,2023,ETRIWH,PTFTW67T100,AW100,C_C0,MINW,NO,YES,33
ESP,2023,ETRIWH,PTFTW67T100,AW100,C_C0,MINW,YES,NO,33
OECD,2023,ETRIWH,PTFTW33T67,AW100,C_C0,MINW,NO,YES,33
OECD,2024,ETRIWH,PTFTW33T67,AW100,C_C0,MINW,NO,YES,33
OECD,2024,ETRIWH,PTFTW33T67,AW100,C_C0,MINW,YES,YES,33
OECD,2025,ETRIWH,PTFTW33T67,AW100,C_C0,MINW,YES,YES,33
OECD,2025,ETRIWH,PTFTW33T67,AW100,C_C0,MINW,NO,YES,33
POL,2023,ETRIWH,PTFTW33T67,AW100,C_C0,MINW,YES,NO,30
POL,2023,ETRIWH,PTFTW33T67,AW100,C_C0,MINW,YES,YES,30
POL,2023,ETRIWH,PTFTW33T67,AW100,C_C0,MINW,NO,NO,30
POL,2023,ETRIWH,PTFTW33T67,AW100,C_C0,MINW,NO,YES,30
ESP,2025,ETRIWH,PTFTW33T67,AW100,C_C0,MINW,NO,NO,30
ESP,2025,ETRIWH,PTFTW33T67,AW100,C_C0,MINW,YES,YES,30
ESP,2025,ETRIWH,PTFTW33T67,AW100,C_C0,MINW,NO,YES,30
ESP,2025,ETRIWH,PTFTW33T67,AW100,C_C0,MINW,YES,NO,30
GBR,2025,ETRIWH,PTFTW50T100,AW100,C_C0,MINW,YES,YES,30
GBR,2025,ETRIWH,PTFTW50T100,AW100,C_C0,MINW,YES,NO,30
GBR,2025,ETRIWH,PTFTW50T100,AW100,C_C0,MINW,NO,YES,30
GBR,2025,ETRIWH,PTFTW50T100,AW100,C_C0,MINW,NO,NO,30
OECD,2023,ETRIWH,PTFTW33T67,AW100,C_C0,MINW,YES,NO,32
OECD,2023,ETRIWH,PTFTW33T67,AW100,C_C0,MINW,NO,NO,32
OECD,2024,ETRIWH,PTFTW33T67,AW100,C_C0,MINW,NO,NO,32
OECD,2024,ETRIWH,PTFTW33T67,AW100,C_C0,MINW,YES,NO,32
OECD,2025,ETRIWH,PTFTW33T67,AW100,C_C0,MINW,YES,NO,32
OECD,2025,ETRIWH,PTFTW33T67,AW100,C_C0,MINW,NO,NO,32
POL,2023,ETRIWH,PTFTW50T66,AW100,C_C0,MINW,YES,NO,32
POL,2023,ETRIWH,PTFTW50T100,AW100,C_C0,MINW,NO,NO,32
POL,2023,ETRIWH,PTFTW67T100,AW100,C_C0,MINW,YES,NO,32
POL,2023,ETRIWH,PTFTW50T66,AW100,C_C0,MINW,NO,YES,32
POL,2023,ETRIWH,PTFTW50T100,AW100,C_C0,MINW,YES,YES,32
POL,2023,ETRIWH,PTFTW67T100,AW100,C_C0,MINW,NO,YES,32
POL,2023,ETRIWH,PTFTW50T66,AW100,C_C0,MINW,NO,NO,32
POL,2023,ETRIWH,PTFTW50T100,AW100,C_C0,MINW,YES,NO,32
POL,2023,ETRIWH,PTFTW67T100,AW100,C_C0,MINW,YES,YES,32
POL,2023,ETRIWH,PTFTW50T100,AW100,C_C0,MINW,NO,YES,32
POL,2023,ETRIWH,PTFTW50T66,AW100,C_C0,MINW,YES,YES,32
POL,2023,ETRIWH,PTFTW67T100,AW100,C_C0,MINW,NO,NO,32
POL,2024,ETRIWH,PTFTW67T100,AW100,C_C0,MINW,NO,NO,32
POL,2024,ETRIWH,PTFTW50T66,AW100,C_C0,MINW,YES,YES,32
POL,2024,ETRIWH,PTFTW50T100,AW100,C_C0,MINW,NO,YES,32
POL,2024,ETRIWH,PTFTW67T100,AW100,C_C0,MINW,YES,YES,32
POL,2024,ETRIWH,PTFTW50T100,AW100,C_C0,MINW,YES,NO,32
POL,2024,ETRIWH,PTFTW50T66,AW100,C_C0,MINW,NO,NO,32
POL,2024,ETRIWH,PTFTW33T67,AW100,C_C0,MINW,NO,YES,32
POL,2024,ETRIWH,PTFTW67T100,AW100,C_C0,MINW,NO,YES,32
POL,2024,ETRIWH,PTFTW33T67,AW100,C_C0,MINW,NO,NO,32
POL,2024,ETRIWH,PTFTW33T67,AW100,C_C0,MINW,YES,YES,32
POL,2024,ETRIWH,PTFTW50T100,AW100,C_C0,MINW,YES,YES,32
POL,2024,ETRIWH,PTFTW50T66,AW100,C_C0,MINW,NO,YES,32
POL,2024,ETRIWH,PTFTW67T100,AW100,C_C0,MINW,YES,NO,32
POL,2024,ETRIWH,PTFTW50T100,AW100,C_C0,MINW,NO,NO,32
POL,2024,ETRIWH,PTFTW50T66,AW100,C_C0,MINW,YES,NO,32
POL,2024,ETRIWH,PTFTW33T67,AW100,C_C0,MINW,YES,NO,32
POL,2025,ETRIWH,PTFTW33T67,AW100,C_C0,MINW,YES,NO,32
POL,2025,ETRIWH,PTFTW50T66,AW100,C_C0,MINW,YES,NO,32
POL,2025,ETRIWH,PTFTW50T100,AW100,C_C0,MINW,NO,NO,32
POL,2025,ETRIWH,PTFTW67T100,AW100,C_C0,MINW,YES,NO,32
POL,2025,ETRIWH,PTFTW50T66,AW100,C_C0,MINW,NO,YES,32
POL,2025,ETRIWH,PTFTW50T100,AW100,C_C0,MINW,YES,YES,32
POL,2025,ETRIWH,PTFTW33T67,AW100,C_C0,MINW,YES,YES,32
POL,2025,ETRIWH,PTFTW33T67,AW100,C_C0,MINW,NO,NO,32
POL,2025,ETRIWH,PTFTW67T100,AW100,C_C0,MINW,NO,YES,32
POL,2025,ETRIWH,PTFTW33T67,AW100,C_C0,MINW,NO,YES,32
POL,2025,ETRIWH,PTFTW50T66,AW100,C_C0,MINW,NO,NO,32
POL,2025,ETRIWH,PTFTW50T100,AW100,C_C0,MINW,YES,NO,32
POL,2025,ETRIWH,PTFTW67T100,AW100,C_C0,MINW,YES,YES,32
POL,2025,ETRIWH,PTFTW50T100,AW100,C_C0,MINW,NO,YES,32
POL,2025,ETRIWH,PTFTW50T66,AW100,C_C0,MINW,YES,YES,32
POL,2025,ETRIWH,PTFTW67T100,AW100,C_C0,MINW,NO,NO,32
ESP,2024,ETRIWH,PTFTW67T100,AW100,C_C0,MINW,YES,NO,32
ESP,2024,ETRIWH,PTFTW67T100,AW100,C_C0,MINW,NO,YES,32
ESP,2024,ETRIWH,PTFTW67T100,AW100,C_C0,MINW,YES,YES,32
ESP,2024,ETRIWH,PTFTW67T100,AW100,C_C0,MINW,NO,NO,32
ESP,2025,ETRIWH,PTFTW67T100,AW100,C_C0,MINW,NO,NO,32
ESP,2025,ETRIWH,PTFTW67T100,AW100,C_C0,MINW,YES,YES,32
ESP,2025,ETRIWH,PTFTW67T100,AW100,C_C0,MINW,NO,YES,32
ESP,2025,ETRIWH,PTFTW67T100,AW100,C_C0,MINW,YES,NO,32
GBR,2023,ETRIWH,PTFTW33T67,AW100,C_C0,MINW,YES,YES,32
GBR,2023,ETRIWH,PTFTW50T66,AW100,C_C0,MINW,NO,NO,32
GBR,2023,ETRIWH,PTFTW50T100,AW100,C_C0,MINW,YES,YES,32
GBR,2023,ETRIWH,PTFTW67T100,AW100,C_C0,MINW,NO,YES,32
GBR,2023,ETRIWH,PTFTW50T100,AW100,C_C0,MINW,YES,NO,32
GBR,2023,ETRIWH,PTFTW33T67,AW100,C_C0,MINW,NO,NO,32
GBR,2023,ETRIWH,PTFTW50T100,AW100,C_C0,MINW,NO,YES,32
GBR,2023,ETRIWH,PTFTW50T100,AW100,C_C0,MINW,NO,NO,32
GBR,2023,ETRIWH,PTFTW67T100,AW100,C_C0,MINW,NO,NO,32
GBR,2023,ETRIWH,PTFTW50T66,AW100,C_C0,MINW,YES,YES,32
GBR,2023,ETRIWH,PTFTW67T100,AW100,C_C0,MINW,YES,YES,32
GBR,2023,ETRIWH,PTFTW33T67,AW100,C_C0,MINW,YES,NO,32
GBR,2023,ETRIWH,PTFTW67T100,AW100,C_C0,MINW,YES,NO,32
GBR,2023,ETRIWH,PTFTW50T66,AW100,C_C0,MINW,YES,NO,32
GBR,2023,ETRIWH,PTFTW33T67,AW100,C_C0,MINW,NO,YES,32
GBR,2023,ETRIWH,PTFTW50T66,AW100,C_C0,MINW,NO,YES,32
OECD,2023,ETRIWH,PTFTW33T67,AW67,C_C0,MINW,YES,YES,30
ESP,2025,ETRIWH,PTFTW50T100,AW67,C_C0,MINW,YES,NO,30
ESP,2025,ETRIWH,PTFTW50T100,AW67,C_C0,MINW,NO,NO,30
ESP,2025,ETRIWH,PTFTW50T100,AW67,C_C0,MINW,NO,YES,30
ESP,2025,ETRIWH,PTFTW50T100,AW67,C_C0,MINW,YES,YES,30
POL,2023,ETRIWH,PTFTW50T100,AW67,C_C0,MINW,NO,YES,30
POL,2023,ETRIWH,PTFTW50T100,AW67,C_C0,MINW,YES,NO,30
POL,2023,ETRIWH,PTFTW50T100,AW67,C_C0,MINW,YES,YES,30
POL,2023,ETRIWH,PTFTW50T100,AW67,C_C0,MINW,NO,NO,30
POL,2024,ETRIWH,PTFTW33T67,AW67,C_C0,MINW,NO,YES,30
POL,2024,ETRIWH,PTFTW33T67,AW67,C_C0,MINW,YES,YES,30
POL,2024,ETRIWH,PTFTW33T67,AW67,C_C0,MINW,YES,NO,30
POL,2024,ETRIWH,PTFTW33T67,AW67,C_C0,MINW,NO,NO,30
GBR,2023,ETRIWH,PTFTW67T100,AW67,C_C0,MINW,YES,NO,32
GBR,2023,ETRIWH,PTFTW50T100,AW67,C_C0,MINW,YES,YES,32
GBR,2023,ETRIWH,PTFTW50T100,AW67,C_C0,MINW,NO,YES,32
GBR,2023,ETRIWH,PTFTW67T100,AW67,C_C0,MINW,YES,YES,32
GBR,2023,ETRIWH,PTFTW50T100,AW67,C_C0,MINW,NO,NO,32
GBR,2023,ETRIWH,PTFTW67T100,AW67,C_C0,MINW,NO,YES,32
GBR,2023,ETRIWH,PTFTW50T66,AW67,C_C0,MINW,NO,YES,32
GBR,2023,ETRIWH,PTFTW50T100,AW67,C_C0,MINW,YES,NO,32
GBR,2023,ETRIWH,PTFTW50T66,AW67,C_C0,MINW,YES,YES,32
GBR,2023,ETRIWH,PTFTW67T100,AW67,C_C0,MINW,NO,NO,32
GBR,2023,ETRIWH,PTFTW50T66,AW67,C_C0,MINW,YES,NO,32
GBR,2023,ETRIWH,PTFTW50T66,AW67,C_C0,MINW,NO,NO,32
BEL,2023,ETRIWH,PTFTW33T67,AW67,C_C0,MINW,YES,NO,32
BEL,2023,ETRIWH,PTFTW33T67,AW67,C_C0,MINW,NO,YES,32
BEL,2023,ETRIWH,PTFTW33T67,AW67,C_C0,MINW,YES,YES,32
BEL,2023,ETRIWH,PTFTW33T67,AW67,C_C0,MINW,NO,NO,32
BEL,2024,ETRIWH,PTFTW33T67,AW67,C_C0,MINW,NO,NO,32
BEL,2024,ETRIWH,PTFTW33T67,AW67,C_C0,MINW,YES,YES,32
BEL,2024,ETRIWH,PTFTW33T67,AW67,C_C0,MINW,NO,YES,32
BEL,2024,ETRIWH,PTFTW33T67,AW67,C_C0,MINW,YES,NO,32
FRA,2023,ETRIWH,PTFTW50T66,AW67,C_C0,MINW,NO,YES,32
FRA,2023,ETRIWH,PTFTW50T66,AW67,C_C0,MINW,YES,YES,32
FRA,2023,ETRIWH,PTFTW50T66,AW67,C_C0,MINW,NO,NO,32
FRA,2023,ETRIWH,PTFTW50T66,AW67,C_C0,MINW,YES,NO,32
FRA,2024,ETRIWH,PTFTW50T66,AW67,C_C0,MINW,YES,NO,32
FRA,2024,ETRIWH,PTFTW50T66,AW67,C_C0,MINW,NO,NO,32
FRA,2024,ETRIWH,PTFTW50T66,AW67,C_C0,MINW,YES,YES,32
FRA,2024,ETRIWH,PTFTW50T66,AW67,C_C0,MINW,NO,YES,32
FRA,2025,ETRIWH,PTFTW50T66,AW67,C_C0,MINW,NO,YES,32
FRA,2025,ETRIWH,PTFTW50T66,AW67,C_C0,MINW,YES,YES,32
FRA,2025,ETRIWH,PTFTW50T66,AW67,C_C0,MINW,NO,NO,32
FRA,2025,ETRIWH,PTFTW50T66,AW67,C_C0,MINW,YES,NO,32
NLD,2023,ETRIWH,PTFTW33T67,AW67,C_C0,MINW,YES,NO,32
NLD,2023,ETRIWH,PTFTW33T67,AW67,C_C0,MINW,NO,NO,32
NLD,2024,ETRIWH,PTFTW50T66,AW67,C_C0,MINW,NO,NO,32
NLD,2024,ETRIWH,PTFTW50T66,AW67,C_C0,MINW,NO,YES,32
NLD,2024,ETRIWH,PTFTW50T66,AW67,C_C0,MINW,YES,NO,32
NLD,2024,ETRIWH,PTFTW50T66,AW67,C_C0,MINW,YES,YES,32
POL,2023,ETRIWH,PTFTW67T100,AW67,C_C0,MINW,NO,NO,32
POL,2023,ETRIWH,PTFTW67T100,AW67,C_C0,MINW,YES,YES,32
POL,2023,ETRIWH,PTFTW67T100,AW67,C_C0,MINW,YES,NO,32
POL,2023,ETRIWH,PTFTW67T100,AW67,C_C0,MINW,NO,YES,32
POL,2024,ETRIWH,PTFTW50T100,AW67,C_C0,MINW,NO,NO,32
POL,2024,ETRIWH,PTFTW50T66,AW67,C_C0,MINW,NO,YES,32
POL,2024,ETRIWH,PTFTW67T100,AW67,C_C0,MINW,NO,YES,32
POL,2024,ETRIWH,PTFTW67T100,AW67,C_C0,MINW,YES,NO,32
POL,2024,ETRIWH,PTFTW50T100,AW67,C_C0,MINW,YES,YES,32
POL,2024,ETRIWH,PTFTW50T100,AW67,C_C0,MINW,YES,NO,32
POL,2024,ETRIWH,PTFTW50T100,AW67,C_C0,MINW,NO,YES,32
POL,2024,ETRIWH,PTFTW67T100,AW67,C_C0,MINW,YES,YES,32
POL,2024,ETRIWH,PTFTW50T66,AW67,C_C0,MINW,YES,NO,32
POL,2024,ETRIWH,PTFTW50T66,AW67,C_C0,MINW,YES,YES,32
POL,2024,ETRIWH,PTFTW67T100,AW67,C_C0,MINW,NO,NO,32
POL,2024,ETRIWH,PTFTW50T66,AW67,C_C0,MINW,NO,NO,32
POL,2025,ETRIWH,PTFTW50T66,AW67,C_C0,MINW,NO,NO,32
POL,2025,ETRIWH,PTFTW33T67,AW67,C_C0,MINW,NO,NO,32
POL,2025,ETRIWH,PTFTW67T100,AW67,C_C0,MINW,NO,NO,32
POL,2025,ETRIWH,PTFTW33T67,AW67,C_C0,MINW,YES,NO,32
POL,2025,ETRIWH,PTFTW50T66,AW67,C_C0,MINW,YES,YES,32
POL,2025,ETRIWH,PTFTW50T66,AW67,C_C0,MINW,YES,NO,32
POL,2025,ETRIWH,PTFTW67T100,AW67,C_C0,MINW,YES,YES,32
POL,2025,ETRIWH,PTFTW50T100,AW67,C_C0,MINW,NO,YES,32
POL,2025,ETRIWH,PTFTW33T67,AW67,C_C0,MINW,YES,YES,32
POL,2025,ETRIWH,PTFTW50T100,AW67,C_C0,MINW,YES,NO,32
POL,2025,ETRIWH,PTFTW50T100,AW67,C_C0,MINW,YES,YES,32
POL,2025,ETRIWH,PTFTW33T67,AW67,C_C0,MINW,NO,YES,32
POL,2025,ETRIWH,PTFTW67T100,AW67,C_C0,MINW,YES,NO,32
POL,2025,ETRIWH,PTFTW67T100,AW67,C_C0,MINW,NO,YES,32
POL,2025,ETRIWH,PTFTW50T66,AW67,C_C0,MINW,NO,YES,32
POL,2025,ETRIWH,PTFTW50T100,AW67,C_C0,MINW,NO,NO,32
OECD,2023,ETRIWH,PTFTW50T66,AW67,C_C0,MINW,YES,YES,32
OECD,2025,ETRIWH,PTFTW50T100,AW67,C_C0,MINW,NO,NO,32
OECD,2025,ETRIWH,PTFTW50T100,AW67,C_C0,MINW,YES,NO,32
POL,2023,ETRIWH,PTFTW50T66,AW67,C_C0,MINW,NO,NO,26
POL,2023,ETRIWH,PTFTW50T66,AW67,C_C0,MINW,YES,YES,26
POL,2023,ETRIWH,PTFTW50T66,AW67,C_C0,MINW,YES,NO,26
POL,2023,ETRIWH,PTFTW50T66,AW67,C_C0,MINW,NO,YES,26
USA,2023,ETRIWH,PTFTW50T100,AW67,C_C0,MINW,NO,YES,26
USA,2023,ETRIWH,PTFTW67T100,AW67,C_C0,MINW,NO,YES,26
USA,2023,ETRIWH,PTFTW67T100,AW67,C_C0,MINW,YES,NO,26
USA,2023,ETRIWH,PTFTW50T100,AW67,C_C0,MINW,NO,NO,26
USA,2023,ETRIWH,PTFTW67T100,AW67,C_C0,MINW,NO,NO,26
USA,2023,ETRIWH,PTFTW50T100,AW67,C_C0,MINW,YES,YES,26
USA,2023,ETRIWH,PTFTW67T100,AW67,C_C0,MINW,YES,YES,26
USA,2023,ETRIWH,PTFTW50T100,AW67,C_C0,MINW,YES,NO,26
USA,2024,ETRIWH,PTFTW50T100,AW67,C_C0,MINW,YES,NO,26
USA,2024,ETRIWH,PTFTW67T100,AW67,C_C0,MINW,YES,YES,26
USA,2024,ETRIWH,PTFTW50T100,AW67,C_C0,MINW,YES,YES,26
USA,2024,ETRIWH,PTFTW67T100,AW67,C_C0,MINW,NO,NO,26
USA,2024,ETRIWH,PTFTW50T100,AW67,C_C0,MINW,NO,NO,26
USA,2024,ETRIWH,PTFTW67T100,AW67,C_C0,MINW,YES,NO,26
USA,2024,ETRIWH,PTFTW67T100,AW67,C_C0,MINW,NO,YES,26
USA,2024,ETRIWH,PTFTW50T100,AW67,C_C0,MINW,NO,YES,26
USA,2025,ETRIWH,PTFTW50T100,AW67,C_C0,MINW,NO,YES,26
USA,2025,ETRIWH,PTFTW67T100,AW67,C_C0,MINW,NO,YES,26
USA,2025,ETRIWH,PTFTW67T100,AW67,C_C0,MINW,YES,NO,26
USA,2025,ETRIWH,PTFTW50T100,AW67,C_C0,MINW,NO,NO,26
USA,2025,ETRIWH,PTFTW67T100,AW67,C_C0,MINW,NO,NO,26
USA,2025,ETRIWH,PTFTW50T100,AW67,C_C0,MINW,YES,YES,26
USA,2025,ETRIWH,PTFTW67T100,AW67,C_C0,MINW,YES,YES,26
USA,2025,ETRIWH,PTFTW50T100,AW67,C_C0,MINW,YES,NO,26
BEL,2025,ETRIWH,PTFTW33T67,AW67,C_C0,MINW,YES,NO,31
BEL,2025,ETRIWH,PTFTW33T67,AW67,C_C0,MINW,NO,YES,31
BEL,2025,ETRIWH,PTFTW33T67,AW67,C_C0,MINW,YES,YES,31
BEL,2025,ETRIWH,PTFTW33T67,AW67,C_C0,MINW,NO,NO,31
OECD,2024,ETRIWH,PTFTW33T67,AW67,C_C0,MINW,YES,YES,31
OECD,2025,ETRIWH,PTFTW33T67,AW67,C_C0,MINW,YES,YES,31
GBR,2024,ETRIWH,PTFTW50T100,AW67,C_C0,MINW,YES,NO,28
GBR,2024,ETRIWH,PTFTW50T100,AW67,C_C0,MINW,NO,NO,28
GBR,2024,ETRIWH,PTFTW50T100,AW67,C_C0,MINW,NO,YES,28
GBR,2024,ETRIWH,PTFTW50T100,AW67,C_C0,MINW,YES,YES,28
GBR,2025,ETRIWH,PTFTW50T100,AW67,C_C0,MINW,YES,YES,28
GBR,2025,ETRIWH,PTFTW50T100,AW67,C_C0,MINW,NO,YES,28
GBR,2025,ETRIWH,PTFTW50T100,AW67,C_C0,MINW,NO,NO,28
GBR,2025,ETRIWH,PTFTW50T100,AW67,C_C0,MINW,YES,NO,28
ESP,2024,ETRIWH,PTFTW50T100,AW67,C_C0,MINW,NO,NO,29
ESP,2024,ETRIWH,PTFTW50T100,AW67,C_C0,MINW,YES,YES,29
ESP,2024,ETRIWH,PTFTW50T100,AW67,C_C0,MINW,NO,YES,29
ESP,2024,ETRIWH,PTFTW50T100,AW67,C_C0,MINW,YES,NO,29
ESP,2023,ETRIWH,PTFTW50T100,AW67,C_C0,MINW,YES,NO,27
ESP,2023,ETRIWH,PTFTW50T100,AW67,C_C0,MINW,NO,YES,27
ESP,2023,ETRIWH,PTFTW50T100,AW67,C_C0,MINW,YES,YES,27
ESP,2023,ETRIWH,PTFTW50T100,AW67,C_C0,MINW,NO,NO,27
OECD,2023,ETRIWH,PTFTW50T100,AW67,C_C0,MINW,YES,YES,34
OECD,2023,ETRIWH,PTFTW50T100,AW67,C_C0,MINW,NO,YES,33
OECD,2023,ETRIWH,PTFTW50T100,AW67,C_C0,MINW,NO,NO,33
OECD,2023,ETRIWH,PTFTW50T100,AW67,C_C0,MINW,YES,NO,33
OECD,2024,ETRIWH,PTFTW50T100,AW67,C_C0,MINW,YES,NO,33
OECD,2024,ETRIWH,PTFTW50T100,AW67,C_C0,MINW,NO,NO,33
OECD,2024,ETRIWH,PTFTW50T100,AW67,C_C0,MINW,YES,YES,33
OECD,2024,ETRIWH,PTFTW50T100,AW67,C_C0,MINW,NO,YES,33
OECD,2025,ETRIWH,PTFTW50T100,AW67,C_C0,MINW,NO,YES,33
OECD,2025,ETRIWH,PTFTW50T100,AW67,C_C0,MINW,YES,YES,33
FRA,2023,ETRIWH,PTFTW50T100,AW67,C_C0,MINW,YES,NO,46
FRA,2023,ETRIWH,PTFTW50T100,AW67,C_C0,MINW,NO,NO,46
FRA,2023,ETRIWH,PTFTW50T100,AW67,C_C0,MINW,YES,YES,46
FRA,2023,ETRIWH,PTFTW50T100,AW67,C_C0,MINW,NO,YES,46
FRA,2024,ETRIWH,PTFTW50T100,AW67,C_C0,MINW,NO,YES,44
FRA,2024,ETRIWH,PTFTW50T100,AW67,C_C0,MINW,YES,YES,44
FRA,2024,ETRIWH,PTFTW50T100,AW67,C_C0,MINW,NO,NO,44
FRA,2024,ETRIWH,PTFTW50T100,AW67,C_C0,MINW,YES,NO,44
FRA,2025,ETRIWH,PTFTW50T100,AW67,C_C0,MINW,YES,NO,46
FRA,2025,ETRIWH,PTFTW50T100,AW67,C_C0,MINW,NO,NO,46
FRA,2025,ETRIWH,PTFTW50T100,AW67,C_C0,MINW,YES,YES,46
FRA,2025,ETRIWH,PTFTW50T100,AW67,C_C0,MINW,NO,YES,46
DEU,2023,ETRIWH,PTFTW50T100,AW67,C_C0,MINW,YES,YES,42
DEU,2023,ETRIWH,PTFTW50T100,AW67,C_C0,MINW,NO,YES,42
DEU,2023,ETRIWH,PTFTW50T100,AW67,C_C0,MINW,NO,NO,42
DEU,2023,ETRIWH,PTFTW50T100,AW67,C_C0,MINW,YES,NO,42
DEU,2024,ETRIWH,PTFTW50T100,AW67,C_C0,MINW,YES,NO,42
DEU,2024,ETRIWH,PTFTW50T100,AW67,C_C0,MINW,NO,NO,42
DEU,2024,ETRIWH,PTFTW50T100,AW67,C_C0,MINW,NO,YES,42
DEU,2024,ETRIWH,PTFTW50T100,AW67,C_C0,MINW,YES,YES,42
DEU,2025,ETRIWH,PTFTW50T100,AW67,C_C0,MINW,YES,YES,43
DEU,2025,ETRIWH,PTFTW50T100,AW67,C_C0,MINW,NO,YES,43
DEU,2025,ETRIWH,PTFTW50T100,AW67,C_C0,MINW,NO,NO,43
DEU,2025,ETRIWH,PTFTW50T100,AW67,C_C0,MINW,YES,NO,43
NLD,2023,ETRIWH,PTFTW50T100,AW67,C_C0,MINW,NO,NO,44
NLD,2023,ETRIWH,PTFTW50T100,AW67,C_C0,MINW,YES,NO,44
NLD,2023,ETRIWH,PTFTW50T100,AW67,C_C0,MINW,NO,YES,44
NLD,2023,ETRIWH,PTFTW50T100,AW67,C_C0,MINW,YES,YES,44
NLD,2024,ETRIWH,PTFTW50T100,AW67,C_C0,MINW,YES,YES,42
NLD,2024,ETRIWH,PTFTW50T100,AW67,C_C0,MINW,NO,YES,42
NLD,2024,ETRIWH,PTFTW50T100,AW67,C_C0,MINW,YES,NO,42
NLD,2024,ETRIWH,PTFTW50T100,AW67,C_C0,MINW,NO,NO,42
BEL,2023,ETRIWH,PTFTW50T100,AW67,C_C0,MINW,YES,NO,58
BEL,2023,ETRIWH,PTFTW50T100,AW67,C_C0,MINW,NO,NO,58
BEL,2023,ETRIWH,PTFTW50T100,AW67,C_C0,MINW,YES,YES,58
BEL,2023,ETRIWH,PTFTW50T100,AW67,C_C0,MINW,NO,YES,58
BEL,2024,ETRIWH,PTFTW50T100,AW67,C_C0,MINW,NO,YES,59
BEL,2024,ETRIWH,PTFTW50T100,AW67,C_C0,MINW,YES,YES,59
BEL,2024,ETRIWH,PTFTW50T100,AW67,C_C0,MINW,NO,NO,59
BEL,2024,ETRIWH,PTFTW50T100,AW67,C_C0,MINW,YES,NO,59
BEL,2025,ETRIWH,PTFTW50T100,AW67,C_C0,MINW,YES,NO,61
BEL,2025,ETRIWH,PTFTW50T100,AW67,C_C0,MINW,NO,NO,61
BEL,2025,ETRIWH,PTFTW50T100,AW67,C_C0,MINW,YES,YES,61
BEL,2025,ETRIWH,PTFTW50T100,AW67,C_C0,MINW,NO,YES,61
NLD,2023,ETRIWH,PTFTW67T100,AW67,C_C0,MINW,NO,NO,46
NLD,2023,ETRIWH,PTFTW67T100,AW67,C_C0,MINW,NO,YES,46
NLD,2023,ETRIWH,PTFTW67T100,AW67,C_C0,MINW,YES,NO,46
NLD,2023,ETRIWH,PTFTW67T100,AW67,C_C0,MINW,YES,YES,46
NLD,2024,ETRIWH,PTFTW67T100,AW67,C_C0,MINW,YES,YES,47
NLD,2024,ETRIWH,PTFTW67T100,AW67,C_C0,MINW,YES,NO,47
NLD,2024,ETRIWH,PTFTW67T100,AW67,C_C0,MINW,NO,YES,47
NLD,2024,ETRIWH,PTFTW67T100,AW67,C_C0,MINW,NO,NO,47
DEU,2023,ETRIWH,PTFTW67T100,AW67,C_C0,MINW,NO,NO,42
DEU,2023,ETRIWH,PTFTW67T100,AW67,C_C0,MINW,YES,YES,42
DEU,2023,ETRIWH,PTFTW67T100,AW67,C_C0,MINW,YES,NO,42
DEU,2023,ETRIWH,PTFTW67T100,AW67,C_C0,MINW,NO,YES,42
DEU,2024,ETRIWH,PTFTW67T100,AW67,C_C0,MINW,NO,YES,42
DEU,2024,ETRIWH,PTFTW67T100,AW67,C_C0,MINW,YES,NO,42
DEU,2024,ETRIWH,PTFTW67T100,AW67,C_C0,MINW,YES,YES,42
DEU,2024,ETRIWH,PTFTW67T100,AW67,C_C0,MINW,NO,NO,42
DEU,2025,ETRIWH,PTFTW67T100,AW67,C_C0,MINW,NO,NO,43
DEU,2025,ETRIWH,PTFTW67T100,AW67,C_C0,MINW,YES,YES,43
DEU,2025,ETRIWH,PTFTW67T100,AW67,C_C0,MINW,YES,NO,43
DEU,2025,ETRIWH,PTFTW67T100,AW67,C_C0,MINW,NO,YES,43
ESP,2023,ETRIWH,PTFTW67T100,AW67,C_C0,MINW,NO,YES,37
ESP,2023,ETRIWH,PTFTW67T100,AW67,C_C0,MINW,YES,NO,37
ESP,2023,ETRIWH,PTFTW67T100,AW67,C_C0,MINW,NO,NO,37
ESP,2023,ETRIWH,PTFTW67T100,AW67,C_C0,MINW,YES,YES,37
ESP,2024,ETRIWH,PTFTW67T100,AW67,C_C0,MINW,YES,YES,41
ESP,2024,ETRIWH,PTFTW67T100,AW67,C_C0,MINW,NO,NO,41
ESP,2024,ETRIWH,PTFTW67T100,AW67,C_C0,MINW,YES,NO,41
ESP,2024,ETRIWH,PTFTW67T100,AW67,C_C0,MINW,NO,YES,41
ESP,2025,ETRIWH,PTFTW67T100,AW67,C_C0,MINW,NO,YES,42
ESP,2025,ETRIWH,PTFTW67T100,AW67,C_C0,MINW,YES,NO,42
ESP,2025,ETRIWH,PTFTW67T100,AW67,C_C0,MINW,NO,NO,42
ESP,2025,ETRIWH,PTFTW67T100,AW67,C_C0,MINW,YES,YES,42
OECD,2023,ETRIWH,PTFTW67T100,AW67,C_C0,MINW,NO,NO,35
OECD,2023,ETRIWH,PTFTW67T100,AW67,C_C0,MINW,YES,NO,35
OECD,2023,ETRIWH,PTFTW67T100,AW67,C_C0,MINW,YES,YES,35
OECD,2023,ETRIWH,PTFTW67T100,AW67,C_C0,MINW,NO,YES,35
OECD,2025,ETRIWH,PTFTW67T100,AW67,C_C0,MINW,NO,NO,35
OECD,2025,ETRIWH,PTFTW67T100,AW67,C_C0,MINW,YES,NO,35
OECD,2025,ETRIWH,PTFTW67T100,AW67,C_C0,MINW,YES,YES,35
OECD,2025,ETRIWH,PTFTW67T100,AW67,C_C0,MINW,NO,YES,35
FRA,2023,ETRIWH,PTFTW67T100,AW67,C_C0,MINW,NO,YES,53
FRA,2023,ETRIWH,PTFTW67T100,AW67,C_C0,MINW,NO,NO,53
FRA,2023,ETRIWH,PTFTW67T100,AW67,C_C0,MINW,YES,NO,53
FRA,2023,ETRIWH,PTFTW67T100,AW67,C_C0,MINW,YES,YES,53
FRA,2024,ETRIWH,PTFTW67T100,AW67,C_C0,MINW,YES,YES,50
FRA,2024,ETRIWH,PTFTW67T100,AW67,C_C0,MINW,YES,NO,50
FRA,2024,ETRIWH,PTFTW67T100,AW67,C_C0,MINW,NO,NO,50
FRA,2024,ETRIWH,PTFTW67T100,AW67,C_C0,MINW,NO,YES,50
FRA,2025,ETRIWH,PTFTW67T100,AW67,C_C0,MINW,NO,YES,54
FRA,2025,ETRIWH,PTFTW67T100,AW67,C_C0,MINW,NO,NO,54
FRA,2025,ETRIWH,PTFTW67T100,AW67,C_C0,MINW,YES,NO,54
FRA,2025,ETRIWH,PTFTW67T100,AW67,C_C0,MINW,YES,YES,54
BEL,2023,ETRIWH,PTFTW67T100,AW67,C_C0,MINW,NO,NO,67
BEL,2023,ETRIWH,PTFTW67T100,AW67,C_C0,MINW,YES,YES,67
BEL,2023,ETRIWH,PTFTW67T100,AW67,C_C0,MINW,YES,NO,67
BEL,2023,ETRIWH,PTFTW67T100,AW67,C_C0,MINW,NO,YES,67
BEL,2024,ETRIWH,PTFTW67T100,AW67,C_C0,MINW,NO,YES,68
BEL,2024,ETRIWH,PTFTW67T100,AW67,C_C0,MINW,YES,NO,68
BEL,2024,ETRIWH,PTFTW67T100,AW67,C_C0,MINW,YES,YES,68
BEL,2024,ETRIWH,PTFTW67T100,AW67,C_C0,MINW,NO,NO,68
BEL,2025,ETRIWH,PTFTW67T100,AW67,C_C0,MINW,NO,NO,72
BEL,2025,ETRIWH,PTFTW67T100,AW67,C_C0,MINW,YES,YES,72
BEL,2025,ETRIWH,PTFTW67T100,AW67,C_C0,MINW,YES,NO,72
BEL,2025,ETRIWH,PTFTW67T100,AW67,C_C0,MINW,NO,YES,72
OECD,2024,ETRIWH,PTFTW67T100,AW67,C_C0,MINW,NO,YES,36
OECD,2024,ETRIWH,PTFTW67T100,AW67,C_C0,MINW,YES,YES,36
OECD,2024,ETRIWH,PTFTW67T100,AW67,C_C0,MINW,YES,NO,36
OECD,2024,ETRIWH,PTFTW67T100,AW67,C_C0,MINW,NO,NO,36
GBR,2024,ETRIWH,PTFTW67T100,AW67,C_C0,MINW,NO,NO,28
GBR,2024,ETRIWH,PTFTW67T100,AW67,C_C0,MINW,NO,YES,28
GBR,2024,ETRIWH,PTFTW67T100,AW67,C_C0,MINW,YES,YES,28
GBR,2024,ETRIWH,PTFTW67T100,AW67,C_C0,MINW,YES,NO,28
GBR,2025,ETRIWH,PTFTW67T100,AW67,C_C0,MINW,YES,NO,28
GBR,2025,ETRIWH,PTFTW67T100,AW67,C_C0,MINW,YES,YES,28
GBR,2025,ETRIWH,PTFTW67T100,AW67,C_C0,MINW,NO,YES,28
GBR,2025,ETRIWH,PTFTW67T100,AW67,C_C0,MINW,NO,NO,28
GBR,2024,ETRIWH,PTFTW50T66,AW67,C_C0,MINW,NO,NO,28
GBR,2024,ETRIWH,PTFTW50T66,AW67,C_C0,MINW,YES,NO,28
GBR,2024,ETRIWH,PTFTW50T66,AW67,C_C0,MINW,YES,YES,28
GBR,2024,ETRIWH,PTFTW50T66,AW67,C_C0,MINW,NO,YES,28
GBR,2025,ETRIWH,PTFTW50T66,AW67,C_C0,MINW,NO,YES,28
GBR,2025,ETRIWH,PTFTW50T66,AW67,C_C0,MINW,YES,YES,28
GBR,2025,ETRIWH,PTFTW50T66,AW67,C_C0,MINW,YES,NO,28
GBR,2025,ETRIWH,PTFTW50T66,AW67,C_C0,MINW,NO,NO,28
OECD,2023,ETRIWH,PTFTW50T66,AW67,C_C0,MINW,YES,NO,28
OECD,2023,ETRIWH,PTFTW50T66,AW67,C_C0,MINW,NO,YES,28
OECD,2024,ETRIWH,PTFTW50T66,AW67,C_C0,MINW,YES,YES,28
OECD,2024,ETRIWH,PTFTW50T66,AW67,C_C0,MINW,NO,YES,28
OECD,2025,ETRIWH,PTFTW50T66,AW67,C_C0,MINW,NO,YES,28
OECD,2025,ETRIWH,PTFTW50T66,AW67,C_C0,MINW,YES,YES,28
OECD,2023,ETRIWH,PTFTW50T66,AW67,C_C0,MINW,NO,NO,27
OECD,2024,ETRIWH,PTFTW50T66,AW67,C_C0,MINW,YES,NO,27
OECD,2024,ETRIWH,PTFTW50T66,AW67,C_C0,MINW,NO,NO,27
OECD,2025,ETRIWH,PTFTW50T66,AW67,C_C0,MINW,NO,NO,27
OECD,2025,ETRIWH,PTFTW50T66,AW67,C_C0,MINW,YES,NO,27
DEU,2023,ETRIWH,PTFTW50T66,AW67,C_C0,MINW,NO,NO,43
DEU,2023,ETRIWH,PTFTW50T66,AW67,C_C0,MINW,YES,NO,43
DEU,2023,ETRIWH,PTFTW50T66,AW67,C_C0,MINW,NO,YES,43
DEU,2023,ETRIWH,PTFTW50T66,AW67,C_C0,MINW,YES,YES,43
DEU,2024,ETRIWH,PTFTW50T66,AW67,C_C0,MINW,YES,YES,42
DEU,2024,ETRIWH,PTFTW50T66,AW67,C_C0,MINW,NO,YES,42
DEU,2024,ETRIWH,PTFTW50T66,AW67,C_C0,MINW,YES,NO,42
DEU,2024,ETRIWH,PTFTW50T66,AW67,C_C0,MINW,NO,NO,42
DEU,2025,ETRIWH,PTFTW50T66,AW67,C_C0,MINW,NO,NO,42
DEU,2025,ETRIWH,PTFTW50T66,AW67,C_C0,MINW,YES,NO,42
DEU,2025,ETRIWH,PTFTW50T66,AW67,C_C0,MINW,NO,YES,42
DEU,2025,ETRIWH,PTFTW50T66,AW67,C_C0,MINW,YES,YES,42
NLD,2023,ETRIWH,PTFTW50T66,AW67,C_C0,MINW,YES,YES,40
NLD,2023,ETRIWH,PTFTW50T66,AW67,C_C0,MINW,YES,NO,39
NLD,2023,ETRIWH,PTFTW50T66,AW67,C_C0,MINW,NO,YES,40
NLD,2023,ETRIWH,PTFTW50T66,AW67,C_C0,MINW,NO,NO,39
ESP,2023,ETRIWH,PTFTW50T66,AW67,C_C0,MINW,NO,NO,6
ESP,2023,ETRIWH,PTFTW50T66,AW67,C_C0,MINW,NO,YES,6
ESP,2023,ETRIWH,PTFTW50T66,AW67,C_C0,MINW,YES,NO,6
ESP,2023,ETRIWH,PTFTW50T66,AW67,C_C0,MINW,YES,YES,6
ESP,2024,ETRIWH,PTFTW50T66,AW67,C_C0,MINW,YES,YES,6
ESP,2024,ETRIWH,PTFTW50T66,AW67,C_C0,MINW,YES,NO,6
ESP,2024,ETRIWH,PTFTW50T66,AW67,C_C0,MINW,NO,YES,6
ESP,2024,ETRIWH,PTFTW50T66,AW67,C_C0,MINW,NO,NO,6
ESP,2025,ETRIWH,PTFTW50T66,AW67,C_C0,MINW,NO,NO,6
ESP,2025,ETRIWH,PTFTW50T66,AW67,C_C0,MINW,NO,YES,6
ESP,2025,ETRIWH,PTFTW50T66,AW67,C_C0,MINW,YES,NO,6
ESP,2025,ETRIWH,PTFTW50T66,AW67,C_C0,MINW,YES,YES,6
BEL,2023,ETRIWH,PTFTW50T66,AW67,C_C0,MINW,NO,YES,42
BEL,2023,ETRIWH,PTFTW50T66,AW67,C_C0,MINW,YES,NO,42
BEL,2023,ETRIWH,PTFTW50T66,AW67,C_C0,MINW,YES,YES,42
BEL,2023,ETRIWH,PTFTW50T66,AW67,C_C0,MINW,NO,NO,42
BEL,2024,ETRIWH,PTFTW50T66,AW67,C_C0,MINW,NO,NO,41
BEL,2024,ETRIWH,PTFTW50T66,AW67,C_C0,MINW,YES,YES,41
BEL,2024,ETRIWH,PTFTW50T66,AW67,C_C0,MINW,YES,NO,41
BEL,2024,ETRIWH,PTFTW50T66,AW67,C_C0,MINW,NO,YES,41
BEL,2025,ETRIWH,PTFTW50T66,AW67,C_C0,MINW,NO,YES,41
BEL,2025,ETRIWH,PTFTW50T66,AW67,C_C0,MINW,YES,NO,41
BEL,2025,ETRIWH,PTFTW50T66,AW67,C_C0,MINW,YES,YES,41
BEL,2025,ETRIWH,PTFTW50T66,AW67,C_C0,MINW,NO,NO,41
USA,2023,ETRIWH,PTFTW50T66,AW67,C_C0,MINW,YES,NO,25
USA,2023,ETRIWH,PTFTW50T66,AW67,C_C0,MINW,NO,YES,25
USA,2023,ETRIWH,PTFTW50T66,AW67,C_C0,MINW,NO,NO,25
USA,2023,ETRIWH,PTFTW50T66,AW67,C_C0,MINW,YES,YES,25
USA,2024,ETRIWH,PTFTW50T66,AW67,C_C0,MINW,YES,YES,25
USA,2024,ETRIWH,PTFTW50T66,AW67,C_C0,MINW,NO,NO,25
USA,2024,ETRIWH,PTFTW50T66,AW67,C_C0,MINW,NO,YES,25
USA,2024,ETRIWH,PTFTW50T66,AW67,C_C0,MINW,YES,NO,25
USA,2025,ETRIWH,PTFTW50T66,AW67,C_C0,MINW,YES,NO,25
USA,2025,ETRIWH,PTFTW50T66,AW67,C_C0,MINW,NO,YES,25
USA,2025,ETRIWH,PTFTW50T66,AW67,C_C0,MINW,NO,NO,25
USA,2025,ETRIWH,PTFTW50T66,AW67,C_C0,MINW,YES,YES,25
POL,2023,ETRIWH,PTFTW33T67,AW67,C_C0,MINW,NO,NO,24
POL,2023,ETRIWH,PTFTW33T67,AW67,C_C0,MINW,YES,NO,24
POL,2023,ETRIWH,PTFTW33T67,AW67,C_C0,MINW,YES,YES,24
POL,2023,ETRIWH,PTFTW33T67,AW67,C_C0,MINW,NO,YES,24
USA,2023,ETRIWH,PTFTW33T67,AW67,C_C0,MINW,YES,NO,24
USA,2023,ETRIWH,PTFTW33T67,AW67,C_C0,MINW,YES,YES,24
USA,2023,ETRIWH,PTFTW33T67,AW67,C_C0,MINW,NO,YES,24
USA,2023,ETRIWH,PTFTW33T67,AW67,C_C0,MINW,NO,NO,24
USA,2024,ETRIWH,PTFTW33T67,AW67,C_C0,MINW,NO,NO,24
USA,2024,ETRIWH,PTFTW33T67,AW67,C_C0,MINW,NO,YES,24
USA,2024,ETRIWH,PTFTW33T67,AW67,C_C0,MINW,YES,YES,24
USA,2024,ETRIWH,PTFTW33T67,AW67,C_C0,MINW,YES,NO,24
USA,2025,ETRIWH,PTFTW33T67,AW67,C_C0,MINW,YES,NO,24
USA,2025,ETRIWH,PTFTW33T67,AW67,C_C0,MINW,YES,YES,24
USA,2025,ETRIWH,PTFTW33T67,AW67,C_C0,MINW,NO,YES,24
USA,2025,ETRIWH,PTFTW33T67,AW67,C_C0,MINW,NO,NO,24
OECD,2025,ETRIWH,PTFTW33T67,AW67,C_C0,MINW,NO,NO,24
OECD,2025,ETRIWH,PTFTW33T67,AW67,C_C0,MINW,YES,NO,24
ESP,2024,ETRIWH,PTFTW33T67,AW67,C_C0,MINW,YES,YES,28
ESP,2024,ETRIWH,PTFTW33T67,AW67,C_C0,MINW,NO,YES,28
GBR,2025,ETRIWH,PTFTW33T67,AW67,C_C0,MINW,YES,YES,28
GBR,2025,ETRIWH,PTFTW33T67,AW67,C_C0,MINW,NO,NO,28
GBR,2025,ETRIWH,PTFTW33T67,AW67,C_C0,MINW,NO,YES,28
GBR,2025,ETRIWH,PTFTW33T67,AW67,C_C0,MINW,YES,NO,28
OECD,2023,ETRIWH,PTFTW33T67,AW67,C_C0,MINW,NO,YES,28
FRA,2023,ETRIWH,PTFTW33T67,AW67,C_C0,MINW,YES,NO,33
FRA,2023,ETRIWH,PTFTW33T67,AW67,C_C0,MINW,NO,NO,33
FRA,2024,ETRIWH,PTFTW33T67,AW67,C_C0,MINW,NO,NO,33
FRA,2024,ETRIWH,PTFTW33T67,AW67,C_C0,MINW,YES,NO,33
FRA,2025,ETRIWH,PTFTW33T67,AW67,C_C0,MINW,YES,NO,33
FRA,2025,ETRIWH,PTFTW33T67,AW67,C_C0,MINW,NO,NO,33
DEU,2023,ETRIWH,PTFTW33T67,AW67,C_C0,MINW,NO,NO,44
DEU,2023,ETRIWH,PTFTW33T67,AW67,C_C0,MINW,YES,NO,44
DEU,2024,ETRIWH,PTFTW33T67,AW67,C_C0,MINW,YES,NO,43
DEU,2024,ETRIWH,PTFTW33T67,AW67,C_C0,MINW,NO,NO,43
DEU,2025,ETRIWH,PTFTW33T67,AW67,C_C0,MINW,NO,NO,43
DEU,2025,ETRIWH,PTFTW33T67,AW67,C_C0,MINW,YES,NO,43
NLD,2024,ETRIWH,PTFTW33T67,AW67,C_C0,MINW,NO,NO,27
NLD,2024,ETRIWH,PTFTW33T67,AW67,C_C0,MINW,YES,NO,27
ESP,2023,ETRIWH,PTFTW33T67,AW67,C_C0,MINW,YES,NO,6
ESP,2023,ETRIWH,PTFTW33T67,AW67,C_C0,MINW,NO,NO,6
ESP,2024,ETRIWH,PTFTW33T67,AW67,C_C0,MINW,NO,NO,6
ESP,2024,ETRIWH,PTFTW33T67,AW67,C_C0,MINW,YES,NO,6
ESP,2025,ETRIWH,PTFTW33T67,AW67,C_C0,MINW,YES,NO,6
ESP,2025,ETRIWH,PTFTW33T67,AW67,C_C0,MINW,NO,NO,6
GBR,2023,ETRIWH,PTFTW33T67,AW67,C_C0,MINW,NO,NO,29
GBR,2023,ETRIWH,PTFTW33T67,AW67,C_C0,MINW,YES,NO,29
GBR,2024,ETRIWH,PTFTW33T67,AW67,C_C0,MINW,YES,NO,27
GBR,2024,ETRIWH,PTFTW33T67,AW67,C_C0,MINW,NO,NO,27
FRA,2023,ETRIWH,PTFTW33T67,AW67,C_C0,MINW,NO,YES,33
FRA,2023,ETRIWH,PTFTW33T67,AW67,C_C0,MINW,YES,YES,33
FRA,2024,ETRIWH,PTFTW33T67,AW67,C_C0,MINW,YES,YES,33
FRA,2024,ETRIWH,PTFTW33T67,AW67,C_C0,MINW,NO,YES,33
FRA,2025,ETRIWH,PTFTW33T67,AW67,C_C0,MINW,NO,YES,33
FRA,2025,ETRIWH,PTFTW33T67,AW67,C_C0,MINW,YES,YES,33
DEU,2023,ETRIWH,PTFTW33T67,AW67,C_C0,MINW,YES,YES,44
DEU,2023,ETRIWH,PTFTW33T67,AW67,C_C0,MINW,NO,YES,44
DEU,2024,ETRIWH,PTFTW33T67,AW67,C_C0,MINW,NO,YES,43
DEU,2024,ETRIWH,PTFTW33T67,AW67,C_C0,MINW,YES,YES,43
DEU,2025,ETRIWH,PTFTW33T67,AW67,C_C0,MINW,YES,YES,43
DEU,2025,ETRIWH,PTFTW33T67,AW67,C_C0,MINW,NO,YES,43
NLD,2023,ETRIWH,PTFTW33T67,AW67,C_C0,MINW,NO,YES,42
NLD,2023,ETRIWH,PTFTW33T67,AW67,C_C0,MINW,YES,YES,42
NLD,2024,ETRIWH,PTFTW33T67,AW67,C_C0,MINW,YES,YES,36
NLD,2024,ETRIWH,PTFTW33T67,AW67,C_C0,MINW,NO,YES,36
ESP,2023,ETRIWH,PTFTW33T67,AW67,C_C0,MINW,NO,YES,33
ESP,2023,ETRIWH,PTFTW33T67,AW67,C_C0,MINW,YES,YES,33
ESP,2025,ETRIWH,PTFTW33T67,AW67,C_C0,MINW,NO,YES,29
ESP,2025,ETRIWH,PTFTW33T67,AW67,C_C0,MINW,YES,YES,29
GBR,2023,ETRIWH,PTFTW33T67,AW67,C_C0,MINW,YES,YES,29
GBR,2023,ETRIWH,PTFTW33T67,AW67,C_C0,MINW,NO,YES,29
GBR,2024,ETRIWH,PTFTW33T67,AW67,C_C0,MINW,NO,YES,27
GBR,2024,ETRIWH,PTFTW33T67,AW67,C_C0,MINW,YES,YES,27
OECD,2024,ETRIWH,PTFTW33T67,AW67,C_C0,MINW,NO,YES,29
OECD,2025,ETRIWH,PTFTW33T67,AW67,C_C0,MINW,NO,YES,29
OECD,2023,ETRIWH,PTFTW33T67,AW67,C_C0,MINW,NO,NO,25
OECD,2023,ETRIWH,PTFTW33T67,AW67,C_C0,MINW,YES,NO,25
OECD,2024,ETRIWH,PTFTW33T67,AW67,C_C0,MINW,YES,NO,25
OECD,2024,ETRIWH,PTFTW33T67,AW67,C_C0,MINW,NO,NO,25
NLD,2023,ETRIWH,PTFTW33T67,MINW,C_C0,MINW,YES,NO,20
NLD,2023,ETRIWH,PTFTW33T67,MINW,C_C0,MINW,NO,NO,20
OECD,2023,ETRIWH,PTFTW33T67,MINW,C_C0,MINW,NO,NO,20
BEL,2023,ETRIWH,PTFTW33T67,MINW,C_C0,MINW,YES,NO,26
BEL,2023,ETRIWH,PTFTW33T67,MINW,C_C0,MINW,NO,NO,26
BEL,2024,ETRIWH,PTFTW33T67,MINW,C_C0,MINW,NO,NO,26
BEL,2024,ETRIWH,PTFTW33T67,MINW,C_C0,MINW,YES,NO,26
BEL,2025,ETRIWH,PTFTW33T67,MINW,C_C0,MINW,YES,NO,26
BEL,2025,ETRIWH,PTFTW33T67,MINW,C_C0,MINW,NO,NO,26
FRA,2023,ETRIWH,PTFTW33T67,MINW,C_C0,MINW,YES,NO,41
FRA,2023,ETRIWH,PTFTW33T67,MINW,C_C0,MINW,NO,NO,41
FRA,2024,ETRIWH,PTFTW33T67,MINW,C_C0,MINW,NO,NO,42
FRA,2024,ETRIWH,PTFTW33T67,MINW,C_C0,MINW,YES,NO,42
FRA,2025,ETRIWH,PTFTW33T67,MINW,C_C0,MINW,YES,NO,41
FRA,2025,ETRIWH,PTFTW33T67,MINW,C_C0,MINW,NO,NO,41
DEU,2023,ETRIWH,PTFTW33T67,MINW,C_C0,MINW,NO,NO,41
DEU,2023,ETRIWH,PTFTW33T67,MINW,C_C0,MINW,YES,NO,41
DEU,2024,ETRIWH,PTFTW33T67,MINW,C_C0,MINW,YES,NO,42
DEU,2024,ETRIWH,PTFTW33T67,MINW,C_C0,MINW,NO,NO,42
DEU,2025,ETRIWH,PTFTW33T67,MINW,C_C0,MINW,NO,NO,43
DEU,2025,ETRIWH,PTFTW33T67,MINW,C_C0,MINW,YES,NO,43
NLD,2024,ETRIWH,PTFTW33T67,MINW,C_C0,MINW,NO,NO,17
NLD,2024,ETRIWH,PTFTW33T67,MINW,C_C0,MINW,YES,NO,17
POL,2023,ETRIWH,PTFTW33T67,MINW,C_C0,MINW,NO,NO,21
POL,2023,ETRIWH,PTFTW33T67,MINW,C_C0,MINW,YES,NO,21
POL,2024,ETRIWH,PTFTW33T67,MINW,C_C0,MINW,YES,NO,27
POL,2024,ETRIWH,PTFTW33T67,MINW,C_C0,MINW,NO,NO,27
POL,2025,ETRIWH,PTFTW33T67,MINW,C_C0,MINW,NO,NO,31
POL,2025,ETRIWH,PTFTW33T67,MINW,C_C0,MINW,YES,NO,31
ESP,2023,ETRIWH,PTFTW33T67,MINW,C_C0,MINW,YES,NO,6
ESP,2023,ETRIWH,PTFTW33T67,MINW,C_C0,MINW,NO,NO,6
ESP,2024,ETRIWH,PTFTW33T67,MINW,C_C0,MINW,NO,NO,6
ESP,2024,ETRIWH,PTFTW33T67,MINW,C_C0,MINW,YES,NO,6
ESP,2025,ETRIWH,PTFTW33T67,MINW,C_C0,MINW,YES,NO,6
ESP,2025,ETRIWH,PTFTW33T67,MINW,C_C0,MINW,NO,NO,6
GBR,2023,ETRIWH,PTFTW33T67,MINW,C_C0,MINW,NO,NO,12
GBR,2023,ETRIWH,PTFTW33T67,MINW,C_C0,MINW,YES,NO,12
GBR,2024,ETRIWH,PTFTW33T67,MINW,C_C0,MINW,YES,NO,15
GBR,2024,ETRIWH,PTFTW33T67,MINW,C_C0,MINW,NO,NO,15
GBR,2025,ETRIWH,PTFTW33T67,MINW,C_C0,MINW,NO,NO,17
GBR,2025,ETRIWH,PTFTW33T67,MINW,C_C0,MINW,YES,NO,17
USA,2024,ETRIWH,PTFTW33T67,MINW,C_C0,MINW,NO,NO,23
USA,2024,ETRIWH,PTFTW33T67,MINW,C_C0,MINW,YES,NO,23
USA,2025,ETRIWH,PTFTW33T67,MINW,C_C0,MINW,YES,NO,23
USA,2025,ETRIWH,PTFTW33T67,MINW,C_C0,MINW,NO,NO,23
OECD,2024,ETRIWH,PTFTW33T67,MINW,C_C0,MINW,YES,NO,23
OECD,2024,ETRIWH,PTFTW33T67,MINW,C_C0,MINW,NO,NO,21
OECD,2025,ETRIWH,PTFTW33T67,MINW,C_C0,MINW,NO,NO,21
OECD,2025,ETRIWH,PTFTW33T67,MINW,C_C0,MINW,YES,NO,23
BEL,2023,ETRIWH,PTFTW33T67,MINW,C_C0,MINW,NO,YES,26
BEL,2024,ETRIWH,PTFTW33T67,MINW,C_C0,MINW,NO,YES,26
BEL,2025,ETRIWH,PTFTW33T67,MINW,C_C0,MINW,NO,YES,26
FRA,2023,ETRIWH,PTFTW33T67,MINW,C_C0,MINW,NO,YES,41
FRA,2024,ETRIWH,PTFTW33T67,MINW,C_C0,MINW,NO,YES,42
FRA,2025,ETRIWH,PTFTW33T67,MINW,C_C0,MINW,NO,YES,41
DEU,2023,ETRIWH,PTFTW33T67,MINW,C_C0,MINW,NO,YES,56
DEU,2024,ETRIWH,PTFTW33T67,MINW,C_C0,MINW,NO,YES,51
DEU,2025,ETRIWH,PTFTW33T67,MINW,C_C0,MINW,NO,YES,54
NLD,2023,ETRIWH,PTFTW33T67,MINW,C_C0,MINW,NO,YES,41
NLD,2024,ETRIWH,PTFTW33T67,MINW,C_C0,MINW,NO,YES,38
POL,2023,ETRIWH,PTFTW33T67,MINW,C_C0,MINW,NO,YES,21
POL,2024,ETRIWH,PTFTW33T67,MINW,C_C0,MINW,NO,YES,27
POL,2025,ETRIWH,PTFTW33T67,MINW,C_C0,MINW,NO,YES,31
ESP,2023,ETRIWH,PTFTW33T67,MINW,C_C0,MINW,NO,YES,43
ESP,2024,ETRIWH,PTFTW33T67,MINW,C_C0,MINW,NO,YES,36
ESP,2025,ETRIWH,PTFTW33T67,MINW,C_C0,MINW,NO,YES,35
GBR,2023,ETRIWH,PTFTW33T67,MINW,C_C0,MINW,NO,YES,36
GBR,2024,ETRIWH,PTFTW33T67,MINW,C_C0,MINW,NO,YES,39
GBR,2025,ETRIWH,PTFTW33T67,MINW,C_C0,MINW,NO,YES,37
USA,2024,ETRIWH,PTFTW33T67,MINW,C_C0,MINW,NO,YES,23
USA,2025,ETRIWH,PTFTW33T67,MINW,C_C0,MINW,NO,YES,23
OECD,2023,ETRIWH,PTFTW33T67,MINW,C_C0,MINW,NO,YES,29
OECD,2024,ETRIWH,PTFTW33T67,MINW,C_C0,MINW,NO,YES,31
OECD,2025,ETRIWH,PTFTW33T67,MINW,C_C0,MINW,NO,YES,33
BEL,2023,ETRIWH,PTFTW33T67,MINW,C_C0,MINW,YES,YES,26
BEL,2024,ETRIWH,PTFTW33T67,MINW,C_C0,MINW,YES,YES,26
BEL,2025,ETRIWH,PTFTW33T67,MINW,C_C0,MINW,YES,YES,26
FRA,2023,ETRIWH,PTFTW33T67,MINW,C_C0,MINW,YES,YES,41
FRA,2024,ETRIWH,PTFTW33T67,MINW,C_C0,MINW,YES,YES,42
FRA,2025,ETRIWH,PTFTW33T67,MINW,C_C0,MINW,YES,YES,41
DEU,2023,ETRIWH,PTFTW33T67,MINW,C_C0,MINW,YES,YES,56
DEU,2024,ETRIWH,PTFTW33T67,MINW,C_C0,MINW,YES,YES,51
DEU,2025,ETRIWH,PTFTW33T67,MINW,C_C0,MINW,YES,YES,54
NLD,2023,ETRIWH,PTFTW33T67,MINW,C_C0,MINW,YES,YES,41
NLD,2024,ETRIWH,PTFTW33T67,MINW,C_C0,MINW,YES,YES,38
POL,2023,ETRIWH,PTFTW33T67,MINW,C_C0,MINW,YES,YES,21
POL,2024,ETRIWH,PTFTW33T67,MINW,C_C0,MINW,YES,YES,27
POL,2025,ETRIWH,PTFTW33T67,MINW,C_C0,MINW,YES,YES,31
ESP,2023,ETRIWH,PTFTW33T67,MINW,C_C0,MINW,YES,YES,43
ESP,2024,ETRIWH,PTFTW33T67,MINW,C_C0,MINW,YES,YES,36
ESP,2025,ETRIWH,PTFTW33T67,MINW,C_C0,MINW,YES,YES,35
GBR,2023,ETRIWH,PTFTW33T67,MINW,C_C0,MINW,YES,YES,36
GBR,2024,ETRIWH,PTFTW33T67,MINW,C_C0,MINW,YES,YES,39
GBR,2025,ETRIWH,PTFTW33T67,MINW,C_C0,MINW,YES,YES,37
USA,2023,ETRIWH,PTFTW33T67,MINW,C_C0,MINW,YES,YES,41
USA,2024,ETRIWH,PTFTW33T67,MINW,C_C0,MINW,YES,YES,43
USA,2025,ETRIWH,PTFTW33T67,MINW,C_C0,MINW,YES,YES,42
OECD,2023,ETRIWH,PTFTW33T67,MINW,C_C0,MINW,YES,YES,32
OECD,2024,ETRIWH,PTFTW33T67,MINW,C_C0,MINW,YES,YES,34
OECD,2025,ETRIWH,PTFTW33T67,MINW,C_C0,MINW,YES,YES,38
BEL,2023,ETRIWH,PTFTW67T100,MINW,C_C0,MINW,YES,YES,31
BEL,2024,ETRIWH,PTFTW67T100,MINW,C_C0,MINW,YES,YES,29
DEU,2023,ETRIWH,PTFTW67T100,MINW,C_C0,MINW,YES,YES,44
DEU,2024,ETRIWH,PTFTW67T100,MINW,C_C0,MINW,YES,YES,43
DEU,2025,ETRIWH,PTFTW67T100,MINW,C_C0,MINW,YES,YES,44
NLD,2023,ETRIWH,PTFTW67T100,MINW,C_C0,MINW,YES,YES,41
POL,2023,ETRIWH,PTFTW67T100,MINW,C_C0,MINW,YES,YES,27
ESP,2023,ETRIWH,PTFTW67T100,MINW,C_C0,MINW,YES,YES,7
ESP,2024,ETRIWH,PTFTW67T100,MINW,C_C0,MINW,YES,YES,6
ESP,2025,ETRIWH,PTFTW67T100,MINW,C_C0,MINW,YES,YES,12
GBR,2024,ETRIWH,PTFTW67T100,MINW,C_C0,MINW,YES,YES,28
GBR,2025,ETRIWH,PTFTW67T100,MINW,C_C0,MINW,YES,YES,28
OECD,2025,ETRIWH,PTFTW67T100,MINW,C_C0,MINW,YES,YES,28
BEL,2023,ETRIWH,PTFTW67T100,MINW,C_C0,MINW,NO,YES,31
BEL,2024,ETRIWH,PTFTW67T100,MINW,C_C0,MINW,NO,YES,29
DEU,2023,ETRIWH,PTFTW67T100,MINW,C_C0,MINW,NO,YES,44
DEU,2024,ETRIWH,PTFTW67T100,MINW,C_C0,MINW,NO,YES,43
DEU,2025,ETRIWH,PTFTW67T100,MINW,C_C0,MINW,NO,YES,44
NLD,2023,ETRIWH,PTFTW67T100,MINW,C_C0,MINW,NO,YES,41
POL,2023,ETRIWH,PTFTW67T100,MINW,C_C0,MINW,NO,YES,27
ESP,2023,ETRIWH,PTFTW67T100,MINW,C_C0,MINW,NO,YES,7
ESP,2024,ETRIWH,PTFTW67T100,MINW,C_C0,MINW,NO,YES,6
ESP,2025,ETRIWH,PTFTW67T100,MINW,C_C0,MINW,NO,YES,12
GBR,2024,ETRIWH,PTFTW67T100,MINW,C_C0,MINW,NO,YES,28
GBR,2025,ETRIWH,PTFTW67T100,MINW,C_C0,MINW,NO,YES,28
OECD,2023,ETRIWH,PTFTW67T100,MINW,C_C0,MINW,NO,YES,26
OECD,2024,ETRIWH,PTFTW67T100,MINW,C_C0,MINW,NO,YES,27
OECD,2025,ETRIWH,PTFTW67T100,MINW,C_C0,MINW,NO,YES,28
BEL,2023,ETRIWH,PTFTW67T100,MINW,C_C0,MINW,NO,NO,31
BEL,2023,ETRIWH,PTFTW67T100,MINW,C_C0,MINW,YES,NO,31
BEL,2024,ETRIWH,PTFTW67T100,MINW,C_C0,MINW,YES,NO,29
BEL,2024,ETRIWH,PTFTW67T100,MINW,C_C0,MINW,NO,NO,29
DEU,2023,ETRIWH,PTFTW67T100,MINW,C_C0,MINW,NO,NO,44
DEU,2023,ETRIWH,PTFTW67T100,MINW,C_C0,MINW,YES,NO,44
DEU,2024,ETRIWH,PTFTW67T100,MINW,C_C0,MINW,YES,NO,43
DEU,2024,ETRIWH,PTFTW67T100,MINW,C_C0,MINW,NO,NO,43
DEU,2025,ETRIWH,PTFTW67T100,MINW,C_C0,MINW,NO,NO,44
DEU,2025,ETRIWH,PTFTW67T100,MINW,C_C0,MINW,YES,NO,44
POL,2023,ETRIWH,PTFTW67T100,MINW,C_C0,MINW,NO,NO,27
POL,2023,ETRIWH,PTFTW67T100,MINW,C_C0,MINW,YES,NO,27
ESP,2023,ETRIWH,PTFTW67T100,MINW,C_C0,MINW,NO,NO,7
ESP,2023,ETRIWH,PTFTW67T100,MINW,C_C0,MINW,YES,NO,7
ESP,2024,ETRIWH,PTFTW67T100,MINW,C_C0,MINW,YES,NO,6
ESP,2024,ETRIWH,PTFTW67T100,MINW,C_C0,MINW,NO,NO,6
ESP,2025,ETRIWH,PTFTW67T100,MINW,C_C0,MINW,NO,NO,12
ESP,2025,ETRIWH,PTFTW67T100,MINW,C_C0,MINW,YES,NO,12
GBR,2024,ETRIWH,PTFTW67T100,MINW,C_C0,MINW,NO,NO,28
GBR,2024,ETRIWH,PTFTW67T100,MINW,C_C0,MINW,YES,NO,28
GBR,2025,ETRIWH,PTFTW67T100,MINW,C_C0,MINW,YES,NO,28
GBR,2025,ETRIWH,PTFTW67T100,MINW,C_C0,MINW,NO,NO,28
OECD,2023,ETRIWH,PTFTW67T100,MINW,C_C0,MINW,NO,NO,25
OECD,2023,ETRIWH,PTFTW67T100,MINW,C_C0,MINW,YES,NO,25
OECD,2024,ETRIWH,PTFTW67T100,MINW,C_C0,MINW,YES,NO,26
OECD,2024,ETRIWH,PTFTW67T100,MINW,C_C0,MINW,NO,NO,25
OECD,2025,ETRIWH,PTFTW67T100,MINW,C_C0,MINW,NO,NO,25
OECD,2025,ETRIWH,PTFTW67T100,MINW,C_C0,MINW,YES,NO,25
BEL,2025,ETRIWH,PTFTW67T100,MINW,C_C0,MINW,NO,NO,30
BEL,2025,ETRIWH,PTFTW67T100,MINW,C_C0,MINW,YES,NO,30
BEL,2025,ETRIWH,PTFTW67T100,MINW,C_C0,MINW,YES,YES,30
BEL,2025,ETRIWH,PTFTW67T100,MINW,C_C0,MINW,NO,YES,30
OECD,2023,ETRIWH,PTFTW67T100,MINW,C_C0,MINW,YES,YES,30
OECD,2024,ETRIWH,PTFTW67T100,MINW,C_C0,MINW,YES,YES,30
FRA,2023,ETRIWH,PTFTW67T100,MINW,C_C0,MINW,YES,NO,32
FRA,2023,ETRIWH,PTFTW67T100,MINW,C_C0,MINW,NO,YES,32
FRA,2023,ETRIWH,PTFTW67T100,MINW,C_C0,MINW,NO,NO,32
FRA,2023,ETRIWH,PTFTW67T100,MINW,C_C0,MINW,YES,YES,32
FRA,2024,ETRIWH,PTFTW67T100,MINW,C_C0,MINW,YES,YES,32
FRA,2024,ETRIWH,PTFTW67T100,MINW,C_C0,MINW,NO,NO,32
FRA,2024,ETRIWH,PTFTW67T100,MINW,C_C0,MINW,NO,YES,32
FRA,2024,ETRIWH,PTFTW67T100,MINW,C_C0,MINW,YES,NO,32
FRA,2025,ETRIWH,PTFTW67T100,MINW,C_C0,MINW,YES,NO,32
FRA,2025,ETRIWH,PTFTW67T100,MINW,C_C0,MINW,NO,YES,32
FRA,2025,ETRIWH,PTFTW67T100,MINW,C_C0,MINW,NO,NO,32
FRA,2025,ETRIWH,PTFTW67T100,MINW,C_C0,MINW,YES,YES,32
NLD,2023,ETRIWH,PTFTW67T100,MINW,C_C0,MINW,NO,NO,32
NLD,2023,ETRIWH,PTFTW67T100,MINW,C_C0,MINW,YES,NO,32
NLD,2024,ETRIWH,PTFTW67T100,MINW,C_C0,MINW,YES,YES,32
NLD,2024,ETRIWH,PTFTW67T100,MINW,C_C0,MINW,NO,YES,32
POL,2024,ETRIWH,PTFTW67T100,MINW,C_C0,MINW,YES,NO,32
POL,2024,ETRIWH,PTFTW67T100,MINW,C_C0,MINW,NO,YES,32
POL,2024,ETRIWH,PTFTW67T100,MINW,C_C0,MINW,NO,NO,32
POL,2024,ETRIWH,PTFTW67T100,MINW,C_C0,MINW,YES,YES,32
POL,2025,ETRIWH,PTFTW67T100,MINW,C_C0,MINW,YES,YES,32
POL,2025,ETRIWH,PTFTW67T100,MINW,C_C0,MINW,NO,NO,32
POL,2025,ETRIWH,PTFTW67T100,MINW,C_C0,MINW,NO,YES,32
POL,2025,ETRIWH,PTFTW67T100,MINW,C_C0,MINW,YES,NO,32
GBR,2023,ETRIWH,PTFTW67T100,MINW,C_C0,MINW,NO,YES,32
GBR,2023,ETRIWH,PTFTW67T100,MINW,C_C0,MINW,YES,NO,32
GBR,2023,ETRIWH,PTFTW67T100,MINW,C_C0,MINW,YES,YES,32
GBR,2023,ETRIWH,PTFTW67T100,MINW,C_C0,MINW,NO,NO,32
BEL,2023,ETRIWH,PTFTW50T66,MINW,C_C0,MINW,YES,NO,23
BEL,2023,ETRIWH,PTFTW50T66,MINW,C_C0,MINW,NO,NO,23
BEL,2024,ETRIWH,PTFTW50T66,MINW,C_C0,MINW,NO,NO,23
BEL,2024,ETRIWH,PTFTW50T66,MINW,C_C0,MINW,YES,NO,23
BEL,2025,ETRIWH,PTFTW50T66,MINW,C_C0,MINW,YES,NO,23
BEL,2025,ETRIWH,PTFTW50T66,MINW,C_C0,MINW,NO,NO,23
FRA,2023,ETRIWH,PTFTW50T66,MINW,C_C0,MINW,YES,NO,32
FRA,2023,ETRIWH,PTFTW50T66,MINW,C_C0,MINW,NO,NO,32
FRA,2024,ETRIWH,PTFTW50T66,MINW,C_C0,MINW,NO,NO,32
FRA,2024,ETRIWH,PTFTW50T66,MINW,C_C0,MINW,YES,NO,32
FRA,2025,ETRIWH,PTFTW50T66,MINW,C_C0,MINW,YES,NO,32
FRA,2025,ETRIWH,PTFTW50T66,MINW,C_C0,MINW,NO,NO,32
DEU,2023,ETRIWH,PTFTW50T66,MINW,C_C0,MINW,NO,NO,44
DEU,2023,ETRIWH,PTFTW50T66,MINW,C_C0,MINW,YES,NO,44
DEU,2024,ETRIWH,PTFTW50T66,MINW,C_C0,MINW,YES,NO,44
DEU,2024,ETRIWH,PTFTW50T66,MINW,C_C0,MINW,NO,NO,44
DEU,2025,ETRIWH,PTFTW50T66,MINW,C_C0,MINW,NO,NO,43
DEU,2025,ETRIWH,PTFTW50T66,MINW,C_C0,MINW,YES,NO,43
NLD,2024,ETRIWH,PTFTW50T66,MINW,C_C0,MINW,NO,NO,20
NLD,2024,ETRIWH,PTFTW50T66,MINW,C_C0,MINW,YES,NO,20
POL,2023,ETRIWH,PTFTW50T66,MINW,C_C0,MINW,NO,NO,21
POL,2023,ETRIWH,PTFTW50T66,MINW,C_C0,MINW,YES,NO,21
POL,2024,ETRIWH,PTFTW50T66,MINW,C_C0,MINW,YES,NO,32
POL,2024,ETRIWH,PTFTW50T66,MINW,C_C0,MINW,NO,NO,32
POL,2025,ETRIWH,PTFTW50T66,MINW,C_C0,MINW,NO,NO,32
POL,2025,ETRIWH,PTFTW50T66,MINW,C_C0,MINW,YES,NO,32
ESP,2023,ETRIWH,PTFTW50T66,MINW,C_C0,MINW,NO,NO,6
ESP,2023,ETRIWH,PTFTW50T66,MINW,C_C0,MINW,YES,NO,6
ESP,2024,ETRIWH,PTFTW50T66,MINW,C_C0,MINW,YES,NO,6
ESP,2024,ETRIWH,PTFTW50T66,MINW,C_C0,MINW,NO,NO,6
ESP,2025,ETRIWH,PTFTW50T66,MINW,C_C0,MINW,NO,NO,6
ESP,2025,ETRIWH,PTFTW50T66,MINW,C_C0,MINW,YES,NO,6
GBR,2024,ETRIWH,PTFTW50T66,MINW,C_C0,MINW,NO,NO,27
GBR,2024,ETRIWH,PTFTW50T66,MINW,C_C0,MINW,YES,NO,27
GBR,2025,ETRIWH,PTFTW50T66,MINW,C_C0,MINW,YES,NO,28
GBR,2025,ETRIWH,PTFTW50T66,MINW,C_C0,MINW,NO,NO,28
OECD,2023,ETRIWH,PTFTW50T66,MINW,C_C0,MINW,NO,NO,21
OECD,2023,ETRIWH,PTFTW50T66,MINW,C_C0,MINW,YES,NO,23
OECD,2025,ETRIWH,PTFTW50T66,MINW,C_C0,MINW,NO,NO,21
BEL,2023,ETRIWH,PTFTW50T66,MINW,C_C0,MINW,NO,YES,23
BEL,2024,ETRIWH,PTFTW50T66,MINW,C_C0,MINW,NO,YES,23
BEL,2025,ETRIWH,PTFTW50T66,MINW,C_C0,MINW,NO,YES,23
FRA,2023,ETRIWH,PTFTW50T66,MINW,C_C0,MINW,NO,YES,32
FRA,2024,ETRIWH,PTFTW50T66,MINW,C_C0,MINW,NO,YES,32
FRA,2025,ETRIWH,PTFTW50T66,MINW,C_C0,MINW,NO,YES,32
DEU,2023,ETRIWH,PTFTW50T66,MINW,C_C0,MINW,NO,YES,44
DEU,2024,ETRIWH,PTFTW50T66,MINW,C_C0,MINW,NO,YES,44
DEU,2025,ETRIWH,PTFTW50T66,MINW,C_C0,MINW,NO,YES,43
NLD,2023,ETRIWH,PTFTW50T66,MINW,C_C0,MINW,NO,YES,41
NLD,2024,ETRIWH,PTFTW50T66,MINW,C_C0,MINW,NO,YES,37
POL,2023,ETRIWH,PTFTW50T66,MINW,C_C0,MINW,NO,YES,21
POL,2024,ETRIWH,PTFTW50T66,MINW,C_C0,MINW,NO,YES,32
POL,2025,ETRIWH,PTFTW50T66,MINW,C_C0,MINW,NO,YES,32
ESP,2023,ETRIWH,PTFTW50T66,MINW,C_C0,MINW,NO,YES,79
ESP,2024,ETRIWH,PTFTW50T66,MINW,C_C0,MINW,NO,YES,65
ESP,2025,ETRIWH,PTFTW50T66,MINW,C_C0,MINW,NO,YES,64
GBR,2024,ETRIWH,PTFTW50T66,MINW,C_C0,MINW,NO,YES,27
GBR,2025,ETRIWH,PTFTW50T66,MINW,C_C0,MINW,NO,YES,28
OECD,2023,ETRIWH,PTFTW50T66,MINW,C_C0,MINW,NO,YES,30
OECD,2024,ETRIWH,PTFTW50T66,MINW,C_C0,MINW,NO,YES,32
OECD,2025,ETRIWH,PTFTW50T66,MINW,C_C0,MINW,NO,YES,31
BEL,2023,ETRIWH,PTFTW50T66,MINW,C_C0,MINW,YES,YES,23
BEL,2024,ETRIWH,PTFTW50T66,MINW,C_C0,MINW,YES,YES,23
BEL,2025,ETRIWH,PTFTW50T66,MINW,C_C0,MINW,YES,YES,23
FRA,2023,ETRIWH,PTFTW50T66,MINW,C_C0,MINW,YES,YES,32
FRA,2024,ETRIWH,PTFTW50T66,MINW,C_C0,MINW,YES,YES,32
FRA,2025,ETRIWH,PTFTW50T66,MINW,C_C0,MINW,YES,YES,32
DEU,2023,ETRIWH,PTFTW50T66,MINW,C_C0,MINW,YES,YES,44
DEU,2024,ETRIWH,PTFTW50T66,MINW,C_C0,MINW,YES,YES,44
DEU,2025,ETRIWH,PTFTW50T66,MINW,C_C0,MINW,YES,YES,43
NLD,2023,ETRIWH,PTFTW50T66,MINW,C_C0,MINW,YES,YES,41
NLD,2024,ETRIWH,PTFTW50T66,MINW,C_C0,MINW,YES,YES,37
POL,2023,ETRIWH,PTFTW50T66,MINW,C_C0,MINW,YES,YES,21
POL,2024,ETRIWH,PTFTW50T66,MINW,C_C0,MINW,YES,YES,32
POL,2025,ETRIWH,PTFTW50T66,MINW,C_C0,MINW,YES,YES,32
ESP,2023,ETRIWH,PTFTW50T66,MINW,C_C0,MINW,YES,YES,79
ESP,2024,ETRIWH,PTFTW50T66,MINW,C_C0,MINW,YES,YES,65
ESP,2025,ETRIWH,PTFTW50T66,MINW,C_C0,MINW,YES,YES,64
GBR,2024,ETRIWH,PTFTW50T66,MINW,C_C0,MINW,YES,YES,27
GBR,2025,ETRIWH,PTFTW50T66,MINW,C_C0,MINW,YES,YES,28
OECD,2023,ETRIWH,PTFTW50T66,MINW,C_C0,MINW,YES,YES,31
OECD,2024,ETRIWH,PTFTW50T66,MINW,C_C0,MINW,YES,YES,34
OECD,2025,ETRIWH,PTFTW50T66,MINW,C_C0,MINW,YES,YES,37
BEL,2023,ETRIWH,PTFTW50T100,MINW,C_C0,MINW,YES,YES,28
BEL,2025,ETRIWH,PTFTW50T100,MINW,C_C0,MINW,YES,YES,28
FRA,2023,ETRIWH,PTFTW50T100,MINW,C_C0,MINW,YES,YES,32
FRA,2024,ETRIWH,PTFTW50T100,MINW,C_C0,MINW,YES,YES,32
FRA,2025,ETRIWH,PTFTW50T100,MINW,C_C0,MINW,YES,YES,32
DEU,2023,ETRIWH,PTFTW50T100,MINW,C_C0,MINW,YES,YES,44
DEU,2024,ETRIWH,PTFTW50T100,MINW,C_C0,MINW,YES,YES,43
DEU,2025,ETRIWH,PTFTW50T100,MINW,C_C0,MINW,YES,YES,44
NLD,2023,ETRIWH,PTFTW50T100,MINW,C_C0,MINW,YES,YES,41
NLD,2024,ETRIWH,PTFTW50T100,MINW,C_C0,MINW,YES,YES,34
POL,2023,ETRIWH,PTFTW50T100,MINW,C_C0,MINW,YES,YES,25
POL,2024,ETRIWH,PTFTW50T100,MINW,C_C0,MINW,YES,YES,32
POL,2025,ETRIWH,PTFTW50T100,MINW,C_C0,MINW,YES,YES,32
ESP,2023,ETRIWH,PTFTW50T100,MINW,C_C0,MINW,YES,YES,32
ESP,2024,ETRIWH,PTFTW50T100,MINW,C_C0,MINW,YES,YES,26
GBR,2023,ETRIWH,PTFTW50T100,MINW,C_C0,MINW,YES,YES,29
GBR,2024,ETRIWH,PTFTW50T100,MINW,C_C0,MINW,YES,YES,28
GBR,2025,ETRIWH,PTFTW50T100,MINW,C_C0,MINW,YES,YES,28
OECD,2024,ETRIWH,PTFTW50T100,MINW,C_C0,MINW,YES,YES,31
OECD,2025,ETRIWH,PTFTW50T100,MINW,C_C0,MINW,YES,YES,31
BEL,2023,ETRIWH,PTFTW50T100,MINW,C_C0,MINW,NO,YES,28
BEL,2025,ETRIWH,PTFTW50T100,MINW,C_C0,MINW,NO,YES,28
FRA,2023,ETRIWH,PTFTW50T100,MINW,C_C0,MINW,NO,YES,32
FRA,2024,ETRIWH,PTFTW50T100,MINW,C_C0,MINW,NO,YES,32
FRA,2025,ETRIWH,PTFTW50T100,MINW,C_C0,MINW,NO,YES,32
DEU,2023,ETRIWH,PTFTW50T100,MINW,C_C0,MINW,NO,YES,44
DEU,2024,ETRIWH,PTFTW50T100,MINW,C_C0,MINW,NO,YES,43
DEU,2025,ETRIWH,PTFTW50T100,MINW,C_C0,MINW,NO,YES,44
NLD,2023,ETRIWH,PTFTW50T100,MINW,C_C0,MINW,NO,YES,41
NLD,2024,ETRIWH,PTFTW50T100,MINW,C_C0,MINW,NO,YES,34
POL,2023,ETRIWH,PTFTW50T100,MINW,C_C0,MINW,NO,YES,25
POL,2024,ETRIWH,PTFTW50T100,MINW,C_C0,MINW,NO,YES,32
POL,2025,ETRIWH,PTFTW50T100,MINW,C_C0,MINW,NO,YES,32
ESP,2023,ETRIWH,PTFTW50T100,MINW,C_C0,MINW,NO,YES,32
ESP,2024,ETRIWH,PTFTW50T100,MINW,C_C0,MINW,NO,YES,26
GBR,2023,ETRIWH,PTFTW50T100,MINW,C_C0,MINW,NO,YES,29
GBR,2024,ETRIWH,PTFTW50T100,MINW,C_C0,MINW,NO,YES,28
GBR,2025,ETRIWH,PTFTW50T100,MINW,C_C0,MINW,NO,YES,28
OECD,2023,ETRIWH,PTFTW50T100,MINW,C_C0,MINW,NO,YES,28
OECD,2024,ETRIWH,PTFTW50T100,MINW,C_C0,MINW,NO,YES,29
OECD,2025,ETRIWH,PTFTW50T100,MINW,C_C0,MINW,NO,YES,29
BEL,2024,ETRIWH,PTFTW50T100,MINW,C_C0,MINW,YES,YES,27
BEL,2024,ETRIWH,PTFTW50T100,MINW,C_C0,MINW,NO,YES,27
POL,2023,ETRIWH,PTFTW50T100,MINW,C_C0,MINW,YES,NO,25
POL,2023,ETRIWH,PTFTW50T100,MINW,C_C0,MINW,NO,NO,25
OECD,2023,ETRIWH,PTFTW50T100,MINW,C_C0,MINW,YES,NO,25
OECD,2024,ETRIWH,PTFTW50T100,MINW,C_C0,MINW,YES,NO,25
BEL,2023,ETRIWH,PTFTW50T100,MINW,C_C0,MINW,NO,NO,28
BEL,2023,ETRIWH,PTFTW50T100,MINW,C_C0,MINW,YES,NO,28
BEL,2024,ETRIWH,PTFTW50T100,MINW,C_C0,MINW,YES,NO,27
BEL,2024,ETRIWH,PTFTW50T100,MINW,C_C0,MINW,NO,NO,27
BEL,2025,ETRIWH,PTFTW50T100,MINW,C_C0,MINW,NO,NO,28
BEL,2025,ETRIWH,PTFTW50T100,MINW,C_C0,MINW,YES,NO,28
FRA,2023,ETRIWH,PTFTW50T100,MINW,C_C0,MINW,NO,NO,32
FRA,2023,ETRIWH,PTFTW50T100,MINW,C_C0,MINW,YES,NO,32
FRA,2024,ETRIWH,PTFTW50T100,MINW,C_C0,MINW,YES,NO,32
FRA,2024,ETRIWH,PTFTW50T100,MINW,C_C0,MINW,NO,NO,32
FRA,2025,ETRIWH,PTFTW50T100,MINW,C_C0,MINW,NO,NO,32
FRA,2025,ETRIWH,PTFTW50T100,MINW,C_C0,MINW,YES,NO,32
DEU,2023,ETRIWH,PTFTW50T100,MINW,C_C0,MINW,NO,NO,44
DEU,2023,ETRIWH,PTFTW50T100,MINW,C_C0,MINW,YES,NO,44
DEU,2024,ETRIWH,PTFTW50T100,MINW,C_C0,MINW,YES,NO,43
DEU,2024,ETRIWH,PTFTW50T100,MINW,C_C0,MINW,NO,NO,43
DEU,2025,ETRIWH,PTFTW50T100,MINW,C_C0,MINW,NO,NO,44
DEU,2025,ETRIWH,PTFTW50T100,MINW,C_C0,MINW,YES,NO,44
NLD,2023,ETRIWH,PTFTW50T100,MINW,C_C0,MINW,YES,NO,28
NLD,2023,ETRIWH,PTFTW50T100,MINW,C_C0,MINW,NO,NO,28
POL,2024,ETRIWH,PTFTW50T100,MINW,C_C0,MINW,NO,NO,32
POL,2024,ETRIWH,PTFTW50T100,MINW,C_C0,MINW,YES,NO,32
POL,2025,ETRIWH,PTFTW50T100,MINW,C_C0,MINW,YES,NO,32
POL,2025,ETRIWH,PTFTW50T100,MINW,C_C0,MINW,NO,NO,32
ESP,2023,ETRIWH,PTFTW50T100,MINW,C_C0,MINW,YES,NO,7
ESP,2023,ETRIWH,PTFTW50T100,MINW,C_C0,MINW,NO,NO,7
ESP,2024,ETRIWH,PTFTW50T100,MINW,C_C0,MINW,NO,NO,6
ESP,2024,ETRIWH,PTFTW50T100,MINW,C_C0,MINW,YES,NO,6
ESP,2025,ETRIWH,PTFTW50T100,MINW,C_C0,MINW,YES,NO,10
ESP,2025,ETRIWH,PTFTW50T100,MINW,C_C0,MINW,NO,NO,10
GBR,2023,ETRIWH,PTFTW50T100,MINW,C_C0,MINW,YES,NO,29
GBR,2023,ETRIWH,PTFTW50T100,MINW,C_C0,MINW,NO,NO,29
GBR,2024,ETRIWH,PTFTW50T100,MINW,C_C0,MINW,NO,NO,28
GBR,2024,ETRIWH,PTFTW50T100,MINW,C_C0,MINW,YES,NO,28
GBR,2025,ETRIWH,PTFTW50T100,MINW,C_C0,MINW,YES,NO,28
GBR,2025,ETRIWH,PTFTW50T100,MINW,C_C0,MINW,NO,NO,28
OECD,2025,ETRIWH,PTFTW50T100,MINW,C_C0,MINW,NO,NO,23
ESP,2025,ETRIWH,PTFTW50T100,MINW,C_C0,MINW,NO,YES,30
ESP,2025,ETRIWH,PTFTW50T100,MINW,C_C0,MINW,YES,YES,30
OECD,2023,ETRIWH,PTFTW50T100,MINW,C_C0,MINW,YES,YES,30
NLD,2024,ETRIWH,PTFTW67T100,MINW,C_C0,MINW,YES,NO,24
NLD,2024,ETRIWH,PTFTW67T100,MINW,C_C0,MINW,NO,NO,24
GBR,2023,ETRIWH,PTFTW50T66,MINW,C_C0,MINW,NO,YES,24
GBR,2023,ETRIWH,PTFTW50T66,MINW,C_C0,MINW,YES,YES,24
GBR,2023,ETRIWH,PTFTW50T66,MINW,C_C0,MINW,YES,NO,24
GBR,2023,ETRIWH,PTFTW50T66,MINW,C_C0,MINW,NO,NO,24
OECD,2023,ETRIWH,PTFTW50T100,MINW,C_C0,MINW,NO,NO,24
OECD,2024,ETRIWH,PTFTW50T100,MINW,C_C0,MINW,NO,NO,24
OECD,2024,ETRIWH,PTFTW50T66,MINW,C_C0,MINW,YES,NO,24
OECD,2025,ETRIWH,PTFTW50T100,MINW,C_C0,MINW,YES,NO,24
USA,2023,ETRIWH,PTFTW33T67,MINW,C_C0,MINW,NO,YES,24
USA,2023,ETRIWH,PTFTW33T67,MINW,C_C0,MINW,YES,NO,24
USA,2023,ETRIWH,PTFTW33T67,MINW,C_C0,MINW,NO,NO,24
USA,2023,ETRIWH,PTFTW50T66,MINW,C_C0,MINW,YES,NO,24
USA,2023,ETRIWH,PTFTW50T66,MINW,C_C0,MINW,NO,YES,24
USA,2023,ETRIWH,PTFTW50T66,MINW,C_C0,MINW,YES,YES,24
USA,2023,ETRIWH,PTFTW50T66,MINW,C_C0,MINW,NO,NO,24
USA,2024,ETRIWH,PTFTW50T66,MINW,C_C0,MINW,NO,NO,24
USA,2024,ETRIWH,PTFTW50T66,MINW,C_C0,MINW,YES,YES,24
USA,2024,ETRIWH,PTFTW50T66,MINW,C_C0,MINW,NO,YES,24
USA,2024,ETRIWH,PTFTW50T66,MINW,C_C0,MINW,YES,NO,24
USA,2025,ETRIWH,PTFTW50T66,MINW,C_C0,MINW,YES,NO,24
USA,2025,ETRIWH,PTFTW50T66,MINW,C_C0,MINW,NO,YES,24
USA,2025,ETRIWH,PTFTW50T66,MINW,C_C0,MINW,YES,YES,24
USA,2025,ETRIWH,PTFTW50T66,MINW,C_C0,MINW,NO,NO,24
USA,2023,ETRIWH,PTFTW50T100,MINW,C_C0,MINW,NO,YES,24
USA,2023,ETRIWH,PTFTW50T100,MINW,C_C0,MINW,NO,NO,24
USA,2023,ETRIWH,PTFTW50T100,MINW,C_C0,MINW,YES,YES,24
USA,2023,ETRIWH,PTFTW50T100,MINW,C_C0,MINW,YES,NO,24
USA,2024,ETRIWH,PTFTW50T100,MINW,C_C0,MINW,YES,NO,24
USA,2024,ETRIWH,PTFTW50T100,MINW,C_C0,MINW,YES,YES,24
USA,2024,ETRIWH,PTFTW50T100,MINW,C_C0,MINW,NO,NO,24
USA,2024,ETRIWH,PTFTW50T100,MINW,C_C0,MINW,NO,YES,24
USA,2025,ETRIWH,PTFTW50T100,MINW,C_C0,MINW,NO,YES,24
USA,2025,ETRIWH,PTFTW50T100,MINW,C_C0,MINW,NO,NO,24
USA,2025,ETRIWH,PTFTW50T100,MINW,C_C0,MINW,YES,YES,24
USA,2025,ETRIWH,PTFTW50T100,MINW,C_C0,MINW,YES,NO,24
USA,2023,ETRIWH,PTFTW67T100,MINW,C_C0,MINW,NO,YES,24
USA,2023,ETRIWH,PTFTW67T100,MINW,C_C0,MINW,YES,NO,24
USA,2023,ETRIWH,PTFTW67T100,MINW,C_C0,MINW,YES,YES,24
USA,2023,ETRIWH,PTFTW67T100,MINW,C_C0,MINW,NO,NO,24
USA,2024,ETRIWH,PTFTW67T100,MINW,C_C0,MINW,NO,NO,24
USA,2024,ETRIWH,PTFTW67T100,MINW,C_C0,MINW,YES,YES,24
USA,2024,ETRIWH,PTFTW67T100,MINW,C_C0,MINW,YES,NO,24
USA,2024,ETRIWH,PTFTW67T100,MINW,C_C0,MINW,NO,YES,24
USA,2025,ETRIWH,PTFTW67T100,MINW,C_C0,MINW,NO,YES,24
USA,2025,ETRIWH,PTFTW67T100,MINW,C_C0,MINW,YES,NO,24
USA,2025,ETRIWH,PTFTW67T100,MINW,C_C0,MINW,YES,YES,24
USA,2025,ETRIWH,PTFTW67T100,MINW,C_C0,MINW,NO,NO,24
NLD,2023,ETRIWH,PTFTW50T66,MINW,C_C0,MINW,YES,NO,22
NLD,2023,ETRIWH,PTFTW50T66,MINW,C_C0,MINW,NO,NO,22
NLD,2024,ETRIWH,PTFTW50T100,MINW,C_C0,MINW,NO,NO,22
NLD,2024,ETRIWH,PTFTW50T100,MINW,C_C0,MINW,YES,NO,22
OECD,2023,ETRIWH,PTFTW33T67,MINW,C_C0,MINW,YES,NO,22
OECD,2024,ETRIWH,PTFTW50T66,MINW,C_C0,MINW,NO,NO,22
OECD,2025,ETRIWH,PTFTW50T66,MINW,C_C0,MINW,YES,NO,22
OECD,2023,ETRIWH,PTFTW50T66,MINW,C_C0,AW100,YES,NO,22
OECD,2023,ETRIWH,PTFTW50T66,MINW,C_C0,AW100,NO,NO,22
BEL,2023,ETRIWH,PTFTW50T66,MINW,C_C0,AW100,NO,NO,36
BEL,2024,ETRIWH,PTFTW50T66,MINW,C_C0,AW100,NO,NO,36
BEL,2025,ETRIWH,PTFTW50T66,MINW,C_C0,AW100,NO,NO,35
FRA,2023,ETRIWH,PTFTW50T66,MINW,C_C0,AW100,NO,NO,33
FRA,2024,ETRIWH,PTFTW50T66,MINW,C_C0,AW100,NO,NO,33
FRA,2025,ETRIWH,PTFTW50T66,MINW,C_C0,AW100,NO,NO,33
DEU,2023,ETRIWH,PTFTW50T66,MINW,C_C0,AW100,NO,NO,47
DEU,2024,ETRIWH,PTFTW50T66,MINW,C_C0,AW100,NO,NO,48
DEU,2025,ETRIWH,PTFTW50T66,MINW,C_C0,AW100,NO,NO,49
NLD,2023,ETRIWH,PTFTW50T66,MINW,C_C0,AW100,NO,NO,9
NLD,2024,ETRIWH,PTFTW50T66,MINW,C_C0,AW100,NO,NO,6
POL,2023,ETRIWH,PTFTW50T66,MINW,C_C0,AW100,NO,NO,32
POL,2024,ETRIWH,PTFTW50T66,MINW,C_C0,AW100,NO,NO,32
POL,2025,ETRIWH,PTFTW50T66,MINW,C_C0,AW100,NO,NO,32
ESP,2023,ETRIWH,PTFTW50T66,MINW,C_C0,AW100,NO,NO,6
ESP,2024,ETRIWH,PTFTW50T66,MINW,C_C0,AW100,NO,NO,6
ESP,2025,ETRIWH,PTFTW50T66,MINW,C_C0,AW100,NO,NO,6
GBR,2023,ETRIWH,PTFTW50T66,MINW,C_C0,AW100,NO,NO,24
GBR,2024,ETRIWH,PTFTW50T66,MINW,C_C0,AW100,NO,NO,23
GBR,2025,ETRIWH,PTFTW50T66,MINW,C_C0,AW100,NO,NO,28
USA,2023,ETRIWH,PTFTW50T66,MINW,C_C0,AW100,NO,NO,26
USA,2024,ETRIWH,PTFTW50T66,MINW,C_C0,AW100,NO,NO,26
USA,2025,ETRIWH,PTFTW50T66,MINW,C_C0,AW100,NO,NO,26
OECD,2024,ETRIWH,PTFTW50T66,MINW,C_C0,AW100,NO,NO,23
OECD,2025,ETRIWH,PTFTW50T66,MINW,C_C0,AW100,NO,NO,24
BEL,2023,ETRIWH,PTFTW50T66,MINW,C_C0,AW100,YES,NO,36
BEL,2024,ETRIWH,PTFTW50T66,MINW,C_C0,AW100,YES,NO,36
BEL,2025,ETRIWH,PTFTW50T66,MINW,C_C0,AW100,YES,NO,35
FRA,2023,ETRIWH,PTFTW50T66,MINW,C_C0,AW100,YES,NO,33
FRA,2024,ETRIWH,PTFTW50T66,MINW,C_C0,AW100,YES,NO,33
FRA,2025,ETRIWH,PTFTW50T66,MINW,C_C0,AW100,YES,NO,33
DEU,2023,ETRIWH,PTFTW50T66,MINW,C_C0,AW100,YES,NO,47
DEU,2024,ETRIWH,PTFTW50T66,MINW,C_C0,AW100,YES,NO,48
DEU,2025,ETRIWH,PTFTW50T66,MINW,C_C0,AW100,YES,NO,49
NLD,2023,ETRIWH,PTFTW50T66,MINW,C_C0,AW100,YES,NO,9
NLD,2024,ETRIWH,PTFTW50T66,MINW,C_C0,AW100,YES,NO,6
POL,2023,ETRIWH,PTFTW50T66,MINW,C_C0,AW100,YES,NO,32
POL,2024,ETRIWH,PTFTW50T66,MINW,C_C0,AW100,YES,NO,32
POL,2025,ETRIWH,PTFTW50T66,MINW,C_C0,AW100,YES,NO,32
ESP,2023,ETRIWH,PTFTW50T66,MINW,C_C0,AW100,YES,NO,6
ESP,2024,ETRIWH,PTFTW50T66,MINW,C_C0,AW100,YES,NO,6
ESP,2025,ETRIWH,PTFTW50T66,MINW,C_C0,AW100,YES,NO,6
GBR,2023,ETRIWH,PTFTW50T66,MINW,C_C0,AW100,YES,NO,24
GBR,2024,ETRIWH,PTFTW50T66,MINW,C_C0,AW100,YES,NO,23
GBR,2025,ETRIWH,PTFTW50T66,MINW,C_C0,AW100,YES,NO,28
USA,2023,ETRIWH,PTFTW50T66,MINW,C_C0,AW100,YES,NO,26
USA,2024,ETRIWH,PTFTW50T66,MINW,C_C0,AW100,YES,NO,26
USA,2025,ETRIWH,PTFTW50T66,MINW,C_C0,AW100,YES,NO,26
OECD,2024,ETRIWH,PTFTW50T66,MINW,C_C0,AW100,YES,NO,23
OECD,2025,ETRIWH,PTFTW50T66,MINW,C_C0,AW100,YES,NO,24
BEL,2023,ETRIWH,PTFTW50T66,MINW,C_C0,AW100,NO,YES,36
BEL,2024,ETRIWH,PTFTW50T66,MINW,C_C0,AW100,NO,YES,36
BEL,2025,ETRIWH,PTFTW50T66,MINW,C_C0,AW100,NO,YES,35
FRA,2023,ETRIWH,PTFTW50T66,MINW,C_C0,AW100,NO,YES,33
FRA,2024,ETRIWH,PTFTW50T66,MINW,C_C0,AW100,NO,YES,33
FRA,2025,ETRIWH,PTFTW50T66,MINW,C_C0,AW100,NO,YES,33
DEU,2023,ETRIWH,PTFTW50T66,MINW,C_C0,AW100,NO,YES,47
DEU,2024,ETRIWH,PTFTW50T66,MINW,C_C0,AW100,NO,YES,48
DEU,2025,ETRIWH,PTFTW50T66,MINW,C_C0,AW100,NO,YES,49
NLD,2023,ETRIWH,PTFTW50T66,MINW,C_C0,AW100,NO,YES,9
NLD,2024,ETRIWH,PTFTW50T66,MINW,C_C0,AW100,NO,YES,6
POL,2023,ETRIWH,PTFTW50T66,MINW,C_C0,AW100,NO,YES,32
POL,2024,ETRIWH,PTFTW50T66,MINW,C_C0,AW100,NO,YES,32
POL,2025,ETRIWH,PTFTW50T66,MINW,C_C0,AW100,NO,YES,32
ESP,2023,ETRIWH,PTFTW50T66,MINW,C_C0,AW100,NO,YES,6
ESP,2024,ETRIWH,PTFTW50T66,MINW,C_C0,AW100,NO,YES,6
ESP,2025,ETRIWH,PTFTW50T66,MINW,C_C0,AW100,NO,YES,6
GBR,2023,ETRIWH,PTFTW50T66,MINW,C_C0,AW100,NO,YES,24
GBR,2024,ETRIWH,PTFTW50T66,MINW,C_C0,AW100,NO,YES,23
GBR,2025,ETRIWH,PTFTW50T66,MINW,C_C0,AW100,NO,YES,28
USA,2023,ETRIWH,PTFTW50T66,MINW,C_C0,AW100,NO,YES,26
USA,2024,ETRIWH,PTFTW50T66,MINW,C_C0,AW100,NO,YES,26
USA,2025,ETRIWH,PTFTW50T66,MINW,C_C0,AW100,NO,YES,26
OECD,2023,ETRIWH,PTFTW50T66,MINW,C_C0,AW100,NO,YES,30
OECD,2024,ETRIWH,PTFTW50T66,MINW,C_C0,AW100,NO,YES,31
OECD,2025,ETRIWH,PTFTW50T66,MINW,C_C0,AW100,NO,YES,24
BEL,2023,ETRIWH,PTFTW50T66,MINW,C_C0,AW100,YES,YES,36
BEL,2024,ETRIWH,PTFTW50T66,MINW,C_C0,AW100,YES,YES,36
BEL,2025,ETRIWH,PTFTW50T66,MINW,C_C0,AW100,YES,YES,35
FRA,2023,ETRIWH,PTFTW50T66,MINW,C_C0,AW100,YES,YES,33
FRA,2024,ETRIWH,PTFTW50T66,MINW,C_C0,AW100,YES,YES,33
FRA,2025,ETRIWH,PTFTW50T66,MINW,C_C0,AW100,YES,YES,33
DEU,2023,ETRIWH,PTFTW50T66,MINW,C_C0,AW100,YES,YES,47
DEU,2024,ETRIWH,PTFTW50T66,MINW,C_C0,AW100,YES,YES,48
DEU,2025,ETRIWH,PTFTW50T66,MINW,C_C0,AW100,YES,YES,49
NLD,2023,ETRIWH,PTFTW50T66,MINW,C_C0,AW100,YES,YES,9
NLD,2024,ETRIWH,PTFTW50T66,MINW,C_C0,AW100,YES,YES,6
POL,2023,ETRIWH,PTFTW50T66,MINW,C_C0,AW100,YES,YES,32
POL,2024,ETRIWH,PTFTW50T66,MINW,C_C0,AW100,YES,YES,32
POL,2025,ETRIWH,PTFTW50T66,MINW,C_C0,AW100,YES,YES,32
ESP,2023,ETRIWH,PTFTW50T66,MINW,C_C0,AW100,YES,YES,6
ESP,2024,ETRIWH,PTFTW50T66,MINW,C_C0,AW100,YES,YES,6
ESP,2025,ETRIWH,PTFTW50T66,MINW,C_C0,AW100,YES,YES,6
GBR,2023,ETRIWH,PTFTW50T66,MINW,C_C0,AW100,YES,YES,24
GBR,2024,ETRIWH,PTFTW50T66,MINW,C_C0,AW100,YES,YES,23
GBR,2025,ETRIWH,PTFTW50T66,MINW,C_C0,AW100,YES,YES,28
USA,2023,ETRIWH,PTFTW50T66,MINW,C_C0,AW100,YES,YES,26
USA,2024,ETRIWH,PTFTW50T66,MINW,C_C0,AW100,YES,YES,26
USA,2025,ETRIWH,PTFTW50T66,MINW,C_C0,AW100,YES,YES,26
OECD,2023,ETRIWH,PTFTW50T66,MINW,C_C0,AW100,YES,YES,30
OECD,2024,ETRIWH,PTFTW50T66,MINW,C_C0,AW100,YES,YES,31
OECD,2025,ETRIWH,PTFTW50T66,MINW,C_C0,AW100,YES,YES,24
BEL,2023,ETRIWH,PTFTW33T67,MINW,C_C0,AW100,NO,YES,36
BEL,2024,ETRIWH,PTFTW33T67,MINW,C_C0,AW100,NO,YES,36
BEL,2025,ETRIWH,PTFTW33T67,MINW,C_C0,AW100,NO,YES,35
FRA,2023,ETRIWH,PTFTW33T67,MINW,C_C0,AW100,NO,YES,33
FRA,2024,ETRIWH,PTFTW33T67,MINW,C_C0,AW100,NO,YES,33
FRA,2025,ETRIWH,PTFTW33T67,MINW,C_C0,AW100,NO,YES,33
DEU,2023,ETRIWH,PTFTW33T67,MINW,C_C0,AW100,NO,YES,47
DEU,2024,ETRIWH,PTFTW33T67,MINW,C_C0,AW100,NO,YES,48
DEU,2025,ETRIWH,PTFTW33T67,MINW,C_C0,AW100,NO,YES,48
NLD,2023,ETRIWH,PTFTW33T67,MINW,C_C0,AW100,NO,YES,6
NLD,2024,ETRIWH,PTFTW33T67,MINW,C_C0,AW100,NO,YES,3
POL,2023,ETRIWH,PTFTW33T67,MINW,C_C0,AW100,NO,YES,32
POL,2024,ETRIWH,PTFTW33T67,MINW,C_C0,AW100,NO,YES,32
POL,2025,ETRIWH,PTFTW33T67,MINW,C_C0,AW100,NO,YES,32
ESP,2023,ETRIWH,PTFTW33T67,MINW,C_C0,AW100,NO,YES,6
ESP,2024,ETRIWH,PTFTW33T67,MINW,C_C0,AW100,NO,YES,6
ESP,2025,ETRIWH,PTFTW33T67,MINW,C_C0,AW100,NO,YES,6
GBR,2023,ETRIWH,PTFTW33T67,MINW,C_C0,AW100,NO,YES,12
GBR,2024,ETRIWH,PTFTW33T67,MINW,C_C0,AW100,NO,YES,12
GBR,2025,ETRIWH,PTFTW33T67,MINW,C_C0,AW100,NO,YES,14
USA,2023,ETRIWH,PTFTW33T67,MINW,C_C0,AW100,NO,YES,26
USA,2024,ETRIWH,PTFTW33T67,MINW,C_C0,AW100,NO,YES,26
USA,2025,ETRIWH,PTFTW33T67,MINW,C_C0,AW100,NO,YES,26
OECD,2023,ETRIWH,PTFTW33T67,MINW,C_C0,AW100,NO,YES,24
OECD,2024,ETRIWH,PTFTW33T67,MINW,C_C0,AW100,NO,YES,24
OECD,2025,ETRIWH,PTFTW33T67,MINW,C_C0,AW100,NO,YES,21
BEL,2023,ETRIWH,PTFTW33T67,MINW,C_C0,AW100,YES,YES,36
BEL,2024,ETRIWH,PTFTW33T67,MINW,C_C0,AW100,YES,YES,36
BEL,2025,ETRIWH,PTFTW33T67,MINW,C_C0,AW100,YES,YES,35
FRA,2023,ETRIWH,PTFTW33T67,MINW,C_C0,AW100,YES,YES,33
FRA,2024,ETRIWH,PTFTW33T67,MINW,C_C0,AW100,YES,YES,33
FRA,2025,ETRIWH,PTFTW33T67,MINW,C_C0,AW100,YES,YES,33
DEU,2023,ETRIWH,PTFTW33T67,MINW,C_C0,AW100,YES,YES,47
DEU,2024,ETRIWH,PTFTW33T67,MINW,C_C0,AW100,YES,YES,48
DEU,2025,ETRIWH,PTFTW33T67,MINW,C_C0,AW100,YES,YES,48
NLD,2023,ETRIWH,PTFTW33T67,MINW,C_C0,AW100,YES,YES,6
NLD,2024,ETRIWH,PTFTW33T67,MINW,C_C0,AW100,YES,YES,3
POL,2023,ETRIWH,PTFTW33T67,MINW,C_C0,AW100,YES,YES,32
POL,2024,ETRIWH,PTFTW33T67,MINW,C_C0,AW100,YES,YES,32
POL,2025,ETRIWH,PTFTW33T67,MINW,C_C0,AW100,YES,YES,32
ESP,2023,ETRIWH,PTFTW33T67,MINW,C_C0,AW100,YES,YES,6
ESP,2024,ETRIWH,PTFTW33T67,MINW,C_C0,AW100,YES,YES,6
ESP,2025,ETRIWH,PTFTW33T67,MINW,C_C0,AW100,YES,YES,6
GBR,2023,ETRIWH,PTFTW33T67,MINW,C_C0,AW100,YES,YES,12
GBR,2024,ETRIWH,PTFTW33T67,MINW,C_C0,AW100,YES,YES,12
GBR,2025,ETRIWH,PTFTW33T67,MINW,C_C0,AW100,YES,YES,14
USA,2023,ETRIWH,PTFTW33T67,MINW,C_C0,AW100,YES,YES,26
USA,2024,ETRIWH,PTFTW33T67,MINW,C_C0,AW100,YES,YES,26
USA,2025,ETRIWH,PTFTW33T67,MINW,C_C0,AW100,YES,YES,26
OECD,2023,ETRIWH,PTFTW33T67,MINW,C_C0,AW100,YES,YES,24
OECD,2024,ETRIWH,PTFTW33T67,MINW,C_C0,AW100,YES,YES,24
OECD,2025,ETRIWH,PTFTW33T67,MINW,C_C0,AW100,YES,YES,21
BEL,2023,ETRIWH,PTFTW33T67,MINW,C_C0,AW100,YES,NO,36
BEL,2024,ETRIWH,PTFTW33T67,MINW,C_C0,AW100,YES,NO,36
BEL,2025,ETRIWH,PTFTW33T67,MINW,C_C0,AW100,YES,NO,35
FRA,2023,ETRIWH,PTFTW33T67,MINW,C_C0,AW100,YES,NO,33
FRA,2024,ETRIWH,PTFTW33T67,MINW,C_C0,AW100,YES,NO,33
FRA,2025,ETRIWH,PTFTW33T67,MINW,C_C0,AW100,YES,NO,33
DEU,2023,ETRIWH,PTFTW33T67,MINW,C_C0,AW100,YES,NO,47
DEU,2024,ETRIWH,PTFTW33T67,MINW,C_C0,AW100,YES,NO,48
DEU,2025,ETRIWH,PTFTW33T67,MINW,C_C0,AW100,YES,NO,48
NLD,2023,ETRIWH,PTFTW33T67,MINW,C_C0,AW100,YES,NO,6
NLD,2024,ETRIWH,PTFTW33T67,MINW,C_C0,AW100,YES,NO,3
POL,2023,ETRIWH,PTFTW33T67,MINW,C_C0,AW100,YES,NO,32
POL,2024,ETRIWH,PTFTW33T67,MINW,C_C0,AW100,YES,NO,32
POL,2025,ETRIWH,PTFTW33T67,MINW,C_C0,AW100,YES,NO,32
ESP,2023,ETRIWH,PTFTW33T67,MINW,C_C0,AW100,YES,NO,6
ESP,2024,ETRIWH,PTFTW33T67,MINW,C_C0,AW100,YES,NO,6
ESP,2025,ETRIWH,PTFTW33T67,MINW,C_C0,AW100,YES,NO,6
GBR,2023,ETRIWH,PTFTW33T67,MINW,C_C0,AW100,YES,NO,12
GBR,2024,ETRIWH,PTFTW33T67,MINW,C_C0,AW100,YES,NO,12
GBR,2025,ETRIWH,PTFTW33T67,MINW,C_C0,AW100,YES,NO,14
USA,2023,ETRIWH,PTFTW33T67,MINW,C_C0,AW100,YES,NO,26
USA,2024,ETRIWH,PTFTW33T67,MINW,C_C0,AW100,YES,NO,26
USA,2025,ETRIWH,PTFTW33T67,MINW,C_C0,AW100,YES,NO,26
OECD,2025,ETRIWH,PTFTW33T67,MINW,C_C0,AW100,YES,NO,21
BEL,2023,ETRIWH,PTFTW33T67,MINW,C_C0,AW100,NO,NO,36
BEL,2024,ETRIWH,PTFTW33T67,MINW,C_C0,AW100,NO,NO,36
BEL,2025,ETRIWH,PTFTW33T67,MINW,C_C0,AW100,NO,NO,35
FRA,2023,ETRIWH,PTFTW33T67,MINW,C_C0,AW100,NO,NO,33
FRA,2024,ETRIWH,PTFTW33T67,MINW,C_C0,AW100,NO,NO,33
FRA,2025,ETRIWH,PTFTW33T67,MINW,C_C0,AW100,NO,NO,33
DEU,2023,ETRIWH,PTFTW33T67,MINW,C_C0,AW100,NO,NO,47
DEU,2024,ETRIWH,PTFTW33T67,MINW,C_C0,AW100,NO,NO,48
DEU,2025,ETRIWH,PTFTW33T67,MINW,C_C0,AW100,NO,NO,48
NLD,2023,ETRIWH,PTFTW33T67,MINW,C_C0,AW100,NO,NO,6
NLD,2024,ETRIWH,PTFTW33T67,MINW,C_C0,AW100,NO,NO,3
POL,2023,ETRIWH,PTFTW33T67,MINW,C_C0,AW100,NO,NO,32
POL,2024,ETRIWH,PTFTW33T67,MINW,C_C0,AW100,NO,NO,32
POL,2025,ETRIWH,PTFTW33T67,MINW,C_C0,AW100,NO,NO,32
ESP,2023,ETRIWH,PTFTW33T67,MINW,C_C0,AW100,NO,NO,6
ESP,2024,ETRIWH,PTFTW33T67,MINW,C_C0,AW100,NO,NO,6
ESP,2025,ETRIWH,PTFTW33T67,MINW,C_C0,AW100,NO,NO,6
GBR,2023,ETRIWH,PTFTW33T67,MINW,C_C0,AW100,NO,NO,12
GBR,2024,ETRIWH,PTFTW33T67,MINW,C_C0,AW100,NO,NO,12
GBR,2025,ETRIWH,PTFTW33T67,MINW,C_C0,AW100,NO,NO,14
USA,2023,ETRIWH,PTFTW33T67,MINW,C_C0,AW100,NO,NO,26
USA,2024,ETRIWH,PTFTW33T67,MINW,C_C0,AW100,NO,NO,26
USA,2025,ETRIWH,PTFTW33T67,MINW,C_C0,AW100,NO,NO,26
OECD,2025,ETRIWH,PTFTW33T67,MINW,C_C0,AW100,NO,NO,21
OECD,2023,ETRIWH,PTFTW33T67,MINW,C_C0,AW100,YES,NO,20
OECD,2023,ETRIWH,PTFTW33T67,MINW,C_C0,AW100,NO,NO,20
OECD,2024,ETRIWH,PTFTW33T67,MINW,C_C0,AW100,NO,NO,20
OECD,2024,ETRIWH,PTFTW33T67,MINW,C_C0,AW100,YES,NO,20
POL,2023,ETRIWH,PTFTW67T100,MINW,C_C0,AW100,YES,YES,32
POL,2023,ETRIWH,PTFTW67T100,MINW,C_C0,AW100,NO,NO,32
POL,2023,ETRIWH,PTFTW67T100,MINW,C_C0,AW100,NO,YES,32
POL,2023,ETRIWH,PTFTW67T100,MINW,C_C0,AW100,YES,NO,32
POL,2024,ETRIWH,PTFTW67T100,MINW,C_C0,AW100,YES,NO,32
POL,2024,ETRIWH,PTFTW67T100,MINW,C_C0,AW100,NO,YES,32
POL,2024,ETRIWH,PTFTW67T100,MINW,C_C0,AW100,NO,NO,32
POL,2024,ETRIWH,PTFTW67T100,MINW,C_C0,AW100,YES,YES,32
POL,2025,ETRIWH,PTFTW67T100,MINW,C_C0,AW100,YES,YES,32
POL,2025,ETRIWH,PTFTW67T100,MINW,C_C0,AW100,NO,NO,32
POL,2025,ETRIWH,PTFTW67T100,MINW,C_C0,AW100,NO,YES,32
POL,2025,ETRIWH,PTFTW67T100,MINW,C_C0,AW100,YES,NO,32
GBR,2023,ETRIWH,PTFTW67T100,MINW,C_C0,AW100,NO,NO,32
GBR,2023,ETRIWH,PTFTW67T100,MINW,C_C0,AW100,YES,YES,32
GBR,2023,ETRIWH,PTFTW67T100,MINW,C_C0,AW100,YES,NO,32
GBR,2023,ETRIWH,PTFTW67T100,MINW,C_C0,AW100,NO,YES,32
USA,2023,ETRIWH,PTFTW67T100,MINW,C_C0,AW100,NO,NO,26
USA,2023,ETRIWH,PTFTW67T100,MINW,C_C0,AW100,NO,YES,26
USA,2023,ETRIWH,PTFTW67T100,MINW,C_C0,AW100,YES,YES,26
USA,2023,ETRIWH,PTFTW67T100,MINW,C_C0,AW100,YES,NO,26
USA,2024,ETRIWH,PTFTW67T100,MINW,C_C0,AW100,YES,NO,26
USA,2024,ETRIWH,PTFTW67T100,MINW,C_C0,AW100,YES,YES,26
USA,2024,ETRIWH,PTFTW67T100,MINW,C_C0,AW100,NO,YES,26
USA,2024,ETRIWH,PTFTW67T100,MINW,C_C0,AW100,NO,NO,26
USA,2025,ETRIWH,PTFTW67T100,MINW,C_C0,AW100,NO,NO,26
USA,2025,ETRIWH,PTFTW67T100,MINW,C_C0,AW100,NO,YES,26
USA,2025,ETRIWH,PTFTW67T100,MINW,C_C0,AW100,YES,YES,26
USA,2025,ETRIWH,PTFTW67T100,MINW,C_C0,AW100,YES,NO,26
OECD,2025,ETRIWH,PTFTW67T100,MINW,C_C0,AW100,YES,YES,26
OECD,2025,ETRIWH,PTFTW67T100,MINW,C_C0,AW100,NO,YES,26
OECD,2025,ETRIWH,PTFTW67T100,MINW,C_C0,AW100,NO,NO,26
OECD,2025,ETRIWH,PTFTW67T100,MINW,C_C0,AW100,YES,NO,26
BEL,2024,ETRIWH,PTFTW67T100,MINW,C_C0,AW100,NO,YES,34
BEL,2024,ETRIWH,PTFTW67T100,MINW,C_C0,AW100,YES,NO,34
BEL,2024,ETRIWH,PTFTW67T100,MINW,C_C0,AW100,YES,YES,34
BEL,2024,ETRIWH,PTFTW67T100,MINW,C_C0,AW100,NO,NO,34
BEL,2025,ETRIWH,PTFTW67T100,MINW,C_C0,AW100,NO,NO,34
BEL,2025,ETRIWH,PTFTW67T100,MINW,C_C0,AW100,YES,YES,34
BEL,2025,ETRIWH,PTFTW67T100,MINW,C_C0,AW100,YES,NO,34
BEL,2025,ETRIWH,PTFTW67T100,MINW,C_C0,AW100,NO,YES,34
FRA,2023,ETRIWH,PTFTW67T100,MINW,C_C0,AW100,YES,NO,33
FRA,2023,ETRIWH,PTFTW67T100,MINW,C_C0,AW100,NO,YES,33
FRA,2023,ETRIWH,PTFTW67T100,MINW,C_C0,AW100,YES,YES,33
FRA,2023,ETRIWH,PTFTW67T100,MINW,C_C0,AW100,NO,NO,33
FRA,2024,ETRIWH,PTFTW67T100,MINW,C_C0,AW100,NO,NO,33
FRA,2024,ETRIWH,PTFTW67T100,MINW,C_C0,AW100,YES,YES,33
FRA,2024,ETRIWH,PTFTW67T100,MINW,C_C0,AW100,NO,YES,33
FRA,2024,ETRIWH,PTFTW67T100,MINW,C_C0,AW100,YES,NO,33
FRA,2025,ETRIWH,PTFTW67T100,MINW,C_C0,AW100,YES,NO,33
FRA,2025,ETRIWH,PTFTW67T100,MINW,C_C0,AW100,NO,YES,33
FRA,2025,ETRIWH,PTFTW67T100,MINW,C_C0,AW100,YES,YES,33
FRA,2025,ETRIWH,PTFTW67T100,MINW,C_C0,AW100,NO,NO,33
OECD,2023,ETRIWH,PTFTW67T100,MINW,C_C0,AW100,YES,YES,27
OECD,2023,ETRIWH,PTFTW67T100,MINW,C_C0,AW100,NO,YES,27
OECD,2023,ETRIWH,PTFTW67T100,MINW,C_C0,AW100,NO,NO,27
OECD,2023,ETRIWH,PTFTW67T100,MINW,C_C0,AW100,YES,NO,27
OECD,2024,ETRIWH,PTFTW67T100,MINW,C_C0,AW100,YES,NO,27
OECD,2024,ETRIWH,PTFTW67T100,MINW,C_C0,AW100,NO,NO,27
OECD,2024,ETRIWH,PTFTW67T100,MINW,C_C0,AW100,NO,YES,27
OECD,2024,ETRIWH,PTFTW67T100,MINW,C_C0,AW100,YES,YES,27
GBR,2024,ETRIWH,PTFTW67T100,MINW,C_C0,AW100,NO,YES,28
GBR,2024,ETRIWH,PTFTW67T100,MINW,C_C0,AW100,YES,NO,28
GBR,2024,ETRIWH,PTFTW67T100,MINW,C_C0,AW100,YES,YES,28
GBR,2024,ETRIWH,PTFTW67T100,MINW,C_C0,AW100,NO,NO,28
GBR,2025,ETRIWH,PTFTW67T100,MINW,C_C0,AW100,NO,NO,28
GBR,2025,ETRIWH,PTFTW67T100,MINW,C_C0,AW100,YES,YES,28
GBR,2025,ETRIWH,PTFTW67T100,MINW,C_C0,AW100,YES,NO,28
GBR,2025,ETRIWH,PTFTW67T100,MINW,C_C0,AW100,NO,YES,28
ESP,2024,ETRIWH,PTFTW67T100,MINW,C_C0,AW100,NO,YES,6
ESP,2024,ETRIWH,PTFTW67T100,MINW,C_C0,AW100,YES,YES,6
ESP,2024,ETRIWH,PTFTW67T100,MINW,C_C0,AW100,NO,NO,6
ESP,2024,ETRIWH,PTFTW67T100,MINW,C_C0,AW100,YES,NO,6
NLD,2023,ETRIWH,PTFTW67T100,MINW,C_C0,AW100,YES,NO,19
NLD,2023,ETRIWH,PTFTW67T100,MINW,C_C0,AW100,NO,YES,19
NLD,2023,ETRIWH,PTFTW67T100,MINW,C_C0,AW100,NO,NO,19
NLD,2023,ETRIWH,PTFTW67T100,MINW,C_C0,AW100,YES,YES,19
BEL,2023,ETRIWH,PTFTW67T100,MINW,C_C0,AW100,NO,NO,35
BEL,2023,ETRIWH,PTFTW67T100,MINW,C_C0,AW100,YES,YES,35
BEL,2023,ETRIWH,PTFTW67T100,MINW,C_C0,AW100,YES,NO,35
BEL,2023,ETRIWH,PTFTW67T100,MINW,C_C0,AW100,NO,YES,35
DEU,2023,ETRIWH,PTFTW67T100,MINW,C_C0,AW100,YES,NO,48
DEU,2023,ETRIWH,PTFTW67T100,MINW,C_C0,AW100,YES,YES,48
DEU,2023,ETRIWH,PTFTW67T100,MINW,C_C0,AW100,NO,NO,48
DEU,2023,ETRIWH,PTFTW67T100,MINW,C_C0,AW100,NO,YES,48
DEU,2024,ETRIWH,PTFTW67T100,MINW,C_C0,AW100,NO,YES,48
DEU,2024,ETRIWH,PTFTW67T100,MINW,C_C0,AW100,NO,NO,48
DEU,2024,ETRIWH,PTFTW67T100,MINW,C_C0,AW100,YES,YES,48
DEU,2024,ETRIWH,PTFTW67T100,MINW,C_C0,AW100,YES,NO,48
DEU,2025,ETRIWH,PTFTW67T100,MINW,C_C0,AW100,YES,NO,48
DEU,2025,ETRIWH,PTFTW67T100,MINW,C_C0,AW100,YES,YES,48
DEU,2025,ETRIWH,PTFTW67T100,MINW,C_C0,AW100,NO,NO,48
DEU,2025,ETRIWH,PTFTW67T100,MINW,C_C0,AW100,NO,YES,48
NLD,2024,ETRIWH,PTFTW67T100,MINW,C_C0,AW100,YES,YES,18
NLD,2024,ETRIWH,PTFTW67T100,MINW,C_C0,AW100,NO,NO,18
NLD,2024,ETRIWH,PTFTW67T100,MINW,C_C0,AW100,NO,YES,18
NLD,2024,ETRIWH,PTFTW67T100,MINW,C_C0,AW100,YES,NO,18
ESP,2023,ETRIWH,PTFTW67T100,MINW,C_C0,AW100,YES,NO,7
ESP,2023,ETRIWH,PTFTW67T100,MINW,C_C0,AW100,NO,NO,7
ESP,2023,ETRIWH,PTFTW67T100,MINW,C_C0,AW100,YES,YES,7
ESP,2023,ETRIWH,PTFTW67T100,MINW,C_C0,AW100,NO,YES,7
ESP,2025,ETRIWH,PTFTW67T100,MINW,C_C0,AW100,YES,NO,12
ESP,2025,ETRIWH,PTFTW67T100,MINW,C_C0,AW100,NO,NO,12
ESP,2025,ETRIWH,PTFTW67T100,MINW,C_C0,AW100,YES,YES,12
ESP,2025,ETRIWH,PTFTW67T100,MINW,C_C0,AW100,NO,YES,12
GBR,2024,ETRIWH,PTFTW50T100,MINW,C_C0,AW100,YES,NO,26
GBR,2024,ETRIWH,PTFTW50T100,MINW,C_C0,AW100,NO,YES,26
GBR,2024,ETRIWH,PTFTW50T100,MINW,C_C0,AW100,NO,NO,26
GBR,2024,ETRIWH,PTFTW50T100,MINW,C_C0,AW100,YES,YES,26
USA,2023,ETRIWH,PTFTW50T100,MINW,C_C0,AW100,YES,YES,26
USA,2023,ETRIWH,PTFTW50T100,MINW,C_C0,AW100,NO,NO,26
USA,2023,ETRIWH,PTFTW50T100,MINW,C_C0,AW100,YES,NO,26
USA,2023,ETRIWH,PTFTW50T100,MINW,C_C0,AW100,NO,YES,26
USA,2024,ETRIWH,PTFTW50T100,MINW,C_C0,AW100,NO,YES,26
USA,2024,ETRIWH,PTFTW50T100,MINW,C_C0,AW100,YES,NO,26
USA,2024,ETRIWH,PTFTW50T100,MINW,C_C0,AW100,NO,NO,26
USA,2024,ETRIWH,PTFTW50T100,MINW,C_C0,AW100,YES,YES,26
USA,2025,ETRIWH,PTFTW50T100,MINW,C_C0,AW100,YES,YES,26
USA,2025,ETRIWH,PTFTW50T100,MINW,C_C0,AW100,NO,NO,26
USA,2025,ETRIWH,PTFTW50T100,MINW,C_C0,AW100,YES,NO,26
USA,2025,ETRIWH,PTFTW50T100,MINW,C_C0,AW100,NO,YES,26
OECD,2023,ETRIWH,PTFTW50T100,MINW,C_C0,AW100,NO,NO,26
OECD,2023,ETRIWH,PTFTW50T100,MINW,C_C0,AW100,YES,NO,26
OECD,2024,ETRIWH,PTFTW50T100,MINW,C_C0,AW100,YES,NO,26
OECD,2024,ETRIWH,PTFTW50T100,MINW,C_C0,AW100,NO,NO,26
NLD,2023,ETRIWH,PTFTW50T100,MINW,C_C0,AW100,YES,NO,16
NLD,2023,ETRIWH,PTFTW50T100,MINW,C_C0,AW100,NO,NO,16
NLD,2023,ETRIWH,PTFTW50T100,MINW,C_C0,AW100,YES,YES,16
NLD,2023,ETRIWH,PTFTW50T100,MINW,C_C0,AW100,NO,YES,16
GBR,2023,ETRIWH,PTFTW50T100,MINW,C_C0,AW100,YES,YES,29
GBR,2023,ETRIWH,PTFTW50T100,MINW,C_C0,AW100,NO,NO,29
GBR,2023,ETRIWH,PTFTW50T100,MINW,C_C0,AW100,NO,YES,29
GBR,2023,ETRIWH,PTFTW50T100,MINW,C_C0,AW100,YES,NO,29
OECD,2024,ETRIWH,PTFTW50T100,MINW,C_C0,AW100,YES,YES,29
OECD,2024,ETRIWH,PTFTW50T100,MINW,C_C0,AW100,NO,YES,29
BEL,2023,ETRIWH,PTFTW50T100,MINW,C_C0,AW100,NO,NO,35
BEL,2024,ETRIWH,PTFTW50T100,MINW,C_C0,AW100,NO,NO,35
BEL,2025,ETRIWH,PTFTW50T100,MINW,C_C0,AW100,NO,NO,35
FRA,2023,ETRIWH,PTFTW50T100,MINW,C_C0,AW100,NO,NO,33
FRA,2024,ETRIWH,PTFTW50T100,MINW,C_C0,AW100,NO,NO,33
FRA,2025,ETRIWH,PTFTW50T100,MINW,C_C0,AW100,NO,NO,33
DEU,2023,ETRIWH,PTFTW50T100,MINW,C_C0,AW100,NO,NO,48
DEU,2024,ETRIWH,PTFTW50T100,MINW,C_C0,AW100,NO,NO,48
DEU,2025,ETRIWH,PTFTW50T100,MINW,C_C0,AW100,NO,NO,48
NLD,2024,ETRIWH,PTFTW50T100,MINW,C_C0,AW100,NO,NO,14
POL,2023,ETRIWH,PTFTW50T100,MINW,C_C0,AW100,NO,NO,32
POL,2024,ETRIWH,PTFTW50T100,MINW,C_C0,AW100,NO,NO,32
POL,2025,ETRIWH,PTFTW50T100,MINW,C_C0,AW100,NO,NO,32
ESP,2023,ETRIWH,PTFTW50T100,MINW,C_C0,AW100,NO,NO,7
ESP,2024,ETRIWH,PTFTW50T100,MINW,C_C0,AW100,NO,NO,6
ESP,2025,ETRIWH,PTFTW50T100,MINW,C_C0,AW100,NO,NO,10
GBR,2025,ETRIWH,PTFTW50T100,MINW,C_C0,AW100,NO,NO,28
BEL,2023,ETRIWH,PTFTW50T100,MINW,C_C0,AW100,YES,NO,35
BEL,2024,ETRIWH,PTFTW50T100,MINW,C_C0,AW100,YES,NO,35
BEL,2025,ETRIWH,PTFTW50T100,MINW,C_C0,AW100,YES,NO,35
FRA,2023,ETRIWH,PTFTW50T100,MINW,C_C0,AW100,YES,NO,33
FRA,2024,ETRIWH,PTFTW50T100,MINW,C_C0,AW100,YES,NO,33
FRA,2025,ETRIWH,PTFTW50T100,MINW,C_C0,AW100,YES,NO,33
DEU,2023,ETRIWH,PTFTW50T100,MINW,C_C0,AW100,YES,NO,48
DEU,2024,ETRIWH,PTFTW50T100,MINW,C_C0,AW100,YES,NO,48
DEU,2025,ETRIWH,PTFTW50T100,MINW,C_C0,AW100,YES,NO,48
NLD,2024,ETRIWH,PTFTW50T100,MINW,C_C0,AW100,YES,NO,14
POL,2023,ETRIWH,PTFTW50T100,MINW,C_C0,AW100,YES,NO,32
POL,2024,ETRIWH,PTFTW50T100,MINW,C_C0,AW100,YES,NO,32
POL,2025,ETRIWH,PTFTW50T100,MINW,C_C0,AW100,YES,NO,32
ESP,2023,ETRIWH,PTFTW50T100,MINW,C_C0,AW100,YES,NO,7
ESP,2024,ETRIWH,PTFTW50T100,MINW,C_C0,AW100,YES,NO,6
ESP,2025,ETRIWH,PTFTW50T100,MINW,C_C0,AW100,YES,NO,10
GBR,2025,ETRIWH,PTFTW50T100,MINW,C_C0,AW100,YES,NO,28
BEL,2023,ETRIWH,PTFTW50T100,MINW,C_C0,AW100,NO,YES,35
BEL,2024,ETRIWH,PTFTW50T100,MINW,C_C0,AW100,NO,YES,35
BEL,2025,ETRIWH,PTFTW50T100,MINW,C_C0,AW100,NO,YES,35
FRA,2023,ETRIWH,PTFTW50T100,MINW,C_C0,AW100,NO,YES,33
FRA,2024,ETRIWH,PTFTW50T100,MINW,C_C0,AW100,NO,YES,33
FRA,2025,ETRIWH,PTFTW50T100,MINW,C_C0,AW100,NO,YES,33
DEU,2023,ETRIWH,PTFTW50T100,MINW,C_C0,AW100,NO,YES,48
DEU,2024,ETRIWH,PTFTW50T100,MINW,C_C0,AW100,NO,YES,48
DEU,2025,ETRIWH,PTFTW50T100,MINW,C_C0,AW100,NO,YES,48
NLD,2024,ETRIWH,PTFTW50T100,MINW,C_C0,AW100,NO,YES,14
POL,2023,ETRIWH,PTFTW50T100,MINW,C_C0,AW100,NO,YES,32
POL,2024,ETRIWH,PTFTW50T100,MINW,C_C0,AW100,NO,YES,32
POL,2025,ETRIWH,PTFTW50T100,MINW,C_C0,AW100,NO,YES,32
ESP,2023,ETRIWH,PTFTW50T100,MINW,C_C0,AW100,NO,YES,7
ESP,2024,ETRIWH,PTFTW50T100,MINW,C_C0,AW100,NO,YES,6
ESP,2025,ETRIWH,PTFTW50T100,MINW,C_C0,AW100,NO,YES,10
GBR,2025,ETRIWH,PTFTW50T100,MINW,C_C0,AW100,NO,YES,28
OECD,2023,ETRIWH,PTFTW50T100,MINW,C_C0,AW100,NO,YES,28
BEL,2023,ETRIWH,PTFTW50T100,MINW,C_C0,AW100,YES,YES,35
BEL,2024,ETRIWH,PTFTW50T100,MINW,C_C0,AW100,YES,YES,35
BEL,2025,ETRIWH,PTFTW50T100,MINW,C_C0,AW100,YES,YES,35
FRA,2023,ETRIWH,PTFTW50T100,MINW,C_C0,AW100,YES,YES,33
FRA,2024,ETRIWH,PTFTW50T100,MINW,C_C0,AW100,YES,YES,33
FRA,2025,ETRIWH,PTFTW50T100,MINW,C_C0,AW100,YES,YES,33
DEU,2023,ETRIWH,PTFTW50T100,MINW,C_C0,AW100,YES,YES,48
DEU,2024,ETRIWH,PTFTW50T100,MINW,C_C0,AW100,YES,YES,48
DEU,2025,ETRIWH,PTFTW50T100,MINW,C_C0,AW100,YES,YES,48
NLD,2024,ETRIWH,PTFTW50T100,MINW,C_C0,AW100,YES,YES,14
POL,2023,ETRIWH,PTFTW50T100,MINW,C_C0,AW100,YES,YES,32
POL,2024,ETRIWH,PTFTW50T100,MINW,C_C0,AW100,YES,YES,32
POL,2025,ETRIWH,PTFTW50T100,MINW,C_C0,AW100,YES,YES,32
ESP,2023,ETRIWH,PTFTW50T100,MINW,C_C0,AW100,YES,YES,7
ESP,2024,ETRIWH,PTFTW50T100,MINW,C_C0,AW100,YES,YES,6
ESP,2025,ETRIWH,PTFTW50T100,MINW,C_C0,AW100,YES,YES,10
GBR,2025,ETRIWH,PTFTW50T100,MINW,C_C0,AW100,YES,YES,28
OECD,2023,ETRIWH,PTFTW50T100,MINW,C_C0,AW100,YES,YES,28
OECD,2025,ETRIWH,PTFTW50T100,MINW,C_C0,AW100,NO,YES,25
OECD,2025,ETRIWH,PTFTW50T100,MINW,C_C0,AW100,NO,NO,25
OECD,2025,ETRIWH,PTFTW50T100,MINW,C_C0,AW100,YES,YES,25
OECD,2025,ETRIWH,PTFTW50T100,MINW,C_C0,AW100,YES,NO,25
ESP,2024,ETRIWH,PTFTW33T67,AW100,C_C0,AW100,NO,NO,29
ESP,2024,ETRIWH,PTFTW33T67,AW100,C_C0,AW100,YES,YES,29
ESP,2024,ETRIWH,PTFTW33T67,AW100,C_C0,AW100,YES,NO,29
ESP,2024,ETRIWH,PTFTW33T67,AW100,C_C0,AW100,NO,YES,29
ESP,2023,ETRIWH,PTFTW33T67,AW100,C_C0,AW100,NO,YES,26
ESP,2023,ETRIWH,PTFTW33T67,AW100,C_C0,AW100,YES,NO,26
ESP,2023,ETRIWH,PTFTW33T67,AW100,C_C0,AW100,YES,YES,26
ESP,2023,ETRIWH,PTFTW33T67,AW100,C_C0,AW100,NO,NO,26
SWE,2025,ETRIWH,PTFTW33T67,AW100,C_C0,AW100,YES,NO,26
SWE,2025,ETRIWH,PTFTW33T67,AW100,C_C0,AW100,NO,YES,26
SWE,2025,ETRIWH,PTFTW33T67,AW100,C_C0,AW100,NO,NO,26
SWE,2025,ETRIWH,PTFTW33T67,AW100,C_C0,AW100,YES,YES,26
USA,2023,ETRIWH,PTFTW33T67,AW100,C_C0,AW100,NO,NO,26
USA,2023,ETRIWH,PTFTW33T67,AW100,C_C0,AW100,YES,NO,26
USA,2023,ETRIWH,PTFTW33T67,AW100,C_C0,AW100,YES,YES,26
USA,2023,ETRIWH,PTFTW33T67,AW100,C_C0,AW100,NO,YES,26
USA,2024,ETRIWH,PTFTW33T67,AW100,C_C0,AW100,NO,YES,26
USA,2024,ETRIWH,PTFTW33T67,AW100,C_C0,AW100,YES,YES,26
USA,2024,ETRIWH,PTFTW33T67,AW100,C_C0,AW100,YES,NO,26
USA,2024,ETRIWH,PTFTW33T67,AW100,C_C0,AW100,NO,NO,26
USA,2025,ETRIWH,PTFTW33T67,AW100,C_C0,AW100,NO,NO,26
USA,2025,ETRIWH,PTFTW33T67,AW100,C_C0,AW100,YES,NO,26
USA,2025,ETRIWH,PTFTW33T67,AW100,C_C0,AW100,YES,YES,26
USA,2025,ETRIWH,PTFTW33T67,AW100,C_C0,AW100,NO,YES,26
SWE,2024,ETRIWH,PTFTW33T67,AW100,C_C0,AW100,YES,YES,27
SWE,2024,ETRIWH,PTFTW33T67,AW100,C_C0,AW100,NO,NO,27
SWE,2024,ETRIWH,PTFTW33T67,AW100,C_C0,AW100,NO,YES,27
SWE,2024,ETRIWH,PTFTW33T67,AW100,C_C0,AW100,YES,NO,27
ITA,2023,ETRIWH,PTFTW33T67,AW100,C_C0,AW100,YES,NO,40
ITA,2023,ETRIWH,PTFTW33T67,AW100,C_C0,AW100,NO,NO,40
DNK,2023,ETRIWH,PTFTW33T67,AW100,C_C0,AW100,NO,YES,39
DNK,2023,ETRIWH,PTFTW33T67,AW100,C_C0,AW100,NO,NO,39
DNK,2023,ETRIWH,PTFTW33T67,AW100,C_C0,AW100,YES,NO,39
DNK,2023,ETRIWH,PTFTW33T67,AW100,C_C0,AW100,YES,YES,39
DNK,2024,ETRIWH,PTFTW33T67,AW100,C_C0,AW100,YES,YES,39
DNK,2024,ETRIWH,PTFTW33T67,AW100,C_C0,AW100,YES,NO,39
DNK,2024,ETRIWH,PTFTW33T67,AW100,C_C0,AW100,NO,NO,39
DNK,2024,ETRIWH,PTFTW33T67,AW100,C_C0,AW100,NO,YES,39
SWE,2023,ETRIWH,PTFTW33T67,AW100,C_C0,AW100,YES,NO,28
SWE,2023,ETRIWH,PTFTW33T67,AW100,C_C0,AW100,NO,YES,28
SWE,2023,ETRIWH,PTFTW33T67,AW100,C_C0,AW100,NO,NO,28
SWE,2023,ETRIWH,PTFTW33T67,AW100,C_C0,AW100,YES,YES,28
GBR,2024,ETRIWH,PTFTW33T67,AW100,C_C0,AW100,NO,NO,28
GBR,2024,ETRIWH,PTFTW33T67,AW100,C_C0,AW100,NO,YES,28
GBR,2024,ETRIWH,PTFTW33T67,AW100,C_C0,AW100,YES,YES,28
GBR,2024,ETRIWH,PTFTW33T67,AW100,C_C0,AW100,YES,NO,28
GBR,2025,ETRIWH,PTFTW33T67,AW100,C_C0,AW100,YES,NO,28
GBR,2025,ETRIWH,PTFTW33T67,AW100,C_C0,AW100,YES,YES,28
GBR,2025,ETRIWH,PTFTW33T67,AW100,C_C0,AW100,NO,YES,28
GBR,2025,ETRIWH,PTFTW33T67,AW100,C_C0,AW100,NO,NO,28
ITA,2023,ETRIWH,PTFTW33T67,AW100,C_C0,AW100,NO,YES,41
ITA,2023,ETRIWH,PTFTW33T67,AW100,C_C0,AW100,YES,YES,41
NLD,2023,ETRIWH,PTFTW33T67,AW100,C_C0,AW100,YES,YES,41
NLD,2023,ETRIWH,PTFTW33T67,AW100,C_C0,AW100,NO,YES,41
NLD,2023,ETRIWH,PTFTW33T67,AW100,C_C0,AW100,YES,NO,41
NLD,2023,ETRIWH,PTFTW33T67,AW100,C_C0,AW100,NO,NO,41
NLD,2024,ETRIWH,PTFTW33T67,AW100,C_C0,AW100,NO,NO,41
NLD,2024,ETRIWH,PTFTW33T67,AW100,C_C0,AW100,YES,NO,41
NLD,2024,ETRIWH,PTFTW33T67,AW100,C_C0,AW100,NO,YES,41
NLD,2024,ETRIWH,PTFTW33T67,AW100,C_C0,AW100,YES,YES,41
AUT,2023,ETRIWH,PTFTW33T67,AW100,C_C0,AW100,YES,NO,42
AUT,2023,ETRIWH,PTFTW33T67,AW100,C_C0,AW100,NO,YES,42
AUT,2023,ETRIWH,PTFTW33T67,AW100,C_C0,AW100,YES,YES,42
AUT,2023,ETRIWH,PTFTW33T67,AW100,C_C0,AW100,NO,NO,42
AUT,2024,ETRIWH,PTFTW33T67,AW100,C_C0,AW100,NO,NO,42
AUT,2024,ETRIWH,PTFTW33T67,AW100,C_C0,AW100,YES,YES,42
AUT,2024,ETRIWH,PTFTW33T67,AW100,C_C0,AW100,NO,YES,42
AUT,2024,ETRIWH,PTFTW33T67,AW100,C_C0,AW100,YES,NO,42
AUT,2025,ETRIWH,PTFTW33T67,AW100,C_C0,AW100,YES,NO,42
AUT,2025,ETRIWH,PTFTW33T67,AW100,C_C0,AW100,NO,YES,42
AUT,2025,ETRIWH,PTFTW33T67,AW100,C_C0,AW100,YES,YES,42
AUT,2025,ETRIWH,PTFTW33T67,AW100,C_C0,AW100,NO,NO,42
ITA,2024,ETRIWH,PTFTW33T67,AW100,C_C0,AW100,YES,YES,38
ITA,2024,ETRIWH,PTFTW33T67,AW100,C_C0,AW100,NO,YES,38
ITA,2025,ETRIWH,PTFTW33T67,AW100,C_C0,AW100,NO,YES,38
ITA,2025,ETRIWH,PTFTW33T67,AW100,C_C0,AW100,YES,YES,38
ITA,2024,ETRIWH,PTFTW33T67,AW100,C_C0,AW100,NO,NO,37
ITA,2024,ETRIWH,PTFTW33T67,AW100,C_C0,AW100,YES,NO,37
ITA,2025,ETRIWH,PTFTW33T67,AW100,C_C0,AW100,YES,NO,37
ITA,2025,ETRIWH,PTFTW33T67,AW100,C_C0,AW100,NO,NO,37
DEU,2023,ETRIWH,PTFTW33T67,AW100,C_C0,AW100,NO,YES,47
DEU,2023,ETRIWH,PTFTW33T67,AW100,C_C0,AW100,NO,NO,47
DEU,2023,ETRIWH,PTFTW33T67,AW100,C_C0,AW100,YES,NO,47
DEU,2023,ETRIWH,PTFTW33T67,AW100,C_C0,AW100,YES,YES,47
DEU,2024,ETRIWH,PTFTW33T67,AW100,C_C0,AW100,YES,YES,47
DEU,2024,ETRIWH,PTFTW33T67,AW100,C_C0,AW100,YES,NO,47
DEU,2024,ETRIWH,PTFTW33T67,AW100,C_C0,AW100,NO,NO,47
DEU,2024,ETRIWH,PTFTW33T67,AW100,C_C0,AW100,NO,YES,47
DEU,2025,ETRIWH,PTFTW33T67,AW100,C_C0,AW100,NO,YES,47
DEU,2025,ETRIWH,PTFTW33T67,AW100,C_C0,AW100,NO,NO,47
DEU,2025,ETRIWH,PTFTW33T67,AW100,C_C0,AW100,YES,NO,47
DEU,2025,ETRIWH,PTFTW33T67,AW100,C_C0,AW100,YES,YES,47
BEL,2023,ETRIWH,PTFTW33T67,AW100,C_C0,AW100,YES,NO,57
BEL,2023,ETRIWH,PTFTW33T67,AW100,C_C0,AW100,NO,NO,57
BEL,2023,ETRIWH,PTFTW33T67,AW100,C_C0,AW100,YES,YES,57
BEL,2023,ETRIWH,PTFTW33T67,AW100,C_C0,AW100,NO,YES,57
BEL,2024,ETRIWH,PTFTW33T67,AW100,C_C0,AW100,NO,YES,58
BEL,2024,ETRIWH,PTFTW33T67,AW100,C_C0,AW100,YES,YES,58
BEL,2024,ETRIWH,PTFTW33T67,AW100,C_C0,AW100,NO,NO,58
BEL,2024,ETRIWH,PTFTW33T67,AW100,C_C0,AW100,YES,NO,58
BEL,2025,ETRIWH,PTFTW33T67,AW100,C_C0,AW100,YES,NO,60
BEL,2025,ETRIWH,PTFTW33T67,AW100,C_C0,AW100,NO,NO,60
BEL,2025,ETRIWH,PTFTW33T67,AW100,C_C0,AW100,YES,YES,60
BEL,2025,ETRIWH,PTFTW33T67,AW100,C_C0,AW100,NO,YES,60
BEL,2023,ETRIWH,PTFTW50T66,AW100,C_C0,AW100,YES,NO,69
BEL,2023,ETRIWH,PTFTW50T66,AW100,C_C0,AW100,NO,YES,69
BEL,2023,ETRIWH,PTFTW50T66,AW100,C_C0,AW100,NO,NO,69
BEL,2023,ETRIWH,PTFTW50T66,AW100,C_C0,AW100,YES,YES,69
BEL,2024,ETRIWH,PTFTW50T66,AW100,C_C0,AW100,YES,YES,71
BEL,2024,ETRIWH,PTFTW50T66,AW100,C_C0,AW100,NO,NO,71
BEL,2024,ETRIWH,PTFTW50T66,AW100,C_C0,AW100,NO,YES,71
BEL,2024,ETRIWH,PTFTW50T66,AW100,C_C0,AW100,YES,NO,71
BEL,2025,ETRIWH,PTFTW50T66,AW100,C_C0,AW100,YES,NO,76
BEL,2025,ETRIWH,PTFTW50T66,AW100,C_C0,AW100,NO,YES,76
BEL,2025,ETRIWH,PTFTW50T66,AW100,C_C0,AW100,NO,NO,76
BEL,2025,ETRIWH,PTFTW50T66,AW100,C_C0,AW100,YES,YES,76
AUT,2023,ETRIWH,PTFTW50T66,AW100,C_C0,AW100,NO,YES,44
AUT,2023,ETRIWH,PTFTW50T66,AW100,C_C0,AW100,YES,NO,44
AUT,2023,ETRIWH,PTFTW50T66,AW100,C_C0,AW100,YES,YES,44
AUT,2023,ETRIWH,PTFTW50T66,AW100,C_C0,AW100,NO,NO,44
NLD,2024,ETRIWH,PTFTW50T66,AW100,C_C0,AW100,NO,NO,48
NLD,2024,ETRIWH,PTFTW50T66,AW100,C_C0,AW100,NO,YES,48
NLD,2024,ETRIWH,PTFTW50T66,AW100,C_C0,AW100,YES,YES,48
NLD,2024,ETRIWH,PTFTW50T66,AW100,C_C0,AW100,YES,NO,48
ESP,2024,ETRIWH,PTFTW50T66,AW100,C_C0,AW100,NO,NO,52
ESP,2024,ETRIWH,PTFTW50T66,AW100,C_C0,AW100,NO,YES,52
ESP,2024,ETRIWH,PTFTW50T66,AW100,C_C0,AW100,YES,YES,52
ESP,2024,ETRIWH,PTFTW50T66,AW100,C_C0,AW100,YES,NO,52
ESP,2025,ETRIWH,PTFTW50T66,AW100,C_C0,AW100,YES,NO,50
ESP,2025,ETRIWH,PTFTW50T66,AW100,C_C0,AW100,YES,YES,50
ESP,2025,ETRIWH,PTFTW50T66,AW100,C_C0,AW100,NO,YES,50
ESP,2025,ETRIWH,PTFTW50T66,AW100,C_C0,AW100,NO,NO,50
ITA,2025,ETRIWH,PTFTW50T66,AW100,C_C0,AW100,NO,NO,38
ITA,2025,ETRIWH,PTFTW50T66,AW100,C_C0,AW100,YES,NO,38
DEU,2023,ETRIWH,PTFTW50T66,AW100,C_C0,AW100,YES,YES,47
DEU,2023,ETRIWH,PTFTW50T66,AW100,C_C0,AW100,NO,YES,47
DEU,2023,ETRIWH,PTFTW50T66,AW100,C_C0,AW100,YES,NO,47
DEU,2023,ETRIWH,PTFTW50T66,AW100,C_C0,AW100,NO,NO,47
DEU,2024,ETRIWH,PTFTW50T66,AW100,C_C0,AW100,NO,NO,47
DEU,2024,ETRIWH,PTFTW50T66,AW100,C_C0,AW100,YES,NO,47
DEU,2024,ETRIWH,PTFTW50T66,AW100,C_C0,AW100,NO,YES,47
DEU,2024,ETRIWH,PTFTW50T66,AW100,C_C0,AW100,YES,YES,47
DEU,2025,ETRIWH,PTFTW50T66,AW100,C_C0,AW100,YES,YES,47
DEU,2025,ETRIWH,PTFTW50T66,AW100,C_C0,AW100,NO,YES,47
DEU,2025,ETRIWH,PTFTW50T66,AW100,C_C0,AW100,YES,NO,47
DEU,2025,ETRIWH,PTFTW50T66,AW100,C_C0,AW100,NO,NO,47
AUT,2024,ETRIWH,PTFTW50T66,AW100,C_C0,AW100,NO,NO,42
AUT,2024,ETRIWH,PTFTW50T66,AW100,C_C0,AW100,YES,YES,42
AUT,2024,ETRIWH,PTFTW50T66,AW100,C_C0,AW100,YES,NO,42
AUT,2024,ETRIWH,PTFTW50T66,AW100,C_C0,AW100,NO,YES,42
AUT,2025,ETRIWH,PTFTW50T66,AW100,C_C0,AW100,NO,YES,42
AUT,2025,ETRIWH,PTFTW50T66,AW100,C_C0,AW100,YES,NO,42
AUT,2025,ETRIWH,PTFTW50T66,AW100,C_C0,AW100,YES,YES,42
AUT,2025,ETRIWH,PTFTW50T66,AW100,C_C0,AW100,NO,NO,42
ITA,2023,ETRIWH,PTFTW50T66,AW100,C_C0,AW100,NO,NO,42
ITA,2023,ETRIWH,PTFTW50T66,AW100,C_C0,AW100,NO,YES,42
ITA,2023,ETRIWH,PTFTW50T66,AW100,C_C0,AW100,YES,YES,42
ITA,2023,ETRIWH,PTFTW50T66,AW100,C_C0,AW100,YES,NO,42
NLD,2023,ETRIWH,PTFTW50T66,AW100,C_C0,AW100,YES,NO,46
NLD,2023,ETRIWH,PTFTW50T66,AW100,C_C0,AW100,YES,YES,46
NLD,2023,ETRIWH,PTFTW50T66,AW100,C_C0,AW100,NO,YES,46
NLD,2023,ETRIWH,PTFTW50T66,AW100,C_C0,AW100,NO,NO,46
ESP,2023,ETRIWH,PTFTW50T66,AW100,C_C0,AW100,YES,NO,46
ESP,2023,ETRIWH,PTFTW50T66,AW100,C_C0,AW100,YES,YES,46
ESP,2023,ETRIWH,PTFTW50T66,AW100,C_C0,AW100,NO,YES,46
ESP,2023,ETRIWH,PTFTW50T66,AW100,C_C0,AW100,NO,NO,46
OECD,2023,ETRIWH,PTFTW50T66,AW100,C_C0,AW100,NO,YES,37
OECD,2023,ETRIWH,PTFTW50T66,AW100,C_C0,AW100,YES,YES,37
OECD,2023,ETRIWH,PTFTW50T66,AW100,C_C0,AW100,YES,NO,37
OECD,2023,ETRIWH,PTFTW50T66,AW100,C_C0,AW100,NO,NO,37
ITA,2025,ETRIWH,PTFTW50T66,AW100,C_C0,AW100,NO,YES,45
ITA,2025,ETRIWH,PTFTW50T66,AW100,C_C0,AW100,YES,YES,45
SWE,2024,ETRIWH,PTFTW50T66,AW100,C_C0,AW100,NO,YES,27
SWE,2024,ETRIWH,PTFTW50T66,AW100,C_C0,AW100,YES,NO,27
SWE,2024,ETRIWH,PTFTW50T66,AW100,C_C0,AW100,NO,NO,27
SWE,2024,ETRIWH,PTFTW50T66,AW100,C_C0,AW100,YES,YES,27
SWE,2023,ETRIWH,PTFTW50T66,AW100,C_C0,AW100,YES,YES,28
SWE,2023,ETRIWH,PTFTW50T66,AW100,C_C0,AW100,NO,NO,28
SWE,2023,ETRIWH,PTFTW50T66,AW100,C_C0,AW100,YES,NO,28
SWE,2023,ETRIWH,PTFTW50T66,AW100,C_C0,AW100,NO,YES,28
GBR,2024,ETRIWH,PTFTW50T66,AW100,C_C0,AW100,NO,NO,28
GBR,2024,ETRIWH,PTFTW50T66,AW100,C_C0,AW100,YES,NO,28
GBR,2024,ETRIWH,PTFTW50T66,AW100,C_C0,AW100,YES,YES,28
GBR,2024,ETRIWH,PTFTW50T66,AW100,C_C0,AW100,NO,YES,28
GBR,2025,ETRIWH,PTFTW50T66,AW100,C_C0,AW100,NO,YES,28
GBR,2025,ETRIWH,PTFTW50T66,AW100,C_C0,AW100,YES,YES,28
GBR,2025,ETRIWH,PTFTW50T66,AW100,C_C0,AW100,YES,NO,28
GBR,2025,ETRIWH,PTFTW50T66,AW100,C_C0,AW100,NO,NO,28
DNK,2023,ETRIWH,PTFTW50T66,AW100,C_C0,AW100,NO,NO,39
DNK,2023,ETRIWH,PTFTW50T66,AW100,C_C0,AW100,NO,YES,39
DNK,2023,ETRIWH,PTFTW50T66,AW100,C_C0,AW100,YES,YES,39
DNK,2023,ETRIWH,PTFTW50T66,AW100,C_C0,AW100,YES,NO,39
DNK,2024,ETRIWH,PTFTW50T66,AW100,C_C0,AW100,YES,NO,39
DNK,2024,ETRIWH,PTFTW50T66,AW100,C_C0,AW100,YES,YES,39
DNK,2024,ETRIWH,PTFTW50T66,AW100,C_C0,AW100,NO,YES,39
DNK,2024,ETRIWH,PTFTW50T66,AW100,C_C0,AW100,NO,NO,39
SWE,2025,ETRIWH,PTFTW50T66,AW100,C_C0,AW100,YES,YES,26
SWE,2025,ETRIWH,PTFTW50T66,AW100,C_C0,AW100,NO,NO,26
SWE,2025,ETRIWH,PTFTW50T66,AW100,C_C0,AW100,YES,NO,26
SWE,2025,ETRIWH,PTFTW50T66,AW100,C_C0,AW100,NO,YES,26
USA,2023,ETRIWH,PTFTW50T66,AW100,C_C0,AW100,NO,NO,26
USA,2023,ETRIWH,PTFTW50T66,AW100,C_C0,AW100,YES,NO,26
USA,2023,ETRIWH,PTFTW50T66,AW100,C_C0,AW100,NO,YES,26
USA,2023,ETRIWH,PTFTW50T66,AW100,C_C0,AW100,YES,YES,26
USA,2024,ETRIWH,PTFTW50T66,AW100,C_C0,AW100,YES,YES,26
USA,2024,ETRIWH,PTFTW50T66,AW100,C_C0,AW100,NO,YES,26
USA,2024,ETRIWH,PTFTW50T66,AW100,C_C0,AW100,YES,NO,26
USA,2024,ETRIWH,PTFTW50T66,AW100,C_C0,AW100,NO,NO,26
USA,2025,ETRIWH,PTFTW50T66,AW100,C_C0,AW100,NO,NO,26
USA,2025,ETRIWH,PTFTW50T66,AW100,C_C0,AW100,YES,NO,26
USA,2025,ETRIWH,PTFTW50T66,AW100,C_C0,AW100,NO,YES,26
USA,2025,ETRIWH,PTFTW50T66,AW100,C_C0,AW100,YES,YES,26
OECD,2025,ETRIWH,PTFTW67T100,AW100,C_C0,AW100,NO,YES,37
OECD,2025,ETRIWH,PTFTW67T100,AW100,C_C0,AW100,YES,NO,37
OECD,2025,ETRIWH,PTFTW67T100,AW100,C_C0,AW100,NO,NO,37
OECD,2025,ETRIWH,PTFTW67T100,AW100,C_C0,AW100,YES,YES,37
DNK,2023,ETRIWH,PTFTW67T100,AW100,C_C0,AW100,NO,YES,41
DNK,2023,ETRIWH,PTFTW67T100,AW100,C_C0,AW100,NO,NO,41
DNK,2023,ETRIWH,PTFTW67T100,AW100,C_C0,AW100,YES,NO,41
DNK,2023,ETRIWH,PTFTW67T100,AW100,C_C0,AW100,YES,YES,41
DNK,2024,ETRIWH,PTFTW67T100,AW100,C_C0,AW100,YES,YES,41
DNK,2024,ETRIWH,PTFTW67T100,AW100,C_C0,AW100,YES,NO,41
DNK,2024,ETRIWH,PTFTW67T100,AW100,C_C0,AW100,NO,NO,41
DNK,2024,ETRIWH,PTFTW67T100,AW100,C_C0,AW100,NO,YES,41
FRA,2023,ETRIWH,PTFTW67T100,AW100,C_C0,AW100,NO,YES,41
FRA,2023,ETRIWH,PTFTW67T100,AW100,C_C0,AW100,NO,NO,41
FRA,2023,ETRIWH,PTFTW67T100,AW100,C_C0,AW100,YES,YES,41
FRA,2023,ETRIWH,PTFTW67T100,AW100,C_C0,AW100,YES,NO,41
SWE,2025,ETRIWH,PTFTW67T100,AW100,C_C0,AW100,YES,YES,29
SWE,2025,ETRIWH,PTFTW67T100,AW100,C_C0,AW100,NO,YES,29
SWE,2025,ETRIWH,PTFTW67T100,AW100,C_C0,AW100,NO,NO,29
SWE,2025,ETRIWH,PTFTW67T100,AW100,C_C0,AW100,YES,NO,29
GBR,2024,ETRIWH,PTFTW67T100,AW100,C_C0,AW100,NO,YES,29
GBR,2024,ETRIWH,PTFTW67T100,AW100,C_C0,AW100,YES,YES,29
GBR,2024,ETRIWH,PTFTW67T100,AW100,C_C0,AW100,YES,NO,29
GBR,2024,ETRIWH,PTFTW67T100,AW100,C_C0,AW100,NO,NO,29
ITA,2025,ETRIWH,PTFTW67T100,AW100,C_C0,AW100,YES,NO,46
ITA,2025,ETRIWH,PTFTW67T100,AW100,C_C0,AW100,NO,NO,46
FRA,2024,ETRIWH,PTFTW67T100,AW100,C_C0,AW100,YES,NO,40
FRA,2024,ETRIWH,PTFTW67T100,AW100,C_C0,AW100,YES,YES,40
FRA,2024,ETRIWH,PTFTW67T100,AW100,C_C0,AW100,NO,NO,40
FRA,2024,ETRIWH,PTFTW67T100,AW100,C_C0,AW100,NO,YES,40
FRA,2025,ETRIWH,PTFTW67T100,AW100,C_C0,AW100,NO,YES,40
FRA,2025,ETRIWH,PTFTW67T100,AW100,C_C0,AW100,NO,NO,40
FRA,2025,ETRIWH,PTFTW67T100,AW100,C_C0,AW100,YES,YES,40
FRA,2025,ETRIWH,PTFTW67T100,AW100,C_C0,AW100,YES,NO,40
OECD,2023,ETRIWH,PTFTW67T100,AW100,C_C0,AW100,NO,YES,38
OECD,2023,ETRIWH,PTFTW67T100,AW100,C_C0,AW100,YES,NO,38
OECD,2023,ETRIWH,PTFTW67T100,AW100,C_C0,AW100,NO,NO,38
OECD,2023,ETRIWH,PTFTW67T100,AW100,C_C0,AW100,YES,YES,38
OECD,2024,ETRIWH,PTFTW67T100,AW100,C_C0,AW100,YES,YES,38
OECD,2024,ETRIWH,PTFTW67T100,AW100,C_C0,AW100,NO,NO,38
OECD,2024,ETRIWH,PTFTW67T100,AW100,C_C0,AW100,YES,NO,38
OECD,2024,ETRIWH,PTFTW67T100,AW100,C_C0,AW100,NO,YES,38
AUT,2023,ETRIWH,PTFTW67T100,AW100,C_C0,AW100,YES,YES,44
AUT,2023,ETRIWH,PTFTW67T100,AW100,C_C0,AW100,YES,NO,44
AUT,2023,ETRIWH,PTFTW67T100,AW100,C_C0,AW100,NO,YES,44
AUT,2023,ETRIWH,PTFTW67T100,AW100,C_C0,AW100,NO,NO,44
AUT,2024,ETRIWH,PTFTW67T100,AW100,C_C0,AW100,NO,NO,44
AUT,2024,ETRIWH,PTFTW67T100,AW100,C_C0,AW100,NO,YES,44
AUT,2024,ETRIWH,PTFTW67T100,AW100,C_C0,AW100,YES,NO,44
AUT,2024,ETRIWH,PTFTW67T100,AW100,C_C0,AW100,YES,YES,44
AUT,2025,ETRIWH,PTFTW67T100,AW100,C_C0,AW100,YES,YES,44
AUT,2025,ETRIWH,PTFTW67T100,AW100,C_C0,AW100,YES,NO,44
AUT,2025,ETRIWH,PTFTW67T100,AW100,C_C0,AW100,NO,YES,44
AUT,2025,ETRIWH,PTFTW67T100,AW100,C_C0,AW100,NO,NO,44
DEU,2025,ETRIWH,PTFTW67T100,AW100,C_C0,AW100,NO,YES,49
DEU,2025,ETRIWH,PTFTW67T100,AW100,C_C0,AW100,YES,NO,49
DEU,2025,ETRIWH,PTFTW67T100,AW100,C_C0,AW100,YES,YES,49
DEU,2025,ETRIWH,PTFTW67T100,AW100,C_C0,AW100,NO,NO,49
ITA,2023,ETRIWH,PTFTW67T100,AW100,C_C0,AW100,YES,NO,47
ITA,2023,ETRIWH,PTFTW67T100,AW100,C_C0,AW100,NO,NO,47
ITA,2025,ETRIWH,PTFTW67T100,AW100,C_C0,AW100,NO,YES,47
ITA,2025,ETRIWH,PTFTW67T100,AW100,C_C0,AW100,YES,YES,47
DEU,2023,ETRIWH,PTFTW67T100,AW100,C_C0,AW100,NO,YES,48
DEU,2023,ETRIWH,PTFTW67T100,AW100,C_C0,AW100,YES,NO,48
DEU,2023,ETRIWH,PTFTW67T100,AW100,C_C0,AW100,YES,YES,48
DEU,2023,ETRIWH,PTFTW67T100,AW100,C_C0,AW100,NO,NO,48
DEU,2024,ETRIWH,PTFTW67T100,AW100,C_C0,AW100,NO,NO,48
DEU,2024,ETRIWH,PTFTW67T100,AW100,C_C0,AW100,YES,YES,48
DEU,2024,ETRIWH,PTFTW67T100,AW100,C_C0,AW100,YES,NO,48
DEU,2024,ETRIWH,PTFTW67T100,AW100,C_C0,AW100,NO,YES,48
ITA,2023,ETRIWH,PTFTW67T100,AW100,C_C0,AW100,NO,YES,48
ITA,2023,ETRIWH,PTFTW67T100,AW100,C_C0,AW100,YES,YES,48
ITA,2024,ETRIWH,PTFTW67T100,AW100,C_C0,AW100,YES,YES,57
ITA,2024,ETRIWH,PTFTW67T100,AW100,C_C0,AW100,NO,NO,55
ITA,2024,ETRIWH,PTFTW67T100,AW100,C_C0,AW100,NO,YES,57
ITA,2024,ETRIWH,PTFTW67T100,AW100,C_C0,AW100,YES,NO,55
NLD,2023,ETRIWH,PTFTW67T100,AW100,C_C0,AW100,YES,YES,54
NLD,2023,ETRIWH,PTFTW67T100,AW100,C_C0,AW100,NO,NO,54
NLD,2023,ETRIWH,PTFTW67T100,AW100,C_C0,AW100,YES,NO,54
NLD,2023,ETRIWH,PTFTW67T100,AW100,C_C0,AW100,NO,YES,54
NLD,2024,ETRIWH,PTFTW67T100,AW100,C_C0,AW100,NO,YES,54
NLD,2024,ETRIWH,PTFTW67T100,AW100,C_C0,AW100,YES,NO,54
NLD,2024,ETRIWH,PTFTW67T100,AW100,C_C0,AW100,NO,NO,54
NLD,2024,ETRIWH,PTFTW67T100,AW100,C_C0,AW100,YES,YES,54
BEL,2023,ETRIWH,PTFTW67T100,AW100,C_C0,AW100,YES,NO,58
BEL,2023,ETRIWH,PTFTW67T100,AW100,C_C0,AW100,YES,YES,58
BEL,2023,ETRIWH,PTFTW67T100,AW100,C_C0,AW100,NO,NO,58
BEL,2023,ETRIWH,PTFTW67T100,AW100,C_C0,AW100,NO,YES,58
BEL,2024,ETRIWH,PTFTW67T100,AW100,C_C0,AW100,NO,YES,58
BEL,2024,ETRIWH,PTFTW67T100,AW100,C_C0,AW100,NO,NO,58
BEL,2024,ETRIWH,PTFTW67T100,AW100,C_C0,AW100,YES,YES,58
BEL,2024,ETRIWH,PTFTW67T100,AW100,C_C0,AW100,YES,NO,58
BEL,2025,ETRIWH,PTFTW67T100,AW100,C_C0,AW100,YES,NO,57
BEL,2025,ETRIWH,PTFTW67T100,AW100,C_C0,AW100,YES,YES,57
BEL,2025,ETRIWH,PTFTW67T100,AW100,C_C0,AW100,NO,NO,57
BEL,2025,ETRIWH,PTFTW67T100,AW100,C_C0,AW100,NO,YES,57
BEL,2023,ETRIWH,PTFTW50T100,AW100,C_C0,AW100,YES,YES,62
BEL,2023,ETRIWH,PTFTW50T100,AW100,C_C0,AW100,NO,NO,62
BEL,2023,ETRIWH,PTFTW50T100,AW100,C_C0,AW100,NO,YES,62
BEL,2023,ETRIWH,PTFTW50T100,AW100,C_C0,AW100,YES,NO,62
BEL,2024,ETRIWH,PTFTW50T100,AW100,C_C0,AW100,YES,NO,62
BEL,2024,ETRIWH,PTFTW50T100,AW100,C_C0,AW100,NO,YES,62
BEL,2024,ETRIWH,PTFTW50T100,AW100,C_C0,AW100,NO,NO,62
BEL,2024,ETRIWH,PTFTW50T100,AW100,C_C0,AW100,YES,YES,62
BEL,2025,ETRIWH,PTFTW50T100,AW100,C_C0,AW100,YES,YES,63
BEL,2025,ETRIWH,PTFTW50T100,AW100,C_C0,AW100,NO,NO,63
BEL,2025,ETRIWH,PTFTW50T100,AW100,C_C0,AW100,NO,YES,63
BEL,2025,ETRIWH,PTFTW50T100,AW100,C_C0,AW100,YES,NO,63
DEU,2023,ETRIWH,PTFTW50T100,AW100,C_C0,AW100,YES,NO,48
DEU,2023,ETRIWH,PTFTW50T100,AW100,C_C0,AW100,YES,YES,48
DEU,2023,ETRIWH,PTFTW50T100,AW100,C_C0,AW100,NO,YES,48
DEU,2023,ETRIWH,PTFTW50T100,AW100,C_C0,AW100,NO,NO,48
DEU,2024,ETRIWH,PTFTW50T100,AW100,C_C0,AW100,NO,NO,48
DEU,2024,ETRIWH,PTFTW50T100,AW100,C_C0,AW100,NO,YES,48
DEU,2024,ETRIWH,PTFTW50T100,AW100,C_C0,AW100,YES,YES,48
DEU,2024,ETRIWH,PTFTW50T100,AW100,C_C0,AW100,YES,NO,48
DEU,2025,ETRIWH,PTFTW50T100,AW100,C_C0,AW100,YES,NO,49
DEU,2025,ETRIWH,PTFTW50T100,AW100,C_C0,AW100,YES,YES,49
DEU,2025,ETRIWH,PTFTW50T100,AW100,C_C0,AW100,NO,YES,49
DEU,2025,ETRIWH,PTFTW50T100,AW100,C_C0,AW100,NO,NO,49
ITA,2023,ETRIWH,PTFTW50T100,AW100,C_C0,AW100,NO,NO,45
ITA,2023,ETRIWH,PTFTW50T100,AW100,C_C0,AW100,YES,NO,45
ITA,2024,ETRIWH,PTFTW50T100,AW100,C_C0,AW100,YES,NO,49
ITA,2024,ETRIWH,PTFTW50T100,AW100,C_C0,AW100,NO,NO,49
NLD,2023,ETRIWH,PTFTW50T100,AW100,C_C0,AW100,NO,YES,51
NLD,2023,ETRIWH,PTFTW50T100,AW100,C_C0,AW100,NO,NO,51
NLD,2023,ETRIWH,PTFTW50T100,AW100,C_C0,AW100,YES,NO,51
NLD,2023,ETRIWH,PTFTW50T100,AW100,C_C0,AW100,YES,YES,51
NLD,2024,ETRIWH,PTFTW50T100,AW100,C_C0,AW100,YES,YES,52
NLD,2024,ETRIWH,PTFTW50T100,AW100,C_C0,AW100,YES,NO,52
NLD,2024,ETRIWH,PTFTW50T100,AW100,C_C0,AW100,NO,NO,52
NLD,2024,ETRIWH,PTFTW50T100,AW100,C_C0,AW100,NO,YES,52
SWE,2025,ETRIWH,PTFTW50T100,AW100,C_C0,AW100,YES,YES,28
SWE,2025,ETRIWH,PTFTW50T100,AW100,C_C0,AW100,YES,NO,28
SWE,2025,ETRIWH,PTFTW50T100,AW100,C_C0,AW100,NO,YES,28
SWE,2025,ETRIWH,PTFTW50T100,AW100,C_C0,AW100,NO,NO,28
SWE,2024,ETRIWH,PTFTW50T100,AW100,C_C0,AW100,NO,NO,29
SWE,2024,ETRIWH,PTFTW50T100,AW100,C_C0,AW100,NO,YES,29
SWE,2024,ETRIWH,PTFTW50T100,AW100,C_C0,AW100,YES,NO,29
SWE,2024,ETRIWH,PTFTW50T100,AW100,C_C0,AW100,YES,YES,29
GBR,2024,ETRIWH,PTFTW50T100,AW100,C_C0,AW100,NO,YES,29
GBR,2024,ETRIWH,PTFTW50T100,AW100,C_C0,AW100,NO,NO,29
GBR,2024,ETRIWH,PTFTW50T100,AW100,C_C0,AW100,YES,NO,29
GBR,2024,ETRIWH,PTFTW50T100,AW100,C_C0,AW100,YES,YES,29
ESP,2024,ETRIWH,PTFTW50T100,AW100,C_C0,AW100,YES,YES,38
ESP,2024,ETRIWH,PTFTW50T100,AW100,C_C0,AW100,NO,YES,38
ESP,2024,ETRIWH,PTFTW50T100,AW100,C_C0,AW100,NO,NO,38
ESP,2024,ETRIWH,PTFTW50T100,AW100,C_C0,AW100,YES,NO,38
ESP,2025,ETRIWH,PTFTW50T100,AW100,C_C0,AW100,YES,NO,38
ESP,2025,ETRIWH,PTFTW50T100,AW100,C_C0,AW100,NO,NO,38
ESP,2025,ETRIWH,PTFTW50T100,AW100,C_C0,AW100,NO,YES,38
ESP,2025,ETRIWH,PTFTW50T100,AW100,C_C0,AW100,YES,YES,38
OECD,2023,ETRIWH,PTFTW50T100,AW100,C_C0,AW100,NO,YES,38
OECD,2023,ETRIWH,PTFTW50T100,AW100,C_C0,AW100,YES,YES,38
OECD,2023,ETRIWH,PTFTW50T100,AW100,C_C0,AW100,YES,NO,38
OECD,2023,ETRIWH,PTFTW50T100,AW100,C_C0,AW100,NO,NO,38
OECD,2024,ETRIWH,PTFTW50T100,AW100,C_C0,AW100,NO,NO,38
OECD,2024,ETRIWH,PTFTW50T100,AW100,C_C0,AW100,YES,NO,38
OECD,2024,ETRIWH,PTFTW50T100,AW100,C_C0,AW100,YES,YES,38
OECD,2024,ETRIWH,PTFTW50T100,AW100,C_C0,AW100,NO,YES,38
AUT,2023,ETRIWH,PTFTW50T100,AW100,C_C0,AW100,NO,NO,44
AUT,2023,ETRIWH,PTFTW50T100,AW100,C_C0,AW100,NO,YES,44
AUT,2023,ETRIWH,PTFTW50T100,AW100,C_C0,AW100,YES,NO,44
AUT,2023,ETRIWH,PTFTW50T100,AW100,C_C0,AW100,YES,YES,44
ITA,2024,ETRIWH,PTFTW50T100,AW100,C_C0,AW100,NO,YES,50
ITA,2024,ETRIWH,PTFTW50T100,AW100,C_C0,AW100,YES,YES,50
ITA,2023,ETRIWH,PTFTW50T100,AW100,C_C0,AW100,YES,YES,46
ITA,2023,ETRIWH,PTFTW50T100,AW100,C_C0,AW100,NO,YES,46
ITA,2025,ETRIWH,PTFTW50T100,AW100,C_C0,AW100,YES,YES,46
ITA,2025,ETRIWH,PTFTW50T100,AW100,C_C0,AW100,NO,YES,46
FRA,2023,ETRIWH,PTFTW50T100,AW100,C_C0,AW100,NO,YES,37
FRA,2023,ETRIWH,PTFTW50T100,AW100,C_C0,AW100,YES,NO,37
FRA,2023,ETRIWH,PTFTW50T100,AW100,C_C0,AW100,YES,YES,37
FRA,2023,ETRIWH,PTFTW50T100,AW100,C_C0,AW100,NO,NO,37
FRA,2024,ETRIWH,PTFTW50T100,AW100,C_C0,AW100,NO,NO,37
FRA,2024,ETRIWH,PTFTW50T100,AW100,C_C0,AW100,YES,YES,37
FRA,2024,ETRIWH,PTFTW50T100,AW100,C_C0,AW100,YES,NO,37
FRA,2024,ETRIWH,PTFTW50T100,AW100,C_C0,AW100,NO,YES,37
FRA,2025,ETRIWH,PTFTW50T100,AW100,C_C0,AW100,NO,YES,37
FRA,2025,ETRIWH,PTFTW50T100,AW100,C_C0,AW100,YES,NO,37
FRA,2025,ETRIWH,PTFTW50T100,AW100,C_C0,AW100,YES,YES,37
FRA,2025,ETRIWH,PTFTW50T100,AW100,C_C0,AW100,NO,NO,37
ESP,2023,ETRIWH,PTFTW50T100,AW100,C_C0,AW100,YES,NO,37
ESP,2023,ETRIWH,PTFTW50T100,AW100,C_C0,AW100,NO,NO,37
ESP,2023,ETRIWH,PTFTW50T100,AW100,C_C0,AW100,NO,YES,37
ESP,2023,ETRIWH,PTFTW50T100,AW100,C_C0,AW100,YES,YES,37
OECD,2025,ETRIWH,PTFTW50T100,AW100,C_C0,AW100,NO,YES,37
OECD,2025,ETRIWH,PTFTW50T100,AW100,C_C0,AW100,YES,YES,37
OECD,2025,ETRIWH,PTFTW50T100,AW100,C_C0,AW100,YES,NO,37
OECD,2025,ETRIWH,PTFTW50T100,AW100,C_C0,AW100,NO,NO,37
DNK,2023,ETRIWH,PTFTW50T100,AW100,C_C0,AW100,YES,NO,40
DNK,2023,ETRIWH,PTFTW50T100,AW100,C_C0,AW100,YES,YES,40
DNK,2023,ETRIWH,PTFTW50T100,AW100,C_C0,AW100,NO,NO,40
DNK,2023,ETRIWH,PTFTW50T100,AW100,C_C0,AW100,NO,YES,40
DNK,2024,ETRIWH,PTFTW50T100,AW100,C_C0,AW100,NO,YES,40
DNK,2024,ETRIWH,PTFTW50T100,AW100,C_C0,AW100,NO,NO,40
DNK,2024,ETRIWH,PTFTW50T100,AW100,C_C0,AW100,YES,YES,40
DNK,2024,ETRIWH,PTFTW50T100,AW100,C_C0,AW100,YES,NO,40
AUT,2024,ETRIWH,PTFTW50T100,AW100,C_C0,AW100,YES,YES,43
AUT,2024,ETRIWH,PTFTW50T100,AW100,C_C0,AW100,YES,NO,43
AUT,2024,ETRIWH,PTFTW50T100,AW100,C_C0,AW100,NO,YES,43
AUT,2024,ETRIWH,PTFTW50T100,AW100,C_C0,AW100,NO,NO,43
AUT,2025,ETRIWH,PTFTW50T100,AW100,C_C0,AW100,NO,NO,43
AUT,2025,ETRIWH,PTFTW50T100,AW100,C_C0,AW100,NO,YES,43
AUT,2025,ETRIWH,PTFTW50T100,AW100,C_C0,AW100,YES,NO,43
AUT,2025,ETRIWH,PTFTW50T100,AW100,C_C0,AW100,YES,YES,43
ITA,2025,ETRIWH,PTFTW50T100,AW100,C_C0,AW100,NO,NO,43
ITA,2025,ETRIWH,PTFTW50T100,AW100,C_C0,AW100,YES,NO,43
ITA,2024,ETRIWH,PTFTW50T66,AW100,C_C0,AW100,YES,NO,36
ITA,2024,ETRIWH,PTFTW50T66,AW100,C_C0,AW100,YES,YES,36
ITA,2024,ETRIWH,PTFTW50T66,AW100,C_C0,AW100,NO,YES,36
ITA,2024,ETRIWH,PTFTW50T66,AW100,C_C0,AW100,NO,NO,36
OECD,2024,ETRIWH,PTFTW50T66,AW100,C_C0,AW100,NO,NO,36
OECD,2024,ETRIWH,PTFTW50T66,AW100,C_C0,AW100,YES,NO,36
OECD,2024,ETRIWH,PTFTW50T66,AW100,C_C0,AW100,YES,YES,36
OECD,2024,ETRIWH,PTFTW50T66,AW100,C_C0,AW100,NO,YES,36
OECD,2025,ETRIWH,PTFTW50T66,AW100,C_C0,AW100,NO,YES,36
OECD,2025,ETRIWH,PTFTW50T66,AW100,C_C0,AW100,YES,YES,36
OECD,2025,ETRIWH,PTFTW50T66,AW100,C_C0,AW100,YES,NO,36
OECD,2025,ETRIWH,PTFTW50T66,AW100,C_C0,AW100,NO,NO,36
SWE,2023,ETRIWH,PTFTW67T100,AW100,C_C0,AW100,YES,YES,31
SWE,2023,ETRIWH,PTFTW67T100,AW100,C_C0,AW100,NO,YES,31
SWE,2023,ETRIWH,PTFTW67T100,AW100,C_C0,AW100,NO,NO,31
SWE,2023,ETRIWH,PTFTW67T100,AW100,C_C0,AW100,YES,NO,31
GBR,2025,ETRIWH,PTFTW67T100,AW100,C_C0,AW100,NO,NO,31
GBR,2025,ETRIWH,PTFTW67T100,AW100,C_C0,AW100,YES,NO,31
GBR,2025,ETRIWH,PTFTW67T100,AW100,C_C0,AW100,YES,YES,31
GBR,2025,ETRIWH,PTFTW67T100,AW100,C_C0,AW100,NO,YES,31
USA,2024,ETRIWH,PTFTW50T100,AW100,C_C0,AW100,NO,YES,31
USA,2024,ETRIWH,PTFTW50T100,AW100,C_C0,AW100,YES,YES,31
USA,2024,ETRIWH,PTFTW50T100,AW100,C_C0,AW100,NO,NO,31
USA,2024,ETRIWH,PTFTW50T100,AW100,C_C0,AW100,YES,NO,31
USA,2025,ETRIWH,PTFTW50T100,AW100,C_C0,AW100,YES,NO,31
USA,2025,ETRIWH,PTFTW50T100,AW100,C_C0,AW100,NO,NO,31
USA,2025,ETRIWH,PTFTW50T100,AW100,C_C0,AW100,YES,YES,31
USA,2025,ETRIWH,PTFTW50T100,AW100,C_C0,AW100,NO,YES,31
FRA,2023,ETRIWH,PTFTW33T67,AW100,C_C0,AW100,YES,NO,31
FRA,2023,ETRIWH,PTFTW33T67,AW100,C_C0,AW100,NO,YES,31
FRA,2023,ETRIWH,PTFTW33T67,AW100,C_C0,AW100,NO,NO,31
FRA,2023,ETRIWH,PTFTW33T67,AW100,C_C0,AW100,YES,YES,31
FRA,2024,ETRIWH,PTFTW33T67,AW100,C_C0,AW100,YES,YES,31
FRA,2024,ETRIWH,PTFTW33T67,AW100,C_C0,AW100,NO,NO,31
FRA,2024,ETRIWH,PTFTW33T67,AW100,C_C0,AW100,NO,YES,31
FRA,2024,ETRIWH,PTFTW33T67,AW100,C_C0,AW100,YES,NO,31
FRA,2025,ETRIWH,PTFTW33T67,AW100,C_C0,AW100,YES,NO,31
FRA,2025,ETRIWH,PTFTW33T67,AW100,C_C0,AW100,NO,YES,31
FRA,2025,ETRIWH,PTFTW33T67,AW100,C_C0,AW100,NO,NO,31
FRA,2025,ETRIWH,PTFTW33T67,AW100,C_C0,AW100,YES,YES,31
USA,2023,ETRIWH,PTFTW67T100,AW100,C_C0,AW100,YES,YES,34
USA,2023,ETRIWH,PTFTW67T100,AW100,C_C0,AW100,YES,NO,34
USA,2023,ETRIWH,PTFTW67T100,AW100,C_C0,AW100,NO,YES,34
USA,2023,ETRIWH,PTFTW67T100,AW100,C_C0,AW100,NO,NO,34
USA,2024,ETRIWH,PTFTW67T100,AW100,C_C0,AW100,NO,NO,34
USA,2024,ETRIWH,PTFTW67T100,AW100,C_C0,AW100,NO,YES,34
USA,2024,ETRIWH,PTFTW67T100,AW100,C_C0,AW100,YES,NO,34
USA,2024,ETRIWH,PTFTW67T100,AW100,C_C0,AW100,YES,YES,34
USA,2025,ETRIWH,PTFTW67T100,AW100,C_C0,AW100,YES,YES,34
USA,2025,ETRIWH,PTFTW67T100,AW100,C_C0,AW100,YES,NO,34
USA,2025,ETRIWH,PTFTW67T100,AW100,C_C0,AW100,NO,YES,34
USA,2025,ETRIWH,PTFTW67T100,AW100,C_C0,AW100,NO,NO,34
OECD,2023,ETRIWH,PTFTW33T67,AW100,C_C0,AW100,YES,YES,34
OECD,2023,ETRIWH,PTFTW33T67,AW100,C_C0,AW100,NO,NO,34
OECD,2023,ETRIWH,PTFTW33T67,AW100,C_C0,AW100,YES,NO,34
OECD,2023,ETRIWH,PTFTW33T67,AW100,C_C0,AW100,NO,YES,34
OECD,2024,ETRIWH,PTFTW33T67,AW100,C_C0,AW100,NO,YES,34
OECD,2024,ETRIWH,PTFTW33T67,AW100,C_C0,AW100,YES,NO,34
OECD,2024,ETRIWH,PTFTW33T67,AW100,C_C0,AW100,NO,NO,34
OECD,2024,ETRIWH,PTFTW33T67,AW100,C_C0,AW100,YES,YES,34
OECD,2025,ETRIWH,PTFTW33T67,AW100,C_C0,AW100,YES,YES,34
OECD,2025,ETRIWH,PTFTW33T67,AW100,C_C0,AW100,NO,YES,34
SWE,2023,ETRIWH,PTFTW50T100,AW100,C_C0,AW100,YES,YES,30
SWE,2023,ETRIWH,PTFTW50T100,AW100,C_C0,AW100,YES,NO,30
SWE,2023,ETRIWH,PTFTW50T100,AW100,C_C0,AW100,NO,YES,30
SWE,2023,ETRIWH,PTFTW50T100,AW100,C_C0,AW100,NO,NO,30
SWE,2024,ETRIWH,PTFTW67T100,AW100,C_C0,AW100,YES,NO,30
SWE,2024,ETRIWH,PTFTW67T100,AW100,C_C0,AW100,NO,NO,30
SWE,2024,ETRIWH,PTFTW67T100,AW100,C_C0,AW100,NO,YES,30
SWE,2024,ETRIWH,PTFTW67T100,AW100,C_C0,AW100,YES,YES,30
ESP,2025,ETRIWH,PTFTW33T67,AW100,C_C0,AW100,NO,YES,30
ESP,2025,ETRIWH,PTFTW33T67,AW100,C_C0,AW100,YES,NO,30
ESP,2025,ETRIWH,PTFTW33T67,AW100,C_C0,AW100,YES,YES,30
ESP,2025,ETRIWH,PTFTW33T67,AW100,C_C0,AW100,NO,NO,30
FRA,2023,ETRIWH,PTFTW50T66,AW100,C_C0,AW100,NO,NO,30
FRA,2023,ETRIWH,PTFTW50T66,AW100,C_C0,AW100,YES,NO,30
FRA,2023,ETRIWH,PTFTW50T66,AW100,C_C0,AW100,NO,YES,30
FRA,2023,ETRIWH,PTFTW50T66,AW100,C_C0,AW100,YES,YES,30
FRA,2024,ETRIWH,PTFTW50T66,AW100,C_C0,AW100,YES,YES,30
FRA,2024,ETRIWH,PTFTW50T66,AW100,C_C0,AW100,NO,YES,30
FRA,2024,ETRIWH,PTFTW50T66,AW100,C_C0,AW100,YES,NO,30
FRA,2024,ETRIWH,PTFTW50T66,AW100,C_C0,AW100,NO,NO,30
FRA,2025,ETRIWH,PTFTW50T66,AW100,C_C0,AW100,NO,NO,30
FRA,2025,ETRIWH,PTFTW50T66,AW100,C_C0,AW100,YES,NO,30
FRA,2025,ETRIWH,PTFTW50T66,AW100,C_C0,AW100,NO,YES,30
FRA,2025,ETRIWH,PTFTW50T66,AW100,C_C0,AW100,YES,YES,30
GBR,2025,ETRIWH,PTFTW50T100,AW100,C_C0,AW100,YES,YES,30
GBR,2025,ETRIWH,PTFTW50T100,AW100,C_C0,AW100,YES,NO,30
GBR,2025,ETRIWH,PTFTW50T100,AW100,C_C0,AW100,NO,NO,30
GBR,2025,ETRIWH,PTFTW50T100,AW100,C_C0,AW100,NO,YES,30
ESP,2023,ETRIWH,PTFTW67T100,AW100,C_C0,AW100,NO,NO,33
ESP,2023,ETRIWH,PTFTW67T100,AW100,C_C0,AW100,YES,NO,33
ESP,2023,ETRIWH,PTFTW67T100,AW100,C_C0,AW100,NO,YES,33
ESP,2023,ETRIWH,PTFTW67T100,AW100,C_C0,AW100,YES,YES,33
OECD,2025,ETRIWH,PTFTW33T67,AW100,C_C0,AW100,NO,NO,33
OECD,2025,ETRIWH,PTFTW33T67,AW100,C_C0,AW100,YES,NO,33
POL,2023,ETRIWH,PTFTW50T66,AW100,C_C0,AW100,NO,YES,32
POL,2023,ETRIWH,PTFTW33T67,AW100,C_C0,AW100,YES,NO,32
POL,2023,ETRIWH,PTFTW67T100,AW100,C_C0,AW100,YES,YES,32
POL,2023,ETRIWH,PTFTW33T67,AW100,C_C0,AW100,YES,YES,32
POL,2023,ETRIWH,PTFTW50T100,AW100,C_C0,AW100,YES,YES,32
POL,2023,ETRIWH,PTFTW50T100,AW100,C_C0,AW100,NO,YES,32
POL,2023,ETRIWH,PTFTW50T100,AW100,C_C0,AW100,NO,NO,32
POL,2023,ETRIWH,PTFTW50T100,AW100,C_C0,AW100,YES,NO,32
POL,2023,ETRIWH,PTFTW50T66,AW100,C_C0,AW100,NO,NO,32
POL,2023,ETRIWH,PTFTW50T66,AW100,C_C0,AW100,YES,YES,32
POL,2023,ETRIWH,PTFTW50T66,AW100,C_C0,AW100,YES,NO,32
POL,2023,ETRIWH,PTFTW67T100,AW100,C_C0,AW100,YES,NO,32
POL,2023,ETRIWH,PTFTW33T67,AW100,C_C0,AW100,NO,NO,32
POL,2023,ETRIWH,PTFTW67T100,AW100,C_C0,AW100,NO,YES,32
POL,2023,ETRIWH,PTFTW67T100,AW100,C_C0,AW100,NO,NO,32
POL,2023,ETRIWH,PTFTW33T67,AW100,C_C0,AW100,NO,YES,32
POL,2024,ETRIWH,PTFTW33T67,AW100,C_C0,AW100,NO,YES,32
POL,2024,ETRIWH,PTFTW67T100,AW100,C_C0,AW100,NO,NO,32
POL,2024,ETRIWH,PTFTW67T100,AW100,C_C0,AW100,NO,YES,32
POL,2024,ETRIWH,PTFTW33T67,AW100,C_C0,AW100,NO,NO,32
POL,2024,ETRIWH,PTFTW67T100,AW100,C_C0,AW100,YES,NO,32
POL,2024,ETRIWH,PTFTW50T66,AW100,C_C0,AW100,YES,NO,32
POL,2024,ETRIWH,PTFTW50T66,AW100,C_C0,AW100,YES,YES,32
POL,2024,ETRIWH,PTFTW50T66,AW100,C_C0,AW100,NO,NO,32
POL,2024,ETRIWH,PTFTW50T100,AW100,C_C0,AW100,YES,NO,32
POL,2024,ETRIWH,PTFTW50T100,AW100,C_C0,AW100,NO,NO,32
POL,2024,ETRIWH,PTFTW50T100,AW100,C_C0,AW100,NO,YES,32
POL,2024,ETRIWH,PTFTW50T100,AW100,C_C0,AW100,YES,YES,32
POL,2024,ETRIWH,PTFTW33T67,AW100,C_C0,AW100,YES,YES,32
POL,2024,ETRIWH,PTFTW67T100,AW100,C_C0,AW100,YES,YES,32
POL,2024,ETRIWH,PTFTW33T67,AW100,C_C0,AW100,YES,NO,32
POL,2024,ETRIWH,PTFTW50T66,AW100,C_C0,AW100,NO,YES,32
POL,2025,ETRIWH,PTFTW50T66,AW100,C_C0,AW100,NO,YES,32
POL,2025,ETRIWH,PTFTW33T67,AW100,C_C0,AW100,YES,NO,32
POL,2025,ETRIWH,PTFTW67T100,AW100,C_C0,AW100,YES,YES,32
POL,2025,ETRIWH,PTFTW33T67,AW100,C_C0,AW100,YES,YES,32
POL,2025,ETRIWH,PTFTW50T100,AW100,C_C0,AW100,YES,YES,32
POL,2025,ETRIWH,PTFTW50T100,AW100,C_C0,AW100,NO,YES,32
POL,2025,ETRIWH,PTFTW50T100,AW100,C_C0,AW100,NO,NO,32
POL,2025,ETRIWH,PTFTW50T100,AW100,C_C0,AW100,YES,NO,32
POL,2025,ETRIWH,PTFTW50T66,AW100,C_C0,AW100,NO,NO,32
POL,2025,ETRIWH,PTFTW50T66,AW100,C_C0,AW100,YES,YES,32
POL,2025,ETRIWH,PTFTW50T66,AW100,C_C0,AW100,YES,NO,32
POL,2025,ETRIWH,PTFTW67T100,AW100,C_C0,AW100,YES,NO,32
POL,2025,ETRIWH,PTFTW33T67,AW100,C_C0,AW100,NO,NO,32
POL,2025,ETRIWH,PTFTW67T100,AW100,C_C0,AW100,NO,YES,32
POL,2025,ETRIWH,PTFTW67T100,AW100,C_C0,AW100,NO,NO,32
POL,2025,ETRIWH,PTFTW33T67,AW100,C_C0,AW100,NO,YES,32
ESP,2024,ETRIWH,PTFTW67T100,AW100,C_C0,AW100,YES,YES,32
ESP,2024,ETRIWH,PTFTW67T100,AW100,C_C0,AW100,NO,YES,32
ESP,2024,ETRIWH,PTFTW67T100,AW100,C_C0,AW100,YES,NO,32
ESP,2024,ETRIWH,PTFTW67T100,AW100,C_C0,AW100,NO,NO,32
ESP,2025,ETRIWH,PTFTW67T100,AW100,C_C0,AW100,NO,NO,32
ESP,2025,ETRIWH,PTFTW67T100,AW100,C_C0,AW100,YES,NO,32
ESP,2025,ETRIWH,PTFTW67T100,AW100,C_C0,AW100,NO,YES,32
ESP,2025,ETRIWH,PTFTW67T100,AW100,C_C0,AW100,YES,YES,32
USA,2023,ETRIWH,PTFTW50T100,AW100,C_C0,AW100,YES,NO,32
USA,2023,ETRIWH,PTFTW50T100,AW100,C_C0,AW100,NO,NO,32
USA,2023,ETRIWH,PTFTW50T100,AW100,C_C0,AW100,YES,YES,32
USA,2023,ETRIWH,PTFTW50T100,AW100,C_C0,AW100,NO,YES,32
GBR,2023,ETRIWH,PTFTW67T100,AW100,C_C0,AW100,NO,NO,32
GBR,2023,ETRIWH,PTFTW67T100,AW100,C_C0,AW100,YES,NO,32
GBR,2023,ETRIWH,PTFTW50T66,AW100,C_C0,AW100,NO,YES,32
GBR,2023,ETRIWH,PTFTW50T66,AW100,C_C0,AW100,YES,YES,32
GBR,2023,ETRIWH,PTFTW33T67,AW100,C_C0,AW100,YES,NO,32
GBR,2023,ETRIWH,PTFTW33T67,AW100,C_C0,AW100,YES,YES,32
GBR,2023,ETRIWH,PTFTW50T100,AW100,C_C0,AW100,YES,YES,32
GBR,2023,ETRIWH,PTFTW50T66,AW100,C_C0,AW100,YES,NO,32
GBR,2023,ETRIWH,PTFTW50T100,AW100,C_C0,AW100,YES,NO,32
GBR,2023,ETRIWH,PTFTW67T100,AW100,C_C0,AW100,YES,YES,32
GBR,2023,ETRIWH,PTFTW33T67,AW100,C_C0,AW100,NO,YES,32
GBR,2023,ETRIWH,PTFTW50T100,AW100,C_C0,AW100,NO,NO,32
GBR,2023,ETRIWH,PTFTW33T67,AW100,C_C0,AW100,NO,NO,32
GBR,2023,ETRIWH,PTFTW67T100,AW100,C_C0,AW100,NO,YES,32
GBR,2023,ETRIWH,PTFTW50T66,AW100,C_C0,AW100,NO,NO,32
GBR,2023,ETRIWH,PTFTW50T100,AW100,C_C0,AW100,NO,YES,32
OECD,2023,ETRIWH,PTFTW33T67,AW67,C_C0,AW100,YES,YES,29
OECD,2023,ETRIWH,PTFTW33T67,AW67,C_C0,AW100,NO,YES,29
OECD,2024,ETRIWH,PTFTW33T67,AW67,C_C0,AW100,NO,YES,29
OECD,2024,ETRIWH,PTFTW33T67,AW67,C_C0,AW100,YES,YES,29
ESP,2024,ETRIWH,PTFTW50T100,AW67,C_C0,AW100,YES,NO,29
ESP,2024,ETRIWH,PTFTW50T100,AW67,C_C0,AW100,NO,NO,29
ESP,2024,ETRIWH,PTFTW50T100,AW67,C_C0,AW100,NO,YES,29
ESP,2024,ETRIWH,PTFTW50T100,AW67,C_C0,AW100,YES,YES,29
GBR,2023,ETRIWH,PTFTW33T67,AW67,C_C0,AW100,YES,NO,29
GBR,2023,ETRIWH,PTFTW33T67,AW67,C_C0,AW100,YES,YES,29
GBR,2023,ETRIWH,PTFTW33T67,AW67,C_C0,AW100,NO,YES,29
GBR,2023,ETRIWH,PTFTW33T67,AW67,C_C0,AW100,NO,NO,29
AUT,2024,ETRIWH,PTFTW33T67,AW67,C_C0,AW100,YES,NO,32
AUT,2024,ETRIWH,PTFTW33T67,AW67,C_C0,AW100,NO,YES,32
AUT,2024,ETRIWH,PTFTW33T67,AW67,C_C0,AW100,YES,YES,32
AUT,2024,ETRIWH,PTFTW33T67,AW67,C_C0,AW100,NO,NO,32
NLD,2023,ETRIWH,PTFTW50T66,AW67,C_C0,AW100,NO,NO,32
NLD,2023,ETRIWH,PTFTW50T66,AW67,C_C0,AW100,NO,YES,32
NLD,2023,ETRIWH,PTFTW50T66,AW67,C_C0,AW100,YES,NO,32
NLD,2023,ETRIWH,PTFTW50T66,AW67,C_C0,AW100,YES,YES,32
NLD,2024,ETRIWH,PTFTW50T66,AW67,C_C0,AW100,YES,YES,32
NLD,2024,ETRIWH,PTFTW50T66,AW67,C_C0,AW100,YES,NO,32
NLD,2024,ETRIWH,PTFTW50T66,AW67,C_C0,AW100,NO,YES,32
NLD,2024,ETRIWH,PTFTW50T66,AW67,C_C0,AW100,NO,NO,32
POL,2023,ETRIWH,PTFTW33T67,AW67,C_C0,AW100,YES,YES,32
POL,2023,ETRIWH,PTFTW67T100,AW67,C_C0,AW100,YES,YES,32
POL,2023,ETRIWH,PTFTW67T100,AW67,C_C0,AW100,NO,NO,32
POL,2023,ETRIWH,PTFTW50T66,AW67,C_C0,AW100,YES,NO,32
POL,2023,ETRIWH,PTFTW50T100,AW67,C_C0,AW100,NO,NO,32
POL,2023,ETRIWH,PTFTW50T66,AW67,C_C0,AW100,YES,YES,32
POL,2023,ETRIWH,PTFTW67T100,AW67,C_C0,AW100,NO,YES,32
POL,2023,ETRIWH,PTFTW50T100,AW67,C_C0,AW100,YES,NO,32
POL,2023,ETRIWH,PTFTW33T67,AW67,C_C0,AW100,NO,YES,32
POL,2023,ETRIWH,PTFTW50T66,AW67,C_C0,AW100,NO,YES,32
POL,2023,ETRIWH,PTFTW67T100,AW67,C_C0,AW100,YES,NO,32
POL,2023,ETRIWH,PTFTW50T100,AW67,C_C0,AW100,YES,YES,32
POL,2023,ETRIWH,PTFTW33T67,AW67,C_C0,AW100,YES,NO,32
POL,2023,ETRIWH,PTFTW50T100,AW67,C_C0,AW100,NO,YES,32
POL,2023,ETRIWH,PTFTW50T66,AW67,C_C0,AW100,NO,NO,32
POL,2023,ETRIWH,PTFTW33T67,AW67,C_C0,AW100,NO,NO,32
POL,2024,ETRIWH,PTFTW33T67,AW67,C_C0,AW100,NO,NO,32
POL,2024,ETRIWH,PTFTW50T66,AW67,C_C0,AW100,NO,NO,32
POL,2024,ETRIWH,PTFTW50T100,AW67,C_C0,AW100,NO,YES,32
POL,2024,ETRIWH,PTFTW33T67,AW67,C_C0,AW100,YES,NO,32
POL,2024,ETRIWH,PTFTW50T100,AW67,C_C0,AW100,YES,YES,32
POL,2024,ETRIWH,PTFTW67T100,AW67,C_C0,AW100,YES,NO,32
POL,2024,ETRIWH,PTFTW50T66,AW67,C_C0,AW100,NO,YES,32
POL,2024,ETRIWH,PTFTW33T67,AW67,C_C0,AW100,NO,YES,32
POL,2024,ETRIWH,PTFTW50T100,AW67,C_C0,AW100,YES,NO,32
POL,2024,ETRIWH,PTFTW67T100,AW67,C_C0,AW100,NO,YES,32
POL,2024,ETRIWH,PTFTW50T66,AW67,C_C0,AW100,YES,YES,32
POL,2024,ETRIWH,PTFTW50T100,AW67,C_C0,AW100,NO,NO,32
POL,2024,ETRIWH,PTFTW50T66,AW67,C_C0,AW100,YES,NO,32
POL,2024,ETRIWH,PTFTW67T100,AW67,C_C0,AW100,NO,NO,32
POL,2024,ETRIWH,PTFTW67T100,AW67,C_C0,AW100,YES,YES,32
POL,2024,ETRIWH,PTFTW33T67,AW67,C_C0,AW100,YES,YES,32
POL,2025,ETRIWH,PTFTW33T67,AW67,C_C0,AW100,YES,YES,32
POL,2025,ETRIWH,PTFTW67T100,AW67,C_C0,AW100,YES,YES,32
POL,2025,ETRIWH,PTFTW67T100,AW67,C_C0,AW100,NO,NO,32
POL,2025,ETRIWH,PTFTW50T66,AW67,C_C0,AW100,YES,NO,32
POL,2025,ETRIWH,PTFTW50T100,AW67,C_C0,AW100,NO,NO,32
POL,2025,ETRIWH,PTFTW50T66,AW67,C_C0,AW100,YES,YES,32
POL,2025,ETRIWH,PTFTW67T100,AW67,C_C0,AW100,NO,YES,32
POL,2025,ETRIWH,PTFTW50T100,AW67,C_C0,AW100,YES,NO,32
POL,2025,ETRIWH,PTFTW33T67,AW67,C_C0,AW100,NO,YES,32
POL,2025,ETRIWH,PTFTW50T66,AW67,C_C0,AW100,NO,YES,32
POL,2025,ETRIWH,PTFTW67T100,AW67,C_C0,AW100,YES,NO,32
POL,2025,ETRIWH,PTFTW50T100,AW67,C_C0,AW100,YES,YES,32
POL,2025,ETRIWH,PTFTW33T67,AW67,C_C0,AW100,YES,NO,32
POL,2025,ETRIWH,PTFTW50T100,AW67,C_C0,AW100,NO,YES,32
POL,2025,ETRIWH,PTFTW50T66,AW67,C_C0,AW100,NO,NO,32
POL,2025,ETRIWH,PTFTW33T67,AW67,C_C0,AW100,NO,NO,32
GBR,2023,ETRIWH,PTFTW67T100,AW67,C_C0,AW100,YES,YES,32
GBR,2023,ETRIWH,PTFTW50T100,AW67,C_C0,AW100,NO,NO,32
GBR,2023,ETRIWH,PTFTW50T66,AW67,C_C0,AW100,YES,NO,32
GBR,2023,ETRIWH,PTFTW50T66,AW67,C_C0,AW100,YES,YES,32
GBR,2023,ETRIWH,PTFTW67T100,AW67,C_C0,AW100,NO,NO,32
GBR,2023,ETRIWH,PTFTW50T66,AW67,C_C0,AW100,NO,YES,32
GBR,2023,ETRIWH,PTFTW50T100,AW67,C_C0,AW100,YES,YES,32
GBR,2023,ETRIWH,PTFTW50T100,AW67,C_C0,AW100,NO,YES,32
GBR,2023,ETRIWH,PTFTW67T100,AW67,C_C0,AW100,NO,YES,32
GBR,2023,ETRIWH,PTFTW50T100,AW67,C_C0,AW100,YES,NO,32
GBR,2023,ETRIWH,PTFTW67T100,AW67,C_C0,AW100,YES,NO,32
GBR,2023,ETRIWH,PTFTW50T66,AW67,C_C0,AW100,NO,NO,32
AUT,2023,ETRIWH,PTFTW33T67,AW67,C_C0,AW100,NO,NO,30
AUT,2023,ETRIWH,PTFTW33T67,AW67,C_C0,AW100,YES,YES,30
AUT,2023,ETRIWH,PTFTW33T67,AW67,C_C0,AW100,NO,YES,30
AUT,2023,ETRIWH,PTFTW33T67,AW67,C_C0,AW100,YES,NO,30
AUT,2025,ETRIWH,PTFTW33T67,AW67,C_C0,AW100,NO,NO,30
AUT,2025,ETRIWH,PTFTW33T67,AW67,C_C0,AW100,YES,YES,30
AUT,2025,ETRIWH,PTFTW33T67,AW67,C_C0,AW100,NO,YES,30
AUT,2025,ETRIWH,PTFTW33T67,AW67,C_C0,AW100,YES,NO,30
FRA,2023,ETRIWH,PTFTW67T100,AW67,C_C0,AW100,YES,NO,30
FRA,2023,ETRIWH,PTFTW67T100,AW67,C_C0,AW100,NO,NO,30
FRA,2023,ETRIWH,PTFTW67T100,AW67,C_C0,AW100,NO,YES,30
FRA,2023,ETRIWH,PTFTW67T100,AW67,C_C0,AW100,YES,YES,30
ESP,2025,ETRIWH,PTFTW50T100,AW67,C_C0,AW100,YES,YES,30
ESP,2025,ETRIWH,PTFTW50T100,AW67,C_C0,AW100,NO,YES,30
ESP,2025,ETRIWH,PTFTW50T100,AW67,C_C0,AW100,NO,NO,30
ESP,2025,ETRIWH,PTFTW50T100,AW67,C_C0,AW100,YES,NO,30
OECD,2023,ETRIWH,PTFTW50T66,AW67,C_C0,AW100,YES,YES,30
OECD,2023,ETRIWH,PTFTW50T66,AW67,C_C0,AW100,NO,YES,30
OECD,2024,ETRIWH,PTFTW50T66,AW67,C_C0,AW100,NO,NO,30
OECD,2024,ETRIWH,PTFTW50T66,AW67,C_C0,AW100,YES,NO,30
OECD,2024,ETRIWH,PTFTW50T66,AW67,C_C0,AW100,NO,YES,30
OECD,2024,ETRIWH,PTFTW50T66,AW67,C_C0,AW100,YES,YES,30
OECD,2023,ETRIWH,PTFTW50T100,AW67,C_C0,AW100,NO,NO,34
OECD,2023,ETRIWH,PTFTW50T100,AW67,C_C0,AW100,YES,YES,34
OECD,2023,ETRIWH,PTFTW50T100,AW67,C_C0,AW100,NO,YES,34
OECD,2023,ETRIWH,PTFTW50T100,AW67,C_C0,AW100,YES,NO,34
OECD,2024,ETRIWH,PTFTW50T100,AW67,C_C0,AW100,YES,NO,34
OECD,2024,ETRIWH,PTFTW50T100,AW67,C_C0,AW100,NO,YES,34
OECD,2024,ETRIWH,PTFTW50T100,AW67,C_C0,AW100,YES,YES,34
OECD,2024,ETRIWH,PTFTW50T100,AW67,C_C0,AW100,NO,NO,34
OECD,2025,ETRIWH,PTFTW50T100,AW67,C_C0,AW100,YES,YES,34
OECD,2025,ETRIWH,PTFTW50T100,AW67,C_C0,AW100,NO,YES,34
NLD,2023,ETRIWH,PTFTW33T67,AW67,C_C0,AW100,NO,YES,22
NLD,2023,ETRIWH,PTFTW33T67,AW67,C_C0,AW100,YES,NO,22
NLD,2023,ETRIWH,PTFTW33T67,AW67,C_C0,AW100,NO,NO,22
NLD,2023,ETRIWH,PTFTW33T67,AW67,C_C0,AW100,YES,YES,22
FRA,2023,ETRIWH,PTFTW50T66,AW67,C_C0,AW100,NO,NO,33
FRA,2023,ETRIWH,PTFTW33T67,AW67,C_C0,AW100,YES,NO,33
FRA,2023,ETRIWH,PTFTW33T67,AW67,C_C0,AW100,NO,YES,33
FRA,2023,ETRIWH,PTFTW33T67,AW67,C_C0,AW100,NO,NO,33
FRA,2023,ETRIWH,PTFTW50T66,AW67,C_C0,AW100,NO,YES,33
FRA,2023,ETRIWH,PTFTW50T66,AW67,C_C0,AW100,YES,YES,33
FRA,2023,ETRIWH,PTFTW33T67,AW67,C_C0,AW100,YES,YES,33
FRA,2023,ETRIWH,PTFTW50T66,AW67,C_C0,AW100,YES,NO,33
FRA,2024,ETRIWH,PTFTW50T66,AW67,C_C0,AW100,YES,NO,33
FRA,2024,ETRIWH,PTFTW33T67,AW67,C_C0,AW100,YES,YES,33
FRA,2024,ETRIWH,PTFTW50T66,AW67,C_C0,AW100,YES,YES,33
FRA,2024,ETRIWH,PTFTW50T66,AW67,C_C0,AW100,NO,YES,33
FRA,2024,ETRIWH,PTFTW33T67,AW67,C_C0,AW100,NO,NO,33
FRA,2024,ETRIWH,PTFTW33T67,AW67,C_C0,AW100,NO,YES,33
FRA,2024,ETRIWH,PTFTW33T67,AW67,C_C0,AW100,YES,NO,33
FRA,2024,ETRIWH,PTFTW50T66,AW67,C_C0,AW100,NO,NO,33
FRA,2025,ETRIWH,PTFTW50T66,AW67,C_C0,AW100,NO,NO,33
FRA,2025,ETRIWH,PTFTW33T67,AW67,C_C0,AW100,YES,NO,33
FRA,2025,ETRIWH,PTFTW33T67,AW67,C_C0,AW100,NO,YES,33
FRA,2025,ETRIWH,PTFTW33T67,AW67,C_C0,AW100,NO,NO,33
FRA,2025,ETRIWH,PTFTW50T66,AW67,C_C0,AW100,NO,YES,33
FRA,2025,ETRIWH,PTFTW50T66,AW67,C_C0,AW100,YES,YES,33
FRA,2025,ETRIWH,PTFTW33T67,AW67,C_C0,AW100,YES,YES,33
FRA,2025,ETRIWH,PTFTW50T66,AW67,C_C0,AW100,YES,NO,33
OECD,2025,ETRIWH,PTFTW50T100,AW67,C_C0,AW100,NO,NO,33
OECD,2025,ETRIWH,PTFTW50T100,AW67,C_C0,AW100,YES,NO,33
OECD,2023,ETRIWH,PTFTW50T66,AW67,C_C0,AW100,YES,NO,31
OECD,2023,ETRIWH,PTFTW50T66,AW67,C_C0,AW100,NO,NO,31
SWE,2024,ETRIWH,PTFTW50T66,AW67,C_C0,AW100,YES,YES,26
SWE,2024,ETRIWH,PTFTW50T66,AW67,C_C0,AW100,NO,NO,26
SWE,2024,ETRIWH,PTFTW50T66,AW67,C_C0,AW100,YES,NO,26
SWE,2024,ETRIWH,PTFTW50T66,AW67,C_C0,AW100,NO,YES,26
USA,2023,ETRIWH,PTFTW50T66,AW67,C_C0,AW100,NO,YES,26
USA,2023,ETRIWH,PTFTW50T66,AW67,C_C0,AW100,YES,NO,26
USA,2023,ETRIWH,PTFTW50T66,AW67,C_C0,AW100,NO,NO,26
USA,2023,ETRIWH,PTFTW50T66,AW67,C_C0,AW100,YES,YES,26
USA,2024,ETRIWH,PTFTW50T66,AW67,C_C0,AW100,YES,YES,26
USA,2024,ETRIWH,PTFTW50T66,AW67,C_C0,AW100,NO,NO,26
USA,2024,ETRIWH,PTFTW50T66,AW67,C_C0,AW100,YES,NO,26
USA,2024,ETRIWH,PTFTW50T66,AW67,C_C0,AW100,NO,YES,26
USA,2025,ETRIWH,PTFTW50T66,AW67,C_C0,AW100,NO,YES,26
USA,2025,ETRIWH,PTFTW50T66,AW67,C_C0,AW100,YES,NO,26
USA,2025,ETRIWH,PTFTW50T66,AW67,C_C0,AW100,NO,NO,26
USA,2025,ETRIWH,PTFTW50T66,AW67,C_C0,AW100,YES,YES,26
ITA,2023,ETRIWH,PTFTW50T66,AW67,C_C0,AW100,NO,YES,28
ITA,2023,ETRIWH,PTFTW50T66,AW67,C_C0,AW100,YES,YES,28
SWE,2023,ETRIWH,PTFTW50T66,AW67,C_C0,AW100,NO,YES,28
SWE,2023,ETRIWH,PTFTW50T66,AW67,C_C0,AW100,YES,NO,28
SWE,2023,ETRIWH,PTFTW50T66,AW67,C_C0,AW100,NO,NO,28
SWE,2023,ETRIWH,PTFTW50T66,AW67,C_C0,AW100,YES,YES,28
GBR,2024,ETRIWH,PTFTW50T66,AW67,C_C0,AW100,NO,NO,28
GBR,2024,ETRIWH,PTFTW50T66,AW67,C_C0,AW100,NO,YES,28
GBR,2024,ETRIWH,PTFTW50T66,AW67,C_C0,AW100,YES,YES,28
GBR,2024,ETRIWH,PTFTW50T66,AW67,C_C0,AW100,YES,NO,28
GBR,2025,ETRIWH,PTFTW50T66,AW67,C_C0,AW100,YES,NO,28
GBR,2025,ETRIWH,PTFTW50T66,AW67,C_C0,AW100,YES,YES,28
GBR,2025,ETRIWH,PTFTW50T66,AW67,C_C0,AW100,NO,YES,28
GBR,2025,ETRIWH,PTFTW50T66,AW67,C_C0,AW100,NO,NO,28
OECD,2025,ETRIWH,PTFTW50T66,AW67,C_C0,AW100,YES,YES,28
OECD,2025,ETRIWH,PTFTW50T66,AW67,C_C0,AW100,NO,YES,28
OECD,2025,ETRIWH,PTFTW50T66,AW67,C_C0,AW100,YES,NO,28
OECD,2025,ETRIWH,PTFTW50T66,AW67,C_C0,AW100,NO,NO,28
BEL,2024,ETRIWH,PTFTW50T66,AW67,C_C0,AW100,NO,YES,40
BEL,2024,ETRIWH,PTFTW50T66,AW67,C_C0,AW100,NO,NO,40
BEL,2024,ETRIWH,PTFTW50T66,AW67,C_C0,AW100,YES,NO,40
BEL,2024,ETRIWH,PTFTW50T66,AW67,C_C0,AW100,YES,YES,40
AUT,2025,ETRIWH,PTFTW50T66,AW67,C_C0,AW100,NO,YES,39
AUT,2025,ETRIWH,PTFTW50T66,AW67,C_C0,AW100,YES,YES,39
AUT,2025,ETRIWH,PTFTW50T66,AW67,C_C0,AW100,YES,NO,39
AUT,2025,ETRIWH,PTFTW50T66,AW67,C_C0,AW100,NO,NO,39
BEL,2025,ETRIWH,PTFTW50T66,AW67,C_C0,AW100,YES,YES,39
BEL,2025,ETRIWH,PTFTW50T66,AW67,C_C0,AW100,YES,NO,39
BEL,2025,ETRIWH,PTFTW50T66,AW67,C_C0,AW100,NO,NO,39
BEL,2025,ETRIWH,PTFTW50T66,AW67,C_C0,AW100,NO,YES,39
DNK,2023,ETRIWH,PTFTW50T66,AW67,C_C0,AW100,NO,YES,39
DNK,2023,ETRIWH,PTFTW50T66,AW67,C_C0,AW100,YES,NO,39
DNK,2023,ETRIWH,PTFTW50T66,AW67,C_C0,AW100,NO,NO,39
DNK,2023,ETRIWH,PTFTW50T66,AW67,C_C0,AW100,YES,YES,39
DNK,2024,ETRIWH,PTFTW50T66,AW67,C_C0,AW100,YES,YES,39
DNK,2024,ETRIWH,PTFTW50T66,AW67,C_C0,AW100,NO,NO,39
DNK,2024,ETRIWH,PTFTW50T66,AW67,C_C0,AW100,YES,NO,39
DNK,2024,ETRIWH,PTFTW50T66,AW67,C_C0,AW100,NO,YES,39
ITA,2025,ETRIWH,PTFTW50T66,AW67,C_C0,AW100,YES,NO,25
ITA,2025,ETRIWH,PTFTW50T66,AW67,C_C0,AW100,NO,YES,25
ITA,2025,ETRIWH,PTFTW50T66,AW67,C_C0,AW100,YES,YES,25
ITA,2025,ETRIWH,PTFTW50T66,AW67,C_C0,AW100,NO,NO,25
SWE,2025,ETRIWH,PTFTW50T66,AW67,C_C0,AW100,NO,YES,25
SWE,2025,ETRIWH,PTFTW50T66,AW67,C_C0,AW100,YES,NO,25
SWE,2025,ETRIWH,PTFTW50T66,AW67,C_C0,AW100,NO,NO,25
SWE,2025,ETRIWH,PTFTW50T66,AW67,C_C0,AW100,YES,YES,25
AUT,2023,ETRIWH,PTFTW50T66,AW67,C_C0,AW100,NO,YES,38
AUT,2024,ETRIWH,PTFTW50T66,AW67,C_C0,AW100,NO,YES,41
BEL,2023,ETRIWH,PTFTW50T66,AW67,C_C0,AW100,NO,YES,41
DEU,2023,ETRIWH,PTFTW50T66,AW67,C_C0,AW100,NO,YES,47
DEU,2024,ETRIWH,PTFTW50T66,AW67,C_C0,AW100,NO,YES,47
DEU,2025,ETRIWH,PTFTW50T66,AW67,C_C0,AW100,NO,YES,47
ITA,2024,ETRIWH,PTFTW50T66,AW67,C_C0,AW100,NO,YES,37
ESP,2023,ETRIWH,PTFTW50T66,AW67,C_C0,AW100,NO,YES,6
ESP,2024,ETRIWH,PTFTW50T66,AW67,C_C0,AW100,NO,YES,6
ESP,2025,ETRIWH,PTFTW50T66,AW67,C_C0,AW100,NO,YES,6
AUT,2023,ETRIWH,PTFTW50T66,AW67,C_C0,AW100,NO,NO,38
AUT,2024,ETRIWH,PTFTW50T66,AW67,C_C0,AW100,NO,NO,41
BEL,2023,ETRIWH,PTFTW50T66,AW67,C_C0,AW100,NO,NO,41
DEU,2023,ETRIWH,PTFTW50T66,AW67,C_C0,AW100,NO,NO,47
DEU,2024,ETRIWH,PTFTW50T66,AW67,C_C0,AW100,NO,NO,47
DEU,2025,ETRIWH,PTFTW50T66,AW67,C_C0,AW100,NO,NO,47
ITA,2023,ETRIWH,PTFTW50T66,AW67,C_C0,AW100,NO,NO,38
ITA,2024,ETRIWH,PTFTW50T66,AW67,C_C0,AW100,NO,NO,37
ESP,2023,ETRIWH,PTFTW50T66,AW67,C_C0,AW100,NO,NO,6
ESP,2024,ETRIWH,PTFTW50T66,AW67,C_C0,AW100,NO,NO,6
ESP,2025,ETRIWH,PTFTW50T66,AW67,C_C0,AW100,NO,NO,6
AUT,2023,ETRIWH,PTFTW50T66,AW67,C_C0,AW100,YES,NO,38
AUT,2024,ETRIWH,PTFTW50T66,AW67,C_C0,AW100,YES,NO,41
BEL,2023,ETRIWH,PTFTW50T66,AW67,C_C0,AW100,YES,NO,41
DEU,2023,ETRIWH,PTFTW50T66,AW67,C_C0,AW100,YES,NO,47
DEU,2024,ETRIWH,PTFTW50T66,AW67,C_C0,AW100,YES,NO,47
DEU,2025,ETRIWH,PTFTW50T66,AW67,C_C0,AW100,YES,NO,47
ITA,2023,ETRIWH,PTFTW50T66,AW67,C_C0,AW100,YES,NO,38
ITA,2024,ETRIWH,PTFTW50T66,AW67,C_C0,AW100,YES,NO,37
ESP,2023,ETRIWH,PTFTW50T66,AW67,C_C0,AW100,YES,NO,6
ESP,2024,ETRIWH,PTFTW50T66,AW67,C_C0,AW100,YES,NO,6
ESP,2025,ETRIWH,PTFTW50T66,AW67,C_C0,AW100,YES,NO,6
AUT,2023,ETRIWH,PTFTW50T66,AW67,C_C0,AW100,YES,YES,38
AUT,2024,ETRIWH,PTFTW50T66,AW67,C_C0,AW100,YES,YES,41
BEL,2023,ETRIWH,PTFTW50T66,AW67,C_C0,AW100,YES,YES,41
DEU,2023,ETRIWH,PTFTW50T66,AW67,C_C0,AW100,YES,YES,47
DEU,2024,ETRIWH,PTFTW50T66,AW67,C_C0,AW100,YES,YES,47
DEU,2025,ETRIWH,PTFTW50T66,AW67,C_C0,AW100,YES,YES,47
ITA,2024,ETRIWH,PTFTW50T66,AW67,C_C0,AW100,YES,YES,37
ESP,2023,ETRIWH,PTFTW50T66,AW67,C_C0,AW100,YES,YES,6
ESP,2024,ETRIWH,PTFTW50T66,AW67,C_C0,AW100,YES,YES,6
ESP,2025,ETRIWH,PTFTW50T66,AW67,C_C0,AW100,YES,YES,6
AUT,2023,ETRIWH,PTFTW67T100,AW67,C_C0,AW100,NO,NO,44
AUT,2023,ETRIWH,PTFTW67T100,AW67,C_C0,AW100,YES,NO,44
AUT,2023,ETRIWH,PTFTW67T100,AW67,C_C0,AW100,NO,YES,44
AUT,2023,ETRIWH,PTFTW67T100,AW67,C_C0,AW100,YES,YES,44
AUT,2025,ETRIWH,PTFTW67T100,AW67,C_C0,AW100,NO,NO,44
AUT,2025,ETRIWH,PTFTW67T100,AW67,C_C0,AW100,YES,NO,44
AUT,2025,ETRIWH,PTFTW67T100,AW67,C_C0,AW100,NO,YES,44
AUT,2025,ETRIWH,PTFTW67T100,AW67,C_C0,AW100,YES,YES,44
DEU,2023,ETRIWH,PTFTW67T100,AW67,C_C0,AW100,YES,NO,47
DEU,2023,ETRIWH,PTFTW67T100,AW67,C_C0,AW100,NO,NO,47
DEU,2023,ETRIWH,PTFTW67T100,AW67,C_C0,AW100,NO,YES,47
DEU,2023,ETRIWH,PTFTW67T100,AW67,C_C0,AW100,YES,YES,47
DEU,2024,ETRIWH,PTFTW67T100,AW67,C_C0,AW100,YES,YES,47
DEU,2024,ETRIWH,PTFTW67T100,AW67,C_C0,AW100,NO,YES,47
DEU,2024,ETRIWH,PTFTW67T100,AW67,C_C0,AW100,NO,NO,47
DEU,2024,ETRIWH,PTFTW67T100,AW67,C_C0,AW100,YES,NO,47
DEU,2025,ETRIWH,PTFTW67T100,AW67,C_C0,AW100,YES,NO,47
DEU,2025,ETRIWH,PTFTW67T100,AW67,C_C0,AW100,NO,NO,47
DEU,2025,ETRIWH,PTFTW67T100,AW67,C_C0,AW100,NO,YES,47
DEU,2025,ETRIWH,PTFTW67T100,AW67,C_C0,AW100,YES,YES,47
ITA,2025,ETRIWH,PTFTW67T100,AW67,C_C0,AW100,NO,NO,44
ITA,2025,ETRIWH,PTFTW67T100,AW67,C_C0,AW100,NO,YES,45
ITA,2025,ETRIWH,PTFTW67T100,AW67,C_C0,AW100,YES,NO,44
ITA,2025,ETRIWH,PTFTW67T100,AW67,C_C0,AW100,YES,YES,45
NLD,2024,ETRIWH,PTFTW67T100,AW67,C_C0,AW100,YES,YES,47
NLD,2024,ETRIWH,PTFTW67T100,AW67,C_C0,AW100,YES,NO,47
NLD,2024,ETRIWH,PTFTW67T100,AW67,C_C0,AW100,NO,NO,47
NLD,2024,ETRIWH,PTFTW67T100,AW67,C_C0,AW100,NO,YES,47
BEL,2023,ETRIWH,PTFTW67T100,AW67,C_C0,AW100,NO,NO,66
BEL,2023,ETRIWH,PTFTW67T100,AW67,C_C0,AW100,YES,YES,66
BEL,2023,ETRIWH,PTFTW67T100,AW67,C_C0,AW100,YES,NO,66
BEL,2023,ETRIWH,PTFTW67T100,AW67,C_C0,AW100,NO,YES,66
BEL,2024,ETRIWH,PTFTW67T100,AW67,C_C0,AW100,NO,YES,68
BEL,2024,ETRIWH,PTFTW67T100,AW67,C_C0,AW100,YES,NO,68
BEL,2024,ETRIWH,PTFTW67T100,AW67,C_C0,AW100,YES,YES,68
BEL,2024,ETRIWH,PTFTW67T100,AW67,C_C0,AW100,NO,NO,68
BEL,2025,ETRIWH,PTFTW67T100,AW67,C_C0,AW100,NO,NO,72
BEL,2025,ETRIWH,PTFTW67T100,AW67,C_C0,AW100,YES,YES,72
BEL,2025,ETRIWH,PTFTW67T100,AW67,C_C0,AW100,YES,NO,72
BEL,2025,ETRIWH,PTFTW67T100,AW67,C_C0,AW100,NO,YES,72
NLD,2023,ETRIWH,PTFTW67T100,AW67,C_C0,AW100,NO,YES,46
NLD,2023,ETRIWH,PTFTW67T100,AW67,C_C0,AW100,NO,NO,46
NLD,2023,ETRIWH,PTFTW67T100,AW67,C_C0,AW100,YES,NO,46
NLD,2023,ETRIWH,PTFTW67T100,AW67,C_C0,AW100,YES,YES,46
ITA,2023,ETRIWH,PTFTW67T100,AW67,C_C0,AW100,NO,YES,48
ITA,2023,ETRIWH,PTFTW67T100,AW67,C_C0,AW100,YES,YES,48
SWE,2023,ETRIWH,PTFTW67T100,AW67,C_C0,AW100,YES,YES,28
SWE,2023,ETRIWH,PTFTW67T100,AW67,C_C0,AW100,YES,NO,28
SWE,2023,ETRIWH,PTFTW67T100,AW67,C_C0,AW100,NO,YES,28
SWE,2023,ETRIWH,PTFTW67T100,AW67,C_C0,AW100,NO,NO,28
GBR,2024,ETRIWH,PTFTW67T100,AW67,C_C0,AW100,YES,NO,28
GBR,2024,ETRIWH,PTFTW67T100,AW67,C_C0,AW100,NO,YES,28
GBR,2024,ETRIWH,PTFTW67T100,AW67,C_C0,AW100,NO,NO,28
GBR,2024,ETRIWH,PTFTW67T100,AW67,C_C0,AW100,YES,YES,28
GBR,2025,ETRIWH,PTFTW67T100,AW67,C_C0,AW100,YES,YES,28
GBR,2025,ETRIWH,PTFTW67T100,AW67,C_C0,AW100,NO,NO,28
GBR,2025,ETRIWH,PTFTW67T100,AW67,C_C0,AW100,NO,YES,28
GBR,2025,ETRIWH,PTFTW67T100,AW67,C_C0,AW100,YES,NO,28
ITA,2024,ETRIWH,PTFTW67T100,AW67,C_C0,AW100,YES,YES,38
ITA,2024,ETRIWH,PTFTW67T100,AW67,C_C0,AW100,NO,YES,38
ITA,2023,ETRIWH,PTFTW67T100,AW67,C_C0,AW100,NO,NO,41
ITA,2023,ETRIWH,PTFTW67T100,AW67,C_C0,AW100,YES,NO,41
ESP,2024,ETRIWH,PTFTW67T100,AW67,C_C0,AW100,YES,YES,41
ESP,2024,ETRIWH,PTFTW67T100,AW67,C_C0,AW100,NO,YES,41
ESP,2024,ETRIWH,PTFTW67T100,AW67,C_C0,AW100,NO,NO,41
ESP,2024,ETRIWH,PTFTW67T100,AW67,C_C0,AW100,YES,NO,41
ESP,2023,ETRIWH,PTFTW67T100,AW67,C_C0,AW100,YES,NO,37
ESP,2023,ETRIWH,PTFTW67T100,AW67,C_C0,AW100,NO,NO,37
ESP,2023,ETRIWH,PTFTW67T100,AW67,C_C0,AW100,NO,YES,37
ESP,2023,ETRIWH,PTFTW67T100,AW67,C_C0,AW100,YES,YES,37
OECD,2025,ETRIWH,PTFTW67T100,AW67,C_C0,AW100,NO,YES,37
OECD,2025,ETRIWH,PTFTW67T100,AW67,C_C0,AW100,YES,YES,37
SWE,2025,ETRIWH,PTFTW67T100,AW67,C_C0,AW100,YES,YES,26
SWE,2025,ETRIWH,PTFTW67T100,AW67,C_C0,AW100,YES,NO,26
SWE,2025,ETRIWH,PTFTW67T100,AW67,C_C0,AW100,NO,YES,26
SWE,2025,ETRIWH,PTFTW67T100,AW67,C_C0,AW100,NO,NO,26
USA,2023,ETRIWH,PTFTW67T100,AW67,C_C0,AW100,NO,NO,26
USA,2023,ETRIWH,PTFTW67T100,AW67,C_C0,AW100,YES,NO,26
USA,2023,ETRIWH,PTFTW67T100,AW67,C_C0,AW100,YES,YES,26
USA,2023,ETRIWH,PTFTW67T100,AW67,C_C0,AW100,NO,YES,26
USA,2024,ETRIWH,PTFTW67T100,AW67,C_C0,AW100,NO,YES,26
USA,2024,ETRIWH,PTFTW67T100,AW67,C_C0,AW100,YES,YES,26
USA,2024,ETRIWH,PTFTW67T100,AW67,C_C0,AW100,YES,NO,26
USA,2024,ETRIWH,PTFTW67T100,AW67,C_C0,AW100,NO,NO,26
USA,2025,ETRIWH,PTFTW67T100,AW67,C_C0,AW100,NO,NO,26
USA,2025,ETRIWH,PTFTW67T100,AW67,C_C0,AW100,YES,NO,26
USA,2025,ETRIWH,PTFTW67T100,AW67,C_C0,AW100,YES,YES,26
USA,2025,ETRIWH,PTFTW67T100,AW67,C_C0,AW100,NO,YES,26
SWE,2024,ETRIWH,PTFTW67T100,AW67,C_C0,AW100,NO,NO,27
SWE,2024,ETRIWH,PTFTW67T100,AW67,C_C0,AW100,NO,YES,27
SWE,2024,ETRIWH,PTFTW67T100,AW67,C_C0,AW100,YES,NO,27
SWE,2024,ETRIWH,PTFTW67T100,AW67,C_C0,AW100,YES,YES,27
AUT,2024,ETRIWH,PTFTW67T100,AW67,C_C0,AW100,YES,YES,42
AUT,2024,ETRIWH,PTFTW67T100,AW67,C_C0,AW100,NO,YES,42
AUT,2024,ETRIWH,PTFTW67T100,AW67,C_C0,AW100,YES,NO,42
AUT,2024,ETRIWH,PTFTW67T100,AW67,C_C0,AW100,NO,NO,42
ESP,2025,ETRIWH,PTFTW67T100,AW67,C_C0,AW100,YES,NO,42
ESP,2025,ETRIWH,PTFTW67T100,AW67,C_C0,AW100,NO,NO,42
ESP,2025,ETRIWH,PTFTW67T100,AW67,C_C0,AW100,NO,YES,42
ESP,2025,ETRIWH,PTFTW67T100,AW67,C_C0,AW100,YES,YES,42
OECD,2025,ETRIWH,PTFTW67T100,AW67,C_C0,AW100,NO,NO,35
OECD,2025,ETRIWH,PTFTW67T100,AW67,C_C0,AW100,YES,NO,35
DNK,2023,ETRIWH,PTFTW67T100,AW67,C_C0,AW100,YES,YES,39
DNK,2023,ETRIWH,PTFTW67T100,AW67,C_C0,AW100,NO,YES,39
DNK,2023,ETRIWH,PTFTW67T100,AW67,C_C0,AW100,YES,NO,39
DNK,2023,ETRIWH,PTFTW67T100,AW67,C_C0,AW100,NO,NO,39
DNK,2024,ETRIWH,PTFTW67T100,AW67,C_C0,AW100,NO,NO,39
DNK,2024,ETRIWH,PTFTW67T100,AW67,C_C0,AW100,YES,NO,39
DNK,2024,ETRIWH,PTFTW67T100,AW67,C_C0,AW100,NO,YES,39
DNK,2024,ETRIWH,PTFTW67T100,AW67,C_C0,AW100,YES,YES,39
ITA,2024,ETRIWH,PTFTW67T100,AW67,C_C0,AW100,YES,NO,36
ITA,2024,ETRIWH,PTFTW67T100,AW67,C_C0,AW100,NO,NO,36
OECD,2023,ETRIWH,PTFTW67T100,AW67,C_C0,AW100,NO,YES,36
OECD,2023,ETRIWH,PTFTW67T100,AW67,C_C0,AW100,YES,YES,36
OECD,2023,ETRIWH,PTFTW67T100,AW67,C_C0,AW100,NO,NO,36
OECD,2023,ETRIWH,PTFTW67T100,AW67,C_C0,AW100,YES,NO,36
OECD,2024,ETRIWH,PTFTW67T100,AW67,C_C0,AW100,YES,NO,36
OECD,2024,ETRIWH,PTFTW67T100,AW67,C_C0,AW100,NO,NO,36
OECD,2024,ETRIWH,PTFTW67T100,AW67,C_C0,AW100,YES,YES,36
OECD,2024,ETRIWH,PTFTW67T100,AW67,C_C0,AW100,NO,YES,36
FRA,2024,ETRIWH,PTFTW67T100,AW67,C_C0,AW100,YES,YES,31
FRA,2024,ETRIWH,PTFTW67T100,AW67,C_C0,AW100,NO,YES,31
FRA,2024,ETRIWH,PTFTW67T100,AW67,C_C0,AW100,NO,NO,31
FRA,2024,ETRIWH,PTFTW67T100,AW67,C_C0,AW100,YES,NO,31
FRA,2025,ETRIWH,PTFTW67T100,AW67,C_C0,AW100,YES,NO,31
FRA,2025,ETRIWH,PTFTW67T100,AW67,C_C0,AW100,NO,NO,31
FRA,2025,ETRIWH,PTFTW67T100,AW67,C_C0,AW100,NO,YES,31
FRA,2025,ETRIWH,PTFTW67T100,AW67,C_C0,AW100,YES,YES,31
ESP,2023,ETRIWH,PTFTW50T100,AW67,C_C0,AW100,YES,YES,27
ESP,2023,ETRIWH,PTFTW50T100,AW67,C_C0,AW100,NO,YES,27
ESP,2023,ETRIWH,PTFTW50T100,AW67,C_C0,AW100,NO,NO,27
ESP,2023,ETRIWH,PTFTW50T100,AW67,C_C0,AW100,YES,NO,27
SWE,2024,ETRIWH,PTFTW50T100,AW67,C_C0,AW100,YES,YES,27
SWE,2024,ETRIWH,PTFTW50T100,AW67,C_C0,AW100,NO,NO,27
SWE,2024,ETRIWH,PTFTW50T100,AW67,C_C0,AW100,NO,YES,27
SWE,2024,ETRIWH,PTFTW50T100,AW67,C_C0,AW100,YES,NO,27
SWE,2025,ETRIWH,PTFTW50T100,AW67,C_C0,AW100,YES,NO,26
SWE,2025,ETRIWH,PTFTW50T100,AW67,C_C0,AW100,NO,YES,26
SWE,2025,ETRIWH,PTFTW50T100,AW67,C_C0,AW100,NO,NO,26
SWE,2025,ETRIWH,PTFTW50T100,AW67,C_C0,AW100,YES,YES,26
USA,2023,ETRIWH,PTFTW50T100,AW67,C_C0,AW100,YES,YES,26
USA,2023,ETRIWH,PTFTW50T100,AW67,C_C0,AW100,NO,NO,26
USA,2023,ETRIWH,PTFTW50T100,AW67,C_C0,AW100,NO,YES,26
USA,2023,ETRIWH,PTFTW50T100,AW67,C_C0,AW100,YES,NO,26
USA,2024,ETRIWH,PTFTW50T100,AW67,C_C0,AW100,YES,NO,26
USA,2024,ETRIWH,PTFTW50T100,AW67,C_C0,AW100,NO,YES,26
USA,2024,ETRIWH,PTFTW50T100,AW67,C_C0,AW100,NO,NO,26
USA,2024,ETRIWH,PTFTW50T100,AW67,C_C0,AW100,YES,YES,26
USA,2025,ETRIWH,PTFTW50T100,AW67,C_C0,AW100,YES,YES,26
USA,2025,ETRIWH,PTFTW50T100,AW67,C_C0,AW100,NO,NO,26
USA,2025,ETRIWH,PTFTW50T100,AW67,C_C0,AW100,NO,YES,26
USA,2025,ETRIWH,PTFTW50T100,AW67,C_C0,AW100,YES,NO,26
ITA,2023,ETRIWH,PTFTW50T100,AW67,C_C0,AW100,YES,NO,40
ITA,2023,ETRIWH,PTFTW50T100,AW67,C_C0,AW100,NO,NO,40
AUT,2023,ETRIWH,PTFTW50T100,AW67,C_C0,AW100,NO,YES,42
AUT,2023,ETRIWH,PTFTW50T100,AW67,C_C0,AW100,YES,YES,42
AUT,2023,ETRIWH,PTFTW50T100,AW67,C_C0,AW100,NO,NO,42
AUT,2023,ETRIWH,PTFTW50T100,AW67,C_C0,AW100,YES,NO,42
AUT,2024,ETRIWH,PTFTW50T100,AW67,C_C0,AW100,YES,NO,42
AUT,2024,ETRIWH,PTFTW50T100,AW67,C_C0,AW100,NO,NO,42
AUT,2024,ETRIWH,PTFTW50T100,AW67,C_C0,AW100,YES,YES,42
AUT,2024,ETRIWH,PTFTW50T100,AW67,C_C0,AW100,NO,YES,42
AUT,2025,ETRIWH,PTFTW50T100,AW67,C_C0,AW100,NO,YES,42
AUT,2025,ETRIWH,PTFTW50T100,AW67,C_C0,AW100,YES,YES,42
AUT,2025,ETRIWH,PTFTW50T100,AW67,C_C0,AW100,NO,NO,42
AUT,2025,ETRIWH,PTFTW50T100,AW67,C_C0,AW100,YES,NO,42
NLD,2024,ETRIWH,PTFTW50T100,AW67,C_C0,AW100,NO,NO,42
NLD,2024,ETRIWH,PTFTW50T100,AW67,C_C0,AW100,YES,YES,42
NLD,2024,ETRIWH,PTFTW50T100,AW67,C_C0,AW100,NO,YES,42
NLD,2024,ETRIWH,PTFTW50T100,AW67,C_C0,AW100,YES,NO,42
DNK,2023,ETRIWH,PTFTW50T100,AW67,C_C0,AW100,NO,NO,39
DNK,2023,ETRIWH,PTFTW50T100,AW67,C_C0,AW100,YES,YES,39
DNK,2023,ETRIWH,PTFTW50T100,AW67,C_C0,AW100,NO,YES,39
DNK,2023,ETRIWH,PTFTW50T100,AW67,C_C0,AW100,YES,NO,39
DNK,2024,ETRIWH,PTFTW50T100,AW67,C_C0,AW100,YES,NO,39
DNK,2024,ETRIWH,PTFTW50T100,AW67,C_C0,AW100,NO,YES,39
DNK,2024,ETRIWH,PTFTW50T100,AW67,C_C0,AW100,YES,YES,39
DNK,2024,ETRIWH,PTFTW50T100,AW67,C_C0,AW100,NO,NO,39
ITA,2025,ETRIWH,PTFTW50T100,AW67,C_C0,AW100,NO,YES,39
ITA,2025,ETRIWH,PTFTW50T100,AW67,C_C0,AW100,YES,YES,39
SWE,2023,ETRIWH,PTFTW50T100,AW67,C_C0,AW100,YES,NO,28
SWE,2023,ETRIWH,PTFTW50T100,AW67,C_C0,AW100,NO,YES,28
SWE,2023,ETRIWH,PTFTW50T100,AW67,C_C0,AW100,NO,NO,28
SWE,2023,ETRIWH,PTFTW50T100,AW67,C_C0,AW100,YES,YES,28
GBR,2024,ETRIWH,PTFTW50T100,AW67,C_C0,AW100,YES,NO,28
GBR,2024,ETRIWH,PTFTW50T100,AW67,C_C0,AW100,NO,YES,28
GBR,2024,ETRIWH,PTFTW50T100,AW67,C_C0,AW100,YES,YES,28
GBR,2024,ETRIWH,PTFTW50T100,AW67,C_C0,AW100,NO,NO,28
GBR,2025,ETRIWH,PTFTW50T100,AW67,C_C0,AW100,NO,NO,28
GBR,2025,ETRIWH,PTFTW50T100,AW67,C_C0,AW100,YES,YES,28
GBR,2025,ETRIWH,PTFTW50T100,AW67,C_C0,AW100,NO,YES,28
GBR,2025,ETRIWH,PTFTW50T100,AW67,C_C0,AW100,YES,NO,28
ITA,2024,ETRIWH,PTFTW50T100,AW67,C_C0,AW100,YES,YES,38
ITA,2024,ETRIWH,PTFTW50T100,AW67,C_C0,AW100,NO,YES,38
ITA,2023,ETRIWH,PTFTW50T100,AW67,C_C0,AW100,NO,YES,41
ITA,2023,ETRIWH,PTFTW50T100,AW67,C_C0,AW100,YES,YES,41
NLD,2023,ETRIWH,PTFTW50T100,AW67,C_C0,AW100,YES,NO,41
NLD,2023,ETRIWH,PTFTW50T100,AW67,C_C0,AW100,NO,YES,41
NLD,2023,ETRIWH,PTFTW50T100,AW67,C_C0,AW100,YES,YES,41
NLD,2023,ETRIWH,PTFTW50T100,AW67,C_C0,AW100,NO,NO,41
ITA,2024,ETRIWH,PTFTW50T100,AW67,C_C0,AW100,NO,NO,37
ITA,2024,ETRIWH,PTFTW50T100,AW67,C_C0,AW100,YES,NO,37
ITA,2025,ETRIWH,PTFTW50T100,AW67,C_C0,AW100,YES,NO,37
ITA,2025,ETRIWH,PTFTW50T100,AW67,C_C0,AW100,NO,NO,37
DEU,2023,ETRIWH,PTFTW50T100,AW67,C_C0,AW100,YES,YES,47
DEU,2023,ETRIWH,PTFTW50T100,AW67,C_C0,AW100,NO,YES,47
DEU,2023,ETRIWH,PTFTW50T100,AW67,C_C0,AW100,YES,NO,47
DEU,2023,ETRIWH,PTFTW50T100,AW67,C_C0,AW100,NO,NO,47
DEU,2024,ETRIWH,PTFTW50T100,AW67,C_C0,AW100,NO,NO,47
DEU,2024,ETRIWH,PTFTW50T100,AW67,C_C0,AW100,YES,NO,47
DEU,2024,ETRIWH,PTFTW50T100,AW67,C_C0,AW100,NO,YES,47
DEU,2024,ETRIWH,PTFTW50T100,AW67,C_C0,AW100,YES,YES,47
DEU,2025,ETRIWH,PTFTW50T100,AW67,C_C0,AW100,YES,YES,47
DEU,2025,ETRIWH,PTFTW50T100,AW67,C_C0,AW100,NO,YES,47
DEU,2025,ETRIWH,PTFTW50T100,AW67,C_C0,AW100,YES,NO,47
DEU,2025,ETRIWH,PTFTW50T100,AW67,C_C0,AW100,NO,NO,47
BEL,2023,ETRIWH,PTFTW50T100,AW67,C_C0,AW100,YES,YES,58
BEL,2023,ETRIWH,PTFTW50T100,AW67,C_C0,AW100,YES,NO,58
BEL,2023,ETRIWH,PTFTW50T100,AW67,C_C0,AW100,NO,YES,58
BEL,2023,ETRIWH,PTFTW50T100,AW67,C_C0,AW100,NO,NO,58
BEL,2024,ETRIWH,PTFTW50T100,AW67,C_C0,AW100,NO,NO,58
BEL,2024,ETRIWH,PTFTW50T100,AW67,C_C0,AW100,NO,YES,58
BEL,2024,ETRIWH,PTFTW50T100,AW67,C_C0,AW100,YES,NO,58
BEL,2024,ETRIWH,PTFTW50T100,AW67,C_C0,AW100,YES,YES,58
BEL,2025,ETRIWH,PTFTW50T100,AW67,C_C0,AW100,YES,YES,61
BEL,2025,ETRIWH,PTFTW50T100,AW67,C_C0,AW100,YES,NO,61
BEL,2025,ETRIWH,PTFTW50T100,AW67,C_C0,AW100,NO,YES,61
BEL,2025,ETRIWH,PTFTW50T100,AW67,C_C0,AW100,NO,NO,61
FRA,2023,ETRIWH,PTFTW50T100,AW67,C_C0,AW100,YES,NO,31
FRA,2023,ETRIWH,PTFTW50T100,AW67,C_C0,AW100,NO,NO,31
FRA,2023,ETRIWH,PTFTW50T100,AW67,C_C0,AW100,YES,YES,31
FRA,2023,ETRIWH,PTFTW50T100,AW67,C_C0,AW100,NO,YES,31
FRA,2024,ETRIWH,PTFTW50T100,AW67,C_C0,AW100,NO,YES,31
FRA,2024,ETRIWH,PTFTW50T100,AW67,C_C0,AW100,YES,YES,31
FRA,2024,ETRIWH,PTFTW50T100,AW67,C_C0,AW100,NO,NO,31
FRA,2024,ETRIWH,PTFTW50T100,AW67,C_C0,AW100,YES,NO,31
FRA,2025,ETRIWH,PTFTW50T100,AW67,C_C0,AW100,YES,NO,31
FRA,2025,ETRIWH,PTFTW50T100,AW67,C_C0,AW100,NO,NO,31
FRA,2025,ETRIWH,PTFTW50T100,AW67,C_C0,AW100,YES,YES,31
FRA,2025,ETRIWH,PTFTW50T100,AW67,C_C0,AW100,NO,YES,31
SWE,2024,ETRIWH,PTFTW33T67,AW67,C_C0,AW100,NO,NO,23
SWE,2024,ETRIWH,PTFTW33T67,AW67,C_C0,AW100,YES,NO,23
SWE,2024,ETRIWH,PTFTW33T67,AW67,C_C0,AW100,NO,YES,23
SWE,2024,ETRIWH,PTFTW33T67,AW67,C_C0,AW100,YES,YES,23
SWE,2025,ETRIWH,PTFTW33T67,AW67,C_C0,AW100,YES,YES,23
SWE,2025,ETRIWH,PTFTW33T67,AW67,C_C0,AW100,NO,YES,23
SWE,2025,ETRIWH,PTFTW33T67,AW67,C_C0,AW100,YES,NO,23
SWE,2025,ETRIWH,PTFTW33T67,AW67,C_C0,AW100,NO,NO,23
GBR,2024,ETRIWH,PTFTW33T67,AW67,C_C0,AW100,NO,NO,25
GBR,2024,ETRIWH,PTFTW33T67,AW67,C_C0,AW100,NO,YES,25
GBR,2024,ETRIWH,PTFTW33T67,AW67,C_C0,AW100,YES,YES,25
GBR,2024,ETRIWH,PTFTW33T67,AW67,C_C0,AW100,YES,NO,25
OECD,2025,ETRIWH,PTFTW33T67,AW67,C_C0,AW100,YES,NO,25
OECD,2025,ETRIWH,PTFTW33T67,AW67,C_C0,AW100,NO,NO,25
SWE,2023,ETRIWH,PTFTW33T67,AW67,C_C0,AW100,YES,YES,24
SWE,2023,ETRIWH,PTFTW33T67,AW67,C_C0,AW100,NO,YES,24
SWE,2023,ETRIWH,PTFTW33T67,AW67,C_C0,AW100,YES,NO,24
SWE,2023,ETRIWH,PTFTW33T67,AW67,C_C0,AW100,NO,NO,24
GBR,2025,ETRIWH,PTFTW33T67,AW67,C_C0,AW100,YES,NO,27
GBR,2025,ETRIWH,PTFTW33T67,AW67,C_C0,AW100,YES,YES,27
GBR,2025,ETRIWH,PTFTW33T67,AW67,C_C0,AW100,NO,YES,27
GBR,2025,ETRIWH,PTFTW33T67,AW67,C_C0,AW100,NO,NO,27
OECD,2023,ETRIWH,PTFTW33T67,AW67,C_C0,AW100,YES,NO,27
OECD,2023,ETRIWH,PTFTW33T67,AW67,C_C0,AW100,NO,NO,27
OECD,2024,ETRIWH,PTFTW33T67,AW67,C_C0,AW100,NO,NO,27
OECD,2024,ETRIWH,PTFTW33T67,AW67,C_C0,AW100,YES,NO,27
DNK,2023,ETRIWH,PTFTW33T67,AW67,C_C0,AW100,YES,YES,40
DNK,2023,ETRIWH,PTFTW33T67,AW67,C_C0,AW100,NO,NO,40
DNK,2023,ETRIWH,PTFTW33T67,AW67,C_C0,AW100,NO,YES,40
DNK,2023,ETRIWH,PTFTW33T67,AW67,C_C0,AW100,YES,NO,40
NLD,2024,ETRIWH,PTFTW33T67,AW67,C_C0,AW100,YES,YES,21
NLD,2024,ETRIWH,PTFTW33T67,AW67,C_C0,AW100,NO,NO,21
NLD,2024,ETRIWH,PTFTW33T67,AW67,C_C0,AW100,YES,NO,21
NLD,2024,ETRIWH,PTFTW33T67,AW67,C_C0,AW100,NO,YES,21
ESP,2023,ETRIWH,PTFTW33T67,AW67,C_C0,AW100,YES,NO,6
ESP,2023,ETRIWH,PTFTW33T67,AW67,C_C0,AW100,NO,NO,6
ESP,2023,ETRIWH,PTFTW33T67,AW67,C_C0,AW100,NO,YES,6
ESP,2023,ETRIWH,PTFTW33T67,AW67,C_C0,AW100,YES,YES,6
ESP,2024,ETRIWH,PTFTW33T67,AW67,C_C0,AW100,YES,YES,6
ESP,2024,ETRIWH,PTFTW33T67,AW67,C_C0,AW100,NO,YES,6
ESP,2024,ETRIWH,PTFTW33T67,AW67,C_C0,AW100,NO,NO,6
ESP,2024,ETRIWH,PTFTW33T67,AW67,C_C0,AW100,YES,NO,6
ESP,2025,ETRIWH,PTFTW33T67,AW67,C_C0,AW100,YES,NO,6
ESP,2025,ETRIWH,PTFTW33T67,AW67,C_C0,AW100,NO,NO,6
ESP,2025,ETRIWH,PTFTW33T67,AW67,C_C0,AW100,NO,YES,6
ESP,2025,ETRIWH,PTFTW33T67,AW67,C_C0,AW100,YES,YES,6
BEL,2023,ETRIWH,PTFTW33T67,AW67,C_C0,AW100,NO,NO,37
BEL,2023,ETRIWH,PTFTW33T67,AW67,C_C0,AW100,YES,NO,37
BEL,2023,ETRIWH,PTFTW33T67,AW67,C_C0,AW100,NO,YES,37
BEL,2023,ETRIWH,PTFTW33T67,AW67,C_C0,AW100,YES,YES,37
BEL,2024,ETRIWH,PTFTW33T67,AW67,C_C0,AW100,YES,YES,37
BEL,2024,ETRIWH,PTFTW33T67,AW67,C_C0,AW100,NO,YES,37
BEL,2024,ETRIWH,PTFTW33T67,AW67,C_C0,AW100,YES,NO,37
BEL,2024,ETRIWH,PTFTW33T67,AW67,C_C0,AW100,NO,NO,37
BEL,2025,ETRIWH,PTFTW33T67,AW67,C_C0,AW100,NO,NO,36
BEL,2025,ETRIWH,PTFTW33T67,AW67,C_C0,AW100,YES,NO,36
BEL,2025,ETRIWH,PTFTW33T67,AW67,C_C0,AW100,NO,YES,36
BEL,2025,ETRIWH,PTFTW33T67,AW67,C_C0,AW100,YES,YES,36
DNK,2024,ETRIWH,PTFTW33T67,AW67,C_C0,AW100,YES,NO,39
DNK,2024,ETRIWH,PTFTW33T67,AW67,C_C0,AW100,NO,YES,39
DNK,2024,ETRIWH,PTFTW33T67,AW67,C_C0,AW100,NO,NO,39
DNK,2024,ETRIWH,PTFTW33T67,AW67,C_C0,AW100,YES,YES,39
ITA,2023,ETRIWH,PTFTW33T67,AW67,C_C0,AW100,YES,YES,9
ITA,2023,ETRIWH,PTFTW33T67,AW67,C_C0,AW100,YES,NO,14
ITA,2023,ETRIWH,PTFTW33T67,AW67,C_C0,AW100,NO,NO,14
ITA,2023,ETRIWH,PTFTW33T67,AW67,C_C0,AW100,NO,YES,9
ITA,2024,ETRIWH,PTFTW33T67,AW67,C_C0,AW100,NO,YES,14
ITA,2024,ETRIWH,PTFTW33T67,AW67,C_C0,AW100,NO,NO,14
ITA,2024,ETRIWH,PTFTW33T67,AW67,C_C0,AW100,YES,NO,14
ITA,2024,ETRIWH,PTFTW33T67,AW67,C_C0,AW100,YES,YES,14
ITA,2025,ETRIWH,PTFTW33T67,AW67,C_C0,AW100,YES,YES,3
ITA,2025,ETRIWH,PTFTW33T67,AW67,C_C0,AW100,YES,NO,3
ITA,2025,ETRIWH,PTFTW33T67,AW67,C_C0,AW100,NO,NO,3
ITA,2025,ETRIWH,PTFTW33T67,AW67,C_C0,AW100,NO,YES,3
DEU,2023,ETRIWH,PTFTW33T67,AW67,C_C0,AW100,YES,NO,47
DEU,2023,ETRIWH,PTFTW33T67,AW67,C_C0,AW100,NO,YES,47
DEU,2023,ETRIWH,PTFTW33T67,AW67,C_C0,AW100,YES,YES,47
DEU,2023,ETRIWH,PTFTW33T67,AW67,C_C0,AW100,NO,NO,47
DEU,2024,ETRIWH,PTFTW33T67,AW67,C_C0,AW100,NO,NO,47
DEU,2024,ETRIWH,PTFTW33T67,AW67,C_C0,AW100,YES,YES,47
DEU,2024,ETRIWH,PTFTW33T67,AW67,C_C0,AW100,NO,YES,47
DEU,2024,ETRIWH,PTFTW33T67,AW67,C_C0,AW100,YES,NO,47
DEU,2025,ETRIWH,PTFTW33T67,AW67,C_C0,AW100,YES,NO,48
DEU,2025,ETRIWH,PTFTW33T67,AW67,C_C0,AW100,NO,YES,48
DEU,2025,ETRIWH,PTFTW33T67,AW67,C_C0,AW100,YES,YES,48
DEU,2025,ETRIWH,PTFTW33T67,AW67,C_C0,AW100,NO,NO,48
USA,2023,ETRIWH,PTFTW33T67,AW67,C_C0,AW100,NO,NO,26
USA,2023,ETRIWH,PTFTW33T67,AW67,C_C0,AW100,NO,YES,26
USA,2023,ETRIWH,PTFTW33T67,AW67,C_C0,AW100,YES,NO,26
USA,2023,ETRIWH,PTFTW33T67,AW67,C_C0,AW100,YES,YES,26
USA,2024,ETRIWH,PTFTW33T67,AW67,C_C0,AW100,YES,YES,26
USA,2024,ETRIWH,PTFTW33T67,AW67,C_C0,AW100,YES,NO,26
USA,2024,ETRIWH,PTFTW33T67,AW67,C_C0,AW100,NO,YES,26
USA,2024,ETRIWH,PTFTW33T67,AW67,C_C0,AW100,NO,NO,26
USA,2025,ETRIWH,PTFTW33T67,AW67,C_C0,AW100,NO,NO,26
USA,2025,ETRIWH,PTFTW33T67,AW67,C_C0,AW100,NO,YES,26
USA,2025,ETRIWH,PTFTW33T67,AW67,C_C0,AW100,YES,NO,26
USA,2025,ETRIWH,PTFTW33T67,AW67,C_C0,AW100,YES,YES,26
OECD,2025,ETRIWH,PTFTW33T67,AW67,C_C0,AW100,YES,YES,26
OECD,2025,ETRIWH,PTFTW33T67,AW67,C_C0,AW100,NO,YES,26
POL,2023,ETRIWH,PTFTW67T100,AW100,C_C0,NOEARN_UNEMP_WO_CONBEN,YES,NO,26
POL,2023,ETRIWH,PTFTW67T100,AW100,C_C0,NOEARN_UNEMP_WO_CONBEN,NO,NO,26
USA,2023,ETRIWH,PTFTW67T100,AW100,C_C0,NOEARN_UNEMP_WO_CONBEN,YES,NO,26
USA,2023,ETRIWH,PTFTW67T100,AW100,C_C0,NOEARN_UNEMP_WO_CONBEN,NO,NO,26
USA,2024,ETRIWH,PTFTW67T100,AW100,C_C0,NOEARN_UNEMP_WO_CONBEN,NO,NO,26
USA,2024,ETRIWH,PTFTW67T100,AW100,C_C0,NOEARN_UNEMP_WO_CONBEN,YES,NO,26
USA,2025,ETRIWH,PTFTW67T100,AW100,C_C0,NOEARN_UNEMP_WO_CONBEN,YES,NO,26
USA,2025,ETRIWH,PTFTW67T100,AW100,C_C0,NOEARN_UNEMP_WO_CONBEN,NO,NO,26
ESP,2023,ETRIWH,PTFTW67T100,AW100,C_C0,NOEARN_UNEMP_WO_CONBEN,NO,NO,30
ESP,2023,ETRIWH,PTFTW67T100,AW100,C_C0,NOEARN_UNEMP_WO_CONBEN,YES,NO,30
ESP,2024,ETRIWH,PTFTW67T100,AW100,C_C0,NOEARN_UNEMP_WO_CONBEN,YES,NO,30
ESP,2024,ETRIWH,PTFTW67T100,AW100,C_C0,NOEARN_UNEMP_WO_CONBEN,NO,NO,30
ESP,2025,ETRIWH,PTFTW67T100,AW100,C_C0,NOEARN_UNEMP_WO_CONBEN,NO,NO,30
ESP,2025,ETRIWH,PTFTW67T100,AW100,C_C0,NOEARN_UNEMP_WO_CONBEN,YES,NO,30
SWE,2024,ETRIWH,PTFTW67T100,AW100,C_C0,NOEARN_UNEMP_WO_CONBEN,YES,NO,30
SWE,2024,ETRIWH,PTFTW67T100,AW100,C_C0,NOEARN_UNEMP_WO_CONBEN,NO,NO,30
POL,2025,ETRIWH,PTFTW67T100,AW100,C_C0,NOEARN_UNEMP_WO_CONBEN,YES,NO,31
POL,2025,ETRIWH,PTFTW67T100,AW100,C_C0,NOEARN_UNEMP_WO_CONBEN,NO,NO,31
SWE,2023,ETRIWH,PTFTW67T100,AW100,C_C0,NOEARN_UNEMP_WO_CONBEN,NO,NO,31
SWE,2023,ETRIWH,PTFTW67T100,AW100,C_C0,NOEARN_UNEMP_WO_CONBEN,YES,NO,31
GBR,2024,ETRIWH,PTFTW67T100,AW100,C_C0,NOEARN_UNEMP_WO_CONBEN,NO,NO,31
GBR,2024,ETRIWH,PTFTW67T100,AW100,C_C0,NOEARN_UNEMP_WO_CONBEN,YES,NO,31
AUT,2023,ETRIWH,PTFTW67T100,AW100,C_C0,NOEARN_UNEMP_WO_CONBEN,YES,NO,44
AUT,2023,ETRIWH,PTFTW67T100,AW100,C_C0,NOEARN_UNEMP_WO_CONBEN,NO,NO,44
AUT,2024,ETRIWH,PTFTW67T100,AW100,C_C0,NOEARN_UNEMP_WO_CONBEN,NO,NO,44
AUT,2024,ETRIWH,PTFTW67T100,AW100,C_C0,NOEARN_UNEMP_WO_CONBEN,YES,NO,44
AUT,2025,ETRIWH,PTFTW67T100,AW100,C_C0,NOEARN_UNEMP_WO_CONBEN,YES,NO,44
AUT,2025,ETRIWH,PTFTW67T100,AW100,C_C0,NOEARN_UNEMP_WO_CONBEN,NO,NO,44
BEL,2023,ETRIWH,PTFTW67T100,AW100,C_C0,NOEARN_UNEMP_WO_CONBEN,NO,NO,53
BEL,2023,ETRIWH,PTFTW67T100,AW100,C_C0,NOEARN_UNEMP_WO_CONBEN,YES,NO,53
BEL,2024,ETRIWH,PTFTW67T100,AW100,C_C0,NOEARN_UNEMP_WO_CONBEN,YES,NO,53
BEL,2024,ETRIWH,PTFTW67T100,AW100,C_C0,NOEARN_UNEMP_WO_CONBEN,NO,NO,53
BEL,2025,ETRIWH,PTFTW67T100,AW100,C_C0,NOEARN_UNEMP_WO_CONBEN,NO,NO,52
BEL,2025,ETRIWH,PTFTW67T100,AW100,C_C0,NOEARN_UNEMP_WO_CONBEN,YES,NO,52
DNK,2023,ETRIWH,PTFTW67T100,AW100,C_C0,NOEARN_UNEMP_WO_CONBEN,YES,NO,50
DNK,2023,ETRIWH,PTFTW67T100,AW100,C_C0,NOEARN_UNEMP_WO_CONBEN,NO,NO,41
DNK,2024,ETRIWH,PTFTW67T100,AW100,C_C0,NOEARN_UNEMP_WO_CONBEN,NO,NO,41
DNK,2024,ETRIWH,PTFTW67T100,AW100,C_C0,NOEARN_UNEMP_WO_CONBEN,YES,NO,46
FRA,2023,ETRIWH,PTFTW67T100,AW100,C_C0,NOEARN_UNEMP_WO_CONBEN,NO,NO,48
FRA,2023,ETRIWH,PTFTW67T100,AW100,C_C0,NOEARN_UNEMP_WO_CONBEN,YES,NO,48
FRA,2024,ETRIWH,PTFTW67T100,AW100,C_C0,NOEARN_UNEMP_WO_CONBEN,YES,NO,46
FRA,2024,ETRIWH,PTFTW67T100,AW100,C_C0,NOEARN_UNEMP_WO_CONBEN,NO,NO,46
FRA,2025,ETRIWH,PTFTW67T100,AW100,C_C0,NOEARN_UNEMP_WO_CONBEN,NO,NO,48
FRA,2025,ETRIWH,PTFTW67T100,AW100,C_C0,NOEARN_UNEMP_WO_CONBEN,YES,NO,48
DEU,2023,ETRIWH,PTFTW67T100,AW100,C_C0,NOEARN_UNEMP_WO_CONBEN,YES,NO,41
DEU,2023,ETRIWH,PTFTW67T100,AW100,C_C0,NOEARN_UNEMP_WO_CONBEN,NO,NO,41
DEU,2024,ETRIWH,PTFTW67T100,AW100,C_C0,NOEARN_UNEMP_WO_CONBEN,NO,NO,41
DEU,2024,ETRIWH,PTFTW67T100,AW100,C_C0,NOEARN_UNEMP_WO_CONBEN,YES,NO,41
DEU,2025,ETRIWH,PTFTW67T100,AW100,C_C0,NOEARN_UNEMP_WO_CONBEN,YES,NO,42
DEU,2025,ETRIWH,PTFTW67T100,AW100,C_C0,NOEARN_UNEMP_WO_CONBEN,NO,NO,42
ITA,2023,ETRIWH,PTFTW67T100,AW100,C_C0,NOEARN_UNEMP_WO_CONBEN,NO,NO,48
ITA,2023,ETRIWH,PTFTW67T100,AW100,C_C0,NOEARN_UNEMP_WO_CONBEN,YES,NO,48
ITA,2024,ETRIWH,PTFTW67T100,AW100,C_C0,NOEARN_UNEMP_WO_CONBEN,YES,NO,56
ITA,2024,ETRIWH,PTFTW67T100,AW100,C_C0,NOEARN_UNEMP_WO_CONBEN,NO,NO,56
ITA,2025,ETRIWH,PTFTW67T100,AW100,C_C0,NOEARN_UNEMP_WO_CONBEN,NO,NO,49
ITA,2025,ETRIWH,PTFTW67T100,AW100,C_C0,NOEARN_UNEMP_WO_CONBEN,YES,NO,49
NLD,2023,ETRIWH,PTFTW67T100,AW100,C_C0,NOEARN_UNEMP_WO_CONBEN,NO,NO,59
NLD,2023,ETRIWH,PTFTW67T100,AW100,C_C0,NOEARN_UNEMP_WO_CONBEN,YES,NO,59
NLD,2024,ETRIWH,PTFTW67T100,AW100,C_C0,NOEARN_UNEMP_WO_CONBEN,YES,NO,57
NLD,2024,ETRIWH,PTFTW67T100,AW100,C_C0,NOEARN_UNEMP_WO_CONBEN,NO,NO,57
POL,2024,ETRIWH,PTFTW67T100,AW100,C_C0,NOEARN_UNEMP_WO_CONBEN,NO,NO,29
POL,2024,ETRIWH,PTFTW67T100,AW100,C_C0,NOEARN_UNEMP_WO_CONBEN,YES,NO,29
SWE,2025,ETRIWH,PTFTW67T100,AW100,C_C0,NOEARN_UNEMP_WO_CONBEN,NO,NO,29
SWE,2025,ETRIWH,PTFTW67T100,AW100,C_C0,NOEARN_UNEMP_WO_CONBEN,YES,NO,29
OECD,2023,ETRIWH,PTFTW67T100,AW100,C_C0,NOEARN_UNEMP_WO_CONBEN,YES,NO,37
OECD,2024,ETRIWH,PTFTW67T100,AW100,C_C0,NOEARN_UNEMP_WO_CONBEN,NO,NO,37
OECD,2024,ETRIWH,PTFTW67T100,AW100,C_C0,NOEARN_UNEMP_WO_CONBEN,YES,NO,37
AUT,2023,ETRIWH,PTFTW67T100,AW100,C_C0,NOEARN_UNEMP_WO_CONBEN,NO,YES,44
AUT,2024,ETRIWH,PTFTW67T100,AW100,C_C0,NOEARN_UNEMP_WO_CONBEN,NO,YES,44
AUT,2025,ETRIWH,PTFTW67T100,AW100,C_C0,NOEARN_UNEMP_WO_CONBEN,NO,YES,44
BEL,2023,ETRIWH,PTFTW67T100,AW100,C_C0,NOEARN_UNEMP_WO_CONBEN,NO,YES,53
BEL,2024,ETRIWH,PTFTW67T100,AW100,C_C0,NOEARN_UNEMP_WO_CONBEN,NO,YES,53
BEL,2025,ETRIWH,PTFTW67T100,AW100,C_C0,NOEARN_UNEMP_WO_CONBEN,NO,YES,52
DNK,2023,ETRIWH,PTFTW67T100,AW100,C_C0,NOEARN_UNEMP_WO_CONBEN,NO,YES,48
DNK,2024,ETRIWH,PTFTW67T100,AW100,C_C0,NOEARN_UNEMP_WO_CONBEN,NO,YES,49
FRA,2023,ETRIWH,PTFTW67T100,AW100,C_C0,NOEARN_UNEMP_WO_CONBEN,NO,YES,48
FRA,2024,ETRIWH,PTFTW67T100,AW100,C_C0,NOEARN_UNEMP_WO_CONBEN,NO,YES,46
FRA,2025,ETRIWH,PTFTW67T100,AW100,C_C0,NOEARN_UNEMP_WO_CONBEN,NO,YES,48
DEU,2023,ETRIWH,PTFTW67T100,AW100,C_C0,NOEARN_UNEMP_WO_CONBEN,NO,YES,41
DEU,2024,ETRIWH,PTFTW67T100,AW100,C_C0,NOEARN_UNEMP_WO_CONBEN,NO,YES,41
DEU,2025,ETRIWH,PTFTW67T100,AW100,C_C0,NOEARN_UNEMP_WO_CONBEN,NO,YES,42
ITA,2023,ETRIWH,PTFTW67T100,AW100,C_C0,NOEARN_UNEMP_WO_CONBEN,NO,YES,49
ITA,2024,ETRIWH,PTFTW67T100,AW100,C_C0,NOEARN_UNEMP_WO_CONBEN,NO,YES,58
ITA,2025,ETRIWH,PTFTW67T100,AW100,C_C0,NOEARN_UNEMP_WO_CONBEN,NO,YES,50
NLD,2023,ETRIWH,PTFTW67T100,AW100,C_C0,NOEARN_UNEMP_WO_CONBEN,NO,YES,65
NLD,2024,ETRIWH,PTFTW67T100,AW100,C_C0,NOEARN_UNEMP_WO_CONBEN,NO,YES,62
POL,2023,ETRIWH,PTFTW67T100,AW100,C_C0,NOEARN_UNEMP_WO_CONBEN,NO,YES,26
POL,2024,ETRIWH,PTFTW67T100,AW100,C_C0,NOEARN_UNEMP_WO_CONBEN,NO,YES,29
POL,2025,ETRIWH,PTFTW67T100,AW100,C_C0,NOEARN_UNEMP_WO_CONBEN,NO,YES,31
ESP,2023,ETRIWH,PTFTW67T100,AW100,C_C0,NOEARN_UNEMP_WO_CONBEN,NO,YES,53
ESP,2024,ETRIWH,PTFTW67T100,AW100,C_C0,NOEARN_UNEMP_WO_CONBEN,NO,YES,53
ESP,2025,ETRIWH,PTFTW67T100,AW100,C_C0,NOEARN_UNEMP_WO_CONBEN,NO,YES,54
SWE,2023,ETRIWH,PTFTW67T100,AW100,C_C0,NOEARN_UNEMP_WO_CONBEN,NO,YES,31
SWE,2024,ETRIWH,PTFTW67T100,AW100,C_C0,NOEARN_UNEMP_WO_CONBEN,NO,YES,30
SWE,2025,ETRIWH,PTFTW67T100,AW100,C_C0,NOEARN_UNEMP_WO_CONBEN,NO,YES,29
GBR,2023,ETRIWH,PTFTW67T100,AW100,C_C0,NOEARN_UNEMP_WO_CONBEN,NO,YES,41
GBR,2024,ETRIWH,PTFTW67T100,AW100,C_C0,NOEARN_UNEMP_WO_CONBEN,NO,YES,42
GBR,2025,ETRIWH,PTFTW67T100,AW100,C_C0,NOEARN_UNEMP_WO_CONBEN,NO,YES,43
USA,2023,ETRIWH,PTFTW67T100,AW100,C_C0,NOEARN_UNEMP_WO_CONBEN,NO,YES,26
USA,2024,ETRIWH,PTFTW67T100,AW100,C_C0,NOEARN_UNEMP_WO_CONBEN,NO,YES,26
USA,2025,ETRIWH,PTFTW67T100,AW100,C_C0,NOEARN_UNEMP_WO_CONBEN,NO,YES,26
OECD,2023,ETRIWH,PTFTW67T100,AW100,C_C0,NOEARN_UNEMP_WO_CONBEN,NO,YES,40
OECD,2024,ETRIWH,PTFTW67T100,AW100,C_C0,NOEARN_UNEMP_WO_CONBEN,NO,YES,41
OECD,2025,ETRIWH,PTFTW67T100,AW100,C_C0,NOEARN_UNEMP_WO_CONBEN,NO,YES,40
AUT,2023,ETRIWH,PTFTW67T100,AW100,C_C0,NOEARN_UNEMP_WO_CONBEN,YES,YES,44
AUT,2024,ETRIWH,PTFTW67T100,AW100,C_C0,NOEARN_UNEMP_WO_CONBEN,YES,YES,44
AUT,2025,ETRIWH,PTFTW67T100,AW100,C_C0,NOEARN_UNEMP_WO_CONBEN,YES,YES,44
BEL,2023,ETRIWH,PTFTW67T100,AW100,C_C0,NOEARN_UNEMP_WO_CONBEN,YES,YES,53
BEL,2024,ETRIWH,PTFTW67T100,AW100,C_C0,NOEARN_UNEMP_WO_CONBEN,YES,YES,53
BEL,2025,ETRIWH,PTFTW67T100,AW100,C_C0,NOEARN_UNEMP_WO_CONBEN,YES,YES,52
DNK,2023,ETRIWH,PTFTW67T100,AW100,C_C0,NOEARN_UNEMP_WO_CONBEN,YES,YES,61
DNK,2024,ETRIWH,PTFTW67T100,AW100,C_C0,NOEARN_UNEMP_WO_CONBEN,YES,YES,60
FRA,2023,ETRIWH,PTFTW67T100,AW100,C_C0,NOEARN_UNEMP_WO_CONBEN,YES,YES,48
FRA,2024,ETRIWH,PTFTW67T100,AW100,C_C0,NOEARN_UNEMP_WO_CONBEN,YES,YES,46
FRA,2025,ETRIWH,PTFTW67T100,AW100,C_C0,NOEARN_UNEMP_WO_CONBEN,YES,YES,48
DEU,2023,ETRIWH,PTFTW67T100,AW100,C_C0,NOEARN_UNEMP_WO_CONBEN,YES,YES,41
DEU,2024,ETRIWH,PTFTW67T100,AW100,C_C0,NOEARN_UNEMP_WO_CONBEN,YES,YES,41
DEU,2025,ETRIWH,PTFTW67T100,AW100,C_C0,NOEARN_UNEMP_WO_CONBEN,YES,YES,42
ITA,2023,ETRIWH,PTFTW67T100,AW100,C_C0,NOEARN_UNEMP_WO_CONBEN,YES,YES,49
ITA,2024,ETRIWH,PTFTW67T100,AW100,C_C0,NOEARN_UNEMP_WO_CONBEN,YES,YES,58
ITA,2025,ETRIWH,PTFTW67T100,AW100,C_C0,NOEARN_UNEMP_WO_CONBEN,YES,YES,50
NLD,2023,ETRIWH,PTFTW67T100,AW100,C_C0,NOEARN_UNEMP_WO_CONBEN,YES,YES,65
NLD,2024,ETRIWH,PTFTW67T100,AW100,C_C0,NOEARN_UNEMP_WO_CONBEN,YES,YES,62
POL,2023,ETRIWH,PTFTW67T100,AW100,C_C0,NOEARN_UNEMP_WO_CONBEN,YES,YES,26
POL,2024,ETRIWH,PTFTW67T100,AW100,C_C0,NOEARN_UNEMP_WO_CONBEN,YES,YES,29
POL,2025,ETRIWH,PTFTW67T100,AW100,C_C0,NOEARN_UNEMP_WO_CONBEN,YES,YES,31
ESP,2023,ETRIWH,PTFTW67T100,AW100,C_C0,NOEARN_UNEMP_WO_CONBEN,YES,YES,53
ESP,2024,ETRIWH,PTFTW67T100,AW100,C_C0,NOEARN_UNEMP_WO_CONBEN,YES,YES,53
ESP,2025,ETRIWH,PTFTW67T100,AW100,C_C0,NOEARN_UNEMP_WO_CONBEN,YES,YES,54
SWE,2023,ETRIWH,PTFTW67T100,AW100,C_C0,NOEARN_UNEMP_WO_CONBEN,YES,YES,31
SWE,2024,ETRIWH,PTFTW67T100,AW100,C_C0,NOEARN_UNEMP_WO_CONBEN,YES,YES,30
SWE,2025,ETRIWH,PTFTW67T100,AW100,C_C0,NOEARN_UNEMP_WO_CONBEN,YES,YES,29
GBR,2023,ETRIWH,PTFTW67T100,AW100,C_C0,NOEARN_UNEMP_WO_CONBEN,YES,YES,41
GBR,2024,ETRIWH,PTFTW67T100,AW100,C_C0,NOEARN_UNEMP_WO_CONBEN,YES,YES,42
GBR,2025,ETRIWH,PTFTW67T100,AW100,C_C0,NOEARN_UNEMP_WO_CONBEN,YES,YES,43
USA,2023,ETRIWH,PTFTW67T100,AW100,C_C0,NOEARN_UNEMP_WO_CONBEN,YES,YES,26
USA,2024,ETRIWH,PTFTW67T100,AW100,C_C0,NOEARN_UNEMP_WO_CONBEN,YES,YES,26
USA,2025,ETRIWH,PTFTW67T100,AW100,C_C0,NOEARN_UNEMP_WO_CONBEN,YES,YES,26
OECD,2023,ETRIWH,PTFTW67T100,AW100,C_C0,NOEARN_UNEMP_WO_CONBEN,YES,YES,42
OECD,2024,ETRIWH,PTFTW67T100,AW100,C_C0,NOEARN_UNEMP_WO_CONBEN,YES,YES,43
OECD,2025,ETRIWH,PTFTW67T100,AW100,C_C0,NOEARN_UNEMP_WO_CONBEN,YES,YES,41
OECD,2023,ETRIWH,PTFTW67T100,AW100,C_C0,NOEARN_UNEMP_WO_CONBEN,NO,NO,36
OECD,2025,ETRIWH,PTFTW67T100,AW100,C_C0,NOEARN_UNEMP_WO_CONBEN,YES,NO,36
OECD,2025,ETRIWH,PTFTW67T100,AW100,C_C0,NOEARN_UNEMP_WO_CONBEN,NO,NO,36
GBR,2023,ETRIWH,PTFTW67T100,AW100,C_C0,NOEARN_UNEMP_WO_CONBEN,YES,NO,32
GBR,2023,ETRIWH,PTFTW67T100,AW100,C_C0,NOEARN_UNEMP_WO_CONBEN,NO,NO,32
GBR,2025,ETRIWH,PTFTW67T100,AW100,C_C0,NOEARN_UNEMP_WO_CONBEN,YES,NO,33
GBR,2025,ETRIWH,PTFTW67T100,AW100,C_C0,NOEARN_UNEMP_WO_CONBEN,NO,NO,33
AUT,2023,ETRIWH,PTFTW50T100,AW100,C_C0,NOEARN_UNEMP_WO_CONBEN,YES,YES,44
AUT,2024,ETRIWH,PTFTW50T100,AW100,C_C0,NOEARN_UNEMP_WO_CONBEN,YES,YES,43
AUT,2025,ETRIWH,PTFTW50T100,AW100,C_C0,NOEARN_UNEMP_WO_CONBEN,YES,YES,43
BEL,2023,ETRIWH,PTFTW50T100,AW100,C_C0,NOEARN_UNEMP_WO_CONBEN,YES,YES,58
BEL,2024,ETRIWH,PTFTW50T100,AW100,C_C0,NOEARN_UNEMP_WO_CONBEN,YES,YES,58
BEL,2025,ETRIWH,PTFTW50T100,AW100,C_C0,NOEARN_UNEMP_WO_CONBEN,YES,YES,59
DNK,2023,ETRIWH,PTFTW50T100,AW100,C_C0,NOEARN_UNEMP_WO_CONBEN,YES,YES,71
DNK,2024,ETRIWH,PTFTW50T100,AW100,C_C0,NOEARN_UNEMP_WO_CONBEN,YES,YES,70
FRA,2023,ETRIWH,PTFTW50T100,AW100,C_C0,NOEARN_UNEMP_WO_CONBEN,YES,YES,49
FRA,2024,ETRIWH,PTFTW50T100,AW100,C_C0,NOEARN_UNEMP_WO_CONBEN,YES,YES,48
FRA,2025,ETRIWH,PTFTW50T100,AW100,C_C0,NOEARN_UNEMP_WO_CONBEN,YES,YES,49
DEU,2023,ETRIWH,PTFTW50T100,AW100,C_C0,NOEARN_UNEMP_WO_CONBEN,YES,YES,46
DEU,2024,ETRIWH,PTFTW50T100,AW100,C_C0,NOEARN_UNEMP_WO_CONBEN,YES,YES,44
DEU,2025,ETRIWH,PTFTW50T100,AW100,C_C0,NOEARN_UNEMP_WO_CONBEN,YES,YES,45
ITA,2023,ETRIWH,PTFTW50T100,AW100,C_C0,NOEARN_UNEMP_WO_CONBEN,YES,YES,51
ITA,2024,ETRIWH,PTFTW50T100,AW100,C_C0,NOEARN_UNEMP_WO_CONBEN,YES,YES,52
ITA,2025,ETRIWH,PTFTW50T100,AW100,C_C0,NOEARN_UNEMP_WO_CONBEN,YES,YES,45
NLD,2023,ETRIWH,PTFTW50T100,AW100,C_C0,NOEARN_UNEMP_WO_CONBEN,YES,YES,70
NLD,2024,ETRIWH,PTFTW50T100,AW100,C_C0,NOEARN_UNEMP_WO_CONBEN,YES,YES,68
POL,2023,ETRIWH,PTFTW50T100,AW100,C_C0,NOEARN_UNEMP_WO_CONBEN,YES,YES,42
POL,2024,ETRIWH,PTFTW50T100,AW100,C_C0,NOEARN_UNEMP_WO_CONBEN,YES,YES,44
POL,2025,ETRIWH,PTFTW50T100,AW100,C_C0,NOEARN_UNEMP_WO_CONBEN,YES,YES,46
ESP,2023,ETRIWH,PTFTW50T100,AW100,C_C0,NOEARN_UNEMP_WO_CONBEN,YES,YES,49
ESP,2024,ETRIWH,PTFTW50T100,AW100,C_C0,NOEARN_UNEMP_WO_CONBEN,YES,YES,49
ESP,2025,ETRIWH,PTFTW50T100,AW100,C_C0,NOEARN_UNEMP_WO_CONBEN,YES,YES,50
SWE,2023,ETRIWH,PTFTW50T100,AW100,C_C0,NOEARN_UNEMP_WO_CONBEN,YES,YES,30
SWE,2024,ETRIWH,PTFTW50T100,AW100,C_C0,NOEARN_UNEMP_WO_CONBEN,YES,YES,29
SWE,2025,ETRIWH,PTFTW50T100,AW100,C_C0,NOEARN_UNEMP_WO_CONBEN,YES,YES,28
GBR,2023,ETRIWH,PTFTW50T100,AW100,C_C0,NOEARN_UNEMP_WO_CONBEN,YES,YES,51
GBR,2024,ETRIWH,PTFTW50T100,AW100,C_C0,NOEARN_UNEMP_WO_CONBEN,YES,YES,51
GBR,2025,ETRIWH,PTFTW50T100,AW100,C_C0,NOEARN_UNEMP_WO_CONBEN,YES,YES,52
USA,2023,ETRIWH,PTFTW50T100,AW100,C_C0,NOEARN_UNEMP_WO_CONBEN,YES,YES,25
USA,2024,ETRIWH,PTFTW50T100,AW100,C_C0,NOEARN_UNEMP_WO_CONBEN,YES,YES,25
USA,2025,ETRIWH,PTFTW50T100,AW100,C_C0,NOEARN_UNEMP_WO_CONBEN,YES,YES,25
OECD,2023,ETRIWH,PTFTW50T100,AW100,C_C0,NOEARN_UNEMP_WO_CONBEN,YES,YES,46
OECD,2024,ETRIWH,PTFTW50T100,AW100,C_C0,NOEARN_UNEMP_WO_CONBEN,YES,YES,46
OECD,2025,ETRIWH,PTFTW50T100,AW100,C_C0,NOEARN_UNEMP_WO_CONBEN,YES,YES,43
AUT,2023,ETRIWH,PTFTW50T100,AW100,C_C0,NOEARN_UNEMP_WO_CONBEN,YES,NO,44
AUT,2024,ETRIWH,PTFTW50T100,AW100,C_C0,NOEARN_UNEMP_WO_CONBEN,YES,NO,43
AUT,2025,ETRIWH,PTFTW50T100,AW100,C_C0,NOEARN_UNEMP_WO_CONBEN,YES,NO,43
BEL,2023,ETRIWH,PTFTW50T100,AW100,C_C0,NOEARN_UNEMP_WO_CONBEN,YES,NO,58
BEL,2024,ETRIWH,PTFTW50T100,AW100,C_C0,NOEARN_UNEMP_WO_CONBEN,YES,NO,58
BEL,2025,ETRIWH,PTFTW50T100,AW100,C_C0,NOEARN_UNEMP_WO_CONBEN,YES,NO,59
DNK,2023,ETRIWH,PTFTW50T100,AW100,C_C0,NOEARN_UNEMP_WO_CONBEN,YES,NO,63
DNK,2024,ETRIWH,PTFTW50T100,AW100,C_C0,NOEARN_UNEMP_WO_CONBEN,YES,NO,61
FRA,2023,ETRIWH,PTFTW50T100,AW100,C_C0,NOEARN_UNEMP_WO_CONBEN,YES,NO,49
FRA,2024,ETRIWH,PTFTW50T100,AW100,C_C0,NOEARN_UNEMP_WO_CONBEN,YES,NO,48
FRA,2025,ETRIWH,PTFTW50T100,AW100,C_C0,NOEARN_UNEMP_WO_CONBEN,YES,NO,49
DEU,2023,ETRIWH,PTFTW50T100,AW100,C_C0,NOEARN_UNEMP_WO_CONBEN,YES,NO,40
DEU,2024,ETRIWH,PTFTW50T100,AW100,C_C0,NOEARN_UNEMP_WO_CONBEN,YES,NO,40
DEU,2025,ETRIWH,PTFTW50T100,AW100,C_C0,NOEARN_UNEMP_WO_CONBEN,YES,NO,40
ITA,2023,ETRIWH,PTFTW50T100,AW100,C_C0,NOEARN_UNEMP_WO_CONBEN,YES,NO,48
ITA,2024,ETRIWH,PTFTW50T100,AW100,C_C0,NOEARN_UNEMP_WO_CONBEN,YES,NO,51
ITA,2025,ETRIWH,PTFTW50T100,AW100,C_C0,NOEARN_UNEMP_WO_CONBEN,YES,NO,44
NLD,2023,ETRIWH,PTFTW50T100,AW100,C_C0,NOEARN_UNEMP_WO_CONBEN,YES,NO,59
NLD,2024,ETRIWH,PTFTW50T100,AW100,C_C0,NOEARN_UNEMP_WO_CONBEN,YES,NO,58
POL,2023,ETRIWH,PTFTW50T100,AW100,C_C0,NOEARN_UNEMP_WO_CONBEN,YES,NO,25
POL,2024,ETRIWH,PTFTW50T100,AW100,C_C0,NOEARN_UNEMP_WO_CONBEN,YES,NO,26
POL,2025,ETRIWH,PTFTW50T100,AW100,C_C0,NOEARN_UNEMP_WO_CONBEN,YES,NO,28
ESP,2023,ETRIWH,PTFTW50T100,AW100,C_C0,NOEARN_UNEMP_WO_CONBEN,YES,NO,31
ESP,2024,ETRIWH,PTFTW50T100,AW100,C_C0,NOEARN_UNEMP_WO_CONBEN,YES,NO,32
ESP,2025,ETRIWH,PTFTW50T100,AW100,C_C0,NOEARN_UNEMP_WO_CONBEN,YES,NO,33
SWE,2023,ETRIWH,PTFTW50T100,AW100,C_C0,NOEARN_UNEMP_WO_CONBEN,YES,NO,30
SWE,2024,ETRIWH,PTFTW50T100,AW100,C_C0,NOEARN_UNEMP_WO_CONBEN,YES,NO,29
SWE,2025,ETRIWH,PTFTW50T100,AW100,C_C0,NOEARN_UNEMP_WO_CONBEN,YES,NO,28
GBR,2023,ETRIWH,PTFTW50T100,AW100,C_C0,NOEARN_UNEMP_WO_CONBEN,YES,NO,32
GBR,2024,ETRIWH,PTFTW50T100,AW100,C_C0,NOEARN_UNEMP_WO_CONBEN,YES,NO,30
GBR,2025,ETRIWH,PTFTW50T100,AW100,C_C0,NOEARN_UNEMP_WO_CONBEN,YES,NO,31
USA,2023,ETRIWH,PTFTW50T100,AW100,C_C0,NOEARN_UNEMP_WO_CONBEN,YES,NO,25
USA,2024,ETRIWH,PTFTW50T100,AW100,C_C0,NOEARN_UNEMP_WO_CONBEN,YES,NO,25
USA,2025,ETRIWH,PTFTW50T100,AW100,C_C0,NOEARN_UNEMP_WO_CONBEN,YES,NO,25
OECD,2023,ETRIWH,PTFTW50T100,AW100,C_C0,NOEARN_UNEMP_WO_CONBEN,YES,NO,38
OECD,2024,ETRIWH,PTFTW50T100,AW100,C_C0,NOEARN_UNEMP_WO_CONBEN,YES,NO,39
OECD,2025,ETRIWH,PTFTW50T100,AW100,C_C0,NOEARN_UNEMP_WO_CONBEN,YES,NO,37
AUT,2023,ETRIWH,PTFTW50T100,AW100,C_C0,NOEARN_UNEMP_WO_CONBEN,NO,YES,44
AUT,2024,ETRIWH,PTFTW50T100,AW100,C_C0,NOEARN_UNEMP_WO_CONBEN,NO,YES,43
AUT,2025,ETRIWH,PTFTW50T100,AW100,C_C0,NOEARN_UNEMP_WO_CONBEN,NO,YES,43
BEL,2023,ETRIWH,PTFTW50T100,AW100,C_C0,NOEARN_UNEMP_WO_CONBEN,NO,YES,58
BEL,2024,ETRIWH,PTFTW50T100,AW100,C_C0,NOEARN_UNEMP_WO_CONBEN,NO,YES,58
BEL,2025,ETRIWH,PTFTW50T100,AW100,C_C0,NOEARN_UNEMP_WO_CONBEN,NO,YES,59
DNK,2023,ETRIWH,PTFTW50T100,AW100,C_C0,NOEARN_UNEMP_WO_CONBEN,NO,YES,45
DNK,2024,ETRIWH,PTFTW50T100,AW100,C_C0,NOEARN_UNEMP_WO_CONBEN,NO,YES,46
FRA,2023,ETRIWH,PTFTW50T100,AW100,C_C0,NOEARN_UNEMP_WO_CONBEN,NO,YES,49
FRA,2024,ETRIWH,PTFTW50T100,AW100,C_C0,NOEARN_UNEMP_WO_CONBEN,NO,YES,48
FRA,2025,ETRIWH,PTFTW50T100,AW100,C_C0,NOEARN_UNEMP_WO_CONBEN,NO,YES,49
DEU,2023,ETRIWH,PTFTW50T100,AW100,C_C0,NOEARN_UNEMP_WO_CONBEN,NO,YES,46
DEU,2024,ETRIWH,PTFTW50T100,AW100,C_C0,NOEARN_UNEMP_WO_CONBEN,NO,YES,44
DEU,2025,ETRIWH,PTFTW50T100,AW100,C_C0,NOEARN_UNEMP_WO_CONBEN,NO,YES,45
ITA,2023,ETRIWH,PTFTW50T100,AW100,C_C0,NOEARN_UNEMP_WO_CONBEN,NO,YES,51
ITA,2024,ETRIWH,PTFTW50T100,AW100,C_C0,NOEARN_UNEMP_WO_CONBEN,NO,YES,52
ITA,2025,ETRIWH,PTFTW50T100,AW100,C_C0,NOEARN_UNEMP_WO_CONBEN,NO,YES,45
NLD,2023,ETRIWH,PTFTW50T100,AW100,C_C0,NOEARN_UNEMP_WO_CONBEN,NO,YES,70
NLD,2024,ETRIWH,PTFTW50T100,AW100,C_C0,NOEARN_UNEMP_WO_CONBEN,NO,YES,68
POL,2023,ETRIWH,PTFTW50T100,AW100,C_C0,NOEARN_UNEMP_WO_CONBEN,NO,YES,42
POL,2024,ETRIWH,PTFTW50T100,AW100,C_C0,NOEARN_UNEMP_WO_CONBEN,NO,YES,44
POL,2025,ETRIWH,PTFTW50T100,AW100,C_C0,NOEARN_UNEMP_WO_CONBEN,NO,YES,46
ESP,2023,ETRIWH,PTFTW50T100,AW100,C_C0,NOEARN_UNEMP_WO_CONBEN,NO,YES,49
ESP,2024,ETRIWH,PTFTW50T100,AW100,C_C0,NOEARN_UNEMP_WO_CONBEN,NO,YES,49
ESP,2025,ETRIWH,PTFTW50T100,AW100,C_C0,NOEARN_UNEMP_WO_CONBEN,NO,YES,50
SWE,2023,ETRIWH,PTFTW50T100,AW100,C_C0,NOEARN_UNEMP_WO_CONBEN,NO,YES,30
SWE,2024,ETRIWH,PTFTW50T100,AW100,C_C0,NOEARN_UNEMP_WO_CONBEN,NO,YES,29
SWE,2025,ETRIWH,PTFTW50T100,AW100,C_C0,NOEARN_UNEMP_WO_CONBEN,NO,YES,28
GBR,2023,ETRIWH,PTFTW50T100,AW100,C_C0,NOEARN_UNEMP_WO_CONBEN,NO,YES,51
GBR,2024,ETRIWH,PTFTW50T100,AW100,C_C0,NOEARN_UNEMP_WO_CONBEN,NO,YES,51
GBR,2025,ETRIWH,PTFTW50T100,AW100,C_C0,NOEARN_UNEMP_WO_CONBEN,NO,YES,52
USA,2023,ETRIWH,PTFTW50T100,AW100,C_C0,NOEARN_UNEMP_WO_CONBEN,NO,YES,25
USA,2024,ETRIWH,PTFTW50T100,AW100,C_C0,NOEARN_UNEMP_WO_CONBEN,NO,YES,25
USA,2025,ETRIWH,PTFTW50T100,AW100,C_C0,NOEARN_UNEMP_WO_CONBEN,NO,YES,25
OECD,2023,ETRIWH,PTFTW50T100,AW100,C_C0,NOEARN_UNEMP_WO_CONBEN,NO,YES,42
OECD,2024,ETRIWH,PTFTW50T100,AW100,C_C0,NOEARN_UNEMP_WO_CONBEN,NO,YES,43
OECD,2025,ETRIWH,PTFTW50T100,AW100,C_C0,NOEARN_UNEMP_WO_CONBEN,NO,YES,41
AUT,2023,ETRIWH,PTFTW50T100,AW100,C_C0,NOEARN_UNEMP_WO_CONBEN,NO,NO,44
AUT,2024,ETRIWH,PTFTW50T100,AW100,C_C0,NOEARN_UNEMP_WO_CONBEN,NO,NO,43
AUT,2025,ETRIWH,PTFTW50T100,AW100,C_C0,NOEARN_UNEMP_WO_CONBEN,NO,NO,43
BEL,2023,ETRIWH,PTFTW50T100,AW100,C_C0,NOEARN_UNEMP_WO_CONBEN,NO,NO,58
BEL,2024,ETRIWH,PTFTW50T100,AW100,C_C0,NOEARN_UNEMP_WO_CONBEN,NO,NO,58
BEL,2025,ETRIWH,PTFTW50T100,AW100,C_C0,NOEARN_UNEMP_WO_CONBEN,NO,NO,59
DNK,2023,ETRIWH,PTFTW50T100,AW100,C_C0,NOEARN_UNEMP_WO_CONBEN,NO,NO,40
DNK,2024,ETRIWH,PTFTW50T100,AW100,C_C0,NOEARN_UNEMP_WO_CONBEN,NO,NO,40
FRA,2023,ETRIWH,PTFTW50T100,AW100,C_C0,NOEARN_UNEMP_WO_CONBEN,NO,NO,49
FRA,2024,ETRIWH,PTFTW50T100,AW100,C_C0,NOEARN_UNEMP_WO_CONBEN,NO,NO,48
FRA,2025,ETRIWH,PTFTW50T100,AW100,C_C0,NOEARN_UNEMP_WO_CONBEN,NO,NO,49
DEU,2023,ETRIWH,PTFTW50T100,AW100,C_C0,NOEARN_UNEMP_WO_CONBEN,NO,NO,40
DEU,2024,ETRIWH,PTFTW50T100,AW100,C_C0,NOEARN_UNEMP_WO_CONBEN,NO,NO,40
DEU,2025,ETRIWH,PTFTW50T100,AW100,C_C0,NOEARN_UNEMP_WO_CONBEN,NO,NO,40
ITA,2023,ETRIWH,PTFTW50T100,AW100,C_C0,NOEARN_UNEMP_WO_CONBEN,NO,NO,48
ITA,2024,ETRIWH,PTFTW50T100,AW100,C_C0,NOEARN_UNEMP_WO_CONBEN,NO,NO,51
ITA,2025,ETRIWH,PTFTW50T100,AW100,C_C0,NOEARN_UNEMP_WO_CONBEN,NO,NO,44
NLD,2023,ETRIWH,PTFTW50T100,AW100,C_C0,NOEARN_UNEMP_WO_CONBEN,NO,NO,59
NLD,2024,ETRIWH,PTFTW50T100,AW100,C_C0,NOEARN_UNEMP_WO_CONBEN,NO,NO,58
POL,2023,ETRIWH,PTFTW50T100,AW100,C_C0,NOEARN_UNEMP_WO_CONBEN,NO,NO,25
POL,2024,ETRIWH,PTFTW50T100,AW100,C_C0,NOEARN_UNEMP_WO_CONBEN,NO,NO,26
POL,2025,ETRIWH,PTFTW50T100,AW100,C_C0,NOEARN_UNEMP_WO_CONBEN,NO,NO,28
ESP,2023,ETRIWH,PTFTW50T100,AW100,C_C0,NOEARN_UNEMP_WO_CONBEN,NO,NO,31
ESP,2024,ETRIWH,PTFTW50T100,AW100,C_C0,NOEARN_UNEMP_WO_CONBEN,NO,NO,32
SWE,2023,ETRIWH,PTFTW50T100,AW100,C_C0,NOEARN_UNEMP_WO_CONBEN,NO,NO,30
SWE,2024,ETRIWH,PTFTW50T100,AW100,C_C0,NOEARN_UNEMP_WO_CONBEN,NO,NO,29
SWE,2025,ETRIWH,PTFTW50T100,AW100,C_C0,NOEARN_UNEMP_WO_CONBEN,NO,NO,28
GBR,2023,ETRIWH,PTFTW50T100,AW100,C_C0,NOEARN_UNEMP_WO_CONBEN,NO,NO,32
GBR,2024,ETRIWH,PTFTW50T100,AW100,C_C0,NOEARN_UNEMP_WO_CONBEN,NO,NO,30
GBR,2025,ETRIWH,PTFTW50T100,AW100,C_C0,NOEARN_UNEMP_WO_CONBEN,NO,NO,31
USA,2023,ETRIWH,PTFTW50T100,AW100,C_C0,NOEARN_UNEMP_WO_CONBEN,NO,NO,25
USA,2024,ETRIWH,PTFTW50T100,AW100,C_C0,NOEARN_UNEMP_WO_CONBEN,NO,NO,25
USA,2025,ETRIWH,PTFTW50T100,AW100,C_C0,NOEARN_UNEMP_WO_CONBEN,NO,NO,25
OECD,2023,ETRIWH,PTFTW50T100,AW100,C_C0,NOEARN_UNEMP_WO_CONBEN,NO,NO,36
OECD,2024,ETRIWH,PTFTW50T100,AW100,C_C0,NOEARN_UNEMP_WO_CONBEN,NO,NO,37
OECD,2025,ETRIWH,PTFTW50T100,AW100,C_C0,NOEARN_UNEMP_WO_CONBEN,NO,NO,36
ESP,2025,ETRIWH,PTFTW50T100,AW100,C_C0,NOEARN_UNEMP_WO_CONBEN,NO,NO,33
AUT,2023,ETRIWH,PTFTW50T66,AW100,C_C0,NOEARN_UNEMP_WO_CONBEN,NO,NO,44
AUT,2024,ETRIWH,PTFTW50T66,AW100,C_C0,NOEARN_UNEMP_WO_CONBEN,NO,NO,42
AUT,2025,ETRIWH,PTFTW50T66,AW100,C_C0,NOEARN_UNEMP_WO_CONBEN,NO,NO,42
BEL,2023,ETRIWH,PTFTW50T66,AW100,C_C0,NOEARN_UNEMP_WO_CONBEN,NO,NO,67
BEL,2024,ETRIWH,PTFTW50T66,AW100,C_C0,NOEARN_UNEMP_WO_CONBEN,NO,NO,68
BEL,2025,ETRIWH,PTFTW50T66,AW100,C_C0,NOEARN_UNEMP_WO_CONBEN,NO,NO,73
DNK,2023,ETRIWH,PTFTW50T66,AW100,C_C0,NOEARN_UNEMP_WO_CONBEN,NO,NO,39
DNK,2024,ETRIWH,PTFTW50T66,AW100,C_C0,NOEARN_UNEMP_WO_CONBEN,NO,NO,39
FRA,2023,ETRIWH,PTFTW50T66,AW100,C_C0,NOEARN_UNEMP_WO_CONBEN,NO,NO,52
FRA,2024,ETRIWH,PTFTW50T66,AW100,C_C0,NOEARN_UNEMP_WO_CONBEN,NO,NO,52
FRA,2025,ETRIWH,PTFTW50T66,AW100,C_C0,NOEARN_UNEMP_WO_CONBEN,NO,NO,52
DEU,2023,ETRIWH,PTFTW50T66,AW100,C_C0,NOEARN_UNEMP_WO_CONBEN,NO,NO,37
DEU,2024,ETRIWH,PTFTW50T66,AW100,C_C0,NOEARN_UNEMP_WO_CONBEN,NO,NO,37
DEU,2025,ETRIWH,PTFTW50T66,AW100,C_C0,NOEARN_UNEMP_WO_CONBEN,NO,NO,37
ITA,2023,ETRIWH,PTFTW50T66,AW100,C_C0,NOEARN_UNEMP_WO_CONBEN,NO,NO,48
ITA,2024,ETRIWH,PTFTW50T66,AW100,C_C0,NOEARN_UNEMP_WO_CONBEN,NO,NO,42
ITA,2025,ETRIWH,PTFTW50T66,AW100,C_C0,NOEARN_UNEMP_WO_CONBEN,NO,NO,36
NLD,2023,ETRIWH,PTFTW50T66,AW100,C_C0,NOEARN_UNEMP_WO_CONBEN,NO,NO,59
NLD,2024,ETRIWH,PTFTW50T66,AW100,C_C0,NOEARN_UNEMP_WO_CONBEN,NO,NO,60
POL,2023,ETRIWH,PTFTW50T66,AW100,C_C0,NOEARN_UNEMP_WO_CONBEN,NO,NO,21
POL,2024,ETRIWH,PTFTW50T66,AW100,C_C0,NOEARN_UNEMP_WO_CONBEN,NO,NO,21
POL,2025,ETRIWH,PTFTW50T66,AW100,C_C0,NOEARN_UNEMP_WO_CONBEN,NO,NO,21
ESP,2023,ETRIWH,PTFTW50T66,AW100,C_C0,NOEARN_UNEMP_WO_CONBEN,NO,NO,33
ESP,2024,ETRIWH,PTFTW50T66,AW100,C_C0,NOEARN_UNEMP_WO_CONBEN,NO,NO,37
ESP,2025,ETRIWH,PTFTW50T66,AW100,C_C0,NOEARN_UNEMP_WO_CONBEN,NO,NO,38
SWE,2023,ETRIWH,PTFTW50T66,AW100,C_C0,NOEARN_UNEMP_WO_CONBEN,NO,NO,28
SWE,2024,ETRIWH,PTFTW50T66,AW100,C_C0,NOEARN_UNEMP_WO_CONBEN,NO,NO,27
SWE,2025,ETRIWH,PTFTW50T66,AW100,C_C0,NOEARN_UNEMP_WO_CONBEN,NO,NO,26
GBR,2023,ETRIWH,PTFTW50T66,AW100,C_C0,NOEARN_UNEMP_WO_CONBEN,NO,NO,32
GBR,2024,ETRIWH,PTFTW50T66,AW100,C_C0,NOEARN_UNEMP_WO_CONBEN,NO,NO,28
GBR,2025,ETRIWH,PTFTW50T66,AW100,C_C0,NOEARN_UNEMP_WO_CONBEN,NO,NO,28
USA,2023,ETRIWH,PTFTW50T66,AW100,C_C0,NOEARN_UNEMP_WO_CONBEN,NO,NO,24
USA,2024,ETRIWH,PTFTW50T66,AW100,C_C0,NOEARN_UNEMP_WO_CONBEN,NO,NO,24
USA,2025,ETRIWH,PTFTW50T66,AW100,C_C0,NOEARN_UNEMP_WO_CONBEN,NO,NO,24
OECD,2023,ETRIWH,PTFTW50T66,AW100,C_C0,NOEARN_UNEMP_WO_CONBEN,NO,NO,36
OECD,2024,ETRIWH,PTFTW50T66,AW100,C_C0,NOEARN_UNEMP_WO_CONBEN,NO,NO,37
OECD,2025,ETRIWH,PTFTW50T66,AW100,C_C0,NOEARN_UNEMP_WO_CONBEN,NO,NO,35
AUT,2023,ETRIWH,PTFTW50T66,AW100,C_C0,NOEARN_UNEMP_WO_CONBEN,NO,YES,44
AUT,2024,ETRIWH,PTFTW50T66,AW100,C_C0,NOEARN_UNEMP_WO_CONBEN,NO,YES,42
AUT,2025,ETRIWH,PTFTW50T66,AW100,C_C0,NOEARN_UNEMP_WO_CONBEN,NO,YES,42
BEL,2023,ETRIWH,PTFTW50T66,AW100,C_C0,NOEARN_UNEMP_WO_CONBEN,NO,YES,67
BEL,2024,ETRIWH,PTFTW50T66,AW100,C_C0,NOEARN_UNEMP_WO_CONBEN,NO,YES,68
BEL,2025,ETRIWH,PTFTW50T66,AW100,C_C0,NOEARN_UNEMP_WO_CONBEN,NO,YES,73
DNK,2023,ETRIWH,PTFTW50T66,AW100,C_C0,NOEARN_UNEMP_WO_CONBEN,NO,YES,39
DNK,2024,ETRIWH,PTFTW50T66,AW100,C_C0,NOEARN_UNEMP_WO_CONBEN,NO,YES,39
FRA,2023,ETRIWH,PTFTW50T66,AW100,C_C0,NOEARN_UNEMP_WO_CONBEN,NO,YES,52
FRA,2024,ETRIWH,PTFTW50T66,AW100,C_C0,NOEARN_UNEMP_WO_CONBEN,NO,YES,52
FRA,2025,ETRIWH,PTFTW50T66,AW100,C_C0,NOEARN_UNEMP_WO_CONBEN,NO,YES,52
DEU,2023,ETRIWH,PTFTW50T66,AW100,C_C0,NOEARN_UNEMP_WO_CONBEN,NO,YES,55
DEU,2024,ETRIWH,PTFTW50T66,AW100,C_C0,NOEARN_UNEMP_WO_CONBEN,NO,YES,49
DEU,2025,ETRIWH,PTFTW50T66,AW100,C_C0,NOEARN_UNEMP_WO_CONBEN,NO,YES,50
ITA,2023,ETRIWH,PTFTW50T66,AW100,C_C0,NOEARN_UNEMP_WO_CONBEN,NO,YES,55
ITA,2024,ETRIWH,PTFTW50T66,AW100,C_C0,NOEARN_UNEMP_WO_CONBEN,NO,YES,42
ITA,2025,ETRIWH,PTFTW50T66,AW100,C_C0,NOEARN_UNEMP_WO_CONBEN,NO,YES,36
NLD,2023,ETRIWH,PTFTW50T66,AW100,C_C0,NOEARN_UNEMP_WO_CONBEN,NO,YES,80
NLD,2024,ETRIWH,PTFTW50T66,AW100,C_C0,NOEARN_UNEMP_WO_CONBEN,NO,YES,80
POL,2023,ETRIWH,PTFTW50T66,AW100,C_C0,NOEARN_UNEMP_WO_CONBEN,NO,YES,74
POL,2024,ETRIWH,PTFTW50T66,AW100,C_C0,NOEARN_UNEMP_WO_CONBEN,NO,YES,74
POL,2025,ETRIWH,PTFTW50T66,AW100,C_C0,NOEARN_UNEMP_WO_CONBEN,NO,YES,74
ESP,2023,ETRIWH,PTFTW50T66,AW100,C_C0,NOEARN_UNEMP_WO_CONBEN,NO,YES,41
ESP,2024,ETRIWH,PTFTW50T66,AW100,C_C0,NOEARN_UNEMP_WO_CONBEN,NO,YES,41
ESP,2025,ETRIWH,PTFTW50T66,AW100,C_C0,NOEARN_UNEMP_WO_CONBEN,NO,YES,42
SWE,2023,ETRIWH,PTFTW50T66,AW100,C_C0,NOEARN_UNEMP_WO_CONBEN,NO,YES,28
SWE,2024,ETRIWH,PTFTW50T66,AW100,C_C0,NOEARN_UNEMP_WO_CONBEN,NO,YES,27
SWE,2025,ETRIWH,PTFTW50T66,AW100,C_C0,NOEARN_UNEMP_WO_CONBEN,NO,YES,26
GBR,2023,ETRIWH,PTFTW50T66,AW100,C_C0,NOEARN_UNEMP_WO_CONBEN,NO,YES,69
GBR,2024,ETRIWH,PTFTW50T66,AW100,C_C0,NOEARN_UNEMP_WO_CONBEN,NO,YES,68
GBR,2025,ETRIWH,PTFTW50T66,AW100,C_C0,NOEARN_UNEMP_WO_CONBEN,NO,YES,68
USA,2023,ETRIWH,PTFTW50T66,AW100,C_C0,NOEARN_UNEMP_WO_CONBEN,NO,YES,24
USA,2024,ETRIWH,PTFTW50T66,AW100,C_C0,NOEARN_UNEMP_WO_CONBEN,NO,YES,24
USA,2025,ETRIWH,PTFTW50T66,AW100,C_C0,NOEARN_UNEMP_WO_CONBEN,NO,YES,24
OECD,2023,ETRIWH,PTFTW50T66,AW100,C_C0,NOEARN_UNEMP_WO_CONBEN,NO,YES,47
OECD,2024,ETRIWH,PTFTW50T66,AW100,C_C0,NOEARN_UNEMP_WO_CONBEN,NO,YES,46
OECD,2025,ETRIWH,PTFTW50T66,AW100,C_C0,NOEARN_UNEMP_WO_CONBEN,NO,YES,43
AUT,2023,ETRIWH,PTFTW50T66,AW100,C_C0,NOEARN_UNEMP_WO_CONBEN,YES,NO,44
AUT,2024,ETRIWH,PTFTW50T66,AW100,C_C0,NOEARN_UNEMP_WO_CONBEN,YES,NO,42
AUT,2025,ETRIWH,PTFTW50T66,AW100,C_C0,NOEARN_UNEMP_WO_CONBEN,YES,NO,42
BEL,2023,ETRIWH,PTFTW50T66,AW100,C_C0,NOEARN_UNEMP_WO_CONBEN,YES,NO,67
BEL,2024,ETRIWH,PTFTW50T66,AW100,C_C0,NOEARN_UNEMP_WO_CONBEN,YES,NO,68
BEL,2025,ETRIWH,PTFTW50T66,AW100,C_C0,NOEARN_UNEMP_WO_CONBEN,YES,NO,73
DNK,2023,ETRIWH,PTFTW50T66,AW100,C_C0,NOEARN_UNEMP_WO_CONBEN,YES,NO,90
DNK,2024,ETRIWH,PTFTW50T66,AW100,C_C0,NOEARN_UNEMP_WO_CONBEN,YES,NO,90
FRA,2023,ETRIWH,PTFTW50T66,AW100,C_C0,NOEARN_UNEMP_WO_CONBEN,YES,NO,52
FRA,2024,ETRIWH,PTFTW50T66,AW100,C_C0,NOEARN_UNEMP_WO_CONBEN,YES,NO,52
FRA,2025,ETRIWH,PTFTW50T66,AW100,C_C0,NOEARN_UNEMP_WO_CONBEN,YES,NO,52
DEU,2023,ETRIWH,PTFTW50T66,AW100,C_C0,NOEARN_UNEMP_WO_CONBEN,YES,NO,37
DEU,2024,ETRIWH,PTFTW50T66,AW100,C_C0,NOEARN_UNEMP_WO_CONBEN,YES,NO,37
DEU,2025,ETRIWH,PTFTW50T66,AW100,C_C0,NOEARN_UNEMP_WO_CONBEN,YES,NO,37
ITA,2023,ETRIWH,PTFTW50T66,AW100,C_C0,NOEARN_UNEMP_WO_CONBEN,YES,NO,48
ITA,2024,ETRIWH,PTFTW50T66,AW100,C_C0,NOEARN_UNEMP_WO_CONBEN,YES,NO,42
ITA,2025,ETRIWH,PTFTW50T66,AW100,C_C0,NOEARN_UNEMP_WO_CONBEN,YES,NO,36
NLD,2023,ETRIWH,PTFTW50T66,AW100,C_C0,NOEARN_UNEMP_WO_CONBEN,YES,NO,59
NLD,2024,ETRIWH,PTFTW50T66,AW100,C_C0,NOEARN_UNEMP_WO_CONBEN,YES,NO,60
POL,2023,ETRIWH,PTFTW50T66,AW100,C_C0,NOEARN_UNEMP_WO_CONBEN,YES,NO,21
POL,2024,ETRIWH,PTFTW50T66,AW100,C_C0,NOEARN_UNEMP_WO_CONBEN,YES,NO,21
POL,2025,ETRIWH,PTFTW50T66,AW100,C_C0,NOEARN_UNEMP_WO_CONBEN,YES,NO,21
ESP,2023,ETRIWH,PTFTW50T66,AW100,C_C0,NOEARN_UNEMP_WO_CONBEN,YES,NO,33
ESP,2024,ETRIWH,PTFTW50T66,AW100,C_C0,NOEARN_UNEMP_WO_CONBEN,YES,NO,37
ESP,2025,ETRIWH,PTFTW50T66,AW100,C_C0,NOEARN_UNEMP_WO_CONBEN,YES,NO,38
SWE,2023,ETRIWH,PTFTW50T66,AW100,C_C0,NOEARN_UNEMP_WO_CONBEN,YES,NO,28
SWE,2024,ETRIWH,PTFTW50T66,AW100,C_C0,NOEARN_UNEMP_WO_CONBEN,YES,NO,27
SWE,2025,ETRIWH,PTFTW50T66,AW100,C_C0,NOEARN_UNEMP_WO_CONBEN,YES,NO,26
GBR,2023,ETRIWH,PTFTW50T66,AW100,C_C0,NOEARN_UNEMP_WO_CONBEN,YES,NO,32
GBR,2024,ETRIWH,PTFTW50T66,AW100,C_C0,NOEARN_UNEMP_WO_CONBEN,YES,NO,28
GBR,2025,ETRIWH,PTFTW50T66,AW100,C_C0,NOEARN_UNEMP_WO_CONBEN,YES,NO,28
USA,2023,ETRIWH,PTFTW50T66,AW100,C_C0,NOEARN_UNEMP_WO_CONBEN,YES,NO,24
USA,2024,ETRIWH,PTFTW50T66,AW100,C_C0,NOEARN_UNEMP_WO_CONBEN,YES,NO,24
USA,2025,ETRIWH,PTFTW50T66,AW100,C_C0,NOEARN_UNEMP_WO_CONBEN,YES,NO,24
OECD,2023,ETRIWH,PTFTW50T66,AW100,C_C0,NOEARN_UNEMP_WO_CONBEN,YES,NO,41
OECD,2024,ETRIWH,PTFTW50T66,AW100,C_C0,NOEARN_UNEMP_WO_CONBEN,YES,NO,42
OECD,2025,ETRIWH,PTFTW50T66,AW100,C_C0,NOEARN_UNEMP_WO_CONBEN,YES,NO,39
AUT,2023,ETRIWH,PTFTW50T66,AW100,C_C0,NOEARN_UNEMP_WO_CONBEN,YES,YES,44
AUT,2024,ETRIWH,PTFTW50T66,AW100,C_C0,NOEARN_UNEMP_WO_CONBEN,YES,YES,42
AUT,2025,ETRIWH,PTFTW50T66,AW100,C_C0,NOEARN_UNEMP_WO_CONBEN,YES,YES,42
BEL,2023,ETRIWH,PTFTW50T66,AW100,C_C0,NOEARN_UNEMP_WO_CONBEN,YES,YES,67
BEL,2024,ETRIWH,PTFTW50T66,AW100,C_C0,NOEARN_UNEMP_WO_CONBEN,YES,YES,68
BEL,2025,ETRIWH,PTFTW50T66,AW100,C_C0,NOEARN_UNEMP_WO_CONBEN,YES,YES,73
DNK,2023,ETRIWH,PTFTW50T66,AW100,C_C0,NOEARN_UNEMP_WO_CONBEN,YES,YES,90
DNK,2024,ETRIWH,PTFTW50T66,AW100,C_C0,NOEARN_UNEMP_WO_CONBEN,YES,YES,90
FRA,2023,ETRIWH,PTFTW50T66,AW100,C_C0,NOEARN_UNEMP_WO_CONBEN,YES,YES,52
FRA,2024,ETRIWH,PTFTW50T66,AW100,C_C0,NOEARN_UNEMP_WO_CONBEN,YES,YES,52
FRA,2025,ETRIWH,PTFTW50T66,AW100,C_C0,NOEARN_UNEMP_WO_CONBEN,YES,YES,52
DEU,2023,ETRIWH,PTFTW50T66,AW100,C_C0,NOEARN_UNEMP_WO_CONBEN,YES,YES,55
DEU,2024,ETRIWH,PTFTW50T66,AW100,C_C0,NOEARN_UNEMP_WO_CONBEN,YES,YES,49
DEU,2025,ETRIWH,PTFTW50T66,AW100,C_C0,NOEARN_UNEMP_WO_CONBEN,YES,YES,50
ITA,2023,ETRIWH,PTFTW50T66,AW100,C_C0,NOEARN_UNEMP_WO_CONBEN,YES,YES,55
ITA,2024,ETRIWH,PTFTW50T66,AW100,C_C0,NOEARN_UNEMP_WO_CONBEN,YES,YES,42
ITA,2025,ETRIWH,PTFTW50T66,AW100,C_C0,NOEARN_UNEMP_WO_CONBEN,YES,YES,36
NLD,2023,ETRIWH,PTFTW50T66,AW100,C_C0,NOEARN_UNEMP_WO_CONBEN,YES,YES,80
NLD,2024,ETRIWH,PTFTW50T66,AW100,C_C0,NOEARN_UNEMP_WO_CONBEN,YES,YES,80
POL,2023,ETRIWH,PTFTW50T66,AW100,C_C0,NOEARN_UNEMP_WO_CONBEN,YES,YES,74
POL,2024,ETRIWH,PTFTW50T66,AW100,C_C0,NOEARN_UNEMP_WO_CONBEN,YES,YES,74
POL,2025,ETRIWH,PTFTW50T66,AW100,C_C0,NOEARN_UNEMP_WO_CONBEN,YES,YES,74
ESP,2023,ETRIWH,PTFTW50T66,AW100,C_C0,NOEARN_UNEMP_WO_CONBEN,YES,YES,41
ESP,2024,ETRIWH,PTFTW50T66,AW100,C_C0,NOEARN_UNEMP_WO_CONBEN,YES,YES,41
ESP,2025,ETRIWH,PTFTW50T66,AW100,C_C0,NOEARN_UNEMP_WO_CONBEN,YES,YES,42
SWE,2023,ETRIWH,PTFTW50T66,AW100,C_C0,NOEARN_UNEMP_WO_CONBEN,YES,YES,28
SWE,2024,ETRIWH,PTFTW50T66,AW100,C_C0,NOEARN_UNEMP_WO_CONBEN,YES,YES,27
SWE,2025,ETRIWH,PTFTW50T66,AW100,C_C0,NOEARN_UNEMP_WO_CONBEN,YES,YES,26
GBR,2023,ETRIWH,PTFTW50T66,AW100,C_C0,NOEARN_UNEMP_WO_CONBEN,YES,YES,69
GBR,2024,ETRIWH,PTFTW50T66,AW100,C_C0,NOEARN_UNEMP_WO_CONBEN,YES,YES,68
GBR,2025,ETRIWH,PTFTW50T66,AW100,C_C0,NOEARN_UNEMP_WO_CONBEN,YES,YES,68
USA,2023,ETRIWH,PTFTW50T66,AW100,C_C0,NOEARN_UNEMP_WO_CONBEN,YES,YES,24
USA,2024,ETRIWH,PTFTW50T66,AW100,C_C0,NOEARN_UNEMP_WO_CONBEN,YES,YES,24
USA,2025,ETRIWH,PTFTW50T66,AW100,C_C0,NOEARN_UNEMP_WO_CONBEN,YES,YES,24
OECD,2023,ETRIWH,PTFTW50T66,AW100,C_C0,NOEARN_UNEMP_WO_CONBEN,YES,YES,54
OECD,2024,ETRIWH,PTFTW50T66,AW100,C_C0,NOEARN_UNEMP_WO_CONBEN,YES,YES,53
OECD,2025,ETRIWH,PTFTW50T66,AW100,C_C0,NOEARN_UNEMP_WO_CONBEN,YES,YES,47
AUT,2023,ETRIWH,PTFTW33T67,AW100,C_C0,NOEARN_UNEMP_WO_CONBEN,NO,NO,42
AUT,2024,ETRIWH,PTFTW33T67,AW100,C_C0,NOEARN_UNEMP_WO_CONBEN,NO,NO,42
AUT,2025,ETRIWH,PTFTW33T67,AW100,C_C0,NOEARN_UNEMP_WO_CONBEN,NO,NO,42
BEL,2023,ETRIWH,PTFTW33T67,AW100,C_C0,NOEARN_UNEMP_WO_CONBEN,NO,NO,41
BEL,2024,ETRIWH,PTFTW33T67,AW100,C_C0,NOEARN_UNEMP_WO_CONBEN,NO,NO,41
BEL,2025,ETRIWH,PTFTW33T67,AW100,C_C0,NOEARN_UNEMP_WO_CONBEN,NO,NO,44
DNK,2023,ETRIWH,PTFTW33T67,AW100,C_C0,NOEARN_UNEMP_WO_CONBEN,NO,NO,39
DNK,2024,ETRIWH,PTFTW33T67,AW100,C_C0,NOEARN_UNEMP_WO_CONBEN,NO,NO,39
FRA,2023,ETRIWH,PTFTW33T67,AW100,C_C0,NOEARN_UNEMP_WO_CONBEN,NO,NO,44
FRA,2024,ETRIWH,PTFTW33T67,AW100,C_C0,NOEARN_UNEMP_WO_CONBEN,NO,NO,44
FRA,2025,ETRIWH,PTFTW33T67,AW100,C_C0,NOEARN_UNEMP_WO_CONBEN,NO,NO,43
DEU,2023,ETRIWH,PTFTW33T67,AW100,C_C0,NOEARN_UNEMP_WO_CONBEN,NO,NO,30
DEU,2024,ETRIWH,PTFTW33T67,AW100,C_C0,NOEARN_UNEMP_WO_CONBEN,NO,NO,30
DEU,2025,ETRIWH,PTFTW33T67,AW100,C_C0,NOEARN_UNEMP_WO_CONBEN,NO,NO,30
ITA,2023,ETRIWH,PTFTW33T67,AW100,C_C0,NOEARN_UNEMP_WO_CONBEN,NO,NO,42
ITA,2024,ETRIWH,PTFTW33T67,AW100,C_C0,NOEARN_UNEMP_WO_CONBEN,NO,NO,40
ITA,2025,ETRIWH,PTFTW33T67,AW100,C_C0,NOEARN_UNEMP_WO_CONBEN,NO,NO,33
NLD,2023,ETRIWH,PTFTW33T67,AW100,C_C0,NOEARN_UNEMP_WO_CONBEN,NO,NO,50
NLD,2024,ETRIWH,PTFTW33T67,AW100,C_C0,NOEARN_UNEMP_WO_CONBEN,NO,NO,51
POL,2023,ETRIWH,PTFTW33T67,AW100,C_C0,NOEARN_UNEMP_WO_CONBEN,NO,NO,21
POL,2024,ETRIWH,PTFTW33T67,AW100,C_C0,NOEARN_UNEMP_WO_CONBEN,NO,NO,21
POL,2025,ETRIWH,PTFTW33T67,AW100,C_C0,NOEARN_UNEMP_WO_CONBEN,NO,NO,21
ESP,2023,ETRIWH,PTFTW33T67,AW100,C_C0,NOEARN_UNEMP_WO_CONBEN,NO,NO,20
ESP,2024,ETRIWH,PTFTW33T67,AW100,C_C0,NOEARN_UNEMP_WO_CONBEN,NO,NO,22
ESP,2025,ETRIWH,PTFTW33T67,AW100,C_C0,NOEARN_UNEMP_WO_CONBEN,NO,NO,23
SWE,2023,ETRIWH,PTFTW33T67,AW100,C_C0,NOEARN_UNEMP_WO_CONBEN,NO,NO,28
SWE,2024,ETRIWH,PTFTW33T67,AW100,C_C0,NOEARN_UNEMP_WO_CONBEN,NO,NO,27
SWE,2025,ETRIWH,PTFTW33T67,AW100,C_C0,NOEARN_UNEMP_WO_CONBEN,NO,NO,26
GBR,2023,ETRIWH,PTFTW33T67,AW100,C_C0,NOEARN_UNEMP_WO_CONBEN,NO,NO,32
GBR,2024,ETRIWH,PTFTW33T67,AW100,C_C0,NOEARN_UNEMP_WO_CONBEN,NO,NO,28
GBR,2025,ETRIWH,PTFTW33T67,AW100,C_C0,NOEARN_UNEMP_WO_CONBEN,NO,NO,28
USA,2023,ETRIWH,PTFTW33T67,AW100,C_C0,NOEARN_UNEMP_WO_CONBEN,NO,NO,22
USA,2024,ETRIWH,PTFTW33T67,AW100,C_C0,NOEARN_UNEMP_WO_CONBEN,NO,NO,23
USA,2025,ETRIWH,PTFTW33T67,AW100,C_C0,NOEARN_UNEMP_WO_CONBEN,NO,NO,23
OECD,2023,ETRIWH,PTFTW33T67,AW100,C_C0,NOEARN_UNEMP_WO_CONBEN,NO,NO,32
OECD,2024,ETRIWH,PTFTW33T67,AW100,C_C0,NOEARN_UNEMP_WO_CONBEN,NO,NO,32
OECD,2025,ETRIWH,PTFTW33T67,AW100,C_C0,NOEARN_UNEMP_WO_CONBEN,NO,NO,31
AUT,2023,ETRIWH,PTFTW33T67,AW100,C_C0,NOEARN_UNEMP_WO_CONBEN,NO,YES,42
AUT,2024,ETRIWH,PTFTW33T67,AW100,C_C0,NOEARN_UNEMP_WO_CONBEN,NO,YES,42
AUT,2025,ETRIWH,PTFTW33T67,AW100,C_C0,NOEARN_UNEMP_WO_CONBEN,NO,YES,42
BEL,2023,ETRIWH,PTFTW33T67,AW100,C_C0,NOEARN_UNEMP_WO_CONBEN,NO,YES,41
BEL,2024,ETRIWH,PTFTW33T67,AW100,C_C0,NOEARN_UNEMP_WO_CONBEN,NO,YES,41
BEL,2025,ETRIWH,PTFTW33T67,AW100,C_C0,NOEARN_UNEMP_WO_CONBEN,NO,YES,44
DNK,2023,ETRIWH,PTFTW33T67,AW100,C_C0,NOEARN_UNEMP_WO_CONBEN,NO,YES,39
DNK,2024,ETRIWH,PTFTW33T67,AW100,C_C0,NOEARN_UNEMP_WO_CONBEN,NO,YES,39
FRA,2023,ETRIWH,PTFTW33T67,AW100,C_C0,NOEARN_UNEMP_WO_CONBEN,NO,YES,50
FRA,2024,ETRIWH,PTFTW33T67,AW100,C_C0,NOEARN_UNEMP_WO_CONBEN,NO,YES,51
FRA,2025,ETRIWH,PTFTW33T67,AW100,C_C0,NOEARN_UNEMP_WO_CONBEN,NO,YES,50
DEU,2023,ETRIWH,PTFTW33T67,AW100,C_C0,NOEARN_UNEMP_WO_CONBEN,NO,YES,52
DEU,2024,ETRIWH,PTFTW33T67,AW100,C_C0,NOEARN_UNEMP_WO_CONBEN,NO,YES,49
DEU,2025,ETRIWH,PTFTW33T67,AW100,C_C0,NOEARN_UNEMP_WO_CONBEN,NO,YES,49
ITA,2023,ETRIWH,PTFTW33T67,AW100,C_C0,NOEARN_UNEMP_WO_CONBEN,NO,YES,44
ITA,2024,ETRIWH,PTFTW33T67,AW100,C_C0,NOEARN_UNEMP_WO_CONBEN,NO,YES,41
ITA,2025,ETRIWH,PTFTW33T67,AW100,C_C0,NOEARN_UNEMP_WO_CONBEN,NO,YES,35
NLD,2023,ETRIWH,PTFTW33T67,AW100,C_C0,NOEARN_UNEMP_WO_CONBEN,NO,YES,65
NLD,2024,ETRIWH,PTFTW33T67,AW100,C_C0,NOEARN_UNEMP_WO_CONBEN,NO,YES,67
POL,2023,ETRIWH,PTFTW33T67,AW100,C_C0,NOEARN_UNEMP_WO_CONBEN,NO,YES,57
POL,2024,ETRIWH,PTFTW33T67,AW100,C_C0,NOEARN_UNEMP_WO_CONBEN,NO,YES,57
POL,2025,ETRIWH,PTFTW33T67,AW100,C_C0,NOEARN_UNEMP_WO_CONBEN,NO,YES,57
ESP,2023,ETRIWH,PTFTW33T67,AW100,C_C0,NOEARN_UNEMP_WO_CONBEN,NO,YES,28
ESP,2024,ETRIWH,PTFTW33T67,AW100,C_C0,NOEARN_UNEMP_WO_CONBEN,NO,YES,29
ESP,2025,ETRIWH,PTFTW33T67,AW100,C_C0,NOEARN_UNEMP_WO_CONBEN,NO,YES,29
SWE,2023,ETRIWH,PTFTW33T67,AW100,C_C0,NOEARN_UNEMP_WO_CONBEN,NO,YES,28
SWE,2024,ETRIWH,PTFTW33T67,AW100,C_C0,NOEARN_UNEMP_WO_CONBEN,NO,YES,27
SWE,2025,ETRIWH,PTFTW33T67,AW100,C_C0,NOEARN_UNEMP_WO_CONBEN,NO,YES,26
GBR,2023,ETRIWH,PTFTW33T67,AW100,C_C0,NOEARN_UNEMP_WO_CONBEN,NO,YES,69
GBR,2024,ETRIWH,PTFTW33T67,AW100,C_C0,NOEARN_UNEMP_WO_CONBEN,NO,YES,68
GBR,2025,ETRIWH,PTFTW33T67,AW100,C_C0,NOEARN_UNEMP_WO_CONBEN,NO,YES,68
USA,2023,ETRIWH,PTFTW33T67,AW100,C_C0,NOEARN_UNEMP_WO_CONBEN,NO,YES,22
USA,2024,ETRIWH,PTFTW33T67,AW100,C_C0,NOEARN_UNEMP_WO_CONBEN,NO,YES,23
USA,2025,ETRIWH,PTFTW33T67,AW100,C_C0,NOEARN_UNEMP_WO_CONBEN,NO,YES,23
OECD,2023,ETRIWH,PTFTW33T67,AW100,C_C0,NOEARN_UNEMP_WO_CONBEN,NO,YES,40
OECD,2024,ETRIWH,PTFTW33T67,AW100,C_C0,NOEARN_UNEMP_WO_CONBEN,NO,YES,41
OECD,2025,ETRIWH,PTFTW33T67,AW100,C_C0,NOEARN_UNEMP_WO_CONBEN,NO,YES,39
AUT,2023,ETRIWH,PTFTW33T67,AW100,C_C0,NOEARN_UNEMP_WO_CONBEN,YES,YES,55
AUT,2024,ETRIWH,PTFTW33T67,AW100,C_C0,NOEARN_UNEMP_WO_CONBEN,YES,YES,48
AUT,2025,ETRIWH,PTFTW33T67,AW100,C_C0,NOEARN_UNEMP_WO_CONBEN,YES,YES,52
BEL,2023,ETRIWH,PTFTW33T67,AW100,C_C0,NOEARN_UNEMP_WO_CONBEN,YES,YES,41
BEL,2024,ETRIWH,PTFTW33T67,AW100,C_C0,NOEARN_UNEMP_WO_CONBEN,YES,YES,46
BEL,2025,ETRIWH,PTFTW33T67,AW100,C_C0,NOEARN_UNEMP_WO_CONBEN,YES,YES,49
DNK,2023,ETRIWH,PTFTW33T67,AW100,C_C0,NOEARN_UNEMP_WO_CONBEN,YES,YES,81
DNK,2024,ETRIWH,PTFTW33T67,AW100,C_C0,NOEARN_UNEMP_WO_CONBEN,YES,YES,79
FRA,2023,ETRIWH,PTFTW33T67,AW100,C_C0,NOEARN_UNEMP_WO_CONBEN,YES,YES,50
FRA,2024,ETRIWH,PTFTW33T67,AW100,C_C0,NOEARN_UNEMP_WO_CONBEN,YES,YES,51
FRA,2025,ETRIWH,PTFTW33T67,AW100,C_C0,NOEARN_UNEMP_WO_CONBEN,YES,YES,50
DEU,2023,ETRIWH,PTFTW33T67,AW100,C_C0,NOEARN_UNEMP_WO_CONBEN,YES,YES,58
DEU,2024,ETRIWH,PTFTW33T67,AW100,C_C0,NOEARN_UNEMP_WO_CONBEN,YES,YES,62
DEU,2025,ETRIWH,PTFTW33T67,AW100,C_C0,NOEARN_UNEMP_WO_CONBEN,YES,YES,59
ITA,2023,ETRIWH,PTFTW33T67,AW100,C_C0,NOEARN_UNEMP_WO_CONBEN,YES,YES,49
ITA,2024,ETRIWH,PTFTW33T67,AW100,C_C0,NOEARN_UNEMP_WO_CONBEN,YES,YES,41
ITA,2025,ETRIWH,PTFTW33T67,AW100,C_C0,NOEARN_UNEMP_WO_CONBEN,YES,YES,35
NLD,2023,ETRIWH,PTFTW33T67,AW100,C_C0,NOEARN_UNEMP_WO_CONBEN,YES,YES,71
NLD,2024,ETRIWH,PTFTW33T67,AW100,C_C0,NOEARN_UNEMP_WO_CONBEN,YES,YES,74
POL,2023,ETRIWH,PTFTW33T67,AW100,C_C0,NOEARN_UNEMP_WO_CONBEN,YES,YES,57
POL,2024,ETRIWH,PTFTW33T67,AW100,C_C0,NOEARN_UNEMP_WO_CONBEN,YES,YES,57
POL,2025,ETRIWH,PTFTW33T67,AW100,C_C0,NOEARN_UNEMP_WO_CONBEN,YES,YES,57
ESP,2023,ETRIWH,PTFTW33T67,AW100,C_C0,NOEARN_UNEMP_WO_CONBEN,YES,YES,28
ESP,2024,ETRIWH,PTFTW33T67,AW100,C_C0,NOEARN_UNEMP_WO_CONBEN,YES,YES,29
ESP,2025,ETRIWH,PTFTW33T67,AW100,C_C0,NOEARN_UNEMP_WO_CONBEN,YES,YES,32
SWE,2023,ETRIWH,PTFTW33T67,AW100,C_C0,NOEARN_UNEMP_WO_CONBEN,YES,YES,56
SWE,2024,ETRIWH,PTFTW33T67,AW100,C_C0,NOEARN_UNEMP_WO_CONBEN,YES,YES,56
SWE,2025,ETRIWH,PTFTW33T67,AW100,C_C0,NOEARN_UNEMP_WO_CONBEN,YES,YES,55
GBR,2023,ETRIWH,PTFTW33T67,AW100,C_C0,NOEARN_UNEMP_WO_CONBEN,YES,YES,69
GBR,2024,ETRIWH,PTFTW33T67,AW100,C_C0,NOEARN_UNEMP_WO_CONBEN,YES,YES,68
GBR,2025,ETRIWH,PTFTW33T67,AW100,C_C0,NOEARN_UNEMP_WO_CONBEN,YES,YES,68
USA,2023,ETRIWH,PTFTW33T67,AW100,C_C0,NOEARN_UNEMP_WO_CONBEN,YES,YES,37
USA,2024,ETRIWH,PTFTW33T67,AW100,C_C0,NOEARN_UNEMP_WO_CONBEN,YES,YES,37
USA,2025,ETRIWH,PTFTW33T67,AW100,C_C0,NOEARN_UNEMP_WO_CONBEN,YES,YES,36
OECD,2023,ETRIWH,PTFTW33T67,AW100,C_C0,NOEARN_UNEMP_WO_CONBEN,YES,YES,53
OECD,2024,ETRIWH,PTFTW33T67,AW100,C_C0,NOEARN_UNEMP_WO_CONBEN,YES,YES,53
OECD,2025,ETRIWH,PTFTW33T67,AW100,C_C0,NOEARN_UNEMP_WO_CONBEN,YES,YES,50
AUT,2023,ETRIWH,PTFTW33T67,AW100,C_C0,NOEARN_UNEMP_WO_CONBEN,YES,NO,42
AUT,2024,ETRIWH,PTFTW33T67,AW100,C_C0,NOEARN_UNEMP_WO_CONBEN,YES,NO,42
AUT,2025,ETRIWH,PTFTW33T67,AW100,C_C0,NOEARN_UNEMP_WO_CONBEN,YES,NO,42
BEL,2023,ETRIWH,PTFTW33T67,AW100,C_C0,NOEARN_UNEMP_WO_CONBEN,YES,NO,41
BEL,2024,ETRIWH,PTFTW33T67,AW100,C_C0,NOEARN_UNEMP_WO_CONBEN,YES,NO,46
BEL,2025,ETRIWH,PTFTW33T67,AW100,C_C0,NOEARN_UNEMP_WO_CONBEN,YES,NO,49
DNK,2023,ETRIWH,PTFTW33T67,AW100,C_C0,NOEARN_UNEMP_WO_CONBEN,YES,NO,92
DNK,2024,ETRIWH,PTFTW33T67,AW100,C_C0,NOEARN_UNEMP_WO_CONBEN,YES,NO,92
FRA,2023,ETRIWH,PTFTW33T67,AW100,C_C0,NOEARN_UNEMP_WO_CONBEN,YES,NO,44
FRA,2024,ETRIWH,PTFTW33T67,AW100,C_C0,NOEARN_UNEMP_WO_CONBEN,YES,NO,44
FRA,2025,ETRIWH,PTFTW33T67,AW100,C_C0,NOEARN_UNEMP_WO_CONBEN,YES,NO,43
DEU,2023,ETRIWH,PTFTW33T67,AW100,C_C0,NOEARN_UNEMP_WO_CONBEN,YES,NO,30
DEU,2024,ETRIWH,PTFTW33T67,AW100,C_C0,NOEARN_UNEMP_WO_CONBEN,YES,NO,30
DEU,2025,ETRIWH,PTFTW33T67,AW100,C_C0,NOEARN_UNEMP_WO_CONBEN,YES,NO,30
ITA,2023,ETRIWH,PTFTW33T67,AW100,C_C0,NOEARN_UNEMP_WO_CONBEN,YES,NO,42
ITA,2024,ETRIWH,PTFTW33T67,AW100,C_C0,NOEARN_UNEMP_WO_CONBEN,YES,NO,40
ITA,2025,ETRIWH,PTFTW33T67,AW100,C_C0,NOEARN_UNEMP_WO_CONBEN,YES,NO,33
NLD,2023,ETRIWH,PTFTW33T67,AW100,C_C0,NOEARN_UNEMP_WO_CONBEN,YES,NO,56
NLD,2024,ETRIWH,PTFTW33T67,AW100,C_C0,NOEARN_UNEMP_WO_CONBEN,YES,NO,58
POL,2023,ETRIWH,PTFTW33T67,AW100,C_C0,NOEARN_UNEMP_WO_CONBEN,YES,NO,21
POL,2024,ETRIWH,PTFTW33T67,AW100,C_C0,NOEARN_UNEMP_WO_CONBEN,YES,NO,21
POL,2025,ETRIWH,PTFTW33T67,AW100,C_C0,NOEARN_UNEMP_WO_CONBEN,YES,NO,21
ESP,2023,ETRIWH,PTFTW33T67,AW100,C_C0,NOEARN_UNEMP_WO_CONBEN,YES,NO,20
ESP,2024,ETRIWH,PTFTW33T67,AW100,C_C0,NOEARN_UNEMP_WO_CONBEN,YES,NO,22
ESP,2025,ETRIWH,PTFTW33T67,AW100,C_C0,NOEARN_UNEMP_WO_CONBEN,YES,NO,25
SWE,2023,ETRIWH,PTFTW33T67,AW100,C_C0,NOEARN_UNEMP_WO_CONBEN,YES,NO,28
SWE,2024,ETRIWH,PTFTW33T67,AW100,C_C0,NOEARN_UNEMP_WO_CONBEN,YES,NO,27
SWE,2025,ETRIWH,PTFTW33T67,AW100,C_C0,NOEARN_UNEMP_WO_CONBEN,YES,NO,26
GBR,2023,ETRIWH,PTFTW33T67,AW100,C_C0,NOEARN_UNEMP_WO_CONBEN,YES,NO,32
GBR,2024,ETRIWH,PTFTW33T67,AW100,C_C0,NOEARN_UNEMP_WO_CONBEN,YES,NO,28
GBR,2025,ETRIWH,PTFTW33T67,AW100,C_C0,NOEARN_UNEMP_WO_CONBEN,YES,NO,28
USA,2023,ETRIWH,PTFTW33T67,AW100,C_C0,NOEARN_UNEMP_WO_CONBEN,YES,NO,29
USA,2024,ETRIWH,PTFTW33T67,AW100,C_C0,NOEARN_UNEMP_WO_CONBEN,YES,NO,29
USA,2025,ETRIWH,PTFTW33T67,AW100,C_C0,NOEARN_UNEMP_WO_CONBEN,YES,NO,28
OECD,2023,ETRIWH,PTFTW33T67,AW100,C_C0,NOEARN_UNEMP_WO_CONBEN,YES,NO,39
OECD,2024,ETRIWH,PTFTW33T67,AW100,C_C0,NOEARN_UNEMP_WO_CONBEN,YES,NO,40
OECD,2025,ETRIWH,PTFTW33T67,AW100,C_C0,NOEARN_UNEMP_WO_CONBEN,YES,NO,37
AUT,2023,ETRIWH,PTFTW50T66,AW67,C_C0,NOEARN_UNEMP_WO_CONBEN,YES,YES,74
AUT,2024,ETRIWH,PTFTW50T66,AW67,C_C0,NOEARN_UNEMP_WO_CONBEN,YES,YES,58
AUT,2025,ETRIWH,PTFTW50T66,AW67,C_C0,NOEARN_UNEMP_WO_CONBEN,YES,YES,66
BEL,2023,ETRIWH,PTFTW50T66,AW67,C_C0,NOEARN_UNEMP_WO_CONBEN,YES,YES,3
BEL,2024,ETRIWH,PTFTW50T66,AW67,C_C0,NOEARN_UNEMP_WO_CONBEN,YES,YES,12
BEL,2025,ETRIWH,PTFTW50T66,AW67,C_C0,NOEARN_UNEMP_WO_CONBEN,YES,YES,16
DNK,2023,ETRIWH,PTFTW50T66,AW67,C_C0,NOEARN_UNEMP_WO_CONBEN,YES,YES,59
DNK,2024,ETRIWH,PTFTW50T66,AW67,C_C0,NOEARN_UNEMP_WO_CONBEN,YES,YES,55
FRA,2023,ETRIWH,PTFTW50T66,AW67,C_C0,NOEARN_UNEMP_WO_CONBEN,YES,YES,50
FRA,2024,ETRIWH,PTFTW50T66,AW67,C_C0,NOEARN_UNEMP_WO_CONBEN,YES,YES,52
FRA,2025,ETRIWH,PTFTW50T66,AW67,C_C0,NOEARN_UNEMP_WO_CONBEN,YES,YES,51
DEU,2023,ETRIWH,PTFTW50T66,AW67,C_C0,NOEARN_UNEMP_WO_CONBEN,YES,YES,78
DEU,2025,ETRIWH,PTFTW50T66,AW67,C_C0,NOEARN_UNEMP_WO_CONBEN,YES,YES,88
ITA,2023,ETRIWH,PTFTW50T66,AW67,C_C0,NOEARN_UNEMP_WO_CONBEN,YES,YES,41
ITA,2024,ETRIWH,PTFTW50T66,AW67,C_C0,NOEARN_UNEMP_WO_CONBEN,YES,YES,31
ITA,2025,ETRIWH,PTFTW50T66,AW67,C_C0,NOEARN_UNEMP_WO_CONBEN,YES,YES,9
NLD,2023,ETRIWH,PTFTW50T66,AW67,C_C0,NOEARN_UNEMP_WO_CONBEN,YES,YES,53
NLD,2024,ETRIWH,PTFTW50T66,AW67,C_C0,NOEARN_UNEMP_WO_CONBEN,YES,YES,63
POL,2023,ETRIWH,PTFTW50T66,AW67,C_C0,NOEARN_UNEMP_WO_CONBEN,YES,YES,42
POL,2024,ETRIWH,PTFTW50T66,AW67,C_C0,NOEARN_UNEMP_WO_CONBEN,YES,YES,32
POL,2025,ETRIWH,PTFTW50T66,AW67,C_C0,NOEARN_UNEMP_WO_CONBEN,YES,YES,32
ESP,2023,ETRIWH,PTFTW50T66,AW67,C_C0,NOEARN_UNEMP_WO_CONBEN,YES,YES,13
ESP,2024,ETRIWH,PTFTW50T66,AW67,C_C0,NOEARN_UNEMP_WO_CONBEN,YES,YES,14
ESP,2025,ETRIWH,PTFTW50T66,AW67,C_C0,NOEARN_UNEMP_WO_CONBEN,YES,YES,16
GBR,2023,ETRIWH,PTFTW50T66,AW67,C_C0,NOEARN_UNEMP_WO_CONBEN,YES,YES,69
GBR,2024,ETRIWH,PTFTW50T66,AW67,C_C0,NOEARN_UNEMP_WO_CONBEN,YES,YES,68
GBR,2025,ETRIWH,PTFTW50T66,AW67,C_C0,NOEARN_UNEMP_WO_CONBEN,YES,YES,68
USA,2023,ETRIWH,PTFTW50T66,AW67,C_C0,NOEARN_UNEMP_WO_CONBEN,YES,YES,60
USA,2024,ETRIWH,PTFTW50T66,AW67,C_C0,NOEARN_UNEMP_WO_CONBEN,YES,YES,59
USA,2025,ETRIWH,PTFTW50T66,AW67,C_C0,NOEARN_UNEMP_WO_CONBEN,YES,YES,57
OECD,2023,ETRIWH,PTFTW50T66,AW67,C_C0,NOEARN_UNEMP_WO_CONBEN,YES,YES,53
OECD,2024,ETRIWH,PTFTW50T66,AW67,C_C0,NOEARN_UNEMP_WO_CONBEN,YES,YES,55
OECD,2025,ETRIWH,PTFTW50T66,AW67,C_C0,NOEARN_UNEMP_WO_CONBEN,YES,YES,54
AUT,2023,ETRIWH,PTFTW50T66,AW67,C_C0,NOEARN_UNEMP_WO_CONBEN,YES,NO,38
AUT,2024,ETRIWH,PTFTW50T66,AW67,C_C0,NOEARN_UNEMP_WO_CONBEN,YES,NO,41
AUT,2025,ETRIWH,PTFTW50T66,AW67,C_C0,NOEARN_UNEMP_WO_CONBEN,YES,NO,39
BEL,2023,ETRIWH,PTFTW50T66,AW67,C_C0,NOEARN_UNEMP_WO_CONBEN,YES,NO,3
BEL,2024,ETRIWH,PTFTW50T66,AW67,C_C0,NOEARN_UNEMP_WO_CONBEN,YES,NO,12
BEL,2025,ETRIWH,PTFTW50T66,AW67,C_C0,NOEARN_UNEMP_WO_CONBEN,YES,NO,16
DNK,2023,ETRIWH,PTFTW50T66,AW67,C_C0,NOEARN_UNEMP_WO_CONBEN,YES,NO,93
DNK,2024,ETRIWH,PTFTW50T66,AW67,C_C0,NOEARN_UNEMP_WO_CONBEN,YES,NO,93
FRA,2023,ETRIWH,PTFTW50T66,AW67,C_C0,NOEARN_UNEMP_WO_CONBEN,YES,NO,32
FRA,2024,ETRIWH,PTFTW50T66,AW67,C_C0,NOEARN_UNEMP_WO_CONBEN,YES,NO,32
FRA,2025,ETRIWH,PTFTW50T66,AW67,C_C0,NOEARN_UNEMP_WO_CONBEN,YES,NO,32
DEU,2023,ETRIWH,PTFTW50T66,AW67,C_C0,NOEARN_UNEMP_WO_CONBEN,YES,NO,23
DEU,2024,ETRIWH,PTFTW50T66,AW67,C_C0,NOEARN_UNEMP_WO_CONBEN,YES,NO,23
DEU,2025,ETRIWH,PTFTW50T66,AW67,C_C0,NOEARN_UNEMP_WO_CONBEN,YES,NO,23
ITA,2023,ETRIWH,PTFTW50T66,AW67,C_C0,NOEARN_UNEMP_WO_CONBEN,YES,NO,28
ITA,2024,ETRIWH,PTFTW50T66,AW67,C_C0,NOEARN_UNEMP_WO_CONBEN,YES,NO,31
ITA,2025,ETRIWH,PTFTW50T66,AW67,C_C0,NOEARN_UNEMP_WO_CONBEN,YES,NO,9
NLD,2023,ETRIWH,PTFTW50T66,AW67,C_C0,NOEARN_UNEMP_WO_CONBEN,YES,NO,49
NLD,2024,ETRIWH,PTFTW50T66,AW67,C_C0,NOEARN_UNEMP_WO_CONBEN,YES,NO,53
POL,2023,ETRIWH,PTFTW50T66,AW67,C_C0,NOEARN_UNEMP_WO_CONBEN,YES,NO,21
POL,2024,ETRIWH,PTFTW50T66,AW67,C_C0,NOEARN_UNEMP_WO_CONBEN,YES,NO,21
POL,2025,ETRIWH,PTFTW50T66,AW67,C_C0,NOEARN_UNEMP_WO_CONBEN,YES,NO,21
ESP,2023,ETRIWH,PTFTW50T66,AW67,C_C0,NOEARN_UNEMP_WO_CONBEN,YES,NO,6
ESP,2024,ETRIWH,PTFTW50T66,AW67,C_C0,NOEARN_UNEMP_WO_CONBEN,YES,NO,6
ESP,2025,ETRIWH,PTFTW50T66,AW67,C_C0,NOEARN_UNEMP_WO_CONBEN,YES,NO,6
SWE,2023,ETRIWH,PTFTW50T66,AW67,C_C0,NOEARN_UNEMP_WO_CONBEN,YES,NO,28
SWE,2024,ETRIWH,PTFTW50T66,AW67,C_C0,NOEARN_UNEMP_WO_CONBEN,YES,NO,26
SWE,2025,ETRIWH,PTFTW50T66,AW67,C_C0,NOEARN_UNEMP_WO_CONBEN,YES,NO,25
GBR,2023,ETRIWH,PTFTW50T66,AW67,C_C0,NOEARN_UNEMP_WO_CONBEN,YES,NO,32
GBR,2024,ETRIWH,PTFTW50T66,AW67,C_C0,NOEARN_UNEMP_WO_CONBEN,YES,NO,28
GBR,2025,ETRIWH,PTFTW50T66,AW67,C_C0,NOEARN_UNEMP_WO_CONBEN,YES,NO,28
USA,2023,ETRIWH,PTFTW50T66,AW67,C_C0,NOEARN_UNEMP_WO_CONBEN,YES,NO,38
USA,2024,ETRIWH,PTFTW50T66,AW67,C_C0,NOEARN_UNEMP_WO_CONBEN,YES,NO,38
USA,2025,ETRIWH,PTFTW50T66,AW67,C_C0,NOEARN_UNEMP_WO_CONBEN,YES,NO,35
OECD,2023,ETRIWH,PTFTW50T66,AW67,C_C0,NOEARN_UNEMP_WO_CONBEN,YES,NO,38
OECD,2024,ETRIWH,PTFTW50T66,AW67,C_C0,NOEARN_UNEMP_WO_CONBEN,YES,NO,39
OECD,2025,ETRIWH,PTFTW50T66,AW67,C_C0,NOEARN_UNEMP_WO_CONBEN,YES,NO,35
DEU,2024,ETRIWH,PTFTW50T66,AW67,C_C0,NOEARN_UNEMP_WO_CONBEN,YES,YES,100
SWE,2023,ETRIWH,PTFTW50T66,AW67,C_C0,NOEARN_UNEMP_WO_CONBEN,YES,YES,100
SWE,2024,ETRIWH,PTFTW50T66,AW67,C_C0,NOEARN_UNEMP_WO_CONBEN,YES,YES,100
SWE,2025,ETRIWH,PTFTW50T66,AW67,C_C0,NOEARN_UNEMP_WO_CONBEN,YES,YES,100
AUT,2023,ETRIWH,PTFTW50T100,AW67,C_C0,NOEARN_UNEMP_WO_CONBEN,YES,YES,54
AUT,2024,ETRIWH,PTFTW50T100,AW67,C_C0,NOEARN_UNEMP_WO_CONBEN,YES,YES,48
AUT,2025,ETRIWH,PTFTW50T100,AW67,C_C0,NOEARN_UNEMP_WO_CONBEN,YES,YES,51
BEL,2023,ETRIWH,PTFTW50T100,AW67,C_C0,NOEARN_UNEMP_WO_CONBEN,YES,YES,42
BEL,2024,ETRIWH,PTFTW50T100,AW67,C_C0,NOEARN_UNEMP_WO_CONBEN,YES,YES,45
BEL,2025,ETRIWH,PTFTW50T100,AW67,C_C0,NOEARN_UNEMP_WO_CONBEN,YES,YES,48
DNK,2023,ETRIWH,PTFTW50T100,AW67,C_C0,NOEARN_UNEMP_WO_CONBEN,YES,YES,77
DNK,2024,ETRIWH,PTFTW50T100,AW67,C_C0,NOEARN_UNEMP_WO_CONBEN,YES,YES,76
FRA,2023,ETRIWH,PTFTW50T100,AW67,C_C0,NOEARN_UNEMP_WO_CONBEN,YES,YES,50
FRA,2024,ETRIWH,PTFTW50T100,AW67,C_C0,NOEARN_UNEMP_WO_CONBEN,YES,YES,51
FRA,2025,ETRIWH,PTFTW50T100,AW67,C_C0,NOEARN_UNEMP_WO_CONBEN,YES,YES,50
DEU,2023,ETRIWH,PTFTW50T100,AW67,C_C0,NOEARN_UNEMP_WO_CONBEN,YES,YES,57
DEU,2024,ETRIWH,PTFTW50T100,AW67,C_C0,NOEARN_UNEMP_WO_CONBEN,YES,YES,61
DEU,2025,ETRIWH,PTFTW50T100,AW67,C_C0,NOEARN_UNEMP_WO_CONBEN,YES,YES,58
ITA,2023,ETRIWH,PTFTW50T100,AW67,C_C0,NOEARN_UNEMP_WO_CONBEN,YES,YES,48
ITA,2024,ETRIWH,PTFTW50T100,AW67,C_C0,NOEARN_UNEMP_WO_CONBEN,YES,YES,42
ITA,2025,ETRIWH,PTFTW50T100,AW67,C_C0,NOEARN_UNEMP_WO_CONBEN,YES,YES,35
NLD,2023,ETRIWH,PTFTW50T100,AW67,C_C0,NOEARN_UNEMP_WO_CONBEN,YES,YES,71
NLD,2024,ETRIWH,PTFTW50T100,AW67,C_C0,NOEARN_UNEMP_WO_CONBEN,YES,YES,74
POL,2023,ETRIWH,PTFTW50T100,AW67,C_C0,NOEARN_UNEMP_WO_CONBEN,YES,YES,57
POL,2024,ETRIWH,PTFTW50T100,AW67,C_C0,NOEARN_UNEMP_WO_CONBEN,YES,YES,57
POL,2025,ETRIWH,PTFTW50T100,AW67,C_C0,NOEARN_UNEMP_WO_CONBEN,YES,YES,57
ESP,2023,ETRIWH,PTFTW50T100,AW67,C_C0,NOEARN_UNEMP_WO_CONBEN,YES,YES,28
ESP,2024,ETRIWH,PTFTW50T100,AW67,C_C0,NOEARN_UNEMP_WO_CONBEN,YES,YES,29
ESP,2025,ETRIWH,PTFTW50T100,AW67,C_C0,NOEARN_UNEMP_WO_CONBEN,YES,YES,30
SWE,2023,ETRIWH,PTFTW50T100,AW67,C_C0,NOEARN_UNEMP_WO_CONBEN,YES,YES,55
SWE,2024,ETRIWH,PTFTW50T100,AW67,C_C0,NOEARN_UNEMP_WO_CONBEN,YES,YES,55
SWE,2025,ETRIWH,PTFTW50T100,AW67,C_C0,NOEARN_UNEMP_WO_CONBEN,YES,YES,54
GBR,2023,ETRIWH,PTFTW50T100,AW67,C_C0,NOEARN_UNEMP_WO_CONBEN,YES,YES,69
GBR,2024,ETRIWH,PTFTW50T100,AW67,C_C0,NOEARN_UNEMP_WO_CONBEN,YES,YES,68
GBR,2025,ETRIWH,PTFTW50T100,AW67,C_C0,NOEARN_UNEMP_WO_CONBEN,YES,YES,68
USA,2023,ETRIWH,PTFTW50T100,AW67,C_C0,NOEARN_UNEMP_WO_CONBEN,YES,YES,36
USA,2024,ETRIWH,PTFTW50T100,AW67,C_C0,NOEARN_UNEMP_WO_CONBEN,YES,YES,36
USA,2025,ETRIWH,PTFTW50T100,AW67,C_C0,NOEARN_UNEMP_WO_CONBEN,YES,YES,35
OECD,2023,ETRIWH,PTFTW50T100,AW67,C_C0,NOEARN_UNEMP_WO_CONBEN,YES,YES,54
OECD,2024,ETRIWH,PTFTW50T100,AW67,C_C0,NOEARN_UNEMP_WO_CONBEN,YES,YES,54
OECD,2025,ETRIWH,PTFTW50T100,AW67,C_C0,NOEARN_UNEMP_WO_CONBEN,YES,YES,51
AUT,2023,ETRIWH,PTFTW50T100,AW67,C_C0,NOEARN_UNEMP_WO_CONBEN,YES,NO,42
AUT,2024,ETRIWH,PTFTW50T100,AW67,C_C0,NOEARN_UNEMP_WO_CONBEN,YES,NO,42
AUT,2025,ETRIWH,PTFTW50T100,AW67,C_C0,NOEARN_UNEMP_WO_CONBEN,YES,NO,42
BEL,2023,ETRIWH,PTFTW50T100,AW67,C_C0,NOEARN_UNEMP_WO_CONBEN,YES,NO,42
BEL,2024,ETRIWH,PTFTW50T100,AW67,C_C0,NOEARN_UNEMP_WO_CONBEN,YES,NO,45
BEL,2025,ETRIWH,PTFTW50T100,AW67,C_C0,NOEARN_UNEMP_WO_CONBEN,YES,NO,48
DNK,2023,ETRIWH,PTFTW50T100,AW67,C_C0,NOEARN_UNEMP_WO_CONBEN,YES,NO,88
DNK,2024,ETRIWH,PTFTW50T100,AW67,C_C0,NOEARN_UNEMP_WO_CONBEN,YES,NO,89
FRA,2023,ETRIWH,PTFTW50T100,AW67,C_C0,NOEARN_UNEMP_WO_CONBEN,YES,NO,44
FRA,2024,ETRIWH,PTFTW50T100,AW67,C_C0,NOEARN_UNEMP_WO_CONBEN,YES,NO,44
FRA,2025,ETRIWH,PTFTW50T100,AW67,C_C0,NOEARN_UNEMP_WO_CONBEN,YES,NO,44
DEU,2023,ETRIWH,PTFTW50T100,AW67,C_C0,NOEARN_UNEMP_WO_CONBEN,YES,NO,30
DEU,2024,ETRIWH,PTFTW50T100,AW67,C_C0,NOEARN_UNEMP_WO_CONBEN,YES,NO,30
DEU,2025,ETRIWH,PTFTW50T100,AW67,C_C0,NOEARN_UNEMP_WO_CONBEN,YES,NO,30
ITA,2023,ETRIWH,PTFTW50T100,AW67,C_C0,NOEARN_UNEMP_WO_CONBEN,YES,NO,43
ITA,2024,ETRIWH,PTFTW50T100,AW67,C_C0,NOEARN_UNEMP_WO_CONBEN,YES,NO,41
ITA,2025,ETRIWH,PTFTW50T100,AW67,C_C0,NOEARN_UNEMP_WO_CONBEN,YES,NO,34
NLD,2023,ETRIWH,PTFTW50T100,AW67,C_C0,NOEARN_UNEMP_WO_CONBEN,YES,NO,55
NLD,2024,ETRIWH,PTFTW50T100,AW67,C_C0,NOEARN_UNEMP_WO_CONBEN,YES,NO,58
POL,2023,ETRIWH,PTFTW50T100,AW67,C_C0,NOEARN_UNEMP_WO_CONBEN,YES,NO,21
POL,2024,ETRIWH,PTFTW50T100,AW67,C_C0,NOEARN_UNEMP_WO_CONBEN,YES,NO,21
POL,2025,ETRIWH,PTFTW50T100,AW67,C_C0,NOEARN_UNEMP_WO_CONBEN,YES,NO,21
ESP,2023,ETRIWH,PTFTW50T100,AW67,C_C0,NOEARN_UNEMP_WO_CONBEN,YES,NO,20
ESP,2024,ETRIWH,PTFTW50T100,AW67,C_C0,NOEARN_UNEMP_WO_CONBEN,YES,NO,22
ESP,2025,ETRIWH,PTFTW50T100,AW67,C_C0,NOEARN_UNEMP_WO_CONBEN,YES,NO,23
SWE,2023,ETRIWH,PTFTW50T100,AW67,C_C0,NOEARN_UNEMP_WO_CONBEN,YES,NO,28
SWE,2024,ETRIWH,PTFTW50T100,AW67,C_C0,NOEARN_UNEMP_WO_CONBEN,YES,NO,27
SWE,2025,ETRIWH,PTFTW50T100,AW67,C_C0,NOEARN_UNEMP_WO_CONBEN,YES,NO,26
GBR,2023,ETRIWH,PTFTW50T100,AW67,C_C0,NOEARN_UNEMP_WO_CONBEN,YES,NO,32
GBR,2024,ETRIWH,PTFTW50T100,AW67,C_C0,NOEARN_UNEMP_WO_CONBEN,YES,NO,28
GBR,2025,ETRIWH,PTFTW50T100,AW67,C_C0,NOEARN_UNEMP_WO_CONBEN,YES,NO,28
USA,2023,ETRIWH,PTFTW50T100,AW67,C_C0,NOEARN_UNEMP_WO_CONBEN,YES,NO,29
USA,2024,ETRIWH,PTFTW50T100,AW67,C_C0,NOEARN_UNEMP_WO_CONBEN,YES,NO,29
USA,2025,ETRIWH,PTFTW50T100,AW67,C_C0,NOEARN_UNEMP_WO_CONBEN,YES,NO,28
OECD,2023,ETRIWH,PTFTW50T100,AW67,C_C0,NOEARN_UNEMP_WO_CONBEN,YES,NO,40
OECD,2024,ETRIWH,PTFTW50T100,AW67,C_C0,NOEARN_UNEMP_WO_CONBEN,YES,NO,41
OECD,2025,ETRIWH,PTFTW50T100,AW67,C_C0,NOEARN_UNEMP_WO_CONBEN,YES,NO,38
AUT,2023,ETRIWH,PTFTW67T100,AW67,C_C0,NOEARN_UNEMP_WO_CONBEN,YES,YES,44
AUT,2024,ETRIWH,PTFTW67T100,AW67,C_C0,NOEARN_UNEMP_WO_CONBEN,YES,YES,42
AUT,2025,ETRIWH,PTFTW67T100,AW67,C_C0,NOEARN_UNEMP_WO_CONBEN,YES,YES,44
BEL,2023,ETRIWH,PTFTW67T100,AW67,C_C0,NOEARN_UNEMP_WO_CONBEN,YES,YES,62
BEL,2024,ETRIWH,PTFTW67T100,AW67,C_C0,NOEARN_UNEMP_WO_CONBEN,YES,YES,62
BEL,2025,ETRIWH,PTFTW67T100,AW67,C_C0,NOEARN_UNEMP_WO_CONBEN,YES,YES,65
DNK,2023,ETRIWH,PTFTW67T100,AW67,C_C0,NOEARN_UNEMP_WO_CONBEN,YES,YES,86
DNK,2024,ETRIWH,PTFTW67T100,AW67,C_C0,NOEARN_UNEMP_WO_CONBEN,YES,YES,86
FRA,2023,ETRIWH,PTFTW67T100,AW67,C_C0,NOEARN_UNEMP_WO_CONBEN,YES,YES,50
FRA,2024,ETRIWH,PTFTW67T100,AW67,C_C0,NOEARN_UNEMP_WO_CONBEN,YES,YES,50
FRA,2025,ETRIWH,PTFTW67T100,AW67,C_C0,NOEARN_UNEMP_WO_CONBEN,YES,YES,50
DEU,2023,ETRIWH,PTFTW67T100,AW67,C_C0,NOEARN_UNEMP_WO_CONBEN,YES,YES,46
DEU,2024,ETRIWH,PTFTW67T100,AW67,C_C0,NOEARN_UNEMP_WO_CONBEN,YES,YES,42
DEU,2025,ETRIWH,PTFTW67T100,AW67,C_C0,NOEARN_UNEMP_WO_CONBEN,YES,YES,42
ITA,2023,ETRIWH,PTFTW67T100,AW67,C_C0,NOEARN_UNEMP_WO_CONBEN,YES,YES,52
ITA,2024,ETRIWH,PTFTW67T100,AW67,C_C0,NOEARN_UNEMP_WO_CONBEN,YES,YES,47
ITA,2025,ETRIWH,PTFTW67T100,AW67,C_C0,NOEARN_UNEMP_WO_CONBEN,YES,YES,48
NLD,2023,ETRIWH,PTFTW67T100,AW67,C_C0,NOEARN_UNEMP_WO_CONBEN,YES,YES,79
NLD,2024,ETRIWH,PTFTW67T100,AW67,C_C0,NOEARN_UNEMP_WO_CONBEN,YES,YES,79
POL,2023,ETRIWH,PTFTW67T100,AW67,C_C0,NOEARN_UNEMP_WO_CONBEN,YES,YES,65
POL,2024,ETRIWH,PTFTW67T100,AW67,C_C0,NOEARN_UNEMP_WO_CONBEN,YES,YES,70
POL,2025,ETRIWH,PTFTW67T100,AW67,C_C0,NOEARN_UNEMP_WO_CONBEN,YES,YES,70
ESP,2023,ETRIWH,PTFTW67T100,AW67,C_C0,NOEARN_UNEMP_WO_CONBEN,YES,YES,36
ESP,2024,ETRIWH,PTFTW67T100,AW67,C_C0,NOEARN_UNEMP_WO_CONBEN,YES,YES,37
ESP,2025,ETRIWH,PTFTW67T100,AW67,C_C0,NOEARN_UNEMP_WO_CONBEN,YES,YES,37
SWE,2023,ETRIWH,PTFTW67T100,AW67,C_C0,NOEARN_UNEMP_WO_CONBEN,YES,YES,32
SWE,2024,ETRIWH,PTFTW67T100,AW67,C_C0,NOEARN_UNEMP_WO_CONBEN,YES,YES,32
SWE,2025,ETRIWH,PTFTW67T100,AW67,C_C0,NOEARN_UNEMP_WO_CONBEN,YES,YES,31
GBR,2023,ETRIWH,PTFTW67T100,AW67,C_C0,NOEARN_UNEMP_WO_CONBEN,YES,YES,69
GBR,2024,ETRIWH,PTFTW67T100,AW67,C_C0,NOEARN_UNEMP_WO_CONBEN,YES,YES,68
GBR,2025,ETRIWH,PTFTW67T100,AW67,C_C0,NOEARN_UNEMP_WO_CONBEN,YES,YES,68
USA,2023,ETRIWH,PTFTW67T100,AW67,C_C0,NOEARN_UNEMP_WO_CONBEN,YES,YES,24
USA,2024,ETRIWH,PTFTW67T100,AW67,C_C0,NOEARN_UNEMP_WO_CONBEN,YES,YES,24
USA,2025,ETRIWH,PTFTW67T100,AW67,C_C0,NOEARN_UNEMP_WO_CONBEN,YES,YES,24
OECD,2023,ETRIWH,PTFTW67T100,AW67,C_C0,NOEARN_UNEMP_WO_CONBEN,YES,YES,54
OECD,2024,ETRIWH,PTFTW67T100,AW67,C_C0,NOEARN_UNEMP_WO_CONBEN,YES,YES,53
OECD,2025,ETRIWH,PTFTW67T100,AW67,C_C0,NOEARN_UNEMP_WO_CONBEN,YES,YES,49
AUT,2023,ETRIWH,PTFTW67T100,AW67,C_C0,NOEARN_UNEMP_WO_CONBEN,YES,NO,44
AUT,2024,ETRIWH,PTFTW67T100,AW67,C_C0,NOEARN_UNEMP_WO_CONBEN,YES,NO,42
AUT,2025,ETRIWH,PTFTW67T100,AW67,C_C0,NOEARN_UNEMP_WO_CONBEN,YES,NO,44
BEL,2023,ETRIWH,PTFTW67T100,AW67,C_C0,NOEARN_UNEMP_WO_CONBEN,YES,NO,62
BEL,2024,ETRIWH,PTFTW67T100,AW67,C_C0,NOEARN_UNEMP_WO_CONBEN,YES,NO,62
BEL,2025,ETRIWH,PTFTW67T100,AW67,C_C0,NOEARN_UNEMP_WO_CONBEN,YES,NO,65
DNK,2023,ETRIWH,PTFTW67T100,AW67,C_C0,NOEARN_UNEMP_WO_CONBEN,YES,NO,86
DNK,2024,ETRIWH,PTFTW67T100,AW67,C_C0,NOEARN_UNEMP_WO_CONBEN,YES,NO,86
FRA,2023,ETRIWH,PTFTW67T100,AW67,C_C0,NOEARN_UNEMP_WO_CONBEN,YES,NO,50
FRA,2024,ETRIWH,PTFTW67T100,AW67,C_C0,NOEARN_UNEMP_WO_CONBEN,YES,NO,50
FRA,2025,ETRIWH,PTFTW67T100,AW67,C_C0,NOEARN_UNEMP_WO_CONBEN,YES,NO,50
DEU,2023,ETRIWH,PTFTW67T100,AW67,C_C0,NOEARN_UNEMP_WO_CONBEN,YES,NO,34
DEU,2024,ETRIWH,PTFTW67T100,AW67,C_C0,NOEARN_UNEMP_WO_CONBEN,YES,NO,34
DEU,2025,ETRIWH,PTFTW67T100,AW67,C_C0,NOEARN_UNEMP_WO_CONBEN,YES,NO,34
ITA,2023,ETRIWH,PTFTW67T100,AW67,C_C0,NOEARN_UNEMP_WO_CONBEN,YES,NO,50
ITA,2024,ETRIWH,PTFTW67T100,AW67,C_C0,NOEARN_UNEMP_WO_CONBEN,YES,NO,46
ITA,2025,ETRIWH,PTFTW67T100,AW67,C_C0,NOEARN_UNEMP_WO_CONBEN,YES,NO,46
NLD,2023,ETRIWH,PTFTW67T100,AW67,C_C0,NOEARN_UNEMP_WO_CONBEN,YES,NO,59
NLD,2024,ETRIWH,PTFTW67T100,AW67,C_C0,NOEARN_UNEMP_WO_CONBEN,YES,NO,60
POL,2023,ETRIWH,PTFTW67T100,AW67,C_C0,NOEARN_UNEMP_WO_CONBEN,YES,NO,21
POL,2024,ETRIWH,PTFTW67T100,AW67,C_C0,NOEARN_UNEMP_WO_CONBEN,YES,NO,21
POL,2025,ETRIWH,PTFTW67T100,AW67,C_C0,NOEARN_UNEMP_WO_CONBEN,YES,NO,21
ESP,2023,ETRIWH,PTFTW67T100,AW67,C_C0,NOEARN_UNEMP_WO_CONBEN,YES,NO,27
ESP,2024,ETRIWH,PTFTW67T100,AW67,C_C0,NOEARN_UNEMP_WO_CONBEN,YES,NO,30
ESP,2025,ETRIWH,PTFTW67T100,AW67,C_C0,NOEARN_UNEMP_WO_CONBEN,YES,NO,31
SWE,2023,ETRIWH,PTFTW67T100,AW67,C_C0,NOEARN_UNEMP_WO_CONBEN,YES,NO,28
SWE,2024,ETRIWH,PTFTW67T100,AW67,C_C0,NOEARN_UNEMP_WO_CONBEN,YES,NO,27
SWE,2025,ETRIWH,PTFTW67T100,AW67,C_C0,NOEARN_UNEMP_WO_CONBEN,YES,NO,26
GBR,2023,ETRIWH,PTFTW67T100,AW67,C_C0,NOEARN_UNEMP_WO_CONBEN,YES,NO,32
GBR,2024,ETRIWH,PTFTW67T100,AW67,C_C0,NOEARN_UNEMP_WO_CONBEN,YES,NO,28
GBR,2025,ETRIWH,PTFTW67T100,AW67,C_C0,NOEARN_UNEMP_WO_CONBEN,YES,NO,28
USA,2023,ETRIWH,PTFTW67T100,AW67,C_C0,NOEARN_UNEMP_WO_CONBEN,YES,NO,24
USA,2024,ETRIWH,PTFTW67T100,AW67,C_C0,NOEARN_UNEMP_WO_CONBEN,YES,NO,24
USA,2025,ETRIWH,PTFTW67T100,AW67,C_C0,NOEARN_UNEMP_WO_CONBEN,YES,NO,24
OECD,2023,ETRIWH,PTFTW67T100,AW67,C_C0,NOEARN_UNEMP_WO_CONBEN,YES,NO,41
OECD,2024,ETRIWH,PTFTW67T100,AW67,C_C0,NOEARN_UNEMP_WO_CONBEN,YES,NO,42
OECD,2025,ETRIWH,PTFTW67T100,AW67,C_C0,NOEARN_UNEMP_WO_CONBEN,YES,NO,39
AUT,2023,ETRIWH,PTFTW33T67,AW67,C_C0,NOEARN_UNEMP_WO_CONBEN,YES,NO,50
AUT,2024,ETRIWH,PTFTW33T67,AW67,C_C0,NOEARN_UNEMP_WO_CONBEN,YES,NO,45
AUT,2025,ETRIWH,PTFTW33T67,AW67,C_C0,NOEARN_UNEMP_WO_CONBEN,YES,NO,44
BEL,2023,ETRIWH,PTFTW33T67,AW67,C_C0,NOEARN_UNEMP_WO_CONBEN,YES,NO,47
BEL,2024,ETRIWH,PTFTW33T67,AW67,C_C0,NOEARN_UNEMP_WO_CONBEN,YES,NO,56
BEL,2025,ETRIWH,PTFTW33T67,AW67,C_C0,NOEARN_UNEMP_WO_CONBEN,YES,NO,58
DNK,2023,ETRIWH,PTFTW33T67,AW67,C_C0,NOEARN_UNEMP_WO_CONBEN,YES,NO,90
DNK,2024,ETRIWH,PTFTW33T67,AW67,C_C0,NOEARN_UNEMP_WO_CONBEN,YES,NO,90
FRA,2023,ETRIWH,PTFTW33T67,AW67,C_C0,NOEARN_UNEMP_WO_CONBEN,YES,NO,33
FRA,2024,ETRIWH,PTFTW33T67,AW67,C_C0,NOEARN_UNEMP_WO_CONBEN,YES,NO,33
FRA,2025,ETRIWH,PTFTW33T67,AW67,C_C0,NOEARN_UNEMP_WO_CONBEN,YES,NO,33
DEU,2023,ETRIWH,PTFTW33T67,AW67,C_C0,NOEARN_UNEMP_WO_CONBEN,YES,NO,48
DEU,2024,ETRIWH,PTFTW33T67,AW67,C_C0,NOEARN_UNEMP_WO_CONBEN,YES,NO,57
DEU,2025,ETRIWH,PTFTW33T67,AW67,C_C0,NOEARN_UNEMP_WO_CONBEN,YES,NO,54
ITA,2023,ETRIWH,PTFTW33T67,AW67,C_C0,NOEARN_UNEMP_WO_CONBEN,YES,NO,12
ITA,2024,ETRIWH,PTFTW33T67,AW67,C_C0,NOEARN_UNEMP_WO_CONBEN,YES,NO,2
ITA,2025,ETRIWH,PTFTW33T67,AW67,C_C0,NOEARN_UNEMP_WO_CONBEN,YES,NO,-5
NLD,2023,ETRIWH,PTFTW33T67,AW67,C_C0,NOEARN_UNEMP_WO_CONBEN,YES,NO,74
NLD,2024,ETRIWH,PTFTW33T67,AW67,C_C0,NOEARN_UNEMP_WO_CONBEN,YES,NO,77
POL,2023,ETRIWH,PTFTW33T67,AW67,C_C0,NOEARN_UNEMP_WO_CONBEN,YES,NO,34
POL,2024,ETRIWH,PTFTW33T67,AW67,C_C0,NOEARN_UNEMP_WO_CONBEN,YES,NO,25
POL,2025,ETRIWH,PTFTW33T67,AW67,C_C0,NOEARN_UNEMP_WO_CONBEN,YES,NO,41
ESP,2023,ETRIWH,PTFTW33T67,AW67,C_C0,NOEARN_UNEMP_WO_CONBEN,YES,NO,44
ESP,2024,ETRIWH,PTFTW33T67,AW67,C_C0,NOEARN_UNEMP_WO_CONBEN,YES,NO,47
ESP,2025,ETRIWH,PTFTW33T67,AW67,C_C0,NOEARN_UNEMP_WO_CONBEN,YES,NO,54
SWE,2023,ETRIWH,PTFTW33T67,AW67,C_C0,NOEARN_UNEMP_WO_CONBEN,YES,NO,24
SWE,2024,ETRIWH,PTFTW33T67,AW67,C_C0,NOEARN_UNEMP_WO_CONBEN,YES,NO,23
SWE,2025,ETRIWH,PTFTW33T67,AW67,C_C0,NOEARN_UNEMP_WO_CONBEN,YES,NO,23
GBR,2023,ETRIWH,PTFTW33T67,AW67,C_C0,NOEARN_UNEMP_WO_CONBEN,YES,NO,28
GBR,2024,ETRIWH,PTFTW33T67,AW67,C_C0,NOEARN_UNEMP_WO_CONBEN,YES,NO,33
GBR,2025,ETRIWH,PTFTW33T67,AW67,C_C0,NOEARN_UNEMP_WO_CONBEN,YES,NO,32
USA,2023,ETRIWH,PTFTW33T67,AW67,C_C0,NOEARN_UNEMP_WO_CONBEN,YES,NO,41
USA,2024,ETRIWH,PTFTW33T67,AW67,C_C0,NOEARN_UNEMP_WO_CONBEN,YES,NO,42
USA,2025,ETRIWH,PTFTW33T67,AW67,C_C0,NOEARN_UNEMP_WO_CONBEN,YES,NO,41
OECD,2023,ETRIWH,PTFTW33T67,AW67,C_C0,NOEARN_UNEMP_WO_CONBEN,YES,NO,45
OECD,2024,ETRIWH,PTFTW33T67,AW67,C_C0,NOEARN_UNEMP_WO_CONBEN,YES,NO,45
OECD,2025,ETRIWH,PTFTW33T67,AW67,C_C0,NOEARN_UNEMP_WO_CONBEN,YES,NO,43
AUT,2023,ETRIWH,PTFTW33T67,AW67,C_C0,NOEARN_UNEMP_WO_CONBEN,YES,YES,87
AUT,2024,ETRIWH,PTFTW33T67,AW67,C_C0,NOEARN_UNEMP_WO_CONBEN,YES,YES,79
AUT,2025,ETRIWH,PTFTW33T67,AW67,C_C0,NOEARN_UNEMP_WO_CONBEN,YES,YES,83
BEL,2023,ETRIWH,PTFTW33T67,AW67,C_C0,NOEARN_UNEMP_WO_CONBEN,YES,YES,47
BEL,2024,ETRIWH,PTFTW33T67,AW67,C_C0,NOEARN_UNEMP_WO_CONBEN,YES,YES,56
BEL,2025,ETRIWH,PTFTW33T67,AW67,C_C0,NOEARN_UNEMP_WO_CONBEN,YES,YES,58
DNK,2023,ETRIWH,PTFTW33T67,AW67,C_C0,NOEARN_UNEMP_WO_CONBEN,YES,YES,73
DNK,2024,ETRIWH,PTFTW33T67,AW67,C_C0,NOEARN_UNEMP_WO_CONBEN,YES,YES,71
FRA,2023,ETRIWH,PTFTW33T67,AW67,C_C0,NOEARN_UNEMP_WO_CONBEN,YES,YES,57
FRA,2024,ETRIWH,PTFTW33T67,AW67,C_C0,NOEARN_UNEMP_WO_CONBEN,YES,YES,58
FRA,2025,ETRIWH,PTFTW33T67,AW67,C_C0,NOEARN_UNEMP_WO_CONBEN,YES,YES,58
DEU,2023,ETRIWH,PTFTW33T67,AW67,C_C0,NOEARN_UNEMP_WO_CONBEN,YES,YES,88
DEU,2025,ETRIWH,PTFTW33T67,AW67,C_C0,NOEARN_UNEMP_WO_CONBEN,YES,YES,94
ITA,2023,ETRIWH,PTFTW33T67,AW67,C_C0,NOEARN_UNEMP_WO_CONBEN,YES,YES,55
ITA,2024,ETRIWH,PTFTW33T67,AW67,C_C0,NOEARN_UNEMP_WO_CONBEN,YES,YES,2
ITA,2025,ETRIWH,PTFTW33T67,AW67,C_C0,NOEARN_UNEMP_WO_CONBEN,YES,YES,-5
NLD,2023,ETRIWH,PTFTW33T67,AW67,C_C0,NOEARN_UNEMP_WO_CONBEN,YES,YES,77
NLD,2024,ETRIWH,PTFTW33T67,AW67,C_C0,NOEARN_UNEMP_WO_CONBEN,YES,YES,82
POL,2023,ETRIWH,PTFTW33T67,AW67,C_C0,NOEARN_UNEMP_WO_CONBEN,YES,YES,37
POL,2024,ETRIWH,PTFTW33T67,AW67,C_C0,NOEARN_UNEMP_WO_CONBEN,YES,YES,32
POL,2025,ETRIWH,PTFTW33T67,AW67,C_C0,NOEARN_UNEMP_WO_CONBEN,YES,YES,32
ESP,2023,ETRIWH,PTFTW33T67,AW67,C_C0,NOEARN_UNEMP_WO_CONBEN,YES,YES,47
ESP,2024,ETRIWH,PTFTW33T67,AW67,C_C0,NOEARN_UNEMP_WO_CONBEN,YES,YES,51
ESP,2025,ETRIWH,PTFTW33T67,AW67,C_C0,NOEARN_UNEMP_WO_CONBEN,YES,YES,59
GBR,2023,ETRIWH,PTFTW33T67,AW67,C_C0,NOEARN_UNEMP_WO_CONBEN,YES,YES,66
GBR,2024,ETRIWH,PTFTW33T67,AW67,C_C0,NOEARN_UNEMP_WO_CONBEN,YES,YES,65
GBR,2025,ETRIWH,PTFTW33T67,AW67,C_C0,NOEARN_UNEMP_WO_CONBEN,YES,YES,66
USA,2023,ETRIWH,PTFTW33T67,AW67,C_C0,NOEARN_UNEMP_WO_CONBEN,YES,YES,56
USA,2024,ETRIWH,PTFTW33T67,AW67,C_C0,NOEARN_UNEMP_WO_CONBEN,YES,YES,57
USA,2025,ETRIWH,PTFTW33T67,AW67,C_C0,NOEARN_UNEMP_WO_CONBEN,YES,YES,56
OECD,2023,ETRIWH,PTFTW33T67,AW67,C_C0,NOEARN_UNEMP_WO_CONBEN,YES,YES,61
OECD,2024,ETRIWH,PTFTW33T67,AW67,C_C0,NOEARN_UNEMP_WO_CONBEN,YES,YES,62
OECD,2025,ETRIWH,PTFTW33T67,AW67,C_C0,NOEARN_UNEMP_WO_CONBEN,YES,YES,60
DEU,2024,ETRIWH,PTFTW33T67,AW67,C_C0,NOEARN_UNEMP_WO_CONBEN,YES,YES,100
SWE,2023,ETRIWH,PTFTW33T67,AW67,C_C0,NOEARN_UNEMP_WO_CONBEN,YES,YES,100
SWE,2024,ETRIWH,PTFTW33T67,AW67,C_C0,NOEARN_UNEMP_WO_CONBEN,YES,YES,100
SWE,2025,ETRIWH,PTFTW33T67,AW67,C_C0,NOEARN_UNEMP_WO_CONBEN,YES,YES,100
AUT,2023,ETRIWH,PTFTW33T67,AW67,C_C0,NOEARN_UNEMP_WO_CONBEN,NO,YES,30
AUT,2024,ETRIWH,PTFTW33T67,AW67,C_C0,NOEARN_UNEMP_WO_CONBEN,NO,YES,32
AUT,2025,ETRIWH,PTFTW33T67,AW67,C_C0,NOEARN_UNEMP_WO_CONBEN,NO,YES,30
BEL,2023,ETRIWH,PTFTW33T67,AW67,C_C0,NOEARN_UNEMP_WO_CONBEN,NO,YES,3
BEL,2024,ETRIWH,PTFTW33T67,AW67,C_C0,NOEARN_UNEMP_WO_CONBEN,NO,YES,3
BEL,2025,ETRIWH,PTFTW33T67,AW67,C_C0,NOEARN_UNEMP_WO_CONBEN,NO,YES,3
DNK,2023,ETRIWH,PTFTW33T67,AW67,C_C0,NOEARN_UNEMP_WO_CONBEN,NO,YES,36
DNK,2024,ETRIWH,PTFTW33T67,AW67,C_C0,NOEARN_UNEMP_WO_CONBEN,NO,YES,37
FRA,2023,ETRIWH,PTFTW33T67,AW67,C_C0,NOEARN_UNEMP_WO_CONBEN,NO,YES,57
FRA,2024,ETRIWH,PTFTW33T67,AW67,C_C0,NOEARN_UNEMP_WO_CONBEN,NO,YES,58
FRA,2025,ETRIWH,PTFTW33T67,AW67,C_C0,NOEARN_UNEMP_WO_CONBEN,NO,YES,58
DEU,2023,ETRIWH,PTFTW33T67,AW67,C_C0,NOEARN_UNEMP_WO_CONBEN,NO,YES,61
DEU,2024,ETRIWH,PTFTW33T67,AW67,C_C0,NOEARN_UNEMP_WO_CONBEN,NO,YES,62
DEU,2025,ETRIWH,PTFTW33T67,AW67,C_C0,NOEARN_UNEMP_WO_CONBEN,NO,YES,61
ITA,2023,ETRIWH,PTFTW33T67,AW67,C_C0,NOEARN_UNEMP_WO_CONBEN,NO,YES,2
ITA,2024,ETRIWH,PTFTW33T67,AW67,C_C0,NOEARN_UNEMP_WO_CONBEN,NO,YES,2
ITA,2025,ETRIWH,PTFTW33T67,AW67,C_C0,NOEARN_UNEMP_WO_CONBEN,NO,YES,-5
NLD,2023,ETRIWH,PTFTW33T67,AW67,C_C0,NOEARN_UNEMP_WO_CONBEN,NO,YES,27
NLD,2024,ETRIWH,PTFTW33T67,AW67,C_C0,NOEARN_UNEMP_WO_CONBEN,NO,YES,28
POL,2023,ETRIWH,PTFTW33T67,AW67,C_C0,NOEARN_UNEMP_WO_CONBEN,NO,YES,37
POL,2024,ETRIWH,PTFTW33T67,AW67,C_C0,NOEARN_UNEMP_WO_CONBEN,NO,YES,32
POL,2025,ETRIWH,PTFTW33T67,AW67,C_C0,NOEARN_UNEMP_WO_CONBEN,NO,YES,32
ESP,2023,ETRIWH,PTFTW33T67,AW67,C_C0,NOEARN_UNEMP_WO_CONBEN,NO,YES,10
ESP,2024,ETRIWH,PTFTW33T67,AW67,C_C0,NOEARN_UNEMP_WO_CONBEN,NO,YES,10
SWE,2023,ETRIWH,PTFTW33T67,AW67,C_C0,NOEARN_UNEMP_WO_CONBEN,NO,YES,24
SWE,2024,ETRIWH,PTFTW33T67,AW67,C_C0,NOEARN_UNEMP_WO_CONBEN,NO,YES,23
SWE,2025,ETRIWH,PTFTW33T67,AW67,C_C0,NOEARN_UNEMP_WO_CONBEN,NO,YES,23
GBR,2023,ETRIWH,PTFTW33T67,AW67,C_C0,NOEARN_UNEMP_WO_CONBEN,NO,YES,66
GBR,2024,ETRIWH,PTFTW33T67,AW67,C_C0,NOEARN_UNEMP_WO_CONBEN,NO,YES,65
GBR,2025,ETRIWH,PTFTW33T67,AW67,C_C0,NOEARN_UNEMP_WO_CONBEN,NO,YES,66
USA,2023,ETRIWH,PTFTW33T67,AW67,C_C0,NOEARN_UNEMP_WO_CONBEN,NO,YES,20
USA,2024,ETRIWH,PTFTW33T67,AW67,C_C0,NOEARN_UNEMP_WO_CONBEN,NO,YES,21
USA,2025,ETRIWH,PTFTW33T67,AW67,C_C0,NOEARN_UNEMP_WO_CONBEN,NO,YES,21
OECD,2023,ETRIWH,PTFTW33T67,AW67,C_C0,NOEARN_UNEMP_WO_CONBEN,NO,YES,27
OECD,2024,ETRIWH,PTFTW33T67,AW67,C_C0,NOEARN_UNEMP_WO_CONBEN,NO,YES,28
OECD,2025,ETRIWH,PTFTW33T67,AW67,C_C0,NOEARN_UNEMP_WO_CONBEN,NO,YES,28
AUT,2023,ETRIWH,PTFTW33T67,AW67,C_C0,NOEARN_UNEMP_WO_CONBEN,NO,NO,30
AUT,2024,ETRIWH,PTFTW33T67,AW67,C_C0,NOEARN_UNEMP_WO_CONBEN,NO,NO,32
AUT,2025,ETRIWH,PTFTW33T67,AW67,C_C0,NOEARN_UNEMP_WO_CONBEN,NO,NO,30
BEL,2023,ETRIWH,PTFTW33T67,AW67,C_C0,NOEARN_UNEMP_WO_CONBEN,NO,NO,3
BEL,2024,ETRIWH,PTFTW33T67,AW67,C_C0,NOEARN_UNEMP_WO_CONBEN,NO,NO,3
BEL,2025,ETRIWH,PTFTW33T67,AW67,C_C0,NOEARN_UNEMP_WO_CONBEN,NO,NO,3
DNK,2023,ETRIWH,PTFTW33T67,AW67,C_C0,NOEARN_UNEMP_WO_CONBEN,NO,NO,36
DNK,2024,ETRIWH,PTFTW33T67,AW67,C_C0,NOEARN_UNEMP_WO_CONBEN,NO,NO,37
FRA,2023,ETRIWH,PTFTW33T67,AW67,C_C0,NOEARN_UNEMP_WO_CONBEN,NO,NO,33
FRA,2024,ETRIWH,PTFTW33T67,AW67,C_C0,NOEARN_UNEMP_WO_CONBEN,NO,NO,33
FRA,2025,ETRIWH,PTFTW33T67,AW67,C_C0,NOEARN_UNEMP_WO_CONBEN,NO,NO,33
DEU,2023,ETRIWH,PTFTW33T67,AW67,C_C0,NOEARN_UNEMP_WO_CONBEN,NO,NO,24
DEU,2024,ETRIWH,PTFTW33T67,AW67,C_C0,NOEARN_UNEMP_WO_CONBEN,NO,NO,24
DEU,2025,ETRIWH,PTFTW33T67,AW67,C_C0,NOEARN_UNEMP_WO_CONBEN,NO,NO,25
ITA,2023,ETRIWH,PTFTW33T67,AW67,C_C0,NOEARN_UNEMP_WO_CONBEN,NO,NO,2
ITA,2024,ETRIWH,PTFTW33T67,AW67,C_C0,NOEARN_UNEMP_WO_CONBEN,NO,NO,2
ITA,2025,ETRIWH,PTFTW33T67,AW67,C_C0,NOEARN_UNEMP_WO_CONBEN,NO,NO,-5
NLD,2023,ETRIWH,PTFTW33T67,AW67,C_C0,NOEARN_UNEMP_WO_CONBEN,NO,NO,24
NLD,2024,ETRIWH,PTFTW33T67,AW67,C_C0,NOEARN_UNEMP_WO_CONBEN,NO,NO,23
POL,2023,ETRIWH,PTFTW33T67,AW67,C_C0,NOEARN_UNEMP_WO_CONBEN,NO,NO,21
POL,2024,ETRIWH,PTFTW33T67,AW67,C_C0,NOEARN_UNEMP_WO_CONBEN,NO,NO,21
POL,2025,ETRIWH,PTFTW33T67,AW67,C_C0,NOEARN_UNEMP_WO_CONBEN,NO,NO,21
ESP,2023,ETRIWH,PTFTW33T67,AW67,C_C0,NOEARN_UNEMP_WO_CONBEN,NO,NO,6
ESP,2024,ETRIWH,PTFTW33T67,AW67,C_C0,NOEARN_UNEMP_WO_CONBEN,NO,NO,6
ESP,2025,ETRIWH,PTFTW33T67,AW67,C_C0,NOEARN_UNEMP_WO_CONBEN,NO,NO,6
SWE,2023,ETRIWH,PTFTW33T67,AW67,C_C0,NOEARN_UNEMP_WO_CONBEN,NO,NO,24
SWE,2024,ETRIWH,PTFTW33T67,AW67,C_C0,NOEARN_UNEMP_WO_CONBEN,NO,NO,23
SWE,2025,ETRIWH,PTFTW33T67,AW67,C_C0,NOEARN_UNEMP_WO_CONBEN,NO,NO,23
GBR,2023,ETRIWH,PTFTW33T67,AW67,C_C0,NOEARN_UNEMP_WO_CONBEN,NO,NO,28
GBR,2024,ETRIWH,PTFTW33T67,AW67,C_C0,NOEARN_UNEMP_WO_CONBEN,NO,NO,33
GBR,2025,ETRIWH,PTFTW33T67,AW67,C_C0,NOEARN_UNEMP_WO_CONBEN,NO,NO,32
USA,2023,ETRIWH,PTFTW33T67,AW67,C_C0,NOEARN_UNEMP_WO_CONBEN,NO,NO,20
USA,2024,ETRIWH,PTFTW33T67,AW67,C_C0,NOEARN_UNEMP_WO_CONBEN,NO,NO,21
USA,2025,ETRIWH,PTFTW33T67,AW67,C_C0,NOEARN_UNEMP_WO_CONBEN,NO,NO,21
OECD,2023,ETRIWH,PTFTW33T67,AW67,C_C0,NOEARN_UNEMP_WO_CONBEN,NO,NO,21
OECD,2025,ETRIWH,PTFTW33T67,AW67,C_C0,NOEARN_UNEMP_WO_CONBEN,NO,NO,21
ESP,2025,ETRIWH,PTFTW33T67,AW67,C_C0,NOEARN_UNEMP_WO_CONBEN,NO,YES,11
AUT,2023,ETRIWH,PTFTW50T66,AW67,C_C0,NOEARN_UNEMP_WO_CONBEN,NO,NO,38
AUT,2024,ETRIWH,PTFTW50T66,AW67,C_C0,NOEARN_UNEMP_WO_CONBEN,NO,NO,41
AUT,2025,ETRIWH,PTFTW50T66,AW67,C_C0,NOEARN_UNEMP_WO_CONBEN,NO,NO,39
BEL,2023,ETRIWH,PTFTW50T66,AW67,C_C0,NOEARN_UNEMP_WO_CONBEN,NO,NO,3
BEL,2024,ETRIWH,PTFTW50T66,AW67,C_C0,NOEARN_UNEMP_WO_CONBEN,NO,NO,3
BEL,2025,ETRIWH,PTFTW50T66,AW67,C_C0,NOEARN_UNEMP_WO_CONBEN,NO,NO,4
DNK,2023,ETRIWH,PTFTW50T66,AW67,C_C0,NOEARN_UNEMP_WO_CONBEN,NO,NO,39
DNK,2024,ETRIWH,PTFTW50T66,AW67,C_C0,NOEARN_UNEMP_WO_CONBEN,NO,NO,39
FRA,2023,ETRIWH,PTFTW50T66,AW67,C_C0,NOEARN_UNEMP_WO_CONBEN,NO,NO,32
FRA,2024,ETRIWH,PTFTW50T66,AW67,C_C0,NOEARN_UNEMP_WO_CONBEN,NO,NO,32
FRA,2025,ETRIWH,PTFTW50T66,AW67,C_C0,NOEARN_UNEMP_WO_CONBEN,NO,NO,32
DEU,2023,ETRIWH,PTFTW50T66,AW67,C_C0,NOEARN_UNEMP_WO_CONBEN,NO,NO,23
DEU,2024,ETRIWH,PTFTW50T66,AW67,C_C0,NOEARN_UNEMP_WO_CONBEN,NO,NO,23
DEU,2025,ETRIWH,PTFTW50T66,AW67,C_C0,NOEARN_UNEMP_WO_CONBEN,NO,NO,23
ITA,2023,ETRIWH,PTFTW50T66,AW67,C_C0,NOEARN_UNEMP_WO_CONBEN,NO,NO,28
ITA,2024,ETRIWH,PTFTW50T66,AW67,C_C0,NOEARN_UNEMP_WO_CONBEN,NO,NO,31
ITA,2025,ETRIWH,PTFTW50T66,AW67,C_C0,NOEARN_UNEMP_WO_CONBEN,NO,NO,9
NLD,2023,ETRIWH,PTFTW50T66,AW67,C_C0,NOEARN_UNEMP_WO_CONBEN,NO,NO,36
NLD,2024,ETRIWH,PTFTW50T66,AW67,C_C0,NOEARN_UNEMP_WO_CONBEN,NO,NO,35
POL,2023,ETRIWH,PTFTW50T66,AW67,C_C0,NOEARN_UNEMP_WO_CONBEN,NO,NO,21
POL,2024,ETRIWH,PTFTW50T66,AW67,C_C0,NOEARN_UNEMP_WO_CONBEN,NO,NO,21
POL,2025,ETRIWH,PTFTW50T66,AW67,C_C0,NOEARN_UNEMP_WO_CONBEN,NO,NO,21
ESP,2023,ETRIWH,PTFTW50T66,AW67,C_C0,NOEARN_UNEMP_WO_CONBEN,NO,NO,6
ESP,2024,ETRIWH,PTFTW50T66,AW67,C_C0,NOEARN_UNEMP_WO_CONBEN,NO,NO,6
ESP,2025,ETRIWH,PTFTW50T66,AW67,C_C0,NOEARN_UNEMP_WO_CONBEN,NO,NO,6
SWE,2023,ETRIWH,PTFTW50T66,AW67,C_C0,NOEARN_UNEMP_WO_CONBEN,NO,NO,28
SWE,2024,ETRIWH,PTFTW50T66,AW67,C_C0,NOEARN_UNEMP_WO_CONBEN,NO,NO,26
SWE,2025,ETRIWH,PTFTW50T66,AW67,C_C0,NOEARN_UNEMP_WO_CONBEN,NO,NO,25
GBR,2023,ETRIWH,PTFTW50T66,AW67,C_C0,NOEARN_UNEMP_WO_CONBEN,NO,NO,32
GBR,2024,ETRIWH,PTFTW50T66,AW67,C_C0,NOEARN_UNEMP_WO_CONBEN,NO,NO,28
GBR,2025,ETRIWH,PTFTW50T66,AW67,C_C0,NOEARN_UNEMP_WO_CONBEN,NO,NO,28
USA,2023,ETRIWH,PTFTW50T66,AW67,C_C0,NOEARN_UNEMP_WO_CONBEN,NO,NO,19
USA,2024,ETRIWH,PTFTW50T66,AW67,C_C0,NOEARN_UNEMP_WO_CONBEN,NO,NO,20
USA,2025,ETRIWH,PTFTW50T66,AW67,C_C0,NOEARN_UNEMP_WO_CONBEN,NO,NO,20
OECD,2023,ETRIWH,PTFTW50T66,AW67,C_C0,NOEARN_UNEMP_WO_CONBEN,NO,NO,25
OECD,2024,ETRIWH,PTFTW50T66,AW67,C_C0,NOEARN_UNEMP_WO_CONBEN,NO,NO,26
OECD,2025,ETRIWH,PTFTW50T66,AW67,C_C0,NOEARN_UNEMP_WO_CONBEN,NO,NO,25
AUT,2023,ETRIWH,PTFTW50T66,AW67,C_C0,NOEARN_UNEMP_WO_CONBEN,NO,YES,38
AUT,2024,ETRIWH,PTFTW50T66,AW67,C_C0,NOEARN_UNEMP_WO_CONBEN,NO,YES,41
AUT,2025,ETRIWH,PTFTW50T66,AW67,C_C0,NOEARN_UNEMP_WO_CONBEN,NO,YES,39
BEL,2023,ETRIWH,PTFTW50T66,AW67,C_C0,NOEARN_UNEMP_WO_CONBEN,NO,YES,3
BEL,2024,ETRIWH,PTFTW50T66,AW67,C_C0,NOEARN_UNEMP_WO_CONBEN,NO,YES,3
BEL,2025,ETRIWH,PTFTW50T66,AW67,C_C0,NOEARN_UNEMP_WO_CONBEN,NO,YES,4
DNK,2023,ETRIWH,PTFTW50T66,AW67,C_C0,NOEARN_UNEMP_WO_CONBEN,NO,YES,39
DNK,2024,ETRIWH,PTFTW50T66,AW67,C_C0,NOEARN_UNEMP_WO_CONBEN,NO,YES,39
FRA,2023,ETRIWH,PTFTW50T66,AW67,C_C0,NOEARN_UNEMP_WO_CONBEN,NO,YES,50
FRA,2024,ETRIWH,PTFTW50T66,AW67,C_C0,NOEARN_UNEMP_WO_CONBEN,NO,YES,52
FRA,2025,ETRIWH,PTFTW50T66,AW67,C_C0,NOEARN_UNEMP_WO_CONBEN,NO,YES,51
DEU,2023,ETRIWH,PTFTW50T66,AW67,C_C0,NOEARN_UNEMP_WO_CONBEN,NO,YES,61
DEU,2024,ETRIWH,PTFTW50T66,AW67,C_C0,NOEARN_UNEMP_WO_CONBEN,NO,YES,62
DEU,2025,ETRIWH,PTFTW50T66,AW67,C_C0,NOEARN_UNEMP_WO_CONBEN,NO,YES,61
ITA,2023,ETRIWH,PTFTW50T66,AW67,C_C0,NOEARN_UNEMP_WO_CONBEN,NO,YES,28
ITA,2024,ETRIWH,PTFTW50T66,AW67,C_C0,NOEARN_UNEMP_WO_CONBEN,NO,YES,31
ITA,2025,ETRIWH,PTFTW50T66,AW67,C_C0,NOEARN_UNEMP_WO_CONBEN,NO,YES,9
NLD,2023,ETRIWH,PTFTW50T66,AW67,C_C0,NOEARN_UNEMP_WO_CONBEN,NO,YES,41
NLD,2024,ETRIWH,PTFTW50T66,AW67,C_C0,NOEARN_UNEMP_WO_CONBEN,NO,YES,45
POL,2023,ETRIWH,PTFTW50T66,AW67,C_C0,NOEARN_UNEMP_WO_CONBEN,NO,YES,42
POL,2024,ETRIWH,PTFTW50T66,AW67,C_C0,NOEARN_UNEMP_WO_CONBEN,NO,YES,32
POL,2025,ETRIWH,PTFTW50T66,AW67,C_C0,NOEARN_UNEMP_WO_CONBEN,NO,YES,32
ESP,2023,ETRIWH,PTFTW50T66,AW67,C_C0,NOEARN_UNEMP_WO_CONBEN,NO,YES,13
ESP,2024,ETRIWH,PTFTW50T66,AW67,C_C0,NOEARN_UNEMP_WO_CONBEN,NO,YES,14
ESP,2025,ETRIWH,PTFTW50T66,AW67,C_C0,NOEARN_UNEMP_WO_CONBEN,NO,YES,16
SWE,2023,ETRIWH,PTFTW50T66,AW67,C_C0,NOEARN_UNEMP_WO_CONBEN,NO,YES,28
SWE,2024,ETRIWH,PTFTW50T66,AW67,C_C0,NOEARN_UNEMP_WO_CONBEN,NO,YES,26
SWE,2025,ETRIWH,PTFTW50T66,AW67,C_C0,NOEARN_UNEMP_WO_CONBEN,NO,YES,25
GBR,2023,ETRIWH,PTFTW50T66,AW67,C_C0,NOEARN_UNEMP_WO_CONBEN,NO,YES,69
GBR,2024,ETRIWH,PTFTW50T66,AW67,C_C0,NOEARN_UNEMP_WO_CONBEN,NO,YES,68
GBR,2025,ETRIWH,PTFTW50T66,AW67,C_C0,NOEARN_UNEMP_WO_CONBEN,NO,YES,68
USA,2023,ETRIWH,PTFTW50T66,AW67,C_C0,NOEARN_UNEMP_WO_CONBEN,NO,YES,19
USA,2024,ETRIWH,PTFTW50T66,AW67,C_C0,NOEARN_UNEMP_WO_CONBEN,NO,YES,20
USA,2025,ETRIWH,PTFTW50T66,AW67,C_C0,NOEARN_UNEMP_WO_CONBEN,NO,YES,20
OECD,2023,ETRIWH,PTFTW50T66,AW67,C_C0,NOEARN_UNEMP_WO_CONBEN,NO,YES,33
OECD,2024,ETRIWH,PTFTW50T66,AW67,C_C0,NOEARN_UNEMP_WO_CONBEN,NO,YES,34
OECD,2025,ETRIWH,PTFTW50T66,AW67,C_C0,NOEARN_UNEMP_WO_CONBEN,NO,YES,33
AUT,2023,ETRIWH,PTFTW50T100,AW67,C_C0,NOEARN_UNEMP_WO_CONBEN,NO,NO,42
AUT,2024,ETRIWH,PTFTW50T100,AW67,C_C0,NOEARN_UNEMP_WO_CONBEN,NO,NO,42
AUT,2025,ETRIWH,PTFTW50T100,AW67,C_C0,NOEARN_UNEMP_WO_CONBEN,NO,NO,42
BEL,2023,ETRIWH,PTFTW50T100,AW67,C_C0,NOEARN_UNEMP_WO_CONBEN,NO,NO,42
BEL,2024,ETRIWH,PTFTW50T100,AW67,C_C0,NOEARN_UNEMP_WO_CONBEN,NO,NO,42
BEL,2025,ETRIWH,PTFTW50T100,AW67,C_C0,NOEARN_UNEMP_WO_CONBEN,NO,NO,44
DNK,2023,ETRIWH,PTFTW50T100,AW67,C_C0,NOEARN_UNEMP_WO_CONBEN,NO,NO,39
DNK,2024,ETRIWH,PTFTW50T100,AW67,C_C0,NOEARN_UNEMP_WO_CONBEN,NO,NO,39
FRA,2023,ETRIWH,PTFTW50T100,AW67,C_C0,NOEARN_UNEMP_WO_CONBEN,NO,NO,44
FRA,2024,ETRIWH,PTFTW50T100,AW67,C_C0,NOEARN_UNEMP_WO_CONBEN,NO,NO,44
FRA,2025,ETRIWH,PTFTW50T100,AW67,C_C0,NOEARN_UNEMP_WO_CONBEN,NO,NO,44
DEU,2023,ETRIWH,PTFTW50T100,AW67,C_C0,NOEARN_UNEMP_WO_CONBEN,NO,NO,30
DEU,2024,ETRIWH,PTFTW50T100,AW67,C_C0,NOEARN_UNEMP_WO_CONBEN,NO,NO,30
DEU,2025,ETRIWH,PTFTW50T100,AW67,C_C0,NOEARN_UNEMP_WO_CONBEN,NO,NO,30
ITA,2023,ETRIWH,PTFTW50T100,AW67,C_C0,NOEARN_UNEMP_WO_CONBEN,NO,NO,43
ITA,2024,ETRIWH,PTFTW50T100,AW67,C_C0,NOEARN_UNEMP_WO_CONBEN,NO,NO,41
ITA,2025,ETRIWH,PTFTW50T100,AW67,C_C0,NOEARN_UNEMP_WO_CONBEN,NO,NO,34
NLD,2023,ETRIWH,PTFTW50T100,AW67,C_C0,NOEARN_UNEMP_WO_CONBEN,NO,NO,51
NLD,2024,ETRIWH,PTFTW50T100,AW67,C_C0,NOEARN_UNEMP_WO_CONBEN,NO,NO,51
POL,2023,ETRIWH,PTFTW50T100,AW67,C_C0,NOEARN_UNEMP_WO_CONBEN,NO,NO,21
POL,2024,ETRIWH,PTFTW50T100,AW67,C_C0,NOEARN_UNEMP_WO_CONBEN,NO,NO,21
POL,2025,ETRIWH,PTFTW50T100,AW67,C_C0,NOEARN_UNEMP_WO_CONBEN,NO,NO,21
ESP,2023,ETRIWH,PTFTW50T100,AW67,C_C0,NOEARN_UNEMP_WO_CONBEN,NO,NO,20
ESP,2025,ETRIWH,PTFTW50T100,AW67,C_C0,NOEARN_UNEMP_WO_CONBEN,NO,NO,23
SWE,2023,ETRIWH,PTFTW50T100,AW67,C_C0,NOEARN_UNEMP_WO_CONBEN,NO,NO,28
SWE,2024,ETRIWH,PTFTW50T100,AW67,C_C0,NOEARN_UNEMP_WO_CONBEN,NO,NO,27
SWE,2025,ETRIWH,PTFTW50T100,AW67,C_C0,NOEARN_UNEMP_WO_CONBEN,NO,NO,26
GBR,2023,ETRIWH,PTFTW50T100,AW67,C_C0,NOEARN_UNEMP_WO_CONBEN,NO,NO,32
GBR,2024,ETRIWH,PTFTW50T100,AW67,C_C0,NOEARN_UNEMP_WO_CONBEN,NO,NO,28
GBR,2025,ETRIWH,PTFTW50T100,AW67,C_C0,NOEARN_UNEMP_WO_CONBEN,NO,NO,28
USA,2024,ETRIWH,PTFTW50T100,AW67,C_C0,NOEARN_UNEMP_WO_CONBEN,NO,NO,23
USA,2025,ETRIWH,PTFTW50T100,AW67,C_C0,NOEARN_UNEMP_WO_CONBEN,NO,NO,23
OECD,2023,ETRIWH,PTFTW50T100,AW67,C_C0,NOEARN_UNEMP_WO_CONBEN,NO,NO,32
OECD,2024,ETRIWH,PTFTW50T100,AW67,C_C0,NOEARN_UNEMP_WO_CONBEN,NO,NO,33
OECD,2025,ETRIWH,PTFTW50T100,AW67,C_C0,NOEARN_UNEMP_WO_CONBEN,NO,NO,32
AUT,2023,ETRIWH,PTFTW50T100,AW67,C_C0,NOEARN_UNEMP_WO_CONBEN,NO,YES,42
AUT,2024,ETRIWH,PTFTW50T100,AW67,C_C0,NOEARN_UNEMP_WO_CONBEN,NO,YES,42
AUT,2025,ETRIWH,PTFTW50T100,AW67,C_C0,NOEARN_UNEMP_WO_CONBEN,NO,YES,42
BEL,2023,ETRIWH,PTFTW50T100,AW67,C_C0,NOEARN_UNEMP_WO_CONBEN,NO,YES,42
BEL,2024,ETRIWH,PTFTW50T100,AW67,C_C0,NOEARN_UNEMP_WO_CONBEN,NO,YES,42
BEL,2025,ETRIWH,PTFTW50T100,AW67,C_C0,NOEARN_UNEMP_WO_CONBEN,NO,YES,44
DNK,2023,ETRIWH,PTFTW50T100,AW67,C_C0,NOEARN_UNEMP_WO_CONBEN,NO,YES,39
DNK,2024,ETRIWH,PTFTW50T100,AW67,C_C0,NOEARN_UNEMP_WO_CONBEN,NO,YES,39
FRA,2023,ETRIWH,PTFTW50T100,AW67,C_C0,NOEARN_UNEMP_WO_CONBEN,NO,YES,50
FRA,2024,ETRIWH,PTFTW50T100,AW67,C_C0,NOEARN_UNEMP_WO_CONBEN,NO,YES,51
FRA,2025,ETRIWH,PTFTW50T100,AW67,C_C0,NOEARN_UNEMP_WO_CONBEN,NO,YES,50
DEU,2023,ETRIWH,PTFTW50T100,AW67,C_C0,NOEARN_UNEMP_WO_CONBEN,NO,YES,52
DEU,2024,ETRIWH,PTFTW50T100,AW67,C_C0,NOEARN_UNEMP_WO_CONBEN,NO,YES,48
DEU,2025,ETRIWH,PTFTW50T100,AW67,C_C0,NOEARN_UNEMP_WO_CONBEN,NO,YES,49
ITA,2023,ETRIWH,PTFTW50T100,AW67,C_C0,NOEARN_UNEMP_WO_CONBEN,NO,YES,44
ITA,2024,ETRIWH,PTFTW50T100,AW67,C_C0,NOEARN_UNEMP_WO_CONBEN,NO,YES,42
ITA,2025,ETRIWH,PTFTW50T100,AW67,C_C0,NOEARN_UNEMP_WO_CONBEN,NO,YES,35
NLD,2023,ETRIWH,PTFTW50T100,AW67,C_C0,NOEARN_UNEMP_WO_CONBEN,NO,YES,66
NLD,2024,ETRIWH,PTFTW50T100,AW67,C_C0,NOEARN_UNEMP_WO_CONBEN,NO,YES,68
POL,2023,ETRIWH,PTFTW50T100,AW67,C_C0,NOEARN_UNEMP_WO_CONBEN,NO,YES,57
POL,2024,ETRIWH,PTFTW50T100,AW67,C_C0,NOEARN_UNEMP_WO_CONBEN,NO,YES,57
POL,2025,ETRIWH,PTFTW50T100,AW67,C_C0,NOEARN_UNEMP_WO_CONBEN,NO,YES,57
ESP,2023,ETRIWH,PTFTW50T100,AW67,C_C0,NOEARN_UNEMP_WO_CONBEN,NO,YES,28
ESP,2024,ETRIWH,PTFTW50T100,AW67,C_C0,NOEARN_UNEMP_WO_CONBEN,NO,YES,29
ESP,2025,ETRIWH,PTFTW50T100,AW67,C_C0,NOEARN_UNEMP_WO_CONBEN,NO,YES,30
SWE,2023,ETRIWH,PTFTW50T100,AW67,C_C0,NOEARN_UNEMP_WO_CONBEN,NO,YES,28
SWE,2024,ETRIWH,PTFTW50T100,AW67,C_C0,NOEARN_UNEMP_WO_CONBEN,NO,YES,27
SWE,2025,ETRIWH,PTFTW50T100,AW67,C_C0,NOEARN_UNEMP_WO_CONBEN,NO,YES,26
GBR,2023,ETRIWH,PTFTW50T100,AW67,C_C0,NOEARN_UNEMP_WO_CONBEN,NO,YES,69
GBR,2024,ETRIWH,PTFTW50T100,AW67,C_C0,NOEARN_UNEMP_WO_CONBEN,NO,YES,68
GBR,2025,ETRIWH,PTFTW50T100,AW67,C_C0,NOEARN_UNEMP_WO_CONBEN,NO,YES,68
USA,2024,ETRIWH,PTFTW50T100,AW67,C_C0,NOEARN_UNEMP_WO_CONBEN,NO,YES,23
USA,2025,ETRIWH,PTFTW50T100,AW67,C_C0,NOEARN_UNEMP_WO_CONBEN,NO,YES,23
OECD,2023,ETRIWH,PTFTW50T100,AW67,C_C0,NOEARN_UNEMP_WO_CONBEN,NO,YES,41
OECD,2024,ETRIWH,PTFTW50T100,AW67,C_C0,NOEARN_UNEMP_WO_CONBEN,NO,YES,41
OECD,2025,ETRIWH,PTFTW50T100,AW67,C_C0,NOEARN_UNEMP_WO_CONBEN,NO,YES,39
AUT,2023,ETRIWH,PTFTW67T100,AW67,C_C0,NOEARN_UNEMP_WO_CONBEN,NO,NO,44
AUT,2024,ETRIWH,PTFTW67T100,AW67,C_C0,NOEARN_UNEMP_WO_CONBEN,NO,NO,42
AUT,2025,ETRIWH,PTFTW67T100,AW67,C_C0,NOEARN_UNEMP_WO_CONBEN,NO,NO,44
BEL,2023,ETRIWH,PTFTW67T100,AW67,C_C0,NOEARN_UNEMP_WO_CONBEN,NO,NO,62
BEL,2024,ETRIWH,PTFTW67T100,AW67,C_C0,NOEARN_UNEMP_WO_CONBEN,NO,NO,62
BEL,2025,ETRIWH,PTFTW67T100,AW67,C_C0,NOEARN_UNEMP_WO_CONBEN,NO,NO,65
DNK,2023,ETRIWH,PTFTW67T100,AW67,C_C0,NOEARN_UNEMP_WO_CONBEN,NO,NO,39
DNK,2024,ETRIWH,PTFTW67T100,AW67,C_C0,NOEARN_UNEMP_WO_CONBEN,NO,NO,39
FRA,2023,ETRIWH,PTFTW67T100,AW67,C_C0,NOEARN_UNEMP_WO_CONBEN,NO,NO,50
FRA,2024,ETRIWH,PTFTW67T100,AW67,C_C0,NOEARN_UNEMP_WO_CONBEN,NO,NO,50
FRA,2025,ETRIWH,PTFTW67T100,AW67,C_C0,NOEARN_UNEMP_WO_CONBEN,NO,NO,50
DEU,2023,ETRIWH,PTFTW67T100,AW67,C_C0,NOEARN_UNEMP_WO_CONBEN,NO,NO,34
DEU,2024,ETRIWH,PTFTW67T100,AW67,C_C0,NOEARN_UNEMP_WO_CONBEN,NO,NO,34
DEU,2025,ETRIWH,PTFTW67T100,AW67,C_C0,NOEARN_UNEMP_WO_CONBEN,NO,NO,34
ITA,2023,ETRIWH,PTFTW67T100,AW67,C_C0,NOEARN_UNEMP_WO_CONBEN,NO,NO,50
ITA,2024,ETRIWH,PTFTW67T100,AW67,C_C0,NOEARN_UNEMP_WO_CONBEN,NO,NO,46
ITA,2025,ETRIWH,PTFTW67T100,AW67,C_C0,NOEARN_UNEMP_WO_CONBEN,NO,NO,46
NLD,2023,ETRIWH,PTFTW67T100,AW67,C_C0,NOEARN_UNEMP_WO_CONBEN,NO,NO,59
NLD,2024,ETRIWH,PTFTW67T100,AW67,C_C0,NOEARN_UNEMP_WO_CONBEN,NO,NO,60
POL,2023,ETRIWH,PTFTW67T100,AW67,C_C0,NOEARN_UNEMP_WO_CONBEN,NO,NO,21
POL,2024,ETRIWH,PTFTW67T100,AW67,C_C0,NOEARN_UNEMP_WO_CONBEN,NO,NO,21
POL,2025,ETRIWH,PTFTW67T100,AW67,C_C0,NOEARN_UNEMP_WO_CONBEN,NO,NO,21
ESP,2023,ETRIWH,PTFTW67T100,AW67,C_C0,NOEARN_UNEMP_WO_CONBEN,NO,NO,27
ESP,2024,ETRIWH,PTFTW67T100,AW67,C_C0,NOEARN_UNEMP_WO_CONBEN,NO,NO,30
ESP,2025,ETRIWH,PTFTW67T100,AW67,C_C0,NOEARN_UNEMP_WO_CONBEN,NO,NO,31
SWE,2023,ETRIWH,PTFTW67T100,AW67,C_C0,NOEARN_UNEMP_WO_CONBEN,NO,NO,28
SWE,2024,ETRIWH,PTFTW67T100,AW67,C_C0,NOEARN_UNEMP_WO_CONBEN,NO,NO,27
SWE,2025,ETRIWH,PTFTW67T100,AW67,C_C0,NOEARN_UNEMP_WO_CONBEN,NO,NO,26
GBR,2023,ETRIWH,PTFTW67T100,AW67,C_C0,NOEARN_UNEMP_WO_CONBEN,NO,NO,32
GBR,2024,ETRIWH,PTFTW67T100,AW67,C_C0,NOEARN_UNEMP_WO_CONBEN,NO,NO,28
GBR,2025,ETRIWH,PTFTW67T100,AW67,C_C0,NOEARN_UNEMP_WO_CONBEN,NO,NO,28
USA,2023,ETRIWH,PTFTW67T100,AW67,C_C0,NOEARN_UNEMP_WO_CONBEN,NO,NO,24
USA,2024,ETRIWH,PTFTW67T100,AW67,C_C0,NOEARN_UNEMP_WO_CONBEN,NO,NO,24
USA,2025,ETRIWH,PTFTW67T100,AW67,C_C0,NOEARN_UNEMP_WO_CONBEN,NO,NO,24
OECD,2023,ETRIWH,PTFTW67T100,AW67,C_C0,NOEARN_UNEMP_WO_CONBEN,NO,NO,35
OECD,2024,ETRIWH,PTFTW67T100,AW67,C_C0,NOEARN_UNEMP_WO_CONBEN,NO,NO,36
OECD,2025,ETRIWH,PTFTW67T100,AW67,C_C0,NOEARN_UNEMP_WO_CONBEN,NO,NO,35
AUT,2023,ETRIWH,PTFTW67T100,AW67,C_C0,NOEARN_UNEMP_WO_CONBEN,NO,YES,44
AUT,2024,ETRIWH,PTFTW67T100,AW67,C_C0,NOEARN_UNEMP_WO_CONBEN,NO,YES,42
AUT,2025,ETRIWH,PTFTW67T100,AW67,C_C0,NOEARN_UNEMP_WO_CONBEN,NO,YES,44
BEL,2023,ETRIWH,PTFTW67T100,AW67,C_C0,NOEARN_UNEMP_WO_CONBEN,NO,YES,62
BEL,2024,ETRIWH,PTFTW67T100,AW67,C_C0,NOEARN_UNEMP_WO_CONBEN,NO,YES,62
BEL,2025,ETRIWH,PTFTW67T100,AW67,C_C0,NOEARN_UNEMP_WO_CONBEN,NO,YES,65
DNK,2023,ETRIWH,PTFTW67T100,AW67,C_C0,NOEARN_UNEMP_WO_CONBEN,NO,YES,39
DNK,2024,ETRIWH,PTFTW67T100,AW67,C_C0,NOEARN_UNEMP_WO_CONBEN,NO,YES,39
FRA,2023,ETRIWH,PTFTW67T100,AW67,C_C0,NOEARN_UNEMP_WO_CONBEN,NO,YES,50
FRA,2024,ETRIWH,PTFTW67T100,AW67,C_C0,NOEARN_UNEMP_WO_CONBEN,NO,YES,50
FRA,2025,ETRIWH,PTFTW67T100,AW67,C_C0,NOEARN_UNEMP_WO_CONBEN,NO,YES,50
DEU,2023,ETRIWH,PTFTW67T100,AW67,C_C0,NOEARN_UNEMP_WO_CONBEN,NO,YES,46
DEU,2024,ETRIWH,PTFTW67T100,AW67,C_C0,NOEARN_UNEMP_WO_CONBEN,NO,YES,42
DEU,2025,ETRIWH,PTFTW67T100,AW67,C_C0,NOEARN_UNEMP_WO_CONBEN,NO,YES,42
ITA,2023,ETRIWH,PTFTW67T100,AW67,C_C0,NOEARN_UNEMP_WO_CONBEN,NO,YES,52
ITA,2024,ETRIWH,PTFTW67T100,AW67,C_C0,NOEARN_UNEMP_WO_CONBEN,NO,YES,47
ITA,2025,ETRIWH,PTFTW67T100,AW67,C_C0,NOEARN_UNEMP_WO_CONBEN,NO,YES,48
NLD,2023,ETRIWH,PTFTW67T100,AW67,C_C0,NOEARN_UNEMP_WO_CONBEN,NO,YES,79
NLD,2024,ETRIWH,PTFTW67T100,AW67,C_C0,NOEARN_UNEMP_WO_CONBEN,NO,YES,79
POL,2023,ETRIWH,PTFTW67T100,AW67,C_C0,NOEARN_UNEMP_WO_CONBEN,NO,YES,65
POL,2024,ETRIWH,PTFTW67T100,AW67,C_C0,NOEARN_UNEMP_WO_CONBEN,NO,YES,70
POL,2025,ETRIWH,PTFTW67T100,AW67,C_C0,NOEARN_UNEMP_WO_CONBEN,NO,YES,70
ESP,2023,ETRIWH,PTFTW67T100,AW67,C_C0,NOEARN_UNEMP_WO_CONBEN,NO,YES,36
ESP,2024,ETRIWH,PTFTW67T100,AW67,C_C0,NOEARN_UNEMP_WO_CONBEN,NO,YES,37
ESP,2025,ETRIWH,PTFTW67T100,AW67,C_C0,NOEARN_UNEMP_WO_CONBEN,NO,YES,37
SWE,2023,ETRIWH,PTFTW67T100,AW67,C_C0,NOEARN_UNEMP_WO_CONBEN,NO,YES,28
SWE,2024,ETRIWH,PTFTW67T100,AW67,C_C0,NOEARN_UNEMP_WO_CONBEN,NO,YES,27
SWE,2025,ETRIWH,PTFTW67T100,AW67,C_C0,NOEARN_UNEMP_WO_CONBEN,NO,YES,26
GBR,2023,ETRIWH,PTFTW67T100,AW67,C_C0,NOEARN_UNEMP_WO_CONBEN,NO,YES,69
GBR,2024,ETRIWH,PTFTW67T100,AW67,C_C0,NOEARN_UNEMP_WO_CONBEN,NO,YES,68
GBR,2025,ETRIWH,PTFTW67T100,AW67,C_C0,NOEARN_UNEMP_WO_CONBEN,NO,YES,68
USA,2023,ETRIWH,PTFTW67T100,AW67,C_C0,NOEARN_UNEMP_WO_CONBEN,NO,YES,24
USA,2024,ETRIWH,PTFTW67T100,AW67,C_C0,NOEARN_UNEMP_WO_CONBEN,NO,YES,24
USA,2025,ETRIWH,PTFTW67T100,AW67,C_C0,NOEARN_UNEMP_WO_CONBEN,NO,YES,24
OECD,2023,ETRIWH,PTFTW67T100,AW67,C_C0,NOEARN_UNEMP_WO_CONBEN,NO,YES,45
OECD,2024,ETRIWH,PTFTW67T100,AW67,C_C0,NOEARN_UNEMP_WO_CONBEN,NO,YES,45
OECD,2025,ETRIWH,PTFTW67T100,AW67,C_C0,NOEARN_UNEMP_WO_CONBEN,NO,YES,43
ESP,2024,ETRIWH,PTFTW50T100,AW67,C_C0,NOEARN_UNEMP_WO_CONBEN,NO,NO,22
USA,2023,ETRIWH,PTFTW50T100,AW67,C_C0,NOEARN_UNEMP_WO_CONBEN,NO,NO,22
USA,2023,ETRIWH,PTFTW50T100,AW67,C_C0,NOEARN_UNEMP_WO_CONBEN,NO,YES,22
OECD,2024,ETRIWH,PTFTW33T67,AW67,C_C0,NOEARN_UNEMP_WO_CONBEN,NO,NO,22
ESP,2025,ETRIWH,PTFTW50T100,MINW,C_C0,NOEARN_UNEMP_WO_CONBEN,NO,YES,22
OECD,2024,ETRIWH,PTFTW67T100,MINW,C_C0,NOEARN_UNEMP_WO_CONBEN,NO,NO,22
OECD,2024,ETRIWH,PTFTW33T67,MINW,C_C0,NOEARN_UNEMP_WO_CONBEN,NO,YES,22
OECD,2025,ETRIWH,PTFTW33T67,MINW,C_C0,NOEARN_UNEMP_WO_CONBEN,NO,YES,22
OECD,2025,ETRIWH,PTFTW67T100,MINW,C_C0,NOEARN_UNEMP_WO_CONBEN,NO,NO,22
USA,2023,ETRIWH,PTFTW33T67,MINW,C_C0,NOEARN_UNEMP_WO_CONBEN,NO,YES,11
USA,2023,ETRIWH,PTFTW33T67,MINW,C_C0,NOEARN_UNEMP_WO_CONBEN,NO,NO,11
NLD,2023,ETRIWH,PTFTW50T100,MINW,C_C0,NOEARN_UNEMP_WO_CONBEN,NO,NO,16
NLD,2023,ETRIWH,PTFTW50T100,MINW,C_C0,NOEARN_UNEMP_WO_CONBEN,NO,YES,16
ESP,2024,ETRIWH,PTFTW67T100,MINW,C_C0,NOEARN_UNEMP_WO_CONBEN,NO,YES,16
USA,2024,ETRIWH,PTFTW33T67,MINW,C_C0,NOEARN_UNEMP_WO_CONBEN,NO,NO,10
USA,2024,ETRIWH,PTFTW33T67,MINW,C_C0,NOEARN_UNEMP_WO_CONBEN,NO,YES,10
USA,2025,ETRIWH,PTFTW33T67,MINW,C_C0,NOEARN_UNEMP_WO_CONBEN,NO,YES,10
USA,2025,ETRIWH,PTFTW33T67,MINW,C_C0,NOEARN_UNEMP_WO_CONBEN,NO,NO,10
POL,2023,ETRIWH,PTFTW67T100,MINW,C_C0,NOEARN_UNEMP_WO_CONBEN,NO,NO,21
POL,2023,ETRIWH,PTFTW50T66,MINW,C_C0,NOEARN_UNEMP_WO_CONBEN,NO,NO,21
POL,2023,ETRIWH,PTFTW50T100,MINW,C_C0,NOEARN_UNEMP_WO_CONBEN,NO,NO,21
POL,2023,ETRIWH,PTFTW33T67,MINW,C_C0,NOEARN_UNEMP_WO_CONBEN,NO,NO,21
POL,2024,ETRIWH,PTFTW33T67,MINW,C_C0,NOEARN_UNEMP_WO_CONBEN,NO,NO,21
POL,2024,ETRIWH,PTFTW50T100,MINW,C_C0,NOEARN_UNEMP_WO_CONBEN,NO,NO,21
POL,2024,ETRIWH,PTFTW50T66,MINW,C_C0,NOEARN_UNEMP_WO_CONBEN,NO,NO,21
POL,2024,ETRIWH,PTFTW67T100,MINW,C_C0,NOEARN_UNEMP_WO_CONBEN,NO,NO,21
POL,2025,ETRIWH,PTFTW67T100,MINW,C_C0,NOEARN_UNEMP_WO_CONBEN,NO,NO,21
POL,2025,ETRIWH,PTFTW50T66,MINW,C_C0,NOEARN_UNEMP_WO_CONBEN,NO,NO,21
POL,2025,ETRIWH,PTFTW50T100,MINW,C_C0,NOEARN_UNEMP_WO_CONBEN,NO,NO,21
POL,2025,ETRIWH,PTFTW33T67,MINW,C_C0,NOEARN_UNEMP_WO_CONBEN,NO,NO,21
OECD,2023,ETRIWH,PTFTW67T100,MINW,C_C0,NOEARN_UNEMP_WO_CONBEN,NO,NO,21
OECD,2024,ETRIWH,PTFTW50T100,MINW,C_C0,NOEARN_UNEMP_WO_CONBEN,NO,NO,21
OECD,2025,ETRIWH,PTFTW50T100,MINW,C_C0,NOEARN_UNEMP_WO_CONBEN,NO,NO,21
NLD,2023,ETRIWH,PTFTW33T67,MINW,C_C0,NOEARN_UNEMP_WO_CONBEN,NO,NO,6
NLD,2024,ETRIWH,PTFTW50T66,MINW,C_C0,NOEARN_UNEMP_WO_CONBEN,NO,NO,6
ESP,2023,ETRIWH,PTFTW50T66,MINW,C_C0,NOEARN_UNEMP_WO_CONBEN,NO,NO,6
ESP,2023,ETRIWH,PTFTW33T67,MINW,C_C0,NOEARN_UNEMP_WO_CONBEN,NO,NO,6
ESP,2023,ETRIWH,PTFTW50T100,MINW,C_C0,NOEARN_UNEMP_WO_CONBEN,NO,NO,6
ESP,2023,ETRIWH,PTFTW67T100,MINW,C_C0,NOEARN_UNEMP_WO_CONBEN,NO,NO,6
ESP,2024,ETRIWH,PTFTW67T100,MINW,C_C0,NOEARN_UNEMP_WO_CONBEN,NO,NO,6
ESP,2024,ETRIWH,PTFTW50T100,MINW,C_C0,NOEARN_UNEMP_WO_CONBEN,NO,NO,6
ESP,2024,ETRIWH,PTFTW33T67,MINW,C_C0,NOEARN_UNEMP_WO_CONBEN,NO,NO,6
ESP,2024,ETRIWH,PTFTW50T66,MINW,C_C0,NOEARN_UNEMP_WO_CONBEN,NO,NO,6
ESP,2025,ETRIWH,PTFTW50T66,MINW,C_C0,NOEARN_UNEMP_WO_CONBEN,NO,NO,6
ESP,2025,ETRIWH,PTFTW33T67,MINW,C_C0,NOEARN_UNEMP_WO_CONBEN,NO,NO,6
BEL,2023,ETRIWH,PTFTW33T67,MINW,C_C0,NOEARN_UNEMP_WO_CONBEN,NO,NO,2
BEL,2023,ETRIWH,PTFTW67T100,MINW,C_C0,NOEARN_UNEMP_WO_CONBEN,NO,NO,2
BEL,2023,ETRIWH,PTFTW50T100,MINW,C_C0,NOEARN_UNEMP_WO_CONBEN,NO,NO,2
BEL,2023,ETRIWH,PTFTW50T66,MINW,C_C0,NOEARN_UNEMP_WO_CONBEN,NO,NO,2
BEL,2024,ETRIWH,PTFTW50T66,MINW,C_C0,NOEARN_UNEMP_WO_CONBEN,NO,NO,2
BEL,2024,ETRIWH,PTFTW50T100,MINW,C_C0,NOEARN_UNEMP_WO_CONBEN,NO,NO,2
BEL,2024,ETRIWH,PTFTW67T100,MINW,C_C0,NOEARN_UNEMP_WO_CONBEN,NO,NO,2
BEL,2024,ETRIWH,PTFTW33T67,MINW,C_C0,NOEARN_UNEMP_WO_CONBEN,NO,NO,2
BEL,2025,ETRIWH,PTFTW33T67,MINW,C_C0,NOEARN_UNEMP_WO_CONBEN,NO,NO,2
BEL,2025,ETRIWH,PTFTW67T100,MINW,C_C0,NOEARN_UNEMP_WO_CONBEN,NO,NO,2
BEL,2025,ETRIWH,PTFTW50T100,MINW,C_C0,NOEARN_UNEMP_WO_CONBEN,NO,NO,2
BEL,2025,ETRIWH,PTFTW50T66,MINW,C_C0,NOEARN_UNEMP_WO_CONBEN,NO,NO,2
GBR,2023,ETRIWH,PTFTW50T66,MINW,C_C0,NOEARN_UNEMP_WO_CONBEN,NO,NO,20
USA,2023,ETRIWH,PTFTW67T100,MINW,C_C0,NOEARN_UNEMP_WO_CONBEN,NO,NO,20
USA,2024,ETRIWH,PTFTW67T100,MINW,C_C0,NOEARN_UNEMP_WO_CONBEN,NO,NO,20
USA,2025,ETRIWH,PTFTW67T100,MINW,C_C0,NOEARN_UNEMP_WO_CONBEN,NO,NO,20
OECD,2023,ETRIWH,PTFTW50T100,MINW,C_C0,NOEARN_UNEMP_WO_CONBEN,NO,NO,20
NLD,2023,ETRIWH,PTFTW50T66,MINW,C_C0,NOEARN_UNEMP_WO_CONBEN,NO,NO,9
ESP,2025,ETRIWH,PTFTW67T100,MINW,C_C0,NOEARN_UNEMP_WO_CONBEN,NO,NO,9
NLD,2024,ETRIWH,PTFTW50T100,MINW,C_C0,NOEARN_UNEMP_WO_CONBEN,NO,NO,14
USA,2023,ETRIWH,PTFTW50T66,MINW,C_C0,NOEARN_UNEMP_WO_CONBEN,NO,NO,14
USA,2024,ETRIWH,PTFTW50T66,MINW,C_C0,NOEARN_UNEMP_WO_CONBEN,NO,NO,14
USA,2025,ETRIWH,PTFTW50T66,MINW,C_C0,NOEARN_UNEMP_WO_CONBEN,NO,NO,14
NLD,2023,ETRIWH,PTFTW67T100,MINW,C_C0,NOEARN_UNEMP_WO_CONBEN,NO,NO,19
OECD,2025,ETRIWH,PTFTW50T66,MINW,C_C0,NOEARN_UNEMP_WO_CONBEN,NO,NO,19
OECD,2023,ETRIWH,PTFTW50T66,MINW,C_C0,NOEARN_UNEMP_WO_CONBEN,NO,NO,17
OECD,2023,ETRIWH,PTFTW33T67,MINW,C_C0,NOEARN_UNEMP_WO_CONBEN,NO,NO,17
FRA,2023,ETRIWH,PTFTW50T100,MINW,C_C0,NOEARN_UNEMP_WO_CONBEN,NO,NO,32
FRA,2023,ETRIWH,PTFTW50T66,MINW,C_C0,NOEARN_UNEMP_WO_CONBEN,NO,NO,32
FRA,2023,ETRIWH,PTFTW33T67,MINW,C_C0,NOEARN_UNEMP_WO_CONBEN,NO,NO,41
FRA,2023,ETRIWH,PTFTW67T100,MINW,C_C0,NOEARN_UNEMP_WO_CONBEN,NO,NO,32
FRA,2024,ETRIWH,PTFTW67T100,MINW,C_C0,NOEARN_UNEMP_WO_CONBEN,NO,NO,32
FRA,2024,ETRIWH,PTFTW33T67,MINW,C_C0,NOEARN_UNEMP_WO_CONBEN,NO,NO,42
FRA,2024,ETRIWH,PTFTW50T66,MINW,C_C0,NOEARN_UNEMP_WO_CONBEN,NO,NO,32
FRA,2024,ETRIWH,PTFTW50T100,MINW,C_C0,NOEARN_UNEMP_WO_CONBEN,NO,NO,32
FRA,2025,ETRIWH,PTFTW50T100,MINW,C_C0,NOEARN_UNEMP_WO_CONBEN,NO,NO,32
FRA,2025,ETRIWH,PTFTW50T66,MINW,C_C0,NOEARN_UNEMP_WO_CONBEN,NO,NO,32
FRA,2025,ETRIWH,PTFTW33T67,MINW,C_C0,NOEARN_UNEMP_WO_CONBEN,NO,NO,41
FRA,2025,ETRIWH,PTFTW67T100,MINW,C_C0,NOEARN_UNEMP_WO_CONBEN,NO,NO,32
DEU,2023,ETRIWH,PTFTW33T67,MINW,C_C0,NOEARN_UNEMP_WO_CONBEN,NO,NO,25
DEU,2023,ETRIWH,PTFTW50T100,MINW,C_C0,NOEARN_UNEMP_WO_CONBEN,NO,NO,25
DEU,2023,ETRIWH,PTFTW67T100,MINW,C_C0,NOEARN_UNEMP_WO_CONBEN,NO,NO,24
DEU,2023,ETRIWH,PTFTW50T66,MINW,C_C0,NOEARN_UNEMP_WO_CONBEN,NO,NO,25
DEU,2024,ETRIWH,PTFTW50T66,MINW,C_C0,NOEARN_UNEMP_WO_CONBEN,NO,NO,26
DEU,2024,ETRIWH,PTFTW67T100,MINW,C_C0,NOEARN_UNEMP_WO_CONBEN,NO,NO,25
DEU,2024,ETRIWH,PTFTW50T100,MINW,C_C0,NOEARN_UNEMP_WO_CONBEN,NO,NO,25
DEU,2024,ETRIWH,PTFTW33T67,MINW,C_C0,NOEARN_UNEMP_WO_CONBEN,NO,NO,26
DEU,2025,ETRIWH,PTFTW33T67,MINW,C_C0,NOEARN_UNEMP_WO_CONBEN,NO,NO,27
DEU,2025,ETRIWH,PTFTW50T100,MINW,C_C0,NOEARN_UNEMP_WO_CONBEN,NO,NO,26
DEU,2025,ETRIWH,PTFTW67T100,MINW,C_C0,NOEARN_UNEMP_WO_CONBEN,NO,NO,25
DEU,2025,ETRIWH,PTFTW50T66,MINW,C_C0,NOEARN_UNEMP_WO_CONBEN,NO,NO,27
NLD,2024,ETRIWH,PTFTW33T67,MINW,C_C0,NOEARN_UNEMP_WO_CONBEN,NO,NO,3
NLD,2024,ETRIWH,PTFTW67T100,MINW,C_C0,NOEARN_UNEMP_WO_CONBEN,NO,NO,18
ESP,2025,ETRIWH,PTFTW50T100,MINW,C_C0,NOEARN_UNEMP_WO_CONBEN,NO,NO,8
GBR,2023,ETRIWH,PTFTW67T100,MINW,C_C0,NOEARN_UNEMP_WO_CONBEN,NO,NO,32
GBR,2023,ETRIWH,PTFTW33T67,MINW,C_C0,NOEARN_UNEMP_WO_CONBEN,NO,NO,37
GBR,2023,ETRIWH,PTFTW50T100,MINW,C_C0,NOEARN_UNEMP_WO_CONBEN,NO,NO,28
GBR,2024,ETRIWH,PTFTW50T100,MINW,C_C0,NOEARN_UNEMP_WO_CONBEN,NO,NO,32
GBR,2024,ETRIWH,PTFTW33T67,MINW,C_C0,NOEARN_UNEMP_WO_CONBEN,NO,NO,47
GBR,2024,ETRIWH,PTFTW50T66,MINW,C_C0,NOEARN_UNEMP_WO_CONBEN,NO,NO,39
GBR,2024,ETRIWH,PTFTW67T100,MINW,C_C0,NOEARN_UNEMP_WO_CONBEN,NO,NO,28
GBR,2025,ETRIWH,PTFTW67T100,MINW,C_C0,NOEARN_UNEMP_WO_CONBEN,NO,NO,28
GBR,2025,ETRIWH,PTFTW50T66,MINW,C_C0,NOEARN_UNEMP_WO_CONBEN,NO,NO,36
GBR,2025,ETRIWH,PTFTW33T67,MINW,C_C0,NOEARN_UNEMP_WO_CONBEN,NO,NO,45
GBR,2025,ETRIWH,PTFTW50T100,MINW,C_C0,NOEARN_UNEMP_WO_CONBEN,NO,NO,31
USA,2023,ETRIWH,PTFTW50T100,MINW,C_C0,NOEARN_UNEMP_WO_CONBEN,NO,NO,18
USA,2024,ETRIWH,PTFTW50T100,MINW,C_C0,NOEARN_UNEMP_WO_CONBEN,NO,NO,18
USA,2025,ETRIWH,PTFTW50T100,MINW,C_C0,NOEARN_UNEMP_WO_CONBEN,NO,NO,18
OECD,2024,ETRIWH,PTFTW33T67,MINW,C_C0,NOEARN_UNEMP_WO_CONBEN,NO,NO,18
OECD,2024,ETRIWH,PTFTW50T66,MINW,C_C0,NOEARN_UNEMP_WO_CONBEN,NO,NO,18
OECD,2025,ETRIWH,PTFTW33T67,MINW,C_C0,NOEARN_UNEMP_WO_CONBEN,NO,NO,18
BEL,2023,ETRIWH,PTFTW33T67,MINW,C_C0,NOEARN_UNEMP_WO_CONBEN,NO,YES,2
BEL,2024,ETRIWH,PTFTW33T67,MINW,C_C0,NOEARN_UNEMP_WO_CONBEN,NO,YES,2
BEL,2025,ETRIWH,PTFTW33T67,MINW,C_C0,NOEARN_UNEMP_WO_CONBEN,NO,YES,2
FRA,2023,ETRIWH,PTFTW33T67,MINW,C_C0,NOEARN_UNEMP_WO_CONBEN,NO,YES,60
FRA,2024,ETRIWH,PTFTW33T67,MINW,C_C0,NOEARN_UNEMP_WO_CONBEN,NO,YES,59
FRA,2025,ETRIWH,PTFTW33T67,MINW,C_C0,NOEARN_UNEMP_WO_CONBEN,NO,YES,59
DEU,2023,ETRIWH,PTFTW33T67,MINW,C_C0,NOEARN_UNEMP_WO_CONBEN,NO,YES,50
DEU,2024,ETRIWH,PTFTW33T67,MINW,C_C0,NOEARN_UNEMP_WO_CONBEN,NO,YES,53
DEU,2025,ETRIWH,PTFTW33T67,MINW,C_C0,NOEARN_UNEMP_WO_CONBEN,NO,YES,51
NLD,2023,ETRIWH,PTFTW33T67,MINW,C_C0,NOEARN_UNEMP_WO_CONBEN,NO,YES,6
NLD,2024,ETRIWH,PTFTW33T67,MINW,C_C0,NOEARN_UNEMP_WO_CONBEN,NO,YES,3
POL,2023,ETRIWH,PTFTW33T67,MINW,C_C0,NOEARN_UNEMP_WO_CONBEN,NO,YES,32
POL,2024,ETRIWH,PTFTW33T67,MINW,C_C0,NOEARN_UNEMP_WO_CONBEN,NO,YES,32
POL,2025,ETRIWH,PTFTW33T67,MINW,C_C0,NOEARN_UNEMP_WO_CONBEN,NO,YES,32
ESP,2023,ETRIWH,PTFTW33T67,MINW,C_C0,NOEARN_UNEMP_WO_CONBEN,NO,YES,6
ESP,2024,ETRIWH,PTFTW33T67,MINW,C_C0,NOEARN_UNEMP_WO_CONBEN,NO,YES,6
ESP,2025,ETRIWH,PTFTW33T67,MINW,C_C0,NOEARN_UNEMP_WO_CONBEN,NO,YES,6
GBR,2023,ETRIWH,PTFTW33T67,MINW,C_C0,NOEARN_UNEMP_WO_CONBEN,NO,YES,57
GBR,2024,ETRIWH,PTFTW33T67,MINW,C_C0,NOEARN_UNEMP_WO_CONBEN,NO,YES,59
GBR,2025,ETRIWH,PTFTW33T67,MINW,C_C0,NOEARN_UNEMP_WO_CONBEN,NO,YES,60
OECD,2023,ETRIWH,PTFTW33T67,MINW,C_C0,NOEARN_UNEMP_WO_CONBEN,NO,YES,21
BEL,2023,ETRIWH,PTFTW50T66,MINW,C_C0,NOEARN_UNEMP_WO_CONBEN,NO,YES,2
BEL,2024,ETRIWH,PTFTW50T66,MINW,C_C0,NOEARN_UNEMP_WO_CONBEN,NO,YES,2
BEL,2025,ETRIWH,PTFTW50T66,MINW,C_C0,NOEARN_UNEMP_WO_CONBEN,NO,YES,2
FRA,2023,ETRIWH,PTFTW50T66,MINW,C_C0,NOEARN_UNEMP_WO_CONBEN,NO,YES,63
FRA,2024,ETRIWH,PTFTW50T66,MINW,C_C0,NOEARN_UNEMP_WO_CONBEN,NO,YES,62
FRA,2025,ETRIWH,PTFTW50T66,MINW,C_C0,NOEARN_UNEMP_WO_CONBEN,NO,YES,62
DEU,2023,ETRIWH,PTFTW50T66,MINW,C_C0,NOEARN_UNEMP_WO_CONBEN,NO,YES,59
DEU,2024,ETRIWH,PTFTW50T66,MINW,C_C0,NOEARN_UNEMP_WO_CONBEN,NO,YES,61
DEU,2025,ETRIWH,PTFTW50T66,MINW,C_C0,NOEARN_UNEMP_WO_CONBEN,NO,YES,61
NLD,2023,ETRIWH,PTFTW50T66,MINW,C_C0,NOEARN_UNEMP_WO_CONBEN,NO,YES,9
NLD,2024,ETRIWH,PTFTW50T66,MINW,C_C0,NOEARN_UNEMP_WO_CONBEN,NO,YES,6
POL,2023,ETRIWH,PTFTW50T66,MINW,C_C0,NOEARN_UNEMP_WO_CONBEN,NO,YES,32
POL,2024,ETRIWH,PTFTW50T66,MINW,C_C0,NOEARN_UNEMP_WO_CONBEN,NO,YES,32
POL,2025,ETRIWH,PTFTW50T66,MINW,C_C0,NOEARN_UNEMP_WO_CONBEN,NO,YES,32
ESP,2023,ETRIWH,PTFTW50T66,MINW,C_C0,NOEARN_UNEMP_WO_CONBEN,NO,YES,6
ESP,2024,ETRIWH,PTFTW50T66,MINW,C_C0,NOEARN_UNEMP_WO_CONBEN,NO,YES,6
ESP,2025,ETRIWH,PTFTW50T66,MINW,C_C0,NOEARN_UNEMP_WO_CONBEN,NO,YES,6
GBR,2023,ETRIWH,PTFTW50T66,MINW,C_C0,NOEARN_UNEMP_WO_CONBEN,NO,YES,60
GBR,2024,ETRIWH,PTFTW50T66,MINW,C_C0,NOEARN_UNEMP_WO_CONBEN,NO,YES,63
GBR,2025,ETRIWH,PTFTW50T66,MINW,C_C0,NOEARN_UNEMP_WO_CONBEN,NO,YES,65
USA,2023,ETRIWH,PTFTW50T66,MINW,C_C0,NOEARN_UNEMP_WO_CONBEN,NO,YES,14
USA,2024,ETRIWH,PTFTW50T66,MINW,C_C0,NOEARN_UNEMP_WO_CONBEN,NO,YES,14
USA,2025,ETRIWH,PTFTW50T66,MINW,C_C0,NOEARN_UNEMP_WO_CONBEN,NO,YES,14
OECD,2023,ETRIWH,PTFTW50T66,MINW,C_C0,NOEARN_UNEMP_WO_CONBEN,NO,YES,23
OECD,2024,ETRIWH,PTFTW50T66,MINW,C_C0,NOEARN_UNEMP_WO_CONBEN,NO,YES,24
OECD,2025,ETRIWH,PTFTW50T66,MINW,C_C0,NOEARN_UNEMP_WO_CONBEN,NO,YES,25
BEL,2023,ETRIWH,PTFTW50T100,MINW,C_C0,NOEARN_UNEMP_WO_CONBEN,NO,YES,2
BEL,2024,ETRIWH,PTFTW50T100,MINW,C_C0,NOEARN_UNEMP_WO_CONBEN,NO,YES,2
BEL,2025,ETRIWH,PTFTW50T100,MINW,C_C0,NOEARN_UNEMP_WO_CONBEN,NO,YES,2
FRA,2023,ETRIWH,PTFTW50T100,MINW,C_C0,NOEARN_UNEMP_WO_CONBEN,NO,YES,53
FRA,2024,ETRIWH,PTFTW50T100,MINW,C_C0,NOEARN_UNEMP_WO_CONBEN,NO,YES,55
FRA,2025,ETRIWH,PTFTW50T100,MINW,C_C0,NOEARN_UNEMP_WO_CONBEN,NO,YES,54
DEU,2023,ETRIWH,PTFTW50T100,MINW,C_C0,NOEARN_UNEMP_WO_CONBEN,NO,YES,61
DEU,2024,ETRIWH,PTFTW50T100,MINW,C_C0,NOEARN_UNEMP_WO_CONBEN,NO,YES,62
DEU,2025,ETRIWH,PTFTW50T100,MINW,C_C0,NOEARN_UNEMP_WO_CONBEN,NO,YES,61
NLD,2024,ETRIWH,PTFTW50T100,MINW,C_C0,NOEARN_UNEMP_WO_CONBEN,NO,YES,14
POL,2023,ETRIWH,PTFTW50T100,MINW,C_C0,NOEARN_UNEMP_WO_CONBEN,NO,YES,37
POL,2024,ETRIWH,PTFTW50T100,MINW,C_C0,NOEARN_UNEMP_WO_CONBEN,NO,YES,37
POL,2025,ETRIWH,PTFTW50T100,MINW,C_C0,NOEARN_UNEMP_WO_CONBEN,NO,YES,37
ESP,2023,ETRIWH,PTFTW50T100,MINW,C_C0,NOEARN_UNEMP_WO_CONBEN,NO,YES,12
ESP,2024,ETRIWH,PTFTW50T100,MINW,C_C0,NOEARN_UNEMP_WO_CONBEN,NO,YES,13
GBR,2023,ETRIWH,PTFTW50T100,MINW,C_C0,NOEARN_UNEMP_WO_CONBEN,NO,YES,66
GBR,2024,ETRIWH,PTFTW50T100,MINW,C_C0,NOEARN_UNEMP_WO_CONBEN,NO,YES,66
GBR,2025,ETRIWH,PTFTW50T100,MINW,C_C0,NOEARN_UNEMP_WO_CONBEN,NO,YES,67
USA,2023,ETRIWH,PTFTW50T100,MINW,C_C0,NOEARN_UNEMP_WO_CONBEN,NO,YES,18
USA,2024,ETRIWH,PTFTW50T100,MINW,C_C0,NOEARN_UNEMP_WO_CONBEN,NO,YES,18
USA,2025,ETRIWH,PTFTW50T100,MINW,C_C0,NOEARN_UNEMP_WO_CONBEN,NO,YES,18
OECD,2023,ETRIWH,PTFTW50T100,MINW,C_C0,NOEARN_UNEMP_WO_CONBEN,NO,YES,25
OECD,2024,ETRIWH,PTFTW50T100,MINW,C_C0,NOEARN_UNEMP_WO_CONBEN,NO,YES,28
OECD,2025,ETRIWH,PTFTW50T100,MINW,C_C0,NOEARN_UNEMP_WO_CONBEN,NO,YES,28
BEL,2023,ETRIWH,PTFTW67T100,MINW,C_C0,NOEARN_UNEMP_WO_CONBEN,NO,YES,2
BEL,2024,ETRIWH,PTFTW67T100,MINW,C_C0,NOEARN_UNEMP_WO_CONBEN,NO,YES,2
BEL,2025,ETRIWH,PTFTW67T100,MINW,C_C0,NOEARN_UNEMP_WO_CONBEN,NO,YES,2
FRA,2023,ETRIWH,PTFTW67T100,MINW,C_C0,NOEARN_UNEMP_WO_CONBEN,NO,YES,49
FRA,2024,ETRIWH,PTFTW67T100,MINW,C_C0,NOEARN_UNEMP_WO_CONBEN,NO,YES,51
FRA,2025,ETRIWH,PTFTW67T100,MINW,C_C0,NOEARN_UNEMP_WO_CONBEN,NO,YES,50
DEU,2023,ETRIWH,PTFTW67T100,MINW,C_C0,NOEARN_UNEMP_WO_CONBEN,NO,YES,62
DEU,2024,ETRIWH,PTFTW67T100,MINW,C_C0,NOEARN_UNEMP_WO_CONBEN,NO,YES,62
DEU,2025,ETRIWH,PTFTW67T100,MINW,C_C0,NOEARN_UNEMP_WO_CONBEN,NO,YES,62
NLD,2023,ETRIWH,PTFTW67T100,MINW,C_C0,NOEARN_UNEMP_WO_CONBEN,NO,YES,19
NLD,2024,ETRIWH,PTFTW67T100,MINW,C_C0,NOEARN_UNEMP_WO_CONBEN,NO,YES,18
POL,2023,ETRIWH,PTFTW67T100,MINW,C_C0,NOEARN_UNEMP_WO_CONBEN,NO,YES,40
POL,2024,ETRIWH,PTFTW67T100,MINW,C_C0,NOEARN_UNEMP_WO_CONBEN,NO,YES,40
POL,2025,ETRIWH,PTFTW67T100,MINW,C_C0,NOEARN_UNEMP_WO_CONBEN,NO,YES,40
ESP,2023,ETRIWH,PTFTW67T100,MINW,C_C0,NOEARN_UNEMP_WO_CONBEN,NO,YES,15
ESP,2025,ETRIWH,PTFTW67T100,MINW,C_C0,NOEARN_UNEMP_WO_CONBEN,NO,YES,30
GBR,2023,ETRIWH,PTFTW67T100,MINW,C_C0,NOEARN_UNEMP_WO_CONBEN,NO,YES,69
GBR,2024,ETRIWH,PTFTW67T100,MINW,C_C0,NOEARN_UNEMP_WO_CONBEN,NO,YES,68
GBR,2025,ETRIWH,PTFTW67T100,MINW,C_C0,NOEARN_UNEMP_WO_CONBEN,NO,YES,68
USA,2023,ETRIWH,PTFTW67T100,MINW,C_C0,NOEARN_UNEMP_WO_CONBEN,NO,YES,20
USA,2024,ETRIWH,PTFTW67T100,MINW,C_C0,NOEARN_UNEMP_WO_CONBEN,NO,YES,20
USA,2025,ETRIWH,PTFTW67T100,MINW,C_C0,NOEARN_UNEMP_WO_CONBEN,NO,YES,20
OECD,2023,ETRIWH,PTFTW67T100,MINW,C_C0,NOEARN_UNEMP_WO_CONBEN,NO,YES,26
OECD,2024,ETRIWH,PTFTW67T100,MINW,C_C0,NOEARN_UNEMP_WO_CONBEN,NO,YES,29
OECD,2025,ETRIWH,PTFTW67T100,MINW,C_C0,NOEARN_UNEMP_WO_CONBEN,NO,YES,30
FRA,2023,ETRIWH,PTFTW50T66,MINW,C_C0,NOEARN_UNEMP_WO_CONBEN,YES,NO,32
FRA,2024,ETRIWH,PTFTW50T66,MINW,C_C0,NOEARN_UNEMP_WO_CONBEN,YES,NO,32
FRA,2025,ETRIWH,PTFTW50T66,MINW,C_C0,NOEARN_UNEMP_WO_CONBEN,YES,NO,32
DEU,2023,ETRIWH,PTFTW50T66,MINW,C_C0,NOEARN_UNEMP_WO_CONBEN,YES,NO,95
DEU,2024,ETRIWH,PTFTW50T66,MINW,C_C0,NOEARN_UNEMP_WO_CONBEN,YES,NO,97
DEU,2025,ETRIWH,PTFTW50T66,MINW,C_C0,NOEARN_UNEMP_WO_CONBEN,YES,NO,98
POL,2023,ETRIWH,PTFTW50T66,MINW,C_C0,NOEARN_UNEMP_WO_CONBEN,YES,NO,35
POL,2024,ETRIWH,PTFTW50T66,MINW,C_C0,NOEARN_UNEMP_WO_CONBEN,YES,NO,21
POL,2025,ETRIWH,PTFTW50T66,MINW,C_C0,NOEARN_UNEMP_WO_CONBEN,YES,NO,30
ESP,2023,ETRIWH,PTFTW50T66,MINW,C_C0,NOEARN_UNEMP_WO_CONBEN,YES,NO,74
ESP,2024,ETRIWH,PTFTW50T66,MINW,C_C0,NOEARN_UNEMP_WO_CONBEN,YES,NO,81
ESP,2025,ETRIWH,PTFTW50T66,MINW,C_C0,NOEARN_UNEMP_WO_CONBEN,YES,NO,96
GBR,2023,ETRIWH,PTFTW50T66,MINW,C_C0,NOEARN_UNEMP_WO_CONBEN,YES,NO,20
GBR,2024,ETRIWH,PTFTW50T66,MINW,C_C0,NOEARN_UNEMP_WO_CONBEN,YES,NO,39
GBR,2025,ETRIWH,PTFTW50T66,MINW,C_C0,NOEARN_UNEMP_WO_CONBEN,YES,NO,36
USA,2023,ETRIWH,PTFTW50T66,MINW,C_C0,NOEARN_UNEMP_WO_CONBEN,YES,NO,38
USA,2024,ETRIWH,PTFTW50T66,MINW,C_C0,NOEARN_UNEMP_WO_CONBEN,YES,NO,38
USA,2025,ETRIWH,PTFTW50T66,MINW,C_C0,NOEARN_UNEMP_WO_CONBEN,YES,NO,38
OECD,2023,ETRIWH,PTFTW50T66,MINW,C_C0,NOEARN_UNEMP_WO_CONBEN,YES,NO,56
OECD,2024,ETRIWH,PTFTW50T66,MINW,C_C0,NOEARN_UNEMP_WO_CONBEN,YES,NO,58
OECD,2025,ETRIWH,PTFTW50T66,MINW,C_C0,NOEARN_UNEMP_WO_CONBEN,YES,NO,56
FRA,2023,ETRIWH,PTFTW50T66,MINW,C_C0,NOEARN_UNEMP_WO_CONBEN,YES,YES,63
FRA,2024,ETRIWH,PTFTW50T66,MINW,C_C0,NOEARN_UNEMP_WO_CONBEN,YES,YES,62
FRA,2025,ETRIWH,PTFTW50T66,MINW,C_C0,NOEARN_UNEMP_WO_CONBEN,YES,YES,62
DEU,2023,ETRIWH,PTFTW50T66,MINW,C_C0,NOEARN_UNEMP_WO_CONBEN,YES,YES,95
DEU,2024,ETRIWH,PTFTW50T66,MINW,C_C0,NOEARN_UNEMP_WO_CONBEN,YES,YES,97
DEU,2025,ETRIWH,PTFTW50T66,MINW,C_C0,NOEARN_UNEMP_WO_CONBEN,YES,YES,98
POL,2023,ETRIWH,PTFTW50T66,MINW,C_C0,NOEARN_UNEMP_WO_CONBEN,YES,YES,32
POL,2024,ETRIWH,PTFTW50T66,MINW,C_C0,NOEARN_UNEMP_WO_CONBEN,YES,YES,32
POL,2025,ETRIWH,PTFTW50T66,MINW,C_C0,NOEARN_UNEMP_WO_CONBEN,YES,YES,32
ESP,2023,ETRIWH,PTFTW50T66,MINW,C_C0,NOEARN_UNEMP_WO_CONBEN,YES,YES,74
ESP,2024,ETRIWH,PTFTW50T66,MINW,C_C0,NOEARN_UNEMP_WO_CONBEN,YES,YES,81
ESP,2025,ETRIWH,PTFTW50T66,MINW,C_C0,NOEARN_UNEMP_WO_CONBEN,YES,YES,96
GBR,2023,ETRIWH,PTFTW50T66,MINW,C_C0,NOEARN_UNEMP_WO_CONBEN,YES,YES,60
GBR,2024,ETRIWH,PTFTW50T66,MINW,C_C0,NOEARN_UNEMP_WO_CONBEN,YES,YES,63
GBR,2025,ETRIWH,PTFTW50T66,MINW,C_C0,NOEARN_UNEMP_WO_CONBEN,YES,YES,65
USA,2023,ETRIWH,PTFTW50T66,MINW,C_C0,NOEARN_UNEMP_WO_CONBEN,YES,YES,26
USA,2024,ETRIWH,PTFTW50T66,MINW,C_C0,NOEARN_UNEMP_WO_CONBEN,YES,YES,23
USA,2025,ETRIWH,PTFTW50T66,MINW,C_C0,NOEARN_UNEMP_WO_CONBEN,YES,YES,20
OECD,2023,ETRIWH,PTFTW50T66,MINW,C_C0,NOEARN_UNEMP_WO_CONBEN,YES,YES,62
OECD,2024,ETRIWH,PTFTW50T66,MINW,C_C0,NOEARN_UNEMP_WO_CONBEN,YES,YES,66
OECD,2025,ETRIWH,PTFTW50T66,MINW,C_C0,NOEARN_UNEMP_WO_CONBEN,YES,YES,64
FRA,2023,ETRIWH,PTFTW33T67,MINW,C_C0,NOEARN_UNEMP_WO_CONBEN,YES,YES,60
FRA,2024,ETRIWH,PTFTW33T67,MINW,C_C0,NOEARN_UNEMP_WO_CONBEN,YES,YES,59
FRA,2025,ETRIWH,PTFTW33T67,MINW,C_C0,NOEARN_UNEMP_WO_CONBEN,YES,YES,59
DEU,2023,ETRIWH,PTFTW33T67,MINW,C_C0,NOEARN_UNEMP_WO_CONBEN,YES,YES,88
DEU,2024,ETRIWH,PTFTW33T67,MINW,C_C0,NOEARN_UNEMP_WO_CONBEN,YES,YES,85
DEU,2025,ETRIWH,PTFTW33T67,MINW,C_C0,NOEARN_UNEMP_WO_CONBEN,YES,YES,87
POL,2023,ETRIWH,PTFTW33T67,MINW,C_C0,NOEARN_UNEMP_WO_CONBEN,YES,YES,32
POL,2024,ETRIWH,PTFTW33T67,MINW,C_C0,NOEARN_UNEMP_WO_CONBEN,YES,YES,32
POL,2025,ETRIWH,PTFTW33T67,MINW,C_C0,NOEARN_UNEMP_WO_CONBEN,YES,YES,32
ESP,2023,ETRIWH,PTFTW33T67,MINW,C_C0,NOEARN_UNEMP_WO_CONBEN,YES,YES,87
ESP,2024,ETRIWH,PTFTW33T67,MINW,C_C0,NOEARN_UNEMP_WO_CONBEN,YES,YES,90
ESP,2025,ETRIWH,PTFTW33T67,MINW,C_C0,NOEARN_UNEMP_WO_CONBEN,YES,YES,98
GBR,2023,ETRIWH,PTFTW33T67,MINW,C_C0,NOEARN_UNEMP_WO_CONBEN,YES,YES,57
GBR,2024,ETRIWH,PTFTW33T67,MINW,C_C0,NOEARN_UNEMP_WO_CONBEN,YES,YES,59
GBR,2025,ETRIWH,PTFTW33T67,MINW,C_C0,NOEARN_UNEMP_WO_CONBEN,YES,YES,60
USA,2023,ETRIWH,PTFTW33T67,MINW,C_C0,NOEARN_UNEMP_WO_CONBEN,YES,YES,17
USA,2024,ETRIWH,PTFTW33T67,MINW,C_C0,NOEARN_UNEMP_WO_CONBEN,YES,YES,15
USA,2025,ETRIWH,PTFTW33T67,MINW,C_C0,NOEARN_UNEMP_WO_CONBEN,YES,YES,13
OECD,2023,ETRIWH,PTFTW33T67,MINW,C_C0,NOEARN_UNEMP_WO_CONBEN,YES,YES,66
OECD,2024,ETRIWH,PTFTW33T67,MINW,C_C0,NOEARN_UNEMP_WO_CONBEN,YES,YES,67
OECD,2025,ETRIWH,PTFTW33T67,MINW,C_C0,NOEARN_UNEMP_WO_CONBEN,YES,YES,65
FRA,2023,ETRIWH,PTFTW33T67,MINW,C_C0,NOEARN_UNEMP_WO_CONBEN,YES,NO,41
FRA,2024,ETRIWH,PTFTW33T67,MINW,C_C0,NOEARN_UNEMP_WO_CONBEN,YES,NO,42
FRA,2025,ETRIWH,PTFTW33T67,MINW,C_C0,NOEARN_UNEMP_WO_CONBEN,YES,NO,41
DEU,2023,ETRIWH,PTFTW33T67,MINW,C_C0,NOEARN_UNEMP_WO_CONBEN,YES,NO,88
DEU,2024,ETRIWH,PTFTW33T67,MINW,C_C0,NOEARN_UNEMP_WO_CONBEN,YES,NO,85
DEU,2025,ETRIWH,PTFTW33T67,MINW,C_C0,NOEARN_UNEMP_WO_CONBEN,YES,NO,87
POL,2023,ETRIWH,PTFTW33T67,MINW,C_C0,NOEARN_UNEMP_WO_CONBEN,YES,NO,67
POL,2024,ETRIWH,PTFTW33T67,MINW,C_C0,NOEARN_UNEMP_WO_CONBEN,YES,NO,46
POL,2025,ETRIWH,PTFTW33T67,MINW,C_C0,NOEARN_UNEMP_WO_CONBEN,YES,NO,65
ESP,2023,ETRIWH,PTFTW33T67,MINW,C_C0,NOEARN_UNEMP_WO_CONBEN,YES,NO,87
ESP,2024,ETRIWH,PTFTW33T67,MINW,C_C0,NOEARN_UNEMP_WO_CONBEN,YES,NO,90
ESP,2025,ETRIWH,PTFTW33T67,MINW,C_C0,NOEARN_UNEMP_WO_CONBEN,YES,NO,98
GBR,2023,ETRIWH,PTFTW33T67,MINW,C_C0,NOEARN_UNEMP_WO_CONBEN,YES,NO,37
GBR,2024,ETRIWH,PTFTW33T67,MINW,C_C0,NOEARN_UNEMP_WO_CONBEN,YES,NO,47
GBR,2025,ETRIWH,PTFTW33T67,MINW,C_C0,NOEARN_UNEMP_WO_CONBEN,YES,NO,45
USA,2023,ETRIWH,PTFTW33T67,MINW,C_C0,NOEARN_UNEMP_WO_CONBEN,YES,NO,35
USA,2024,ETRIWH,PTFTW33T67,MINW,C_C0,NOEARN_UNEMP_WO_CONBEN,YES,NO,34
USA,2025,ETRIWH,PTFTW33T67,MINW,C_C0,NOEARN_UNEMP_WO_CONBEN,YES,NO,34
OECD,2023,ETRIWH,PTFTW33T67,MINW,C_C0,NOEARN_UNEMP_WO_CONBEN,YES,NO,64
OECD,2024,ETRIWH,PTFTW33T67,MINW,C_C0,NOEARN_UNEMP_WO_CONBEN,YES,NO,62
OECD,2025,ETRIWH,PTFTW33T67,MINW,C_C0,NOEARN_UNEMP_WO_CONBEN,YES,NO,60
BEL,2023,ETRIWH,PTFTW67T100,MINW,C_C0,NOEARN_UNEMP_WO_CONBEN,YES,YES,45
BEL,2024,ETRIWH,PTFTW67T100,MINW,C_C0,NOEARN_UNEMP_WO_CONBEN,YES,YES,62
BEL,2025,ETRIWH,PTFTW67T100,MINW,C_C0,NOEARN_UNEMP_WO_CONBEN,YES,YES,62
FRA,2023,ETRIWH,PTFTW67T100,MINW,C_C0,NOEARN_UNEMP_WO_CONBEN,YES,YES,49
FRA,2024,ETRIWH,PTFTW67T100,MINW,C_C0,NOEARN_UNEMP_WO_CONBEN,YES,YES,51
FRA,2025,ETRIWH,PTFTW67T100,MINW,C_C0,NOEARN_UNEMP_WO_CONBEN,YES,YES,50
DEU,2023,ETRIWH,PTFTW67T100,MINW,C_C0,NOEARN_UNEMP_WO_CONBEN,YES,YES,92
NLD,2023,ETRIWH,PTFTW67T100,MINW,C_C0,NOEARN_UNEMP_WO_CONBEN,YES,YES,72
NLD,2024,ETRIWH,PTFTW67T100,MINW,C_C0,NOEARN_UNEMP_WO_CONBEN,YES,YES,75
POL,2023,ETRIWH,PTFTW67T100,MINW,C_C0,NOEARN_UNEMP_WO_CONBEN,YES,YES,40
POL,2024,ETRIWH,PTFTW67T100,MINW,C_C0,NOEARN_UNEMP_WO_CONBEN,YES,YES,40
POL,2025,ETRIWH,PTFTW67T100,MINW,C_C0,NOEARN_UNEMP_WO_CONBEN,YES,YES,40
ESP,2023,ETRIWH,PTFTW67T100,MINW,C_C0,NOEARN_UNEMP_WO_CONBEN,YES,YES,15
ESP,2024,ETRIWH,PTFTW67T100,MINW,C_C0,NOEARN_UNEMP_WO_CONBEN,YES,YES,16
ESP,2025,ETRIWH,PTFTW67T100,MINW,C_C0,NOEARN_UNEMP_WO_CONBEN,YES,YES,30
GBR,2023,ETRIWH,PTFTW67T100,MINW,C_C0,NOEARN_UNEMP_WO_CONBEN,YES,YES,69
GBR,2024,ETRIWH,PTFTW67T100,MINW,C_C0,NOEARN_UNEMP_WO_CONBEN,YES,YES,68
GBR,2025,ETRIWH,PTFTW67T100,MINW,C_C0,NOEARN_UNEMP_WO_CONBEN,YES,YES,68
USA,2023,ETRIWH,PTFTW67T100,MINW,C_C0,NOEARN_UNEMP_WO_CONBEN,YES,YES,49
USA,2024,ETRIWH,PTFTW67T100,MINW,C_C0,NOEARN_UNEMP_WO_CONBEN,YES,YES,50
USA,2025,ETRIWH,PTFTW67T100,MINW,C_C0,NOEARN_UNEMP_WO_CONBEN,YES,YES,50
OECD,2023,ETRIWH,PTFTW67T100,MINW,C_C0,NOEARN_UNEMP_WO_CONBEN,YES,YES,51
OECD,2024,ETRIWH,PTFTW67T100,MINW,C_C0,NOEARN_UNEMP_WO_CONBEN,YES,YES,53
OECD,2025,ETRIWH,PTFTW67T100,MINW,C_C0,NOEARN_UNEMP_WO_CONBEN,YES,YES,51
BEL,2023,ETRIWH,PTFTW67T100,MINW,C_C0,NOEARN_UNEMP_WO_CONBEN,YES,NO,45
BEL,2024,ETRIWH,PTFTW67T100,MINW,C_C0,NOEARN_UNEMP_WO_CONBEN,YES,NO,62
BEL,2025,ETRIWH,PTFTW67T100,MINW,C_C0,NOEARN_UNEMP_WO_CONBEN,YES,NO,62
FRA,2023,ETRIWH,PTFTW67T100,MINW,C_C0,NOEARN_UNEMP_WO_CONBEN,YES,NO,32
FRA,2024,ETRIWH,PTFTW67T100,MINW,C_C0,NOEARN_UNEMP_WO_CONBEN,YES,NO,32
FRA,2025,ETRIWH,PTFTW67T100,MINW,C_C0,NOEARN_UNEMP_WO_CONBEN,YES,NO,32
DEU,2023,ETRIWH,PTFTW67T100,MINW,C_C0,NOEARN_UNEMP_WO_CONBEN,YES,NO,34
DEU,2024,ETRIWH,PTFTW67T100,MINW,C_C0,NOEARN_UNEMP_WO_CONBEN,YES,NO,52
DEU,2025,ETRIWH,PTFTW67T100,MINW,C_C0,NOEARN_UNEMP_WO_CONBEN,YES,NO,48
NLD,2023,ETRIWH,PTFTW67T100,MINW,C_C0,NOEARN_UNEMP_WO_CONBEN,YES,NO,72
NLD,2024,ETRIWH,PTFTW67T100,MINW,C_C0,NOEARN_UNEMP_WO_CONBEN,YES,NO,75
POL,2023,ETRIWH,PTFTW67T100,MINW,C_C0,NOEARN_UNEMP_WO_CONBEN,YES,NO,21
POL,2024,ETRIWH,PTFTW67T100,MINW,C_C0,NOEARN_UNEMP_WO_CONBEN,YES,NO,21
POL,2025,ETRIWH,PTFTW67T100,MINW,C_C0,NOEARN_UNEMP_WO_CONBEN,YES,NO,21
ESP,2023,ETRIWH,PTFTW67T100,MINW,C_C0,NOEARN_UNEMP_WO_CONBEN,YES,NO,6
ESP,2024,ETRIWH,PTFTW67T100,MINW,C_C0,NOEARN_UNEMP_WO_CONBEN,YES,NO,6
ESP,2025,ETRIWH,PTFTW67T100,MINW,C_C0,NOEARN_UNEMP_WO_CONBEN,YES,NO,9
GBR,2023,ETRIWH,PTFTW67T100,MINW,C_C0,NOEARN_UNEMP_WO_CONBEN,YES,NO,32
GBR,2024,ETRIWH,PTFTW67T100,MINW,C_C0,NOEARN_UNEMP_WO_CONBEN,YES,NO,28
GBR,2025,ETRIWH,PTFTW67T100,MINW,C_C0,NOEARN_UNEMP_WO_CONBEN,YES,NO,28
USA,2023,ETRIWH,PTFTW67T100,MINW,C_C0,NOEARN_UNEMP_WO_CONBEN,YES,NO,44
USA,2024,ETRIWH,PTFTW67T100,MINW,C_C0,NOEARN_UNEMP_WO_CONBEN,YES,NO,44
USA,2025,ETRIWH,PTFTW67T100,MINW,C_C0,NOEARN_UNEMP_WO_CONBEN,YES,NO,44
OECD,2023,ETRIWH,PTFTW67T100,MINW,C_C0,NOEARN_UNEMP_WO_CONBEN,YES,NO,42
OECD,2024,ETRIWH,PTFTW67T100,MINW,C_C0,NOEARN_UNEMP_WO_CONBEN,YES,NO,43
OECD,2025,ETRIWH,PTFTW67T100,MINW,C_C0,NOEARN_UNEMP_WO_CONBEN,YES,NO,40
BEL,2023,ETRIWH,PTFTW50T100,MINW,C_C0,NOEARN_UNEMP_WO_CONBEN,YES,YES,64
BEL,2024,ETRIWH,PTFTW50T100,MINW,C_C0,NOEARN_UNEMP_WO_CONBEN,YES,YES,75
BEL,2025,ETRIWH,PTFTW50T100,MINW,C_C0,NOEARN_UNEMP_WO_CONBEN,YES,YES,75
FRA,2023,ETRIWH,PTFTW50T100,MINW,C_C0,NOEARN_UNEMP_WO_CONBEN,YES,YES,53
FRA,2024,ETRIWH,PTFTW50T100,MINW,C_C0,NOEARN_UNEMP_WO_CONBEN,YES,YES,55
FRA,2025,ETRIWH,PTFTW50T100,MINW,C_C0,NOEARN_UNEMP_WO_CONBEN,YES,YES,54
DEU,2023,ETRIWH,PTFTW50T100,MINW,C_C0,NOEARN_UNEMP_WO_CONBEN,YES,YES,93
DEU,2024,ETRIWH,PTFTW50T100,MINW,C_C0,NOEARN_UNEMP_WO_CONBEN,YES,YES,99
DEU,2025,ETRIWH,PTFTW50T100,MINW,C_C0,NOEARN_UNEMP_WO_CONBEN,YES,YES,99
NLD,2023,ETRIWH,PTFTW50T100,MINW,C_C0,NOEARN_UNEMP_WO_CONBEN,YES,YES,81
NLD,2024,ETRIWH,PTFTW50T100,MINW,C_C0,NOEARN_UNEMP_WO_CONBEN,YES,YES,83
POL,2023,ETRIWH,PTFTW50T100,MINW,C_C0,NOEARN_UNEMP_WO_CONBEN,YES,YES,37
POL,2024,ETRIWH,PTFTW50T100,MINW,C_C0,NOEARN_UNEMP_WO_CONBEN,YES,YES,37
POL,2025,ETRIWH,PTFTW50T100,MINW,C_C0,NOEARN_UNEMP_WO_CONBEN,YES,YES,37
ESP,2023,ETRIWH,PTFTW50T100,MINW,C_C0,NOEARN_UNEMP_WO_CONBEN,YES,YES,35
ESP,2024,ETRIWH,PTFTW50T100,MINW,C_C0,NOEARN_UNEMP_WO_CONBEN,YES,YES,38
ESP,2025,ETRIWH,PTFTW50T100,MINW,C_C0,NOEARN_UNEMP_WO_CONBEN,YES,YES,53
GBR,2023,ETRIWH,PTFTW50T100,MINW,C_C0,NOEARN_UNEMP_WO_CONBEN,YES,YES,66
GBR,2024,ETRIWH,PTFTW50T100,MINW,C_C0,NOEARN_UNEMP_WO_CONBEN,YES,YES,66
GBR,2025,ETRIWH,PTFTW50T100,MINW,C_C0,NOEARN_UNEMP_WO_CONBEN,YES,YES,67
USA,2023,ETRIWH,PTFTW50T100,MINW,C_C0,NOEARN_UNEMP_WO_CONBEN,YES,YES,41
USA,2024,ETRIWH,PTFTW50T100,MINW,C_C0,NOEARN_UNEMP_WO_CONBEN,YES,YES,41
USA,2025,ETRIWH,PTFTW50T100,MINW,C_C0,NOEARN_UNEMP_WO_CONBEN,YES,YES,40
OECD,2023,ETRIWH,PTFTW50T100,MINW,C_C0,NOEARN_UNEMP_WO_CONBEN,YES,YES,55
OECD,2024,ETRIWH,PTFTW50T100,MINW,C_C0,NOEARN_UNEMP_WO_CONBEN,YES,YES,58
OECD,2025,ETRIWH,PTFTW50T100,MINW,C_C0,NOEARN_UNEMP_WO_CONBEN,YES,YES,56
BEL,2023,ETRIWH,PTFTW50T100,MINW,C_C0,NOEARN_UNEMP_WO_CONBEN,YES,NO,64
BEL,2024,ETRIWH,PTFTW50T100,MINW,C_C0,NOEARN_UNEMP_WO_CONBEN,YES,NO,75
BEL,2025,ETRIWH,PTFTW50T100,MINW,C_C0,NOEARN_UNEMP_WO_CONBEN,YES,NO,75
FRA,2023,ETRIWH,PTFTW50T100,MINW,C_C0,NOEARN_UNEMP_WO_CONBEN,YES,NO,32
FRA,2024,ETRIWH,PTFTW50T100,MINW,C_C0,NOEARN_UNEMP_WO_CONBEN,YES,NO,32
FRA,2025,ETRIWH,PTFTW50T100,MINW,C_C0,NOEARN_UNEMP_WO_CONBEN,YES,NO,32
DEU,2023,ETRIWH,PTFTW50T100,MINW,C_C0,NOEARN_UNEMP_WO_CONBEN,YES,NO,55
DEU,2024,ETRIWH,PTFTW50T100,MINW,C_C0,NOEARN_UNEMP_WO_CONBEN,YES,NO,67
DEU,2025,ETRIWH,PTFTW50T100,MINW,C_C0,NOEARN_UNEMP_WO_CONBEN,YES,NO,65
NLD,2023,ETRIWH,PTFTW50T100,MINW,C_C0,NOEARN_UNEMP_WO_CONBEN,YES,NO,81
NLD,2024,ETRIWH,PTFTW50T100,MINW,C_C0,NOEARN_UNEMP_WO_CONBEN,YES,NO,83
POL,2023,ETRIWH,PTFTW50T100,MINW,C_C0,NOEARN_UNEMP_WO_CONBEN,YES,NO,26
POL,2024,ETRIWH,PTFTW50T100,MINW,C_C0,NOEARN_UNEMP_WO_CONBEN,YES,NO,21
POL,2025,ETRIWH,PTFTW50T100,MINW,C_C0,NOEARN_UNEMP_WO_CONBEN,YES,NO,24
ESP,2023,ETRIWH,PTFTW50T100,MINW,C_C0,NOEARN_UNEMP_WO_CONBEN,YES,NO,30
ESP,2024,ETRIWH,PTFTW50T100,MINW,C_C0,NOEARN_UNEMP_WO_CONBEN,YES,NO,32
ESP,2025,ETRIWH,PTFTW50T100,MINW,C_C0,NOEARN_UNEMP_WO_CONBEN,YES,NO,38
GBR,2023,ETRIWH,PTFTW50T100,MINW,C_C0,NOEARN_UNEMP_WO_CONBEN,YES,NO,28
GBR,2024,ETRIWH,PTFTW50T100,MINW,C_C0,NOEARN_UNEMP_WO_CONBEN,YES,NO,32
GBR,2025,ETRIWH,PTFTW50T100,MINW,C_C0,NOEARN_UNEMP_WO_CONBEN,YES,NO,31
USA,2023,ETRIWH,PTFTW50T100,MINW,C_C0,NOEARN_UNEMP_WO_CONBEN,YES,NO,42
USA,2024,ETRIWH,PTFTW50T100,MINW,C_C0,NOEARN_UNEMP_WO_CONBEN,YES,NO,42
USA,2025,ETRIWH,PTFTW50T100,MINW,C_C0,NOEARN_UNEMP_WO_CONBEN,YES,NO,42
OECD,2023,ETRIWH,PTFTW50T100,MINW,C_C0,NOEARN_UNEMP_WO_CONBEN,YES,NO,47
OECD,2024,ETRIWH,PTFTW50T100,MINW,C_C0,NOEARN_UNEMP_WO_CONBEN,YES,NO,48
OECD,2025,ETRIWH,PTFTW50T100,MINW,C_C0,NOEARN_UNEMP_WO_CONBEN,YES,NO,46
BEL,2023,ETRIWH,PTFTW50T66,MINW,C_C0,NOEARN_UNEMP_WO_CONBEN,YES,YES,100
BEL,2023,ETRIWH,PTFTW50T66,MINW,C_C0,NOEARN_UNEMP_WO_CONBEN,YES,NO,100
BEL,2024,ETRIWH,PTFTW50T66,MINW,C_C0,NOEARN_UNEMP_WO_CONBEN,YES,NO,100
BEL,2024,ETRIWH,PTFTW50T66,MINW,C_C0,NOEARN_UNEMP_WO_CONBEN,YES,YES,100
BEL,2025,ETRIWH,PTFTW50T66,MINW,C_C0,NOEARN_UNEMP_WO_CONBEN,YES,YES,100
BEL,2025,ETRIWH,PTFTW50T66,MINW,C_C0,NOEARN_UNEMP_WO_CONBEN,YES,NO,100
NLD,2023,ETRIWH,PTFTW50T66,MINW,C_C0,NOEARN_UNEMP_WO_CONBEN,YES,NO,100
NLD,2023,ETRIWH,PTFTW50T66,MINW,C_C0,NOEARN_UNEMP_WO_CONBEN,YES,YES,100
NLD,2024,ETRIWH,PTFTW50T66,MINW,C_C0,NOEARN_UNEMP_WO_CONBEN,YES,YES,100
NLD,2024,ETRIWH,PTFTW50T66,MINW,C_C0,NOEARN_UNEMP_WO_CONBEN,YES,NO,100
BEL,2023,ETRIWH,PTFTW33T67,MINW,C_C0,NOEARN_UNEMP_WO_CONBEN,YES,NO,100
BEL,2023,ETRIWH,PTFTW33T67,MINW,C_C0,NOEARN_UNEMP_WO_CONBEN,YES,YES,100
BEL,2024,ETRIWH,PTFTW33T67,MINW,C_C0,NOEARN_UNEMP_WO_CONBEN,YES,YES,100
BEL,2024,ETRIWH,PTFTW33T67,MINW,C_C0,NOEARN_UNEMP_WO_CONBEN,YES,NO,100
BEL,2025,ETRIWH,PTFTW33T67,MINW,C_C0,NOEARN_UNEMP_WO_CONBEN,YES,NO,100
BEL,2025,ETRIWH,PTFTW33T67,MINW,C_C0,NOEARN_UNEMP_WO_CONBEN,YES,YES,100
NLD,2023,ETRIWH,PTFTW33T67,MINW,C_C0,NOEARN_UNEMP_WO_CONBEN,YES,NO,100
NLD,2023,ETRIWH,PTFTW33T67,MINW,C_C0,NOEARN_UNEMP_WO_CONBEN,YES,YES,100
NLD,2024,ETRIWH,PTFTW33T67,MINW,C_C0,NOEARN_UNEMP_WO_CONBEN,YES,YES,100
NLD,2024,ETRIWH,PTFTW33T67,MINW,C_C0,NOEARN_UNEMP_WO_CONBEN,YES,NO,100
DEU,2024,ETRIWH,PTFTW67T100,MINW,C_C0,NOEARN_UNEMP_WO_CONBEN,YES,YES,100
DEU,2025,ETRIWH,PTFTW67T100,MINW,C_C0,NOEARN_UNEMP_WO_CONBEN,YES,YES,100
OECD,2024,ETRIWH,PTFTW50T66,MINW,C_C0,AW67,YES,NO,22
OECD,2024,ETRIWH,PTFTW50T66,MINW,C_C0,AW67,NO,NO,22
OECD,2025,ETRIWH,PTFTW33T67,MINW,C_C0,AW67,YES,YES,22
OECD,2025,ETRIWH,PTFTW50T66,MINW,C_C0,AW67,YES,YES,22
OECD,2025,ETRIWH,PTFTW33T67,MINW,C_C0,AW67,NO,YES,22
OECD,2025,ETRIWH,PTFTW50T66,MINW,C_C0,AW67,NO,YES,22
BEL,2023,ETRIWH,PTFTW50T66,MINW,C_C0,AW67,NO,NO,30
BEL,2023,ETRIWH,PTFTW50T66,MINW,C_C0,AW67,YES,NO,30
BEL,2024,ETRIWH,PTFTW50T66,MINW,C_C0,AW67,YES,NO,30
BEL,2024,ETRIWH,PTFTW50T66,MINW,C_C0,AW67,NO,NO,30
BEL,2025,ETRIWH,PTFTW50T66,MINW,C_C0,AW67,NO,NO,30
BEL,2025,ETRIWH,PTFTW50T66,MINW,C_C0,AW67,YES,NO,30
FRA,2023,ETRIWH,PTFTW50T66,MINW,C_C0,AW67,NO,NO,41
FRA,2024,ETRIWH,PTFTW50T66,MINW,C_C0,AW67,NO,NO,33
FRA,2025,ETRIWH,PTFTW50T66,MINW,C_C0,AW67,NO,NO,37
DEU,2023,ETRIWH,PTFTW50T66,MINW,C_C0,AW67,NO,NO,45
DEU,2024,ETRIWH,PTFTW50T66,MINW,C_C0,AW67,NO,NO,45
DEU,2025,ETRIWH,PTFTW50T66,MINW,C_C0,AW67,NO,NO,46
NLD,2023,ETRIWH,PTFTW50T66,MINW,C_C0,AW67,NO,NO,9
NLD,2024,ETRIWH,PTFTW50T66,MINW,C_C0,AW67,NO,NO,6
POL,2023,ETRIWH,PTFTW50T66,MINW,C_C0,AW67,NO,NO,32
POL,2024,ETRIWH,PTFTW50T66,MINW,C_C0,AW67,NO,NO,32
POL,2025,ETRIWH,PTFTW50T66,MINW,C_C0,AW67,NO,NO,32
ESP,2023,ETRIWH,PTFTW50T66,MINW,C_C0,AW67,NO,NO,6
ESP,2024,ETRIWH,PTFTW50T66,MINW,C_C0,AW67,NO,NO,6
ESP,2025,ETRIWH,PTFTW50T66,MINW,C_C0,AW67,NO,NO,6
GBR,2023,ETRIWH,PTFTW50T66,MINW,C_C0,AW67,NO,NO,24
GBR,2024,ETRIWH,PTFTW50T66,MINW,C_C0,AW67,NO,NO,27
GBR,2025,ETRIWH,PTFTW50T66,MINW,C_C0,AW67,NO,NO,28
USA,2023,ETRIWH,PTFTW50T66,MINW,C_C0,AW67,NO,NO,26
USA,2024,ETRIWH,PTFTW50T66,MINW,C_C0,AW67,NO,NO,26
USA,2025,ETRIWH,PTFTW50T66,MINW,C_C0,AW67,NO,NO,26
OECD,2023,ETRIWH,PTFTW50T66,MINW,C_C0,AW67,NO,NO,23
OECD,2025,ETRIWH,PTFTW50T66,MINW,C_C0,AW67,NO,NO,21
FRA,2023,ETRIWH,PTFTW50T66,MINW,C_C0,AW67,YES,NO,41
FRA,2024,ETRIWH,PTFTW50T66,MINW,C_C0,AW67,YES,NO,33
FRA,2025,ETRIWH,PTFTW50T66,MINW,C_C0,AW67,YES,NO,37
DEU,2023,ETRIWH,PTFTW50T66,MINW,C_C0,AW67,YES,NO,45
DEU,2024,ETRIWH,PTFTW50T66,MINW,C_C0,AW67,YES,NO,45
DEU,2025,ETRIWH,PTFTW50T66,MINW,C_C0,AW67,YES,NO,46
NLD,2023,ETRIWH,PTFTW50T66,MINW,C_C0,AW67,YES,NO,9
NLD,2024,ETRIWH,PTFTW50T66,MINW,C_C0,AW67,YES,NO,6
POL,2023,ETRIWH,PTFTW50T66,MINW,C_C0,AW67,YES,NO,32
POL,2024,ETRIWH,PTFTW50T66,MINW,C_C0,AW67,YES,NO,32
POL,2025,ETRIWH,PTFTW50T66,MINW,C_C0,AW67,YES,NO,32
ESP,2023,ETRIWH,PTFTW50T66,MINW,C_C0,AW67,YES,NO,6
ESP,2024,ETRIWH,PTFTW50T66,MINW,C_C0,AW67,YES,NO,6
ESP,2025,ETRIWH,PTFTW50T66,MINW,C_C0,AW67,YES,NO,6
GBR,2023,ETRIWH,PTFTW50T66,MINW,C_C0,AW67,YES,NO,24
GBR,2024,ETRIWH,PTFTW50T66,MINW,C_C0,AW67,YES,NO,27
GBR,2025,ETRIWH,PTFTW50T66,MINW,C_C0,AW67,YES,NO,28
USA,2023,ETRIWH,PTFTW50T66,MINW,C_C0,AW67,YES,NO,26
USA,2024,ETRIWH,PTFTW50T66,MINW,C_C0,AW67,YES,NO,26
USA,2025,ETRIWH,PTFTW50T66,MINW,C_C0,AW67,YES,NO,26
OECD,2023,ETRIWH,PTFTW50T66,MINW,C_C0,AW67,YES,NO,23
OECD,2025,ETRIWH,PTFTW50T66,MINW,C_C0,AW67,YES,NO,21
BEL,2023,ETRIWH,PTFTW50T66,MINW,C_C0,AW67,NO,YES,30
BEL,2024,ETRIWH,PTFTW50T66,MINW,C_C0,AW67,NO,YES,30
BEL,2025,ETRIWH,PTFTW50T66,MINW,C_C0,AW67,NO,YES,30
FRA,2023,ETRIWH,PTFTW50T66,MINW,C_C0,AW67,NO,YES,41
FRA,2024,ETRIWH,PTFTW50T66,MINW,C_C0,AW67,NO,YES,33
FRA,2025,ETRIWH,PTFTW50T66,MINW,C_C0,AW67,NO,YES,37
DEU,2023,ETRIWH,PTFTW50T66,MINW,C_C0,AW67,NO,YES,45
DEU,2024,ETRIWH,PTFTW50T66,MINW,C_C0,AW67,NO,YES,45
DEU,2025,ETRIWH,PTFTW50T66,MINW,C_C0,AW67,NO,YES,46
NLD,2023,ETRIWH,PTFTW50T66,MINW,C_C0,AW67,NO,YES,9
NLD,2024,ETRIWH,PTFTW50T66,MINW,C_C0,AW67,NO,YES,6
POL,2023,ETRIWH,PTFTW50T66,MINW,C_C0,AW67,NO,YES,32
POL,2024,ETRIWH,PTFTW50T66,MINW,C_C0,AW67,NO,YES,32
POL,2025,ETRIWH,PTFTW50T66,MINW,C_C0,AW67,NO,YES,32
ESP,2023,ETRIWH,PTFTW50T66,MINW,C_C0,AW67,NO,YES,6
ESP,2024,ETRIWH,PTFTW50T66,MINW,C_C0,AW67,NO,YES,6
ESP,2025,ETRIWH,PTFTW50T66,MINW,C_C0,AW67,NO,YES,6
GBR,2023,ETRIWH,PTFTW50T66,MINW,C_C0,AW67,NO,YES,24
GBR,2024,ETRIWH,PTFTW50T66,MINW,C_C0,AW67,NO,YES,27
GBR,2025,ETRIWH,PTFTW50T66,MINW,C_C0,AW67,NO,YES,28
USA,2023,ETRIWH,PTFTW50T66,MINW,C_C0,AW67,NO,YES,26
USA,2024,ETRIWH,PTFTW50T66,MINW,C_C0,AW67,NO,YES,26
USA,2025,ETRIWH,PTFTW50T66,MINW,C_C0,AW67,NO,YES,26
OECD,2023,ETRIWH,PTFTW50T66,MINW,C_C0,AW67,NO,YES,24
OECD,2024,ETRIWH,PTFTW50T66,MINW,C_C0,AW67,NO,YES,23
BEL,2023,ETRIWH,PTFTW50T66,MINW,C_C0,AW67,YES,YES,30
BEL,2024,ETRIWH,PTFTW50T66,MINW,C_C0,AW67,YES,YES,30
BEL,2025,ETRIWH,PTFTW50T66,MINW,C_C0,AW67,YES,YES,30
FRA,2023,ETRIWH,PTFTW50T66,MINW,C_C0,AW67,YES,YES,41
FRA,2024,ETRIWH,PTFTW50T66,MINW,C_C0,AW67,YES,YES,33
FRA,2025,ETRIWH,PTFTW50T66,MINW,C_C0,AW67,YES,YES,37
DEU,2023,ETRIWH,PTFTW50T66,MINW,C_C0,AW67,YES,YES,45
DEU,2024,ETRIWH,PTFTW50T66,MINW,C_C0,AW67,YES,YES,45
DEU,2025,ETRIWH,PTFTW50T66,MINW,C_C0,AW67,YES,YES,46
NLD,2023,ETRIWH,PTFTW50T66,MINW,C_C0,AW67,YES,YES,9
NLD,2024,ETRIWH,PTFTW50T66,MINW,C_C0,AW67,YES,YES,6
POL,2023,ETRIWH,PTFTW50T66,MINW,C_C0,AW67,YES,YES,32
POL,2024,ETRIWH,PTFTW50T66,MINW,C_C0,AW67,YES,YES,32
POL,2025,ETRIWH,PTFTW50T66,MINW,C_C0,AW67,YES,YES,32
ESP,2023,ETRIWH,PTFTW50T66,MINW,C_C0,AW67,YES,YES,6
ESP,2024,ETRIWH,PTFTW50T66,MINW,C_C0,AW67,YES,YES,6
ESP,2025,ETRIWH,PTFTW50T66,MINW,C_C0,AW67,YES,YES,6
GBR,2023,ETRIWH,PTFTW50T66,MINW,C_C0,AW67,YES,YES,24
GBR,2024,ETRIWH,PTFTW50T66,MINW,C_C0,AW67,YES,YES,27
GBR,2025,ETRIWH,PTFTW50T66,MINW,C_C0,AW67,YES,YES,28
USA,2023,ETRIWH,PTFTW50T66,MINW,C_C0,AW67,YES,YES,26
USA,2024,ETRIWH,PTFTW50T66,MINW,C_C0,AW67,YES,YES,26
USA,2025,ETRIWH,PTFTW50T66,MINW,C_C0,AW67,YES,YES,26
OECD,2023,ETRIWH,PTFTW50T66,MINW,C_C0,AW67,YES,YES,24
OECD,2024,ETRIWH,PTFTW50T66,MINW,C_C0,AW67,YES,YES,23
BEL,2023,ETRIWH,PTFTW33T67,MINW,C_C0,AW67,YES,YES,30
BEL,2024,ETRIWH,PTFTW33T67,MINW,C_C0,AW67,YES,YES,29
BEL,2025,ETRIWH,PTFTW33T67,MINW,C_C0,AW67,YES,YES,29
FRA,2023,ETRIWH,PTFTW33T67,MINW,C_C0,AW67,YES,YES,46
FRA,2024,ETRIWH,PTFTW33T67,MINW,C_C0,AW67,YES,YES,42
FRA,2025,ETRIWH,PTFTW33T67,MINW,C_C0,AW67,YES,YES,44
DEU,2023,ETRIWH,PTFTW33T67,MINW,C_C0,AW67,YES,YES,45
DEU,2024,ETRIWH,PTFTW33T67,MINW,C_C0,AW67,YES,YES,45
DEU,2025,ETRIWH,PTFTW33T67,MINW,C_C0,AW67,YES,YES,46
NLD,2023,ETRIWH,PTFTW33T67,MINW,C_C0,AW67,YES,YES,7
NLD,2024,ETRIWH,PTFTW33T67,MINW,C_C0,AW67,YES,YES,3
POL,2023,ETRIWH,PTFTW33T67,MINW,C_C0,AW67,YES,YES,28
POL,2024,ETRIWH,PTFTW33T67,MINW,C_C0,AW67,YES,YES,32
POL,2025,ETRIWH,PTFTW33T67,MINW,C_C0,AW67,YES,YES,32
ESP,2023,ETRIWH,PTFTW33T67,MINW,C_C0,AW67,YES,YES,6
ESP,2024,ETRIWH,PTFTW33T67,MINW,C_C0,AW67,YES,YES,6
ESP,2025,ETRIWH,PTFTW33T67,MINW,C_C0,AW67,YES,YES,6
GBR,2023,ETRIWH,PTFTW33T67,MINW,C_C0,AW67,YES,YES,12
GBR,2024,ETRIWH,PTFTW33T67,MINW,C_C0,AW67,YES,YES,15
GBR,2025,ETRIWH,PTFTW33T67,MINW,C_C0,AW67,YES,YES,17
USA,2023,ETRIWH,PTFTW33T67,MINW,C_C0,AW67,YES,YES,26
USA,2024,ETRIWH,PTFTW33T67,MINW,C_C0,AW67,YES,YES,26
USA,2025,ETRIWH,PTFTW33T67,MINW,C_C0,AW67,YES,YES,26
OECD,2023,ETRIWH,PTFTW33T67,MINW,C_C0,AW67,YES,YES,24
OECD,2024,ETRIWH,PTFTW33T67,MINW,C_C0,AW67,YES,YES,21
BEL,2023,ETRIWH,PTFTW33T67,MINW,C_C0,AW67,NO,YES,30
BEL,2024,ETRIWH,PTFTW33T67,MINW,C_C0,AW67,NO,YES,29
BEL,2025,ETRIWH,PTFTW33T67,MINW,C_C0,AW67,NO,YES,29
FRA,2023,ETRIWH,PTFTW33T67,MINW,C_C0,AW67,NO,YES,46
FRA,2024,ETRIWH,PTFTW33T67,MINW,C_C0,AW67,NO,YES,42
FRA,2025,ETRIWH,PTFTW33T67,MINW,C_C0,AW67,NO,YES,44
DEU,2023,ETRIWH,PTFTW33T67,MINW,C_C0,AW67,NO,YES,45
DEU,2024,ETRIWH,PTFTW33T67,MINW,C_C0,AW67,NO,YES,45
DEU,2025,ETRIWH,PTFTW33T67,MINW,C_C0,AW67,NO,YES,46
NLD,2023,ETRIWH,PTFTW33T67,MINW,C_C0,AW67,NO,YES,7
NLD,2024,ETRIWH,PTFTW33T67,MINW,C_C0,AW67,NO,YES,3
POL,2023,ETRIWH,PTFTW33T67,MINW,C_C0,AW67,NO,YES,28
POL,2024,ETRIWH,PTFTW33T67,MINW,C_C0,AW67,NO,YES,32
POL,2025,ETRIWH,PTFTW33T67,MINW,C_C0,AW67,NO,YES,32
ESP,2023,ETRIWH,PTFTW33T67,MINW,C_C0,AW67,NO,YES,6
ESP,2024,ETRIWH,PTFTW33T67,MINW,C_C0,AW67,NO,YES,6
ESP,2025,ETRIWH,PTFTW33T67,MINW,C_C0,AW67,NO,YES,6
GBR,2023,ETRIWH,PTFTW33T67,MINW,C_C0,AW67,NO,YES,12
GBR,2024,ETRIWH,PTFTW33T67,MINW,C_C0,AW67,NO,YES,15
GBR,2025,ETRIWH,PTFTW33T67,MINW,C_C0,AW67,NO,YES,17
USA,2023,ETRIWH,PTFTW33T67,MINW,C_C0,AW67,NO,YES,26
USA,2024,ETRIWH,PTFTW33T67,MINW,C_C0,AW67,NO,YES,26
USA,2025,ETRIWH,PTFTW33T67,MINW,C_C0,AW67,NO,YES,26
OECD,2023,ETRIWH,PTFTW33T67,MINW,C_C0,AW67,NO,YES,21
OECD,2024,ETRIWH,PTFTW33T67,MINW,C_C0,AW67,NO,YES,21
BEL,2023,ETRIWH,PTFTW33T67,MINW,C_C0,AW67,NO,NO,30
BEL,2024,ETRIWH,PTFTW33T67,MINW,C_C0,AW67,NO,NO,29
BEL,2025,ETRIWH,PTFTW33T67,MINW,C_C0,AW67,NO,NO,29
FRA,2023,ETRIWH,PTFTW33T67,MINW,C_C0,AW67,NO,NO,46
FRA,2024,ETRIWH,PTFTW33T67,MINW,C_C0,AW67,NO,NO,42
FRA,2025,ETRIWH,PTFTW33T67,MINW,C_C0,AW67,NO,NO,44
DEU,2023,ETRIWH,PTFTW33T67,MINW,C_C0,AW67,NO,NO,45
DEU,2024,ETRIWH,PTFTW33T67,MINW,C_C0,AW67,NO,NO,45
DEU,2025,ETRIWH,PTFTW33T67,MINW,C_C0,AW67,NO,NO,46
NLD,2023,ETRIWH,PTFTW33T67,MINW,C_C0,AW67,NO,NO,7
NLD,2024,ETRIWH,PTFTW33T67,MINW,C_C0,AW67,NO,NO,3
POL,2023,ETRIWH,PTFTW33T67,MINW,C_C0,AW67,NO,NO,28
POL,2024,ETRIWH,PTFTW33T67,MINW,C_C0,AW67,NO,NO,32
POL,2025,ETRIWH,PTFTW33T67,MINW,C_C0,AW67,NO,NO,32
ESP,2023,ETRIWH,PTFTW33T67,MINW,C_C0,AW67,NO,NO,6
ESP,2024,ETRIWH,PTFTW33T67,MINW,C_C0,AW67,NO,NO,6
ESP,2025,ETRIWH,PTFTW33T67,MINW,C_C0,AW67,NO,NO,6
GBR,2023,ETRIWH,PTFTW33T67,MINW,C_C0,AW67,NO,NO,12
GBR,2024,ETRIWH,PTFTW33T67,MINW,C_C0,AW67,NO,NO,15
GBR,2025,ETRIWH,PTFTW33T67,MINW,C_C0,AW67,NO,NO,17
USA,2023,ETRIWH,PTFTW33T67,MINW,C_C0,AW67,NO,NO,26
USA,2024,ETRIWH,PTFTW33T67,MINW,C_C0,AW67,NO,NO,26
USA,2025,ETRIWH,PTFTW33T67,MINW,C_C0,AW67,NO,NO,26
BEL,2023,ETRIWH,PTFTW33T67,MINW,C_C0,AW67,YES,NO,30
BEL,2024,ETRIWH,PTFTW33T67,MINW,C_C0,AW67,YES,NO,29
BEL,2025,ETRIWH,PTFTW33T67,MINW,C_C0,AW67,YES,NO,29
FRA,2023,ETRIWH,PTFTW33T67,MINW,C_C0,AW67,YES,NO,46
FRA,2024,ETRIWH,PTFTW33T67,MINW,C_C0,AW67,YES,NO,42
FRA,2025,ETRIWH,PTFTW33T67,MINW,C_C0,AW67,YES,NO,44
DEU,2023,ETRIWH,PTFTW33T67,MINW,C_C0,AW67,YES,NO,45
DEU,2024,ETRIWH,PTFTW33T67,MINW,C_C0,AW67,YES,NO,45
DEU,2025,ETRIWH,PTFTW33T67,MINW,C_C0,AW67,YES,NO,46
NLD,2023,ETRIWH,PTFTW33T67,MINW,C_C0,AW67,YES,NO,7
NLD,2024,ETRIWH,PTFTW33T67,MINW,C_C0,AW67,YES,NO,3
POL,2023,ETRIWH,PTFTW33T67,MINW,C_C0,AW67,YES,NO,28
POL,2024,ETRIWH,PTFTW33T67,MINW,C_C0,AW67,YES,NO,32
POL,2025,ETRIWH,PTFTW33T67,MINW,C_C0,AW67,YES,NO,32
ESP,2023,ETRIWH,PTFTW33T67,MINW,C_C0,AW67,YES,NO,6
ESP,2024,ETRIWH,PTFTW33T67,MINW,C_C0,AW67,YES,NO,6
ESP,2025,ETRIWH,PTFTW33T67,MINW,C_C0,AW67,YES,NO,6
GBR,2023,ETRIWH,PTFTW33T67,MINW,C_C0,AW67,YES,NO,12
GBR,2024,ETRIWH,PTFTW33T67,MINW,C_C0,AW67,YES,NO,15
GBR,2025,ETRIWH,PTFTW33T67,MINW,C_C0,AW67,YES,NO,17
USA,2023,ETRIWH,PTFTW33T67,MINW,C_C0,AW67,YES,NO,26
USA,2024,ETRIWH,PTFTW33T67,MINW,C_C0,AW67,YES,NO,26
USA,2025,ETRIWH,PTFTW33T67,MINW,C_C0,AW67,YES,NO,26
OECD,2023,ETRIWH,PTFTW33T67,MINW,C_C0,AW67,NO,NO,20
OECD,2023,ETRIWH,PTFTW33T67,MINW,C_C0,AW67,YES,NO,20
OECD,2024,ETRIWH,PTFTW33T67,MINW,C_C0,AW67,YES,NO,20
OECD,2024,ETRIWH,PTFTW33T67,MINW,C_C0,AW67,NO,NO,20
OECD,2025,ETRIWH,PTFTW33T67,MINW,C_C0,AW67,NO,NO,20
OECD,2025,ETRIWH,PTFTW33T67,MINW,C_C0,AW67,YES,NO,20
USA,2023,ETRIWH,PTFTW67T100,MINW,C_C0,AW67,NO,NO,26
USA,2023,ETRIWH,PTFTW67T100,MINW,C_C0,AW67,YES,NO,26
USA,2023,ETRIWH,PTFTW67T100,MINW,C_C0,AW67,NO,YES,26
USA,2023,ETRIWH,PTFTW67T100,MINW,C_C0,AW67,YES,YES,26
USA,2024,ETRIWH,PTFTW67T100,MINW,C_C0,AW67,YES,YES,26
USA,2024,ETRIWH,PTFTW67T100,MINW,C_C0,AW67,NO,YES,26
USA,2024,ETRIWH,PTFTW67T100,MINW,C_C0,AW67,YES,NO,26
USA,2024,ETRIWH,PTFTW67T100,MINW,C_C0,AW67,NO,NO,26
USA,2025,ETRIWH,PTFTW67T100,MINW,C_C0,AW67,NO,NO,26
USA,2025,ETRIWH,PTFTW67T100,MINW,C_C0,AW67,YES,NO,26
USA,2025,ETRIWH,PTFTW67T100,MINW,C_C0,AW67,NO,YES,26
USA,2025,ETRIWH,PTFTW67T100,MINW,C_C0,AW67,YES,YES,26
OECD,2024,ETRIWH,PTFTW67T100,MINW,C_C0,AW67,YES,YES,26
OECD,2024,ETRIWH,PTFTW67T100,MINW,C_C0,AW67,NO,YES,26
OECD,2025,ETRIWH,PTFTW67T100,MINW,C_C0,AW67,NO,YES,26
OECD,2025,ETRIWH,PTFTW67T100,MINW,C_C0,AW67,YES,NO,26
OECD,2025,ETRIWH,PTFTW67T100,MINW,C_C0,AW67,YES,YES,26
OECD,2025,ETRIWH,PTFTW67T100,MINW,C_C0,AW67,NO,NO,26
POL,2023,ETRIWH,PTFTW67T100,MINW,C_C0,AW67,NO,YES,32
POL,2023,ETRIWH,PTFTW67T100,MINW,C_C0,AW67,YES,NO,32
POL,2023,ETRIWH,PTFTW67T100,MINW,C_C0,AW67,NO,NO,32
POL,2023,ETRIWH,PTFTW67T100,MINW,C_C0,AW67,YES,YES,32
POL,2024,ETRIWH,PTFTW67T100,MINW,C_C0,AW67,YES,YES,32
POL,2024,ETRIWH,PTFTW67T100,MINW,C_C0,AW67,NO,NO,32
POL,2024,ETRIWH,PTFTW67T100,MINW,C_C0,AW67,YES,NO,32
POL,2024,ETRIWH,PTFTW67T100,MINW,C_C0,AW67,NO,YES,32
POL,2025,ETRIWH,PTFTW67T100,MINW,C_C0,AW67,NO,YES,32
POL,2025,ETRIWH,PTFTW67T100,MINW,C_C0,AW67,YES,NO,32
POL,2025,ETRIWH,PTFTW67T100,MINW,C_C0,AW67,NO,NO,32
POL,2025,ETRIWH,PTFTW67T100,MINW,C_C0,AW67,YES,YES,32
GBR,2023,ETRIWH,PTFTW67T100,MINW,C_C0,AW67,NO,NO,32
GBR,2023,ETRIWH,PTFTW67T100,MINW,C_C0,AW67,NO,YES,32
GBR,2023,ETRIWH,PTFTW67T100,MINW,C_C0,AW67,YES,YES,32
GBR,2023,ETRIWH,PTFTW67T100,MINW,C_C0,AW67,YES,NO,32
BEL,2023,ETRIWH,PTFTW67T100,MINW,C_C0,AW67,NO,NO,34
BEL,2023,ETRIWH,PTFTW67T100,MINW,C_C0,AW67,YES,NO,34
BEL,2024,ETRIWH,PTFTW67T100,MINW,C_C0,AW67,YES,NO,33
BEL,2024,ETRIWH,PTFTW67T100,MINW,C_C0,AW67,NO,NO,33
BEL,2025,ETRIWH,PTFTW67T100,MINW,C_C0,AW67,NO,NO,33
BEL,2025,ETRIWH,PTFTW67T100,MINW,C_C0,AW67,YES,NO,33
FRA,2023,ETRIWH,PTFTW67T100,MINW,C_C0,AW67,NO,NO,33
FRA,2023,ETRIWH,PTFTW67T100,MINW,C_C0,AW67,YES,NO,33
FRA,2024,ETRIWH,PTFTW67T100,MINW,C_C0,AW67,YES,NO,33
FRA,2024,ETRIWH,PTFTW67T100,MINW,C_C0,AW67,NO,NO,33
FRA,2025,ETRIWH,PTFTW67T100,MINW,C_C0,AW67,NO,NO,35
FRA,2025,ETRIWH,PTFTW67T100,MINW,C_C0,AW67,YES,NO,35
DEU,2023,ETRIWH,PTFTW67T100,MINW,C_C0,AW67,NO,NO,45
DEU,2023,ETRIWH,PTFTW67T100,MINW,C_C0,AW67,YES,NO,45
DEU,2024,ETRIWH,PTFTW67T100,MINW,C_C0,AW67,YES,NO,45
DEU,2024,ETRIWH,PTFTW67T100,MINW,C_C0,AW67,NO,NO,45
DEU,2025,ETRIWH,PTFTW67T100,MINW,C_C0,AW67,NO,NO,46
DEU,2025,ETRIWH,PTFTW67T100,MINW,C_C0,AW67,YES,NO,46
NLD,2023,ETRIWH,PTFTW67T100,MINW,C_C0,AW67,YES,NO,19
NLD,2023,ETRIWH,PTFTW67T100,MINW,C_C0,AW67,NO,NO,19
NLD,2024,ETRIWH,PTFTW67T100,MINW,C_C0,AW67,NO,NO,18
NLD,2024,ETRIWH,PTFTW67T100,MINW,C_C0,AW67,YES,NO,18
ESP,2023,ETRIWH,PTFTW67T100,MINW,C_C0,AW67,NO,NO,7
ESP,2023,ETRIWH,PTFTW67T100,MINW,C_C0,AW67,YES,NO,7
ESP,2024,ETRIWH,PTFTW67T100,MINW,C_C0,AW67,YES,NO,6
ESP,2024,ETRIWH,PTFTW67T100,MINW,C_C0,AW67,NO,NO,6
ESP,2025,ETRIWH,PTFTW67T100,MINW,C_C0,AW67,NO,NO,12
ESP,2025,ETRIWH,PTFTW67T100,MINW,C_C0,AW67,YES,NO,12
GBR,2024,ETRIWH,PTFTW67T100,MINW,C_C0,AW67,YES,NO,28
GBR,2024,ETRIWH,PTFTW67T100,MINW,C_C0,AW67,NO,NO,28
GBR,2025,ETRIWH,PTFTW67T100,MINW,C_C0,AW67,NO,NO,28
GBR,2025,ETRIWH,PTFTW67T100,MINW,C_C0,AW67,YES,NO,28
OECD,2023,ETRIWH,PTFTW67T100,MINW,C_C0,AW67,YES,NO,25
OECD,2023,ETRIWH,PTFTW67T100,MINW,C_C0,AW67,NO,NO,25
OECD,2024,ETRIWH,PTFTW67T100,MINW,C_C0,AW67,NO,NO,25
OECD,2024,ETRIWH,PTFTW67T100,MINW,C_C0,AW67,YES,NO,25
BEL,2023,ETRIWH,PTFTW67T100,MINW,C_C0,AW67,NO,YES,34
BEL,2024,ETRIWH,PTFTW67T100,MINW,C_C0,AW67,NO,YES,33
BEL,2025,ETRIWH,PTFTW67T100,MINW,C_C0,AW67,NO,YES,33
FRA,2023,ETRIWH,PTFTW67T100,MINW,C_C0,AW67,NO,YES,33
FRA,2024,ETRIWH,PTFTW67T100,MINW,C_C0,AW67,NO,YES,33
FRA,2025,ETRIWH,PTFTW67T100,MINW,C_C0,AW67,NO,YES,35
DEU,2023,ETRIWH,PTFTW67T100,MINW,C_C0,AW67,NO,YES,45
DEU,2024,ETRIWH,PTFTW67T100,MINW,C_C0,AW67,NO,YES,45
DEU,2025,ETRIWH,PTFTW67T100,MINW,C_C0,AW67,NO,YES,46
NLD,2023,ETRIWH,PTFTW67T100,MINW,C_C0,AW67,NO,YES,19
NLD,2024,ETRIWH,PTFTW67T100,MINW,C_C0,AW67,NO,YES,18
ESP,2023,ETRIWH,PTFTW67T100,MINW,C_C0,AW67,NO,YES,7
ESP,2024,ETRIWH,PTFTW67T100,MINW,C_C0,AW67,NO,YES,6
ESP,2025,ETRIWH,PTFTW67T100,MINW,C_C0,AW67,NO,YES,12
GBR,2024,ETRIWH,PTFTW67T100,MINW,C_C0,AW67,NO,YES,28
GBR,2025,ETRIWH,PTFTW67T100,MINW,C_C0,AW67,NO,YES,28
OECD,2023,ETRIWH,PTFTW67T100,MINW,C_C0,AW67,NO,YES,25
BEL,2023,ETRIWH,PTFTW67T100,MINW,C_C0,AW67,YES,YES,34
BEL,2024,ETRIWH,PTFTW67T100,MINW,C_C0,AW67,YES,YES,33
BEL,2025,ETRIWH,PTFTW67T100,MINW,C_C0,AW67,YES,YES,33
FRA,2023,ETRIWH,PTFTW67T100,MINW,C_C0,AW67,YES,YES,33
FRA,2024,ETRIWH,PTFTW67T100,MINW,C_C0,AW67,YES,YES,33
FRA,2025,ETRIWH,PTFTW67T100,MINW,C_C0,AW67,YES,YES,35
DEU,2023,ETRIWH,PTFTW67T100,MINW,C_C0,AW67,YES,YES,45
DEU,2024,ETRIWH,PTFTW67T100,MINW,C_C0,AW67,YES,YES,45
DEU,2025,ETRIWH,PTFTW67T100,MINW,C_C0,AW67,YES,YES,46
NLD,2023,ETRIWH,PTFTW67T100,MINW,C_C0,AW67,YES,YES,19
NLD,2024,ETRIWH,PTFTW67T100,MINW,C_C0,AW67,YES,YES,18
ESP,2023,ETRIWH,PTFTW67T100,MINW,C_C0,AW67,YES,YES,7
ESP,2024,ETRIWH,PTFTW67T100,MINW,C_C0,AW67,YES,YES,6
ESP,2025,ETRIWH,PTFTW67T100,MINW,C_C0,AW67,YES,YES,12
GBR,2024,ETRIWH,PTFTW67T100,MINW,C_C0,AW67,YES,YES,28
GBR,2025,ETRIWH,PTFTW67T100,MINW,C_C0,AW67,YES,YES,28
OECD,2023,ETRIWH,PTFTW67T100,MINW,C_C0,AW67,YES,YES,25
OECD,2024,ETRIWH,PTFTW50T100,MINW,C_C0,AW67,NO,NO,24
OECD,2024,ETRIWH,PTFTW50T100,MINW,C_C0,AW67,YES,NO,24
OECD,2025,ETRIWH,PTFTW50T100,MINW,C_C0,AW67,YES,NO,24
OECD,2025,ETRIWH,PTFTW50T100,MINW,C_C0,AW67,NO,NO,24
GBR,2023,ETRIWH,PTFTW50T100,MINW,C_C0,AW67,YES,YES,29
GBR,2023,ETRIWH,PTFTW50T100,MINW,C_C0,AW67,YES,NO,29
GBR,2023,ETRIWH,PTFTW50T100,MINW,C_C0,AW67,NO,NO,29
GBR,2023,ETRIWH,PTFTW50T100,MINW,C_C0,AW67,NO,YES,29
USA,2023,ETRIWH,PTFTW50T100,MINW,C_C0,AW67,YES,NO,26
USA,2023,ETRIWH,PTFTW50T100,MINW,C_C0,AW67,YES,YES,26
USA,2023,ETRIWH,PTFTW50T100,MINW,C_C0,AW67,NO,YES,26
USA,2023,ETRIWH,PTFTW50T100,MINW,C_C0,AW67,NO,NO,26
USA,2024,ETRIWH,PTFTW50T100,MINW,C_C0,AW67,NO,NO,26
USA,2024,ETRIWH,PTFTW50T100,MINW,C_C0,AW67,NO,YES,26
USA,2024,ETRIWH,PTFTW50T100,MINW,C_C0,AW67,YES,YES,26
USA,2024,ETRIWH,PTFTW50T100,MINW,C_C0,AW67,YES,NO,26
USA,2025,ETRIWH,PTFTW50T100,MINW,C_C0,AW67,YES,NO,26
USA,2025,ETRIWH,PTFTW50T100,MINW,C_C0,AW67,YES,YES,26
USA,2025,ETRIWH,PTFTW50T100,MINW,C_C0,AW67,NO,YES,26
USA,2025,ETRIWH,PTFTW50T100,MINW,C_C0,AW67,NO,NO,26
NLD,2023,ETRIWH,PTFTW50T100,MINW,C_C0,AW67,YES,YES,16
NLD,2023,ETRIWH,PTFTW50T100,MINW,C_C0,AW67,YES,NO,16
NLD,2023,ETRIWH,PTFTW50T100,MINW,C_C0,AW67,NO,NO,16
NLD,2023,ETRIWH,PTFTW50T100,MINW,C_C0,AW67,NO,YES,16
ESP,2025,ETRIWH,PTFTW50T100,MINW,C_C0,AW67,NO,NO,10
ESP,2025,ETRIWH,PTFTW50T100,MINW,C_C0,AW67,YES,NO,10
ESP,2025,ETRIWH,PTFTW50T100,MINW,C_C0,AW67,NO,YES,10
ESP,2025,ETRIWH,PTFTW50T100,MINW,C_C0,AW67,YES,YES,10
GBR,2024,ETRIWH,PTFTW50T100,MINW,C_C0,AW67,NO,YES,28
GBR,2024,ETRIWH,PTFTW50T100,MINW,C_C0,AW67,NO,NO,28
GBR,2024,ETRIWH,PTFTW50T100,MINW,C_C0,AW67,YES,NO,28
GBR,2024,ETRIWH,PTFTW50T100,MINW,C_C0,AW67,YES,YES,28
GBR,2025,ETRIWH,PTFTW50T100,MINW,C_C0,AW67,YES,YES,28
GBR,2025,ETRIWH,PTFTW50T100,MINW,C_C0,AW67,YES,NO,28
GBR,2025,ETRIWH,PTFTW50T100,MINW,C_C0,AW67,NO,NO,28
GBR,2025,ETRIWH,PTFTW50T100,MINW,C_C0,AW67,NO,YES,28
BEL,2024,ETRIWH,PTFTW50T100,MINW,C_C0,AW67,NO,YES,32
BEL,2024,ETRIWH,PTFTW50T100,MINW,C_C0,AW67,YES,YES,32
BEL,2024,ETRIWH,PTFTW50T100,MINW,C_C0,AW67,YES,NO,32
BEL,2024,ETRIWH,PTFTW50T100,MINW,C_C0,AW67,NO,NO,32
BEL,2025,ETRIWH,PTFTW50T100,MINW,C_C0,AW67,NO,NO,32
BEL,2025,ETRIWH,PTFTW50T100,MINW,C_C0,AW67,YES,NO,32
BEL,2025,ETRIWH,PTFTW50T100,MINW,C_C0,AW67,YES,YES,32
BEL,2025,ETRIWH,PTFTW50T100,MINW,C_C0,AW67,NO,YES,32
POL,2023,ETRIWH,PTFTW50T100,MINW,C_C0,AW67,YES,YES,32
POL,2023,ETRIWH,PTFTW50T100,MINW,C_C0,AW67,NO,NO,32
POL,2023,ETRIWH,PTFTW50T100,MINW,C_C0,AW67,YES,NO,32
POL,2023,ETRIWH,PTFTW50T100,MINW,C_C0,AW67,NO,YES,32
POL,2024,ETRIWH,PTFTW50T100,MINW,C_C0,AW67,NO,YES,32
POL,2024,ETRIWH,PTFTW50T100,MINW,C_C0,AW67,YES,NO,32
POL,2024,ETRIWH,PTFTW50T100,MINW,C_C0,AW67,NO,NO,32
POL,2024,ETRIWH,PTFTW50T100,MINW,C_C0,AW67,YES,YES,32
POL,2025,ETRIWH,PTFTW50T100,MINW,C_C0,AW67,YES,YES,32
POL,2025,ETRIWH,PTFTW50T100,MINW,C_C0,AW67,NO,NO,32
POL,2025,ETRIWH,PTFTW50T100,MINW,C_C0,AW67,YES,NO,32
POL,2025,ETRIWH,PTFTW50T100,MINW,C_C0,AW67,NO,YES,32
ESP,2024,ETRIWH,PTFTW50T100,MINW,C_C0,AW67,YES,YES,6
ESP,2024,ETRIWH,PTFTW50T100,MINW,C_C0,AW67,NO,YES,6
ESP,2024,ETRIWH,PTFTW50T100,MINW,C_C0,AW67,YES,NO,6
ESP,2024,ETRIWH,PTFTW50T100,MINW,C_C0,AW67,NO,NO,6
BEL,2023,ETRIWH,PTFTW50T100,MINW,C_C0,AW67,NO,NO,33
BEL,2023,ETRIWH,PTFTW50T100,MINW,C_C0,AW67,YES,NO,33
BEL,2023,ETRIWH,PTFTW50T100,MINW,C_C0,AW67,YES,YES,33
BEL,2023,ETRIWH,PTFTW50T100,MINW,C_C0,AW67,NO,YES,33
FRA,2023,ETRIWH,PTFTW50T100,MINW,C_C0,AW67,NO,YES,35
FRA,2023,ETRIWH,PTFTW50T100,MINW,C_C0,AW67,NO,NO,35
FRA,2023,ETRIWH,PTFTW50T100,MINW,C_C0,AW67,YES,YES,35
FRA,2023,ETRIWH,PTFTW50T100,MINW,C_C0,AW67,YES,NO,35
FRA,2024,ETRIWH,PTFTW50T100,MINW,C_C0,AW67,YES,NO,33
FRA,2024,ETRIWH,PTFTW50T100,MINW,C_C0,AW67,YES,YES,33
FRA,2024,ETRIWH,PTFTW50T100,MINW,C_C0,AW67,NO,NO,33
FRA,2024,ETRIWH,PTFTW50T100,MINW,C_C0,AW67,NO,YES,33
FRA,2025,ETRIWH,PTFTW50T100,MINW,C_C0,AW67,NO,YES,36
FRA,2025,ETRIWH,PTFTW50T100,MINW,C_C0,AW67,NO,NO,36
FRA,2025,ETRIWH,PTFTW50T100,MINW,C_C0,AW67,YES,YES,36
FRA,2025,ETRIWH,PTFTW50T100,MINW,C_C0,AW67,YES,NO,36
DEU,2023,ETRIWH,PTFTW50T100,MINW,C_C0,AW67,NO,NO,45
DEU,2023,ETRIWH,PTFTW50T100,MINW,C_C0,AW67,YES,NO,45
DEU,2023,ETRIWH,PTFTW50T100,MINW,C_C0,AW67,YES,YES,45
DEU,2023,ETRIWH,PTFTW50T100,MINW,C_C0,AW67,NO,YES,45
DEU,2024,ETRIWH,PTFTW50T100,MINW,C_C0,AW67,NO,YES,45
DEU,2024,ETRIWH,PTFTW50T100,MINW,C_C0,AW67,YES,YES,45
DEU,2024,ETRIWH,PTFTW50T100,MINW,C_C0,AW67,YES,NO,45
DEU,2024,ETRIWH,PTFTW50T100,MINW,C_C0,AW67,NO,NO,45
DEU,2025,ETRIWH,PTFTW50T100,MINW,C_C0,AW67,NO,NO,46
DEU,2025,ETRIWH,PTFTW50T100,MINW,C_C0,AW67,YES,NO,46
DEU,2025,ETRIWH,PTFTW50T100,MINW,C_C0,AW67,YES,YES,46
DEU,2025,ETRIWH,PTFTW50T100,MINW,C_C0,AW67,NO,YES,46
NLD,2024,ETRIWH,PTFTW50T100,MINW,C_C0,AW67,NO,YES,14
NLD,2024,ETRIWH,PTFTW50T100,MINW,C_C0,AW67,NO,NO,14
NLD,2024,ETRIWH,PTFTW50T100,MINW,C_C0,AW67,YES,NO,14
NLD,2024,ETRIWH,PTFTW50T100,MINW,C_C0,AW67,YES,YES,14
ESP,2023,ETRIWH,PTFTW50T100,MINW,C_C0,AW67,NO,NO,7
ESP,2023,ETRIWH,PTFTW50T100,MINW,C_C0,AW67,YES,NO,7
ESP,2023,ETRIWH,PTFTW50T100,MINW,C_C0,AW67,NO,YES,7
ESP,2023,ETRIWH,PTFTW50T100,MINW,C_C0,AW67,YES,YES,7
OECD,2023,ETRIWH,PTFTW50T100,MINW,C_C0,AW67,YES,NO,25
OECD,2023,ETRIWH,PTFTW50T100,MINW,C_C0,AW67,YES,YES,25
OECD,2023,ETRIWH,PTFTW50T100,MINW,C_C0,AW67,NO,YES,25
OECD,2023,ETRIWH,PTFTW50T100,MINW,C_C0,AW67,NO,NO,25
OECD,2024,ETRIWH,PTFTW50T100,MINW,C_C0,AW67,NO,YES,25
OECD,2024,ETRIWH,PTFTW50T100,MINW,C_C0,AW67,YES,YES,25
OECD,2025,ETRIWH,PTFTW50T100,MINW,C_C0,AW67,YES,YES,25
OECD,2025,ETRIWH,PTFTW50T100,MINW,C_C0,AW67,NO,YES,25
AUT,2023,ETRIWH,PTFTW50T100,AW100,C_C0,AW67,NO,YES,44
AUT,2023,ETRIWH,PTFTW50T66,AW100,C_C0,AW67,YES,NO,44
AUT,2023,ETRIWH,PTFTW50T66,AW100,C_C0,AW67,YES,YES,44
AUT,2023,ETRIWH,PTFTW67T100,AW100,C_C0,AW67,NO,NO,44
AUT,2023,ETRIWH,PTFTW67T100,AW100,C_C0,AW67,YES,YES,44
AUT,2023,ETRIWH,PTFTW67T100,AW100,C_C0,AW67,NO,YES,44
AUT,2023,ETRIWH,PTFTW50T100,AW100,C_C0,AW67,YES,YES,44
AUT,2023,ETRIWH,PTFTW50T100,AW100,C_C0,AW67,NO,NO,44
AUT,2023,ETRIWH,PTFTW67T100,AW100,C_C0,AW67,YES,NO,44
AUT,2023,ETRIWH,PTFTW50T100,AW100,C_C0,AW67,YES,NO,44
AUT,2023,ETRIWH,PTFTW50T66,AW100,C_C0,AW67,NO,YES,44
AUT,2023,ETRIWH,PTFTW50T66,AW100,C_C0,AW67,NO,NO,44
AUT,2024,ETRIWH,PTFTW67T100,AW100,C_C0,AW67,YES,NO,44
AUT,2024,ETRIWH,PTFTW67T100,AW100,C_C0,AW67,NO,YES,44
AUT,2024,ETRIWH,PTFTW67T100,AW100,C_C0,AW67,YES,YES,44
AUT,2024,ETRIWH,PTFTW67T100,AW100,C_C0,AW67,NO,NO,44
AUT,2025,ETRIWH,PTFTW67T100,AW100,C_C0,AW67,NO,NO,44
AUT,2025,ETRIWH,PTFTW67T100,AW100,C_C0,AW67,YES,YES,44
AUT,2025,ETRIWH,PTFTW67T100,AW100,C_C0,AW67,NO,YES,44
AUT,2025,ETRIWH,PTFTW67T100,AW100,C_C0,AW67,YES,NO,44
DEU,2023,ETRIWH,PTFTW50T66,AW100,C_C0,AW67,NO,NO,44
DEU,2023,ETRIWH,PTFTW50T66,AW100,C_C0,AW67,YES,YES,44
DEU,2023,ETRIWH,PTFTW50T66,AW100,C_C0,AW67,NO,YES,44
DEU,2023,ETRIWH,PTFTW33T67,AW100,C_C0,AW67,NO,NO,44
DEU,2023,ETRIWH,PTFTW50T66,AW100,C_C0,AW67,YES,NO,44
DEU,2023,ETRIWH,PTFTW33T67,AW100,C_C0,AW67,YES,NO,44
DEU,2023,ETRIWH,PTFTW33T67,AW100,C_C0,AW67,YES,YES,44
DEU,2023,ETRIWH,PTFTW33T67,AW100,C_C0,AW67,NO,YES,44
DEU,2024,ETRIWH,PTFTW33T67,AW100,C_C0,AW67,NO,YES,44
DEU,2024,ETRIWH,PTFTW33T67,AW100,C_C0,AW67,YES,YES,44
DEU,2024,ETRIWH,PTFTW33T67,AW100,C_C0,AW67,YES,NO,44
DEU,2024,ETRIWH,PTFTW50T66,AW100,C_C0,AW67,YES,NO,44
DEU,2024,ETRIWH,PTFTW33T67,AW100,C_C0,AW67,NO,NO,44
DEU,2024,ETRIWH,PTFTW50T66,AW100,C_C0,AW67,NO,YES,44
DEU,2024,ETRIWH,PTFTW50T66,AW100,C_C0,AW67,YES,YES,44
DEU,2024,ETRIWH,PTFTW50T66,AW100,C_C0,AW67,NO,NO,44
DEU,2023,ETRIWH,PTFTW50T100,AW100,C_C0,AW67,YES,YES,45
DEU,2023,ETRIWH,PTFTW50T100,AW100,C_C0,AW67,NO,YES,45
DEU,2023,ETRIWH,PTFTW50T100,AW100,C_C0,AW67,YES,NO,45
DEU,2023,ETRIWH,PTFTW50T100,AW100,C_C0,AW67,NO,NO,45
DEU,2024,ETRIWH,PTFTW50T100,AW100,C_C0,AW67,NO,NO,45
DEU,2024,ETRIWH,PTFTW50T100,AW100,C_C0,AW67,YES,NO,45
DEU,2024,ETRIWH,PTFTW50T100,AW100,C_C0,AW67,NO,YES,45
DEU,2024,ETRIWH,PTFTW50T100,AW100,C_C0,AW67,YES,YES,45
DEU,2025,ETRIWH,PTFTW50T66,AW100,C_C0,AW67,NO,NO,45
DEU,2025,ETRIWH,PTFTW50T66,AW100,C_C0,AW67,YES,YES,45
DEU,2025,ETRIWH,PTFTW50T66,AW100,C_C0,AW67,NO,YES,45
DEU,2025,ETRIWH,PTFTW33T67,AW100,C_C0,AW67,NO,NO,45
DEU,2025,ETRIWH,PTFTW50T66,AW100,C_C0,AW67,YES,NO,45
DEU,2025,ETRIWH,PTFTW33T67,AW100,C_C0,AW67,YES,NO,45
DEU,2025,ETRIWH,PTFTW33T67,AW100,C_C0,AW67,YES,YES,45
DEU,2025,ETRIWH,PTFTW33T67,AW100,C_C0,AW67,NO,YES,45
ITA,2023,ETRIWH,PTFTW50T100,AW100,C_C0,AW67,NO,NO,45
ITA,2023,ETRIWH,PTFTW50T100,AW100,C_C0,AW67,YES,YES,45
ITA,2023,ETRIWH,PTFTW50T100,AW100,C_C0,AW67,YES,NO,45
ITA,2023,ETRIWH,PTFTW50T100,AW100,C_C0,AW67,NO,YES,45
ITA,2025,ETRIWH,PTFTW50T66,AW100,C_C0,AW67,NO,YES,45
ITA,2025,ETRIWH,PTFTW50T66,AW100,C_C0,AW67,YES,YES,45
DEU,2025,ETRIWH,PTFTW67T100,AW100,C_C0,AW67,NO,NO,47
DEU,2025,ETRIWH,PTFTW67T100,AW100,C_C0,AW67,NO,YES,47
DEU,2025,ETRIWH,PTFTW67T100,AW100,C_C0,AW67,YES,NO,47
DEU,2025,ETRIWH,PTFTW67T100,AW100,C_C0,AW67,YES,YES,47
ITA,2023,ETRIWH,PTFTW67T100,AW100,C_C0,AW67,YES,NO,47
ITA,2023,ETRIWH,PTFTW67T100,AW100,C_C0,AW67,NO,YES,47
ITA,2023,ETRIWH,PTFTW67T100,AW100,C_C0,AW67,YES,YES,47
ITA,2023,ETRIWH,PTFTW67T100,AW100,C_C0,AW67,NO,NO,47
NLD,2024,ETRIWH,PTFTW50T66,AW100,C_C0,AW67,YES,NO,48
NLD,2024,ETRIWH,PTFTW50T66,AW100,C_C0,AW67,NO,YES,48
NLD,2024,ETRIWH,PTFTW50T66,AW100,C_C0,AW67,YES,YES,48
NLD,2024,ETRIWH,PTFTW50T66,AW100,C_C0,AW67,NO,NO,48
ESP,2025,ETRIWH,PTFTW50T66,AW100,C_C0,AW67,NO,YES,50
ESP,2025,ETRIWH,PTFTW50T66,AW100,C_C0,AW67,NO,NO,50
ESP,2025,ETRIWH,PTFTW50T66,AW100,C_C0,AW67,YES,NO,50
ESP,2025,ETRIWH,PTFTW50T66,AW100,C_C0,AW67,YES,YES,50
ITA,2024,ETRIWH,PTFTW67T100,AW100,C_C0,AW67,NO,NO,55
ITA,2024,ETRIWH,PTFTW67T100,AW100,C_C0,AW67,YES,YES,55
ITA,2024,ETRIWH,PTFTW50T100,AW100,C_C0,AW67,NO,YES,49
ITA,2024,ETRIWH,PTFTW50T100,AW100,C_C0,AW67,YES,NO,49
ITA,2024,ETRIWH,PTFTW50T100,AW100,C_C0,AW67,YES,YES,49
ITA,2024,ETRIWH,PTFTW67T100,AW100,C_C0,AW67,NO,YES,55
ITA,2024,ETRIWH,PTFTW50T100,AW100,C_C0,AW67,NO,NO,49
ITA,2024,ETRIWH,PTFTW67T100,AW100,C_C0,AW67,YES,NO,55
NLD,2023,ETRIWH,PTFTW67T100,AW100,C_C0,AW67,NO,YES,54
NLD,2023,ETRIWH,PTFTW67T100,AW100,C_C0,AW67,YES,NO,54
NLD,2023,ETRIWH,PTFTW50T100,AW100,C_C0,AW67,NO,YES,51
NLD,2023,ETRIWH,PTFTW67T100,AW100,C_C0,AW67,YES,YES,54
NLD,2023,ETRIWH,PTFTW50T100,AW100,C_C0,AW67,NO,NO,51
NLD,2023,ETRIWH,PTFTW50T100,AW100,C_C0,AW67,YES,YES,51
NLD,2023,ETRIWH,PTFTW50T100,AW100,C_C0,AW67,YES,NO,51
NLD,2023,ETRIWH,PTFTW67T100,AW100,C_C0,AW67,NO,NO,54
NLD,2024,ETRIWH,PTFTW67T100,AW100,C_C0,AW67,NO,NO,54
NLD,2024,ETRIWH,PTFTW50T100,AW100,C_C0,AW67,YES,NO,52
NLD,2024,ETRIWH,PTFTW50T100,AW100,C_C0,AW67,YES,YES,52
NLD,2024,ETRIWH,PTFTW50T100,AW100,C_C0,AW67,NO,NO,52
NLD,2024,ETRIWH,PTFTW67T100,AW100,C_C0,AW67,YES,YES,54
NLD,2024,ETRIWH,PTFTW50T100,AW100,C_C0,AW67,NO,YES,52
NLD,2024,ETRIWH,PTFTW67T100,AW100,C_C0,AW67,YES,NO,54
NLD,2024,ETRIWH,PTFTW67T100,AW100,C_C0,AW67,NO,YES,54
ESP,2024,ETRIWH,PTFTW50T66,AW100,C_C0,AW67,YES,YES,52
ESP,2024,ETRIWH,PTFTW50T66,AW100,C_C0,AW67,YES,NO,52
ESP,2024,ETRIWH,PTFTW50T66,AW100,C_C0,AW67,NO,NO,52
ESP,2024,ETRIWH,PTFTW50T66,AW100,C_C0,AW67,NO,YES,52
BEL,2025,ETRIWH,PTFTW67T100,AW100,C_C0,AW67,NO,NO,57
BEL,2025,ETRIWH,PTFTW67T100,AW100,C_C0,AW67,YES,YES,57
BEL,2025,ETRIWH,PTFTW67T100,AW100,C_C0,AW67,NO,YES,57
BEL,2025,ETRIWH,PTFTW67T100,AW100,C_C0,AW67,YES,NO,57
BEL,2023,ETRIWH,PTFTW50T66,AW100,C_C0,AW67,NO,NO,70
BEL,2023,ETRIWH,PTFTW50T66,AW100,C_C0,AW67,YES,YES,70
BEL,2023,ETRIWH,PTFTW67T100,AW100,C_C0,AW67,NO,NO,58
BEL,2023,ETRIWH,PTFTW33T67,AW100,C_C0,AW67,YES,YES,58
BEL,2023,ETRIWH,PTFTW50T100,AW100,C_C0,AW67,NO,YES,62
BEL,2023,ETRIWH,PTFTW33T67,AW100,C_C0,AW67,NO,YES,58
BEL,2023,ETRIWH,PTFTW50T100,AW100,C_C0,AW67,YES,NO,62
BEL,2023,ETRIWH,PTFTW33T67,AW100,C_C0,AW67,NO,NO,58
BEL,2023,ETRIWH,PTFTW50T100,AW100,C_C0,AW67,NO,NO,62
BEL,2023,ETRIWH,PTFTW67T100,AW100,C_C0,AW67,YES,YES,58
BEL,2023,ETRIWH,PTFTW50T66,AW100,C_C0,AW67,YES,NO,70
BEL,2023,ETRIWH,PTFTW67T100,AW100,C_C0,AW67,NO,YES,58
BEL,2023,ETRIWH,PTFTW33T67,AW100,C_C0,AW67,YES,NO,58
BEL,2023,ETRIWH,PTFTW50T100,AW100,C_C0,AW67,YES,YES,62
BEL,2023,ETRIWH,PTFTW67T100,AW100,C_C0,AW67,YES,NO,58
BEL,2023,ETRIWH,PTFTW50T66,AW100,C_C0,AW67,NO,YES,70
BEL,2024,ETRIWH,PTFTW50T66,AW100,C_C0,AW67,NO,YES,71
BEL,2024,ETRIWH,PTFTW67T100,AW100,C_C0,AW67,YES,NO,58
BEL,2024,ETRIWH,PTFTW50T100,AW100,C_C0,AW67,YES,YES,62
BEL,2024,ETRIWH,PTFTW33T67,AW100,C_C0,AW67,YES,NO,59
BEL,2024,ETRIWH,PTFTW67T100,AW100,C_C0,AW67,NO,YES,58
BEL,2024,ETRIWH,PTFTW50T66,AW100,C_C0,AW67,YES,NO,71
BEL,2024,ETRIWH,PTFTW67T100,AW100,C_C0,AW67,YES,YES,58
BEL,2024,ETRIWH,PTFTW50T100,AW100,C_C0,AW67,NO,NO,62
BEL,2024,ETRIWH,PTFTW33T67,AW100,C_C0,AW67,NO,NO,59
BEL,2024,ETRIWH,PTFTW50T100,AW100,C_C0,AW67,YES,NO,62
BEL,2024,ETRIWH,PTFTW33T67,AW100,C_C0,AW67,NO,YES,59
BEL,2024,ETRIWH,PTFTW50T100,AW100,C_C0,AW67,NO,YES,62
BEL,2024,ETRIWH,PTFTW33T67,AW100,C_C0,AW67,YES,YES,59
BEL,2024,ETRIWH,PTFTW67T100,AW100,C_C0,AW67,NO,NO,58
BEL,2024,ETRIWH,PTFTW50T66,AW100,C_C0,AW67,YES,YES,71
BEL,2024,ETRIWH,PTFTW50T66,AW100,C_C0,AW67,NO,NO,71
BEL,2025,ETRIWH,PTFTW50T66,AW100,C_C0,AW67,NO,NO,76
BEL,2025,ETRIWH,PTFTW50T66,AW100,C_C0,AW67,YES,YES,76
BEL,2025,ETRIWH,PTFTW33T67,AW100,C_C0,AW67,YES,YES,61
BEL,2025,ETRIWH,PTFTW50T100,AW100,C_C0,AW67,NO,YES,63
BEL,2025,ETRIWH,PTFTW33T67,AW100,C_C0,AW67,NO,YES,61
BEL,2025,ETRIWH,PTFTW50T100,AW100,C_C0,AW67,YES,NO,63
BEL,2025,ETRIWH,PTFTW33T67,AW100,C_C0,AW67,NO,NO,61
BEL,2025,ETRIWH,PTFTW50T100,AW100,C_C0,AW67,NO,NO,63
BEL,2025,ETRIWH,PTFTW50T66,AW100,C_C0,AW67,YES,NO,76
BEL,2025,ETRIWH,PTFTW33T67,AW100,C_C0,AW67,YES,NO,61
BEL,2025,ETRIWH,PTFTW50T100,AW100,C_C0,AW67,YES,YES,63
BEL,2025,ETRIWH,PTFTW50T66,AW100,C_C0,AW67,NO,YES,76
ITA,2024,ETRIWH,PTFTW33T67,AW100,C_C0,AW67,NO,YES,38
ITA,2024,ETRIWH,PTFTW33T67,AW100,C_C0,AW67,YES,YES,38
ITA,2025,ETRIWH,PTFTW50T66,AW100,C_C0,AW67,NO,NO,38
ITA,2025,ETRIWH,PTFTW33T67,AW100,C_C0,AW67,YES,YES,38
ITA,2025,ETRIWH,PTFTW50T66,AW100,C_C0,AW67,YES,NO,38
ITA,2025,ETRIWH,PTFTW33T67,AW100,C_C0,AW67,NO,YES,38
ESP,2024,ETRIWH,PTFTW50T100,AW100,C_C0,AW67,NO,NO,38
ESP,2024,ETRIWH,PTFTW50T100,AW100,C_C0,AW67,NO,YES,38
ESP,2024,ETRIWH,PTFTW50T100,AW100,C_C0,AW67,YES,YES,38
ESP,2024,ETRIWH,PTFTW50T100,AW100,C_C0,AW67,YES,NO,38
ESP,2025,ETRIWH,PTFTW50T100,AW100,C_C0,AW67,YES,NO,38
ESP,2025,ETRIWH,PTFTW50T100,AW100,C_C0,AW67,YES,YES,38
ESP,2025,ETRIWH,PTFTW50T100,AW100,C_C0,AW67,NO,YES,38
ESP,2025,ETRIWH,PTFTW50T100,AW100,C_C0,AW67,NO,NO,38
OECD,2024,ETRIWH,PTFTW50T100,AW100,C_C0,AW67,YES,YES,38
OECD,2024,ETRIWH,PTFTW50T100,AW100,C_C0,AW67,NO,YES,38
OECD,2025,ETRIWH,PTFTW67T100,AW100,C_C0,AW67,YES,YES,38
OECD,2025,ETRIWH,PTFTW67T100,AW100,C_C0,AW67,NO,YES,38
AUT,2023,ETRIWH,PTFTW33T67,AW100,C_C0,AW67,YES,YES,42
AUT,2023,ETRIWH,PTFTW33T67,AW100,C_C0,AW67,NO,YES,42
AUT,2023,ETRIWH,PTFTW33T67,AW100,C_C0,AW67,YES,NO,42
AUT,2023,ETRIWH,PTFTW33T67,AW100,C_C0,AW67,NO,NO,42
AUT,2024,ETRIWH,PTFTW50T66,AW100,C_C0,AW67,NO,NO,42
AUT,2024,ETRIWH,PTFTW50T66,AW100,C_C0,AW67,NO,YES,42
AUT,2024,ETRIWH,PTFTW33T67,AW100,C_C0,AW67,NO,NO,42
AUT,2024,ETRIWH,PTFTW33T67,AW100,C_C0,AW67,YES,NO,42
AUT,2024,ETRIWH,PTFTW33T67,AW100,C_C0,AW67,NO,YES,42
AUT,2024,ETRIWH,PTFTW50T66,AW100,C_C0,AW67,YES,YES,42
AUT,2024,ETRIWH,PTFTW33T67,AW100,C_C0,AW67,YES,YES,42
AUT,2024,ETRIWH,PTFTW50T66,AW100,C_C0,AW67,YES,NO,42
AUT,2025,ETRIWH,PTFTW50T66,AW100,C_C0,AW67,YES,NO,42
AUT,2025,ETRIWH,PTFTW33T67,AW100,C_C0,AW67,YES,YES,42
AUT,2025,ETRIWH,PTFTW50T66,AW100,C_C0,AW67,YES,YES,42
AUT,2025,ETRIWH,PTFTW33T67,AW100,C_C0,AW67,NO,YES,42
AUT,2025,ETRIWH,PTFTW33T67,AW100,C_C0,AW67,YES,NO,42
AUT,2025,ETRIWH,PTFTW33T67,AW100,C_C0,AW67,NO,NO,42
AUT,2025,ETRIWH,PTFTW50T66,AW100,C_C0,AW67,NO,YES,42
AUT,2025,ETRIWH,PTFTW50T66,AW100,C_C0,AW67,NO,NO,42
ITA,2023,ETRIWH,PTFTW50T66,AW100,C_C0,AW67,NO,NO,42
ITA,2023,ETRIWH,PTFTW50T66,AW100,C_C0,AW67,NO,YES,42
ITA,2023,ETRIWH,PTFTW50T66,AW100,C_C0,AW67,YES,YES,42
ITA,2023,ETRIWH,PTFTW50T66,AW100,C_C0,AW67,YES,NO,42
ITA,2025,ETRIWH,PTFTW67T100,AW100,C_C0,AW67,YES,NO,46
ITA,2025,ETRIWH,PTFTW67T100,AW100,C_C0,AW67,NO,YES,46
ITA,2025,ETRIWH,PTFTW50T100,AW100,C_C0,AW67,YES,YES,46
ITA,2025,ETRIWH,PTFTW50T100,AW100,C_C0,AW67,NO,YES,46
ITA,2025,ETRIWH,PTFTW67T100,AW100,C_C0,AW67,YES,YES,46
ITA,2025,ETRIWH,PTFTW67T100,AW100,C_C0,AW67,NO,NO,46
NLD,2023,ETRIWH,PTFTW50T66,AW100,C_C0,AW67,NO,NO,46
NLD,2023,ETRIWH,PTFTW50T66,AW100,C_C0,AW67,YES,YES,46
NLD,2023,ETRIWH,PTFTW50T66,AW100,C_C0,AW67,NO,YES,46
NLD,2023,ETRIWH,PTFTW50T66,AW100,C_C0,AW67,YES,NO,46
ESP,2023,ETRIWH,PTFTW50T66,AW100,C_C0,AW67,NO,YES,46
ESP,2023,ETRIWH,PTFTW50T66,AW100,C_C0,AW67,NO,NO,46
ESP,2023,ETRIWH,PTFTW50T66,AW100,C_C0,AW67,YES,NO,46
ESP,2023,ETRIWH,PTFTW50T66,AW100,C_C0,AW67,YES,YES,46
DEU,2023,ETRIWH,PTFTW67T100,AW100,C_C0,AW67,NO,NO,46
DEU,2023,ETRIWH,PTFTW67T100,AW100,C_C0,AW67,NO,YES,46
DEU,2023,ETRIWH,PTFTW67T100,AW100,C_C0,AW67,YES,NO,46
DEU,2023,ETRIWH,PTFTW67T100,AW100,C_C0,AW67,YES,YES,46
DEU,2024,ETRIWH,PTFTW67T100,AW100,C_C0,AW67,YES,YES,46
DEU,2024,ETRIWH,PTFTW67T100,AW100,C_C0,AW67,YES,NO,46
DEU,2024,ETRIWH,PTFTW67T100,AW100,C_C0,AW67,NO,YES,46
DEU,2024,ETRIWH,PTFTW67T100,AW100,C_C0,AW67,NO,NO,46
DEU,2025,ETRIWH,PTFTW50T100,AW100,C_C0,AW67,YES,YES,46
DEU,2025,ETRIWH,PTFTW50T100,AW100,C_C0,AW67,NO,YES,46
DEU,2025,ETRIWH,PTFTW50T100,AW100,C_C0,AW67,YES,NO,46
DEU,2025,ETRIWH,PTFTW50T100,AW100,C_C0,AW67,NO,NO,46
ITA,2024,ETRIWH,PTFTW33T67,AW100,C_C0,AW67,YES,NO,37
ITA,2024,ETRIWH,PTFTW33T67,AW100,C_C0,AW67,NO,NO,37
ITA,2025,ETRIWH,PTFTW33T67,AW100,C_C0,AW67,NO,NO,37
ITA,2025,ETRIWH,PTFTW33T67,AW100,C_C0,AW67,YES,NO,37
ESP,2023,ETRIWH,PTFTW50T100,AW100,C_C0,AW67,YES,NO,37
ESP,2023,ETRIWH,PTFTW50T100,AW100,C_C0,AW67,YES,YES,37
ESP,2023,ETRIWH,PTFTW50T100,AW100,C_C0,AW67,NO,YES,37
ESP,2023,ETRIWH,PTFTW50T100,AW100,C_C0,AW67,NO,NO,37
OECD,2023,ETRIWH,PTFTW67T100,AW100,C_C0,AW67,NO,NO,37
OECD,2023,ETRIWH,PTFTW50T100,AW100,C_C0,AW67,NO,YES,37
OECD,2023,ETRIWH,PTFTW67T100,AW100,C_C0,AW67,YES,YES,37
OECD,2023,ETRIWH,PTFTW50T100,AW100,C_C0,AW67,YES,YES,37
OECD,2023,ETRIWH,PTFTW50T100,AW100,C_C0,AW67,NO,NO,37
OECD,2023,ETRIWH,PTFTW67T100,AW100,C_C0,AW67,YES,NO,37
OECD,2023,ETRIWH,PTFTW67T100,AW100,C_C0,AW67,NO,YES,37
OECD,2023,ETRIWH,PTFTW50T100,AW100,C_C0,AW67,YES,NO,37
OECD,2024,ETRIWH,PTFTW50T100,AW100,C_C0,AW67,YES,NO,37
OECD,2024,ETRIWH,PTFTW67T100,AW100,C_C0,AW67,NO,YES,37
OECD,2024,ETRIWH,PTFTW67T100,AW100,C_C0,AW67,YES,NO,37
OECD,2024,ETRIWH,PTFTW50T100,AW100,C_C0,AW67,NO,NO,37
OECD,2024,ETRIWH,PTFTW67T100,AW100,C_C0,AW67,YES,YES,37
OECD,2024,ETRIWH,PTFTW67T100,AW100,C_C0,AW67,NO,NO,37
OECD,2025,ETRIWH,PTFTW50T100,AW100,C_C0,AW67,NO,YES,37
OECD,2025,ETRIWH,PTFTW50T100,AW100,C_C0,AW67,YES,YES,37
SWE,2025,ETRIWH,PTFTW50T100,AW100,C_C0,AW67,YES,NO,28
SWE,2025,ETRIWH,PTFTW50T100,AW100,C_C0,AW67,NO,YES,28
SWE,2025,ETRIWH,PTFTW50T100,AW100,C_C0,AW67,NO,NO,28
SWE,2025,ETRIWH,PTFTW50T100,AW100,C_C0,AW67,YES,YES,28
SWE,2023,ETRIWH,PTFTW50T66,AW100,C_C0,AW67,NO,YES,28
SWE,2023,ETRIWH,PTFTW50T66,AW100,C_C0,AW67,NO,NO,28
SWE,2023,ETRIWH,PTFTW50T66,AW100,C_C0,AW67,YES,YES,28
SWE,2023,ETRIWH,PTFTW50T66,AW100,C_C0,AW67,YES,NO,28
GBR,2024,ETRIWH,PTFTW50T66,AW100,C_C0,AW67,NO,NO,28
GBR,2024,ETRIWH,PTFTW50T66,AW100,C_C0,AW67,YES,NO,28
GBR,2024,ETRIWH,PTFTW50T66,AW100,C_C0,AW67,NO,YES,28
GBR,2024,ETRIWH,PTFTW50T66,AW100,C_C0,AW67,YES,YES,28
GBR,2025,ETRIWH,PTFTW50T66,AW100,C_C0,AW67,YES,YES,28
GBR,2025,ETRIWH,PTFTW50T66,AW100,C_C0,AW67,NO,YES,28
GBR,2025,ETRIWH,PTFTW50T66,AW100,C_C0,AW67,YES,NO,28
GBR,2025,ETRIWH,PTFTW50T66,AW100,C_C0,AW67,NO,NO,28
SWE,2023,ETRIWH,PTFTW33T67,AW100,C_C0,AW67,YES,YES,28
SWE,2023,ETRIWH,PTFTW33T67,AW100,C_C0,AW67,YES,NO,28
SWE,2023,ETRIWH,PTFTW33T67,AW100,C_C0,AW67,NO,YES,28
SWE,2023,ETRIWH,PTFTW33T67,AW100,C_C0,AW67,NO,NO,28
GBR,2024,ETRIWH,PTFTW33T67,AW100,C_C0,AW67,YES,NO,28
GBR,2024,ETRIWH,PTFTW33T67,AW100,C_C0,AW67,NO,YES,28
GBR,2024,ETRIWH,PTFTW33T67,AW100,C_C0,AW67,NO,NO,28
GBR,2024,ETRIWH,PTFTW33T67,AW100,C_C0,AW67,YES,YES,28
GBR,2025,ETRIWH,PTFTW33T67,AW100,C_C0,AW67,YES,YES,28
GBR,2025,ETRIWH,PTFTW33T67,AW100,C_C0,AW67,NO,NO,28
GBR,2025,ETRIWH,PTFTW33T67,AW100,C_C0,AW67,NO,YES,28
GBR,2025,ETRIWH,PTFTW33T67,AW100,C_C0,AW67,YES,NO,28
AUT,2024,ETRIWH,PTFTW50T100,AW100,C_C0,AW67,YES,NO,43
AUT,2024,ETRIWH,PTFTW50T100,AW100,C_C0,AW67,NO,NO,43
AUT,2024,ETRIWH,PTFTW50T100,AW100,C_C0,AW67,YES,YES,43
AUT,2024,ETRIWH,PTFTW50T100,AW100,C_C0,AW67,NO,YES,43
AUT,2025,ETRIWH,PTFTW50T100,AW100,C_C0,AW67,NO,YES,43
AUT,2025,ETRIWH,PTFTW50T100,AW100,C_C0,AW67,YES,YES,43
AUT,2025,ETRIWH,PTFTW50T100,AW100,C_C0,AW67,NO,NO,43
AUT,2025,ETRIWH,PTFTW50T100,AW100,C_C0,AW67,YES,NO,43
ITA,2025,ETRIWH,PTFTW50T100,AW100,C_C0,AW67,NO,NO,43
ITA,2025,ETRIWH,PTFTW50T100,AW100,C_C0,AW67,YES,NO,43
ITA,2023,ETRIWH,PTFTW33T67,AW100,C_C0,AW67,YES,YES,41
ITA,2023,ETRIWH,PTFTW33T67,AW100,C_C0,AW67,NO,YES,41
NLD,2023,ETRIWH,PTFTW33T67,AW100,C_C0,AW67,NO,YES,41
NLD,2023,ETRIWH,PTFTW33T67,AW100,C_C0,AW67,NO,NO,41
NLD,2023,ETRIWH,PTFTW33T67,AW100,C_C0,AW67,YES,NO,41
NLD,2023,ETRIWH,PTFTW33T67,AW100,C_C0,AW67,YES,YES,41
NLD,2024,ETRIWH,PTFTW33T67,AW100,C_C0,AW67,YES,YES,41
NLD,2024,ETRIWH,PTFTW33T67,AW100,C_C0,AW67,YES,NO,41
NLD,2024,ETRIWH,PTFTW33T67,AW100,C_C0,AW67,NO,NO,41
NLD,2024,ETRIWH,PTFTW33T67,AW100,C_C0,AW67,NO,YES,41
DNK,2023,ETRIWH,PTFTW67T100,AW100,C_C0,AW67,NO,NO,41
DNK,2023,ETRIWH,PTFTW67T100,AW100,C_C0,AW67,YES,YES,41
DNK,2023,ETRIWH,PTFTW67T100,AW100,C_C0,AW67,YES,NO,41
DNK,2023,ETRIWH,PTFTW67T100,AW100,C_C0,AW67,NO,YES,41
DNK,2024,ETRIWH,PTFTW67T100,AW100,C_C0,AW67,NO,YES,41
DNK,2024,ETRIWH,PTFTW67T100,AW100,C_C0,AW67,YES,NO,41
DNK,2024,ETRIWH,PTFTW67T100,AW100,C_C0,AW67,YES,YES,41
DNK,2024,ETRIWH,PTFTW67T100,AW100,C_C0,AW67,NO,NO,41
SWE,2024,ETRIWH,PTFTW33T67,AW100,C_C0,AW67,NO,NO,27
SWE,2024,ETRIWH,PTFTW33T67,AW100,C_C0,AW67,NO,YES,27
SWE,2024,ETRIWH,PTFTW33T67,AW100,C_C0,AW67,YES,NO,27
SWE,2024,ETRIWH,PTFTW50T66,AW100,C_C0,AW67,YES,NO,27
SWE,2024,ETRIWH,PTFTW50T66,AW100,C_C0,AW67,YES,YES,27
SWE,2024,ETRIWH,PTFTW50T66,AW100,C_C0,AW67,NO,NO,27
SWE,2024,ETRIWH,PTFTW50T66,AW100,C_C0,AW67,NO,YES,27
SWE,2024,ETRIWH,PTFTW33T67,AW100,C_C0,AW67,YES,YES,27
DNK,2023,ETRIWH,PTFTW33T67,AW100,C_C0,AW67,NO,NO,39
DNK,2023,ETRIWH,PTFTW33T67,AW100,C_C0,AW67,YES,NO,39
DNK,2023,ETRIWH,PTFTW50T66,AW100,C_C0,AW67,YES,YES,39
DNK,2023,ETRIWH,PTFTW33T67,AW100,C_C0,AW67,YES,YES,39
DNK,2023,ETRIWH,PTFTW50T66,AW100,C_C0,AW67,NO,NO,39
DNK,2023,ETRIWH,PTFTW50T66,AW100,C_C0,AW67,NO,YES,39
DNK,2023,ETRIWH,PTFTW50T66,AW100,C_C0,AW67,YES,NO,39
DNK,2023,ETRIWH,PTFTW33T67,AW100,C_C0,AW67,NO,YES,39
DNK,2024,ETRIWH,PTFTW33T67,AW100,C_C0,AW67,NO,YES,39
DNK,2024,ETRIWH,PTFTW50T66,AW100,C_C0,AW67,YES,NO,39
DNK,2024,ETRIWH,PTFTW50T66,AW100,C_C0,AW67,NO,YES,39
DNK,2024,ETRIWH,PTFTW50T66,AW100,C_C0,AW67,NO,NO,39
DNK,2024,ETRIWH,PTFTW33T67,AW100,C_C0,AW67,YES,YES,39
DNK,2024,ETRIWH,PTFTW50T66,AW100,C_C0,AW67,YES,YES,39
DNK,2024,ETRIWH,PTFTW33T67,AW100,C_C0,AW67,YES,NO,39
DNK,2024,ETRIWH,PTFTW33T67,AW100,C_C0,AW67,NO,NO,39
OECD,2024,ETRIWH,PTFTW50T66,AW100,C_C0,AW67,NO,YES,39
OECD,2024,ETRIWH,PTFTW50T66,AW100,C_C0,AW67,YES,YES,39
DNK,2023,ETRIWH,PTFTW50T100,AW100,C_C0,AW67,YES,NO,40
DNK,2023,ETRIWH,PTFTW50T100,AW100,C_C0,AW67,NO,YES,40
DNK,2023,ETRIWH,PTFTW50T100,AW100,C_C0,AW67,YES,YES,40
DNK,2023,ETRIWH,PTFTW50T100,AW100,C_C0,AW67,NO,NO,40
DNK,2024,ETRIWH,PTFTW50T100,AW100,C_C0,AW67,NO,NO,40
DNK,2024,ETRIWH,PTFTW50T100,AW100,C_C0,AW67,YES,YES,40
DNK,2024,ETRIWH,PTFTW50T100,AW100,C_C0,AW67,NO,YES,40
DNK,2024,ETRIWH,PTFTW50T100,AW100,C_C0,AW67,YES,NO,40
ITA,2023,ETRIWH,PTFTW33T67,AW100,C_C0,AW67,NO,NO,40
ITA,2023,ETRIWH,PTFTW33T67,AW100,C_C0,AW67,YES,NO,40
ESP,2023,ETRIWH,PTFTW33T67,AW100,C_C0,AW67,YES,YES,26
ESP,2023,ETRIWH,PTFTW33T67,AW100,C_C0,AW67,NO,YES,26
ESP,2023,ETRIWH,PTFTW33T67,AW100,C_C0,AW67,NO,NO,26
ESP,2023,ETRIWH,PTFTW33T67,AW100,C_C0,AW67,YES,NO,26
SWE,2025,ETRIWH,PTFTW33T67,AW100,C_C0,AW67,YES,YES,26
SWE,2025,ETRIWH,PTFTW50T66,AW100,C_C0,AW67,NO,YES,26
SWE,2025,ETRIWH,PTFTW50T66,AW100,C_C0,AW67,NO,NO,26
SWE,2025,ETRIWH,PTFTW50T66,AW100,C_C0,AW67,YES,YES,26
SWE,2025,ETRIWH,PTFTW50T66,AW100,C_C0,AW67,YES,NO,26
SWE,2025,ETRIWH,PTFTW33T67,AW100,C_C0,AW67,YES,NO,26
SWE,2025,ETRIWH,PTFTW33T67,AW100,C_C0,AW67,NO,YES,26
SWE,2025,ETRIWH,PTFTW33T67,AW100,C_C0,AW67,NO,NO,26
USA,2023,ETRIWH,PTFTW33T67,AW100,C_C0,AW67,YES,NO,26
USA,2023,ETRIWH,PTFTW67T100,AW100,C_C0,AW67,NO,NO,26
USA,2023,ETRIWH,PTFTW33T67,AW100,C_C0,AW67,NO,YES,26
USA,2023,ETRIWH,PTFTW33T67,AW100,C_C0,AW67,NO,NO,26
USA,2023,ETRIWH,PTFTW50T100,AW100,C_C0,AW67,NO,NO,26
USA,2023,ETRIWH,PTFTW50T66,AW100,C_C0,AW67,NO,YES,26
USA,2023,ETRIWH,PTFTW50T66,AW100,C_C0,AW67,YES,NO,26
USA,2023,ETRIWH,PTFTW67T100,AW100,C_C0,AW67,YES,NO,26
USA,2023,ETRIWH,PTFTW50T100,AW100,C_C0,AW67,YES,NO,26
USA,2023,ETRIWH,PTFTW67T100,AW100,C_C0,AW67,YES,YES,26
USA,2023,ETRIWH,PTFTW33T67,AW100,C_C0,AW67,YES,YES,26
USA,2023,ETRIWH,PTFTW50T66,AW100,C_C0,AW67,NO,NO,26
USA,2023,ETRIWH,PTFTW50T100,AW100,C_C0,AW67,NO,YES,26
USA,2023,ETRIWH,PTFTW67T100,AW100,C_C0,AW67,NO,YES,26
USA,2023,ETRIWH,PTFTW50T100,AW100,C_C0,AW67,YES,YES,26
USA,2023,ETRIWH,PTFTW50T66,AW100,C_C0,AW67,YES,YES,26
USA,2024,ETRIWH,PTFTW50T66,AW100,C_C0,AW67,YES,YES,26
USA,2024,ETRIWH,PTFTW50T100,AW100,C_C0,AW67,YES,YES,26
USA,2024,ETRIWH,PTFTW67T100,AW100,C_C0,AW67,NO,YES,26
USA,2024,ETRIWH,PTFTW50T100,AW100,C_C0,AW67,NO,YES,26
USA,2024,ETRIWH,PTFTW50T66,AW100,C_C0,AW67,NO,NO,26
USA,2024,ETRIWH,PTFTW33T67,AW100,C_C0,AW67,YES,YES,26
USA,2024,ETRIWH,PTFTW67T100,AW100,C_C0,AW67,YES,YES,26
USA,2024,ETRIWH,PTFTW50T100,AW100,C_C0,AW67,YES,NO,26
USA,2024,ETRIWH,PTFTW67T100,AW100,C_C0,AW67,YES,NO,26
USA,2024,ETRIWH,PTFTW50T66,AW100,C_C0,AW67,YES,NO,26
USA,2024,ETRIWH,PTFTW50T66,AW100,C_C0,AW67,NO,YES,26
USA,2024,ETRIWH,PTFTW50T100,AW100,C_C0,AW67,NO,NO,26
USA,2024,ETRIWH,PTFTW33T67,AW100,C_C0,AW67,NO,NO,26
USA,2024,ETRIWH,PTFTW33T67,AW100,C_C0,AW67,NO,YES,26
USA,2024,ETRIWH,PTFTW67T100,AW100,C_C0,AW67,NO,NO,26
USA,2024,ETRIWH,PTFTW33T67,AW100,C_C0,AW67,YES,NO,26
USA,2025,ETRIWH,PTFTW33T67,AW100,C_C0,AW67,YES,NO,26
USA,2025,ETRIWH,PTFTW67T100,AW100,C_C0,AW67,NO,NO,26
USA,2025,ETRIWH,PTFTW33T67,AW100,C_C0,AW67,NO,YES,26
USA,2025,ETRIWH,PTFTW33T67,AW100,C_C0,AW67,NO,NO,26
USA,2025,ETRIWH,PTFTW50T100,AW100,C_C0,AW67,NO,NO,26
USA,2025,ETRIWH,PTFTW50T66,AW100,C_C0,AW67,NO,YES,26
USA,2025,ETRIWH,PTFTW50T66,AW100,C_C0,AW67,YES,NO,26
USA,2025,ETRIWH,PTFTW67T100,AW100,C_C0,AW67,YES,NO,26
USA,2025,ETRIWH,PTFTW50T100,AW100,C_C0,AW67,YES,NO,26
USA,2025,ETRIWH,PTFTW67T100,AW100,C_C0,AW67,YES,YES,26
USA,2025,ETRIWH,PTFTW33T67,AW100,C_C0,AW67,YES,YES,26
USA,2025,ETRIWH,PTFTW50T66,AW100,C_C0,AW67,NO,NO,26
USA,2025,ETRIWH,PTFTW50T100,AW100,C_C0,AW67,NO,YES,26
USA,2025,ETRIWH,PTFTW67T100,AW100,C_C0,AW67,NO,YES,26
USA,2025,ETRIWH,PTFTW50T100,AW100,C_C0,AW67,YES,YES,26
USA,2025,ETRIWH,PTFTW50T66,AW100,C_C0,AW67,YES,YES,26
OECD,2023,ETRIWH,PTFTW50T66,AW100,C_C0,AW67,YES,YES,36
OECD,2023,ETRIWH,PTFTW50T66,AW100,C_C0,AW67,NO,YES,36
OECD,2023,ETRIWH,PTFTW50T66,AW100,C_C0,AW67,YES,NO,36
OECD,2023,ETRIWH,PTFTW50T66,AW100,C_C0,AW67,NO,NO,36
OECD,2024,ETRIWH,PTFTW50T66,AW100,C_C0,AW67,NO,NO,36
OECD,2024,ETRIWH,PTFTW50T66,AW100,C_C0,AW67,YES,NO,36
OECD,2025,ETRIWH,PTFTW67T100,AW100,C_C0,AW67,NO,NO,36
OECD,2025,ETRIWH,PTFTW50T66,AW100,C_C0,AW67,YES,YES,36
OECD,2025,ETRIWH,PTFTW50T66,AW100,C_C0,AW67,NO,YES,36
OECD,2025,ETRIWH,PTFTW50T66,AW100,C_C0,AW67,YES,NO,36
OECD,2025,ETRIWH,PTFTW50T66,AW100,C_C0,AW67,NO,NO,36
OECD,2025,ETRIWH,PTFTW50T100,AW100,C_C0,AW67,NO,NO,36
OECD,2025,ETRIWH,PTFTW67T100,AW100,C_C0,AW67,YES,NO,36
OECD,2025,ETRIWH,PTFTW50T100,AW100,C_C0,AW67,YES,NO,36
ITA,2024,ETRIWH,PTFTW50T66,AW100,C_C0,AW67,YES,NO,36
ITA,2024,ETRIWH,PTFTW50T66,AW100,C_C0,AW67,YES,YES,36
ITA,2024,ETRIWH,PTFTW50T66,AW100,C_C0,AW67,NO,YES,36
ITA,2024,ETRIWH,PTFTW50T66,AW100,C_C0,AW67,NO,NO,36
OECD,2023,ETRIWH,PTFTW33T67,AW100,C_C0,AW67,YES,YES,34
OECD,2023,ETRIWH,PTFTW33T67,AW100,C_C0,AW67,NO,YES,34
OECD,2024,ETRIWH,PTFTW33T67,AW100,C_C0,AW67,NO,YES,35
OECD,2024,ETRIWH,PTFTW33T67,AW100,C_C0,AW67,YES,YES,35
SWE,2024,ETRIWH,PTFTW50T100,AW100,C_C0,AW67,YES,YES,29
SWE,2024,ETRIWH,PTFTW50T100,AW100,C_C0,AW67,NO,NO,29
SWE,2024,ETRIWH,PTFTW50T100,AW100,C_C0,AW67,NO,YES,29
SWE,2024,ETRIWH,PTFTW50T100,AW100,C_C0,AW67,YES,NO,29
SWE,2025,ETRIWH,PTFTW67T100,AW100,C_C0,AW67,NO,NO,29
SWE,2025,ETRIWH,PTFTW67T100,AW100,C_C0,AW67,NO,YES,29
SWE,2025,ETRIWH,PTFTW67T100,AW100,C_C0,AW67,YES,NO,29
SWE,2025,ETRIWH,PTFTW67T100,AW100,C_C0,AW67,YES,YES,29
ESP,2024,ETRIWH,PTFTW33T67,AW100,C_C0,AW67,YES,NO,29
ESP,2024,ETRIWH,PTFTW33T67,AW100,C_C0,AW67,NO,NO,29
ESP,2024,ETRIWH,PTFTW33T67,AW100,C_C0,AW67,NO,YES,29
ESP,2024,ETRIWH,PTFTW33T67,AW100,C_C0,AW67,YES,YES,29
GBR,2024,ETRIWH,PTFTW50T100,AW100,C_C0,AW67,NO,NO,29
GBR,2024,ETRIWH,PTFTW67T100,AW100,C_C0,AW67,NO,NO,29
GBR,2024,ETRIWH,PTFTW50T100,AW100,C_C0,AW67,YES,NO,29
GBR,2024,ETRIWH,PTFTW67T100,AW100,C_C0,AW67,NO,YES,29
GBR,2024,ETRIWH,PTFTW67T100,AW100,C_C0,AW67,YES,NO,29
GBR,2024,ETRIWH,PTFTW50T100,AW100,C_C0,AW67,YES,YES,29
GBR,2024,ETRIWH,PTFTW50T100,AW100,C_C0,AW67,NO,YES,29
GBR,2024,ETRIWH,PTFTW67T100,AW100,C_C0,AW67,YES,YES,29
FRA,2023,ETRIWH,PTFTW67T100,AW100,C_C0,AW67,NO,YES,31
FRA,2023,ETRIWH,PTFTW67T100,AW100,C_C0,AW67,YES,NO,31
FRA,2023,ETRIWH,PTFTW67T100,AW100,C_C0,AW67,NO,NO,31
FRA,2023,ETRIWH,PTFTW67T100,AW100,C_C0,AW67,YES,YES,31
FRA,2024,ETRIWH,PTFTW67T100,AW100,C_C0,AW67,YES,YES,31
FRA,2024,ETRIWH,PTFTW67T100,AW100,C_C0,AW67,NO,NO,31
FRA,2024,ETRIWH,PTFTW67T100,AW100,C_C0,AW67,YES,NO,31
FRA,2024,ETRIWH,PTFTW67T100,AW100,C_C0,AW67,NO,YES,31
FRA,2025,ETRIWH,PTFTW67T100,AW100,C_C0,AW67,NO,YES,31
FRA,2025,ETRIWH,PTFTW67T100,AW100,C_C0,AW67,YES,NO,31
FRA,2025,ETRIWH,PTFTW67T100,AW100,C_C0,AW67,NO,NO,31
FRA,2025,ETRIWH,PTFTW67T100,AW100,C_C0,AW67,YES,YES,31
SWE,2023,ETRIWH,PTFTW67T100,AW100,C_C0,AW67,NO,NO,31
SWE,2023,ETRIWH,PTFTW67T100,AW100,C_C0,AW67,NO,YES,31
SWE,2023,ETRIWH,PTFTW67T100,AW100,C_C0,AW67,YES,NO,31
SWE,2023,ETRIWH,PTFTW67T100,AW100,C_C0,AW67,YES,YES,31
GBR,2025,ETRIWH,PTFTW67T100,AW100,C_C0,AW67,YES,YES,31
GBR,2025,ETRIWH,PTFTW67T100,AW100,C_C0,AW67,YES,NO,31
GBR,2025,ETRIWH,PTFTW67T100,AW100,C_C0,AW67,NO,YES,31
GBR,2025,ETRIWH,PTFTW67T100,AW100,C_C0,AW67,NO,NO,31
FRA,2023,ETRIWH,PTFTW33T67,AW100,C_C0,AW67,YES,NO,33
FRA,2023,ETRIWH,PTFTW33T67,AW100,C_C0,AW67,YES,YES,33
FRA,2023,ETRIWH,PTFTW33T67,AW100,C_C0,AW67,NO,YES,33
FRA,2023,ETRIWH,PTFTW50T66,AW100,C_C0,AW67,YES,NO,33
FRA,2023,ETRIWH,PTFTW50T66,AW100,C_C0,AW67,NO,NO,33
FRA,2023,ETRIWH,PTFTW50T66,AW100,C_C0,AW67,YES,YES,33
FRA,2023,ETRIWH,PTFTW50T66,AW100,C_C0,AW67,NO,YES,33
FRA,2023,ETRIWH,PTFTW33T67,AW100,C_C0,AW67,NO,NO,33
FRA,2024,ETRIWH,PTFTW33T67,AW100,C_C0,AW67,NO,NO,33
FRA,2024,ETRIWH,PTFTW50T66,AW100,C_C0,AW67,NO,YES,33
FRA,2024,ETRIWH,PTFTW50T66,AW100,C_C0,AW67,YES,YES,33
FRA,2024,ETRIWH,PTFTW50T66,AW100,C_C0,AW67,NO,NO,33
FRA,2024,ETRIWH,PTFTW50T66,AW100,C_C0,AW67,YES,NO,33
FRA,2024,ETRIWH,PTFTW33T67,AW100,C_C0,AW67,NO,YES,33
FRA,2024,ETRIWH,PTFTW33T67,AW100,C_C0,AW67,YES,YES,33
FRA,2024,ETRIWH,PTFTW33T67,AW100,C_C0,AW67,YES,NO,33
FRA,2025,ETRIWH,PTFTW33T67,AW100,C_C0,AW67,YES,NO,33
FRA,2025,ETRIWH,PTFTW33T67,AW100,C_C0,AW67,YES,YES,33
FRA,2025,ETRIWH,PTFTW33T67,AW100,C_C0,AW67,NO,YES,33
FRA,2025,ETRIWH,PTFTW50T66,AW100,C_C0,AW67,YES,NO,33
FRA,2025,ETRIWH,PTFTW50T66,AW100,C_C0,AW67,NO,NO,33
FRA,2025,ETRIWH,PTFTW50T66,AW100,C_C0,AW67,YES,YES,33
FRA,2025,ETRIWH,PTFTW50T66,AW100,C_C0,AW67,NO,YES,33
FRA,2025,ETRIWH,PTFTW33T67,AW100,C_C0,AW67,NO,NO,33
ESP,2023,ETRIWH,PTFTW67T100,AW100,C_C0,AW67,YES,NO,33
ESP,2023,ETRIWH,PTFTW67T100,AW100,C_C0,AW67,NO,YES,33
ESP,2023,ETRIWH,PTFTW67T100,AW100,C_C0,AW67,NO,NO,33
ESP,2023,ETRIWH,PTFTW67T100,AW100,C_C0,AW67,YES,YES,33
OECD,2023,ETRIWH,PTFTW33T67,AW100,C_C0,AW67,NO,NO,33
OECD,2023,ETRIWH,PTFTW33T67,AW100,C_C0,AW67,YES,NO,33
OECD,2024,ETRIWH,PTFTW33T67,AW100,C_C0,AW67,YES,NO,33
OECD,2024,ETRIWH,PTFTW33T67,AW100,C_C0,AW67,NO,NO,33
OECD,2025,ETRIWH,PTFTW33T67,AW100,C_C0,AW67,NO,NO,33
OECD,2025,ETRIWH,PTFTW33T67,AW100,C_C0,AW67,YES,NO,33
OECD,2025,ETRIWH,PTFTW33T67,AW100,C_C0,AW67,YES,YES,33
OECD,2025,ETRIWH,PTFTW33T67,AW100,C_C0,AW67,NO,YES,33
SWE,2023,ETRIWH,PTFTW50T100,AW100,C_C0,AW67,YES,NO,30
SWE,2023,ETRIWH,PTFTW50T100,AW100,C_C0,AW67,NO,YES,30
SWE,2023,ETRIWH,PTFTW50T100,AW100,C_C0,AW67,NO,NO,30
SWE,2023,ETRIWH,PTFTW50T100,AW100,C_C0,AW67,YES,YES,30
SWE,2024,ETRIWH,PTFTW67T100,AW100,C_C0,AW67,YES,YES,30
SWE,2024,ETRIWH,PTFTW67T100,AW100,C_C0,AW67,YES,NO,30
SWE,2024,ETRIWH,PTFTW67T100,AW100,C_C0,AW67,NO,YES,30
SWE,2024,ETRIWH,PTFTW67T100,AW100,C_C0,AW67,NO,NO,30
ESP,2025,ETRIWH,PTFTW33T67,AW100,C_C0,AW67,YES,YES,30
ESP,2025,ETRIWH,PTFTW33T67,AW100,C_C0,AW67,NO,YES,30
ESP,2025,ETRIWH,PTFTW33T67,AW100,C_C0,AW67,NO,NO,30
ESP,2025,ETRIWH,PTFTW33T67,AW100,C_C0,AW67,YES,NO,30
GBR,2025,ETRIWH,PTFTW50T100,AW100,C_C0,AW67,NO,YES,30
GBR,2025,ETRIWH,PTFTW50T100,AW100,C_C0,AW67,YES,YES,30
GBR,2025,ETRIWH,PTFTW50T100,AW100,C_C0,AW67,YES,NO,30
GBR,2025,ETRIWH,PTFTW50T100,AW100,C_C0,AW67,NO,NO,30
POL,2023,ETRIWH,PTFTW50T66,AW100,C_C0,AW67,YES,YES,32
POL,2023,ETRIWH,PTFTW50T66,AW100,C_C0,AW67,YES,NO,32
POL,2024,ETRIWH,PTFTW50T66,AW100,C_C0,AW67,YES,NO,32
POL,2024,ETRIWH,PTFTW50T66,AW100,C_C0,AW67,YES,YES,32
POL,2025,ETRIWH,PTFTW50T66,AW100,C_C0,AW67,YES,YES,32
POL,2025,ETRIWH,PTFTW50T66,AW100,C_C0,AW67,YES,NO,32
POL,2023,ETRIWH,PTFTW50T66,AW100,C_C0,AW67,NO,NO,32
POL,2023,ETRIWH,PTFTW50T66,AW100,C_C0,AW67,NO,YES,32
POL,2024,ETRIWH,PTFTW50T66,AW100,C_C0,AW67,NO,YES,32
POL,2024,ETRIWH,PTFTW50T66,AW100,C_C0,AW67,NO,NO,32
POL,2025,ETRIWH,PTFTW50T66,AW100,C_C0,AW67,NO,NO,32
POL,2025,ETRIWH,PTFTW50T66,AW100,C_C0,AW67,NO,YES,32
POL,2023,ETRIWH,PTFTW33T67,AW100,C_C0,AW67,NO,NO,32
POL,2023,ETRIWH,PTFTW33T67,AW100,C_C0,AW67,YES,YES,32
POL,2023,ETRIWH,PTFTW33T67,AW100,C_C0,AW67,NO,YES,32
POL,2023,ETRIWH,PTFTW33T67,AW100,C_C0,AW67,YES,NO,32
POL,2024,ETRIWH,PTFTW33T67,AW100,C_C0,AW67,YES,NO,32
POL,2024,ETRIWH,PTFTW33T67,AW100,C_C0,AW67,NO,YES,32
POL,2024,ETRIWH,PTFTW33T67,AW100,C_C0,AW67,YES,YES,32
POL,2024,ETRIWH,PTFTW33T67,AW100,C_C0,AW67,NO,NO,32
POL,2025,ETRIWH,PTFTW33T67,AW100,C_C0,AW67,NO,NO,32
POL,2025,ETRIWH,PTFTW33T67,AW100,C_C0,AW67,YES,YES,32
POL,2025,ETRIWH,PTFTW33T67,AW100,C_C0,AW67,NO,YES,32
POL,2025,ETRIWH,PTFTW33T67,AW100,C_C0,AW67,YES,NO,32
FRA,2023,ETRIWH,PTFTW50T100,AW100,C_C0,AW67,YES,NO,32
FRA,2023,ETRIWH,PTFTW50T100,AW100,C_C0,AW67,NO,NO,32
FRA,2023,ETRIWH,PTFTW50T100,AW100,C_C0,AW67,YES,YES,32
FRA,2023,ETRIWH,PTFTW50T100,AW100,C_C0,AW67,NO,YES,32
FRA,2024,ETRIWH,PTFTW50T100,AW100,C_C0,AW67,NO,YES,32
FRA,2024,ETRIWH,PTFTW50T100,AW100,C_C0,AW67,YES,YES,32
FRA,2024,ETRIWH,PTFTW50T100,AW100,C_C0,AW67,NO,NO,32
FRA,2024,ETRIWH,PTFTW50T100,AW100,C_C0,AW67,YES,NO,32
FRA,2025,ETRIWH,PTFTW50T100,AW100,C_C0,AW67,YES,NO,32
FRA,2025,ETRIWH,PTFTW50T100,AW100,C_C0,AW67,NO,NO,32
FRA,2025,ETRIWH,PTFTW50T100,AW100,C_C0,AW67,YES,YES,32
FRA,2025,ETRIWH,PTFTW50T100,AW100,C_C0,AW67,NO,YES,32
POL,2023,ETRIWH,PTFTW50T100,AW100,C_C0,AW67,NO,YES,32
POL,2023,ETRIWH,PTFTW50T100,AW100,C_C0,AW67,YES,YES,32
POL,2023,ETRIWH,PTFTW50T100,AW100,C_C0,AW67,YES,NO,32
POL,2023,ETRIWH,PTFTW50T100,AW100,C_C0,AW67,NO,NO,32
POL,2024,ETRIWH,PTFTW50T100,AW100,C_C0,AW67,NO,NO,32
POL,2024,ETRIWH,PTFTW50T100,AW100,C_C0,AW67,YES,NO,32
POL,2024,ETRIWH,PTFTW50T100,AW100,C_C0,AW67,YES,YES,32
POL,2024,ETRIWH,PTFTW50T100,AW100,C_C0,AW67,NO,YES,32
POL,2025,ETRIWH,PTFTW50T100,AW100,C_C0,AW67,NO,YES,32
POL,2025,ETRIWH,PTFTW50T100,AW100,C_C0,AW67,YES,YES,32
POL,2025,ETRIWH,PTFTW50T100,AW100,C_C0,AW67,YES,NO,32
POL,2025,ETRIWH,PTFTW50T100,AW100,C_C0,AW67,NO,NO,32
POL,2023,ETRIWH,PTFTW67T100,AW100,C_C0,AW67,NO,NO,32
POL,2023,ETRIWH,PTFTW67T100,AW100,C_C0,AW67,YES,YES,32
POL,2023,ETRIWH,PTFTW67T100,AW100,C_C0,AW67,NO,YES,32
POL,2023,ETRIWH,PTFTW67T100,AW100,C_C0,AW67,YES,NO,32
POL,2024,ETRIWH,PTFTW67T100,AW100,C_C0,AW67,YES,NO,32
POL,2024,ETRIWH,PTFTW67T100,AW100,C_C0,AW67,NO,YES,32
POL,2024,ETRIWH,PTFTW67T100,AW100,C_C0,AW67,YES,YES,32
POL,2024,ETRIWH,PTFTW67T100,AW100,C_C0,AW67,NO,NO,32
POL,2025,ETRIWH,PTFTW67T100,AW100,C_C0,AW67,NO,NO,32
POL,2025,ETRIWH,PTFTW67T100,AW100,C_C0,AW67,YES,YES,32
POL,2025,ETRIWH,PTFTW67T100,AW100,C_C0,AW67,NO,YES,32
POL,2025,ETRIWH,PTFTW67T100,AW100,C_C0,AW67,YES,NO,32
ESP,2024,ETRIWH,PTFTW67T100,AW100,C_C0,AW67,YES,YES,32
ESP,2024,ETRIWH,PTFTW67T100,AW100,C_C0,AW67,NO,NO,32
ESP,2024,ETRIWH,PTFTW67T100,AW100,C_C0,AW67,NO,YES,32
ESP,2024,ETRIWH,PTFTW67T100,AW100,C_C0,AW67,YES,NO,32
ESP,2025,ETRIWH,PTFTW67T100,AW100,C_C0,AW67,YES,NO,32
ESP,2025,ETRIWH,PTFTW67T100,AW100,C_C0,AW67,NO,YES,32
ESP,2025,ETRIWH,PTFTW67T100,AW100,C_C0,AW67,NO,NO,32
ESP,2025,ETRIWH,PTFTW67T100,AW100,C_C0,AW67,YES,YES,32
GBR,2023,ETRIWH,PTFTW33T67,AW100,C_C0,AW67,YES,YES,32
GBR,2023,ETRIWH,PTFTW67T100,AW100,C_C0,AW67,YES,YES,32
GBR,2023,ETRIWH,PTFTW50T100,AW100,C_C0,AW67,NO,YES,32
GBR,2023,ETRIWH,PTFTW50T66,AW100,C_C0,AW67,YES,YES,32
GBR,2023,ETRIWH,PTFTW50T100,AW100,C_C0,AW67,YES,YES,32
GBR,2023,ETRIWH,PTFTW67T100,AW100,C_C0,AW67,YES,NO,32
GBR,2023,ETRIWH,PTFTW50T66,AW100,C_C0,AW67,NO,YES,32
GBR,2023,ETRIWH,PTFTW67T100,AW100,C_C0,AW67,NO,YES,32
GBR,2023,ETRIWH,PTFTW50T100,AW100,C_C0,AW67,YES,NO,32
GBR,2023,ETRIWH,PTFTW67T100,AW100,C_C0,AW67,NO,NO,32
GBR,2023,ETRIWH,PTFTW33T67,AW100,C_C0,AW67,NO,NO,32
GBR,2023,ETRIWH,PTFTW50T66,AW100,C_C0,AW67,YES,NO,32
GBR,2023,ETRIWH,PTFTW33T67,AW100,C_C0,AW67,NO,YES,32
GBR,2023,ETRIWH,PTFTW50T100,AW100,C_C0,AW67,NO,NO,32
GBR,2023,ETRIWH,PTFTW33T67,AW100,C_C0,AW67,YES,NO,32
GBR,2023,ETRIWH,PTFTW50T66,AW100,C_C0,AW67,NO,NO,32
ESP,2024,ETRIWH,PTFTW50T100,AW67,C_C0,AW67,YES,YES,29
ESP,2024,ETRIWH,PTFTW50T100,AW67,C_C0,AW67,NO,YES,29
ESP,2024,ETRIWH,PTFTW50T100,AW67,C_C0,AW67,YES,NO,29
ESP,2024,ETRIWH,PTFTW50T100,AW67,C_C0,AW67,NO,NO,29
GBR,2023,ETRIWH,PTFTW33T67,AW67,C_C0,AW67,NO,YES,29
GBR,2023,ETRIWH,PTFTW33T67,AW67,C_C0,AW67,YES,YES,29
GBR,2023,ETRIWH,PTFTW33T67,AW67,C_C0,AW67,YES,NO,29
GBR,2023,ETRIWH,PTFTW33T67,AW67,C_C0,AW67,NO,NO,29
OECD,2023,ETRIWH,PTFTW50T66,AW67,C_C0,AW67,NO,NO,29
OECD,2023,ETRIWH,PTFTW50T66,AW67,C_C0,AW67,YES,YES,29
OECD,2023,ETRIWH,PTFTW50T66,AW67,C_C0,AW67,NO,YES,29
OECD,2023,ETRIWH,PTFTW50T66,AW67,C_C0,AW67,YES,NO,29
OECD,2024,ETRIWH,PTFTW50T66,AW67,C_C0,AW67,YES,NO,29
OECD,2024,ETRIWH,PTFTW50T66,AW67,C_C0,AW67,NO,YES,29
OECD,2024,ETRIWH,PTFTW50T66,AW67,C_C0,AW67,YES,YES,29
OECD,2024,ETRIWH,PTFTW50T66,AW67,C_C0,AW67,NO,NO,29
AUT,2023,ETRIWH,PTFTW33T67,AW67,C_C0,AW67,NO,YES,30
AUT,2023,ETRIWH,PTFTW33T67,AW67,C_C0,AW67,YES,YES,30
AUT,2023,ETRIWH,PTFTW33T67,AW67,C_C0,AW67,YES,NO,30
AUT,2023,ETRIWH,PTFTW33T67,AW67,C_C0,AW67,NO,NO,30
AUT,2025,ETRIWH,PTFTW33T67,AW67,C_C0,AW67,NO,YES,30
AUT,2025,ETRIWH,PTFTW33T67,AW67,C_C0,AW67,YES,YES,30
AUT,2025,ETRIWH,PTFTW33T67,AW67,C_C0,AW67,YES,NO,30
AUT,2025,ETRIWH,PTFTW33T67,AW67,C_C0,AW67,NO,NO,30
ESP,2025,ETRIWH,PTFTW50T100,AW67,C_C0,AW67,NO,NO,30
ESP,2025,ETRIWH,PTFTW50T100,AW67,C_C0,AW67,YES,NO,30
ESP,2025,ETRIWH,PTFTW50T100,AW67,C_C0,AW67,NO,YES,30
ESP,2025,ETRIWH,PTFTW50T100,AW67,C_C0,AW67,YES,YES,30
GBR,2023,ETRIWH,PTFTW50T66,AW67,C_C0,AW67,YES,NO,32
GBR,2023,ETRIWH,PTFTW67T100,AW67,C_C0,AW67,NO,NO,32
GBR,2023,ETRIWH,PTFTW67T100,AW67,C_C0,AW67,YES,YES,32
GBR,2023,ETRIWH,PTFTW50T100,AW67,C_C0,AW67,YES,NO,32
GBR,2023,ETRIWH,PTFTW50T66,AW67,C_C0,AW67,NO,NO,32
GBR,2023,ETRIWH,PTFTW50T100,AW67,C_C0,AW67,YES,YES,32
GBR,2023,ETRIWH,PTFTW50T100,AW67,C_C0,AW67,NO,YES,32
GBR,2023,ETRIWH,PTFTW50T66,AW67,C_C0,AW67,NO,YES,32
GBR,2023,ETRIWH,PTFTW67T100,AW67,C_C0,AW67,NO,YES,32
GBR,2023,ETRIWH,PTFTW67T100,AW67,C_C0,AW67,YES,NO,32
GBR,2023,ETRIWH,PTFTW50T66,AW67,C_C0,AW67,YES,YES,32
GBR,2023,ETRIWH,PTFTW50T100,AW67,C_C0,AW67,NO,NO,32
AUT,2024,ETRIWH,PTFTW33T67,AW67,C_C0,AW67,NO,NO,32
AUT,2024,ETRIWH,PTFTW33T67,AW67,C_C0,AW67,YES,NO,32
AUT,2024,ETRIWH,PTFTW33T67,AW67,C_C0,AW67,YES,YES,32
AUT,2024,ETRIWH,PTFTW33T67,AW67,C_C0,AW67,NO,YES,32
NLD,2023,ETRIWH,PTFTW50T66,AW67,C_C0,AW67,YES,NO,32
NLD,2023,ETRIWH,PTFTW50T66,AW67,C_C0,AW67,NO,NO,32
NLD,2023,ETRIWH,PTFTW50T66,AW67,C_C0,AW67,NO,YES,32
NLD,2023,ETRIWH,PTFTW50T66,AW67,C_C0,AW67,YES,YES,32
NLD,2024,ETRIWH,PTFTW50T66,AW67,C_C0,AW67,YES,YES,32
NLD,2024,ETRIWH,PTFTW50T66,AW67,C_C0,AW67,NO,YES,32
NLD,2024,ETRIWH,PTFTW50T66,AW67,C_C0,AW67,NO,NO,32
NLD,2024,ETRIWH,PTFTW50T66,AW67,C_C0,AW67,YES,NO,32
POL,2023,ETRIWH,PTFTW67T100,AW67,C_C0,AW67,NO,YES,32
POL,2023,ETRIWH,PTFTW50T66,AW67,C_C0,AW67,NO,YES,32
POL,2023,ETRIWH,PTFTW50T66,AW67,C_C0,AW67,NO,NO,32
POL,2023,ETRIWH,PTFTW67T100,AW67,C_C0,AW67,YES,NO,32
POL,2023,ETRIWH,PTFTW50T66,AW67,C_C0,AW67,YES,YES,32
POL,2023,ETRIWH,PTFTW50T66,AW67,C_C0,AW67,YES,NO,32
POL,2023,ETRIWH,PTFTW33T67,AW67,C_C0,AW67,NO,YES,32
POL,2023,ETRIWH,PTFTW67T100,AW67,C_C0,AW67,NO,NO,32
POL,2023,ETRIWH,PTFTW33T67,AW67,C_C0,AW67,YES,YES,32
POL,2023,ETRIWH,PTFTW33T67,AW67,C_C0,AW67,YES,NO,32
POL,2023,ETRIWH,PTFTW33T67,AW67,C_C0,AW67,NO,NO,32
POL,2023,ETRIWH,PTFTW67T100,AW67,C_C0,AW67,YES,YES,32
POL,2024,ETRIWH,PTFTW67T100,AW67,C_C0,AW67,YES,YES,32
POL,2024,ETRIWH,PTFTW33T67,AW67,C_C0,AW67,NO,NO,32
POL,2024,ETRIWH,PTFTW33T67,AW67,C_C0,AW67,YES,NO,32
POL,2024,ETRIWH,PTFTW33T67,AW67,C_C0,AW67,YES,YES,32
POL,2024,ETRIWH,PTFTW67T100,AW67,C_C0,AW67,NO,NO,32
POL,2024,ETRIWH,PTFTW33T67,AW67,C_C0,AW67,NO,YES,32
POL,2024,ETRIWH,PTFTW50T66,AW67,C_C0,AW67,YES,NO,32
POL,2024,ETRIWH,PTFTW50T66,AW67,C_C0,AW67,YES,YES,32
POL,2024,ETRIWH,PTFTW67T100,AW67,C_C0,AW67,YES,NO,32
POL,2024,ETRIWH,PTFTW50T66,AW67,C_C0,AW67,NO,NO,32
POL,2024,ETRIWH,PTFTW50T66,AW67,C_C0,AW67,NO,YES,32
POL,2024,ETRIWH,PTFTW67T100,AW67,C_C0,AW67,NO,YES,32
POL,2025,ETRIWH,PTFTW67T100,AW67,C_C0,AW67,NO,YES,32
POL,2025,ETRIWH,PTFTW50T66,AW67,C_C0,AW67,NO,YES,32
POL,2025,ETRIWH,PTFTW50T66,AW67,C_C0,AW67,NO,NO,32
POL,2025,ETRIWH,PTFTW67T100,AW67,C_C0,AW67,YES,NO,32
POL,2025,ETRIWH,PTFTW50T66,AW67,C_C0,AW67,YES,YES,32
POL,2025,ETRIWH,PTFTW50T66,AW67,C_C0,AW67,YES,NO,32
POL,2025,ETRIWH,PTFTW33T67,AW67,C_C0,AW67,NO,YES,32
POL,2025,ETRIWH,PTFTW67T100,AW67,C_C0,AW67,NO,NO,32
POL,2025,ETRIWH,PTFTW33T67,AW67,C_C0,AW67,YES,YES,32
POL,2025,ETRIWH,PTFTW33T67,AW67,C_C0,AW67,YES,NO,32
POL,2025,ETRIWH,PTFTW33T67,AW67,C_C0,AW67,NO,NO,32
POL,2025,ETRIWH,PTFTW67T100,AW67,C_C0,AW67,YES,YES,32
POL,2023,ETRIWH,PTFTW50T100,AW67,C_C0,AW67,YES,YES,32
POL,2023,ETRIWH,PTFTW50T100,AW67,C_C0,AW67,YES,NO,32
POL,2023,ETRIWH,PTFTW50T100,AW67,C_C0,AW67,NO,NO,32
POL,2023,ETRIWH,PTFTW50T100,AW67,C_C0,AW67,NO,YES,32
POL,2024,ETRIWH,PTFTW50T100,AW67,C_C0,AW67,NO,YES,32
POL,2024,ETRIWH,PTFTW50T100,AW67,C_C0,AW67,NO,NO,32
POL,2024,ETRIWH,PTFTW50T100,AW67,C_C0,AW67,YES,NO,32
POL,2024,ETRIWH,PTFTW50T100,AW67,C_C0,AW67,YES,YES,32
POL,2025,ETRIWH,PTFTW50T100,AW67,C_C0,AW67,YES,YES,32
POL,2025,ETRIWH,PTFTW50T100,AW67,C_C0,AW67,YES,NO,32
POL,2025,ETRIWH,PTFTW50T100,AW67,C_C0,AW67,NO,NO,32
POL,2025,ETRIWH,PTFTW50T100,AW67,C_C0,AW67,NO,YES,32
NLD,2023,ETRIWH,PTFTW33T67,AW67,C_C0,AW67,YES,NO,22
NLD,2023,ETRIWH,PTFTW33T67,AW67,C_C0,AW67,NO,YES,22
NLD,2023,ETRIWH,PTFTW33T67,AW67,C_C0,AW67,NO,NO,22
NLD,2023,ETRIWH,PTFTW33T67,AW67,C_C0,AW67,YES,YES,22
SWE,2024,ETRIWH,PTFTW50T66,AW67,C_C0,AW67,NO,NO,26
SWE,2024,ETRIWH,PTFTW50T66,AW67,C_C0,AW67,YES,NO,26
SWE,2024,ETRIWH,PTFTW50T66,AW67,C_C0,AW67,YES,YES,26
SWE,2024,ETRIWH,PTFTW50T66,AW67,C_C0,AW67,NO,YES,26
SWE,2025,ETRIWH,PTFTW67T100,AW67,C_C0,AW67,YES,YES,26
SWE,2025,ETRIWH,PTFTW50T100,AW67,C_C0,AW67,NO,NO,26
SWE,2025,ETRIWH,PTFTW50T100,AW67,C_C0,AW67,NO,YES,26
SWE,2025,ETRIWH,PTFTW50T100,AW67,C_C0,AW67,YES,YES,26
SWE,2025,ETRIWH,PTFTW67T100,AW67,C_C0,AW67,NO,YES,26
SWE,2025,ETRIWH,PTFTW67T100,AW67,C_C0,AW67,NO,NO,26
SWE,2025,ETRIWH,PTFTW67T100,AW67,C_C0,AW67,YES,NO,26
SWE,2025,ETRIWH,PTFTW50T100,AW67,C_C0,AW67,YES,NO,26
OECD,2023,ETRIWH,PTFTW33T67,AW67,C_C0,AW67,NO,NO,26
OECD,2023,ETRIWH,PTFTW33T67,AW67,C_C0,AW67,YES,NO,26
OECD,2024,ETRIWH,PTFTW33T67,AW67,C_C0,AW67,YES,NO,26
OECD,2024,ETRIWH,PTFTW33T67,AW67,C_C0,AW67,NO,NO,26
USA,2023,ETRIWH,PTFTW33T67,AW67,C_C0,AW67,YES,NO,26
USA,2023,ETRIWH,PTFTW67T100,AW67,C_C0,AW67,NO,NO,26
USA,2023,ETRIWH,PTFTW50T66,AW67,C_C0,AW67,YES,NO,26
USA,2023,ETRIWH,PTFTW33T67,AW67,C_C0,AW67,NO,NO,26
USA,2023,ETRIWH,PTFTW50T66,AW67,C_C0,AW67,NO,NO,26
USA,2023,ETRIWH,PTFTW50T66,AW67,C_C0,AW67,YES,YES,26
USA,2023,ETRIWH,PTFTW50T100,AW67,C_C0,AW67,YES,YES,26
USA,2023,ETRIWH,PTFTW67T100,AW67,C_C0,AW67,YES,NO,26
USA,2023,ETRIWH,PTFTW50T100,AW67,C_C0,AW67,NO,NO,26
USA,2023,ETRIWH,PTFTW33T67,AW67,C_C0,AW67,NO,YES,26
USA,2023,ETRIWH,PTFTW67T100,AW67,C_C0,AW67,NO,YES,26
USA,2023,ETRIWH,PTFTW50T100,AW67,C_C0,AW67,YES,NO,26
USA,2023,ETRIWH,PTFTW50T100,AW67,C_C0,AW67,NO,YES,26
USA,2023,ETRIWH,PTFTW67T100,AW67,C_C0,AW67,YES,YES,26
USA,2023,ETRIWH,PTFTW50T66,AW67,C_C0,AW67,NO,YES,26
USA,2023,ETRIWH,PTFTW33T67,AW67,C_C0,AW67,YES,YES,26
USA,2024,ETRIWH,PTFTW33T67,AW67,C_C0,AW67,YES,YES,26
USA,2024,ETRIWH,PTFTW50T66,AW67,C_C0,AW67,NO,YES,26
USA,2024,ETRIWH,PTFTW67T100,AW67,C_C0,AW67,YES,YES,26
USA,2024,ETRIWH,PTFTW50T100,AW67,C_C0,AW67,NO,YES,26
USA,2024,ETRIWH,PTFTW50T100,AW67,C_C0,AW67,YES,NO,26
USA,2024,ETRIWH,PTFTW67T100,AW67,C_C0,AW67,NO,YES,26
USA,2024,ETRIWH,PTFTW33T67,AW67,C_C0,AW67,NO,YES,26
USA,2024,ETRIWH,PTFTW50T100,AW67,C_C0,AW67,NO,NO,26
USA,2024,ETRIWH,PTFTW67T100,AW67,C_C0,AW67,YES,NO,26
USA,2024,ETRIWH,PTFTW50T100,AW67,C_C0,AW67,YES,YES,26
USA,2024,ETRIWH,PTFTW50T66,AW67,C_C0,AW67,YES,YES,26
USA,2024,ETRIWH,PTFTW50T66,AW67,C_C0,AW67,NO,NO,26
USA,2024,ETRIWH,PTFTW33T67,AW67,C_C0,AW67,NO,NO,26
USA,2024,ETRIWH,PTFTW50T66,AW67,C_C0,AW67,YES,NO,26
USA,2024,ETRIWH,PTFTW67T100,AW67,C_C0,AW67,NO,NO,26
USA,2024,ETRIWH,PTFTW33T67,AW67,C_C0,AW67,YES,NO,26
USA,2025,ETRIWH,PTFTW33T67,AW67,C_C0,AW67,YES,NO,26
USA,2025,ETRIWH,PTFTW67T100,AW67,C_C0,AW67,NO,NO,26
USA,2025,ETRIWH,PTFTW50T66,AW67,C_C0,AW67,YES,NO,26
USA,2025,ETRIWH,PTFTW33T67,AW67,C_C0,AW67,NO,NO,26
USA,2025,ETRIWH,PTFTW50T66,AW67,C_C0,AW67,NO,NO,26
USA,2025,ETRIWH,PTFTW50T66,AW67,C_C0,AW67,YES,YES,26
USA,2025,ETRIWH,PTFTW50T100,AW67,C_C0,AW67,YES,YES,26
USA,2025,ETRIWH,PTFTW67T100,AW67,C_C0,AW67,YES,NO,26
USA,2025,ETRIWH,PTFTW50T100,AW67,C_C0,AW67,NO,NO,26
USA,2025,ETRIWH,PTFTW33T67,AW67,C_C0,AW67,NO,YES,26
USA,2025,ETRIWH,PTFTW67T100,AW67,C_C0,AW67,NO,YES,26
USA,2025,ETRIWH,PTFTW50T100,AW67,C_C0,AW67,YES,NO,26
USA,2025,ETRIWH,PTFTW50T100,AW67,C_C0,AW67,NO,YES,26
USA,2025,ETRIWH,PTFTW67T100,AW67,C_C0,AW67,YES,YES,26
USA,2025,ETRIWH,PTFTW50T66,AW67,C_C0,AW67,NO,YES,26
USA,2025,ETRIWH,PTFTW33T67,AW67,C_C0,AW67,YES,YES,26
OECD,2023,ETRIWH,PTFTW50T100,AW67,C_C0,AW67,YES,NO,33
OECD,2023,ETRIWH,PTFTW50T100,AW67,C_C0,AW67,NO,NO,33
OECD,2024,ETRIWH,PTFTW50T100,AW67,C_C0,AW67,NO,NO,33
OECD,2024,ETRIWH,PTFTW50T100,AW67,C_C0,AW67,YES,NO,33
OECD,2025,ETRIWH,PTFTW50T100,AW67,C_C0,AW67,YES,NO,33
OECD,2025,ETRIWH,PTFTW50T100,AW67,C_C0,AW67,YES,YES,33
OECD,2025,ETRIWH,PTFTW50T100,AW67,C_C0,AW67,NO,YES,33
OECD,2025,ETRIWH,PTFTW50T100,AW67,C_C0,AW67,NO,NO,33
FRA,2023,ETRIWH,PTFTW50T100,AW67,C_C0,AW67,NO,YES,33
FRA,2023,ETRIWH,PTFTW50T100,AW67,C_C0,AW67,NO,NO,33
FRA,2023,ETRIWH,PTFTW50T66,AW67,C_C0,AW67,NO,YES,33
FRA,2023,ETRIWH,PTFTW50T66,AW67,C_C0,AW67,NO,NO,33
FRA,2023,ETRIWH,PTFTW67T100,AW67,C_C0,AW67,NO,NO,33
FRA,2023,ETRIWH,PTFTW50T66,AW67,C_C0,AW67,YES,NO,33
FRA,2023,ETRIWH,PTFTW67T100,AW67,C_C0,AW67,YES,NO,33
FRA,2023,ETRIWH,PTFTW50T100,AW67,C_C0,AW67,YES,YES,33
FRA,2023,ETRIWH,PTFTW67T100,AW67,C_C0,AW67,YES,YES,33
FRA,2023,ETRIWH,PTFTW50T100,AW67,C_C0,AW67,YES,NO,33
FRA,2023,ETRIWH,PTFTW50T66,AW67,C_C0,AW67,YES,YES,33
FRA,2023,ETRIWH,PTFTW67T100,AW67,C_C0,AW67,NO,YES,33
FRA,2024,ETRIWH,PTFTW67T100,AW67,C_C0,AW67,NO,YES,33
FRA,2024,ETRIWH,PTFTW50T66,AW67,C_C0,AW67,YES,YES,33
FRA,2024,ETRIWH,PTFTW50T100,AW67,C_C0,AW67,YES,NO,33
FRA,2024,ETRIWH,PTFTW67T100,AW67,C_C0,AW67,YES,YES,33
FRA,2024,ETRIWH,PTFTW50T100,AW67,C_C0,AW67,YES,YES,33
FRA,2024,ETRIWH,PTFTW67T100,AW67,C_C0,AW67,YES,NO,33
FRA,2024,ETRIWH,PTFTW50T66,AW67,C_C0,AW67,YES,NO,33
FRA,2024,ETRIWH,PTFTW67T100,AW67,C_C0,AW67,NO,NO,33
FRA,2024,ETRIWH,PTFTW50T66,AW67,C_C0,AW67,NO,NO,33
FRA,2024,ETRIWH,PTFTW50T66,AW67,C_C0,AW67,NO,YES,33
FRA,2024,ETRIWH,PTFTW50T100,AW67,C_C0,AW67,NO,NO,33
FRA,2024,ETRIWH,PTFTW50T100,AW67,C_C0,AW67,NO,YES,33
FRA,2025,ETRIWH,PTFTW50T100,AW67,C_C0,AW67,NO,YES,33
FRA,2025,ETRIWH,PTFTW50T100,AW67,C_C0,AW67,NO,NO,33
FRA,2025,ETRIWH,PTFTW50T66,AW67,C_C0,AW67,NO,YES,33
FRA,2025,ETRIWH,PTFTW50T66,AW67,C_C0,AW67,NO,NO,33
FRA,2025,ETRIWH,PTFTW67T100,AW67,C_C0,AW67,NO,NO,33
FRA,2025,ETRIWH,PTFTW50T66,AW67,C_C0,AW67,YES,NO,33
FRA,2025,ETRIWH,PTFTW67T100,AW67,C_C0,AW67,YES,NO,33
FRA,2025,ETRIWH,PTFTW50T100,AW67,C_C0,AW67,YES,YES,33
FRA,2025,ETRIWH,PTFTW67T100,AW67,C_C0,AW67,YES,YES,33
FRA,2025,ETRIWH,PTFTW50T100,AW67,C_C0,AW67,YES,NO,33
FRA,2025,ETRIWH,PTFTW50T66,AW67,C_C0,AW67,YES,YES,33
FRA,2025,ETRIWH,PTFTW67T100,AW67,C_C0,AW67,NO,YES,33
OECD,2025,ETRIWH,PTFTW50T66,AW67,C_C0,AW67,NO,NO,28
OECD,2025,ETRIWH,PTFTW50T66,AW67,C_C0,AW67,YES,YES,28
OECD,2025,ETRIWH,PTFTW50T66,AW67,C_C0,AW67,NO,YES,28
OECD,2025,ETRIWH,PTFTW50T66,AW67,C_C0,AW67,YES,NO,28
ITA,2023,ETRIWH,PTFTW50T66,AW67,C_C0,AW67,YES,YES,28
ITA,2023,ETRIWH,PTFTW50T66,AW67,C_C0,AW67,NO,YES,28
SWE,2023,ETRIWH,PTFTW67T100,AW67,C_C0,AW67,YES,YES,28
SWE,2023,ETRIWH,PTFTW50T66,AW67,C_C0,AW67,NO,YES,28
SWE,2023,ETRIWH,PTFTW50T66,AW67,C_C0,AW67,YES,YES,28
SWE,2023,ETRIWH,PTFTW50T100,AW67,C_C0,AW67,NO,NO,28
SWE,2023,ETRIWH,PTFTW50T66,AW67,C_C0,AW67,YES,NO,28
SWE,2023,ETRIWH,PTFTW50T100,AW67,C_C0,AW67,NO,YES,28
SWE,2023,ETRIWH,PTFTW50T100,AW67,C_C0,AW67,YES,YES,28
SWE,2023,ETRIWH,PTFTW67T100,AW67,C_C0,AW67,NO,YES,28
SWE,2023,ETRIWH,PTFTW67T100,AW67,C_C0,AW67,NO,NO,28
SWE,2023,ETRIWH,PTFTW67T100,AW67,C_C0,AW67,YES,NO,28
SWE,2023,ETRIWH,PTFTW50T100,AW67,C_C0,AW67,YES,NO,28
SWE,2023,ETRIWH,PTFTW50T66,AW67,C_C0,AW67,NO,NO,28
GBR,2024,ETRIWH,PTFTW50T100,AW67,C_C0,AW67,NO,NO,28
GBR,2024,ETRIWH,PTFTW50T66,AW67,C_C0,AW67,YES,YES,28
GBR,2024,ETRIWH,PTFTW67T100,AW67,C_C0,AW67,YES,NO,28
GBR,2024,ETRIWH,PTFTW67T100,AW67,C_C0,AW67,NO,YES,28
GBR,2024,ETRIWH,PTFTW50T66,AW67,C_C0,AW67,NO,YES,28
GBR,2024,ETRIWH,PTFTW50T100,AW67,C_C0,AW67,NO,YES,28
GBR,2024,ETRIWH,PTFTW50T100,AW67,C_C0,AW67,YES,YES,28
GBR,2024,ETRIWH,PTFTW50T66,AW67,C_C0,AW67,NO,NO,28
GBR,2024,ETRIWH,PTFTW50T100,AW67,C_C0,AW67,YES,NO,28
GBR,2024,ETRIWH,PTFTW67T100,AW67,C_C0,AW67,YES,YES,28
GBR,2024,ETRIWH,PTFTW67T100,AW67,C_C0,AW67,NO,NO,28
GBR,2024,ETRIWH,PTFTW50T66,AW67,C_C0,AW67,YES,NO,28
GBR,2025,ETRIWH,PTFTW50T66,AW67,C_C0,AW67,YES,NO,28
GBR,2025,ETRIWH,PTFTW67T100,AW67,C_C0,AW67,NO,NO,28
GBR,2025,ETRIWH,PTFTW67T100,AW67,C_C0,AW67,YES,YES,28
GBR,2025,ETRIWH,PTFTW33T67,AW67,C_C0,AW67,NO,YES,28
GBR,2025,ETRIWH,PTFTW50T100,AW67,C_C0,AW67,YES,NO,28
GBR,2025,ETRIWH,PTFTW50T66,AW67,C_C0,AW67,NO,NO,28
GBR,2025,ETRIWH,PTFTW50T100,AW67,C_C0,AW67,YES,YES,28
GBR,2025,ETRIWH,PTFTW50T100,AW67,C_C0,AW67,NO,YES,28
GBR,2025,ETRIWH,PTFTW33T67,AW67,C_C0,AW67,YES,YES,28
GBR,2025,ETRIWH,PTFTW33T67,AW67,C_C0,AW67,YES,NO,28
GBR,2025,ETRIWH,PTFTW50T66,AW67,C_C0,AW67,NO,YES,28
GBR,2025,ETRIWH,PTFTW67T100,AW67,C_C0,AW67,NO,YES,28
GBR,2025,ETRIWH,PTFTW67T100,AW67,C_C0,AW67,YES,NO,28
GBR,2025,ETRIWH,PTFTW50T66,AW67,C_C0,AW67,YES,YES,28
GBR,2025,ETRIWH,PTFTW50T100,AW67,C_C0,AW67,NO,NO,28
GBR,2025,ETRIWH,PTFTW33T67,AW67,C_C0,AW67,NO,NO,28
ESP,2023,ETRIWH,PTFTW50T100,AW67,C_C0,AW67,NO,NO,27
ESP,2023,ETRIWH,PTFTW50T100,AW67,C_C0,AW67,YES,NO,27
ESP,2023,ETRIWH,PTFTW50T100,AW67,C_C0,AW67,NO,YES,27
ESP,2023,ETRIWH,PTFTW50T100,AW67,C_C0,AW67,YES,YES,27
SWE,2024,ETRIWH,PTFTW50T100,AW67,C_C0,AW67,YES,NO,27
SWE,2024,ETRIWH,PTFTW67T100,AW67,C_C0,AW67,YES,NO,27
SWE,2024,ETRIWH,PTFTW67T100,AW67,C_C0,AW67,NO,NO,27
SWE,2024,ETRIWH,PTFTW67T100,AW67,C_C0,AW67,NO,YES,27
SWE,2024,ETRIWH,PTFTW50T100,AW67,C_C0,AW67,YES,YES,27
SWE,2024,ETRIWH,PTFTW50T100,AW67,C_C0,AW67,NO,YES,27
SWE,2024,ETRIWH,PTFTW50T100,AW67,C_C0,AW67,NO,NO,27
SWE,2024,ETRIWH,PTFTW67T100,AW67,C_C0,AW67,YES,YES,27
GBR,2024,ETRIWH,PTFTW33T67,AW67,C_C0,AW67,NO,NO,27
GBR,2024,ETRIWH,PTFTW33T67,AW67,C_C0,AW67,YES,NO,27
GBR,2024,ETRIWH,PTFTW33T67,AW67,C_C0,AW67,YES,YES,27
GBR,2024,ETRIWH,PTFTW33T67,AW67,C_C0,AW67,NO,YES,27
OECD,2023,ETRIWH,PTFTW33T67,AW67,C_C0,AW67,YES,YES,27
OECD,2023,ETRIWH,PTFTW33T67,AW67,C_C0,AW67,NO,YES,27
OECD,2024,ETRIWH,PTFTW33T67,AW67,C_C0,AW67,NO,YES,27
OECD,2024,ETRIWH,PTFTW33T67,AW67,C_C0,AW67,YES,YES,27
FRA,2024,ETRIWH,PTFTW33T67,AW67,C_C0,AW67,NO,YES,34
FRA,2024,ETRIWH,PTFTW33T67,AW67,C_C0,AW67,YES,YES,34
FRA,2024,ETRIWH,PTFTW33T67,AW67,C_C0,AW67,YES,NO,34
FRA,2024,ETRIWH,PTFTW33T67,AW67,C_C0,AW67,NO,NO,34
OECD,2023,ETRIWH,PTFTW50T100,AW67,C_C0,AW67,YES,YES,35
OECD,2023,ETRIWH,PTFTW50T100,AW67,C_C0,AW67,NO,YES,35
OECD,2024,ETRIWH,PTFTW50T100,AW67,C_C0,AW67,NO,YES,35
OECD,2024,ETRIWH,PTFTW50T100,AW67,C_C0,AW67,YES,YES,35
AUT,2023,ETRIWH,PTFTW50T100,AW67,C_C0,AW67,YES,NO,42
AUT,2023,ETRIWH,PTFTW50T100,AW67,C_C0,AW67,YES,YES,42
AUT,2023,ETRIWH,PTFTW50T100,AW67,C_C0,AW67,NO,YES,42
AUT,2023,ETRIWH,PTFTW50T100,AW67,C_C0,AW67,NO,NO,42
AUT,2024,ETRIWH,PTFTW50T100,AW67,C_C0,AW67,NO,NO,42
AUT,2024,ETRIWH,PTFTW50T100,AW67,C_C0,AW67,NO,YES,42
AUT,2024,ETRIWH,PTFTW50T100,AW67,C_C0,AW67,YES,YES,42
AUT,2024,ETRIWH,PTFTW50T100,AW67,C_C0,AW67,YES,NO,42
AUT,2025,ETRIWH,PTFTW50T100,AW67,C_C0,AW67,YES,NO,42
AUT,2025,ETRIWH,PTFTW50T100,AW67,C_C0,AW67,YES,YES,42
AUT,2025,ETRIWH,PTFTW50T100,AW67,C_C0,AW67,NO,YES,42
AUT,2025,ETRIWH,PTFTW50T100,AW67,C_C0,AW67,NO,NO,42
NLD,2024,ETRIWH,PTFTW50T100,AW67,C_C0,AW67,NO,YES,42
NLD,2024,ETRIWH,PTFTW50T100,AW67,C_C0,AW67,NO,NO,42
NLD,2024,ETRIWH,PTFTW50T100,AW67,C_C0,AW67,YES,NO,42
NLD,2024,ETRIWH,PTFTW50T100,AW67,C_C0,AW67,YES,YES,42
DNK,2023,ETRIWH,PTFTW50T100,AW67,C_C0,AW67,NO,YES,39
DNK,2023,ETRIWH,PTFTW50T100,AW67,C_C0,AW67,YES,NO,39
DNK,2023,ETRIWH,PTFTW50T100,AW67,C_C0,AW67,NO,NO,39
DNK,2023,ETRIWH,PTFTW50T100,AW67,C_C0,AW67,YES,YES,39
DNK,2024,ETRIWH,PTFTW50T100,AW67,C_C0,AW67,YES,YES,39
DNK,2024,ETRIWH,PTFTW50T100,AW67,C_C0,AW67,NO,NO,39
DNK,2024,ETRIWH,PTFTW50T100,AW67,C_C0,AW67,YES,NO,39
DNK,2024,ETRIWH,PTFTW50T100,AW67,C_C0,AW67,NO,YES,39
ITA,2025,ETRIWH,PTFTW50T100,AW67,C_C0,AW67,NO,YES,39
ITA,2025,ETRIWH,PTFTW50T100,AW67,C_C0,AW67,YES,YES,39
ITA,2023,ETRIWH,PTFTW50T100,AW67,C_C0,AW67,NO,NO,40
ITA,2023,ETRIWH,PTFTW50T100,AW67,C_C0,AW67,YES,NO,40
ITA,2023,ETRIWH,PTFTW50T100,AW67,C_C0,AW67,NO,YES,41
ITA,2023,ETRIWH,PTFTW50T100,AW67,C_C0,AW67,YES,YES,41
NLD,2023,ETRIWH,PTFTW50T100,AW67,C_C0,AW67,YES,YES,41
NLD,2023,ETRIWH,PTFTW50T100,AW67,C_C0,AW67,YES,NO,41
NLD,2023,ETRIWH,PTFTW50T100,AW67,C_C0,AW67,NO,NO,41
NLD,2023,ETRIWH,PTFTW50T100,AW67,C_C0,AW67,NO,YES,41
ITA,2024,ETRIWH,PTFTW50T100,AW67,C_C0,AW67,YES,NO,37
ITA,2024,ETRIWH,PTFTW50T100,AW67,C_C0,AW67,NO,NO,37
ITA,2025,ETRIWH,PTFTW50T100,AW67,C_C0,AW67,NO,NO,37
ITA,2025,ETRIWH,PTFTW50T100,AW67,C_C0,AW67,YES,NO,37
ITA,2024,ETRIWH,PTFTW50T100,AW67,C_C0,AW67,YES,YES,38
ITA,2024,ETRIWH,PTFTW50T100,AW67,C_C0,AW67,NO,YES,38
DEU,2023,ETRIWH,PTFTW50T100,AW67,C_C0,AW67,NO,NO,44
DEU,2023,ETRIWH,PTFTW50T100,AW67,C_C0,AW67,NO,YES,44
DEU,2023,ETRIWH,PTFTW50T100,AW67,C_C0,AW67,YES,YES,44
DEU,2023,ETRIWH,PTFTW50T100,AW67,C_C0,AW67,YES,NO,44
DEU,2024,ETRIWH,PTFTW50T100,AW67,C_C0,AW67,YES,NO,44
DEU,2024,ETRIWH,PTFTW50T100,AW67,C_C0,AW67,YES,YES,44
DEU,2024,ETRIWH,PTFTW50T100,AW67,C_C0,AW67,NO,YES,44
DEU,2024,ETRIWH,PTFTW50T100,AW67,C_C0,AW67,NO,NO,44
DEU,2025,ETRIWH,PTFTW50T100,AW67,C_C0,AW67,NO,NO,45
DEU,2025,ETRIWH,PTFTW50T100,AW67,C_C0,AW67,NO,YES,45
DEU,2025,ETRIWH,PTFTW50T100,AW67,C_C0,AW67,YES,YES,45
DEU,2025,ETRIWH,PTFTW50T100,AW67,C_C0,AW67,YES,NO,45
BEL,2023,ETRIWH,PTFTW50T100,AW67,C_C0,AW67,YES,NO,58
BEL,2023,ETRIWH,PTFTW50T100,AW67,C_C0,AW67,NO,NO,58
BEL,2023,ETRIWH,PTFTW50T100,AW67,C_C0,AW67,YES,YES,58
BEL,2023,ETRIWH,PTFTW50T100,AW67,C_C0,AW67,NO,YES,58
BEL,2024,ETRIWH,PTFTW50T100,AW67,C_C0,AW67,NO,YES,59
BEL,2024,ETRIWH,PTFTW50T100,AW67,C_C0,AW67,YES,YES,59
BEL,2024,ETRIWH,PTFTW50T100,AW67,C_C0,AW67,NO,NO,59
BEL,2024,ETRIWH,PTFTW50T100,AW67,C_C0,AW67,YES,NO,59
BEL,2025,ETRIWH,PTFTW50T100,AW67,C_C0,AW67,YES,NO,61
BEL,2025,ETRIWH,PTFTW50T100,AW67,C_C0,AW67,NO,NO,61
BEL,2025,ETRIWH,PTFTW50T100,AW67,C_C0,AW67,YES,YES,61
BEL,2025,ETRIWH,PTFTW50T100,AW67,C_C0,AW67,NO,YES,61
AUT,2023,ETRIWH,PTFTW50T66,AW67,C_C0,AW67,NO,NO,38
AUT,2023,ETRIWH,PTFTW50T66,AW67,C_C0,AW67,YES,NO,38
AUT,2024,ETRIWH,PTFTW50T66,AW67,C_C0,AW67,YES,NO,41
AUT,2024,ETRIWH,PTFTW50T66,AW67,C_C0,AW67,NO,NO,41
AUT,2025,ETRIWH,PTFTW50T66,AW67,C_C0,AW67,NO,NO,39
AUT,2025,ETRIWH,PTFTW50T66,AW67,C_C0,AW67,YES,NO,39
BEL,2023,ETRIWH,PTFTW50T66,AW67,C_C0,AW67,YES,NO,42
BEL,2023,ETRIWH,PTFTW50T66,AW67,C_C0,AW67,NO,NO,42
BEL,2024,ETRIWH,PTFTW50T66,AW67,C_C0,AW67,NO,NO,41
BEL,2024,ETRIWH,PTFTW50T66,AW67,C_C0,AW67,YES,NO,41
BEL,2025,ETRIWH,PTFTW50T66,AW67,C_C0,AW67,YES,NO,41
BEL,2025,ETRIWH,PTFTW50T66,AW67,C_C0,AW67,NO,NO,41
DNK,2023,ETRIWH,PTFTW50T66,AW67,C_C0,AW67,YES,NO,39
DNK,2023,ETRIWH,PTFTW50T66,AW67,C_C0,AW67,NO,NO,39
DNK,2024,ETRIWH,PTFTW50T66,AW67,C_C0,AW67,NO,NO,39
DNK,2024,ETRIWH,PTFTW50T66,AW67,C_C0,AW67,YES,NO,39
DEU,2023,ETRIWH,PTFTW50T66,AW67,C_C0,AW67,NO,NO,44
DEU,2023,ETRIWH,PTFTW50T66,AW67,C_C0,AW67,YES,NO,44
DEU,2024,ETRIWH,PTFTW50T66,AW67,C_C0,AW67,YES,NO,44
DEU,2024,ETRIWH,PTFTW50T66,AW67,C_C0,AW67,NO,NO,44
DEU,2025,ETRIWH,PTFTW50T66,AW67,C_C0,AW67,NO,NO,44
DEU,2025,ETRIWH,PTFTW50T66,AW67,C_C0,AW67,YES,NO,44
ITA,2023,ETRIWH,PTFTW50T66,AW67,C_C0,AW67,YES,NO,38
ITA,2023,ETRIWH,PTFTW50T66,AW67,C_C0,AW67,NO,NO,38
ITA,2024,ETRIWH,PTFTW50T66,AW67,C_C0,AW67,NO,NO,37
ITA,2024,ETRIWH,PTFTW50T66,AW67,C_C0,AW67,YES,NO,37
ITA,2025,ETRIWH,PTFTW50T66,AW67,C_C0,AW67,YES,NO,25
ITA,2025,ETRIWH,PTFTW50T66,AW67,C_C0,AW67,NO,NO,25
ESP,2023,ETRIWH,PTFTW50T66,AW67,C_C0,AW67,YES,NO,6
ESP,2023,ETRIWH,PTFTW50T66,AW67,C_C0,AW67,NO,NO,6
ESP,2024,ETRIWH,PTFTW50T66,AW67,C_C0,AW67,NO,NO,6
ESP,2024,ETRIWH,PTFTW50T66,AW67,C_C0,AW67,YES,NO,6
ESP,2025,ETRIWH,PTFTW50T66,AW67,C_C0,AW67,YES,NO,6
ESP,2025,ETRIWH,PTFTW50T66,AW67,C_C0,AW67,NO,NO,6
SWE,2025,ETRIWH,PTFTW50T66,AW67,C_C0,AW67,YES,NO,25
SWE,2025,ETRIWH,PTFTW50T66,AW67,C_C0,AW67,NO,NO,25
AUT,2023,ETRIWH,PTFTW50T66,AW67,C_C0,AW67,NO,YES,38
AUT,2024,ETRIWH,PTFTW50T66,AW67,C_C0,AW67,NO,YES,41
AUT,2025,ETRIWH,PTFTW50T66,AW67,C_C0,AW67,NO,YES,39
BEL,2023,ETRIWH,PTFTW50T66,AW67,C_C0,AW67,NO,YES,42
BEL,2024,ETRIWH,PTFTW50T66,AW67,C_C0,AW67,NO,YES,41
BEL,2025,ETRIWH,PTFTW50T66,AW67,C_C0,AW67,NO,YES,41
DNK,2023,ETRIWH,PTFTW50T66,AW67,C_C0,AW67,NO,YES,39
DNK,2024,ETRIWH,PTFTW50T66,AW67,C_C0,AW67,NO,YES,39
DEU,2023,ETRIWH,PTFTW50T66,AW67,C_C0,AW67,NO,YES,44
DEU,2024,ETRIWH,PTFTW50T66,AW67,C_C0,AW67,NO,YES,44
DEU,2025,ETRIWH,PTFTW50T66,AW67,C_C0,AW67,NO,YES,44
ITA,2024,ETRIWH,PTFTW50T66,AW67,C_C0,AW67,NO,YES,37
ITA,2025,ETRIWH,PTFTW50T66,AW67,C_C0,AW67,NO,YES,25
ESP,2023,ETRIWH,PTFTW50T66,AW67,C_C0,AW67,NO,YES,6
ESP,2024,ETRIWH,PTFTW50T66,AW67,C_C0,AW67,NO,YES,6
ESP,2025,ETRIWH,PTFTW50T66,AW67,C_C0,AW67,NO,YES,6
SWE,2025,ETRIWH,PTFTW50T66,AW67,C_C0,AW67,NO,YES,25
AUT,2023,ETRIWH,PTFTW50T66,AW67,C_C0,AW67,YES,YES,38
AUT,2024,ETRIWH,PTFTW50T66,AW67,C_C0,AW67,YES,YES,41
AUT,2025,ETRIWH,PTFTW50T66,AW67,C_C0,AW67,YES,YES,39
BEL,2023,ETRIWH,PTFTW50T66,AW67,C_C0,AW67,YES,YES,42
BEL,2024,ETRIWH,PTFTW50T66,AW67,C_C0,AW67,YES,YES,41
BEL,2025,ETRIWH,PTFTW50T66,AW67,C_C0,AW67,YES,YES,41
DNK,2023,ETRIWH,PTFTW50T66,AW67,C_C0,AW67,YES,YES,39
DNK,2024,ETRIWH,PTFTW50T66,AW67,C_C0,AW67,YES,YES,39
DEU,2023,ETRIWH,PTFTW50T66,AW67,C_C0,AW67,YES,YES,44
DEU,2024,ETRIWH,PTFTW50T66,AW67,C_C0,AW67,YES,YES,44
DEU,2025,ETRIWH,PTFTW50T66,AW67,C_C0,AW67,YES,YES,44
ITA,2024,ETRIWH,PTFTW50T66,AW67,C_C0,AW67,YES,YES,37
ITA,2025,ETRIWH,PTFTW50T66,AW67,C_C0,AW67,YES,YES,25
ESP,2023,ETRIWH,PTFTW50T66,AW67,C_C0,AW67,YES,YES,6
ESP,2024,ETRIWH,PTFTW50T66,AW67,C_C0,AW67,YES,YES,6
ESP,2025,ETRIWH,PTFTW50T66,AW67,C_C0,AW67,YES,YES,6
SWE,2025,ETRIWH,PTFTW50T66,AW67,C_C0,AW67,YES,YES,25
NLD,2024,ETRIWH,PTFTW67T100,AW67,C_C0,AW67,NO,NO,47
NLD,2024,ETRIWH,PTFTW67T100,AW67,C_C0,AW67,YES,YES,47
NLD,2024,ETRIWH,PTFTW67T100,AW67,C_C0,AW67,NO,YES,47
NLD,2024,ETRIWH,PTFTW67T100,AW67,C_C0,AW67,YES,NO,47
ITA,2023,ETRIWH,PTFTW67T100,AW67,C_C0,AW67,YES,YES,48
ITA,2023,ETRIWH,PTFTW67T100,AW67,C_C0,AW67,NO,YES,48
BEL,2023,ETRIWH,PTFTW67T100,AW67,C_C0,AW67,NO,YES,67
BEL,2023,ETRIWH,PTFTW67T100,AW67,C_C0,AW67,NO,NO,67
BEL,2023,ETRIWH,PTFTW67T100,AW67,C_C0,AW67,YES,NO,67
BEL,2023,ETRIWH,PTFTW67T100,AW67,C_C0,AW67,YES,YES,67
BEL,2024,ETRIWH,PTFTW67T100,AW67,C_C0,AW67,YES,YES,68
BEL,2024,ETRIWH,PTFTW67T100,AW67,C_C0,AW67,YES,NO,68
BEL,2024,ETRIWH,PTFTW67T100,AW67,C_C0,AW67,NO,NO,68
BEL,2024,ETRIWH,PTFTW67T100,AW67,C_C0,AW67,NO,YES,68
BEL,2025,ETRIWH,PTFTW67T100,AW67,C_C0,AW67,NO,YES,72
BEL,2025,ETRIWH,PTFTW67T100,AW67,C_C0,AW67,NO,NO,72
BEL,2025,ETRIWH,PTFTW67T100,AW67,C_C0,AW67,YES,NO,72
BEL,2025,ETRIWH,PTFTW67T100,AW67,C_C0,AW67,YES,YES,72
AUT,2023,ETRIWH,PTFTW67T100,AW67,C_C0,AW67,NO,YES,44
AUT,2023,ETRIWH,PTFTW67T100,AW67,C_C0,AW67,NO,NO,44
AUT,2023,ETRIWH,PTFTW67T100,AW67,C_C0,AW67,YES,NO,44
AUT,2023,ETRIWH,PTFTW67T100,AW67,C_C0,AW67,YES,YES,44
AUT,2025,ETRIWH,PTFTW67T100,AW67,C_C0,AW67,NO,YES,44
AUT,2025,ETRIWH,PTFTW67T100,AW67,C_C0,AW67,NO,NO,44
AUT,2025,ETRIWH,PTFTW67T100,AW67,C_C0,AW67,YES,NO,44
AUT,2025,ETRIWH,PTFTW67T100,AW67,C_C0,AW67,YES,YES,44
DEU,2023,ETRIWH,PTFTW67T100,AW67,C_C0,AW67,YES,YES,44
DEU,2023,ETRIWH,PTFTW67T100,AW67,C_C0,AW67,YES,NO,44
DEU,2023,ETRIWH,PTFTW67T100,AW67,C_C0,AW67,NO,YES,44
DEU,2023,ETRIWH,PTFTW67T100,AW67,C_C0,AW67,NO,NO,44
DEU,2024,ETRIWH,PTFTW67T100,AW67,C_C0,AW67,NO,NO,44
DEU,2024,ETRIWH,PTFTW67T100,AW67,C_C0,AW67,NO,YES,44
DEU,2024,ETRIWH,PTFTW67T100,AW67,C_C0,AW67,YES,NO,44
DEU,2024,ETRIWH,PTFTW67T100,AW67,C_C0,AW67,YES,YES,44
ITA,2025,ETRIWH,PTFTW67T100,AW67,C_C0,AW67,NO,NO,44
ITA,2025,ETRIWH,PTFTW67T100,AW67,C_C0,AW67,YES,NO,44
ITA,2023,ETRIWH,PTFTW67T100,AW67,C_C0,AW67,NO,NO,41
ITA,2023,ETRIWH,PTFTW67T100,AW67,C_C0,AW67,YES,NO,41
ESP,2024,ETRIWH,PTFTW67T100,AW67,C_C0,AW67,NO,YES,41
ESP,2024,ETRIWH,PTFTW67T100,AW67,C_C0,AW67,NO,NO,41
ESP,2024,ETRIWH,PTFTW67T100,AW67,C_C0,AW67,YES,NO,41
ESP,2024,ETRIWH,PTFTW67T100,AW67,C_C0,AW67,YES,YES,41
ESP,2023,ETRIWH,PTFTW67T100,AW67,C_C0,AW67,YES,YES,37
ESP,2023,ETRIWH,PTFTW67T100,AW67,C_C0,AW67,YES,NO,37
ESP,2023,ETRIWH,PTFTW67T100,AW67,C_C0,AW67,NO,NO,37
ESP,2023,ETRIWH,PTFTW67T100,AW67,C_C0,AW67,NO,YES,37
DEU,2025,ETRIWH,PTFTW67T100,AW67,C_C0,AW67,YES,YES,45
DEU,2025,ETRIWH,PTFTW67T100,AW67,C_C0,AW67,YES,NO,45
DEU,2025,ETRIWH,PTFTW67T100,AW67,C_C0,AW67,NO,YES,45
DEU,2025,ETRIWH,PTFTW67T100,AW67,C_C0,AW67,NO,NO,45
ITA,2025,ETRIWH,PTFTW67T100,AW67,C_C0,AW67,YES,YES,45
ITA,2025,ETRIWH,PTFTW67T100,AW67,C_C0,AW67,NO,YES,45
ITA,2024,ETRIWH,PTFTW67T100,AW67,C_C0,AW67,NO,YES,38
ITA,2024,ETRIWH,PTFTW67T100,AW67,C_C0,AW67,YES,YES,38
OECD,2023,ETRIWH,PTFTW67T100,AW67,C_C0,AW67,NO,YES,38
OECD,2023,ETRIWH,PTFTW67T100,AW67,C_C0,AW67,YES,YES,38
OECD,2024,ETRIWH,PTFTW67T100,AW67,C_C0,AW67,YES,YES,38
OECD,2024,ETRIWH,PTFTW67T100,AW67,C_C0,AW67,NO,YES,38
OECD,2023,ETRIWH,PTFTW67T100,AW67,C_C0,AW67,YES,NO,35
OECD,2023,ETRIWH,PTFTW67T100,AW67,C_C0,AW67,NO,NO,35
OECD,2025,ETRIWH,PTFTW67T100,AW67,C_C0,AW67,NO,YES,35
OECD,2025,ETRIWH,PTFTW67T100,AW67,C_C0,AW67,YES,YES,35
OECD,2025,ETRIWH,PTFTW67T100,AW67,C_C0,AW67,YES,NO,35
OECD,2025,ETRIWH,PTFTW67T100,AW67,C_C0,AW67,NO,NO,35
NLD,2023,ETRIWH,PTFTW67T100,AW67,C_C0,AW67,YES,NO,46
NLD,2023,ETRIWH,PTFTW67T100,AW67,C_C0,AW67,NO,YES,46
NLD,2023,ETRIWH,PTFTW67T100,AW67,C_C0,AW67,YES,YES,46
NLD,2023,ETRIWH,PTFTW67T100,AW67,C_C0,AW67,NO,NO,46
AUT,2024,ETRIWH,PTFTW67T100,AW67,C_C0,AW67,YES,YES,42
AUT,2024,ETRIWH,PTFTW67T100,AW67,C_C0,AW67,YES,NO,42
AUT,2024,ETRIWH,PTFTW67T100,AW67,C_C0,AW67,NO,NO,42
AUT,2024,ETRIWH,PTFTW67T100,AW67,C_C0,AW67,NO,YES,42
ESP,2025,ETRIWH,PTFTW67T100,AW67,C_C0,AW67,YES,YES,42
ESP,2025,ETRIWH,PTFTW67T100,AW67,C_C0,AW67,YES,NO,42
ESP,2025,ETRIWH,PTFTW67T100,AW67,C_C0,AW67,NO,NO,42
ESP,2025,ETRIWH,PTFTW67T100,AW67,C_C0,AW67,NO,YES,42
DNK,2023,ETRIWH,PTFTW67T100,AW67,C_C0,AW67,YES,YES,39
DNK,2023,ETRIWH,PTFTW67T100,AW67,C_C0,AW67,NO,YES,39
DNK,2023,ETRIWH,PTFTW67T100,AW67,C_C0,AW67,NO,NO,39
DNK,2023,ETRIWH,PTFTW67T100,AW67,C_C0,AW67,YES,NO,39
DNK,2024,ETRIWH,PTFTW67T100,AW67,C_C0,AW67,YES,NO,39
DNK,2024,ETRIWH,PTFTW67T100,AW67,C_C0,AW67,NO,NO,39
DNK,2024,ETRIWH,PTFTW67T100,AW67,C_C0,AW67,NO,YES,39
DNK,2024,ETRIWH,PTFTW67T100,AW67,C_C0,AW67,YES,YES,39
ITA,2024,ETRIWH,PTFTW67T100,AW67,C_C0,AW67,YES,NO,36
ITA,2024,ETRIWH,PTFTW67T100,AW67,C_C0,AW67,NO,NO,36
OECD,2024,ETRIWH,PTFTW67T100,AW67,C_C0,AW67,NO,NO,36
OECD,2024,ETRIWH,PTFTW67T100,AW67,C_C0,AW67,YES,NO,36
SWE,2023,ETRIWH,PTFTW33T67,AW67,C_C0,AW67,YES,YES,24
SWE,2023,ETRIWH,PTFTW33T67,AW67,C_C0,AW67,NO,NO,24
SWE,2023,ETRIWH,PTFTW33T67,AW67,C_C0,AW67,NO,YES,24
SWE,2023,ETRIWH,PTFTW33T67,AW67,C_C0,AW67,YES,NO,24
OECD,2025,ETRIWH,PTFTW33T67,AW67,C_C0,AW67,NO,NO,24
OECD,2025,ETRIWH,PTFTW33T67,AW67,C_C0,AW67,YES,NO,24
NLD,2024,ETRIWH,PTFTW33T67,AW67,C_C0,AW67,YES,YES,21
NLD,2024,ETRIWH,PTFTW33T67,AW67,C_C0,AW67,NO,NO,21
NLD,2024,ETRIWH,PTFTW33T67,AW67,C_C0,AW67,NO,YES,21
NLD,2024,ETRIWH,PTFTW33T67,AW67,C_C0,AW67,YES,NO,21
DNK,2023,ETRIWH,PTFTW33T67,AW67,C_C0,AW67,NO,NO,40
DNK,2023,ETRIWH,PTFTW33T67,AW67,C_C0,AW67,YES,NO,40
BEL,2024,ETRIWH,PTFTW33T67,AW67,C_C0,AW67,YES,YES,35
BEL,2024,ETRIWH,PTFTW33T67,AW67,C_C0,AW67,NO,YES,35
BEL,2024,ETRIWH,PTFTW33T67,AW67,C_C0,AW67,YES,NO,35
BEL,2024,ETRIWH,PTFTW33T67,AW67,C_C0,AW67,NO,NO,35
BEL,2025,ETRIWH,PTFTW33T67,AW67,C_C0,AW67,NO,NO,35
BEL,2025,ETRIWH,PTFTW33T67,AW67,C_C0,AW67,YES,NO,35
BEL,2025,ETRIWH,PTFTW33T67,AW67,C_C0,AW67,NO,YES,35
BEL,2025,ETRIWH,PTFTW33T67,AW67,C_C0,AW67,YES,YES,35
ESP,2023,ETRIWH,PTFTW33T67,AW67,C_C0,AW67,NO,NO,6
ESP,2023,ETRIWH,PTFTW33T67,AW67,C_C0,AW67,YES,YES,6
ESP,2023,ETRIWH,PTFTW33T67,AW67,C_C0,AW67,YES,NO,6
ESP,2023,ETRIWH,PTFTW33T67,AW67,C_C0,AW67,NO,YES,6
ESP,2024,ETRIWH,PTFTW33T67,AW67,C_C0,AW67,NO,YES,6
ESP,2024,ETRIWH,PTFTW33T67,AW67,C_C0,AW67,YES,NO,6
ESP,2024,ETRIWH,PTFTW33T67,AW67,C_C0,AW67,YES,YES,6
ESP,2024,ETRIWH,PTFTW33T67,AW67,C_C0,AW67,NO,NO,6
ESP,2025,ETRIWH,PTFTW33T67,AW67,C_C0,AW67,NO,NO,6
ESP,2025,ETRIWH,PTFTW33T67,AW67,C_C0,AW67,YES,YES,6
ESP,2025,ETRIWH,PTFTW33T67,AW67,C_C0,AW67,YES,NO,6
ESP,2025,ETRIWH,PTFTW33T67,AW67,C_C0,AW67,NO,YES,6
BEL,2023,ETRIWH,PTFTW33T67,AW67,C_C0,AW67,NO,NO,36
BEL,2023,ETRIWH,PTFTW33T67,AW67,C_C0,AW67,YES,NO,36
BEL,2023,ETRIWH,PTFTW33T67,AW67,C_C0,AW67,NO,YES,36
BEL,2023,ETRIWH,PTFTW33T67,AW67,C_C0,AW67,YES,YES,36
DNK,2023,ETRIWH,PTFTW33T67,AW67,C_C0,AW67,YES,YES,47
DNK,2023,ETRIWH,PTFTW33T67,AW67,C_C0,AW67,NO,YES,47
DNK,2024,ETRIWH,PTFTW33T67,AW67,C_C0,AW67,YES,NO,39
DNK,2024,ETRIWH,PTFTW33T67,AW67,C_C0,AW67,NO,NO,39
DNK,2024,ETRIWH,PTFTW33T67,AW67,C_C0,AW67,NO,YES,46
DNK,2024,ETRIWH,PTFTW33T67,AW67,C_C0,AW67,YES,YES,46
FRA,2023,ETRIWH,PTFTW33T67,AW67,C_C0,AW67,NO,NO,36
FRA,2023,ETRIWH,PTFTW33T67,AW67,C_C0,AW67,YES,NO,36
FRA,2023,ETRIWH,PTFTW33T67,AW67,C_C0,AW67,YES,YES,36
FRA,2023,ETRIWH,PTFTW33T67,AW67,C_C0,AW67,NO,YES,36
FRA,2025,ETRIWH,PTFTW33T67,AW67,C_C0,AW67,NO,NO,37
FRA,2025,ETRIWH,PTFTW33T67,AW67,C_C0,AW67,YES,NO,37
FRA,2025,ETRIWH,PTFTW33T67,AW67,C_C0,AW67,YES,YES,37
FRA,2025,ETRIWH,PTFTW33T67,AW67,C_C0,AW67,NO,YES,37
ITA,2023,ETRIWH,PTFTW33T67,AW67,C_C0,AW67,YES,NO,14
ITA,2023,ETRIWH,PTFTW33T67,AW67,C_C0,AW67,YES,YES,9
ITA,2023,ETRIWH,PTFTW33T67,AW67,C_C0,AW67,NO,YES,9
ITA,2023,ETRIWH,PTFTW33T67,AW67,C_C0,AW67,NO,NO,14
ITA,2024,ETRIWH,PTFTW33T67,AW67,C_C0,AW67,NO,NO,14
ITA,2024,ETRIWH,PTFTW33T67,AW67,C_C0,AW67,NO,YES,14
ITA,2024,ETRIWH,PTFTW33T67,AW67,C_C0,AW67,YES,YES,14
ITA,2024,ETRIWH,PTFTW33T67,AW67,C_C0,AW67,YES,NO,14
ITA,2025,ETRIWH,PTFTW33T67,AW67,C_C0,AW67,YES,NO,3
ITA,2025,ETRIWH,PTFTW33T67,AW67,C_C0,AW67,YES,YES,3
ITA,2025,ETRIWH,PTFTW33T67,AW67,C_C0,AW67,NO,YES,3
ITA,2025,ETRIWH,PTFTW33T67,AW67,C_C0,AW67,NO,NO,3
DEU,2023,ETRIWH,PTFTW33T67,AW67,C_C0,AW67,YES,YES,45
DEU,2023,ETRIWH,PTFTW33T67,AW67,C_C0,AW67,YES,NO,45
DEU,2023,ETRIWH,PTFTW33T67,AW67,C_C0,AW67,NO,YES,45
DEU,2023,ETRIWH,PTFTW33T67,AW67,C_C0,AW67,NO,NO,45
DEU,2024,ETRIWH,PTFTW33T67,AW67,C_C0,AW67,NO,NO,45
DEU,2024,ETRIWH,PTFTW33T67,AW67,C_C0,AW67,NO,YES,45
DEU,2024,ETRIWH,PTFTW33T67,AW67,C_C0,AW67,YES,NO,45
DEU,2024,ETRIWH,PTFTW33T67,AW67,C_C0,AW67,YES,YES,45
DEU,2025,ETRIWH,PTFTW33T67,AW67,C_C0,AW67,YES,YES,45
DEU,2025,ETRIWH,PTFTW33T67,AW67,C_C0,AW67,YES,NO,45
DEU,2025,ETRIWH,PTFTW33T67,AW67,C_C0,AW67,NO,YES,45
DEU,2025,ETRIWH,PTFTW33T67,AW67,C_C0,AW67,NO,NO,45
SWE,2024,ETRIWH,PTFTW33T67,AW67,C_C0,AW67,YES,NO,23
SWE,2024,ETRIWH,PTFTW33T67,AW67,C_C0,AW67,NO,YES,23
SWE,2024,ETRIWH,PTFTW33T67,AW67,C_C0,AW67,NO,NO,23
SWE,2024,ETRIWH,PTFTW33T67,AW67,C_C0,AW67,YES,YES,23
SWE,2025,ETRIWH,PTFTW33T67,AW67,C_C0,AW67,YES,YES,23
SWE,2025,ETRIWH,PTFTW33T67,AW67,C_C0,AW67,NO,NO,23
SWE,2025,ETRIWH,PTFTW33T67,AW67,C_C0,AW67,NO,YES,23
SWE,2025,ETRIWH,PTFTW33T67,AW67,C_C0,AW67,YES,NO,23
OECD,2025,ETRIWH,PTFTW33T67,AW67,C_C0,AW67,YES,YES,25
OECD,2025,ETRIWH,PTFTW33T67,AW67,C_C0,AW67,NO,YES,25
AUT,2023,ETRIWH,PTFTW50T66,AW67,S_C2,_Z,NO,YES,65
AUT,2024,ETRIWH,PTFTW50T66,AW67,S_C2,_Z,NO,YES,72
AUT,2025,ETRIWH,PTFTW50T66,AW67,S_C2,_Z,NO,YES,44
BEL,2023,ETRIWH,PTFTW50T66,AW67,S_C2,_Z,NO,YES,34
BEL,2024,ETRIWH,PTFTW50T66,AW67,S_C2,_Z,NO,YES,33
BEL,2025,ETRIWH,PTFTW50T66,AW67,S_C2,_Z,NO,YES,33
DNK,2023,ETRIWH,PTFTW50T66,AW67,S_C2,_Z,NO,YES,38
DNK,2024,ETRIWH,PTFTW50T66,AW67,S_C2,_Z,NO,YES,38
FRA,2023,ETRIWH,PTFTW50T66,AW67,S_C2,_Z,NO,YES,56
FRA,2024,ETRIWH,PTFTW50T66,AW67,S_C2,_Z,NO,YES,56
FRA,2025,ETRIWH,PTFTW50T66,AW67,S_C2,_Z,NO,YES,55
DEU,2023,ETRIWH,PTFTW50T66,AW67,S_C2,_Z,NO,YES,57
DEU,2024,ETRIWH,PTFTW50T66,AW67,S_C2,_Z,NO,YES,69
DEU,2025,ETRIWH,PTFTW50T66,AW67,S_C2,_Z,NO,YES,69
ITA,2023,ETRIWH,PTFTW50T66,AW67,S_C2,_Z,NO,YES,28
ITA,2024,ETRIWH,PTFTW50T66,AW67,S_C2,_Z,NO,YES,40
ITA,2025,ETRIWH,PTFTW50T66,AW67,S_C2,_Z,NO,YES,25
NLD,2023,ETRIWH,PTFTW50T66,AW67,S_C2,_Z,NO,YES,13
NLD,2024,ETRIWH,PTFTW50T66,AW67,S_C2,_Z,NO,YES,13
POL,2023,ETRIWH,PTFTW50T66,AW67,S_C2,_Z,NO,YES,79
POL,2024,ETRIWH,PTFTW50T66,AW67,S_C2,_Z,NO,YES,88
POL,2025,ETRIWH,PTFTW50T66,AW67,S_C2,_Z,NO,YES,67
ESP,2023,ETRIWH,PTFTW50T66,AW67,S_C2,_Z,NO,YES,0
ESP,2024,ETRIWH,PTFTW50T66,AW67,S_C2,_Z,NO,YES,0
ESP,2025,ETRIWH,PTFTW50T66,AW67,S_C2,_Z,NO,YES,1
SWE,2023,ETRIWH,PTFTW50T66,AW67,S_C2,_Z,NO,YES,53
SWE,2024,ETRIWH,PTFTW50T66,AW67,S_C2,_Z,NO,YES,53
SWE,2025,ETRIWH,PTFTW50T66,AW67,S_C2,_Z,NO,YES,51
GBR,2023,ETRIWH,PTFTW50T66,AW67,S_C2,_Z,NO,YES,69
GBR,2024,ETRIWH,PTFTW50T66,AW67,S_C2,_Z,NO,YES,68
GBR,2025,ETRIWH,PTFTW50T66,AW67,S_C2,_Z,NO,YES,68
USA,2023,ETRIWH,PTFTW50T66,AW67,S_C2,_Z,NO,YES,36
USA,2024,ETRIWH,PTFTW50T66,AW67,S_C2,_Z,NO,YES,44
USA,2025,ETRIWH,PTFTW50T66,AW67,S_C2,_Z,NO,YES,45
OECD,2023,ETRIWH,PTFTW50T66,AW67,S_C2,_Z,NO,YES,40
OECD,2024,ETRIWH,PTFTW50T66,AW67,S_C2,_Z,NO,YES,42
OECD,2025,ETRIWH,PTFTW50T66,AW67,S_C2,_Z,NO,YES,42
AUT,2023,ETRIWH,PTFTW50T66,AW67,S_C2,_Z,NO,NO,23
AUT,2024,ETRIWH,PTFTW50T66,AW67,S_C2,_Z,NO,NO,27
AUT,2025,ETRIWH,PTFTW50T66,AW67,S_C2,_Z,NO,NO,44
BEL,2023,ETRIWH,PTFTW50T66,AW67,S_C2,_Z,NO,NO,34
BEL,2024,ETRIWH,PTFTW50T66,AW67,S_C2,_Z,NO,NO,33
BEL,2025,ETRIWH,PTFTW50T66,AW67,S_C2,_Z,NO,NO,33
DNK,2023,ETRIWH,PTFTW50T66,AW67,S_C2,_Z,NO,NO,38
DNK,2024,ETRIWH,PTFTW50T66,AW67,S_C2,_Z,NO,NO,38
FRA,2023,ETRIWH,PTFTW50T66,AW67,S_C2,_Z,NO,NO,32
FRA,2024,ETRIWH,PTFTW50T66,AW67,S_C2,_Z,NO,NO,32
FRA,2025,ETRIWH,PTFTW50T66,AW67,S_C2,_Z,NO,NO,32
DEU,2023,ETRIWH,PTFTW50T66,AW67,S_C2,_Z,NO,NO,38
DEU,2024,ETRIWH,PTFTW50T66,AW67,S_C2,_Z,NO,NO,38
DEU,2025,ETRIWH,PTFTW50T66,AW67,S_C2,_Z,NO,NO,38
ITA,2023,ETRIWH,PTFTW50T66,AW67,S_C2,_Z,NO,NO,38
ITA,2024,ETRIWH,PTFTW50T66,AW67,S_C2,_Z,NO,NO,37
ITA,2025,ETRIWH,PTFTW50T66,AW67,S_C2,_Z,NO,NO,25
NLD,2023,ETRIWH,PTFTW50T66,AW67,S_C2,_Z,NO,NO,13
NLD,2024,ETRIWH,PTFTW50T66,AW67,S_C2,_Z,NO,NO,13
POL,2023,ETRIWH,PTFTW50T66,AW67,S_C2,_Z,NO,NO,75
POL,2024,ETRIWH,PTFTW50T66,AW67,S_C2,_Z,NO,NO,85
POL,2025,ETRIWH,PTFTW50T66,AW67,S_C2,_Z,NO,NO,61
ESP,2023,ETRIWH,PTFTW50T66,AW67,S_C2,_Z,NO,NO,0
ESP,2024,ETRIWH,PTFTW50T66,AW67,S_C2,_Z,NO,NO,0
ESP,2025,ETRIWH,PTFTW50T66,AW67,S_C2,_Z,NO,NO,0
SWE,2023,ETRIWH,PTFTW50T66,AW67,S_C2,_Z,NO,NO,28
SWE,2024,ETRIWH,PTFTW50T66,AW67,S_C2,_Z,NO,NO,26
SWE,2025,ETRIWH,PTFTW50T66,AW67,S_C2,_Z,NO,NO,25
GBR,2023,ETRIWH,PTFTW50T66,AW67,S_C2,_Z,NO,NO,69
GBR,2024,ETRIWH,PTFTW50T66,AW67,S_C2,_Z,NO,NO,68
GBR,2025,ETRIWH,PTFTW50T66,AW67,S_C2,_Z,NO,NO,68
USA,2023,ETRIWH,PTFTW50T66,AW67,S_C2,_Z,NO,NO,36
USA,2024,ETRIWH,PTFTW50T66,AW67,S_C2,_Z,NO,NO,44
USA,2025,ETRIWH,PTFTW50T66,AW67,S_C2,_Z,NO,NO,45
OECD,2023,ETRIWH,PTFTW50T66,AW67,S_C2,_Z,NO,NO,34
OECD,2024,ETRIWH,PTFTW50T66,AW67,S_C2,_Z,NO,NO,35
OECD,2025,ETRIWH,PTFTW50T66,AW67,S_C2,_Z,NO,NO,35
AUT,2023,ETRIWH,PTFTW50T66,AW67,S_C2,_Z,YES,YES,71
AUT,2024,ETRIWH,PTFTW50T66,AW67,S_C2,_Z,YES,YES,89
AUT,2025,ETRIWH,PTFTW50T66,AW67,S_C2,_Z,YES,YES,120
BEL,2023,ETRIWH,PTFTW50T66,AW67,S_C2,_Z,YES,YES,34
BEL,2024,ETRIWH,PTFTW50T66,AW67,S_C2,_Z,YES,YES,47
BEL,2025,ETRIWH,PTFTW50T66,AW67,S_C2,_Z,YES,YES,50
DNK,2023,ETRIWH,PTFTW50T66,AW67,S_C2,_Z,YES,YES,85
DNK,2024,ETRIWH,PTFTW50T66,AW67,S_C2,_Z,YES,YES,85
FRA,2023,ETRIWH,PTFTW50T66,AW67,S_C2,_Z,YES,YES,56
FRA,2024,ETRIWH,PTFTW50T66,AW67,S_C2,_Z,YES,YES,56
FRA,2025,ETRIWH,PTFTW50T66,AW67,S_C2,_Z,YES,YES,55
DEU,2023,ETRIWH,PTFTW50T66,AW67,S_C2,_Z,YES,YES,75
DEU,2024,ETRIWH,PTFTW50T66,AW67,S_C2,_Z,YES,YES,83
DEU,2025,ETRIWH,PTFTW50T66,AW67,S_C2,_Z,YES,YES,86
ITA,2023,ETRIWH,PTFTW50T66,AW67,S_C2,_Z,YES,YES,28
ITA,2024,ETRIWH,PTFTW50T66,AW67,S_C2,_Z,YES,YES,40
ITA,2025,ETRIWH,PTFTW50T66,AW67,S_C2,_Z,YES,YES,25
NLD,2023,ETRIWH,PTFTW50T66,AW67,S_C2,_Z,YES,YES,13
NLD,2024,ETRIWH,PTFTW50T66,AW67,S_C2,_Z,YES,YES,13
POL,2023,ETRIWH,PTFTW50T66,AW67,S_C2,_Z,YES,YES,79
POL,2024,ETRIWH,PTFTW50T66,AW67,S_C2,_Z,YES,YES,88
POL,2025,ETRIWH,PTFTW50T66,AW67,S_C2,_Z,YES,YES,67
ESP,2023,ETRIWH,PTFTW50T66,AW67,S_C2,_Z,YES,YES,64
ESP,2024,ETRIWH,PTFTW50T66,AW67,S_C2,_Z,YES,YES,74
ESP,2025,ETRIWH,PTFTW50T66,AW67,S_C2,_Z,YES,YES,95
SWE,2023,ETRIWH,PTFTW50T66,AW67,S_C2,_Z,YES,YES,53
SWE,2024,ETRIWH,PTFTW50T66,AW67,S_C2,_Z,YES,YES,53
SWE,2025,ETRIWH,PTFTW50T66,AW67,S_C2,_Z,YES,YES,51
GBR,2023,ETRIWH,PTFTW50T66,AW67,S_C2,_Z,YES,YES,69
GBR,2024,ETRIWH,PTFTW50T66,AW67,S_C2,_Z,YES,YES,68
GBR,2025,ETRIWH,PTFTW50T66,AW67,S_C2,_Z,YES,YES,68
USA,2023,ETRIWH,PTFTW50T66,AW67,S_C2,_Z,YES,YES,72
USA,2024,ETRIWH,PTFTW50T66,AW67,S_C2,_Z,YES,YES,80
USA,2025,ETRIWH,PTFTW50T66,AW67,S_C2,_Z,YES,YES,81
OECD,2023,ETRIWH,PTFTW50T66,AW67,S_C2,_Z,YES,YES,56
OECD,2024,ETRIWH,PTFTW50T66,AW67,S_C2,_Z,YES,YES,59
OECD,2025,ETRIWH,PTFTW50T66,AW67,S_C2,_Z,YES,YES,61
AUT,2023,ETRIWH,PTFTW50T66,AW67,S_C2,_Z,YES,NO,23
AUT,2024,ETRIWH,PTFTW50T66,AW67,S_C2,_Z,YES,NO,27
AUT,2025,ETRIWH,PTFTW50T66,AW67,S_C2,_Z,YES,NO,44
BEL,2023,ETRIWH,PTFTW50T66,AW67,S_C2,_Z,YES,NO,34
BEL,2024,ETRIWH,PTFTW50T66,AW67,S_C2,_Z,YES,NO,47
BEL,2025,ETRIWH,PTFTW50T66,AW67,S_C2,_Z,YES,NO,50
DNK,2023,ETRIWH,PTFTW50T66,AW67,S_C2,_Z,YES,NO,85
DNK,2024,ETRIWH,PTFTW50T66,AW67,S_C2,_Z,YES,NO,85
FRA,2023,ETRIWH,PTFTW50T66,AW67,S_C2,_Z,YES,NO,32
FRA,2024,ETRIWH,PTFTW50T66,AW67,S_C2,_Z,YES,NO,32
FRA,2025,ETRIWH,PTFTW50T66,AW67,S_C2,_Z,YES,NO,32
DEU,2023,ETRIWH,PTFTW50T66,AW67,S_C2,_Z,YES,NO,56
DEU,2024,ETRIWH,PTFTW50T66,AW67,S_C2,_Z,YES,NO,52
DEU,2025,ETRIWH,PTFTW50T66,AW67,S_C2,_Z,YES,NO,55
ITA,2023,ETRIWH,PTFTW50T66,AW67,S_C2,_Z,YES,NO,38
ITA,2024,ETRIWH,PTFTW50T66,AW67,S_C2,_Z,YES,NO,37
ITA,2025,ETRIWH,PTFTW50T66,AW67,S_C2,_Z,YES,NO,25
NLD,2023,ETRIWH,PTFTW50T66,AW67,S_C2,_Z,YES,NO,13
NLD,2024,ETRIWH,PTFTW50T66,AW67,S_C2,_Z,YES,NO,13
POL,2023,ETRIWH,PTFTW50T66,AW67,S_C2,_Z,YES,NO,75
POL,2024,ETRIWH,PTFTW50T66,AW67,S_C2,_Z,YES,NO,85
POL,2025,ETRIWH,PTFTW50T66,AW67,S_C2,_Z,YES,NO,61
ESP,2023,ETRIWH,PTFTW50T66,AW67,S_C2,_Z,YES,NO,64
ESP,2024,ETRIWH,PTFTW50T66,AW67,S_C2,_Z,YES,NO,74
ESP,2025,ETRIWH,PTFTW50T66,AW67,S_C2,_Z,YES,NO,94
SWE,2023,ETRIWH,PTFTW50T66,AW67,S_C2,_Z,YES,NO,28
SWE,2024,ETRIWH,PTFTW50T66,AW67,S_C2,_Z,YES,NO,26
SWE,2025,ETRIWH,PTFTW50T66,AW67,S_C2,_Z,YES,NO,25
GBR,2023,ETRIWH,PTFTW50T66,AW67,S_C2,_Z,YES,NO,69
GBR,2024,ETRIWH,PTFTW50T66,AW67,S_C2,_Z,YES,NO,68
GBR,2025,ETRIWH,PTFTW50T66,AW67,S_C2,_Z,YES,NO,68
USA,2023,ETRIWH,PTFTW50T66,AW67,S_C2,_Z,YES,NO,60
USA,2024,ETRIWH,PTFTW50T66,AW67,S_C2,_Z,YES,NO,68
USA,2025,ETRIWH,PTFTW50T66,AW67,S_C2,_Z,YES,NO,69
OECD,2023,ETRIWH,PTFTW50T66,AW67,S_C2,_Z,YES,NO,48
OECD,2024,ETRIWH,PTFTW50T66,AW67,S_C2,_Z,YES,NO,49
OECD,2025,ETRIWH,PTFTW50T66,AW67,S_C2,_Z,YES,NO,48
AUT,2023,ETRIWH,PTFTW33T67,AW67,S_C2,_Z,NO,NO,20
AUT,2024,ETRIWH,PTFTW33T67,AW67,S_C2,_Z,NO,NO,22
AUT,2025,ETRIWH,PTFTW33T67,AW67,S_C2,_Z,NO,NO,29
BEL,2023,ETRIWH,PTFTW33T67,AW67,S_C2,_Z,NO,NO,20
BEL,2024,ETRIWH,PTFTW33T67,AW67,S_C2,_Z,NO,NO,19
BEL,2025,ETRIWH,PTFTW33T67,AW67,S_C2,_Z,NO,NO,19
DNK,2023,ETRIWH,PTFTW33T67,AW67,S_C2,_Z,NO,NO,38
DNK,2024,ETRIWH,PTFTW33T67,AW67,S_C2,_Z,NO,NO,38
FRA,2023,ETRIWH,PTFTW33T67,AW67,S_C2,_Z,NO,NO,33
FRA,2024,ETRIWH,PTFTW33T67,AW67,S_C2,_Z,NO,NO,33
FRA,2025,ETRIWH,PTFTW33T67,AW67,S_C2,_Z,NO,NO,33
DEU,2023,ETRIWH,PTFTW33T67,AW67,S_C2,_Z,NO,NO,31
DEU,2024,ETRIWH,PTFTW33T67,AW67,S_C2,_Z,NO,NO,31
DEU,2025,ETRIWH,PTFTW33T67,AW67,S_C2,_Z,NO,NO,32
ITA,2023,ETRIWH,PTFTW33T67,AW67,S_C2,_Z,NO,NO,14
ITA,2024,ETRIWH,PTFTW33T67,AW67,S_C2,_Z,NO,NO,13
ITA,2025,ETRIWH,PTFTW33T67,AW67,S_C2,_Z,NO,NO,3
NLD,2023,ETRIWH,PTFTW33T67,AW67,S_C2,_Z,NO,NO,10
NLD,2024,ETRIWH,PTFTW33T67,AW67,S_C2,_Z,NO,NO,9
POL,2023,ETRIWH,PTFTW33T67,AW67,S_C2,_Z,NO,NO,48
POL,2024,ETRIWH,PTFTW33T67,AW67,S_C2,_Z,NO,NO,55
POL,2025,ETRIWH,PTFTW33T67,AW67,S_C2,_Z,NO,NO,52
ESP,2023,ETRIWH,PTFTW33T67,AW67,S_C2,_Z,NO,NO,0
ESP,2024,ETRIWH,PTFTW33T67,AW67,S_C2,_Z,NO,NO,0
ESP,2025,ETRIWH,PTFTW33T67,AW67,S_C2,_Z,NO,NO,0
SWE,2023,ETRIWH,PTFTW33T67,AW67,S_C2,_Z,NO,NO,24
SWE,2024,ETRIWH,PTFTW33T67,AW67,S_C2,_Z,NO,NO,23
SWE,2025,ETRIWH,PTFTW33T67,AW67,S_C2,_Z,NO,NO,23
GBR,2023,ETRIWH,PTFTW33T67,AW67,S_C2,_Z,NO,NO,67
GBR,2024,ETRIWH,PTFTW33T67,AW67,S_C2,_Z,NO,NO,66
GBR,2025,ETRIWH,PTFTW33T67,AW67,S_C2,_Z,NO,NO,67
USA,2023,ETRIWH,PTFTW33T67,AW67,S_C2,_Z,NO,NO,15
USA,2024,ETRIWH,PTFTW33T67,AW67,S_C2,_Z,NO,NO,17
USA,2025,ETRIWH,PTFTW33T67,AW67,S_C2,_Z,NO,NO,18
OECD,2023,ETRIWH,PTFTW33T67,AW67,S_C2,_Z,NO,NO,24
OECD,2024,ETRIWH,PTFTW33T67,AW67,S_C2,_Z,NO,NO,24
OECD,2025,ETRIWH,PTFTW33T67,AW67,S_C2,_Z,NO,NO,24
AUT,2023,ETRIWH,PTFTW33T67,AW67,S_C2,_Z,NO,YES,12
AUT,2024,ETRIWH,PTFTW33T67,AW67,S_C2,_Z,NO,YES,22
AUT,2025,ETRIWH,PTFTW33T67,AW67,S_C2,_Z,NO,YES,29
BEL,2023,ETRIWH,PTFTW33T67,AW67,S_C2,_Z,NO,YES,20
BEL,2024,ETRIWH,PTFTW33T67,AW67,S_C2,_Z,NO,YES,19
BEL,2025,ETRIWH,PTFTW33T67,AW67,S_C2,_Z,NO,YES,19
DNK,2023,ETRIWH,PTFTW33T67,AW67,S_C2,_Z,NO,YES,38
DNK,2024,ETRIWH,PTFTW33T67,AW67,S_C2,_Z,NO,YES,38
FRA,2023,ETRIWH,PTFTW33T67,AW67,S_C2,_Z,NO,YES,52
FRA,2024,ETRIWH,PTFTW33T67,AW67,S_C2,_Z,NO,YES,52
FRA,2025,ETRIWH,PTFTW33T67,AW67,S_C2,_Z,NO,YES,51
DEU,2023,ETRIWH,PTFTW33T67,AW67,S_C2,_Z,NO,YES,58
DEU,2024,ETRIWH,PTFTW33T67,AW67,S_C2,_Z,NO,YES,59
DEU,2025,ETRIWH,PTFTW33T67,AW67,S_C2,_Z,NO,YES,59
ITA,2023,ETRIWH,PTFTW33T67,AW67,S_C2,_Z,NO,YES,9
ITA,2024,ETRIWH,PTFTW33T67,AW67,S_C2,_Z,NO,YES,15
ITA,2025,ETRIWH,PTFTW33T67,AW67,S_C2,_Z,NO,YES,3
NLD,2023,ETRIWH,PTFTW33T67,AW67,S_C2,_Z,NO,YES,10
NLD,2024,ETRIWH,PTFTW33T67,AW67,S_C2,_Z,NO,YES,9
POL,2023,ETRIWH,PTFTW33T67,AW67,S_C2,_Z,NO,YES,55
POL,2024,ETRIWH,PTFTW33T67,AW67,S_C2,_Z,NO,YES,61
POL,2025,ETRIWH,PTFTW33T67,AW67,S_C2,_Z,NO,YES,59
ESP,2023,ETRIWH,PTFTW33T67,AW67,S_C2,_Z,NO,YES,0
ESP,2024,ETRIWH,PTFTW33T67,AW67,S_C2,_Z,NO,YES,0
ESP,2025,ETRIWH,PTFTW33T67,AW67,S_C2,_Z,NO,YES,0
SWE,2023,ETRIWH,PTFTW33T67,AW67,S_C2,_Z,NO,YES,42
SWE,2024,ETRIWH,PTFTW33T67,AW67,S_C2,_Z,NO,YES,43
SWE,2025,ETRIWH,PTFTW33T67,AW67,S_C2,_Z,NO,YES,43
GBR,2023,ETRIWH,PTFTW33T67,AW67,S_C2,_Z,NO,YES,67
GBR,2024,ETRIWH,PTFTW33T67,AW67,S_C2,_Z,NO,YES,66
GBR,2025,ETRIWH,PTFTW33T67,AW67,S_C2,_Z,NO,YES,67
USA,2023,ETRIWH,PTFTW33T67,AW67,S_C2,_Z,NO,YES,15
USA,2024,ETRIWH,PTFTW33T67,AW67,S_C2,_Z,NO,YES,17
USA,2025,ETRIWH,PTFTW33T67,AW67,S_C2,_Z,NO,YES,18
OECD,2023,ETRIWH,PTFTW33T67,AW67,S_C2,_Z,NO,YES,27
OECD,2024,ETRIWH,PTFTW33T67,AW67,S_C2,_Z,NO,YES,29
OECD,2025,ETRIWH,PTFTW33T67,AW67,S_C2,_Z,NO,YES,30
AUT,2023,ETRIWH,PTFTW33T67,AW67,S_C2,_Z,YES,YES,86
AUT,2024,ETRIWH,PTFTW33T67,AW67,S_C2,_Z,YES,YES,95
AUT,2025,ETRIWH,PTFTW33T67,AW67,S_C2,_Z,YES,YES,117
BEL,2023,ETRIWH,PTFTW33T67,AW67,S_C2,_Z,YES,YES,67
BEL,2024,ETRIWH,PTFTW33T67,AW67,S_C2,_Z,YES,YES,75
BEL,2025,ETRIWH,PTFTW33T67,AW67,S_C2,_Z,YES,YES,77
DNK,2023,ETRIWH,PTFTW33T67,AW67,S_C2,_Z,YES,YES,85
DNK,2024,ETRIWH,PTFTW33T67,AW67,S_C2,_Z,YES,YES,85
FRA,2023,ETRIWH,PTFTW33T67,AW67,S_C2,_Z,YES,YES,52
FRA,2024,ETRIWH,PTFTW33T67,AW67,S_C2,_Z,YES,YES,52
FRA,2025,ETRIWH,PTFTW33T67,AW67,S_C2,_Z,YES,YES,51
DEU,2023,ETRIWH,PTFTW33T67,AW67,S_C2,_Z,YES,YES,67
DEU,2024,ETRIWH,PTFTW33T67,AW67,S_C2,_Z,YES,YES,66
DEU,2025,ETRIWH,PTFTW33T67,AW67,S_C2,_Z,YES,YES,67
ITA,2023,ETRIWH,PTFTW33T67,AW67,S_C2,_Z,YES,YES,39
ITA,2024,ETRIWH,PTFTW33T67,AW67,S_C2,_Z,YES,YES,15
ITA,2025,ETRIWH,PTFTW33T67,AW67,S_C2,_Z,YES,YES,61
NLD,2023,ETRIWH,PTFTW33T67,AW67,S_C2,_Z,YES,YES,18
NLD,2024,ETRIWH,PTFTW33T67,AW67,S_C2,_Z,YES,YES,22
POL,2023,ETRIWH,PTFTW33T67,AW67,S_C2,_Z,YES,YES,55
POL,2024,ETRIWH,PTFTW33T67,AW67,S_C2,_Z,YES,YES,61
POL,2025,ETRIWH,PTFTW33T67,AW67,S_C2,_Z,YES,YES,59
ESP,2023,ETRIWH,PTFTW33T67,AW67,S_C2,_Z,YES,YES,82
ESP,2024,ETRIWH,PTFTW33T67,AW67,S_C2,_Z,YES,YES,87
ESP,2025,ETRIWH,PTFTW33T67,AW67,S_C2,_Z,YES,YES,97
SWE,2023,ETRIWH,PTFTW33T67,AW67,S_C2,_Z,YES,YES,42
SWE,2024,ETRIWH,PTFTW33T67,AW67,S_C2,_Z,YES,YES,43
SWE,2025,ETRIWH,PTFTW33T67,AW67,S_C2,_Z,YES,YES,50
GBR,2023,ETRIWH,PTFTW33T67,AW67,S_C2,_Z,YES,YES,67
GBR,2024,ETRIWH,PTFTW33T67,AW67,S_C2,_Z,YES,YES,66
GBR,2025,ETRIWH,PTFTW33T67,AW67,S_C2,_Z,YES,YES,67
USA,2023,ETRIWH,PTFTW33T67,AW67,S_C2,_Z,YES,YES,48
USA,2024,ETRIWH,PTFTW33T67,AW67,S_C2,_Z,YES,YES,51
USA,2025,ETRIWH,PTFTW33T67,AW67,S_C2,_Z,YES,YES,53
OECD,2023,ETRIWH,PTFTW33T67,AW67,S_C2,_Z,YES,YES,55
OECD,2024,ETRIWH,PTFTW33T67,AW67,S_C2,_Z,YES,YES,55
OECD,2025,ETRIWH,PTFTW33T67,AW67,S_C2,_Z,YES,YES,59
AUT,2023,ETRIWH,PTFTW33T67,AW67,S_C2,_Z,YES,NO,56
AUT,2024,ETRIWH,PTFTW33T67,AW67,S_C2,_Z,YES,NO,59
AUT,2025,ETRIWH,PTFTW33T67,AW67,S_C2,_Z,YES,NO,68
BEL,2023,ETRIWH,PTFTW33T67,AW67,S_C2,_Z,YES,NO,67
BEL,2024,ETRIWH,PTFTW33T67,AW67,S_C2,_Z,YES,NO,75
BEL,2025,ETRIWH,PTFTW33T67,AW67,S_C2,_Z,YES,NO,77
DNK,2023,ETRIWH,PTFTW33T67,AW67,S_C2,_Z,YES,NO,85
DNK,2024,ETRIWH,PTFTW33T67,AW67,S_C2,_Z,YES,NO,85
FRA,2023,ETRIWH,PTFTW33T67,AW67,S_C2,_Z,YES,NO,33
FRA,2024,ETRIWH,PTFTW33T67,AW67,S_C2,_Z,YES,NO,33
FRA,2025,ETRIWH,PTFTW33T67,AW67,S_C2,_Z,YES,NO,33
DEU,2023,ETRIWH,PTFTW33T67,AW67,S_C2,_Z,YES,NO,40
DEU,2024,ETRIWH,PTFTW33T67,AW67,S_C2,_Z,YES,NO,38
DEU,2025,ETRIWH,PTFTW33T67,AW67,S_C2,_Z,YES,NO,41
ITA,2023,ETRIWH,PTFTW33T67,AW67,S_C2,_Z,YES,NO,14
ITA,2024,ETRIWH,PTFTW33T67,AW67,S_C2,_Z,YES,NO,13
ITA,2025,ETRIWH,PTFTW33T67,AW67,S_C2,_Z,YES,NO,17
NLD,2023,ETRIWH,PTFTW33T67,AW67,S_C2,_Z,YES,NO,18
NLD,2024,ETRIWH,PTFTW33T67,AW67,S_C2,_Z,YES,NO,22
POL,2023,ETRIWH,PTFTW33T67,AW67,S_C2,_Z,YES,NO,49
POL,2024,ETRIWH,PTFTW33T67,AW67,S_C2,_Z,YES,NO,55
POL,2025,ETRIWH,PTFTW33T67,AW67,S_C2,_Z,YES,NO,73
ESP,2023,ETRIWH,PTFTW33T67,AW67,S_C2,_Z,YES,NO,82
ESP,2024,ETRIWH,PTFTW33T67,AW67,S_C2,_Z,YES,NO,87
ESP,2025,ETRIWH,PTFTW33T67,AW67,S_C2,_Z,YES,NO,97
SWE,2023,ETRIWH,PTFTW33T67,AW67,S_C2,_Z,YES,NO,24
SWE,2024,ETRIWH,PTFTW33T67,AW67,S_C2,_Z,YES,NO,23
SWE,2025,ETRIWH,PTFTW33T67,AW67,S_C2,_Z,YES,NO,23
GBR,2023,ETRIWH,PTFTW33T67,AW67,S_C2,_Z,YES,NO,67
GBR,2024,ETRIWH,PTFTW33T67,AW67,S_C2,_Z,YES,NO,66
GBR,2025,ETRIWH,PTFTW33T67,AW67,S_C2,_Z,YES,NO,67
USA,2023,ETRIWH,PTFTW33T67,AW67,S_C2,_Z,YES,NO,39
USA,2024,ETRIWH,PTFTW33T67,AW67,S_C2,_Z,YES,NO,41
USA,2025,ETRIWH,PTFTW33T67,AW67,S_C2,_Z,YES,NO,42
OECD,2023,ETRIWH,PTFTW33T67,AW67,S_C2,_Z,YES,NO,45
OECD,2024,ETRIWH,PTFTW33T67,AW67,S_C2,_Z,YES,NO,46
OECD,2025,ETRIWH,PTFTW33T67,AW67,S_C2,_Z,YES,NO,46
AUT,2023,ETRIWH,PTFTW67T100,AW67,S_C2,_Z,YES,NO,25
AUT,2024,ETRIWH,PTFTW67T100,AW67,S_C2,_Z,YES,NO,23
AUT,2025,ETRIWH,PTFTW67T100,AW67,S_C2,_Z,YES,NO,26
BEL,2023,ETRIWH,PTFTW67T100,AW67,S_C2,_Z,YES,NO,76
BEL,2024,ETRIWH,PTFTW67T100,AW67,S_C2,_Z,YES,NO,77
BEL,2025,ETRIWH,PTFTW67T100,AW67,S_C2,_Z,YES,NO,81
DNK,2023,ETRIWH,PTFTW67T100,AW67,S_C2,_Z,YES,NO,57
DNK,2024,ETRIWH,PTFTW67T100,AW67,S_C2,_Z,YES,NO,53
FRA,2023,ETRIWH,PTFTW67T100,AW67,S_C2,_Z,YES,NO,50
FRA,2024,ETRIWH,PTFTW67T100,AW67,S_C2,_Z,YES,NO,50
FRA,2025,ETRIWH,PTFTW67T100,AW67,S_C2,_Z,YES,NO,50
DEU,2023,ETRIWH,PTFTW67T100,AW67,S_C2,_Z,YES,NO,61
DEU,2024,ETRIWH,PTFTW67T100,AW67,S_C2,_Z,YES,NO,65
DEU,2025,ETRIWH,PTFTW67T100,AW67,S_C2,_Z,YES,NO,64
ITA,2023,ETRIWH,PTFTW67T100,AW67,S_C2,_Z,YES,NO,41
ITA,2024,ETRIWH,PTFTW67T100,AW67,S_C2,_Z,YES,NO,35
ITA,2025,ETRIWH,PTFTW67T100,AW67,S_C2,_Z,YES,NO,44
NLD,2023,ETRIWH,PTFTW67T100,AW67,S_C2,_Z,YES,NO,62
NLD,2024,ETRIWH,PTFTW67T100,AW67,S_C2,_Z,YES,NO,57
POL,2023,ETRIWH,PTFTW67T100,AW67,S_C2,_Z,YES,NO,32
POL,2024,ETRIWH,PTFTW67T100,AW67,S_C2,_Z,YES,NO,21
POL,2025,ETRIWH,PTFTW67T100,AW67,S_C2,_Z,YES,NO,21
ESP,2023,ETRIWH,PTFTW67T100,AW67,S_C2,_Z,YES,NO,12
ESP,2024,ETRIWH,PTFTW67T100,AW67,S_C2,_Z,YES,NO,16
ESP,2025,ETRIWH,PTFTW67T100,AW67,S_C2,_Z,YES,NO,18
SWE,2023,ETRIWH,PTFTW67T100,AW67,S_C2,_Z,YES,NO,28
SWE,2024,ETRIWH,PTFTW67T100,AW67,S_C2,_Z,YES,NO,27
SWE,2025,ETRIWH,PTFTW67T100,AW67,S_C2,_Z,YES,NO,26
GBR,2023,ETRIWH,PTFTW67T100,AW67,S_C2,_Z,YES,NO,66
GBR,2024,ETRIWH,PTFTW67T100,AW67,S_C2,_Z,YES,NO,68
GBR,2025,ETRIWH,PTFTW67T100,AW67,S_C2,_Z,YES,NO,67
USA,2023,ETRIWH,PTFTW67T100,AW67,S_C2,_Z,YES,NO,63
USA,2024,ETRIWH,PTFTW67T100,AW67,S_C2,_Z,YES,NO,67
USA,2025,ETRIWH,PTFTW67T100,AW67,S_C2,_Z,YES,NO,66
OECD,2023,ETRIWH,PTFTW67T100,AW67,S_C2,_Z,YES,NO,46
OECD,2024,ETRIWH,PTFTW67T100,AW67,S_C2,_Z,YES,NO,46
OECD,2025,ETRIWH,PTFTW67T100,AW67,S_C2,_Z,YES,NO,45
AUT,2023,ETRIWH,PTFTW67T100,AW67,S_C2,_Z,YES,YES,34
AUT,2024,ETRIWH,PTFTW67T100,AW67,S_C2,_Z,YES,YES,23
AUT,2025,ETRIWH,PTFTW67T100,AW67,S_C2,_Z,YES,YES,30
BEL,2023,ETRIWH,PTFTW67T100,AW67,S_C2,_Z,YES,YES,76
BEL,2024,ETRIWH,PTFTW67T100,AW67,S_C2,_Z,YES,YES,77
BEL,2025,ETRIWH,PTFTW67T100,AW67,S_C2,_Z,YES,YES,81
DNK,2023,ETRIWH,PTFTW67T100,AW67,S_C2,_Z,YES,YES,70
DNK,2024,ETRIWH,PTFTW67T100,AW67,S_C2,_Z,YES,YES,67
FRA,2023,ETRIWH,PTFTW67T100,AW67,S_C2,_Z,YES,YES,65
FRA,2024,ETRIWH,PTFTW67T100,AW67,S_C2,_Z,YES,YES,67
FRA,2025,ETRIWH,PTFTW67T100,AW67,S_C2,_Z,YES,YES,67
DEU,2023,ETRIWH,PTFTW67T100,AW67,S_C2,_Z,YES,YES,89
DEU,2024,ETRIWH,PTFTW67T100,AW67,S_C2,_Z,YES,YES,85
DEU,2025,ETRIWH,PTFTW67T100,AW67,S_C2,_Z,YES,YES,85
ITA,2023,ETRIWH,PTFTW67T100,AW67,S_C2,_Z,YES,YES,48
ITA,2024,ETRIWH,PTFTW67T100,AW67,S_C2,_Z,YES,YES,35
ITA,2025,ETRIWH,PTFTW67T100,AW67,S_C2,_Z,YES,YES,45
NLD,2023,ETRIWH,PTFTW67T100,AW67,S_C2,_Z,YES,YES,70
NLD,2024,ETRIWH,PTFTW67T100,AW67,S_C2,_Z,YES,YES,64
POL,2023,ETRIWH,PTFTW67T100,AW67,S_C2,_Z,YES,YES,49
POL,2024,ETRIWH,PTFTW67T100,AW67,S_C2,_Z,YES,YES,32
POL,2025,ETRIWH,PTFTW67T100,AW67,S_C2,_Z,YES,YES,32
ESP,2023,ETRIWH,PTFTW67T100,AW67,S_C2,_Z,YES,YES,23
ESP,2024,ETRIWH,PTFTW67T100,AW67,S_C2,_Z,YES,YES,26
ESP,2025,ETRIWH,PTFTW67T100,AW67,S_C2,_Z,YES,YES,28
SWE,2023,ETRIWH,PTFTW67T100,AW67,S_C2,_Z,YES,YES,53
SWE,2024,ETRIWH,PTFTW67T100,AW67,S_C2,_Z,YES,YES,55
SWE,2025,ETRIWH,PTFTW67T100,AW67,S_C2,_Z,YES,YES,51
GBR,2023,ETRIWH,PTFTW67T100,AW67,S_C2,_Z,YES,YES,69
GBR,2024,ETRIWH,PTFTW67T100,AW67,S_C2,_Z,YES,YES,68
GBR,2025,ETRIWH,PTFTW67T100,AW67,S_C2,_Z,YES,YES,68
USA,2023,ETRIWH,PTFTW67T100,AW67,S_C2,_Z,YES,YES,68
USA,2024,ETRIWH,PTFTW67T100,AW67,S_C2,_Z,YES,YES,72
USA,2025,ETRIWH,PTFTW67T100,AW67,S_C2,_Z,YES,YES,71
OECD,2023,ETRIWH,PTFTW67T100,AW67,S_C2,_Z,YES,YES,55
OECD,2024,ETRIWH,PTFTW67T100,AW67,S_C2,_Z,YES,YES,53
OECD,2025,ETRIWH,PTFTW67T100,AW67,S_C2,_Z,YES,YES,52
AUT,2023,ETRIWH,PTFTW67T100,AW67,S_C2,_Z,NO,YES,34
AUT,2024,ETRIWH,PTFTW67T100,AW67,S_C2,_Z,NO,YES,23
AUT,2025,ETRIWH,PTFTW67T100,AW67,S_C2,_Z,NO,YES,26
BEL,2023,ETRIWH,PTFTW67T100,AW67,S_C2,_Z,NO,YES,76
BEL,2024,ETRIWH,PTFTW67T100,AW67,S_C2,_Z,NO,YES,77
BEL,2025,ETRIWH,PTFTW67T100,AW67,S_C2,_Z,NO,YES,81
DNK,2023,ETRIWH,PTFTW67T100,AW67,S_C2,_Z,NO,YES,45
DNK,2024,ETRIWH,PTFTW67T100,AW67,S_C2,_Z,NO,YES,46
FRA,2023,ETRIWH,PTFTW67T100,AW67,S_C2,_Z,NO,YES,65
FRA,2024,ETRIWH,PTFTW67T100,AW67,S_C2,_Z,NO,YES,67
FRA,2025,ETRIWH,PTFTW67T100,AW67,S_C2,_Z,NO,YES,67
DEU,2023,ETRIWH,PTFTW67T100,AW67,S_C2,_Z,NO,YES,71
DEU,2024,ETRIWH,PTFTW67T100,AW67,S_C2,_Z,NO,YES,63
DEU,2025,ETRIWH,PTFTW67T100,AW67,S_C2,_Z,NO,YES,64
ITA,2023,ETRIWH,PTFTW67T100,AW67,S_C2,_Z,NO,YES,48
ITA,2024,ETRIWH,PTFTW67T100,AW67,S_C2,_Z,NO,YES,35
ITA,2025,ETRIWH,PTFTW67T100,AW67,S_C2,_Z,NO,YES,45
NLD,2023,ETRIWH,PTFTW67T100,AW67,S_C2,_Z,NO,YES,70
NLD,2024,ETRIWH,PTFTW67T100,AW67,S_C2,_Z,NO,YES,64
POL,2023,ETRIWH,PTFTW67T100,AW67,S_C2,_Z,NO,YES,49
POL,2024,ETRIWH,PTFTW67T100,AW67,S_C2,_Z,NO,YES,32
POL,2025,ETRIWH,PTFTW67T100,AW67,S_C2,_Z,NO,YES,32
ESP,2023,ETRIWH,PTFTW67T100,AW67,S_C2,_Z,NO,YES,23
ESP,2024,ETRIWH,PTFTW67T100,AW67,S_C2,_Z,NO,YES,26
ESP,2025,ETRIWH,PTFTW67T100,AW67,S_C2,_Z,NO,YES,28
SWE,2023,ETRIWH,PTFTW67T100,AW67,S_C2,_Z,NO,YES,53
SWE,2024,ETRIWH,PTFTW67T100,AW67,S_C2,_Z,NO,YES,55
SWE,2025,ETRIWH,PTFTW67T100,AW67,S_C2,_Z,NO,YES,51
GBR,2023,ETRIWH,PTFTW67T100,AW67,S_C2,_Z,NO,YES,69
GBR,2024,ETRIWH,PTFTW67T100,AW67,S_C2,_Z,NO,YES,68
GBR,2025,ETRIWH,PTFTW67T100,AW67,S_C2,_Z,NO,YES,68
USA,2023,ETRIWH,PTFTW67T100,AW67,S_C2,_Z,NO,YES,48
USA,2024,ETRIWH,PTFTW67T100,AW67,S_C2,_Z,NO,YES,53
USA,2025,ETRIWH,PTFTW67T100,AW67,S_C2,_Z,NO,YES,53
OECD,2023,ETRIWH,PTFTW67T100,AW67,S_C2,_Z,NO,YES,49
OECD,2024,ETRIWH,PTFTW67T100,AW67,S_C2,_Z,NO,YES,47
OECD,2025,ETRIWH,PTFTW67T100,AW67,S_C2,_Z,NO,YES,48
AUT,2023,ETRIWH,PTFTW67T100,AW67,S_C2,_Z,NO,NO,25
AUT,2024,ETRIWH,PTFTW67T100,AW67,S_C2,_Z,NO,NO,23
AUT,2025,ETRIWH,PTFTW67T100,AW67,S_C2,_Z,NO,NO,26
BEL,2023,ETRIWH,PTFTW67T100,AW67,S_C2,_Z,NO,NO,76
BEL,2024,ETRIWH,PTFTW67T100,AW67,S_C2,_Z,NO,NO,77
BEL,2025,ETRIWH,PTFTW67T100,AW67,S_C2,_Z,NO,NO,81
DNK,2023,ETRIWH,PTFTW67T100,AW67,S_C2,_Z,NO,NO,38
DNK,2024,ETRIWH,PTFTW67T100,AW67,S_C2,_Z,NO,NO,38
FRA,2023,ETRIWH,PTFTW67T100,AW67,S_C2,_Z,NO,NO,50
FRA,2024,ETRIWH,PTFTW67T100,AW67,S_C2,_Z,NO,NO,50
FRA,2025,ETRIWH,PTFTW67T100,AW67,S_C2,_Z,NO,NO,50
DEU,2023,ETRIWH,PTFTW67T100,AW67,S_C2,_Z,NO,NO,42
DEU,2024,ETRIWH,PTFTW67T100,AW67,S_C2,_Z,NO,NO,42
DEU,2025,ETRIWH,PTFTW67T100,AW67,S_C2,_Z,NO,NO,42
ITA,2023,ETRIWH,PTFTW67T100,AW67,S_C2,_Z,NO,NO,41
ITA,2024,ETRIWH,PTFTW67T100,AW67,S_C2,_Z,NO,NO,35
ITA,2025,ETRIWH,PTFTW67T100,AW67,S_C2,_Z,NO,NO,44
NLD,2023,ETRIWH,PTFTW67T100,AW67,S_C2,_Z,NO,NO,62
NLD,2024,ETRIWH,PTFTW67T100,AW67,S_C2,_Z,NO,NO,57
POL,2023,ETRIWH,PTFTW67T100,AW67,S_C2,_Z,NO,NO,32
POL,2024,ETRIWH,PTFTW67T100,AW67,S_C2,_Z,NO,NO,21
POL,2025,ETRIWH,PTFTW67T100,AW67,S_C2,_Z,NO,NO,21
ESP,2023,ETRIWH,PTFTW67T100,AW67,S_C2,_Z,NO,NO,12
ESP,2024,ETRIWH,PTFTW67T100,AW67,S_C2,_Z,NO,NO,16
ESP,2025,ETRIWH,PTFTW67T100,AW67,S_C2,_Z,NO,NO,18
SWE,2023,ETRIWH,PTFTW67T100,AW67,S_C2,_Z,NO,NO,28
SWE,2024,ETRIWH,PTFTW67T100,AW67,S_C2,_Z,NO,NO,27
SWE,2025,ETRIWH,PTFTW67T100,AW67,S_C2,_Z,NO,NO,26
GBR,2023,ETRIWH,PTFTW67T100,AW67,S_C2,_Z,NO,NO,66
GBR,2024,ETRIWH,PTFTW67T100,AW67,S_C2,_Z,NO,NO,68
GBR,2025,ETRIWH,PTFTW67T100,AW67,S_C2,_Z,NO,NO,67
USA,2023,ETRIWH,PTFTW67T100,AW67,S_C2,_Z,NO,NO,48
USA,2024,ETRIWH,PTFTW67T100,AW67,S_C2,_Z,NO,NO,53
USA,2025,ETRIWH,PTFTW67T100,AW67,S_C2,_Z,NO,NO,53
OECD,2023,ETRIWH,PTFTW67T100,AW67,S_C2,_Z,NO,NO,41
OECD,2024,ETRIWH,PTFTW67T100,AW67,S_C2,_Z,NO,NO,41
OECD,2025,ETRIWH,PTFTW67T100,AW67,S_C2,_Z,NO,NO,41
AUT,2023,ETRIWH,PTFTW50T100,AW67,S_C2,_Z,NO,NO,24
AUT,2024,ETRIWH,PTFTW50T100,AW67,S_C2,_Z,NO,NO,25
AUT,2025,ETRIWH,PTFTW50T100,AW67,S_C2,_Z,NO,NO,32
BEL,2023,ETRIWH,PTFTW50T100,AW67,S_C2,_Z,NO,NO,62
BEL,2024,ETRIWH,PTFTW50T100,AW67,S_C2,_Z,NO,NO,62
BEL,2025,ETRIWH,PTFTW50T100,AW67,S_C2,_Z,NO,NO,65
DNK,2023,ETRIWH,PTFTW50T100,AW67,S_C2,_Z,NO,NO,38
DNK,2024,ETRIWH,PTFTW50T100,AW67,S_C2,_Z,NO,NO,38
FRA,2023,ETRIWH,PTFTW50T100,AW67,S_C2,_Z,NO,NO,44
FRA,2024,ETRIWH,PTFTW50T100,AW67,S_C2,_Z,NO,NO,44
FRA,2025,ETRIWH,PTFTW50T100,AW67,S_C2,_Z,NO,NO,44
DEU,2023,ETRIWH,PTFTW50T100,AW67,S_C2,_Z,NO,NO,40
DEU,2024,ETRIWH,PTFTW50T100,AW67,S_C2,_Z,NO,NO,40
DEU,2025,ETRIWH,PTFTW50T100,AW67,S_C2,_Z,NO,NO,41
ITA,2023,ETRIWH,PTFTW50T100,AW67,S_C2,_Z,NO,NO,40
ITA,2024,ETRIWH,PTFTW50T100,AW67,S_C2,_Z,NO,NO,35
ITA,2025,ETRIWH,PTFTW50T100,AW67,S_C2,_Z,NO,NO,37
NLD,2023,ETRIWH,PTFTW50T100,AW67,S_C2,_Z,NO,NO,45
NLD,2024,ETRIWH,PTFTW50T100,AW67,S_C2,_Z,NO,NO,42
POL,2023,ETRIWH,PTFTW50T100,AW67,S_C2,_Z,NO,NO,47
POL,2024,ETRIWH,PTFTW50T100,AW67,S_C2,_Z,NO,NO,43
POL,2025,ETRIWH,PTFTW50T100,AW67,S_C2,_Z,NO,NO,35
ESP,2023,ETRIWH,PTFTW50T100,AW67,S_C2,_Z,NO,NO,8
ESP,2024,ETRIWH,PTFTW50T100,AW67,S_C2,_Z,NO,NO,11
ESP,2025,ETRIWH,PTFTW50T100,AW67,S_C2,_Z,NO,NO,12
SWE,2023,ETRIWH,PTFTW50T100,AW67,S_C2,_Z,NO,NO,28
SWE,2024,ETRIWH,PTFTW50T100,AW67,S_C2,_Z,NO,NO,27
SWE,2025,ETRIWH,PTFTW50T100,AW67,S_C2,_Z,NO,NO,26
GBR,2023,ETRIWH,PTFTW50T100,AW67,S_C2,_Z,NO,NO,67
GBR,2024,ETRIWH,PTFTW50T100,AW67,S_C2,_Z,NO,NO,68
GBR,2025,ETRIWH,PTFTW50T100,AW67,S_C2,_Z,NO,NO,67
USA,2023,ETRIWH,PTFTW50T100,AW67,S_C2,_Z,NO,NO,44
USA,2024,ETRIWH,PTFTW50T100,AW67,S_C2,_Z,NO,NO,50
USA,2025,ETRIWH,PTFTW50T100,AW67,S_C2,_Z,NO,NO,50
OECD,2023,ETRIWH,PTFTW50T100,AW67,S_C2,_Z,NO,NO,39
OECD,2024,ETRIWH,PTFTW50T100,AW67,S_C2,_Z,NO,NO,39
OECD,2025,ETRIWH,PTFTW50T100,AW67,S_C2,_Z,NO,NO,39
AUT,2023,ETRIWH,PTFTW50T100,AW67,S_C2,_Z,NO,YES,44
AUT,2024,ETRIWH,PTFTW50T100,AW67,S_C2,_Z,NO,YES,40
AUT,2025,ETRIWH,PTFTW50T100,AW67,S_C2,_Z,NO,YES,32
BEL,2023,ETRIWH,PTFTW50T100,AW67,S_C2,_Z,NO,YES,62
BEL,2024,ETRIWH,PTFTW50T100,AW67,S_C2,_Z,NO,YES,62
BEL,2025,ETRIWH,PTFTW50T100,AW67,S_C2,_Z,NO,YES,65
DNK,2023,ETRIWH,PTFTW50T100,AW67,S_C2,_Z,NO,YES,42
DNK,2024,ETRIWH,PTFTW50T100,AW67,S_C2,_Z,NO,YES,43
FRA,2023,ETRIWH,PTFTW50T100,AW67,S_C2,_Z,NO,YES,62
FRA,2024,ETRIWH,PTFTW50T100,AW67,S_C2,_Z,NO,YES,63
FRA,2025,ETRIWH,PTFTW50T100,AW67,S_C2,_Z,NO,YES,63
DEU,2023,ETRIWH,PTFTW50T100,AW67,S_C2,_Z,NO,YES,66
DEU,2024,ETRIWH,PTFTW50T100,AW67,S_C2,_Z,NO,YES,65
DEU,2025,ETRIWH,PTFTW50T100,AW67,S_C2,_Z,NO,YES,66
ITA,2023,ETRIWH,PTFTW50T100,AW67,S_C2,_Z,NO,YES,41
ITA,2024,ETRIWH,PTFTW50T100,AW67,S_C2,_Z,NO,YES,37
ITA,2025,ETRIWH,PTFTW50T100,AW67,S_C2,_Z,NO,YES,39
NLD,2023,ETRIWH,PTFTW50T100,AW67,S_C2,_Z,NO,YES,51
NLD,2024,ETRIWH,PTFTW50T100,AW67,S_C2,_Z,NO,YES,47
POL,2023,ETRIWH,PTFTW50T100,AW67,S_C2,_Z,NO,YES,59
POL,2024,ETRIWH,PTFTW50T100,AW67,S_C2,_Z,NO,YES,51
POL,2025,ETRIWH,PTFTW50T100,AW67,S_C2,_Z,NO,YES,44
ESP,2023,ETRIWH,PTFTW50T100,AW67,S_C2,_Z,NO,YES,15
ESP,2024,ETRIWH,PTFTW50T100,AW67,S_C2,_Z,NO,YES,17
ESP,2025,ETRIWH,PTFTW50T100,AW67,S_C2,_Z,NO,YES,19
SWE,2023,ETRIWH,PTFTW50T100,AW67,S_C2,_Z,NO,YES,53
SWE,2024,ETRIWH,PTFTW50T100,AW67,S_C2,_Z,NO,YES,55
SWE,2025,ETRIWH,PTFTW50T100,AW67,S_C2,_Z,NO,YES,51
GBR,2023,ETRIWH,PTFTW50T100,AW67,S_C2,_Z,NO,YES,69
GBR,2024,ETRIWH,PTFTW50T100,AW67,S_C2,_Z,NO,YES,68
GBR,2025,ETRIWH,PTFTW50T100,AW67,S_C2,_Z,NO,YES,68
USA,2023,ETRIWH,PTFTW50T100,AW67,S_C2,_Z,NO,YES,44
USA,2024,ETRIWH,PTFTW50T100,AW67,S_C2,_Z,NO,YES,50
USA,2025,ETRIWH,PTFTW50T100,AW67,S_C2,_Z,NO,YES,50
OECD,2023,ETRIWH,PTFTW50T100,AW67,S_C2,_Z,NO,YES,46
OECD,2024,ETRIWH,PTFTW50T100,AW67,S_C2,_Z,NO,YES,45
OECD,2025,ETRIWH,PTFTW50T100,AW67,S_C2,_Z,NO,YES,46
AUT,2023,ETRIWH,PTFTW50T100,AW67,S_C2,_Z,YES,YES,46
AUT,2024,ETRIWH,PTFTW50T100,AW67,S_C2,_Z,YES,YES,46
AUT,2025,ETRIWH,PTFTW50T100,AW67,S_C2,_Z,YES,YES,61
BEL,2023,ETRIWH,PTFTW50T100,AW67,S_C2,_Z,YES,YES,62
BEL,2024,ETRIWH,PTFTW50T100,AW67,S_C2,_Z,YES,YES,67
BEL,2025,ETRIWH,PTFTW50T100,AW67,S_C2,_Z,YES,YES,70
DNK,2023,ETRIWH,PTFTW50T100,AW67,S_C2,_Z,YES,YES,75
DNK,2024,ETRIWH,PTFTW50T100,AW67,S_C2,_Z,YES,YES,73
FRA,2023,ETRIWH,PTFTW50T100,AW67,S_C2,_Z,YES,YES,62
FRA,2024,ETRIWH,PTFTW50T100,AW67,S_C2,_Z,YES,YES,63
FRA,2025,ETRIWH,PTFTW50T100,AW67,S_C2,_Z,YES,YES,63
DEU,2023,ETRIWH,PTFTW50T100,AW67,S_C2,_Z,YES,YES,84
DEU,2024,ETRIWH,PTFTW50T100,AW67,S_C2,_Z,YES,YES,84
DEU,2025,ETRIWH,PTFTW50T100,AW67,S_C2,_Z,YES,YES,85
ITA,2023,ETRIWH,PTFTW50T100,AW67,S_C2,_Z,YES,YES,41
ITA,2024,ETRIWH,PTFTW50T100,AW67,S_C2,_Z,YES,YES,37
ITA,2025,ETRIWH,PTFTW50T100,AW67,S_C2,_Z,YES,YES,39
NLD,2023,ETRIWH,PTFTW50T100,AW67,S_C2,_Z,YES,YES,51
NLD,2024,ETRIWH,PTFTW50T100,AW67,S_C2,_Z,YES,YES,47
POL,2023,ETRIWH,PTFTW50T100,AW67,S_C2,_Z,YES,YES,59
POL,2024,ETRIWH,PTFTW50T100,AW67,S_C2,_Z,YES,YES,51
POL,2025,ETRIWH,PTFTW50T100,AW67,S_C2,_Z,YES,YES,44
ESP,2023,ETRIWH,PTFTW50T100,AW67,S_C2,_Z,YES,YES,37
ESP,2024,ETRIWH,PTFTW50T100,AW67,S_C2,_Z,YES,YES,42
ESP,2025,ETRIWH,PTFTW50T100,AW67,S_C2,_Z,YES,YES,51
SWE,2023,ETRIWH,PTFTW50T100,AW67,S_C2,_Z,YES,YES,53
SWE,2024,ETRIWH,PTFTW50T100,AW67,S_C2,_Z,YES,YES,55
SWE,2025,ETRIWH,PTFTW50T100,AW67,S_C2,_Z,YES,YES,51
GBR,2023,ETRIWH,PTFTW50T100,AW67,S_C2,_Z,YES,YES,69
GBR,2024,ETRIWH,PTFTW50T100,AW67,S_C2,_Z,YES,YES,68
GBR,2025,ETRIWH,PTFTW50T100,AW67,S_C2,_Z,YES,YES,68
USA,2023,ETRIWH,PTFTW50T100,AW67,S_C2,_Z,YES,YES,69
USA,2024,ETRIWH,PTFTW50T100,AW67,S_C2,_Z,YES,YES,75
USA,2025,ETRIWH,PTFTW50T100,AW67,S_C2,_Z,YES,YES,74
OECD,2023,ETRIWH,PTFTW50T100,AW67,S_C2,_Z,YES,YES,55
OECD,2024,ETRIWH,PTFTW50T100,AW67,S_C2,_Z,YES,YES,55
OECD,2025,ETRIWH,PTFTW50T100,AW67,S_C2,_Z,YES,YES,55
AUT,2023,ETRIWH,PTFTW50T100,AW67,S_C2,_Z,YES,NO,24
AUT,2024,ETRIWH,PTFTW50T100,AW67,S_C2,_Z,YES,NO,25
AUT,2025,ETRIWH,PTFTW50T100,AW67,S_C2,_Z,YES,NO,32
BEL,2023,ETRIWH,PTFTW50T100,AW67,S_C2,_Z,YES,NO,62
BEL,2024,ETRIWH,PTFTW50T100,AW67,S_C2,_Z,YES,NO,67
BEL,2025,ETRIWH,PTFTW50T100,AW67,S_C2,_Z,YES,NO,70
DNK,2023,ETRIWH,PTFTW50T100,AW67,S_C2,_Z,YES,NO,66
DNK,2024,ETRIWH,PTFTW50T100,AW67,S_C2,_Z,YES,NO,64
FRA,2023,ETRIWH,PTFTW50T100,AW67,S_C2,_Z,YES,NO,44
FRA,2024,ETRIWH,PTFTW50T100,AW67,S_C2,_Z,YES,NO,44
FRA,2025,ETRIWH,PTFTW50T100,AW67,S_C2,_Z,YES,NO,44
DEU,2023,ETRIWH,PTFTW50T100,AW67,S_C2,_Z,YES,NO,59
DEU,2024,ETRIWH,PTFTW50T100,AW67,S_C2,_Z,YES,NO,61
DEU,2025,ETRIWH,PTFTW50T100,AW67,S_C2,_Z,YES,NO,61
ITA,2023,ETRIWH,PTFTW50T100,AW67,S_C2,_Z,YES,NO,40
ITA,2024,ETRIWH,PTFTW50T100,AW67,S_C2,_Z,YES,NO,35
ITA,2025,ETRIWH,PTFTW50T100,AW67,S_C2,_Z,YES,NO,37
NLD,2023,ETRIWH,PTFTW50T100,AW67,S_C2,_Z,YES,NO,45
NLD,2024,ETRIWH,PTFTW50T100,AW67,S_C2,_Z,YES,NO,42
POL,2023,ETRIWH,PTFTW50T100,AW67,S_C2,_Z,YES,NO,47
POL,2024,ETRIWH,PTFTW50T100,AW67,S_C2,_Z,YES,NO,43
POL,2025,ETRIWH,PTFTW50T100,AW67,S_C2,_Z,YES,NO,35
ESP,2023,ETRIWH,PTFTW50T100,AW67,S_C2,_Z,YES,NO,30
ESP,2024,ETRIWH,PTFTW50T100,AW67,S_C2,_Z,YES,NO,36
ESP,2025,ETRIWH,PTFTW50T100,AW67,S_C2,_Z,YES,NO,44
SWE,2023,ETRIWH,PTFTW50T100,AW67,S_C2,_Z,YES,NO,28
SWE,2024,ETRIWH,PTFTW50T100,AW67,S_C2,_Z,YES,NO,27
SWE,2025,ETRIWH,PTFTW50T100,AW67,S_C2,_Z,YES,NO,26
GBR,2023,ETRIWH,PTFTW50T100,AW67,S_C2,_Z,YES,NO,67
GBR,2024,ETRIWH,PTFTW50T100,AW67,S_C2,_Z,YES,NO,68
GBR,2025,ETRIWH,PTFTW50T100,AW67,S_C2,_Z,YES,NO,67
USA,2023,ETRIWH,PTFTW50T100,AW67,S_C2,_Z,YES,NO,62
USA,2024,ETRIWH,PTFTW50T100,AW67,S_C2,_Z,YES,NO,67
USA,2025,ETRIWH,PTFTW50T100,AW67,S_C2,_Z,YES,NO,67
OECD,2023,ETRIWH,PTFTW50T100,AW67,S_C2,_Z,YES,NO,47
OECD,2024,ETRIWH,PTFTW50T100,AW67,S_C2,_Z,YES,NO,47
OECD,2025,ETRIWH,PTFTW50T100,AW67,S_C2,_Z,YES,NO,46
AUT,2023,ETRIWH,PTFTW33T67,AW100,S_C2,_Z,YES,NO,24
AUT,2024,ETRIWH,PTFTW33T67,AW100,S_C2,_Z,YES,NO,24
AUT,2025,ETRIWH,PTFTW33T67,AW100,S_C2,_Z,YES,NO,32
BEL,2023,ETRIWH,PTFTW33T67,AW100,S_C2,_Z,YES,NO,61
BEL,2024,ETRIWH,PTFTW33T67,AW100,S_C2,_Z,YES,NO,68
BEL,2025,ETRIWH,PTFTW33T67,AW100,S_C2,_Z,YES,NO,71
DNK,2023,ETRIWH,PTFTW33T67,AW100,S_C2,_Z,YES,NO,63
DNK,2024,ETRIWH,PTFTW33T67,AW100,S_C2,_Z,YES,NO,60
FRA,2023,ETRIWH,PTFTW33T67,AW100,S_C2,_Z,YES,NO,44
FRA,2024,ETRIWH,PTFTW33T67,AW100,S_C2,_Z,YES,NO,44
FRA,2025,ETRIWH,PTFTW33T67,AW100,S_C2,_Z,YES,NO,43
DEU,2023,ETRIWH,PTFTW33T67,AW100,S_C2,_Z,YES,NO,59
DEU,2024,ETRIWH,PTFTW33T67,AW100,S_C2,_Z,YES,NO,60
DEU,2025,ETRIWH,PTFTW33T67,AW100,S_C2,_Z,YES,NO,61
ITA,2023,ETRIWH,PTFTW33T67,AW100,S_C2,_Z,YES,NO,40
ITA,2024,ETRIWH,PTFTW33T67,AW100,S_C2,_Z,YES,NO,35
ITA,2025,ETRIWH,PTFTW33T67,AW100,S_C2,_Z,YES,NO,37
NLD,2023,ETRIWH,PTFTW33T67,AW100,S_C2,_Z,YES,NO,45
NLD,2024,ETRIWH,PTFTW33T67,AW100,S_C2,_Z,YES,NO,42
POL,2023,ETRIWH,PTFTW33T67,AW100,S_C2,_Z,YES,NO,46
POL,2024,ETRIWH,PTFTW33T67,AW100,S_C2,_Z,YES,NO,44
POL,2025,ETRIWH,PTFTW33T67,AW100,S_C2,_Z,YES,NO,36
ESP,2023,ETRIWH,PTFTW33T67,AW100,S_C2,_Z,YES,NO,31
ESP,2024,ETRIWH,PTFTW33T67,AW100,S_C2,_Z,YES,NO,37
ESP,2025,ETRIWH,PTFTW33T67,AW100,S_C2,_Z,YES,NO,45
SWE,2023,ETRIWH,PTFTW33T67,AW100,S_C2,_Z,YES,NO,28
SWE,2024,ETRIWH,PTFTW33T67,AW100,S_C2,_Z,YES,NO,27
SWE,2025,ETRIWH,PTFTW33T67,AW100,S_C2,_Z,YES,NO,26
GBR,2023,ETRIWH,PTFTW33T67,AW100,S_C2,_Z,YES,NO,67
GBR,2024,ETRIWH,PTFTW33T67,AW100,S_C2,_Z,YES,NO,68
GBR,2025,ETRIWH,PTFTW33T67,AW100,S_C2,_Z,YES,NO,67
USA,2023,ETRIWH,PTFTW33T67,AW100,S_C2,_Z,YES,NO,62
USA,2024,ETRIWH,PTFTW33T67,AW100,S_C2,_Z,YES,NO,67
USA,2025,ETRIWH,PTFTW33T67,AW100,S_C2,_Z,YES,NO,67
OECD,2023,ETRIWH,PTFTW33T67,AW100,S_C2,_Z,YES,NO,46
OECD,2024,ETRIWH,PTFTW33T67,AW100,S_C2,_Z,YES,NO,46
OECD,2025,ETRIWH,PTFTW33T67,AW100,S_C2,_Z,YES,NO,45
AUT,2023,ETRIWH,PTFTW33T67,AW100,S_C2,_Z,YES,YES,47
AUT,2024,ETRIWH,PTFTW33T67,AW100,S_C2,_Z,YES,YES,46
AUT,2025,ETRIWH,PTFTW33T67,AW100,S_C2,_Z,YES,YES,61
BEL,2023,ETRIWH,PTFTW33T67,AW100,S_C2,_Z,YES,YES,61
BEL,2024,ETRIWH,PTFTW33T67,AW100,S_C2,_Z,YES,YES,68
BEL,2025,ETRIWH,PTFTW33T67,AW100,S_C2,_Z,YES,YES,71
DNK,2023,ETRIWH,PTFTW33T67,AW100,S_C2,_Z,YES,YES,71
DNK,2024,ETRIWH,PTFTW33T67,AW100,S_C2,_Z,YES,YES,70
FRA,2023,ETRIWH,PTFTW33T67,AW100,S_C2,_Z,YES,YES,62
FRA,2024,ETRIWH,PTFTW33T67,AW100,S_C2,_Z,YES,YES,63
FRA,2025,ETRIWH,PTFTW33T67,AW100,S_C2,_Z,YES,YES,63
DEU,2023,ETRIWH,PTFTW33T67,AW100,S_C2,_Z,YES,YES,84
DEU,2024,ETRIWH,PTFTW33T67,AW100,S_C2,_Z,YES,YES,80
DEU,2025,ETRIWH,PTFTW33T67,AW100,S_C2,_Z,YES,YES,81
ITA,2023,ETRIWH,PTFTW33T67,AW100,S_C2,_Z,YES,YES,41
ITA,2024,ETRIWH,PTFTW33T67,AW100,S_C2,_Z,YES,YES,37
ITA,2025,ETRIWH,PTFTW33T67,AW100,S_C2,_Z,YES,YES,38
NLD,2023,ETRIWH,PTFTW33T67,AW100,S_C2,_Z,YES,YES,50
NLD,2024,ETRIWH,PTFTW33T67,AW100,S_C2,_Z,YES,YES,46
POL,2023,ETRIWH,PTFTW33T67,AW100,S_C2,_Z,YES,YES,59
POL,2024,ETRIWH,PTFTW33T67,AW100,S_C2,_Z,YES,YES,51
POL,2025,ETRIWH,PTFTW33T67,AW100,S_C2,_Z,YES,YES,45
ESP,2023,ETRIWH,PTFTW33T67,AW100,S_C2,_Z,YES,YES,38
ESP,2024,ETRIWH,PTFTW33T67,AW100,S_C2,_Z,YES,YES,43
ESP,2025,ETRIWH,PTFTW33T67,AW100,S_C2,_Z,YES,YES,51
SWE,2023,ETRIWH,PTFTW33T67,AW100,S_C2,_Z,YES,YES,54
SWE,2024,ETRIWH,PTFTW33T67,AW100,S_C2,_Z,YES,YES,54
SWE,2025,ETRIWH,PTFTW33T67,AW100,S_C2,_Z,YES,YES,50
GBR,2023,ETRIWH,PTFTW33T67,AW100,S_C2,_Z,YES,YES,69
GBR,2024,ETRIWH,PTFTW33T67,AW100,S_C2,_Z,YES,YES,68
GBR,2025,ETRIWH,PTFTW33T67,AW100,S_C2,_Z,YES,YES,68
USA,2023,ETRIWH,PTFTW33T67,AW100,S_C2,_Z,YES,YES,69
USA,2024,ETRIWH,PTFTW33T67,AW100,S_C2,_Z,YES,YES,75
USA,2025,ETRIWH,PTFTW33T67,AW100,S_C2,_Z,YES,YES,74
OECD,2023,ETRIWH,PTFTW33T67,AW100,S_C2,_Z,YES,YES,54
OECD,2024,ETRIWH,PTFTW33T67,AW100,S_C2,_Z,YES,YES,54
OECD,2025,ETRIWH,PTFTW33T67,AW100,S_C2,_Z,YES,YES,54
AUT,2023,ETRIWH,PTFTW33T67,AW100,S_C2,_Z,NO,NO,24
AUT,2024,ETRIWH,PTFTW33T67,AW100,S_C2,_Z,NO,NO,24
AUT,2025,ETRIWH,PTFTW33T67,AW100,S_C2,_Z,NO,NO,32
BEL,2023,ETRIWH,PTFTW33T67,AW100,S_C2,_Z,NO,NO,61
BEL,2024,ETRIWH,PTFTW33T67,AW100,S_C2,_Z,NO,NO,62
BEL,2025,ETRIWH,PTFTW33T67,AW100,S_C2,_Z,NO,NO,64
DNK,2023,ETRIWH,PTFTW33T67,AW100,S_C2,_Z,NO,NO,38
DNK,2024,ETRIWH,PTFTW33T67,AW100,S_C2,_Z,NO,NO,38
FRA,2023,ETRIWH,PTFTW33T67,AW100,S_C2,_Z,NO,NO,44
FRA,2024,ETRIWH,PTFTW33T67,AW100,S_C2,_Z,NO,NO,44
FRA,2025,ETRIWH,PTFTW33T67,AW100,S_C2,_Z,NO,NO,43
DEU,2023,ETRIWH,PTFTW33T67,AW100,S_C2,_Z,NO,NO,40
DEU,2024,ETRIWH,PTFTW33T67,AW100,S_C2,_Z,NO,NO,40
DEU,2025,ETRIWH,PTFTW33T67,AW100,S_C2,_Z,NO,NO,41
ITA,2023,ETRIWH,PTFTW33T67,AW100,S_C2,_Z,NO,NO,40
ITA,2024,ETRIWH,PTFTW33T67,AW100,S_C2,_Z,NO,NO,35
ITA,2025,ETRIWH,PTFTW33T67,AW100,S_C2,_Z,NO,NO,37
NLD,2023,ETRIWH,PTFTW33T67,AW100,S_C2,_Z,NO,NO,45
NLD,2024,ETRIWH,PTFTW33T67,AW100,S_C2,_Z,NO,NO,42
POL,2023,ETRIWH,PTFTW33T67,AW100,S_C2,_Z,NO,NO,46
POL,2024,ETRIWH,PTFTW33T67,AW100,S_C2,_Z,NO,NO,44
POL,2025,ETRIWH,PTFTW33T67,AW100,S_C2,_Z,NO,NO,36
ESP,2023,ETRIWH,PTFTW33T67,AW100,S_C2,_Z,NO,NO,8
ESP,2024,ETRIWH,PTFTW33T67,AW100,S_C2,_Z,NO,NO,11
ESP,2025,ETRIWH,PTFTW33T67,AW100,S_C2,_Z,NO,NO,12
SWE,2023,ETRIWH,PTFTW33T67,AW100,S_C2,_Z,NO,NO,28
SWE,2024,ETRIWH,PTFTW33T67,AW100,S_C2,_Z,NO,NO,27
SWE,2025,ETRIWH,PTFTW33T67,AW100,S_C2,_Z,NO,NO,26
GBR,2023,ETRIWH,PTFTW33T67,AW100,S_C2,_Z,NO,NO,67
GBR,2024,ETRIWH,PTFTW33T67,AW100,S_C2,_Z,NO,NO,68
GBR,2025,ETRIWH,PTFTW33T67,AW100,S_C2,_Z,NO,NO,67
USA,2023,ETRIWH,PTFTW33T67,AW100,S_C2,_Z,NO,NO,43
USA,2024,ETRIWH,PTFTW33T67,AW100,S_C2,_Z,NO,NO,49
USA,2025,ETRIWH,PTFTW33T67,AW100,S_C2,_Z,NO,NO,50
OECD,2023,ETRIWH,PTFTW33T67,AW100,S_C2,_Z,NO,NO,37
OECD,2024,ETRIWH,PTFTW33T67,AW100,S_C2,_Z,NO,NO,36
OECD,2025,ETRIWH,PTFTW33T67,AW100,S_C2,_Z,NO,NO,36
AUT,2023,ETRIWH,PTFTW33T67,AW100,S_C2,_Z,NO,YES,44
AUT,2024,ETRIWH,PTFTW33T67,AW100,S_C2,_Z,NO,YES,40
AUT,2025,ETRIWH,PTFTW33T67,AW100,S_C2,_Z,NO,YES,32
BEL,2023,ETRIWH,PTFTW33T67,AW100,S_C2,_Z,NO,YES,61
BEL,2024,ETRIWH,PTFTW33T67,AW100,S_C2,_Z,NO,YES,62
BEL,2025,ETRIWH,PTFTW33T67,AW100,S_C2,_Z,NO,YES,64
DNK,2023,ETRIWH,PTFTW33T67,AW100,S_C2,_Z,NO,YES,42
DNK,2024,ETRIWH,PTFTW33T67,AW100,S_C2,_Z,NO,YES,43
FRA,2023,ETRIWH,PTFTW33T67,AW100,S_C2,_Z,NO,YES,62
FRA,2024,ETRIWH,PTFTW33T67,AW100,S_C2,_Z,NO,YES,63
FRA,2025,ETRIWH,PTFTW33T67,AW100,S_C2,_Z,NO,YES,63
DEU,2023,ETRIWH,PTFTW33T67,AW100,S_C2,_Z,NO,YES,66
DEU,2024,ETRIWH,PTFTW33T67,AW100,S_C2,_Z,NO,YES,61
DEU,2025,ETRIWH,PTFTW33T67,AW100,S_C2,_Z,NO,YES,62
ITA,2023,ETRIWH,PTFTW33T67,AW100,S_C2,_Z,NO,YES,41
ITA,2024,ETRIWH,PTFTW33T67,AW100,S_C2,_Z,NO,YES,37
ITA,2025,ETRIWH,PTFTW33T67,AW100,S_C2,_Z,NO,YES,38
NLD,2023,ETRIWH,PTFTW33T67,AW100,S_C2,_Z,NO,YES,50
NLD,2024,ETRIWH,PTFTW33T67,AW100,S_C2,_Z,NO,YES,46
POL,2023,ETRIWH,PTFTW33T67,AW100,S_C2,_Z,NO,YES,59
POL,2024,ETRIWH,PTFTW33T67,AW100,S_C2,_Z,NO,YES,51
POL,2025,ETRIWH,PTFTW33T67,AW100,S_C2,_Z,NO,YES,45
ESP,2023,ETRIWH,PTFTW33T67,AW100,S_C2,_Z,NO,YES,15
ESP,2024,ETRIWH,PTFTW33T67,AW100,S_C2,_Z,NO,YES,17
ESP,2025,ETRIWH,PTFTW33T67,AW100,S_C2,_Z,NO,YES,18
SWE,2023,ETRIWH,PTFTW33T67,AW100,S_C2,_Z,NO,YES,54
SWE,2024,ETRIWH,PTFTW33T67,AW100,S_C2,_Z,NO,YES,54
SWE,2025,ETRIWH,PTFTW33T67,AW100,S_C2,_Z,NO,YES,50
GBR,2023,ETRIWH,PTFTW33T67,AW100,S_C2,_Z,NO,YES,69
GBR,2024,ETRIWH,PTFTW33T67,AW100,S_C2,_Z,NO,YES,68
GBR,2025,ETRIWH,PTFTW33T67,AW100,S_C2,_Z,NO,YES,68
USA,2023,ETRIWH,PTFTW33T67,AW100,S_C2,_Z,NO,YES,43
USA,2024,ETRIWH,PTFTW33T67,AW100,S_C2,_Z,NO,YES,49
USA,2025,ETRIWH,PTFTW33T67,AW100,S_C2,_Z,NO,YES,50
OECD,2023,ETRIWH,PTFTW33T67,AW100,S_C2,_Z,NO,YES,43
OECD,2024,ETRIWH,PTFTW33T67,AW100,S_C2,_Z,NO,YES,43
OECD,2025,ETRIWH,PTFTW33T67,AW100,S_C2,_Z,NO,YES,43
AUT,2023,ETRIWH,PTFTW67T100,AW100,S_C2,_Z,NO,YES,43
AUT,2024,ETRIWH,PTFTW67T100,AW100,S_C2,_Z,NO,YES,44
AUT,2025,ETRIWH,PTFTW67T100,AW100,S_C2,_Z,NO,YES,44
BEL,2023,ETRIWH,PTFTW67T100,AW100,S_C2,_Z,NO,YES,64
BEL,2024,ETRIWH,PTFTW67T100,AW100,S_C2,_Z,NO,YES,64
BEL,2025,ETRIWH,PTFTW67T100,AW100,S_C2,_Z,NO,YES,63
DNK,2023,ETRIWH,PTFTW67T100,AW100,S_C2,_Z,NO,YES,57
DNK,2024,ETRIWH,PTFTW67T100,AW100,S_C2,_Z,NO,YES,57
FRA,2023,ETRIWH,PTFTW67T100,AW100,S_C2,_Z,NO,YES,35
FRA,2024,ETRIWH,PTFTW67T100,AW100,S_C2,_Z,NO,YES,33
FRA,2025,ETRIWH,PTFTW67T100,AW100,S_C2,_Z,NO,YES,36
DEU,2023,ETRIWH,PTFTW67T100,AW100,S_C2,_Z,NO,YES,46
DEU,2024,ETRIWH,PTFTW67T100,AW100,S_C2,_Z,NO,YES,45
DEU,2025,ETRIWH,PTFTW67T100,AW100,S_C2,_Z,NO,YES,46
ITA,2023,ETRIWH,PTFTW67T100,AW100,S_C2,_Z,NO,YES,48
ITA,2024,ETRIWH,PTFTW67T100,AW100,S_C2,_Z,NO,YES,48
ITA,2025,ETRIWH,PTFTW67T100,AW100,S_C2,_Z,NO,YES,47
NLD,2023,ETRIWH,PTFTW67T100,AW100,S_C2,_Z,NO,YES,77
NLD,2024,ETRIWH,PTFTW67T100,AW100,S_C2,_Z,NO,YES,79
POL,2023,ETRIWH,PTFTW67T100,AW100,S_C2,_Z,NO,YES,47
POL,2024,ETRIWH,PTFTW67T100,AW100,S_C2,_Z,NO,YES,55
POL,2025,ETRIWH,PTFTW67T100,AW100,S_C2,_Z,NO,YES,57
ESP,2023,ETRIWH,PTFTW67T100,AW100,S_C2,_Z,NO,YES,54
ESP,2024,ETRIWH,PTFTW67T100,AW100,S_C2,_Z,NO,YES,55
ESP,2025,ETRIWH,PTFTW67T100,AW100,S_C2,_Z,NO,YES,55
SWE,2023,ETRIWH,PTFTW67T100,AW100,S_C2,_Z,NO,YES,39
SWE,2024,ETRIWH,PTFTW67T100,AW100,S_C2,_Z,NO,YES,36
SWE,2025,ETRIWH,PTFTW67T100,AW100,S_C2,_Z,NO,YES,33
GBR,2023,ETRIWH,PTFTW67T100,AW100,S_C2,_Z,NO,YES,69
GBR,2024,ETRIWH,PTFTW67T100,AW100,S_C2,_Z,NO,YES,68
GBR,2025,ETRIWH,PTFTW67T100,AW100,S_C2,_Z,NO,YES,69
USA,2023,ETRIWH,PTFTW67T100,AW100,S_C2,_Z,NO,YES,34
USA,2024,ETRIWH,PTFTW67T100,AW100,S_C2,_Z,NO,YES,36
USA,2025,ETRIWH,PTFTW67T100,AW100,S_C2,_Z,NO,YES,36
OECD,2023,ETRIWH,PTFTW67T100,AW100,S_C2,_Z,NO,YES,51
OECD,2024,ETRIWH,PTFTW67T100,AW100,S_C2,_Z,NO,YES,52
OECD,2025,ETRIWH,PTFTW67T100,AW100,S_C2,_Z,NO,YES,48
AUT,2023,ETRIWH,PTFTW67T100,AW100,S_C2,_Z,NO,NO,43
AUT,2024,ETRIWH,PTFTW67T100,AW100,S_C2,_Z,NO,NO,44
AUT,2025,ETRIWH,PTFTW67T100,AW100,S_C2,_Z,NO,NO,44
BEL,2023,ETRIWH,PTFTW67T100,AW100,S_C2,_Z,NO,NO,64
BEL,2024,ETRIWH,PTFTW67T100,AW100,S_C2,_Z,NO,NO,64
BEL,2025,ETRIWH,PTFTW67T100,AW100,S_C2,_Z,NO,NO,63
DNK,2023,ETRIWH,PTFTW67T100,AW100,S_C2,_Z,NO,NO,40
DNK,2024,ETRIWH,PTFTW67T100,AW100,S_C2,_Z,NO,NO,41
FRA,2023,ETRIWH,PTFTW67T100,AW100,S_C2,_Z,NO,NO,35
FRA,2024,ETRIWH,PTFTW67T100,AW100,S_C2,_Z,NO,NO,34
FRA,2025,ETRIWH,PTFTW67T100,AW100,S_C2,_Z,NO,NO,36
DEU,2023,ETRIWH,PTFTW67T100,AW100,S_C2,_Z,NO,NO,46
DEU,2024,ETRIWH,PTFTW67T100,AW100,S_C2,_Z,NO,NO,45
DEU,2025,ETRIWH,PTFTW67T100,AW100,S_C2,_Z,NO,NO,46
ITA,2023,ETRIWH,PTFTW67T100,AW100,S_C2,_Z,NO,NO,47
ITA,2024,ETRIWH,PTFTW67T100,AW100,S_C2,_Z,NO,NO,46
ITA,2025,ETRIWH,PTFTW67T100,AW100,S_C2,_Z,NO,NO,46
NLD,2023,ETRIWH,PTFTW67T100,AW100,S_C2,_Z,NO,NO,60
NLD,2024,ETRIWH,PTFTW67T100,AW100,S_C2,_Z,NO,NO,60
POL,2023,ETRIWH,PTFTW67T100,AW100,S_C2,_Z,NO,NO,26
POL,2024,ETRIWH,PTFTW67T100,AW100,S_C2,_Z,NO,NO,29
POL,2025,ETRIWH,PTFTW67T100,AW100,S_C2,_Z,NO,NO,31
ESP,2023,ETRIWH,PTFTW67T100,AW100,S_C2,_Z,NO,NO,31
ESP,2024,ETRIWH,PTFTW67T100,AW100,S_C2,_Z,NO,NO,31
ESP,2025,ETRIWH,PTFTW67T100,AW100,S_C2,_Z,NO,NO,31
SWE,2023,ETRIWH,PTFTW67T100,AW100,S_C2,_Z,NO,NO,31
SWE,2024,ETRIWH,PTFTW67T100,AW100,S_C2,_Z,NO,NO,30
SWE,2025,ETRIWH,PTFTW67T100,AW100,S_C2,_Z,NO,NO,29
GBR,2023,ETRIWH,PTFTW67T100,AW100,S_C2,_Z,NO,NO,32
GBR,2024,ETRIWH,PTFTW67T100,AW100,S_C2,_Z,NO,NO,32
GBR,2025,ETRIWH,PTFTW67T100,AW100,S_C2,_Z,NO,NO,31
USA,2023,ETRIWH,PTFTW67T100,AW100,S_C2,_Z,NO,NO,34
USA,2024,ETRIWH,PTFTW67T100,AW100,S_C2,_Z,NO,NO,36
USA,2025,ETRIWH,PTFTW67T100,AW100,S_C2,_Z,NO,NO,36
OECD,2023,ETRIWH,PTFTW67T100,AW100,S_C2,_Z,NO,NO,43
OECD,2024,ETRIWH,PTFTW67T100,AW100,S_C2,_Z,NO,NO,43
OECD,2025,ETRIWH,PTFTW67T100,AW100,S_C2,_Z,NO,NO,42
AUT,2023,ETRIWH,PTFTW67T100,AW100,S_C2,_Z,YES,YES,43
AUT,2024,ETRIWH,PTFTW67T100,AW100,S_C2,_Z,YES,YES,44
AUT,2025,ETRIWH,PTFTW67T100,AW100,S_C2,_Z,YES,YES,44
BEL,2023,ETRIWH,PTFTW67T100,AW100,S_C2,_Z,YES,YES,64
BEL,2024,ETRIWH,PTFTW67T100,AW100,S_C2,_Z,YES,YES,64
BEL,2025,ETRIWH,PTFTW67T100,AW100,S_C2,_Z,YES,YES,63
DNK,2023,ETRIWH,PTFTW67T100,AW100,S_C2,_Z,YES,YES,57
DNK,2024,ETRIWH,PTFTW67T100,AW100,S_C2,_Z,YES,YES,57
FRA,2023,ETRIWH,PTFTW67T100,AW100,S_C2,_Z,YES,YES,35
FRA,2024,ETRIWH,PTFTW67T100,AW100,S_C2,_Z,YES,YES,33
FRA,2025,ETRIWH,PTFTW67T100,AW100,S_C2,_Z,YES,YES,36
DEU,2023,ETRIWH,PTFTW67T100,AW100,S_C2,_Z,YES,YES,46
DEU,2024,ETRIWH,PTFTW67T100,AW100,S_C2,_Z,YES,YES,45
DEU,2025,ETRIWH,PTFTW67T100,AW100,S_C2,_Z,YES,YES,46
ITA,2023,ETRIWH,PTFTW67T100,AW100,S_C2,_Z,YES,YES,48
ITA,2024,ETRIWH,PTFTW67T100,AW100,S_C2,_Z,YES,YES,48
ITA,2025,ETRIWH,PTFTW67T100,AW100,S_C2,_Z,YES,YES,47
NLD,2023,ETRIWH,PTFTW67T100,AW100,S_C2,_Z,YES,YES,77
NLD,2024,ETRIWH,PTFTW67T100,AW100,S_C2,_Z,YES,YES,79
POL,2023,ETRIWH,PTFTW67T100,AW100,S_C2,_Z,YES,YES,47
POL,2024,ETRIWH,PTFTW67T100,AW100,S_C2,_Z,YES,YES,55
POL,2025,ETRIWH,PTFTW67T100,AW100,S_C2,_Z,YES,YES,57
ESP,2023,ETRIWH,PTFTW67T100,AW100,S_C2,_Z,YES,YES,54
ESP,2024,ETRIWH,PTFTW67T100,AW100,S_C2,_Z,YES,YES,55
ESP,2025,ETRIWH,PTFTW67T100,AW100,S_C2,_Z,YES,YES,55
SWE,2023,ETRIWH,PTFTW67T100,AW100,S_C2,_Z,YES,YES,39
SWE,2024,ETRIWH,PTFTW67T100,AW100,S_C2,_Z,YES,YES,36
SWE,2025,ETRIWH,PTFTW67T100,AW100,S_C2,_Z,YES,YES,33
GBR,2023,ETRIWH,PTFTW67T100,AW100,S_C2,_Z,YES,YES,69
GBR,2024,ETRIWH,PTFTW67T100,AW100,S_C2,_Z,YES,YES,68
GBR,2025,ETRIWH,PTFTW67T100,AW100,S_C2,_Z,YES,YES,69
USA,2023,ETRIWH,PTFTW67T100,AW100,S_C2,_Z,YES,YES,34
USA,2024,ETRIWH,PTFTW67T100,AW100,S_C2,_Z,YES,YES,36
USA,2025,ETRIWH,PTFTW67T100,AW100,S_C2,_Z,YES,YES,36
OECD,2023,ETRIWH,PTFTW67T100,AW100,S_C2,_Z,YES,YES,53
OECD,2024,ETRIWH,PTFTW67T100,AW100,S_C2,_Z,YES,YES,54
OECD,2025,ETRIWH,PTFTW67T100,AW100,S_C2,_Z,YES,YES,50
AUT,2023,ETRIWH,PTFTW67T100,AW100,S_C2,_Z,YES,NO,43
AUT,2024,ETRIWH,PTFTW67T100,AW100,S_C2,_Z,YES,NO,44
AUT,2025,ETRIWH,PTFTW67T100,AW100,S_C2,_Z,YES,NO,44
BEL,2023,ETRIWH,PTFTW67T100,AW100,S_C2,_Z,YES,NO,64
BEL,2024,ETRIWH,PTFTW67T100,AW100,S_C2,_Z,YES,NO,64
BEL,2025,ETRIWH,PTFTW67T100,AW100,S_C2,_Z,YES,NO,63
DNK,2023,ETRIWH,PTFTW67T100,AW100,S_C2,_Z,YES,NO,40
DNK,2024,ETRIWH,PTFTW67T100,AW100,S_C2,_Z,YES,NO,41
FRA,2023,ETRIWH,PTFTW67T100,AW100,S_C2,_Z,YES,NO,35
FRA,2024,ETRIWH,PTFTW67T100,AW100,S_C2,_Z,YES,NO,34
FRA,2025,ETRIWH,PTFTW67T100,AW100,S_C2,_Z,YES,NO,36
DEU,2023,ETRIWH,PTFTW67T100,AW100,S_C2,_Z,YES,NO,46
DEU,2024,ETRIWH,PTFTW67T100,AW100,S_C2,_Z,YES,NO,45
DEU,2025,ETRIWH,PTFTW67T100,AW100,S_C2,_Z,YES,NO,46
ITA,2023,ETRIWH,PTFTW67T100,AW100,S_C2,_Z,YES,NO,47
ITA,2024,ETRIWH,PTFTW67T100,AW100,S_C2,_Z,YES,NO,46
ITA,2025,ETRIWH,PTFTW67T100,AW100,S_C2,_Z,YES,NO,46
NLD,2023,ETRIWH,PTFTW67T100,AW100,S_C2,_Z,YES,NO,60
NLD,2024,ETRIWH,PTFTW67T100,AW100,S_C2,_Z,YES,NO,60
POL,2023,ETRIWH,PTFTW67T100,AW100,S_C2,_Z,YES,NO,26
POL,2024,ETRIWH,PTFTW67T100,AW100,S_C2,_Z,YES,NO,29
POL,2025,ETRIWH,PTFTW67T100,AW100,S_C2,_Z,YES,NO,31
ESP,2023,ETRIWH,PTFTW67T100,AW100,S_C2,_Z,YES,NO,31
ESP,2024,ETRIWH,PTFTW67T100,AW100,S_C2,_Z,YES,NO,31
ESP,2025,ETRIWH,PTFTW67T100,AW100,S_C2,_Z,YES,NO,31
SWE,2023,ETRIWH,PTFTW67T100,AW100,S_C2,_Z,YES,NO,31
SWE,2024,ETRIWH,PTFTW67T100,AW100,S_C2,_Z,YES,NO,30
SWE,2025,ETRIWH,PTFTW67T100,AW100,S_C2,_Z,YES,NO,29
GBR,2023,ETRIWH,PTFTW67T100,AW100,S_C2,_Z,YES,NO,32
GBR,2024,ETRIWH,PTFTW67T100,AW100,S_C2,_Z,YES,NO,32
GBR,2025,ETRIWH,PTFTW67T100,AW100,S_C2,_Z,YES,NO,31
USA,2023,ETRIWH,PTFTW67T100,AW100,S_C2,_Z,YES,NO,34
USA,2024,ETRIWH,PTFTW67T100,AW100,S_C2,_Z,YES,NO,36
USA,2025,ETRIWH,PTFTW67T100,AW100,S_C2,_Z,YES,NO,36
OECD,2023,ETRIWH,PTFTW67T100,AW100,S_C2,_Z,YES,NO,43
OECD,2024,ETRIWH,PTFTW67T100,AW100,S_C2,_Z,YES,NO,43
OECD,2025,ETRIWH,PTFTW67T100,AW100,S_C2,_Z,YES,NO,42
AUT,2023,ETRIWH,PTFTW50T100,AW100,S_C2,_Z,NO,NO,37
AUT,2024,ETRIWH,PTFTW50T100,AW100,S_C2,_Z,NO,NO,36
AUT,2025,ETRIWH,PTFTW50T100,AW100,S_C2,_Z,NO,NO,37
BEL,2023,ETRIWH,PTFTW50T100,AW100,S_C2,_Z,NO,NO,70
BEL,2024,ETRIWH,PTFTW50T100,AW100,S_C2,_Z,NO,NO,70
BEL,2025,ETRIWH,PTFTW50T100,AW100,S_C2,_Z,NO,NO,72
DNK,2023,ETRIWH,PTFTW50T100,AW100,S_C2,_Z,NO,NO,39
DNK,2024,ETRIWH,PTFTW50T100,AW100,S_C2,_Z,NO,NO,40
FRA,2023,ETRIWH,PTFTW50T100,AW100,S_C2,_Z,NO,NO,41
FRA,2024,ETRIWH,PTFTW50T100,AW100,S_C2,_Z,NO,NO,40
FRA,2025,ETRIWH,PTFTW50T100,AW100,S_C2,_Z,NO,NO,41
DEU,2023,ETRIWH,PTFTW50T100,AW100,S_C2,_Z,NO,NO,44
DEU,2024,ETRIWH,PTFTW50T100,AW100,S_C2,_Z,NO,NO,44
DEU,2025,ETRIWH,PTFTW50T100,AW100,S_C2,_Z,NO,NO,45
ITA,2023,ETRIWH,PTFTW50T100,AW100,S_C2,_Z,NO,NO,45
ITA,2024,ETRIWH,PTFTW50T100,AW100,S_C2,_Z,NO,NO,42
ITA,2025,ETRIWH,PTFTW50T100,AW100,S_C2,_Z,NO,NO,43
NLD,2023,ETRIWH,PTFTW50T100,AW100,S_C2,_Z,NO,NO,61
NLD,2024,ETRIWH,PTFTW50T100,AW100,S_C2,_Z,NO,NO,61
POL,2023,ETRIWH,PTFTW50T100,AW100,S_C2,_Z,NO,NO,25
POL,2024,ETRIWH,PTFTW50T100,AW100,S_C2,_Z,NO,NO,26
POL,2025,ETRIWH,PTFTW50T100,AW100,S_C2,_Z,NO,NO,28
ESP,2023,ETRIWH,PTFTW50T100,AW100,S_C2,_Z,NO,NO,26
ESP,2024,ETRIWH,PTFTW50T100,AW100,S_C2,_Z,NO,NO,28
ESP,2025,ETRIWH,PTFTW50T100,AW100,S_C2,_Z,NO,NO,29
SWE,2023,ETRIWH,PTFTW50T100,AW100,S_C2,_Z,NO,NO,30
SWE,2024,ETRIWH,PTFTW50T100,AW100,S_C2,_Z,NO,NO,29
SWE,2025,ETRIWH,PTFTW50T100,AW100,S_C2,_Z,NO,NO,28
GBR,2023,ETRIWH,PTFTW50T100,AW100,S_C2,_Z,NO,NO,43
GBR,2024,ETRIWH,PTFTW50T100,AW100,S_C2,_Z,NO,NO,44
GBR,2025,ETRIWH,PTFTW50T100,AW100,S_C2,_Z,NO,NO,44
USA,2023,ETRIWH,PTFTW50T100,AW100,S_C2,_Z,NO,NO,39
USA,2024,ETRIWH,PTFTW50T100,AW100,S_C2,_Z,NO,NO,42
USA,2025,ETRIWH,PTFTW50T100,AW100,S_C2,_Z,NO,NO,42
OECD,2023,ETRIWH,PTFTW50T100,AW100,S_C2,_Z,NO,NO,43
OECD,2024,ETRIWH,PTFTW50T100,AW100,S_C2,_Z,NO,NO,43
OECD,2025,ETRIWH,PTFTW50T100,AW100,S_C2,_Z,NO,NO,41
AUT,2023,ETRIWH,PTFTW50T100,AW100,S_C2,_Z,NO,YES,37
AUT,2024,ETRIWH,PTFTW50T100,AW100,S_C2,_Z,NO,YES,36
AUT,2025,ETRIWH,PTFTW50T100,AW100,S_C2,_Z,NO,YES,39
BEL,2023,ETRIWH,PTFTW50T100,AW100,S_C2,_Z,NO,YES,70
BEL,2024,ETRIWH,PTFTW50T100,AW100,S_C2,_Z,NO,YES,70
BEL,2025,ETRIWH,PTFTW50T100,AW100,S_C2,_Z,NO,YES,72
DNK,2023,ETRIWH,PTFTW50T100,AW100,S_C2,_Z,NO,YES,53
DNK,2024,ETRIWH,PTFTW50T100,AW100,S_C2,_Z,NO,YES,54
FRA,2023,ETRIWH,PTFTW50T100,AW100,S_C2,_Z,NO,YES,45
FRA,2024,ETRIWH,PTFTW50T100,AW100,S_C2,_Z,NO,YES,45
FRA,2025,ETRIWH,PTFTW50T100,AW100,S_C2,_Z,NO,YES,46
DEU,2023,ETRIWH,PTFTW50T100,AW100,S_C2,_Z,NO,YES,54
DEU,2024,ETRIWH,PTFTW50T100,AW100,S_C2,_Z,NO,YES,50
DEU,2025,ETRIWH,PTFTW50T100,AW100,S_C2,_Z,NO,YES,52
ITA,2023,ETRIWH,PTFTW50T100,AW100,S_C2,_Z,NO,YES,46
ITA,2024,ETRIWH,PTFTW50T100,AW100,S_C2,_Z,NO,YES,43
ITA,2025,ETRIWH,PTFTW50T100,AW100,S_C2,_Z,NO,YES,46
NLD,2023,ETRIWH,PTFTW50T100,AW100,S_C2,_Z,NO,YES,76
NLD,2024,ETRIWH,PTFTW50T100,AW100,S_C2,_Z,NO,YES,76
POL,2023,ETRIWH,PTFTW50T100,AW100,S_C2,_Z,NO,YES,45
POL,2024,ETRIWH,PTFTW50T100,AW100,S_C2,_Z,NO,YES,47
POL,2025,ETRIWH,PTFTW50T100,AW100,S_C2,_Z,NO,YES,48
ESP,2023,ETRIWH,PTFTW50T100,AW100,S_C2,_Z,NO,YES,46
ESP,2024,ETRIWH,PTFTW50T100,AW100,S_C2,_Z,NO,YES,45
ESP,2025,ETRIWH,PTFTW50T100,AW100,S_C2,_Z,NO,YES,46
SWE,2023,ETRIWH,PTFTW50T100,AW100,S_C2,_Z,NO,YES,44
SWE,2024,ETRIWH,PTFTW50T100,AW100,S_C2,_Z,NO,YES,42
SWE,2025,ETRIWH,PTFTW50T100,AW100,S_C2,_Z,NO,YES,39
GBR,2023,ETRIWH,PTFTW50T100,AW100,S_C2,_Z,NO,YES,69
GBR,2024,ETRIWH,PTFTW50T100,AW100,S_C2,_Z,NO,YES,68
GBR,2025,ETRIWH,PTFTW50T100,AW100,S_C2,_Z,NO,YES,69
USA,2023,ETRIWH,PTFTW50T100,AW100,S_C2,_Z,NO,YES,39
USA,2024,ETRIWH,PTFTW50T100,AW100,S_C2,_Z,NO,YES,42
USA,2025,ETRIWH,PTFTW50T100,AW100,S_C2,_Z,NO,YES,42
OECD,2023,ETRIWH,PTFTW50T100,AW100,S_C2,_Z,NO,YES,50
OECD,2024,ETRIWH,PTFTW50T100,AW100,S_C2,_Z,NO,YES,50
OECD,2025,ETRIWH,PTFTW50T100,AW100,S_C2,_Z,NO,YES,48
AUT,2023,ETRIWH,PTFTW50T100,AW100,S_C2,_Z,YES,NO,37
AUT,2024,ETRIWH,PTFTW50T100,AW100,S_C2,_Z,YES,NO,36
AUT,2025,ETRIWH,PTFTW50T100,AW100,S_C2,_Z,YES,NO,37
BEL,2023,ETRIWH,PTFTW50T100,AW100,S_C2,_Z,YES,NO,70
BEL,2024,ETRIWH,PTFTW50T100,AW100,S_C2,_Z,YES,NO,70
BEL,2025,ETRIWH,PTFTW50T100,AW100,S_C2,_Z,YES,NO,72
DNK,2023,ETRIWH,PTFTW50T100,AW100,S_C2,_Z,YES,NO,39
DNK,2024,ETRIWH,PTFTW50T100,AW100,S_C2,_Z,YES,NO,40
FRA,2023,ETRIWH,PTFTW50T100,AW100,S_C2,_Z,YES,NO,41
FRA,2024,ETRIWH,PTFTW50T100,AW100,S_C2,_Z,YES,NO,40
FRA,2025,ETRIWH,PTFTW50T100,AW100,S_C2,_Z,YES,NO,41
DEU,2023,ETRIWH,PTFTW50T100,AW100,S_C2,_Z,YES,NO,50
DEU,2024,ETRIWH,PTFTW50T100,AW100,S_C2,_Z,YES,NO,52
DEU,2025,ETRIWH,PTFTW50T100,AW100,S_C2,_Z,YES,NO,52
ITA,2023,ETRIWH,PTFTW50T100,AW100,S_C2,_Z,YES,NO,45
ITA,2024,ETRIWH,PTFTW50T100,AW100,S_C2,_Z,YES,NO,42
ITA,2025,ETRIWH,PTFTW50T100,AW100,S_C2,_Z,YES,NO,43
NLD,2023,ETRIWH,PTFTW50T100,AW100,S_C2,_Z,YES,NO,61
NLD,2024,ETRIWH,PTFTW50T100,AW100,S_C2,_Z,YES,NO,61
POL,2023,ETRIWH,PTFTW50T100,AW100,S_C2,_Z,YES,NO,25
POL,2024,ETRIWH,PTFTW50T100,AW100,S_C2,_Z,YES,NO,26
POL,2025,ETRIWH,PTFTW50T100,AW100,S_C2,_Z,YES,NO,28
ESP,2023,ETRIWH,PTFTW50T100,AW100,S_C2,_Z,YES,NO,26
ESP,2024,ETRIWH,PTFTW50T100,AW100,S_C2,_Z,YES,NO,28
ESP,2025,ETRIWH,PTFTW50T100,AW100,S_C2,_Z,YES,NO,29
SWE,2023,ETRIWH,PTFTW50T100,AW100,S_C2,_Z,YES,NO,30
SWE,2024,ETRIWH,PTFTW50T100,AW100,S_C2,_Z,YES,NO,29
SWE,2025,ETRIWH,PTFTW50T100,AW100,S_C2,_Z,YES,NO,28
GBR,2023,ETRIWH,PTFTW50T100,AW100,S_C2,_Z,YES,NO,43
GBR,2024,ETRIWH,PTFTW50T100,AW100,S_C2,_Z,YES,NO,44
GBR,2025,ETRIWH,PTFTW50T100,AW100,S_C2,_Z,YES,NO,44
USA,2023,ETRIWH,PTFTW50T100,AW100,S_C2,_Z,YES,NO,39
USA,2024,ETRIWH,PTFTW50T100,AW100,S_C2,_Z,YES,NO,42
USA,2025,ETRIWH,PTFTW50T100,AW100,S_C2,_Z,YES,NO,42
OECD,2023,ETRIWH,PTFTW50T100,AW100,S_C2,_Z,YES,NO,44
OECD,2024,ETRIWH,PTFTW50T100,AW100,S_C2,_Z,YES,NO,44
OECD,2025,ETRIWH,PTFTW50T100,AW100,S_C2,_Z,YES,NO,43
AUT,2023,ETRIWH,PTFTW50T100,AW100,S_C2,_Z,YES,YES,37
AUT,2024,ETRIWH,PTFTW50T100,AW100,S_C2,_Z,YES,YES,36
AUT,2025,ETRIWH,PTFTW50T100,AW100,S_C2,_Z,YES,YES,39
BEL,2023,ETRIWH,PTFTW50T100,AW100,S_C2,_Z,YES,YES,70
BEL,2024,ETRIWH,PTFTW50T100,AW100,S_C2,_Z,YES,YES,70
BEL,2025,ETRIWH,PTFTW50T100,AW100,S_C2,_Z,YES,YES,72
DNK,2023,ETRIWH,PTFTW50T100,AW100,S_C2,_Z,YES,YES,53
DNK,2024,ETRIWH,PTFTW50T100,AW100,S_C2,_Z,YES,YES,54
FRA,2023,ETRIWH,PTFTW50T100,AW100,S_C2,_Z,YES,YES,45
FRA,2024,ETRIWH,PTFTW50T100,AW100,S_C2,_Z,YES,YES,45
FRA,2025,ETRIWH,PTFTW50T100,AW100,S_C2,_Z,YES,YES,46
DEU,2023,ETRIWH,PTFTW50T100,AW100,S_C2,_Z,YES,YES,59
DEU,2024,ETRIWH,PTFTW50T100,AW100,S_C2,_Z,YES,YES,57
DEU,2025,ETRIWH,PTFTW50T100,AW100,S_C2,_Z,YES,YES,58
ITA,2023,ETRIWH,PTFTW50T100,AW100,S_C2,_Z,YES,YES,46
ITA,2024,ETRIWH,PTFTW50T100,AW100,S_C2,_Z,YES,YES,43
ITA,2025,ETRIWH,PTFTW50T100,AW100,S_C2,_Z,YES,YES,46
NLD,2023,ETRIWH,PTFTW50T100,AW100,S_C2,_Z,YES,YES,76
NLD,2024,ETRIWH,PTFTW50T100,AW100,S_C2,_Z,YES,YES,76
POL,2023,ETRIWH,PTFTW50T100,AW100,S_C2,_Z,YES,YES,45
POL,2024,ETRIWH,PTFTW50T100,AW100,S_C2,_Z,YES,YES,47
POL,2025,ETRIWH,PTFTW50T100,AW100,S_C2,_Z,YES,YES,48
ESP,2023,ETRIWH,PTFTW50T100,AW100,S_C2,_Z,YES,YES,46
ESP,2024,ETRIWH,PTFTW50T100,AW100,S_C2,_Z,YES,YES,45
ESP,2025,ETRIWH,PTFTW50T100,AW100,S_C2,_Z,YES,YES,46
SWE,2023,ETRIWH,PTFTW50T100,AW100,S_C2,_Z,YES,YES,44
SWE,2024,ETRIWH,PTFTW50T100,AW100,S_C2,_Z,YES,YES,42
SWE,2025,ETRIWH,PTFTW50T100,AW100,S_C2,_Z,YES,YES,39
GBR,2023,ETRIWH,PTFTW50T100,AW100,S_C2,_Z,YES,YES,69
GBR,2024,ETRIWH,PTFTW50T100,AW100,S_C2,_Z,YES,YES,68
GBR,2025,ETRIWH,PTFTW50T100,AW100,S_C2,_Z,YES,YES,69
USA,2023,ETRIWH,PTFTW50T100,AW100,S_C2,_Z,YES,YES,39
USA,2024,ETRIWH,PTFTW50T100,AW100,S_C2,_Z,YES,YES,47
USA,2025,ETRIWH,PTFTW50T100,AW100,S_C2,_Z,YES,YES,46
OECD,2023,ETRIWH,PTFTW50T100,AW100,S_C2,_Z,YES,YES,53
OECD,2024,ETRIWH,PTFTW50T100,AW100,S_C2,_Z,YES,YES,53
OECD,2025,ETRIWH,PTFTW50T100,AW100,S_C2,_Z,YES,YES,50
AUT,2023,ETRIWH,PTFTW50T66,AW100,S_C2,_Z,YES,YES,25
AUT,2024,ETRIWH,PTFTW50T66,AW100,S_C2,_Z,YES,YES,22
AUT,2025,ETRIWH,PTFTW50T66,AW100,S_C2,_Z,YES,YES,30
BEL,2023,ETRIWH,PTFTW50T66,AW100,S_C2,_Z,YES,YES,82
BEL,2024,ETRIWH,PTFTW50T66,AW100,S_C2,_Z,YES,YES,83
BEL,2025,ETRIWH,PTFTW50T66,AW100,S_C2,_Z,YES,YES,88
DNK,2023,ETRIWH,PTFTW50T66,AW100,S_C2,_Z,YES,YES,47
DNK,2024,ETRIWH,PTFTW50T66,AW100,S_C2,_Z,YES,YES,49
FRA,2023,ETRIWH,PTFTW50T66,AW100,S_C2,_Z,YES,YES,65
FRA,2024,ETRIWH,PTFTW50T66,AW100,S_C2,_Z,YES,YES,67
FRA,2025,ETRIWH,PTFTW50T66,AW100,S_C2,_Z,YES,YES,66
DEU,2023,ETRIWH,PTFTW50T66,AW100,S_C2,_Z,YES,YES,85
DEU,2024,ETRIWH,PTFTW50T66,AW100,S_C2,_Z,YES,YES,80
DEU,2025,ETRIWH,PTFTW50T66,AW100,S_C2,_Z,YES,YES,80
ITA,2023,ETRIWH,PTFTW50T66,AW100,S_C2,_Z,YES,YES,42
ITA,2024,ETRIWH,PTFTW50T66,AW100,S_C2,_Z,YES,YES,35
ITA,2025,ETRIWH,PTFTW50T66,AW100,S_C2,_Z,YES,YES,45
NLD,2023,ETRIWH,PTFTW50T66,AW100,S_C2,_Z,YES,YES,75
NLD,2024,ETRIWH,PTFTW50T66,AW100,S_C2,_Z,YES,YES,70
POL,2023,ETRIWH,PTFTW50T66,AW100,S_C2,_Z,YES,YES,42
POL,2024,ETRIWH,PTFTW50T66,AW100,S_C2,_Z,YES,YES,32
POL,2025,ETRIWH,PTFTW50T66,AW100,S_C2,_Z,YES,YES,32
ESP,2023,ETRIWH,PTFTW50T66,AW100,S_C2,_Z,YES,YES,29
ESP,2024,ETRIWH,PTFTW50T66,AW100,S_C2,_Z,YES,YES,27
ESP,2025,ETRIWH,PTFTW50T66,AW100,S_C2,_Z,YES,YES,27
SWE,2023,ETRIWH,PTFTW50T66,AW100,S_C2,_Z,YES,YES,54
SWE,2024,ETRIWH,PTFTW50T66,AW100,S_C2,_Z,YES,YES,55
SWE,2025,ETRIWH,PTFTW50T66,AW100,S_C2,_Z,YES,YES,52
GBR,2023,ETRIWH,PTFTW50T66,AW100,S_C2,_Z,YES,YES,69
GBR,2024,ETRIWH,PTFTW50T66,AW100,S_C2,_Z,YES,YES,68
GBR,2025,ETRIWH,PTFTW50T66,AW100,S_C2,_Z,YES,YES,68
USA,2023,ETRIWH,PTFTW50T66,AW100,S_C2,_Z,YES,YES,48
USA,2024,ETRIWH,PTFTW50T66,AW100,S_C2,_Z,YES,YES,68
USA,2025,ETRIWH,PTFTW50T66,AW100,S_C2,_Z,YES,YES,66
OECD,2023,ETRIWH,PTFTW50T66,AW100,S_C2,_Z,YES,YES,53
OECD,2024,ETRIWH,PTFTW50T66,AW100,S_C2,_Z,YES,YES,51
OECD,2025,ETRIWH,PTFTW50T66,AW100,S_C2,_Z,YES,YES,51
AUT,2023,ETRIWH,PTFTW50T66,AW100,S_C2,_Z,YES,NO,25
AUT,2024,ETRIWH,PTFTW50T66,AW100,S_C2,_Z,YES,NO,22
AUT,2025,ETRIWH,PTFTW50T66,AW100,S_C2,_Z,YES,NO,23
BEL,2023,ETRIWH,PTFTW50T66,AW100,S_C2,_Z,YES,NO,82
BEL,2024,ETRIWH,PTFTW50T66,AW100,S_C2,_Z,YES,NO,83
BEL,2025,ETRIWH,PTFTW50T66,AW100,S_C2,_Z,YES,NO,88
DNK,2023,ETRIWH,PTFTW50T66,AW100,S_C2,_Z,YES,NO,38
DNK,2024,ETRIWH,PTFTW50T66,AW100,S_C2,_Z,YES,NO,38
FRA,2023,ETRIWH,PTFTW50T66,AW100,S_C2,_Z,YES,NO,52
FRA,2024,ETRIWH,PTFTW50T66,AW100,S_C2,_Z,YES,NO,52
FRA,2025,ETRIWH,PTFTW50T66,AW100,S_C2,_Z,YES,NO,52
DEU,2023,ETRIWH,PTFTW50T66,AW100,S_C2,_Z,YES,NO,59
DEU,2024,ETRIWH,PTFTW50T66,AW100,S_C2,_Z,YES,NO,65
DEU,2025,ETRIWH,PTFTW50T66,AW100,S_C2,_Z,YES,NO,63
ITA,2023,ETRIWH,PTFTW50T66,AW100,S_C2,_Z,YES,NO,42
ITA,2024,ETRIWH,PTFTW50T66,AW100,S_C2,_Z,YES,NO,35
ITA,2025,ETRIWH,PTFTW50T66,AW100,S_C2,_Z,YES,NO,38
NLD,2023,ETRIWH,PTFTW50T66,AW100,S_C2,_Z,YES,NO,64
NLD,2024,ETRIWH,PTFTW50T66,AW100,S_C2,_Z,YES,NO,61
POL,2023,ETRIWH,PTFTW50T66,AW100,S_C2,_Z,YES,NO,21
POL,2024,ETRIWH,PTFTW50T66,AW100,S_C2,_Z,YES,NO,21
POL,2025,ETRIWH,PTFTW50T66,AW100,S_C2,_Z,YES,NO,21
ESP,2023,ETRIWH,PTFTW50T66,AW100,S_C2,_Z,YES,NO,16
ESP,2024,ETRIWH,PTFTW50T66,AW100,S_C2,_Z,YES,NO,21
ESP,2025,ETRIWH,PTFTW50T66,AW100,S_C2,_Z,YES,NO,24
SWE,2023,ETRIWH,PTFTW50T66,AW100,S_C2,_Z,YES,NO,28
SWE,2024,ETRIWH,PTFTW50T66,AW100,S_C2,_Z,YES,NO,27
SWE,2025,ETRIWH,PTFTW50T66,AW100,S_C2,_Z,YES,NO,26
GBR,2023,ETRIWH,PTFTW50T66,AW100,S_C2,_Z,YES,NO,66
GBR,2024,ETRIWH,PTFTW50T66,AW100,S_C2,_Z,YES,NO,68
GBR,2025,ETRIWH,PTFTW50T66,AW100,S_C2,_Z,YES,NO,67
USA,2023,ETRIWH,PTFTW50T66,AW100,S_C2,_Z,YES,NO,48
USA,2024,ETRIWH,PTFTW50T66,AW100,S_C2,_Z,YES,NO,53
USA,2025,ETRIWH,PTFTW50T66,AW100,S_C2,_Z,YES,NO,53
OECD,2023,ETRIWH,PTFTW50T66,AW100,S_C2,_Z,YES,NO,45
OECD,2024,ETRIWH,PTFTW50T66,AW100,S_C2,_Z,YES,NO,45
OECD,2025,ETRIWH,PTFTW50T66,AW100,S_C2,_Z,YES,NO,44
AUT,2023,ETRIWH,PTFTW50T66,AW100,S_C2,_Z,NO,NO,25
AUT,2024,ETRIWH,PTFTW50T66,AW100,S_C2,_Z,NO,NO,22
AUT,2025,ETRIWH,PTFTW50T66,AW100,S_C2,_Z,NO,NO,23
BEL,2023,ETRIWH,PTFTW50T66,AW100,S_C2,_Z,NO,NO,82
BEL,2024,ETRIWH,PTFTW50T66,AW100,S_C2,_Z,NO,NO,83
BEL,2025,ETRIWH,PTFTW50T66,AW100,S_C2,_Z,NO,NO,88
DNK,2023,ETRIWH,PTFTW50T66,AW100,S_C2,_Z,NO,NO,38
DNK,2024,ETRIWH,PTFTW50T66,AW100,S_C2,_Z,NO,NO,38
FRA,2023,ETRIWH,PTFTW50T66,AW100,S_C2,_Z,NO,NO,52
FRA,2024,ETRIWH,PTFTW50T66,AW100,S_C2,_Z,NO,NO,52
FRA,2025,ETRIWH,PTFTW50T66,AW100,S_C2,_Z,NO,NO,52
DEU,2023,ETRIWH,PTFTW50T66,AW100,S_C2,_Z,NO,NO,42
DEU,2024,ETRIWH,PTFTW50T66,AW100,S_C2,_Z,NO,NO,42
DEU,2025,ETRIWH,PTFTW50T66,AW100,S_C2,_Z,NO,NO,43
ITA,2023,ETRIWH,PTFTW50T66,AW100,S_C2,_Z,NO,NO,42
ITA,2024,ETRIWH,PTFTW50T66,AW100,S_C2,_Z,NO,NO,35
ITA,2025,ETRIWH,PTFTW50T66,AW100,S_C2,_Z,NO,NO,38
NLD,2023,ETRIWH,PTFTW50T66,AW100,S_C2,_Z,NO,NO,64
NLD,2024,ETRIWH,PTFTW50T66,AW100,S_C2,_Z,NO,NO,61
POL,2023,ETRIWH,PTFTW50T66,AW100,S_C2,_Z,NO,NO,21
POL,2024,ETRIWH,PTFTW50T66,AW100,S_C2,_Z,NO,NO,21
POL,2025,ETRIWH,PTFTW50T66,AW100,S_C2,_Z,NO,NO,21
ESP,2023,ETRIWH,PTFTW50T66,AW100,S_C2,_Z,NO,NO,16
ESP,2024,ETRIWH,PTFTW50T66,AW100,S_C2,_Z,NO,NO,21
ESP,2025,ETRIWH,PTFTW50T66,AW100,S_C2,_Z,NO,NO,24
SWE,2023,ETRIWH,PTFTW50T66,AW100,S_C2,_Z,NO,NO,28
SWE,2024,ETRIWH,PTFTW50T66,AW100,S_C2,_Z,NO,NO,27
SWE,2025,ETRIWH,PTFTW50T66,AW100,S_C2,_Z,NO,NO,26
GBR,2023,ETRIWH,PTFTW50T66,AW100,S_C2,_Z,NO,NO,66
GBR,2024,ETRIWH,PTFTW50T66,AW100,S_C2,_Z,NO,NO,68
GBR,2025,ETRIWH,PTFTW50T66,AW100,S_C2,_Z,NO,NO,67
USA,2023,ETRIWH,PTFTW50T66,AW100,S_C2,_Z,NO,NO,48
USA,2024,ETRIWH,PTFTW50T66,AW100,S_C2,_Z,NO,NO,53
USA,2025,ETRIWH,PTFTW50T66,AW100,S_C2,_Z,NO,NO,53
OECD,2023,ETRIWH,PTFTW50T66,AW100,S_C2,_Z,NO,NO,42
OECD,2024,ETRIWH,PTFTW50T66,AW100,S_C2,_Z,NO,NO,42
OECD,2025,ETRIWH,PTFTW50T66,AW100,S_C2,_Z,NO,NO,41
AUT,2023,ETRIWH,PTFTW50T66,AW100,S_C2,_Z,NO,YES,25
AUT,2024,ETRIWH,PTFTW50T66,AW100,S_C2,_Z,NO,YES,22
AUT,2025,ETRIWH,PTFTW50T66,AW100,S_C2,_Z,NO,YES,30
BEL,2023,ETRIWH,PTFTW50T66,AW100,S_C2,_Z,NO,YES,82
BEL,2024,ETRIWH,PTFTW50T66,AW100,S_C2,_Z,NO,YES,83
BEL,2025,ETRIWH,PTFTW50T66,AW100,S_C2,_Z,NO,YES,88
DNK,2023,ETRIWH,PTFTW50T66,AW100,S_C2,_Z,NO,YES,47
DNK,2024,ETRIWH,PTFTW50T66,AW100,S_C2,_Z,NO,YES,49
FRA,2023,ETRIWH,PTFTW50T66,AW100,S_C2,_Z,NO,YES,65
FRA,2024,ETRIWH,PTFTW50T66,AW100,S_C2,_Z,NO,YES,67
FRA,2025,ETRIWH,PTFTW50T66,AW100,S_C2,_Z,NO,YES,66
DEU,2023,ETRIWH,PTFTW50T66,AW100,S_C2,_Z,NO,YES,70
DEU,2024,ETRIWH,PTFTW50T66,AW100,S_C2,_Z,NO,YES,59
DEU,2025,ETRIWH,PTFTW50T66,AW100,S_C2,_Z,NO,YES,62
ITA,2023,ETRIWH,PTFTW50T66,AW100,S_C2,_Z,NO,YES,42
ITA,2024,ETRIWH,PTFTW50T66,AW100,S_C2,_Z,NO,YES,35
ITA,2025,ETRIWH,PTFTW50T66,AW100,S_C2,_Z,NO,YES,45
NLD,2023,ETRIWH,PTFTW50T66,AW100,S_C2,_Z,NO,YES,75
NLD,2024,ETRIWH,PTFTW50T66,AW100,S_C2,_Z,NO,YES,70
POL,2023,ETRIWH,PTFTW50T66,AW100,S_C2,_Z,NO,YES,42
POL,2024,ETRIWH,PTFTW50T66,AW100,S_C2,_Z,NO,YES,32
POL,2025,ETRIWH,PTFTW50T66,AW100,S_C2,_Z,NO,YES,32
ESP,2023,ETRIWH,PTFTW50T66,AW100,S_C2,_Z,NO,YES,29
ESP,2024,ETRIWH,PTFTW50T66,AW100,S_C2,_Z,NO,YES,27
ESP,2025,ETRIWH,PTFTW50T66,AW100,S_C2,_Z,NO,YES,27
SWE,2023,ETRIWH,PTFTW50T66,AW100,S_C2,_Z,NO,YES,54
SWE,2024,ETRIWH,PTFTW50T66,AW100,S_C2,_Z,NO,YES,55
SWE,2025,ETRIWH,PTFTW50T66,AW100,S_C2,_Z,NO,YES,52
GBR,2023,ETRIWH,PTFTW50T66,AW100,S_C2,_Z,NO,YES,69
GBR,2024,ETRIWH,PTFTW50T66,AW100,S_C2,_Z,NO,YES,68
GBR,2025,ETRIWH,PTFTW50T66,AW100,S_C2,_Z,NO,YES,68
USA,2023,ETRIWH,PTFTW50T66,AW100,S_C2,_Z,NO,YES,48
USA,2024,ETRIWH,PTFTW50T66,AW100,S_C2,_Z,NO,YES,53
USA,2025,ETRIWH,PTFTW50T66,AW100,S_C2,_Z,NO,YES,53
OECD,2023,ETRIWH,PTFTW50T66,AW100,S_C2,_Z,NO,YES,49
OECD,2024,ETRIWH,PTFTW50T66,AW100,S_C2,_Z,NO,YES,47
OECD,2025,ETRIWH,PTFTW50T66,AW100,S_C2,_Z,NO,YES,47
FRA,2023,ETRIWH,PTFTW50T66,MINW,S_C2,_Z,YES,YES,48
FRA,2024,ETRIWH,PTFTW50T66,MINW,S_C2,_Z,YES,YES,45
FRA,2025,ETRIWH,PTFTW50T66,MINW,S_C2,_Z,YES,YES,45
DEU,2023,ETRIWH,PTFTW50T66,MINW,S_C2,_Z,YES,YES,58
DEU,2024,ETRIWH,PTFTW50T66,MINW,S_C2,_Z,YES,YES,59
DEU,2025,ETRIWH,PTFTW50T66,MINW,S_C2,_Z,YES,YES,60
NLD,2023,ETRIWH,PTFTW50T66,MINW,S_C2,_Z,YES,YES,56
NLD,2024,ETRIWH,PTFTW50T66,MINW,S_C2,_Z,YES,YES,66
POL,2023,ETRIWH,PTFTW50T66,MINW,S_C2,_Z,YES,YES,32
POL,2024,ETRIWH,PTFTW50T66,MINW,S_C2,_Z,YES,YES,50
POL,2025,ETRIWH,PTFTW50T66,MINW,S_C2,_Z,YES,YES,73
GBR,2023,ETRIWH,PTFTW50T66,MINW,S_C2,_Z,YES,YES,63
GBR,2024,ETRIWH,PTFTW50T66,MINW,S_C2,_Z,YES,YES,65
GBR,2025,ETRIWH,PTFTW50T66,MINW,S_C2,_Z,YES,YES,68
USA,2023,ETRIWH,PTFTW50T66,MINW,S_C2,_Z,YES,YES,13
USA,2024,ETRIWH,PTFTW50T66,MINW,S_C2,_Z,YES,YES,-1
USA,2025,ETRIWH,PTFTW50T66,MINW,S_C2,_Z,YES,YES,-7
OECD,2023,ETRIWH,PTFTW50T66,MINW,S_C2,_Z,YES,YES,57
OECD,2024,ETRIWH,PTFTW50T66,MINW,S_C2,_Z,YES,YES,54
OECD,2025,ETRIWH,PTFTW50T66,MINW,S_C2,_Z,YES,YES,56
FRA,2023,ETRIWH,PTFTW50T66,MINW,S_C2,_Z,YES,NO,32
FRA,2024,ETRIWH,PTFTW50T66,MINW,S_C2,_Z,YES,NO,32
FRA,2025,ETRIWH,PTFTW50T66,MINW,S_C2,_Z,YES,NO,32
DEU,2023,ETRIWH,PTFTW50T66,MINW,S_C2,_Z,YES,NO,25
DEU,2024,ETRIWH,PTFTW50T66,MINW,S_C2,_Z,YES,NO,25
DEU,2025,ETRIWH,PTFTW50T66,MINW,S_C2,_Z,YES,NO,26
NLD,2023,ETRIWH,PTFTW50T66,MINW,S_C2,_Z,YES,NO,56
NLD,2024,ETRIWH,PTFTW50T66,MINW,S_C2,_Z,YES,NO,66
POL,2023,ETRIWH,PTFTW50T66,MINW,S_C2,_Z,YES,NO,21
POL,2024,ETRIWH,PTFTW50T66,MINW,S_C2,_Z,YES,NO,42
POL,2025,ETRIWH,PTFTW50T66,MINW,S_C2,_Z,YES,NO,80
GBR,2023,ETRIWH,PTFTW50T66,MINW,S_C2,_Z,YES,NO,63
GBR,2024,ETRIWH,PTFTW50T66,MINW,S_C2,_Z,YES,NO,65
GBR,2025,ETRIWH,PTFTW50T66,MINW,S_C2,_Z,YES,NO,68
USA,2023,ETRIWH,PTFTW50T66,MINW,S_C2,_Z,YES,NO,13
USA,2024,ETRIWH,PTFTW50T66,MINW,S_C2,_Z,YES,NO,0
USA,2025,ETRIWH,PTFTW50T66,MINW,S_C2,_Z,YES,NO,-3
OECD,2023,ETRIWH,PTFTW50T66,MINW,S_C2,_Z,YES,NO,49
OECD,2024,ETRIWH,PTFTW50T66,MINW,S_C2,_Z,YES,NO,50
OECD,2025,ETRIWH,PTFTW50T66,MINW,S_C2,_Z,YES,NO,52
BEL,2023,ETRIWH,PTFTW50T66,MINW,S_C2,_Z,NO,YES,2
BEL,2024,ETRIWH,PTFTW50T66,MINW,S_C2,_Z,NO,YES,2
BEL,2025,ETRIWH,PTFTW50T66,MINW,S_C2,_Z,NO,YES,2
FRA,2023,ETRIWH,PTFTW50T66,MINW,S_C2,_Z,NO,YES,48
FRA,2024,ETRIWH,PTFTW50T66,MINW,S_C2,_Z,NO,YES,45
FRA,2025,ETRIWH,PTFTW50T66,MINW,S_C2,_Z,NO,YES,45
DEU,2023,ETRIWH,PTFTW50T66,MINW,S_C2,_Z,NO,YES,58
DEU,2024,ETRIWH,PTFTW50T66,MINW,S_C2,_Z,NO,YES,59
DEU,2025,ETRIWH,PTFTW50T66,MINW,S_C2,_Z,NO,YES,60
NLD,2023,ETRIWH,PTFTW50T66,MINW,S_C2,_Z,NO,YES,2
NLD,2024,ETRIWH,PTFTW50T66,MINW,S_C2,_Z,NO,YES,1
POL,2023,ETRIWH,PTFTW50T66,MINW,S_C2,_Z,NO,YES,32
POL,2024,ETRIWH,PTFTW50T66,MINW,S_C2,_Z,NO,YES,50
POL,2025,ETRIWH,PTFTW50T66,MINW,S_C2,_Z,NO,YES,73
GBR,2023,ETRIWH,PTFTW50T66,MINW,S_C2,_Z,NO,YES,63
GBR,2024,ETRIWH,PTFTW50T66,MINW,S_C2,_Z,NO,YES,65
GBR,2025,ETRIWH,PTFTW50T66,MINW,S_C2,_Z,NO,YES,68
USA,2023,ETRIWH,PTFTW50T66,MINW,S_C2,_Z,NO,YES,-47
USA,2024,ETRIWH,PTFTW50T66,MINW,S_C2,_Z,NO,YES,-57
USA,2025,ETRIWH,PTFTW50T66,MINW,S_C2,_Z,NO,YES,-57
OECD,2023,ETRIWH,PTFTW50T66,MINW,S_C2,_Z,NO,YES,27
OECD,2024,ETRIWH,PTFTW50T66,MINW,S_C2,_Z,NO,YES,26
OECD,2025,ETRIWH,PTFTW50T66,MINW,S_C2,_Z,NO,YES,27
BEL,2023,ETRIWH,PTFTW50T66,MINW,S_C2,_Z,NO,NO,2
BEL,2024,ETRIWH,PTFTW50T66,MINW,S_C2,_Z,NO,NO,2
BEL,2025,ETRIWH,PTFTW50T66,MINW,S_C2,_Z,NO,NO,2
FRA,2023,ETRIWH,PTFTW50T66,MINW,S_C2,_Z,NO,NO,32
FRA,2024,ETRIWH,PTFTW50T66,MINW,S_C2,_Z,NO,NO,32
FRA,2025,ETRIWH,PTFTW50T66,MINW,S_C2,_Z,NO,NO,32
DEU,2023,ETRIWH,PTFTW50T66,MINW,S_C2,_Z,NO,NO,25
DEU,2024,ETRIWH,PTFTW50T66,MINW,S_C2,_Z,NO,NO,25
DEU,2025,ETRIWH,PTFTW50T66,MINW,S_C2,_Z,NO,NO,26
NLD,2023,ETRIWH,PTFTW50T66,MINW,S_C2,_Z,NO,NO,2
NLD,2024,ETRIWH,PTFTW50T66,MINW,S_C2,_Z,NO,NO,1
POL,2023,ETRIWH,PTFTW50T66,MINW,S_C2,_Z,NO,NO,21
POL,2024,ETRIWH,PTFTW50T66,MINW,S_C2,_Z,NO,NO,42
POL,2025,ETRIWH,PTFTW50T66,MINW,S_C2,_Z,NO,NO,68
GBR,2023,ETRIWH,PTFTW50T66,MINW,S_C2,_Z,NO,NO,63
GBR,2024,ETRIWH,PTFTW50T66,MINW,S_C2,_Z,NO,NO,65
GBR,2025,ETRIWH,PTFTW50T66,MINW,S_C2,_Z,NO,NO,68
USA,2023,ETRIWH,PTFTW50T66,MINW,S_C2,_Z,NO,NO,-47
USA,2024,ETRIWH,PTFTW50T66,MINW,S_C2,_Z,NO,NO,-57
USA,2025,ETRIWH,PTFTW50T66,MINW,S_C2,_Z,NO,NO,-57
OECD,2023,ETRIWH,PTFTW50T66,MINW,S_C2,_Z,NO,NO,24
OECD,2025,ETRIWH,PTFTW50T66,MINW,S_C2,_Z,NO,NO,23
ESP,2023,ETRIWH,PTFTW50T66,MINW,S_C2,_Z,NO,YES,0
ESP,2023,ETRIWH,PTFTW50T66,MINW,S_C2,_Z,NO,NO,0
ESP,2024,ETRIWH,PTFTW50T66,MINW,S_C2,_Z,NO,NO,0
ESP,2024,ETRIWH,PTFTW50T66,MINW,S_C2,_Z,NO,YES,0
ESP,2025,ETRIWH,PTFTW50T66,MINW,S_C2,_Z,NO,YES,0
ESP,2025,ETRIWH,PTFTW50T66,MINW,S_C2,_Z,NO,NO,0
OECD,2024,ETRIWH,PTFTW50T66,MINW,S_C2,_Z,NO,NO,22
BEL,2023,ETRIWH,PTFTW50T66,MINW,S_C2,_Z,YES,NO,100
BEL,2023,ETRIWH,PTFTW50T66,MINW,S_C2,_Z,YES,YES,100
BEL,2024,ETRIWH,PTFTW50T66,MINW,S_C2,_Z,YES,YES,100
BEL,2024,ETRIWH,PTFTW50T66,MINW,S_C2,_Z,YES,NO,100
BEL,2025,ETRIWH,PTFTW50T66,MINW,S_C2,_Z,YES,NO,100
BEL,2025,ETRIWH,PTFTW50T66,MINW,S_C2,_Z,YES,YES,100
ESP,2023,ETRIWH,PTFTW50T66,MINW,S_C2,_Z,YES,NO,100
ESP,2023,ETRIWH,PTFTW50T66,MINW,S_C2,_Z,YES,YES,100
ESP,2024,ETRIWH,PTFTW50T66,MINW,S_C2,_Z,YES,YES,100
ESP,2024,ETRIWH,PTFTW50T66,MINW,S_C2,_Z,YES,NO,100
ESP,2025,ETRIWH,PTFTW50T66,MINW,S_C2,_Z,YES,NO,100
ESP,2025,ETRIWH,PTFTW50T66,MINW,S_C2,_Z,YES,YES,100
BEL,2023,ETRIWH,PTFTW67T100,MINW,S_C2,_Z,NO,NO,16
BEL,2024,ETRIWH,PTFTW67T100,MINW,S_C2,_Z,NO,NO,16
BEL,2025,ETRIWH,PTFTW67T100,MINW,S_C2,_Z,NO,NO,16
FRA,2023,ETRIWH,PTFTW67T100,MINW,S_C2,_Z,NO,NO,32
FRA,2024,ETRIWH,PTFTW67T100,MINW,S_C2,_Z,NO,NO,32
FRA,2025,ETRIWH,PTFTW67T100,MINW,S_C2,_Z,NO,NO,32
DEU,2023,ETRIWH,PTFTW67T100,MINW,S_C2,_Z,NO,NO,32
DEU,2024,ETRIWH,PTFTW67T100,MINW,S_C2,_Z,NO,NO,31
DEU,2025,ETRIWH,PTFTW67T100,MINW,S_C2,_Z,NO,NO,32
NLD,2023,ETRIWH,PTFTW67T100,MINW,S_C2,_Z,NO,NO,8
NLD,2024,ETRIWH,PTFTW67T100,MINW,S_C2,_Z,NO,NO,8
POL,2023,ETRIWH,PTFTW67T100,MINW,S_C2,_Z,NO,NO,74
POL,2024,ETRIWH,PTFTW67T100,MINW,S_C2,_Z,NO,NO,54
POL,2025,ETRIWH,PTFTW67T100,MINW,S_C2,_Z,NO,NO,37
ESP,2023,ETRIWH,PTFTW67T100,MINW,S_C2,_Z,NO,NO,0
ESP,2024,ETRIWH,PTFTW67T100,MINW,S_C2,_Z,NO,NO,0
ESP,2025,ETRIWH,PTFTW67T100,MINW,S_C2,_Z,NO,NO,0
GBR,2023,ETRIWH,PTFTW67T100,MINW,S_C2,_Z,NO,NO,69
GBR,2024,ETRIWH,PTFTW67T100,MINW,S_C2,_Z,NO,NO,68
GBR,2025,ETRIWH,PTFTW67T100,MINW,S_C2,_Z,NO,NO,68
USA,2023,ETRIWH,PTFTW67T100,MINW,S_C2,_Z,NO,NO,-17
USA,2024,ETRIWH,PTFTW67T100,MINW,S_C2,_Z,NO,NO,-24
USA,2025,ETRIWH,PTFTW67T100,MINW,S_C2,_Z,NO,NO,-25
OECD,2023,ETRIWH,PTFTW67T100,MINW,S_C2,_Z,NO,NO,27
OECD,2024,ETRIWH,PTFTW67T100,MINW,S_C2,_Z,NO,NO,26
OECD,2025,ETRIWH,PTFTW67T100,MINW,S_C2,_Z,NO,NO,27
BEL,2023,ETRIWH,PTFTW67T100,MINW,S_C2,_Z,NO,YES,16
BEL,2024,ETRIWH,PTFTW67T100,MINW,S_C2,_Z,NO,YES,16
BEL,2025,ETRIWH,PTFTW67T100,MINW,S_C2,_Z,NO,YES,16
FRA,2023,ETRIWH,PTFTW67T100,MINW,S_C2,_Z,NO,YES,56
FRA,2024,ETRIWH,PTFTW67T100,MINW,S_C2,_Z,NO,YES,56
FRA,2025,ETRIWH,PTFTW67T100,MINW,S_C2,_Z,NO,YES,56
DEU,2023,ETRIWH,PTFTW67T100,MINW,S_C2,_Z,NO,YES,55
DEU,2024,ETRIWH,PTFTW67T100,MINW,S_C2,_Z,NO,YES,54
DEU,2025,ETRIWH,PTFTW67T100,MINW,S_C2,_Z,NO,YES,54
NLD,2023,ETRIWH,PTFTW67T100,MINW,S_C2,_Z,NO,YES,8
NLD,2024,ETRIWH,PTFTW67T100,MINW,S_C2,_Z,NO,YES,8
POL,2023,ETRIWH,PTFTW67T100,MINW,S_C2,_Z,NO,YES,78
POL,2024,ETRIWH,PTFTW67T100,MINW,S_C2,_Z,NO,YES,61
POL,2025,ETRIWH,PTFTW67T100,MINW,S_C2,_Z,NO,YES,45
ESP,2023,ETRIWH,PTFTW67T100,MINW,S_C2,_Z,NO,YES,1
ESP,2024,ETRIWH,PTFTW67T100,MINW,S_C2,_Z,NO,YES,7
ESP,2025,ETRIWH,PTFTW67T100,MINW,S_C2,_Z,NO,YES,12
GBR,2023,ETRIWH,PTFTW67T100,MINW,S_C2,_Z,NO,YES,69
GBR,2024,ETRIWH,PTFTW67T100,MINW,S_C2,_Z,NO,YES,68
GBR,2025,ETRIWH,PTFTW67T100,MINW,S_C2,_Z,NO,YES,68
USA,2023,ETRIWH,PTFTW67T100,MINW,S_C2,_Z,NO,YES,-17
USA,2024,ETRIWH,PTFTW67T100,MINW,S_C2,_Z,NO,YES,-24
USA,2025,ETRIWH,PTFTW67T100,MINW,S_C2,_Z,NO,YES,-25
OECD,2023,ETRIWH,PTFTW67T100,MINW,S_C2,_Z,NO,YES,30
OECD,2024,ETRIWH,PTFTW67T100,MINW,S_C2,_Z,NO,YES,31
OECD,2025,ETRIWH,PTFTW67T100,MINW,S_C2,_Z,NO,YES,33
BEL,2023,ETRIWH,PTFTW67T100,MINW,S_C2,_Z,YES,NO,64
BEL,2024,ETRIWH,PTFTW67T100,MINW,S_C2,_Z,YES,NO,80
BEL,2025,ETRIWH,PTFTW67T100,MINW,S_C2,_Z,YES,NO,80
FRA,2023,ETRIWH,PTFTW67T100,MINW,S_C2,_Z,YES,NO,32
FRA,2024,ETRIWH,PTFTW67T100,MINW,S_C2,_Z,YES,NO,32
FRA,2025,ETRIWH,PTFTW67T100,MINW,S_C2,_Z,YES,NO,32
DEU,2023,ETRIWH,PTFTW67T100,MINW,S_C2,_Z,YES,NO,40
DEU,2024,ETRIWH,PTFTW67T100,MINW,S_C2,_Z,YES,NO,35
DEU,2025,ETRIWH,PTFTW67T100,MINW,S_C2,_Z,YES,NO,38
NLD,2023,ETRIWH,PTFTW67T100,MINW,S_C2,_Z,YES,NO,8
NLD,2024,ETRIWH,PTFTW67T100,MINW,S_C2,_Z,YES,NO,8
POL,2023,ETRIWH,PTFTW67T100,MINW,S_C2,_Z,YES,NO,74
POL,2024,ETRIWH,PTFTW67T100,MINW,S_C2,_Z,YES,NO,54
POL,2025,ETRIWH,PTFTW67T100,MINW,S_C2,_Z,YES,NO,37
ESP,2023,ETRIWH,PTFTW67T100,MINW,S_C2,_Z,YES,NO,44
ESP,2024,ETRIWH,PTFTW67T100,MINW,S_C2,_Z,YES,NO,49
ESP,2025,ETRIWH,PTFTW67T100,MINW,S_C2,_Z,YES,NO,60
GBR,2023,ETRIWH,PTFTW67T100,MINW,S_C2,_Z,YES,NO,69
GBR,2024,ETRIWH,PTFTW67T100,MINW,S_C2,_Z,YES,NO,68
GBR,2025,ETRIWH,PTFTW67T100,MINW,S_C2,_Z,YES,NO,68
USA,2023,ETRIWH,PTFTW67T100,MINW,S_C2,_Z,YES,NO,7
USA,2024,ETRIWH,PTFTW67T100,MINW,S_C2,_Z,YES,NO,0
USA,2025,ETRIWH,PTFTW67T100,MINW,S_C2,_Z,YES,NO,-1
OECD,2023,ETRIWH,PTFTW67T100,MINW,S_C2,_Z,YES,NO,45
OECD,2024,ETRIWH,PTFTW67T100,MINW,S_C2,_Z,YES,NO,44
OECD,2025,ETRIWH,PTFTW67T100,MINW,S_C2,_Z,YES,NO,44
BEL,2023,ETRIWH,PTFTW67T100,MINW,S_C2,_Z,YES,YES,64
BEL,2024,ETRIWH,PTFTW67T100,MINW,S_C2,_Z,YES,YES,80
BEL,2025,ETRIWH,PTFTW67T100,MINW,S_C2,_Z,YES,YES,80
FRA,2023,ETRIWH,PTFTW67T100,MINW,S_C2,_Z,YES,YES,56
FRA,2024,ETRIWH,PTFTW67T100,MINW,S_C2,_Z,YES,YES,56
FRA,2025,ETRIWH,PTFTW67T100,MINW,S_C2,_Z,YES,YES,56
DEU,2023,ETRIWH,PTFTW67T100,MINW,S_C2,_Z,YES,YES,63
DEU,2024,ETRIWH,PTFTW67T100,MINW,S_C2,_Z,YES,YES,57
DEU,2025,ETRIWH,PTFTW67T100,MINW,S_C2,_Z,YES,YES,60
NLD,2023,ETRIWH,PTFTW67T100,MINW,S_C2,_Z,YES,YES,8
NLD,2024,ETRIWH,PTFTW67T100,MINW,S_C2,_Z,YES,YES,8
POL,2023,ETRIWH,PTFTW67T100,MINW,S_C2,_Z,YES,YES,78
POL,2024,ETRIWH,PTFTW67T100,MINW,S_C2,_Z,YES,YES,61
POL,2025,ETRIWH,PTFTW67T100,MINW,S_C2,_Z,YES,YES,45
ESP,2023,ETRIWH,PTFTW67T100,MINW,S_C2,_Z,YES,YES,46
ESP,2024,ETRIWH,PTFTW67T100,MINW,S_C2,_Z,YES,YES,56
ESP,2025,ETRIWH,PTFTW67T100,MINW,S_C2,_Z,YES,YES,72
GBR,2023,ETRIWH,PTFTW67T100,MINW,S_C2,_Z,YES,YES,69
GBR,2024,ETRIWH,PTFTW67T100,MINW,S_C2,_Z,YES,YES,68
GBR,2025,ETRIWH,PTFTW67T100,MINW,S_C2,_Z,YES,YES,68
USA,2023,ETRIWH,PTFTW67T100,MINW,S_C2,_Z,YES,YES,12
USA,2024,ETRIWH,PTFTW67T100,MINW,S_C2,_Z,YES,YES,6
USA,2025,ETRIWH,PTFTW67T100,MINW,S_C2,_Z,YES,YES,5
OECD,2023,ETRIWH,PTFTW67T100,MINW,S_C2,_Z,YES,YES,50
OECD,2024,ETRIWH,PTFTW67T100,MINW,S_C2,_Z,YES,YES,50
OECD,2025,ETRIWH,PTFTW67T100,MINW,S_C2,_Z,YES,YES,52
BEL,2023,ETRIWH,PTFTW50T100,MINW,S_C2,_Z,YES,NO,76
BEL,2024,ETRIWH,PTFTW50T100,MINW,S_C2,_Z,YES,NO,87
BEL,2025,ETRIWH,PTFTW50T100,MINW,S_C2,_Z,YES,NO,87
FRA,2023,ETRIWH,PTFTW50T100,MINW,S_C2,_Z,YES,NO,32
FRA,2024,ETRIWH,PTFTW50T100,MINW,S_C2,_Z,YES,NO,32
FRA,2025,ETRIWH,PTFTW50T100,MINW,S_C2,_Z,YES,NO,32
DEU,2023,ETRIWH,PTFTW50T100,MINW,S_C2,_Z,YES,NO,35
DEU,2024,ETRIWH,PTFTW50T100,MINW,S_C2,_Z,YES,NO,31
DEU,2025,ETRIWH,PTFTW50T100,MINW,S_C2,_Z,YES,NO,34
NLD,2023,ETRIWH,PTFTW50T100,MINW,S_C2,_Z,YES,NO,24
NLD,2024,ETRIWH,PTFTW50T100,MINW,S_C2,_Z,YES,NO,28
POL,2023,ETRIWH,PTFTW50T100,MINW,S_C2,_Z,YES,NO,56
POL,2024,ETRIWH,PTFTW50T100,MINW,S_C2,_Z,YES,NO,50
POL,2025,ETRIWH,PTFTW50T100,MINW,S_C2,_Z,YES,NO,52
ESP,2023,ETRIWH,PTFTW50T100,MINW,S_C2,_Z,YES,NO,63
ESP,2024,ETRIWH,PTFTW50T100,MINW,S_C2,_Z,YES,NO,66
ESP,2025,ETRIWH,PTFTW50T100,MINW,S_C2,_Z,YES,NO,74
GBR,2023,ETRIWH,PTFTW50T100,MINW,S_C2,_Z,YES,NO,67
GBR,2024,ETRIWH,PTFTW50T100,MINW,S_C2,_Z,YES,NO,67
GBR,2025,ETRIWH,PTFTW50T100,MINW,S_C2,_Z,YES,NO,68
USA,2023,ETRIWH,PTFTW50T100,MINW,S_C2,_Z,YES,NO,9
USA,2024,ETRIWH,PTFTW50T100,MINW,S_C2,_Z,YES,NO,0
USA,2025,ETRIWH,PTFTW50T100,MINW,S_C2,_Z,YES,NO,-1
OECD,2023,ETRIWH,PTFTW50T100,MINW,S_C2,_Z,YES,NO,46
OECD,2024,ETRIWH,PTFTW50T100,MINW,S_C2,_Z,YES,NO,46
OECD,2025,ETRIWH,PTFTW50T100,MINW,S_C2,_Z,YES,NO,47
BEL,2023,ETRIWH,PTFTW50T100,MINW,S_C2,_Z,YES,YES,76
BEL,2024,ETRIWH,PTFTW50T100,MINW,S_C2,_Z,YES,YES,87
BEL,2025,ETRIWH,PTFTW50T100,MINW,S_C2,_Z,YES,YES,87
FRA,2023,ETRIWH,PTFTW50T100,MINW,S_C2,_Z,YES,YES,53
FRA,2024,ETRIWH,PTFTW50T100,MINW,S_C2,_Z,YES,YES,53
FRA,2025,ETRIWH,PTFTW50T100,MINW,S_C2,_Z,YES,YES,52
DEU,2023,ETRIWH,PTFTW50T100,MINW,S_C2,_Z,YES,YES,61
DEU,2024,ETRIWH,PTFTW50T100,MINW,S_C2,_Z,YES,YES,58
DEU,2025,ETRIWH,PTFTW50T100,MINW,S_C2,_Z,YES,YES,60
NLD,2023,ETRIWH,PTFTW50T100,MINW,S_C2,_Z,YES,YES,24
NLD,2024,ETRIWH,PTFTW50T100,MINW,S_C2,_Z,YES,YES,28
POL,2023,ETRIWH,PTFTW50T100,MINW,S_C2,_Z,YES,YES,62
POL,2024,ETRIWH,PTFTW50T100,MINW,S_C2,_Z,YES,YES,57
POL,2025,ETRIWH,PTFTW50T100,MINW,S_C2,_Z,YES,YES,55
ESP,2023,ETRIWH,PTFTW50T100,MINW,S_C2,_Z,YES,YES,64
ESP,2024,ETRIWH,PTFTW50T100,MINW,S_C2,_Z,YES,YES,71
ESP,2025,ETRIWH,PTFTW50T100,MINW,S_C2,_Z,YES,YES,81
GBR,2023,ETRIWH,PTFTW50T100,MINW,S_C2,_Z,YES,YES,67
GBR,2024,ETRIWH,PTFTW50T100,MINW,S_C2,_Z,YES,YES,67
GBR,2025,ETRIWH,PTFTW50T100,MINW,S_C2,_Z,YES,YES,68
USA,2023,ETRIWH,PTFTW50T100,MINW,S_C2,_Z,YES,YES,12
USA,2024,ETRIWH,PTFTW50T100,MINW,S_C2,_Z,YES,YES,3
USA,2025,ETRIWH,PTFTW50T100,MINW,S_C2,_Z,YES,YES,1
OECD,2023,ETRIWH,PTFTW50T100,MINW,S_C2,_Z,YES,YES,52
OECD,2024,ETRIWH,PTFTW50T100,MINW,S_C2,_Z,YES,YES,51
OECD,2025,ETRIWH,PTFTW50T100,MINW,S_C2,_Z,YES,YES,53
FRA,2023,ETRIWH,PTFTW50T100,MINW,S_C2,_Z,NO,NO,32
FRA,2024,ETRIWH,PTFTW50T100,MINW,S_C2,_Z,NO,NO,32
FRA,2025,ETRIWH,PTFTW50T100,MINW,S_C2,_Z,NO,NO,32
DEU,2023,ETRIWH,PTFTW50T100,MINW,S_C2,_Z,NO,NO,29
DEU,2024,ETRIWH,PTFTW50T100,MINW,S_C2,_Z,NO,NO,29
DEU,2025,ETRIWH,PTFTW50T100,MINW,S_C2,_Z,NO,NO,30
NLD,2023,ETRIWH,PTFTW50T100,MINW,S_C2,_Z,NO,NO,6
NLD,2024,ETRIWH,PTFTW50T100,MINW,S_C2,_Z,NO,NO,6
POL,2023,ETRIWH,PTFTW50T100,MINW,S_C2,_Z,NO,NO,56
POL,2024,ETRIWH,PTFTW50T100,MINW,S_C2,_Z,NO,NO,50
POL,2025,ETRIWH,PTFTW50T100,MINW,S_C2,_Z,NO,NO,47
ESP,2023,ETRIWH,PTFTW50T100,MINW,S_C2,_Z,NO,NO,0
ESP,2024,ETRIWH,PTFTW50T100,MINW,S_C2,_Z,NO,NO,0
ESP,2025,ETRIWH,PTFTW50T100,MINW,S_C2,_Z,NO,NO,0
GBR,2023,ETRIWH,PTFTW50T100,MINW,S_C2,_Z,NO,NO,67
GBR,2024,ETRIWH,PTFTW50T100,MINW,S_C2,_Z,NO,NO,67
GBR,2025,ETRIWH,PTFTW50T100,MINW,S_C2,_Z,NO,NO,68
USA,2023,ETRIWH,PTFTW50T100,MINW,S_C2,_Z,NO,NO,-27
USA,2024,ETRIWH,PTFTW50T100,MINW,S_C2,_Z,NO,NO,-35
USA,2025,ETRIWH,PTFTW50T100,MINW,S_C2,_Z,NO,NO,-36
OECD,2023,ETRIWH,PTFTW50T100,MINW,S_C2,_Z,NO,NO,26
OECD,2024,ETRIWH,PTFTW50T100,MINW,S_C2,_Z,NO,NO,24
OECD,2025,ETRIWH,PTFTW50T100,MINW,S_C2,_Z,NO,NO,26
FRA,2023,ETRIWH,PTFTW50T100,MINW,S_C2,_Z,NO,YES,53
FRA,2024,ETRIWH,PTFTW50T100,MINW,S_C2,_Z,NO,YES,53
FRA,2025,ETRIWH,PTFTW50T100,MINW,S_C2,_Z,NO,YES,52
DEU,2023,ETRIWH,PTFTW50T100,MINW,S_C2,_Z,NO,YES,56
DEU,2024,ETRIWH,PTFTW50T100,MINW,S_C2,_Z,NO,YES,56
DEU,2025,ETRIWH,PTFTW50T100,MINW,S_C2,_Z,NO,YES,56
NLD,2023,ETRIWH,PTFTW50T100,MINW,S_C2,_Z,NO,YES,6
NLD,2024,ETRIWH,PTFTW50T100,MINW,S_C2,_Z,NO,YES,6
POL,2023,ETRIWH,PTFTW50T100,MINW,S_C2,_Z,NO,YES,62
POL,2024,ETRIWH,PTFTW50T100,MINW,S_C2,_Z,NO,YES,57
POL,2025,ETRIWH,PTFTW50T100,MINW,S_C2,_Z,NO,YES,55
ESP,2023,ETRIWH,PTFTW50T100,MINW,S_C2,_Z,NO,YES,1
ESP,2024,ETRIWH,PTFTW50T100,MINW,S_C2,_Z,NO,YES,5
ESP,2025,ETRIWH,PTFTW50T100,MINW,S_C2,_Z,NO,YES,8
GBR,2023,ETRIWH,PTFTW50T100,MINW,S_C2,_Z,NO,YES,67
GBR,2024,ETRIWH,PTFTW50T100,MINW,S_C2,_Z,NO,YES,67
GBR,2025,ETRIWH,PTFTW50T100,MINW,S_C2,_Z,NO,YES,68
USA,2023,ETRIWH,PTFTW50T100,MINW,S_C2,_Z,NO,YES,-27
USA,2024,ETRIWH,PTFTW50T100,MINW,S_C2,_Z,NO,YES,-35
USA,2025,ETRIWH,PTFTW50T100,MINW,S_C2,_Z,NO,YES,-36
OECD,2023,ETRIWH,PTFTW50T100,MINW,S_C2,_Z,NO,YES,29
OECD,2024,ETRIWH,PTFTW50T100,MINW,S_C2,_Z,NO,YES,29
OECD,2025,ETRIWH,PTFTW50T100,MINW,S_C2,_Z,NO,YES,31
BEL,2023,ETRIWH,PTFTW50T100,MINW,S_C2,_Z,NO,NO,11
BEL,2023,ETRIWH,PTFTW50T100,MINW,S_C2,_Z,NO,YES,11
BEL,2024,ETRIWH,PTFTW50T100,MINW,S_C2,_Z,NO,YES,11
BEL,2024,ETRIWH,PTFTW50T100,MINW,S_C2,_Z,NO,NO,11
BEL,2025,ETRIWH,PTFTW50T100,MINW,S_C2,_Z,NO,NO,11
BEL,2025,ETRIWH,PTFTW50T100,MINW,S_C2,_Z,NO,YES,11
OECD,2024,ETRIWH,PTFTW33T67,MINW,S_C2,_Z,NO,NO,11
NLD,2024,ETRIWH,PTFTW33T67,MINW,S_C2,_Z,NO,YES,0
NLD,2024,ETRIWH,PTFTW33T67,MINW,S_C2,_Z,NO,NO,0
ESP,2023,ETRIWH,PTFTW33T67,MINW,S_C2,_Z,NO,YES,0
ESP,2023,ETRIWH,PTFTW33T67,MINW,S_C2,_Z,NO,NO,0
ESP,2024,ETRIWH,PTFTW33T67,MINW,S_C2,_Z,NO,NO,0
ESP,2024,ETRIWH,PTFTW33T67,MINW,S_C2,_Z,NO,YES,0
ESP,2025,ETRIWH,PTFTW33T67,MINW,S_C2,_Z,NO,YES,0
ESP,2025,ETRIWH,PTFTW33T67,MINW,S_C2,_Z,NO,NO,0
BEL,2023,ETRIWH,PTFTW33T67,MINW,S_C2,_Z,NO,NO,2
BEL,2024,ETRIWH,PTFTW33T67,MINW,S_C2,_Z,NO,NO,2
BEL,2025,ETRIWH,PTFTW33T67,MINW,S_C2,_Z,NO,NO,2
FRA,2023,ETRIWH,PTFTW33T67,MINW,S_C2,_Z,NO,NO,41
FRA,2024,ETRIWH,PTFTW33T67,MINW,S_C2,_Z,NO,NO,42
FRA,2025,ETRIWH,PTFTW33T67,MINW,S_C2,_Z,NO,NO,41
DEU,2023,ETRIWH,PTFTW33T67,MINW,S_C2,_Z,NO,NO,25
DEU,2024,ETRIWH,PTFTW33T67,MINW,S_C2,_Z,NO,NO,25
DEU,2025,ETRIWH,PTFTW33T67,MINW,S_C2,_Z,NO,NO,26
NLD,2023,ETRIWH,PTFTW33T67,MINW,S_C2,_Z,NO,NO,1
POL,2023,ETRIWH,PTFTW33T67,MINW,S_C2,_Z,NO,NO,21
POL,2024,ETRIWH,PTFTW33T67,MINW,S_C2,_Z,NO,NO,32
POL,2025,ETRIWH,PTFTW33T67,MINW,S_C2,_Z,NO,NO,45
GBR,2023,ETRIWH,PTFTW33T67,MINW,S_C2,_Z,NO,NO,59
GBR,2024,ETRIWH,PTFTW33T67,MINW,S_C2,_Z,NO,NO,59
GBR,2025,ETRIWH,PTFTW33T67,MINW,S_C2,_Z,NO,NO,61
USA,2023,ETRIWH,PTFTW33T67,MINW,S_C2,_Z,NO,NO,-47
USA,2024,ETRIWH,PTFTW33T67,MINW,S_C2,_Z,NO,NO,-57
USA,2025,ETRIWH,PTFTW33T67,MINW,S_C2,_Z,NO,NO,-57
OECD,2023,ETRIWH,PTFTW33T67,MINW,S_C2,_Z,NO,NO,12
OECD,2025,ETRIWH,PTFTW33T67,MINW,S_C2,_Z,NO,NO,12
BEL,2023,ETRIWH,PTFTW33T67,MINW,S_C2,_Z,NO,YES,2
BEL,2024,ETRIWH,PTFTW33T67,MINW,S_C2,_Z,NO,YES,2
BEL,2025,ETRIWH,PTFTW33T67,MINW,S_C2,_Z,NO,YES,2
FRA,2023,ETRIWH,PTFTW33T67,MINW,S_C2,_Z,NO,YES,49
FRA,2024,ETRIWH,PTFTW33T67,MINW,S_C2,_Z,NO,YES,48
FRA,2025,ETRIWH,PTFTW33T67,MINW,S_C2,_Z,NO,YES,48
DEU,2023,ETRIWH,PTFTW33T67,MINW,S_C2,_Z,NO,YES,57
DEU,2024,ETRIWH,PTFTW33T67,MINW,S_C2,_Z,NO,YES,58
DEU,2025,ETRIWH,PTFTW33T67,MINW,S_C2,_Z,NO,YES,59
NLD,2023,ETRIWH,PTFTW33T67,MINW,S_C2,_Z,NO,YES,1
POL,2023,ETRIWH,PTFTW33T67,MINW,S_C2,_Z,NO,YES,32
POL,2024,ETRIWH,PTFTW33T67,MINW,S_C2,_Z,NO,YES,41
POL,2025,ETRIWH,PTFTW33T67,MINW,S_C2,_Z,NO,YES,52
GBR,2023,ETRIWH,PTFTW33T67,MINW,S_C2,_Z,NO,YES,59
GBR,2024,ETRIWH,PTFTW33T67,MINW,S_C2,_Z,NO,YES,60
GBR,2025,ETRIWH,PTFTW33T67,MINW,S_C2,_Z,NO,YES,61
USA,2023,ETRIWH,PTFTW33T67,MINW,S_C2,_Z,NO,YES,-47
USA,2024,ETRIWH,PTFTW33T67,MINW,S_C2,_Z,NO,YES,-57
USA,2025,ETRIWH,PTFTW33T67,MINW,S_C2,_Z,NO,YES,-57
OECD,2023,ETRIWH,PTFTW33T67,MINW,S_C2,_Z,NO,YES,15
OECD,2024,ETRIWH,PTFTW33T67,MINW,S_C2,_Z,NO,YES,15
OECD,2025,ETRIWH,PTFTW33T67,MINW,S_C2,_Z,NO,YES,15
FRA,2023,ETRIWH,PTFTW33T67,MINW,S_C2,_Z,YES,YES,49
FRA,2024,ETRIWH,PTFTW33T67,MINW,S_C2,_Z,YES,YES,48
FRA,2025,ETRIWH,PTFTW33T67,MINW,S_C2,_Z,YES,YES,48
DEU,2023,ETRIWH,PTFTW33T67,MINW,S_C2,_Z,YES,YES,57
DEU,2024,ETRIWH,PTFTW33T67,MINW,S_C2,_Z,YES,YES,58
DEU,2025,ETRIWH,PTFTW33T67,MINW,S_C2,_Z,YES,YES,59
NLD,2023,ETRIWH,PTFTW33T67,MINW,S_C2,_Z,YES,YES,73
NLD,2024,ETRIWH,PTFTW33T67,MINW,S_C2,_Z,YES,YES,78
POL,2023,ETRIWH,PTFTW33T67,MINW,S_C2,_Z,YES,YES,32
POL,2024,ETRIWH,PTFTW33T67,MINW,S_C2,_Z,YES,YES,41
POL,2025,ETRIWH,PTFTW33T67,MINW,S_C2,_Z,YES,YES,52
GBR,2023,ETRIWH,PTFTW33T67,MINW,S_C2,_Z,YES,YES,59
GBR,2024,ETRIWH,PTFTW33T67,MINW,S_C2,_Z,YES,YES,60
GBR,2025,ETRIWH,PTFTW33T67,MINW,S_C2,_Z,YES,YES,61
USA,2023,ETRIWH,PTFTW33T67,MINW,S_C2,_Z,YES,YES,10
USA,2024,ETRIWH,PTFTW33T67,MINW,S_C2,_Z,YES,YES,-4
USA,2025,ETRIWH,PTFTW33T67,MINW,S_C2,_Z,YES,YES,-7
OECD,2023,ETRIWH,PTFTW33T67,MINW,S_C2,_Z,YES,YES,56
OECD,2024,ETRIWH,PTFTW33T67,MINW,S_C2,_Z,YES,YES,54
OECD,2025,ETRIWH,PTFTW33T67,MINW,S_C2,_Z,YES,YES,52
FRA,2023,ETRIWH,PTFTW33T67,MINW,S_C2,_Z,YES,NO,41
FRA,2024,ETRIWH,PTFTW33T67,MINW,S_C2,_Z,YES,NO,42
FRA,2025,ETRIWH,PTFTW33T67,MINW,S_C2,_Z,YES,NO,41
DEU,2023,ETRIWH,PTFTW33T67,MINW,S_C2,_Z,YES,NO,25
DEU,2024,ETRIWH,PTFTW33T67,MINW,S_C2,_Z,YES,NO,25
DEU,2025,ETRIWH,PTFTW33T67,MINW,S_C2,_Z,YES,NO,26
NLD,2023,ETRIWH,PTFTW33T67,MINW,S_C2,_Z,YES,NO,73
NLD,2024,ETRIWH,PTFTW33T67,MINW,S_C2,_Z,YES,NO,78
POL,2023,ETRIWH,PTFTW33T67,MINW,S_C2,_Z,YES,NO,51
POL,2024,ETRIWH,PTFTW33T67,MINW,S_C2,_Z,YES,NO,43
POL,2025,ETRIWH,PTFTW33T67,MINW,S_C2,_Z,YES,NO,90
GBR,2023,ETRIWH,PTFTW33T67,MINW,S_C2,_Z,YES,NO,59
GBR,2024,ETRIWH,PTFTW33T67,MINW,S_C2,_Z,YES,NO,59
GBR,2025,ETRIWH,PTFTW33T67,MINW,S_C2,_Z,YES,NO,61
USA,2023,ETRIWH,PTFTW33T67,MINW,S_C2,_Z,YES,NO,12
USA,2024,ETRIWH,PTFTW33T67,MINW,S_C2,_Z,YES,NO,1
USA,2025,ETRIWH,PTFTW33T67,MINW,S_C2,_Z,YES,NO,0
OECD,2023,ETRIWH,PTFTW33T67,MINW,S_C2,_Z,YES,NO,50
OECD,2024,ETRIWH,PTFTW33T67,MINW,S_C2,_Z,YES,NO,47
OECD,2025,ETRIWH,PTFTW33T67,MINW,S_C2,_Z,YES,NO,47
BEL,2023,ETRIWH,PTFTW33T67,MINW,S_C2,_Z,YES,YES,100
BEL,2023,ETRIWH,PTFTW33T67,MINW,S_C2,_Z,YES,NO,100
BEL,2024,ETRIWH,PTFTW33T67,MINW,S_C2,_Z,YES,NO,100
BEL,2024,ETRIWH,PTFTW33T67,MINW,S_C2,_Z,YES,YES,100
BEL,2025,ETRIWH,PTFTW33T67,MINW,S_C2,_Z,YES,YES,100
BEL,2025,ETRIWH,PTFTW33T67,MINW,S_C2,_Z,YES,NO,100
ESP,2023,ETRIWH,PTFTW33T67,MINW,S_C2,_Z,YES,NO,100
ESP,2023,ETRIWH,PTFTW33T67,MINW,S_C2,_Z,YES,YES,100
ESP,2024,ETRIWH,PTFTW33T67,MINW,S_C2,_Z,YES,YES,100
ESP,2024,ETRIWH,PTFTW33T67,MINW,S_C2,_Z,YES,NO,100
ESP,2025,ETRIWH,PTFTW33T67,MINW,S_C2,_Z,YES,NO,100
ESP,2025,ETRIWH,PTFTW33T67,MINW,S_C2,_Z,YES,YES,100
BEL,2023,ETRIWH,PTFTW50T100,MINW,S_C0,_Z,YES,YES,42
BEL,2024,ETRIWH,PTFTW50T100,MINW,S_C0,_Z,YES,YES,51
BEL,2025,ETRIWH,PTFTW50T100,MINW,S_C0,_Z,YES,YES,51
FRA,2023,ETRIWH,PTFTW50T100,MINW,S_C0,_Z,YES,YES,47
FRA,2024,ETRIWH,PTFTW50T100,MINW,S_C0,_Z,YES,YES,48
FRA,2025,ETRIWH,PTFTW50T100,MINW,S_C0,_Z,YES,YES,48
DEU,2023,ETRIWH,PTFTW50T100,MINW,S_C0,_Z,YES,YES,78
DEU,2024,ETRIWH,PTFTW50T100,MINW,S_C0,_Z,YES,YES,84
DEU,2025,ETRIWH,PTFTW50T100,MINW,S_C0,_Z,YES,YES,81
NLD,2023,ETRIWH,PTFTW50T100,MINW,S_C0,_Z,YES,YES,56
NLD,2024,ETRIWH,PTFTW50T100,MINW,S_C0,_Z,YES,YES,56
POL,2023,ETRIWH,PTFTW50T100,MINW,S_C0,_Z,YES,YES,73
POL,2024,ETRIWH,PTFTW50T100,MINW,S_C0,_Z,YES,YES,72
POL,2025,ETRIWH,PTFTW50T100,MINW,S_C0,_Z,YES,YES,73
ESP,2023,ETRIWH,PTFTW50T100,MINW,S_C0,_Z,YES,YES,22
ESP,2024,ETRIWH,PTFTW50T100,MINW,S_C0,_Z,YES,YES,26
ESP,2025,ETRIWH,PTFTW50T100,MINW,S_C0,_Z,YES,YES,32
GBR,2023,ETRIWH,PTFTW50T100,MINW,S_C0,_Z,YES,YES,67
GBR,2024,ETRIWH,PTFTW50T100,MINW,S_C0,_Z,YES,YES,67
GBR,2025,ETRIWH,PTFTW50T100,MINW,S_C0,_Z,YES,YES,68
USA,2023,ETRIWH,PTFTW50T100,MINW,S_C0,_Z,YES,YES,50
USA,2024,ETRIWH,PTFTW50T100,MINW,S_C0,_Z,YES,YES,51
USA,2025,ETRIWH,PTFTW50T100,MINW,S_C0,_Z,YES,YES,50
OECD,2023,ETRIWH,PTFTW50T100,MINW,S_C0,_Z,YES,YES,48
OECD,2024,ETRIWH,PTFTW50T100,MINW,S_C0,_Z,YES,YES,50
OECD,2025,ETRIWH,PTFTW50T100,MINW,S_C0,_Z,YES,YES,48
BEL,2023,ETRIWH,PTFTW50T100,MINW,S_C0,_Z,NO,YES,22
BEL,2024,ETRIWH,PTFTW50T100,MINW,S_C0,_Z,NO,YES,20
BEL,2025,ETRIWH,PTFTW50T100,MINW,S_C0,_Z,NO,YES,21
FRA,2023,ETRIWH,PTFTW50T100,MINW,S_C0,_Z,NO,YES,47
FRA,2024,ETRIWH,PTFTW50T100,MINW,S_C0,_Z,NO,YES,48
FRA,2025,ETRIWH,PTFTW50T100,MINW,S_C0,_Z,NO,YES,48
DEU,2023,ETRIWH,PTFTW50T100,MINW,S_C0,_Z,NO,YES,50
DEU,2024,ETRIWH,PTFTW50T100,MINW,S_C0,_Z,NO,YES,45
DEU,2025,ETRIWH,PTFTW50T100,MINW,S_C0,_Z,NO,YES,48
NLD,2023,ETRIWH,PTFTW50T100,MINW,S_C0,_Z,NO,YES,27
NLD,2024,ETRIWH,PTFTW50T100,MINW,S_C0,_Z,NO,YES,28
POL,2023,ETRIWH,PTFTW50T100,MINW,S_C0,_Z,NO,YES,73
POL,2024,ETRIWH,PTFTW50T100,MINW,S_C0,_Z,NO,YES,72
POL,2025,ETRIWH,PTFTW50T100,MINW,S_C0,_Z,NO,YES,73
ESP,2023,ETRIWH,PTFTW50T100,MINW,S_C0,_Z,NO,YES,22
ESP,2024,ETRIWH,PTFTW50T100,MINW,S_C0,_Z,NO,YES,26
ESP,2025,ETRIWH,PTFTW50T100,MINW,S_C0,_Z,NO,YES,30
GBR,2023,ETRIWH,PTFTW50T100,MINW,S_C0,_Z,NO,YES,67
GBR,2024,ETRIWH,PTFTW50T100,MINW,S_C0,_Z,NO,YES,67
GBR,2025,ETRIWH,PTFTW50T100,MINW,S_C0,_Z,NO,YES,68
USA,2023,ETRIWH,PTFTW50T100,MINW,S_C0,_Z,NO,YES,26
USA,2024,ETRIWH,PTFTW50T100,MINW,S_C0,_Z,NO,YES,28
USA,2025,ETRIWH,PTFTW50T100,MINW,S_C0,_Z,NO,YES,28
OECD,2023,ETRIWH,PTFTW50T100,MINW,S_C0,_Z,NO,YES,36
OECD,2024,ETRIWH,PTFTW50T100,MINW,S_C0,_Z,NO,YES,38
OECD,2025,ETRIWH,PTFTW50T100,MINW,S_C0,_Z,NO,YES,38
BEL,2023,ETRIWH,PTFTW67T100,MINW,S_C0,_Z,YES,YES,30
BEL,2024,ETRIWH,PTFTW67T100,MINW,S_C0,_Z,YES,YES,28
BEL,2025,ETRIWH,PTFTW67T100,MINW,S_C0,_Z,YES,YES,29
FRA,2023,ETRIWH,PTFTW67T100,MINW,S_C0,_Z,YES,YES,41
FRA,2024,ETRIWH,PTFTW67T100,MINW,S_C0,_Z,YES,YES,42
FRA,2025,ETRIWH,PTFTW67T100,MINW,S_C0,_Z,YES,YES,42
DEU,2023,ETRIWH,PTFTW67T100,MINW,S_C0,_Z,YES,YES,69
DEU,2024,ETRIWH,PTFTW67T100,MINW,S_C0,_Z,YES,YES,78
DEU,2025,ETRIWH,PTFTW67T100,MINW,S_C0,_Z,YES,YES,73
NLD,2023,ETRIWH,PTFTW67T100,MINW,S_C0,_Z,YES,YES,36
NLD,2024,ETRIWH,PTFTW67T100,MINW,S_C0,_Z,YES,YES,39
POL,2023,ETRIWH,PTFTW67T100,MINW,S_C0,_Z,YES,YES,85
POL,2024,ETRIWH,PTFTW67T100,MINW,S_C0,_Z,YES,YES,82
POL,2025,ETRIWH,PTFTW67T100,MINW,S_C0,_Z,YES,YES,84
ESP,2023,ETRIWH,PTFTW67T100,MINW,S_C0,_Z,YES,YES,31
ESP,2024,ETRIWH,PTFTW67T100,MINW,S_C0,_Z,YES,YES,37
ESP,2025,ETRIWH,PTFTW67T100,MINW,S_C0,_Z,YES,YES,42
GBR,2023,ETRIWH,PTFTW67T100,MINW,S_C0,_Z,YES,YES,69
GBR,2024,ETRIWH,PTFTW67T100,MINW,S_C0,_Z,YES,YES,68
GBR,2025,ETRIWH,PTFTW67T100,MINW,S_C0,_Z,YES,YES,68
USA,2023,ETRIWH,PTFTW67T100,MINW,S_C0,_Z,YES,YES,57
USA,2024,ETRIWH,PTFTW67T100,MINW,S_C0,_Z,YES,YES,60
USA,2025,ETRIWH,PTFTW67T100,MINW,S_C0,_Z,YES,YES,60
OECD,2023,ETRIWH,PTFTW67T100,MINW,S_C0,_Z,YES,YES,47
OECD,2024,ETRIWH,PTFTW67T100,MINW,S_C0,_Z,YES,YES,50
OECD,2025,ETRIWH,PTFTW67T100,MINW,S_C0,_Z,YES,YES,49
BEL,2023,ETRIWH,PTFTW67T100,MINW,S_C0,_Z,NO,YES,30
BEL,2024,ETRIWH,PTFTW67T100,MINW,S_C0,_Z,NO,YES,28
BEL,2025,ETRIWH,PTFTW67T100,MINW,S_C0,_Z,NO,YES,29
FRA,2023,ETRIWH,PTFTW67T100,MINW,S_C0,_Z,NO,YES,41
FRA,2024,ETRIWH,PTFTW67T100,MINW,S_C0,_Z,NO,YES,42
FRA,2025,ETRIWH,PTFTW67T100,MINW,S_C0,_Z,NO,YES,42
DEU,2023,ETRIWH,PTFTW67T100,MINW,S_C0,_Z,NO,YES,42
DEU,2024,ETRIWH,PTFTW67T100,MINW,S_C0,_Z,NO,YES,42
DEU,2025,ETRIWH,PTFTW67T100,MINW,S_C0,_Z,NO,YES,43
NLD,2023,ETRIWH,PTFTW67T100,MINW,S_C0,_Z,NO,YES,36
NLD,2024,ETRIWH,PTFTW67T100,MINW,S_C0,_Z,NO,YES,39
POL,2023,ETRIWH,PTFTW67T100,MINW,S_C0,_Z,NO,YES,85
POL,2024,ETRIWH,PTFTW67T100,MINW,S_C0,_Z,NO,YES,82
POL,2025,ETRIWH,PTFTW67T100,MINW,S_C0,_Z,NO,YES,84
ESP,2023,ETRIWH,PTFTW67T100,MINW,S_C0,_Z,NO,YES,31
ESP,2024,ETRIWH,PTFTW67T100,MINW,S_C0,_Z,NO,YES,37
ESP,2025,ETRIWH,PTFTW67T100,MINW,S_C0,_Z,NO,YES,42
GBR,2023,ETRIWH,PTFTW67T100,MINW,S_C0,_Z,NO,YES,69
GBR,2024,ETRIWH,PTFTW67T100,MINW,S_C0,_Z,NO,YES,68
GBR,2025,ETRIWH,PTFTW67T100,MINW,S_C0,_Z,NO,YES,68
USA,2023,ETRIWH,PTFTW67T100,MINW,S_C0,_Z,NO,YES,28
USA,2024,ETRIWH,PTFTW67T100,MINW,S_C0,_Z,NO,YES,30
USA,2025,ETRIWH,PTFTW67T100,MINW,S_C0,_Z,NO,YES,30
OECD,2023,ETRIWH,PTFTW67T100,MINW,S_C0,_Z,NO,YES,40
OECD,2024,ETRIWH,PTFTW67T100,MINW,S_C0,_Z,NO,YES,42
OECD,2025,ETRIWH,PTFTW67T100,MINW,S_C0,_Z,NO,YES,43
BEL,2023,ETRIWH,PTFTW50T66,MINW,S_C0,_Z,YES,YES,67
BEL,2024,ETRIWH,PTFTW50T66,MINW,S_C0,_Z,YES,YES,95
BEL,2025,ETRIWH,PTFTW50T66,MINW,S_C0,_Z,YES,YES,96
FRA,2023,ETRIWH,PTFTW50T66,MINW,S_C0,_Z,YES,YES,60
FRA,2024,ETRIWH,PTFTW50T66,MINW,S_C0,_Z,YES,YES,59
FRA,2025,ETRIWH,PTFTW50T66,MINW,S_C0,_Z,YES,YES,59
DEU,2023,ETRIWH,PTFTW50T66,MINW,S_C0,_Z,YES,YES,95
DEU,2024,ETRIWH,PTFTW50T66,MINW,S_C0,_Z,YES,YES,97
DEU,2025,ETRIWH,PTFTW50T66,MINW,S_C0,_Z,YES,YES,98
NLD,2023,ETRIWH,PTFTW50T66,MINW,S_C0,_Z,YES,YES,93
NLD,2024,ETRIWH,PTFTW50T66,MINW,S_C0,_Z,YES,YES,89
POL,2023,ETRIWH,PTFTW50T66,MINW,S_C0,_Z,YES,YES,51
POL,2024,ETRIWH,PTFTW50T66,MINW,S_C0,_Z,YES,YES,51
POL,2025,ETRIWH,PTFTW50T66,MINW,S_C0,_Z,YES,YES,51
ESP,2023,ETRIWH,PTFTW50T66,MINW,S_C0,_Z,YES,YES,6
ESP,2024,ETRIWH,PTFTW50T66,MINW,S_C0,_Z,YES,YES,6
ESP,2025,ETRIWH,PTFTW50T66,MINW,S_C0,_Z,YES,YES,12
GBR,2023,ETRIWH,PTFTW50T66,MINW,S_C0,_Z,YES,YES,63
GBR,2024,ETRIWH,PTFTW50T66,MINW,S_C0,_Z,YES,YES,65
GBR,2025,ETRIWH,PTFTW50T66,MINW,S_C0,_Z,YES,YES,68
USA,2023,ETRIWH,PTFTW50T66,MINW,S_C0,_Z,YES,YES,35
USA,2024,ETRIWH,PTFTW50T66,MINW,S_C0,_Z,YES,YES,33
USA,2025,ETRIWH,PTFTW50T66,MINW,S_C0,_Z,YES,YES,31
OECD,2023,ETRIWH,PTFTW50T66,MINW,S_C0,_Z,YES,YES,50
OECD,2024,ETRIWH,PTFTW50T66,MINW,S_C0,_Z,YES,YES,51
OECD,2025,ETRIWH,PTFTW50T66,MINW,S_C0,_Z,YES,YES,47
BEL,2023,ETRIWH,PTFTW50T66,MINW,S_C0,_Z,NO,YES,6
BEL,2024,ETRIWH,PTFTW50T66,MINW,S_C0,_Z,NO,YES,5
BEL,2025,ETRIWH,PTFTW50T66,MINW,S_C0,_Z,NO,YES,5
FRA,2023,ETRIWH,PTFTW50T66,MINW,S_C0,_Z,NO,YES,60
FRA,2024,ETRIWH,PTFTW50T66,MINW,S_C0,_Z,NO,YES,59
FRA,2025,ETRIWH,PTFTW50T66,MINW,S_C0,_Z,NO,YES,59
DEU,2023,ETRIWH,PTFTW50T66,MINW,S_C0,_Z,NO,YES,64
DEU,2024,ETRIWH,PTFTW50T66,MINW,S_C0,_Z,NO,YES,51
DEU,2025,ETRIWH,PTFTW50T66,MINW,S_C0,_Z,NO,YES,59
NLD,2023,ETRIWH,PTFTW50T66,MINW,S_C0,_Z,NO,YES,9
NLD,2024,ETRIWH,PTFTW50T66,MINW,S_C0,_Z,NO,YES,6
POL,2023,ETRIWH,PTFTW50T66,MINW,S_C0,_Z,NO,YES,51
POL,2024,ETRIWH,PTFTW50T66,MINW,S_C0,_Z,NO,YES,51
POL,2025,ETRIWH,PTFTW50T66,MINW,S_C0,_Z,NO,YES,51
ESP,2023,ETRIWH,PTFTW50T66,MINW,S_C0,_Z,NO,YES,6
ESP,2024,ETRIWH,PTFTW50T66,MINW,S_C0,_Z,NO,YES,6
ESP,2025,ETRIWH,PTFTW50T66,MINW,S_C0,_Z,NO,YES,6
GBR,2023,ETRIWH,PTFTW50T66,MINW,S_C0,_Z,NO,YES,63
GBR,2024,ETRIWH,PTFTW50T66,MINW,S_C0,_Z,NO,YES,65
GBR,2025,ETRIWH,PTFTW50T66,MINW,S_C0,_Z,NO,YES,68
USA,2023,ETRIWH,PTFTW50T66,MINW,S_C0,_Z,NO,YES,23
USA,2024,ETRIWH,PTFTW50T66,MINW,S_C0,_Z,NO,YES,24
USA,2025,ETRIWH,PTFTW50T66,MINW,S_C0,_Z,NO,YES,24
OECD,2023,ETRIWH,PTFTW50T66,MINW,S_C0,_Z,NO,YES,28
OECD,2024,ETRIWH,PTFTW50T66,MINW,S_C0,_Z,NO,YES,29
OECD,2025,ETRIWH,PTFTW50T66,MINW,S_C0,_Z,NO,YES,28
BEL,2023,ETRIWH,PTFTW33T67,MINW,S_C0,_Z,NO,YES,4
BEL,2024,ETRIWH,PTFTW33T67,MINW,S_C0,_Z,NO,YES,3
BEL,2025,ETRIWH,PTFTW33T67,MINW,S_C0,_Z,NO,YES,3
FRA,2023,ETRIWH,PTFTW33T67,MINW,S_C0,_Z,NO,YES,69
FRA,2024,ETRIWH,PTFTW33T67,MINW,S_C0,_Z,NO,YES,69
FRA,2025,ETRIWH,PTFTW33T67,MINW,S_C0,_Z,NO,YES,69
DEU,2023,ETRIWH,PTFTW33T67,MINW,S_C0,_Z,NO,YES,86
DEU,2024,ETRIWH,PTFTW33T67,MINW,S_C0,_Z,NO,YES,81
DEU,2025,ETRIWH,PTFTW33T67,MINW,S_C0,_Z,NO,YES,84
NLD,2023,ETRIWH,PTFTW33T67,MINW,S_C0,_Z,NO,YES,6
NLD,2024,ETRIWH,PTFTW33T67,MINW,S_C0,_Z,NO,YES,3
POL,2023,ETRIWH,PTFTW33T67,MINW,S_C0,_Z,NO,YES,43
POL,2024,ETRIWH,PTFTW33T67,MINW,S_C0,_Z,NO,YES,43
POL,2025,ETRIWH,PTFTW33T67,MINW,S_C0,_Z,NO,YES,43
ESP,2023,ETRIWH,PTFTW33T67,MINW,S_C0,_Z,NO,YES,6
ESP,2024,ETRIWH,PTFTW33T67,MINW,S_C0,_Z,NO,YES,6
ESP,2025,ETRIWH,PTFTW33T67,MINW,S_C0,_Z,NO,YES,6
GBR,2023,ETRIWH,PTFTW33T67,MINW,S_C0,_Z,NO,YES,59
GBR,2024,ETRIWH,PTFTW33T67,MINW,S_C0,_Z,NO,YES,60
GBR,2025,ETRIWH,PTFTW33T67,MINW,S_C0,_Z,NO,YES,61
USA,2023,ETRIWH,PTFTW33T67,MINW,S_C0,_Z,NO,YES,18
USA,2024,ETRIWH,PTFTW33T67,MINW,S_C0,_Z,NO,YES,18
USA,2025,ETRIWH,PTFTW33T67,MINW,S_C0,_Z,NO,YES,18
OECD,2023,ETRIWH,PTFTW33T67,MINW,S_C0,_Z,NO,YES,26
OECD,2024,ETRIWH,PTFTW33T67,MINW,S_C0,_Z,NO,YES,26
OECD,2025,ETRIWH,PTFTW33T67,MINW,S_C0,_Z,NO,YES,27
BEL,2023,ETRIWH,PTFTW33T67,MINW,S_C0,_Z,YES,YES,83
BEL,2024,ETRIWH,PTFTW33T67,MINW,S_C0,_Z,YES,YES,97
BEL,2025,ETRIWH,PTFTW33T67,MINW,S_C0,_Z,YES,YES,98
FRA,2023,ETRIWH,PTFTW33T67,MINW,S_C0,_Z,YES,YES,69
FRA,2024,ETRIWH,PTFTW33T67,MINW,S_C0,_Z,YES,YES,69
FRA,2025,ETRIWH,PTFTW33T67,MINW,S_C0,_Z,YES,YES,69
DEU,2023,ETRIWH,PTFTW33T67,MINW,S_C0,_Z,YES,YES,88
DEU,2024,ETRIWH,PTFTW33T67,MINW,S_C0,_Z,YES,YES,85
DEU,2025,ETRIWH,PTFTW33T67,MINW,S_C0,_Z,YES,YES,87
NLD,2023,ETRIWH,PTFTW33T67,MINW,S_C0,_Z,YES,YES,97
NLD,2024,ETRIWH,PTFTW33T67,MINW,S_C0,_Z,YES,YES,94
POL,2023,ETRIWH,PTFTW33T67,MINW,S_C0,_Z,YES,YES,43
POL,2024,ETRIWH,PTFTW33T67,MINW,S_C0,_Z,YES,YES,43
POL,2025,ETRIWH,PTFTW33T67,MINW,S_C0,_Z,YES,YES,43
ESP,2023,ETRIWH,PTFTW33T67,MINW,S_C0,_Z,YES,YES,48
ESP,2024,ETRIWH,PTFTW33T67,MINW,S_C0,_Z,YES,YES,50
ESP,2025,ETRIWH,PTFTW33T67,MINW,S_C0,_Z,YES,YES,56
GBR,2023,ETRIWH,PTFTW33T67,MINW,S_C0,_Z,YES,YES,59
GBR,2024,ETRIWH,PTFTW33T67,MINW,S_C0,_Z,YES,YES,60
GBR,2025,ETRIWH,PTFTW33T67,MINW,S_C0,_Z,YES,YES,61
USA,2023,ETRIWH,PTFTW33T67,MINW,S_C0,_Z,YES,YES,24
USA,2024,ETRIWH,PTFTW33T67,MINW,S_C0,_Z,YES,YES,23
USA,2025,ETRIWH,PTFTW33T67,MINW,S_C0,_Z,YES,YES,21
OECD,2023,ETRIWH,PTFTW33T67,MINW,S_C0,_Z,YES,YES,55
OECD,2024,ETRIWH,PTFTW33T67,MINW,S_C0,_Z,YES,YES,54
OECD,2025,ETRIWH,PTFTW33T67,MINW,S_C0,_Z,YES,YES,51
BEL,2023,ETRIWH,PTFTW50T66,MINW,S_C0,_Z,YES,NO,67
BEL,2024,ETRIWH,PTFTW50T66,MINW,S_C0,_Z,YES,NO,95
BEL,2025,ETRIWH,PTFTW50T66,MINW,S_C0,_Z,YES,NO,96
FRA,2023,ETRIWH,PTFTW50T66,MINW,S_C0,_Z,YES,NO,32
FRA,2024,ETRIWH,PTFTW50T66,MINW,S_C0,_Z,YES,NO,32
FRA,2025,ETRIWH,PTFTW50T66,MINW,S_C0,_Z,YES,NO,32
DEU,2023,ETRIWH,PTFTW50T66,MINW,S_C0,_Z,YES,NO,30
DEU,2024,ETRIWH,PTFTW50T66,MINW,S_C0,_Z,YES,NO,30
DEU,2025,ETRIWH,PTFTW50T66,MINW,S_C0,_Z,YES,NO,30
NLD,2023,ETRIWH,PTFTW50T66,MINW,S_C0,_Z,YES,NO,93
NLD,2024,ETRIWH,PTFTW50T66,MINW,S_C0,_Z,YES,NO,89
POL,2023,ETRIWH,PTFTW50T66,MINW,S_C0,_Z,YES,NO,21
POL,2024,ETRIWH,PTFTW50T66,MINW,S_C0,_Z,YES,NO,21
POL,2025,ETRIWH,PTFTW50T66,MINW,S_C0,_Z,YES,NO,21
ESP,2023,ETRIWH,PTFTW50T66,MINW,S_C0,_Z,YES,NO,6
ESP,2024,ETRIWH,PTFTW50T66,MINW,S_C0,_Z,YES,NO,6
ESP,2025,ETRIWH,PTFTW50T66,MINW,S_C0,_Z,YES,NO,12
GBR,2023,ETRIWH,PTFTW50T66,MINW,S_C0,_Z,YES,NO,17
GBR,2024,ETRIWH,PTFTW50T66,MINW,S_C0,_Z,YES,NO,23
GBR,2025,ETRIWH,PTFTW50T66,MINW,S_C0,_Z,YES,NO,28
USA,2023,ETRIWH,PTFTW50T66,MINW,S_C0,_Z,YES,NO,47
USA,2024,ETRIWH,PTFTW50T66,MINW,S_C0,_Z,YES,NO,48
USA,2025,ETRIWH,PTFTW50T66,MINW,S_C0,_Z,YES,NO,48
OECD,2023,ETRIWH,PTFTW50T66,MINW,S_C0,_Z,YES,NO,35
OECD,2024,ETRIWH,PTFTW50T66,MINW,S_C0,_Z,YES,NO,37
OECD,2025,ETRIWH,PTFTW50T66,MINW,S_C0,_Z,YES,NO,36
BEL,2023,ETRIWH,PTFTW50T66,MINW,S_C0,_Z,NO,NO,6
BEL,2024,ETRIWH,PTFTW50T66,MINW,S_C0,_Z,NO,NO,5
BEL,2025,ETRIWH,PTFTW50T66,MINW,S_C0,_Z,NO,NO,5
FRA,2023,ETRIWH,PTFTW50T66,MINW,S_C0,_Z,NO,NO,32
FRA,2024,ETRIWH,PTFTW50T66,MINW,S_C0,_Z,NO,NO,32
FRA,2025,ETRIWH,PTFTW50T66,MINW,S_C0,_Z,NO,NO,32
DEU,2023,ETRIWH,PTFTW50T66,MINW,S_C0,_Z,NO,NO,30
DEU,2024,ETRIWH,PTFTW50T66,MINW,S_C0,_Z,NO,NO,30
DEU,2025,ETRIWH,PTFTW50T66,MINW,S_C0,_Z,NO,NO,30
NLD,2023,ETRIWH,PTFTW50T66,MINW,S_C0,_Z,NO,NO,9
NLD,2024,ETRIWH,PTFTW50T66,MINW,S_C0,_Z,NO,NO,6
POL,2023,ETRIWH,PTFTW50T66,MINW,S_C0,_Z,NO,NO,21
POL,2024,ETRIWH,PTFTW50T66,MINW,S_C0,_Z,NO,NO,21
POL,2025,ETRIWH,PTFTW50T66,MINW,S_C0,_Z,NO,NO,21
ESP,2023,ETRIWH,PTFTW50T66,MINW,S_C0,_Z,NO,NO,6
ESP,2024,ETRIWH,PTFTW50T66,MINW,S_C0,_Z,NO,NO,6
ESP,2025,ETRIWH,PTFTW50T66,MINW,S_C0,_Z,NO,NO,6
GBR,2023,ETRIWH,PTFTW50T66,MINW,S_C0,_Z,NO,NO,17
GBR,2024,ETRIWH,PTFTW50T66,MINW,S_C0,_Z,NO,NO,23
GBR,2025,ETRIWH,PTFTW50T66,MINW,S_C0,_Z,NO,NO,28
USA,2023,ETRIWH,PTFTW50T66,MINW,S_C0,_Z,NO,NO,23
USA,2024,ETRIWH,PTFTW50T66,MINW,S_C0,_Z,NO,NO,24
USA,2025,ETRIWH,PTFTW50T66,MINW,S_C0,_Z,NO,NO,24
OECD,2023,ETRIWH,PTFTW50T66,MINW,S_C0,_Z,NO,NO,19
OECD,2024,ETRIWH,PTFTW50T66,MINW,S_C0,_Z,NO,NO,19
OECD,2025,ETRIWH,PTFTW50T66,MINW,S_C0,_Z,NO,NO,20
BEL,2023,ETRIWH,PTFTW67T100,MINW,S_C0,_Z,NO,NO,30
BEL,2024,ETRIWH,PTFTW67T100,MINW,S_C0,_Z,NO,NO,28
BEL,2025,ETRIWH,PTFTW67T100,MINW,S_C0,_Z,NO,NO,29
FRA,2023,ETRIWH,PTFTW67T100,MINW,S_C0,_Z,NO,NO,32
FRA,2024,ETRIWH,PTFTW67T100,MINW,S_C0,_Z,NO,NO,32
FRA,2025,ETRIWH,PTFTW67T100,MINW,S_C0,_Z,NO,NO,32
DEU,2023,ETRIWH,PTFTW67T100,MINW,S_C0,_Z,NO,NO,42
DEU,2024,ETRIWH,PTFTW67T100,MINW,S_C0,_Z,NO,NO,42
DEU,2025,ETRIWH,PTFTW67T100,MINW,S_C0,_Z,NO,NO,43
NLD,2023,ETRIWH,PTFTW67T100,MINW,S_C0,_Z,NO,NO,19
NLD,2024,ETRIWH,PTFTW67T100,MINW,S_C0,_Z,NO,NO,18
POL,2023,ETRIWH,PTFTW67T100,MINW,S_C0,_Z,NO,NO,24
POL,2024,ETRIWH,PTFTW67T100,MINW,S_C0,_Z,NO,NO,29
POL,2025,ETRIWH,PTFTW67T100,MINW,S_C0,_Z,NO,NO,31
ESP,2023,ETRIWH,PTFTW67T100,MINW,S_C0,_Z,NO,NO,7
ESP,2024,ETRIWH,PTFTW67T100,MINW,S_C0,_Z,NO,NO,6
ESP,2025,ETRIWH,PTFTW67T100,MINW,S_C0,_Z,NO,NO,12
GBR,2023,ETRIWH,PTFTW67T100,MINW,S_C0,_Z,NO,NO,32
GBR,2024,ETRIWH,PTFTW67T100,MINW,S_C0,_Z,NO,NO,28
GBR,2025,ETRIWH,PTFTW67T100,MINW,S_C0,_Z,NO,NO,28
USA,2023,ETRIWH,PTFTW67T100,MINW,S_C0,_Z,NO,NO,28
USA,2024,ETRIWH,PTFTW67T100,MINW,S_C0,_Z,NO,NO,30
USA,2025,ETRIWH,PTFTW67T100,MINW,S_C0,_Z,NO,NO,30
OECD,2023,ETRIWH,PTFTW67T100,MINW,S_C0,_Z,NO,NO,25
OECD,2024,ETRIWH,PTFTW67T100,MINW,S_C0,_Z,NO,NO,25
OECD,2025,ETRIWH,PTFTW67T100,MINW,S_C0,_Z,NO,NO,26
BEL,2023,ETRIWH,PTFTW67T100,MINW,S_C0,_Z,YES,NO,30
BEL,2024,ETRIWH,PTFTW67T100,MINW,S_C0,_Z,YES,NO,28
BEL,2025,ETRIWH,PTFTW67T100,MINW,S_C0,_Z,YES,NO,29
FRA,2023,ETRIWH,PTFTW67T100,MINW,S_C0,_Z,YES,NO,32
FRA,2024,ETRIWH,PTFTW67T100,MINW,S_C0,_Z,YES,NO,32
FRA,2025,ETRIWH,PTFTW67T100,MINW,S_C0,_Z,YES,NO,32
DEU,2023,ETRIWH,PTFTW67T100,MINW,S_C0,_Z,YES,NO,42
DEU,2024,ETRIWH,PTFTW67T100,MINW,S_C0,_Z,YES,NO,42
DEU,2025,ETRIWH,PTFTW67T100,MINW,S_C0,_Z,YES,NO,43
NLD,2023,ETRIWH,PTFTW67T100,MINW,S_C0,_Z,YES,NO,19
NLD,2024,ETRIWH,PTFTW67T100,MINW,S_C0,_Z,YES,NO,18
POL,2023,ETRIWH,PTFTW67T100,MINW,S_C0,_Z,YES,NO,24
POL,2024,ETRIWH,PTFTW67T100,MINW,S_C0,_Z,YES,NO,29
POL,2025,ETRIWH,PTFTW67T100,MINW,S_C0,_Z,YES,NO,31
ESP,2023,ETRIWH,PTFTW67T100,MINW,S_C0,_Z,YES,NO,7
ESP,2024,ETRIWH,PTFTW67T100,MINW,S_C0,_Z,YES,NO,6
ESP,2025,ETRIWH,PTFTW67T100,MINW,S_C0,_Z,YES,NO,12
GBR,2023,ETRIWH,PTFTW67T100,MINW,S_C0,_Z,YES,NO,32
GBR,2024,ETRIWH,PTFTW67T100,MINW,S_C0,_Z,YES,NO,28
GBR,2025,ETRIWH,PTFTW67T100,MINW,S_C0,_Z,YES,NO,28
USA,2023,ETRIWH,PTFTW67T100,MINW,S_C0,_Z,YES,NO,38
USA,2024,ETRIWH,PTFTW67T100,MINW,S_C0,_Z,YES,NO,40
USA,2025,ETRIWH,PTFTW67T100,MINW,S_C0,_Z,YES,NO,40
OECD,2023,ETRIWH,PTFTW67T100,MINW,S_C0,_Z,YES,NO,29
OECD,2024,ETRIWH,PTFTW67T100,MINW,S_C0,_Z,YES,NO,30
OECD,2025,ETRIWH,PTFTW67T100,MINW,S_C0,_Z,YES,NO,29
BEL,2024,ETRIWH,PTFTW50T100,MINW,S_C0,_Z,NO,NO,20
BEL,2025,ETRIWH,PTFTW50T100,MINW,S_C0,_Z,NO,NO,21
FRA,2023,ETRIWH,PTFTW50T100,MINW,S_C0,_Z,NO,NO,32
FRA,2024,ETRIWH,PTFTW50T100,MINW,S_C0,_Z,NO,NO,32
FRA,2025,ETRIWH,PTFTW50T100,MINW,S_C0,_Z,NO,NO,32
DEU,2023,ETRIWH,PTFTW50T100,MINW,S_C0,_Z,NO,NO,38
DEU,2024,ETRIWH,PTFTW50T100,MINW,S_C0,_Z,NO,NO,38
DEU,2025,ETRIWH,PTFTW50T100,MINW,S_C0,_Z,NO,NO,38
NLD,2023,ETRIWH,PTFTW50T100,MINW,S_C0,_Z,NO,NO,16
NLD,2024,ETRIWH,PTFTW50T100,MINW,S_C0,_Z,NO,NO,14
POL,2023,ETRIWH,PTFTW50T100,MINW,S_C0,_Z,NO,NO,23
POL,2024,ETRIWH,PTFTW50T100,MINW,S_C0,_Z,NO,NO,27
POL,2025,ETRIWH,PTFTW50T100,MINW,S_C0,_Z,NO,NO,28
ESP,2023,ETRIWH,PTFTW50T100,MINW,S_C0,_Z,NO,NO,7
ESP,2024,ETRIWH,PTFTW50T100,MINW,S_C0,_Z,NO,NO,6
ESP,2025,ETRIWH,PTFTW50T100,MINW,S_C0,_Z,NO,NO,10
GBR,2023,ETRIWH,PTFTW50T100,MINW,S_C0,_Z,NO,NO,27
GBR,2024,ETRIWH,PTFTW50T100,MINW,S_C0,_Z,NO,NO,26
GBR,2025,ETRIWH,PTFTW50T100,MINW,S_C0,_Z,NO,NO,28
USA,2023,ETRIWH,PTFTW50T100,MINW,S_C0,_Z,NO,NO,26
USA,2024,ETRIWH,PTFTW50T100,MINW,S_C0,_Z,NO,NO,28
USA,2025,ETRIWH,PTFTW50T100,MINW,S_C0,_Z,NO,NO,28
OECD,2024,ETRIWH,PTFTW50T100,MINW,S_C0,_Z,NO,NO,23
OECD,2025,ETRIWH,PTFTW50T100,MINW,S_C0,_Z,NO,NO,24
BEL,2023,ETRIWH,PTFTW50T100,MINW,S_C0,_Z,YES,NO,42
BEL,2024,ETRIWH,PTFTW50T100,MINW,S_C0,_Z,YES,NO,51
BEL,2025,ETRIWH,PTFTW50T100,MINW,S_C0,_Z,YES,NO,51
FRA,2023,ETRIWH,PTFTW50T100,MINW,S_C0,_Z,YES,NO,32
FRA,2024,ETRIWH,PTFTW50T100,MINW,S_C0,_Z,YES,NO,32
FRA,2025,ETRIWH,PTFTW50T100,MINW,S_C0,_Z,YES,NO,32
DEU,2023,ETRIWH,PTFTW50T100,MINW,S_C0,_Z,YES,NO,38
DEU,2024,ETRIWH,PTFTW50T100,MINW,S_C0,_Z,YES,NO,38
DEU,2025,ETRIWH,PTFTW50T100,MINW,S_C0,_Z,YES,NO,38
NLD,2023,ETRIWH,PTFTW50T100,MINW,S_C0,_Z,YES,NO,45
NLD,2024,ETRIWH,PTFTW50T100,MINW,S_C0,_Z,YES,NO,42
POL,2023,ETRIWH,PTFTW50T100,MINW,S_C0,_Z,YES,NO,23
POL,2024,ETRIWH,PTFTW50T100,MINW,S_C0,_Z,YES,NO,27
POL,2025,ETRIWH,PTFTW50T100,MINW,S_C0,_Z,YES,NO,28
ESP,2023,ETRIWH,PTFTW50T100,MINW,S_C0,_Z,YES,NO,7
ESP,2024,ETRIWH,PTFTW50T100,MINW,S_C0,_Z,YES,NO,6
ESP,2025,ETRIWH,PTFTW50T100,MINW,S_C0,_Z,YES,NO,12
GBR,2023,ETRIWH,PTFTW50T100,MINW,S_C0,_Z,YES,NO,27
GBR,2024,ETRIWH,PTFTW50T100,MINW,S_C0,_Z,YES,NO,26
GBR,2025,ETRIWH,PTFTW50T100,MINW,S_C0,_Z,YES,NO,28
USA,2023,ETRIWH,PTFTW50T100,MINW,S_C0,_Z,YES,NO,41
USA,2024,ETRIWH,PTFTW50T100,MINW,S_C0,_Z,YES,NO,43
USA,2025,ETRIWH,PTFTW50T100,MINW,S_C0,_Z,YES,NO,43
OECD,2023,ETRIWH,PTFTW50T100,MINW,S_C0,_Z,YES,NO,31
OECD,2024,ETRIWH,PTFTW50T100,MINW,S_C0,_Z,YES,NO,33
OECD,2025,ETRIWH,PTFTW50T100,MINW,S_C0,_Z,YES,NO,31
BEL,2023,ETRIWH,PTFTW33T67,MINW,S_C0,_Z,NO,NO,4
BEL,2024,ETRIWH,PTFTW33T67,MINW,S_C0,_Z,NO,NO,3
BEL,2025,ETRIWH,PTFTW33T67,MINW,S_C0,_Z,NO,NO,3
FRA,2023,ETRIWH,PTFTW33T67,MINW,S_C0,_Z,NO,NO,41
FRA,2024,ETRIWH,PTFTW33T67,MINW,S_C0,_Z,NO,NO,42
FRA,2025,ETRIWH,PTFTW33T67,MINW,S_C0,_Z,NO,NO,41
DEU,2023,ETRIWH,PTFTW33T67,MINW,S_C0,_Z,NO,NO,28
DEU,2024,ETRIWH,PTFTW33T67,MINW,S_C0,_Z,NO,NO,28
DEU,2025,ETRIWH,PTFTW33T67,MINW,S_C0,_Z,NO,NO,29
NLD,2023,ETRIWH,PTFTW33T67,MINW,S_C0,_Z,NO,NO,6
NLD,2024,ETRIWH,PTFTW33T67,MINW,S_C0,_Z,NO,NO,3
POL,2023,ETRIWH,PTFTW33T67,MINW,S_C0,_Z,NO,NO,21
POL,2024,ETRIWH,PTFTW33T67,MINW,S_C0,_Z,NO,NO,21
POL,2025,ETRIWH,PTFTW33T67,MINW,S_C0,_Z,NO,NO,21
ESP,2023,ETRIWH,PTFTW33T67,MINW,S_C0,_Z,NO,NO,6
ESP,2024,ETRIWH,PTFTW33T67,MINW,S_C0,_Z,NO,NO,6
ESP,2025,ETRIWH,PTFTW33T67,MINW,S_C0,_Z,NO,NO,6
GBR,2023,ETRIWH,PTFTW33T67,MINW,S_C0,_Z,NO,NO,10
GBR,2024,ETRIWH,PTFTW33T67,MINW,S_C0,_Z,NO,NO,17
GBR,2025,ETRIWH,PTFTW33T67,MINW,S_C0,_Z,NO,NO,17
USA,2023,ETRIWH,PTFTW33T67,MINW,S_C0,_Z,NO,NO,18
USA,2024,ETRIWH,PTFTW33T67,MINW,S_C0,_Z,NO,NO,18
USA,2025,ETRIWH,PTFTW33T67,MINW,S_C0,_Z,NO,NO,18
OECD,2023,ETRIWH,PTFTW33T67,MINW,S_C0,_Z,NO,NO,17
OECD,2024,ETRIWH,PTFTW33T67,MINW,S_C0,_Z,NO,NO,18
OECD,2025,ETRIWH,PTFTW33T67,MINW,S_C0,_Z,NO,NO,19
BEL,2023,ETRIWH,PTFTW33T67,MINW,S_C0,_Z,YES,NO,83
BEL,2024,ETRIWH,PTFTW33T67,MINW,S_C0,_Z,YES,NO,97
BEL,2025,ETRIWH,PTFTW33T67,MINW,S_C0,_Z,YES,NO,98
FRA,2023,ETRIWH,PTFTW33T67,MINW,S_C0,_Z,YES,NO,41
FRA,2024,ETRIWH,PTFTW33T67,MINW,S_C0,_Z,YES,NO,42
FRA,2025,ETRIWH,PTFTW33T67,MINW,S_C0,_Z,YES,NO,41
DEU,2023,ETRIWH,PTFTW33T67,MINW,S_C0,_Z,YES,NO,44
DEU,2024,ETRIWH,PTFTW33T67,MINW,S_C0,_Z,YES,NO,52
DEU,2025,ETRIWH,PTFTW33T67,MINW,S_C0,_Z,YES,NO,51
NLD,2023,ETRIWH,PTFTW33T67,MINW,S_C0,_Z,YES,NO,97
NLD,2024,ETRIWH,PTFTW33T67,MINW,S_C0,_Z,YES,NO,94
POL,2023,ETRIWH,PTFTW33T67,MINW,S_C0,_Z,YES,NO,32
POL,2024,ETRIWH,PTFTW33T67,MINW,S_C0,_Z,YES,NO,21
POL,2025,ETRIWH,PTFTW33T67,MINW,S_C0,_Z,YES,NO,25
ESP,2023,ETRIWH,PTFTW33T67,MINW,S_C0,_Z,YES,NO,48
ESP,2024,ETRIWH,PTFTW33T67,MINW,S_C0,_Z,YES,NO,50
ESP,2025,ETRIWH,PTFTW33T67,MINW,S_C0,_Z,YES,NO,56
GBR,2023,ETRIWH,PTFTW33T67,MINW,S_C0,_Z,YES,NO,10
GBR,2024,ETRIWH,PTFTW33T67,MINW,S_C0,_Z,YES,NO,17
GBR,2025,ETRIWH,PTFTW33T67,MINW,S_C0,_Z,YES,NO,17
USA,2023,ETRIWH,PTFTW33T67,MINW,S_C0,_Z,YES,NO,42
USA,2024,ETRIWH,PTFTW33T67,MINW,S_C0,_Z,YES,NO,42
USA,2025,ETRIWH,PTFTW33T67,MINW,S_C0,_Z,YES,NO,42
OECD,2023,ETRIWH,PTFTW33T67,MINW,S_C0,_Z,YES,NO,44
OECD,2024,ETRIWH,PTFTW33T67,MINW,S_C0,_Z,YES,NO,44
OECD,2025,ETRIWH,PTFTW33T67,MINW,S_C0,_Z,YES,NO,42
BEL,2023,ETRIWH,PTFTW50T100,MINW,S_C0,_Z,NO,NO,22
OECD,2023,ETRIWH,PTFTW50T100,MINW,S_C0,_Z,NO,NO,22
FRA,2023,ETRIWH,PTFTW67T100,AW100,S_C0,_Z,NO,YES,37
FRA,2023,ETRIWH,PTFTW67T100,AW100,S_C0,_Z,NO,NO,37
FRA,2023,ETRIWH,PTFTW67T100,AW100,S_C0,_Z,YES,YES,37
FRA,2023,ETRIWH,PTFTW67T100,AW100,S_C0,_Z,YES,NO,37
FRA,2024,ETRIWH,PTFTW67T100,AW100,S_C0,_Z,YES,NO,37
FRA,2024,ETRIWH,PTFTW67T100,AW100,S_C0,_Z,YES,YES,37
FRA,2024,ETRIWH,PTFTW67T100,AW100,S_C0,_Z,NO,NO,37
FRA,2024,ETRIWH,PTFTW67T100,AW100,S_C0,_Z,NO,YES,37
FRA,2025,ETRIWH,PTFTW67T100,AW100,S_C0,_Z,NO,YES,37
FRA,2025,ETRIWH,PTFTW67T100,AW100,S_C0,_Z,NO,NO,37
FRA,2025,ETRIWH,PTFTW67T100,AW100,S_C0,_Z,YES,YES,37
FRA,2025,ETRIWH,PTFTW67T100,AW100,S_C0,_Z,YES,NO,37
OECD,2025,ETRIWH,PTFTW67T100,AW100,S_C0,_Z,YES,NO,37
OECD,2025,ETRIWH,PTFTW67T100,AW100,S_C0,_Z,NO,NO,37
SWE,2023,ETRIWH,PTFTW67T100,AW100,S_C0,_Z,NO,YES,31
SWE,2023,ETRIWH,PTFTW67T100,AW100,S_C0,_Z,NO,NO,31
SWE,2023,ETRIWH,PTFTW67T100,AW100,S_C0,_Z,YES,NO,31
SWE,2023,ETRIWH,PTFTW67T100,AW100,S_C0,_Z,YES,YES,31
GBR,2025,ETRIWH,PTFTW67T100,AW100,S_C0,_Z,NO,YES,31
GBR,2025,ETRIWH,PTFTW67T100,AW100,S_C0,_Z,YES,NO,31
GBR,2025,ETRIWH,PTFTW67T100,AW100,S_C0,_Z,YES,YES,31
GBR,2025,ETRIWH,PTFTW67T100,AW100,S_C0,_Z,NO,NO,31
OECD,2023,ETRIWH,PTFTW67T100,AW100,S_C0,_Z,NO,YES,39
OECD,2025,ETRIWH,PTFTW67T100,AW100,S_C0,_Z,NO,YES,39
SWE,2025,ETRIWH,PTFTW67T100,AW100,S_C0,_Z,NO,YES,29
SWE,2025,ETRIWH,PTFTW67T100,AW100,S_C0,_Z,NO,NO,29
SWE,2025,ETRIWH,PTFTW67T100,AW100,S_C0,_Z,YES,NO,29
SWE,2025,ETRIWH,PTFTW67T100,AW100,S_C0,_Z,YES,YES,29
GBR,2024,ETRIWH,PTFTW67T100,AW100,S_C0,_Z,NO,NO,29
GBR,2024,ETRIWH,PTFTW67T100,AW100,S_C0,_Z,YES,YES,29
GBR,2024,ETRIWH,PTFTW67T100,AW100,S_C0,_Z,YES,NO,29
GBR,2024,ETRIWH,PTFTW67T100,AW100,S_C0,_Z,NO,YES,29
ITA,2025,ETRIWH,PTFTW67T100,AW100,S_C0,_Z,NO,NO,46
ITA,2025,ETRIWH,PTFTW67T100,AW100,S_C0,_Z,YES,NO,46
DEU,2023,ETRIWH,PTFTW67T100,AW100,S_C0,_Z,NO,YES,47
DEU,2023,ETRIWH,PTFTW67T100,AW100,S_C0,_Z,YES,NO,47
DEU,2023,ETRIWH,PTFTW67T100,AW100,S_C0,_Z,NO,NO,47
DEU,2023,ETRIWH,PTFTW67T100,AW100,S_C0,_Z,YES,YES,47
DEU,2024,ETRIWH,PTFTW67T100,AW100,S_C0,_Z,YES,YES,47
DEU,2024,ETRIWH,PTFTW67T100,AW100,S_C0,_Z,NO,NO,47
DEU,2024,ETRIWH,PTFTW67T100,AW100,S_C0,_Z,YES,NO,47
DEU,2024,ETRIWH,PTFTW67T100,AW100,S_C0,_Z,NO,YES,47
ITA,2023,ETRIWH,PTFTW67T100,AW100,S_C0,_Z,NO,NO,47
ITA,2023,ETRIWH,PTFTW67T100,AW100,S_C0,_Z,YES,NO,47
ITA,2025,ETRIWH,PTFTW67T100,AW100,S_C0,_Z,NO,YES,47
ITA,2025,ETRIWH,PTFTW67T100,AW100,S_C0,_Z,YES,YES,47
DNK,2023,ETRIWH,PTFTW67T100,AW100,S_C0,_Z,NO,NO,41
DNK,2023,ETRIWH,PTFTW67T100,AW100,S_C0,_Z,YES,NO,41
DNK,2024,ETRIWH,PTFTW67T100,AW100,S_C0,_Z,YES,NO,41
DNK,2024,ETRIWH,PTFTW67T100,AW100,S_C0,_Z,NO,NO,41
AUT,2023,ETRIWH,PTFTW67T100,AW100,S_C0,_Z,YES,NO,44
AUT,2023,ETRIWH,PTFTW67T100,AW100,S_C0,_Z,NO,YES,44
AUT,2023,ETRIWH,PTFTW67T100,AW100,S_C0,_Z,NO,NO,44
AUT,2023,ETRIWH,PTFTW67T100,AW100,S_C0,_Z,YES,YES,44
AUT,2024,ETRIWH,PTFTW67T100,AW100,S_C0,_Z,YES,YES,44
AUT,2024,ETRIWH,PTFTW67T100,AW100,S_C0,_Z,NO,NO,44
AUT,2024,ETRIWH,PTFTW67T100,AW100,S_C0,_Z,NO,YES,44
AUT,2024,ETRIWH,PTFTW67T100,AW100,S_C0,_Z,YES,NO,44
AUT,2025,ETRIWH,PTFTW67T100,AW100,S_C0,_Z,YES,NO,44
AUT,2025,ETRIWH,PTFTW67T100,AW100,S_C0,_Z,NO,YES,44
AUT,2025,ETRIWH,PTFTW67T100,AW100,S_C0,_Z,NO,NO,44
AUT,2025,ETRIWH,PTFTW67T100,AW100,S_C0,_Z,YES,YES,44
DNK,2023,ETRIWH,PTFTW67T100,AW100,S_C0,_Z,NO,YES,48
DNK,2023,ETRIWH,PTFTW67T100,AW100,S_C0,_Z,YES,YES,48
DNK,2024,ETRIWH,PTFTW67T100,AW100,S_C0,_Z,YES,YES,49
DNK,2024,ETRIWH,PTFTW67T100,AW100,S_C0,_Z,NO,YES,49
DEU,2025,ETRIWH,PTFTW67T100,AW100,S_C0,_Z,NO,YES,48
DEU,2025,ETRIWH,PTFTW67T100,AW100,S_C0,_Z,YES,NO,48
DEU,2025,ETRIWH,PTFTW67T100,AW100,S_C0,_Z,NO,NO,48
DEU,2025,ETRIWH,PTFTW67T100,AW100,S_C0,_Z,YES,YES,48
ITA,2023,ETRIWH,PTFTW67T100,AW100,S_C0,_Z,NO,YES,48
ITA,2023,ETRIWH,PTFTW67T100,AW100,S_C0,_Z,YES,YES,48
ITA,2024,ETRIWH,PTFTW67T100,AW100,S_C0,_Z,YES,NO,55
ITA,2024,ETRIWH,PTFTW67T100,AW100,S_C0,_Z,YES,YES,57
ITA,2024,ETRIWH,PTFTW67T100,AW100,S_C0,_Z,NO,NO,55
ITA,2024,ETRIWH,PTFTW67T100,AW100,S_C0,_Z,NO,YES,57
NLD,2023,ETRIWH,PTFTW67T100,AW100,S_C0,_Z,NO,NO,54
NLD,2023,ETRIWH,PTFTW67T100,AW100,S_C0,_Z,YES,NO,54
NLD,2023,ETRIWH,PTFTW67T100,AW100,S_C0,_Z,YES,YES,54
NLD,2023,ETRIWH,PTFTW67T100,AW100,S_C0,_Z,NO,YES,54
NLD,2024,ETRIWH,PTFTW67T100,AW100,S_C0,_Z,NO,YES,55
NLD,2024,ETRIWH,PTFTW67T100,AW100,S_C0,_Z,YES,YES,55
NLD,2024,ETRIWH,PTFTW67T100,AW100,S_C0,_Z,YES,NO,54
NLD,2024,ETRIWH,PTFTW67T100,AW100,S_C0,_Z,NO,NO,54
ESP,2023,ETRIWH,PTFTW67T100,AW100,S_C0,_Z,YES,YES,54
ESP,2023,ETRIWH,PTFTW67T100,AW100,S_C0,_Z,NO,YES,54
ESP,2024,ETRIWH,PTFTW67T100,AW100,S_C0,_Z,NO,YES,54
ESP,2024,ETRIWH,PTFTW67T100,AW100,S_C0,_Z,YES,YES,54
ESP,2025,ETRIWH,PTFTW67T100,AW100,S_C0,_Z,YES,YES,54
ESP,2025,ETRIWH,PTFTW67T100,AW100,S_C0,_Z,NO,YES,54
OECD,2023,ETRIWH,PTFTW67T100,AW100,S_C0,_Z,YES,NO,38
OECD,2023,ETRIWH,PTFTW67T100,AW100,S_C0,_Z,YES,YES,40
OECD,2023,ETRIWH,PTFTW67T100,AW100,S_C0,_Z,NO,NO,38
OECD,2024,ETRIWH,PTFTW67T100,AW100,S_C0,_Z,NO,NO,38
OECD,2024,ETRIWH,PTFTW67T100,AW100,S_C0,_Z,YES,YES,40
OECD,2024,ETRIWH,PTFTW67T100,AW100,S_C0,_Z,YES,NO,38
OECD,2024,ETRIWH,PTFTW67T100,AW100,S_C0,_Z,NO,YES,40
OECD,2025,ETRIWH,PTFTW67T100,AW100,S_C0,_Z,YES,YES,40
BEL,2023,ETRIWH,PTFTW67T100,AW100,S_C0,_Z,NO,NO,59
BEL,2023,ETRIWH,PTFTW67T100,AW100,S_C0,_Z,YES,YES,59
BEL,2023,ETRIWH,PTFTW67T100,AW100,S_C0,_Z,YES,NO,59
BEL,2023,ETRIWH,PTFTW67T100,AW100,S_C0,_Z,NO,YES,59
BEL,2024,ETRIWH,PTFTW67T100,AW100,S_C0,_Z,NO,YES,59
BEL,2024,ETRIWH,PTFTW67T100,AW100,S_C0,_Z,YES,NO,59
BEL,2024,ETRIWH,PTFTW67T100,AW100,S_C0,_Z,YES,YES,59
BEL,2024,ETRIWH,PTFTW67T100,AW100,S_C0,_Z,NO,NO,59
BEL,2025,ETRIWH,PTFTW67T100,AW100,S_C0,_Z,NO,NO,58
BEL,2025,ETRIWH,PTFTW67T100,AW100,S_C0,_Z,YES,YES,58
BEL,2025,ETRIWH,PTFTW67T100,AW100,S_C0,_Z,YES,NO,58
BEL,2025,ETRIWH,PTFTW67T100,AW100,S_C0,_Z,NO,YES,58
DNK,2023,ETRIWH,PTFTW50T100,AW100,S_C0,_Z,NO,YES,45
DNK,2023,ETRIWH,PTFTW50T100,AW100,S_C0,_Z,YES,YES,45
FRA,2024,ETRIWH,PTFTW50T100,AW100,S_C0,_Z,NO,NO,45
FRA,2024,ETRIWH,PTFTW50T100,AW100,S_C0,_Z,YES,YES,45
FRA,2024,ETRIWH,PTFTW50T100,AW100,S_C0,_Z,NO,YES,45
FRA,2024,ETRIWH,PTFTW50T100,AW100,S_C0,_Z,YES,NO,45
ITA,2023,ETRIWH,PTFTW50T100,AW100,S_C0,_Z,YES,NO,45
ITA,2023,ETRIWH,PTFTW50T100,AW100,S_C0,_Z,NO,NO,45
ITA,2024,ETRIWH,PTFTW50T100,AW100,S_C0,_Z,NO,YES,50
ITA,2024,ETRIWH,PTFTW50T100,AW100,S_C0,_Z,YES,YES,50
ITA,2024,ETRIWH,PTFTW50T100,AW100,S_C0,_Z,NO,NO,49
ITA,2024,ETRIWH,PTFTW50T100,AW100,S_C0,_Z,YES,NO,49
NLD,2023,ETRIWH,PTFTW50T100,AW100,S_C0,_Z,NO,YES,57
NLD,2023,ETRIWH,PTFTW50T100,AW100,S_C0,_Z,YES,NO,51
NLD,2023,ETRIWH,PTFTW50T100,AW100,S_C0,_Z,NO,NO,51
NLD,2023,ETRIWH,PTFTW50T100,AW100,S_C0,_Z,YES,YES,57
NLD,2024,ETRIWH,PTFTW50T100,AW100,S_C0,_Z,YES,YES,59
NLD,2024,ETRIWH,PTFTW50T100,AW100,S_C0,_Z,NO,NO,52
NLD,2024,ETRIWH,PTFTW50T100,AW100,S_C0,_Z,YES,NO,52
NLD,2024,ETRIWH,PTFTW50T100,AW100,S_C0,_Z,NO,YES,59
ESP,2023,ETRIWH,PTFTW50T100,AW100,S_C0,_Z,NO,YES,50
ESP,2023,ETRIWH,PTFTW50T100,AW100,S_C0,_Z,YES,YES,50
ESP,2024,ETRIWH,PTFTW50T100,AW100,S_C0,_Z,YES,YES,49
ESP,2024,ETRIWH,PTFTW50T100,AW100,S_C0,_Z,NO,YES,49
SWE,2025,ETRIWH,PTFTW50T100,AW100,S_C0,_Z,YES,YES,28
SWE,2025,ETRIWH,PTFTW50T100,AW100,S_C0,_Z,YES,NO,28
SWE,2025,ETRIWH,PTFTW50T100,AW100,S_C0,_Z,NO,YES,28
SWE,2025,ETRIWH,PTFTW50T100,AW100,S_C0,_Z,NO,NO,28
BEL,2023,ETRIWH,PTFTW50T100,AW100,S_C0,_Z,NO,NO,63
BEL,2023,ETRIWH,PTFTW50T100,AW100,S_C0,_Z,YES,NO,63
BEL,2023,ETRIWH,PTFTW50T100,AW100,S_C0,_Z,YES,YES,63
BEL,2023,ETRIWH,PTFTW50T100,AW100,S_C0,_Z,NO,YES,63
BEL,2024,ETRIWH,PTFTW50T100,AW100,S_C0,_Z,NO,YES,63
BEL,2024,ETRIWH,PTFTW50T100,AW100,S_C0,_Z,YES,YES,63
BEL,2024,ETRIWH,PTFTW50T100,AW100,S_C0,_Z,YES,NO,63
BEL,2024,ETRIWH,PTFTW50T100,AW100,S_C0,_Z,NO,NO,63
BEL,2025,ETRIWH,PTFTW50T100,AW100,S_C0,_Z,NO,NO,64
BEL,2025,ETRIWH,PTFTW50T100,AW100,S_C0,_Z,YES,NO,64
BEL,2025,ETRIWH,PTFTW50T100,AW100,S_C0,_Z,YES,YES,64
BEL,2025,ETRIWH,PTFTW50T100,AW100,S_C0,_Z,NO,YES,64
GBR,2023,ETRIWH,PTFTW50T100,AW100,S_C0,_Z,YES,YES,42
GBR,2023,ETRIWH,PTFTW50T100,AW100,S_C0,_Z,NO,YES,42
ESP,2024,ETRIWH,PTFTW50T100,AW100,S_C0,_Z,NO,NO,38
ESP,2024,ETRIWH,PTFTW50T100,AW100,S_C0,_Z,YES,NO,38
ESP,2025,ETRIWH,PTFTW50T100,AW100,S_C0,_Z,YES,NO,38
ESP,2025,ETRIWH,PTFTW50T100,AW100,S_C0,_Z,NO,NO,38
OECD,2023,ETRIWH,PTFTW50T100,AW100,S_C0,_Z,NO,NO,38
OECD,2023,ETRIWH,PTFTW50T100,AW100,S_C0,_Z,YES,NO,38
OECD,2024,ETRIWH,PTFTW50T100,AW100,S_C0,_Z,YES,NO,38
OECD,2024,ETRIWH,PTFTW50T100,AW100,S_C0,_Z,NO,NO,38
FRA,2025,ETRIWH,PTFTW50T100,AW100,S_C0,_Z,YES,NO,47
FRA,2025,ETRIWH,PTFTW50T100,AW100,S_C0,_Z,NO,YES,47
FRA,2025,ETRIWH,PTFTW50T100,AW100,S_C0,_Z,YES,YES,47
FRA,2025,ETRIWH,PTFTW50T100,AW100,S_C0,_Z,NO,NO,47
DEU,2025,ETRIWH,PTFTW50T100,AW100,S_C0,_Z,NO,NO,47
DEU,2025,ETRIWH,PTFTW50T100,AW100,S_C0,_Z,YES,YES,47
DEU,2025,ETRIWH,PTFTW50T100,AW100,S_C0,_Z,YES,NO,47
DEU,2025,ETRIWH,PTFTW50T100,AW100,S_C0,_Z,NO,YES,47
OECD,2025,ETRIWH,PTFTW50T100,AW100,S_C0,_Z,NO,YES,39
ESP,2025,ETRIWH,PTFTW50T100,AW100,S_C0,_Z,NO,YES,48
ESP,2025,ETRIWH,PTFTW50T100,AW100,S_C0,_Z,YES,YES,48
DNK,2024,ETRIWH,PTFTW50T100,AW100,S_C0,_Z,YES,YES,46
DNK,2024,ETRIWH,PTFTW50T100,AW100,S_C0,_Z,NO,YES,46
FRA,2023,ETRIWH,PTFTW50T100,AW100,S_C0,_Z,YES,NO,46
FRA,2023,ETRIWH,PTFTW50T100,AW100,S_C0,_Z,NO,YES,46
FRA,2023,ETRIWH,PTFTW50T100,AW100,S_C0,_Z,YES,YES,46
FRA,2023,ETRIWH,PTFTW50T100,AW100,S_C0,_Z,NO,NO,46
DEU,2023,ETRIWH,PTFTW50T100,AW100,S_C0,_Z,NO,NO,46
DEU,2023,ETRIWH,PTFTW50T100,AW100,S_C0,_Z,YES,YES,46
DEU,2023,ETRIWH,PTFTW50T100,AW100,S_C0,_Z,YES,NO,46
DEU,2023,ETRIWH,PTFTW50T100,AW100,S_C0,_Z,NO,YES,46
DEU,2024,ETRIWH,PTFTW50T100,AW100,S_C0,_Z,NO,YES,46
DEU,2024,ETRIWH,PTFTW50T100,AW100,S_C0,_Z,YES,NO,46
DEU,2024,ETRIWH,PTFTW50T100,AW100,S_C0,_Z,YES,YES,46
DEU,2024,ETRIWH,PTFTW50T100,AW100,S_C0,_Z,NO,NO,46
ITA,2023,ETRIWH,PTFTW50T100,AW100,S_C0,_Z,YES,YES,46
ITA,2023,ETRIWH,PTFTW50T100,AW100,S_C0,_Z,NO,YES,46
ITA,2025,ETRIWH,PTFTW50T100,AW100,S_C0,_Z,YES,YES,46
ITA,2025,ETRIWH,PTFTW50T100,AW100,S_C0,_Z,NO,YES,46
GBR,2025,ETRIWH,PTFTW50T100,AW100,S_C0,_Z,YES,YES,41
GBR,2025,ETRIWH,PTFTW50T100,AW100,S_C0,_Z,NO,YES,41
OECD,2023,ETRIWH,PTFTW50T100,AW100,S_C0,_Z,YES,YES,41
OECD,2024,ETRIWH,PTFTW50T100,AW100,S_C0,_Z,YES,YES,41
AUT,2024,ETRIWH,PTFTW50T100,AW100,S_C0,_Z,YES,YES,43
AUT,2024,ETRIWH,PTFTW50T100,AW100,S_C0,_Z,YES,NO,43
AUT,2024,ETRIWH,PTFTW50T100,AW100,S_C0,_Z,NO,NO,43
AUT,2024,ETRIWH,PTFTW50T100,AW100,S_C0,_Z,NO,YES,43
AUT,2025,ETRIWH,PTFTW50T100,AW100,S_C0,_Z,NO,YES,43
AUT,2025,ETRIWH,PTFTW50T100,AW100,S_C0,_Z,NO,NO,43
AUT,2025,ETRIWH,PTFTW50T100,AW100,S_C0,_Z,YES,NO,43
AUT,2025,ETRIWH,PTFTW50T100,AW100,S_C0,_Z,YES,YES,43
ITA,2025,ETRIWH,PTFTW50T100,AW100,S_C0,_Z,YES,NO,43
ITA,2025,ETRIWH,PTFTW50T100,AW100,S_C0,_Z,NO,NO,43
AUT,2023,ETRIWH,PTFTW50T100,AW100,S_C0,_Z,NO,YES,44
AUT,2023,ETRIWH,PTFTW50T100,AW100,S_C0,_Z,NO,NO,44
AUT,2023,ETRIWH,PTFTW50T100,AW100,S_C0,_Z,YES,NO,44
AUT,2023,ETRIWH,PTFTW50T100,AW100,S_C0,_Z,YES,YES,44
DNK,2023,ETRIWH,PTFTW50T100,AW100,S_C0,_Z,YES,NO,40
DNK,2023,ETRIWH,PTFTW50T100,AW100,S_C0,_Z,NO,NO,40
DNK,2024,ETRIWH,PTFTW50T100,AW100,S_C0,_Z,NO,NO,40
DNK,2024,ETRIWH,PTFTW50T100,AW100,S_C0,_Z,YES,NO,40
GBR,2024,ETRIWH,PTFTW50T100,AW100,S_C0,_Z,NO,YES,40
GBR,2024,ETRIWH,PTFTW50T100,AW100,S_C0,_Z,YES,YES,40
OECD,2023,ETRIWH,PTFTW50T100,AW100,S_C0,_Z,NO,YES,40
OECD,2024,ETRIWH,PTFTW50T100,AW100,S_C0,_Z,NO,YES,40
OECD,2025,ETRIWH,PTFTW50T100,AW100,S_C0,_Z,YES,YES,40
ESP,2023,ETRIWH,PTFTW50T100,AW100,S_C0,_Z,YES,NO,37
ESP,2023,ETRIWH,PTFTW50T100,AW100,S_C0,_Z,NO,NO,37
OECD,2025,ETRIWH,PTFTW50T100,AW100,S_C0,_Z,NO,NO,37
OECD,2025,ETRIWH,PTFTW50T100,AW100,S_C0,_Z,YES,NO,37
SWE,2024,ETRIWH,PTFTW50T100,AW100,S_C0,_Z,NO,NO,29
SWE,2024,ETRIWH,PTFTW50T100,AW100,S_C0,_Z,NO,YES,29
SWE,2024,ETRIWH,PTFTW50T100,AW100,S_C0,_Z,YES,NO,29
SWE,2024,ETRIWH,PTFTW50T100,AW100,S_C0,_Z,YES,YES,29
GBR,2024,ETRIWH,PTFTW50T100,AW100,S_C0,_Z,NO,NO,29
GBR,2024,ETRIWH,PTFTW50T100,AW100,S_C0,_Z,YES,NO,29
USA,2023,ETRIWH,PTFTW50T100,AW100,S_C0,_Z,NO,NO,29
USA,2023,ETRIWH,PTFTW50T100,AW100,S_C0,_Z,YES,YES,29
USA,2023,ETRIWH,PTFTW50T100,AW100,S_C0,_Z,YES,NO,29
USA,2023,ETRIWH,PTFTW50T100,AW100,S_C0,_Z,NO,YES,29
USA,2024,ETRIWH,PTFTW50T100,AW100,S_C0,_Z,NO,YES,29
USA,2024,ETRIWH,PTFTW50T100,AW100,S_C0,_Z,YES,NO,29
USA,2024,ETRIWH,PTFTW50T100,AW100,S_C0,_Z,YES,YES,29
USA,2024,ETRIWH,PTFTW50T100,AW100,S_C0,_Z,NO,NO,29
USA,2025,ETRIWH,PTFTW50T100,AW100,S_C0,_Z,NO,NO,29
USA,2025,ETRIWH,PTFTW50T100,AW100,S_C0,_Z,YES,YES,29
USA,2025,ETRIWH,PTFTW50T100,AW100,S_C0,_Z,YES,NO,29
USA,2025,ETRIWH,PTFTW50T100,AW100,S_C0,_Z,NO,YES,29
ITA,2024,ETRIWH,PTFTW50T66,AW100,S_C0,_Z,YES,YES,36
ITA,2024,ETRIWH,PTFTW50T66,AW100,S_C0,_Z,NO,YES,36
ITA,2024,ETRIWH,PTFTW50T66,AW100,S_C0,_Z,YES,NO,36
ITA,2024,ETRIWH,PTFTW50T66,AW100,S_C0,_Z,NO,NO,36
ESP,2025,ETRIWH,PTFTW50T66,AW100,S_C0,_Z,NO,YES,36
ESP,2025,ETRIWH,PTFTW50T66,AW100,S_C0,_Z,YES,YES,36
DNK,2023,ETRIWH,PTFTW50T66,AW100,S_C0,_Z,NO,NO,39
DNK,2023,ETRIWH,PTFTW50T66,AW100,S_C0,_Z,YES,NO,39
DNK,2024,ETRIWH,PTFTW50T66,AW100,S_C0,_Z,YES,NO,39
DNK,2024,ETRIWH,PTFTW50T66,AW100,S_C0,_Z,NO,NO,39
AUT,2023,ETRIWH,PTFTW50T66,AW100,S_C0,_Z,NO,NO,44
AUT,2023,ETRIWH,PTFTW50T66,AW100,S_C0,_Z,YES,NO,44
AUT,2024,ETRIWH,PTFTW50T66,AW100,S_C0,_Z,YES,NO,42
AUT,2024,ETRIWH,PTFTW50T66,AW100,S_C0,_Z,NO,NO,42
AUT,2025,ETRIWH,PTFTW50T66,AW100,S_C0,_Z,NO,NO,42
AUT,2025,ETRIWH,PTFTW50T66,AW100,S_C0,_Z,YES,NO,42
BEL,2023,ETRIWH,PTFTW50T66,AW100,S_C0,_Z,YES,NO,70
BEL,2023,ETRIWH,PTFTW50T66,AW100,S_C0,_Z,NO,NO,70
BEL,2024,ETRIWH,PTFTW50T66,AW100,S_C0,_Z,NO,NO,71
BEL,2024,ETRIWH,PTFTW50T66,AW100,S_C0,_Z,YES,NO,71
BEL,2025,ETRIWH,PTFTW50T66,AW100,S_C0,_Z,YES,NO,76
BEL,2025,ETRIWH,PTFTW50T66,AW100,S_C0,_Z,NO,NO,76
FRA,2023,ETRIWH,PTFTW50T66,AW100,S_C0,_Z,YES,NO,64
FRA,2023,ETRIWH,PTFTW50T66,AW100,S_C0,_Z,NO,NO,64
FRA,2024,ETRIWH,PTFTW50T66,AW100,S_C0,_Z,NO,NO,62
FRA,2024,ETRIWH,PTFTW50T66,AW100,S_C0,_Z,YES,NO,62
FRA,2025,ETRIWH,PTFTW50T66,AW100,S_C0,_Z,YES,NO,65
FRA,2025,ETRIWH,PTFTW50T66,AW100,S_C0,_Z,NO,NO,65
DEU,2023,ETRIWH,PTFTW50T66,AW100,S_C0,_Z,NO,NO,44
DEU,2023,ETRIWH,PTFTW50T66,AW100,S_C0,_Z,YES,NO,44
DEU,2024,ETRIWH,PTFTW50T66,AW100,S_C0,_Z,YES,NO,44
DEU,2024,ETRIWH,PTFTW50T66,AW100,S_C0,_Z,NO,NO,44
DEU,2025,ETRIWH,PTFTW50T66,AW100,S_C0,_Z,NO,NO,44
DEU,2025,ETRIWH,PTFTW50T66,AW100,S_C0,_Z,YES,NO,44
ITA,2023,ETRIWH,PTFTW50T66,AW100,S_C0,_Z,NO,NO,42
ITA,2023,ETRIWH,PTFTW50T66,AW100,S_C0,_Z,YES,NO,42
ITA,2025,ETRIWH,PTFTW50T66,AW100,S_C0,_Z,NO,NO,38
ITA,2025,ETRIWH,PTFTW50T66,AW100,S_C0,_Z,YES,NO,38
NLD,2023,ETRIWH,PTFTW50T66,AW100,S_C0,_Z,YES,NO,46
NLD,2023,ETRIWH,PTFTW50T66,AW100,S_C0,_Z,NO,NO,46
NLD,2024,ETRIWH,PTFTW50T66,AW100,S_C0,_Z,NO,NO,48
NLD,2024,ETRIWH,PTFTW50T66,AW100,S_C0,_Z,YES,NO,48
ESP,2023,ETRIWH,PTFTW50T66,AW100,S_C0,_Z,YES,NO,46
ESP,2023,ETRIWH,PTFTW50T66,AW100,S_C0,_Z,NO,NO,46
ESP,2024,ETRIWH,PTFTW50T66,AW100,S_C0,_Z,NO,NO,52
ESP,2024,ETRIWH,PTFTW50T66,AW100,S_C0,_Z,YES,NO,52
ESP,2025,ETRIWH,PTFTW50T66,AW100,S_C0,_Z,YES,NO,50
ESP,2025,ETRIWH,PTFTW50T66,AW100,S_C0,_Z,NO,NO,50
SWE,2023,ETRIWH,PTFTW50T66,AW100,S_C0,_Z,NO,NO,28
SWE,2023,ETRIWH,PTFTW50T66,AW100,S_C0,_Z,YES,NO,28
SWE,2024,ETRIWH,PTFTW50T66,AW100,S_C0,_Z,YES,NO,27
SWE,2024,ETRIWH,PTFTW50T66,AW100,S_C0,_Z,NO,NO,27
SWE,2025,ETRIWH,PTFTW50T66,AW100,S_C0,_Z,NO,NO,26
SWE,2025,ETRIWH,PTFTW50T66,AW100,S_C0,_Z,YES,NO,26
GBR,2024,ETRIWH,PTFTW50T66,AW100,S_C0,_Z,NO,NO,28
GBR,2024,ETRIWH,PTFTW50T66,AW100,S_C0,_Z,YES,NO,28
GBR,2025,ETRIWH,PTFTW50T66,AW100,S_C0,_Z,YES,NO,28
GBR,2025,ETRIWH,PTFTW50T66,AW100,S_C0,_Z,NO,NO,28
USA,2023,ETRIWH,PTFTW50T66,AW100,S_C0,_Z,YES,NO,26
USA,2023,ETRIWH,PTFTW50T66,AW100,S_C0,_Z,NO,NO,26
USA,2024,ETRIWH,PTFTW50T66,AW100,S_C0,_Z,NO,NO,26
USA,2024,ETRIWH,PTFTW50T66,AW100,S_C0,_Z,YES,NO,26
USA,2025,ETRIWH,PTFTW50T66,AW100,S_C0,_Z,YES,NO,26
USA,2025,ETRIWH,PTFTW50T66,AW100,S_C0,_Z,NO,NO,26
OECD,2023,ETRIWH,PTFTW50T66,AW100,S_C0,_Z,YES,NO,37
OECD,2023,ETRIWH,PTFTW50T66,AW100,S_C0,_Z,NO,NO,37
OECD,2024,ETRIWH,PTFTW50T66,AW100,S_C0,_Z,NO,NO,37
OECD,2024,ETRIWH,PTFTW50T66,AW100,S_C0,_Z,YES,NO,37
OECD,2025,ETRIWH,PTFTW50T66,AW100,S_C0,_Z,YES,NO,37
OECD,2025,ETRIWH,PTFTW50T66,AW100,S_C0,_Z,NO,NO,37
AUT,2023,ETRIWH,PTFTW50T66,AW100,S_C0,_Z,NO,YES,44
AUT,2024,ETRIWH,PTFTW50T66,AW100,S_C0,_Z,NO,YES,42
AUT,2025,ETRIWH,PTFTW50T66,AW100,S_C0,_Z,NO,YES,42
BEL,2023,ETRIWH,PTFTW50T66,AW100,S_C0,_Z,NO,YES,70
BEL,2024,ETRIWH,PTFTW50T66,AW100,S_C0,_Z,NO,YES,71
BEL,2025,ETRIWH,PTFTW50T66,AW100,S_C0,_Z,NO,YES,76
DNK,2023,ETRIWH,PTFTW50T66,AW100,S_C0,_Z,NO,YES,39
DNK,2024,ETRIWH,PTFTW50T66,AW100,S_C0,_Z,NO,YES,39
FRA,2023,ETRIWH,PTFTW50T66,AW100,S_C0,_Z,NO,YES,64
FRA,2024,ETRIWH,PTFTW50T66,AW100,S_C0,_Z,NO,YES,62
FRA,2025,ETRIWH,PTFTW50T66,AW100,S_C0,_Z,NO,YES,65
DEU,2023,ETRIWH,PTFTW50T66,AW100,S_C0,_Z,NO,YES,44
DEU,2024,ETRIWH,PTFTW50T66,AW100,S_C0,_Z,NO,YES,44
DEU,2025,ETRIWH,PTFTW50T66,AW100,S_C0,_Z,NO,YES,44
ITA,2023,ETRIWH,PTFTW50T66,AW100,S_C0,_Z,NO,YES,42
ITA,2025,ETRIWH,PTFTW50T66,AW100,S_C0,_Z,NO,YES,45
NLD,2023,ETRIWH,PTFTW50T66,AW100,S_C0,_Z,NO,YES,65
NLD,2024,ETRIWH,PTFTW50T66,AW100,S_C0,_Z,NO,YES,66
ESP,2023,ETRIWH,PTFTW50T66,AW100,S_C0,_Z,NO,YES,41
ESP,2024,ETRIWH,PTFTW50T66,AW100,S_C0,_Z,NO,YES,38
SWE,2023,ETRIWH,PTFTW50T66,AW100,S_C0,_Z,NO,YES,28
SWE,2024,ETRIWH,PTFTW50T66,AW100,S_C0,_Z,NO,YES,27
SWE,2025,ETRIWH,PTFTW50T66,AW100,S_C0,_Z,NO,YES,26
GBR,2023,ETRIWH,PTFTW50T66,AW100,S_C0,_Z,NO,YES,61
GBR,2024,ETRIWH,PTFTW50T66,AW100,S_C0,_Z,NO,YES,61
GBR,2025,ETRIWH,PTFTW50T66,AW100,S_C0,_Z,NO,YES,60
USA,2023,ETRIWH,PTFTW50T66,AW100,S_C0,_Z,NO,YES,26
USA,2024,ETRIWH,PTFTW50T66,AW100,S_C0,_Z,NO,YES,26
USA,2025,ETRIWH,PTFTW50T66,AW100,S_C0,_Z,NO,YES,26
OECD,2023,ETRIWH,PTFTW50T66,AW100,S_C0,_Z,NO,YES,42
OECD,2024,ETRIWH,PTFTW50T66,AW100,S_C0,_Z,NO,YES,42
OECD,2025,ETRIWH,PTFTW50T66,AW100,S_C0,_Z,NO,YES,39
AUT,2023,ETRIWH,PTFTW50T66,AW100,S_C0,_Z,YES,YES,44
AUT,2024,ETRIWH,PTFTW50T66,AW100,S_C0,_Z,YES,YES,42
AUT,2025,ETRIWH,PTFTW50T66,AW100,S_C0,_Z,YES,YES,42
BEL,2023,ETRIWH,PTFTW50T66,AW100,S_C0,_Z,YES,YES,70
BEL,2024,ETRIWH,PTFTW50T66,AW100,S_C0,_Z,YES,YES,71
BEL,2025,ETRIWH,PTFTW50T66,AW100,S_C0,_Z,YES,YES,76
DNK,2023,ETRIWH,PTFTW50T66,AW100,S_C0,_Z,YES,YES,39
DNK,2024,ETRIWH,PTFTW50T66,AW100,S_C0,_Z,YES,YES,39
FRA,2023,ETRIWH,PTFTW50T66,AW100,S_C0,_Z,YES,YES,64
FRA,2024,ETRIWH,PTFTW50T66,AW100,S_C0,_Z,YES,YES,62
FRA,2025,ETRIWH,PTFTW50T66,AW100,S_C0,_Z,YES,YES,65
DEU,2023,ETRIWH,PTFTW50T66,AW100,S_C0,_Z,YES,YES,44
DEU,2024,ETRIWH,PTFTW50T66,AW100,S_C0,_Z,YES,YES,44
DEU,2025,ETRIWH,PTFTW50T66,AW100,S_C0,_Z,YES,YES,44
ITA,2023,ETRIWH,PTFTW50T66,AW100,S_C0,_Z,YES,YES,42
ITA,2025,ETRIWH,PTFTW50T66,AW100,S_C0,_Z,YES,YES,45
NLD,2023,ETRIWH,PTFTW50T66,AW100,S_C0,_Z,YES,YES,65
NLD,2024,ETRIWH,PTFTW50T66,AW100,S_C0,_Z,YES,YES,66
ESP,2023,ETRIWH,PTFTW50T66,AW100,S_C0,_Z,YES,YES,41
ESP,2024,ETRIWH,PTFTW50T66,AW100,S_C0,_Z,YES,YES,38
SWE,2023,ETRIWH,PTFTW50T66,AW100,S_C0,_Z,YES,YES,28
SWE,2024,ETRIWH,PTFTW50T66,AW100,S_C0,_Z,YES,YES,27
SWE,2025,ETRIWH,PTFTW50T66,AW100,S_C0,_Z,YES,YES,26
GBR,2023,ETRIWH,PTFTW50T66,AW100,S_C0,_Z,YES,YES,61
GBR,2024,ETRIWH,PTFTW50T66,AW100,S_C0,_Z,YES,YES,61
GBR,2025,ETRIWH,PTFTW50T66,AW100,S_C0,_Z,YES,YES,60
USA,2023,ETRIWH,PTFTW50T66,AW100,S_C0,_Z,YES,YES,26
USA,2024,ETRIWH,PTFTW50T66,AW100,S_C0,_Z,YES,YES,26
USA,2025,ETRIWH,PTFTW50T66,AW100,S_C0,_Z,YES,YES,26
OECD,2023,ETRIWH,PTFTW50T66,AW100,S_C0,_Z,YES,YES,44
OECD,2024,ETRIWH,PTFTW50T66,AW100,S_C0,_Z,YES,YES,43
OECD,2025,ETRIWH,PTFTW50T66,AW100,S_C0,_Z,YES,YES,40
POL,2025,ETRIWH,PTFTW33T67,AW100,S_C0,_Z,YES,NO,31
POL,2025,ETRIWH,PTFTW33T67,AW100,S_C0,_Z,NO,NO,31
ESP,2024,ETRIWH,PTFTW33T67,AW100,S_C0,_Z,YES,NO,29
ESP,2024,ETRIWH,PTFTW33T67,AW100,S_C0,_Z,NO,NO,29
SWE,2024,ETRIWH,PTFTW33T67,AW100,S_C0,_Z,YES,NO,27
SWE,2024,ETRIWH,PTFTW33T67,AW100,S_C0,_Z,NO,NO,27
POL,2023,ETRIWH,PTFTW33T67,AW100,S_C0,_Z,YES,NO,28
POL,2023,ETRIWH,PTFTW33T67,AW100,S_C0,_Z,NO,NO,28
SWE,2023,ETRIWH,PTFTW33T67,AW100,S_C0,_Z,NO,NO,28
SWE,2023,ETRIWH,PTFTW33T67,AW100,S_C0,_Z,YES,NO,28
GBR,2024,ETRIWH,PTFTW33T67,AW100,S_C0,_Z,YES,NO,28
GBR,2024,ETRIWH,PTFTW33T67,AW100,S_C0,_Z,NO,NO,28
GBR,2025,ETRIWH,PTFTW33T67,AW100,S_C0,_Z,NO,NO,28
GBR,2025,ETRIWH,PTFTW33T67,AW100,S_C0,_Z,YES,NO,28
OECD,2025,ETRIWH,PTFTW33T67,AW100,S_C0,_Z,YES,NO,34
ESP,2023,ETRIWH,PTFTW33T67,AW100,S_C0,_Z,NO,NO,26
ESP,2023,ETRIWH,PTFTW33T67,AW100,S_C0,_Z,YES,NO,26
SWE,2025,ETRIWH,PTFTW33T67,AW100,S_C0,_Z,NO,NO,26
SWE,2025,ETRIWH,PTFTW33T67,AW100,S_C0,_Z,YES,NO,26
USA,2023,ETRIWH,PTFTW33T67,AW100,S_C0,_Z,YES,NO,26
USA,2023,ETRIWH,PTFTW33T67,AW100,S_C0,_Z,NO,NO,26
USA,2024,ETRIWH,PTFTW33T67,AW100,S_C0,_Z,NO,NO,26
USA,2024,ETRIWH,PTFTW33T67,AW100,S_C0,_Z,YES,NO,26
USA,2025,ETRIWH,PTFTW33T67,AW100,S_C0,_Z,YES,NO,26
USA,2025,ETRIWH,PTFTW33T67,AW100,S_C0,_Z,NO,NO,26
OECD,2023,ETRIWH,PTFTW33T67,AW100,S_C0,_Z,YES,NO,35
OECD,2024,ETRIWH,PTFTW33T67,AW100,S_C0,_Z,YES,NO,35
AUT,2023,ETRIWH,PTFTW33T67,AW100,S_C0,_Z,YES,NO,42
AUT,2023,ETRIWH,PTFTW33T67,AW100,S_C0,_Z,NO,NO,42
AUT,2024,ETRIWH,PTFTW33T67,AW100,S_C0,_Z,NO,NO,42
AUT,2024,ETRIWH,PTFTW33T67,AW100,S_C0,_Z,YES,NO,42
AUT,2025,ETRIWH,PTFTW33T67,AW100,S_C0,_Z,YES,NO,42
AUT,2025,ETRIWH,PTFTW33T67,AW100,S_C0,_Z,NO,NO,42
BEL,2023,ETRIWH,PTFTW33T67,AW100,S_C0,_Z,NO,NO,58
BEL,2023,ETRIWH,PTFTW33T67,AW100,S_C0,_Z,YES,NO,58
BEL,2024,ETRIWH,PTFTW33T67,AW100,S_C0,_Z,YES,NO,59
BEL,2024,ETRIWH,PTFTW33T67,AW100,S_C0,_Z,NO,NO,59
BEL,2025,ETRIWH,PTFTW33T67,AW100,S_C0,_Z,NO,NO,61
BEL,2025,ETRIWH,PTFTW33T67,AW100,S_C0,_Z,YES,NO,61
DNK,2023,ETRIWH,PTFTW33T67,AW100,S_C0,_Z,NO,NO,39
DNK,2023,ETRIWH,PTFTW33T67,AW100,S_C0,_Z,YES,NO,47
DNK,2024,ETRIWH,PTFTW33T67,AW100,S_C0,_Z,YES,NO,45
DNK,2024,ETRIWH,PTFTW33T67,AW100,S_C0,_Z,NO,NO,39
FRA,2023,ETRIWH,PTFTW33T67,AW100,S_C0,_Z,YES,NO,50
FRA,2023,ETRIWH,PTFTW33T67,AW100,S_C0,_Z,NO,NO,50
FRA,2024,ETRIWH,PTFTW33T67,AW100,S_C0,_Z,NO,NO,49
FRA,2024,ETRIWH,PTFTW33T67,AW100,S_C0,_Z,YES,NO,49
FRA,2025,ETRIWH,PTFTW33T67,AW100,S_C0,_Z,YES,NO,50
FRA,2025,ETRIWH,PTFTW33T67,AW100,S_C0,_Z,NO,NO,50
DEU,2023,ETRIWH,PTFTW33T67,AW100,S_C0,_Z,YES,NO,43
DEU,2023,ETRIWH,PTFTW33T67,AW100,S_C0,_Z,NO,NO,43
DEU,2024,ETRIWH,PTFTW33T67,AW100,S_C0,_Z,NO,NO,43
DEU,2024,ETRIWH,PTFTW33T67,AW100,S_C0,_Z,YES,NO,43
DEU,2025,ETRIWH,PTFTW33T67,AW100,S_C0,_Z,YES,NO,43
DEU,2025,ETRIWH,PTFTW33T67,AW100,S_C0,_Z,NO,NO,43
ITA,2023,ETRIWH,PTFTW33T67,AW100,S_C0,_Z,NO,NO,40
ITA,2023,ETRIWH,PTFTW33T67,AW100,S_C0,_Z,YES,NO,40
ITA,2024,ETRIWH,PTFTW33T67,AW100,S_C0,_Z,YES,NO,37
ITA,2024,ETRIWH,PTFTW33T67,AW100,S_C0,_Z,NO,NO,37
ITA,2025,ETRIWH,PTFTW33T67,AW100,S_C0,_Z,NO,NO,37
ITA,2025,ETRIWH,PTFTW33T67,AW100,S_C0,_Z,YES,NO,37
NLD,2023,ETRIWH,PTFTW33T67,AW100,S_C0,_Z,NO,NO,41
NLD,2023,ETRIWH,PTFTW33T67,AW100,S_C0,_Z,YES,NO,41
NLD,2024,ETRIWH,PTFTW33T67,AW100,S_C0,_Z,YES,NO,41
NLD,2024,ETRIWH,PTFTW33T67,AW100,S_C0,_Z,NO,NO,41
AUT,2023,ETRIWH,PTFTW33T67,AW100,S_C0,_Z,NO,YES,42
AUT,2024,ETRIWH,PTFTW33T67,AW100,S_C0,_Z,NO,YES,42
AUT,2025,ETRIWH,PTFTW33T67,AW100,S_C0,_Z,NO,YES,42
BEL,2023,ETRIWH,PTFTW33T67,AW100,S_C0,_Z,NO,YES,58
BEL,2024,ETRIWH,PTFTW33T67,AW100,S_C0,_Z,NO,YES,59
BEL,2025,ETRIWH,PTFTW33T67,AW100,S_C0,_Z,NO,YES,61
DNK,2023,ETRIWH,PTFTW33T67,AW100,S_C0,_Z,NO,YES,39
DNK,2024,ETRIWH,PTFTW33T67,AW100,S_C0,_Z,NO,YES,39
FRA,2023,ETRIWH,PTFTW33T67,AW100,S_C0,_Z,NO,YES,53
FRA,2024,ETRIWH,PTFTW33T67,AW100,S_C0,_Z,NO,YES,52
FRA,2025,ETRIWH,PTFTW33T67,AW100,S_C0,_Z,NO,YES,54
DEU,2023,ETRIWH,PTFTW33T67,AW100,S_C0,_Z,NO,YES,43
DEU,2024,ETRIWH,PTFTW33T67,AW100,S_C0,_Z,NO,YES,43
DEU,2025,ETRIWH,PTFTW33T67,AW100,S_C0,_Z,NO,YES,43
ITA,2023,ETRIWH,PTFTW33T67,AW100,S_C0,_Z,NO,YES,41
ITA,2024,ETRIWH,PTFTW33T67,AW100,S_C0,_Z,NO,YES,38
ITA,2025,ETRIWH,PTFTW33T67,AW100,S_C0,_Z,NO,YES,38
NLD,2023,ETRIWH,PTFTW33T67,AW100,S_C0,_Z,NO,YES,64
NLD,2024,ETRIWH,PTFTW33T67,AW100,S_C0,_Z,NO,YES,64
POL,2023,ETRIWH,PTFTW33T67,AW100,S_C0,_Z,NO,YES,57
POL,2024,ETRIWH,PTFTW33T67,AW100,S_C0,_Z,NO,YES,58
POL,2025,ETRIWH,PTFTW33T67,AW100,S_C0,_Z,NO,YES,59
ESP,2023,ETRIWH,PTFTW33T67,AW100,S_C0,_Z,NO,YES,35
ESP,2024,ETRIWH,PTFTW33T67,AW100,S_C0,_Z,NO,YES,36
ESP,2025,ETRIWH,PTFTW33T67,AW100,S_C0,_Z,NO,YES,37
SWE,2023,ETRIWH,PTFTW33T67,AW100,S_C0,_Z,NO,YES,28
SWE,2024,ETRIWH,PTFTW33T67,AW100,S_C0,_Z,NO,YES,27
SWE,2025,ETRIWH,PTFTW33T67,AW100,S_C0,_Z,NO,YES,26
GBR,2023,ETRIWH,PTFTW33T67,AW100,S_C0,_Z,NO,YES,65
GBR,2024,ETRIWH,PTFTW33T67,AW100,S_C0,_Z,NO,YES,64
GBR,2025,ETRIWH,PTFTW33T67,AW100,S_C0,_Z,NO,YES,64
USA,2023,ETRIWH,PTFTW33T67,AW100,S_C0,_Z,NO,YES,26
USA,2024,ETRIWH,PTFTW33T67,AW100,S_C0,_Z,NO,YES,26
USA,2025,ETRIWH,PTFTW33T67,AW100,S_C0,_Z,NO,YES,26
OECD,2023,ETRIWH,PTFTW33T67,AW100,S_C0,_Z,NO,YES,41
OECD,2024,ETRIWH,PTFTW33T67,AW100,S_C0,_Z,NO,YES,42
OECD,2025,ETRIWH,PTFTW33T67,AW100,S_C0,_Z,NO,YES,41
AUT,2023,ETRIWH,PTFTW33T67,AW100,S_C0,_Z,YES,YES,42
AUT,2024,ETRIWH,PTFTW33T67,AW100,S_C0,_Z,YES,YES,42
AUT,2025,ETRIWH,PTFTW33T67,AW100,S_C0,_Z,YES,YES,42
BEL,2023,ETRIWH,PTFTW33T67,AW100,S_C0,_Z,YES,YES,58
BEL,2024,ETRIWH,PTFTW33T67,AW100,S_C0,_Z,YES,YES,59
BEL,2025,ETRIWH,PTFTW33T67,AW100,S_C0,_Z,YES,YES,61
DNK,2023,ETRIWH,PTFTW33T67,AW100,S_C0,_Z,YES,YES,74
DNK,2024,ETRIWH,PTFTW33T67,AW100,S_C0,_Z,YES,YES,73
FRA,2023,ETRIWH,PTFTW33T67,AW100,S_C0,_Z,YES,YES,53
FRA,2024,ETRIWH,PTFTW33T67,AW100,S_C0,_Z,YES,YES,52
FRA,2025,ETRIWH,PTFTW33T67,AW100,S_C0,_Z,YES,YES,54
DEU,2023,ETRIWH,PTFTW33T67,AW100,S_C0,_Z,YES,YES,44
DEU,2024,ETRIWH,PTFTW33T67,AW100,S_C0,_Z,YES,YES,47
DEU,2025,ETRIWH,PTFTW33T67,AW100,S_C0,_Z,YES,YES,45
ITA,2023,ETRIWH,PTFTW33T67,AW100,S_C0,_Z,YES,YES,41
ITA,2024,ETRIWH,PTFTW33T67,AW100,S_C0,_Z,YES,YES,38
ITA,2025,ETRIWH,PTFTW33T67,AW100,S_C0,_Z,YES,YES,38
NLD,2023,ETRIWH,PTFTW33T67,AW100,S_C0,_Z,YES,YES,64
NLD,2024,ETRIWH,PTFTW33T67,AW100,S_C0,_Z,YES,YES,64
POL,2023,ETRIWH,PTFTW33T67,AW100,S_C0,_Z,YES,YES,57
POL,2024,ETRIWH,PTFTW33T67,AW100,S_C0,_Z,YES,YES,58
POL,2025,ETRIWH,PTFTW33T67,AW100,S_C0,_Z,YES,YES,59
ESP,2023,ETRIWH,PTFTW33T67,AW100,S_C0,_Z,YES,YES,35
ESP,2024,ETRIWH,PTFTW33T67,AW100,S_C0,_Z,YES,YES,36
ESP,2025,ETRIWH,PTFTW33T67,AW100,S_C0,_Z,YES,YES,37
SWE,2023,ETRIWH,PTFTW33T67,AW100,S_C0,_Z,YES,YES,36
SWE,2024,ETRIWH,PTFTW33T67,AW100,S_C0,_Z,YES,YES,35
SWE,2025,ETRIWH,PTFTW33T67,AW100,S_C0,_Z,YES,YES,34
GBR,2023,ETRIWH,PTFTW33T67,AW100,S_C0,_Z,YES,YES,65
GBR,2024,ETRIWH,PTFTW33T67,AW100,S_C0,_Z,YES,YES,64
GBR,2025,ETRIWH,PTFTW33T67,AW100,S_C0,_Z,YES,YES,64
USA,2023,ETRIWH,PTFTW33T67,AW100,S_C0,_Z,YES,YES,28
USA,2024,ETRIWH,PTFTW33T67,AW100,S_C0,_Z,YES,YES,28
USA,2025,ETRIWH,PTFTW33T67,AW100,S_C0,_Z,YES,YES,27
OECD,2023,ETRIWH,PTFTW33T67,AW100,S_C0,_Z,YES,YES,45
OECD,2024,ETRIWH,PTFTW33T67,AW100,S_C0,_Z,YES,YES,46
OECD,2025,ETRIWH,PTFTW33T67,AW100,S_C0,_Z,YES,YES,43
ESP,2023,ETRIWH,PTFTW67T100,AW100,S_C0,_Z,NO,NO,33
ESP,2023,ETRIWH,PTFTW67T100,AW100,S_C0,_Z,YES,NO,33
OECD,2023,ETRIWH,PTFTW33T67,AW100,S_C0,_Z,NO,NO,33
OECD,2024,ETRIWH,PTFTW33T67,AW100,S_C0,_Z,NO,NO,33
OECD,2025,ETRIWH,PTFTW33T67,AW100,S_C0,_Z,NO,NO,33
POL,2024,ETRIWH,PTFTW33T67,AW100,S_C0,_Z,NO,NO,30
POL,2024,ETRIWH,PTFTW33T67,AW100,S_C0,_Z,YES,NO,30
SWE,2023,ETRIWH,PTFTW50T100,AW100,S_C0,_Z,YES,YES,30
SWE,2023,ETRIWH,PTFTW50T100,AW100,S_C0,_Z,YES,NO,30
SWE,2023,ETRIWH,PTFTW50T100,AW100,S_C0,_Z,NO,YES,30
SWE,2023,ETRIWH,PTFTW50T100,AW100,S_C0,_Z,NO,NO,30
SWE,2024,ETRIWH,PTFTW67T100,AW100,S_C0,_Z,YES,YES,30
SWE,2024,ETRIWH,PTFTW67T100,AW100,S_C0,_Z,YES,NO,30
SWE,2024,ETRIWH,PTFTW67T100,AW100,S_C0,_Z,NO,NO,30
SWE,2024,ETRIWH,PTFTW67T100,AW100,S_C0,_Z,NO,YES,30
ESP,2025,ETRIWH,PTFTW33T67,AW100,S_C0,_Z,NO,NO,30
ESP,2025,ETRIWH,PTFTW33T67,AW100,S_C0,_Z,YES,NO,30
GBR,2025,ETRIWH,PTFTW50T100,AW100,S_C0,_Z,YES,NO,30
GBR,2025,ETRIWH,PTFTW50T100,AW100,S_C0,_Z,NO,NO,30
USA,2023,ETRIWH,PTFTW67T100,AW100,S_C0,_Z,NO,NO,30
USA,2023,ETRIWH,PTFTW67T100,AW100,S_C0,_Z,NO,YES,30
USA,2023,ETRIWH,PTFTW67T100,AW100,S_C0,_Z,YES,YES,30
USA,2023,ETRIWH,PTFTW67T100,AW100,S_C0,_Z,YES,NO,30
USA,2024,ETRIWH,PTFTW67T100,AW100,S_C0,_Z,YES,NO,30
USA,2024,ETRIWH,PTFTW67T100,AW100,S_C0,_Z,YES,YES,30
USA,2024,ETRIWH,PTFTW67T100,AW100,S_C0,_Z,NO,YES,30
USA,2024,ETRIWH,PTFTW67T100,AW100,S_C0,_Z,NO,NO,30
USA,2025,ETRIWH,PTFTW67T100,AW100,S_C0,_Z,NO,NO,30
USA,2025,ETRIWH,PTFTW67T100,AW100,S_C0,_Z,NO,YES,30
USA,2025,ETRIWH,PTFTW67T100,AW100,S_C0,_Z,YES,YES,30
USA,2025,ETRIWH,PTFTW67T100,AW100,S_C0,_Z,YES,NO,30
POL,2023,ETRIWH,PTFTW50T100,AW100,S_C0,_Z,NO,NO,32
POL,2023,ETRIWH,PTFTW50T100,AW100,S_C0,_Z,NO,YES,32
POL,2023,ETRIWH,PTFTW50T100,AW100,S_C0,_Z,YES,YES,32
POL,2023,ETRIWH,PTFTW50T66,AW100,S_C0,_Z,NO,NO,32
POL,2023,ETRIWH,PTFTW50T100,AW100,S_C0,_Z,YES,NO,32
POL,2023,ETRIWH,PTFTW50T66,AW100,S_C0,_Z,YES,YES,32
POL,2023,ETRIWH,PTFTW50T66,AW100,S_C0,_Z,NO,YES,32
POL,2023,ETRIWH,PTFTW50T66,AW100,S_C0,_Z,YES,NO,32
POL,2024,ETRIWH,PTFTW50T66,AW100,S_C0,_Z,YES,NO,32
POL,2024,ETRIWH,PTFTW50T66,AW100,S_C0,_Z,NO,YES,32
POL,2024,ETRIWH,PTFTW50T66,AW100,S_C0,_Z,YES,YES,32
POL,2024,ETRIWH,PTFTW50T100,AW100,S_C0,_Z,YES,NO,32
POL,2024,ETRIWH,PTFTW50T66,AW100,S_C0,_Z,NO,NO,32
POL,2024,ETRIWH,PTFTW50T100,AW100,S_C0,_Z,YES,YES,32
POL,2024,ETRIWH,PTFTW50T100,AW100,S_C0,_Z,NO,YES,32
POL,2024,ETRIWH,PTFTW50T100,AW100,S_C0,_Z,NO,NO,32
POL,2025,ETRIWH,PTFTW50T100,AW100,S_C0,_Z,NO,NO,32
POL,2025,ETRIWH,PTFTW50T100,AW100,S_C0,_Z,NO,YES,32
POL,2025,ETRIWH,PTFTW50T100,AW100,S_C0,_Z,YES,YES,32
POL,2025,ETRIWH,PTFTW50T66,AW100,S_C0,_Z,NO,NO,32
POL,2025,ETRIWH,PTFTW50T100,AW100,S_C0,_Z,YES,NO,32
POL,2025,ETRIWH,PTFTW50T66,AW100,S_C0,_Z,YES,YES,32
POL,2025,ETRIWH,PTFTW50T66,AW100,S_C0,_Z,NO,YES,32
POL,2025,ETRIWH,PTFTW50T66,AW100,S_C0,_Z,YES,NO,32
POL,2023,ETRIWH,PTFTW67T100,AW100,S_C0,_Z,YES,YES,32
POL,2023,ETRIWH,PTFTW67T100,AW100,S_C0,_Z,NO,YES,32
POL,2023,ETRIWH,PTFTW67T100,AW100,S_C0,_Z,YES,NO,32
POL,2023,ETRIWH,PTFTW67T100,AW100,S_C0,_Z,NO,NO,32
POL,2024,ETRIWH,PTFTW67T100,AW100,S_C0,_Z,NO,NO,32
POL,2024,ETRIWH,PTFTW67T100,AW100,S_C0,_Z,YES,NO,32
POL,2024,ETRIWH,PTFTW67T100,AW100,S_C0,_Z,NO,YES,32
POL,2024,ETRIWH,PTFTW67T100,AW100,S_C0,_Z,YES,YES,32
POL,2025,ETRIWH,PTFTW67T100,AW100,S_C0,_Z,YES,YES,32
POL,2025,ETRIWH,PTFTW67T100,AW100,S_C0,_Z,NO,YES,32
POL,2025,ETRIWH,PTFTW67T100,AW100,S_C0,_Z,YES,NO,32
POL,2025,ETRIWH,PTFTW67T100,AW100,S_C0,_Z,NO,NO,32
ESP,2024,ETRIWH,PTFTW67T100,AW100,S_C0,_Z,YES,NO,32
ESP,2024,ETRIWH,PTFTW67T100,AW100,S_C0,_Z,NO,NO,32
ESP,2025,ETRIWH,PTFTW67T100,AW100,S_C0,_Z,NO,NO,32
ESP,2025,ETRIWH,PTFTW67T100,AW100,S_C0,_Z,YES,NO,32
GBR,2023,ETRIWH,PTFTW67T100,AW100,S_C0,_Z,NO,YES,32
GBR,2023,ETRIWH,PTFTW67T100,AW100,S_C0,_Z,YES,NO,32
GBR,2023,ETRIWH,PTFTW50T100,AW100,S_C0,_Z,YES,NO,32
GBR,2023,ETRIWH,PTFTW67T100,AW100,S_C0,_Z,YES,YES,32
GBR,2023,ETRIWH,PTFTW67T100,AW100,S_C0,_Z,NO,NO,32
GBR,2023,ETRIWH,PTFTW50T66,AW100,S_C0,_Z,YES,NO,32
GBR,2023,ETRIWH,PTFTW50T100,AW100,S_C0,_Z,NO,NO,32
GBR,2023,ETRIWH,PTFTW33T67,AW100,S_C0,_Z,NO,NO,32
GBR,2023,ETRIWH,PTFTW33T67,AW100,S_C0,_Z,YES,NO,32
GBR,2023,ETRIWH,PTFTW50T66,AW100,S_C0,_Z,NO,NO,32
AUT,2023,ETRIWH,PTFTW50T100,AW67,S_C0,_Z,NO,YES,42
AUT,2024,ETRIWH,PTFTW50T100,AW67,S_C0,_Z,NO,YES,42
AUT,2025,ETRIWH,PTFTW50T100,AW67,S_C0,_Z,NO,YES,42
BEL,2023,ETRIWH,PTFTW50T100,AW67,S_C0,_Z,NO,YES,59
BEL,2024,ETRIWH,PTFTW50T100,AW67,S_C0,_Z,NO,YES,59
BEL,2025,ETRIWH,PTFTW50T100,AW67,S_C0,_Z,NO,YES,62
DNK,2023,ETRIWH,PTFTW50T100,AW67,S_C0,_Z,NO,YES,39
DNK,2024,ETRIWH,PTFTW50T100,AW67,S_C0,_Z,NO,YES,39
FRA,2023,ETRIWH,PTFTW50T100,AW67,S_C0,_Z,NO,YES,53
FRA,2024,ETRIWH,PTFTW50T100,AW67,S_C0,_Z,NO,YES,52
FRA,2025,ETRIWH,PTFTW50T100,AW67,S_C0,_Z,NO,YES,54
DEU,2023,ETRIWH,PTFTW50T100,AW67,S_C0,_Z,NO,YES,43
DEU,2024,ETRIWH,PTFTW50T100,AW67,S_C0,_Z,NO,YES,43
DEU,2025,ETRIWH,PTFTW50T100,AW67,S_C0,_Z,NO,YES,43
ITA,2023,ETRIWH,PTFTW50T100,AW67,S_C0,_Z,NO,YES,41
ITA,2024,ETRIWH,PTFTW50T100,AW67,S_C0,_Z,NO,YES,38
ITA,2025,ETRIWH,PTFTW50T100,AW67,S_C0,_Z,NO,YES,39
NLD,2023,ETRIWH,PTFTW50T100,AW67,S_C0,_Z,NO,YES,64
NLD,2024,ETRIWH,PTFTW50T100,AW67,S_C0,_Z,NO,YES,64
POL,2023,ETRIWH,PTFTW50T100,AW67,S_C0,_Z,NO,YES,57
POL,2024,ETRIWH,PTFTW50T100,AW67,S_C0,_Z,NO,YES,59
POL,2025,ETRIWH,PTFTW50T100,AW67,S_C0,_Z,NO,YES,60
ESP,2023,ETRIWH,PTFTW50T100,AW67,S_C0,_Z,NO,YES,36
ESP,2024,ETRIWH,PTFTW50T100,AW67,S_C0,_Z,NO,YES,37
ESP,2025,ETRIWH,PTFTW50T100,AW67,S_C0,_Z,NO,YES,38
SWE,2023,ETRIWH,PTFTW50T100,AW67,S_C0,_Z,NO,YES,28
SWE,2024,ETRIWH,PTFTW50T100,AW67,S_C0,_Z,NO,YES,27
SWE,2025,ETRIWH,PTFTW50T100,AW67,S_C0,_Z,NO,YES,26
GBR,2023,ETRIWH,PTFTW50T100,AW67,S_C0,_Z,NO,YES,65
GBR,2024,ETRIWH,PTFTW50T100,AW67,S_C0,_Z,NO,YES,64
GBR,2025,ETRIWH,PTFTW50T100,AW67,S_C0,_Z,NO,YES,64
USA,2023,ETRIWH,PTFTW50T100,AW67,S_C0,_Z,NO,YES,26
USA,2024,ETRIWH,PTFTW50T100,AW67,S_C0,_Z,NO,YES,26
USA,2025,ETRIWH,PTFTW50T100,AW67,S_C0,_Z,NO,YES,26
OECD,2023,ETRIWH,PTFTW50T100,AW67,S_C0,_Z,NO,YES,41
OECD,2024,ETRIWH,PTFTW50T100,AW67,S_C0,_Z,NO,YES,43
OECD,2025,ETRIWH,PTFTW50T100,AW67,S_C0,_Z,NO,YES,41
AUT,2023,ETRIWH,PTFTW50T100,AW67,S_C0,_Z,NO,NO,42
AUT,2024,ETRIWH,PTFTW50T100,AW67,S_C0,_Z,NO,NO,42
AUT,2025,ETRIWH,PTFTW50T100,AW67,S_C0,_Z,NO,NO,42
BEL,2023,ETRIWH,PTFTW50T100,AW67,S_C0,_Z,NO,NO,59
BEL,2024,ETRIWH,PTFTW50T100,AW67,S_C0,_Z,NO,NO,59
BEL,2025,ETRIWH,PTFTW50T100,AW67,S_C0,_Z,NO,NO,62
DNK,2023,ETRIWH,PTFTW50T100,AW67,S_C0,_Z,NO,NO,39
DNK,2024,ETRIWH,PTFTW50T100,AW67,S_C0,_Z,NO,NO,39
FRA,2023,ETRIWH,PTFTW50T100,AW67,S_C0,_Z,NO,NO,50
FRA,2024,ETRIWH,PTFTW50T100,AW67,S_C0,_Z,NO,NO,49
FRA,2025,ETRIWH,PTFTW50T100,AW67,S_C0,_Z,NO,NO,51
DEU,2023,ETRIWH,PTFTW50T100,AW67,S_C0,_Z,NO,NO,43
DEU,2024,ETRIWH,PTFTW50T100,AW67,S_C0,_Z,NO,NO,43
DEU,2025,ETRIWH,PTFTW50T100,AW67,S_C0,_Z,NO,NO,43
ITA,2023,ETRIWH,PTFTW50T100,AW67,S_C0,_Z,NO,NO,40
ITA,2024,ETRIWH,PTFTW50T100,AW67,S_C0,_Z,NO,NO,37
ITA,2025,ETRIWH,PTFTW50T100,AW67,S_C0,_Z,NO,NO,37
NLD,2023,ETRIWH,PTFTW50T100,AW67,S_C0,_Z,NO,NO,41
NLD,2024,ETRIWH,PTFTW50T100,AW67,S_C0,_Z,NO,NO,42
POL,2023,ETRIWH,PTFTW50T100,AW67,S_C0,_Z,NO,NO,28
POL,2024,ETRIWH,PTFTW50T100,AW67,S_C0,_Z,NO,NO,30
POL,2025,ETRIWH,PTFTW50T100,AW67,S_C0,_Z,NO,NO,31
ESP,2023,ETRIWH,PTFTW50T100,AW67,S_C0,_Z,NO,NO,27
ESP,2024,ETRIWH,PTFTW50T100,AW67,S_C0,_Z,NO,NO,29
ESP,2025,ETRIWH,PTFTW50T100,AW67,S_C0,_Z,NO,NO,30
SWE,2023,ETRIWH,PTFTW50T100,AW67,S_C0,_Z,NO,NO,28
SWE,2024,ETRIWH,PTFTW50T100,AW67,S_C0,_Z,NO,NO,27
SWE,2025,ETRIWH,PTFTW50T100,AW67,S_C0,_Z,NO,NO,26
GBR,2023,ETRIWH,PTFTW50T100,AW67,S_C0,_Z,NO,NO,32
GBR,2024,ETRIWH,PTFTW50T100,AW67,S_C0,_Z,NO,NO,28
GBR,2025,ETRIWH,PTFTW50T100,AW67,S_C0,_Z,NO,NO,28
USA,2023,ETRIWH,PTFTW50T100,AW67,S_C0,_Z,NO,NO,26
USA,2024,ETRIWH,PTFTW50T100,AW67,S_C0,_Z,NO,NO,26
USA,2025,ETRIWH,PTFTW50T100,AW67,S_C0,_Z,NO,NO,26
OECD,2023,ETRIWH,PTFTW50T100,AW67,S_C0,_Z,NO,NO,34
OECD,2024,ETRIWH,PTFTW50T100,AW67,S_C0,_Z,NO,NO,34
OECD,2025,ETRIWH,PTFTW50T100,AW67,S_C0,_Z,NO,NO,33
AUT,2023,ETRIWH,PTFTW50T100,AW67,S_C0,_Z,YES,NO,42
AUT,2024,ETRIWH,PTFTW50T100,AW67,S_C0,_Z,YES,NO,42
AUT,2025,ETRIWH,PTFTW50T100,AW67,S_C0,_Z,YES,NO,42
BEL,2023,ETRIWH,PTFTW50T100,AW67,S_C0,_Z,YES,NO,59
BEL,2024,ETRIWH,PTFTW50T100,AW67,S_C0,_Z,YES,NO,59
BEL,2025,ETRIWH,PTFTW50T100,AW67,S_C0,_Z,YES,NO,62
DNK,2023,ETRIWH,PTFTW50T100,AW67,S_C0,_Z,YES,NO,50
DNK,2024,ETRIWH,PTFTW50T100,AW67,S_C0,_Z,YES,NO,48
FRA,2023,ETRIWH,PTFTW50T100,AW67,S_C0,_Z,YES,NO,50
FRA,2024,ETRIWH,PTFTW50T100,AW67,S_C0,_Z,YES,NO,49
FRA,2025,ETRIWH,PTFTW50T100,AW67,S_C0,_Z,YES,NO,51
DEU,2023,ETRIWH,PTFTW50T100,AW67,S_C0,_Z,YES,NO,43
DEU,2024,ETRIWH,PTFTW50T100,AW67,S_C0,_Z,YES,NO,43
DEU,2025,ETRIWH,PTFTW50T100,AW67,S_C0,_Z,YES,NO,43
ITA,2023,ETRIWH,PTFTW50T100,AW67,S_C0,_Z,YES,NO,40
ITA,2024,ETRIWH,PTFTW50T100,AW67,S_C0,_Z,YES,NO,37
ITA,2025,ETRIWH,PTFTW50T100,AW67,S_C0,_Z,YES,NO,37
NLD,2023,ETRIWH,PTFTW50T100,AW67,S_C0,_Z,YES,NO,41
NLD,2024,ETRIWH,PTFTW50T100,AW67,S_C0,_Z,YES,NO,42
POL,2023,ETRIWH,PTFTW50T100,AW67,S_C0,_Z,YES,NO,28
POL,2024,ETRIWH,PTFTW50T100,AW67,S_C0,_Z,YES,NO,30
POL,2025,ETRIWH,PTFTW50T100,AW67,S_C0,_Z,YES,NO,31
ESP,2023,ETRIWH,PTFTW50T100,AW67,S_C0,_Z,YES,NO,27
ESP,2024,ETRIWH,PTFTW50T100,AW67,S_C0,_Z,YES,NO,29
ESP,2025,ETRIWH,PTFTW50T100,AW67,S_C0,_Z,YES,NO,30
SWE,2023,ETRIWH,PTFTW50T100,AW67,S_C0,_Z,YES,NO,28
SWE,2024,ETRIWH,PTFTW50T100,AW67,S_C0,_Z,YES,NO,27
SWE,2025,ETRIWH,PTFTW50T100,AW67,S_C0,_Z,YES,NO,26
GBR,2023,ETRIWH,PTFTW50T100,AW67,S_C0,_Z,YES,NO,32
GBR,2024,ETRIWH,PTFTW50T100,AW67,S_C0,_Z,YES,NO,28
GBR,2025,ETRIWH,PTFTW50T100,AW67,S_C0,_Z,YES,NO,28
USA,2023,ETRIWH,PTFTW50T100,AW67,S_C0,_Z,YES,NO,26
USA,2024,ETRIWH,PTFTW50T100,AW67,S_C0,_Z,YES,NO,26
USA,2025,ETRIWH,PTFTW50T100,AW67,S_C0,_Z,YES,NO,26
OECD,2023,ETRIWH,PTFTW50T100,AW67,S_C0,_Z,YES,NO,35
OECD,2024,ETRIWH,PTFTW50T100,AW67,S_C0,_Z,YES,NO,35
OECD,2025,ETRIWH,PTFTW50T100,AW67,S_C0,_Z,YES,NO,34
AUT,2023,ETRIWH,PTFTW50T100,AW67,S_C0,_Z,YES,YES,42
AUT,2024,ETRIWH,PTFTW50T100,AW67,S_C0,_Z,YES,YES,42
AUT,2025,ETRIWH,PTFTW50T100,AW67,S_C0,_Z,YES,YES,42
BEL,2023,ETRIWH,PTFTW50T100,AW67,S_C0,_Z,YES,YES,59
BEL,2024,ETRIWH,PTFTW50T100,AW67,S_C0,_Z,YES,YES,59
BEL,2025,ETRIWH,PTFTW50T100,AW67,S_C0,_Z,YES,YES,62
DNK,2023,ETRIWH,PTFTW50T100,AW67,S_C0,_Z,YES,YES,77
DNK,2024,ETRIWH,PTFTW50T100,AW67,S_C0,_Z,YES,YES,76
FRA,2023,ETRIWH,PTFTW50T100,AW67,S_C0,_Z,YES,YES,53
FRA,2024,ETRIWH,PTFTW50T100,AW67,S_C0,_Z,YES,YES,52
FRA,2025,ETRIWH,PTFTW50T100,AW67,S_C0,_Z,YES,YES,54
DEU,2023,ETRIWH,PTFTW50T100,AW67,S_C0,_Z,YES,YES,44
DEU,2024,ETRIWH,PTFTW50T100,AW67,S_C0,_Z,YES,YES,46
DEU,2025,ETRIWH,PTFTW50T100,AW67,S_C0,_Z,YES,YES,44
ITA,2023,ETRIWH,PTFTW50T100,AW67,S_C0,_Z,YES,YES,41
ITA,2024,ETRIWH,PTFTW50T100,AW67,S_C0,_Z,YES,YES,38
ITA,2025,ETRIWH,PTFTW50T100,AW67,S_C0,_Z,YES,YES,39
NLD,2023,ETRIWH,PTFTW50T100,AW67,S_C0,_Z,YES,YES,64
NLD,2024,ETRIWH,PTFTW50T100,AW67,S_C0,_Z,YES,YES,64
POL,2023,ETRIWH,PTFTW50T100,AW67,S_C0,_Z,YES,YES,57
POL,2024,ETRIWH,PTFTW50T100,AW67,S_C0,_Z,YES,YES,59
POL,2025,ETRIWH,PTFTW50T100,AW67,S_C0,_Z,YES,YES,60
ESP,2023,ETRIWH,PTFTW50T100,AW67,S_C0,_Z,YES,YES,36
ESP,2024,ETRIWH,PTFTW50T100,AW67,S_C0,_Z,YES,YES,37
ESP,2025,ETRIWH,PTFTW50T100,AW67,S_C0,_Z,YES,YES,38
SWE,2023,ETRIWH,PTFTW50T100,AW67,S_C0,_Z,YES,YES,35
SWE,2024,ETRIWH,PTFTW50T100,AW67,S_C0,_Z,YES,YES,34
SWE,2025,ETRIWH,PTFTW50T100,AW67,S_C0,_Z,YES,YES,33
GBR,2023,ETRIWH,PTFTW50T100,AW67,S_C0,_Z,YES,YES,65
GBR,2024,ETRIWH,PTFTW50T100,AW67,S_C0,_Z,YES,YES,64
GBR,2025,ETRIWH,PTFTW50T100,AW67,S_C0,_Z,YES,YES,64
USA,2023,ETRIWH,PTFTW50T100,AW67,S_C0,_Z,YES,YES,27
USA,2024,ETRIWH,PTFTW50T100,AW67,S_C0,_Z,YES,YES,27
USA,2025,ETRIWH,PTFTW50T100,AW67,S_C0,_Z,YES,YES,27
OECD,2023,ETRIWH,PTFTW50T100,AW67,S_C0,_Z,YES,YES,46
OECD,2024,ETRIWH,PTFTW50T100,AW67,S_C0,_Z,YES,YES,47
OECD,2025,ETRIWH,PTFTW50T100,AW67,S_C0,_Z,YES,YES,43
AUT,2023,ETRIWH,PTFTW33T67,AW67,S_C0,_Z,YES,YES,50
AUT,2024,ETRIWH,PTFTW33T67,AW67,S_C0,_Z,YES,YES,50
AUT,2025,ETRIWH,PTFTW33T67,AW67,S_C0,_Z,YES,YES,44
BEL,2023,ETRIWH,PTFTW33T67,AW67,S_C0,_Z,YES,YES,38
BEL,2024,ETRIWH,PTFTW33T67,AW67,S_C0,_Z,YES,YES,45
BEL,2025,ETRIWH,PTFTW33T67,AW67,S_C0,_Z,YES,YES,46
DNK,2023,ETRIWH,PTFTW33T67,AW67,S_C0,_Z,YES,YES,119
DNK,2024,ETRIWH,PTFTW33T67,AW67,S_C0,_Z,YES,YES,117
FRA,2023,ETRIWH,PTFTW33T67,AW67,S_C0,_Z,YES,YES,50
FRA,2024,ETRIWH,PTFTW33T67,AW67,S_C0,_Z,YES,YES,51
FRA,2025,ETRIWH,PTFTW33T67,AW67,S_C0,_Z,YES,YES,51
DEU,2023,ETRIWH,PTFTW33T67,AW67,S_C0,_Z,YES,YES,71
DEU,2024,ETRIWH,PTFTW33T67,AW67,S_C0,_Z,YES,YES,76
DEU,2025,ETRIWH,PTFTW33T67,AW67,S_C0,_Z,YES,YES,73
ITA,2023,ETRIWH,PTFTW33T67,AW67,S_C0,_Z,YES,YES,39
ITA,2024,ETRIWH,PTFTW33T67,AW67,S_C0,_Z,YES,YES,14
ITA,2025,ETRIWH,PTFTW33T67,AW67,S_C0,_Z,YES,YES,3
NLD,2023,ETRIWH,PTFTW33T67,AW67,S_C0,_Z,YES,YES,56
NLD,2024,ETRIWH,PTFTW33T67,AW67,S_C0,_Z,YES,YES,56
POL,2023,ETRIWH,PTFTW33T67,AW67,S_C0,_Z,YES,YES,77
POL,2024,ETRIWH,PTFTW33T67,AW67,S_C0,_Z,YES,YES,79
POL,2025,ETRIWH,PTFTW33T67,AW67,S_C0,_Z,YES,YES,80
ESP,2023,ETRIWH,PTFTW33T67,AW67,S_C0,_Z,YES,YES,24
ESP,2024,ETRIWH,PTFTW33T67,AW67,S_C0,_Z,YES,YES,27
ESP,2025,ETRIWH,PTFTW33T67,AW67,S_C0,_Z,YES,YES,36
SWE,2023,ETRIWH,PTFTW33T67,AW67,S_C0,_Z,YES,YES,74
SWE,2024,ETRIWH,PTFTW33T67,AW67,S_C0,_Z,YES,YES,74
SWE,2025,ETRIWH,PTFTW33T67,AW67,S_C0,_Z,YES,YES,74
GBR,2023,ETRIWH,PTFTW33T67,AW67,S_C0,_Z,YES,YES,67
GBR,2024,ETRIWH,PTFTW33T67,AW67,S_C0,_Z,YES,YES,66
GBR,2025,ETRIWH,PTFTW33T67,AW67,S_C0,_Z,YES,YES,67
USA,2023,ETRIWH,PTFTW33T67,AW67,S_C0,_Z,YES,YES,44
USA,2024,ETRIWH,PTFTW33T67,AW67,S_C0,_Z,YES,YES,45
USA,2025,ETRIWH,PTFTW33T67,AW67,S_C0,_Z,YES,YES,44
OECD,2023,ETRIWH,PTFTW33T67,AW67,S_C0,_Z,YES,YES,51
OECD,2024,ETRIWH,PTFTW33T67,AW67,S_C0,_Z,YES,YES,52
OECD,2025,ETRIWH,PTFTW33T67,AW67,S_C0,_Z,YES,YES,48
AUT,2023,ETRIWH,PTFTW33T67,AW67,S_C0,_Z,YES,NO,30
AUT,2024,ETRIWH,PTFTW33T67,AW67,S_C0,_Z,YES,NO,32
AUT,2025,ETRIWH,PTFTW33T67,AW67,S_C0,_Z,YES,NO,30
BEL,2023,ETRIWH,PTFTW33T67,AW67,S_C0,_Z,YES,NO,38
BEL,2024,ETRIWH,PTFTW33T67,AW67,S_C0,_Z,YES,NO,45
BEL,2025,ETRIWH,PTFTW33T67,AW67,S_C0,_Z,YES,NO,46
DNK,2023,ETRIWH,PTFTW33T67,AW67,S_C0,_Z,YES,NO,78
DNK,2024,ETRIWH,PTFTW33T67,AW67,S_C0,_Z,YES,NO,75
FRA,2023,ETRIWH,PTFTW33T67,AW67,S_C0,_Z,YES,NO,33
FRA,2024,ETRIWH,PTFTW33T67,AW67,S_C0,_Z,YES,NO,33
FRA,2025,ETRIWH,PTFTW33T67,AW67,S_C0,_Z,YES,NO,33
DEU,2023,ETRIWH,PTFTW33T67,AW67,S_C0,_Z,YES,NO,40
DEU,2024,ETRIWH,PTFTW33T67,AW67,S_C0,_Z,YES,NO,40
DEU,2025,ETRIWH,PTFTW33T67,AW67,S_C0,_Z,YES,NO,40
ITA,2023,ETRIWH,PTFTW33T67,AW67,S_C0,_Z,YES,NO,14
ITA,2024,ETRIWH,PTFTW33T67,AW67,S_C0,_Z,YES,NO,14
ITA,2025,ETRIWH,PTFTW33T67,AW67,S_C0,_Z,YES,NO,3
NLD,2023,ETRIWH,PTFTW33T67,AW67,S_C0,_Z,YES,NO,40
NLD,2024,ETRIWH,PTFTW33T67,AW67,S_C0,_Z,YES,NO,38
POL,2023,ETRIWH,PTFTW33T67,AW67,S_C0,_Z,YES,NO,22
POL,2024,ETRIWH,PTFTW33T67,AW67,S_C0,_Z,YES,NO,24
POL,2025,ETRIWH,PTFTW33T67,AW67,S_C0,_Z,YES,NO,25
ESP,2023,ETRIWH,PTFTW33T67,AW67,S_C0,_Z,YES,NO,14
ESP,2024,ETRIWH,PTFTW33T67,AW67,S_C0,_Z,YES,NO,17
ESP,2025,ETRIWH,PTFTW33T67,AW67,S_C0,_Z,YES,NO,22
SWE,2023,ETRIWH,PTFTW33T67,AW67,S_C0,_Z,YES,NO,24
SWE,2024,ETRIWH,PTFTW33T67,AW67,S_C0,_Z,YES,NO,23
SWE,2025,ETRIWH,PTFTW33T67,AW67,S_C0,_Z,YES,NO,23
GBR,2023,ETRIWH,PTFTW33T67,AW67,S_C0,_Z,YES,NO,27
GBR,2024,ETRIWH,PTFTW33T67,AW67,S_C0,_Z,YES,NO,25
GBR,2025,ETRIWH,PTFTW33T67,AW67,S_C0,_Z,YES,NO,27
USA,2023,ETRIWH,PTFTW33T67,AW67,S_C0,_Z,YES,NO,29
USA,2024,ETRIWH,PTFTW33T67,AW67,S_C0,_Z,YES,NO,30
USA,2025,ETRIWH,PTFTW33T67,AW67,S_C0,_Z,YES,NO,29
OECD,2023,ETRIWH,PTFTW33T67,AW67,S_C0,_Z,YES,NO,32
OECD,2024,ETRIWH,PTFTW33T67,AW67,S_C0,_Z,YES,NO,32
OECD,2025,ETRIWH,PTFTW33T67,AW67,S_C0,_Z,YES,NO,30
AUT,2023,ETRIWH,PTFTW33T67,AW67,S_C0,_Z,NO,NO,30
AUT,2024,ETRIWH,PTFTW33T67,AW67,S_C0,_Z,NO,NO,32
AUT,2025,ETRIWH,PTFTW33T67,AW67,S_C0,_Z,NO,NO,30
BEL,2023,ETRIWH,PTFTW33T67,AW67,S_C0,_Z,NO,NO,29
BEL,2024,ETRIWH,PTFTW33T67,AW67,S_C0,_Z,NO,NO,28
BEL,2025,ETRIWH,PTFTW33T67,AW67,S_C0,_Z,NO,NO,28
DNK,2023,ETRIWH,PTFTW33T67,AW67,S_C0,_Z,NO,NO,40
DNK,2024,ETRIWH,PTFTW33T67,AW67,S_C0,_Z,NO,NO,39
FRA,2023,ETRIWH,PTFTW33T67,AW67,S_C0,_Z,NO,NO,33
FRA,2024,ETRIWH,PTFTW33T67,AW67,S_C0,_Z,NO,NO,33
FRA,2025,ETRIWH,PTFTW33T67,AW67,S_C0,_Z,NO,NO,33
DEU,2023,ETRIWH,PTFTW33T67,AW67,S_C0,_Z,NO,NO,40
DEU,2024,ETRIWH,PTFTW33T67,AW67,S_C0,_Z,NO,NO,40
DEU,2025,ETRIWH,PTFTW33T67,AW67,S_C0,_Z,NO,NO,40
ITA,2023,ETRIWH,PTFTW33T67,AW67,S_C0,_Z,NO,NO,14
ITA,2024,ETRIWH,PTFTW33T67,AW67,S_C0,_Z,NO,NO,14
ITA,2025,ETRIWH,PTFTW33T67,AW67,S_C0,_Z,NO,NO,3
NLD,2023,ETRIWH,PTFTW33T67,AW67,S_C0,_Z,NO,NO,22
NLD,2024,ETRIWH,PTFTW33T67,AW67,S_C0,_Z,NO,NO,21
POL,2023,ETRIWH,PTFTW33T67,AW67,S_C0,_Z,NO,NO,22
POL,2024,ETRIWH,PTFTW33T67,AW67,S_C0,_Z,NO,NO,24
POL,2025,ETRIWH,PTFTW33T67,AW67,S_C0,_Z,NO,NO,25
ESP,2023,ETRIWH,PTFTW33T67,AW67,S_C0,_Z,NO,NO,6
ESP,2024,ETRIWH,PTFTW33T67,AW67,S_C0,_Z,NO,NO,6
ESP,2025,ETRIWH,PTFTW33T67,AW67,S_C0,_Z,NO,NO,6
SWE,2023,ETRIWH,PTFTW33T67,AW67,S_C0,_Z,NO,NO,24
SWE,2024,ETRIWH,PTFTW33T67,AW67,S_C0,_Z,NO,NO,23
SWE,2025,ETRIWH,PTFTW33T67,AW67,S_C0,_Z,NO,NO,23
GBR,2023,ETRIWH,PTFTW33T67,AW67,S_C0,_Z,NO,NO,27
GBR,2024,ETRIWH,PTFTW33T67,AW67,S_C0,_Z,NO,NO,25
GBR,2025,ETRIWH,PTFTW33T67,AW67,S_C0,_Z,NO,NO,27
USA,2023,ETRIWH,PTFTW33T67,AW67,S_C0,_Z,NO,NO,26
USA,2024,ETRIWH,PTFTW33T67,AW67,S_C0,_Z,NO,NO,27
USA,2025,ETRIWH,PTFTW33T67,AW67,S_C0,_Z,NO,NO,27
OECD,2023,ETRIWH,PTFTW33T67,AW67,S_C0,_Z,NO,NO,25
OECD,2024,ETRIWH,PTFTW33T67,AW67,S_C0,_Z,NO,NO,25
OECD,2025,ETRIWH,PTFTW33T67,AW67,S_C0,_Z,NO,NO,24
AUT,2023,ETRIWH,PTFTW33T67,AW67,S_C0,_Z,NO,YES,30
AUT,2024,ETRIWH,PTFTW33T67,AW67,S_C0,_Z,NO,YES,32
AUT,2025,ETRIWH,PTFTW33T67,AW67,S_C0,_Z,NO,YES,30
BEL,2023,ETRIWH,PTFTW33T67,AW67,S_C0,_Z,NO,YES,29
BEL,2024,ETRIWH,PTFTW33T67,AW67,S_C0,_Z,NO,YES,28
BEL,2025,ETRIWH,PTFTW33T67,AW67,S_C0,_Z,NO,YES,28
DNK,2023,ETRIWH,PTFTW33T67,AW67,S_C0,_Z,NO,YES,40
DNK,2024,ETRIWH,PTFTW33T67,AW67,S_C0,_Z,NO,YES,39
FRA,2023,ETRIWH,PTFTW33T67,AW67,S_C0,_Z,NO,YES,50
FRA,2024,ETRIWH,PTFTW33T67,AW67,S_C0,_Z,NO,YES,51
FRA,2025,ETRIWH,PTFTW33T67,AW67,S_C0,_Z,NO,YES,51
DEU,2023,ETRIWH,PTFTW33T67,AW67,S_C0,_Z,NO,YES,44
DEU,2024,ETRIWH,PTFTW33T67,AW67,S_C0,_Z,NO,YES,40
DEU,2025,ETRIWH,PTFTW33T67,AW67,S_C0,_Z,NO,YES,40
ITA,2023,ETRIWH,PTFTW33T67,AW67,S_C0,_Z,NO,YES,9
ITA,2024,ETRIWH,PTFTW33T67,AW67,S_C0,_Z,NO,YES,14
ITA,2025,ETRIWH,PTFTW33T67,AW67,S_C0,_Z,NO,YES,3
NLD,2023,ETRIWH,PTFTW33T67,AW67,S_C0,_Z,NO,YES,38
NLD,2024,ETRIWH,PTFTW33T67,AW67,S_C0,_Z,NO,YES,38
POL,2023,ETRIWH,PTFTW33T67,AW67,S_C0,_Z,NO,YES,77
POL,2024,ETRIWH,PTFTW33T67,AW67,S_C0,_Z,NO,YES,79
POL,2025,ETRIWH,PTFTW33T67,AW67,S_C0,_Z,NO,YES,80
ESP,2023,ETRIWH,PTFTW33T67,AW67,S_C0,_Z,NO,YES,16
ESP,2024,ETRIWH,PTFTW33T67,AW67,S_C0,_Z,NO,YES,17
ESP,2025,ETRIWH,PTFTW33T67,AW67,S_C0,_Z,NO,YES,20
SWE,2023,ETRIWH,PTFTW33T67,AW67,S_C0,_Z,NO,YES,24
SWE,2024,ETRIWH,PTFTW33T67,AW67,S_C0,_Z,NO,YES,23
SWE,2025,ETRIWH,PTFTW33T67,AW67,S_C0,_Z,NO,YES,23
GBR,2023,ETRIWH,PTFTW33T67,AW67,S_C0,_Z,NO,YES,67
GBR,2024,ETRIWH,PTFTW33T67,AW67,S_C0,_Z,NO,YES,66
GBR,2025,ETRIWH,PTFTW33T67,AW67,S_C0,_Z,NO,YES,67
USA,2023,ETRIWH,PTFTW33T67,AW67,S_C0,_Z,NO,YES,26
USA,2024,ETRIWH,PTFTW33T67,AW67,S_C0,_Z,NO,YES,27
USA,2025,ETRIWH,PTFTW33T67,AW67,S_C0,_Z,NO,YES,27
OECD,2023,ETRIWH,PTFTW33T67,AW67,S_C0,_Z,NO,YES,35
OECD,2024,ETRIWH,PTFTW33T67,AW67,S_C0,_Z,NO,YES,36
OECD,2025,ETRIWH,PTFTW33T67,AW67,S_C0,_Z,NO,YES,35
AUT,2023,ETRIWH,PTFTW50T66,AW67,S_C0,_Z,NO,YES,38
AUT,2024,ETRIWH,PTFTW50T66,AW67,S_C0,_Z,NO,YES,41
AUT,2025,ETRIWH,PTFTW50T66,AW67,S_C0,_Z,NO,YES,39
BEL,2023,ETRIWH,PTFTW50T66,AW67,S_C0,_Z,NO,YES,42
BEL,2024,ETRIWH,PTFTW50T66,AW67,S_C0,_Z,NO,YES,41
BEL,2025,ETRIWH,PTFTW50T66,AW67,S_C0,_Z,NO,YES,41
DNK,2023,ETRIWH,PTFTW50T66,AW67,S_C0,_Z,NO,YES,39
DNK,2024,ETRIWH,PTFTW50T66,AW67,S_C0,_Z,NO,YES,39
FRA,2023,ETRIWH,PTFTW50T66,AW67,S_C0,_Z,NO,YES,39
FRA,2024,ETRIWH,PTFTW50T66,AW67,S_C0,_Z,NO,YES,41
FRA,2025,ETRIWH,PTFTW50T66,AW67,S_C0,_Z,NO,YES,41
DEU,2023,ETRIWH,PTFTW50T66,AW67,S_C0,_Z,NO,YES,43
DEU,2024,ETRIWH,PTFTW50T66,AW67,S_C0,_Z,NO,YES,42
DEU,2025,ETRIWH,PTFTW50T66,AW67,S_C0,_Z,NO,YES,42
ITA,2023,ETRIWH,PTFTW50T66,AW67,S_C0,_Z,NO,YES,28
ITA,2024,ETRIWH,PTFTW50T66,AW67,S_C0,_Z,NO,YES,37
ITA,2025,ETRIWH,PTFTW50T66,AW67,S_C0,_Z,NO,YES,25
NLD,2023,ETRIWH,PTFTW50T66,AW67,S_C0,_Z,NO,YES,60
NLD,2024,ETRIWH,PTFTW50T66,AW67,S_C0,_Z,NO,YES,57
POL,2023,ETRIWH,PTFTW50T66,AW67,S_C0,_Z,NO,YES,106
POL,2024,ETRIWH,PTFTW50T66,AW67,S_C0,_Z,NO,YES,111
POL,2025,ETRIWH,PTFTW50T66,AW67,S_C0,_Z,NO,YES,113
ESP,2023,ETRIWH,PTFTW50T66,AW67,S_C0,_Z,NO,YES,25
ESP,2024,ETRIWH,PTFTW50T66,AW67,S_C0,_Z,NO,YES,27
ESP,2025,ETRIWH,PTFTW50T66,AW67,S_C0,_Z,NO,YES,34
SWE,2023,ETRIWH,PTFTW50T66,AW67,S_C0,_Z,NO,YES,28
SWE,2024,ETRIWH,PTFTW50T66,AW67,S_C0,_Z,NO,YES,26
SWE,2025,ETRIWH,PTFTW50T66,AW67,S_C0,_Z,NO,YES,25
GBR,2023,ETRIWH,PTFTW50T66,AW67,S_C0,_Z,NO,YES,69
GBR,2024,ETRIWH,PTFTW50T66,AW67,S_C0,_Z,NO,YES,68
GBR,2025,ETRIWH,PTFTW50T66,AW67,S_C0,_Z,NO,YES,68
USA,2023,ETRIWH,PTFTW50T66,AW67,S_C0,_Z,NO,YES,26
USA,2024,ETRIWH,PTFTW50T66,AW67,S_C0,_Z,NO,YES,26
USA,2025,ETRIWH,PTFTW50T66,AW67,S_C0,_Z,NO,YES,26
OECD,2023,ETRIWH,PTFTW50T66,AW67,S_C0,_Z,NO,YES,40
OECD,2024,ETRIWH,PTFTW50T66,AW67,S_C0,_Z,NO,YES,43
OECD,2025,ETRIWH,PTFTW50T66,AW67,S_C0,_Z,NO,YES,42
AUT,2023,ETRIWH,PTFTW50T66,AW67,S_C0,_Z,NO,NO,38
AUT,2024,ETRIWH,PTFTW50T66,AW67,S_C0,_Z,NO,NO,41
AUT,2025,ETRIWH,PTFTW50T66,AW67,S_C0,_Z,NO,NO,39
BEL,2023,ETRIWH,PTFTW50T66,AW67,S_C0,_Z,NO,NO,42
BEL,2024,ETRIWH,PTFTW50T66,AW67,S_C0,_Z,NO,NO,41
BEL,2025,ETRIWH,PTFTW50T66,AW67,S_C0,_Z,NO,NO,41
DNK,2023,ETRIWH,PTFTW50T66,AW67,S_C0,_Z,NO,NO,39
DNK,2024,ETRIWH,PTFTW50T66,AW67,S_C0,_Z,NO,NO,39
FRA,2023,ETRIWH,PTFTW50T66,AW67,S_C0,_Z,NO,NO,32
FRA,2024,ETRIWH,PTFTW50T66,AW67,S_C0,_Z,NO,NO,32
FRA,2025,ETRIWH,PTFTW50T66,AW67,S_C0,_Z,NO,NO,32
DEU,2023,ETRIWH,PTFTW50T66,AW67,S_C0,_Z,NO,NO,43
DEU,2024,ETRIWH,PTFTW50T66,AW67,S_C0,_Z,NO,NO,42
DEU,2025,ETRIWH,PTFTW50T66,AW67,S_C0,_Z,NO,NO,42
ITA,2023,ETRIWH,PTFTW50T66,AW67,S_C0,_Z,NO,NO,38
ITA,2024,ETRIWH,PTFTW50T66,AW67,S_C0,_Z,NO,NO,37
ITA,2025,ETRIWH,PTFTW50T66,AW67,S_C0,_Z,NO,NO,25
NLD,2023,ETRIWH,PTFTW50T66,AW67,S_C0,_Z,NO,NO,32
NLD,2024,ETRIWH,PTFTW50T66,AW67,S_C0,_Z,NO,NO,32
POL,2023,ETRIWH,PTFTW50T66,AW67,S_C0,_Z,NO,NO,22
POL,2024,ETRIWH,PTFTW50T66,AW67,S_C0,_Z,NO,NO,26
POL,2025,ETRIWH,PTFTW50T66,AW67,S_C0,_Z,NO,NO,29
ESP,2023,ETRIWH,PTFTW50T66,AW67,S_C0,_Z,NO,NO,6
ESP,2024,ETRIWH,PTFTW50T66,AW67,S_C0,_Z,NO,NO,6
ESP,2025,ETRIWH,PTFTW50T66,AW67,S_C0,_Z,NO,NO,6
SWE,2023,ETRIWH,PTFTW50T66,AW67,S_C0,_Z,NO,NO,28
SWE,2024,ETRIWH,PTFTW50T66,AW67,S_C0,_Z,NO,NO,26
SWE,2025,ETRIWH,PTFTW50T66,AW67,S_C0,_Z,NO,NO,25
GBR,2023,ETRIWH,PTFTW50T66,AW67,S_C0,_Z,NO,NO,32
GBR,2024,ETRIWH,PTFTW50T66,AW67,S_C0,_Z,NO,NO,28
GBR,2025,ETRIWH,PTFTW50T66,AW67,S_C0,_Z,NO,NO,28
USA,2023,ETRIWH,PTFTW50T66,AW67,S_C0,_Z,NO,NO,26
USA,2024,ETRIWH,PTFTW50T66,AW67,S_C0,_Z,NO,NO,26
USA,2025,ETRIWH,PTFTW50T66,AW67,S_C0,_Z,NO,NO,26
OECD,2023,ETRIWH,PTFTW50T66,AW67,S_C0,_Z,NO,NO,29
OECD,2024,ETRIWH,PTFTW50T66,AW67,S_C0,_Z,NO,NO,29
OECD,2025,ETRIWH,PTFTW50T66,AW67,S_C0,_Z,NO,NO,28
AUT,2023,ETRIWH,PTFTW50T66,AW67,S_C0,_Z,YES,YES,38
AUT,2024,ETRIWH,PTFTW50T66,AW67,S_C0,_Z,YES,YES,41
AUT,2025,ETRIWH,PTFTW50T66,AW67,S_C0,_Z,YES,YES,39
BEL,2023,ETRIWH,PTFTW50T66,AW67,S_C0,_Z,YES,YES,42
BEL,2024,ETRIWH,PTFTW50T66,AW67,S_C0,_Z,YES,YES,41
BEL,2025,ETRIWH,PTFTW50T66,AW67,S_C0,_Z,YES,YES,41
DNK,2023,ETRIWH,PTFTW50T66,AW67,S_C0,_Z,YES,YES,152
DNK,2024,ETRIWH,PTFTW50T66,AW67,S_C0,_Z,YES,YES,148
FRA,2023,ETRIWH,PTFTW50T66,AW67,S_C0,_Z,YES,YES,39
FRA,2024,ETRIWH,PTFTW50T66,AW67,S_C0,_Z,YES,YES,41
FRA,2025,ETRIWH,PTFTW50T66,AW67,S_C0,_Z,YES,YES,41
DEU,2023,ETRIWH,PTFTW50T66,AW67,S_C0,_Z,YES,YES,44
DEU,2024,ETRIWH,PTFTW50T66,AW67,S_C0,_Z,YES,YES,52
DEU,2025,ETRIWH,PTFTW50T66,AW67,S_C0,_Z,YES,YES,45
ITA,2023,ETRIWH,PTFTW50T66,AW67,S_C0,_Z,YES,YES,28
ITA,2024,ETRIWH,PTFTW50T66,AW67,S_C0,_Z,YES,YES,37
ITA,2025,ETRIWH,PTFTW50T66,AW67,S_C0,_Z,YES,YES,25
NLD,2023,ETRIWH,PTFTW50T66,AW67,S_C0,_Z,YES,YES,60
NLD,2024,ETRIWH,PTFTW50T66,AW67,S_C0,_Z,YES,YES,57
POL,2023,ETRIWH,PTFTW50T66,AW67,S_C0,_Z,YES,YES,106
POL,2024,ETRIWH,PTFTW50T66,AW67,S_C0,_Z,YES,YES,111
POL,2025,ETRIWH,PTFTW50T66,AW67,S_C0,_Z,YES,YES,113
ESP,2023,ETRIWH,PTFTW50T66,AW67,S_C0,_Z,YES,YES,25
ESP,2024,ETRIWH,PTFTW50T66,AW67,S_C0,_Z,YES,YES,27
ESP,2025,ETRIWH,PTFTW50T66,AW67,S_C0,_Z,YES,YES,34
SWE,2023,ETRIWH,PTFTW50T66,AW67,S_C0,_Z,YES,YES,47
SWE,2024,ETRIWH,PTFTW50T66,AW67,S_C0,_Z,YES,YES,48
SWE,2025,ETRIWH,PTFTW50T66,AW67,S_C0,_Z,YES,YES,48
GBR,2023,ETRIWH,PTFTW50T66,AW67,S_C0,_Z,YES,YES,69
GBR,2024,ETRIWH,PTFTW50T66,AW67,S_C0,_Z,YES,YES,68
GBR,2025,ETRIWH,PTFTW50T66,AW67,S_C0,_Z,YES,YES,68
USA,2023,ETRIWH,PTFTW50T66,AW67,S_C0,_Z,YES,YES,29
USA,2024,ETRIWH,PTFTW50T66,AW67,S_C0,_Z,YES,YES,29
USA,2025,ETRIWH,PTFTW50T66,AW67,S_C0,_Z,YES,YES,29
OECD,2023,ETRIWH,PTFTW50T66,AW67,S_C0,_Z,YES,YES,51
OECD,2024,ETRIWH,PTFTW50T66,AW67,S_C0,_Z,YES,YES,53
OECD,2025,ETRIWH,PTFTW50T66,AW67,S_C0,_Z,YES,YES,48
AUT,2023,ETRIWH,PTFTW50T66,AW67,S_C0,_Z,YES,NO,38
AUT,2024,ETRIWH,PTFTW50T66,AW67,S_C0,_Z,YES,NO,41
AUT,2025,ETRIWH,PTFTW50T66,AW67,S_C0,_Z,YES,NO,39
BEL,2023,ETRIWH,PTFTW50T66,AW67,S_C0,_Z,YES,NO,42
BEL,2024,ETRIWH,PTFTW50T66,AW67,S_C0,_Z,YES,NO,41
BEL,2025,ETRIWH,PTFTW50T66,AW67,S_C0,_Z,YES,NO,41
DNK,2023,ETRIWH,PTFTW50T66,AW67,S_C0,_Z,YES,NO,70
DNK,2024,ETRIWH,PTFTW50T66,AW67,S_C0,_Z,YES,NO,64
FRA,2023,ETRIWH,PTFTW50T66,AW67,S_C0,_Z,YES,NO,32
FRA,2024,ETRIWH,PTFTW50T66,AW67,S_C0,_Z,YES,NO,32
FRA,2025,ETRIWH,PTFTW50T66,AW67,S_C0,_Z,YES,NO,32
DEU,2023,ETRIWH,PTFTW50T66,AW67,S_C0,_Z,YES,NO,43
DEU,2024,ETRIWH,PTFTW50T66,AW67,S_C0,_Z,YES,NO,42
DEU,2025,ETRIWH,PTFTW50T66,AW67,S_C0,_Z,YES,NO,42
ITA,2023,ETRIWH,PTFTW50T66,AW67,S_C0,_Z,YES,NO,38
ITA,2024,ETRIWH,PTFTW50T66,AW67,S_C0,_Z,YES,NO,37
ITA,2025,ETRIWH,PTFTW50T66,AW67,S_C0,_Z,YES,NO,25
NLD,2023,ETRIWH,PTFTW50T66,AW67,S_C0,_Z,YES,NO,32
NLD,2024,ETRIWH,PTFTW50T66,AW67,S_C0,_Z,YES,NO,32
POL,2023,ETRIWH,PTFTW50T66,AW67,S_C0,_Z,YES,NO,22
POL,2024,ETRIWH,PTFTW50T66,AW67,S_C0,_Z,YES,NO,26
POL,2025,ETRIWH,PTFTW50T66,AW67,S_C0,_Z,YES,NO,29
ESP,2023,ETRIWH,PTFTW50T66,AW67,S_C0,_Z,YES,NO,6
ESP,2024,ETRIWH,PTFTW50T66,AW67,S_C0,_Z,YES,NO,6
ESP,2025,ETRIWH,PTFTW50T66,AW67,S_C0,_Z,YES,NO,6
SWE,2023,ETRIWH,PTFTW50T66,AW67,S_C0,_Z,YES,NO,28
SWE,2024,ETRIWH,PTFTW50T66,AW67,S_C0,_Z,YES,NO,26
SWE,2025,ETRIWH,PTFTW50T66,AW67,S_C0,_Z,YES,NO,25
GBR,2023,ETRIWH,PTFTW50T66,AW67,S_C0,_Z,YES,NO,32
GBR,2024,ETRIWH,PTFTW50T66,AW67,S_C0,_Z,YES,NO,28
GBR,2025,ETRIWH,PTFTW50T66,AW67,S_C0,_Z,YES,NO,28
USA,2023,ETRIWH,PTFTW50T66,AW67,S_C0,_Z,YES,NO,26
USA,2024,ETRIWH,PTFTW50T66,AW67,S_C0,_Z,YES,NO,26
USA,2025,ETRIWH,PTFTW50T66,AW67,S_C0,_Z,YES,NO,26
OECD,2023,ETRIWH,PTFTW50T66,AW67,S_C0,_Z,YES,NO,33
OECD,2024,ETRIWH,PTFTW50T66,AW67,S_C0,_Z,YES,NO,33
OECD,2025,ETRIWH,PTFTW50T66,AW67,S_C0,_Z,YES,NO,31
AUT,2023,ETRIWH,PTFTW67T100,AW67,S_C0,_Z,NO,NO,44
AUT,2023,ETRIWH,PTFTW67T100,AW67,S_C0,_Z,YES,NO,44
AUT,2024,ETRIWH,PTFTW67T100,AW67,S_C0,_Z,YES,NO,42
AUT,2024,ETRIWH,PTFTW67T100,AW67,S_C0,_Z,NO,NO,42
AUT,2025,ETRIWH,PTFTW67T100,AW67,S_C0,_Z,NO,NO,44
AUT,2025,ETRIWH,PTFTW67T100,AW67,S_C0,_Z,YES,NO,44
BEL,2023,ETRIWH,PTFTW67T100,AW67,S_C0,_Z,YES,NO,67
BEL,2023,ETRIWH,PTFTW67T100,AW67,S_C0,_Z,NO,NO,67
BEL,2024,ETRIWH,PTFTW67T100,AW67,S_C0,_Z,NO,NO,68
BEL,2024,ETRIWH,PTFTW67T100,AW67,S_C0,_Z,YES,NO,68
BEL,2025,ETRIWH,PTFTW67T100,AW67,S_C0,_Z,YES,NO,72
BEL,2025,ETRIWH,PTFTW67T100,AW67,S_C0,_Z,NO,NO,72
FRA,2023,ETRIWH,PTFTW67T100,AW67,S_C0,_Z,YES,NO,60
FRA,2023,ETRIWH,PTFTW67T100,AW67,S_C0,_Z,NO,NO,60
FRA,2024,ETRIWH,PTFTW67T100,AW67,S_C0,_Z,NO,NO,58
FRA,2024,ETRIWH,PTFTW67T100,AW67,S_C0,_Z,YES,NO,58
FRA,2025,ETRIWH,PTFTW67T100,AW67,S_C0,_Z,YES,NO,60
FRA,2025,ETRIWH,PTFTW67T100,AW67,S_C0,_Z,NO,NO,60
DEU,2023,ETRIWH,PTFTW67T100,AW67,S_C0,_Z,YES,NO,43
DEU,2023,ETRIWH,PTFTW67T100,AW67,S_C0,_Z,NO,NO,43
DEU,2024,ETRIWH,PTFTW67T100,AW67,S_C0,_Z,NO,NO,43
DEU,2024,ETRIWH,PTFTW67T100,AW67,S_C0,_Z,YES,NO,43
DEU,2025,ETRIWH,PTFTW67T100,AW67,S_C0,_Z,YES,NO,44
DEU,2025,ETRIWH,PTFTW67T100,AW67,S_C0,_Z,NO,NO,44
ITA,2023,ETRIWH,PTFTW67T100,AW67,S_C0,_Z,YES,NO,41
ITA,2023,ETRIWH,PTFTW67T100,AW67,S_C0,_Z,NO,NO,41
ITA,2025,ETRIWH,PTFTW67T100,AW67,S_C0,_Z,YES,NO,44
ITA,2025,ETRIWH,PTFTW67T100,AW67,S_C0,_Z,NO,NO,44
NLD,2023,ETRIWH,PTFTW67T100,AW67,S_C0,_Z,NO,NO,46
NLD,2023,ETRIWH,PTFTW67T100,AW67,S_C0,_Z,YES,NO,46
NLD,2024,ETRIWH,PTFTW67T100,AW67,S_C0,_Z,YES,NO,47
NLD,2024,ETRIWH,PTFTW67T100,AW67,S_C0,_Z,NO,NO,47
ESP,2023,ETRIWH,PTFTW67T100,AW67,S_C0,_Z,YES,NO,37
ESP,2023,ETRIWH,PTFTW67T100,AW67,S_C0,_Z,NO,NO,37
ESP,2024,ETRIWH,PTFTW67T100,AW67,S_C0,_Z,NO,NO,41
ESP,2024,ETRIWH,PTFTW67T100,AW67,S_C0,_Z,YES,NO,41
ESP,2025,ETRIWH,PTFTW67T100,AW67,S_C0,_Z,YES,NO,42
ESP,2025,ETRIWH,PTFTW67T100,AW67,S_C0,_Z,NO,NO,42
SWE,2023,ETRIWH,PTFTW67T100,AW67,S_C0,_Z,YES,NO,28
SWE,2023,ETRIWH,PTFTW67T100,AW67,S_C0,_Z,NO,NO,28
SWE,2024,ETRIWH,PTFTW67T100,AW67,S_C0,_Z,NO,NO,27
SWE,2024,ETRIWH,PTFTW67T100,AW67,S_C0,_Z,YES,NO,27
SWE,2025,ETRIWH,PTFTW67T100,AW67,S_C0,_Z,YES,NO,26
SWE,2025,ETRIWH,PTFTW67T100,AW67,S_C0,_Z,NO,NO,26
GBR,2024,ETRIWH,PTFTW67T100,AW67,S_C0,_Z,YES,NO,28
GBR,2024,ETRIWH,PTFTW67T100,AW67,S_C0,_Z,NO,NO,28
GBR,2025,ETRIWH,PTFTW67T100,AW67,S_C0,_Z,NO,NO,28
GBR,2025,ETRIWH,PTFTW67T100,AW67,S_C0,_Z,YES,NO,28
USA,2023,ETRIWH,PTFTW67T100,AW67,S_C0,_Z,NO,NO,26
USA,2023,ETRIWH,PTFTW67T100,AW67,S_C0,_Z,YES,NO,26
USA,2024,ETRIWH,PTFTW67T100,AW67,S_C0,_Z,YES,NO,26
USA,2024,ETRIWH,PTFTW67T100,AW67,S_C0,_Z,NO,NO,26
USA,2025,ETRIWH,PTFTW67T100,AW67,S_C0,_Z,NO,NO,26
USA,2025,ETRIWH,PTFTW67T100,AW67,S_C0,_Z,YES,NO,26
ITA,2024,ETRIWH,PTFTW67T100,AW67,S_C0,_Z,NO,NO,36
ITA,2024,ETRIWH,PTFTW67T100,AW67,S_C0,_Z,YES,NO,36
OECD,2023,ETRIWH,PTFTW67T100,AW67,S_C0,_Z,NO,NO,36
OECD,2023,ETRIWH,PTFTW67T100,AW67,S_C0,_Z,YES,NO,36
OECD,2024,ETRIWH,PTFTW67T100,AW67,S_C0,_Z,YES,NO,36
OECD,2024,ETRIWH,PTFTW67T100,AW67,S_C0,_Z,NO,NO,36
OECD,2025,ETRIWH,PTFTW67T100,AW67,S_C0,_Z,NO,NO,36
OECD,2025,ETRIWH,PTFTW67T100,AW67,S_C0,_Z,YES,NO,36
DNK,2023,ETRIWH,PTFTW67T100,AW67,S_C0,_Z,YES,NO,39
DNK,2023,ETRIWH,PTFTW67T100,AW67,S_C0,_Z,NO,NO,39
DNK,2024,ETRIWH,PTFTW67T100,AW67,S_C0,_Z,NO,NO,39
DNK,2024,ETRIWH,PTFTW67T100,AW67,S_C0,_Z,YES,NO,39
AUT,2023,ETRIWH,PTFTW67T100,AW67,S_C0,_Z,NO,YES,44
AUT,2024,ETRIWH,PTFTW67T100,AW67,S_C0,_Z,NO,YES,42
AUT,2025,ETRIWH,PTFTW67T100,AW67,S_C0,_Z,NO,YES,44
BEL,2023,ETRIWH,PTFTW67T100,AW67,S_C0,_Z,NO,YES,67
BEL,2024,ETRIWH,PTFTW67T100,AW67,S_C0,_Z,NO,YES,68
BEL,2025,ETRIWH,PTFTW67T100,AW67,S_C0,_Z,NO,YES,72
DNK,2023,ETRIWH,PTFTW67T100,AW67,S_C0,_Z,NO,YES,39
DNK,2024,ETRIWH,PTFTW67T100,AW67,S_C0,_Z,NO,YES,39
FRA,2023,ETRIWH,PTFTW67T100,AW67,S_C0,_Z,NO,YES,60
FRA,2024,ETRIWH,PTFTW67T100,AW67,S_C0,_Z,NO,YES,58
FRA,2025,ETRIWH,PTFTW67T100,AW67,S_C0,_Z,NO,YES,60
DEU,2023,ETRIWH,PTFTW67T100,AW67,S_C0,_Z,NO,YES,43
DEU,2024,ETRIWH,PTFTW67T100,AW67,S_C0,_Z,NO,YES,43
DEU,2025,ETRIWH,PTFTW67T100,AW67,S_C0,_Z,NO,YES,44
ITA,2023,ETRIWH,PTFTW67T100,AW67,S_C0,_Z,NO,YES,48
ITA,2024,ETRIWH,PTFTW67T100,AW67,S_C0,_Z,NO,YES,38
ITA,2025,ETRIWH,PTFTW67T100,AW67,S_C0,_Z,NO,YES,45
NLD,2023,ETRIWH,PTFTW67T100,AW67,S_C0,_Z,NO,YES,66
NLD,2024,ETRIWH,PTFTW67T100,AW67,S_C0,_Z,NO,YES,67
ESP,2023,ETRIWH,PTFTW67T100,AW67,S_C0,_Z,NO,YES,41
ESP,2024,ETRIWH,PTFTW67T100,AW67,S_C0,_Z,NO,YES,42
ESP,2025,ETRIWH,PTFTW67T100,AW67,S_C0,_Z,NO,YES,40
SWE,2023,ETRIWH,PTFTW67T100,AW67,S_C0,_Z,NO,YES,28
SWE,2024,ETRIWH,PTFTW67T100,AW67,S_C0,_Z,NO,YES,27
SWE,2025,ETRIWH,PTFTW67T100,AW67,S_C0,_Z,NO,YES,26
GBR,2023,ETRIWH,PTFTW67T100,AW67,S_C0,_Z,NO,YES,63
GBR,2024,ETRIWH,PTFTW67T100,AW67,S_C0,_Z,NO,YES,62
GBR,2025,ETRIWH,PTFTW67T100,AW67,S_C0,_Z,NO,YES,62
USA,2023,ETRIWH,PTFTW67T100,AW67,S_C0,_Z,NO,YES,26
USA,2024,ETRIWH,PTFTW67T100,AW67,S_C0,_Z,NO,YES,26
USA,2025,ETRIWH,PTFTW67T100,AW67,S_C0,_Z,NO,YES,26
OECD,2023,ETRIWH,PTFTW67T100,AW67,S_C0,_Z,NO,YES,42
OECD,2024,ETRIWH,PTFTW67T100,AW67,S_C0,_Z,NO,YES,42
OECD,2025,ETRIWH,PTFTW67T100,AW67,S_C0,_Z,NO,YES,40
AUT,2023,ETRIWH,PTFTW67T100,AW67,S_C0,_Z,YES,YES,44
AUT,2024,ETRIWH,PTFTW67T100,AW67,S_C0,_Z,YES,YES,42
AUT,2025,ETRIWH,PTFTW67T100,AW67,S_C0,_Z,YES,YES,44
BEL,2023,ETRIWH,PTFTW67T100,AW67,S_C0,_Z,YES,YES,67
BEL,2024,ETRIWH,PTFTW67T100,AW67,S_C0,_Z,YES,YES,68
BEL,2025,ETRIWH,PTFTW67T100,AW67,S_C0,_Z,YES,YES,72
DNK,2023,ETRIWH,PTFTW67T100,AW67,S_C0,_Z,YES,YES,39
DNK,2024,ETRIWH,PTFTW67T100,AW67,S_C0,_Z,YES,YES,39
FRA,2023,ETRIWH,PTFTW67T100,AW67,S_C0,_Z,YES,YES,60
FRA,2024,ETRIWH,PTFTW67T100,AW67,S_C0,_Z,YES,YES,58
FRA,2025,ETRIWH,PTFTW67T100,AW67,S_C0,_Z,YES,YES,60
DEU,2023,ETRIWH,PTFTW67T100,AW67,S_C0,_Z,YES,YES,43
DEU,2024,ETRIWH,PTFTW67T100,AW67,S_C0,_Z,YES,YES,43
DEU,2025,ETRIWH,PTFTW67T100,AW67,S_C0,_Z,YES,YES,44
ITA,2023,ETRIWH,PTFTW67T100,AW67,S_C0,_Z,YES,YES,48
ITA,2024,ETRIWH,PTFTW67T100,AW67,S_C0,_Z,YES,YES,38
ITA,2025,ETRIWH,PTFTW67T100,AW67,S_C0,_Z,YES,YES,45
NLD,2023,ETRIWH,PTFTW67T100,AW67,S_C0,_Z,YES,YES,66
NLD,2024,ETRIWH,PTFTW67T100,AW67,S_C0,_Z,YES,YES,67
ESP,2023,ETRIWH,PTFTW67T100,AW67,S_C0,_Z,YES,YES,41
ESP,2024,ETRIWH,PTFTW67T100,AW67,S_C0,_Z,YES,YES,42
ESP,2025,ETRIWH,PTFTW67T100,AW67,S_C0,_Z,YES,YES,40
SWE,2023,ETRIWH,PTFTW67T100,AW67,S_C0,_Z,YES,YES,28
SWE,2024,ETRIWH,PTFTW67T100,AW67,S_C0,_Z,YES,YES,27
SWE,2025,ETRIWH,PTFTW67T100,AW67,S_C0,_Z,YES,YES,26
GBR,2023,ETRIWH,PTFTW67T100,AW67,S_C0,_Z,YES,YES,63
GBR,2024,ETRIWH,PTFTW67T100,AW67,S_C0,_Z,YES,YES,62
GBR,2025,ETRIWH,PTFTW67T100,AW67,S_C0,_Z,YES,YES,62
USA,2023,ETRIWH,PTFTW67T100,AW67,S_C0,_Z,YES,YES,26
USA,2024,ETRIWH,PTFTW67T100,AW67,S_C0,_Z,YES,YES,26
USA,2025,ETRIWH,PTFTW67T100,AW67,S_C0,_Z,YES,YES,26
OECD,2023,ETRIWH,PTFTW67T100,AW67,S_C0,_Z,YES,YES,43
OECD,2024,ETRIWH,PTFTW67T100,AW67,S_C0,_Z,YES,YES,44
OECD,2025,ETRIWH,PTFTW67T100,AW67,S_C0,_Z,YES,YES,40
POL,2023,ETRIWH,PTFTW67T100,AW67,S_C0,_Z,NO,NO,32
POL,2023,ETRIWH,PTFTW67T100,AW67,S_C0,_Z,YES,YES,32
POL,2023,ETRIWH,PTFTW67T100,AW67,S_C0,_Z,NO,YES,32
POL,2023,ETRIWH,PTFTW67T100,AW67,S_C0,_Z,YES,NO,32
POL,2024,ETRIWH,PTFTW67T100,AW67,S_C0,_Z,YES,NO,32
POL,2024,ETRIWH,PTFTW67T100,AW67,S_C0,_Z,NO,YES,32
POL,2024,ETRIWH,PTFTW67T100,AW67,S_C0,_Z,YES,YES,32
POL,2024,ETRIWH,PTFTW67T100,AW67,S_C0,_Z,NO,NO,32
POL,2025,ETRIWH,PTFTW67T100,AW67,S_C0,_Z,NO,NO,32
POL,2025,ETRIWH,PTFTW67T100,AW67,S_C0,_Z,YES,YES,32
POL,2025,ETRIWH,PTFTW67T100,AW67,S_C0,_Z,NO,YES,32
POL,2025,ETRIWH,PTFTW67T100,AW67,S_C0,_Z,YES,NO,32
GBR,2023,ETRIWH,PTFTW67T100,AW67,S_C0,_Z,NO,NO,32
GBR,2023,ETRIWH,PTFTW67T100,AW67,S_C0,_Z,YES,NO,32
