REF_AREA,TIME_PERIOD,MEASURE,INCOME_CURR,HOUSEHOLD_TYPE,INCOME_PART,HOUSE_BENEFIT,TEMP_INTOWORK_BENEFIT,OBS_VALUE
AUT,2023,TLBDSNJ,AW67,C_C0,AW67,NO,NO,27.3
AUT,2024,TLBDSNJ,AW67,C_C0,AW67,NO,NO,27.2
AUT,2025,TLBDSNJ,AW67,C_C0,AW67,NO,NO,27.2
BEL,2023,TLBDSNJ,AW67,C_C0,AW67,NO,NO,41.7
BEL,2024,TLBDSNJ,AW67,C_C0,AW67,NO,NO,41.5
BEL,2025,TLBDSNJ,AW67,C_C0,AW67,NO,NO,41.7
DNK,2023,TLBDSNJ,AW67,C_C0,AW67,NO,NO,49.8
DNK,2024,TLBDSNJ,AW67,C_C0,AW67,NO,NO,47.7
FRA,2023,TLBDSNJ,AW67,C_C0,AW67,NO,NO,40.2
FRA,2024,TLBDSNJ,AW67,C_C0,AW67,NO,NO,39.2
FRA,2025,TLBDSNJ,AW67,C_C0,AW67,NO,NO,40.4
DEU,2023,TLBDSNJ,AW67,C_C0,AW67,NO,NO,41.6
DEU,2024,TLBDSNJ,AW67,C_C0,AW67,NO,NO,41.8
DEU,2025,TLBDSNJ,AW67,C_C0,AW67,NO,NO,42.3
ITA,2023,TLBDSNJ,AW67,C_C0,AW67,NO,NO,24.1
ITA,2024,TLBDSNJ,AW67,C_C0,AW67,NO,NO,21
ITA,2025,TLBDSNJ,AW67,C_C0,AW67,NO,NO,22.6
NLD,2023,TLBDSNJ,AW67,C_C0,AW67,NO,NO,26.3
NLD,2024,TLBDSNJ,AW67,C_C0,AW67,NO,NO,24.5
POL,2023,TLBDSNJ,AW67,C_C0,AW67,NO,NO,28.4
POL,2024,TLBDSNJ,AW67,C_C0,AW67,NO,NO,29.9
POL,2025,TLBDSNJ,AW67,C_C0,AW67,NO,NO,30.9
ESP,2023,TLBDSNJ,AW67,C_C0,AW67,NO,NO,19.9
ESP,2024,TLBDSNJ,AW67,C_C0,AW67,NO,NO,21.6
ESP,2025,TLBDSNJ,AW67,C_C0,AW67,NO,NO,21.8
SWE,2023,TLBDSNJ,AW67,C_C0,AW67,NO,NO,21.4
SWE,2024,TLBDSNJ,AW67,C_C0,AW67,NO,NO,20.6
SWE,2025,TLBDSNJ,AW67,C_C0,AW67,NO,NO,20.2
GBR,2023,TLBDSNJ,AW67,C_C0,AW67,NO,NO,20.6
GBR,2024,TLBDSNJ,AW67,C_C0,AW67,NO,NO,18.6
GBR,2025,TLBDSNJ,AW67,C_C0,AW67,NO,NO,19
USA,2023,TLBDSNJ,AW67,C_C0,AW67,NO,NO,25.9
USA,2024,TLBDSNJ,AW67,C_C0,AW67,NO,NO,26.1
USA,2025,TLBDSNJ,AW67,C_C0,AW67,NO,NO,26.1
OECD,2023,TLBDSNJ,AW67,C_C0,AW67,NO,NO,26.8
OECD,2024,TLBDSNJ,AW67,C_C0,AW67,NO,NO,26.5
OECD,2025,TLBDSNJ,AW67,C_C0,AW67,NO,NO,25.9
AUT,2023,TLBDSNJ,AW67,C_C0,AW67,NO,YES,27.3
AUT,2024,TLBDSNJ,AW67,C_C0,AW67,NO,YES,27.2
AUT,2025,TLBDSNJ,AW67,C_C0,AW67,NO,YES,27.2
BEL,2023,TLBDSNJ,AW67,C_C0,AW67,NO,YES,41.7
BEL,2024,TLBDSNJ,AW67,C_C0,AW67,NO,YES,41.5
BEL,2025,TLBDSNJ,AW67,C_C0,AW67,NO,YES,41.7
DNK,2023,TLBDSNJ,AW67,C_C0,AW67,NO,YES,49.8
DNK,2024,TLBDSNJ,AW67,C_C0,AW67,NO,YES,47.7
FRA,2023,TLBDSNJ,AW67,C_C0,AW67,NO,YES,40.2
FRA,2024,TLBDSNJ,AW67,C_C0,AW67,NO,YES,39.2
FRA,2025,TLBDSNJ,AW67,C_C0,AW67,NO,YES,40.4
DEU,2023,TLBDSNJ,AW67,C_C0,AW67,NO,YES,41.6
DEU,2024,TLBDSNJ,AW67,C_C0,AW67,NO,YES,41.8
DEU,2025,TLBDSNJ,AW67,C_C0,AW67,NO,YES,42.3
ITA,2023,TLBDSNJ,AW67,C_C0,AW67,NO,YES,24.1
ITA,2024,TLBDSNJ,AW67,C_C0,AW67,NO,YES,21
ITA,2025,TLBDSNJ,AW67,C_C0,AW67,NO,YES,22.6
NLD,2023,TLBDSNJ,AW67,C_C0,AW67,NO,YES,26.3
NLD,2024,TLBDSNJ,AW67,C_C0,AW67,NO,YES,24.5
POL,2023,TLBDSNJ,AW67,C_C0,AW67,NO,YES,28.4
POL,2024,TLBDSNJ,AW67,C_C0,AW67,NO,YES,29.9
POL,2025,TLBDSNJ,AW67,C_C0,AW67,NO,YES,30.9
ESP,2023,TLBDSNJ,AW67,C_C0,AW67,NO,YES,19.9
ESP,2024,TLBDSNJ,AW67,C_C0,AW67,NO,YES,21.6
ESP,2025,TLBDSNJ,AW67,C_C0,AW67,NO,YES,21.8
SWE,2023,TLBDSNJ,AW67,C_C0,AW67,NO,YES,21.4
SWE,2024,TLBDSNJ,AW67,C_C0,AW67,NO,YES,20.6
SWE,2025,TLBDSNJ,AW67,C_C0,AW67,NO,YES,20.2
GBR,2023,TLBDSNJ,AW67,C_C0,AW67,NO,YES,20.6
GBR,2024,TLBDSNJ,AW67,C_C0,AW67,NO,YES,18.6
GBR,2025,TLBDSNJ,AW67,C_C0,AW67,NO,YES,19
USA,2023,TLBDSNJ,AW67,C_C0,AW67,NO,YES,25.9
USA,2024,TLBDSNJ,AW67,C_C0,AW67,NO,YES,26.1
USA,2025,TLBDSNJ,AW67,C_C0,AW67,NO,YES,26.1
OECD,2023,TLBDSNJ,AW67,C_C0,AW67,NO,YES,26.7
OECD,2024,TLBDSNJ,AW67,C_C0,AW67,NO,YES,26.5
OECD,2025,TLBDSNJ,AW67,C_C0,AW67,NO,YES,25.8
AUT,2023,TLBDSNJ,AW67,C_C0,AW67,YES,NO,27.3
AUT,2024,TLBDSNJ,AW67,C_C0,AW67,YES,NO,27.2
AUT,2025,TLBDSNJ,AW67,C_C0,AW67,YES,NO,27.2
BEL,2023,TLBDSNJ,AW67,C_C0,AW67,YES,NO,41.7
BEL,2024,TLBDSNJ,AW67,C_C0,AW67,YES,NO,41.5
BEL,2025,TLBDSNJ,AW67,C_C0,AW67,YES,NO,41.7
DNK,2023,TLBDSNJ,AW67,C_C0,AW67,YES,NO,55.6
DNK,2024,TLBDSNJ,AW67,C_C0,AW67,YES,NO,54.2
FRA,2023,TLBDSNJ,AW67,C_C0,AW67,YES,NO,40.2
FRA,2024,TLBDSNJ,AW67,C_C0,AW67,YES,NO,39.2
FRA,2025,TLBDSNJ,AW67,C_C0,AW67,YES,NO,40.4
DEU,2023,TLBDSNJ,AW67,C_C0,AW67,YES,NO,41.6
DEU,2024,TLBDSNJ,AW67,C_C0,AW67,YES,NO,41.8
DEU,2025,TLBDSNJ,AW67,C_C0,AW67,YES,NO,42.3
ITA,2023,TLBDSNJ,AW67,C_C0,AW67,YES,NO,24.1
ITA,2024,TLBDSNJ,AW67,C_C0,AW67,YES,NO,21
ITA,2025,TLBDSNJ,AW67,C_C0,AW67,YES,NO,22.6
NLD,2023,TLBDSNJ,AW67,C_C0,AW67,YES,NO,28.8
NLD,2024,TLBDSNJ,AW67,C_C0,AW67,YES,NO,27
POL,2023,TLBDSNJ,AW67,C_C0,AW67,YES,NO,28.4
POL,2024,TLBDSNJ,AW67,C_C0,AW67,YES,NO,29.9
POL,2025,TLBDSNJ,AW67,C_C0,AW67,YES,NO,30.9
ESP,2023,TLBDSNJ,AW67,C_C0,AW67,YES,NO,30.9
ESP,2024,TLBDSNJ,AW67,C_C0,AW67,YES,NO,33.1
ESP,2025,TLBDSNJ,AW67,C_C0,AW67,YES,NO,33.3
SWE,2023,TLBDSNJ,AW67,C_C0,AW67,YES,NO,21.4
SWE,2024,TLBDSNJ,AW67,C_C0,AW67,YES,NO,20.6
SWE,2025,TLBDSNJ,AW67,C_C0,AW67,YES,NO,20.2
GBR,2023,TLBDSNJ,AW67,C_C0,AW67,YES,NO,25
GBR,2024,TLBDSNJ,AW67,C_C0,AW67,YES,NO,24.2
GBR,2025,TLBDSNJ,AW67,C_C0,AW67,YES,NO,24.3
USA,2023,TLBDSNJ,AW67,C_C0,AW67,YES,NO,25.9
USA,2024,TLBDSNJ,AW67,C_C0,AW67,YES,NO,26.1
USA,2025,TLBDSNJ,AW67,C_C0,AW67,YES,NO,26.1
OECD,2023,TLBDSNJ,AW67,C_C0,AW67,YES,NO,29.9
OECD,2024,TLBDSNJ,AW67,C_C0,AW67,YES,NO,30.1
OECD,2025,TLBDSNJ,AW67,C_C0,AW67,YES,NO,28.9
AUT,2023,TLBDSNJ,AW67,C_C0,AW67,YES,YES,27.3
AUT,2024,TLBDSNJ,AW67,C_C0,AW67,YES,YES,27.2
AUT,2025,TLBDSNJ,AW67,C_C0,AW67,YES,YES,27.2
BEL,2023,TLBDSNJ,AW67,C_C0,AW67,YES,YES,41.7
BEL,2024,TLBDSNJ,AW67,C_C0,AW67,YES,YES,41.5
BEL,2025,TLBDSNJ,AW67,C_C0,AW67,YES,YES,41.7
DNK,2023,TLBDSNJ,AW67,C_C0,AW67,YES,YES,55.6
DNK,2024,TLBDSNJ,AW67,C_C0,AW67,YES,YES,54.2
FRA,2023,TLBDSNJ,AW67,C_C0,AW67,YES,YES,40.2
FRA,2024,TLBDSNJ,AW67,C_C0,AW67,YES,YES,39.2
FRA,2025,TLBDSNJ,AW67,C_C0,AW67,YES,YES,40.4
DEU,2023,TLBDSNJ,AW67,C_C0,AW67,YES,YES,41.6
DEU,2024,TLBDSNJ,AW67,C_C0,AW67,YES,YES,41.8
DEU,2025,TLBDSNJ,AW67,C_C0,AW67,YES,YES,42.3
ITA,2023,TLBDSNJ,AW67,C_C0,AW67,YES,YES,24.1
ITA,2024,TLBDSNJ,AW67,C_C0,AW67,YES,YES,21
ITA,2025,TLBDSNJ,AW67,C_C0,AW67,YES,YES,22.6
NLD,2023,TLBDSNJ,AW67,C_C0,AW67,YES,YES,28.8
NLD,2024,TLBDSNJ,AW67,C_C0,AW67,YES,YES,27
POL,2023,TLBDSNJ,AW67,C_C0,AW67,YES,YES,28.4
POL,2024,TLBDSNJ,AW67,C_C0,AW67,YES,YES,29.9
POL,2025,TLBDSNJ,AW67,C_C0,AW67,YES,YES,30.9
ESP,2023,TLBDSNJ,AW67,C_C0,AW67,YES,YES,30.9
ESP,2024,TLBDSNJ,AW67,C_C0,AW67,YES,YES,33.1
ESP,2025,TLBDSNJ,AW67,C_C0,AW67,YES,YES,33.3
SWE,2023,TLBDSNJ,AW67,C_C0,AW67,YES,YES,21.4
SWE,2024,TLBDSNJ,AW67,C_C0,AW67,YES,YES,20.6
SWE,2025,TLBDSNJ,AW67,C_C0,AW67,YES,YES,20.2
GBR,2023,TLBDSNJ,AW67,C_C0,AW67,YES,YES,25
GBR,2024,TLBDSNJ,AW67,C_C0,AW67,YES,YES,24.2
GBR,2025,TLBDSNJ,AW67,C_C0,AW67,YES,YES,24.3
USA,2023,TLBDSNJ,AW67,C_C0,AW67,YES,YES,25.9
USA,2024,TLBDSNJ,AW67,C_C0,AW67,YES,YES,26.1
USA,2025,TLBDSNJ,AW67,C_C0,AW67,YES,YES,26.1
OECD,2023,TLBDSNJ,AW67,C_C0,AW67,YES,YES,29.8
OECD,2024,TLBDSNJ,AW67,C_C0,AW67,YES,YES,30
OECD,2025,TLBDSNJ,AW67,C_C0,AW67,YES,YES,28.8
AUT,2023,TLBDSNJ,AW100,C_C0,AW67,NO,NO,32.9
AUT,2024,TLBDSNJ,AW100,C_C0,AW67,NO,NO,32.7
AUT,2025,TLBDSNJ,AW100,C_C0,AW67,NO,NO,32.7
BEL,2023,TLBDSNJ,AW100,C_C0,AW67,NO,NO,47
BEL,2024,TLBDSNJ,AW100,C_C0,AW67,NO,NO,46.8
BEL,2025,TLBDSNJ,AW100,C_C0,AW67,NO,NO,46.7
DNK,2023,TLBDSNJ,AW100,C_C0,AW67,NO,NO,46.7
DNK,2024,TLBDSNJ,AW100,C_C0,AW67,NO,NO,45.5
FRA,2023,TLBDSNJ,AW100,C_C0,AW67,NO,NO,37.2
FRA,2024,TLBDSNJ,AW100,C_C0,AW67,NO,NO,36.6
FRA,2025,TLBDSNJ,AW100,C_C0,AW67,NO,NO,37.4
DEU,2023,TLBDSNJ,AW100,C_C0,AW67,NO,NO,43
DEU,2024,TLBDSNJ,AW100,C_C0,AW67,NO,NO,43.1
DEU,2025,TLBDSNJ,AW100,C_C0,AW67,NO,NO,43.8
ITA,2023,TLBDSNJ,AW100,C_C0,AW67,NO,NO,31.6
ITA,2024,TLBDSNJ,AW100,C_C0,AW67,NO,NO,32.4
ITA,2025,TLBDSNJ,AW100,C_C0,AW67,NO,NO,30.4
NLD,2023,TLBDSNJ,AW100,C_C0,AW67,NO,NO,35.3
NLD,2024,TLBDSNJ,AW100,C_C0,AW67,NO,NO,34.3
POL,2023,TLBDSNJ,AW100,C_C0,AW67,NO,NO,29.5
POL,2024,TLBDSNJ,AW100,C_C0,AW67,NO,NO,30.5
POL,2025,TLBDSNJ,AW100,C_C0,AW67,NO,NO,31.2
ESP,2023,TLBDSNJ,AW100,C_C0,AW67,NO,NO,24.3
ESP,2024,TLBDSNJ,AW100,C_C0,AW67,NO,NO,24.9
ESP,2025,TLBDSNJ,AW100,C_C0,AW67,NO,NO,25.1
SWE,2023,TLBDSNJ,AW100,C_C0,AW67,NO,NO,24.5
SWE,2024,TLBDSNJ,AW100,C_C0,AW67,NO,NO,23.6
SWE,2025,TLBDSNJ,AW100,C_C0,AW67,NO,NO,23.1
GBR,2023,TLBDSNJ,AW100,C_C0,AW67,NO,NO,24.3
GBR,2024,TLBDSNJ,AW100,C_C0,AW67,NO,NO,22.1
GBR,2025,TLBDSNJ,AW100,C_C0,AW67,NO,NO,23
USA,2023,TLBDSNJ,AW100,C_C0,AW67,NO,NO,26
USA,2024,TLBDSNJ,AW100,C_C0,AW67,NO,NO,26.2
USA,2025,TLBDSNJ,AW100,C_C0,AW67,NO,NO,26.2
OECD,2023,TLBDSNJ,AW100,C_C0,AW67,NO,NO,30.3
OECD,2024,TLBDSNJ,AW100,C_C0,AW67,NO,NO,30.1
OECD,2025,TLBDSNJ,AW100,C_C0,AW67,NO,NO,29.3
AUT,2023,TLBDSNJ,AW100,C_C0,AW67,NO,YES,32.9
AUT,2024,TLBDSNJ,AW100,C_C0,AW67,NO,YES,32.7
AUT,2025,TLBDSNJ,AW100,C_C0,AW67,NO,YES,32.7
BEL,2023,TLBDSNJ,AW100,C_C0,AW67,NO,YES,47
BEL,2024,TLBDSNJ,AW100,C_C0,AW67,NO,YES,46.8
BEL,2025,TLBDSNJ,AW100,C_C0,AW67,NO,YES,46.7
DNK,2023,TLBDSNJ,AW100,C_C0,AW67,NO,YES,46.7
DNK,2024,TLBDSNJ,AW100,C_C0,AW67,NO,YES,45.5
FRA,2023,TLBDSNJ,AW100,C_C0,AW67,NO,YES,37.2
FRA,2024,TLBDSNJ,AW100,C_C0,AW67,NO,YES,36.6
FRA,2025,TLBDSNJ,AW100,C_C0,AW67,NO,YES,37.4
DEU,2023,TLBDSNJ,AW100,C_C0,AW67,NO,YES,43
DEU,2024,TLBDSNJ,AW100,C_C0,AW67,NO,YES,43.1
DEU,2025,TLBDSNJ,AW100,C_C0,AW67,NO,YES,43.8
ITA,2023,TLBDSNJ,AW100,C_C0,AW67,NO,YES,31.6
ITA,2024,TLBDSNJ,AW100,C_C0,AW67,NO,YES,32.4
ITA,2025,TLBDSNJ,AW100,C_C0,AW67,NO,YES,30.4
NLD,2023,TLBDSNJ,AW100,C_C0,AW67,NO,YES,35.3
NLD,2024,TLBDSNJ,AW100,C_C0,AW67,NO,YES,34.3
POL,2023,TLBDSNJ,AW100,C_C0,AW67,NO,YES,29.5
POL,2024,TLBDSNJ,AW100,C_C0,AW67,NO,YES,30.5
POL,2025,TLBDSNJ,AW100,C_C0,AW67,NO,YES,31.2
ESP,2023,TLBDSNJ,AW100,C_C0,AW67,NO,YES,24.3
ESP,2024,TLBDSNJ,AW100,C_C0,AW67,NO,YES,24.9
ESP,2025,TLBDSNJ,AW100,C_C0,AW67,NO,YES,25.1
SWE,2023,TLBDSNJ,AW100,C_C0,AW67,NO,YES,24.5
SWE,2024,TLBDSNJ,AW100,C_C0,AW67,NO,YES,23.6
SWE,2025,TLBDSNJ,AW100,C_C0,AW67,NO,YES,23.1
GBR,2023,TLBDSNJ,AW100,C_C0,AW67,NO,YES,24.3
GBR,2024,TLBDSNJ,AW100,C_C0,AW67,NO,YES,22.1
GBR,2025,TLBDSNJ,AW100,C_C0,AW67,NO,YES,23
USA,2023,TLBDSNJ,AW100,C_C0,AW67,NO,YES,26
USA,2024,TLBDSNJ,AW100,C_C0,AW67,NO,YES,26.2
USA,2025,TLBDSNJ,AW100,C_C0,AW67,NO,YES,26.2
OECD,2023,TLBDSNJ,AW100,C_C0,AW67,NO,YES,30.2
OECD,2024,TLBDSNJ,AW100,C_C0,AW67,NO,YES,30.1
OECD,2025,TLBDSNJ,AW100,C_C0,AW67,NO,YES,29.3
AUT,2023,TLBDSNJ,AW100,C_C0,AW67,YES,NO,32.9
AUT,2024,TLBDSNJ,AW100,C_C0,AW67,YES,NO,32.7
AUT,2025,TLBDSNJ,AW100,C_C0,AW67,YES,NO,32.7
BEL,2023,TLBDSNJ,AW100,C_C0,AW67,YES,NO,47
BEL,2024,TLBDSNJ,AW100,C_C0,AW67,YES,NO,46.8
BEL,2025,TLBDSNJ,AW100,C_C0,AW67,YES,NO,46.7
DNK,2023,TLBDSNJ,AW100,C_C0,AW67,YES,NO,50.6
DNK,2024,TLBDSNJ,AW100,C_C0,AW67,YES,NO,49.8
FRA,2023,TLBDSNJ,AW100,C_C0,AW67,YES,NO,37.2
FRA,2024,TLBDSNJ,AW100,C_C0,AW67,YES,NO,36.6
FRA,2025,TLBDSNJ,AW100,C_C0,AW67,YES,NO,37.4
DEU,2023,TLBDSNJ,AW100,C_C0,AW67,YES,NO,43
DEU,2024,TLBDSNJ,AW100,C_C0,AW67,YES,NO,43.1
DEU,2025,TLBDSNJ,AW100,C_C0,AW67,YES,NO,43.8
ITA,2023,TLBDSNJ,AW100,C_C0,AW67,YES,NO,31.6
ITA,2024,TLBDSNJ,AW100,C_C0,AW67,YES,NO,32.4
ITA,2025,TLBDSNJ,AW100,C_C0,AW67,YES,NO,30.4
NLD,2023,TLBDSNJ,AW100,C_C0,AW67,YES,NO,37
NLD,2024,TLBDSNJ,AW100,C_C0,AW67,YES,NO,35.9
POL,2023,TLBDSNJ,AW100,C_C0,AW67,YES,NO,29.5
POL,2024,TLBDSNJ,AW100,C_C0,AW67,YES,NO,30.5
POL,2025,TLBDSNJ,AW100,C_C0,AW67,YES,NO,31.2
ESP,2023,TLBDSNJ,AW100,C_C0,AW67,YES,NO,31.7
ESP,2024,TLBDSNJ,AW100,C_C0,AW67,YES,NO,32.6
ESP,2025,TLBDSNJ,AW100,C_C0,AW67,YES,NO,32.8
SWE,2023,TLBDSNJ,AW100,C_C0,AW67,YES,NO,24.5
SWE,2024,TLBDSNJ,AW100,C_C0,AW67,YES,NO,23.6
SWE,2025,TLBDSNJ,AW100,C_C0,AW67,YES,NO,23.1
GBR,2023,TLBDSNJ,AW100,C_C0,AW67,YES,NO,27.3
GBR,2024,TLBDSNJ,AW100,C_C0,AW67,YES,NO,25.9
GBR,2025,TLBDSNJ,AW100,C_C0,AW67,YES,NO,26.6
USA,2023,TLBDSNJ,AW100,C_C0,AW67,YES,NO,26
USA,2024,TLBDSNJ,AW100,C_C0,AW67,YES,NO,26.2
USA,2025,TLBDSNJ,AW100,C_C0,AW67,YES,NO,26.2
OECD,2023,TLBDSNJ,AW100,C_C0,AW67,YES,NO,32.3
OECD,2024,TLBDSNJ,AW100,C_C0,AW67,YES,NO,32.5
OECD,2025,TLBDSNJ,AW100,C_C0,AW67,YES,NO,31.7
AUT,2023,TLBDSNJ,AW100,C_C0,AW67,YES,YES,32.9
AUT,2024,TLBDSNJ,AW100,C_C0,AW67,YES,YES,32.7
AUT,2025,TLBDSNJ,AW100,C_C0,AW67,YES,YES,32.7
BEL,2023,TLBDSNJ,AW100,C_C0,AW67,YES,YES,47
BEL,2024,TLBDSNJ,AW100,C_C0,AW67,YES,YES,46.8
BEL,2025,TLBDSNJ,AW100,C_C0,AW67,YES,YES,46.7
DNK,2023,TLBDSNJ,AW100,C_C0,AW67,YES,YES,50.6
DNK,2024,TLBDSNJ,AW100,C_C0,AW67,YES,YES,49.8
FRA,2023,TLBDSNJ,AW100,C_C0,AW67,YES,YES,37.2
FRA,2024,TLBDSNJ,AW100,C_C0,AW67,YES,YES,36.6
FRA,2025,TLBDSNJ,AW100,C_C0,AW67,YES,YES,37.4
DEU,2023,TLBDSNJ,AW100,C_C0,AW67,YES,YES,43
DEU,2024,TLBDSNJ,AW100,C_C0,AW67,YES,YES,43.1
DEU,2025,TLBDSNJ,AW100,C_C0,AW67,YES,YES,43.8
ITA,2023,TLBDSNJ,AW100,C_C0,AW67,YES,YES,31.6
ITA,2024,TLBDSNJ,AW100,C_C0,AW67,YES,YES,32.4
ITA,2025,TLBDSNJ,AW100,C_C0,AW67,YES,YES,30.4
NLD,2023,TLBDSNJ,AW100,C_C0,AW67,YES,YES,37
NLD,2024,TLBDSNJ,AW100,C_C0,AW67,YES,YES,35.9
POL,2023,TLBDSNJ,AW100,C_C0,AW67,YES,YES,29.5
POL,2024,TLBDSNJ,AW100,C_C0,AW67,YES,YES,30.5
POL,2025,TLBDSNJ,AW100,C_C0,AW67,YES,YES,31.2
ESP,2023,TLBDSNJ,AW100,C_C0,AW67,YES,YES,31.7
ESP,2024,TLBDSNJ,AW100,C_C0,AW67,YES,YES,32.6
ESP,2025,TLBDSNJ,AW100,C_C0,AW67,YES,YES,32.8
SWE,2023,TLBDSNJ,AW100,C_C0,AW67,YES,YES,24.5
SWE,2024,TLBDSNJ,AW100,C_C0,AW67,YES,YES,23.6
SWE,2025,TLBDSNJ,AW100,C_C0,AW67,YES,YES,23.1
GBR,2023,TLBDSNJ,AW100,C_C0,AW67,YES,YES,27.3
GBR,2024,TLBDSNJ,AW100,C_C0,AW67,YES,YES,25.9
GBR,2025,TLBDSNJ,AW100,C_C0,AW67,YES,YES,26.6
USA,2023,TLBDSNJ,AW100,C_C0,AW67,YES,YES,26
USA,2024,TLBDSNJ,AW100,C_C0,AW67,YES,YES,26.2
USA,2025,TLBDSNJ,AW100,C_C0,AW67,YES,YES,26.2
OECD,2023,TLBDSNJ,AW100,C_C0,AW67,YES,YES,32.3
OECD,2024,TLBDSNJ,AW100,C_C0,AW67,YES,YES,32.5
OECD,2025,TLBDSNJ,AW100,C_C0,AW67,YES,YES,31.7
BEL,2023,TLBDSNJ,MINW,C_C0,AW67,NO,YES,27.2
BEL,2024,TLBDSNJ,MINW,C_C0,AW67,NO,YES,26
BEL,2025,TLBDSNJ,MINW,C_C0,AW67,NO,YES,24.6
FRA,2023,TLBDSNJ,MINW,C_C0,AW67,NO,YES,43.4
FRA,2024,TLBDSNJ,MINW,C_C0,AW67,NO,YES,42
FRA,2025,TLBDSNJ,MINW,C_C0,AW67,NO,YES,43.6
DEU,2023,TLBDSNJ,MINW,C_C0,AW67,NO,YES,40.2
DEU,2024,TLBDSNJ,MINW,C_C0,AW67,NO,YES,40.4
DEU,2025,TLBDSNJ,MINW,C_C0,AW67,NO,YES,40.9
NLD,2023,TLBDSNJ,MINW,C_C0,AW67,NO,YES,13.3
NLD,2024,TLBDSNJ,MINW,C_C0,AW67,NO,YES,9.9
POL,2023,TLBDSNJ,MINW,C_C0,AW67,NO,YES,27.2
POL,2024,TLBDSNJ,MINW,C_C0,AW67,NO,YES,29.4
POL,2025,TLBDSNJ,MINW,C_C0,AW67,NO,YES,30.7
ESP,2023,TLBDSNJ,MINW,C_C0,AW67,NO,YES,11.1
ESP,2024,TLBDSNJ,MINW,C_C0,AW67,NO,YES,11.3
ESP,2025,TLBDSNJ,MINW,C_C0,AW67,NO,YES,13.1
GBR,2023,TLBDSNJ,MINW,C_C0,AW67,NO,YES,14.6
GBR,2024,TLBDSNJ,MINW,C_C0,AW67,NO,YES,14.3
GBR,2025,TLBDSNJ,MINW,C_C0,AW67,NO,YES,15.1
USA,2023,TLBDSNJ,MINW,C_C0,AW67,NO,YES,25.7
USA,2024,TLBDSNJ,MINW,C_C0,AW67,NO,YES,25.8
USA,2025,TLBDSNJ,MINW,C_C0,AW67,NO,YES,25.8
OECD,2023,TLBDSNJ,MINW,C_C0,AW67,NO,YES,20.9
OECD,2024,TLBDSNJ,MINW,C_C0,AW67,NO,YES,20.6
OECD,2025,TLBDSNJ,MINW,C_C0,AW67,NO,YES,21.1
BEL,2023,TLBDSNJ,MINW,C_C0,AW67,NO,NO,27.2
BEL,2024,TLBDSNJ,MINW,C_C0,AW67,NO,NO,26
BEL,2025,TLBDSNJ,MINW,C_C0,AW67,NO,NO,24.6
FRA,2023,TLBDSNJ,MINW,C_C0,AW67,NO,NO,43.4
FRA,2024,TLBDSNJ,MINW,C_C0,AW67,NO,NO,42
FRA,2025,TLBDSNJ,MINW,C_C0,AW67,NO,NO,43.6
DEU,2023,TLBDSNJ,MINW,C_C0,AW67,NO,NO,40.2
DEU,2024,TLBDSNJ,MINW,C_C0,AW67,NO,NO,40.4
DEU,2025,TLBDSNJ,MINW,C_C0,AW67,NO,NO,40.9
NLD,2023,TLBDSNJ,MINW,C_C0,AW67,NO,NO,13.3
NLD,2024,TLBDSNJ,MINW,C_C0,AW67,NO,NO,9.9
POL,2023,TLBDSNJ,MINW,C_C0,AW67,NO,NO,27.2
POL,2024,TLBDSNJ,MINW,C_C0,AW67,NO,NO,29.4
POL,2025,TLBDSNJ,MINW,C_C0,AW67,NO,NO,30.7
ESP,2023,TLBDSNJ,MINW,C_C0,AW67,NO,NO,11.1
ESP,2024,TLBDSNJ,MINW,C_C0,AW67,NO,NO,11.3
ESP,2025,TLBDSNJ,MINW,C_C0,AW67,NO,NO,13.1
GBR,2023,TLBDSNJ,MINW,C_C0,AW67,NO,NO,14.6
GBR,2024,TLBDSNJ,MINW,C_C0,AW67,NO,NO,14.3
GBR,2025,TLBDSNJ,MINW,C_C0,AW67,NO,NO,15.1
USA,2023,TLBDSNJ,MINW,C_C0,AW67,NO,NO,25.7
USA,2024,TLBDSNJ,MINW,C_C0,AW67,NO,NO,25.8
USA,2025,TLBDSNJ,MINW,C_C0,AW67,NO,NO,25.8
OECD,2023,TLBDSNJ,MINW,C_C0,AW67,NO,NO,21.1
OECD,2024,TLBDSNJ,MINW,C_C0,AW67,NO,NO,20.8
OECD,2025,TLBDSNJ,MINW,C_C0,AW67,NO,NO,21.3
BEL,2023,TLBDSNJ,MINW,C_C0,AW67,YES,NO,27.2
BEL,2024,TLBDSNJ,MINW,C_C0,AW67,YES,NO,26
BEL,2025,TLBDSNJ,MINW,C_C0,AW67,YES,NO,24.6
FRA,2023,TLBDSNJ,MINW,C_C0,AW67,YES,NO,43.4
FRA,2024,TLBDSNJ,MINW,C_C0,AW67,YES,NO,42
FRA,2025,TLBDSNJ,MINW,C_C0,AW67,YES,NO,43.6
DEU,2023,TLBDSNJ,MINW,C_C0,AW67,YES,NO,40.2
DEU,2024,TLBDSNJ,MINW,C_C0,AW67,YES,NO,40.4
DEU,2025,TLBDSNJ,MINW,C_C0,AW67,YES,NO,40.9
NLD,2023,TLBDSNJ,MINW,C_C0,AW67,YES,NO,17.5
NLD,2024,TLBDSNJ,MINW,C_C0,AW67,YES,NO,13.9
POL,2023,TLBDSNJ,MINW,C_C0,AW67,YES,NO,27.2
POL,2024,TLBDSNJ,MINW,C_C0,AW67,YES,NO,29.4
POL,2025,TLBDSNJ,MINW,C_C0,AW67,YES,NO,30.7
ESP,2023,TLBDSNJ,MINW,C_C0,AW67,YES,NO,25.9
ESP,2024,TLBDSNJ,MINW,C_C0,AW67,YES,NO,26.6
ESP,2025,TLBDSNJ,MINW,C_C0,AW67,YES,NO,28.2
GBR,2023,TLBDSNJ,MINW,C_C0,AW67,YES,NO,21.4
GBR,2024,TLBDSNJ,MINW,C_C0,AW67,YES,NO,22.5
GBR,2025,TLBDSNJ,MINW,C_C0,AW67,YES,NO,22.6
USA,2023,TLBDSNJ,MINW,C_C0,AW67,YES,NO,25.7
USA,2024,TLBDSNJ,MINW,C_C0,AW67,YES,NO,25.8
USA,2025,TLBDSNJ,MINW,C_C0,AW67,YES,NO,25.8
OECD,2023,TLBDSNJ,MINW,C_C0,AW67,YES,NO,24.9
OECD,2024,TLBDSNJ,MINW,C_C0,AW67,YES,NO,25.4
OECD,2025,TLBDSNJ,MINW,C_C0,AW67,YES,NO,26.2
BEL,2023,TLBDSNJ,MINW,C_C0,AW67,YES,YES,27.2
BEL,2024,TLBDSNJ,MINW,C_C0,AW67,YES,YES,26
BEL,2025,TLBDSNJ,MINW,C_C0,AW67,YES,YES,24.6
FRA,2023,TLBDSNJ,MINW,C_C0,AW67,YES,YES,43.4
FRA,2024,TLBDSNJ,MINW,C_C0,AW67,YES,YES,42
FRA,2025,TLBDSNJ,MINW,C_C0,AW67,YES,YES,43.6
DEU,2023,TLBDSNJ,MINW,C_C0,AW67,YES,YES,40.2
DEU,2024,TLBDSNJ,MINW,C_C0,AW67,YES,YES,40.4
DEU,2025,TLBDSNJ,MINW,C_C0,AW67,YES,YES,40.9
NLD,2023,TLBDSNJ,MINW,C_C0,AW67,YES,YES,17.5
NLD,2024,TLBDSNJ,MINW,C_C0,AW67,YES,YES,13.9
POL,2023,TLBDSNJ,MINW,C_C0,AW67,YES,YES,27.2
POL,2024,TLBDSNJ,MINW,C_C0,AW67,YES,YES,29.4
POL,2025,TLBDSNJ,MINW,C_C0,AW67,YES,YES,30.7
ESP,2023,TLBDSNJ,MINW,C_C0,AW67,YES,YES,25.9
ESP,2024,TLBDSNJ,MINW,C_C0,AW67,YES,YES,26.6
ESP,2025,TLBDSNJ,MINW,C_C0,AW67,YES,YES,28.2
GBR,2023,TLBDSNJ,MINW,C_C0,AW67,YES,YES,21.4
GBR,2024,TLBDSNJ,MINW,C_C0,AW67,YES,YES,22.5
GBR,2025,TLBDSNJ,MINW,C_C0,AW67,YES,YES,22.6
USA,2023,TLBDSNJ,MINW,C_C0,AW67,YES,YES,25.7
USA,2024,TLBDSNJ,MINW,C_C0,AW67,YES,YES,25.8
USA,2025,TLBDSNJ,MINW,C_C0,AW67,YES,YES,25.8
OECD,2023,TLBDSNJ,MINW,C_C0,AW67,YES,YES,24.3
OECD,2024,TLBDSNJ,MINW,C_C0,AW67,YES,YES,24.2
OECD,2025,TLBDSNJ,MINW,C_C0,AW67,YES,YES,24.6
BEL,2023,TLBDSNJ,MINW,C_C0,AW100,NO,YES,31.6
BEL,2024,TLBDSNJ,MINW,C_C0,AW100,NO,YES,30.7
BEL,2025,TLBDSNJ,MINW,C_C0,AW100,NO,YES,29.1
FRA,2023,TLBDSNJ,MINW,C_C0,AW100,NO,YES,32.6
FRA,2024,TLBDSNJ,MINW,C_C0,AW100,NO,YES,32.6
FRA,2025,TLBDSNJ,MINW,C_C0,AW100,NO,YES,32.6
DEU,2023,TLBDSNJ,MINW,C_C0,AW100,NO,YES,42.6
DEU,2024,TLBDSNJ,MINW,C_C0,AW100,NO,YES,42.8
DEU,2025,TLBDSNJ,MINW,C_C0,AW100,NO,YES,43.2
NLD,2023,TLBDSNJ,MINW,C_C0,AW100,NO,YES,8.5
NLD,2024,TLBDSNJ,MINW,C_C0,AW100,NO,YES,7.2
POL,2023,TLBDSNJ,MINW,C_C0,AW100,NO,YES,31
POL,2024,TLBDSNJ,MINW,C_C0,AW100,NO,YES,31.1
POL,2025,TLBDSNJ,MINW,C_C0,AW100,NO,YES,31.2
ESP,2023,TLBDSNJ,MINW,C_C0,AW100,NO,YES,12.9
ESP,2024,TLBDSNJ,MINW,C_C0,AW100,NO,YES,12.4
ESP,2025,TLBDSNJ,MINW,C_C0,AW100,NO,YES,14.1
GBR,2023,TLBDSNJ,MINW,C_C0,AW100,NO,YES,14.6
GBR,2024,TLBDSNJ,MINW,C_C0,AW100,NO,YES,13.2
GBR,2025,TLBDSNJ,MINW,C_C0,AW100,NO,YES,14.1
USA,2023,TLBDSNJ,MINW,C_C0,AW100,NO,YES,26.1
USA,2024,TLBDSNJ,MINW,C_C0,AW100,NO,YES,26.3
USA,2025,TLBDSNJ,MINW,C_C0,AW100,NO,YES,26.3
OECD,2023,TLBDSNJ,MINW,C_C0,AW100,NO,YES,21.5
OECD,2024,TLBDSNJ,MINW,C_C0,AW100,NO,YES,21.3
OECD,2025,TLBDSNJ,MINW,C_C0,AW100,NO,YES,21.7
BEL,2023,TLBDSNJ,MINW,C_C0,AW100,NO,NO,31.6
BEL,2024,TLBDSNJ,MINW,C_C0,AW100,NO,NO,30.7
BEL,2025,TLBDSNJ,MINW,C_C0,AW100,NO,NO,29.1
FRA,2023,TLBDSNJ,MINW,C_C0,AW100,NO,NO,32.6
FRA,2024,TLBDSNJ,MINW,C_C0,AW100,NO,NO,32.6
FRA,2025,TLBDSNJ,MINW,C_C0,AW100,NO,NO,32.6
DEU,2023,TLBDSNJ,MINW,C_C0,AW100,NO,NO,42.6
DEU,2024,TLBDSNJ,MINW,C_C0,AW100,NO,NO,42.8
DEU,2025,TLBDSNJ,MINW,C_C0,AW100,NO,NO,43.2
NLD,2023,TLBDSNJ,MINW,C_C0,AW100,NO,NO,8.5
NLD,2024,TLBDSNJ,MINW,C_C0,AW100,NO,NO,7.2
POL,2023,TLBDSNJ,MINW,C_C0,AW100,NO,NO,31
POL,2024,TLBDSNJ,MINW,C_C0,AW100,NO,NO,31.1
POL,2025,TLBDSNJ,MINW,C_C0,AW100,NO,NO,31.2
ESP,2023,TLBDSNJ,MINW,C_C0,AW100,NO,NO,12.9
ESP,2024,TLBDSNJ,MINW,C_C0,AW100,NO,NO,12.4
ESP,2025,TLBDSNJ,MINW,C_C0,AW100,NO,NO,14.1
GBR,2023,TLBDSNJ,MINW,C_C0,AW100,NO,NO,14.6
GBR,2024,TLBDSNJ,MINW,C_C0,AW100,NO,NO,13.2
GBR,2025,TLBDSNJ,MINW,C_C0,AW100,NO,NO,14.1
USA,2023,TLBDSNJ,MINW,C_C0,AW100,NO,NO,26.1
USA,2024,TLBDSNJ,MINW,C_C0,AW100,NO,NO,26.3
USA,2025,TLBDSNJ,MINW,C_C0,AW100,NO,NO,26.3
OECD,2023,TLBDSNJ,MINW,C_C0,AW100,NO,NO,21.8
OECD,2024,TLBDSNJ,MINW,C_C0,AW100,NO,NO,21.5
OECD,2025,TLBDSNJ,MINW,C_C0,AW100,NO,NO,21.9
BEL,2023,TLBDSNJ,MINW,C_C0,AW100,YES,NO,31.6
BEL,2024,TLBDSNJ,MINW,C_C0,AW100,YES,NO,30.7
BEL,2025,TLBDSNJ,MINW,C_C0,AW100,YES,NO,29.1
FRA,2023,TLBDSNJ,MINW,C_C0,AW100,YES,NO,32.6
FRA,2024,TLBDSNJ,MINW,C_C0,AW100,YES,NO,32.6
FRA,2025,TLBDSNJ,MINW,C_C0,AW100,YES,NO,32.6
DEU,2023,TLBDSNJ,MINW,C_C0,AW100,YES,NO,42.6
DEU,2024,TLBDSNJ,MINW,C_C0,AW100,YES,NO,42.8
DEU,2025,TLBDSNJ,MINW,C_C0,AW100,YES,NO,43.2
NLD,2023,TLBDSNJ,MINW,C_C0,AW100,YES,NO,8.5
NLD,2024,TLBDSNJ,MINW,C_C0,AW100,YES,NO,7.2
POL,2023,TLBDSNJ,MINW,C_C0,AW100,YES,NO,31
POL,2024,TLBDSNJ,MINW,C_C0,AW100,YES,NO,31.1
POL,2025,TLBDSNJ,MINW,C_C0,AW100,YES,NO,31.2
ESP,2023,TLBDSNJ,MINW,C_C0,AW100,YES,NO,12.9
ESP,2024,TLBDSNJ,MINW,C_C0,AW100,YES,NO,12.4
ESP,2025,TLBDSNJ,MINW,C_C0,AW100,YES,NO,14.1
GBR,2023,TLBDSNJ,MINW,C_C0,AW100,YES,NO,14.6
GBR,2024,TLBDSNJ,MINW,C_C0,AW100,YES,NO,13.2
GBR,2025,TLBDSNJ,MINW,C_C0,AW100,YES,NO,14.1
USA,2023,TLBDSNJ,MINW,C_C0,AW100,YES,NO,26.1
USA,2024,TLBDSNJ,MINW,C_C0,AW100,YES,NO,26.3
USA,2025,TLBDSNJ,MINW,C_C0,AW100,YES,NO,26.3
OECD,2023,TLBDSNJ,MINW,C_C0,AW100,YES,NO,23.2
OECD,2024,TLBDSNJ,MINW,C_C0,AW100,YES,NO,23
OECD,2025,TLBDSNJ,MINW,C_C0,AW100,YES,NO,22
BEL,2023,TLBDSNJ,MINW,C_C0,AW100,YES,YES,31.6
BEL,2024,TLBDSNJ,MINW,C_C0,AW100,YES,YES,30.7
BEL,2025,TLBDSNJ,MINW,C_C0,AW100,YES,YES,29.1
FRA,2023,TLBDSNJ,MINW,C_C0,AW100,YES,YES,32.6
FRA,2024,TLBDSNJ,MINW,C_C0,AW100,YES,YES,32.6
FRA,2025,TLBDSNJ,MINW,C_C0,AW100,YES,YES,32.6
DEU,2023,TLBDSNJ,MINW,C_C0,AW100,YES,YES,42.6
DEU,2024,TLBDSNJ,MINW,C_C0,AW100,YES,YES,42.8
DEU,2025,TLBDSNJ,MINW,C_C0,AW100,YES,YES,43.2
NLD,2023,TLBDSNJ,MINW,C_C0,AW100,YES,YES,8.5
NLD,2024,TLBDSNJ,MINW,C_C0,AW100,YES,YES,7.2
POL,2023,TLBDSNJ,MINW,C_C0,AW100,YES,YES,31
POL,2024,TLBDSNJ,MINW,C_C0,AW100,YES,YES,31.1
POL,2025,TLBDSNJ,MINW,C_C0,AW100,YES,YES,31.2
ESP,2023,TLBDSNJ,MINW,C_C0,AW100,YES,YES,12.9
ESP,2024,TLBDSNJ,MINW,C_C0,AW100,YES,YES,12.4
ESP,2025,TLBDSNJ,MINW,C_C0,AW100,YES,YES,14.1
GBR,2023,TLBDSNJ,MINW,C_C0,AW100,YES,YES,14.6
GBR,2024,TLBDSNJ,MINW,C_C0,AW100,YES,YES,13.2
GBR,2025,TLBDSNJ,MINW,C_C0,AW100,YES,YES,14.1
USA,2023,TLBDSNJ,MINW,C_C0,AW100,YES,YES,26.1
USA,2024,TLBDSNJ,MINW,C_C0,AW100,YES,YES,26.3
USA,2025,TLBDSNJ,MINW,C_C0,AW100,YES,YES,26.3
OECD,2023,TLBDSNJ,MINW,C_C0,AW100,YES,YES,23
OECD,2024,TLBDSNJ,MINW,C_C0,AW100,YES,YES,22.8
OECD,2025,TLBDSNJ,MINW,C_C0,AW100,YES,YES,21.8
AUT,2023,TLBDSNJ,AW67,C_C0,AW100,NO,YES,27.3
AUT,2024,TLBDSNJ,AW67,C_C0,AW100,NO,YES,27.2
AUT,2025,TLBDSNJ,AW67,C_C0,AW100,NO,YES,27.2
BEL,2023,TLBDSNJ,AW67,C_C0,AW100,NO,YES,44
BEL,2024,TLBDSNJ,AW67,C_C0,AW100,NO,YES,43.9
BEL,2025,TLBDSNJ,AW67,C_C0,AW100,NO,YES,44.2
DNK,2023,TLBDSNJ,AW67,C_C0,AW100,NO,YES,41.7
DNK,2024,TLBDSNJ,AW67,C_C0,AW100,NO,YES,41.6
FRA,2023,TLBDSNJ,AW67,C_C0,AW100,NO,YES,31.9
FRA,2024,TLBDSNJ,AW67,C_C0,AW100,NO,YES,32
FRA,2025,TLBDSNJ,AW67,C_C0,AW100,NO,YES,32
DEU,2023,TLBDSNJ,AW67,C_C0,AW100,NO,YES,44
DEU,2024,TLBDSNJ,AW67,C_C0,AW100,NO,YES,44.3
DEU,2025,TLBDSNJ,AW67,C_C0,AW100,NO,YES,44.7
ITA,2023,TLBDSNJ,AW67,C_C0,AW100,NO,YES,23.6
ITA,2024,TLBDSNJ,AW67,C_C0,AW100,NO,YES,20.5
ITA,2025,TLBDSNJ,AW67,C_C0,AW100,NO,YES,21.4
NLD,2023,TLBDSNJ,AW67,C_C0,AW100,NO,YES,23.4
NLD,2024,TLBDSNJ,AW67,C_C0,AW100,NO,YES,22.9
POL,2023,TLBDSNJ,AW67,C_C0,AW100,NO,YES,31.2
POL,2024,TLBDSNJ,AW67,C_C0,AW100,NO,YES,31.3
POL,2025,TLBDSNJ,AW67,C_C0,AW100,NO,YES,31.3
ESP,2023,TLBDSNJ,AW67,C_C0,AW100,NO,YES,21.2
ESP,2024,TLBDSNJ,AW67,C_C0,AW100,NO,YES,22.4
ESP,2025,TLBDSNJ,AW67,C_C0,AW100,NO,YES,22.6
SWE,2023,TLBDSNJ,AW67,C_C0,AW100,NO,YES,21.4
SWE,2024,TLBDSNJ,AW67,C_C0,AW100,NO,YES,20.6
SWE,2025,TLBDSNJ,AW67,C_C0,AW100,NO,YES,20.2
GBR,2023,TLBDSNJ,AW67,C_C0,AW100,NO,YES,20.6
GBR,2024,TLBDSNJ,AW67,C_C0,AW100,NO,YES,17.8
GBR,2025,TLBDSNJ,AW67,C_C0,AW100,NO,YES,18.3
USA,2023,TLBDSNJ,AW67,C_C0,AW100,NO,YES,26.1
USA,2024,TLBDSNJ,AW67,C_C0,AW100,NO,YES,26.3
USA,2025,TLBDSNJ,AW67,C_C0,AW100,NO,YES,26.3
OECD,2023,TLBDSNJ,AW67,C_C0,AW100,NO,YES,26.9
OECD,2024,TLBDSNJ,AW67,C_C0,AW100,NO,YES,26.7
OECD,2025,TLBDSNJ,AW67,C_C0,AW100,NO,YES,26.2
AUT,2023,TLBDSNJ,AW67,C_C0,AW100,NO,NO,27.3
AUT,2024,TLBDSNJ,AW67,C_C0,AW100,NO,NO,27.2
AUT,2025,TLBDSNJ,AW67,C_C0,AW100,NO,NO,27.2
BEL,2023,TLBDSNJ,AW67,C_C0,AW100,NO,NO,44
BEL,2024,TLBDSNJ,AW67,C_C0,AW100,NO,NO,43.9
BEL,2025,TLBDSNJ,AW67,C_C0,AW100,NO,NO,44.2
DNK,2023,TLBDSNJ,AW67,C_C0,AW100,NO,NO,41.7
DNK,2024,TLBDSNJ,AW67,C_C0,AW100,NO,NO,41.6
FRA,2023,TLBDSNJ,AW67,C_C0,AW100,NO,NO,31.9
FRA,2024,TLBDSNJ,AW67,C_C0,AW100,NO,NO,32
FRA,2025,TLBDSNJ,AW67,C_C0,AW100,NO,NO,32
DEU,2023,TLBDSNJ,AW67,C_C0,AW100,NO,NO,44
DEU,2024,TLBDSNJ,AW67,C_C0,AW100,NO,NO,44.3
DEU,2025,TLBDSNJ,AW67,C_C0,AW100,NO,NO,44.7
ITA,2023,TLBDSNJ,AW67,C_C0,AW100,NO,NO,23.6
ITA,2024,TLBDSNJ,AW67,C_C0,AW100,NO,NO,20.5
ITA,2025,TLBDSNJ,AW67,C_C0,AW100,NO,NO,21.4
NLD,2023,TLBDSNJ,AW67,C_C0,AW100,NO,NO,23.4
NLD,2024,TLBDSNJ,AW67,C_C0,AW100,NO,NO,22.9
POL,2023,TLBDSNJ,AW67,C_C0,AW100,NO,NO,31.2
POL,2024,TLBDSNJ,AW67,C_C0,AW100,NO,NO,31.3
POL,2025,TLBDSNJ,AW67,C_C0,AW100,NO,NO,31.3
ESP,2023,TLBDSNJ,AW67,C_C0,AW100,NO,NO,21.2
ESP,2024,TLBDSNJ,AW67,C_C0,AW100,NO,NO,22.4
ESP,2025,TLBDSNJ,AW67,C_C0,AW100,NO,NO,22.6
SWE,2023,TLBDSNJ,AW67,C_C0,AW100,NO,NO,21.4
SWE,2024,TLBDSNJ,AW67,C_C0,AW100,NO,NO,20.6
SWE,2025,TLBDSNJ,AW67,C_C0,AW100,NO,NO,20.2
GBR,2023,TLBDSNJ,AW67,C_C0,AW100,NO,NO,20.6
GBR,2024,TLBDSNJ,AW67,C_C0,AW100,NO,NO,17.8
GBR,2025,TLBDSNJ,AW67,C_C0,AW100,NO,NO,18.3
USA,2023,TLBDSNJ,AW67,C_C0,AW100,NO,NO,26.1
USA,2024,TLBDSNJ,AW67,C_C0,AW100,NO,NO,26.3
USA,2025,TLBDSNJ,AW67,C_C0,AW100,NO,NO,26.3
OECD,2023,TLBDSNJ,AW67,C_C0,AW100,NO,NO,27
OECD,2024,TLBDSNJ,AW67,C_C0,AW100,NO,NO,26.8
OECD,2025,TLBDSNJ,AW67,C_C0,AW100,NO,NO,26.3
AUT,2023,TLBDSNJ,AW67,C_C0,AW100,YES,YES,27.3
AUT,2024,TLBDSNJ,AW67,C_C0,AW100,YES,YES,27.2
AUT,2025,TLBDSNJ,AW67,C_C0,AW100,YES,YES,27.2
BEL,2023,TLBDSNJ,AW67,C_C0,AW100,YES,YES,44
BEL,2024,TLBDSNJ,AW67,C_C0,AW100,YES,YES,43.9
BEL,2025,TLBDSNJ,AW67,C_C0,AW100,YES,YES,44.2
DNK,2023,TLBDSNJ,AW67,C_C0,AW100,YES,YES,41.7
DNK,2024,TLBDSNJ,AW67,C_C0,AW100,YES,YES,41.6
FRA,2023,TLBDSNJ,AW67,C_C0,AW100,YES,YES,31.9
FRA,2024,TLBDSNJ,AW67,C_C0,AW100,YES,YES,32
FRA,2025,TLBDSNJ,AW67,C_C0,AW100,YES,YES,32
DEU,2023,TLBDSNJ,AW67,C_C0,AW100,YES,YES,44
DEU,2024,TLBDSNJ,AW67,C_C0,AW100,YES,YES,44.3
DEU,2025,TLBDSNJ,AW67,C_C0,AW100,YES,YES,44.7
ITA,2023,TLBDSNJ,AW67,C_C0,AW100,YES,YES,23
ITA,2024,TLBDSNJ,AW67,C_C0,AW100,YES,YES,19.9
ITA,2025,TLBDSNJ,AW67,C_C0,AW100,YES,YES,20.8
NLD,2023,TLBDSNJ,AW67,C_C0,AW100,YES,YES,23.4
NLD,2024,TLBDSNJ,AW67,C_C0,AW100,YES,YES,22.9
POL,2023,TLBDSNJ,AW67,C_C0,AW100,YES,YES,31.2
POL,2024,TLBDSNJ,AW67,C_C0,AW100,YES,YES,31.3
POL,2025,TLBDSNJ,AW67,C_C0,AW100,YES,YES,31.3
ESP,2023,TLBDSNJ,AW67,C_C0,AW100,YES,YES,21.2
ESP,2024,TLBDSNJ,AW67,C_C0,AW100,YES,YES,22.4
ESP,2025,TLBDSNJ,AW67,C_C0,AW100,YES,YES,22.6
SWE,2023,TLBDSNJ,AW67,C_C0,AW100,YES,YES,21.4
SWE,2024,TLBDSNJ,AW67,C_C0,AW100,YES,YES,20.6
SWE,2025,TLBDSNJ,AW67,C_C0,AW100,YES,YES,20.2
GBR,2023,TLBDSNJ,AW67,C_C0,AW100,YES,YES,20.6
GBR,2024,TLBDSNJ,AW67,C_C0,AW100,YES,YES,17.8
GBR,2025,TLBDSNJ,AW67,C_C0,AW100,YES,YES,18.3
USA,2023,TLBDSNJ,AW67,C_C0,AW100,YES,YES,26.1
USA,2024,TLBDSNJ,AW67,C_C0,AW100,YES,YES,26.3
USA,2025,TLBDSNJ,AW67,C_C0,AW100,YES,YES,26.3
OECD,2023,TLBDSNJ,AW67,C_C0,AW100,YES,YES,27.7
OECD,2024,TLBDSNJ,AW67,C_C0,AW100,YES,YES,27.5
OECD,2025,TLBDSNJ,AW67,C_C0,AW100,YES,YES,27
AUT,2023,TLBDSNJ,AW67,C_C0,AW100,YES,NO,27.3
AUT,2024,TLBDSNJ,AW67,C_C0,AW100,YES,NO,27.2
AUT,2025,TLBDSNJ,AW67,C_C0,AW100,YES,NO,27.2
BEL,2023,TLBDSNJ,AW67,C_C0,AW100,YES,NO,44
BEL,2024,TLBDSNJ,AW67,C_C0,AW100,YES,NO,43.9
BEL,2025,TLBDSNJ,AW67,C_C0,AW100,YES,NO,44.2
DNK,2023,TLBDSNJ,AW67,C_C0,AW100,YES,NO,41.7
DNK,2024,TLBDSNJ,AW67,C_C0,AW100,YES,NO,41.6
FRA,2023,TLBDSNJ,AW67,C_C0,AW100,YES,NO,31.9
FRA,2024,TLBDSNJ,AW67,C_C0,AW100,YES,NO,32
FRA,2025,TLBDSNJ,AW67,C_C0,AW100,YES,NO,32
DEU,2023,TLBDSNJ,AW67,C_C0,AW100,YES,NO,44
DEU,2024,TLBDSNJ,AW67,C_C0,AW100,YES,NO,44.3
DEU,2025,TLBDSNJ,AW67,C_C0,AW100,YES,NO,44.7
ITA,2023,TLBDSNJ,AW67,C_C0,AW100,YES,NO,23
ITA,2024,TLBDSNJ,AW67,C_C0,AW100,YES,NO,19.9
ITA,2025,TLBDSNJ,AW67,C_C0,AW100,YES,NO,20.8
NLD,2023,TLBDSNJ,AW67,C_C0,AW100,YES,NO,23.4
NLD,2024,TLBDSNJ,AW67,C_C0,AW100,YES,NO,22.9
POL,2023,TLBDSNJ,AW67,C_C0,AW100,YES,NO,31.2
POL,2024,TLBDSNJ,AW67,C_C0,AW100,YES,NO,31.3
POL,2025,TLBDSNJ,AW67,C_C0,AW100,YES,NO,31.3
ESP,2023,TLBDSNJ,AW67,C_C0,AW100,YES,NO,21.2
ESP,2024,TLBDSNJ,AW67,C_C0,AW100,YES,NO,22.4
ESP,2025,TLBDSNJ,AW67,C_C0,AW100,YES,NO,22.6
SWE,2023,TLBDSNJ,AW67,C_C0,AW100,YES,NO,21.4
SWE,2024,TLBDSNJ,AW67,C_C0,AW100,YES,NO,20.6
SWE,2025,TLBDSNJ,AW67,C_C0,AW100,YES,NO,20.2
GBR,2023,TLBDSNJ,AW67,C_C0,AW100,YES,NO,20.6
GBR,2024,TLBDSNJ,AW67,C_C0,AW100,YES,NO,17.8
GBR,2025,TLBDSNJ,AW67,C_C0,AW100,YES,NO,18.3
USA,2023,TLBDSNJ,AW67,C_C0,AW100,YES,NO,26.1
USA,2024,TLBDSNJ,AW67,C_C0,AW100,YES,NO,26.3
USA,2025,TLBDSNJ,AW67,C_C0,AW100,YES,NO,26.3
OECD,2023,TLBDSNJ,AW67,C_C0,AW100,YES,NO,27.7
OECD,2024,TLBDSNJ,AW67,C_C0,AW100,YES,NO,27.5
OECD,2025,TLBDSNJ,AW67,C_C0,AW100,YES,NO,27.1
AUT,2023,TLBDSNJ,AW100,C_C0,AW100,NO,YES,32.9
AUT,2024,TLBDSNJ,AW100,C_C0,AW100,NO,YES,32.7
AUT,2025,TLBDSNJ,AW100,C_C0,AW100,NO,YES,32.7
BEL,2023,TLBDSNJ,AW100,C_C0,AW100,NO,YES,48.7
BEL,2024,TLBDSNJ,AW100,C_C0,AW100,NO,YES,48.5
BEL,2025,TLBDSNJ,AW100,C_C0,AW100,NO,YES,48.3
DNK,2023,TLBDSNJ,AW100,C_C0,AW100,NO,YES,41.3
DNK,2024,TLBDSNJ,AW100,C_C0,AW100,NO,YES,41.4
FRA,2023,TLBDSNJ,AW100,C_C0,AW100,NO,YES,35
FRA,2024,TLBDSNJ,AW100,C_C0,AW100,NO,YES,34.7
FRA,2025,TLBDSNJ,AW100,C_C0,AW100,NO,YES,34.7
DEU,2023,TLBDSNJ,AW100,C_C0,AW100,NO,YES,45.5
DEU,2024,TLBDSNJ,AW100,C_C0,AW100,NO,YES,45.6
DEU,2025,TLBDSNJ,AW100,C_C0,AW100,NO,YES,46.2
ITA,2023,TLBDSNJ,AW100,C_C0,AW100,NO,YES,31.3
ITA,2024,TLBDSNJ,AW100,C_C0,AW100,NO,YES,32.1
ITA,2025,TLBDSNJ,AW100,C_C0,AW100,NO,YES,29.6
NLD,2023,TLBDSNJ,AW100,C_C0,AW100,NO,YES,33.3
NLD,2024,TLBDSNJ,AW100,C_C0,AW100,NO,YES,33.2
POL,2023,TLBDSNJ,AW100,C_C0,AW100,NO,YES,31.4
POL,2024,TLBDSNJ,AW100,C_C0,AW100,NO,YES,31.5
POL,2025,TLBDSNJ,AW100,C_C0,AW100,NO,YES,31.5
ESP,2023,TLBDSNJ,AW100,C_C0,AW100,NO,YES,25.2
ESP,2024,TLBDSNJ,AW100,C_C0,AW100,NO,YES,25.4
ESP,2025,TLBDSNJ,AW100,C_C0,AW100,NO,YES,25.7
SWE,2023,TLBDSNJ,AW100,C_C0,AW100,NO,YES,24.5
SWE,2024,TLBDSNJ,AW100,C_C0,AW100,NO,YES,23.6
SWE,2025,TLBDSNJ,AW100,C_C0,AW100,NO,YES,23.1
GBR,2023,TLBDSNJ,AW100,C_C0,AW100,NO,YES,24.3
GBR,2024,TLBDSNJ,AW100,C_C0,AW100,NO,YES,21.6
GBR,2025,TLBDSNJ,AW100,C_C0,AW100,NO,YES,22.6
USA,2023,TLBDSNJ,AW100,C_C0,AW100,NO,YES,28.8
USA,2024,TLBDSNJ,AW100,C_C0,AW100,NO,YES,28.8
USA,2025,TLBDSNJ,AW100,C_C0,AW100,NO,YES,28.9
OECD,2023,TLBDSNJ,AW100,C_C0,AW100,NO,YES,30.6
OECD,2024,TLBDSNJ,AW100,C_C0,AW100,NO,YES,30.6
OECD,2025,TLBDSNJ,AW100,C_C0,AW100,NO,YES,29.9
AUT,2023,TLBDSNJ,AW100,C_C0,AW100,NO,NO,32.9
AUT,2024,TLBDSNJ,AW100,C_C0,AW100,NO,NO,32.7
AUT,2025,TLBDSNJ,AW100,C_C0,AW100,NO,NO,32.7
BEL,2023,TLBDSNJ,AW100,C_C0,AW100,NO,NO,48.7
BEL,2024,TLBDSNJ,AW100,C_C0,AW100,NO,NO,48.5
BEL,2025,TLBDSNJ,AW100,C_C0,AW100,NO,NO,48.3
DNK,2023,TLBDSNJ,AW100,C_C0,AW100,NO,NO,41.3
DNK,2024,TLBDSNJ,AW100,C_C0,AW100,NO,NO,41.4
FRA,2023,TLBDSNJ,AW100,C_C0,AW100,NO,NO,35
FRA,2024,TLBDSNJ,AW100,C_C0,AW100,NO,NO,34.7
FRA,2025,TLBDSNJ,AW100,C_C0,AW100,NO,NO,34.7
DEU,2023,TLBDSNJ,AW100,C_C0,AW100,NO,NO,45.5
DEU,2024,TLBDSNJ,AW100,C_C0,AW100,NO,NO,45.6
DEU,2025,TLBDSNJ,AW100,C_C0,AW100,NO,NO,46.2
ITA,2023,TLBDSNJ,AW100,C_C0,AW100,NO,NO,31.3
ITA,2024,TLBDSNJ,AW100,C_C0,AW100,NO,NO,32.1
ITA,2025,TLBDSNJ,AW100,C_C0,AW100,NO,NO,29.6
NLD,2023,TLBDSNJ,AW100,C_C0,AW100,NO,NO,33.3
NLD,2024,TLBDSNJ,AW100,C_C0,AW100,NO,NO,33.2
POL,2023,TLBDSNJ,AW100,C_C0,AW100,NO,NO,31.4
POL,2024,TLBDSNJ,AW100,C_C0,AW100,NO,NO,31.5
POL,2025,TLBDSNJ,AW100,C_C0,AW100,NO,NO,31.5
ESP,2023,TLBDSNJ,AW100,C_C0,AW100,NO,NO,25.2
ESP,2024,TLBDSNJ,AW100,C_C0,AW100,NO,NO,25.4
ESP,2025,TLBDSNJ,AW100,C_C0,AW100,NO,NO,25.7
SWE,2023,TLBDSNJ,AW100,C_C0,AW100,NO,NO,24.5
SWE,2024,TLBDSNJ,AW100,C_C0,AW100,NO,NO,23.6
SWE,2025,TLBDSNJ,AW100,C_C0,AW100,NO,NO,23.1
GBR,2023,TLBDSNJ,AW100,C_C0,AW100,NO,NO,24.3
GBR,2024,TLBDSNJ,AW100,C_C0,AW100,NO,NO,21.6
GBR,2025,TLBDSNJ,AW100,C_C0,AW100,NO,NO,22.6
USA,2023,TLBDSNJ,AW100,C_C0,AW100,NO,NO,28.8
USA,2024,TLBDSNJ,AW100,C_C0,AW100,NO,NO,28.8
USA,2025,TLBDSNJ,AW100,C_C0,AW100,NO,NO,28.9
OECD,2023,TLBDSNJ,AW100,C_C0,AW100,NO,NO,30.7
OECD,2024,TLBDSNJ,AW100,C_C0,AW100,NO,NO,30.6
OECD,2025,TLBDSNJ,AW100,C_C0,AW100,NO,NO,29.9
AUT,2023,TLBDSNJ,AW100,C_C0,AW100,YES,YES,32.9
AUT,2024,TLBDSNJ,AW100,C_C0,AW100,YES,YES,32.7
AUT,2025,TLBDSNJ,AW100,C_C0,AW100,YES,YES,32.7
BEL,2023,TLBDSNJ,AW100,C_C0,AW100,YES,YES,48.7
BEL,2024,TLBDSNJ,AW100,C_C0,AW100,YES,YES,48.5
BEL,2025,TLBDSNJ,AW100,C_C0,AW100,YES,YES,48.3
DNK,2023,TLBDSNJ,AW100,C_C0,AW100,YES,YES,41.3
DNK,2024,TLBDSNJ,AW100,C_C0,AW100,YES,YES,41.4
FRA,2023,TLBDSNJ,AW100,C_C0,AW100,YES,YES,35
FRA,2024,TLBDSNJ,AW100,C_C0,AW100,YES,YES,34.7
FRA,2025,TLBDSNJ,AW100,C_C0,AW100,YES,YES,34.7
DEU,2023,TLBDSNJ,AW100,C_C0,AW100,YES,YES,45.5
DEU,2024,TLBDSNJ,AW100,C_C0,AW100,YES,YES,45.6
DEU,2025,TLBDSNJ,AW100,C_C0,AW100,YES,YES,46.2
ITA,2023,TLBDSNJ,AW100,C_C0,AW100,YES,YES,31.3
ITA,2024,TLBDSNJ,AW100,C_C0,AW100,YES,YES,32.1
ITA,2025,TLBDSNJ,AW100,C_C0,AW100,YES,YES,29.6
NLD,2023,TLBDSNJ,AW100,C_C0,AW100,YES,YES,33.3
NLD,2024,TLBDSNJ,AW100,C_C0,AW100,YES,YES,33.2
POL,2023,TLBDSNJ,AW100,C_C0,AW100,YES,YES,31.4
POL,2024,TLBDSNJ,AW100,C_C0,AW100,YES,YES,31.5
POL,2025,TLBDSNJ,AW100,C_C0,AW100,YES,YES,31.5
ESP,2023,TLBDSNJ,AW100,C_C0,AW100,YES,YES,25.2
ESP,2024,TLBDSNJ,AW100,C_C0,AW100,YES,YES,25.4
ESP,2025,TLBDSNJ,AW100,C_C0,AW100,YES,YES,25.7
SWE,2023,TLBDSNJ,AW100,C_C0,AW100,YES,YES,24.5
SWE,2024,TLBDSNJ,AW100,C_C0,AW100,YES,YES,23.6
SWE,2025,TLBDSNJ,AW100,C_C0,AW100,YES,YES,23.1
GBR,2023,TLBDSNJ,AW100,C_C0,AW100,YES,YES,24.3
GBR,2024,TLBDSNJ,AW100,C_C0,AW100,YES,YES,21.6
GBR,2025,TLBDSNJ,AW100,C_C0,AW100,YES,YES,22.6
USA,2023,TLBDSNJ,AW100,C_C0,AW100,YES,YES,28.8
USA,2024,TLBDSNJ,AW100,C_C0,AW100,YES,YES,28.8
USA,2025,TLBDSNJ,AW100,C_C0,AW100,YES,YES,28.9
OECD,2023,TLBDSNJ,AW100,C_C0,AW100,YES,YES,31.2
OECD,2024,TLBDSNJ,AW100,C_C0,AW100,YES,YES,31.1
OECD,2025,TLBDSNJ,AW100,C_C0,AW100,YES,YES,30.4
AUT,2023,TLBDSNJ,AW100,C_C0,AW100,YES,NO,32.9
AUT,2024,TLBDSNJ,AW100,C_C0,AW100,YES,NO,32.7
AUT,2025,TLBDSNJ,AW100,C_C0,AW100,YES,NO,32.7
BEL,2023,TLBDSNJ,AW100,C_C0,AW100,YES,NO,48.7
BEL,2024,TLBDSNJ,AW100,C_C0,AW100,YES,NO,48.5
BEL,2025,TLBDSNJ,AW100,C_C0,AW100,YES,NO,48.3
DNK,2023,TLBDSNJ,AW100,C_C0,AW100,YES,NO,41.3
DNK,2024,TLBDSNJ,AW100,C_C0,AW100,YES,NO,41.4
FRA,2023,TLBDSNJ,AW100,C_C0,AW100,YES,NO,35
FRA,2024,TLBDSNJ,AW100,C_C0,AW100,YES,NO,34.7
FRA,2025,TLBDSNJ,AW100,C_C0,AW100,YES,NO,34.7
DEU,2023,TLBDSNJ,AW100,C_C0,AW100,YES,NO,45.5
DEU,2024,TLBDSNJ,AW100,C_C0,AW100,YES,NO,45.6
DEU,2025,TLBDSNJ,AW100,C_C0,AW100,YES,NO,46.2
ITA,2023,TLBDSNJ,AW100,C_C0,AW100,YES,NO,31.3
ITA,2024,TLBDSNJ,AW100,C_C0,AW100,YES,NO,32.1
ITA,2025,TLBDSNJ,AW100,C_C0,AW100,YES,NO,29.6
NLD,2023,TLBDSNJ,AW100,C_C0,AW100,YES,NO,33.3
NLD,2024,TLBDSNJ,AW100,C_C0,AW100,YES,NO,33.2
POL,2023,TLBDSNJ,AW100,C_C0,AW100,YES,NO,31.4
POL,2024,TLBDSNJ,AW100,C_C0,AW100,YES,NO,31.5
POL,2025,TLBDSNJ,AW100,C_C0,AW100,YES,NO,31.5
ESP,2023,TLBDSNJ,AW100,C_C0,AW100,YES,NO,25.2
ESP,2024,TLBDSNJ,AW100,C_C0,AW100,YES,NO,25.4
ESP,2025,TLBDSNJ,AW100,C_C0,AW100,YES,NO,25.7
SWE,2023,TLBDSNJ,AW100,C_C0,AW100,YES,NO,24.5
SWE,2024,TLBDSNJ,AW100,C_C0,AW100,YES,NO,23.6
SWE,2025,TLBDSNJ,AW100,C_C0,AW100,YES,NO,23.1
GBR,2023,TLBDSNJ,AW100,C_C0,AW100,YES,NO,24.3
GBR,2024,TLBDSNJ,AW100,C_C0,AW100,YES,NO,21.6
GBR,2025,TLBDSNJ,AW100,C_C0,AW100,YES,NO,22.6
USA,2023,TLBDSNJ,AW100,C_C0,AW100,YES,NO,28.8
USA,2024,TLBDSNJ,AW100,C_C0,AW100,YES,NO,28.8
USA,2025,TLBDSNJ,AW100,C_C0,AW100,YES,NO,28.9
OECD,2023,TLBDSNJ,AW100,C_C0,AW100,YES,NO,31.2
OECD,2024,TLBDSNJ,AW100,C_C0,AW100,YES,NO,31.1
OECD,2025,TLBDSNJ,AW100,C_C0,AW100,YES,NO,30.5
AUT,2023,TLBDSNJ,AW67,C_C0,NOEARN_UNEMP_WO_CONBEN,NO,YES,64.6
AUT,2024,TLBDSNJ,AW67,C_C0,NOEARN_UNEMP_WO_CONBEN,NO,YES,62.4
AUT,2025,TLBDSNJ,AW67,C_C0,NOEARN_UNEMP_WO_CONBEN,NO,YES,62.6
BEL,2023,TLBDSNJ,AW67,C_C0,NOEARN_UNEMP_WO_CONBEN,NO,YES,68.8
BEL,2024,TLBDSNJ,AW67,C_C0,NOEARN_UNEMP_WO_CONBEN,NO,YES,69.3
BEL,2025,TLBDSNJ,AW67,C_C0,NOEARN_UNEMP_WO_CONBEN,NO,YES,70.1
DNK,2023,TLBDSNJ,AW67,C_C0,NOEARN_UNEMP_WO_CONBEN,NO,YES,87.4
DNK,2024,TLBDSNJ,AW67,C_C0,NOEARN_UNEMP_WO_CONBEN,NO,YES,87.7
FRA,2023,TLBDSNJ,AW67,C_C0,NOEARN_UNEMP_WO_CONBEN,NO,YES,46.2
FRA,2024,TLBDSNJ,AW67,C_C0,NOEARN_UNEMP_WO_CONBEN,NO,YES,46.3
FRA,2025,TLBDSNJ,AW67,C_C0,NOEARN_UNEMP_WO_CONBEN,NO,YES,46.1
DEU,2023,TLBDSNJ,AW67,C_C0,NOEARN_UNEMP_WO_CONBEN,NO,YES,51.8
DEU,2024,TLBDSNJ,AW67,C_C0,NOEARN_UNEMP_WO_CONBEN,NO,YES,53.8
DEU,2025,TLBDSNJ,AW67,C_C0,NOEARN_UNEMP_WO_CONBEN,NO,YES,53.2
ITA,2023,TLBDSNJ,AW67,C_C0,NOEARN_UNEMP_WO_CONBEN,NO,YES,53.6
ITA,2024,TLBDSNJ,AW67,C_C0,NOEARN_UNEMP_WO_CONBEN,NO,YES,14.1
ITA,2025,TLBDSNJ,AW67,C_C0,NOEARN_UNEMP_WO_CONBEN,NO,YES,14.4
NLD,2023,TLBDSNJ,AW67,C_C0,NOEARN_UNEMP_WO_CONBEN,NO,YES,77.6
NLD,2024,TLBDSNJ,AW67,C_C0,NOEARN_UNEMP_WO_CONBEN,NO,YES,78.8
POL,2023,TLBDSNJ,AW67,C_C0,NOEARN_UNEMP_WO_CONBEN,NO,YES,46.5
POL,2024,TLBDSNJ,AW67,C_C0,NOEARN_UNEMP_WO_CONBEN,NO,YES,43.8
POL,2025,TLBDSNJ,AW67,C_C0,NOEARN_UNEMP_WO_CONBEN,NO,YES,49.6
ESP,2023,TLBDSNJ,AW67,C_C0,NOEARN_UNEMP_WO_CONBEN,NO,YES,56.8
ESP,2024,TLBDSNJ,AW67,C_C0,NOEARN_UNEMP_WO_CONBEN,NO,YES,59
ESP,2025,TLBDSNJ,AW67,C_C0,NOEARN_UNEMP_WO_CONBEN,NO,YES,61.9
SWE,2023,TLBDSNJ,AW67,C_C0,NOEARN_UNEMP_WO_CONBEN,NO,YES,47.6
SWE,2024,TLBDSNJ,AW67,C_C0,NOEARN_UNEMP_WO_CONBEN,NO,YES,47.9
SWE,2025,TLBDSNJ,AW67,C_C0,NOEARN_UNEMP_WO_CONBEN,NO,YES,47.4
GBR,2023,TLBDSNJ,AW67,C_C0,NOEARN_UNEMP_WO_CONBEN,NO,YES,38.2
GBR,2024,TLBDSNJ,AW67,C_C0,NOEARN_UNEMP_WO_CONBEN,NO,YES,38.5
GBR,2025,TLBDSNJ,AW67,C_C0,NOEARN_UNEMP_WO_CONBEN,NO,YES,38.3
USA,2023,TLBDSNJ,AW67,C_C0,NOEARN_UNEMP_WO_CONBEN,NO,YES,30.6
USA,2024,TLBDSNJ,AW67,C_C0,NOEARN_UNEMP_WO_CONBEN,NO,YES,30.6
USA,2025,TLBDSNJ,AW67,C_C0,NOEARN_UNEMP_WO_CONBEN,NO,YES,30.3
OECD,2023,TLBDSNJ,AW67,C_C0,NOEARN_UNEMP_WO_CONBEN,NO,YES,51.5
OECD,2024,TLBDSNJ,AW67,C_C0,NOEARN_UNEMP_WO_CONBEN,NO,YES,51
OECD,2025,TLBDSNJ,AW67,C_C0,NOEARN_UNEMP_WO_CONBEN,NO,YES,47.8
AUT,2023,TLBDSNJ,AW67,C_C0,NOEARN_UNEMP_WO_CONBEN,NO,NO,64.6
AUT,2024,TLBDSNJ,AW67,C_C0,NOEARN_UNEMP_WO_CONBEN,NO,NO,62.4
AUT,2025,TLBDSNJ,AW67,C_C0,NOEARN_UNEMP_WO_CONBEN,NO,NO,62.6
BEL,2023,TLBDSNJ,AW67,C_C0,NOEARN_UNEMP_WO_CONBEN,NO,NO,68.8
BEL,2024,TLBDSNJ,AW67,C_C0,NOEARN_UNEMP_WO_CONBEN,NO,NO,69.3
BEL,2025,TLBDSNJ,AW67,C_C0,NOEARN_UNEMP_WO_CONBEN,NO,NO,70.1
DNK,2023,TLBDSNJ,AW67,C_C0,NOEARN_UNEMP_WO_CONBEN,NO,NO,87.4
DNK,2024,TLBDSNJ,AW67,C_C0,NOEARN_UNEMP_WO_CONBEN,NO,NO,87.7
FRA,2023,TLBDSNJ,AW67,C_C0,NOEARN_UNEMP_WO_CONBEN,NO,NO,46.2
FRA,2024,TLBDSNJ,AW67,C_C0,NOEARN_UNEMP_WO_CONBEN,NO,NO,46.3
FRA,2025,TLBDSNJ,AW67,C_C0,NOEARN_UNEMP_WO_CONBEN,NO,NO,46.1
DEU,2023,TLBDSNJ,AW67,C_C0,NOEARN_UNEMP_WO_CONBEN,NO,NO,51.8
DEU,2024,TLBDSNJ,AW67,C_C0,NOEARN_UNEMP_WO_CONBEN,NO,NO,53.8
DEU,2025,TLBDSNJ,AW67,C_C0,NOEARN_UNEMP_WO_CONBEN,NO,NO,53.2
ITA,2023,TLBDSNJ,AW67,C_C0,NOEARN_UNEMP_WO_CONBEN,NO,NO,53.6
ITA,2024,TLBDSNJ,AW67,C_C0,NOEARN_UNEMP_WO_CONBEN,NO,NO,14.1
ITA,2025,TLBDSNJ,AW67,C_C0,NOEARN_UNEMP_WO_CONBEN,NO,NO,14.4
NLD,2023,TLBDSNJ,AW67,C_C0,NOEARN_UNEMP_WO_CONBEN,NO,NO,77.6
NLD,2024,TLBDSNJ,AW67,C_C0,NOEARN_UNEMP_WO_CONBEN,NO,NO,78.8
POL,2023,TLBDSNJ,AW67,C_C0,NOEARN_UNEMP_WO_CONBEN,NO,NO,46.5
POL,2024,TLBDSNJ,AW67,C_C0,NOEARN_UNEMP_WO_CONBEN,NO,NO,43.8
POL,2025,TLBDSNJ,AW67,C_C0,NOEARN_UNEMP_WO_CONBEN,NO,NO,49.6
ESP,2023,TLBDSNJ,AW67,C_C0,NOEARN_UNEMP_WO_CONBEN,NO,NO,56.8
ESP,2024,TLBDSNJ,AW67,C_C0,NOEARN_UNEMP_WO_CONBEN,NO,NO,59
ESP,2025,TLBDSNJ,AW67,C_C0,NOEARN_UNEMP_WO_CONBEN,NO,NO,61.9
SWE,2023,TLBDSNJ,AW67,C_C0,NOEARN_UNEMP_WO_CONBEN,NO,NO,47.6
SWE,2024,TLBDSNJ,AW67,C_C0,NOEARN_UNEMP_WO_CONBEN,NO,NO,47.9
SWE,2025,TLBDSNJ,AW67,C_C0,NOEARN_UNEMP_WO_CONBEN,NO,NO,47.4
GBR,2023,TLBDSNJ,AW67,C_C0,NOEARN_UNEMP_WO_CONBEN,NO,NO,38.2
GBR,2024,TLBDSNJ,AW67,C_C0,NOEARN_UNEMP_WO_CONBEN,NO,NO,38.5
GBR,2025,TLBDSNJ,AW67,C_C0,NOEARN_UNEMP_WO_CONBEN,NO,NO,38.3
USA,2023,TLBDSNJ,AW67,C_C0,NOEARN_UNEMP_WO_CONBEN,NO,NO,30.6
USA,2024,TLBDSNJ,AW67,C_C0,NOEARN_UNEMP_WO_CONBEN,NO,NO,30.6
USA,2025,TLBDSNJ,AW67,C_C0,NOEARN_UNEMP_WO_CONBEN,NO,NO,30.3
OECD,2023,TLBDSNJ,AW67,C_C0,NOEARN_UNEMP_WO_CONBEN,NO,NO,53.8
OECD,2024,TLBDSNJ,AW67,C_C0,NOEARN_UNEMP_WO_CONBEN,NO,NO,53.3
OECD,2025,TLBDSNJ,AW67,C_C0,NOEARN_UNEMP_WO_CONBEN,NO,NO,50.3
AUT,2023,TLBDSNJ,AW67,C_C0,NOEARN_UNEMP_WO_CONBEN,YES,NO,77
AUT,2024,TLBDSNJ,AW67,C_C0,NOEARN_UNEMP_WO_CONBEN,YES,NO,73.8
AUT,2025,TLBDSNJ,AW67,C_C0,NOEARN_UNEMP_WO_CONBEN,YES,NO,75.7
BEL,2023,TLBDSNJ,AW67,C_C0,NOEARN_UNEMP_WO_CONBEN,YES,NO,68.8
BEL,2024,TLBDSNJ,AW67,C_C0,NOEARN_UNEMP_WO_CONBEN,YES,NO,69.3
BEL,2025,TLBDSNJ,AW67,C_C0,NOEARN_UNEMP_WO_CONBEN,YES,NO,70.1
DNK,2023,TLBDSNJ,AW67,C_C0,NOEARN_UNEMP_WO_CONBEN,YES,NO,81.7
DNK,2024,TLBDSNJ,AW67,C_C0,NOEARN_UNEMP_WO_CONBEN,YES,NO,81.2
FRA,2023,TLBDSNJ,AW67,C_C0,NOEARN_UNEMP_WO_CONBEN,YES,NO,54.6
FRA,2024,TLBDSNJ,AW67,C_C0,NOEARN_UNEMP_WO_CONBEN,YES,NO,54.8
FRA,2025,TLBDSNJ,AW67,C_C0,NOEARN_UNEMP_WO_CONBEN,YES,NO,54.7
DEU,2023,TLBDSNJ,AW67,C_C0,NOEARN_UNEMP_WO_CONBEN,YES,NO,69.8
DEU,2024,TLBDSNJ,AW67,C_C0,NOEARN_UNEMP_WO_CONBEN,YES,NO,70.9
DEU,2025,TLBDSNJ,AW67,C_C0,NOEARN_UNEMP_WO_CONBEN,YES,NO,69.6
ITA,2023,TLBDSNJ,AW67,C_C0,NOEARN_UNEMP_WO_CONBEN,YES,NO,67.6
ITA,2024,TLBDSNJ,AW67,C_C0,NOEARN_UNEMP_WO_CONBEN,YES,NO,13.5
ITA,2025,TLBDSNJ,AW67,C_C0,NOEARN_UNEMP_WO_CONBEN,YES,NO,13.8
NLD,2023,TLBDSNJ,AW67,C_C0,NOEARN_UNEMP_WO_CONBEN,YES,NO,85.3
NLD,2024,TLBDSNJ,AW67,C_C0,NOEARN_UNEMP_WO_CONBEN,YES,NO,86.9
POL,2023,TLBDSNJ,AW67,C_C0,NOEARN_UNEMP_WO_CONBEN,YES,NO,46.5
POL,2024,TLBDSNJ,AW67,C_C0,NOEARN_UNEMP_WO_CONBEN,YES,NO,44.4
POL,2025,TLBDSNJ,AW67,C_C0,NOEARN_UNEMP_WO_CONBEN,YES,NO,49.6
ESP,2023,TLBDSNJ,AW67,C_C0,NOEARN_UNEMP_WO_CONBEN,YES,NO,60.7
ESP,2024,TLBDSNJ,AW67,C_C0,NOEARN_UNEMP_WO_CONBEN,YES,NO,62.4
ESP,2025,TLBDSNJ,AW67,C_C0,NOEARN_UNEMP_WO_CONBEN,YES,NO,65.3
SWE,2023,TLBDSNJ,AW67,C_C0,NOEARN_UNEMP_WO_CONBEN,YES,NO,77.5
SWE,2024,TLBDSNJ,AW67,C_C0,NOEARN_UNEMP_WO_CONBEN,YES,NO,77.7
SWE,2025,TLBDSNJ,AW67,C_C0,NOEARN_UNEMP_WO_CONBEN,YES,NO,77.2
GBR,2023,TLBDSNJ,AW67,C_C0,NOEARN_UNEMP_WO_CONBEN,YES,NO,63.6
GBR,2024,TLBDSNJ,AW67,C_C0,NOEARN_UNEMP_WO_CONBEN,YES,NO,62.7
GBR,2025,TLBDSNJ,AW67,C_C0,NOEARN_UNEMP_WO_CONBEN,YES,NO,62.9
USA,2023,TLBDSNJ,AW67,C_C0,NOEARN_UNEMP_WO_CONBEN,YES,NO,30.6
USA,2024,TLBDSNJ,AW67,C_C0,NOEARN_UNEMP_WO_CONBEN,YES,NO,30.6
USA,2025,TLBDSNJ,AW67,C_C0,NOEARN_UNEMP_WO_CONBEN,YES,NO,30.3
OECD,2023,TLBDSNJ,AW67,C_C0,NOEARN_UNEMP_WO_CONBEN,YES,NO,63.3
OECD,2024,TLBDSNJ,AW67,C_C0,NOEARN_UNEMP_WO_CONBEN,YES,NO,62.3
OECD,2025,TLBDSNJ,AW67,C_C0,NOEARN_UNEMP_WO_CONBEN,YES,NO,59.4
AUT,2023,TLBDSNJ,AW67,C_C0,NOEARN_UNEMP_WO_CONBEN,YES,YES,77
AUT,2024,TLBDSNJ,AW67,C_C0,NOEARN_UNEMP_WO_CONBEN,YES,YES,73.8
AUT,2025,TLBDSNJ,AW67,C_C0,NOEARN_UNEMP_WO_CONBEN,YES,YES,75.7
BEL,2023,TLBDSNJ,AW67,C_C0,NOEARN_UNEMP_WO_CONBEN,YES,YES,68.8
BEL,2024,TLBDSNJ,AW67,C_C0,NOEARN_UNEMP_WO_CONBEN,YES,YES,69.3
BEL,2025,TLBDSNJ,AW67,C_C0,NOEARN_UNEMP_WO_CONBEN,YES,YES,70.1
DNK,2023,TLBDSNJ,AW67,C_C0,NOEARN_UNEMP_WO_CONBEN,YES,YES,81.7
DNK,2024,TLBDSNJ,AW67,C_C0,NOEARN_UNEMP_WO_CONBEN,YES,YES,81.2
FRA,2023,TLBDSNJ,AW67,C_C0,NOEARN_UNEMP_WO_CONBEN,YES,YES,54.6
FRA,2024,TLBDSNJ,AW67,C_C0,NOEARN_UNEMP_WO_CONBEN,YES,YES,54.8
FRA,2025,TLBDSNJ,AW67,C_C0,NOEARN_UNEMP_WO_CONBEN,YES,YES,54.7
DEU,2023,TLBDSNJ,AW67,C_C0,NOEARN_UNEMP_WO_CONBEN,YES,YES,69.8
DEU,2024,TLBDSNJ,AW67,C_C0,NOEARN_UNEMP_WO_CONBEN,YES,YES,70.9
DEU,2025,TLBDSNJ,AW67,C_C0,NOEARN_UNEMP_WO_CONBEN,YES,YES,69.6
ITA,2023,TLBDSNJ,AW67,C_C0,NOEARN_UNEMP_WO_CONBEN,YES,YES,67.6
ITA,2024,TLBDSNJ,AW67,C_C0,NOEARN_UNEMP_WO_CONBEN,YES,YES,13.5
ITA,2025,TLBDSNJ,AW67,C_C0,NOEARN_UNEMP_WO_CONBEN,YES,YES,13.8
NLD,2023,TLBDSNJ,AW67,C_C0,NOEARN_UNEMP_WO_CONBEN,YES,YES,85.3
NLD,2024,TLBDSNJ,AW67,C_C0,NOEARN_UNEMP_WO_CONBEN,YES,YES,86.9
POL,2023,TLBDSNJ,AW67,C_C0,NOEARN_UNEMP_WO_CONBEN,YES,YES,46.5
POL,2024,TLBDSNJ,AW67,C_C0,NOEARN_UNEMP_WO_CONBEN,YES,YES,44.4
POL,2025,TLBDSNJ,AW67,C_C0,NOEARN_UNEMP_WO_CONBEN,YES,YES,49.6
ESP,2023,TLBDSNJ,AW67,C_C0,NOEARN_UNEMP_WO_CONBEN,YES,YES,60.7
ESP,2024,TLBDSNJ,AW67,C_C0,NOEARN_UNEMP_WO_CONBEN,YES,YES,62.4
ESP,2025,TLBDSNJ,AW67,C_C0,NOEARN_UNEMP_WO_CONBEN,YES,YES,65.3
SWE,2023,TLBDSNJ,AW67,C_C0,NOEARN_UNEMP_WO_CONBEN,YES,YES,77.5
SWE,2024,TLBDSNJ,AW67,C_C0,NOEARN_UNEMP_WO_CONBEN,YES,YES,77.7
SWE,2025,TLBDSNJ,AW67,C_C0,NOEARN_UNEMP_WO_CONBEN,YES,YES,77.2
GBR,2023,TLBDSNJ,AW67,C_C0,NOEARN_UNEMP_WO_CONBEN,YES,YES,63.6
GBR,2024,TLBDSNJ,AW67,C_C0,NOEARN_UNEMP_WO_CONBEN,YES,YES,62.7
GBR,2025,TLBDSNJ,AW67,C_C0,NOEARN_UNEMP_WO_CONBEN,YES,YES,62.9
USA,2023,TLBDSNJ,AW67,C_C0,NOEARN_UNEMP_WO_CONBEN,YES,YES,30.6
USA,2024,TLBDSNJ,AW67,C_C0,NOEARN_UNEMP_WO_CONBEN,YES,YES,30.6
USA,2025,TLBDSNJ,AW67,C_C0,NOEARN_UNEMP_WO_CONBEN,YES,YES,30.3
OECD,2023,TLBDSNJ,AW67,C_C0,NOEARN_UNEMP_WO_CONBEN,YES,YES,59.5
OECD,2024,TLBDSNJ,AW67,C_C0,NOEARN_UNEMP_WO_CONBEN,YES,YES,58.9
OECD,2025,TLBDSNJ,AW67,C_C0,NOEARN_UNEMP_WO_CONBEN,YES,YES,56
AUT,2023,TLBDSNJ,AW100,C_C0,NOEARN_UNEMP_WO_CONBEN,YES,YES,66.2
AUT,2024,TLBDSNJ,AW100,C_C0,NOEARN_UNEMP_WO_CONBEN,YES,YES,64
AUT,2025,TLBDSNJ,AW100,C_C0,NOEARN_UNEMP_WO_CONBEN,YES,YES,65.2
BEL,2023,TLBDSNJ,AW100,C_C0,NOEARN_UNEMP_WO_CONBEN,YES,YES,63.7
BEL,2024,TLBDSNJ,AW100,C_C0,NOEARN_UNEMP_WO_CONBEN,YES,YES,63.8
BEL,2025,TLBDSNJ,AW100,C_C0,NOEARN_UNEMP_WO_CONBEN,YES,YES,64.1
DNK,2023,TLBDSNJ,AW100,C_C0,NOEARN_UNEMP_WO_CONBEN,YES,YES,77.4
DNK,2024,TLBDSNJ,AW100,C_C0,NOEARN_UNEMP_WO_CONBEN,YES,YES,76.4
FRA,2023,TLBDSNJ,AW100,C_C0,NOEARN_UNEMP_WO_CONBEN,YES,YES,52.4
FRA,2024,TLBDSNJ,AW100,C_C0,NOEARN_UNEMP_WO_CONBEN,YES,YES,51.9
FRA,2025,TLBDSNJ,AW100,C_C0,NOEARN_UNEMP_WO_CONBEN,YES,YES,52.6
DEU,2023,TLBDSNJ,AW100,C_C0,NOEARN_UNEMP_WO_CONBEN,YES,YES,60.3
DEU,2024,TLBDSNJ,AW100,C_C0,NOEARN_UNEMP_WO_CONBEN,YES,YES,61
DEU,2025,TLBDSNJ,AW100,C_C0,NOEARN_UNEMP_WO_CONBEN,YES,YES,60.4
ITA,2023,TLBDSNJ,AW100,C_C0,NOEARN_UNEMP_WO_CONBEN,YES,YES,61.5
ITA,2024,TLBDSNJ,AW100,C_C0,NOEARN_UNEMP_WO_CONBEN,YES,YES,28.1
ITA,2025,TLBDSNJ,AW100,C_C0,NOEARN_UNEMP_WO_CONBEN,YES,YES,25.7
NLD,2023,TLBDSNJ,AW100,C_C0,NOEARN_UNEMP_WO_CONBEN,YES,YES,78.5
NLD,2024,TLBDSNJ,AW100,C_C0,NOEARN_UNEMP_WO_CONBEN,YES,YES,78.8
POL,2023,TLBDSNJ,AW100,C_C0,NOEARN_UNEMP_WO_CONBEN,YES,YES,39.8
POL,2024,TLBDSNJ,AW100,C_C0,NOEARN_UNEMP_WO_CONBEN,YES,YES,39.4
POL,2025,TLBDSNJ,AW100,C_C0,NOEARN_UNEMP_WO_CONBEN,YES,YES,43.5
ESP,2023,TLBDSNJ,AW100,C_C0,NOEARN_UNEMP_WO_CONBEN,YES,YES,58.1
ESP,2024,TLBDSNJ,AW100,C_C0,NOEARN_UNEMP_WO_CONBEN,YES,YES,59.4
ESP,2025,TLBDSNJ,AW100,C_C0,NOEARN_UNEMP_WO_CONBEN,YES,YES,61.4
SWE,2023,TLBDSNJ,AW100,C_C0,NOEARN_UNEMP_WO_CONBEN,YES,YES,62
SWE,2024,TLBDSNJ,AW100,C_C0,NOEARN_UNEMP_WO_CONBEN,YES,YES,61.8
SWE,2025,TLBDSNJ,AW100,C_C0,NOEARN_UNEMP_WO_CONBEN,YES,YES,61.3
GBR,2023,TLBDSNJ,AW100,C_C0,NOEARN_UNEMP_WO_CONBEN,YES,YES,56.1
GBR,2024,TLBDSNJ,AW100,C_C0,NOEARN_UNEMP_WO_CONBEN,YES,YES,55.9
GBR,2025,TLBDSNJ,AW100,C_C0,NOEARN_UNEMP_WO_CONBEN,YES,YES,56.4
USA,2023,TLBDSNJ,AW100,C_C0,NOEARN_UNEMP_WO_CONBEN,YES,YES,29
USA,2024,TLBDSNJ,AW100,C_C0,NOEARN_UNEMP_WO_CONBEN,YES,YES,29.1
USA,2025,TLBDSNJ,AW100,C_C0,NOEARN_UNEMP_WO_CONBEN,YES,YES,28.8
OECD,2023,TLBDSNJ,AW100,C_C0,NOEARN_UNEMP_WO_CONBEN,YES,YES,53.8
OECD,2024,TLBDSNJ,AW100,C_C0,NOEARN_UNEMP_WO_CONBEN,YES,YES,53.5
OECD,2025,TLBDSNJ,AW100,C_C0,NOEARN_UNEMP_WO_CONBEN,YES,YES,50.7
AUT,2023,TLBDSNJ,AW100,C_C0,NOEARN_UNEMP_WO_CONBEN,YES,NO,66.2
AUT,2024,TLBDSNJ,AW100,C_C0,NOEARN_UNEMP_WO_CONBEN,YES,NO,64
AUT,2025,TLBDSNJ,AW100,C_C0,NOEARN_UNEMP_WO_CONBEN,YES,NO,65.2
BEL,2023,TLBDSNJ,AW100,C_C0,NOEARN_UNEMP_WO_CONBEN,YES,NO,63.7
BEL,2024,TLBDSNJ,AW100,C_C0,NOEARN_UNEMP_WO_CONBEN,YES,NO,63.8
BEL,2025,TLBDSNJ,AW100,C_C0,NOEARN_UNEMP_WO_CONBEN,YES,NO,64.1
DNK,2023,TLBDSNJ,AW100,C_C0,NOEARN_UNEMP_WO_CONBEN,YES,NO,77.4
DNK,2024,TLBDSNJ,AW100,C_C0,NOEARN_UNEMP_WO_CONBEN,YES,NO,76.4
FRA,2023,TLBDSNJ,AW100,C_C0,NOEARN_UNEMP_WO_CONBEN,YES,NO,52.4
FRA,2024,TLBDSNJ,AW100,C_C0,NOEARN_UNEMP_WO_CONBEN,YES,NO,51.9
FRA,2025,TLBDSNJ,AW100,C_C0,NOEARN_UNEMP_WO_CONBEN,YES,NO,52.6
DEU,2023,TLBDSNJ,AW100,C_C0,NOEARN_UNEMP_WO_CONBEN,YES,NO,60.3
DEU,2024,TLBDSNJ,AW100,C_C0,NOEARN_UNEMP_WO_CONBEN,YES,NO,61
DEU,2025,TLBDSNJ,AW100,C_C0,NOEARN_UNEMP_WO_CONBEN,YES,NO,60.4
ITA,2023,TLBDSNJ,AW100,C_C0,NOEARN_UNEMP_WO_CONBEN,YES,NO,61.5
ITA,2024,TLBDSNJ,AW100,C_C0,NOEARN_UNEMP_WO_CONBEN,YES,NO,28.1
ITA,2025,TLBDSNJ,AW100,C_C0,NOEARN_UNEMP_WO_CONBEN,YES,NO,25.7
NLD,2023,TLBDSNJ,AW100,C_C0,NOEARN_UNEMP_WO_CONBEN,YES,NO,78.5
NLD,2024,TLBDSNJ,AW100,C_C0,NOEARN_UNEMP_WO_CONBEN,YES,NO,78.8
POL,2023,TLBDSNJ,AW100,C_C0,NOEARN_UNEMP_WO_CONBEN,YES,NO,39.8
POL,2024,TLBDSNJ,AW100,C_C0,NOEARN_UNEMP_WO_CONBEN,YES,NO,39.4
POL,2025,TLBDSNJ,AW100,C_C0,NOEARN_UNEMP_WO_CONBEN,YES,NO,43.5
ESP,2023,TLBDSNJ,AW100,C_C0,NOEARN_UNEMP_WO_CONBEN,YES,NO,58.1
ESP,2024,TLBDSNJ,AW100,C_C0,NOEARN_UNEMP_WO_CONBEN,YES,NO,59.4
ESP,2025,TLBDSNJ,AW100,C_C0,NOEARN_UNEMP_WO_CONBEN,YES,NO,61.4
SWE,2023,TLBDSNJ,AW100,C_C0,NOEARN_UNEMP_WO_CONBEN,YES,NO,62
SWE,2024,TLBDSNJ,AW100,C_C0,NOEARN_UNEMP_WO_CONBEN,YES,NO,61.8
SWE,2025,TLBDSNJ,AW100,C_C0,NOEARN_UNEMP_WO_CONBEN,YES,NO,61.3
GBR,2023,TLBDSNJ,AW100,C_C0,NOEARN_UNEMP_WO_CONBEN,YES,NO,56.1
GBR,2024,TLBDSNJ,AW100,C_C0,NOEARN_UNEMP_WO_CONBEN,YES,NO,55.9
GBR,2025,TLBDSNJ,AW100,C_C0,NOEARN_UNEMP_WO_CONBEN,YES,NO,56.4
USA,2023,TLBDSNJ,AW100,C_C0,NOEARN_UNEMP_WO_CONBEN,YES,NO,29
USA,2024,TLBDSNJ,AW100,C_C0,NOEARN_UNEMP_WO_CONBEN,YES,NO,29.1
USA,2025,TLBDSNJ,AW100,C_C0,NOEARN_UNEMP_WO_CONBEN,YES,NO,28.8
OECD,2023,TLBDSNJ,AW100,C_C0,NOEARN_UNEMP_WO_CONBEN,YES,NO,56.4
OECD,2024,TLBDSNJ,AW100,C_C0,NOEARN_UNEMP_WO_CONBEN,YES,NO,56.1
OECD,2025,TLBDSNJ,AW100,C_C0,NOEARN_UNEMP_WO_CONBEN,YES,NO,53.5
AUT,2023,TLBDSNJ,AW100,C_C0,NOEARN_UNEMP_WO_CONBEN,NO,NO,57.9
AUT,2024,TLBDSNJ,AW100,C_C0,NOEARN_UNEMP_WO_CONBEN,NO,NO,56.3
AUT,2025,TLBDSNJ,AW100,C_C0,NOEARN_UNEMP_WO_CONBEN,NO,NO,56.5
BEL,2023,TLBDSNJ,AW100,C_C0,NOEARN_UNEMP_WO_CONBEN,NO,NO,63.7
BEL,2024,TLBDSNJ,AW100,C_C0,NOEARN_UNEMP_WO_CONBEN,NO,NO,63.8
BEL,2025,TLBDSNJ,AW100,C_C0,NOEARN_UNEMP_WO_CONBEN,NO,NO,64.1
DNK,2023,TLBDSNJ,AW100,C_C0,NOEARN_UNEMP_WO_CONBEN,NO,NO,77.4
DNK,2024,TLBDSNJ,AW100,C_C0,NOEARN_UNEMP_WO_CONBEN,NO,NO,76.4
FRA,2023,TLBDSNJ,AW100,C_C0,NOEARN_UNEMP_WO_CONBEN,NO,NO,46.8
FRA,2024,TLBDSNJ,AW100,C_C0,NOEARN_UNEMP_WO_CONBEN,NO,NO,46.2
FRA,2025,TLBDSNJ,AW100,C_C0,NOEARN_UNEMP_WO_CONBEN,NO,NO,46.9
DEU,2023,TLBDSNJ,AW100,C_C0,NOEARN_UNEMP_WO_CONBEN,NO,NO,48.2
DEU,2024,TLBDSNJ,AW100,C_C0,NOEARN_UNEMP_WO_CONBEN,NO,NO,49.6
DEU,2025,TLBDSNJ,AW100,C_C0,NOEARN_UNEMP_WO_CONBEN,NO,NO,49.4
ITA,2023,TLBDSNJ,AW100,C_C0,NOEARN_UNEMP_WO_CONBEN,NO,NO,51.7
ITA,2024,TLBDSNJ,AW100,C_C0,NOEARN_UNEMP_WO_CONBEN,NO,NO,28.1
ITA,2025,TLBDSNJ,AW100,C_C0,NOEARN_UNEMP_WO_CONBEN,NO,NO,25.7
NLD,2023,TLBDSNJ,AW100,C_C0,NOEARN_UNEMP_WO_CONBEN,NO,NO,71.6
NLD,2024,TLBDSNJ,AW100,C_C0,NOEARN_UNEMP_WO_CONBEN,NO,NO,71.7
POL,2023,TLBDSNJ,AW100,C_C0,NOEARN_UNEMP_WO_CONBEN,NO,NO,39.8
POL,2024,TLBDSNJ,AW100,C_C0,NOEARN_UNEMP_WO_CONBEN,NO,NO,38.9
POL,2025,TLBDSNJ,AW100,C_C0,NOEARN_UNEMP_WO_CONBEN,NO,NO,43.5
ESP,2023,TLBDSNJ,AW100,C_C0,NOEARN_UNEMP_WO_CONBEN,NO,NO,48.1
ESP,2024,TLBDSNJ,AW100,C_C0,NOEARN_UNEMP_WO_CONBEN,NO,NO,49.4
ESP,2025,TLBDSNJ,AW100,C_C0,NOEARN_UNEMP_WO_CONBEN,NO,NO,51.4
SWE,2023,TLBDSNJ,AW100,C_C0,NOEARN_UNEMP_WO_CONBEN,NO,NO,42
SWE,2024,TLBDSNJ,AW100,C_C0,NOEARN_UNEMP_WO_CONBEN,NO,NO,41.8
SWE,2025,TLBDSNJ,AW100,C_C0,NOEARN_UNEMP_WO_CONBEN,NO,NO,41.3
GBR,2023,TLBDSNJ,AW100,C_C0,NOEARN_UNEMP_WO_CONBEN,NO,NO,36.1
GBR,2024,TLBDSNJ,AW100,C_C0,NOEARN_UNEMP_WO_CONBEN,NO,NO,35.9
GBR,2025,TLBDSNJ,AW100,C_C0,NOEARN_UNEMP_WO_CONBEN,NO,NO,36.4
USA,2023,TLBDSNJ,AW100,C_C0,NOEARN_UNEMP_WO_CONBEN,NO,NO,29
USA,2024,TLBDSNJ,AW100,C_C0,NOEARN_UNEMP_WO_CONBEN,NO,NO,29.1
USA,2025,TLBDSNJ,AW100,C_C0,NOEARN_UNEMP_WO_CONBEN,NO,NO,28.8
OECD,2023,TLBDSNJ,AW100,C_C0,NOEARN_UNEMP_WO_CONBEN,NO,NO,48.3
OECD,2024,TLBDSNJ,AW100,C_C0,NOEARN_UNEMP_WO_CONBEN,NO,NO,47.9
OECD,2025,TLBDSNJ,AW100,C_C0,NOEARN_UNEMP_WO_CONBEN,NO,NO,45.5
AUT,2023,TLBDSNJ,AW100,C_C0,NOEARN_UNEMP_WO_CONBEN,NO,YES,57.9
AUT,2024,TLBDSNJ,AW100,C_C0,NOEARN_UNEMP_WO_CONBEN,NO,YES,56.3
AUT,2025,TLBDSNJ,AW100,C_C0,NOEARN_UNEMP_WO_CONBEN,NO,YES,56.5
BEL,2023,TLBDSNJ,AW100,C_C0,NOEARN_UNEMP_WO_CONBEN,NO,YES,63.7
BEL,2024,TLBDSNJ,AW100,C_C0,NOEARN_UNEMP_WO_CONBEN,NO,YES,63.8
BEL,2025,TLBDSNJ,AW100,C_C0,NOEARN_UNEMP_WO_CONBEN,NO,YES,64.1
DNK,2023,TLBDSNJ,AW100,C_C0,NOEARN_UNEMP_WO_CONBEN,NO,YES,77.4
DNK,2024,TLBDSNJ,AW100,C_C0,NOEARN_UNEMP_WO_CONBEN,NO,YES,76.4
FRA,2023,TLBDSNJ,AW100,C_C0,NOEARN_UNEMP_WO_CONBEN,NO,YES,46.8
FRA,2024,TLBDSNJ,AW100,C_C0,NOEARN_UNEMP_WO_CONBEN,NO,YES,46.2
FRA,2025,TLBDSNJ,AW100,C_C0,NOEARN_UNEMP_WO_CONBEN,NO,YES,46.9
DEU,2023,TLBDSNJ,AW100,C_C0,NOEARN_UNEMP_WO_CONBEN,NO,YES,48.2
DEU,2024,TLBDSNJ,AW100,C_C0,NOEARN_UNEMP_WO_CONBEN,NO,YES,49.6
DEU,2025,TLBDSNJ,AW100,C_C0,NOEARN_UNEMP_WO_CONBEN,NO,YES,49.4
ITA,2023,TLBDSNJ,AW100,C_C0,NOEARN_UNEMP_WO_CONBEN,NO,YES,51.7
ITA,2024,TLBDSNJ,AW100,C_C0,NOEARN_UNEMP_WO_CONBEN,NO,YES,28.1
ITA,2025,TLBDSNJ,AW100,C_C0,NOEARN_UNEMP_WO_CONBEN,NO,YES,25.7
NLD,2023,TLBDSNJ,AW100,C_C0,NOEARN_UNEMP_WO_CONBEN,NO,YES,71.6
NLD,2024,TLBDSNJ,AW100,C_C0,NOEARN_UNEMP_WO_CONBEN,NO,YES,71.7
POL,2023,TLBDSNJ,AW100,C_C0,NOEARN_UNEMP_WO_CONBEN,NO,YES,39.8
POL,2024,TLBDSNJ,AW100,C_C0,NOEARN_UNEMP_WO_CONBEN,NO,YES,38.9
POL,2025,TLBDSNJ,AW100,C_C0,NOEARN_UNEMP_WO_CONBEN,NO,YES,43.5
ESP,2023,TLBDSNJ,AW100,C_C0,NOEARN_UNEMP_WO_CONBEN,NO,YES,48.1
ESP,2024,TLBDSNJ,AW100,C_C0,NOEARN_UNEMP_WO_CONBEN,NO,YES,49.4
ESP,2025,TLBDSNJ,AW100,C_C0,NOEARN_UNEMP_WO_CONBEN,NO,YES,51.4
SWE,2023,TLBDSNJ,AW100,C_C0,NOEARN_UNEMP_WO_CONBEN,NO,YES,42
SWE,2024,TLBDSNJ,AW100,C_C0,NOEARN_UNEMP_WO_CONBEN,NO,YES,41.8
SWE,2025,TLBDSNJ,AW100,C_C0,NOEARN_UNEMP_WO_CONBEN,NO,YES,41.3
GBR,2023,TLBDSNJ,AW100,C_C0,NOEARN_UNEMP_WO_CONBEN,NO,YES,36.1
GBR,2024,TLBDSNJ,AW100,C_C0,NOEARN_UNEMP_WO_CONBEN,NO,YES,35.9
GBR,2025,TLBDSNJ,AW100,C_C0,NOEARN_UNEMP_WO_CONBEN,NO,YES,36.4
USA,2023,TLBDSNJ,AW100,C_C0,NOEARN_UNEMP_WO_CONBEN,NO,YES,29
USA,2024,TLBDSNJ,AW100,C_C0,NOEARN_UNEMP_WO_CONBEN,NO,YES,29.1
USA,2025,TLBDSNJ,AW100,C_C0,NOEARN_UNEMP_WO_CONBEN,NO,YES,28.8
OECD,2023,TLBDSNJ,AW100,C_C0,NOEARN_UNEMP_WO_CONBEN,NO,YES,46.7
OECD,2024,TLBDSNJ,AW100,C_C0,NOEARN_UNEMP_WO_CONBEN,NO,YES,46.4
OECD,2025,TLBDSNJ,AW100,C_C0,NOEARN_UNEMP_WO_CONBEN,NO,YES,43.8
BEL,2023,TLBDSNJ,MINW,C_C0,NOEARN_UNEMP_WO_CONBEN,YES,YES,80.9
BEL,2024,TLBDSNJ,MINW,C_C0,NOEARN_UNEMP_WO_CONBEN,YES,YES,81.8
BEL,2025,TLBDSNJ,MINW,C_C0,NOEARN_UNEMP_WO_CONBEN,YES,YES,80.5
FRA,2023,TLBDSNJ,MINW,C_C0,NOEARN_UNEMP_WO_CONBEN,YES,YES,55.8
FRA,2024,TLBDSNJ,MINW,C_C0,NOEARN_UNEMP_WO_CONBEN,YES,YES,56.1
FRA,2025,TLBDSNJ,MINW,C_C0,NOEARN_UNEMP_WO_CONBEN,YES,YES,55.9
DEU,2023,TLBDSNJ,MINW,C_C0,NOEARN_UNEMP_WO_CONBEN,YES,YES,83
DEU,2024,TLBDSNJ,MINW,C_C0,NOEARN_UNEMP_WO_CONBEN,YES,YES,83.9
DEU,2025,TLBDSNJ,MINW,C_C0,NOEARN_UNEMP_WO_CONBEN,YES,YES,84.3
NLD,2023,TLBDSNJ,MINW,C_C0,NOEARN_UNEMP_WO_CONBEN,YES,YES,90.7
NLD,2024,TLBDSNJ,MINW,C_C0,NOEARN_UNEMP_WO_CONBEN,YES,YES,91.7
POL,2023,TLBDSNJ,MINW,C_C0,NOEARN_UNEMP_WO_CONBEN,YES,YES,37.2
POL,2024,TLBDSNJ,MINW,C_C0,NOEARN_UNEMP_WO_CONBEN,YES,YES,34.4
POL,2025,TLBDSNJ,MINW,C_C0,NOEARN_UNEMP_WO_CONBEN,YES,YES,40.9
ESP,2023,TLBDSNJ,MINW,C_C0,NOEARN_UNEMP_WO_CONBEN,YES,YES,60.7
ESP,2024,TLBDSNJ,MINW,C_C0,NOEARN_UNEMP_WO_CONBEN,YES,YES,60.5
ESP,2025,TLBDSNJ,MINW,C_C0,NOEARN_UNEMP_WO_CONBEN,YES,YES,62.5
GBR,2023,TLBDSNJ,MINW,C_C0,NOEARN_UNEMP_WO_CONBEN,YES,YES,60.5
GBR,2024,TLBDSNJ,MINW,C_C0,NOEARN_UNEMP_WO_CONBEN,YES,YES,60.5
GBR,2025,TLBDSNJ,MINW,C_C0,NOEARN_UNEMP_WO_CONBEN,YES,YES,60.9
USA,2023,TLBDSNJ,MINW,C_C0,NOEARN_UNEMP_WO_CONBEN,YES,YES,22.4
USA,2024,TLBDSNJ,MINW,C_C0,NOEARN_UNEMP_WO_CONBEN,YES,YES,21.4
USA,2025,TLBDSNJ,MINW,C_C0,NOEARN_UNEMP_WO_CONBEN,YES,YES,21.1
OECD,2023,TLBDSNJ,MINW,C_C0,NOEARN_UNEMP_WO_CONBEN,YES,YES,53.8
OECD,2024,TLBDSNJ,MINW,C_C0,NOEARN_UNEMP_WO_CONBEN,YES,YES,54.9
OECD,2025,TLBDSNJ,MINW,C_C0,NOEARN_UNEMP_WO_CONBEN,YES,YES,51.5
BEL,2023,TLBDSNJ,MINW,C_C0,NOEARN_UNEMP_WO_CONBEN,YES,NO,80.9
BEL,2024,TLBDSNJ,MINW,C_C0,NOEARN_UNEMP_WO_CONBEN,YES,NO,81.8
BEL,2025,TLBDSNJ,MINW,C_C0,NOEARN_UNEMP_WO_CONBEN,YES,NO,80.5
FRA,2023,TLBDSNJ,MINW,C_C0,NOEARN_UNEMP_WO_CONBEN,YES,NO,55.8
FRA,2024,TLBDSNJ,MINW,C_C0,NOEARN_UNEMP_WO_CONBEN,YES,NO,56.1
FRA,2025,TLBDSNJ,MINW,C_C0,NOEARN_UNEMP_WO_CONBEN,YES,NO,55.9
DEU,2023,TLBDSNJ,MINW,C_C0,NOEARN_UNEMP_WO_CONBEN,YES,NO,83
DEU,2024,TLBDSNJ,MINW,C_C0,NOEARN_UNEMP_WO_CONBEN,YES,NO,83.9
DEU,2025,TLBDSNJ,MINW,C_C0,NOEARN_UNEMP_WO_CONBEN,YES,NO,84.3
NLD,2023,TLBDSNJ,MINW,C_C0,NOEARN_UNEMP_WO_CONBEN,YES,NO,90.7
NLD,2024,TLBDSNJ,MINW,C_C0,NOEARN_UNEMP_WO_CONBEN,YES,NO,91.7
POL,2023,TLBDSNJ,MINW,C_C0,NOEARN_UNEMP_WO_CONBEN,YES,NO,37.2
POL,2024,TLBDSNJ,MINW,C_C0,NOEARN_UNEMP_WO_CONBEN,YES,NO,34.4
POL,2025,TLBDSNJ,MINW,C_C0,NOEARN_UNEMP_WO_CONBEN,YES,NO,40.9
ESP,2023,TLBDSNJ,MINW,C_C0,NOEARN_UNEMP_WO_CONBEN,YES,NO,67.5
ESP,2024,TLBDSNJ,MINW,C_C0,NOEARN_UNEMP_WO_CONBEN,YES,NO,69.1
ESP,2025,TLBDSNJ,MINW,C_C0,NOEARN_UNEMP_WO_CONBEN,YES,NO,76.4
GBR,2023,TLBDSNJ,MINW,C_C0,NOEARN_UNEMP_WO_CONBEN,YES,NO,60.5
GBR,2024,TLBDSNJ,MINW,C_C0,NOEARN_UNEMP_WO_CONBEN,YES,NO,60.5
GBR,2025,TLBDSNJ,MINW,C_C0,NOEARN_UNEMP_WO_CONBEN,YES,NO,60.9
USA,2023,TLBDSNJ,MINW,C_C0,NOEARN_UNEMP_WO_CONBEN,YES,NO,22.4
USA,2024,TLBDSNJ,MINW,C_C0,NOEARN_UNEMP_WO_CONBEN,YES,NO,21.4
USA,2025,TLBDSNJ,MINW,C_C0,NOEARN_UNEMP_WO_CONBEN,YES,NO,21.1
OECD,2023,TLBDSNJ,MINW,C_C0,NOEARN_UNEMP_WO_CONBEN,YES,NO,61.5
OECD,2024,TLBDSNJ,MINW,C_C0,NOEARN_UNEMP_WO_CONBEN,YES,NO,62.4
OECD,2025,TLBDSNJ,MINW,C_C0,NOEARN_UNEMP_WO_CONBEN,YES,NO,59.6
BEL,2023,TLBDSNJ,MINW,C_C0,NOEARN_UNEMP_WO_CONBEN,NO,YES,80.9
BEL,2024,TLBDSNJ,MINW,C_C0,NOEARN_UNEMP_WO_CONBEN,NO,YES,81.8
BEL,2025,TLBDSNJ,MINW,C_C0,NOEARN_UNEMP_WO_CONBEN,NO,YES,80.5
FRA,2023,TLBDSNJ,MINW,C_C0,NOEARN_UNEMP_WO_CONBEN,NO,YES,43.9
FRA,2024,TLBDSNJ,MINW,C_C0,NOEARN_UNEMP_WO_CONBEN,NO,YES,44
FRA,2025,TLBDSNJ,MINW,C_C0,NOEARN_UNEMP_WO_CONBEN,NO,YES,43.8
DEU,2023,TLBDSNJ,MINW,C_C0,NOEARN_UNEMP_WO_CONBEN,NO,YES,63.9
DEU,2024,TLBDSNJ,MINW,C_C0,NOEARN_UNEMP_WO_CONBEN,NO,YES,68.1
DEU,2025,TLBDSNJ,MINW,C_C0,NOEARN_UNEMP_WO_CONBEN,NO,YES,67.1
NLD,2023,TLBDSNJ,MINW,C_C0,NOEARN_UNEMP_WO_CONBEN,NO,YES,90.7
NLD,2024,TLBDSNJ,MINW,C_C0,NOEARN_UNEMP_WO_CONBEN,NO,YES,91.7
POL,2023,TLBDSNJ,MINW,C_C0,NOEARN_UNEMP_WO_CONBEN,NO,YES,55.9
POL,2024,TLBDSNJ,MINW,C_C0,NOEARN_UNEMP_WO_CONBEN,NO,YES,49.8
POL,2025,TLBDSNJ,MINW,C_C0,NOEARN_UNEMP_WO_CONBEN,NO,YES,56.8
ESP,2023,TLBDSNJ,MINW,C_C0,NOEARN_UNEMP_WO_CONBEN,NO,YES,58
ESP,2024,TLBDSNJ,MINW,C_C0,NOEARN_UNEMP_WO_CONBEN,NO,YES,57.3
ESP,2025,TLBDSNJ,MINW,C_C0,NOEARN_UNEMP_WO_CONBEN,NO,YES,55.4
GBR,2023,TLBDSNJ,MINW,C_C0,NOEARN_UNEMP_WO_CONBEN,NO,YES,41.4
GBR,2024,TLBDSNJ,MINW,C_C0,NOEARN_UNEMP_WO_CONBEN,NO,YES,43.3
GBR,2025,TLBDSNJ,MINW,C_C0,NOEARN_UNEMP_WO_CONBEN,NO,YES,42.8
USA,2023,TLBDSNJ,MINW,C_C0,NOEARN_UNEMP_WO_CONBEN,NO,YES,31.4
USA,2024,TLBDSNJ,MINW,C_C0,NOEARN_UNEMP_WO_CONBEN,NO,YES,30.8
USA,2025,TLBDSNJ,MINW,C_C0,NOEARN_UNEMP_WO_CONBEN,NO,YES,30.7
OECD,2023,TLBDSNJ,MINW,C_C0,NOEARN_UNEMP_WO_CONBEN,NO,YES,51.7
OECD,2024,TLBDSNJ,MINW,C_C0,NOEARN_UNEMP_WO_CONBEN,NO,YES,51.7
OECD,2025,TLBDSNJ,MINW,C_C0,NOEARN_UNEMP_WO_CONBEN,NO,YES,47.9
BEL,2023,TLBDSNJ,MINW,C_C0,NOEARN_UNEMP_WO_CONBEN,NO,NO,80.9
BEL,2024,TLBDSNJ,MINW,C_C0,NOEARN_UNEMP_WO_CONBEN,NO,NO,81.8
BEL,2025,TLBDSNJ,MINW,C_C0,NOEARN_UNEMP_WO_CONBEN,NO,NO,80.5
FRA,2023,TLBDSNJ,MINW,C_C0,NOEARN_UNEMP_WO_CONBEN,NO,NO,43.9
FRA,2024,TLBDSNJ,MINW,C_C0,NOEARN_UNEMP_WO_CONBEN,NO,NO,44
FRA,2025,TLBDSNJ,MINW,C_C0,NOEARN_UNEMP_WO_CONBEN,NO,NO,43.8
DEU,2023,TLBDSNJ,MINW,C_C0,NOEARN_UNEMP_WO_CONBEN,NO,NO,63.9
DEU,2024,TLBDSNJ,MINW,C_C0,NOEARN_UNEMP_WO_CONBEN,NO,NO,68.1
DEU,2025,TLBDSNJ,MINW,C_C0,NOEARN_UNEMP_WO_CONBEN,NO,NO,67.1
NLD,2023,TLBDSNJ,MINW,C_C0,NOEARN_UNEMP_WO_CONBEN,NO,NO,90.7
NLD,2024,TLBDSNJ,MINW,C_C0,NOEARN_UNEMP_WO_CONBEN,NO,NO,91.7
POL,2023,TLBDSNJ,MINW,C_C0,NOEARN_UNEMP_WO_CONBEN,NO,NO,55.9
POL,2024,TLBDSNJ,MINW,C_C0,NOEARN_UNEMP_WO_CONBEN,NO,NO,49.8
POL,2025,TLBDSNJ,MINW,C_C0,NOEARN_UNEMP_WO_CONBEN,NO,NO,56.8
ESP,2023,TLBDSNJ,MINW,C_C0,NOEARN_UNEMP_WO_CONBEN,NO,NO,64.8
ESP,2024,TLBDSNJ,MINW,C_C0,NOEARN_UNEMP_WO_CONBEN,NO,NO,65.8
ESP,2025,TLBDSNJ,MINW,C_C0,NOEARN_UNEMP_WO_CONBEN,NO,NO,69.2
GBR,2023,TLBDSNJ,MINW,C_C0,NOEARN_UNEMP_WO_CONBEN,NO,NO,41.4
GBR,2024,TLBDSNJ,MINW,C_C0,NOEARN_UNEMP_WO_CONBEN,NO,NO,43.3
GBR,2025,TLBDSNJ,MINW,C_C0,NOEARN_UNEMP_WO_CONBEN,NO,NO,42.8
USA,2023,TLBDSNJ,MINW,C_C0,NOEARN_UNEMP_WO_CONBEN,NO,NO,31.4
USA,2024,TLBDSNJ,MINW,C_C0,NOEARN_UNEMP_WO_CONBEN,NO,NO,30.8
USA,2025,TLBDSNJ,MINW,C_C0,NOEARN_UNEMP_WO_CONBEN,NO,NO,30.7
OECD,2023,TLBDSNJ,MINW,C_C0,NOEARN_UNEMP_WO_CONBEN,NO,NO,58.1
OECD,2024,TLBDSNJ,MINW,C_C0,NOEARN_UNEMP_WO_CONBEN,NO,NO,58.1
OECD,2025,TLBDSNJ,MINW,C_C0,NOEARN_UNEMP_WO_CONBEN,NO,NO,54.9
BEL,2023,TLBDSNJ,AW100,C_C0,MINW,YES,NO,44.1
BEL,2024,TLBDSNJ,AW100,C_C0,MINW,YES,NO,43.5
BEL,2025,TLBDSNJ,AW100,C_C0,MINW,YES,NO,43.5
FRA,2023,TLBDSNJ,AW100,C_C0,MINW,YES,NO,41.5
FRA,2024,TLBDSNJ,AW100,C_C0,MINW,YES,NO,40.8
FRA,2025,TLBDSNJ,AW100,C_C0,MINW,YES,NO,41.6
DEU,2023,TLBDSNJ,AW100,C_C0,MINW,YES,NO,43.6
DEU,2024,TLBDSNJ,AW100,C_C0,MINW,YES,NO,44.3
DEU,2025,TLBDSNJ,AW100,C_C0,MINW,YES,NO,43.9
NLD,2023,TLBDSNJ,AW100,C_C0,MINW,YES,NO,45.3
NLD,2024,TLBDSNJ,AW100,C_C0,MINW,YES,NO,44.5
POL,2023,TLBDSNJ,AW100,C_C0,MINW,YES,NO,36.7
POL,2024,TLBDSNJ,AW100,C_C0,MINW,YES,NO,37.6
POL,2025,TLBDSNJ,AW100,C_C0,MINW,YES,NO,38.3
ESP,2023,TLBDSNJ,AW100,C_C0,MINW,YES,NO,30.9
ESP,2024,TLBDSNJ,AW100,C_C0,MINW,YES,NO,30.8
ESP,2025,TLBDSNJ,AW100,C_C0,MINW,YES,NO,29.7
GBR,2023,TLBDSNJ,AW100,C_C0,MINW,YES,NO,35.9
GBR,2024,TLBDSNJ,AW100,C_C0,MINW,YES,NO,34.2
GBR,2025,TLBDSNJ,AW100,C_C0,MINW,YES,NO,34.6
USA,2023,TLBDSNJ,AW100,C_C0,MINW,YES,NO,30.2
USA,2024,TLBDSNJ,AW100,C_C0,MINW,YES,NO,30.5
USA,2025,TLBDSNJ,AW100,C_C0,MINW,YES,NO,30.4
OECD,2023,TLBDSNJ,AW100,C_C0,MINW,YES,NO,35.9
OECD,2024,TLBDSNJ,AW100,C_C0,MINW,YES,NO,36
OECD,2025,TLBDSNJ,AW100,C_C0,MINW,YES,NO,34.3
BEL,2023,TLBDSNJ,AW100,C_C0,MINW,YES,YES,44.1
BEL,2024,TLBDSNJ,AW100,C_C0,MINW,YES,YES,43.5
BEL,2025,TLBDSNJ,AW100,C_C0,MINW,YES,YES,43.5
FRA,2023,TLBDSNJ,AW100,C_C0,MINW,YES,YES,41.5
FRA,2024,TLBDSNJ,AW100,C_C0,MINW,YES,YES,40.8
FRA,2025,TLBDSNJ,AW100,C_C0,MINW,YES,YES,41.6
DEU,2023,TLBDSNJ,AW100,C_C0,MINW,YES,YES,43.6
DEU,2024,TLBDSNJ,AW100,C_C0,MINW,YES,YES,44.3
DEU,2025,TLBDSNJ,AW100,C_C0,MINW,YES,YES,43.9
NLD,2023,TLBDSNJ,AW100,C_C0,MINW,YES,YES,45.3
NLD,2024,TLBDSNJ,AW100,C_C0,MINW,YES,YES,44.5
POL,2023,TLBDSNJ,AW100,C_C0,MINW,YES,YES,36.7
POL,2024,TLBDSNJ,AW100,C_C0,MINW,YES,YES,37.6
POL,2025,TLBDSNJ,AW100,C_C0,MINW,YES,YES,38.3
ESP,2023,TLBDSNJ,AW100,C_C0,MINW,YES,YES,30.9
ESP,2024,TLBDSNJ,AW100,C_C0,MINW,YES,YES,30.8
ESP,2025,TLBDSNJ,AW100,C_C0,MINW,YES,YES,29.7
GBR,2023,TLBDSNJ,AW100,C_C0,MINW,YES,YES,35.9
GBR,2024,TLBDSNJ,AW100,C_C0,MINW,YES,YES,34.2
GBR,2025,TLBDSNJ,AW100,C_C0,MINW,YES,YES,34.6
USA,2023,TLBDSNJ,AW100,C_C0,MINW,YES,YES,30.2
USA,2024,TLBDSNJ,AW100,C_C0,MINW,YES,YES,30.5
USA,2025,TLBDSNJ,AW100,C_C0,MINW,YES,YES,30.4
OECD,2023,TLBDSNJ,AW100,C_C0,MINW,YES,YES,35.6
OECD,2024,TLBDSNJ,AW100,C_C0,MINW,YES,YES,35.8
OECD,2025,TLBDSNJ,AW100,C_C0,MINW,YES,YES,34
BEL,2023,TLBDSNJ,AW100,C_C0,MINW,NO,YES,44.1
BEL,2024,TLBDSNJ,AW100,C_C0,MINW,NO,YES,43.5
BEL,2025,TLBDSNJ,AW100,C_C0,MINW,NO,YES,43.5
FRA,2023,TLBDSNJ,AW100,C_C0,MINW,NO,YES,41.5
FRA,2024,TLBDSNJ,AW100,C_C0,MINW,NO,YES,40.8
FRA,2025,TLBDSNJ,AW100,C_C0,MINW,NO,YES,41.6
DEU,2023,TLBDSNJ,AW100,C_C0,MINW,NO,YES,39.4
DEU,2024,TLBDSNJ,AW100,C_C0,MINW,NO,YES,39.3
DEU,2025,TLBDSNJ,AW100,C_C0,MINW,NO,YES,39.8
NLD,2023,TLBDSNJ,AW100,C_C0,MINW,NO,YES,38.5
NLD,2024,TLBDSNJ,AW100,C_C0,MINW,NO,YES,37.5
POL,2023,TLBDSNJ,AW100,C_C0,MINW,NO,YES,27.7
POL,2024,TLBDSNJ,AW100,C_C0,MINW,NO,YES,29.1
POL,2025,TLBDSNJ,AW100,C_C0,MINW,NO,YES,29.8
ESP,2023,TLBDSNJ,AW100,C_C0,MINW,NO,YES,22.2
ESP,2024,TLBDSNJ,AW100,C_C0,MINW,NO,YES,22.4
ESP,2025,TLBDSNJ,AW100,C_C0,MINW,NO,YES,23.3
GBR,2023,TLBDSNJ,AW100,C_C0,MINW,NO,YES,24.3
GBR,2024,TLBDSNJ,AW100,C_C0,MINW,NO,YES,22.1
GBR,2025,TLBDSNJ,AW100,C_C0,MINW,NO,YES,23
USA,2023,TLBDSNJ,AW100,C_C0,MINW,NO,YES,27.4
USA,2024,TLBDSNJ,AW100,C_C0,MINW,NO,YES,27.7
USA,2025,TLBDSNJ,AW100,C_C0,MINW,NO,YES,27.5
OECD,2023,TLBDSNJ,AW100,C_C0,MINW,NO,YES,29.8
OECD,2024,TLBDSNJ,AW100,C_C0,MINW,NO,YES,30.1
OECD,2025,TLBDSNJ,AW100,C_C0,MINW,NO,YES,29.7
BEL,2023,TLBDSNJ,AW100,C_C0,MINW,NO,NO,44.1
BEL,2024,TLBDSNJ,AW100,C_C0,MINW,NO,NO,43.5
BEL,2025,TLBDSNJ,AW100,C_C0,MINW,NO,NO,43.5
FRA,2023,TLBDSNJ,AW100,C_C0,MINW,NO,NO,41.5
FRA,2024,TLBDSNJ,AW100,C_C0,MINW,NO,NO,40.8
FRA,2025,TLBDSNJ,AW100,C_C0,MINW,NO,NO,41.6
DEU,2023,TLBDSNJ,AW100,C_C0,MINW,NO,NO,39.4
DEU,2024,TLBDSNJ,AW100,C_C0,MINW,NO,NO,39.3
DEU,2025,TLBDSNJ,AW100,C_C0,MINW,NO,NO,39.8
NLD,2023,TLBDSNJ,AW100,C_C0,MINW,NO,NO,38.5
NLD,2024,TLBDSNJ,AW100,C_C0,MINW,NO,NO,37.5
POL,2023,TLBDSNJ,AW100,C_C0,MINW,NO,NO,27.7
POL,2024,TLBDSNJ,AW100,C_C0,MINW,NO,NO,29.1
POL,2025,TLBDSNJ,AW100,C_C0,MINW,NO,NO,29.8
ESP,2023,TLBDSNJ,AW100,C_C0,MINW,NO,NO,22.2
ESP,2024,TLBDSNJ,AW100,C_C0,MINW,NO,NO,22.4
ESP,2025,TLBDSNJ,AW100,C_C0,MINW,NO,NO,23.3
GBR,2023,TLBDSNJ,AW100,C_C0,MINW,NO,NO,24.3
GBR,2024,TLBDSNJ,AW100,C_C0,MINW,NO,NO,22.1
GBR,2025,TLBDSNJ,AW100,C_C0,MINW,NO,NO,23
USA,2023,TLBDSNJ,AW100,C_C0,MINW,NO,NO,27.4
USA,2024,TLBDSNJ,AW100,C_C0,MINW,NO,NO,27.7
USA,2025,TLBDSNJ,AW100,C_C0,MINW,NO,NO,27.5
OECD,2023,TLBDSNJ,AW100,C_C0,MINW,NO,NO,29.8
OECD,2024,TLBDSNJ,AW100,C_C0,MINW,NO,NO,30.1
OECD,2025,TLBDSNJ,AW100,C_C0,MINW,NO,NO,29.7
BEL,2023,TLBDSNJ,MINW,C_C0,MINW,YES,NO,19.2
BEL,2024,TLBDSNJ,MINW,C_C0,MINW,YES,NO,17.2
BEL,2025,TLBDSNJ,MINW,C_C0,MINW,YES,NO,16.1
FRA,2023,TLBDSNJ,MINW,C_C0,MINW,YES,NO,41.8
FRA,2024,TLBDSNJ,MINW,C_C0,MINW,YES,NO,41.9
FRA,2025,TLBDSNJ,MINW,C_C0,MINW,YES,NO,41.6
DEU,2023,TLBDSNJ,MINW,C_C0,MINW,YES,NO,44.3
DEU,2024,TLBDSNJ,MINW,C_C0,MINW,YES,NO,46.1
DEU,2025,TLBDSNJ,MINW,C_C0,MINW,YES,NO,44
NLD,2023,TLBDSNJ,MINW,C_C0,MINW,YES,NO,38.1
NLD,2024,TLBDSNJ,MINW,C_C0,MINW,YES,NO,35.2
POL,2023,TLBDSNJ,MINW,C_C0,MINW,YES,NO,41.9
POL,2024,TLBDSNJ,MINW,C_C0,MINW,YES,NO,42.8
POL,2025,TLBDSNJ,MINW,C_C0,MINW,YES,NO,43.9
ESP,2023,TLBDSNJ,MINW,C_C0,MINW,YES,NO,24.3
ESP,2024,TLBDSNJ,MINW,C_C0,MINW,YES,NO,23.1
ESP,2025,TLBDSNJ,MINW,C_C0,MINW,YES,NO,22.1
GBR,2023,TLBDSNJ,MINW,C_C0,MINW,YES,NO,40.9
GBR,2024,TLBDSNJ,MINW,C_C0,MINW,YES,NO,40.6
GBR,2025,TLBDSNJ,MINW,C_C0,MINW,YES,NO,39.9
USA,2023,TLBDSNJ,MINW,C_C0,MINW,YES,NO,39.9
USA,2024,TLBDSNJ,MINW,C_C0,MINW,YES,NO,41.1
USA,2025,TLBDSNJ,MINW,C_C0,MINW,YES,NO,40.8
OECD,2023,TLBDSNJ,MINW,C_C0,MINW,YES,NO,34.9
OECD,2024,TLBDSNJ,MINW,C_C0,MINW,YES,NO,34.9
OECD,2025,TLBDSNJ,MINW,C_C0,MINW,YES,NO,33.3
BEL,2023,TLBDSNJ,MINW,C_C0,MINW,YES,YES,19.2
BEL,2024,TLBDSNJ,MINW,C_C0,MINW,YES,YES,17.2
BEL,2025,TLBDSNJ,MINW,C_C0,MINW,YES,YES,16.1
FRA,2023,TLBDSNJ,MINW,C_C0,MINW,YES,YES,41.8
FRA,2024,TLBDSNJ,MINW,C_C0,MINW,YES,YES,41.9
FRA,2025,TLBDSNJ,MINW,C_C0,MINW,YES,YES,41.6
DEU,2023,TLBDSNJ,MINW,C_C0,MINW,YES,YES,44.3
DEU,2024,TLBDSNJ,MINW,C_C0,MINW,YES,YES,46.1
DEU,2025,TLBDSNJ,MINW,C_C0,MINW,YES,YES,44
NLD,2023,TLBDSNJ,MINW,C_C0,MINW,YES,YES,38.1
NLD,2024,TLBDSNJ,MINW,C_C0,MINW,YES,YES,35.2
POL,2023,TLBDSNJ,MINW,C_C0,MINW,YES,YES,41.9
POL,2024,TLBDSNJ,MINW,C_C0,MINW,YES,YES,42.8
POL,2025,TLBDSNJ,MINW,C_C0,MINW,YES,YES,43.9
ESP,2023,TLBDSNJ,MINW,C_C0,MINW,YES,YES,24.3
ESP,2024,TLBDSNJ,MINW,C_C0,MINW,YES,YES,23.1
ESP,2025,TLBDSNJ,MINW,C_C0,MINW,YES,YES,22.1
GBR,2023,TLBDSNJ,MINW,C_C0,MINW,YES,YES,40.9
GBR,2024,TLBDSNJ,MINW,C_C0,MINW,YES,YES,40.6
GBR,2025,TLBDSNJ,MINW,C_C0,MINW,YES,YES,39.9
USA,2023,TLBDSNJ,MINW,C_C0,MINW,YES,YES,39.9
USA,2024,TLBDSNJ,MINW,C_C0,MINW,YES,YES,41.1
USA,2025,TLBDSNJ,MINW,C_C0,MINW,YES,YES,40.8
OECD,2023,TLBDSNJ,MINW,C_C0,MINW,YES,YES,32.3
OECD,2024,TLBDSNJ,MINW,C_C0,MINW,YES,YES,32.4
OECD,2025,TLBDSNJ,MINW,C_C0,MINW,YES,YES,30.8
BEL,2023,TLBDSNJ,MINW,C_C0,MINW,NO,YES,19.2
BEL,2024,TLBDSNJ,MINW,C_C0,MINW,NO,YES,17.2
BEL,2025,TLBDSNJ,MINW,C_C0,MINW,NO,YES,16.1
FRA,2023,TLBDSNJ,MINW,C_C0,MINW,NO,YES,41.8
FRA,2024,TLBDSNJ,MINW,C_C0,MINW,NO,YES,41.9
FRA,2025,TLBDSNJ,MINW,C_C0,MINW,NO,YES,41.7
DEU,2023,TLBDSNJ,MINW,C_C0,MINW,NO,YES,34.2
DEU,2024,TLBDSNJ,MINW,C_C0,MINW,NO,YES,33.8
DEU,2025,TLBDSNJ,MINW,C_C0,MINW,NO,YES,34
NLD,2023,TLBDSNJ,MINW,C_C0,MINW,NO,YES,21.2
NLD,2024,TLBDSNJ,MINW,C_C0,MINW,NO,YES,17.7
POL,2023,TLBDSNJ,MINW,C_C0,MINW,NO,YES,23.3
POL,2024,TLBDSNJ,MINW,C_C0,MINW,NO,YES,26.6
POL,2025,TLBDSNJ,MINW,C_C0,MINW,NO,YES,28
ESP,2023,TLBDSNJ,MINW,C_C0,MINW,NO,YES,6.9
ESP,2024,TLBDSNJ,MINW,C_C0,MINW,NO,YES,6.5
ESP,2025,TLBDSNJ,MINW,C_C0,MINW,NO,YES,9.6
GBR,2023,TLBDSNJ,MINW,C_C0,MINW,NO,YES,14.6
GBR,2024,TLBDSNJ,MINW,C_C0,MINW,NO,YES,14.3
GBR,2025,TLBDSNJ,MINW,C_C0,MINW,NO,YES,15.1
USA,2023,TLBDSNJ,MINW,C_C0,MINW,NO,YES,30.9
USA,2024,TLBDSNJ,MINW,C_C0,MINW,NO,YES,31.7
USA,2025,TLBDSNJ,MINW,C_C0,MINW,NO,YES,31.1
OECD,2023,TLBDSNJ,MINW,C_C0,MINW,NO,YES,21.9
OECD,2024,TLBDSNJ,MINW,C_C0,MINW,NO,YES,22.6
OECD,2025,TLBDSNJ,MINW,C_C0,MINW,NO,YES,23
BEL,2023,TLBDSNJ,MINW,C_C0,MINW,NO,NO,19.2
BEL,2024,TLBDSNJ,MINW,C_C0,MINW,NO,NO,17.2
BEL,2025,TLBDSNJ,MINW,C_C0,MINW,NO,NO,16.1
FRA,2023,TLBDSNJ,MINW,C_C0,MINW,NO,NO,41.8
FRA,2024,TLBDSNJ,MINW,C_C0,MINW,NO,NO,41.9
FRA,2025,TLBDSNJ,MINW,C_C0,MINW,NO,NO,41.7
DEU,2023,TLBDSNJ,MINW,C_C0,MINW,NO,NO,34.2
DEU,2024,TLBDSNJ,MINW,C_C0,MINW,NO,NO,33.8
DEU,2025,TLBDSNJ,MINW,C_C0,MINW,NO,NO,34
NLD,2023,TLBDSNJ,MINW,C_C0,MINW,NO,NO,21.2
NLD,2024,TLBDSNJ,MINW,C_C0,MINW,NO,NO,17.7
POL,2023,TLBDSNJ,MINW,C_C0,MINW,NO,NO,23.3
POL,2024,TLBDSNJ,MINW,C_C0,MINW,NO,NO,26.6
POL,2025,TLBDSNJ,MINW,C_C0,MINW,NO,NO,28
ESP,2023,TLBDSNJ,MINW,C_C0,MINW,NO,NO,6.9
ESP,2024,TLBDSNJ,MINW,C_C0,MINW,NO,NO,6.5
ESP,2025,TLBDSNJ,MINW,C_C0,MINW,NO,NO,9.6
GBR,2023,TLBDSNJ,MINW,C_C0,MINW,NO,NO,14.6
GBR,2024,TLBDSNJ,MINW,C_C0,MINW,NO,NO,14.3
GBR,2025,TLBDSNJ,MINW,C_C0,MINW,NO,NO,15.1
USA,2023,TLBDSNJ,MINW,C_C0,MINW,NO,NO,30.9
USA,2024,TLBDSNJ,MINW,C_C0,MINW,NO,NO,31.7
USA,2025,TLBDSNJ,MINW,C_C0,MINW,NO,NO,31.1
OECD,2023,TLBDSNJ,MINW,C_C0,MINW,NO,NO,22.2
OECD,2024,TLBDSNJ,MINW,C_C0,MINW,NO,NO,22.8
OECD,2025,TLBDSNJ,MINW,C_C0,MINW,NO,NO,23.2
BEL,2023,TLBDSNJ,AW67,C_C0,MINW,NO,YES,36.9
BEL,2024,TLBDSNJ,AW67,C_C0,MINW,NO,YES,36.2
BEL,2025,TLBDSNJ,AW67,C_C0,MINW,NO,YES,36.6
FRA,2023,TLBDSNJ,AW67,C_C0,MINW,NO,YES,45.9
FRA,2024,TLBDSNJ,AW67,C_C0,MINW,NO,YES,44.9
FRA,2025,TLBDSNJ,AW67,C_C0,MINW,NO,YES,46
DEU,2023,TLBDSNJ,AW67,C_C0,MINW,NO,YES,37.2
DEU,2024,TLBDSNJ,AW67,C_C0,MINW,NO,YES,37
DEU,2025,TLBDSNJ,AW67,C_C0,MINW,NO,YES,37.4
NLD,2023,TLBDSNJ,AW67,C_C0,MINW,NO,YES,31
NLD,2024,TLBDSNJ,AW67,C_C0,MINW,NO,YES,29.3
POL,2023,TLBDSNJ,AW67,C_C0,MINW,NO,YES,25.6
POL,2024,TLBDSNJ,AW67,C_C0,MINW,NO,YES,27.7
POL,2025,TLBDSNJ,AW67,C_C0,MINW,NO,YES,28.8
ESP,2023,TLBDSNJ,AW67,C_C0,MINW,NO,YES,16.8
ESP,2024,TLBDSNJ,AW67,C_C0,MINW,NO,YES,17.9
ESP,2025,TLBDSNJ,AW67,C_C0,MINW,NO,YES,19.2
GBR,2023,TLBDSNJ,AW67,C_C0,MINW,NO,YES,20.6
GBR,2024,TLBDSNJ,AW67,C_C0,MINW,NO,YES,18.6
GBR,2025,TLBDSNJ,AW67,C_C0,MINW,NO,YES,19
USA,2023,TLBDSNJ,AW67,C_C0,MINW,NO,YES,28
USA,2024,TLBDSNJ,AW67,C_C0,MINW,NO,YES,28.4
USA,2025,TLBDSNJ,AW67,C_C0,MINW,NO,YES,28.1
OECD,2023,TLBDSNJ,AW67,C_C0,MINW,NO,YES,26.6
OECD,2024,TLBDSNJ,AW67,C_C0,MINW,NO,YES,27.1
OECD,2025,TLBDSNJ,AW67,C_C0,MINW,NO,YES,27
BEL,2023,TLBDSNJ,AW67,C_C0,MINW,NO,NO,36.9
BEL,2024,TLBDSNJ,AW67,C_C0,MINW,NO,NO,36.2
BEL,2025,TLBDSNJ,AW67,C_C0,MINW,NO,NO,36.6
FRA,2023,TLBDSNJ,AW67,C_C0,MINW,NO,NO,45.9
FRA,2024,TLBDSNJ,AW67,C_C0,MINW,NO,NO,44.9
FRA,2025,TLBDSNJ,AW67,C_C0,MINW,NO,NO,46
DEU,2023,TLBDSNJ,AW67,C_C0,MINW,NO,NO,37.2
DEU,2024,TLBDSNJ,AW67,C_C0,MINW,NO,NO,37
DEU,2025,TLBDSNJ,AW67,C_C0,MINW,NO,NO,37.4
NLD,2023,TLBDSNJ,AW67,C_C0,MINW,NO,NO,31
NLD,2024,TLBDSNJ,AW67,C_C0,MINW,NO,NO,29.3
POL,2023,TLBDSNJ,AW67,C_C0,MINW,NO,NO,25.6
POL,2024,TLBDSNJ,AW67,C_C0,MINW,NO,NO,27.7
POL,2025,TLBDSNJ,AW67,C_C0,MINW,NO,NO,28.8
ESP,2023,TLBDSNJ,AW67,C_C0,MINW,NO,NO,16.8
ESP,2024,TLBDSNJ,AW67,C_C0,MINW,NO,NO,17.9
ESP,2025,TLBDSNJ,AW67,C_C0,MINW,NO,NO,19.2
GBR,2023,TLBDSNJ,AW67,C_C0,MINW,NO,NO,20.6
GBR,2024,TLBDSNJ,AW67,C_C0,MINW,NO,NO,18.6
GBR,2025,TLBDSNJ,AW67,C_C0,MINW,NO,NO,19
USA,2023,TLBDSNJ,AW67,C_C0,MINW,NO,NO,28
USA,2024,TLBDSNJ,AW67,C_C0,MINW,NO,NO,28.4
USA,2025,TLBDSNJ,AW67,C_C0,MINW,NO,NO,28.1
OECD,2023,TLBDSNJ,AW67,C_C0,MINW,NO,NO,26.7
OECD,2024,TLBDSNJ,AW67,C_C0,MINW,NO,NO,27.2
OECD,2025,TLBDSNJ,AW67,C_C0,MINW,NO,NO,27.1
BEL,2023,TLBDSNJ,AW67,C_C0,MINW,YES,NO,36.9
BEL,2024,TLBDSNJ,AW67,C_C0,MINW,YES,NO,36.2
BEL,2025,TLBDSNJ,AW67,C_C0,MINW,YES,NO,36.6
FRA,2023,TLBDSNJ,AW67,C_C0,MINW,YES,NO,45.8
FRA,2024,TLBDSNJ,AW67,C_C0,MINW,YES,NO,44.9
FRA,2025,TLBDSNJ,AW67,C_C0,MINW,YES,NO,46
DEU,2023,TLBDSNJ,AW67,C_C0,MINW,YES,NO,43.4
DEU,2024,TLBDSNJ,AW67,C_C0,MINW,YES,NO,44.5
DEU,2025,TLBDSNJ,AW67,C_C0,MINW,YES,NO,43.4
NLD,2023,TLBDSNJ,AW67,C_C0,MINW,YES,NO,41.2
NLD,2024,TLBDSNJ,AW67,C_C0,MINW,YES,NO,39.8
POL,2023,TLBDSNJ,AW67,C_C0,MINW,YES,NO,39.2
POL,2024,TLBDSNJ,AW67,C_C0,MINW,YES,NO,40.5
POL,2025,TLBDSNJ,AW67,C_C0,MINW,YES,NO,41.4
ESP,2023,TLBDSNJ,AW67,C_C0,MINW,YES,NO,29.7
ESP,2024,TLBDSNJ,AW67,C_C0,MINW,YES,NO,30.4
ESP,2025,TLBDSNJ,AW67,C_C0,MINW,YES,NO,28.6
GBR,2023,TLBDSNJ,AW67,C_C0,MINW,YES,NO,37.8
GBR,2024,TLBDSNJ,AW67,C_C0,MINW,YES,NO,36.6
GBR,2025,TLBDSNJ,AW67,C_C0,MINW,YES,NO,36.3
USA,2023,TLBDSNJ,AW67,C_C0,MINW,YES,NO,32.2
USA,2024,TLBDSNJ,AW67,C_C0,MINW,YES,NO,32.6
USA,2025,TLBDSNJ,AW67,C_C0,MINW,YES,NO,32.4
OECD,2023,TLBDSNJ,AW67,C_C0,MINW,YES,NO,34.9
OECD,2024,TLBDSNJ,AW67,C_C0,MINW,YES,NO,35.1
OECD,2025,TLBDSNJ,AW67,C_C0,MINW,YES,NO,33.9
BEL,2023,TLBDSNJ,AW67,C_C0,MINW,YES,YES,36.9
BEL,2024,TLBDSNJ,AW67,C_C0,MINW,YES,YES,36.2
BEL,2025,TLBDSNJ,AW67,C_C0,MINW,YES,YES,36.6
FRA,2023,TLBDSNJ,AW67,C_C0,MINW,YES,YES,45.8
FRA,2024,TLBDSNJ,AW67,C_C0,MINW,YES,YES,44.9
FRA,2025,TLBDSNJ,AW67,C_C0,MINW,YES,YES,46
DEU,2023,TLBDSNJ,AW67,C_C0,MINW,YES,YES,43.4
DEU,2024,TLBDSNJ,AW67,C_C0,MINW,YES,YES,44.5
DEU,2025,TLBDSNJ,AW67,C_C0,MINW,YES,YES,43.4
NLD,2023,TLBDSNJ,AW67,C_C0,MINW,YES,YES,41.2
NLD,2024,TLBDSNJ,AW67,C_C0,MINW,YES,YES,39.8
POL,2023,TLBDSNJ,AW67,C_C0,MINW,YES,YES,39.2
POL,2024,TLBDSNJ,AW67,C_C0,MINW,YES,YES,40.5
POL,2025,TLBDSNJ,AW67,C_C0,MINW,YES,YES,41.4
ESP,2023,TLBDSNJ,AW67,C_C0,MINW,YES,YES,29.7
ESP,2024,TLBDSNJ,AW67,C_C0,MINW,YES,YES,30.4
ESP,2025,TLBDSNJ,AW67,C_C0,MINW,YES,YES,28.6
GBR,2023,TLBDSNJ,AW67,C_C0,MINW,YES,YES,37.8
GBR,2024,TLBDSNJ,AW67,C_C0,MINW,YES,YES,36.6
GBR,2025,TLBDSNJ,AW67,C_C0,MINW,YES,YES,36.3
USA,2023,TLBDSNJ,AW67,C_C0,MINW,YES,YES,32.2
USA,2024,TLBDSNJ,AW67,C_C0,MINW,YES,YES,32.6
USA,2025,TLBDSNJ,AW67,C_C0,MINW,YES,YES,32.4
OECD,2023,TLBDSNJ,AW67,C_C0,MINW,YES,YES,34.2
OECD,2024,TLBDSNJ,AW67,C_C0,MINW,YES,YES,34.1
OECD,2025,TLBDSNJ,AW67,C_C0,MINW,YES,YES,32.6
BEL,2023,TLBDSNJ,MINW,C_C2,MINW,YES,YES,20.9
BEL,2024,TLBDSNJ,MINW,C_C2,MINW,YES,YES,18.9
BEL,2025,TLBDSNJ,MINW,C_C2,MINW,YES,YES,17.8
FRA,2023,TLBDSNJ,MINW,C_C2,MINW,YES,YES,49.8
FRA,2024,TLBDSNJ,MINW,C_C2,MINW,YES,YES,50.5
FRA,2025,TLBDSNJ,MINW,C_C2,MINW,YES,YES,50.3
DEU,2023,TLBDSNJ,MINW,C_C2,MINW,YES,YES,68.5
DEU,2024,TLBDSNJ,MINW,C_C2,MINW,YES,YES,64.8
DEU,2025,TLBDSNJ,MINW,C_C2,MINW,YES,YES,65.7
NLD,2023,TLBDSNJ,MINW,C_C2,MINW,YES,YES,29.8
NLD,2024,TLBDSNJ,MINW,C_C2,MINW,YES,YES,29.6
POL,2023,TLBDSNJ,MINW,C_C2,MINW,YES,YES,44.3
POL,2024,TLBDSNJ,MINW,C_C2,MINW,YES,YES,42.2
POL,2025,TLBDSNJ,MINW,C_C2,MINW,YES,YES,43.6
ESP,2023,TLBDSNJ,MINW,C_C2,MINW,YES,YES,26.5
ESP,2024,TLBDSNJ,MINW,C_C2,MINW,YES,YES,25.8
ESP,2025,TLBDSNJ,MINW,C_C2,MINW,YES,YES,23.8
GBR,2023,TLBDSNJ,MINW,C_C2,MINW,YES,YES,61.6
GBR,2024,TLBDSNJ,MINW,C_C2,MINW,YES,YES,61.4
GBR,2025,TLBDSNJ,MINW,C_C2,MINW,YES,YES,61.8
USA,2023,TLBDSNJ,MINW,C_C2,MINW,YES,YES,71.7
USA,2024,TLBDSNJ,MINW,C_C2,MINW,YES,YES,75.4
USA,2025,TLBDSNJ,MINW,C_C2,MINW,YES,YES,74.8
OECD,2023,TLBDSNJ,MINW,C_C2,MINW,YES,YES,40.6
OECD,2024,TLBDSNJ,MINW,C_C2,MINW,YES,YES,40.6
OECD,2025,TLBDSNJ,MINW,C_C2,MINW,YES,YES,40.4
BEL,2023,TLBDSNJ,MINW,C_C2,MINW,YES,NO,20.9
BEL,2024,TLBDSNJ,MINW,C_C2,MINW,YES,NO,18.9
BEL,2025,TLBDSNJ,MINW,C_C2,MINW,YES,NO,17.8
FRA,2023,TLBDSNJ,MINW,C_C2,MINW,YES,NO,49.8
FRA,2024,TLBDSNJ,MINW,C_C2,MINW,YES,NO,50.5
FRA,2025,TLBDSNJ,MINW,C_C2,MINW,YES,NO,50.3
DEU,2023,TLBDSNJ,MINW,C_C2,MINW,YES,NO,68.5
DEU,2024,TLBDSNJ,MINW,C_C2,MINW,YES,NO,64.8
DEU,2025,TLBDSNJ,MINW,C_C2,MINW,YES,NO,65.7
NLD,2023,TLBDSNJ,MINW,C_C2,MINW,YES,NO,29.8
NLD,2024,TLBDSNJ,MINW,C_C2,MINW,YES,NO,29.6
POL,2023,TLBDSNJ,MINW,C_C2,MINW,YES,NO,44.3
POL,2024,TLBDSNJ,MINW,C_C2,MINW,YES,NO,42.2
POL,2025,TLBDSNJ,MINW,C_C2,MINW,YES,NO,43.6
ESP,2023,TLBDSNJ,MINW,C_C2,MINW,YES,NO,26.5
ESP,2024,TLBDSNJ,MINW,C_C2,MINW,YES,NO,25.8
ESP,2025,TLBDSNJ,MINW,C_C2,MINW,YES,NO,23.8
GBR,2023,TLBDSNJ,MINW,C_C2,MINW,YES,NO,61.6
GBR,2024,TLBDSNJ,MINW,C_C2,MINW,YES,NO,61.4
GBR,2025,TLBDSNJ,MINW,C_C2,MINW,YES,NO,61.8
USA,2023,TLBDSNJ,MINW,C_C2,MINW,YES,NO,71.7
USA,2024,TLBDSNJ,MINW,C_C2,MINW,YES,NO,75.4
USA,2025,TLBDSNJ,MINW,C_C2,MINW,YES,NO,74.8
OECD,2023,TLBDSNJ,MINW,C_C2,MINW,YES,NO,43.2
OECD,2024,TLBDSNJ,MINW,C_C2,MINW,YES,NO,43.1
OECD,2025,TLBDSNJ,MINW,C_C2,MINW,YES,NO,43
BEL,2023,TLBDSNJ,MINW,C_C2,MINW,NO,YES,20.9
BEL,2024,TLBDSNJ,MINW,C_C2,MINW,NO,YES,18.9
BEL,2025,TLBDSNJ,MINW,C_C2,MINW,NO,YES,17.8
FRA,2023,TLBDSNJ,MINW,C_C2,MINW,NO,YES,43.7
FRA,2024,TLBDSNJ,MINW,C_C2,MINW,NO,YES,43.8
FRA,2025,TLBDSNJ,MINW,C_C2,MINW,NO,YES,43.6
DEU,2023,TLBDSNJ,MINW,C_C2,MINW,NO,YES,46.4
DEU,2024,TLBDSNJ,MINW,C_C2,MINW,NO,YES,42.6
DEU,2025,TLBDSNJ,MINW,C_C2,MINW,NO,YES,44.2
NLD,2023,TLBDSNJ,MINW,C_C2,MINW,NO,YES,17.1
NLD,2024,TLBDSNJ,MINW,C_C2,MINW,NO,YES,17.4
POL,2023,TLBDSNJ,MINW,C_C2,MINW,NO,YES,29.5
POL,2024,TLBDSNJ,MINW,C_C2,MINW,NO,YES,26.6
POL,2025,TLBDSNJ,MINW,C_C2,MINW,NO,YES,28
ESP,2023,TLBDSNJ,MINW,C_C2,MINW,NO,YES,6.5
ESP,2024,TLBDSNJ,MINW,C_C2,MINW,NO,YES,6.5
ESP,2025,TLBDSNJ,MINW,C_C2,MINW,NO,YES,6.5
GBR,2023,TLBDSNJ,MINW,C_C2,MINW,NO,YES,42.5
GBR,2024,TLBDSNJ,MINW,C_C2,MINW,NO,YES,44.8
GBR,2025,TLBDSNJ,MINW,C_C2,MINW,NO,YES,42.5
USA,2023,TLBDSNJ,MINW,C_C2,MINW,NO,YES,62.6
USA,2024,TLBDSNJ,MINW,C_C2,MINW,NO,YES,65.9
USA,2025,TLBDSNJ,MINW,C_C2,MINW,NO,YES,65
OECD,2023,TLBDSNJ,MINW,C_C2,MINW,NO,YES,32.1
OECD,2024,TLBDSNJ,MINW,C_C2,MINW,NO,YES,32.8
OECD,2025,TLBDSNJ,MINW,C_C2,MINW,NO,YES,33.3
BEL,2023,TLBDSNJ,MINW,C_C2,MINW,NO,NO,20.9
BEL,2024,TLBDSNJ,MINW,C_C2,MINW,NO,NO,18.9
BEL,2025,TLBDSNJ,MINW,C_C2,MINW,NO,NO,17.8
FRA,2023,TLBDSNJ,MINW,C_C2,MINW,NO,NO,43.7
FRA,2024,TLBDSNJ,MINW,C_C2,MINW,NO,NO,43.8
FRA,2025,TLBDSNJ,MINW,C_C2,MINW,NO,NO,43.6
DEU,2023,TLBDSNJ,MINW,C_C2,MINW,NO,NO,46.4
DEU,2024,TLBDSNJ,MINW,C_C2,MINW,NO,NO,42.6
DEU,2025,TLBDSNJ,MINW,C_C2,MINW,NO,NO,44.2
NLD,2023,TLBDSNJ,MINW,C_C2,MINW,NO,NO,17.1
NLD,2024,TLBDSNJ,MINW,C_C2,MINW,NO,NO,17.4
POL,2023,TLBDSNJ,MINW,C_C2,MINW,NO,NO,29.5
POL,2024,TLBDSNJ,MINW,C_C2,MINW,NO,NO,26.6
POL,2025,TLBDSNJ,MINW,C_C2,MINW,NO,NO,28
ESP,2023,TLBDSNJ,MINW,C_C2,MINW,NO,NO,6.5
ESP,2024,TLBDSNJ,MINW,C_C2,MINW,NO,NO,6.5
ESP,2025,TLBDSNJ,MINW,C_C2,MINW,NO,NO,6.5
GBR,2023,TLBDSNJ,MINW,C_C2,MINW,NO,NO,42.5
GBR,2024,TLBDSNJ,MINW,C_C2,MINW,NO,NO,44.8
GBR,2025,TLBDSNJ,MINW,C_C2,MINW,NO,NO,42.5
USA,2023,TLBDSNJ,MINW,C_C2,MINW,NO,NO,62.6
USA,2024,TLBDSNJ,MINW,C_C2,MINW,NO,NO,65.9
USA,2025,TLBDSNJ,MINW,C_C2,MINW,NO,NO,65
OECD,2023,TLBDSNJ,MINW,C_C2,MINW,NO,NO,33.2
OECD,2024,TLBDSNJ,MINW,C_C2,MINW,NO,NO,33.9
OECD,2025,TLBDSNJ,MINW,C_C2,MINW,NO,NO,34.7
BEL,2023,TLBDSNJ,AW100,C_C2,MINW,NO,NO,46
BEL,2024,TLBDSNJ,AW100,C_C2,MINW,NO,NO,45.4
BEL,2025,TLBDSNJ,AW100,C_C2,MINW,NO,NO,45.4
FRA,2023,TLBDSNJ,AW100,C_C2,MINW,NO,NO,44.3
FRA,2024,TLBDSNJ,AW100,C_C2,MINW,NO,NO,43.5
FRA,2025,TLBDSNJ,AW100,C_C2,MINW,NO,NO,44.4
DEU,2023,TLBDSNJ,AW100,C_C2,MINW,NO,NO,49.4
DEU,2024,TLBDSNJ,AW100,C_C2,MINW,NO,NO,50.3
DEU,2025,TLBDSNJ,AW100,C_C2,MINW,NO,NO,50.5
NLD,2023,TLBDSNJ,AW100,C_C2,MINW,NO,NO,40.5
NLD,2024,TLBDSNJ,AW100,C_C2,MINW,NO,NO,41
POL,2023,TLBDSNJ,AW100,C_C2,MINW,NO,NO,30.7
POL,2024,TLBDSNJ,AW100,C_C2,MINW,NO,NO,29.1
POL,2025,TLBDSNJ,AW100,C_C2,MINW,NO,NO,29.8
ESP,2023,TLBDSNJ,AW100,C_C2,MINW,NO,NO,20.5
ESP,2024,TLBDSNJ,AW100,C_C2,MINW,NO,NO,21
ESP,2025,TLBDSNJ,AW100,C_C2,MINW,NO,NO,21.3
GBR,2023,TLBDSNJ,AW100,C_C2,MINW,NO,NO,36.6
GBR,2024,TLBDSNJ,AW100,C_C2,MINW,NO,NO,36.1
GBR,2025,TLBDSNJ,AW100,C_C2,MINW,NO,NO,35.8
USA,2023,TLBDSNJ,AW100,C_C2,MINW,NO,NO,43
USA,2024,TLBDSNJ,AW100,C_C2,MINW,NO,NO,45.7
USA,2025,TLBDSNJ,AW100,C_C2,MINW,NO,NO,45.4
OECD,2023,TLBDSNJ,AW100,C_C2,MINW,NO,NO,36.2
OECD,2024,TLBDSNJ,AW100,C_C2,MINW,NO,NO,36.7
OECD,2025,TLBDSNJ,AW100,C_C2,MINW,NO,NO,36.3
BEL,2023,TLBDSNJ,AW100,C_C2,MINW,NO,YES,46
BEL,2024,TLBDSNJ,AW100,C_C2,MINW,NO,YES,45.4
BEL,2025,TLBDSNJ,AW100,C_C2,MINW,NO,YES,45.4
FRA,2023,TLBDSNJ,AW100,C_C2,MINW,NO,YES,44.3
FRA,2024,TLBDSNJ,AW100,C_C2,MINW,NO,YES,43.5
FRA,2025,TLBDSNJ,AW100,C_C2,MINW,NO,YES,44.4
DEU,2023,TLBDSNJ,AW100,C_C2,MINW,NO,YES,49.4
DEU,2024,TLBDSNJ,AW100,C_C2,MINW,NO,YES,50.3
DEU,2025,TLBDSNJ,AW100,C_C2,MINW,NO,YES,50.5
NLD,2023,TLBDSNJ,AW100,C_C2,MINW,NO,YES,40.5
NLD,2024,TLBDSNJ,AW100,C_C2,MINW,NO,YES,41
POL,2023,TLBDSNJ,AW100,C_C2,MINW,NO,YES,30.7
POL,2024,TLBDSNJ,AW100,C_C2,MINW,NO,YES,29.1
POL,2025,TLBDSNJ,AW100,C_C2,MINW,NO,YES,29.8
ESP,2023,TLBDSNJ,AW100,C_C2,MINW,NO,YES,20.5
ESP,2024,TLBDSNJ,AW100,C_C2,MINW,NO,YES,21
ESP,2025,TLBDSNJ,AW100,C_C2,MINW,NO,YES,21.3
GBR,2023,TLBDSNJ,AW100,C_C2,MINW,NO,YES,36.6
GBR,2024,TLBDSNJ,AW100,C_C2,MINW,NO,YES,36.1
GBR,2025,TLBDSNJ,AW100,C_C2,MINW,NO,YES,35.8
USA,2023,TLBDSNJ,AW100,C_C2,MINW,NO,YES,43
USA,2024,TLBDSNJ,AW100,C_C2,MINW,NO,YES,45.7
USA,2025,TLBDSNJ,AW100,C_C2,MINW,NO,YES,45.4
OECD,2023,TLBDSNJ,AW100,C_C2,MINW,NO,YES,35.7
OECD,2024,TLBDSNJ,AW100,C_C2,MINW,NO,YES,36.2
OECD,2025,TLBDSNJ,AW100,C_C2,MINW,NO,YES,35.7
BEL,2023,TLBDSNJ,AW100,C_C2,MINW,YES,YES,46
BEL,2024,TLBDSNJ,AW100,C_C2,MINW,YES,YES,45.4
BEL,2025,TLBDSNJ,AW100,C_C2,MINW,YES,YES,45.4
FRA,2023,TLBDSNJ,AW100,C_C2,MINW,YES,YES,47.2
FRA,2024,TLBDSNJ,AW100,C_C2,MINW,YES,YES,46.6
FRA,2025,TLBDSNJ,AW100,C_C2,MINW,YES,YES,47.5
DEU,2023,TLBDSNJ,AW100,C_C2,MINW,YES,YES,63.5
DEU,2024,TLBDSNJ,AW100,C_C2,MINW,YES,YES,63.2
DEU,2025,TLBDSNJ,AW100,C_C2,MINW,YES,YES,63.5
NLD,2023,TLBDSNJ,AW100,C_C2,MINW,YES,YES,47.9
NLD,2024,TLBDSNJ,AW100,C_C2,MINW,YES,YES,48.7
POL,2023,TLBDSNJ,AW100,C_C2,MINW,YES,YES,40.7
POL,2024,TLBDSNJ,AW100,C_C2,MINW,YES,YES,39
POL,2025,TLBDSNJ,AW100,C_C2,MINW,YES,YES,39.7
ESP,2023,TLBDSNJ,AW100,C_C2,MINW,YES,YES,30.5
ESP,2024,TLBDSNJ,AW100,C_C2,MINW,YES,YES,30.7
ESP,2025,TLBDSNJ,AW100,C_C2,MINW,YES,YES,30.2
GBR,2023,TLBDSNJ,AW100,C_C2,MINW,YES,YES,53.6
GBR,2024,TLBDSNJ,AW100,C_C2,MINW,YES,YES,52.7
GBR,2025,TLBDSNJ,AW100,C_C2,MINW,YES,YES,52.5
USA,2023,TLBDSNJ,AW100,C_C2,MINW,YES,YES,45.8
USA,2024,TLBDSNJ,AW100,C_C2,MINW,YES,YES,48.6
USA,2025,TLBDSNJ,AW100,C_C2,MINW,YES,YES,48.3
OECD,2023,TLBDSNJ,AW100,C_C2,MINW,YES,YES,42.3
OECD,2024,TLBDSNJ,AW100,C_C2,MINW,YES,YES,41.3
OECD,2025,TLBDSNJ,AW100,C_C2,MINW,YES,YES,40.3
BEL,2023,TLBDSNJ,AW100,C_C2,MINW,YES,NO,46
BEL,2024,TLBDSNJ,AW100,C_C2,MINW,YES,NO,45.4
BEL,2025,TLBDSNJ,AW100,C_C2,MINW,YES,NO,45.4
FRA,2023,TLBDSNJ,AW100,C_C2,MINW,YES,NO,47.2
FRA,2024,TLBDSNJ,AW100,C_C2,MINW,YES,NO,46.6
FRA,2025,TLBDSNJ,AW100,C_C2,MINW,YES,NO,47.5
DEU,2023,TLBDSNJ,AW100,C_C2,MINW,YES,NO,63.5
DEU,2024,TLBDSNJ,AW100,C_C2,MINW,YES,NO,63.2
DEU,2025,TLBDSNJ,AW100,C_C2,MINW,YES,NO,63.5
NLD,2023,TLBDSNJ,AW100,C_C2,MINW,YES,NO,47.9
NLD,2024,TLBDSNJ,AW100,C_C2,MINW,YES,NO,48.7
POL,2023,TLBDSNJ,AW100,C_C2,MINW,YES,NO,40.7
POL,2024,TLBDSNJ,AW100,C_C2,MINW,YES,NO,39
POL,2025,TLBDSNJ,AW100,C_C2,MINW,YES,NO,39.7
ESP,2023,TLBDSNJ,AW100,C_C2,MINW,YES,NO,30.5
ESP,2024,TLBDSNJ,AW100,C_C2,MINW,YES,NO,30.7
ESP,2025,TLBDSNJ,AW100,C_C2,MINW,YES,NO,30.2
GBR,2023,TLBDSNJ,AW100,C_C2,MINW,YES,NO,53.6
GBR,2024,TLBDSNJ,AW100,C_C2,MINW,YES,NO,52.7
GBR,2025,TLBDSNJ,AW100,C_C2,MINW,YES,NO,52.5
USA,2023,TLBDSNJ,AW100,C_C2,MINW,YES,NO,45.8
USA,2024,TLBDSNJ,AW100,C_C2,MINW,YES,NO,48.6
USA,2025,TLBDSNJ,AW100,C_C2,MINW,YES,NO,48.3
OECD,2023,TLBDSNJ,AW100,C_C2,MINW,YES,NO,43.8
OECD,2024,TLBDSNJ,AW100,C_C2,MINW,YES,NO,43.1
OECD,2025,TLBDSNJ,AW100,C_C2,MINW,YES,NO,42.3
BEL,2023,TLBDSNJ,AW67,C_C2,MINW,NO,NO,39.8
BEL,2024,TLBDSNJ,AW67,C_C2,MINW,NO,NO,39
BEL,2025,TLBDSNJ,AW67,C_C2,MINW,NO,NO,39.5
FRA,2023,TLBDSNJ,AW67,C_C2,MINW,NO,NO,46.1
FRA,2024,TLBDSNJ,AW67,C_C2,MINW,NO,NO,46.1
FRA,2025,TLBDSNJ,AW67,C_C2,MINW,NO,NO,46
DEU,2023,TLBDSNJ,AW67,C_C2,MINW,NO,NO,52.2
DEU,2024,TLBDSNJ,AW67,C_C2,MINW,NO,NO,52.5
DEU,2025,TLBDSNJ,AW67,C_C2,MINW,NO,NO,53.6
NLD,2023,TLBDSNJ,AW67,C_C2,MINW,NO,NO,31
NLD,2024,TLBDSNJ,AW67,C_C2,MINW,NO,NO,31.6
POL,2023,TLBDSNJ,AW67,C_C2,MINW,NO,NO,30.2
POL,2024,TLBDSNJ,AW67,C_C2,MINW,NO,NO,27.7
POL,2025,TLBDSNJ,AW67,C_C2,MINW,NO,NO,28.8
ESP,2023,TLBDSNJ,AW67,C_C2,MINW,NO,NO,13.9
ESP,2024,TLBDSNJ,AW67,C_C2,MINW,NO,NO,15.3
ESP,2025,TLBDSNJ,AW67,C_C2,MINW,NO,NO,16.2
GBR,2023,TLBDSNJ,AW67,C_C2,MINW,NO,NO,38.9
GBR,2024,TLBDSNJ,AW67,C_C2,MINW,NO,NO,39.5
GBR,2025,TLBDSNJ,AW67,C_C2,MINW,NO,NO,38.1
USA,2023,TLBDSNJ,AW67,C_C2,MINW,NO,NO,51.3
USA,2024,TLBDSNJ,AW67,C_C2,MINW,NO,NO,55.3
USA,2025,TLBDSNJ,AW67,C_C2,MINW,NO,NO,54.8
OECD,2023,TLBDSNJ,AW67,C_C2,MINW,NO,NO,34.7
OECD,2024,TLBDSNJ,AW67,C_C2,MINW,NO,NO,35.6
OECD,2025,TLBDSNJ,AW67,C_C2,MINW,NO,NO,35.8
BEL,2023,TLBDSNJ,AW67,C_C2,MINW,NO,YES,39.8
BEL,2024,TLBDSNJ,AW67,C_C2,MINW,NO,YES,39
BEL,2025,TLBDSNJ,AW67,C_C2,MINW,NO,YES,39.5
FRA,2023,TLBDSNJ,AW67,C_C2,MINW,NO,YES,46.1
FRA,2024,TLBDSNJ,AW67,C_C2,MINW,NO,YES,46.1
FRA,2025,TLBDSNJ,AW67,C_C2,MINW,NO,YES,46
DEU,2023,TLBDSNJ,AW67,C_C2,MINW,NO,YES,52.2
DEU,2024,TLBDSNJ,AW67,C_C2,MINW,NO,YES,52.5
DEU,2025,TLBDSNJ,AW67,C_C2,MINW,NO,YES,53.6
NLD,2023,TLBDSNJ,AW67,C_C2,MINW,NO,YES,31
NLD,2024,TLBDSNJ,AW67,C_C2,MINW,NO,YES,31.6
POL,2023,TLBDSNJ,AW67,C_C2,MINW,NO,YES,30.2
POL,2024,TLBDSNJ,AW67,C_C2,MINW,NO,YES,27.7
POL,2025,TLBDSNJ,AW67,C_C2,MINW,NO,YES,28.8
ESP,2023,TLBDSNJ,AW67,C_C2,MINW,NO,YES,13.9
ESP,2024,TLBDSNJ,AW67,C_C2,MINW,NO,YES,15.3
ESP,2025,TLBDSNJ,AW67,C_C2,MINW,NO,YES,16.2
GBR,2023,TLBDSNJ,AW67,C_C2,MINW,NO,YES,38.9
GBR,2024,TLBDSNJ,AW67,C_C2,MINW,NO,YES,39.5
GBR,2025,TLBDSNJ,AW67,C_C2,MINW,NO,YES,38.1
USA,2023,TLBDSNJ,AW67,C_C2,MINW,NO,YES,51.3
USA,2024,TLBDSNJ,AW67,C_C2,MINW,NO,YES,55.3
USA,2025,TLBDSNJ,AW67,C_C2,MINW,NO,YES,54.8
OECD,2023,TLBDSNJ,AW67,C_C2,MINW,NO,YES,34
OECD,2024,TLBDSNJ,AW67,C_C2,MINW,NO,YES,34.9
OECD,2025,TLBDSNJ,AW67,C_C2,MINW,NO,YES,34.9
BEL,2023,TLBDSNJ,AW67,C_C2,MINW,YES,YES,39.8
BEL,2024,TLBDSNJ,AW67,C_C2,MINW,YES,YES,39
BEL,2025,TLBDSNJ,AW67,C_C2,MINW,YES,YES,39.5
FRA,2023,TLBDSNJ,AW67,C_C2,MINW,YES,YES,50.3
FRA,2024,TLBDSNJ,AW67,C_C2,MINW,YES,YES,50.9
FRA,2025,TLBDSNJ,AW67,C_C2,MINW,YES,YES,50.7
DEU,2023,TLBDSNJ,AW67,C_C2,MINW,YES,YES,73.2
DEU,2024,TLBDSNJ,AW67,C_C2,MINW,YES,YES,71.9
DEU,2025,TLBDSNJ,AW67,C_C2,MINW,YES,YES,73
NLD,2023,TLBDSNJ,AW67,C_C2,MINW,YES,YES,42.1
NLD,2024,TLBDSNJ,AW67,C_C2,MINW,YES,YES,42.9
POL,2023,TLBDSNJ,AW67,C_C2,MINW,YES,YES,45.1
POL,2024,TLBDSNJ,AW67,C_C2,MINW,YES,YES,42.5
POL,2025,TLBDSNJ,AW67,C_C2,MINW,YES,YES,43.5
ESP,2023,TLBDSNJ,AW67,C_C2,MINW,YES,YES,28.9
ESP,2024,TLBDSNJ,AW67,C_C2,MINW,YES,YES,29.9
ESP,2025,TLBDSNJ,AW67,C_C2,MINW,YES,YES,29.4
GBR,2023,TLBDSNJ,AW67,C_C2,MINW,YES,YES,64.2
GBR,2024,TLBDSNJ,AW67,C_C2,MINW,YES,YES,63.4
GBR,2025,TLBDSNJ,AW67,C_C2,MINW,YES,YES,63
USA,2023,TLBDSNJ,AW67,C_C2,MINW,YES,YES,55.4
USA,2024,TLBDSNJ,AW67,C_C2,MINW,YES,YES,59.6
USA,2025,TLBDSNJ,AW67,C_C2,MINW,YES,YES,59.2
OECD,2023,TLBDSNJ,AW67,C_C2,MINW,YES,YES,41.5
OECD,2024,TLBDSNJ,AW67,C_C2,MINW,YES,YES,42.2
OECD,2025,TLBDSNJ,AW67,C_C2,MINW,YES,YES,41.6
BEL,2023,TLBDSNJ,AW67,C_C2,MINW,YES,NO,39.8
BEL,2024,TLBDSNJ,AW67,C_C2,MINW,YES,NO,39
BEL,2025,TLBDSNJ,AW67,C_C2,MINW,YES,NO,39.5
FRA,2023,TLBDSNJ,AW67,C_C2,MINW,YES,NO,50.3
FRA,2024,TLBDSNJ,AW67,C_C2,MINW,YES,NO,50.9
FRA,2025,TLBDSNJ,AW67,C_C2,MINW,YES,NO,50.7
DEU,2023,TLBDSNJ,AW67,C_C2,MINW,YES,NO,73.2
DEU,2024,TLBDSNJ,AW67,C_C2,MINW,YES,NO,71.9
DEU,2025,TLBDSNJ,AW67,C_C2,MINW,YES,NO,73
NLD,2023,TLBDSNJ,AW67,C_C2,MINW,YES,NO,42.1
NLD,2024,TLBDSNJ,AW67,C_C2,MINW,YES,NO,42.9
POL,2023,TLBDSNJ,AW67,C_C2,MINW,YES,NO,45.1
POL,2024,TLBDSNJ,AW67,C_C2,MINW,YES,NO,42.5
POL,2025,TLBDSNJ,AW67,C_C2,MINW,YES,NO,43.5
ESP,2023,TLBDSNJ,AW67,C_C2,MINW,YES,NO,28.9
ESP,2024,TLBDSNJ,AW67,C_C2,MINW,YES,NO,29.9
ESP,2025,TLBDSNJ,AW67,C_C2,MINW,YES,NO,29.4
GBR,2023,TLBDSNJ,AW67,C_C2,MINW,YES,NO,64.2
GBR,2024,TLBDSNJ,AW67,C_C2,MINW,YES,NO,63.4
GBR,2025,TLBDSNJ,AW67,C_C2,MINW,YES,NO,63
USA,2023,TLBDSNJ,AW67,C_C2,MINW,YES,NO,55.4
USA,2024,TLBDSNJ,AW67,C_C2,MINW,YES,NO,59.6
USA,2025,TLBDSNJ,AW67,C_C2,MINW,YES,NO,59.2
OECD,2023,TLBDSNJ,AW67,C_C2,MINW,YES,NO,44.5
OECD,2024,TLBDSNJ,AW67,C_C2,MINW,YES,NO,44.7
OECD,2025,TLBDSNJ,AW67,C_C2,MINW,YES,NO,43.7
BEL,2023,TLBDSNJ,MINW,C_C2,AW67,NO,YES,30.8
BEL,2024,TLBDSNJ,MINW,C_C2,AW67,NO,YES,29.7
BEL,2025,TLBDSNJ,MINW,C_C2,AW67,NO,YES,28.2
FRA,2023,TLBDSNJ,MINW,C_C2,AW67,NO,YES,43.7
FRA,2024,TLBDSNJ,MINW,C_C2,AW67,NO,YES,43.8
FRA,2025,TLBDSNJ,MINW,C_C2,AW67,NO,YES,43.6
DEU,2023,TLBDSNJ,MINW,C_C2,AW67,NO,YES,49.4
DEU,2024,TLBDSNJ,MINW,C_C2,AW67,NO,YES,51.9
DEU,2025,TLBDSNJ,MINW,C_C2,AW67,NO,YES,52.4
NLD,2023,TLBDSNJ,MINW,C_C2,AW67,NO,YES,13.3
NLD,2024,TLBDSNJ,MINW,C_C2,AW67,NO,YES,12.1
POL,2023,TLBDSNJ,MINW,C_C2,AW67,NO,YES,27.2
POL,2024,TLBDSNJ,MINW,C_C2,AW67,NO,YES,29.4
POL,2025,TLBDSNJ,MINW,C_C2,AW67,NO,YES,30.7
ESP,2023,TLBDSNJ,MINW,C_C2,AW67,NO,YES,13.6
ESP,2024,TLBDSNJ,MINW,C_C2,AW67,NO,YES,13.8
ESP,2025,TLBDSNJ,MINW,C_C2,AW67,NO,YES,14.1
GBR,2023,TLBDSNJ,MINW,C_C2,AW67,NO,YES,23
GBR,2024,TLBDSNJ,MINW,C_C2,AW67,NO,YES,26.7
GBR,2025,TLBDSNJ,MINW,C_C2,AW67,NO,YES,25.3
USA,2023,TLBDSNJ,MINW,C_C2,AW67,NO,YES,40.7
USA,2024,TLBDSNJ,MINW,C_C2,AW67,NO,YES,45.4
USA,2025,TLBDSNJ,MINW,C_C2,AW67,NO,YES,45.2
OECD,2023,TLBDSNJ,MINW,C_C2,AW67,NO,YES,26.7
OECD,2024,TLBDSNJ,MINW,C_C2,AW67,NO,YES,27.5
OECD,2025,TLBDSNJ,MINW,C_C2,AW67,NO,YES,28.1
BEL,2023,TLBDSNJ,MINW,C_C2,AW67,NO,NO,30.8
BEL,2024,TLBDSNJ,MINW,C_C2,AW67,NO,NO,29.7
BEL,2025,TLBDSNJ,MINW,C_C2,AW67,NO,NO,28.2
FRA,2023,TLBDSNJ,MINW,C_C2,AW67,NO,NO,43.7
FRA,2024,TLBDSNJ,MINW,C_C2,AW67,NO,NO,43.8
FRA,2025,TLBDSNJ,MINW,C_C2,AW67,NO,NO,43.6
DEU,2023,TLBDSNJ,MINW,C_C2,AW67,NO,NO,49.4
DEU,2024,TLBDSNJ,MINW,C_C2,AW67,NO,NO,51.9
DEU,2025,TLBDSNJ,MINW,C_C2,AW67,NO,NO,52.4
NLD,2023,TLBDSNJ,MINW,C_C2,AW67,NO,NO,13.3
NLD,2024,TLBDSNJ,MINW,C_C2,AW67,NO,NO,12.1
POL,2023,TLBDSNJ,MINW,C_C2,AW67,NO,NO,27.2
POL,2024,TLBDSNJ,MINW,C_C2,AW67,NO,NO,29.4
POL,2025,TLBDSNJ,MINW,C_C2,AW67,NO,NO,30.7
ESP,2023,TLBDSNJ,MINW,C_C2,AW67,NO,NO,13.6
ESP,2024,TLBDSNJ,MINW,C_C2,AW67,NO,NO,13.8
ESP,2025,TLBDSNJ,MINW,C_C2,AW67,NO,NO,14.1
GBR,2023,TLBDSNJ,MINW,C_C2,AW67,NO,NO,23
GBR,2024,TLBDSNJ,MINW,C_C2,AW67,NO,NO,26.7
GBR,2025,TLBDSNJ,MINW,C_C2,AW67,NO,NO,25.3
USA,2023,TLBDSNJ,MINW,C_C2,AW67,NO,NO,40.7
USA,2024,TLBDSNJ,MINW,C_C2,AW67,NO,NO,45.4
USA,2025,TLBDSNJ,MINW,C_C2,AW67,NO,NO,45.2
OECD,2023,TLBDSNJ,MINW,C_C2,AW67,NO,NO,27.1
OECD,2024,TLBDSNJ,MINW,C_C2,AW67,NO,NO,27.9
OECD,2025,TLBDSNJ,MINW,C_C2,AW67,NO,NO,29
BEL,2023,TLBDSNJ,MINW,C_C2,AW67,YES,NO,30.8
BEL,2024,TLBDSNJ,MINW,C_C2,AW67,YES,NO,29.7
BEL,2025,TLBDSNJ,MINW,C_C2,AW67,YES,NO,28.2
FRA,2023,TLBDSNJ,MINW,C_C2,AW67,YES,NO,43.6
FRA,2024,TLBDSNJ,MINW,C_C2,AW67,YES,NO,43.8
FRA,2025,TLBDSNJ,MINW,C_C2,AW67,YES,NO,43.5
DEU,2023,TLBDSNJ,MINW,C_C2,AW67,YES,NO,70.7
DEU,2024,TLBDSNJ,MINW,C_C2,AW67,YES,NO,70.2
DEU,2025,TLBDSNJ,MINW,C_C2,AW67,YES,NO,71
NLD,2023,TLBDSNJ,MINW,C_C2,AW67,YES,NO,27.3
NLD,2024,TLBDSNJ,MINW,C_C2,AW67,YES,NO,27
POL,2023,TLBDSNJ,MINW,C_C2,AW67,YES,NO,44.5
POL,2024,TLBDSNJ,MINW,C_C2,AW67,YES,NO,45.4
POL,2025,TLBDSNJ,MINW,C_C2,AW67,YES,NO,46.5
ESP,2023,TLBDSNJ,MINW,C_C2,AW67,YES,NO,28.6
ESP,2024,TLBDSNJ,MINW,C_C2,AW67,YES,NO,29.4
ESP,2025,TLBDSNJ,MINW,C_C2,AW67,YES,NO,29.5
GBR,2023,TLBDSNJ,MINW,C_C2,AW67,YES,NO,61.4
GBR,2024,TLBDSNJ,MINW,C_C2,AW67,YES,NO,61.4
GBR,2025,TLBDSNJ,MINW,C_C2,AW67,YES,NO,61
USA,2023,TLBDSNJ,MINW,C_C2,AW67,YES,NO,40.7
USA,2024,TLBDSNJ,MINW,C_C2,AW67,YES,NO,45.4
USA,2025,TLBDSNJ,MINW,C_C2,AW67,YES,NO,45.2
OECD,2023,TLBDSNJ,MINW,C_C2,AW67,YES,NO,37.1
OECD,2024,TLBDSNJ,MINW,C_C2,AW67,YES,NO,36.8
OECD,2025,TLBDSNJ,MINW,C_C2,AW67,YES,NO,36.8
BEL,2023,TLBDSNJ,MINW,C_C2,AW67,YES,YES,30.8
BEL,2024,TLBDSNJ,MINW,C_C2,AW67,YES,YES,29.7
BEL,2025,TLBDSNJ,MINW,C_C2,AW67,YES,YES,28.2
FRA,2023,TLBDSNJ,MINW,C_C2,AW67,YES,YES,43.6
FRA,2024,TLBDSNJ,MINW,C_C2,AW67,YES,YES,43.8
FRA,2025,TLBDSNJ,MINW,C_C2,AW67,YES,YES,43.5
DEU,2023,TLBDSNJ,MINW,C_C2,AW67,YES,YES,70.7
DEU,2024,TLBDSNJ,MINW,C_C2,AW67,YES,YES,70.2
DEU,2025,TLBDSNJ,MINW,C_C2,AW67,YES,YES,71
NLD,2023,TLBDSNJ,MINW,C_C2,AW67,YES,YES,27.3
NLD,2024,TLBDSNJ,MINW,C_C2,AW67,YES,YES,27
POL,2023,TLBDSNJ,MINW,C_C2,AW67,YES,YES,44.5
POL,2024,TLBDSNJ,MINW,C_C2,AW67,YES,YES,45.4
POL,2025,TLBDSNJ,MINW,C_C2,AW67,YES,YES,46.5
ESP,2023,TLBDSNJ,MINW,C_C2,AW67,YES,YES,28.6
ESP,2024,TLBDSNJ,MINW,C_C2,AW67,YES,YES,29.4
ESP,2025,TLBDSNJ,MINW,C_C2,AW67,YES,YES,29.5
GBR,2023,TLBDSNJ,MINW,C_C2,AW67,YES,YES,61.4
GBR,2024,TLBDSNJ,MINW,C_C2,AW67,YES,YES,61.4
GBR,2025,TLBDSNJ,MINW,C_C2,AW67,YES,YES,61
USA,2023,TLBDSNJ,MINW,C_C2,AW67,YES,YES,40.7
USA,2024,TLBDSNJ,MINW,C_C2,AW67,YES,YES,45.4
USA,2025,TLBDSNJ,MINW,C_C2,AW67,YES,YES,45.2
OECD,2023,TLBDSNJ,MINW,C_C2,AW67,YES,YES,34
OECD,2024,TLBDSNJ,MINW,C_C2,AW67,YES,YES,34.3
OECD,2025,TLBDSNJ,MINW,C_C2,AW67,YES,YES,34.6
AUT,2023,TLBDSNJ,AW67,C_C2,AW67,NO,NO,19.3
AUT,2024,TLBDSNJ,AW67,C_C2,AW67,NO,NO,19.4
AUT,2025,TLBDSNJ,AW67,C_C2,AW67,NO,NO,23.1
BEL,2023,TLBDSNJ,AW67,C_C2,AW67,NO,NO,43.9
BEL,2024,TLBDSNJ,AW67,C_C2,AW67,NO,NO,43.7
BEL,2025,TLBDSNJ,AW67,C_C2,AW67,NO,NO,43.9
DNK,2023,TLBDSNJ,AW67,C_C2,AW67,NO,NO,67.9
DNK,2024,TLBDSNJ,AW67,C_C2,AW67,NO,NO,65.3
FRA,2023,TLBDSNJ,AW67,C_C2,AW67,NO,NO,44.4
FRA,2024,TLBDSNJ,AW67,C_C2,AW67,NO,NO,43.1
FRA,2025,TLBDSNJ,AW67,C_C2,AW67,NO,NO,44.5
DEU,2023,TLBDSNJ,AW67,C_C2,AW67,NO,NO,47.2
DEU,2024,TLBDSNJ,AW67,C_C2,AW67,NO,NO,49.8
DEU,2025,TLBDSNJ,AW67,C_C2,AW67,NO,NO,49.1
ITA,2023,TLBDSNJ,AW67,C_C2,AW67,NO,NO,20.2
ITA,2024,TLBDSNJ,AW67,C_C2,AW67,NO,NO,15.4
ITA,2025,TLBDSNJ,AW67,C_C2,AW67,NO,NO,16
NLD,2023,TLBDSNJ,AW67,C_C2,AW67,NO,NO,25.6
NLD,2024,TLBDSNJ,AW67,C_C2,AW67,NO,NO,24.3
POL,2023,TLBDSNJ,AW67,C_C2,AW67,NO,NO,28.4
POL,2024,TLBDSNJ,AW67,C_C2,AW67,NO,NO,29.9
POL,2025,TLBDSNJ,AW67,C_C2,AW67,NO,NO,30.9
ESP,2023,TLBDSNJ,AW67,C_C2,AW67,NO,NO,20
ESP,2024,TLBDSNJ,AW67,C_C2,AW67,NO,NO,21.7
ESP,2025,TLBDSNJ,AW67,C_C2,AW67,NO,NO,22
SWE,2023,TLBDSNJ,AW67,C_C2,AW67,NO,NO,21.4
SWE,2024,TLBDSNJ,AW67,C_C2,AW67,NO,NO,20.6
SWE,2025,TLBDSNJ,AW67,C_C2,AW67,NO,NO,20.2
GBR,2023,TLBDSNJ,AW67,C_C2,AW67,NO,NO,26.1
GBR,2024,TLBDSNJ,AW67,C_C2,AW67,NO,NO,27.1
GBR,2025,TLBDSNJ,AW67,C_C2,AW67,NO,NO,26.1
USA,2023,TLBDSNJ,AW67,C_C2,AW67,NO,NO,32.8
USA,2024,TLBDSNJ,AW67,C_C2,AW67,NO,NO,34.9
USA,2025,TLBDSNJ,AW67,C_C2,AW67,NO,NO,34.8
OECD,2023,TLBDSNJ,AW67,C_C2,AW67,NO,NO,31
OECD,2024,TLBDSNJ,AW67,C_C2,AW67,NO,NO,31.1
OECD,2025,TLBDSNJ,AW67,C_C2,AW67,NO,NO,30.5
AUT,2023,TLBDSNJ,AW67,C_C2,AW67,NO,YES,19.3
AUT,2024,TLBDSNJ,AW67,C_C2,AW67,NO,YES,19.4
AUT,2025,TLBDSNJ,AW67,C_C2,AW67,NO,YES,23.1
BEL,2023,TLBDSNJ,AW67,C_C2,AW67,NO,YES,43.9
BEL,2024,TLBDSNJ,AW67,C_C2,AW67,NO,YES,43.7
BEL,2025,TLBDSNJ,AW67,C_C2,AW67,NO,YES,43.9
DNK,2023,TLBDSNJ,AW67,C_C2,AW67,NO,YES,67.9
DNK,2024,TLBDSNJ,AW67,C_C2,AW67,NO,YES,65.3
FRA,2023,TLBDSNJ,AW67,C_C2,AW67,NO,YES,44.4
FRA,2024,TLBDSNJ,AW67,C_C2,AW67,NO,YES,43.1
FRA,2025,TLBDSNJ,AW67,C_C2,AW67,NO,YES,44.5
DEU,2023,TLBDSNJ,AW67,C_C2,AW67,NO,YES,47.2
DEU,2024,TLBDSNJ,AW67,C_C2,AW67,NO,YES,49.8
DEU,2025,TLBDSNJ,AW67,C_C2,AW67,NO,YES,49.1
ITA,2023,TLBDSNJ,AW67,C_C2,AW67,NO,YES,20.2
ITA,2024,TLBDSNJ,AW67,C_C2,AW67,NO,YES,15.4
ITA,2025,TLBDSNJ,AW67,C_C2,AW67,NO,YES,16
NLD,2023,TLBDSNJ,AW67,C_C2,AW67,NO,YES,25.6
NLD,2024,TLBDSNJ,AW67,C_C2,AW67,NO,YES,24.3
POL,2023,TLBDSNJ,AW67,C_C2,AW67,NO,YES,28.4
POL,2024,TLBDSNJ,AW67,C_C2,AW67,NO,YES,29.9
POL,2025,TLBDSNJ,AW67,C_C2,AW67,NO,YES,30.9
ESP,2023,TLBDSNJ,AW67,C_C2,AW67,NO,YES,20
ESP,2024,TLBDSNJ,AW67,C_C2,AW67,NO,YES,21.7
ESP,2025,TLBDSNJ,AW67,C_C2,AW67,NO,YES,22
SWE,2023,TLBDSNJ,AW67,C_C2,AW67,NO,YES,21.4
SWE,2024,TLBDSNJ,AW67,C_C2,AW67,NO,YES,20.6
SWE,2025,TLBDSNJ,AW67,C_C2,AW67,NO,YES,20.2
GBR,2023,TLBDSNJ,AW67,C_C2,AW67,NO,YES,26.1
GBR,2024,TLBDSNJ,AW67,C_C2,AW67,NO,YES,27.1
GBR,2025,TLBDSNJ,AW67,C_C2,AW67,NO,YES,26.1
USA,2023,TLBDSNJ,AW67,C_C2,AW67,NO,YES,32.8
USA,2024,TLBDSNJ,AW67,C_C2,AW67,NO,YES,34.9
USA,2025,TLBDSNJ,AW67,C_C2,AW67,NO,YES,34.8
OECD,2023,TLBDSNJ,AW67,C_C2,AW67,NO,YES,30.8
OECD,2024,TLBDSNJ,AW67,C_C2,AW67,NO,YES,30.9
OECD,2025,TLBDSNJ,AW67,C_C2,AW67,NO,YES,30
AUT,2023,TLBDSNJ,AW67,C_C2,AW67,YES,YES,19.3
AUT,2024,TLBDSNJ,AW67,C_C2,AW67,YES,YES,19.4
AUT,2025,TLBDSNJ,AW67,C_C2,AW67,YES,YES,23.1
BEL,2023,TLBDSNJ,AW67,C_C2,AW67,YES,YES,43.9
BEL,2024,TLBDSNJ,AW67,C_C2,AW67,YES,YES,43.7
BEL,2025,TLBDSNJ,AW67,C_C2,AW67,YES,YES,43.9
DNK,2023,TLBDSNJ,AW67,C_C2,AW67,YES,YES,71.4
DNK,2024,TLBDSNJ,AW67,C_C2,AW67,YES,YES,69.2
FRA,2023,TLBDSNJ,AW67,C_C2,AW67,YES,YES,44.3
FRA,2024,TLBDSNJ,AW67,C_C2,AW67,YES,YES,43.1
FRA,2025,TLBDSNJ,AW67,C_C2,AW67,YES,YES,44.5
DEU,2023,TLBDSNJ,AW67,C_C2,AW67,YES,YES,60.3
DEU,2024,TLBDSNJ,AW67,C_C2,AW67,YES,YES,60.8
DEU,2025,TLBDSNJ,AW67,C_C2,AW67,YES,YES,60.3
ITA,2023,TLBDSNJ,AW67,C_C2,AW67,YES,YES,20.2
ITA,2024,TLBDSNJ,AW67,C_C2,AW67,YES,YES,15.4
ITA,2025,TLBDSNJ,AW67,C_C2,AW67,YES,YES,16
NLD,2023,TLBDSNJ,AW67,C_C2,AW67,YES,YES,34
NLD,2024,TLBDSNJ,AW67,C_C2,AW67,YES,YES,33.3
POL,2023,TLBDSNJ,AW67,C_C2,AW67,YES,YES,41
POL,2024,TLBDSNJ,AW67,C_C2,AW67,YES,YES,42.5
POL,2025,TLBDSNJ,AW67,C_C2,AW67,YES,YES,43.5
ESP,2023,TLBDSNJ,AW67,C_C2,AW67,YES,YES,31.2
ESP,2024,TLBDSNJ,AW67,C_C2,AW67,YES,YES,33.4
ESP,2025,TLBDSNJ,AW67,C_C2,AW67,YES,YES,33.7
SWE,2023,TLBDSNJ,AW67,C_C2,AW67,YES,YES,21.4
SWE,2024,TLBDSNJ,AW67,C_C2,AW67,YES,YES,20.6
SWE,2025,TLBDSNJ,AW67,C_C2,AW67,YES,YES,20.2
GBR,2023,TLBDSNJ,AW67,C_C2,AW67,YES,YES,51.4
GBR,2024,TLBDSNJ,AW67,C_C2,AW67,YES,YES,51.9
GBR,2025,TLBDSNJ,AW67,C_C2,AW67,YES,YES,51
USA,2023,TLBDSNJ,AW67,C_C2,AW67,YES,YES,32.8
USA,2024,TLBDSNJ,AW67,C_C2,AW67,YES,YES,34.9
USA,2025,TLBDSNJ,AW67,C_C2,AW67,YES,YES,34.8
OECD,2023,TLBDSNJ,AW67,C_C2,AW67,YES,YES,35.9
OECD,2024,TLBDSNJ,AW67,C_C2,AW67,YES,YES,35.3
OECD,2025,TLBDSNJ,AW67,C_C2,AW67,YES,YES,34.2
AUT,2023,TLBDSNJ,AW67,C_C2,AW67,YES,NO,19.3
AUT,2024,TLBDSNJ,AW67,C_C2,AW67,YES,NO,19.4
AUT,2025,TLBDSNJ,AW67,C_C2,AW67,YES,NO,23.1
BEL,2023,TLBDSNJ,AW67,C_C2,AW67,YES,NO,43.9
BEL,2024,TLBDSNJ,AW67,C_C2,AW67,YES,NO,43.7
BEL,2025,TLBDSNJ,AW67,C_C2,AW67,YES,NO,43.9
DNK,2023,TLBDSNJ,AW67,C_C2,AW67,YES,NO,71.4
DNK,2024,TLBDSNJ,AW67,C_C2,AW67,YES,NO,69.2
FRA,2023,TLBDSNJ,AW67,C_C2,AW67,YES,NO,44.3
FRA,2024,TLBDSNJ,AW67,C_C2,AW67,YES,NO,43.1
FRA,2025,TLBDSNJ,AW67,C_C2,AW67,YES,NO,44.5
DEU,2023,TLBDSNJ,AW67,C_C2,AW67,YES,NO,60.3
DEU,2024,TLBDSNJ,AW67,C_C2,AW67,YES,NO,60.8
DEU,2025,TLBDSNJ,AW67,C_C2,AW67,YES,NO,60.3
ITA,2023,TLBDSNJ,AW67,C_C2,AW67,YES,NO,20.2
ITA,2024,TLBDSNJ,AW67,C_C2,AW67,YES,NO,15.4
ITA,2025,TLBDSNJ,AW67,C_C2,AW67,YES,NO,16
NLD,2023,TLBDSNJ,AW67,C_C2,AW67,YES,NO,34
NLD,2024,TLBDSNJ,AW67,C_C2,AW67,YES,NO,33.3
POL,2023,TLBDSNJ,AW67,C_C2,AW67,YES,NO,41
POL,2024,TLBDSNJ,AW67,C_C2,AW67,YES,NO,42.5
POL,2025,TLBDSNJ,AW67,C_C2,AW67,YES,NO,43.5
ESP,2023,TLBDSNJ,AW67,C_C2,AW67,YES,NO,31.2
ESP,2024,TLBDSNJ,AW67,C_C2,AW67,YES,NO,33.4
ESP,2025,TLBDSNJ,AW67,C_C2,AW67,YES,NO,33.7
SWE,2023,TLBDSNJ,AW67,C_C2,AW67,YES,NO,21.4
SWE,2024,TLBDSNJ,AW67,C_C2,AW67,YES,NO,20.6
SWE,2025,TLBDSNJ,AW67,C_C2,AW67,YES,NO,20.2
GBR,2023,TLBDSNJ,AW67,C_C2,AW67,YES,NO,51.4
GBR,2024,TLBDSNJ,AW67,C_C2,AW67,YES,NO,51.9
GBR,2025,TLBDSNJ,AW67,C_C2,AW67,YES,NO,51
USA,2023,TLBDSNJ,AW67,C_C2,AW67,YES,NO,32.8
USA,2024,TLBDSNJ,AW67,C_C2,AW67,YES,NO,34.9
USA,2025,TLBDSNJ,AW67,C_C2,AW67,YES,NO,34.8
OECD,2023,TLBDSNJ,AW67,C_C2,AW67,YES,NO,37
OECD,2024,TLBDSNJ,AW67,C_C2,AW67,YES,NO,36.7
OECD,2025,TLBDSNJ,AW67,C_C2,AW67,YES,NO,36
AUT,2023,TLBDSNJ,AW100,C_C2,AW67,NO,NO,27.1
AUT,2024,TLBDSNJ,AW100,C_C2,AW67,NO,NO,27.5
AUT,2025,TLBDSNJ,AW100,C_C2,AW67,NO,NO,30
BEL,2023,TLBDSNJ,AW100,C_C2,AW67,NO,NO,48.5
BEL,2024,TLBDSNJ,AW100,C_C2,AW67,NO,NO,48.3
BEL,2025,TLBDSNJ,AW100,C_C2,AW67,NO,NO,48.2
DNK,2023,TLBDSNJ,AW100,C_C2,AW67,NO,NO,58.9
DNK,2024,TLBDSNJ,AW100,C_C2,AW67,NO,NO,57.2
FRA,2023,TLBDSNJ,AW100,C_C2,AW67,NO,NO,40.5
FRA,2024,TLBDSNJ,AW100,C_C2,AW67,NO,NO,39.7
FRA,2025,TLBDSNJ,AW100,C_C2,AW67,NO,NO,40.6
DEU,2023,TLBDSNJ,AW100,C_C2,AW67,NO,NO,46.7
DEU,2024,TLBDSNJ,AW100,C_C2,AW67,NO,NO,48.4
DEU,2025,TLBDSNJ,AW100,C_C2,AW67,NO,NO,48.2
ITA,2023,TLBDSNJ,AW100,C_C2,AW67,NO,NO,29.6
ITA,2024,TLBDSNJ,AW100,C_C2,AW67,NO,NO,29.3
ITA,2025,TLBDSNJ,AW100,C_C2,AW67,NO,NO,26.4
NLD,2023,TLBDSNJ,AW100,C_C2,AW67,NO,NO,36.1
NLD,2024,TLBDSNJ,AW100,C_C2,AW67,NO,NO,36.2
POL,2023,TLBDSNJ,AW100,C_C2,AW67,NO,NO,29.5
POL,2024,TLBDSNJ,AW100,C_C2,AW67,NO,NO,30.5
POL,2025,TLBDSNJ,AW100,C_C2,AW67,NO,NO,31.2
ESP,2023,TLBDSNJ,AW100,C_C2,AW67,NO,NO,30.7
ESP,2024,TLBDSNJ,AW100,C_C2,AW67,NO,NO,31.1
ESP,2025,TLBDSNJ,AW100,C_C2,AW67,NO,NO,25.2
SWE,2023,TLBDSNJ,AW100,C_C2,AW67,NO,NO,24.5
SWE,2024,TLBDSNJ,AW100,C_C2,AW67,NO,NO,23.6
SWE,2025,TLBDSNJ,AW100,C_C2,AW67,NO,NO,23.1
GBR,2023,TLBDSNJ,AW100,C_C2,AW67,NO,NO,28
GBR,2024,TLBDSNJ,AW100,C_C2,AW67,NO,NO,27.8
GBR,2025,TLBDSNJ,AW100,C_C2,AW67,NO,NO,27.8
USA,2023,TLBDSNJ,AW100,C_C2,AW67,NO,NO,30.6
USA,2024,TLBDSNJ,AW100,C_C2,AW67,NO,NO,32.1
USA,2025,TLBDSNJ,AW100,C_C2,AW67,NO,NO,32
OECD,2023,TLBDSNJ,AW100,C_C2,AW67,NO,NO,33.6
OECD,2024,TLBDSNJ,AW100,C_C2,AW67,NO,NO,33.7
OECD,2025,TLBDSNJ,AW100,C_C2,AW67,NO,NO,32.8
AUT,2023,TLBDSNJ,AW100,C_C2,AW67,NO,YES,27.1
AUT,2024,TLBDSNJ,AW100,C_C2,AW67,NO,YES,27.5
AUT,2025,TLBDSNJ,AW100,C_C2,AW67,NO,YES,30
BEL,2023,TLBDSNJ,AW100,C_C2,AW67,NO,YES,48.5
BEL,2024,TLBDSNJ,AW100,C_C2,AW67,NO,YES,48.3
BEL,2025,TLBDSNJ,AW100,C_C2,AW67,NO,YES,48.2
DNK,2023,TLBDSNJ,AW100,C_C2,AW67,NO,YES,58.9
DNK,2024,TLBDSNJ,AW100,C_C2,AW67,NO,YES,57.2
FRA,2023,TLBDSNJ,AW100,C_C2,AW67,NO,YES,40.5
FRA,2024,TLBDSNJ,AW100,C_C2,AW67,NO,YES,39.7
FRA,2025,TLBDSNJ,AW100,C_C2,AW67,NO,YES,40.6
DEU,2023,TLBDSNJ,AW100,C_C2,AW67,NO,YES,46.7
DEU,2024,TLBDSNJ,AW100,C_C2,AW67,NO,YES,48.4
DEU,2025,TLBDSNJ,AW100,C_C2,AW67,NO,YES,48.2
ITA,2023,TLBDSNJ,AW100,C_C2,AW67,NO,YES,29.6
ITA,2024,TLBDSNJ,AW100,C_C2,AW67,NO,YES,29.3
ITA,2025,TLBDSNJ,AW100,C_C2,AW67,NO,YES,26.4
NLD,2023,TLBDSNJ,AW100,C_C2,AW67,NO,YES,36.1
NLD,2024,TLBDSNJ,AW100,C_C2,AW67,NO,YES,36.2
POL,2023,TLBDSNJ,AW100,C_C2,AW67,NO,YES,29.5
POL,2024,TLBDSNJ,AW100,C_C2,AW67,NO,YES,30.5
POL,2025,TLBDSNJ,AW100,C_C2,AW67,NO,YES,31.2
ESP,2023,TLBDSNJ,AW100,C_C2,AW67,NO,YES,30.7
ESP,2024,TLBDSNJ,AW100,C_C2,AW67,NO,YES,31.1
ESP,2025,TLBDSNJ,AW100,C_C2,AW67,NO,YES,25.2
SWE,2023,TLBDSNJ,AW100,C_C2,AW67,NO,YES,24.5
SWE,2024,TLBDSNJ,AW100,C_C2,AW67,NO,YES,23.6
SWE,2025,TLBDSNJ,AW100,C_C2,AW67,NO,YES,23.1
GBR,2023,TLBDSNJ,AW100,C_C2,AW67,NO,YES,28
GBR,2024,TLBDSNJ,AW100,C_C2,AW67,NO,YES,27.8
GBR,2025,TLBDSNJ,AW100,C_C2,AW67,NO,YES,27.8
USA,2023,TLBDSNJ,AW100,C_C2,AW67,NO,YES,30.6
USA,2024,TLBDSNJ,AW100,C_C2,AW67,NO,YES,32.1
USA,2025,TLBDSNJ,AW100,C_C2,AW67,NO,YES,32
OECD,2023,TLBDSNJ,AW100,C_C2,AW67,NO,YES,33.5
OECD,2024,TLBDSNJ,AW100,C_C2,AW67,NO,YES,33.6
OECD,2025,TLBDSNJ,AW100,C_C2,AW67,NO,YES,32.5
AUT,2023,TLBDSNJ,AW100,C_C2,AW67,YES,NO,27.1
AUT,2024,TLBDSNJ,AW100,C_C2,AW67,YES,NO,27.5
AUT,2025,TLBDSNJ,AW100,C_C2,AW67,YES,NO,30
BEL,2023,TLBDSNJ,AW100,C_C2,AW67,YES,NO,48.5
BEL,2024,TLBDSNJ,AW100,C_C2,AW67,YES,NO,48.3
BEL,2025,TLBDSNJ,AW100,C_C2,AW67,YES,NO,48.2
DNK,2023,TLBDSNJ,AW100,C_C2,AW67,YES,NO,61.2
DNK,2024,TLBDSNJ,AW100,C_C2,AW67,YES,NO,59.9
FRA,2023,TLBDSNJ,AW100,C_C2,AW67,YES,NO,40.5
FRA,2024,TLBDSNJ,AW100,C_C2,AW67,YES,NO,39.7
FRA,2025,TLBDSNJ,AW100,C_C2,AW67,YES,NO,40.6
DEU,2023,TLBDSNJ,AW100,C_C2,AW67,YES,NO,55.5
DEU,2024,TLBDSNJ,AW100,C_C2,AW67,YES,NO,55.8
DEU,2025,TLBDSNJ,AW100,C_C2,AW67,YES,NO,55.7
ITA,2023,TLBDSNJ,AW100,C_C2,AW67,YES,NO,29
ITA,2024,TLBDSNJ,AW100,C_C2,AW67,YES,NO,28.6
ITA,2025,TLBDSNJ,AW100,C_C2,AW67,YES,NO,26
NLD,2023,TLBDSNJ,AW100,C_C2,AW67,YES,NO,41.7
NLD,2024,TLBDSNJ,AW100,C_C2,AW67,YES,NO,42.2
POL,2023,TLBDSNJ,AW100,C_C2,AW67,YES,NO,38
POL,2024,TLBDSNJ,AW100,C_C2,AW67,YES,NO,39
POL,2025,TLBDSNJ,AW100,C_C2,AW67,YES,NO,39.7
ESP,2023,TLBDSNJ,AW100,C_C2,AW67,YES,NO,38.2
ESP,2024,TLBDSNJ,AW100,C_C2,AW67,YES,NO,38.9
ESP,2025,TLBDSNJ,AW100,C_C2,AW67,YES,NO,33.1
SWE,2023,TLBDSNJ,AW100,C_C2,AW67,YES,NO,24.5
SWE,2024,TLBDSNJ,AW100,C_C2,AW67,YES,NO,23.6
SWE,2025,TLBDSNJ,AW100,C_C2,AW67,YES,NO,23.1
GBR,2023,TLBDSNJ,AW100,C_C2,AW67,YES,NO,45
GBR,2024,TLBDSNJ,AW100,C_C2,AW67,YES,NO,44.4
GBR,2025,TLBDSNJ,AW100,C_C2,AW67,YES,NO,44.5
USA,2023,TLBDSNJ,AW100,C_C2,AW67,YES,NO,30.6
USA,2024,TLBDSNJ,AW100,C_C2,AW67,YES,NO,32.1
USA,2025,TLBDSNJ,AW100,C_C2,AW67,YES,NO,32
OECD,2023,TLBDSNJ,AW100,C_C2,AW67,YES,NO,38.3
OECD,2024,TLBDSNJ,AW100,C_C2,AW67,YES,NO,38.2
OECD,2025,TLBDSNJ,AW100,C_C2,AW67,YES,NO,36.7
AUT,2023,TLBDSNJ,AW100,C_C2,AW67,YES,YES,27.1
AUT,2024,TLBDSNJ,AW100,C_C2,AW67,YES,YES,27.5
AUT,2025,TLBDSNJ,AW100,C_C2,AW67,YES,YES,30
BEL,2023,TLBDSNJ,AW100,C_C2,AW67,YES,YES,48.5
BEL,2024,TLBDSNJ,AW100,C_C2,AW67,YES,YES,48.3
BEL,2025,TLBDSNJ,AW100,C_C2,AW67,YES,YES,48.2
DNK,2023,TLBDSNJ,AW100,C_C2,AW67,YES,YES,61.2
DNK,2024,TLBDSNJ,AW100,C_C2,AW67,YES,YES,59.9
FRA,2023,TLBDSNJ,AW100,C_C2,AW67,YES,YES,40.5
FRA,2024,TLBDSNJ,AW100,C_C2,AW67,YES,YES,39.7
FRA,2025,TLBDSNJ,AW100,C_C2,AW67,YES,YES,40.6
DEU,2023,TLBDSNJ,AW100,C_C2,AW67,YES,YES,55.5
DEU,2024,TLBDSNJ,AW100,C_C2,AW67,YES,YES,55.8
DEU,2025,TLBDSNJ,AW100,C_C2,AW67,YES,YES,55.7
ITA,2023,TLBDSNJ,AW100,C_C2,AW67,YES,YES,29
ITA,2024,TLBDSNJ,AW100,C_C2,AW67,YES,YES,28.6
ITA,2025,TLBDSNJ,AW100,C_C2,AW67,YES,YES,26
NLD,2023,TLBDSNJ,AW100,C_C2,AW67,YES,YES,41.7
NLD,2024,TLBDSNJ,AW100,C_C2,AW67,YES,YES,42.2
POL,2023,TLBDSNJ,AW100,C_C2,AW67,YES,YES,38
POL,2024,TLBDSNJ,AW100,C_C2,AW67,YES,YES,39
POL,2025,TLBDSNJ,AW100,C_C2,AW67,YES,YES,39.7
ESP,2023,TLBDSNJ,AW100,C_C2,AW67,YES,YES,38.2
ESP,2024,TLBDSNJ,AW100,C_C2,AW67,YES,YES,38.9
ESP,2025,TLBDSNJ,AW100,C_C2,AW67,YES,YES,33.1
SWE,2023,TLBDSNJ,AW100,C_C2,AW67,YES,YES,24.5
SWE,2024,TLBDSNJ,AW100,C_C2,AW67,YES,YES,23.6
SWE,2025,TLBDSNJ,AW100,C_C2,AW67,YES,YES,23.1
GBR,2023,TLBDSNJ,AW100,C_C2,AW67,YES,YES,45
GBR,2024,TLBDSNJ,AW100,C_C2,AW67,YES,YES,44.4
GBR,2025,TLBDSNJ,AW100,C_C2,AW67,YES,YES,44.5
USA,2023,TLBDSNJ,AW100,C_C2,AW67,YES,YES,30.6
USA,2024,TLBDSNJ,AW100,C_C2,AW67,YES,YES,32.1
USA,2025,TLBDSNJ,AW100,C_C2,AW67,YES,YES,32
OECD,2023,TLBDSNJ,AW100,C_C2,AW67,YES,YES,38
OECD,2024,TLBDSNJ,AW100,C_C2,AW67,YES,YES,37.7
OECD,2025,TLBDSNJ,AW100,C_C2,AW67,YES,YES,35.8
AUT,2023,TLBDSNJ,AW100,C_C2,NOEARN_UNEMP_WO_CONBEN,NO,NO,62.8
AUT,2024,TLBDSNJ,AW100,C_C2,NOEARN_UNEMP_WO_CONBEN,NO,NO,62
AUT,2025,TLBDSNJ,AW100,C_C2,NOEARN_UNEMP_WO_CONBEN,NO,NO,64.7
BEL,2023,TLBDSNJ,AW100,C_C2,NOEARN_UNEMP_WO_CONBEN,NO,NO,66
BEL,2024,TLBDSNJ,AW100,C_C2,NOEARN_UNEMP_WO_CONBEN,NO,NO,66.1
BEL,2025,TLBDSNJ,AW100,C_C2,NOEARN_UNEMP_WO_CONBEN,NO,NO,66.4
DNK,2023,TLBDSNJ,AW100,C_C2,NOEARN_UNEMP_WO_CONBEN,NO,NO,89.5
DNK,2024,TLBDSNJ,AW100,C_C2,NOEARN_UNEMP_WO_CONBEN,NO,NO,88.1
FRA,2023,TLBDSNJ,AW100,C_C2,NOEARN_UNEMP_WO_CONBEN,NO,NO,49.4
FRA,2024,TLBDSNJ,AW100,C_C2,NOEARN_UNEMP_WO_CONBEN,NO,NO,49.4
FRA,2025,TLBDSNJ,AW100,C_C2,NOEARN_UNEMP_WO_CONBEN,NO,NO,49.3
DEU,2023,TLBDSNJ,AW100,C_C2,NOEARN_UNEMP_WO_CONBEN,NO,NO,51.6
DEU,2024,TLBDSNJ,AW100,C_C2,NOEARN_UNEMP_WO_CONBEN,NO,NO,54.1
DEU,2025,TLBDSNJ,AW100,C_C2,NOEARN_UNEMP_WO_CONBEN,NO,NO,53.6
ITA,2023,TLBDSNJ,AW100,C_C2,NOEARN_UNEMP_WO_CONBEN,NO,NO,51.7
ITA,2024,TLBDSNJ,AW100,C_C2,NOEARN_UNEMP_WO_CONBEN,NO,NO,50.1
ITA,2025,TLBDSNJ,AW100,C_C2,NOEARN_UNEMP_WO_CONBEN,NO,NO,48.9
NLD,2023,TLBDSNJ,AW100,C_C2,NOEARN_UNEMP_WO_CONBEN,NO,NO,73.3
NLD,2024,TLBDSNJ,AW100,C_C2,NOEARN_UNEMP_WO_CONBEN,NO,NO,74.4
POL,2023,TLBDSNJ,AW100,C_C2,NOEARN_UNEMP_WO_CONBEN,NO,NO,54
POL,2024,TLBDSNJ,AW100,C_C2,NOEARN_UNEMP_WO_CONBEN,NO,NO,51.6
POL,2025,TLBDSNJ,AW100,C_C2,NOEARN_UNEMP_WO_CONBEN,NO,NO,60.2
ESP,2023,TLBDSNJ,AW100,C_C2,NOEARN_UNEMP_WO_CONBEN,NO,NO,58.1
ESP,2024,TLBDSNJ,AW100,C_C2,NOEARN_UNEMP_WO_CONBEN,NO,NO,59.8
ESP,2025,TLBDSNJ,AW100,C_C2,NOEARN_UNEMP_WO_CONBEN,NO,NO,63.2
SWE,2023,TLBDSNJ,AW100,C_C2,NOEARN_UNEMP_WO_CONBEN,NO,NO,49.6
SWE,2024,TLBDSNJ,AW100,C_C2,NOEARN_UNEMP_WO_CONBEN,NO,NO,50.3
SWE,2025,TLBDSNJ,AW100,C_C2,NOEARN_UNEMP_WO_CONBEN,NO,NO,50
GBR,2023,TLBDSNJ,AW100,C_C2,NOEARN_UNEMP_WO_CONBEN,NO,NO,49.2
GBR,2024,TLBDSNJ,AW100,C_C2,NOEARN_UNEMP_WO_CONBEN,NO,NO,49.3
GBR,2025,TLBDSNJ,AW100,C_C2,NOEARN_UNEMP_WO_CONBEN,NO,NO,49.4
USA,2023,TLBDSNJ,AW100,C_C2,NOEARN_UNEMP_WO_CONBEN,NO,NO,38.3
USA,2024,TLBDSNJ,AW100,C_C2,NOEARN_UNEMP_WO_CONBEN,NO,NO,38.3
USA,2025,TLBDSNJ,AW100,C_C2,NOEARN_UNEMP_WO_CONBEN,NO,NO,37.8
OECD,2023,TLBDSNJ,AW100,C_C2,NOEARN_UNEMP_WO_CONBEN,NO,NO,54.1
OECD,2024,TLBDSNJ,AW100,C_C2,NOEARN_UNEMP_WO_CONBEN,NO,NO,54.6
OECD,2025,TLBDSNJ,AW100,C_C2,NOEARN_UNEMP_WO_CONBEN,NO,NO,53.5
AUT,2023,TLBDSNJ,AW100,C_C2,NOEARN_UNEMP_WO_CONBEN,NO,YES,62.8
AUT,2024,TLBDSNJ,AW100,C_C2,NOEARN_UNEMP_WO_CONBEN,NO,YES,62
AUT,2025,TLBDSNJ,AW100,C_C2,NOEARN_UNEMP_WO_CONBEN,NO,YES,64.7
BEL,2023,TLBDSNJ,AW100,C_C2,NOEARN_UNEMP_WO_CONBEN,NO,YES,66
BEL,2024,TLBDSNJ,AW100,C_C2,NOEARN_UNEMP_WO_CONBEN,NO,YES,66.1
BEL,2025,TLBDSNJ,AW100,C_C2,NOEARN_UNEMP_WO_CONBEN,NO,YES,66.4
DNK,2023,TLBDSNJ,AW100,C_C2,NOEARN_UNEMP_WO_CONBEN,NO,YES,89.5
DNK,2024,TLBDSNJ,AW100,C_C2,NOEARN_UNEMP_WO_CONBEN,NO,YES,88.1
FRA,2023,TLBDSNJ,AW100,C_C2,NOEARN_UNEMP_WO_CONBEN,NO,YES,49.4
FRA,2024,TLBDSNJ,AW100,C_C2,NOEARN_UNEMP_WO_CONBEN,NO,YES,49.4
FRA,2025,TLBDSNJ,AW100,C_C2,NOEARN_UNEMP_WO_CONBEN,NO,YES,49.3
DEU,2023,TLBDSNJ,AW100,C_C2,NOEARN_UNEMP_WO_CONBEN,NO,YES,51.6
DEU,2024,TLBDSNJ,AW100,C_C2,NOEARN_UNEMP_WO_CONBEN,NO,YES,54.1
DEU,2025,TLBDSNJ,AW100,C_C2,NOEARN_UNEMP_WO_CONBEN,NO,YES,53.6
ITA,2023,TLBDSNJ,AW100,C_C2,NOEARN_UNEMP_WO_CONBEN,NO,YES,51.7
ITA,2024,TLBDSNJ,AW100,C_C2,NOEARN_UNEMP_WO_CONBEN,NO,YES,50.1
ITA,2025,TLBDSNJ,AW100,C_C2,NOEARN_UNEMP_WO_CONBEN,NO,YES,48.9
NLD,2023,TLBDSNJ,AW100,C_C2,NOEARN_UNEMP_WO_CONBEN,NO,YES,73.3
NLD,2024,TLBDSNJ,AW100,C_C2,NOEARN_UNEMP_WO_CONBEN,NO,YES,74.4
POL,2023,TLBDSNJ,AW100,C_C2,NOEARN_UNEMP_WO_CONBEN,NO,YES,54
POL,2024,TLBDSNJ,AW100,C_C2,NOEARN_UNEMP_WO_CONBEN,NO,YES,51.6
POL,2025,TLBDSNJ,AW100,C_C2,NOEARN_UNEMP_WO_CONBEN,NO,YES,60.2
ESP,2023,TLBDSNJ,AW100,C_C2,NOEARN_UNEMP_WO_CONBEN,NO,YES,58.1
ESP,2024,TLBDSNJ,AW100,C_C2,NOEARN_UNEMP_WO_CONBEN,NO,YES,59.8
ESP,2025,TLBDSNJ,AW100,C_C2,NOEARN_UNEMP_WO_CONBEN,NO,YES,63.2
SWE,2023,TLBDSNJ,AW100,C_C2,NOEARN_UNEMP_WO_CONBEN,NO,YES,49.6
SWE,2024,TLBDSNJ,AW100,C_C2,NOEARN_UNEMP_WO_CONBEN,NO,YES,50.3
SWE,2025,TLBDSNJ,AW100,C_C2,NOEARN_UNEMP_WO_CONBEN,NO,YES,50
GBR,2023,TLBDSNJ,AW100,C_C2,NOEARN_UNEMP_WO_CONBEN,NO,YES,49.2
GBR,2024,TLBDSNJ,AW100,C_C2,NOEARN_UNEMP_WO_CONBEN,NO,YES,49.3
GBR,2025,TLBDSNJ,AW100,C_C2,NOEARN_UNEMP_WO_CONBEN,NO,YES,49.4
USA,2023,TLBDSNJ,AW100,C_C2,NOEARN_UNEMP_WO_CONBEN,NO,YES,38.3
USA,2024,TLBDSNJ,AW100,C_C2,NOEARN_UNEMP_WO_CONBEN,NO,YES,38.3
USA,2025,TLBDSNJ,AW100,C_C2,NOEARN_UNEMP_WO_CONBEN,NO,YES,37.8
OECD,2023,TLBDSNJ,AW100,C_C2,NOEARN_UNEMP_WO_CONBEN,NO,YES,51.8
OECD,2024,TLBDSNJ,AW100,C_C2,NOEARN_UNEMP_WO_CONBEN,NO,YES,52.2
OECD,2025,TLBDSNJ,AW100,C_C2,NOEARN_UNEMP_WO_CONBEN,NO,YES,51
AUT,2023,TLBDSNJ,AW100,C_C2,NOEARN_UNEMP_WO_CONBEN,YES,YES,71.6
AUT,2024,TLBDSNJ,AW100,C_C2,NOEARN_UNEMP_WO_CONBEN,YES,YES,70
AUT,2025,TLBDSNJ,AW100,C_C2,NOEARN_UNEMP_WO_CONBEN,YES,YES,76.7
BEL,2023,TLBDSNJ,AW100,C_C2,NOEARN_UNEMP_WO_CONBEN,YES,YES,66
BEL,2024,TLBDSNJ,AW100,C_C2,NOEARN_UNEMP_WO_CONBEN,YES,YES,66.1
BEL,2025,TLBDSNJ,AW100,C_C2,NOEARN_UNEMP_WO_CONBEN,YES,YES,66.4
DNK,2023,TLBDSNJ,AW100,C_C2,NOEARN_UNEMP_WO_CONBEN,YES,YES,87.4
DNK,2024,TLBDSNJ,AW100,C_C2,NOEARN_UNEMP_WO_CONBEN,YES,YES,86.2
FRA,2023,TLBDSNJ,AW100,C_C2,NOEARN_UNEMP_WO_CONBEN,YES,YES,57.2
FRA,2024,TLBDSNJ,AW100,C_C2,NOEARN_UNEMP_WO_CONBEN,YES,YES,57.3
FRA,2025,TLBDSNJ,AW100,C_C2,NOEARN_UNEMP_WO_CONBEN,YES,YES,57.2
DEU,2023,TLBDSNJ,AW100,C_C2,NOEARN_UNEMP_WO_CONBEN,YES,YES,68.2
DEU,2024,TLBDSNJ,AW100,C_C2,NOEARN_UNEMP_WO_CONBEN,YES,YES,70
DEU,2025,TLBDSNJ,AW100,C_C2,NOEARN_UNEMP_WO_CONBEN,YES,YES,68.8
ITA,2023,TLBDSNJ,AW100,C_C2,NOEARN_UNEMP_WO_CONBEN,YES,YES,61.5
ITA,2024,TLBDSNJ,AW100,C_C2,NOEARN_UNEMP_WO_CONBEN,YES,YES,59.6
ITA,2025,TLBDSNJ,AW100,C_C2,NOEARN_UNEMP_WO_CONBEN,YES,YES,59
NLD,2023,TLBDSNJ,AW100,C_C2,NOEARN_UNEMP_WO_CONBEN,YES,YES,80.7
NLD,2024,TLBDSNJ,AW100,C_C2,NOEARN_UNEMP_WO_CONBEN,YES,YES,82
POL,2023,TLBDSNJ,AW100,C_C2,NOEARN_UNEMP_WO_CONBEN,YES,YES,51.5
POL,2024,TLBDSNJ,AW100,C_C2,NOEARN_UNEMP_WO_CONBEN,YES,YES,49.1
POL,2025,TLBDSNJ,AW100,C_C2,NOEARN_UNEMP_WO_CONBEN,YES,YES,57.8
ESP,2023,TLBDSNJ,AW100,C_C2,NOEARN_UNEMP_WO_CONBEN,YES,YES,68.1
ESP,2024,TLBDSNJ,AW100,C_C2,NOEARN_UNEMP_WO_CONBEN,YES,YES,69.8
ESP,2025,TLBDSNJ,AW100,C_C2,NOEARN_UNEMP_WO_CONBEN,YES,YES,73.2
SWE,2023,TLBDSNJ,AW100,C_C2,NOEARN_UNEMP_WO_CONBEN,YES,YES,69.6
SWE,2024,TLBDSNJ,AW100,C_C2,NOEARN_UNEMP_WO_CONBEN,YES,YES,70.3
SWE,2025,TLBDSNJ,AW100,C_C2,NOEARN_UNEMP_WO_CONBEN,YES,YES,70
GBR,2023,TLBDSNJ,AW100,C_C2,NOEARN_UNEMP_WO_CONBEN,YES,YES,60.9
GBR,2024,TLBDSNJ,AW100,C_C2,NOEARN_UNEMP_WO_CONBEN,YES,YES,59.6
GBR,2025,TLBDSNJ,AW100,C_C2,NOEARN_UNEMP_WO_CONBEN,YES,YES,60.2
USA,2023,TLBDSNJ,AW100,C_C2,NOEARN_UNEMP_WO_CONBEN,YES,YES,40.5
USA,2024,TLBDSNJ,AW100,C_C2,NOEARN_UNEMP_WO_CONBEN,YES,YES,40.3
USA,2025,TLBDSNJ,AW100,C_C2,NOEARN_UNEMP_WO_CONBEN,YES,YES,39.7
OECD,2023,TLBDSNJ,AW100,C_C2,NOEARN_UNEMP_WO_CONBEN,YES,YES,58.4
OECD,2024,TLBDSNJ,AW100,C_C2,NOEARN_UNEMP_WO_CONBEN,YES,YES,59.3
OECD,2025,TLBDSNJ,AW100,C_C2,NOEARN_UNEMP_WO_CONBEN,YES,YES,58.6
AUT,2023,TLBDSNJ,AW100,C_C2,NOEARN_UNEMP_WO_CONBEN,YES,NO,71.6
AUT,2024,TLBDSNJ,AW100,C_C2,NOEARN_UNEMP_WO_CONBEN,YES,NO,70
AUT,2025,TLBDSNJ,AW100,C_C2,NOEARN_UNEMP_WO_CONBEN,YES,NO,76.7
BEL,2023,TLBDSNJ,AW100,C_C2,NOEARN_UNEMP_WO_CONBEN,YES,NO,66
BEL,2024,TLBDSNJ,AW100,C_C2,NOEARN_UNEMP_WO_CONBEN,YES,NO,66.1
BEL,2025,TLBDSNJ,AW100,C_C2,NOEARN_UNEMP_WO_CONBEN,YES,NO,66.4
DNK,2023,TLBDSNJ,AW100,C_C2,NOEARN_UNEMP_WO_CONBEN,YES,NO,87.4
DNK,2024,TLBDSNJ,AW100,C_C2,NOEARN_UNEMP_WO_CONBEN,YES,NO,86.2
FRA,2023,TLBDSNJ,AW100,C_C2,NOEARN_UNEMP_WO_CONBEN,YES,NO,57.2
FRA,2024,TLBDSNJ,AW100,C_C2,NOEARN_UNEMP_WO_CONBEN,YES,NO,57.3
FRA,2025,TLBDSNJ,AW100,C_C2,NOEARN_UNEMP_WO_CONBEN,YES,NO,57.2
DEU,2023,TLBDSNJ,AW100,C_C2,NOEARN_UNEMP_WO_CONBEN,YES,NO,68.2
DEU,2024,TLBDSNJ,AW100,C_C2,NOEARN_UNEMP_WO_CONBEN,YES,NO,70
DEU,2025,TLBDSNJ,AW100,C_C2,NOEARN_UNEMP_WO_CONBEN,YES,NO,68.8
ITA,2023,TLBDSNJ,AW100,C_C2,NOEARN_UNEMP_WO_CONBEN,YES,NO,61.5
ITA,2024,TLBDSNJ,AW100,C_C2,NOEARN_UNEMP_WO_CONBEN,YES,NO,59.6
ITA,2025,TLBDSNJ,AW100,C_C2,NOEARN_UNEMP_WO_CONBEN,YES,NO,59
NLD,2023,TLBDSNJ,AW100,C_C2,NOEARN_UNEMP_WO_CONBEN,YES,NO,80.7
NLD,2024,TLBDSNJ,AW100,C_C2,NOEARN_UNEMP_WO_CONBEN,YES,NO,82
POL,2023,TLBDSNJ,AW100,C_C2,NOEARN_UNEMP_WO_CONBEN,YES,NO,51.5
POL,2024,TLBDSNJ,AW100,C_C2,NOEARN_UNEMP_WO_CONBEN,YES,NO,49.1
POL,2025,TLBDSNJ,AW100,C_C2,NOEARN_UNEMP_WO_CONBEN,YES,NO,57.8
ESP,2023,TLBDSNJ,AW100,C_C2,NOEARN_UNEMP_WO_CONBEN,YES,NO,68.1
ESP,2024,TLBDSNJ,AW100,C_C2,NOEARN_UNEMP_WO_CONBEN,YES,NO,69.8
ESP,2025,TLBDSNJ,AW100,C_C2,NOEARN_UNEMP_WO_CONBEN,YES,NO,73.2
SWE,2023,TLBDSNJ,AW100,C_C2,NOEARN_UNEMP_WO_CONBEN,YES,NO,69.6
SWE,2024,TLBDSNJ,AW100,C_C2,NOEARN_UNEMP_WO_CONBEN,YES,NO,70.3
SWE,2025,TLBDSNJ,AW100,C_C2,NOEARN_UNEMP_WO_CONBEN,YES,NO,70
GBR,2023,TLBDSNJ,AW100,C_C2,NOEARN_UNEMP_WO_CONBEN,YES,NO,60.9
GBR,2024,TLBDSNJ,AW100,C_C2,NOEARN_UNEMP_WO_CONBEN,YES,NO,59.6
GBR,2025,TLBDSNJ,AW100,C_C2,NOEARN_UNEMP_WO_CONBEN,YES,NO,60.2
USA,2023,TLBDSNJ,AW100,C_C2,NOEARN_UNEMP_WO_CONBEN,YES,NO,40.5
USA,2024,TLBDSNJ,AW100,C_C2,NOEARN_UNEMP_WO_CONBEN,YES,NO,40.3
USA,2025,TLBDSNJ,AW100,C_C2,NOEARN_UNEMP_WO_CONBEN,YES,NO,39.7
OECD,2023,TLBDSNJ,AW100,C_C2,NOEARN_UNEMP_WO_CONBEN,YES,NO,61.8
OECD,2024,TLBDSNJ,AW100,C_C2,NOEARN_UNEMP_WO_CONBEN,YES,NO,62.3
OECD,2025,TLBDSNJ,AW100,C_C2,NOEARN_UNEMP_WO_CONBEN,YES,NO,61.8
AUT,2023,TLBDSNJ,AW67,C_C2,NOEARN_UNEMP_WO_CONBEN,NO,NO,72.7
AUT,2024,TLBDSNJ,AW67,C_C2,NOEARN_UNEMP_WO_CONBEN,NO,NO,70.8
AUT,2025,TLBDSNJ,AW67,C_C2,NOEARN_UNEMP_WO_CONBEN,NO,NO,74.9
BEL,2023,TLBDSNJ,AW67,C_C2,NOEARN_UNEMP_WO_CONBEN,NO,NO,70.2
BEL,2024,TLBDSNJ,AW67,C_C2,NOEARN_UNEMP_WO_CONBEN,NO,NO,70.5
BEL,2025,TLBDSNJ,AW67,C_C2,NOEARN_UNEMP_WO_CONBEN,NO,NO,71.4
DNK,2023,TLBDSNJ,AW67,C_C2,NOEARN_UNEMP_WO_CONBEN,NO,NO,87.4
DNK,2024,TLBDSNJ,AW67,C_C2,NOEARN_UNEMP_WO_CONBEN,NO,NO,87.7
FRA,2023,TLBDSNJ,AW67,C_C2,NOEARN_UNEMP_WO_CONBEN,NO,NO,46.9
FRA,2024,TLBDSNJ,AW67,C_C2,NOEARN_UNEMP_WO_CONBEN,NO,NO,46.9
FRA,2025,TLBDSNJ,AW67,C_C2,NOEARN_UNEMP_WO_CONBEN,NO,NO,46.8
DEU,2023,TLBDSNJ,AW67,C_C2,NOEARN_UNEMP_WO_CONBEN,NO,NO,51.1
DEU,2024,TLBDSNJ,AW67,C_C2,NOEARN_UNEMP_WO_CONBEN,NO,NO,52.5
DEU,2025,TLBDSNJ,AW67,C_C2,NOEARN_UNEMP_WO_CONBEN,NO,NO,52.4
ITA,2023,TLBDSNJ,AW67,C_C2,NOEARN_UNEMP_WO_CONBEN,NO,NO,54.1
ITA,2024,TLBDSNJ,AW67,C_C2,NOEARN_UNEMP_WO_CONBEN,NO,NO,47.5
ITA,2025,TLBDSNJ,AW67,C_C2,NOEARN_UNEMP_WO_CONBEN,NO,NO,50.4
NLD,2023,TLBDSNJ,AW67,C_C2,NOEARN_UNEMP_WO_CONBEN,NO,NO,77.6
NLD,2024,TLBDSNJ,AW67,C_C2,NOEARN_UNEMP_WO_CONBEN,NO,NO,79.7
POL,2023,TLBDSNJ,AW67,C_C2,NOEARN_UNEMP_WO_CONBEN,NO,NO,67.6
POL,2024,TLBDSNJ,AW67,C_C2,NOEARN_UNEMP_WO_CONBEN,NO,NO,62.6
POL,2025,TLBDSNJ,AW67,C_C2,NOEARN_UNEMP_WO_CONBEN,NO,NO,74.6
ESP,2023,TLBDSNJ,AW67,C_C2,NOEARN_UNEMP_WO_CONBEN,NO,NO,72.2
ESP,2024,TLBDSNJ,AW67,C_C2,NOEARN_UNEMP_WO_CONBEN,NO,NO,75.1
ESP,2025,TLBDSNJ,AW67,C_C2,NOEARN_UNEMP_WO_CONBEN,NO,NO,79.3
SWE,2023,TLBDSNJ,AW67,C_C2,NOEARN_UNEMP_WO_CONBEN,NO,NO,59
SWE,2024,TLBDSNJ,AW67,C_C2,NOEARN_UNEMP_WO_CONBEN,NO,NO,60.5
SWE,2025,TLBDSNJ,AW67,C_C2,NOEARN_UNEMP_WO_CONBEN,NO,NO,60.3
GBR,2023,TLBDSNJ,AW67,C_C2,NOEARN_UNEMP_WO_CONBEN,NO,NO,52.1
GBR,2024,TLBDSNJ,AW67,C_C2,NOEARN_UNEMP_WO_CONBEN,NO,NO,49.9
GBR,2025,TLBDSNJ,AW67,C_C2,NOEARN_UNEMP_WO_CONBEN,NO,NO,50.6
USA,2023,TLBDSNJ,AW67,C_C2,NOEARN_UNEMP_WO_CONBEN,NO,NO,37.6
USA,2024,TLBDSNJ,AW67,C_C2,NOEARN_UNEMP_WO_CONBEN,NO,NO,35.5
USA,2025,TLBDSNJ,AW67,C_C2,NOEARN_UNEMP_WO_CONBEN,NO,NO,34.9
OECD,2023,TLBDSNJ,AW67,C_C2,NOEARN_UNEMP_WO_CONBEN,NO,NO,59.5
OECD,2024,TLBDSNJ,AW67,C_C2,NOEARN_UNEMP_WO_CONBEN,NO,NO,59.5
OECD,2025,TLBDSNJ,AW67,C_C2,NOEARN_UNEMP_WO_CONBEN,NO,NO,59.2
AUT,2023,TLBDSNJ,AW67,C_C2,NOEARN_UNEMP_WO_CONBEN,NO,YES,72.7
AUT,2024,TLBDSNJ,AW67,C_C2,NOEARN_UNEMP_WO_CONBEN,NO,YES,70.8
AUT,2025,TLBDSNJ,AW67,C_C2,NOEARN_UNEMP_WO_CONBEN,NO,YES,74.9
BEL,2023,TLBDSNJ,AW67,C_C2,NOEARN_UNEMP_WO_CONBEN,NO,YES,70.2
BEL,2024,TLBDSNJ,AW67,C_C2,NOEARN_UNEMP_WO_CONBEN,NO,YES,70.5
BEL,2025,TLBDSNJ,AW67,C_C2,NOEARN_UNEMP_WO_CONBEN,NO,YES,71.4
DNK,2023,TLBDSNJ,AW67,C_C2,NOEARN_UNEMP_WO_CONBEN,NO,YES,87.4
DNK,2024,TLBDSNJ,AW67,C_C2,NOEARN_UNEMP_WO_CONBEN,NO,YES,87.7
FRA,2023,TLBDSNJ,AW67,C_C2,NOEARN_UNEMP_WO_CONBEN,NO,YES,46.9
FRA,2024,TLBDSNJ,AW67,C_C2,NOEARN_UNEMP_WO_CONBEN,NO,YES,46.9
FRA,2025,TLBDSNJ,AW67,C_C2,NOEARN_UNEMP_WO_CONBEN,NO,YES,46.8
DEU,2023,TLBDSNJ,AW67,C_C2,NOEARN_UNEMP_WO_CONBEN,NO,YES,51.1
DEU,2024,TLBDSNJ,AW67,C_C2,NOEARN_UNEMP_WO_CONBEN,NO,YES,52.5
DEU,2025,TLBDSNJ,AW67,C_C2,NOEARN_UNEMP_WO_CONBEN,NO,YES,52.4
ITA,2023,TLBDSNJ,AW67,C_C2,NOEARN_UNEMP_WO_CONBEN,NO,YES,54.1
ITA,2024,TLBDSNJ,AW67,C_C2,NOEARN_UNEMP_WO_CONBEN,NO,YES,47.5
ITA,2025,TLBDSNJ,AW67,C_C2,NOEARN_UNEMP_WO_CONBEN,NO,YES,50.4
NLD,2023,TLBDSNJ,AW67,C_C2,NOEARN_UNEMP_WO_CONBEN,NO,YES,77.6
NLD,2024,TLBDSNJ,AW67,C_C2,NOEARN_UNEMP_WO_CONBEN,NO,YES,79.7
POL,2023,TLBDSNJ,AW67,C_C2,NOEARN_UNEMP_WO_CONBEN,NO,YES,67.6
POL,2024,TLBDSNJ,AW67,C_C2,NOEARN_UNEMP_WO_CONBEN,NO,YES,62.6
POL,2025,TLBDSNJ,AW67,C_C2,NOEARN_UNEMP_WO_CONBEN,NO,YES,74.6
ESP,2023,TLBDSNJ,AW67,C_C2,NOEARN_UNEMP_WO_CONBEN,NO,YES,55.1
ESP,2024,TLBDSNJ,AW67,C_C2,NOEARN_UNEMP_WO_CONBEN,NO,YES,54.9
ESP,2025,TLBDSNJ,AW67,C_C2,NOEARN_UNEMP_WO_CONBEN,NO,YES,49
SWE,2023,TLBDSNJ,AW67,C_C2,NOEARN_UNEMP_WO_CONBEN,NO,YES,59
SWE,2024,TLBDSNJ,AW67,C_C2,NOEARN_UNEMP_WO_CONBEN,NO,YES,60.5
SWE,2025,TLBDSNJ,AW67,C_C2,NOEARN_UNEMP_WO_CONBEN,NO,YES,60.3
GBR,2023,TLBDSNJ,AW67,C_C2,NOEARN_UNEMP_WO_CONBEN,NO,YES,52.1
GBR,2024,TLBDSNJ,AW67,C_C2,NOEARN_UNEMP_WO_CONBEN,NO,YES,49.9
GBR,2025,TLBDSNJ,AW67,C_C2,NOEARN_UNEMP_WO_CONBEN,NO,YES,50.6
USA,2023,TLBDSNJ,AW67,C_C2,NOEARN_UNEMP_WO_CONBEN,NO,YES,37.6
USA,2024,TLBDSNJ,AW67,C_C2,NOEARN_UNEMP_WO_CONBEN,NO,YES,35.5
USA,2025,TLBDSNJ,AW67,C_C2,NOEARN_UNEMP_WO_CONBEN,NO,YES,34.9
OECD,2023,TLBDSNJ,AW67,C_C2,NOEARN_UNEMP_WO_CONBEN,NO,YES,55.4
OECD,2024,TLBDSNJ,AW67,C_C2,NOEARN_UNEMP_WO_CONBEN,NO,YES,55.2
OECD,2025,TLBDSNJ,AW67,C_C2,NOEARN_UNEMP_WO_CONBEN,NO,YES,54
AUT,2023,TLBDSNJ,AW67,C_C2,NOEARN_UNEMP_WO_CONBEN,YES,YES,85.7
AUT,2024,TLBDSNJ,AW67,C_C2,NOEARN_UNEMP_WO_CONBEN,YES,YES,82.8
AUT,2025,TLBDSNJ,AW67,C_C2,NOEARN_UNEMP_WO_CONBEN,YES,YES,92.8
BEL,2023,TLBDSNJ,AW67,C_C2,NOEARN_UNEMP_WO_CONBEN,YES,YES,70.2
BEL,2024,TLBDSNJ,AW67,C_C2,NOEARN_UNEMP_WO_CONBEN,YES,YES,70.5
BEL,2025,TLBDSNJ,AW67,C_C2,NOEARN_UNEMP_WO_CONBEN,YES,YES,71.4
DNK,2023,TLBDSNJ,AW67,C_C2,NOEARN_UNEMP_WO_CONBEN,YES,YES,83.6
DNK,2024,TLBDSNJ,AW67,C_C2,NOEARN_UNEMP_WO_CONBEN,YES,YES,83.5
FRA,2023,TLBDSNJ,AW67,C_C2,NOEARN_UNEMP_WO_CONBEN,YES,YES,58.5
FRA,2024,TLBDSNJ,AW67,C_C2,NOEARN_UNEMP_WO_CONBEN,YES,YES,58.7
FRA,2025,TLBDSNJ,AW67,C_C2,NOEARN_UNEMP_WO_CONBEN,YES,YES,58.6
DEU,2023,TLBDSNJ,AW67,C_C2,NOEARN_UNEMP_WO_CONBEN,YES,YES,62.8
DEU,2024,TLBDSNJ,AW67,C_C2,NOEARN_UNEMP_WO_CONBEN,YES,YES,65.1
DEU,2025,TLBDSNJ,AW67,C_C2,NOEARN_UNEMP_WO_CONBEN,YES,YES,63.9
ITA,2023,TLBDSNJ,AW67,C_C2,NOEARN_UNEMP_WO_CONBEN,YES,YES,68.1
ITA,2024,TLBDSNJ,AW67,C_C2,NOEARN_UNEMP_WO_CONBEN,YES,YES,61.1
ITA,2025,TLBDSNJ,AW67,C_C2,NOEARN_UNEMP_WO_CONBEN,YES,YES,64.7
NLD,2023,TLBDSNJ,AW67,C_C2,NOEARN_UNEMP_WO_CONBEN,YES,YES,80.3
NLD,2024,TLBDSNJ,AW67,C_C2,NOEARN_UNEMP_WO_CONBEN,YES,YES,82.1
POL,2023,TLBDSNJ,AW67,C_C2,NOEARN_UNEMP_WO_CONBEN,YES,YES,55
POL,2024,TLBDSNJ,AW67,C_C2,NOEARN_UNEMP_WO_CONBEN,YES,YES,50
POL,2025,TLBDSNJ,AW67,C_C2,NOEARN_UNEMP_WO_CONBEN,YES,YES,62
ESP,2023,TLBDSNJ,AW67,C_C2,NOEARN_UNEMP_WO_CONBEN,YES,YES,70
ESP,2024,TLBDSNJ,AW67,C_C2,NOEARN_UNEMP_WO_CONBEN,YES,YES,69.9
ESP,2025,TLBDSNJ,AW67,C_C2,NOEARN_UNEMP_WO_CONBEN,YES,YES,63.9
SWE,2023,TLBDSNJ,AW67,C_C2,NOEARN_UNEMP_WO_CONBEN,YES,YES,88.9
SWE,2024,TLBDSNJ,AW67,C_C2,NOEARN_UNEMP_WO_CONBEN,YES,YES,90.4
SWE,2025,TLBDSNJ,AW67,C_C2,NOEARN_UNEMP_WO_CONBEN,YES,YES,90.2
GBR,2023,TLBDSNJ,AW67,C_C2,NOEARN_UNEMP_WO_CONBEN,YES,YES,56.7
GBR,2024,TLBDSNJ,AW67,C_C2,NOEARN_UNEMP_WO_CONBEN,YES,YES,55
GBR,2025,TLBDSNJ,AW67,C_C2,NOEARN_UNEMP_WO_CONBEN,YES,YES,55.5
USA,2023,TLBDSNJ,AW67,C_C2,NOEARN_UNEMP_WO_CONBEN,YES,YES,40.8
USA,2024,TLBDSNJ,AW67,C_C2,NOEARN_UNEMP_WO_CONBEN,YES,YES,38.5
USA,2025,TLBDSNJ,AW67,C_C2,NOEARN_UNEMP_WO_CONBEN,YES,YES,37.7
OECD,2023,TLBDSNJ,AW67,C_C2,NOEARN_UNEMP_WO_CONBEN,YES,YES,61.8
OECD,2024,TLBDSNJ,AW67,C_C2,NOEARN_UNEMP_WO_CONBEN,YES,YES,62.6
OECD,2025,TLBDSNJ,AW67,C_C2,NOEARN_UNEMP_WO_CONBEN,YES,YES,62.8
AUT,2023,TLBDSNJ,AW67,C_C2,NOEARN_UNEMP_WO_CONBEN,YES,NO,85.7
AUT,2024,TLBDSNJ,AW67,C_C2,NOEARN_UNEMP_WO_CONBEN,YES,NO,82.8
AUT,2025,TLBDSNJ,AW67,C_C2,NOEARN_UNEMP_WO_CONBEN,YES,NO,92.8
BEL,2023,TLBDSNJ,AW67,C_C2,NOEARN_UNEMP_WO_CONBEN,YES,NO,70.2
BEL,2024,TLBDSNJ,AW67,C_C2,NOEARN_UNEMP_WO_CONBEN,YES,NO,70.5
BEL,2025,TLBDSNJ,AW67,C_C2,NOEARN_UNEMP_WO_CONBEN,YES,NO,71.4
DNK,2023,TLBDSNJ,AW67,C_C2,NOEARN_UNEMP_WO_CONBEN,YES,NO,83.6
DNK,2024,TLBDSNJ,AW67,C_C2,NOEARN_UNEMP_WO_CONBEN,YES,NO,83.5
FRA,2023,TLBDSNJ,AW67,C_C2,NOEARN_UNEMP_WO_CONBEN,YES,NO,58.5
FRA,2024,TLBDSNJ,AW67,C_C2,NOEARN_UNEMP_WO_CONBEN,YES,NO,58.7
FRA,2025,TLBDSNJ,AW67,C_C2,NOEARN_UNEMP_WO_CONBEN,YES,NO,58.6
DEU,2023,TLBDSNJ,AW67,C_C2,NOEARN_UNEMP_WO_CONBEN,YES,NO,62.8
DEU,2024,TLBDSNJ,AW67,C_C2,NOEARN_UNEMP_WO_CONBEN,YES,NO,65.1
DEU,2025,TLBDSNJ,AW67,C_C2,NOEARN_UNEMP_WO_CONBEN,YES,NO,63.9
ITA,2023,TLBDSNJ,AW67,C_C2,NOEARN_UNEMP_WO_CONBEN,YES,NO,68.1
ITA,2024,TLBDSNJ,AW67,C_C2,NOEARN_UNEMP_WO_CONBEN,YES,NO,61.1
ITA,2025,TLBDSNJ,AW67,C_C2,NOEARN_UNEMP_WO_CONBEN,YES,NO,64.7
NLD,2023,TLBDSNJ,AW67,C_C2,NOEARN_UNEMP_WO_CONBEN,YES,NO,80.3
NLD,2024,TLBDSNJ,AW67,C_C2,NOEARN_UNEMP_WO_CONBEN,YES,NO,82.1
POL,2023,TLBDSNJ,AW67,C_C2,NOEARN_UNEMP_WO_CONBEN,YES,NO,55
POL,2024,TLBDSNJ,AW67,C_C2,NOEARN_UNEMP_WO_CONBEN,YES,NO,50
POL,2025,TLBDSNJ,AW67,C_C2,NOEARN_UNEMP_WO_CONBEN,YES,NO,62
ESP,2023,TLBDSNJ,AW67,C_C2,NOEARN_UNEMP_WO_CONBEN,YES,NO,75.9
ESP,2024,TLBDSNJ,AW67,C_C2,NOEARN_UNEMP_WO_CONBEN,YES,NO,78.3
ESP,2025,TLBDSNJ,AW67,C_C2,NOEARN_UNEMP_WO_CONBEN,YES,NO,82.5
SWE,2023,TLBDSNJ,AW67,C_C2,NOEARN_UNEMP_WO_CONBEN,YES,NO,88.9
SWE,2024,TLBDSNJ,AW67,C_C2,NOEARN_UNEMP_WO_CONBEN,YES,NO,90.4
SWE,2025,TLBDSNJ,AW67,C_C2,NOEARN_UNEMP_WO_CONBEN,YES,NO,90.2
GBR,2023,TLBDSNJ,AW67,C_C2,NOEARN_UNEMP_WO_CONBEN,YES,NO,56.7
GBR,2024,TLBDSNJ,AW67,C_C2,NOEARN_UNEMP_WO_CONBEN,YES,NO,55
GBR,2025,TLBDSNJ,AW67,C_C2,NOEARN_UNEMP_WO_CONBEN,YES,NO,55.5
USA,2023,TLBDSNJ,AW67,C_C2,NOEARN_UNEMP_WO_CONBEN,YES,NO,40.8
USA,2024,TLBDSNJ,AW67,C_C2,NOEARN_UNEMP_WO_CONBEN,YES,NO,38.5
USA,2025,TLBDSNJ,AW67,C_C2,NOEARN_UNEMP_WO_CONBEN,YES,NO,37.7
OECD,2023,TLBDSNJ,AW67,C_C2,NOEARN_UNEMP_WO_CONBEN,YES,NO,66.1
OECD,2024,TLBDSNJ,AW67,C_C2,NOEARN_UNEMP_WO_CONBEN,YES,NO,67.1
OECD,2025,TLBDSNJ,AW67,C_C2,NOEARN_UNEMP_WO_CONBEN,YES,NO,68.1
BEL,2023,TLBDSNJ,MINW,C_C2,NOEARN_UNEMP_WO_CONBEN,YES,NO,82
BEL,2024,TLBDSNJ,MINW,C_C2,NOEARN_UNEMP_WO_CONBEN,YES,NO,83
BEL,2025,TLBDSNJ,MINW,C_C2,NOEARN_UNEMP_WO_CONBEN,YES,NO,81.6
FRA,2023,TLBDSNJ,MINW,C_C2,NOEARN_UNEMP_WO_CONBEN,YES,NO,55.3
FRA,2024,TLBDSNJ,MINW,C_C2,NOEARN_UNEMP_WO_CONBEN,YES,NO,54.9
FRA,2025,TLBDSNJ,MINW,C_C2,NOEARN_UNEMP_WO_CONBEN,YES,NO,54.8
DEU,2023,TLBDSNJ,MINW,C_C2,NOEARN_UNEMP_WO_CONBEN,YES,NO,53.8
DEU,2024,TLBDSNJ,MINW,C_C2,NOEARN_UNEMP_WO_CONBEN,YES,NO,58.9
DEU,2025,TLBDSNJ,MINW,C_C2,NOEARN_UNEMP_WO_CONBEN,YES,NO,56
NLD,2023,TLBDSNJ,MINW,C_C2,NOEARN_UNEMP_WO_CONBEN,YES,NO,90.7
NLD,2024,TLBDSNJ,MINW,C_C2,NOEARN_UNEMP_WO_CONBEN,YES,NO,91.7
POL,2023,TLBDSNJ,MINW,C_C2,NOEARN_UNEMP_WO_CONBEN,YES,NO,58.2
POL,2024,TLBDSNJ,MINW,C_C2,NOEARN_UNEMP_WO_CONBEN,YES,NO,54.9
POL,2025,TLBDSNJ,MINW,C_C2,NOEARN_UNEMP_WO_CONBEN,YES,NO,69.6
ESP,2023,TLBDSNJ,MINW,C_C2,NOEARN_UNEMP_WO_CONBEN,YES,NO,91.7
ESP,2024,TLBDSNJ,MINW,C_C2,NOEARN_UNEMP_WO_CONBEN,YES,NO,93.7
ESP,2025,TLBDSNJ,MINW,C_C2,NOEARN_UNEMP_WO_CONBEN,YES,NO,99.4
GBR,2023,TLBDSNJ,MINW,C_C2,NOEARN_UNEMP_WO_CONBEN,YES,NO,50
GBR,2024,TLBDSNJ,MINW,C_C2,NOEARN_UNEMP_WO_CONBEN,YES,NO,49.3
GBR,2025,TLBDSNJ,MINW,C_C2,NOEARN_UNEMP_WO_CONBEN,YES,NO,50.2
USA,2023,TLBDSNJ,MINW,C_C2,NOEARN_UNEMP_WO_CONBEN,YES,NO,9.1
USA,2024,TLBDSNJ,MINW,C_C2,NOEARN_UNEMP_WO_CONBEN,YES,NO,-1.2
USA,2025,TLBDSNJ,MINW,C_C2,NOEARN_UNEMP_WO_CONBEN,YES,NO,-2.5
OECD,2023,TLBDSNJ,MINW,C_C2,NOEARN_UNEMP_WO_CONBEN,YES,NO,62.7
OECD,2024,TLBDSNJ,MINW,C_C2,NOEARN_UNEMP_WO_CONBEN,YES,NO,63.7
OECD,2025,TLBDSNJ,MINW,C_C2,NOEARN_UNEMP_WO_CONBEN,YES,NO,65.5
BEL,2023,TLBDSNJ,MINW,C_C2,NOEARN_UNEMP_WO_CONBEN,YES,YES,82
BEL,2024,TLBDSNJ,MINW,C_C2,NOEARN_UNEMP_WO_CONBEN,YES,YES,83
BEL,2025,TLBDSNJ,MINW,C_C2,NOEARN_UNEMP_WO_CONBEN,YES,YES,81.6
FRA,2023,TLBDSNJ,MINW,C_C2,NOEARN_UNEMP_WO_CONBEN,YES,YES,55.3
FRA,2024,TLBDSNJ,MINW,C_C2,NOEARN_UNEMP_WO_CONBEN,YES,YES,54.9
FRA,2025,TLBDSNJ,MINW,C_C2,NOEARN_UNEMP_WO_CONBEN,YES,YES,54.8
DEU,2023,TLBDSNJ,MINW,C_C2,NOEARN_UNEMP_WO_CONBEN,YES,YES,53.8
DEU,2024,TLBDSNJ,MINW,C_C2,NOEARN_UNEMP_WO_CONBEN,YES,YES,58.9
DEU,2025,TLBDSNJ,MINW,C_C2,NOEARN_UNEMP_WO_CONBEN,YES,YES,56
NLD,2023,TLBDSNJ,MINW,C_C2,NOEARN_UNEMP_WO_CONBEN,YES,YES,90.7
NLD,2024,TLBDSNJ,MINW,C_C2,NOEARN_UNEMP_WO_CONBEN,YES,YES,91.7
POL,2023,TLBDSNJ,MINW,C_C2,NOEARN_UNEMP_WO_CONBEN,YES,YES,58.2
POL,2024,TLBDSNJ,MINW,C_C2,NOEARN_UNEMP_WO_CONBEN,YES,YES,54.9
POL,2025,TLBDSNJ,MINW,C_C2,NOEARN_UNEMP_WO_CONBEN,YES,YES,69.6
ESP,2023,TLBDSNJ,MINW,C_C2,NOEARN_UNEMP_WO_CONBEN,YES,YES,56.9
ESP,2024,TLBDSNJ,MINW,C_C2,NOEARN_UNEMP_WO_CONBEN,YES,YES,55.6
ESP,2025,TLBDSNJ,MINW,C_C2,NOEARN_UNEMP_WO_CONBEN,YES,YES,52.6
GBR,2023,TLBDSNJ,MINW,C_C2,NOEARN_UNEMP_WO_CONBEN,YES,YES,50
GBR,2024,TLBDSNJ,MINW,C_C2,NOEARN_UNEMP_WO_CONBEN,YES,YES,49.3
GBR,2025,TLBDSNJ,MINW,C_C2,NOEARN_UNEMP_WO_CONBEN,YES,YES,50.2
USA,2023,TLBDSNJ,MINW,C_C2,NOEARN_UNEMP_WO_CONBEN,YES,YES,9.1
USA,2024,TLBDSNJ,MINW,C_C2,NOEARN_UNEMP_WO_CONBEN,YES,YES,-1.2
USA,2025,TLBDSNJ,MINW,C_C2,NOEARN_UNEMP_WO_CONBEN,YES,YES,-2.5
OECD,2023,TLBDSNJ,MINW,C_C2,NOEARN_UNEMP_WO_CONBEN,YES,YES,51.4
OECD,2024,TLBDSNJ,MINW,C_C2,NOEARN_UNEMP_WO_CONBEN,YES,YES,52.2
OECD,2025,TLBDSNJ,MINW,C_C2,NOEARN_UNEMP_WO_CONBEN,YES,YES,52.6
BEL,2023,TLBDSNJ,MINW,C_C2,NOEARN_UNEMP_WO_CONBEN,NO,YES,82
BEL,2024,TLBDSNJ,MINW,C_C2,NOEARN_UNEMP_WO_CONBEN,NO,YES,83
BEL,2025,TLBDSNJ,MINW,C_C2,NOEARN_UNEMP_WO_CONBEN,NO,YES,81.6
FRA,2023,TLBDSNJ,MINW,C_C2,NOEARN_UNEMP_WO_CONBEN,NO,YES,44.8
FRA,2024,TLBDSNJ,MINW,C_C2,NOEARN_UNEMP_WO_CONBEN,NO,YES,44.9
FRA,2025,TLBDSNJ,MINW,C_C2,NOEARN_UNEMP_WO_CONBEN,NO,YES,44.7
DEU,2023,TLBDSNJ,MINW,C_C2,NOEARN_UNEMP_WO_CONBEN,NO,YES,47.5
DEU,2024,TLBDSNJ,MINW,C_C2,NOEARN_UNEMP_WO_CONBEN,NO,YES,51.8
DEU,2025,TLBDSNJ,MINW,C_C2,NOEARN_UNEMP_WO_CONBEN,NO,YES,50.4
NLD,2023,TLBDSNJ,MINW,C_C2,NOEARN_UNEMP_WO_CONBEN,NO,YES,90.7
NLD,2024,TLBDSNJ,MINW,C_C2,NOEARN_UNEMP_WO_CONBEN,NO,YES,91.7
POL,2023,TLBDSNJ,MINW,C_C2,NOEARN_UNEMP_WO_CONBEN,NO,YES,78.7
POL,2024,TLBDSNJ,MINW,C_C2,NOEARN_UNEMP_WO_CONBEN,NO,YES,73.7
POL,2025,TLBDSNJ,MINW,C_C2,NOEARN_UNEMP_WO_CONBEN,NO,YES,88.1
ESP,2023,TLBDSNJ,MINW,C_C2,NOEARN_UNEMP_WO_CONBEN,NO,YES,36.9
ESP,2024,TLBDSNJ,MINW,C_C2,NOEARN_UNEMP_WO_CONBEN,NO,YES,35.8
ESP,2025,TLBDSNJ,MINW,C_C2,NOEARN_UNEMP_WO_CONBEN,NO,YES,32.9
GBR,2023,TLBDSNJ,MINW,C_C2,NOEARN_UNEMP_WO_CONBEN,NO,YES,43.1
GBR,2024,TLBDSNJ,MINW,C_C2,NOEARN_UNEMP_WO_CONBEN,NO,YES,41.8
GBR,2025,TLBDSNJ,MINW,C_C2,NOEARN_UNEMP_WO_CONBEN,NO,YES,43.1
USA,2023,TLBDSNJ,MINW,C_C2,NOEARN_UNEMP_WO_CONBEN,NO,YES,11.1
USA,2024,TLBDSNJ,MINW,C_C2,NOEARN_UNEMP_WO_CONBEN,NO,YES,1.8
USA,2025,TLBDSNJ,MINW,C_C2,NOEARN_UNEMP_WO_CONBEN,NO,YES,1
OECD,2023,TLBDSNJ,MINW,C_C2,NOEARN_UNEMP_WO_CONBEN,NO,YES,48.4
OECD,2024,TLBDSNJ,MINW,C_C2,NOEARN_UNEMP_WO_CONBEN,NO,YES,47.5
OECD,2025,TLBDSNJ,MINW,C_C2,NOEARN_UNEMP_WO_CONBEN,NO,YES,47.4
BEL,2023,TLBDSNJ,MINW,C_C2,NOEARN_UNEMP_WO_CONBEN,NO,NO,82
BEL,2024,TLBDSNJ,MINW,C_C2,NOEARN_UNEMP_WO_CONBEN,NO,NO,83
BEL,2025,TLBDSNJ,MINW,C_C2,NOEARN_UNEMP_WO_CONBEN,NO,NO,81.6
FRA,2023,TLBDSNJ,MINW,C_C2,NOEARN_UNEMP_WO_CONBEN,NO,NO,44.8
FRA,2024,TLBDSNJ,MINW,C_C2,NOEARN_UNEMP_WO_CONBEN,NO,NO,44.9
FRA,2025,TLBDSNJ,MINW,C_C2,NOEARN_UNEMP_WO_CONBEN,NO,NO,44.7
DEU,2023,TLBDSNJ,MINW,C_C2,NOEARN_UNEMP_WO_CONBEN,NO,NO,47.5
DEU,2024,TLBDSNJ,MINW,C_C2,NOEARN_UNEMP_WO_CONBEN,NO,NO,51.8
DEU,2025,TLBDSNJ,MINW,C_C2,NOEARN_UNEMP_WO_CONBEN,NO,NO,50.4
NLD,2023,TLBDSNJ,MINW,C_C2,NOEARN_UNEMP_WO_CONBEN,NO,NO,90.7
NLD,2024,TLBDSNJ,MINW,C_C2,NOEARN_UNEMP_WO_CONBEN,NO,NO,91.7
POL,2023,TLBDSNJ,MINW,C_C2,NOEARN_UNEMP_WO_CONBEN,NO,NO,78.7
POL,2024,TLBDSNJ,MINW,C_C2,NOEARN_UNEMP_WO_CONBEN,NO,NO,73.7
POL,2025,TLBDSNJ,MINW,C_C2,NOEARN_UNEMP_WO_CONBEN,NO,NO,88.1
ESP,2023,TLBDSNJ,MINW,C_C2,NOEARN_UNEMP_WO_CONBEN,NO,NO,91.7
ESP,2024,TLBDSNJ,MINW,C_C2,NOEARN_UNEMP_WO_CONBEN,NO,NO,93.2
ESP,2025,TLBDSNJ,MINW,C_C2,NOEARN_UNEMP_WO_CONBEN,NO,NO,97.1
GBR,2023,TLBDSNJ,MINW,C_C2,NOEARN_UNEMP_WO_CONBEN,NO,NO,43.1
GBR,2024,TLBDSNJ,MINW,C_C2,NOEARN_UNEMP_WO_CONBEN,NO,NO,41.8
GBR,2025,TLBDSNJ,MINW,C_C2,NOEARN_UNEMP_WO_CONBEN,NO,NO,43.1
USA,2023,TLBDSNJ,MINW,C_C2,NOEARN_UNEMP_WO_CONBEN,NO,NO,11.1
USA,2024,TLBDSNJ,MINW,C_C2,NOEARN_UNEMP_WO_CONBEN,NO,NO,1.8
USA,2025,TLBDSNJ,MINW,C_C2,NOEARN_UNEMP_WO_CONBEN,NO,NO,1
OECD,2023,TLBDSNJ,MINW,C_C2,NOEARN_UNEMP_WO_CONBEN,NO,NO,60.2
OECD,2024,TLBDSNJ,MINW,C_C2,NOEARN_UNEMP_WO_CONBEN,NO,NO,59.3
OECD,2025,TLBDSNJ,MINW,C_C2,NOEARN_UNEMP_WO_CONBEN,NO,NO,60.3
BEL,2023,TLBDSNJ,MINW,C_C2,AW100,YES,NO,31.6
BEL,2024,TLBDSNJ,MINW,C_C2,AW100,YES,NO,30.7
BEL,2025,TLBDSNJ,MINW,C_C2,AW100,YES,NO,29.1
FRA,2023,TLBDSNJ,MINW,C_C2,AW100,YES,NO,34
FRA,2024,TLBDSNJ,MINW,C_C2,AW100,YES,NO,32.3
FRA,2025,TLBDSNJ,MINW,C_C2,AW100,YES,NO,34.2
DEU,2023,TLBDSNJ,MINW,C_C2,AW100,YES,NO,42.3
DEU,2024,TLBDSNJ,MINW,C_C2,AW100,YES,NO,42.4
DEU,2025,TLBDSNJ,MINW,C_C2,AW100,YES,NO,42.9
NLD,2023,TLBDSNJ,MINW,C_C2,AW100,YES,NO,9.5
NLD,2024,TLBDSNJ,MINW,C_C2,AW100,YES,NO,9.3
POL,2023,TLBDSNJ,MINW,C_C2,AW100,YES,NO,36
POL,2024,TLBDSNJ,MINW,C_C2,AW100,YES,NO,35.7
POL,2025,TLBDSNJ,MINW,C_C2,AW100,YES,NO,35.8
ESP,2023,TLBDSNJ,MINW,C_C2,AW100,YES,NO,16.6
ESP,2024,TLBDSNJ,MINW,C_C2,AW100,YES,NO,16.2
ESP,2025,TLBDSNJ,MINW,C_C2,AW100,YES,NO,15
GBR,2023,TLBDSNJ,MINW,C_C2,AW100,YES,NO,33.4
GBR,2024,TLBDSNJ,MINW,C_C2,AW100,YES,NO,34.3
GBR,2025,TLBDSNJ,MINW,C_C2,AW100,YES,NO,33.8
USA,2023,TLBDSNJ,MINW,C_C2,AW100,YES,NO,26.1
USA,2024,TLBDSNJ,MINW,C_C2,AW100,YES,NO,26.3
USA,2025,TLBDSNJ,MINW,C_C2,AW100,YES,NO,26.3
OECD,2023,TLBDSNJ,MINW,C_C2,AW100,YES,NO,30
OECD,2024,TLBDSNJ,MINW,C_C2,AW100,YES,NO,28.8
OECD,2025,TLBDSNJ,MINW,C_C2,AW100,YES,NO,28.9
BEL,2023,TLBDSNJ,MINW,C_C2,AW100,YES,YES,31.6
BEL,2024,TLBDSNJ,MINW,C_C2,AW100,YES,YES,30.7
BEL,2025,TLBDSNJ,MINW,C_C2,AW100,YES,YES,29.1
FRA,2023,TLBDSNJ,MINW,C_C2,AW100,YES,YES,34
FRA,2024,TLBDSNJ,MINW,C_C2,AW100,YES,YES,32.3
FRA,2025,TLBDSNJ,MINW,C_C2,AW100,YES,YES,34.2
DEU,2023,TLBDSNJ,MINW,C_C2,AW100,YES,YES,42.3
DEU,2024,TLBDSNJ,MINW,C_C2,AW100,YES,YES,42.4
DEU,2025,TLBDSNJ,MINW,C_C2,AW100,YES,YES,42.9
NLD,2023,TLBDSNJ,MINW,C_C2,AW100,YES,YES,9.5
NLD,2024,TLBDSNJ,MINW,C_C2,AW100,YES,YES,9.3
POL,2023,TLBDSNJ,MINW,C_C2,AW100,YES,YES,36
POL,2024,TLBDSNJ,MINW,C_C2,AW100,YES,YES,35.7
POL,2025,TLBDSNJ,MINW,C_C2,AW100,YES,YES,35.8
ESP,2023,TLBDSNJ,MINW,C_C2,AW100,YES,YES,16.6
ESP,2024,TLBDSNJ,MINW,C_C2,AW100,YES,YES,16.2
ESP,2025,TLBDSNJ,MINW,C_C2,AW100,YES,YES,15
GBR,2023,TLBDSNJ,MINW,C_C2,AW100,YES,YES,33.4
GBR,2024,TLBDSNJ,MINW,C_C2,AW100,YES,YES,34.3
GBR,2025,TLBDSNJ,MINW,C_C2,AW100,YES,YES,33.8
USA,2023,TLBDSNJ,MINW,C_C2,AW100,YES,YES,26.1
USA,2024,TLBDSNJ,MINW,C_C2,AW100,YES,YES,26.3
USA,2025,TLBDSNJ,MINW,C_C2,AW100,YES,YES,26.3
OECD,2023,TLBDSNJ,MINW,C_C2,AW100,YES,YES,29.1
OECD,2024,TLBDSNJ,MINW,C_C2,AW100,YES,YES,26.9
OECD,2025,TLBDSNJ,MINW,C_C2,AW100,YES,YES,26.8
BEL,2023,TLBDSNJ,MINW,C_C2,AW100,NO,YES,31.6
BEL,2024,TLBDSNJ,MINW,C_C2,AW100,NO,YES,30.7
BEL,2025,TLBDSNJ,MINW,C_C2,AW100,NO,YES,29.1
FRA,2023,TLBDSNJ,MINW,C_C2,AW100,NO,YES,34
FRA,2024,TLBDSNJ,MINW,C_C2,AW100,NO,YES,32.3
FRA,2025,TLBDSNJ,MINW,C_C2,AW100,NO,YES,34.2
DEU,2023,TLBDSNJ,MINW,C_C2,AW100,NO,YES,42.3
DEU,2024,TLBDSNJ,MINW,C_C2,AW100,NO,YES,42.4
DEU,2025,TLBDSNJ,MINW,C_C2,AW100,NO,YES,42.9
NLD,2023,TLBDSNJ,MINW,C_C2,AW100,NO,YES,9.5
NLD,2024,TLBDSNJ,MINW,C_C2,AW100,NO,YES,9.3
POL,2023,TLBDSNJ,MINW,C_C2,AW100,NO,YES,31
POL,2024,TLBDSNJ,MINW,C_C2,AW100,NO,YES,31.1
POL,2025,TLBDSNJ,MINW,C_C2,AW100,NO,YES,31.2
ESP,2023,TLBDSNJ,MINW,C_C2,AW100,NO,YES,16.6
ESP,2024,TLBDSNJ,MINW,C_C2,AW100,NO,YES,16.2
ESP,2025,TLBDSNJ,MINW,C_C2,AW100,NO,YES,15
GBR,2023,TLBDSNJ,MINW,C_C2,AW100,NO,YES,14.6
GBR,2024,TLBDSNJ,MINW,C_C2,AW100,NO,YES,13.2
GBR,2025,TLBDSNJ,MINW,C_C2,AW100,NO,YES,14.1
USA,2023,TLBDSNJ,MINW,C_C2,AW100,NO,YES,26.1
USA,2024,TLBDSNJ,MINW,C_C2,AW100,NO,YES,26.3
USA,2025,TLBDSNJ,MINW,C_C2,AW100,NO,YES,26.3
OECD,2023,TLBDSNJ,MINW,C_C2,AW100,NO,YES,25.2
OECD,2024,TLBDSNJ,MINW,C_C2,AW100,NO,YES,24.8
OECD,2025,TLBDSNJ,MINW,C_C2,AW100,NO,YES,24.7
BEL,2023,TLBDSNJ,MINW,C_C2,AW100,NO,NO,31.6
BEL,2024,TLBDSNJ,MINW,C_C2,AW100,NO,NO,30.7
BEL,2025,TLBDSNJ,MINW,C_C2,AW100,NO,NO,29.1
FRA,2023,TLBDSNJ,MINW,C_C2,AW100,NO,NO,34
FRA,2024,TLBDSNJ,MINW,C_C2,AW100,NO,NO,32.3
FRA,2025,TLBDSNJ,MINW,C_C2,AW100,NO,NO,34.2
DEU,2023,TLBDSNJ,MINW,C_C2,AW100,NO,NO,42.3
DEU,2024,TLBDSNJ,MINW,C_C2,AW100,NO,NO,42.4
DEU,2025,TLBDSNJ,MINW,C_C2,AW100,NO,NO,42.9
NLD,2023,TLBDSNJ,MINW,C_C2,AW100,NO,NO,9.5
NLD,2024,TLBDSNJ,MINW,C_C2,AW100,NO,NO,9.3
POL,2023,TLBDSNJ,MINW,C_C2,AW100,NO,NO,31
POL,2024,TLBDSNJ,MINW,C_C2,AW100,NO,NO,31.1
POL,2025,TLBDSNJ,MINW,C_C2,AW100,NO,NO,31.2
ESP,2023,TLBDSNJ,MINW,C_C2,AW100,NO,NO,16.6
ESP,2024,TLBDSNJ,MINW,C_C2,AW100,NO,NO,16.2
ESP,2025,TLBDSNJ,MINW,C_C2,AW100,NO,NO,15
GBR,2023,TLBDSNJ,MINW,C_C2,AW100,NO,NO,14.6
GBR,2024,TLBDSNJ,MINW,C_C2,AW100,NO,NO,13.2
GBR,2025,TLBDSNJ,MINW,C_C2,AW100,NO,NO,14.1
USA,2023,TLBDSNJ,MINW,C_C2,AW100,NO,NO,26.1
USA,2024,TLBDSNJ,MINW,C_C2,AW100,NO,NO,26.3
USA,2025,TLBDSNJ,MINW,C_C2,AW100,NO,NO,26.3
OECD,2023,TLBDSNJ,MINW,C_C2,AW100,NO,NO,25.5
OECD,2024,TLBDSNJ,MINW,C_C2,AW100,NO,NO,25
OECD,2025,TLBDSNJ,MINW,C_C2,AW100,NO,NO,24.9
AUT,2023,TLBDSNJ,AW100,C_C2,AW100,NO,NO,27.1
AUT,2024,TLBDSNJ,AW100,C_C2,AW100,NO,NO,27.5
AUT,2025,TLBDSNJ,AW100,C_C2,AW100,NO,NO,30
BEL,2023,TLBDSNJ,AW100,C_C2,AW100,NO,NO,48.7
BEL,2024,TLBDSNJ,AW100,C_C2,AW100,NO,NO,48.5
BEL,2025,TLBDSNJ,AW100,C_C2,AW100,NO,NO,48.3
DNK,2023,TLBDSNJ,AW100,C_C2,AW100,NO,NO,41.3
DNK,2024,TLBDSNJ,AW100,C_C2,AW100,NO,NO,41.4
FRA,2023,TLBDSNJ,AW100,C_C2,AW100,NO,NO,35.7
FRA,2024,TLBDSNJ,AW100,C_C2,AW100,NO,NO,34.9
FRA,2025,TLBDSNJ,AW100,C_C2,AW100,NO,NO,35.6
DEU,2023,TLBDSNJ,AW100,C_C2,AW100,NO,NO,45
DEU,2024,TLBDSNJ,AW100,C_C2,AW100,NO,NO,44.6
DEU,2025,TLBDSNJ,AW100,C_C2,AW100,NO,NO,45.1
ITA,2023,TLBDSNJ,AW100,C_C2,AW100,NO,NO,31.3
ITA,2024,TLBDSNJ,AW100,C_C2,AW100,NO,NO,28.1
ITA,2025,TLBDSNJ,AW100,C_C2,AW100,NO,NO,28.2
NLD,2023,TLBDSNJ,AW100,C_C2,AW100,NO,NO,32.5
NLD,2024,TLBDSNJ,AW100,C_C2,AW100,NO,NO,33.4
POL,2023,TLBDSNJ,AW100,C_C2,AW100,NO,NO,31.4
POL,2024,TLBDSNJ,AW100,C_C2,AW100,NO,NO,31.5
POL,2025,TLBDSNJ,AW100,C_C2,AW100,NO,NO,31.5
ESP,2023,TLBDSNJ,AW100,C_C2,AW100,NO,NO,32
ESP,2024,TLBDSNJ,AW100,C_C2,AW100,NO,NO,32
ESP,2025,TLBDSNJ,AW100,C_C2,AW100,NO,NO,31.6
SWE,2023,TLBDSNJ,AW100,C_C2,AW100,NO,NO,24.5
SWE,2024,TLBDSNJ,AW100,C_C2,AW100,NO,NO,23.6
SWE,2025,TLBDSNJ,AW100,C_C2,AW100,NO,NO,23.1
GBR,2023,TLBDSNJ,AW100,C_C2,AW100,NO,NO,24.3
GBR,2024,TLBDSNJ,AW100,C_C2,AW100,NO,NO,21.6
GBR,2025,TLBDSNJ,AW100,C_C2,AW100,NO,NO,22.6
USA,2023,TLBDSNJ,AW100,C_C2,AW100,NO,NO,28.8
USA,2024,TLBDSNJ,AW100,C_C2,AW100,NO,NO,28.8
USA,2025,TLBDSNJ,AW100,C_C2,AW100,NO,NO,28.9
OECD,2023,TLBDSNJ,AW100,C_C2,AW100,NO,NO,32.2
OECD,2024,TLBDSNJ,AW100,C_C2,AW100,NO,NO,32
OECD,2025,TLBDSNJ,AW100,C_C2,AW100,NO,NO,31.6
AUT,2023,TLBDSNJ,AW100,C_C2,AW100,NO,YES,27.1
AUT,2024,TLBDSNJ,AW100,C_C2,AW100,NO,YES,27.5
AUT,2025,TLBDSNJ,AW100,C_C2,AW100,NO,YES,30
BEL,2023,TLBDSNJ,AW100,C_C2,AW100,NO,YES,48.7
BEL,2024,TLBDSNJ,AW100,C_C2,AW100,NO,YES,48.5
BEL,2025,TLBDSNJ,AW100,C_C2,AW100,NO,YES,48.3
DNK,2023,TLBDSNJ,AW100,C_C2,AW100,NO,YES,41.3
DNK,2024,TLBDSNJ,AW100,C_C2,AW100,NO,YES,41.4
FRA,2023,TLBDSNJ,AW100,C_C2,AW100,NO,YES,35.7
FRA,2024,TLBDSNJ,AW100,C_C2,AW100,NO,YES,34.9
FRA,2025,TLBDSNJ,AW100,C_C2,AW100,NO,YES,35.6
DEU,2023,TLBDSNJ,AW100,C_C2,AW100,NO,YES,45
DEU,2024,TLBDSNJ,AW100,C_C2,AW100,NO,YES,44.6
DEU,2025,TLBDSNJ,AW100,C_C2,AW100,NO,YES,45.1
ITA,2023,TLBDSNJ,AW100,C_C2,AW100,NO,YES,31.3
ITA,2024,TLBDSNJ,AW100,C_C2,AW100,NO,YES,28.1
ITA,2025,TLBDSNJ,AW100,C_C2,AW100,NO,YES,28.2
NLD,2023,TLBDSNJ,AW100,C_C2,AW100,NO,YES,32.5
NLD,2024,TLBDSNJ,AW100,C_C2,AW100,NO,YES,33.4
POL,2023,TLBDSNJ,AW100,C_C2,AW100,NO,YES,31.4
POL,2024,TLBDSNJ,AW100,C_C2,AW100,NO,YES,31.5
POL,2025,TLBDSNJ,AW100,C_C2,AW100,NO,YES,31.5
ESP,2023,TLBDSNJ,AW100,C_C2,AW100,NO,YES,32
ESP,2024,TLBDSNJ,AW100,C_C2,AW100,NO,YES,32
ESP,2025,TLBDSNJ,AW100,C_C2,AW100,NO,YES,31.6
SWE,2023,TLBDSNJ,AW100,C_C2,AW100,NO,YES,24.5
SWE,2024,TLBDSNJ,AW100,C_C2,AW100,NO,YES,23.6
SWE,2025,TLBDSNJ,AW100,C_C2,AW100,NO,YES,23.1
GBR,2023,TLBDSNJ,AW100,C_C2,AW100,NO,YES,24.3
GBR,2024,TLBDSNJ,AW100,C_C2,AW100,NO,YES,21.6
GBR,2025,TLBDSNJ,AW100,C_C2,AW100,NO,YES,22.6
USA,2023,TLBDSNJ,AW100,C_C2,AW100,NO,YES,28.8
USA,2024,TLBDSNJ,AW100,C_C2,AW100,NO,YES,28.8
USA,2025,TLBDSNJ,AW100,C_C2,AW100,NO,YES,28.9
OECD,2023,TLBDSNJ,AW100,C_C2,AW100,NO,YES,32.1
OECD,2024,TLBDSNJ,AW100,C_C2,AW100,NO,YES,31.9
OECD,2025,TLBDSNJ,AW100,C_C2,AW100,NO,YES,31.6
AUT,2023,TLBDSNJ,AW100,C_C2,AW100,YES,NO,27.1
AUT,2024,TLBDSNJ,AW100,C_C2,AW100,YES,NO,27.5
AUT,2025,TLBDSNJ,AW100,C_C2,AW100,YES,NO,30
BEL,2023,TLBDSNJ,AW100,C_C2,AW100,YES,NO,48.7
BEL,2024,TLBDSNJ,AW100,C_C2,AW100,YES,NO,48.5
BEL,2025,TLBDSNJ,AW100,C_C2,AW100,YES,NO,48.3
DNK,2023,TLBDSNJ,AW100,C_C2,AW100,YES,NO,43.2
DNK,2024,TLBDSNJ,AW100,C_C2,AW100,YES,NO,43.1
FRA,2023,TLBDSNJ,AW100,C_C2,AW100,YES,NO,35.7
FRA,2024,TLBDSNJ,AW100,C_C2,AW100,YES,NO,34.9
FRA,2025,TLBDSNJ,AW100,C_C2,AW100,YES,NO,35.6
DEU,2023,TLBDSNJ,AW100,C_C2,AW100,YES,NO,45
DEU,2024,TLBDSNJ,AW100,C_C2,AW100,YES,NO,44.6
DEU,2025,TLBDSNJ,AW100,C_C2,AW100,YES,NO,45.1
ITA,2023,TLBDSNJ,AW100,C_C2,AW100,YES,NO,30.2
ITA,2024,TLBDSNJ,AW100,C_C2,AW100,YES,NO,27
ITA,2025,TLBDSNJ,AW100,C_C2,AW100,YES,NO,27.1
NLD,2023,TLBDSNJ,AW100,C_C2,AW100,YES,NO,32.5
NLD,2024,TLBDSNJ,AW100,C_C2,AW100,YES,NO,33.4
POL,2023,TLBDSNJ,AW100,C_C2,AW100,YES,NO,33.9
POL,2024,TLBDSNJ,AW100,C_C2,AW100,YES,NO,33.9
POL,2025,TLBDSNJ,AW100,C_C2,AW100,YES,NO,33.9
ESP,2023,TLBDSNJ,AW100,C_C2,AW100,YES,NO,32
ESP,2024,TLBDSNJ,AW100,C_C2,AW100,YES,NO,32
ESP,2025,TLBDSNJ,AW100,C_C2,AW100,YES,NO,31.6
SWE,2023,TLBDSNJ,AW100,C_C2,AW100,YES,NO,24.5
SWE,2024,TLBDSNJ,AW100,C_C2,AW100,YES,NO,23.6
SWE,2025,TLBDSNJ,AW100,C_C2,AW100,YES,NO,23.1
GBR,2023,TLBDSNJ,AW100,C_C2,AW100,YES,NO,32.6
GBR,2024,TLBDSNJ,AW100,C_C2,AW100,YES,NO,31.3
GBR,2025,TLBDSNJ,AW100,C_C2,AW100,YES,NO,31.8
USA,2023,TLBDSNJ,AW100,C_C2,AW100,YES,NO,28.8
USA,2024,TLBDSNJ,AW100,C_C2,AW100,YES,NO,28.8
USA,2025,TLBDSNJ,AW100,C_C2,AW100,YES,NO,28.9
OECD,2023,TLBDSNJ,AW100,C_C2,AW100,YES,NO,33.9
OECD,2024,TLBDSNJ,AW100,C_C2,AW100,YES,NO,34.1
OECD,2025,TLBDSNJ,AW100,C_C2,AW100,YES,NO,33.8
AUT,2023,TLBDSNJ,AW100,C_C2,AW100,YES,YES,27.1
AUT,2024,TLBDSNJ,AW100,C_C2,AW100,YES,YES,27.5
AUT,2025,TLBDSNJ,AW100,C_C2,AW100,YES,YES,30
BEL,2023,TLBDSNJ,AW100,C_C2,AW100,YES,YES,48.7
BEL,2024,TLBDSNJ,AW100,C_C2,AW100,YES,YES,48.5
BEL,2025,TLBDSNJ,AW100,C_C2,AW100,YES,YES,48.3
DNK,2023,TLBDSNJ,AW100,C_C2,AW100,YES,YES,43.2
DNK,2024,TLBDSNJ,AW100,C_C2,AW100,YES,YES,43.1
FRA,2023,TLBDSNJ,AW100,C_C2,AW100,YES,YES,35.7
FRA,2024,TLBDSNJ,AW100,C_C2,AW100,YES,YES,34.9
FRA,2025,TLBDSNJ,AW100,C_C2,AW100,YES,YES,35.6
DEU,2023,TLBDSNJ,AW100,C_C2,AW100,YES,YES,45
DEU,2024,TLBDSNJ,AW100,C_C2,AW100,YES,YES,44.6
DEU,2025,TLBDSNJ,AW100,C_C2,AW100,YES,YES,45.1
ITA,2023,TLBDSNJ,AW100,C_C2,AW100,YES,YES,30.2
ITA,2024,TLBDSNJ,AW100,C_C2,AW100,YES,YES,27
ITA,2025,TLBDSNJ,AW100,C_C2,AW100,YES,YES,27.1
NLD,2023,TLBDSNJ,AW100,C_C2,AW100,YES,YES,32.5
NLD,2024,TLBDSNJ,AW100,C_C2,AW100,YES,YES,33.4
POL,2023,TLBDSNJ,AW100,C_C2,AW100,YES,YES,33.9
POL,2024,TLBDSNJ,AW100,C_C2,AW100,YES,YES,33.9
POL,2025,TLBDSNJ,AW100,C_C2,AW100,YES,YES,33.9
ESP,2023,TLBDSNJ,AW100,C_C2,AW100,YES,YES,32
ESP,2024,TLBDSNJ,AW100,C_C2,AW100,YES,YES,32
ESP,2025,TLBDSNJ,AW100,C_C2,AW100,YES,YES,31.6
SWE,2023,TLBDSNJ,AW100,C_C2,AW100,YES,YES,24.5
SWE,2024,TLBDSNJ,AW100,C_C2,AW100,YES,YES,23.6
SWE,2025,TLBDSNJ,AW100,C_C2,AW100,YES,YES,23.1
GBR,2023,TLBDSNJ,AW100,C_C2,AW100,YES,YES,32.6
GBR,2024,TLBDSNJ,AW100,C_C2,AW100,YES,YES,31.3
GBR,2025,TLBDSNJ,AW100,C_C2,AW100,YES,YES,31.8
USA,2023,TLBDSNJ,AW100,C_C2,AW100,YES,YES,28.8
USA,2024,TLBDSNJ,AW100,C_C2,AW100,YES,YES,28.8
USA,2025,TLBDSNJ,AW100,C_C2,AW100,YES,YES,28.9
OECD,2023,TLBDSNJ,AW100,C_C2,AW100,YES,YES,33.8
OECD,2024,TLBDSNJ,AW100,C_C2,AW100,YES,YES,34
OECD,2025,TLBDSNJ,AW100,C_C2,AW100,YES,YES,33.7
AUT,2023,TLBDSNJ,AW67,C_C2,AW100,YES,YES,19.3
AUT,2024,TLBDSNJ,AW67,C_C2,AW100,YES,YES,19.4
AUT,2025,TLBDSNJ,AW67,C_C2,AW100,YES,YES,23.1
BEL,2023,TLBDSNJ,AW67,C_C2,AW100,YES,YES,44
BEL,2024,TLBDSNJ,AW67,C_C2,AW100,YES,YES,43.9
BEL,2025,TLBDSNJ,AW67,C_C2,AW100,YES,YES,44.2
DNK,2023,TLBDSNJ,AW67,C_C2,AW100,YES,YES,44.5
DNK,2024,TLBDSNJ,AW67,C_C2,AW100,YES,YES,44.1
FRA,2023,TLBDSNJ,AW67,C_C2,AW100,YES,YES,33.6
FRA,2024,TLBDSNJ,AW67,C_C2,AW100,YES,YES,32.4
FRA,2025,TLBDSNJ,AW67,C_C2,AW100,YES,YES,33.8
DEU,2023,TLBDSNJ,AW67,C_C2,AW100,YES,YES,43.8
DEU,2024,TLBDSNJ,AW67,C_C2,AW100,YES,YES,43.9
DEU,2025,TLBDSNJ,AW67,C_C2,AW100,YES,YES,44.4
ITA,2023,TLBDSNJ,AW67,C_C2,AW100,YES,YES,19.6
ITA,2024,TLBDSNJ,AW67,C_C2,AW100,YES,YES,14.8
ITA,2025,TLBDSNJ,AW67,C_C2,AW100,YES,YES,15.4
NLD,2023,TLBDSNJ,AW67,C_C2,AW100,YES,YES,22.1
NLD,2024,TLBDSNJ,AW67,C_C2,AW100,YES,YES,22.7
POL,2023,TLBDSNJ,AW67,C_C2,AW100,YES,YES,34.8
POL,2024,TLBDSNJ,AW67,C_C2,AW100,YES,YES,34.9
POL,2025,TLBDSNJ,AW67,C_C2,AW100,YES,YES,35
ESP,2023,TLBDSNJ,AW67,C_C2,AW100,YES,YES,31.4
ESP,2024,TLBDSNJ,AW67,C_C2,AW100,YES,YES,32.3
ESP,2025,TLBDSNJ,AW67,C_C2,AW100,YES,YES,22.6
SWE,2023,TLBDSNJ,AW67,C_C2,AW100,YES,YES,21.4
SWE,2024,TLBDSNJ,AW67,C_C2,AW100,YES,YES,20.6
SWE,2025,TLBDSNJ,AW67,C_C2,AW100,YES,YES,20.2
GBR,2023,TLBDSNJ,AW67,C_C2,AW100,YES,YES,32.9
GBR,2024,TLBDSNJ,AW67,C_C2,AW100,YES,YES,32.3
GBR,2025,TLBDSNJ,AW67,C_C2,AW100,YES,YES,32.1
USA,2023,TLBDSNJ,AW67,C_C2,AW100,YES,YES,26.1
USA,2024,TLBDSNJ,AW67,C_C2,AW100,YES,YES,26.3
USA,2025,TLBDSNJ,AW67,C_C2,AW100,YES,YES,26.3
OECD,2023,TLBDSNJ,AW67,C_C2,AW100,YES,YES,31.6
OECD,2024,TLBDSNJ,AW67,C_C2,AW100,YES,YES,31.8
OECD,2025,TLBDSNJ,AW67,C_C2,AW100,YES,YES,30.3
AUT,2023,TLBDSNJ,AW67,C_C2,AW100,YES,NO,19.3
AUT,2024,TLBDSNJ,AW67,C_C2,AW100,YES,NO,19.4
AUT,2025,TLBDSNJ,AW67,C_C2,AW100,YES,NO,23.1
BEL,2023,TLBDSNJ,AW67,C_C2,AW100,YES,NO,44
BEL,2024,TLBDSNJ,AW67,C_C2,AW100,YES,NO,43.9
BEL,2025,TLBDSNJ,AW67,C_C2,AW100,YES,NO,44.2
DNK,2023,TLBDSNJ,AW67,C_C2,AW100,YES,NO,44.5
DNK,2024,TLBDSNJ,AW67,C_C2,AW100,YES,NO,44.1
FRA,2023,TLBDSNJ,AW67,C_C2,AW100,YES,NO,33.6
FRA,2024,TLBDSNJ,AW67,C_C2,AW100,YES,NO,32.4
FRA,2025,TLBDSNJ,AW67,C_C2,AW100,YES,NO,33.8
DEU,2023,TLBDSNJ,AW67,C_C2,AW100,YES,NO,43.8
DEU,2024,TLBDSNJ,AW67,C_C2,AW100,YES,NO,43.9
DEU,2025,TLBDSNJ,AW67,C_C2,AW100,YES,NO,44.4
ITA,2023,TLBDSNJ,AW67,C_C2,AW100,YES,NO,19.6
ITA,2024,TLBDSNJ,AW67,C_C2,AW100,YES,NO,14.8
ITA,2025,TLBDSNJ,AW67,C_C2,AW100,YES,NO,15.4
NLD,2023,TLBDSNJ,AW67,C_C2,AW100,YES,NO,22.1
NLD,2024,TLBDSNJ,AW67,C_C2,AW100,YES,NO,22.7
POL,2023,TLBDSNJ,AW67,C_C2,AW100,YES,NO,34.8
POL,2024,TLBDSNJ,AW67,C_C2,AW100,YES,NO,34.9
POL,2025,TLBDSNJ,AW67,C_C2,AW100,YES,NO,35
ESP,2023,TLBDSNJ,AW67,C_C2,AW100,YES,NO,31.4
ESP,2024,TLBDSNJ,AW67,C_C2,AW100,YES,NO,32.3
ESP,2025,TLBDSNJ,AW67,C_C2,AW100,YES,NO,22.6
SWE,2023,TLBDSNJ,AW67,C_C2,AW100,YES,NO,21.4
SWE,2024,TLBDSNJ,AW67,C_C2,AW100,YES,NO,20.6
SWE,2025,TLBDSNJ,AW67,C_C2,AW100,YES,NO,20.2
GBR,2023,TLBDSNJ,AW67,C_C2,AW100,YES,NO,32.9
GBR,2024,TLBDSNJ,AW67,C_C2,AW100,YES,NO,32.3
GBR,2025,TLBDSNJ,AW67,C_C2,AW100,YES,NO,32.1
USA,2023,TLBDSNJ,AW67,C_C2,AW100,YES,NO,26.1
USA,2024,TLBDSNJ,AW67,C_C2,AW100,YES,NO,26.3
USA,2025,TLBDSNJ,AW67,C_C2,AW100,YES,NO,26.3
OECD,2023,TLBDSNJ,AW67,C_C2,AW100,YES,NO,31.7
OECD,2024,TLBDSNJ,AW67,C_C2,AW100,YES,NO,32
OECD,2025,TLBDSNJ,AW67,C_C2,AW100,YES,NO,30.8
AUT,2023,TLBDSNJ,AW67,C_C2,AW100,NO,NO,19.3
AUT,2024,TLBDSNJ,AW67,C_C2,AW100,NO,NO,19.4
AUT,2025,TLBDSNJ,AW67,C_C2,AW100,NO,NO,23.1
BEL,2023,TLBDSNJ,AW67,C_C2,AW100,NO,NO,44
BEL,2024,TLBDSNJ,AW67,C_C2,AW100,NO,NO,43.9
BEL,2025,TLBDSNJ,AW67,C_C2,AW100,NO,NO,44.2
DNK,2023,TLBDSNJ,AW67,C_C2,AW100,NO,NO,41.7
DNK,2024,TLBDSNJ,AW67,C_C2,AW100,NO,NO,41.6
FRA,2023,TLBDSNJ,AW67,C_C2,AW100,NO,NO,33.6
FRA,2024,TLBDSNJ,AW67,C_C2,AW100,NO,NO,32.4
FRA,2025,TLBDSNJ,AW67,C_C2,AW100,NO,NO,33.8
DEU,2023,TLBDSNJ,AW67,C_C2,AW100,NO,NO,43.8
DEU,2024,TLBDSNJ,AW67,C_C2,AW100,NO,NO,43.9
DEU,2025,TLBDSNJ,AW67,C_C2,AW100,NO,NO,44.4
ITA,2023,TLBDSNJ,AW67,C_C2,AW100,NO,NO,21.2
ITA,2024,TLBDSNJ,AW67,C_C2,AW100,NO,NO,16.4
ITA,2025,TLBDSNJ,AW67,C_C2,AW100,NO,NO,16.8
NLD,2023,TLBDSNJ,AW67,C_C2,AW100,NO,NO,22.1
NLD,2024,TLBDSNJ,AW67,C_C2,AW100,NO,NO,22.7
POL,2023,TLBDSNJ,AW67,C_C2,AW100,NO,NO,31.2
POL,2024,TLBDSNJ,AW67,C_C2,AW100,NO,NO,31.3
POL,2025,TLBDSNJ,AW67,C_C2,AW100,NO,NO,31.3
ESP,2023,TLBDSNJ,AW67,C_C2,AW100,NO,NO,31.4
ESP,2024,TLBDSNJ,AW67,C_C2,AW100,NO,NO,32.3
ESP,2025,TLBDSNJ,AW67,C_C2,AW100,NO,NO,22.6
SWE,2023,TLBDSNJ,AW67,C_C2,AW100,NO,NO,21.4
SWE,2024,TLBDSNJ,AW67,C_C2,AW100,NO,NO,20.6
SWE,2025,TLBDSNJ,AW67,C_C2,AW100,NO,NO,20.2
GBR,2023,TLBDSNJ,AW67,C_C2,AW100,NO,NO,20.6
GBR,2024,TLBDSNJ,AW67,C_C2,AW100,NO,NO,17.8
GBR,2025,TLBDSNJ,AW67,C_C2,AW100,NO,NO,18.3
USA,2023,TLBDSNJ,AW67,C_C2,AW100,NO,NO,26.1
USA,2024,TLBDSNJ,AW67,C_C2,AW100,NO,NO,26.3
USA,2025,TLBDSNJ,AW67,C_C2,AW100,NO,NO,26.3
OECD,2023,TLBDSNJ,AW67,C_C2,AW100,NO,NO,29.2
OECD,2024,TLBDSNJ,AW67,C_C2,AW100,NO,NO,28.8
OECD,2025,TLBDSNJ,AW67,C_C2,AW100,NO,NO,28.4
AUT,2023,TLBDSNJ,AW67,C_C2,AW100,NO,YES,19.3
AUT,2024,TLBDSNJ,AW67,C_C2,AW100,NO,YES,19.4
AUT,2025,TLBDSNJ,AW67,C_C2,AW100,NO,YES,23.1
BEL,2023,TLBDSNJ,AW67,C_C2,AW100,NO,YES,44
BEL,2024,TLBDSNJ,AW67,C_C2,AW100,NO,YES,43.9
BEL,2025,TLBDSNJ,AW67,C_C2,AW100,NO,YES,44.2
DNK,2023,TLBDSNJ,AW67,C_C2,AW100,NO,YES,41.7
DNK,2024,TLBDSNJ,AW67,C_C2,AW100,NO,YES,41.6
FRA,2023,TLBDSNJ,AW67,C_C2,AW100,NO,YES,33.6
FRA,2024,TLBDSNJ,AW67,C_C2,AW100,NO,YES,32.4
FRA,2025,TLBDSNJ,AW67,C_C2,AW100,NO,YES,33.8
DEU,2023,TLBDSNJ,AW67,C_C2,AW100,NO,YES,43.8
DEU,2024,TLBDSNJ,AW67,C_C2,AW100,NO,YES,43.9
DEU,2025,TLBDSNJ,AW67,C_C2,AW100,NO,YES,44.4
ITA,2023,TLBDSNJ,AW67,C_C2,AW100,NO,YES,21.2
ITA,2024,TLBDSNJ,AW67,C_C2,AW100,NO,YES,16.4
ITA,2025,TLBDSNJ,AW67,C_C2,AW100,NO,YES,16.8
NLD,2023,TLBDSNJ,AW67,C_C2,AW100,NO,YES,22.1
NLD,2024,TLBDSNJ,AW67,C_C2,AW100,NO,YES,22.7
POL,2023,TLBDSNJ,AW67,C_C2,AW100,NO,YES,31.2
POL,2024,TLBDSNJ,AW67,C_C2,AW100,NO,YES,31.3
POL,2025,TLBDSNJ,AW67,C_C2,AW100,NO,YES,31.3
ESP,2023,TLBDSNJ,AW67,C_C2,AW100,NO,YES,31.4
ESP,2024,TLBDSNJ,AW67,C_C2,AW100,NO,YES,32.3
ESP,2025,TLBDSNJ,AW67,C_C2,AW100,NO,YES,22.6
SWE,2023,TLBDSNJ,AW67,C_C2,AW100,NO,YES,21.4
SWE,2024,TLBDSNJ,AW67,C_C2,AW100,NO,YES,20.6
SWE,2025,TLBDSNJ,AW67,C_C2,AW100,NO,YES,20.2
GBR,2023,TLBDSNJ,AW67,C_C2,AW100,NO,YES,20.6
GBR,2024,TLBDSNJ,AW67,C_C2,AW100,NO,YES,17.8
GBR,2025,TLBDSNJ,AW67,C_C2,AW100,NO,YES,18.3
USA,2023,TLBDSNJ,AW67,C_C2,AW100,NO,YES,26.1
USA,2024,TLBDSNJ,AW67,C_C2,AW100,NO,YES,26.3
USA,2025,TLBDSNJ,AW67,C_C2,AW100,NO,YES,26.3
OECD,2023,TLBDSNJ,AW67,C_C2,AW100,NO,YES,29
OECD,2024,TLBDSNJ,AW67,C_C2,AW100,NO,YES,28.7
OECD,2025,TLBDSNJ,AW67,C_C2,AW100,NO,YES,28.3
AUT,2023,TLBDSNJ,AW100,S_C0,_Z,YES,NO,57.9
AUT,2024,TLBDSNJ,AW100,S_C0,_Z,YES,NO,57.2
AUT,2025,TLBDSNJ,AW100,S_C0,_Z,YES,NO,56.4
BEL,2023,TLBDSNJ,AW100,S_C0,_Z,YES,NO,64.7
BEL,2024,TLBDSNJ,AW100,S_C0,_Z,YES,NO,64.8
BEL,2025,TLBDSNJ,AW100,S_C0,_Z,YES,NO,65
DNK,2023,TLBDSNJ,AW100,S_C0,_Z,YES,NO,65.1
DNK,2024,TLBDSNJ,AW100,S_C0,_Z,YES,NO,64.5
FRA,2023,TLBDSNJ,AW100,S_C0,_Z,YES,NO,51
FRA,2024,TLBDSNJ,AW100,S_C0,_Z,YES,NO,50.6
FRA,2025,TLBDSNJ,AW100,S_C0,_Z,YES,NO,51.1
DEU,2023,TLBDSNJ,AW100,S_C0,_Z,YES,NO,57.7
DEU,2024,TLBDSNJ,AW100,S_C0,_Z,YES,NO,58
DEU,2025,TLBDSNJ,AW100,S_C0,_Z,YES,NO,57.8
ITA,2023,TLBDSNJ,AW100,S_C0,_Z,YES,NO,56.5
ITA,2024,TLBDSNJ,AW100,S_C0,_Z,YES,NO,30.1
ITA,2025,TLBDSNJ,AW100,S_C0,_Z,YES,NO,27.7
NLD,2023,TLBDSNJ,AW100,S_C0,_Z,YES,NO,67.2
NLD,2024,TLBDSNJ,AW100,S_C0,_Z,YES,NO,67.8
POL,2023,TLBDSNJ,AW100,S_C0,_Z,YES,NO,42.6
POL,2024,TLBDSNJ,AW100,S_C0,_Z,YES,NO,43.1
POL,2025,TLBDSNJ,AW100,S_C0,_Z,YES,NO,43.4
ESP,2023,TLBDSNJ,AW100,S_C0,_Z,YES,NO,54.5
ESP,2024,TLBDSNJ,AW100,S_C0,_Z,YES,NO,55.5
ESP,2025,TLBDSNJ,AW100,S_C0,_Z,YES,NO,57.1
SWE,2023,TLBDSNJ,AW100,S_C0,_Z,YES,NO,55.2
SWE,2024,TLBDSNJ,AW100,S_C0,_Z,YES,NO,54.8
SWE,2025,TLBDSNJ,AW100,S_C0,_Z,YES,NO,54.3
GBR,2023,TLBDSNJ,AW100,S_C0,_Z,YES,NO,52
GBR,2024,TLBDSNJ,AW100,S_C0,_Z,YES,NO,50.7
GBR,2025,TLBDSNJ,AW100,S_C0,_Z,YES,NO,51.4
USA,2023,TLBDSNJ,AW100,S_C0,_Z,YES,NO,29.3
USA,2024,TLBDSNJ,AW100,S_C0,_Z,YES,NO,29.3
USA,2025,TLBDSNJ,AW100,S_C0,_Z,YES,NO,29.3
OECD,2023,TLBDSNJ,AW100,S_C0,_Z,YES,NO,50.3
OECD,2024,TLBDSNJ,AW100,S_C0,_Z,YES,NO,49.9
OECD,2025,TLBDSNJ,AW100,S_C0,_Z,YES,NO,47.8
AUT,2023,TLBDSNJ,AW100,S_C0,_Z,YES,YES,57.9
AUT,2024,TLBDSNJ,AW100,S_C0,_Z,YES,YES,57.2
AUT,2025,TLBDSNJ,AW100,S_C0,_Z,YES,YES,56.4
BEL,2023,TLBDSNJ,AW100,S_C0,_Z,YES,YES,64.7
BEL,2024,TLBDSNJ,AW100,S_C0,_Z,YES,YES,64.8
BEL,2025,TLBDSNJ,AW100,S_C0,_Z,YES,YES,65
DNK,2023,TLBDSNJ,AW100,S_C0,_Z,YES,YES,65.1
DNK,2024,TLBDSNJ,AW100,S_C0,_Z,YES,YES,64.5
FRA,2023,TLBDSNJ,AW100,S_C0,_Z,YES,YES,51
FRA,2024,TLBDSNJ,AW100,S_C0,_Z,YES,YES,50.6
FRA,2025,TLBDSNJ,AW100,S_C0,_Z,YES,YES,51.1
DEU,2023,TLBDSNJ,AW100,S_C0,_Z,YES,YES,57.7
DEU,2024,TLBDSNJ,AW100,S_C0,_Z,YES,YES,58
DEU,2025,TLBDSNJ,AW100,S_C0,_Z,YES,YES,57.8
ITA,2023,TLBDSNJ,AW100,S_C0,_Z,YES,YES,56.5
ITA,2024,TLBDSNJ,AW100,S_C0,_Z,YES,YES,30.1
ITA,2025,TLBDSNJ,AW100,S_C0,_Z,YES,YES,27.7
NLD,2023,TLBDSNJ,AW100,S_C0,_Z,YES,YES,67.2
NLD,2024,TLBDSNJ,AW100,S_C0,_Z,YES,YES,67.8
POL,2023,TLBDSNJ,AW100,S_C0,_Z,YES,YES,42.6
POL,2024,TLBDSNJ,AW100,S_C0,_Z,YES,YES,43.1
POL,2025,TLBDSNJ,AW100,S_C0,_Z,YES,YES,43.4
ESP,2023,TLBDSNJ,AW100,S_C0,_Z,YES,YES,54.5
ESP,2024,TLBDSNJ,AW100,S_C0,_Z,YES,YES,55.5
ESP,2025,TLBDSNJ,AW100,S_C0,_Z,YES,YES,57.1
SWE,2023,TLBDSNJ,AW100,S_C0,_Z,YES,YES,55.2
SWE,2024,TLBDSNJ,AW100,S_C0,_Z,YES,YES,54.8
SWE,2025,TLBDSNJ,AW100,S_C0,_Z,YES,YES,54.3
GBR,2023,TLBDSNJ,AW100,S_C0,_Z,YES,YES,52
GBR,2024,TLBDSNJ,AW100,S_C0,_Z,YES,YES,50.7
GBR,2025,TLBDSNJ,AW100,S_C0,_Z,YES,YES,51.4
USA,2023,TLBDSNJ,AW100,S_C0,_Z,YES,YES,29.3
USA,2024,TLBDSNJ,AW100,S_C0,_Z,YES,YES,29.3
USA,2025,TLBDSNJ,AW100,S_C0,_Z,YES,YES,29.3
OECD,2023,TLBDSNJ,AW100,S_C0,_Z,YES,YES,48.8
OECD,2024,TLBDSNJ,AW100,S_C0,_Z,YES,YES,48.4
OECD,2025,TLBDSNJ,AW100,S_C0,_Z,YES,YES,46.2
AUT,2023,TLBDSNJ,AW100,S_C0,_Z,NO,YES,49.6
AUT,2024,TLBDSNJ,AW100,S_C0,_Z,NO,YES,49.6
AUT,2025,TLBDSNJ,AW100,S_C0,_Z,NO,YES,49.7
BEL,2023,TLBDSNJ,AW100,S_C0,_Z,NO,YES,64.7
BEL,2024,TLBDSNJ,AW100,S_C0,_Z,NO,YES,64.8
BEL,2025,TLBDSNJ,AW100,S_C0,_Z,NO,YES,65
DNK,2023,TLBDSNJ,AW100,S_C0,_Z,NO,YES,59
DNK,2024,TLBDSNJ,AW100,S_C0,_Z,NO,YES,58.5
FRA,2023,TLBDSNJ,AW100,S_C0,_Z,NO,YES,45.1
FRA,2024,TLBDSNJ,AW100,S_C0,_Z,NO,YES,44.6
FRA,2025,TLBDSNJ,AW100,S_C0,_Z,NO,YES,45
DEU,2023,TLBDSNJ,AW100,S_C0,_Z,NO,YES,47.9
DEU,2024,TLBDSNJ,AW100,S_C0,_Z,NO,YES,48.7
DEU,2025,TLBDSNJ,AW100,S_C0,_Z,NO,YES,48.9
ITA,2023,TLBDSNJ,AW100,S_C0,_Z,NO,YES,46.7
ITA,2024,TLBDSNJ,AW100,S_C0,_Z,NO,YES,30.1
ITA,2025,TLBDSNJ,AW100,S_C0,_Z,NO,YES,27.7
NLD,2023,TLBDSNJ,AW100,S_C0,_Z,NO,YES,59.1
NLD,2024,TLBDSNJ,AW100,S_C0,_Z,NO,YES,59.1
POL,2023,TLBDSNJ,AW100,S_C0,_Z,NO,YES,35.6
POL,2024,TLBDSNJ,AW100,S_C0,_Z,NO,YES,35.2
POL,2025,TLBDSNJ,AW100,S_C0,_Z,NO,YES,37.5
ESP,2023,TLBDSNJ,AW100,S_C0,_Z,NO,YES,44.5
ESP,2024,TLBDSNJ,AW100,S_C0,_Z,NO,YES,45.5
ESP,2025,TLBDSNJ,AW100,S_C0,_Z,NO,YES,47.1
SWE,2023,TLBDSNJ,AW100,S_C0,_Z,NO,YES,35.2
SWE,2024,TLBDSNJ,AW100,S_C0,_Z,NO,YES,34.8
SWE,2025,TLBDSNJ,AW100,S_C0,_Z,NO,YES,34.3
GBR,2023,TLBDSNJ,AW100,S_C0,_Z,NO,YES,32
GBR,2024,TLBDSNJ,AW100,S_C0,_Z,NO,YES,30.7
GBR,2025,TLBDSNJ,AW100,S_C0,_Z,NO,YES,31.4
USA,2023,TLBDSNJ,AW100,S_C0,_Z,NO,YES,29.3
USA,2024,TLBDSNJ,AW100,S_C0,_Z,NO,YES,29.3
USA,2025,TLBDSNJ,AW100,S_C0,_Z,NO,YES,29.3
OECD,2023,TLBDSNJ,AW100,S_C0,_Z,NO,YES,41.3
OECD,2024,TLBDSNJ,AW100,S_C0,_Z,NO,YES,41
OECD,2025,TLBDSNJ,AW100,S_C0,_Z,NO,YES,39.2
AUT,2023,TLBDSNJ,AW100,S_C0,_Z,NO,NO,49.6
AUT,2024,TLBDSNJ,AW100,S_C0,_Z,NO,NO,49.6
AUT,2025,TLBDSNJ,AW100,S_C0,_Z,NO,NO,49.7
BEL,2023,TLBDSNJ,AW100,S_C0,_Z,NO,NO,64.7
BEL,2024,TLBDSNJ,AW100,S_C0,_Z,NO,NO,64.8
BEL,2025,TLBDSNJ,AW100,S_C0,_Z,NO,NO,65
DNK,2023,TLBDSNJ,AW100,S_C0,_Z,NO,NO,59
DNK,2024,TLBDSNJ,AW100,S_C0,_Z,NO,NO,58.5
FRA,2023,TLBDSNJ,AW100,S_C0,_Z,NO,NO,45.1
FRA,2024,TLBDSNJ,AW100,S_C0,_Z,NO,NO,44.6
FRA,2025,TLBDSNJ,AW100,S_C0,_Z,NO,NO,45
DEU,2023,TLBDSNJ,AW100,S_C0,_Z,NO,NO,47.9
DEU,2024,TLBDSNJ,AW100,S_C0,_Z,NO,NO,48.7
DEU,2025,TLBDSNJ,AW100,S_C0,_Z,NO,NO,48.9
ITA,2023,TLBDSNJ,AW100,S_C0,_Z,NO,NO,46.7
ITA,2024,TLBDSNJ,AW100,S_C0,_Z,NO,NO,30.1
ITA,2025,TLBDSNJ,AW100,S_C0,_Z,NO,NO,27.7
NLD,2023,TLBDSNJ,AW100,S_C0,_Z,NO,NO,59.1
NLD,2024,TLBDSNJ,AW100,S_C0,_Z,NO,NO,59.1
POL,2023,TLBDSNJ,AW100,S_C0,_Z,NO,NO,35.6
POL,2024,TLBDSNJ,AW100,S_C0,_Z,NO,NO,35.2
POL,2025,TLBDSNJ,AW100,S_C0,_Z,NO,NO,37.5
ESP,2023,TLBDSNJ,AW100,S_C0,_Z,NO,NO,44.5
ESP,2024,TLBDSNJ,AW100,S_C0,_Z,NO,NO,45.5
ESP,2025,TLBDSNJ,AW100,S_C0,_Z,NO,NO,47.1
SWE,2023,TLBDSNJ,AW100,S_C0,_Z,NO,NO,35.2
SWE,2024,TLBDSNJ,AW100,S_C0,_Z,NO,NO,34.8
SWE,2025,TLBDSNJ,AW100,S_C0,_Z,NO,NO,34.3
GBR,2023,TLBDSNJ,AW100,S_C0,_Z,NO,NO,32
GBR,2024,TLBDSNJ,AW100,S_C0,_Z,NO,NO,30.7
GBR,2025,TLBDSNJ,AW100,S_C0,_Z,NO,NO,31.4
USA,2023,TLBDSNJ,AW100,S_C0,_Z,NO,NO,29.3
USA,2024,TLBDSNJ,AW100,S_C0,_Z,NO,NO,29.3
USA,2025,TLBDSNJ,AW100,S_C0,_Z,NO,NO,29.3
OECD,2023,TLBDSNJ,AW100,S_C0,_Z,NO,NO,42.3
OECD,2024,TLBDSNJ,AW100,S_C0,_Z,NO,NO,42
OECD,2025,TLBDSNJ,AW100,S_C0,_Z,NO,NO,40.3
AUT,2023,TLBDSNJ,AW67,S_C0,_Z,NO,NO,52.2
AUT,2024,TLBDSNJ,AW67,S_C0,_Z,NO,NO,52.3
AUT,2025,TLBDSNJ,AW67,S_C0,_Z,NO,NO,52.5
BEL,2023,TLBDSNJ,AW67,S_C0,_Z,NO,NO,67.4
BEL,2024,TLBDSNJ,AW67,S_C0,_Z,NO,NO,67.7
BEL,2025,TLBDSNJ,AW67,S_C0,_Z,NO,NO,68.4
DNK,2023,TLBDSNJ,AW67,S_C0,_Z,NO,NO,68.1
DNK,2024,TLBDSNJ,AW67,S_C0,_Z,NO,NO,67.2
FRA,2023,TLBDSNJ,AW67,S_C0,_Z,NO,NO,49
FRA,2024,TLBDSNJ,AW67,S_C0,_Z,NO,NO,48.5
FRA,2025,TLBDSNJ,AW67,S_C0,_Z,NO,NO,49.1
DEU,2023,TLBDSNJ,AW67,S_C0,_Z,NO,NO,48.2
DEU,2024,TLBDSNJ,AW67,S_C0,_Z,NO,NO,49.4
DEU,2025,TLBDSNJ,AW67,S_C0,_Z,NO,NO,49.3
ITA,2023,TLBDSNJ,AW67,S_C0,_Z,NO,NO,46.7
ITA,2024,TLBDSNJ,AW67,S_C0,_Z,NO,NO,17.5
ITA,2025,TLBDSNJ,AW67,S_C0,_Z,NO,NO,18.5
NLD,2023,TLBDSNJ,AW67,S_C0,_Z,NO,NO,61.8
NLD,2024,TLBDSNJ,AW67,S_C0,_Z,NO,NO,61.6
POL,2023,TLBDSNJ,AW67,S_C0,_Z,NO,NO,37.5
POL,2024,TLBDSNJ,AW67,S_C0,_Z,NO,NO,36.8
POL,2025,TLBDSNJ,AW67,S_C0,_Z,NO,NO,40.3
ESP,2023,TLBDSNJ,AW67,S_C0,_Z,NO,NO,50
ESP,2024,TLBDSNJ,AW67,S_C0,_Z,NO,NO,52.3
ESP,2025,TLBDSNJ,AW67,S_C0,_Z,NO,NO,54.5
SWE,2023,TLBDSNJ,AW67,S_C0,_Z,NO,NO,37.5
SWE,2024,TLBDSNJ,AW67,S_C0,_Z,NO,NO,37.3
SWE,2025,TLBDSNJ,AW67,S_C0,_Z,NO,NO,36.8
GBR,2023,TLBDSNJ,AW67,S_C0,_Z,NO,NO,32
GBR,2024,TLBDSNJ,AW67,S_C0,_Z,NO,NO,31.5
GBR,2025,TLBDSNJ,AW67,S_C0,_Z,NO,NO,31.5
USA,2023,TLBDSNJ,AW67,S_C0,_Z,NO,NO,28.9
USA,2024,TLBDSNJ,AW67,S_C0,_Z,NO,NO,29
USA,2025,TLBDSNJ,AW67,S_C0,_Z,NO,NO,28.8
OECD,2023,TLBDSNJ,AW67,S_C0,_Z,NO,NO,44.6
OECD,2024,TLBDSNJ,AW67,S_C0,_Z,NO,NO,44
OECD,2025,TLBDSNJ,AW67,S_C0,_Z,NO,NO,42
AUT,2023,TLBDSNJ,AW67,S_C0,_Z,NO,YES,52.2
AUT,2024,TLBDSNJ,AW67,S_C0,_Z,NO,YES,52.3
AUT,2025,TLBDSNJ,AW67,S_C0,_Z,NO,YES,52.5
BEL,2023,TLBDSNJ,AW67,S_C0,_Z,NO,YES,67.4
BEL,2024,TLBDSNJ,AW67,S_C0,_Z,NO,YES,67.7
BEL,2025,TLBDSNJ,AW67,S_C0,_Z,NO,YES,68.4
DNK,2023,TLBDSNJ,AW67,S_C0,_Z,NO,YES,68.1
DNK,2024,TLBDSNJ,AW67,S_C0,_Z,NO,YES,67.2
FRA,2023,TLBDSNJ,AW67,S_C0,_Z,NO,YES,49
FRA,2024,TLBDSNJ,AW67,S_C0,_Z,NO,YES,48.5
FRA,2025,TLBDSNJ,AW67,S_C0,_Z,NO,YES,49.1
DEU,2023,TLBDSNJ,AW67,S_C0,_Z,NO,YES,48.2
DEU,2024,TLBDSNJ,AW67,S_C0,_Z,NO,YES,49.4
DEU,2025,TLBDSNJ,AW67,S_C0,_Z,NO,YES,49.3
ITA,2023,TLBDSNJ,AW67,S_C0,_Z,NO,YES,46.7
ITA,2024,TLBDSNJ,AW67,S_C0,_Z,NO,YES,17.5
ITA,2025,TLBDSNJ,AW67,S_C0,_Z,NO,YES,18.5
NLD,2023,TLBDSNJ,AW67,S_C0,_Z,NO,YES,61.8
NLD,2024,TLBDSNJ,AW67,S_C0,_Z,NO,YES,61.6
POL,2023,TLBDSNJ,AW67,S_C0,_Z,NO,YES,37.5
POL,2024,TLBDSNJ,AW67,S_C0,_Z,NO,YES,36.8
POL,2025,TLBDSNJ,AW67,S_C0,_Z,NO,YES,40.3
ESP,2023,TLBDSNJ,AW67,S_C0,_Z,NO,YES,50
ESP,2024,TLBDSNJ,AW67,S_C0,_Z,NO,YES,52.3
ESP,2025,TLBDSNJ,AW67,S_C0,_Z,NO,YES,54.5
SWE,2023,TLBDSNJ,AW67,S_C0,_Z,NO,YES,37.5
SWE,2024,TLBDSNJ,AW67,S_C0,_Z,NO,YES,37.3
SWE,2025,TLBDSNJ,AW67,S_C0,_Z,NO,YES,36.8
GBR,2023,TLBDSNJ,AW67,S_C0,_Z,NO,YES,32
GBR,2024,TLBDSNJ,AW67,S_C0,_Z,NO,YES,31.5
GBR,2025,TLBDSNJ,AW67,S_C0,_Z,NO,YES,31.5
USA,2023,TLBDSNJ,AW67,S_C0,_Z,NO,YES,28.9
USA,2024,TLBDSNJ,AW67,S_C0,_Z,NO,YES,29
USA,2025,TLBDSNJ,AW67,S_C0,_Z,NO,YES,28.8
OECD,2023,TLBDSNJ,AW67,S_C0,_Z,NO,YES,43.1
OECD,2024,TLBDSNJ,AW67,S_C0,_Z,NO,YES,42.5
OECD,2025,TLBDSNJ,AW67,S_C0,_Z,NO,YES,40.4
AUT,2023,TLBDSNJ,AW67,S_C0,_Z,YES,YES,64.5
AUT,2024,TLBDSNJ,AW67,S_C0,_Z,YES,YES,63.8
AUT,2025,TLBDSNJ,AW67,S_C0,_Z,YES,YES,62.5
BEL,2023,TLBDSNJ,AW67,S_C0,_Z,YES,YES,67.4
BEL,2024,TLBDSNJ,AW67,S_C0,_Z,YES,YES,67.7
BEL,2025,TLBDSNJ,AW67,S_C0,_Z,YES,YES,68.4
DNK,2023,TLBDSNJ,AW67,S_C0,_Z,YES,YES,73.4
DNK,2024,TLBDSNJ,AW67,S_C0,_Z,YES,YES,72.1
FRA,2023,TLBDSNJ,AW67,S_C0,_Z,YES,YES,57.8
FRA,2024,TLBDSNJ,AW67,S_C0,_Z,YES,YES,57.4
FRA,2025,TLBDSNJ,AW67,S_C0,_Z,YES,YES,58.1
DEU,2023,TLBDSNJ,AW67,S_C0,_Z,YES,YES,62.9
DEU,2024,TLBDSNJ,AW67,S_C0,_Z,YES,YES,63.4
DEU,2025,TLBDSNJ,AW67,S_C0,_Z,YES,YES,62.7
ITA,2023,TLBDSNJ,AW67,S_C0,_Z,YES,YES,60.7
ITA,2024,TLBDSNJ,AW67,S_C0,_Z,YES,YES,16.9
ITA,2025,TLBDSNJ,AW67,S_C0,_Z,YES,YES,17.9
NLD,2023,TLBDSNJ,AW67,S_C0,_Z,YES,YES,73.8
NLD,2024,TLBDSNJ,AW67,S_C0,_Z,YES,YES,74.2
POL,2023,TLBDSNJ,AW67,S_C0,_Z,YES,YES,47.9
POL,2024,TLBDSNJ,AW67,S_C0,_Z,YES,YES,48.7
POL,2025,TLBDSNJ,AW67,S_C0,_Z,YES,YES,49.2
ESP,2023,TLBDSNJ,AW67,S_C0,_Z,YES,YES,54.6
ESP,2024,TLBDSNJ,AW67,S_C0,_Z,YES,YES,56
ESP,2025,TLBDSNJ,AW67,S_C0,_Z,YES,YES,58.4
SWE,2023,TLBDSNJ,AW67,S_C0,_Z,YES,YES,67.3
SWE,2024,TLBDSNJ,AW67,S_C0,_Z,YES,YES,67.2
SWE,2025,TLBDSNJ,AW67,S_C0,_Z,YES,YES,66.7
GBR,2023,TLBDSNJ,AW67,S_C0,_Z,YES,YES,61.8
GBR,2024,TLBDSNJ,AW67,S_C0,_Z,YES,YES,61.3
GBR,2025,TLBDSNJ,AW67,S_C0,_Z,YES,YES,61.4
USA,2023,TLBDSNJ,AW67,S_C0,_Z,YES,YES,28.9
USA,2024,TLBDSNJ,AW67,S_C0,_Z,YES,YES,29
USA,2025,TLBDSNJ,AW67,S_C0,_Z,YES,YES,28.8
OECD,2023,TLBDSNJ,AW67,S_C0,_Z,YES,YES,52.4
OECD,2024,TLBDSNJ,AW67,S_C0,_Z,YES,YES,51.8
OECD,2025,TLBDSNJ,AW67,S_C0,_Z,YES,YES,48.6
AUT,2023,TLBDSNJ,AW67,S_C0,_Z,YES,NO,64.5
AUT,2024,TLBDSNJ,AW67,S_C0,_Z,YES,NO,63.8
AUT,2025,TLBDSNJ,AW67,S_C0,_Z,YES,NO,62.5
BEL,2023,TLBDSNJ,AW67,S_C0,_Z,YES,NO,67.4
BEL,2024,TLBDSNJ,AW67,S_C0,_Z,YES,NO,67.7
BEL,2025,TLBDSNJ,AW67,S_C0,_Z,YES,NO,68.4
DNK,2023,TLBDSNJ,AW67,S_C0,_Z,YES,NO,73.4
DNK,2024,TLBDSNJ,AW67,S_C0,_Z,YES,NO,72.1
FRA,2023,TLBDSNJ,AW67,S_C0,_Z,YES,NO,57.8
FRA,2024,TLBDSNJ,AW67,S_C0,_Z,YES,NO,57.4
FRA,2025,TLBDSNJ,AW67,S_C0,_Z,YES,NO,58.1
DEU,2023,TLBDSNJ,AW67,S_C0,_Z,YES,NO,62.9
DEU,2024,TLBDSNJ,AW67,S_C0,_Z,YES,NO,63.4
DEU,2025,TLBDSNJ,AW67,S_C0,_Z,YES,NO,62.7
ITA,2023,TLBDSNJ,AW67,S_C0,_Z,YES,NO,60.7
ITA,2024,TLBDSNJ,AW67,S_C0,_Z,YES,NO,16.9
ITA,2025,TLBDSNJ,AW67,S_C0,_Z,YES,NO,17.9
NLD,2023,TLBDSNJ,AW67,S_C0,_Z,YES,NO,73.8
NLD,2024,TLBDSNJ,AW67,S_C0,_Z,YES,NO,74.2
POL,2023,TLBDSNJ,AW67,S_C0,_Z,YES,NO,47.9
POL,2024,TLBDSNJ,AW67,S_C0,_Z,YES,NO,48.7
POL,2025,TLBDSNJ,AW67,S_C0,_Z,YES,NO,49.2
ESP,2023,TLBDSNJ,AW67,S_C0,_Z,YES,NO,54.6
ESP,2024,TLBDSNJ,AW67,S_C0,_Z,YES,NO,56
ESP,2025,TLBDSNJ,AW67,S_C0,_Z,YES,NO,58.4
SWE,2023,TLBDSNJ,AW67,S_C0,_Z,YES,NO,67.3
SWE,2024,TLBDSNJ,AW67,S_C0,_Z,YES,NO,67.2
SWE,2025,TLBDSNJ,AW67,S_C0,_Z,YES,NO,66.7
GBR,2023,TLBDSNJ,AW67,S_C0,_Z,YES,NO,61.8
GBR,2024,TLBDSNJ,AW67,S_C0,_Z,YES,NO,61.3
GBR,2025,TLBDSNJ,AW67,S_C0,_Z,YES,NO,61.4
USA,2023,TLBDSNJ,AW67,S_C0,_Z,YES,NO,28.9
USA,2024,TLBDSNJ,AW67,S_C0,_Z,YES,NO,29
USA,2025,TLBDSNJ,AW67,S_C0,_Z,YES,NO,28.8
OECD,2023,TLBDSNJ,AW67,S_C0,_Z,YES,NO,55.4
OECD,2024,TLBDSNJ,AW67,S_C0,_Z,YES,NO,54.8
OECD,2025,TLBDSNJ,AW67,S_C0,_Z,YES,NO,51.8
BEL,2023,TLBDSNJ,MINW,S_C0,_Z,YES,NO,70.1
BEL,2024,TLBDSNJ,MINW,S_C0,_Z,YES,NO,70
BEL,2025,TLBDSNJ,MINW,S_C0,_Z,YES,NO,68.8
FRA,2023,TLBDSNJ,MINW,S_C0,_Z,YES,NO,55.8
FRA,2024,TLBDSNJ,MINW,S_C0,_Z,YES,NO,56
FRA,2025,TLBDSNJ,MINW,S_C0,_Z,YES,NO,55.9
DEU,2023,TLBDSNJ,MINW,S_C0,_Z,YES,NO,75.3
DEU,2024,TLBDSNJ,MINW,S_C0,_Z,YES,NO,76.6
DEU,2025,TLBDSNJ,MINW,S_C0,_Z,YES,NO,75.4
NLD,2023,TLBDSNJ,MINW,S_C0,_Z,YES,NO,77.8
NLD,2024,TLBDSNJ,MINW,S_C0,_Z,YES,NO,77.9
POL,2023,TLBDSNJ,MINW,S_C0,_Z,YES,NO,53.9
POL,2024,TLBDSNJ,MINW,S_C0,_Z,YES,NO,53.2
POL,2025,TLBDSNJ,MINW,S_C0,_Z,YES,NO,53.5
ESP,2023,TLBDSNJ,MINW,S_C0,_Z,YES,NO,59.3
ESP,2024,TLBDSNJ,MINW,S_C0,_Z,YES,NO,62.1
ESP,2025,TLBDSNJ,MINW,S_C0,_Z,YES,NO,65.9
GBR,2023,TLBDSNJ,MINW,S_C0,_Z,YES,NO,61
GBR,2024,TLBDSNJ,MINW,S_C0,_Z,YES,NO,60.9
GBR,2025,TLBDSNJ,MINW,S_C0,_Z,YES,NO,61.4
USA,2023,TLBDSNJ,MINW,S_C0,_Z,YES,NO,28.1
USA,2024,TLBDSNJ,MINW,S_C0,_Z,YES,NO,27.7
USA,2025,TLBDSNJ,MINW,S_C0,_Z,YES,NO,27.4
OECD,2023,TLBDSNJ,MINW,S_C0,_Z,YES,NO,56.5
OECD,2024,TLBDSNJ,MINW,S_C0,_Z,YES,NO,57.2
OECD,2025,TLBDSNJ,MINW,S_C0,_Z,YES,NO,54.2
BEL,2023,TLBDSNJ,MINW,S_C0,_Z,YES,YES,70.1
BEL,2024,TLBDSNJ,MINW,S_C0,_Z,YES,YES,70
BEL,2025,TLBDSNJ,MINW,S_C0,_Z,YES,YES,68.8
FRA,2023,TLBDSNJ,MINW,S_C0,_Z,YES,YES,55.8
FRA,2024,TLBDSNJ,MINW,S_C0,_Z,YES,YES,56
FRA,2025,TLBDSNJ,MINW,S_C0,_Z,YES,YES,55.9
DEU,2023,TLBDSNJ,MINW,S_C0,_Z,YES,YES,75.3
DEU,2024,TLBDSNJ,MINW,S_C0,_Z,YES,YES,76.6
DEU,2025,TLBDSNJ,MINW,S_C0,_Z,YES,YES,75.4
NLD,2023,TLBDSNJ,MINW,S_C0,_Z,YES,YES,77.8
NLD,2024,TLBDSNJ,MINW,S_C0,_Z,YES,YES,77.9
POL,2023,TLBDSNJ,MINW,S_C0,_Z,YES,YES,53.9
POL,2024,TLBDSNJ,MINW,S_C0,_Z,YES,YES,53.2
POL,2025,TLBDSNJ,MINW,S_C0,_Z,YES,YES,53.5
ESP,2023,TLBDSNJ,MINW,S_C0,_Z,YES,YES,59.3
ESP,2024,TLBDSNJ,MINW,S_C0,_Z,YES,YES,62.1
ESP,2025,TLBDSNJ,MINW,S_C0,_Z,YES,YES,65.9
GBR,2023,TLBDSNJ,MINW,S_C0,_Z,YES,YES,61
GBR,2024,TLBDSNJ,MINW,S_C0,_Z,YES,YES,60.9
GBR,2025,TLBDSNJ,MINW,S_C0,_Z,YES,YES,61.4
USA,2023,TLBDSNJ,MINW,S_C0,_Z,YES,YES,28.1
USA,2024,TLBDSNJ,MINW,S_C0,_Z,YES,YES,27.7
USA,2025,TLBDSNJ,MINW,S_C0,_Z,YES,YES,27.4
OECD,2023,TLBDSNJ,MINW,S_C0,_Z,YES,YES,49.4
OECD,2024,TLBDSNJ,MINW,S_C0,_Z,YES,YES,50.7
OECD,2025,TLBDSNJ,MINW,S_C0,_Z,YES,YES,47.6
BEL,2023,TLBDSNJ,MINW,S_C0,_Z,NO,NO,70.1
BEL,2024,TLBDSNJ,MINW,S_C0,_Z,NO,NO,70
BEL,2025,TLBDSNJ,MINW,S_C0,_Z,NO,NO,68.8
FRA,2023,TLBDSNJ,MINW,S_C0,_Z,NO,NO,43.2
FRA,2024,TLBDSNJ,MINW,S_C0,_Z,NO,NO,43.3
FRA,2025,TLBDSNJ,MINW,S_C0,_Z,NO,NO,43.1
DEU,2023,TLBDSNJ,MINW,S_C0,_Z,NO,NO,51.5
DEU,2024,TLBDSNJ,MINW,S_C0,_Z,NO,NO,53.6
DEU,2025,TLBDSNJ,MINW,S_C0,_Z,NO,NO,53.1
NLD,2023,TLBDSNJ,MINW,S_C0,_Z,NO,NO,72.3
NLD,2024,TLBDSNJ,MINW,S_C0,_Z,NO,NO,71.1
POL,2023,TLBDSNJ,MINW,S_C0,_Z,NO,NO,39.6
POL,2024,TLBDSNJ,MINW,S_C0,_Z,NO,NO,38.2
POL,2025,TLBDSNJ,MINW,S_C0,_Z,NO,NO,42.4
ESP,2023,TLBDSNJ,MINW,S_C0,_Z,NO,NO,51.6
ESP,2024,TLBDSNJ,MINW,S_C0,_Z,NO,NO,52.1
ESP,2025,TLBDSNJ,MINW,S_C0,_Z,NO,NO,56.1
GBR,2023,TLBDSNJ,MINW,S_C0,_Z,NO,NO,32
GBR,2024,TLBDSNJ,MINW,S_C0,_Z,NO,NO,33
GBR,2025,TLBDSNJ,MINW,S_C0,_Z,NO,NO,33
USA,2023,TLBDSNJ,MINW,S_C0,_Z,NO,NO,32.4
USA,2024,TLBDSNJ,MINW,S_C0,_Z,NO,NO,32.6
USA,2025,TLBDSNJ,MINW,S_C0,_Z,NO,NO,32.2
OECD,2023,TLBDSNJ,MINW,S_C0,_Z,NO,NO,46.7
OECD,2024,TLBDSNJ,MINW,S_C0,_Z,NO,NO,46.9
OECD,2025,TLBDSNJ,MINW,S_C0,_Z,NO,NO,44.3
BEL,2023,TLBDSNJ,MINW,S_C0,_Z,NO,YES,70.1
BEL,2024,TLBDSNJ,MINW,S_C0,_Z,NO,YES,70
BEL,2025,TLBDSNJ,MINW,S_C0,_Z,NO,YES,68.8
FRA,2023,TLBDSNJ,MINW,S_C0,_Z,NO,YES,43.2
FRA,2024,TLBDSNJ,MINW,S_C0,_Z,NO,YES,43.3
FRA,2025,TLBDSNJ,MINW,S_C0,_Z,NO,YES,43.1
DEU,2023,TLBDSNJ,MINW,S_C0,_Z,NO,YES,51.5
DEU,2024,TLBDSNJ,MINW,S_C0,_Z,NO,YES,53.6
DEU,2025,TLBDSNJ,MINW,S_C0,_Z,NO,YES,53.1
NLD,2023,TLBDSNJ,MINW,S_C0,_Z,NO,YES,72.3
NLD,2024,TLBDSNJ,MINW,S_C0,_Z,NO,YES,71.1
POL,2023,TLBDSNJ,MINW,S_C0,_Z,NO,YES,39.6
POL,2024,TLBDSNJ,MINW,S_C0,_Z,NO,YES,38.2
POL,2025,TLBDSNJ,MINW,S_C0,_Z,NO,YES,42.4
ESP,2023,TLBDSNJ,MINW,S_C0,_Z,NO,YES,51.6
ESP,2024,TLBDSNJ,MINW,S_C0,_Z,NO,YES,52.1
ESP,2025,TLBDSNJ,MINW,S_C0,_Z,NO,YES,56.1
GBR,2023,TLBDSNJ,MINW,S_C0,_Z,NO,YES,32
GBR,2024,TLBDSNJ,MINW,S_C0,_Z,NO,YES,33
GBR,2025,TLBDSNJ,MINW,S_C0,_Z,NO,YES,33
USA,2023,TLBDSNJ,MINW,S_C0,_Z,NO,YES,32.4
USA,2024,TLBDSNJ,MINW,S_C0,_Z,NO,YES,32.6
USA,2025,TLBDSNJ,MINW,S_C0,_Z,NO,YES,32.2
OECD,2023,TLBDSNJ,MINW,S_C0,_Z,NO,YES,42.8
OECD,2024,TLBDSNJ,MINW,S_C0,_Z,NO,YES,43.1
OECD,2025,TLBDSNJ,MINW,S_C0,_Z,NO,YES,40.3
BEL,2023,TLBDSNJ,MINW,S_C2,_Z,NO,YES,81.7
BEL,2024,TLBDSNJ,MINW,S_C2,_Z,NO,YES,82.5
BEL,2025,TLBDSNJ,MINW,S_C2,_Z,NO,YES,81.4
FRA,2023,TLBDSNJ,MINW,S_C2,_Z,NO,YES,44.4
FRA,2024,TLBDSNJ,MINW,S_C2,_Z,NO,YES,44.9
FRA,2025,TLBDSNJ,MINW,S_C2,_Z,NO,YES,44.2
DEU,2023,TLBDSNJ,MINW,S_C2,_Z,NO,YES,30.7
DEU,2024,TLBDSNJ,MINW,S_C2,_Z,NO,YES,30.2
DEU,2025,TLBDSNJ,MINW,S_C2,_Z,NO,YES,30.6
NLD,2023,TLBDSNJ,MINW,S_C2,_Z,NO,YES,59.4
NLD,2024,TLBDSNJ,MINW,S_C2,_Z,NO,YES,61.2
POL,2023,TLBDSNJ,MINW,S_C2,_Z,NO,YES,67.7
POL,2024,TLBDSNJ,MINW,S_C2,_Z,NO,YES,59.5
POL,2025,TLBDSNJ,MINW,S_C2,_Z,NO,YES,70.4
ESP,2023,TLBDSNJ,MINW,S_C2,_Z,NO,YES,31.5
ESP,2024,TLBDSNJ,MINW,S_C2,_Z,NO,YES,30.4
ESP,2025,TLBDSNJ,MINW,S_C2,_Z,NO,YES,34
GBR,2023,TLBDSNJ,MINW,S_C2,_Z,NO,YES,43.6
GBR,2024,TLBDSNJ,MINW,S_C2,_Z,NO,YES,42.3
GBR,2025,TLBDSNJ,MINW,S_C2,_Z,NO,YES,43.6
USA,2023,TLBDSNJ,MINW,S_C2,_Z,NO,YES,7.9
USA,2024,TLBDSNJ,MINW,S_C2,_Z,NO,YES,-1.4
USA,2025,TLBDSNJ,MINW,S_C2,_Z,NO,YES,-2.1
OECD,2023,TLBDSNJ,MINW,S_C2,_Z,NO,YES,40.7
OECD,2024,TLBDSNJ,MINW,S_C2,_Z,NO,YES,39.8
OECD,2025,TLBDSNJ,MINW,S_C2,_Z,NO,YES,41.2
BEL,2023,TLBDSNJ,MINW,S_C2,_Z,NO,NO,86.8
BEL,2024,TLBDSNJ,MINW,S_C2,_Z,NO,NO,87.6
BEL,2025,TLBDSNJ,MINW,S_C2,_Z,NO,NO,86.2
FRA,2023,TLBDSNJ,MINW,S_C2,_Z,NO,NO,44.4
FRA,2024,TLBDSNJ,MINW,S_C2,_Z,NO,NO,44.9
FRA,2025,TLBDSNJ,MINW,S_C2,_Z,NO,NO,44.2
DEU,2023,TLBDSNJ,MINW,S_C2,_Z,NO,NO,30.7
DEU,2024,TLBDSNJ,MINW,S_C2,_Z,NO,NO,30.2
DEU,2025,TLBDSNJ,MINW,S_C2,_Z,NO,NO,30.6
NLD,2023,TLBDSNJ,MINW,S_C2,_Z,NO,NO,59.4
NLD,2024,TLBDSNJ,MINW,S_C2,_Z,NO,NO,61.2
POL,2023,TLBDSNJ,MINW,S_C2,_Z,NO,NO,67.7
POL,2024,TLBDSNJ,MINW,S_C2,_Z,NO,NO,59.5
POL,2025,TLBDSNJ,MINW,S_C2,_Z,NO,NO,70.4
ESP,2023,TLBDSNJ,MINW,S_C2,_Z,NO,NO,81.7
ESP,2024,TLBDSNJ,MINW,S_C2,_Z,NO,NO,83.1
ESP,2025,TLBDSNJ,MINW,S_C2,_Z,NO,NO,86.8
GBR,2023,TLBDSNJ,MINW,S_C2,_Z,NO,NO,43.6
GBR,2024,TLBDSNJ,MINW,S_C2,_Z,NO,NO,42.3
GBR,2025,TLBDSNJ,MINW,S_C2,_Z,NO,NO,43.6
USA,2023,TLBDSNJ,MINW,S_C2,_Z,NO,NO,7.9
USA,2024,TLBDSNJ,MINW,S_C2,_Z,NO,NO,-1.4
USA,2025,TLBDSNJ,MINW,S_C2,_Z,NO,NO,-2.1
OECD,2023,TLBDSNJ,MINW,S_C2,_Z,NO,NO,48.8
OECD,2024,TLBDSNJ,MINW,S_C2,_Z,NO,NO,47.1
OECD,2025,TLBDSNJ,MINW,S_C2,_Z,NO,NO,49.1
BEL,2023,TLBDSNJ,MINW,S_C2,_Z,YES,YES,81.7
BEL,2024,TLBDSNJ,MINW,S_C2,_Z,YES,YES,82.5
BEL,2025,TLBDSNJ,MINW,S_C2,_Z,YES,YES,81.4
FRA,2023,TLBDSNJ,MINW,S_C2,_Z,YES,YES,54.8
FRA,2024,TLBDSNJ,MINW,S_C2,_Z,YES,YES,55
FRA,2025,TLBDSNJ,MINW,S_C2,_Z,YES,YES,54.4
DEU,2023,TLBDSNJ,MINW,S_C2,_Z,YES,YES,48.9
DEU,2024,TLBDSNJ,MINW,S_C2,_Z,YES,YES,50.8
DEU,2025,TLBDSNJ,MINW,S_C2,_Z,YES,YES,49.1
NLD,2023,TLBDSNJ,MINW,S_C2,_Z,YES,YES,59.4
NLD,2024,TLBDSNJ,MINW,S_C2,_Z,YES,YES,61.2
POL,2023,TLBDSNJ,MINW,S_C2,_Z,YES,YES,46.5
POL,2024,TLBDSNJ,MINW,S_C2,_Z,YES,YES,40.8
POL,2025,TLBDSNJ,MINW,S_C2,_Z,YES,YES,52
ESP,2023,TLBDSNJ,MINW,S_C2,_Z,YES,YES,31.9
ESP,2024,TLBDSNJ,MINW,S_C2,_Z,YES,YES,50.2
ESP,2025,TLBDSNJ,MINW,S_C2,_Z,YES,YES,53.6
GBR,2023,TLBDSNJ,MINW,S_C2,_Z,YES,YES,50.6
GBR,2024,TLBDSNJ,MINW,S_C2,_Z,YES,YES,49.7
GBR,2025,TLBDSNJ,MINW,S_C2,_Z,YES,YES,50.7
USA,2023,TLBDSNJ,MINW,S_C2,_Z,YES,YES,4
USA,2024,TLBDSNJ,MINW,S_C2,_Z,YES,YES,-5.8
USA,2025,TLBDSNJ,MINW,S_C2,_Z,YES,YES,-6.9
OECD,2023,TLBDSNJ,MINW,S_C2,_Z,YES,YES,44.1
OECD,2024,TLBDSNJ,MINW,S_C2,_Z,YES,YES,45.3
OECD,2025,TLBDSNJ,MINW,S_C2,_Z,YES,YES,47.7
BEL,2023,TLBDSNJ,MINW,S_C2,_Z,YES,NO,86.8
BEL,2024,TLBDSNJ,MINW,S_C2,_Z,YES,NO,87.6
BEL,2025,TLBDSNJ,MINW,S_C2,_Z,YES,NO,86.2
FRA,2023,TLBDSNJ,MINW,S_C2,_Z,YES,NO,54.8
FRA,2024,TLBDSNJ,MINW,S_C2,_Z,YES,NO,55
FRA,2025,TLBDSNJ,MINW,S_C2,_Z,YES,NO,54.4
DEU,2023,TLBDSNJ,MINW,S_C2,_Z,YES,NO,48.9
DEU,2024,TLBDSNJ,MINW,S_C2,_Z,YES,NO,50.8
DEU,2025,TLBDSNJ,MINW,S_C2,_Z,YES,NO,49.1
NLD,2023,TLBDSNJ,MINW,S_C2,_Z,YES,NO,59.4
NLD,2024,TLBDSNJ,MINW,S_C2,_Z,YES,NO,61.2
POL,2023,TLBDSNJ,MINW,S_C2,_Z,YES,NO,46.5
POL,2024,TLBDSNJ,MINW,S_C2,_Z,YES,NO,40.8
POL,2025,TLBDSNJ,MINW,S_C2,_Z,YES,NO,52
ESP,2023,TLBDSNJ,MINW,S_C2,_Z,YES,NO,82.1
ESP,2024,TLBDSNJ,MINW,S_C2,_Z,YES,NO,85.6
ESP,2025,TLBDSNJ,MINW,S_C2,_Z,YES,NO,90.6
GBR,2023,TLBDSNJ,MINW,S_C2,_Z,YES,NO,50.6
GBR,2024,TLBDSNJ,MINW,S_C2,_Z,YES,NO,49.7
GBR,2025,TLBDSNJ,MINW,S_C2,_Z,YES,NO,50.7
USA,2023,TLBDSNJ,MINW,S_C2,_Z,YES,NO,4
USA,2024,TLBDSNJ,MINW,S_C2,_Z,YES,NO,-5.8
USA,2025,TLBDSNJ,MINW,S_C2,_Z,YES,NO,-6.9
OECD,2023,TLBDSNJ,MINW,S_C2,_Z,YES,NO,53.4
OECD,2024,TLBDSNJ,MINW,S_C2,_Z,YES,NO,52.9
OECD,2025,TLBDSNJ,MINW,S_C2,_Z,YES,NO,56
AUT,2023,TLBDSNJ,AW67,S_C2,_Z,YES,NO,73.2
AUT,2024,TLBDSNJ,AW67,S_C2,_Z,YES,NO,72.8
AUT,2025,TLBDSNJ,AW67,S_C2,_Z,YES,NO,82.9
BEL,2023,TLBDSNJ,AW67,S_C2,_Z,YES,NO,80.2
BEL,2024,TLBDSNJ,AW67,S_C2,_Z,YES,NO,80.6
BEL,2025,TLBDSNJ,AW67,S_C2,_Z,YES,NO,81.5
DNK,2023,TLBDSNJ,AW67,S_C2,_Z,YES,NO,68.1
DNK,2024,TLBDSNJ,AW67,S_C2,_Z,YES,NO,67.2
FRA,2023,TLBDSNJ,AW67,S_C2,_Z,YES,NO,58.2
FRA,2024,TLBDSNJ,AW67,S_C2,_Z,YES,NO,58.9
FRA,2025,TLBDSNJ,AW67,S_C2,_Z,YES,NO,58.3
DEU,2023,TLBDSNJ,AW67,S_C2,_Z,YES,NO,64.5
DEU,2024,TLBDSNJ,AW67,S_C2,_Z,YES,NO,65.1
DEU,2025,TLBDSNJ,AW67,S_C2,_Z,YES,NO,64.2
ITA,2023,TLBDSNJ,AW67,S_C2,_Z,YES,NO,60.7
ITA,2024,TLBDSNJ,AW67,S_C2,_Z,YES,NO,62.4
ITA,2025,TLBDSNJ,AW67,S_C2,_Z,YES,NO,65.6
NLD,2023,TLBDSNJ,AW67,S_C2,_Z,YES,NO,60.3
NLD,2024,TLBDSNJ,AW67,S_C2,_Z,YES,NO,59.6
POL,2023,TLBDSNJ,AW67,S_C2,_Z,YES,NO,45.1
POL,2024,TLBDSNJ,AW67,S_C2,_Z,YES,NO,38.9
POL,2025,TLBDSNJ,AW67,S_C2,_Z,YES,NO,47.9
ESP,2023,TLBDSNJ,AW67,S_C2,_Z,YES,NO,68.7
ESP,2024,TLBDSNJ,AW67,S_C2,_Z,YES,NO,71.2
ESP,2025,TLBDSNJ,AW67,S_C2,_Z,YES,NO,75.4
SWE,2023,TLBDSNJ,AW67,S_C2,_Z,YES,NO,62.9
SWE,2024,TLBDSNJ,AW67,S_C2,_Z,YES,NO,65.1
SWE,2025,TLBDSNJ,AW67,S_C2,_Z,YES,NO,66.5
GBR,2023,TLBDSNJ,AW67,S_C2,_Z,YES,NO,57
GBR,2024,TLBDSNJ,AW67,S_C2,_Z,YES,NO,55.3
GBR,2025,TLBDSNJ,AW67,S_C2,_Z,YES,NO,55.8
USA,2023,TLBDSNJ,AW67,S_C2,_Z,YES,NO,38.4
USA,2024,TLBDSNJ,AW67,S_C2,_Z,YES,NO,37
USA,2025,TLBDSNJ,AW67,S_C2,_Z,YES,NO,36.5
OECD,2023,TLBDSNJ,AW67,S_C2,_Z,YES,NO,58.2
OECD,2024,TLBDSNJ,AW67,S_C2,_Z,YES,NO,58
OECD,2025,TLBDSNJ,AW67,S_C2,_Z,YES,NO,60.1
AUT,2023,TLBDSNJ,AW67,S_C2,_Z,YES,YES,73.2
AUT,2024,TLBDSNJ,AW67,S_C2,_Z,YES,YES,72.8
AUT,2025,TLBDSNJ,AW67,S_C2,_Z,YES,YES,82.9
BEL,2023,TLBDSNJ,AW67,S_C2,_Z,YES,YES,77.1
BEL,2024,TLBDSNJ,AW67,S_C2,_Z,YES,YES,77.6
BEL,2025,TLBDSNJ,AW67,S_C2,_Z,YES,YES,78.6
DNK,2023,TLBDSNJ,AW67,S_C2,_Z,YES,YES,68.1
DNK,2024,TLBDSNJ,AW67,S_C2,_Z,YES,YES,67.2
FRA,2023,TLBDSNJ,AW67,S_C2,_Z,YES,YES,58.2
FRA,2024,TLBDSNJ,AW67,S_C2,_Z,YES,YES,58.9
FRA,2025,TLBDSNJ,AW67,S_C2,_Z,YES,YES,58.3
DEU,2023,TLBDSNJ,AW67,S_C2,_Z,YES,YES,64.5
DEU,2024,TLBDSNJ,AW67,S_C2,_Z,YES,YES,65.1
DEU,2025,TLBDSNJ,AW67,S_C2,_Z,YES,YES,64.2
ITA,2023,TLBDSNJ,AW67,S_C2,_Z,YES,YES,60.7
ITA,2024,TLBDSNJ,AW67,S_C2,_Z,YES,YES,62.4
ITA,2025,TLBDSNJ,AW67,S_C2,_Z,YES,YES,65.6
NLD,2023,TLBDSNJ,AW67,S_C2,_Z,YES,YES,60.3
NLD,2024,TLBDSNJ,AW67,S_C2,_Z,YES,YES,59.6
POL,2023,TLBDSNJ,AW67,S_C2,_Z,YES,YES,45.1
POL,2024,TLBDSNJ,AW67,S_C2,_Z,YES,YES,38.9
POL,2025,TLBDSNJ,AW67,S_C2,_Z,YES,YES,47.9
ESP,2023,TLBDSNJ,AW67,S_C2,_Z,YES,YES,55
ESP,2024,TLBDSNJ,AW67,S_C2,_Z,YES,YES,66.2
ESP,2025,TLBDSNJ,AW67,S_C2,_Z,YES,YES,64.7
SWE,2023,TLBDSNJ,AW67,S_C2,_Z,YES,YES,62.9
SWE,2024,TLBDSNJ,AW67,S_C2,_Z,YES,YES,65.1
SWE,2025,TLBDSNJ,AW67,S_C2,_Z,YES,YES,66.5
GBR,2023,TLBDSNJ,AW67,S_C2,_Z,YES,YES,57
GBR,2024,TLBDSNJ,AW67,S_C2,_Z,YES,YES,55.3
GBR,2025,TLBDSNJ,AW67,S_C2,_Z,YES,YES,55.8
USA,2023,TLBDSNJ,AW67,S_C2,_Z,YES,YES,38.4
USA,2024,TLBDSNJ,AW67,S_C2,_Z,YES,YES,37
USA,2025,TLBDSNJ,AW67,S_C2,_Z,YES,YES,36.5
OECD,2023,TLBDSNJ,AW67,S_C2,_Z,YES,YES,54.5
OECD,2024,TLBDSNJ,AW67,S_C2,_Z,YES,YES,55.3
OECD,2025,TLBDSNJ,AW67,S_C2,_Z,YES,YES,56.9
AUT,2023,TLBDSNJ,AW67,S_C2,_Z,NO,NO,60.2
AUT,2024,TLBDSNJ,AW67,S_C2,_Z,NO,NO,60.8
AUT,2025,TLBDSNJ,AW67,S_C2,_Z,NO,NO,64.8
BEL,2023,TLBDSNJ,AW67,S_C2,_Z,NO,NO,80.2
BEL,2024,TLBDSNJ,AW67,S_C2,_Z,NO,NO,80.6
BEL,2025,TLBDSNJ,AW67,S_C2,_Z,NO,NO,81.5
DNK,2023,TLBDSNJ,AW67,S_C2,_Z,NO,NO,75.6
DNK,2024,TLBDSNJ,AW67,S_C2,_Z,NO,NO,74.4
FRA,2023,TLBDSNJ,AW67,S_C2,_Z,NO,NO,46.6
FRA,2024,TLBDSNJ,AW67,S_C2,_Z,NO,NO,46.9
FRA,2025,TLBDSNJ,AW67,S_C2,_Z,NO,NO,46.4
DEU,2023,TLBDSNJ,AW67,S_C2,_Z,NO,NO,42.4
DEU,2024,TLBDSNJ,AW67,S_C2,_Z,NO,NO,44.1
DEU,2025,TLBDSNJ,AW67,S_C2,_Z,NO,NO,44
ITA,2023,TLBDSNJ,AW67,S_C2,_Z,NO,NO,46.7
ITA,2024,TLBDSNJ,AW67,S_C2,_Z,NO,NO,48.8
ITA,2025,TLBDSNJ,AW67,S_C2,_Z,NO,NO,51.2
NLD,2023,TLBDSNJ,AW67,S_C2,_Z,NO,NO,57.7
NLD,2024,TLBDSNJ,AW67,S_C2,_Z,NO,NO,57.3
POL,2023,TLBDSNJ,AW67,S_C2,_Z,NO,NO,55.1
POL,2024,TLBDSNJ,AW67,S_C2,_Z,NO,NO,51.5
POL,2025,TLBDSNJ,AW67,S_C2,_Z,NO,NO,60.5
ESP,2023,TLBDSNJ,AW67,S_C2,_Z,NO,NO,65
ESP,2024,TLBDSNJ,AW67,S_C2,_Z,NO,NO,67.9
ESP,2025,TLBDSNJ,AW67,S_C2,_Z,NO,NO,72.1
SWE,2023,TLBDSNJ,AW67,S_C2,_Z,NO,NO,36.9
SWE,2024,TLBDSNJ,AW67,S_C2,_Z,NO,NO,38.5
SWE,2025,TLBDSNJ,AW67,S_C2,_Z,NO,NO,38.7
GBR,2023,TLBDSNJ,AW67,S_C2,_Z,NO,NO,51.4
GBR,2024,TLBDSNJ,AW67,S_C2,_Z,NO,NO,50.2
GBR,2025,TLBDSNJ,AW67,S_C2,_Z,NO,NO,50.8
USA,2023,TLBDSNJ,AW67,S_C2,_Z,NO,NO,36
USA,2024,TLBDSNJ,AW67,S_C2,_Z,NO,NO,34.8
USA,2025,TLBDSNJ,AW67,S_C2,_Z,NO,NO,34.4
OECD,2023,TLBDSNJ,AW67,S_C2,_Z,NO,NO,50.7
OECD,2024,TLBDSNJ,AW67,S_C2,_Z,NO,NO,50.5
OECD,2025,TLBDSNJ,AW67,S_C2,_Z,NO,NO,50.6
AUT,2023,TLBDSNJ,AW67,S_C2,_Z,NO,YES,60.2
AUT,2024,TLBDSNJ,AW67,S_C2,_Z,NO,YES,60.8
AUT,2025,TLBDSNJ,AW67,S_C2,_Z,NO,YES,64.8
BEL,2023,TLBDSNJ,AW67,S_C2,_Z,NO,YES,77.1
BEL,2024,TLBDSNJ,AW67,S_C2,_Z,NO,YES,77.6
BEL,2025,TLBDSNJ,AW67,S_C2,_Z,NO,YES,78.6
DNK,2023,TLBDSNJ,AW67,S_C2,_Z,NO,YES,75.6
DNK,2024,TLBDSNJ,AW67,S_C2,_Z,NO,YES,74.4
FRA,2023,TLBDSNJ,AW67,S_C2,_Z,NO,YES,46.6
FRA,2024,TLBDSNJ,AW67,S_C2,_Z,NO,YES,46.9
FRA,2025,TLBDSNJ,AW67,S_C2,_Z,NO,YES,46.4
DEU,2023,TLBDSNJ,AW67,S_C2,_Z,NO,YES,42.4
DEU,2024,TLBDSNJ,AW67,S_C2,_Z,NO,YES,44.1
DEU,2025,TLBDSNJ,AW67,S_C2,_Z,NO,YES,44
ITA,2023,TLBDSNJ,AW67,S_C2,_Z,NO,YES,46.7
ITA,2024,TLBDSNJ,AW67,S_C2,_Z,NO,YES,48.8
ITA,2025,TLBDSNJ,AW67,S_C2,_Z,NO,YES,51.2
NLD,2023,TLBDSNJ,AW67,S_C2,_Z,NO,YES,57.7
NLD,2024,TLBDSNJ,AW67,S_C2,_Z,NO,YES,57.3
POL,2023,TLBDSNJ,AW67,S_C2,_Z,NO,YES,55.1
POL,2024,TLBDSNJ,AW67,S_C2,_Z,NO,YES,51.5
POL,2025,TLBDSNJ,AW67,S_C2,_Z,NO,YES,60.5
ESP,2023,TLBDSNJ,AW67,S_C2,_Z,NO,YES,51.3
ESP,2024,TLBDSNJ,AW67,S_C2,_Z,NO,YES,51.3
ESP,2025,TLBDSNJ,AW67,S_C2,_Z,NO,YES,49.8
SWE,2023,TLBDSNJ,AW67,S_C2,_Z,NO,YES,36.9
SWE,2024,TLBDSNJ,AW67,S_C2,_Z,NO,YES,38.5
SWE,2025,TLBDSNJ,AW67,S_C2,_Z,NO,YES,38.7
GBR,2023,TLBDSNJ,AW67,S_C2,_Z,NO,YES,51.4
GBR,2024,TLBDSNJ,AW67,S_C2,_Z,NO,YES,50.2
GBR,2025,TLBDSNJ,AW67,S_C2,_Z,NO,YES,50.8
USA,2023,TLBDSNJ,AW67,S_C2,_Z,NO,YES,36
USA,2024,TLBDSNJ,AW67,S_C2,_Z,NO,YES,34.8
USA,2025,TLBDSNJ,AW67,S_C2,_Z,NO,YES,34.4
OECD,2023,TLBDSNJ,AW67,S_C2,_Z,NO,YES,47.9
OECD,2024,TLBDSNJ,AW67,S_C2,_Z,NO,YES,48
OECD,2025,TLBDSNJ,AW67,S_C2,_Z,NO,YES,47.6
AUT,2023,TLBDSNJ,AW100,S_C2,_Z,YES,NO,63.2
AUT,2024,TLBDSNJ,AW100,S_C2,_Z,YES,NO,63.3
AUT,2025,TLBDSNJ,AW100,S_C2,_Z,YES,NO,70.1
BEL,2023,TLBDSNJ,AW100,S_C2,_Z,YES,NO,75
BEL,2024,TLBDSNJ,AW100,S_C2,_Z,YES,NO,75.2
BEL,2025,TLBDSNJ,AW100,S_C2,_Z,YES,NO,75.5
DNK,2023,TLBDSNJ,AW100,S_C2,_Z,YES,NO,64.3
DNK,2024,TLBDSNJ,AW100,S_C2,_Z,YES,NO,63.8
FRA,2023,TLBDSNJ,AW100,S_C2,_Z,YES,NO,50.6
FRA,2024,TLBDSNJ,AW100,S_C2,_Z,YES,NO,50.5
FRA,2025,TLBDSNJ,AW100,S_C2,_Z,YES,NO,50.9
DEU,2023,TLBDSNJ,AW100,S_C2,_Z,YES,NO,58.3
DEU,2024,TLBDSNJ,AW100,S_C2,_Z,YES,NO,58.6
DEU,2025,TLBDSNJ,AW100,S_C2,_Z,YES,NO,58.3
ITA,2023,TLBDSNJ,AW100,S_C2,_Z,YES,NO,56.5
ITA,2024,TLBDSNJ,AW100,S_C2,_Z,YES,NO,57.5
ITA,2025,TLBDSNJ,AW100,S_C2,_Z,YES,NO,59.6
NLD,2023,TLBDSNJ,AW100,S_C2,_Z,YES,NO,65.8
NLD,2024,TLBDSNJ,AW100,S_C2,_Z,YES,NO,65.9
POL,2023,TLBDSNJ,AW100,S_C2,_Z,YES,NO,45.6
POL,2024,TLBDSNJ,AW100,S_C2,_Z,YES,NO,44.1
POL,2025,TLBDSNJ,AW100,S_C2,_Z,YES,NO,50.8
ESP,2023,TLBDSNJ,AW100,S_C2,_Z,YES,NO,63.9
ESP,2024,TLBDSNJ,AW100,S_C2,_Z,YES,NO,65.7
ESP,2025,TLBDSNJ,AW100,S_C2,_Z,YES,NO,68.6
SWE,2023,TLBDSNJ,AW100,S_C2,_Z,YES,NO,54.9
SWE,2024,TLBDSNJ,AW100,S_C2,_Z,YES,NO,55.6
SWE,2025,TLBDSNJ,AW100,S_C2,_Z,YES,NO,55.5
GBR,2023,TLBDSNJ,AW100,S_C2,_Z,YES,NO,61.1
GBR,2024,TLBDSNJ,AW100,S_C2,_Z,YES,NO,59.6
GBR,2025,TLBDSNJ,AW100,S_C2,_Z,YES,NO,60.2
USA,2023,TLBDSNJ,AW100,S_C2,_Z,YES,NO,36.8
USA,2024,TLBDSNJ,AW100,S_C2,_Z,YES,NO,36.7
USA,2025,TLBDSNJ,AW100,S_C2,_Z,YES,NO,36.3
OECD,2023,TLBDSNJ,AW100,S_C2,_Z,YES,NO,56.6
OECD,2024,TLBDSNJ,AW100,S_C2,_Z,YES,NO,56.8
OECD,2025,TLBDSNJ,AW100,S_C2,_Z,YES,NO,56.8
AUT,2023,TLBDSNJ,AW100,S_C2,_Z,YES,YES,63.2
AUT,2024,TLBDSNJ,AW100,S_C2,_Z,YES,YES,63.3
AUT,2025,TLBDSNJ,AW100,S_C2,_Z,YES,YES,70.1
BEL,2023,TLBDSNJ,AW100,S_C2,_Z,YES,YES,72.9
BEL,2024,TLBDSNJ,AW100,S_C2,_Z,YES,YES,73.2
BEL,2025,TLBDSNJ,AW100,S_C2,_Z,YES,YES,73.6
DNK,2023,TLBDSNJ,AW100,S_C2,_Z,YES,YES,64.3
DNK,2024,TLBDSNJ,AW100,S_C2,_Z,YES,YES,63.8
FRA,2023,TLBDSNJ,AW100,S_C2,_Z,YES,YES,50.6
FRA,2024,TLBDSNJ,AW100,S_C2,_Z,YES,YES,50.5
FRA,2025,TLBDSNJ,AW100,S_C2,_Z,YES,YES,50.9
DEU,2023,TLBDSNJ,AW100,S_C2,_Z,YES,YES,58.3
DEU,2024,TLBDSNJ,AW100,S_C2,_Z,YES,YES,58.6
DEU,2025,TLBDSNJ,AW100,S_C2,_Z,YES,YES,58.3
ITA,2023,TLBDSNJ,AW100,S_C2,_Z,YES,YES,56.5
ITA,2024,TLBDSNJ,AW100,S_C2,_Z,YES,YES,57.5
ITA,2025,TLBDSNJ,AW100,S_C2,_Z,YES,YES,59.6
NLD,2023,TLBDSNJ,AW100,S_C2,_Z,YES,YES,65.8
NLD,2024,TLBDSNJ,AW100,S_C2,_Z,YES,YES,65.9
POL,2023,TLBDSNJ,AW100,S_C2,_Z,YES,YES,45.6
POL,2024,TLBDSNJ,AW100,S_C2,_Z,YES,YES,44.1
POL,2025,TLBDSNJ,AW100,S_C2,_Z,YES,YES,50.8
ESP,2023,TLBDSNJ,AW100,S_C2,_Z,YES,YES,63.9
ESP,2024,TLBDSNJ,AW100,S_C2,_Z,YES,YES,65.7
ESP,2025,TLBDSNJ,AW100,S_C2,_Z,YES,YES,68.6
SWE,2023,TLBDSNJ,AW100,S_C2,_Z,YES,YES,54.9
SWE,2024,TLBDSNJ,AW100,S_C2,_Z,YES,YES,55.6
SWE,2025,TLBDSNJ,AW100,S_C2,_Z,YES,YES,55.5
GBR,2023,TLBDSNJ,AW100,S_C2,_Z,YES,YES,61.1
GBR,2024,TLBDSNJ,AW100,S_C2,_Z,YES,YES,59.6
GBR,2025,TLBDSNJ,AW100,S_C2,_Z,YES,YES,60.2
USA,2023,TLBDSNJ,AW100,S_C2,_Z,YES,YES,36.8
USA,2024,TLBDSNJ,AW100,S_C2,_Z,YES,YES,36.7
USA,2025,TLBDSNJ,AW100,S_C2,_Z,YES,YES,36.3
OECD,2023,TLBDSNJ,AW100,S_C2,_Z,YES,YES,53.7
OECD,2024,TLBDSNJ,AW100,S_C2,_Z,YES,YES,54.3
OECD,2025,TLBDSNJ,AW100,S_C2,_Z,YES,YES,54.3
AUT,2023,TLBDSNJ,AW100,S_C2,_Z,NO,NO,54.5
AUT,2024,TLBDSNJ,AW100,S_C2,_Z,NO,NO,55.2
AUT,2025,TLBDSNJ,AW100,S_C2,_Z,NO,NO,57.9
BEL,2023,TLBDSNJ,AW100,S_C2,_Z,NO,NO,75
BEL,2024,TLBDSNJ,AW100,S_C2,_Z,NO,NO,75.2
BEL,2025,TLBDSNJ,AW100,S_C2,_Z,NO,NO,75.5
DNK,2023,TLBDSNJ,AW100,S_C2,_Z,NO,NO,63.8
DNK,2024,TLBDSNJ,AW100,S_C2,_Z,NO,NO,63.2
FRA,2023,TLBDSNJ,AW100,S_C2,_Z,NO,NO,42.8
FRA,2024,TLBDSNJ,AW100,S_C2,_Z,NO,NO,42.6
FRA,2025,TLBDSNJ,AW100,S_C2,_Z,NO,NO,42.9
DEU,2023,TLBDSNJ,AW100,S_C2,_Z,NO,NO,43.5
DEU,2024,TLBDSNJ,AW100,S_C2,_Z,NO,NO,44.6
DEU,2025,TLBDSNJ,AW100,S_C2,_Z,NO,NO,44.8
ITA,2023,TLBDSNJ,AW100,S_C2,_Z,NO,NO,46.7
ITA,2024,TLBDSNJ,AW100,S_C2,_Z,NO,NO,48
ITA,2025,TLBDSNJ,AW100,S_C2,_Z,NO,NO,49.6
NLD,2023,TLBDSNJ,AW100,S_C2,_Z,NO,NO,58.4
NLD,2024,TLBDSNJ,AW100,S_C2,_Z,NO,NO,58.3
POL,2023,TLBDSNJ,AW100,S_C2,_Z,NO,NO,45.6
POL,2024,TLBDSNJ,AW100,S_C2,_Z,NO,NO,44.1
POL,2025,TLBDSNJ,AW100,S_C2,_Z,NO,NO,50.8
ESP,2023,TLBDSNJ,AW100,S_C2,_Z,NO,NO,53.9
ESP,2024,TLBDSNJ,AW100,S_C2,_Z,NO,NO,55.7
ESP,2025,TLBDSNJ,AW100,S_C2,_Z,NO,NO,58.6
SWE,2023,TLBDSNJ,AW100,S_C2,_Z,NO,NO,34.9
SWE,2024,TLBDSNJ,AW100,S_C2,_Z,NO,NO,35.6
SWE,2025,TLBDSNJ,AW100,S_C2,_Z,NO,NO,35.5
GBR,2023,TLBDSNJ,AW100,S_C2,_Z,NO,NO,45
GBR,2024,TLBDSNJ,AW100,S_C2,_Z,NO,NO,44.1
GBR,2025,TLBDSNJ,AW100,S_C2,_Z,NO,NO,44.3
USA,2023,TLBDSNJ,AW100,S_C2,_Z,NO,NO,35.2
USA,2024,TLBDSNJ,AW100,S_C2,_Z,NO,NO,35.2
USA,2025,TLBDSNJ,AW100,S_C2,_Z,NO,NO,34.9
OECD,2023,TLBDSNJ,AW100,S_C2,_Z,NO,NO,48.4
OECD,2024,TLBDSNJ,AW100,S_C2,_Z,NO,NO,48.3
OECD,2025,TLBDSNJ,AW100,S_C2,_Z,NO,NO,47.9
AUT,2023,TLBDSNJ,AW100,S_C2,_Z,NO,YES,54.5
AUT,2024,TLBDSNJ,AW100,S_C2,_Z,NO,YES,55.2
AUT,2025,TLBDSNJ,AW100,S_C2,_Z,NO,YES,57.9
BEL,2023,TLBDSNJ,AW100,S_C2,_Z,NO,YES,72.9
BEL,2024,TLBDSNJ,AW100,S_C2,_Z,NO,YES,73.2
BEL,2025,TLBDSNJ,AW100,S_C2,_Z,NO,YES,73.6
DNK,2023,TLBDSNJ,AW100,S_C2,_Z,NO,YES,63.8
DNK,2024,TLBDSNJ,AW100,S_C2,_Z,NO,YES,63.2
FRA,2023,TLBDSNJ,AW100,S_C2,_Z,NO,YES,42.8
FRA,2024,TLBDSNJ,AW100,S_C2,_Z,NO,YES,42.6
FRA,2025,TLBDSNJ,AW100,S_C2,_Z,NO,YES,42.9
DEU,2023,TLBDSNJ,AW100,S_C2,_Z,NO,YES,43.5
DEU,2024,TLBDSNJ,AW100,S_C2,_Z,NO,YES,44.6
DEU,2025,TLBDSNJ,AW100,S_C2,_Z,NO,YES,44.8
ITA,2023,TLBDSNJ,AW100,S_C2,_Z,NO,YES,46.7
ITA,2024,TLBDSNJ,AW100,S_C2,_Z,NO,YES,48
ITA,2025,TLBDSNJ,AW100,S_C2,_Z,NO,YES,49.6
NLD,2023,TLBDSNJ,AW100,S_C2,_Z,NO,YES,58.4
NLD,2024,TLBDSNJ,AW100,S_C2,_Z,NO,YES,58.3
POL,2023,TLBDSNJ,AW100,S_C2,_Z,NO,YES,45.6
POL,2024,TLBDSNJ,AW100,S_C2,_Z,NO,YES,44.1
POL,2025,TLBDSNJ,AW100,S_C2,_Z,NO,YES,50.8
ESP,2023,TLBDSNJ,AW100,S_C2,_Z,NO,YES,53.9
ESP,2024,TLBDSNJ,AW100,S_C2,_Z,NO,YES,55.7
ESP,2025,TLBDSNJ,AW100,S_C2,_Z,NO,YES,58.6
SWE,2023,TLBDSNJ,AW100,S_C2,_Z,NO,YES,34.9
SWE,2024,TLBDSNJ,AW100,S_C2,_Z,NO,YES,35.6
SWE,2025,TLBDSNJ,AW100,S_C2,_Z,NO,YES,35.5
GBR,2023,TLBDSNJ,AW100,S_C2,_Z,NO,YES,45
GBR,2024,TLBDSNJ,AW100,S_C2,_Z,NO,YES,44.1
GBR,2025,TLBDSNJ,AW100,S_C2,_Z,NO,YES,44.3
USA,2023,TLBDSNJ,AW100,S_C2,_Z,NO,YES,35.2
USA,2024,TLBDSNJ,AW100,S_C2,_Z,NO,YES,35.2
USA,2025,TLBDSNJ,AW100,S_C2,_Z,NO,YES,34.9
OECD,2023,TLBDSNJ,AW100,S_C2,_Z,NO,YES,46.7
OECD,2024,TLBDSNJ,AW100,S_C2,_Z,NO,YES,47
OECD,2025,TLBDSNJ,AW100,S_C2,_Z,NO,YES,46.5
