Poids,Poids1,nou1,r36a,r36ab,ivt1_2,Q27_i2,q27_i22,q27_i18,n43_i4,n43_i6,qcb1_i3,q27_i8,q27_i17,q27_i14,q27_i23,q32
0.8453524,1.0087528,99,3,14,14,5,5,2,3,2,1,2,2,2,2,2
1.2990288,1.0181346,3,1,5,8,4,4,2,4,2,2,4,3,4,3,2
1.0877792,0.8541365,4,1,5,5,3,4,1,3,2,2,3,1,3,2,2
0.7250521,0.885174,5,3,14,9,2,3,4,1,2,3,1,3,1,3,2
1.1581417,0.9844019,10,1,9,12,1,1,4,2,2,1,3,1,3,2,1
1.0166422,1.0208782,99,2,15,12,1,1,2,2,3,2,1,3,1,2,1
0.9982073,1.3242948,9,1,7,11,1,4,4,1,4,1,1,3,3,4,1
0.9982073,0.7789705,5,1,5,8,2,1,4,2,1,1,1,2,1,3,2
1.1754963,0.8984638,6,1,5,8,3,3,2,3,2,4,3,2,2,3,2
1.0985308,1.3470461,1,1,3,4,4,4,2,4,1,4,4,1,4,1,1
0.8349603,0.5584713,3,1,4,6,4,4,3,4,1,4,4,2,4,3,2
0.6943805,0.4705445,6,1,4,4,3,3,2,3,2,2,4,2,2,3,2
1.2300112,0.9451162,6,1,5,9,2,3,4,1,3,2,2,4,2,4,2
1.0838131,0.831655,8,1,5,8,3,1,1,3,1,1,1,1,2,2,1
1.049755,0.8648919,10,1,9,12,1,1,4,1,4,1,3,1,4,1,1
0.439702,0.349924,7,1,5,9,4,5,1,5,1,2,2,2,1,2,1
1.1010077,1.4540051,99,1,7,9,2,2,2,2,2,2,2,2,2,2,2
0.7531205,0.4284796,10,1,2,11,2,1,1,2,2,2,2,2,2,2,1
1.3262244,1.0715594,4,1,5,7,4,4,1,3,1,4,3,1,3,2,1
1.0800005,1.2715379,4,1,12,8,1,2,5,1,3,1,3,1,2,5,2
1.0559248,1.2731946,2,3,14,15,4,4,1,3,1,4,3,3,2,4,2
1.0579348,0.6003547,1,1,2,2,2,3,4,5,3,3,3,1,1,2,2
1.3828862,1.7633381,3,1,3,7,3,4,2,2,2,3,2,2,4,1,1
1.1437594,0.9219692,5,1,5,8,2,1,2,1,2,2,2,2,2,3,1
1.179646,0.9092768,2,1,5,6,2,4,1,2,2,3,4,1,2,2,1
1.1012502,0.9094684,10,1,9,12,1,1,3,1,4,1,1,1,4,1,1
1.2256845,1.5876449,8,1,7,9,4,1,4,1,3,1,1,3,2,4,2
0.7880473,0.6204562,99,1,5,8,3,4,1,2,2,2,3,2,1,2,2
1.0579348,1.2787508,8,3,14,9,2,3,2,1,3,2,3,3,2,3,1
0.9075409,0.716214,4,1,5,8,3,4,2,1,2,2,3,3,3,2,1
0.9056699,0.7527516,10,1,9,11,1,3,1,2,4,1,3,3,2,4,2
1.096802,0.6163059,99,1,2,8,2,3,1,3,3,2,2,2,2,2,3
1.1540679,0.9087605,2,1,5,7,4,4,2,3,1,4,4,2,4,2,1
0.8876982,0.7589524,9,1,9,13,1,1,5,2,3,1,3,2,4,2,1
1.2528572,1.5673572,5,1,12,14,2,2,3,1,3,2,2,2,4,2,1
0.6795532,0.5242964,5,1,5,8,4,4,1,4,2,5,3,2,2,2,2
1.2582617,1.005519,4,1,5,6,3,4,2,5,2,2,4,2,2,3,2
0.8315642,1.031466,4,1,3,14,2,4,2,2,3,2,2,3,2,2,1
1.2944592,0.8670443,4,1,4,13,5,4,4,2,2,5,3,1,3,2,1
1.2510234,1.0573773,8,1,9,11,2,1,3,1,2,2,3,2,2,3,2
1.2510234,1.6794466,7,1,7,8,3,4,5,3,2,2,2,5,3,2,2
1.0542133,0.8165988,99,1,5,8,2,2,3,2,2,2,2,2,1,3,2
0.6790681,0.8124182,6,3,14,8,2,2,2,1,5,3,2,2,2,2,2
0.8123581,0.4708293,0,1,2,2,4,3,4,3,1,3,4,1,4,2,1
0.9735067,1.0878251,8,1,8,7,2,2,2,2,2,2,2,2,2,2,2
0.7560084,0.5946153,5,1,5,8,2,4,1,3,2,4,3,4,2,3,2
1.1905426,1.5922946,5,1,7,15,2,2,3,2,2,1,2,1,3,1,1
0.9434338,1.2234807,9,1,7,12,2,2,3,2,2,2,2,2,1,3,2
0.7880473,1.0548115,8,1,7,9,3,3,2,3,2,1,2,4,2,4,3
1.3704653,1.1564064,5,1,9,12,1,1,2,1,4,2,1,1,1,1,1
0.5512437,0.7037938,3,1,3,6,3,4,3,3,2,3,3,2,3,2,2
1.2572799,1.0251369,8,1,5,11,1,4,2,1,3,1,2,3,3,4,2
1.2058762,1.3108547,6,1,8,10,1,1,1,1,3,1,2,2,3,2,2
1.0791447,1.3286244,0,3,14,15,4,4,1,3,2,4,4,1,4,1,1
0.7872086,1.0759386,10,1,7,15,2,1,4,3,3,1,2,2,4,3,1
0.7872086,0.6774094,99,1,9,12,1,1,1,1,4,5,1,1,1,1,2
1.0761764,0.6862387,7,1,6,9,5,4,3,1,2,2,3,2,3,3,1
0.8659042,0.7357314,8,1,9,12,1,3,3,1,3,1,3,1,2,2,2
1.1436223,0.991152,6,1,9,11,1,1,3,1,4,2,3,1,1,2,2
0.7118348,0.4986863,3,1,4,6,3,4,2,3,2,2,3,3,2,3,2
0.6051621,0.7321787,3,1,12,6,3,4,2,2,2,3,3,2,3,3,1
0.8211678,1.0147607,99,1,12,14,1,2,5,1,5,5,5,1,5,1,2
1.4909024,1.88688,1,1,3,4,4,4,1,4,2,4,4,1,2,1,1
1.0761764,1.2897671,2,1,12,14,4,4,2,2,1,3,3,2,3,2,1
0.6661498,0.5232318,6,1,5,8,3,3,2,2,1,2,3,3,2,3,2
0.6858978,0.5780796,6,1,9,12,1,4,3,1,3,3,2,1,2,3,1
1.1244663,1.406801,0,1,3,4,4,4,1,5,2,4,4,1,4,1,1
1.2256845,0.9338771,8,1,5,8,2,2,1,2,2,1,2,2,2,3,2
1.0316151,0.9061384,5,1,9,12,1,1,2,1,2,2,1,1,1,1,1
0.7098735,0.9274531,5,1,7,16,5,3,4,2,5,2,3,2,3,5,2
0.5493047,0.4397182,5,1,5,9,2,2,1,2,5,2,3,1,1,2,1
0.9908628,0.8599272,99,1,9,12,1,2,3,4,4,2,2,2,3,3,2
0.7793701,0.6152642,5,1,5,8,2,4,2,2,3,3,2,3,2,4,2
1.2816249,0.9941261,3,1,5,8,2,4,1,3,2,1,3,2,1,2,2
1.1914591,0.9848993,99,1,9,14,1,1,3,1,4,3,2,1,2,2,1
0.6969997,0.5611702,5,1,5,8,3,3,2,3,2,5,3,2,3,5,2
1.2618197,1.0479048,10,1,9,12,1,1,4,1,4,1,1,1,1,1,1
1.0452665,0.9091371,8,1,9,12,1,1,4,1,4,3,2,2,4,3,2
0.7715127,0.7661877,99,2,15,12,3,1,1,3,2,3,3,3,2,2,1
1.0400652,1.3915097,8,1,7,9,1,1,4,1,4,2,2,2,2,2,3
1.1431726,1.4058483,99,1,3,10,3,3,1,3,2,4,2,1,3,1,3
1.011786,1.2290872,3,1,3,4,2,2,1,3,2,2,3,1,4,1,1
0.9436474,1.1686952,99,1,3,6,2,4,1,2,2,3,3,2,2,3,2
0.8018067,0.6423215,6,1,5,8,2,4,2,5,2,2,3,2,3,2,2
1.096802,1.3417393,5,1,3,7,2,1,1,2,2,2,1,1,2,1,1
1.1010077,1.3526261,7,1,3,9,2,3,1,2,3,3,1,2,2,3,2
1.1766145,0.8064424,0,1,4,2,4,4,1,3,2,4,4,1,4,1,1
1.195665,1.3045098,5,1,8,11,1,4,4,1,3,1,4,4,2,2,2
1.2652403,1.7172351,99,1,7,11,3,4,4,1,4,3,3,4,4,4,2
1.16631,0.9027439,8,1,5,11,1,2,3,2,3,2,1,2,2,3,1
0.9929373,0.780825,7,1,5,8,2,4,2,2,2,2,1,3,2,4,2
1.096802,0.9080716,99,1,9,11,1,2,3,1,4,1,4,3,2,2,3
0.8154168,1.1358634,8,1,7,9,3,4,1,2,2,2,3,2,2,2,2
1.16631,1.5347168,10,1,7,11,1,1,4,1,4,1,1,2,1,4,2
1.0400652,1.3915097,7,1,7,9,1,3,4,1,4,2,1,3,1,3,2
1.1964519,1.4374312,3,4,16,8,4,4,4,3,1,2,3,1,3,3,4
1.0534607,1.3902522,8,1,7,9,1,2,2,1,3,1,1,2,2,3,2
0.7680228,0.6323535,10,1,9,12,1,2,4,1,4,1,2,1,2,1,1
0.7557791,0.7920564,7,1,11,12,3,2,4,3,1,1,5,2,3,2,1
0.6751958,0.5735685,5,1,9,12,2,2,3,2,3,3,3,2,3,3,2
1.1284357,0.9002283,8,1,5,9,4,4,1,2,2,1,2,2,1,2,1
1.2990288,1.7308878,8,1,7,9,1,3,3,1,4,1,2,2,2,3,2
0.8660182,0.6865982,4,1,5,5,3,3,1,2,2,4,4,1,3,2,1
1.2466228,0.9761285,99,1,5,7,3,4,1,3,2,3,4,1,3,2,1
0.7077399,0.5684707,4,1,5,8,4,4,2,4,2,2,2,2,3,2,1
0.6969997,0.9540218,6,1,7,9,2,2,4,4,3,1,2,3,2,4,2
1.2510234,1.5285658,3,1,12,14,3,4,4,2,2,3,2,3,2,3,2
1.1914591,0.7930415,2,1,4,7,4,4,1,4,1,4,4,2,4,1,1
0.829338,0.569203,8,1,4,9,2,1,3,2,3,1,2,3,2,1,1
0.829338,1.1227919,9,1,7,7,3,1,2,1,1,2,2,2,2,1,1
0.7196902,0.8918006,0,1,3,4,2,2,1,3,2,3,2,2,3,1,1
0.9873759,0.849197,99,1,9,14,2,2,2,1,2,2,3,2,2,2,2
1.3433056,1.6931646,1,1,3,3,3,4,5,3,2,4,4,1,4,2,1
0.7852752,0.7932491,8,2,15,5,1,2,1,2,1,2,2,2,2,2,1
1.1724757,0.9245837,5,1,5,8,2,4,2,1,2,2,2,2,3,2,1
1.3055398,1.0548443,5,1,5,8,2,4,2,2,3,2,2,2,3,2,1
1.1514795,1.4290015,0,1,3,5,2,2,3,1,2,2,3,1,3,2,1
1.033092,0.8351832,4,1,5,14,4,4,2,4,2,3,2,1,3,2,1
1.1436223,0.991152,8,1,9,12,1,2,4,1,4,1,1,2,2,3,2
1.0073184,0.6321874,8,1,6,13,2,2,3,2,2,4,4,1,3,2,3
1.2582617,1.0762614,10,1,9,12,1,3,3,1,4,2,2,1,2,2,1
0.6661498,0.8275031,2,1,3,4,3,4,1,2,1,4,4,1,3,1,1
1.1622074,0.8920086,5,1,5,8,3,4,2,3,3,2,2,3,3,3,2
1.2300112,1.0116091,10,1,9,12,1,1,2,1,4,1,1,1,1,3,1
1.0916191,0.864416,8,1,5,8,2,4,5,2,3,1,2,3,2,4,2
0.6203051,0.4997132,5,1,5,8,2,4,2,2,2,2,1,2,2,4,3
1.3433056,1.1459117,8,1,9,11,1,3,4,1,4,2,3,2,4,3,2
0.9771301,0.8372734,7,1,9,11,1,2,3,1,4,2,2,2,2,3,2
0.6504614,0.8760202,7,1,7,11,1,2,4,1,4,1,1,2,1,3,1
1.2810627,0.8916482,99,1,4,12,1,3,5,1,4,3,3,2,2,2,2
0.9797516,1.2005192,8,1,3,3,4,4,2,4,1,3,4,2,4,2,1
1.16631,1.2645966,8,1,8,10,1,2,1,1,4,1,4,1,2,2,1
1.2457898,0.9862773,6,1,5,8,4,4,3,3,2,3,1,4,2,3,2
0.8548935,1.0645499,5,1,12,10,1,2,5,1,4,1,3,2,3,2,1
0.7090853,0.8709736,99,1,3,3,2,2,3,4,4,1,2,1,2,1,2
1.0153577,1.3371079,6,1,7,9,5,2,3,2,2,2,2,3,3,2,2
1.195665,0.9967525,9,1,9,12,3,4,3,3,3,3,3,3,3,3,3
1.011786,0.8318302,9,1,9,11,1,1,3,1,4,2,1,2,2,2,1
1.0579348,1.404973,9,1,7,9,2,4,4,1,5,2,2,4,2,4,2
1.1562697,1.1372812,99,2,15,7,1,1,1,1,4,1,2,2,1,4,1
0.5437247,0.7319301,7,1,7,8,3,4,4,3,2,2,2,3,2,3,2
0.6969997,0.9540218,8,1,7,11,2,4,4,1,3,2,2,2,2,3,2
1.1979022,1.6502331,6,1,7,14,3,3,3,3,2,2,3,3,3,3,2
1.1198162,1.4138229,8,1,3,12,1,2,1,1,4,2,2,1,2,3,1
1.0115001,1.23409,99,4,16,16,5,5,3,5,5,5,5,5,5,5,4
1.1581417,0.792641,3,1,4,8,2,4,4,3,2,5,2,2,2,2,2
0.8263154,0.7004369,8,1,9,12,1,2,2,1,3,2,3,2,2,2,2
1.004759,1.2233735,5,1,12,14,2,3,3,2,2,2,2,2,3,3,2
1.1754963,1.5274405,6,1,7,9,2,2,1,3,4,2,2,3,2,3,2
0.7560084,1.0108805,7,1,7,6,1,1,3,1,4,1,1,2,1,3,1
0.8937082,0.7480851,8,1,9,12,1,1,1,1,1,2,2,1,1,2,1
1.0507159,0.9065408,7,1,9,8,1,2,3,1,4,1,3,2,2,4,2
1.0985308,0.7340719,4,1,4,8,4,4,1,3,2,4,4,2,3,2,1
0.7733721,0.978865,5,3,14,11,2,3,3,1,4,2,4,3,1,5,3
0.6609027,0.5360113,6,1,5,8,4,4,2,3,2,2,3,4,2,4,2
1.16631,1.4277103,2,1,3,3,3,4,2,3,2,3,4,1,3,4,1
1.179646,1.5458232,8,1,7,9,1,1,4,2,3,2,1,4,2,4,2
0.7750183,0.5239081,99,1,4,12,2,1,1,1,3,1,2,1,2,2,2
0.9790153,0.7599908,6,1,5,8,4,4,1,1,2,2,1,2,4,4,2
1.2722293,1.6514127,5,1,7,5,5,3,5,2,2,3,1,2,5,3,1
1.0761764,0.8335462,5,1,5,8,2,2,5,1,5,2,2,2,2,3,2
1.0400652,1.3915097,6,1,7,8,3,4,4,3,2,2,3,4,3,2,2
0.9902097,1.3013784,10,1,7,11,1,4,4,1,4,1,1,4,1,4,1
1.0115001,0.8536752,9,1,9,12,5,1,2,1,3,2,4,2,2,2,2
1.0470737,1.3079712,8,1,3,4,1,1,2,2,1,1,1,1,1,1,2
0.6185783,0.5132538,2,1,5,7,4,4,3,3,2,3,3,2,3,2,2
1.2120644,1.0290221,10,1,9,4,1,4,1,2,1,1,1,1,2,1,2
1.0715605,0.8256798,4,1,5,8,3,4,2,1,2,2,2,2,1,2,1
1.019251,0.7028289,3,1,4,7,4,4,1,3,1,4,4,2,4,1,1
1.0115001,0.7975634,6,1,5,8,3,4,3,3,2,2,5,3,3,3,2
0.9833168,1.1926296,99,4,16,12,5,5,5,5,5,5,5,5,5,5,4
1.2300112,0.9451162,6,1,5,7,2,4,2,2,3,3,3,2,3,2,2
1.2990288,1.0897646,10,1,9,12,2,2,1,3,3,1,2,2,1,3,2
1.2582617,1.7094405,8,1,7,9,1,1,1,1,4,1,4,1,1,4,2
0.9255308,0.7432488,7,1,5,8,2,3,2,1,2,1,2,2,1,2,2
1.2006755,0.6829748,0,1,2,7,4,4,4,2,1,4,3,1,4,1,1
1.1276495,1.3905368,6,1,3,8,2,2,2,2,2,2,2,2,2,2,2
1.2717385,1.6655262,7,1,7,12,1,3,3,2,3,3,2,3,3,4,2
1.1622074,1.3802274,99,1,12,14,2,2,2,2,3,2,3,2,2,2,2
0.7852752,0.528381,7,1,4,6,3,3,3,2,2,2,2,1,2,2,1
1.16631,0.9027439,6,1,5,8,2,4,1,2,2,2,3,2,2,3,2
0.8122284,0.6301186,7,1,5,10,4,3,1,3,3,1,2,3,4,4,3
0.6725602,0.7431008,10,1,8,10,2,2,2,2,4,1,3,3,2,4,1
1.0442302,0.7375831,4,1,4,8,3,4,2,3,2,3,3,3,2,2,2
1.1051377,0.8599153,7,1,5,8,3,4,2,3,2,2,3,3,2,3,2
1.267136,1.0564219,7,1,9,12,1,2,1,1,4,1,3,2,1,2,2
0.8501834,1.0352206,3,1,12,14,2,3,4,1,2,2,2,1,2,1,1
1.0534607,1.3902522,7,1,7,9,3,4,2,3,2,2,1,4,3,4,2
0.6357958,0.7758227,6,3,14,8,3,4,2,1,3,2,1,4,2,4,3
1.0971347,0.7283469,5,1,4,4,4,1,4,4,2,2,2,2,3,2,1
1.1766145,0.9357111,10,1,5,11,1,1,2,1,3,1,1,4,1,3,2
1.0877792,0.8541365,6,1,5,8,2,1,2,2,2,2,2,2,2,2,2
1.1581417,1.2883457,8,1,8,9,1,2,4,2,4,2,3,2,1,1,2
1.2510234,0.9878762,99,1,5,8,3,3,1,3,2,2,2,2,2,2,2
1.195665,0.8025858,4,1,4,16,3,4,2,3,2,3,2,3,3,2,1
1.2256845,1.5876449,9,1,7,11,1,2,4,1,4,1,1,3,3,4,2
0.8793629,0.5726136,5,1,6,15,3,5,1,3,2,3,1,3,3,3,2
0.9982073,0.6713555,4,1,4,6,2,4,2,1,4,1,3,1,3,2,4
0.8876982,0.7090667,4,1,5,8,4,4,1,2,2,4,4,3,2,2,2
1.2510234,0.7176393,0,1,2,2,4,4,1,4,1,4,3,2,4,1,1
1.0621049,1.300869,7,1,13,14,2,4,4,4,3,3,4,3,3,3,2
0.8944203,0.7602321,99,1,9,15,1,1,2,1,4,2,1,1,1,3,2
0.8766447,0.7305022,8,1,9,12,1,2,1,2,3,3,2,2,3,2,2
1.004759,1.3441297,99,1,7,9,1,3,4,1,3,1,2,1,2,2,1
0.9867265,1.3520696,10,1,7,11,1,3,3,1,4,1,4,1,2,1,2
1.0153577,0.7865072,3,1,5,8,4,4,1,3,1,4,2,1,4,2,1
1.416674,1.7726371,5,1,3,5,2,3,1,2,3,3,4,1,3,1,1
0.9735067,0.6692728,4,1,4,7,3,3,1,1,2,1,4,1,1,1,1
1.195665,0.9312362,7,1,5,8,1,3,5,1,3,1,1,3,2,4,2
1.1914591,0.9848993,10,1,9,11,1,1,3,1,4,1,1,1,1,2,2
1.4761204,1.261909,8,1,9,12,1,1,1,1,4,1,3,1,2,1,1
0.9146116,0.7916808,10,1,9,11,1,1,2,1,4,1,2,2,1,3,1
1.2717385,0.9796879,7,1,5,8,3,2,2,2,2,2,1,4,2,4,2
1.2300112,0.9451162,6,1,5,8,5,4,2,2,3,3,2,2,5,3,3
0.829338,0.8545345,7,2,15,7,2,3,3,1,1,2,2,3,3,2,4
1.1051377,1.3599757,1,1,3,14,3,4,2,2,2,2,4,1,3,1,1
0.9982073,1.2319597,1,1,3,4,3,5,3,3,2,4,3,1,5,2,4
1.1581417,1.5635388,7,1,7,8,1,4,4,1,4,2,2,3,2,3,2
0.6961759,0.5276134,3,1,5,8,4,4,1,4,1,2,2,3,2,4,2
1.0213833,1.2296602,99,1,16,16,5,4,1,2,5,5,2,2,2,5,4
1.2337213,0.8651488,4,1,4,3,4,4,1,4,1,4,3,2,4,3,1
1.0415896,1.4268229,7,1,7,9,3,4,2,4,2,4,3,3,3,4,2
0.9863536,0.9684985,7,2,15,14,3,3,1,4,2,2,3,3,4,2,2
1.1766145,1.4798486,1,1,3,4,4,4,2,3,2,4,4,1,4,1,1
0.8568152,0.7406349,10,1,9,12,1,1,1,4,4,1,1,1,1,3,1
1.1437594,1.4265863,99,3,14,11,1,2,4,2,3,2,3,2,2,4,1
1.1622074,1.5164663,7,1,7,14,1,4,4,1,3,2,2,2,2,4,2
1.3433056,1.0705912,7,1,5,8,3,4,1,4,2,3,1,3,2,4,2
0.7077399,0.8990494,3,1,3,14,4,4,2,3,2,4,3,2,3,2,2
0.520501,0.7034257,7,1,7,9,2,3,4,2,3,2,2,3,2,3,2
1.0579348,0.8264266,3,1,5,6,4,4,2,4,2,3,3,3,3,2,1
1.3780217,1.7423687,99,1,3,8,2,4,4,1,3,2,2,2,3,3,1
1.3340329,1.1171364,7,1,9,12,2,2,2,2,2,2,2,2,2,2,2
1.2129997,0.7906559,5,1,6,13,2,4,4,1,2,4,4,2,2,4,2
0.6684597,0.8353859,99,1,12,14,5,2,2,2,2,3,4,1,2,2,1
0.9834155,0.9716334,99,2,15,8,3,4,4,5,2,2,3,2,3,2,2
1.1012502,0.7323045,0,1,4,4,4,4,3,3,1,3,4,2,4,1,1
0.6411879,0.4941896,5,1,5,15,2,4,1,2,2,2,3,2,2,3,1
1.3387421,1.1305811,10,1,9,12,3,1,2,1,4,2,4,2,1,2,1
1.4408748,1.1715521,5,1,5,8,2,4,2,2,3,2,3,2,2,4,2
0.9498323,1.2226038,6,1,3,7,3,4,2,3,4,2,2,2,3,1,2
1.0720278,1.3751694,2,1,3,7,4,4,2,3,2,4,4,2,3,3,1
1.0715605,1.2775953,99,1,12,14,3,5,3,2,5,2,5,3,2,3,2
1.16631,1.3968384,99,1,12,14,2,2,2,2,2,2,2,2,2,2,1
1.1198162,0.7704618,3,1,4,6,2,2,2,2,2,2,2,2,2,2,2
1.0971347,1.3076404,5,1,12,14,4,2,1,4,1,2,5,3,1,1,2
1.16631,1.5347168,8,1,7,9,1,1,4,1,3,1,2,3,1,4,1
1.2394936,1.3116647,99,1,11,10,5,5,5,2,5,5,2,2,3,1,2
1.033092,0.8351832,2,1,5,7,4,4,1,3,2,4,4,2,4,2,1
0.7396407,0.5732312,5,1,5,10,1,4,5,5,3,2,2,3,2,3,2
1.0571619,1.3464422,0,1,3,4,3,3,2,3,1,3,3,1,3,1,1
1.3478386,1.6891911,5,1,3,9,2,2,2,2,3,2,3,2,1,2,2
0.7168553,0.4894936,2,1,4,7,4,4,1,3,1,4,4,1,4,1,1
0.6819521,0.5306063,5,1,5,8,3,4,2,3,2,3,2,3,2,3,2
0.9929373,1.3274475,9,1,7,11,1,1,3,1,3,1,1,1,1,3,2
1.2259876,1.053478,99,1,9,11,1,2,4,1,4,1,5,5,2,3,1
1.0288551,1.2433946,5,1,3,4,5,2,4,4,2,3,3,2,4,2,1
0.6370121,0.7873349,6,1,16,4,4,2,2,2,2,2,2,2,3,2,2
1.2510234,1.5623488,99,1,3,14,1,4,2,1,3,2,3,1,3,2,2
1.179646,1.5458232,5,1,7,9,3,4,2,3,2,2,2,3,3,3,2
0.6562741,0.5460775,99,1,5,8,2,2,1,1,2,2,5,2,1,5,2
0.7250521,0.5720671,5,1,5,8,2,3,2,2,2,2,3,3,2,2,2
0.9251693,0.7164783,7,1,5,12,3,4,1,4,4,1,1,3,3,2,1
1.3055398,0.8939707,5,1,1,1,4,2,1,1,1,1,4,2,3,2,1
1.0149571,1.0435501,99,2,15,4,2,4,4,3,4,4,4,2,3,2,1
0.6072118,0.7753478,1,1,3,4,4,4,1,3,2,3,4,1,3,1,1
1.0150708,1.2489423,0,3,14,11,2,3,2,2,2,2,2,2,3,2,1
1.1040368,0.944534,9,1,9,11,1,1,1,1,4,1,3,1,1,1,1
1.2184837,1.5500256,0,1,3,4,3,4,2,2,2,4,3,1,3,1,1
0.7928738,0.6068109,3,1,5,8,3,4,1,3,2,3,3,2,2,5,2
1.2256845,0.8048617,3,1,4,6,3,4,2,3,2,4,3,2,4,2,1
0.9738113,1.1592555,6,3,14,8,2,2,2,2,4,2,2,2,2,2,1
0.7739118,0.9698926,5,3,14,14,5,3,3,2,2,2,3,2,3,2,1
1.2980295,1.1092465,99,1,9,11,1,3,4,1,4,1,2,3,2,3,1
1.0985308,0.8517398,2,1,5,6,4,4,1,3,1,4,4,2,4,2,1
0.9929373,0.780825,5,1,5,8,4,4,2,3,2,3,3,3,3,3,1
1.1754963,0.7743409,99,1,4,6,4,4,3,3,2,4,4,1,4,1,1
0.8336487,0.6653984,10,1,5,11,1,3,2,1,3,1,2,3,2,2,2
1.1437594,1.4581155,8,1,3,4,2,2,1,2,2,2,2,2,2,1,2
1.1622074,1.2495582,6,1,8,9,2,3,3,2,4,2,3,2,3,3,2
1.0460829,1.3176068,0,1,3,4,5,4,1,3,2,2,4,2,3,1,1
1.1437594,1.5674011,6,1,7,12,1,1,1,1,4,1,2,2,1,4,2
0.6793244,0.4702773,2,1,4,7,4,4,1,4,1,4,3,1,3,1,1
1.2121277,1.5119871,7,1,12,14,3,3,4,3,2,2,1,3,2,2,2
1.004759,1.3441297,8,1,7,9,2,2,2,2,2,2,2,3,2,3,3
1.1548647,0.9559094,10,1,9,11,3,3,3,2,2,4,3,3,3,3,4
0.8035817,0.5401405,0,1,4,2,4,4,4,4,2,4,4,2,3,2,1
1.0963875,0.8395628,8,1,5,8,4,3,3,1,1,3,1,4,2,2,1
0.691153,0.4749631,7,1,1,1,5,1,2,1,1,1,1,2,2,5,1
0.97076,0.8254077,8,1,9,12,2,3,2,2,3,2,2,2,2,3,1
1.1514795,1.4290015,2,1,3,16,3,4,2,5,2,5,4,2,3,1,1
1.0400652,0.5946018,6,1,2,2,2,3,1,2,3,3,1,1,2,2,1
0.9863536,1.158208,99,3,14,14,3,2,1,2,3,1,2,2,2,3,2
0.8344174,0.6913617,99,1,9,12,1,1,1,1,4,1,4,1,1,2,1
1.0522103,0.8702521,7,1,9,12,1,1,4,1,4,2,2,2,2,2,2
1.0534607,0.8177676,4,1,5,8,4,4,2,3,2,4,2,3,1,3,2
0.7371869,1.010752,8,1,7,11,2,2,4,1,3,2,2,2,4,2,2
1.2408595,1.0936403,9,1,9,12,1,2,3,1,3,2,3,2,2,3,2
1.2362272,1.5266445,2,1,3,7,2,2,2,2,2,3,2,2,2,2,1
1.2255336,0.9975879,5,1,5,14,1,4,4,1,2,1,2,3,3,3,2
1.1010077,0.855268,7,1,5,12,2,4,1,2,3,2,3,2,2,3,2
0.7677912,1.0108618,8,1,7,11,1,3,3,1,3,1,1,2,2,2,1
0.8876982,1.1214052,99,1,3,15,5,5,5,5,5,5,4,1,4,2,1
1.0153577,0.7865072,5,1,5,8,2,4,5,3,5,2,1,5,2,5,2
0.6224948,0.5057272,8,1,5,8,2,4,2,2,2,2,2,4,2,3,3
1.2256845,0.7688387,5,1,6,13,1,1,3,1,4,1,1,1,1,3,2
1.2300112,1.6067523,9,1,7,9,1,1,4,3,4,1,1,5,1,3,1
1.1781478,0.9856753,99,1,9,12,2,2,2,2,2,2,2,2,2,2,2
0.9829361,1.194823,5,1,12,7,2,3,2,3,2,2,3,1,2,1,2
1.3385803,1.1322846,8,1,9,12,1,1,1,1,2,2,2,2,2,3,2
0.8356808,1.1052097,10,1,7,12,1,2,4,1,4,2,2,2,2,3,1
1.1431726,1.2452323,99,1,8,14,1,1,1,4,4,1,3,2,1,1,1
1.16631,0.9027439,99,1,5,8,3,4,2,3,3,4,3,4,4,4,3
0.760408,0.5838003,3,1,5,6,3,4,1,3,2,3,4,2,3,2,2
1.2722293,1.6514127,8,1,7,9,2,4,4,2,3,2,2,3,3,4,2
1.4116906,1.185431,6,1,9,11,1,4,4,2,4,1,1,2,1,2,2
1.1012502,1.4445208,6,1,7,9,2,3,2,2,3,2,2,3,2,4,1
0.7081205,0.8461682,9,3,14,11,1,1,4,1,4,1,1,1,2,1,1
0.6091499,0.8514841,8,1,7,9,2,4,3,2,2,3,2,3,2,2,3
1.0250423,0.8174632,5,1,5,8,3,4,1,3,2,1,2,2,1,3,2
1.3538861,1.0655153,3,1,5,14,3,2,2,3,2,2,3,2,2,1,1
1.2341771,1.5151387,99,3,14,15,5,4,1,4,1,4,4,1,4,1,1
0.837363,1.1113147,6,1,7,9,4,4,4,1,2,2,2,3,3,4,1
1.2006755,1.0063022,9,1,9,12,2,2,3,2,4,2,2,3,2,3,3
1.0153577,1.3371079,8,1,7,11,4,1,4,4,3,1,1,3,2,4,2
0.6803762,0.4811073,5,1,4,8,4,4,3,4,2,2,2,3,2,2,1
1.2256845,1.4450115,99,1,12,15,2,3,2,2,2,2,2,2,3,2,2
0.7118348,0.4763667,6,1,6,13,4,4,4,3,2,4,2,2,2,2,2
0.770734,0.5978993,3,1,5,8,4,4,1,4,1,4,4,3,2,2,1
0.9963071,0.8245854,8,1,9,12,4,4,3,4,4,4,4,4,4,3,1
0.6502441,0.5565224,7,1,9,9,2,4,3,3,2,2,3,2,2,2,2
1.2048331,0.9880283,1,1,5,6,4,4,1,3,2,2,4,1,3,3,2
1.2466228,1.6594748,6,1,7,9,1,2,4,1,4,1,2,3,3,4,1
0.6969997,0.9540218,6,1,7,9,2,3,3,2,2,2,3,3,2,3,2
1.0150708,0.8639492,10,1,9,12,1,1,1,4,3,1,1,5,1,4,1
1.2816249,0.9941261,8,1,5,8,2,4,3,2,3,1,2,2,2,2,2
0.837363,1.0114745,5,3,14,15,1,1,2,1,3,1,2,2,1,3,2
1.1622074,1.3802274,99,1,12,14,1,1,3,1,3,3,2,2,3,3,4
0.9894444,0.6351901,99,1,6,13,2,1,4,2,2,2,3,2,2,2,2
0.7852752,0.6130778,6,1,5,3,1,2,3,1,2,2,2,3,2,3,3
1.1936884,1.6306088,9,1,7,11,1,2,4,1,4,2,2,4,2,4,3
1.011786,0.8318302,5,1,9,10,2,2,3,1,2,1,1,4,1,3,1
1.0640558,0.841186,4,1,5,8,3,4,2,3,2,2,4,3,2,2,2
0.8856716,1.0803308,99,3,14,14,2,1,4,2,2,2,2,3,3,3,2
0.8356522,1.0042689,99,3,14,15,4,4,4,3,4,4,4,4,4,4,1
0.9701428,0.8055411,4,1,9,12,4,4,4,4,4,4,4,4,4,4,3
1.2300112,0.9451162,5,1,5,8,1,1,4,1,4,2,2,2,1,1,1
0.9183059,0.7159091,4,1,5,12,2,3,2,2,3,3,3,2,3,3,3
1.2771165,0.982304,5,1,5,8,3,3,2,2,2,2,2,3,2,2,1
0.7472349,0.5926393,5,1,5,8,3,4,1,4,2,3,3,1,2,4,1
1.2300112,1.4624022,5,1,12,7,2,4,2,3,2,2,3,2,2,2,2
1.2298357,0.8338863,4,1,4,14,3,3,2,3,2,3,3,2,3,2,1
1.2816249,1.6900718,7,1,7,8,4,4,4,2,2,2,2,4,1,3,2
1.2582617,1.005519,7,1,5,9,2,4,4,2,3,2,2,2,2,3,2
1.0147488,1.2358657,2,1,3,7,5,3,1,2,2,4,3,4,3,1,2
0.7013342,0.4761776,0,1,4,4,4,4,2,4,1,4,4,4,4,4,2
0.9844017,0.7915488,99,1,5,9,3,2,3,2,3,2,4,1,3,2,1
1.2980295,0.7528427,2,1,2,2,3,4,1,3,2,4,3,5,3,1,1
1.1485523,0.9308025,3,1,5,8,3,4,1,3,2,3,4,2,3,2,1
0.9700822,1.213533,3,1,3,12,2,2,1,1,2,3,3,1,3,1,1
1.0383846,0.9191645,8,1,9,11,1,1,4,3,3,1,2,2,2,2,2
0.7646161,1.0223618,5,1,7,11,3,3,3,3,3,3,3,3,3,3,1
0.9908614,0.8029277,6,1,5,8,3,2,2,2,2,1,3,3,2,4,3
1.0329683,0.8978537,99,1,9,16,2,3,3,3,2,2,3,2,2,3,4
0.7577332,0.9806916,8,1,7,9,1,1,4,1,4,2,1,3,1,4,1
1.0747486,1.3455303,99,1,3,5,1,4,3,1,3,2,4,2,3,2,1
1.011786,0.8318302,10,1,9,12,1,1,4,1,4,3,2,2,3,2,2
1.1964519,1.3013463,8,1,8,9,1,3,1,1,4,1,3,3,3,4,3
0.6585779,0.8195209,7,3,14,9,1,2,2,1,4,2,2,3,2,4,2
1.3538861,1.6851369,3,1,3,12,1,2,5,1,3,1,5,1,1,2,2
0.9272696,1.127996,4,3,14,15,2,2,2,1,2,2,2,2,2,1,2
1.0640558,1.330355,3,1,3,4,2,4,2,1,2,2,3,1,3,1,1
0.7852752,0.528381,8,1,4,4,3,2,2,2,2,1,1,1,1,2,3
0.677537,0.8555608,99,1,12,16,4,4,1,4,1,4,4,4,4,1,1
0.7361093,0.5210101,4,1,4,8,2,2,2,2,2,3,3,2,3,2,2
1.0711646,0.8464477,2,1,5,8,2,4,3,2,4,2,3,2,2,3,2
1.4594327,1.1704935,6,1,5,8,3,4,3,3,2,2,3,3,3,3,2
1.16631,1.3968384,3,3,14,15,1,2,2,1,3,1,2,2,2,2,1
1.0916191,0.7116531,3,1,6,9,1,4,2,1,4,1,3,1,3,2,1
0.753349,0.5875443,5,1,5,8,3,3,1,3,2,3,3,2,2,2,3
1.0153577,1.2438793,4,1,3,7,2,2,2,2,3,2,2,2,3,1,1
1.16631,1.4277103,1,1,3,3,4,4,2,4,1,4,4,4,3,1,1
0.7928738,0.6068109,5,1,5,8,4,4,4,4,2,4,2,2,4,4,2
1.0150708,0.8639492,10,1,9,11,1,1,4,1,4,1,4,2,4,2,1
0.9504011,1.164819,99,1,3,16,2,4,1,2,3,1,3,1,2,1,2
0.9958709,1.2277731,5,3,14,2,3,3,4,3,3,3,2,3,2,3,3
1.2184837,0.9800842,5,1,5,8,2,3,2,2,3,2,2,3,2,3,2
1.0838131,0.8901654,10,1,9,12,1,1,4,1,4,1,4,1,1,2,1
0.5117092,0.6966851,8,1,7,11,1,4,4,1,4,2,2,2,5,4,1
0.7989862,0.9820611,99,1,12,14,5,2,4,5,5,2,3,1,3,2,4
0.9625012,1.3107014,7,1,7,9,1,3,3,2,3,1,3,1,2,1,1
0.8518863,0.5858959,99,1,4,14,2,2,2,1,4,2,3,2,3,2,1
1.3828862,1.7633381,10,1,3,15,1,2,4,1,4,4,4,1,4,2,3
0.7236552,0.8770429,99,3,14,1,2,2,1,1,1,1,1,1,1,1,4
0.6969997,0.9540218,7,1,7,9,3,2,3,3,2,2,2,4,2,3,2
1.4116906,1.107513,4,1,5,8,4,4,2,3,2,2,4,2,3,2,1
1.195665,0.9312362,5,1,5,8,1,3,1,2,3,2,2,2,2,2,1
1.0171752,0.8588188,5,1,9,12,2,3,2,3,2,3,2,2,4,2,1
0.8782237,0.9420925,9,1,8,15,1,2,3,1,4,1,1,3,2,3,2
0.5117092,0.6966851,8,1,7,9,2,4,4,1,5,2,2,3,2,4,2
0.6637911,0.3855492,9,1,2,2,3,2,2,1,2,2,2,3,3,2,1
0.5512437,0.7037938,0,1,3,4,2,4,1,1,3,2,4,2,2,2,1
0.7123795,0.5521076,5,1,5,8,3,4,2,5,2,3,5,2,3,3,2
0.6522043,0.4300381,1,1,4,4,5,4,2,3,2,5,3,1,2,2,1
1.2405912,1.5450176,7,1,3,11,3,3,2,4,2,3,2,1,1,2,1
0.6113753,0.7493039,5,3,14,12,1,1,1,2,1,1,1,1,2,1,2
1.1840696,0.8233591,3,1,4,5,1,4,1,2,3,2,4,1,4,2,1
1.1051377,0.8599153,4,1,5,8,4,4,1,3,2,3,3,2,3,2,1
1.0534607,0.8753009,10,1,9,12,1,3,2,1,4,1,2,2,2,2,2
1.1914591,0.9848993,99,1,9,12,1,1,4,1,4,4,4,1,3,2,2
1.2990288,1.7308878,6,1,7,8,2,4,4,1,2,2,1,3,2,4,2
1.195665,0.9312362,4,1,5,8,4,4,1,2,2,4,3,2,3,3,2
1.1694453,1.4751539,0,1,3,3,4,4,1,3,1,4,4,1,4,1,1
0.7143337,0.4836726,4,1,4,4,3,3,3,3,2,1,3,2,1,1,3
0.6883056,0.8905288,7,1,7,9,5,4,3,2,2,2,2,4,5,3,2
1.267136,1.5609372,2,1,3,3,3,4,1,1,2,4,3,1,3,2,1
1.0758677,0.8126315,4,1,5,8,2,4,2,2,2,5,3,2,2,1,2
1.2256845,1.2083249,2,2,15,6,3,4,1,4,2,4,3,2,3,2,1
0.9894444,0.7715395,5,1,5,8,3,4,2,2,5,2,3,5,2,3,1
1.0799754,0.8435779,99,1,5,15,3,4,2,1,2,1,2,2,2,3,2
1.2816249,1.5722332,0,1,3,4,2,4,4,1,3,2,4,1,2,1,1
1.1051377,0.7411178,6,1,4,7,4,4,1,3,1,2,4,4,4,1,1
0.7077399,0.4899364,2,1,4,15,3,2,2,4,1,2,3,2,1,1,2
1.1010077,1.3233778,5,1,12,14,5,2,3,2,2,3,5,2,2,2,2
1.2510234,1.383853,6,1,8,11,1,4,4,1,2,2,2,3,2,3,2
0.6969997,0.9540218,8,1,7,9,2,4,4,1,3,1,2,4,2,4,3
0.8552979,0.6907207,3,1,5,7,4,4,1,3,1,4,3,3,2,3,2
1.0715605,0.711612,3,1,4,6,3,2,2,3,2,3,3,1,4,1,2
0.9982073,1.2053207,2,3,14,7,4,4,2,4,2,2,4,2,4,2,1
1.1051377,0.9204138,10,1,9,12,1,1,2,1,4,1,1,1,4,1,1
1.1436223,0.991152,99,1,9,12,2,3,2,1,4,1,1,2,1,4,1
0.7967852,0.9844698,7,1,3,4,2,2,2,2,3,3,3,3,3,5,2
0.9244033,1.1068417,5,3,14,14,1,1,1,2,3,1,1,1,1,1,1
1.0838131,1.3152816,3,1,3,4,5,4,1,1,3,2,4,1,3,1,1
0.6969997,0.6006508,9,1,9,11,1,1,2,1,2,1,2,1,2,2,2
0.6113002,0.5425451,99,1,9,12,1,1,4,1,4,2,2,1,3,1,2
0.7446064,0.5855917,3,1,5,8,3,4,1,3,2,3,3,2,2,3,2
0.9798579,0.8151845,99,1,9,10,1,3,1,1,1,3,4,1,3,1,2
1.2006755,1.486882,1,1,3,7,2,3,2,4,2,2,3,3,3,3,1
1.0115001,0.6873798,2,1,4,3,3,3,1,3,2,3,3,2,2,1,1
1.16631,1.2645966,7,1,8,9,2,3,2,1,4,2,3,3,3,3,2
0.8781155,1.1361693,4,1,3,1,5,4,2,3,2,2,3,2,3,5,2
1.4408748,1.2539756,9,1,9,12,1,1,4,1,4,2,2,3,1,4,3
1.1039679,0.8997172,7,1,5,8,5,2,2,5,2,3,2,2,2,2,2
0.6586189,0.5194725,6,1,5,8,3,3,2,2,2,3,2,2,3,3,2
0.6714159,0.4644148,5,1,4,9,1,4,4,1,4,1,2,1,2,1,1
0.753349,0.5875443,7,1,5,9,1,3,4,2,3,2,2,3,2,4,1
0.9436474,1.1686952,3,1,3,14,2,4,2,5,2,2,3,2,3,1,4
0.8061469,0.6601098,0,1,5,11,2,2,1,3,1,2,2,1,2,1,2
1.040226,1.2125711,99,1,13,14,2,1,1,4,4,1,4,1,1,1,1
0.7991585,0.5298034,10,1,1,11,1,1,1,1,1,1,1,1,1,1,1
0.9738113,1.1592555,0,3,14,14,4,5,4,4,4,4,4,4,4,4,3
0.8018253,0.968181,7,1,13,12,5,5,4,5,5,5,5,5,5,5,2
1.0001258,1.1986426,0,3,14,11,3,4,2,3,4,3,4,4,3,2,4
1.0971347,0.8450973,4,1,5,8,1,2,2,2,2,2,1,1,2,2,2
1.0364065,1.2514359,2,4,16,7,3,4,2,3,2,2,2,2,3,2,1
1.0288551,0.5711328,99,1,2,9,4,4,4,4,1,4,3,1,4,1,2
1.0111792,0.9990662,99,2,15,16,5,4,1,5,5,5,4,5,5,5,4
0.7956204,0.9793596,99,1,13,15,4,1,2,2,1,1,4,3,1,1,4
1.040315,0.8072091,8,1,5,8,1,2,1,4,1,1,1,2,1,2,1
1.1724757,0.989632,10,1,9,12,1,1,1,1,4,4,1,2,1,3,3
0.7675114,0.768382,8,2,15,16,5,3,5,2,3,2,2,2,3,3,3
1.3385803,1.1322846,99,1,9,11,1,1,2,1,4,1,2,2,1,2,1
0.8976933,0.7294621,5,1,5,8,2,2,2,1,4,3,2,3,3,2,1
0.7852752,0.6562104,10,1,9,11,1,1,1,1,3,4,2,2,1,4,1
1.1156787,1.3829381,99,1,12,14,2,2,3,2,2,2,2,2,2,2,1
1.1639338,0.7863835,3,1,4,8,2,2,2,3,2,2,3,2,4,4,1
1.030246,0.876757,9,1,9,12,1,2,2,3,3,1,3,2,3,3,2
0.9341719,1.2108575,10,1,3,4,4,4,2,2,2,2,4,3,3,3,2
1.4594327,1.5144782,4,2,15,16,1,5,2,1,5,5,1,2,1,1,2
0.9591154,0.9856859,7,2,15,14,2,2,1,2,2,2,2,2,2,2,1
0.8234087,0.6466154,10,1,5,8,1,1,4,4,4,5,4,1,5,1,2
0.6102943,0.6356215,7,2,15,12,1,3,2,2,2,2,2,2,2,2,2
0.7472349,0.634334,9,1,9,4,1,2,2,2,2,2,3,2,2,2,1
0.7652204,0.6409861,99,1,9,12,1,2,3,1,4,1,1,1,2,1,1
1.4029503,1.2091802,10,1,9,12,1,1,3,1,4,1,3,2,1,2,1
1.175172,1.4130749,99,1,3,16,5,1,1,2,5,2,2,3,1,1,4
0.7852752,0.9695967,6,1,3,14,2,2,2,2,2,2,2,2,2,2,1
0.6102943,0.6356215,7,2,15,4,2,2,1,2,2,2,1,1,2,3,2
0.7393916,0.9231175,99,1,13,11,2,2,1,2,2,1,2,2,2,3,1
1.2364945,1.0806348,8,1,9,12,1,2,2,2,4,2,2,1,3,2,2
1.2618197,0.8297157,2,1,1,1,4,1,1,4,1,1,4,1,4,3,2
0.7967568,0.6184481,7,1,5,7,1,1,1,1,3,3,3,2,1,2,1
1.1228806,0.7162723,9,1,6,12,1,1,4,1,3,2,1,1,2,2,1
1.0938245,1.3255266,99,1,12,14,3,2,3,3,2,2,2,2,3,2,1
0.9131979,0.7196353,5,1,5,16,4,5,5,5,2,5,5,5,2,5,4
0.941641,0.8042079,8,1,9,11,2,2,2,2,3,2,2,2,3,2,1
0.9396567,0.7826703,5,1,9,12,1,4,2,1,4,1,1,2,1,1,2
0.869993,0.7464689,99,1,9,12,1,1,1,1,3,2,1,1,3,1,1
1.147429,1.5178378,8,1,7,8,1,2,2,1,4,1,2,2,2,3,2
1.1916192,1.2001402,2,2,15,6,3,4,2,3,2,3,3,2,3,2,2
0.7904153,0.6632079,99,1,9,12,5,1,2,1,3,2,3,2,1,1,2
1.2087328,1.4683448,3,1,12,14,2,4,1,2,3,2,2,1,1,2,2
1.1724757,1.4306318,5,3,14,14,3,3,3,3,5,3,3,5,3,3,1
1.1466622,0.6553259,7,1,2,2,1,1,1,1,1,1,1,1,1,1,1
1.2843142,1.6009388,99,1,3,4,1,2,2,1,3,2,1,1,5,1,2
0.7375357,0.9440055,99,1,3,14,3,2,3,3,2,4,3,2,3,2,1
1.2618197,1.0479048,9,1,9,3,1,2,5,1,4,1,5,5,5,2,2
0.9577599,1.1967959,99,1,16,14,1,3,2,2,3,2,3,1,1,2,2
1.0012245,1.3281454,5,1,7,6,2,3,2,2,2,2,2,2,3,1,1
1.0747502,1.317217,0,1,12,14,2,3,3,2,3,4,2,1,4,1,1
1.1010077,1.3526261,9,1,3,4,4,1,4,4,1,2,3,2,4,1,1
0.7665464,0.7890879,7,2,15,8,2,2,1,1,1,1,2,1,1,1,1
1.4484051,1.4800366,8,2,15,12,3,3,1,1,2,1,4,2,1,3,1
1.3402846,1.6115004,0,1,3,4,4,4,1,4,1,3,4,1,4,2,1
0.7118348,0.4203388,10,1,2,13,2,2,1,1,1,2,5,1,1,1,2
1.4594327,1.0087897,2,1,4,7,2,4,1,3,2,3,4,2,3,2,1
1.0294579,1.2769322,5,1,13,15,1,2,2,1,4,3,2,1,3,2,1
0.9393362,0.7275187,8,1,5,4,3,4,2,4,2,2,2,2,3,4,1
0.9594646,0.9605657,10,2,15,11,1,3,4,1,3,1,1,1,1,4,2
1.096802,0.9080716,8,1,9,12,2,3,2,2,3,1,4,2,3,3,2
0.8906887,0.7437912,7,1,9,12,1,2,2,1,4,2,2,1,2,1,1
1.1381776,1.432405,10,1,3,12,1,3,3,4,4,3,1,2,4,1,2
0.7852752,0.6130778,7,1,5,8,4,4,1,2,2,2,4,1,4,2,2
1.276228,1.6855707,8,1,7,10,1,2,4,1,4,1,3,2,2,3,2
1.2129997,0.9603775,5,1,5,8,3,4,1,3,2,1,3,1,3,2,2
1.030246,0.876757,7,1,9,12,2,2,2,1,2,2,2,2,2,3,1
1.1286515,1.3864588,4,1,12,14,2,3,2,3,3,2,3,2,2,2,1
1.2431663,1.4861029,99,3,14,15,2,2,3,5,5,2,3,2,3,3,4
0.9629558,1.1508353,7,3,14,9,3,1,2,2,2,2,2,2,4,3,2
0.7379776,0.9152368,99,3,14,15,2,5,2,3,2,2,3,1,3,2,1
0.6164023,0.5071502,7,1,5,8,5,1,2,1,2,2,1,1,2,2,2
0.753349,0.7602118,8,2,15,2,4,4,3,3,3,3,4,4,4,4,2
0.6391186,0.6595527,7,2,15,8,3,3,2,2,3,2,3,2,2,2,3
0.6098275,0.4265507,5,1,4,4,3,3,3,3,3,3,3,3,3,3,2
0.5673906,0.7734623,8,1,7,9,3,2,2,2,2,1,3,2,2,1,1
1.040315,0.8639996,5,1,9,11,1,1,1,3,3,1,3,1,1,2,2
1.1754382,1.450967,9,1,3,9,3,4,1,1,1,1,1,1,1,4,1
0.7826801,0.6217789,5,1,5,8,1,3,2,1,3,1,3,1,1,2,1
1.1010077,0.9154396,7,1,9,9,2,2,2,2,2,2,2,2,2,2,2
1.1806358,1.2243057,0,2,15,11,2,1,4,3,4,3,3,4,2,4,2
1.1262952,1.1773384,8,2,15,9,2,1,2,2,1,2,2,1,1,2,2
1.1431726,1.3754492,2,3,14,6,4,4,1,3,2,3,3,1,4,3,2
0.6768672,0.5721877,1,1,9,12,1,1,2,1,4,1,4,1,1,1,2
1.2438982,1.5412828,99,1,3,4,4,1,1,1,2,4,4,1,4,1,1
1.3009474,1.1156304,8,1,9,12,5,5,5,5,5,5,5,5,5,5,1
1.3387421,1.1305811,10,1,9,12,1,1,4,4,4,2,2,2,1,3,1
1.1436303,0.9438635,10,1,9,4,4,4,4,4,4,3,4,4,4,4,1
0.8762195,1.1816943,6,1,7,14,2,1,1,1,3,2,3,2,2,5,2
0.9122723,1.1294742,0,1,3,3,2,3,2,1,3,2,3,2,3,2,1
1.3411773,1.655292,6,1,12,14,3,4,2,4,2,2,3,2,2,3,4
0.6969997,0.4836444,5,1,4,6,4,4,1,3,2,4,4,2,4,2,1
0.9198864,0.7648152,5,1,9,7,2,2,1,2,3,3,3,2,3,2,1
0.6907353,0.5301269,6,1,5,8,2,4,2,1,2,2,1,2,3,3,2
1.16631,1.4277103,1,1,3,7,3,4,2,3,2,3,2,2,3,2,2
0.7967852,0.9631823,6,1,16,12,3,3,3,3,3,3,3,3,3,3,2
1.3459119,1.6752135,99,4,16,15,2,1,1,1,1,2,4,2,1,1,1
1.0702637,1.3039427,6,1,13,14,4,2,2,2,2,1,2,2,2,2,1
1.1795876,0.7644042,6,1,6,9,3,4,4,1,2,2,2,3,2,4,2
0.8336487,0.8609457,6,2,15,1,2,2,1,3,2,1,1,1,1,2,2
1.0612925,0.9065962,4,1,9,12,3,3,3,3,3,3,3,3,3,3,3
1.1223333,1.3912122,8,4,16,8,1,2,2,2,2,1,2,2,1,2,2
1.2129997,0.9603775,4,1,5,8,1,4,2,4,1,1,4,1,1,1,1
1.1122683,1.3498467,5,1,16,13,2,3,3,2,2,2,3,2,2,3,2
1.115877,0.8833321,5,1,5,8,1,3,1,2,2,1,1,2,2,1,4
0.8246812,1.0086321,8,1,12,8,2,2,2,2,2,1,1,2,1,2,2
0.8548935,1.169629,7,1,7,9,1,3,3,2,3,1,2,3,2,3,2
0.9240078,1.1145819,99,1,12,14,2,3,3,2,3,2,2,3,3,3,2
0.9723883,1.1756692,7,3,14,4,1,1,1,1,1,1,1,1,1,1,1
1.096802,1.3417393,5,1,3,2,2,4,1,3,2,3,1,2,2,2,1
1.3381693,1.1384873,9,1,9,12,1,2,1,2,4,1,3,1,1,2,4
0.7876423,0.9800938,7,1,3,4,4,4,4,4,1,1,4,1,4,1,1
0.9346198,0.9225502,1,2,15,9,4,4,1,4,1,4,3,2,3,2,1
0.7446064,0.9061009,3,1,12,14,3,3,2,4,2,3,3,2,3,3,1
0.9440513,1.1354836,2,3,14,15,4,1,4,1,4,2,4,4,4,3,1
0.9625012,0.6533938,1,1,1,1,5,5,5,3,2,3,4,1,3,1,1
0.6685875,0.8314952,7,1,13,11,1,3,4,1,4,1,3,1,1,2,2
1.1821213,1.1979754,7,2,15,13,2,2,2,2,2,5,2,2,2,2,2
0.6423066,0.3768963,0,1,2,2,4,4,2,3,2,3,3,4,3,1,1
1.2744558,1.5330073,7,1,12,16,1,1,4,3,3,4,3,1,2,3,1
0.615388,0.4915105,8,1,5,8,1,2,1,1,3,1,4,3,2,2,2
0.6585779,0.3847531,6,1,2,4,2,2,2,1,3,1,2,2,2,3,3
1.0013149,0.8554349,99,1,9,15,2,2,3,1,3,1,2,2,2,2,1
0.7852752,0.6130778,99,1,5,8,2,2,1,1,2,1,1,2,2,2,1
0.778098,0.8289096,5,1,11,11,2,5,2,1,3,2,5,2,2,2,1
1.0507699,1.2950896,5,1,12,14,2,3,2,2,2,1,2,2,3,1,1
1.2582617,1.5902514,0,1,3,4,3,4,2,3,2,4,2,1,4,1,1
1.1117541,1.3664924,99,3,14,14,3,3,2,4,1,3,3,1,1,2,2
1.2717385,1.515896,4,1,13,14,3,4,2,2,3,2,3,2,2,2,1
1.0819564,1.3025818,6,3,14,14,2,2,1,2,2,1,2,1,2,1,3
1.0935768,1.2909104,8,1,12,14,2,2,3,3,2,2,3,2,2,3,2
1.1622074,1.4107322,7,1,3,1,3,4,2,2,2,4,3,2,3,2,1
0.929354,1.1344877,3,3,14,12,1,1,4,1,1,2,4,4,1,4,1
1.1276495,0.9410972,9,1,9,11,1,1,1,1,4,1,3,2,1,3,2
0.9794456,0.9866868,7,2,15,8,3,4,3,3,3,3,4,2,2,4,2
0.8518863,0.7276397,5,1,9,12,1,2,2,1,4,2,3,1,3,2,1
0.9056699,1.1956055,6,1,7,13,2,2,3,2,4,2,2,4,2,2,1
0.6768672,0.5345779,6,1,5,8,2,2,2,2,2,2,2,2,2,2,1
1.1552331,1.1448272,99,2,15,16,3,2,1,2,2,2,3,2,2,2,2
1.1276495,1.3604689,99,1,16,16,1,3,1,1,2,2,2,2,1,3,2
1.2101331,1.0136548,8,1,9,12,2,2,1,2,2,2,3,2,2,2,2
1.0456483,1.3068775,99,1,12,14,1,1,2,2,4,2,4,3,4,3,3
1.3009474,1.6127775,5,1,12,14,3,3,3,3,3,3,3,3,3,3,2
1.2838891,1.5707681,99,3,14,7,1,1,1,1,3,3,2,1,2,1,1
0.7560084,0.7693609,99,2,15,3,4,4,4,4,4,2,4,4,4,5,2
1.3482792,1.6533382,8,1,12,9,2,2,2,2,2,1,2,2,1,1,1
1.4685074,1.460815,7,2,15,2,4,4,2,5,3,3,3,3,3,3,2
1.0727348,0.9289909,4,1,9,12,2,2,3,2,3,2,3,1,3,1,1
1.1592388,0.9129717,2,1,5,11,5,1,2,5,5,5,2,5,2,5,4
0.829338,0.6604434,8,1,5,8,1,1,1,4,1,2,2,1,1,1,2
1.1089239,0.8456385,1,1,5,8,2,2,1,3,2,2,1,1,1,1,2
0.8426958,0.869408,9,1,11,11,1,2,2,1,1,2,3,2,2,2,2
1.1631668,0.92172,5,1,5,14,5,1,1,4,2,5,3,2,3,1,2
0.7528359,0.5836965,7,1,5,6,2,2,2,1,2,2,2,1,2,3,2
1.0112565,0.7852994,9,1,5,11,1,2,3,1,4,1,4,3,2,3,2
0.7880473,1.0548115,9,1,7,11,1,1,4,1,4,2,1,4,3,4,3
0.7584811,0.8215743,7,1,8,10,2,1,4,2,2,2,3,2,4,1,2
0.7446064,0.5855917,10,1,5,12,1,1,1,1,1,1,1,1,1,1,1
0.753349,0.5875443,8,1,5,8,4,1,4,4,1,5,1,1,4,2,2
1.1089239,0.9051327,9,1,9,12,1,2,2,1,4,2,3,2,2,3,2
0.7502024,0.7786764,9,2,15,8,4,4,2,3,3,3,3,1,1,2,3
0.79869,0.5522866,99,1,4,8,2,3,3,2,3,2,3,3,2,2,3
1.1202971,0.950776,7,1,9,12,3,2,3,2,1,3,2,2,2,1,2
1.0154166,1.008638,8,2,15,8,1,1,2,3,1,1,3,1,2,1,1
0.9518031,0.7479867,6,1,5,4,1,1,1,1,2,1,1,2,1,2,1
0.7852752,1.0422678,6,1,7,9,3,2,1,3,2,3,2,3,1,2,2
1.2638996,1.7173622,9,1,7,9,2,4,4,1,4,2,2,3,4,1,2
1.2614174,0.9881837,5,1,5,9,4,4,3,4,1,2,2,2,2,2,2
1.2129997,1.6326972,8,1,7,9,1,1,2,1,3,1,2,1,1,1,1
1.0838759,1.0665368,3,2,15,4,5,2,2,3,5,2,5,2,2,2,2
1.4165152,1.771244,99,1,3,6,3,4,1,3,2,3,3,2,4,2,1
1.3381693,1.6821947,3,1,3,13,2,1,2,2,1,2,1,2,1,2,1
0.6793244,0.8443142,7,1,12,14,3,4,4,4,3,1,4,3,1,4,2
0.8334841,0.8505336,8,2,15,12,1,1,3,1,4,1,4,1,1,3,2
0.9757,1.2752266,8,1,7,11,1,4,4,1,3,3,3,1,2,3,2
0.7472349,1.0075212,10,1,7,9,2,1,3,2,2,3,3,2,1,2,2
1.1799045,1.0103915,99,1,9,12,1,1,3,2,3,5,5,5,2,2,2
1.0860872,0.9064178,10,1,9,12,2,1,2,1,4,1,2,2,2,4,1
1.1596631,0.7570792,5,1,6,14,5,3,4,3,3,3,5,3,5,5,1
0.6474941,0.7960905,9,1,13,15,1,1,1,5,1,1,5,1,1,1,1
0.7472349,0.4879058,6,1,6,13,2,2,1,2,3,3,3,1,3,1,2
0.7852752,0.6130778,8,1,5,8,3,1,2,2,2,2,2,1,3,2,1
1.1552331,1.369076,2,1,12,14,2,2,2,2,3,2,2,2,2,1,4
0.9593383,1.1784167,99,1,12,14,2,4,2,2,3,3,1,1,2,2,1
0.9186899,1.1294448,2,3,14,4,2,2,2,2,2,2,2,2,3,3,2
1.429,1.1954798,99,1,9,12,2,4,1,2,2,3,3,1,2,2,1
1.134174,1.4153709,4,1,3,8,3,4,2,4,2,3,3,1,2,1,2
1.096802,0.8483843,99,1,5,14,4,2,1,3,1,2,2,2,3,2,1
0.7420017,0.9342272,99,3,14,15,5,5,5,5,5,5,5,2,2,5,4
0.8810346,1.0656463,0,1,3,4,2,4,2,3,2,1,3,1,2,1,2
0.7560084,0.9403978,7,1,3,9,2,1,1,4,3,1,1,1,1,1,2
1.1631668,0.92172,3,1,5,8,1,3,1,2,3,3,3,1,1,2,2
0.9390513,0.6294507,8,1,4,14,3,2,1,3,2,2,2,2,2,1,2
1.1476673,1.3808893,99,1,13,14,2,3,4,3,3,1,1,1,1,1,1
1.0256648,0.8027906,5,1,5,8,3,4,2,4,2,2,3,2,1,3,2
1.0828699,0.8551751,99,1,5,8,2,4,1,2,2,1,1,2,2,2,1
0.9893295,1.2144235,5,1,12,12,2,2,2,2,2,2,3,2,2,2,2
1.2899414,1.5351223,7,3,14,15,3,3,3,4,2,3,3,3,3,3,1
1.0118998,0.8046668,10,1,5,8,3,3,1,3,1,1,1,1,3,1,2
1.1202971,1.404838,8,1,3,4,1,1,1,1,1,1,1,1,1,1,1
1.1024725,0.6206471,7,1,2,2,2,1,1,1,2,1,2,1,2,2,2
0.9836383,0.9976881,7,2,15,3,2,1,2,2,2,1,2,1,3,3,2
1.2867751,1.3210423,6,2,15,14,3,4,1,1,1,1,3,1,4,1,1
1.0076993,0.7759607,99,1,5,14,2,2,2,2,3,2,4,1,3,2,3
0.8038418,0.8131745,8,2,15,9,2,1,1,3,1,2,3,2,1,2,2
0.9977927,0.6806056,4,1,4,8,4,2,1,3,1,1,2,2,3,1,2
1.2278838,1.5097634,7,1,3,4,1,1,1,1,1,1,1,1,2,1,1
1.1436303,1.3946244,5,1,3,14,2,4,3,4,2,4,3,2,3,1,1
0.9906781,0.7685249,8,1,5,8,4,4,1,4,4,2,3,2,1,3,2
0.9134051,1.1341517,10,1,3,4,2,1,1,2,1,1,1,1,2,1,1
0.8086731,0.8190258,1,2,15,12,2,2,1,2,2,1,1,3,2,2,2
0.9894444,0.7715395,4,1,5,6,4,3,2,4,2,3,5,2,3,2,2
0.9963071,1.1920372,99,3,14,14,2,2,1,3,2,2,2,2,4,2,2
0.9738113,0.9693744,99,2,15,14,3,4,2,4,1,2,5,5,1,3,4
1.4029503,1.2091802,10,1,9,11,1,4,2,4,4,1,2,1,1,1,1
1.3303132,1.0345663,9,1,5,8,2,2,1,4,1,2,2,2,2,1,1
1.1467766,1.4078333,5,1,12,14,1,2,2,1,3,3,2,2,2,3,2
1.0108743,0.8318084,99,1,9,11,2,2,2,2,2,2,2,2,2,2,2
1.0438981,1.0261601,6,2,15,8,2,3,2,2,2,4,2,3,2,4,2
0.761444,0.5066992,6,1,4,14,4,3,3,4,3,2,1,3,1,2,2
0.9738113,0.9693744,99,2,15,8,3,2,2,3,2,3,3,2,2,2,2
1.13572,1.3559567,0,3,14,14,1,1,3,1,4,1,4,1,4,2,2
0.9794456,0.5539735,2,1,2,2,2,1,1,3,2,3,4,1,4,1,1
1.038891,0.8894348,5,1,9,12,1,3,3,1,4,2,2,2,2,2,2
1.3709025,1.1456902,9,1,9,12,2,2,3,2,3,3,3,2,2,3,2
1.1562697,1.3901106,8,1,3,4,3,3,4,4,3,2,3,3,3,3,1
1.0438981,0.8488845,10,1,9,11,1,1,3,1,4,1,3,1,2,4,2
1.1381776,0.969433,10,1,9,12,1,1,2,1,4,1,4,1,1,2,1
1.1401796,0.8938854,99,1,5,8,3,4,1,4,2,3,3,2,2,3,2
1.0438981,1.2271644,7,3,14,15,4,4,3,3,4,4,3,3,3,3,3
1.040226,1.2125711,0,3,14,4,4,4,4,4,1,4,2,1,4,1,1
1.1436303,0.8818237,7,1,5,8,3,4,2,4,2,3,2,3,1,1,2
1.3331555,1.0462444,6,1,5,8,2,4,2,3,2,2,1,3,1,3,2
1.3256336,1.0941838,99,1,9,12,1,5,1,2,2,2,3,2,3,3,1
0.9894444,1.3116617,8,1,7,9,2,3,4,1,4,2,2,3,2,4,2
0.829338,0.5437273,3,1,6,13,2,2,2,5,3,2,3,5,2,5,4
1.1436303,1.364468,7,1,12,14,2,2,2,3,3,2,3,2,2,2,3
1.040226,0.7836562,10,1,5,8,1,2,2,2,2,5,2,2,2,1,1
0.7880473,0.8027959,99,2,15,8,2,4,3,1,2,1,1,1,3,1,1
1.3106678,1.5619081,0,1,13,4,3,4,3,4,1,2,1,1,2,2,2
1.0948379,1.1029128,99,2,15,13,2,2,1,2,2,1,2,2,2,2,2
0.7717841,0.9522651,6,1,3,4,3,2,3,3,2,2,2,1,1,3,2
1.1476673,1.1547056,9,2,15,8,1,2,1,1,1,1,3,1,1,1,3
1.1421243,1.0002974,99,1,9,12,1,2,4,2,3,3,3,2,2,3,3
1.0149571,0.8065277,8,1,5,11,2,2,2,2,2,3,2,1,2,2,2
0.8410038,1.0120471,99,3,14,8,3,4,1,4,5,5,5,5,5,2,4
1.0154166,1.008638,6,2,15,12,3,2,3,3,3,3,3,2,3,2,2
1.1635536,1.288288,99,1,8,12,2,3,2,2,3,3,3,2,3,2,2
1.3334621,1.6262482,6,1,13,15,2,4,2,5,5,2,2,2,2,2,3
1.1795876,0.9284907,6,1,5,8,2,2,2,2,2,2,2,2,2,2,1
1.040226,0.7836562,8,1,5,8,4,1,1,1,4,1,1,1,1,1,1
0.8497291,0.8482265,99,2,15,4,2,1,1,4,2,4,2,2,2,3,4
0.7880473,0.9600475,6,1,12,9,3,3,2,3,2,2,3,2,3,2,2
0.9908628,0.8599272,99,1,9,9,2,4,1,1,3,1,1,1,3,1,1
0.6963336,0.7141929,8,2,15,8,4,5,2,2,2,1,2,2,2,3,1
1.1436303,0.8818237,8,1,5,8,2,2,1,3,3,2,3,2,3,2,2
1.4239733,1.4279507,7,2,15,12,2,1,1,1,2,2,2,3,2,1,2
1.1791285,1.0128475,10,1,9,12,1,1,4,2,4,1,1,1,1,1,1
0.7675114,0.768382,6,2,15,9,1,2,3,4,2,1,2,1,2,2,4
1.2408595,1.0217556,6,1,5,8,2,3,2,2,2,2,3,2,2,2,2
1.3038031,1.5850362,9,1,12,9,4,2,2,1,1,1,4,1,4,2,2
0.9791443,0.8125436,9,1,9,11,1,1,2,1,1,1,2,3,3,4,1
1.2084416,1.0001012,10,1,9,12,1,1,2,1,4,1,1,1,1,1,1
0.7852752,0.9486308,7,1,12,5,1,2,1,1,1,1,1,1,2,2,4
0.9791443,0.7591353,8,1,5,8,2,2,2,1,1,1,1,2,2,1,4
1.040226,1.0139571,4,2,15,2,3,4,2,4,1,3,4,1,3,1,1
1.0971347,1.3076404,5,1,12,8,1,2,1,1,1,1,1,1,1,1,2
1.2958505,1.5506862,3,3,14,15,3,2,1,3,2,2,3,2,2,2,1
1.2886173,0.8680986,4,1,4,8,2,4,1,5,3,2,4,2,1,2,2
0.7446064,0.9061009,7,1,12,16,3,5,1,5,2,3,2,5,2,3,4
0.8811776,0.6802651,10,1,5,8,2,2,1,1,2,1,2,2,1,1,4
0.9791443,0.6433601,10,1,1,3,1,1,1,1,1,1,1,1,1,1,1
0.7967568,0.9569404,6,3,14,4,1,2,1,3,2,1,2,2,3,1,3
0.7633476,0.9346992,8,1,16,16,1,1,1,1,1,1,1,1,1,1,1
0.8482054,0.7132221,8,1,9,12,1,1,1,1,1,1,1,1,1,1,1
1.0617309,1.282685,6,3,14,14,3,3,2,3,3,3,2,3,1,3,3
0.829338,1.0219207,5,1,12,15,4,4,1,4,1,4,3,2,3,3,1
1.0844026,0.713832,10,1,1,4,3,3,3,4,2,3,3,1,3,2,3
0.8441883,0.8357096,5,2,15,14,1,2,2,1,1,3,2,2,1,2,3
0.7880473,0.8027959,8,2,15,8,2,2,2,2,2,1,2,2,2,2,1
0.7880473,0.9812657,6,1,3,9,2,2,2,3,3,2,4,2,2,2,1
1.1781478,1.1915175,5,2,15,6,3,4,3,2,3,3,2,2,2,2,2
1.2744558,1.0604496,10,1,9,12,1,2,2,2,4,1,2,2,2,2,1
0.798429,0.6856201,5,1,9,12,2,1,1,1,1,2,1,2,1,1,2
1.0111792,0.7721474,7,1,5,8,2,3,2,2,3,2,3,2,2,2,2
1.0971347,0.9045534,10,1,9,12,1,1,1,1,4,1,4,1,4,1,1
0.8165423,1.0195658,99,1,12,14,2,2,2,2,2,2,3,2,2,2,1
0.973693,0.8273166,3,1,9,10,2,3,2,2,3,2,3,2,2,3,1
0.8708534,1.0531503,6,4,16,8,4,4,2,4,1,5,4,3,2,3,4
1.115877,0.9454781,5,1,9,11,2,3,2,4,2,4,2,1,2,1,2
1.3303132,1.0345663,99,1,5,8,4,4,4,4,4,4,4,3,5,3,2
0.9867265,1.1703776,7,1,16,16,3,2,1,3,2,3,3,2,2,2,4
1.3402846,1.3184053,7,2,15,8,3,3,3,4,1,1,1,2,2,1,2
0.7396407,0.5732312,4,1,5,8,3,3,1,2,1,1,2,2,2,1,1
0.8782237,0.719836,6,1,9,12,4,2,2,1,3,1,1,1,3,2,2
1.0761764,0.8335462,6,1,5,8,3,4,2,3,2,3,5,3,5,5,2
0.7872086,0.9792766,5,1,12,8,1,3,2,2,2,5,2,2,3,5,2
0.8147765,0.6711251,5,1,9,12,1,1,2,2,3,1,3,1,3,1,1
0.7745085,0.7884459,99,2,15,8,3,4,1,3,1,3,2,2,4,3,2
0.8307162,1.017344,99,3,14,15,4,4,5,4,1,4,2,4,4,4,3
0.6883056,0.7337899,99,1,8,10,1,1,5,1,4,2,1,2,1,2,4
1.1631668,1.4262006,99,1,16,14,2,4,2,3,3,2,3,5,2,3,3
1.1905773,0.9811082,9,1,9,15,3,1,2,2,1,2,1,3,2,1,2
0.7560084,0.9403978,2,1,3,5,4,4,1,1,2,3,2,3,3,2,4
0.9466101,0.5265905,99,1,2,2,1,1,2,4,4,1,4,1,1,2,1
0.8659211,1.8585455,7,1,10,3,1,1,1,1,1,1,1,1,1,1,1
0.9591154,0.7618062,8,1,5,8,1,1,1,2,4,2,2,2,1,3,2
0.9829032,1.1941599,6,3,14,15,2,2,2,2,2,5,2,2,2,2,3
0.8628582,1.1546756,8,1,7,9,2,1,3,2,4,2,4,2,3,2,1
1.0111792,0.9990662,99,2,15,14,4,4,2,4,1,4,5,3,4,2,2
0.7852752,0.6130778,3,1,5,7,4,4,1,3,1,4,2,3,3,2,2
1.2618197,1.2667426,6,2,15,12,2,2,2,2,2,2,2,2,2,2,2
0.7852752,0.9695967,5,1,3,12,2,4,5,2,2,2,5,3,4,2,3
0.7384926,0.6273071,99,1,9,12,1,2,2,1,3,3,2,1,3,4,1
1.2298357,1.4971209,99,1,16,16,5,5,5,5,5,5,5,5,5,5,4
1.0353791,0.8722318,8,1,9,11,1,1,2,1,2,2,2,2,4,4,2
0.9235001,0.9248723,10,2,15,11,1,2,5,3,2,2,2,2,2,1,2
0.7429776,0.5789628,7,1,5,8,1,1,1,1,1,1,1,4,1,1,2
1.040226,0.7836562,4,1,5,8,3,4,2,4,2,3,4,3,2,4,3
1.0115001,0.8536752,10,1,9,12,4,2,1,4,1,1,2,1,1,1,2
0.9906781,1.2154399,0,1,3,7,1,1,1,1,4,2,3,1,3,2,1
0.9255308,1.2635659,7,1,7,8,2,4,2,2,2,2,3,2,3,3,2
0.7557791,0.923642,7,3,14,11,2,2,1,2,2,2,2,2,2,2,3
1.0293347,0.8871766,5,1,9,12,1,1,2,4,4,2,2,2,2,1,3
1.1724757,1.4622505,3,1,3,7,2,2,1,2,3,1,2,1,2,3,2
1.0641176,1.0787596,99,2,15,4,2,3,2,4,2,3,3,2,2,2,2
1.3106678,1.5619081,6,3,14,8,2,2,2,2,2,2,2,2,2,3,2
1.2797964,1.0706097,5,1,9,11,1,1,2,1,4,1,1,2,1,4,1
1.147429,1.5178378,99,1,7,9,2,1,1,1,3,2,4,1,4,1,2
0.9231336,0.7740197,3,1,9,12,1,2,1,1,3,1,1,1,2,1,1
0.7591215,0.6377031,5,1,9,12,1,1,2,1,2,1,2,1,2,2,2
0.8550184,0.7028492,5,1,9,12,2,3,2,2,3,2,3,2,3,2,1
1.3334621,1.1249486,5,1,9,12,1,3,3,1,4,2,3,2,1,2,2
0.8628582,0.6791978,5,1,5,8,3,2,4,4,1,1,4,2,1,2,2
1.366627,1.6234711,4,3,14,8,3,4,4,4,1,1,4,1,2,4,3
0.8434073,1.0299184,99,1,12,14,2,4,4,2,4,3,3,2,3,2,2
1.0612925,1.3105936,6,3,14,10,1,2,3,1,2,1,3,3,1,3,2
1.0096955,1.1229255,5,1,8,14,2,2,1,5,4,3,2,1,3,3,2
1.1806358,1.2243057,99,2,15,4,2,4,5,3,2,4,3,1,3,2,1
1.2708724,1.2592974,99,2,15,2,2,3,4,5,3,2,5,5,3,2,2
1.2347791,1.4734619,99,1,12,14,5,5,5,5,5,2,2,2,5,5,2
1.049755,0.6964116,3,1,4,7,5,4,3,1,5,2,3,2,2,2,1
1.2278838,1.5097634,4,1,3,4,1,1,1,1,4,1,3,1,2,4,2
0.8035817,0.6267223,5,1,5,8,2,4,2,2,3,2,3,2,2,3,2
0.6795532,0.8913342,8,1,7,12,1,1,2,1,3,1,3,3,1,2,2
0.6292362,0.8030017,3,1,3,16,3,2,2,5,2,4,2,1,5,2,2
1.2958505,1.5849582,7,1,3,12,2,4,4,4,3,1,1,1,4,2,1
0.6728207,0.5294955,4,1,5,8,3,4,1,3,1,3,2,2,3,2,2
1.2626787,1.5423747,9,1,3,4,2,2,2,2,2,2,2,2,2,2,2
1.0534432,0.8412337,5,1,5,8,3,2,1,2,2,2,3,2,3,3,2
0.7422435,0.7675739,4,2,15,11,2,2,2,2,2,2,2,2,2,2,1
0.9436474,1.1434242,7,1,12,12,2,3,3,2,3,2,3,3,2,3,2
1.1676283,1.1517955,99,2,15,14,3,2,2,2,3,1,2,2,3,2,2
0.9557917,1.2838038,7,1,7,8,1,1,1,1,1,1,2,1,1,1,4
0.961046,0.6601893,4,1,4,6,2,4,1,3,2,2,3,1,3,2,2
0.8932263,0.7029483,4,1,5,8,2,1,5,5,3,2,3,2,1,1,1
0.8262638,0.6672021,5,1,5,8,4,1,1,3,1,3,3,2,1,1,1
0.7939541,0.9455606,99,3,14,15,4,4,1,4,2,3,3,2,3,2,2
1.057996,1.2674315,5,1,16,8,3,3,1,3,2,2,5,3,2,3,2
1.2129997,1.4860163,99,1,12,14,2,2,1,1,1,4,2,1,2,1,2
0.9491073,1.2787253,8,1,7,9,2,3,2,2,3,3,2,1,2,3,2
1.1916192,1.4352237,3,3,14,12,2,2,2,3,2,2,3,3,2,3,2
0.7093309,0.8846713,99,1,13,8,3,1,2,3,2,2,1,2,2,1,1
0.615388,0.5260903,10,1,9,12,1,5,2,1,4,2,4,1,2,3,1
1.1012502,0.9094684,6,1,9,14,1,1,4,1,3,1,1,2,2,4,2
1.2614174,1.278591,8,2,15,15,2,2,2,2,2,5,2,2,2,2,1
0.9043486,0.7574862,9,1,9,11,1,1,4,1,4,1,2,2,1,2,2
0.9558012,1.142391,8,3,14,9,1,4,2,2,3,2,2,3,2,4,2
0.869993,0.6974037,6,1,5,8,1,1,1,3,2,2,1,1,1,1,1
0.7880473,0.6204562,3,1,5,13,2,2,1,3,3,2,2,2,2,2,2
0.929354,0.7847759,5,1,9,12,3,3,2,3,2,3,2,2,4,3,2
0.9757,0.9705495,4,2,15,15,1,3,3,1,3,1,2,2,1,1,2
1.0120082,0.8182026,8,1,5,8,1,3,2,1,3,2,4,2,1,1,2
0.8538545,1.0605736,99,1,3,8,1,2,1,1,3,2,3,1,2,1,2
0.7439201,0.5834687,5,1,5,8,2,4,2,2,3,1,3,3,1,3,1
0.7852752,1.0422678,8,1,7,9,3,4,1,4,1,3,3,3,3,2,3
1.3147973,1.3080488,99,2,15,14,1,2,4,1,3,3,5,2,1,2,2
1.2466228,0.8412762,1,1,4,7,4,4,1,3,2,4,3,2,3,2,1
0.8234087,1.0005244,99,1,12,14,2,2,2,3,2,3,3,2,3,3,2
1.0621049,1.300869,9,1,12,15,1,2,2,2,2,2,2,2,2,2,3
0.9099856,0.7611047,99,1,9,12,1,2,3,1,4,1,3,1,2,2,2
1.3152945,1.3217928,3,2,15,4,3,4,2,3,2,2,3,2,2,2,1
0.8750266,1.1226581,1,1,3,4,2,3,2,2,3,2,3,2,2,2,1
1.0141008,0.7939399,7,1,5,8,2,2,1,2,2,1,2,2,2,2,2
0.7665464,0.9436544,7,3,14,12,2,2,2,2,1,1,2,2,2,2,2
0.8650894,0.7499483,8,1,9,12,1,2,2,1,4,2,3,2,2,2,2
0.6702074,0.4713764,4,1,4,8,2,3,2,2,3,2,2,2,3,2,3
1.1476673,0.8924364,99,1,5,9,3,4,3,2,3,1,1,4,3,2,3
1.0084482,1.2509701,99,1,12,15,2,3,2,3,2,2,2,2,2,3,2
0.8370891,0.8478961,7,2,15,8,2,2,2,5,2,1,3,1,2,1,2
0.7225016,0.5652642,99,1,5,11,1,3,3,1,3,2,2,2,2,2,1
0.6883056,0.5606757,10,1,9,12,1,1,4,1,4,1,4,1,1,1,1
0.9699982,1.1980467,8,4,16,1,2,1,1,1,2,1,1,1,2,2,1
1.4709278,1.9804721,7,1,7,9,5,3,1,5,2,5,5,5,2,3,2
0.6589402,0.6536467,99,2,15,12,1,1,1,1,1,1,1,1,1,1,2
0.8489426,0.5583576,99,1,1,1,2,2,1,2,2,2,2,1,2,1,1
0.9738113,1.1592555,5,4,16,15,3,5,3,4,2,5,5,2,3,5,4
0.9043486,0.7574862,10,1,9,11,1,3,4,1,4,1,4,1,3,2,1
0.8847401,0.7340086,99,1,9,12,1,1,2,1,4,3,2,1,3,1,1
1.0001258,0.8291547,99,1,9,11,2,2,2,2,3,2,3,5,2,2,2
0.8947001,0.8866223,6,2,15,8,1,1,2,1,1,2,3,1,2,1,3
0.7584811,0.7588456,99,2,15,8,2,2,5,1,4,3,4,1,4,1,1
1.3812597,1.7005701,5,1,3,7,2,2,2,2,2,5,2,2,2,1,2
0.8518863,0.5858959,5,1,4,14,2,1,2,1,4,2,3,2,3,2,1
1.252583,1.7115191,8,1,7,11,1,3,4,1,4,1,2,4,3,5,2
0.6714159,0.7548522,99,1,8,10,1,2,2,1,4,3,2,1,3,2,2
0.9906781,1.2154399,3,1,3,14,3,1,1,3,3,3,3,2,3,3,2
1.1603514,1.1509684,3,2,15,8,3,1,2,3,3,2,3,2,2,3,2
0.9033771,0.718765,99,1,5,8,2,2,2,1,3,2,2,2,2,2,2
1.0806092,0.8684344,99,1,5,8,4,4,2,4,1,4,4,2,2,4,4
0.7560084,0.5124691,4,1,4,8,4,4,4,4,1,3,3,2,2,3,2
1.0111792,0.9990662,99,2,15,14,3,3,2,2,2,2,3,2,2,2,2
0.6969997,0.5611702,4,1,5,7,3,4,2,3,2,3,3,1,2,3,2
0.8766447,0.8830557,2,2,15,4,1,3,3,4,2,1,3,1,2,1,3
0.9099856,1.1002681,2,3,14,4,2,1,1,2,2,3,2,1,4,1,2
0.7342359,0.7398112,7,2,15,3,3,2,3,3,2,2,1,2,2,1,2
1.0866926,1.3391591,8,3,14,11,3,2,1,4,4,2,3,1,3,3,1
0.7900848,1.0193458,8,1,7,8,3,2,2,3,2,2,3,3,2,3,2
1.1024725,1.1054398,5,2,15,15,2,2,2,4,2,2,2,2,4,3,3
1.0539447,1.2980847,99,3,14,15,2,3,2,2,2,2,3,2,2,2,1
1.0539447,1.1751921,5,1,8,10,2,2,2,1,3,2,3,2,2,3,2
0.7880473,0.4507283,7,1,2,3,1,2,2,1,1,2,2,1,1,2,1
1.0460829,1.4163611,99,1,7,7,2,3,3,2,3,2,2,2,3,2,2
0.7225016,0.5652642,8,1,5,8,3,3,2,3,2,2,2,1,3,2,1
1.1964519,0.928978,9,1,5,9,1,1,1,2,3,1,1,2,1,2,2
1.0877792,0.7031901,6,1,6,9,2,3,3,3,2,2,2,2,2,3,2
0.9870259,0.9748829,99,2,15,9,3,4,3,4,2,3,3,1,3,3,2
0.7806982,0.7758164,7,2,15,8,2,2,2,2,2,2,2,2,1,2,2
1.070968,1.3007807,99,1,12,16,1,4,2,2,3,2,4,2,3,3,2
0.6517057,0.8270332,4,1,3,4,5,1,1,3,3,2,2,1,3,1,1
0.6969997,0.5611702,8,1,5,8,2,3,2,1,2,1,2,3,2,4,3
1.4909024,1.88688,3,1,3,4,2,2,2,2,3,3,3,2,3,2,1
0.7777541,0.7959999,7,2,15,10,2,2,1,2,2,1,3,3,2,2,2
0.8845756,0.7006346,99,1,5,8,4,4,1,4,2,3,3,2,3,3,2
1.2254603,1.2398906,6,2,15,14,2,2,1,2,2,2,2,2,2,2,3
0.7852752,0.528381,5,1,4,12,3,3,3,3,3,3,3,3,3,3,2
0.5099092,0.4049275,5,1,5,8,5,4,3,2,2,2,4,3,4,2,2
1.0001258,1.225134,0,1,3,4,4,4,1,4,2,3,4,1,4,1,1
1.0149571,1.2479607,7,1,12,14,2,3,2,3,3,2,1,1,2,1,1
0.7658764,0.9601218,99,3,14,15,2,2,2,2,3,2,3,3,2,2,2
0.9980202,1.0064274,6,2,15,12,3,4,3,3,2,1,3,2,2,3,2
0.7531205,0.9126582,2,1,12,7,1,3,4,1,4,4,1,2,3,1,2
1.1476673,1.4114087,2,1,3,8,5,2,2,2,2,2,2,2,2,3,1
0.7282587,0.7998406,5,1,8,11,1,1,4,1,4,2,4,1,4,1,1
0.9396567,0.7826703,8,1,9,11,1,2,3,2,3,2,3,2,4,2,2
1.033092,0.7198025,5,1,4,12,1,1,2,1,4,2,1,3,1,1,2
0.6609027,0.8477142,2,1,3,15,4,4,1,4,1,4,4,2,4,2,1
0.97576,0.8391553,10,1,9,12,1,4,2,2,3,2,1,1,3,3,2
1.1353579,0.9467492,99,1,9,12,2,1,1,3,3,1,2,1,1,1,1
0.857278,0.7160599,7,1,9,12,2,2,3,1,3,1,2,2,2,2,2
1.2216749,1.3623539,9,1,8,11,1,1,4,1,4,1,2,2,2,3,1
0.7852752,0.6130778,6,1,5,8,3,1,1,2,2,2,2,2,3,1,1
0.7511808,0.935858,2,1,3,2,3,4,2,3,2,2,1,2,4,2,1
0.753349,0.6288804,8,1,9,11,4,2,1,2,2,2,1,2,2,2,2
1.0068773,1.0233463,6,2,15,8,2,3,5,2,3,3,2,3,5,1,3
1.1952567,1.4886899,7,1,3,5,2,2,2,1,1,1,4,1,1,3,1
0.9244033,0.9255458,99,2,15,15,1,1,2,2,4,2,3,2,3,1,2
0.8305522,1.0050404,5,3,14,15,4,4,4,4,4,4,3,3,3,3,3
0.8628582,0.8788005,7,2,15,6,1,1,2,1,2,2,2,1,2,1,3
0.9386963,1.118336,6,1,12,14,3,3,3,3,2,3,2,2,2,2,2
0.8568152,0.6919531,8,1,5,8,4,3,4,4,1,3,3,4,3,2,2
0.9591154,0.7618062,2,1,5,7,4,4,1,2,2,4,1,2,3,2,2
1.0971347,0.8450973,99,1,5,9,3,4,1,2,2,2,3,1,3,4,1
1.1562697,1.1372812,1,2,15,14,4,4,2,5,1,4,3,2,3,2,1
1.1694453,0.9983649,10,1,9,11,1,1,5,1,4,1,2,3,2,5,2
0.7852752,0.9695967,2,1,3,16,4,4,1,4,1,4,5,2,4,1,1
1.0471452,0.8918575,99,1,9,12,1,2,3,1,4,2,3,1,3,3,2
1.1476673,0.9552229,9,1,9,11,1,1,4,1,4,3,3,3,2,3,2
0.7967568,0.9780899,10,1,3,4,4,1,2,4,1,2,4,4,1,3,1
0.8262638,1.0551956,99,1,3,4,5,5,3,1,2,5,3,1,4,1,1
1.0470198,0.7212668,5,1,4,14,2,4,1,2,2,3,2,2,2,4,2
1.197431,1.2335067,99,2,15,15,4,4,5,4,2,3,4,2,3,2,4
0.9923678,1.0144601,6,2,15,2,2,4,1,2,2,1,1,2,1,1,2
1.0011536,0.7630131,7,1,5,4,1,4,2,4,5,2,2,5,2,3,1
0.8127138,0.991563,3,1,12,6,3,3,1,3,2,3,1,1,3,1,1
0.8963173,1.0862641,3,1,3,16,3,4,2,2,2,3,2,2,3,2,1
0.6868654,0.564224,6,1,9,12,1,1,3,3,4,1,3,1,1,1,1
0.9976318,1.1665896,99,1,16,12,1,2,2,1,4,5,5,5,2,5,2
1.2572799,1.0972595,8,1,9,12,2,2,4,2,2,2,3,2,3,3,1
1.0938245,0.7383094,5,1,4,7,3,4,5,3,2,5,5,5,5,5,1
0.8628582,0.7269822,99,1,9,14,1,1,1,2,4,1,2,3,2,4,1
0.8232383,0.5435577,4,1,4,7,2,2,3,3,2,2,3,1,3,2,2
0.9976318,0.9755073,99,2,15,14,5,4,1,3,5,5,5,5,2,3,3
0.8349797,0.7104118,99,1,9,9,2,1,2,1,4,1,2,2,2,1,1
1.1631668,1.2911791,7,1,8,16,1,3,2,1,4,2,3,3,1,3,2
0.9429738,0.981931,5,1,11,16,2,4,4,1,3,1,2,2,3,2,1
0.8940614,1.0618116,99,3,14,12,3,2,4,5,3,2,4,3,3,4,3
0.8699727,0.8809774,8,2,15,16,4,4,2,2,2,1,3,3,2,2,2
0.7658764,0.9601218,0,1,13,11,2,3,2,4,3,3,4,2,4,3,2
1.3340329,1.1171364,7,1,9,12,1,1,2,2,3,2,2,2,1,3,1
1.0213833,1.2296602,99,1,16,11,5,5,2,5,5,2,4,4,1,1,1
1.1704673,1.4357643,1,1,3,4,3,3,2,4,3,2,3,2,1,2,2
1.0844026,1.3032949,99,4,16,14,5,5,5,5,2,5,5,5,5,4,2
0.9863536,0.9684985,7,2,15,8,3,4,1,4,2,3,4,2,3,2,2
0.7852752,0.6130778,99,1,5,14,2,3,1,3,2,2,3,3,2,3,1
0.5718028,0.7592469,7,1,7,5,1,2,5,4,4,1,1,1,2,1,1
0.8845756,1.1080697,6,1,3,8,2,4,2,2,2,3,3,2,2,2,1
0.869796,1.0509293,5,1,12,14,5,2,2,5,5,3,3,3,5,5,2
1.3450159,1.1037683,10,1,9,4,3,3,2,4,4,1,1,1,1,1,2
0.9219329,1.2558641,7,1,7,11,1,1,1,1,1,1,1,1,1,2,2
1.1401796,1.5196569,5,1,7,12,2,2,2,2,2,2,2,2,2,2,2
1.3256336,1.0222634,99,1,5,14,3,4,1,3,2,2,4,2,3,3,1
1.0149571,1.2479607,99,1,16,16,2,2,1,5,5,5,5,5,5,5,4
0.8932263,0.5787206,99,1,6,9,2,1,2,2,3,2,2,1,2,1,1
1.0154166,1.008638,6,2,15,8,2,3,2,2,2,2,3,2,3,3,2
1.1766145,1.0015422,7,1,9,9,1,4,4,1,3,1,3,3,2,3,2
1.0971347,0.9045534,5,1,9,16,1,2,2,1,4,2,3,2,2,2,2
1.4029503,1.1297011,8,1,5,8,2,2,1,1,2,2,2,1,2,2,1
0.9578544,0.5377626,5,1,2,9,2,4,2,3,5,2,2,2,3,3,2
1.1431726,1.3754492,6,1,12,8,2,3,2,2,2,2,2,1,3,2,4
0.8628582,0.6791978,99,1,5,8,3,4,2,3,2,3,3,2,3,2,1
1.0038872,0.8429527,10,1,9,9,1,2,1,2,3,1,4,1,3,1,2
1.1154144,1.1179376,99,2,15,12,2,3,2,4,3,2,5,5,3,1,4
1.2466228,1.6594748,8,1,7,9,2,1,2,2,2,1,1,2,1,2,1
1.1117541,0.883132,5,1,5,8,2,3,5,2,1,1,3,3,2,3,2
0.8656663,0.7284499,10,1,9,12,1,1,4,1,4,1,3,1,3,3,2
1.4909024,1.2770157,7,1,9,12,1,1,2,1,3,2,3,2,3,2,2
0.9870259,1.165843,5,3,14,8,5,2,2,5,5,2,4,2,2,2,1
1.0115001,0.8536752,8,1,9,9,2,2,2,2,3,2,3,1,2,2,1
1.4592618,1.1266139,5,1,5,8,4,1,3,4,2,3,3,1,1,1,2
0.9396567,0.7312256,3,1,5,7,3,2,1,4,2,2,2,2,3,2,2
1.6137369,1.3064264,10,1,9,11,1,1,1,1,1,1,1,1,1,1,4
1.1985936,1.4988296,1,1,3,4,1,1,1,1,3,1,1,1,1,1,4
1.1089239,1.0941548,8,2,15,7,2,1,3,1,3,2,2,2,2,3,1
1.1154144,0.9248068,10,1,9,12,1,1,1,3,4,1,2,1,1,1,1
0.9267601,0.9360031,3,2,15,16,1,3,2,3,5,3,3,5,1,3,2
0.9284352,1.1219672,7,4,16,4,1,1,1,1,2,3,1,1,1,1,3
0.8538545,1.0376405,99,3,14,15,1,2,2,1,3,4,3,1,3,1,1
1.115877,0.9454781,10,1,9,12,1,1,2,2,4,1,2,2,2,3,1
1.070968,0.8998082,99,1,9,12,1,1,2,1,4,2,4,2,4,5,2
0.9165855,0.8922316,99,2,15,8,3,4,2,3,3,2,3,2,2,2,2
0.7064128,0.9853262,6,1,7,8,3,4,1,3,2,3,2,3,3,4,2
1.0288551,1.2165083,99,3,14,8,4,4,4,4,4,3,3,3,2,3,2
0.7852752,0.9486308,4,1,12,14,3,2,2,3,2,3,3,2,2,4,1
0.9264644,0.7891748,10,1,9,12,1,1,1,1,3,1,4,1,1,3,2
0.6164023,0.7847264,99,1,13,14,4,4,2,5,2,3,4,3,2,3,2
0.8150957,0.9867325,6,3,14,14,2,3,2,3,2,3,3,2,3,2,1
0.948455,0.7910898,5,1,9,12,1,2,1,2,3,2,3,2,1,1,1
1.3899729,1.0966809,0,1,5,12,1,1,1,1,4,1,1,1,1,3,1
0.7531205,0.7631686,6,2,15,8,3,3,2,4,4,1,2,2,1,3,2
1.0739068,0.8547257,5,1,5,7,5,4,5,5,5,5,4,2,4,2,2
0.9272885,0.7331985,6,1,5,8,2,2,2,2,2,2,2,2,2,2,2
1.1540679,1.5449454,7,1,7,9,2,2,4,2,3,2,5,2,4,3,3
0.8762195,0.7439931,5,1,9,12,1,2,4,1,4,3,4,3,3,2,2
0.8349797,0.6637167,6,1,5,8,1,2,3,1,2,2,2,3,2,3,2
0.7826801,1.0570601,8,1,7,9,1,2,4,1,4,1,2,3,2,4,2
0.8015094,0.8391168,7,2,15,4,1,1,1,1,1,1,1,1,1,1,2
0.6502441,0.8045199,99,1,16,16,2,4,2,4,5,2,3,2,2,3,2
1.0720278,0.8851506,99,1,9,12,1,4,1,1,4,1,2,1,3,1,2
0.8305522,0.649534,99,1,5,4,4,3,3,4,2,1,3,2,3,3,1
0.6829517,0.5823495,5,1,9,12,1,1,2,1,4,2,1,1,2,1,1
0.8845756,0.7499271,10,1,9,11,1,1,4,2,4,1,1,2,2,2,2
0.7939541,0.7906818,7,2,15,8,4,4,3,4,1,3,3,2,2,3,1
0.9772489,0.9810408,7,2,15,14,3,3,1,3,2,2,2,2,1,3,2
1.1603514,1.3764201,99,3,14,15,3,4,3,4,4,3,3,3,2,2,2
1.2838891,1.313483,99,2,15,12,1,4,1,1,1,2,1,2,2,1,3
0.9864835,0.8002824,7,1,9,11,2,1,3,4,1,2,3,2,2,3,1
0.9902097,0.9904531,8,2,15,4,2,2,3,3,2,1,2,3,2,4,2
1.0828699,0.9153401,99,1,9,12,2,1,1,3,3,1,3,2,2,2,2
1.4709278,1.8423856,1,1,3,7,4,4,1,4,1,4,4,1,3,1,2
0.8305522,0.649534,99,1,5,4,1,1,4,4,2,1,1,1,1,1,1
1.3899729,1.6969219,5,1,12,14,3,4,1,3,2,3,2,2,2,1,4
1.1012502,0.8496892,6,1,5,9,2,1,2,2,3,1,3,2,2,2,2
1.3303132,1.6361903,2,1,3,3,3,4,1,3,2,3,4,1,3,1,1
0.7794122,0.6583717,5,1,9,12,1,2,3,1,3,2,2,3,2,3,2
0.7584811,0.7588456,99,2,15,15,1,1,2,2,2,2,3,1,1,2,1
0.8421636,0.8588796,99,2,15,4,2,2,5,2,2,1,2,2,2,1,2
1.4254839,1.1811758,99,1,9,12,3,3,5,5,3,1,5,1,3,2,1
1.0315067,1.0298206,10,2,15,8,3,1,1,1,1,1,1,1,1,1,2
0.7591215,0.9218763,5,3,14,14,2,2,2,3,3,3,2,2,2,1,2
0.8963173,0.7351694,5,1,9,11,1,5,3,1,4,1,1,2,1,1,1
0.9687391,1.1837904,7,3,14,8,2,2,2,3,2,1,2,2,3,2,3
1.1274064,1.3943425,1,3,14,7,4,4,1,4,2,2,2,1,3,2,1
0.7531205,0.6313264,7,1,9,9,4,1,1,1,1,1,1,1,1,1,1
0.6370121,0.508836,7,1,5,8,3,3,2,3,2,3,3,3,2,3,2
0.6906337,0.8615525,4,1,3,14,1,1,1,1,4,1,1,1,4,1,1
0.7236925,0.5832508,9,1,5,11,1,1,4,1,3,1,2,3,3,3,1
1.1680697,1.4226443,7,1,3,4,1,1,2,4,1,1,2,1,3,1,2
1.2394936,0.8519623,99,1,4,16,5,4,1,5,2,5,3,2,5,2,1
1.2569802,1.5442501,2,1,3,4,2,4,3,4,2,3,1,1,3,1,3
0.9923678,1.2131726,99,1,12,11,3,4,1,2,3,3,3,1,3,2,1
0.7900848,0.9277681,99,1,16,16,5,5,5,5,5,5,2,5,5,5,2
0.9360319,0.7188672,4,1,5,8,4,4,1,4,3,2,4,2,4,3,2
1.3714513,1.3738917,8,2,15,12,1,1,3,2,1,2,3,2,4,4,2
1.2867751,1.0928239,4,1,9,11,4,1,4,5,4,3,1,1,4,1,1
0.9976318,0.9755073,3,2,15,6,3,1,4,4,1,3,4,2,2,3,1
0.8397315,0.8376991,3,2,15,4,2,2,1,4,1,1,4,2,3,2,2
1.2838891,1.313483,3,2,15,8,2,2,2,3,2,2,2,2,2,2,2
1.3256336,1.0222634,99,1,5,8,5,5,5,2,2,5,3,2,3,5,2
0.6945479,0.5935079,10,1,9,12,1,1,2,1,3,2,2,2,5,3,2
1.0844026,0.9015474,10,1,9,12,1,1,2,1,3,2,2,1,2,2,2
1.2078009,1.0167851,8,1,9,12,1,1,1,1,4,1,3,3,2,3,4
1.3340329,1.6149547,99,3,14,12,4,2,1,1,3,3,2,1,1,1,1
0.8426958,0.8477808,99,2,15,4,1,1,3,1,1,1,4,4,1,4,1
1.1724757,1.4306318,6,1,12,9,1,2,2,2,2,2,2,2,2,2,1
0.9980202,0.7778367,10,1,5,8,2,2,1,2,2,1,2,2,2,1,1
0.9353943,0.7141594,7,1,5,8,4,2,3,1,4,3,1,2,3,1,2
0.8976933,1.2401278,8,1,7,11,2,1,2,1,2,1,2,2,2,1,1
1.0971347,0.9045534,9,1,9,11,1,2,3,1,3,2,2,1,4,3,1
1.0118998,0.8046668,6,1,5,9,3,3,1,4,1,2,2,2,3,3,2
1.1562697,0.8789696,4,1,5,8,2,4,1,3,2,2,2,2,2,2,1
0.7560084,0.9200633,99,4,16,16,5,4,5,5,2,5,5,5,5,5,4
1.0091892,1.1929219,99,3,14,9,3,4,2,4,2,4,2,1,3,2,1
1.3535379,1.0528497,99,1,5,14,1,4,1,2,4,2,3,1,2,1,2
1.3866086,1.3694451,8,2,15,4,2,2,4,2,2,2,2,1,1,3,2
1.1223333,1.3912122,99,1,12,14,3,4,1,1,3,3,4,1,3,1,3
0.9466101,0.775884,99,1,9,12,1,2,3,1,4,2,3,1,2,2,1
0.8305522,0.8404191,99,2,15,14,1,1,2,3,3,1,2,2,2,1,3
0.9894444,1.2202075,5,1,3,9,2,3,1,2,3,2,2,2,2,2,2
1.3812597,1.1509236,10,1,9,12,1,1,2,3,4,2,3,3,2,1,2
1.3899729,1.6969219,5,1,16,1,2,2,1,2,3,2,2,3,1,3,2
1.1916192,0.9928084,8,1,9,12,1,1,1,1,4,3,5,1,1,1,2
0.6749343,0.5368536,5,1,5,9,3,1,1,4,2,2,2,1,1,3,2
0.9346198,0.9225502,8,2,15,8,2,3,2,3,3,1,3,3,2,3,1
1.2404425,1.2695456,10,2,15,11,2,2,1,2,1,3,1,1,1,3,3
1.1479058,1.1407583,6,2,15,12,2,2,3,3,2,3,3,2,3,3,2
0.6102943,0.6518365,4,1,11,4,4,4,3,4,1,2,2,1,4,1,1
1.2793728,1.5863917,10,1,3,4,2,2,1,2,1,3,1,1,2,1,2
0.8397315,0.8376991,6,2,15,12,1,2,1,2,2,1,1,1,1,1,2
0.8414639,0.6662285,7,1,5,11,2,4,2,4,4,4,2,3,4,4,2
0.9772489,0.9810408,0,2,15,7,2,2,3,2,3,2,2,2,2,2,2
1.0115001,0.7975634,10,1,5,8,1,4,2,3,2,2,2,2,2,2,2
1.3147973,1.3080488,99,2,15,15,1,1,5,3,4,1,4,1,1,1,1
0.8471684,0.5633632,4,1,4,5,2,3,4,3,2,2,2,1,1,2,1
0.973693,1.1959854,99,1,12,14,4,2,1,2,2,2,4,2,2,3,2
0.9976318,0.7539395,4,1,5,8,4,4,1,4,1,3,3,2,2,3,4
0.7528359,0.7552332,2,2,15,12,1,1,1,1,2,3,3,2,1,2,3
1.5960968,1.5843799,99,2,15,14,5,5,5,4,1,5,1,5,5,2,2
0.9255308,1.1500477,5,1,12,14,1,1,5,1,4,1,1,1,2,1,1
0.8484761,0.8459192,7,2,15,15,2,3,1,3,1,2,2,3,1,2,2
0.9078724,1.1019852,3,4,16,8,1,2,3,1,4,2,2,1,2,1,1
1.1456479,1.2787099,8,1,8,10,1,1,1,1,3,1,1,1,1,4,2
0.8397315,0.8376991,3,2,15,6,4,4,1,4,2,3,5,2,3,1,1
1.252583,1.0775701,10,1,9,9,1,1,3,1,4,2,2,2,2,1,2
0.9374512,0.63999,2,1,4,4,4,4,1,4,1,4,4,1,3,1,1
0.7852752,0.9695967,2,1,3,7,4,4,1,4,1,4,1,2,3,3,1
0.7939541,0.9455606,5,3,14,14,3,3,2,3,2,2,2,2,3,2,1
1.2990288,1.0897646,9,1,9,9,2,2,2,1,3,2,2,1,2,3,2
1.057996,1.0598316,99,2,15,16,3,3,1,5,1,3,3,2,3,2,4
0.7967852,0.6662763,9,1,9,12,1,1,4,1,4,1,4,1,1,1,1
0.753349,0.909122,8,1,12,9,3,3,4,3,2,2,1,4,2,4,1
1.107116,1.3574023,99,3,14,12,2,3,2,2,3,3,2,2,2,2,3
1.1129919,1.1323698,7,2,15,3,1,1,1,2,1,2,2,1,1,1,2
0.9629558,0.7437578,8,1,5,4,1,3,3,3,1,3,3,4,1,3,1
1.1672728,1.206948,7,2,15,8,1,1,2,1,2,1,1,3,2,2,2
1.2256845,0.9338771,8,1,5,8,3,3,3,3,3,2,2,2,2,3,2
1.3759739,1.0633225,6,1,5,9,2,3,2,2,3,2,2,2,2,2,2
0.7852752,0.7932491,9,2,15,8,1,2,1,2,2,2,2,1,2,1,2
0.8137207,0.9881068,99,1,12,14,3,3,3,3,3,3,3,3,3,3,1
1.0115001,0.7975634,5,1,5,8,2,3,2,3,3,2,3,3,1,3,2
0.9033561,0.7017355,5,1,5,8,3,4,4,2,2,3,3,5,3,4,3
1.2256845,1.4450115,5,1,12,16,5,4,1,4,2,3,2,3,3,5,2
0.6795532,0.8112571,8,1,12,14,1,4,4,1,4,1,3,1,2,2,1
1.0641176,1.2900671,1,3,14,12,1,1,1,1,4,4,1,2,2,1,2
0.7098735,0.9274531,5,1,7,9,5,5,4,2,5,2,5,3,5,4,2
1.0033355,1.0111768,7,2,15,2,2,4,3,4,4,2,4,3,4,2,2
0.683485,0.9072529,8,1,7,11,1,1,1,1,4,2,1,4,1,4,1
0.753349,0.5063749,99,1,4,6,3,1,1,2,1,2,2,2,3,1,1
1.2940172,1.0884439,99,1,9,12,1,1,1,1,3,1,3,2,2,1,2
1.1828835,0.9063343,99,1,5,8,2,2,1,2,3,3,3,3,1,2,2
1.2256845,1.5876449,7,1,7,11,1,4,3,1,4,1,2,2,2,2,1
1.0981556,0.8609458,8,1,5,8,2,2,1,4,3,2,3,1,3,4,1
0.869993,0.7464689,6,1,9,16,1,1,2,1,4,1,3,2,2,2,2
0.7852752,1.0422678,7,1,7,8,2,4,4,2,2,2,3,5,1,4,2
1.1667447,1.2091109,7,2,15,12,2,2,1,2,2,2,2,2,2,2,2
0.8397315,0.8376991,3,2,15,4,4,4,4,4,4,1,4,4,4,4,2
0.7717841,0.6021191,99,1,5,8,2,4,1,4,3,3,3,2,2,2,2
1.0215824,1.2208556,9,3,14,11,1,1,4,1,4,2,2,2,1,2,2
1.0761764,1.4170768,8,1,7,11,1,4,4,1,4,1,3,2,2,4,1
0.9524295,1.1800895,7,1,3,8,5,5,2,1,5,2,2,5,2,1,2
0.8811776,1.0525913,99,1,12,15,2,2,2,2,2,2,2,2,3,2,3
1.0981556,0.8609458,0,1,5,8,4,3,2,4,2,3,1,1,1,2,2
0.91334,0.9050229,6,2,15,9,2,2,1,3,2,3,2,2,2,3,2
0.9929373,1.2081902,99,1,12,9,2,2,3,2,3,2,3,2,4,4,2
1.0324869,1.2583588,9,1,3,4,1,2,1,4,1,2,3,2,2,3,1
0.7967568,0.9569404,5,3,14,14,3,2,4,3,2,3,3,2,2,3,2
1.0074309,1.2332549,1,3,14,15,4,4,4,4,4,4,4,4,4,4,3
0.9130955,0.7696593,7,1,9,12,1,3,1,2,3,1,2,3,3,2,2
1.3156935,1.017615,7,1,5,8,1,2,3,3,2,2,2,2,2,2,2
0.7852752,0.4453683,9,1,2,1,4,3,5,4,1,2,2,2,3,1,2
0.704624,0.7231682,7,2,15,8,1,3,1,1,2,1,1,2,4,2,1
1.1637944,1.4180148,7,3,14,4,1,1,3,3,3,1,4,2,2,1,2
0.8575798,0.8593764,99,2,15,4,3,5,2,3,3,2,2,1,2,2,1
1.0844026,1.3320993,7,1,3,4,2,3,2,2,1,2,3,2,2,2,3
0.8438063,1.0340009,6,3,14,14,3,2,3,4,3,3,2,2,1,3,3
1.1436303,1.364468,99,3,14,4,4,1,4,4,4,2,4,3,2,3,1
0.9494297,0.9419248,6,2,15,4,3,4,3,4,2,1,3,2,2,1,2
1.0353791,1.2609158,99,1,16,16,5,5,5,5,5,5,5,5,5,5,4
1.4116906,0.9545098,3,1,4,14,3,4,5,4,2,4,4,1,4,3,2
0.7880473,0.9812657,99,1,3,4,4,4,4,4,1,3,3,1,3,1,1
0.8392012,1.0373331,7,1,3,4,4,4,1,4,2,3,2,1,3,2,3
0.7991585,0.6251436,2,1,5,4,3,3,3,3,2,3,3,2,2,3,3
1.3866086,1.6376921,9,3,14,5,4,2,2,4,4,2,1,1,2,3,4
0.7420017,0.7812048,7,2,15,4,1,1,1,1,1,1,1,1,1,1,4
0.832729,0.6691821,6,1,5,8,3,4,2,3,2,3,4,2,1,2,2
1.0315067,1.0298206,9,2,15,9,2,1,2,4,3,5,4,3,1,4,1
0.9290323,0.7062319,99,1,5,8,2,4,1,2,1,2,3,2,3,3,2
0.961046,0.7660143,99,1,5,8,2,2,3,3,2,3,2,2,1,2,1
0.7630792,0.635882,99,1,9,12,1,1,1,2,4,2,3,2,4,2,4
0.5829493,0.454376,6,1,5,8,3,3,2,4,1,2,3,3,1,3,2
1.1356616,0.9491467,9,1,9,12,1,1,1,1,3,1,2,1,4,2,1
0.9123252,0.9158691,99,2,15,12,2,2,2,2,2,2,2,2,2,2,2
0.9976318,0.9755073,0,2,15,15,4,4,1,4,1,2,4,1,3,1,2
0.9836383,1.1931152,5,1,12,11,3,3,2,2,2,3,3,2,2,2,1
0.9359086,1.1135749,99,1,12,14,4,4,1,4,1,1,1,4,1,4,1
0.7967568,0.9569404,8,3,14,8,4,2,4,3,3,4,3,1,2,1,2
0.7876423,0.8222923,2,1,11,6,3,3,3,3,3,2,3,2,3,1,2
1.0213833,0.8506109,99,1,9,12,2,1,1,4,2,2,1,2,1,2,4
1.1116961,0.8688731,5,1,5,8,3,4,2,4,2,3,3,2,1,3,2
0.6844168,0.8085664,99,3,14,15,4,4,4,4,4,4,4,4,4,4,2
0.8810346,1.0426035,10,3,14,12,1,4,4,3,4,4,3,1,4,3,2
0.8550184,1.0160528,8,3,14,11,1,2,4,1,4,1,2,2,3,2,2
1.0424092,0.6995359,0,1,4,7,5,1,1,3,2,1,2,2,1,3,4
1.1476673,1.3808893,5,1,12,14,3,2,2,2,2,3,3,3,3,2,2
0.9098661,0.7212096,8,1,9,12,3,2,1,2,3,2,3,2,3,2,2
1.040226,1.0139571,7,2,15,8,3,4,2,3,2,2,3,2,4,3,2
1.1637944,1.4180148,99,1,16,16,3,3,2,4,2,3,3,2,3,2,3
0.6406978,0.8013962,8,3,14,7,2,2,2,2,2,2,2,2,2,2,2
1.2217973,1.4410871,8,3,14,12,1,2,3,1,2,3,4,2,1,1,3
0.9914145,1.2389824,6,1,12,9,3,4,2,2,3,2,1,2,2,2,2
1.0701292,1.3068112,99,3,14,15,4,4,4,4,4,3,4,4,4,4,3
1.1562697,1.3600519,0,4,16,4,2,4,5,4,3,5,5,2,3,3,4
1.0963875,1.0862936,4,2,15,12,1,1,3,1,5,1,5,5,1,1,2
0.9383628,0.937354,99,2,15,16,3,2,1,4,3,2,3,3,2,3,2
0.9946959,1.3085465,10,1,7,11,1,3,3,1,4,1,1,1,2,2,1
1.4391196,1.2068652,99,1,9,12,2,2,2,2,2,2,2,2,2,2,2
1.0111792,0.9990662,99,2,15,14,5,4,5,3,2,2,5,5,2,3,4
0.9870259,1.165843,9,1,12,12,1,1,4,1,4,1,3,2,2,3,2
1.0149571,0.6951058,99,1,4,14,5,4,1,2,5,2,2,1,3,2,2
0.9284352,0.9381938,0,2,15,6,4,4,1,4,1,4,3,2,4,2,2
1.3478386,1.4962037,99,1,8,7,2,5,1,1,3,4,4,2,5,2,1
1.1436303,1.3946244,2,1,3,4,1,3,1,4,3,1,1,1,3,1,1
0.8976933,0.7807828,6,1,9,12,1,2,2,1,3,5,4,5,2,3,4
1.07593,1.0421406,99,2,15,1,3,3,1,3,2,1,3,1,1,1,3
1.1622074,0.8920086,99,1,5,8,3,4,3,2,3,3,2,3,3,3,2
0.7967568,0.9569404,99,3,14,14,3,2,1,4,2,2,5,2,2,3,3
1.1994046,0.8477795,5,1,4,8,3,4,1,3,2,2,2,2,2,3,2
1.0214366,1.1315145,10,1,8,10,1,1,4,1,4,1,1,1,4,1,1
0.9665861,0.7650619,10,1,5,8,1,1,1,3,2,1,4,1,2,1,1
0.9386963,0.7227543,7,1,5,8,2,2,2,2,1,2,2,2,2,2,1
0.7491669,0.4715011,99,1,6,13,1,2,3,1,3,2,3,2,2,3,3
0.891274,0.7018159,7,1,5,8,2,3,2,2,2,2,3,2,2,3,2
0.9466101,0.6247423,99,1,4,16,2,2,2,2,2,5,2,2,2,2,2
0.7199021,0.9663734,5,1,7,4,4,4,1,4,2,3,2,3,1,2,2
0.7939541,0.7906818,8,2,15,12,1,2,3,3,3,1,2,1,2,1,3
0.7013342,0.8549072,6,3,14,8,4,4,1,4,1,2,3,1,3,1,3
1.2899414,1.2836758,8,2,15,11,2,2,2,3,2,2,2,2,2,2,1
0.7852752,0.6130778,6,1,5,11,4,2,3,4,2,3,4,2,2,1,2
1.2884629,1.5653642,4,1,12,12,4,4,1,4,2,3,3,2,4,3,1
0.9360319,1.1123214,7,1,12,14,4,3,2,3,1,5,4,2,5,2,1
0.6752635,0.6755171,99,2,15,5,2,3,2,3,3,2,3,2,2,2,2
1.0096955,0.8580073,8,1,9,12,2,2,2,1,4,2,2,2,2,1,1
0.8139315,0.626156,99,1,5,16,1,4,3,1,4,2,1,1,2,1,1
0.9772489,0.9810408,4,2,15,14,4,5,1,2,5,3,2,2,1,2,3
1.1244663,1.3763814,5,3,14,12,1,2,3,1,3,1,2,1,3,2,1
0.8847196,1.0359572,2,3,14,4,3,3,4,4,3,1,3,3,2,2,2
1.1766567,0.7872685,99,1,4,16,2,3,1,3,3,3,3,2,3,2,2
0.9899659,0.7566784,4,1,5,8,3,4,1,4,4,3,3,3,3,3,2
1.040226,1.0139571,4,2,15,6,4,4,3,4,1,3,3,4,2,2,2
1.2347791,1.6189035,6,1,7,9,1,1,2,1,4,1,3,2,2,3,2
1.2078009,1.4698849,99,1,16,15,5,5,5,5,5,5,5,5,5,5,4
1.2547122,0.7076696,3,1,2,14,4,3,1,4,1,4,2,1,2,2,2
1.0115001,0.8536752,10,1,9,12,1,1,2,1,4,1,1,2,1,3,2
0.8062716,0.6746494,99,1,9,14,1,1,2,1,4,1,3,1,2,1,3
1.3009965,1.574695,99,3,14,8,3,1,4,4,2,2,2,2,1,2,3
0.9130955,0.7696593,10,1,9,11,1,1,4,1,4,1,4,2,4,2,2
0.7528382,1.0123402,7,1,7,9,3,4,2,2,2,3,3,2,3,2,1
0.8617238,0.8539504,8,2,15,8,2,2,2,3,2,3,1,3,2,2,3
0.8426958,0.8477808,7,2,15,13,2,2,3,2,2,3,2,1,1,2,2
0.8947001,0.8866223,5,2,15,14,3,2,2,3,2,2,3,2,2,2,3
0.7880473,0.6204562,7,1,5,7,2,2,4,2,3,2,2,3,3,2,2
0.5718028,0.4466006,6,1,5,8,1,2,2,1,3,1,3,2,2,2,2
0.9700822,1.1872925,5,1,12,16,2,3,1,2,3,2,2,2,2,2,1
0.7880473,1.0548115,9,1,7,11,1,2,2,1,2,2,2,2,1,2,1
0.6411879,0.6394221,99,2,15,14,2,2,2,1,3,2,2,2,3,3,1
1.0539745,1.2305465,4,1,12,7,3,4,4,3,2,3,3,2,2,2,1
1.0213833,1.2296602,3,3,14,4,3,2,4,3,3,2,3,1,4,3,2
1.1698967,1.3142387,10,1,8,9,3,1,2,1,4,3,4,4,1,4,2
0.8826927,0.8886943,7,2,15,15,2,2,2,2,2,2,1,1,3,2,2
0.7339775,0.5759162,8,1,5,9,2,2,1,1,1,1,3,3,3,2,1
0.8076004,1.00632,99,1,12,14,2,3,2,2,3,2,2,2,2,2,1
0.9792045,1.3488824,6,1,7,8,2,4,2,3,2,2,3,3,3,4,3
0.6030334,0.7948838,7,1,7,9,2,4,2,2,3,2,2,3,3,3,3
0.6883056,0.8905288,6,1,7,9,2,1,2,1,3,1,2,2,3,5,2
1.0470198,0.8368822,5,1,5,8,2,4,2,2,3,2,3,2,2,2,2
0.8755739,0.6817203,1,1,5,8,2,4,4,1,3,2,4,2,4,2,1
0.7742363,0.9272958,5,1,12,14,1,3,4,1,1,2,4,1,5,2,1
1.1622074,0.8920086,8,1,5,8,2,3,2,3,2,2,2,2,2,3,1
0.6945479,0.5544968,99,1,5,8,3,3,2,2,2,2,3,3,2,3,2
0.9255308,0.7955394,99,1,9,10,1,1,2,1,4,1,2,2,3,1,2
0.8882824,0.757112,5,1,9,9,1,5,4,1,3,1,3,1,1,4,2
1.0789046,1.444995,7,1,7,8,2,4,2,3,2,3,5,3,2,5,2
1.0971347,1.3076404,7,3,14,15,2,2,1,4,2,2,1,1,2,2,2
0.8035817,0.9697432,99,1,12,14,1,5,2,1,5,5,5,5,5,5,2
1.0822668,0.8956389,99,1,9,9,2,2,2,2,2,2,2,2,2,2,2
0.8095005,0.9909367,99,1,12,14,4,3,2,4,1,3,3,2,3,3,2
1.0601133,1.355613,5,1,3,4,2,1,2,2,2,2,2,2,3,2,2
0.6883056,0.8905288,7,1,7,9,5,4,3,2,1,1,2,4,5,4,2
0.7038099,1.5147635,6,1,10,14,2,2,3,2,2,2,3,2,2,3,2
1.1964519,1.4692001,3,1,3,4,3,4,2,3,2,2,2,2,2,2,1
0.9772489,1.1991364,8,1,3,4,3,2,3,2,2,3,3,3,3,3,2
1.1012502,0.9094684,5,1,9,15,1,4,1,1,4,1,4,4,1,1,2
0.7591392,0.9442481,0,1,12,14,1,2,2,2,4,1,4,2,1,2,2
1.0424031,0.8232179,6,1,5,9,1,1,1,1,4,2,5,1,2,2,2
1.2713529,1.5554254,5,1,3,8,4,2,2,4,1,3,3,1,3,2,1
1.0364065,1.374962,6,1,7,9,5,4,2,5,5,2,2,5,5,5,4
0.8750266,1.0983826,4,3,14,8,2,3,2,3,2,2,3,2,4,2,1
1.2481769,1.5392323,7,3,14,14,4,4,4,3,3,2,4,4,4,4,3
0.9150756,1.1187624,2,1,3,4,3,4,3,3,2,3,2,2,2,3,2
1.2256845,0.9338771,3,1,5,9,2,2,3,2,2,2,2,2,2,2,2
1.1914591,0.9201621,99,1,5,14,3,2,4,1,3,1,3,2,1,2,1
0.7603819,0.6559491,6,1,9,12,2,4,4,1,3,2,4,2,3,4,2
1.1426287,0.8913704,7,1,5,8,3,2,2,1,2,2,2,1,3,2,2
0.7491669,0.8861736,9,3,14,11,1,1,3,1,4,1,1,1,1,3,2
0.881519,1.0506591,5,1,12,6,1,1,1,1,4,1,4,3,1,2,1
1.3004249,1.6040331,2,1,3,4,2,2,2,2,3,3,2,2,3,2,1
1.2256845,1.5876449,6,1,7,9,3,2,2,4,2,2,2,1,3,2,2
0.9359086,0.7703095,8,1,9,12,1,1,2,2,4,1,2,2,1,2,1
1.049755,0.8080428,6,1,5,8,3,4,1,3,2,3,2,3,3,4,2
1.0038872,0.5721098,5,1,2,2,4,3,3,3,4,3,3,4,3,3,3
0.7446064,0.5855917,8,1,5,4,2,2,2,3,2,1,2,2,2,3,1
0.7967852,0.6662763,5,1,9,14,3,3,3,3,3,2,2,3,3,3,2
0.891274,1.0859375,3,1,13,6,2,4,2,3,3,3,3,2,3,2,1
1.2394936,0.9885275,6,1,5,8,2,2,3,2,2,2,4,3,2,3,3
0.7834541,0.7851533,10,2,15,11,1,4,4,1,4,1,3,1,1,2,1
1.0364065,1.2514359,6,3,14,11,1,2,2,1,4,1,5,2,2,3,2
1.0494688,0.8564752,7,1,9,12,1,1,1,1,2,1,2,2,1,1,1
1.0971347,1.0934545,7,2,15,12,2,1,1,2,3,2,3,2,5,2,2
0.8232383,0.6750587,9,1,9,11,1,2,4,1,4,1,2,3,2,2,2
0.8346031,1.0096651,99,1,12,14,5,2,4,2,5,5,3,5,5,3,2
0.6680748,0.5558052,10,1,9,12,1,1,3,1,4,1,4,1,2,2,1
0.5929651,0.4910488,9,1,9,12,1,2,3,1,4,1,2,2,1,2,1
1.1012502,0.8496892,5,1,5,8,4,4,2,4,2,2,3,2,2,3,2
0.9591154,0.9856859,6,2,15,1,3,3,5,4,3,4,2,4,3,3,3
0.7826801,0.6217789,6,1,5,8,5,4,3,3,2,5,5,5,3,3,4
1.1014919,0.6498564,5,1,2,2,2,4,2,1,2,3,1,2,2,3,1
0.7123716,0.564579,2,1,5,8,2,1,1,1,2,1,2,1,1,1,2
1.0179888,1.2329988,1,1,3,3,3,4,5,5,2,4,4,2,5,2,1
0.8762195,0.6950907,3,1,5,7,5,5,2,5,2,5,4,2,5,2,2
1.0522103,0.8130507,9,1,5,8,1,1,1,1,1,1,1,1,1,1,4
0.6749163,0.8314078,4,3,14,4,1,4,3,2,4,2,2,3,2,1,2
0.8035817,0.6267223,2,1,5,8,2,3,1,1,2,1,3,2,1,2,1
0.8856716,0.7473132,10,1,9,11,2,1,2,2,3,1,2,1,3,3,1
1.2298357,1.6448979,8,1,7,9,2,3,4,1,3,2,1,3,1,4,2
1.0331161,1.3831458,8,1,7,14,2,2,2,2,3,2,2,2,2,3,2
1.2394936,0.8377679,5,1,1,15,2,2,1,2,2,1,4,1,4,1,1
1.1586964,1.2753052,6,1,8,10,2,2,2,2,2,3,4,1,5,2,2
1.0522103,0.8702521,10,1,9,11,1,1,1,1,4,1,4,2,2,3,1
1.2382648,0.9960158,99,1,5,8,2,3,3,1,3,2,3,2,2,2,2
1.3256336,1.5817739,3,1,13,4,1,1,3,2,3,1,3,3,2,3,2
0.6795532,0.8913342,5,1,7,9,1,3,4,1,4,1,1,4,1,4,2
0.7345937,0.5874696,99,1,5,15,4,4,2,3,2,3,3,2,4,3,2
1.0971347,0.7283469,2,1,4,2,3,4,1,2,2,4,4,1,4,1,2
0.9894444,0.7715395,6,1,5,4,1,2,2,1,3,2,4,1,2,2,1
0.7633476,1.026961,3,1,7,9,2,1,1,3,2,1,3,2,3,4,1
0.9906781,1.1891581,8,3,14,11,3,2,2,2,2,2,2,2,2,3,2
1.0819564,1.0892245,3,2,15,12,1,3,1,1,2,2,4,1,2,2,2
1.147429,1.5178378,7,1,7,9,2,4,4,2,3,2,5,5,3,3,2
0.6081475,0.8252257,8,1,7,11,2,1,4,1,4,1,2,4,2,3,1
0.9929373,0.780825,5,1,5,8,3,3,2,2,2,3,2,2,2,2,2
1.0002636,1.0122195,7,2,15,15,3,3,3,3,3,3,3,2,2,3,2
0.829338,0.8545345,99,2,15,8,2,2,2,2,2,1,2,2,2,2,3
0.9099856,0.612842,4,1,4,8,2,4,1,5,5,3,4,3,3,1,2
0.8845756,0.7006346,5,1,5,8,5,5,2,5,2,2,2,4,2,4,2
1.0617583,1.3836608,99,1,7,9,1,2,2,1,4,1,2,2,2,2,2
0.9099856,0.7110775,8,1,5,9,3,2,3,4,2,1,4,4,1,2,1
0.7345937,0.9290966,99,1,3,10,1,1,4,3,3,2,4,1,3,2,1
0.9436474,1.0351737,99,1,8,10,2,2,2,2,2,2,2,2,2,2,1
0.6562741,0.5460775,5,1,5,8,3,4,1,3,2,2,2,3,2,4,2
1.0115001,0.7975634,8,1,5,8,1,4,1,1,2,2,4,2,2,3,2
0.8811776,0.4941762,2,1,2,7,4,3,4,4,2,3,2,3,3,2,1
0.6969997,0.4836444,99,1,4,14,1,5,1,1,1,2,1,1,5,1,1
1.0877792,0.9142284,6,1,9,9,1,1,2,1,3,2,3,3,1,3,1
1.0388447,0.8195586,99,1,5,8,5,5,5,5,5,5,3,5,5,5,2
0.6945479,0.5544968,4,1,5,8,2,2,3,2,3,2,2,3,2,2,1
0.7323129,0.8957707,5,3,14,8,2,2,2,2,2,4,2,2,2,2,2
0.6051621,0.7321787,5,1,12,15,2,4,2,2,2,2,2,2,3,3,2
1.1010077,1.3233778,3,3,14,2,2,1,5,3,2,2,1,3,2,2,2
1.0539447,0.8389217,5,1,5,8,2,3,1,3,3,3,1,2,3,2,1
1.0388447,1.393297,10,1,7,11,1,1,4,1,4,1,2,1,2,3,1
1.1806358,1.4641228,8,4,16,11,1,2,2,1,4,2,2,3,1,3,2
1.1622074,1.5164663,7,1,7,11,1,2,3,1,3,1,2,2,2,3,1
1.0115001,0.8536752,8,1,9,14,3,3,2,1,2,3,1,2,1,4,3
1.3586653,0.9293661,3,1,4,8,4,4,4,4,2,4,4,4,1,4,3
1.1010077,0.9154396,10,1,9,12,1,1,4,1,3,3,4,1,1,1,2
0.6678499,0.8362234,99,1,12,14,3,5,2,2,3,5,3,5,2,3,2
1.0877792,0.8541365,4,1,5,8,3,4,1,3,2,4,3,2,3,3,2
1.3660802,1.1320658,99,1,9,12,2,2,5,5,3,5,5,3,2,5,3
1.1653315,1.4260933,4,1,16,6,3,4,2,3,1,2,3,2,1,4,2
0.6883056,0.5238227,6,1,5,8,4,4,1,2,1,3,2,3,3,1,2
0.9313899,1.1574451,99,1,3,14,1,5,5,2,3,1,5,1,3,2,2
0.7345937,0.6288005,99,1,9,12,4,4,4,4,4,4,4,4,4,4,3
0.8234087,0.5572854,3,1,4,6,2,3,1,3,2,2,4,2,1,3,2
1.0682567,0.6241498,2,1,2,2,2,2,1,2,2,1,3,2,2,3,2
0.9894444,0.7715395,5,1,5,7,3,4,2,2,2,2,2,3,2,3,2
1.1436223,0.7980762,2,1,4,6,2,3,2,3,2,3,3,2,4,3,2
1.0761764,1.3182725,4,1,3,14,1,1,1,1,4,1,3,2,2,2,1
1.1012502,0.9094684,10,1,9,12,1,1,2,1,4,2,1,1,3,1,1
1.1223333,0.7748959,1,1,4,7,2,2,1,1,2,3,3,2,2,1,1
0.8782237,0.5796124,1,1,4,16,1,3,1,3,2,2,3,1,3,2,2
0.7422517,0.9862545,8,1,7,9,2,4,2,2,2,2,1,4,3,2,2
0.9436474,0.7389682,6,1,5,8,3,1,1,2,2,2,3,1,1,1,2
0.9464911,0.8176025,7,1,9,12,1,1,1,1,4,1,2,2,2,3,2
0.6945479,0.857987,99,3,14,15,3,4,2,3,2,5,3,2,4,1,3
0.6562741,0.5460775,7,1,5,11,1,4,1,1,4,2,2,3,1,4,1
1.0364065,1.2514359,2,3,14,15,1,3,2,2,4,2,2,2,3,2,1
0.6749163,0.5373194,7,1,5,8,3,2,2,2,3,2,3,2,3,2,1
1.1166129,1.4865909,7,1,7,1,2,3,1,2,2,3,3,1,1,3,2
0.9374512,0.7948205,3,1,9,11,1,1,4,1,4,1,4,2,2,3,2
1.1724757,0.7968524,5,1,4,7,2,1,2,2,3,1,2,2,2,1,2
0.9863536,1.1838057,99,1,3,15,4,4,1,4,1,4,4,1,3,2,2
0.6766794,0.5188031,4,1,5,8,3,2,2,2,3,2,2,1,1,2,2
0.8076004,0.650361,99,1,5,8,3,3,2,3,2,3,3,2,3,2,2
0.9899659,0.8099138,3,1,9,13,2,2,1,1,1,1,1,1,1,3,2
0.8695994,1.1877513,7,1,7,9,2,1,4,1,3,1,2,3,2,4,2
0.7345937,0.6288005,10,1,9,12,2,2,2,2,2,2,2,2,2,2,1
1.2717385,0.9796879,5,1,5,8,3,4,2,4,2,3,3,3,2,4,2
0.8076004,0.6961166,10,1,9,11,1,2,2,1,4,1,2,2,2,2,1
0.8753756,0.6639171,6,1,5,8,5,4,5,5,2,2,4,5,2,5,4
1.011786,1.3212072,7,1,7,9,1,1,4,1,3,1,1,3,2,3,2
1.167661,1.4719619,7,1,3,3,3,3,2,3,2,3,3,3,3,3,2
0.5859885,0.4849544,10,1,9,12,1,1,2,1,4,1,3,1,3,2,2
1.1586964,0.9744379,6,1,9,11,3,4,1,3,2,2,4,2,2,3,1
1.1205807,0.8620764,5,1,5,14,2,2,2,2,2,2,2,2,1,2,2
0.8762195,0.7439931,10,1,9,12,1,1,1,1,4,1,4,1,1,4,2
0.8714038,0.8746603,7,2,15,1,4,4,3,3,1,2,1,1,1,4,2
1.3780217,0.9495026,2,1,4,7,4,4,2,4,2,3,4,2,3,2,2
1.3411773,1.1450396,99,1,9,14,1,4,2,1,3,1,4,1,1,1,1
0.7196902,0.5638872,3,1,5,8,2,3,3,3,2,1,2,2,1,1,2
1.0038872,1.2185893,5,1,12,16,2,3,2,3,2,2,2,2,2,3,2
1.2058762,1.0016006,5,1,9,12,1,1,4,3,3,2,1,1,2,2,1
1.1395994,1.4157901,7,1,12,15,4,4,4,1,2,4,4,2,2,3,2
0.9591154,1.2951148,7,1,7,8,2,4,2,2,3,1,2,2,3,4,2
0.6635163,0.5696108,5,1,9,12,2,2,2,2,3,2,3,3,2,4,2
1.0971347,0.9045534,8,1,9,11,1,1,1,1,4,1,1,1,1,1,2
0.7900848,0.493632,3,1,6,16,2,3,2,2,3,2,2,2,3,2,2
0.840336,0.6487908,5,1,5,14,2,2,2,1,3,3,3,2,1,1,1
1.0753486,0.8484477,8,1,5,8,2,4,2,1,3,1,3,2,1,4,2
0.9667301,0.7959617,10,1,9,12,1,1,1,1,4,1,1,1,1,1,1
0.7371869,0.512404,3,1,4,15,3,3,3,3,3,3,3,3,3,3,1
1.1001532,1.1282065,8,2,15,8,2,5,1,2,1,2,2,1,1,2,3
0.8426958,1.0362513,7,1,3,4,1,2,1,2,2,2,2,1,2,1,2
1.2293816,0.9918905,6,1,5,14,3,3,2,2,2,2,2,1,3,2,1
0.9099856,0.7110775,99,1,5,8,2,4,1,2,2,5,5,4,3,4,2
1.2538356,0.9935616,5,1,5,14,2,4,2,2,2,2,2,2,2,2,2
0.929354,1.1344877,99,1,12,14,1,1,1,1,4,1,2,1,1,2,2
0.9393362,1.1505876,8,1,3,4,1,1,1,1,1,1,1,1,1,1,1
1.2438982,0.974556,99,1,5,8,5,4,5,5,5,5,5,2,3,2,1
0.7793701,0.9520138,99,3,14,15,2,2,5,5,5,2,2,2,2,2,1
0.7396407,0.9745261,9,1,7,11,1,2,3,1,4,1,1,1,1,2,2
1.0753486,0.8484477,99,1,5,8,3,3,3,2,2,3,3,2,2,3,2
1.0677911,0.7031496,9,1,4,11,1,4,4,1,4,1,1,2,2,2,2
1.0522103,1.05199,99,2,15,14,2,4,4,4,4,4,3,2,3,2,3
1.0530231,1.1613425,7,1,8,10,2,5,1,1,5,1,1,1,4,1,1
1.4499066,1.7183416,99,3,14,15,1,3,4,3,1,1,3,2,4,3,2
1.2256845,0.9338771,99,1,5,8,3,4,1,3,1,4,3,2,4,3,2
1.0287795,0.8336475,5,1,5,14,3,4,4,3,4,3,3,3,3,3,2
1.2087328,0.9489568,99,1,5,14,2,1,2,2,3,2,3,1,1,1,1
0.5164766,0.6877781,9,1,7,11,2,3,4,1,2,1,2,3,2,4,2
1.040557,0.8456367,99,1,5,14,2,2,1,2,2,2,4,2,3,2,2
1.0294579,0.8252513,6,1,5,8,2,2,2,2,4,2,4,3,2,2,2
1.0082198,0.6785855,3,1,4,9,2,4,1,2,3,4,2,1,4,2,1
1.3256336,1.5817739,99,4,16,8,2,2,2,2,2,3,2,2,2,2,4
1.16631,0.9662557,9,1,9,11,1,1,3,1,1,1,1,3,2,4,2
0.9043486,1.2031256,7,1,7,9,1,1,4,1,4,1,1,2,1,3,2
1.1622074,1.5164663,8,1,7,11,1,2,4,1,3,2,2,2,2,3,1
1.2944592,1.0768052,8,1,9,12,1,2,2,1,4,2,3,2,2,2,1
1.0971347,0.9045534,99,1,9,12,2,2,1,3,3,2,3,1,2,1,2
1.1395994,0.9149919,5,1,5,14,2,4,2,1,2,2,4,1,4,2,1
0.683485,0.8257456,5,1,13,14,3,3,3,3,2,2,2,2,3,2,4
1.0749806,0.8435357,5,1,5,8,3,4,2,3,2,3,4,3,2,3,2
1.3722712,1.6885155,99,1,12,14,3,4,2,3,2,3,2,2,3,2,1
0.9198864,0.7145441,5,1,5,5,2,3,1,1,2,2,2,2,3,3,2
1.3292056,1.153549,10,1,9,12,1,3,3,2,3,1,4,2,2,2,1
0.9308858,0.7565228,5,1,5,8,2,2,5,1,3,2,5,2,2,2,2
0.6779829,0.475386,2,1,4,8,2,4,2,2,2,3,3,3,3,3,2
1.0542133,0.8165988,8,1,5,8,2,3,3,1,4,1,2,2,1,3,1
0.869993,0.5741558,1,1,6,15,2,4,1,2,4,2,1,4,2,1,2
1.0749806,0.7270011,2,1,4,8,5,4,2,5,2,5,5,2,5,2,2
1.2722293,0.9713862,4,1,5,7,4,4,1,5,1,3,5,2,3,2,4
1.0016272,1.2115061,7,1,3,7,2,1,2,2,3,3,2,2,2,2,2
0.8038418,0.9939516,5,1,3,7,2,4,1,1,2,1,1,1,3,4,1
1.0470737,1.4060034,9,1,7,9,1,1,4,1,4,1,3,2,1,2,2
0.6525941,0.792316,99,1,12,14,4,4,2,3,2,2,2,1,3,2,1
0.9894444,1.1938225,2,1,12,6,1,3,2,2,3,1,3,1,2,1,1
1.0471452,1.4165493,99,1,7,8,1,2,2,1,3,2,2,2,5,3,2
1.0168167,1.2174882,5,3,14,12,1,2,1,1,4,2,3,2,3,2,1
0.8628582,0.5591673,99,1,6,13,1,1,4,1,3,1,1,1,2,2,1
0.8795877,0.8781261,6,2,15,4,3,2,2,3,2,2,2,2,2,2,2
1.0877792,1.3508364,2,1,3,6,1,2,1,2,3,2,2,2,2,1,1
1.1586964,1.4086668,2,1,13,14,1,3,3,3,3,2,3,3,2,4,1
1.416674,1.9054959,7,1,7,11,3,3,3,3,3,3,3,3,3,3,2
1.0120082,1.2660255,7,3,14,13,3,3,2,2,3,2,2,3,3,1,2
1.1779629,1.2815802,99,1,8,10,2,3,2,3,3,2,3,2,3,3,1
0.7927607,0.6649222,3,1,9,12,1,4,4,3,3,3,3,1,4,1,1
1.0012245,0.8361986,9,1,9,12,1,1,1,2,4,1,2,2,1,1,2
0.869993,0.6010572,3,1,4,5,3,2,1,2,2,2,3,1,1,2,1
1.13731,1.1555314,5,2,15,8,2,1,4,1,1,1,1,3,1,1,1
0.9870259,1.165843,5,1,12,4,4,4,3,4,4,1,3,4,3,1,1
1.1397359,1.4407758,1,1,3,14,3,4,1,1,2,4,4,1,4,2,1
0.8755739,0.5875405,5,1,4,14,3,3,2,2,2,2,3,1,3,3,2
1.245837,1.5229882,2,1,3,4,3,3,2,3,2,3,2,2,2,1,2
0.7900848,0.5995948,5,1,5,7,3,3,2,4,2,2,2,2,3,3,1
1.0115001,0.7975634,8,1,5,8,1,2,3,1,1,1,2,4,2,4,3
1.1436303,0.9438635,99,1,9,11,1,3,3,1,4,3,2,4,2,3,2
0.6050758,0.6785986,9,1,8,11,1,1,4,1,4,1,4,1,3,2,1
0.7396407,0.6135603,3,1,9,12,1,2,3,1,2,3,3,2,3,2,1
0.6883056,0.8905288,8,1,7,10,2,2,3,2,3,5,2,3,2,3,2
1.2300112,1.6067523,8,1,7,9,1,2,4,1,4,1,1,3,2,4,1
0.9809389,1.3296762,9,1,7,8,1,2,2,1,3,1,3,2,2,4,2
1.0424092,0.6995359,2,1,4,7,3,2,1,3,2,3,4,1,4,1,1
1.3292885,0.9110124,0,1,4,4,4,4,4,4,1,4,4,1,4,1,1
1.1117541,1.3664924,99,1,13,11,2,1,3,2,4,1,3,2,1,3,2
0.8882824,1.2025312,8,1,7,9,1,1,2,1,4,1,1,1,1,2,1
1.2426358,1.5941796,3,1,3,4,2,3,3,2,4,3,4,1,2,2,1
0.9577599,0.7734611,6,1,5,8,2,2,3,2,2,2,2,2,2,2,2
0.6585779,0.5296371,7,1,5,8,2,3,2,3,3,3,3,3,2,2,2
1.0976173,0.8839307,8,1,5,9,1,2,4,2,2,2,3,2,2,2,2
1.040226,1.2125711,99,3,14,15,3,3,3,3,3,3,4,3,3,3,2
1.1552062,1.4054166,99,3,14,1,2,3,4,1,4,3,4,1,4,3,1
0.8410038,0.7000782,8,1,9,12,2,2,2,5,3,2,3,2,3,2,4
0.9558012,0.7383005,3,1,5,8,3,2,1,3,2,2,2,2,3,2,2
1.0244389,1.353215,9,1,7,11,1,2,4,1,4,2,1,1,3,3,1
0.8797393,0.5853621,7,1,1,1,1,1,1,1,1,1,1,1,1,1,4
0.7739118,0.9698926,5,3,14,14,2,2,2,3,3,2,3,2,2,2,4
1.0603129,1.3145347,4,1,3,4,3,2,3,2,3,2,2,2,2,3,1
0.8659211,0.8876776,99,2,15,4,1,4,4,2,4,4,3,1,4,2,1
1.1596631,1.42291,3,3,14,15,3,4,2,3,1,4,3,2,2,3,2
1.6228322,2.0233979,7,1,3,8,2,1,1,1,1,2,2,1,1,1,2
1.0424031,0.8232179,5,1,5,8,2,2,2,3,5,2,2,2,2,2,2
0.9033771,0.718765,3,1,5,14,2,3,2,3,2,2,1,3,1,2,3
1.0142831,0.8229114,99,1,5,8,4,5,2,5,2,2,5,2,5,2,1
1.0594854,1.4406279,9,1,7,12,1,3,3,1,4,1,3,2,2,2,1
1.1914591,0.9201621,5,1,5,8,2,4,2,3,2,2,3,2,2,2,2
1.1163546,0.7560127,99,1,4,14,4,4,1,4,2,2,3,1,3,3,1
0.8847401,1.0610975,99,1,12,9,3,2,3,2,2,2,2,2,2,2,1
0.9434338,0.6202475,2,1,4,2,3,4,2,3,2,3,4,2,4,2,1
1.3948797,1.7173444,5,1,16,16,2,3,1,3,2,2,1,2,1,2,2
1.2717385,0.9796879,5,1,5,8,2,2,2,1,3,1,3,2,2,3,2
0.6906337,0.8615525,3,1,3,4,2,3,2,3,2,3,3,1,2,2,1
0.7105,0.9128213,7,3,14,8,1,1,2,1,3,2,3,3,3,4,2
1.1150166,1.3714963,4,1,12,14,3,4,3,1,2,2,4,1,3,1,1
0.8663138,0.7386477,9,1,9,11,1,1,1,1,4,1,3,1,1,4,2
0.9056699,0.7527516,99,1,9,12,1,1,3,1,4,1,1,1,1,2,4
1.1223333,0.8991078,6,1,5,9,1,4,4,1,3,3,2,2,3,4,2
0.891274,0.9831293,5,1,8,10,2,1,4,2,3,2,4,1,4,1,2
1.049755,0.8080428,8,1,5,8,2,3,2,2,3,2,2,3,3,2,2
0.9088103,1.0165367,7,1,8,14,2,2,2,3,2,2,3,3,2,3,2
0.6684597,0.5778738,8,1,9,11,1,2,3,1,4,2,1,2,4,3,2
1.1540679,0.9087605,4,1,5,8,1,3,4,1,4,1,4,1,4,2,2
0.973693,1.1959854,99,3,14,12,1,1,4,1,4,2,1,1,2,4,4
0.9963071,1.1920372,99,3,14,15,1,3,3,4,3,2,1,3,2,4,2
0.7750183,0.786534,3,2,15,12,4,3,2,2,3,3,3,3,3,1,2
0.9894444,1.3116617,8,1,7,14,1,5,5,2,5,2,2,2,2,3,2
1.0594854,0.9070174,99,1,9,5,1,1,2,1,4,1,1,1,1,1,1
1.2058762,0.9357657,7,1,5,9,3,3,1,3,2,2,2,3,2,3,1
1.0347319,0.848536,5,1,5,14,2,2,2,1,3,2,2,2,2,2,2
1.0539447,0.8979433,99,1,9,12,2,5,2,1,3,2,3,2,2,5,4
1.0150708,0.807162,5,1,5,8,1,4,4,1,3,2,1,3,2,3,3
1.0542133,0.8165988,8,1,5,8,3,4,1,1,2,1,2,4,2,3,2
1.0882306,1.1029367,10,2,15,12,1,1,3,4,3,3,3,1,3,2,1
0.8538545,0.7177823,8,1,9,12,2,2,1,2,3,1,2,2,3,3,2
0.989563,0.6620539,5,1,4,6,2,3,1,1,2,1,2,2,2,3,1
1.1622074,0.8920086,4,1,5,8,4,4,1,3,2,2,3,2,2,3,2
1.0364065,0.8087736,99,1,5,16,5,5,2,2,3,2,1,2,1,1,2
0.8349797,0.9297585,7,1,8,10,2,2,2,2,2,2,2,2,2,3,2
1.1223333,1.5285354,8,1,7,8,2,2,2,2,2,2,3,2,1,2,1
1.0524853,0.8952947,99,1,9,12,1,1,2,1,1,5,4,1,3,1,1
1.2293816,1.6862712,7,1,7,8,2,4,4,3,2,2,2,3,4,4,2
1.0150708,1.2489423,7,3,14,14,2,2,2,2,2,2,2,2,2,2,2
1.0347319,0.7191263,8,1,1,11,1,1,3,1,2,1,4,3,3,2,2
0.8882824,1.2025312,9,1,7,9,2,3,4,3,3,2,3,2,2,3,2
1.2482891,1.055674,8,1,9,11,1,2,4,1,4,2,3,1,3,3,1
1.0364065,0.8087736,5,1,5,8,1,2,2,1,3,1,2,3,1,3,2
1.2298357,0.9675541,3,1,5,4,2,2,3,2,3,2,4,1,3,2,1
0.9628516,1.1625462,5,1,12,14,5,5,5,2,5,2,2,5,5,2,1
0.6945479,0.477893,99,1,4,14,2,4,1,3,2,4,2,2,2,3,1
0.7900848,0.5995948,8,1,5,11,2,2,1,2,5,2,1,3,2,5,2
0.8906887,0.6949019,6,1,5,8,2,3,3,1,2,1,4,2,3,2,1
0.7967568,0.8001977,99,2,15,4,4,4,2,3,2,2,3,2,3,3,2
0.9284352,0.9381938,7,2,15,8,2,2,2,1,1,2,2,3,3,1,2
0.7577332,0.9806916,8,1,7,9,1,1,4,1,4,1,1,3,1,4,1
0.8035817,0.8109034,9,2,15,9,2,4,2,5,5,4,4,2,5,4,2
1.3055892,1.3326139,6,2,15,6,3,3,3,4,3,1,4,1,4,5,2
0.973693,0.8273166,5,1,9,15,1,1,2,1,4,1,1,1,2,1,1
1.0287795,0.718479,0,1,4,8,1,2,2,3,3,4,2,2,2,2,1
0.9870259,1.2809204,7,1,7,9,2,2,1,2,2,2,2,2,2,2,1
1.115877,0.9454781,99,1,9,12,2,1,3,1,3,2,2,2,2,2,2
0.8811981,1.0781353,5,1,13,11,1,2,3,1,4,3,2,3,3,3,2
1.1994046,0.9836743,99,1,5,7,3,2,2,3,2,3,1,2,2,2,2
1.197431,0.9533393,8,1,5,8,2,2,2,2,3,3,2,2,2,3,3
0.8262638,0.5654476,3,1,1,1,1,1,2,1,3,2,4,1,1,1,2
0.7826801,0.6217789,5,1,5,8,2,2,1,1,3,2,5,5,3,3,2
1.2980295,1.0363359,5,1,5,8,3,4,3,3,2,2,2,3,2,3,1
0.6728207,0.8193018,0,3,14,9,4,4,1,4,1,1,4,1,4,1,1
0.9099856,1.1002681,99,1,12,14,5,5,2,5,5,5,5,2,3,2,2
0.7553616,0.9099274,7,1,12,9,2,3,2,2,3,3,2,2,3,2,2
1.1315596,1.1738495,5,2,15,4,4,4,1,3,2,4,3,1,4,2,1
0.6571398,0.4453418,4,1,4,14,3,4,5,2,2,5,2,2,5,2,1
1.2717385,1.515896,5,3,14,15,2,2,2,2,2,2,2,2,2,2,3
0.8628582,1.0509399,7,3,14,14,3,1,3,2,3,2,2,1,2,2,2
0.9831933,0.7724642,6,1,5,8,3,4,2,3,2,3,3,3,2,2,2
1.096802,1.0977075,99,2,15,15,1,1,2,1,4,1,3,2,4,3,1
1.4358064,1.2390635,6,1,9,12,1,1,1,1,4,1,3,1,1,1,2
0.7323129,0.9841899,8,1,7,11,1,3,3,1,4,1,1,4,2,4,2
1.1653315,1.2910818,99,1,8,10,1,5,5,1,5,2,4,5,4,5,2
0.9867265,1.3520696,10,1,7,11,1,3,2,1,4,1,4,2,2,2,2
1.0115001,0.7975634,8,1,5,11,1,1,1,1,2,1,2,2,2,3,2
0.9523983,1.3194369,7,1,7,9,2,4,2,2,2,1,2,2,2,2,2
0.9436474,1.0351737,5,1,8,7,2,3,2,3,2,2,3,2,2,2,2
0.9873759,0.849197,5,1,9,11,1,2,4,1,4,2,2,2,2,4,2
1.0617583,0.8138905,4,1,5,6,3,4,1,3,2,2,4,2,2,1,1
1.2424871,1.4182264,8,1,8,11,1,1,4,1,1,1,3,2,2,2,2
0.7056296,0.8361057,99,3,14,15,1,1,2,5,3,2,3,1,3,4,2
0.869993,0.6974037,4,1,5,8,4,4,1,4,1,4,4,2,3,3,1
1.0971347,0.7283469,3,1,4,14,3,4,2,2,3,3,3,2,4,1,1
1.0043168,1.236872,0,1,3,4,4,4,1,4,1,3,3,1,3,2,1
1.416674,1.7343068,99,3,14,13,1,4,3,1,4,1,1,1,1,3,1
0.9065661,0.778592,8,1,9,11,1,1,2,1,4,1,3,1,1,2,1
0.7882817,0.6197166,2,1,5,8,3,3,1,3,2,2,2,1,1,2,2
0.8276357,1.0322706,5,1,3,4,4,4,4,4,2,4,2,2,2,2,1
0.9436474,0.7389682,6,1,5,8,2,2,2,2,2,2,2,2,2,2,2
1.0076993,1.2006637,99,1,12,14,2,3,2,3,3,3,2,2,2,3,2
1.0971347,1.3076404,99,1,13,15,3,4,1,2,2,2,3,3,4,2,3
1.096802,0.9080716,9,1,9,12,1,1,1,3,4,2,2,1,2,4,2
0.8727244,0.5896026,4,1,4,8,5,4,1,5,5,5,5,1,3,2,2
0.8628582,0.9514451,7,1,8,9,2,3,3,3,3,3,2,3,2,3,2
1.2101331,0.9470276,8,1,5,8,2,3,2,2,3,2,3,2,2,2,2
1.2717385,0.9796879,7,1,5,8,2,2,2,2,2,2,2,2,2,2,2
1.0396332,0.7151499,5,1,4,9,2,3,1,3,3,2,2,2,1,3,2
0.7577332,0.4971648,4,1,4,7,1,5,2,2,3,1,3,1,2,3,1
0.8628582,1.1546756,9,1,7,11,4,2,2,4,3,2,2,2,2,3,2
0.6525941,0.8098271,2,1,3,4,4,2,4,4,2,2,3,3,3,1,1
0.9308858,0.8097472,10,1,9,12,1,1,4,1,4,1,2,1,4,1,1
0.9308858,1.1705868,99,1,12,14,1,2,1,1,4,2,3,1,2,2,2
1.0971347,0.9045534,6,1,9,9,2,2,2,2,3,2,3,2,3,2,1
0.6793993,0.7900711,6,1,12,14,3,3,3,3,3,3,3,3,3,3,3
0.8349797,1.0269855,99,1,12,14,3,2,3,2,2,2,3,3,3,3,2
0.7345937,0.9987323,7,1,7,8,1,3,2,1,4,2,3,2,1,3,1
0.6522043,0.5340757,10,1,9,11,1,1,4,1,4,1,2,1,1,2,1
1.0115001,0.6873798,3,1,4,3,3,4,3,3,1,3,3,1,3,2,1
0.9836383,1.1931152,99,3,14,8,3,2,2,2,2,2,3,1,1,2,4
0.9870259,1.165843,8,3,14,15,2,2,2,2,3,3,2,2,2,3,2
0.6586189,0.8037929,99,1,12,14,3,4,1,3,2,3,3,1,4,2,1
1.1223333,1.1633377,99,2,15,15,2,4,2,2,3,2,3,2,2,2,2
0.9011034,0.6829703,99,1,5,8,2,2,3,3,3,3,2,1,3,3,2
0.961046,1.3022687,9,1,7,11,1,1,4,1,4,1,1,1,2,3,1
0.8847401,1.1658357,7,1,7,9,2,4,3,1,3,2,2,2,2,3,1
0.8882824,0.6096271,5,1,4,8,5,5,1,5,2,1,2,2,1,5,2
1.4358064,1.2390635,3,1,9,12,1,3,3,2,3,1,4,1,2,1,3
1.2362272,1.5266445,2,1,3,7,2,2,2,2,2,2,2,2,2,2,1
0.7712412,0.4332886,2,1,2,14,2,4,2,5,5,2,4,1,3,1,1
1.2256845,1.3082091,5,1,8,12,1,1,3,2,2,2,3,2,2,2,2
1.1297717,0.951865,10,1,9,12,1,1,1,1,2,2,2,1,3,1,2
0.6969997,0.5611702,5,1,5,9,3,4,2,4,2,4,1,4,4,4,2
1.1514795,0.9671295,8,1,9,8,2,2,3,2,2,2,3,2,2,3,1
1.2607896,0.9980919,7,1,5,8,4,4,2,4,2,4,3,3,4,3,1
1.2058762,1.4799349,3,1,3,4,3,1,4,4,2,2,3,2,3,3,2
1.2298357,1.5302089,99,1,3,14,2,5,1,2,5,1,3,1,3,5,1
1.2990288,1.6102033,3,1,3,11,1,4,2,1,3,1,2,1,3,2,1
1.147429,1.2506883,99,1,8,9,2,3,2,2,3,1,3,2,2,3,2
0.7396407,0.6135603,8,1,9,8,1,1,3,2,3,2,2,3,2,3,2
1.2466228,1.6594748,10,1,7,9,2,4,4,1,3,1,1,2,3,2,1
1.2582617,1.0762614,99,1,9,6,5,4,3,1,2,2,2,2,1,5,1
1.1581417,0.9196974,3,1,5,8,4,4,3,4,2,4,2,2,4,2,1
1.0460829,0.8331253,5,1,5,8,3,3,1,4,2,2,1,3,1,5,3
0.6400542,0.7928615,1,1,3,11,1,1,3,1,4,1,3,1,2,1,1
0.9946959,0.769707,3,1,5,8,3,4,2,2,2,2,2,2,5,5,1
1.0860872,1.3392957,3,1,3,4,3,4,1,3,2,3,3,1,3,1,1
1.2212226,0.9857247,99,1,5,8,2,4,1,2,2,2,4,3,2,2,3
1.1581417,0.9196974,5,1,5,8,3,4,5,3,2,1,3,3,2,5,2
1.2990288,0.8382059,2,1,6,13,1,1,2,1,4,3,3,1,3,2,2
1.1581417,1.423071,6,1,13,14,2,2,2,2,3,2,2,2,2,2,2
1.0534607,0.8177676,6,1,5,8,3,4,2,3,2,4,4,2,3,2,1
1.4946864,1.8062909,99,3,14,15,5,4,5,5,5,5,5,5,5,5,2
0.734898,0.5858828,99,1,5,8,1,1,1,1,2,1,1,2,1,3,2
0.7123716,0.8735873,5,1,12,14,1,2,2,1,3,5,4,2,2,2,2
0.8538545,0.7177823,2,1,9,12,1,2,2,1,4,1,3,2,3,2,1
0.9982073,0.7789705,99,1,5,8,4,4,1,4,1,4,3,4,2,5,2
0.677537,0.5918297,10,1,9,12,2,1,2,1,4,2,3,2,1,2,2
1.16631,0.9027439,3,1,5,8,4,4,1,3,2,3,3,3,3,3,2
1.2582617,1.7094405,6,1,7,9,1,4,4,1,2,2,2,3,2,3,1
0.8759727,0.6891218,99,1,5,8,3,2,1,1,3,2,3,2,3,2,2
1.1437594,0.9219692,7,1,5,13,2,4,2,2,4,2,4,1,4,1,1
0.7852752,0.6130778,7,1,5,4,2,3,2,2,3,1,1,2,3,3,2
0.7491669,0.8861736,99,1,12,14,2,1,2,1,4,1,1,2,2,1,1
0.8016779,0.9624429,5,1,12,7,3,2,3,5,5,2,5,3,2,3,2
0.7346396,0.8071551,9,1,8,10,1,2,2,2,3,2,2,3,2,2,2
1.1680697,1.3918819,5,3,14,13,3,3,3,3,2,3,3,2,2,2,1
0.9058362,0.7081119,99,1,5,8,1,4,1,1,1,1,1,2,1,2,3
1.179646,1.5458232,6,1,7,8,2,4,4,3,3,2,2,4,3,3,2
0.6502441,0.5199423,5,1,5,6,3,4,1,2,2,2,2,2,2,2,1
1.2300112,1.6067523,6,1,7,8,2,2,4,3,2,2,2,4,2,4,2
0.896863,0.5823238,6,1,6,13,2,2,4,3,2,2,2,3,2,3,2
1.195665,0.9312362,6,1,5,9,2,3,1,2,2,1,1,2,3,3,2
1.1010077,1.4540051,6,1,7,9,3,4,1,3,2,5,5,5,4,3,2
1.0971347,1.4367143,7,1,7,9,4,4,1,4,1,3,4,3,3,3,3
0.896863,0.707325,5,1,5,8,2,4,4,1,4,4,4,2,2,2,2
1.0844026,0.9015474,99,1,9,14,2,2,2,3,3,2,2,2,2,3,2
1.0507699,1.0829595,2,2,15,14,4,4,4,4,4,4,4,4,4,4,3
1.2816249,1.6900718,8,1,7,10,1,2,4,1,4,1,1,3,2,3,1
1.2300112,1.6067523,9,1,7,9,1,2,4,1,4,1,1,4,3,4,2
0.9240078,1.1145819,99,1,12,14,2,3,3,2,4,2,4,3,4,3,3
1.2510234,1.6794466,7,1,7,9,1,2,3,1,4,1,1,3,2,4,2
0.7089065,0.5865592,4,1,5,8,3,4,1,3,1,4,3,3,3,2,2
0.9836383,1.2194846,2,1,3,4,4,4,1,4,2,2,4,1,2,2,1
1.2582617,1.005519,4,1,5,8,5,4,2,2,2,3,3,3,2,5,2
1.0535089,0.8831374,9,1,9,12,2,2,2,1,4,2,2,2,2,3,2
0.9308858,1.1705868,99,3,14,15,4,4,4,5,1,3,3,3,4,1,4
1.2572799,1.0251369,4,1,5,8,2,2,2,2,3,2,2,1,2,1,2
1.1514795,1.5361049,8,1,7,11,3,4,4,1,3,2,2,3,2,3,1
1.2816249,0.8567874,3,1,4,3,4,4,1,4,2,4,4,2,4,2,1
1.2006755,1.0063022,6,1,9,11,1,4,4,1,4,1,2,2,2,2,1
1.1485523,1.4402542,1,3,14,15,3,2,1,3,2,2,3,1,2,1,1
1.2078638,1.0334712,5,1,9,12,1,4,3,2,4,2,2,1,2,2,1
1.1223333,0.8991078,7,1,5,8,2,2,1,1,2,2,1,2,2,1,2
1.416674,1.9054959,99,1,7,14,1,3,3,1,3,2,2,1,1,3,1
1.0340853,1.0581157,8,2,15,15,1,1,1,1,1,1,1,1,1,1,1
1.0347319,1.1886601,8,1,8,10,1,2,4,2,3,2,2,1,2,2,2
1.004759,1.3441297,99,1,7,11,1,2,4,1,4,1,4,5,4,5,1
0.8076004,0.650361,2,1,5,9,1,3,4,1,3,1,2,2,2,2,2
1.0266219,0.809387,99,1,5,15,4,4,1,4,1,4,4,2,2,2,2
1.4441137,1.0155129,2,1,4,5,2,3,2,2,5,2,3,2,2,2,2
1.1281321,0.9345617,9,1,9,12,1,1,3,1,3,1,2,1,4,1,1
0.7750183,0.6078879,3,1,5,4,3,4,2,3,2,1,3,2,2,2,2
0.9099856,0.9961033,7,1,8,11,1,2,1,2,4,1,1,2,1,3,1
0.8341445,0.837813,7,2,15,1,1,3,1,3,3,2,3,2,1,4,2
1.2058762,1.0016006,8,1,9,12,2,4,2,2,3,2,2,2,3,3,2
1.0438981,1.0261601,6,2,15,9,2,4,3,2,2,3,1,2,4,2,1
1.4709278,1.8423856,3,1,3,4,5,4,2,2,2,5,3,2,3,2,4
0.7384926,0.5051081,1,1,4,12,2,3,2,2,3,3,3,2,3,3,1
1.3385803,1.7984229,7,1,7,11,1,1,1,1,4,1,2,2,3,3,1
0.8846769,0.8938089,99,2,15,14,3,2,1,3,2,3,2,2,3,3,3
0.9396567,0.5311964,5,1,2,8,2,3,2,2,3,1,2,5,2,5,1
0.91334,0.9050229,99,2,15,14,4,3,2,2,4,3,4,2,2,2,2
0.7967852,0.6224821,6,1,5,4,2,2,2,2,2,1,2,2,2,2,2
0.9165855,0.8922316,5,2,15,8,2,2,1,1,2,1,3,1,2,1,1
0.6585779,0.5296371,8,1,5,8,3,3,4,3,3,3,4,4,3,4,3
1.1792636,1.2071736,2,2,15,14,3,3,2,3,2,3,3,2,3,2,2
0.8439726,0.856463,0,2,15,11,2,3,3,1,3,3,3,1,3,4,3
1.1586964,1.1779333,5,2,15,10,1,3,3,3,3,3,3,3,3,3,3
0.9360319,1.1123214,6,3,14,12,3,4,4,3,2,2,3,3,1,4,2
0.8262638,0.6672021,8,1,5,8,4,4,1,3,2,4,2,1,3,3,1
0.784961,0.9562654,8,1,12,11,2,3,4,1,3,3,4,1,2,4,1
0.6945479,0.5544968,6,1,5,8,2,2,1,2,2,2,1,2,2,3,2
1.0524853,1.0822624,9,2,15,12,1,2,3,1,5,3,2,1,3,2,1
1.2683725,1.0076721,5,1,5,8,1,2,3,2,3,2,3,2,2,2,2
0.6522043,0.7891342,99,1,3,12,1,1,2,2,3,2,3,1,3,2,1
0.7584811,0.5864884,6,1,5,8,4,4,1,3,1,2,2,1,1,2,1
0.7680228,1.0043756,9,1,7,9,1,1,2,1,4,1,2,2,2,3,1
0.7967852,0.9631823,5,1,12,14,1,4,2,3,4,1,4,1,1,3,1
0.7852752,0.6562104,6,1,9,10,3,4,2,2,2,2,2,3,3,2,1
1.115877,0.8833321,5,1,5,8,2,4,2,2,3,2,3,1,2,2,2
0.7826801,0.6217789,6,1,5,8,2,4,2,2,3,2,2,2,2,3,2
0.9434338,0.7196701,3,1,5,6,3,3,2,3,2,3,3,2,3,3,2
0.8628582,0.5853665,5,1,4,14,2,2,2,2,2,2,1,2,3,1,1
1.2713529,1.3777206,5,1,8,12,2,1,2,4,2,4,4,1,2,2,1
0.7345937,0.9090065,99,1,12,14,3,3,3,3,5,2,4,3,3,3,1
1.0522103,1.2580539,99,1,12,15,2,3,4,1,4,1,4,2,1,4,1
0.9188768,1.1205486,2,1,3,4,4,4,1,4,1,1,1,1,4,1,2
0.8976933,0.7807828,10,1,9,12,1,1,1,2,4,1,4,1,1,3,2
0.7989862,0.6793356,99,1,9,12,4,4,4,4,4,1,4,4,4,4,3
0.753349,0.7602118,6,2,15,8,1,1,1,1,1,1,1,1,2,1,2
0.9481703,1.1829017,3,1,3,4,3,3,2,2,2,3,3,2,2,3,1
0.7900848,1.0193458,9,1,7,9,1,3,3,2,4,1,2,2,2,3,2
0.64781,0.5003424,5,1,5,14,1,4,3,1,2,2,4,2,2,2,2
0.6638065,0.5170096,7,1,5,8,1,1,4,1,4,1,1,3,2,4,2
1.1163563,1.3881319,5,1,3,4,4,2,1,4,1,3,2,2,2,2,2
0.8714038,1.0459888,99,1,12,14,2,2,2,2,5,2,1,2,2,2,2
1.3402846,1.3520383,99,1,11,4,2,1,5,4,4,2,3,1,2,2,2
1.1586964,0.7715456,3,1,1,6,4,4,4,3,4,2,4,4,3,4,3
1.1622074,0.9547651,5,1,9,11,2,2,2,2,3,2,3,2,2,3,2
0.6829517,0.5823495,10,1,9,15,1,1,1,1,3,1,1,1,1,1,1
0.6113753,0.7493039,99,1,16,16,5,4,4,5,5,5,2,3,2,3,4
1.2414075,0.8399146,4,1,4,8,3,4,2,3,2,2,3,2,3,2,2
1.0324869,1.2583588,7,1,3,9,3,2,1,3,2,2,3,1,3,2,2
1.1562697,0.9408087,8,1,9,8,2,2,2,4,2,1,4,1,2,1,3
0.9504011,0.7365173,9,1,5,9,1,1,1,1,4,1,3,1,1,4,3
1.0288551,1.2165083,6,3,14,4,4,4,3,4,4,2,3,2,4,2,4
0.5929651,0.4587723,99,1,5,8,2,2,2,1,5,1,3,2,1,1,2
1.3506365,0.7628099,3,1,2,8,3,1,1,3,1,2,3,2,1,2,1
0.9885538,1.2247406,2,1,3,4,2,3,2,2,2,3,2,2,2,2,1
0.8518863,1.0751384,9,1,3,4,4,4,2,4,2,4,4,1,3,2,1
0.753349,0.5063749,0,1,4,14,4,4,4,4,1,3,3,1,4,2,1
1.1244663,0.889523,5,1,5,8,1,2,2,1,2,1,2,2,1,4,2
1.1724757,1.4306318,99,1,12,13,2,2,1,3,2,2,2,1,3,1,2
1.0364065,0.8656742,7,1,9,9,1,2,5,1,4,4,2,2,2,5,2
1.410296,1.4314029,8,2,15,11,1,1,4,1,4,4,1,2,1,4,2
1.2538356,0.8563008,4,1,4,8,3,4,1,4,1,2,4,2,2,2,2
1.0838759,1.0665368,5,2,15,8,2,3,2,3,2,2,2,2,1,2,4
1.1754901,1.1908655,8,2,15,8,1,1,1,1,1,1,1,2,1,2,1
0.8628582,0.6791978,99,1,5,9,3,3,1,3,2,3,2,2,3,2,2
1.096802,1.3127265,99,1,16,14,2,2,1,4,2,2,2,2,2,1,2
0.7939541,0.7906818,5,2,15,8,3,3,1,3,2,3,3,2,2,3,1
0.8882824,0.757112,99,1,9,12,2,2,1,2,3,2,2,1,2,2,2
0.8699727,1.0535433,5,1,12,14,2,2,2,2,4,1,3,1,4,3,2
0.9481703,0.8005725,99,1,9,14,1,1,4,1,4,3,1,2,3,2,1
0.7963473,0.799242,7,2,15,16,2,3,2,2,3,2,2,1,3,2,2
1.1683553,1.268761,5,1,8,14,2,2,1,2,3,2,2,1,1,2,2
0.8918411,1.1127193,8,1,12,8,2,2,2,2,2,2,2,2,2,2,2
1.2394936,0.8519623,3,1,4,7,3,4,2,3,2,3,4,2,3,2,1
0.9436474,0.7909577,99,1,9,5,2,2,2,2,3,2,3,1,2,1,1
0.7422435,0.9179263,99,3,14,15,2,2,2,1,3,4,3,3,2,4,2
0.8949893,0.6272362,3,1,4,6,4,4,2,3,2,4,4,4,4,1,1
0.9056699,0.9851711,99,1,8,16,1,4,2,1,4,1,3,1,2,3,1
0.7826801,0.6655236,9,1,9,12,2,3,4,2,3,1,5,3,3,4,1
1.1698967,1.0041863,8,1,9,12,1,1,2,1,4,2,2,2,2,2,1
0.5645319,0.6916614,5,1,13,8,2,3,3,3,2,2,2,2,3,2,1
0.8844508,0.7577595,9,1,9,11,2,2,1,2,4,1,2,4,2,4,2
1.0916191,0.9252312,10,1,9,11,1,1,4,1,4,2,1,1,2,2,1
0.7826801,0.6217789,5,1,5,11,1,2,2,1,3,2,2,2,2,2,3
1.070968,0.7245261,2,1,4,5,2,4,1,1,4,3,3,1,4,2,1
0.9436474,0.7389682,4,1,5,8,2,2,2,2,3,2,4,5,3,2,2
0.8811981,1.0781353,5,1,16,16,2,2,2,2,3,2,2,2,2,3,4
1.1531672,1.4335823,5,4,16,8,2,4,5,2,3,5,3,2,2,5,4
0.961046,0.7660143,7,1,5,8,3,4,1,1,1,2,4,3,2,4,2
1.0727348,0.9289909,8,1,9,12,1,1,2,3,3,2,2,1,1,2,2
1.1347921,1.4766484,5,1,7,9,2,2,2,3,2,2,3,2,2,2,1
0.9908614,1.2698487,8,1,3,9,1,1,2,1,1,1,1,1,1,1,3
0.9436474,0.7909577,7,1,9,15,1,1,4,1,4,1,3,1,2,1,1
1.1205807,1.3633937,3,1,3,10,2,3,2,3,3,2,3,1,1,2,2
0.6661083,0.459771,4,1,4,7,4,4,1,3,1,4,3,3,5,2,2
0.8307162,0.6574855,5,1,5,9,2,2,2,2,3,2,2,3,2,1,2
1.0288551,1.0172495,99,2,15,8,3,4,4,3,4,4,4,3,4,4,2
1.0261744,1.2439218,99,3,14,12,4,3,2,3,3,2,2,2,1,3,2
1.0266219,1.2800641,1,1,3,4,1,4,1,1,3,1,4,2,1,3,2
1.040226,1.0139571,99,2,15,9,2,4,2,2,3,2,3,2,2,3,2
0.7597321,0.9466478,7,1,3,8,2,1,4,1,4,1,4,1,2,3,2
0.8005739,0.6162424,5,1,5,6,4,3,2,4,2,4,3,2,2,3,2
1.1781478,0.9856753,8,1,9,9,1,1,2,1,4,2,4,2,2,2,2
0.9043486,0.7076969,5,1,5,8,3,2,2,3,2,3,2,2,2,3,2
0.7880473,0.6641079,6,1,9,12,2,3,3,2,4,3,3,2,3,2,2
0.8909164,0.6780634,10,1,5,8,1,1,2,2,1,1,1,3,1,1,1
0.8453524,1.0087528,7,3,14,15,3,3,3,3,4,3,4,3,3,3,3
0.8863334,0.8801977,99,2,15,8,3,3,3,4,3,2,3,3,3,3,3
1.0946665,1.3022461,9,3,14,15,2,2,3,2,3,2,3,2,2,3,2
1.1704673,0.9717066,6,1,9,11,2,2,2,2,2,2,3,2,2,2,2
0.9255308,2.0134747,7,1,10,9,2,5,2,5,4,2,3,2,1,2,2
1.0682567,1.2035735,10,1,8,11,1,3,4,1,4,1,3,2,2,4,1
1.2293816,0.9918905,6,1,5,8,2,2,2,1,3,2,3,2,1,3,2
1.0749806,0.7270011,4,1,4,12,3,3,1,3,2,2,4,2,4,3,1
1.0720831,1.3650918,6,1,7,9,2,3,3,2,2,2,2,3,2,3,2
1.0330292,1.3005946,3,1,3,7,3,4,2,5,2,4,4,2,3,2,2
0.8628582,0.7269822,10,1,9,11,2,3,2,1,3,1,1,2,2,3,1
1.0971347,1.4367143,6,1,7,9,1,1,4,1,4,1,1,1,1,4,2
1.3311006,1.6369582,5,1,3,4,4,4,2,3,2,5,4,2,4,2,2
1.1724757,0.7968524,1,1,4,7,3,4,1,3,2,4,4,2,3,1,1
0.9794456,1.1799591,99,1,13,15,5,5,5,5,5,5,5,2,2,2,3
0.6853626,0.8519878,99,1,13,14,1,1,1,1,3,1,1,1,1,1,1
1.0084482,0.8084726,1,1,5,8,4,4,1,1,1,1,4,1,1,1,2
1.2174995,1.190713,99,2,15,15,3,4,3,3,3,3,3,2,3,2,2
0.8602465,0.7030566,99,1,5,8,1,1,1,3,3,1,2,2,1,2,1
0.753349,0.9292147,1,1,3,4,2,4,3,4,3,2,3,1,4,1,1
1.2382648,1.5411605,6,1,13,15,2,2,2,2,3,2,2,3,2,2,2
0.7793701,0.6585505,3,1,9,10,2,1,2,1,3,5,3,2,2,5,2
1.0971347,1.0934545,5,2,15,15,3,4,2,4,2,2,3,2,3,3,2
0.7646161,0.9305131,3,1,12,8,2,3,5,2,3,3,3,2,2,3,2
1.0534432,0.8412337,7,1,5,8,3,3,2,3,2,3,2,3,2,2,2
1.0877792,0.8541365,99,1,5,8,2,2,2,2,4,3,2,2,5,2,2
1.2744558,1.387874,99,1,8,4,3,3,2,3,2,3,2,2,3,2,1
1.2256845,1.5876449,5,1,7,9,1,2,4,1,4,2,1,3,1,4,2
0.7967568,0.8001977,7,2,15,8,3,3,3,3,3,4,3,3,3,3,2
0.6749163,0.913474,7,1,7,11,1,1,3,1,3,2,1,2,3,4,1
1.2717385,1.515896,8,1,12,14,1,2,2,3,3,3,3,5,3,4,2
0.973693,0.8273166,7,1,9,12,1,1,2,1,2,2,2,2,1,1,2
0.9491073,1.1895674,0,1,3,4,3,1,2,3,2,2,2,2,2,2,1
1.0115001,1.23409,6,3,14,8,1,4,4,1,3,1,1,4,1,4,2
1.0971347,1.3076404,99,3,14,14,2,3,3,3,3,2,3,4,1,4,3
1.0938245,0.916926,99,1,9,12,2,2,2,2,3,2,4,1,1,2,1
0.7826801,0.9833576,5,1,3,4,2,3,3,2,2,2,2,2,2,2,2
0.6751537,0.3968966,6,1,2,9,4,2,2,3,2,3,3,2,3,3,2
0.9964765,0.8404739,10,1,9,12,1,1,4,2,2,1,1,4,4,1,1
1.0727348,1.3429679,5,1,12,14,2,2,1,2,3,1,1,5,2,5,2
1.0583688,0.8891681,2,1,9,12,1,1,1,1,4,1,3,2,3,2,2
0.8139315,0.9688669,5,1,13,14,3,1,2,3,2,1,4,1,3,2,2
1.0324112,0.9030369,5,1,9,12,2,3,4,1,3,2,3,1,2,2,1
1.4358064,1.1576202,5,1,5,8,2,2,1,1,2,2,2,1,2,2,2
0.989563,0.6620539,10,1,4,12,1,4,1,1,3,2,4,1,4,2,1
1.0438981,0.6835223,4,1,4,5,2,4,3,1,3,2,3,1,2,2,1
1.2980787,1.4174575,99,1,8,13,1,1,1,3,2,1,1,2,1,1,1
1.0882306,0.7346631,2,1,4,6,4,1,2,4,1,3,4,1,4,1,2
0.6883056,0.5238227,4,1,5,8,3,4,2,2,2,2,2,4,2,3,2
0.8602465,0.7030566,6,1,5,8,2,3,2,1,3,2,3,2,2,2,2
0.9663551,0.8056651,3,1,9,12,3,1,2,1,2,1,3,2,1,1,2
0.8211678,0.655816,8,1,5,8,1,1,3,1,4,2,2,2,2,3,1
0.6945479,0.9426767,8,1,7,11,1,2,2,1,4,1,1,3,2,3,2
0.7675114,0.9392013,5,1,3,4,3,3,2,4,2,2,2,1,3,3,2
0.7098735,0.8441311,99,1,12,11,2,2,3,2,4,2,2,2,3,2,2
1.1936884,1.4841155,99,3,14,15,1,1,2,1,3,2,2,2,2,3,2
1.0938245,0.8566567,7,1,5,14,3,1,3,2,3,3,2,3,3,2,2
1.0041835,0.8000017,8,1,5,9,3,5,1,2,1,3,2,2,3,3,2
1.0111792,1.1947632,99,1,16,15,3,4,2,5,2,5,2,5,2,2,4
0.7967852,1.0582557,3,1,7,12,1,3,1,2,3,2,2,1,2,2,1
1.0438981,1.0261601,8,2,15,14,1,2,2,4,1,2,1,2,1,2,3
0.7518033,0.6343969,99,1,9,13,5,4,2,2,5,5,2,5,5,3,2
1.2452154,0.9909942,5,1,5,8,3,3,2,2,3,2,3,2,2,2,2
1.1914591,0.9201621,7,1,5,9,2,4,3,2,2,2,1,3,2,4,1
0.8727244,0.684113,7,1,5,8,2,1,2,1,4,1,2,4,1,4,2
1.0877792,0.9142284,10,1,9,12,2,2,4,2,3,2,1,2,3,3,2
1.1467642,0.925388,99,1,9,11,1,1,2,1,3,1,1,1,1,1,1
0.6963336,0.7141929,7,2,15,2,1,1,2,1,2,1,2,1,1,1,2
1.2300112,1.4947231,1,1,3,2,4,4,2,3,2,4,3,2,3,2,1
0.7511808,0.9156217,99,1,12,14,2,1,2,2,2,1,2,1,4,2,1
0.8176528,0.679202,99,1,9,15,3,3,3,1,4,3,3,3,3,3,2
0.8782237,1.1433252,8,1,7,11,1,4,3,1,4,1,1,5,2,3,2
0.8127138,0.6859084,9,1,9,12,1,2,3,1,3,1,2,3,1,3,2
0.9591154,1.1787621,5,1,12,16,5,5,2,5,5,5,5,2,2,5,4
0.8845756,1.0841095,5,1,12,14,1,2,4,1,4,1,3,1,2,1,2
0.8568152,0.6919531,9,1,5,3,1,2,2,2,1,1,1,1,2,2,2
1.0539745,1.2305465,4,3,14,7,3,2,2,2,2,3,3,1,3,1,1
1.2078009,1.4698849,6,1,13,14,2,2,2,3,3,2,3,2,2,2,2
0.9794456,0.9866868,2,2,15,15,2,3,3,3,3,2,3,3,2,3,3
1.5837618,1.8662878,99,3,14,14,3,2,2,2,2,3,3,2,2,3,2
0.8811981,1.0781353,1,1,12,14,2,2,1,3,2,2,3,2,2,2,1
1.040226,1.0139571,4,2,15,9,4,4,2,4,3,3,3,2,3,3,3
0.7939541,0.7906818,99,2,15,14,3,4,1,4,2,3,3,5,2,5,2
1.1724757,1.5718459,7,1,7,9,2,4,2,2,3,2,2,2,3,3,1
0.9791443,0.7591353,6,1,5,8,3,4,3,4,3,2,3,2,2,3,2
1.0456483,0.9040256,2,1,9,9,2,3,1,3,2,2,3,2,2,2,2
0.9791443,1.1746293,99,1,16,14,5,5,5,5,2,1,2,2,2,3,2
1.0799754,1.4341313,8,1,7,9,2,4,2,2,2,2,2,3,1,2,1
0.8076004,1.00632,5,3,14,15,2,2,2,2,3,2,3,2,3,2,2
0.8165423,1.0420995,3,1,3,4,1,2,2,1,2,1,3,1,2,3,1
1.0844026,1.3320993,9,1,3,4,4,1,3,4,2,2,2,1,2,1,1
0.7967852,0.9844698,5,1,3,4,3,4,1,1,2,3,4,1,3,2,1
1.1724757,0.989632,10,1,9,11,1,2,4,1,4,1,4,2,3,4,1
0.761444,0.7606987,4,2,15,4,3,4,1,4,2,3,4,2,3,5,2
0.994899,1.2370226,2,1,3,4,3,3,1,2,2,4,4,3,2,3,2
1.2300112,0.9451162,3,1,5,8,3,4,1,3,2,3,4,2,2,2,2
0.7491669,0.9736455,6,1,7,8,4,3,3,3,1,2,5,3,2,3,2
0.6961759,0.8969733,6,1,7,8,3,3,3,3,3,2,2,3,2,3,2
1.0535089,1.2766811,99,1,13,14,5,4,2,3,3,2,3,2,2,2,2
0.8976933,1.1287153,5,1,12,9,2,2,2,2,3,2,3,2,2,1,2
0.8519394,1.1335397,99,1,7,9,3,1,2,4,2,4,3,1,4,1,1
1.1838508,1.4461546,1,1,3,14,2,2,1,4,3,1,3,3,1,3,2
0.8909164,1.0491846,5,3,14,8,1,1,4,2,3,1,2,2,1,2,2
1.1397359,1.4407758,2,1,3,4,1,3,3,2,3,2,3,1,3,1,1
0.9864835,1.1569042,0,4,16,4,3,3,2,4,2,3,5,4,3,5,2
1.2087328,1.4683448,7,3,14,9,2,4,3,4,3,2,2,3,3,2,2
0.7433397,0.92043,7,1,12,9,2,2,2,3,2,1,2,2,2,2,2
1.0293347,0.7143552,3,1,4,5,4,4,2,3,2,3,4,2,3,3,2
0.8404405,1.0176708,99,1,12,7,3,3,1,3,2,4,2,1,4,1,1
0.7806982,0.5167691,5,1,4,15,3,4,2,3,3,3,4,3,2,2,3
0.8232383,0.9758784,99,3,14,15,3,4,2,3,2,2,4,2,2,2,2
1.2248517,1.2381527,5,2,15,4,2,4,2,3,2,3,3,1,3,2,1
1.2944592,1.0060271,10,1,5,11,2,2,1,1,2,1,1,1,2,1,1
0.8750063,0.6930404,6,1,5,8,3,3,2,3,3,2,2,2,2,2,2
0.9544503,1.1855029,3,1,3,4,3,4,2,4,2,2,3,2,3,2,2
1.595458,1.3212166,10,1,9,10,1,1,4,1,4,4,2,1,4,1,3
0.7694598,0.9739345,3,1,3,16,3,1,1,1,2,4,3,2,5,2,2
0.9464911,0.9883454,7,2,15,9,1,3,4,5,4,3,4,3,3,4,2
0.7531205,0.932829,3,1,3,14,4,4,1,4,1,3,4,1,4,1,1
0.8845756,1.0841095,99,1,12,14,3,2,2,3,2,3,3,1,3,1,1
0.7900848,1.0193458,8,1,7,9,2,1,2,1,3,1,1,2,2,2,2
0.7721642,0.9307958,99,3,14,15,1,4,5,5,4,5,5,5,4,1,4
0.7105,0.5899349,4,1,5,8,3,4,2,3,3,2,3,3,3,3,2
1.1724757,1.2951907,6,1,8,9,1,1,1,1,3,2,1,2,1,2,2
0.869993,0.7464689,10,1,9,9,1,3,2,1,4,1,3,3,1,3,1
1.2618197,0.9790263,99,1,5,8,1,1,1,1,3,1,1,1,1,1,1
1.2466228,1.6594748,6,1,7,9,1,2,4,2,3,2,2,3,2,4,1
1.2677541,1.6317743,99,1,7,9,1,3,1,2,3,2,3,3,1,3,2
0.8782237,0.719836,8,1,9,12,2,3,3,1,3,1,2,2,3,2,1
1.1089239,1.0941548,4,2,15,12,3,3,1,2,1,1,4,1,1,5,3
1.0284433,0.8482857,10,1,9,12,1,2,3,1,3,2,3,2,2,2,2
0.8441883,0.8357096,6,2,15,8,5,3,2,3,1,2,2,2,2,2,2
0.7491669,0.8861736,5,1,12,11,2,3,2,5,3,2,4,2,3,2,1
1.0838759,1.0665368,99,2,15,14,4,4,1,3,2,2,3,1,1,2,2
1.0539447,1.326774,99,1,3,5,3,3,2,2,2,2,3,2,2,2,2
1.2101331,0.8025971,6,1,1,9,2,3,1,1,3,3,3,2,2,1,1
0.9771301,0.6741731,3,1,4,6,3,3,2,3,2,3,3,3,4,3,2
1.0288551,1.2165083,2,3,14,11,4,3,2,4,3,3,4,3,3,2,3
1.4116906,1.7136827,7,1,16,16,2,2,5,5,3,2,2,1,2,2,1
1.0976173,1.2382424,5,1,8,10,1,2,1,4,3,1,3,3,2,4,1
1.1223333,0.7748959,5,1,4,14,2,4,2,2,2,2,3,2,2,3,2
0.7675114,0.768382,99,2,15,8,4,2,5,4,2,1,1,2,5,3,2
0.9033771,1.1367434,3,1,3,4,3,3,3,4,2,1,4,1,4,2,2
0.9466101,0.5265905,5,1,2,2,3,4,4,4,2,2,3,1,3,1,1
1.0559248,1.0646507,2,2,15,3,3,4,1,2,2,3,3,2,3,2,1
0.8727244,0.7322431,9,1,9,12,1,1,2,1,4,1,3,2,2,2,2
0.8947001,0.8866223,99,2,15,14,2,4,5,3,4,5,4,3,5,5,2
1.3780217,1.7423687,2,1,3,12,2,3,2,2,2,1,1,1,2,2,2
0.9436474,0.9561362,5,2,15,15,5,5,5,5,5,2,5,5,5,2,2
0.7852752,0.6130778,5,1,5,8,2,2,2,1,2,2,2,2,4,5,1
0.6030334,0.4675628,5,1,5,8,4,4,1,4,1,3,4,3,4,3,2
1.1476673,0.9552229,10,1,9,11,1,2,3,1,4,1,1,1,2,2,1
1.0111792,0.9990662,99,2,15,16,5,2,1,5,3,4,3,3,3,5,2
0.8247758,0.5451779,0,1,4,6,2,3,3,5,5,2,2,2,1,2,2
1.1839316,1.1920062,6,2,15,11,1,4,1,3,3,1,2,4,3,1,2
0.69294,0.5796944,7,1,9,9,2,2,4,1,3,3,2,1,3,2,1
0.9628516,1.1882398,5,1,3,4,4,1,1,4,1,1,1,1,1,1,2
0.9466101,1.1216335,4,1,12,4,4,4,4,4,1,1,1,1,3,1,3
0.9491073,0.7521657,5,1,5,8,1,4,4,3,3,1,3,3,3,3,2
0.753349,0.5063749,8,1,4,3,2,2,1,1,1,2,5,4,4,1,2
0.7880473,0.6204562,9,1,5,8,2,3,2,2,2,1,2,2,2,2,1
0.7712412,0.638412,9,1,9,12,1,1,4,2,4,2,2,2,2,4,1
0.6714159,0.5388582,8,1,5,8,4,4,2,4,1,1,1,1,1,4,1
0.9033771,1.1121633,99,1,16,16,5,5,5,5,5,5,5,5,5,3,4
1.049755,1.3737196,7,1,7,9,1,4,2,2,2,2,2,4,2,4,2
0.9163188,0.9415873,99,2,15,16,1,5,1,5,1,1,1,1,1,1,4
1.0011536,0.9872475,5,2,15,8,3,2,1,3,2,4,3,2,3,3,2
1.0985308,1.3179185,4,4,16,5,4,4,2,3,2,2,2,2,3,2,1
0.8568152,0.8953043,10,2,15,4,2,1,1,3,3,3,2,1,1,1,1
1.1779629,0.7884787,3,1,4,6,3,4,1,2,2,4,3,1,3,2,1
0.8894622,1.088823,6,1,3,4,1,3,3,1,2,1,2,3,2,2,2
1.2771165,1.0514132,9,1,9,11,1,1,1,1,2,1,2,3,2,2,2
1.0682567,1.358816,1,1,3,4,1,2,4,1,4,3,3,1,4,1,1
0.9755715,0.8037857,10,1,9,12,1,1,1,1,4,1,2,1,1,4,1
1.0153577,0.6778511,2,1,4,6,3,3,2,1,2,3,2,1,2,3,2
0.9346198,1.1032593,99,3,14,14,4,4,1,4,1,1,3,1,3,1,2
0.9374512,0.7425772,7,1,5,8,3,3,1,2,2,2,2,2,3,3,1
0.9346198,0.9225502,7,2,15,8,2,2,3,2,1,1,1,2,2,2,2
0.6525941,0.792316,99,3,14,16,5,3,3,3,3,2,3,2,3,1,2
0.7630792,0.9395601,99,1,3,14,2,2,2,2,2,3,3,2,3,2,2
0.7196902,0.8725169,99,4,16,15,4,4,4,5,4,4,4,4,4,4,2
1.2087328,0.9489568,5,1,5,8,2,2,2,3,3,2,3,3,2,2,1
1.2087328,1.4683448,1,3,14,11,1,4,4,1,4,4,3,4,4,4,3
1.2256845,0.9995791,99,1,9,9,2,2,5,2,4,2,2,2,2,5,1
1.0420297,1.4159684,5,1,7,12,5,1,2,2,5,5,3,1,5,1,1
0.8811981,0.6967735,5,1,5,8,5,4,5,5,2,4,5,5,5,5,2
1.2713529,0.9834985,99,1,5,8,3,4,2,3,2,3,4,2,2,3,2
0.8663138,1.0678039,99,1,12,14,1,1,4,1,4,1,4,1,3,3,2
0.7680228,0.6323535,99,1,9,14,1,2,2,2,4,1,3,2,1,1,2
1.0266219,1.2800641,99,1,3,15,4,4,4,4,2,4,3,1,3,1,2
1.2431663,1.4861029,5,1,12,14,2,2,1,5,3,1,5,2,1,3,1
0.8137207,0.9881068,99,1,16,16,2,2,2,2,3,2,2,2,2,3,4
0.7511808,0.9156217,8,3,14,8,3,2,2,1,3,2,3,2,1,1,2
0.7607677,0.5861143,99,1,5,8,2,2,5,5,5,2,2,2,2,5,2
0.8727244,0.7322431,8,1,9,12,1,3,2,2,3,2,1,2,1,2,2
0.9491073,0.7521657,5,1,5,8,2,3,2,2,3,2,3,2,2,2,2
1.0115001,1.2613648,2,1,3,4,2,2,5,2,5,2,4,2,3,2,4
1.1994046,0.9836743,5,1,5,7,3,3,3,3,3,2,3,2,3,3,2
1.0156657,0.8624819,10,1,9,11,1,1,1,1,4,1,3,2,2,3,2
0.8018253,0.968181,99,3,14,15,1,1,4,1,5,5,1,1,1,2,1
1.0877792,1.4520814,7,1,7,9,2,4,2,2,2,2,3,2,2,3,2
1.167661,1.4719619,5,1,3,12,1,2,2,2,4,1,2,1,4,1,1
0.929354,0.7331928,7,1,5,8,2,4,1,2,2,5,3,2,2,3,2
0.8628582,0.7269822,99,1,9,12,2,2,5,1,3,1,2,1,2,5,2
1.0166422,1.2208478,99,3,14,11,4,4,4,4,4,1,4,4,4,4,1
0.9056699,1.0881928,99,1,16,16,5,3,5,5,5,2,2,5,5,5,2
0.8976933,1.1536611,99,1,3,8,4,4,2,3,2,3,3,2,2,2,1
0.97576,1.0982529,9,1,8,11,1,2,3,1,4,1,2,2,3,3,1
1.0347319,0.848536,4,1,5,9,2,2,2,3,2,2,3,3,2,3,2
0.9594646,1.1487213,99,1,12,14,2,2,2,3,2,2,2,2,2,2,2
0.9491073,0.8050837,9,1,9,12,1,2,2,2,3,2,1,2,1,3,1
0.9633071,0.8073729,8,1,9,14,1,2,2,1,3,2,2,3,2,3,2
0.8750063,1.072359,99,3,14,14,4,4,4,4,4,4,4,4,4,4,4
0.7521672,0.4790671,99,1,6,16,1,2,2,2,3,2,2,2,2,3,2
0.9798579,0.7616026,99,1,5,12,2,2,2,2,2,2,3,1,2,2,1
1.2141974,1.6463856,6,1,7,9,1,2,4,1,4,1,1,2,2,2,1
0.7689232,0.9616898,10,4,16,4,2,1,1,1,2,1,2,2,1,2,1
0.9946959,0.6523196,2,1,1,14,2,4,1,2,2,2,4,2,3,2,1
0.961046,1.2114693,5,1,3,7,2,2,3,3,2,2,2,2,2,2,2
1.2212226,1.0550745,99,1,9,12,1,2,4,1,4,1,3,2,2,4,2
1.049755,1.2779384,10,1,3,12,1,2,1,1,4,1,2,2,3,2,2
1.2006755,1.4547306,99,1,12,14,1,1,4,1,4,3,3,1,4,4,3
0.973693,0.8273166,2,1,9,10,1,3,2,2,4,2,2,2,2,3,1
0.7826801,0.9620942,6,1,12,11,1,2,3,1,3,1,2,2,1,2,1
0.784347,0.6060771,5,1,5,14,2,3,1,2,2,3,3,1,2,1,2
1.5134362,1.8497804,8,1,3,4,4,4,1,3,2,4,4,1,4,1,1
1.1531672,0.9916731,7,1,9,12,1,1,4,1,4,1,4,1,2,1,1
1.0677911,1.3870108,8,1,7,9,2,3,1,2,3,1,4,2,2,1,1
0.8845756,0.7499271,4,1,9,12,2,2,2,2,2,2,2,2,2,2,1
0.9920435,0.8388641,9,1,9,11,1,1,1,1,4,2,1,3,2,4,2
1.0077283,0.8096298,4,1,5,8,1,4,3,1,3,2,2,2,1,3,1
0.7852752,0.528381,1,1,4,4,4,4,2,4,2,2,2,2,2,1,1
1.0213833,0.8506109,10,1,9,12,1,2,2,2,4,2,3,1,2,3,2
0.9870259,1.165843,99,3,14,15,4,1,4,4,1,4,4,4,4,4,1
1.4484051,1.1438748,99,1,5,8,3,3,1,3,2,2,1,1,2,2,2
0.869796,0.7269748,10,1,9,11,1,1,2,1,4,1,1,1,1,1,1
0.9558012,1.142391,99,1,12,8,1,4,2,2,4,2,2,2,1,4,2
0.7345937,0.6288005,6,1,9,12,2,2,2,2,2,3,2,2,2,2,1
1.3450159,1.0312179,9,1,5,12,2,2,2,4,1,2,1,1,1,2,1
1.0115001,1.23409,0,3,14,14,1,4,2,3,1,1,3,1,1,2,2
0.8305522,1.027253,2,1,3,6,2,4,2,4,3,2,2,3,4,2,3
0.6945479,0.8769495,99,1,3,2,5,4,1,1,2,3,4,5,3,2,2
0.7554935,0.5907212,7,1,5,8,2,1,1,1,2,1,1,1,2,1,1
1.252583,1.0067416,8,1,5,8,2,1,3,3,2,1,3,2,2,1,2
0.7472349,0.5926393,8,1,5,2,2,1,2,1,1,1,1,1,1,1,2
1.2128638,1.3442745,7,1,8,8,3,3,4,1,1,1,2,2,1,3,1
0.858304,1.0440053,99,3,14,14,3,1,2,3,3,3,3,2,1,2,2
1.1436303,0.8818237,3,1,5,4,2,2,1,3,2,2,4,2,4,2,1
0.8628582,0.6791978,99,1,5,12,1,2,4,1,4,2,4,2,2,2,3
0.9515146,1.2051955,4,1,3,6,2,3,1,1,2,2,3,2,4,2,2
1.2717385,1.515896,99,1,12,14,3,3,1,3,2,2,1,2,2,3,2
0.6841156,0.5732836,8,1,9,12,2,4,3,2,3,2,2,3,2,3,3
1.3402846,1.3184053,99,2,15,16,5,5,5,5,5,5,5,5,5,5,4
0.9829032,0.9985616,99,2,15,14,3,4,2,3,1,3,3,2,2,3,1
1.0971347,0.7283469,4,1,4,8,3,4,2,3,2,2,3,2,2,3,1
0.7852752,0.6130778,2,1,5,4,4,4,1,3,1,4,3,2,3,1,1
0.7560084,0.5946153,9,1,5,8,4,4,2,3,2,2,1,3,2,3,2
0.8759727,1.089862,3,1,3,15,2,3,1,2,3,4,3,1,3,1,1
0.7694598,0.5069904,5,1,6,11,1,2,4,1,3,1,2,5,2,5,3
0.948455,1.1688905,99,1,3,14,4,4,2,3,2,4,3,2,4,2,2
1.3331555,0.9017055,2,1,4,6,4,4,4,4,2,2,2,2,2,2,2
1.1562697,1.1372812,8,2,15,15,2,2,4,3,4,2,2,3,2,3,2
0.9379191,1.1165371,0,3,14,2,4,4,4,4,4,4,4,4,4,4,3
1.0311534,1.2841719,2,1,3,4,4,4,3,4,1,3,4,3,2,2,1
1.557005,1.9311278,0,1,3,4,2,4,4,4,1,2,2,2,4,1,2
0.952022,0.7513909,5,1,5,8,2,4,2,3,3,2,3,2,3,2,2
1.2298357,1.0356255,7,1,9,12,3,3,2,1,3,2,4,1,3,2,2
0.6877686,0.3868901,5,1,2,2,2,2,2,2,2,1,2,2,2,2,1
1.0617583,1.3836608,8,1,7,14,1,2,3,1,3,2,3,5,2,5,2
1.1914591,0.9201621,3,1,5,5,4,4,1,4,1,2,4,2,2,3,2
0.8033111,0.843946,8,2,15,4,1,2,1,2,1,1,2,1,1,2,3
0.6817225,0.5910789,10,1,9,12,2,4,5,1,4,1,2,1,4,1,1
0.7900848,1.0193458,8,1,7,9,2,3,3,3,3,2,2,3,2,3,2
1.1156787,0.6492692,3,1,2,11,1,1,2,1,4,1,1,1,1,1,1
1.0882306,0.7346631,2,1,4,6,4,1,1,3,1,3,1,1,3,1,1
1.0256648,0.8592703,99,1,9,12,1,1,1,1,4,1,1,1,1,1,1
0.9407604,0.8043862,5,1,9,12,1,1,4,4,4,1,3,1,2,2,1
0.7967568,0.6184481,7,1,5,8,2,3,3,3,3,3,2,2,3,2,2
0.5493047,0.680387,3,1,12,6,3,4,1,3,2,3,4,1,3,1,1
1.1401796,0.9567739,9,1,9,11,1,1,1,1,3,1,3,2,2,1,2
0.5558445,0.3837335,3,1,4,7,3,4,1,2,2,3,3,2,3,1,2
0.8697087,1.0258836,1,3,14,7,4,1,1,4,1,4,5,1,3,3,2
1.3430974,1.1296273,99,1,9,12,1,1,2,1,4,1,1,1,1,2,2
1.1622074,0.8920086,3,1,5,8,3,4,2,2,2,4,3,2,2,2,1
0.9498323,1.3142377,8,1,7,8,4,4,2,2,2,2,4,3,2,3,3
0.8538545,0.7177823,2,1,9,12,1,2,2,2,4,2,3,2,3,3,1
0.9870259,0.8064657,7,1,9,8,2,2,1,2,3,2,3,1,3,2,1
1.1166129,1.353036,2,1,16,14,3,4,2,2,2,2,3,5,3,2,4
1.1586964,1.4086668,99,3,14,14,2,2,2,3,2,2,2,4,1,4,2
0.7577332,0.5768577,99,1,5,8,1,1,2,1,3,1,1,2,2,2,2
1.1964519,1.4374312,7,1,12,13,1,4,2,1,4,3,2,2,3,2,2
1.0898532,1.3819358,99,1,3,4,2,1,4,3,2,2,2,2,2,1,1
0.6792567,0.5410115,6,1,5,8,3,3,3,2,2,3,3,3,2,3,2
0.7591392,0.6102454,99,1,5,8,3,2,2,2,3,2,3,3,3,2,2
0.9738113,0.9693744,2,2,15,4,3,3,3,4,3,3,3,3,3,3,2
0.9469195,0.7624953,10,1,5,8,1,1,4,1,4,1,1,3,1,4,1
0.7989862,0.9820611,99,1,12,14,2,3,3,2,2,2,2,3,2,3,2
1.0701292,1.4358033,7,1,7,8,2,2,3,3,2,2,2,2,3,2,1
0.7577332,0.9806916,8,1,7,12,1,1,2,1,3,2,1,2,2,3,2
0.9622368,1.181142,99,1,12,16,5,2,2,5,3,5,5,5,5,5,2
0.8397315,0.8376991,99,2,15,16,2,3,1,3,3,2,3,2,3,2,1
1.0115001,0.7975634,7,1,5,8,2,4,2,1,2,2,4,2,2,2,2
0.6883056,0.810524,9,3,14,15,2,2,2,1,3,2,2,2,3,3,2
0.6190613,0.855863,7,1,7,9,2,4,4,1,1,1,1,1,2,3,1
0.6795532,0.5611828,9,1,9,12,1,1,3,3,4,1,4,2,2,2,1
1.3256336,0.8810375,4,1,4,6,3,4,1,4,1,4,2,2,2,2,2
1.070968,0.7245261,99,1,4,14,2,1,2,3,3,2,2,1,1,1,1
1.1914591,1.5643288,6,1,7,11,1,4,4,1,4,1,2,3,4,3,1
1.2638996,1.5630749,5,3,14,14,2,3,3,3,4,2,2,3,3,2,1
0.8139315,0.9688669,99,1,13,15,5,5,5,5,5,4,5,5,5,5,2
1.2466228,0.9761285,6,1,5,8,1,1,2,1,4,2,1,2,1,2,2
1.0111792,0.9990662,3,2,15,8,4,4,1,4,1,3,5,2,1,2,2
0.7967852,0.5364861,1,1,4,1,4,2,2,3,2,2,2,2,3,2,1
1.0522103,0.8130507,4,1,5,13,3,4,2,3,2,3,3,2,2,3,1
1.2771165,0.982304,6,1,5,9,1,4,2,1,4,2,2,1,2,3,3
0.7560084,0.7693609,99,2,15,14,4,3,4,5,5,5,4,4,4,3,2
0.7560084,0.5946153,5,1,5,8,3,4,2,2,3,3,3,3,3,3,2
0.7967568,0.8001977,99,2,15,8,3,4,3,3,1,3,3,2,3,3,2
0.5272048,0.7027901,7,1,7,9,2,5,4,2,3,2,2,4,5,4,2
0.7702208,0.7776294,8,2,15,12,3,2,2,3,2,2,3,3,2,4,2
1.3256336,1.0222634,5,1,5,14,2,3,1,2,2,3,3,2,2,3,2
0.8890185,1.2044687,9,1,7,9,2,1,4,2,2,1,1,1,2,3,1
0.6585779,0.4564677,2,1,4,4,2,2,1,1,4,1,1,2,2,2,1
0.8847401,1.1658357,99,1,7,16,5,2,2,3,2,2,3,2,2,1,1
1.1994046,1.6723032,8,1,7,11,1,1,3,1,3,2,3,2,1,4,3
0.8426958,0.8477808,3,2,15,6,3,3,1,4,2,4,4,2,2,2,1
0.965268,0.6417976,1,1,4,7,4,4,1,3,1,4,4,1,3,1,1
1.1586964,1.4086668,4,3,14,14,1,2,2,2,2,2,3,2,1,2,3
1.3780217,1.101703,5,1,5,8,2,3,2,3,2,2,3,2,3,2,2
1.0364065,1.2790941,5,1,3,15,2,4,2,2,2,1,3,1,2,2,1
1.2538356,0.9935616,3,1,5,6,2,3,2,2,2,2,3,2,3,2,3
0.8518863,1.0751384,3,1,3,8,3,4,1,4,2,2,3,2,2,2,2
1.0524853,1.2942559,5,3,14,9,3,2,2,5,2,5,5,5,3,5,1
0.6714159,0.8337889,5,3,14,8,2,1,4,3,2,3,3,3,3,3,1
0.6945479,0.9426767,8,1,7,9,1,3,4,1,3,2,1,1,2,4,2
1.2058762,1.5908558,6,1,7,8,1,1,3,2,4,1,2,3,2,4,2
0.7123716,0.8735873,7,1,12,14,2,4,2,3,2,3,3,2,2,2,1
0.7407711,0.617057,10,1,9,12,1,1,3,1,4,1,4,1,1,1,2
1.3709025,1.3849487,99,2,15,14,4,4,4,2,4,4,4,4,4,4,3
1.1709206,1.4331287,7,1,3,11,2,2,2,3,2,2,2,2,2,2,1
0.6829517,0.5823495,99,1,9,12,1,1,2,4,3,1,3,1,1,1,1
0.6945479,0.857987,99,1,12,3,3,5,4,3,2,3,3,1,5,2,1
0.9099856,0.612842,3,1,4,3,3,4,1,4,2,2,3,2,4,3,1
0.8750266,0.7598004,7,1,9,12,2,2,2,2,3,2,2,2,2,2,1
0.9906781,0.7685249,5,1,5,8,2,2,2,2,2,2,2,2,2,2,3
1.2528572,1.6019976,3,1,3,12,2,3,2,3,3,3,3,2,1,2,2
0.9466101,0.7248854,6,1,5,8,2,4,1,2,2,2,2,2,2,2,2
0.6585779,0.5296371,6,1,5,11,1,3,1,1,4,1,3,1,3,2,2
0.8882824,1.2025312,9,1,7,9,2,2,4,2,5,2,2,3,2,4,2
1.2058762,0.9357657,6,1,5,8,4,4,1,1,2,2,2,3,4,4,2
1.096802,0.7311799,0,1,4,15,3,2,3,1,3,1,2,2,2,2,3
0.7439201,0.7549385,3,2,15,8,2,1,4,4,2,2,3,3,1,3,2
0.7518116,0.8968387,5,1,12,14,4,5,5,2,2,5,2,5,4,2,2
0.6945479,0.5544968,7,1,5,12,1,1,2,1,4,1,3,1,1,2,1
1.4116906,1.7136827,99,1,16,16,5,5,5,5,5,2,4,1,2,5,1
0.9099856,1.1245854,4,1,3,7,3,4,1,3,5,5,3,2,4,5,2
1.0838131,0.8901654,10,1,9,12,1,3,4,1,3,2,1,2,4,3,1
1.1964519,1.4374312,99,1,12,14,2,5,5,1,4,1,2,5,2,5,1
0.8078742,1.1026629,6,1,7,9,3,4,3,2,2,5,5,2,5,2,2
0.8962162,1.0939074,5,1,12,15,3,3,2,3,3,3,2,3,3,3,3
0.9622368,0.7633443,5,1,5,8,2,3,2,2,2,2,2,2,3,2,2
0.9491073,1.1638451,99,3,14,14,3,2,2,2,2,2,2,2,2,2,2
0.8782237,1.0406094,6,3,14,9,3,4,2,2,2,5,4,2,2,2,2
0.7900848,0.5995948,2,1,5,8,3,4,1,3,2,4,4,2,3,3,2
0.9491073,0.7521657,99,1,5,14,2,3,3,2,3,2,3,2,2,3,2
0.8519394,0.713675,10,1,9,11,1,2,4,1,3,1,2,2,3,3,2
1.3246125,1.1179558,5,1,9,12,1,1,1,1,4,1,4,1,1,1,1
0.7335199,0.6393616,2,1,9,13,2,2,2,1,3,1,3,2,2,2,2
0.6030334,0.4675628,5,1,5,8,4,4,1,3,2,3,5,5,3,4,1
1.1395994,1.4157901,99,1,16,16,2,2,2,2,3,2,3,2,3,2,2
0.7420017,0.4970687,4,1,6,11,2,2,1,2,2,2,3,2,3,3,1
0.7852752,0.7932491,6,2,15,14,2,4,3,4,3,3,3,4,2,4,2
0.6563022,0.7942343,4,1,12,14,4,3,1,3,2,2,4,2,2,3,1
0.9464911,1.1819425,5,3,14,14,1,2,4,1,4,2,1,2,2,2,2
0.9898354,0.9801543,8,2,15,8,3,2,3,2,3,3,3,2,3,2,2
1.0682567,0.919629,2,1,9,12,1,1,1,1,2,1,1,1,1,1,2
0.9231871,0.9273788,0,2,15,4,3,4,1,3,3,2,4,1,3,1,2
0.9231871,0.9273788,99,2,15,9,3,1,1,4,2,3,2,1,1,1,1
0.8811981,1.0781353,99,1,12,14,5,5,2,5,5,5,4,2,5,5,2
0.8727244,1.0585454,99,4,16,16,3,4,4,5,2,5,5,5,3,5,4
1.0111792,0.9990662,99,2,15,16,5,4,2,5,5,3,5,5,3,3,4
1.0507699,1.2950896,7,3,14,11,2,2,2,2,2,2,1,2,1,1,1
1.2934636,1.024012,5,1,5,8,1,4,2,2,3,1,1,2,1,3,2
0.8234087,0.6921074,10,1,9,11,1,1,4,1,4,1,4,1,1,4,1
1.0522103,0.8702521,10,1,9,12,2,2,3,1,3,1,3,2,2,2,1
1.1123657,1.3322071,99,1,3,9,2,2,2,2,3,2,1,2,2,2,2
1.3450159,1.3342723,99,2,15,14,3,1,4,4,2,1,4,3,1,5,1
1.1562697,1.1372812,3,2,15,14,2,4,1,4,1,3,2,5,3,3,2
1.1622074,1.5164663,6,1,7,10,1,2,3,2,3,2,1,2,2,5,2
0.9383287,1.1487538,5,3,14,14,5,3,5,5,5,2,5,2,2,1,2
1.070968,1.3295294,6,1,3,14,3,3,2,3,2,2,2,2,2,2,2
1.2388176,1.2812599,6,2,15,7,3,2,2,3,3,2,2,2,3,2,2
0.6164023,0.4370874,0,1,4,4,4,4,2,4,1,4,4,1,4,1,1
1.1154144,0.9248068,7,1,9,12,3,3,3,2,2,2,2,2,3,2,3
0.9622368,0.7633443,8,1,5,8,2,2,2,1,3,2,2,3,3,3,2
1.0115001,0.8536752,10,1,9,12,3,2,1,1,1,1,4,3,1,1,2
0.9870259,1.165843,9,1,12,12,1,1,4,1,4,1,3,3,2,3,2
1.3780217,1.5433059,99,1,8,14,5,5,2,1,2,2,2,2,3,1,1
1.4053351,1.7288125,99,1,3,4,2,3,4,4,3,2,2,1,4,1,2
0.9976318,0.9755073,6,2,15,12,2,2,3,3,2,3,4,3,3,3,2
1.040315,1.0444318,99,2,15,14,3,4,3,3,2,1,3,3,1,2,2
1.1431726,0.766116,2,1,4,7,3,2,2,4,2,2,4,2,2,2,2
0.7738386,0.6334197,7,1,9,12,1,1,2,1,1,1,1,1,2,2,1
0.7323129,0.9155682,7,1,3,4,2,1,1,1,1,1,1,1,1,1,1
0.8125991,0.6930723,8,1,9,12,2,1,2,2,2,2,2,2,1,2,2
0.9870259,1.165843,7,3,14,14,3,3,3,4,2,2,2,2,2,2,1
0.8009158,0.560219,1,1,4,6,2,1,2,2,3,1,2,1,2,2,1
1.0096955,0.8580073,10,1,9,11,1,3,2,1,4,2,3,1,2,3,1
1.040315,0.8639996,5,1,9,12,1,1,4,1,3,1,4,1,2,1,2
1.2362272,0.8319438,2,1,4,14,4,5,2,4,2,5,4,5,4,2,4
0.8010141,0.9821317,10,1,3,4,3,2,3,4,3,2,2,2,3,2,2
1.5686756,1.5560591,8,2,15,14,1,1,1,1,4,4,4,1,4,2,4
1.197431,1.5077281,3,1,3,7,3,3,2,3,3,2,3,2,3,3,2
0.9374512,1.1490085,99,1,13,14,2,2,2,2,5,2,5,2,3,5,4
0.8940614,0.5815683,8,1,1,1,1,2,1,1,1,1,2,1,2,2,1
1.088709,1.3234735,99,3,14,12,3,5,3,3,3,3,5,2,3,3,3
0.8628582,0.7269822,9,1,9,12,1,2,3,1,4,1,1,1,1,2,1
1.2128638,1.5176654,7,1,3,4,3,2,1,3,2,2,2,2,1,2,3
0.9794456,0.9866868,99,2,15,14,4,4,2,4,2,3,3,3,3,3,2
0.7852752,0.9695967,2,1,3,7,4,3,1,4,1,2,2,1,3,2,1
0.9346198,0.9225502,2,2,15,4,5,4,1,5,2,3,3,1,4,2,1
0.8750266,0.9943963,5,1,8,10,3,3,2,3,2,3,2,1,2,1,1
1.2717385,1.2675986,4,2,15,8,3,4,1,2,2,4,3,1,4,1,2
0.8795877,1.0501335,99,4,16,16,1,1,1,1,1,1,1,1,1,1,3
0.7928738,0.9389338,99,1,12,12,1,2,4,2,2,3,4,1,4,2,1
0.9894444,0.7715395,8,1,5,9,1,2,3,1,3,2,1,4,2,4,2
0.913078,0.8823149,2,2,15,9,2,3,2,1,4,3,2,4,1,4,2
0.9893295,1.0994514,99,1,8,10,1,1,1,1,4,1,1,1,1,1,2
0.9499517,0.9492025,6,2,15,7,2,2,2,1,1,1,1,2,2,2,2
0.7880473,0.6204562,5,1,5,7,4,4,2,4,1,3,3,2,3,2,1
1.0971347,1.3365408,7,1,3,4,2,1,1,1,1,1,1,3,3,4,2
0.8656663,0.7284499,2,1,9,12,4,4,4,4,4,4,4,4,4,4,2
0.7826801,0.53588,5,1,4,4,4,4,5,4,2,4,4,1,3,1,1
0.6961597,0.5797234,7,1,9,8,1,3,1,3,3,1,3,2,2,2,1
1.2293816,0.9918905,6,1,5,8,2,2,2,2,3,2,3,2,2,3,4
1.3560803,1.5235451,99,1,8,16,3,2,1,3,2,3,1,2,3,1,2
0.7528359,0.9231294,2,1,3,4,1,1,2,1,3,4,1,2,4,1,2
1.2256845,1.5876449,8,1,7,9,2,4,4,2,1,3,1,4,3,4,3
0.7591215,0.6377031,5,1,9,12,1,3,1,1,3,1,1,1,1,1,1
1.3334621,1.6262482,99,1,12,14,1,2,3,2,3,2,2,2,2,2,2
0.8334841,1.0171361,99,3,14,8,3,2,4,4,2,3,3,2,3,2,1
0.8759727,0.7376044,99,1,9,15,2,2,2,2,2,3,2,2,3,2,2
1.4053351,1.1700377,5,1,9,14,1,4,3,1,1,1,1,1,1,1,2
1.0038872,1.2455215,99,1,3,13,2,1,1,2,3,2,1,1,2,2,1
1.040226,1.0139571,99,2,15,6,4,3,1,4,2,2,5,2,4,2,1
1.0438981,1.0261601,99,2,15,14,2,3,1,2,2,1,3,2,2,4,2
0.9596431,0.7777547,99,1,9,12,2,3,2,2,2,2,2,2,2,2,1
0.9873759,0.849197,7,1,9,12,2,1,2,2,2,2,2,1,1,2,2
1.2036386,1.5403821,99,3,14,15,2,3,3,2,3,2,1,2,2,2,2
0.7236925,0.99156,8,1,7,11,1,4,4,2,4,3,2,4,4,4,2
0.8518863,1.1557199,8,1,7,8,2,3,2,2,2,2,3,3,3,3,2
1.0539447,0.8979433,99,1,9,14,5,5,5,5,2,2,4,5,5,5,4
1.2273586,1.0289336,8,1,9,12,2,1,2,2,4,1,4,2,4,2,4
0.784961,0.6614915,9,1,9,11,1,2,2,1,4,1,4,2,2,4,2
1.040315,1.2490151,99,1,12,14,3,4,4,4,2,2,3,2,2,2,4
0.8035817,0.9697432,5,3,14,14,3,3,3,3,2,4,4,2,3,3,2
1.1395994,1.4157901,99,1,16,14,1,2,4,2,3,2,3,3,2,2,2
1.1223333,1.3912122,9,1,12,9,2,3,2,2,2,2,4,2,2,3,2
0.9043486,0.7076969,5,1,5,9,2,3,2,2,2,2,4,1,4,2,2
1.3554044,1.4886602,7,1,8,8,2,2,3,2,3,2,3,2,2,2,2
1.0877792,1.3216269,99,1,12,14,2,3,2,2,2,2,3,2,3,2,2
0.9700822,0.7673193,6,1,5,9,4,1,2,4,2,1,2,2,2,2,1
1.3152945,1.0934448,10,1,9,12,1,1,4,1,4,1,4,1,1,3,2
0.9544503,1.1598684,5,1,12,14,3,3,2,2,2,2,3,2,2,3,2
1.0038872,1.2185893,99,1,16,16,2,2,3,1,3,1,2,2,2,3,2
1.1914591,0.9201621,5,1,5,8,3,4,2,3,2,1,1,2,2,4,2
0.6411879,0.764672,99,3,14,14,1,4,5,1,4,5,2,5,1,1,3
0.7345937,0.5874696,5,1,5,15,3,3,3,3,2,3,3,3,3,3,2
0.7463166,0.9351998,3,1,12,14,2,3,2,2,2,2,2,2,3,2,2
0.753349,0.5875443,5,1,5,7,3,3,2,3,2,3,3,2,3,2,2
0.7553616,0.6294375,6,1,9,12,1,3,3,1,1,2,3,3,2,2,2
0.77489,0.6516221,99,1,9,11,1,2,2,2,3,1,3,1,3,2,2
0.8628582,0.6791978,7,1,5,11,1,1,3,1,2,1,2,2,2,3,3
0.9894444,0.6649511,5,1,4,9,2,1,1,2,2,1,1,2,2,2,1
0.8482054,1.0310481,8,1,12,14,2,3,2,3,3,2,3,4,3,4,1
1.0559248,0.8807256,9,1,9,11,1,1,4,1,4,1,1,1,3,3,1
0.9272885,0.7847821,5,1,9,12,1,1,2,1,3,1,1,1,2,3,2
0.7900848,0.5167606,6,1,4,16,2,4,2,1,3,2,3,2,5,3,2
1.0011536,0.9872475,6,2,15,16,3,3,2,3,3,2,2,3,3,2,2
1.1431726,1.3754492,99,1,16,16,3,3,1,5,5,3,3,2,1,2,4
0.9374512,1.1490085,99,1,16,16,5,5,5,5,5,5,5,5,5,5,4
1.2717385,1.549399,3,1,3,8,3,4,1,2,2,3,3,2,2,2,2
1.0001258,1.1986426,99,3,14,15,1,1,1,1,2,1,1,4,4,1,1
0.8147765,0.6711251,3,1,9,12,1,1,4,5,4,1,1,2,4,1,2
0.973693,0.7729373,2,1,5,8,3,4,2,3,2,3,2,3,1,3,2
0.9466101,1.1216335,99,1,12,4,2,1,4,4,2,4,1,2,3,1,1
1.0038872,1.2455215,3,1,3,4,2,2,1,3,3,4,1,1,3,1,1
0.7502074,0.9325291,99,4,16,16,5,5,5,5,5,5,5,5,5,5,4
0.8518863,0.6798121,6,1,5,8,3,2,2,4,2,3,3,2,5,2,2
0.8176017,1.0232055,7,1,3,6,3,4,3,3,2,2,4,2,4,2,1
0.9625012,0.8252158,5,1,9,11,1,1,3,1,4,1,4,1,3,1,1
0.7956204,0.5454967,4,1,4,8,2,2,2,2,3,3,3,2,3,2,2
1.1496921,1.4294261,5,1,16,16,2,3,2,1,3,1,3,2,2,2,1
0.7396407,0.5732312,5,1,5,14,2,2,2,2,2,2,2,2,2,2,2
0.8397315,0.8376991,99,2,15,2,3,3,2,3,2,2,3,1,2,2,2
0.7852752,0.6130778,8,1,5,9,2,4,5,4,4,4,4,3,1,4,2
0.9163188,1.1509118,99,1,3,14,5,4,1,2,5,3,5,2,4,3,2
1.0011536,1.2067229,0,1,3,8,3,4,2,4,1,2,1,1,1,2,2
0.8628582,0.5853665,1,1,4,11,2,1,2,3,3,2,2,1,3,1,1
0.9863536,0.9684985,99,2,15,8,3,4,4,3,2,2,3,1,3,2,1
0.753349,0.909122,5,1,12,9,2,4,3,2,2,2,3,2,2,2,2
0.7680228,0.9141429,6,1,12,9,3,4,3,2,2,2,2,3,3,3,2
0.9863536,0.7485226,7,1,5,8,3,3,1,3,3,2,3,2,1,3,2
1.040315,0.8072091,5,1,5,8,3,3,1,3,2,2,3,3,2,2,2
0.5829493,0.7724655,9,1,7,9,1,1,4,1,4,2,1,3,2,4,2
0.6203051,0.3630149,1,1,2,2,3,4,1,5,2,4,4,1,4,1,1
0.8762195,0.7439931,9,1,9,12,4,1,1,1,4,1,3,2,1,3,2
1.2360791,1.0377345,10,1,9,11,1,1,2,1,4,2,4,1,3,2,1
0.9466101,1.1216335,5,3,14,8,3,3,3,4,2,2,3,2,3,2,1
0.9235001,1.130481,99,1,3,11,2,3,2,3,3,2,3,2,3,2,2
1.2717385,1.6655262,8,1,7,9,3,3,2,2,2,3,3,2,2,3,2
1.1552331,0.9470511,8,1,9,12,2,2,2,2,2,2,2,2,2,2,1
1.0214366,1.1315145,5,1,8,11,1,1,1,1,4,1,2,1,3,2,1
1.2717385,1.549399,4,1,3,4,3,3,2,4,2,2,2,2,3,2,1
1.147429,0.8928154,5,1,5,8,2,3,3,2,4,2,2,2,2,1,2
0.7225016,0.4871728,3,1,4,7,4,4,1,3,1,4,4,2,3,2,2
0.6945479,0.5544968,6,1,5,9,1,4,4,1,3,2,2,2,3,3,2
0.6966415,0.5999334,7,1,9,13,1,1,1,1,1,1,1,1,1,1,2
1.1276495,0.8792391,99,1,5,8,3,3,2,3,2,3,3,3,3,2,2
0.8976933,0.7294621,6,1,5,9,1,2,2,1,3,2,1,1,3,1,2
0.9412193,1.2424741,8,1,7,11,1,2,3,1,4,1,2,3,3,3,2
1.040315,1.2490151,10,1,13,5,1,1,4,1,4,1,1,1,2,1,1
1.3722712,1.7258337,2,1,3,4,4,4,1,3,1,4,4,1,4,2,1
0.9591154,0.8154024,5,1,9,8,2,3,1,2,2,1,2,3,2,3,3
0.7872086,0.9792766,99,4,16,16,1,2,5,1,4,5,2,5,2,2,4
0.9481703,0.6157702,3,1,6,12,2,3,3,1,2,2,4,2,2,2,1
0.9529939,1.1787851,2,1,3,6,3,4,1,3,2,1,4,2,3,3,2
0.858304,0.6747161,6,1,5,10,2,4,2,4,3,2,1,1,1,2,3
1.4946864,1.8062909,99,1,12,14,2,4,2,1,4,2,3,2,4,4,2
1.0294579,0.8833112,5,1,9,11,1,1,2,2,3,1,3,2,2,3,2
0.9099856,1.1002681,5,3,14,15,2,4,2,2,2,2,3,3,2,2,2
0.8727244,1.0819404,5,1,3,7,2,3,2,4,2,2,3,1,3,1,2
1.2305973,1.0361334,5,1,9,14,2,4,1,3,3,2,2,2,3,2,1
1.4239733,1.745399,1,1,3,7,2,4,1,1,3,2,2,1,1,1,1
1.2717385,1.515896,5,1,12,9,2,1,2,3,2,2,4,1,1,1,1
0.8035817,0.8779354,8,1,8,9,1,3,2,1,3,1,2,3,2,3,2
0.6479567,0.5137593,6,1,5,16,2,2,2,2,3,2,3,3,2,1,2
1.0621049,1.300869,99,3,14,14,2,2,3,3,3,2,2,2,2,2,1
1.2438692,1.5479821,99,1,12,14,2,1,5,4,4,2,3,2,2,3,2
1.3175563,1.4274809,7,1,8,14,5,2,2,2,2,3,5,2,5,2,1
0.8597291,1.0213234,99,3,14,15,4,1,1,1,1,4,4,1,4,1,1
0.9558012,0.6363041,4,1,4,7,3,3,2,2,1,2,3,2,2,2,2
1.0424092,1.2559143,99,1,12,14,5,2,1,4,2,4,2,1,3,1,2
0.9873772,1.0271472,5,2,15,8,1,2,2,1,2,2,2,2,2,3,3
0.6795532,0.8112571,99,3,14,15,1,2,3,1,3,1,3,2,3,1,1
0.7989862,0.6793356,99,1,9,12,2,2,1,2,5,1,2,5,2,5,4
0.7967852,0.6662763,2,1,9,11,2,3,2,3,3,1,2,1,1,1,1
1.2538356,1.0634626,4,1,9,12,2,2,2,1,3,2,2,1,2,2,2
1.1653315,0.9864925,99,1,9,12,1,2,3,2,4,2,3,1,2,2,3
1.3385803,1.1322846,99,1,9,11,2,2,2,2,3,4,3,2,3,2,1
0.6585779,0.9004138,8,1,7,11,1,2,4,1,4,3,3,2,2,3,2
1.040226,0.7836562,9,1,5,8,4,4,2,3,2,3,4,3,1,2,1
1.3338978,1.0906968,7,1,5,8,2,3,2,1,2,3,2,3,2,3,2
1.1694453,1.2068571,2,2,15,5,4,4,1,3,2,3,4,1,3,2,1
0.7967568,0.9780899,3,1,3,4,3,4,3,2,4,2,2,4,3,4,1
1.040226,1.0139571,99,2,15,8,5,1,2,4,4,1,3,1,1,5,4
0.9757,1.1606607,4,4,16,16,5,3,2,5,5,5,5,2,3,5,1
0.8762195,0.6950907,3,1,5,7,5,3,2,5,2,3,3,2,3,2,1
0.8349797,1.0269855,99,1,12,14,2,2,1,1,2,2,1,1,2,1,2
1.0115001,1.3559039,7,1,7,9,2,2,5,2,3,2,2,3,2,2,2
0.9976318,0.9755073,99,2,15,16,2,5,1,2,3,5,5,1,2,2,4
1.040315,0.8639996,99,1,9,11,2,4,2,1,2,3,3,1,4,2,2
1.0154166,1.008638,3,2,15,13,4,3,1,4,2,4,3,1,2,2,2
0.9436474,0.7389682,6,1,5,8,2,2,2,1,3,5,1,1,2,2,2
0.9255308,1.2635659,7,1,7,8,2,4,1,2,1,2,3,2,3,3,2
0.7491669,0.5727132,6,1,5,8,3,4,2,3,2,3,2,2,3,3,2
0.9873759,1.1113949,5,1,8,10,3,2,5,5,5,2,5,2,1,3,2
0.9466101,0.7248854,5,1,5,12,1,3,4,1,2,3,4,1,4,1,1
0.6008382,0.763638,99,1,13,14,1,1,1,1,1,1,1,1,1,1,1
1.2816249,1.5382364,4,1,16,14,2,4,2,2,3,2,2,2,2,2,1
0.7491669,0.905759,0,1,3,3,3,4,2,3,2,3,3,2,3,2,1
1.1914591,1.4552575,5,1,3,12,2,2,2,2,3,2,2,2,3,2,1
0.8811981,0.7457944,99,1,9,12,1,1,1,1,4,1,3,1,3,1,1
0.9346198,0.9225502,99,2,15,2,4,1,1,4,1,1,1,1,1,1,3
1.2591414,1.2756056,6,2,15,6,1,3,3,1,2,1,2,2,1,1,2
1.0364065,0.8087736,4,1,5,8,3,4,2,1,2,3,3,5,2,1,1
0.70119,0.5869794,6,1,9,9,1,1,2,1,3,1,3,2,1,3,1
1.13572,0.9379759,10,1,9,10,1,1,4,1,4,1,2,1,3,1,3
0.64781,0.7741924,99,3,14,14,1,1,2,1,4,1,3,1,1,1,2
0.7967852,0.5364861,2,1,4,14,3,3,2,3,3,3,3,2,3,2,2
0.9056699,1.0881928,99,3,14,15,4,4,5,5,5,4,1,1,4,2,1
1.019001,1.020777,4,2,15,9,3,4,1,3,1,3,3,2,1,2,1
1.1603514,1.4068406,9,1,3,14,4,2,2,4,5,2,4,2,2,2,1
0.7826801,0.6655236,10,1,9,12,2,1,2,1,4,2,3,1,2,1,1
1.3780217,1.101703,3,1,5,9,3,4,2,4,2,3,2,2,2,2,1
0.8410038,0.6540622,8,1,5,8,3,3,2,3,2,2,2,3,2,3,2
0.7560084,0.636449,9,1,9,11,1,3,4,1,4,1,3,2,3,4,1
0.9231871,0.9273788,99,2,15,14,3,4,1,4,2,3,2,2,3,3,1
1.0364065,0.8087736,5,1,5,8,2,4,5,2,5,2,3,2,2,3,2
0.8089767,0.6852795,1,1,9,11,1,1,4,2,4,1,1,1,1,2,1
0.7852752,0.6130778,4,1,5,14,4,4,1,4,2,3,3,3,3,4,2
1.1754901,0.9203833,6,1,5,14,5,5,1,5,2,2,3,3,5,3,1
0.8035817,0.9697432,5,3,14,8,3,4,2,3,2,3,3,2,2,3,2
0.973693,0.6661559,99,1,4,16,2,4,3,3,3,1,1,1,2,3,2
1.0971347,0.613918,1,1,2,7,4,4,3,4,1,4,3,1,2,3,2
0.7694598,0.6158206,5,1,5,14,3,3,2,3,2,5,3,2,3,5,2
1.0971347,1.3076404,5,1,12,10,2,2,3,2,3,3,4,1,2,2,2
0.8847401,1.084549,2,1,3,7,1,1,4,3,3,1,2,2,1,2,2
0.9946959,0.769707,5,1,5,8,2,3,2,2,3,3,3,2,2,2,2
1.2771165,1.0514132,5,1,9,12,1,1,1,1,4,1,1,1,1,1,2
1.1964519,1.4374312,99,1,12,14,5,5,5,5,5,2,5,5,5,5,2
0.973693,1.1959854,99,1,12,14,3,3,3,5,4,3,3,3,3,3,1
0.7422517,0.8976498,1,3,14,15,4,4,1,4,1,4,4,1,4,1,1
1.0471452,1.4165493,7,1,7,11,1,1,2,1,4,2,1,3,1,1,2
1.2141974,1.0365621,99,1,9,8,1,3,1,1,3,1,3,1,2,1,2
0.6048512,0.5058759,5,1,9,16,1,1,2,1,3,1,1,1,2,1,2
1.040315,1.2490151,5,1,12,14,1,2,2,3,2,2,2,2,3,2,2
0.973693,0.7729373,8,1,5,8,2,5,5,2,5,2,2,2,2,2,4
1.0347319,1.3129612,3,1,12,14,3,4,2,2,3,3,2,2,2,2,1
1.2058762,1.0016006,5,1,9,12,1,5,3,3,2,2,1,2,1,2,1
1.1426287,1.4097227,3,1,3,4,3,3,3,3,2,3,3,2,2,3,1
0.8076004,1.00632,99,1,16,16,1,5,5,5,5,5,5,5,2,2,4
0.9591154,0.6565626,4,1,4,6,2,3,2,2,3,2,3,2,2,2,2
0.8552979,1.1742651,3,1,7,14,3,3,3,1,4,2,2,3,2,3,1
1.0261744,1.0401727,5,2,15,15,4,4,4,4,4,4,4,4,4,4,3
1.1326358,0.9068195,99,1,5,8,2,1,1,1,3,2,4,1,1,1,4
0.9558012,1.142391,7,3,14,10,2,2,2,2,3,2,3,2,3,5,1
1.2256845,0.9338771,7,1,5,8,2,2,2,2,3,3,2,2,2,2,1
0.9099856,0.7611047,99,1,9,12,5,3,2,2,5,5,5,2,3,3,2
0.7967568,0.6184481,6,1,5,8,3,3,2,2,2,2,2,2,1,2,2
1.3215592,1.6745428,2,1,3,4,4,4,2,2,1,2,3,2,3,2,1
0.7852752,0.6130778,6,1,5,8,2,4,1,3,2,3,2,2,3,2,1
0.9700822,0.7673193,4,1,5,8,4,2,4,4,3,4,3,4,4,2,2
1.1724757,0.9245837,2,1,5,7,4,4,1,4,1,3,3,2,3,2,1
0.7056296,0.9186356,9,1,7,11,1,1,4,1,4,1,2,2,1,3,2
1.3402846,1.6115004,5,1,3,4,3,2,2,3,3,2,2,2,2,3,2
1.0530231,1.3111379,6,1,3,4,2,3,2,2,4,2,4,3,4,2,2
1.1864125,1.4946545,4,1,3,4,2,2,2,2,2,3,3,1,2,2,1
1.057996,1.0598316,5,2,15,8,3,3,3,3,3,3,3,3,3,2,2
0.7323129,0.8957707,7,1,12,6,2,3,1,3,2,2,3,1,3,3,2
0.9873759,0.5763478,9,1,2,4,1,2,2,1,1,1,2,1,3,4,2
1.1698967,1.0041863,10,1,9,12,1,3,2,1,3,1,3,1,1,2,2
1.1622074,1.5164663,9,1,7,9,1,2,4,1,4,2,3,2,3,4,2
0.8628582,0.7269822,5,1,9,12,1,2,2,1,3,2,4,3,2,2,2
1.1653315,1.5668594,6,1,7,9,2,4,3,2,3,2,3,3,2,3,2
0.7433397,0.92043,99,1,13,15,5,1,2,1,5,1,2,2,5,2,2
0.6945479,0.857987,99,1,16,16,2,3,2,2,3,2,2,3,2,2,2
1.197431,1.5077281,2,1,3,4,3,4,1,3,2,3,3,1,3,1,1
0.9436474,1.1434242,99,1,12,14,1,1,1,1,3,2,4,1,1,2,4
0.7967852,0.9631823,99,1,12,11,1,1,1,3,3,1,3,1,3,1,1
0.8976933,0.7807828,5,1,9,12,1,1,1,1,3,1,1,3,2,1,2
0.8976933,0.7294621,2,1,5,8,3,4,1,2,2,2,3,2,4,3,2
1.4685074,1.7469594,5,1,12,9,5,2,3,4,3,2,2,2,2,2,1
0.9544503,1.1598684,2,4,16,7,4,4,1,4,1,3,4,1,4,1,2
1.040226,1.0139571,99,2,15,4,4,4,2,4,3,3,3,1,2,2,3
0.8349797,0.9297585,99,1,8,14,4,4,4,4,4,3,4,4,4,4,1
1.0324869,1.1145934,9,1,8,11,1,4,4,1,4,1,2,2,3,4,2
0.6661083,0.53347,7,1,5,8,2,3,2,2,3,2,2,2,2,3,2
0.7556199,0.6356888,5,1,9,12,2,2,4,3,2,3,2,2,1,2,2
1.1395994,0.7885856,99,1,4,9,1,3,1,1,3,2,4,1,2,3,2
0.753349,0.5875443,9,1,5,8,1,1,3,1,4,1,4,1,2,4,2
1.0149571,1.2479607,99,1,12,12,3,3,1,3,3,2,3,2,1,1,3
0.9308858,0.6228271,5,1,6,7,2,3,2,3,2,3,2,2,2,2,1
0.9504011,1.1396319,99,3,14,14,2,5,2,5,5,2,3,3,1,5,1
1.2683725,1.5591965,7,1,12,7,3,3,1,2,2,3,3,2,3,2,1
1.0038872,0.678746,5,1,4,7,2,4,2,3,2,3,2,1,3,2,2
1.2843142,1.6009388,7,1,3,4,1,2,3,2,1,1,2,3,2,1,2
1.4946864,1.8062909,8,3,14,12,2,1,1,1,3,2,4,2,1,1,1
1.1431726,1.4058483,5,1,3,9,3,1,2,4,1,1,4,1,3,1,2
0.8035817,1.0654641,10,1,7,9,2,2,3,2,3,2,2,4,2,2,1
0.5528317,0.670791,9,3,14,6,3,3,2,4,1,1,4,2,1,2,4
0.7939541,0.7906818,7,2,15,9,2,2,3,4,2,3,2,3,5,2,2
1.1622074,1.5164663,8,1,7,11,1,1,4,1,4,1,1,3,1,4,2
1.4441137,1.2611924,99,1,9,11,1,2,4,1,1,2,3,2,3,2,1
1.3450159,1.3342723,8,2,15,10,4,4,4,4,3,4,4,4,4,4,2
0.8586925,0.8437954,5,2,15,9,1,4,2,4,2,1,2,2,3,2,2
1.3478386,1.0680788,5,1,5,8,1,2,1,1,2,1,1,1,2,1,2
0.7052504,0.4624428,1,1,6,16,4,3,1,5,1,3,3,2,2,2,2
0.753349,0.9292147,3,1,3,7,2,4,1,1,2,2,3,4,3,3,2
0.9436474,1.2562888,7,1,7,9,2,3,3,2,2,2,3,2,2,2,2
0.9836383,1.1931152,9,1,12,14,1,1,1,3,1,3,4,1,2,2,1
1.1622074,1.5164663,8,1,7,9,1,2,4,1,3,1,2,3,2,3,3
0.9976318,0.9755073,10,2,15,4,4,4,3,4,1,3,2,3,3,1,2
0.8656663,1.0530618,4,1,12,14,5,4,3,5,5,5,4,3,1,5,4
0.8976551,1.0450317,99,3,14,8,2,2,2,2,2,2,2,2,2,2,2
0.7739118,0.670918,99,1,9,12,2,2,2,2,2,2,3,2,2,2,2
1.2394936,1.680554,3,1,7,9,2,5,3,5,5,1,3,5,3,2,2
1.1445121,1.4545797,3,1,3,8,3,3,1,5,5,1,2,2,4,3,2
0.8762195,0.6950907,7,1,5,12,1,5,3,5,5,5,5,5,2,5,4
0.9231871,0.9273788,99,2,15,11,2,1,3,2,3,1,3,3,2,1,2
0.97076,1.1932259,99,3,14,12,1,4,2,1,4,4,2,1,2,2,1
0.9591154,0.8154024,10,1,9,11,2,2,2,2,3,2,3,3,2,4,1
1.107116,0.8772572,99,1,5,8,3,1,3,4,2,2,1,1,2,1,1
0.7320554,0.8809589,99,3,14,15,5,5,5,5,5,5,1,5,2,5,4
1.2626787,1.5423747,0,1,3,4,2,2,2,1,4,2,4,2,2,2,3
0.8845756,1.0841095,5,3,14,15,2,2,2,2,3,2,2,1,2,3,2
1.0720831,0.8029678,5,1,5,8,2,4,3,4,2,4,4,1,1,3,2
0.7196902,0.5638872,5,1,5,8,4,4,2,4,1,1,3,2,3,2,2
0.8064184,0.678888,2,1,9,11,1,2,4,1,4,2,2,2,3,3,2
1.1964519,1.5793164,8,1,7,11,2,3,3,2,2,2,3,3,2,3,2
1.0720278,1.0699998,8,2,15,12,3,4,3,4,4,1,1,1,2,1,3
1.0364065,1.374962,6,1,7,8,3,4,2,2,2,2,2,2,2,3,2
0.5587424,0.754779,9,1,7,11,1,2,1,1,4,1,2,1,1,2,1
0.8232383,1.0722048,8,1,7,9,1,3,3,1,4,1,1,4,1,4,1
1.1431726,1.3754492,99,1,12,14,5,3,2,5,5,2,2,2,2,2,1
0.869993,0.6974037,5,1,5,8,2,2,2,1,2,2,3,2,2,3,2
1.1431726,0.766116,4,1,4,5,2,3,2,2,2,3,3,2,2,2,2
1.1531672,1.4652662,3,1,3,14,2,5,5,2,5,2,3,2,2,2,2
1.1356616,1.3721055,9,1,12,14,5,5,4,4,4,4,3,4,4,5,3
0.891274,0.7018159,99,1,5,14,5,5,5,2,2,2,5,2,2,2,1
1.2058762,0.9357657,7,1,5,8,2,2,3,2,3,5,2,2,2,3,4
1.3385803,1.1322846,6,1,9,12,2,2,3,2,2,2,2,2,2,2,2
1.2466228,0.9761285,5,1,5,8,3,2,2,4,1,3,2,2,2,5,1
1.1223333,0.6531538,7,1,2,2,2,4,2,2,3,3,1,1,2,2,1
0.753349,0.909122,99,1,12,6,2,4,1,2,2,2,3,1,4,1,2
1.0860195,1.3359754,99,3,14,14,3,4,2,3,2,4,2,2,2,2,1
0.8404405,0.7039684,10,1,9,12,2,2,2,3,2,2,2,2,2,2,2
1.0287795,1.2899239,99,1,16,9,5,3,2,5,5,1,3,2,1,3,2
0.8881181,0.6135314,2,1,4,16,5,2,1,3,3,2,5,2,3,2,2
0.6868323,0.7037341,7,2,15,12,1,2,4,3,3,3,3,2,2,2,2
1.3251032,0.888128,0,1,4,6,4,4,1,4,2,2,3,3,2,2,2
1.130249,0.6411137,99,1,2,7,4,4,1,4,2,3,1,2,1,1,1
0.8845756,1.0841095,5,1,13,14,3,4,4,2,1,4,3,1,4,1,1
1.4116906,1.7515571,5,1,3,16,2,5,2,5,5,2,3,1,3,2,4
1.3153889,1.0069188,99,1,5,8,1,1,1,2,1,1,1,2,1,1,2
0.8762195,0.7439931,5,1,9,12,1,2,1,1,4,1,4,1,2,2,1
0.7123716,0.8735873,2,1,12,14,3,2,2,4,1,3,2,2,2,3,1
0.9721588,1.1980374,99,1,12,11,5,5,5,5,5,5,5,5,5,5,2
1.2771165,1.0514132,99,1,9,14,1,1,2,1,3,1,3,2,1,3,2
0.9359086,1.0081502,7,1,8,8,2,3,2,1,4,2,2,3,1,4,2
0.9873759,1.2276161,99,3,14,15,5,5,5,5,5,5,5,5,5,5,3
0.7345937,0.6288005,4,1,9,12,1,1,2,1,3,1,1,1,2,1,1
1.195665,0.9312362,4,1,5,8,4,4,2,4,1,3,3,1,4,1,1
1.5134362,1.8497804,7,1,3,14,3,3,1,3,3,2,2,1,3,1,2
0.7882817,0.9800962,3,1,3,7,3,3,3,3,2,2,3,2,2,3,2
1.0294579,1.2769322,6,1,12,14,2,2,4,2,3,1,2,2,1,3,2
0.6661083,0.8254516,5,1,16,16,3,5,1,2,2,1,2,2,2,2,4
0.8518863,0.7276397,99,1,9,14,1,1,1,2,2,5,3,1,1,1,2
1.0111792,0.9990662,3,2,15,8,4,4,1,4,1,3,2,2,3,3,1
1.115877,0.9454781,10,1,9,12,1,1,2,1,4,2,2,2,2,2,2
0.6963336,0.7141929,7,2,15,14,3,1,2,1,3,2,2,2,2,3,2
1.2934636,1.024012,99,1,5,8,3,3,2,2,2,2,3,3,2,4,1
0.7900848,1.0193458,99,1,7,9,2,2,4,1,4,2,2,2,2,2,1
1.179646,0.9732482,10,1,9,12,1,2,2,1,3,2,4,2,2,2,2
1.2212226,1.0550745,5,1,9,12,1,2,4,1,4,1,3,2,1,2,2
0.8777139,1.0972512,99,1,16,14,5,5,2,5,5,5,5,2,5,5,2
1.212719,0.8190012,2,1,4,7,4,4,1,2,2,3,1,4,4,3,2
1.1436303,1.364468,8,1,12,4,3,4,4,3,3,1,3,2,3,2,1
1.0877792,0.9142284,3,1,9,12,1,1,4,1,4,1,2,1,2,1,1
1.3385803,1.6368533,99,3,14,11,1,3,2,2,1,1,4,2,2,2,1
0.7577332,0.5768577,7,1,5,8,3,3,4,3,2,3,3,3,4,3,2
0.9099856,1.2088729,5,1,7,8,2,4,5,5,2,2,2,2,2,2,2
0.858304,0.8730017,8,2,15,4,2,3,4,3,3,2,3,3,2,2,2
1.0938245,0.8566567,4,1,5,8,3,4,2,3,2,2,2,2,2,2,2
1.0522103,1.2580539,6,1,12,14,2,3,3,2,3,2,3,2,2,2,1
1.3402846,1.3184053,99,2,15,4,2,3,2,4,1,3,3,3,2,2,2
1.0904211,1.3555778,8,1,3,6,3,2,1,2,3,1,2,1,2,2,2
1.1562697,0.7575398,5,1,4,6,4,4,2,4,1,3,4,2,4,2,2
1.1286515,0.8960357,7,1,5,8,3,5,2,2,2,2,2,3,1,3,2
0.8650894,0.7006544,99,1,5,8,5,5,2,5,2,2,4,2,2,5,2
1.0324869,1.2583588,7,1,3,9,2,2,1,3,2,2,3,2,3,2,2
1.3297808,1.0428925,6,1,5,4,2,3,2,2,2,1,2,2,1,2,2
0.9504011,0.7365173,7,1,5,8,2,2,1,2,3,2,2,2,1,2,2
0.9611408,1.2111994,7,3,14,12,3,3,3,3,3,3,3,3,3,3,2
0.941641,0.8042079,8,1,9,11,2,2,2,2,2,2,2,2,2,2,2
0.9130955,0.7696593,99,1,9,11,2,1,2,3,4,2,3,2,2,2,2
1.0539447,1.2980847,5,1,12,9,2,1,2,3,2,1,2,1,2,1,1
1.2431663,0.8277494,5,1,4,14,3,3,1,4,2,5,2,2,1,2,1
1.1395994,1.4470807,0,1,3,4,2,3,1,2,2,2,3,1,2,1,1
0.7665464,1.0368001,7,1,7,9,2,2,2,2,2,2,2,2,2,2,2
0.9231871,0.9273788,7,2,15,4,2,2,2,2,2,2,3,2,2,2,2
0.9700822,0.8213033,9,1,9,11,2,2,4,2,3,1,1,3,2,3,2
1.167661,0.9307243,99,1,5,8,3,3,3,3,3,2,2,2,3,3,2
1.1268445,0.9424441,5,1,9,12,2,2,3,4,3,2,2,2,2,5,1
1.2980295,1.3408945,7,2,15,8,2,2,3,2,3,3,2,3,3,3,3
0.8628582,0.7269822,99,1,9,12,1,4,5,2,5,2,1,1,3,5,1
1.1592388,0.977203,7,1,9,12,2,3,2,2,3,2,2,3,2,2,2
1.0935768,0.8342851,7,1,5,8,2,3,2,2,2,2,2,2,2,2,2
1.115877,0.9454781,8,1,9,12,2,1,1,2,3,2,4,5,1,1,2
1.2216749,0.9725289,2,1,5,6,1,3,1,1,3,1,2,2,2,2,2
1.1024725,1.1054398,99,2,15,8,2,3,3,2,2,2,3,2,2,2,3
0.8750266,0.7598004,99,1,9,12,1,2,2,1,4,1,3,2,3,1,2
1.1635536,1.4544574,99,1,3,16,2,2,3,2,3,3,5,2,2,5,2
1.115877,0.8833321,5,1,5,14,2,3,3,2,2,2,2,2,1,2,2
0.8534264,0.6903346,10,1,9,12,1,1,2,1,4,3,4,1,4,4,2
0.9043486,0.7574862,99,1,9,13,2,2,2,2,5,5,3,2,3,2,4
1.4909024,1.2770157,10,1,9,13,2,1,1,1,3,4,3,1,4,1,1
1.4000165,1.7416395,7,1,3,8,2,2,1,2,2,1,2,5,2,2,2
1.0522103,0.8702521,8,1,9,12,1,3,2,3,4,1,2,3,1,3,2
0.7396407,0.9745261,9,1,7,9,1,2,1,1,2,1,2,3,2,3,2
1.2717385,1.515896,99,1,12,8,1,4,1,1,4,2,2,2,1,1,2
1.020231,0.798501,6,1,5,8,3,4,1,2,5,4,3,2,3,2,2
1.1724757,1.2951907,9,1,8,10,2,2,4,2,2,3,2,3,3,3,1
0.8421636,0.8588796,0,2,15,6,3,1,1,4,3,1,2,3,2,2,2
0.7959473,0.6113999,7,1,5,9,2,3,2,2,3,2,2,2,2,4,2
1.3147973,1.5642695,2,1,12,16,2,3,2,2,2,3,3,2,2,3,2
0.9264644,1.253457,7,1,7,9,2,3,2,2,2,2,3,2,2,2,1
1.2058762,1.4479339,99,1,16,16,5,4,5,5,5,5,5,5,5,5,4
0.9937996,0.9958825,99,2,15,8,3,3,2,3,2,2,3,2,2,2,2
1.0320708,1.2494105,99,1,12,14,2,1,2,2,2,2,4,1,1,1,2
0.8663138,1.0678039,99,1,12,9,2,1,3,1,4,1,2,1,4,2,2
1.1622074,1.5164663,8,1,7,8,2,2,3,2,3,1,2,3,2,3,2
0.8914181,0.7158602,99,1,5,8,3,3,1,3,2,4,2,1,3,1,2
0.6392608,0.4239542,99,1,6,13,3,5,1,3,2,2,1,3,3,3,2
0.8759727,1.089862,3,1,3,15,2,3,1,2,3,4,3,1,3,1,2
0.9757,0.7501078,5,1,5,8,4,4,2,4,2,3,2,2,3,4,2
1.1905426,0.7710903,8,1,6,10,3,3,3,1,3,2,2,2,2,3,2
1.2722293,1.5030504,8,4,16,11,1,3,2,1,4,1,1,1,1,2,1
1.2990288,1.0897646,8,1,9,11,1,4,4,1,4,1,2,2,2,3,1
1.2931662,1.6121612,1,1,3,7,3,2,2,2,2,3,2,2,2,3,1
1.0001258,1.225134,6,1,3,15,4,5,4,3,2,4,3,2,3,1,1
0.7657729,0.9303067,99,3,14,15,1,4,4,1,4,2,4,4,3,4,2
0.6536585,0.8743411,8,1,7,9,2,4,4,2,3,2,2,3,2,4,2
0.6945479,0.5544968,6,1,5,8,4,4,2,3,2,4,3,3,2,2,2
0.6562741,0.4706368,3,1,4,14,4,4,3,4,1,4,4,1,4,1,1
1.16631,0.9027439,9,1,5,8,2,2,2,2,3,3,3,2,2,2,1
1.115877,1.366802,3,3,14,15,3,3,2,3,2,4,4,1,3,1,2
1.2300112,1.3239533,99,1,8,11,1,1,5,2,2,2,1,2,2,1,1
1.1514795,1.5361049,7,1,7,9,3,3,4,3,2,2,1,4,2,4,2
1.1766145,0.9357111,6,1,5,11,1,1,4,1,3,1,2,2,2,3,1
0.7098735,0.9274531,5,1,7,9,5,5,3,2,2,2,5,3,5,4,2
1.0150708,1.2489423,5,1,12,11,1,1,3,1,4,1,3,1,1,3,1
1.2256845,1.5876449,8,1,7,9,2,4,3,2,2,2,1,4,3,4,2
1.3256336,2.7693303,4,1,10,7,3,1,2,2,1,1,3,3,2,2,2
1.2582617,1.5902514,2,1,3,2,4,4,1,3,1,4,4,2,3,1,1
1.1284357,0.9002283,5,1,5,4,4,4,3,2,2,3,4,2,3,2,2
1.0115001,0.6566149,99,1,6,14,2,2,1,3,2,4,3,1,3,2,2
0.7928738,0.6068109,7,1,5,8,3,2,2,1,2,1,3,1,3,4,2
0.7396407,0.9745261,8,1,7,8,2,3,3,2,2,2,2,2,2,3,2
1.0985308,0.7012171,2,1,6,4,3,4,1,3,2,4,3,3,4,3,2
1.0787754,0.8536877,99,1,5,8,5,2,2,5,5,2,2,2,2,3,1
1.0800005,1.2996404,3,1,3,3,4,4,2,2,2,3,3,5,3,5,1
1.2256845,0.9338771,4,1,5,8,4,4,1,3,2,4,3,3,3,2,2
1.0860872,1.4396757,7,1,7,9,2,1,2,3,2,2,2,2,2,2,2
0.869796,0.575608,99,1,1,1,3,2,2,2,2,3,3,2,2,3,2
0.7826801,0.6655236,5,1,9,12,1,1,3,1,4,1,3,1,2,1,1
1.416674,1.7726371,2,1,3,4,2,1,1,2,3,2,4,1,2,3,1
0.9407604,0.8043862,99,1,9,12,1,1,4,1,4,1,2,1,2,2,1
0.8423899,1.0442501,6,1,12,9,2,2,2,2,3,2,2,2,2,2,2
0.7250521,0.885174,3,1,12,14,3,3,2,3,1,3,4,2,3,2,2
1.0400652,0.8185073,5,1,5,9,3,4,2,2,2,2,2,1,4,2,2
0.7531205,1.0027443,7,1,7,5,2,2,2,2,2,2,2,3,2,2,1
1.0364065,1.374962,7,1,7,11,2,3,3,2,2,2,2,2,2,3,1
0.6391186,0.8061781,99,1,3,16,2,4,2,2,3,2,4,2,3,2,1
0.7345937,0.9090065,99,4,16,14,5,2,1,2,5,5,5,2,5,1,4
1.1051377,1.4619056,7,1,7,9,2,4,1,1,2,2,3,1,2,2,1
1.1514795,1.5361049,8,1,7,12,1,2,4,2,3,1,2,1,3,3,1
0.8182268,1.019876,6,1,3,7,3,4,3,2,2,2,3,2,3,4,1
1.0655063,1.4003131,8,1,7,11,1,3,4,1,4,1,1,3,2,3,2
1.0877792,0.8541365,99,1,5,14,3,4,4,2,2,2,3,2,3,2,1
0.8876982,1.1214052,0,1,3,4,4,4,1,3,2,3,4,1,4,1,1
1.2300112,1.4947231,1,1,3,4,4,4,2,3,1,4,4,1,4,2,1
1.3433056,0.9226888,2,1,4,7,4,4,1,4,1,4,3,1,4,1,1
1.1514795,1.5361049,8,1,7,9,3,3,4,2,2,2,2,3,2,3,2
0.760408,0.624873,9,1,9,11,1,1,3,1,4,1,1,2,2,3,3
1.0844026,1.3320993,8,1,3,4,4,1,3,4,2,2,3,2,2,3,1
0.7345937,0.9290966,6,1,3,7,2,2,2,2,2,2,3,2,2,2,2
0.9634852,0.9697688,2,2,15,4,4,4,2,2,2,3,3,2,3,2,1
1.3251532,1.5912613,6,1,3,4,1,1,1,1,1,1,1,1,1,1,1
1.2797964,1.0706097,99,1,9,12,1,2,2,1,4,1,4,1,1,1,1
0.9687391,1.1837904,99,3,14,8,2,3,1,3,2,2,3,2,3,2,3
0.6119802,0.5361201,8,1,9,11,1,4,3,1,4,1,2,2,1,3,2
0.6795532,0.8913342,9,1,7,11,2,2,4,1,4,1,2,3,2,4,2
0.9898354,0.9801543,4,2,15,6,5,4,1,3,2,5,3,2,2,3,1
0.7384926,0.9068476,99,3,14,15,2,4,2,2,2,2,3,2,2,2,2
0.9976318,0.9755073,8,2,15,14,3,2,2,3,2,2,3,3,2,3,2
1.040226,1.2125711,99,1,16,16,5,4,1,4,5,2,5,1,1,5,3
0.8811981,1.0781353,10,4,16,12,1,1,3,1,4,1,2,2,1,2,1
1.1925049,0.9664147,3,1,5,8,2,2,2,5,5,2,3,2,1,2,2
0.6945479,0.857987,4,4,16,9,2,2,1,5,2,1,2,2,2,2,1
1.1397359,1.5487617,8,1,7,9,2,3,2,2,2,2,5,3,5,3,2
0.8018253,0.5392703,3,1,4,7,3,3,2,3,1,3,3,1,2,2,2
0.8759727,0.7376044,99,1,9,12,2,2,1,3,2,2,3,1,3,1,1
0.9738113,0.9693744,99,2,15,4,3,2,1,4,1,2,3,1,2,2,2
0.8882824,0.757112,10,1,9,12,1,1,2,1,4,1,3,1,4,2,2
1.1347921,1.4766484,6,1,7,9,2,2,2,2,2,2,2,2,2,2,2
0.7675114,0.5938588,3,1,5,14,2,1,1,4,1,1,2,1,1,1,3
0.7852752,0.6130778,6,1,5,8,3,3,1,4,2,3,1,3,3,2,2
1.1014919,0.8945688,8,1,5,9,5,4,5,3,5,2,2,3,5,5,2
1.1117541,1.3664924,99,1,12,14,4,4,4,3,2,5,2,2,2,2,4
0.9383287,0.7946444,99,1,9,12,2,1,1,3,3,2,1,2,2,2,1
1.0971347,0.9045534,99,1,9,12,4,4,4,4,4,3,4,4,4,4,3
1.2426358,1.5941796,3,1,3,15,2,3,3,1,3,3,1,2,3,2,1
0.8234087,1.0226371,1,1,3,4,3,2,2,3,2,3,3,2,1,1,2
0.9591154,1.0671661,99,1,8,11,2,2,2,4,4,2,4,3,3,4,2
0.6883056,0.8905288,10,1,7,9,2,2,3,2,2,2,1,2,2,2,2
0.6081475,0.4183508,2,1,4,4,3,3,1,2,2,2,4,3,2,1,1
0.6795532,0.5242964,6,1,5,8,3,4,1,4,2,4,3,3,3,2,2
0.8453524,1.0087528,99,3,14,6,2,4,3,2,2,2,3,1,4,1,2
1.1163546,1.3873084,4,1,3,4,2,4,1,4,3,3,1,2,1,1,2
1.1001532,1.2214679,99,1,8,14,1,2,1,1,1,3,4,1,2,1,1
1.1791285,0.9462733,7,1,5,8,1,2,1,2,3,2,2,2,2,2,2
1.1586964,1.4086668,5,1,12,14,2,2,1,3,2,3,1,1,2,2,1
0.9558012,0.790243,99,1,9,14,2,2,2,2,3,4,1,1,3,1,1
1.0641176,1.0787596,7,2,15,14,1,4,1,3,4,1,1,1,1,1,2
1.115877,0.9454781,99,1,9,12,3,3,3,2,3,2,2,3,3,3,2
0.8660182,0.6865982,6,1,5,8,2,2,2,3,3,2,2,2,2,2,2
0.6714159,0.5767691,3,1,9,6,1,1,2,1,1,4,3,1,2,1,2
0.8976933,1.2401278,5,1,7,9,1,2,2,1,2,2,3,2,2,4,2
0.9056699,1.0881928,99,3,14,15,1,2,2,2,3,2,1,1,1,4,2
1.2101331,1.6100017,6,1,7,8,2,4,2,1,3,2,3,3,3,2,1
0.8598766,0.7045509,10,1,9,12,1,2,3,4,4,2,2,2,3,1,1
0.855733,0.8766606,6,2,15,4,2,3,2,2,3,1,3,1,2,2,2
1.0038872,1.2185893,10,1,16,16,2,2,2,3,2,2,3,2,1,3,3
0.9976318,0.9755073,99,2,15,8,3,4,4,4,2,1,3,2,4,2,2
0.9188768,0.9167464,99,2,15,15,2,2,1,3,2,2,4,1,1,1,2
1.0522103,1.1389511,3,1,8,10,1,1,1,1,4,1,3,2,1,2,2
0.9558012,1.0342382,6,1,8,10,1,2,2,1,3,1,3,1,2,3,2
0.9976318,0.9755073,99,2,15,6,2,4,1,4,3,3,3,2,4,2,4
1.4433101,1.2097912,10,1,9,11,1,1,1,1,4,1,1,2,2,1,3
1.3385803,1.7984229,5,1,7,9,2,4,3,2,2,3,2,3,2,3,2
0.8379273,0.6717045,5,1,5,8,3,3,3,3,3,3,3,3,3,3,2
1.2765564,1.0941929,8,1,9,12,2,1,3,3,4,5,3,3,2,3,2
0.891274,1.0859375,8,3,14,12,1,2,4,4,4,1,1,2,2,4,2
0.869796,1.1546639,1,1,7,9,1,3,3,2,3,2,3,2,2,2,3
0.9460899,0.9307236,9,2,15,14,5,5,1,4,5,3,5,5,3,2,2
0.9914145,1.1216853,8,1,8,11,2,2,3,2,2,2,2,5,2,3,3
0.5972465,0.4721998,5,1,5,8,1,1,3,1,4,1,4,1,1,4,1
1.0677911,1.1428878,9,1,8,9,1,3,2,1,4,1,2,2,2,3,1
0.7882817,1.0535542,7,1,7,8,3,3,3,2,2,4,3,3,2,3,2
0.6795532,0.5242964,5,1,5,9,5,2,2,2,2,5,3,2,2,3,1
1.1467766,0.9098496,8,1,5,10,5,1,3,4,2,3,2,3,1,2,2
0.9188768,0.7085251,99,1,5,4,2,4,4,4,4,5,4,4,4,4,3
1.1916192,1.4352237,5,1,12,14,2,2,2,2,4,2,3,2,3,2,2
0.8165423,0.7052793,5,1,9,12,1,2,2,1,4,2,2,2,2,2,2
0.973693,1.1959854,99,1,12,8,2,3,1,3,3,1,1,1,2,1,1
1.1032215,0.9278097,5,1,9,12,1,2,2,1,4,2,3,2,1,2,2
1.0522103,0.8702521,10,1,9,12,2,3,2,3,3,2,3,2,2,2,1
0.9721588,1.001804,99,2,15,8,3,2,3,4,2,2,3,2,2,2,2
0.9622368,0.8170488,10,1,9,12,1,1,1,1,4,3,4,1,3,1,1
0.869993,1.10296,0,1,3,4,3,4,2,3,2,3,2,2,3,5,1
0.7345937,0.9090065,5,1,12,14,1,1,2,1,4,2,2,1,1,1,2
0.6081475,0.4854104,6,1,5,8,3,3,2,3,2,2,3,3,2,3,2
0.8018253,0.9895789,5,1,3,11,1,1,2,1,3,1,4,1,1,2,2
0.891274,0.7018159,8,1,5,8,3,4,3,4,2,3,3,1,2,2,2
1.2196647,1.0088489,99,1,9,12,1,1,4,1,4,1,1,1,2,2,2
1.049803,0.8152772,8,1,5,12,2,2,3,3,2,2,2,2,3,3,1
1.3780217,1.1792123,99,1,9,8,1,1,1,1,2,1,1,1,1,2,1
0.9359086,1.1135749,99,1,16,14,1,1,4,1,3,1,4,1,2,3,1
0.6945479,0.5544968,3,1,5,8,3,4,1,2,2,4,4,2,3,2,2
1.0800005,0.8217651,8,1,5,8,1,2,3,1,3,1,2,3,1,3,2
1.3385803,1.0578599,5,1,5,8,3,4,1,3,2,3,2,1,3,1,2
1.2256845,0.9338771,5,1,5,8,3,3,2,3,2,2,2,3,3,2,2
0.8489426,0.5678179,2,1,4,7,1,4,1,2,3,2,4,1,1,1,1
0.7630792,1.0099798,5,1,7,11,2,1,2,1,4,1,3,2,1,3,2
0.8811981,1.0781353,99,1,12,15,2,2,3,3,2,2,2,2,2,3,2
1.0043168,0.7820765,99,1,5,8,3,2,1,4,2,2,3,1,4,2,3
0.7967852,0.9631823,99,3,14,14,2,2,2,2,3,2,2,2,3,2,2
0.8426958,0.8477808,99,2,15,8,3,4,3,4,2,3,3,2,3,3,2
1.0438981,1.0261601,99,2,15,2,3,1,4,4,4,1,2,1,4,3,2
0.9436474,0.7909577,10,1,9,12,1,3,4,1,4,2,3,2,2,4,1
1.0682567,0.919629,10,1,9,11,1,3,4,1,4,1,1,1,4,1,1
0.9255308,1.1500477,5,1,12,14,1,3,3,2,3,1,3,2,2,2,3
1.0594854,0.730331,5,1,4,16,3,4,2,1,3,2,3,1,1,1,4
0.7900848,0.5995948,0,1,5,9,3,4,2,1,2,4,4,2,3,1,1
0.615388,0.7605267,5,3,14,14,2,4,3,3,2,3,3,2,2,3,1
0.7105,0.5899349,5,1,5,8,4,3,4,3,2,2,2,3,1,3,2
1.1562697,1.1372812,99,2,15,14,3,2,3,4,2,1,1,2,2,1,2
1.2360791,0.8355845,2,1,4,14,1,4,1,1,4,4,4,1,4,2,1
0.7942779,0.6300594,5,1,5,8,1,2,3,2,1,2,3,3,1,3,2
0.6795532,0.5242964,99,1,5,8,1,5,2,5,5,2,1,3,2,3,2
1.1627867,0.7585212,8,1,6,14,2,2,3,2,3,2,4,2,2,2,1
0.6585779,0.5296371,99,1,5,9,2,4,3,2,3,3,3,1,3,2,1
0.9863536,0.9684985,99,2,15,15,2,2,2,3,2,1,2,2,2,2,2
1.0076993,1.2006637,99,3,14,11,1,1,1,4,1,2,4,2,1,1,3
1.0111792,0.9990662,99,2,15,16,3,4,2,3,2,3,3,2,3,2,2
0.8127138,0.991563,99,1,16,16,5,5,4,5,5,2,5,1,3,2,4
1.4946864,1.5104282,99,2,15,12,5,5,5,5,5,5,5,5,5,5,2
1.536611,1.8376697,8,1,12,11,1,3,1,1,4,1,1,1,4,2,1
1.2084668,1.4517856,8,4,16,8,1,1,2,5,2,1,2,1,1,2,4
0.7821214,0.6664762,8,1,9,7,4,1,1,3,1,1,3,2,1,1,2
0.9264461,0.7253685,4,1,5,8,3,3,3,2,3,3,3,3,2,3,2
0.6586189,0.8215577,99,1,3,4,1,1,1,1,1,1,1,1,1,1,3
0.7834541,0.7851533,3,2,15,4,2,1,2,2,2,2,2,2,1,1,2
0.8878633,1.0738678,9,4,16,11,1,2,3,1,3,1,2,2,2,3,2
1.3004249,1.5693487,10,3,14,12,1,1,4,1,4,3,1,3,1,2,2
0.7511808,0.5099952,3,1,4,7,3,4,1,4,2,3,4,1,4,2,2
1.151958,1.1544873,5,2,15,6,3,2,3,3,2,2,3,3,2,2,1
1.1472081,0.7753362,2,1,4,14,4,4,1,4,1,4,3,1,3,1,1
0.9198211,0.9029696,99,2,15,14,2,2,2,2,3,2,2,2,2,2,2
0.7967568,0.8001977,7,2,15,8,3,1,3,2,3,3,2,3,3,2,2
0.9469786,0.6445445,5,1,4,8,2,3,4,3,2,1,3,2,3,2,2
1.3459119,1.6752135,8,3,14,11,2,2,4,1,3,2,3,2,2,2,1
1.1198162,1.3832514,99,1,12,14,3,2,2,2,2,3,3,2,2,2,1
1.0439874,0.8743978,5,1,9,12,2,1,2,2,3,2,3,2,3,3,2
1.0011536,0.9872475,6,2,15,4,4,3,3,3,3,2,3,2,3,3,4
0.8527287,0.8584349,5,2,15,8,2,2,2,2,2,2,2,2,2,2,2
1.710302,1.7217376,4,2,15,14,5,3,3,4,1,3,1,1,3,1,1
1.2248517,1.0242541,99,1,9,12,2,2,2,2,4,2,2,4,2,2,2
1.2717385,1.549399,0,1,3,4,2,3,4,4,2,1,1,2,3,1,1
1.0396332,0.8297848,7,1,5,8,1,2,4,1,4,2,2,3,2,4,2
0.9753096,0.7561446,99,1,5,8,3,3,2,3,2,1,1,3,3,2,4
0.8978585,0.69349,99,1,5,7,2,4,1,4,3,4,4,1,3,1,2
0.9491073,1.1638451,6,1,12,11,1,1,2,1,4,1,4,1,1,1,2
0.7967852,0.6662763,10,1,9,12,1,1,4,1,4,1,1,1,2,1,1
1.011786,1.2025104,5,1,13,7,2,1,3,2,3,2,2,2,1,3,2
0.6829517,0.8604621,1,1,3,5,3,4,2,3,2,3,3,1,3,2,1
1.3334621,1.6262482,99,1,12,7,2,4,2,4,3,2,1,2,2,2,1
1.1163546,0.9389122,0,1,9,12,4,4,4,4,4,4,4,4,4,4,3
0.7967852,0.6662763,99,1,9,15,2,2,1,2,3,5,3,2,2,2,4
0.973693,0.8273166,7,1,9,12,1,2,3,1,3,1,3,3,1,3,2
0.8998768,0.9024568,8,2,15,2,3,4,1,3,2,5,5,1,2,2,1
0.7407711,0.9117448,2,1,3,4,3,2,2,3,2,2,2,1,3,2,1
1.0796065,1.1032859,5,2,15,14,2,2,2,2,1,2,2,2,2,2,2
1.2364945,1.0096051,6,1,5,8,3,4,1,4,2,3,3,2,1,1,2
0.7967852,0.6662763,9,1,9,12,2,2,1,3,4,1,2,1,2,1,1
0.891274,1.0859375,99,1,16,15,2,2,2,5,3,2,3,2,1,5,4
0.9873759,0.849197,99,1,9,10,1,1,1,1,4,1,1,1,1,1,2
1.2364945,1.5967135,6,1,3,10,2,1,1,2,2,5,1,1,2,1,1
0.9873759,1.2276161,7,1,12,14,3,3,2,5,2,2,3,1,3,2,1
0.8397315,0.8376991,99,2,15,14,5,5,5,5,5,5,5,5,5,5,2
0.8759727,0.6891218,99,1,5,16,2,3,2,3,5,2,2,2,3,3,2
1.1767976,0.7838383,1,1,4,6,4,4,1,5,1,3,4,2,3,2,2
1.0539447,1.2980847,99,4,16,14,5,5,5,5,5,5,5,5,5,5,4
1.3334621,1.7867711,5,1,7,10,3,4,4,3,2,4,4,3,3,3,3
1.0111792,0.9990662,99,2,15,16,3,3,2,3,5,5,5,2,3,2,4
0.8727244,1.0585454,99,3,14,14,5,1,2,5,2,2,3,2,2,5,2
1.4441137,0.9985937,99,1,1,6,1,1,4,1,5,1,3,5,1,1,2
1.0819564,1.0892245,0,2,15,4,5,3,1,4,2,2,3,2,1,2,1
1.1315596,0.9710596,7,1,9,9,1,1,1,1,5,2,1,1,3,3,4
1.1163563,0.9394695,7,1,9,12,1,2,2,1,4,2,3,2,1,3,2
0.7826801,0.9620942,6,1,12,14,2,1,2,2,3,5,2,2,2,5,2
0.9577599,0.8278773,5,1,9,14,1,1,3,2,3,1,1,1,1,1,1
1.040226,1.0139571,7,2,15,8,2,2,1,1,2,1,2,2,1,1,2
0.9589374,1.1399139,99,3,14,15,1,1,1,1,3,4,1,1,1,5,4
1.276228,0.9914785,3,1,5,8,3,4,2,2,2,2,3,3,2,2,2
1.1603514,1.3764201,99,1,12,11,3,3,2,1,2,4,2,1,1,2,2
0.9870259,0.753457,6,1,5,8,1,4,5,1,1,1,1,4,3,3,2
1.040557,0.7288119,3,1,4,5,3,4,2,5,2,2,4,2,5,3,2
0.6969216,0.6001788,7,1,9,12,1,1,2,2,2,1,3,3,1,3,3
0.7852752,1.0422678,7,1,7,11,2,3,3,2,3,2,3,2,2,2,1
1.4909024,1.2770157,99,1,9,12,1,2,1,1,2,2,1,1,4,1,1
0.9544851,0.7829226,8,1,9,8,1,1,2,2,3,2,4,1,1,2,2
1.0154166,1.008638,99,2,15,16,5,2,2,5,5,2,5,5,2,4,4
0.6479567,0.4427833,3,1,4,7,5,4,3,3,3,3,5,1,2,2,1
0.7939541,0.6110936,7,1,5,8,2,2,2,2,5,3,2,2,2,2,2
1.1223333,0.8991078,5,1,5,15,2,3,5,5,3,5,2,2,2,5,3
1.1209209,0.7288625,2,1,6,11,2,3,1,3,2,3,1,3,2,2,2
0.9030534,0.9133179,8,2,15,8,2,2,2,2,2,1,2,2,2,2,2
0.9867265,0.9786747,3,2,15,4,2,4,3,4,2,3,3,2,3,2,3
1.0249889,0.860848,99,1,9,8,2,4,2,2,3,2,2,2,1,3,2
1.0720278,0.7127239,3,1,4,15,4,4,1,3,1,4,4,1,4,1,1
1.0149571,1.2479607,0,3,14,15,1,1,1,1,4,2,1,1,4,1,2
0.7980984,0.6874771,99,1,9,12,1,1,3,1,4,3,1,1,1,1,2
0.6945479,0.477893,3,1,4,7,2,4,4,4,2,2,4,3,3,2,1
1.2614174,1.6799693,10,1,7,9,1,1,2,1,1,2,2,2,1,1,1
0.9494297,0.9419248,3,2,15,8,3,3,2,3,3,1,2,2,4,2,1
0.7852752,1.0422678,7,1,7,8,1,5,2,2,4,2,1,2,1,5,2
1.2934636,0.8825446,3,1,4,6,3,4,2,3,1,2,4,2,2,2,2
0.7880473,0.9812657,3,1,3,4,1,2,3,1,1,2,3,4,2,2,3
0.7880473,0.8027959,7,2,15,5,3,3,3,3,2,2,3,3,2,2,2
1.0464308,0.8795859,2,1,9,12,1,5,2,1,3,5,2,5,2,1,4
0.9738113,0.9693744,5,2,15,8,3,2,1,3,1,2,1,2,1,2,1
1.1548647,0.9559094,5,1,9,11,2,2,4,2,2,1,2,2,2,3,2
0.7591392,0.6531787,5,1,9,12,2,2,2,3,2,2,2,2,2,2,2
1.057996,1.3925365,8,1,7,14,3,3,4,2,2,3,3,2,3,3,2
0.8015094,0.8391168,6,2,15,8,3,3,2,2,2,2,4,3,1,2,2
0.9033561,1.1098108,10,1,3,4,1,1,5,1,1,1,1,1,1,1,1
0.935748,0.7216632,8,1,5,8,4,2,3,3,3,3,3,3,1,4,3
0.6883056,0.5606757,7,1,9,12,2,2,4,2,3,2,2,2,3,2,2
0.8811981,0.9015414,99,2,15,12,1,2,3,1,4,2,2,3,2,2,2
0.8583171,0.6990336,4,1,5,8,2,2,2,3,3,2,3,2,1,2,2
0.891274,1.0859375,99,1,16,16,5,5,5,5,5,2,2,2,2,5,4
1.2528572,1.0842111,99,1,9,12,1,1,1,1,2,1,1,1,1,1,2
0.952022,0.7513909,7,1,5,9,3,3,2,3,2,3,2,2,3,2,1
1.3709025,1.6928372,7,1,3,4,2,2,2,2,2,2,2,2,2,2,3
0.9469786,0.8004768,5,1,9,12,1,1,2,2,1,2,1,1,1,1,1
0.9166294,1.2338287,8,1,7,9,5,3,3,2,5,3,2,5,2,2,1
1.0800005,1.2715379,4,1,13,15,4,4,2,3,2,3,3,2,3,2,2
0.8811981,1.1019634,3,1,3,7,3,4,2,3,2,4,4,1,4,2,1
1.0033355,1.2092462,99,3,14,8,1,1,2,1,1,1,1,1,1,1,1
1.5028368,1.275418,10,1,9,11,2,2,2,2,2,2,2,2,2,3,2
0.675231,0.6969904,6,2,15,12,1,2,2,3,1,3,2,1,3,1,2
1.2810627,1.0345749,5,1,5,8,3,2,2,3,2,2,2,2,2,2,2
0.8211153,0.8444256,99,2,15,8,3,4,4,4,3,3,3,3,5,5,4
0.7904227,0.9704413,5,3,14,12,2,2,2,2,2,2,2,2,2,2,3
1.096802,1.3417393,8,1,3,7,1,1,1,2,2,2,2,2,1,2,1
1.0154166,1.008638,6,2,15,8,2,3,2,2,3,3,3,1,3,3,2
1.1809794,1.1601307,6,2,15,8,3,2,1,2,3,3,2,3,2,3,2
1.0824461,1.0872761,99,2,15,15,1,4,1,3,3,3,3,2,2,3,2
1.1603514,0.9521313,5,1,9,11,1,1,2,1,1,1,1,2,1,2,3
0.7225016,0.8746476,99,4,16,16,3,5,1,5,5,5,3,1,4,2,4
0.7630792,0.635882,6,1,9,12,2,2,2,4,3,2,3,2,2,2,3
0.965268,1.17772,1,1,3,4,2,4,2,1,3,2,4,1,3,1,2
1.1698967,0.9381814,3,1,5,16,4,4,2,4,1,2,4,2,2,2,4
0.8322656,0.6683918,3,1,5,8,3,3,2,3,2,3,3,2,2,1,1
0.9198211,0.9029696,99,2,15,14,3,1,2,4,1,5,2,3,1,3,4
1.0292856,0.6688725,8,1,6,11,1,1,4,1,4,2,3,2,3,3,2
0.9130955,0.7696593,7,1,9,12,2,1,1,2,2,2,2,1,1,1,2
0.869993,0.7464689,5,1,9,12,3,1,2,2,2,2,3,2,2,1,2
1.0753486,0.8484477,4,1,5,8,3,4,2,3,2,2,3,2,2,2,2
1.1724757,1.4306318,9,1,13,8,1,2,1,1,2,1,2,2,2,2,2
1.1952567,1.4564996,99,1,12,14,4,2,1,2,1,2,2,1,2,1,2
0.6702074,0.5469356,8,1,5,8,2,4,2,4,3,3,3,2,2,3,3
1.1476673,1.1547056,2,2,15,12,2,2,3,2,2,3,3,2,1,1,2
0.7531205,0.9126582,99,3,14,8,2,1,3,2,2,1,2,4,2,2,2
1.2569802,0.9764323,4,1,5,5,2,3,2,3,2,2,2,3,2,3,2
0.764132,0.9410001,10,1,3,4,1,1,1,1,1,1,1,1,1,1,1
1.3303132,1.6361903,7,1,3,8,2,3,2,2,2,2,2,2,1,2,2
1.2717385,1.515896,5,1,12,14,3,1,2,4,1,2,3,2,3,2,3
0.9755715,0.7509531,99,1,5,15,2,4,4,3,1,3,2,2,2,2,2
0.7880473,0.6204562,8,1,5,8,2,1,2,2,2,1,2,2,3,2,2
0.9591154,1.2951148,9,1,7,9,5,4,2,1,5,5,1,3,2,3,1
0.8868207,0.5809835,1,1,1,8,4,3,1,3,2,3,3,2,4,2,1
1.040315,0.8639996,99,1,9,12,1,1,4,1,3,1,4,2,2,2,2
0.7143337,0.4836726,3,1,4,4,3,3,1,3,2,3,3,2,3,2,1
1.1603514,0.9521313,2,1,9,12,4,4,4,3,4,4,4,4,4,4,3
0.8305522,1.0050404,99,1,16,8,3,3,2,4,1,3,3,2,3,3,2
0.7852752,0.9486308,7,1,12,16,2,1,2,2,3,3,1,2,2,2,2
0.7880473,0.9600475,7,4,16,15,3,4,3,4,4,3,3,4,3,3,3
1.2481769,0.9947696,8,1,5,9,3,2,1,4,1,3,2,2,2,3,2
1.1884292,1.1832272,6,2,15,16,2,2,2,4,2,2,2,2,2,2,2
1.040226,1.0139571,2,2,15,2,4,4,1,4,2,4,3,1,4,2,2
1.1014919,1.5208187,10,1,7,11,2,2,1,2,3,1,3,2,2,3,2
1.057996,1.0598316,99,2,15,14,2,1,1,1,2,1,1,1,2,1,1
1.1476673,0.9552229,8,1,9,11,4,1,3,2,2,2,4,2,2,2,2
1.147429,0.9556286,5,1,9,12,1,3,1,1,4,2,1,1,3,1,2
0.7557791,0.5969281,8,1,5,8,4,3,2,5,2,2,3,2,2,3,2
1.3608673,1.1006858,6,1,5,8,2,2,2,3,2,2,2,3,1,2,2
1.1916192,1.2001402,5,2,15,15,3,3,1,3,2,1,3,2,2,2,1
1.2899414,0.8550528,3,1,4,7,3,4,2,3,2,3,3,2,2,2,1
1.3535379,1.126922,99,1,9,12,1,1,3,1,4,1,3,1,1,1,4
1.3866086,1.3694451,4,2,15,4,3,2,3,3,5,4,2,2,3,2,2
0.9836383,1.1931152,5,1,12,14,4,4,2,4,2,3,2,1,1,2,1
0.9346198,0.9225502,4,2,15,3,3,4,1,3,1,2,2,3,5,2,2
0.7491669,0.9736455,7,1,7,9,1,3,2,3,3,1,3,2,2,3,2
1.0677911,0.7031496,9,1,4,11,1,4,4,1,4,1,1,2,2,2,2
1.3402846,1.732282,6,1,7,8,2,5,1,1,4,1,1,3,1,1,1
0.9596431,0.9401761,6,2,15,11,2,2,2,2,2,1,2,2,2,3,1
0.9544851,1.1318086,99,1,12,8,3,4,2,3,1,2,3,2,2,2,2
0.832729,0.6691821,9,1,5,8,2,1,2,2,2,2,1,2,1,1,1
0.8392012,1.0373331,7,1,3,4,2,3,1,1,2,1,3,1,1,2,2
1.1476673,1.4114087,7,1,3,2,1,2,4,4,1,1,1,1,5,1,2
0.7963473,0.799242,8,2,15,4,4,3,1,4,2,2,3,2,2,3,2
0.9836383,0.6645572,99,1,4,8,4,4,2,3,2,3,3,1,3,1,2
1.0439874,0.8169239,99,1,5,8,2,3,2,3,2,5,2,2,2,2,2
1.0288551,0.7862008,4,1,5,8,4,4,1,4,1,2,1,1,4,1,2
0.753349,0.5063749,5,1,4,7,4,4,1,4,1,4,2,2,3,1,1
1.0844026,1.3032949,7,1,12,14,3,2,2,1,2,2,2,2,2,2,2
0.6799933,0.6841423,6,2,15,12,2,2,1,2,1,1,3,1,1,2,2
0.9794456,0.9866868,5,2,15,8,3,3,2,3,2,3,3,2,3,2,2
1.3028591,1.2990432,7,2,15,13,2,2,2,2,2,2,2,2,2,2,2
1.1764827,1.4467117,99,3,14,14,3,3,2,3,3,3,3,3,3,4,2
1.3385803,1.0578599,6,1,5,8,3,4,1,2,3,3,3,2,3,2,2
1.0682567,1.358816,6,1,3,8,2,2,2,1,2,1,3,1,2,2,2
1.0149571,1.2479607,99,1,16,16,1,5,1,5,5,5,2,5,1,1,4
1.3846309,1.4015285,99,2,15,2,3,3,3,3,3,3,3,3,3,3,3
0.8127138,0.6859084,5,1,9,15,2,2,2,2,2,2,3,2,2,3,1
1.3298311,1.3175149,99,2,15,12,1,1,2,1,3,1,1,1,1,1,1
1.2481769,0.9947696,6,1,5,11,2,2,2,3,2,2,2,4,2,4,1
1.3402846,1.0189548,7,1,5,8,2,2,2,2,2,2,2,2,2,2,2
0.9836383,1.1931152,10,3,14,12,4,1,4,4,4,1,4,4,4,4,2
0.9757,1.1863127,6,1,3,14,3,4,5,4,2,2,3,5,5,2,2
1.0214366,1.2498397,8,1,12,12,2,2,2,2,3,3,3,2,3,2,1
1.1508248,0.9207997,6,1,5,8,3,2,1,3,3,3,4,3,1,2,2
0.7218339,0.8762474,99,1,12,14,2,2,2,2,2,2,2,2,2,2,2
1.1436303,1.364468,99,3,14,15,3,4,1,3,1,2,3,2,2,3,2
0.7876423,0.8018371,6,2,15,13,2,1,2,2,2,1,1,1,2,1,2
0.9790153,1.0084223,7,1,11,9,1,3,2,1,3,2,3,2,3,3,1
1.2990288,1.5753855,0,4,16,6,1,2,3,2,3,3,4,1,2,1,1
0.7852752,0.9486308,6,1,12,8,2,2,2,2,5,2,5,5,3,3,2
0.7939541,0.7906818,99,2,15,11,3,4,2,3,3,4,3,2,3,3,4
1.0701292,1.3356934,2,1,3,11,1,2,1,1,4,1,1,2,2,1,3
0.9836383,0.8253312,7,1,9,12,1,4,2,1,3,1,4,4,1,2,3
0.7939541,0.7906818,99,2,15,14,2,2,1,4,3,1,4,2,2,1,4
1.1166129,0.8744354,5,1,5,8,1,2,4,1,4,1,4,2,4,3,2
0.6768672,0.4607259,4,1,4,8,3,4,4,4,2,4,3,3,3,2,2
1.0844026,1.0898207,3,2,15,8,4,4,1,4,1,3,2,2,2,2,3
0.7633476,0.9346992,6,4,16,6,3,4,3,4,2,2,3,2,2,3,1
0.9906781,0.8225939,6,1,9,12,3,3,3,3,3,2,4,3,3,2,2
0.8730641,1.1162341,1,1,3,3,4,4,1,2,2,4,4,1,4,1,1
0.7955592,0.6286934,3,1,5,8,3,4,1,1,2,2,4,2,2,2,2
1.245837,0.6995596,7,1,2,9,3,1,1,3,1,1,2,2,2,1,2
0.9787525,1.2102523,0,1,3,2,4,4,1,4,1,4,4,2,4,1,1
1.0438981,1.0261601,7,2,15,8,4,4,3,4,3,4,2,2,3,3,1
1.0438981,1.2271644,3,3,14,15,4,4,1,4,1,3,3,2,3,2,1
1.096802,1.3417393,1,1,3,4,4,4,1,4,1,4,4,1,3,1,1
1.1129919,1.3541783,10,1,16,12,1,1,4,1,4,1,1,1,4,1,1
0.5829493,0.4863432,9,1,9,12,1,1,4,1,3,1,1,1,2,2,1
0.8493059,0.7002909,6,1,9,12,1,2,1,2,3,3,2,1,2,2,3
1.1754382,0.9819955,99,1,9,12,2,4,2,3,4,2,4,1,2,2,2
1.2453774,0.9890774,5,1,5,8,2,1,3,1,3,1,1,1,1,2,1
1.1698967,0.9381814,5,1,5,14,4,1,1,4,2,3,5,1,2,2,1
0.9284352,0.5267472,10,1,2,4,1,2,2,2,1,2,2,1,1,1,1
0.6702074,0.4713764,7,1,4,5,2,2,2,2,3,2,2,2,2,2,2
0.7557791,0.923642,4,1,16,16,5,2,5,3,2,3,5,1,3,3,4
1.2404425,1.2695456,8,2,15,7,1,2,1,1,1,2,1,2,1,2,2
0.8397315,0.8376991,8,2,15,8,3,3,3,3,3,3,3,2,2,3,2
0.9544851,1.1568229,4,1,3,12,2,4,1,3,2,3,3,1,3,3,1
0.7665464,0.5256092,2,1,4,14,4,4,1,4,1,4,4,2,4,2,1
0.7429776,0.5789628,9,1,5,12,2,2,2,2,2,2,2,2,2,2,2
0.9062235,0.8858212,5,2,15,3,2,2,1,3,4,2,1,1,1,2,2
0.7574898,0.5087949,3,1,4,14,1,5,5,1,3,2,5,3,4,5,2
1.0844026,1.3032949,4,3,14,14,3,4,1,3,2,3,3,5,2,2,2
1.4254839,1.7075313,5,1,12,14,2,3,3,2,3,3,3,3,2,3,2
0.9557917,0.6216995,9,1,6,8,2,1,2,1,2,1,1,1,1,2,1
1.0111792,0.9990662,3,2,15,2,2,2,2,4,1,2,3,3,3,3,3
1.2409966,1.5456468,2,1,3,4,3,3,3,3,3,3,3,3,4,3,1
1.3807483,1.4101528,10,2,15,11,1,1,4,1,4,1,3,1,4,2,2
1.040226,0.8387896,9,1,9,8,4,2,3,1,4,1,3,2,1,4,3
0.7792065,0.8459306,6,1,8,8,2,1,2,2,3,1,1,1,1,2,2
0.9738113,0.9693744,99,2,15,14,2,1,1,3,2,2,2,1,2,1,2
1.2078009,0.9499521,99,1,5,13,2,3,1,3,3,2,3,2,1,2,3
0.704624,0.7231682,5,2,15,14,4,2,1,4,2,4,4,2,3,2,2
0.9899659,0.7566784,7,1,5,8,2,2,2,2,2,2,2,2,2,2,1
0.9903037,0.8140405,10,1,9,12,4,4,1,4,3,4,3,1,1,1,2
1.0716226,0.8759468,4,1,9,12,1,4,1,2,4,3,4,2,1,2,1
1.1806358,1.2243057,7,2,15,3,1,2,1,3,3,1,1,4,5,3,2
0.7852752,0.6562104,99,1,9,10,3,2,1,3,2,2,2,2,1,1,2
0.7528359,0.9031683,7,3,14,4,2,4,3,4,2,3,3,2,2,3,2
1.1436303,1.364468,8,3,14,6,3,3,2,3,2,2,3,2,2,3,3
1.0284433,0.7925281,99,1,5,14,4,4,4,4,4,4,4,4,4,4,3
0.8127138,0.6859084,10,1,9,12,1,1,4,1,4,2,3,1,4,1,1
1.3631805,1.6844096,2,1,3,6,3,4,1,4,1,3,3,2,2,3,2
1.0438981,1.0261601,7,2,15,14,3,1,1,4,1,2,2,2,3,4,1
1.416674,1.1996976,8,1,9,12,1,2,4,2,4,1,2,1,2,3,1
1.3806107,0.9312962,3,1,4,7,4,4,1,4,2,3,4,2,4,2,2
1.0324869,0.7956627,99,1,5,4,1,1,1,1,1,4,1,3,1,1,1
1.2041907,1.4601467,1,1,3,4,4,4,3,4,1,4,2,1,4,1,2
0.9374512,0.7425772,5,1,5,8,3,4,1,4,3,3,3,3,4,4,1
1.1333094,1.3654438,99,1,12,8,4,4,1,4,2,2,2,2,3,4,2
0.9346198,0.5870047,99,1,6,14,3,3,1,4,2,2,2,2,2,2,4
1.0641176,1.0787596,7,2,15,8,2,2,2,2,2,2,2,2,2,2,2
1.1274064,0.9645292,9,1,9,12,1,1,2,1,4,1,2,2,1,2,1
1.3152945,0.8410366,99,1,6,13,2,4,2,3,2,2,1,1,1,2,2
1.0739068,1.3517684,6,1,3,4,1,2,2,2,2,2,1,1,2,1,2
1.1672728,1.206948,5,2,15,12,3,3,3,3,3,3,3,3,3,3,2
0.6525941,0.6625381,8,2,15,8,2,3,2,2,2,2,3,2,1,2,2
0.9123252,0.7576469,4,1,9,12,4,4,4,3,4,1,3,3,3,1,2
0.7900848,0.5995948,7,1,5,8,2,4,4,2,2,2,2,3,2,4,2
1.0112565,1.2151136,10,3,14,11,1,1,2,1,4,2,4,2,1,3,2
0.9738113,0.9693744,4,2,15,8,4,4,2,3,2,4,1,2,3,2,2
0.761444,0.9097043,9,3,14,12,2,2,1,5,3,1,5,1,3,4,1
0.7633476,0.6040741,7,1,5,8,2,2,1,2,2,1,2,1,2,2,1
0.9578544,0.7923451,99,1,9,14,2,4,1,3,2,3,3,2,3,3,1
1.0073184,0.6618078,9,1,4,2,4,2,1,4,2,1,2,1,3,1,1
1.0632255,1.3269827,5,1,13,14,2,3,2,1,4,3,4,2,3,2,1
0.8497291,0.8482265,99,2,15,14,5,4,1,3,2,3,5,2,3,2,2
1.1680697,1.3918819,2,3,14,14,3,3,2,3,2,1,3,2,2,2,2
1.1209209,0.8853196,99,1,5,8,4,4,1,4,2,3,4,2,3,2,2
1.1467766,0.9098496,5,1,5,16,1,2,1,3,3,2,2,3,2,2,1
1.0086973,1.0257415,6,2,15,11,1,4,4,2,3,3,2,2,2,2,2
1.1603514,1.18033,8,1,11,10,3,5,3,3,1,2,1,1,1,3,1
0.8689779,1.0980757,2,1,3,11,2,2,4,2,3,1,2,1,2,3,1
0.9221205,0.7674997,8,1,9,11,1,3,2,1,2,2,3,1,3,2,2
0.7345937,0.9090065,5,1,12,14,1,2,1,1,4,2,4,2,1,2,3
0.7880473,0.6204562,10,1,5,8,1,1,1,1,1,1,2,1,1,1,1
0.7880473,0.9600475,99,3,14,2,3,3,3,4,3,2,5,4,3,3,3
0.9591154,1.2951148,7,1,7,9,2,2,3,1,2,2,2,2,2,3,2
1.1102924,1.3278518,99,1,13,4,3,4,2,4,3,2,2,2,3,2,2
0.9360319,0.6092333,9,1,1,2,5,5,5,5,2,5,5,5,2,5,1
1.3009474,1.1156304,9,1,9,12,1,1,4,1,4,2,3,1,3,2,2
1.0288551,0.7862008,3,1,5,8,4,4,1,4,2,3,1,2,2,3,1
0.7880473,0.9600475,4,1,12,14,4,4,1,4,2,4,3,1,4,2,1
0.7963473,0.799242,6,2,15,4,3,3,3,4,2,2,3,2,1,4,2
1.2453774,1.5642486,4,1,3,4,3,4,1,3,2,3,3,2,2,2,1
1.2931662,1.577301,8,3,14,8,1,2,1,1,1,1,2,1,2,1,2
1.076808,1.3277707,99,1,12,14,5,4,5,5,5,5,5,2,4,5,2
0.9469786,1.1827605,3,1,3,4,3,3,1,3,2,2,3,2,2,3,2
0.7501947,0.7742352,4,2,15,3,4,3,2,3,2,4,3,2,3,3,2
0.9976318,0.9755073,99,2,15,16,4,4,1,4,1,4,3,3,5,2,2
0.7852752,0.9486308,8,1,16,8,2,4,2,3,2,3,4,2,2,2,3
0.8018253,0.968181,99,1,12,14,3,2,2,2,3,2,2,2,2,3,1
0.7876423,0.958901,99,3,14,14,3,2,3,3,3,3,2,2,3,2,2
1.0324869,1.2583588,0,1,3,4,4,4,2,4,5,4,4,1,4,2,1
0.8793629,0.8999329,7,2,15,3,2,2,2,3,4,2,1,3,3,2,3
1.1806358,0.9462282,6,1,5,8,4,3,2,4,3,3,3,2,3,2,3
0.9379191,0.9336531,5,2,15,14,4,3,1,4,1,3,3,4,1,4,1
0.7880473,1.0548115,8,1,7,9,5,4,5,5,5,5,5,2,3,5,1
1.2322184,0.9661152,6,1,5,8,2,3,2,3,3,2,3,2,1,2,2
0.7852752,0.7932491,7,2,15,8,5,2,5,2,1,1,5,1,5,3,1
0.8426958,0.8477808,9,2,15,8,2,3,2,2,1,1,2,2,2,2,2
0.8766447,0.7305022,8,1,9,12,2,2,2,2,3,2,3,2,3,2,2
0.6479567,0.7949526,4,3,14,8,3,3,2,2,3,2,3,2,3,2,1
0.7591392,0.9442481,99,1,12,12,3,4,2,3,2,2,2,2,3,2,1
0.8519394,0.6667653,6,1,5,8,2,4,2,3,2,2,2,2,3,3,2
0.9473839,0.7426681,3,1,5,14,2,2,2,2,2,2,2,2,1,2,1
1.4029503,1.2091802,5,1,9,12,1,3,2,2,4,5,5,2,3,2,4
1.2382648,1.0660896,6,1,9,11,1,2,3,1,1,1,2,1,3,3,2
0.7013342,0.7148771,8,2,15,8,1,1,4,1,3,1,3,1,1,1,2
1.2940172,1.0884439,8,1,9,12,5,2,1,2,2,3,4,1,1,3,2
0.8613338,1.1608611,8,1,7,14,4,5,2,3,2,2,2,2,2,2,2
1.0111792,0.9990662,7,2,15,12,1,4,1,3,3,4,2,1,1,4,1
0.929354,1.1344877,99,3,14,15,2,2,2,3,1,1,1,1,2,1,3
1.1754382,0.7907034,99,1,4,14,2,2,2,2,2,2,2,2,2,2,2
0.6479567,0.8125221,6,1,3,4,1,1,3,3,4,1,1,4,4,4,1
0.7420017,0.6037691,6,1,5,8,1,2,1,2,3,2,3,2,2,2,2
0.6749343,0.8490462,3,1,3,9,2,3,2,1,3,1,3,1,2,1,1
1.0876988,0.898914,8,1,9,7,3,2,2,4,2,2,3,2,2,3,2
0.7712412,0.835528,10,1,8,11,1,1,2,1,4,1,3,1,1,2,1
1.1555839,1.4059888,1,3,14,8,4,4,2,2,3,3,3,3,2,3,2
0.9863536,0.9684985,1,2,15,4,3,3,3,3,2,2,3,2,3,3,2
0.7852752,0.6130778,99,1,5,8,3,4,1,4,2,3,4,1,2,2,2
1.1001532,1.4823757,8,1,7,11,1,1,4,1,4,1,1,1,2,4,2
0.9113943,1.1308597,3,4,16,1,2,3,1,1,2,1,2,2,3,2,1
1.4154897,1.7360027,7,1,3,12,2,2,2,2,2,2,2,2,2,2,2
0.7393916,0.6385616,10,1,9,12,1,1,4,1,1,1,4,4,4,1,3
1.1754963,0.8984638,7,1,5,8,1,4,3,1,3,1,3,2,1,4,2
1.1828265,1.0009363,10,1,9,12,3,3,3,4,2,1,3,3,4,4,2
0.7446064,0.9061009,1,1,12,6,4,4,3,4,1,4,3,1,4,1,1
1.3256336,1.0222634,6,1,5,8,2,4,2,2,4,2,1,3,1,2,2
1.2101331,1.0136548,8,1,9,12,2,3,2,3,3,2,3,2,2,2,2
0.7852752,0.6130778,99,1,5,8,4,4,1,4,1,3,2,3,3,2,2
0.8232383,0.9974464,2,1,3,4,3,4,2,2,3,2,4,2,4,1,1
0.9596431,1.1243378,9,3,14,9,2,2,3,2,2,2,2,2,2,2,2
0.9870259,0.753457,6,1,5,8,1,2,2,1,4,3,1,2,3,3,2
0.7557791,0.5144624,8,1,4,11,2,2,2,3,3,2,2,2,2,2,2
1.2944592,1.5910549,10,1,3,12,1,1,3,1,3,1,2,1,1,1,1
1.0706136,1.0908065,6,2,15,15,2,2,3,4,2,4,2,2,2,3,3
0.7852752,0.6130778,7,1,5,8,3,4,2,3,2,3,2,2,2,2,2
1.2084416,1.4777195,10,1,3,10,1,1,1,1,1,1,1,1,1,1,1
0.8441883,0.8357096,6,2,15,8,1,1,1,1,1,2,2,1,2,2,2
1.2569802,1.5108584,99,1,12,16,3,4,1,3,2,2,3,3,1,2,2
0.9893295,1.2412637,7,1,3,9,5,2,2,3,3,3,2,3,2,3,2
0.6635163,0.8234407,99,3,14,15,1,2,4,1,1,3,2,1,3,4,3
0.6943805,0.8447939,7,1,12,14,1,1,1,2,1,1,1,2,1,1,1
1.0141008,1.2284833,99,3,14,12,2,1,2,1,3,3,2,2,2,3,2
0.7852752,1.0422678,6,1,7,8,4,4,1,4,1,1,1,2,2,4,2
1.049755,1.2503052,1,3,14,15,1,1,4,1,4,1,4,4,1,1,1
1.107116,0.8772572,99,1,5,8,2,1,2,2,2,2,2,2,1,3,1
0.6945479,0.8769495,99,1,3,14,1,1,2,1,4,2,4,1,2,1,1
1.1032215,1.3412602,7,3,14,16,4,2,2,3,3,2,2,3,2,2,2
0.9166294,0.9390423,8,2,15,15,5,3,3,2,3,2,3,3,1,1,2
1.0111792,0.9990662,99,2,15,16,3,5,5,5,5,5,5,5,2,5,4
0.6400542,0.5013278,3,1,5,14,2,4,5,5,1,5,3,5,2,2,3
1.3728055,1.6567844,99,3,14,14,2,5,2,3,5,3,3,2,3,1,2
0.9794785,1.1806144,6,1,12,9,3,4,2,5,5,3,4,2,3,3,2
1.2886173,1.5929896,99,1,3,4,4,1,1,4,2,1,3,1,1,2,1
1.005149,0.6751184,6,1,4,8,2,3,2,4,3,1,3,3,1,4,2
1.2228874,1.4935049,99,1,12,15,1,2,2,2,3,2,2,1,3,1,2
0.8234087,0.6921074,3,1,9,12,1,1,4,1,4,1,1,1,2,1,1
0.9863536,0.6451141,99,1,4,16,3,3,2,3,2,2,2,1,3,3,2
1.147429,0.9556286,10,1,9,11,1,1,2,1,4,2,1,2,1,3,1
1.096802,1.0977075,99,2,15,14,1,2,1,2,2,2,5,2,2,2,2
1.1626406,1.4287565,5,1,16,16,2,3,3,2,3,5,3,2,3,3,2
0.998411,1.2519101,99,1,3,11,1,1,2,1,1,1,1,1,1,1,4
1.1089239,1.0941548,99,2,15,12,3,3,2,3,3,2,3,2,2,3,3
1.0844026,0.9015474,8,1,9,12,2,2,2,2,1,1,3,1,1,1,2
0.8545486,0.8431135,7,2,15,12,1,1,2,1,4,1,3,1,1,2,1
1.2078009,1.4698849,5,3,14,13,3,3,3,4,3,3,4,3,2,3,2
1.0438981,1.2542862,4,1,3,4,3,1,2,4,2,3,3,2,3,3,2
0.8894622,0.8907909,8,2,15,11,1,1,3,4,4,1,3,1,4,1,2
0.9738113,0.7491996,99,1,5,8,5,4,1,4,1,2,4,4,4,2,3
1.0287795,0.8336475,9,1,5,8,2,2,1,2,2,2,3,2,2,3,1
0.8397315,0.8376991,4,2,15,12,3,3,3,3,3,3,3,3,3,3,1
1.0294579,0.8252513,5,1,5,8,1,1,1,1,4,1,4,2,2,2,2
1.1156787,0.9566401,10,1,9,11,1,1,4,1,4,1,3,2,3,4,1
0.7939541,0.7906818,5,2,15,14,3,3,2,3,3,2,4,2,2,3,4
0.7852752,0.4453683,1,1,2,4,4,2,1,4,3,2,3,3,3,1,2
1.0720831,1.3650918,9,1,7,10,2,2,3,2,3,2,2,2,2,2,1
1.2708724,1.2592974,99,2,15,11,3,1,2,2,2,2,4,3,2,1,3
0.9787525,0.990135,7,2,15,1,3,2,3,3,2,5,2,3,3,2,2
1.3251532,1.3018472,99,2,15,8,4,4,4,4,1,4,4,2,2,3,2
1.096802,0.8483843,7,1,5,8,4,4,4,4,2,1,3,2,1,2,1
0.9631664,0.5460207,2,1,2,8,3,2,2,3,2,2,2,2,2,2,2
1.2538356,0.8563008,6,1,4,8,2,2,2,1,2,3,2,3,2,3,2
0.79869,0.6858993,10,1,9,12,1,1,1,1,1,1,1,1,1,1,1
1.0388447,1.2681237,4,1,12,14,1,1,1,1,1,2,1,1,1,1,2
0.9834155,0.6364194,5,1,1,1,4,4,4,4,4,3,4,4,4,4,2
0.7880473,0.6204562,2,1,5,4,4,4,3,4,2,1,4,1,1,1,1
1.1436303,0.9438635,7,1,9,12,1,2,2,2,3,1,3,2,1,3,2
0.9791443,1.1746293,2,3,14,4,4,1,4,4,1,4,5,5,4,5,2
0.9383287,0.7424126,4,1,5,8,3,3,1,2,2,2,2,2,2,2,2
0.6752635,0.5220863,7,1,5,8,2,2,2,2,2,2,2,2,2,2,2
1.3152945,1.0934448,9,1,9,11,1,1,3,1,4,1,3,1,2,2,1
0.9829361,1.194823,8,1,12,7,2,2,2,2,2,2,2,3,3,2,2
0.8338783,0.7063875,8,1,9,12,1,1,1,1,4,2,2,2,1,2,2
1.1442046,0.9682887,5,1,9,14,1,3,1,1,4,1,4,3,1,3,3
1.1467766,1.4078333,5,1,12,14,1,2,1,2,2,3,2,2,2,3,2
1.2638996,1.5630749,2,1,12,11,1,3,2,3,4,3,3,3,3,3,2
1.2607896,0.9980919,6,1,5,8,1,1,4,1,1,1,2,1,1,4,2
0.7633476,0.6465732,8,1,9,12,2,2,2,3,2,2,2,2,2,2,1
1.1436303,1.3946244,1,1,3,4,4,3,2,4,2,2,3,2,3,3,1
1.3402846,1.5766546,99,1,12,16,5,5,3,3,5,2,5,3,3,4,3
1.0682567,0.859182,1,1,5,8,4,5,1,3,1,5,4,2,5,5,2
1.0844026,1.3032949,5,1,12,14,1,2,4,1,2,1,1,1,2,4,1
1.1586964,1.4398,99,1,3,4,2,2,2,2,2,3,2,2,2,2,2
1.1626406,1.2934929,99,1,8,8,2,1,1,5,5,1,2,3,1,3,1
0.9231871,0.9273788,99,2,15,1,3,4,1,2,2,3,4,2,3,2,2
0.7880473,0.9812657,5,1,3,7,2,1,2,1,2,2,2,2,2,2,1
0.6719403,0.5657315,10,1,9,12,1,4,2,1,3,2,3,3,2,3,1
0.9738113,0.9693744,99,2,15,4,2,1,1,3,2,2,5,5,3,3,4
1.0011536,0.9872475,2,2,15,4,4,4,1,4,1,4,4,1,4,1,1
0.7143337,0.9540774,6,1,7,11,3,4,4,2,2,3,2,2,3,5,1
1.3899729,1.7344259,6,1,3,4,3,2,1,2,2,2,2,2,2,2,2
1.2438692,0.8622156,4,1,4,7,3,4,2,4,2,4,3,1,4,2,1
0.9864835,0.7476801,99,1,5,4,3,2,2,3,4,2,2,2,2,2,2
1.2466228,1.6594748,99,1,7,9,1,2,3,1,4,1,1,2,3,3,2
0.7560084,0.9200633,9,3,14,8,1,1,3,4,4,4,4,3,2,2,1
0.8811776,1.0525913,99,3,14,15,5,3,3,5,2,5,2,2,3,2,3
0.859709,0.8767045,7,2,15,13,2,2,5,5,2,2,5,2,5,4,1
1.1947801,0.9929158,10,1,9,12,1,3,1,2,1,2,1,2,2,2,2
0.7880473,0.6641079,7,1,9,16,1,1,2,1,4,2,2,2,1,2,2
0.9353943,0.9240366,3,2,15,16,3,2,2,4,1,2,3,3,3,2,4
1.2886173,1.3032612,8,2,15,2,2,3,2,3,4,3,4,2,1,1,2
1.2141974,1.4984748,4,1,13,6,2,4,2,3,2,2,4,1,1,1,2
1.2753586,1.2744529,7,2,15,11,1,3,1,2,3,2,2,2,3,2,2
0.9251693,1.1086249,7,3,14,8,2,2,3,2,3,1,2,2,1,4,1
1.1698967,1.0041863,4,1,9,12,1,1,1,2,3,3,3,1,1,1,1
1.040315,0.8072091,5,1,5,8,3,4,2,3,2,2,3,2,2,2,1
1.107116,0.9389759,10,1,9,11,1,1,4,1,4,1,1,4,1,2,1
0.6827266,0.5203966,3,1,5,10,1,3,1,1,2,3,2,2,2,2,2
0.9964765,0.8404739,99,1,9,12,1,1,2,5,2,5,5,2,1,2,2
0.9198211,0.9029696,8,2,15,8,4,2,2,2,2,2,3,2,3,2,2
1.0249889,1.040622,7,2,15,4,2,3,1,3,1,3,3,5,4,2,2
0.7531205,0.7631686,8,2,15,4,3,4,3,3,4,1,3,4,2,2,2
1.1436303,0.7599995,5,1,4,12,3,3,3,3,2,4,3,1,3,2,2
0.8863334,0.8801977,99,2,15,12,3,3,1,4,2,2,3,1,2,3,3
0.8727244,0.684113,7,1,5,8,2,1,4,4,2,1,1,1,2,3,1
0.8545486,1.0082626,99,3,14,14,3,3,3,3,5,3,3,3,3,3,2
1.0735725,1.3463808,5,1,3,4,2,1,2,1,2,2,1,2,2,2,1
0.9899659,0.6521431,6,1,4,8,2,3,1,1,2,3,2,1,3,3,2
1.0438981,1.0261601,7,2,15,8,4,3,2,1,2,1,3,1,2,2,2
0.9622368,1.181142,5,1,12,8,3,4,2,4,2,3,3,2,2,2,2
1.2452154,0.7199043,3,1,2,2,4,4,1,4,1,3,3,1,4,1,2
0.8844508,0.9160052,8,2,15,8,1,4,5,4,4,3,4,4,1,4,1
0.8727244,1.1630317,7,1,7,9,1,1,1,1,3,1,2,3,2,3,2
1.0111792,1.1947632,99,1,16,4,4,4,1,4,1,3,1,2,3,2,1
0.9379191,1.1165371,99,3,14,14,3,4,5,3,1,1,3,1,1,2,2
0.8035817,0.6267223,6,1,5,8,2,2,3,2,2,2,3,3,2,3,2
0.9738113,0.7491996,8,1,5,8,3,4,2,3,5,3,2,3,1,2,2
0.9863536,1.158208,7,3,14,4,3,2,4,4,1,2,3,1,2,1,4
0.753349,0.5875443,7,1,5,8,2,2,2,2,4,2,2,2,2,2,1
0.6638065,0.8789462,7,1,7,9,1,4,4,1,4,1,3,2,2,3,2
0.8586925,0.8437954,5,2,15,9,2,3,3,2,3,3,2,2,2,3,2
1.2042158,1.4345212,7,1,12,14,5,2,1,3,2,2,3,5,2,3,2
0.7611586,0.7679783,8,2,15,8,1,2,2,2,2,2,2,3,3,2,2
0.8346031,1.0096651,99,1,12,14,2,2,4,2,2,3,3,2,3,3,2
0.8234087,1.0005244,99,1,12,14,2,2,5,3,2,3,2,3,3,3,2
1.2980787,1.5656843,99,1,12,14,4,3,2,4,1,3,3,1,2,2,2
0.9094225,1.0720849,99,3,14,4,2,4,1,3,1,2,4,3,4,1,1
0.9491073,1.0536612,7,1,8,9,2,4,1,1,4,1,1,1,2,5,2
1.0876988,1.0866375,5,2,15,16,3,3,2,3,2,3,3,2,2,3,2
1.1063868,1.3120611,7,3,14,9,3,3,3,4,2,2,4,3,1,2,2
0.9504011,0.6347673,0,1,4,5,3,4,1,1,2,4,4,1,4,2,1
1.4447935,1.722616,7,1,12,13,2,1,2,3,3,1,3,3,1,4,2
1.2934636,1.3249487,9,2,15,14,2,2,3,2,3,4,3,3,3,4,3
0.9829032,0.9985616,1,2,15,11,2,2,2,2,3,3,3,3,2,3,2
0.7323129,0.6196446,10,1,9,12,3,3,2,3,3,2,2,3,3,3,2
1.1603514,1.3764201,5,3,14,15,2,2,2,2,3,2,5,4,4,1,1
1.3645334,1.3676934,99,2,15,11,1,1,4,1,4,1,3,3,1,4,2
0.7872086,0.5454505,3,1,4,14,3,3,1,3,2,3,2,1,3,1,2
0.8750266,0.7098589,3,1,5,9,4,4,3,4,2,4,4,1,4,2,1
1.3009474,1.6484218,2,1,3,4,1,4,1,1,4,2,4,1,1,2,1
0.9131066,1.1091759,99,3,14,13,3,3,2,2,2,1,3,2,2,2,3
0.8863334,0.6802777,10,1,5,12,3,1,1,1,1,1,1,1,1,1,2
1.0420297,0.8328943,4,1,5,8,2,3,1,2,3,2,2,2,2,2,1
0.9898354,1.172147,99,3,14,15,1,4,4,1,4,1,1,1,1,1,1
1.3450159,1.1037683,7,1,9,12,1,2,1,1,3,3,3,3,2,2,2
0.6779829,0.475386,4,1,4,14,2,2,2,3,2,2,3,2,3,2,2
1.0677911,0.8732601,8,1,9,11,1,4,4,1,4,1,1,2,1,4,2
1.040315,1.0710756,7,1,11,4,2,3,4,4,2,2,3,1,3,1,3
0.7115884,0.8623958,99,3,14,15,1,2,3,2,3,2,3,2,2,2,1
0.9334087,0.9395856,99,2,15,14,1,1,1,2,4,4,2,2,1,1,4
1.0115001,1.0319513,8,2,15,12,1,2,2,1,1,2,1,1,2,2,1
0.8397315,0.8376991,7,2,15,16,3,3,2,3,5,3,3,2,2,3,4
1.2528572,1.0129461,5,1,5,8,2,5,3,2,3,2,2,3,3,2,2
0.6731985,0.8053786,99,1,16,9,2,5,5,1,4,5,5,5,5,5,4
1.1117541,1.1426668,5,2,15,11,2,4,3,2,3,2,3,2,3,2,1
0.6008382,0.763638,5,1,12,6,3,2,2,3,2,2,3,1,1,1,2
1.4519058,1.734408,8,4,16,8,4,4,4,4,1,3,2,2,2,1,1
0.973693,0.8273166,6,1,9,12,1,1,2,1,3,2,4,1,1,2,2
1.1010077,1.3233778,6,3,14,15,4,1,2,3,1,1,4,4,3,1,2
0.6702074,0.4713764,4,1,4,8,2,2,2,3,2,2,2,2,2,2,2
0.7323129,0.5789155,7,1,5,8,2,3,1,1,2,1,2,2,2,3,2
0.9360319,0.7188672,7,1,5,8,1,1,1,1,1,1,2,1,1,4,1
0.8843088,0.75477,7,1,9,12,1,1,4,1,3,1,4,1,3,1,2
0.6829517,0.5440719,3,1,5,8,4,4,1,4,2,2,3,3,2,2,2
1.16631,1.5347168,8,1,7,11,1,2,4,1,4,1,2,3,2,4,3
0.9198864,0.7648152,99,1,9,16,2,1,2,3,3,2,3,2,1,3,2
1.0150708,1.2489423,5,1,12,14,2,3,2,3,2,2,3,1,2,2,1
1.4946864,1.8062909,99,3,14,15,5,4,2,5,5,5,5,2,5,5,4
0.6452165,0.8642691,9,1,7,11,1,5,5,2,3,1,2,4,2,4,1
0.6218795,0.523342,6,1,9,9,2,3,2,2,3,3,2,3,1,4,2
0.8845756,0.7499271,8,1,9,12,1,2,4,1,2,1,3,2,2,2,2
1.0442302,1.3534894,2,1,3,6,3,2,2,3,1,3,3,2,3,2,2
0.8598398,1.0835621,99,3,14,15,5,5,1,5,2,1,2,1,4,1,1
1.4116906,1.7136827,5,1,16,8,5,4,2,5,2,5,5,2,5,5,4
0.9146116,0.7916808,10,1,9,11,1,1,2,1,4,1,2,2,1,3,1
1.0415896,1.4268229,6,1,7,14,5,2,2,3,1,2,4,2,3,2,1
0.5803826,0.4552463,7,1,5,8,1,4,2,2,3,2,2,3,2,3,2
0.6935118,0.5217493,6,1,5,8,1,4,3,1,4,2,2,1,3,2,1
0.7384926,0.6273071,99,1,9,12,2,2,3,2,3,3,5,1,3,2,1
0.7143337,0.4836726,99,1,4,10,4,4,5,5,1,4,4,1,2,1,4
0.753349,0.8230534,8,1,8,9,1,2,2,1,3,1,2,3,2,2,2
0.9498323,0.8274423,9,1,9,12,2,2,2,2,3,3,3,2,2,2,1
1.0168167,1.0180688,6,2,15,12,3,2,2,2,2,2,2,2,2,2,1
1.1202971,0.950776,5,1,9,12,1,1,2,3,2,1,2,2,1,1,1
1.0976857,0.9279612,9,1,9,12,2,2,2,2,3,2,3,2,1,3,1
0.613335,0.5231,5,1,9,11,2,2,3,2,3,2,1,1,4,2,1
0.6548978,0.5546766,10,1,9,12,1,2,4,1,4,1,5,1,3,5,1
1.3385803,1.7984229,6,1,7,8,3,3,3,2,2,2,2,3,3,2,2
0.6429595,0.444218,8,1,1,7,3,3,2,3,2,3,3,2,2,3,2
1.0838131,0.831655,99,1,5,8,2,2,2,2,2,2,2,2,2,2,2
0.9798579,1.178447,99,1,12,11,1,2,4,1,4,2,3,3,2,2,2
1.0579348,0.8264266,3,1,5,8,3,4,1,1,2,2,4,2,2,2,2
1.0985308,0.8517398,4,1,5,8,3,4,2,3,2,3,2,3,3,3,1
0.9656335,1.3133477,6,1,7,9,3,3,3,2,3,2,2,2,1,2,1
1.3780217,1.704693,99,1,12,14,3,4,2,2,2,1,2,2,2,3,1
1.033092,0.8939418,5,1,9,8,1,2,3,1,4,2,3,2,3,2,1
0.9103664,0.7865182,10,1,9,12,1,1,2,2,2,2,3,1,2,2,1
0.6661083,0.5710018,10,1,9,12,1,1,2,1,3,1,2,2,1,2,1
0.7967852,0.6662763,99,1,9,12,1,1,1,1,4,4,1,1,2,2,1
1.115877,0.9454781,8,1,9,12,2,3,2,2,3,2,2,2,2,2,2
0.8518863,0.4938472,6,1,2,4,2,3,4,1,3,5,3,1,3,3,2
0.8108445,0.9694079,99,3,14,10,4,1,1,4,1,4,1,1,3,1,1
1.0542133,1.2914698,3,1,3,14,3,4,5,3,2,3,3,1,3,2,1
0.7502074,0.9325291,99,1,16,14,1,1,2,1,4,2,4,1,2,3,2
1.0424092,1.2559143,99,1,12,14,4,4,1,3,1,4,4,2,4,1,1
0.836822,0.7148889,8,1,9,12,4,2,2,2,1,2,3,1,3,2,2
1.0115001,0.8536752,10,1,9,8,2,2,2,2,3,2,3,2,5,3,1
0.8018253,0.6697341,9,1,9,11,2,3,2,2,4,1,2,3,5,3,1
1.3340329,1.0437073,0,1,5,8,3,4,1,4,4,3,3,3,1,2,1
1.2717385,0.9796879,99,1,5,14,2,4,2,2,2,2,3,3,2,3,2
0.6945479,0.5544968,7,1,5,9,3,4,2,2,2,2,3,2,2,2,2
1.1593112,1.5223173,9,1,7,9,2,2,5,1,2,1,3,1,1,2,1
0.9469786,0.8004768,99,1,9,12,1,2,4,1,3,1,4,5,5,1,1
1.2300112,0.9451162,5,1,5,8,3,4,4,3,5,3,2,3,2,3,2
0.784961,0.9562654,9,1,12,11,1,3,4,1,4,4,2,4,2,4,1
1.2087328,1.0157198,6,1,9,11,1,2,1,1,4,1,3,1,2,3,1
1.049755,1.3737196,9,1,7,11,1,1,3,2,3,1,5,3,2,4,2
0.9642836,0.8035277,10,1,9,12,1,1,1,1,3,1,1,1,1,1,1
1.2990288,1.0181346,8,1,5,8,2,4,2,2,2,2,2,4,2,4,2
1.0971347,1.3076404,10,1,16,12,1,2,4,1,4,3,2,1,1,2,3
0.9700822,1.1872925,99,3,14,15,1,2,3,2,3,2,4,2,3,1,2
0.9498323,0.8274423,6,1,9,12,1,1,3,2,3,1,2,2,2,2,1
1.0535089,0.8831374,6,1,9,4,1,3,3,1,4,2,4,1,3,2,2
0.9504011,0.952965,99,2,15,15,2,2,2,2,2,2,2,2,1,2,2
1.1586964,1.4398,1,1,3,4,5,1,2,2,5,2,5,2,5,2,1
0.9491073,1.2787253,9,1,7,9,2,4,2,3,2,3,2,2,3,2,1
1.465299,1.5285691,99,1,11,9,2,4,5,1,5,5,3,1,4,2,4
1.3114229,1.6058705,3,1,3,4,3,4,2,3,2,2,2,2,2,2,1
1.0288551,1.0172495,0,2,15,4,3,2,3,3,2,2,3,2,3,2,2
1.1663728,0.9360167,7,1,5,8,2,4,1,1,2,2,3,3,2,2,2
0.8097407,0.6848303,8,1,9,12,2,2,1,3,3,1,2,3,2,3,1
0.7519106,0.8958291,8,1,12,9,2,4,2,1,2,1,3,4,3,4,2
1.1426287,1.2486641,5,1,8,5,3,3,3,3,3,3,3,3,3,3,2
0.7955592,0.6286934,9,1,5,8,2,4,3,3,3,2,2,3,2,3,2
0.439702,0.349924,4,1,5,14,2,2,2,2,3,1,5,3,1,4,1
0.753349,0.9988592,8,1,7,9,1,2,4,1,5,1,2,2,2,2,2
1.0682567,0.859182,99,1,5,8,2,1,2,2,3,2,3,3,2,3,2
1.2466228,0.9761285,3,1,5,8,2,3,2,1,2,2,2,2,2,2,2
0.5146699,0.4171196,10,1,5,8,2,1,1,2,2,2,2,2,2,2,2
1.3430974,1.0553772,99,1,5,14,3,4,1,4,2,2,4,2,4,3,1
1.5028368,1.1915851,5,1,5,14,2,2,2,2,3,2,2,2,2,2,1
0.9272885,1.1595703,99,1,3,14,3,3,1,4,2,2,2,2,3,2,2
1.1925049,1.5284071,2,1,3,16,2,3,2,2,2,4,3,2,3,2,2
0.6562741,0.4495726,99,1,6,8,1,3,3,2,3,1,1,2,2,3,1
1.3948797,1.187964,8,1,9,12,2,2,2,2,3,2,3,2,1,3,1
1.3215592,1.8000495,99,1,7,14,1,1,4,2,3,1,2,4,1,4,1
1.2129997,0.9603775,7,1,5,8,2,2,2,3,2,1,2,2,2,2,2
1.0507699,0.7213562,3,1,4,5,1,1,4,1,4,1,1,1,1,2,1
0.9491073,0.8050837,5,1,9,12,1,1,1,4,4,1,4,1,1,1,1
1.1766145,1.4478494,99,1,12,14,2,4,2,3,2,2,2,1,3,1,2
0.961046,1.2114693,5,1,3,7,2,1,3,3,2,1,2,2,2,2,2
1.0796065,0.9126863,10,1,9,11,1,1,3,1,4,1,3,3,3,3,1
1.0753486,1.4424101,8,1,7,15,2,2,2,2,2,2,2,2,2,2,2
0.6969997,0.5611702,6,1,5,8,3,4,2,2,2,2,2,3,4,2,1
1.1936884,1.2410238,2,2,15,14,2,4,1,2,2,2,3,1,2,1,1
1.0976857,1.3711275,1,1,3,4,4,4,1,4,1,4,4,1,4,2,1
1.2300112,1.6067523,9,1,7,9,1,1,4,1,4,1,2,1,1,4,2
1.3297808,1.1162642,7,1,9,11,1,1,4,1,3,1,2,3,1,4,2
0.9797516,0.7590905,4,1,5,8,2,4,4,2,2,2,3,3,2,2,1
0.7345937,0.497875,99,1,1,1,1,1,2,1,4,3,3,1,3,1,1
0.8628582,0.7269822,99,1,9,15,2,2,1,2,3,1,2,3,2,3,2
0.6685875,0.5373759,6,1,5,8,4,4,2,4,1,3,1,4,2,4,2
0.961046,0.7660143,99,1,5,8,4,4,2,3,2,2,2,3,3,4,2
1.2006755,1.5983235,7,1,7,9,3,4,2,2,2,2,1,4,2,4,2
1.049803,0.7026465,99,1,4,14,2,4,2,1,3,2,4,2,3,2,1
0.8759727,0.7376044,10,1,9,11,2,2,3,2,4,2,2,2,2,2,2
0.6102943,0.3568685,8,1,2,3,2,3,2,2,2,2,2,3,4,2,2
0.8426958,1.0362513,9,1,3,4,2,1,2,2,1,2,1,2,2,1,2
1.1431726,1.3754492,99,1,12,8,2,4,2,3,3,2,2,2,3,3,2
1.1078651,1.5479796,8,1,7,9,1,1,4,2,4,1,2,2,2,3,2
0.6991007,0.6071537,5,1,9,12,2,2,3,2,2,2,5,3,2,3,2
0.7123795,0.5909507,3,1,9,12,2,4,2,1,2,3,3,2,2,2,1
0.8062716,0.6746494,99,1,9,12,1,2,2,2,3,2,3,2,2,1,3
0.6661083,0.843695,2,1,3,5,4,4,2,3,1,2,3,1,4,1,1
1.2591414,1.0552367,99,1,9,12,2,2,1,2,5,1,3,5,2,2,2
0.929354,0.631902,6,1,4,8,3,1,2,4,1,3,4,1,3,1,2
0.8550184,0.6566511,5,1,5,8,4,4,2,3,2,2,2,2,2,2,2
1.0664989,1.3169123,2,1,3,7,4,4,1,4,1,3,4,1,4,2,1
0.7502024,0.7786764,7,2,15,15,4,3,4,1,2,3,3,3,2,5,1
1.3780217,1.101703,0,1,5,4,4,4,1,2,1,3,1,1,3,2,2
0.9870259,0.8064657,5,1,9,12,1,1,2,1,4,2,2,1,2,1,2
1.0353791,1.2609158,99,1,16,16,5,5,5,5,5,5,2,5,2,5,4
1.0150708,0.807162,5,1,5,8,3,3,3,3,3,2,3,3,3,3,2
1.2607896,0.8458736,1,1,1,1,1,1,3,1,4,1,3,2,2,3,2
1.4709278,1.0040067,1,1,4,3,1,2,2,1,2,5,5,1,5,2,1
0.930562,1.1481502,99,1,13,14,4,3,1,3,2,4,3,2,4,2,2
0.9673452,0.8155921,99,1,9,11,1,2,2,1,4,1,2,2,1,3,1
1.0456483,0.9040256,6,1,9,14,1,2,1,1,1,1,3,1,1,1,2
0.9631664,1.1630197,99,4,16,12,1,1,1,1,4,1,4,1,3,1,3
1.0178635,0.8914071,99,1,9,11,1,2,3,1,3,2,3,1,2,3,1
1.2886173,0.8292452,5,1,6,13,2,2,1,4,3,2,3,1,3,2,1
0.8452073,0.8458511,2,2,15,11,2,3,2,2,3,3,3,3,3,3,2
1.1117541,0.883132,6,1,5,16,2,4,3,3,5,1,2,2,5,3,2
1.2538356,1.0634626,6,1,9,12,2,2,2,1,3,1,2,2,1,2,1
0.677537,0.5529288,4,1,5,8,3,4,2,3,2,3,2,2,2,3,2
1.0797281,1.0546827,2,2,15,2,3,3,2,4,1,4,3,1,3,1,1
0.7927607,0.6649222,8,1,9,11,2,2,4,1,4,2,1,2,1,3,2
1.2300112,0.9451162,5,1,5,8,4,4,3,2,2,4,1,4,3,4,2
1.0976857,0.8669665,99,1,5,14,3,3,2,3,2,2,3,1,2,2,1
0.8811981,0.6967735,6,1,5,8,5,5,2,2,3,1,2,3,2,2,2
0.7577332,0.8925866,99,3,14,14,1,1,5,2,5,1,1,2,1,1,4
1.0508418,0.902591,10,1,9,12,1,1,3,1,4,3,3,1,4,1,1
0.8758051,0.7410557,99,1,9,12,2,3,3,3,3,2,2,2,2,3,1
0.7098735,0.5455421,99,1,5,11,2,3,2,3,2,2,2,2,2,2,1
1.2990288,1.0181346,6,1,5,8,2,2,2,2,3,2,2,3,2,4,1
1.1979022,1.0389845,9,1,9,12,1,2,3,2,3,1,2,2,2,2,2
1.1698967,0.7723823,99,1,6,13,2,3,2,2,3,5,3,2,2,3,4
1.1162925,1.3190868,5,3,14,15,2,3,2,2,2,1,1,1,2,2,2
0.9255308,1.04117,5,1,8,7,1,1,1,1,3,2,2,1,1,1,1
0.9558012,1.142391,99,3,14,8,1,1,1,1,2,2,1,4,4,3,2
1.3771155,0.9092106,99,1,6,14,3,3,1,3,2,3,2,2,2,2,2
0.7793701,0.6585505,9,1,9,11,1,1,4,1,4,1,1,3,2,3,2
1.1801736,0.9952087,10,1,9,12,2,2,2,1,2,3,2,2,1,2,1
1.1476673,1.3808893,5,3,14,8,3,3,1,2,2,3,1,4,2,3,1
1.1014919,0.8945688,6,1,5,8,4,4,5,3,2,2,2,3,5,4,2
1.1914591,0.9201621,99,1,5,14,1,2,3,2,3,1,3,1,1,1,1
0.9873759,1.348791,9,1,7,12,1,2,3,1,3,1,1,2,1,2,2
1.3402846,1.6115004,3,1,3,1,3,1,1,3,1,2,3,1,3,2,2
1.1586964,1.4086668,4,1,12,8,2,2,1,3,3,2,3,3,2,3,2
0.8550184,0.6566511,5,1,5,8,2,4,2,1,2,2,3,3,2,2,2
0.7900848,1.0193458,8,1,7,9,1,4,2,1,3,2,1,2,2,3,2
0.6562741,0.5460775,7,1,5,11,1,4,1,1,4,2,2,2,2,3,1
0.9634852,1.1597271,5,3,14,15,2,1,2,2,4,1,2,2,2,2,2
0.8139315,0.6702086,8,1,9,11,1,1,4,1,4,1,1,1,1,2,2
0.6894879,0.8467149,5,1,12,14,3,4,2,3,2,3,3,2,3,3,1
1.0438981,1.0261601,7,2,15,8,3,4,2,3,1,3,2,3,2,3,3
1.3004249,1.5693487,5,1,12,9,2,3,2,2,3,3,2,2,2,2,1
1.0822668,1.323369,4,1,3,4,3,2,2,4,2,2,3,3,2,3,2
0.9360319,0.7694424,8,1,9,12,2,2,2,2,2,2,2,2,1,2,2
0.907164,1.1483157,5,1,3,4,1,2,2,1,3,2,2,2,2,2,2
1.0111792,0.9990662,3,2,15,8,3,4,2,3,2,3,3,3,2,2,2
1.2934636,1.6194985,7,1,3,4,2,1,4,1,1,2,3,1,1,1,1
1.1125158,0.9432966,99,1,9,11,1,1,2,1,4,5,5,3,1,3,4
0.8452073,0.8458511,99,2,15,8,2,3,2,2,3,2,1,4,2,2,2
1.1964519,0.928978,7,1,5,8,1,1,5,1,4,2,2,5,2,3,2
1.1523936,0.9650772,10,1,9,11,1,1,1,3,3,1,2,3,1,4,2
0.9594646,1.1487213,5,3,14,14,3,4,2,3,2,3,2,2,2,1,2
1.2256845,1.4450115,6,3,14,8,1,2,2,1,2,1,2,3,2,3,2
0.8483365,0.7061974,99,1,9,11,2,2,1,1,3,2,2,2,1,2,2
1.252583,1.5577569,4,1,12,7,3,3,2,3,2,3,3,2,2,2,1
1.2475548,1.0403759,10,1,9,12,1,1,3,1,4,1,2,1,3,1,1
0.9898354,0.9801543,2,2,15,4,4,4,1,4,2,4,5,1,4,2,1
1.0250423,0.8174632,3,1,5,6,2,3,2,3,2,2,4,2,2,1,1
0.9231871,0.9273788,0,2,15,12,4,4,4,4,4,2,4,4,4,4,3
0.9264461,0.7253685,4,1,5,8,3,3,2,2,2,2,3,3,2,3,2
1.4884491,1.1562852,5,1,5,8,1,4,2,2,2,1,3,1,2,1,1
1.2293816,1.5347772,99,1,13,14,2,2,4,2,3,2,3,2,2,2,1
1.2614174,0.813548,99,1,6,13,2,4,4,3,2,3,4,3,3,2,1
0.7633476,0.6465732,99,1,9,12,2,4,1,5,2,2,3,1,3,2,2
1.0701292,1.1830925,6,1,8,14,3,3,2,5,2,5,2,2,1,3,2
1.3538861,0.7740399,99,1,2,14,2,2,5,5,5,1,5,1,5,2,1
0.7658764,0.9601218,7,1,12,14,3,4,2,3,2,2,3,2,2,3,2
1.2797964,1.5476948,5,3,14,14,1,2,2,2,4,4,3,2,1,3,1
1.1006738,0.8585946,5,1,5,14,3,4,1,3,3,2,1,3,2,3,2
1.0822668,1.2947534,99,1,12,14,5,1,2,5,2,1,2,1,1,5,4
1.2256845,1.4450115,5,1,12,14,3,4,2,3,2,3,3,1,3,2,1
0.9099856,1.1002681,99,3,14,8,1,5,2,2,3,1,1,2,2,3,2
0.9665664,1.1770165,4,1,16,14,5,4,2,5,2,2,5,1,2,5,1
1.179646,1.406947,5,1,12,14,3,4,2,2,2,3,3,2,3,1,1
1.1006738,0.9190003,8,1,9,9,1,2,2,1,3,1,2,2,2,3,1
0.8826927,0.8886943,5,2,15,4,3,3,1,3,2,2,5,3,5,2,2
1.2510234,0.8132949,4,1,6,13,3,2,3,3,3,2,3,2,3,3,2
0.7492656,0.9725496,7,1,7,9,2,1,3,2,5,2,2,3,2,4,3
0.5404741,0.6744236,0,1,3,4,4,4,2,4,1,4,4,1,3,1,1
0.9504011,1.1396319,5,1,12,14,3,4,2,3,3,2,4,2,3,3,3
1.3430974,0.8688669,6,1,6,13,2,1,1,2,2,2,4,1,1,3,2
0.8727244,0.684113,2,1,5,8,3,3,1,3,2,3,4,3,2,3,2
1.2771165,0.982304,4,1,5,8,2,4,2,2,3,2,2,2,3,2,2
1.3660802,1.6365368,99,1,16,16,3,3,2,4,2,2,3,2,2,3,1
0.753349,0.5875443,7,1,5,9,3,2,1,3,2,2,3,3,3,3,2
1.2466228,0.9761285,99,1,5,8,2,1,4,2,4,1,5,1,2,3,2
1.040315,1.2490151,99,1,16,9,1,1,4,1,4,1,4,1,1,3,1
0.9198864,1.1056322,2,1,16,14,2,3,2,2,2,3,2,2,3,3,2
1.0617583,0.8138905,3,1,5,7,3,4,1,2,2,4,4,4,2,4,2
1.2101331,1.0136548,99,1,9,12,2,2,1,1,3,3,4,1,2,2,2
1.0147488,1.0110899,3,2,15,15,3,4,2,4,2,2,5,2,2,2,2
0.7143337,0.8875554,9,1,3,8,2,3,3,1,1,2,2,1,2,1,1
1.195665,0.8025858,4,1,4,7,3,4,2,3,2,4,4,1,3,2,2
0.6476675,0.8824908,99,1,7,9,1,1,4,1,4,2,1,1,1,2,1
0.9833168,0.7707685,5,1,5,8,2,5,4,1,2,4,3,1,2,1,2
0.7560084,0.5946153,99,1,5,8,2,4,3,1,2,3,2,2,1,4,2
0.9056699,1.0881928,5,3,14,15,1,3,2,2,2,2,1,1,1,3,2
1.1540679,0.9087605,5,1,5,8,3,4,4,2,2,3,2,3,3,3,2
0.9625012,0.8252158,10,1,9,11,1,1,4,1,4,1,4,1,2,1,1
0.9738113,0.9693744,99,2,15,8,3,4,1,3,1,5,4,3,5,2,2
1.2717385,1.6655262,6,1,7,9,1,1,1,1,4,2,2,1,2,3,2
1.2722293,1.6514127,8,1,7,9,1,1,4,1,4,1,3,2,2,3,2
1.3381693,1.6458201,99,1,12,14,2,3,5,2,3,2,3,3,2,2,2
1.2677541,0.9598346,4,1,5,8,3,4,2,2,2,3,2,3,3,3,2
0.6684597,0.9178447,99,1,7,8,4,4,3,2,1,2,2,2,4,3,1
1.0542133,0.8165988,99,1,5,8,2,4,2,1,3,5,5,2,3,5,4
0.8519394,0.6667653,6,1,5,8,2,3,2,3,2,2,2,2,3,2,2
0.6945479,0.857987,8,1,16,16,5,5,5,5,2,5,5,2,2,2,4
1.1603514,1.5122831,5,1,7,9,1,4,1,1,3,1,2,2,2,3,1
1.0150708,1.2489423,9,3,14,11,2,2,2,3,3,2,3,2,2,2,2
0.8660182,1.0623908,99,3,14,4,4,4,2,4,2,3,2,1,3,3,1
1.3264183,1.0227431,7,1,5,8,2,3,1,2,3,2,3,3,4,3,2
1.3385803,1.1322846,10,1,9,12,1,5,2,1,4,1,3,1,2,2,1
1.1914591,1.5643288,99,1,7,9,1,1,4,1,4,2,1,2,1,4,2
1.2256845,1.5876449,7,1,7,8,2,4,2,2,5,5,5,4,2,4,2
0.7900848,0.5995948,5,1,5,8,2,2,4,2,2,2,3,3,2,2,2
0.6545066,0.7813624,4,3,14,9,1,3,1,1,3,2,4,1,2,1,2
1.0316151,0.8465781,8,1,5,8,1,1,2,1,3,1,1,2,2,4,2
0.8076004,1.00632,1,3,14,14,2,4,2,1,2,2,1,1,3,1,1
0.6562741,0.8636342,8,1,3,7,3,4,2,3,2,3,3,2,4,2,1
1.1724757,1.5718459,6,1,7,8,2,3,1,2,2,3,3,2,2,2,2
0.734898,0.504943,3,1,4,7,3,4,2,4,2,3,3,2,3,2,1
0.5404741,0.6598403,99,1,12,4,3,3,2,3,2,2,3,1,3,2,1
1.1754963,1.1625044,99,2,15,14,1,3,2,2,3,1,2,2,2,2,1
0.9267601,0.9360031,99,2,15,16,2,4,2,4,2,2,1,1,1,2,2
1.2677541,1.6317743,8,1,7,9,1,2,4,1,4,3,3,1,2,4,3
0.9498323,0.6551567,1,1,1,1,3,4,2,3,2,4,3,3,3,2,1
0.5718028,0.7063091,5,1,3,6,2,3,2,1,2,2,2,1,2,2,1
1.0715605,1.3058317,0,1,3,3,4,4,1,4,1,4,4,1,4,1,1
1.0877792,0.8541365,99,1,5,8,2,3,2,2,2,2,2,2,2,3,2
0.8909164,1.0723728,3,1,3,4,4,4,1,3,2,3,5,1,2,3,2
0.7393916,0.4333901,6,1,2,2,3,4,1,3,3,2,4,1,3,2,1
1.276228,1.2828542,5,2,15,8,3,4,3,3,3,3,3,3,3,3,2
1.039034,0.8827291,9,1,9,12,1,4,4,1,4,1,4,3,1,1,2
1.1276495,1.3604689,99,3,14,14,2,2,1,2,2,2,3,1,2,2,2
1.663072,1.1100771,99,1,4,3,2,4,2,1,4,1,3,2,3,1,1
1.0677911,1.3870108,7,1,7,9,1,4,3,1,3,2,1,2,2,3,2
0.7557791,0.923642,8,3,14,11,1,3,3,1,4,2,3,2,2,3,1
0.8847401,1.1658357,99,1,7,16,4,2,2,3,2,2,4,2,2,2,1
0.6119944,0.4205219,6,1,4,8,4,3,3,4,1,2,1,1,2,1,1
0.9544851,0.9464232,9,2,15,11,2,3,2,3,3,3,3,2,2,2,2
0.6868328,0.4557862,1,1,4,11,2,4,3,4,3,2,3,2,2,1,1
1.2618197,0.9790263,5,1,5,8,2,2,2,2,2,2,2,2,2,2,1
0.7250521,0.6123144,7,1,9,12,3,2,2,2,2,2,2,2,2,3,2
0.8579289,0.6035416,6,1,4,11,5,5,4,5,2,2,5,3,3,2,1
1.1156787,0.9566401,8,1,9,11,1,1,3,2,3,1,2,2,2,3,2
1.0844026,1.3320993,0,1,3,4,4,4,2,4,1,2,3,2,3,2,2
1.0115001,0.7975634,6,1,5,8,3,4,1,1,2,3,3,3,2,4,3
1.0787754,1.4513185,8,1,7,11,1,2,3,1,4,1,3,2,1,3,1
1.2300112,1.0116091,99,1,9,9,2,3,4,2,3,3,2,2,2,4,2
0.9678628,0.8235524,99,1,9,12,2,5,2,2,2,1,3,1,5,3,1
1.195665,0.9312362,99,1,5,8,3,3,2,3,2,2,2,3,2,3,2
1.2256845,1.5876449,7,1,7,9,1,1,1,1,3,2,2,2,3,3,2
0.7900848,0.9482729,1,1,3,4,3,4,2,2,2,2,3,2,4,2,1
1.276228,1.6855707,99,1,7,11,2,3,4,1,2,2,4,1,2,2,1
0.5164766,0.6877781,9,1,7,9,1,1,3,2,3,2,2,3,2,3,2
0.7123795,0.5521076,9,1,5,8,2,3,5,1,4,1,4,3,2,3,3
1.1514795,0.9035604,6,1,5,14,3,3,2,2,3,3,2,3,2,2,2
0.7323129,0.5789155,99,1,5,7,4,5,2,4,2,3,4,2,3,2,2
1.3402846,0.878186,99,1,4,14,5,5,5,5,2,1,4,4,4,4,3
0.6098275,0.8414005,9,1,7,8,1,1,3,1,3,1,1,3,1,1,2
0.8010141,0.5352119,99,1,4,9,4,3,1,4,2,2,4,4,3,3,1
1.147429,1.3814758,6,1,12,8,2,3,2,2,2,2,3,2,2,3,1
1.1548647,0.8930777,2,1,5,8,2,4,3,1,2,3,4,2,3,1,2
1.0916191,1.4695572,10,1,7,11,1,2,4,1,4,1,2,3,2,3,2
0.9999941,1.2568047,6,1,3,12,1,3,2,1,4,1,1,1,1,1,2
0.9272696,0.7802852,1,1,9,12,1,1,1,1,4,1,3,2,3,1,3
1.1514795,1.5361049,99,1,7,8,3,4,4,2,1,2,2,2,2,3,2
0.7560084,0.5946153,2,1,5,4,2,4,5,4,2,2,4,1,4,2,1
0.7742363,0.7754087,4,2,15,13,3,1,3,3,2,2,3,1,3,2,2
1.1914591,0.9201621,4,1,5,6,3,4,2,3,2,3,3,2,4,2,1
0.7900848,0.9277681,99,1,12,14,1,4,2,2,3,2,4,2,2,2,3
1.147429,0.8928154,3,1,5,7,2,4,2,3,2,4,3,1,4,2,2
0.7560084,0.7693609,10,2,15,3,3,1,2,2,2,3,2,2,1,1,2
1.3433056,1.8200669,10,1,7,11,1,1,3,1,3,1,1,2,1,4,2
0.9898354,1.172147,99,1,16,16,2,4,1,4,2,4,3,3,1,1,1
1.1622074,0.9547651,2,1,9,12,1,3,3,1,3,2,3,2,2,2,1
0.4995532,0.3937794,99,1,5,8,4,4,2,4,2,4,3,3,3,5,2
0.9008623,0.7901795,7,1,9,8,1,2,2,2,2,1,2,2,1,3,2
1.0420297,0.8328943,4,1,5,8,3,4,2,2,2,2,3,2,2,2,2
0.9429738,0.6092457,7,1,6,8,3,1,2,1,3,1,1,3,2,3,2
0.7560084,0.4895326,4,1,6,5,5,4,3,2,5,3,1,2,2,1,1
1.1276495,0.9410972,99,1,9,12,2,3,3,2,1,3,2,2,2,3,1
1.1089239,0.9051327,6,1,9,12,1,2,2,2,3,2,3,2,1,2,1
1.1051377,0.9204138,6,1,9,9,1,1,4,1,4,1,3,4,1,3,1
1.2300112,0.9451162,4,1,5,8,4,4,3,3,1,4,2,3,3,2,2
1.0535089,0.7111028,1,1,4,7,2,1,1,1,3,1,4,1,2,1,1
1.3450159,1.3342723,5,2,15,8,2,4,4,4,2,2,3,2,3,3,2
0.9047306,1.1939729,99,1,7,8,2,3,2,2,3,2,3,3,2,3,2
1.2466228,0.9761285,99,1,5,8,4,4,2,2,5,5,1,4,2,4,4
1.147429,1.412008,2,1,3,3,2,4,2,2,2,3,4,2,2,1,1
1.2405912,1.2962596,6,1,11,11,1,2,4,1,4,4,2,1,2,3,1
0.5969554,0.7679179,3,1,3,7,4,4,1,3,2,3,2,1,4,1,1
0.6474941,0.6656942,3,2,15,11,1,1,2,2,1,1,1,3,3,3,2
1.1840696,1.0225515,5,1,9,8,1,1,3,1,3,1,2,2,2,2,1
0.7518116,0.6203834,10,1,9,12,2,4,2,2,3,2,3,2,2,2,1
1.4000165,1.1787189,7,1,9,12,2,2,1,2,2,2,2,1,2,1,1
0.6081475,0.519561,99,1,9,12,1,1,1,5,2,2,4,1,2,2,2
0.6728207,0.7417367,99,1,8,12,2,2,2,3,3,2,3,3,1,3,1
0.9772489,0.9810408,3,2,15,7,4,4,1,3,1,4,3,2,3,2,2
1.0294579,1.0677762,2,2,15,11,2,4,1,3,2,2,3,2,2,1,3
1.0420297,0.8328943,5,1,5,8,2,2,2,1,5,1,2,3,1,3,2
0.9686754,1.1918937,2,1,3,4,4,4,2,3,2,2,3,1,3,2,1
1.1724757,0.989632,8,1,9,11,1,1,2,1,3,1,3,2,1,1,1
0.7577332,0.4971648,4,1,4,7,3,5,2,3,2,3,5,2,5,5,2
1.1156787,1.4135027,10,1,3,3,4,4,1,4,1,4,4,1,4,1,1
0.8598398,1.1905178,8,1,7,11,1,3,2,4,2,1,2,2,1,2,1
1.2582617,1.0762614,99,1,9,12,1,2,2,1,2,1,2,2,2,2,1
0.8397315,0.8376991,7,2,15,12,2,4,1,3,2,2,1,1,3,3,1
1.0041835,0.6586224,5,1,6,13,3,3,3,2,3,3,2,2,1,3,2
0.7143337,0.8683635,99,1,12,14,2,2,2,4,2,2,2,1,2,3,2
0.760408,0.9924942,7,1,7,8,1,1,2,1,3,2,1,3,1,4,1
1.16631,0.9027439,2,1,5,7,4,4,2,4,2,4,3,2,3,3,1
1.2758408,0.8578292,99,1,4,14,1,2,1,2,2,1,2,2,2,2,2
0.9469195,1.2059038,3,1,3,7,4,4,2,3,2,3,4,1,2,1,1
1.1286926,1.3529172,99,3,14,14,3,3,3,3,3,2,3,3,3,5,2
0.677537,0.5529288,3,1,5,7,4,4,1,4,2,3,2,1,3,1,1
0.8755739,0.5875405,1,1,4,6,4,5,1,3,1,4,2,2,3,2,1
0.7928738,0.6068109,6,1,5,7,1,1,1,2,3,2,2,2,2,1,2
1.2211494,0.9468776,3,1,5,8,3,4,1,3,2,3,3,2,2,3,2
0.7910644,0.6712993,10,1,9,11,2,2,3,1,4,2,2,1,4,2,1
1.040557,0.8456367,4,1,5,8,2,4,3,1,2,3,2,3,4,3,2
0.7660422,0.6113442,8,1,5,13,2,2,2,2,2,2,2,2,1,2,1
0.7361093,0.6470563,9,1,9,10,1,1,1,1,3,1,1,2,2,3,1
1.0364065,0.8087736,99,1,5,6,3,4,3,3,1,2,3,2,2,2,4
0.7852752,0.5047323,7,1,6,5,3,2,3,3,3,2,2,2,3,3,2
1.1552062,1.5441417,5,1,7,8,2,2,2,2,1,1,2,2,1,2,1
1.2607896,0.8217052,99,1,6,13,2,1,1,2,2,2,2,2,3,3,2
1.2006755,1.5983235,7,1,7,9,3,4,4,3,2,2,2,3,1,4,2
1.0522103,1.05199,4,2,15,4,2,5,3,1,3,3,4,3,3,3,2
0.9763052,1.1862427,1,1,3,15,4,4,5,4,1,4,4,1,4,1,1
1.0579348,0.8264266,6,1,5,7,4,3,2,4,2,4,4,3,3,4,1
0.9043486,0.7574862,99,1,9,11,1,2,3,1,4,1,1,1,3,1,1
1.0655063,1.4003131,7,1,7,9,2,3,3,2,2,1,1,3,2,3,2
1.201658,1.2801979,99,1,11,11,1,3,2,1,4,2,3,2,4,4,2
1.16631,1.4277103,1,1,3,3,3,4,4,3,2,3,4,1,3,1,1
1.0287795,0.8922981,5,1,9,13,1,1,2,2,3,1,4,1,3,2,1
1.16631,1.5347168,7,1,7,9,2,3,3,1,3,2,2,3,2,3,2
1.1750541,1.4503764,99,1,3,10,2,2,5,1,4,2,4,1,3,2,1
1.2572799,0.7447072,5,1,2,14,4,2,2,5,2,2,3,2,5,5,2
0.9982073,0.7789705,1,1,5,6,3,4,4,1,2,3,4,1,4,1,1
1.3385803,1.4036609,99,1,11,14,2,2,4,2,3,2,4,2,4,1,2
1.4542989,1.8291485,2,1,3,4,4,4,1,3,1,4,3,1,4,2,1
1.179646,1.4380422,1,1,3,3,4,4,2,4,1,4,4,1,4,2,1
1.0860872,1.3103358,5,4,16,12,1,1,4,1,4,2,3,1,1,1,2
1.0942926,0.8507076,99,1,5,9,3,4,2,3,2,1,3,2,3,3,2
0.6969997,0.5611702,5,1,5,7,1,1,1,1,4,1,3,1,1,3,1
1.0156657,1.246821,4,1,12,14,4,4,1,4,1,3,4,2,4,2,2
0.8579289,1.1075188,10,1,3,4,2,3,4,2,3,4,3,1,1,1,1
1.1724757,0.989632,7,1,9,11,3,1,2,1,4,2,2,3,2,2,2
1.0534607,1.3902522,1,1,7,11,1,1,3,1,5,1,1,2,1,4,2
1.0534607,0.8177676,3,1,5,8,3,4,1,3,1,3,2,1,2,1,1
0.8811776,1.0525913,8,1,16,11,2,5,5,2,3,3,2,2,5,5,2
1.0844026,0.8422889,8,1,5,12,2,3,5,5,4,3,2,5,2,2,2
1.2058762,0.9357657,8,1,5,8,1,1,1,2,3,1,4,1,2,1,1
0.8813239,0.6806152,8,1,5,8,1,1,1,3,2,1,2,3,3,3,3
1.115877,1.366802,5,1,12,14,5,2,2,1,2,2,5,5,2,2,4
1.3339548,1.6214079,6,1,3,7,2,2,2,3,3,3,2,3,4,1,2
0.8489426,1.0419647,6,1,3,4,2,4,1,1,2,2,2,1,2,1,2
0.8010141,0.9608948,99,3,14,14,3,4,4,3,2,2,3,2,3,3,4
1.1622074,0.8920086,3,1,5,8,2,4,2,1,2,3,1,2,4,3,2
0.6113753,0.4842575,3,1,5,7,3,3,2,3,2,2,2,2,2,2,2
1.195665,1.5831555,7,1,7,9,2,3,3,2,3,1,1,4,2,4,2
0.9894444,1.3116617,8,1,7,8,5,5,2,3,2,2,2,2,2,3,2
1.3200324,1.732422,5,1,7,8,1,4,2,1,3,1,1,3,1,3,2
1.1010077,1.3233778,99,3,14,11,2,2,5,3,3,2,3,2,2,1,1
1.1581417,1.5635388,7,1,7,9,1,1,2,1,3,1,1,3,2,3,2
1.16631,0.9027439,5,1,5,8,3,4,1,3,2,1,1,3,2,4,1
1.1766145,0.8064424,3,1,4,6,4,4,1,4,1,4,4,1,4,1,1
1.1051377,1.4619056,7,1,7,9,2,3,4,2,2,2,2,3,2,3,2
0.7852752,0.7932491,9,2,15,2,3,2,1,2,3,2,3,1,3,2,1
0.8349797,1.0496831,5,1,3,14,5,5,1,2,2,2,4,4,2,4,2
1.2316912,1.5386184,99,1,3,14,3,3,3,3,3,3,3,3,3,3,2
1.3215592,1.0588167,4,1,5,8,2,4,2,1,2,2,4,2,2,3,2
1.2228874,0.9652172,99,1,5,8,4,5,1,3,2,3,2,5,2,1,1
0.6719403,0.7404068,5,1,8,5,2,3,4,1,3,3,2,1,2,3,1
1.0153577,1.2169826,99,1,12,8,3,4,3,3,2,3,3,2,3,3,2
0.9665861,1.2099631,99,1,3,14,2,2,1,3,2,2,3,2,2,2,2
1.070968,1.3295294,99,1,3,12,2,2,5,2,2,4,3,1,3,1,2
0.6051621,0.8044503,9,1,7,9,1,1,2,1,4,1,1,2,2,1,2
1.1766145,0.9357111,5,1,5,11,2,1,4,1,3,1,1,2,1,3,1
0.9982073,1.3242948,8,1,7,9,4,4,4,2,1,4,1,2,3,2,3
0.8808123,1.2200669,6,1,7,9,2,3,3,1,3,2,1,3,5,4,2
1.1979022,1.6502331,6,1,7,8,2,5,1,5,2,2,3,5,2,3,2
1.2944592,1.0768052,9,1,9,12,1,2,2,1,4,2,3,2,2,2,2
0.9043486,1.2031256,6,1,7,10,1,2,2,1,3,2,2,1,2,4,1
1.16631,0.9027439,4,1,5,8,3,4,2,2,2,4,4,2,3,2,2
0.520501,0.5796182,8,1,8,11,1,2,2,1,3,1,3,2,2,3,2
1.195665,1.5831555,8,1,7,9,1,2,3,1,2,1,1,2,2,3,1
1.2538356,0.9935616,3,1,5,6,2,3,2,2,4,2,4,2,3,2,2
1.1754963,1.3902158,4,1,12,8,2,3,4,3,3,2,2,3,2,3,2
0.9412193,0.7822599,4,1,9,12,1,1,1,1,4,1,1,1,2,2,2
0.7249618,0.5990335,9,1,9,11,1,1,2,1,4,1,1,2,2,1,1
1.0838131,1.4138616,7,1,7,8,2,1,3,1,2,1,1,3,3,3,3
1.2256845,1.4450115,99,3,14,8,3,4,5,5,2,2,3,2,5,4,4
1.0534607,1.3902522,6,1,7,9,3,4,1,1,2,2,1,2,2,4,2
0.9131979,1.2234216,8,1,7,11,1,3,3,1,3,1,3,1,2,2,2
0.8009158,0.841047,2,2,15,7,4,4,2,3,1,4,1,2,4,2,1
1.2058762,1.0016006,4,1,9,12,2,1,1,2,2,2,1,1,1,3,2
0.7900848,0.5995948,3,1,5,14,3,4,5,4,2,5,2,2,4,2,1
1.2717385,1.549399,5,1,3,14,3,4,1,3,2,2,3,2,3,3,1
1.040315,1.0444318,2,2,15,6,2,3,2,3,2,2,3,2,3,3,2
1.2256845,1.5876449,7,1,7,9,2,2,3,2,2,2,2,3,2,3,4
0.7852752,0.9486308,8,1,13,15,4,4,3,3,4,3,4,4,4,4,3
1.0016272,1.2115061,99,1,3,7,2,2,3,1,2,1,2,1,2,2,3
0.9738113,0.7491996,6,1,5,8,5,3,2,5,5,3,2,3,3,3,2
0.7052504,0.4841101,2,1,4,7,3,4,2,3,2,4,3,1,3,2,1
0.7677912,0.6364372,8,1,9,12,1,2,4,1,4,1,3,3,2,3,1
1.0612925,0.7299919,4,1,4,7,5,5,2,2,2,5,5,5,3,2,1
0.7928738,0.9389338,99,1,12,14,2,2,2,2,2,2,2,2,3,2,1
1.0002636,1.2104931,5,3,14,14,1,1,3,1,4,1,3,2,1,1,1
0.7899875,0.4652892,10,1,2,8,1,4,1,1,4,1,4,2,1,1,1
1.0214366,1.2774626,5,1,3,12,1,1,3,1,4,5,2,2,3,5,1
1.2300112,0.7780916,9,1,6,13,2,3,3,2,3,2,3,2,4,1,2
0.7052504,0.8691489,99,3,14,14,2,4,1,1,2,3,1,1,1,4,1
1.1437594,0.794599,5,1,4,6,4,4,2,3,1,2,2,1,3,2,1
1.2006755,1.4547306,99,3,14,15,1,2,2,1,4,1,1,1,3,1,1
0.8959739,0.7126831,3,1,5,8,5,4,1,2,2,3,5,2,2,2,1
1.2426358,1.4120471,8,1,8,11,1,1,1,1,2,1,2,1,2,4,1
1.0799754,0.8435779,4,1,5,6,2,4,2,2,2,4,3,2,4,2,1
0.8656663,0.7284499,99,1,9,16,1,1,4,1,4,1,1,4,1,4,3
0.7582873,1.0218246,5,1,7,6,3,3,3,3,3,3,3,2,3,3,1
0.6522043,0.7891342,2,1,3,14,5,5,5,5,5,5,5,2,5,2,4
1.3262244,0.7784307,0,1,2,2,5,4,2,4,2,2,4,1,4,1,1
1.0715605,0.8256798,6,1,5,13,2,2,4,1,2,2,2,2,2,1,1
0.8483365,1.0208931,8,3,14,12,2,2,2,2,2,2,2,2,2,3,1
1.163331,0.7963142,3,1,4,14,2,2,2,2,2,3,3,2,3,3,2
0.869993,1.0791104,5,1,12,9,2,4,1,3,2,1,2,1,2,3,2
0.8076004,1.0285609,2,1,3,14,4,3,1,2,2,4,5,2,3,2,1
1.1397291,0.8868695,99,1,5,4,4,4,4,4,2,5,5,5,2,2,4
1.2256845,1.4450115,5,1,16,16,3,4,2,5,2,5,2,5,2,3,2
1.3554044,1.4886602,7,1,8,8,2,2,3,2,3,2,3,2,2,2,2
1.0452665,0.9091371,0,1,9,12,2,2,2,2,3,2,2,2,2,2,2
0.770734,1.0164633,99,1,7,11,1,4,4,1,4,1,2,3,3,4,1
0.6945479,0.857987,99,1,16,14,5,5,2,5,5,2,2,2,5,2,1
0.8688211,0.695517,7,1,5,8,1,2,3,1,4,2,1,2,1,3,2
1.2300112,0.9451162,6,1,5,8,2,4,3,2,3,2,3,3,3,3,2
0.6772988,0.5820436,3,1,9,12,1,1,4,1,1,1,3,1,1,1,1
1.0439874,0.8169239,99,1,5,7,3,4,1,2,2,2,4,2,3,3,1
1.2405912,0.8042729,5,1,6,8,3,4,4,3,2,2,3,1,2,2,2
1.0534607,1.3902522,5,1,7,9,2,5,5,5,5,5,2,2,2,5,4
0.7899875,0.4652892,10,1,2,8,1,4,1,1,1,1,4,1,4,1,1
0.8276874,0.6401801,4,1,5,8,2,4,1,2,3,4,2,2,3,2,1
1.0420297,0.8914918,5,1,9,12,2,1,2,3,1,1,3,1,3,1,1
0.7739637,0.9340083,5,1,12,14,1,1,4,1,4,3,2,1,4,4,2
1.0439874,0.8169239,99,1,5,16,2,4,1,1,2,2,4,1,2,2,1
1.2300112,1.4624022,9,3,14,11,1,1,2,1,4,2,2,2,2,1,1
1.6228322,2.0233979,10,1,3,8,1,2,1,2,2,1,4,2,4,1,1
1.0507699,1.0829595,7,2,15,11,2,3,2,1,1,2,1,2,2,2,1
0.9407604,0.8043862,99,1,9,12,1,1,3,1,4,1,4,1,2,1,1
0.6709477,0.7036678,6,2,15,8,1,2,1,3,2,1,1,1,2,2,2
1.4961654,1.2074364,6,1,5,8,2,2,2,2,3,2,3,3,1,2,2
0.6684597,0.5778738,8,1,9,11,1,2,4,1,4,2,1,1,4,2,1
1.1766145,1.0015422,8,1,9,9,1,4,4,1,4,1,3,2,2,3,2
1.3156935,1.017615,8,1,5,8,2,2,2,2,2,2,2,2,2,2,2
0.9982073,0.7789705,7,1,5,9,3,4,1,3,2,3,2,3,3,3,2
0.7518116,0.9853634,8,1,7,9,1,1,4,1,3,1,1,3,2,2,2
1.2466228,0.8412762,99,1,4,13,2,2,3,1,3,2,2,2,1,3,1
1.0153577,0.6778511,3,1,4,7,2,3,2,3,2,3,2,2,3,2,3
1.2990288,1.5753855,4,1,12,13,5,3,2,2,2,1,4,1,3,5,1
1.2728499,1.6128361,99,1,3,13,1,1,4,3,2,1,2,2,3,2,2
0.7282587,0.6111439,99,1,9,12,2,4,2,2,2,3,3,2,3,2,2
1.0531734,1.0477964,8,2,15,9,1,2,4,2,3,2,1,3,3,4,1
0.9929373,0.8357592,7,1,9,11,1,1,4,1,4,2,2,1,3,3,2
0.9929373,1.2081902,99,1,12,8,3,1,4,4,4,1,2,3,4,3,2
1.2300112,0.9451162,4,1,5,8,3,4,2,3,2,4,4,3,3,2,2
0.7739118,0.670918,9,1,9,12,2,2,2,1,3,2,3,3,2,2,2
1.179646,1.406947,3,1,12,3,3,4,1,2,2,3,3,2,3,1,1
1.16631,0.9027439,2,1,5,7,4,4,2,4,2,4,3,2,2,3,1
1.1592388,0.977203,9,1,9,12,1,2,2,1,3,1,2,2,2,2,1
0.9986304,0.8279225,9,1,9,12,1,1,4,1,4,2,1,3,3,4,2
0.9131979,0.9311217,8,2,15,11,1,2,3,1,4,2,2,2,3,4,2
1.3311006,1.6369582,99,1,3,4,4,4,4,4,4,4,4,4,4,4,1
1.3334621,1.1249486,6,1,9,12,2,1,2,1,1,2,2,2,1,2,1
1.0701292,1.3356934,4,1,3,7,3,4,1,4,1,3,4,1,2,1,2
1.167661,0.9307243,99,1,5,8,5,5,5,5,5,1,3,3,1,3,4
1.0150708,0.807162,5,1,5,8,1,4,4,1,4,2,2,3,2,3,3
1.2036386,1.5403821,4,3,14,15,2,2,3,2,3,2,1,2,2,3,2
1.2717385,1.515896,4,1,12,7,3,4,2,4,2,3,2,1,2,2,1
1.1262952,1.4079555,99,3,14,15,5,5,5,5,5,2,5,2,2,2,4
0.9976318,0.9755073,99,2,15,8,2,4,1,2,2,1,4,2,1,3,2
0.9757,0.6357094,5,1,1,1,1,1,1,1,1,1,2,1,1,1,1
0.7660422,0.6113442,2,1,5,8,4,4,2,4,2,4,3,3,3,3,2
1.1032215,0.866825,4,1,5,7,3,4,1,3,2,3,2,2,2,3,2
1.2129997,1.4860163,0,3,14,15,1,3,5,2,4,5,5,3,5,5,4
0.7491669,0.9736455,9,1,7,9,2,1,2,1,2,1,3,2,2,2,1
1.3433056,0.7777273,5,1,2,11,1,1,2,1,3,1,1,1,1,2,1
1.3554044,1.4886602,7,1,8,8,2,2,3,3,3,2,3,2,2,2,2
1.2388176,1.0599141,9,1,9,8,1,1,2,1,3,1,2,3,1,4,2
0.9787525,1.2102523,0,1,3,4,4,4,1,4,1,4,4,2,4,1,1
1.1198162,1.3832514,99,1,16,16,5,5,2,5,5,5,3,2,2,2,1
1.3459119,1.15882,8,1,9,11,1,2,4,1,3,2,2,2,2,3,2
1.1880298,0.9254112,99,1,5,8,2,2,1,3,2,2,3,2,1,2,2
1.0916191,0.9252312,10,1,9,11,1,1,4,1,4,1,1,1,2,2,1
1.0632255,1.3269827,5,1,12,14,1,3,2,1,2,1,3,1,2,1,3
0.9231336,0.7740197,5,1,9,14,2,3,2,2,3,5,2,1,2,2,1
0.6474941,0.5144946,99,1,5,11,2,3,4,2,3,2,2,2,3,2,2
1.1355541,1.2861788,3,1,8,5,2,3,3,2,2,4,3,2,2,2,2
1.039034,0.7107741,2,1,4,6,2,4,2,3,2,2,3,1,4,1,1
0.9499517,0.9492025,5,2,15,7,2,2,2,1,2,1,2,2,2,2,2
0.7939541,0.9664586,99,1,3,15,4,3,1,4,2,2,5,2,3,2,4
0.8758051,1.0712849,99,1,12,14,3,3,3,3,3,3,3,3,3,4,2
0.9134051,0.767579,6,1,9,12,4,4,4,1,1,4,4,4,4,3,3
1.3771155,1.1043811,8,1,5,9,2,3,1,2,3,1,1,2,2,1,1
0.7168553,0.4894936,3,1,4,3,3,4,2,2,2,4,3,1,4,2,2
1.0011536,0.9872475,99,2,15,15,2,3,3,4,2,3,3,5,2,2,4
1.2572799,1.0972595,99,1,9,11,1,1,2,1,2,3,2,2,1,3,1
1.1766145,1.4478494,5,1,13,14,2,2,3,4,3,2,2,3,2,2,2
0.7584811,0.5864884,6,1,5,8,4,4,1,3,2,4,2,1,1,4,2
0.760408,0.4947653,0,1,1,1,2,2,4,1,3,3,3,2,3,3,2
1.1485523,1.5824181,9,1,7,11,2,4,4,1,2,1,2,3,2,3,1
1.3709025,1.6562326,99,3,14,15,4,4,4,4,4,1,4,4,4,4,2
0.7560084,0.9200633,99,1,12,14,3,3,2,3,2,2,3,3,3,3,1
1.1914591,0.9201621,7,1,5,8,3,3,2,2,2,2,3,3,2,3,2
0.8947001,0.8866223,99,2,15,9,3,4,1,3,5,3,4,5,4,2,4
1.1466622,0.902098,5,1,5,8,2,2,2,2,2,2,2,2,2,2,2
1.0799754,1.4341313,8,1,7,9,2,3,2,3,2,2,2,2,1,2,1
1.147429,1.2506883,99,1,8,12,1,3,1,1,4,1,4,1,2,5,2
1.179646,0.9092768,4,1,5,8,4,3,2,3,1,2,5,2,2,3,1
0.8519394,0.713675,10,1,9,11,1,2,4,1,4,1,2,2,3,3,2
0.6175603,0.5324218,99,1,9,12,1,1,2,1,4,1,1,1,1,4,1
1.2256845,1.5876449,9,1,7,12,1,1,4,1,4,1,1,2,2,4,1
1.0877792,1.1965055,99,1,8,5,2,1,1,1,2,1,4,2,2,2,2
0.8392012,1.0373331,7,1,3,12,3,1,2,2,3,2,4,2,1,2,2
1.0833377,0.9263843,4,1,9,11,2,4,4,2,3,1,3,1,2,1,2
0.9131979,1.2234216,8,1,7,11,1,3,3,1,3,2,3,2,2,2,2
1.0120082,0.8182026,8,1,5,8,1,3,2,1,4,2,4,2,2,1,2
1.0400652,1.2664969,9,4,16,13,2,3,3,2,2,1,3,2,3,3,2
0.7793701,0.6585505,5,1,9,10,2,1,5,2,3,5,3,2,5,5,2
0.6517057,0.8270332,99,1,3,7,3,2,1,5,2,3,3,4,3,3,2
0.6051621,0.4731899,8,1,5,8,2,2,1,2,2,2,2,3,3,1,2
1.2990288,1.7308878,9,1,7,11,1,2,4,1,4,2,2,2,2,3,1
1.1051377,1.4619056,8,1,7,9,2,4,2,1,3,2,3,1,3,3,2
1.0542133,0.8165988,5,1,5,8,2,3,2,2,3,2,2,3,2,3,2
0.8959739,0.7126831,3,1,5,8,2,4,1,3,2,2,3,2,2,2,2
0.9867265,1.3520696,10,1,7,11,1,5,3,1,4,1,4,1,2,2,3
1.0838131,0.8901654,9,1,9,12,1,4,4,1,4,2,1,1,3,2,1
1.1552062,1.4054166,99,3,14,1,2,4,4,1,4,3,3,1,4,3,1
1.167661,1.4719619,5,1,3,14,3,2,2,4,4,2,3,3,3,3,2
0.9557603,0.7854534,5,1,5,5,1,1,4,1,2,5,5,2,5,2,1
1.167661,1.4719619,5,1,3,12,1,2,2,1,4,1,1,1,3,2,1
0.9065661,0.778592,9,1,9,11,1,1,2,1,4,1,3,1,2,1,1
0.9502622,1.3118868,8,1,7,11,1,4,4,1,4,1,1,4,2,4,2
1.2618197,1.2667426,7,2,15,12,2,2,2,2,2,2,2,2,2,2,3
1.0677911,0.8732601,8,1,9,9,1,2,2,1,4,2,2,2,2,2,2
1.2426358,1.0080029,5,1,5,8,2,4,2,3,2,2,3,1,2,3,1
0.6661083,0.8254516,4,1,12,16,3,3,3,3,2,2,3,2,3,3,2
0.8844508,0.7577595,8,1,9,11,1,1,3,1,4,2,3,1,1,1,1
1.1622074,0.8920086,3,1,5,8,2,4,2,1,3,3,2,3,4,2,2
0.8483365,0.7061974,8,1,9,12,1,2,2,3,4,2,2,2,1,3,1
1.0822668,1.323369,5,1,3,9,1,1,2,2,3,2,3,2,3,3,2
1.179646,0.9732482,10,1,9,12,1,2,2,1,2,2,3,2,2,2,2
0.8038418,0.9939516,5,1,3,7,2,4,1,1,2,2,1,1,3,4,1
0.9469786,0.6445445,5,1,4,8,3,3,4,3,2,2,3,2,3,3,2
1.0765216,0.9401713,5,1,9,12,1,1,1,1,4,1,1,1,1,1,1
1.1622074,1.3802274,99,1,16,16,5,5,1,5,5,5,2,2,2,3,2
0.9833168,0.7707685,5,1,5,8,2,5,3,1,5,3,4,1,2,1,2
0.9577599,0.7734611,6,1,5,8,3,3,3,2,2,2,2,2,1,3,2
0.7582873,0.4366328,8,1,2,11,1,1,1,1,1,1,1,1,1,1,1
0.7852752,0.9486308,5,3,14,14,3,2,2,3,2,3,3,3,3,2,2
0.8957428,0.6081924,2,1,4,5,3,4,2,2,2,3,3,1,3,1,1
0.9524577,0.6560556,1,1,4,4,3,4,3,3,2,4,4,1,4,1,1
1.536611,1.8376697,7,1,12,9,1,3,1,1,3,2,1,3,1,3,1
1.0439874,0.8169239,6,1,5,8,2,3,4,1,2,1,1,4,2,2,2
0.9701428,1.1645063,99,1,12,12,1,3,2,1,3,2,2,2,3,2,1
0.734898,0.6271021,10,1,9,12,1,1,4,1,3,4,5,1,3,1,1
1.0976857,1.4738933,99,1,7,9,2,1,3,4,2,4,1,1,4,2,1
1.2717385,0.8443439,99,1,4,16,3,2,1,3,2,3,4,2,3,2,2
1.0153577,0.7865072,4,1,5,2,2,4,3,2,2,2,4,1,3,2,2
1.416674,1.9054959,99,1,7,14,1,3,5,1,4,2,5,1,2,2,2
0.9469195,0.7624953,6,1,5,8,1,1,4,1,4,1,1,1,1,2,1
0.8660182,0.6865982,6,1,5,8,2,2,2,3,2,2,2,3,2,2,3
1.2129997,0.9603775,3,1,5,8,4,4,1,4,1,1,3,5,3,5,3
0.9033771,0.7693331,9,1,9,11,1,1,3,1,4,1,1,1,2,1,1
1.1436223,1.4328291,99,1,13,9,2,1,5,2,2,2,5,2,2,2,1
0.9863536,0.7485226,2,1,5,8,4,3,2,4,1,4,3,2,4,2,1
0.7760869,0.9703776,8,1,3,12,2,2,2,1,3,3,3,1,3,2,1
0.6545066,0.5405033,5,1,9,11,1,1,3,1,3,1,2,2,1,4,1
1.0621049,1.3296196,3,1,3,4,4,4,4,4,2,2,2,2,1,1,1
0.6704332,0.5624943,5,1,9,13,2,2,2,1,2,1,2,1,1,1,1
1.3387421,1.6343906,8,3,14,12,2,3,1,3,2,3,2,1,2,1,1
1.1102924,1.3278518,10,1,12,14,2,1,1,1,1,1,1,1,1,1,1
1.004759,1.3441297,9,1,7,11,1,5,4,1,3,1,4,1,3,5,2
1.2426358,1.5941796,3,1,3,11,2,3,3,1,3,2,1,2,3,2,1
1.2990288,1.0897646,8,1,9,9,2,2,2,1,2,2,1,2,2,2,2
1.0150708,0.8639492,10,1,9,12,1,1,5,1,4,1,1,1,1,3,1
1.0438981,1.0261601,8,2,15,9,1,1,1,4,3,1,1,4,1,4,2
1.0425119,1.3117499,3,1,3,2,2,4,1,4,2,3,2,1,2,1,2
1.2087328,0.9489568,5,1,5,9,3,3,1,1,2,4,1,1,4,2,1
0.6072118,0.6343297,99,2,15,15,3,3,3,3,3,3,3,3,3,3,3
0.7544572,0.948647,2,1,3,4,3,4,2,3,2,4,4,1,3,1,1
1.2196647,0.9425375,99,1,5,8,4,4,1,4,2,3,3,3,2,2,2
1.1202971,0.950776,7,1,9,12,3,2,3,2,3,2,3,1,3,2,2
1.0838131,0.8901654,9,1,9,12,1,4,4,1,4,2,2,2,4,2,1
0.8018067,0.9938803,99,3,14,15,4,1,2,4,2,1,1,1,2,1,1
1.0367631,1.2740351,99,3,14,15,3,3,3,3,3,3,3,3,3,3,3
1.0320739,0.6912606,0,1,4,4,3,3,1,4,2,3,2,3,3,2,2
1.3554044,1.4886602,6,1,8,8,2,2,3,2,3,2,3,2,1,2,2
0.9687391,0.9898906,99,2,15,12,1,1,1,1,4,3,3,1,3,1,2
1.004759,0.8462622,9,1,9,11,1,1,2,1,3,2,2,2,1,2,1
1.0655063,0.8816352,99,1,9,8,1,4,2,1,3,2,3,2,2,2,2
1.0789046,1.444995,7,1,7,8,3,4,2,3,5,3,5,2,2,2,1
1.1821213,1.4326348,8,1,12,15,2,2,2,2,3,1,3,1,1,2,4
0.6155001,0.4945985,99,1,5,8,2,1,2,2,2,1,2,3,2,2,2
0.8079246,0.6361554,10,1,5,8,1,1,5,1,1,1,5,1,1,1,1
1.1791285,0.9462733,7,1,5,8,2,1,2,1,3,2,2,2,2,2,2
1.2475548,0.9719923,8,1,5,8,4,4,3,2,2,2,1,2,4,2,2
0.6548978,0.5546766,10,1,9,11,1,1,4,1,4,1,1,2,1,3,2
1.2300112,1.6067523,8,1,7,9,2,2,3,2,2,2,2,3,2,3,2
0.6799933,0.8989098,7,1,7,8,3,3,2,3,2,2,2,3,2,3,2
1.2569802,1.5108584,99,3,14,14,3,4,1,3,2,2,3,1,3,1,2
0.9498323,1.0257566,7,1,11,4,3,1,1,3,2,5,4,2,2,2,1
0.9131979,1.1135099,99,3,14,14,1,4,2,1,2,2,1,2,3,4,2
0.9798579,0.7616026,99,1,5,8,3,3,2,3,2,2,2,3,2,3,4
0.908867,0.7117373,3,1,5,8,2,2,1,2,2,2,2,2,2,2,2
1.038891,0.8894348,5,1,9,12,2,1,2,2,2,2,3,1,3,2,2
0.9844017,0.8472375,10,1,9,11,1,1,4,1,4,1,3,1,3,1,1
1.030246,0.876757,7,1,9,12,1,3,2,4,4,1,4,2,2,2,1
1.2843142,1.6009388,7,1,3,4,1,2,1,1,2,4,1,3,2,2,2
1.4408748,1.2539756,99,1,9,12,1,5,4,1,4,2,5,2,5,5,2
0.7603819,0.9692106,5,1,3,4,2,4,4,1,3,2,4,2,3,4,2
1.3009474,1.7719707,6,1,7,8,4,2,2,2,2,3,4,2,3,4,2
1.0739068,0.9148592,8,1,9,12,1,2,4,1,4,2,1,2,1,4,2
1.2475548,1.0403759,10,1,9,11,1,1,4,1,4,1,2,2,4,1,2
1.1840696,1.0225515,99,1,9,11,2,2,3,2,3,2,2,3,2,2,1
1.0877792,0.7361373,3,1,4,6,4,1,2,3,2,2,3,2,2,2,1
0.8628582,1.0509399,99,1,12,15,5,5,2,5,5,5,2,2,3,2,4
0.9893295,0.6764258,99,1,4,16,2,2,1,3,2,2,4,2,2,2,1
0.941641,1.1882734,1,1,3,4,4,4,1,2,1,4,4,2,4,2,1
0.8949893,0.7789813,5,1,9,12,2,2,3,2,3,2,2,2,2,2,2
1.1262952,1.4079555,5,1,13,14,2,4,1,2,3,3,3,1,1,2,2
1.0442302,1.3534894,2,1,3,6,3,2,2,1,1,3,3,1,3,2,2
1.0016272,0.9911608,10,2,15,12,2,3,2,3,4,1,4,1,1,1,2
0.9929373,1.3274475,6,1,7,16,3,2,2,3,2,2,3,2,2,2,2
0.8095005,1.0128375,99,1,3,4,3,3,4,2,2,3,4,1,3,1,1
1.2256845,1.4450115,99,1,12,14,1,1,5,1,3,5,5,2,2,5,2
1.1694453,0.9983649,10,1,9,11,1,1,4,1,3,2,3,1,4,2,1
1.3256336,1.616733,99,1,3,4,2,3,3,3,2,3,3,5,2,3,2
1.0640558,1.4300649,8,1,7,9,2,4,4,1,2,1,1,4,1,4,2
0.6609027,0.5360113,5,1,5,8,2,1,3,2,3,2,1,3,2,4,2
1.1627867,1.4256202,8,1,12,15,2,2,2,2,3,1,3,2,2,2,4
1.0860872,0.9064178,5,1,9,11,1,1,3,1,2,1,3,1,2,2,2
0.97076,1.1932259,10,3,14,12,1,4,2,1,4,2,2,1,2,2,1
1.0320739,1.3635589,99,1,7,14,2,3,2,2,3,2,4,2,3,2,1
1.3262244,1.8217131,6,1,7,9,3,3,2,2,3,2,2,2,3,3,2
0.9593383,0.761583,5,1,5,9,2,3,2,2,4,2,2,3,2,2,1
1.2638996,1.0812489,5,1,9,11,1,1,4,1,4,1,1,1,4,1,1
0.6937108,0.8280936,10,1,12,11,1,1,4,1,2,1,1,1,1,3,1
1.0438981,0.7930875,8,1,5,13,4,3,4,1,3,2,2,2,3,2,3
0.9628516,1.1625462,5,1,12,14,2,5,5,5,2,5,2,2,2,2,1
0.6819521,0.839166,3,1,3,4,4,4,1,4,1,4,5,2,2,2,1
1.0747502,1.317217,0,3,14,14,2,3,3,2,3,4,2,1,3,1,1
0.6969997,0.4836444,5,1,4,15,3,4,4,1,1,4,1,1,1,1,1
0.5645319,0.4470045,99,1,5,8,3,4,2,2,2,2,2,3,1,3,2
1.0655063,0.6980659,4,1,1,1,4,4,1,4,2,2,4,1,4,2,1
0.8397315,0.6474319,6,1,5,8,4,4,1,3,1,3,3,2,3,2,2
1.0877792,0.8541365,5,1,5,8,2,4,2,3,3,3,3,2,2,2,2
0.8009158,0.841047,3,2,15,7,4,4,2,4,1,4,2,3,4,2,2
1.1766145,1.4798486,99,1,3,4,2,2,3,1,2,1,3,2,3,4,2
0.9548735,1.2197001,1,1,3,4,4,4,1,3,1,4,4,1,4,1,1
1.2006755,1.5983235,8,1,7,11,1,3,4,1,4,2,1,3,2,4,2
1.2482891,1.055674,8,1,9,11,1,2,4,1,4,1,3,2,3,3,2
1.0828699,1.323234,99,3,14,8,4,3,1,3,1,3,2,3,1,3,1
0.9436474,1.1686952,99,1,3,7,3,2,1,4,5,2,2,2,1,1,2
1.0220727,1.2716434,3,1,16,16,1,2,2,1,2,2,2,1,1,5,3
0.9867265,1.2306002,99,1,12,16,2,3,3,1,4,2,3,2,3,3,4
0.8660182,0.6865982,7,1,5,8,1,3,3,2,3,2,2,1,2,1,1
0.6102943,0.7601271,7,3,14,9,5,2,2,2,3,2,2,5,1,3,2
0.7900848,1.0193458,9,1,7,9,1,1,2,1,4,1,1,1,2,2,2
0.7739637,0.9340083,5,3,14,8,1,2,4,1,2,2,2,2,2,2,2
0.9321222,0.9527196,7,2,15,4,2,2,2,2,1,3,3,2,2,3,2
0.8632833,1.1009495,5,1,12,14,2,1,1,1,2,1,3,1,1,3,2
0.6609027,0.4619612,5,1,4,7,3,4,5,5,2,3,5,2,5,5,2
0.9676877,0.6254814,3,1,6,13,3,3,2,2,3,1,4,4,1,4,2
1.1724757,0.9245837,8,1,5,8,1,2,2,2,1,1,2,3,1,3,1
0.6500968,0.5419888,10,1,9,11,1,2,4,1,3,2,3,3,1,4,2
1.1864125,1.4623352,5,3,14,8,3,2,2,5,2,2,1,2,5,3,2
1.0149571,0.8632702,7,1,9,12,2,2,3,2,2,2,2,2,2,2,2
0.6661083,0.9069298,9,1,7,10,1,2,4,1,4,1,3,3,1,4,2
0.6051621,0.5064808,10,1,9,11,1,2,2,1,4,2,3,2,2,2,2
1.0800005,0.8217651,4,1,5,6,3,4,2,1,2,3,2,2,3,2,1
0.8150957,0.6825671,7,1,9,9,2,3,2,2,3,2,2,2,2,2,2
1.2087328,1.0157198,10,1,9,9,1,2,1,1,3,2,2,4,1,4,2
0.9791443,0.8125436,9,1,9,12,1,1,1,1,1,1,1,1,1,1,1
0.9839654,0.7693559,6,1,5,8,2,4,3,1,3,1,3,1,1,2,1
1.0715605,0.8256798,3,1,5,8,3,4,2,5,5,3,3,2,5,5,2
1.0438981,1.2271644,99,4,16,8,5,5,5,5,5,5,5,5,5,5,1
1.2293816,1.061674,8,1,9,12,2,2,2,2,2,2,3,2,2,2,1
0.8692308,0.851271,8,2,15,12,1,2,2,2,2,1,2,3,2,1,2
1.0156657,0.6829005,7,1,1,1,2,2,2,2,2,2,2,2,2,2,2
0.917869,1.110797,99,3,14,15,2,1,1,4,2,4,2,1,4,1,1
1.2717385,1.549399,4,1,3,4,3,3,3,4,2,2,3,2,3,2,1
1.2256845,0.9995791,6,1,9,12,1,2,3,2,3,1,2,4,3,2,2
1.1431726,1.3754492,6,1,12,16,2,3,2,2,2,3,3,2,3,2,3
1.2239702,1.6216528,8,1,7,12,1,5,3,1,4,1,2,2,3,2,2
0.7560084,1.0108805,10,1,7,9,2,2,2,3,2,1,2,3,1,3,2
1.2934636,1.024012,6,1,5,8,3,4,2,2,5,3,3,2,1,3,2
0.8568152,0.6919531,5,1,5,8,2,2,2,4,1,3,3,2,3,2,2
0.6969997,0.5611702,5,1,5,8,2,4,1,1,1,2,2,2,3,2,1
0.9839654,0.8234832,3,1,9,12,3,3,3,2,2,3,2,2,2,3,1
0.7401392,0.9553666,1,1,3,4,4,4,1,4,1,4,4,1,4,1,1
0.6522043,0.498971,5,1,5,6,2,3,3,2,3,2,3,1,1,1,2
0.6135334,0.524565,8,1,9,16,1,1,4,1,5,1,1,5,3,5,4
0.8998768,1.0792301,99,1,12,14,3,2,2,3,2,1,3,3,3,1,2
0.8165423,1.0195658,5,1,16,12,1,4,1,1,4,2,2,4,2,4,1
1.0150708,0.807162,6,1,5,9,2,3,2,2,2,2,3,3,4,3,2
0.8628582,0.5853665,1,1,4,11,2,1,2,3,2,2,2,1,3,1,2
1.0316151,0.8465781,99,1,5,8,1,1,2,4,4,2,2,2,2,1,2
0.7826801,1.0570601,10,1,7,9,2,4,3,1,2,2,4,4,4,4,2
0.7446064,0.9261268,8,1,3,4,2,4,2,4,2,2,2,2,2,3,1
0.8497291,0.8482265,99,2,15,8,2,2,2,2,5,3,5,5,2,5,2
0.7225016,0.5652642,8,1,5,3,1,3,3,1,2,2,1,2,1,3,2
1.0439874,0.8743978,6,1,9,12,1,3,4,3,2,2,3,2,2,3,1
1.033092,0.7198025,5,1,4,12,2,2,5,2,3,5,2,2,5,2,3
1.2466228,1.6594748,8,1,7,12,1,2,4,2,4,1,2,2,2,4,1
0.6164023,0.4370874,0,1,4,4,4,4,1,4,1,4,4,1,4,1,1
1.3297808,1.4609219,6,1,8,4,3,3,2,3,3,3,1,3,2,2,2
0.7927607,0.9612249,3,1,12,8,4,4,1,4,1,4,2,3,3,3,2
0.9700822,0.8213033,7,1,9,11,1,1,4,1,4,1,1,1,4,2,1
0.973693,0.8273166,3,1,9,12,1,3,2,2,3,1,2,1,2,3,1
1.179646,1.5458232,5,1,7,9,3,4,2,4,2,5,2,3,3,3,2
0.9464911,0.8176025,7,1,9,12,1,2,1,1,4,2,2,2,2,3,2
1.0844026,1.3032949,99,1,12,8,5,4,1,3,2,3,3,1,2,2,2
0.8079246,0.4621329,7,1,2,6,2,1,1,3,1,1,1,1,1,1,2
0.8914181,0.7158602,99,1,5,16,5,3,1,3,2,3,1,1,3,1,2
0.7064128,0.9853262,7,1,7,8,3,3,1,3,2,5,2,3,3,4,2
0.7560084,0.5946153,8,1,5,9,5,5,2,3,2,2,3,2,3,2,2
0.8385039,0.8517688,99,2,15,11,2,4,3,3,4,4,4,1,4,2,3
0.6072118,0.7585822,8,1,12,11,1,2,2,1,4,2,1,3,2,4,2
0.7967568,0.8001977,6,2,15,9,2,1,3,3,1,3,3,3,2,4,2
1.1032215,1.3412602,99,1,16,16,2,1,1,1,2,1,2,2,1,1,1
0.753349,0.9988592,6,1,7,8,3,3,1,4,2,3,3,3,4,3,3
0.7052504,0.5617105,5,1,5,8,3,3,3,3,2,2,3,2,3,3,2
0.9611408,1.3307538,5,1,7,8,4,5,1,3,2,2,4,2,4,2,1
1.1548647,0.9559094,7,1,9,11,2,4,4,2,3,1,2,2,2,3,1
1.0534607,1.2933183,4,1,3,9,2,2,2,2,3,2,2,2,2,2,1
1.0985308,0.8517398,4,1,5,5,4,4,2,3,1,3,3,2,3,2,1
1.2409966,0.9773154,7,1,5,8,2,1,3,1,1,2,4,4,3,2,2
0.6883056,0.8905288,9,1,7,9,2,3,3,1,3,1,1,3,3,3,2
1.0178635,0.8914071,99,1,9,11,1,3,3,3,3,1,2,2,1,2,3
1.2256845,1.3082091,7,1,8,9,1,1,4,1,4,2,2,2,2,3,2
1.2256845,0.7688387,5,1,6,14,3,4,1,4,2,3,2,2,4,3,2
0.7250521,0.9047374,1,1,3,2,4,4,1,4,1,4,2,1,4,1,1
0.9083672,1.0695336,5,1,16,14,5,2,2,3,2,2,4,2,2,2,2
1.1466622,0.902098,5,1,5,8,1,1,2,2,2,2,2,2,2,2,1
1.0971347,0.9045534,2,1,9,12,1,3,4,3,3,2,3,4,3,4,1
1.0224329,1.0127946,8,2,15,11,2,1,2,3,3,1,2,3,1,3,2
1.3846309,1.437282,7,1,11,13,3,2,2,3,2,2,2,2,2,3,1
1.1156787,1.4135027,5,1,3,12,2,1,2,1,3,2,3,3,3,1,1
0.6969997,0.8683128,7,1,12,11,2,4,4,2,3,1,1,2,3,2,2
0.888798,1.1174966,5,1,3,7,3,3,2,3,2,2,2,2,3,2,2
0.6658585,0.5385751,5,1,5,8,2,3,2,1,3,2,4,2,1,3,1
0.6500968,0.5419888,8,1,9,12,1,3,2,2,3,1,3,1,2,2,2
1.16631,1.5347168,8,1,7,9,1,4,4,1,4,2,2,4,2,4,2
0.8730438,1.1714668,3,1,7,3,3,2,2,4,1,4,2,1,1,1,1
0.655049,0.5057898,10,1,5,8,3,1,2,1,2,1,4,4,1,4,2
1.4135343,1.1542428,3,1,9,12,1,1,4,1,4,1,1,3,1,1,3
1.040315,1.1307679,10,1,8,11,1,2,3,1,3,2,3,2,2,3,2
1.070968,1.3007807,5,1,12,16,2,4,2,1,4,2,3,2,4,4,1
1.0256807,1.2869476,99,1,13,14,3,2,2,2,3,3,3,2,2,3,2
0.8781155,0.718402,6,1,5,8,2,3,3,3,3,2,3,3,2,3,2
0.6135334,0.7750815,99,1,3,4,2,1,1,2,2,2,2,1,1,1,2
1.2404425,1.5182242,5,3,14,14,3,3,3,3,3,3,3,3,3,3,1
1.0971347,1.3076404,5,1,12,14,5,4,2,5,4,5,3,1,5,1,1
1.0579348,1.1576885,99,1,8,10,1,2,2,1,3,2,2,2,1,2,2
0.6392608,0.7213746,5,1,8,10,1,1,4,1,4,2,3,3,2,4,2
0.9464911,0.7638617,4,1,5,5,4,4,2,3,2,3,4,3,3,3,2
0.683485,0.9072529,8,1,7,11,1,1,3,1,4,1,2,4,1,4,1
0.9870259,0.6493667,3,1,4,5,3,4,1,3,2,3,3,3,3,2,2
0.8418359,0.9476867,10,1,8,11,1,1,4,1,4,2,2,3,1,4,1
1.0147488,1.0110899,5,2,15,8,2,3,2,3,2,2,2,2,2,4,2
0.6961597,0.5416183,8,1,5,8,1,3,2,2,3,2,2,2,2,3,2
1.195665,0.9967525,5,1,9,11,1,1,4,4,4,1,4,1,1,2,2
1.3256336,1.0941838,5,1,9,12,1,3,2,1,3,1,3,2,1,3,1
1.0083404,0.8510362,99,1,9,12,1,1,1,1,3,2,3,1,3,3,1
1.1436303,0.7599995,99,1,4,14,2,2,2,2,3,2,3,3,2,3,2
1.4761204,1.8242408,7,3,14,9,1,1,4,2,3,1,1,2,2,4,2
0.7459637,0.4956216,4,1,6,8,2,2,1,4,2,1,5,2,2,4,1
1.096802,1.3417393,9,1,3,11,1,3,2,1,4,1,3,1,2,1,2
1.2426358,1.5941796,0,1,3,3,4,3,1,2,2,2,4,2,2,2,1
0.9792045,0.8492545,99,1,9,12,1,4,1,1,4,1,1,1,4,1,1
0.9255308,0.7955394,99,1,9,12,3,3,1,2,3,2,3,3,3,2,2
1.0617583,1.2593533,99,3,14,15,3,3,3,3,3,3,3,3,3,3,2
1.2300112,1.6067523,7,1,7,9,5,3,2,3,5,5,2,3,2,4,3
1.0621049,0.6921456,10,1,6,13,1,1,4,2,4,1,1,2,3,3,1
1.2341771,1.6646942,8,1,7,11,1,1,5,1,3,1,1,1,1,2,3
1.1442046,1.2003598,6,1,11,14,2,1,3,3,2,1,1,3,2,3,1
1.0507159,1.3105135,4,1,12,14,2,2,2,2,2,3,4,1,3,3,2
1.2958505,1.5506862,99,1,13,6,4,3,4,4,1,4,3,2,4,2,4
0.5738213,0.4519755,6,1,5,8,4,4,1,2,2,4,2,3,3,2,1
1.067874,1.0917425,99,2,15,14,1,3,2,2,4,2,3,2,2,1,1
1.040315,0.8639996,99,1,9,12,2,2,3,2,3,2,3,2,2,3,1
0.753349,0.9988592,9,1,7,8,5,3,3,2,2,3,5,2,2,2,3
0.7309146,0.9697994,7,1,7,11,1,4,5,1,3,2,1,2,1,3,2
0.7560084,0.7889876,8,1,11,12,3,3,4,2,3,3,4,2,4,1,1
0.6030334,0.4675628,8,1,5,8,1,2,2,1,3,1,2,3,2,4,2
0.8759727,0.6891218,99,1,5,12,1,1,1,1,4,1,1,3,1,1,1
0.8598398,1.0835621,7,1,12,9,2,4,5,2,5,2,3,1,3,2,1
1.2744558,1.5668885,99,1,3,15,3,3,3,3,3,3,3,2,3,3,2
1.2087328,1.2278363,6,2,15,3,2,1,1,2,2,2,3,2,2,1,1
0.9386963,0.6125275,99,1,1,2,1,1,1,2,3,1,1,1,2,1,2
0.753349,0.7602118,7,2,15,4,3,4,2,2,3,2,1,2,2,2,1
0.9359086,1.1135749,3,3,14,4,4,4,1,3,1,4,3,1,4,1,2
0.7225016,0.8746476,4,1,16,2,3,4,5,3,2,3,3,2,3,2,1
0.9042844,0.8943168,0,2,15,2,4,4,1,4,2,4,5,1,4,1,1
0.86779,0.7198478,4,1,9,12,2,2,2,3,3,2,3,2,2,2,1
1.0288551,1.2165083,99,3,14,15,5,5,5,5,5,5,5,5,3,5,2
1.3780217,1.5433059,99,1,8,14,2,4,2,2,2,2,3,1,2,1,1
1.2990288,1.0897646,9,1,9,12,1,1,4,1,4,1,2,3,1,3,2
0.7852752,1.0422678,7,1,7,8,1,5,2,1,4,2,2,5,2,5,2
0.9255308,0.9616747,5,2,15,12,2,3,2,2,2,3,2,2,2,4,2
0.989563,0.7681779,5,1,5,8,2,2,2,2,3,3,3,3,3,3,1
1.2316912,1.5386184,3,1,3,4,4,4,1,4,1,4,4,1,4,1,1
0.6684597,0.6985533,10,2,15,8,1,4,5,1,3,2,4,2,5,5,2
0.7339283,0.5980427,99,1,5,16,2,3,5,1,3,1,2,3,1,3,4
1.1791285,1.4641926,9,3,14,12,2,2,2,4,3,1,3,2,1,3,2
0.6969997,0.5611702,7,1,5,8,2,4,5,2,2,2,1,4,2,4,2
1.1472081,0.9629105,99,1,9,11,2,1,2,2,2,2,3,2,1,2,2
0.8076004,0.6961166,99,1,9,12,1,1,1,1,4,1,1,1,1,1,1
1.0364065,0.8656742,10,1,9,11,1,1,3,1,4,1,2,3,1,4,3
0.9166294,0.9390423,5,2,15,15,2,2,2,2,2,3,2,2,2,2,3
0.770734,0.9251446,99,3,14,15,5,3,2,5,2,5,5,2,3,5,4
1.2614174,1.5628352,7,1,3,4,3,1,4,4,2,2,3,2,3,2,2
0.7557791,0.5969281,8,1,5,8,1,1,1,1,3,1,2,4,2,4,2
0.5803826,0.4552463,8,1,5,8,2,1,2,1,2,1,1,2,2,3,2
0.9346198,0.7130106,99,1,5,8,2,2,1,2,2,2,2,1,2,2,1
1.0115001,0.8536752,5,1,9,11,1,2,4,5,5,1,3,5,2,4,2
0.6680748,0.5192723,2,1,5,8,3,1,3,1,2,2,3,2,2,3,2
0.869993,0.6974037,5,1,5,8,3,2,2,4,2,3,2,2,2,3,3
1.2408595,1.4313126,99,1,8,8,2,1,4,4,2,1,1,1,2,3,2
1.2573811,0.8198488,1,1,1,1,5,3,5,4,2,5,2,1,3,1,1
0.79869,0.5522866,5,1,4,16,2,3,2,2,2,5,5,5,2,5,2
1.0415896,1.1756927,99,1,8,10,1,2,2,1,4,3,2,2,3,2,2
1.1381776,1.432405,3,1,3,4,3,3,2,2,3,2,2,1,4,2,2
1.3215592,1.0588167,4,1,5,8,2,4,2,1,2,2,4,2,2,2,2
0.7143337,0.462025,7,1,6,8,2,1,2,1,3,1,2,2,2,3,1
0.6709477,0.8415022,3,1,12,15,5,5,5,5,5,4,1,1,4,1,1
0.9491073,1.1638451,9,3,14,8,2,4,1,2,2,3,4,2,3,2,2
1.0579348,1.404973,10,1,7,9,1,2,3,2,3,2,2,3,2,5,2
1.4961654,1.2923846,5,1,9,11,2,2,2,2,2,2,2,2,2,2,2
0.7560084,0.5124691,0,1,4,6,3,4,4,1,2,3,4,1,3,1,1
1.276228,1.568046,2,1,3,4,3,4,1,3,2,2,4,1,3,2,1
1.4761204,0.9991611,99,1,1,14,5,4,2,1,3,2,1,2,3,2,1
0.5578067,0.3273387,0,1,2,2,4,4,1,4,1,3,4,1,3,1,1
0.9980202,1.0064274,3,2,15,14,4,3,3,4,2,1,4,1,4,2,2
0.8232383,1.0722048,8,1,7,11,1,1,4,1,4,1,1,3,1,4,1
0.9198864,0.7145441,6,1,5,5,2,3,1,1,2,1,2,2,3,3,1
1.0438981,1.3482946,10,1,7,11,2,1,2,2,3,1,4,1,2,3,4
0.753349,0.6288804,6,1,9,12,2,2,2,2,3,2,2,2,2,2,1
0.8598398,0.7495484,7,1,9,12,1,1,4,1,4,1,3,1,1,1,1
1.049755,0.6964116,3,1,4,7,5,4,3,1,2,2,4,2,3,2,1
1.1316302,0.9524233,1,1,9,12,3,4,2,3,2,2,1,1,1,1,1
0.8730641,1.0920974,99,1,12,14,2,3,3,2,3,2,3,3,2,3,3
1.1032215,0.9278097,7,1,9,12,1,2,3,2,1,2,1,1,2,2,1
1.0168167,1.2443961,99,1,3,14,3,2,2,3,2,3,3,3,3,2,4
1.0819564,1.0892245,6,2,15,14,3,2,2,2,2,2,2,2,2,2,2
0.9963071,0.8245854,7,1,9,12,1,1,2,2,4,4,1,1,3,2,3
1.1880298,1.4319121,99,3,14,14,4,3,2,4,3,3,3,2,2,2,1
1.0567404,0.8980404,8,1,9,12,1,2,4,1,4,1,2,4,1,4,2
1.0976857,0.7471949,5,1,4,7,5,5,5,5,5,5,5,5,5,5,2
1.1437594,1.4581155,3,1,3,4,3,2,2,2,3,2,3,3,1,2,2
1.1202971,0.950776,8,1,9,12,1,2,3,3,2,3,2,3,3,2,2
1.3433056,1.6565528,8,1,16,8,5,5,2,3,5,2,2,3,2,5,2
0.7560084,1.0108805,8,1,7,11,1,1,4,1,4,3,1,4,1,4,3
1.3292885,1.6355895,6,1,12,14,1,1,1,2,1,1,1,2,1,1,2
1.2256845,1.5876449,9,1,7,9,1,1,1,1,4,1,1,2,1,3,2
0.9360319,1.1123214,10,3,14,4,1,1,4,1,2,1,1,1,1,1,1
1.0340853,0.8753196,2,1,9,12,2,1,1,1,4,2,3,1,4,1,1
0.7591392,0.9442481,6,3,14,14,2,3,2,2,3,2,3,2,3,2,2
0.9798579,1.2044921,6,1,3,4,2,1,5,3,2,2,2,3,3,3,1
1.1653315,0.9216506,3,1,5,6,2,4,3,2,2,2,3,1,3,3,2
1.3861357,1.0882146,7,1,5,12,1,2,1,2,3,2,4,1,1,3,1
1.1914591,1.4552575,4,1,3,7,2,3,2,1,3,3,1,2,2,2,2
0.8793126,0.7529471,10,1,9,11,1,1,4,1,4,1,1,2,2,4,1
0.5665247,0.3898873,1,1,4,6,4,4,2,3,2,3,3,2,2,3,2
0.9033771,1.1121633,99,3,14,15,1,3,4,1,4,1,3,1,4,1,1
1.2475548,1.0403759,8,1,9,12,3,4,2,3,2,2,3,2,3,2,2
1.4884491,1.7891493,6,1,12,9,2,3,2,3,2,2,2,2,3,2,2
1.3156935,1.5745813,5,1,12,16,2,3,2,5,2,2,2,2,2,2,1
0.6190613,0.5034317,4,1,5,8,3,3,3,3,2,3,3,2,3,2,1
0.8628582,0.6791978,5,1,5,8,3,4,2,3,2,3,3,5,5,2,2
0.8519394,0.6667653,6,1,5,8,2,4,2,3,2,3,2,2,3,3,2
1.1947801,0.9929158,10,1,9,12,1,3,2,2,3,2,1,2,2,2,2
0.6858978,0.5780796,9,1,9,11,1,1,4,1,3,1,1,1,1,1,1
0.6772988,0.86001,0,1,3,4,2,4,1,3,2,3,4,2,3,2,2
0.8548935,0.6879936,5,1,5,8,2,4,4,1,4,2,2,4,2,4,2
0.9963071,1.1920372,99,3,14,14,2,1,1,3,2,2,2,2,3,2,2
0.9491073,1.2787253,9,1,7,9,2,3,2,1,3,3,2,1,2,3,1
0.9870259,1.165843,6,3,14,14,3,3,4,3,3,4,4,4,4,3,1
0.7148863,0.8841009,5,1,12,14,1,4,5,1,4,1,1,5,1,4,2
0.929354,0.7331928,6,1,5,8,1,1,1,1,1,1,1,1,1,1,1
0.8666292,1.040591,5,3,14,14,2,1,1,2,2,2,2,1,2,2,2
0.7199021,0.9663734,6,1,7,9,3,4,1,1,1,2,1,1,1,1,1
1.1596631,0.9842904,9,1,9,12,3,1,2,3,2,2,2,1,1,1,3
1.030246,1.2674574,99,1,12,4,2,2,2,3,2,3,2,3,2,3,2
0.761444,0.9298099,1,1,3,2,4,4,1,4,1,4,3,1,4,1,1
0.6389754,0.5569135,10,1,9,12,1,1,3,1,4,1,2,2,1,1,1
1.2990288,0.8774791,4,1,4,5,1,4,5,2,3,2,3,1,3,2,1
1.0213833,1.256837,7,1,3,6,2,3,2,1,3,2,3,1,3,4,3
1.3861357,0.9378775,5,1,4,8,2,4,2,2,3,2,3,2,3,3,2
0.7168553,0.8788142,10,1,12,11,1,2,4,1,4,2,1,3,3,4,2
1.0542133,0.8165988,7,1,5,8,3,4,2,3,2,4,2,2,3,2,2
1.019001,1.020777,99,2,15,12,1,4,3,4,4,1,3,2,1,1,3
1.3828862,1.7252089,99,4,16,16,4,4,2,4,2,5,4,2,4,3,2
1.0621049,0.8998692,10,1,9,12,1,1,1,1,4,1,1,1,1,1,1
1.1967145,0.9780455,4,1,5,8,2,5,5,2,5,1,5,2,2,2,2
1.0120082,0.8182026,8,1,5,8,1,3,3,1,4,2,4,2,2,1,2
1.030246,1.2954698,1,1,3,4,3,4,2,4,2,1,2,1,4,1,1
1.3256336,1.0222634,8,1,5,2,3,3,2,2,2,2,2,2,3,1,2
1.0493395,1.4531568,10,1,7,9,2,2,3,3,2,3,2,2,2,2,1
1.1821213,1.2970041,4,1,8,11,1,1,3,1,4,1,3,2,2,4,2
1.0621049,0.8998692,10,1,9,12,1,1,3,1,3,1,1,1,3,1,1
0.8849533,0.6876365,6,1,5,8,1,1,4,1,4,4,4,3,2,3,2
1.0292856,0.8696116,10,1,9,12,1,1,1,1,4,4,3,1,4,1,1
1.0002636,1.0122195,6,2,15,16,2,2,3,2,3,3,3,2,3,2,2
1.1129919,0.9367458,9,1,9,12,2,2,2,2,3,2,2,2,1,2,2
1.0115001,0.7975634,8,1,5,8,2,5,2,2,2,2,2,3,2,3,2
0.5927746,0.5294771,10,1,9,12,1,1,4,1,4,1,3,1,3,1,1
1.0425119,1.0731725,5,2,15,4,3,3,3,3,3,3,3,3,3,3,1
1.2466228,1.6594748,99,1,7,8,1,1,3,1,4,1,3,1,2,3,2
1.0083404,1.2574654,5,1,3,4,2,2,1,3,3,4,3,1,2,3,3
0.7646161,0.7780991,99,2,15,14,4,2,2,2,3,1,1,1,3,1,2
0.8949893,0.6272362,5,1,4,9,2,2,5,3,3,2,2,5,5,5,2
0.9867265,0.6227158,5,1,6,13,1,1,3,1,4,1,2,2,1,3,2
0.8349797,1.0496831,99,1,3,15,3,4,1,5,2,2,3,5,2,4,2
0.6684597,0.9178447,7,1,7,11,1,4,3,2,3,2,1,3,2,3,2
1.0153577,1.2438793,10,1,3,11,2,1,3,2,3,1,2,2,1,3,1
1.1799045,1.0103915,10,1,9,11,2,3,3,2,3,2,3,1,2,3,1
0.7123795,0.5521076,5,1,5,8,2,3,2,2,3,2,2,2,2,3,2
0.9794785,0.9872348,4,2,15,3,2,3,2,3,2,2,2,4,3,2,2
1.1779629,0.7884787,3,1,4,6,3,4,1,3,2,2,4,2,4,3,1
0.9591154,0.8154024,10,1,9,11,1,1,2,1,4,1,5,2,2,4,4
1.3586653,0.9293661,2,1,4,5,3,2,2,1,2,3,4,1,3,1,1
1.0524162,0.8819315,99,1,9,11,3,3,2,2,2,2,3,2,4,2,2
0.784961,0.9562654,9,1,12,11,1,4,4,1,3,4,2,3,2,4,1
0.7518116,0.9853634,10,1,7,9,1,1,4,1,4,1,2,3,2,4,2
1.2482891,1.559832,1,1,3,4,1,2,3,2,4,2,2,2,2,3,1
1.1461335,1.4025146,5,1,13,11,2,1,3,1,4,1,4,1,1,2,2
0.7393916,0.5965891,9,1,5,8,2,2,2,2,2,1,2,2,2,2,1
0.9099856,1.2088729,8,1,7,9,1,2,3,1,3,2,5,5,2,3,2
1.096802,0.8483843,6,1,5,8,3,4,1,3,2,4,1,2,2,3,2
0.9235001,1.130481,99,1,3,11,1,3,3,2,3,2,3,2,3,2,2
1.1766145,1.4478494,5,3,14,9,1,2,2,1,4,1,1,2,2,2,2
0.6661498,0.5600433,9,1,9,11,1,2,2,3,4,1,1,2,2,2,2
0.7633476,0.6040741,9,1,5,4,1,1,1,1,1,1,1,1,1,1,2
1.0142831,1.2733116,99,3,14,14,5,1,1,1,2,1,4,1,2,4,2
1.2528572,1.6019976,99,1,3,8,3,3,2,1,2,3,4,2,3,2,2
1.2990288,1.0897646,10,1,9,11,1,2,4,1,4,1,2,3,1,4,2
0.7880473,0.6204562,7,1,5,8,3,3,1,3,3,3,1,2,2,2,1
1.0316151,1.4392318,6,1,7,9,3,4,2,2,2,2,2,3,2,3,1
1.1467642,1.3377595,99,3,14,12,1,1,1,2,4,2,1,1,1,2,2
0.7554935,0.5907212,8,1,5,8,3,1,2,2,2,2,2,2,2,1,2
0.9780941,1.3169948,6,1,7,12,2,2,2,3,2,2,3,2,3,1,2
0.70119,0.8485492,8,1,12,11,1,4,4,1,4,1,2,2,2,2,2
0.9873759,1.2276161,99,1,16,8,2,2,5,5,3,3,3,5,3,5,1
1.1754963,0.8984638,5,1,5,8,2,4,1,1,4,2,3,3,4,3,4
1.2300112,0.9451162,6,1,5,8,2,2,5,3,5,2,5,2,2,3,2
0.9844017,1.2518526,5,1,3,4,3,3,3,3,3,3,3,3,3,3,3
0.6728207,0.9001731,9,1,7,9,1,4,3,1,4,1,2,3,3,4,3
0.9440513,0.6324568,0,1,4,12,5,2,2,3,3,3,4,2,3,2,2
0.76858,1.0675886,9,1,7,11,1,1,5,1,4,2,2,3,2,3,2
1.1631668,0.92172,4,1,5,8,3,4,2,5,2,2,2,3,3,3,3
0.8797393,0.6907003,8,1,5,8,1,1,1,3,2,1,1,1,2,1,1
1.0115001,0.8536752,8,1,9,12,2,1,4,4,1,2,1,1,1,1,1
0.5718028,0.7592469,9,1,7,12,1,2,2,1,4,2,1,1,1,3,1
1.1698967,1.0041863,5,1,9,14,2,2,2,2,3,3,3,3,2,3,1
1.0442302,1.3534894,1,1,3,4,3,4,1,3,2,4,3,1,3,2,1
1.0655063,1.4003131,6,1,7,9,2,4,2,2,5,3,3,3,3,3,2
0.837363,1.1113147,8,1,7,11,1,3,4,1,3,1,2,5,2,3,2
1.0621049,0.7245753,3,1,4,3,4,2,1,2,2,2,2,2,2,3,1
0.8935153,0.5120845,7,1,2,2,2,3,2,2,3,2,2,2,2,2,2
1.0153577,1.1017681,7,1,8,9,1,1,2,2,3,2,2,2,1,3,2
1.1754963,0.8984638,6,1,5,8,4,4,2,3,2,3,2,3,2,4,2
1.0747502,1.317217,5,3,14,4,2,4,4,3,2,2,2,1,3,3,1
1.2573811,1.0354433,8,1,9,12,2,2,1,3,3,2,3,2,3,2,2
1.1002578,1.0993671,4,2,15,11,2,1,1,2,3,3,3,1,2,1,1
1.1202971,0.950776,99,1,9,12,1,1,2,2,3,2,3,1,1,1,1
0.9738113,0.9693744,99,2,15,7,3,4,2,5,5,3,3,5,3,3,4
0.8176017,0.6469747,8,1,5,8,1,1,3,1,4,2,3,1,3,2,2
1.0765216,0.9401713,10,1,9,12,1,1,1,1,1,1,1,1,1,1,1
0.9791443,1.1746293,8,1,12,6,1,1,1,1,1,1,1,1,1,1,1
1.1355541,1.2861788,99,1,8,9,1,1,4,1,4,1,1,1,1,5,2
1.2980295,1.1092465,10,1,9,12,1,1,3,1,4,1,3,1,5,3,1
0.9946959,0.8238591,7,1,9,8,1,2,5,2,3,1,1,3,2,3,1
1.0111792,0.9990662,6,2,15,8,2,3,2,3,2,2,2,3,2,3,2
1.3608673,1.1781236,5,1,9,9,1,4,4,1,4,3,4,4,4,4,2
1.0438981,1.0261601,4,2,15,7,4,4,1,4,1,4,3,2,3,3,1
1.1162925,1.3190868,99,3,14,15,2,3,2,2,2,1,1,1,1,2,1
1.070968,0.840664,6,1,5,8,2,2,2,2,3,2,3,3,2,3,2
1.1128385,1.1073229,6,2,15,8,2,4,1,4,2,2,3,1,3,1,1
1.3303132,1.6008105,99,1,12,10,2,1,3,1,2,2,2,1,2,1,1
0.7712412,0.638412,7,1,9,11,1,3,2,2,3,3,1,5,2,2,3
0.8397315,0.8376991,4,2,15,4,3,4,2,3,3,3,3,3,3,3,3
1.0971347,1.3076404,99,3,14,12,1,1,1,4,4,5,4,1,2,1,4
0.7989862,0.537888,99,1,1,15,2,2,1,3,2,2,4,1,4,2,1
0.9436474,1.1686952,3,1,3,14,2,4,2,2,2,2,3,2,2,1,1
1.1672728,0.8039446,99,1,4,4,2,2,1,2,2,3,3,2,2,2,2
0.798429,0.6405545,99,1,5,8,2,5,2,3,2,2,2,2,3,2,1
1.0617309,1.0725868,7,2,15,8,2,3,2,3,3,2,2,3,2,3,3
0.6075079,0.810534,6,1,7,9,4,4,2,3,2,4,3,3,4,3,1
1.1916192,0.79941,10,1,4,4,1,1,1,1,1,1,1,1,1,5,1
1.1631668,0.9865668,99,1,9,12,2,3,1,3,1,2,2,1,1,2,1
1.3004249,1.0142332,0,1,5,9,1,1,1,1,2,2,1,3,4,1,2
0.7729608,0.6147739,4,1,5,8,2,4,3,2,2,3,2,2,2,3,2
1.2638996,1.0812489,0,1,9,12,2,1,1,1,3,1,1,1,3,1,1
0.6969997,0.8683128,1,3,14,13,4,3,1,4,4,4,2,1,2,2,1
0.9906781,0.7685249,7,1,5,8,2,3,2,3,2,2,2,2,4,2,1
1.3055398,1.4776645,5,1,8,10,4,2,3,1,4,3,4,2,2,2,2
1.3459119,1.6752135,99,3,14,8,2,3,2,1,3,1,3,3,1,1,1
0.76858,0.6721523,5,1,9,12,1,1,4,1,4,1,1,1,2,1,1
1.1745991,1.4216242,99,1,12,14,2,2,2,2,3,2,3,2,3,2,2
0.8127138,1.0134777,99,1,3,2,1,1,1,1,3,3,1,1,2,2,1
0.9465501,1.2736865,7,1,7,9,1,2,4,1,4,1,2,3,2,4,2
1.1276495,0.9410972,10,1,9,12,1,1,1,1,1,1,1,1,1,1,2
0.97076,1.2195976,5,1,3,12,2,2,2,2,3,2,2,2,2,2,2
0.5673906,0.3921092,0,1,4,6,1,1,1,1,1,2,1,1,1,1,1
0.7712412,0.9229012,7,1,12,7,3,4,2,3,2,2,4,4,2,3,2
1.1426287,0.9540819,10,1,9,12,1,1,3,1,3,2,4,1,1,2,2
0.7183871,0.5699093,8,1,5,8,2,4,2,2,3,1,2,3,1,4,2
0.7320554,0.8809589,7,3,14,12,1,2,3,1,4,1,1,1,2,1,1
0.8127138,0.6408238,9,1,5,8,1,3,2,2,4,1,2,3,1,4,2
0.8871313,1.0091749,8,1,8,11,1,1,4,1,4,1,3,2,2,2,2
1.2255336,1.5777081,99,1,3,9,1,2,3,2,3,3,3,1,3,2,1
1.2129997,1.518859,99,1,3,16,5,5,5,5,5,5,5,5,5,5,4
0.76858,0.8125203,8,2,15,3,2,2,2,2,2,2,2,2,2,1,3
0.8414639,0.8620198,99,2,15,12,3,3,2,3,2,2,3,2,2,3,3
0.998411,0.7915851,8,1,5,8,3,2,1,3,2,1,1,2,1,2,2
0.8078742,0.8392147,9,2,15,8,2,3,3,2,2,4,2,2,3,3,2
1.2765564,1.6167464,2,1,3,4,3,4,2,3,1,2,5,5,3,2,1
1.1442046,1.1704999,8,2,15,8,2,4,1,2,2,5,2,2,4,3,2
1.0976857,1.3414793,4,3,14,8,3,2,2,3,2,2,2,1,2,1,1
1.2255336,1.6959571,7,1,7,9,3,4,2,3,2,2,2,2,2,2,1
1.2256845,1.5876449,8,1,7,11,1,3,4,1,4,2,1,3,2,3,2
1.2256845,1.5876449,9,1,7,9,2,3,2,1,3,2,2,3,2,3,3
1.0367631,0.7096291,5,1,4,8,2,3,2,2,2,2,3,2,2,2,2
0.8976933,1.1536611,0,1,3,4,4,4,2,4,1,4,4,1,4,2,4
1.0074309,0.7970237,10,1,5,8,1,2,1,1,1,1,1,2,2,1,1
0.533233,0.707876,8,1,7,9,3,1,1,3,3,1,2,1,2,2,2
0.6591141,0.7962089,8,1,16,8,2,2,2,2,3,2,2,2,2,2,2
1.4909024,2.0283012,9,1,7,9,1,1,4,1,4,1,1,3,2,4,2
1.0153577,1.3371079,7,1,7,9,1,2,3,1,3,2,2,5,2,3,2
0.7518116,0.9853634,7,1,7,9,1,1,4,1,3,2,1,2,2,2,2
0.6883056,0.810524,99,3,14,15,2,1,2,2,4,4,4,2,4,1,1
0.832729,0.6691821,9,1,5,8,1,3,2,2,2,1,2,2,3,2,2
0.9558012,1.142391,99,1,16,14,2,2,2,2,3,2,2,2,3,2,2
0.7955592,0.9727932,99,3,14,15,2,3,2,2,2,2,2,3,3,3,2
0.7928738,0.9389338,99,1,16,14,1,2,4,1,4,2,1,1,1,2,1
1.0542133,0.8165988,7,1,5,8,2,3,2,2,3,1,2,2,1,2,1
1.0115001,1.23409,5,1,13,8,4,5,5,5,2,2,3,1,4,1,1
1.0115001,0.7975634,0,1,5,9,2,3,2,2,3,2,2,3,2,2,1
0.9894444,0.7715395,5,1,5,8,2,3,2,2,2,2,3,2,2,2,2
1.2300112,1.0116091,4,1,9,12,1,2,1,2,2,1,2,1,3,1,1
1.3256336,1.7379068,7,1,7,9,2,2,2,1,2,1,3,2,3,2,2
1.0324869,1.231149,99,3,14,9,3,4,4,4,2,4,2,2,3,1,2
0.6429595,0.8910968,7,1,7,12,2,3,2,2,3,2,3,2,2,2,1
0.734898,0.5858828,8,1,5,11,1,2,3,4,4,2,1,4,1,4,1
0.6155001,0.8408461,9,1,7,9,1,3,4,1,4,1,1,4,2,4,2
0.6680748,0.8827929,8,1,7,9,1,2,4,2,3,2,2,2,2,3,2
0.8404405,0.7039684,10,1,9,12,2,3,2,3,2,2,2,2,2,2,2
0.5927746,0.8409756,8,1,7,9,1,3,2,1,3,2,1,3,2,4,3
0.7439201,0.5834687,7,1,5,8,4,4,2,3,2,2,3,2,4,3,2
0.7726817,0.9461101,7,1,3,2,3,3,2,2,1,2,3,2,1,4,1
0.9815468,1.0144016,5,2,15,4,2,2,2,1,1,2,3,2,3,1,2
0.6969997,0.5611702,5,1,5,8,4,4,2,3,2,4,3,3,2,3,2
0.7379776,0.765325,5,2,15,7,3,2,2,1,2,2,2,1,3,1,2
1.16631,1.5347168,7,1,7,9,3,4,3,2,3,2,3,3,3,3,2
0.908867,1.2099947,8,1,7,8,2,4,3,3,2,2,2,2,2,3,2
1.0364065,0.8087736,8,1,5,9,2,4,3,4,3,4,1,4,2,2,2
0.7706516,0.6690724,10,1,9,12,1,1,1,1,3,1,3,2,2,1,2
1.0617583,0.7014513,1,1,4,8,3,4,2,3,2,3,3,2,2,1,1
0.9434338,1.0081401,6,1,8,10,2,1,2,1,2,2,3,1,2,2,1
0.9464911,1.2080648,4,1,3,4,3,4,2,2,2,2,1,2,2,4,2
0.9594646,0.9605657,10,2,15,11,1,3,4,1,1,1,1,1,1,4,2
1.0115001,0.8536752,4,1,9,8,3,3,2,2,2,2,3,2,2,2,1
0.9591154,0.6565626,6,1,4,2,3,4,1,3,1,3,3,1,2,1,1
1.0329683,0.838838,5,1,5,8,2,2,2,2,2,2,2,2,2,2,2
1.0522103,0.8702521,99,1,9,12,2,2,2,2,3,2,2,2,2,2,3
0.6704332,0.8934173,9,1,7,9,1,1,4,1,2,1,1,2,2,2,2
0.7793701,0.9520138,8,3,14,8,1,1,2,1,3,1,1,2,2,3,2
0.7521672,0.5819033,6,1,5,8,3,4,4,1,3,2,3,3,2,5,2
0.8234087,1.0005244,5,1,12,8,2,1,3,1,4,1,4,1,2,2,2
0.6305559,0.8461657,7,1,7,8,4,4,2,3,2,2,2,2,3,3,4
1.1622074,1.3802274,99,1,12,14,1,2,3,1,3,3,2,2,3,3,4
0.6562741,0.5460775,7,1,5,8,3,2,2,3,4,2,2,2,3,3,2
0.8552979,0.6907207,3,1,5,8,1,2,1,2,4,2,3,2,2,4,2
1.1540679,1.5449454,7,1,7,9,1,2,4,2,3,2,3,2,3,2,3
1.0946665,0.7253423,3,1,4,4,2,5,4,1,4,3,3,2,3,1,1
0.9056699,1.1956055,7,1,7,13,2,2,2,2,2,2,3,3,1,4,1
1.1724757,0.9245837,8,1,5,9,1,2,2,2,4,1,5,2,1,1,2
1.070968,1.3295294,8,1,3,4,2,2,2,2,2,1,2,2,2,2,1
1.0641176,1.4174063,7,1,7,8,2,3,2,2,3,2,2,2,2,2,2
1.0364065,0.8087736,6,1,5,8,5,5,2,5,2,2,2,5,5,5,2
1.0682567,0.7073441,8,1,6,13,1,1,2,1,4,1,3,1,4,2,1
1.2300112,0.8145483,3,1,4,6,3,4,2,3,2,3,3,2,5,2,2
1.2980295,1.6389892,2,1,3,4,3,2,2,3,2,3,4,2,2,2,1
0.8843088,0.7051592,5,1,5,11,2,2,2,2,2,3,2,2,2,2,1
0.7553616,0.5068235,0,1,4,3,2,3,3,2,2,2,4,1,2,2,1
0.7077399,0.966433,6,1,7,9,2,4,3,1,2,2,2,3,2,4,2
1.0364065,0.8087736,99,1,5,16,5,5,2,5,5,2,5,5,2,5,4
1.3340329,1.0437073,99,1,5,8,1,1,3,1,3,2,1,2,1,4,2
1.0287795,0.8336475,9,1,5,8,1,1,1,4,3,1,1,1,1,1,1
1.2196647,0.8123258,2,1,4,6,3,4,1,3,2,2,3,2,2,1,2
0.753349,0.9292147,4,1,3,4,4,4,1,3,1,4,3,1,4,2,2
1.1622074,1.2495582,8,1,8,16,5,2,3,5,5,2,3,2,5,3,4
1.1508248,0.9207997,9,1,5,8,2,2,1,1,3,3,3,2,1,3,2
1.2300112,0.9451162,5,1,5,8,4,4,1,2,2,2,3,3,2,3,2
0.6728207,0.8193018,4,1,12,6,5,5,1,2,2,3,3,5,3,2,1
0.7900848,0.5995948,3,1,5,16,3,4,4,3,2,2,2,3,2,2,2
1.0011536,0.7630131,7,1,5,8,3,4,5,4,1,3,3,2,2,2,4
0.6728207,0.435921,99,1,6,14,3,3,2,3,2,2,3,1,2,2,1
1.2048331,0.9880283,7,1,5,8,1,2,1,1,2,1,1,4,1,3,2
0.9165855,0.8922316,99,2,15,16,2,2,2,3,3,2,2,2,3,1,2
0.6969997,0.9540218,8,1,7,9,3,2,3,3,2,2,3,4,2,4,3
0.8750266,0.7598004,6,1,9,12,1,2,3,2,3,1,2,3,2,2,1
0.9466101,0.7248854,5,1,5,12,2,3,3,1,2,2,3,1,1,1,1
0.5829493,0.4863432,10,1,9,11,1,3,4,1,4,2,4,1,4,3,1
0.7077399,0.8990494,99,1,3,7,5,5,5,5,5,5,5,5,5,5,4
1.0603129,1.2861102,99,1,12,14,1,4,1,1,4,1,1,1,3,1,2
1.2256845,0.9338771,5,1,5,8,4,4,1,3,2,2,2,3,3,3,2
1.2300112,1.4624022,99,4,16,15,5,5,5,5,5,5,5,5,5,5,4
0.7077399,0.5684707,6,1,5,8,4,4,2,4,2,2,2,2,3,1,1
0.6883056,0.8905288,7,1,7,11,1,2,1,1,2,1,4,2,2,2,1
1.2934636,1.5844797,99,1,12,14,2,4,2,3,3,2,3,2,3,3,1
0.8811981,1.1019634,99,1,3,7,3,4,2,3,2,3,4,2,4,2,1
1.4408748,1.1715521,4,1,5,8,3,4,2,3,2,2,4,2,2,2,1
0.6030334,0.4029689,1,1,4,6,1,3,4,1,4,2,3,3,2,3,1
0.6051621,0.5064808,5,1,9,11,1,2,4,1,4,2,1,4,1,4,3
0.8327412,0.6875637,99,1,9,12,1,1,2,1,3,1,3,2,3,2,4
1.3156935,1.0892082,10,1,9,11,1,3,4,1,4,1,2,2,2,3,2
0.8811981,1.1019634,5,1,3,4,2,3,2,3,4,2,2,3,3,2,2
1.0364065,1.2790941,2,1,3,4,3,4,2,3,2,2,3,1,3,3,1
1.049755,1.3737196,7,1,7,8,1,2,2,1,2,1,2,3,2,3,2
0.857278,1.0580285,0,1,3,4,3,4,2,4,1,4,4,1,4,1,1
1.2931662,1.0910896,10,1,9,11,1,3,4,2,1,1,2,4,2,3,3
1.0364065,1.2514359,6,3,14,14,5,2,2,5,2,2,2,2,2,2,1
1.1581417,0.9196974,2,1,5,6,4,4,1,4,1,4,4,2,4,2,2
1.0154166,1.008638,9,2,15,8,1,2,2,2,2,1,3,2,3,2,2
1.1090769,1.3676476,7,1,3,4,2,3,1,2,3,1,2,1,1,3,1
0.4995532,0.3393787,7,1,4,8,3,5,2,3,2,2,3,1,2,2,2
1.2256845,0.9338771,4,1,5,8,3,4,1,3,2,3,5,3,3,5,2
1.147429,0.9556286,10,1,9,12,2,1,3,2,2,1,2,2,2,2,1
1.3152945,1.6156411,3,1,3,4,3,3,3,3,2,2,3,2,3,2,2
0.9165642,0.9159149,8,2,15,16,2,2,2,3,3,2,3,2,3,2,3
1.2572799,0.8835141,3,1,4,11,1,3,2,1,2,1,2,1,2,3,2
1.1540679,0.9087605,5,1,5,8,2,4,2,2,3,2,3,3,2,3,1
1.267136,1.5609372,99,1,3,9,3,1,2,2,2,3,2,1,3,2,1
1.2816249,0.9941261,6,1,5,9,1,3,2,1,4,1,3,1,1,2,3
0.8125991,0.5487644,5,1,1,9,1,1,2,2,2,2,1,1,2,2,2
0.9504011,1.164819,9,1,3,4,1,2,2,1,2,1,1,1,2,1,1
1.0916191,1.3670938,2,1,3,7,4,4,1,3,1,3,4,1,4,1,1
1.0916191,1.3375328,99,3,14,15,5,5,5,5,5,5,5,5,5,5,4
1.2466228,1.6594748,7,1,7,9,2,1,2,2,2,1,2,2,1,1,2
1.2771165,1.5199438,99,3,14,15,1,2,2,1,4,2,3,2,2,1,2
1.2272042,1.0455579,6,1,9,12,1,1,3,2,2,2,3,1,2,3,2
1.049755,1.2503052,99,1,12,14,5,2,1,5,5,1,2,5,2,5,2
0.7560084,1.0108805,7,1,7,9,2,3,2,5,2,2,3,5,3,2,2
1.595458,1.597131,1,2,15,6,2,2,1,4,2,4,3,1,4,1,2
0.5437247,0.4305325,2,1,5,8,4,4,5,4,1,4,3,3,2,2,2
1.163331,0.9239593,6,1,5,16,2,3,3,4,1,1,3,3,1,2,2
1.1766145,0.9357111,5,1,5,8,2,2,3,3,2,3,2,2,2,2,2
0.8628582,0.7269822,9,1,9,12,1,2,3,1,4,1,2,1,1,1,1
0.6400542,0.5013278,9,1,5,8,1,1,2,1,2,2,2,1,1,2,1
1.2006755,1.5983235,8,1,7,9,1,2,4,1,4,2,2,3,2,3,2
0.7942779,0.9749068,5,1,12,14,3,3,3,2,2,2,3,3,3,3,1
0.7236925,0.5832508,7,1,5,8,2,3,5,2,2,5,3,3,2,3,2
1.1436303,0.8818237,8,1,5,9,1,4,4,4,1,3,3,2,1,1,2
1.3004249,0.8595532,8,1,1,1,1,1,1,1,1,1,1,1,1,1,1
1.0796065,1.3193976,5,1,12,11,2,2,4,1,3,3,2,1,2,2,2
0.6081475,0.6280628,8,2,15,12,2,1,2,2,2,3,1,1,2,2,2
0.837363,1.0338293,99,1,3,9,2,2,2,2,3,2,3,2,2,2,1
0.7580281,1.011776,9,1,7,9,2,2,2,3,3,2,2,2,2,2,2
0.928798,0.8051137,8,1,9,12,1,4,2,1,3,2,2,1,3,3,2
0.6945479,0.7767594,9,1,8,10,1,2,1,1,4,2,2,2,3,3,1
1.0877792,0.8541365,4,1,5,5,3,4,5,3,2,2,3,2,3,2,2
1.252583,1.0067416,7,1,5,8,1,2,2,2,3,2,4,2,5,2,1
0.928798,1.1896118,3,1,3,12,1,2,3,1,3,1,3,3,2,3,1
0.7379776,0.8285893,99,1,8,11,3,4,2,2,2,3,2,5,3,4,2
0.7439201,0.9028159,99,4,16,16,1,5,5,1,5,5,1,1,5,1,1
1.0644499,1.3125457,3,1,3,4,2,3,2,2,3,2,3,2,3,2,1
1.2256845,1.5876449,9,1,7,9,1,2,2,1,4,2,1,2,2,3,2
0.9198864,0.7145441,6,1,5,5,2,3,1,1,2,1,2,2,3,3,1
0.7491669,0.5727132,99,1,5,8,1,1,2,2,1,1,3,1,1,1,1
1.0715605,0.711612,2,1,4,6,5,5,2,5,5,4,4,1,4,5,1
1.1799045,1.492924,99,1,3,4,2,3,2,2,3,3,4,1,1,2,1
0.7492656,0.5720685,4,1,5,8,3,4,2,3,2,2,3,2,3,2,2
0.97576,0.7839979,6,1,5,8,2,2,2,1,2,2,2,2,2,1,1
0.6719403,0.5285462,8,1,5,8,4,4,2,3,2,2,4,3,4,4,2
1.0424031,0.8232179,5,1,5,8,2,3,2,3,2,2,3,3,3,3,2
1.0542133,1.3882653,6,1,7,9,2,4,3,2,3,3,2,2,3,2,1
0.9929373,0.6729538,4,1,4,10,2,2,5,2,3,2,3,2,2,2,1
0.8793126,1.0884753,5,1,12,8,3,2,2,1,3,1,4,2,1,2,1
0.7928738,0.6068109,7,1,5,15,2,2,5,5,2,2,2,2,2,2,2
1.1514795,0.9671295,10,1,9,12,1,1,1,1,4,1,1,1,1,1,4
0.8232383,0.6306873,2,1,5,6,4,4,1,3,1,3,4,1,2,1,1
1.0329683,1.2979553,5,1,16,12,3,2,2,1,2,2,2,1,3,1,1
0.854911,0.5963643,4,1,4,8,2,4,2,2,2,3,3,2,3,2,2
1.3722712,1.7258337,3,1,3,3,1,2,2,2,3,2,3,3,3,1,1
0.7721642,0.6438731,5,1,9,12,1,1,4,3,1,1,3,4,1,1,2
1.2475548,1.5039883,3,3,14,11,2,2,3,3,2,3,2,2,1,2,3
0.7745085,0.4426715,10,1,2,8,1,2,2,1,4,1,1,2,1,2,3
1.0655063,1.4003131,9,1,7,9,2,2,4,1,4,2,2,3,5,3,2
1.0460829,0.8917391,9,1,9,12,1,2,4,1,2,1,1,4,1,4,1
1.2300112,1.6067523,8,1,7,9,1,2,2,1,4,1,3,3,2,3,2
0.9873759,1.1113949,99,1,8,14,1,1,1,1,4,3,3,1,3,1,1
1.2300112,1.6067523,7,1,7,13,2,3,3,2,3,2,2,3,3,4,3
0.6292362,0.8030017,7,1,3,16,5,1,1,5,2,5,1,1,5,1,2
0.9894444,0.7715395,7,1,5,8,3,4,2,2,2,2,3,2,2,3,2
0.8516892,0.6595126,1,1,5,8,1,3,2,2,2,1,2,1,1,1,2
0.753349,0.5063749,5,1,4,6,3,1,1,3,1,2,3,1,3,1,1
1.276228,0.9914785,5,1,5,7,2,4,2,3,2,3,3,2,3,2,2
0.9870259,0.8064657,8,1,9,12,1,1,4,1,3,1,1,1,1,1,4
0.9062235,1.0593358,5,1,16,16,3,2,1,1,2,2,2,2,1,2,3
1.2528572,1.0129461,2,1,5,6,3,4,2,4,2,3,3,2,2,2,1
1.16631,1.5347168,8,1,7,9,1,4,1,1,4,1,5,3,1,4,3
1.0111792,1.1947632,0,3,14,15,4,4,1,4,2,3,4,2,3,2,2
1.1586964,1.4086668,99,1,12,14,1,1,1,2,4,2,2,2,2,2,2
1.1586964,1.4086668,99,3,14,15,2,2,1,3,3,2,2,1,2,1,4
0.8392012,0.5558757,2,1,1,8,1,1,1,1,1,1,1,1,1,1,1
1.2305973,1.0361334,7,1,9,11,1,1,4,3,2,1,2,1,1,1,2
1.0012245,1.0943831,7,1,8,10,1,2,3,1,4,1,4,4,1,5,2
1.0799754,1.0914886,99,2,15,14,2,4,3,2,3,2,2,2,2,2,1
1.1446267,1.1396254,8,2,15,11,2,2,1,1,2,1,3,1,2,1,3
1.1622074,0.8920086,7,1,5,8,2,4,2,2,2,2,3,3,2,2,2
1.16631,0.7780297,99,1,4,8,3,3,5,2,5,2,3,2,3,2,1
0.7852752,0.528381,9,1,4,14,1,1,1,1,1,1,1,1,1,1,1
1.2300112,0.8145483,99,1,4,8,2,4,4,1,2,3,3,2,2,2,1
0.9972176,0.8400902,8,1,9,9,1,1,3,2,2,1,1,2,3,2,2
0.7560084,0.7693609,5,2,15,15,3,3,3,3,3,3,3,3,3,3,2
1.0603129,1.3145347,6,1,3,4,2,2,3,2,3,2,2,2,2,3,1
1.163331,0.9889637,5,1,9,12,1,1,2,1,4,2,1,1,1,1,1
0.6237316,0.480559,8,1,5,8,2,4,2,2,2,1,3,2,2,4,2
0.6411879,0.6922788,5,1,8,14,2,1,5,1,3,2,5,5,2,5,2
1.0579348,1.3070127,2,1,3,4,2,4,2,1,3,3,3,2,4,1,1
0.9099856,1.1002681,4,4,16,16,3,4,1,1,2,3,2,1,3,2,2
0.7077399,0.8990494,3,1,3,4,3,3,2,3,2,3,3,2,3,2,1
1.0617583,0.8138905,3,1,5,8,4,4,1,4,1,4,4,4,3,2,1
0.7518116,0.9166598,3,1,3,9,2,2,3,2,4,2,2,1,4,2,1
1.16631,1.4277103,2,1,3,4,2,4,2,2,2,2,4,1,2,2,1
0.7511808,0.5917448,5,1,5,9,1,3,1,1,2,2,2,3,2,2,2
0.6609027,0.4619612,3,1,4,7,4,4,1,4,1,4,4,1,3,1,1
1.1754963,0.8984638,99,1,5,8,2,1,4,2,3,1,2,2,1,4,2
0.8082311,0.5251803,5,1,6,13,2,2,1,2,3,2,2,1,2,2,1
0.5673906,0.4869708,8,1,9,11,1,1,4,4,4,1,2,1,2,2,1
1.0682567,0.919629,10,1,9,11,1,2,4,1,4,1,1,4,4,2,1
0.7129697,0.8556665,4,3,14,15,3,3,2,3,2,3,3,1,3,1,1
0.9103664,0.7865182,10,1,9,12,1,1,4,1,4,1,2,2,2,2,1
0.7928738,1.0316136,99,1,7,9,1,1,4,1,4,2,2,3,5,4,2
1.3714513,1.6793221,99,1,3,4,2,4,2,4,1,3,2,2,2,2,1
0.7491669,0.9736455,9,1,7,8,1,1,3,1,3,2,3,2,1,2,2
0.6661083,0.7473042,7,1,8,10,2,2,2,2,3,2,2,3,3,3,2
1.0524853,1.2942559,5,1,16,14,3,3,2,5,5,3,3,2,3,3,2
1.0534607,1.1455587,99,1,8,10,1,1,2,2,2,2,1,2,1,4,1
1.030246,1.2674574,99,3,14,11,2,1,2,2,2,2,3,2,3,3,2
0.8613338,0.6828363,5,1,5,4,3,4,3,3,2,5,2,2,2,3,3
1.201658,1.6402375,10,1,7,11,1,1,3,1,4,1,1,4,1,4,3
0.9440513,1.1354836,2,1,12,15,3,4,3,1,3,3,4,3,4,4,2
0.9622368,0.8170488,99,1,9,9,1,5,2,2,4,2,5,3,3,3,4
0.6743123,0.5349072,5,1,5,8,2,4,2,2,3,2,3,3,2,3,2
0.8221523,0.9948547,99,1,13,16,3,3,5,3,2,2,3,2,3,2,2
1.1622074,0.8920086,8,1,5,8,2,3,2,3,2,2,3,2,2,3,1
1.0287795,0.8336475,6,1,5,8,2,1,1,2,5,2,2,3,1,4,3
0.6704332,0.73617,10,1,8,11,1,2,4,1,4,1,3,2,1,3,2
0.9396567,1.0243275,6,1,8,10,1,1,4,1,2,3,4,3,2,3,2
0.6102943,0.5258139,8,1,9,12,2,3,2,2,4,2,3,2,1,2,2
1.049755,1.2503052,99,1,12,14,5,2,1,5,5,1,2,5,2,5,2
0.956358,0.7543183,5,1,5,8,5,4,2,3,2,2,2,3,5,3,2
0.9611408,0.6746299,3,1,4,5,3,3,3,2,2,3,3,1,2,2,1
0.7793701,0.6585505,9,1,9,11,1,1,4,1,4,1,1,3,2,3,2
1.2677541,1.4851763,5,1,12,9,2,4,2,3,3,2,1,2,3,2,1
1.096802,0.9080716,99,1,9,12,2,2,2,2,2,2,2,2,2,2,1
0.5803826,0.4552463,6,1,5,8,3,3,2,3,2,2,2,3,2,3,2
0.9929373,1.3274475,8,1,7,9,1,3,3,1,3,2,2,3,2,4,2
1.1223333,0.9623638,5,1,9,12,1,2,3,1,3,2,3,2,2,2,2
0.7746051,0.5210745,10,1,4,8,3,3,1,3,2,3,2,1,3,3,1
0.7872086,0.6774094,9,1,9,10,2,3,1,2,2,2,3,2,2,3,1
1.0287795,0.8336475,7,1,5,8,2,3,3,2,3,1,3,2,2,2,2
0.9585078,0.7586595,5,1,5,8,2,5,2,1,2,1,2,2,5,2,2
0.9123816,1.124553,0,1,3,3,4,4,2,3,2,4,2,1,4,1,1
0.7491669,0.9736455,8,1,7,11,2,3,4,2,3,2,2,3,5,4,4
1.1276495,1.3604689,99,3,14,15,1,2,3,2,4,2,4,5,1,3,2
1.0579348,1.3070127,2,1,3,4,4,4,1,4,2,4,2,1,3,2,2
1.1016529,1.3211303,99,3,14,15,4,3,4,3,3,2,3,3,3,4,2
1.0364065,1.2514359,99,3,14,15,1,3,3,5,1,1,2,1,3,2,1
0.7250521,0.9725472,8,1,7,8,2,2,2,1,1,2,1,2,1,1,2
1.1622074,0.8920086,3,1,5,8,4,4,1,3,1,5,3,2,2,2,2
1.1051377,1.4619056,8,1,7,9,2,3,3,2,2,2,2,3,2,3,1
0.5882639,0.4662406,5,1,5,8,2,4,2,2,3,2,3,2,3,3,2
1.2212226,1.0550745,9,1,9,11,1,1,3,1,4,1,2,1,1,4,2
0.8168047,0.9805272,99,3,14,8,5,3,2,2,2,2,3,2,2,2,2
0.6795532,0.5611828,99,1,9,12,1,1,2,1,1,1,4,1,3,1,1
1.3895187,1.0962344,9,1,5,11,1,2,2,2,4,1,3,2,3,3,3
0.9929373,0.780825,5,1,5,7,3,4,3,3,2,2,3,1,2,2,1
1.3828862,1.7252089,99,1,12,14,2,3,3,2,2,2,3,2,3,3,1
0.7928738,1.0316136,8,1,7,9,1,2,4,1,3,1,1,2,2,4,2
0.9008731,0.7491738,8,1,9,11,1,1,2,1,4,1,2,2,3,4,1
0.9308858,1.1705868,99,1,12,14,2,1,2,2,3,2,2,2,2,3,2
0.973693,1.2224181,5,1,3,4,2,1,1,1,3,2,2,4,2,1,1
0.7396407,0.5732312,5,1,5,14,1,2,3,2,3,1,2,2,2,4,2
0.9137075,0.765406,10,1,9,11,1,1,2,1,4,1,2,1,2,1,1
0.6795532,0.5611828,5,1,9,12,1,2,2,2,3,2,2,2,1,2,2
0.7557791,1.0148124,7,1,7,11,2,2,3,3,3,3,3,3,2,3,2
0.9323119,1.105922,5,3,14,15,4,2,2,2,2,2,2,3,2,3,3
0.6945479,0.5544968,7,1,5,8,2,1,1,2,1,1,2,3,2,3,2
0.8327412,0.6875637,99,1,9,12,1,1,4,1,4,1,3,1,2,4,1
0.7618191,0.6610397,9,1,9,11,1,1,4,1,4,1,1,2,1,4,2
1.2810627,1.1073614,7,1,9,12,2,1,2,2,2,1,1,1,1,2,1
1.1593112,0.9584489,10,1,9,9,1,3,4,1,4,1,2,1,1,3,2
0.9065661,1.0704665,99,3,14,12,1,1,2,1,3,1,3,1,2,5,2
1.1156787,1.3829381,3,1,16,16,4,4,2,4,2,3,4,1,3,2,1
1.1985936,0.9477128,10,1,5,8,2,3,3,2,2,2,2,2,2,3,4
1.0976857,0.8669665,4,1,5,8,3,4,1,2,1,2,1,1,2,3,2
1.0715605,0.8256798,3,1,5,8,3,4,2,3,2,4,3,3,4,2,2
1.0822668,0.8956389,99,1,9,9,1,1,2,1,4,2,2,2,3,1,2
1.267136,0.8506316,3,1,4,13,2,4,5,1,3,3,3,1,3,1,1
0.9625012,0.8252158,10,1,9,11,1,1,2,3,4,2,3,2,3,2,2
1.0607055,1.148764,99,1,8,15,2,3,3,2,3,2,2,2,3,3,2
0.6589402,0.5407251,10,1,9,12,2,1,1,1,4,2,2,2,2,2,2
0.9231336,1.229386,7,1,7,9,2,2,2,1,2,2,2,2,2,2,2
1.4029503,1.2091802,5,1,9,12,1,3,2,1,4,5,3,2,3,1,2
1.2510234,1.5623488,4,1,3,7,3,3,3,3,2,2,2,2,2,2,1
1.0534607,0.8753009,10,1,9,12,1,1,5,1,2,1,5,1,5,5,1
0.6037811,0.75675,99,1,12,14,1,3,3,1,4,3,4,1,2,3,3
1.1315596,1.4037831,5,1,13,14,3,3,2,3,3,2,3,3,3,3,2
1.0677911,1.2624023,7,3,14,9,3,2,3,2,3,2,3,3,1,4,3
0.973693,1.1959854,5,4,16,1,2,2,2,1,1,2,2,2,2,3,1
0.6685875,0.5373759,8,1,5,8,2,2,2,1,1,2,2,2,2,1,1
1.0946665,1.3310273,2,1,3,4,5,4,3,2,2,3,3,1,3,2,1
0.9735067,0.8311877,10,1,9,12,1,1,4,1,4,2,2,1,1,3,1
0.8261443,0.8258546,5,2,15,8,2,2,2,2,3,2,1,2,1,2,2
0.6795532,0.8913342,8,1,7,11,2,3,3,2,3,2,3,3,2,3,2
1.1964519,1.4692001,8,1,3,11,2,3,3,2,3,2,3,3,3,3,1
0.677537,0.5529288,5,1,5,8,1,4,2,1,3,2,2,2,3,2,1
0.8755739,0.5875405,3,1,4,6,3,4,2,3,2,3,3,2,3,2,1
1.2300112,1.6067523,8,1,7,9,2,5,5,1,5,3,2,5,2,5,2
0.9379191,0.9336531,7,2,15,8,3,1,3,3,2,3,2,1,3,2,1
0.97076,1.2195976,99,1,3,12,2,1,2,2,4,4,2,2,2,3,2
0.7282587,0.9030079,0,1,3,2,4,4,1,3,2,4,4,1,4,1,1
1.134174,1.384766,99,1,12,4,2,2,2,3,2,5,3,2,4,2,1
0.9165855,0.8922316,5,2,15,8,1,2,1,1,3,1,2,1,2,1,4
0.6586189,0.5194725,6,1,5,8,3,3,2,2,2,3,2,2,3,2,2
1.0534607,0.8177676,5,1,5,14,2,4,2,4,2,2,2,5,2,2,1
1.2426358,1.5941796,6,1,3,11,3,4,1,3,2,2,4,2,2,3,1
0.9929373,0.8357592,10,1,9,15,1,1,4,1,4,1,1,1,2,1,1
0.9593383,0.761583,7,1,5,8,2,2,2,3,2,5,2,2,2,2,2
1.430516,1.4450291,0,2,15,4,3,1,4,4,1,4,1,2,4,1,2
0.6051621,0.4731899,8,1,5,8,2,3,2,2,3,2,1,3,2,2,2
0.6795532,0.5242964,5,1,5,11,1,3,2,1,3,1,1,1,3,1,1
0.8356808,1.005918,5,1,13,14,1,3,4,1,4,2,3,3,3,3,1
0.7882817,1.0535542,10,1,7,11,1,3,3,2,4,1,3,2,3,2,1
0.8232383,0.5435577,1,1,4,7,5,4,2,5,2,5,5,1,5,2,1
1.0539745,0.8512241,8,1,9,11,1,1,4,1,3,1,3,2,2,3,1
1.0456483,0.9040256,99,1,9,12,2,1,2,1,4,1,4,4,4,4,1
0.7519106,0.5789533,3,1,5,15,3,4,2,3,2,3,3,2,3,1,1
1.0761764,0.7183917,3,1,4,9,3,3,2,3,2,3,3,2,3,2,1
1.0715605,0.8837698,8,1,9,12,2,2,2,2,3,2,3,2,2,3,1
1.1754963,0.7743409,4,1,4,8,3,3,3,3,5,5,2,5,1,3,2
0.9644386,0.8297741,10,1,9,12,1,2,2,1,3,1,3,1,3,1,1
0.9982073,1.3242948,8,1,7,9,1,3,4,2,4,2,1,4,2,3,2
0.6378028,0.7664925,99,1,12,14,1,3,1,2,2,1,1,1,2,2,2
0.7345937,0.5874696,99,1,5,15,3,3,3,3,2,3,3,3,3,3,2
0.734898,0.5858828,6,1,5,8,2,4,1,3,2,2,3,2,3,2,2
1.3586653,1.7054175,4,1,3,7,5,5,2,2,2,4,4,2,5,5,2
0.7560084,0.5946153,7,1,5,9,2,3,1,1,4,2,1,3,2,4,1
1.2990288,1.6102033,0,1,3,3,3,4,5,3,2,3,3,2,5,5,1
0.9735067,1.2281379,8,1,3,4,3,3,3,3,3,3,4,2,3,1,1
0.8518863,0.5858959,99,1,4,14,2,2,2,1,4,2,3,2,3,3,2
1.0542133,0.5932154,5,1,2,2,1,1,3,1,3,1,1,2,1,2,1
1.1476673,1.4114087,8,1,3,4,1,1,2,1,1,2,4,1,2,1,2
0.9949143,1.2816062,1,1,3,4,3,4,1,2,2,4,3,2,4,1,1
0.881519,0.7267879,8,1,9,11,1,1,4,1,4,1,1,1,1,1,1
0.8762195,0.6950907,7,1,5,9,3,3,2,3,3,2,2,2,3,2,1
1.1228806,0.8700268,99,1,5,8,3,4,2,2,2,2,3,2,2,2,1
0.8963794,0.6131271,5,1,4,8,5,3,5,5,2,3,2,2,2,2,4
0.8232383,0.9758784,5,1,16,16,1,2,4,1,3,5,1,5,3,3,1
1.3637224,1.5216362,6,1,8,13,2,3,5,1,2,2,2,2,3,4,2
1.2980295,1.0363359,3,1,5,6,3,4,2,3,2,4,4,2,3,1,1
1.0115001,1.23409,5,1,16,7,3,5,3,3,2,3,3,5,2,2,2
1.0038429,0.8213215,10,1,9,11,1,1,4,1,4,1,3,2,2,4,1
0.8628582,0.8788005,7,2,15,6,2,1,2,1,2,2,3,2,2,1,3
0.8344174,0.9048264,5,1,8,10,1,4,3,2,4,3,3,1,4,1,1
1.1421732,0.7232025,3,1,6,13,3,4,2,2,2,2,2,2,3,3,1
1.0971347,1.3076404,99,1,12,14,3,5,2,3,2,3,3,1,3,2,1
1.3866086,1.6738869,2,1,3,4,4,1,2,4,1,2,2,3,3,2,2
0.9231336,0.7231436,5,1,5,8,2,2,2,1,3,1,3,1,5,3,1
1.0534607,0.8753009,5,1,9,8,1,1,2,1,4,1,2,5,1,3,2
0.8811776,0.4941762,2,1,2,7,3,3,2,3,2,3,2,3,3,2,2
1.0877792,0.8541365,9,1,5,8,1,3,3,2,3,1,2,3,2,2,1
1.195665,1.4727715,7,1,3,9,1,1,3,1,4,2,3,2,2,1,1
1.0255424,1.3515074,9,1,7,9,1,2,2,1,3,1,3,2,2,3,2
1.195665,1.4409254,8,3,14,15,2,1,2,2,4,1,2,3,2,4,3
0.6452165,0.5441426,99,1,9,2,1,4,1,1,4,1,4,1,4,4,1
0.9844017,1.0502962,5,1,11,4,2,4,3,2,2,3,3,1,2,2,2
1.0882306,0.8524258,99,1,5,12,3,2,3,2,2,3,2,3,3,3,2
0.7345937,0.9090065,99,1,13,14,2,1,1,2,5,3,5,1,5,1,4
0.4412542,0.5600732,1,1,3,4,3,4,2,2,3,3,4,2,3,2,1
0.5781242,0.4541373,4,1,5,8,5,5,5,2,2,2,1,3,2,3,1
0.8076004,0.6961166,99,1,9,12,5,5,2,5,5,3,5,2,5,2,1
0.7465463,0.9136813,5,1,12,15,2,2,4,1,3,2,5,2,2,2,1
1.195665,0.7666646,2,1,6,7,1,2,1,2,3,2,2,2,2,2,1
0.6728207,0.5294955,8,1,5,8,4,4,2,2,2,2,2,3,2,2,2
1.2388176,1.3871731,10,1,8,10,2,2,2,2,3,3,3,2,4,3,1
1.2300112,1.3239533,6,1,8,11,1,2,2,4,4,1,1,1,2,2,2
1.1622074,1.5164663,5,1,7,9,2,3,2,3,2,2,1,2,2,2,1
1.1581417,0.9196974,3,1,5,8,4,4,3,4,2,4,3,2,4,5,1
0.6119802,0.7921548,1,1,3,4,3,4,4,2,2,3,4,1,4,1,1
1.3215592,1.0588167,3,1,5,8,3,4,2,3,2,5,3,5,3,5,2
1.0800005,0.8217651,4,1,5,6,3,4,2,1,2,2,2,2,3,2,1
1.1437594,1.4265863,5,3,14,8,3,3,2,2,2,2,2,2,3,3,2
1.2256845,0.9338771,4,1,5,8,3,4,2,3,2,3,2,3,3,3,1
1.0765216,0.9401713,5,1,9,12,1,2,3,1,4,2,2,1,4,2,1
1.0985308,0.9116632,9,1,9,12,1,1,3,1,4,1,2,3,1,3,1
1.0571619,0.8513579,4,1,5,7,3,4,5,3,1,2,4,2,3,2,2
1.1245364,1.1288476,99,2,15,8,3,3,3,3,3,3,3,3,3,3,2
1.2431663,1.0280039,10,1,9,12,1,1,3,3,4,3,4,1,4,3,1
1.2947472,1.5725672,3,3,14,6,2,4,1,2,3,4,3,1,3,1,2
0.7036653,0.8587614,99,1,12,8,2,4,2,5,2,3,2,3,3,3,2
0.7180369,0.6272588,10,1,9,12,1,1,4,1,3,1,4,1,4,1,1
1.2394936,0.9885275,4,1,5,8,3,4,2,2,2,2,3,2,2,3,1
0.8291806,0.7227373,9,1,9,11,1,1,3,1,4,2,4,3,3,3,1
1.4408748,1.2539756,5,1,9,11,2,5,3,2,2,2,2,2,2,2,1
1.2466228,0.7091052,99,1,2,16,1,1,2,1,2,2,1,3,1,3,1
1.2789547,1.0026702,5,1,5,8,2,1,2,2,2,1,2,2,2,3,4
1.1766145,1.4478494,3,3,14,14,4,1,3,1,4,4,2,1,3,2,2
0.8728664,0.5924054,99,1,4,6,1,4,2,1,4,2,4,1,4,1,1
1.1316302,0.9524233,99,1,9,12,1,5,1,2,4,2,2,2,2,2,1
0.8598398,0.7002808,7,1,5,9,2,3,2,2,2,2,2,2,2,3,2
0.7225016,0.8746476,99,3,14,8,3,3,1,5,2,2,3,2,2,1,2
0.7766438,0.9815652,8,1,12,14,1,1,2,2,3,2,3,2,2,2,2
1.1189526,1.4186788,8,1,3,11,1,3,1,4,3,2,2,2,2,2,2
1.197431,0.7848615,3,1,6,11,1,2,1,4,1,1,1,2,4,3,2
0.7852752,0.7932491,7,2,15,4,2,2,3,3,3,2,3,3,3,2,2
0.8976933,1.1287153,5,1,16,16,2,2,3,2,3,2,2,2,2,3,2
1.1002578,1.0993671,7,2,15,2,3,2,3,2,5,2,3,2,3,3,2
1.3385803,1.1322846,8,1,9,12,1,1,1,3,3,2,1,2,2,3,2
0.9436474,1.1686952,99,1,3,4,3,2,2,2,2,2,2,3,3,2,2
0.8782237,0.719836,10,1,9,12,1,1,2,2,3,2,2,2,1,1,1
1.1051377,1.3305686,5,3,14,14,2,3,2,2,3,2,2,2,2,2,2
1.1821213,1.2285361,9,1,11,12,2,3,2,2,3,3,3,2,2,2,1
0.6008382,0.763638,4,1,12,7,3,3,3,3,3,3,3,3,3,3,2
0.6684597,0.8538489,99,1,3,9,1,5,1,2,3,2,4,2,2,5,2
0.7393916,1.0142361,9,1,7,9,1,4,1,1,4,1,1,4,1,4,2
1.0621049,1.300869,99,1,12,14,1,1,1,1,4,3,1,1,1,1,1
1.3147973,1.3080488,5,2,15,14,5,5,3,2,3,3,2,2,5,2,2
1.0715605,0.711612,4,1,4,7,4,4,1,4,1,3,4,3,3,2,1
0.7717841,0.7790698,8,2,15,9,2,2,1,2,2,1,2,2,2,1,2
0.9065661,1.1504241,1,1,3,4,3,3,2,3,2,3,4,2,5,2,1
1.1947453,0.9478841,99,1,5,8,1,2,2,2,1,2,1,2,1,1,2
1.1476673,0.8924364,99,1,5,8,3,3,3,3,3,3,3,3,3,3,3
0.8762195,1.1816943,6,1,7,14,2,1,1,5,3,1,5,1,3,2,2
0.7646161,0.6013688,5,1,5,8,2,3,2,2,2,3,3,2,2,3,2
0.9346198,0.9225502,99,2,15,8,3,3,1,3,2,3,3,2,2,3,1
1.2300112,0.9451162,5,1,5,8,3,4,1,3,2,3,2,1,3,2,1
0.7662184,0.6141266,7,1,5,6,1,1,2,2,1,1,1,3,2,2,2
1.0765216,1.3591304,99,3,14,8,2,1,3,1,2,1,1,1,1,2,1
1.2362272,0.9653002,9,1,5,12,1,2,1,1,3,1,2,2,2,3,2
0.9120185,0.6329403,2,1,4,7,4,4,1,3,2,3,4,2,3,2,1
0.8846769,0.8938089,3,2,15,14,3,1,1,4,1,2,3,2,1,1,2
1.2101331,1.4977459,1,1,3,4,1,3,2,1,2,2,3,2,3,2,1
1.2934636,1.5844797,99,1,12,12,1,1,1,1,4,2,2,1,1,3,1
1.1840696,1.4782208,99,1,12,9,3,4,2,2,2,2,2,2,2,2,1
1.1586964,1.4086668,1,1,12,14,4,2,3,2,2,2,1,4,4,4,1
0.8218554,0.6867776,4,1,9,11,1,2,1,1,1,1,3,1,2,1,2
0.837363,1.0338293,5,1,3,8,2,3,3,2,3,2,2,3,2,2,2
1.1754963,1.3902158,1,1,12,14,5,4,2,2,1,2,4,1,3,1,1
0.6826518,0.5407386,8,1,5,4,1,1,1,1,1,1,1,1,1,1,1
0.770734,0.5978993,5,1,5,8,2,2,2,1,3,2,3,2,2,2,2
0.7168553,0.8788142,3,1,12,7,3,3,2,3,2,3,3,2,3,2,2
1.2572799,1.0972595,5,1,9,9,2,1,3,2,3,2,2,1,2,2,1
0.5993549,0.4778827,6,1,5,8,4,4,1,2,2,4,3,3,3,4,3
1.1078651,0.9105452,3,1,5,8,2,3,2,1,3,2,3,2,2,3,2
0.9434338,1.1135637,99,1,12,9,1,1,2,5,4,3,4,1,1,2,1
0.7826801,0.6217789,9,1,5,8,1,3,2,1,4,1,1,1,5,2,1
1.3538861,1.1404787,99,1,9,12,1,1,2,1,3,2,2,1,1,2,3
1.2256845,0.9338771,7,1,5,8,1,1,2,1,4,2,2,2,3,3,2
0.9963071,0.8245854,8,1,9,12,4,2,4,3,4,3,4,2,4,3,1
1.4441137,1.1782945,6,1,5,8,2,4,2,1,3,2,3,3,1,3,2
0.6868328,0.5288464,4,1,5,8,2,4,2,1,2,2,4,5,3,2,2
0.8127138,1.0134777,3,1,3,7,2,2,1,2,3,3,1,1,2,2,1
0.8076004,1.00632,99,3,14,9,3,5,2,2,2,2,2,2,2,2,2
1.0096955,1.1229255,5,1,8,14,2,2,1,5,4,2,2,2,3,3,2
1.0715605,0.6797625,99,1,6,11,1,3,4,1,1,1,2,2,2,3,1
1.1799045,0.8135678,99,1,4,7,3,2,2,3,1,4,3,1,2,3,1
0.8799527,1.0946296,99,1,16,15,4,4,4,4,2,2,4,1,1,2,2
0.9008731,1.0830206,4,1,12,16,3,3,3,3,3,3,3,2,3,2,3
1.0531734,0.8098095,4,1,5,8,3,4,2,4,2,3,2,3,2,2,1
0.8439726,1.1253258,10,1,7,14,1,1,4,1,4,1,1,2,1,4,2
1.0621049,1.300869,8,3,14,14,2,1,2,1,1,1,2,1,1,2,2
1.3828862,1.1934042,6,1,9,11,1,1,3,1,4,1,4,1,3,1,1
1.2300112,1.3239533,8,1,8,11,1,3,3,2,5,2,3,2,1,5,2
0.7384926,0.5051081,2,1,4,12,2,3,2,2,2,3,3,2,3,3,1
1.1795876,1.4684293,6,1,3,15,2,2,2,3,2,2,2,2,2,2,2
0.9836383,0.9976881,99,2,15,14,3,2,2,3,5,3,2,2,3,2,2
0.7143337,0.8683635,6,3,14,11,2,2,2,3,3,2,2,2,2,4,2
0.7407711,0.8920299,7,3,14,1,1,1,4,1,1,2,1,1,1,1,1
1.0976173,0.8839307,4,1,5,8,1,1,2,1,3,2,3,2,2,2,2
1.16631,1.3968384,7,3,14,13,1,3,2,1,3,2,2,1,2,3,1
1.1476673,1.5171934,6,1,7,8,3,4,2,3,2,3,3,2,4,3,1
0.6969997,0.5611702,7,1,5,15,4,4,4,1,1,1,4,1,4,1,1
0.8826927,0.8886943,7,2,15,8,2,3,2,2,2,4,2,3,2,2,2
1.3110653,1.3010139,99,2,15,16,2,2,2,5,5,2,2,2,3,2,4
1.2316912,1.0413169,5,1,9,12,1,1,2,1,4,1,2,2,2,2,2
0.7880473,0.6204562,10,1,5,9,2,3,3,4,1,2,4,1,1,3,2
0.7225016,0.5652642,8,1,5,8,1,2,1,1,2,5,1,2,1,2,2
0.8182268,1.0963155,10,1,7,12,2,1,2,2,2,1,4,2,2,1,3
1.1436303,0.9438635,10,1,9,12,1,2,4,1,4,2,3,3,2,4,2
0.8882824,0.7073473,4,1,5,8,3,4,1,3,2,4,4,2,1,3,2
0.8656663,0.6805691,99,1,5,8,2,1,2,5,3,3,2,2,3,3,2
0.9870259,0.6493667,4,1,4,4,2,2,4,4,1,4,3,1,3,2,1
0.9870259,0.9997525,99,1,11,14,3,3,3,5,5,4,5,2,4,3,4
0.7225016,0.8746476,99,3,14,14,2,5,4,4,2,4,4,3,4,2,3
1.040315,1.2490151,4,3,14,8,2,3,2,2,3,2,1,2,1,2,2
0.9524295,0.9654581,5,2,15,3,3,1,1,5,1,1,1,1,1,1,3
1.1150166,0.9487253,8,1,9,11,1,3,1,2,4,1,3,1,3,1,1
0.9062235,0.8858212,5,2,15,12,3,2,2,3,3,2,3,2,3,3,2
1.0076993,1.0040001,6,2,15,12,1,4,3,4,3,2,2,3,3,3,2
1.1476673,1.3808893,7,1,12,4,2,4,3,1,3,2,3,2,2,1,1
0.8104513,0.7044943,5,1,9,12,1,1,2,1,4,2,2,2,2,2,1
1.0001258,0.6676359,4,1,4,4,2,2,2,3,2,2,3,2,3,2,2
0.7584811,0.9074883,3,3,14,4,5,1,1,4,1,2,2,1,2,2,1
1.0324869,1.2583588,7,1,3,8,2,3,2,3,3,2,4,3,2,4,2
0.8018253,0.6697341,9,1,9,12,2,3,3,2,4,2,2,2,3,2,1
0.8452073,0.915772,99,1,8,10,1,2,2,2,3,2,2,2,1,1,2
0.9393362,0.7275187,0,1,5,9,3,4,3,4,1,2,2,2,3,3,1
1.0316151,0.9061384,6,1,9,11,1,2,4,2,3,1,2,2,2,2,2
0.520501,0.6402302,6,4,16,2,2,2,1,2,2,1,2,2,2,2,3
1.1635536,0.9843578,8,1,9,12,2,2,3,2,3,2,2,2,2,2,2
0.7379776,0.5914961,10,1,5,8,1,5,1,1,1,1,1,1,1,1,1
0.8666292,0.8701466,99,2,15,12,3,2,2,2,3,2,2,2,3,2,1
1.3948797,1.1098794,7,1,5,11,1,3,4,1,4,1,1,2,3,2,2
0.8882824,0.6096271,99,1,4,8,3,5,2,5,2,2,1,2,1,5,4
0.6585779,0.8195209,8,1,12,12,1,2,2,1,3,1,3,2,1,2,1
0.9867265,1.0552841,2,1,11,13,1,2,1,2,4,1,4,1,2,2,2
0.6945479,0.857987,7,1,12,11,5,5,3,5,5,2,5,2,2,2,2
0.8147765,0.8112785,5,2,15,8,2,3,2,3,5,3,2,3,3,3,2
0.9894444,1.1938225,2,1,12,6,1,3,2,2,3,2,2,1,1,1,1
0.7967852,0.5364861,99,1,4,6,1,3,1,2,3,1,2,1,1,1,2
1.0985308,0.8517398,2,1,5,6,4,4,2,3,2,2,3,2,3,2,1
1.0456483,0.9040256,10,1,9,12,1,1,1,1,4,1,1,2,1,1,1
1.0150708,1.2765453,0,1,3,9,3,2,3,2,2,3,3,2,2,2,2
1.029797,1.2588923,99,1,16,16,2,2,2,3,3,2,3,1,3,2,4
0.6851367,0.5266595,8,1,5,14,2,3,2,3,3,4,4,3,1,3,2
0.9099856,1.1002681,2,3,14,2,2,2,1,3,2,3,2,2,3,1,2
1.0424031,1.2737858,7,1,12,11,2,2,3,3,2,2,2,2,2,2,1
0.8209422,0.6950082,5,1,9,12,1,1,2,1,4,2,4,1,1,1,3
0.8125991,0.6930723,7,1,9,12,1,4,2,2,3,3,1,2,2,1,2
1.2394936,1.563379,99,1,3,7,3,4,1,2,3,3,3,2,3,1,2
1.163331,0.783047,2,1,1,1,1,1,2,2,3,2,4,1,4,1,1
0.7322822,0.5946206,7,1,5,8,1,2,3,1,2,2,2,2,1,2,2
1.4358064,1.9680213,6,1,7,8,1,2,3,1,4,1,2,1,1,2,2
0.6868328,0.4557862,3,1,4,4,3,4,2,3,2,3,2,2,3,2,1
0.8753756,0.9300393,8,1,8,9,2,2,4,2,3,2,3,2,3,3,1
0.888798,1.2012527,7,1,7,9,1,1,3,3,4,1,4,1,1,3,2
1.134174,1.384766,5,3,14,4,2,3,2,2,2,2,3,2,2,3,1
0.9359086,0.9311761,6,2,15,8,2,2,2,2,2,2,2,2,2,2,1
0.6969997,0.8683128,6,4,16,11,2,2,3,2,2,2,2,2,2,2,4
1.2618197,0.9790263,4,1,5,8,3,2,2,2,2,2,2,1,3,2,1
1.0132598,1.2830234,99,1,3,14,3,3,2,3,2,2,3,2,3,2,1
1.2582617,1.7094405,8,1,7,8,2,2,3,2,2,1,2,3,2,3,1
1.167661,1.2042456,7,2,15,12,2,2,1,2,2,1,2,2,1,3,2
0.6517057,0.80915,6,1,12,15,4,4,1,5,5,5,2,2,5,4,2
0.9836383,1.1931152,6,3,14,14,1,1,3,1,1,2,3,2,1,2,2
0.8845756,1.1911193,99,1,7,8,2,2,1,1,3,2,4,1,4,1,1
0.8976933,0.7294621,5,1,5,8,3,2,2,2,2,2,2,2,3,2,2
0.6212345,0.7555205,5,1,12,8,3,4,2,2,2,3,2,2,3,2,2
1.107116,0.9389759,10,1,9,11,1,1,4,1,4,1,1,1,1,1,1
1.0720831,1.3650918,6,1,7,9,2,3,3,1,3,2,2,2,2,2,2
0.9393362,0.941322,9,2,15,1,2,1,1,5,1,2,1,1,1,2,1
1.1914591,0.7930415,2,1,4,14,3,5,2,5,2,5,4,2,2,1,2
1.1437594,1.1929176,99,2,15,15,2,1,4,1,3,2,3,1,3,2,1
1.2300112,1.6067523,8,1,7,9,3,4,2,3,2,3,2,4,3,4,2
0.7560084,1.0108805,6,1,7,11,2,4,2,3,2,1,1,4,3,4,2
0.6051621,0.8044503,8,1,7,11,1,3,4,1,4,1,2,1,2,3,1
1.0400652,0.8185073,5,1,5,16,5,2,2,2,5,5,1,2,1,1,2
1.0294579,1.2769322,5,1,16,16,3,3,2,3,2,2,3,2,3,3,1
1.040226,1.2125711,4,1,12,6,3,4,2,3,5,3,3,5,3,2,2
0.8921568,0.7674584,7,1,9,12,2,2,3,2,3,4,1,2,2,2,1
1.0115001,1.23409,2,1,13,3,4,4,2,3,1,3,2,1,3,1,1
0.7348559,0.6217074,7,1,9,12,1,1,4,1,4,1,3,4,1,3,3
0.9232054,1.0205579,6,1,8,7,2,3,2,1,2,2,2,2,3,2,2
0.6051621,0.8044503,9,1,7,12,1,1,2,1,3,1,1,2,1,3,2
1.2084416,1.0001012,10,1,9,12,1,1,2,1,4,1,2,1,1,1,1
0.891274,0.7018159,99,1,5,15,2,3,2,1,3,3,3,2,3,2,2
1.2256845,1.5876449,6,1,7,8,3,2,3,2,2,2,1,3,2,3,2
0.9863536,1.158208,6,1,12,14,2,2,2,2,3,2,1,2,2,4,2
1.040315,1.2490151,6,1,12,14,2,2,3,4,2,1,3,2,1,3,2
1.1840696,0.9553394,3,1,5,8,4,4,2,4,1,2,4,2,4,4,2
1.1589414,1.4294214,3,1,3,4,2,2,2,1,2,2,4,1,2,2,1
1.0925522,0.9265239,2,1,9,11,1,1,1,1,4,3,3,2,1,2,1
1.2300112,1.4624022,3,1,12,12,1,1,4,1,5,1,4,1,1,5,1
0.6883056,0.4514565,99,1,4,6,3,3,2,3,5,3,4,2,2,2,1
0.8154168,0.8644829,7,2,15,3,4,4,4,4,4,4,4,4,4,4,3
1.0470198,0.8368822,4,1,5,8,3,2,2,2,3,2,3,2,3,2,2
0.5558445,0.7041637,6,1,3,4,2,2,2,2,3,2,2,2,2,2,2
0.753349,0.909122,99,1,12,4,3,2,2,3,2,2,3,2,2,2,2
1.2405912,0.9769176,6,1,5,11,2,4,3,2,2,3,3,2,3,3,2
0.9980202,1.0064274,99,2,15,8,2,2,3,2,2,1,4,4,1,4,2
0.6829517,0.7621557,8,1,8,10,2,3,3,1,2,2,1,2,3,3,2
0.9359086,1.1135749,8,1,12,12,2,1,1,1,3,1,2,2,4,3,1
0.8423899,1.1473254,5,1,7,13,2,2,4,1,3,1,2,3,1,3,2
0.941641,0.8042079,8,1,9,12,2,2,2,2,3,3,2,2,3,3,1
1.0655063,1.4003131,9,1,7,9,2,2,3,1,3,2,2,3,3,3,2
1.0266219,1.2800641,2,1,3,4,4,4,1,4,1,3,1,2,3,2,2
0.8813396,0.9051121,8,2,15,2,4,1,1,4,1,4,4,1,1,3,2
1.381731,1.3531598,8,2,15,3,3,1,1,1,2,1,2,2,1,1,2
1.0147488,1.0110899,7,2,15,8,2,3,1,4,2,3,1,3,2,3,3
0.9383287,1.1741426,1,1,3,4,2,4,3,4,2,3,2,2,2,2,2
0.6175603,0.6436093,10,2,15,4,2,3,1,4,1,1,5,1,2,2,2
1.096802,0.8483843,99,1,5,8,4,4,4,4,4,4,3,4,1,4,3
1.0115001,0.6873798,3,1,4,6,5,4,2,5,5,3,5,1,2,2,2
0.7988735,0.6413118,5,1,5,8,3,2,1,3,3,5,2,3,1,3,2
0.7880473,0.9812657,3,1,3,7,1,4,4,1,3,1,4,1,3,3,1
1.0522103,1.3822331,8,1,7,12,1,3,3,1,4,1,3,3,2,3,2
1.2316912,1.3628337,6,1,8,11,2,3,2,1,2,2,2,3,2,3,1
1.2216749,0.9725289,5,1,5,8,2,3,2,1,2,1,2,2,2,2,2
0.7766438,0.6343626,5,1,5,8,2,2,3,3,3,2,3,2,2,2,2
1.0439874,1.2640469,5,1,12,14,1,1,1,1,3,1,1,1,2,1,1
0.9792045,1.2276994,2,3,14,8,2,1,2,2,2,2,1,2,1,2,2
0.760408,0.5838003,5,1,5,9,2,4,1,1,2,1,4,3,4,3,2
0.869993,1.0791104,99,1,12,14,5,5,2,5,2,5,2,2,5,5,4
0.7446064,0.7576855,99,2,15,8,3,3,3,3,3,3,3,3,3,3,2
1.1476673,1.3808893,5,3,14,6,3,3,1,4,2,3,3,2,2,2,3
0.6391186,0.4393262,7,1,4,9,2,1,1,1,2,4,1,1,4,1,1
0.8633329,1.0024172,99,1,12,14,3,3,2,2,3,3,3,2,2,2,1
1.0916191,1.3375328,8,3,14,12,2,2,4,2,3,2,2,2,3,3,1
1.0280552,0.8055613,6,1,5,9,1,1,2,1,4,2,1,1,1,1,1
0.8813396,0.6995333,9,1,5,8,2,1,2,1,2,1,1,1,1,1,2
0.7531205,0.9126582,2,1,12,7,1,2,2,1,4,3,2,2,2,2,1
1.1125158,1.3636483,99,1,12,14,2,2,2,2,2,2,2,2,3,2,2
0.8501834,0.576611,8,1,4,8,1,2,2,3,3,2,2,2,2,2,2
0.9313816,0.7873005,6,1,9,12,1,1,5,5,4,2,4,2,4,1,2
1.1905426,0.936612,7,1,5,8,2,4,2,2,2,2,2,2,2,2,2
0.9594646,0.7946219,99,1,9,15,1,2,2,1,4,3,2,2,2,2,2
0.613335,0.7562038,5,1,12,14,3,3,3,1,5,3,4,2,3,2,2
1.1001532,0.9333017,8,1,9,11,1,2,2,1,4,1,4,1,3,1,2
0.9829361,1.3127609,8,1,7,13,2,2,5,2,2,1,3,1,2,3,1
1.2300112,1.3239533,5,1,8,13,3,4,4,4,2,2,3,1,4,3,1
1.3262244,1.658051,0,3,14,11,1,2,4,1,4,1,2,1,1,1,1
1.0882306,1.1941092,7,1,8,9,3,3,2,3,3,2,3,2,3,3,1
0.7880473,0.9600475,5,3,14,15,3,1,2,3,3,3,3,3,3,3,2
0.9591154,0.8154024,8,1,9,11,1,2,2,1,3,2,2,3,2,2,1
1.2510234,0.9878762,99,1,5,8,3,4,1,3,2,3,3,2,2,2,2
0.8154517,0.9717548,3,1,12,12,2,2,2,3,3,1,1,3,2,2,1
0.7560084,1.0108805,6,1,7,9,3,4,1,2,4,2,3,1,1,1,2
1.2466228,1.6594748,9,1,7,9,1,5,4,1,4,1,5,3,5,3,2
0.9863536,0.9684985,99,2,15,2,3,3,3,3,3,3,3,3,3,3,1
1.3459119,1.4008207,5,2,15,11,1,3,2,2,3,2,1,2,1,2,2
1.1466622,1.4266887,0,1,3,14,4,2,1,3,1,2,4,1,4,3,1
0.9772489,0.9810408,6,2,15,8,5,2,1,3,2,2,3,2,2,2,2
1.1326358,1.4341559,0,1,3,4,4,4,1,4,1,4,4,1,3,1,1
0.8089767,0.6852795,9,1,9,7,1,3,1,3,2,3,2,2,4,3,1
0.9099856,0.7611047,8,1,9,12,3,2,2,2,2,2,3,2,2,2,2
0.7880473,0.9812657,2,1,3,4,4,4,3,4,2,2,4,1,3,1,1
0.8580367,1.0282811,99,1,12,12,1,1,2,1,4,2,2,1,1,1,2
1.1426287,0.7682274,3,1,4,14,3,3,2,2,2,3,2,2,3,2,2
0.7196902,0.8918006,5,1,3,4,2,1,2,2,3,5,4,2,3,2,1
1.0388447,0.8195586,8,1,5,8,2,4,2,2,2,2,4,2,2,2,1
0.7093309,0.5717423,7,1,5,12,2,4,1,4,4,1,4,1,2,3,1
0.6919218,0.8758437,8,1,3,11,3,4,2,3,2,2,3,1,3,3,2
0.7308295,0.618499,7,1,9,12,1,1,1,1,1,1,1,1,1,1,1
0.7143337,0.6006858,0,1,9,11,1,1,3,1,4,1,2,1,1,1,1
0.6406978,0.4389354,0,1,1,1,3,4,2,2,2,2,3,1,2,1,1
0.784961,0.6614915,2,1,9,15,1,1,2,1,1,1,3,1,1,1,1
1.0508418,0.8432639,6,1,5,8,1,2,4,1,3,3,2,2,2,3,2
0.8793629,0.5994428,5,1,4,6,1,1,2,1,4,2,3,1,1,1,1
0.8155828,1.0256748,99,1,3,14,4,3,2,3,2,3,2,2,3,2,3
0.9065661,0.7274154,7,1,5,11,2,2,3,1,3,1,2,2,1,3,2
1.1223333,0.9623638,99,1,9,12,1,2,2,1,4,2,2,2,1,4,2
1.0115001,0.7975634,5,1,5,8,3,3,2,3,2,2,3,3,2,2,1
1.1051377,0.9204138,10,1,9,12,1,3,2,1,3,1,1,1,2,1,2
0.7196902,0.603559,7,1,9,12,3,3,3,3,3,3,2,2,2,2,2
1.1791285,0.7790442,0,1,6,11,1,2,2,1,3,1,3,1,2,1,1
1.0147488,1.0110899,99,2,15,16,2,3,3,4,1,3,2,3,3,2,2
1.2278838,1.3372754,5,1,8,3,1,1,1,1,4,1,4,1,1,4,2
0.8276357,0.6527067,8,1,5,6,4,2,1,1,2,3,2,3,3,1,2
1.0150708,0.807162,7,1,5,8,2,2,2,1,2,1,2,2,2,3,2
0.9735067,1.3201866,8,1,7,11,1,2,3,1,4,1,3,2,2,3,2
0.6224948,0.7998192,6,1,3,4,4,4,2,3,3,2,3,3,3,2,2
1.201658,1.0326912,8,1,9,11,1,3,4,1,4,1,4,3,3,3,2
1.3147973,1.3080488,4,2,15,8,3,4,3,3,3,3,2,3,3,3,2
0.6539655,0.5775456,10,1,9,11,1,1,3,1,4,1,1,4,1,3,2
0.6335593,0.8422655,5,1,7,8,3,4,5,4,2,2,2,2,2,4,2
0.7991585,0.9673005,7,3,14,8,3,2,1,1,3,4,2,4,3,2,2
1.2256845,0.9338771,5,1,5,8,2,2,3,3,2,2,1,2,3,3,2
1.2239702,1.2342076,1,2,15,3,1,2,3,1,2,1,1,2,1,1,1
1.096802,0.9080716,9,1,9,12,1,2,3,1,4,1,3,2,1,2,2
1.0761764,1.4170768,8,1,7,11,1,4,4,1,4,1,3,2,2,3,1
0.7689232,0.6652439,7,1,9,11,1,1,4,1,4,1,1,1,1,4,3
0.8762195,1.1816943,8,1,7,8,2,1,2,1,3,2,1,3,1,3,2
0.6819521,0.5679367,4,1,9,11,1,5,5,2,4,1,3,2,2,2,1
1.17646,1.1472365,3,2,15,4,2,3,3,3,3,2,3,3,2,3,2
0.891274,0.7018159,0,1,5,16,3,2,3,1,2,1,3,1,1,3,2
1.1514795,0.9035604,1,1,5,8,2,3,2,2,3,2,2,2,2,3,2
1.2713529,1.5217921,1,1,16,6,3,3,2,2,1,4,2,3,3,1,1
0.753349,0.5875443,6,1,5,8,4,4,2,3,2,3,3,3,3,2,2
0.8730438,1.0662227,4,3,14,11,1,2,1,1,4,2,2,1,4,1,1
0.8397315,1.0239283,4,1,3,4,4,3,3,4,5,2,4,3,4,2,2
1.1651299,0.8987247,10,1,5,4,4,4,1,4,1,1,4,3,1,1,1
1.0150708,1.2489423,6,3,14,8,3,2,2,2,2,2,3,2,2,3,2
0.9360319,0.9301279,6,2,15,8,2,4,2,3,2,2,2,2,2,3,1
1.0715605,0.8256798,6,1,5,8,2,4,3,1,2,2,2,3,3,4,1
0.7560084,0.5946153,5,1,5,8,3,4,1,3,2,2,2,3,3,2,2
1.2058762,1.4479339,99,1,12,14,4,4,2,3,2,3,3,3,2,3,2
1.3334621,1.1249486,6,1,9,9,1,2,4,1,3,2,1,2,3,2,2
1.096802,1.3127265,99,1,13,14,4,2,1,3,2,3,3,3,2,3,3
1.0471452,1.4165493,8,1,7,11,1,1,4,1,4,1,1,2,1,3,1
0.6969997,0.8683128,6,1,12,14,3,5,2,3,2,2,2,3,2,3,2
0.9794785,1.1806144,5,1,12,14,2,2,2,2,2,1,2,2,2,2,3
1.1514795,0.9671295,10,1,9,11,1,1,2,1,4,1,1,2,1,3,2
1.1223333,1.3912122,5,1,12,14,3,3,2,2,3,3,3,2,2,2,2
1.1012502,1.3147457,4,1,12,14,2,2,2,3,3,2,3,3,2,4,1
0.9434338,0.9549211,0,1,11,14,2,5,1,4,1,4,4,1,3,1,4
0.8762195,0.7439931,5,1,9,11,2,2,1,1,3,1,2,1,2,1,2
1.16631,1.4277103,1,1,3,7,3,4,2,3,2,3,2,2,4,2,1
0.7323129,0.5789155,0,1,5,8,4,3,1,3,2,3,4,2,4,3,1
1.0153577,1.2169826,4,1,12,14,2,2,3,3,3,2,2,2,3,3,1
1.3771155,0.9092106,3,1,6,13,2,2,1,3,1,2,1,1,1,1,2
0.8663138,1.0678039,99,1,12,8,2,1,3,3,3,2,2,3,4,3,2
1.2300112,1.222867,7,2,15,11,2,2,4,1,3,4,3,2,4,2,1
1.1795876,0.9284907,5,1,5,8,2,2,2,2,2,2,2,2,2,2,2
1.3004249,1.0855887,10,1,9,12,1,1,2,1,1,2,2,2,1,4,2
0.7560084,0.9200633,5,1,12,11,4,3,3,1,2,3,4,3,1,3,2
0.6224948,0.5413072,99,1,9,8,1,2,3,1,4,2,2,2,1,2,2
0.7420017,0.6037691,7,1,5,5,2,2,2,2,2,2,2,2,2,2,2
0.8453524,0.6977994,7,1,9,12,3,2,1,3,1,2,1,1,4,1,2
0.9596431,1.1243378,5,1,16,16,5,5,2,5,5,2,3,2,2,3,4
0.7852752,0.6130778,8,1,5,8,1,4,1,4,3,4,4,1,4,1,1
0.8586925,0.8437954,99,2,15,15,2,2,2,3,2,3,3,2,3,3,2
0.8137207,0.6835177,8,1,9,12,3,3,2,3,2,2,3,2,2,2,2
0.7852752,0.528381,8,1,4,4,4,2,2,1,2,2,2,2,1,1,1
1.1245364,1.3798021,6,1,3,9,4,4,1,4,2,4,4,2,2,2,2
0.7967852,0.6662763,5,1,9,12,3,3,3,3,3,3,3,3,3,3,2
0.9255308,1.1500477,3,1,16,16,5,4,2,5,5,3,2,2,5,2,1
1.3147476,1.3738586,8,1,11,11,2,3,2,2,3,3,2,3,3,2,1
1.0111792,0.9990662,5,2,15,14,5,5,5,5,5,5,5,5,5,5,2
1.2298357,0.7028763,8,1,2,2,1,1,1,1,1,1,2,2,2,1,1
0.6609027,0.8293839,3,1,12,4,2,2,4,4,1,1,3,2,4,2,2
0.9870259,1.165843,4,1,13,14,4,3,4,4,4,1,1,4,1,1,2
0.7538325,0.9266412,99,1,16,15,3,3,2,2,3,2,3,2,2,3,1
0.7168553,0.567957,6,1,5,14,2,3,3,2,2,2,3,3,3,3,2
0.9267601,0.9360031,8,2,15,8,3,2,3,2,3,2,2,2,2,2,2
1.3156935,1.3166716,7,2,15,9,2,2,1,2,2,2,1,2,3,1,2
0.7123716,0.564579,2,1,5,8,2,1,1,1,3,1,2,2,2,1,2
0.9436474,0.7909577,99,1,9,12,1,1,1,1,4,2,2,2,3,2,1
0.9232054,1.12728,4,1,12,12,2,4,1,2,2,2,2,2,4,3,1
0.6792567,0.8371208,10,1,16,14,4,4,2,2,2,1,2,1,2,2,1
0.89004,1.0827343,7,1,12,9,2,3,2,2,3,2,3,2,3,3,2
1.096802,1.0977075,8,2,15,12,1,3,2,2,2,2,2,3,1,2,2
1.147429,1.5178378,8,1,7,9,1,2,2,1,4,2,2,2,2,3,2
0.7472349,0.9170058,5,3,14,11,1,3,3,2,3,2,2,3,2,3,1
0.6370121,0.6751682,5,1,11,14,4,4,4,4,1,4,4,1,4,1,1
1.0706136,1.0908065,99,2,15,14,3,4,1,2,2,4,1,1,2,2,2
0.6502441,0.5199423,5,1,5,14,2,3,3,3,2,2,3,2,2,2,2
1.0559248,0.7091608,6,1,4,8,4,4,2,3,2,3,3,2,3,3,2
1.3004249,1.0855887,99,1,9,11,1,1,1,1,4,1,4,1,1,2,1
0.9738113,0.9693744,99,2,15,16,4,4,1,2,1,5,5,5,3,3,4
0.6969997,0.5611702,5,1,5,7,4,4,1,3,2,3,2,3,3,2,2
1.252583,1.0775701,9,1,9,9,1,2,4,1,4,1,1,1,1,1,2
1.0147488,1.2091422,3,3,14,15,3,3,3,4,2,3,3,2,3,3,2
0.7283435,0.9582667,9,1,7,9,1,3,2,1,2,1,2,2,1,2,2
0.8322656,0.6683918,5,1,5,9,3,2,2,3,2,2,2,2,1,4,3
1.1284357,0.9002283,4,1,5,8,3,4,2,4,1,1,1,2,2,2,1
1.0415896,0.7233325,2,1,4,7,3,4,1,3,1,3,4,2,3,2,1
0.9008623,0.7901795,10,1,9,12,1,1,4,1,4,1,2,2,3,3,2
1.0891987,0.9073188,8,1,9,12,2,5,2,2,5,1,2,2,1,2,1
0.8628582,1.1546756,8,1,7,9,1,1,3,2,4,1,4,2,3,1,2
0.6868654,0.8336804,8,1,3,4,1,2,2,2,1,2,1,2,1,2,2
1.1724757,0.9245837,99,1,5,8,2,3,2,1,5,3,5,2,5,2,2
1.3251032,1.0304905,0,1,5,14,2,2,1,4,2,2,2,3,2,2,2
0.6102943,0.3568685,0,1,2,2,3,4,1,3,1,4,3,1,3,2,1
0.7225016,0.5652642,6,1,5,8,3,3,2,1,3,3,2,2,2,2,1
1.2717385,0.9796879,99,1,5,8,2,2,2,2,2,2,3,2,2,2,1
1.0938245,0.8566567,5,1,5,8,3,3,2,3,3,3,3,2,2,3,3
1.147429,0.7694727,2,1,4,14,2,2,2,1,4,2,4,1,2,3,1
1.1244663,1.3763814,5,1,12,6,3,5,1,3,2,2,3,2,2,2,2
0.7852752,0.9486308,7,4,16,8,4,3,2,2,2,2,3,2,3,2,2
0.5493047,0.4397182,7,1,5,9,1,1,1,2,2,1,2,2,1,1,4
0.8349797,0.6637167,8,1,5,4,1,1,2,1,4,2,4,1,2,1,3
1.0331161,0.8708267,10,1,9,12,1,1,5,1,4,2,1,1,2,2,1
0.9098946,0.7581424,99,1,9,12,1,1,1,1,4,4,4,4,1,1,2
0.6969997,0.5611702,5,1,5,8,4,4,2,4,2,4,2,3,3,3,2
0.7448637,0.9289736,5,1,12,14,1,1,1,1,1,1,1,1,1,1,2
0.7250521,0.5720671,3,1,5,8,4,4,1,4,2,1,3,3,3,1,2
1.2058762,1.0016006,10,1,9,11,1,1,3,2,4,1,1,2,2,2,2
0.8632833,0.7115179,3,1,5,5,2,3,5,1,2,3,3,2,3,2,2
0.8811981,0.7457944,99,1,9,11,1,2,3,1,4,4,2,2,3,2,1
1.1014919,0.8945688,8,1,5,9,5,3,5,5,2,2,2,3,5,5,2
1.2184837,0.8068799,5,1,6,13,3,2,2,2,2,2,2,2,2,2,1
0.7760869,0.9703776,99,1,3,9,4,1,2,2,2,1,2,1,2,1,1
0.994899,0.7821717,5,1,5,4,2,2,2,2,3,3,3,2,2,2,2
0.5850072,0.7817621,10,1,7,11,1,4,3,1,3,2,1,2,2,3,1
1.1128385,1.3242254,7,3,14,15,3,4,2,3,2,2,2,3,2,2,2
0.9622368,0.8170488,9,1,9,12,1,2,2,2,2,2,3,2,2,1,1
1.1355541,0.9181505,5,1,5,4,1,1,3,1,4,4,1,1,4,3,3
1.416674,1.1208419,4,1,5,8,3,4,1,3,2,5,2,3,5,5,2
1.1461335,0.9064122,8,1,5,8,1,3,5,1,4,1,1,1,1,1,1
0.9396567,0.7312256,6,1,5,8,1,3,3,2,3,3,2,4,2,2,2
0.7872086,0.6774094,5,1,9,11,2,1,3,1,4,1,3,1,2,5,1
1.0916191,0.864416,7,1,5,8,3,2,2,2,2,2,3,3,2,3,2
0.8514713,1.0237926,5,3,14,11,3,3,2,3,2,1,1,1,2,3,2
1.0077283,0.8665906,5,1,9,12,1,1,3,1,2,1,1,2,1,2,2
0.7766438,0.6343626,5,1,5,8,5,1,3,3,3,1,2,2,2,3,2
0.8697087,1.0258836,5,1,12,14,2,3,1,3,1,1,1,4,2,1,1
0.7560084,0.8329589,5,1,8,10,2,2,1,2,5,2,2,1,2,2,2
0.9738113,1.1592555,7,3,14,14,3,4,3,3,4,2,3,1,3,3,3
0.7560084,1.0108805,7,1,7,9,1,1,2,1,3,3,2,2,1,3,2
0.7448637,0.517432,5,1,4,9,2,4,4,2,4,2,2,2,2,2,2
1.0682567,0.919629,8,1,9,12,1,1,1,1,1,1,1,1,1,1,1
0.8977042,0.5024157,8,1,2,2,1,1,1,1,2,2,2,1,2,1,3
0.9898354,0.9801543,99,2,15,16,1,2,3,2,3,1,2,1,1,3,2
1.3303132,0.8916408,9,1,4,9,1,1,4,1,1,1,4,1,1,4,1
1.0522103,1.2580539,2,1,16,6,2,3,2,1,3,2,4,2,2,1,2
0.6969997,0.8683128,99,3,14,16,2,2,2,3,2,3,3,2,2,2,2
1.0976173,0.8839307,99,1,5,8,3,4,1,3,1,3,4,3,2,3,2
0.7852752,1.0422678,8,1,7,9,1,2,1,1,1,2,2,2,1,1,2
1.2934636,1.5844797,7,1,12,14,2,2,3,3,4,2,2,2,1,2,2
1.1268445,1.3624161,10,3,14,12,1,3,2,1,3,5,3,2,2,3,2
0.9393362,0.6165653,6,1,1,3,3,1,2,1,3,3,5,1,3,3,2
0.7118348,0.6193317,10,1,9,11,1,1,2,1,4,1,3,1,4,1,1
1.0012245,1.3281454,5,1,7,8,2,1,4,5,5,1,1,3,2,2,2
0.9755715,0.9964302,99,1,11,11,1,4,1,1,4,3,2,1,4,1,1
1.1622074,1.5164663,7,1,7,10,2,3,4,1,4,3,2,1,4,3,2
0.9166294,1.1229819,6,1,13,10,2,2,2,1,2,2,2,1,3,3,2
0.8359759,1.0024253,99,1,12,14,1,2,2,2,3,1,3,2,1,1,2
1.0115001,1.23409,5,1,12,14,1,3,2,2,3,2,2,2,2,3,2
0.8548935,1.0880777,0,1,3,4,4,3,1,3,1,3,3,1,4,1,1
1.1698967,1.4516717,99,3,14,16,2,5,1,5,5,2,5,2,3,2,3
1.0307124,1.2931523,1,1,3,4,2,4,5,2,5,3,3,1,3,1,1
0.8811776,1.0525913,99,1,13,14,2,2,2,2,2,2,2,2,2,2,3
0.7446064,0.9061009,3,1,12,14,3,3,2,3,2,3,3,2,3,3,2
1.0168167,1.0180688,7,2,15,12,1,1,2,1,3,2,3,2,2,2,1
0.8276357,1.0322706,99,1,3,15,4,4,4,4,2,3,2,2,3,2,1
0.6563022,0.513295,6,1,5,9,2,4,2,4,3,2,2,2,4,2,2
1.1586964,1.4086668,99,1,12,9,2,3,3,2,3,2,2,2,2,2,2
1.1779629,0.9792325,10,1,9,12,1,1,3,1,4,2,3,1,1,2,1
0.8847401,0.7340086,99,1,9,12,1,1,2,1,4,3,2,1,3,1,1
0.7880473,0.8027959,4,2,15,8,2,3,1,4,2,3,3,3,2,3,2
1.3385803,1.1322846,10,1,9,12,1,2,3,1,3,2,2,1,3,1,1
1.0438981,1.0261601,8,2,15,8,2,1,1,4,3,3,3,3,1,2,2
0.9098661,0.8718225,6,2,15,14,2,4,2,3,2,3,3,3,2,4,2
1.1078651,1.4089097,6,1,12,8,3,2,2,2,2,3,2,2,2,3,2
0.6175603,0.4974259,3,1,5,8,2,3,2,1,3,2,1,2,1,2,2
1.0571619,0.6184661,7,1,2,14,1,2,2,1,1,3,3,3,1,2,1
0.753349,0.909122,3,1,16,6,3,4,3,3,3,3,3,2,4,3,2
0.798429,0.9911461,99,1,12,14,2,4,2,3,2,2,3,1,2,2,1
1.0621049,1.300869,99,3,14,14,3,2,3,4,2,1,1,1,1,1,1
1.0844026,1.3320993,1,1,3,2,3,3,1,4,2,3,3,2,3,2,1
0.8434073,1.0299184,6,3,14,4,2,3,3,3,2,2,2,2,3,3,2
0.7852752,0.6562104,5,1,9,12,2,2,2,2,2,2,2,3,2,2,1
0.6429595,0.4517444,4,1,4,7,2,1,1,1,2,3,4,1,1,2,1
0.7914839,0.8055267,9,2,15,14,2,1,2,1,1,1,1,1,2,1,3
1.2683725,1.0076721,7,1,5,8,3,3,2,3,3,2,2,2,3,3,1
1.1381067,1.4288538,99,1,16,16,3,4,5,3,2,5,3,2,3,1,4
1.3004249,0.7367862,8,1,2,6,1,1,2,1,1,1,1,1,1,1,1
1.0844026,1.3032949,5,1,12,14,3,2,3,2,2,2,3,2,2,2,3
0.9146116,0.7396438,5,1,5,8,2,4,2,2,2,2,3,3,2,3,1
1.0594854,1.187068,5,1,8,12,2,4,2,2,2,2,3,2,2,2,2
0.9198864,0.7648152,99,1,9,7,2,2,1,2,3,2,4,1,3,1,1
0.798429,0.9911461,8,1,12,9,2,4,4,4,2,2,2,1,4,3,1
0.6411879,0.4941896,4,1,5,11,1,2,2,2,3,1,2,2,1,2,1
1.1032215,0.866825,7,1,5,12,1,1,2,1,1,2,1,2,1,2,2
1.0765216,1.3591304,6,1,12,6,2,4,3,1,3,2,3,2,3,2,1
0.6709477,0.5821047,99,1,9,11,1,3,2,2,2,2,3,3,2,2,2
1.0971347,0.9045534,10,1,9,12,1,2,4,1,3,1,4,2,2,3,2
1.3538861,1.0655153,4,1,5,8,3,4,1,3,2,3,3,2,3,2,1
1.0215824,0.8445204,10,1,9,11,1,1,4,1,4,1,2,2,1,3,2
0.6865305,0.7013448,7,2,15,4,2,1,1,2,2,1,1,1,1,2,1
1.1680697,0.8995407,9,1,5,8,3,4,1,3,1,2,2,3,1,3,1
0.7465463,0.5004354,4,1,1,1,3,4,2,2,2,2,2,1,4,2,1
1.2196647,0.9425375,5,1,5,8,1,2,1,2,2,1,1,2,1,2,2
1.0331161,1.3831458,9,1,7,10,2,2,2,2,3,2,2,2,3,3,2
0.7560084,0.5946153,7,1,5,8,1,4,4,1,4,1,1,3,3,4,1
0.7900848,1.0193458,8,1,7,8,2,5,3,2,4,5,5,3,4,5,1
1.0621049,0.8998692,99,1,9,12,2,2,2,2,3,3,3,2,3,2,2
0.9122723,1.1294742,1,1,3,3,2,4,2,3,3,3,4,2,3,2,4
1.163331,0.9239593,4,1,5,8,3,4,3,2,2,1,1,2,3,3,2
1.0739068,0.8547257,7,1,5,8,3,1,2,5,2,2,1,2,2,2,1
0.7446064,0.9061009,99,3,14,15,4,4,4,1,1,4,3,4,4,3,3
0.9839654,0.8234832,4,1,9,12,1,1,3,1,4,1,1,1,2,1,1
0.6119944,0.5222573,6,1,9,15,1,3,1,2,4,1,2,2,3,4,2
1.0388447,1.2681237,99,1,12,16,2,3,2,3,2,2,3,1,2,3,2
0.9945095,0.9944591,9,2,15,14,2,2,2,2,2,4,3,3,2,3,2
0.8617238,0.8539504,10,2,15,12,1,1,5,1,4,1,3,5,5,1,1
1.1724757,0.9245837,5,1,5,4,2,3,3,2,2,2,3,2,2,3,2
0.5859885,0.7010597,99,4,16,16,1,5,5,5,5,5,5,5,1,1,4
0.9903037,0.7605339,7,1,5,4,1,1,3,3,2,3,2,5,2,1,1
1.0364065,0.6970414,2,1,4,7,3,4,2,3,2,3,3,2,3,1,1
0.7694598,0.6158206,6,1,5,9,5,2,2,2,2,2,2,2,3,2,1
0.6218795,0.7732744,4,1,3,4,5,4,1,5,5,5,3,2,3,3,1
0.6164023,0.5071502,7,1,5,8,2,1,1,1,3,2,3,3,2,2,2
1.16631,0.9027439,3,1,5,8,4,4,1,2,2,2,3,3,2,3,2
0.8921568,0.7674584,10,1,9,12,2,3,3,4,4,3,3,3,3,3,3
1.1117541,0.883132,7,1,5,14,2,4,2,1,3,2,3,2,2,2,2
1.0971347,1.3076404,5,1,12,14,4,2,1,4,2,2,3,3,2,2,2
0.9798579,0.7616026,1,1,5,8,4,2,1,4,1,4,3,1,1,1,2
1.2131885,0.9334586,99,1,5,15,2,4,2,2,2,1,3,2,2,3,1
1.1631668,0.92172,99,1,5,8,3,3,1,2,2,3,4,1,2,2,2
0.9515174,0.8102073,9,1,9,12,1,1,2,1,3,2,5,2,2,2,1
1.2934636,1.7408797,9,1,7,11,1,2,2,1,4,2,1,1,2,3,2
1.0985308,1.448007,10,1,7,11,1,1,4,1,4,1,3,2,2,2,2
0.7560084,0.5946153,8,1,5,11,4,1,4,4,3,2,1,1,1,2,1
1.3812597,1.6637982,7,3,14,12,5,1,2,2,3,2,2,2,2,3,2
1.0006708,1.3044949,8,1,3,12,1,2,4,1,3,3,2,1,1,1,1
0.7544572,0.5998313,9,1,5,8,3,4,2,4,2,2,3,3,2,2,2
0.4868039,0.3862855,0,1,5,8,2,4,2,2,2,2,2,2,1,2,1
1.1947801,0.9929158,9,1,9,12,2,2,2,1,2,2,2,2,2,3,2
0.9065661,0.778592,99,1,9,16,4,4,4,4,4,4,4,4,4,4,3
0.7618191,0.6175897,3,1,5,8,2,2,4,1,3,2,2,2,2,3,1
0.9308858,1.2861325,9,1,7,9,1,1,4,1,4,1,4,2,2,2,2
1.2744558,1.5668885,6,1,3,12,4,1,4,1,4,1,4,3,2,1,1
0.9330758,1.1526923,99,4,16,15,5,5,5,5,5,5,5,5,5,5,4
1.1055418,1.2104504,6,1,8,8,4,2,1,2,1,2,3,1,1,2,1
0.7560084,1.0108805,7,1,7,9,2,2,2,1,2,1,2,3,2,3,1
0.9905101,0.9866156,7,2,15,14,1,1,1,1,1,1,2,1,1,1,3
0.929354,1.1344877,99,1,12,14,1,1,1,1,3,3,2,3,1,2,2
1.2256845,1.4450115,8,3,14,15,1,2,3,2,2,1,4,2,3,3,2
1.16631,1.2645966,7,1,8,10,2,4,3,2,3,2,3,2,2,2,2
1.0320708,1.2494105,8,1,16,9,2,1,1,2,2,2,2,1,1,3,2
0.6141548,0.7640719,5,1,12,14,1,1,3,1,3,1,4,1,2,1,2
0.8247566,0.649358,9,1,5,8,2,1,1,2,1,2,1,1,2,1,1
0.7556199,0.768442,6,2,15,12,2,2,1,2,2,2,2,2,2,2,2
0.9899659,0.7566784,5,1,5,4,2,4,2,2,2,2,2,2,2,3,1
0.8204879,1.0355197,0,1,3,4,4,4,2,2,2,3,3,1,2,2,2
0.7365191,0.6052402,99,1,5,8,5,4,2,3,2,5,2,3,1,3,4
1.0860872,1.3103358,0,3,14,12,4,4,3,4,2,3,2,2,3,3,2
1.1754963,0.7743409,1,1,4,7,2,4,2,3,2,4,4,1,2,1,1
1.2683725,1.078566,10,1,9,11,1,1,3,2,2,1,2,2,2,4,1
0.7821214,0.6664762,5,1,9,9,1,1,1,1,4,2,2,2,2,1,1
1.2414075,0.8399146,4,1,4,8,3,4,1,3,2,3,3,2,2,2,2
1.0583688,1.2853992,10,3,14,8,2,4,2,2,3,1,3,3,1,3,2
1.0115001,0.7975634,10,1,5,8,2,1,2,2,5,2,3,1,2,1,2
0.7168553,0.9655598,6,1,7,8,2,2,3,2,3,2,2,2,3,2,2
1.0287795,1.2899239,4,3,14,8,1,4,1,1,3,1,4,1,3,1,1
0.9056699,0.7527516,99,1,9,12,5,2,2,5,5,5,3,5,2,5,4
1.2228874,1.5265131,2,1,3,7,2,3,2,3,2,2,4,2,2,3,2
0.7130081,0.4915245,5,1,6,11,1,2,4,1,4,1,1,2,3,3,1
1.0011536,1.1806295,7,1,13,15,3,2,3,1,4,3,2,4,2,4,3
0.8182793,0.6480171,7,1,5,4,4,4,4,3,4,2,4,3,3,4,3
0.7821214,0.8056588,10,2,15,11,1,1,4,1,4,1,1,1,4,1,1
1.4441137,1.823205,5,3,14,14,4,3,1,5,2,2,2,1,1,2,1
1.1286515,0.8960357,99,1,5,14,3,3,1,2,2,3,3,2,2,2,4
1.0438981,1.0261601,5,2,15,9,2,4,3,2,3,3,2,2,3,2,2
1.2184837,0.7119788,0,1,2,2,4,4,1,4,1,4,3,1,4,1,1
1.0150708,1.2489423,5,1,12,15,2,2,3,2,3,3,2,2,2,2,1
1.2438982,1.5412828,99,1,3,10,4,1,2,4,4,4,4,1,4,1,1
0.6190613,0.7789726,99,1,12,9,1,4,4,1,4,4,2,4,1,2,3
1.096802,1.1884477,7,1,8,11,2,5,2,2,5,1,3,5,5,3,2
1.2816249,1.5382364,2,3,14,14,2,2,2,2,3,2,2,2,2,2,2
0.8759727,0.6891218,4,1,5,8,2,1,1,1,3,1,3,2,2,3,1
1.4937034,1.1702011,99,1,5,8,3,5,2,3,2,3,3,2,3,3,2
1.1750541,0.9815958,10,1,9,12,1,1,4,1,4,1,1,1,1,2,1
0.9436474,0.9561362,8,2,15,9,2,5,5,3,2,3,2,1,2,3,1
1.0013149,0.8554349,99,1,9,12,1,3,3,2,4,2,3,1,1,1,1
1.0682567,1.358816,2,1,3,8,4,4,1,3,1,4,3,2,5,2,2
1.2538356,1.0634626,99,1,9,4,1,2,1,2,3,2,3,2,2,2,2
1.4165152,1.771244,5,1,3,6,3,2,3,2,2,2,2,2,3,2,4
0.869993,0.6974037,2,1,5,8,4,2,1,1,1,1,4,1,1,1,1
1.0388447,0.8772179,10,1,9,12,1,2,2,1,4,1,4,2,3,3,1
0.8912532,1.0836405,2,1,3,4,4,4,1,4,2,4,3,1,4,2,1
1.0388447,1.2681237,99,3,14,7,4,5,2,4,1,4,1,1,3,1,2
1.0115001,1.23409,99,1,12,14,1,4,4,1,4,1,4,2,2,2,1
1.049755,1.2503052,5,1,16,8,3,2,2,3,3,2,3,2,2,2,2
1.0135971,0.8486058,6,1,9,12,2,2,1,2,2,1,2,1,1,1,2
0.6969997,0.6006508,10,1,9,12,1,1,2,1,3,1,1,2,3,3,1
1.0976857,0.8669665,3,1,5,8,4,4,1,1,1,4,4,4,4,3,2
1.2717385,0.9796879,5,1,5,8,2,2,2,2,3,2,3,2,2,3,2
0.6961759,0.8969733,7,1,7,9,2,2,2,2,2,2,2,2,2,3,2
1.0120082,0.5943804,0,1,2,2,3,3,3,3,2,4,4,1,4,1,1
0.8568152,0.7406349,99,1,9,12,2,2,2,2,2,3,2,2,3,2,2
1.276228,1.2828542,7,2,15,4,4,4,4,4,1,2,4,1,1,1,1
1.1436303,0.8818237,8,1,5,8,2,2,1,2,2,1,1,1,1,1,2
1.4408748,1.2539756,99,1,9,12,2,2,3,4,2,3,2,2,3,1,1
0.6858978,0.854153,99,1,3,14,1,3,2,4,3,2,2,1,1,1,1
0.97076,0.8254077,10,1,9,12,1,1,4,1,2,1,2,2,2,3,2
0.9963071,1.1920372,7,3,14,12,2,1,3,3,4,3,3,1,3,1,2
0.6945479,0.857987,5,1,12,8,2,1,3,2,4,2,2,2,1,3,2
0.9056699,0.7527516,99,1,9,12,2,2,1,3,2,2,2,5,3,2,2
0.9056699,1.1122432,99,1,3,7,5,3,5,2,3,2,3,2,3,3,1
1.1514795,0.9035604,3,1,5,8,4,4,4,3,2,4,1,3,3,4,2
1.2408595,1.5809883,2,3,14,12,1,2,1,1,4,1,2,2,2,2,3
0.9464911,1.1819425,6,3,14,8,2,3,2,2,3,2,3,3,2,3,2
0.8583171,0.6990336,8,1,5,8,3,2,2,2,2,2,3,2,1,2,2
0.798429,1.0130516,2,1,3,4,3,4,3,4,1,2,3,2,3,2,3
0.7939541,0.5266709,7,1,4,2,3,3,1,2,2,1,2,3,2,2,1
0.8168047,0.6782745,5,1,9,14,1,1,1,1,4,1,4,4,1,1,1
0.7465463,0.7640242,3,2,15,11,1,2,2,1,3,1,3,1,2,3,1
1.465299,1.2330438,9,1,9,12,1,1,4,1,4,1,1,4,1,4,2
1.3608673,0.9486259,6,1,4,11,1,2,2,2,2,2,3,2,2,3,2
1.1514795,0.7787333,2,1,4,7,3,4,1,2,2,4,4,1,3,1,1
0.778098,0.6686527,4,1,9,15,2,1,3,2,4,3,2,2,3,2,2
0.7739118,0.6268188,4,1,5,8,4,4,1,3,1,3,4,3,2,3,2
0.928798,1.1638885,7,3,14,15,2,3,2,3,2,1,2,3,2,4,2
1.2133306,1.5006196,0,3,14,15,1,3,2,2,3,5,2,1,2,1,1
1.6856557,1.4119288,10,1,9,12,1,1,1,1,4,1,1,1,2,4,3
0.8497291,0.8482265,7,2,15,14,1,4,2,3,4,3,2,1,1,4,2
1.3297808,1.6136938,10,3,14,11,3,2,2,3,3,2,2,2,2,2,2
0.7225016,0.5652642,6,1,5,8,3,2,2,2,2,2,3,2,2,2,2
0.6525941,0.8098271,5,1,3,3,2,2,3,2,2,3,3,3,3,2,2
0.7560084,0.5946153,3,1,5,6,4,4,2,4,3,4,4,2,3,2,1
0.8062716,0.9752867,10,3,14,12,1,1,1,1,1,1,2,1,1,1,2
1.040226,1.2393703,0,1,3,4,4,4,4,4,1,4,1,1,4,1,1
0.9591154,0.6565626,3,1,4,6,2,2,4,1,3,2,4,1,3,1,1
1.0971347,0.7283469,2,1,4,2,3,4,1,3,2,4,4,2,3,1,4
0.9122723,1.1294742,4,1,3,15,2,3,4,1,3,2,2,1,3,1,1
1.0115001,1.23409,99,1,12,15,3,4,1,2,1,3,3,2,3,2,1
1.1622074,1.5164663,5,1,7,16,2,3,2,3,2,3,1,1,2,2,1
0.9033771,1.1121633,99,1,12,14,1,2,3,2,3,2,1,2,1,2,2
0.6141548,0.5285427,8,1,9,12,1,2,5,1,3,1,5,1,2,1,1
1.0534432,0.8412337,6,1,5,8,5,2,5,3,2,2,5,3,2,5,2
0.7196902,0.603559,10,1,9,12,1,1,2,1,4,2,3,1,2,2,1
0.7872086,0.5363629,0,1,1,1,3,4,2,2,2,1,3,1,4,2,2
0.734898,0.5858828,6,1,5,8,3,3,1,3,1,1,2,2,1,2,2
1.3433056,1.6565528,8,1,16,8,2,1,1,1,3,2,1,1,3,2,2
1.0891987,0.9073188,8,1,9,11,1,2,2,2,3,3,3,1,3,2,1
0.6081475,0.4183508,2,1,4,6,4,4,1,4,1,4,4,1,4,1,1
0.8659042,0.7357314,10,1,9,11,1,1,2,1,4,1,1,2,1,1,1
0.7114319,0.6008762,99,1,9,12,3,2,1,4,2,2,3,1,3,1,4
1.0753486,1.3128245,5,1,16,16,3,3,3,2,3,3,3,3,3,3,2
1.1839316,1.4254965,99,1,12,11,1,2,4,1,2,4,1,1,3,1,2
0.5587424,0.3225223,7,1,2,8,1,1,1,2,1,1,2,1,2,2,1
1.276228,1.5341398,99,4,16,15,3,4,3,3,3,3,3,3,3,3,4
0.9593383,0.8151636,5,1,9,12,1,1,2,1,4,1,1,1,1,4,2
0.7323129,0.5789155,4,1,5,8,2,4,2,1,3,1,2,2,2,3,2
1.0971347,1.4367143,8,1,7,9,1,2,2,1,4,1,2,4,1,4,3
0.9099856,0.7611047,10,1,9,12,1,1,4,1,4,2,1,1,2,1,2
1.070968,0.840664,4,1,5,8,3,4,3,3,3,2,3,3,3,3,2
1.3074583,1.6069435,0,1,3,4,4,4,1,4,2,4,4,1,4,2,1
1.1228806,0.7162723,9,1,6,12,1,1,2,2,3,2,1,1,2,1,2
0.8730641,1.0920974,8,3,14,16,3,3,3,3,3,2,3,3,3,2,1
0.8660182,1.0858709,1,1,3,4,4,4,1,4,2,4,4,2,4,2,1
0.6969997,0.5611702,6,1,5,8,2,4,2,2,2,3,2,3,2,3,2
1.1198162,1.3832514,6,3,14,15,2,1,1,3,3,1,2,2,2,3,1
1.4063858,1.7041148,99,1,3,14,2,3,1,4,1,3,5,1,3,1,1
0.753349,0.5875443,7,1,5,9,2,2,2,1,2,1,2,2,2,2,2
1.0583688,0.8307233,10,1,5,8,1,1,1,1,1,1,1,1,1,1,2
1.1156787,1.5194445,7,1,7,12,1,1,3,1,3,1,3,1,2,1,1
0.8660182,0.6865982,1,1,5,7,4,4,1,4,1,4,4,1,4,1,1
1.2058762,1.4479339,3,1,12,14,3,4,4,4,4,3,4,2,4,2,1
0.6945479,0.477893,2,1,4,7,4,4,1,4,1,4,4,1,4,1,1
0.6522043,0.498971,7,1,5,8,2,2,2,4,2,2,2,2,2,2,1
1.2405912,1.2640141,7,2,15,8,2,1,2,1,2,2,1,2,1,1,2
0.7694598,0.9528748,6,1,16,11,2,2,2,2,3,2,3,2,3,2,2
1.1967145,1.2977563,6,1,11,4,2,2,2,3,2,3,2,1,4,3,1
0.9098946,0.7581424,10,1,9,12,3,3,3,4,1,2,3,3,2,2,3
1.1622698,1.4310989,99,1,16,16,3,3,1,3,3,3,3,2,1,2,1
1.2101331,1.4653598,99,4,16,16,5,5,5,5,5,5,5,5,5,5,4
1.1436303,1.4991512,7,1,7,9,3,3,3,2,2,3,2,2,2,2,2
1.4116906,1.185431,9,1,9,12,1,1,2,1,4,1,3,2,2,3,3
1.1622074,0.8920086,6,1,5,8,3,4,5,2,5,3,3,2,3,3,2
0.9123816,1.124553,0,1,3,4,3,3,2,3,2,3,2,2,4,2,2
0.9251693,0.9270369,7,2,15,8,2,3,1,4,4,2,2,1,3,1,4
1.0347319,0.908234,9,1,9,12,1,1,4,1,4,1,1,1,1,2,2
0.7880473,0.5347401,6,1,4,4,4,4,2,4,2,3,4,1,2,2,1
0.6479567,0.4229657,7,1,6,6,3,2,3,2,4,3,2,1,2,1,2
1.3586653,1.0783387,8,1,5,8,1,2,4,1,4,1,2,1,1,3,2
0.5803826,0.7044141,7,1,13,9,3,3,1,3,2,4,5,3,3,3,2
0.9123252,0.9158691,99,2,15,12,3,3,5,4,3,5,4,1,1,2,1
0.8758051,0.7410557,8,1,9,12,2,2,2,2,3,2,2,2,2,2,1
0.8305522,1.0050404,99,3,14,15,4,4,4,4,4,4,4,4,4,4,3
0.9667301,0.7959617,10,1,9,10,1,1,4,1,4,2,1,1,3,1,3
1.4441137,1.1782945,4,1,5,14,2,2,1,2,3,2,3,1,4,1,1
1.0664989,1.3169123,0,1,3,2,4,4,1,3,2,4,4,1,4,1,1
0.7582873,0.9300242,2,1,12,14,4,4,1,4,1,4,3,2,4,2,1
1.0534607,1.3902522,8,1,7,9,1,4,1,1,4,1,2,2,3,3,2
1.1724757,1.5718459,7,1,7,9,3,2,4,2,2,3,3,3,1,3,2
0.9870259,0.8064657,6,1,9,7,2,2,1,2,3,2,3,1,3,1,1
0.6609027,0.9112502,6,1,7,8,1,1,4,1,4,1,2,3,1,4,2
0.6790681,0.4525115,9,1,4,7,3,4,2,4,2,3,4,2,4,2,1
0.8061469,1.0214046,9,1,13,14,4,2,2,1,1,2,3,1,2,2,2
1.0799754,0.8435779,5,1,5,8,2,4,2,2,3,2,2,3,2,2,2
1.195665,0.8025858,3,1,4,3,3,4,1,3,2,3,3,2,3,2,1
1.0898532,1.3819358,1,1,3,4,4,4,2,4,2,3,3,2,4,2,1
0.6752635,0.8078374,8,1,12,12,2,2,2,1,2,2,2,1,2,2,2
0.9198864,0.7648152,99,1,9,7,2,3,1,2,3,2,4,2,4,2,1
0.9874389,1.2313976,0,1,3,4,3,1,1,3,1,2,3,2,3,1,1
0.9558012,0.790243,8,1,9,11,2,2,2,2,2,3,2,2,2,2,2
1.1079124,1.3243288,1,1,12,12,2,3,3,2,2,2,3,2,2,2,2
0.615388,0.5260903,6,1,9,11,1,1,2,2,4,1,3,2,2,3,2
0.9945095,0.82266,99,1,9,12,1,1,1,2,2,2,2,1,1,1,3
1.3714513,1.6793221,5,1,3,4,2,2,1,4,2,1,4,1,3,3,2
1.0609881,1.3059481,7,1,3,8,2,4,4,4,2,3,4,1,2,1,1
1.3200324,1.0907305,10,1,9,14,1,1,3,1,4,1,4,1,2,1,1
1.0043168,0.7820765,4,1,5,8,4,4,2,3,1,2,3,1,3,2,1
0.7433397,0.92043,5,3,14,1,2,2,2,3,2,2,2,2,2,2,2
1.1436303,0.9438635,9,1,9,11,1,3,2,1,4,1,2,3,1,3,1
1.2078009,0.9499521,99,1,5,13,2,4,2,5,3,3,2,2,2,2,3
0.6803762,0.4811073,5,1,4,8,1,4,4,1,3,4,4,2,2,2,2
0.9982073,0.7789705,2,1,5,4,3,3,2,3,3,2,2,2,3,2,1
1.3895187,0.7963557,0,1,2,2,4,4,1,3,2,4,3,1,4,1,1
1.0086973,1.0257415,7,2,15,8,3,2,2,3,2,2,3,3,1,4,3
1.0425119,1.2833855,6,3,14,8,1,1,1,4,4,1,1,4,1,3,2
1.0147488,1.0110899,0,2,15,9,3,1,4,1,1,1,4,2,2,2,3
1.0438981,1.0261601,4,2,15,8,2,2,2,1,4,2,1,2,1,2,1
1.2758408,1.5401068,6,1,12,14,5,5,5,5,2,5,2,4,2,2,2
1.2344599,1.0473098,8,1,9,11,1,4,4,1,4,3,1,2,1,4,1
1.276228,0.8545055,8,1,4,2,2,3,1,1,1,2,1,1,3,1,1
0.7591392,0.6531787,5,1,9,12,2,2,2,3,3,1,3,2,2,2,2
0.8918411,0.7697177,99,1,9,12,1,1,2,2,4,2,2,2,1,1,2
1.0971347,1.3076404,7,3,14,14,1,1,1,1,4,1,2,1,2,1,1
1.0115001,0.7975634,5,1,5,8,2,3,3,2,3,2,2,3,2,3,2
1.1051377,0.9204138,9,1,9,12,1,2,2,1,2,2,3,2,4,2,2
0.677537,0.5529288,4,1,5,7,3,4,3,2,2,2,2,1,2,3,2
1.2944592,1.5566511,5,3,14,15,4,3,4,3,2,3,2,2,2,3,1
1.1925049,1.495358,99,1,12,14,4,4,3,3,1,2,3,3,2,3,1
0.7323129,0.5789155,0,1,5,8,4,4,1,4,3,3,3,4,3,3,1
0.7560084,0.5124691,6,1,4,7,4,4,1,3,2,4,3,2,3,3,2
0.7502074,0.9325291,6,1,12,14,3,4,1,3,2,3,3,1,3,2,2
1.2990288,1.0181346,3,1,5,14,4,4,1,4,1,2,2,2,2,2,2
0.8518863,0.4938472,99,1,2,14,2,3,3,1,2,3,3,2,3,5,2
1.1514795,1.3981018,3,1,16,16,4,4,2,4,1,3,4,2,2,3,2
1.1010077,0.9154396,5,1,9,12,1,1,2,1,3,1,4,1,1,4,2
0.9949143,0.6984103,5,1,4,8,2,4,1,2,2,2,3,1,2,2,1
1.2006755,0.8102753,3,1,4,5,2,2,2,2,3,4,2,1,2,2,1
1.1622074,1.5164663,8,1,7,9,1,4,3,1,3,2,2,3,2,3,2
1.2572799,1.6212777,99,1,3,8,2,3,1,1,3,2,4,1,2,2,2
0.5738213,0.7683844,7,1,7,9,2,2,3,2,3,3,2,3,3,3,2
1.2990288,1.6102033,4,1,3,8,3,4,2,3,2,2,3,2,3,3,1
1.2867751,1.0928239,99,1,9,16,2,2,1,1,3,1,2,5,1,5,2
1.0542133,0.8165988,5,1,5,8,2,2,1,2,3,2,2,1,2,2,2
1.416674,1.7343068,99,3,14,15,2,2,2,3,3,2,3,1,4,2,1
1.1631668,1.4262006,5,3,14,15,3,5,2,5,2,2,2,2,2,2,3
0.5738213,0.4519755,6,1,5,7,4,4,2,2,1,3,1,3,3,3,2
1.2728499,1.0915464,10,1,9,12,1,1,2,4,4,1,3,3,2,4,2
1.1436303,1.364468,5,3,14,15,2,2,2,2,2,2,2,2,2,2,2
0.9123816,0.6128244,2,1,4,6,4,4,5,3,2,4,4,2,4,2,2
1.1936884,0.6967705,4,1,2,2,3,4,4,3,2,3,3,2,4,2,1
0.7361093,0.9560708,2,1,3,4,2,4,1,1,3,2,4,1,4,1,1
1.0153577,0.6778511,3,1,4,6,3,4,2,2,2,3,3,2,3,2,2
1.0715605,1.4037035,7,1,7,9,2,4,4,1,3,2,2,3,2,3,2
1.3262244,1.0715594,7,1,5,8,3,4,1,4,1,2,5,2,5,5,1
0.6766794,0.8819952,6,1,7,9,1,1,2,1,3,1,2,2,3,3,2
1.4000165,1.1012419,7,1,5,8,2,1,2,2,3,2,1,1,1,1,2
1.3256336,1.7379068,7,1,7,9,2,2,1,2,3,2,3,2,3,2,2
0.8762195,0.8993639,5,2,15,10,5,2,2,2,2,1,5,5,2,5,2
0.7928738,0.9596853,4,1,3,7,2,5,1,5,2,2,2,2,3,2,2
0.734898,0.9065512,5,1,12,14,5,5,2,5,5,2,5,2,5,2,1
1.2300112,1.0116091,7,1,9,12,2,1,3,4,2,2,1,5,2,3,4
0.6969997,0.4836444,3,1,4,6,4,4,1,3,1,4,3,1,3,2,1
1.011786,0.8318302,2,1,9,5,2,2,4,2,4,2,2,2,2,2,2
0.9836383,0.5601501,99,1,2,14,3,3,1,5,5,2,3,2,2,3,1
0.8234087,0.9058024,5,1,8,14,2,4,1,3,2,3,3,1,4,1,1
1.0364065,0.8087736,5,1,5,8,3,4,3,3,2,2,1,3,5,3,2
1.0828699,0.9153401,6,1,9,12,2,3,3,3,3,2,3,3,3,3,2
0.7465463,0.6320342,8,1,9,8,1,1,1,4,4,1,3,1,2,2,2
1.040226,1.0139571,7,2,15,14,3,3,1,2,1,3,1,3,3,4,1
1.0701292,0.8445615,6,1,5,8,3,4,1,5,2,3,4,5,2,5,4
0.9628516,0.6475304,0,1,4,6,4,3,2,3,1,4,3,1,4,1,1
1.2300112,1.4624022,99,1,12,14,3,4,5,3,2,5,5,1,5,2,1
1.2058762,1.0016006,99,1,9,12,1,1,3,1,4,2,2,1,1,2,1
0.7077399,0.5684707,7,1,5,8,4,4,2,4,2,4,2,4,2,4,3
1.195665,0.9312362,6,1,5,9,2,4,4,2,2,1,2,2,2,2,1
0.5927746,0.4946747,5,1,5,8,3,4,2,3,2,3,3,3,2,2,2
0.7518116,0.5796058,6,1,5,8,3,4,3,3,2,4,4,3,4,4,2
0.5803826,0.4552463,3,1,5,7,3,4,2,3,2,3,3,2,3,2,1
1.0677911,1.3870108,5,1,7,9,2,2,2,2,3,1,2,2,3,2,1
0.6993818,0.8780724,99,4,16,7,3,3,3,3,4,3,4,3,3,3,2
1.1581417,1.423071,5,1,12,9,1,2,4,1,3,2,3,3,1,3,2
1.16631,1.3968384,5,3,14,6,2,2,2,2,2,1,1,1,2,2,1
1.1985936,0.9477128,4,1,5,8,3,2,2,3,2,2,3,3,2,4,2
1.0844026,0.9015474,10,1,9,11,2,2,2,5,2,2,3,3,2,4,1
1.0877792,0.8541365,99,1,5,14,3,3,3,4,4,3,3,3,3,3,2
0.770734,0.5152993,3,1,4,6,4,4,2,3,2,4,3,2,2,2,2
1.2466228,0.9761285,6,1,5,8,3,4,2,3,2,3,3,2,3,3,2
0.5607148,0.6952376,7,1,12,14,2,1,2,2,1,2,2,1,2,2,1
1.1395994,1.5555391,8,1,7,9,2,5,3,1,3,2,2,2,2,4,2
0.7143337,0.5612029,4,1,5,3,3,3,2,3,2,3,3,2,3,2,2
1.0916191,0.7449968,3,1,4,6,3,4,1,3,2,3,2,2,2,1,2
1.2510234,0.9878762,6,1,5,8,2,3,2,3,2,2,2,2,2,3,2
1.1421243,1.44605,99,1,12,14,2,1,2,1,2,2,3,2,2,2,1
0.615388,0.7605267,99,1,13,14,3,3,3,3,3,3,3,3,3,3,1
1.1964519,1.5793164,7,1,7,13,1,4,2,1,3,2,2,1,2,4,2
1.2771165,1.5199438,5,3,14,15,2,3,2,2,5,2,5,5,5,5,1
0.9198864,1.2147663,5,1,7,8,2,4,2,2,2,1,1,2,2,4,1
1.0971347,0.7283469,1,1,4,4,3,4,3,4,2,4,1,2,3,3,1
1.3866086,1.6376921,6,3,14,8,5,5,5,3,5,5,3,3,2,3,2
0.6969997,0.5611702,5,1,5,7,2,2,2,2,3,2,3,2,2,3,1
1.1631668,1.4262006,99,3,14,12,2,3,1,1,2,2,3,2,1,1,1
1.3459119,1.6752135,99,1,12,14,1,4,5,4,2,1,1,1,1,1,2
0.7852752,0.6130778,8,1,5,8,2,2,2,2,2,2,2,2,2,2,2
0.8489426,0.5678179,99,1,4,9,2,4,1,2,2,3,3,2,2,2,1
0.9379191,1.1412139,9,1,3,4,2,4,2,3,2,2,3,3,2,1,3
0.9894444,0.8258204,5,1,9,12,2,2,2,2,5,3,2,2,3,3,2
0.9832555,0.8411381,8,1,9,9,1,2,3,1,4,2,4,2,1,1,2
0.7956204,0.9793596,8,1,12,8,2,1,1,2,2,2,2,3,1,4,2
0.6479567,0.7949526,99,1,16,16,2,2,4,3,2,1,2,2,2,3,2
1.1010077,0.855268,2,1,5,8,1,1,3,1,3,1,1,2,3,3,1
1.0115001,1.0319513,7,2,15,9,2,2,3,2,2,2,2,2,3,2,4
1.1039679,0.6535964,0,1,2,2,4,4,1,4,1,4,1,1,4,2,4
0.9434338,0.7703018,10,1,9,11,1,1,3,1,3,1,4,2,3,3,2
1.3256336,1.3226861,7,2,15,8,3,3,2,3,2,1,2,3,3,2,2
1.2256845,1.5876449,5,1,7,8,2,3,4,1,4,2,2,4,2,1,2
1.0677421,0.8387243,6,1,5,14,2,1,3,3,4,1,3,1,5,2,1
0.6969997,0.9540218,7,1,7,8,2,3,3,2,3,2,2,2,2,3,2
1.3074583,0.836509,8,1,6,13,2,1,4,1,4,1,3,2,2,3,3
1.2753586,1.5240928,6,1,16,3,3,3,2,2,2,2,3,3,2,3,2
0.8095005,0.9909367,99,3,14,15,1,5,5,4,5,1,5,1,2,1,1
1.0424092,1.2559143,0,3,14,4,4,4,2,4,2,4,1,4,4,2,1
1.1764827,1.0007552,99,1,9,12,1,1,3,1,4,1,3,3,1,1,2
0.8914181,0.5893506,10,1,6,11,1,3,2,1,4,1,3,2,2,3,2
0.9165855,0.8922316,99,2,15,11,1,3,2,3,3,2,4,2,2,3,3
0.9738113,1.1592555,99,1,12,15,2,4,2,1,2,2,3,3,2,3,2
1.1437594,1.4581155,7,1,3,4,1,2,3,2,3,2,2,3,2,3,2
1.0077283,0.8665906,10,1,9,12,1,2,2,1,1,2,2,1,4,2,2
1.0971347,1.0934545,7,2,15,4,4,1,4,4,4,1,3,2,3,1,2
0.7143337,0.5612029,6,1,5,8,4,4,1,2,1,4,2,4,4,4,2
0.7433397,0.92043,5,3,14,8,2,4,2,2,2,2,3,2,2,2,2
0.8663138,1.0678039,4,3,14,14,2,3,2,1,3,2,2,1,3,2,1
1.070968,0.8998082,99,1,9,14,2,1,2,3,3,2,2,2,1,2,2
0.7591215,0.6377031,7,1,9,12,3,3,2,2,2,2,4,2,3,3,3
1.0971347,1.0934545,5,2,15,15,2,3,2,3,3,2,3,2,2,3,2
1.1012502,0.8496892,99,1,5,14,3,1,2,3,2,2,3,1,3,2,2
0.9625012,1.2193141,1,1,3,4,5,4,5,5,5,4,3,1,3,1,1
0.9393362,0.941322,8,2,15,4,3,3,2,4,2,2,2,2,2,2,2
1.0112565,1.2151136,8,1,12,14,1,1,2,2,2,2,2,2,1,1,1
1.2129997,1.4860163,3,3,14,15,2,3,3,2,2,2,2,3,3,2,2
0.9558012,1.142391,7,3,14,12,3,3,3,3,3,4,3,3,3,3,3
1.040315,0.695693,1,1,4,4,3,3,2,3,5,5,3,2,3,2,1
1.3450159,1.3342723,6,2,15,8,3,3,2,1,4,2,1,1,2,3,2
0.9146116,1.1697637,1,1,3,7,4,4,1,4,1,4,4,2,4,2,1
0.6752635,0.8078374,7,3,14,14,1,2,1,2,2,3,2,2,2,2,2
0.6638065,0.5170096,99,1,5,14,4,4,1,4,1,4,3,4,2,4,1
1.0001258,1.225134,99,1,3,14,3,3,1,3,2,3,5,1,4,2,1
0.9523983,0.6688928,4,1,4,4,2,3,5,3,5,2,3,2,3,3,2
1.16631,1.4277103,2,1,3,7,3,4,1,3,1,3,4,2,3,2,1
0.753349,0.5063749,3,1,4,6,4,4,1,3,1,3,3,2,4,2,2
1.3262244,1.5010796,10,1,8,11,1,1,4,1,3,2,2,3,2,3,2
1.0974371,0.9037275,0,1,9,12,1,1,1,1,4,2,3,1,3,2,1
1.2728499,0.7408298,2,1,2,3,2,4,2,2,2,4,3,2,2,2,1
1.3704653,1.1564064,99,1,9,11,2,3,3,3,3,2,2,2,2,2,2
0.753349,0.9292147,4,1,3,9,4,4,2,4,2,4,2,3,4,4,2
0.7345937,0.6288005,4,1,9,12,4,4,4,4,4,4,4,4,4,4,3
1.3459119,1.0826511,6,1,5,8,3,3,2,3,2,2,2,2,2,2,2
0.7872086,0.6328835,99,1,5,8,3,4,2,4,2,1,3,1,3,1,1
1.1315596,1.1738495,99,2,15,4,3,4,2,3,2,4,3,1,4,2,1
1.4116906,1.7136827,99,1,16,4,5,5,5,5,5,5,5,5,5,5,4
1.2717385,1.549399,7,1,3,9,1,3,1,2,3,3,4,1,2,3,1
0.7733721,0.5452213,4,1,4,6,4,4,1,3,2,3,3,3,3,2,2
1.0149571,0.8632702,9,1,9,12,1,4,1,1,3,1,4,1,2,3,2
0.9379191,0.9336531,3,2,15,2,3,4,3,3,2,2,2,3,2,2,2
0.753349,0.9292147,10,1,3,3,3,1,5,3,1,4,1,3,4,4,2
1.134174,1.384766,99,3,14,14,4,4,4,4,4,4,2,4,4,4,3
0.8868207,0.7337639,7,1,9,14,1,1,2,2,3,2,3,3,2,4,2
1.2990288,1.5753855,10,3,14,14,1,1,4,1,4,3,1,4,4,4,2
0.6585779,0.8376333,99,1,3,3,1,1,1,1,1,1,1,1,1,1,1
0.839432,1.0276971,99,1,16,16,5,2,2,5,5,5,5,2,3,2,4
0.6439846,0.851632,7,1,7,4,2,3,5,1,2,1,5,2,3,2,1
1.4358064,1.2390635,99,1,9,12,1,1,1,1,4,1,4,1,1,1,1
0.9667301,1.1506581,99,1,12,8,4,2,3,4,2,2,3,2,2,2,1
0.6479567,0.8125221,2,1,3,4,2,1,1,2,2,2,1,1,3,1,2
0.753349,0.9292147,8,1,3,2,2,2,1,2,1,2,4,3,3,2,2
0.753349,0.5063749,2,1,4,14,4,4,2,4,1,4,4,2,3,2,1
0.9898354,0.9801543,7,2,15,14,2,2,3,1,2,1,3,1,2,2,1
1.1555839,0.9086576,8,1,5,8,3,4,3,3,3,3,3,3,1,3,2
1.6171236,1.9561038,3,1,16,14,3,4,2,3,2,3,2,2,3,3,1
1.1326358,1.4341559,0,1,3,2,4,4,1,4,1,4,3,1,4,1,1
0.7323129,0.5789155,4,1,5,8,3,4,1,4,2,3,4,3,2,2,2
1.3381693,1.6821947,2,1,3,4,3,3,2,2,2,4,1,2,3,2,1
1.1010077,1.3233778,99,3,14,15,4,4,4,1,1,2,2,2,3,3,1
0.7955592,0.6286934,5,1,5,8,2,3,2,1,4,2,3,1,2,2,2
1.3334621,1.1249486,7,1,9,12,2,3,1,2,3,2,3,2,2,3,2
0.9466101,1.1216335,99,4,16,16,5,5,5,5,5,5,5,5,5,5,4
0.753349,0.4837112,5,1,6,9,5,3,2,5,5,3,3,2,2,3,2
1.0043168,1.0119131,99,2,15,12,1,3,2,1,2,1,1,3,1,3,2
0.6175603,0.7866904,6,1,3,9,3,2,3,2,3,2,3,2,2,3,2
0.9123252,0.9158691,4,2,15,9,4,4,1,4,1,3,4,2,2,3,2
1.1426287,0.8913704,6,1,5,8,2,3,2,1,2,2,3,1,2,2,2
0.8137069,0.6786532,10,1,9,11,1,1,1,1,3,1,1,1,1,1,1
0.661456,0.5613168,8,1,9,12,1,2,2,2,4,1,1,2,2,2,2
0.9359086,0.7703095,10,1,9,12,2,1,1,1,4,2,3,3,3,2,4
1.2728499,1.0915464,5,1,9,12,2,1,2,2,3,1,5,1,2,2,1
0.7967568,0.8001977,8,2,15,6,3,2,3,2,1,3,2,4,2,2,2
0.6661083,0.5710018,8,1,9,12,3,4,2,3,2,2,4,3,3,3,2
1.057996,1.0598316,99,2,15,8,3,2,1,3,2,3,3,3,3,3,2
0.7560084,0.5124691,4,1,4,8,4,4,4,4,2,2,4,2,3,3,2
0.7511808,0.935858,0,1,3,4,4,4,1,3,2,4,3,1,4,5,1
0.8483365,0.7061974,5,1,9,11,1,4,4,1,3,3,2,1,3,3,2
1.0331161,1.2588844,1,3,14,15,2,2,2,2,2,4,5,2,2,2,1
1.1284357,1.4237318,5,1,3,10,3,3,2,3,2,3,2,2,2,2,3
0.9523983,0.6688928,2,1,4,7,4,4,2,4,1,4,4,1,4,1,1
1.2414075,1.5079437,5,1,16,12,5,2,2,5,2,2,3,2,2,2,1
0.9794456,0.9866868,6,2,15,4,2,4,2,4,2,5,3,2,2,2,2
0.9867265,0.6854361,6,1,4,9,2,2,2,2,2,2,2,2,2,2,2
0.8846769,0.8938089,8,2,15,12,3,3,2,4,2,3,2,4,3,2,2
0.9780941,1.0023384,5,2,15,1,3,3,1,2,2,2,3,3,3,2,2
0.8344997,0.7064841,8,1,9,12,1,5,4,1,3,1,2,2,3,3,2
1.3110653,1.5558566,7,3,14,4,2,2,2,2,2,2,2,2,2,2,2
0.9794456,0.9866868,7,2,15,15,2,3,2,3,2,2,3,3,2,2,2
0.9977927,1.2219279,99,1,12,14,3,5,2,5,5,2,2,2,3,5,2
0.7760869,0.5199962,8,1,1,15,2,2,3,3,2,2,3,3,2,2,3
1.0916191,1.1469827,99,1,11,11,1,1,4,1,4,1,1,1,2,1,1
0.6141548,0.8394915,8,1,7,9,2,3,4,1,3,1,1,2,2,4,2
1.033092,0.8351832,5,1,5,8,3,4,1,2,2,3,2,3,1,2,2
0.8154517,0.6280224,7,1,5,8,5,4,2,3,2,2,3,3,3,3,2
0.8076004,1.0285609,99,1,3,9,2,2,2,5,2,2,3,5,2,2,1
0.8943995,0.7422201,7,1,9,14,1,3,4,1,4,1,2,1,4,2,1
1.1905426,1.4492434,99,1,16,14,2,2,4,3,3,4,3,3,4,2,2
1.0576952,0.693655,3,1,4,7,4,4,1,2,1,3,3,3,2,2,1
0.6502441,0.5565224,10,1,9,11,1,1,4,1,4,1,1,1,4,1,1
0.896863,0.7570882,99,1,9,12,1,2,4,1,4,1,1,1,1,1,1
0.9075409,1.0032988,4,1,8,11,2,2,2,2,5,2,2,2,2,2,1
0.9346778,0.7927713,5,1,9,12,1,1,3,1,4,1,4,1,1,2,1
0.9899659,0.7566784,0,1,5,11,3,2,2,3,2,1,2,1,2,2,2
1.030246,1.2674574,99,1,12,14,5,2,2,2,5,2,2,4,1,2,1
1.167661,1.4401332,8,3,14,12,1,2,4,1,4,2,3,2,2,3,1
1.1496921,1.4610181,2,1,3,3,2,3,2,2,2,3,3,1,3,1,2
1.0539447,1.4262154,9,1,7,9,2,2,2,1,3,3,2,1,2,2,1
0.764132,0.7698537,10,2,15,12,1,1,2,2,2,2,3,3,1,2,2
0.6500968,0.4168774,10,1,6,9,1,1,1,1,4,1,1,1,1,3,1
0.8046558,0.9798331,7,3,14,13,2,1,1,1,2,1,1,1,2,1,1
1.3303132,1.6008105,7,3,14,12,2,2,2,3,2,1,2,2,2,2,3
1.0706136,1.3044736,99,1,12,14,2,1,1,4,2,1,4,2,1,3,1
0.7694598,0.6158206,99,1,5,16,2,2,5,5,5,2,5,2,2,5,2
1.0120082,0.5943804,5,1,2,2,3,3,2,3,2,3,2,2,2,2,2
0.4943386,0.3958474,5,1,5,8,2,4,2,2,3,3,2,3,3,3,2
1.0838759,1.0665368,2,2,15,13,2,2,1,1,2,2,2,2,2,2,2
1.195665,1.5831555,8,1,7,11,1,2,3,1,4,1,2,3,2,3,2
1.2058762,1.4799349,3,1,3,4,3,3,1,4,1,4,4,4,2,2,1
0.9359086,1.1135749,99,1,16,15,2,4,3,4,2,2,2,2,3,2,2
0.9494297,0.9419248,99,2,15,4,2,2,2,2,2,2,2,2,2,2,2
1.2101331,0.9470276,5,1,5,9,1,4,1,1,4,1,4,3,1,4,1
1.3147476,0.8524197,3,1,6,12,4,2,4,1,4,2,4,4,3,2,1
1.0800005,0.8217651,4,1,5,9,3,3,3,3,3,2,3,3,3,3,2
0.5607148,0.4493158,7,1,5,11,2,3,3,2,2,3,3,3,3,3,2
1.2797964,1.7004638,99,1,7,16,2,3,2,3,2,2,2,2,2,3,1
0.953756,1.1533473,5,1,12,14,2,4,1,3,2,3,2,1,2,2,2
1.2300112,1.3239533,8,1,8,11,1,1,4,1,4,1,1,2,1,3,2
1.1010077,0.9154396,10,1,9,12,1,1,4,1,3,1,2,1,1,1,1
1.1540679,1.5449454,9,1,7,9,2,2,3,2,3,2,2,2,2,3,3
1.3980151,1.1948009,99,1,9,16,1,2,2,2,4,2,2,1,1,3,3
1.252583,1.5921851,3,1,3,4,2,3,2,2,2,2,3,2,4,2,2
0.9836383,0.7710824,5,1,5,7,4,4,1,4,2,2,2,2,3,1,3
1.1476673,1.3808893,99,3,14,15,2,2,2,3,1,2,3,1,1,1,1
1.1431726,1.4058483,99,1,3,14,2,2,1,4,2,1,4,1,1,1,1
0.7939541,0.6110936,99,1,5,8,2,4,4,3,1,4,2,2,1,4,2
1.0650389,0.8571995,0,1,5,8,5,5,5,2,5,1,5,5,5,1,1
0.869796,0.7269748,99,1,9,8,1,3,4,1,1,1,4,1,2,2,3
0.6969997,0.5611702,6,1,5,8,4,3,1,4,1,2,2,3,2,3,2
1.0522103,1.2580539,6,1,12,14,2,2,2,2,2,2,2,2,1,2,1
1.1916192,0.79941,5,1,4,8,3,2,2,2,2,2,3,3,2,3,2
1.0016272,0.9911608,7,2,15,4,3,3,2,2,2,3,2,2,2,3,2
0.6102943,0.7769268,9,1,3,4,4,4,1,4,1,3,2,3,4,2,2
1.0971347,0.9045534,4,1,9,12,2,2,2,2,2,1,3,3,2,2,2
1.0154166,1.008638,7,2,15,4,3,3,3,3,2,2,3,2,3,3,2
1.0438981,1.0261601,9,2,15,8,2,4,2,2,3,2,3,2,1,3,1
1.2362272,1.4936334,99,1,16,16,5,2,3,5,5,5,2,2,2,5,1
1.0433031,1.2993993,99,1,12,14,3,3,4,3,2,3,2,2,2,2,2
0.9791443,0.9822301,3,2,15,4,3,4,1,3,2,3,3,1,3,1,2
0.6630535,0.8494257,99,1,3,14,3,3,2,2,3,3,3,2,2,3,2
1.1698967,1.0041863,8,1,9,12,1,2,2,1,4,2,2,2,2,2,2
0.7754093,0.6054269,10,1,5,8,1,2,1,1,1,1,1,1,1,1,4
0.6030334,0.4029689,2,1,4,4,4,4,1,4,1,4,3,1,4,1,1
0.6081475,0.8252257,9,1,7,11,2,2,1,2,2,1,2,1,1,1,1
0.8550184,1.0160528,8,3,14,12,1,2,3,1,4,2,2,2,2,2,1
1.0038872,0.678746,2,1,4,8,3,4,1,3,2,3,3,3,4,2,1
0.734898,0.7580621,5,2,15,8,4,4,4,4,4,4,4,4,4,4,2
0.9941753,1.2034696,99,1,16,16,5,5,5,5,5,2,5,5,5,5,2
1.0439874,1.2640469,6,1,13,6,3,4,3,2,3,2,3,3,3,2,2
1.0617583,0.8138905,0,1,5,7,3,3,1,4,2,2,2,2,2,2,1
0.8519394,1.0545048,3,1,3,7,4,2,2,4,1,3,2,3,3,3,2
0.6819521,0.5306063,5,1,5,8,3,3,3,2,2,3,2,2,2,2,2
0.8530103,1.0261889,4,3,14,14,3,4,2,5,3,2,2,1,3,2,3
1.040315,1.2490151,6,4,16,14,2,2,3,3,4,5,3,2,2,2,4
0.7168553,0.7348682,8,2,15,12,3,2,1,3,2,3,2,2,3,2,2
0.7955592,0.6729246,3,1,9,12,2,1,2,2,4,1,2,2,2,2,1
1.3433056,1.1459117,8,1,9,12,1,4,2,1,3,1,1,1,2,2,2
0.8334841,1.039616,0,1,3,4,2,4,3,3,3,4,3,1,4,1,1
1.195665,0.9312362,5,1,5,8,1,3,2,2,3,2,2,1,2,2,1
0.8579289,1.1075188,10,1,3,5,2,1,1,1,1,1,1,1,1,2,2
1.0583688,1.2853992,7,1,12,1,2,1,1,3,2,2,3,1,2,2,2
0.9165642,0.9159149,3,2,15,7,4,4,1,4,2,1,3,1,3,2,1
1.2409966,1.5122248,4,1,12,14,3,3,3,3,2,2,3,2,2,2,2
0.7323129,0.6196446,7,1,9,12,2,2,2,2,3,2,3,2,2,3,2
1.1593112,0.9584489,4,1,9,12,3,2,2,3,2,3,3,2,2,2,1
1.1947801,0.9929158,10,1,9,11,1,1,3,1,4,2,3,1,3,3,2
0.9346198,0.9225502,99,2,15,3,1,3,1,1,1,2,3,2,2,2,2
1.0971347,1.0934545,5,2,15,14,2,2,2,2,2,2,2,2,2,2,2
0.6185783,0.8725612,7,1,7,9,2,2,3,1,2,2,2,2,2,2,2
1.2594535,1.5444871,99,1,12,10,4,2,2,4,3,3,2,2,2,2,2
0.5948555,0.7423785,99,1,16,16,1,2,5,2,3,2,2,2,5,3,1
1.1442046,0.9682887,8,1,9,12,3,3,2,3,2,2,3,2,2,3,1
0.9676877,1.1755754,99,3,14,11,3,2,3,3,2,3,3,2,1,4,1
1.4946864,1.5104282,99,2,15,12,5,2,2,2,2,2,3,1,5,2,2
0.9103664,0.7865182,10,1,9,12,1,1,3,1,3,1,2,2,2,2,1
1.1436223,1.4328291,1,3,14,4,3,2,2,3,2,3,2,2,3,2,1
0.6500968,0.6551743,99,2,15,16,4,4,2,4,2,4,2,2,1,4,4
0.9393362,0.941322,7,2,15,8,4,4,4,4,4,4,4,4,4,4,3
1.1316302,0.8898208,7,1,5,8,1,1,2,1,2,1,2,2,1,1,3
0.9383287,1.1487538,99,3,14,15,1,1,4,1,1,1,4,1,1,1,4
1.0147488,1.0110899,0,2,15,3,3,2,1,3,2,5,4,1,3,2,1
0.7475557,1.0051875,6,1,7,11,4,3,2,3,5,2,3,4,3,3,2
0.8727244,0.684113,5,1,5,8,2,3,1,2,2,2,2,5,3,3,2
0.8727244,1.0585454,1,1,16,6,4,4,1,3,1,4,3,1,4,1,1
1.3430974,1.6330119,99,4,16,16,5,5,5,5,5,5,5,5,5,5,4
1.0948379,1.3189514,99,3,14,14,2,2,2,4,2,2,3,2,2,1,2
0.7880473,0.8027959,8,2,15,4,3,3,3,4,4,3,3,3,3,3,2
1.1821213,0.9910176,99,1,9,12,1,2,2,1,3,2,3,2,2,2,2
0.7089065,0.5865592,5,1,5,8,2,4,2,2,2,2,3,3,2,2,2
0.9557603,0.8407133,8,1,9,12,1,2,2,1,3,1,2,3,2,2,1
0.8097407,0.8962784,99,1,8,11,1,4,3,1,4,1,1,3,1,3,2
1.096802,1.3127265,5,1,12,14,2,2,2,2,3,2,3,2,3,3,2
1.035714,1.0573361,7,2,15,5,3,4,3,2,2,2,3,2,2,2,2
1.2582617,1.5902514,0,1,3,4,3,4,2,3,2,4,2,1,4,1,1
0.6945479,0.5935079,6,1,9,12,1,1,1,1,4,3,4,2,3,4,2
1.2990288,1.4262401,10,1,8,10,2,2,4,2,2,2,2,2,2,2,1
0.9899659,1.1708276,6,3,14,9,3,4,2,3,2,1,2,2,2,2,2
1.0688235,0.8450841,5,1,5,8,4,4,2,4,1,2,1,3,3,3,2
0.9792045,0.8492545,4,1,9,11,1,4,1,1,3,1,1,1,1,1,1
0.7872086,0.8188753,0,2,15,12,1,1,4,1,4,4,1,1,1,1,1
0.9885538,0.7744058,99,1,5,8,1,1,2,2,1,1,3,2,1,2,2
0.8344174,0.9994462,2,1,12,14,1,2,3,2,1,2,3,1,5,1,2
0.7660422,0.9459483,10,1,12,11,1,1,1,1,3,2,1,1,1,4,1
1.0791447,0.8586587,4,1,5,8,3,3,2,3,2,2,3,2,2,2,2
0.8650894,1.0841402,7,3,14,15,1,1,3,1,4,1,3,2,2,5,2
1.2006755,1.0063022,5,1,9,12,1,1,2,1,3,2,3,2,1,3,2
0.9772489,0.9810408,5,2,15,11,1,4,1,3,2,3,3,1,1,1,2
0.8799527,0.7074335,99,1,5,11,2,4,2,3,3,2,2,2,2,1,1
1.1398666,1.3898298,7,3,14,8,3,3,2,4,1,3,3,3,3,2,1
0.9244033,0.7656519,5,1,9,11,4,2,3,3,3,3,3,1,2,3,1
0.8290582,0.4724133,6,1,2,3,5,3,1,4,4,3,1,2,2,2,2
0.6684597,0.9178447,8,1,7,9,2,2,3,2,3,2,3,2,2,3,2
0.6218795,0.7732744,5,1,3,4,2,3,2,3,2,2,2,2,3,2,1
0.8414639,0.8620198,6,2,15,8,2,2,2,3,2,1,3,2,2,2,2
0.7143337,0.8875554,99,1,3,4,2,3,2,3,3,1,2,2,2,2,1
0.891274,0.7018159,6,1,5,8,2,3,2,2,3,2,3,2,3,3,2
1.508142,1.2907677,10,1,9,11,1,2,4,1,4,1,3,1,1,2,1
0.97576,0.7839979,4,1,5,11,1,1,3,1,3,2,3,2,3,1,1
0.9131066,1.1091759,2,1,12,6,4,4,2,4,2,3,3,2,4,1,1
0.8194247,0.7137673,7,1,9,12,2,1,1,2,4,1,4,2,1,4,2
0.9631664,1.1630197,99,3,14,14,1,2,2,1,3,3,3,4,3,1,3
0.9870259,1.165843,5,1,12,8,3,3,1,3,2,3,2,2,2,2,1
0.7967852,0.5364861,99,1,4,3,3,1,2,4,4,1,4,1,4,3,2
0.9099856,0.9961033,7,1,8,11,1,2,3,1,4,1,2,1,1,3,1
1.3771155,0.9518107,2,1,4,7,3,4,1,2,2,4,3,2,3,2,1
1.4594327,1.0087897,2,1,4,7,3,4,1,3,2,4,3,2,3,2,1
0.6751537,0.5847917,10,1,9,12,1,1,2,1,4,1,2,1,1,1,1
0.9976318,0.9755073,99,2,15,12,1,1,4,4,4,2,3,2,1,1,1
0.6525941,0.5120553,99,1,5,8,2,1,1,2,3,2,3,1,1,2,2
0.9255308,1.1500477,99,3,14,8,2,3,3,3,3,2,2,2,2,2,3
1.1223333,1.3912122,9,4,16,8,2,2,2,2,2,1,1,1,1,2,1
0.9494297,1.1264291,3,3,14,4,3,4,3,4,2,2,4,2,2,2,2
1.3251032,1.1029898,5,1,9,12,1,2,1,1,3,3,2,1,4,2,1
1.1476673,1.3808893,99,3,14,15,2,2,2,3,2,1,3,2,1,3,1
1.3264183,1.5825162,99,1,16,16,5,3,5,5,5,2,3,1,3,1,4
1.0115001,1.23409,99,1,16,16,5,5,2,2,5,3,3,2,3,2,2
0.9393362,0.7787027,99,1,9,11,1,1,2,4,4,1,3,3,4,4,1
0.6945479,0.5544968,7,1,5,11,1,2,1,1,2,2,3,2,1,2,1
1.1205546,0.8849593,5,1,5,8,1,2,1,1,2,2,1,1,2,1,1
1.0844026,1.0898207,4,2,15,8,2,2,2,2,3,1,5,4,4,4,2
0.869993,0.6010572,2,1,4,11,1,1,2,1,4,1,3,1,2,1,2
0.6135334,0.6341119,6,2,15,2,1,2,1,2,2,3,2,3,3,2,2
1.0115001,1.2613648,5,1,3,12,1,1,1,1,2,1,2,1,1,3,1
1.2475548,1.5039883,99,1,12,14,2,2,5,2,5,2,3,1,3,2,1
1.3256336,1.616733,9,1,3,2,1,4,1,2,1,3,1,3,1,5,1
1.2931662,1.577301,6,1,12,14,1,2,1,1,4,2,2,1,2,1,2
0.9700822,1.1872925,5,1,12,14,2,3,2,2,2,2,3,2,2,2,2
1.0438981,1.0261601,2,2,15,13,2,4,4,2,3,1,4,1,3,2,1
0.6684597,0.5398903,3,1,5,8,3,3,3,2,2,5,3,2,3,2,2
1.1395994,1.4470807,0,1,3,4,3,3,1,2,2,3,3,1,3,2,1
0.6945479,0.5544968,6,1,5,6,3,4,2,2,2,2,3,3,3,2,2
0.6945479,0.5544968,6,1,5,8,2,4,2,4,2,2,3,2,2,2,2
1.0284433,0.8482857,7,1,9,12,2,3,2,2,2,2,3,2,2,1,3
0.8914181,1.1321493,2,1,3,4,2,2,4,2,3,1,4,1,2,2,1
1.0115001,1.3559039,5,1,7,9,3,4,2,2,5,2,2,2,3,3,2
0.7882817,0.9589033,99,3,14,12,1,1,2,1,1,2,5,1,3,1,2
1.3156935,1.5745813,2,1,12,11,2,4,2,2,2,3,2,2,2,3,2
0.7967568,0.8001977,9,2,15,3,2,2,1,2,2,1,2,2,1,2,2
1.0838131,0.7167618,3,1,4,8,5,4,5,5,2,3,4,3,2,2,1
0.734898,0.9265871,8,1,3,11,1,2,4,1,4,2,2,2,2,4,3
0.7396407,0.6135603,99,1,9,12,1,3,1,3,3,2,3,1,2,1,2
0.7904227,0.6712977,9,1,9,12,1,1,3,1,4,1,3,1,2,3,1
0.9738113,0.8019089,99,1,9,12,1,3,3,1,3,4,4,2,4,4,3
1.1395994,0.9149919,5,1,5,14,2,4,2,1,3,2,4,1,4,1,1
1.2944592,1.7103043,99,1,7,6,2,3,2,2,3,2,2,2,2,2,1
1.020231,1.0331645,10,2,15,8,1,1,1,1,1,1,1,1,1,2,1
0.7647554,0.9363592,6,3,14,14,3,3,2,2,2,2,2,2,2,3,1
1.0838759,1.27545,99,1,16,16,5,4,5,5,5,2,5,2,4,5,4
0.8397315,0.8376991,99,2,15,16,5,5,2,5,5,5,5,3,2,3,4
1.040315,1.1307679,99,1,8,16,2,5,2,2,5,2,4,2,2,5,2
1.0011536,1.2067229,5,1,3,4,1,1,1,1,1,1,1,1,1,1,1
1.4492116,1.2763709,7,1,9,12,2,3,2,1,3,2,2,3,2,3,2
0.8247758,0.6325672,1,1,5,5,4,4,1,4,2,4,3,2,4,2,2
1.3433056,1.1459117,10,1,9,12,1,1,4,1,4,1,4,1,1,1,2
1.1286515,0.8960357,99,1,5,8,3,4,2,3,2,2,1,2,2,2,1
1.1356616,1.3721055,5,3,14,14,3,3,2,2,2,3,3,2,2,3,1
0.7880473,0.6204562,6,1,5,8,3,2,1,2,2,4,2,4,2,2,2
0.7821635,0.6224998,5,1,5,8,2,4,2,2,2,2,2,3,2,2,2
0.8976933,0.6286868,3,1,4,6,3,3,2,3,2,4,3,1,3,2,1
0.6391186,0.6595527,7,2,15,6,1,2,2,2,3,2,2,2,3,3,2
1.0293347,1.2825202,99,1,12,14,2,2,2,2,2,3,2,2,3,2,1
0.7821214,0.6226689,3,1,5,8,4,3,3,3,1,3,3,2,3,3,2
0.8811776,1.0525913,8,3,14,8,2,2,2,2,2,1,2,3,1,1,1
0.7560084,0.9403978,7,1,3,4,1,1,1,1,2,1,2,1,2,2,1
1.1040368,1.5002161,6,1,7,8,2,1,2,3,3,1,3,3,1,4,2
1.2683725,1.078566,99,1,9,12,1,1,2,1,4,2,1,2,1,1,1
1.0522103,1.2858583,7,1,3,4,4,1,3,3,3,3,3,3,2,3,2
1.1754963,1.5274405,8,1,7,8,1,2,3,2,4,1,3,2,1,3,2
0.7967568,0.6184481,7,1,5,12,3,1,3,2,3,2,1,3,2,1,1
0.7123795,0.5521076,5,1,5,8,2,2,2,2,2,2,2,2,2,2,1
0.9386963,1.1430526,8,1,3,4,2,3,2,1,2,2,4,2,3,2,1
0.753349,0.9988592,7,1,7,9,5,4,2,5,5,3,5,3,3,4,3
1.0111792,0.9990662,3,2,15,14,2,3,2,4,2,2,3,2,2,1,2
1.0971347,0.8450973,6,1,5,9,2,2,1,2,2,2,2,4,2,4,1
1.0844026,1.3032949,7,1,12,14,3,3,2,3,2,2,2,2,2,1,1
1.1431726,0.9514598,10,1,9,12,1,1,4,1,4,1,1,1,3,1,1
0.7250521,0.493036,3,1,4,7,3,4,1,3,2,3,3,2,3,2,2
0.9396567,1.1564502,99,1,3,14,3,3,2,3,2,3,4,2,2,2,2
1.0971347,1.3076404,7,3,14,12,2,2,3,2,3,2,3,2,3,3,2
1.1595067,0.8789644,99,1,5,8,3,2,3,3,3,3,2,2,2,2,2
0.64781,0.7008979,6,1,8,9,2,3,3,2,2,3,2,1,3,2,1
0.7323129,0.8957707,4,1,12,14,3,4,2,3,3,2,3,2,2,3,2
1.1326358,0.9068195,7,1,5,9,2,1,2,1,4,1,2,1,1,2,1
0.8033111,1.031564,8,1,3,4,2,2,2,1,4,2,2,3,2,2,2
0.7967568,0.8001977,8,2,15,3,2,3,1,3,1,1,2,1,2,3,2
0.6102943,0.4912523,7,1,5,8,2,1,1,3,2,2,1,1,1,3,3
0.9504011,1.164819,5,1,3,8,2,2,1,3,3,2,2,2,1,3,2
1.2362272,1.4936334,99,1,12,9,3,2,2,4,1,1,3,2,2,2,2
0.8548935,0.7363968,8,1,9,11,1,2,4,1,4,1,3,3,1,3,1
0.7826801,0.9833576,5,1,3,4,2,3,3,3,3,3,3,2,2,2,2
0.9809389,0.7821358,5,1,5,15,1,1,1,1,1,2,1,1,1,1,1
1.0115001,0.7975634,3,1,5,14,5,4,2,2,2,5,3,2,4,5,4
1.0288551,0.7862008,3,1,5,7,3,4,2,3,2,4,2,2,2,3,2
0.7155111,0.6197995,10,1,9,11,1,4,1,1,4,1,1,2,1,4,2
1.1039679,0.8997172,99,1,5,9,2,3,4,2,3,3,2,2,1,2,1
0.8016779,0.6220043,7,1,5,8,2,2,1,2,2,1,2,1,1,2,1
1.019001,1.020777,9,2,15,11,1,1,3,1,2,1,3,2,3,3,2
0.9834155,1.161957,7,1,12,14,2,2,3,3,3,2,1,3,2,2,1
0.8762696,1.1683805,4,1,7,8,3,4,2,3,2,2,2,2,3,2,2
0.9986304,0.8279225,5,1,9,12,1,2,1,1,4,1,3,1,2,1,1
0.7379776,0.5097808,5,1,4,7,3,4,2,2,2,2,3,2,2,2,2
1.1002578,1.0993671,6,2,15,14,5,3,3,2,3,3,2,3,3,3,2
1.040226,1.0139571,3,2,15,7,2,3,1,3,2,4,3,3,2,2,2
1.1010077,1.3233778,99,3,14,4,3,1,5,4,1,5,4,5,3,2,2
1.416674,1.7343068,99,1,12,14,3,3,5,5,5,5,5,2,2,5,4
0.9700822,0.7673193,6,1,5,9,4,1,2,4,2,2,5,2,2,2,1
1.1461335,1.4025146,99,1,13,14,3,3,2,3,3,3,2,1,4,1,2
1.2300112,1.6067523,8,1,7,9,3,3,3,3,2,2,3,2,2,3,1
0.8147765,0.6270121,99,1,5,8,2,2,2,3,2,2,2,2,2,2,1
1.2944592,1.0768052,7,1,9,12,2,1,2,3,2,4,3,2,4,1,1
1.0455141,1.0546912,10,2,15,11,1,2,2,3,3,1,3,3,2,3,1
0.8453524,0.6977994,5,1,9,11,2,2,2,2,3,2,3,2,2,2,2
1.1631668,0.92172,5,1,5,8,2,3,2,4,2,2,3,1,1,2,2
1.0001258,1.0023102,4,2,15,8,2,2,1,4,3,3,3,2,1,2,1
1.2431663,1.2426857,99,2,15,14,3,2,1,2,2,1,1,1,1,1,2
1.1698967,1.0041863,6,1,9,12,1,1,1,1,3,1,3,1,1,1,1
0.7345937,0.5874696,3,1,5,9,4,4,1,4,1,4,3,2,3,3,1
0.97076,0.7711539,7,1,5,8,3,2,2,2,3,2,2,2,2,4,1
1.2184837,1.5165091,4,1,16,11,3,1,2,4,3,3,4,2,2,5,2
1.1562697,1.1372812,99,2,15,14,3,2,2,2,3,2,3,2,2,3,2
0.9976318,0.9755073,99,2,15,14,2,5,2,4,2,2,3,2,5,2,3
0.9434338,0.7703018,99,1,9,12,1,2,1,2,3,1,2,1,3,2,2
1.0971347,1.3076404,4,1,12,12,3,3,2,3,2,3,3,3,3,3,3
1.3004249,1.0142332,5,1,5,11,2,2,5,2,4,2,3,3,2,3,2
0.7679217,0.9585001,6,1,3,4,2,2,1,5,2,2,2,2,2,2,1
1.152781,1.378655,5,1,13,11,5,2,5,5,1,4,5,3,2,1,2
0.6966415,0.8672758,4,1,12,9,4,4,2,4,2,1,3,2,4,2,2
0.8493059,0.8681306,6,1,11,15,3,3,3,3,3,3,2,2,3,2,2
0.9255308,1.1754651,3,1,3,4,4,4,1,4,1,4,3,1,4,1,1
1.2457898,1.055666,5,1,9,12,1,1,3,1,4,1,2,1,1,3,2
0.6240747,0.7656587,5,1,12,14,3,2,2,3,2,2,2,2,2,2,2
0.7618191,0.4486459,1,1,2,2,2,2,3,2,3,3,3,1,3,1,1
1.0971347,1.3076404,99,3,14,4,3,4,3,4,2,3,3,1,3,3,2
0.753349,0.5063749,5,1,4,9,2,2,2,2,2,2,2,2,2,2,1
0.7623119,0.5996253,10,1,5,8,3,4,2,2,3,1,2,1,1,1,1
0.7090853,0.7125633,7,2,15,13,1,1,2,2,3,2,2,3,1,1,2
1.096802,0.7311799,2,1,4,7,4,4,3,4,1,3,4,2,3,1,1
0.9577599,1.1967959,5,3,14,14,1,4,5,2,4,3,2,5,1,1,2
1.1467766,1.4078333,5,1,12,14,3,3,3,4,3,3,4,4,4,4,2
1.4709278,0.9590706,99,1,6,15,3,4,5,5,2,5,5,2,3,5,1
0.9251693,0.9270369,7,2,15,3,2,3,1,2,3,1,1,1,4,2,2
1.0677911,0.7031496,9,1,4,11,1,4,4,1,4,1,1,1,2,2,2
0.7662184,0.9502535,99,1,16,16,4,4,1,4,2,5,3,2,3,2,2
0.8397315,0.8376991,99,2,15,12,1,1,1,3,3,2,4,4,3,2,2
0.5578067,0.7660505,8,1,7,9,2,2,4,2,3,2,2,2,2,3,2
1.040226,1.0139571,1,2,15,4,3,4,5,4,5,4,5,5,4,1,1
1.0324112,0.7271259,3,1,4,6,1,2,2,2,3,2,3,2,1,2,1
0.9642836,1.1872683,0,1,3,12,2,2,2,2,3,3,3,2,3,2,2
0.753349,0.6288804,10,1,9,12,3,1,4,1,3,1,4,1,1,2,1
1.209042,1.2106528,6,2,15,8,3,4,2,3,2,2,3,3,2,2,2
1.3147476,0.8774915,0,1,1,2,4,4,2,4,4,4,4,2,4,2,1
0.6563022,0.7942343,5,1,12,14,1,2,1,1,3,1,2,1,3,1,1
1.3215592,1.6383337,99,1,16,16,1,3,2,1,4,3,2,2,3,3,1
0.7963473,0.799242,99,2,15,15,2,3,2,2,3,2,3,2,3,2,1
0.8844508,0.7079522,99,1,5,6,3,2,1,1,3,1,1,3,3,3,3
1.3899729,1.1738368,8,1,9,12,2,2,2,2,3,1,3,2,1,2,2
0.9723883,0.8132629,5,1,9,12,1,4,2,3,3,2,4,2,4,4,1
0.7989862,0.9820611,3,1,12,14,2,4,2,3,2,4,4,2,3,3,2
0.7335199,0.9242738,7,1,12,14,2,2,2,2,3,1,2,3,1,3,2
0.9791443,1.20059,7,1,3,2,3,3,1,4,2,2,1,2,2,2,2
0.8204879,1.0355197,4,1,3,9,2,3,2,2,3,2,3,2,3,2,1
0.8693719,1.1045387,1,1,3,3,3,4,2,3,1,3,3,1,3,1,1
1.130249,0.9446238,6,1,9,12,2,4,1,2,3,4,3,2,3,3,1
1.2362272,0.9653002,99,1,5,8,4,4,1,4,2,2,4,2,3,5,2
0.7852752,0.6562104,7,1,9,11,2,2,2,2,2,2,1,2,2,1,2
0.9065661,1.1255481,0,3,14,4,4,1,2,3,2,2,3,2,2,2,1
0.9867265,0.9786747,5,2,15,8,2,2,3,4,1,2,2,3,2,3,1
0.6685875,0.5751824,5,1,9,9,2,4,2,4,3,2,4,2,2,2,2
0.6945479,0.5544968,7,1,5,8,2,3,2,2,3,3,3,2,2,3,1
0.7852752,0.9486308,99,1,12,16,5,4,5,5,5,2,2,1,2,2,2
0.6969997,0.8875036,7,1,3,4,1,1,1,1,2,3,2,3,2,2,1
1.0150708,0.6956524,5,1,4,15,4,2,5,4,2,5,5,5,5,5,2
0.8176017,0.4699926,8,1,2,13,2,2,3,2,2,2,2,2,3,3,2
1.1593112,0.9584489,99,1,9,8,2,1,4,3,3,3,1,2,1,3,2
1.1766145,1.4478494,10,1,12,11,2,1,3,2,1,1,4,2,3,3,2
0.9836383,0.8253312,99,1,9,11,1,2,1,2,3,2,2,2,2,2,1
1.2101331,1.6100017,10,1,7,9,2,2,2,3,2,1,3,1,1,2,1
0.8841447,1.0784713,10,1,3,4,1,1,1,1,1,1,1,1,1,1,1
1.0796065,1.3485578,99,1,3,4,2,4,3,4,3,3,3,2,2,3,1
0.8750266,1.2068012,2,1,7,9,2,3,2,2,2,2,3,2,2,2,1
0.8628582,1.0509399,8,1,12,10,1,3,1,3,3,3,1,1,1,2,1
0.9240078,0.7203282,99,1,5,8,2,2,2,2,2,2,2,2,2,2,2
1.0743929,1.1039343,99,2,15,14,5,2,1,5,2,2,5,1,1,2,2
0.9056699,0.7527516,10,1,9,11,1,1,2,1,4,2,3,1,3,2,1
0.6175603,0.6600281,99,1,11,15,3,3,2,1,3,2,1,1,3,1,1
0.9429738,1.1450608,99,3,14,12,1,3,1,4,3,2,2,2,2,3,3
1.0438981,1.0261601,99,2,15,14,2,2,2,2,1,1,4,2,2,2,1
1.1010077,0.9154396,7,1,9,11,1,2,3,3,3,1,3,1,2,1,1
0.9267601,0.9360031,3,2,15,15,4,3,5,5,3,2,3,2,1,3,3
1.1622074,1.3802274,8,4,16,10,1,3,4,1,4,1,1,3,2,4,2
0.6792567,0.5410115,8,1,5,4,2,2,2,2,2,2,2,1,2,2,1
1.0330292,1.3005946,99,1,3,10,2,1,1,2,3,4,2,1,2,1,1
0.9757,1.1606607,0,3,14,4,4,1,1,4,1,4,1,1,4,1,4
1.3338978,1.7249621,3,1,3,3,3,4,2,3,2,4,4,2,3,2,1
0.9308858,0.7565228,10,1,5,11,2,4,1,1,2,1,3,2,3,2,2
1.3554044,1.1374587,5,1,9,12,1,1,2,1,4,1,2,2,2,2,1
1.0041835,1.2652212,7,1,3,9,5,3,2,3,2,2,3,3,3,3,1
1.2217973,1.4410871,5,1,13,14,4,4,4,3,3,3,4,4,1,3,3
1.2404425,1.0502236,4,1,9,12,1,1,1,3,2,1,1,1,1,1,1
1.1326358,0.7815422,2,1,4,7,4,4,4,4,1,3,4,2,1,1,1
1.2212226,0.9857247,8,1,5,8,2,1,2,2,3,1,3,3,1,3,3
0.6607211,0.9022317,3,1,7,12,2,1,3,2,3,2,3,2,2,3,1
1.0439874,1.2919838,0,1,3,4,4,4,1,4,1,4,4,1,4,1,1
1.2466228,1.5103883,7,1,12,14,1,2,1,1,3,2,3,2,2,3,2
1.2510234,0.9878762,4,1,5,8,3,2,3,2,2,2,4,2,2,3,2
1.557005,1.5798997,99,2,15,5,2,4,1,2,1,2,2,3,2,2,2
1.2481769,1.0647558,5,1,9,12,2,2,2,2,3,2,3,2,2,3,1
1.1750541,1.4190145,99,3,14,14,1,2,4,3,3,4,4,1,4,1,1
1.019251,1.3863782,8,1,7,9,1,1,5,1,4,1,2,2,2,3,4
1.1436303,1.3946244,5,1,3,4,4,4,4,4,1,1,4,1,4,2,1
0.7880473,0.6204562,6,1,5,8,3,3,3,3,2,2,3,2,4,3,2
0.6768672,0.9088134,7,1,7,8,5,4,2,3,2,2,3,5,5,3,2
1.0882306,0.9123975,10,1,9,12,1,1,3,1,1,2,3,2,4,3,1
1.0266219,1.252385,0,3,14,14,2,2,2,2,2,2,3,2,2,2,1
1.1964519,1.4374312,99,1,12,4,3,3,4,1,2,4,4,1,2,1,1
0.6218795,0.4213953,1,1,4,4,4,4,1,3,2,4,3,1,4,1,2
1.1953053,1.2043589,3,2,15,4,4,3,1,4,3,3,3,1,3,4,1
0.6751958,0.535868,99,1,5,8,3,2,2,3,2,2,2,2,2,3,1
1.16631,0.9027439,4,1,5,6,3,4,1,2,2,3,4,2,3,3,1
0.7646161,0.8424194,8,1,8,12,1,2,2,2,2,2,3,5,5,5,2
0.7880473,0.8027959,6,2,15,4,1,1,1,3,1,1,4,3,1,2,1
0.7852752,0.9695967,8,1,3,8,2,2,2,2,2,1,2,2,2,1,2
1.0270866,1.2501447,8,3,14,11,3,3,2,3,3,3,4,3,3,3,2
1.0617583,1.3836608,7,1,7,9,1,1,4,1,4,1,1,3,1,4,2
0.6790681,0.561986,8,1,9,8,2,4,5,1,3,2,2,2,2,5,4
1.195665,0.9312362,5,1,5,8,2,4,1,1,2,1,2,2,1,3,2
0.6969997,0.5611702,6,1,5,8,4,4,1,3,1,3,2,2,1,3,2
1.070968,1.3007807,99,1,16,15,2,3,1,2,3,2,3,1,2,2,2
0.6609027,0.5737219,10,1,9,12,1,1,4,5,4,2,2,1,2,3,1
1.0522103,1.2858583,1,1,3,7,3,4,1,3,2,3,2,2,3,1,2
0.7852752,0.8588218,7,1,8,12,1,3,1,1,3,3,3,1,2,3,1
0.7560084,0.7693609,8,2,15,7,3,2,1,2,1,3,2,2,4,4,3
1.0539447,1.085464,5,2,15,8,2,3,1,3,3,3,1,2,3,2,2
0.9393362,1.1257081,99,3,14,9,3,2,4,4,2,3,2,1,3,1,1
0.6609027,0.8293839,3,1,12,14,1,2,2,3,3,3,2,1,3,1,1
0.9090632,0.7553231,7,1,9,12,3,3,2,2,2,2,3,2,2,3,1
0.7143337,0.9540774,99,1,7,7,2,4,1,1,2,2,2,2,2,3,2
0.9098946,1.0959858,99,1,13,14,5,5,2,5,5,2,5,2,2,5,4
1.2322184,1.5279334,1,1,3,4,4,3,1,4,2,4,4,1,4,1,1
0.9240078,0.7710062,7,1,9,12,2,2,1,3,2,1,3,2,1,1,2
0.7991585,0.9673005,4,3,14,2,1,2,2,2,3,1,2,4,1,3,3
0.7225016,0.4106342,1,1,2,2,2,4,1,1,3,1,3,2,2,2,1
1.1724797,1.4183047,99,3,14,4,3,2,2,3,3,2,2,3,3,2,3
0.9958709,1.0266691,7,2,15,2,2,1,1,1,2,1,1,2,2,2,3
0.7900848,1.0193458,9,1,7,9,3,4,4,2,3,1,2,3,2,3,2
1.1010077,1.3233778,6,3,14,9,2,4,5,2,3,1,2,2,1,3,2
0.6969997,0.8683128,4,1,12,7,3,4,1,4,2,2,2,2,3,3,2
1.0111792,0.9990662,3,2,15,7,4,4,1,4,1,3,3,2,5,5,1
0.9099856,1.2088729,7,1,7,8,2,4,1,5,2,4,3,3,3,4,2
0.8538545,0.7177823,5,1,9,12,1,1,2,1,4,1,3,2,1,1,2
0.8650894,1.108101,0,1,3,4,4,4,2,4,1,4,3,2,3,2,1
0.753349,0.9292147,0,1,3,2,4,4,1,4,2,4,4,1,4,2,1
1.040315,0.8639996,10,1,9,11,1,1,1,1,4,1,4,1,4,1,1
0.8697087,1.0258836,2,3,14,7,3,2,1,4,2,4,3,1,3,3,2
0.9906781,0.8225939,9,1,9,12,1,1,3,2,3,3,3,3,2,2,2
0.9240078,1.1145819,99,1,12,14,4,2,4,3,3,2,4,3,2,2,2
1.2129997,0.8277012,1,1,4,5,2,4,1,1,4,1,4,1,4,1,1
1.0149571,1.2479607,0,3,14,15,1,1,1,1,4,1,2,1,4,1,2
1.1476673,0.8924364,8,1,5,8,2,2,2,1,2,1,2,1,2,1,1
1.0971347,0.9045534,3,1,9,12,1,2,1,2,3,2,2,1,2,1,2
1.3256336,1.616733,2,1,3,4,4,3,2,4,1,2,2,1,4,1,1
0.881519,0.7267879,5,1,9,12,1,1,1,1,4,2,4,2,1,2,1
0.753349,0.7602118,99,2,15,14,2,2,2,5,5,2,2,2,2,1,3
1.1905426,0.936612,4,1,5,6,2,4,2,2,2,3,4,2,2,3,1
1.1286515,1.3864588,4,1,12,14,2,3,2,2,2,2,2,2,1,2,2
0.9518031,0.967805,7,2,15,8,4,1,1,1,1,1,2,1,1,1,3
0.9593383,1.1784167,2,3,14,10,3,2,2,3,2,3,1,1,3,1,1
1.0033355,1.2092462,6,3,14,14,3,3,3,3,3,3,3,3,3,3,2
1.049803,0.5922553,7,1,2,2,2,3,2,2,2,3,1,2,2,2,2
1.2886173,1.0072503,3,1,5,8,3,3,1,4,1,4,2,1,2,2,1
0.6945479,0.5544968,6,1,5,8,3,4,2,3,2,2,2,2,2,2,3
0.935748,0.7216632,7,1,5,8,3,4,1,4,1,4,3,3,3,1,2
0.9863536,0.7485226,10,1,5,8,2,2,2,2,2,2,2,2,2,2,2
0.8563978,0.6734699,8,1,5,4,1,1,1,1,1,1,2,1,2,1,1
0.7560084,0.9403978,2,1,3,4,4,1,4,4,1,4,1,1,3,1,1
0.8878633,0.7428424,9,1,9,12,1,5,2,1,3,2,1,1,1,3,2
1.0462183,0.819732,10,1,5,9,3,4,4,2,2,2,4,2,3,1,1
1.416674,1.7343068,99,1,12,4,4,1,4,1,3,1,4,1,4,2,1
1.0971347,1.4367143,10,1,7,11,1,2,3,1,1,1,2,4,2,4,1
0.9498323,0.6662571,5,1,4,6,3,4,2,3,2,2,2,1,2,1,2
0.8061469,0.6601098,0,1,5,1,1,1,2,2,2,2,2,1,2,1,2
0.9738113,0.9693744,99,2,15,14,3,3,2,2,2,2,3,2,2,1,1
1.3450159,1.6308948,2,1,3,4,4,3,4,4,2,3,2,2,3,2,2
1.1635536,1.288288,99,1,8,12,2,2,2,2,5,2,3,2,2,5,4
1.0539447,1.4262154,9,1,7,9,2,2,2,2,3,2,2,2,2,2,1
0.9686754,1.1661211,99,3,14,11,1,2,4,1,4,1,2,1,2,2,1
1.0438981,1.0261601,8,2,15,9,5,2,1,5,5,2,5,2,2,5,2
1.4358064,1.1576202,5,1,5,8,4,4,1,4,1,3,3,3,2,3,2
0.7168553,0.567957,4,1,5,8,4,3,1,4,2,3,3,2,2,2,2
0.6370121,0.508836,99,1,5,8,3,3,2,3,2,2,2,2,2,3,2
1.0916191,0.9252312,99,1,9,9,1,2,2,2,3,2,3,2,3,2,2
1.0438981,1.0261601,99,2,15,8,1,2,1,3,1,1,2,2,5,1,3
1.0559248,1.0646507,4,2,15,4,2,3,3,3,2,2,3,2,2,2,1
0.753349,0.909122,4,3,14,8,5,4,1,1,3,4,5,2,3,2,1
0.6684597,0.5398903,7,1,5,8,5,2,2,5,2,2,2,2,2,3,2
1.2409966,0.9773154,7,1,5,8,2,2,1,2,2,1,2,2,1,2,2
0.8708534,1.0764261,99,1,3,4,2,3,1,4,2,3,3,1,2,2,1
0.9757,0.7501078,2,1,5,4,2,2,3,2,2,3,2,2,2,2,2
0.7662184,0.5292848,3,1,4,8,4,4,1,4,1,4,3,2,3,2,2
0.8598766,0.6582409,5,1,5,8,3,5,3,4,2,2,3,5,2,2,3
0.7560084,0.4895326,8,1,6,13,2,1,2,2,2,1,1,1,2,2,2
0.891274,0.9080656,2,2,15,12,2,2,2,3,3,3,3,2,2,2,1
1.1806358,1.2243057,99,2,15,4,2,4,2,2,2,3,4,1,3,2,1
1.2614174,0.9881837,99,1,5,8,4,4,4,4,4,4,4,4,4,4,3
1.4601445,1.1382967,7,1,5,8,3,4,2,3,2,3,2,2,3,3,2
0.7739118,0.6268188,6,1,5,8,2,2,2,2,3,2,2,2,2,2,1
0.8826927,0.8886943,3,2,15,7,4,4,2,4,2,4,3,1,4,3,1
0.7852752,0.528381,3,1,4,6,4,4,1,4,2,5,3,2,2,2,3
0.7721642,0.9307958,99,3,14,4,2,2,3,4,2,1,3,2,2,2,2
1.0311534,1.2564039,5,3,14,11,1,1,1,1,3,2,2,3,3,3,2
1.1476673,0.9552229,8,1,9,9,1,2,1,1,1,1,2,1,2,2,2
1.2228874,0.9652172,6,1,5,9,1,1,2,1,4,3,1,1,1,1,1
0.8453524,0.6519333,99,1,5,4,4,4,2,4,3,2,3,2,1,1,1
1.2414075,0.9745486,8,1,5,8,2,5,1,4,2,2,2,4,1,3,1
1.2482891,0.9862848,7,1,5,8,3,4,2,3,5,3,1,2,2,3,2
0.7852752,0.7932491,99,2,15,14,4,3,2,4,2,3,2,1,3,2,1
0.9906781,1.2154399,1,1,3,7,1,1,1,1,1,2,3,1,2,1,2
0.8899512,0.5979378,4,1,4,7,3,3,3,2,2,3,2,3,3,2,2
0.9504011,1.1396319,99,1,12,16,2,4,1,3,2,3,2,1,3,3,1
0.8656663,0.7284499,0,1,9,12,3,2,3,2,2,3,3,1,1,1,3
0.7591392,0.9442481,99,1,13,14,2,2,2,2,3,2,2,1,1,2,2
0.9330758,0.744958,3,1,5,6,3,4,1,3,2,2,3,1,2,2,1
1.2196647,0.8123258,1,1,4,14,4,4,1,3,2,4,3,1,3,1,1
0.9432205,0.7923751,10,1,9,12,1,1,2,1,4,1,3,1,1,3,1
1.0442302,1.3534894,5,1,3,9,2,2,2,3,2,2,2,1,1,2,1
0.753349,0.909122,99,1,12,12,2,2,1,2,1,2,3,2,1,4,1
1.157238,1.0036077,6,1,9,12,2,2,5,2,3,2,3,3,2,2,2
0.8811981,0.6005141,99,1,4,10,2,2,4,3,2,4,5,1,3,2,1
1.0284433,0.7925281,4,1,5,8,3,4,2,2,2,3,3,2,2,2,2
1.1436223,1.4328291,99,1,16,16,1,2,5,1,5,2,1,2,1,1,1
1.1947453,0.6885871,2,1,2,4,4,4,2,4,1,4,4,1,4,1,1
1.1622074,0.9547651,99,1,9,12,2,2,4,1,3,1,1,1,2,3,2
0.9870259,1.165843,9,1,12,12,1,1,4,1,4,1,3,2,2,2,2
0.8651906,0.6753511,7,1,5,6,4,1,2,1,3,2,2,1,1,2,2
0.9700822,1.1872925,5,1,12,14,3,3,2,1,3,2,3,2,3,2,2
1.2006755,1.0063022,10,1,9,11,1,1,4,1,4,1,2,1,1,4,1
1.0916191,1.3375328,3,3,14,15,1,2,3,2,3,3,3,2,2,1,2
1.3780217,1.1792123,99,1,9,14,1,1,2,2,3,2,2,2,2,2,1
0.6479567,0.5137593,8,1,5,8,1,1,4,1,4,1,1,1,1,4,3
1.040315,1.2766198,99,1,3,7,2,2,2,5,3,2,2,2,1,3,2
0.6008382,0.4935213,6,1,5,8,4,4,1,3,1,3,3,1,3,2,1
1.2129997,1.6326972,8,1,7,9,2,2,2,2,3,2,2,2,2,2,1
0.7560084,1.0108805,7,1,7,9,1,1,4,1,4,1,3,2,4,3,2
0.9434338,0.6202475,6,1,4,9,2,2,2,2,2,2,2,2,2,2,2
1.195665,1.3045098,8,1,8,10,2,3,3,2,3,1,3,2,2,3,2
1.16631,0.9662557,99,1,9,11,1,4,3,1,4,1,3,1,2,1,1
0.7081205,0.47131,2,1,4,8,3,4,2,3,2,2,2,3,2,2,1
0.6684597,0.8538489,3,1,3,7,1,2,1,2,3,1,3,2,2,2,2
0.7089065,0.7589373,6,2,15,8,1,3,4,1,4,2,2,3,3,2,2
0.9625012,0.7709746,3,1,5,6,3,4,3,3,2,3,2,3,3,2,1
1.16631,0.9027439,8,1,5,8,1,1,4,1,3,2,3,2,1,2,2
1.1078651,0.9105452,7,1,5,8,1,2,3,1,3,2,2,2,2,2,2
0.6853626,0.8519878,0,3,14,4,2,2,1,1,2,4,4,1,3,1,1
1.195665,1.4727715,2,1,3,3,3,4,2,3,2,4,4,2,4,2,1
1.033092,0.8351832,5,1,5,8,4,4,1,3,2,4,4,2,2,4,1
1.1051377,0.8599153,2,1,5,6,1,2,3,1,3,1,1,1,2,3,2
1.0400652,1.294488,4,1,3,6,1,2,2,2,3,1,3,1,2,1,1
0.7371869,0.5945398,7,1,5,8,1,2,2,2,2,1,2,1,1,1,2
1.2048331,0.851532,1,1,4,4,5,4,5,2,5,3,3,2,3,2,1
1.1476673,0.9552229,7,1,9,11,2,2,2,2,2,3,3,2,1,2,2
1.0621049,1.300869,99,3,14,14,1,1,4,3,4,1,4,2,1,4,2
1.179646,0.9092768,9,1,5,8,1,3,2,1,1,2,1,1,2,2,1
0.8730641,0.608291,2,1,4,12,2,3,4,3,2,2,3,2,5,2,2
0.9771301,0.8372734,5,1,9,14,2,2,2,2,3,1,4,1,2,3,2
0.6096525,0.5164527,3,1,9,9,1,1,4,1,4,1,1,1,2,3,2
0.6562741,0.5460775,8,1,5,9,1,4,4,2,3,1,2,4,2,4,2
1.2006755,1.5983235,8,1,7,9,2,2,1,1,2,2,2,2,1,3,2
1.1979022,0.7051561,6,1,2,6,4,3,1,3,2,2,2,1,2,1,1
1.0640558,1.330355,5,1,3,11,1,1,3,1,3,1,2,1,1,2,1
0.6751958,0.535868,5,1,5,8,3,1,1,1,1,1,1,4,1,3,2
1.0153577,1.3371079,8,1,7,11,1,3,4,1,4,2,1,3,2,3,2
1.0579348,1.2787508,5,4,16,13,2,2,2,3,2,3,2,1,3,2,1
1.2133306,1.2548246,8,2,15,12,1,2,1,1,3,2,2,2,3,2,1
0.6102943,0.4912523,99,1,5,14,3,4,2,3,2,3,2,1,4,1,1
1.2300112,1.6067523,7,1,7,8,2,1,4,1,2,1,2,5,5,2,3
1.1393657,1.4157238,99,1,3,11,2,4,4,2,3,1,3,2,2,2,1
1.3381693,1.6821947,1,1,3,4,3,4,3,3,3,3,3,4,3,4,2
1.2239702,0.953881,6,1,5,16,2,1,1,1,5,1,1,1,2,3,1
0.7689232,0.6215175,7,1,5,9,2,3,2,1,3,1,2,3,2,4,2
0.6224948,0.7998192,2,1,3,4,2,2,2,4,2,5,5,5,5,2,1
1.267136,0.8506316,3,1,4,13,5,4,3,2,2,2,2,2,2,3,2
0.7168553,0.6079151,10,1,9,12,1,1,1,1,4,2,3,2,2,2,2
1.2006755,0.9401583,6,1,5,8,5,4,3,2,2,3,2,2,3,3,1
1.0006708,0.8828651,9,1,9,11,1,1,2,1,3,1,2,2,2,2,2
1.2424871,1.012414,3,1,5,8,4,4,2,3,1,3,3,2,2,2,2
1.2300112,0.9451162,4,1,5,8,2,4,2,2,2,4,4,3,2,2,2
0.7089065,0.5865592,3,1,5,8,3,4,1,3,2,2,3,3,2,3,2
0.7560084,0.5946153,4,1,5,7,3,4,2,3,2,3,4,1,2,1,1
1.3478386,1.6891911,3,1,3,8,1,3,2,1,4,2,3,1,2,2,2
0.7323129,0.8957707,5,1,12,1,2,5,5,5,5,5,4,5,2,5,4
1.0011536,0.9872475,6,2,15,14,2,3,4,4,3,3,2,4,3,3,1
1.3200324,1.0190371,5,1,5,8,3,4,1,2,1,1,2,1,2,1,1
0.8949893,0.727779,8,1,5,8,2,1,2,1,2,1,1,1,2,3,1
0.7250521,0.493036,4,1,4,4,2,1,4,2,3,5,2,2,3,2,3
0.7544572,0.6420319,99,1,9,14,2,2,2,2,2,3,3,2,3,2,2
0.7692523,0.660624,99,1,9,12,1,2,3,1,4,1,2,2,2,1,1
0.7560084,1.0108805,8,1,7,11,1,1,3,1,4,2,1,1,2,4,1
0.6969997,0.8683128,3,1,12,7,3,4,2,4,3,3,2,1,2,2,1
1.1014919,0.6498564,8,1,2,11,4,4,4,4,4,4,4,4,4,4,3
1.1514795,0.9671295,10,1,9,12,1,1,4,1,4,1,2,1,1,3,1
0.9829032,0.9985616,7,2,15,12,1,4,4,1,4,4,4,4,4,1,1
0.5882639,0.4662406,6,1,5,8,3,4,2,2,2,4,5,4,2,3,2
0.6314574,0.5138502,5,1,5,8,3,4,2,3,2,3,1,2,2,2,1
0.8501834,0.576611,8,1,4,8,1,2,2,1,4,2,3,2,2,2,2
1.1426287,0.7682274,4,1,4,14,5,3,2,5,2,5,5,5,2,5,2
1.1581417,0.9196974,2,1,5,6,4,4,1,4,1,4,4,2,4,1,2
0.6037811,0.4890698,6,1,5,8,3,3,2,3,1,1,1,3,2,3,2
0.9058362,0.7579305,99,1,9,11,1,1,4,1,4,4,2,5,1,2,1
1.0006708,0.8248346,5,1,5,8,2,2,3,2,3,2,2,2,2,3,2
1.2300112,1.6067523,99,1,7,8,3,4,3,2,2,3,2,3,2,4,2
0.8514713,0.6616532,3,1,5,4,2,3,5,4,1,1,1,1,3,2,2
0.9131979,1.1135099,99,1,16,8,3,4,5,3,2,5,5,5,5,2,4
1.2300112,1.4947231,1,1,3,4,4,4,2,4,2,4,4,2,4,2,1
0.7560084,0.5946153,5,1,5,8,3,4,2,2,1,3,2,3,2,3,1
0.8379273,1.0623161,2,1,3,4,2,4,2,2,2,3,2,1,3,1,1
1.0916191,1.3670938,3,1,3,12,2,3,2,3,3,2,3,1,1,1,2
1.2683725,1.5591965,99,1,12,14,2,2,5,2,3,5,5,2,2,2,4
0.8846307,1.0633037,6,3,14,11,3,3,3,3,3,2,3,3,3,3,3
1.0579348,1.404973,9,1,7,9,1,1,4,4,4,2,3,4,3,2,2
1.0452665,0.9091371,8,1,9,12,1,1,4,1,4,3,3,2,4,3,2
0.7733721,0.5452213,4,1,4,6,3,4,2,4,2,3,4,3,3,3,2
1.1821213,1.4326348,99,3,14,14,3,3,3,3,3,2,3,4,3,3,2
0.760408,0.5838003,5,1,5,8,2,4,2,2,2,2,1,2,2,2,2
1.1979022,1.0389845,9,1,9,11,1,3,4,1,3,1,3,2,2,2,1
1.035714,0.8171825,8,1,5,8,1,1,1,3,2,2,1,1,2,1,1
0.8730641,1.1998956,7,1,7,9,3,4,3,3,1,2,3,1,2,1,2
1.179646,1.5458232,7,1,7,9,3,4,2,2,2,3,2,3,2,4,2
1.2582617,1.0762614,6,1,9,12,2,2,2,2,4,2,2,2,2,2,1
1.0747486,0.9106374,8,1,9,12,1,1,2,1,3,1,2,2,1,2,1
0.7560084,0.8329589,5,1,8,10,3,3,4,4,3,2,2,4,4,3,3
0.6102943,0.4912523,7,1,5,8,3,3,2,3,2,2,2,3,2,3,2
1.2481769,0.9947696,8,1,5,6,2,2,1,1,2,2,2,1,2,1,2
1.276228,1.3888992,7,1,8,12,2,2,3,2,3,1,2,2,2,2,1
0.7560084,1.0108805,7,1,7,11,2,2,2,2,2,2,2,2,2,2,3
1.1508248,0.9207997,6,1,5,8,3,2,1,3,2,2,4,3,1,2,2
0.7766438,0.6789926,10,1,9,12,1,1,3,1,4,1,2,2,1,1,1
0.734898,0.9065512,4,1,12,7,2,4,2,2,3,2,1,2,2,2,2
0.9231336,0.7231436,5,1,5,8,3,4,2,1,2,3,2,1,1,1,2
0.7880473,0.8027959,6,2,15,6,3,4,2,2,4,3,2,3,1,1,1
0.6969997,0.9540218,10,1,7,8,1,1,4,1,4,1,1,4,4,4,3
1.2006755,0.9401583,6,1,5,8,2,3,2,2,2,2,3,3,5,3,2
1.1501795,0.9818582,7,1,9,12,1,1,4,1,4,2,4,2,3,2,2
0.9930562,1.3216639,7,1,7,9,1,1,4,2,4,1,1,2,2,3,2
1.0632255,0.8575978,5,1,5,8,5,3,2,2,2,2,3,3,2,4,2
1.16631,0.9027439,4,1,5,6,3,4,5,3,2,5,4,2,5,2,1
0.6969997,0.5611702,7,1,5,8,2,4,4,3,2,2,4,3,1,3,2
1.0609881,0.8257535,5,1,5,8,3,4,2,2,2,3,3,2,3,3,1
1.1051377,1.4619056,8,1,7,9,1,1,4,1,3,1,1,4,1,4,3
1.030246,1.0598533,7,2,15,4,2,1,1,2,2,2,2,2,3,2,2
0.8322656,0.6683918,3,1,5,8,3,4,2,3,2,3,3,2,2,1,1
1.1437594,0.9868335,4,1,9,12,1,1,2,1,4,2,4,2,2,1,2
1.0439874,1.2640469,99,3,14,15,2,3,2,3,3,2,3,2,1,1,2
1.508142,1.2907677,7,1,9,12,2,2,2,1,2,1,1,1,1,1,1
1.3714513,1.0618385,99,1,5,11,2,3,4,4,1,1,3,1,3,2,1
0.7560084,0.9403978,5,1,3,8,4,1,4,2,4,1,1,1,2,1,2
1.3156935,0.7392429,5,1,2,8,2,3,2,3,1,2,2,3,3,2,2
1.0715605,0.8837698,9,1,9,16,2,2,2,2,3,2,3,2,2,2,1
0.6562741,0.8636342,1,1,3,4,4,4,1,4,1,4,4,1,4,1,1
1.2886173,0.8680986,3,1,4,2,4,2,2,4,1,4,2,2,2,3,2
1.2426358,0.8687471,99,1,4,12,1,3,3,1,4,3,2,1,3,1,1
0.6969997,0.9540218,9,1,7,9,2,3,1,2,2,2,4,3,2,4,2
0.9591154,1.1787621,99,1,12,14,2,3,3,2,2,1,2,2,3,2,1
1.1010077,0.9154396,5,1,9,11,1,1,4,3,3,4,3,4,4,2,2
0.8279386,0.4775954,8,1,2,4,2,1,1,2,2,2,1,2,2,1,1
1.2006755,0.9401583,3,1,5,15,3,4,2,4,2,3,2,2,3,2,1
0.8826927,0.5919568,4,1,4,14,4,4,1,4,1,4,3,3,4,3,1
0.7118348,0.6193317,2,1,9,9,1,1,2,1,4,2,2,4,2,2,1
1.2899414,1.5351223,99,3,14,14,2,1,1,2,3,2,5,5,2,3,3
0.6743123,0.9093732,8,1,7,9,3,4,4,4,2,2,4,2,3,2,2
1.3055398,1.6321872,8,3,14,6,4,2,3,3,2,3,3,1,1,2,2
0.8844508,1.1196426,7,1,3,4,1,1,1,1,1,1,3,2,2,2,2
1.1316302,1.3768421,8,3,14,9,3,3,3,3,3,3,3,3,3,3,2
1.030246,0.819128,7,1,5,9,2,4,4,3,2,2,4,1,4,4,2
1.1806358,0.9462282,6,1,5,4,2,4,2,1,4,2,3,3,2,3,1
1.138798,0.9408847,5,1,9,12,1,3,3,2,4,2,4,1,3,2,1
0.7880473,0.9812657,5,1,3,7,3,2,2,2,2,2,2,2,2,2,1
1.1501795,1.4193939,2,3,14,4,2,4,2,3,2,2,3,2,3,2,2
1.3004249,0.834994,5,1,6,13,3,2,1,1,2,3,3,1,3,1,2
1.0120082,1.3909917,6,1,7,9,2,2,1,2,2,1,1,2,2,5,2
0.7501947,0.7742352,4,2,15,12,3,4,3,3,2,4,2,4,3,4,2
0.4995532,0.3937794,5,1,5,8,2,4,5,3,2,3,2,5,2,2,1
1.195665,0.9312362,7,1,5,8,3,4,1,3,1,3,2,3,3,2,2
1.0400652,0.8760926,9,1,9,11,1,2,2,1,4,1,2,5,2,3,2
1.2300112,1.4624022,99,4,16,15,5,5,5,5,5,5,5,5,5,5,4
0.734898,0.9960346,8,1,7,9,2,2,4,1,3,1,1,2,2,3,3
1.0112565,0.7852994,9,1,5,11,1,2,4,1,4,1,3,3,1,2,2
1.1162925,1.3482401,2,1,3,10,4,4,4,3,3,4,4,3,4,3,1
1.0450457,1.2988811,99,1,16,11,2,5,3,1,2,2,4,1,2,5,1
1.2300112,1.6067523,7,1,7,9,2,3,3,2,3,2,2,3,5,3,3
0.7877319,0.989163,2,1,3,7,4,4,1,4,1,4,4,2,3,2,1
0.8208761,0.920849,99,1,8,7,1,1,2,1,3,2,3,2,1,3,2
0.7420017,0.9342272,8,1,12,10,1,3,3,3,4,3,2,1,3,2,1
0.6562741,0.9283634,7,1,7,9,1,5,4,1,5,1,2,5,2,2,4
0.7928738,1.0316136,7,1,7,16,2,4,2,2,2,2,2,3,2,3,2
0.6609027,0.8477142,1,1,3,4,4,4,1,4,1,4,4,1,4,1,1
1.1766145,1.4478494,5,1,12,14,2,4,2,2,1,2,4,1,4,1,2
0.6661498,0.8096098,7,1,12,8,3,3,4,4,4,3,4,4,3,3,2
0.6817977,0.7995796,6,1,12,14,3,3,3,3,3,3,3,3,3,3,3
1.0715605,0.8256798,8,1,5,9,2,5,1,1,2,1,1,3,1,3,1
0.9131979,0.7702646,9,1,9,11,1,5,3,1,5,3,3,2,3,2,1
0.6113002,0.5068838,7,1,5,8,3,4,2,4,1,3,3,2,2,2,2
1.2239702,0.953881,6,1,5,8,2,3,3,1,4,2,2,2,2,2,2
1.1014919,1.1574646,5,2,15,14,3,4,1,4,2,4,4,2,4,2,1
1.0307124,0.8176627,4,1,5,8,3,3,3,3,3,2,3,3,3,3,2
0.6709477,0.5438432,6,1,5,8,2,3,3,2,2,2,2,2,5,2,2
1.276228,0.9914785,5,1,5,14,3,4,3,4,2,2,2,2,2,3,1
0.7819571,0.6111429,7,1,5,9,2,2,2,3,2,1,3,2,2,2,1
0.7560084,0.503931,10,1,1,1,1,1,1,1,1,1,1,1,1,1,1
0.8439726,0.6619338,10,1,5,11,2,2,2,2,1,2,1,2,1,2,1
0.883059,1.217152,10,1,7,11,2,1,3,1,3,2,1,2,2,3,2
0.8379273,1.0393453,99,1,12,14,3,3,2,1,3,2,3,1,2,2,2
0.7560084,1.0108805,8,1,7,9,3,4,1,4,2,2,3,2,3,2,2
1.2272042,1.3683841,6,1,8,10,1,1,2,1,3,2,3,3,2,4,2
1.1051377,1.4619056,8,1,7,9,2,4,2,2,2,2,3,1,3,3,1
1.2722293,1.3607532,9,1,8,11,1,1,2,1,3,2,4,3,1,2,2
1.179646,0.9092768,4,1,5,7,4,4,1,2,2,4,4,1,4,1,1
1.0916191,0.9252312,6,1,9,8,2,4,2,2,2,2,3,2,2,2,2
0.7560084,0.5946153,4,1,5,8,4,4,1,4,1,4,4,4,3,4,2
0.9998241,1.2063833,99,4,16,16,1,5,5,5,5,5,5,1,2,5,4
0.6969997,0.5611702,5,1,5,8,4,2,2,2,2,3,2,2,2,2,2
1.1501795,0.9173209,6,1,5,8,3,4,2,1,1,2,1,3,2,4,1
1.1284357,0.9002283,4,1,5,8,2,4,2,2,2,2,2,2,2,3,2
1.179646,1.5458232,5,1,7,9,1,4,3,1,4,1,2,1,2,3,1
0.8793126,1.1959159,9,1,7,9,1,1,3,1,4,1,1,3,1,4,2
1.2341771,1.5151387,4,1,12,14,2,4,2,3,2,2,3,2,3,2,2
1.416674,1.7343068,3,3,14,15,3,3,2,3,2,2,4,1,3,1,1
1.1766145,1.3107783,5,1,8,4,2,3,3,3,3,2,3,2,3,3,2
1.16631,0.9027439,9,1,5,8,2,4,5,5,2,2,2,2,2,3,2
0.8155828,1.0256748,1,1,3,4,3,4,1,3,2,3,4,1,2,1,2
0.6991007,0.6071537,10,1,9,12,1,4,2,2,4,2,1,4,2,4,2
0.7262471,0.91334,5,1,16,8,4,4,5,4,2,3,5,3,5,5,1
1.0324112,1.3343,8,1,3,11,2,1,1,1,3,3,2,1,3,2,1
0.7250521,0.5720671,5,1,5,10,1,3,4,1,4,1,1,2,1,4,2
1.1496921,0.988798,7,1,9,7,5,4,4,2,4,4,5,5,1,5,4
0.7560084,0.5946153,8,1,5,8,1,1,1,1,1,1,1,1,1,1,1
0.6476746,0.4374991,2,1,4,6,3,4,1,2,2,3,3,1,4,1,1
1.0655063,0.8816352,1,1,9,8,1,1,2,1,4,2,2,2,1,1,2
0.762414,0.6483895,9,1,9,12,1,1,2,1,4,1,2,2,1,2,2
1.2405912,1.5116093,4,1,12,11,1,1,2,5,2,2,4,1,1,4,2
1.2980787,1.3092319,99,2,15,14,3,3,2,4,2,3,2,2,1,2,1
1.2272042,1.5448847,2,1,3,14,3,4,1,3,2,2,2,2,3,2,1
0.9198211,0.9029696,7,2,15,8,3,2,3,1,3,4,4,2,1,4,2
1.2510234,0.8514009,4,1,4,7,3,4,3,3,3,2,3,2,2,2,2
1.3554044,0.8748904,99,1,6,13,4,4,3,3,2,3,3,2,3,3,2
1.0576952,0.8614685,99,1,9,12,1,1,1,1,4,1,1,1,1,1,1
0.9502622,0.5605784,1,1,2,2,3,4,2,3,1,4,3,1,2,2,1
1.2300112,0.9451162,4,1,5,8,4,4,1,4,1,4,4,3,4,3,2
0.9905101,0.8161715,10,1,9,12,1,1,2,1,3,2,2,1,2,1,1
1.2980295,0.8931659,99,1,4,8,2,2,2,2,2,2,2,2,2,2,2
1.1153722,0.6428435,3,1,2,4,3,4,1,3,2,3,4,1,3,1,1
0.5781242,0.4860877,8,1,9,12,2,1,2,1,3,1,3,1,1,2,2
1.0324869,0.7956627,10,1,5,11,4,3,4,3,3,1,3,3,3,3,2
1.0579348,0.7122556,2,1,4,5,3,4,2,3,2,3,4,2,3,2,2
1.0702637,1.3039427,3,1,12,14,3,4,2,3,2,2,2,2,5,3,2
0.6548978,0.5546766,7,1,9,11,1,1,4,1,4,1,3,3,2,3,3
1.1821213,1.4642978,5,1,3,4,2,1,4,1,4,1,2,2,2,1,1
1.0916191,0.9252312,8,1,9,12,1,1,4,1,4,3,2,1,2,3,1
1.1014919,0.7709839,4,1,4,7,2,4,5,2,2,3,3,2,2,2,2
0.7420017,0.6462467,10,1,9,12,1,1,1,1,3,3,3,1,2,2,1
1.16631,1.2645966,6,1,8,9,2,3,3,2,3,3,3,2,3,3,1
0.8722993,0.6658392,7,1,5,8,1,1,1,2,2,2,2,2,1,1,1
0.9131979,1.2234216,7,1,7,11,1,3,3,1,3,2,3,2,2,3,2
0.9905101,0.9866156,99,2,15,6,4,4,4,4,1,3,2,2,4,3,1
1.3433056,1.1459117,10,1,9,12,1,3,2,2,3,1,3,1,1,1,1
1.1245364,0.933832,8,1,9,9,2,3,3,2,3,2,2,3,2,3,2
1.2438692,1.7007794,8,1,7,9,1,2,2,3,2,2,2,3,2,3,2
1.0307124,0.8751886,6,1,9,12,3,2,2,1,3,2,3,3,2,2,2
1.1284357,0.9002283,5,1,5,8,4,4,1,4,2,2,3,3,3,2,1
1.2337213,1.0038278,7,1,5,8,2,3,4,1,4,1,2,2,1,2,3
0.908867,1.2099947,5,1,7,8,3,3,2,1,3,2,3,3,2,4,2
0.7560084,1.0108805,8,1,7,11,1,3,4,2,4,1,2,2,4,3,2
0.888798,1.0933326,99,1,16,16,1,4,2,2,4,2,4,1,2,1,1
0.9155458,0.9268916,99,2,15,12,1,2,3,3,3,3,2,3,2,3,1
1.1870592,1.5593646,6,1,7,14,2,3,2,2,2,2,2,3,1,2,2
1.16631,1.4277103,3,1,3,14,2,4,3,3,3,4,2,2,2,3,1
0.7560084,0.9403978,2,1,3,7,4,4,2,3,2,3,3,1,2,2,1
1.416674,1.1208419,2,1,5,8,1,1,2,1,4,2,4,2,2,2,2
1.2300112,1.6067523,9,1,7,9,1,2,2,1,3,2,2,3,2,2,1
0.9833168,1.2189882,3,1,3,7,4,2,2,3,2,2,3,1,2,2,1
0.7077399,0.966433,8,1,7,9,1,4,4,2,3,1,2,4,1,4,2
1.416674,1.7726371,0,1,3,4,4,4,2,3,1,4,4,1,4,1,3
0.9557603,0.8407133,10,1,9,12,1,1,4,1,4,1,3,1,2,1,1
1.0715605,1.2775953,99,1,16,12,2,3,4,2,3,2,2,2,2,3,3
0.9407604,0.6476923,9,1,4,7,4,4,1,4,1,4,3,1,3,1,1
1.1010077,1.3233778,7,3,14,9,2,3,2,2,3,3,3,2,2,2,2
0.6969997,0.4836444,4,1,4,11,1,1,1,1,3,1,2,1,2,2,2
0.6737861,0.5837105,8,1,9,12,1,1,5,5,4,2,5,1,2,4,2
0.7788266,0.8034425,10,2,15,13,3,1,4,3,2,1,3,1,3,2,1
0.7991585,0.8088608,99,2,15,12,1,4,2,3,4,3,2,4,1,3,2
0.9346198,0.6145081,2,1,4,4,4,4,1,3,2,4,3,1,4,1,1
0.9771301,0.8372734,9,1,9,12,1,2,3,3,4,2,2,2,1,3,1
0.6185783,0.5132538,7,1,5,8,4,2,2,4,4,2,2,3,2,3,2
0.9066412,0.7216394,5,1,5,14,1,3,2,1,4,2,3,2,2,2,2
1.0579348,0.6803773,7,1,6,9,3,4,4,2,2,2,2,4,2,3,2
1.2006755,1.5983235,10,1,7,12,1,3,4,1,4,1,1,4,1,4,2
1.1436223,0.9260038,10,1,5,8,1,1,3,1,4,1,3,2,3,2,1
1.1947453,1.4991006,2,1,3,4,4,4,2,3,2,4,4,1,4,2,1
1.0006708,1.2762874,99,1,12,14,3,2,3,2,2,2,2,1,3,2,1
1.1979022,0.9706924,3,1,5,9,1,4,5,1,4,5,2,1,4,1,1
1.0985308,0.8517398,2,1,5,6,3,4,2,3,2,2,3,2,2,3,2
1.16631,0.9662557,9,1,9,12,1,2,4,4,4,2,3,2,2,3,1
1.0930436,1.3274238,5,1,16,14,5,3,3,2,3,3,2,5,3,4,2
1.2300112,0.9451162,6,1,5,8,2,4,1,2,3,2,2,3,1,3,2
1.0534607,0.8177676,99,1,5,8,2,2,2,5,5,3,1,2,1,3,4
0.7093309,0.5717423,7,1,5,8,3,3,1,4,2,3,3,3,2,2,2
1.0916191,0.9252312,10,1,9,11,1,1,4,1,4,1,2,2,2,3,1
0.6684597,0.5398903,99,1,5,8,2,4,2,2,2,2,3,2,2,2,1
1.2510234,1.0573773,10,1,9,12,1,1,1,1,3,1,1,2,2,3,1
0.9393362,1.1505876,8,1,3,4,2,1,1,1,1,1,3,1,1,2,1
0.9982073,0.6713555,3,1,4,8,3,4,2,2,2,2,2,3,2,3,1
1.0043168,0.7820765,5,1,5,8,4,3,2,2,1,2,2,1,1,1,1
0.7689232,0.6652439,99,1,9,16,5,5,3,5,1,2,5,1,3,2,1
1.195665,1.5831555,6,1,7,8,3,3,1,2,1,2,2,3,2,3,2
0.9491073,0.7521657,99,1,5,8,2,2,4,2,3,2,3,2,2,2,1
0.6540063,0.5292282,3,1,5,6,3,4,1,4,2,2,4,1,2,2,1
0.5665247,0.3898873,2,1,4,6,4,4,2,4,1,4,4,1,3,1,1
0.5850072,0.4598444,99,1,5,8,3,4,2,3,1,4,4,2,3,2,2
0.9735067,0.6692728,9,1,4,9,3,2,2,3,2,4,4,3,4,2,1
0.7939541,0.9455606,99,4,16,4,2,3,1,2,2,2,2,1,3,1,3
1.0799754,0.8435779,7,1,5,8,2,1,3,1,3,2,2,1,3,2,2
0.8726691,1.1182344,99,1,3,14,5,5,5,5,5,5,5,5,5,5,2
1.1552062,0.7828076,5,1,4,15,1,1,4,1,3,1,3,3,3,3,1
1.2300112,1.0116091,10,1,9,11,1,1,4,1,4,2,1,3,2,3,2
1.2300112,1.0116091,8,1,9,12,2,2,2,2,2,2,2,2,2,2,1
0.6609027,0.9112502,8,1,7,11,1,2,3,1,3,1,1,4,1,4,3
0.6969997,0.9540218,7,1,7,8,2,4,3,3,2,2,1,3,2,4,2
1.0655063,0.8236856,3,1,5,8,1,1,3,1,3,2,3,1,1,1,1
0.6802504,0.5343082,99,1,5,8,3,2,3,2,3,1,3,3,3,3,3
0.7880473,0.9600475,8,1,13,4,1,2,4,2,3,2,2,1,2,1,1
1.2300112,1.4624022,7,1,12,9,2,2,2,2,3,2,5,2,2,2,2
0.5673906,0.4869708,9,1,9,11,1,1,4,1,4,1,4,1,4,2,1
0.7371869,0.9199464,5,3,14,14,2,2,2,2,2,2,2,2,2,2,2
1.3771155,1.7088368,9,1,12,9,1,1,4,1,4,1,2,4,1,4,2
0.6305559,0.5327448,9,1,9,11,1,1,2,2,3,1,2,2,1,2,1
1.0388447,0.8195586,0,1,5,12,2,1,1,1,1,1,2,3,2,2,2
0.6853626,0.5506198,6,1,5,6,1,1,4,1,4,2,2,2,2,1,1
0.9982073,0.7789705,7,1,5,8,1,2,2,1,3,2,2,2,2,1,1
0.7766438,0.6789926,10,1,9,12,1,4,2,1,4,2,4,1,4,2,1
0.8983943,0.7155025,8,1,5,8,2,1,4,1,3,1,1,3,2,4,2
1.1198162,1.3832514,4,1,12,14,3,4,1,1,5,2,2,2,2,2,2
0.6474941,0.813685,3,1,3,4,3,4,1,3,1,2,1,2,3,3,1
0.6969997,0.5611702,99,1,5,11,1,1,2,1,4,2,2,1,1,2,1
1.2638996,1.0812489,7,1,9,12,1,2,2,1,2,2,3,2,2,2,2
0.6969997,0.9540218,6,1,7,9,1,4,4,1,4,2,1,4,2,4,3
0.7491734,0.9664625,6,1,3,4,1,1,1,1,1,1,1,1,1,1,1
0.7560084,0.5946153,4,1,5,8,2,2,2,2,2,2,2,2,2,2,2
0.7323129,0.5789155,6,1,5,3,2,3,2,2,3,3,2,2,2,4,1
1.0571619,1.3464422,0,1,3,4,4,4,1,2,1,4,3,1,3,1,1
1.179646,0.9732482,10,1,9,12,1,2,2,1,3,2,3,2,2,2,2
0.734898,0.5858828,5,1,5,8,4,4,1,4,1,3,2,5,2,5,2
1.2438692,1.5821943,99,1,3,12,1,3,4,2,2,2,3,5,3,4,2
1.0838131,1.3152816,1,1,3,7,3,4,2,3,2,4,3,2,4,2,1
0.7603819,0.6559491,10,1,9,12,1,2,4,1,4,1,2,5,2,2,2
1.3660802,1.6365368,7,3,14,9,3,3,3,1,2,1,2,2,2,2,2
1.1437594,0.9868335,7,1,9,12,2,3,4,2,2,2,3,2,2,3,1
1.0215824,1.3413632,7,1,7,11,1,1,4,1,4,1,2,2,2,3,2
0.9929373,0.780825,4,1,5,8,2,4,1,2,3,1,1,1,3,2,1
0.5673906,0.4549623,9,1,5,11,1,1,1,1,3,1,2,2,3,3,1
1.1051377,1.3599757,2,1,3,14,3,4,2,2,2,2,4,1,3,2,1
1.0796065,1.1032859,6,2,15,4,2,3,3,2,2,2,2,3,3,2,3
1.3338978,1.0906968,99,1,5,8,1,4,2,1,4,1,1,1,1,4,1
0.8261443,0.987623,5,3,14,8,3,4,2,2,2,2,3,2,2,2,2
1.3262244,1.0715594,8,1,5,11,1,1,4,1,3,1,1,2,2,4,2
1.1514795,0.9035604,3,1,5,6,3,4,1,4,2,3,3,4,2,2,2
1.3433056,1.6931646,2,1,3,3,3,4,5,3,2,4,4,1,4,5,1
0.7472349,0.634334,10,1,9,11,1,1,2,1,2,1,1,2,1,3,1
0.9625012,0.8252158,9,1,9,11,2,2,2,1,4,1,2,3,4,3,2
1.2362272,1.2489827,10,2,15,10,4,1,1,1,1,4,4,1,3,1,1
0.7250521,0.9725472,8,1,7,11,1,1,4,1,4,2,1,4,1,4,3
1.1694453,0.9983649,8,1,9,11,1,1,3,1,1,1,2,4,2,3,2
0.6792567,0.5410115,3,1,5,8,3,4,2,2,2,1,3,2,1,3,2
1.0534607,0.8177676,6,1,5,8,3,4,1,3,2,4,2,3,3,4,2
1.267136,1.0564219,10,1,9,11,1,3,4,1,4,2,1,1,2,2,1
1.3586653,1.7054175,1,1,3,5,4,4,3,3,2,2,4,1,2,2,2
0.6029592,0.8491123,3,1,7,9,1,1,5,1,2,2,4,2,2,3,2
0.7401392,0.9347084,5,3,14,12,2,2,2,5,2,5,2,2,2,2,2
0.8082311,0.6379151,7,1,5,9,2,2,1,1,3,2,2,2,2,2,2
0.9908628,0.8034044,5,1,5,8,2,2,2,4,2,2,2,2,2,2,2
1.0916191,0.627952,5,1,2,11,2,2,4,2,3,2,3,1,3,1,1
1.0559248,0.8228357,6,1,5,8,2,2,3,3,3,2,3,2,2,3,1
0.8638232,1.1616725,7,1,7,9,1,1,4,1,4,1,3,4,1,3,1
1.1603514,1.3764201,5,1,12,14,4,4,2,4,3,1,4,2,4,3,1
1.0916191,1.3670938,4,1,3,14,5,2,2,1,3,2,2,2,3,3,2
0.7560084,0.7693609,1,2,15,12,1,1,1,1,4,1,2,1,1,1,2
0.9758209,0.8230506,99,1,9,12,2,1,2,1,3,2,3,1,2,1,1
0.6175603,0.4974259,4,1,5,7,3,4,1,3,2,3,3,3,3,1,1
1.1268445,1.3624161,99,1,12,14,2,4,2,1,3,2,2,1,1,1,2
1.0579348,1.2787508,5,1,12,14,1,2,2,2,2,1,2,1,1,1,1
1.0579348,1.3070127,0,1,3,4,4,4,1,4,1,4,4,1,4,1,1
0.6969997,0.6006508,8,1,9,8,2,2,1,1,1,2,2,1,2,2,1
1.197431,1.0204107,5,1,9,12,2,3,1,2,3,2,3,2,2,2,2
0.7880473,0.9812657,3,1,3,4,1,2,2,1,3,2,3,3,2,3,2
0.6658585,0.8333508,3,3,14,15,1,1,3,1,3,3,3,1,4,2,1
0.8301902,0.8416926,99,2,15,5,2,1,1,1,1,1,1,1,1,1,2
1.2886173,1.0072503,8,1,5,8,1,1,2,2,2,2,2,2,1,2,2
1.2101331,0.8025971,8,1,1,2,3,4,3,4,3,4,4,4,4,4,2
1.1967145,0.9780455,5,1,5,9,2,3,2,2,2,2,2,2,2,2,1
1.1821213,0.9910176,8,1,9,12,1,2,2,1,3,1,3,1,2,3,2
1.0115001,0.7975634,6,1,5,14,2,3,2,2,2,2,3,2,2,3,1
1.1437594,0.9219692,5,1,5,13,2,2,4,2,4,2,3,1,3,3,1
1.416674,0.9659973,2,1,4,7,4,4,5,3,2,3,3,2,3,2,2
0.7560084,0.9200633,7,1,12,9,5,4,5,2,5,5,2,2,2,2,1
0.7345937,0.9290966,0,1,3,4,4,3,1,2,2,4,2,1,4,1,1
1.2744558,0.9907466,1,1,5,14,2,2,1,3,2,2,3,1,3,1,1
0.9131979,1.1135099,5,3,14,15,2,4,3,3,2,2,2,1,3,1,1
0.8876982,1.0971569,5,3,14,8,3,3,2,3,2,3,3,2,3,2,2
0.9429738,1.1450608,99,1,12,14,3,1,1,5,2,3,4,1,3,1,1
0.9251693,0.9270369,8,2,15,8,2,5,5,5,2,2,1,4,3,4,2
1.1051377,1.3305686,7,1,12,14,1,2,2,1,3,1,3,2,2,2,2
1.1791285,0.8155455,1,1,4,8,2,4,2,1,3,3,2,2,2,2,2
0.76858,1.0675886,9,1,7,11,1,1,3,5,2,1,1,4,1,4,2
0.5803826,0.4872747,8,1,9,11,1,2,4,1,4,2,1,4,1,4,2
0.760408,0.9033288,5,1,16,8,2,2,2,3,3,3,2,2,1,2,4
0.8996552,0.7767566,10,1,9,11,1,2,3,1,4,2,1,2,3,2,1
1.0270866,1.2777743,99,1,3,4,3,2,1,2,2,2,2,2,2,2,2
1.0150708,0.8639492,9,1,9,12,1,1,4,1,4,1,2,1,1,1,1
1.1051377,1.2046007,5,1,8,10,2,4,3,1,4,2,4,4,1,3,2
0.883059,0.6170391,2,1,4,12,1,1,1,2,3,2,4,2,2,2,1
0.7262471,0.5087242,4,1,4,14,2,4,1,3,2,3,2,2,4,2,1
1.1198162,0.8939629,4,1,5,8,3,4,1,3,1,3,3,3,2,3,2
1.1040368,1.5002161,7,1,7,9,1,1,1,1,1,2,3,2,1,2,1
1.2028247,0.9591185,3,1,5,9,1,4,2,1,4,2,2,1,2,1,1
0.7872086,0.9792766,99,3,14,16,1,2,2,2,4,2,2,2,2,2,2
0.9498323,0.7730547,6,1,5,8,3,2,3,2,2,2,4,3,3,3,1
0.8758051,0.6923463,6,1,5,8,3,3,2,2,2,2,1,3,1,2,2
1.1840696,1.0225515,99,1,9,11,1,2,4,1,4,5,2,2,3,2,1
1.2300112,1.6067523,8,1,7,8,1,2,4,1,4,2,1,4,1,4,2
1.1436223,1.4328291,9,1,13,9,1,3,3,1,3,1,3,1,2,1,1
0.9075409,1.2176052,7,1,7,9,1,3,3,1,4,1,2,2,2,3,2
0.4541792,0.6155148,8,1,7,11,2,1,2,1,3,2,2,2,2,2,2
0.6969997,0.9540218,7,1,7,8,3,3,2,2,2,3,1,3,2,4,2
0.9625012,1.0229964,3,1,11,14,3,3,2,4,2,3,3,3,2,2,2
0.7250521,0.9047374,1,1,3,4,4,4,2,3,2,4,3,2,3,2,1
0.9231336,1.1189384,3,1,13,14,2,4,2,2,2,2,2,1,3,2,1
1.2510234,1.0573773,99,1,9,9,1,1,2,1,4,1,3,2,2,2,2
0.9735067,1.2015815,2,3,14,8,3,4,5,2,5,5,3,5,5,5,2
0.6709477,0.7036678,8,2,15,5,2,2,2,2,2,2,2,2,2,2,2
1.195665,0.9312362,6,1,5,8,4,4,3,4,1,3,2,4,2,3,2
0.9524577,1.1778519,5,3,14,14,2,1,2,1,3,1,4,2,3,2,1
1.1766145,1.3107783,8,1,8,11,1,2,2,1,3,1,2,2,2,2,2
1.0985308,0.8517398,4,1,5,8,3,3,2,2,3,3,3,2,2,2,2
0.7880473,0.9600475,99,3,14,4,4,4,2,4,4,4,3,4,4,3,3
1.0571619,0.9112545,9,1,9,11,1,1,4,1,4,2,1,3,3,3,1
0.6945479,0.7767594,8,1,8,11,1,1,4,1,4,2,1,1,2,1,1
1.3828862,1.7633381,10,1,3,15,1,1,4,1,4,4,4,1,4,1,3
0.9465501,1.18488,4,1,3,16,1,1,1,1,4,3,2,1,3,1,1
1.1342388,1.4125454,99,1,3,7,4,2,1,4,1,2,3,1,2,1,1
0.6190613,0.855863,7,1,7,9,2,4,4,1,1,1,1,1,2,4,1
1.2255336,0.9975879,99,1,5,8,2,3,3,2,3,2,3,2,2,3,2
1.1078651,0.9105452,6,1,5,8,3,4,2,2,2,1,1,1,2,2,2
0.760408,0.9924942,8,1,7,9,3,4,4,4,2,3,3,4,3,4,2
0.8659042,0.7357314,8,1,9,12,1,1,2,1,3,1,2,2,2,3,2
1.2300112,1.6067523,8,1,7,9,2,2,2,2,2,2,2,3,3,3,2
0.6969997,0.5611702,5,1,5,9,2,3,2,1,3,2,3,2,2,3,2
0.8993798,1.2163489,8,1,7,8,2,4,1,3,3,1,2,3,3,4,2
0.888798,1.0933326,99,1,12,14,5,5,2,5,2,2,2,2,2,2,1
1.1979022,1.5351723,0,1,3,4,3,4,3,2,2,4,3,3,3,2,1
0.7623119,0.7758432,7,2,15,1,4,4,2,3,3,3,4,4,4,3,3
0.9123816,1.1002365,5,1,12,8,2,2,2,2,3,2,3,2,2,2,2
1.0715605,1.2775953,99,1,13,8,1,4,5,1,4,2,5,2,2,2,2
1.004759,0.7906376,6,1,5,8,2,3,1,1,2,3,1,2,1,2,2
1.3828862,1.1934042,8,1,9,9,1,1,4,1,4,1,2,1,2,1,1
0.9469786,0.5432816,99,1,2,11,1,2,4,1,3,1,4,1,2,3,1
0.9949143,1.1351846,10,1,8,11,1,1,4,1,4,1,3,2,1,2,2
1.2980295,1.0363359,5,1,5,8,2,3,2,3,3,2,2,1,1,2,1
1.3297808,1.4609219,3,1,8,6,5,3,5,2,2,3,3,2,5,2,1
0.590729,0.5038239,9,1,9,12,1,1,2,1,3,1,2,1,3,2,1
1.3381693,1.1384873,5,1,9,12,1,1,4,1,4,4,1,1,4,1,1
0.7502024,0.9312035,7,3,14,9,3,2,2,2,3,2,3,3,3,2,3
1.2300112,1.4624022,8,3,14,9,2,3,2,1,3,1,2,1,1,3,1
1.179646,0.9732482,99,1,9,12,1,1,4,1,4,3,1,4,1,1,1
0.9075409,0.716214,5,1,5,7,4,4,3,4,1,4,4,2,4,2,4
1.1051377,1.4619056,5,1,7,9,2,2,2,2,2,3,2,3,2,2,2
0.7880473,0.8691577,6,1,8,8,3,4,3,3,2,4,2,1,3,2,2
0.798429,0.9911461,10,1,12,11,2,1,3,1,3,1,4,1,3,3,1
0.9949143,1.2816062,5,1,3,4,2,4,1,3,3,2,3,1,2,2,1
0.7465463,0.6320342,7,1,9,11,1,2,3,1,4,1,2,1,2,3,1
1.1055418,1.3370301,99,1,12,8,1,1,2,1,4,2,3,2,1,3,2
0.9131066,0.7672666,99,1,9,12,1,3,4,1,4,1,1,1,2,1,1
1.3156935,1.5745813,8,3,14,8,3,2,2,1,4,2,1,2,3,2,2
0.9929373,0.6729538,2,1,4,4,5,4,2,5,2,4,3,2,3,1,1
0.9625012,1.1929485,99,1,16,8,2,5,5,2,3,5,4,2,3,3,1
1.1514795,0.9035604,6,1,5,9,2,3,2,2,2,1,2,2,2,2,1
0.9393362,0.5285035,7,1,2,2,1,3,1,1,1,4,1,1,1,1,2
0.9829032,1.1941599,6,3,14,8,2,3,2,2,2,2,3,2,3,2,2
1.2300112,1.4624022,5,1,16,14,4,4,4,3,2,3,3,1,3,5,1
1.1125158,0.9432966,10,1,9,12,1,1,1,1,3,1,4,1,1,2,1
1.16631,0.9662557,10,1,9,11,1,2,4,2,4,2,1,2,4,2,1
0.6562741,0.8636342,1,1,3,4,2,4,1,2,2,4,2,1,3,1,1
1.2424871,0.8725488,3,1,4,6,3,3,3,3,2,3,3,1,3,2,1
1.2084416,1.0001012,7,1,9,8,2,2,2,1,2,2,4,1,1,2,2
0.6434513,0.5001372,9,1,5,8,1,2,2,1,4,2,2,3,2,2,2
0.6684597,0.9178447,5,1,7,9,1,1,4,1,4,1,1,4,2,3,2
0.9393362,0.5285035,9,1,2,2,1,2,2,2,1,3,1,2,3,3,2
1.0559248,0.8807256,7,1,9,12,3,2,3,2,3,3,2,2,3,4,3
1.2300112,0.9451162,7,1,5,8,1,4,1,1,3,1,2,2,2,3,2
1.2300112,1.6067523,8,1,7,11,2,3,2,1,3,1,2,3,2,2,2
1.2300112,0.9451162,7,1,5,8,1,2,3,2,3,1,2,3,1,3,3
0.9735067,0.8311877,8,1,9,8,2,1,5,1,4,2,1,3,1,3,2
1.1947453,0.9478841,7,1,5,8,2,1,2,1,2,2,1,2,1,2,2
0.7560084,1.0108805,8,1,7,9,1,1,4,1,4,2,2,2,3,4,3
1.0559248,1.3988683,6,1,7,4,4,4,4,4,2,1,3,3,2,1,3
1.1552062,1.4054166,6,1,13,14,3,3,3,4,3,3,4,4,3,3,3
1.1153722,0.9471724,99,1,9,12,2,2,3,3,4,3,2,1,3,1,2
0.810726,0.6564091,5,1,5,8,3,4,2,3,2,3,2,3,2,3,2
1.1198162,1.3832514,7,1,16,12,2,2,1,2,1,1,2,1,1,2,2
1.1156787,1.3829381,8,4,16,12,2,3,3,2,4,1,2,3,2,3,2
1.3303132,1.7588226,10,1,7,11,1,1,4,1,4,2,2,2,1,3,3
0.8421636,0.7105027,99,1,9,12,1,1,4,1,4,1,1,1,1,1,1
1.030246,1.2954698,7,1,3,4,2,2,3,2,1,1,1,2,3,1,2
0.9553828,1.1766386,99,1,12,15,1,1,1,3,4,1,2,1,1,3,1
0.7081205,0.5468587,5,1,5,8,1,2,2,1,3,1,1,2,1,3,2
0.8868207,0.6855338,2,1,5,6,2,2,1,3,2,2,3,2,3,2,2
1.2006755,1.5983235,99,1,7,9,2,2,1,2,2,2,1,1,1,2,1
0.5578067,0.4823043,99,1,9,12,2,1,3,1,3,4,3,2,3,1,3
0.7560084,0.9403978,0,1,3,2,4,4,1,4,4,2,4,1,4,1,1
1.2638996,1.0101787,99,1,5,8,3,1,2,1,1,2,1,1,2,2,2
0.9941753,0.7777742,7,1,5,8,3,2,2,2,2,2,2,2,2,3,2
0.9504011,0.7883343,99,1,9,12,4,1,1,4,2,2,1,1,2,1,1
0.7039038,0.5534973,9,1,5,8,1,2,3,1,4,1,2,3,2,3,3
1.0006708,0.8828651,6,1,9,12,1,2,3,1,3,1,3,2,3,3,2
1.115877,0.8833321,7,1,5,8,3,1,2,2,3,1,1,1,4,3,2
0.734898,0.9065512,2,1,13,14,4,4,1,4,1,3,1,4,2,2,2
1.2300112,0.9451162,7,1,5,8,3,2,2,2,2,2,2,3,2,4,3
1.0460829,0.8331253,6,1,5,4,3,4,3,2,3,2,3,2,2,4,4
1.179646,1.2737482,4,1,8,5,2,2,2,1,3,2,3,1,2,2,1
0.9075409,0.716214,5,1,5,8,3,2,2,3,2,2,2,2,2,2,2
1.2133306,0.9698153,3,1,5,8,3,4,2,5,2,4,2,2,3,2,1
1.2300112,0.9451162,5,1,5,8,2,2,2,2,3,1,2,2,2,4,2
1.030246,1.2954698,3,1,3,4,5,5,5,2,2,4,5,5,2,5,2
1.2810627,1.0345749,4,1,5,8,3,2,2,3,2,2,2,2,2,2,2
1.3806107,0.9312962,3,1,4,7,4,4,1,3,2,3,4,2,4,2,2
1.3433056,1.8200669,7,1,7,11,1,1,3,1,3,2,2,2,1,3,2
0.8279386,0.6574406,4,1,5,11,1,1,2,1,1,1,2,2,2,2,1
1.2713529,1.5554254,3,1,3,6,3,3,1,4,2,3,3,2,3,2,2
0.9393362,1.2368239,8,1,7,9,3,4,4,2,2,1,4,2,4,4,1
0.9008623,1.1422993,1,3,14,15,3,3,1,2,2,3,3,3,2,3,1
0.6502441,0.5199423,5,1,5,7,4,4,1,4,1,4,2,2,3,2,1
0.7955592,0.6729246,99,1,9,11,2,2,2,1,3,2,1,2,2,2,1
0.6986334,0.9077684,7,1,7,8,2,2,2,2,2,2,2,3,2,3,2
1.0150708,0.6645172,5,1,6,13,2,4,1,1,2,1,4,3,1,3,1
0.6819521,0.5306063,8,1,5,8,3,4,2,3,2,3,4,1,2,2,1
0.8110842,0.5564037,1,1,4,2,2,4,3,1,2,4,2,1,4,2,1
0.8050826,0.9726337,99,1,13,8,3,3,1,3,2,2,2,3,2,2,2
1.2006755,1.0063022,9,1,9,12,2,2,1,1,4,2,3,1,3,3,2
0.9244033,0.6165034,5,1,4,9,4,4,1,2,2,4,3,2,2,2,2
1.1284357,0.7758616,2,1,4,5,2,4,2,2,2,2,3,2,2,2,2
1.1248778,0.8959744,9,1,5,8,1,1,1,1,1,1,1,1,1,1,1
0.9056699,0.9851711,5,1,8,10,3,4,1,4,2,3,3,2,3,3,2
1.2101331,1.4653598,5,1,12,14,5,5,5,5,5,5,5,5,5,5,2
1.1766145,1.0015422,10,1,9,12,1,2,1,1,4,1,4,1,1,2,1
0.734898,0.5858828,5,1,5,8,2,4,3,2,2,2,2,3,1,4,2
0.760408,0.5031481,2,1,4,6,3,4,2,2,2,3,4,1,3,2,1
1.0438981,1.0261601,8,2,15,8,2,3,1,2,3,2,1,3,3,1,2
1.2510234,0.9878762,6,1,5,9,2,2,2,2,3,2,2,2,3,2,1
0.6969997,0.5611702,7,1,5,9,1,4,3,2,2,3,2,2,3,3,2
1.2382648,1.5411605,99,1,12,14,2,3,3,2,2,3,4,3,1,2,2
0.8137069,0.6786532,8,1,9,11,1,2,3,1,3,2,2,2,2,2,1
0.8483365,1.0434561,99,1,3,8,3,3,4,3,2,2,2,3,4,3,2
0.6135334,0.7583217,8,1,12,11,2,3,2,2,2,1,1,1,2,2,1
0.6240747,0.4948273,4,1,5,8,3,4,1,3,2,3,4,3,3,3,2
1.0758677,1.138364,5,1,8,14,1,1,2,1,4,3,3,2,2,2,1
0.7560084,0.636449,10,1,9,12,1,1,4,1,4,1,4,2,1,4,1
0.9593383,1.2044611,2,1,3,12,4,4,2,4,3,2,3,2,4,1,2
1.1698967,0.8085715,3,1,4,6,2,4,3,3,2,3,4,2,2,3,2
0.6429595,0.5241567,6,1,5,8,2,4,1,2,1,3,2,2,2,3,2
1.2121277,1.5454038,3,1,3,5,3,4,3,3,2,3,3,1,3,2,1
0.6826518,0.6996509,7,2,15,3,2,4,2,2,2,1,2,1,3,1,3
1.038891,1.2857847,6,3,14,11,2,3,2,2,3,2,3,2,2,2,2
0.7371869,0.5945398,3,1,5,8,2,2,2,2,3,2,3,2,2,3,2
1.1840696,1.3382744,5,1,8,10,3,2,4,2,3,2,4,1,2,2,1
0.7168553,0.7956149,8,1,8,11,1,3,4,1,4,1,4,2,1,2,3
0.9701428,0.8055411,99,1,9,12,3,3,3,3,3,3,3,3,3,3,3
0.7560084,0.7693609,8,2,15,9,3,2,1,3,2,1,3,1,1,1,2
1.0715605,0.8256798,3,1,5,8,3,4,2,5,2,3,3,2,3,3,2
0.760408,0.4806288,6,1,6,13,2,2,3,2,3,2,3,2,2,5,2
1.0077283,0.6977793,3,1,4,14,2,1,2,2,4,1,2,1,1,3,1
0.6224948,0.5057272,3,1,5,6,3,4,2,4,2,2,3,2,3,2,2
1.167661,0.9962045,10,1,9,12,1,1,1,1,2,1,1,1,1,3,1
1.0640558,0.900367,1,1,9,12,3,2,2,2,2,3,3,2,3,2,1
0.8841447,0.6819195,7,1,5,8,2,1,2,1,2,1,2,1,2,1,2
0.8782237,1.1433252,10,1,7,11,1,5,5,1,4,1,5,1,4,4,2
0.810726,0.6564091,5,1,5,8,2,4,3,1,3,2,3,4,3,4,2
1.0329683,0.8978537,8,1,9,12,1,2,1,1,4,2,2,2,2,2,1
0.7168553,0.8788142,4,1,12,14,2,3,3,2,5,2,5,3,2,3,1
1.0860872,1.4396757,9,1,7,11,2,1,4,3,3,2,2,2,2,2,2
0.9393362,0.7275187,7,1,5,8,1,4,4,4,4,4,2,1,4,1,1
0.9757,1.1606607,7,3,14,9,1,1,1,1,1,1,4,1,1,1,2
1.1156787,1.1859195,99,1,11,14,2,4,4,2,3,3,4,2,4,1,2
1.163331,1.4296657,99,3,14,15,3,3,2,2,2,3,3,2,2,2,1
0.6737861,0.5837105,99,1,9,12,2,2,4,2,4,2,3,1,2,2,1
0.9065661,0.7274154,8,1,5,8,2,2,1,3,2,2,2,2,2,2,2
1.2572799,1.3602413,9,1,11,6,1,1,4,1,4,1,1,1,1,2,1
1.1162925,1.4492905,99,1,7,9,2,4,1,4,4,4,2,1,1,1,2
1.1051377,0.8599153,5,1,5,8,2,4,5,2,2,2,1,1,3,1,1
0.908867,1.1012892,99,4,16,8,5,4,5,4,2,3,4,3,4,3,1
0.7560084,0.9403978,0,1,3,4,3,4,1,2,3,3,4,1,3,1,1
1.1010077,1.3233778,99,3,14,15,4,4,4,4,4,4,4,4,4,4,3
1.1326358,0.9068195,6,1,5,8,2,2,5,2,5,1,2,2,2,5,2
0.7077399,0.966433,10,1,7,9,3,3,3,2,2,2,1,4,2,4,1
1.0507699,1.2950896,3,1,12,14,3,3,3,3,3,4,4,4,3,4,2
0.8426958,0.8477808,6,2,15,8,5,3,2,3,2,3,2,2,2,3,2
1.2582617,0.8666064,1,1,4,2,4,4,1,3,2,3,4,2,2,1,1
0.6314574,0.7950933,6,1,12,9,3,4,4,3,3,3,2,3,3,3,2
1.1466622,0.902098,5,1,5,7,2,3,4,2,2,4,3,3,3,3,2
1.0150708,0.8639492,9,1,9,11,1,1,3,2,3,2,3,2,3,3,1
0.8628582,0.5853665,99,1,4,12,2,4,3,1,2,2,3,3,4,3,2
1.2482891,1.559832,99,1,3,9,2,2,3,2,3,2,2,2,2,2,1
1.3297808,1.3838009,8,1,11,11,1,4,2,1,3,1,3,1,2,4,1
1.1436303,1.3946244,99,1,3,4,4,4,4,3,2,1,4,4,4,4,2
1.2300112,0.7780916,5,1,6,9,2,3,3,2,2,2,2,3,2,2,2
1.4761204,1.6515359,9,1,8,11,1,1,4,1,4,1,2,2,2,3,1
1.2239702,1.4759642,8,1,12,8,4,4,1,1,2,2,3,2,3,2,2
1.2101331,0.8161955,3,1,4,4,2,2,1,1,3,3,4,1,2,1,1
1.0632255,1.3563106,1,1,3,4,3,4,3,3,2,3,4,1,3,2,1
0.734898,0.9960346,6,1,7,9,3,3,3,3,2,1,1,4,2,4,2
1.2006755,1.4547306,5,3,14,15,1,1,4,1,4,1,3,3,1,4,2
0.6476746,0.507628,5,1,5,7,3,4,3,2,2,1,3,2,3,3,2
0.743386,0.6244832,10,1,9,12,1,2,2,2,2,1,1,1,2,2,1
0.6072118,0.83346,6,1,7,7,3,4,2,2,2,3,2,3,3,3,1
1.039034,1.4020505,7,1,7,9,2,1,2,1,3,2,2,1,2,2,1
0.9625012,1.2193141,5,1,3,16,3,3,2,3,2,2,2,2,2,3,2
0.6853626,0.8708178,2,1,3,4,4,4,1,4,1,4,1,2,4,1,1
0.6224948,0.5057272,6,1,5,8,4,4,2,3,1,2,1,4,2,3,2
0.6969997,0.9540218,7,1,7,8,3,4,4,3,2,2,2,3,2,4,2
1.0838131,0.7167618,2,1,4,4,3,4,4,3,2,3,4,1,4,2,1
0.9815468,0.7839997,7,1,5,8,1,2,4,1,2,2,1,3,2,1,1
1.1010077,0.9154396,7,1,9,12,1,2,2,1,3,1,3,2,2,1,1
0.7064128,0.9853262,8,1,7,9,2,3,2,2,3,3,3,2,1,3,2
1.1202971,1.3744607,99,1,13,14,3,3,3,4,4,2,4,3,4,4,2
0.6102943,0.4912523,4,1,5,8,2,4,2,2,3,2,4,3,3,3,2
1.1967145,1.5133545,3,3,14,9,5,5,5,5,5,4,2,1,4,2,2
1.4961654,1.9095886,3,1,3,13,2,3,3,2,2,2,3,1,3,1,1
0.6685875,0.5751824,99,1,9,11,1,1,2,1,1,1,2,1,2,2,1
0.5993549,0.5115037,5,1,9,9,3,1,4,2,5,1,3,2,2,3,2
0.6684597,0.8538489,4,1,3,3,3,4,4,3,2,3,3,1,3,1,2
0.7673153,0.7874635,9,2,15,11,3,4,4,3,2,1,1,4,2,4,2
0.9908614,0.859417,99,1,9,12,1,5,5,1,4,5,5,1,4,1,1
1.1156787,1.5194445,6,1,7,11,2,3,3,2,2,1,2,1,3,2,1
0.9367037,0.9508935,99,2,15,2,4,3,1,2,2,2,1,4,3,3,3
1.1252928,1.1287049,99,2,15,8,4,2,5,4,1,2,3,2,4,1,3
1.1766145,0.9357111,4,1,5,8,2,4,3,1,2,3,2,3,2,3,2
0.9494297,0.9419248,7,2,15,8,2,1,2,2,1,1,1,1,1,2,3
1.1864125,1.0115627,2,1,9,11,1,1,3,1,4,1,3,2,2,1,1
0.9920435,1.2126788,99,3,14,14,3,4,2,3,2,3,3,2,3,2,1
1.1967145,1.5133545,99,3,14,14,1,2,2,2,3,2,1,1,2,1,1
1.3714513,1.3738917,5,2,15,13,3,2,2,4,5,2,2,3,3,1,2
1.2765564,1.0222719,7,1,5,8,4,4,2,1,1,1,4,4,2,4,2
1.0316151,0.9061384,99,1,9,11,1,1,1,1,4,2,3,2,1,3,2
0.8628582,0.6791978,2,1,5,14,5,3,2,3,2,2,3,2,5,5,1
1.0720278,0.8695222,5,1,5,7,3,4,1,4,2,3,4,2,3,3,2
0.9596431,0.6262486,99,1,4,14,1,1,2,1,4,1,4,1,1,1,2
1.416674,1.1996976,8,1,9,12,1,2,1,1,2,1,2,1,1,2,2
1.16631,0.9027439,3,1,5,8,2,2,2,1,2,2,2,3,2,3,1
0.9625012,0.8252158,3,1,9,12,3,3,2,2,3,3,2,2,2,3,2
0.8826927,0.8886943,8,2,15,8,3,3,2,2,2,2,2,2,2,2,2
1.2300112,1.6067523,6,1,7,8,2,3,5,2,3,5,3,3,2,3,2
1.1284357,1.1647875,7,2,15,11,1,2,2,2,1,2,3,2,2,4,2
0.6714159,0.5388582,7,1,5,16,3,3,2,3,3,3,3,2,2,2,2
1.0364065,1.0464561,3,2,15,9,3,4,1,2,2,2,4,2,3,2,1
1.1952567,1.6002669,8,1,7,5,1,3,1,1,1,1,2,1,2,1,1
0.7560084,0.8329589,8,1,8,12,3,3,3,3,3,2,3,3,3,3,2
0.9642836,1.2762537,5,1,7,8,2,4,3,2,3,2,3,3,2,3,2
1.0753486,0.8484477,7,1,5,8,3,2,2,2,2,2,3,2,2,2,2
0.8410038,0.7000782,9,1,9,12,2,2,2,2,3,2,3,2,3,3,2
0.907164,0.777165,10,1,9,12,1,1,4,1,4,1,2,2,3,4,2
0.8918411,0.7697177,6,1,9,11,4,4,1,1,4,1,4,3,1,4,1
0.9833168,0.6642867,2,1,4,3,3,3,3,3,2,2,2,2,3,2,2
0.7852752,0.7932491,3,2,15,4,2,1,3,4,1,2,3,3,4,2,2
0.7168553,0.8788142,99,1,12,14,4,2,4,3,4,2,3,1,4,3,1
0.6702074,0.5469356,7,1,5,8,3,3,4,4,3,4,4,4,4,3,2
1.0942926,0.7331822,4,1,4,15,4,4,4,4,3,2,3,4,2,3,2
0.8168047,0.6336917,4,1,5,8,2,1,5,3,3,2,2,3,2,3,2
0.9893295,0.8400711,2,1,9,12,4,4,3,4,4,1,3,3,3,3,2
0.6098275,0.7658094,5,1,13,15,1,3,3,3,3,3,3,3,3,3,2
1.0715605,0.8837698,6,1,9,8,1,4,2,1,1,2,1,1,3,2,1
1.0579348,1.404973,8,1,7,9,1,1,3,1,4,2,1,2,2,3,2
0.9346198,0.9225502,5,2,15,12,1,2,1,1,4,2,4,2,2,1,1
0.6858978,0.5780796,10,1,9,12,1,1,4,1,4,2,1,1,2,2,1
1.0715605,0.8837698,10,1,9,11,1,1,4,1,4,1,2,1,1,2,2
0.9797516,0.7590905,5,1,5,8,1,4,2,4,2,1,2,3,1,2,1
1.416674,0.9659973,4,1,4,5,3,4,2,2,2,2,3,2,3,2,2
1.2300112,0.8145483,4,1,4,7,3,3,2,3,2,3,3,2,3,2,2
1.2196647,1.320341,5,1,8,15,2,3,2,1,2,2,3,1,2,1,2
0.9798579,1.178447,4,1,12,14,2,4,2,3,3,2,3,3,3,2,2
0.9929373,1.0938081,6,1,8,11,1,2,4,2,4,2,4,2,2,4,1
1.0916191,0.9252312,99,1,9,11,1,1,4,1,4,1,1,1,2,1,1
1.195665,0.9312362,5,1,5,16,1,1,5,1,4,1,5,2,1,2,4
1.2618197,1.0479048,10,1,9,8,2,1,3,4,3,2,1,4,4,2,3
0.7852752,0.9486308,6,1,12,14,3,2,2,1,4,3,4,2,3,2,1
1.1979022,1.6502331,6,1,7,8,2,5,1,3,2,3,3,3,2,3,2
0.810726,1.0156784,99,3,14,15,5,4,2,3,2,4,5,2,3,5,2
0.6072118,0.4902539,7,1,5,4,2,1,2,2,3,1,2,2,2,2,2
1.2006755,1.317008,99,1,8,10,1,1,2,1,2,1,2,2,1,2,2
0.6803762,0.5582263,4,1,5,8,4,4,1,2,2,2,2,2,2,2,2
1.2708724,1.5059685,99,3,14,6,4,4,1,4,1,4,1,1,2,2,1
1.2084668,1.2139894,7,2,15,11,1,1,1,1,4,1,4,1,4,2,2
0.8061469,1.0214046,99,3,14,14,5,4,5,5,2,1,1,5,1,1,1
1.0688235,1.33652,99,1,3,8,1,2,5,2,3,1,3,1,1,2,2
0.6969997,0.5611702,7,1,5,8,2,4,2,2,2,2,2,3,1,4,2
0.9578196,0.8119889,7,1,9,12,2,2,2,2,2,2,2,2,2,2,2
1.0011536,1.1806295,9,3,14,11,1,1,4,1,4,1,2,2,1,3,1
0.6792567,0.9197509,10,1,7,11,3,3,3,3,3,1,3,3,3,3,1
1.0460829,0.8331253,99,1,5,8,2,2,2,2,3,1,3,1,1,2,1
0.6969997,0.8683128,7,3,14,8,1,5,1,1,4,2,2,3,2,3,2
0.8681432,1.121437,3,1,3,16,2,1,2,1,3,2,3,1,2,1,1
1.0594854,0.6155903,5,1,2,15,2,2,4,2,4,2,2,2,2,2,2
0.9618914,0.76779,99,1,5,9,2,3,2,2,3,2,2,2,2,2,1
0.6367278,0.6652099,9,2,15,4,3,1,2,1,1,3,3,4,2,4,3
1.1552331,0.9470511,9,1,9,12,2,2,2,2,2,1,2,2,2,2,1
0.6586189,0.8831333,9,1,7,11,2,2,2,3,2,1,1,2,2,3,1
1.1581417,0.9844019,7,1,9,8,1,1,1,1,4,1,3,1,2,1,1
1.2300112,0.9451162,2,1,5,8,3,4,2,2,2,5,4,1,3,1,1
0.8793629,0.6955304,4,1,5,7,4,4,1,4,3,4,2,2,4,2,2
0.6502441,0.5199423,5,1,5,7,2,4,2,2,2,1,4,1,1,3,2
0.6102943,0.5258139,7,1,9,12,3,1,2,3,2,3,3,1,3,1,1
1.2300112,0.9451162,7,1,5,8,4,4,4,4,2,4,2,4,2,4,2
0.7560084,0.5946153,7,1,5,8,2,2,2,3,3,2,2,3,2,3,2
1.4709278,1.8025472,5,3,14,7,3,4,4,2,3,4,4,3,3,3,2
0.9065661,0.7274154,4,1,5,6,2,3,2,1,3,1,1,2,2,3,1
1.0076993,0.8305528,99,1,9,12,2,2,3,2,3,3,4,3,2,1,2
0.6969997,0.8683128,5,1,12,9,2,5,3,2,3,5,2,3,2,3,2
1.3303132,1.6361903,6,1,3,8,2,5,2,5,2,2,2,2,2,2,2
0.7560084,0.8329589,99,1,8,8,1,3,2,2,4,4,4,2,4,1,1
0.9405957,1.1541975,0,1,3,12,1,1,4,1,4,2,3,1,4,2,1
1.1586964,0.9744379,5,1,9,12,5,2,2,5,5,4,3,2,5,2,1
1.0324112,0.9030369,10,1,9,11,1,1,2,1,4,1,3,1,4,1,1
1.2169999,0.9617196,5,1,5,11,1,1,4,1,4,4,1,2,1,4,1
1.1472081,0.8996187,2,1,5,3,3,4,1,3,2,3,4,1,3,2,1
1.1864125,1.4623352,2,4,16,4,3,3,2,3,2,3,5,2,3,2,2
1.2239702,1.4759642,5,1,12,6,2,1,3,3,2,3,4,1,2,1,2
0.930562,0.7942269,4,1,9,12,1,1,1,1,3,1,2,2,4,2,1
0.7130081,0.5970348,6,1,5,8,3,4,2,4,3,3,2,3,2,2,3
1.1437594,1.4581155,3,1,3,4,3,1,1,2,3,2,2,3,3,2,2
1.0153577,0.7865072,5,1,5,8,3,4,5,2,2,3,2,2,3,4,2
0.6849172,0.5444751,0,1,5,12,4,4,2,2,4,4,4,4,4,1,2
1.0638555,0.9285028,10,1,9,12,1,1,4,1,4,1,4,1,4,2,2
1.179646,0.9732482,10,1,9,11,1,1,2,4,3,3,3,2,2,3,2
1.1840696,1.4782208,6,1,12,14,3,4,4,4,4,4,4,4,4,4,2
1.107116,0.9389759,99,1,9,12,1,2,1,1,4,3,3,2,4,2,2
1.1437594,0.9868335,9,1,9,12,1,1,1,1,4,2,2,1,2,2,3
0.9686754,1.1661211,2,1,16,4,4,4,2,4,2,3,3,1,3,2,1
1.1552062,1.5441417,8,1,7,8,1,1,1,1,1,2,2,1,2,1,2
0.6684597,0.9178447,8,1,7,11,1,1,4,1,4,2,2,3,3,4,1
1.0715605,0.8256798,5,1,5,7,2,2,2,1,3,2,3,4,1,2,2
1.2717385,0.9796879,99,1,5,8,2,4,1,2,1,3,2,1,1,2,4
0.9231336,1.229386,8,1,7,9,2,2,3,4,3,2,2,3,2,3,2
1.1010077,1.3526261,4,1,3,4,3,2,3,3,1,3,3,1,2,1,2
1.030246,0.819128,5,1,5,8,4,3,1,4,2,1,3,2,2,3,2
1.0976857,1.3414793,6,3,14,14,2,3,3,2,2,3,2,3,3,3,2
0.734898,0.504943,1,1,4,2,4,3,2,2,2,3,2,2,2,3,1
0.7155111,0.8959945,3,3,14,7,3,4,3,2,2,3,3,1,2,2,1
1.1198162,0.8939629,10,1,5,8,1,2,1,3,1,4,2,2,2,1,1
0.8696885,1.0763896,0,1,3,8,4,4,1,4,1,4,4,3,2,3,2
1.0791447,0.8586587,4,1,5,8,2,4,2,2,3,3,2,1,2,2,2
0.9929373,0.8357592,6,1,9,12,1,2,4,2,2,2,2,2,2,3,1
0.6991007,0.8777134,1,3,14,15,2,3,2,2,2,2,2,1,3,1,1
0.753349,0.9292147,2,1,3,4,4,4,1,4,2,3,4,1,4,1,2
0.753349,1.5916681,3,1,10,14,4,4,1,3,1,3,2,1,3,2,2
0.677537,0.4765416,3,1,4,6,3,4,2,3,2,3,3,2,3,2,1
1.416674,1.9054959,8,1,7,9,2,3,2,3,2,2,2,4,2,4,3
0.6400542,0.7757172,6,3,14,9,1,5,3,2,4,5,2,2,3,4,2
1.1006738,1.1109184,8,2,15,8,1,2,1,2,2,1,2,2,2,1,2
0.9131979,0.7702646,9,1,9,9,2,2,4,1,2,2,2,3,5,4,1
0.9360319,1.2221158,7,1,7,9,3,4,3,4,3,1,1,3,3,3,1
1.0250423,0.8749751,10,1,9,12,1,1,4,1,4,1,2,2,2,3,1
0.8016779,0.5271428,9,1,1,1,2,2,1,1,1,1,5,2,1,2,2
1.2129997,0.9603775,7,1,5,8,2,2,2,2,2,2,2,3,3,2,2
1.3055398,1.1290569,5,1,9,12,2,3,3,2,3,4,2,3,4,4,3
1.1116961,1.1242176,99,2,15,16,1,1,2,2,1,1,1,3,1,3,1
1.2256845,0.9338771,8,1,5,8,1,1,1,1,2,1,2,2,3,3,2
1.1754963,1.5274405,8,1,7,9,1,2,4,1,2,1,3,2,2,2,2
0.6545066,0.5049762,5,1,5,8,3,1,3,3,3,2,3,3,2,4,2
1.2300112,1.0116091,99,1,9,12,1,1,4,1,3,1,2,3,2,3,2
1.2582617,1.005519,3,1,5,6,2,4,2,2,3,2,4,2,3,2,2
0.760408,0.9924942,99,1,7,9,2,4,4,1,2,1,1,4,3,4,2
1.195665,1.4727715,7,1,3,9,1,1,3,1,4,1,3,1,2,2,1
1.011786,1.2025104,5,3,14,14,1,2,4,2,3,2,3,2,2,3,2
0.8550184,1.0160528,8,1,16,16,5,4,2,5,5,1,2,2,3,4,2
1.2426358,1.5941796,2,1,3,3,4,4,3,3,2,4,4,2,3,1,1
0.9440513,1.1354836,3,3,14,15,1,1,2,1,3,2,4,4,4,3,1
1.267136,1.677929,7,1,7,8,2,3,1,1,2,1,2,2,1,4,2
1.1381067,1.293581,5,1,8,8,3,2,2,2,2,1,3,5,1,3,2
0.902358,0.62243,1,1,4,6,3,4,2,2,2,2,4,1,2,1,1
1.1262952,0.9099286,4,1,5,8,4,4,1,4,2,3,2,2,2,3,2
0.753349,0.9292147,4,1,3,5,2,2,2,1,2,3,1,3,3,3,3
1.1631668,0.92172,5,1,5,7,5,4,2,3,2,3,5,2,2,3,2
1.0460829,1.3176068,6,1,3,4,4,3,3,3,4,4,4,2,3,3,2
0.9440513,0.7338364,7,1,5,8,2,4,1,2,2,3,3,2,1,2,2
0.8978585,1.0730546,6,3,14,14,2,3,3,3,2,3,3,2,2,3,2
0.9971507,0.7024298,2,1,4,14,4,4,1,3,1,4,2,2,4,2,1
0.9894444,1.0808007,99,1,8,12,1,2,4,1,4,2,2,1,2,3,2
1.1581417,1.2883457,8,1,8,11,1,2,4,1,3,1,2,2,3,3,3
0.9231336,0.7231436,3,1,5,6,1,4,1,1,3,2,3,2,3,2,2
0.7339775,0.6164343,10,1,9,11,1,1,3,1,4,1,1,1,2,3,1
1.1581417,0.9844019,2,1,9,12,1,1,2,4,4,2,2,2,2,2,1
0.9755715,1.1876496,3,1,3,3,4,4,1,5,2,2,3,1,3,1,1
1.1514795,0.9035604,6,1,5,8,3,4,1,3,2,3,3,3,3,3,2
1.1012502,0.7323045,2,1,4,7,3,4,2,4,2,4,4,2,4,2,1
0.7105,0.6314393,99,1,9,16,2,2,3,2,3,2,3,3,2,3,2
1.0150708,1.2489423,99,3,14,15,1,3,4,2,2,2,4,1,2,1,1
1.1514795,0.9035604,6,1,5,9,3,4,5,2,2,1,2,3,3,3,2
1.1581417,0.9196974,5,1,5,8,1,1,1,1,4,1,2,3,1,4,2
0.9982073,0.7789705,6,1,5,9,3,1,1,4,2,3,4,3,1,2,1
1.0076993,1.0040001,5,2,15,14,2,2,2,2,2,2,2,2,2,2,1
1.195665,0.9312362,3,1,5,7,3,4,2,3,2,3,3,2,3,2,2
1.0916191,1.3375328,99,3,14,14,2,1,3,1,3,2,2,2,4,2,2
1.1051377,1.4619056,8,1,7,9,2,4,3,1,2,2,3,2,3,3,2
1.3812597,1.3912752,99,2,15,12,1,3,3,2,3,1,1,1,1,1,2
1.3722712,1.7258337,3,1,3,3,1,1,2,1,4,2,3,1,3,1,2
0.5673906,0.7195334,5,1,3,8,1,1,1,2,3,2,3,1,3,2,2
1.0655063,0.8816352,5,1,9,11,2,3,3,1,3,2,1,2,1,1,1
1.179646,0.9732482,6,1,9,12,1,2,2,2,3,2,4,2,2,2,2
0.7577332,0.5768577,6,1,5,8,1,2,1,1,4,1,2,3,2,3,2
1.0400652,1.1465948,3,1,8,11,2,3,3,1,2,1,1,1,3,3,2
0.6609027,0.9112502,8,1,7,9,1,4,4,1,4,1,2,4,2,4,2
1.1198162,1.4138229,1,1,3,4,4,4,1,3,1,3,4,1,4,1,1
1.1396706,0.9605697,99,1,9,12,1,1,5,1,4,1,4,1,3,1,1
0.9874389,0.8333938,5,1,9,12,1,1,2,2,3,3,2,2,1,2,1
1.276228,0.9914785,4,1,5,9,1,2,2,1,3,2,2,1,3,1,1
1.1514795,0.7787333,2,1,4,6,4,4,1,4,2,4,4,2,4,3,1
0.7396407,0.5732312,5,1,5,5,1,2,2,1,3,3,3,3,3,2,3
1.0916191,1.4695572,5,1,7,9,2,5,2,1,4,2,2,2,2,3,1
1.0916191,0.864416,3,1,5,7,4,4,2,4,2,4,5,2,5,5,2
0.7531205,0.4855926,6,1,6,5,2,3,3,1,2,1,1,3,2,2,2
0.8046558,0.6332431,5,1,5,7,4,4,2,3,1,3,4,2,3,3,1
1.1442046,1.2003598,7,1,11,14,3,2,2,3,2,2,2,3,1,2,1
0.6661498,0.5232318,6,1,5,8,1,1,4,2,1,1,2,2,4,1,1
1.2990288,0.8774791,2,1,4,3,3,4,2,3,2,3,3,2,3,2,1
0.9515174,1.2868632,7,1,7,9,1,4,2,1,3,2,1,4,3,4,2
1.0799754,1.4341313,8,1,7,9,1,5,4,1,3,1,1,1,2,3,2
1.096802,1.3417393,4,1,3,4,2,3,1,1,3,2,4,2,1,4,3
0.7422517,0.58013,6,1,5,8,3,4,2,3,2,3,3,3,3,4,2
0.6935118,0.8870039,9,1,7,9,5,2,3,2,5,2,2,3,5,4,2
0.6829517,0.9249536,7,1,7,8,2,1,3,5,3,1,2,2,3,2,2
1.3004249,1.6040331,2,1,3,4,2,1,2,1,3,3,2,1,3,1,1
1.195665,0.9312362,8,1,5,9,1,5,2,1,4,1,2,3,1,4,2
1.2771165,1.5199438,10,4,16,11,1,2,2,1,4,1,1,2,1,4,1
0.8949893,1.1261109,4,1,12,11,1,2,4,1,4,1,3,2,2,3,1
1.1436303,0.7599995,99,1,4,2,3,4,4,4,2,2,4,1,3,3,1
1.040226,1.2393703,3,1,3,7,3,3,1,3,2,4,4,2,3,3,1
1.0522103,1.2580539,3,1,12,14,4,4,4,4,1,2,3,1,4,1,1
1.1039679,1.3921551,99,3,14,11,1,2,4,1,4,1,2,3,1,4,3
0.5927746,1.3400828,6,1,10,13,1,3,4,2,3,2,4,2,2,4,1
1.0981556,1.2060443,99,1,8,12,2,4,1,1,2,3,4,1,3,2,1
1.2683725,1.0076721,2,1,5,7,3,4,1,4,1,2,3,2,2,2,2
1.2300112,0.9451162,4,1,5,8,4,4,3,3,1,4,2,3,3,3,2
1.2300112,0.9451162,4,1,5,7,3,4,2,2,2,3,3,3,4,4,2
1.2300112,1.6067523,8,1,7,9,1,1,4,1,4,1,1,4,1,4,2
0.7880473,0.9600475,99,3,14,12,1,3,4,1,3,1,4,3,2,4,1
1.1979022,1.5351723,3,1,3,8,3,4,2,3,2,2,3,1,3,2,1
0.9591154,0.8154024,99,1,9,12,1,1,2,1,3,2,3,2,3,2,2
1.0749806,0.7270011,4,1,4,12,3,3,1,3,2,2,4,2,4,3,1
1.0579348,0.8264266,3,1,5,8,3,3,2,1,2,3,3,2,1,4,1
1.0539447,0.8389217,99,1,5,8,2,2,3,2,3,2,3,5,2,3,1
1.0539447,0.6906642,99,1,6,15,3,4,5,3,2,5,5,1,5,5,1
1.16631,1.5347168,7,1,7,9,2,4,3,2,2,2,2,3,2,3,2
0.8487504,0.9928114,99,4,16,16,5,5,4,5,5,5,5,5,5,5,4
0.8110842,0.6910125,5,1,9,12,1,1,2,1,4,1,3,1,2,1,1
1.0291625,0.8611479,99,1,9,11,1,1,4,2,2,2,2,1,1,2,1
1.2300112,0.9451162,7,1,5,9,2,3,3,2,5,2,2,5,3,3,2
1.1754963,1.5274405,8,1,7,8,1,2,3,2,3,1,3,2,2,3,2
1.1051377,0.9204138,9,1,9,11,1,1,2,1,4,1,2,3,1,2,2
1.1010077,0.9154396,10,1,9,11,1,1,1,1,4,1,3,1,1,4,2
0.8813239,0.6806152,8,1,5,8,2,1,2,3,3,1,1,3,3,4,2
1.3381693,1.1384873,6,1,9,12,2,2,1,1,4,2,3,3,2,3,2
0.7544572,0.948647,1,1,3,4,1,2,1,1,3,3,3,1,3,2,2
0.8914181,1.1076685,99,1,12,14,1,1,1,1,4,1,4,1,1,1,1
1.195665,1.4727715,2,1,3,4,3,3,2,3,2,3,3,2,5,2,1
1.2614174,1.6799693,8,1,7,9,1,3,2,1,3,1,1,2,2,1,2
0.7077399,0.5684707,7,1,5,8,3,3,2,2,2,3,2,4,2,4,2
1.2426358,1.5597082,99,1,12,14,4,3,4,3,1,2,3,2,2,2,1
0.6500968,0.8008263,2,1,3,4,4,4,2,4,2,3,4,2,2,4,2
0.8598398,0.7002808,7,1,5,8,3,3,2,2,2,3,2,2,2,2,2
1.195665,0.9967525,7,1,9,11,2,4,3,2,3,1,1,2,2,3,1
0.6969997,0.6006508,9,1,9,12,2,3,2,1,4,1,3,2,3,3,1
1.1603514,0.889548,8,1,5,8,2,2,1,2,2,1,1,1,2,2,1
0.7928738,0.6068109,3,1,5,8,4,4,1,3,2,3,3,3,3,3,2
1.1055418,1.3370301,99,3,14,15,2,5,3,1,4,5,5,1,2,2,1
1.3586653,1.0783387,99,1,5,8,3,1,3,3,2,2,2,2,3,3,1
0.6684597,0.9178447,6,1,7,9,1,4,4,1,3,2,4,2,4,4,1
1.3262244,1.0715594,5,1,5,8,2,3,2,2,2,2,3,2,3,2,1
0.8598398,1.1075101,99,1,3,15,2,2,2,2,2,2,2,2,2,2,1
0.8433024,0.656599,6,1,5,8,3,4,1,2,1,4,3,2,2,3,2
1.0935065,0.9008885,10,1,9,12,1,1,4,1,1,1,1,1,2,1,1
1.0916191,0.864416,7,1,5,9,2,1,2,1,3,1,2,1,3,2,1
0.952022,0.8042544,99,1,9,12,2,2,1,2,2,2,3,1,5,4,2
0.9857511,1.1897583,99,3,14,8,2,2,1,2,3,2,2,2,4,1,2
0.9625012,0.7709746,4,1,5,8,2,4,1,1,2,2,1,1,3,3,1
0.9396567,0.7312256,6,1,5,8,2,1,1,2,2,1,4,3,2,4,2
1.0329683,0.838838,7,1,5,8,1,3,3,1,4,2,2,2,2,3,2
1.1724757,0.7968524,2,1,4,6,4,4,1,4,1,4,4,4,4,1,1
0.8110842,0.6455925,8,1,5,8,3,4,2,3,2,1,1,2,2,3,2
0.9469786,1.1827605,3,1,3,4,3,3,1,2,2,2,3,2,2,2,2
0.6969997,0.4076602,1,1,2,4,2,4,1,1,2,2,4,1,3,1,1
1.2944592,1.4092795,7,1,8,8,1,3,2,1,4,1,3,3,2,4,2
1.1284357,0.7758616,5,1,4,8,4,4,2,2,1,4,2,4,1,2,2
0.9346198,0.9225502,2,2,15,4,4,4,2,4,1,4,4,1,4,2,1
0.8666292,1.040591,99,3,14,12,2,1,3,2,3,2,3,2,3,2,2
0.8586925,0.8437954,99,2,15,12,1,1,3,4,1,2,3,2,1,3,2
0.8845756,1.0841095,5,1,12,14,1,1,4,1,4,1,4,1,1,1,2
1.0147488,1.0110899,10,2,15,11,1,1,2,1,2,1,1,3,2,3,2
0.9544503,1.1598684,99,3,14,15,2,2,2,5,5,3,3,2,2,2,2
0.9863536,0.9684985,3,2,15,14,3,2,1,4,2,2,1,3,2,2,1
0.9863536,0.9684985,99,2,15,14,3,3,2,3,2,2,4,2,2,3,2
0.929354,1.1344877,3,3,14,4,4,4,3,4,1,2,4,3,2,3,3
1.2717385,1.2675986,8,2,15,4,2,2,2,2,2,2,2,2,2,2,2
0.8750266,0.6117918,3,1,4,11,5,3,2,5,2,3,2,2,3,2,2
1.4116906,1.7136827,99,1,12,14,3,3,2,3,2,2,3,2,3,1,2
1.276228,0.9914785,5,1,5,4,2,3,2,1,2,2,3,3,3,3,2
1.0115001,0.7975634,7,1,5,14,1,4,1,3,1,1,1,1,4,1,1
0.935748,1.141327,1,1,3,4,4,2,1,4,1,4,3,4,1,1,3
0.881519,1.0506591,99,3,14,15,3,3,2,3,2,2,3,2,2,3,1
0.8759727,1.0662956,99,1,12,14,1,2,1,1,2,2,2,1,1,3,3
1.3846309,1.1594056,10,1,9,12,1,2,1,1,3,2,3,2,1,3,1
0.7880473,0.6204562,5,1,5,8,2,4,1,4,2,3,3,3,2,4,2
1.2394936,0.7181125,99,1,2,9,4,4,5,5,2,2,2,2,1,2,1
1.3430974,0.9095767,3,1,4,5,4,4,1,3,2,4,3,2,4,3,1
1.4946864,1.8062909,99,1,12,8,2,4,2,1,4,2,4,1,4,2,1
1.0115001,1.23409,5,4,16,16,3,2,3,3,3,5,3,3,3,3,4
0.9188768,1.1205486,99,1,3,4,2,1,1,4,2,4,3,1,3,1,1
0.7114319,0.8686386,10,1,12,14,1,2,1,2,1,2,1,2,2,1,2
1.0320708,1.2494105,99,1,12,14,2,2,2,2,2,2,3,2,2,2,2
1.040226,1.0139571,5,2,15,12,1,1,2,4,4,2,4,2,2,1,1
0.9591154,0.7618062,5,1,5,8,3,2,2,3,2,2,3,2,3,2,2
1.040226,1.0139571,99,2,15,8,2,2,1,1,1,2,2,1,2,1,4
0.8497291,0.8482265,2,2,15,7,3,3,3,4,1,3,4,2,3,2,2
0.9791443,1.20059,6,1,3,11,4,3,2,4,4,1,3,2,2,3,3
0.753349,0.909122,5,1,12,14,4,4,1,4,1,5,4,2,5,2,4
0.9794456,0.9866868,99,2,15,5,3,3,3,3,4,2,3,1,2,1,2
1.2254603,1.2398906,99,2,15,8,4,4,1,2,3,3,2,3,1,1,3
0.9023523,0.9188429,4,2,15,12,5,5,5,3,5,5,2,2,1,2,3
1.0971347,0.9045534,6,1,9,9,1,2,2,2,2,3,3,2,3,5,2
1.067874,1.0917425,9,2,15,12,1,1,4,1,4,1,3,2,2,2,2
1.2980295,1.0363359,6,1,5,8,3,3,2,3,2,2,3,2,2,3,2
1.0567404,1.2982252,99,3,14,15,1,1,4,1,4,1,2,1,3,2,1
0.9631664,0.7516323,7,1,5,8,1,1,2,1,2,2,3,1,1,1,1
0.9498323,0.7730547,3,1,5,4,3,4,4,3,2,3,4,2,3,2,2
0.9360319,0.9301279,7,2,15,8,2,2,1,3,1,1,2,1,2,2,3
1.0891987,0.9073188,7,1,9,12,1,1,1,3,4,2,2,1,1,1,1
1.0853885,0.7532514,99,1,4,14,2,3,3,2,3,2,2,2,2,3,2
1.0715605,1.4037035,7,1,7,9,2,5,5,2,3,3,2,3,2,4,2
1.1156787,1.4135027,5,1,3,8,3,3,5,3,2,3,4,2,4,3,1
1.3303132,1.3386047,99,2,15,12,3,2,5,3,2,2,3,2,3,5,1
1.2993177,0.8864509,3,1,4,5,2,4,3,1,3,2,3,1,3,3,1
0.6102943,0.8351573,8,1,7,9,3,1,2,2,2,2,2,3,2,3,1
1.2300112,1.4624022,99,1,12,14,2,3,3,3,4,3,2,3,2,3,2
0.6941181,0.8360097,5,4,16,4,1,1,1,1,1,1,1,1,1,1,4
1.0013149,1.2639648,2,1,3,8,4,4,2,3,2,3,2,2,3,2,2
0.8261443,1.0851088,9,1,7,9,1,1,4,1,4,1,4,1,2,5,1
1.0576952,1.1274555,8,1,8,11,5,2,3,1,4,1,1,1,2,3,2
1.2789547,1.5514569,7,1,13,15,3,2,2,2,2,2,2,3,2,2,2
1.004759,0.8462622,9,1,9,11,1,2,4,1,4,1,1,3,2,3,2
1.0579348,0.8264266,5,1,5,8,2,4,2,3,2,2,3,2,2,3,1
0.9393362,0.941322,8,2,15,4,1,1,1,1,2,2,1,1,1,2,2
1.179646,0.9092768,5,1,5,8,5,4,5,3,2,2,3,3,2,3,2
0.9075409,1.1327089,99,1,3,8,5,4,5,3,2,2,3,3,5,5,2
0.7560084,0.7693609,6,2,15,4,1,1,1,1,1,1,1,1,1,1,2
0.8018067,0.9938803,99,3,14,11,4,2,2,1,3,3,4,2,1,3,1
1.2990288,1.0897646,10,1,9,11,1,2,4,1,4,1,2,2,1,4,2
1.3433056,1.1459117,8,1,9,12,1,1,4,1,4,2,3,3,2,3,2
1.0576952,1.27288,3,1,3,6,3,4,2,3,1,2,3,4,3,2,1
0.9791443,1.1746293,5,1,12,14,3,4,2,3,2,3,5,2,3,2,2
1.1437594,1.4265863,3,3,14,7,1,4,3,1,1,2,1,2,3,2,2
1.0292856,0.8696116,6,1,9,12,1,1,2,2,2,1,1,1,3,1,2
0.5927746,0.8409756,6,1,7,9,2,2,3,2,2,2,2,2,2,2,2
0.6969997,0.5611702,9,1,5,8,1,1,1,1,4,1,2,3,1,3,2
0.7988735,0.5279768,5,1,6,8,2,3,2,1,3,1,2,2,2,3,2
0.6961597,0.5797234,8,1,9,11,1,1,2,1,4,1,1,2,1,2,2
0.7168553,0.9655598,8,1,7,11,1,5,3,1,4,1,2,2,3,3,2
0.7928738,0.6068109,7,1,5,8,2,2,2,1,2,2,4,2,3,4,2
1.0677911,0.8732601,5,1,9,12,1,1,1,1,3,1,2,1,1,2,1
1.1010077,0.9154396,9,1,9,10,1,1,2,2,1,1,1,2,1,1,1
1.3807483,1.4101528,10,2,15,11,1,2,4,1,4,2,2,1,4,2,1
1.267136,1.677929,7,1,7,8,3,4,1,2,5,2,1,3,2,4,2
1.195665,0.9967525,6,1,9,8,1,5,3,2,3,1,2,1,1,3,2
0.6849172,0.9256391,8,1,7,8,2,2,2,2,3,2,2,3,1,3,2
1.2717385,1.048613,9,1,9,11,1,2,2,1,4,1,1,4,2,4,2
1.2254603,1.2398906,8,2,15,4,1,2,1,1,1,2,1,2,2,2,1
1.1010077,1.3233778,99,1,12,14,1,3,4,1,3,1,1,1,3,2,1
0.9103664,0.7865182,9,1,9,11,1,4,4,1,4,1,3,4,2,1,1
1.2405912,1.5116093,5,3,14,11,1,1,4,1,4,1,2,1,3,3,1
0.7618191,0.6610397,99,1,9,9,1,2,1,1,4,1,2,1,1,2,2
1.2129997,0.8277012,4,1,4,6,2,4,1,3,2,3,2,3,3,3,2
0.8762195,0.7439931,8,1,9,12,1,1,1,2,3,2,3,2,1,3,2
1.1010077,1.3233778,9,3,14,12,1,1,4,1,4,1,3,1,2,2,2
1.2272042,1.3683841,5,1,8,12,1,1,2,1,4,1,4,1,2,1,2
1.1514795,0.9035604,5,1,5,5,4,4,5,5,1,5,2,5,5,5,4
1.16631,0.9027439,5,1,5,8,4,4,1,3,1,4,4,4,4,4,2
1.0715605,1.4037035,5,1,7,16,2,3,5,2,5,2,2,2,2,2,2
0.76858,0.8125203,7,2,15,10,1,1,5,2,4,1,1,1,1,3,2
1.0442302,0.916024,99,1,9,12,1,1,2,1,4,3,3,1,4,1,1
0.6175603,0.6968123,6,1,8,11,2,2,4,1,2,2,3,4,1,3,2
0.5850072,0.7817621,9,1,7,9,1,1,4,1,3,2,1,2,2,4,2
1.1156787,1.3829381,5,1,12,14,2,3,5,2,2,2,4,3,2,2,1
1.4484051,1.7699462,99,3,14,14,3,3,1,3,4,3,2,4,1,3,2
0.6969997,0.5611702,5,1,5,8,4,4,1,4,1,3,1,2,2,1,2
1.2405912,0.9769176,4,1,5,6,3,3,1,3,2,2,4,2,2,2,1
1.0621049,0.8407211,99,1,5,8,3,3,2,3,2,2,2,2,2,2,2
1.3450159,1.3342723,99,2,15,10,4,4,4,4,4,4,4,4,3,4,2
1.1010077,0.855268,4,1,5,8,1,4,1,2,3,4,3,2,4,1,2
0.8880438,0.9002063,2,2,15,4,1,2,4,2,3,2,2,3,2,3,3
1.3331555,0.9017055,2,1,4,6,4,4,4,4,2,2,2,1,2,2,2
0.9625012,1.1929485,5,1,12,14,1,4,4,1,4,1,4,1,1,3,1
0.866153,0.7143043,99,1,9,12,2,1,2,3,3,2,3,3,3,3,3
1.16631,0.9662557,8,1,9,11,1,3,2,1,4,2,1,3,3,4,3
1.3861357,1.164775,10,1,9,12,1,1,4,1,4,1,2,1,1,2,1
1.0976857,1.3711275,99,1,3,12,4,4,1,4,1,1,1,1,1,4,1
0.7582873,0.4366328,2,1,2,11,4,4,2,2,2,2,3,1,3,1,2
1.0866926,0.9263563,7,1,9,11,2,1,2,3,2,2,1,1,2,3,4
0.9594646,0.7423916,99,1,5,12,3,3,3,3,3,3,3,3,3,3,2
0.9103664,0.9507696,8,2,15,9,3,3,2,2,2,1,3,1,2,3,1
1.0579348,1.1576885,5,1,8,10,1,5,4,1,4,1,2,1,1,1,1
0.590729,0.7283378,99,3,14,14,4,5,1,4,4,1,3,1,3,1,1
0.8813396,0.6995333,6,1,5,8,2,2,2,1,3,2,3,2,2,3,2
0.9792045,0.8492545,6,1,9,8,2,2,2,3,2,3,3,3,2,3,2
1.416674,0.9659973,6,1,4,7,2,3,2,1,2,2,3,2,2,2,2
0.6684597,0.8353859,5,3,14,14,2,3,2,2,2,1,4,2,2,3,1
1.0640558,1.4300649,7,1,7,14,3,1,4,1,2,1,4,1,2,2,1
1.1051377,1.3305686,10,3,14,11,1,5,5,1,3,2,5,2,2,1,4
0.7361093,1.0277282,9,1,7,11,1,2,4,1,4,1,1,4,1,4,3
1.1326358,0.970618,10,1,9,12,1,1,2,1,4,1,4,1,1,1,1
1.1006738,0.8585946,10,1,5,8,1,1,1,1,1,1,1,5,1,1,1
1.1051377,1.4619056,8,1,7,9,1,3,2,1,3,1,2,4,1,3,2
0.7168553,0.8788142,5,3,14,14,2,3,3,2,3,2,2,3,2,3,2
1.3156935,1.6093814,2,1,3,4,2,4,1,2,3,2,4,4,4,1,3
0.7511808,0.5917448,4,1,5,4,4,4,1,4,1,4,4,1,3,1,1
1.0522103,1.2858583,5,1,3,4,2,3,1,3,2,2,3,2,2,2,2
1.2810627,0.8916482,99,1,4,8,1,3,2,1,4,3,2,1,2,1,2
0.7852752,0.7932491,7,2,15,8,2,5,2,3,1,2,1,2,2,3,2
0.677537,0.5918297,10,1,9,11,1,1,2,1,4,1,2,2,1,2,1
1.2121277,1.045909,8,1,9,11,1,3,3,1,4,2,2,1,2,3,1
0.6969997,0.9540218,9,1,7,9,1,1,4,1,4,1,1,2,1,4,3
1.1436223,0.991152,99,1,9,11,1,1,1,2,3,2,3,2,1,5,2
1.0507699,1.4229246,7,1,7,9,2,3,3,3,3,1,1,3,2,3,2
0.7777541,0.7959999,6,2,15,9,4,2,2,1,4,3,2,2,3,2,2
0.9393362,0.6270119,9,1,4,2,2,2,3,2,3,2,3,1,1,1,2
0.7560084,0.9200633,0,3,14,15,1,1,1,1,1,1,1,1,1,1,1
1.2337213,1.0744512,99,1,9,12,2,5,2,1,4,1,2,2,2,2,3
0.785443,0.6735331,9,1,9,12,2,1,2,1,3,2,2,2,2,3,4
0.7379776,0.7848487,7,1,11,7,1,2,5,2,3,2,2,3,3,3,1
0.6704332,0.5255217,4,1,5,8,3,4,1,3,2,3,2,3,3,2,2
1.2300112,1.4624022,99,3,14,16,5,5,5,5,5,5,3,5,2,2,4
1.0291625,0.8045448,6,1,5,9,1,1,3,1,3,1,1,3,1,3,1
0.8426958,1.0362513,9,1,3,4,2,2,2,2,2,1,2,2,1,2,1
1.4961654,1.9095886,0,1,3,5,4,3,1,3,2,2,2,1,3,2,1
0.9771301,0.7822396,6,1,5,8,2,2,2,3,3,2,2,3,1,3,1
0.9630307,0.787115,10,1,9,11,1,1,3,1,4,2,3,2,1,3,2
1.019251,1.3863782,6,1,7,9,3,4,4,3,2,2,2,2,2,5,2
1.2133306,1.5337851,4,1,3,9,2,2,2,2,2,2,4,1,2,1,1
1.1316302,1.3768421,5,3,14,8,3,2,2,3,2,2,2,2,2,1,1
0.8758051,1.0949615,2,1,3,15,1,4,3,1,3,1,4,2,1,2,2
0.8844591,0.7693133,99,1,9,15,5,5,2,5,5,5,5,5,2,5,1
0.6819521,0.5306063,99,1,5,14,2,4,2,1,2,2,3,2,3,3,2
0.8730641,1.0920974,5,1,12,8,4,3,2,2,3,2,3,1,3,3,2
0.7560084,0.9403978,5,1,3,7,3,4,3,4,2,3,4,5,3,4,2
0.7560084,1.0108805,7,1,7,8,2,2,3,2,2,2,2,2,3,3,2
1.0640558,1.3015884,3,1,12,14,4,4,2,4,1,3,4,2,3,1,1
1.2300112,1.6067523,8,1,7,9,2,4,4,2,2,2,2,4,2,4,1
0.9393362,0.7275187,6,1,5,8,1,4,5,1,4,5,2,1,3,2,2
0.5969554,0.8254732,8,1,7,11,1,1,4,1,4,1,2,3,2,3,2
1.0076758,1.0569423,3,1,11,15,3,1,4,3,2,4,4,1,4,2,1
0.9578196,0.8119889,7,1,9,9,1,1,3,1,4,1,2,3,1,3,1
0.8263154,0.5639923,3,1,4,7,3,4,1,4,2,4,4,1,2,2,2
0.8064184,0.981414,3,3,14,12,1,2,2,2,3,1,1,1,2,1,1
1.2300112,1.0116091,7,1,9,11,5,5,4,1,4,1,2,2,2,5,1
1.0329683,1.2979553,99,3,14,14,2,2,2,3,2,3,3,2,3,2,3
1.1051377,1.4619056,9,1,7,9,1,2,4,1,4,1,1,3,2,4,1
0.7209231,0.6173462,9,1,9,8,1,2,2,1,4,1,2,2,2,2,2
0.6400542,0.5365983,10,1,9,11,1,1,4,1,4,1,1,1,2,1,1
1.16631,1.1978395,99,1,11,10,4,1,4,4,1,2,4,1,2,1,1
1.2510234,0.9878762,5,1,5,8,2,4,4,2,3,1,4,1,3,3,2
0.8434073,1.0299184,99,1,12,10,1,4,4,2,4,4,4,2,4,2,2
1.1245364,1.3798021,3,1,3,4,1,3,2,1,2,2,2,2,2,2,2
0.9982073,0.7789705,10,1,5,8,2,1,4,1,2,1,4,2,2,1,1
0.837363,0.6536922,8,1,5,8,4,4,1,4,1,2,1,4,2,4,3
0.9396567,1.1314439,6,3,14,14,2,3,1,3,3,1,4,2,3,1,2
0.7544572,0.9281341,4,3,14,12,2,3,4,2,3,2,2,3,3,2,2
0.935748,0.7724352,3,1,9,11,1,1,3,1,4,1,4,1,4,4,1
0.9008623,1.1422993,99,1,12,14,2,4,2,2,2,2,3,3,3,3,2
0.6709477,0.4687111,4,1,4,7,3,3,1,3,2,2,3,2,3,2,2
1.197431,1.5077281,0,1,3,7,3,4,2,3,2,4,4,1,4,1,1
1.0153577,1.2438793,1,1,3,3,4,4,2,2,2,4,4,1,4,2,1
0.9906781,1.1891581,5,1,12,14,2,3,2,4,2,2,3,3,3,2,2
0.9794785,1.1806144,99,1,12,16,2,2,2,4,2,5,2,1,2,2,4
0.7939541,0.7906818,4,2,15,8,4,4,1,4,1,4,5,3,3,3,2
1.2510234,1.5623488,3,1,3,9,1,1,3,1,4,1,2,1,1,1,1
1.4909024,1.2770157,8,1,9,12,1,1,1,1,4,1,3,2,3,1,1
0.9792045,0.8492545,8,1,9,11,1,1,3,1,4,1,2,4,3,2,2
0.9594646,0.7946219,99,1,9,12,1,4,1,1,4,4,1,1,4,1,2
0.64781,0.791303,4,1,3,4,4,1,1,4,1,4,3,3,4,3,1
1.1476673,1.3808893,5,1,12,4,4,3,4,4,2,1,4,1,4,3,1
0.7353816,0.584462,7,1,5,8,2,1,1,2,1,1,1,2,2,1,2
0.7491669,0.5727132,4,1,5,7,2,3,2,1,2,4,2,3,3,2,1
0.6203051,0.5348701,5,1,9,12,1,3,1,1,3,3,2,2,2,1,2
1.1051377,0.8599153,7,1,5,8,3,2,2,2,2,2,4,3,1,4,2
0.9905101,1.2059505,1,1,3,4,3,4,3,2,2,2,3,2,3,2,2
0.9436474,0.7389682,5,1,5,4,1,5,5,3,1,3,3,2,3,3,2
1.0068773,1.0494523,7,1,11,7,2,1,2,3,3,3,2,3,2,3,1
0.9771301,0.7822396,99,1,5,8,2,1,3,1,3,3,4,3,3,2,2
0.6819521,0.5306063,3,1,5,12,4,4,5,4,2,4,2,3,3,4,2
1.0460829,0.8917391,8,1,9,12,1,1,4,1,4,1,3,2,1,3,2
1.0442302,1.4549332,7,1,7,14,1,1,3,1,4,1,2,2,1,3,2
0.9611408,1.2379683,5,1,3,11,2,2,3,3,2,2,2,2,2,2,2
1.1581417,1.423071,6,3,14,15,1,1,3,1,4,1,1,1,1,1,1
1.1514795,1.4290015,0,1,3,3,4,4,2,3,2,4,4,1,4,1,1
0.7518116,0.5796058,7,1,5,8,2,3,2,3,2,2,2,4,2,4,2
0.5272048,0.4424757,10,1,9,15,1,1,2,1,4,1,1,3,1,4,1
0.8512785,1.0190923,7,1,3,4,3,2,3,2,2,2,2,2,1,2,1
0.4541792,0.3120372,1,1,4,5,3,3,1,1,2,1,4,2,1,2,2
1.1694453,1.4432563,0,1,13,14,3,5,2,3,2,3,4,2,3,2,1
0.8849533,0.7360145,10,1,9,11,1,2,3,1,4,1,3,2,1,4,2
1.1156787,0.9566401,8,1,9,11,1,1,3,1,3,1,2,2,2,3,2
0.5272048,0.6537887,3,1,3,13,3,4,1,2,2,5,4,2,3,2,2
0.8786647,1.067538,6,3,14,8,1,3,4,2,3,2,3,2,1,2,2
1.2816249,1.5722332,1,1,3,4,2,3,2,1,2,2,4,1,4,2,1
1.2196647,1.4584122,99,1,12,14,1,1,3,1,4,1,4,2,1,1,2
0.5927746,0.4946747,8,1,5,9,3,2,1,4,2,2,2,2,3,2,2
1.2036386,1.5744264,5,1,3,9,2,4,3,3,3,3,3,1,4,4,1
0.5182998,0.6475238,7,1,3,9,2,3,2,2,2,2,2,3,2,4,2
0.7250521,0.6123144,8,1,9,12,1,3,2,2,2,3,3,2,2,2,2
1.195665,0.9312362,6,1,5,8,2,4,1,2,2,3,3,1,2,2,1
0.8548935,0.7363968,99,1,9,12,2,1,4,1,4,1,3,3,2,3,2
1.0150708,0.807162,9,1,5,8,2,2,2,2,2,2,2,2,2,2,2
0.7806982,0.7758164,7,2,15,3,2,3,2,4,2,2,2,2,3,2,2
0.6792567,0.8371208,10,3,14,11,1,1,4,1,4,3,3,1,3,3,2
0.8064184,0.678888,10,1,9,12,1,1,2,1,4,1,3,1,2,3,1
0.6685875,0.6952999,7,2,15,12,2,2,2,1,4,3,1,4,2,2,1
1.2184837,1.5165091,8,3,14,11,1,3,5,2,3,3,2,2,2,3,2
1.3904866,0.9066229,99,1,1,11,3,2,1,4,2,1,2,2,1,1,1
1.1496921,0.988798,9,1,9,11,1,2,2,1,4,1,3,2,2,3,2
1.16631,0.9662557,10,1,9,12,1,1,4,2,3,1,1,1,1,2,1
0.8334841,1.0171361,7,3,14,14,2,2,3,3,3,2,2,1,2,2,2
0.8489426,1.019434,6,3,14,15,2,2,1,3,3,3,3,1,3,1,2
1.16631,0.9027439,8,1,5,14,2,2,2,2,3,2,2,2,2,2,2
1.049755,1.3737196,7,1,7,9,2,4,1,2,2,2,1,4,2,4,2
1.3256336,1.0222634,7,1,5,8,2,2,1,3,3,3,3,3,3,2,3
0.7584811,0.7588456,7,2,15,7,1,2,2,1,4,4,3,1,4,1,2
1.0971347,0.8450973,10,1,5,8,2,4,4,3,1,1,3,4,1,2,1
1.2058762,1.4479339,99,1,12,14,3,3,1,4,3,3,3,2,3,2,1
1.1426287,1.3792399,99,1,13,14,2,2,2,2,2,3,2,1,2,2,2
0.6792567,0.700004,8,2,15,4,2,2,1,3,2,1,2,3,2,2,1
0.9523983,1.2008992,3,1,13,14,2,4,2,2,3,2,3,2,2,3,1
1.0702637,1.3039427,10,3,14,12,1,3,3,1,4,1,2,2,2,4,2
1.2217973,1.4410871,99,3,14,11,1,3,2,3,3,2,2,2,3,4,2
0.9596431,1.1243378,99,4,16,9,4,1,5,1,3,1,4,4,1,3,2
1.0747486,1.1288911,6,1,11,13,1,1,1,1,1,1,3,1,1,1,1
0.8064184,0.6342648,8,1,5,14,4,2,3,3,2,2,2,1,3,2,2
0.8079246,0.8231088,9,2,15,11,1,2,3,1,2,3,3,3,3,2,2
1.035714,1.2923928,3,1,3,8,4,4,1,3,2,2,3,1,3,1,1
0.7967568,0.8001977,7,2,15,11,2,3,4,4,1,1,5,1,1,4,2
0.6969997,0.6006508,8,1,9,11,1,1,2,1,4,2,4,1,2,4,1
1.2944592,1.0060271,7,1,5,8,2,2,2,2,2,1,2,3,1,2,2
1.0266219,1.252385,6,3,14,12,2,1,1,4,1,1,1,1,1,5,1
0.9772689,0.7625858,99,1,5,9,3,4,1,3,2,4,4,1,4,3,2
0.9863536,0.9684985,6,2,15,12,1,1,1,4,3,1,2,2,2,4,2
0.6993818,0.607402,3,1,9,12,1,1,2,1,4,2,4,1,1,2,2
0.9863536,0.7485226,7,1,5,8,2,4,1,3,3,1,3,1,1,1,1
1.040315,1.2766198,0,1,3,4,3,4,2,4,1,3,3,3,3,1,2
0.9578196,0.653814,2,1,4,6,2,1,4,1,3,1,3,2,2,2,1
0.6945479,0.5544968,7,1,5,9,4,4,1,3,1,3,3,2,2,2,2
1.2414075,1.5079437,4,1,12,14,3,3,2,3,2,2,2,2,3,2,2
1.0838759,1.0665368,8,2,15,9,1,3,1,3,2,4,2,2,2,2,2
1.0971347,1.3076404,5,3,14,15,3,3,3,3,3,3,3,3,3,3,3
0.9374512,0.7948205,99,1,9,15,1,2,1,2,3,1,2,1,3,2,2
0.5558445,0.4452441,6,1,5,8,4,3,2,4,1,3,4,3,3,3,2
0.8015094,0.5589333,3,1,4,8,4,4,2,2,1,3,3,2,2,4,2
0.5948555,0.7423785,6,1,12,9,2,2,2,2,5,3,3,2,3,3,1
1.1039679,0.775421,3,1,4,7,4,4,1,4,1,4,1,2,2,3,2
1.0971347,1.3076404,99,1,12,14,2,4,2,2,3,3,4,2,2,2,2
0.8811981,1.0781353,2,3,14,14,4,4,1,4,1,3,3,3,3,2,1
1.5312058,1.1735195,99,1,5,9,2,2,2,3,2,2,2,2,2,2,2
1.1476673,0.8924364,4,1,5,8,2,3,3,4,2,2,3,2,1,3,2
0.9898354,0.9801543,99,2,15,16,2,4,2,3,3,3,2,2,2,3,2
1.1540679,0.9726955,10,1,9,11,1,1,5,1,4,3,2,2,1,1,2
1.2607896,1.5443728,5,1,12,14,2,2,2,2,2,2,2,2,2,2,1
1.0617309,1.0725868,99,2,15,16,1,1,4,2,2,1,2,1,1,1,4
0.6218795,0.7565536,99,1,12,15,3,4,2,4,4,2,3,2,2,2,1
1.1089239,0.7288134,7,1,4,3,1,1,1,1,1,1,1,1,1,1,1
0.7852752,0.6130778,3,1,5,4,2,2,4,4,5,3,5,2,5,1,2
1.1284357,1.5304402,5,1,7,5,1,1,2,1,4,3,3,2,4,2,1
0.7038099,0.5591559,7,1,5,8,2,3,2,2,2,2,1,3,2,2,1
1.0115001,1.3559039,9,1,7,9,3,1,1,3,3,1,4,1,3,4,3
0.8234087,0.6921074,5,1,9,9,2,3,2,1,2,2,4,2,2,2,2
1.2362272,1.4936334,99,1,16,16,1,4,3,2,1,1,4,1,1,1,1
0.7939541,0.9664586,8,1,3,4,2,2,2,2,2,1,1,2,2,1,2
1.1967145,1.046855,99,1,9,12,2,3,2,3,3,2,2,2,3,2,2
1.0530231,1.3111379,5,1,3,4,2,3,2,2,3,3,1,1,4,1,2
1.2934636,1.024012,6,1,5,8,2,3,1,2,2,2,3,2,1,1,2
1.4709278,1.1649439,7,1,5,9,2,1,3,2,4,1,1,1,2,3,2
1.0971347,0.9045534,4,1,9,12,1,1,3,1,1,3,3,2,2,3,2
0.9165642,0.9159149,5,2,15,16,2,2,3,5,1,2,2,4,4,2,2
1.1012502,1.4445208,99,1,7,8,2,4,2,3,2,3,2,2,2,3,2
0.6751537,0.5847917,9,1,9,12,1,4,1,1,3,2,4,2,3,2,2
1.0838759,1.0665368,8,2,15,6,4,4,1,3,1,1,5,2,2,3,1
1.3303132,1.0345663,7,1,5,9,3,1,2,1,1,2,1,4,2,1,2
0.8882824,0.5823421,99,1,6,13,2,2,2,2,3,2,2,2,3,1,1
1.0720278,1.1584496,99,1,8,12,1,2,3,2,3,1,3,1,1,2,1
1.0150708,1.2489423,99,3,14,11,1,2,4,1,4,1,1,1,3,2,1
0.7323129,0.8957707,99,1,12,14,3,3,2,3,2,2,3,2,3,2,2
0.8628582,0.7269822,99,1,9,12,2,2,2,1,2,2,2,2,2,1,1
1.2793728,1.0736492,99,1,9,10,1,1,4,4,3,1,1,1,3,1,1
1.4116906,0.9386069,10,1,1,1,4,4,1,4,1,4,4,1,4,2,1
1.1436303,0.8818237,7,1,5,14,2,3,4,2,3,3,2,3,3,3,3
1.1653315,0.9864925,7,1,9,9,1,1,1,1,1,1,4,2,1,2,2
1.5312058,1.5183934,7,2,15,14,2,2,2,2,2,3,2,3,2,3,2
0.7928738,0.6068109,4,1,5,7,3,4,3,3,2,4,3,2,3,2,1
1.0115001,1.23409,99,1,12,14,5,5,5,5,5,5,5,5,5,5,2
1.3411773,1.4194728,99,1,11,10,5,3,2,5,2,5,2,2,5,3,2
0.9272885,0.7331985,6,1,5,8,3,2,1,2,3,1,2,2,1,3,1
0.7077399,0.7355328,8,2,15,8,4,3,1,3,2,1,1,2,1,2,2
1.0470737,0.8852178,5,1,9,12,3,2,2,4,3,3,2,3,2,3,2
0.7489511,0.6116716,5,1,5,8,4,4,4,2,1,1,2,2,2,1,1
0.753349,0.5875443,7,1,5,8,3,1,1,2,2,3,3,2,2,1,2
0.753349,0.9988592,4,1,7,9,3,4,1,3,2,3,4,2,2,3,1
1.1228806,0.9312367,9,1,9,11,2,3,3,2,3,2,5,2,4,4,2
1.1476673,1.3808893,2,3,14,14,3,3,3,3,2,3,2,2,3,3,1
0.7880473,0.6204562,6,1,5,8,3,4,2,3,1,5,1,2,2,5,2
0.8154168,1.0338179,3,3,14,5,2,4,1,3,3,3,2,2,3,2,2
1.0142831,0.8229114,10,1,5,11,1,3,1,1,2,4,4,1,3,1,1
0.6907353,0.6859205,99,2,15,16,2,2,3,1,3,5,2,2,2,4,2
1.0400652,1.294488,2,1,3,7,3,4,1,3,2,5,2,1,3,2,2
1.1586964,1.4086668,99,3,14,15,1,1,1,2,3,2,3,2,2,1,1
0.7557791,0.923642,99,3,14,8,4,4,2,4,2,3,3,1,2,2,2
1.1055418,0.7113856,5,1,6,13,2,2,3,3,2,1,3,1,2,3,1
1.0844026,0.9015474,3,1,9,12,1,1,1,1,4,1,4,1,1,4,1
1.0438981,1.0261601,5,2,15,11,3,3,1,3,2,2,3,1,3,2,2
0.9870259,0.8064657,3,1,9,10,2,2,2,2,3,4,2,2,3,2,1
1.033092,1.4198598,2,1,7,9,2,4,4,2,3,2,2,2,3,3,1
0.89004,1.0827343,7,1,12,9,3,2,2,2,3,2,3,2,3,3,1
1.1466622,0.9655643,6,1,9,11,1,1,4,1,2,2,4,2,3,3,2
0.7560084,0.7693609,8,2,15,4,3,3,1,3,2,3,3,2,3,2,3
0.7880473,0.8027959,6,2,15,4,2,1,1,2,3,1,1,2,2,3,1
0.8790649,1.1029785,3,1,3,4,4,4,1,4,2,3,3,1,4,3,1
0.6819521,0.5679367,8,1,9,14,2,5,3,1,5,2,3,1,5,2,2
0.7396407,0.886975,99,3,14,15,5,2,2,5,3,2,2,5,2,3,4
1.0981556,0.8609458,9,1,5,8,3,3,3,4,2,3,2,2,1,2,2
1.163331,0.7963142,3,1,4,9,1,2,1,1,2,1,3,1,4,1,1
0.8334841,1.0171361,99,3,14,15,4,4,2,4,3,1,3,3,2,1,1
0.9738113,0.9693744,2,2,15,2,3,4,1,3,5,3,5,2,3,2,4
0.9462528,1.032145,8,1,8,8,1,2,2,1,4,1,2,1,2,2,1
0.7475634,0.5125061,99,1,4,4,3,4,4,4,2,3,2,3,4,4,1
1.040226,1.0139571,7,2,15,14,2,2,1,5,2,2,2,1,1,2,2
0.7361093,0.5210101,4,1,4,8,2,2,2,2,3,3,3,2,3,2,2
0.9982073,0.6413078,5,1,6,11,2,4,2,2,2,2,4,2,4,2,1
1.3215592,1.0588167,4,1,5,14,3,4,1,2,2,3,3,2,3,2,1
0.8845756,0.7006346,9,1,5,8,2,2,2,2,3,2,2,2,2,2,2
0.7250521,0.5720671,7,1,5,8,2,4,3,1,2,3,3,3,4,4,2
0.9008731,0.9056264,7,2,15,4,2,2,3,3,2,4,2,2,2,2,2
1.2789547,0.8641511,2,1,4,4,1,3,4,4,2,2,2,2,4,3,2
1.1766145,1.4478494,3,3,14,8,2,3,3,2,2,3,2,2,2,2,1
0.9099856,1.1002681,5,3,14,8,3,3,2,3,2,3,2,2,2,2,3
0.8183303,0.6355806,8,1,5,8,1,2,1,1,1,1,1,2,1,2,2
1.0640558,1.4300649,10,1,7,11,2,3,4,2,4,1,2,3,1,3,2
1.0938245,1.4563659,7,1,7,8,2,2,1,1,2,1,1,3,1,3,1
1.1426287,1.2486641,2,1,8,4,4,1,1,3,2,3,3,1,1,3,1
1.3256336,1.5817739,6,1,12,14,3,1,1,3,2,2,2,3,1,4,2
0.8882824,1.2025312,7,1,7,9,1,4,1,1,2,2,2,4,2,4,2
1.2466228,1.6594748,10,1,7,9,2,4,4,1,4,1,1,1,3,2,1
0.9088103,1.1228384,99,3,14,15,1,5,1,1,3,2,2,2,2,1,3
0.9308858,1.1705868,99,3,14,15,4,4,4,1,1,1,4,2,3,1,1
1.1223333,1.1633377,99,2,15,15,1,4,1,5,3,4,5,4,1,1,1
0.7680228,0.5907891,5,1,5,16,1,4,4,2,4,2,2,3,2,2,2
0.9700822,1.1872925,4,3,14,4,3,2,2,1,2,2,3,2,2,2,2
1.0111792,0.9990662,99,2,15,14,3,3,2,1,3,3,3,3,1,2,3
0.7630792,1.0099798,7,1,7,12,2,2,3,2,2,2,3,2,2,3,1
1.1153722,1.3995134,6,1,3,14,2,2,1,2,3,3,3,1,2,2,2
0.9611408,1.2111994,8,3,14,11,1,3,5,1,3,2,2,2,3,2,1
1.2347791,1.0192595,10,1,9,12,1,1,4,2,4,1,2,1,2,1,1
1.1754963,1.5274405,4,1,7,10,1,1,4,3,4,4,2,4,3,4,2
0.9504011,0.7365173,5,1,5,8,4,4,2,3,2,1,3,3,2,3,2
0.9628516,0.6475304,0,1,4,7,3,3,2,3,2,4,3,1,3,1,2
0.8762195,0.5990638,5,1,4,6,3,3,2,3,1,3,3,1,3,1,1
1.0115001,1.23409,99,1,12,14,3,2,2,3,2,2,3,3,3,2,3
1.1603514,1.1509684,99,2,15,15,2,2,3,3,3,2,3,3,2,3,1
1.1750541,0.9170758,99,1,5,8,3,2,1,3,2,1,3,4,1,1,2
1.1286515,0.9590755,5,1,9,12,1,2,2,1,3,2,2,2,2,2,2
0.8799527,1.1188222,99,1,3,6,3,2,2,2,2,2,2,2,3,2,2
0.6768672,0.5345779,7,1,5,8,5,3,1,3,2,2,2,2,2,5,3
0.973693,0.6661559,0,1,4,4,2,1,1,3,3,2,3,1,2,2,2
1.3215592,1.1333086,9,1,9,12,4,4,2,1,2,4,4,1,4,1,1
0.7323129,0.9841899,6,1,7,8,3,4,1,3,2,3,2,2,3,3,1
1.2717385,1.048613,4,1,9,9,1,1,4,1,4,2,4,3,1,3,2
1.3722712,0.9404919,2,1,4,6,4,4,2,4,2,4,3,2,4,2,1
0.9977927,1.2489339,7,1,3,14,2,2,1,2,2,1,2,1,1,1,2
0.8176017,1.0010804,99,1,12,12,1,5,5,1,5,5,5,2,2,5,1
1.0347319,1.1886601,8,1,8,10,2,2,3,2,3,2,1,1,3,2,1
1.0579348,0.8264266,5,1,5,8,2,4,3,1,3,2,4,2,3,3,1
1.1395994,0.7885856,4,1,4,14,3,3,2,2,2,2,2,2,2,2,2
0.913078,1.0551428,5,3,14,14,3,3,2,4,3,4,3,3,3,3,2
0.9359086,1.1135749,99,3,14,15,2,5,3,5,5,5,5,5,3,5,4
1.0522103,0.8702521,10,1,9,12,2,2,2,2,3,2,3,2,2,2,2
0.9665664,0.7606782,3,1,5,14,1,4,1,1,2,3,3,1,3,1,1
1.3009474,1.1156304,8,1,9,12,2,4,2,2,2,3,3,2,2,2,1
0.9393362,1.1257081,8,3,14,11,2,4,4,3,3,1,3,2,1,4,2
1.0455141,1.0546912,99,2,15,11,2,2,2,2,2,2,2,2,1,2,2
1.0844026,0.9015474,10,1,9,12,1,1,3,1,5,1,5,1,2,1,2
1.3334621,1.0510061,4,1,5,8,3,3,3,2,2,2,3,2,2,3,2
1.3106678,1.5619081,0,3,14,4,4,4,2,4,1,1,4,1,4,1,2
1.1498635,0.9082423,5,1,5,9,3,4,3,3,3,2,3,3,2,3,2
0.9738113,0.9693744,5,2,15,8,3,3,1,4,1,3,2,2,3,2,2
0.6096525,0.4825064,3,1,5,8,4,4,2,4,1,2,4,2,3,2,2
0.7967568,0.6184481,99,1,5,8,4,4,3,4,2,3,1,2,3,1,2
1.0307124,0.8751886,99,1,9,8,2,3,5,2,4,5,2,5,5,2,2
0.9374512,1.1490085,3,1,12,4,2,4,2,2,2,3,2,1,3,2,1
0.9469786,1.1571853,6,3,14,8,3,4,2,3,2,4,3,2,3,2,2
0.7967568,0.8001977,99,2,15,13,1,1,1,1,3,2,3,2,1,1,1
1.0761764,1.3182725,4,1,3,14,1,1,3,1,4,2,2,2,2,2,1
0.6175603,0.4974259,5,1,5,8,3,4,2,2,4,2,1,1,1,2,3
1.3334621,1.1249486,5,1,9,16,4,3,2,2,4,3,3,2,1,3,2
0.869993,0.7464689,5,1,9,6,3,3,3,1,4,2,3,3,3,2,2
0.6841156,0.8470666,3,1,3,4,3,4,3,4,1,3,2,1,3,1,1
0.9863536,1.0485579,2,1,8,4,4,3,1,3,2,4,3,1,4,1,1
0.8379077,1.0371469,99,1,3,4,4,1,1,4,3,1,4,1,1,1,2
1.2765564,1.0941929,7,1,9,11,1,2,3,1,3,2,3,2,3,3,2
1.1123657,1.3322071,99,1,3,8,2,2,2,2,3,2,1,2,2,2,2
0.7967568,0.6184481,6,1,5,8,3,4,2,2,2,2,2,2,2,2,2
0.8423952,0.8697072,7,2,15,9,2,1,1,2,1,2,2,1,1,1,1
1.070968,0.8998082,99,1,9,12,2,5,2,2,4,5,2,2,2,2,2
0.9772489,1.1732072,99,1,12,4,4,3,2,4,3,1,4,2,3,3,3
0.7502024,0.601815,3,1,5,11,3,3,1,3,2,2,3,4,3,4,3
1.2980295,1.1092465,3,1,9,11,1,2,2,2,3,2,2,2,1,2,2
0.8810346,0.8718295,7,2,15,12,2,1,2,2,2,2,3,4,2,2,2
0.8500097,0.7014191,7,1,9,12,2,1,1,2,2,3,2,1,1,2,4
0.9999941,1.2568047,6,1,3,12,1,3,3,2,4,1,1,1,1,1,2
1.2382648,0.9960158,99,1,5,8,2,2,1,2,3,1,2,3,1,3,2
0.9757,0.8028809,9,1,9,11,1,2,2,1,4,1,2,2,2,2,2
0.9757,0.9705495,8,2,15,4,1,1,1,2,2,1,2,1,2,1,2
1.536611,1.1876428,5,1,5,4,3,1,3,1,2,2,3,2,2,1,4
1.2717385,1.549399,2,1,3,8,3,4,1,2,2,2,4,2,2,2,2
1.2128638,1.5176654,99,1,3,11,2,1,1,3,2,2,1,1,1,1,1
0.7630792,0.9192437,3,3,14,15,2,3,2,3,3,2,2,3,3,2,1
1.0115001,1.3559039,6,1,7,11,1,2,2,1,3,1,3,2,2,2,1
1.2196647,1.2195306,99,2,15,9,4,4,5,4,5,3,3,2,1,2,4
1.1353579,1.1444623,9,2,15,11,1,1,2,1,4,1,2,1,2,1,1
1.1426287,1.4097227,0,1,3,4,3,2,2,2,5,2,4,1,3,1,1
1.3147476,1.0353996,7,1,5,8,2,2,2,3,2,2,2,3,2,2,2
1.0599084,1.2984751,1,1,3,4,3,1,1,2,2,4,2,2,3,1,1
1.1724757,0.989632,99,1,9,9,2,1,2,1,2,2,2,1,1,1,2
1.1051377,1.2046007,5,1,8,7,2,4,3,2,4,2,3,2,2,2,2
1.0076993,1.2271997,5,1,3,7,3,2,2,3,2,3,3,2,3,3,1
1.16631,1.5347168,8,1,7,9,1,2,4,1,4,1,2,3,2,3,2
1.3251532,1.3018472,1,2,15,7,4,4,1,4,1,3,3,1,3,3,2
0.973693,1.2224181,4,1,3,11,1,3,3,2,4,1,3,1,1,2,1
0.6589402,0.781683,99,1,12,14,4,4,1,4,2,3,3,2,2,2,1
0.8744799,0.6841336,6,1,5,8,1,1,1,2,4,1,1,2,3,1,1
1.1562697,1.1372812,4,2,15,8,3,4,2,4,3,2,3,1,2,2,2
0.9798579,1.178447,99,1,12,14,2,3,3,2,2,3,3,2,2,2,4
0.7715127,0.7661877,7,2,15,16,3,1,1,3,2,1,2,1,1,1,1
1.0288551,1.0172495,99,2,15,8,1,2,2,4,2,2,2,2,2,2,1
0.6751958,0.5735685,99,1,9,11,1,1,2,1,2,1,1,1,2,2,1
1.1724757,1.4622505,5,1,3,12,2,3,2,1,4,2,2,1,2,2,2
0.8660182,0.9618118,8,1,8,11,1,1,4,1,4,1,1,1,1,1,3
0.6391186,0.5097479,4,1,5,8,2,4,2,2,3,1,3,2,2,3,1
0.7882817,0.6633162,99,1,9,8,1,1,3,4,4,2,4,2,4,1,1
1.1724757,0.7968524,3,1,4,7,4,4,2,4,2,4,4,3,4,3,3
1.0621049,0.6107389,6,1,2,8,2,2,2,2,1,1,1,2,1,1,2
0.9791443,1.1746293,7,4,16,4,2,4,1,4,1,3,2,3,4,3,1
1.3846309,1.6760598,8,3,14,15,2,2,3,4,3,2,3,2,2,3,2
1.3303132,1.6361903,6,1,3,8,3,3,3,3,3,4,2,2,3,3,2
0.753349,0.909122,3,1,12,7,4,5,1,3,5,3,4,1,3,2,2
1.0795268,0.9153678,10,1,9,12,1,1,2,1,2,1,3,1,4,1,1
1.197431,1.475126,99,1,16,16,3,2,1,2,3,2,4,2,2,2,1
0.9898354,1.172147,99,1,12,14,3,3,2,3,2,2,2,2,2,3,2
1.0522103,0.8130507,1,1,5,4,4,1,3,4,1,2,1,2,2,1,1
0.8518863,0.7276397,5,1,9,12,1,2,2,1,4,2,3,2,5,2,1
1.1501795,0.7774209,5,1,1,9,2,2,2,2,2,2,2,2,2,2,1
0.9056699,0.7527516,10,1,9,11,1,3,1,1,4,1,4,2,1,4,2
1.0287795,0.718479,0,1,4,3,4,4,1,3,1,3,4,1,3,2,1
0.7967568,0.524129,5,1,1,7,3,2,2,2,2,2,3,1,2,2,1
0.7880473,0.6204562,7,1,5,8,2,4,2,3,2,2,2,2,3,3,2
0.97076,0.7711539,1,1,5,4,1,5,1,5,5,1,1,1,1,1,2
0.9757,1.1606607,1,3,14,4,4,3,3,4,3,4,3,3,3,3,3
0.8263154,0.6543974,8,1,5,14,2,1,4,2,2,1,3,1,2,3,2
0.8793126,0.7529471,7,1,9,12,1,1,1,1,4,1,1,4,1,4,2
0.6969997,0.6006508,99,1,9,11,1,2,3,1,2,3,3,2,2,2,1
0.6502441,0.5199423,4,1,5,9,4,4,1,2,2,3,3,1,3,2,1
0.9033771,0.718765,99,1,5,8,2,2,2,2,2,2,2,2,2,2,2
0.97076,0.8254077,9,1,9,12,1,4,2,2,3,1,2,2,1,1,2
0.7560084,0.9403978,4,1,3,4,4,4,4,3,4,3,4,4,3,4,1
0.9165642,0.9159149,6,2,15,4,4,1,3,4,2,1,3,3,3,1,3
0.9791443,0.7591353,9,1,5,4,3,3,2,4,4,2,1,1,2,2,2
1.0438981,1.0261601,4,2,15,14,3,3,1,4,2,3,1,1,1,2,2
1.040226,0.7836562,99,1,5,8,2,4,2,4,1,3,2,2,3,2,3
1.2408595,1.0936403,10,1,9,11,2,1,1,1,3,1,2,1,1,2,1
0.8482054,0.7132221,8,1,9,12,2,2,2,3,3,1,3,2,2,2,1
1.1910522,1.5812367,8,1,7,9,1,1,4,1,4,1,3,2,2,3,2
0.5493047,0.6954244,5,1,3,4,3,3,3,3,3,3,3,3,3,3,3
1.0796065,0.9126863,5,1,9,12,2,2,1,4,3,2,3,2,1,2,1
0.9023523,0.760107,10,1,9,12,1,2,2,1,4,1,3,2,3,1,1
1.070968,1.1776328,7,1,8,10,2,1,1,2,5,3,2,2,1,4,2
1.1792636,1.4436347,7,1,12,11,2,2,3,2,2,2,4,2,2,2,2
1.3450159,1.3342723,99,2,15,14,1,3,2,1,3,1,2,3,2,2,2
0.7880473,0.8027959,0,2,15,4,4,3,1,4,1,3,5,2,3,2,1
1.4218962,1.4265499,2,2,15,14,2,1,1,3,3,4,2,1,2,1,1
0.5929651,0.4910488,2,1,9,12,2,2,1,1,3,3,2,1,2,5,1
0.8550184,1.0160528,8,3,14,8,2,2,2,2,2,2,2,2,2,2,2
0.9903037,1.2028018,99,1,3,11,2,2,2,2,3,2,3,1,3,2,2
0.7316531,0.8742044,99,3,14,15,2,1,1,4,2,4,3,1,2,3,3
1.1586964,1.4398,2,1,3,4,3,1,1,3,2,1,3,1,3,1,1
1.1198162,0.9568569,6,1,9,10,3,1,2,2,2,1,4,2,1,2,1
1.130249,0.9446238,5,1,9,4,2,2,1,3,3,3,3,1,2,3,1
0.7880473,0.6204562,7,1,5,4,3,4,5,4,1,1,2,2,2,3,1
0.8663138,1.0678039,9,3,14,4,4,3,1,4,1,1,3,1,4,1,1
1.2728499,1.7337179,10,1,7,12,1,1,4,1,4,2,1,2,1,2,2
0.9099856,0.9435198,1,1,11,4,3,4,4,3,2,2,2,5,4,1,1
0.9794456,0.9866868,99,2,15,8,3,4,1,3,2,2,5,2,3,2,4
1.1724757,1.1963004,7,2,15,12,2,4,2,3,3,3,3,3,2,2,2
1.1089239,1.0941548,2,2,15,14,2,2,2,3,2,2,3,2,3,2,2
0.753349,0.9988592,6,1,7,9,2,2,2,2,4,3,3,1,4,2,2
0.7717841,0.9316741,8,3,14,12,2,2,1,3,3,2,3,3,2,4,2
1.1801736,1.2030417,7,2,15,12,3,2,2,4,2,2,3,2,3,2,2
1.1213344,1.3337439,99,1,16,16,3,3,1,4,1,5,5,5,1,5,4
0.8795877,0.8781261,7,2,15,8,2,2,2,3,3,2,2,2,2,3,1
1.1431726,1.3754492,99,1,16,16,4,5,1,3,2,5,4,5,4,5,4
1.1766145,1.4478494,7,3,14,14,1,1,3,3,3,3,2,2,3,3,2
1.1032215,0.9278097,99,1,9,12,1,2,2,1,4,1,3,1,1,1,2
0.9898354,1.172147,99,3,14,4,1,1,1,4,4,1,3,1,2,2,2
0.6709477,0.5821047,99,1,9,12,2,3,1,2,3,3,3,2,2,2,4
1.2717385,1.515896,6,3,14,15,5,4,3,4,1,2,2,1,2,4,2
1.1764827,0.7923833,4,1,1,3,2,2,1,3,2,2,2,2,2,1,2
1.0288551,1.2433946,99,1,3,16,1,1,4,1,4,1,4,2,2,2,2
1.1393657,1.4157238,99,1,3,12,3,2,3,2,2,2,3,2,4,2,1
0.8871313,0.7204088,5,1,5,8,3,3,2,3,2,2,2,2,2,2,1
0.8397315,0.8376991,6,2,15,4,4,1,2,4,1,2,4,2,4,1,1
0.9504011,1.1396319,99,1,16,16,5,5,5,5,5,5,5,5,5,5,4
0.7880473,0.6204562,9,1,5,12,2,1,4,2,3,2,2,2,2,2,1
0.6793993,0.7900711,3,3,14,7,3,3,2,2,2,3,3,2,3,2,1
1.3675294,1.6364158,99,1,16,6,4,4,5,5,1,5,3,5,4,3,4
0.6540063,0.4357009,3,1,6,13,4,4,3,4,2,4,4,1,4,2,1
1.0043168,0.6740324,6,1,4,12,1,2,4,1,3,3,3,2,3,1,2
1.0522103,1.2858583,99,1,3,4,4,1,4,4,1,1,3,1,2,2,1
1.0001258,0.8291547,99,1,9,12,2,2,1,2,4,3,3,3,3,3,1
1.4601445,1.7613153,5,1,12,14,2,3,2,1,2,2,3,2,2,2,1
0.6612663,0.6615133,99,2,15,4,3,4,4,4,1,3,4,2,4,4,3
0.6113753,0.4842575,99,1,5,14,4,4,1,3,2,2,3,2,2,2,2
0.7852752,0.7932491,4,2,15,8,4,4,2,4,1,3,2,2,3,2,2
1.0442302,0.916024,10,1,9,12,1,1,3,1,3,1,1,2,3,1,1
1.0077283,1.134159,7,1,8,11,1,4,4,1,4,4,2,2,3,3,1
0.9633071,1.1671544,4,1,12,14,4,3,2,4,5,2,4,2,3,3,2
0.6585779,0.4360376,7,1,6,10,3,4,2,2,2,3,3,2,3,2,2
1.2990288,1.0897646,2,1,9,12,1,3,2,1,4,2,2,1,2,1,1
1.1754963,0.7396838,5,1,6,9,5,4,2,2,3,2,3,2,3,5,2
1.2196647,1.4584122,99,1,12,14,1,2,4,4,4,1,4,2,2,1,1
0.9898354,1.172147,5,3,14,14,4,3,5,3,1,2,5,1,3,2,1
1.0727348,1.3429679,99,1,12,14,2,1,1,2,2,2,2,5,2,2,2
0.9379191,0.9336531,99,2,15,8,4,2,1,4,2,3,3,2,2,3,3
1.1476673,1.4114087,8,1,3,4,1,1,1,1,2,2,1,1,1,3,3
1.107116,0.9389759,7,1,9,14,2,2,2,1,2,2,3,2,2,1,2
0.6081475,0.7510877,3,1,12,9,3,2,1,3,2,3,3,2,2,2,2
0.7196902,0.5638872,5,1,5,8,4,4,2,4,1,1,4,1,3,2,3
1.0149571,0.8632702,99,1,9,12,1,2,1,2,2,2,3,1,1,1,3
1.1586964,1.5477128,8,1,7,11,2,2,3,2,3,1,3,2,3,3,1
0.8962162,1.1180841,0,1,3,4,3,4,4,4,1,3,1,1,3,1,1
1.3303132,1.3386047,6,2,15,11,3,3,2,1,3,2,2,3,2,2,3
0.9738113,0.9693744,99,2,15,14,3,4,1,3,2,3,3,2,2,2,2
1.1436303,0.7599995,99,1,4,7,4,3,2,4,1,2,3,3,4,4,1
0.6969216,0.6001788,7,1,9,12,3,3,2,1,3,1,4,3,4,2,2
1.2256845,1.476948,0,1,3,3,4,4,2,4,2,4,4,2,3,1,1
0.8689779,0.8983608,9,2,15,12,2,2,2,2,2,4,2,2,2,1,4
1.1562697,1.1372812,5,2,15,9,3,2,1,4,1,3,3,3,3,3,2
0.7900848,0.9482729,3,1,3,4,3,2,3,3,3,3,2,2,2,2,3
0.7689232,0.6215175,7,1,5,9,1,3,2,1,4,1,1,3,2,4,2
1.2717385,0.8443439,7,1,4,8,3,3,2,2,2,3,2,2,3,2,1
0.7880473,0.6204562,5,1,5,9,2,2,3,3,4,4,1,3,3,2,4
0.7880473,0.8027959,9,2,15,11,3,4,2,3,2,2,2,3,3,2,2
0.7511808,0.6333765,7,1,9,12,1,2,4,4,4,2,3,3,3,1,1
1.2717385,1.549399,6,1,3,4,5,3,3,5,2,3,4,1,1,2,2
1.2913175,1.598821,4,3,14,11,1,1,1,3,2,1,1,1,1,1,1
0.6585779,0.741935,6,1,8,10,2,2,1,1,3,2,3,3,2,3,2
0.6562741,0.8636342,0,1,3,4,4,4,1,4,2,5,4,1,3,1,1
1.0915384,1.1906214,99,1,8,4,1,2,2,3,3,1,3,1,1,1,2
1.0464308,1.063273,5,2,15,9,3,4,1,2,3,3,2,1,3,2,1
1.2278838,1.4771173,3,1,13,1,3,3,3,2,4,2,4,4,3,3,3
0.8127138,0.991563,1,1,12,14,3,4,2,3,2,3,3,1,3,1,1
0.9436474,0.9561362,8,2,15,11,1,3,1,3,3,2,4,3,1,3,2
1.0822668,0.8956389,5,1,9,12,1,2,2,1,5,1,4,1,1,3,3
0.7991585,0.8088608,99,2,15,11,1,1,1,1,4,1,1,1,1,2,3
1.6233627,2.0242219,0,1,3,4,3,3,1,3,2,3,5,2,5,3,4
1.276228,1.568046,2,1,3,4,3,4,1,4,5,4,4,1,4,2,1
0.753349,0.5875443,7,1,5,9,3,4,2,3,2,2,2,3,2,3,2
1.276228,1.2828542,7,2,15,10,1,3,3,2,3,2,4,4,2,2,2
1.0971347,1.4367143,9,1,7,9,1,1,2,3,4,1,2,3,2,2,1
0.9755715,0.9716432,7,2,15,12,2,1,1,1,3,1,3,2,3,1,2
1.1397359,0.7500089,9,1,6,11,1,1,1,2,3,1,2,2,1,2,4
0.8759727,0.7376044,7,1,9,12,1,2,2,1,1,1,2,2,1,2,2
1.1676283,1.3774092,5,1,16,16,5,5,5,5,5,5,5,5,5,5,4
1.0001258,1.1986426,99,3,14,15,2,2,1,1,2,4,2,5,4,1,2
0.6945479,0.9426767,7,1,7,9,2,4,2,3,2,2,2,3,3,3,2
0.6684597,0.9178447,6,1,7,9,1,3,1,1,3,1,1,3,2,4,3
1.0438981,1.2271644,3,3,14,15,2,1,3,3,3,1,4,3,3,3,4
0.8841447,1.0784713,0,1,3,8,4,1,1,4,3,2,4,2,2,3,1
0.9977927,0.8452622,99,1,9,12,1,1,1,1,2,1,2,1,1,2,2
0.9665861,0.7650619,7,1,5,8,2,3,1,2,2,2,2,3,1,2,3
1.0111792,0.9990662,2,2,15,2,4,3,1,4,1,5,3,5,4,2,1
0.9235001,0.9248723,5,2,15,4,4,4,1,4,2,4,1,1,1,1,4
0.9290323,1.0927705,99,3,14,8,4,3,1,3,2,4,2,2,4,2,1
0.6749343,0.5368536,8,1,5,8,3,1,1,3,1,1,2,1,1,1,2
1.3430974,0.9095767,4,1,4,9,2,4,1,3,1,2,4,1,2,1,1
0.8016779,0.6657648,7,1,9,12,2,1,1,1,4,1,1,3,2,3,1
0.8811776,1.0758548,6,1,3,14,2,3,1,2,2,3,3,1,3,1,1
1.1821213,1.4326348,7,3,14,4,2,2,2,2,2,2,2,2,2,2,2
1.07593,1.2738192,7,1,3,11,1,1,1,2,1,2,3,2,3,1,1
0.994899,1.0956948,99,1,8,10,1,2,1,3,4,2,3,1,1,1,1
1.0542133,1.263544,1,3,14,14,3,3,3,3,3,3,3,3,3,3,3
0.9757,0.7501078,6,1,5,4,3,3,1,2,3,3,2,3,3,2,2
1.0220727,1.0633537,4,2,15,4,2,3,2,3,3,4,3,2,2,2,1
0.7322709,0.7426035,9,2,15,4,2,4,2,2,4,2,3,2,3,1,2
0.6779829,0.8534861,99,1,12,15,2,2,2,1,2,2,4,1,1,2,3
1.2360791,1.5001696,99,1,12,14,4,4,3,3,3,3,3,2,3,2,1
1.1476673,1.1547056,99,2,15,15,4,3,3,2,3,2,2,2,3,1,2
1.1163546,0.9389122,10,1,9,12,1,1,1,1,1,1,1,2,1,1,1
1.0971347,0.9045534,99,1,9,12,1,1,1,5,3,1,4,1,1,1,3
0.8795877,0.8781261,1,2,15,4,2,2,2,2,2,1,2,2,3,2,1
1.1552331,1.369076,5,1,13,4,1,1,2,2,3,2,2,2,3,2,2
0.677537,0.4765416,4,1,4,6,4,4,1,4,1,1,1,1,1,1,1
0.8964906,0.7170707,8,1,5,8,2,1,2,2,2,2,2,5,2,3,2
0.9386963,1.118336,10,3,14,4,4,4,4,4,4,4,4,4,4,4,3
1.1724797,1.1859925,7,2,15,14,2,2,1,3,2,2,3,2,1,3,3
0.9625012,0.7709746,99,1,5,8,4,3,3,4,2,3,4,2,3,3,2
1.1905426,1.0025065,8,1,9,12,2,1,2,1,3,2,4,2,3,2,2
1.3433056,1.8200669,10,1,7,11,1,1,3,1,3,1,1,3,1,3,2
0.8799527,0.6097014,2,1,4,7,4,4,1,3,1,3,4,2,3,1,1
0.891274,0.9080656,8,2,15,14,2,2,2,2,3,2,2,2,3,2,1
1.134174,0.8949417,6,1,5,8,3,3,2,2,3,2,3,3,2,3,2
0.8598398,0.7495484,9,1,9,11,1,3,3,1,3,2,3,2,2,2,2
1.030246,1.3925649,8,1,7,8,4,3,4,3,2,2,4,3,2,4,2
0.8155828,0.6941633,99,1,9,12,2,2,2,2,3,2,3,2,2,2,1
0.6479567,0.5137593,7,1,5,9,3,4,1,1,2,2,1,3,2,2,1
0.9794456,1.1799591,2,1,12,8,4,4,1,4,1,3,2,3,2,3,2
1.0617309,1.282685,6,3,14,8,2,1,2,2,3,3,2,2,2,2,2
0.973693,0.8273166,99,1,9,12,1,1,2,2,4,2,1,1,2,4,2
0.9976318,1.1665896,3,4,16,6,3,5,5,4,3,5,5,5,3,3,4
0.9902097,1.210641,1,1,3,4,4,4,3,4,3,3,5,1,1,3,3
1.1436303,0.8818237,4,1,5,7,4,2,1,4,1,3,3,1,4,1,2
1.0439874,1.2919838,0,1,3,4,4,1,1,1,4,1,4,1,1,1,2
0.9469786,0.8004768,7,1,9,12,1,1,1,3,3,2,4,2,1,2,2
0.7052504,0.5617105,99,1,5,7,2,4,1,3,5,3,2,5,3,2,4
0.8813479,1.1231965,0,1,3,4,1,1,2,1,3,2,2,2,2,2,2
0.7560084,0.5946153,7,1,5,16,2,3,3,2,3,2,3,2,2,2,1
1.0844026,0.9015474,10,1,9,12,1,1,1,1,3,1,3,1,1,1,1
1.1118234,0.8661832,6,1,5,7,2,4,2,3,3,2,2,3,3,2,1
0.9906781,0.8225939,8,1,9,12,1,1,1,1,4,2,1,1,3,2,1
1.0261744,0.584003,8,1,2,2,1,1,2,1,4,1,1,2,3,1,3
0.9240078,0.7203282,7,1,5,8,1,1,2,1,3,3,2,2,2,3,2
0.6548978,0.8810003,9,1,7,11,1,1,2,2,2,1,1,3,4,4,1
0.8976933,0.7807828,99,1,9,12,1,2,4,2,4,3,1,1,4,1,1
0.9839654,0.8234832,99,1,9,12,1,1,1,1,4,2,4,1,1,4,4
0.7316531,0.7310135,8,2,15,8,4,4,1,4,4,2,2,3,1,4,2
0.6479567,0.7949526,4,1,12,3,2,4,2,4,3,2,3,3,2,3,1
0.9436474,0.6368796,9,1,4,7,4,3,2,4,2,2,3,3,2,2,3
0.6907353,0.5301269,6,1,5,8,1,1,1,1,4,1,3,4,1,4,2
1.0006708,0.8248346,99,1,5,8,2,2,2,2,3,2,3,3,2,2,2
0.8650894,0.6038588,99,1,4,1,5,2,2,2,5,5,4,1,4,5,1
1.0522103,0.8702521,7,1,9,9,3,1,1,2,4,1,3,1,1,5,2
0.8397315,0.6474319,5,1,5,8,3,3,2,3,2,3,3,2,3,2,2
1.0822668,0.7091537,7,1,1,9,2,1,1,4,2,1,2,1,2,3,1
0.9436474,1.1686952,3,1,3,7,4,4,1,4,1,2,4,1,3,2,1
0.7143337,0.8683635,5,1,12,8,2,2,3,3,2,2,4,2,4,2,1
0.7335199,0.4917729,0,1,6,9,2,2,2,1,2,2,3,2,2,2,2
0.6749343,0.5368536,5,1,5,14,3,1,1,4,2,2,2,1,1,1,2
0.9313816,0.5343388,4,1,2,4,3,3,2,5,1,3,3,2,3,2,1
1.2006755,0.9401583,4,1,5,8,3,4,2,2,2,3,3,2,3,3,1
0.7472349,0.9170058,8,3,14,2,2,2,2,2,2,3,2,2,2,2,2
0.6792567,0.7578687,9,1,8,5,1,2,1,1,2,1,1,1,1,1,1
1.0583688,1.0748563,99,2,15,4,2,5,3,3,3,2,3,3,3,3,3
1.1779629,1.4155982,3,1,12,12,2,3,1,2,3,2,3,1,3,1,3
1.3899729,1.4189734,99,2,15,12,1,1,1,3,4,4,3,3,2,1,4
1.1562697,1.3600519,99,1,12,14,1,2,1,4,1,1,4,1,1,1,2
1.0115001,0.8536752,99,1,9,11,1,4,1,1,4,3,4,1,2,4,1
0.6945479,0.9426767,8,1,7,10,2,2,3,2,2,3,3,2,2,3,1
1.1286515,1.5233126,7,1,7,8,2,2,3,1,1,2,2,2,1,3,2
1.070968,1.3007807,99,1,16,8,2,3,3,5,3,1,3,5,1,3,2
1.3482792,1.6898789,9,1,3,8,3,4,1,3,2,2,3,2,2,2,1
0.7282587,0.8834819,4,1,12,14,3,3,1,3,2,3,3,1,3,1,2
0.6585779,0.8195209,99,3,14,15,3,2,2,3,2,2,3,2,2,2,1
0.8453524,1.0087528,99,1,12,12,1,1,1,1,4,1,4,1,1,2,3
1.2364945,1.5621873,5,1,12,14,1,1,1,1,1,1,1,1,1,5,2
0.7721761,0.6670789,8,1,9,11,1,1,4,1,4,1,2,3,2,4,2
1.1276495,0.757772,7,1,4,9,2,3,2,2,2,2,3,2,2,2,2
0.7967568,0.8001977,8,2,15,11,2,1,4,4,3,1,2,4,3,4,2
0.7880473,0.9812657,6,1,3,9,3,2,3,3,2,3,3,3,2,4,2
0.9275019,0.6243924,1,1,4,9,2,3,5,1,3,2,3,2,2,1,2
0.7446064,0.9061009,99,1,12,8,5,5,5,5,3,2,2,4,2,4,4
1.2886173,1.5929896,99,1,3,4,4,1,4,4,1,1,4,1,3,1,1
1.1381776,1.1718832,7,2,15,4,2,2,2,2,3,1,2,1,2,1,2
0.7967852,0.9631823,99,1,12,2,2,3,2,2,3,2,3,2,2,3,2
0.8598766,0.8516848,8,2,15,2,2,4,1,4,2,1,2,2,1,1,2
1.1466622,1.1672065,6,2,15,3,3,2,3,3,3,2,3,3,3,3,1
0.8876982,1.1214052,3,1,3,3,2,3,2,2,3,3,3,2,3,2,1
1.0291625,1.2448926,5,1,12,14,2,4,2,2,2,3,3,1,3,1,1
1.167661,0.9962045,8,1,9,11,1,3,2,1,4,1,3,1,4,3,1
0.8880438,1.0765388,4,3,14,16,2,3,3,2,3,3,2,2,2,2,1
1.0877792,0.7031901,5,1,6,9,2,3,3,3,2,2,2,2,2,3,1
1.0601133,1.2007364,7,1,8,4,2,2,3,2,2,3,3,2,1,3,3
0.8208761,1.1175441,5,1,7,8,3,4,1,3,1,4,4,2,3,3,2
0.7633476,0.9346992,7,1,12,14,4,4,1,4,2,3,3,2,3,5,1
1.2713529,1.272529,4,2,15,14,3,3,1,3,2,3,3,2,2,3,1
1.1476673,0.8924364,6,1,5,8,2,2,2,2,2,2,2,3,2,2,2
1.1436303,1.1409739,8,2,15,8,3,4,2,2,2,2,2,2,2,4,1
1.0287795,1.1678039,99,1,8,8,2,2,1,3,3,5,1,1,3,2,2
1.0971347,0.8450973,8,1,5,8,4,4,1,3,2,4,2,4,2,4,2
1.4909024,1.8460795,99,1,16,4,3,4,1,3,2,3,4,2,3,2,1
0.9894444,0.6351901,99,1,6,8,1,1,4,2,3,2,2,1,1,2,2
0.7052504,0.6012291,10,1,9,12,1,1,1,1,4,1,4,2,2,2,2
1.1223333,1.3912122,0,1,12,12,4,4,4,4,4,4,4,4,4,4,1
0.7577332,0.8925866,3,1,12,14,1,1,1,2,3,1,4,1,1,1,1
0.9436474,1.1434242,99,1,12,12,1,1,3,1,3,2,3,1,1,3,1
1.0115001,1.2613648,7,1,3,9,4,3,3,4,4,3,4,4,4,4,1
0.9780941,1.2251687,99,1,3,11,1,1,1,1,4,4,3,2,3,2,3
1.1436303,1.364468,99,3,14,14,4,4,3,4,2,4,4,3,4,3,2
1.0507159,1.3105135,1,3,14,12,1,1,4,1,4,1,1,4,1,1,1
1.179646,0.7836601,2,1,4,6,4,4,4,3,2,1,4,2,4,2,1
0.7560084,0.503931,10,1,1,9,1,1,1,1,1,1,1,1,1,1,1
0.6423066,0.3768963,0,1,2,2,4,4,1,2,2,4,4,2,4,2,1
1.2816249,1.5722332,2,1,3,4,2,3,3,2,3,2,3,1,3,2,1
0.9146116,0.7396438,3,1,5,8,3,4,3,3,2,3,3,3,3,5,1
1.0747486,0.8507814,5,1,5,8,2,3,3,2,3,4,2,2,3,2,2
1.0522103,1.2580539,99,1,12,14,2,3,2,2,2,2,2,2,3,3,2
1.1051377,1.4619056,8,1,7,9,2,2,3,2,3,3,3,3,3,3,2
0.6961597,0.5416183,99,1,5,8,2,3,1,2,1,3,4,1,3,1,1
1.049803,0.7026465,7,1,4,9,2,1,1,2,2,2,1,2,1,2,1
0.6400542,0.5365983,2,1,9,12,5,2,5,2,5,2,5,2,5,2,1
0.760408,0.5838003,5,1,5,8,4,4,1,2,1,2,2,3,4,3,2
1.179646,0.9092768,5,1,5,8,2,4,1,2,2,2,2,4,2,4,2
1.0534607,0.7047929,3,1,4,6,3,4,2,3,2,4,3,3,3,2,1
1.0799754,1.1817148,10,1,8,9,1,2,4,1,4,1,1,1,1,1,1
1.1010077,0.7371126,2,1,4,4,3,3,2,4,2,3,1,1,4,1,2
1.0077283,1.2804481,2,1,3,7,4,4,2,3,1,4,4,2,4,2,1
1.0787754,0.9137481,5,1,9,12,1,3,4,1,4,1,3,1,2,2,1
1.195665,1.5831555,8,1,7,10,1,1,2,1,3,2,2,2,2,3,3
1.2101331,1.2565989,7,1,11,15,1,2,4,1,4,4,3,1,3,3,2
1.0153577,0.7865072,3,1,5,8,4,4,1,3,2,4,4,2,3,5,2
1.1501795,1.2850167,6,1,8,9,2,4,2,2,3,1,1,3,1,3,1
0.7250521,0.885174,8,3,14,12,2,3,2,3,1,1,1,1,2,3,2
0.6102943,0.8351573,7,1,7,5,2,2,1,2,2,2,3,2,2,2,1
1.1118234,1.3698885,1,1,3,3,4,4,2,3,2,3,4,1,4,1,1
0.7371869,0.5945398,6,1,5,8,3,4,2,3,2,3,3,2,2,2,2
0.837363,1.0114745,7,3,14,8,2,1,3,1,3,2,3,2,2,2,1
1.0621049,0.8998692,10,1,9,12,1,1,1,1,4,1,1,1,1,1,1
1.1540679,0.9087605,5,1,5,9,5,4,2,5,5,4,4,5,3,3,2
0.8234087,0.6921074,6,1,9,11,1,2,4,1,3,1,4,2,1,2,3
1.0971347,0.8450973,4,1,5,8,1,2,2,2,5,2,1,1,1,2,2
0.7706516,0.6690724,10,1,9,12,1,1,3,1,4,1,4,3,2,2,2
0.9434338,1.1135637,99,3,14,15,2,2,2,2,2,4,1,1,4,1,1
1.0576651,0.90875,8,1,9,12,1,1,4,1,4,1,3,1,1,3,2
1.1001532,0.9333017,8,1,9,12,2,2,2,1,3,2,3,2,2,2,1
1.049755,0.8648919,7,1,9,12,1,1,3,1,4,2,1,1,3,2,2
0.7249618,0.4823422,3,1,4,9,2,3,2,3,2,2,3,2,2,2,2
1.1472081,0.9629105,9,1,9,8,1,1,1,1,2,2,1,1,1,1,2
1.2717385,1.2675986,8,2,15,4,2,4,3,2,3,3,4,3,4,4,4
1.0985308,0.8517398,4,1,5,8,3,4,2,2,2,3,3,2,3,3,2
1.276228,0.9914785,3,1,5,8,4,4,2,4,1,3,3,2,4,2,2
0.7721761,0.9643427,99,1,12,14,1,3,2,2,3,2,3,3,2,2,1
1.1724757,0.989632,8,1,9,12,1,3,2,1,3,2,3,2,3,2,2
1.0753486,0.8484477,99,1,5,14,3,3,2,3,2,1,3,3,2,3,2
1.1276495,1.2316703,99,1,8,10,2,1,1,2,3,2,1,1,3,1,1
1.3812597,1.7005701,6,1,3,7,3,2,2,2,2,2,2,2,2,2,1
0.9634852,1.1597271,99,1,16,16,3,5,1,5,2,1,2,1,1,1,1
0.5781242,0.4541373,4,1,5,8,3,4,2,5,2,3,3,3,2,3,2
1.0424031,0.8232179,6,1,5,8,3,4,2,3,2,3,2,3,2,5,2
0.7967852,0.6662763,8,1,9,14,2,4,3,2,3,2,2,2,1,3,1
0.6135334,0.4900855,6,1,5,8,2,4,2,1,2,2,3,2,2,2,2
1.1766145,0.9357111,4,1,5,8,2,4,3,1,2,3,3,2,2,3,2
0.6612663,0.7161962,5,1,8,10,3,3,3,1,2,2,3,2,2,3,2
0.7396407,0.4940391,5,1,4,6,2,4,1,2,1,2,3,2,1,3,1
0.9977927,0.6806056,4,1,4,6,2,3,3,1,3,3,3,3,2,2,2
1.1198162,1.4138229,2,1,3,4,3,2,4,3,2,3,3,2,2,2,1
1.2414075,0.7079575,2,1,2,2,3,3,3,2,2,2,2,3,3,2,2
0.9874389,0.8333938,10,1,9,11,1,1,2,1,3,1,4,2,2,2,1
0.8392012,0.8486659,7,2,15,5,2,2,1,2,2,2,1,2,1,2,1
1.2256845,1.5876449,7,1,7,9,1,1,4,1,4,1,4,4,1,4,3
1.2255336,0.9975879,5,1,5,14,2,4,4,1,3,2,2,3,3,4,2
1.0833377,0.8654933,5,1,5,8,3,2,2,2,2,2,2,2,2,2,2
0.6751537,0.5463535,5,1,5,8,3,3,3,2,2,2,2,3,2,5,2
1.0971347,1.3076404,5,1,12,14,1,1,2,1,3,2,3,2,2,2,1
1.2300112,0.8145483,2,1,4,14,3,4,2,3,1,3,3,1,3,2,1
0.9436474,1.0351737,99,1,8,8,1,2,2,1,3,1,3,2,2,2,2
0.8882824,0.7073473,99,1,5,8,3,1,1,1,1,1,1,1,1,1,1
1.1766145,1.4798486,5,1,3,11,1,1,4,1,3,2,2,2,2,3,2
0.9008731,1.1899228,8,1,7,9,2,3,3,2,4,1,2,2,2,2,1
0.896863,0.7570882,99,1,9,10,1,1,3,1,4,1,3,2,2,1,1
1.2058762,1.0016006,7,1,9,12,1,1,3,4,2,1,3,2,1,3,1
0.753349,0.5063749,3,1,4,6,3,4,1,1,2,4,4,1,4,3,1
1.2256845,1.5876449,99,1,7,7,2,4,2,2,3,2,3,2,2,3,1
0.9798579,1.178447,3,1,16,14,2,3,2,1,2,3,3,2,3,2,2
0.8538545,1.0376405,99,1,12,7,1,1,2,1,4,1,4,1,1,1,1
0.8650894,1.0841402,6,1,12,9,2,3,3,3,3,3,3,2,4,3,2
1.0364065,0.8656742,10,1,9,12,1,1,4,1,4,1,4,1,5,1,1
1.0715605,1.4037035,8,1,7,9,2,4,3,2,3,2,2,5,2,4,2
1.1426287,1.3792399,6,3,14,16,2,2,2,2,2,2,2,2,2,2,2
0.7410995,0.6348567,10,1,9,12,1,1,2,1,2,3,2,2,2,2,2
0.6969997,0.5611702,6,1,5,8,2,2,3,2,3,2,2,2,2,2,2
1.1431726,1.3754492,99,1,12,14,2,2,2,2,3,2,2,2,3,2,2
1.1010077,0.9154396,5,1,9,12,2,2,2,1,3,2,3,2,3,3,2
0.8232383,0.5435577,4,1,4,7,2,2,3,2,3,2,3,1,2,1,1
0.7618191,0.6610397,8,1,9,11,1,3,4,1,4,1,3,3,3,3,2
0.6525941,0.3719808,2,1,2,2,4,4,1,4,1,3,4,3,4,3,2
0.9625012,1.0800093,7,1,8,9,2,3,3,3,2,1,2,3,2,3,1
0.677537,0.940011,8,1,7,8,1,2,4,1,3,1,1,2,1,3,2
0.8261443,0.6382776,8,1,5,8,3,2,3,2,2,2,3,3,2,3,2
1.040315,0.8639996,99,1,9,12,1,3,1,1,4,2,4,1,1,1,1
1.0682567,1.358816,1,1,3,4,4,4,1,4,2,4,4,1,2,1,4
1.1724757,1.4622505,2,1,3,3,1,1,1,3,1,1,1,1,1,1,2
1.096802,1.3417393,8,1,3,7,1,2,1,2,2,1,1,2,1,2,2
0.79869,0.5522866,5,1,4,9,3,4,2,4,2,5,4,3,4,2,2
0.7446064,0.5855917,7,1,5,12,1,2,1,2,2,1,2,4,1,4,1
0.8297997,0.6612242,99,1,5,4,3,3,1,3,2,4,3,1,4,1,1
0.9591752,1.1816918,0,1,3,4,4,4,2,4,1,4,4,1,4,1,1
1.2184837,1.5165091,7,1,12,9,2,2,4,2,2,2,4,2,2,3,1
1.0084482,1.278618,2,1,3,7,4,4,2,4,2,3,4,1,3,2,4
1.0534607,1.3902522,7,1,7,8,3,2,2,3,2,2,1,3,1,4,3
1.2058762,1.4479339,7,3,14,8,2,2,3,2,2,2,2,2,2,3,2
0.9982073,1.3242948,8,1,7,9,2,3,4,1,3,2,2,3,2,2,2
1.1223333,0.8991078,3,1,5,6,4,2,1,4,1,4,4,2,4,5,2
1.3828862,1.114962,7,1,5,8,4,4,1,2,1,2,2,3,2,3,1
1.096802,1.3127265,99,1,16,16,3,4,2,3,2,4,5,5,5,5,2
1.0030154,0.8525562,2,1,9,12,1,3,2,1,1,1,3,2,2,3,3
1.4116906,1.7136827,8,3,14,8,2,1,3,2,3,1,2,2,2,2,1
1.1622074,0.8920086,5,1,5,8,1,2,2,1,3,2,3,2,2,2,2
0.8349797,0.9297585,99,1,8,14,1,1,2,1,4,1,3,1,2,2,2
1.2216749,0.9725289,7,1,5,8,3,3,1,3,2,2,3,3,1,3,2
0.9794785,1.1806144,5,1,12,14,1,2,4,1,4,1,5,2,2,5,2
1.1205807,0.8620764,5,1,5,7,1,1,4,1,4,1,4,1,2,3,1
0.6790681,0.561986,9,1,9,12,1,1,4,1,3,1,1,3,2,3,2
1.1947453,0.9478841,7,1,5,8,3,4,2,2,3,1,3,3,2,5,4
1.2006755,1.4547306,99,1,13,14,1,1,2,1,4,2,3,1,3,1,2
1.195665,0.9312362,5,1,5,8,2,4,1,1,2,1,2,2,1,3,1
0.9558012,1.142391,3,1,12,12,1,2,4,1,4,2,2,2,1,4,2
0.9056699,1.0881928,6,3,14,15,2,2,3,1,2,2,3,3,1,3,2
1.0150708,0.807162,5,1,5,13,1,2,2,1,3,1,3,2,1,2,2
1.16631,0.9662557,10,1,9,12,1,3,4,2,3,2,2,3,2,4,2
1.1223333,0.8991078,7,1,5,8,3,3,1,3,2,2,3,2,2,4,2
0.6517057,0.5597252,8,1,9,12,1,1,2,1,3,2,1,2,1,1,3
1.004759,1.3441297,5,1,7,8,2,3,2,3,3,2,2,3,2,4,3
0.7446064,0.9061009,4,4,16,12,3,4,2,3,5,4,4,3,3,3,3
0.8493059,0.7002909,99,1,9,12,5,3,1,4,2,5,4,1,5,2,2
0.8949893,0.727779,5,1,5,8,2,2,3,2,2,2,3,1,2,2,2
1.1540679,1.4061481,99,1,12,14,2,3,2,1,4,2,3,2,3,3,1
0.9277083,1.1324672,5,1,12,14,2,4,2,2,5,5,1,2,2,1,2
1.0400652,0.8185073,5,1,5,8,1,2,4,2,3,2,1,3,1,2,2
0.7143337,0.8683635,2,1,12,8,3,4,5,4,5,3,3,3,5,5,2
1.0012245,1.2088253,4,1,16,7,3,4,2,3,2,3,2,2,3,5,1
0.5972465,0.7467948,0,1,3,15,4,1,1,4,1,4,2,1,4,2,1
0.965268,0.7446746,99,1,5,12,4,4,4,3,3,1,4,4,4,4,1
1.1724757,0.7968524,1,1,4,7,3,4,2,3,2,4,4,2,3,2,1
1.0012245,1.3281454,7,1,7,9,1,1,4,1,4,1,1,2,1,2,2
1.1205807,0.8620764,7,1,5,8,3,2,2,2,2,1,2,2,5,2,1
1.2717385,0.9796879,99,1,5,8,4,1,1,4,2,2,4,2,3,3,2
1.1079124,0.8558826,7,1,5,8,3,4,2,2,2,2,2,2,2,4,2
0.79869,1.0134642,1,1,3,5,2,3,1,2,2,2,4,3,1,2,1
0.6728207,0.5294955,4,1,5,8,3,3,1,3,2,3,2,3,3,2,2
0.7077399,0.5684707,7,1,5,9,2,3,2,2,3,1,1,3,2,2,3
0.6969997,0.5611702,5,1,5,8,3,4,2,3,2,2,2,2,2,2,2
1.276228,0.9914785,6,1,5,16,2,4,1,1,4,3,2,1,3,1,1
1.1476673,1.3808893,3,3,14,4,3,4,3,4,2,2,2,2,2,2,2
1.416674,1.1996976,10,1,9,11,1,1,4,1,4,2,1,3,2,3,2
0.6585779,0.4360376,8,1,6,8,3,3,4,2,2,3,3,2,2,2,2
1.0916191,1.3375328,0,3,14,15,4,2,4,4,1,4,4,4,4,3,1
1.0038872,1.2185893,10,1,16,16,5,5,5,5,5,5,5,5,5,5,4
0.8633329,1.0024172,5,3,14,15,3,1,2,2,3,3,3,1,4,1,1
1.2300112,1.4947231,2,1,3,3,4,4,2,3,2,4,3,1,4,2,1
0.7422517,0.4999849,2,1,4,7,4,4,2,5,1,4,4,2,4,2,1
0.753349,0.5875443,7,1,5,8,1,2,2,1,4,2,1,2,2,3,1
1.1925049,1.495358,5,1,12,7,3,4,2,3,2,3,4,1,3,1,2
1.0860872,1.1862833,0,1,8,10,2,3,4,3,2,2,3,2,3,1,1
0.5437247,0.4608222,10,1,9,12,1,1,4,1,3,1,1,2,2,3,2
0.6367278,0.5502907,10,1,9,12,1,1,4,1,4,1,1,2,1,4,1
1.2409966,1.0460736,6,1,9,12,3,1,4,3,2,3,3,3,2,3,2
1.0682567,1.329434,5,1,16,14,5,2,3,5,5,1,2,2,5,3,2
1.0971347,1.3365408,1,1,3,3,1,1,1,1,4,2,4,1,3,1,1
0.5859885,0.6346888,5,1,8,10,2,2,2,5,3,3,2,1,2,1,3
0.9544503,0.7495957,7,1,5,8,2,3,2,2,3,2,2,3,2,3,2
1.0115001,1.23409,2,3,14,12,1,4,4,1,4,2,2,4,4,1,1
0.7560084,0.9200633,99,3,14,11,1,3,4,1,4,1,4,1,4,2,1
0.6411879,0.764672,99,3,14,14,1,5,5,1,4,5,5,5,2,1,3
1.0938245,1.3255266,5,1,12,9,1,2,1,2,4,2,3,2,1,1,2
0.9065661,0.6269228,3,1,4,7,5,4,2,3,2,3,4,2,2,2,1
0.9667301,1.176089,2,1,3,4,3,3,1,2,2,3,3,1,3,2,1
1.0439874,1.2640469,9,3,14,12,2,2,4,1,3,2,2,3,3,2,2
0.753349,0.5063749,99,1,4,14,1,4,2,2,3,2,5,2,3,2,2
0.9166294,1.1478012,7,1,3,4,2,1,1,2,1,2,2,2,1,2,1
1.2256845,1.5876449,6,1,7,11,1,3,2,1,4,1,1,2,1,3,1
0.9894444,0.7715395,5,1,5,8,3,3,2,3,2,2,3,2,3,3,2
1.0753486,0.8484477,99,1,5,8,3,3,3,3,3,3,3,3,3,3,3
1.2717385,0.9796879,99,1,5,8,2,4,4,3,1,3,4,2,2,3,2
1.2528572,1.6019976,1,1,3,4,2,4,1,1,3,3,3,2,3,1,1
0.9120185,0.7860653,10,1,9,11,1,2,3,1,3,2,2,2,2,3,3
1.16631,0.9027439,4,1,5,8,3,4,2,3,2,3,2,2,2,2,1
0.7721642,0.9307958,99,3,14,15,2,4,5,5,5,5,5,5,5,5,4
0.7900848,0.5995948,4,1,5,8,3,4,1,3,1,3,3,2,3,3,2
0.7345937,0.7601151,4,2,15,12,1,1,3,4,1,1,1,1,1,1,3
1.0617583,1.2593533,5,3,14,15,3,3,2,3,3,3,3,3,3,3,2
1.2717385,1.515896,6,3,14,7,2,2,1,2,2,2,2,2,2,3,2
1.0149571,1.0435501,99,2,15,4,4,4,4,1,2,4,1,3,1,1,3
0.9591752,1.1816918,10,1,3,11,1,1,4,1,4,4,1,1,4,1,1
1.1631668,0.9865668,10,1,9,12,2,1,1,2,2,2,1,2,1,2,2
0.8064184,0.678888,99,1,9,14,2,2,2,2,3,2,3,2,2,2,2
0.8147765,0.8112785,99,2,15,8,2,3,2,3,2,3,2,3,3,3,2
0.8097407,0.6848303,5,1,9,12,2,1,1,2,3,1,3,1,3,1,1
1.2139225,1.4593421,5,1,12,9,2,2,2,2,3,2,3,2,3,2,2
1.1001532,1.4823757,9,1,7,11,1,1,2,1,4,1,4,2,2,4,2
0.891274,0.7511915,5,1,9,12,2,1,4,2,2,2,3,1,3,1,2
1.0799754,1.4341313,6,1,7,9,2,3,2,2,2,2,5,3,3,5,2
1.0324869,1.1145934,9,1,8,11,1,3,4,1,4,2,1,2,3,3,2
0.9836383,0.7710824,6,1,5,8,2,3,2,2,3,3,3,2,1,3,2
1.0749806,0.8435357,5,1,5,14,2,3,4,2,2,2,2,2,2,2,1
1.2362272,0.8319438,2,1,4,16,4,5,1,4,5,5,4,5,4,5,4
0.6704332,0.5624943,10,1,9,4,1,1,1,1,4,1,1,1,1,2,1
0.9798579,1.178447,5,1,16,16,1,2,2,1,3,1,4,1,1,3,2
1.1431726,0.7318271,8,1,6,14,2,2,2,1,3,1,1,1,3,2,1
0.7345937,0.9090065,5,1,12,14,3,4,2,2,2,3,1,1,3,1,1
0.6378028,0.7664925,5,1,12,11,2,2,3,2,2,2,2,3,2,2,2
0.839432,0.8593647,5,2,15,12,2,2,2,1,3,3,2,2,3,4,3
1.4542989,1.7895964,10,1,13,12,1,1,1,2,1,2,1,1,1,1,1
1.147429,1.2506883,8,1,8,9,1,3,3,1,3,1,2,2,2,3,2
1.16631,0.9027439,5,1,5,8,2,4,1,1,5,2,4,2,3,3,2
1.0214366,0.86457,10,1,9,10,1,1,4,1,4,1,4,1,4,1,1
0.8782237,1.1433252,8,1,7,11,1,4,4,2,3,1,2,3,2,3,2
1.0682567,0.859182,4,1,5,8,1,4,2,2,2,3,1,2,3,4,2
0.7553616,0.5880647,7,1,5,8,1,3,3,1,4,1,2,1,1,4,1
1.16631,0.9027439,5,1,5,8,2,4,2,3,2,2,3,1,2,2,2
0.6969997,0.9540218,8,1,7,9,2,2,2,2,3,2,3,3,2,3,2
1.0946665,0.8416111,6,1,5,8,3,3,2,2,2,2,5,3,2,3,2
1.2256845,1.4450115,99,1,16,16,5,5,5,5,5,5,5,5,5,5,4
1.2256845,2.5298901,7,1,10,9,2,4,1,2,2,2,2,2,1,5,1
0.8663138,0.7386477,9,1,9,11,1,1,1,1,4,1,3,2,2,4,2
1.0799754,1.3052895,99,1,16,16,3,3,2,3,2,5,3,5,2,5,2
0.6680748,0.8034831,99,3,14,15,2,1,1,1,2,1,4,1,5,2,4
1.2466228,1.6594748,99,1,7,11,1,1,4,1,4,1,2,1,1,1,1
1.2256845,0.9338771,1,1,5,8,4,4,1,1,1,2,3,2,2,3,1
0.7967852,0.9631823,5,3,14,14,5,5,4,2,4,2,3,1,2,1,2
1.2466228,0.9761285,5,1,5,7,5,3,2,3,2,2,2,2,2,1,1
1.1436303,1.364468,5,3,14,14,4,4,4,4,5,4,4,4,4,4,3
0.7345937,0.6288005,99,1,9,12,1,1,2,2,2,3,2,2,2,2,2
1.0494688,1.035336,99,2,15,8,5,3,3,5,5,2,3,3,2,2,2
1.0400652,1.3915097,8,1,7,9,1,1,4,1,4,1,1,3,2,4,2
1.0287795,1.2899239,4,1,12,14,1,1,1,2,3,1,1,1,1,1,1
0.7591392,0.6531787,5,1,9,12,3,1,1,2,2,2,4,2,3,1,2
0.9894444,0.8258204,99,1,9,11,2,3,3,2,3,2,3,2,2,3,2
1.0542133,1.263544,10,3,14,11,1,1,2,1,4,2,1,3,2,2,1
1.2944592,0.8670443,1,1,4,7,5,2,2,3,3,2,2,3,3,2,2
1.0579348,0.8264266,7,1,5,11,1,3,4,1,3,1,1,3,1,3,2
0.8871313,0.6208842,2,1,4,4,2,2,2,2,3,3,4,1,4,3,2
0.6883056,0.810524,99,3,14,15,2,2,2,1,3,2,2,2,3,3,2
1.16631,1.5347168,6,1,7,5,2,4,2,2,2,2,3,3,2,3,2
1.0364065,0.8656742,6,1,9,9,1,2,4,1,3,2,2,2,1,4,3
1.1622074,1.3802274,2,3,14,2,4,4,1,4,2,4,3,1,3,2,1
1.2300112,0.9451162,5,1,5,8,5,4,5,5,5,5,2,3,5,4,2
1.2298357,1.0356255,7,1,9,12,2,5,2,1,2,2,4,1,3,1,4
0.9591154,1.1787621,6,1,12,9,3,4,2,3,2,2,2,2,3,2,1
1.0612925,1.3105936,99,3,14,7,2,2,2,1,2,2,2,1,2,3,2
0.7225016,0.5652642,7,1,5,8,4,3,1,3,3,3,2,2,3,2,2
0.9043486,1.2031256,6,1,7,8,3,3,2,2,2,2,3,3,1,4,2
1.1315596,0.9710596,2,1,9,12,2,1,2,1,3,2,3,2,1,3,1
0.9251693,0.9270369,5,2,15,4,2,4,2,3,2,3,4,2,2,3,2
1.0735725,0.8513191,7,1,5,11,3,2,3,2,2,2,2,2,1,2,3
0.7098735,0.5455421,99,1,5,12,1,2,4,1,3,1,2,3,1,4,1
0.8871313,0.7710925,9,1,9,11,1,1,5,1,4,1,4,1,5,2,1
1.2990288,1.3173441,3,2,15,5,1,3,3,1,3,4,2,1,3,1,1
0.6051621,0.5064808,0,1,9,12,1,1,5,1,4,1,1,2,4,1,1
1.2256845,0.9995791,99,1,9,9,1,2,2,1,4,1,2,5,1,2,1
1.1012502,0.8496892,6,1,5,8,1,3,4,1,4,1,3,2,1,1,1
1.1051377,1.4619056,5,1,7,9,2,2,2,2,3,2,2,3,2,3,2
0.6714159,0.4644148,5,1,4,15,1,4,4,1,4,1,2,1,3,2,1
0.7491669,0.6130059,99,1,9,12,2,2,2,2,3,2,3,2,2,2,1
0.9198864,1.2147663,9,1,7,9,1,1,4,1,4,1,2,3,2,4,3
0.683485,0.53366,5,1,5,8,3,3,2,2,2,2,2,2,2,2,2
0.9099856,0.7110775,8,1,5,8,4,4,3,4,2,1,4,2,2,3,2
0.7422517,0.58013,6,1,5,8,3,4,1,3,2,3,3,5,5,4,2
1.16631,1.5347168,5,1,7,9,1,1,3,1,4,2,1,3,1,3,2
0.8755739,0.6817203,99,1,5,8,4,4,2,4,1,2,2,2,3,1,2
0.7967852,0.6662763,5,1,9,12,2,3,2,2,2,2,2,2,3,2,3
0.8699727,1.0535433,5,1,12,14,1,2,2,2,3,1,3,2,4,3,4
0.683485,0.53366,7,1,5,8,1,1,1,3,3,2,2,2,2,2,2
1.0542133,0.8165988,6,1,5,8,1,1,4,2,2,2,3,2,2,2,2
1.0320708,1.2494105,7,1,12,8,5,4,2,3,2,2,5,2,2,2,2
1.0539447,1.1751921,5,1,8,10,2,5,2,2,5,1,5,5,2,5,2
0.8882824,0.757112,8,1,9,9,1,1,4,1,4,3,2,3,2,4,2
0.8327412,0.6423703,7,1,5,7,2,1,1,1,3,2,2,1,2,1,1
0.7491669,0.6130059,8,1,9,11,1,3,2,1,4,2,1,2,3,4,2
0.7967852,0.6224821,5,1,5,4,2,2,2,2,2,2,2,2,2,2,2
0.9008731,0.7491738,99,1,9,12,1,1,4,1,4,1,1,2,1,1,1
0.7345937,0.6288005,4,1,9,14,2,2,2,5,5,5,5,5,2,2,4
0.7081205,0.9296914,8,1,7,9,2,4,4,2,4,2,1,3,3,3,2
0.7852752,0.528381,3,1,4,6,3,4,1,4,1,4,2,2,2,2,2
0.7433397,0.9407726,0,1,3,4,3,4,2,3,2,3,2,2,3,1,2
1.0115001,1.2613648,6,1,3,7,2,3,1,1,2,2,3,2,2,2,1
0.8234087,0.5572854,3,1,4,6,2,4,1,5,5,2,3,2,2,2,2
0.9043486,0.7076969,4,1,5,8,3,4,1,5,1,5,5,1,3,1,2
1.1244663,0.889523,99,1,5,14,1,1,4,1,4,5,1,3,3,4,2
0.6444446,0.8504148,8,1,7,8,2,2,2,2,3,1,2,2,2,1,3
0.5760905,0.6943417,6,1,12,8,2,3,2,2,3,3,3,3,2,3,2
1.0877792,0.8541365,99,1,5,8,2,3,2,2,2,2,2,2,2,3,2
0.6719403,0.8359079,99,1,3,11,1,1,2,1,4,1,1,2,1,1,4
1.1754963,1.3902158,5,1,12,14,2,4,2,3,2,2,2,2,3,2,1
1.2466228,0.9761285,6,1,5,8,1,2,2,1,4,2,1,1,1,2,2
0.7959473,0.6113999,7,1,5,9,1,3,2,2,4,2,2,3,2,4,2
1.096802,1.3127265,99,3,14,12,1,2,2,2,3,2,2,2,2,2,1
0.6030334,0.4675628,5,1,5,8,3,4,1,3,2,3,2,3,5,4,2
1.0364065,1.2514359,5,1,12,8,2,4,5,2,2,2,2,2,2,3,2
1.0844026,1.0898207,7,2,15,12,3,3,1,3,2,1,3,2,2,2,2
0.6961597,0.5416183,6,1,5,8,3,3,2,3,2,2,4,2,2,2,1
1.0353791,1.2609158,99,1,16,16,5,5,5,5,5,5,5,5,5,5,4
0.7852752,0.6562104,5,1,9,14,2,3,2,3,3,3,3,2,2,2,3
1.1514795,0.9035604,5,1,5,7,4,4,2,4,2,3,1,3,2,2,1
1.1914591,0.7930415,3,1,4,6,1,3,2,1,4,1,2,2,2,3,3
0.6030334,0.7948838,5,1,7,9,4,4,4,4,4,1,4,4,4,4,2
0.8550184,0.9198608,6,1,8,9,2,2,2,2,2,2,3,2,2,3,3
0.9873759,1.2276161,99,1,16,16,5,5,2,3,2,5,5,2,5,5,4
0.764009,0.596522,7,1,5,8,2,2,1,2,2,2,2,2,2,2,2
0.7396407,0.8030031,6,1,8,8,1,2,2,1,4,2,3,2,2,3,1
0.5528317,0.4640161,0,1,9,12,1,1,1,1,4,1,3,3,1,2,2
1.0156657,0.8624819,10,1,9,16,1,1,1,1,4,1,4,1,2,5,2
0.7225016,0.4790561,6,1,1,7,4,4,2,4,2,4,4,2,3,2,2
1.0215824,1.2478379,1,1,3,4,4,4,1,3,2,4,3,1,4,1,1
1.147429,0.9556286,99,1,9,12,1,3,1,1,4,1,1,1,3,1,1
1.2256845,1.5876449,8,1,7,9,2,2,3,2,3,2,3,2,2,2,2
0.7396407,0.9065782,2,1,3,7,4,4,1,3,1,3,5,2,4,2,1
1.0773623,0.8615648,99,1,5,9,1,1,3,1,1,2,2,1,2,1,1
0.6766794,0.8027571,0,3,14,15,1,1,1,1,4,1,1,1,5,1,2
1.1622074,1.5164663,6,1,7,9,3,4,4,1,2,2,1,2,2,5,1
0.6522043,0.7720705,5,1,12,14,4,4,4,4,2,4,4,1,2,1,1
0.7989862,0.6346831,9,1,5,8,3,1,1,4,2,1,4,1,1,1,2
0.9558012,0.7383005,4,1,5,8,3,2,1,3,2,2,3,2,3,3,2
0.8660182,0.6865982,7,1,5,8,1,3,3,2,3,2,2,3,2,3,3
1.0677911,0.8732601,9,1,9,11,1,3,4,1,4,1,2,2,2,2,1
1.0677911,1.3870108,8,1,7,11,1,3,3,1,3,1,2,2,3,2,2
0.9033771,0.7693331,99,1,9,12,2,2,2,1,3,2,3,1,3,3,2
1.0877792,1.3508364,2,1,3,6,2,2,1,2,3,3,2,1,2,1,1
1.2394936,0.8519623,99,1,4,8,3,3,1,2,2,2,3,2,2,2,2
0.9930562,1.3216639,8,1,7,9,2,2,2,1,3,2,2,3,1,3,2
1.0460829,0.8331253,5,1,5,8,4,4,2,3,1,3,2,5,2,2,2
0.6525941,0.5120553,6,1,5,8,2,3,2,2,3,2,3,3,3,3,2
0.7680228,1.0043756,7,1,7,9,3,3,5,1,2,2,5,2,3,5,2
0.7967852,0.5364861,2,1,4,14,3,3,2,3,3,3,3,2,2,2,2
1.2990288,1.6102033,3,1,3,7,3,4,2,4,2,3,4,1,3,2,4
0.8349797,1.0269855,99,1,12,14,1,2,1,1,2,2,1,1,2,1,2
1.0617583,0.8138905,3,1,5,7,2,4,1,1,2,4,4,3,2,4,2
0.891274,0.9080656,5,2,15,4,3,3,2,3,2,4,4,2,4,3,2
1.0720831,1.3650918,9,1,7,11,1,1,2,1,2,1,2,1,3,1,1
1.4441137,0.9700618,0,1,6,9,1,5,3,1,5,1,2,1,5,1,1
0.6522043,0.498971,4,1,5,8,3,3,1,2,2,1,4,2,2,3,2
0.6453963,0.5368804,9,1,9,12,1,1,2,1,3,1,1,2,1,1,2
0.8035817,0.6267223,6,1,5,8,2,4,2,2,2,4,3,2,3,2,2
0.9231336,1.229386,7,1,7,9,2,5,3,5,3,2,2,5,2,3,2
0.8110842,0.6455925,8,1,5,8,3,4,1,3,2,2,3,2,3,2,2
0.77489,0.6516221,99,1,9,12,1,2,2,2,3,1,3,2,4,2,2
1.0701292,0.8445615,7,1,5,8,2,2,3,3,2,2,2,2,3,5,2
0.7739118,0.6268188,5,1,5,8,2,2,2,2,3,2,2,2,2,2,2
1.4709278,1.8423856,1,1,3,7,4,4,1,4,1,4,4,2,4,2,2
1.2717385,0.9796879,3,1,5,8,3,4,1,2,2,3,3,2,3,1,2
1.0985308,0.7340719,3,1,4,14,2,3,2,1,2,2,3,2,2,2,2
0.8882824,0.757112,5,1,9,9,1,1,4,1,4,1,3,2,1,3,1
0.869993,1.1856266,7,1,7,9,1,2,3,1,4,1,2,2,2,5,2
1.2990288,1.0181346,2,1,5,8,3,4,1,3,2,2,4,1,3,1,1
0.9946959,1.3085465,10,1,7,11,1,3,4,1,4,1,2,2,2,2,1
0.8234087,0.6921074,9,1,9,11,1,1,4,1,4,1,4,1,1,1,1
1.1431726,1.3754492,5,1,12,8,2,4,2,3,2,3,2,3,3,3,2
1.3660802,1.1320658,10,1,9,10,1,1,4,1,4,1,2,2,4,1,3
1.2300112,1.4947231,2,1,3,4,3,4,2,2,2,3,4,1,3,2,1
1.2300112,0.9451162,3,1,5,8,4,4,2,3,2,3,2,2,4,2,2
1.0424031,0.8232179,4,1,5,8,2,5,2,1,5,2,2,5,2,3,2
1.0364065,0.8087736,3,1,5,16,4,4,1,4,2,4,3,2,4,2,2
0.9700822,0.8213033,7,1,9,12,1,2,3,1,4,2,2,2,2,2,2
1.1622074,0.8920086,6,1,5,8,3,4,2,2,2,2,3,2,3,3,2
1.2816249,1.5722332,3,1,3,7,3,3,3,3,2,3,3,2,3,2,1
0.7491669,0.5727132,8,1,5,8,2,4,4,2,3,2,1,2,1,2,2
0.8613338,1.0799212,2,1,3,6,3,4,1,3,2,4,4,1,4,1,1
1.0084482,1.2509701,99,1,12,14,2,2,2,3,3,2,2,2,1,3,2
1.3292056,0.9133631,10,1,1,12,3,2,1,1,1,2,2,1,1,1,1
1.2006755,1.0063022,8,1,9,11,1,1,4,1,4,1,2,2,2,3,1
0.6907353,0.9012463,8,1,7,9,3,4,2,1,2,3,3,3,5,3,2
0.7591392,0.6102454,99,1,5,9,2,2,2,2,2,2,2,2,2,2,2
1.2256845,0.9338771,9,1,5,8,1,1,1,1,2,2,1,3,2,2,2
1.2300112,0.9451162,4,1,5,8,1,1,1,1,4,1,3,1,2,3,2
1.0542133,1.0565809,3,2,15,14,1,2,1,2,3,5,2,2,2,2,1
0.6545066,0.8584887,8,1,7,9,2,3,4,5,3,2,2,3,3,3,2
1.2572799,1.3264042,4,2,15,2,3,3,2,4,3,3,4,3,2,4,2
1.1964519,1.4374312,99,1,12,14,1,5,5,1,4,1,5,3,2,5,2
1.0364065,1.374962,5,1,7,8,3,4,1,2,2,2,2,3,2,4,2
0.9043486,0.7076969,7,1,5,8,2,3,2,2,2,1,2,2,1,3,2
1.2300112,1.6067523,8,1,7,9,1,3,4,1,4,2,1,4,3,4,2
0.7900848,1.0193458,8,1,7,9,2,3,3,1,3,1,2,2,2,2,2
0.8628582,0.7269822,99,1,9,12,2,1,1,2,4,2,2,3,2,4,2
1.1426287,0.8913704,7,1,5,8,3,2,2,3,2,2,2,2,3,2,2
0.7928738,0.5229799,0,1,4,8,4,4,4,2,2,2,4,2,2,2,2
0.9798579,0.7616026,5,1,5,8,2,2,1,3,2,2,3,2,2,2,2
1.2466228,0.8412762,1,1,4,7,3,4,2,3,2,4,3,2,3,3,2
1.2816249,1.5382364,99,1,12,9,1,5,2,1,5,5,5,5,2,4,2
0.7826801,0.6217789,7,1,5,8,3,4,2,2,2,3,2,3,2,2,3
0.9432205,0.6380209,4,1,4,7,2,1,2,2,2,1,2,2,2,2,2
1.2990288,1.0897646,10,1,9,12,1,1,3,1,4,1,3,1,2,2,1
1.0347319,1.3419791,0,1,3,8,3,4,2,2,2,2,4,2,4,3,2
0.683485,0.8257456,5,1,12,14,3,3,3,3,2,2,2,2,2,2,1
1.3385803,0.9117163,3,1,4,8,2,2,1,2,3,2,2,2,3,2,2
0.7694598,0.9528748,99,1,16,16,1,1,2,1,2,1,1,2,1,3,2
1.3780217,1.1792123,99,1,9,12,1,2,3,1,4,1,5,2,2,5,1
0.8628582,0.6791978,6,1,5,8,3,2,4,4,1,3,2,4,1,1,2
0.7900848,0.9277681,5,1,12,14,3,4,3,2,1,3,3,2,2,2,2
0.5718028,0.7592469,7,1,7,5,1,1,4,1,4,1,1,1,1,1,1
0.7607677,0.5861143,5,1,5,8,1,2,4,1,3,1,2,2,2,5,1
1.0617583,1.3836608,99,1,7,8,1,1,2,2,4,2,2,1,1,2,2
1.2466228,0.9761285,5,1,5,9,2,5,2,2,3,2,2,3,2,3,1
1.1012502,0.8496892,99,1,5,15,5,5,5,5,5,5,5,2,5,2,4
1.0761764,0.8335462,6,1,5,8,3,4,3,3,2,3,5,2,5,3,2
0.7353816,0.904353,99,3,14,14,2,4,4,1,4,1,3,2,2,4,1
1.0438981,1.2271644,8,3,14,15,2,3,2,2,4,4,2,2,2,4,3
0.7717841,0.7790698,7,2,15,5,4,2,2,3,4,1,1,2,3,1,2
1.0751095,1.0866786,2,2,15,15,3,4,2,3,2,5,1,1,4,1,1
0.6378028,0.5302172,0,1,9,12,1,1,2,1,4,1,4,2,1,3,3
0.6969997,0.5611702,5,1,5,9,2,3,2,2,3,3,3,2,2,2,2
1.0153577,1.2169826,8,1,16,9,3,3,2,3,2,2,2,3,3,3,2
0.6868328,0.8363828,99,1,3,13,2,4,4,2,3,5,1,5,4,3,1
0.6844168,0.8085664,99,1,12,14,2,3,3,2,3,1,2,2,2,2,1
0.5781242,0.7026981,5,3,14,9,2,4,4,3,2,2,3,3,2,2,1
1.0579348,0.884569,10,1,9,12,1,2,4,1,4,3,3,1,2,1,1
1.0012245,0.7812355,7,1,5,8,5,5,3,3,2,2,5,3,5,3,1
1.0522103,0.8702521,10,1,9,11,1,1,1,1,3,1,4,2,3,4,1
1.1622074,1.5164663,7,1,7,11,1,2,3,1,4,2,2,2,2,4,1
1.1622074,0.8920086,3,1,5,8,4,4,2,3,2,3,2,3,2,3,2
0.620692,0.5156898,8,1,9,12,2,1,3,1,3,2,1,2,2,3,2
0.9374512,1.1490085,99,1,13,14,2,2,2,2,5,2,5,2,3,5,4
0.6680748,0.4475347,0,1,4,6,4,4,1,4,1,4,4,2,2,2,1
0.6714159,0.5767691,5,1,9,15,1,1,2,1,3,2,3,2,2,2,2
1.2771165,0.982304,6,1,5,9,1,3,2,1,4,1,3,2,1,2,3
0.9015657,0.6240771,1,1,4,11,1,1,1,1,3,3,3,1,3,1,1
1.0640558,0.841186,4,1,5,8,3,4,1,4,2,2,4,3,2,2,3
0.7872086,1.0759386,8,1,7,8,2,2,2,2,3,2,2,2,2,2,2
0.6411879,0.4941896,6,1,5,8,2,3,2,2,3,3,3,2,2,3,2
1.2944592,1.0060271,5,1,5,8,5,3,2,3,2,2,2,2,3,5,2
1.0084482,0.8084726,3,1,5,8,3,5,1,2,2,3,3,4,2,5,2
0.5929651,0.7098699,3,1,16,14,3,3,2,2,2,3,2,1,3,3,2
1.2538356,0.8563008,4,1,4,8,3,4,1,1,1,2,4,3,2,2,2
1.0324112,0.9030369,5,1,9,12,1,3,4,1,3,1,3,1,2,2,1
1.2944592,1.0768052,8,1,9,12,1,2,2,1,4,2,3,2,2,2,2
0.7577332,0.8925866,5,1,13,14,5,5,2,2,5,2,5,2,5,5,2
0.6883056,0.5238227,8,1,5,8,3,1,3,3,3,2,2,1,2,1,2
0.9255308,0.7955394,99,1,9,10,1,1,2,1,4,2,2,2,3,1,2
1.0715605,0.8256798,5,1,5,8,3,4,1,3,2,2,3,2,2,2,2
1.0800005,1.2715379,2,3,14,14,2,4,2,1,2,2,3,1,2,1,1
0.8656663,0.7284499,10,1,9,12,1,1,4,1,4,1,4,1,3,3,2
0.7236925,0.9024786,5,1,12,14,4,3,2,3,2,2,2,3,4,3,2
1.1514795,0.7438797,99,1,6,13,2,4,2,1,4,3,2,2,3,3,2
1.16631,1.5347168,6,1,7,8,2,2,2,2,3,2,3,2,2,4,2
0.8758051,0.6923463,7,1,5,8,2,3,3,2,2,1,2,2,2,3,2
1.0640558,1.4300649,9,1,7,11,2,2,4,2,3,2,2,3,2,3,2
0.9700822,0.7673193,3,1,5,7,1,1,2,1,3,2,2,2,2,1,2
0.9894444,1.1938225,99,1,12,14,3,2,3,3,2,2,2,1,2,3,2
1.1754963,1.3902158,5,1,12,8,2,1,3,2,3,1,1,2,2,3,1
1.0460829,0.8331253,4,1,5,7,3,4,2,3,2,3,3,2,3,2,2
1.0179888,1.3254119,9,1,7,9,1,3,3,2,3,2,1,2,2,3,2
1.0284433,0.7925281,99,1,5,15,4,4,4,4,4,4,4,4,4,4,2
1.1051377,1.4619056,8,1,7,9,1,1,4,1,4,1,1,4,2,4,3
0.9123816,1.2088381,5,1,7,9,2,2,2,3,2,2,2,3,2,3,3
0.9700822,1.1872925,5,1,12,14,2,2,2,2,2,3,2,2,2,2,2
0.842263,1.0999696,4,1,7,8,2,3,5,1,2,2,3,2,3,3,1
0.869993,1.10296,4,1,3,5,3,2,1,5,2,5,5,2,1,2,2
1.2006755,1.5983235,9,1,7,9,1,1,2,1,3,1,1,1,1,2,1
1.1581417,0.792641,5,1,4,8,3,4,2,2,2,2,2,1,3,3,1
0.8139315,0.5396524,8,1,4,15,3,4,2,3,2,2,2,2,2,2,2
0.7422517,0.8976498,8,4,16,9,1,3,3,1,4,1,1,2,3,3,2
1.2141974,0.9684291,8,1,5,8,1,1,2,3,1,2,1,1,3,1,1
0.4943386,0.4236968,10,1,9,11,1,1,4,1,4,1,3,2,2,3,2
0.9436474,0.7389682,6,1,5,8,2,2,3,2,2,3,2,2,2,2,2
1.1724757,0.989632,10,1,9,11,1,1,4,1,4,1,4,2,2,4,1
1.2944592,1.0768052,5,1,9,12,1,1,1,1,1,1,3,1,2,1,1
1.2765564,1.5817871,3,1,12,7,2,3,3,3,2,4,3,2,4,1,2
0.6795532,0.8112571,99,3,14,15,2,5,5,2,3,1,2,5,4,1,1
1.147429,1.5178378,6,1,7,15,2,2,3,1,3,1,3,2,1,2,2
0.6635163,0.5696108,5,1,9,12,2,1,2,2,3,2,3,3,3,3,2
1.0524853,1.2942559,5,3,14,12,4,4,4,4,4,4,4,4,4,4,1
0.8871313,0.7710925,99,1,9,11,1,3,2,3,4,1,1,1,2,1,1
1.0799754,0.9029271,10,1,9,11,1,2,4,1,3,1,3,2,2,3,1
0.9870259,1.165843,2,3,14,14,4,5,4,4,1,5,5,1,4,5,2
1.115877,0.9454781,9,1,9,12,2,3,2,2,3,2,3,2,2,3,2
0.9043486,0.7076969,9,1,5,8,2,3,2,2,3,2,1,3,1,3,2
0.9558012,1.2551535,8,1,7,9,1,3,3,1,3,1,2,2,2,4,2
0.6795532,0.5242964,99,1,5,8,2,3,2,2,2,2,1,3,2,4,2
1.4116906,0.9545098,3,1,4,3,3,4,2,4,1,3,3,1,3,2,3
1.0579348,0.884569,5,1,9,11,2,3,2,2,4,3,1,1,5,5,1
1.2990288,1.7308878,6,1,7,8,3,3,4,2,2,2,2,3,3,4,2
1.0877792,0.8541365,3,1,5,8,4,4,1,3,2,3,3,3,2,3,2
0.7900848,1.0193458,7,1,7,9,3,3,3,3,2,2,2,4,2,4,2
0.9436474,1.1434242,7,3,14,15,1,1,4,1,4,1,3,1,1,1,2
1.1622074,1.3802274,5,1,12,16,2,3,3,2,3,3,3,2,2,2,2
1.0761764,0.8335462,6,1,5,8,3,4,5,2,2,3,3,3,2,5,2
1.0677911,1.3870108,6,1,7,11,1,2,1,1,2,1,3,2,2,3,1
1.2256845,0.9338771,99,1,5,11,1,3,2,1,4,1,1,2,1,2,2
0.9544503,1.1855029,3,1,3,14,4,4,2,4,2,2,3,2,3,3,1
0.8035817,0.8109034,9,2,15,9,2,4,2,5,5,4,4,2,4,4,1
0.9255308,0.6405689,2,1,4,12,5,2,3,1,4,4,1,1,2,1,4
0.9247081,0.7736603,8,1,9,12,1,3,3,1,4,2,2,1,2,2,1
1.0115001,0.8536752,9,1,9,8,2,2,2,2,3,2,3,2,2,3,2
1.0677911,1.1428878,9,1,8,11,1,2,2,1,3,1,3,1,2,2,1
0.956358,1.2823848,7,1,7,9,2,4,3,2,3,2,2,3,2,3,1
1.0400652,0.8185073,7,1,5,8,2,4,2,3,3,2,3,3,2,4,2
1.0579348,1.404973,9,1,7,9,2,1,3,3,2,2,2,2,2,2,2
0.7928738,0.9596853,4,1,3,14,1,1,3,2,4,2,4,1,2,1,2
1.1766145,1.0015422,8,1,9,9,1,4,4,1,3,1,3,3,2,3,2
1.1514795,0.9035604,7,1,5,8,2,5,3,2,3,2,2,3,2,3,2
1.2614174,1.0577065,8,1,9,12,1,2,4,1,4,1,3,1,3,2,1
0.9429738,0.981931,8,1,11,16,1,4,4,1,4,1,2,2,3,2,1
1.0542133,0.8165988,99,1,5,8,3,4,2,4,1,2,3,2,3,2,2
0.9591154,0.8154024,10,1,9,11,1,2,2,2,1,1,1,1,1,1,1
1.0534607,1.3902522,1,1,7,11,1,1,4,4,3,1,2,2,2,4,2
1.276228,0.8545055,2,1,4,6,4,4,1,2,1,2,4,2,3,3,2
1.3478386,0.8793237,6,1,6,13,2,4,2,3,2,3,3,2,2,2,1
1.195665,0.9312362,4,1,5,6,4,4,4,2,1,3,4,1,4,1,1
0.6051621,0.4731899,5,1,5,8,3,4,2,3,2,3,4,3,4,3,2
0.6969997,0.8683128,99,1,12,9,4,4,1,4,2,3,3,3,4,5,2
1.0256807,1.3153907,99,1,3,4,3,2,1,3,2,2,4,1,2,1,1
1.2990288,1.6102033,1,1,3,4,2,3,2,2,2,1,4,2,1,2,2
0.8878633,1.0738678,99,1,16,16,3,1,2,4,1,1,4,3,1,1,1
0.9440513,1.2475643,8,1,7,9,2,4,3,2,3,1,1,3,1,4,1
1.179646,1.5458232,7,1,7,9,1,5,4,1,3,2,2,3,2,4,2
1.3433056,1.4205539,99,1,11,14,2,2,4,2,3,2,4,2,4,1,2
1.0985308,1.448007,8,1,7,9,1,4,4,1,4,3,1,3,2,4,2
1.2990288,1.35095,9,1,11,11,1,4,3,3,3,1,2,2,2,2,2
1.2510234,0.9878762,8,1,5,8,1,1,1,1,4,1,4,4,1,4,1
1.2990288,0.8382059,6,1,6,9,2,4,4,1,4,2,4,2,4,4,2
1.4961654,2.052712,8,1,7,9,2,4,1,1,3,1,2,3,2,3,2
0.7465463,0.6320342,8,1,9,11,1,1,2,1,1,2,2,2,2,2,1
1.0787754,1.4513185,8,1,7,11,1,2,3,1,4,2,3,2,1,3,1
0.9123816,1.124553,2,1,3,4,3,4,2,4,2,3,4,1,4,2,1
0.8327412,0.6875637,99,1,9,12,1,2,2,2,4,4,4,2,5,2,2
0.8845756,0.6038418,4,1,4,8,4,4,1,2,2,4,4,3,2,3,2
0.79869,0.5522866,99,1,4,8,2,4,2,2,3,2,4,2,2,2,2
1.1326358,0.9068195,5,1,5,14,3,3,2,3,2,2,3,2,2,2,2
1.2300112,1.6067523,99,1,7,8,3,4,3,3,2,2,2,3,2,4,2
1.1472081,0.6535249,2,1,2,2,3,4,2,3,2,3,2,2,2,2,2
1.179646,0.9092768,4,1,5,8,3,4,3,3,3,3,3,2,3,3,2
1.0799754,1.3052895,0,4,16,6,4,4,1,1,1,4,4,1,4,1,1
1.2300112,1.0116091,5,1,9,12,2,2,3,2,3,2,3,1,4,2,2
1.3303132,0.8916408,2,1,4,7,3,4,2,3,2,3,3,2,3,2,1
1.1631668,1.4262006,99,3,14,15,2,1,2,3,2,2,4,1,1,2,1
1.2256845,0.9338771,6,1,5,8,5,4,2,3,2,3,3,3,2,3,2
1.040315,0.8072091,99,1,5,8,3,3,1,4,2,4,3,5,3,3,2
0.7677912,1.0108618,7,1,7,11,2,2,3,1,1,5,5,3,2,5,2
0.869993,0.7464689,99,1,9,12,1,1,3,2,3,1,2,2,1,3,3
1.0559248,0.8807256,99,1,9,12,1,3,2,1,4,2,2,1,4,1,1
1.0930436,1.3567615,3,1,3,4,4,1,4,4,2,2,3,2,3,2,2
0.8976933,0.6286868,3,1,4,7,4,4,2,3,2,3,3,2,3,2,1
1.2141974,0.9684291,4,1,5,8,2,5,2,2,5,2,4,1,2,3,2
1.1631668,0.9865668,3,1,9,12,2,1,1,3,4,3,3,1,1,4,1
1.2184837,0.9800842,7,1,5,8,3,4,2,2,2,2,2,2,2,3,2
0.6562741,0.4706368,4,1,4,10,2,2,3,2,3,3,3,1,3,2,2
1.0542133,1.2914698,3,1,3,15,3,3,2,3,1,4,2,1,4,1,1
0.9103664,0.7348205,5,1,5,7,5,3,2,3,2,2,1,2,3,3,4
1.16631,0.9027439,4,1,5,6,3,5,5,3,2,3,4,2,5,2,1
0.8786647,0.6899248,8,1,5,9,1,4,1,4,3,2,4,1,4,1,1
1.0013149,0.8554349,10,1,9,12,1,1,3,1,4,1,3,1,2,1,2
0.6609027,0.4619612,4,1,4,6,3,4,1,3,2,3,4,2,3,2,1
1.040315,1.2490151,2,1,12,6,4,4,2,4,2,3,4,2,4,2,2
0.7209231,0.9805393,8,1,7,9,1,1,4,1,4,1,1,4,2,4,2
1.1724757,0.9245837,4,1,5,4,3,3,2,3,3,3,3,2,2,3,2
0.6224948,0.5413072,10,1,9,12,1,2,3,1,2,1,2,1,5,2,2
1.0640558,0.900367,9,1,9,12,1,1,3,1,4,1,3,2,1,3,1
0.5950583,0.7184132,99,1,16,8,3,2,4,1,4,1,1,3,1,2,2
1.2717385,1.515896,6,1,12,11,1,2,4,1,3,1,1,1,1,1,1
0.6680748,0.5192723,6,1,5,8,1,2,3,1,2,1,2,1,2,1,1
0.7491669,0.6130059,99,1,9,11,2,2,3,2,3,2,3,2,2,3,1
1.3433056,1.0705912,7,1,5,8,3,4,2,2,2,4,2,5,2,3,2
1.2300112,1.6067523,8,1,7,9,2,4,4,2,2,1,1,4,1,4,2
1.0677911,1.2624023,6,3,14,8,2,3,4,1,2,2,2,1,2,2,2
0.6434513,0.7909784,1,1,3,4,4,4,2,3,2,4,4,2,4,2,1
0.9374512,0.7425772,5,1,5,8,2,4,2,5,5,5,4,3,3,3,2
0.9946959,1.3085465,8,1,7,8,1,2,3,2,3,2,1,2,1,2,1
1.195665,0.9967525,99,1,9,12,2,1,4,3,3,1,1,2,2,3,4
0.8937082,0.6989136,6,1,5,9,4,3,2,4,1,2,3,2,2,2,1
1.2990288,1.0181346,6,1,5,8,1,2,2,2,3,1,2,3,2,4,1
0.9090632,0.6081866,99,1,4,5,2,2,1,1,3,2,3,2,4,2,1
1.2256845,1.4450115,1,1,13,11,1,1,3,1,3,1,1,2,2,4,3
0.9255308,0.7955394,4,1,9,12,4,4,4,4,4,3,4,4,4,4,1
1.049755,1.3737196,8,1,7,9,1,1,5,1,4,1,1,1,1,5,1
0.7577332,0.9806916,8,1,7,9,1,1,4,1,4,2,1,3,1,4,1
1.2538356,0.9935616,99,1,5,14,2,2,2,2,2,2,2,2,1,1,1
1.2990288,1.0181346,7,1,5,3,1,3,4,1,4,4,4,1,3,1,1
0.7465463,0.5904908,6,1,5,8,2,4,3,2,3,1,2,2,1,2,2
0.6907353,0.9012463,6,1,7,9,2,4,3,2,3,2,3,2,2,2,2
1.035714,1.2644471,1,1,12,4,2,2,2,2,3,2,2,2,2,3,2
1.2717385,0.9796879,7,1,5,9,2,2,3,1,2,2,2,2,3,2,2
1.0287795,1.3184328,0,1,3,4,3,2,2,3,2,2,2,2,2,2,1
1.1622074,1.4107322,2,1,3,4,2,3,1,3,2,2,3,2,3,3,2
1.0215824,1.3413632,7,1,7,9,4,3,4,2,4,2,2,1,4,3,2
1.167661,0.9962045,6,1,9,12,2,3,2,2,3,2,3,2,2,2,2
1.1381776,0.9057124,5,1,5,7,2,4,3,1,2,4,3,2,3,2,2
1.2980295,1.6389892,2,1,3,4,4,2,2,3,2,3,4,2,2,2,1
1.2078009,1.4698849,99,3,14,15,5,4,2,5,5,3,5,5,5,5,2
0.8139315,0.9688669,5,1,13,14,5,2,2,3,2,2,3,1,3,2,2
1.147429,1.2506883,99,1,8,12,1,3,1,1,4,1,4,2,2,5,1
1.0420297,1.0776653,4,2,15,11,1,1,3,1,1,1,3,3,2,2,4
0.588057,0.7795296,7,1,7,9,2,3,3,2,3,2,2,3,2,3,2
1.2300112,0.9451162,8,1,5,9,3,4,5,3,2,2,2,4,2,3,2
1.3101227,1.4331772,99,1,8,10,2,2,5,1,4,2,3,2,1,3,4
0.6141548,0.4255829,1,1,4,6,3,4,2,3,2,4,4,2,3,2,1
1.147429,0.9556286,10,1,9,12,2,2,4,2,2,1,2,2,2,2,1
0.6527448,0.700103,9,1,8,11,2,4,4,1,3,2,3,3,2,4,2
1.1514795,0.9035604,7,1,5,9,2,4,2,2,2,2,2,2,2,2,2
0.7439201,0.9028159,3,1,16,16,5,4,2,3,2,5,5,2,2,5,4
0.5242262,0.4123935,4,1,5,9,2,4,4,2,2,3,3,2,2,2,2
1.0396332,0.8881636,99,1,9,12,2,2,5,5,5,2,5,2,3,2,4
1.2006755,1.317008,5,1,8,12,1,2,4,1,3,2,2,1,1,2,2
1.3780217,1.1792123,9,1,9,11,3,4,4,2,4,1,1,2,2,3,1
0.9255308,1.1500477,99,1,12,14,1,1,5,1,4,5,1,1,1,1,1
1.2572799,1.0972595,8,1,9,12,2,2,3,2,2,1,3,1,3,3,1
0.7123795,0.4758339,3,1,4,7,3,4,2,4,2,4,4,1,4,2,2
1.1395994,1.4470807,3,1,3,3,1,2,3,1,2,1,3,1,2,2,1
0.7662184,0.6141266,3,1,5,14,1,4,2,1,2,1,4,2,3,4,1
0.9231336,1.229386,9,1,7,9,1,1,4,1,4,1,1,2,1,4,1
0.8932263,1.1117289,3,1,3,5,2,4,4,1,2,3,3,2,3,3,1
1.147429,1.3814758,99,1,12,14,2,2,2,2,5,5,5,2,5,5,2
0.7792065,0.6038753,7,1,5,8,2,4,2,2,2,3,2,3,2,3,2
1.2765564,0.8810448,2,1,4,6,3,4,1,4,1,1,3,2,3,2,1
1.0215824,1.3413632,7,1,7,14,2,1,5,2,2,1,5,2,1,2,2
0.9313899,1.1574451,99,1,3,14,1,5,5,5,3,1,3,1,3,2,1
0.9798579,0.7616026,99,1,5,12,3,3,3,3,3,3,3,3,3,3,1
1.2300112,0.9451162,5,1,5,14,2,3,3,1,2,1,1,4,1,4,3
1.3478386,1.6526653,4,1,12,4,3,1,1,4,2,4,1,1,4,1,1
0.9146116,0.7396438,99,1,5,8,3,2,2,4,3,3,3,2,3,2,2
0.8453636,1.0568177,7,4,16,16,5,3,2,5,5,2,5,5,3,2,2
0.5404741,0.7249715,7,1,7,9,3,4,5,5,2,2,3,3,2,3,2
1.0682567,1.2035735,5,1,8,9,3,5,4,2,2,3,2,1,1,2,1
0.7738386,0.6334197,7,1,9,12,1,1,1,1,3,1,2,2,1,2,1
1.1754963,1.3902158,5,3,14,15,3,2,1,3,2,2,2,1,2,1,1
1.204789,1.4305786,8,1,16,16,2,3,2,3,3,2,3,2,2,2,2
1.0012245,0.6733076,7,1,4,8,3,4,2,3,2,2,3,1,2,3,2
0.770734,0.5978993,6,1,5,8,3,4,2,3,2,3,3,2,2,3,2
1.1694453,0.9983649,9,1,9,12,1,2,4,1,4,2,2,2,3,2,1
1.1840696,0.8233591,2,1,4,11,2,4,2,2,4,2,3,2,3,2,2
0.8793629,0.8999329,6,2,15,5,2,3,2,1,3,1,2,1,1,4,1
0.6527448,0.5349362,6,1,9,10,2,2,2,2,2,2,2,3,2,3,1
0.5829493,0.454376,5,1,5,8,3,3,2,3,2,2,2,3,2,3,2
1.1754963,1.3902158,99,3,14,15,2,3,3,2,3,2,2,2,2,2,2
0.9873759,1.2276161,99,3,14,14,1,1,1,1,4,1,2,1,4,1,2
1.0256807,0.7168212,2,1,4,8,3,2,1,3,2,5,5,2,2,5,2
1.1622074,1.4107322,0,1,3,4,4,4,1,4,1,4,4,2,4,1,1
0.7900848,0.5995948,7,1,5,8,2,4,2,2,3,2,3,2,2,2,2
0.9090632,0.7553231,9,1,9,12,1,1,2,1,4,1,5,1,3,2,1
1.0971347,0.9045534,99,1,9,12,3,3,3,3,3,3,3,3,3,3,4
0.6819521,0.5679367,9,1,9,11,2,3,2,1,4,2,1,1,2,3,1
0.7691802,0.5308603,1,1,4,14,4,4,1,4,1,3,1,2,2,2,1
1.0795268,1.323274,99,3,14,14,2,2,4,2,4,2,2,2,2,2,3
1.0433031,1.3281175,2,1,3,3,3,2,2,2,3,3,2,2,3,2,2
0.6916764,0.826068,5,3,14,5,2,2,2,2,3,1,2,1,2,1,3
0.7502024,0.7786764,5,2,15,8,1,1,1,1,1,1,1,1,1,1,1
1.115877,1.366802,99,1,12,11,1,1,1,2,3,2,4,1,4,1,1
0.9929373,1.2348926,2,1,3,5,4,4,2,4,2,4,4,1,4,2,1
0.9634852,0.9697688,2,2,15,4,4,4,2,5,2,4,3,2,5,2,1
1.179646,1.4380422,2,1,3,4,4,4,1,3,1,4,4,1,4,1,1
0.798429,0.9911461,99,1,12,14,2,4,2,3,3,3,3,1,3,2,1
1.2538356,1.5373629,5,3,14,14,2,3,1,2,2,1,1,1,1,1,1
0.7056296,0.8545846,99,1,3,12,2,5,5,1,3,2,3,3,3,2,2
0.7345937,0.5874696,7,1,5,6,2,2,3,2,2,3,2,3,3,3,2
1.1914591,0.9201621,3,1,5,16,3,3,2,3,2,2,3,2,2,2,1
0.8516892,0.6595126,0,1,5,8,1,4,3,2,2,2,2,2,1,5,2
1.16631,0.9027439,6,1,5,8,2,4,2,2,2,5,5,5,2,3,2
1.0877792,1.3508364,2,1,3,9,2,2,1,1,4,4,4,1,3,1,1
0.6795532,0.8112571,4,3,14,8,2,3,5,2,4,3,1,2,1,2,2
1.2414075,0.7079575,99,1,2,7,3,4,3,3,2,3,3,3,3,2,2
1.0287795,0.8922981,99,1,9,12,1,1,1,1,4,1,1,1,1,1,1
0.7852752,0.7932491,6,2,15,3,3,3,2,3,3,2,2,3,3,2,2
1.195665,1.4727715,0,1,3,3,2,3,2,1,2,3,3,1,4,1,1
0.9198864,1.1056322,99,1,12,14,2,2,5,5,5,2,5,5,2,2,2
1.1795876,1.4684293,6,1,3,15,2,2,2,1,2,2,3,2,2,2,2
0.9894444,0.6649511,1,1,4,2,5,2,1,5,5,2,5,2,5,5,1
1.1581417,1.5635388,8,1,7,8,2,2,4,1,4,1,1,4,2,4,2
1.0971347,0.8450973,5,1,5,9,1,3,2,1,1,2,2,4,2,3,2
1.1514795,0.9035604,6,1,5,8,2,1,1,2,3,2,3,1,3,3,2
0.9075409,0.716214,4,1,5,8,3,4,2,1,2,3,3,2,3,3,2
0.973693,0.5614976,8,1,2,9,4,2,1,3,2,2,2,1,1,2,2
1.0118998,0.8612784,5,1,9,12,2,2,2,2,2,2,2,2,2,2,1
1.2466228,1.0448031,2,1,9,14,1,2,2,1,3,1,1,1,2,1,1
1.0877792,1.3216269,99,1,12,14,2,3,2,3,2,2,3,2,3,3,2
0.7591392,0.9442481,1,1,12,10,2,4,4,5,5,5,2,3,2,1,1
1.2381164,1.0707549,9,1,9,12,1,1,2,1,3,1,1,1,1,2,1
1.1698967,0.8085715,99,1,4,14,2,3,2,2,2,2,3,3,2,2,2
0.51867,0.5727254,9,1,8,10,1,2,4,1,4,1,1,2,2,3,2
1.1431726,1.5112164,8,1,7,11,1,4,2,1,4,1,4,2,1,4,2
0.9065661,0.7274154,99,1,5,8,2,2,2,1,2,2,3,2,2,3,2
0.9977942,0.7575235,8,1,5,4,1,1,3,3,4,1,1,3,4,3,1
1.1754963,1.5274405,7,1,7,9,1,3,2,2,3,2,5,5,5,3,1
0.7928738,0.6068109,9,1,5,9,3,4,2,2,3,3,2,3,3,3,3
0.8344174,0.6459186,99,1,5,15,2,4,5,2,2,2,2,5,2,2,2
0.9198864,1.2147663,5,1,7,9,2,5,5,1,3,5,4,2,2,2,2
0.7900848,0.5167606,4,1,4,8,2,1,1,1,2,1,2,1,2,2,1
0.6883056,0.4514565,99,1,4,8,2,4,2,1,3,2,2,2,5,3,2
0.5929651,0.4910488,10,1,9,12,2,1,1,3,3,1,2,1,1,2,1
0.6935118,0.5217493,6,1,5,8,3,4,3,2,3,2,2,2,2,3,2
0.8882824,0.757112,9,1,9,11,1,1,4,1,4,1,3,1,2,1,1
1.0283141,0.8351415,99,1,5,10,4,4,5,5,2,3,4,1,3,1,1
1.0347319,0.908234,5,1,9,12,1,4,2,1,3,2,4,2,2,3,2
1.0347319,1.1886601,8,1,8,10,2,2,3,1,3,2,1,1,3,1,1
1.2048331,0.8134202,99,1,6,13,2,3,4,2,2,2,2,2,2,2,2
0.7548224,0.6303384,10,1,9,12,1,2,3,3,3,5,4,1,2,2,1
0.6825079,0.4559502,10,1,1,1,1,5,5,5,5,5,5,5,5,5,1
0.6795532,0.8913342,10,1,7,9,1,2,4,1,4,1,1,5,2,3,1
1.147429,0.8928154,7,1,5,8,2,3,2,2,2,2,2,3,3,3,2
0.8234087,0.6921074,4,1,9,4,3,3,2,4,2,1,3,2,2,2,1
1.4358064,1.9680213,7,1,7,9,3,1,1,3,2,3,2,3,2,2,2
0.8695994,0.6986535,2,1,5,16,2,3,2,3,3,1,4,1,2,3,1
1.2572799,1.0251369,5,1,5,11,4,4,1,3,2,3,4,2,2,5,2
1.2528572,1.0129461,6,1,5,8,5,5,4,2,3,2,2,2,3,2,2
0.9873759,0.849197,9,1,9,12,1,1,2,1,4,2,3,2,2,2,2
1.040557,1.308475,99,3,14,15,4,4,1,3,2,4,3,5,5,5,1
1.0287795,1.2899239,99,1,12,15,1,3,2,2,4,1,4,1,2,1,2
0.6685875,0.8314952,8,1,13,11,1,3,3,1,3,1,3,4,1,4,2
1.1472081,1.3920027,3,3,14,15,2,2,1,2,2,2,2,1,2,2,1
1.0542133,1.1439215,10,1,8,9,1,1,2,2,3,2,2,1,3,1,2
1.2810627,1.6362039,1,1,3,4,1,3,4,1,4,4,4,1,4,1,1
0.97076,1.0802605,99,1,8,10,2,2,2,2,2,2,2,1,2,2,2
0.9134051,1.1096276,7,1,12,12,2,3,2,1,3,1,1,2,3,2,2
0.837363,1.1113147,7,1,7,8,4,2,5,5,2,2,1,2,5,2,1
0.677537,0.5529288,5,1,5,8,2,3,3,2,3,2,3,2,3,3,1
1.0470737,1.2796886,99,3,14,15,1,2,3,2,3,3,2,2,3,5,1
1.2572799,1.0972595,99,1,9,14,2,2,3,2,3,1,2,2,3,2,1
1.0860195,1.3359754,3,4,16,16,2,2,1,2,4,3,3,2,2,2,2
0.8918411,0.9304606,8,2,15,11,1,3,4,1,4,2,1,3,2,2,2
1.3264183,1.0227431,99,1,5,8,1,2,2,2,2,1,2,2,2,1,2
1.0470737,1.3079712,8,1,3,4,1,1,1,3,1,2,1,1,1,1,1
0.6751537,0.8453866,99,1,12,15,3,4,2,2,2,2,4,3,2,3,2
1.3899729,1.7344259,7,1,3,4,2,2,3,3,1,2,4,5,1,3,2
1.1496921,0.988798,5,1,9,12,1,2,2,1,4,3,1,2,3,1,1
1.0650389,1.2007965,8,1,8,8,1,1,3,3,2,1,2,2,2,3,2
1.3297808,1.6136938,99,1,16,16,3,1,1,1,2,3,1,1,1,2,1
0.76858,0.6721523,9,1,9,12,1,2,2,1,4,2,2,2,2,2,1
0.6919218,0.8758437,0,1,3,4,4,4,2,4,1,4,4,1,4,1,1
0.929354,1.1595613,99,1,3,8,2,3,2,2,2,2,2,5,2,2,2
1.1462051,1.5113798,99,1,7,9,2,3,3,2,2,3,3,3,3,3,2
1.0284433,0.8482857,5,1,9,12,2,3,1,2,2,2,4,1,2,1,1
1.1012502,1.3147457,99,1,12,14,2,3,2,4,3,3,2,2,4,2,2
1.0877792,0.8541365,6,1,5,8,2,1,1,2,2,1,2,2,1,2,2
1.13572,1.3859249,0,1,3,4,1,1,1,2,1,4,1,1,1,1,1
0.5948555,0.4797818,7,1,5,9,2,3,1,3,2,3,2,2,2,4,1
1.0442302,0.916024,7,1,9,12,1,1,3,1,4,1,2,2,3,1,2
1.0800005,1.2715379,4,1,13,15,4,4,2,5,2,5,3,5,3,2,2
1.3506365,0.7628099,99,1,2,8,3,1,1,3,2,2,2,2,1,3,2
1.2980295,1.1092465,7,1,9,12,3,1,3,3,2,3,3,2,2,2,1
1.3660802,1.6727062,0,1,3,4,4,4,1,1,1,4,3,1,3,2,1
0.7056296,0.5783717,9,1,9,12,1,1,3,1,4,1,1,1,1,2,2
0.9075409,0.6172689,7,1,4,6,2,2,3,2,3,3,2,1,3,2,2
1.4761204,1.8645587,1,1,3,4,3,4,2,3,2,2,4,1,3,2,1
1.0916191,1.3670938,3,1,3,4,1,2,3,1,4,1,3,2,4,2,1
1.3718255,1.6958251,10,1,3,11,1,3,4,1,3,1,4,1,1,1,2
0.9832555,1.2159661,5,1,12,15,2,3,2,3,3,2,2,2,2,1,2
1.1698967,1.4516717,5,3,14,12,2,2,2,2,3,3,2,2,1,1,2
1.0677421,0.8387243,5,1,5,12,2,2,4,2,3,2,3,2,3,2,1
1.1754963,1.4209412,1,1,3,6,1,2,2,1,3,2,3,1,1,1,1
0.9787525,0.990135,7,2,15,3,1,2,1,1,3,3,1,3,1,1,1
1.1316302,1.3768421,99,3,14,12,2,2,2,2,2,3,3,3,3,4,2
1.0579348,0.8264266,7,1,5,9,2,2,1,2,3,2,3,2,2,2,2
1.3560655,1.5991024,5,1,12,14,2,3,2,2,3,2,3,2,2,2,2
1.2298357,0.9675541,5,1,5,8,4,4,2,3,1,3,3,3,3,3,1
1.2899414,1.2836758,7,2,15,1,2,2,2,2,2,3,2,2,2,2,3
0.839432,1.0504104,9,1,3,4,1,1,1,1,1,2,2,2,1,1,2
1.2453774,1.058663,8,1,9,12,2,1,2,1,2,2,2,1,2,2,2
1.0655063,1.0657504,6,2,15,6,3,3,2,2,2,3,3,2,2,2,2
1.1603514,0.889548,4,1,5,8,2,1,2,2,2,2,1,2,2,1,1
1.3433056,1.0705912,4,1,5,8,4,4,1,3,2,4,2,2,4,5,1
0.6476746,0.4374991,3,1,4,4,3,4,1,3,3,4,4,1,3,3,2
1.1421243,1.0002974,99,1,9,12,1,2,3,1,4,2,3,2,2,3,3
1.115877,1.366802,99,1,12,6,2,3,4,2,2,1,2,3,2,4,1
1.0799754,0.8435779,5,1,5,15,3,3,1,3,3,2,2,3,2,2,1
1.4519058,1.1209072,3,1,5,8,1,1,2,4,1,1,1,1,1,1,1
0.8137207,1.0856403,8,1,7,11,1,2,3,1,3,1,2,3,2,4,2
0.973693,0.7729373,8,1,5,8,2,3,3,1,3,2,2,2,2,3,2
0.9771301,0.8372734,8,1,9,12,2,2,3,1,2,1,2,1,2,2,1
0.7236925,0.5832508,5,1,5,8,1,4,1,1,4,2,1,3,1,3,1
1.2256845,0.9995791,5,1,9,12,1,2,2,2,4,2,3,2,2,1,2
0.6476746,0.7854657,3,1,12,15,3,4,2,3,2,3,3,2,4,2,2
0.9103664,0.6227536,7,1,1,1,1,2,1,1,2,1,2,2,1,1,1
1.1125158,0.9432966,10,1,9,12,1,1,2,4,4,2,2,1,2,1,1
0.952022,0.9722097,6,2,15,8,2,1,1,1,2,1,1,3,2,4,3
1.1051377,0.8599153,5,1,5,8,3,4,1,1,2,3,3,2,3,3,1
1.1125158,1.3937865,10,1,3,12,1,1,4,1,4,3,4,3,2,3,1
1.2256845,0.9338771,2,1,5,8,4,4,1,1,1,2,4,2,2,3,1
0.9951176,1.2087659,0,1,3,3,3,4,2,3,2,4,3,2,3,2,1
1.011786,0.6697902,1,1,4,9,2,3,2,3,2,2,3,2,2,2,2
1.0747502,1.1014625,6,2,15,8,2,2,2,2,2,2,2,2,2,2,1
1.0534607,0.7047929,5,1,4,16,1,1,4,1,3,2,4,1,2,1,1
0.6051621,0.4731899,99,1,5,7,2,3,5,5,2,5,5,2,5,5,2
1.1150166,1.401808,4,1,3,15,2,2,3,1,3,2,2,3,4,2,1
0.6378028,0.5302172,6,1,9,12,1,2,3,1,3,1,1,2,1,3,1
1.167661,0.9962045,10,1,9,12,1,2,2,1,2,2,1,2,1,2,1
0.9609105,0.7740148,5,1,5,8,2,2,2,2,2,2,2,2,2,2,2
1.2006755,1.0063022,8,1,9,11,1,1,3,1,4,2,3,3,2,3,2
1.2771165,1.5199438,99,3,14,14,2,2,2,2,3,2,3,2,2,2,2
0.8937082,1.1881936,7,1,7,14,2,2,4,2,4,5,5,2,1,2,4
0.6378028,0.7664925,99,1,12,14,1,3,1,1,3,1,1,1,2,1,1
1.1622074,0.9547651,99,1,9,12,1,1,5,1,4,1,5,5,1,5,4
1.2300112,0.9451162,2,1,5,6,4,4,2,3,2,4,4,2,4,3,1
0.6030334,0.7948838,5,1,7,9,3,3,2,3,2,3,3,2,3,3,2
1.1228806,0.9312367,5,1,9,12,2,2,4,2,3,2,2,2,2,3,1
1.1051377,0.7411178,2,1,4,6,4,4,1,4,2,4,3,2,3,5,2
1.0682567,0.919629,99,1,9,12,1,1,2,1,4,2,4,1,1,1,2
1.2744558,1.387874,3,1,8,4,3,3,2,3,2,3,2,2,3,2,1
1.0579348,0.7122556,1,1,4,4,3,4,3,3,3,4,4,2,3,1,1
0.9929373,0.780825,5,1,5,8,2,3,1,5,3,3,3,2,4,2,1
1.0534607,1.3902522,7,1,7,8,2,3,3,2,3,2,2,2,2,2,2
1.0765216,1.3591304,5,1,12,14,2,2,4,2,3,2,3,2,2,5,2
0.8035817,0.6267223,99,1,5,14,1,4,2,1,3,3,3,2,2,3,2
1.2466228,1.6594748,9,1,7,11,2,3,4,2,3,2,2,3,3,4,2
0.7928738,0.8051697,9,1,11,16,2,5,5,2,2,3,5,2,2,2,2
1.2816249,0.9941261,4,1,5,8,4,4,2,3,1,4,3,3,3,3,1
1.1193095,0.9585716,99,1,9,12,2,3,3,3,2,2,3,2,1,3,2
0.6591141,0.5507733,99,1,9,8,1,2,2,1,3,2,3,1,2,2,2
1.2300112,1.0116091,7,1,9,12,1,3,4,2,4,1,3,2,1,3,2
1.1051377,0.9204138,6,1,9,12,3,4,3,3,2,3,3,3,4,2,1
1.2626787,1.043859,10,1,9,12,1,2,4,1,4,2,3,3,5,3,1
1.0400652,0.8185073,5,1,5,9,2,4,5,2,2,1,2,1,3,2,2
1.2990288,1.0181346,5,1,5,8,2,1,4,1,2,2,3,2,2,2,2
1.0347319,0.908234,3,1,9,12,2,1,2,3,3,2,4,2,3,1,2
0.7491669,0.905759,1,1,3,4,1,4,2,1,2,3,4,1,2,1,1
0.8964906,0.7170707,10,1,5,8,2,2,1,4,4,1,1,1,1,1,2
0.7519106,0.8958291,7,3,14,14,2,1,3,4,3,3,1,1,2,1,3
0.7577332,0.8925866,99,1,12,14,1,1,2,1,3,3,3,1,1,1,1
1.0621049,1.300869,5,1,16,16,3,1,2,3,2,1,4,3,1,3,3
1.115877,1.39701,5,1,3,9,2,3,1,3,3,3,2,2,1,2,2
0.8016779,0.8047988,6,2,15,2,2,1,1,1,1,1,1,1,1,1,2
1.115877,1.39701,6,1,3,4,4,1,1,4,1,1,2,2,2,1,2
1.0539447,1.326774,1,1,3,7,4,4,1,4,1,4,4,1,4,1,2
1.1501795,1.5594987,5,1,7,9,2,2,2,2,2,2,2,2,2,2,1
1.16631,0.7780297,2,1,4,6,4,4,1,4,1,4,4,2,4,3,2
1.1262952,0.9739458,8,1,9,11,1,2,2,2,4,1,4,2,1,2,1
1.2717385,1.515896,99,3,14,14,4,4,2,3,1,2,2,2,2,3,1
1.1799045,1.4606421,7,3,14,15,3,4,1,4,2,1,4,1,2,1,1
1.0542133,1.263544,99,3,14,15,1,2,3,3,2,3,2,1,3,2,1
1.0127031,1.3686112,7,1,7,11,1,2,2,1,3,2,2,2,1,4,2
1.2129997,0.9603775,4,1,5,8,1,1,1,1,4,1,3,1,1,3,2
1.2028247,1.4840684,10,3,14,12,1,1,3,1,4,1,1,1,1,3,2
1.2196647,1.4584122,6,1,12,14,3,3,3,2,3,3,3,3,2,4,2
1.4078752,1.1727761,99,1,9,12,2,2,2,3,3,1,3,2,3,2,2
1.1436223,1.4328291,99,3,14,15,4,1,4,1,1,2,1,1,1,1,2
1.2722293,0.9713862,4,1,5,7,4,4,1,3,1,4,5,2,3,1,2
1.1511426,1.3887036,5,1,12,14,2,2,3,2,3,2,2,3,2,2,2
1.0487142,1.3841257,8,1,7,9,2,4,3,2,4,2,2,2,2,3,2
1.3895187,1.0962344,7,1,5,8,3,3,3,3,2,1,3,3,3,3,2
1.1012502,1.4445208,9,1,7,12,1,2,4,1,4,1,2,2,3,2,2
1.4029503,1.7480152,99,3,14,11,3,3,3,3,3,3,3,3,3,3,3
1.3251032,1.594504,0,1,12,14,4,4,1,4,1,4,4,1,5,5,4
1.070968,1.3007807,6,3,14,14,2,3,2,2,3,2,2,1,2,2,2
1.1754963,1.5274405,6,1,7,9,2,2,1,2,3,2,2,3,2,4,2
1.070968,0.840664,6,1,5,8,3,2,2,4,2,2,3,2,2,2,3
1.0860195,0.7441294,2,1,4,6,4,4,1,3,1,1,3,1,2,1,1
1.2618197,1.5483526,8,1,3,4,2,2,2,3,2,2,2,2,2,2,1
1.1586964,0.9103884,99,1,5,8,3,4,1,4,2,2,4,3,2,2,2
1.2337213,1.0744512,8,1,9,12,5,2,4,2,3,4,2,3,2,3,2
0.6844168,0.7320176,5,1,8,10,2,1,3,2,3,2,2,2,3,1,1
1.2087328,1.4683448,3,3,14,14,3,4,2,3,3,2,3,2,3,3,2
1.3709025,1.6928372,5,1,3,4,2,2,2,2,2,2,2,2,2,2,3
0.9558012,1.0342382,10,1,8,11,1,1,2,1,4,1,2,1,2,2,2
0.9622368,1.181142,99,3,14,12,1,1,1,1,4,1,4,1,3,3,1
0.6513481,0.7068174,7,1,8,11,1,4,1,1,3,1,2,2,2,3,2
1.0462183,0.8774035,10,1,9,12,1,2,1,1,4,2,2,1,1,1,1
0.9873759,0.6837739,7,1,4,8,2,2,2,2,2,2,2,2,1,2,2
0.8104513,0.7044943,99,1,9,12,1,1,1,1,4,1,2,1,2,2,2
1.115877,1.1429257,99,2,15,15,1,2,2,1,3,1,2,1,2,1,1
0.8137207,0.9881068,3,1,16,16,2,2,3,5,2,2,3,2,2,2,2
1.3251032,1.594504,7,1,16,12,2,2,5,2,3,2,3,2,5,3,1
0.961046,1.2114693,5,1,3,7,2,1,4,5,2,1,5,5,2,2,2
0.7872086,0.5454505,0,1,4,6,2,3,3,2,3,2,2,2,3,1,3
1.2305973,1.2525128,0,2,15,4,1,1,1,1,4,1,1,1,1,1,2
1.0149571,1.2479607,7,1,12,14,3,3,3,2,2,3,3,2,2,2,2
1.0682567,1.4606591,10,1,7,9,3,4,4,2,3,3,2,4,2,3,2
1.2744558,0.9907466,7,1,5,6,3,4,2,3,2,3,2,2,3,2,2
1.070968,1.3007807,99,1,12,10,2,1,2,2,2,4,4,4,2,4,2
1.2300112,1.3239533,10,1,8,11,1,3,4,1,4,1,1,3,2,4,2
1.1635536,1.4230072,99,1,12,2,1,1,2,1,1,3,2,3,2,4,3
0.9075409,1.2176052,99,1,7,9,1,2,4,2,4,1,2,2,2,2,1
1.1276495,0.757772,99,1,4,15,1,4,1,2,3,2,2,3,1,3,2
0.6051621,0.8044503,7,1,7,9,2,4,4,2,2,2,1,2,3,3,2
1.1514795,1.3981018,3,1,16,16,4,4,1,3,2,3,4,2,3,2,1
0.7064128,0.6203601,99,1,9,11,2,3,4,2,3,2,2,4,3,2,1
1.2944592,1.0060271,4,1,5,14,3,4,2,2,3,3,4,2,3,3,1
1.0860872,0.8468392,99,1,5,8,5,1,5,3,2,2,4,5,1,1,2
1.2510234,0.9878762,99,1,5,7,2,2,3,2,2,2,3,2,3,2,2
1.3780217,1.7423687,2,1,3,12,2,3,1,2,2,1,1,1,2,2,1
1.1163546,1.3873084,8,1,3,8,5,5,2,2,2,3,2,2,5,3,2
0.961046,0.6601893,4,1,4,6,2,4,2,2,2,2,2,2,3,1,2
0.9667301,0.7436433,8,1,5,8,2,2,1,2,2,1,2,1,1,2,2
0.9771301,0.6741731,2,1,4,6,3,4,2,3,2,3,4,2,4,2,2
0.7788266,0.9608209,5,1,12,14,1,2,3,1,4,2,1,2,2,4,1
0.7155111,0.4767265,4,1,6,13,3,4,4,3,2,3,3,1,3,2,2
1.0916191,1.4695572,5,1,7,9,4,4,4,3,2,1,3,1,4,2,1
1.0462183,0.8774035,5,1,9,12,1,3,1,1,2,2,2,2,2,3,2
1.1750541,1.4190145,99,1,12,14,2,2,2,3,2,2,2,2,1,2,2
0.6051621,0.8044503,6,1,7,9,1,2,1,1,4,1,1,3,2,4,1
1.0677911,1.2903029,2,1,3,7,4,4,1,3,2,3,4,2,3,2,1
0.8336487,1.1312158,9,1,7,9,1,3,4,1,3,2,1,3,2,3,2
1.2300112,1.6067523,9,1,7,8,2,2,2,2,3,2,3,3,3,3,2
1.1562697,1.3901106,9,1,3,6,2,1,1,1,1,1,1,2,1,2,1
1.3948797,1.187964,10,1,9,11,1,1,4,1,4,1,2,2,3,2,3
1.2934636,1.6194985,4,1,3,8,3,3,1,5,5,5,3,2,3,5,2
1.0400652,0.8760926,8,1,9,11,1,3,1,1,1,2,4,2,2,3,3
1.2408595,1.0936403,99,1,9,12,2,2,4,3,3,2,2,2,1,3,2
1.1540679,0.9087605,4,1,5,8,1,3,3,1,3,2,4,1,4,2,1
1.3153889,1.0777597,9,1,9,11,1,1,2,1,4,2,3,2,1,3,2
0.5781242,0.5875992,7,2,15,9,5,4,4,2,3,2,1,2,2,4,2
1.0279863,0.8365107,10,1,5,9,1,3,3,2,3,2,2,1,2,3,1
0.9667301,0.7436433,99,1,5,8,3,2,3,2,2,1,1,3,1,2,4
0.8786647,0.6899248,0,1,5,8,2,4,3,1,2,3,3,2,4,2,2
1.0542133,1.263544,99,1,13,14,5,5,5,5,5,5,5,5,1,5,2
0.7518116,0.8968387,99,1,12,14,5,5,5,2,5,5,2,2,5,2,2
1.1051377,0.8599153,8,1,5,8,4,4,3,4,4,4,3,4,3,4,1
1.2256845,0.9338771,8,1,5,8,2,4,1,1,3,2,2,4,2,4,2
1.3459119,1.15882,9,1,9,12,1,1,3,1,4,1,1,2,2,3,2
1.0433031,0.7116984,6,1,1,1,3,4,3,4,2,3,3,2,2,2,2
1.0400652,1.2664969,99,1,12,14,1,4,1,1,5,5,5,1,3,1,3
0.9146402,1.0975876,6,1,16,8,2,3,3,2,3,2,2,3,2,3,2
0.8250545,1.1062093,10,1,7,9,1,2,4,1,4,2,2,2,3,4,1
1.0916191,0.864416,7,1,5,8,3,4,2,2,3,2,3,3,2,3,2
1.1012502,1.3147457,99,1,12,15,3,4,2,3,2,5,2,2,3,2,2
0.7422517,0.8976498,5,3,14,14,2,3,3,2,3,2,3,2,3,2,2
1.2129997,1.4860163,10,3,14,15,3,4,2,3,1,2,3,2,3,2,2
0.896863,1.2024934,7,1,7,9,4,1,1,1,3,2,1,1,2,2,4
0.5235125,0.6516643,99,4,16,14,1,1,3,1,4,2,2,3,2,3,1
0.973693,0.8273166,6,1,9,12,2,2,4,5,2,1,2,2,1,3,2
0.7491669,0.8861736,8,1,12,15,2,3,2,2,3,2,2,2,2,3,1
0.6030334,0.7948838,7,1,7,8,3,4,2,2,2,2,1,4,2,4,2
0.6540063,0.5664616,9,1,9,11,1,1,4,1,4,1,3,1,1,1,1
0.9787525,0.819083,7,1,9,12,1,2,3,1,4,2,2,3,2,3,1
0.9656335,1.1953571,5,1,16,9,3,3,2,2,2,2,3,2,2,2,4
1.2744558,1.5330073,2,1,16,7,2,2,1,2,3,1,3,2,1,2,3
1.147429,0.8928154,3,1,5,8,2,3,2,2,3,1,4,2,2,2,2
1.2256845,0.9338771,5,1,5,8,1,4,2,2,3,2,2,2,2,2,2
1.2006755,1.317008,5,1,8,10,1,1,4,4,3,3,3,3,1,3,1
0.7422517,0.58013,5,1,5,8,2,2,2,1,1,2,3,3,2,3,2
1.2078638,1.0334712,99,1,9,12,1,1,3,1,4,2,1,2,3,2,1
1.2843142,1.6009388,5,1,3,4,1,2,2,2,2,2,4,1,2,2,2
0.8344174,0.6459186,10,1,5,11,2,2,2,1,2,1,2,1,2,1,1
0.6607211,0.5307065,5,1,5,8,1,1,1,1,3,1,1,1,1,1,1
1.3828862,0.9609298,1,1,4,5,3,4,2,3,3,2,2,1,3,2,2
1.3009474,0.8983063,3,1,4,6,4,4,1,4,1,4,4,1,2,1,1
0.842263,0.647019,5,1,5,8,1,2,2,2,3,2,2,2,3,2,1
1.416674,1.7343068,5,1,12,14,3,4,2,2,2,5,4,2,5,1,1
1.1086023,1.347432,8,1,16,16,5,1,5,5,5,2,3,1,2,2,4
1.3560803,1.0875967,99,1,5,13,2,4,4,4,2,3,4,3,1,3,2
1.0530231,1.1613425,8,1,8,10,2,5,2,2,3,1,2,1,4,2,1
1.038891,0.6036571,8,1,2,11,1,2,3,1,3,1,1,1,1,3,1
1.1914591,0.9848993,10,1,9,12,1,1,4,1,4,2,3,2,1,3,2
0.7439201,0.5028624,3,1,4,6,3,1,5,5,2,2,3,3,1,1,2
1.1698967,1.4516717,99,3,14,10,2,2,1,3,2,3,3,2,3,1,1
1.070968,0.8998082,99,1,9,12,2,1,1,5,5,1,5,1,2,2,1
1.1799045,1.4606421,99,1,12,8,4,3,1,3,1,2,1,1,3,2,1
1.0013149,1.3586987,8,1,7,9,2,2,3,2,2,2,1,1,3,3,1
1.1795876,1.4366771,99,1,12,11,1,3,3,1,3,2,4,1,1,1,2
1.3895187,1.4183959,99,2,15,14,3,3,3,3,3,3,3,3,3,3,2
1.0352365,0.8788578,9,1,9,12,1,1,2,2,4,2,2,1,2,3,2
0.7519106,0.8958291,99,3,14,15,1,5,5,1,4,2,1,2,3,2,1
0.6452165,0.5441426,99,1,9,12,1,1,4,1,3,1,2,4,3,4,3
0.9491073,0.8050837,5,1,9,12,4,4,3,4,4,3,2,3,3,3,2
1.1552062,1.5441417,7,1,7,9,1,4,4,1,4,1,1,2,1,2,1
1.2475548,1.0403759,9,1,9,12,1,1,2,4,4,1,4,2,2,2,1
0.7211221,0.5961862,9,1,9,12,1,2,4,2,3,2,3,2,2,2,2
0.6743123,0.5349072,7,1,5,8,3,4,3,3,2,3,3,1,4,2,1
1.2466228,1.6594748,99,1,7,9,5,3,5,5,5,2,3,1,2,5,4
1.1698967,0.7951,5,1,1,7,2,1,2,2,2,1,2,2,1,3,2
0.70119,0.5869794,99,1,9,16,1,2,5,1,3,2,5,5,2,3,2
0.8336487,0.8609457,6,2,15,2,1,1,2,2,1,1,1,1,2,2,2
1.1511426,1.2572318,6,1,8,11,3,2,2,3,2,2,3,2,3,3,1
0.8103677,0.836401,0,2,15,4,3,3,4,1,1,3,4,1,3,3,2
0.8018253,0.6257126,5,1,5,8,3,2,1,3,2,1,4,3,2,1,2
1.0747486,1.3164356,5,1,12,14,3,4,1,3,1,3,3,1,3,3,1
0.6502441,0.672743,9,2,15,12,2,2,2,3,4,1,2,5,3,1,2
0.9644386,1.2260493,9,1,3,12,2,2,3,2,3,2,4,4,3,2,1
0.9908628,1.2706025,2,1,3,3,3,4,5,5,2,3,3,2,3,5,3
1.1421243,0.7920209,99,1,1,1,5,5,2,5,2,1,3,2,5,5,1
1.0266219,0.69757,8,1,4,4,1,4,1,1,1,1,4,1,1,4,1
0.9504011,0.7883343,10,1,9,12,2,2,4,3,2,2,4,3,2,2,1
1.040557,1.308475,99,1,12,14,3,3,2,1,3,3,4,2,1,2,1
0.6883056,0.5606757,5,1,9,12,1,5,3,1,3,1,1,1,3,5,1
1.3459119,1.15882,6,1,9,12,2,2,2,2,3,2,2,2,2,2,2
1.1864125,1.0115627,99,1,9,12,2,2,2,2,3,1,3,3,2,3,4
0.8336487,1.0523429,0,1,3,4,4,4,1,4,1,3,4,1,4,1,1
1.3846309,1.7131028,2,1,3,12,1,3,1,4,4,3,1,1,1,1,1
1.1466622,1.5336187,2,1,7,6,2,2,2,2,3,2,3,2,2,2,2
1.1198162,0.7704618,8,1,4,7,4,4,1,4,1,3,3,1,3,1,1
0.8307162,0.6574855,6,1,5,8,2,2,2,2,1,2,2,2,2,1,4
0.5829493,0.4863432,9,1,9,12,1,1,2,2,3,2,3,2,2,2,1
1.2744558,0.9907466,8,1,5,14,2,4,1,5,3,2,3,1,1,1,1
1.3156935,1.0892082,5,1,9,12,1,1,2,3,2,2,2,2,3,2,2
1.1764827,1.2097465,99,2,15,15,2,3,2,4,3,2,3,2,2,2,1
0.9544503,1.1598684,99,1,12,14,3,3,3,2,2,1,3,1,1,2,2
0.9137075,1.1309409,99,1,3,14,4,1,2,2,2,2,1,1,2,3,1
1.1635536,1.4230072,99,3,14,15,1,2,2,2,3,4,2,1,3,1,1
0.7465463,0.9136813,9,3,14,9,2,3,3,1,3,1,2,3,2,3,2
1.2382648,1.5411605,3,4,16,4,3,4,2,3,2,3,4,1,3,2,2
1.2594535,1.5444871,99,3,14,14,2,2,2,2,2,1,2,2,2,2,3
0.9870259,0.753457,7,1,5,12,1,1,1,2,3,1,4,2,2,3,2
0.7491669,0.8861736,3,3,14,14,2,1,1,3,2,2,1,2,2,3,1
1.2457898,1.3816133,99,1,8,14,2,4,1,1,4,3,2,1,3,1,2
0.7577332,0.8925866,99,3,14,8,3,4,2,3,2,1,1,1,3,1,2
1.1754382,1.4195923,5,1,13,12,2,4,2,5,5,2,5,2,2,3,2
1.1381067,0.9884021,8,1,9,12,1,1,4,1,4,1,1,3,1,3,2
0.8104513,0.7044943,99,1,9,11,1,2,3,1,3,2,3,2,3,3,1
1.2259876,1.5565875,1,1,3,4,3,4,2,5,2,3,4,2,3,2,1
1.1622074,1.3802274,8,3,14,16,1,1,1,1,5,2,4,5,5,2,2
0.6545066,0.8584887,10,1,7,12,1,1,3,1,4,1,3,2,3,2,1
1.2300112,1.6067523,8,1,7,9,2,3,4,2,3,2,2,3,3,4,2
1.115877,1.366802,99,1,16,16,5,3,2,5,5,2,5,5,2,5,4
1.1698967,1.2138941,99,2,15,12,2,3,1,2,2,1,4,2,1,2,2
1.0576952,0.8048444,7,1,5,9,2,4,2,3,2,2,2,2,3,3,2
1.0640558,0.841186,3,1,5,8,3,4,3,3,3,2,3,1,3,3,2
0.7630792,0.9192437,99,1,12,14,3,2,2,2,2,3,3,2,3,2,2
0.6685875,0.5373759,6,1,5,8,2,3,3,2,2,2,2,3,2,3,2
1.0579348,0.7122556,2,1,4,6,4,3,3,3,2,3,4,2,2,2,1
0.6113002,0.5425451,99,1,9,12,1,1,4,1,4,2,2,1,3,1,1
1.2934636,1.5844797,99,1,12,8,3,2,5,2,2,2,4,2,5,2,2
1.0400652,0.7054303,3,1,4,6,5,4,5,5,2,5,5,2,5,3,2
1.3256336,1.0222634,9,1,5,8,1,1,4,1,3,1,1,2,1,4,2
1.0946665,1.3022461,8,3,14,8,2,2,3,2,3,2,3,2,2,3,1
1.0364065,0.6970414,2,1,4,7,3,4,2,3,2,3,3,2,3,2,1
1.0765216,0.9401713,5,1,9,12,2,2,2,1,2,2,3,2,3,2,1
1.0985308,1.448007,8,1,7,11,1,2,4,1,4,1,2,3,2,3,2
1.2816249,1.5382364,3,1,12,14,2,4,2,3,2,2,3,3,2,3,1
1.0638555,1.3422623,99,1,16,16,2,2,2,5,5,3,2,2,2,2,2
1.0364065,1.2514359,2,1,12,14,2,2,1,2,3,1,1,2,2,1,1
1.0179888,0.7796275,5,1,5,7,3,4,2,2,2,4,2,1,3,2,1
1.3560803,1.1641135,0,1,9,12,1,1,3,1,3,3,1,1,1,2,2
0.9043486,0.9913676,8,1,8,11,2,3,4,2,3,2,2,1,2,2,1
1.0877792,0.8541365,4,1,5,8,2,2,2,2,3,2,3,1,2,1,1
1.2510234,1.6794466,8,1,7,9,3,3,3,3,2,2,2,3,2,3,2
1.1163546,1.3573102,99,3,14,12,2,1,1,1,2,4,4,1,3,2,1
0.8874031,0.7417407,6,1,9,12,2,2,2,2,2,2,2,2,2,2,2
0.9982073,1.2053207,0,3,14,14,5,3,4,2,2,1,3,2,3,3,1
1.3334621,1.1249486,7,1,9,12,2,4,3,3,3,2,2,2,2,3,3
1.2300112,1.4947231,0,1,3,3,2,4,4,1,3,4,4,1,3,2,1
0.6709477,0.5821047,10,1,9,12,2,1,2,1,1,2,3,2,1,2,1
0.8762195,0.6950907,2,1,5,8,3,4,1,2,1,2,1,3,2,3,1
0.6589402,0.5051834,7,1,5,8,3,2,1,1,2,1,3,3,2,3,3
1.3899729,1.5362705,99,1,8,14,1,2,1,3,2,2,1,3,1,3,2
0.6607211,0.743433,5,1,8,10,2,3,2,3,2,2,3,2,2,3,2
0.8940614,1.0618116,7,3,14,8,2,2,1,2,2,2,2,2,2,1,2
1.276228,0.9914785,5,1,5,9,3,3,2,3,2,2,3,2,1,3,1
1.1445121,1.5636002,9,1,7,10,1,3,3,1,3,1,2,2,2,3,2
1.2990288,0.8774791,2,1,4,5,3,4,2,1,2,3,4,2,3,3,1
1.0579348,1.404973,10,1,7,9,1,1,5,1,3,2,2,3,2,5,2
0.7439201,0.7549385,2,2,15,8,2,3,3,4,2,2,3,2,2,3,2
1.2300112,0.8145483,3,1,4,3,2,2,2,2,3,2,3,1,4,2,2
0.6102943,0.7769268,3,1,3,4,2,4,2,2,1,2,3,2,2,2,2
1.2184837,0.9800842,7,1,5,8,2,1,4,1,2,1,1,3,2,4,2
1.1754963,1.5274405,7,1,7,8,2,1,2,1,3,1,2,3,2,4,1
1.0916191,1.4695572,8,1,7,9,2,2,3,1,3,2,2,2,2,2,2
0.8118325,1.0025764,6,3,14,8,2,4,1,2,4,3,4,2,2,2,1
0.7746051,0.9355131,0,3,14,15,4,4,3,4,1,2,3,1,3,1,1
1.16631,1.5347168,5,1,7,8,2,3,4,5,2,1,3,3,2,2,1
0.9043486,0.7574862,99,1,9,12,3,4,2,2,2,2,3,2,2,2,2
0.79869,0.6858993,7,1,9,12,1,1,1,1,4,2,4,3,1,2,2
1.2771165,1.3760474,8,1,8,9,1,2,4,1,4,2,2,2,4,3,1
1.3334621,1.1249486,99,1,9,12,1,2,2,4,4,3,1,2,2,2,2
0.7353816,0.6255814,5,1,9,13,1,1,2,1,4,1,3,1,2,3,2
0.8076004,0.5605135,2,1,4,7,2,1,3,2,3,2,1,1,3,1,2
0.7927607,0.6649222,8,1,9,12,1,1,1,2,2,2,2,2,1,1,2
1.0320708,0.6959133,3,1,4,14,2,1,2,2,2,2,3,1,2,2,2
0.6030334,0.4675628,4,1,5,8,3,3,1,1,1,1,3,3,3,2,1
1.3334621,1.1249486,5,1,9,12,1,1,1,2,2,1,1,1,1,4,3
1.2041907,0.9882082,5,1,9,12,2,2,3,2,3,3,3,3,2,3,2
1.0644499,0.8883138,8,1,9,11,1,2,4,1,4,2,2,1,4,1,1
0.7143337,0.6006858,6,1,9,12,1,2,1,1,3,2,1,1,1,3,3
0.9231336,0.6128575,99,1,1,1,3,1,2,3,3,2,3,1,5,2,1
1.2838891,1.6054839,4,1,3,7,3,3,3,3,3,2,3,2,2,2,2
0.7089065,0.907598,2,1,12,9,4,4,1,1,1,2,3,3,3,2,1
1.2128638,1.3442745,8,1,8,8,2,4,4,4,2,2,2,3,2,2,2
1.1821213,0.9258782,6,1,5,8,2,4,4,4,2,4,1,2,1,3,1
1.2316912,1.0413169,4,1,9,12,1,5,4,1,3,1,3,2,2,3,2
0.9188768,0.7583727,7,1,9,12,2,3,2,3,2,2,3,3,3,2,2
1.096802,0.9080716,0,1,9,12,1,1,4,1,4,4,1,1,2,1,1
1.1635536,0.9843578,7,1,9,12,3,2,3,2,3,2,2,2,2,3,3
0.7900848,1.0193458,7,1,7,8,2,4,3,2,3,1,2,2,2,2,1
0.8217803,0.9966375,99,1,12,14,2,4,1,4,3,4,3,1,4,2,1
1.2256845,0.6784118,4,1,2,2,3,2,3,1,2,2,3,1,4,2,2
1.2256845,1.5876449,5,1,7,9,2,2,2,2,3,2,3,3,3,3,2
0.6986334,0.9077684,8,1,7,9,2,2,2,2,2,2,2,2,2,2,2
0.7361093,0.9353974,4,1,12,8,3,4,1,2,2,4,2,2,2,2,2
0.9809389,0.6628528,5,1,1,1,3,1,1,2,1,1,3,1,1,1,1
0.9686754,1.1661211,6,1,12,8,2,4,4,2,2,2,2,2,3,2,2
1.2538356,0.8563008,2,1,4,3,3,3,2,1,4,2,4,1,3,2,1
1.2316912,1.6539376,7,1,7,8,1,2,1,2,5,1,2,3,1,3,2
0.8349797,0.7104118,10,1,9,11,2,1,1,2,4,1,3,5,5,5,1
1.2408595,1.61593,2,1,3,4,3,4,5,2,2,2,3,1,3,2,1
0.7491669,0.8022775,5,1,8,11,2,4,2,3,3,1,3,2,3,2,1
0.9142755,1.1884406,10,1,7,12,2,3,3,2,3,3,2,2,2,3,1
1.1840696,1.0225515,5,1,9,12,4,1,4,4,2,1,1,1,2,1,3
1.416674,1.9054959,8,1,7,9,2,4,3,2,3,2,2,3,3,2,2
1.2256845,1.5876449,8,1,7,9,2,2,2,1,3,2,2,2,2,3,2
1.0083404,1.0287611,8,2,15,8,4,3,1,3,3,1,2,5,1,4,3
1.0153577,1.2438793,4,1,3,7,2,2,2,2,3,2,2,2,3,3,1
1.16631,1.5347168,5,1,7,11,1,2,4,1,4,1,2,2,3,4,1
0.8660182,0.6865982,5,1,5,8,1,4,4,1,3,2,1,3,2,4,2
1.0400652,0.8185073,6,1,5,8,2,4,1,2,2,3,3,3,2,4,3
1.0400652,1.3915097,8,1,7,11,1,2,4,1,4,2,2,2,3,3,2
1.2816249,1.5722332,2,1,3,4,3,4,3,3,2,3,2,2,2,3,2
0.770734,0.5978993,3,1,5,14,3,4,3,2,2,2,3,2,2,1,2
0.989563,0.6620539,0,1,4,12,1,4,1,1,4,1,4,1,3,2,1
1.1012502,0.9094684,10,1,9,12,1,1,4,1,4,1,1,1,4,1,1
1.2466228,1.6594748,6,1,7,8,1,2,4,2,2,1,2,2,2,4,1
0.6795532,0.5242964,4,1,5,14,5,4,2,5,2,4,4,3,3,3,2
0.7689232,1.0566158,99,1,7,11,1,1,4,1,1,1,1,2,1,4,3
1.1795876,0.9938138,5,1,9,16,1,1,1,4,4,1,1,1,1,1,1
1.1581417,0.792641,0,1,4,7,3,4,3,3,2,3,3,1,3,1,1
0.5829493,0.7030675,99,1,12,16,2,2,1,2,3,2,4,2,3,2,2
0.8344174,0.6459186,5,1,5,9,3,3,3,2,2,3,2,3,3,3,1
1.2316912,1.0413169,5,1,9,12,1,1,1,1,3,1,2,2,1,2,2
1.1822391,1.4768803,3,1,3,4,5,5,5,4,1,3,5,2,3,2,4
0.6868328,0.4557862,4,1,4,11,2,4,3,2,2,1,2,1,2,2,1
1.179646,1.5458232,10,1,7,10,1,3,4,1,3,3,1,4,2,3,2
0.7491669,0.5727132,99,1,5,8,3,4,2,5,2,2,2,5,2,4,2
0.7560084,0.9200633,2,3,14,4,1,3,4,2,3,3,2,1,4,3,3
1.1840696,1.3382744,5,1,8,10,3,2,4,2,2,3,3,1,2,3,1
0.9976318,0.9755073,6,2,15,11,4,4,1,4,1,4,5,1,3,3,1
0.8349797,0.7104118,5,1,9,12,1,1,2,1,3,2,3,2,2,1,2
0.7826801,0.9620942,99,1,12,8,4,1,2,3,2,2,1,2,1,2,1
0.9407604,0.8043862,5,1,9,12,1,1,4,1,4,1,2,2,2,1,1
1.0682567,1.358816,3,1,3,5,3,4,3,3,2,4,4,3,3,2,2
1.0720278,0.6316614,1,1,2,14,4,4,1,2,5,3,5,1,3,4,1
1.1586964,0.9744379,99,1,9,12,2,2,3,2,3,1,3,3,1,1,2
0.952022,0.8042544,10,1,9,9,1,1,1,2,3,2,3,1,4,1,1
0.9656335,1.1953571,99,1,12,14,4,4,2,3,2,5,3,2,3,2,1
1.1051377,0.7411178,3,1,4,4,3,4,3,1,1,3,3,2,4,5,1
1.179646,1.406947,2,1,13,14,2,2,1,2,2,1,3,1,1,2,2
0.9873759,0.849197,8,1,9,12,1,1,3,4,4,2,1,1,1,1,3
1.2256845,1.3082091,10,1,8,13,1,1,4,1,4,1,3,2,2,2,1
0.97076,0.9977806,7,2,15,8,2,2,1,2,1,2,2,2,1,2,1
0.842263,1.0011488,3,1,12,14,4,2,2,2,2,3,4,1,3,1,1
1.1202971,1.14933,99,2,15,9,2,3,4,3,2,1,2,1,2,3,1
1.1189526,0.8970333,99,1,5,8,2,2,2,3,2,2,4,1,1,1,1
1.0985308,1.448007,6,1,7,9,3,3,2,2,3,2,4,4,3,3,2
1.1496921,1.1952922,4,2,15,9,3,3,3,3,3,2,2,3,3,3,2
0.770734,0.9251446,4,1,12,14,4,4,2,3,2,3,3,2,4,3,2
0.9999941,1.2568047,9,1,3,4,1,2,1,1,1,1,1,2,2,1,2
1.1821213,1.4642978,99,1,3,12,1,1,1,1,3,3,2,1,3,1,1
1.0120082,0.8182026,5,1,5,8,3,4,2,2,2,2,3,2,3,2,2
0.8813239,0.5865881,2,1,4,7,3,4,2,3,2,3,3,2,5,2,1
1.1514795,0.9035604,6,1,5,8,4,4,1,3,2,4,2,3,2,3,2
1.0493395,0.9149055,3,1,9,12,3,3,3,2,3,4,3,3,3,5,1
0.896863,0.7570882,7,1,9,9,2,2,2,3,2,1,4,2,1,3,1
1.1316302,0.9524233,5,1,9,12,4,4,4,4,4,4,4,4,4,4,3
0.6986334,0.3878958,10,1,2,2,1,1,1,1,4,1,2,1,2,1,1
1.1806358,1.4641228,7,3,14,14,3,3,1,2,3,4,2,2,2,4,1
1.1051377,1.4619056,8,1,7,8,2,2,4,2,3,1,2,5,5,4,2
1.179646,0.9092768,2,1,5,6,2,4,1,3,2,3,4,1,2,2,1
1.2300112,1.4624022,6,3,14,8,3,2,2,2,2,2,2,2,2,2,2
1.2006755,1.486882,10,1,3,11,1,1,3,1,2,1,1,1,1,2,1
1.0006708,0.8828651,8,1,9,12,1,1,4,2,4,1,1,2,1,2,1
0.9929373,0.780825,6,1,5,9,2,3,4,2,3,2,2,3,2,2,2
0.7209231,0.9121721,2,1,3,3,3,4,2,3,1,4,3,1,3,2,1
1.2084416,0.8052822,3,1,4,4,4,4,3,4,1,2,2,1,2,2,2
1.1051377,1.4619056,5,1,7,9,2,2,2,2,3,2,2,2,2,3,2
1.0460829,0.8331253,6,1,5,11,2,5,4,1,5,2,3,5,3,2,2
1.1316302,0.9524233,6,1,9,12,2,2,3,2,2,2,2,2,3,2,2
0.5803826,0.773945,8,1,7,11,2,3,3,2,3,2,1,3,2,4,2
1.2810627,1.1073614,5,1,9,13,2,5,3,1,3,1,2,3,3,4,1
0.5950583,0.4001513,4,1,4,7,2,3,2,2,2,3,3,2,2,2,2
0.6819521,0.5306063,5,1,5,12,3,3,2,2,2,5,3,2,2,1,1
0.9407604,0.8043862,1,1,9,12,3,1,2,2,1,2,3,1,1,1,1
1.0316151,0.8465781,8,1,5,8,2,2,2,1,1,2,2,2,2,1,1
1.1326358,1.4341559,0,1,3,2,4,4,1,4,1,4,4,1,4,1,1
1.0860872,1.3103358,5,1,12,14,1,3,2,1,3,2,1,2,2,2,2
1.0799754,0.8435779,5,1,5,8,4,4,1,4,1,4,3,3,2,3,2
1.1051377,1.3599757,2,1,3,4,4,4,2,4,1,4,2,1,4,2,1
0.9008623,1.1675454,0,1,3,4,2,3,1,3,3,2,4,1,4,3,1
0.7560084,0.5946153,3,1,5,7,3,4,1,3,1,3,3,1,3,3,2
1.1508123,0.8749675,10,1,5,8,1,1,1,2,2,2,4,1,1,1,1
0.7489511,0.9464549,2,3,14,15,2,2,2,2,4,2,4,2,1,1,1
1.195665,1.5831555,9,1,7,9,2,2,4,1,3,1,2,3,2,4,2
1.1552062,0.9721895,5,1,9,12,2,3,2,2,3,2,2,3,3,2,2
1.0400652,0.7054303,2,1,4,14,3,2,2,2,2,2,3,1,3,2,1
0.6185783,0.5493633,9,1,9,12,1,2,3,1,4,1,3,2,1,2,2
0.6562741,0.8636342,1,1,3,4,1,4,5,2,2,2,4,1,2,1,1
1.16631,1.1680423,5,2,15,8,4,4,2,4,2,4,3,3,3,4,2
1.3381693,1.8082749,5,1,7,9,1,1,2,1,4,2,2,1,2,1,1
0.6790681,0.561986,99,1,9,12,1,2,2,1,3,3,1,1,2,2,2
1.195665,0.9312362,3,1,5,7,3,4,2,3,2,3,3,2,3,2,2
1.1581417,1.5635388,7,1,7,8,4,4,1,3,1,2,2,4,2,4,3
0.9792045,0.8492545,99,1,9,12,1,1,2,1,4,1,2,2,1,2,2
1.1051377,0.8599153,5,1,5,8,2,4,1,3,3,2,3,2,3,5,1
0.9103664,0.9507696,8,2,15,9,3,3,2,2,2,1,5,2,3,1,1
1.0765216,0.9401713,99,1,9,16,2,2,5,2,4,5,4,2,4,2,2
1.3156935,1.4255121,10,1,8,10,1,1,2,1,4,1,3,2,2,3,2
1.0534607,0.8753009,10,1,9,11,1,1,5,1,4,2,4,1,2,1,1
1.0400652,1.2664969,1,1,16,4,3,4,2,2,2,3,3,1,3,2,1
1.1979022,0.9706924,4,1,5,8,3,4,2,4,2,4,2,3,2,4,2
1.2300112,0.9451162,99,1,5,8,2,4,4,3,2,5,2,3,2,5,2
0.9771301,0.8372734,10,1,9,11,1,1,3,1,4,1,2,2,2,4,2
0.7518116,0.9853634,9,1,7,9,3,1,2,2,5,2,3,3,2,3,1
0.5698026,0.6450341,7,1,8,14,2,3,2,3,3,2,3,2,2,2,2
1.0833377,0.7459252,99,1,4,8,3,2,2,2,3,2,1,2,2,3,1
0.888798,1.1174966,1,1,3,14,4,4,1,4,1,2,3,2,3,1,1
1.0579348,0.7122556,1,1,4,5,4,4,1,4,2,3,2,2,3,2,1
0.7422517,0.9174889,1,1,3,4,4,4,5,4,5,4,1,1,4,2,2
1.2300112,0.9451162,7,1,5,9,2,4,2,2,2,3,1,3,3,3,2
0.5850072,0.4921964,99,1,9,14,1,1,5,2,3,2,5,5,2,2,2
0.8356808,0.6958385,4,1,9,11,1,4,1,1,3,1,2,2,4,2,2
1.2300112,0.9451162,4,1,5,7,4,4,4,3,2,4,2,3,3,3,2
1.1581417,0.9196974,2,1,5,6,3,4,1,3,2,4,4,2,3,2,1
1.1958257,1.2455684,99,1,11,7,2,2,2,3,2,3,2,2,4,4,1
1.2300112,0.7780916,5,1,6,13,2,3,3,2,2,2,3,1,3,2,2
0.7518116,0.5796058,4,1,5,7,5,5,2,5,2,5,2,5,3,5,2
0.7871158,0.6565244,6,1,9,12,1,1,2,1,4,1,3,2,1,1,2
1.267136,0.7169908,4,1,2,6,4,2,1,1,2,2,3,2,3,2,2
1.1791285,1.0128475,9,1,9,12,2,3,5,2,4,2,3,2,3,2,2
0.770734,1.0164633,9,1,7,11,1,2,2,1,4,1,2,3,2,2,2
1.2510234,0.8514009,3,1,4,8,5,3,2,2,2,2,2,3,5,4,2
0.6051621,0.8044503,9,1,7,9,1,1,5,1,4,1,1,1,1,1,2
1.2789547,0.8641511,2,1,4,7,4,4,2,4,2,3,3,3,2,2,2
1.3156935,1.3166716,3,2,15,15,4,4,2,4,1,2,3,2,3,2,1
0.9008623,1.1422993,5,1,12,14,2,2,2,2,2,2,2,2,2,2,2
1.16631,0.9662557,10,1,9,12,1,1,4,1,4,2,3,1,2,2,1
1.2300112,0.9451162,4,1,5,8,2,4,2,2,3,3,3,3,3,2,2
1.16631,0.9027439,1,1,5,8,5,5,4,2,2,2,3,2,5,2,3
1.0985308,0.6187435,0,1,2,2,4,4,1,2,1,3,4,1,4,1,1
1.4408748,1.641153,5,1,8,10,2,3,3,2,2,2,1,2,2,3,2
0.7422517,0.9862545,8,1,7,11,1,4,3,1,4,2,1,3,1,3,2
0.7928738,0.5229799,3,1,4,12,3,4,1,2,2,3,3,1,2,2,1
1.0433031,0.6913636,99,1,6,13,2,3,1,1,3,3,2,3,2,4,2
0.760408,0.624873,10,1,9,9,2,2,2,1,2,2,1,3,1,2,1
0.6185783,0.5132538,5,1,5,8,2,3,1,1,2,1,1,2,1,2,1
0.8018067,0.6875114,5,1,9,12,1,1,4,1,4,4,1,2,4,2,1
1.1129919,0.9367458,99,1,9,12,3,2,3,4,3,1,3,2,4,1,3
0.6819521,0.5679367,99,1,9,8,4,4,4,1,1,1,4,4,1,4,3
1.2510234,1.383853,4,1,8,5,2,2,5,3,2,2,4,2,2,2,2
1.1514795,0.9035604,6,1,5,9,2,4,2,2,2,1,2,3,3,3,1
1.4761204,1.8645587,1,1,3,4,3,4,2,3,2,2,4,1,2,2,1
1.0576952,1.3682821,7,1,7,8,1,3,4,5,3,2,2,5,2,5,1
1.2990288,1.0181346,8,1,5,8,2,4,4,2,3,2,2,3,2,4,2
0.8905357,1.1922953,8,1,7,16,5,3,5,2,5,5,3,2,5,2,2
0.8808123,0.717662,6,1,5,8,2,3,1,3,3,2,2,2,3,3,2
0.9079244,0.7107654,9,1,5,8,3,4,4,2,2,1,1,3,2,3,2
0.8638232,1.1616725,5,1,7,8,2,2,2,2,3,2,2,2,2,3,2
1.0655063,0.8236856,6,1,5,8,2,3,2,2,2,2,3,2,3,3,2
1.2816249,1.6900718,7,1,7,9,1,1,1,1,3,1,2,2,2,1,1
0.9593383,1.1784167,5,1,12,12,1,3,2,2,3,2,3,2,2,2,1
0.6755749,0.8955249,7,1,7,8,2,4,3,2,2,2,2,2,2,3,2
1.0507699,1.2950896,99,1,16,11,3,4,5,5,2,2,1,1,1,1,2
0.5182998,0.4094305,7,1,5,8,2,4,3,1,3,4,3,3,3,2,2
0.8104513,1.0184311,7,4,16,8,2,2,1,2,1,1,1,1,1,1,3
1.267136,0.9869835,5,1,5,9,5,4,2,3,2,2,3,2,5,3,2
1.465299,0.8368636,0,1,2,4,3,4,2,3,2,2,2,1,3,2,1
1.3055398,1.1290569,8,1,9,9,1,2,4,1,4,1,3,1,1,3,1
0.9929373,1.2081902,5,3,14,11,1,1,2,2,3,1,1,2,1,1,2
1.1326358,1.4341559,1,1,3,4,1,1,1,2,3,1,2,1,2,1,2
1.4408748,1.8528366,5,1,3,4,2,4,2,3,2,4,3,1,3,3,1
1.2101331,1.4653598,5,1,12,14,2,2,1,5,3,1,3,2,1,3,2
1.2300112,0.9451162,5,1,5,8,3,4,2,1,2,3,3,2,2,2,2
1.0400652,0.8185073,8,1,5,8,3,4,2,2,2,3,2,3,3,3,2
0.8064184,0.678888,10,1,9,11,1,1,4,1,4,1,2,1,2,1,1
1.1466622,1.395839,99,3,14,12,1,1,5,1,4,1,1,1,4,2,1
1.4761204,1.8242408,7,1,12,7,2,3,2,1,3,2,2,2,2,3,2
1.2510234,0.9878762,5,1,5,14,3,3,2,2,2,2,3,2,2,3,2
0.5404741,0.4264393,4,1,5,8,3,4,2,5,2,3,4,2,3,5,1
0.5738213,0.699353,1,1,16,4,3,3,2,3,2,3,3,2,3,3,1
1.267136,1.0564219,0,1,9,12,1,1,1,1,4,1,2,1,1,2,1
0.9758209,1.1898183,8,1,13,8,2,4,3,3,2,2,2,2,2,2,2
0.5665247,0.4523842,7,1,5,9,2,4,4,2,2,2,2,4,3,3,2
0.7168553,0.4813383,5,1,1,3,3,4,3,5,2,4,5,4,3,3,2
0.6051621,0.4731899,99,1,5,8,2,4,4,1,3,3,2,2,1,3,2
0.6743123,0.4610097,99,1,4,14,1,3,2,2,3,2,3,2,2,2,1
0.7518116,0.5796058,2,1,5,8,5,4,5,3,2,2,3,3,1,3,2
1.0534607,0.7047929,4,1,4,7,3,4,2,2,3,4,2,3,3,3,2
0.9929373,1.2348926,1,1,3,4,2,3,2,2,3,2,3,2,2,1,1
1.1437594,0.9868335,8,1,9,9,1,2,2,2,3,1,3,1,3,2,1
0.8914181,1.1321493,0,1,3,4,1,1,2,1,3,1,1,1,2,1,2
1.2316912,1.5053484,99,1,16,16,1,4,2,2,3,2,3,1,2,2,4
1.2300112,0.9451162,8,1,5,8,1,1,1,1,4,1,2,1,1,2,2
0.9792045,0.7934333,5,1,5,14,2,2,2,2,2,2,2,2,2,2,1
0.9146116,0.7916808,10,1,9,11,1,1,2,1,4,1,2,2,1,3,1
1.2582617,1.555865,99,1,16,16,1,2,3,1,3,2,2,2,2,2,2
1.2408595,1.0217556,6,1,5,8,2,3,2,3,2,2,3,2,2,2,2
1.0171752,0.6915214,4,1,4,11,2,4,2,2,2,3,3,2,4,2,2
0.785443,0.9951923,1,1,3,4,3,3,2,2,2,3,3,2,3,1,1
1.0720278,1.3454337,5,1,12,15,2,2,3,2,2,1,3,2,2,2,2
0.8808123,1.2200669,9,1,7,9,1,2,3,1,3,2,1,2,1,2,1
1.0787754,0.8536877,5,1,5,14,2,3,5,2,2,2,2,2,2,3,2
1.2426358,1.07892,99,1,9,12,1,1,2,1,3,2,3,2,1,3,2
0.4943386,0.3958474,6,1,5,8,1,2,3,2,3,2,3,2,1,2,1
1.195665,0.7666646,99,1,6,13,2,5,2,2,3,2,3,2,3,5,2
1.1821213,0.672601,5,1,2,2,1,1,1,1,1,1,1,2,1,1,1
1.2582617,1.7094405,8,1,7,9,1,1,4,1,4,2,2,2,2,2,2
0.766706,0.646174,8,1,9,8,1,2,2,2,4,2,4,1,2,2,1
1.1316302,0.9524233,99,1,9,12,1,1,2,2,3,2,1,2,1,1,2
1.0727348,1.3429679,99,3,14,15,4,4,1,4,1,3,3,1,3,2,1
0.9792045,1.254833,2,1,3,3,4,4,2,4,2,4,4,2,4,2,1
1.0795268,0.9153678,99,1,9,12,2,2,2,1,4,2,2,2,3,2,2
1.1032215,0.9278097,9,1,9,12,1,1,1,4,1,1,1,1,2,3,2
0.9792045,0.8492545,9,1,9,12,1,1,2,3,4,2,3,1,3,2,2
1.1032215,0.9278097,5,1,9,12,1,1,1,1,1,2,1,4,2,2,3
1.0650637,0.8937826,4,1,9,12,1,1,4,1,4,1,4,1,1,1,3
0.7371869,0.6363681,99,1,9,12,1,1,3,1,3,1,3,2,3,1,1
0.9103664,1.1621356,4,1,3,9,2,3,2,2,1,3,2,3,3,4,2
1.3660802,1.1320658,99,1,9,12,5,2,5,2,2,5,5,2,2,5,2
1.0115001,0.8536752,5,1,9,9,2,3,3,5,5,1,3,2,2,1,4
0.8659042,0.687372,7,1,5,8,3,1,2,2,2,3,3,2,4,4,2
1.2638996,1.5976207,4,1,3,14,3,2,2,5,2,2,5,1,2,2,2
0.77489,0.6516221,10,1,9,11,2,1,1,3,2,1,4,1,3,1,2
1.2789547,1.5514569,99,1,12,14,3,3,2,4,2,4,4,2,2,3,1
1.0621049,1.300869,2,4,16,11,2,2,5,2,3,3,3,1,1,1,1
1.1485523,1.4402542,99,3,14,14,1,2,2,2,3,2,1,3,3,3,2
1.1202971,1.404838,8,1,3,2,2,1,2,1,1,1,1,1,1,1,1
0.5993549,0.8124282,5,1,7,11,2,3,3,2,3,2,2,3,3,2,2
1.1090769,0.9256061,4,1,9,12,1,1,1,1,4,3,4,4,2,4,2
0.9103664,1.1370064,5,1,12,8,5,5,2,5,2,3,2,2,3,5,1
1.4029503,1.2091802,5,1,9,12,1,3,2,2,4,3,3,2,3,2,1
0.9873772,1.0271472,5,2,15,8,1,3,2,1,2,2,1,2,1,2,2
1.3478386,1.4172202,7,1,11,12,1,3,2,2,2,4,2,2,3,2,1
1.3459119,1.6752135,0,3,14,15,2,2,2,1,1,2,4,2,1,1,1
1.1163546,0.9389122,0,1,9,12,4,1,4,1,4,1,4,1,1,1,2
0.9758209,0.5586023,5,1,2,8,1,2,2,2,2,3,2,1,2,1,1
1.3156935,0.7392429,99,1,2,2,2,1,4,4,4,4,4,4,4,1,1
0.941641,0.7513475,7,1,5,8,3,3,1,3,2,1,3,1,2,2,2
1.3381693,1.0636549,7,1,5,2,3,2,2,2,3,2,2,1,2,2,1
1.163331,0.9239593,6,1,5,8,2,4,2,2,3,2,3,3,2,3,2
1.1795876,0.9938138,99,1,9,12,2,3,2,2,2,2,2,2,3,1,2
1.1381776,1.4014317,7,1,12,14,2,2,2,2,3,1,2,2,1,2,3
1.0456483,0.9040256,99,1,9,12,4,4,4,4,4,4,4,4,4,4,3
0.9792045,0.8492545,8,1,9,12,1,2,2,2,3,1,1,1,3,1,1
1.163331,0.7963142,4,1,4,7,5,3,2,3,2,2,2,2,2,2,2
1.1315596,1.4348084,99,1,3,4,1,2,1,1,2,4,1,1,1,1,1
1.2765564,1.5817871,5,1,13,14,2,5,1,2,2,2,5,1,1,2,4
1.2364945,1.5621873,99,1,12,14,2,3,3,2,2,2,3,3,2,2,3
1.1593112,1.3855529,99,1,12,14,5,5,5,5,5,5,5,5,5,5,2
0.9977927,0.6692662,10,1,1,1,2,2,2,2,2,2,2,2,2,2,2
0.9792045,1.3488824,6,1,7,8,2,4,1,2,2,2,3,3,3,4,3
1.3004249,1.0142332,7,1,5,8,2,3,1,1,2,2,2,2,2,1,1
1.1750541,1.4503764,1,1,3,4,4,2,2,4,1,1,2,2,4,1,3
1.1397291,1.4026045,99,1,3,15,5,5,5,5,5,5,5,5,5,5,2
0.8844591,0.7693133,8,1,9,12,2,1,1,1,2,2,4,1,2,3,2
0.9977927,0.5736772,99,1,2,12,2,1,2,1,2,1,2,2,5,2,1
1.0396332,1.1623929,99,1,8,9,2,3,1,2,3,3,2,2,2,2,2
1.0677421,1.3264618,4,1,3,4,2,3,1,2,2,3,3,2,4,2,2
1.1397291,0.7301385,7,1,6,4,3,2,2,3,3,1,1,2,3,2,2
1.3411773,1.4985819,99,1,8,10,2,2,2,1,2,2,3,1,2,2,2
1.2618197,1.5483526,9,1,3,4,2,2,2,2,2,2,2,2,2,2,1
0.9758209,1.2161146,0,1,3,16,4,1,1,2,1,1,4,1,1,1,1
1.2843142,1.6009388,10,1,3,12,1,2,2,4,4,1,2,1,3,3,1
1.2797964,1.7004638,99,1,7,8,3,3,2,2,3,2,3,2,3,3,1
1.2041627,1.4664934,99,3,14,14,3,3,3,2,3,3,3,3,3,3,3
1.3660802,1.0576553,6,1,5,10,2,4,1,4,3,4,4,3,2,2,3
1.1539227,0.9838406,10,1,9,11,1,1,2,1,4,2,4,2,1,2,1
1.0860872,1.3392957,3,1,3,4,3,4,1,3,1,3,3,1,3,1,1
1.107116,0.8772572,10,1,5,8,4,1,1,2,1,2,1,1,1,2,3
1.1821213,1.5740466,10,1,7,11,1,1,4,1,4,1,4,1,1,4,1
0.9792045,1.2276994,5,1,16,16,2,1,2,2,2,1,3,2,1,2,4
1.2843142,1.6009388,8,1,3,4,2,2,2,2,2,2,1,1,3,3,2
1.1461335,0.9064122,6,1,5,9,2,2,3,1,3,2,2,3,2,3,2
1.0316151,0.8465781,8,1,5,8,2,2,2,2,2,2,2,2,2,2,1
1.3895187,1.6962312,99,3,14,14,2,2,3,2,2,4,1,2,2,1,1
1.0256807,1.2869476,6,1,12,14,1,1,1,1,3,1,3,1,1,1,1
1.1552331,0.9470511,8,1,9,12,1,1,2,1,3,1,1,2,1,1,2
1.0860872,0.7298483,5,1,4,12,1,1,3,1,4,2,4,1,1,2,1
1.0493395,1.3226057,6,1,12,11,2,2,3,1,3,2,2,1,1,2,2
1.3506365,1.6247787,6,1,13,14,1,1,1,1,2,4,1,1,3,1,2
1.167661,0.9962045,6,1,9,12,1,1,4,1,4,3,3,3,1,3,3
1.2843142,1.0834944,10,1,9,9,1,1,2,1,3,1,4,2,2,2,1
1.0833377,1.3687975,7,1,3,4,4,4,3,3,1,4,3,2,3,3,1
1.0650637,1.29207,4,3,14,14,5,1,4,5,3,3,2,2,3,3,1
1.1397291,1.4026045,99,1,3,15,5,5,5,5,5,5,5,5,5,5,3
1.3334621,1.7867711,5,1,7,12,3,4,4,3,2,4,4,2,3,5,2
1.0898532,0.8738007,99,1,5,7,3,3,3,3,3,3,3,3,3,3,3
0.9839654,0.7693559,2,1,5,12,2,2,3,3,3,2,2,2,2,2,1
1.0567404,1.3269174,2,1,3,4,4,4,2,4,2,4,3,1,4,2,1
1.0765216,1.3891689,2,1,3,12,1,2,2,1,4,2,1,1,2,3,1
1.107116,1.3574023,99,1,16,16,3,3,5,5,5,5,3,5,5,2,4
1.1501795,1.4193939,7,3,14,14,2,2,2,2,2,2,2,2,2,2,3
1.249611,1.0029207,99,1,5,11,2,2,5,3,3,2,5,2,2,3,3
1.0765216,0.9401713,2,1,9,12,1,1,4,1,4,1,2,1,2,1,1
1.1355541,1.4206775,5,1,13,11,2,2,2,2,2,1,2,1,2,1,1
1.1313739,1.3705209,1,1,3,4,3,4,1,4,1,3,3,1,3,2,1
1.3381693,1.1384873,0,1,9,14,1,1,2,1,4,1,4,1,1,1,2
1.0822668,1.2947534,99,1,12,14,2,2,2,3,3,2,2,2,3,2,3
1.2638996,1.0812489,10,1,9,12,1,1,2,1,4,1,2,2,1,2,1
1.1501795,0.9818582,7,1,9,12,1,1,4,1,3,3,2,2,3,2,2
1.0433031,1.1142819,5,1,11,12,2,1,3,2,3,2,3,2,1,2,2
1.2618197,1.5483526,8,1,3,4,2,2,2,2,2,2,2,2,2,2,2
1.3459119,1.6752135,3,3,14,14,2,3,2,2,2,2,1,2,2,2,1
1.1281321,0.9345617,4,1,9,12,2,2,2,2,2,2,2,2,2,2,2
1.1635536,1.4544574,99,1,3,14,2,2,3,2,3,5,5,2,5,5,2
1.2797964,1.0706097,10,1,9,12,2,2,2,3,3,3,2,1,2,2,1
1.0898532,0.9352762,9,1,9,12,1,2,4,1,4,1,1,1,2,2,1
1.0583688,0.8891681,99,1,9,12,1,1,1,1,4,3,3,1,1,3,4
1.2293816,0.8548606,7,1,4,14,1,4,2,1,3,2,2,3,3,2,1
1.2248517,1.2381527,3,2,15,7,3,3,2,3,2,3,3,2,3,2,1
1.0860872,1.3103358,0,3,14,12,1,2,2,1,1,1,2,3,2,1,2
0.97576,0.8391553,10,1,9,12,1,1,3,1,4,1,3,1,1,3,2
1.3554044,1.1374587,99,1,9,12,2,3,3,2,3,3,2,3,2,2,2
1.0396332,1.3123237,6,1,3,4,2,2,3,3,2,3,2,2,1,2,2
0.8813479,0.7101993,99,1,5,8,5,3,1,3,2,2,2,2,3,3,1
1.1381776,0.969433,4,1,9,12,1,2,4,1,4,2,1,1,3,1,1
1.2913175,1.598821,6,3,14,12,3,3,2,3,2,2,3,3,3,2,2
1.1838508,1.4461546,3,1,3,4,2,2,1,3,1,1,2,2,1,1,2
0.8844591,0.6194516,2,1,4,6,3,4,5,2,1,3,1,1,2,1,1
1.2838891,1.5707681,5,1,12,14,3,4,2,3,2,3,2,1,2,1,2
1.2797964,1.401171,6,1,8,10,1,1,3,1,4,2,3,2,1,1,1
1.0639862,1.3106877,2,1,3,4,3,2,2,3,2,2,2,3,3,2,2
1.1316302,0.9524233,8,1,9,12,1,1,3,1,3,1,1,1,2,2,2
1.0688235,0.9045393,9,1,9,12,1,1,3,1,3,2,3,1,2,1,2
1.0433031,0.8988526,5,1,9,12,1,1,2,1,3,2,1,1,2,1,1
1.2129997,1.6326972,8,1,7,9,2,3,2,2,2,1,2,2,1,3,2
1.1189526,0.8970333,6,1,5,15,3,4,2,4,2,3,2,2,3,2,2
1.1552062,1.4054166,2,3,14,14,3,3,1,3,2,3,1,1,4,2,1
1.1840696,0.9553394,6,1,5,8,3,2,2,3,2,2,3,2,2,3,2
1.0601133,1.355613,5,1,3,4,2,1,2,2,3,2,2,1,3,2,1
1.1635536,0.9843578,99,1,9,11,3,3,2,4,3,3,4,3,3,1,2
1.163331,1.4612629,99,1,3,12,1,1,1,1,4,2,2,1,1,1,1
1.3459119,1.15882,9,1,9,9,1,2,4,1,3,1,2,2,1,3,2
1.1381067,0.7602417,5,1,6,16,2,5,1,2,4,5,5,1,4,5,1
1.1276495,1.3604689,4,1,12,7,5,4,2,5,2,2,3,2,3,2,2
1.1276495,0.9410972,7,1,9,12,2,2,1,1,3,1,1,1,2,1,3
1.3660802,1.1320658,7,1,9,12,2,5,2,1,2,2,5,5,3,5,2
0.9977927,0.8452622,4,1,9,12,1,2,2,2,3,2,2,2,2,1,1
1.1397291,1.3722756,99,3,14,15,4,4,4,4,1,4,5,1,4,4,1
1.1315596,0.6590556,8,1,2,3,4,4,2,1,2,3,2,3,3,3,2
0.9844017,0.8472375,5,1,9,12,1,1,4,1,1,1,4,4,4,1,1
1.0292856,0.8124522,6,1,5,8,2,1,2,2,2,2,2,2,2,2,2
1.3152945,1.7367332,2,1,7,6,2,4,4,4,2,1,3,1,2,1,3
1.0583688,1.313808,99,1,3,4,5,1,1,1,2,3,4,1,2,2,1
1.3156935,0.8770312,4,1,4,7,4,3,4,4,1,2,2,2,3,2,1
1.1552331,1.369076,8,3,14,15,1,1,3,2,4,3,3,3,2,3,1
1.2797964,1.0002388,99,1,5,11,3,4,2,3,2,3,2,3,3,3,2
0.9809389,0.8371623,99,1,9,12,1,1,1,1,4,1,3,3,2,1,2
1.3714513,1.805187,8,1,7,4,2,2,2,1,1,1,1,1,1,2,1
0.9758209,1.0771755,10,1,8,12,2,3,1,2,3,1,3,2,2,3,1
0.9839654,1.1904438,4,1,12,14,2,2,2,2,3,2,3,3,3,3,2
1.3110653,1.0762556,7,1,9,10,2,1,2,2,3,2,2,2,3,2,3
1.1032215,0.9278097,5,1,9,10,2,2,3,2,3,3,2,1,2,3,2
1.1799045,1.0103915,99,1,9,12,1,1,1,1,4,2,3,2,2,3,2
1.2573811,1.4968575,99,1,12,14,2,2,2,3,2,2,2,2,1,2,2
1.0639862,1.2823462,99,1,16,14,3,2,1,3,2,2,1,2,3,3,1
1.0898532,1.3819358,0,1,3,3,2,1,2,1,2,4,1,1,2,1,1
1.2618197,1.5148722,99,3,14,15,5,5,5,5,2,2,2,2,5,5,2
1.0352365,0.8210907,6,1,5,9,1,1,3,2,2,5,1,2,1,2,1
1.2293816,1.061674,10,1,9,12,1,1,5,1,4,1,3,1,2,1,4
1.3506365,0.9049909,3,1,4,12,2,3,2,3,2,3,2,2,2,3,2
0.7560084,1.0108805,6,1,7,14,1,1,1,1,4,1,2,2,1,4,1
1.1964519,0.9943355,9,1,9,12,2,4,3,2,3,2,3,2,2,3,2
0.9634852,0.8022351,3,1,9,12,2,3,2,2,3,3,2,3,3,2,1
1.1698967,1.4837554,7,1,3,4,3,2,1,2,2,2,2,2,2,2,2
1.4594327,1.8511623,0,1,3,4,4,4,1,3,2,4,4,1,4,1,1
1.2128638,1.4848485,99,4,16,16,5,5,5,5,5,5,5,5,5,5,4
0.5370736,0.4632341,8,1,9,11,1,1,3,2,4,1,2,2,3,3,2
1.0747486,0.8507814,5,1,5,8,2,4,3,3,2,3,3,3,3,2,2
1.115877,0.8833321,5,1,5,8,3,3,2,2,2,2,3,3,3,4,2
0.9763052,1.1862427,99,1,3,8,1,1,4,1,4,1,2,1,2,2,2
0.7852752,0.528381,8,1,4,6,2,3,1,2,1,1,2,3,3,1,2
1.0364065,0.6970414,2,1,4,7,3,4,2,3,2,4,2,2,3,2,2
1.1117541,1.3664924,99,1,12,14,5,5,4,2,3,5,5,2,4,5,1
0.7129697,0.9401272,9,1,7,11,1,2,3,1,3,1,2,3,2,4,2
0.6969997,0.9540218,6,1,7,9,4,4,4,2,2,2,1,3,3,3,2
1.276228,1.061233,5,1,9,11,3,3,3,3,3,2,3,3,3,3,2
1.0603129,1.2861102,99,3,14,12,1,5,3,5,5,2,3,1,3,2,1
1.2300112,1.6067523,8,1,7,9,2,3,4,1,2,1,1,4,2,4,2
0.6212345,0.4882752,0,1,5,5,4,4,3,4,2,4,4,2,3,1,2
1.2300112,1.6067523,7,1,7,9,4,4,4,2,1,3,1,4,4,3,1
0.6749343,0.6946241,7,2,15,9,3,2,1,3,4,3,2,2,2,2,3
0.766706,0.646174,7,1,9,8,1,2,2,1,4,1,4,1,2,1,1
1.1593112,0.9584489,9,1,9,12,2,2,3,2,3,2,2,2,2,3,2
1.1964519,0.9943355,9,1,9,11,1,2,2,1,4,4,2,1,3,1,1
1.4000165,1.7416395,5,1,3,4,3,3,2,1,2,2,3,2,1,1,2
0.677537,0.5529288,6,1,5,3,4,4,2,4,1,4,3,2,3,3,2
1.2036386,1.6924293,8,1,7,9,2,3,4,3,3,2,2,2,3,2,2
0.9946959,1.3085465,9,1,7,9,1,1,4,1,3,2,2,4,1,4,2
0.6119802,0.7016524,8,1,8,11,1,2,3,1,4,1,2,3,2,3,2
1.0507159,0.7299473,4,1,4,14,5,3,5,5,5,1,3,2,4,3,1
1.1622074,1.5164663,8,1,7,8,2,4,5,2,5,2,2,5,3,3,2
1.0971347,1.3365408,2,1,3,4,3,4,3,1,2,3,3,1,3,1,1
0.9056699,1.0881928,99,4,16,16,5,5,5,5,5,5,5,5,3,5,4
1.16631,0.9027439,5,1,5,8,3,4,4,4,1,2,5,3,2,4,2
1.0287795,0.8336475,5,1,5,14,3,4,3,2,2,2,3,2,3,2,2
1.3297808,1.0428925,5,1,5,8,3,4,2,3,2,3,3,2,2,2,2
1.1514795,0.9035604,2,1,5,6,3,4,2,3,2,3,4,2,3,2,2
0.785443,0.973673,99,3,14,15,1,2,4,1,4,1,4,2,2,4,2
1.2101331,0.8161955,4,1,4,7,3,4,2,3,1,3,4,2,4,2,2
0.9591154,0.8154024,10,1,9,8,1,1,1,1,3,1,2,2,1,3,3
1.16631,0.9662557,8,1,9,11,1,1,4,1,4,1,1,1,1,4,2
1.179646,1.5458232,99,1,7,11,1,2,4,1,4,2,5,4,2,4,4
0.8552979,0.6907207,4,1,5,7,2,4,1,3,2,3,2,2,3,2,1
1.0682567,0.859182,6,1,5,8,2,3,2,2,3,1,4,3,1,4,2
1.0013149,1.2639648,3,1,3,6,2,4,3,3,3,3,2,2,3,3,1
1.1086023,1.347432,99,1,13,4,2,1,2,2,3,1,1,1,2,1,1
1.1395994,1.4470807,99,1,3,11,1,1,5,2,5,2,3,1,2,1,1
0.7554935,0.9140379,7,3,14,16,2,4,1,2,2,4,3,3,3,3,3
1.16631,1.5347168,8,1,7,9,1,4,3,3,2,2,1,5,2,4,1
0.7081205,0.9296914,8,1,7,11,1,2,2,2,5,1,4,5,5,4,4
1.4961654,2.052712,8,1,7,9,2,3,3,2,3,2,3,3,3,3,2
1.0800005,1.3970482,8,1,7,10,2,1,3,2,3,1,3,2,2,2,2
0.9275019,0.7754496,99,1,9,11,1,2,4,1,4,1,3,1,5,2,1
1.1894852,1.4420294,99,1,12,14,3,3,3,3,2,3,3,5,3,3,4
1.0720831,1.3650918,8,1,7,9,1,3,4,1,4,1,2,2,2,3,2
1.1514795,1.5361049,8,1,7,9,2,4,4,1,3,1,1,3,2,4,2
0.9515146,1.2051955,3,1,3,4,1,4,2,1,2,2,2,1,3,1,1
0.7880473,0.6641079,10,1,9,11,1,1,4,1,4,1,2,1,2,2,2
1.1947453,0.9478841,6,1,5,8,3,4,2,2,1,2,1,3,2,3,2
1.2184837,1.5500256,4,1,3,7,2,4,2,2,1,4,3,2,3,3,1
0.5969554,0.4855559,5,1,5,8,3,4,1,2,2,4,2,4,2,4,2
1.2816249,1.5722332,2,1,3,4,3,4,3,3,2,3,2,2,2,3,2
0.7353816,0.904353,6,3,14,12,1,3,4,1,4,1,4,1,1,4,1
0.7056296,0.9186356,6,1,7,10,2,2,2,2,3,2,5,2,2,2,1
1.2300112,0.8145483,2,1,4,7,3,4,2,3,2,4,3,2,3,2,2
1.4441137,1.2611924,5,1,9,11,1,2,2,2,3,2,2,2,2,2,1
0.798429,0.6405545,6,1,5,8,4,4,1,4,1,2,3,3,2,3,2
1.179646,0.7836601,3,1,4,6,3,4,2,3,2,4,4,2,4,3,1
1.2300112,1.0116091,10,1,9,12,1,1,4,1,4,1,1,2,1,4,3
1.16631,0.9662557,99,1,9,11,1,4,4,1,4,2,2,1,2,1,1
1.2382648,1.5752219,3,1,3,7,4,4,2,4,1,4,4,2,3,1,1
1.3895187,1.6962312,8,3,14,8,1,1,1,4,3,1,1,1,1,1,3
0.9622368,1.181142,6,1,12,9,3,2,5,2,4,2,3,3,3,4,2
1.0534607,0.7047929,2,1,4,6,4,4,2,3,2,4,3,2,3,2,1
0.6969997,0.9540218,8,1,7,11,2,3,3,2,3,2,2,2,2,3,3
1.2538356,1.3918172,8,1,8,10,2,2,1,2,2,2,1,1,3,2,2
1.147429,1.5178378,5,1,7,9,1,2,3,1,4,1,2,2,3,4,2
1.3338978,1.1674318,9,1,9,11,2,4,2,2,3,2,3,1,2,2,2
0.7913079,0.6596226,8,1,9,12,1,1,4,1,4,2,1,2,2,3,1
0.6102943,0.7769268,5,1,3,8,2,2,2,3,2,2,3,2,2,2,2
1.416674,1.1996976,7,1,9,11,2,2,3,2,3,2,3,3,2,3,2
1.0761764,1.4170768,8,1,7,11,1,4,4,1,4,2,2,2,2,3,1
1.0603129,1.3145347,4,1,3,4,1,2,3,2,4,1,2,2,2,5,1
0.891274,1.109938,4,1,3,7,2,4,2,2,2,3,4,2,2,2,2
0.6819521,0.5306063,6,1,5,9,2,4,2,2,3,3,2,2,2,4,2
0.9656335,0.8268819,9,1,9,12,1,2,1,2,4,1,3,2,1,2,2
0.6096525,0.4825064,4,1,5,8,3,4,2,4,2,3,4,3,2,3,2
1.0677911,0.8158609,6,1,5,8,3,3,3,3,2,2,3,3,2,3,2
1.2582617,1.7094405,8,1,7,5,1,1,3,1,4,3,2,1,1,1,1
1.1010077,1.3526261,2,1,3,4,2,2,3,3,3,2,3,2,2,2,2
1.1485523,0.9962882,9,1,9,11,1,1,4,1,3,1,3,3,3,2,1
0.6051621,0.4731899,1,1,5,6,3,4,2,4,2,3,3,1,3,2,1
0.6684597,0.5398903,8,1,5,9,1,1,1,2,3,2,1,3,2,2,2
0.8076004,0.650361,6,1,5,8,4,4,4,4,1,3,3,3,3,3,3
1.0916191,0.9252312,6,1,9,14,2,2,2,2,3,2,2,2,2,2,2
1.0677911,1.3870108,6,1,7,9,2,2,2,1,3,1,2,2,3,5,2
0.9735067,1.0878251,9,1,8,10,1,2,3,1,4,1,2,4,1,1,2
1.3538861,0.7740399,99,1,2,2,2,2,5,3,5,1,5,1,5,2,2
0.9982073,0.8337742,10,1,9,12,1,1,3,1,3,1,1,1,2,2,1
0.9440513,0.7854648,4,1,9,12,1,1,2,1,2,1,2,2,1,2,1
0.9738113,1.1848764,6,1,3,10,2,2,2,2,2,2,2,2,2,2,1
1.0579348,1.404973,8,1,7,9,3,3,3,2,2,2,2,3,2,2,2
1.2300112,0.9451162,6,1,5,9,4,4,2,3,2,3,2,3,3,3,2
1.1581417,0.792641,5,1,4,8,3,4,2,3,2,2,2,2,3,3,1
1.1839316,1.4254965,99,3,14,15,4,3,5,4,4,4,4,5,4,4,3
1.2510234,0.9878762,5,1,5,8,2,2,3,2,2,1,3,1,2,2,1
0.7560084,0.5946153,4,1,5,8,2,4,3,2,2,3,3,2,2,3,2
1.2300112,1.0116091,8,1,9,12,2,2,5,2,5,2,2,5,2,5,2
1.2300112,0.7780916,7,1,6,13,1,1,4,1,4,2,1,3,1,4,2
1.1627867,1.457128,5,1,3,4,3,4,1,5,2,4,1,1,4,1,1
1.0791447,1.3286244,99,1,12,14,2,2,1,3,3,1,1,2,2,4,1
1.1586964,1.4398,99,1,3,11,2,1,2,3,3,1,1,1,2,1,1
1.0534607,1.2933183,3,1,3,3,4,4,1,3,1,2,4,1,2,2,2
1.1398071,1.5190383,7,1,7,9,3,3,2,3,2,2,3,2,2,2,2
0.8127138,1.0134777,3,1,3,7,2,2,1,3,3,2,2,1,2,1,1
0.9130955,0.93039,99,2,15,12,2,2,2,2,2,2,2,2,2,2,2
0.7491669,0.9736455,6,1,7,8,4,4,3,3,1,2,5,3,2,3,2
1.0579348,0.7122556,4,1,4,6,2,3,3,2,2,2,2,2,2,2,2
1.2405912,0.9769176,99,1,5,4,1,1,3,1,4,4,4,1,4,1,1
0.9670236,0.7636934,5,1,5,16,4,4,2,3,1,3,4,3,2,2,2
0.896863,0.9385407,5,1,11,12,2,2,4,1,3,2,3,1,3,2,1
1.2816249,1.6900718,8,1,7,11,1,5,5,1,4,1,1,1,5,4,2
1.195665,1.5831555,8,1,7,11,1,1,4,1,4,1,2,2,2,3,2
0.7560084,0.5124691,6,1,4,8,3,3,3,3,2,2,3,2,3,2,2
0.8064184,0.5466411,2,1,4,7,4,4,2,4,1,4,3,2,4,5,1
1.4594327,1.8511623,2,1,3,7,1,1,2,1,1,1,2,1,2,1,1
0.6969997,0.5611702,4,1,5,8,4,4,2,3,2,2,3,2,3,2,1
0.8379273,1.0623161,2,1,3,4,2,4,2,2,2,4,4,1,4,2,1
0.7123795,0.938615,8,1,7,9,5,5,2,2,5,2,2,2,5,5,1
1.0655063,1.3026778,3,1,3,6,3,4,1,5,2,3,4,2,3,5,1
1.2300112,1.4624022,5,3,14,14,4,4,2,3,1,3,4,1,3,1,1
1.267136,0.9869835,2,1,5,8,4,4,3,4,1,4,4,2,4,2,1
0.9829361,0.8265125,8,1,9,9,1,3,2,1,3,2,3,2,2,3,1
0.7250521,0.9047374,1,1,3,3,4,4,3,3,2,4,4,1,4,1,1
0.9515174,0.623181,7,1,6,13,2,2,2,2,2,1,2,3,2,4,3
0.7852752,0.6130778,6,1,5,8,3,4,1,3,2,3,4,3,3,3,3
1.0985308,1.3470461,4,1,3,8,3,4,3,2,3,2,3,2,3,3,1
0.6969997,0.6006508,99,1,9,11,2,3,2,1,2,2,5,2,3,4,1
1.2300112,1.6067523,8,1,7,9,2,3,2,2,3,2,2,3,2,3,2
1.033092,1.1699551,8,1,8,12,1,1,3,1,4,1,4,2,3,3,1
1.0255424,0.5775085,99,1,2,2,3,5,2,2,2,2,5,2,5,2,1
0.5578067,0.4823043,99,1,9,12,2,2,3,1,3,4,3,2,3,1,2
0.908867,1.1012892,5,3,14,15,2,3,3,3,2,1,3,3,3,3,2
1.2438692,1.0004245,4,1,5,8,3,4,1,4,2,2,2,4,2,3,1
1.2256845,0.9338771,4,1,5,8,3,3,2,5,2,2,3,5,5,5,2
0.7502074,0.645072,9,1,9,12,1,3,4,1,4,3,1,1,2,1,1
1.1117541,1.3966935,1,1,3,7,2,2,2,3,3,2,3,2,2,1,3
1.1012502,0.8496892,3,1,5,6,1,1,1,1,4,2,2,2,2,4,2
1.0930436,1.2017536,7,1,8,11,1,2,4,1,4,3,3,1,2,2,1
1.3722712,1.4479631,8,1,11,11,1,4,4,1,4,4,2,1,4,2,2
0.9700822,1.3044871,8,1,7,8,2,3,2,2,2,2,2,3,2,3,2
1.0946665,0.7253423,4,1,4,7,3,4,2,4,2,3,4,2,3,5,3
1.3028591,0.8508725,10,1,1,1,1,1,1,1,1,1,1,1,1,1,1
0.8261443,0.6382776,3,1,5,8,3,4,3,3,2,2,3,2,1,2,2
1.0534607,0.8753009,10,1,9,12,2,2,2,2,2,2,3,2,3,2,1
1.0579348,0.7122556,2,1,4,7,2,3,1,2,2,3,2,1,2,3,2
1.0916191,0.9252312,10,1,9,12,1,1,2,1,4,1,4,1,1,1,1
0.9163188,1.1260253,99,3,14,15,3,4,3,3,2,2,4,2,4,2,2
1.2256845,1.476948,99,1,3,15,1,2,4,1,4,1,3,5,1,3,1
1.16631,1.5347168,9,1,7,9,2,4,2,2,3,1,1,3,1,4,3
0.8759727,0.7376044,9,1,9,11,1,1,3,1,4,5,3,1,2,2,2
1.195665,0.9967525,8,1,9,11,2,4,4,2,4,1,2,1,2,3,1
1.2316912,1.3628337,5,1,8,15,2,4,1,1,2,3,2,3,3,3,1
1.195665,1.5831555,8,1,7,9,1,4,4,1,4,1,1,4,2,4,2
1.035714,0.6727669,99,1,6,14,4,4,2,4,2,3,2,2,2,2,2
1.1205546,0.9472198,5,1,9,12,1,1,1,1,3,2,2,1,1,1,1
0.9123816,1.2088381,8,1,7,9,3,4,2,3,2,2,2,2,3,2,1
1.1401796,0.8938854,5,1,5,8,2,2,2,2,2,2,2,2,2,2,2
1.2573811,1.4968575,99,3,14,15,5,5,5,5,5,5,5,5,5,5,1
1.5960968,1.3106683,10,1,9,15,1,3,1,2,4,2,3,1,3,1,2
0.7852752,0.528381,3,1,4,12,1,3,2,2,1,2,3,1,1,4,2
0.6545066,0.5405033,10,1,9,12,4,1,4,4,4,4,1,4,1,4,1
1.195665,1.4409254,99,1,12,14,5,5,1,2,2,2,4,1,2,3,2
0.6465731,0.8381736,6,1,7,9,3,3,3,3,2,3,2,3,3,3,1
1.4441137,1.1782945,4,1,5,8,2,3,2,2,2,3,4,1,3,2,1
0.9578196,1.1997703,5,1,3,12,2,3,4,1,3,2,3,2,2,3,1
0.7852752,0.9695967,7,1,3,4,2,1,3,3,3,2,2,3,2,4,4
1.0579348,1.404973,99,1,7,8,2,3,3,2,3,2,2,2,2,3,1
0.5437247,0.7319301,8,1,7,8,3,3,2,3,2,3,2,3,2,3,2
1.0115001,0.7975634,5,1,5,7,3,2,2,3,2,2,3,2,3,2,2
1.3828862,1.8954999,8,1,7,9,2,3,3,2,3,2,2,2,2,3,2
0.6883056,0.8905288,7,1,7,8,2,2,3,2,3,2,2,2,2,5,1
0.9023523,0.760107,6,1,9,12,1,2,2,2,3,2,3,2,3,2,2
1.2228874,1.0331242,10,1,9,9,1,2,3,1,4,1,2,2,3,3,3
1.0877792,1.4520814,9,1,7,9,1,1,4,1,4,2,1,1,3,3,2
0.837363,1.1113147,5,1,7,9,1,1,3,1,4,1,3,1,5,2,1
1.0539745,0.8512241,8,1,9,11,1,1,4,1,3,1,2,2,2,3,1
0.6474941,0.5506914,9,1,9,12,1,2,1,1,3,4,1,1,2,1,1
0.896863,0.707325,4,1,5,3,3,2,3,2,2,2,4,2,2,2,1
1.0450457,1.3275878,5,1,3,7,3,3,1,2,1,1,2,1,3,2,1
1.1916192,0.6738165,2,1,2,2,4,2,2,3,2,2,3,2,2,3,2
1.3433056,0.9226888,2,1,4,6,4,4,1,4,1,4,4,1,4,1,1
1.0715605,1.4037035,6,1,7,9,2,2,2,2,2,1,3,2,3,3,1
1.2256845,0.9995791,5,1,9,12,2,2,2,2,2,2,3,2,2,2,1
1.2300112,0.9451162,4,1,5,7,3,4,2,2,2,3,3,1,4,2,2
1.195665,1.5831555,9,1,7,11,1,1,4,1,4,2,2,3,2,3,2
1.16631,1.1978395,99,1,11,10,4,1,4,4,1,2,4,1,2,1,1
0.9466101,0.5265905,5,1,2,2,2,3,3,4,2,3,3,1,3,1,1
1.0400652,1.1465948,7,1,8,11,2,3,4,1,3,1,3,2,1,3,1
1.1051377,1.3599757,1,1,3,3,4,4,2,2,1,3,4,1,4,1,1
1.2582617,1.0762614,9,1,9,9,1,1,3,2,3,1,2,3,2,3,2
1.4116906,1.107513,5,1,5,8,5,4,5,5,2,2,5,2,5,5,4
1.2256845,1.5876449,8,1,7,11,1,4,4,1,4,1,2,3,1,4,3
1.1436303,0.8818237,99,1,5,8,2,5,3,2,3,2,3,5,2,3,2
1.2405912,1.5116093,3,1,12,15,3,3,2,2,3,2,3,2,2,2,2
0.869993,0.6010572,99,1,4,7,2,4,2,2,2,2,2,2,4,3,2
0.8837485,1.0866036,5,1,12,14,2,4,1,1,2,3,4,1,4,1,1
0.6453963,0.5015914,8,1,5,9,1,5,5,1,4,2,1,2,2,2,4
1.0460829,0.8331253,6,1,5,11,1,2,3,1,3,2,3,2,3,2,2
1.416674,1.1208419,4,1,5,7,3,4,5,3,2,3,5,2,3,2,1
1.2717385,0.9796879,99,1,5,4,4,2,5,3,1,1,3,2,2,4,1
1.2990288,1.0181346,8,1,5,8,2,4,2,2,2,2,2,4,2,3,3
1.1680697,1.4226443,99,1,3,4,4,2,2,3,2,3,2,2,2,2,1
1.1514795,0.9671295,9,1,9,12,1,1,2,1,3,2,1,3,2,4,2
1.0522103,0.8130507,4,1,5,7,2,4,5,3,2,5,4,2,2,2,3
1.4408748,1.8127722,2,1,12,14,2,3,2,2,2,4,3,2,3,3,1
0.956358,0.6501091,6,1,4,7,4,4,2,3,2,3,4,2,4,2,2
1.0460829,1.3176068,3,1,3,15,2,4,1,3,2,2,2,1,3,3,2
1.3303132,0.8767853,8,1,1,5,2,2,4,2,1,1,1,2,1,1,2
1.1496921,1.4294261,2,1,12,14,4,4,2,4,2,4,4,2,4,2,1
0.6155001,0.4945985,1,1,5,7,4,4,2,3,1,4,4,2,4,2,1
1.2980295,0.7528427,8,1,2,5,2,1,2,1,2,2,2,2,2,2,1
1.0579348,0.8264266,4,1,5,8,3,4,2,3,5,3,2,2,3,3,2
0.8793126,0.703456,6,1,5,7,3,2,2,3,2,2,2,2,2,2,2
1.2300112,1.4947231,1,1,3,3,3,4,1,3,2,4,4,1,3,2,1
0.902358,1.2277858,8,1,7,8,2,3,3,2,3,2,2,3,3,3,2
1.0364065,1.374962,9,1,7,10,1,1,2,1,4,1,1,1,2,1,2
0.6502441,0.4280561,99,1,6,14,2,2,4,2,3,2,2,2,3,2,1
1.1436303,0.8818237,2,1,5,12,2,4,1,3,2,2,2,2,1,2,2
0.5738213,0.7148095,6,1,3,9,3,4,4,1,4,2,1,4,1,4,2
0.6953862,0.586671,7,1,9,12,2,3,2,3,2,2,2,2,3,2,1
1.033092,0.8351832,5,1,5,8,3,4,2,3,2,3,2,3,2,2,2
1.0655063,0.7098933,1,1,4,2,4,4,2,3,1,4,4,2,4,2,1
1.0916191,1.4695572,7,1,7,9,3,2,4,2,3,2,3,2,3,4,2
1.0111792,0.9990662,8,2,15,15,2,1,2,2,2,2,2,2,2,2,3
0.7446064,0.9061009,3,1,12,14,3,4,1,3,1,4,2,3,3,2,2
1.0799754,0.8435779,7,1,5,8,2,3,2,2,2,2,2,2,2,3,2
0.8983943,0.6063817,3,1,1,3,4,4,2,4,2,3,4,1,4,2,2
1.2409966,0.9773154,3,1,5,8,3,4,2,4,2,3,4,1,3,2,1
1.0682567,1.4606591,99,1,7,16,2,4,1,4,3,3,2,2,3,2,1
1.2300112,1.0116091,9,1,9,12,1,1,4,1,4,2,2,3,2,4,2
0.7900848,0.4355735,3,1,2,2,3,4,2,3,2,3,3,2,3,2,1
0.6392608,0.4239542,5,1,6,13,3,5,1,3,2,3,1,3,3,3,2
0.8518863,1.0751384,3,1,3,8,3,4,1,4,2,2,4,2,2,2,2
0.9276665,1.2307309,8,1,7,9,1,4,2,1,4,1,2,3,2,4,1
1.3303132,1.6008105,3,3,14,6,2,4,3,3,2,3,3,2,3,2,1
0.9383287,0.7424126,5,1,5,9,2,2,2,3,2,2,3,2,2,3,2
0.8781155,0.7689446,9,1,9,12,2,3,4,1,2,2,2,1,3,2,1
1.0425119,1.3117499,3,1,3,2,2,4,1,4,2,3,2,1,2,2,2
0.9434338,1.1135637,99,1,12,9,5,1,1,1,3,1,4,2,4,2,2
1.2466228,1.3673964,99,1,8,16,2,4,5,1,3,2,3,1,2,2,2
1.0153577,1.3371079,8,1,7,9,1,1,4,1,3,2,3,2,2,3,2
1.0150708,0.6956524,5,1,4,15,4,4,4,4,4,4,4,4,4,4,2
0.9982073,0.7789705,4,1,5,8,4,4,1,4,2,3,2,2,3,2,2
1.1476673,1.3808893,99,3,14,15,3,3,4,3,2,2,2,2,3,2,2
1.1397359,1.4407758,99,1,3,1,3,3,2,3,2,4,3,2,3,2,1
0.8660182,0.6865982,4,1,5,8,4,4,2,3,1,3,2,3,5,4,2
1.16631,1.5347168,8,1,7,9,3,4,5,2,2,2,2,2,4,3,2
0.8349797,1.0269855,99,3,14,15,1,1,4,1,3,3,2,2,4,4,2
1.16631,1.4277103,1,1,3,8,4,4,2,2,2,3,3,2,3,2,1
0.5578067,0.7660505,6,1,7,8,3,1,1,1,2,1,2,2,2,3,2
1.2341771,1.0480891,99,1,9,12,1,3,2,1,3,2,3,2,3,3,1
1.1766145,0.8064424,2,1,4,6,1,3,2,2,4,2,3,2,1,2,1
1.2758408,1.5401068,6,1,12,14,4,3,1,3,1,2,2,2,3,3,2
1.0579348,0.8264266,7,1,5,9,4,3,4,2,3,2,2,2,2,2,2
1.0799754,1.3052895,99,1,12,14,2,4,2,2,3,2,2,5,2,3,2
1.2006755,0.9401583,4,1,5,16,3,4,5,4,2,4,3,2,3,5,2
0.7472349,1.0075212,7,1,7,8,1,2,2,1,4,1,1,3,1,2,3
1.2300112,1.6067523,8,1,7,9,2,2,3,3,3,2,2,3,2,3,2
1.2510234,1.6794466,7,1,7,9,1,1,1,1,2,1,2,1,2,2,1
0.6175603,0.5324218,8,1,9,11,2,1,3,2,2,2,2,3,2,4,3
1.0329683,0.838838,5,1,5,8,2,2,2,4,2,3,3,2,2,2,2
0.520501,0.7034257,7,1,7,9,1,4,2,1,4,2,2,3,2,4,2
1.0579348,0.8264266,5,1,5,8,3,4,2,3,2,2,3,2,2,2,2
1.2256845,0.9338771,7,1,5,9,1,1,2,1,4,2,2,2,2,1,2
1.0571619,0.6184661,99,1,2,12,1,4,4,1,4,4,4,4,4,4,1
1.0442302,1.3534894,0,1,3,7,4,4,2,4,1,4,3,2,4,2,1
1.16631,1.5347168,7,1,7,8,3,3,2,2,2,2,2,2,4,2,2
1.2713529,0.9834985,6,1,5,8,4,3,1,3,2,3,3,3,1,4,2
1.416674,1.1208419,5,1,5,8,1,4,4,1,2,1,3,2,2,2,1
0.8379273,1.1419364,8,1,7,9,3,4,2,3,2,2,3,2,2,2,2
0.9831933,0.7724642,7,1,5,8,3,4,2,3,2,3,3,3,2,2,2
1.1244663,1.5122405,8,1,7,8,2,4,2,1,3,2,1,4,1,2,1
0.6795532,0.5242964,2,1,5,4,2,4,4,2,2,2,3,2,3,3,1
0.7721642,0.9307958,99,1,12,12,2,1,1,1,1,1,3,1,2,1,1
1.0331161,0.8135875,3,1,5,6,3,4,1,3,2,4,4,2,3,2,2
0.6945479,0.477893,3,1,4,4,4,3,1,4,1,1,2,3,1,1,1
0.7852752,0.6130778,7,1,5,7,3,4,1,4,1,3,2,3,2,3,2
1.16631,1.3968384,7,4,16,9,2,4,5,2,3,2,1,1,2,3,4
1.0316151,0.9061384,10,1,9,12,1,1,4,1,4,1,4,1,4,1,4
0.6751958,0.8474876,5,1,3,6,3,4,2,3,2,4,4,2,2,2,2
1.1622074,1.4107322,3,1,3,6,3,4,3,3,2,3,4,1,3,2,1
1.049755,1.3737196,8,1,7,9,1,2,4,1,4,1,2,1,1,3,1
1.1476673,1.3808893,99,3,14,15,2,2,2,2,3,2,2,2,2,2,2
1.0571619,0.9112545,7,1,9,15,1,1,1,1,4,2,4,1,5,1,3
1.195665,0.9312362,4,1,5,8,4,4,1,3,2,2,3,4,2,4,2
1.2990288,1.0181346,4,1,5,7,4,4,3,3,2,4,4,3,3,2,2
1.0655063,1.4003131,8,1,7,9,1,3,3,1,4,1,2,2,5,3,2
0.7531205,0.5083445,7,1,4,9,3,2,3,2,3,2,1,2,1,2,1
1.3828862,1.1934042,8,1,9,12,2,1,3,2,2,5,4,2,4,3,2
1.0799754,1.4341313,7,1,7,9,2,4,3,3,2,2,2,3,3,4,1
1.1581417,0.792641,4,1,4,6,4,4,1,3,2,3,3,2,3,2,1
0.5738213,0.3721006,6,1,6,13,3,2,2,2,2,1,2,2,2,3,1
1.0640558,0.900367,10,1,9,12,1,1,4,1,4,2,2,2,1,1,1
1.16631,1.5347168,7,1,7,16,2,4,3,1,2,2,1,4,1,4,3
0.9198864,0.7145441,6,1,5,5,2,3,1,1,2,2,2,2,3,3,2
1.179646,1.5458232,99,1,7,11,1,2,4,1,4,1,3,4,2,4,2
1.2816249,1.6900718,10,1,7,8,1,1,4,1,4,1,2,2,2,1,1
0.7518116,0.6203834,10,1,9,11,1,1,4,1,4,1,1,3,2,4,3
1.116479,1.3589571,99,3,14,4,4,3,2,5,2,3,3,2,3,2,2
1.0650389,1.2007965,7,1,8,11,1,2,2,2,2,1,2,3,2,4,1
1.0542133,1.263544,99,1,12,15,1,1,3,1,3,1,2,2,3,1,2
0.7852752,0.6130778,6,1,5,4,1,5,3,2,1,1,3,2,2,1,2
1.2810627,1.1073614,5,1,9,12,2,2,2,1,3,2,3,2,3,2,2
1.2618197,0.9790263,8,1,5,8,2,2,2,2,2,3,2,2,2,2,2
1.1766145,0.8064424,2,1,4,15,4,5,1,4,1,4,4,2,4,1,1
1.0153577,0.7865072,4,1,5,8,3,4,1,2,2,3,3,3,2,3,1
1.2256845,1.5876449,7,1,7,9,3,4,4,5,5,5,2,5,2,4,2
0.753349,0.6288804,9,1,9,12,2,1,2,1,1,1,2,1,1,1,3
1.4116906,1.7515571,2,1,3,4,2,3,2,2,3,2,3,2,2,2,2
0.8914181,0.7158602,4,1,5,7,2,4,4,2,2,1,2,3,2,3,1
1.1880298,0.761869,99,1,6,13,1,1,2,1,4,1,3,1,1,1,2
1.1828835,0.9700987,9,1,9,12,1,1,1,3,2,1,1,1,3,4,1
1.4909024,1.88688,3,1,3,4,2,3,2,2,2,3,3,2,3,2,2
1.16631,1.5347168,5,1,7,8,4,4,4,3,1,3,1,4,3,4,2
0.9894444,1.1938225,99,3,14,9,2,2,3,2,3,2,3,2,4,4,2
1.1994046,1.6723032,99,1,7,16,2,2,2,2,2,2,4,3,2,3,2
1.1511426,0.7734986,4,1,4,7,3,1,1,3,1,1,3,1,2,1,2
1.0985308,1.3470461,6,1,3,11,3,4,4,2,3,2,2,3,4,3,1
1.2300112,1.6067523,9,1,7,8,3,2,2,1,2,1,2,2,1,2,2
0.9839654,1.1904438,5,3,14,14,3,3,2,2,2,3,3,2,3,3,2
1.1437594,1.5674011,6,1,7,8,2,3,2,1,2,1,2,3,1,4,2
0.6961759,0.8969733,5,1,7,8,2,4,3,2,3,2,2,3,2,2,2
0.7560084,0.9403978,2,1,3,7,3,4,2,3,2,4,2,1,3,2,1
0.7446064,0.9955398,8,1,7,9,2,1,2,2,3,2,1,2,2,1,1
1.0542133,1.2914698,3,1,3,7,3,2,2,2,2,2,1,2,2,1,1
1.1540679,1.5449454,8,1,7,9,1,2,2,1,3,2,2,1,1,3,1
1.1010077,0.7371126,3,1,4,4,1,1,1,1,4,2,3,2,3,1,1
1.163331,1.4296657,2,4,16,5,1,1,3,1,4,1,4,2,2,2,2
0.6892901,0.8254699,99,1,12,14,3,4,2,3,2,1,3,2,1,1,1
1.147429,1.5178378,7,1,7,9,3,4,4,4,2,2,2,3,2,4,3
1.0493395,0.703711,5,1,6,13,3,1,1,3,1,2,3,2,3,2,1
0.764132,0.7698537,8,2,15,11,2,2,2,2,2,2,2,2,2,2,1
1.2510234,1.6794466,6,1,7,9,1,3,2,1,4,1,1,3,2,2,2
1.0985308,0.8517398,6,1,5,8,5,4,2,5,5,5,2,3,5,3,2
0.9075409,0.716214,5,1,5,8,2,1,2,2,3,3,3,2,2,3,2
0.9963071,0.8245854,7,1,9,12,3,1,1,3,2,1,1,1,3,1,2
1.0787754,1.4513185,8,1,7,11,1,2,1,1,2,2,1,2,1,3,2
1.2771165,1.6699737,8,1,7,11,1,2,4,1,4,1,2,4,1,4,1
1.3780217,1.1792123,99,1,9,12,1,2,5,1,4,2,5,2,2,5,1
1.2816249,1.6900718,9,1,7,11,1,1,4,1,4,2,4,2,2,3,2
0.9464911,0.658334,1,1,4,7,2,4,1,1,3,2,2,1,4,1,2
1.0460829,0.8331253,4,1,5,8,2,4,2,3,4,2,4,3,2,2,1
1.2626787,1.043859,10,1,9,12,1,1,4,1,4,1,3,2,5,3,3
1.1244663,0.7666352,8,1,4,5,3,4,3,4,2,3,4,3,4,1,2
1.0522103,0.8130507,3,1,5,4,4,4,1,4,2,2,3,3,4,4,1
0.9557603,0.7854534,4,1,5,8,4,4,2,4,1,3,3,3,3,2,2
1.1799045,1.0103915,5,1,9,12,1,1,2,2,3,3,3,1,2,2,2
0.6586189,0.8037929,8,1,12,14,1,4,2,2,2,3,3,2,3,2,1
1.1436303,1.364468,99,1,12,14,2,3,1,2,2,2,3,2,1,2,3
1.3722712,1.7258337,3,1,3,7,3,2,2,3,2,2,3,2,2,2,1
0.7560084,0.9403978,2,1,3,5,4,4,1,3,5,3,2,3,3,2,2
0.6969997,0.6006508,8,1,9,12,1,1,4,1,4,1,1,1,1,3,1
1.179646,0.9092768,1,1,5,8,1,2,3,1,4,1,3,1,2,1,1
0.6969997,0.8683128,9,1,12,11,2,2,2,2,3,2,2,2,2,2,2
1.0761764,0.8335462,5,1,5,8,4,4,2,2,1,2,4,3,3,3,2
0.891274,1.1931276,8,1,7,11,1,1,4,1,4,1,3,2,2,4,3
1.147429,0.8928154,1,1,5,7,2,4,2,3,2,3,3,2,3,2,1
1.2300112,1.4624022,1,3,14,4,4,4,2,3,2,4,4,2,4,2,1
0.9893295,1.3342962,7,1,7,9,2,2,5,2,2,2,5,2,2,2,2
1.1436303,0.8818237,99,1,5,11,2,4,3,4,4,1,1,2,2,1,3
1.2414075,0.7079575,99,1,2,9,3,4,3,3,2,3,3,3,3,2,2
0.6743123,0.5349072,5,1,5,8,2,3,2,2,3,3,3,3,2,3,2
1.0655063,0.7098933,3,1,4,3,4,4,3,4,1,3,4,1,4,2,1
0.9591154,0.6565626,0,1,4,7,4,4,1,1,2,3,4,4,3,1,2
1.1156787,0.7702873,3,1,4,6,5,3,1,3,2,3,3,2,5,1,2
0.6907353,0.5301269,4,1,5,8,2,4,2,3,2,2,3,2,3,3,2
1.2298357,1.3553851,9,1,8,9,2,2,3,1,3,1,1,2,2,3,2
1.1821213,0.9910176,8,1,9,12,2,2,2,4,2,2,2,2,3,2,2
0.9893295,1.2412637,7,1,3,9,3,2,2,3,3,3,2,3,5,3,2
1.0761764,1.4170768,9,1,7,9,1,3,3,1,4,1,1,2,1,2,1
1.1202954,0.9502119,7,1,9,12,4,4,4,4,4,4,4,4,4,4,1
1.1947453,0.9478841,7,1,5,9,1,4,2,1,3,2,3,2,2,3,2
0.8211678,1.0147607,0,3,14,7,3,4,3,3,2,3,4,1,3,2,1
0.973693,0.8273166,5,1,9,12,1,1,3,3,3,3,3,2,1,1,3
1.2300112,1.6067523,7,1,7,16,2,4,2,2,3,3,2,3,2,3,2
0.8843088,0.9878128,9,1,8,11,1,1,4,1,4,1,2,2,1,5,2
0.8844591,0.7187465,99,1,5,12,1,2,2,1,3,2,1,2,1,2,2
1.1914591,0.9201621,8,1,5,11,2,2,4,2,3,1,2,1,3,2,1
1.267136,0.9869835,3,1,5,8,2,4,1,2,2,4,2,3,2,3,2
0.8758051,0.6923463,5,1,5,8,4,4,1,3,1,3,4,2,3,1,1
0.8165423,1.0195658,99,1,12,14,2,2,3,2,2,3,3,2,3,2,1
0.6868328,0.8182975,5,1,12,14,1,1,4,1,4,1,4,1,1,1,1
1.0579348,1.404973,8,1,7,9,1,3,2,2,2,1,1,2,1,3,1
1.3334621,1.1249486,99,1,9,12,2,2,2,2,2,2,1,2,1,2,2
1.2528572,1.6019976,4,1,3,16,2,3,2,2,2,2,3,2,3,3,2
1.2006755,0.9401583,4,1,5,8,3,4,2,2,2,2,3,2,3,3,1
0.7491669,0.8861736,4,1,12,12,1,3,3,1,3,1,1,2,2,3,2
1.0400652,1.3915097,7,1,7,8,3,4,2,1,2,2,2,3,1,2,1
1.1395994,0.9793653,0,1,9,8,2,2,2,1,3,2,2,2,2,2,3
1.0364065,1.374962,6,1,7,9,2,2,2,1,2,1,2,2,1,4,2
1.3334621,1.0510061,5,1,5,8,4,4,1,4,1,3,4,3,4,2,2
1.0153577,1.2438793,9,1,3,11,2,1,3,2,3,1,2,2,2,3,1
1.0971347,0.8450973,99,1,5,8,4,1,2,3,1,3,3,2,3,3,1
1.0508418,0.8432639,6,1,5,8,1,2,4,1,4,2,3,3,1,3,2
1.1156787,1.4135027,2,1,3,4,2,1,2,2,3,3,2,1,3,1,1
1.179646,1.5458232,7,1,7,8,1,2,3,1,3,2,3,1,2,2,2
1.1540679,1.4372256,1,1,3,4,3,4,2,4,2,2,4,1,4,1,1
1.3899729,1.1738368,6,1,9,12,1,1,1,3,3,2,1,2,1,2,1
1.0364065,1.374962,7,1,7,8,3,4,2,2,2,2,3,3,2,3,1
1.1766145,1.0015422,99,1,9,16,2,2,2,3,3,2,3,2,2,2,2
1.1754963,0.8984638,6,1,5,8,2,2,1,4,2,2,4,3,3,4,2
1.1421243,1.0002974,10,1,9,12,1,1,4,1,4,1,3,1,1,3,2
1.6228322,1.9796455,5,3,14,8,4,4,4,3,1,3,3,2,2,3,1
1.179646,0.7836601,3,1,4,6,3,4,3,3,2,3,3,2,4,2,1
0.8811776,1.0525913,9,3,14,11,1,1,4,1,4,1,3,4,1,4,1
1.0720831,1.3650918,7,1,7,8,2,3,3,2,2,2,2,2,3,3,2
0.7491669,0.9736455,9,1,7,9,1,1,5,1,2,1,1,2,1,1,1
0.6609027,0.4619612,3,1,4,7,4,4,1,4,1,4,4,2,4,1,2
1.179646,0.9092768,4,1,5,8,2,4,1,1,2,2,3,5,3,5,2
1.16631,0.9027439,6,1,5,9,2,4,1,1,3,2,3,1,3,2,1
0.8064184,1.0782869,99,1,7,9,1,1,2,1,4,2,1,2,1,3,1
0.9687391,0.8188808,6,1,9,12,2,2,4,2,3,3,2,2,2,2,3
1.4408748,1.1715521,2,1,5,3,2,2,2,2,2,3,3,1,2,1,1
1.4761204,1.8242408,3,1,12,4,2,2,3,2,4,3,1,1,3,2,1
0.8493059,0.6542609,5,1,5,14,5,5,5,5,5,5,5,5,5,5,2
0.6548978,0.5182179,5,1,5,8,2,3,2,2,2,2,2,2,2,2,2
0.9440513,0.7854648,9,1,9,12,2,2,2,2,1,2,2,2,2,2,1
1.0640558,1.4300649,8,1,7,9,2,4,4,1,2,1,1,3,1,4,1
1.2758408,0.9953349,6,1,5,8,2,2,2,2,2,2,2,2,2,2,2
1.3334621,1.6621902,99,1,3,4,1,3,1,1,3,2,4,1,3,3,1
0.6081475,0.8252257,6,1,7,14,2,4,5,2,5,2,2,2,2,3,2
0.9870259,1.165843,7,3,14,8,2,2,2,2,2,2,2,2,2,2,2
0.7721761,0.6670789,6,1,9,12,1,1,2,1,3,2,2,2,2,2,1
1.1012502,1.343803,5,1,3,4,2,3,2,2,2,3,3,2,3,2,1
1.1724757,1.5718459,99,1,7,9,2,2,2,2,3,2,3,2,1,2,2
1.2816249,0.7221795,1,1,2,6,4,4,1,4,2,3,4,2,1,2,1
1.2582617,1.555865,2,1,12,6,5,4,2,5,5,3,2,1,2,2,2
1.16631,1.3968384,10,3,14,15,1,1,3,1,4,1,3,1,3,3,1
1.0985308,1.1020492,2,2,15,2,2,4,2,3,2,3,4,1,2,2,2
0.6016572,0.6769596,8,1,8,9,2,3,1,4,4,2,4,2,3,3,2
1.2256845,1.5876449,5,1,7,11,1,2,4,4,3,1,1,2,3,3,2
1.0542133,1.263544,99,3,14,11,1,3,2,1,3,2,3,2,3,3,2
1.3303132,1.6361903,2,1,3,4,1,1,1,1,4,4,4,1,3,1,1
1.2713529,1.5554254,0,1,3,7,4,4,1,4,2,2,4,1,3,1,2
1.0012245,1.3281454,7,1,7,8,2,3,3,3,3,2,1,3,2,4,2
0.7560084,0.9200633,4,3,14,16,4,3,1,4,2,3,3,1,2,2,1
1.0860872,1.3103358,7,1,12,11,1,3,4,1,4,3,2,1,2,2,2
1.0715605,1.4037035,7,1,7,11,1,3,3,1,3,1,3,2,4,2,2
0.9894444,0.8258204,8,1,9,9,2,2,3,2,3,2,4,4,3,4,2
0.7168553,0.898237,6,1,3,8,4,4,2,3,2,1,2,1,1,4,1
1.2293816,1.5347772,99,1,12,12,2,2,1,1,2,1,3,2,3,2,4
0.6907353,0.8202787,4,4,16,14,2,4,1,3,2,2,3,2,2,2,2
1.1947453,1.4991006,3,1,3,2,3,4,1,3,2,4,4,1,4,1,1
0.8996552,0.962923,5,1,11,15,2,3,2,2,3,3,3,2,4,2,2
0.9524577,0.7612181,6,1,5,8,3,3,2,2,2,2,3,2,2,2,2
1.0739068,0.9148592,8,1,9,12,1,1,4,1,4,2,1,2,1,3,2
1.4358064,1.2390635,9,1,9,12,1,1,2,1,3,1,3,1,3,2,2
0.7345937,0.6288005,1,1,9,16,2,2,2,1,2,2,3,1,2,2,1
1.2300112,1.3239533,2,1,8,11,3,4,5,3,2,3,4,2,3,2,1
1.0715605,1.4037035,6,1,7,9,2,4,3,2,2,2,3,4,3,3,3
1.1078651,1.4400482,2,1,3,4,3,4,2,3,2,3,4,2,4,2,1
1.030246,0.876757,7,1,9,12,2,2,2,2,3,2,2,2,2,2,2
1.2405912,1.5116093,5,1,12,14,3,1,5,3,2,5,3,2,2,5,2
1.1754963,0.8984638,4,1,5,8,5,3,2,2,5,5,3,5,2,5,2
1.0985308,1.1931483,8,1,8,10,1,4,2,5,3,1,5,5,1,4,1
1.1925049,1.5284071,2,1,3,14,2,3,2,1,2,3,3,1,3,2,2
0.869993,0.9023567,5,2,15,12,1,1,1,1,4,1,1,3,1,2,2
1.1436223,1.4328291,5,1,13,14,5,5,5,5,5,5,5,5,5,5,4
0.6792567,0.5410115,7,1,5,9,1,4,3,1,3,2,3,3,2,2,2
1.1581417,0.792641,3,1,4,7,2,5,1,2,5,1,5,2,5,2,2
1.0877792,1.3216269,6,3,14,8,2,3,2,2,3,2,2,2,2,3,2
0.8327412,1.0920666,7,1,7,12,2,1,5,2,3,2,3,2,2,5,2
0.7168553,0.9655598,8,1,7,11,4,3,2,2,3,3,3,3,4,3,1
1.267136,0.8506316,4,1,4,5,3,4,1,2,3,3,3,1,3,1,1
1.0844026,1.3320993,5,1,3,10,2,2,2,2,3,2,2,2,1,3,1
0.5351844,0.7270114,6,1,7,9,3,4,2,3,2,3,3,2,2,2,2
1.0400652,0.8760926,9,1,9,12,2,4,4,2,3,2,2,3,3,4,2
0.907164,1.1483157,5,1,3,4,2,2,2,2,3,2,3,2,2,2,2
1.1051377,0.8599153,3,1,5,8,2,3,1,1,2,1,2,3,1,4,2
0.8845756,1.1080697,2,1,3,6,1,2,2,1,4,2,3,1,2,5,2
1.2300112,0.9451162,4,1,5,8,4,4,2,3,2,3,3,3,3,3,2
1.2990288,1.4262401,5,1,8,16,3,4,2,3,2,3,3,2,3,3,1
1.3215592,1.0588167,5,1,5,12,3,1,1,3,2,4,4,2,2,3,1
1.2990288,1.0181346,3,1,5,7,3,4,3,3,2,3,3,3,2,2,1
0.9929373,1.3274475,8,1,7,9,1,3,3,1,4,2,2,3,2,4,2
1.0715605,0.6797625,99,1,6,11,1,3,4,1,4,1,1,3,2,3,1
1.004759,0.6814108,2,1,4,4,3,4,3,4,2,3,3,1,4,2,1
1.0655063,0.8236856,4,1,5,8,3,4,2,3,1,2,2,2,4,3,2
0.5829493,0.4863432,8,1,9,12,1,1,2,2,3,3,2,2,1,2,1
1.0347319,1.1886601,5,1,8,10,1,1,2,1,4,3,3,1,3,1,2
1.1051377,0.9204138,3,1,9,12,2,4,1,2,2,2,4,1,2,1,1
0.677537,0.8555608,6,1,12,8,4,4,2,3,2,4,3,2,3,3,2
1.0115001,0.6873798,4,1,4,6,3,4,5,3,1,3,3,1,3,1,1
1.0150708,1.130702,8,1,8,11,1,2,2,1,3,1,2,2,2,3,2
1.2129997,0.9603775,5,1,5,8,2,3,2,3,3,2,3,2,2,2,3
1.3004249,1.6040331,2,1,3,14,3,4,1,3,2,3,5,2,3,2,2
0.9701428,1.1902432,99,1,3,4,1,3,2,1,3,2,3,1,1,1,1
0.6684597,0.9178447,8,1,7,9,2,3,2,3,2,2,2,2,2,4,3
1.0677421,0.8387243,6,1,5,8,2,2,1,2,2,1,3,5,3,5,2
1.1514795,1.5361049,7,1,7,9,2,1,3,1,3,2,1,1,1,4,2
0.6517057,0.5597252,8,1,9,12,2,2,2,2,2,2,2,2,2,2,1
0.6453963,0.5015914,5,1,5,15,2,4,1,1,3,4,2,3,3,3,1
1.1914591,1.5643288,8,1,7,9,1,1,4,1,4,2,2,2,2,3,3
1.4408748,1.2539756,9,1,9,12,1,3,2,1,3,2,3,2,3,2,2
1.0799754,0.8435779,5,1,5,8,4,4,4,4,2,1,2,1,2,4,1
0.8064184,0.6342648,99,1,5,8,3,4,1,3,2,5,2,2,3,3,1
1.2728499,1.0915464,7,1,9,12,1,5,3,1,5,2,5,2,2,3,2
1.0720831,1.2424525,99,3,14,10,2,2,3,1,3,1,2,2,2,3,1
0.6945479,0.5544968,6,1,5,9,3,4,2,3,2,3,3,4,3,4,2
0.6392608,0.7213746,5,1,8,14,1,1,4,1,4,2,3,3,2,4,2
1.0787754,1.4513185,8,1,7,9,1,2,4,2,2,1,1,3,2,4,2
1.0838131,1.4138616,10,1,7,11,1,3,4,1,4,1,1,3,2,3,2
0.6704332,0.5255217,2,1,5,7,4,4,1,4,1,4,3,2,4,1,1
0.9618914,0.76779,99,1,5,8,2,2,2,2,3,2,2,2,3,2,1
1.0329683,0.8978537,5,1,9,12,2,2,2,2,3,3,3,3,3,4,2
1.3256336,1.0222634,7,1,5,8,2,3,2,2,2,3,2,2,3,2,2
0.9700822,1.1872925,3,3,14,15,3,4,3,3,4,3,3,4,3,4,3
1.4116906,1.185431,8,1,9,12,2,4,3,2,3,2,2,3,4,2,2
1.2717385,1.549399,99,1,3,14,3,3,2,2,2,2,3,5,5,3,1
0.8949893,1.1261109,99,3,14,15,5,5,5,5,5,5,5,5,5,5,1
1.1476673,0.7691461,2,1,4,6,2,2,2,2,2,2,2,2,5,2,1
1.0715605,0.5998123,2,1,2,2,3,4,2,3,2,3,3,1,3,1,1
1.0877792,1.4520814,7,1,7,11,2,4,3,5,3,2,2,5,5,5,1
0.8035817,0.9697432,5,1,12,14,1,2,3,1,3,1,2,2,2,2,1
1.3560803,1.1641135,6,1,9,12,2,1,1,1,2,1,1,2,2,2,1
1.0255424,0.8509072,5,1,9,12,2,2,2,1,3,3,3,3,1,1,2
1.0715605,1.4037035,8,1,7,8,2,4,1,2,3,3,1,2,3,4,2
0.7168553,0.898237,3,1,3,5,3,4,4,4,2,4,3,1,4,2,1
0.6768672,0.4607259,5,1,4,7,4,4,1,4,1,3,3,1,2,2,1
1.1223333,0.740214,3,1,6,5,2,2,4,3,2,2,1,2,3,3,4
1.3433056,1.0705912,5,1,5,8,4,4,2,4,2,3,2,3,4,4,2
0.6819521,0.5306063,99,1,5,12,3,3,2,2,2,3,3,1,2,1,1
1.0331161,0.7011902,6,1,4,14,3,4,2,5,2,2,3,3,3,3,1
0.9130955,0.7696593,99,1,9,12,1,2,2,2,3,5,3,1,3,2,1
1.1799045,1.4606421,99,3,14,14,5,5,2,1,3,2,2,1,3,2,1
1.1166129,1.353036,99,3,14,15,5,4,4,5,4,4,4,1,4,1,1
1.2408595,1.4313126,99,1,8,8,2,1,4,1,2,1,1,1,2,4,1
0.7518116,0.9853634,8,1,7,9,1,1,4,1,4,2,5,5,2,5,3
0.858304,0.7221851,99,1,9,12,2,2,2,2,4,3,4,2,3,2,1
1.0559248,0.8807256,10,1,9,8,1,1,3,1,3,2,2,2,2,2,1
0.7665464,0.7890879,8,2,15,12,3,3,3,1,3,2,3,2,3,2,2
0.7036653,0.5549974,5,1,5,8,4,4,5,2,2,2,2,2,2,4,2
0.6793244,0.4492292,6,1,6,13,3,4,4,2,2,3,2,1,3,1,1
0.5665247,0.3898873,3,1,4,8,4,4,1,3,2,4,4,2,4,3,1
1.3215592,1.6745428,2,1,3,4,2,2,1,2,2,2,4,1,5,2,1
1.0147488,1.0110899,6,2,15,10,2,2,2,2,2,2,2,2,2,2,1
1.0891987,1.340627,3,1,3,4,4,1,4,4,1,5,3,2,3,3,2
1.16631,1.4277103,99,1,3,7,4,4,1,3,2,4,5,1,4,5,1
1.1914591,0.9201621,7,1,5,8,3,3,2,3,2,2,3,3,2,3,2
1.1162925,1.3482401,1,1,3,10,3,4,3,2,2,1,3,2,3,1,4
0.6969997,0.5611702,7,1,5,8,4,4,1,3,2,3,3,4,3,4,2
1.2816249,1.5722332,2,1,3,4,4,4,3,2,2,2,4,1,3,2,1
0.8546957,0.5494955,5,1,6,13,2,4,1,2,3,2,2,2,4,3,1
1.0001258,1.225134,5,1,3,8,4,4,2,5,2,3,4,4,3,3,1
0.9557603,1.2422127,1,1,3,3,3,4,1,5,2,4,4,2,3,2,1
0.6961597,0.5416183,4,1,5,8,3,4,3,2,2,3,2,2,5,5,1
0.8076004,1.00632,5,1,12,7,1,1,2,3,2,2,1,1,2,2,1
1.0838131,0.831655,2,1,5,8,4,4,1,3,1,4,4,3,4,1,1
1.0204061,1.2593724,3,1,3,4,2,5,2,5,2,3,3,2,5,2,1
1.195665,0.9312362,6,1,5,8,4,4,2,3,1,4,2,4,3,3,2
0.9963071,0.8245854,99,1,9,12,2,1,4,3,2,3,1,1,1,1,1
0.9578196,0.8119889,9,1,9,8,1,1,4,1,3,1,3,1,1,3,1
0.7528359,0.7552332,10,2,15,7,1,2,1,4,1,1,1,1,1,1,2
0.7089065,0.6278261,10,1,9,11,1,1,4,1,4,1,1,2,3,2,1
1.004759,0.6814108,2,1,4,6,4,4,1,3,2,4,4,2,2,2,2
1.0534607,1.3902522,6,1,7,9,5,4,4,5,2,1,4,2,5,5,2
1.0400652,0.6738575,7,1,6,9,2,3,5,5,2,1,2,2,5,2,1
1.0280552,1.3695009,7,1,7,12,1,5,4,1,4,1,1,2,2,5,1
1.179646,0.9092768,6,1,5,8,2,4,2,3,2,3,4,3,3,4,2
0.7618191,0.6175897,3,1,5,11,2,2,4,1,3,1,2,2,2,3,2
1.2300112,1.0116091,8,1,9,11,1,1,2,1,4,1,2,1,2,1,1
1.0715605,0.6797625,5,1,6,9,1,1,4,1,3,4,4,1,3,1,1
1.049755,1.2779384,2,1,3,4,2,3,2,2,2,1,3,2,2,1,1
0.9625012,0.6644643,3,1,4,8,3,3,2,2,2,3,3,2,3,2,2
1.0579348,1.1576885,8,1,8,11,1,2,3,1,4,2,3,2,3,3,2
1.0250423,0.672998,5,1,6,7,3,3,4,3,1,2,1,2,2,3,1
0.7557791,0.4336364,5,1,2,9,2,2,2,2,2,3,2,2,2,2,2
0.6609027,0.8477142,2,1,3,3,3,4,2,3,2,2,2,2,4,2,1
1.1514795,0.9671295,9,1,9,12,1,2,2,2,3,1,2,2,2,2,2
1.0383846,0.9191645,99,1,9,14,3,3,3,2,4,3,3,2,3,3,3
0.9469786,0.6338058,3,1,1,15,4,4,1,4,1,4,4,4,4,3,1
1.0347319,1.4425603,8,1,7,8,2,4,2,2,2,2,3,4,1,3,2
1.0400652,0.8185073,3,1,5,8,3,4,2,3,2,3,3,2,2,2,2
0.753349,0.7602118,5,2,15,7,3,4,3,4,1,2,2,2,3,2,1
1.1012502,0.8496892,5,1,5,8,3,4,1,2,2,3,3,2,3,2,2
1.0985308,0.7340719,1,1,4,6,3,2,1,4,1,3,3,2,3,2,1
0.7077399,0.4899364,5,1,4,14,3,3,2,3,2,2,3,2,2,2,2
0.9625012,0.8252158,6,1,9,11,1,1,4,1,3,1,3,1,2,1,1
1.0324112,1.3343,2,1,3,4,4,4,2,4,1,4,4,1,4,2,1
1.2438692,1.0708084,5,1,9,12,1,3,3,1,3,1,3,2,2,4,2
0.7900848,0.6417787,8,1,9,12,1,2,2,1,4,1,2,2,2,2,2
1.2300112,0.9451162,5,1,5,8,3,4,2,3,2,4,2,3,3,4,2
1.2300112,1.6067523,9,1,7,9,2,1,4,1,4,2,1,2,3,4,3
0.8681432,0.7589739,9,1,9,11,2,2,2,2,3,2,3,2,2,2,1
0.4943386,0.341161,1,1,4,7,4,4,1,3,1,3,3,1,3,1,1
1.179646,1.4380422,0,1,3,3,4,4,1,4,1,4,4,1,4,1,1
1.1010077,1.1348443,0,1,11,4,3,4,1,4,1,4,3,1,4,1,1
1.1840696,1.0225515,99,1,9,15,3,5,3,5,5,5,5,1,4,3,1
1.4078752,1.1727761,99,1,9,12,2,2,2,3,3,2,3,2,2,3,2
1.0749806,0.9028819,10,1,9,9,2,2,3,2,3,1,3,2,1,3,3
0.6609027,0.5360113,3,1,5,8,3,3,2,3,2,4,2,3,2,2,2
1.2300112,1.4947231,1,1,3,7,4,4,1,4,1,4,4,2,4,2,1
1.195665,0.9967525,10,1,9,12,1,3,4,1,4,1,2,2,2,2,1
1.2058762,0.9357657,7,1,5,9,3,3,2,3,2,2,2,3,2,3,1
1.0120082,0.8182026,8,1,5,8,1,3,2,1,4,2,4,2,2,1,2
1.16631,0.9027439,99,1,5,8,3,4,1,3,1,4,3,3,3,3,2
1.3771155,1.5470574,8,1,8,10,1,2,2,1,4,1,4,2,1,3,2
0.6658585,0.391246,1,1,2,2,4,3,2,3,2,2,2,2,3,1,1
1.147429,0.8928154,8,1,5,8,2,3,2,2,2,2,3,3,3,2,2
0.5882639,0.721426,2,1,12,16,3,4,2,3,2,3,3,2,3,1,1
0.9833168,0.8249953,99,1,9,12,1,1,2,1,2,2,3,2,2,1,1
1.2405912,0.8042729,7,1,6,13,1,1,4,1,4,1,1,4,1,3,1
1.267136,0.9869835,4,1,5,8,2,3,3,1,2,2,2,3,3,2,2
1.3251032,1.0304905,99,1,5,8,2,2,2,2,2,2,2,2,2,2,2
1.179646,1.5458232,8,1,7,11,1,2,4,1,4,2,1,3,3,3,2
1.1381067,1.4288538,99,3,14,15,2,2,1,2,2,2,2,1,2,1,3
1.0758677,0.8126315,4,1,5,8,3,4,2,3,2,3,2,2,2,2,1
1.0639862,0.7142583,3,1,4,7,4,1,3,4,2,2,3,3,2,3,2
0.9578196,1.1738274,99,4,16,16,5,5,5,5,5,5,5,5,5,5,4
0.7250521,0.885174,3,1,16,3,2,2,2,3,3,2,2,3,2,3,2
1.0877792,0.8541365,9,1,5,8,1,3,4,1,3,1,2,3,2,3,1
1.1514795,1.5361049,7,1,7,9,2,4,3,1,3,1,1,4,2,3,2
0.7531205,1.0027443,10,1,7,11,1,4,4,1,4,1,1,4,1,4,1
0.9436474,1.1434242,5,1,12,4,2,3,2,1,5,2,2,5,3,2,2
1.1631668,0.9865668,10,1,9,12,1,3,2,1,4,1,2,1,1,1,2
0.6817225,0.8544754,8,3,14,15,2,2,2,1,4,2,5,3,2,3,2
0.6630535,0.8494257,99,1,3,8,2,2,2,1,4,4,4,1,4,1,1
0.9700822,0.7673193,5,1,5,8,2,4,2,3,2,3,3,2,2,2,2
0.7250521,0.9047374,2,1,3,4,4,4,1,4,1,4,4,1,3,1,2
1.2990288,0.8382059,5,1,6,16,3,2,5,2,2,2,1,2,3,3,2
1.1436303,1.3946244,2,1,3,4,4,4,1,4,1,4,4,1,4,1,1
1.0715605,0.8256798,4,1,5,6,1,2,2,1,2,1,3,2,2,2,2
1.16631,0.9662557,10,1,9,12,1,1,4,1,4,2,3,2,2,3,2
1.267136,1.5609372,99,1,3,13,2,3,3,2,2,3,3,2,3,3,1
1.1436223,0.7980762,3,1,4,11,4,1,3,1,2,1,1,1,2,3,1
0.9591154,0.8154024,1,1,9,12,1,3,4,1,3,1,3,2,3,2,2
1.0715605,0.711612,99,1,4,5,1,1,3,1,4,1,3,1,1,2,1
0.6612663,0.5112633,6,1,5,8,2,3,1,5,5,2,5,3,3,3,1
0.7928738,0.6068109,3,1,5,8,4,4,2,2,2,1,4,3,3,3,1
0.9678628,1.2168562,4,1,3,8,2,3,1,3,2,2,2,2,2,1,2
1.3055398,1.1290569,8,1,9,12,1,1,3,1,4,1,2,3,1,2,2
0.842263,0.647019,5,1,5,8,2,2,1,2,3,2,2,1,3,2,1
1.16631,0.9662557,9,1,9,12,1,2,4,1,4,1,2,3,1,4,3
1.0579348,1.404973,8,1,7,9,2,2,4,2,3,2,1,3,2,3,2
1.1622074,1.3802274,99,1,12,7,1,1,3,1,3,2,3,2,5,5,1
0.7852752,0.9695967,2,1,3,7,4,4,2,4,1,4,3,2,2,2,1
1.3303132,1.0345663,8,1,5,9,2,4,1,2,1,1,4,1,1,1,1
1.3338978,1.7249621,99,1,3,8,1,5,5,5,5,5,5,2,5,2,4
1.1531672,1.2978619,99,1,8,8,2,3,1,2,3,2,2,2,2,2,2
1.1766145,0.9357111,6,1,5,9,2,4,4,4,2,3,3,1,3,1,1
1.0640558,1.1783642,7,1,8,11,1,1,3,1,4,1,1,5,2,5,4
1.0791447,1.3579885,3,1,3,1,3,3,4,4,2,3,4,2,3,2,2
1.0215824,0.6800084,6,1,4,12,1,1,2,1,3,1,1,1,1,1,1
1.2816249,0.9941261,7,1,5,8,3,4,1,3,2,2,2,4,2,4,2
0.9231336,0.7231436,4,1,5,8,3,4,1,3,2,3,2,3,3,3,1
1.1581417,0.9196974,5,1,5,9,2,3,4,1,2,2,4,3,2,3,1
0.7098735,0.5839232,8,1,9,12,2,1,3,1,3,2,3,2,4,2,1
0.6155001,0.7822189,1,1,3,3,4,4,2,3,1,4,4,1,4,1,1
0.896863,1.0944619,4,3,14,14,2,2,2,2,2,2,3,1,2,2,1
1.2300112,0.9451162,5,1,5,8,4,4,1,2,2,4,4,2,2,2,2
1.070968,1.3295294,5,1,3,11,1,2,2,1,3,1,2,2,2,3,2
1.1401796,1.3831315,2,3,14,4,4,4,1,4,1,5,2,1,3,1,4
1.2717385,0.9796879,5,1,5,8,3,4,1,3,2,2,2,2,3,2,1
0.7928738,0.4408157,1,1,2,2,4,4,1,4,1,4,3,2,4,2,1
0.7028112,0.9620599,6,1,7,14,3,4,3,3,2,1,1,1,3,2,1
1.0985308,0.8517398,7,1,5,11,1,3,4,1,4,1,2,3,2,3,2
1.2990288,1.6102033,3,1,3,7,3,4,2,3,2,3,4,2,3,2,1
1.1514795,0.9035604,4,1,5,8,2,4,2,3,2,2,2,3,2,3,2
1.1754963,1.258601,5,1,8,11,1,2,3,2,2,1,2,2,2,2,1
1.107116,0.8772572,10,1,5,8,4,2,1,1,1,2,1,1,1,1,1
1.1051377,1.4619056,8,1,7,11,1,3,4,2,3,2,2,2,2,3,2
0.8786647,0.6899248,7,1,5,11,1,3,4,2,3,1,1,3,1,3,2
1.0531734,1.2807323,3,1,3,4,4,2,4,4,1,4,4,1,4,1,1
0.8976933,0.7807828,10,1,9,12,1,1,4,1,4,1,4,1,1,1,1
0.7739637,0.6036276,3,1,5,8,4,4,1,3,2,2,3,1,3,2,1
1.0579348,0.8264266,5,1,5,8,2,3,3,1,3,2,2,2,2,2,2
1.2591414,1.6760466,7,1,7,9,4,4,3,3,2,3,2,2,4,1,2
1.1964519,1.5793164,8,1,7,8,2,2,5,1,3,2,3,2,3,3,2
1.0150708,0.8639492,99,1,9,12,1,1,1,1,5,2,1,1,1,1,1
1.1012502,0.7323045,3,1,4,6,4,4,1,3,1,3,4,3,3,2,2
1.195665,0.8025858,3,1,4,7,4,3,1,2,1,4,3,1,3,2,1
1.2300112,0.8145483,4,1,4,7,3,3,2,3,2,3,3,2,3,2,2
1.2300112,1.6067523,6,1,7,9,1,4,3,1,4,1,1,3,2,4,2
0.7821635,1.0582856,9,1,7,11,1,2,4,4,4,1,2,3,2,4,2
1.1979022,1.2559595,5,2,15,8,3,4,2,2,2,2,1,3,3,3,3
0.6474941,0.5144946,8,1,5,8,2,1,1,1,3,2,2,3,2,4,2
1.1754963,1.5274405,9,1,7,9,2,1,3,1,3,1,2,4,2,4,2
1.1010077,0.855268,6,1,5,8,2,4,2,1,3,2,3,3,3,3,2
1.1622074,1.2495582,5,1,8,11,1,2,2,1,4,2,3,2,3,2,1
1.1581417,1.5635388,7,1,7,8,2,3,2,1,2,2,1,4,2,4,2
0.6986334,0.5339633,5,1,5,8,2,3,2,1,3,1,2,2,2,2,2
0.6945479,0.5544968,4,1,5,7,3,4,5,5,5,3,3,2,5,2,2
1.1581417,1.5635388,7,1,7,9,2,4,4,2,3,2,1,5,2,5,2
1.195665,0.9312362,3,1,5,8,4,4,4,3,2,3,2,3,3,4,3
1.2006755,1.0063022,99,1,9,12,1,1,1,1,2,2,2,1,4,1,2
1.276228,1.568046,4,1,3,7,3,4,4,4,2,3,4,2,3,2,1
1.1476673,1.4114087,5,1,3,9,3,2,4,3,2,2,3,2,2,2,2
1.0617583,0.8138905,3,1,5,7,3,4,1,2,2,3,4,3,2,3,2
1.16631,0.9027439,4,1,5,8,3,4,3,3,2,2,2,2,3,2,4
0.9103664,0.6227536,8,1,1,1,1,2,2,1,1,1,1,2,2,1,1
0.9065661,1.2366482,6,1,7,9,2,3,2,2,2,1,1,2,3,3,2
1.4408748,1.1715521,4,1,5,8,4,4,1,2,2,2,4,2,2,2,2
0.70119,0.9323073,9,1,7,9,1,1,1,1,4,1,2,1,1,2,2
0.9591154,0.7618062,6,1,5,8,2,2,2,2,3,2,1,2,3,2,2
1.2510234,1.0573773,99,1,9,9,1,1,2,2,3,1,3,2,2,2,2
1.2510234,1.6794466,7,1,7,9,3,4,2,3,3,2,2,2,2,2,2
1.0640558,1.4300649,8,1,7,11,1,1,4,1,4,1,2,3,1,4,1
1.0838131,0.8901654,3,1,9,12,1,2,4,1,4,2,3,2,3,2,2
0.9075409,0.716214,99,1,5,7,4,4,2,4,1,3,4,2,4,2,1
1.179646,0.9092768,5,1,5,8,2,4,3,2,2,2,2,3,2,3,2
1.0464308,1.2715468,99,1,12,11,1,1,4,1,4,3,3,2,1,2,2
1.1466622,0.902098,5,1,5,8,2,1,2,1,2,3,2,2,2,2,2
0.8944203,1.123296,3,1,3,4,2,2,4,1,1,1,4,1,3,1,1
0.9330758,0.7973688,7,1,9,12,2,2,2,2,2,3,2,2,2,2,1
1.2239702,1.5085847,3,1,3,7,2,4,2,1,2,2,4,1,3,1,1
1.1514795,0.7787333,5,1,4,8,3,2,2,3,2,2,2,2,2,5,2
0.7739637,0.8455836,5,1,8,5,1,1,3,1,4,1,1,2,1,2,1
1.2058762,1.4799349,2,1,3,4,4,4,2,5,2,3,4,2,4,1,1
1.0799754,0.7270375,3,1,4,6,2,4,2,2,2,2,4,2,3,2,1
1.1431726,0.766116,5,1,4,8,4,4,2,4,1,2,1,3,4,4,2
0.4541792,0.3120372,8,1,4,6,4,4,2,4,2,4,3,2,4,2,1
0.7900848,1.0193458,7,1,7,9,3,3,3,2,2,1,2,4,2,4,2
0.760408,0.5838003,6,1,5,8,1,4,2,1,3,2,2,1,2,2,3
0.6586189,0.5194725,6,1,5,8,3,2,2,2,2,2,2,2,2,3,2
1.1514795,1.4290015,3,1,3,7,3,4,2,2,2,2,4,1,2,1,1
1.195665,1.5831555,9,1,7,9,2,4,2,1,4,2,2,3,2,4,3
1.0844026,1.0898207,99,2,15,15,2,2,5,3,3,2,2,5,3,2,4
0.6119802,0.7016524,4,1,8,9,5,3,5,1,5,2,3,2,3,5,1
1.2211494,1.2251459,5,2,15,15,2,2,2,2,2,2,2,2,2,2,1
1.3433056,1.1459117,99,1,9,11,2,4,2,2,4,1,1,1,1,4,1
0.9832555,0.8411381,10,1,9,11,1,4,4,1,4,2,2,1,3,3,2
1.3430974,1.6330119,5,1,16,7,2,1,2,2,3,2,2,1,2,2,2
1.0415896,0.7233325,4,1,4,14,2,4,3,2,2,3,2,2,3,2,1
0.7793701,0.6585505,9,1,9,11,1,4,4,1,4,1,2,3,1,3,2
1.0799754,0.9029271,1,1,9,12,1,4,2,1,3,2,3,1,3,2,1
0.9585078,0.7586595,99,1,5,6,3,4,2,3,2,2,2,2,3,1,2
0.8781155,0.7689446,8,1,9,12,1,3,1,3,3,2,3,1,3,1,1
1.1398071,1.2516776,7,1,8,11,1,2,3,1,2,1,2,1,3,2,1
1.0293347,0.7143552,4,1,4,5,4,4,2,3,2,3,4,3,4,3,2
0.6545066,0.7813624,4,3,14,9,1,4,1,1,3,2,3,1,2,2,1
1.2300112,0.9451162,2,1,5,8,3,4,1,2,2,3,4,1,3,1,1
1.3303132,1.3727529,8,1,11,11,1,1,3,1,4,1,4,1,2,3,1
0.9491073,1.2787253,9,1,7,14,1,4,1,3,3,3,1,2,4,2,1
0.928798,0.8051137,8,1,9,11,1,1,4,1,4,1,1,2,2,2,1
1.1051377,1.3305686,3,1,16,6,4,3,2,3,2,3,1,2,2,4,2
0.6704332,0.8311247,2,1,3,4,4,2,2,3,2,3,3,1,1,1,1
0.9831933,0.6657481,99,1,4,12,3,4,1,3,2,3,3,2,4,1,3
1.0720278,0.9306967,8,1,9,12,1,1,2,2,3,1,2,2,1,3,1
1.2184837,1.6661998,7,1,7,8,2,2,1,1,3,3,2,2,3,3,2
1.1754963,0.9616745,10,1,9,12,1,1,4,1,4,1,1,2,1,3,2
1.0715605,0.8837698,8,1,9,9,2,1,4,2,2,1,1,1,2,2,1
0.734898,0.9960346,8,1,7,9,2,2,3,1,3,1,1,3,2,3,2
1.4909024,1.88688,0,1,3,4,4,4,2,3,1,4,4,1,4,1,1
1.0579348,1.404973,8,1,7,9,1,1,4,1,4,1,1,2,2,3,1
1.1754963,1.4209412,2,1,3,3,4,4,2,4,1,4,4,1,4,2,1
1.2256845,0.9338771,8,1,5,8,3,4,2,2,2,3,3,3,3,2,2
1.1245364,0.7519222,3,1,4,6,3,3,2,2,2,3,3,2,2,2,1
1.0364065,0.8087736,99,1,5,8,2,2,1,1,4,1,1,2,2,2,2
0.8845756,0.7499271,10,1,9,11,1,1,4,2,4,1,1,2,1,2,2
1.0539447,0.8979433,99,1,9,14,2,2,2,2,2,2,4,2,2,3,2
1.0153577,0.7865072,3,1,5,8,4,4,1,4,1,4,4,2,2,2,2
1.1864125,1.0115627,99,1,9,12,1,1,1,1,4,1,1,1,1,1,4
1.049755,1.3737196,9,1,7,11,1,1,3,2,4,1,2,3,3,4,2
1.2990288,1.7308878,8,1,7,11,3,2,2,2,4,1,2,3,3,3,2
1.195665,1.5831555,6,1,7,8,3,3,1,2,1,3,2,3,2,3,2
1.1437594,1.5674011,7,1,7,9,3,4,2,2,2,2,2,2,2,2,2
1.2438982,1.04312,5,1,9,8,1,1,2,1,4,1,4,2,1,4,2
1.0153577,1.2438793,1,1,3,3,4,4,2,3,2,4,4,2,3,2,1
0.7518116,0.9166598,1,1,3,3,3,4,1,2,2,2,4,2,4,2,1
0.7531205,0.8262547,99,1,8,12,3,4,2,2,2,2,4,1,1,1,2
0.5146699,0.6596842,4,1,3,4,2,3,3,2,3,2,3,2,2,3,1
1.2816249,1.392608,9,1,8,11,3,3,4,1,4,1,3,3,2,3,2
1.3433056,1.6931646,1,1,3,6,4,4,2,4,1,3,4,2,3,2,1
0.734898,0.5858828,5,1,5,8,4,4,1,3,2,3,3,3,3,2,2
1.2300112,1.6067523,7,1,7,9,1,1,3,1,4,2,1,4,3,4,2
1.3433056,1.1459117,5,1,9,12,1,2,4,1,3,1,4,2,1,3,1
1.2990288,0.8774791,3,1,4,6,3,4,2,3,2,3,3,2,3,2,1
1.0400652,1.3915097,9,1,7,9,1,1,4,1,4,1,1,3,2,3,2
0.9015657,1.1452023,3,1,3,4,4,4,2,3,2,2,4,2,3,2,2
0.9591752,1.1561396,99,3,14,15,1,1,1,1,3,1,1,1,2,3,1
0.9134051,1.1096276,99,1,16,16,2,5,2,3,3,3,5,2,2,3,2
0.9894444,0.6649511,4,1,4,9,2,1,1,2,2,1,1,3,2,2,1
1.2717385,1.2675986,7,2,15,9,2,2,3,2,3,3,4,4,2,3,2
0.6439846,0.7751217,9,3,14,11,1,5,4,1,4,2,2,3,2,4,4
0.7721761,0.5371324,2,1,4,7,3,2,2,3,2,2,1,1,2,2,1
1.2466228,1.6594748,8,1,7,9,2,4,4,2,4,2,2,3,3,4,2
1.1010077,1.3233778,2,3,14,4,3,2,2,3,5,3,2,1,4,1,2
1.0753486,1.3128245,5,3,14,12,1,3,2,3,4,2,3,2,1,2,2
0.6817225,0.8733604,2,1,3,4,4,4,1,3,1,4,4,1,4,1,1
0.9231336,0.7231436,5,1,5,8,1,2,4,1,3,2,3,3,2,2,2
1.2466228,1.6594748,8,1,7,12,1,2,3,2,3,2,1,3,2,3,1
1.011779,0.7968352,7,1,5,8,2,3,2,2,3,2,3,2,1,2,2
0.7262471,1.0034934,8,1,7,8,1,2,1,1,3,1,3,3,1,3,2
1.0153577,0.7865072,5,1,5,7,2,4,2,2,2,5,2,1,3,2,1
0.9436474,0.6262687,99,1,1,1,3,3,2,3,2,2,2,3,2,3,2
0.7560084,1.0108805,7,1,7,9,2,4,4,2,2,2,1,4,2,3,2
1.2728499,1.5779613,5,1,12,14,2,1,2,1,3,2,3,1,3,2,2
1.4909024,2.0283012,9,1,7,9,1,1,5,1,4,1,1,4,1,4,3
0.6969216,0.7255163,7,2,15,8,3,3,3,3,2,3,3,3,2,2,2
0.5738213,0.389535,3,1,4,14,2,4,1,2,2,4,2,1,4,1,1
0.9131979,1.2234216,8,1,7,11,1,1,4,1,4,2,2,2,4,4,2
1.3586653,1.0783387,3,1,5,7,1,4,2,1,2,2,3,1,4,1,1
1.2256845,0.9995791,7,1,9,12,1,2,4,1,4,1,4,1,1,4,1
0.7056296,0.4657053,4,1,4,16,1,2,2,1,3,2,2,2,2,2,1
1.2405912,1.5116093,5,1,12,3,3,4,2,3,2,3,4,3,3,3,2
0.9949143,1.2816062,2,1,3,7,4,4,1,3,2,4,3,2,2,3,1
1.16631,0.9027439,6,1,5,8,2,4,2,1,3,2,2,3,2,3,2
0.6986334,0.9077684,7,1,7,8,2,3,2,2,2,2,2,3,2,3,3
1.4709278,1.8423856,3,1,3,4,5,4,1,2,2,5,4,2,4,2,4
0.9644386,0.7752333,5,1,5,5,3,4,2,3,2,3,2,2,3,3,1
1.0579348,1.3070127,1,1,3,3,3,4,2,4,2,4,4,1,4,1,1
0.6790681,0.561986,99,1,9,12,1,2,1,1,4,2,3,1,2,2,1
1.167661,0.9307243,4,1,5,14,5,4,5,3,2,3,2,4,2,2,2
0.6096525,0.763095,99,1,3,12,2,3,3,2,3,2,3,3,3,3,2
0.7422517,0.58013,5,1,5,8,3,4,2,3,2,1,3,2,2,3,1
1.179646,0.9092768,5,1,5,8,3,4,2,2,2,3,3,3,2,3,1
0.9529939,0.745348,2,1,5,7,2,4,2,3,3,2,2,1,4,2,2
1.1766145,1.4798486,7,1,3,4,2,2,2,3,2,3,2,2,3,2,2
1.1421243,1.44605,99,1,12,15,1,1,4,1,4,2,1,1,1,2,1
1.0288551,0.677587,99,1,4,8,4,4,1,4,1,4,2,1,2,4,1
1.0603129,0.8311828,5,1,5,14,4,4,2,5,2,3,3,2,3,2,2
1.0761764,1.2897671,99,1,12,14,5,4,2,3,5,2,5,5,2,3,2
1.2300112,1.6067523,6,1,7,9,3,4,4,2,2,1,2,3,3,4,2
1.1754963,0.7743409,3,1,4,5,2,4,2,2,2,5,3,1,3,2,2
1.2300112,0.8145483,4,1,4,7,3,4,2,3,2,3,2,2,3,1,1
1.179646,1.4380422,3,1,3,7,3,4,2,4,2,3,2,1,3,1,1
0.8579289,1.0835706,4,3,14,14,5,4,2,2,2,2,2,2,2,2,2
0.9075409,1.1327089,99,1,3,8,3,4,5,4,2,2,3,5,5,5,2
0.7123795,0.4758339,3,1,4,7,4,4,1,4,2,3,4,2,4,2,2
1.1198162,1.3832514,99,1,12,14,2,2,2,2,2,1,2,2,2,2,3
1.4116906,1.107513,3,1,5,8,1,1,3,1,4,2,2,1,1,1,2
1.2036386,0.9955128,4,1,5,8,3,2,2,3,2,3,3,2,2,2,2
1.070968,0.6920986,5,1,6,8,4,1,4,4,1,2,1,1,1,1,1
1.2466228,1.5103883,99,3,14,2,1,2,2,1,3,2,2,3,2,3,1
1.2337213,1.7065654,9,1,7,9,1,4,4,1,3,2,2,2,2,2,2
1.2944592,1.0768052,10,1,9,12,1,1,3,2,4,1,4,2,2,2,1
0.8349797,1.0269855,4,1,12,14,2,5,4,1,3,3,3,3,2,2,1
1.0877792,0.8541365,4,1,5,8,3,4,1,2,2,2,3,2,2,2,2
0.6155001,0.8408461,10,1,7,11,1,1,4,1,4,1,2,2,2,3,2
0.829338,1.1227919,8,1,7,7,3,3,3,1,1,2,3,1,1,1,1
0.973693,0.8273166,5,1,9,12,3,3,3,3,3,3,3,3,3,3,2
1.2256845,1.5876449,6,1,7,8,3,2,3,3,2,2,1,3,2,3,2
1.2300112,0.9451162,8,1,5,8,2,2,2,2,3,2,4,4,2,4,2
1.16631,0.9027439,8,1,5,11,1,4,2,1,3,1,1,2,1,3,2
0.8727244,0.7322431,99,1,9,11,1,1,4,1,4,1,2,2,1,2,1
0.5117092,0.6966851,99,1,7,11,1,4,3,1,1,2,2,2,3,3,2
0.798429,0.6405545,5,1,5,8,3,4,4,4,2,2,2,2,2,2,2
1.0579348,1.404973,7,1,7,8,5,3,3,2,2,2,5,3,2,3,2
1.1595067,0.8789644,8,1,5,8,1,4,1,1,1,1,3,2,2,2,1
1.1010077,1.1980907,8,1,8,10,1,1,4,1,2,4,1,1,1,2,1
1.1156787,1.2520123,8,1,8,11,2,2,2,2,2,1,2,1,2,2,1
1.1724757,0.989632,7,1,9,12,1,2,2,1,3,1,3,1,1,1,1
0.8349797,0.572024,5,1,4,6,2,4,3,2,3,2,3,2,2,3,1
1.0153577,0.7865072,6,1,5,8,2,3,3,2,3,2,3,2,2,3,2
1.195665,1.2356457,5,1,11,12,2,2,2,2,3,2,1,2,2,2,1
1.16631,0.9662557,99,1,9,12,1,2,1,2,4,2,3,2,2,2,1
1.16631,0.9662557,6,1,9,8,2,3,5,2,2,2,2,2,2,3,1
0.6969997,0.4836444,2,1,4,6,3,1,1,1,1,1,1,1,1,2,1
1.2816249,0.9941261,4,1,5,8,3,4,1,3,2,5,3,2,2,5,2
0.8110842,0.9989415,99,1,12,9,1,4,4,1,4,4,2,2,2,3,1
0.9504011,0.7883343,5,1,9,12,1,1,3,1,4,1,4,1,2,1,2
1.2300112,0.8145483,2,1,4,6,4,4,2,3,2,3,4,2,3,2,2
1.2300112,1.6067523,9,1,7,11,1,2,4,1,3,1,1,3,2,4,2
0.6392608,0.8754616,7,1,7,16,2,2,3,3,3,2,2,2,2,3,2
0.8784657,1.062637,2,1,3,3,4,4,1,3,2,4,4,2,3,2,1
1.1540679,0.9087605,6,1,5,8,2,4,3,2,2,2,2,3,2,4,2
0.7658764,0.6205042,8,1,5,8,2,4,3,2,2,3,2,2,3,4,2
0.9591154,1.2951148,8,1,7,11,1,1,3,1,4,2,2,2,2,3,2
0.8234087,0.6921074,99,1,9,12,2,1,3,1,4,1,4,3,1,1,2
0.9622368,0.8170488,5,1,9,12,1,1,3,1,4,1,4,2,1,4,2
1.1010077,1.1066142,99,2,15,11,1,1,1,1,2,1,1,1,1,1,4
0.615388,0.7605267,5,1,13,14,3,3,3,3,3,3,3,3,3,3,3
1.0579348,1.404973,8,1,7,8,3,3,3,2,2,3,4,3,2,3,2
0.770734,0.5978993,3,1,5,14,1,4,3,1,2,1,2,2,2,1,2
0.9665861,1.1837996,10,3,14,12,1,1,2,1,1,2,4,1,2,1,1
1.2771165,1.5535364,10,1,3,5,4,4,2,3,2,4,3,2,3,2,1
0.9043486,0.7574862,10,1,9,12,1,3,3,1,3,1,3,3,2,5,4
1.195665,0.9312362,5,1,5,8,2,3,2,2,1,2,2,3,1,2,2
1.4358064,1.9680213,7,1,7,9,3,1,2,3,2,3,2,3,2,2,2
0.6155001,0.4945985,99,1,5,8,3,4,4,3,2,3,3,3,2,3,2
1.0621049,0.8998692,6,1,9,12,1,1,2,2,3,1,2,2,2,2,1
1.004759,0.8462622,4,1,9,12,1,2,4,1,3,1,1,1,1,2,1
0.9982073,0.6413078,5,1,6,13,2,4,2,2,2,2,2,2,3,3,1
0.7472349,0.5926393,7,1,5,8,2,4,2,3,2,3,3,2,3,1,2
1.3385803,1.1322846,7,1,9,8,1,1,2,1,3,1,2,1,1,2,1
1.179646,1.5458232,8,1,7,9,2,2,2,2,2,1,2,2,3,3,1
0.6684597,0.5398903,4,1,5,8,4,4,2,4,5,3,4,4,4,4,3
1.0946665,1.4307874,99,1,7,9,1,1,3,1,3,1,5,2,2,4,2
1.076808,1.3277707,99,3,14,14,2,5,5,4,5,5,5,5,5,2,3
1.0120082,0.8182026,7,1,5,8,2,2,2,1,3,2,2,4,2,4,2
1.2405912,1.5450176,5,1,3,8,1,1,2,1,3,2,3,1,3,2,1
0.6719403,0.898559,7,1,7,9,2,3,4,2,3,2,3,4,2,3,3
0.6795532,0.8112571,5,4,16,10,1,2,1,2,2,4,2,2,2,2,1
0.6819521,0.9020614,9,1,7,11,1,4,4,1,4,2,2,2,2,3,1
1.0579348,1.404973,7,1,7,9,2,3,2,1,3,2,2,2,2,2,2
1.0542133,0.8165988,5,1,5,8,2,4,2,1,3,2,1,3,3,3,2
1.2256845,1.4450115,6,3,14,16,5,5,4,5,5,2,3,5,5,5,2
1.2677541,1.5180005,1,1,3,3,2,3,3,3,2,4,3,1,3,1,3
1.2316912,1.2587788,6,2,15,11,1,3,3,2,2,3,4,3,1,2,2
0.9656335,1.1953571,6,3,14,15,2,4,3,3,3,3,3,3,4,2,1
1.1437594,1.4581155,1,1,3,4,3,4,1,4,2,4,4,1,2,1,1
0.9982073,0.6713555,3,1,4,6,4,4,2,4,2,2,4,1,4,2,1
1.1581417,1.5635388,4,1,7,8,3,4,3,2,2,2,2,3,3,3,2
0.9893295,1.2144235,99,1,12,12,2,1,1,2,2,1,2,4,2,2,3
1.0985308,1.3179185,99,1,16,11,1,4,4,1,5,1,2,4,1,3,3
1.2510234,1.6794466,7,1,7,11,1,3,4,1,4,1,1,4,2,4,2
0.869993,1.0791104,6,1,16,9,2,2,4,2,3,3,3,2,3,3,1
1.1916192,0.9275514,4,1,5,8,1,3,2,1,4,3,3,2,2,3,2
0.9976318,0.9755073,2,2,15,4,4,4,1,3,2,4,4,1,3,1,1
0.8095005,0.9909367,99,3,14,10,5,5,4,1,5,4,1,1,4,1,1
0.75019,0.6297885,99,1,9,12,2,2,2,3,3,1,3,2,3,2,2
1.3780217,1.101703,99,1,5,8,1,1,1,1,2,1,1,2,1,1,1
0.9591154,0.8154024,10,1,9,11,2,2,2,2,3,2,3,3,2,3,1
1.0715605,0.8837698,7,1,9,12,1,1,4,1,4,1,3,1,3,3,1
1.0800005,1.3970482,9,1,7,9,1,2,4,1,4,1,2,3,2,3,2
1.0795268,0.9153678,99,1,9,12,2,2,2,1,4,3,2,1,2,1,2
1.3433056,1.1459117,10,1,9,11,1,1,2,3,4,1,2,1,1,1,1
0.9434338,0.7703018,99,1,9,12,2,3,2,2,2,2,2,2,2,2,1
1.1040368,1.5002161,6,1,7,8,2,1,2,3,3,1,3,3,1,4,2
1.2300112,1.4624022,99,4,16,16,5,4,5,5,5,2,5,5,5,2,2
1.195665,1.4409254,5,1,12,14,2,3,5,3,3,2,3,2,2,2,2
0.8598398,1.0835621,99,3,14,15,2,5,1,2,2,1,2,1,4,1,1
0.9833168,1.1926296,7,1,12,14,2,3,2,2,3,2,2,2,2,3,2
0.8843088,0.6077413,4,1,4,8,2,3,2,2,2,2,3,2,2,3,2
1.1552062,1.5441417,3,1,7,11,1,2,2,1,4,1,1,2,4,4,2
1.2293816,0.9918905,99,1,5,8,1,1,1,1,3,1,1,1,1,1,1
0.7821635,0.6662952,5,1,9,11,1,2,4,1,4,2,1,3,1,3,1
1.2652403,1.0811689,5,1,9,15,2,4,2,2,3,2,3,2,3,2,2
0.7927607,0.6649222,8,1,9,11,2,2,4,1,4,2,1,1,1,3,2
1.1508248,0.9207997,9,1,5,8,3,3,1,2,3,1,1,1,1,2,2
1.1436303,1.364468,99,3,14,14,5,5,5,5,5,5,5,5,5,5,4
0.8305522,0.6952314,9,1,9,12,1,1,1,1,2,2,2,2,2,1,2
1.1622074,1.5164663,10,1,7,11,1,2,2,2,4,1,2,1,2,3,1
1.2816249,0.9941261,6,1,5,8,3,4,2,3,1,4,2,3,2,3,2
1.1156787,0.7702873,2,1,4,8,4,4,2,3,1,3,3,2,3,3,2
1.0877792,1.3508364,0,1,3,3,4,4,1,4,1,4,4,1,4,1,1
1.115877,0.8833321,8,1,5,8,2,2,2,2,2,2,2,2,2,2,2
0.4995532,0.3937794,2,1,5,7,4,4,1,1,2,4,2,1,3,1,1
1.030246,0.819128,6,1,5,12,1,3,1,1,3,1,4,1,1,3,1
1.179646,0.9092768,5,1,5,8,2,4,1,2,2,2,1,4,2,4,2
0.9307761,1.1595703,5,1,3,11,1,3,4,2,3,2,2,1,2,2,1
0.6661498,0.4307642,3,1,6,7,2,4,3,2,2,3,3,1,4,4,1
0.9498323,1.2226038,5,1,3,4,3,3,3,3,3,2,4,1,2,1,2
1.0882306,0.7346631,3,1,4,5,3,2,2,2,2,2,4,2,3,2,1
1.179646,0.7836601,4,1,4,8,4,4,2,3,1,4,3,2,3,2,1
1.1622074,1.3802274,7,3,14,14,1,2,3,2,3,1,1,2,2,3,2
1.0150708,0.807162,6,1,5,9,2,2,3,3,2,2,3,2,2,3,2
1.0844026,0.8422889,6,1,5,5,3,3,2,3,2,3,2,2,2,3,2
1.0559248,1.3013335,0,1,3,4,1,2,3,1,3,2,3,1,3,1,1
1.1051377,1.3305686,6,1,12,9,3,3,3,3,2,2,2,3,3,2,4
0.6540063,0.7022262,7,1,11,9,1,2,2,1,3,1,2,1,2,2,1
1.2771165,1.6699737,9,1,7,11,1,1,4,1,4,1,2,4,1,4,1
1.2510234,0.9878762,5,1,5,9,2,2,2,2,3,2,2,2,2,2,1
1.2438692,1.0004245,3,1,5,7,4,4,4,4,1,4,4,1,4,2,2
1.167661,0.9307243,99,1,5,14,1,2,3,1,3,1,3,2,1,1,1
1.0971347,0.9045534,7,1,9,11,2,2,4,2,2,1,3,2,3,3,1
1.0701292,1.3356934,4,1,3,7,3,3,1,3,2,3,3,2,2,2,2
1.4761204,1.178964,5,1,5,11,1,1,3,1,4,3,1,2,2,3,2
0.9436474,0.7909577,10,1,9,12,1,3,4,1,4,2,2,3,2,3,2
1.0641176,1.0787596,99,2,15,8,2,2,2,3,3,3,2,2,2,2,3
1.2300112,0.8145483,4,1,4,5,2,4,4,3,2,3,2,3,3,2,1
1.2058762,1.4799349,2,1,3,4,2,2,2,4,4,2,4,2,4,2,2
1.1032215,0.7470729,5,1,4,12,1,2,1,1,4,2,2,2,2,2,2
1.2006755,0.9401583,5,1,5,8,2,3,5,3,3,2,1,3,2,4,2
1.0153577,0.7865072,7,1,5,2,2,3,3,5,2,2,3,5,3,3,2
0.7852752,0.5047323,3,1,6,5,1,1,1,1,2,2,2,1,1,2,2
0.6240747,0.4948273,5,1,5,8,2,2,2,2,2,2,2,2,2,2,4
1.0715605,1.4037035,8,1,7,8,1,2,4,1,3,1,1,3,1,4,2
1.0787754,0.7357506,3,1,4,9,3,4,4,1,3,2,2,1,3,2,1
1.2466228,1.6594748,6,1,7,16,1,2,3,1,4,1,1,3,2,4,1
1.1979022,1.0389845,5,1,9,12,2,1,1,1,3,1,4,1,2,2,1
1.0166422,0.844515,8,1,9,12,2,2,2,2,2,2,2,2,2,2,2
1.0400652,0.8185073,5,1,5,8,2,4,5,1,2,3,2,2,1,3,1
0.7633476,0.9553571,99,1,3,15,1,2,3,1,3,5,2,2,5,2,1
1.0400652,1.3915097,8,1,7,11,1,3,4,1,3,2,2,3,2,4,2
1.2300112,0.9451162,99,1,5,8,2,4,4,3,2,2,2,3,2,3,2
1.16631,0.9027439,5,1,5,8,4,3,1,3,2,3,3,3,2,4,2
1.195665,1.5831555,9,1,7,9,4,4,3,3,2,2,2,4,4,4,2
0.6016572,0.7477509,3,3,14,14,5,4,5,5,2,5,3,3,2,2,2
1.2510234,1.6794466,6,1,7,16,2,4,3,2,3,3,2,3,2,3,2
1.2300112,0.9451162,5,1,5,8,3,4,4,3,2,3,2,3,2,3,2
0.7089065,0.6278261,6,1,9,9,2,2,1,1,1,2,4,3,1,3,3
1.2256845,1.4450115,99,1,16,16,1,1,5,1,3,5,5,2,2,2,2
1.1276495,1.3604689,99,3,14,8,3,3,3,3,3,3,3,3,3,3,2
0.7250521,0.5720671,5,1,5,9,4,4,1,4,1,3,3,3,3,3,2
0.7560084,0.5124691,4,1,4,14,2,4,1,1,2,3,4,2,1,3,1
1.0640558,0.900367,10,1,9,11,1,3,4,1,4,1,3,2,3,3,2
0.9244033,0.7656519,99,1,9,8,1,4,2,3,4,2,3,1,1,1,1
0.8693719,0.7475373,5,1,9,12,1,3,1,1,4,3,4,1,3,2,2
1.2362272,0.8319438,99,1,4,8,2,5,5,3,2,2,4,2,2,3,4
0.7077399,0.4899364,2,1,4,7,4,4,1,4,1,4,1,1,4,1,1
1.0971347,1.3076404,2,3,14,14,4,4,1,5,1,3,4,5,5,2,3
1.1540679,1.5449454,8,1,7,9,2,2,3,2,3,2,2,2,3,3,2
1.2438692,1.5479821,99,1,12,14,4,1,4,3,3,2,2,2,2,4,2
1.2048331,0.851532,5,1,4,4,3,4,4,2,1,3,2,1,2,2,1
0.961046,0.8199066,8,1,9,12,1,2,4,3,3,1,2,3,2,4,2
1.2573811,1.5299398,99,1,3,9,2,1,1,1,3,2,2,1,1,1,1
1.2256845,1.4450115,99,1,12,7,2,5,2,2,3,1,2,1,2,4,2
1.0084482,0.696782,2,1,4,7,4,4,2,4,1,5,3,2,3,2,1
1.2381164,1.401361,8,1,8,11,1,1,4,1,4,2,3,3,2,2,2
1.2510234,0.9878762,4,1,5,8,3,3,2,1,2,2,2,4,1,4,2
1.2944592,0.7308249,3,1,2,2,4,4,2,2,2,4,4,2,4,1,2
1.1381776,0.969433,8,1,9,8,2,3,3,2,3,2,1,1,2,3,2
1.16631,0.9027439,3,1,5,8,3,4,3,3,2,2,2,2,3,2,2
1.267136,1.5609372,4,1,3,8,3,4,2,3,2,3,5,2,4,5,2
1.0153577,0.7865072,3,1,5,6,2,3,1,2,3,2,4,2,2,3,1
0.6937108,0.5728294,8,1,9,12,1,2,3,4,4,2,2,2,2,3,1
0.6378028,0.7664925,99,4,16,16,5,5,1,5,5,5,5,5,3,1,4
1.1840696,1.0225515,5,1,9,12,4,1,4,3,2,1,1,1,1,1,4
1.0640558,1.4300649,5,1,7,8,2,3,3,2,3,2,3,2,3,3,1
1.0324112,0.7271259,3,1,4,6,1,2,2,2,3,1,3,2,2,2,1
1.1437594,1.5674011,8,1,7,9,1,4,2,2,3,1,1,2,5,3,2
1.2816249,1.6900718,7,1,7,9,2,4,4,1,3,2,1,3,2,3,2
0.8035817,0.6267223,7,1,5,8,2,5,1,5,5,2,2,5,2,2,2
1.0460829,1.3176068,2,1,3,13,4,4,4,3,1,5,4,1,3,1,4
0.9099856,1.2088729,10,1,7,11,2,1,1,1,3,1,2,2,2,4,2
1.0617583,0.8138905,99,1,5,14,3,4,2,2,2,2,2,2,3,2,1
0.9440513,1.1354836,99,1,12,16,5,2,1,5,5,1,3,2,2,5,2
1.0424031,1.2737858,8,1,16,16,1,2,3,5,3,1,5,2,2,5,2
1.179646,0.9092768,4,1,5,8,4,4,2,4,2,4,3,4,2,4,2
1.195665,1.4409254,3,1,12,14,2,4,2,3,2,4,4,2,3,2,1
0.7262471,0.5087242,2,1,4,6,3,4,2,3,2,3,4,1,3,1,1
0.5738213,0.7683844,8,1,7,9,1,1,4,1,4,1,2,2,1,4,3
1.1284357,1.4237318,1,1,3,3,4,4,1,3,1,4,4,1,4,1,2
1.1501795,1.4507642,2,1,3,3,3,4,2,3,2,3,3,2,3,2,1
1.1840696,0.9553394,6,1,5,8,3,2,2,3,2,2,2,2,2,2,2
0.9198864,0.7648152,10,1,9,12,1,1,4,1,4,1,2,1,2,2,1
1.0542133,0.7037855,0,1,4,3,4,4,1,3,1,4,3,1,4,2,1
0.734898,0.9265871,1,1,3,4,4,4,2,4,1,4,3,1,4,2,1
0.9929373,0.780825,4,1,5,8,3,4,2,3,3,2,4,3,2,3,2
1.201658,0.9648128,7,1,5,8,3,4,1,4,2,1,2,2,2,2,1
1.1421243,0.8054402,4,1,4,8,3,3,2,3,2,3,3,2,2,3,2
1.0916191,1.1469827,99,1,11,15,1,1,4,1,4,1,1,1,1,1,1
1.1262952,0.9739458,9,1,9,8,2,2,3,3,3,2,2,1,2,2,1
0.6684597,0.5398903,8,1,5,9,2,4,2,2,3,2,1,2,2,3,2
0.9231336,0.7740197,9,1,9,12,1,1,1,1,3,2,3,2,5,2,1
0.6562741,0.5460775,6,1,5,8,3,3,2,3,2,2,2,4,1,3,1
0.7115884,0.8623958,99,3,14,15,1,1,4,1,4,1,2,1,2,1,1
1.16631,1.2645966,8,1,8,12,1,4,3,1,4,2,2,2,2,5,1
0.9700822,0.7673193,99,1,5,8,2,2,2,3,2,4,3,3,3,3,3
1.1514795,0.9035604,6,1,5,8,5,4,2,2,2,3,2,3,2,4,2
0.7880473,0.5347401,4,1,4,8,3,4,1,3,1,2,3,2,3,1,1
0.9844017,1.2518526,6,1,3,4,3,3,3,3,3,3,3,3,3,3,1
1.195665,1.4727715,2,1,3,8,1,1,2,1,3,1,3,2,1,3,1
0.9894444,0.7715395,5,1,5,7,3,4,2,3,2,2,2,3,2,3,2
0.5665247,0.7154561,2,1,3,4,4,4,1,4,2,4,4,1,4,1,1
0.6476746,0.5433418,10,1,9,11,1,1,3,1,4,1,4,2,2,3,2
1.2934636,1.024012,7,1,5,8,2,2,3,1,3,1,3,2,1,1,1
1.0179888,1.3254119,7,1,7,9,1,1,2,1,3,2,1,1,3,2,2
0.9465501,1.159259,6,1,12,8,3,2,1,3,2,2,4,3,2,3,2
0.8426958,0.8477808,7,2,15,11,1,1,4,1,4,1,2,1,1,1,2
1.2414075,1.0431122,4,1,9,12,1,1,2,1,4,2,3,2,1,3,1
0.9791443,0.9822301,8,2,15,7,1,2,1,2,1,2,1,1,2,2,1
1.2728499,1.6128361,5,1,3,2,1,3,2,1,3,2,2,2,2,2,2
1.195665,0.9967525,7,1,9,11,1,3,2,1,4,1,2,3,2,4,2
1.4961654,1.2923846,3,1,9,12,3,1,2,1,2,3,2,2,2,2,1
1.2990288,1.0181346,4,1,5,8,4,4,3,2,1,2,3,3,2,2,2
0.6037811,0.4890698,99,1,5,8,3,4,2,3,2,3,5,3,4,2,2
1.0424031,0.8232179,5,1,5,8,3,3,2,4,2,1,2,2,2,2,1
0.7560084,0.5124691,99,1,4,4,2,5,5,5,5,2,3,2,5,5,1
0.858304,0.9451669,5,1,8,12,2,1,1,4,2,1,3,1,1,1,1
1.1914591,0.7930415,4,1,4,3,2,3,1,3,3,2,4,2,3,1,1
1.0534607,1.2933183,2,1,3,4,2,3,2,1,2,1,4,1,2,1,1
0.7250521,0.8013725,8,1,8,10,1,1,4,1,4,1,2,3,2,3,2
1.0256807,1.4139789,8,1,7,11,1,1,4,1,4,1,2,2,2,3,1
0.829338,0.5437273,5,1,6,13,4,4,4,5,5,4,4,3,4,3,3
1.0353791,1.2609158,99,1,16,16,5,5,5,5,5,5,5,5,5,5,4
0.7323129,0.8957707,5,1,12,16,2,5,3,2,2,2,3,2,5,2,4
0.6751958,0.6933489,7,2,15,12,3,5,2,3,3,2,3,3,5,5,4
0.7734463,0.5094129,5,1,6,13,2,1,3,1,2,2,3,2,2,2,2
0.8750063,1.0960593,99,1,3,4,4,3,3,3,3,3,3,3,3,3,1
0.8843088,0.75477,5,1,9,11,1,1,2,1,4,2,1,2,4,3,1
0.7739637,1.0262018,6,1,7,8,1,3,2,1,3,1,1,2,1,2,3
1.2006755,1.2474842,5,1,11,10,2,1,4,1,3,1,3,3,1,3,1
1.2394936,0.9885275,5,1,5,2,1,2,3,2,2,2,3,1,2,3,1
1.1914591,0.9201621,99,1,5,14,2,2,3,2,3,1,3,1,1,1,1
1.0749806,1.3340712,2,1,3,11,4,4,2,3,2,2,3,2,3,2,1
1.267136,0.9869835,3,1,5,8,4,4,2,4,2,3,3,3,3,2,1
0.9930562,0.7774229,7,1,5,8,2,2,2,2,2,1,2,2,2,3,3
0.8076004,0.6961166,10,1,9,11,1,1,4,1,4,1,2,1,2,1,1
0.6081475,0.4854104,8,1,5,8,1,1,3,1,4,1,4,3,1,4,4
1.1437594,0.9868335,8,1,9,11,1,2,2,1,4,1,2,1,1,3,1
0.6030334,0.7948838,7,1,7,8,1,3,1,2,4,2,2,3,2,3,1
1.1162925,1.4492905,99,1,7,9,2,3,1,2,4,4,2,2,1,2,2
1.0366759,1.2877856,6,1,12,4,1,2,2,2,4,3,3,1,3,1,1
1.0838131,1.2868409,1,1,16,3,4,4,1,3,1,4,4,1,4,1,1
0.7465463,0.9136813,99,3,14,15,1,2,3,1,4,1,2,1,2,2,2
0.6743123,0.5349072,3,1,5,6,2,4,2,2,2,2,2,1,4,2,1
1.2101331,1.3266308,7,1,8,7,1,1,1,3,3,2,4,1,1,1,1
0.6562741,0.5460775,4,1,5,9,3,3,2,2,2,3,2,2,3,2,1
1.179646,1.2737482,5,1,8,8,1,3,1,1,4,1,1,4,3,2,1
0.9346198,0.9225502,99,2,15,6,3,4,1,4,1,2,1,2,3,1,2
0.8650894,0.7499483,8,1,9,12,1,1,2,1,4,1,2,1,2,2,2
1.2300112,1.6067523,8,1,7,9,2,4,5,2,3,2,1,4,2,4,2
0.9198864,1.0009594,4,1,8,14,4,2,1,1,3,2,2,1,2,2,1
1.2722293,0.9713862,5,1,5,8,2,1,1,2,3,2,2,2,2,3,2
1.2256845,1.476948,3,1,3,4,3,4,2,3,2,3,3,2,3,2,1
1.16631,0.9027439,5,1,5,14,2,3,3,2,2,3,2,2,2,3,1
0.8899815,1.1718522,10,1,7,11,1,3,4,1,3,2,2,2,3,3,1
0.9929373,0.780825,4,1,5,8,4,4,1,3,2,3,3,3,3,2,2
1.2771165,1.6699737,8,1,7,16,2,2,3,5,3,2,2,2,1,2,2
1.1514795,0.7787333,2,1,4,14,3,4,2,3,2,3,4,1,3,1,1
1.195665,1.5831555,8,1,7,8,2,4,2,1,2,4,2,4,2,4,2
1.1514795,1.2657404,7,1,8,14,1,2,4,1,4,2,2,5,2,5,1
0.7927607,0.9612249,3,1,12,5,4,4,1,4,4,2,3,4,4,3,2
1.1286515,0.7722482,4,1,4,11,2,4,3,1,3,1,2,3,2,4,1
1.16631,0.9027439,6,1,5,8,3,4,2,3,2,3,2,2,5,5,2
0.7967568,0.6184481,6,1,5,8,3,4,1,4,2,2,3,1,2,3,1
1.1562697,0.8789696,5,1,5,8,5,4,1,4,2,5,5,2,3,5,2
0.6051621,0.6628618,6,1,8,12,1,1,4,1,4,2,2,2,2,5,2
1.195665,1.4409254,8,1,12,9,2,2,1,1,3,2,1,2,2,2,1
1.0579348,0.8264266,7,1,5,8,3,4,2,3,2,2,2,3,3,4,2
1.0534607,0.8177676,4,1,5,8,4,4,1,4,2,3,3,3,3,3,2
1.0799754,0.8435779,5,1,5,8,3,4,2,3,2,2,3,3,3,3,2
0.7928738,0.8500428,5,1,8,10,2,2,3,1,4,1,2,4,4,4,2
1.16631,1.4277103,5,1,3,8,1,3,2,1,4,1,3,2,2,2,2
1.3586653,1.1542044,99,1,9,9,5,1,1,2,3,1,4,5,5,3,2
0.5738213,0.7683844,99,1,7,9,3,2,3,2,2,2,2,3,2,3,2
0.8438063,1.0340009,99,3,14,15,2,3,1,3,3,3,3,2,3,2,2
1.0400652,1.0590502,9,2,15,9,4,4,3,3,1,2,2,4,3,3,2
1.0452665,0.7320378,3,1,4,4,5,5,2,5,5,4,3,2,4,5,1
1.179646,0.9092768,4,1,5,8,3,3,2,3,2,2,2,2,2,3,1
1.0655063,1.3026778,2,1,3,3,4,4,3,4,2,4,4,4,4,3,1
1.1436303,1.364468,99,1,12,14,2,2,2,2,2,2,2,2,2,2,3
1.1514795,1.5361049,7,1,7,9,1,2,3,1,4,2,1,3,3,3,2
1.147429,1.3814758,5,1,12,14,2,3,2,1,3,2,3,3,2,3,2
1.2614174,1.5628352,3,1,3,4,3,1,4,4,2,5,5,2,3,3,2
0.4995532,0.3937794,5,1,5,8,3,4,2,3,2,3,2,2,2,2,2
0.760408,0.9924942,7,1,7,8,3,4,2,3,2,2,3,3,3,3,2
1.1051377,0.8599153,4,1,5,8,3,4,3,2,2,3,2,2,2,2,1
0.8089767,0.6852795,2,1,9,11,1,1,4,2,3,2,4,1,1,2,1
1.2141974,1.6463856,6,1,7,9,1,1,3,1,4,1,1,2,2,2,1
0.6400542,0.7928615,3,1,3,4,4,4,2,3,2,4,4,1,2,2,1
1.040315,1.2490151,99,3,14,15,3,4,4,4,1,4,1,1,2,2,2
1.16631,0.7780297,3,1,4,5,2,4,3,3,2,3,3,2,4,2,1
1.179646,0.7836601,3,1,4,8,4,4,2,3,2,3,2,3,4,2,2
1.0464308,0.8795859,10,1,9,12,1,1,2,1,4,1,1,4,1,1,1
1.0150708,0.807162,5,1,5,8,2,1,3,2,2,2,1,2,2,2,2
1.0833377,0.9263843,5,1,9,12,2,2,2,2,3,2,2,2,2,2,2
0.8234087,1.0005244,99,3,14,15,4,4,4,4,4,4,4,2,4,4,3
1.0655063,1.4003131,9,1,7,9,1,2,4,1,4,1,2,2,2,3,2
1.1476673,0.9552229,99,1,9,11,1,1,4,1,4,2,2,1,3,3,2
1.16631,1.5347168,8,1,7,11,1,2,4,1,4,1,2,3,2,4,2
1.0655063,0.8816352,5,1,9,12,1,2,3,1,4,2,3,3,2,2,1
1.195665,1.5831555,8,1,7,8,3,2,4,1,3,1,2,3,1,4,2
1.0640558,1.4300649,7,1,7,11,1,2,3,1,4,2,3,3,2,3,2
0.7852752,1.0422678,6,1,7,8,3,4,3,4,1,3,5,3,3,3,2
1.3303132,1.6008105,99,4,16,16,5,5,2,5,5,5,5,5,5,5,4
0.760408,0.9232935,5,1,3,11,1,5,3,2,3,2,3,2,2,3,1
0.760408,0.9924942,7,1,7,14,2,3,3,3,3,2,2,3,2,2,2
1.2990288,1.7308878,6,1,7,8,3,4,2,2,2,2,2,3,2,4,2
1.1436303,0.8818237,5,1,5,14,2,4,1,3,2,2,2,3,2,2,2
0.8122284,0.6301186,5,1,5,13,3,2,2,4,3,2,1,3,1,3,3
1.2300112,1.6067523,8,1,7,11,1,4,4,1,4,2,3,2,2,3,2
0.9625012,0.8252158,10,1,9,11,1,1,4,1,4,1,2,1,1,3,2
0.8305522,1.027253,6,1,3,4,4,4,4,4,2,2,1,1,3,1,2
0.7118348,0.6193317,7,1,9,11,2,2,1,2,2,2,2,1,2,1,2
1.2006755,1.5983235,8,1,7,9,3,4,2,2,3,2,1,3,2,3,2
0.9906781,1.1891581,99,3,14,12,1,1,1,2,4,3,4,1,4,1,2
1.179646,1.5458232,6,1,7,11,1,4,3,1,3,1,2,2,2,4,1
0.9929373,0.6729538,2,1,4,4,3,4,2,2,2,3,3,1,3,1,1
1.0115001,0.6873798,4,1,4,7,3,2,2,2,2,2,3,2,3,2,2
1.179646,1.5458232,8,1,7,9,1,2,4,1,3,2,2,4,2,4,2
1.4961654,0.8771381,2,1,2,4,4,5,1,4,1,4,4,1,4,1,1
1.0877792,0.9142284,9,1,9,12,2,2,4,1,4,2,1,2,3,3,2
1.2607896,0.9980919,5,1,5,11,1,1,4,1,4,1,2,1,1,3,2
1.0439874,0.8169239,8,1,5,8,1,1,2,2,1,1,4,1,2,1,2
1.0168167,0.842191,8,1,9,12,1,2,2,2,2,2,2,2,2,2,1
1.1055418,1.36658,8,1,3,7,1,4,2,4,2,2,2,1,1,2,2
1.2381164,1.0707549,10,1,9,12,1,2,2,3,4,1,2,1,2,2,1
0.97076,1.2195976,99,1,3,10,2,1,2,2,4,3,3,1,2,3,2
1.1467766,1.2745506,8,1,8,8,2,2,2,2,3,2,2,1,2,1,2
0.8579289,1.0835706,5,1,12,16,4,4,2,3,4,3,4,2,3,5,1
1.1014919,1.4147811,3,1,3,4,2,3,2,2,3,2,3,2,2,2,1
0.8234087,0.6466154,5,1,5,3,1,1,1,4,1,2,4,1,2,1,2
1.1316302,0.9524233,5,1,9,12,4,4,4,3,3,4,4,4,4,4,4
1.134174,1.5214528,8,1,7,9,1,2,3,1,3,2,2,2,2,3,3
0.5493047,0.4706541,8,1,9,12,2,5,2,2,5,2,5,1,5,2,2
0.8780951,1.1092504,7,1,3,3,3,2,3,2,2,2,3,3,2,2,1
0.8237738,0.7120721,7,1,9,16,2,1,2,2,3,1,2,3,2,3,2
0.8137207,0.9881068,7,1,12,14,2,2,2,2,2,2,2,2,2,2,2
1.2256845,0.9338771,6,1,5,8,3,1,2,2,3,2,1,1,1,3,1
1.1936884,1.0266291,2,1,9,11,1,1,2,2,3,2,3,3,3,2,1
1.2300112,0.8145483,2,1,4,5,2,4,3,3,2,3,3,4,3,2,1
0.7852752,0.528381,7,1,4,8,3,3,3,3,3,3,3,3,3,3,2
0.8218554,0.8301998,7,2,15,2,3,4,5,5,2,2,2,5,5,5,2
0.7081205,0.9296914,7,1,7,9,2,4,4,2,3,2,2,3,2,3,2
0.7225016,0.8939784,6,1,3,4,1,2,3,2,2,3,2,3,3,1,2
1.0579348,0.6803773,7,1,6,9,3,4,3,2,2,2,1,4,2,3,2
1.2510234,0.8514009,1,1,4,3,4,4,2,5,2,4,4,1,4,2,1
0.5578067,0.6312206,5,1,8,10,1,2,4,5,4,5,5,1,4,5,2
0.6378028,0.6939269,99,1,8,14,1,2,3,1,3,1,2,1,2,5,2
1.0640558,1.3015884,5,1,13,14,3,3,3,2,2,2,3,2,2,2,1
0.8628582,1.0509399,99,1,12,14,5,5,5,5,5,5,5,5,3,5,4
0.9630307,1.1630174,3,1,3,16,2,2,1,1,2,1,4,1,1,1,2
0.9469786,1.1827605,9,1,3,11,2,2,1,2,2,2,3,1,2,1,1
1.0364065,1.374962,8,1,7,8,3,4,2,2,3,2,3,4,2,3,2
0.9090632,1.0919101,99,1,12,11,1,1,2,1,3,1,2,1,2,2,2
1.0971347,1.1838431,1,1,8,12,1,2,1,2,3,2,2,2,2,3,1
1.2300112,0.9451162,99,1,5,14,5,5,4,5,2,5,3,1,5,2,1
0.9231336,1.229386,8,1,7,11,1,1,4,1,3,1,2,2,2,3,2
1.3430974,1.0553772,5,1,5,8,3,3,1,3,2,2,3,2,2,3,2
0.6030334,0.7394614,1,1,3,3,4,4,5,3,2,4,4,1,4,1,1
0.753349,0.5875443,6,1,5,4,4,2,2,1,1,2,3,1,3,2,2
0.8849533,0.6876365,6,1,5,8,1,1,4,1,4,4,4,3,2,3,2
1.1437594,0.794599,3,1,4,7,4,4,3,4,1,3,3,2,3,3,2
1.2006755,0.9401583,4,1,5,8,2,4,1,1,2,2,3,3,2,2,2
1.2453774,1.5304245,99,1,12,14,4,4,1,4,1,4,4,1,4,1,1
1.2475548,1.0403759,10,1,9,12,1,1,4,1,4,1,3,1,3,1,1
1.3055398,1.6682606,99,1,3,14,4,4,4,2,1,2,4,1,2,2,2
1.2886173,1.0072503,4,1,5,7,3,3,2,3,2,3,3,2,2,2,2
1.1421243,1.0002974,99,1,9,12,1,3,2,2,4,2,3,2,1,3,2
1.2409966,0.8422991,2,1,4,7,4,4,1,4,1,4,3,1,3,2,1
0.6540063,0.5292282,5,1,5,8,2,2,4,2,3,2,4,3,1,4,2
0.8659042,1.063588,5,1,12,14,3,1,2,2,1,1,1,3,2,1,2
0.6817225,0.4759371,4,1,4,9,4,4,3,4,3,4,4,1,4,1,1
1.0316151,0.8465781,2,1,5,8,2,2,2,2,2,2,2,2,2,2,2
1.2913175,1.6341568,0,1,3,4,4,4,1,4,1,4,4,1,4,1,1
0.6945479,0.8769495,1,1,3,5,4,4,2,2,2,4,4,2,4,2,1
0.941641,0.7513475,6,1,5,11,2,2,4,1,3,2,3,1,3,2,2
1.2572799,0.7447072,5,1,2,2,3,3,2,4,3,3,3,3,3,2,1
1.1012502,0.8496892,6,1,5,9,2,3,1,2,3,2,1,2,3,3,2
1.3385803,1.6368533,8,1,12,11,2,3,2,1,3,1,2,2,2,3,1
1.1421243,1.0002974,5,1,9,12,4,4,4,3,4,1,4,4,4,4,2
1.2300112,1.6067523,7,1,7,11,2,5,4,1,5,2,2,2,2,5,2
0.9929373,0.780825,6,1,5,8,2,4,2,3,3,2,2,3,3,3,2
1.0460829,0.8331253,7,1,5,9,2,2,1,1,3,2,2,1,2,1,1
1.1781478,1.424912,99,1,12,14,2,3,2,2,3,2,2,2,3,2,1
1.3780217,1.101703,2,1,5,14,4,4,2,5,2,3,3,2,4,2,1
1.0153577,0.8418413,8,1,9,11,1,2,4,1,4,1,3,3,1,3,2
1.040315,1.2490151,8,3,14,15,4,4,2,4,1,2,4,1,4,1,2
0.7665464,0.6098617,6,1,5,5,3,4,3,3,3,3,4,2,4,3,2
0.7754093,0.6054269,6,1,5,8,4,4,3,4,1,3,3,3,2,4,2
1.16631,0.9027439,8,1,5,8,1,1,2,3,3,1,2,2,1,2,1
0.9481703,0.8005725,10,1,9,11,1,2,4,1,4,1,2,2,2,2,1
0.883059,1.1078035,99,1,16,14,2,4,2,1,3,2,4,1,3,1,1
0.9591752,0.6151403,99,1,6,13,2,5,2,2,3,2,3,2,3,3,1
0.8693719,0.7475373,5,1,9,12,1,3,4,1,4,1,2,2,4,4,2
0.8076004,1.00632,99,1,12,15,2,2,2,2,3,2,3,2,3,2,2
0.6829517,0.5823495,99,1,9,12,1,1,2,4,3,1,3,1,1,1,1
1.1245364,0.933832,10,1,9,12,1,1,4,1,4,1,2,2,1,4,2
1.1593112,1.3855529,6,1,12,14,1,2,2,1,4,2,5,5,2,5,2
0.8168047,0.6782745,9,1,9,11,1,1,4,1,4,1,2,3,2,3,2
1.1548647,1.4124229,99,1,3,12,3,3,3,3,3,3,3,3,3,3,2
0.8937082,1.1881936,10,1,7,9,2,3,3,3,2,1,3,2,2,3,2
1.157238,0.9376409,99,1,5,9,1,1,2,1,4,1,3,2,2,3,1
1.2990288,1.7308878,7,1,7,9,2,5,5,2,3,5,3,3,3,3,2
1.0450457,1.3275878,4,1,3,11,2,2,3,2,3,2,3,2,2,3,1
0.6075079,0.5103111,9,1,9,12,1,2,1,2,4,2,2,2,2,4,1
0.8978585,0.69349,99,1,5,7,3,4,1,4,4,4,4,2,3,1,1
0.8663138,1.0678039,8,1,12,14,3,4,2,5,2,5,4,2,5,5,1
0.6803762,0.5582263,4,1,5,8,3,4,2,3,2,2,2,2,2,2,1
1.0457082,1.4330096,9,1,7,12,2,1,3,2,4,2,3,2,2,4,2
0.6704332,0.8934173,8,1,7,9,1,1,2,2,2,2,2,1,3,2,1
1.2816249,1.6900718,7,1,7,9,1,1,2,1,4,1,1,1,2,2,1
1.2810627,1.1073614,10,1,9,12,1,1,5,1,4,1,4,1,1,1,1
1.0677911,1.3870108,7,1,7,8,2,4,4,2,3,2,2,3,2,3,1
1.2256845,0.9338771,5,1,5,8,1,4,2,1,3,2,2,1,2,2,2
1.195665,0.9312362,4,1,5,8,2,2,2,2,2,2,2,2,2,3,2
0.9591154,0.6565626,99,1,4,8,2,4,1,3,2,2,2,2,2,2,2
0.7618191,0.6175897,7,1,5,9,2,3,5,2,5,2,2,2,2,3,2
1.0331161,0.8708267,99,1,9,15,3,3,3,2,2,3,3,2,3,3,1
1.2256845,0.9338771,7,1,5,8,2,1,2,2,3,1,3,2,2,3,2
0.6051621,0.8044503,8,1,7,9,1,4,4,1,4,2,1,4,2,3,2
0.6709477,0.5438432,6,1,5,8,4,4,1,3,2,3,3,3,2,3,2
1.0452665,0.8493797,7,1,5,5,1,2,2,2,2,3,2,2,1,2,2
1.179646,1.5458232,7,1,7,11,1,1,4,1,4,1,1,3,1,4,2
0.973693,0.8273166,5,1,9,12,2,1,1,1,3,2,4,3,1,2,1
0.9665664,0.814195,99,1,9,12,1,1,4,1,4,3,2,1,2,2,2
1.416674,1.1208419,8,1,5,9,1,2,1,2,4,3,4,4,2,4,2
0.7560084,0.5946153,5,1,5,14,2,2,2,2,3,2,2,2,2,2,1
0.9946959,0.6633719,2,1,4,14,2,2,1,2,3,3,3,2,2,2,1
1.1914591,1.5643288,8,1,7,8,1,5,5,1,4,1,1,3,2,5,1
1.1476673,0.9552229,5,1,9,12,1,2,3,1,4,1,3,2,3,3,1
1.2510234,0.8514009,2,1,4,5,3,4,5,5,2,4,4,1,4,1,1
1.1914591,1.5643288,6,1,7,8,2,3,3,2,2,2,3,2,2,2,1
1.2405912,0.9769176,99,1,5,8,3,4,3,3,2,2,1,2,1,2,2
0.9436474,1.1686952,1,1,3,15,2,3,2,2,2,2,4,1,4,2,2
1.030246,1.3925649,8,1,7,9,2,3,4,2,2,1,2,2,2,3,1
1.2466228,1.6594748,8,1,7,9,1,1,4,1,4,1,1,2,2,4,1
1.2300112,1.4624022,5,1,12,12,5,1,5,1,2,1,1,1,1,4,1
1.0715605,1.3058317,4,1,3,11,1,1,2,1,4,4,3,1,3,1,1
1.1581417,0.9844019,7,1,9,9,2,3,5,1,2,2,1,2,3,3,1
1.2626787,1.5090234,99,1,12,14,5,1,1,3,5,2,2,1,1,2,2
0.7967852,0.6662763,10,1,9,12,1,1,4,1,4,1,2,1,3,1,1
0.7852752,0.7932491,2,2,15,6,3,4,2,4,2,2,4,4,3,3,2
1.2087328,1.4683448,5,3,14,11,2,4,4,1,3,4,1,2,2,3,2
0.7607677,0.5861143,7,1,5,9,2,4,2,3,3,2,2,3,1,3,2
1.0715605,1.2775953,99,3,14,15,2,3,2,2,2,2,2,3,2,2,2
1.2036386,1.6924293,7,1,7,8,1,4,2,1,4,1,2,3,1,4,2
1.2510234,1.6794466,8,1,7,9,1,2,4,1,3,2,1,1,1,3,2
1.0149571,0.6951058,6,1,4,4,3,4,3,2,2,4,3,3,2,2,1
1.2256845,0.7688387,99,1,6,13,2,2,3,3,2,3,2,2,2,2,2
0.7876423,0.6633147,6,1,9,12,3,3,2,2,3,3,3,3,3,3,2
1.1010077,1.4540051,10,1,7,9,1,1,4,1,3,2,4,1,4,2,2
0.9797516,0.7590905,5,1,5,11,1,4,1,1,4,2,2,2,3,1,1
0.9075409,1.1327089,1,1,3,3,4,4,1,3,2,4,4,1,3,1,1
0.6096525,0.763095,2,1,3,3,2,1,4,3,2,2,4,1,2,1,2
0.7531205,0.8262547,7,1,8,8,3,2,1,2,3,2,1,2,2,3,1
1.2300112,1.4947231,6,1,3,15,1,2,3,1,3,1,1,1,2,4,2
1.1581417,0.9844019,2,1,9,12,1,2,5,1,4,2,2,2,3,2,2
0.9963071,0.7703856,5,1,5,8,4,4,1,4,1,3,4,2,3,2,1
0.8786647,0.6899248,8,1,5,8,2,3,3,1,3,2,2,2,2,3,2
1.1436303,0.8818237,5,1,5,8,1,1,1,1,3,2,2,4,1,2,1
1.2626787,1.5423747,6,1,3,4,2,4,3,1,3,2,3,2,2,2,1
1.1766145,1.4798486,3,1,3,7,2,3,2,3,2,2,2,2,2,2,1
1.416674,1.7726371,0,1,3,4,1,3,2,1,3,2,2,2,3,2,1
1.0115001,1.2613648,3,1,3,4,2,2,2,2,2,2,4,1,3,2,1
1.2300112,1.6067523,7,1,7,9,2,3,4,1,3,2,2,2,3,2,2
0.8786647,0.6899248,4,1,5,8,4,4,2,3,2,4,3,2,2,2,2
1.1581417,1.5635388,9,1,7,9,1,2,3,1,3,2,1,3,2,5,2
1.0640558,0.841186,7,1,5,8,2,5,2,2,3,2,3,5,2,3,2
1.147429,1.5178378,7,1,7,9,1,4,4,3,3,1,1,4,2,4,2
0.6969997,0.5611702,99,1,5,8,4,1,1,2,1,3,2,2,2,4,2
0.7826801,0.9833576,2,1,3,3,3,3,2,2,2,3,3,2,3,2,1
0.6768672,0.8454472,3,1,3,7,3,3,4,4,1,2,1,2,2,2,1
1.0076993,1.0040001,99,2,15,12,2,4,1,5,5,5,5,5,3,3,1
0.7702208,0.9299515,6,3,14,15,2,3,2,2,2,2,2,2,2,2,2
1.0324112,0.9030369,99,1,9,14,2,1,2,1,3,2,3,2,3,2,1
1.1766145,1.3107783,5,1,8,12,1,1,4,1,1,1,3,1,2,2,1
0.5803826,0.4552463,7,1,5,8,2,4,2,2,3,2,2,3,2,3,3
1.2212226,1.0550745,5,1,9,12,1,2,3,1,4,2,3,1,1,3,2
1.2006755,1.486882,1,1,3,4,4,4,1,3,2,4,3,1,4,1,1
0.8579289,1.1905271,7,1,7,11,2,3,4,3,3,2,2,3,3,3,2
1.2300112,1.6067523,8,1,7,9,1,4,4,4,2,1,1,4,2,4,2
0.8650894,0.7006544,5,1,5,9,2,3,2,2,2,2,2,3,3,3,1
1.2300112,0.9451162,4,1,5,8,2,4,2,1,2,2,4,4,3,3,3
0.9065661,1.1504241,4,1,3,14,5,4,1,2,2,1,2,1,2,3,2
1.1754963,1.5274405,7,1,7,9,2,3,2,2,3,2,3,2,3,3,2
1.1431726,1.5112164,5,1,7,8,1,1,1,1,3,1,1,1,1,1,1
0.9873759,0.849197,99,1,9,12,2,3,2,2,5,1,5,5,2,5,2
0.9870259,1.165843,7,1,12,14,1,1,1,2,2,2,1,1,3,3,3
1.2838891,0.7374526,99,1,2,2,4,4,1,4,1,4,3,1,4,1,1
1.1426287,1.4097227,2,1,3,3,4,4,1,4,1,3,3,2,4,2,1
1.2990288,1.0897646,10,1,9,12,2,2,3,1,4,1,3,2,2,2,1
1.2300112,1.6067523,7,1,7,9,2,4,5,1,3,2,2,4,3,4,3
1.040315,1.2490151,10,1,12,11,1,1,1,1,1,1,1,1,4,1,1
0.7077399,0.6084649,10,1,9,11,1,1,4,1,4,1,1,4,3,4,1
1.1514795,1.5361049,9,1,7,11,1,2,3,1,3,1,1,4,2,4,2
1.0508418,0.902591,9,1,9,11,5,5,2,5,5,3,5,2,2,3,1
1.0150708,0.807162,99,1,5,8,2,1,2,1,2,2,1,2,2,2,2
1.1436303,1.3946244,7,1,3,4,3,3,2,3,2,2,3,3,2,3,2
0.9735067,1.2281379,3,1,3,7,5,4,2,2,2,3,4,2,3,2,2
0.9515146,1.1791353,9,1,12,14,1,1,1,1,1,1,1,1,1,1,1
1.16631,0.9027439,7,1,5,8,2,4,4,3,3,2,3,3,2,3,2
0.760408,0.5838003,4,1,5,8,4,4,2,4,1,4,3,3,4,2,1
0.6562741,0.5460775,4,1,5,8,3,4,1,2,2,4,3,3,2,3,2
0.896863,0.707325,5,1,5,9,1,3,3,2,4,2,2,3,2,2,1
1.1766145,1.4798486,1,1,3,4,4,4,1,3,2,3,4,1,3,2,1
1.2006755,1.317008,5,1,8,8,2,3,3,1,3,1,1,2,2,2,4
1.1163546,1.2288105,99,1,8,15,2,2,5,2,2,5,5,5,1,5,2
0.8062716,0.9968417,5,1,3,4,3,4,3,4,2,3,2,3,3,3,1
0.6661083,0.459771,2,1,4,6,4,4,2,5,2,4,4,1,4,1,1
0.9065661,0.778592,9,1,9,12,1,1,2,1,4,1,4,1,2,1,1
0.6969997,0.5611702,6,1,5,8,4,3,4,5,2,2,2,3,2,3,2
1.1631668,1.5669774,5,1,7,7,3,2,3,3,2,2,2,2,2,3,2
1.179646,0.660541,5,1,2,2,1,2,3,1,4,1,3,2,3,4,2
1.0460829,1.4163611,8,1,7,9,5,4,5,2,2,5,3,2,3,2,2
0.9591154,0.8154024,8,1,9,12,1,1,1,1,4,2,5,2,3,1,4
0.7371869,0.5945398,3,1,5,9,2,2,2,5,2,2,3,1,2,1,1
0.7448637,0.6003738,5,1,5,8,2,4,1,4,2,4,3,2,3,2,1
0.6614408,0.5574019,5,1,9,11,1,2,2,1,3,2,2,2,3,2,1
0.8811776,0.7281245,10,1,9,12,1,2,2,1,4,2,3,2,3,2,2
1.16631,0.9662557,10,1,9,12,1,1,4,2,3,1,2,2,2,2,1
1.2457898,1.055666,10,1,9,12,1,1,2,1,4,1,3,2,2,2,1
1.2255336,1.0677723,8,1,9,11,1,1,4,1,4,1,1,1,4,3,2
1.0534607,0.8177676,6,1,5,8,4,4,1,3,2,3,2,4,3,4,2
1.0074309,1.2332549,5,3,14,15,2,4,4,2,4,4,4,1,4,1,1
1.195665,0.9967525,99,1,9,11,1,2,4,1,4,1,3,1,2,3,1
1.2771165,1.6699737,9,1,7,11,1,5,2,1,4,1,2,1,2,3,1
0.6680748,0.4475347,3,1,4,14,2,3,1,1,3,1,3,1,2,1,1
1.1010077,1.3233778,99,1,12,14,2,3,3,3,3,2,2,2,2,2,3
1.033092,1.2923001,4,1,12,14,2,4,1,2,3,2,4,2,3,3,1
1.1840696,1.6241323,6,1,7,8,3,4,2,3,3,2,3,2,3,3,1
1.0758677,0.8698035,99,1,9,14,1,2,2,1,3,4,2,1,2,4,1
1.16631,1.3968384,5,3,14,8,2,3,2,1,2,2,4,2,2,3,2
1.0153577,1.2438793,3,1,3,4,3,3,2,2,3,2,4,2,3,3,1
0.5929651,0.4910488,99,1,9,14,1,1,5,1,4,1,2,2,1,1,2
1.1501795,1.2850167,7,1,8,9,2,4,2,2,2,2,1,3,1,3,2
1.3251032,0.7485963,99,1,2,2,2,4,1,2,3,3,3,1,2,1,2
0.7618013,0.9329711,6,3,14,15,3,5,2,2,2,2,2,1,2,2,2
1.0456483,1.3357611,1,1,3,4,1,1,1,1,4,1,1,1,1,1,1
1.1016529,0.8538154,5,1,5,7,5,4,1,5,5,5,5,5,2,5,4
1.2990288,0.8774791,2,1,4,6,4,4,3,4,2,3,3,2,4,2,1
0.9001579,0.6942896,7,1,5,8,4,3,1,3,1,2,2,3,2,3,2
1.3152945,1.6156411,4,1,3,4,3,4,2,3,2,3,3,2,3,2,2
0.7446064,0.5046921,7,1,4,4,3,4,3,2,3,3,1,4,3,3,2
1.3303132,1.6361903,1,1,3,4,4,4,1,4,2,3,4,1,3,1,1
1.1514795,0.9035604,99,1,5,6,3,3,2,3,1,2,3,2,3,5,2
1.2300112,0.8145483,4,1,4,12,2,2,3,2,3,2,2,1,2,2,1
1.0971347,1.3365408,1,1,3,7,2,2,1,1,3,2,4,1,4,2,3
0.8322656,0.6683918,3,1,5,8,3,3,2,3,3,3,2,3,3,2,2
0.9894444,0.6649511,5,1,4,14,4,4,2,3,1,2,2,1,3,2,2
1.536611,1.1876428,6,1,5,11,2,3,2,2,2,2,3,2,3,3,1
1.2300112,1.3239533,9,1,8,11,1,4,3,1,4,1,3,1,3,3,1
1.2212226,1.0550745,99,1,9,12,1,2,4,1,4,1,3,2,2,4,1
1.1754963,1.5274405,8,1,7,9,1,1,1,1,4,1,1,3,1,4,2
1.0579348,1.404973,7,1,7,9,2,3,4,1,3,1,2,3,2,3,2
0.9183059,1.1322266,2,1,3,4,3,4,3,2,2,3,2,2,2,3,2
1.0916191,1.4695572,8,1,7,9,1,1,4,1,4,1,2,2,2,3,2
1.0799754,0.8435779,3,1,5,6,3,4,2,3,2,3,3,1,2,1,1
0.6702074,0.4713764,4,1,4,8,2,2,3,2,3,2,2,2,3,2,2
1.2041627,1.4664934,99,3,14,7,2,3,2,2,3,3,3,2,3,2,2
1.2990288,1.0181346,8,1,5,9,1,4,2,1,3,4,4,1,1,1,1
1.1395994,1.4157901,99,1,16,14,5,5,5,5,5,5,5,5,5,5,4
0.896863,1.2024934,7,1,7,12,1,1,4,1,4,2,4,1,2,3,2
0.9929373,0.8357592,5,1,9,7,3,2,2,1,2,2,4,1,3,2,1
0.9929373,1.2081902,99,3,14,15,2,3,3,1,2,2,3,1,2,1,1
1.1766145,0.8064424,1,1,4,8,4,4,3,4,1,4,3,1,4,2,1
1.1581417,0.9196974,5,1,5,8,3,4,1,1,2,2,3,2,3,3,4
0.6894879,0.5857106,10,1,9,5,1,4,4,3,3,3,4,1,1,4,2
1.1779629,1.2815802,99,1,8,14,2,3,2,2,3,2,3,3,3,2,1
0.7521672,0.4790671,5,1,6,16,1,2,2,2,3,1,2,2,2,3,2
1.2256845,0.8048617,2,1,4,8,4,4,1,4,1,4,4,1,4,1,1
1.0433031,1.2993993,99,1,16,16,5,5,5,5,5,5,5,5,5,5,4
1.3656445,1.3812792,99,2,15,10,4,3,3,3,3,2,1,2,4,2,2
1.3338978,1.0906968,7,1,5,8,2,4,1,4,1,1,4,4,1,4,3
1.1051377,1.4619056,7,1,7,9,1,2,4,1,3,2,1,4,2,4,4
0.9930562,1.3216639,7,1,7,9,1,1,4,1,4,1,1,2,2,3,1
0.785443,0.8814932,99,1,8,15,3,4,4,2,2,2,1,2,2,3,1
1.0838131,1.4138616,8,1,7,9,2,3,4,1,3,1,1,3,2,4,2
1.3385803,1.6368533,2,4,16,16,4,4,2,3,2,2,3,2,3,2,2
0.888798,0.7065952,5,1,5,8,2,3,3,2,3,2,2,2,3,3,2
0.9498323,0.7730547,9,1,5,11,2,1,3,1,3,2,2,2,3,2,2
0.7036653,0.4783244,3,1,4,7,3,4,2,3,2,3,4,1,3,2,2
1.3433056,0.9226888,2,1,4,6,2,4,2,1,2,4,4,1,4,2,1
1.147429,1.412008,1,1,3,4,4,4,2,3,2,3,4,2,3,3,1
1.2405912,0.9769176,5,1,5,8,3,2,2,4,2,1,3,2,1,2,2
1.16631,0.9662557,8,1,9,12,1,1,4,1,4,2,3,2,3,2,2
0.8976933,0.6286868,4,1,4,16,5,5,2,5,3,5,3,5,5,3,2
1.115877,0.9454781,10,1,9,12,1,1,1,1,4,5,1,1,2,2,1
1.1581417,1.5635388,6,1,7,8,5,4,5,2,2,2,2,2,5,4,2
0.7989862,1.0037658,9,1,3,16,1,2,1,1,4,2,2,2,3,2,1
1.0433031,0.7237567,3,1,4,7,3,4,3,2,3,2,4,1,3,2,2
1.0400652,1.3915097,7,1,7,9,4,4,2,3,2,2,3,3,2,3,3
0.891274,1.0859375,7,1,16,8,3,2,1,1,4,2,3,3,2,4,1
1.3478386,1.6526653,6,1,12,9,2,2,2,2,4,2,2,1,3,3,2
0.7852752,0.7932491,7,2,15,8,2,2,2,2,3,2,2,2,2,3,2
1.2078009,1.0167851,5,1,9,11,2,2,3,1,3,2,2,1,3,2,2
0.9700822,0.7673193,99,1,5,9,3,4,5,4,1,2,3,2,3,3,4
0.9374512,0.63999,2,1,4,3,3,4,1,4,2,3,2,1,4,2,1
1.0860872,1.3392957,99,1,3,4,5,5,5,3,5,5,3,5,5,5,4
0.6858978,0.5400826,3,1,5,5,2,4,2,2,2,3,4,2,3,5,1
0.9558012,0.790243,10,1,9,12,1,1,2,1,4,1,1,3,1,2,2
1.0664989,1.1664572,7,1,8,8,2,3,2,2,5,2,4,2,2,2,2
0.9833168,1.2189882,3,1,3,7,3,3,2,3,2,3,3,1,2,2,1
1.0971347,1.3076404,5,1,16,14,4,3,2,4,2,3,2,2,2,2,2
0.8538545,1.0376405,99,3,14,14,1,2,1,2,4,1,3,4,3,2,2
1.0844026,1.3032949,99,4,16,12,5,5,5,5,5,5,5,5,5,5,4
1.0534607,1.3902522,9,1,7,9,1,2,4,1,4,1,2,3,2,4,3
0.7560084,1.0108805,7,1,7,9,2,3,4,2,3,2,1,3,3,4,2
0.8882824,1.2025312,9,1,7,9,2,3,4,2,3,2,2,3,2,3,2
0.7446064,0.8203183,4,1,8,10,3,2,1,3,4,2,2,3,3,2,1
1.2129997,1.4860163,5,1,12,14,3,3,2,2,2,3,3,2,2,4,3
1.2058762,0.6797838,2,1,2,2,4,4,1,3,1,2,2,1,3,2,2
0.9618914,0.8218071,5,1,9,12,1,2,3,3,2,2,2,1,2,2,2
0.9946959,0.769707,4,1,5,8,3,4,1,2,2,4,5,4,3,3,2
1.1964519,1.5793164,6,1,7,9,5,4,3,3,2,2,2,2,4,2,2
1.2256845,1.5876449,7,1,7,9,1,5,2,1,3,1,2,2,2,4,2
1.096802,1.4423025,7,1,7,14,3,3,1,3,3,2,3,2,1,4,2
0.9056699,0.6061161,3,1,4,16,5,3,1,3,5,3,3,5,4,5,1
1.1514795,0.7787333,4,1,4,6,3,4,1,3,2,4,3,2,3,2,1
0.7168553,0.6079151,99,1,9,12,1,1,1,1,4,1,3,2,1,2,1
0.8344174,1.098099,8,1,7,11,1,2,3,1,4,2,2,3,2,4,2
1.0938245,0.8566567,6,1,5,8,3,4,2,3,1,1,2,2,3,3,1
1.0214366,0.6961523,0,1,4,15,3,4,1,5,2,4,3,1,4,2,1
1.0838131,0.831655,99,1,5,7,1,4,1,1,3,2,3,2,2,3,1
1.1964519,0.928978,99,1,5,8,2,3,3,2,5,2,3,4,1,2,2
0.6817225,0.4759371,7,1,4,12,4,3,4,4,4,4,4,4,3,3,2
0.891274,1.109938,99,1,3,14,1,3,3,1,5,5,4,2,3,3,2
1.3586653,1.7054175,3,1,3,5,3,4,2,3,2,3,3,2,3,5,2
1.0534607,0.8177676,5,1,5,15,3,4,2,1,2,2,1,3,2,4,2
1.4000165,0.9491052,5,1,4,16,5,2,1,2,2,5,3,5,5,3,1
1.1514795,0.9035604,4,1,5,8,2,4,3,2,2,2,2,1,2,2,1
1.115877,1.39701,2,1,3,4,2,3,2,1,4,2,4,2,4,1,1
0.8660182,0.6865982,6,1,5,8,4,4,1,4,2,4,2,4,3,4,2
0.9504011,1.1396319,99,3,14,14,2,5,2,4,2,2,3,2,1,5,2
0.8845756,0.7006346,6,1,5,8,4,4,1,4,2,3,2,3,3,3,2
1.0877792,0.8541365,7,1,5,8,2,4,1,2,3,1,3,2,2,2,2
0.8633329,1.0024172,5,3,14,15,3,2,2,1,3,4,3,1,4,2,2
0.8552979,1.0687697,99,1,12,16,2,2,2,5,2,3,2,2,2,2,2
1.3169926,1.0261465,5,1,5,8,1,1,2,1,3,1,1,2,2,3,2
1.2300112,1.6067523,8,1,7,9,1,1,2,1,3,1,1,2,2,4,2
1.0460829,0.8331253,6,1,5,16,1,4,2,2,3,2,2,2,2,3,2
1.2212226,1.5252367,99,3,14,11,1,1,4,1,4,1,1,4,2,4,2
1.0971347,1.3076404,5,3,14,15,1,2,1,1,3,2,2,4,3,1,1
0.8845756,0.7006346,99,1,5,8,2,1,2,1,3,1,1,2,2,2,2
0.6453963,0.5368804,9,1,9,12,1,5,3,1,4,1,1,1,3,2,1
1.163331,1.4612629,5,1,3,12,1,1,1,1,2,4,2,1,1,1,1
1.0787754,0.9137481,9,1,9,11,1,1,4,1,4,1,3,2,2,2,2
1.0579348,1.404973,8,1,7,9,1,3,4,2,4,2,2,1,3,3,1
1.1724757,0.989632,10,1,9,11,1,2,4,1,4,1,4,2,3,4,1
0.5645319,0.4470045,8,1,5,8,2,3,3,3,2,2,2,4,2,4,2
0.761444,0.5879205,99,1,5,8,2,2,2,2,2,2,2,2,2,2,2
0.8165423,0.6589215,6,1,5,8,3,4,2,3,2,3,3,2,2,3,2
1.3156935,1.017615,8,1,5,8,4,4,2,4,2,2,3,2,1,3,1
1.2006755,1.5983235,7,1,7,9,2,3,3,2,3,2,2,3,3,3,1
1.3478386,1.0680788,6,1,5,8,1,4,2,1,4,2,3,3,2,3,2
0.7560084,1.0108805,8,1,7,9,2,3,2,1,2,2,1,3,3,3,2
0.9481703,1.1573235,6,1,12,9,3,4,4,2,2,2,2,5,2,3,1
0.6585779,0.8195209,3,1,12,14,3,4,1,3,1,4,2,2,4,2,2
1.0084482,1.278618,1,1,3,7,4,4,2,4,2,3,4,2,3,2,2
1.0621049,1.3296196,5,1,3,4,4,4,4,4,2,3,4,4,1,1,2
0.6539655,0.5395837,5,1,5,8,2,3,2,2,2,2,2,2,2,2,2
1.0316151,1.4392318,6,1,7,9,1,2,3,1,3,1,2,3,1,4,1
0.7721761,0.8730462,8,1,8,11,1,3,3,1,4,1,3,3,2,2,2
0.6986334,0.5715297,5,1,9,12,1,3,1,1,4,2,2,1,2,2,1
1.2990288,1.0897646,9,1,9,12,1,1,4,1,4,1,3,2,1,3,2
1.1698967,1.4516717,99,1,12,14,1,1,1,5,5,2,4,5,4,1,2
1.2341771,1.0480891,7,1,9,11,1,1,4,1,4,2,1,3,2,4,3
1.2538356,0.8563008,4,1,4,8,2,4,1,1,1,2,4,2,2,2,2
0.5665247,0.6999856,9,3,14,14,1,1,4,1,2,1,1,3,1,3,1
0.930562,0.7420225,3,1,5,8,3,4,2,4,1,2,4,2,3,2,2
1.1540679,0.9087605,4,1,5,8,3,4,1,3,2,2,4,2,3,3,1
1.0655063,1.4003131,9,1,7,9,1,2,3,1,4,2,2,3,3,3,4
1.3385803,1.6730297,6,1,3,8,2,2,1,1,3,2,3,3,2,5,2
0.6680748,0.5558052,99,1,9,15,1,1,4,1,4,1,1,1,2,4,1
1.0838131,0.831655,5,1,5,14,3,4,1,2,2,3,4,1,2,1,1
0.7491669,0.9736455,7,1,7,14,1,3,3,1,4,1,1,2,2,3,1
1.3303132,1.6361903,3,1,3,7,4,4,1,4,1,4,4,1,4,1,1
1.0640558,0.841186,3,1,5,8,3,4,3,2,2,2,3,1,3,3,2
1.0579348,1.404973,4,1,7,8,4,4,2,3,1,2,2,2,2,3,2
0.9290323,0.9137794,10,2,15,12,1,1,1,3,3,4,5,2,4,2,3
1.0115001,0.6873798,2,1,4,14,3,4,2,3,2,3,3,2,3,2,1
0.917869,1.220441,7,1,7,9,2,2,3,2,2,2,2,3,2,3,2
1.2084416,0.8052822,2,1,4,4,4,4,3,4,1,1,2,2,3,2,2
0.9165855,0.8922316,6,2,15,8,1,1,1,1,3,1,2,2,2,1,1
0.6175603,0.7866904,3,1,3,4,3,3,3,3,3,3,3,3,3,3,2
1.179646,0.9732482,10,1,9,12,2,3,2,2,3,2,3,2,2,2,2
1.16631,1.5347168,9,1,7,9,2,3,3,2,3,1,2,3,2,4,3
0.9122723,1.1294742,4,1,3,12,1,2,4,1,3,2,2,1,3,1,1
0.6907353,0.4568897,0,1,4,1,4,4,2,4,1,3,3,1,4,2,1
0.7081205,0.5853324,10,1,9,11,2,3,3,1,3,1,2,2,1,3,2
1.0976857,0.9279612,8,1,9,11,1,2,4,1,4,1,1,1,1,2,1
1.0787754,0.8536877,6,1,5,8,2,4,2,2,2,2,1,2,2,3,1
0.9123816,1.124553,3,1,3,4,5,4,2,5,3,5,4,2,3,5,1
1.1010077,0.6213065,99,1,2,2,2,4,2,4,2,2,1,1,4,2,1
1.2990288,1.7308878,7,1,7,11,1,2,4,1,4,1,1,1,2,4,1
0.7689232,1.0566158,6,1,7,8,4,4,1,3,2,2,3,1,2,1,1
0.9946959,1.3085465,99,1,7,9,1,2,5,2,2,1,1,1,2,2,2
1.2337213,1.0744512,9,1,9,12,2,2,3,2,3,2,2,2,2,3,2
1.3303132,1.1073523,99,1,9,12,1,4,2,1,4,2,2,1,2,2,1
1.2510234,1.6794466,8,1,7,9,4,4,4,4,1,3,3,3,4,2,3
0.9075409,0.6172689,6,1,4,7,4,4,1,3,1,3,4,3,4,4,2
