pays,poids1,nou1,v0t1,t12022,r36b,q27_i2,q27_i22,q27_i31,q27_i32,q27_i8,q27_i14,q27_i23,q31bv15_i4
1,0.8580681,4.0,1.0,6.0,3.0,4.0,4.0,4.0,2.0,4.0,3.0,2.0,2.0
1,1.8586925,0.0,3.0,,,4.0,4.0,4.0,1.0,4.0,3.0,1.0,1.0
1,2.1764803,99.0,,,,,,,,,2.0,,
1,0.9226057,5.0,2.0,,,,,,,,,,
1,0.4750287,5.0,1.0,11.0,9.0,3.0,3.0,2.0,2.0,4.0,2.0,1.0,1.0
1,0.52064,7.0,1.0,8.0,7.0,,4.0,2.0,4.0,,2.0,3.0,
1,0.605267,3.0,1.0,6.0,4.0,4.0,4.0,4.0,1.0,4.0,4.0,1.0,1.0
1,0.6147313,4.0,1.0,11.0,9.0,2.0,2.0,2.0,3.0,3.0,3.0,2.0,1.0
1,0.6633731,9.0,1.0,11.0,9.0,1.0,3.0,2.0,4.0,1.0,3.0,3.0,1.0
1,0.6643615,8.0,1.0,7.0,5.0,2.0,2.0,2.0,2.0,2.0,2.0,2.0,1.0
1,0.7625858,99.0,1.0,11.0,9.0,3.0,4.0,4.0,3.0,2.0,4.0,3.0,1.0
1,0.7985628,6.0,1.0,7.0,5.0,2.0,3.0,2.0,2.0,2.0,3.0,3.0,3.0
1,0.8674972,99.0,1.0,7.0,5.0,,4.0,2.0,3.0,3.0,1.0,2.0,1.0
1,0.8963147,7.0,1.0,11.0,9.0,1.0,2.0,1.0,4.0,4.0,2.0,3.0,2.0
1,0.928301,3.0,1.0,6.0,4.0,4.0,4.0,4.0,3.0,4.0,4.0,1.0,1.0
1,0.9886402,8.0,1.0,10.0,8.0,1.0,2.0,1.0,3.0,2.0,1.0,3.0,2.0
1,0.9902409,4.0,1.0,4.0,3.0,3.0,4.0,3.0,3.0,4.0,2.0,2.0,1.0
1,1.0484,99.0,2.0,,,2.0,2.0,2.0,2.0,3.0,2.0,3.0,2.0
1,1.0525383,99.0,1.0,10.0,9.0,1.0,4.0,1.0,4.0,1.0,2.0,3.0,2.0
1,1.0587866,1.0,1.0,7.0,3.0,3.0,2.0,3.0,1.0,2.0,4.0,1.0,2.0
1,1.1197339,99.0,1.0,4.0,5.0,3.0,3.0,3.0,2.0,3.0,2.0,2.0,2.0
1,1.1307781,10.0,1.0,10.0,9.0,1.0,1.0,1.0,4.0,3.0,1.0,2.0,1.0
1,1.2010504,2.0,1.0,4.0,3.0,,4.0,2.0,4.0,4.0,4.0,1.0,1.0
1,1.2808332,0.0,1.0,4.0,3.0,4.0,4.0,4.0,2.0,4.0,4.0,1.0,1.0
1,1.4757227,5.0,3.0,,,1.0,4.0,1.0,4.0,2.0,2.0,4.0,2.0
1,1.8797057,1.0,1.0,13.0,12.0,3.0,4.0,2.0,4.0,1.0,3.0,1.0,1.0
1,3.4538352,99.0,1.0,13.0,7.0,3.0,2.0,,4.0,2.0,2.0,4.0,
1,0.3114573,5.0,1.0,2.0,5.0,3.0,4.0,4.0,4.0,4.0,3.0,3.0,2.0
1,0.446165,2.0,1.0,2.0,2.0,4.0,4.0,4.0,1.0,3.0,2.0,2.0,1.0
1,0.5245979,2.0,1.0,3.0,3.0,3.0,4.0,2.0,3.0,4.0,3.0,2.0,2.0
1,1.0798303,,1.0,13.0,3.0,4.0,1.0,4.0,3.0,3.0,1.0,3.0,1.0
1,1.5120202,2.0,1.0,4.0,,2.0,1.0,4.0,2.0,4.0,4.0,1.0,1.0
1,1.7741761,99.0,3.0,,,4.0,,3.0,1.0,,2.0,2.0,1.0
1,0.7491869,3.0,1.0,7.0,5.0,3.0,2.0,3.0,3.0,4.0,2.0,4.0,2.0
1,0.9835677,6.0,1.0,7.0,5.0,2.0,3.0,2.0,3.0,1.0,2.0,4.0,2.0
1,2.1925373,5.0,3.0,,5.0,2.0,2.0,2.0,4.0,2.0,2.0,4.0,4.0
1,2.0168898,6.0,3.0,,,1.0,1.0,4.0,3.0,3.0,3.0,3.0,2.0
1,0.6048273,7.0,1.0,11.0,9.0,1.0,1.0,1.0,4.0,2.0,1.0,3.0,2.0
1,1.4170752,99.0,1.0,14.0,12.0,2.0,2.0,1.0,3.0,2.0,2.0,2.0,2.0
1,2.2738144,99.0,3.0,,,2.0,2.0,,3.0,4.0,2.0,3.0,3.0
1,0.4774289,4.0,1.0,6.0,5.0,4.0,3.0,4.0,3.0,3.0,3.0,3.0,3.0
1,0.4951457,10.0,1.0,11.0,9.0,1.0,2.0,1.0,3.0,2.0,1.0,1.0,3.0
1,0.5536968,99.0,1.0,3.0,,2.0,3.0,3.0,3.0,2.0,3.0,2.0,1.0
1,0.5648639,3.0,1.0,6.0,4.0,3.0,4.0,3.0,3.0,3.0,4.0,3.0,2.0
1,0.5963268,10.0,1.0,11.0,9.0,2.0,3.0,2.0,3.0,3.0,1.0,2.0,2.0
1,0.6139105,3.0,1.0,3.0,12.0,3.0,4.0,3.0,,,2.0,2.0,2.0
1,0.6306463,99.0,1.0,6.0,2.0,3.0,3.0,3.0,2.0,3.0,2.0,3.0,3.0
1,0.6401121,99.0,1.0,11.0,9.0,1.0,2.0,2.0,4.0,3.0,4.0,3.0,4.0
1,0.6429709,5.0,1.0,11.0,9.0,2.0,3.0,2.0,3.0,2.0,2.0,3.0,2.0
1,0.6842881,8.0,1.0,7.0,5.0,1.0,1.0,1.0,4.0,1.0,1.0,4.0,3.0
1,0.7038133,99.0,1.0,6.0,,,4.0,2.0,2.0,3.0,2.0,2.0,2.0
1,0.7396189,6.0,1.0,7.0,5.0,3.0,4.0,2.0,3.0,1.0,2.0,2.0,2.0
1,0.755093,4.0,1.0,5.0,5.0,4.0,4.0,2.0,2.0,3.0,3.0,2.0,1.0
1,0.7631588,8.0,1.0,11.0,5.0,2.0,1.0,2.0,4.0,2.0,2.0,4.0,2.0
1,0.7903693,99.0,1.0,11.0,9.0,1.0,3.0,2.0,2.0,2.0,3.0,1.0,1.0
1,0.8150222,3.0,1.0,6.0,5.0,4.0,4.0,4.0,2.0,4.0,4.0,2.0,1.0
1,0.8737639,2.0,1.0,6.0,4.0,4.0,4.0,4.0,2.0,4.0,3.0,2.0,1.0
1,0.9297858,7.0,1.0,8.0,7.0,1.0,4.0,1.0,4.0,1.0,2.0,4.0,4.0
1,1.0449791,6.0,1.0,7.0,5.0,2.0,3.0,2.0,3.0,2.0,3.0,2.0,1.0
1,1.073705,5.0,1.0,7.0,5.0,3.0,3.0,3.0,3.0,3.0,3.0,3.0,3.0
1,1.1020983,2.0,1.0,4.0,3.0,4.0,4.0,4.0,3.0,4.0,4.0,2.0,1.0
1,1.2370185,8.0,1.0,10.0,7.0,1.0,3.0,1.0,3.0,2.0,3.0,3.0,3.0
1,1.2803187,3.0,1.0,4.0,3.0,4.0,4.0,4.0,1.0,4.0,3.0,2.0,2.0
1,1.3283112,2.0,1.0,4.0,3.0,4.0,4.0,4.0,1.0,3.0,4.0,1.0,1.0
1,1.3562162,1.0,1.0,4.0,3.0,4.0,4.0,3.0,2.0,4.0,4.0,,1.0
1,1.440663,3.0,3.0,,,3.0,4.0,4.0,2.0,3.0,3.0,2.0,2.0
1,1.5596133,6.0,1.0,4.0,3.0,2.0,1.0,3.0,4.0,3.0,2.0,3.0,1.0
1,1.7012068,99.0,1.0,13.0,12.0,1.0,2.0,2.0,2.0,3.0,1.0,1.0,1.0
1,1.7526209,99.0,3.0,,,4.0,3.0,4.0,2.0,3.0,3.0,2.0,2.0
1,1.757164,3.0,1.0,13.0,,3.0,2.0,3.0,1.0,3.0,4.0,2.0,1.0
1,1.9781393,3.0,3.0,,,3.0,2.0,2.0,2.0,3.0,3.0,2.0,2.0
1,2.0409079,5.0,1.0,13.0,12.0,4.0,4.0,4.0,1.0,4.0,3.0,4.0,1.0
1,2.6206656,99.0,1.0,13.0,12.0,4.0,4.0,3.0,3.0,1.0,3.0,2.0,1.0
1,0.5930182,6.0,1.0,8.0,5.0,2.0,4.0,3.0,2.0,1.0,1.0,2.0,1.0
1,0.5931479,2.0,1.0,3.0,3.0,4.0,4.0,4.0,2.0,3.0,3.0,2.0,1.0
1,0.6616943,8.0,1.0,11.0,,3.0,2.0,3.0,2.0,2.0,2.0,2.0,2.0
1,0.6662468,3.0,1.0,3.0,5.0,4.0,4.0,3.0,2.0,2.0,4.0,2.0,2.0
1,0.7117748,7.0,1.0,11.0,9.0,1.0,2.0,2.0,3.0,2.0,2.0,3.0,2.0
1,0.7457246,3.0,1.0,5.0,4.0,4.0,4.0,4.0,1.0,4.0,4.0,1.0,1.0
1,0.76513,4.0,1.0,10.0,3.0,3.0,2.0,1.0,2.0,3.0,2.0,2.0,3.0
1,0.8116148,5.0,1.0,6.0,6.0,3.0,4.0,3.0,3.0,3.0,3.0,2.0,2.0
1,0.8496202,8.0,1.0,7.0,5.0,2.0,1.0,2.0,2.0,2.0,2.0,2.0,2.0
1,0.8545806,99.0,1.0,7.0,5.0,3.0,1.0,2.0,3.0,2.0,3.0,3.0,2.0
1,0.8857209,2.0,1.0,4.0,3.0,3.0,,3.0,,,3.0,,2.0
1,0.9813389,99.0,1.0,7.0,5.0,4.0,4.0,4.0,1.0,4.0,1.0,2.0,1.0
1,0.9831716,1.0,1.0,4.0,3.0,3.0,3.0,3.0,,3.0,3.0,1.0,2.0
1,1.0058243,4.0,1.0,7.0,5.0,4.0,3.0,4.0,1.0,2.0,2.0,2.0,3.0
1,1.0154867,5.0,1.0,7.0,5.0,2.0,3.0,2.0,3.0,3.0,2.0,2.0,2.0
1,1.0449791,99.0,1.0,7.0,5.0,4.0,3.0,3.0,3.0,3.0,4.0,2.0,2.0
1,1.0449791,7.0,1.0,7.0,5.0,3.0,2.0,1.0,4.0,3.0,2.0,3.0,3.0
1,1.1143944,8.0,1.0,7.0,5.0,2.0,2.0,1.0,3.0,2.0,2.0,3.0,3.0
1,1.1941143,1.0,1.0,4.0,3.0,2.0,4.0,4.0,1.0,3.0,4.0,1.0,2.0
1,1.2831533,6.0,2.0,,,4.0,4.0,1.0,2.0,3.0,2.0,2.0,2.0
1,1.3562162,3.0,1.0,4.0,4.0,3.0,3.0,3.0,2.0,4.0,2.0,2.0,2.0
1,1.377202,2.0,1.0,4.0,3.0,4.0,4.0,2.0,3.0,3.0,4.0,1.0,1.0
1,1.3874097,,1.0,,,,3.0,4.0,,2.0,1.0,3.0,2.0
1,1.3973941,99.0,3.0,,,,4.0,2.0,4.0,3.0,2.0,3.0,2.0
1,2.1563842,3.0,1.0,4.0,,4.0,4.0,,2.0,3.0,3.0,2.0,2.0
1,0.6775172,7.0,1.0,11.0,9.0,1.0,1.0,1.0,3.0,1.0,2.0,4.0,1.0
1,0.9013733,99.0,1.0,7.0,5.0,3.0,4.0,4.0,2.0,3.0,3.0,2.0,2.0
1,0.9832475,2.0,1.0,4.0,4.0,4.0,2.0,3.0,1.0,3.0,3.0,1.0,1.0
1,1.014549,4.0,1.0,7.0,5.0,3.0,4.0,3.0,1.0,3.0,2.0,2.0,1.0
1,1.7659425,7.0,1.0,13.0,12.0,1.0,2.0,,2.0,2.0,4.0,1.0,1.0
1,0.9325081,5.0,1.0,7.0,5.0,2.0,2.0,2.0,2.0,1.0,2.0,3.0,2.0
1,1.3651968,0.0,1.0,4.0,3.0,3.0,4.0,3.0,3.0,4.0,4.0,1.0,1.0
1,0.5048305,3.0,1.0,3.0,2.0,1.0,1.0,3.0,3.0,4.0,1.0,1.0,1.0
1,1.0015482,7.0,1.0,7.0,5.0,4.0,4.0,4.0,3.0,1.0,3.0,3.0,3.0
1,1.0819204,4.0,1.0,4.0,3.0,3.0,3.0,3.0,2.0,3.0,2.0,2.0,1.0
1,1.2559338,3.0,1.0,4.0,3.0,2.0,4.0,2.0,3.0,3.0,3.0,3.0,1.0
1,1.2931815,2.0,1.0,4.0,4.0,3.0,4.0,4.0,3.0,4.0,3.0,2.0,3.0
1,1.6415545,6.0,3.0,,,2.0,3.0,2.0,3.0,3.0,2.0,3.0,2.0
1,1.729452,1.0,1.0,,3.0,4.0,4.0,4.0,1.0,4.0,3.0,2.0,1.0
1,2.2352922,8.0,3.0,,5.0,3.0,2.0,3.0,2.0,3.0,1.0,1.0,1.0
1,0.2189113,4.0,1.0,2.0,2.0,4.0,3.0,4.0,2.0,2.0,2.0,2.0,1.0
1,0.3114573,,1.0,2.0,2.0,2.0,2.0,2.0,2.0,2.0,3.0,1.0,2.0
1,0.4529466,2.0,1.0,6.0,3.0,4.0,4.0,3.0,2.0,4.0,3.0,1.0,1.0
1,0.4590463,9.0,1.0,11.0,9.0,3.0,4.0,4.0,2.0,1.0,3.0,1.0,1.0
1,0.5162388,7.0,1.0,8.0,7.0,2.0,2.0,2.0,3.0,3.0,3.0,3.0,2.0
1,0.5270761,2.0,1.0,3.0,4.0,4.0,4.0,2.0,3.0,4.0,4.0,2.0,1.0
1,0.5358641,8.0,1.0,8.0,7.0,1.0,2.0,1.0,4.0,2.0,2.0,3.0,3.0
1,0.5745353,5.0,1.0,3.0,2.0,4.0,4.0,2.0,2.0,4.0,3.0,3.0,2.0
1,0.5930405,0.0,1.0,6.0,3.0,4.0,4.0,4.0,1.0,4.0,4.0,1.0,1.0
1,0.6218319,4.0,1.0,7.0,5.0,2.0,2.0,2.0,4.0,4.0,3.0,3.0,1.0
1,0.6316601,3.0,1.0,3.0,4.0,4.0,4.0,3.0,3.0,4.0,4.0,2.0,2.0
1,0.6337792,4.0,1.0,7.0,5.0,2.0,3.0,2.0,2.0,3.0,3.0,1.0,1.0
1,0.6357808,4.0,1.0,6.0,5.0,4.0,4.0,4.0,2.0,3.0,2.0,2.0,2.0
1,0.6470408,9.0,1.0,11.0,9.0,2.0,2.0,2.0,1.0,2.0,1.0,1.0,2.0
1,0.6507631,2.0,1.0,5.0,4.0,3.0,3.0,3.0,3.0,3.0,2.0,3.0,2.0
1,0.6685293,9.0,1.0,8.0,7.0,2.0,2.0,1.0,3.0,2.0,2.0,4.0,4.0
1,0.6785355,99.0,1.0,7.0,5.0,4.0,4.0,3.0,2.0,3.0,3.0,2.0,3.0
1,0.6991474,3.0,1.0,3.0,4.0,3.0,4.0,2.0,2.0,3.0,3.0,1.0,1.0
1,0.7127593,3.0,1.0,6.0,5.0,3.0,3.0,3.0,,,3.0,2.0,1.0
1,0.7159978,5.0,1.0,6.0,5.0,4.0,4.0,3.0,3.0,4.0,3.0,,2.0
1,0.7197635,4.0,1.0,7.0,5.0,3.0,4.0,4.0,2.0,3.0,3.0,3.0,1.0
1,0.7235667,2.0,1.0,6.0,4.0,4.0,4.0,4.0,3.0,4.0,4.0,2.0,1.0
1,0.724333,6.0,1.0,7.0,5.0,2.0,4.0,1.0,4.0,1.0,2.0,4.0,4.0
1,0.7249432,5.0,1.0,7.0,5.0,3.0,4.0,4.0,2.0,2.0,2.0,3.0,3.0
1,0.7269202,8.0,1.0,6.0,9.0,1.0,1.0,1.0,4.0,4.0,1.0,2.0,2.0
1,0.7375142,8.0,1.0,7.0,5.0,3.0,4.0,4.0,2.0,2.0,2.0,2.0,2.0
1,0.7451282,3.0,1.0,6.0,6.0,2.0,4.0,2.0,2.0,3.0,4.0,2.0,2.0
1,0.759635,3.0,1.0,7.0,5.0,3.0,,3.0,2.0,4.0,3.0,2.0,
1,0.7882732,8.0,1.0,8.0,7.0,2.0,3.0,1.0,4.0,4.0,2.0,4.0,3.0
1,0.7955558,,1.0,7.0,5.0,,3.0,2.0,3.0,,1.0,4.0,2.0
1,0.7958369,3.0,1.0,11.0,9.0,4.0,4.0,3.0,2.0,3.0,4.0,3.0,2.0
1,0.8100956,3.0,1.0,7.0,5.0,3.0,4.0,,4.0,3.0,3.0,2.0,2.0
1,0.8179057,8.0,1.0,7.0,5.0,2.0,2.0,2.0,2.0,2.0,1.0,1.0,1.0
1,0.8366586,3.0,1.0,6.0,4.0,3.0,4.0,3.0,2.0,4.0,2.0,2.0,1.0
1,0.8392423,6.0,1.0,7.0,5.0,2.0,1.0,1.0,2.0,2.0,2.0,2.0,2.0
1,0.8554787,3.0,1.0,7.0,5.0,3.0,4.0,3.0,2.0,2.0,2.0,2.0,2.0
1,0.8581182,99.0,1.0,7.0,5.0,2.0,2.0,2.0,2.0,2.0,2.0,2.0,2.0
1,0.8671736,5.0,1.0,7.0,5.0,2.0,4.0,2.0,1.0,2.0,1.0,4.0,2.0
1,0.8746012,4.0,1.0,6.0,5.0,2.0,2.0,2.0,2.0,3.0,3.0,3.0,1.0
1,0.8783918,4.0,1.0,7.0,5.0,4.0,4.0,,3.0,,3.0,4.0,3.0
1,0.8843072,2.0,1.0,4.0,,4.0,4.0,4.0,2.0,2.0,3.0,2.0,1.0
1,0.8877858,7.0,1.0,7.0,5.0,1.0,4.0,3.0,4.0,1.0,1.0,3.0,4.0
1,0.8888814,2.0,1.0,5.0,4.0,3.0,4.0,3.0,3.0,4.0,4.0,2.0,1.0
1,0.9162673,5.0,1.0,5.0,3.0,3.0,2.0,3.0,2.0,2.0,2.0,2.0,1.0
1,0.9202115,5.0,1.0,7.0,5.0,3.0,3.0,2.0,2.0,3.0,2.0,2.0,2.0
1,0.9442568,3.0,1.0,5.0,4.0,4.0,4.0,4.0,2.0,4.0,4.0,1.0,1.0
1,0.9445961,99.0,1.0,9.0,8.0,3.0,2.0,4.0,3.0,4.0,2.0,3.0,2.0
1,0.9504796,99.0,1.0,7.0,5.0,2.0,4.0,2.0,4.0,2.0,2.0,4.0,4.0
1,0.9624506,2.0,1.0,5.0,4.0,4.0,4.0,2.0,4.0,3.0,4.0,2.0,2.0
1,0.9813389,5.0,1.0,7.0,5.0,4.0,1.0,4.0,1.0,3.0,2.0,2.0,2.0
1,0.9832724,8.0,1.0,7.0,5.0,3.0,2.0,4.0,4.0,2.0,1.0,2.0,1.0
1,0.9835677,8.0,1.0,7.0,5.0,2.0,2.0,1.0,3.0,2.0,2.0,2.0,1.0
1,0.9963396,6.0,1.0,7.0,5.0,2.0,4.0,2.0,3.0,3.0,3.0,3.0,2.0
1,1.0029566,3.0,1.0,4.0,3.0,1.0,2.0,2.0,1.0,2.0,2.0,3.0,1.0
1,1.0136176,5.0,1.0,7.0,5.0,3.0,4.0,2.0,3.0,,2.0,2.0,2.0
1,1.0321429,5.0,1.0,7.0,5.0,3.0,2.0,2.0,2.0,2.0,2.0,3.0,2.0
1,1.0414541,,1.0,4.0,3.0,3.0,2.0,2.0,2.0,2.0,2.0,2.0,2.0
1,1.0449791,4.0,1.0,7.0,5.0,4.0,4.0,3.0,2.0,3.0,2.0,2.0,2.0
1,1.0449791,7.0,1.0,7.0,5.0,,4.0,2.0,,2.0,2.0,3.0,2.0
1,1.0449791,4.0,1.0,7.0,5.0,3.0,4.0,2.0,2.0,3.0,2.0,2.0,2.0
1,1.0813617,3.0,1.0,7.0,5.0,3.0,4.0,2.0,3.0,2.0,2.0,3.0,2.0
1,1.0894626,0.0,1.0,4.0,3.0,4.0,4.0,4.0,2.0,4.0,4.0,2.0,2.0
1,1.0941578,7.0,2.0,,,2.0,3.0,2.0,2.0,3.0,3.0,3.0,3.0
1,1.0943929,5.0,1.0,7.0,5.0,2.0,4.0,2.0,3.0,2.0,3.0,4.0,3.0
1,1.1143944,6.0,1.0,7.0,5.0,2.0,4.0,1.0,4.0,4.0,2.0,4.0,4.0
1,1.1143944,5.0,1.0,7.0,5.0,2.0,4.0,2.0,2.0,1.0,2.0,4.0,2.0
1,1.1143944,7.0,1.0,7.0,5.0,2.0,2.0,2.0,2.0,2.0,2.0,3.0,3.0
1,1.1143944,4.0,1.0,7.0,5.0,2.0,4.0,2.0,4.0,3.0,2.0,2.0,3.0
1,1.1143944,4.0,1.0,7.0,5.0,4.0,4.0,2.0,3.0,4.0,3.0,2.0,1.0
1,1.1582378,5.0,1.0,7.0,5.0,2.0,2.0,2.0,3.0,2.0,2.0,3.0,3.0
1,1.1648551,6.0,1.0,4.0,3.0,1.0,1.0,2.0,2.0,3.0,1.0,3.0,2.0
1,1.1672121,6.0,1.0,7.0,5.0,4.0,4.0,3.0,3.0,2.0,2.0,3.0,2.0
1,1.2114452,3.0,1.0,7.0,5.0,3.0,4.0,3.0,2.0,3.0,3.0,3.0,2.0
1,1.3525879,2.0,1.0,4.0,3.0,4.0,4.0,3.0,2.0,4.0,4.0,2.0,1.0
1,1.366526,1.0,1.0,4.0,3.0,3.0,4.0,2.0,3.0,4.0,4.0,2.0,2.0
1,1.4036683,1.0,1.0,4.0,3.0,3.0,4.0,3.0,2.0,3.0,3.0,1.0,1.0
1,1.5335062,5.0,3.0,,4.0,3.0,4.0,3.0,2.0,2.0,3.0,2.0,2.0
1,1.5413773,3.0,1.0,4.0,3.0,1.0,2.0,3.0,3.0,,2.0,2.0,1.0
1,1.6488858,4.0,3.0,,,1.0,2.0,1.0,2.0,4.0,4.0,2.0,1.0
1,1.6611682,7.0,3.0,,,3.0,3.0,2.0,2.0,4.0,3.0,2.0,3.0
1,1.6740359,1.0,1.0,4.0,,3.0,3.0,3.0,2.0,3.0,3.0,2.0,3.0
1,1.7112881,5.0,1.0,13.0,12.0,4.0,4.0,4.0,2.0,2.0,3.0,2.0,2.0
1,1.7286495,3.0,1.0,4.0,3.0,3.0,4.0,4.0,3.0,3.0,4.0,1.0,1.0
1,1.7369159,1.0,1.0,4.0,3.0,4.0,4.0,3.0,2.0,3.0,3.0,1.0,1.0
1,1.8456087,3.0,1.0,4.0,5.0,3.0,4.0,2.0,2.0,4.0,3.0,1.0,1.0
1,1.964004,5.0,3.0,,,2.0,2.0,2.0,2.0,2.0,1.0,2.0,1.0
1,2.2249691,99.0,1.0,14.0,12.0,3.0,3.0,4.0,2.0,3.0,2.0,,
1,0.6010377,5.0,1.0,7.0,5.0,1.0,2.0,2.0,2.0,3.0,2.0,3.0,2.0
1,0.6780141,7.0,1.0,6.0,5.0,3.0,4.0,4.0,2.0,2.0,2.0,4.0,3.0
1,0.6879069,6.0,1.0,7.0,5.0,4.0,4.0,1.0,2.0,2.0,3.0,4.0,3.0
1,0.8554787,4.0,1.0,7.0,5.0,4.0,4.0,2.0,2.0,3.0,3.0,1.0,1.0
1,0.9326988,1.0,1.0,6.0,3.0,4.0,4.0,4.0,2.0,4.0,3.0,2.0,2.0
1,0.9785325,3.0,1.0,7.0,5.0,3.0,4.0,3.0,3.0,3.0,3.0,3.0,3.0
1,1.3202946,2.0,1.0,4.0,4.0,4.0,4.0,4.0,1.0,4.0,4.0,1.0,1.0
1,1.377202,3.0,1.0,4.0,3.0,3.0,4.0,4.0,3.0,4.0,2.0,2.0,1.0
1,1.3996804,1.0,1.0,4.0,3.0,4.0,4.0,2.0,1.0,4.0,4.0,2.0,1.0
1,2.7559187,99.0,1.0,,,,1.0,,1.0,4.0,2.0,4.0,3.0
1,1.0933285,6.0,1.0,7.0,5.0,3.0,4.0,3.0,2.0,2.0,3.0,2.0,3.0
1,0.6971346,2.0,1.0,6.0,4.0,4.0,4.0,4.0,2.0,4.0,4.0,1.0,1.0
1,1.2571822,3.0,1.0,4.0,3.0,1.0,3.0,1.0,3.0,3.0,3.0,2.0,2.0
1,0.5357494,8.0,1.0,2.0,1.0,2.0,2.0,2.0,3.0,2.0,4.0,2.0,4.0
1,0.8684618,5.0,1.0,7.0,5.0,2.0,4.0,2.0,3.0,3.0,1.0,1.0,2.0
1,0.9915049,99.0,1.0,7.0,5.0,1.0,1.0,1.0,1.0,1.0,1.0,1.0,1.0
1,1.5482905,7.0,1.0,13.0,12.0,2.0,1.0,2.0,3.0,3.0,1.0,2.0,2.0
1,0.5337682,3.0,1.0,6.0,12.0,,4.0,3.0,,4.0,2.0,2.0,2.0
1,0.5414448,6.0,1.0,6.0,5.0,2.0,2.0,2.0,,,,2.0,2.0
1,1.2010504,3.0,1.0,4.0,3.0,4.0,4.0,3.0,4.0,3.0,3.0,2.0,1.0
1,1.2025036,5.0,1.0,4.0,3.0,3.0,3.0,3.0,2.0,3.0,3.0,2.0,2.0
1,0.2304383,0.0,1.0,2.0,2.0,4.0,4.0,4.0,1.0,3.0,4.0,1.0,1.0
1,0.7176113,6.0,1.0,8.0,5.0,2.0,4.0,2.0,3.0,3.0,2.0,3.0,3.0
1,0.7200789,1.0,2.0,,7.0,3.0,4.0,4.0,,4.0,3.0,4.0,2.0
1,0.7388371,3.0,1.0,5.0,4.0,4.0,4.0,3.0,4.0,3.0,3.0,2.0,2.0
1,0.7902238,5.0,1.0,7.0,5.0,,3.0,4.0,3.0,,2.0,4.0,4.0
1,1.0746025,2.0,2.0,,,4.0,4.0,3.0,,3.0,3.0,2.0,2.0
1,2.1260231,6.0,1.0,13.0,5.0,2.0,2.0,1.0,4.0,2.0,3.0,3.0,1.0
1,0.5299796,9.0,1.0,2.0,2.0,2.0,3.0,,2.0,3.0,1.0,4.0,3.0
1,0.7375142,5.0,1.0,7.0,5.0,2.0,1.0,2.0,1.0,1.0,1.0,1.0,1.0
1,0.7955558,5.0,1.0,7.0,5.0,1.0,4.0,1.0,4.0,1.0,3.0,4.0,1.0
1,0.8825558,7.0,1.0,7.0,5.0,,4.0,3.0,3.0,2.0,3.0,3.0,
1,0.9504755,3.0,1.0,7.0,5.0,4.0,4.0,4.0,4.0,3.0,3.0,3.0,2.0
1,0.4341779,5.0,1.0,2.0,2.0,1.0,3.0,1.0,4.0,4.0,2.0,1.0,1.0
1,0.4523345,9.0,1.0,9.0,8.0,1.0,1.0,1.0,4.0,1.0,2.0,2.0,1.0
1,0.4590463,10.0,1.0,11.0,9.0,1.0,1.0,1.0,3.0,3.0,3.0,2.0,2.0
1,0.5003322,99.0,1.0,11.0,9.0,3.0,3.0,3.0,3.0,3.0,3.0,3.0,3.0
1,0.5210895,9.0,1.0,11.0,9.0,1.0,1.0,3.0,4.0,2.0,3.0,3.0,2.0
1,0.5270329,0.0,1.0,2.0,2.0,4.0,3.0,2.0,3.0,3.0,3.0,4.0,3.0
1,0.5462506,99.0,1.0,11.0,9.0,1.0,3.0,1.0,4.0,4.0,3.0,3.0,1.0
1,0.5485118,5.0,1.0,11.0,9.0,3.0,2.0,3.0,2.0,2.0,2.0,3.0,3.0
1,0.5548624,6.0,1.0,11.0,9.0,1.0,3.0,3.0,4.0,1.0,3.0,3.0,3.0
1,0.5752903,7.0,1.0,11.0,9.0,1.0,1.0,1.0,2.0,4.0,1.0,4.0,4.0
1,0.5854852,5.0,1.0,10.0,3.0,1.0,1.0,1.0,4.0,4.0,4.0,1.0,1.0
1,0.6089084,10.0,1.0,11.0,9.0,1.0,1.0,1.0,4.0,3.0,2.0,2.0,1.0
1,0.6089084,8.0,1.0,11.0,9.0,1.0,3.0,1.0,4.0,1.0,1.0,4.0,3.0
1,0.631352,10.0,1.0,11.0,9.0,1.0,1.0,1.0,4.0,3.0,4.0,1.0,1.0
1,0.650587,99.0,1.0,12.0,6.0,2.0,1.0,2.0,3.0,2.0,2.0,2.0,2.0
1,0.6775172,5.0,1.0,11.0,9.0,1.0,1.0,1.0,3.0,2.0,3.0,2.0,1.0
1,0.6853461,7.0,1.0,9.0,8.0,1.0,2.0,1.0,3.0,2.0,2.0,3.0,2.0
1,0.6965773,8.0,1.0,10.0,9.0,3.0,4.0,3.0,4.0,4.0,3.0,3.0,4.0
1,0.7246269,10.0,1.0,10.0,9.0,1.0,1.0,1.0,4.0,3.0,1.0,4.0,4.0
1,0.759334,8.0,1.0,7.0,7.0,1.0,4.0,1.0,4.0,1.0,1.0,4.0,4.0
1,0.7625858,8.0,1.0,11.0,9.0,1.0,3.0,2.0,3.0,3.0,2.0,1.0,1.0
1,0.7625858,10.0,1.0,11.0,9.0,1.0,1.0,2.0,4.0,2.0,3.0,2.0,2.0
1,0.806066,4.0,1.0,4.0,11.0,1.0,4.0,1.0,4.0,2.0,4.0,3.0,1.0
1,0.8103819,10.0,1.0,11.0,,1.0,1.0,1.0,3.0,3.0,2.0,2.0,1.0
1,0.8485444,10.0,1.0,11.0,9.0,1.0,1.0,1.0,2.0,2.0,1.0,3.0,1.0
1,0.8642561,5.0,1.0,11.0,9.0,1.0,1.0,1.0,4.0,3.0,2.0,1.0,1.0
1,0.8666774,2.0,1.0,4.0,3.0,2.0,1.0,2.0,3.0,4.0,1.0,1.0,1.0
1,0.9692613,10.0,1.0,10.0,7.0,1.0,1.0,1.0,4.0,1.0,2.0,4.0,2.0
1,0.9815511,2.0,1.0,4.0,3.0,4.0,4.0,4.0,2.0,4.0,4.0,1.0,1.0
1,1.0047555,2.0,1.0,4.0,3.0,4.0,4.0,4.0,2.0,2.0,4.0,1.0,1.0
1,1.1174263,5.0,1.0,13.0,12.0,1.0,1.0,1.0,4.0,3.0,2.0,1.0,1.0
1,1.1221541,3.0,1.0,4.0,3.0,2.0,4.0,1.0,4.0,1.0,2.0,4.0,4.0
1,1.1237522,0.0,1.0,10.0,3.0,1.0,4.0,1.0,4.0,3.0,4.0,1.0,1.0
1,1.1237522,5.0,1.0,10.0,9.0,1.0,1.0,1.0,4.0,4.0,1.0,4.0,3.0
1,1.1239175,2.0,1.0,4.0,3.0,3.0,4.0,2.0,3.0,4.0,3.0,2.0,2.0
1,1.142068,99.0,1.0,4.0,3.0,3.0,3.0,2.0,3.0,3.0,2.0,2.0,1.0
1,1.1487815,2.0,3.0,,,1.0,1.0,4.0,1.0,1.0,1.0,1.0,3.0
1,1.1960673,10.0,1.0,12.0,6.0,1.0,1.0,1.0,4.0,1.0,1.0,3.0,3.0
1,1.1997402,,1.0,13.0,12.0,4.0,4.0,4.0,1.0,3.0,4.0,3.0,3.0
1,1.3278672,,1.0,13.0,5.0,3.0,1.0,3.0,3.0,3.0,2.0,3.0,2.0
1,1.3364266,5.0,3.0,,,2.0,4.0,2.0,3.0,2.0,3.0,2.0,1.0
1,1.4066474,7.0,3.0,,,1.0,3.0,1.0,4.0,2.0,2.0,4.0,3.0
1,1.7811354,7.0,3.0,,12.0,1.0,1.0,1.0,4.0,1.0,3.0,3.0,2.0
1,1.8417809,7.0,1.0,13.0,12.0,3.0,4.0,2.0,4.0,3.0,2.0,3.0,2.0
1,1.8433857,4.0,3.0,,,3.0,3.0,4.0,2.0,2.0,2.0,2.0,2.0
1,1.902874,5.0,1.0,13.0,12.0,2.0,2.0,,3.0,3.0,2.0,3.0,2.0
1,0.628264,6.0,2.0,,,3.0,4.0,3.0,3.0,3.0,3.0,3.0,4.0
1,1.2559338,3.0,1.0,4.0,3.0,4.0,4.0,4.0,2.0,3.0,3.0,1.0,2.0
1,1.3651283,,3.0,,,4.0,3.0,4.0,2.0,3.0,2.0,2.0,2.0
1,1.8773433,3.0,3.0,,12.0,3.0,3.0,1.0,2.0,2.0,2.0,2.0,2.0
1,0.4658657,9.0,1.0,9.0,8.0,1.0,2.0,1.0,3.0,2.0,1.0,2.0,2.0
1,0.5000196,2.0,1.0,6.0,12.0,1.0,1.0,1.0,2.0,2.0,1.0,1.0,1.0
1,0.5211297,5.0,1.0,11.0,9.0,3.0,4.0,4.0,1.0,3.0,2.0,2.0,1.0
1,0.5354082,8.0,1.0,11.0,9.0,1.0,2.0,1.0,4.0,3.0,2.0,2.0,1.0
1,0.5392469,5.0,1.0,12.0,6.0,1.0,1.0,2.0,4.0,1.0,4.0,4.0,3.0
1,1.1475726,3.0,2.0,,,1.0,2.0,2.0,4.0,4.0,2.0,4.0,3.0
1,1.351299,0.0,1.0,4.0,3.0,3.0,4.0,4.0,1.0,4.0,4.0,1.0,1.0
1,1.5018202,7.0,3.0,,3.0,2.0,1.0,1.0,3.0,4.0,3.0,1.0,1.0
1,0.4110208,7.0,1.0,6.0,5.0,3.0,3.0,3.0,4.0,3.0,3.0,3.0,4.0
1,0.4185328,7.0,1.0,6.0,5.0,2.0,3.0,3.0,2.0,3.0,2.0,2.0,3.0
1,0.4287344,10.0,1.0,11.0,9.0,1.0,3.0,1.0,3.0,4.0,1.0,2.0,1.0
1,0.4307497,3.0,1.0,3.0,4.0,3.0,4.0,3.0,2.0,2.0,2.0,1.0,1.0
1,0.4316432,6.0,1.0,3.0,2.0,2.0,2.0,2.0,2.0,2.0,2.0,2.0,2.0
1,0.5041562,10.0,1.0,11.0,9.0,1.0,2.0,1.0,4.0,2.0,3.0,2.0,2.0
1,0.5485118,8.0,1.0,11.0,9.0,1.0,2.0,1.0,3.0,4.0,1.0,3.0,2.0
1,0.5940458,7.0,1.0,11.0,9.0,1.0,1.0,1.0,3.0,2.0,1.0,3.0,3.0
1,0.5960901,5.0,1.0,11.0,9.0,2.0,2.0,1.0,2.0,3.0,1.0,3.0,1.0
1,0.7335853,6.0,1.0,6.0,5.0,3.0,3.0,3.0,2.0,2.0,3.0,2.0,3.0
1,0.8803225,7.0,1.0,7.0,5.0,1.0,1.0,1.0,4.0,3.0,2.0,4.0,3.0
1,1.0174489,6.0,1.0,7.0,5.0,3.0,2.0,4.0,2.0,2.0,2.0,4.0,2.0
1,1.8912582,4.0,3.0,,,2.0,1.0,2.0,2.0,3.0,2.0,1.0,1.0
1,2.1095421,,1.0,13.0,5.0,4.0,4.0,3.0,1.0,4.0,4.0,2.0,1.0
1,0.854444,6.0,1.0,4.0,3.0,2.0,3.0,4.0,2.0,2.0,3.0,3.0,2.0
1,1.4882427,7.0,1.0,13.0,12.0,3.0,3.0,2.0,3.0,3.0,3.0,3.0,2.0
1,0.8284643,7.0,1.0,12.0,6.0,1.0,4.0,1.0,4.0,2.0,2.0,2.0,2.0
1,0.8716472,10.0,1.0,10.0,9.0,1.0,1.0,1.0,4.0,1.0,3.0,4.0,2.0
1,0.8974867,0.0,1.0,4.0,3.0,3.0,4.0,3.0,2.0,4.0,4.0,2.0,1.0
1,0.9810655,7.0,2.0,,,3.0,1.0,4.0,1.0,1.0,1.0,3.0,4.0
1,0.5902957,8.0,1.0,7.0,9.0,1.0,2.0,1.0,3.0,3.0,2.0,3.0,2.0
1,0.7550265,8.0,1.0,11.0,9.0,1.0,2.0,1.0,4.0,4.0,1.0,2.0,2.0
1,0.9262434,4.0,1.0,7.0,3.0,2.0,3.0,3.0,2.0,3.0,3.0,2.0,2.0
1,1.1557286,7.0,1.0,7.0,5.0,2.0,2.0,4.0,3.0,3.0,1.0,3.0,2.0
1,1.177215,6.0,3.0,,,3.0,3.0,2.0,2.0,4.0,2.0,3.0,3.0
1,1.5363339,7.0,3.0,,,2.0,2.0,2.0,3.0,3.0,2.0,2.0,2.0
1,0.4422187,7.0,1.0,11.0,4.0,2.0,3.0,2.0,1.0,1.0,1.0,2.0,3.0
1,1.0500267,4.0,1.0,4.0,3.0,2.0,2.0,2.0,2.0,2.0,2.0,2.0,3.0
1,1.0813617,7.0,1.0,7.0,5.0,1.0,1.0,1.0,2.0,1.0,2.0,4.0,3.0
1,1.2808332,7.0,1.0,4.0,6.0,3.0,3.0,2.0,2.0,2.0,2.0,2.0,2.0
1,0.9146283,6.0,2.0,,4.0,3.0,2.0,2.0,1.0,2.0,1.0,1.0,2.0
1,0.7038733,2.0,2.0,,2.0,1.0,2.0,2.0,1.0,2.0,1.0,2.0,2.0
1,1.1171204,4.0,1.0,7.0,5.0,3.0,3.0,3.0,2.0,3.0,3.0,3.0,2.0
1,1.1291193,6.0,1.0,7.0,,2.0,2.0,2.0,2.0,2.0,4.0,2.0,3.0
1,0.6075125,5.0,1.0,12.0,6.0,1.0,1.0,2.0,4.0,2.0,2.0,2.0,1.0
1,0.8070503,5.0,1.0,11.0,12.0,1.0,3.0,2.0,3.0,4.0,,4.0,3.0
1,1.2157526,9.0,2.0,,,1.0,2.0,1.0,4.0,,2.0,2.0,2.0
1,2.0568757,7.0,1.0,13.0,12.0,2.0,4.0,3.0,3.0,2.0,2.0,4.0,2.0
1,0.5000196,2.0,1.0,6.0,7.0,1.0,1.0,1.0,2.0,3.0,1.0,1.0,1.0
1,0.5143451,9.0,1.0,11.0,9.0,1.0,3.0,1.0,3.0,3.0,2.0,2.0,2.0
1,0.5617759,2.0,1.0,11.0,9.0,1.0,1.0,1.0,4.0,4.0,4.0,1.0,1.0
1,0.5870873,10.0,1.0,11.0,,1.0,2.0,1.0,4.0,4.0,3.0,2.0,2.0
1,0.6071259,99.0,2.0,,,1.0,1.0,3.0,2.0,3.0,2.0,1.0,1.0
1,0.6209971,6.0,1.0,9.0,8.0,2.0,1.0,1.0,3.0,3.0,,3.0,1.0
1,0.6608514,5.0,1.0,11.0,9.0,2.0,2.0,1.0,3.0,2.0,1.0,3.0,2.0
1,0.7787426,7.0,1.0,11.0,9.0,2.0,2.0,2.0,3.0,2.0,2.0,3.0,
1,0.8077943,99.0,1.0,7.0,5.0,1.0,2.0,1.0,4.0,3.0,3.0,3.0,3.0
1,0.8224859,2.0,1.0,4.0,3.0,4.0,4.0,4.0,2.0,4.0,4.0,2.0,1.0
1,0.9485267,1.0,1.0,4.0,3.0,3.0,4.0,3.0,1.0,3.0,4.0,1.0,1.0
1,1.0266885,99.0,1.0,4.0,3.0,2.0,1.0,2.0,2.0,2.0,2.0,2.0,2.0
1,1.1313599,5.0,1.0,4.0,3.0,3.0,3.0,3.0,2.0,2.0,3.0,2.0,2.0
1,1.1567647,10.0,1.0,10.0,,1.0,1.0,1.0,4.0,4.0,2.0,4.0,3.0
1,1.1794078,99.0,1.0,13.0,12.0,2.0,2.0,2.0,3.0,3.0,3.0,3.0,3.0
1,1.2319837,0.0,1.0,4.0,3.0,4.0,4.0,2.0,1.0,1.0,4.0,1.0,1.0
1,1.2931815,3.0,1.0,4.0,4.0,3.0,4.0,4.0,3.0,4.0,2.0,2.0,3.0
1,1.3702687,99.0,1.0,12.0,6.0,3.0,3.0,2.0,2.0,3.0,2.0,3.0,1.0
1,1.5197912,99.0,1.0,4.0,3.0,2.0,3.0,1.0,3.0,3.0,,2.0,2.0
1,1.5226429,4.0,1.0,4.0,,1.0,4.0,3.0,2.0,3.0,3.0,1.0,4.0
1,1.5615332,5.0,1.0,13.0,12.0,4.0,2.0,1.0,3.0,4.0,4.0,1.0,1.0
1,1.6031636,99.0,1.0,,,3.0,2.0,4.0,1.0,4.0,1.0,2.0,1.0
1,1.6857483,99.0,3.0,,,1.0,1.0,1.0,3.0,2.0,2.0,3.0,3.0
1,1.713434,2.0,1.0,4.0,2.0,4.0,,4.0,,4.0,4.0,1.0,1.0
1,1.9040195,99.0,3.0,,,1.0,1.0,1.0,4.0,3.0,3.0,2.0,1.0
1,1.9928741,8.0,3.0,,,1.0,1.0,2.0,3.0,4.0,3.0,3.0,3.0
1,2.1927068,99.0,1.0,13.0,12.0,4.0,4.0,4.0,2.0,2.0,3.0,1.0,1.0
1,2.2102733,10.0,1.0,4.0,3.0,1.0,1.0,1.0,4.0,4.0,1.0,1.0,1.0
1,2.2260838,99.0,3.0,,,4.0,1.0,4.0,4.0,4.0,4.0,1.0,1.0
1,0.6909367,6.0,1.0,7.0,5.0,2.0,1.0,2.0,3.0,2.0,2.0,3.0,3.0
1,1.1070637,3.0,1.0,7.0,5.0,2.0,4.0,1.0,3.0,2.0,1.0,3.0,1.0
1,1.2928984,6.0,3.0,,,3.0,3.0,4.0,3.0,3.0,3.0,4.0,2.0
1,1.0611387,8.0,1.0,6.0,,4.0,1.0,3.0,2.0,3.0,3.0,4.0,4.0
1,1.0596598,3.0,1.0,7.0,4.0,3.0,2.0,,,2.0,2.0,2.0,1.0
1,0.4458387,8.0,1.0,8.0,4.0,1.0,,2.0,3.0,3.0,3.0,2.0,1.0
1,0.5672022,6.0,1.0,6.0,4.0,2.0,2.0,1.0,3.0,3.0,2.0,2.0,1.0
1,0.6162956,6.0,1.0,11.0,9.0,1.0,2.0,1.0,4.0,2.0,1.0,,1.0
1,0.6608514,8.0,1.0,11.0,9.0,1.0,2.0,1.0,3.0,3.0,3.0,3.0,2.0
1,0.6991275,5.0,1.0,11.0,9.0,2.0,2.0,2.0,4.0,3.0,2.0,1.0,1.0
1,0.7403492,10.0,1.0,11.0,9.0,1.0,1.0,1.0,3.0,2.0,1.0,4.0,1.0
1,0.8051229,99.0,1.0,11.0,9.0,2.0,4.0,1.0,4.0,4.0,1.0,3.0,1.0
1,0.967851,5.0,1.0,7.0,5.0,4.0,2.0,3.0,2.0,1.0,4.0,2.0,1.0
1,1.0682031,1.0,1.0,4.0,3.0,4.0,4.0,2.0,2.0,4.0,4.0,2.0,1.0
1,1.1537896,3.0,1.0,4.0,3.0,3.0,3.0,3.0,,3.0,2.0,2.0,3.0
1,1.2559338,2.0,1.0,4.0,3.0,4.0,4.0,4.0,3.0,4.0,4.0,2.0,
1,1.3607466,5.0,3.0,,13.0,2.0,3.0,2.0,1.0,2.0,2.0,3.0,2.0
1,1.3656526,7.0,1.0,10.0,9.0,1.0,2.0,1.0,4.0,2.0,3.0,2.0,2.0
1,2.1934841,99.0,1.0,13.0,12.0,2.0,4.0,1.0,3.0,1.0,2.0,2.0,1.0
1,2.2162585,99.0,3.0,,,2.0,3.0,3.0,4.0,3.0,3.0,3.0,2.0
1,0.3551192,2.0,1.0,1.0,1.0,2.0,1.0,2.0,3.0,3.0,2.0,3.0,1.0
1,0.5323218,99.0,1.0,11.0,9.0,2.0,2.0,4.0,2.0,2.0,4.0,2.0,2.0
1,0.5601968,4.0,1.0,7.0,5.0,3.0,2.0,3.0,3.0,2.0,2.0,2.0,1.0
1,0.5613975,99.0,1.0,6.0,12.0,,3.0,3.0,,3.0,2.0,3.0,2.0
1,0.6515169,10.0,1.0,11.0,9.0,1.0,1.0,2.0,2.0,3.0,2.0,1.0,2.0
1,0.7144248,7.0,1.0,11.0,7.0,2.0,1.0,1.0,4.0,2.0,2.0,,1.0
1,0.729225,9.0,1.0,11.0,9.0,1.0,1.0,1.0,3.0,1.0,1.0,4.0,3.0
1,0.7597213,7.0,1.0,11.0,9.0,1.0,4.0,1.0,3.0,4.0,3.0,1.0,1.0
1,1.0212082,99.0,1.0,4.0,9.0,1.0,2.0,2.0,2.0,3.0,2.0,3.0,3.0
1,1.0682031,3.0,1.0,4.0,3.0,4.0,4.0,4.0,3.0,4.0,4.0,1.0,1.0
1,1.1213844,5.0,1.0,4.0,3.0,3.0,3.0,2.0,3.0,2.0,2.0,3.0,2.0
1,1.1419325,5.0,1.0,4.0,3.0,3.0,4.0,4.0,2.0,3.0,3.0,1.0,1.0
1,1.1885445,4.0,1.0,7.0,5.0,3.0,2.0,2.0,3.0,3.0,2.0,2.0,2.0
1,1.2361313,8.0,1.0,10.0,5.0,1.0,1.0,2.0,1.0,3.0,1.0,2.0,1.0
1,1.3607466,99.0,1.0,14.0,13.0,2.0,3.0,3.0,2.0,2.0,2.0,2.0,3.0
1,1.6244127,99.0,1.0,13.0,12.0,3.0,2.0,3.0,3.0,3.0,2.0,3.0,3.0
1,1.6646652,5.0,3.0,,,2.0,2.0,1.0,2.0,2.0,3.0,1.0,1.0
1,1.7096578,99.0,1.0,13.0,12.0,2.0,2.0,3.0,2.0,2.0,2.0,2.0,2.0
1,1.74651,8.0,3.0,,,4.0,3.0,4.0,1.0,3.0,3.0,1.0,4.0
1,1.7611436,99.0,3.0,,,3.0,4.0,3.0,2.0,2.0,4.0,2.0,1.0
1,1.9737613,8.0,3.0,,,1.0,2.0,1.0,3.0,3.0,2.0,2.0,1.0
1,2.4000428,99.0,1.0,13.0,12.0,2.0,,4.0,3.0,4.0,4.0,2.0,1.0
1,0.8969898,5.0,2.0,,,3.0,3.0,,2.0,,,2.0,
1,1.8614726,5.0,1.0,13.0,13.0,1.0,3.0,2.0,2.0,3.0,2.0,2.0,2.0
1,1.4896115,99.0,1.0,13.0,,4.0,2.0,4.0,,,,,
1,1.0699086,0.0,1.0,4.0,3.0,4.0,4.0,3.0,2.0,4.0,4.0,1.0,1.0
1,0.4768942,8.0,1.0,8.0,3.0,2.0,1.0,2.0,4.0,3.0,2.0,4.0,2.0
1,0.6282488,3.0,1.0,6.0,4.0,3.0,4.0,3.0,4.0,3.0,3.0,2.0,2.0
1,0.6934856,6.0,1.0,11.0,,2.0,2.0,2.0,3.0,3.0,2.0,2.0,2.0
1,0.7998849,9.0,1.0,10.0,12.0,2.0,1.0,1.0,4.0,2.0,1.0,3.0,2.0
1,0.8246892,99.0,1.0,12.0,6.0,1.0,4.0,1.0,4.0,3.0,2.0,2.0,1.0
1,0.8554787,5.0,1.0,7.0,5.0,2.0,4.0,2.0,4.0,3.0,3.0,3.0,2.0
1,0.8987407,99.0,1.0,4.0,5.0,3.0,4.0,3.0,4.0,4.0,3.0,1.0,2.0
1,1.2578444,4.0,1.0,4.0,3.0,3.0,2.0,4.0,1.0,2.0,3.0,2.0,2.0
1,1.3473021,0.0,1.0,4.0,3.0,1.0,3.0,1.0,1.0,3.0,1.0,1.0,2.0
1,0.5912699,7.0,1.0,7.0,5.0,1.0,2.0,3.0,2.0,3.0,2.0,4.0,2.0
1,0.6692273,5.0,2.0,,12.0,2.0,2.0,2.0,2.0,2.0,2.0,2.0,2.0
1,0.6824794,3.0,1.0,5.0,5.0,2.0,3.0,1.0,3.0,3.0,,3.0,2.0
1,1.0654497,5.0,1.0,7.0,5.0,2.0,1.0,2.0,2.0,3.0,2.0,2.0,2.0
1,1.1463511,6.0,1.0,7.0,5.0,3.0,4.0,2.0,3.0,2.0,2.0,4.0,3.0
1,1.2430277,3.0,1.0,4.0,3.0,4.0,4.0,4.0,2.0,4.0,3.0,1.0,3.0
1,2.1764803,6.0,1.0,13.0,,,1.0,2.0,,,,,
1,2.6144068,99.0,1.0,,,3.0,4.0,3.0,3.0,3.0,4.0,,2.0
1,0.4797536,6.0,1.0,8.0,8.0,2.0,1.0,1.0,2.0,4.0,1.0,1.0,1.0
1,0.9656243,8.0,1.0,7.0,5.0,2.0,3.0,3.0,3.0,2.0,2.0,4.0,2.0
1,0.759635,7.0,1.0,7.0,5.0,1.0,1.0,,3.0,2.0,,4.0,4.0
1,0.6639721,6.0,1.0,10.0,,3.0,3.0,2.0,,2.0,2.0,2.0,2.0
1,0.8226004,8.0,1.0,11.0,9.0,2.0,,2.0,,3.0,3.0,2.0,2.0
1,2.0696642,5.0,3.0,,,3.0,4.0,4.0,2.0,3.0,4.0,4.0,1.0
1,1.0522673,1.0,1.0,4.0,2.0,4.0,4.0,4.0,1.0,4.0,2.0,2.0,1.0
1,1.7013382,5.0,1.0,,,1.0,4.0,4.0,,2.0,2.0,2.0,3.0
1,0.5464761,99.0,1.0,3.0,6.0,2.0,2.0,2.0,3.0,3.0,3.0,3.0,3.0
1,1.2789323,1.0,1.0,4.0,4.0,4.0,4.0,,,4.0,4.0,1.0,1.0
1,0.5322528,99.0,1.0,11.0,9.0,1.0,2.0,1.0,2.0,3.0,2.0,3.0,1.0
1,0.6323121,7.0,1.0,11.0,8.0,2.0,1.0,1.0,3.0,3.0,1.0,4.0,1.0
1,1.0886471,5.0,1.0,4.0,3.0,4.0,4.0,4.0,1.0,4.0,3.0,4.0,2.0
1,1.5154424,99.0,3.0,,,1.0,1.0,1.0,4.0,2.0,1.0,2.0,2.0
1,1.8112936,99.0,3.0,,,4.0,3.0,3.0,2.0,3.0,3.0,2.0,1.0
1,2.3771417,7.0,3.0,,13.0,2.0,1.0,1.0,,3.0,4.0,1.0,1.0
1,1.440663,99.0,3.0,,,4.0,1.0,4.0,1.0,4.0,2.0,1.0,1.0
1,0.6748764,7.0,1.0,7.0,5.0,2.0,2.0,2.0,3.0,2.0,2.0,3.0,1.0
1,0.83432,10.0,1.0,10.0,9.0,1.0,1.0,1.0,4.0,4.0,4.0,4.0,1.0
1,1.7088974,5.0,3.0,,,3.0,1.0,3.0,3.0,3.0,3.0,3.0,3.0
1,2.2566316,4.0,1.0,4.0,3.0,2.0,2.0,1.0,3.0,3.0,2.0,2.0,1.0
1,0.8606494,99.0,1.0,7.0,5.0,1.0,1.0,1.0,2.0,1.0,1.0,1.0,1.0
1,1.2018379,8.0,2.0,,,4.0,4.0,4.0,1.0,4.0,3.0,1.0,1.0
1,0.4175414,2.0,1.0,3.0,3.0,4.0,4.0,4.0,1.0,4.0,4.0,1.0,1.0
1,0.4882094,6.0,1.0,8.0,7.0,1.0,1.0,1.0,4.0,1.0,1.0,4.0,3.0
1,0.5739374,7.0,1.0,7.0,,4.0,2.0,3.0,3.0,2.0,3.0,3.0,2.0
1,0.6553271,10.0,1.0,11.0,9.0,1.0,1.0,1.0,4.0,4.0,1.0,4.0,1.0
1,0.9161779,5.0,1.0,7.0,5.0,4.0,4.0,4.0,3.0,3.0,1.0,2.0,1.0
1,0.9485922,3.0,1.0,4.0,3.0,4.0,4.0,4.0,2.0,4.0,4.0,2.0,2.0
1,0.6743083,10.0,1.0,7.0,5.0,2.0,1.0,1.0,1.0,1.0,1.0,1.0,1.0
1,0.6781434,9.0,1.0,11.0,3.0,1.0,1.0,3.0,1.0,2.0,1.0,1.0,1.0
1,0.8877858,99.0,1.0,7.0,5.0,3.0,2.0,3.0,2.0,3.0,3.0,3.0,2.0
1,1.8193648,5.0,1.0,4.0,,4.0,4.0,4.0,3.0,3.0,3.0,1.0,1.0
1,1.9325428,8.0,3.0,,2.0,1.0,1.0,1.0,1.0,1.0,1.0,1.0,1.0
1,0.3343816,99.0,1.0,2.0,3.0,2.0,1.0,4.0,1.0,4.0,4.0,2.0,2.0
1,0.5462506,2.0,1.0,11.0,9.0,1.0,1.0,2.0,3.0,3.0,1.0,2.0,1.0
1,0.5721172,10.0,1.0,11.0,,1.0,1.0,1.0,4.0,4.0,3.0,2.0,1.0
1,0.5960901,99.0,1.0,11.0,9.0,1.0,1.0,1.0,3.0,3.0,1.0,2.0,1.0
1,0.625451,99.0,1.0,9.0,8.0,1.0,3.0,1.0,4.0,4.0,3.0,2.0,2.0
1,0.6324045,99.0,1.0,9.0,8.0,2.0,3.0,2.0,3.0,3.0,3.0,2.0,1.0
1,0.6387691,9.0,1.0,11.0,12.0,2.0,2.0,4.0,3.0,4.0,3.0,3.0,1.0
1,0.6469071,10.0,1.0,11.0,9.0,1.0,1.0,1.0,4.0,1.0,1.0,1.0,1.0
1,0.6975076,99.0,1.0,11.0,9.0,1.0,1.0,1.0,4.0,4.0,4.0,1.0,1.0
1,0.8687033,99.0,1.0,11.0,9.0,1.0,1.0,1.0,3.0,4.0,2.0,1.0,2.0
1,0.9545001,5.0,2.0,,,2.0,4.0,4.0,1.0,2.0,4.0,1.0,1.0
1,0.9673985,99.0,1.0,4.0,3.0,4.0,4.0,4.0,1.0,4.0,4.0,1.0,1.0
1,0.9752116,8.0,1.0,10.0,7.0,2.0,2.0,2.0,2.0,2.0,1.0,4.0,3.0
1,1.280159,5.0,1.0,4.0,3.0,4.0,4.0,4.0,1.0,4.0,4.0,1.0,1.0
1,1.2806172,99.0,1.0,13.0,13.0,1.0,1.0,1.0,4.0,3.0,4.0,1.0,1.0
1,1.3692203,9.0,3.0,,9.0,1.0,1.0,1.0,4.0,2.0,1.0,1.0,2.0
1,1.478551,2.0,3.0,,,4.0,4.0,4.0,2.0,3.0,4.0,1.0,1.0
1,1.6913594,99.0,3.0,,,3.0,4.0,4.0,3.0,4.0,4.0,4.0,1.0
1,1.9460621,99.0,3.0,,,1.0,3.0,3.0,2.0,,3.0,2.0,1.0
1,2.058573,4.0,1.0,13.0,9.0,2.0,1.0,1.0,4.0,1.0,4.0,3.0,1.0
1,0.4287344,0.0,1.0,11.0,9.0,1.0,1.0,4.0,1.0,4.0,3.0,2.0,1.0
1,0.551807,10.0,1.0,11.0,9.0,1.0,1.0,2.0,1.0,1.0,4.0,1.0,1.0
1,0.6146517,8.0,1.0,11.0,9.0,1.0,2.0,1.0,2.0,2.0,3.0,3.0,2.0
1,0.969119,99.0,1.0,9.0,8.0,1.0,,1.0,3.0,4.0,2.0,1.0,1.0
1,1.2051412,3.0,1.0,4.0,3.0,1.0,4.0,1.0,3.0,4.0,3.0,1.0,1.0
1,1.9206836,99.0,3.0,,,1.0,4.0,1.0,3.0,4.0,3.0,3.0,3.0
1,0.7379729,10.0,1.0,11.0,9.0,1.0,1.0,1.0,2.0,1.0,1.0,1.0,3.0
1,1.5217912,6.0,1.0,13.0,12.0,1.0,4.0,4.0,3.0,1.0,4.0,1.0,1.0
1,0.5177567,2.0,1.0,3.0,3.0,3.0,4.0,3.0,2.0,4.0,4.0,1.0,1.0
1,1.0480199,99.0,1.0,12.0,6.0,2.0,4.0,1.0,3.0,3.0,3.0,2.0,1.0
1,0.6639202,99.0,1.0,11.0,9.0,2.0,1.0,3.0,3.0,2.0,1.0,1.0,1.0
1,0.4384877,,1.0,9.0,6.0,1.0,1.0,2.0,2.0,1.0,3.0,1.0,4.0
1,0.5020263,10.0,1.0,11.0,5.0,1.0,1.0,1.0,4.0,3.0,3.0,1.0,1.0
1,1.2551782,0.0,1.0,4.0,3.0,4.0,4.0,4.0,1.0,2.0,4.0,1.0,1.0
1,0.7509933,10.0,1.0,11.0,9.0,1.0,1.0,1.0,3.0,2.0,2.0,2.0,2.0
1,1.2040298,99.0,1.0,4.0,3.0,1.0,1.0,1.0,1.0,1.0,1.0,4.0,1.0
1,0.6181071,5.0,1.0,11.0,9.0,2.0,2.0,2.0,2.0,2.0,3.0,2.0,4.0
1,0.5210895,10.0,1.0,11.0,9.0,1.0,1.0,1.0,4.0,1.0,1.0,1.0,1.0
1,0.6988589,2.0,1.0,11.0,9.0,1.0,4.0,1.0,3.0,4.0,4.0,2.0,2.0
1,0.8074737,5.0,1.0,7.0,5.0,3.0,1.0,2.0,2.0,3.0,2.0,2.0,2.0
1,0.8133901,99.0,1.0,11.0,9.0,1.0,3.0,1.0,4.0,2.0,4.0,1.0,1.0
1,1.8344941,,3.0,,12.0,,2.0,4.0,3.0,3.0,3.0,3.0,2.0
1,2.1533513,5.0,3.0,,,1.0,2.0,1.0,3.0,2.0,1.0,2.0,1.0
1,2.2522724,3.0,1.0,13.0,12.0,3.0,3.0,3.0,2.0,3.0,2.0,1.0,1.0
1,2.4582753,99.0,3.0,,,2.0,2.0,2.0,3.0,2.0,4.0,2.0,2.0
1,0.8526706,,1.0,11.0,9.0,,1.0,1.0,1.0,1.0,1.0,1.0,1.0
1,1.1431785,8.0,1.0,4.0,3.0,1.0,,1.0,3.0,2.0,2.0,1.0,2.0
1,1.7420906,5.0,1.0,13.0,12.0,2.0,2.0,2.0,2.0,2.0,2.0,2.0,2.0
1,1.8986106,99.0,3.0,,,1.0,1.0,1.0,2.0,2.0,3.0,1.0,1.0
1,1.9591581,6.0,1.0,13.0,12.0,2.0,2.0,3.0,3.0,2.0,1.0,3.0,2.0
1,0.4466042,3.0,1.0,3.0,4.0,2.0,4.0,3.0,4.0,2.0,2.0,2.0,4.0
1,0.5617759,99.0,1.0,11.0,9.0,1.0,1.0,1.0,4.0,2.0,1.0,1.0,1.0
1,1.0386596,4.0,2.0,,,1.0,1.0,1.0,2.0,1.0,1.0,1.0,
1,2.0049591,99.0,3.0,,9.0,4.0,2.0,1.0,2.0,2.0,2.0,2.0,1.0
1,1.6118032,3.0,3.0,,,1.0,2.0,4.0,3.0,4.0,4.0,2.0,1.0
1,0.9411088,5.0,1.0,10.0,5.0,1.0,2.0,2.0,4.0,1.0,1.0,4.0,2.0
1,0.6532841,6.0,1.0,11.0,9.0,1.0,2.0,1.0,3.0,2.0,3.0,2.0,1.0
1,0.9105827,4.0,1.0,11.0,9.0,1.0,4.0,1.0,4.0,3.0,2.0,2.0,1.0
1,1.4673506,5.0,1.0,7.0,5.0,2.0,1.0,1.0,2.0,3.0,2.0,3.0,3.0
1,1.5565993,,3.0,,,,2.0,,2.0,3.0,,2.0,2.0
1,1.881116,99.0,1.0,13.0,,1.0,1.0,2.0,4.0,4.0,4.0,1.0,1.0
1,0.9226057,3.0,2.0,,,4.0,4.0,4.0,2.0,3.0,3.0,2.0,2.0
1,0.9964165,5.0,1.0,7.0,5.0,1.0,2.0,1.0,4.0,2.0,2.0,2.0,2.0
1,1.306542,7.0,3.0,,4.0,1.0,1.0,2.0,1.0,1.0,2.0,1.0,2.0
1,1.3275119,6.0,2.0,,3.0,2.0,2.0,2.0,3.0,3.0,3.0,2.0,3.0
1,0.6888207,10.0,1.0,7.0,5.0,1.0,1.0,1.0,4.0,1.0,2.0,4.0,1.0
1,1.3214751,6.0,2.0,,,2.0,2.0,2.0,2.0,3.0,2.0,2.0,2.0
1,0.7403492,6.0,1.0,11.0,4.0,2.0,2.0,3.0,2.0,3.0,2.0,3.0,1.0
1,1.1015033,5.0,1.0,11.0,,3.0,2.0,1.0,2.0,3.0,2.0,4.0,1.0
1,0.7247275,7.0,1.0,11.0,9.0,1.0,1.0,1.0,1.0,1.0,,1.0,2.0
1,1.1377609,8.0,1.0,13.0,10.0,3.0,1.0,1.0,1.0,1.0,1.0,1.0,4.0
1,0.4609674,4.0,1.0,1.0,3.0,2.0,2.0,4.0,4.0,3.0,3.0,2.0,1.0
1,0.5462506,0.0,1.0,11.0,3.0,3.0,3.0,3.0,2.0,3.0,2.0,1.0,2.0
1,0.6232908,5.0,1.0,12.0,,2.0,2.0,2.0,2.0,2.0,2.0,2.0,2.0
1,0.6469908,7.0,1.0,11.0,,2.0,2.0,2.0,2.0,2.0,2.0,2.0,2.0
1,0.7187592,8.0,1.0,7.0,5.0,2.0,2.0,1.0,1.0,2.0,2.0,1.0,2.0
1,0.7932958,5.0,1.0,7.0,5.0,2.0,,2.0,,2.0,,2.0,2.0
1,0.8825558,99.0,1.0,7.0,,3.0,4.0,3.0,2.0,3.0,3.0,3.0,3.0
1,0.9166766,4.0,1.0,4.0,,2.0,2.0,2.0,2.0,2.0,2.0,2.0,2.0
1,1.0607455,9.0,2.0,,,1.0,1.0,1.0,1.0,3.0,2.0,3.0,1.0
1,1.37046,3.0,1.0,4.0,3.0,3.0,3.0,3.0,3.0,3.0,3.0,3.0,3.0
1,1.8925165,6.0,3.0,,13.0,4.0,1.0,2.0,1.0,3.0,1.0,2.0,3.0
1,0.6643615,8.0,1.0,7.0,5.0,1.0,2.0,1.0,3.0,2.0,2.0,3.0,1.0
1,2.1185699,3.0,3.0,,,4.0,3.0,2.0,3.0,1.0,2.0,2.0,3.0
1,0.8936663,5.0,1.0,7.0,5.0,4.0,3.0,1.0,3.0,3.0,2.0,2.0,2.0
1,0.6695169,99.0,1.0,11.0,9.0,1.0,2.0,1.0,3.0,3.0,3.0,,1.0
1,0.4287344,10.0,1.0,11.0,9.0,1.0,2.0,1.0,3.0,3.0,3.0,1.0,2.0
1,0.4673999,6.0,1.0,11.0,9.0,1.0,1.0,1.0,4.0,4.0,1.0,2.0,1.0
1,0.540389,5.0,1.0,9.0,8.0,1.0,2.0,2.0,4.0,3.0,4.0,3.0,2.0
1,0.5814102,5.0,1.0,11.0,9.0,1.0,2.0,1.0,1.0,4.0,3.0,2.0,1.0
1,0.610823,7.0,1.0,9.0,,3.0,3.0,2.0,4.0,1.0,4.0,4.0,2.0
1,0.6725146,8.0,1.0,8.0,7.0,1.0,1.0,1.0,3.0,1.0,1.0,4.0,1.0
1,0.7016021,5.0,1.0,11.0,9.0,1.0,1.0,1.0,3.0,3.0,1.0,3.0,2.0
1,0.7247834,10.0,1.0,11.0,9.0,1.0,1.0,1.0,4.0,4.0,1.0,1.0,1.0
1,0.7379729,10.0,1.0,11.0,9.0,1.0,1.0,1.0,2.0,2.0,4.0,1.0,1.0
1,0.878257,3.0,1.0,11.0,9.0,3.0,4.0,3.0,4.0,3.0,4.0,4.0,3.0
1,0.9547093,8.0,1.0,10.0,9.0,2.0,1.0,1.0,3.0,2.0,3.0,2.0,1.0
1,1.0525353,3.0,1.0,4.0,3.0,3.0,3.0,3.0,2.0,3.0,4.0,2.0,1.0
1,1.2460614,99.0,2.0,,,,1.0,,2.0,2.0,2.0,3.0,1.0
1,1.2831908,5.0,1.0,13.0,12.0,1.0,2.0,2.0,4.0,1.0,2.0,3.0,2.0
1,1.3581346,4.0,1.0,13.0,12.0,2.0,1.0,3.0,3.0,2.0,2.0,3.0,1.0
1,1.8557043,99.0,3.0,,,1.0,1.0,1.0,4.0,4.0,3.0,1.0,1.0
1,1.9574431,5.0,3.0,,8.0,2.0,1.0,2.0,3.0,1.0,4.0,3.0,2.0
1,2.1639459,99.0,3.0,,,3.0,1.0,1.0,1.0,1.0,1.0,2.0,1.0
1,0.7982169,10.0,1.0,11.0,9.0,1.0,1.0,1.0,4.0,3.0,1.0,3.0,4.0
1,0.8640527,10.0,1.0,11.0,9.0,3.0,4.0,4.0,2.0,3.0,3.0,3.0,4.0
1,1.440663,4.0,3.0,,,1.0,3.0,3.0,1.0,2.0,2.0,1.0,1.0
1,1.4868609,1.0,3.0,,,1.0,1.0,1.0,1.0,1.0,4.0,1.0,1.0
1,0.5177567,1.0,1.0,3.0,3.0,4.0,4.0,3.0,2.0,4.0,4.0,1.0,1.0
1,0.9068723,7.0,1.0,11.0,9.0,1.0,4.0,2.0,4.0,2.0,2.0,2.0,1.0
1,1.1997402,6.0,1.0,13.0,12.0,1.0,2.0,1.0,2.0,4.0,2.0,3.0,2.0
1,1.5616117,99.0,1.0,14.0,,2.0,1.0,2.0,3.0,3.0,2.0,1.0,1.0
1,1.9075303,99.0,3.0,,,3.0,2.0,4.0,1.0,1.0,2.0,2.0,1.0
1,0.4276387,5.0,1.0,3.0,,2.0,2.0,2.0,2.0,2.0,2.0,2.0,2.0
1,0.5618486,7.0,1.0,11.0,9.0,2.0,2.0,2.0,2.0,2.0,1.0,2.0,2.0
1,0.6258853,10.0,1.0,11.0,9.0,1.0,2.0,2.0,3.0,2.0,1.0,2.0,3.0
1,0.7297437,7.0,1.0,7.0,3.0,2.0,4.0,4.0,2.0,4.0,2.0,1.0,1.0
1,0.8128055,5.0,1.0,11.0,9.0,1.0,2.0,1.0,3.0,3.0,2.0,2.0,2.0
1,0.8308966,3.0,1.0,7.0,5.0,2.0,3.0,3.0,2.0,2.0,1.0,3.0,2.0
1,1.0521039,5.0,1.0,7.0,5.0,2.0,2.0,2.0,3.0,2.0,2.0,2.0,1.0
1,1.0636804,3.0,2.0,,,4.0,3.0,3.0,2.0,3.0,2.0,1.0,3.0
1,1.1193762,,1.0,4.0,3.0,1.0,1.0,1.0,3.0,,3.0,2.0,1.0
1,1.1824194,5.0,1.0,4.0,3.0,2.0,3.0,2.0,,2.0,2.0,2.0,1.0
1,1.6873786,5.0,1.0,4.0,,4.0,2.0,4.0,1.0,1.0,2.0,3.0,1.0
1,2.0196059,5.0,,,8.0,2.0,2.0,2.0,3.0,3.0,2.0,2.0,1.0
1,2.1095421,99.0,1.0,13.0,12.0,2.0,2.0,,2.0,3.0,2.0,3.0,1.0
1,0.6069844,7.0,1.0,11.0,9.0,3.0,4.0,4.0,4.0,4.0,3.0,3.0,1.0
1,0.7247275,4.0,1.0,11.0,9.0,1.0,2.0,2.0,1.0,2.0,1.0,1.0,1.0
1,0.4773917,6.0,1.0,6.0,12.0,2.0,2.0,2.0,2.0,2.0,2.0,2.0,2.0
1,0.8197677,99.0,2.0,,,2.0,3.0,3.0,2.0,4.0,2.0,2.0,3.0
1,0.9226145,8.0,1.0,11.0,10.0,3.0,3.0,2.0,1.0,3.0,2.0,2.0,2.0
1,0.9394765,10.0,1.0,11.0,9.0,1.0,4.0,1.0,3.0,2.0,1.0,2.0,3.0
1,1.4912384,5.0,1.0,4.0,2.0,1.0,3.0,2.0,4.0,1.0,3.0,4.0,2.0
1,1.675385,9.0,1.0,,9.0,2.0,2.0,2.0,1.0,3.0,2.0,3.0,1.0
1,1.0107383,7.0,1.0,7.0,5.0,2.0,2.0,4.0,2.0,3.0,3.0,2.0,4.0
1,1.3193971,9.0,1.0,4.0,3.0,2.0,2.0,1.0,2.0,4.0,1.0,2.0,1.0
1,0.4599014,5.0,1.0,11.0,9.0,2.0,4.0,3.0,3.0,3.0,3.0,2.0,2.0
1,0.5462506,5.0,1.0,11.0,9.0,2.0,2.0,2.0,3.0,3.0,2.0,3.0,2.0
1,0.7763685,6.0,1.0,11.0,9.0,1.0,3.0,3.0,2.0,4.0,1.0,3.0,1.0
1,0.8235452,99.0,1.0,11.0,,1.0,2.0,1.0,3.0,3.0,2.0,1.0,1.0
1,0.8585054,99.0,1.0,11.0,9.0,2.0,3.0,4.0,2.0,1.0,1.0,4.0,1.0
1,0.8710465,99.0,1.0,7.0,5.0,3.0,1.0,2.0,2.0,2.0,2.0,1.0,1.0
1,1.0088969,99.0,1.0,7.0,5.0,2.0,1.0,2.0,2.0,1.0,1.0,2.0,1.0
1,1.0994807,8.0,3.0,,,1.0,1.0,1.0,3.0,3.0,1.0,2.0,1.0
1,1.1076871,2.0,1.0,4.0,3.0,3.0,2.0,2.0,2.0,3.0,3.0,2.0,1.0
1,1.1203101,3.0,1.0,4.0,3.0,3.0,4.0,3.0,2.0,3.0,3.0,2.0,2.0
1,1.2866801,7.0,1.0,4.0,3.0,1.0,2.0,1.0,4.0,2.0,2.0,2.0,1.0
1,1.3516507,99.0,3.0,,,4.0,4.0,4.0,4.0,4.0,4.0,4.0,4.0
1,1.4354708,99.0,1.0,13.0,12.0,1.0,3.0,1.0,3.0,2.0,2.0,2.0,1.0
1,1.5510675,99.0,1.0,13.0,12.0,2.0,2.0,2.0,3.0,2.0,2.0,4.0,4.0
1,1.904114,99.0,1.0,13.0,12.0,3.0,4.0,4.0,2.0,3.0,3.0,3.0,2.0
1,1.9702277,99.0,3.0,,9.0,1.0,1.0,1.0,4.0,3.0,1.0,2.0,2.0
1,0.5939717,6.0,1.0,11.0,9.0,1.0,2.0,2.0,3.0,3.0,4.0,3.0,2.0
1,0.8104,99.0,1.0,7.0,12.0,1.0,1.0,1.0,2.0,2.0,2.0,2.0,1.0
1,0.5485118,7.0,1.0,11.0,9.0,1.0,1.0,1.0,4.0,1.0,2.0,2.0,2.0
1,0.6069844,5.0,1.0,11.0,9.0,2.0,2.0,2.0,2.0,2.0,2.0,2.0,3.0
1,0.6293553,2.0,1.0,11.0,9.0,2.0,1.0,3.0,3.0,3.0,2.0,2.0,2.0
1,0.7117748,5.0,1.0,11.0,9.0,2.0,1.0,3.0,2.0,3.0,,1.0,2.0
1,0.7893233,7.0,1.0,9.0,8.0,1.0,3.0,1.0,3.0,3.0,2.0,3.0,2.0
1,0.9985415,,1.0,4.0,3.0,3.0,1.0,2.0,1.0,2.0,3.0,1.0,1.0
1,1.0871264,5.0,1.0,4.0,3.0,2.0,2.0,3.0,2.0,,2.0,,1.0
1,1.2681582,7.0,1.0,4.0,3.0,2.0,3.0,2.0,3.0,2.0,2.0,2.0,1.0
1,1.3502544,1.0,1.0,4.0,4.0,2.0,2.0,3.0,2.0,3.0,2.0,2.0,1.0
1,1.4408494,99.0,3.0,,,1.0,1.0,2.0,1.0,1.0,3.0,2.0,2.0
1,1.755839,5.0,,,,2.0,2.0,,2.0,2.0,3.0,2.0,2.0
1,2.0280263,99.0,1.0,13.0,,3.0,2.0,3.0,2.0,3.0,2.0,2.0,1.0
1,1.1972134,6.0,1.0,4.0,3.0,1.0,3.0,1.0,2.0,3.0,2.0,1.0,1.0
1,0.2954982,6.0,1.0,1.0,1.0,2.0,3.0,3.0,2.0,2.0,2.0,2.0,2.0
1,0.5306131,10.0,1.0,11.0,9.0,1.0,3.0,1.0,4.0,2.0,2.0,1.0,1.0
1,0.79272,7.0,1.0,10.0,5.0,2.0,1.0,1.0,2.0,2.0,1.0,4.0,2.0
1,0.9334159,5.0,1.0,7.0,5.0,1.0,1.0,1.0,3.0,1.0,4.0,1.0,1.0
1,1.2018379,0.0,2.0,,,4.0,4.0,4.0,1.0,4.0,4.0,1.0,1.0
1,2.0939407,,3.0,,,2.0,1.0,4.0,3.0,3.0,1.0,2.0,1.0
1,0.7427981,10.0,1.0,11.0,9.0,1.0,1.0,1.0,3.0,4.0,1.0,2.0,2.0
1,1.5286609,4.0,3.0,,,3.0,4.0,4.0,2.0,1.0,2.0,2.0,3.0
1,1.551584,4.0,1.0,4.0,4.0,2.0,3.0,2.0,1.0,3.0,3.0,3.0,2.0
1,0.4543298,99.0,1.0,3.0,1.0,1.0,,1.0,,,2.0,,1.0
1,0.7668002,7.0,1.0,6.0,13.0,4.0,4.0,4.0,2.0,3.0,2.0,3.0,2.0
1,0.5760969,8.0,1.0,8.0,,2.0,1.0,3.0,2.0,3.0,2.0,3.0,2.0
1,0.6743871,10.0,1.0,11.0,9.0,3.0,3.0,3.0,2.0,3.0,2.0,1.0,3.0
1,0.730872,6.0,1.0,9.0,8.0,1.0,2.0,2.0,3.0,1.0,2.0,3.0,1.0
1,0.7379729,10.0,1.0,11.0,9.0,1.0,1.0,1.0,3.0,4.0,1.0,2.0,2.0
1,0.8014719,3.0,1.0,3.0,4.0,2.0,1.0,2.0,2.0,4.0,4.0,2.0,1.0
1,0.9022064,7.0,1.0,7.0,5.0,2.0,4.0,1.0,2.0,2.0,3.0,3.0,3.0
1,0.9253712,99.0,1.0,12.0,12.0,3.0,2.0,3.0,2.0,3.0,2.0,2.0,2.0
1,1.0607455,3.0,2.0,,,4.0,2.0,3.0,2.0,4.0,4.0,2.0,2.0
1,1.1419325,1.0,1.0,4.0,4.0,3.0,3.0,3.0,2.0,3.0,3.0,2.0,2.0
1,1.1897018,6.0,1.0,7.0,5.0,2.0,2.0,2.0,4.0,3.0,2.0,,2.0
1,0.5354869,3.0,1.0,6.0,4.0,3.0,3.0,4.0,2.0,,3.0,2.0,1.0
1,0.6038101,3.0,1.0,5.0,4.0,2.0,3.0,3.0,2.0,2.0,2.0,2.0,1.0
1,1.5391847,4.0,2.0,,,4.0,3.0,4.0,2.0,3.0,2.0,3.0,2.0
1,2.1095421,99.0,1.0,13.0,12.0,2.0,3.0,2.0,3.0,2.0,2.0,2.0,2.0
1,0.8776852,2.0,1.0,12.0,6.0,3.0,4.0,2.0,3.0,3.0,3.0,3.0,2.0
1,0.5490872,9.0,1.0,11.0,9.0,2.0,3.0,2.0,3.0,3.0,2.0,2.0,2.0
1,0.6970502,6.0,1.0,7.0,,3.0,3.0,4.0,3.0,4.0,1.0,2.0,1.0
1,0.3209168,3.0,1.0,2.0,4.0,3.0,2.0,,2.0,3.0,1.0,2.0,2.0
1,0.4069635,3.0,1.0,1.0,1.0,3.0,3.0,3.0,2.0,2.0,3.0,2.0,2.0
1,0.4803602,3.0,1.0,6.0,3.0,4.0,1.0,3.0,1.0,2.0,1.0,1.0,1.0
1,0.5703911,4.0,1.0,7.0,5.0,2.0,2.0,3.0,2.0,2.0,2.0,3.0,1.0
1,0.8915507,7.0,1.0,7.0,5.0,3.0,3.0,2.0,2.0,3.0,2.0,2.0,2.0
1,0.9504755,6.0,1.0,7.0,5.0,3.0,4.0,2.0,4.0,3.0,2.0,2.0,1.0
1,1.0262234,8.0,1.0,7.0,5.0,2.0,1.0,2.0,2.0,1.0,2.0,3.0,2.0
1,1.3219143,5.0,1.0,7.0,5.0,2.0,4.0,1.0,2.0,3.0,1.0,3.0,2.0
1,1.3270192,0.0,1.0,4.0,3.0,3.0,4.0,3.0,4.0,3.0,4.0,1.0,1.0
1,1.5245755,3.0,1.0,4.0,4.0,4.0,4.0,3.0,3.0,3.0,3.0,2.0,2.0
1,1.5245755,3.0,1.0,4.0,3.0,4.0,4.0,4.0,3.0,3.0,3.0,1.0,2.0
1,1.6040924,5.0,1.0,4.0,3.0,3.0,4.0,1.0,3.0,3.0,2.0,1.0,1.0
1,1.7012068,5.0,3.0,,,3.0,3.0,4.0,1.0,3.0,3.0,2.0,2.0
1,2.3727438,1.0,1.0,4.0,3.0,4.0,4.0,1.0,1.0,4.0,4.0,1.0,1.0
1,1.0186894,3.0,1.0,6.0,4.0,2.0,4.0,2.0,2.0,2.0,3.0,1.0,1.0
1,1.1143944,5.0,1.0,7.0,5.0,3.0,4.0,2.0,4.0,2.0,2.0,2.0,3.0
1,0.5400785,10.0,1.0,9.0,5.0,1.0,1.0,2.0,4.0,1.0,1.0,4.0,3.0
1,0.4820196,7.0,1.0,8.0,5.0,1.0,2.0,2.0,3.0,1.0,2.0,2.0,1.0
1,1.1537896,2.0,1.0,4.0,3.0,4.0,4.0,,4.0,4.0,4.0,,1.0
1,0.4001106,0.0,1.0,3.0,,3.0,1.0,3.0,2.0,3.0,3.0,1.0,1.0
1,0.561287,5.0,1.0,11.0,9.0,1.0,2.0,1.0,4.0,2.0,3.0,2.0,1.0
1,0.6264832,2.0,1.0,9.0,,4.0,4.0,3.0,3.0,3.0,4.0,2.0,1.0
1,0.6703894,6.0,1.0,8.0,12.0,3.0,4.0,3.0,4.0,4.0,4.0,3.0,4.0
1,0.6715351,10.0,1.0,11.0,9.0,1.0,1.0,1.0,2.0,2.0,3.0,4.0,2.0
1,0.6743871,10.0,1.0,11.0,9.0,1.0,1.0,1.0,4.0,1.0,3.0,,1.0
1,0.6988589,10.0,1.0,11.0,9.0,1.0,1.0,1.0,3.0,4.0,2.0,1.0,1.0
1,0.7247834,10.0,1.0,11.0,9.0,1.0,2.0,3.0,3.0,2.0,1.0,3.0,3.0
1,0.8376346,9.0,1.0,11.0,9.0,1.0,1.0,1.0,4.0,1.0,2.0,1.0,1.0
1,0.8528786,99.0,1.0,11.0,9.0,1.0,3.0,1.0,4.0,1.0,1.0,1.0,1.0
1,0.8881838,99.0,1.0,11.0,9.0,2.0,1.0,1.0,4.0,2.0,2.0,1.0,1.0
1,0.8943083,8.0,1.0,11.0,9.0,1.0,1.0,1.0,2.0,1.0,2.0,2.0,3.0
1,0.8943083,8.0,1.0,11.0,9.0,1.0,1.0,1.0,4.0,2.0,2.0,3.0,2.0
1,0.9757831,10.0,1.0,11.0,9.0,1.0,2.0,1.0,3.0,3.0,3.0,2.0,1.0
1,1.0706023,7.0,2.0,,,2.0,2.0,2.0,2.0,2.0,2.0,2.0,3.0
1,1.0716933,10.0,1.0,10.0,9.0,1.0,1.0,1.0,4.0,1.0,1.0,4.0,4.0
1,1.0933285,5.0,1.0,7.0,5.0,2.0,3.0,3.0,3.0,3.0,3.0,2.0,4.0
1,1.1397265,99.0,1.0,13.0,12.0,1.0,3.0,1.0,3.0,2.0,4.0,3.0,2.0
1,1.1927562,8.0,1.0,4.0,3.0,1.0,1.0,4.0,2.0,4.0,1.0,1.0,1.0
1,1.3303857,2.0,1.0,4.0,3.0,1.0,1.0,1.0,4.0,4.0,3.0,1.0,1.0
1,1.428728,99.0,1.0,13.0,12.0,4.0,1.0,3.0,1.0,1.0,1.0,1.0,1.0
1,1.478551,5.0,1.0,13.0,12.0,1.0,1.0,1.0,4.0,4.0,1.0,2.0,1.0
1,1.5565993,99.0,3.0,,,1.0,1.0,1.0,3.0,3.0,2.0,3.0,2.0
1,2.2180862,99.0,3.0,,,1.0,1.0,2.0,,,1.0,2.0,1.0
1,2.552109,5.0,3.0,,,4.0,3.0,2.0,3.0,4.0,3.0,4.0,3.0
1,1.4896115,9.0,3.0,,,1.0,1.0,1.0,3.0,3.0,1.0,3.0,1.0
1,0.6097842,99.0,1.0,9.0,8.0,2.0,2.0,2.0,2.0,2.0,3.0,2.0,1.0
1,0.7414399,9.0,1.0,11.0,9.0,1.0,1.0,1.0,4.0,3.0,2.0,3.0,3.0
1,0.8768364,99.0,1.0,12.0,6.0,1.0,3.0,1.0,4.0,3.0,2.0,2.0,2.0
1,0.8943083,99.0,1.0,11.0,9.0,1.0,1.0,1.0,3.0,2.0,2.0,1.0,1.0
1,0.9148607,8.0,1.0,11.0,9.0,1.0,1.0,2.0,3.0,1.0,2.0,2.0,1.0
1,0.9197417,9.0,1.0,10.0,9.0,1.0,2.0,1.0,3.0,3.0,3.0,2.0,2.0
1,1.0863283,5.0,1.0,12.0,6.0,2.0,2.0,2.0,3.0,4.0,2.0,2.0,1.0
1,1.0968137,2.0,1.0,4.0,3.0,4.0,4.0,4.0,1.0,4.0,4.0,1.0,1.0
1,1.2440906,5.0,1.0,4.0,3.0,1.0,2.0,1.0,4.0,3.0,2.0,1.0,4.0
1,1.9832633,8.0,1.0,13.0,12.0,2.0,2.0,2.0,,2.0,3.0,4.0,3.0
1,0.5406214,7.0,1.0,1.0,,2.0,2.0,2.0,2.0,2.0,2.0,1.0,4.0
1,0.6788527,5.0,1.0,11.0,9.0,1.0,2.0,1.0,3.0,3.0,3.0,1.0,2.0
1,0.7511044,10.0,1.0,11.0,9.0,1.0,2.0,1.0,3.0,1.0,1.0,1.0,1.0
1,0.7639592,99.0,1.0,11.0,,4.0,2.0,2.0,3.0,3.0,2.0,1.0,3.0
1,0.7874323,4.0,1.0,11.0,9.0,1.0,2.0,1.0,2.0,2.0,3.0,1.0,1.0
1,0.9964165,6.0,1.0,7.0,2.0,2.0,2.0,2.0,2.0,2.0,2.0,2.0,3.0
1,1.3247298,3.0,1.0,4.0,3.0,2.0,3.0,1.0,3.0,3.0,3.0,1.0,1.0
1,1.6194161,99.0,1.0,13.0,11.0,3.0,3.0,3.0,3.0,3.0,3.0,2.0,3.0
1,1.7867103,3.0,1.0,4.0,1.0,4.0,4.0,3.0,2.0,3.0,3.0,3.0,1.0
1,0.8032256,6.0,1.0,7.0,5.0,3.0,2.0,2.0,4.0,4.0,3.0,4.0,4.0
1,0.7625858,99.0,1.0,11.0,9.0,2.0,1.0,3.0,4.0,4.0,3.0,2.0,2.0
1,1.7503662,1.0,1.0,4.0,3.0,4.0,4.0,4.0,4.0,4.0,4.0,1.0,1.0
1,0.7567794,8.0,1.0,11.0,9.0,1.0,1.0,1.0,4.0,1.0,1.0,1.0,2.0
1,0.5960901,,1.0,11.0,9.0,1.0,1.0,1.0,3.0,,1.0,1.0,1.0
1,0.7730442,99.0,1.0,10.0,8.0,2.0,2.0,4.0,2.0,4.0,2.0,1.0,1.0
1,1.0508454,5.0,1.0,11.0,9.0,1.0,2.0,1.0,2.0,2.0,1.0,2.0,1.0
1,1.192266,3.0,3.0,,,2.0,3.0,2.0,2.0,3.0,2.0,2.0,2.0
1,1.576466,5.0,3.0,,,3.0,3.0,2.0,2.0,1.0,3.0,1.0,2.0
1,1.858549,99.0,1.0,14.0,13.0,3.0,3.0,3.0,3.0,3.0,2.0,3.0,1.0
1,0.699496,4.0,1.0,4.0,3.0,2.0,2.0,3.0,2.0,2.0,2.0,2.0,1.0
1,1.2453969,2.0,1.0,4.0,3.0,3.0,3.0,,,2.0,3.0,1.0,1.0
1,2.552109,5.0,3.0,,,4.0,3.0,3.0,3.0,4.0,4.0,4.0,4.0
1,0.3250306,,1.0,2.0,2.0,2.0,1.0,2.0,4.0,3.0,2.0,3.0,2.0
1,0.7153475,7.0,1.0,11.0,,2.0,2.0,3.0,3.0,4.0,3.0,3.0,1.0
1,1.6365098,1.0,1.0,4.0,3.0,4.0,4.0,4.0,2.0,3.0,4.0,1.0,1.0
1,2.1095421,99.0,1.0,,,1.0,2.0,2.0,2.0,3.0,3.0,4.0,3.0
1,2.1730728,5.0,1.0,14.0,13.0,2.0,2.0,3.0,3.0,3.0,2.0,3.0,2.0
1,2.3461416,,3.0,,,3.0,2.0,3.0,2.0,3.0,3.0,4.0,2.0
1,0.4222841,5.0,1.0,3.0,13.0,3.0,3.0,3.0,3.0,3.0,3.0,2.0,1.0
1,0.4986705,10.0,1.0,11.0,9.0,2.0,1.0,2.0,3.0,3.0,4.0,1.0,1.0
1,0.5176463,99.0,1.0,11.0,9.0,1.0,1.0,2.0,3.0,4.0,3.0,2.0,2.0
1,0.5850996,4.0,1.0,6.0,12.0,,4.0,2.0,,4.0,2.0,2.0,2.0
1,0.6038101,4.0,1.0,5.0,4.0,1.0,2.0,1.0,3.0,3.0,2.0,2.0,1.0
1,0.6268881,99.0,1.0,6.0,9.0,1.0,3.0,1.0,4.0,1.0,2.0,2.0,2.0
1,0.6853461,7.0,1.0,9.0,8.0,1.0,4.0,1.0,4.0,3.0,2.0,2.0,2.0
1,0.7496849,99.0,1.0,11.0,9.0,2.0,3.0,2.0,3.0,4.0,3.0,2.0,2.0
1,0.7657813,,1.0,12.0,6.0,2.0,,2.0,2.0,2.0,3.0,2.0,1.0
1,0.8226004,10.0,1.0,11.0,9.0,1.0,1.0,2.0,,3.0,2.0,2.0,2.0
1,0.8361182,99.0,1.0,9.0,8.0,3.0,1.0,3.0,3.0,3.0,2.0,,1.0
1,0.883748,8.0,1.0,11.0,9.0,1.0,2.0,1.0,3.0,3.0,3.0,2.0,1.0
1,0.885333,6.0,1.0,11.0,9.0,2.0,3.0,2.0,3.0,2.0,1.0,3.0,1.0
1,1.2806172,5.0,3.0,,,1.0,2.0,2.0,3.0,2.0,1.0,1.0,1.0
1,1.3167145,2.0,1.0,4.0,5.0,3.0,4.0,4.0,1.0,2.0,2.0,3.0,1.0
1,1.6140937,99.0,1.0,,,2.0,3.0,3.0,3.0,3.0,2.0,2.0,1.0
1,1.7409042,99.0,3.0,,,2.0,3.0,2.0,3.0,3.0,3.0,3.0,3.0
1,0.753639,3.0,1.0,11.0,9.0,2.0,2.0,2.0,2.0,2.0,2.0,2.0,2.0
1,1.5471469,3.0,1.0,4.0,3.0,3.0,2.0,2.0,3.0,3.0,3.0,2.0,1.0
1,1.3795074,2.0,1.0,4.0,3.0,3.0,4.0,4.0,2.0,3.0,3.0,2.0,1.0
1,0.9271445,,2.0,,,2.0,1.0,1.0,2.0,1.0,1.0,2.0,2.0
1,1.1821815,2.0,1.0,4.0,3.0,3.0,4.0,3.0,2.0,4.0,4.0,1.0,1.0
1,0.4682705,99.0,1.0,11.0,9.0,2.0,2.0,2.0,2.0,2.0,2.0,2.0,2.0
1,0.6788527,5.0,1.0,11.0,4.0,1.0,2.0,1.0,1.0,1.0,1.0,2.0,2.0
1,1.7012068,2.0,3.0,,,2.0,4.0,4.0,1.0,2.0,3.0,2.0,1.0
1,2.118495,2.0,3.0,,,4.0,4.0,4.0,1.0,1.0,2.0,1.0,1.0
1,0.7632905,5.0,1.0,11.0,9.0,2.0,1.0,1.0,,,,2.0,2.0
1,0.631352,99.0,1.0,11.0,9.0,3.0,1.0,2.0,3.0,2.0,2.0,2.0,1.0
1,1.0201057,10.0,1.0,11.0,9.0,1.0,1.0,1.0,3.0,1.0,1.0,3.0,1.0
1,1.6482314,99.0,3.0,,,4.0,3.0,3.0,3.0,2.0,3.0,4.0,4.0
1,2.1074903,99.0,3.0,,,2.0,1.0,2.0,4.0,4.0,2.0,2.0,1.0
1,0.6030557,0.0,1.0,3.0,3.0,4.0,4.0,4.0,4.0,4.0,4.0,2.0,1.0
1,0.6069559,10.0,1.0,11.0,9.0,1.0,1.0,1.0,4.0,1.0,1.0,1.0,1.0
1,0.8085577,3.0,2.0,,,1.0,3.0,1.0,2.0,3.0,3.0,4.0,3.0
1,0.8879431,1.0,1.0,6.0,5.0,1.0,2.0,1.0,4.0,4.0,2.0,1.0,2.0
1,1.0943929,2.0,1.0,7.0,5.0,3.0,4.0,1.0,3.0,3.0,2.0,3.0,3.0
1,1.6757987,5.0,3.0,,,1.0,1.0,1.0,4.0,2.0,2.0,2.0,2.0
1,1.9423931,99.0,1.0,13.0,12.0,,3.0,3.0,1.0,4.0,1.0,1.0,1.0
1,1.435655,3.0,1.0,4.0,,4.0,3.0,4.0,2.0,2.0,3.0,2.0,1.0
1,0.5893272,7.0,1.0,9.0,,2.0,4.0,2.0,2.0,3.0,3.0,2.0,3.0
1,0.7854585,6.0,1.0,11.0,9.0,1.0,4.0,1.0,3.0,3.0,1.0,1.0,1.0
1,1.072803,8.0,1.0,11.0,9.0,1.0,2.0,1.0,4.0,2.0,1.0,4.0,3.0
1,1.610719,99.0,3.0,,,2.0,2.0,2.0,2.0,2.0,2.0,2.0,1.0
1,0.6715351,99.0,1.0,11.0,9.0,2.0,1.0,2.0,2.0,2.0,2.0,2.0,2.0
1,0.6781223,7.0,1.0,8.0,7.0,2.0,4.0,3.0,4.0,2.0,2.0,3.0,3.0
1,0.7955058,2.0,1.0,6.0,4.0,4.0,4.0,2.0,3.0,4.0,3.0,2.0,1.0
1,0.8895951,6.0,1.0,11.0,9.0,1.0,1.0,1.0,2.0,2.0,1.0,1.0,1.0
1,0.9565638,8.0,2.0,,,2.0,3.0,2.0,3.0,4.0,1.0,4.0,4.0
1,1.0139259,4.0,1.0,6.0,5.0,2.0,2.0,1.0,3.0,2.0,2.0,2.0,1.0
1,1.0449791,6.0,1.0,7.0,5.0,2.0,3.0,2.0,2.0,3.0,2.0,3.0,2.0
1,1.0813617,5.0,1.0,7.0,5.0,3.0,4.0,1.0,3.0,2.0,2.0,3.0,3.0
1,2.1541147,2.0,1.0,,,4.0,3.0,3.0,1.0,4.0,4.0,1.0,1.0
1,0.2936153,,1.0,2.0,4.0,3.0,4.0,3.0,2.0,2.0,3.0,3.0,1.0
1,0.4363714,99.0,1.0,3.0,5.0,1.0,2.0,1.0,3.0,4.0,3.0,1.0,1.0
1,0.5065918,3.0,1.0,3.0,3.0,3.0,4.0,4.0,2.0,3.0,3.0,3.0,1.0
1,0.55215,4.0,1.0,3.0,3.0,2.0,4.0,2.0,4.0,4.0,3.0,3.0,2.0
1,0.6294708,4.0,1.0,6.0,3.0,4.0,4.0,4.0,1.0,2.0,3.0,3.0,2.0
1,0.8401243,6.0,1.0,7.0,7.0,2.0,2.0,1.0,4.0,2.0,3.0,3.0,1.0
1,0.9450228,,1.0,6.0,,2.0,4.0,3.0,1.0,3.0,2.0,3.0,3.0
1,0.9929285,4.0,2.0,,,2.0,1.0,1.0,,2.0,2.0,,
1,1.014549,6.0,1.0,7.0,5.0,3.0,4.0,3.0,2.0,1.0,2.0,3.0,2.0
1,1.0262234,6.0,1.0,7.0,5.0,3.0,4.0,2.0,3.0,3.0,2.0,3.0,4.0
1,1.0262234,,1.0,7.0,5.0,2.0,4.0,2.0,3.0,3.0,2.0,3.0,2.0
1,1.13844,4.0,2.0,,13.0,3.0,4.0,2.0,3.0,3.0,3.0,1.0,2.0
1,1.2018379,99.0,2.0,,,,,3.0,,,2.0,2.0,2.0
1,1.2171366,3.0,1.0,7.0,5.0,3.0,4.0,3.0,3.0,3.0,2.0,3.0,2.0
1,1.3921916,6.0,3.0,,,2.0,3.0,3.0,2.0,2.0,2.0,2.0,2.0
1,1.5197912,2.0,1.0,4.0,3.0,3.0,4.0,1.0,4.0,3.0,3.0,2.0,1.0
1,2.5679421,99.0,1.0,13.0,12.0,3.0,4.0,2.0,3.0,3.0,2.0,2.0,2.0
1,0.9649748,6.0,1.0,7.0,5.0,3.0,4.0,2.0,3.0,2.0,2.0,3.0,3.0
1,1.2018379,5.0,2.0,,,3.0,2.0,2.0,2.0,2.0,3.0,3.0,3.0
1,0.6773617,5.0,1.0,5.0,4.0,4.0,4.0,4.0,,4.0,2.0,2.0,1.0
1,0.7677939,8.0,1.0,11.0,,1.0,2.0,1.0,4.0,2.0,1.0,2.0,2.0
1,0.8407367,5.0,1.0,7.0,5.0,2.0,4.0,1.0,2.0,4.0,4.0,1.0,2.0
1,1.0961916,3.0,1.0,4.0,3.0,4.0,4.0,4.0,4.0,4.0,4.0,4.0,1.0
1,1.1952909,4.0,1.0,7.0,5.0,3.0,3.0,1.0,3.0,3.0,1.0,3.0,3.0
1,1.6749625,5.0,1.0,13.0,13.0,2.0,2.0,2.0,3.0,3.0,2.0,3.0,2.0
1,1.8672805,99.0,3.0,,,2.0,4.0,2.0,,3.0,2.0,2.0,1.0
1,1.4426233,3.0,1.0,4.0,3.0,4.0,3.0,4.0,1.0,,4.0,1.0,1.0
1,1.0449791,6.0,1.0,7.0,5.0,1.0,4.0,1.0,4.0,2.0,2.0,,2.0
1,1.3032014,4.0,1.0,4.0,3.0,3.0,4.0,,3.0,3.0,2.0,2.0,2.0
1,1.4533494,4.0,1.0,7.0,5.0,2.0,3.0,1.0,4.0,,2.0,3.0,2.0
1,1.9112161,3.0,3.0,,12.0,,4.0,4.0,4.0,,2.0,2.0,2.0
1,0.7752079,99.0,1.0,7.0,5.0,1.0,1.0,1.0,,2.0,2.0,2.0,1.0
1,2.3501859,99.0,3.0,,,,4.0,,,4.0,2.0,2.0,2.0
1,0.4709329,99.0,1.0,3.0,3.0,2.0,3.0,1.0,4.0,4.0,4.0,2.0,1.0
1,0.5211297,99.0,1.0,11.0,9.0,1.0,1.0,4.0,3.0,4.0,1.0,2.0,1.0
1,0.5553085,3.0,1.0,6.0,13.0,,1.0,,2.0,,3.0,2.0,1.0
1,0.5990821,99.0,1.0,11.0,9.0,2.0,1.0,2.0,2.0,2.0,4.0,2.0,1.0
1,0.6069844,10.0,1.0,11.0,5.0,1.0,1.0,4.0,2.0,4.0,1.0,1.0,1.0
1,0.6071786,99.0,1.0,11.0,9.0,1.0,1.0,1.0,3.0,3.0,3.0,1.0,1.0
1,0.6307214,5.0,1.0,11.0,9.0,1.0,2.0,1.0,4.0,3.0,3.0,2.0,2.0
1,0.6430206,10.0,1.0,11.0,9.0,1.0,1.0,1.0,4.0,3.0,1.0,4.0,2.0
1,0.7157587,9.0,1.0,11.0,,1.0,2.0,1.0,1.0,1.0,4.0,1.0,3.0
1,0.7281322,99.0,1.0,11.0,9.0,1.0,1.0,1.0,4.0,1.0,1.0,3.0,3.0
1,0.7355139,99.0,1.0,11.0,9.0,1.0,2.0,1.0,,1.0,2.0,3.0,1.0
1,0.7379729,5.0,1.0,11.0,9.0,2.0,2.0,3.0,4.0,2.0,3.0,2.0,3.0
1,0.7854585,99.0,1.0,11.0,9.0,4.0,4.0,4.0,4.0,4.0,4.0,4.0,4.0
1,0.8018616,99.0,1.0,11.0,,1.0,2.0,1.0,,,2.0,2.0,1.0
1,0.8226977,8.0,1.0,10.0,9.0,1.0,1.0,1.0,4.0,2.0,3.0,3.0,2.0
1,0.8364075,99.0,1.0,9.0,8.0,2.0,4.0,2.0,4.0,2.0,4.0,4.0,1.0
1,0.9205805,10.0,1.0,11.0,9.0,1.0,1.0,1.0,2.0,1.0,4.0,2.0,1.0
1,1.007576,,1.0,11.0,9.0,2.0,1.0,3.0,3.0,4.0,3.0,1.0,1.0
1,1.0780203,99.0,1.0,4.0,3.0,1.0,1.0,,,2.0,1.0,1.0,1.0
1,1.0865562,99.0,1.0,11.0,9.0,1.0,1.0,1.0,3.0,1.0,1.0,1.0,1.0
1,1.2749072,1.0,1.0,4.0,3.0,4.0,4.0,4.0,1.0,4.0,1.0,4.0,1.0
1,1.3909901,,1.0,4.0,3.0,2.0,2.0,,2.0,3.0,3.0,2.0,2.0
1,1.4599142,99.0,1.0,13.0,12.0,1.0,2.0,1.0,4.0,4.0,3.0,3.0,3.0
1,1.5112847,5.0,1.0,4.0,3.0,4.0,2.0,2.0,2.0,4.0,4.0,2.0,1.0
1,1.8249646,99.0,3.0,,,1.0,,4.0,,4.0,2.0,1.0,1.0
1,1.8618878,1.0,1.0,13.0,12.0,1.0,1.0,1.0,4.0,3.0,4.0,1.0,1.0
1,1.986282,8.0,,,9.0,1.0,1.0,1.0,4.0,1.0,2.0,3.0,1.0
1,2.021781,99.0,1.0,13.0,12.0,,1.0,2.0,2.0,4.0,2.0,1.0,1.0
1,2.1648052,99.0,1.0,13.0,12.0,4.0,4.0,4.0,2.0,4.0,4.0,1.0,4.0
1,2.552109,5.0,3.0,,,2.0,4.0,3.0,2.0,3.0,3.0,4.0,4.0
1,2.7874019,5.0,,,,,,,,,,,
1,0.6429709,10.0,1.0,11.0,9.0,1.0,1.0,1.0,1.0,1.0,1.0,1.0,1.0
1,0.6553271,99.0,1.0,11.0,9.0,1.0,1.0,2.0,4.0,2.0,3.0,1.0,1.0
1,0.9842517,10.0,1.0,11.0,9.0,1.0,1.0,1.0,4.0,2.0,1.0,2.0,1.0
1,1.2228179,99.0,3.0,,,3.0,1.0,2.0,4.0,2.0,4.0,1.0,1.0
1,0.6314794,7.0,1.0,11.0,9.0,2.0,2.0,2.0,2.0,2.0,2.0,2.0,2.0
1,0.8218003,9.0,1.0,11.0,9.0,1.0,1.0,1.0,3.0,2.0,2.0,4.0,
1,1.0016706,5.0,1.0,12.0,6.0,1.0,1.0,1.0,4.0,4.0,1.0,2.0,1.0
1,1.3289301,4.0,1.0,4.0,,2.0,1.0,1.0,4.0,2.0,2.0,,1.0
1,0.7247834,7.0,1.0,11.0,9.0,2.0,4.0,2.0,2.0,2.0,1.0,1.0,2.0
1,0.8376346,10.0,1.0,11.0,9.0,2.0,3.0,2.0,3.0,2.0,2.0,3.0,
1,0.9068723,5.0,1.0,11.0,9.0,1.0,1.0,1.0,2.0,2.0,1.0,2.0,3.0
1,2.4092686,,1.0,14.0,,4.0,3.0,3.0,3.0,3.0,4.0,3.0,3.0
1,0.3323639,99.0,1.0,2.0,,2.0,3.0,3.0,1.0,3.0,2.0,2.0,2.0
1,0.7414399,10.0,1.0,11.0,9.0,2.0,,1.0,4.0,3.0,2.0,3.0,2.0
1,0.9234467,10.0,1.0,11.0,9.0,2.0,1.0,3.0,3.0,1.0,1.0,2.0,2.0
1,1.2762804,5.0,1.0,4.0,3.0,2.0,1.0,1.0,3.0,3.0,3.0,1.0,3.0
1,1.0941578,99.0,2.0,,,2.0,2.0,4.0,2.0,3.0,1.0,2.0,2.0
1,0.7144248,9.0,1.0,11.0,9.0,1.0,3.0,2.0,4.0,1.0,2.0,2.0,2.0
1,0.4994058,5.0,1.0,11.0,9.0,4.0,4.0,4.0,4.0,4.0,4.0,4.0,4.0
1,0.5960901,10.0,1.0,11.0,9.0,4.0,4.0,3.0,4.0,4.0,4.0,4.0,2.0
1,0.6180302,9.0,1.0,11.0,9.0,2.0,2.0,3.0,2.0,3.0,1.0,3.0,1.0
1,0.6344278,99.0,1.0,11.0,9.0,4.0,4.0,4.0,4.0,4.0,3.0,4.0,1.0
1,0.7011768,10.0,1.0,11.0,9.0,1.0,2.0,1.0,4.0,1.0,2.0,3.0,2.0
1,0.7147624,5.0,1.0,6.0,13.0,4.0,3.0,3.0,2.0,2.0,3.0,1.0,1.0
1,0.7814076,5.0,2.0,,,4.0,4.0,4.0,4.0,4.0,4.0,4.0,4.0
1,0.7958369,8.0,1.0,11.0,,2.0,,,3.0,3.0,3.0,4.0,3.0
1,0.9269489,10.0,1.0,11.0,9.0,3.0,3.0,3.0,3.0,3.0,3.0,3.0,1.0
1,0.9269489,99.0,1.0,11.0,,,,,,,,,
1,1.2553788,99.0,1.0,12.0,6.0,2.0,1.0,1.0,3.0,1.0,1.0,3.0,1.0
1,1.2577294,2.0,1.0,13.0,,2.0,2.0,2.0,3.0,3.0,3.0,2.0,2.0
1,1.3259091,99.0,3.0,,,4.0,4.0,4.0,4.0,4.0,4.0,4.0,4.0
1,1.7375057,1.0,1.0,4.0,3.0,3.0,4.0,4.0,2.0,4.0,1.0,1.0,1.0
1,1.7804199,99.0,3.0,,,2.0,2.0,2.0,2.0,2.0,2.0,2.0,2.0
1,1.8925165,7.0,3.0,,,1.0,2.0,1.0,4.0,1.0,1.0,2.0,1.0
1,2.0280263,99.0,1.0,13.0,12.0,,,,,,,,2.0
1,2.079922,99.0,3.0,,,3.0,4.0,4.0,2.0,3.0,3.0,2.0,1.0
1,2.552109,1.0,3.0,,12.0,4.0,4.0,4.0,4.0,4.0,4.0,4.0,4.0
1,0.3155506,0.0,1.0,2.0,4.0,4.0,4.0,4.0,1.0,4.0,4.0,1.0,1.0
1,0.4436615,99.0,1.0,11.0,9.0,4.0,3.0,2.0,2.0,4.0,3.0,2.0,4.0
1,0.4015296,2.0,1.0,3.0,3.0,4.0,4.0,3.0,3.0,4.0,3.0,1.0,1.0
1,0.5024738,1.0,1.0,2.0,3.0,2.0,2.0,3.0,2.0,2.0,2.0,1.0,1.0
1,0.4830206,5.0,1.0,2.0,2.0,,4.0,3.0,4.0,4.0,3.0,3.0,4.0
1,0.5723348,6.0,1.0,8.0,7.0,1.0,1.0,1.0,4.0,1.0,2.0,3.0,3.0
1,0.6018623,7.0,1.0,11.0,,1.0,1.0,2.0,3.0,3.0,3.0,2.0,1.0
1,0.6653569,99.0,1.0,11.0,9.0,1.0,1.0,1.0,4.0,4.0,2.0,1.0,1.0
1,0.7555146,99.0,1.0,11.0,9.0,1.0,2.0,2.0,1.0,2.0,1.0,3.0,1.0
1,0.8651115,4.0,1.0,8.0,7.0,3.0,3.0,3.0,3.0,3.0,3.0,3.0,3.0
1,0.9739324,8.0,1.0,12.0,9.0,2.0,3.0,2.0,3.0,2.0,2.0,3.0,2.0
1,1.26139,2.0,1.0,4.0,6.0,3.0,4.0,3.0,2.0,2.0,3.0,1.0,2.0
1,1.2814054,4.0,1.0,4.0,3.0,2.0,3.0,1.0,4.0,2.0,1.0,,1.0
1,1.5517499,2.0,1.0,4.0,3.0,3.0,2.0,3.0,2.0,3.0,2.0,2.0,2.0
1,2.1615272,5.0,3.0,,13.0,2.0,4.0,2.0,4.0,2.0,1.0,3.0,2.0
1,1.2274138,99.0,1.0,4.0,3.0,2.0,4.0,2.0,,2.0,2.0,3.0,2.0
1,2.7247829,99.0,3.0,,,2.0,4.0,2.0,2.0,3.0,4.0,1.0,2.0
1,0.6870886,10.0,1.0,11.0,9.0,1.0,2.0,1.0,4.0,2.0,3.0,1.0,1.0
1,1.3516763,0.0,1.0,4.0,3.0,4.0,4.0,3.0,2.0,4.0,4.0,2.0,1.0
1,1.6377203,99.0,3.0,,,1.0,1.0,1.0,2.0,3.0,1.0,1.0,2.0
1,1.9781393,5.0,1.0,13.0,12.0,1.0,2.0,1.0,4.0,2.0,2.0,3.0,1.0
1,0.5177567,1.0,1.0,3.0,3.0,4.0,4.0,4.0,,4.0,4.0,,1.0
1,0.6714063,3.0,1.0,6.0,4.0,2.0,2.0,2.0,2.0,3.0,3.0,2.0,1.0
1,0.7461432,4.0,1.0,11.0,9.0,4.0,2.0,2.0,1.0,4.0,2.0,4.0,1.0
1,0.8606494,4.0,1.0,7.0,5.0,,4.0,,3.0,,2.0,2.0,1.0
1,1.760437,99.0,3.0,,1.0,3.0,4.0,2.0,3.0,3.0,3.0,2.0,2.0
1,2.0268862,5.0,1.0,13.0,12.0,3.0,3.0,3.0,3.0,3.0,3.0,2.0,2.0
1,0.6521554,1.0,1.0,6.0,6.0,2.0,2.0,2.0,,,,2.0,1.0
1,1.0969758,99.0,1.0,4.0,3.0,,,,,,,,
1,1.617841,99.0,3.0,,9.0,1.0,1.0,1.0,4.0,,3.0,1.0,1.0
1,0.3506935,8.0,1.0,8.0,7.0,,,,,,,,
1,0.7305769,10.0,1.0,10.0,8.0,1.0,1.0,1.0,4.0,2.0,2.0,3.0,2.0
1,0.6365672,99.0,1.0,11.0,9.0,1.0,1.0,3.0,3.0,1.0,1.0,1.0,
1,1.1609633,3.0,1.0,4.0,12.0,2.0,3.0,,2.0,2.0,4.0,2.0,1.0
1,2.1764803,99.0,,,,3.0,4.0,2.0,2.0,3.0,2.0,2.0,2.0
1,0.4443036,7.0,1.0,8.0,5.0,1.0,2.0,1.0,4.0,3.0,1.0,4.0,4.0
1,0.5177826,7.0,1.0,8.0,7.0,1.0,1.0,1.0,4.0,1.0,1.0,3.0,3.0
1,0.5464761,6.0,1.0,3.0,8.0,2.0,3.0,3.0,2.0,1.0,1.0,3.0,3.0
1,0.6145605,2.0,1.0,6.0,4.0,4.0,4.0,4.0,1.0,1.0,4.0,2.0,1.0
1,0.6469908,8.0,1.0,11.0,9.0,2.0,1.0,2.0,1.0,2.0,2.0,2.0,2.0
1,0.6810387,8.0,1.0,11.0,8.0,1.0,3.0,3.0,3.0,3.0,2.0,3.0,1.0
1,0.7725065,8.0,1.0,10.0,7.0,1.0,4.0,1.0,4.0,3.0,2.0,4.0,2.0
1,0.8572466,99.0,1.0,6.0,12.0,2.0,2.0,2.0,2.0,4.0,3.0,2.0,1.0
1,0.8834971,99.0,1.0,12.0,6.0,2.0,3.0,2.0,3.0,3.0,2.0,2.0,2.0
1,1.0321429,6.0,1.0,7.0,5.0,3.0,4.0,4.0,2.0,3.0,3.0,2.0,2.0
1,1.0525383,9.0,1.0,10.0,7.0,1.0,2.0,1.0,4.0,2.0,3.0,4.0,2.0
1,1.1197339,3.0,1.0,4.0,3.0,3.0,3.0,3.0,3.0,4.0,3.0,3.0,2.0
1,1.1495775,10.0,1.0,10.0,9.0,1.0,1.0,1.0,4.0,1.0,2.0,4.0,2.0
1,1.3219143,6.0,1.0,7.0,5.0,2.0,4.0,1.0,4.0,1.0,2.0,4.0,2.0
1,1.4043796,6.0,1.0,4.0,3.0,1.0,1.0,1.0,4.0,4.0,3.0,2.0,2.0
1,1.4127665,99.0,3.0,,,3.0,3.0,2.0,2.0,1.0,3.0,2.0,2.0
1,1.4437498,2.0,1.0,4.0,3.0,1.0,1.0,1.0,3.0,4.0,2.0,2.0,1.0
1,1.5273024,5.0,3.0,,,3.0,2.0,1.0,4.0,4.0,1.0,4.0,2.0
1,1.7852379,1.0,1.0,4.0,13.0,4.0,3.0,4.0,1.0,2.0,4.0,1.0,2.0
1,1.8809708,99.0,1.0,,,2.0,2.0,3.0,3.0,3.0,2.0,3.0,1.0
1,1.8842098,99.0,1.0,13.0,12.0,2.0,4.0,1.0,,2.0,3.0,2.0,1.0
1,2.2934356,8.0,1.0,13.0,7.0,1.0,4.0,1.0,4.0,2.0,2.0,3.0,2.0
1,2.3228867,,1.0,13.0,12.0,4.0,4.0,,1.0,2.0,3.0,4.0,1.0
1,0.4471854,7.0,1.0,8.0,9.0,1.0,2.0,1.0,4.0,1.0,1.0,4.0,3.0
1,0.4936572,3.0,1.0,3.0,4.0,4.0,4.0,4.0,2.0,4.0,3.0,,1.0
1,0.6547221,6.0,1.0,11.0,9.0,3.0,4.0,1.0,3.0,1.0,3.0,3.0,1.0
1,0.6703894,8.0,1.0,8.0,7.0,1.0,1.0,1.0,3.0,1.0,1.0,3.0,2.0
1,0.7955558,6.0,1.0,7.0,5.0,1.0,2.0,1.0,4.0,4.0,2.0,4.0,4.0
1,0.867123,4.0,1.0,6.0,4.0,1.0,1.0,1.0,3.0,,3.0,2.0,1.0
1,0.8803225,5.0,1.0,7.0,5.0,2.0,4.0,2.0,3.0,3.0,2.0,4.0,3.0
1,0.9161071,4.0,1.0,7.0,3.0,1.0,4.0,1.0,3.0,4.0,1.0,3.0,3.0
1,0.9262001,9.0,1.0,8.0,7.0,1.0,1.0,1.0,3.0,1.0,2.0,4.0,4.0
1,1.0015482,6.0,1.0,7.0,5.0,2.0,1.0,2.0,4.0,2.0,1.0,3.0,2.0
1,1.0449791,99.0,1.0,7.0,5.0,4.0,4.0,4.0,3.0,3.0,1.0,3.0,2.0
1,1.0781374,6.0,1.0,7.0,,3.0,3.0,4.0,2.0,3.0,,2.0,2.0
1,1.1215651,99.0,1.0,4.0,,3.0,1.0,3.0,1.0,1.0,1.0,1.0,1.0
1,1.1643866,2.0,1.0,4.0,3.0,1.0,1.0,4.0,2.0,3.0,3.0,2.0,1.0
1,1.6252875,2.0,1.0,4.0,3.0,3.0,4.0,4.0,1.0,4.0,4.0,1.0,1.0
1,1.9258237,6.0,1.0,13.0,,3.0,4.0,4.0,3.0,3.0,3.0,3.0,2.0
1,1.9801171,99.0,1.0,,6.0,1.0,3.0,1.0,4.0,1.0,3.0,1.0,2.0
1,2.1781905,99.0,3.0,,,4.0,4.0,1.0,3.0,3.0,2.0,3.0,2.0
1,0.55346,99.0,1.0,8.0,7.0,1.0,3.0,1.0,3.0,2.0,1.0,1.0,1.0
1,0.6756123,5.0,1.0,7.0,5.0,,4.0,2.0,2.0,,3.0,,2.0
1,0.8881838,5.0,1.0,11.0,9.0,1.0,1.0,2.0,2.0,2.0,4.0,1.0,1.0
1,0.8984404,8.0,1.0,11.0,9.0,1.0,3.0,1.0,4.0,2.0,1.0,2.0,1.0
1,1.0262234,6.0,1.0,7.0,5.0,1.0,2.0,1.0,4.0,3.0,2.0,4.0,3.0
1,1.2406417,1.0,1.0,4.0,4.0,3.0,4.0,4.0,,3.0,3.0,1.0,1.0
1,1.37046,2.0,1.0,4.0,,4.0,4.0,4.0,1.0,4.0,2.0,1.0,1.0
1,1.5831218,1.0,1.0,4.0,3.0,4.0,1.0,4.0,1.0,,4.0,1.0,1.0
1,0.759635,6.0,1.0,7.0,5.0,3.0,2.0,3.0,3.0,1.0,2.0,3.0,2.0
1,0.582795,7.0,1.0,8.0,7.0,1.0,4.0,1.0,3.0,2.0,2.0,4.0,2.0
1,0.6905697,5.0,1.0,12.0,6.0,1.0,2.0,1.0,3.0,3.0,1.0,3.0,3.0
1,0.7455465,5.0,1.0,8.0,7.0,2.0,4.0,2.0,3.0,1.0,2.0,3.0,2.0
1,0.9476551,6.0,1.0,7.0,5.0,2.0,2.0,2.0,3.0,1.0,2.0,3.0,3.0
1,0.9869758,7.0,1.0,10.0,9.0,1.0,2.0,1.0,4.0,1.0,1.0,4.0,3.0
1,1.181183,8.0,1.0,10.0,7.0,1.0,2.0,1.0,4.0,2.0,1.0,4.0,1.0
1,1.519347,5.0,1.0,4.0,5.0,4.0,3.0,3.0,2.0,2.0,3.0,3.0,2.0
1,0.3190769,0.0,1.0,1.0,1.0,4.0,4.0,3.0,2.0,3.0,4.0,1.0,1.0
1,0.4294654,99.0,1.0,3.0,4.0,2.0,2.0,3.0,3.0,3.0,3.0,2.0,2.0
1,0.4354544,5.0,1.0,3.0,5.0,3.0,2.0,3.0,2.0,3.0,2.0,2.0,2.0
1,0.4851839,5.0,1.0,6.0,5.0,1.0,2.0,2.0,2.0,3.0,3.0,2.0,1.0
1,0.4907913,7.0,1.0,8.0,7.0,2.0,3.0,2.0,3.0,3.0,1.0,4.0,4.0
1,0.497517,5.0,1.0,1.0,1.0,4.0,2.0,1.0,2.0,4.0,3.0,4.0,1.0
1,0.5082368,4.0,1.0,3.0,4.0,3.0,2.0,1.0,3.0,4.0,3.0,3.0,1.0
1,0.5322387,5.0,1.0,8.0,8.0,,3.0,2.0,3.0,3.0,3.0,3.0,3.0
1,0.55215,3.0,1.0,3.0,5.0,3.0,2.0,1.0,4.0,2.0,4.0,3.0,2.0
1,0.5561973,3.0,1.0,6.0,4.0,3.0,4.0,3.0,3.0,3.0,3.0,2.0,2.0
1,0.567594,6.0,1.0,8.0,7.0,2.0,4.0,3.0,3.0,3.0,2.0,3.0,3.0
1,0.5703911,99.0,1.0,7.0,5.0,1.0,2.0,2.0,3.0,2.0,1.0,2.0,2.0
1,0.5777385,7.0,1.0,8.0,9.0,1.0,1.0,1.0,4.0,4.0,1.0,1.0,2.0
1,0.586812,3.0,1.0,6.0,3.0,3.0,,3.0,3.0,3.0,3.0,2.0,2.0
1,0.6107182,5.0,1.0,7.0,5.0,3.0,1.0,2.0,2.0,4.0,3.0,4.0,1.0
1,0.6111988,7.0,1.0,8.0,4.0,1.0,2.0,1.0,3.0,4.0,2.0,2.0,1.0
1,0.6130325,5.0,1.0,7.0,7.0,3.0,2.0,3.0,2.0,1.0,3.0,4.0,4.0
1,0.6161397,8.0,1.0,8.0,7.0,2.0,2.0,2.0,3.0,1.0,1.0,3.0,2.0
1,0.6185264,6.0,1.0,7.0,6.0,2.0,4.0,2.0,4.0,3.0,2.0,3.0,3.0
1,0.6200682,7.0,1.0,11.0,9.0,3.0,2.0,3.0,,3.0,3.0,3.0,2.0
1,0.6214533,8.0,1.0,8.0,5.0,1.0,2.0,1.0,3.0,2.0,2.0,3.0,2.0
1,0.6218799,5.0,1.0,7.0,5.0,,1.0,2.0,2.0,1.0,2.0,2.0,2.0
1,0.6224039,6.0,1.0,7.0,5.0,2.0,4.0,2.0,3.0,2.0,2.0,3.0,3.0
1,0.6285726,3.0,1.0,5.0,5.0,2.0,3.0,2.0,3.0,4.0,1.0,3.0,2.0
1,0.6293553,7.0,1.0,11.0,9.0,2.0,3.0,2.0,3.0,3.0,1.0,2.0,2.0
1,0.6324787,7.0,1.0,8.0,7.0,2.0,2.0,4.0,3.0,1.0,2.0,4.0,3.0
1,0.643482,8.0,1.0,7.0,5.0,2.0,2.0,2.0,3.0,3.0,2.0,3.0,1.0
1,0.6547221,8.0,1.0,11.0,9.0,1.0,3.0,1.0,4.0,2.0,2.0,4.0,3.0
1,0.6587933,99.0,1.0,9.0,8.0,3.0,3.0,4.0,2.0,3.0,3.0,2.0,2.0
1,0.6869369,7.0,1.0,12.0,6.0,2.0,2.0,2.0,3.0,4.0,2.0,2.0,1.0
1,0.6900733,4.0,1.0,5.0,7.0,3.0,4.0,2.0,2.0,4.0,2.0,2.0,2.0
1,0.6930943,99.0,1.0,11.0,3.0,2.0,2.0,2.0,3.0,3.0,2.0,3.0,2.0
1,0.7137467,8.0,1.0,7.0,5.0,1.0,3.0,1.0,4.0,2.0,2.0,3.0,4.0
1,0.7186174,4.0,1.0,6.0,4.0,3.0,4.0,2.0,2.0,4.0,3.0,3.0,2.0
1,0.7375624,2.0,1.0,5.0,4.0,3.0,4.0,3.0,3.0,3.0,4.0,2.0,1.0
1,0.7469159,4.0,1.0,6.0,5.0,3.0,4.0,3.0,2.0,3.0,2.0,2.0,1.0
1,0.7537172,6.0,2.0,,,1.0,3.0,1.0,2.0,3.0,1.0,2.0,2.0
1,0.7566653,8.0,1.0,11.0,9.0,2.0,3.0,2.0,3.0,2.0,2.0,4.0,2.0
1,0.7672715,6.0,1.0,7.0,5.0,2.0,2.0,3.0,2.0,3.0,1.0,2.0,1.0
1,0.7848584,3.0,1.0,5.0,12.0,3.0,1.0,3.0,1.0,2.0,3.0,1.0,1.0
1,0.7903224,5.0,1.0,7.0,5.0,1.0,1.0,1.0,4.0,3.0,1.0,3.0,2.0
1,0.7950714,7.0,1.0,8.0,5.0,2.0,3.0,1.0,4.0,1.0,2.0,3.0,2.0
1,0.7950714,7.0,1.0,8.0,7.0,2.0,3.0,1.0,3.0,2.0,3.0,3.0,3.0
1,0.7955558,6.0,1.0,7.0,5.0,2.0,4.0,4.0,2.0,3.0,3.0,4.0,1.0
1,0.7974405,10.0,1.0,11.0,9.0,1.0,1.0,1.0,1.0,3.0,2.0,2.0,1.0
1,0.803553,2.0,1.0,4.0,3.0,1.0,3.0,1.0,3.0,3.0,2.0,1.0,1.0
1,0.806017,7.0,1.0,6.0,12.0,3.0,4.0,1.0,1.0,3.0,1.0,4.0,1.0
1,0.8131576,6.0,1.0,7.0,5.0,4.0,4.0,2.0,2.0,1.0,1.0,4.0,4.0
1,0.8213371,6.0,1.0,6.0,7.0,2.0,4.0,2.0,3.0,3.0,2.0,2.0,2.0
1,0.8327711,9.0,1.0,10.0,7.0,1.0,1.0,1.0,4.0,1.0,1.0,4.0,4.0
1,0.8393071,5.0,1.0,7.0,5.0,1.0,2.0,2.0,2.0,2.0,1.0,2.0,2.0
1,0.8401243,4.0,1.0,7.0,5.0,1.0,2.0,1.0,4.0,4.0,3.0,3.0,1.0
1,0.8468931,6.0,1.0,7.0,5.0,2.0,2.0,2.0,3.0,1.0,2.0,2.0,2.0
1,0.8488653,6.0,1.0,8.0,7.0,1.0,4.0,1.0,4.0,2.0,2.0,2.0,2.0
1,0.8492875,7.0,1.0,10.0,5.0,2.0,3.0,1.0,3.0,3.0,2.0,3.0,1.0
1,0.8554127,6.0,1.0,7.0,5.0,2.0,3.0,2.0,2.0,2.0,2.0,3.0,2.0
1,0.8554787,5.0,1.0,7.0,5.0,2.0,4.0,,4.0,2.0,,3.0,2.0
1,0.8693745,3.0,1.0,7.0,5.0,2.0,4.0,3.0,3.0,3.0,3.0,2.0,1.0
1,0.8710465,7.0,1.0,7.0,5.0,1.0,2.0,1.0,2.0,2.0,2.0,4.0,4.0
1,0.8710465,7.0,1.0,7.0,5.0,3.0,3.0,1.0,4.0,3.0,2.0,3.0,2.0
1,0.899734,9.0,1.0,7.0,5.0,1.0,1.0,1.0,4.0,3.0,2.0,2.0,2.0
1,0.9141288,8.0,1.0,10.0,7.0,1.0,2.0,1.0,4.0,1.0,2.0,4.0,2.0
1,0.9157711,4.0,1.0,7.0,5.0,2.0,4.0,2.0,4.0,4.0,3.0,4.0,1.0
1,0.9408607,5.0,1.0,12.0,6.0,1.0,1.0,1.0,4.0,3.0,2.0,4.0,2.0
1,0.9408665,3.0,1.0,4.0,3.0,3.0,3.0,3.0,3.0,3.0,3.0,3.0,2.0
1,0.940944,6.0,2.0,,,,,,3.0,3.0,3.0,4.0,2.0
1,0.9504755,4.0,1.0,7.0,5.0,4.0,4.0,1.0,4.0,3.0,4.0,1.0,1.0
1,0.9517461,8.0,1.0,10.0,5.0,1.0,1.0,1.0,4.0,4.0,1.0,3.0,2.0
1,0.9581103,5.0,1.0,11.0,9.0,2.0,3.0,1.0,3.0,2.0,2.0,3.0,2.0
1,0.9673985,4.0,1.0,4.0,3.0,3.0,2.0,4.0,1.0,4.0,3.0,2.0,2.0
1,0.967851,5.0,1.0,7.0,5.0,1.0,4.0,1.0,4.0,2.0,2.0,2.0,1.0
1,0.971945,6.0,2.0,,,2.0,1.0,2.0,2.0,3.0,2.0,2.0,2.0
1,0.9785325,99.0,1.0,7.0,5.0,2.0,,1.0,3.0,2.0,2.0,3.0,
1,0.9835677,4.0,1.0,7.0,5.0,3.0,4.0,3.0,2.0,2.0,1.0,2.0,2.0
1,0.9964165,6.0,1.0,7.0,5.0,2.0,3.0,2.0,3.0,3.0,2.0,2.0,2.0
1,1.0001963,5.0,1.0,12.0,6.0,2.0,4.0,,3.0,2.0,3.0,2.0,2.0
1,1.0262234,7.0,1.0,7.0,5.0,3.0,2.0,2.0,2.0,2.0,1.0,2.0,2.0
1,1.0504146,2.0,1.0,4.0,3.0,2.0,3.0,3.0,3.0,2.0,1.0,1.0,2.0
1,1.0525255,4.0,1.0,4.0,5.0,4.0,,4.0,2.0,2.0,2.0,2.0,2.0
1,1.0611163,6.0,1.0,7.0,5.0,3.0,4.0,3.0,2.0,3.0,2.0,3.0,2.0
1,1.066802,99.0,1.0,7.0,5.0,3.0,2.0,3.0,2.0,3.0,2.0,2.0,2.0
1,1.087642,2.0,1.0,4.0,3.0,3.0,4.0,3.0,3.0,4.0,3.0,2.0,1.0
1,1.1463511,8.0,1.0,7.0,7.0,1.0,2.0,2.0,4.0,1.0,2.0,4.0,1.0
1,1.1497555,5.0,1.0,7.0,,3.0,4.0,4.0,2.0,4.0,1.0,1.0,1.0
1,1.177702,3.0,1.0,4.0,3.0,4.0,4.0,3.0,2.0,4.0,3.0,1.0,1.0
1,1.1883545,5.0,1.0,4.0,3.0,3.0,4.0,2.0,2.0,3.0,3.0,2.0,1.0
1,1.2023711,2.0,1.0,7.0,5.0,2.0,4.0,3.0,2.0,1.0,4.0,2.0,1.0
1,1.2171366,4.0,1.0,7.0,5.0,2.0,4.0,3.0,3.0,2.0,2.0,3.0,1.0
1,1.221848,99.0,1.0,12.0,6.0,2.0,3.0,2.0,3.0,2.0,1.0,4.0,3.0
1,1.2571822,1.0,1.0,4.0,4.0,3.0,4.0,2.0,3.0,4.0,4.0,1.0,1.0
1,1.2808332,3.0,1.0,4.0,3.0,4.0,4.0,4.0,2.0,4.0,3.0,2.0,1.0
1,1.3190277,5.0,1.0,14.0,13.0,2.0,2.0,2.0,3.0,3.0,2.0,2.0,2.0
1,1.3324096,3.0,1.0,4.0,3.0,1.0,4.0,1.0,4.0,3.0,2.0,3.0,2.0
1,1.3651283,6.0,3.0,,8.0,3.0,1.0,3.0,3.0,3.0,2.0,3.0,1.0
1,1.3680966,99.0,1.0,4.0,,3.0,4.0,3.0,2.0,2.0,3.0,1.0,2.0
1,1.37046,5.0,1.0,4.0,,3.0,4.0,2.0,3.0,3.0,3.0,3.0,3.0
1,1.3732215,4.0,1.0,4.0,5.0,4.0,4.0,4.0,2.0,3.0,3.0,3.0,2.0
1,1.3921916,6.0,1.0,13.0,12.0,2.0,2.0,2.0,2.0,2.0,2.0,2.0,2.0
1,1.4251515,4.0,1.0,4.0,3.0,2.0,2.0,2.0,3.0,3.0,2.0,3.0,2.0
1,1.4354516,3.0,1.0,4.0,5.0,3.0,4.0,2.0,3.0,2.0,3.0,2.0,1.0
1,1.5615332,7.0,3.0,,,2.0,2.0,3.0,3.0,2.0,2.0,2.0,2.0
1,1.5682049,3.0,3.0,,3.0,3.0,2.0,2.0,3.0,4.0,2.0,1.0,2.0
1,1.5868306,99.0,1.0,13.0,12.0,,2.0,,2.0,2.0,2.0,3.0,2.0
1,1.6636953,99.0,1.0,,,2.0,2.0,2.0,3.0,3.0,2.0,3.0,2.0
1,1.6740359,3.0,1.0,4.0,3.0,2.0,2.0,4.0,2.0,4.0,3.0,2.0,2.0
1,1.7741761,3.0,1.0,13.0,12.0,3.0,4.0,3.0,3.0,3.0,3.0,2.0,2.0
1,1.8618878,2.0,1.0,13.0,12.0,4.0,4.0,3.0,3.0,3.0,3.0,2.0,1.0
1,1.8813477,5.0,3.0,,,2.0,4.0,2.0,3.0,2.0,2.0,3.0,2.0
1,1.9388554,1.0,1.0,4.0,4.0,3.0,3.0,1.0,3.0,4.0,3.0,1.0,1.0
1,1.9781393,99.0,3.0,,,1.0,4.0,,4.0,1.0,2.0,,1.0
1,2.284332,99.0,1.0,13.0,12.0,1.0,4.0,1.0,4.0,2.0,2.0,3.0,2.0
1,2.5047741,2.0,3.0,,,4.0,4.0,2.0,3.0,4.0,4.0,2.0,1.0
1,3.1387119,99.0,1.0,13.0,12.0,3.0,3.0,3.0,3.0,2.0,3.0,2.0,1.0
1,0.2438933,3.0,1.0,2.0,2.0,3.0,4.0,3.0,1.0,3.0,3.0,1.0,1.0
1,0.3868922,5.0,1.0,2.0,2.0,2.0,2.0,1.0,3.0,1.0,1.0,2.0,2.0
1,0.4199957,2.0,1.0,3.0,2.0,3.0,2.0,2.0,4.0,4.0,2.0,2.0,1.0
1,0.4671271,3.0,1.0,2.0,2.0,2.0,4.0,2.0,,3.0,1.0,2.0,2.0
1,0.4969351,5.0,1.0,8.0,9.0,3.0,1.0,3.0,3.0,3.0,3.0,4.0,1.0
1,0.4975144,99.0,1.0,3.0,5.0,3.0,3.0,3.0,3.0,3.0,2.0,4.0,3.0
1,0.5125949,7.0,1.0,8.0,7.0,2.0,,2.0,4.0,2.0,3.0,2.0,2.0
1,0.5809187,2.0,1.0,6.0,5.0,4.0,4.0,4.0,3.0,4.0,3.0,2.0,2.0
1,0.5887936,7.0,1.0,8.0,5.0,1.0,1.0,1.0,4.0,1.0,2.0,1.0,1.0
1,0.5999199,99.0,1.0,7.0,5.0,4.0,4.0,3.0,4.0,4.0,2.0,3.0,3.0
1,0.6102077,6.0,1.0,11.0,9.0,1.0,2.0,2.0,3.0,3.0,1.0,2.0,1.0
1,0.6111988,5.0,1.0,8.0,3.0,1.0,2.0,2.0,3.0,3.0,2.0,3.0,2.0
1,0.6179941,2.0,1.0,3.0,5.0,1.0,3.0,1.0,2.0,2.0,3.0,1.0,3.0
1,0.6229902,7.0,1.0,7.0,5.0,3.0,2.0,3.0,2.0,3.0,2.0,3.0,3.0
1,0.6308652,8.0,1.0,11.0,9.0,1.0,2.0,1.0,4.0,3.0,2.0,4.0,3.0
1,0.632104,3.0,1.0,5.0,3.0,3.0,2.0,3.0,2.0,4.0,2.0,,1.0
1,0.6538584,6.0,1.0,6.0,5.0,2.0,2.0,3.0,3.0,3.0,2.0,4.0,2.0
1,0.6742563,4.0,1.0,7.0,5.0,3.0,3.0,2.0,3.0,3.0,3.0,2.0,2.0
1,0.6913564,7.0,1.0,5.0,5.0,2.0,4.0,3.0,2.0,2.0,2.0,1.0,1.0
1,0.7197635,5.0,1.0,7.0,5.0,2.0,2.0,3.0,2.0,2.0,2.0,2.0,2.0
1,0.7318954,6.0,1.0,7.0,5.0,3.0,3.0,1.0,2.0,1.0,2.0,3.0,3.0
1,0.7385969,3.0,1.0,7.0,4.0,3.0,4.0,3.0,3.0,3.0,2.0,2.0,1.0
1,0.7950714,6.0,1.0,8.0,5.0,2.0,2.0,1.0,4.0,2.0,2.0,4.0,3.0
1,0.7955058,4.0,1.0,6.0,5.0,3.0,4.0,3.0,,3.0,4.0,1.0,1.0
1,0.7968189,8.0,1.0,8.0,7.0,2.0,3.0,2.0,3.0,2.0,2.0,3.0,3.0
1,0.8100956,7.0,1.0,7.0,5.0,2.0,2.0,2.0,4.0,2.0,2.0,3.0,2.0
1,0.8224859,4.0,1.0,4.0,3.0,2.0,1.0,2.0,3.0,3.0,2.0,2.0,2.0
1,0.8554787,99.0,1.0,7.0,4.0,,4.0,2.0,4.0,3.0,,4.0,1.0
1,0.8581182,5.0,1.0,7.0,5.0,,4.0,,3.0,,,2.0,2.0
1,0.8581182,6.0,1.0,7.0,5.0,2.0,4.0,2.0,4.0,3.0,2.0,2.0,2.0
1,0.8710465,5.0,1.0,7.0,5.0,3.0,4.0,2.0,3.0,2.0,2.0,2.0,3.0
1,0.8746012,4.0,1.0,6.0,5.0,3.0,4.0,2.0,4.0,3.0,2.0,3.0,2.0
1,0.9138895,1.0,1.0,4.0,3.0,4.0,4.0,4.0,4.0,4.0,4.0,2.0,1.0
1,0.920411,7.0,1.0,7.0,5.0,2.0,3.0,3.0,3.0,3.0,3.0,2.0,2.0
1,0.9228727,7.0,1.0,7.0,5.0,2.0,1.0,1.0,2.0,2.0,2.0,2.0,1.0
1,0.92545,6.0,1.0,9.0,7.0,2.0,1.0,2.0,3.0,2.0,2.0,3.0,3.0
1,0.9297665,6.0,1.0,7.0,5.0,3.0,4.0,3.0,2.0,3.0,3.0,3.0,2.0
1,0.9431717,6.0,1.0,7.0,5.0,3.0,4.0,2.0,4.0,1.0,2.0,2.0,2.0
1,0.9504755,7.0,1.0,7.0,5.0,2.0,4.0,,3.0,2.0,3.0,4.0,4.0
1,0.9525798,6.0,1.0,7.0,5.0,3.0,4.0,2.0,3.0,3.0,2.0,3.0,2.0
1,0.9571931,6.0,1.0,11.0,9.0,1.0,3.0,1.0,4.0,3.0,3.0,3.0,2.0
1,0.9728479,8.0,1.0,12.0,6.0,1.0,3.0,1.0,4.0,1.0,1.0,4.0,2.0
1,0.9835677,7.0,1.0,7.0,5.0,2.0,3.0,2.0,3.0,2.0,2.0,3.0,2.0
1,0.9877714,99.0,1.0,7.0,5.0,1.0,4.0,,2.0,4.0,1.0,3.0,2.0
1,0.9877714,6.0,1.0,7.0,5.0,3.0,2.0,4.0,3.0,3.0,3.0,3.0,2.0
1,0.9877714,7.0,1.0,7.0,,1.0,,2.0,3.0,2.0,2.0,4.0,3.0
1,0.9957276,4.0,1.0,6.0,4.0,2.0,3.0,2.0,3.0,4.0,3.0,2.0,1.0
1,1.0051416,6.0,1.0,7.0,5.0,1.0,4.0,1.0,3.0,3.0,2.0,2.0,2.0
1,1.0058243,6.0,1.0,7.0,5.0,2.0,1.0,1.0,3.0,2.0,3.0,2.0,2.0
1,1.0068241,,1.0,7.0,5.0,3.0,4.0,2.0,,2.0,2.0,3.0,1.0
1,1.014549,5.0,1.0,7.0,5.0,3.0,3.0,1.0,3.0,3.0,3.0,3.0,2.0
1,1.0262234,99.0,1.0,7.0,5.0,1.0,1.0,1.0,3.0,3.0,2.0,,1.0
1,1.0449791,5.0,1.0,7.0,5.0,2.0,2.0,2.0,3.0,4.0,2.0,3.0,2.0
1,1.0682031,3.0,1.0,4.0,3.0,3.0,4.0,2.0,2.0,2.0,3.0,1.0,1.0
1,1.087642,1.0,1.0,4.0,3.0,4.0,4.0,4.0,1.0,4.0,3.0,1.0,1.0
1,1.0943929,7.0,1.0,7.0,5.0,3.0,4.0,1.0,4.0,3.0,3.0,3.0,1.0
1,1.1068443,7.0,1.0,11.0,9.0,3.0,1.0,3.0,4.0,4.0,2.0,3.0,2.0
1,1.1416758,2.0,1.0,5.0,4.0,4.0,4.0,3.0,,4.0,4.0,2.0,1.0
1,1.1427932,4.0,1.0,7.0,4.0,3.0,4.0,3.0,3.0,4.0,2.0,3.0,3.0
1,1.1537896,2.0,1.0,4.0,4.0,3.0,3.0,2.0,2.0,3.0,1.0,1.0,2.0
1,1.3219143,8.0,1.0,7.0,5.0,2.0,4.0,2.0,3.0,1.0,2.0,4.0,3.0
1,1.4246694,4.0,,,4.0,3.0,4.0,3.0,2.0,,3.0,,2.0
1,1.4251515,6.0,1.0,4.0,3.0,3.0,2.0,4.0,4.0,3.0,2.0,3.0,3.0
1,1.4325589,2.0,1.0,4.0,3.0,3.0,3.0,3.0,2.0,3.0,2.0,2.0,1.0
1,1.576466,5.0,3.0,,12.0,3.0,4.0,4.0,3.0,3.0,3.0,2.0,2.0
1,1.6490132,3.0,,,3.0,4.0,4.0,3.0,3.0,4.0,4.0,3.0,3.0
1,1.8986106,99.0,1.0,13.0,,2.0,1.0,,4.0,4.0,4.0,2.0,
1,1.9040195,5.0,3.0,,5.0,3.0,4.0,2.0,2.0,1.0,1.0,4.0,3.0
1,2.1074903,7.0,3.0,,,1.0,2.0,1.0,4.0,1.0,2.0,2.0,2.0
1,2.3198907,99.0,1.0,13.0,12.0,2.0,1.0,1.0,3.0,3.0,2.0,,4.0
1,2.3373291,99.0,3.0,,,2.0,1.0,1.0,3.0,3.0,4.0,2.0,2.0
1,2.7762508,0.0,3.0,,,4.0,4.0,4.0,2.0,,3.0,2.0,1.0
1,0.6160361,6.0,1.0,8.0,5.0,3.0,4.0,1.0,4.0,4.0,4.0,3.0,1.0
1,0.8236769,6.0,1.0,7.0,7.0,2.0,2.0,2.0,3.0,2.0,2.0,4.0,3.0
1,1.0564948,5.0,1.0,7.0,5.0,3.0,2.0,3.0,2.0,2.0,3.0,3.0,2.0
1,1.1291193,7.0,1.0,7.0,5.0,3.0,4.0,4.0,2.0,3.0,2.0,2.0,2.0
1,1.223803,5.0,2.0,,,2.0,4.0,3.0,3.0,3.0,1.0,2.0,2.0
1,0.7318954,6.0,1.0,7.0,5.0,2.0,1.0,3.0,,4.0,2.0,2.0,1.0
1,1.5291499,5.0,3.0,,,3.0,3.0,3.0,3.0,3.0,3.0,3.0,3.0
1,0.9869758,7.0,1.0,10.0,9.0,1.0,2.0,1.0,4.0,1.0,2.0,3.0,2.0
1,1.0104007,7.0,1.0,10.0,,1.0,1.0,1.0,4.0,2.0,1.0,4.0,2.0
1,1.2559338,2.0,1.0,4.0,3.0,4.0,4.0,4.0,,4.0,4.0,1.0,1.0
1,1.5762619,99.0,3.0,,,1.0,1.0,1.0,3.0,1.0,1.0,1.0,3.0
1,0.5808157,7.0,1.0,7.0,5.0,3.0,3.0,3.0,3.0,3.0,2.0,3.0,2.0
1,0.6337792,99.0,1.0,7.0,5.0,2.0,4.0,3.0,3.0,4.0,2.0,2.0,2.0
1,0.6656452,7.0,1.0,7.0,5.0,1.0,2.0,2.0,1.0,1.0,1.0,2.0,1.0
1,0.6707327,7.0,1.0,7.0,12.0,1.0,4.0,2.0,2.0,1.0,2.0,2.0,2.0
1,0.6775172,5.0,1.0,11.0,9.0,1.0,2.0,1.0,3.0,2.0,2.0,2.0,1.0
1,0.690519,7.0,1.0,8.0,7.0,2.0,3.0,1.0,3.0,2.0,2.0,4.0,2.0
1,0.7142814,99.0,1.0,7.0,5.0,3.0,4.0,1.0,4.0,2.0,2.0,2.0,2.0
1,0.7464507,3.0,1.0,5.0,4.0,2.0,4.0,2.0,1.0,2.0,3.0,4.0,2.0
1,0.760554,4.0,1.0,7.0,5.0,2.0,2.0,2.0,3.0,3.0,2.0,2.0,1.0
1,0.76513,8.0,1.0,10.0,7.0,1.0,1.0,1.0,2.0,1.0,2.0,3.0,3.0
1,0.7715039,8.0,1.0,8.0,7.0,2.0,3.0,2.0,2.0,3.0,2.0,3.0,2.0
1,0.8019735,5.0,1.0,7.0,5.0,2.0,1.0,1.0,3.0,1.0,3.0,3.0,1.0
1,0.829341,3.0,1.0,3.0,4.0,4.0,4.0,1.0,3.0,4.0,2.0,2.0,1.0
1,0.8554787,5.0,1.0,7.0,5.0,2.0,3.0,1.0,3.0,2.0,1.0,2.0,2.0
1,0.9013733,6.0,1.0,7.0,5.0,4.0,4.0,3.0,2.0,2.0,1.0,3.0,2.0
1,0.9775807,4.0,1.0,7.0,5.0,4.0,4.0,3.0,3.0,3.0,3.0,2.0,2.0
1,0.9936169,4.0,1.0,11.0,9.0,2.0,1.0,2.0,2.0,1.0,2.0,2.0,2.0
1,1.0047555,7.0,1.0,4.0,3.0,2.0,1.0,1.0,1.0,1.0,2.0,2.0,2.0
1,1.0262234,4.0,1.0,7.0,5.0,2.0,4.0,3.0,4.0,4.0,2.0,3.0,3.0
1,1.0467089,7.0,1.0,4.0,5.0,1.0,2.0,1.0,2.0,1.0,1.0,1.0,2.0
1,1.0573682,7.0,1.0,7.0,5.0,2.0,3.0,3.0,2.0,3.0,2.0,2.0,2.0
1,1.0813617,5.0,1.0,7.0,5.0,2.0,2.0,1.0,4.0,1.0,,3.0,3.0
1,1.0813617,6.0,1.0,7.0,5.0,1.0,4.0,1.0,2.0,1.0,2.0,4.0,2.0
1,1.1143944,99.0,1.0,7.0,7.0,2.0,4.0,1.0,1.0,1.0,4.0,4.0,2.0
1,1.1626191,7.0,1.0,4.0,,1.0,1.0,1.0,2.0,3.0,1.0,1.0,1.0
1,1.1897936,5.0,1.0,7.0,5.0,1.0,4.0,2.0,2.0,2.0,1.0,3.0,3.0
1,1.2887968,4.0,1.0,4.0,3.0,2.0,4.0,1.0,3.0,3.0,2.0,2.0,1.0
1,1.3649516,99.0,1.0,13.0,12.0,2.0,2.0,3.0,2.0,2.0,3.0,2.0,1.0
1,1.4107952,7.0,3.0,,,3.0,1.0,2.0,1.0,2.0,1.0,2.0,2.0
1,1.5396545,8.0,1.0,4.0,3.0,1.0,2.0,2.0,1.0,2.0,2.0,1.0,1.0
1,1.545642,2.0,1.0,4.0,5.0,4.0,4.0,4.0,2.0,4.0,4.0,2.0,2.0
1,2.291028,9.0,1.0,13.0,,1.0,4.0,2.0,3.0,2.0,3.0,1.0,2.0
1,0.3201042,2.0,1.0,1.0,1.0,2.0,4.0,3.0,4.0,2.0,2.0,3.0,2.0
1,0.400322,8.0,1.0,8.0,12.0,2.0,2.0,1.0,3.0,2.0,2.0,2.0,2.0
1,0.4564485,10.0,1.0,8.0,7.0,1.0,1.0,1.0,4.0,2.0,1.0,4.0,4.0
1,0.4851839,4.0,1.0,6.0,1.0,4.0,4.0,4.0,4.0,1.0,2.0,2.0,1.0
1,0.4907913,6.0,1.0,8.0,7.0,3.0,4.0,1.0,4.0,4.0,2.0,4.0,3.0
1,0.5041562,8.0,1.0,11.0,9.0,2.0,2.0,2.0,3.0,2.0,2.0,2.0,2.0
1,0.507154,5.0,1.0,6.0,12.0,2.0,2.0,2.0,3.0,3.0,2.0,2.0,1.0
1,0.5111441,4.0,1.0,6.0,5.0,4.0,4.0,4.0,2.0,2.0,3.0,2.0,2.0
1,0.5171125,2.0,1.0,3.0,3.0,4.0,4.0,4.0,3.0,3.0,4.0,2.0,1.0
1,0.522325,4.0,1.0,6.0,4.0,,3.0,2.0,2.0,3.0,2.0,2.0,2.0
1,0.5239944,5.0,1.0,8.0,,2.0,2.0,2.0,2.0,2.0,2.0,3.0,2.0
1,0.5261839,7.0,1.0,8.0,4.0,1.0,1.0,1.0,4.0,2.0,1.0,4.0,2.0
1,0.5272146,8.0,1.0,11.0,7.0,1.0,4.0,1.0,4.0,2.0,2.0,4.0,
1,0.5354601,5.0,1.0,6.0,5.0,4.0,4.0,4.0,2.0,3.0,3.0,2.0,2.0
1,0.5396559,2.0,1.0,3.0,4.0,4.0,4.0,3.0,2.0,4.0,3.0,2.0,2.0
1,0.5419562,4.0,1.0,6.0,4.0,3.0,4.0,2.0,3.0,3.0,3.0,2.0,2.0
1,0.5477778,99.0,1.0,12.0,6.0,1.0,3.0,2.0,4.0,2.0,3.0,2.0,2.0
1,0.5585366,5.0,1.0,11.0,9.0,3.0,3.0,3.0,2.0,4.0,3.0,2.0,3.0
1,0.5585366,10.0,1.0,11.0,8.0,2.0,1.0,1.0,4.0,1.0,4.0,4.0,1.0
1,0.5703911,8.0,1.0,7.0,7.0,1.0,4.0,1.0,3.0,3.0,2.0,4.0,2.0
1,0.5703911,5.0,1.0,7.0,5.0,2.0,4.0,2.0,4.0,4.0,3.0,3.0,3.0
1,0.5704351,7.0,1.0,7.0,5.0,3.0,2.0,2.0,2.0,2.0,2.0,3.0,2.0
1,0.5709796,10.0,1.0,11.0,9.0,1.0,1.0,1.0,3.0,2.0,1.0,2.0,2.0
1,0.582795,9.0,1.0,8.0,7.0,2.0,3.0,2.0,3.0,2.0,2.0,3.0,3.0
1,0.583186,2.0,1.0,6.0,4.0,4.0,4.0,4.0,1.0,3.0,3.0,2.0,2.0
1,0.5940818,8.0,1.0,8.0,7.0,2.0,2.0,2.0,3.0,2.0,2.0,3.0,2.0
1,0.5957106,4.0,1.0,3.0,12.0,1.0,2.0,1.0,1.0,1.0,1.0,2.0,3.0
1,0.6072091,2.0,1.0,3.0,3.0,3.0,4.0,3.0,3.0,2.0,4.0,2.0,2.0
1,0.6103464,7.0,1.0,8.0,7.0,3.0,4.0,3.0,3.0,2.0,2.0,4.0,2.0
1,0.6103464,7.0,1.0,8.0,7.0,1.0,3.0,1.0,3.0,1.0,2.0,4.0,4.0
1,0.6122295,7.0,1.0,8.0,7.0,2.0,4.0,1.0,4.0,1.0,2.0,3.0,3.0
1,0.6147313,8.0,1.0,11.0,9.0,1.0,2.0,1.0,1.0,1.0,1.0,1.0,1.0
1,0.6218319,5.0,1.0,7.0,7.0,3.0,4.0,2.0,3.0,2.0,2.0,4.0,3.0
1,0.6218799,2.0,1.0,7.0,5.0,4.0,4.0,4.0,3.0,4.0,2.0,2.0,2.0
1,0.6224039,4.0,1.0,7.0,5.0,3.0,4.0,3.0,3.0,3.0,2.0,3.0,3.0
1,0.6255727,5.0,1.0,5.0,5.0,3.0,4.0,3.0,1.0,3.0,3.0,2.0,1.0
1,0.6296647,7.0,1.0,8.0,,2.0,3.0,1.0,3.0,3.0,1.0,2.0,3.0
1,0.6302456,7.0,1.0,5.0,5.0,4.0,4.0,4.0,4.0,2.0,4.0,1.0,1.0
1,0.6315965,7.0,1.0,8.0,7.0,1.0,4.0,1.0,4.0,1.0,2.0,3.0,3.0
1,0.637412,8.0,1.0,8.0,7.0,2.0,4.0,3.0,3.0,2.0,2.0,4.0,2.0
1,0.638617,9.0,1.0,11.0,9.0,2.0,4.0,2.0,4.0,3.0,2.0,3.0,3.0
1,0.6401005,6.0,1.0,8.0,5.0,1.0,1.0,1.0,3.0,4.0,2.0,4.0,4.0
1,0.6469217,6.0,1.0,7.0,5.0,,3.0,3.0,,3.0,2.0,3.0,2.0
1,0.6517993,8.0,1.0,8.0,7.0,2.0,2.0,2.0,3.0,2.0,2.0,3.0,2.0
1,0.6524876,5.0,1.0,7.0,5.0,3.0,3.0,2.0,3.0,2.0,2.0,3.0,2.0
1,0.6552425,4.0,1.0,7.0,5.0,2.0,3.0,3.0,2.0,2.0,3.0,2.0,2.0
1,0.6565304,8.0,1.0,8.0,7.0,3.0,4.0,3.0,1.0,2.0,2.0,3.0,2.0
1,0.6586942,6.0,1.0,7.0,5.0,4.0,4.0,4.0,2.0,3.0,3.0,3.0,2.0
1,0.6613823,1.0,1.0,6.0,3.0,3.0,4.0,3.0,4.0,3.0,3.0,2.0,1.0
1,0.6619309,4.0,2.0,,,3.0,3.0,2.0,2.0,2.0,2.0,2.0,1.0
1,0.6644127,6.0,1.0,7.0,5.0,2.0,3.0,2.0,3.0,3.0,2.0,3.0,2.0
1,0.6663221,8.0,1.0,11.0,9.0,2.0,1.0,2.0,3.0,2.0,3.0,3.0,2.0
1,0.678764,7.0,1.0,10.0,7.0,3.0,3.0,2.0,2.0,3.0,2.0,2.0,2.0
1,0.6844093,5.0,1.0,6.0,5.0,3.0,4.0,3.0,2.0,3.0,1.0,3.0,3.0
1,0.685931,2.0,1.0,3.0,4.0,3.0,4.0,3.0,2.0,3.0,3.0,2.0,1.0
1,0.6864694,8.0,1.0,11.0,9.0,2.0,2.0,2.0,4.0,3.0,2.0,2.0,2.0
1,0.6909367,6.0,1.0,7.0,5.0,1.0,1.0,1.0,2.0,1.0,2.0,3.0,2.0
1,0.6909367,5.0,1.0,7.0,5.0,4.0,4.0,3.0,3.0,3.0,,2.0,1.0
1,0.6933144,7.0,1.0,7.0,5.0,2.0,4.0,1.0,4.0,2.0,2.0,3.0,1.0
1,0.6967944,6.0,1.0,7.0,5.0,3.0,4.0,2.0,4.0,4.0,2.0,4.0,2.0
1,0.6991149,7.0,1.0,8.0,7.0,1.0,3.0,2.0,2.0,4.0,2.0,1.0,1.0
1,0.6991474,4.0,1.0,3.0,5.0,3.0,4.0,3.0,3.0,3.0,2.0,2.0,1.0
1,0.7012123,99.0,1.0,7.0,4.0,2.0,2.0,1.0,2.0,3.0,3.0,3.0,2.0
1,0.7024086,2.0,1.0,6.0,4.0,4.0,4.0,4.0,2.0,2.0,2.0,3.0,1.0
1,0.7032098,,1.0,11.0,9.0,1.0,2.0,2.0,2.0,4.0,1.0,4.0,1.0
1,0.7039381,2.0,1.0,3.0,5.0,4.0,4.0,3.0,3.0,3.0,3.0,2.0,2.0
1,0.7059311,6.0,1.0,7.0,5.0,2.0,2.0,2.0,2.0,2.0,2.0,2.0,2.0
1,0.7059311,7.0,1.0,7.0,5.0,,,1.0,4.0,2.0,,3.0,
1,0.7108993,7.0,1.0,8.0,7.0,,3.0,2.0,2.0,3.0,2.0,4.0,3.0
1,0.7159978,4.0,1.0,6.0,5.0,4.0,4.0,3.0,3.0,3.0,3.0,2.0,1.0
1,0.7182069,5.0,1.0,6.0,5.0,3.0,4.0,3.0,3.0,3.0,2.0,2.0,2.0
1,0.7187592,6.0,1.0,7.0,5.0,3.0,3.0,3.0,2.0,3.0,2.0,2.0,2.0
1,0.7238361,5.0,1.0,8.0,7.0,1.0,2.0,1.0,3.0,3.0,3.0,4.0,2.0
1,0.7254584,99.0,1.0,6.0,5.0,4.0,4.0,4.0,2.0,3.0,4.0,3.0,2.0
1,0.7318954,99.0,1.0,7.0,5.0,3.0,4.0,3.0,4.0,2.0,1.0,2.0,1.0
1,0.7342387,4.0,1.0,6.0,3.0,,3.0,2.0,3.0,3.0,2.0,3.0,3.0
1,0.7370612,5.0,1.0,6.0,5.0,3.0,3.0,3.0,2.0,3.0,2.0,3.0,3.0
1,0.7444116,4.0,1.0,5.0,2.0,,4.0,3.0,,3.0,,,
1,0.7455465,7.0,1.0,8.0,7.0,2.0,2.0,2.0,3.0,1.0,2.0,2.0,1.0
1,0.7463294,3.0,1.0,6.0,,3.0,4.0,4.0,3.0,2.0,4.0,2.0,2.0
1,0.7485889,2.0,1.0,7.0,,1.0,2.0,1.0,4.0,4.0,4.0,1.0,1.0
1,0.7488986,99.0,1.0,11.0,9.0,2.0,2.0,2.0,3.0,4.0,3.0,2.0,1.0
1,0.7489564,99.0,1.0,11.0,3.0,3.0,4.0,1.0,2.0,3.0,2.0,2.0,1.0
1,0.759635,6.0,1.0,7.0,5.0,3.0,4.0,2.0,4.0,2.0,1.0,3.0,2.0
1,0.760093,2.0,1.0,5.0,12.0,4.0,4.0,4.0,2.0,3.0,4.0,2.0,1.0
1,0.7668002,3.0,1.0,6.0,5.0,3.0,4.0,3.0,2.0,3.0,3.0,2.0,2.0
1,0.7703035,5.0,1.0,7.0,5.0,3.0,4.0,3.0,3.0,2.0,2.0,2.0,1.0
1,0.7765173,1.0,1.0,4.0,3.0,3.0,4.0,2.0,3.0,4.0,3.0,1.0,1.0
1,0.783134,99.0,1.0,7.0,5.0,1.0,2.0,1.0,4.0,4.0,2.0,2.0,3.0
1,0.7923373,,1.0,7.0,5.0,3.0,4.0,3.0,3.0,3.0,3.0,2.0,2.0
1,0.7930048,6.0,1.0,7.0,5.0,4.0,4.0,3.0,3.0,2.0,2.0,3.0,3.0
1,0.793357,,1.0,7.0,5.0,4.0,1.0,3.0,2.0,3.0,1.0,4.0,2.0
1,0.7950714,8.0,1.0,8.0,7.0,2.0,2.0,1.0,3.0,1.0,2.0,3.0,3.0
1,0.7955058,4.0,1.0,6.0,4.0,3.0,4.0,3.0,3.0,4.0,4.0,1.0,1.0
1,0.7955558,,1.0,7.0,5.0,2.0,3.0,,3.0,2.0,3.0,4.0,2.0
1,0.8046662,3.0,1.0,7.0,5.0,3.0,3.0,3.0,3.0,3.0,2.0,2.0,1.0
1,0.806756,6.0,1.0,7.0,5.0,1.0,4.0,3.0,3.0,4.0,2.0,3.0,2.0
1,0.8100956,6.0,1.0,7.0,5.0,3.0,3.0,3.0,2.0,3.0,3.0,2.0,2.0
1,0.8163052,6.0,1.0,12.0,,2.0,4.0,1.0,4.0,1.0,2.0,3.0,3.0
1,0.8181759,2.0,1.0,4.0,2.0,4.0,4.0,3.0,1.0,3.0,3.0,2.0,1.0
1,0.8224859,1.0,1.0,4.0,3.0,3.0,3.0,4.0,1.0,4.0,4.0,2.0,1.0
1,0.8242429,7.0,1.0,7.0,5.0,1.0,1.0,3.0,3.0,2.0,1.0,3.0,4.0
1,0.8242429,5.0,1.0,7.0,5.0,4.0,4.0,3.0,2.0,2.0,2.0,3.0,2.0
1,0.8249394,5.0,1.0,11.0,5.0,3.0,3.0,2.0,3.0,2.0,1.0,4.0,4.0
1,0.8319573,4.0,1.0,7.0,5.0,3.0,4.0,2.0,3.0,2.0,2.0,2.0,2.0
1,0.8401243,3.0,1.0,7.0,5.0,1.0,1.0,1.0,4.0,3.0,2.0,2.0,2.0
1,0.8424777,6.0,1.0,7.0,,2.0,2.0,2.0,4.0,3.0,2.0,4.0,2.0
1,0.8463823,8.0,1.0,7.0,5.0,2.0,2.0,2.0,2.0,1.0,2.0,2.0,2.0
1,0.8515596,5.0,1.0,6.0,7.0,2.0,3.0,2.0,2.0,3.0,2.0,2.0,2.0
1,0.8545806,3.0,1.0,7.0,5.0,4.0,4.0,4.0,3.0,3.0,2.0,2.0,2.0
1,0.8545806,7.0,1.0,7.0,5.0,2.0,2.0,1.0,2.0,3.0,2.0,2.0,2.0
1,0.8554787,5.0,1.0,7.0,5.0,3.0,4.0,3.0,2.0,3.0,3.0,3.0,2.0
1,0.8554787,7.0,1.0,7.0,5.0,3.0,4.0,2.0,4.0,3.0,1.0,3.0,3.0
1,0.8554787,8.0,1.0,7.0,7.0,2.0,4.0,1.0,3.0,2.0,2.0,3.0,3.0
1,0.8554787,6.0,1.0,7.0,5.0,2.0,4.0,1.0,3.0,2.0,,3.0,3.0
1,0.8626261,5.0,1.0,7.0,5.0,3.0,4.0,2.0,2.0,2.0,3.0,4.0,2.0
1,0.8638579,4.0,1.0,6.0,5.0,2.0,3.0,2.0,2.0,2.0,3.0,2.0,2.0
1,0.8685289,5.0,1.0,7.0,4.0,2.0,4.0,2.0,2.0,2.0,2.0,2.0,2.0
1,0.8685289,4.0,1.0,7.0,5.0,3.0,4.0,2.0,2.0,3.0,3.0,2.0,1.0
1,0.8693745,6.0,1.0,7.0,5.0,2.0,1.0,2.0,2.0,2.0,1.0,3.0,2.0
1,0.8710465,5.0,1.0,7.0,5.0,2.0,3.0,1.0,3.0,3.0,2.0,4.0,3.0
1,0.8710465,5.0,1.0,7.0,5.0,2.0,2.0,2.0,2.0,3.0,2.0,2.0,2.0
1,0.8710465,7.0,1.0,7.0,5.0,2.0,1.0,2.0,2.0,3.0,1.0,4.0,3.0
1,0.8727692,4.0,1.0,6.0,5.0,3.0,3.0,3.0,3.0,3.0,1.0,4.0,2.0
1,0.8769082,4.0,1.0,6.0,3.0,3.0,4.0,3.0,2.0,4.0,4.0,1.0,1.0
1,0.8847827,8.0,1.0,7.0,5.0,1.0,1.0,2.0,4.0,2.0,2.0,1.0,1.0
1,0.8847827,6.0,1.0,7.0,5.0,4.0,2.0,3.0,2.0,2.0,2.0,3.0,2.0
1,0.8851952,6.0,1.0,7.0,7.0,3.0,4.0,4.0,3.0,3.0,3.0,3.0,2.0
1,0.8852636,5.0,1.0,7.0,5.0,2.0,3.0,2.0,2.0,2.0,2.0,2.0,1.0
1,0.8852636,4.0,1.0,7.0,5.0,3.0,4.0,4.0,3.0,2.0,2.0,3.0,2.0
1,0.8898194,7.0,1.0,11.0,,2.0,3.0,2.0,3.0,,2.0,3.0,3.0
1,0.8933066,6.0,1.0,7.0,5.0,3.0,4.0,2.0,4.0,3.0,2.0,2.0,2.0
1,0.896747,99.0,1.0,7.0,5.0,4.0,4.0,4.0,4.0,4.0,3.0,1.0,2.0
1,0.9013733,4.0,1.0,7.0,5.0,3.0,4.0,1.0,2.0,3.0,3.0,3.0,2.0
1,0.9013733,6.0,1.0,7.0,5.0,3.0,4.0,2.0,4.0,3.0,2.0,3.0,2.0
1,0.901839,3.0,1.0,4.0,3.0,3.0,4.0,3.0,2.0,3.0,3.0,2.0,2.0
1,0.9161779,6.0,1.0,7.0,5.0,1.0,4.0,1.0,2.0,2.0,1.0,3.0,2.0
1,0.9329262,6.0,1.0,11.0,9.0,1.0,2.0,2.0,1.0,3.0,1.0,2.0,1.0
1,0.9370291,5.0,1.0,12.0,6.0,3.0,4.0,1.0,2.0,,3.0,3.0,2.0
1,0.9399535,5.0,1.0,6.0,5.0,,4.0,4.0,2.0,3.0,,2.0,2.0
1,0.9451762,4.0,1.0,5.0,5.0,3.0,4.0,3.0,2.0,3.0,4.0,3.0,2.0
1,0.9467592,7.0,1.0,7.0,5.0,3.0,4.0,2.0,2.0,4.0,3.0,2.0,2.0
1,0.9504755,6.0,1.0,7.0,5.0,3.0,3.0,1.0,3.0,2.0,2.0,3.0,3.0
1,0.9504755,5.0,1.0,7.0,5.0,3.0,3.0,3.0,2.0,3.0,2.0,4.0,1.0
1,0.9504755,9.0,1.0,7.0,5.0,1.0,2.0,1.0,4.0,2.0,2.0,4.0,3.0
1,0.9541546,8.0,1.0,12.0,6.0,2.0,4.0,1.0,4.0,2.0,2.0,4.0,3.0
1,0.9553869,3.0,1.0,12.0,6.0,3.0,4.0,2.0,2.0,1.0,2.0,2.0,2.0
1,0.9656243,6.0,1.0,7.0,,,,1.0,,,2.0,3.0,2.0
1,0.9673985,9.0,1.0,4.0,3.0,4.0,3.0,4.0,2.0,2.0,1.0,2.0,1.0
1,0.9686179,5.0,1.0,7.0,5.0,2.0,4.0,2.0,4.0,4.0,2.0,3.0,3.0
1,0.9690966,2.0,1.0,7.0,5.0,3.0,4.0,2.0,2.0,4.0,3.0,2.0,1.0
1,0.9775807,4.0,1.0,7.0,5.0,1.0,4.0,3.0,3.0,1.0,2.0,3.0,2.0
1,0.9785325,4.0,1.0,7.0,4.0,3.0,4.0,4.0,2.0,3.0,3.0,2.0,2.0
1,0.9835677,4.0,1.0,7.0,5.0,4.0,4.0,3.0,3.0,4.0,2.0,4.0,2.0
1,0.98729,1.0,1.0,6.0,5.0,4.0,4.0,4.0,1.0,4.0,3.0,1.0,1.0
1,0.9877714,,1.0,7.0,5.0,3.0,3.0,3.0,3.0,3.0,2.0,3.0,3.0
1,0.9878968,5.0,1.0,7.0,12.0,3.0,4.0,3.0,2.0,3.0,2.0,3.0,2.0
1,0.9958045,3.0,1.0,6.0,4.0,4.0,4.0,3.0,2.0,3.0,4.0,1.0,1.0
1,0.9964165,6.0,1.0,7.0,5.0,,4.0,2.0,3.0,2.0,2.0,2.0,2.0
1,0.9964165,6.0,1.0,7.0,5.0,2.0,3.0,2.0,3.0,2.0,3.0,3.0,2.0
1,0.9964165,6.0,1.0,7.0,5.0,3.0,4.0,2.0,3.0,3.0,2.0,3.0,2.0
1,0.9964165,2.0,1.0,7.0,,4.0,4.0,3.0,3.0,4.0,3.0,2.0,2.0
1,1.0011404,7.0,1.0,4.0,,2.0,2.0,1.0,1.0,2.0,2.0,2.0,2.0
1,1.0068241,7.0,1.0,7.0,5.0,2.0,2.0,1.0,3.0,2.0,2.0,4.0,4.0
1,1.0108162,99.0,1.0,7.0,12.0,2.0,2.0,2.0,2.0,2.0,2.0,2.0,2.0
1,1.0136176,6.0,1.0,7.0,5.0,2.0,4.0,2.0,4.0,2.0,3.0,4.0,3.0
1,1.014549,3.0,1.0,7.0,5.0,3.0,4.0,2.0,4.0,3.0,3.0,4.0,2.0
1,1.014549,7.0,1.0,7.0,5.0,2.0,3.0,2.0,3.0,3.0,2.0,4.0,2.0
1,1.0154867,5.0,1.0,7.0,12.0,1.0,1.0,1.0,4.0,3.0,4.0,2.0,2.0
1,1.0186894,2.0,1.0,6.0,4.0,3.0,4.0,3.0,3.0,3.0,3.0,2.0,1.0
1,1.0217552,9.0,1.0,11.0,9.0,1.0,2.0,1.0,2.0,2.0,1.0,4.0,4.0
1,1.0252253,6.0,1.0,7.0,5.0,3.0,4.0,2.0,3.0,2.0,2.0,3.0,3.0
1,1.0262234,6.0,1.0,7.0,5.0,3.0,4.0,3.0,4.0,4.0,3.0,4.0,3.0
1,1.0262234,4.0,1.0,7.0,5.0,3.0,3.0,2.0,2.0,3.0,3.0,3.0,2.0
1,1.0292108,4.0,1.0,7.0,5.0,4.0,4.0,4.0,1.0,3.0,2.0,2.0,2.0
1,1.0321429,8.0,1.0,7.0,5.0,2.0,2.0,1.0,4.0,2.0,2.0,3.0,2.0
1,1.0321429,6.0,1.0,7.0,5.0,1.0,1.0,1.0,4.0,1.0,1.0,1.0,1.0
1,1.0449791,8.0,1.0,7.0,5.0,2.0,4.0,2.0,3.0,2.0,2.0,3.0,3.0
1,1.0449791,5.0,1.0,7.0,5.0,3.0,4.0,2.0,3.0,2.0,2.0,4.0,2.0
1,1.0449791,5.0,1.0,7.0,5.0,4.0,4.0,3.0,2.0,3.0,3.0,4.0,3.0
1,1.0449791,4.0,1.0,7.0,5.0,4.0,4.0,3.0,3.0,2.0,4.0,1.0,1.0
1,1.0455021,5.0,1.0,4.0,3.0,3.0,2.0,2.0,2.0,2.0,2.0,2.0,2.0
1,1.0737947,7.0,1.0,7.0,5.0,2.0,3.0,2.0,2.0,2.0,2.0,3.0,2.0
1,1.0790266,6.0,1.0,7.0,5.0,2.0,4.0,1.0,4.0,3.0,2.0,4.0,3.0
1,1.0799748,3.0,1.0,4.0,5.0,2.0,4.0,3.0,3.0,4.0,2.0,1.0,1.0
1,1.0943929,4.0,1.0,7.0,5.0,3.0,3.0,3.0,2.0,3.0,3.0,2.0,2.0
1,1.0943929,7.0,1.0,7.0,5.0,2.0,4.0,2.0,4.0,3.0,2.0,3.0,3.0
1,1.0943929,8.0,1.0,7.0,5.0,2.0,3.0,2.0,3.0,2.0,2.0,3.0,2.0
1,1.0943929,5.0,1.0,7.0,5.0,3.0,4.0,2.0,4.0,2.0,2.0,,2.0
1,1.1029054,4.0,1.0,7.0,5.0,1.0,4.0,1.0,3.0,4.0,3.0,2.0,2.0
1,1.1063837,4.0,1.0,6.0,12.0,3.0,2.0,3.0,2.0,3.0,2.0,,2.0
1,1.1070637,4.0,1.0,7.0,5.0,3.0,4.0,3.0,3.0,3.0,2.0,3.0,3.0
1,1.1143944,6.0,1.0,7.0,5.0,3.0,4.0,1.0,4.0,4.0,3.0,3.0,3.0
1,1.1143944,4.0,1.0,7.0,5.0,4.0,4.0,3.0,2.0,2.0,3.0,2.0,2.0
1,1.1143944,6.0,1.0,7.0,5.0,2.0,4.0,2.0,3.0,2.0,2.0,3.0,2.0
1,1.1174263,3.0,3.0,,,2.0,2.0,2.0,2.0,2.0,2.0,2.0,2.0
1,1.1187081,3.0,1.0,12.0,6.0,,4.0,1.0,,,,2.0,1.0
1,1.1270734,7.0,1.0,11.0,9.0,2.0,2.0,2.0,2.0,3.0,3.0,2.0,2.0
1,1.1416758,3.0,1.0,5.0,4.0,3.0,4.0,3.0,2.0,3.0,3.0,2.0,1.0
1,1.1434878,2.0,1.0,4.0,3.0,4.0,4.0,4.0,2.0,3.0,3.0,2.0,1.0
1,1.1816456,5.0,1.0,7.0,5.0,2.0,3.0,2.0,2.0,3.0,2.0,2.0,2.0
1,1.1826359,2.0,1.0,4.0,3.0,4.0,4.0,3.0,2.0,4.0,3.0,1.0,1.0
1,1.1868271,3.0,1.0,4.0,3.0,4.0,4.0,3.0,4.0,4.0,2.0,1.0,2.0
1,1.1897018,,1.0,7.0,5.0,4.0,4.0,3.0,3.0,2.0,3.0,3.0,1.0
1,1.1897018,3.0,1.0,7.0,5.0,,4.0,3.0,,2.0,2.0,3.0,2.0
1,1.1897936,4.0,1.0,7.0,5.0,2.0,3.0,2.0,3.0,2.0,2.0,4.0,3.0
1,1.1897936,7.0,1.0,7.0,5.0,2.0,2.0,2.0,2.0,3.0,3.0,3.0,2.0
1,1.1952909,5.0,1.0,7.0,5.0,3.0,4.0,3.0,4.0,3.0,2.0,4.0,3.0
1,1.2018379,99.0,2.0,,,,,,2.0,,,,3.0
1,1.2107699,3.0,1.0,4.0,3.0,4.0,4.0,4.0,2.0,4.0,4.0,2.0,2.0
1,1.2114452,4.0,1.0,7.0,5.0,,4.0,2.0,,3.0,2.0,2.0,2.0
1,1.2163889,3.0,1.0,6.0,4.0,,4.0,2.0,2.0,3.0,3.0,2.0,1.0
1,1.2302709,3.0,1.0,4.0,3.0,4.0,4.0,4.0,4.0,4.0,4.0,2.0,2.0
1,1.2814054,2.0,1.0,4.0,3.0,,4.0,3.0,2.0,4.0,4.0,2.0,2.0
1,1.3048248,2.0,1.0,4.0,3.0,2.0,4.0,2.0,2.0,3.0,3.0,2.0,1.0
1,1.3219143,2.0,1.0,7.0,5.0,3.0,1.0,3.0,2.0,2.0,2.0,3.0,3.0
1,1.3220658,3.0,1.0,4.0,3.0,3.0,2.0,3.0,3.0,4.0,3.0,2.0,2.0
1,1.3324096,1.0,1.0,4.0,3.0,4.0,4.0,4.0,1.0,3.0,3.0,1.0,1.0
1,1.3431348,99.0,3.0,,4.0,2.0,1.0,2.0,3.0,3.0,2.0,2.0,1.0
1,1.3502544,2.0,1.0,4.0,3.0,4.0,4.0,3.0,2.0,2.0,4.0,2.0,2.0
1,1.3525879,3.0,1.0,4.0,3.0,4.0,4.0,2.0,3.0,4.0,4.0,3.0,3.0
1,1.3781013,99.0,3.0,,,2.0,1.0,2.0,,3.0,,3.0,2.0
1,1.3979436,5.0,1.0,7.0,5.0,3.0,3.0,3.0,3.0,3.0,3.0,2.0,2.0
1,1.4036683,3.0,1.0,4.0,5.0,3.0,4.0,4.0,3.0,2.0,3.0,2.0,2.0
1,1.4126574,5.0,3.0,,,3.0,1.0,2.0,,2.0,2.0,2.0,3.0
1,1.440663,3.0,3.0,,,4.0,4.0,3.0,2.0,3.0,3.0,3.0,2.0
1,1.4533494,3.0,1.0,7.0,5.0,3.0,4.0,4.0,2.0,,4.0,2.0,1.0
1,1.4533494,2.0,1.0,7.0,5.0,4.0,4.0,4.0,3.0,4.0,4.0,,2.0
1,1.4616441,6.0,1.0,13.0,8.0,3.0,3.0,3.0,3.0,3.0,2.0,3.0,2.0
1,1.4644731,4.0,1.0,4.0,3.0,2.0,2.0,2.0,2.0,2.0,2.0,2.0,2.0
1,1.5291499,4.0,1.0,13.0,12.0,2.0,3.0,4.0,3.0,2.0,2.0,2.0,1.0
1,1.5331088,2.0,1.0,4.0,3.0,3.0,4.0,4.0,2.0,4.0,3.0,2.0,1.0
1,1.5398736,99.0,1.0,4.0,3.0,4.0,3.0,4.0,2.0,3.0,2.0,3.0,2.0
1,1.5804777,3.0,3.0,,4.0,2.0,4.0,,3.0,3.0,2.0,2.0,1.0
1,1.6012894,5.0,1.0,4.0,5.0,2.0,1.0,1.0,3.0,2.0,3.0,2.0,2.0
1,1.6024731,5.0,1.0,13.0,12.0,2.0,,3.0,,3.0,2.0,2.0,1.0
1,1.6319097,5.0,1.0,4.0,3.0,3.0,4.0,2.0,2.0,4.0,4.0,2.0,2.0
1,1.6319097,3.0,1.0,4.0,4.0,3.0,4.0,2.0,4.0,3.0,3.0,2.0,1.0
1,1.6441201,4.0,1.0,14.0,12.0,2.0,2.0,2.0,2.0,3.0,2.0,2.0,2.0
1,1.6522049,4.0,1.0,4.0,3.0,3.0,4.0,2.0,3.0,3.0,2.0,2.0,1.0
1,1.6782255,5.0,3.0,,5.0,3.0,3.0,3.0,2.0,3.0,2.0,4.0,4.0
1,1.694633,3.0,1.0,4.0,3.0,4.0,4.0,4.0,2.0,1.0,4.0,4.0,
1,1.7143605,2.0,1.0,4.0,3.0,2.0,4.0,1.0,3.0,3.0,3.0,2.0,1.0
1,1.737676,1.0,1.0,4.0,3.0,4.0,4.0,3.0,2.0,4.0,2.0,2.0,2.0
1,1.832128,5.0,3.0,,,1.0,3.0,1.0,3.0,2.0,3.0,3.0,4.0
1,1.8912582,99.0,3.0,,,3.0,4.0,3.0,2.0,3.0,4.0,2.0,2.0
1,2.0137506,3.0,1.0,4.0,3.0,4.0,4.0,4.0,3.0,4.0,4.0,2.0,1.0
1,2.1251791,99.0,1.0,14.0,,2.0,2.0,2.0,,,2.0,3.0,2.0
1,2.148097,4.0,1.0,13.0,12.0,3.0,4.0,2.0,3.0,3.0,4.0,3.0,2.0
1,2.176075,8.0,3.0,,,1.0,2.0,2.0,3.0,2.0,2.0,3.0,3.0
1,2.3883715,4.0,1.0,13.0,12.0,3.0,4.0,3.0,3.0,2.0,3.0,3.0,2.0
1,2.5505521,99.0,1.0,13.0,12.0,4.0,4.0,3.0,2.0,3.0,3.0,3.0,3.0
1,2.5538411,3.0,1.0,13.0,12.0,4.0,4.0,4.0,3.0,3.0,2.0,3.0,2.0
1,2.5919816,5.0,3.0,,5.0,2.0,4.0,2.0,3.0,2.0,2.0,2.0,2.0
1,2.594692,4.0,3.0,,,3.0,4.0,2.0,3.0,3.0,2.0,1.0,2.0
1,2.67116,5.0,3.0,,7.0,2.0,1.0,1.0,3.0,4.0,1.0,3.0,2.0
1,0.479542,3.0,1.0,3.0,4.0,4.0,4.0,2.0,3.0,4.0,3.0,2.0,1.0
1,0.5454271,2.0,1.0,3.0,4.0,2.0,4.0,1.0,3.0,3.0,4.0,2.0,2.0
1,0.5703911,3.0,1.0,7.0,5.0,4.0,1.0,4.0,1.0,4.0,3.0,2.0,2.0
1,0.5887936,7.0,1.0,8.0,7.0,2.0,,1.0,3.0,2.0,2.0,4.0,
1,0.6842881,5.0,1.0,7.0,5.0,2.0,3.0,2.0,3.0,3.0,2.0,2.0,1.0
1,0.6909367,6.0,1.0,7.0,5.0,2.0,3.0,3.0,3.0,2.0,3.0,3.0,2.0
1,0.6977854,5.0,1.0,7.0,5.0,3.0,4.0,,,2.0,2.0,3.0,3.0
1,0.759635,4.0,1.0,7.0,5.0,4.0,4.0,3.0,3.0,4.0,2.0,2.0,2.0
1,0.7625754,5.0,1.0,12.0,5.0,2.0,4.0,3.0,4.0,4.0,4.0,2.0,2.0
1,0.7726327,7.0,2.0,,,4.0,1.0,3.0,2.0,1.0,1.0,2.0,2.0
1,0.7950714,7.0,1.0,8.0,7.0,1.0,4.0,1.0,4.0,2.0,2.0,4.0,3.0
1,0.8100956,4.0,1.0,7.0,5.0,3.0,4.0,3.0,3.0,3.0,3.0,2.0,2.0
1,0.8177366,3.0,1.0,7.0,5.0,3.0,4.0,2.0,3.0,3.0,2.0,1.0,2.0
1,0.8401243,6.0,1.0,7.0,5.0,1.0,2.0,3.0,2.0,1.0,2.0,1.0,1.0
1,0.8554787,4.0,1.0,7.0,5.0,3.0,4.0,3.0,2.0,2.0,2.0,4.0,3.0
1,0.8714064,8.0,1.0,10.0,7.0,1.0,3.0,1.0,4.0,1.0,2.0,4.0,1.0
1,0.8783918,4.0,1.0,7.0,5.0,3.0,4.0,2.0,3.0,3.0,2.0,3.0,3.0
1,0.8896126,8.0,1.0,8.0,5.0,2.0,2.0,1.0,2.0,1.0,1.0,1.0,4.0
1,0.9504755,4.0,1.0,7.0,5.0,4.0,4.0,3.0,4.0,2.0,3.0,4.0,
1,0.9504755,5.0,1.0,7.0,5.0,4.0,4.0,3.0,2.0,,3.0,3.0,3.0
1,0.9504755,3.0,1.0,7.0,5.0,4.0,4.0,4.0,4.0,4.0,3.0,1.0,1.0
1,0.9877714,6.0,1.0,7.0,5.0,3.0,4.0,3.0,4.0,3.0,3.0,3.0,3.0
1,1.0068241,3.0,1.0,7.0,5.0,4.0,4.0,3.0,3.0,1.0,4.0,2.0,1.0
1,1.0253532,5.0,1.0,7.0,5.0,2.0,4.0,2.0,3.0,1.0,2.0,3.0,3.0
1,1.0449791,7.0,1.0,7.0,5.0,3.0,2.0,2.0,2.0,2.0,3.0,2.0,2.0
1,1.087642,3.0,1.0,4.0,3.0,4.0,4.0,4.0,,3.0,3.0,2.0,2.0
1,1.1143944,3.0,1.0,7.0,5.0,3.0,4.0,2.0,4.0,2.0,3.0,3.0,2.0
1,1.1143944,3.0,1.0,7.0,5.0,3.0,3.0,2.0,2.0,2.0,4.0,4.0,2.0
1,1.1291193,7.0,1.0,7.0,,3.0,3.0,3.0,,3.0,2.0,4.0,2.0
1,1.1897018,7.0,1.0,7.0,5.0,3.0,4.0,1.0,2.0,2.0,2.0,2.0,1.0
1,1.3079391,7.0,,,,2.0,1.0,2.0,2.0,2.0,2.0,2.0,2.0
1,1.3219143,6.0,1.0,7.0,9.0,4.0,4.0,4.0,2.0,1.0,2.0,4.0,3.0
1,1.3390133,7.0,1.0,4.0,3.0,1.0,1.0,2.0,1.0,1.0,1.0,1.0,1.0
1,0.5223208,7.0,1.0,9.0,8.0,2.0,1.0,3.0,2.0,2.0,2.0,2.0,2.0
1,0.7187592,8.0,1.0,7.0,4.0,2.0,2.0,2.0,2.0,3.0,2.0,2.0,3.0
1,0.8326819,4.0,1.0,7.0,5.0,1.0,3.0,1.0,3.0,3.0,2.0,,2.0
1,0.9202115,6.0,1.0,7.0,5.0,4.0,4.0,2.0,3.0,4.0,4.0,3.0,2.0
1,0.9398923,4.0,2.0,,,2.0,1.0,2.0,2.0,1.0,1.0,2.0,1.0
1,0.9948368,7.0,1.0,11.0,5.0,1.0,3.0,2.0,2.0,3.0,2.0,4.0,3.0
1,1.0136176,6.0,1.0,7.0,5.0,2.0,4.0,2.0,3.0,4.0,2.0,3.0,2.0
1,1.0813617,4.0,1.0,7.0,5.0,3.0,4.0,3.0,3.0,3.0,2.0,3.0,2.0
1,1.3219143,4.0,1.0,7.0,5.0,4.0,4.0,3.0,2.0,3.0,4.0,4.0,2.0
1,1.7337487,6.0,1.0,4.0,3.0,1.0,3.0,4.0,1.0,3.0,2.0,2.0,3.0
1,1.74651,3.0,3.0,,,3.0,2.0,3.0,3.0,3.0,3.0,3.0,1.0
1,0.5957106,3.0,1.0,3.0,3.0,1.0,1.0,1.0,1.0,1.0,1.0,1.0,1.0
1,0.7513952,9.0,2.0,,2.0,1.0,1.0,1.0,1.0,1.0,1.0,1.0,1.0
1,0.8710465,7.0,1.0,7.0,5.0,2.0,4.0,3.0,1.0,4.0,2.0,3.0,1.0
1,0.8885341,9.0,2.0,,,1.0,2.0,2.0,1.0,2.0,1.0,1.0,1.0
1,0.930463,6.0,1.0,7.0,5.0,4.0,4.0,3.0,3.0,2.0,1.0,4.0,4.0
1,0.9963396,5.0,1.0,7.0,5.0,2.0,4.0,2.0,2.0,3.0,2.0,3.0,2.0
1,0.9964165,4.0,1.0,7.0,5.0,2.0,4.0,1.0,3.0,1.0,2.0,3.0,3.0
1,0.999083,6.0,1.0,7.0,5.0,2.0,2.0,2.0,2.0,2.0,2.0,2.0,1.0
1,1.1997402,99.0,3.0,,5.0,3.0,2.0,4.0,1.0,4.0,4.0,1.0,1.0
1,1.2299831,3.0,1.0,4.0,3.0,4.0,1.0,4.0,1.0,4.0,1.0,3.0,4.0
1,1.5454868,4.0,3.0,,,2.0,3.0,,2.0,2.0,1.0,2.0,2.0
1,2.0142925,1.0,3.0,,,4.0,4.0,4.0,1.0,1.0,4.0,1.0,1.0
1,0.8649263,7.0,1.0,11.0,9.0,,2.0,1.0,3.0,,2.0,3.0,3.0
1,0.4907913,7.0,1.0,8.0,7.0,2.0,4.0,2.0,,1.0,2.0,,3.0
1,0.5026795,3.0,1.0,3.0,3.0,3.0,4.0,,3.0,3.0,3.0,2.0,1.0
1,0.6586942,7.0,1.0,7.0,7.0,2.0,3.0,2.0,3.0,2.0,2.0,4.0,2.0
1,0.6693048,3.0,1.0,6.0,5.0,4.0,4.0,4.0,1.0,3.0,4.0,2.0,1.0
1,0.7930048,5.0,1.0,7.0,5.0,,2.0,3.0,2.0,,2.0,2.0,2.0
1,1.9908102,99.0,1.0,13.0,6.0,2.0,3.0,3.0,2.0,3.0,2.0,3.0,2.0
1,0.4701791,3.0,1.0,6.0,5.0,,4.0,,,3.0,3.0,2.0,1.0
1,0.4926583,4.0,1.0,5.0,5.0,4.0,4.0,2.0,,,,3.0,2.0
1,0.5601968,3.0,1.0,7.0,5.0,4.0,4.0,4.0,2.0,3.0,2.0,,1.0
1,0.6553271,7.0,1.0,11.0,,1.0,1.0,1.0,,4.0,1.0,3.0,2.0
1,0.658357,7.0,1.0,8.0,7.0,3.0,4.0,2.0,3.0,2.0,4.0,2.0,1.0
1,0.6586942,6.0,1.0,7.0,5.0,4.0,3.0,4.0,1.0,4.0,2.0,2.0,2.0
1,0.6991474,4.0,1.0,3.0,12.0,2.0,4.0,2.0,,2.0,2.0,,2.0
1,0.7255762,4.0,1.0,5.0,5.0,3.0,4.0,3.0,,3.0,2.0,2.0,1.0
1,0.7370612,4.0,1.0,6.0,4.0,3.0,3.0,2.0,3.0,3.0,3.0,3.0,2.0
1,0.8055768,7.0,1.0,8.0,,1.0,2.0,1.0,2.0,3.0,1.0,4.0,4.0
1,0.8348445,5.0,1.0,7.0,5.0,3.0,4.0,2.0,4.0,3.0,3.0,3.0,2.0
1,0.8710465,3.0,1.0,7.0,5.0,4.0,4.0,4.0,2.0,3.0,3.0,,1.0
1,0.8710465,7.0,1.0,7.0,5.0,3.0,4.0,4.0,4.0,1.0,3.0,4.0,
1,0.8783918,8.0,1.0,7.0,5.0,,4.0,,4.0,2.0,3.0,3.0,1.0
1,0.9174703,5.0,1.0,8.0,7.0,2.0,3.0,2.0,3.0,2.0,2.0,2.0,1.0
1,0.9264451,99.0,1.0,12.0,6.0,3.0,3.0,2.0,,2.0,,1.0,1.0
1,1.0321429,4.0,1.0,7.0,5.0,3.0,4.0,2.0,4.0,4.0,4.0,4.0,3.0
1,1.0943005,4.0,1.0,4.0,4.0,3.0,3.0,3.0,1.0,3.0,,2.0,1.0
1,1.1085436,2.0,1.0,4.0,3.0,3.0,4.0,,,3.0,3.0,2.0,2.0
1,1.1210707,4.0,1.0,4.0,7.0,4.0,4.0,4.0,4.0,4.0,4.0,1.0,1.0
1,1.128909,7.0,1.0,7.0,5.0,2.0,2.0,2.0,2.0,2.0,2.0,2.0,2.0
1,1.1452348,4.0,1.0,4.0,5.0,4.0,4.0,4.0,1.0,3.0,3.0,2.0,1.0
1,1.1726958,5.0,1.0,7.0,5.0,1.0,1.0,1.0,3.0,1.0,1.0,1.0,1.0
1,1.1897936,4.0,1.0,7.0,5.0,3.0,4.0,3.0,3.0,3.0,2.0,2.0,2.0
1,1.1913509,2.0,1.0,4.0,3.0,3.0,4.0,4.0,2.0,4.0,3.0,2.0,2.0
1,1.6488858,4.0,1.0,,,3.0,4.0,,2.0,3.0,2.0,2.0,
1,0.4398979,7.0,1.0,9.0,8.0,2.0,2.0,1.0,4.0,3.0,2.0,3.0,2.0
1,0.5884101,99.0,1.0,10.0,3.0,2.0,2.0,,,,3.0,,2.0
1,0.6475115,7.0,1.0,8.0,7.0,2.0,2.0,2.0,,4.0,2.0,4.0,
1,0.8418304,99.0,1.0,6.0,4.0,3.0,,2.0,,,3.0,3.0,2.0
1,0.8852636,6.0,1.0,7.0,5.0,2.0,4.0,2.0,3.0,2.0,2.0,4.0,3.0
1,0.9226057,2.0,2.0,,,3.0,3.0,3.0,2.0,3.0,3.0,,2.0
1,0.993039,4.0,1.0,5.0,,,4.0,,,3.0,3.0,,2.0
1,1.3953993,4.0,1.0,4.0,3.0,,4.0,3.0,1.0,,2.0,,1.0
1,1.9362514,99.0,3.0,,3.0,2.0,3.0,2.0,2.0,3.0,2.0,2.0,1.0
1,2.2114787,99.0,1.0,14.0,13.0,3.0,,,2.0,,2.0,3.0,2.0
1,0.3167073,2.0,1.0,2.0,2.0,1.0,3.0,1.0,3.0,3.0,3.0,2.0,1.0
1,0.4098638,5.0,1.0,9.0,8.0,2.0,2.0,1.0,2.0,4.0,3.0,2.0,2.0
1,0.4208035,0.0,1.0,3.0,3.0,3.0,3.0,2.0,3.0,4.0,4.0,1.0,1.0
1,0.4357205,4.0,1.0,8.0,5.0,3.0,3.0,,3.0,4.0,3.0,4.0,3.0
1,0.4357321,10.0,1.0,11.0,9.0,1.0,1.0,1.0,4.0,2.0,4.0,1.0,4.0
1,0.45177,8.0,1.0,11.0,9.0,1.0,3.0,1.0,4.0,3.0,3.0,2.0,1.0
1,0.4551131,6.0,1.0,8.0,9.0,2.0,2.0,2.0,3.0,2.0,2.0,3.0,2.0
1,0.487347,5.0,1.0,9.0,8.0,2.0,1.0,4.0,4.0,1.0,2.0,3.0,1.0
1,0.4951075,99.0,1.0,11.0,9.0,1.0,1.0,1.0,4.0,4.0,3.0,2.0,1.0
1,0.512385,10.0,1.0,11.0,9.0,1.0,1.0,1.0,4.0,3.0,2.0,2.0,2.0
1,0.5323218,10.0,1.0,11.0,9.0,1.0,1.0,1.0,2.0,1.0,2.0,1.0,1.0
1,0.5323218,99.0,1.0,11.0,,1.0,1.0,1.0,2.0,4.0,3.0,1.0,1.0
1,0.5323218,8.0,1.0,11.0,9.0,1.0,2.0,2.0,3.0,3.0,2.0,1.0,1.0
1,0.5379871,99.0,1.0,9.0,8.0,3.0,2.0,3.0,3.0,3.0,4.0,1.0,2.0
1,0.5410101,9.0,1.0,11.0,9.0,1.0,1.0,1.0,4.0,1.0,1.0,4.0,4.0
1,0.548188,10.0,1.0,9.0,9.0,1.0,1.0,1.0,4.0,1.0,2.0,4.0,
1,0.5508553,10.0,1.0,11.0,9.0,1.0,3.0,2.0,4.0,1.0,1.0,3.0,1.0
1,0.5672022,6.0,1.0,6.0,11.0,3.0,2.0,1.0,3.0,3.0,4.0,1.0,1.0
1,0.5797009,5.0,1.0,7.0,5.0,2.0,4.0,4.0,2.0,4.0,3.0,2.0,3.0
1,0.5808631,9.0,1.0,11.0,9.0,1.0,2.0,1.0,4.0,3.0,3.0,2.0,1.0
1,0.5908591,10.0,1.0,11.0,9.0,1.0,1.0,1.0,4.0,3.0,3.0,1.0,1.0
1,0.5934005,9.0,1.0,8.0,7.0,1.0,1.0,1.0,4.0,1.0,1.0,4.0,1.0
1,0.5955143,10.0,1.0,11.0,9.0,1.0,1.0,1.0,4.0,1.0,2.0,3.0,
1,0.596062,8.0,1.0,11.0,9.0,1.0,1.0,1.0,4.0,3.0,3.0,1.0,1.0
1,0.5962808,8.0,1.0,11.0,9.0,1.0,1.0,1.0,4.0,3.0,3.0,3.0,2.0
1,0.5979794,9.0,1.0,11.0,9.0,1.0,3.0,1.0,3.0,2.0,4.0,4.0,2.0
1,0.6052341,99.0,1.0,11.0,9.0,1.0,1.0,1.0,4.0,2.0,1.0,3.0,2.0
1,0.6071786,99.0,1.0,11.0,9.0,1.0,1.0,2.0,4.0,,2.0,,1.0
1,0.6089084,10.0,1.0,11.0,9.0,1.0,1.0,1.0,4.0,4.0,1.0,4.0,4.0
1,0.6089084,10.0,1.0,11.0,9.0,1.0,1.0,1.0,4.0,4.0,3.0,1.0,1.0
1,0.6314437,5.0,1.0,12.0,6.0,,1.0,2.0,3.0,3.0,,,3.0
1,0.6345673,99.0,1.0,6.0,7.0,1.0,3.0,1.0,4.0,1.0,1.0,3.0,1.0
1,0.6362439,10.0,1.0,11.0,9.0,1.0,1.0,1.0,4.0,4.0,1.0,1.0,1.0
1,0.6429709,8.0,1.0,11.0,9.0,2.0,2.0,2.0,3.0,4.0,2.0,4.0,3.0
1,0.6429709,10.0,1.0,11.0,9.0,1.0,1.0,1.0,3.0,2.0,2.0,2.0,4.0
1,0.6450045,7.0,1.0,11.0,9.0,1.0,1.0,1.0,3.0,2.0,1.0,1.0,1.0
1,0.6450045,2.0,1.0,11.0,9.0,4.0,3.0,4.0,1.0,3.0,4.0,1.0,1.0
1,0.6463056,9.0,1.0,10.0,3.0,1.0,1.0,1.0,2.0,1.0,2.0,1.0,1.0
1,0.6510285,9.0,1.0,11.0,9.0,1.0,1.0,1.0,4.0,2.0,1.0,2.0,1.0
1,0.6553271,7.0,1.0,11.0,9.0,1.0,1.0,1.0,4.0,3.0,3.0,2.0,1.0
1,0.6581177,5.0,1.0,10.0,9.0,1.0,4.0,1.0,4.0,4.0,1.0,2.0,1.0
1,0.6616943,10.0,1.0,11.0,9.0,1.0,1.0,4.0,4.0,2.0,2.0,,1.0
1,0.6673042,6.0,1.0,11.0,,1.0,1.0,1.0,4.0,3.0,2.0,3.0,2.0
1,0.6912704,10.0,1.0,10.0,5.0,1.0,1.0,1.0,4.0,3.0,2.0,4.0,4.0
1,0.6934856,9.0,1.0,11.0,9.0,1.0,3.0,1.0,4.0,1.0,1.0,2.0,1.0
1,0.6988589,8.0,1.0,11.0,9.0,1.0,1.0,2.0,4.0,4.0,3.0,4.0,2.0
1,0.7014599,5.0,1.0,12.0,6.0,1.0,4.0,1.0,2.0,4.0,2.0,1.0,1.0
1,0.7016021,9.0,1.0,11.0,9.0,1.0,3.0,2.0,3.0,2.0,1.0,3.0,2.0
1,0.7082043,7.0,1.0,7.0,,1.0,3.0,1.0,3.0,1.0,2.0,4.0,1.0
1,0.7116315,99.0,1.0,11.0,9.0,1.0,2.0,1.0,3.0,1.0,2.0,2.0,
1,0.7222781,6.0,1.0,9.0,8.0,1.0,4.0,1.0,4.0,3.0,3.0,4.0,3.0
1,0.7236013,99.0,1.0,6.0,6.0,2.0,3.0,2.0,3.0,4.0,,2.0,1.0
1,0.7247275,10.0,1.0,11.0,9.0,1.0,1.0,1.0,4.0,3.0,1.0,2.0,1.0
1,0.7274688,99.0,1.0,10.0,9.0,1.0,1.0,2.0,1.0,2.0,3.0,1.0,1.0
1,0.7283583,6.0,2.0,,,2.0,1.0,1.0,4.0,3.0,4.0,2.0,1.0
1,0.729225,10.0,1.0,11.0,9.0,1.0,2.0,1.0,4.0,2.0,2.0,3.0,2.0
1,0.7365966,4.0,1.0,6.0,3.0,3.0,,2.0,4.0,,3.0,,2.0
1,0.7375142,99.0,1.0,7.0,5.0,1.0,2.0,,3.0,1.0,3.0,3.0,2.0
1,0.7461432,99.0,1.0,11.0,9.0,2.0,2.0,1.0,3.0,2.0,1.0,1.0,1.0
1,0.7481702,99.0,1.0,11.0,9.0,1.0,1.0,1.0,2.0,3.0,2.0,2.0,1.0
1,0.7528136,10.0,1.0,11.0,9.0,2.0,1.0,1.0,4.0,3.0,2.0,4.0,2.0
1,0.76513,10.0,1.0,10.0,,1.0,3.0,1.0,4.0,2.0,2.0,4.0,3.0
1,0.7706105,9.0,1.0,11.0,9.0,1.0,1.0,1.0,4.0,1.0,2.0,2.0,1.0
1,0.7713608,9.0,1.0,11.0,9.0,1.0,4.0,1.0,4.0,3.0,2.0,4.0,2.0
1,0.7733589,8.0,1.0,11.0,9.0,2.0,1.0,1.0,3.0,3.0,1.0,2.0,4.0
1,0.7781161,3.0,1.0,7.0,5.0,3.0,4.0,2.0,2.0,4.0,3.0,1.0,1.0
1,0.7808011,7.0,1.0,8.0,5.0,1.0,2.0,1.0,3.0,3.0,1.0,4.0,2.0
1,0.781415,10.0,1.0,11.0,9.0,1.0,1.0,1.0,4.0,4.0,4.0,1.0,1.0
1,0.7945381,10.0,1.0,10.0,9.0,1.0,3.0,1.0,4.0,2.0,4.0,3.0,2.0
1,0.8070503,9.0,1.0,11.0,9.0,1.0,1.0,1.0,4.0,3.0,1.0,2.0,1.0
1,0.8079316,9.0,1.0,10.0,9.0,1.0,2.0,1.0,4.0,2.0,2.0,2.0,1.0
1,0.8155669,10.0,1.0,11.0,9.0,1.0,1.0,1.0,4.0,2.0,2.0,4.0,4.0
1,0.8165354,8.0,1.0,10.0,7.0,1.0,1.0,1.0,4.0,2.0,2.0,4.0,3.0
1,0.8211185,10.0,1.0,10.0,9.0,1.0,1.0,1.0,4.0,1.0,1.0,3.0,1.0
1,0.8218003,9.0,1.0,11.0,9.0,1.0,1.0,1.0,4.0,4.0,2.0,3.0,1.0
1,0.8218003,5.0,1.0,11.0,9.0,2.0,1.0,2.0,4.0,2.0,3.0,1.0,1.0
1,0.8226004,8.0,1.0,11.0,9.0,1.0,1.0,2.0,4.0,3.0,2.0,2.0,1.0
1,0.8321244,5.0,1.0,11.0,9.0,1.0,4.0,1.0,3.0,3.0,1.0,2.0,2.0
1,0.8336325,9.0,1.0,10.0,,1.0,2.0,1.0,4.0,1.0,2.0,4.0,3.0
1,0.8376346,10.0,1.0,11.0,9.0,1.0,1.0,1.0,4.0,2.0,1.0,4.0,4.0
1,0.8393071,8.0,1.0,7.0,5.0,1.0,1.0,1.0,4.0,1.0,1.0,4.0,3.0
1,0.8473364,7.0,1.0,11.0,9.0,1.0,2.0,1.0,3.0,1.0,2.0,2.0,2.0
1,0.8616548,9.0,1.0,11.0,7.0,1.0,1.0,1.0,4.0,4.0,2.0,3.0,2.0
1,0.8617845,99.0,1.0,7.0,,1.0,3.0,1.0,4.0,1.0,2.0,3.0,1.0
1,0.8628615,99.0,1.0,5.0,,3.0,,4.0,4.0,3.0,3.0,4.0,3.0
1,0.8781583,10.0,1.0,10.0,9.0,1.0,1.0,1.0,3.0,1.0,2.0,3.0,4.0
1,0.878257,8.0,1.0,11.0,7.0,1.0,1.0,1.0,4.0,2.0,2.0,4.0,2.0
1,0.8843341,5.0,1.0,7.0,5.0,1.0,2.0,1.0,3.0,4.0,1.0,3.0,2.0
1,0.8883255,99.0,1.0,10.0,9.0,1.0,1.0,1.0,4.0,3.0,3.0,2.0,2.0
1,0.9063776,8.0,1.0,11.0,5.0,1.0,2.0,1.0,4.0,4.0,2.0,3.0,1.0
1,0.9229429,8.0,1.0,11.0,9.0,1.0,4.0,1.0,3.0,4.0,2.0,3.0,3.0
1,0.9358242,5.0,2.0,,,1.0,1.0,1.0,4.0,1.0,4.0,4.0,1.0
1,0.9547093,8.0,1.0,10.0,9.0,1.0,1.0,1.0,4.0,1.0,4.0,1.0,1.0
1,0.9838989,8.0,1.0,10.0,,1.0,,1.0,4.0,1.0,1.0,4.0,2.0
1,0.9964165,8.0,1.0,7.0,5.0,1.0,1.0,1.0,1.0,1.0,1.0,4.0,3.0
1,1.0141073,9.0,1.0,10.0,9.0,1.0,2.0,1.0,1.0,4.0,3.0,4.0,2.0
1,1.0262234,7.0,1.0,7.0,5.0,1.0,4.0,1.0,3.0,2.0,2.0,4.0,2.0
1,1.0336469,10.0,1.0,10.0,7.0,1.0,1.0,1.0,4.0,2.0,2.0,4.0,3.0
1,1.04081,8.0,1.0,10.0,9.0,1.0,1.0,1.0,4.0,1.0,1.0,4.0,3.0
1,1.0456144,8.0,1.0,10.0,11.0,1.0,3.0,1.0,4.0,1.0,2.0,4.0,4.0
1,1.0456144,10.0,1.0,10.0,9.0,1.0,1.0,1.0,4.0,3.0,1.0,4.0,2.0
1,1.0525383,8.0,1.0,10.0,7.0,1.0,2.0,1.0,4.0,1.0,2.0,3.0,2.0
1,1.0793606,99.0,1.0,10.0,9.0,2.0,3.0,3.0,3.0,2.0,3.0,3.0,2.0
1,1.1084907,0.0,1.0,4.0,3.0,4.0,4.0,3.0,2.0,4.0,4.0,1.0,1.0
1,1.1495775,99.0,1.0,10.0,9.0,1.0,1.0,1.0,4.0,3.0,3.0,2.0,1.0
1,1.2485394,10.0,1.0,10.0,9.0,1.0,1.0,1.0,4.0,1.0,1.0,4.0,4.0
1,1.2519951,4.0,1.0,4.0,5.0,,4.0,3.0,3.0,,3.0,2.0,1.0
1,1.3146815,5.0,1.0,4.0,3.0,3.0,3.0,3.0,3.0,3.0,4.0,1.0,1.0
1,1.3274933,99.0,3.0,,,1.0,1.0,1.0,3.0,1.0,1.0,4.0,1.0
1,1.5018202,99.0,3.0,,,1.0,2.0,1.0,4.0,2.0,1.0,3.0,1.0
1,1.5126846,1.0,1.0,4.0,3.0,4.0,4.0,4.0,2.0,2.0,4.0,1.0,1.0
1,1.5335062,2.0,1.0,13.0,13.0,3.0,4.0,2.0,3.0,3.0,4.0,1.0,1.0
1,1.5565993,7.0,3.0,,13.0,1.0,3.0,1.0,4.0,2.0,2.0,3.0,3.0
1,1.6031636,99.0,3.0,,,1.0,1.0,4.0,3.0,4.0,4.0,1.0,1.0
1,1.6209538,99.0,1.0,,,2.0,4.0,1.0,4.0,4.0,2.0,4.0,4.0
1,1.6244127,99.0,1.0,13.0,12.0,1.0,,1.0,3.0,2.0,4.0,2.0,2.0
1,1.6488858,4.0,1.0,14.0,5.0,2.0,4.0,2.0,4.0,3.0,3.0,4.0,2.0
1,1.6741686,99.0,1.0,13.0,12.0,2.0,2.0,2.0,4.0,1.0,2.0,4.0,3.0
1,1.8321362,4.0,1.0,13.0,12.0,3.0,,1.0,,3.0,3.0,2.0,1.0
1,1.9040195,5.0,3.0,,,4.0,4.0,4.0,4.0,4.0,4.0,4.0,4.0
1,1.977758,99.0,3.0,,,,1.0,,3.0,,1.0,4.0,1.0
1,1.9895495,1.0,3.0,,3.0,4.0,4.0,4.0,4.0,4.0,4.0,1.0,1.0
1,2.3242221,99.0,3.0,,1.0,1.0,4.0,2.0,2.0,2.0,3.0,1.0,1.0
1,2.3525949,99.0,3.0,,,2.0,1.0,3.0,3.0,3.0,1.0,2.0,1.0
1,2.4445474,4.0,1.0,13.0,12.0,3.0,,1.0,3.0,3.0,2.0,2.0,1.0
1,0.2566922,1.0,1.0,2.0,3.0,4.0,4.0,3.0,2.0,4.0,4.0,1.0,1.0
1,0.4365701,8.0,1.0,11.0,9.0,2.0,3.0,2.0,3.0,3.0,3.0,2.0,2.0
1,0.6918269,10.0,1.0,11.0,9.0,2.0,4.0,2.0,4.0,2.0,2.0,4.0,2.0
1,0.6918269,6.0,1.0,11.0,9.0,2.0,2.0,4.0,4.0,2.0,2.0,4.0,2.0
1,0.9409138,7.0,1.0,11.0,9.0,2.0,1.0,1.0,2.0,3.0,2.0,2.0,1.0
1,1.9040195,6.0,3.0,,,2.0,4.0,2.0,2.0,2.0,3.0,2.0,3.0
1,0.5851293,3.0,1.0,7.0,5.0,4.0,4.0,4.0,4.0,4.0,4.0,4.0,1.0
1,0.9008918,6.0,2.0,,,1.0,2.0,1.0,3.0,3.0,2.0,1.0,3.0
1,0.4223907,99.0,1.0,2.0,2.0,,3.0,,2.0,3.0,2.0,1.0,1.0
1,0.5041562,7.0,1.0,11.0,9.0,1.0,2.0,1.0,4.0,4.0,2.0,2.0,2.0
1,0.5485118,8.0,1.0,11.0,9.0,1.0,1.0,1.0,4.0,4.0,2.0,4.0,3.0
1,0.6166358,8.0,1.0,8.0,9.0,2.0,2.0,3.0,3.0,2.0,2.0,3.0,2.0
1,0.6166358,5.0,1.0,8.0,8.0,1.0,3.0,1.0,3.0,1.0,2.0,3.0,3.0
1,0.6181071,9.0,1.0,11.0,9.0,1.0,1.0,1.0,4.0,4.0,1.0,2.0,2.0
1,0.6291245,6.0,1.0,11.0,7.0,2.0,4.0,1.0,2.0,4.0,3.0,2.0,1.0
1,0.6810387,7.0,1.0,11.0,9.0,1.0,1.0,1.0,4.0,2.0,1.0,1.0,1.0
1,0.6841277,10.0,1.0,10.0,9.0,1.0,1.0,1.0,4.0,2.0,4.0,4.0,2.0
1,0.6986565,99.0,1.0,9.0,8.0,1.0,1.0,1.0,4.0,3.0,3.0,4.0,3.0
1,0.7153475,7.0,1.0,11.0,9.0,2.0,2.0,3.0,3.0,2.0,3.0,2.0,1.0
1,0.7246269,9.0,1.0,10.0,7.0,1.0,2.0,1.0,3.0,1.0,1.0,4.0,4.0
1,0.7854585,8.0,1.0,11.0,9.0,1.0,2.0,1.0,4.0,1.0,1.0,4.0,3.0
1,0.8128055,8.0,1.0,11.0,9.0,1.0,1.0,1.0,4.0,3.0,2.0,1.0,1.0
1,0.8500909,0.0,1.0,4.0,3.0,4.0,4.0,4.0,,3.0,4.0,1.0,1.0
1,0.8749818,9.0,1.0,11.0,9.0,2.0,2.0,1.0,3.0,2.0,2.0,4.0,3.0
1,0.8943083,7.0,1.0,11.0,9.0,2.0,2.0,2.0,3.0,2.0,2.0,4.0,3.0
1,0.896747,7.0,1.0,7.0,5.0,2.0,1.0,1.0,4.0,2.0,2.0,2.0,2.0
1,0.9531744,99.0,1.0,9.0,8.0,2.0,3.0,2.0,2.0,3.0,3.0,3.0,3.0
1,0.9582349,9.0,1.0,10.0,9.0,1.0,1.0,1.0,4.0,2.0,2.0,3.0,3.0
1,0.9869758,10.0,1.0,10.0,7.0,1.0,4.0,2.0,4.0,1.0,3.0,4.0,2.0
1,0.9869758,10.0,1.0,10.0,9.0,1.0,1.0,1.0,4.0,1.0,2.0,4.0,2.0
1,0.9894453,8.0,1.0,9.0,8.0,1.0,1.0,1.0,4.0,2.0,2.0,2.0,1.0
1,1.021076,5.0,1.0,4.0,3.0,2.0,1.0,1.0,3.0,4.0,2.0,2.0,1.0
1,1.0525233,9.0,1.0,11.0,9.0,1.0,1.0,1.0,4.0,4.0,1.0,4.0,4.0
1,1.2261301,,1.0,10.0,9.0,2.0,,1.0,4.0,3.0,3.0,,2.0
1,1.2814054,4.0,1.0,4.0,3.0,4.0,4.0,4.0,3.0,4.0,4.0,1.0,1.0
1,1.3065075,3.0,1.0,4.0,3.0,2.0,4.0,3.0,4.0,3.0,3.0,3.0,2.0
1,1.3065075,3.0,1.0,4.0,3.0,2.0,4.0,3.0,4.0,3.0,3.0,3.0,2.0
1,1.3480415,8.0,1.0,10.0,9.0,1.0,2.0,1.0,4.0,2.0,2.0,4.0,3.0
1,1.3480415,10.0,1.0,10.0,7.0,1.0,1.0,1.0,4.0,3.0,4.0,4.0,3.0
1,1.3507961,99.0,1.0,10.0,9.0,2.0,1.0,1.0,3.0,3.0,4.0,2.0,2.0
1,1.3567612,6.0,1.0,4.0,3.0,4.0,2.0,1.0,2.0,3.0,4.0,2.0,2.0
1,1.3651968,0.0,1.0,4.0,2.0,4.0,4.0,3.0,3.0,4.0,3.0,1.0,1.0
1,1.522981,6.0,1.0,10.0,7.0,2.0,2.0,1.0,4.0,1.0,2.0,4.0,4.0
1,1.5615332,8.0,3.0,,,1.0,1.0,1.0,4.0,1.0,1.0,4.0,3.0
1,1.8862106,99.0,3.0,,,1.0,3.0,1.0,,4.0,3.0,3.0,1.0
1,1.9781393,99.0,1.0,13.0,12.0,1.0,,1.0,4.0,1.0,1.0,2.0,1.0
1,2.3193581,99.0,3.0,,,2.0,3.0,2.0,3.0,4.0,2.0,1.0,1.0
1,0.2786194,99.0,1.0,1.0,1.0,3.0,3.0,3.0,3.0,3.0,4.0,2.0,3.0
1,0.4210719,99.0,1.0,11.0,9.0,1.0,1.0,1.0,3.0,2.0,1.0,1.0,1.0
1,0.4287344,7.0,1.0,11.0,,1.0,1.0,3.0,3.0,1.0,3.0,4.0,3.0
1,0.4386223,3.0,1.0,3.0,3.0,4.0,3.0,3.0,2.0,3.0,2.0,2.0,1.0
1,0.4450411,3.0,1.0,5.0,4.0,2.0,2.0,2.0,3.0,3.0,2.0,2.0,2.0
1,0.4994058,4.0,1.0,11.0,9.0,2.0,3.0,2.0,3.0,3.0,3.0,3.0,3.0
1,0.5364877,8.0,1.0,11.0,9.0,1.0,1.0,1.0,3.0,4.0,2.0,,1.0
1,0.5392737,8.0,1.0,11.0,9.0,1.0,2.0,2.0,2.0,2.0,1.0,2.0,2.0
1,0.5449035,99.0,1.0,11.0,9.0,1.0,3.0,1.0,2.0,4.0,3.0,1.0,2.0
1,0.5607315,10.0,1.0,11.0,9.0,1.0,1.0,1.0,4.0,1.0,1.0,4.0,1.0
1,0.5966418,8.0,1.0,9.0,8.0,2.0,1.0,3.0,2.0,2.0,1.0,2.0,2.0
1,0.6180302,8.0,1.0,11.0,8.0,2.0,1.0,2.0,2.0,2.0,2.0,1.0,2.0
1,0.6429709,8.0,1.0,11.0,9.0,1.0,4.0,1.0,3.0,2.0,2.0,3.0,2.0
1,0.6501067,8.0,1.0,11.0,9.0,2.0,2.0,3.0,4.0,3.0,3.0,4.0,1.0
1,0.682155,8.0,1.0,10.0,7.0,1.0,1.0,1.0,4.0,3.0,1.0,4.0,3.0
1,0.7203254,1.0,1.0,6.0,3.0,1.0,1.0,1.0,1.0,1.0,1.0,1.0,1.0
1,0.7204505,7.0,1.0,11.0,9.0,3.0,3.0,2.0,1.0,2.0,3.0,2.0,2.0
1,0.7297437,4.0,1.0,7.0,5.0,3.0,2.0,4.0,1.0,4.0,2.0,3.0,1.0
1,0.7460008,99.0,1.0,7.0,5.0,3.0,3.0,3.0,3.0,3.0,3.0,3.0,2.0
1,0.7677939,9.0,1.0,11.0,9.0,1.0,1.0,1.0,4.0,1.0,2.0,3.0,4.0
1,0.7791176,5.0,1.0,7.0,5.0,1.0,1.0,,3.0,1.0,2.0,1.0,1.0
1,0.8224859,2.0,1.0,4.0,3.0,2.0,3.0,2.0,3.0,4.0,3.0,2.0,2.0
1,0.8335682,7.0,1.0,10.0,,2.0,2.0,2.0,2.0,2.0,2.0,3.0,2.0
1,0.8649397,7.0,1.0,10.0,9.0,2.0,1.0,2.0,4.0,3.0,2.0,3.0,2.0
1,0.879201,8.0,1.0,7.0,5.0,2.0,2.0,2.0,2.0,1.0,3.0,2.0,1.0
1,0.8942392,99.0,1.0,11.0,9.0,1.0,1.0,3.0,2.0,2.0,1.0,1.0,1.0
1,0.8998997,9.0,1.0,11.0,9.0,1.0,2.0,1.0,4.0,3.0,3.0,2.0,1.0
1,0.927309,5.0,1.0,5.0,4.0,2.0,2.0,3.0,2.0,4.0,1.0,3.0,3.0
1,0.9975933,5.0,2.0,,,3.0,3.0,3.0,3.0,3.0,3.0,3.0,3.0
1,0.9995216,10.0,2.0,,,1.0,2.0,2.0,4.0,3.0,1.0,4.0,2.0
1,1.0321429,5.0,1.0,7.0,5.0,,3.0,3.0,2.0,3.0,4.0,3.0,1.0
1,1.144202,99.0,1.0,10.0,9.0,1.0,1.0,2.0,3.0,3.0,3.0,3.0,2.0
1,1.3607466,99.0,1.0,14.0,13.0,2.0,3.0,2.0,3.0,2.0,2.0,3.0,2.0
1,1.4379845,6.0,1.0,14.0,13.0,2.0,4.0,2.0,,2.0,,4.0,2.0
1,1.6975244,3.0,3.0,,3.0,3.0,4.0,3.0,2.0,4.0,3.0,2.0,2.0
1,2.3040323,4.0,3.0,,,1.0,1.0,1.0,1.0,3.0,2.0,3.0,2.0
1,0.8723815,99.0,1.0,10.0,9.0,1.0,2.0,1.0,3.0,3.0,3.0,3.0,2.0
1,1.4325589,5.0,1.0,4.0,,2.0,3.0,3.0,3.0,2.0,3.0,3.0,3.0
1,1.7752728,5.0,3.0,,,2.0,2.0,2.0,2.0,2.0,2.0,2.0,3.0
1,2.3852472,7.0,1.0,13.0,12.0,1.0,2.0,2.0,4.0,2.0,2.0,2.0,1.0
1,1.3123901,6.0,1.0,10.0,,2.0,2.0,1.0,2.0,2.0,1.0,2.0,1.0
1,1.1024241,8.0,1.0,10.0,7.0,1.0,1.0,1.0,4.0,3.0,1.0,4.0,3.0
1,1.2324615,5.0,1.0,6.0,12.0,2.0,2.0,1.0,4.0,2.0,2.0,2.0,1.0
1,0.5988086,8.0,1.0,8.0,7.0,1.0,3.0,1.0,4.0,3.0,1.0,1.0,2.0
1,0.6847323,8.0,1.0,11.0,9.0,1.0,1.0,1.0,4.0,2.0,2.0,4.0,3.0
1,0.7011768,8.0,1.0,11.0,9.0,1.0,1.0,1.0,4.0,2.0,1.0,3.0,2.0
1,0.7271173,8.0,1.0,11.0,9.0,2.0,2.0,3.0,2.0,3.0,4.0,2.0,1.0
1,0.7513831,10.0,1.0,11.0,9.0,1.0,1.0,1.0,4.0,3.0,2.0,3.0,3.0
1,0.8119395,8.0,1.0,8.0,7.0,1.0,3.0,1.0,4.0,2.0,2.0,4.0,3.0
1,0.8376346,10.0,1.0,11.0,9.0,1.0,1.0,1.0,4.0,1.0,2.0,4.0,4.0
1,0.9411088,8.0,1.0,10.0,7.0,1.0,2.0,1.0,4.0,4.0,1.0,3.0,2.0
1,0.9582349,9.0,1.0,10.0,9.0,1.0,1.0,1.0,4.0,,3.0,4.0,3.0
1,1.0456144,10.0,1.0,10.0,9.0,1.0,1.0,1.0,3.0,2.0,2.0,2.0,2.0
1,1.0456144,7.0,1.0,10.0,8.0,1.0,2.0,1.0,4.0,1.0,3.0,4.0,3.0
1,1.087642,2.0,1.0,4.0,3.0,,3.0,2.0,3.0,2.0,3.0,2.0,1.0
1,1.168191,2.0,1.0,4.0,3.0,4.0,3.0,4.0,1.0,2.0,4.0,1.0,1.0
1,0.6200203,9.0,1.0,11.0,9.0,3.0,2.0,3.0,1.0,2.0,1.0,4.0,2.0
1,0.6310554,2.0,1.0,3.0,4.0,2.0,3.0,1.0,4.0,4.0,3.0,2.0,1.0
1,0.7211729,7.0,1.0,8.0,8.0,2.0,1.0,2.0,2.0,3.0,3.0,2.0,1.0
1,0.7854585,8.0,1.0,11.0,9.0,1.0,2.0,1.0,3.0,1.0,1.0,3.0,3.0
1,0.8128055,8.0,1.0,11.0,7.0,1.0,1.0,1.0,3.0,1.0,1.0,4.0,3.0
1,0.8396835,8.0,1.0,11.0,9.0,1.0,4.0,2.0,3.0,1.0,1.0,2.0,3.0
1,0.8491326,,1.0,6.0,12.0,3.0,4.0,2.0,3.0,2.0,4.0,4.0,1.0
1,0.8943083,8.0,1.0,11.0,9.0,2.0,1.0,1.0,4.0,3.0,2.0,3.0,2.0
1,0.9150316,7.0,2.0,,9.0,1.0,3.0,1.0,2.0,2.0,1.0,3.0,1.0
1,1.2605731,10.0,1.0,10.0,9.0,1.0,2.0,1.0,4.0,4.0,2.0,4.0,3.0
1,2.0563581,99.0,1.0,13.0,12.0,2.0,2.0,2.0,3.0,3.0,2.0,3.0,2.0
1,2.3681602,5.0,1.0,13.0,12.0,2.0,4.0,2.0,3.0,3.0,3.0,2.0,2.0
1,0.6147313,9.0,1.0,11.0,9.0,1.0,1.0,1.0,4.0,4.0,1.0,1.0,1.0
1,0.6500503,8.0,2.0,,,,,,,,,,3.0
1,0.6845508,7.0,1.0,6.0,5.0,1.0,2.0,1.0,1.0,1.0,1.0,1.0,2.0
1,0.6864694,9.0,1.0,11.0,9.0,1.0,2.0,1.0,2.0,2.0,3.0,3.0,3.0
1,0.8977178,8.0,1.0,10.0,7.0,1.0,1.0,1.0,4.0,2.0,1.0,3.0,2.0
1,0.9811512,3.0,1.0,7.0,3.0,2.0,2.0,2.0,1.0,2.0,2.0,1.0,2.0
1,1.0938997,2.0,2.0,,,3.0,2.0,1.0,2.0,2.0,2.0,2.0,2.0
1,1.1941143,99.0,1.0,4.0,,2.0,2.0,2.0,2.0,2.0,2.0,2.0,2.0
1,1.1986377,99.0,3.0,,13.0,3.0,2.0,3.0,2.0,3.0,3.0,3.0,2.0
1,1.2045081,3.0,1.0,4.0,3.0,2.0,3.0,2.0,3.0,3.0,4.0,2.0,2.0
1,1.4616441,99.0,1.0,13.0,,1.0,1.0,1.0,,2.0,2.0,4.0,3.0
1,0.8179057,6.0,1.0,7.0,5.0,1.0,1.0,1.0,1.0,1.0,1.0,1.0,1.0
1,0.8179057,7.0,1.0,7.0,5.0,1.0,2.0,1.0,1.0,2.0,2.0,2.0,2.0
1,1.0499398,3.0,1.0,4.0,,1.0,1.0,4.0,2.0,3.0,2.0,3.0,1.0
1,0.7117748,6.0,1.0,11.0,9.0,2.0,2.0,2.0,2.0,2.0,2.0,2.0,2.0
1,0.8179057,5.0,1.0,7.0,5.0,1.0,1.0,1.0,2.0,1.0,1.0,1.0,1.0
1,0.8179057,7.0,1.0,7.0,5.0,1.0,1.0,2.0,1.0,1.0,1.0,1.0,1.0
1,1.0463266,7.0,1.0,7.0,5.0,1.0,2.0,1.0,2.0,1.0,2.0,2.0,1.0
1,1.0654497,7.0,1.0,7.0,5.0,1.0,2.0,1.0,1.0,1.0,2.0,2.0,2.0
1,1.1582378,6.0,1.0,7.0,5.0,1.0,1.0,1.0,2.0,1.0,1.0,1.0,2.0
1,1.3645779,6.0,1.0,7.0,5.0,1.0,1.0,1.0,1.0,1.0,1.0,1.0,1.0
1,0.4806402,99.0,1.0,2.0,,3.0,4.0,1.0,3.0,2.0,3.0,3.0,1.0
1,0.5553955,2.0,1.0,3.0,,4.0,4.0,4.0,3.0,4.0,4.0,2.0,1.0
1,0.6499371,4.0,1.0,3.0,3.0,1.0,4.0,1.0,4.0,4.0,3.0,2.0,
1,0.5738224,6.0,1.0,5.0,1.0,2.0,2.0,1.0,2.0,1.0,2.0,1.0,2.0
1,0.4800791,2.0,1.0,3.0,4.0,1.0,4.0,1.0,4.0,4.0,2.0,4.0,2.0
1,0.5026795,3.0,1.0,3.0,3.0,1.0,2.0,1.0,3.0,2.0,1.0,2.0,2.0
1,0.5120294,6.0,1.0,9.0,7.0,2.0,3.0,1.0,1.0,1.0,3.0,2.0,2.0
1,0.5432457,,1.0,5.0,3.0,1.0,2.0,1.0,1.0,3.0,1.0,3.0,1.0
1,0.5492423,4.0,1.0,9.0,3.0,2.0,3.0,2.0,3.0,4.0,3.0,3.0,1.0
1,0.5648639,99.0,1.0,6.0,3.0,2.0,2.0,2.0,3.0,2.0,2.0,2.0,1.0
1,0.5828331,99.0,1.0,12.0,6.0,1.0,4.0,1.0,2.0,2.0,2.0,2.0,2.0
1,0.5872146,5.0,1.0,11.0,9.0,2.0,2.0,1.0,3.0,2.0,2.0,2.0,2.0
1,0.6111988,6.0,1.0,8.0,7.0,1.0,4.0,1.0,3.0,3.0,2.0,3.0,1.0
1,0.6411125,10.0,1.0,11.0,9.0,1.0,1.0,1.0,4.0,4.0,4.0,4.0,1.0
1,0.6527793,5.0,1.0,11.0,9.0,1.0,1.0,1.0,4.0,3.0,1.0,3.0,2.0
1,0.6547221,9.0,1.0,11.0,9.0,1.0,2.0,1.0,2.0,1.0,1.0,2.0,1.0
1,0.655559,10.0,1.0,10.0,9.0,1.0,2.0,1.0,4.0,2.0,2.0,3.0,2.0
1,0.6639202,6.0,1.0,11.0,,1.0,1.0,1.0,4.0,2.0,2.0,2.0,1.0
1,0.6647097,5.0,1.0,11.0,9.0,1.0,3.0,2.0,4.0,2.0,2.0,4.0,3.0
1,0.6825889,6.0,1.0,8.0,7.0,1.0,4.0,1.0,4.0,2.0,2.0,3.0,2.0
1,0.6885853,3.0,2.0,,,3.0,4.0,3.0,3.0,4.0,3.0,2.0,3.0
1,0.6925091,99.0,1.0,7.0,5.0,3.0,3.0,2.0,2.0,3.0,2.0,2.0,2.0
1,0.6988589,5.0,1.0,11.0,8.0,1.0,1.0,1.0,4.0,2.0,3.0,3.0,2.0
1,0.6996943,99.0,1.0,12.0,,1.0,3.0,1.0,4.0,3.0,3.0,4.0,3.0
1,0.7144279,99.0,1.0,11.0,9.0,1.0,1.0,1.0,3.0,3.0,1.0,2.0,2.0
1,0.7261137,10.0,1.0,4.0,3.0,1.0,1.0,1.0,4.0,1.0,3.0,1.0,1.0
1,0.7347985,99.0,1.0,11.0,9.0,1.0,2.0,1.0,4.0,3.0,2.0,2.0,1.0
1,0.7394453,7.0,1.0,9.0,8.0,2.0,1.0,2.0,3.0,2.0,2.0,2.0,1.0
1,0.7950714,5.0,1.0,8.0,7.0,1.0,4.0,1.0,4.0,4.0,4.0,4.0,2.0
1,0.8052074,5.0,1.0,7.0,5.0,2.0,2.0,2.0,3.0,2.0,2.0,3.0,1.0
1,0.8110909,3.0,1.0,6.0,4.0,2.0,1.0,1.0,2.0,4.0,2.0,1.0,1.0
1,0.848353,3.0,1.0,6.0,12.0,3.0,2.0,1.0,3.0,3.0,2.0,3.0,1.0
1,0.8689024,7.0,1.0,7.0,5.0,1.0,1.0,1.0,3.0,2.0,1.0,3.0,2.0
1,0.9582349,8.0,1.0,10.0,7.0,1.0,1.0,1.0,4.0,1.0,1.0,3.0,3.0
1,0.9681723,3.0,1.0,4.0,4.0,4.0,4.0,3.0,2.0,3.0,4.0,2.0,1.0
1,1.0453452,4.0,1.0,4.0,3.0,4.0,4.0,4.0,1.0,3.0,2.0,2.0,2.0
1,1.0650334,3.0,1.0,4.0,3.0,2.0,4.0,2.0,,3.0,2.0,2.0,1.0
1,1.1221541,2.0,1.0,4.0,,4.0,2.0,4.0,1.0,,4.0,1.0,1.0
1,1.1237522,10.0,1.0,10.0,9.0,1.0,2.0,1.0,4.0,2.0,2.0,3.0,2.0
1,1.1270734,7.0,1.0,11.0,9.0,2.0,1.0,1.0,3.0,3.0,2.0,4.0,3.0
1,1.2218555,99.0,1.0,4.0,3.0,1.0,1.0,1.0,2.0,1.0,1.0,2.0,1.0
1,1.2470005,99.0,3.0,,,2.0,2.0,4.0,2.0,4.0,4.0,2.0,4.0
1,1.2696931,99.0,3.0,,12.0,2.0,4.0,1.0,4.0,4.0,3.0,4.0,1.0
1,1.2808332,5.0,1.0,4.0,12.0,3.0,2.0,4.0,2.0,1.0,2.0,2.0,1.0
1,1.3318434,4.0,3.0,,,3.0,4.0,3.0,2.0,2.0,3.0,3.0,1.0
1,1.3923788,2.0,1.0,4.0,3.0,3.0,3.0,2.0,3.0,3.0,3.0,1.0,2.0
1,1.4045112,7.0,1.0,7.0,7.0,2.0,,2.0,,2.0,2.0,,2.0
1,1.432789,5.0,1.0,12.0,6.0,1.0,3.0,2.0,3.0,3.0,3.0,1.0,1.0
1,1.6570929,2.0,1.0,4.0,3.0,4.0,3.0,4.0,1.0,4.0,3.0,1.0,1.0
1,1.8208152,99.0,1.0,14.0,,3.0,3.0,1.0,4.0,3.0,2.0,3.0,2.0
1,1.8355488,7.0,1.0,14.0,13.0,1.0,2.0,1.0,3.0,1.0,3.0,4.0,3.0
1,1.8697432,99.0,3.0,,,2.0,3.0,,3.0,,2.0,2.0,1.0
1,1.9040195,5.0,1.0,13.0,12.0,3.0,2.0,3.0,4.0,3.0,1.0,2.0,1.0
1,2.0168898,3.0,3.0,,3.0,3.0,4.0,3.0,3.0,3.0,3.0,2.0,1.0
1,2.1074903,4.0,3.0,,,2.0,4.0,2.0,3.0,1.0,3.0,2.0,1.0
1,2.1116264,4.0,1.0,13.0,3.0,3.0,4.0,2.0,3.0,3.0,3.0,2.0,2.0
1,2.291028,2.0,1.0,13.0,12.0,3.0,2.0,2.0,2.0,3.0,3.0,1.0,2.0
1,2.3239663,1.0,3.0,,,4.0,4.0,4.0,3.0,4.0,4.0,2.0,4.0
1,0.4287344,99.0,1.0,11.0,9.0,1.0,2.0,3.0,3.0,2.0,2.0,2.0,2.0
1,0.4487702,8.0,1.0,8.0,9.0,1.0,3.0,1.0,4.0,1.0,2.0,2.0,2.0
1,0.4525505,8.0,1.0,11.0,9.0,1.0,1.0,1.0,4.0,4.0,3.0,1.0,1.0
1,0.4951075,10.0,1.0,11.0,9.0,1.0,1.0,1.0,4.0,3.0,3.0,3.0,2.0
1,0.4982782,6.0,1.0,8.0,7.0,2.0,2.0,2.0,2.0,2.0,2.0,2.0,2.0
1,0.601241,99.0,1.0,8.0,7.0,1.0,4.0,1.0,4.0,1.0,1.0,4.0,2.0
1,0.6895211,99.0,1.0,11.0,12.0,2.0,2.0,2.0,2.0,1.0,2.0,1.0,1.0
1,0.8465768,5.0,1.0,6.0,,3.0,4.0,1.0,4.0,2.0,3.0,1.0,1.0
1,1.0444307,7.0,1.0,11.0,9.0,1.0,2.0,2.0,4.0,3.0,2.0,2.0,2.0
1,1.2206671,5.0,1.0,4.0,3.0,2.0,3.0,2.0,3.0,4.0,3.0,2.0,1.0
1,1.2318542,4.0,1.0,4.0,3.0,2.0,4.0,4.0,2.0,4.0,2.0,2.0,1.0
1,1.2482179,1.0,1.0,4.0,3.0,3.0,2.0,3.0,3.0,2.0,3.0,2.0,1.0
1,1.2814054,1.0,1.0,4.0,3.0,4.0,4.0,4.0,1.0,4.0,4.0,2.0,1.0
1,1.3825237,99.0,1.0,13.0,12.0,1.0,2.0,1.0,4.0,3.0,2.0,4.0,4.0
1,1.4840895,4.0,1.0,4.0,5.0,1.0,4.0,1.0,4.0,4.0,1.0,2.0,2.0
1,1.938818,99.0,1.0,13.0,12.0,,3.0,3.0,3.0,3.0,4.0,4.0,3.0
1,1.9762151,6.0,1.0,14.0,13.0,2.0,4.0,1.0,4.0,4.0,4.0,1.0,1.0
1,0.5659816,7.0,1.0,8.0,3.0,4.0,2.0,4.0,1.0,4.0,2.0,2.0,1.0
1,1.5254192,5.0,1.0,7.0,5.0,1.0,4.0,1.0,3.0,4.0,1.0,2.0,1.0
1,0.8810709,8.0,1.0,10.0,7.0,1.0,1.0,1.0,1.0,,2.0,,
1,0.4870911,99.0,1.0,8.0,9.0,1.0,1.0,3.0,4.0,2.0,1.0,3.0,1.0
1,0.5222158,99.0,1.0,12.0,11.0,1.0,3.0,1.0,4.0,3.0,3.0,4.0,3.0
1,0.5306131,7.0,1.0,11.0,6.0,1.0,4.0,1.0,3.0,3.0,2.0,2.0,2.0
1,0.6225369,4.0,1.0,8.0,4.0,3.0,4.0,3.0,4.0,3.0,3.0,2.0,1.0
1,0.6428967,6.0,1.0,11.0,9.0,2.0,2.0,1.0,3.0,3.0,3.0,1.0,1.0
1,0.774125,7.0,1.0,8.0,7.0,1.0,4.0,1.0,4.0,1.0,1.0,4.0,4.0
1,0.7950714,8.0,1.0,8.0,9.0,1.0,1.0,1.0,4.0,2.0,1.0,4.0,2.0
1,0.8289987,8.0,1.0,11.0,,1.0,1.0,2.0,2.0,3.0,1.0,1.0,1.0
1,0.8545806,7.0,1.0,7.0,12.0,1.0,2.0,1.0,3.0,1.0,2.0,3.0,2.0
1,0.8714288,99.0,2.0,,7.0,,,2.0,,,1.0,,
1,0.9114123,5.0,1.0,10.0,9.0,1.0,2.0,1.0,4.0,1.0,3.0,3.0,3.0
1,0.9329436,99.0,1.0,10.0,,1.0,2.0,2.0,1.0,2.0,3.0,1.0,1.0
1,0.9869758,9.0,1.0,10.0,9.0,1.0,2.0,1.0,4.0,4.0,1.0,4.0,3.0
1,1.0126061,8.0,1.0,10.0,9.0,1.0,2.0,1.0,2.0,2.0,2.0,2.0,1.0
1,1.0321429,4.0,1.0,7.0,5.0,3.0,4.0,2.0,3.0,2.0,3.0,3.0,3.0
1,1.0384747,9.0,1.0,10.0,5.0,1.0,1.0,1.0,4.0,1.0,2.0,4.0,2.0
1,1.0513868,4.0,2.0,,,3.0,4.0,4.0,2.0,3.0,2.0,3.0,3.0
1,1.0683739,99.0,1.0,12.0,6.0,2.0,2.0,2.0,3.0,3.0,2.0,,2.0
1,1.3138994,5.0,1.0,14.0,,2.0,2.0,2.0,2.0,4.0,2.0,3.0,2.0
1,1.4562622,4.0,1.0,4.0,,3.0,3.0,3.0,2.0,4.0,2.0,2.0,1.0
1,1.4638449,4.0,1.0,4.0,,1.0,3.0,1.0,2.0,3.0,1.0,2.0,2.0
1,0.3308027,0.0,1.0,2.0,2.0,2.0,4.0,2.0,2.0,3.0,4.0,1.0,1.0
1,0.3799481,,1.0,2.0,2.0,2.0,2.0,2.0,,3.0,2.0,2.0,1.0
1,0.3923196,99.0,1.0,1.0,1.0,1.0,2.0,1.0,3.0,2.0,2.0,2.0,2.0
1,0.420962,3.0,1.0,3.0,3.0,2.0,2.0,2.0,3.0,3.0,2.0,2.0,2.0
1,0.4436958,7.0,1.0,11.0,9.0,3.0,4.0,3.0,3.0,3.0,4.0,3.0,2.0
1,0.4907913,8.0,1.0,8.0,7.0,1.0,2.0,1.0,4.0,1.0,2.0,4.0,4.0
1,0.4993673,7.0,1.0,11.0,9.0,3.0,2.0,2.0,3.0,3.0,2.0,3.0,3.0
1,0.4994058,9.0,1.0,11.0,9.0,2.0,2.0,2.0,3.0,3.0,1.0,3.0,2.0
1,0.5177826,8.0,1.0,8.0,7.0,1.0,1.0,1.0,4.0,2.0,2.0,2.0,1.0
1,0.5449035,99.0,1.0,11.0,9.0,1.0,2.0,1.0,3.0,3.0,3.0,2.0,1.0
1,0.5655025,4.0,1.0,3.0,6.0,3.0,2.0,3.0,3.0,3.0,2.0,2.0,2.0
1,0.5662457,8.0,1.0,11.0,9.0,1.0,3.0,2.0,4.0,2.0,2.0,4.0,3.0
1,0.5703911,8.0,1.0,7.0,5.0,1.0,1.0,2.0,4.0,2.0,1.0,3.0,3.0
1,0.570708,2.0,1.0,3.0,3.0,2.0,2.0,2.0,2.0,2.0,2.0,2.0,2.0
1,0.5802542,8.0,1.0,11.0,9.0,1.0,2.0,1.0,3.0,3.0,2.0,2.0,1.0
1,0.5939717,9.0,1.0,11.0,9.0,1.0,3.0,1.0,4.0,3.0,2.0,3.0,2.0
1,0.5939717,8.0,1.0,11.0,9.0,2.0,2.0,2.0,3.0,2.0,2.0,2.0,2.0
1,0.5974435,5.0,1.0,1.0,1.0,3.0,4.0,2.0,3.0,3.0,2.0,2.0,1.0
1,0.6004524,99.0,1.0,12.0,6.0,1.0,4.0,1.0,4.0,4.0,,,1.0
1,0.6037445,10.0,1.0,11.0,9.0,1.0,3.0,1.0,4.0,2.0,2.0,3.0,3.0
1,0.6069844,6.0,1.0,11.0,9.0,2.0,2.0,2.0,3.0,3.0,2.0,3.0,2.0
1,0.6129679,99.0,1.0,11.0,9.0,2.0,2.0,1.0,3.0,3.0,2.0,3.0,2.0
1,0.6166358,7.0,1.0,8.0,7.0,2.0,2.0,2.0,3.0,1.0,1.0,3.0,2.0
1,0.6255243,5.0,1.0,5.0,,,,,,3.0,,,
1,0.6262736,6.0,1.0,7.0,5.0,2.0,3.0,1.0,4.0,2.0,1.0,3.0,3.0
1,0.6408576,8.0,1.0,11.0,9.0,2.0,2.0,2.0,3.0,3.0,3.0,2.0,1.0
1,0.6422476,99.0,1.0,12.0,6.0,2.0,4.0,2.0,3.0,3.0,4.0,3.0,2.0
1,0.6463056,8.0,1.0,10.0,9.0,1.0,2.0,2.0,3.0,2.0,2.0,3.0,2.0
1,0.6524876,5.0,1.0,7.0,5.0,2.0,2.0,1.0,3.0,2.0,2.0,2.0,2.0
1,0.6606701,7.0,1.0,9.0,8.0,1.0,1.0,1.0,4.0,1.0,2.0,1.0,1.0
1,0.6673042,7.0,1.0,11.0,9.0,1.0,2.0,1.0,2.0,2.0,2.0,4.0,2.0
1,0.6696495,4.0,1.0,5.0,4.0,,,2.0,3.0,3.0,2.0,2.0,2.0
1,0.6898548,5.0,1.0,6.0,3.0,3.0,2.0,4.0,2.0,3.0,3.0,3.0,2.0
1,0.6942616,5.0,1.0,11.0,9.0,2.0,2.0,2.0,3.0,3.0,2.0,2.0,2.0
1,0.7160066,99.0,1.0,11.0,,1.0,4.0,2.0,2.0,2.0,4.0,3.0,2.0
1,0.7318614,2.0,1.0,6.0,2.0,2.0,4.0,4.0,3.0,4.0,3.0,3.0,1.0
1,0.7448328,8.0,1.0,8.0,7.0,1.0,3.0,1.0,4.0,2.0,1.0,3.0,3.0
1,0.7463611,9.0,1.0,10.0,3.0,1.0,3.0,1.0,4.0,4.0,2.0,4.0,2.0
1,0.7713608,7.0,1.0,11.0,8.0,1.0,3.0,1.0,3.0,3.0,2.0,2.0,2.0
1,0.7865297,5.0,2.0,,12.0,3.0,2.0,3.0,2.0,4.0,1.0,3.0,2.0
1,0.7906482,5.0,1.0,4.0,3.0,4.0,4.0,3.0,1.0,4.0,4.0,1.0,1.0
1,0.7955558,5.0,1.0,7.0,5.0,2.0,,2.0,3.0,,,3.0,2.0
1,0.8070077,4.0,1.0,12.0,6.0,2.0,3.0,2.0,3.0,3.0,3.0,2.0,2.0
1,0.8079316,5.0,1.0,10.0,9.0,1.0,2.0,1.0,2.0,2.0,1.0,2.0,2.0
1,0.8119395,8.0,1.0,8.0,7.0,1.0,2.0,1.0,4.0,2.0,2.0,4.0,2.0
1,0.8199237,6.0,1.0,7.0,5.0,3.0,3.0,2.0,3.0,3.0,2.0,4.0,3.0
1,0.8249394,99.0,1.0,11.0,9.0,1.0,3.0,1.0,3.0,3.0,1.0,4.0,2.0
1,0.8401243,4.0,1.0,7.0,5.0,2.0,4.0,2.0,2.0,2.0,3.0,2.0,1.0
1,0.8457389,2.0,1.0,4.0,3.0,2.0,2.0,1.0,2.0,3.0,2.0,1.0,1.0
1,0.8500509,7.0,1.0,8.0,7.0,2.0,3.0,1.0,3.0,1.0,2.0,3.0,3.0
1,0.8514125,7.0,1.0,9.0,8.0,1.0,2.0,1.0,3.0,2.0,1.0,2.0,2.0
1,0.852128,10.0,1.0,10.0,9.0,1.0,1.0,1.0,4.0,3.0,2.0,3.0,3.0
1,0.8581182,6.0,1.0,7.0,5.0,2.0,4.0,3.0,3.0,1.0,2.0,3.0,2.0
1,0.8611295,5.0,1.0,4.0,3.0,2.0,1.0,3.0,2.0,2.0,3.0,1.0,1.0
1,0.8774471,5.0,1.0,7.0,5.0,3.0,3.0,2.0,3.0,3.0,3.0,2.0,2.0
1,0.8933695,99.0,1.0,11.0,9.0,2.0,2.0,2.0,2.0,2.0,2.0,2.0,3.0
1,0.8943083,99.0,1.0,11.0,9.0,1.0,1.0,1.0,3.0,3.0,2.0,2.0,1.0
1,0.8999639,9.0,1.0,9.0,8.0,2.0,2.0,2.0,3.0,2.0,2.0,2.0,1.0
1,0.9006559,8.0,1.0,12.0,9.0,2.0,2.0,1.0,3.0,3.0,2.0,4.0,2.0
1,0.9201999,5.0,2.0,,,2.0,,,,1.0,,,2.0
1,0.9485267,1.0,1.0,4.0,3.0,4.0,4.0,4.0,2.0,4.0,4.0,1.0,1.0
1,0.9517029,6.0,1.0,7.0,5.0,2.0,4.0,2.0,3.0,4.0,3.0,1.0,2.0
1,0.9728539,6.0,1.0,4.0,6.0,,,,3.0,4.0,3.0,,
1,0.9964165,5.0,1.0,7.0,5.0,2.0,1.0,3.0,,3.0,2.0,4.0,2.0
1,1.0048808,2.0,1.0,4.0,3.0,,2.0,2.0,2.0,3.0,2.0,1.0,1.0
1,1.0068241,6.0,1.0,7.0,5.0,2.0,,2.0,,2.0,2.0,3.0,1.0
1,1.0179149,3.0,1.0,7.0,5.0,2.0,3.0,2.0,3.0,2.0,3.0,3.0,2.0
1,1.0228407,6.0,1.0,4.0,3.0,2.0,2.0,2.0,2.0,4.0,1.0,4.0,4.0
1,1.0604881,3.0,1.0,4.0,3.0,3.0,4.0,4.0,2.0,2.0,3.0,1.0,2.0
1,1.1894494,99.0,1.0,4.0,3.0,3.0,3.0,4.0,2.0,3.0,2.0,3.0,2.0
1,1.2218555,1.0,1.0,4.0,3.0,4.0,4.0,3.0,2.0,3.0,4.0,1.0,1.0
1,1.2808332,4.0,1.0,4.0,3.0,4.0,4.0,4.0,2.0,4.0,3.0,2.0,2.0
1,1.2887968,4.0,1.0,4.0,3.0,1.0,2.0,1.0,4.0,3.0,4.0,3.0,2.0
1,1.3651283,5.0,3.0,,,3.0,3.0,3.0,2.0,2.0,2.0,3.0,3.0
1,1.3651968,3.0,1.0,4.0,3.0,2.0,3.0,2.0,2.0,2.0,2.0,2.0,1.0
1,1.3915012,1.0,1.0,4.0,3.0,4.0,4.0,4.0,3.0,4.0,,2.0,1.0
1,1.4171463,5.0,1.0,4.0,5.0,4.0,4.0,4.0,2.0,4.0,3.0,3.0,2.0
1,1.4521255,4.0,3.0,,,1.0,1.0,1.0,4.0,3.0,3.0,3.0,1.0
1,1.6225506,4.0,1.0,4.0,4.0,3.0,4.0,3.0,2.0,4.0,3.0,2.0,1.0
1,1.7012068,99.0,1.0,13.0,12.0,3.0,3.0,,3.0,3.0,3.0,3.0,2.0
1,1.745558,1.0,1.0,4.0,4.0,3.0,4.0,2.0,2.0,3.0,4.0,1.0,1.0
1,1.9574431,99.0,1.0,14.0,12.0,1.0,1.0,1.0,3.0,2.0,2.0,3.0,2.0
1,2.0083153,99.0,1.0,,,1.0,1.0,1.0,4.0,3.0,1.0,3.0,
1,2.095665,9.0,3.0,,,2.0,2.0,2.0,2.0,2.0,2.0,2.0,2.0
1,2.2853973,5.0,3.0,,,3.0,2.0,3.0,2.0,2.0,2.0,2.0,2.0
1,0.3224955,1.0,1.0,2.0,1.0,4.0,4.0,4.0,3.0,4.0,4.0,2.0,1.0
1,0.5709796,99.0,1.0,11.0,9.0,2.0,2.0,1.0,2.0,4.0,1.0,2.0,2.0
1,0.5935312,7.0,1.0,9.0,,1.0,1.0,2.0,3.0,3.0,1.0,4.0,2.0
1,0.6144323,99.0,1.0,6.0,1.0,4.0,4.0,4.0,1.0,4.0,4.0,2.0,1.0
1,0.6429709,7.0,1.0,11.0,9.0,1.0,1.0,1.0,4.0,2.0,2.0,4.0,3.0
1,0.8053071,6.0,1.0,9.0,8.0,2.0,2.0,2.0,3.0,3.0,3.0,2.0,1.0
1,0.9957276,2.0,1.0,6.0,12.0,2.0,4.0,2.0,2.0,3.0,2.0,3.0,1.0
1,1.1463511,99.0,1.0,7.0,5.0,2.0,4.0,2.0,2.0,1.0,2.0,3.0,1.0
1,1.3817953,8.0,2.0,,,2.0,3.0,1.0,4.0,3.0,2.0,3.0,2.0
1,1.5302584,4.0,1.0,4.0,12.0,3.0,3.0,3.0,3.0,2.0,2.0,3.0,2.0
1,2.2561691,99.0,3.0,,,3.0,4.0,3.0,3.0,3.0,4.0,4.0,2.0
1,1.8112935,99.0,3.0,,,1.0,4.0,1.0,2.0,1.0,3.0,2.0,1.0
1,0.5322528,5.0,1.0,11.0,9.0,2.0,2.0,2.0,2.0,3.0,2.0,2.0,
1,0.5462506,7.0,1.0,11.0,9.0,2.0,3.0,2.0,3.0,3.0,3.0,3.0,3.0
1,0.7400165,5.0,1.0,12.0,6.0,2.0,3.0,2.0,3.0,4.0,,1.0,1.0
1,2.0168898,5.0,1.0,13.0,12.0,,2.0,,3.0,,2.0,,1.0
1,0.4287675,4.0,1.0,11.0,9.0,2.0,2.0,2.0,2.0,3.0,3.0,2.0,2.0
1,0.8683733,7.0,1.0,8.0,7.0,2.0,2.0,2.0,4.0,2.0,2.0,4.0,3.0
1,0.9855993,6.0,1.0,10.0,7.0,1.0,2.0,1.0,3.0,2.0,2.0,4.0,4.0
1,1.0336344,99.0,1.0,4.0,12.0,3.0,3.0,2.0,3.0,3.0,2.0,2.0,1.0
1,1.1237522,10.0,1.0,10.0,9.0,1.0,2.0,1.0,4.0,3.0,2.0,4.0,4.0
1,1.4856491,0.0,1.0,4.0,3.0,4.0,4.0,4.0,2.0,4.0,4.0,1.0,1.0
1,0.5323218,8.0,1.0,11.0,9.0,2.0,1.0,3.0,3.0,3.0,3.0,3.0,2.0
1,0.5501292,7.0,1.0,11.0,9.0,1.0,3.0,1.0,2.0,2.0,2.0,2.0,2.0
1,0.5586772,7.0,1.0,9.0,8.0,2.0,3.0,2.0,3.0,3.0,2.0,2.0,2.0
1,0.6361341,7.0,1.0,11.0,9.0,1.0,2.0,1.0,3.0,3.0,2.0,2.0,2.0
1,0.6504263,9.0,1.0,8.0,,1.0,2.0,1.0,4.0,1.0,2.0,4.0,3.0
1,0.8226977,8.0,1.0,10.0,7.0,1.0,1.0,1.0,4.0,3.0,1.0,2.0,1.0
1,0.9183214,1.0,1.0,4.0,3.0,2.0,2.0,2.0,2.0,3.0,3.0,2.0,2.0
1,0.9525585,9.0,1.0,10.0,8.0,4.0,4.0,1.0,4.0,3.0,1.0,3.0,2.0
1,1.0525383,8.0,1.0,10.0,9.0,1.0,1.0,1.0,4.0,1.0,2.0,3.0,4.0
1,1.072803,6.0,1.0,11.0,9.0,2.0,4.0,2.0,4.0,4.0,3.0,4.0,2.0
1,1.4379845,5.0,3.0,,,2.0,2.0,2.0,2.0,3.0,3.0,3.0,2.0
1,1.6646652,4.0,3.0,,13.0,4.0,4.0,3.0,3.0,1.0,4.0,1.0,1.0
1,1.6935688,1.0,1.0,4.0,3.0,4.0,4.0,4.0,2.0,4.0,3.0,1.0,1.0
1,1.9571054,99.0,3.0,,,2.0,3.0,3.0,2.0,2.0,3.0,2.0,2.0
1,0.289029,3.0,1.0,2.0,2.0,4.0,2.0,4.0,2.0,4.0,4.0,4.0,1.0
1,0.3709501,3.0,1.0,3.0,4.0,3.0,4.0,3.0,,3.0,3.0,2.0,2.0
1,0.4566979,2.0,1.0,6.0,4.0,4.0,4.0,4.0,1.0,2.0,2.0,1.0,1.0
1,0.4627654,5.0,1.0,1.0,5.0,3.0,4.0,3.0,3.0,4.0,3.0,2.0,2.0
1,0.4699493,5.0,1.0,8.0,7.0,2.0,2.0,2.0,3.0,3.0,2.0,4.0,3.0
1,0.5659792,99.0,1.0,6.0,9.0,1.0,2.0,2.0,3.0,2.0,3.0,3.0,3.0
1,0.5672022,5.0,1.0,6.0,4.0,2.0,1.0,2.0,4.0,3.0,2.0,3.0,2.0
1,0.6091333,7.0,1.0,11.0,9.0,1.0,2.0,1.0,4.0,2.0,3.0,2.0,3.0
1,0.6092933,9.0,1.0,8.0,7.0,1.0,3.0,1.0,4.0,2.0,3.0,3.0,2.0
1,0.6286226,5.0,1.0,6.0,2.0,2.0,1.0,3.0,3.0,3.0,3.0,2.0,2.0
1,0.6816276,99.0,1.0,7.0,3.0,3.0,2.0,3.0,2.0,2.0,2.0,2.0,2.0
1,0.6857957,5.0,1.0,8.0,7.0,1.0,1.0,2.0,4.0,4.0,1.0,4.0,3.0
1,0.707676,5.0,1.0,9.0,8.0,2.0,3.0,2.0,3.0,2.0,2.0,3.0,3.0
1,0.7528396,8.0,1.0,4.0,9.0,2.0,2.0,2.0,3.0,4.0,1.0,2.0,2.0
1,0.7845538,99.0,1.0,12.0,12.0,2.0,2.0,2.0,2.0,2.0,2.0,2.0,2.0
1,0.8207481,4.0,1.0,6.0,,3.0,3.0,4.0,3.0,3.0,2.0,3.0,3.0
1,0.8554127,7.0,1.0,7.0,7.0,1.0,1.0,1.0,3.0,4.0,2.0,,
1,0.8943083,9.0,1.0,11.0,9.0,2.0,2.0,2.0,4.0,2.0,2.0,2.0,3.0
1,0.899734,6.0,1.0,7.0,5.0,3.0,4.0,2.0,2.0,3.0,2.0,4.0,2.0
1,0.929278,5.0,1.0,7.0,5.0,2.0,2.0,3.0,2.0,3.0,3.0,3.0,2.0
1,0.974834,6.0,1.0,11.0,9.0,1.0,1.0,2.0,3.0,3.0,1.0,3.0,3.0
1,1.073705,6.0,1.0,7.0,5.0,2.0,4.0,3.0,3.0,2.0,4.0,3.0,2.0
1,1.149812,5.0,1.0,7.0,5.0,2.0,2.0,2.0,2.0,3.0,2.0,2.0,2.0
1,1.2747484,2.0,1.0,4.0,3.0,3.0,,3.0,2.0,,3.0,2.0,1.0
1,1.3181102,7.0,3.0,,7.0,2.0,3.0,2.0,3.0,3.0,1.0,3.0,2.0
1,1.3324096,4.0,1.0,4.0,5.0,3.0,4.0,3.0,3.0,2.0,3.0,2.0,1.0
1,1.4788716,6.0,1.0,13.0,8.0,1.0,2.0,1.0,4.0,3.0,2.0,3.0,3.0
1,1.6244127,5.0,1.0,13.0,12.0,2.0,4.0,,,2.0,,2.0,2.0
1,1.8180494,99.0,1.0,13.0,12.0,1.0,3.0,2.0,2.0,4.0,1.0,1.0,1.0
1,1.3123322,8.0,2.0,,,1.0,3.0,3.0,2.0,3.0,2.0,3.0,1.0
1,1.0068241,7.0,1.0,7.0,,2.0,4.0,2.0,3.0,2.0,3.0,4.0,4.0
1,0.5410101,8.0,1.0,11.0,9.0,1.0,1.0,1.0,4.0,3.0,3.0,3.0,3.0
1,0.3431177,1.0,1.0,2.0,4.0,4.0,4.0,3.0,2.0,4.0,4.0,1.0,1.0
1,0.5643224,5.0,1.0,8.0,13.0,2.0,3.0,,3.0,,,3.0,
1,0.5856237,8.0,1.0,11.0,9.0,1.0,2.0,1.0,4.0,1.0,1.0,,2.0
1,0.5908591,9.0,1.0,11.0,9.0,2.0,2.0,1.0,3.0,2.0,2.0,1.0,1.0
1,0.7535003,5.0,1.0,7.0,5.0,3.0,4.0,3.0,1.0,1.0,4.0,2.0,1.0
1,1.2699711,2.0,1.0,4.0,3.0,4.0,3.0,4.0,3.0,4.0,3.0,3.0,2.0
1,2.8014634,4.0,1.0,13.0,12.0,2.0,4.0,3.0,,3.0,3.0,,1.0
1,0.8554127,7.0,1.0,7.0,5.0,2.0,,2.0,,2.0,,,2.0
1,0.8722658,99.0,1.0,12.0,6.0,3.0,3.0,3.0,,3.0,2.0,3.0,2.0
1,1.1719755,5.0,1.0,6.0,3.0,3.0,4.0,3.0,3.0,3.0,2.0,3.0,2.0
1,1.5363339,5.0,3.0,,,2.0,3.0,2.0,3.0,2.0,2.0,2.0,2.0
1,1.9781393,99.0,1.0,13.0,12.0,2.0,,2.0,,,2.0,,2.0
1,2.3341453,5.0,1.0,,,,4.0,,,,3.0,,
1,0.9334159,3.0,1.0,7.0,4.0,,2.0,,2.0,3.0,3.0,2.0,1.0
1,1.0990375,99.0,1.0,7.0,5.0,2.0,2.0,2.0,3.0,4.0,2.0,4.0,2.0
1,1.3874097,99.0,3.0,,13.0,,3.0,,3.0,,2.0,2.0,1.0
1,1.0994807,99.0,3.0,,,2.0,1.0,2.0,2.0,2.0,2.0,1.0,2.0
1,0.965929,2.0,1.0,4.0,3.0,4.0,4.0,4.0,1.0,2.0,4.0,1.0,1.0
1,1.3758118,5.0,3.0,,,4.0,3.0,2.0,2.0,3.0,4.0,2.0,1.0
1,0.484118,8.0,1.0,11.0,9.0,3.0,3.0,4.0,3.0,3.0,3.0,3.0,2.0
1,0.6503933,99.0,1.0,11.0,9.0,2.0,4.0,4.0,1.0,4.0,4.0,1.0,4.0
1,0.7540132,5.0,1.0,11.0,,2.0,4.0,3.0,3.0,4.0,2.0,3.0,2.0
1,0.8718515,5.0,1.0,7.0,5.0,2.0,1.0,2.0,2.0,1.0,2.0,3.0,1.0
1,1.010415,6.0,1.0,7.0,5.0,2.0,4.0,2.0,2.0,3.0,2.0,3.0,2.0
1,1.0449791,5.0,1.0,7.0,5.0,1.0,2.0,1.0,4.0,2.0,1.0,2.0,2.0
1,1.0997216,1.0,1.0,4.0,3.0,4.0,4.0,4.0,2.0,3.0,4.0,2.0,1.0
1,1.2100734,2.0,1.0,4.0,3.0,1.0,2.0,2.0,3.0,4.0,3.0,1.0,1.0
1,0.5541962,4.0,1.0,3.0,4.0,2.0,3.0,2.0,3.0,3.0,2.0,2.0,2.0
1,0.7950714,7.0,1.0,8.0,7.0,3.0,3.0,2.0,3.0,2.0,2.0,3.0,2.0
1,0.9075162,2.0,1.0,4.0,4.0,3.0,4.0,3.0,2.0,4.0,3.0,1.0,1.0
1,1.0181288,,2.0,,,4.0,4.0,4.0,1.0,2.0,4.0,1.0,1.0
1,1.7922096,99.0,3.0,,,2.0,4.0,2.0,2.0,1.0,3.0,3.0,1.0
1,1.0213389,9.0,1.0,10.0,5.0,1.0,2.0,1.0,3.0,1.0,3.0,2.0,1.0
1,1.5254192,7.0,1.0,7.0,5.0,1.0,2.0,1.0,2.0,4.0,2.0,2.0,1.0
1,1.7811354,99.0,1.0,13.0,12.0,2.0,2.0,2.0,3.0,4.0,2.0,,1.0
1,0.814736,5.0,1.0,4.0,3.0,,3.0,,3.0,4.0,2.0,3.0,1.0
1,0.9024998,3.0,1.0,5.0,,4.0,4.0,4.0,3.0,4.0,4.0,2.0,1.0
1,0.977777,8.0,1.0,11.0,9.0,2.0,2.0,2.0,3.0,2.0,2.0,3.0,3.0
1,1.0150796,2.0,1.0,4.0,3.0,2.0,2.0,3.0,2.0,2.0,3.0,3.0,1.0
1,2.0328441,5.0,1.0,13.0,12.0,1.0,1.0,1.0,1.0,1.0,1.0,1.0,2.0
1,0.9226057,99.0,2.0,,,2.0,2.0,4.0,2.0,3.0,3.0,2.0,1.0
1,1.0276889,5.0,1.0,6.0,12.0,,4.0,1.0,2.0,2.0,3.0,,1.0
1,0.5617759,99.0,1.0,11.0,9.0,2.0,1.0,2.0,3.0,3.0,3.0,1.0,1.0
1,0.5072708,10.0,1.0,11.0,9.0,1.0,1.0,1.0,4.0,1.0,1.0,1.0,1.0
1,0.5306131,10.0,1.0,11.0,9.0,1.0,1.0,1.0,3.0,1.0,1.0,1.0,1.0
1,0.5364877,99.0,1.0,11.0,9.0,1.0,2.0,2.0,4.0,3.0,4.0,2.0,1.0
1,0.5765501,,1.0,11.0,9.0,1.0,3.0,2.0,,,4.0,1.0,1.0
1,0.5990821,99.0,1.0,11.0,9.0,1.0,1.0,1.0,1.0,3.0,3.0,4.0,1.0
1,0.6069376,10.0,1.0,11.0,9.0,1.0,1.0,1.0,4.0,1.0,2.0,3.0,1.0
1,0.6553271,5.0,1.0,11.0,9.0,1.0,1.0,1.0,4.0,4.0,2.0,1.0,1.0
1,0.7011768,8.0,1.0,11.0,9.0,1.0,1.0,1.0,3.0,4.0,1.0,2.0,2.0
1,0.7403492,10.0,1.0,11.0,9.0,1.0,1.0,1.0,4.0,4.0,2.0,2.0,1.0
1,0.7461432,99.0,1.0,11.0,9.0,2.0,2.0,3.0,3.0,3.0,3.0,3.0,2.0
1,0.772662,99.0,1.0,11.0,,1.0,2.0,3.0,2.0,2.0,3.0,1.0,1.0
1,0.781415,9.0,1.0,11.0,9.0,1.0,1.0,1.0,4.0,,2.0,1.0,1.0
1,0.7874323,10.0,1.0,11.0,9.0,1.0,1.0,1.0,4.0,1.0,2.0,2.0,1.0
1,0.8056288,10.0,1.0,11.0,9.0,1.0,1.0,1.0,1.0,1.0,2.0,1.0,1.0
1,0.8494024,8.0,1.0,11.0,9.0,1.0,1.0,2.0,2.0,2.0,2.0,2.0,1.0
1,0.878257,99.0,1.0,11.0,9.0,1.0,1.0,1.0,2.0,1.0,1.0,1.0,1.0
1,0.8943083,10.0,1.0,11.0,9.0,1.0,1.0,1.0,2.0,1.0,1.0,1.0,2.0
1,0.9241232,7.0,1.0,10.0,9.0,1.0,2.0,1.0,4.0,4.0,2.0,2.0,2.0
1,0.9494229,10.0,1.0,10.0,9.0,1.0,1.0,1.0,4.0,1.0,4.0,4.0,1.0
1,0.9517984,5.0,1.0,9.0,8.0,1.0,1.0,1.0,4.0,4.0,4.0,2.0,1.0
1,1.0288817,99.0,1.0,7.0,5.0,2.0,4.0,2.0,3.0,4.0,4.0,1.0,1.0
1,1.0336469,8.0,1.0,10.0,9.0,2.0,1.0,1.0,4.0,1.0,1.0,3.0,1.0
1,1.1237522,9.0,1.0,10.0,3.0,1.0,1.0,1.0,2.0,3.0,1.0,1.0,1.0
1,1.1744113,99.0,1.0,4.0,3.0,1.0,1.0,3.0,3.0,3.0,3.0,2.0,1.0
1,1.2642013,7.0,1.0,13.0,12.0,1.0,2.0,1.0,4.0,3.0,2.0,4.0,2.0
1,1.3066047,10.0,2.0,,,2.0,1.0,3.0,1.0,4.0,2.0,1.0,1.0
1,1.4081231,99.0,3.0,,,1.0,2.0,1.0,4.0,3.0,2.0,3.0,3.0
1,1.4237128,6.0,1.0,14.0,13.0,1.0,1.0,2.0,4.0,3.0,4.0,3.0,2.0
1,1.6209538,7.0,1.0,13.0,12.0,1.0,3.0,1.0,4.0,4.0,4.0,3.0,1.0
1,2.1137068,2.0,1.0,13.0,12.0,1.0,1.0,1.0,3.0,4.0,4.0,1.0,3.0
1,0.6553271,10.0,1.0,11.0,9.0,1.0,1.0,1.0,1.0,1.0,4.0,1.0,1.0
1,0.9150957,3.0,1.0,4.0,3.0,3.0,1.0,4.0,4.0,4.0,3.0,1.0,2.0
1,0.2667563,5.0,1.0,2.0,2.0,2.0,2.0,4.0,4.0,4.0,2.0,1.0,1.0
1,0.625451,9.0,1.0,9.0,8.0,1.0,1.0,1.0,2.0,1.0,2.0,2.0,2.0
1,0.8244085,8.0,1.0,11.0,9.0,1.0,3.0,1.0,2.0,1.0,1.0,3.0,1.0
1,0.9068723,9.0,1.0,11.0,9.0,1.0,1.0,1.0,4.0,3.0,2.0,3.0,2.0
1,1.2005551,99.0,1.0,4.0,3.0,1.0,1.0,4.0,4.0,4.0,4.0,3.0,1.0
1,1.3531206,7.0,2.0,,,1.0,1.0,1.0,4.0,3.0,1.0,1.0,1.0
1,1.5055735,10.0,3.0,,,1.0,1.0,1.0,4.0,1.0,3.0,1.0,1.0
1,1.5868306,99.0,1.0,13.0,9.0,1.0,2.0,3.0,4.0,3.0,3.0,2.0,1.0
1,0.5277783,8.0,1.0,11.0,9.0,1.0,2.0,1.0,4.0,2.0,4.0,2.0,1.0
1,0.6362439,5.0,1.0,11.0,9.0,1.0,1.0,1.0,4.0,2.0,1.0,2.0,1.0
1,0.8165168,8.0,1.0,11.0,9.0,2.0,1.0,2.0,2.0,1.0,2.0,4.0,1.0
1,1.09241,2.0,1.0,11.0,9.0,2.0,1.0,1.0,3.0,2.0,2.0,2.0,2.0
1,2.67116,99.0,3.0,,5.0,2.0,1.0,1.0,2.0,1.0,1.0,2.0,2.0
1,0.6071786,10.0,1.0,11.0,9.0,1.0,1.0,1.0,3.0,3.0,1.0,1.0,1.0
1,0.6365672,10.0,1.0,11.0,9.0,1.0,1.0,1.0,4.0,2.0,1.0,3.0,2.0
1,0.9148607,10.0,1.0,11.0,9.0,1.0,1.0,1.0,4.0,2.0,1.0,4.0,2.0
1,0.6547221,10.0,1.0,11.0,9.0,1.0,1.0,1.0,1.0,1.0,1.0,1.0,2.0
1,1.4786652,99.0,3.0,,,2.0,1.0,1.0,2.0,2.0,1.0,1.0,1.0
1,0.6362439,6.0,1.0,11.0,9.0,2.0,2.0,2.0,2.0,2.0,2.0,2.0,2.0
1,0.484118,99.0,1.0,11.0,9.0,2.0,2.0,1.0,3.0,4.0,2.0,2.0,1.0
1,0.5908423,2.0,1.0,11.0,3.0,1.0,1.0,1.0,4.0,4.0,4.0,2.0,1.0
1,0.6907085,7.0,1.0,9.0,8.0,1.0,2.0,1.0,4.0,2.0,1.0,2.0,2.0
1,0.7144248,8.0,1.0,11.0,9.0,2.0,3.0,2.0,4.0,2.0,2.0,3.0,2.0
1,0.7233368,99.0,1.0,9.0,2.0,1.0,3.0,1.0,3.0,1.0,4.0,2.0,1.0
1,0.8554127,5.0,1.0,7.0,5.0,1.0,3.0,1.0,4.0,2.0,4.0,2.0,1.0
1,0.8865932,5.0,1.0,11.0,8.0,2.0,3.0,1.0,3.0,3.0,3.0,2.0,1.0
1,1.2605834,5.0,1.0,11.0,9.0,3.0,4.0,2.0,3.0,4.0,1.0,4.0,1.0
1,0.7297437,5.0,1.0,7.0,5.0,1.0,4.0,4.0,1.0,3.0,2.0,2.0,2.0
1,0.7550265,,1.0,11.0,9.0,2.0,1.0,1.0,2.0,4.0,4.0,1.0,1.0
1,1.4171463,99.0,1.0,4.0,3.0,1.0,2.0,1.0,4.0,4.0,2.0,1.0,2.0
1,0.4682705,99.0,1.0,11.0,9.0,2.0,,,2.0,3.0,2.0,1.0,2.0
1,0.7758102,8.0,1.0,11.0,9.0,1.0,1.0,2.0,3.0,2.0,3.0,4.0,2.0
1,0.7764911,7.0,1.0,11.0,5.0,2.0,1.0,2.0,4.0,2.0,2.0,3.0,1.0
1,0.807994,9.0,1.0,10.0,9.0,1.0,4.0,1.0,4.0,1.0,2.0,4.0,3.0
1,1.5393025,,1.0,,,1.0,3.0,4.0,1.0,1.0,1.0,2.0,1.0
1,0.5662457,99.0,1.0,11.0,9.0,1.0,1.0,1.0,3.0,,4.0,2.0,3.0
1,0.5962808,99.0,1.0,11.0,,2.0,1.0,1.0,3.0,,2.0,2.0,1.0
1,0.5962808,5.0,1.0,11.0,9.0,1.0,1.0,2.0,2.0,2.0,1.0,2.0,2.0
1,0.7247275,99.0,1.0,11.0,9.0,1.0,1.0,2.0,3.0,3.0,1.0,1.0,1.0
1,0.7395182,99.0,1.0,5.0,,2.0,2.0,3.0,3.0,3.0,3.0,3.0,2.0
1,0.8412321,99.0,1.0,7.0,5.0,2.0,3.0,3.0,2.0,3.0,3.0,3.0,1.0
1,0.883748,10.0,1.0,11.0,9.0,3.0,1.0,4.0,1.0,1.0,4.0,1.0,1.0
1,0.8912278,2.0,1.0,4.0,3.0,2.0,4.0,2.0,2.0,4.0,3.0,2.0,1.0
1,1.0994807,2.0,3.0,,9.0,2.0,1.0,2.0,3.0,3.0,2.0,3.0,1.0
1,1.1734321,5.0,1.0,11.0,5.0,1.0,4.0,1.0,4.0,2.0,2.0,3.0,2.0
1,1.7117627,8.0,,,6.0,1.0,1.0,1.0,3.0,3.0,1.0,4.0,3.0
1,0.4523033,99.0,1.0,6.0,3.0,3.0,4.0,3.0,2.0,3.0,2.0,2.0,1.0
1,0.6250823,2.0,1.0,3.0,5.0,4.0,4.0,4.0,3.0,3.0,1.0,1.0,1.0
1,0.7926494,99.0,1.0,11.0,9.0,3.0,1.0,4.0,2.0,3.0,3.0,2.0,2.0
1,1.09241,7.0,1.0,11.0,9.0,1.0,2.0,1.0,4.0,4.0,1.0,2.0,1.0
1,0.772662,10.0,1.0,11.0,,1.0,1.0,1.0,1.0,1.0,1.0,1.0,1.0
1,0.7946421,99.0,1.0,9.0,9.0,2.0,2.0,1.0,3.0,3.0,4.0,2.0,1.0
1,0.539232,99.0,1.0,11.0,,3.0,3.0,4.0,2.0,4.0,4.0,4.0,2.0
1,0.8226004,99.0,1.0,11.0,9.0,1.0,1.0,1.0,3.0,2.0,1.0,2.0,1.0
1,0.8749818,5.0,1.0,11.0,9.0,3.0,1.0,4.0,1.0,3.0,3.0,1.0,1.0
1,1.6371732,99.0,3.0,,,3.0,3.0,2.0,2.0,2.0,4.0,4.0,3.0
1,0.7355139,9.0,1.0,11.0,9.0,1.0,1.0,1.0,,3.0,2.0,3.0,1.0
1,0.7385969,99.0,1.0,7.0,5.0,2.0,2.0,2.0,,,,2.0,2.0
1,1.3673106,99.0,1.0,13.0,8.0,2.0,,2.0,3.0,2.0,2.0,2.0,2.0
1,0.8206359,10.0,1.0,11.0,9.0,1.0,1.0,1.0,1.0,3.0,1.0,1.0,1.0
1,0.9031501,8.0,1.0,7.0,5.0,1.0,3.0,2.0,2.0,2.0,2.0,1.0,2.0
1,0.3336285,99.0,1.0,1.0,1.0,3.0,3.0,3.0,3.0,4.0,3.0,3.0,2.0
1,0.3996757,8.0,1.0,8.0,7.0,1.0,2.0,2.0,3.0,2.0,1.0,4.0,3.0
1,0.435357,2.0,1.0,3.0,3.0,1.0,4.0,1.0,4.0,4.0,2.0,1.0,1.0
1,0.6521248,3.0,1.0,8.0,3.0,2.0,2.0,2.0,2.0,1.0,2.0,2.0,2.0
1,2.5889225,99.0,3.0,,,2.0,3.0,4.0,3.0,3.0,1.0,2.0,1.0
1,0.6038101,4.0,1.0,5.0,4.0,4.0,4.0,4.0,2.0,4.0,4.0,2.0,1.0
1,1.1587185,0.0,1.0,4.0,4.0,3.0,3.0,3.0,2.0,3.0,4.0,2.0,1.0
1,1.3137244,4.0,2.0,,3.0,2.0,4.0,3.0,1.0,3.0,4.0,3.0,1.0
1,1.4533494,7.0,1.0,7.0,5.0,2.0,4.0,4.0,3.0,2.0,1.0,4.0,3.0
1,2.2444391,8.0,3.0,,,1.0,1.0,2.0,4.0,3.0,4.0,1.0,1.0
1,1.1838216,99.0,1.0,7.0,,3.0,2.0,2.0,2.0,3.0,2.0,3.0,2.0
1,0.4582695,3.0,1.0,6.0,4.0,1.0,1.0,1.0,4.0,1.0,1.0,4.0,2.0
1,0.4796779,8.0,1.0,9.0,8.0,2.0,2.0,3.0,3.0,3.0,2.0,2.0,2.0
1,0.551807,5.0,1.0,11.0,,1.0,1.0,4.0,2.0,2.0,3.0,2.0,1.0
1,0.6180302,6.0,1.0,11.0,9.0,3.0,3.0,3.0,4.0,2.0,3.0,3.0,4.0
1,0.6276475,5.0,1.0,5.0,4.0,3.0,3.0,3.0,3.0,3.0,3.0,3.0,3.0
1,0.6524876,8.0,1.0,7.0,5.0,2.0,3.0,3.0,3.0,1.0,1.0,3.0,2.0
1,0.6959121,5.0,1.0,11.0,9.0,2.0,2.0,2.0,3.0,3.0,2.0,2.0,2.0
1,0.6967626,6.0,1.0,10.0,6.0,1.0,1.0,1.0,3.0,1.0,1.0,1.0,1.0
1,0.8441499,10.0,1.0,11.0,9.0,1.0,1.0,1.0,4.0,2.0,1.0,2.0,1.0
1,0.8684618,6.0,1.0,7.0,5.0,2.0,4.0,3.0,,2.0,2.0,3.0,2.0
1,0.9060583,7.0,1.0,7.0,5.0,3.0,2.0,4.0,2.0,4.0,1.0,1.0,3.0
1,1.1143944,8.0,1.0,7.0,5.0,1.0,3.0,2.0,2.0,2.0,2.0,2.0,1.0
1,1.1471393,2.0,1.0,4.0,3.0,2.0,2.0,1.0,2.0,2.0,3.0,2.0,1.0
1,1.1640815,8.0,1.0,7.0,5.0,,,,,,,,2.0
1,1.2114452,3.0,1.0,7.0,5.0,3.0,4.0,3.0,2.0,2.0,2.0,2.0,1.0
1,1.2316999,3.0,1.0,4.0,3.0,3.0,3.0,3.0,2.0,3.0,4.0,1.0,3.0
1,1.3055894,7.0,1.0,13.0,12.0,2.0,2.0,3.0,2.0,2.0,3.0,2.0,2.0
1,1.3106115,5.0,1.0,7.0,5.0,3.0,4.0,4.0,2.0,3.0,2.0,4.0,2.0
1,1.6244127,5.0,1.0,13.0,12.0,3.0,3.0,3.0,3.0,3.0,1.0,2.0,2.0
1,1.7026098,99.0,1.0,,,2.0,2.0,2.0,1.0,4.0,2.0,4.0,1.0
1,1.753583,6.0,1.0,13.0,,2.0,2.0,2.0,2.0,2.0,2.0,2.0,3.0
1,1.9681078,2.0,3.0,,,2.0,1.0,2.0,3.0,3.0,2.0,3.0,2.0
1,0.7271173,5.0,1.0,11.0,10.0,1.0,1.0,2.0,4.0,3.0,2.0,3.0,2.0
1,0.7481702,9.0,1.0,11.0,9.0,1.0,1.0,1.0,1.0,1.0,1.0,1.0,2.0
1,0.8934147,5.0,1.0,7.0,7.0,2.0,2.0,1.0,4.0,2.0,2.0,3.0,1.0
1,1.0288817,5.0,1.0,7.0,5.0,1.0,2.0,1.0,3.0,2.0,2.0,4.0,2.0
1,1.0813617,99.0,1.0,7.0,5.0,2.0,3.0,2.0,2.0,2.0,3.0,2.0,2.0
1,1.0891771,5.0,1.0,7.0,5.0,3.0,3.0,2.0,2.0,2.0,2.0,2.0,2.0
1,1.0965536,9.0,1.0,7.0,5.0,1.0,1.0,1.0,4.0,2.0,1.0,,1.0
1,1.244171,3.0,1.0,4.0,3.0,4.0,4.0,3.0,2.0,3.0,3.0,1.0,1.0
1,1.5900295,99.0,3.0,,,2.0,2.0,3.0,2.0,3.0,1.0,3.0,2.0
1,1.5027863,2.0,1.0,4.0,3.0,2.0,1.0,2.0,2.0,3.0,1.0,1.0,1.0
1,0.440091,3.0,1.0,8.0,3.0,3.0,2.0,3.0,2.0,2.0,2.0,2.0,2.0
1,0.4848343,3.0,1.0,3.0,4.0,1.0,4.0,1.0,4.0,4.0,1.0,3.0,2.0
1,0.7414399,7.0,1.0,11.0,9.0,1.0,2.0,1.0,2.0,3.0,3.0,2.0,2.0
1,0.9334159,99.0,1.0,7.0,4.0,3.0,2.0,3.0,2.0,4.0,3.0,3.0,3.0
1,1.0914793,8.0,2.0,,,2.0,3.0,2.0,1.0,2.0,2.0,,2.0
1,1.9781393,5.0,3.0,,,1.0,,,2.0,4.0,1.0,3.0,2.0
1,2.0381734,5.0,3.0,,,2.0,4.0,4.0,2.0,4.0,3.0,3.0,2.0
1,0.4624804,4.0,1.0,3.0,3.0,2.0,2.0,3.0,2.0,2.0,2.0,2.0,2.0
1,0.5358437,6.0,1.0,11.0,9.0,2.0,2.0,2.0,3.0,3.0,2.0,2.0,1.0
1,0.5434815,99.0,1.0,6.0,12.0,,,3.0,,3.0,2.0,2.0,2.0
1,0.5617759,8.0,1.0,11.0,9.0,2.0,3.0,1.0,2.0,3.0,2.0,2.0,3.0
1,0.5789367,7.0,1.0,11.0,9.0,1.0,1.0,1.0,2.0,3.0,2.0,2.0,1.0
1,0.6180302,8.0,1.0,11.0,9.0,2.0,2.0,2.0,2.0,2.0,2.0,2.0,2.0
1,0.6490098,7.0,1.0,8.0,8.0,2.0,1.0,3.0,3.0,2.0,2.0,2.0,2.0
1,0.6858656,6.0,1.0,7.0,5.0,2.0,3.0,3.0,3.0,3.0,1.0,3.0,2.0
1,0.7016021,8.0,1.0,11.0,9.0,2.0,2.0,2.0,2.0,3.0,2.0,3.0,2.0
1,0.7854585,6.0,1.0,11.0,9.0,1.0,2.0,1.0,4.0,3.0,1.0,3.0,2.0
1,0.8077943,6.0,1.0,7.0,7.0,3.0,2.0,3.0,3.0,3.0,2.0,3.0,3.0
1,0.8326819,5.0,1.0,7.0,5.0,2.0,2.0,2.0,2.0,2.0,2.0,2.0,3.0
1,0.8619333,5.0,1.0,7.0,5.0,4.0,4.0,4.0,2.0,3.0,4.0,1.0,1.0
1,0.8622581,99.0,1.0,12.0,6.0,2.0,2.0,2.0,2.0,1.0,2.0,1.0,1.0
1,0.8701376,6.0,1.0,12.0,,1.0,3.0,4.0,3.0,3.0,3.0,3.0,2.0
1,0.9029085,6.0,1.0,12.0,6.0,3.0,4.0,2.0,2.0,3.0,3.0,2.0,2.0
1,0.9263437,99.0,1.0,12.0,3.0,2.0,,1.0,4.0,2.0,2.0,3.0,2.0
1,0.930463,5.0,1.0,7.0,5.0,3.0,4.0,3.0,2.0,3.0,2.0,2.0,2.0
1,0.9334159,7.0,1.0,7.0,5.0,2.0,2.0,2.0,2.0,3.0,2.0,3.0,2.0
1,0.9642566,8.0,1.0,7.0,5.0,2.0,3.0,4.0,2.0,3.0,2.0,1.0,3.0
1,0.9785325,8.0,1.0,7.0,5.0,1.0,1.0,1.0,4.0,2.0,1.0,4.0,2.0
1,0.9964165,5.0,1.0,7.0,5.0,2.0,4.0,2.0,2.0,3.0,2.0,2.0,2.0
1,1.0201057,6.0,1.0,11.0,13.0,,,,2.0,2.0,3.0,2.0,2.0
1,1.0449791,6.0,1.0,7.0,5.0,1.0,1.0,1.0,1.0,1.0,1.0,1.0,2.0
1,1.0881225,3.0,1.0,7.0,5.0,2.0,4.0,2.0,2.0,4.0,2.0,2.0,3.0
1,1.1386775,4.0,2.0,,,,4.0,,2.0,2.0,3.0,,2.0
1,1.1684388,7.0,1.0,7.0,5.0,3.0,3.0,1.0,3.0,3.0,2.0,3.0,2.0
1,1.2567933,5.0,1.0,7.0,5.0,4.0,4.0,4.0,2.0,2.0,3.0,3.0,2.0
1,1.2579734,8.0,1.0,7.0,5.0,4.0,4.0,2.0,1.0,3.0,2.0,2.0,2.0
1,1.4036486,2.0,1.0,6.0,3.0,3.0,4.0,1.0,2.0,3.0,3.0,2.0,1.0
1,1.5182652,6.0,3.0,,,3.0,2.0,3.0,2.0,2.0,2.0,2.0,2.0
1,1.557318,5.0,1.0,4.0,4.0,4.0,4.0,4.0,2.0,3.0,4.0,2.0,1.0
1,1.6740359,4.0,1.0,4.0,3.0,2.0,3.0,3.0,2.0,3.0,2.0,2.0,2.0
1,1.6932451,4.0,1.0,7.0,5.0,,4.0,3.0,3.0,2.0,3.0,,3.0
1,1.8540932,99.0,3.0,,,1.0,2.0,1.0,3.0,2.0,3.0,2.0,2.0
1,2.4112554,9.0,3.0,,,2.0,3.0,3.0,4.0,3.0,3.0,4.0,1.0
1,3.3510749,6.0,1.0,,,2.0,2.0,2.0,2.0,2.0,2.0,2.0,3.0
1,0.8115894,7.0,1.0,7.0,5.0,2.0,3.0,4.0,1.0,2.0,1.0,2.0,2.0
1,0.5210895,5.0,1.0,11.0,9.0,3.0,1.0,4.0,1.0,4.0,3.0,2.0,1.0
1,0.534912,7.0,1.0,1.0,1.0,2.0,1.0,2.0,2.0,1.0,2.0,2.0,2.0
1,0.9031501,7.0,1.0,7.0,5.0,2.0,2.0,2.0,2.0,2.0,2.0,2.0,2.0
1,1.377202,2.0,1.0,4.0,3.0,3.0,4.0,3.0,2.0,4.0,3.0,1.0,1.0
1,1.1885445,8.0,1.0,7.0,5.0,1.0,4.0,1.0,4.0,4.0,1.0,4.0,4.0
1,1.6754165,5.0,1.0,4.0,3.0,4.0,2.0,4.0,2.0,4.0,1.0,2.0,2.0
1,1.1386775,99.0,2.0,,,4.0,4.0,4.0,2.0,,,,1.0
1,2.3040323,3.0,3.0,,12.0,2.0,4.0,1.0,3.0,3.0,,,1.0
1,0.3902343,0.0,1.0,1.0,1.0,2.0,3.0,2.0,3.0,4.0,4.0,2.0,3.0
1,0.3959112,5.0,1.0,1.0,3.0,3.0,3.0,3.0,3.0,,3.0,4.0,3.0
1,0.4210719,8.0,1.0,11.0,9.0,1.0,1.0,1.0,1.0,4.0,4.0,1.0,1.0
1,0.4307497,4.0,1.0,3.0,4.0,3.0,2.0,2.0,1.0,1.0,2.0,3.0,1.0
1,0.4599014,99.0,1.0,11.0,9.0,1.0,1.0,1.0,4.0,2.0,3.0,2.0,1.0
1,0.5586772,99.0,1.0,9.0,8.0,2.0,,2.0,3.0,,3.0,2.0,2.0
1,0.5920363,8.0,1.0,11.0,9.0,2.0,1.0,1.0,4.0,4.0,3.0,4.0,2.0
1,0.5962808,9.0,1.0,11.0,9.0,2.0,2.0,2.0,3.0,2.0,2.0,3.0,2.0
1,0.6075277,10.0,1.0,11.0,9.0,1.0,4.0,1.0,2.0,2.0,4.0,1.0,1.0
1,0.6118932,1.0,1.0,3.0,9.0,1.0,1.0,1.0,4.0,3.0,1.0,3.0,1.0
1,0.6181071,99.0,1.0,11.0,,,2.0,,,3.0,,2.0,
1,0.6595331,5.0,1.0,11.0,9.0,1.0,2.0,1.0,4.0,4.0,2.0,1.0,1.0
1,0.6905374,10.0,1.0,11.0,9.0,1.0,1.0,1.0,4.0,2.0,2.0,2.0,1.0
1,0.7085761,10.0,1.0,11.0,9.0,1.0,1.0,1.0,4.0,2.0,2.0,2.0,2.0
1,0.7116315,,1.0,11.0,9.0,1.0,1.0,1.0,4.0,3.0,3.0,2.0,1.0
1,0.7555146,10.0,1.0,11.0,9.0,1.0,1.0,3.0,2.0,4.0,2.0,1.0,1.0
1,0.7644042,7.0,1.0,10.0,9.0,1.0,1.0,1.0,3.0,2.0,2.0,4.0,4.0
1,0.8016573,3.0,1.0,4.0,3.0,1.0,1.0,4.0,3.0,2.0,3.0,1.0,1.0
1,0.8022361,8.0,1.0,10.0,9.0,1.0,1.0,1.0,3.0,,3.0,2.0,2.0
1,0.8056288,9.0,1.0,11.0,9.0,1.0,1.0,1.0,3.0,3.0,2.0,1.0,1.0
1,0.8376346,8.0,1.0,11.0,9.0,1.0,3.0,1.0,4.0,3.0,2.0,4.0,2.0
1,0.8633682,7.0,1.0,10.0,7.0,1.0,1.0,1.0,4.0,2.0,2.0,4.0,2.0
1,0.877335,,1.0,11.0,9.0,1.0,2.0,1.0,3.0,2.0,1.0,2.0,1.0
1,0.878257,9.0,1.0,11.0,9.0,1.0,1.0,1.0,4.0,1.0,1.0,3.0,2.0
1,0.8800516,4.0,1.0,11.0,9.0,2.0,4.0,1.0,4.0,3.0,3.0,1.0,1.0
1,0.9148607,4.0,1.0,11.0,9.0,1.0,2.0,1.0,3.0,3.0,2.0,2.0,2.0
1,0.9582349,9.0,1.0,10.0,7.0,1.0,1.0,1.0,4.0,4.0,2.0,3.0,3.0
1,0.9619793,10.0,1.0,11.0,9.0,1.0,2.0,1.0,4.0,1.0,2.0,2.0,1.0
1,1.0416868,7.0,1.0,10.0,9.0,1.0,1.0,1.0,4.0,1.0,1.0,2.0,2.0
1,1.1277285,2.0,1.0,4.0,3.0,1.0,2.0,2.0,2.0,4.0,4.0,1.0,1.0
1,1.2988793,2.0,1.0,4.0,3.0,3.0,2.0,2.0,2.0,2.0,2.0,1.0,1.0
1,1.333612,5.0,1.0,4.0,3.0,1.0,1.0,1.0,3.0,3.0,1.0,2.0,1.0
1,1.5300291,5.0,3.0,,11.0,1.0,2.0,1.0,3.0,2.0,4.0,2.0,1.0
1,1.769261,1.0,1.0,4.0,3.0,1.0,4.0,1.0,4.0,4.0,4.0,1.0,1.0
1,1.8505545,99.0,3.0,,,2.0,2.0,1.0,4.0,4.0,2.0,1.0,2.0
1,2.148097,99.0,1.0,13.0,12.0,1.0,1.0,1.0,4.0,2.0,2.0,2.0,2.0
1,2.2151694,9.0,3.0,,,1.0,1.0,1.0,2.0,1.0,1.0,1.0,1.0
1,0.6438425,6.0,1.0,10.0,12.0,4.0,3.0,3.0,3.0,2.0,2.0,3.0,4.0
1,1.1408418,5.0,2.0,,,2.0,1.0,3.0,3.0,2.0,1.0,3.0,3.0
1,0.7958369,5.0,1.0,11.0,,1.0,2.0,1.0,3.0,4.0,2.0,2.0,3.0
1,0.271309,3.0,1.0,2.0,2.0,2.0,1.0,3.0,2.0,3.0,1.0,1.0,1.0
1,0.5884101,99.0,1.0,10.0,9.0,1.0,2.0,2.0,3.0,4.0,4.0,1.0,1.0
1,0.7379729,10.0,1.0,11.0,9.0,1.0,2.0,1.0,4.0,3.0,3.0,3.0,4.0
1,0.7488986,10.0,1.0,11.0,9.0,1.0,1.0,1.0,,2.0,1.0,3.0,2.0
1,0.8218003,5.0,1.0,11.0,11.0,2.0,1.0,2.0,4.0,1.0,2.0,3.0,2.0
1,0.8942392,9.0,1.0,11.0,9.0,1.0,2.0,1.0,4.0,1.0,,3.0,2.0
1,0.9148607,5.0,1.0,11.0,9.0,1.0,1.0,1.0,4.0,3.0,1.0,4.0,1.0
1,0.9242175,10.0,1.0,10.0,9.0,1.0,1.0,1.0,4.0,2.0,2.0,2.0,1.0
1,0.9619793,7.0,1.0,11.0,9.0,3.0,3.0,2.0,3.0,3.0,3.0,3.0,2.0
1,1.0699685,5.0,1.0,11.0,9.0,2.0,2.0,3.0,2.0,2.0,2.0,2.0,2.0
1,1.1180253,9.0,1.0,10.0,,1.0,1.0,1.0,4.0,3.0,1.0,3.0,2.0
1,1.4174035,9.0,1.0,10.0,9.0,2.0,1.0,2.0,2.0,2.0,2.0,1.0,1.0
1,1.9838977,99.0,3.0,,,1.0,1.0,1.0,3.0,,1.0,,1.0
1,0.5041562,99.0,1.0,11.0,9.0,1.0,2.0,1.0,3.0,3.0,3.0,2.0,1.0
1,0.5485118,7.0,1.0,11.0,9.0,2.0,1.0,1.0,3.0,3.0,2.0,,1.0
1,0.7706439,7.0,1.0,11.0,9.0,1.0,1.0,1.0,2.0,2.0,3.0,1.0,3.0
1,0.9432739,99.0,1.0,12.0,6.0,2.0,2.0,1.0,2.0,2.0,2.0,2.0,4.0
1,0.9554187,99.0,1.0,4.0,3.0,1.0,4.0,,,1.0,4.0,,2.0
1,1.0136176,6.0,1.0,7.0,5.0,4.0,4.0,4.0,2.0,3.0,1.0,2.0,1.0
1,1.2577294,6.0,1.0,14.0,13.0,3.0,2.0,3.0,3.0,3.0,2.0,3.0,2.0
1,1.4174035,9.0,1.0,10.0,9.0,1.0,2.0,2.0,3.0,1.0,2.0,2.0,2.0
1,1.8810242,6.0,1.0,4.0,3.0,3.0,3.0,3.0,3.0,3.0,3.0,3.0,3.0
1,2.0196059,1.0,1.0,13.0,12.0,3.0,2.0,2.0,3.0,3.0,2.0,2.0,1.0
1,0.9161779,7.0,1.0,7.0,5.0,1.0,1.0,1.0,3.0,2.0,2.0,2.0,
1,0.9114243,99.0,1.0,11.0,9.0,1.0,1.0,1.0,3.0,,1.0,2.0,1.0
1,0.9205805,10.0,1.0,11.0,9.0,1.0,1.0,2.0,3.0,3.0,1.0,1.0,1.0
1,1.9292718,7.0,1.0,13.0,9.0,2.0,3.0,2.0,2.0,2.0,3.0,3.0,3.0
1,0.8707476,,1.0,11.0,9.0,2.0,1.0,3.0,2.0,3.0,1.0,2.0,2.0
1,0.4287675,6.0,1.0,11.0,9.0,1.0,2.0,3.0,2.0,2.0,2.0,4.0,3.0
1,0.5372092,99.0,1.0,1.0,1.0,1.0,1.0,1.0,3.0,2.0,2.0,1.0,1.0
1,0.5659024,7.0,1.0,5.0,7.0,3.0,2.0,2.0,3.0,3.0,2.0,2.0,1.0
1,0.5990821,7.0,1.0,11.0,9.0,2.0,1.0,2.0,2.0,3.0,3.0,1.0,2.0
1,0.7706105,9.0,1.0,11.0,9.0,2.0,1.0,1.0,2.0,3.0,2.0,2.0,2.0
1,0.8369913,5.0,1.0,7.0,5.0,2.0,2.0,2.0,2.0,2.0,2.0,2.0,2.0
1,1.5471469,2.0,1.0,4.0,5.0,4.0,3.0,4.0,1.0,4.0,1.0,2.0,3.0
1,0.8018616,99.0,1.0,11.0,9.0,1.0,1.0,1.0,,1.0,,1.0,1.0
1,0.4682705,10.0,1.0,11.0,9.0,2.0,1.0,1.0,1.0,2.0,2.0,1.0,2.0
1,1.5055735,8.0,3.0,,,2.0,2.0,1.0,1.0,3.0,2.0,1.0,2.0
1,0.8128055,10.0,1.0,11.0,9.0,2.0,1.0,1.0,4.0,1.0,3.0,4.0,1.0
1,0.9234467,99.0,1.0,11.0,9.0,2.0,2.0,2.0,4.0,2.0,1.0,3.0,1.0
1,0.5322528,8.0,1.0,11.0,9.0,1.0,1.0,1.0,2.0,2.0,1.0,1.0,1.0
1,0.6498856,6.0,1.0,8.0,7.0,1.0,1.0,1.0,4.0,1.0,2.0,2.0,1.0
1,0.6639202,4.0,1.0,11.0,9.0,2.0,1.0,2.0,,1.0,2.0,2.0,1.0
1,0.6653569,8.0,1.0,11.0,7.0,1.0,2.0,2.0,4.0,2.0,2.0,3.0,2.0
1,0.7271173,7.0,1.0,11.0,9.0,1.0,2.0,3.0,2.0,4.0,1.0,1.0,4.0
1,0.7550265,4.0,1.0,11.0,9.0,3.0,3.0,3.0,3.0,3.0,3.0,3.0,3.0
1,0.8774027,99.0,1.0,11.0,9.0,1.0,2.0,1.0,4.0,3.0,1.0,3.0,2.0
1,0.9289386,99.0,1.0,12.0,6.0,3.0,2.0,3.0,1.0,4.0,3.0,1.0,1.0
1,1.0941578,8.0,2.0,,,2.0,3.0,3.0,,2.0,3.0,2.0,2.0
1,1.1077571,5.0,1.0,11.0,9.0,1.0,2.0,3.0,3.0,3.0,1.0,3.0,3.0
1,1.3065075,1.0,1.0,4.0,,4.0,4.0,4.0,4.0,2.0,4.0,1.0,1.0
1,1.3363234,99.0,1.0,14.0,13.0,1.0,1.0,1.0,,3.0,2.0,2.0,2.0
1,1.4969106,99.0,1.0,4.0,3.0,4.0,4.0,4.0,4.0,4.0,4.0,4.0,1.0
1,0.7385969,5.0,1.0,7.0,5.0,2.0,2.0,2.0,2.0,4.0,2.0,2.0,2.0
1,0.9964165,7.0,1.0,7.0,5.0,2.0,4.0,4.0,3.0,2.0,2.0,3.0,1.0
1,1.7303326,99.0,1.0,4.0,3.0,2.0,2.0,,2.0,4.0,2.0,1.0,1.0
1,0.5196518,8.0,1.0,9.0,8.0,2.0,2.0,1.0,4.0,2.0,3.0,3.0,2.0
1,0.6553271,3.0,1.0,11.0,9.0,1.0,1.0,1.0,,3.0,2.0,2.0,1.0
1,0.7117748,6.0,1.0,11.0,9.0,1.0,1.0,2.0,2.0,3.0,1.0,2.0,3.0
1,0.7713608,99.0,1.0,11.0,9.0,1.0,1.0,1.0,4.0,3.0,2.0,1.0,2.0
1,0.8554127,99.0,1.0,7.0,6.0,2.0,1.0,2.0,2.0,2.0,1.0,2.0,1.0
1,0.8749818,99.0,1.0,11.0,9.0,1.0,1.0,1.0,2.0,2.0,1.0,3.0,1.0
1,1.0480199,7.0,1.0,12.0,6.0,2.0,3.0,1.0,4.0,4.0,4.0,3.0,3.0
1,0.4525995,6.0,1.0,8.0,5.0,2.0,2.0,3.0,3.0,3.0,1.0,2.0,2.0
1,0.5765501,5.0,1.0,11.0,9.0,,,,,,,,
1,0.5973785,5.0,1.0,12.0,6.0,3.0,3.0,3.0,2.0,3.0,3.0,2.0,1.0
1,0.6030557,1.0,1.0,3.0,3.0,3.0,4.0,4.0,2.0,3.0,1.0,1.0,2.0
1,0.6534653,5.0,1.0,11.0,9.0,3.0,3.0,3.0,2.0,2.0,3.0,1.0,1.0
1,0.6564692,9.0,1.0,9.0,8.0,1.0,1.0,1.0,1.0,1.0,1.0,2.0,1.0
1,0.7117748,7.0,1.0,11.0,9.0,2.0,2.0,2.0,3.0,2.0,1.0,2.0,2.0
1,0.7305092,4.0,1.0,7.0,5.0,3.0,4.0,3.0,3.0,,2.0,2.0,1.0
1,0.7403492,10.0,1.0,11.0,9.0,2.0,1.0,2.0,3.0,4.0,2.0,3.0,2.0
1,0.8071178,10.0,1.0,11.0,9.0,1.0,2.0,1.0,3.0,3.0,4.0,2.0,1.0
1,0.8942392,8.0,1.0,11.0,9.0,2.0,2.0,2.0,,3.0,2.0,3.0,1.0
1,0.9062135,6.0,1.0,11.0,9.0,1.0,3.0,1.0,2.0,3.0,2.0,2.0,2.0
1,0.9162759,10.0,1.0,11.0,9.0,2.0,2.0,2.0,3.0,3.0,1.0,2.0,1.0
1,1.0943005,99.0,1.0,4.0,,3.0,3.0,3.0,3.0,3.0,3.0,3.0,2.0
1,1.1897018,99.0,1.0,7.0,5.0,1.0,2.0,2.0,2.0,3.0,1.0,2.0,2.0
1,1.5396545,7.0,1.0,4.0,3.0,2.0,1.0,3.0,2.0,3.0,4.0,2.0,2.0
1,1.872326,1.0,1.0,4.0,4.0,4.0,4.0,4.0,2.0,4.0,4.0,2.0,1.0
1,2.2296684,2.0,3.0,,,3.0,3.0,3.0,3.0,3.0,4.0,1.0,2.0
1,2.3668683,,3.0,,,2.0,3.0,2.0,3.0,2.0,4.0,2.0,1.0
1,0.3576193,3.0,1.0,2.0,2.0,3.0,3.0,2.0,2.0,,2.0,2.0,2.0
1,1.9801171,5.0,1.0,13.0,12.0,2.0,2.0,3.0,2.0,2.0,1.0,1.0,1.0
1,0.6715351,5.0,1.0,11.0,1.0,1.0,1.0,2.0,1.0,1.0,1.0,1.0,1.0
1,0.8554127,6.0,1.0,7.0,5.0,1.0,2.0,1.0,3.0,2.0,2.0,3.0,2.0
1,1.3283112,2.0,1.0,4.0,3.0,3.0,3.0,2.0,2.0,3.0,3.0,2.0,2.0
1,0.6197854,8.0,1.0,8.0,11.0,1.0,1.0,1.0,2.0,2.0,1.0,2.0,3.0
1,0.7153475,8.0,1.0,11.0,9.0,2.0,2.0,3.0,3.0,3.0,3.0,3.0,1.0
1,0.8046662,4.0,1.0,7.0,5.0,2.0,2.0,2.0,1.0,2.0,2.0,2.0,2.0
1,0.8468931,6.0,1.0,7.0,5.0,2.0,3.0,2.0,3.0,2.0,2.0,3.0,2.0
1,0.8488653,5.0,1.0,8.0,5.0,2.0,2.0,2.0,2.0,3.0,3.0,3.0,2.0
1,0.9469498,,1.0,7.0,,3.0,3.0,3.0,3.0,2.0,3.0,2.0,2.0
1,1.2010504,9.0,1.0,4.0,5.0,2.0,2.0,2.0,1.0,2.0,2.0,1.0,3.0
1,1.9134692,99.0,1.0,13.0,12.0,2.0,3.0,2.0,2.0,2.0,2.0,1.0,1.0
1,0.6118558,99.0,1.0,7.0,5.0,4.0,1.0,2.0,,,,3.0,
1,0.8055768,99.0,1.0,8.0,1.0,2.0,2.0,2.0,1.0,2.0,2.0,1.0,3.0
1,2.2522724,5.0,1.0,13.0,12.0,1.0,1.0,1.0,,3.0,1.0,2.0,1.0
1,0.8998302,8.0,1.0,11.0,9.0,2.0,2.0,,,2.0,1.0,2.0,2.0
1,1.09241,5.0,1.0,11.0,9.0,2.0,3.0,2.0,2.0,2.0,2.0,3.0,3.0
1,1.9678627,99.0,1.0,,,2.0,4.0,,2.0,2.0,3.0,,2.0
1,1.0263575,7.0,2.0,,,3.0,4.0,2.0,2.0,2.0,2.0,2.0,3.0
1,0.5123001,99.0,1.0,3.0,,2.0,2.0,2.0,1.0,1.0,1.0,2.0,1.0
1,0.3809324,99.0,1.0,2.0,2.0,3.0,4.0,3.0,3.0,2.0,2.0,2.0,1.0
1,0.4162571,1.0,1.0,3.0,3.0,4.0,4.0,3.0,4.0,4.0,4.0,1.0,1.0
1,0.6758829,99.0,1.0,11.0,9.0,1.0,1.0,1.0,4.0,2.0,1.0,2.0,1.0
1,0.6760542,9.0,1.0,11.0,9.0,1.0,1.0,1.0,2.0,1.0,1.0,3.0,
1,0.6991275,7.0,1.0,11.0,9.0,2.0,2.0,2.0,4.0,2.0,2.0,4.0,2.0
1,0.8052671,8.0,1.0,11.0,9.0,1.0,1.0,1.0,3.0,3.0,2.0,3.0,1.0
1,0.9677259,5.0,1.0,7.0,5.0,1.0,1.0,1.0,2.0,2.0,2.0,4.0,2.0
1,1.1883545,5.0,1.0,4.0,4.0,1.0,2.0,1.0,4.0,4.0,4.0,1.0,1.0
1,1.2001112,5.0,1.0,10.0,5.0,1.0,1.0,1.0,4.0,4.0,1.0,2.0,1.0
1,1.5616117,99.0,1.0,13.0,12.0,3.0,1.0,3.0,2.0,4.0,2.0,2.0,1.0
1,0.9818039,4.0,1.0,7.0,5.0,2.0,4.0,2.0,3.0,4.0,2.0,4.0,3.0
1,1.1496305,3.0,1.0,4.0,3.0,3.0,1.0,4.0,2.0,1.0,2.0,1.0,1.0
1,1.7974943,4.0,3.0,,4.0,4.0,4.0,3.0,2.0,3.0,4.0,2.0,2.0
1,2.1037781,8.0,3.0,,,2.0,1.0,1.0,3.0,1.0,3.0,3.0,2.0
1,0.5663685,99.0,1.0,11.0,9.0,4.0,4.0,2.0,2.0,2.0,1.0,2.0,1.0
1,0.6995921,99.0,1.0,11.0,9.0,3.0,4.0,3.0,2.0,3.0,1.0,2.0,1.0
1,0.7950714,7.0,1.0,8.0,7.0,2.0,2.0,2.0,3.0,3.0,3.0,3.0,2.0
1,0.8473738,9.0,1.0,11.0,9.0,1.0,2.0,1.0,3.0,2.0,2.0,3.0,2.0
1,0.9973857,5.0,1.0,7.0,5.0,2.0,1.0,4.0,2.0,2.0,1.0,1.0,1.0
1,1.4925135,2.0,1.0,4.0,3.0,2.0,4.0,1.0,4.0,4.0,4.0,1.0,1.0
1,0.3058908,99.0,1.0,2.0,2.0,2.0,2.0,2.0,3.0,4.0,2.0,2.0,2.0
1,0.4058649,4.0,1.0,3.0,4.0,2.0,3.0,1.0,3.0,4.0,2.0,3.0,2.0
1,0.4125925,2.0,1.0,2.0,2.0,4.0,4.0,4.0,,4.0,4.0,2.0,2.0
1,0.4238648,2.0,1.0,3.0,3.0,3.0,4.0,2.0,2.0,4.0,3.0,1.0,1.0
1,0.5642813,4.0,1.0,3.0,4.0,3.0,3.0,3.0,3.0,3.0,2.0,2.0,1.0
1,0.5837592,7.0,1.0,8.0,7.0,2.0,4.0,2.0,4.0,3.0,2.0,3.0,2.0
1,0.6082138,2.0,1.0,3.0,,4.0,4.0,3.0,2.0,4.0,3.0,3.0,2.0
1,0.6200203,9.0,1.0,11.0,9.0,2.0,3.0,2.0,2.0,3.0,1.0,2.0,1.0
1,0.6214533,7.0,1.0,8.0,7.0,1.0,1.0,1.0,4.0,3.0,2.0,3.0,2.0
1,0.6279057,8.0,1.0,8.0,7.0,1.0,2.0,1.0,4.0,2.0,2.0,3.0,2.0
1,0.6279057,7.0,1.0,8.0,7.0,2.0,3.0,1.0,3.0,2.0,3.0,,2.0
1,0.6346392,3.0,1.0,5.0,4.0,4.0,4.0,4.0,2.0,4.0,4.0,2.0,1.0
1,0.6520869,2.0,1.0,6.0,5.0,2.0,3.0,3.0,3.0,3.0,3.0,2.0,1.0
1,0.6551467,99.0,1.0,12.0,6.0,3.0,4.0,3.0,3.0,3.0,4.0,2.0,2.0
1,0.6991474,4.0,1.0,3.0,4.0,3.0,4.0,2.0,3.0,4.0,2.0,3.0,2.0
1,0.7791176,99.0,1.0,7.0,5.0,4.0,4.0,4.0,2.0,4.0,3.0,1.0,1.0
1,0.8382514,3.0,1.0,6.0,4.0,,4.0,2.0,3.0,3.0,3.0,2.0,2.0
1,0.9504755,5.0,1.0,7.0,5.0,3.0,3.0,2.0,3.0,2.0,1.0,3.0,2.0
1,0.9519359,3.0,1.0,4.0,4.0,4.0,4.0,3.0,2.0,3.0,4.0,1.0,1.0
1,0.9964165,6.0,1.0,7.0,5.0,4.0,4.0,3.0,4.0,4.0,3.0,4.0,1.0
1,1.0625089,8.0,1.0,11.0,9.0,1.0,2.0,2.0,2.0,2.0,2.0,3.0,3.0
1,1.0813617,6.0,1.0,7.0,5.0,3.0,3.0,1.0,2.0,3.0,3.0,2.0,2.0
1,1.0813617,5.0,1.0,7.0,5.0,1.0,4.0,1.0,3.0,4.0,2.0,3.0,1.0
1,1.1187081,6.0,1.0,12.0,5.0,2.0,2.0,2.0,4.0,2.0,,4.0,3.0
1,1.1952909,3.0,1.0,7.0,5.0,2.0,4.0,2.0,3.0,3.0,2.0,2.0,2.0
1,1.2161345,5.0,1.0,12.0,6.0,2.0,2.0,2.0,2.0,3.0,2.0,3.0,2.0
1,1.2838969,7.0,1.0,10.0,5.0,2.0,2.0,2.0,3.0,2.0,2.0,3.0,2.0
1,1.4465094,3.0,1.0,4.0,3.0,3.0,3.0,3.0,3.0,3.0,3.0,2.0,2.0
1,1.4574525,4.0,1.0,4.0,3.0,4.0,4.0,,,4.0,,3.0,3.0
1,1.7027413,99.0,3.0,,,2.0,2.0,1.0,,2.0,4.0,4.0,1.0
1,1.9832633,99.0,3.0,,,2.0,2.0,3.0,2.0,3.0,3.0,2.0,2.0
1,2.0470111,99.0,1.0,13.0,5.0,2.0,1.0,2.0,2.0,3.0,2.0,2.0,4.0
1,0.5508553,7.0,1.0,11.0,9.0,2.0,2.0,2.0,2.0,2.0,2.0,2.0,2.0
1,0.6237752,7.0,1.0,8.0,3.0,3.0,4.0,3.0,2.0,3.0,3.0,3.0,1.0
1,0.6849591,2.0,1.0,3.0,3.0,4.0,4.0,3.0,3.0,3.0,3.0,2.0,1.0
1,0.6870886,5.0,1.0,11.0,9.0,2.0,4.0,2.0,3.0,4.0,3.0,1.0,1.0
1,0.7182069,4.0,1.0,6.0,3.0,4.0,4.0,4.0,1.0,4.0,3.0,1.0,1.0
1,0.8592367,9.0,1.0,11.0,9.0,1.0,1.0,1.0,2.0,3.0,2.0,3.0,2.0
1,0.8718515,5.0,1.0,7.0,5.0,4.0,4.0,4.0,4.0,4.0,3.0,4.0,1.0
1,0.9105827,8.0,1.0,11.0,9.0,1.0,2.0,1.0,4.0,2.0,2.0,4.0,3.0
1,0.9112026,4.0,1.0,4.0,3.0,2.0,4.0,4.0,1.0,4.0,1.0,2.0,1.0
1,0.9159583,3.0,1.0,6.0,4.0,2.0,4.0,2.0,1.0,3.0,3.0,2.0,1.0
1,0.9329402,99.0,1.0,4.0,5.0,3.0,3.0,3.0,3.0,2.0,1.0,2.0,1.0
1,0.9377122,5.0,1.0,12.0,6.0,2.0,,1.0,2.0,3.0,2.0,2.0,2.0
1,0.9518623,2.0,1.0,4.0,3.0,1.0,2.0,1.0,3.0,4.0,4.0,3.0,2.0
1,1.0449791,99.0,1.0,7.0,5.0,1.0,1.0,1.0,4.0,2.0,2.0,4.0,2.0
1,1.1020983,99.0,1.0,4.0,,4.0,4.0,4.0,2.0,2.0,3.0,3.0,2.0
1,1.1187081,6.0,1.0,12.0,6.0,3.0,4.0,1.0,3.0,1.0,2.0,3.0,2.0
1,1.8356918,2.0,1.0,13.0,12.0,3.0,4.0,3.0,3.0,3.0,3.0,3.0,3.0
1,2.3535273,5.0,1.0,13.0,12.0,3.0,4.0,3.0,2.0,4.0,3.0,2.0,2.0
1,0.5087749,0.0,1.0,1.0,1.0,3.0,4.0,1.0,3.0,3.0,2.0,1.0,1.0
1,0.6251305,4.0,1.0,3.0,4.0,2.0,3.0,3.0,2.0,3.0,3.0,2.0,1.0
1,0.6495885,7.0,1.0,11.0,9.0,1.0,1.0,1.0,3.0,1.0,1.0,1.0,1.0
1,0.8376346,8.0,1.0,11.0,9.0,1.0,1.0,1.0,4.0,2.0,2.0,3.0,2.0
1,0.8554127,5.0,1.0,7.0,5.0,2.0,3.0,2.0,2.0,3.0,2.0,2.0,2.0
1,1.0449791,7.0,1.0,7.0,5.0,3.0,4.0,4.0,2.0,3.0,2.0,3.0,2.0
1,1.1943992,8.0,1.0,12.0,6.0,1.0,2.0,1.0,3.0,2.0,2.0,3.0,3.0
1,0.3515415,7.0,1.0,8.0,7.0,2.0,4.0,2.0,3.0,2.0,2.0,3.0,3.0
1,0.3743345,8.0,1.0,8.0,7.0,1.0,4.0,4.0,3.0,2.0,3.0,2.0,1.0
1,0.4098784,2.0,1.0,2.0,2.0,3.0,3.0,3.0,1.0,3.0,2.0,2.0,2.0
1,0.4926202,4.0,1.0,5.0,4.0,3.0,4.0,3.0,2.0,3.0,2.0,3.0,2.0
1,0.5228078,8.0,1.0,11.0,9.0,1.0,3.0,2.0,3.0,3.0,1.0,3.0,3.0
1,0.6048273,6.0,1.0,11.0,9.0,1.0,2.0,1.0,3.0,1.0,1.0,2.0,1.0
1,0.6167208,2.0,1.0,5.0,4.0,1.0,1.0,1.0,2.0,2.0,3.0,2.0,1.0
1,0.6229902,6.0,1.0,7.0,5.0,3.0,3.0,2.0,3.0,2.0,3.0,2.0,2.0
1,0.6315965,5.0,1.0,8.0,7.0,1.0,4.0,2.0,4.0,1.0,1.0,4.0,3.0
1,0.658429,8.0,1.0,8.0,7.0,2.0,3.0,2.0,4.0,2.0,2.0,3.0,4.0
1,0.6644127,5.0,1.0,7.0,5.0,4.0,4.0,4.0,4.0,4.0,2.0,3.0,2.0
1,0.6730362,8.0,1.0,8.0,7.0,1.0,1.0,1.0,2.0,3.0,1.0,1.0,1.0
1,0.6765248,3.0,1.0,6.0,4.0,,4.0,3.0,,4.0,3.0,2.0,2.0
1,0.7267914,4.0,1.0,7.0,5.0,3.0,4.0,2.0,3.0,3.0,2.0,3.0,2.0
1,0.7489375,5.0,1.0,5.0,5.0,,,,,,2.0,,
1,0.760035,3.0,1.0,3.0,3.0,3.0,3.0,3.0,2.0,3.0,2.0,2.0,1.0
1,0.7854585,6.0,1.0,11.0,9.0,1.0,3.0,1.0,4.0,4.0,2.0,2.0,2.0
1,0.7955058,3.0,1.0,6.0,4.0,4.0,4.0,3.0,3.0,4.0,2.0,,2.0
1,0.8116091,6.0,1.0,11.0,9.0,3.0,4.0,2.0,2.0,3.0,2.0,3.0,2.0
1,0.8206145,5.0,1.0,7.0,5.0,3.0,4.0,3.0,2.0,3.0,1.0,3.0,2.0
1,0.8710465,5.0,1.0,7.0,5.0,3.0,4.0,3.0,3.0,2.0,2.0,3.0,3.0
1,0.8819622,5.0,1.0,7.0,5.0,2.0,4.0,,2.0,3.0,1.0,2.0,1.0
1,0.8934147,2.0,1.0,7.0,5.0,2.0,2.0,2.0,2.0,4.0,2.0,2.0,2.0
1,0.8960665,9.0,1.0,11.0,9.0,1.0,1.0,1.0,4.0,1.0,2.0,2.0,1.0
1,0.8984404,9.0,1.0,11.0,9.0,1.0,2.0,1.0,2.0,4.0,2.0,2.0,2.0
1,0.8994269,5.0,1.0,7.0,5.0,3.0,1.0,3.0,2.0,4.0,1.0,3.0,2.0
1,0.9013733,7.0,1.0,7.0,5.0,2.0,1.0,2.0,2.0,2.0,1.0,2.0,2.0
1,0.9431276,7.0,1.0,8.0,7.0,2.0,2.0,2.0,3.0,3.0,3.0,,2.0
1,0.9582349,10.0,1.0,10.0,7.0,1.0,1.0,1.0,4.0,1.0,1.0,3.0,2.0
1,0.9594451,4.0,1.0,6.0,5.0,3.0,4.0,3.0,2.0,3.0,3.0,2.0,2.0
1,0.9659143,6.0,1.0,7.0,5.0,3.0,4.0,2.0,3.0,3.0,2.0,,2.0
1,0.9775807,4.0,1.0,7.0,5.0,3.0,3.0,2.0,2.0,2.0,1.0,2.0,2.0
1,0.9901943,4.0,1.0,4.0,3.0,4.0,4.0,4.0,,4.0,4.0,2.0,1.0
1,0.9964165,6.0,1.0,7.0,5.0,3.0,4.0,3.0,3.0,4.0,2.0,2.0,1.0
1,1.0068241,,1.0,7.0,5.0,3.0,1.0,4.0,2.0,3.0,3.0,2.0,2.0
1,1.014549,7.0,1.0,7.0,7.0,2.0,4.0,3.0,3.0,1.0,3.0,4.0,3.0
1,1.014549,5.0,1.0,7.0,5.0,2.0,3.0,1.0,3.0,3.0,1.0,3.0,3.0
1,1.0321429,6.0,1.0,7.0,5.0,2.0,4.0,2.0,3.0,2.0,3.0,3.0,2.0
1,1.0449791,5.0,1.0,7.0,3.0,2.0,3.0,1.0,2.0,2.0,2.0,2.0,1.0
1,1.0449791,7.0,1.0,7.0,5.0,3.0,4.0,3.0,4.0,3.0,,2.0,2.0
1,1.0449791,8.0,1.0,7.0,5.0,2.0,1.0,,2.0,3.0,1.0,2.0,1.0
1,1.0943929,7.0,1.0,7.0,5.0,2.0,2.0,3.0,2.0,2.0,3.0,2.0,1.0
1,1.0943929,5.0,1.0,7.0,5.0,4.0,4.0,3.0,4.0,4.0,3.0,2.0,1.0
1,1.1070637,7.0,1.0,7.0,5.0,2.0,3.0,1.0,4.0,3.0,3.0,3.0,2.0
1,1.1191239,5.0,1.0,7.0,5.0,3.0,4.0,3.0,2.0,3.0,2.0,2.0,2.0
1,1.1234629,4.0,1.0,4.0,3.0,4.0,4.0,2.0,2.0,4.0,3.0,2.0,2.0
1,1.140118,,2.0,,,2.0,2.0,3.0,2.0,3.0,3.0,2.0,1.0
1,1.1475589,99.0,1.0,12.0,6.0,1.0,2.0,1.0,3.0,3.0,1.0,2.0,2.0
1,1.2171366,8.0,1.0,7.0,7.0,1.0,2.0,1.0,,1.0,2.0,4.0,3.0
1,1.3219143,4.0,1.0,7.0,5.0,4.0,4.0,3.0,3.0,3.0,4.0,3.0,2.0
1,1.3303857,1.0,1.0,4.0,3.0,4.0,4.0,3.0,2.0,3.0,3.0,1.0,1.0
1,1.3817953,2.0,2.0,,,3.0,2.0,3.0,2.0,3.0,2.0,2.0,2.0
1,2.050549,99.0,1.0,13.0,7.0,1.0,1.0,1.0,3.0,2.0,1.0,4.0,2.0
1,2.9993682,5.0,1.0,13.0,12.0,2.0,4.0,2.0,3.0,3.0,2.0,,2.0
1,0.8710465,6.0,1.0,7.0,7.0,3.0,4.0,,,,1.0,3.0,2.0
1,0.9192921,99.0,1.0,7.0,,2.0,3.0,2.0,2.0,2.0,2.0,2.0,2.0
1,1.1143944,3.0,1.0,7.0,5.0,3.0,4.0,1.0,4.0,4.0,3.0,2.0,1.0
1,1.1897936,8.0,1.0,7.0,7.0,3.0,4.0,2.0,2.0,1.0,2.0,3.0,2.0
1,1.1897936,4.0,1.0,7.0,5.0,2.0,4.0,1.0,4.0,3.0,2.0,2.0,2.0
1,1.2171366,6.0,1.0,7.0,5.0,3.0,4.0,3.0,2.0,3.0,2.0,3.0,3.0
1,0.8104,7.0,1.0,7.0,7.0,,,,2.0,3.0,2.0,3.0,2.0
1,1.12551,2.0,1.0,4.0,3.0,2.0,4.0,1.0,4.0,3.0,3.0,3.0,1.0
1,1.2413694,9.0,2.0,,2.0,2.0,4.0,2.0,3.0,1.0,4.0,4.0,4.0
1,0.7645609,2.0,1.0,5.0,4.0,2.0,4.0,1.0,3.0,4.0,4.0,1.0,1.0
1,1.0299222,99.0,2.0,,13.0,,,,,,,,
1,1.1628028,3.0,1.0,4.0,3.0,2.0,4.0,2.0,4.0,3.0,2.0,3.0,1.0
1,0.7706105,3.0,1.0,11.0,9.0,2.0,1.0,2.0,2.0,3.0,2.0,2.0,2.0
1,0.9334159,99.0,1.0,7.0,5.0,2.0,2.0,2.0,,3.0,2.0,2.0,2.0
1,1.0943929,5.0,1.0,7.0,4.0,2.0,3.0,1.0,3.0,,1.0,2.0,2.0
1,1.3190277,99.0,3.0,,,3.0,4.0,4.0,,1.0,2.0,,2.0
1,0.4658657,10.0,1.0,9.0,9.0,1.0,1.0,1.0,4.0,2.0,1.0,1.0,1.0
1,0.4947414,5.0,1.0,6.0,12.0,1.0,4.0,1.0,4.0,3.0,2.0,3.0,2.0
1,0.5077298,99.0,1.0,3.0,4.0,1.0,1.0,1.0,4.0,,3.0,1.0,1.0
1,0.5306131,1.0,1.0,11.0,9.0,1.0,1.0,1.0,4.0,1.0,1.0,1.0,4.0
1,0.5364877,7.0,1.0,11.0,5.0,1.0,1.0,1.0,4.0,1.0,1.0,1.0,3.0
1,0.539232,5.0,1.0,11.0,9.0,1.0,1.0,1.0,3.0,3.0,1.0,1.0,1.0
1,0.5765501,10.0,1.0,11.0,9.0,1.0,1.0,1.0,2.0,2.0,1.0,1.0,1.0
1,0.6069376,10.0,1.0,11.0,9.0,1.0,1.0,3.0,4.0,1.0,3.0,3.0,1.0
1,0.6069844,10.0,1.0,11.0,9.0,1.0,1.0,3.0,1.0,1.0,2.0,1.0,1.0
1,0.6248726,8.0,1.0,11.0,9.0,1.0,1.0,2.0,4.0,2.0,2.0,3.0,2.0
1,0.6362439,9.0,1.0,11.0,9.0,1.0,3.0,1.0,4.0,1.0,4.0,1.0,2.0
1,0.6534653,9.0,1.0,11.0,9.0,1.0,1.0,1.0,4.0,2.0,2.0,2.0,1.0
1,0.6547221,8.0,1.0,11.0,9.0,1.0,1.0,1.0,3.0,1.0,2.0,3.0,2.0
1,0.6553271,99.0,1.0,11.0,9.0,1.0,1.0,1.0,4.0,1.0,2.0,1.0,1.0
1,0.6614606,10.0,1.0,11.0,9.0,1.0,1.0,1.0,3.0,4.0,1.0,4.0,2.0
1,0.6775172,10.0,1.0,11.0,9.0,1.0,3.0,1.0,4.0,4.0,2.0,3.0,1.0
1,0.6886451,10.0,1.0,11.0,9.0,1.0,1.0,1.0,4.0,2.0,2.0,3.0,2.0
1,0.7625858,99.0,1.0,11.0,9.0,1.0,2.0,1.0,4.0,4.0,3.0,3.0,2.0
1,0.7651157,10.0,1.0,11.0,9.0,1.0,1.0,1.0,4.0,1.0,1.0,4.0,2.0
1,0.7680219,8.0,1.0,10.0,7.0,1.0,2.0,1.0,4.0,4.0,1.0,2.0,1.0
1,0.7986367,99.0,1.0,11.0,9.0,1.0,3.0,1.0,3.0,1.0,1.0,4.0,2.0
1,0.807994,10.0,1.0,10.0,9.0,1.0,1.0,1.0,4.0,1.0,1.0,4.0,4.0
1,0.8099531,8.0,1.0,9.0,8.0,2.0,2.0,2.0,3.0,2.0,3.0,3.0,2.0
1,0.8165168,10.0,1.0,11.0,9.0,1.0,1.0,1.0,4.0,1.0,4.0,3.0,1.0
1,0.8171267,10.0,1.0,10.0,9.0,1.0,1.0,1.0,4.0,1.0,2.0,3.0,3.0
1,0.8211185,9.0,1.0,10.0,7.0,1.0,2.0,1.0,3.0,2.0,2.0,4.0,3.0
1,0.8304725,5.0,1.0,11.0,9.0,1.0,1.0,3.0,4.0,3.0,1.0,2.0,2.0
1,0.8321244,9.0,1.0,11.0,9.0,1.0,2.0,1.0,4.0,3.0,2.0,1.0,1.0
1,0.8376346,7.0,1.0,11.0,9.0,2.0,1.0,3.0,3.0,1.0,1.0,3.0,3.0
1,0.8485444,7.0,1.0,11.0,9.0,1.0,3.0,3.0,4.0,4.0,3.0,4.0,3.0
1,0.8942392,2.0,1.0,11.0,9.0,1.0,1.0,1.0,4.0,4.0,2.0,2.0,2.0
1,0.8943083,5.0,1.0,11.0,9.0,1.0,2.0,1.0,4.0,3.0,2.0,2.0,2.0
1,0.9068723,99.0,1.0,11.0,13.0,2.0,1.0,1.0,3.0,2.0,1.0,1.0,2.0
1,0.9148607,8.0,1.0,11.0,9.0,1.0,2.0,1.0,4.0,3.0,3.0,3.0,2.0
1,0.9229429,9.0,1.0,11.0,9.0,1.0,1.0,1.0,4.0,4.0,3.0,2.0,2.0
1,0.9692613,5.0,1.0,10.0,9.0,1.0,1.0,2.0,3.0,3.0,2.0,2.0,1.0
1,0.971772,4.0,1.0,10.0,9.0,1.0,1.0,1.0,4.0,1.0,3.0,4.0,2.0
1,0.9764574,99.0,1.0,4.0,2.0,1.0,2.0,1.0,4.0,3.0,4.0,1.0,1.0
1,0.9793226,0.0,1.0,4.0,3.0,4.0,4.0,4.0,1.0,4.0,4.0,1.0,1.0
1,1.0266885,0.0,1.0,4.0,3.0,3.0,1.0,4.0,1.0,3.0,2.0,1.0,1.0
1,1.0844984,2.0,1.0,4.0,3.0,4.0,4.0,3.0,4.0,4.0,3.0,2.0,2.0
1,1.2836223,8.0,1.0,11.0,9.0,1.0,1.0,1.0,3.0,2.0,1.0,3.0,3.0
1,1.4407485,10.0,1.0,10.0,9.0,1.0,1.0,1.0,4.0,4.0,2.0,3.0,1.0
1,1.5348139,99.0,1.0,,,,4.0,3.0,,3.0,1.0,1.0,1.0
1,1.5900295,4.0,3.0,,,2.0,3.0,2.0,,,2.0,2.0,2.0
1,1.6913594,99.0,3.0,,9.0,1.0,2.0,2.0,4.0,2.0,3.0,1.0,1.0
1,1.7821693,1.0,1.0,4.0,3.0,2.0,2.0,2.0,2.0,4.0,2.0,1.0,1.0
1,0.7355139,9.0,1.0,11.0,9.0,1.0,1.0,1.0,,2.0,2.0,2.0,1.0
1,0.6314794,9.0,1.0,11.0,9.0,1.0,1.0,1.0,4.0,3.0,2.0,3.0,1.0
1,0.5237455,4.0,1.0,11.0,9.0,1.0,3.0,1.0,4.0,1.0,4.0,2.0,1.0
1,0.582231,2.0,1.0,5.0,,1.0,1.0,2.0,1.0,1.0,1.0,1.0,1.0
1,0.5934005,8.0,1.0,8.0,7.0,1.0,2.0,1.0,3.0,3.0,2.0,3.0,2.0
1,0.596062,8.0,1.0,11.0,9.0,1.0,2.0,2.0,4.0,4.0,1.0,1.0,3.0
1,0.6661883,2.0,1.0,9.0,8.0,2.0,2.0,2.0,2.0,4.0,2.0,3.0,2.0
1,0.6788527,9.0,1.0,11.0,9.0,2.0,2.0,2.0,3.0,2.0,1.0,3.0,2.0
1,0.6964784,8.0,1.0,9.0,8.0,1.0,2.0,1.0,4.0,4.0,2.0,4.0,3.0
1,0.7069502,5.0,1.0,11.0,,3.0,3.0,3.0,3.0,3.0,3.0,3.0,3.0
1,0.7115217,10.0,1.0,10.0,9.0,1.0,2.0,1.0,3.0,2.0,2.0,3.0,3.0
1,0.7247834,9.0,1.0,11.0,9.0,1.0,1.0,1.0,4.0,2.0,2.0,3.0,1.0
1,0.7377105,9.0,1.0,10.0,9.0,1.0,1.0,1.0,4.0,2.0,4.0,2.0,2.0
1,0.7693227,9.0,1.0,11.0,9.0,2.0,4.0,2.0,,4.0,2.0,2.0,2.0
1,0.8110503,9.0,1.0,11.0,9.0,1.0,1.0,2.0,3.0,2.0,1.0,3.0,2.0
1,0.8242244,8.0,1.0,11.0,9.0,1.0,1.0,1.0,1.0,2.0,1.0,1.0,1.0
1,0.8247561,7.0,1.0,9.0,8.0,,1.0,2.0,3.0,3.0,1.0,2.0,1.0
1,0.8880098,8.0,1.0,12.0,6.0,1.0,1.0,2.0,3.0,2.0,2.0,2.0,1.0
1,0.8943083,9.0,1.0,11.0,9.0,1.0,1.0,1.0,2.0,1.0,2.0,2.0,1.0
1,0.9106637,10.0,1.0,10.0,9.0,1.0,3.0,1.0,3.0,3.0,2.0,3.0,3.0
1,0.9280818,99.0,1.0,11.0,9.0,1.0,,1.0,3.0,2.0,,2.0,1.0
1,0.9507955,8.0,1.0,10.0,7.0,1.0,2.0,2.0,3.0,2.0,2.0,3.0,3.0
1,0.9757831,9.0,1.0,11.0,9.0,1.0,2.0,1.0,4.0,4.0,3.0,3.0,1.0
1,1.6350654,3.0,1.0,4.0,3.0,1.0,1.0,1.0,2.0,4.0,4.0,2.0,1.0
1,1.6893004,,1.0,13.0,12.0,3.0,1.0,4.0,1.0,1.0,2.0,2.0,2.0
1,1.7109511,99.0,3.0,,9.0,2.0,3.0,2.0,3.0,1.0,2.0,2.0,2.0
1,2.0818298,99.0,1.0,13.0,13.0,1.0,1.0,1.0,1.0,1.0,1.0,1.0,1.0
1,0.6180302,99.0,1.0,11.0,9.0,2.0,2.0,,2.0,3.0,2.0,3.0,2.0
1,0.6430206,7.0,1.0,11.0,9.0,2.0,2.0,1.0,4.0,2.0,2.0,,2.0
1,0.6811193,8.0,1.0,10.0,9.0,4.0,4.0,3.0,3.0,3.0,4.0,2.0,3.0
1,0.7013212,8.0,1.0,7.0,5.0,1.0,3.0,1.0,2.0,2.0,2.0,3.0,2.0
1,0.7271173,8.0,1.0,11.0,9.0,2.0,2.0,1.0,2.0,3.0,3.0,3.0,2.0
1,0.7488986,6.0,1.0,11.0,9.0,1.0,1.0,2.0,3.0,1.0,4.0,2.0,1.0
1,0.7713608,8.0,1.0,11.0,9.0,1.0,3.0,1.0,2.0,1.0,1.0,3.0,2.0
1,0.8886903,5.0,1.0,12.0,6.0,2.0,4.0,3.0,,2.0,3.0,3.0,2.0
1,0.9659143,5.0,1.0,7.0,5.0,1.0,4.0,1.0,3.0,2.0,2.0,3.0,1.0
1,1.0326415,9.0,1.0,10.0,9.0,1.0,2.0,1.0,3.0,2.0,3.0,2.0,2.0
1,1.0682031,2.0,1.0,4.0,2.0,3.0,4.0,2.0,2.0,3.0,2.0,2.0,2.0
1,1.5564791,99.0,3.0,,3.0,2.0,2.0,3.0,2.0,1.0,1.0,1.0,2.0
1,1.6488858,5.0,1.0,13.0,12.0,3.0,1.0,4.0,2.0,3.0,2.0,3.0,2.0
1,0.5824129,8.0,1.0,9.0,8.0,1.0,3.0,2.0,4.0,2.0,2.0,3.0,2.0
1,0.6760542,10.0,1.0,11.0,9.0,2.0,2.0,2.0,2.0,3.0,3.0,2.0,1.0
1,0.6775172,5.0,1.0,11.0,9.0,1.0,2.0,1.0,4.0,3.0,2.0,2.0,2.0
1,0.6654083,6.0,1.0,11.0,9.0,1.0,2.0,2.0,2.0,2.0,2.0,2.0,2.0
1,0.8865932,10.0,1.0,11.0,9.0,2.0,2.0,2.0,3.0,3.0,2.0,3.0,3.0
1,1.0213389,10.0,1.0,10.0,9.0,1.0,1.0,1.0,1.0,2.0,2.0,3.0,3.0
1,1.0508454,8.0,1.0,11.0,9.0,1.0,2.0,1.0,3.0,4.0,2.0,4.0,2.0
1,1.1603534,4.0,1.0,4.0,3.0,,3.0,,3.0,4.0,2.0,3.0,2.0
1,0.6754971,8.0,1.0,11.0,,1.0,2.0,1.0,4.0,3.0,1.0,2.0,2.0
1,0.8259254,7.0,1.0,5.0,5.0,3.0,2.0,2.0,1.0,3.0,1.0,2.0,2.0
1,1.9765334,99.0,3.0,,,3.0,3.0,1.0,,2.0,4.0,3.0,3.0
1,0.8017414,2.0,1.0,11.0,9.0,1.0,2.0,1.0,4.0,1.0,1.0,1.0,1.0
1,0.9402513,,1.0,11.0,9.0,1.0,2.0,1.0,4.0,3.0,1.0,2.0,1.0
1,0.7016021,8.0,1.0,11.0,9.0,2.0,3.0,2.0,3.0,2.0,2.0,3.0,1.0
1,0.7275466,99.0,1.0,10.0,8.0,2.0,2.0,1.0,4.0,4.0,3.0,2.0,1.0
1,0.4682705,5.0,1.0,11.0,9.0,,,,,,,,3.0
1,1.1952909,4.0,1.0,7.0,5.0,2.0,2.0,1.0,,4.0,1.0,3.0,1.0
1,0.5456576,5.0,1.0,3.0,3.0,2.0,3.0,3.0,4.0,3.0,3.0,3.0,2.0
1,0.5562341,9.0,1.0,11.0,9.0,1.0,1.0,1.0,4.0,4.0,1.0,3.0,2.0
1,0.6069376,8.0,1.0,11.0,3.0,4.0,3.0,4.0,2.0,4.0,2.0,1.0,1.0
1,0.6782275,5.0,1.0,12.0,6.0,2.0,1.0,1.0,4.0,4.0,3.0,2.0,2.0
1,0.7024629,,1.0,6.0,3.0,3.0,4.0,4.0,4.0,4.0,2.0,2.0,2.0
1,0.7377022,8.0,1.0,11.0,9.0,1.0,1.0,1.0,4.0,,1.0,2.0,2.0
1,0.7706105,8.0,1.0,11.0,9.0,1.0,1.0,1.0,2.0,2.0,2.0,3.0,2.0
1,0.8041921,8.0,1.0,8.0,7.0,1.0,4.0,1.0,4.0,2.0,2.0,4.0,2.0
1,0.8738487,10.0,1.0,11.0,,1.0,1.0,1.0,3.0,2.0,1.0,3.0,1.0
1,0.8852636,7.0,1.0,7.0,5.0,1.0,2.0,1.0,3.0,2.0,1.0,4.0,2.0
1,0.8943083,7.0,1.0,11.0,9.0,1.0,1.0,1.0,3.0,3.0,2.0,3.0,2.0
1,0.8943083,8.0,1.0,11.0,9.0,1.0,,1.0,4.0,2.0,2.0,,
1,0.9577805,1.0,1.0,4.0,3.0,3.0,3.0,2.0,2.0,3.0,3.0,3.0,1.0
1,1.0587866,3.0,1.0,7.0,5.0,3.0,1.0,3.0,2.0,3.0,2.0,2.0,
1,1.12551,5.0,1.0,4.0,3.0,3.0,4.0,2.0,3.0,2.0,2.0,2.0,1.0
1,1.3874097,,1.0,,,,3.0,4.0,3.0,,3.0,,1.0
1,1.528589,5.0,1.0,13.0,12.0,1.0,3.0,1.0,4.0,3.0,1.0,2.0,2.0
1,0.5856237,6.0,1.0,11.0,9.0,3.0,2.0,3.0,2.0,3.0,2.0,2.0,2.0
1,0.8203402,99.0,1.0,8.0,8.0,2.0,4.0,1.0,4.0,4.0,3.0,3.0,2.0
1,1.0625029,8.0,1.0,11.0,9.0,1.0,2.0,1.0,4.0,3.0,3.0,3.0,2.0
1,1.1236655,5.0,1.0,10.0,9.0,1.0,2.0,3.0,2.0,2.0,2.0,2.0,2.0
1,1.2847247,2.0,1.0,4.0,3.0,2.0,3.0,2.0,4.0,4.0,2.0,2.0,2.0
1,0.4442548,1.0,1.0,3.0,3.0,4.0,4.0,4.0,1.0,4.0,4.0,1.0,1.0
1,0.6028033,8.0,1.0,11.0,9.0,2.0,1.0,2.0,3.0,2.0,3.0,2.0,2.0
1,0.6547221,10.0,1.0,11.0,9.0,1.0,1.0,1.0,3.0,3.0,2.0,3.0,1.0
1,0.7379729,8.0,1.0,11.0,9.0,1.0,2.0,2.0,4.0,2.0,2.0,4.0,3.0
1,0.7384642,7.0,1.0,8.0,7.0,1.0,2.0,4.0,3.0,2.0,4.0,3.0,1.0
1,0.8077018,9.0,1.0,12.0,6.0,1.0,1.0,2.0,4.0,3.0,4.0,1.0,1.0
1,0.8139498,8.0,1.0,10.0,9.0,2.0,2.0,3.0,3.0,2.0,3.0,3.0,2.0
1,0.9226057,99.0,2.0,,,3.0,4.0,3.0,2.0,3.0,3.0,3.0,2.0
1,1.0913,99.0,2.0,,,2.0,2.0,1.0,3.0,2.0,2.0,3.0,2.0
1,1.0994807,,,,12.0,3.0,2.0,4.0,1.0,3.0,2.0,1.0,1.0
1,1.6658565,2.0,3.0,,,3.0,2.0,2.0,3.0,3.0,4.0,2.0,1.0
1,0.3217971,1.0,1.0,2.0,2.0,,2.0,4.0,2.0,2.0,1.0,1.0,1.0
1,0.4016145,3.0,1.0,2.0,2.0,2.0,3.0,1.0,3.0,4.0,2.0,1.0,1.0
1,0.4083388,5.0,1.0,2.0,2.0,3.0,4.0,1.0,2.0,4.0,3.0,2.0,1.0
1,0.4525155,5.0,1.0,11.0,9.0,3.0,3.0,3.0,3.0,3.0,3.0,3.0,2.0
1,0.4682705,99.0,1.0,11.0,9.0,3.0,2.0,1.0,2.0,3.0,2.0,1.0,2.0
1,0.4820196,8.0,1.0,8.0,7.0,2.0,4.0,1.0,4.0,2.0,3.0,3.0,3.0
1,0.5210895,8.0,1.0,11.0,,1.0,2.0,2.0,3.0,1.0,2.0,2.0,1.0
1,0.551807,,1.0,11.0,12.0,2.0,2.0,2.0,3.0,4.0,2.0,2.0,2.0
1,0.583186,2.0,1.0,6.0,3.0,4.0,2.0,3.0,3.0,4.0,3.0,1.0,1.0
1,0.6834093,99.0,1.0,8.0,8.0,1.0,3.0,2.0,3.0,3.0,1.0,3.0,1.0
1,0.7016021,4.0,1.0,11.0,4.0,2.0,3.0,,2.0,4.0,3.0,2.0,2.0
1,0.7274851,3.0,1.0,11.0,4.0,2.0,4.0,2.0,4.0,3.0,3.0,3.0,1.0
1,0.7281322,10.0,1.0,11.0,9.0,1.0,1.0,1.0,3.0,3.0,3.0,2.0,2.0
1,0.7355139,99.0,1.0,11.0,9.0,1.0,2.0,1.0,2.0,2.0,1.0,2.0,2.0
1,0.7538801,9.0,1.0,11.0,9.0,2.0,1.0,2.0,2.0,1.0,4.0,2.0,2.0
1,0.7736063,8.0,1.0,11.0,8.0,2.0,3.0,2.0,3.0,4.0,2.0,3.0,2.0
1,0.7996897,4.0,1.0,7.0,5.0,3.0,3.0,4.0,3.0,3.0,2.0,2.0,2.0
1,0.851108,2.0,1.0,5.0,3.0,2.0,2.0,2.0,3.0,4.0,2.0,2.0,2.0
1,0.8554127,99.0,1.0,7.0,5.0,2.0,2.0,2.0,2.0,2.0,2.0,2.0,2.0
1,0.8554787,9.0,1.0,7.0,5.0,3.0,3.0,2.0,3.0,2.0,2.0,3.0,2.0
1,0.8984404,10.0,1.0,11.0,9.0,1.0,1.0,1.0,3.0,1.0,2.0,3.0,1.0
1,0.9022064,99.0,1.0,7.0,5.0,2.0,,2.0,3.0,3.0,2.0,3.0,1.0
1,0.9334159,8.0,1.0,7.0,5.0,1.0,2.0,1.0,4.0,2.0,2.0,3.0,3.0
1,0.9432011,8.0,1.0,12.0,9.0,1.0,2.0,1.0,3.0,3.0,4.0,2.0,1.0
1,0.9936169,99.0,1.0,11.0,9.0,2.0,2.0,2.0,3.0,,2.0,2.0,3.0
1,1.0210193,99.0,1.0,7.0,5.0,1.0,2.0,1.0,2.0,,2.0,,1.0
1,1.0670817,4.0,1.0,4.0,3.0,2.0,1.0,2.0,3.0,2.0,3.0,2.0,2.0
1,1.3021113,5.0,3.0,,,,3.0,2.0,3.0,4.0,,,2.0
1,1.3652338,99.0,3.0,,,3.0,3.0,3.0,3.0,3.0,3.0,3.0,3.0
1,1.4258759,6.0,1.0,7.0,5.0,3.0,4.0,2.0,3.0,2.0,2.0,3.0,2.0
1,1.4855344,2.0,1.0,4.0,3.0,4.0,4.0,4.0,2.0,4.0,4.0,2.0,1.0
1,1.5722375,99.0,,,,3.0,2.0,4.0,1.0,1.0,1.0,1.0,1.0
1,1.6790215,99.0,3.0,,,1.0,2.0,1.0,4.0,1.0,2.0,3.0,1.0
1,1.7013382,5.0,3.0,,12.0,3.0,2.0,3.0,3.0,3.0,2.0,4.0,3.0
1,1.7409042,5.0,3.0,,,2.0,3.0,2.0,3.0,3.0,2.0,2.0,2.0
1,1.9206836,4.0,3.0,,,1.0,3.0,1.0,3.0,3.0,2.0,1.0,1.0
1,1.9335334,5.0,1.0,13.0,12.0,3.0,2.0,3.0,2.0,3.0,3.0,3.0,3.0
1,2.0568757,99.0,1.0,13.0,6.0,2.0,1.0,1.0,2.0,2.0,3.0,1.0,2.0
1,2.2020769,5.0,1.0,13.0,12.0,2.0,2.0,2.0,,2.0,2.0,,2.0
1,0.9031501,0.0,1.0,7.0,4.0,2.0,3.0,1.0,1.0,3.0,2.0,1.0,1.0
1,1.1748767,2.0,1.0,4.0,3.0,3.0,2.0,3.0,2.0,1.0,3.0,2.0,2.0
1,0.5782257,8.0,1.0,8.0,7.0,,,2.0,4.0,1.0,,4.0,1.0
1,0.6411927,6.0,1.0,12.0,6.0,2.0,2.0,3.0,2.0,3.0,1.0,,4.0
1,0.7854585,10.0,1.0,11.0,9.0,1.0,1.0,1.0,4.0,4.0,1.0,2.0,1.0
1,0.8304725,10.0,1.0,11.0,9.0,1.0,2.0,1.0,4.0,1.0,2.0,3.0,2.0
1,1.0319844,9.0,1.0,11.0,9.0,1.0,4.0,2.0,2.0,2.0,2.0,3.0,2.0
1,1.5925714,99.0,1.0,13.0,12.0,2.0,3.0,3.0,3.0,3.0,2.0,2.0,1.0
1,1.9560816,8.0,,,9.0,2.0,1.0,2.0,4.0,2.0,2.0,1.0,1.0
1,0.4551518,8.0,1.0,8.0,12.0,2.0,2.0,3.0,2.0,3.0,2.0,2.0,2.0
1,0.4553131,3.0,1.0,3.0,2.0,1.0,1.0,1.0,3.0,2.0,2.0,1.0,1.0
1,0.7283497,8.0,1.0,11.0,9.0,1.0,3.0,1.0,4.0,2.0,2.0,4.0,4.0
1,0.7403492,5.0,1.0,11.0,9.0,2.0,2.0,2.0,4.0,2.0,2.0,2.0,1.0
1,0.9227717,7.0,1.0,7.0,6.0,2.0,2.0,2.0,3.0,3.0,2.0,3.0,2.0
1,1.0798303,2.0,3.0,,12.0,2.0,2.0,2.0,2.0,3.0,3.0,2.0,1.0
1,1.1074364,8.0,1.0,10.0,7.0,1.0,3.0,1.0,3.0,2.0,2.0,2.0,1.0
1,1.1897936,4.0,1.0,7.0,5.0,3.0,3.0,2.0,3.0,4.0,2.0,2.0,1.0
1,1.7303994,5.0,3.0,,,3.0,3.0,1.0,3.0,3.0,3.0,2.0,3.0
1,2.2162585,99.0,3.0,,,2.0,4.0,4.0,2.0,1.0,4.0,3.0,2.0
1,0.7854585,9.0,1.0,11.0,9.0,1.0,2.0,2.0,3.0,3.0,2.0,2.0,2.0
1,0.9297665,99.0,1.0,7.0,5.0,1.0,1.0,1.0,,3.0,2.0,3.0,2.0
1,1.0058243,99.0,1.0,7.0,5.0,2.0,2.0,2.0,2.0,3.0,2.0,2.0,2.0
1,1.149812,5.0,1.0,7.0,5.0,3.0,2.0,2.0,3.0,3.0,2.0,3.0,2.0
1,1.2285594,99.0,1.0,7.0,5.0,,4.0,,,2.0,3.0,3.0,1.0
1,1.3383332,99.0,1.0,4.0,3.0,2.0,2.0,1.0,3.0,2.0,2.0,3.0,2.0
1,2.0470111,99.0,1.0,13.0,12.0,3.0,4.0,2.0,2.0,3.0,4.0,2.0,2.0
1,2.2777295,99.0,3.0,,,1.0,1.0,1.0,1.0,2.0,2.0,1.0,1.0
1,2.0696642,99.0,3.0,,5.0,2.0,3.0,2.0,2.0,2.0,3.0,2.0,2.0
1,0.7244698,5.0,1.0,10.0,4.0,1.0,1.0,3.0,1.0,1.0,1.0,1.0,1.0
1,1.0943929,6.0,1.0,7.0,7.0,2.0,4.0,2.0,2.0,2.0,2.0,,2.0
1,1.1684388,99.0,1.0,7.0,5.0,3.0,1.0,2.0,2.0,3.0,1.0,1.0,2.0
1,1.0429891,10.0,1.0,4.0,3.0,1.0,2.0,2.0,3.0,3.0,2.0,,2.0
1,0.6121778,99.0,1.0,9.0,8.0,2.0,,2.0,,,2.0,,
1,0.7630218,7.0,1.0,7.0,5.0,,,,,,,,
1,0.7774521,5.0,1.0,12.0,6.0,,1.0,,,3.0,,2.0,1.0
1,0.7774521,5.0,1.0,12.0,6.0,,2.0,,,4.0,4.0,2.0,2.0
1,1.4314042,2.0,1.0,4.0,4.0,3.0,4.0,,2.0,3.0,3.0,,2.0
1,1.0891771,8.0,1.0,7.0,5.0,1.0,1.0,1.0,2.0,2.0,1.0,4.0,1.0
1,0.5866166,9.0,1.0,11.0,9.0,2.0,,,,3.0,2.0,2.0,1.0
1,0.636293,9.0,1.0,11.0,9.0,2.0,2.0,3.0,3.0,2.0,,3.0,2.0
1,2.67116,4.0,1.0,,,,,,,,,,2.0
1,0.5716478,6.0,1.0,8.0,7.0,1.0,1.0,1.0,3.0,1.0,2.0,2.0,2.0
1,0.5895081,2.0,1.0,3.0,4.0,,4.0,3.0,,4.0,4.0,2.0,1.0
1,0.6337792,7.0,1.0,7.0,5.0,1.0,3.0,3.0,3.0,4.0,2.0,2.0,2.0
1,0.7854585,99.0,1.0,11.0,9.0,1.0,2.0,1.0,4.0,2.0,3.0,2.0,1.0
1,1.0254383,99.0,1.0,4.0,,4.0,3.0,4.0,3.0,4.0,1.0,3.0,2.0
1,1.0990375,99.0,1.0,7.0,5.0,1.0,1.0,1.0,4.0,3.0,2.0,2.0,1.0
1,1.4619654,2.0,1.0,4.0,3.0,3.0,2.0,3.0,2.0,2.0,3.0,3.0,2.0
1,1.9708564,5.0,3.0,,,3.0,1.0,4.0,3.0,4.0,2.0,3.0,1.0
1,2.604018,99.0,3.0,,,2.0,3.0,3.0,2.0,1.0,3.0,1.0,1.0
1,0.8710465,99.0,1.0,7.0,5.0,1.0,4.0,1.0,4.0,1.0,1.0,4.0,4.0
1,0.8735071,6.0,1.0,10.0,7.0,2.0,2.0,2.0,3.0,4.0,2.0,2.0,2.0
1,1.0449791,4.0,1.0,7.0,5.0,4.0,3.0,3.0,4.0,2.0,2.0,4.0,2.0
1,1.1072105,99.0,2.0,,,1.0,4.0,1.0,,1.0,1.0,4.0,3.0
1,1.2278892,6.0,1.0,7.0,5.0,2.0,1.0,2.0,3.0,2.0,2.0,3.0,2.0
1,0.4386223,2.0,1.0,3.0,3.0,3.0,4.0,3.0,2.0,4.0,2.0,1.0,2.0
1,0.8554787,3.0,1.0,7.0,5.0,2.0,2.0,1.0,4.0,2.0,1.0,4.0,3.0
1,1.0849646,3.0,1.0,4.0,3.0,1.0,2.0,1.0,4.0,4.0,1.0,4.0,3.0
1,0.5079693,8.0,1.0,3.0,3.0,2.0,2.0,3.0,3.0,3.0,2.0,3.0,2.0
1,0.5202804,5.0,1.0,9.0,,3.0,2.0,3.0,2.0,3.0,2.0,3.0,2.0
1,0.6002358,2.0,1.0,3.0,3.0,3.0,4.0,3.0,2.0,4.0,3.0,3.0,1.0
1,0.6111988,8.0,1.0,8.0,7.0,1.0,1.0,1.0,3.0,2.0,1.0,4.0,3.0
1,0.6506544,7.0,1.0,11.0,9.0,2.0,3.0,1.0,3.0,2.0,1.0,3.0,1.0
1,0.6547221,7.0,1.0,11.0,9.0,1.0,2.0,1.0,2.0,3.0,1.0,2.0,2.0
1,0.7536356,3.0,1.0,5.0,5.0,3.0,4.0,3.0,2.0,2.0,3.0,2.0,1.0
1,0.8211185,9.0,1.0,10.0,,1.0,4.0,1.0,4.0,2.0,2.0,3.0,2.0
1,0.8693745,5.0,1.0,7.0,5.0,4.0,4.0,4.0,,4.0,3.0,4.0,2.0
1,0.9165586,99.0,1.0,4.0,3.0,2.0,2.0,3.0,3.0,3.0,3.0,2.0,2.0
1,1.0619529,4.0,1.0,7.0,5.0,2.0,4.0,2.0,2.0,3.0,2.0,2.0,2.0
1,1.1507037,4.0,1.0,7.0,5.0,1.0,1.0,1.0,4.0,3.0,1.0,2.0,3.0
1,1.3008858,2.0,1.0,14.0,13.0,2.0,2.0,,2.0,2.0,2.0,1.0,1.0
1,1.4601742,5.0,1.0,13.0,,1.0,2.0,1.0,1.0,3.0,1.0,2.0,2.0
1,1.5018202,5.0,3.0,,,,,,,,,2.0,2.0
1,1.6522049,3.0,1.0,4.0,6.0,3.0,3.0,3.0,2.0,3.0,3.0,2.0,2.0
1,2.6465034,99.0,1.0,13.0,12.0,1.0,3.0,2.0,3.0,2.0,2.0,1.0,1.0
1,2.9037867,4.0,1.0,13.0,12.0,2.0,4.0,,2.0,2.0,3.0,3.0,2.0
1,0.5562341,10.0,1.0,11.0,9.0,1.0,2.0,1.0,2.0,2.0,2.0,2.0,3.0
1,0.5902957,7.0,1.0,7.0,5.0,3.0,1.0,2.0,3.0,2.0,2.0,3.0,3.0
1,0.5979794,9.0,1.0,11.0,9.0,1.0,1.0,1.0,2.0,3.0,1.0,1.0,1.0
1,0.6219257,3.0,1.0,6.0,4.0,4.0,4.0,4.0,3.0,4.0,4.0,2.0,1.0
1,0.6255326,2.0,1.0,6.0,2.0,3.0,2.0,2.0,3.0,3.0,2.0,2.0,2.0
1,0.7116315,9.0,1.0,11.0,9.0,4.0,4.0,4.0,2.0,4.0,2.0,1.0,1.0
1,0.7521601,6.0,1.0,6.0,5.0,3.0,3.0,4.0,2.0,2.0,2.0,2.0,3.0
1,0.8643128,6.0,1.0,8.0,7.0,2.0,4.0,1.0,4.0,3.0,3.0,4.0,3.0
1,0.8710465,5.0,1.0,7.0,5.0,1.0,2.0,1.0,4.0,2.0,1.0,3.0,3.0
1,0.8710465,9.0,1.0,7.0,7.0,2.0,1.0,1.0,3.0,3.0,2.0,3.0,2.0
1,0.9013733,3.0,1.0,7.0,5.0,3.0,4.0,2.0,3.0,4.0,3.0,2.0,2.0
1,0.9013733,5.0,1.0,7.0,5.0,2.0,1.0,3.0,2.0,3.0,2.0,3.0,1.0
1,0.9825811,3.0,1.0,4.0,3.0,1.0,2.0,1.0,4.0,3.0,3.0,1.0,1.0
1,1.0262234,5.0,1.0,7.0,5.0,3.0,4.0,3.0,2.0,3.0,1.0,2.0,2.0
1,1.0321429,5.0,1.0,7.0,5.0,4.0,2.0,3.0,3.0,2.0,2.0,3.0,2.0
1,1.0619529,7.0,1.0,7.0,5.0,1.0,1.0,1.0,3.0,2.0,2.0,4.0,3.0
1,1.1269757,10.0,2.0,,,1.0,2.0,1.0,4.0,3.0,1.0,1.0,1.0
1,1.1795293,6.0,1.0,7.0,5.0,4.0,3.0,2.0,3.0,4.0,3.0,4.0,2.0
1,1.2767082,5.0,1.0,6.0,3.0,,2.0,,,,2.0,2.0,2.0
1,1.4856491,2.0,1.0,4.0,3.0,1.0,1.0,1.0,2.0,2.0,1.0,1.0,1.0
1,2.0878644,7.0,3.0,,,2.0,2.0,2.0,2.0,2.0,2.0,2.0,2.0
1,1.3126419,5.0,2.0,,,3.0,3.0,4.0,2.0,3.0,2.0,3.0,
1,0.370281,4.0,1.0,6.0,3.0,2.0,2.0,3.0,2.0,2.0,2.0,2.0,1.0
1,0.4013788,3.0,1.0,3.0,4.0,2.0,4.0,1.0,2.0,4.0,2.0,1.0,1.0
1,0.603691,5.0,1.0,8.0,5.0,1.0,3.0,1.0,3.0,3.0,2.0,3.0,2.0
1,0.6654083,8.0,1.0,11.0,9.0,1.0,2.0,1.0,4.0,3.0,2.0,2.0,2.0
1,0.8128055,10.0,1.0,11.0,9.0,1.0,3.0,1.0,4.0,2.0,2.0,2.0,2.0
1,0.8852636,6.0,1.0,7.0,5.0,,1.0,3.0,,3.0,1.0,2.0,2.0
1,0.9958045,6.0,1.0,6.0,8.0,2.0,1.0,2.0,3.0,1.0,2.0,2.0,2.0
1,1.0965536,8.0,1.0,7.0,5.0,1.0,1.0,1.0,3.0,2.0,2.0,3.0,2.0
1,0.3956808,8.0,1.0,8.0,7.0,1.0,1.0,3.0,3.0,2.0,2.0,4.0,2.0
1,0.4653724,5.0,1.0,2.0,2.0,3.0,4.0,4.0,2.0,4.0,1.0,3.0,2.0
1,0.4695147,7.0,1.0,6.0,5.0,2.0,2.0,2.0,2.0,2.0,2.0,2.0,1.0
1,0.4898935,5.0,1.0,2.0,6.0,1.0,1.0,1.0,2.0,2.0,4.0,,
1,0.506631,4.0,1.0,3.0,5.0,3.0,4.0,3.0,,4.0,,,1.0
1,0.5434815,99.0,1.0,6.0,12.0,3.0,3.0,4.0,2.0,4.0,3.0,2.0,1.0
1,0.6006603,3.0,1.0,5.0,4.0,4.0,3.0,4.0,3.0,4.0,3.0,2.0,3.0
1,0.6103464,8.0,1.0,8.0,7.0,2.0,3.0,2.0,4.0,2.0,2.0,3.0,3.0
1,0.6251305,3.0,1.0,3.0,4.0,3.0,4.0,,,,3.0,2.0,1.0
1,0.684319,5.0,1.0,12.0,6.0,3.0,4.0,4.0,2.0,3.0,2.0,2.0,2.0
1,0.6905374,10.0,1.0,11.0,9.0,1.0,1.0,1.0,3.0,3.0,2.0,2.0,2.0
1,0.7059311,5.0,1.0,7.0,5.0,3.0,4.0,3.0,2.0,2.0,3.0,3.0,2.0
1,0.7508383,3.0,1.0,5.0,5.0,4.0,4.0,3.0,2.0,3.0,3.0,2.0,2.0
1,0.7508383,2.0,1.0,5.0,4.0,2.0,4.0,2.0,3.0,2.0,3.0,2.0,1.0
1,0.7645019,3.0,1.0,5.0,4.0,4.0,4.0,4.0,3.0,4.0,3.0,3.0,2.0
1,0.7812341,8.0,1.0,7.0,5.0,2.0,2.0,2.0,2.0,2.0,2.0,2.0,2.0
1,0.8101364,6.0,1.0,7.0,5.0,3.0,4.0,3.0,2.0,3.0,1.0,4.0,1.0
1,0.8372062,2.0,1.0,5.0,13.0,4.0,4.0,4.0,2.0,2.0,3.0,2.0,3.0
1,0.8376346,10.0,1.0,11.0,9.0,1.0,1.0,1.0,4.0,2.0,1.0,4.0,1.0
1,0.8554127,3.0,1.0,7.0,5.0,2.0,4.0,3.0,2.0,3.0,2.0,,1.0
1,0.8554787,4.0,1.0,7.0,5.0,3.0,3.0,3.0,2.0,3.0,2.0,2.0,1.0
1,0.8554787,5.0,1.0,7.0,5.0,3.0,4.0,3.0,3.0,3.0,2.0,3.0,3.0
1,0.8710465,6.0,1.0,7.0,5.0,3.0,4.0,2.0,2.0,3.0,2.0,4.0,4.0
1,0.8825558,99.0,1.0,7.0,5.0,3.0,3.0,3.0,3.0,3.0,3.0,3.0,2.0
1,0.8942392,9.0,1.0,11.0,9.0,2.0,1.0,2.0,4.0,4.0,1.0,4.0,3.0
1,0.8994269,6.0,1.0,7.0,5.0,3.0,2.0,3.0,2.0,2.0,2.0,4.0,3.0
1,0.9013733,99.0,1.0,7.0,5.0,,4.0,3.0,,3.0,,2.0,2.0
1,0.9013733,8.0,1.0,7.0,5.0,2.0,3.0,2.0,,3.0,2.0,3.0,2.0
1,0.9136499,99.0,1.0,7.0,5.0,3.0,2.0,4.0,2.0,2.0,2.0,3.0,3.0
1,0.9186954,7.0,1.0,7.0,5.0,1.0,3.0,1.0,2.0,3.0,2.0,1.0,1.0
1,0.9483662,7.0,1.0,7.0,5.0,4.0,2.0,4.0,2.0,3.0,3.0,3.0,2.0
1,0.9547276,7.0,2.0,,,2.0,4.0,3.0,3.0,3.0,2.0,3.0,2.0
1,0.9641821,99.0,1.0,7.0,5.0,2.0,3.0,2.0,2.0,4.0,3.0,4.0,2.0
1,0.9775807,5.0,1.0,7.0,5.0,2.0,4.0,4.0,3.0,1.0,2.0,4.0,2.0
1,0.9785325,5.0,1.0,7.0,5.0,3.0,3.0,3.0,2.0,4.0,3.0,2.0,2.0
1,0.9926738,8.0,1.0,7.0,5.0,2.0,3.0,2.0,3.0,1.0,1.0,3.0,2.0
1,0.9936169,10.0,1.0,11.0,9.0,2.0,2.0,2.0,2.0,2.0,2.0,3.0,2.0
1,0.9963396,9.0,1.0,7.0,5.0,2.0,2.0,2.0,3.0,3.0,2.0,2.0,2.0
1,1.0068241,5.0,1.0,7.0,5.0,,4.0,3.0,,,3.0,,2.0
1,1.0369008,7.0,1.0,8.0,7.0,1.0,1.0,1.0,3.0,2.0,1.0,1.0,1.0
1,1.0591471,5.0,1.0,7.0,5.0,2.0,3.0,1.0,,3.0,3.0,2.0,3.0
1,1.0995657,5.0,1.0,13.0,12.0,3.0,4.0,4.0,2.0,3.0,3.0,3.0,3.0
1,1.1143944,8.0,1.0,7.0,12.0,2.0,2.0,2.0,2.0,2.0,2.0,2.0,2.0
1,1.1197339,99.0,1.0,4.0,3.0,4.0,4.0,4.0,2.0,4.0,4.0,2.0,2.0
1,1.1810558,99.0,3.0,,9.0,1.0,2.0,1.0,3.0,3.0,1.0,,2.0
1,1.1897018,6.0,1.0,7.0,5.0,2.0,3.0,2.0,,2.0,2.0,3.0,3.0
1,1.2163889,2.0,1.0,6.0,3.0,1.0,2.0,1.0,2.0,2.0,1.0,1.0,1.0
1,1.2171366,7.0,1.0,7.0,5.0,2.0,2.0,2.0,3.0,2.0,2.0,3.0,3.0
1,1.2171366,3.0,1.0,7.0,5.0,3.0,4.0,3.0,2.0,3.0,3.0,2.0,1.0
1,1.2987789,3.0,1.0,4.0,3.0,3.0,4.0,2.0,2.0,3.0,3.0,2.0,1.0
1,1.3219143,6.0,1.0,7.0,5.0,2.0,2.0,2.0,3.0,2.0,2.0,3.0,3.0
1,1.366526,3.0,1.0,4.0,3.0,3.0,4.0,3.0,3.0,3.0,4.0,3.0,2.0
1,1.3955071,7.0,1.0,4.0,3.0,4.0,4.0,3.0,2.0,3.0,2.0,2.0,1.0
1,1.4264685,5.0,1.0,4.0,3.0,4.0,2.0,4.0,2.0,2.0,,1.0,1.0
1,1.4533494,7.0,1.0,7.0,5.0,2.0,4.0,1.0,4.0,2.0,2.0,3.0,3.0
1,1.5818093,4.0,3.0,,5.0,1.0,3.0,1.0,4.0,3.0,3.0,4.0,3.0
1,1.7652322,5.0,1.0,13.0,12.0,3.0,4.0,4.0,3.0,3.0,2.0,3.0,1.0
1,1.8672805,99.0,3.0,,,2.0,4.0,2.0,3.0,3.0,2.0,2.0,2.0
1,2.3497708,99.0,3.0,,,3.0,4.0,3.0,3.0,4.0,4.0,2.0,2.0
1,3.3510749,99.0,1.0,,,3.0,3.0,3.0,3.0,3.0,3.0,3.0,2.0
1,1.1143944,5.0,1.0,7.0,5.0,3.0,4.0,2.0,4.0,1.0,3.0,3.0,2.0
1,1.0682031,2.0,1.0,4.0,3.0,4.0,4.0,3.0,1.0,4.0,4.0,1.0,1.0
1,0.7462556,6.0,1.0,7.0,5.0,2.0,2.0,1.0,3.0,3.0,2.0,3.0,1.0
1,0.9370296,5.0,1.0,7.0,5.0,3.0,4.0,3.0,3.0,2.0,1.0,2.0,1.0
1,1.0279546,99.0,1.0,7.0,5.0,2.0,2.0,1.0,4.0,3.0,1.0,2.0,2.0
1,1.0813617,5.0,1.0,7.0,5.0,4.0,4.0,3.0,2.0,3.0,3.0,3.0,1.0
1,1.0914026,4.0,1.0,7.0,5.0,3.0,4.0,1.0,2.0,4.0,2.0,2.0,2.0
1,1.1897018,10.0,1.0,7.0,5.0,1.0,2.0,1.0,2.0,,2.0,3.0,2.0
1,0.6387691,99.0,1.0,11.0,9.0,1.0,,2.0,3.0,,2.0,2.0,2.0
1,1.0437908,8.0,2.0,,,2.0,2.0,2.0,3.0,3.0,3.0,3.0,2.0
1,1.1074364,6.0,1.0,10.0,7.0,2.0,2.0,1.0,,2.0,2.0,,3.0
1,1.1475726,2.0,2.0,,,4.0,4.0,4.0,1.0,4.0,2.0,2.0,1.0
1,1.4902856,2.0,1.0,4.0,13.0,,1.0,1.0,3.0,,4.0,1.0,1.0
1,2.719979,7.0,3.0,,,3.0,4.0,1.0,3.0,2.0,2.0,3.0,3.0
1,0.9384277,9.0,1.0,11.0,6.0,2.0,1.0,1.0,3.0,1.0,2.0,,3.0
1,1.0917792,7.0,1.0,7.0,7.0,1.0,,2.0,,2.0,1.0,,2.0
1,1.89162,99.0,3.0,,,,4.0,3.0,,,3.0,,2.0
1,0.4464438,99.0,1.0,1.0,1.0,2.0,2.0,,2.0,3.0,3.0,3.0,2.0
1,1.0490307,2.0,1.0,4.0,3.0,,2.0,2.0,,4.0,3.0,,1.0
1,2.1764803,99.0,1.0,13.0,,,4.0,,,3.0,2.0,2.0,2.0
1,2.5047741,2.0,1.0,,,,4.0,3.0,,4.0,,2.0,
1,0.342339,2.0,1.0,3.0,3.0,3.0,4.0,1.0,3.0,4.0,3.0,1.0,1.0
1,0.38603,99.0,1.0,3.0,4.0,1.0,4.0,2.0,3.0,4.0,4.0,2.0,1.0
1,0.4250937,8.0,1.0,8.0,7.0,1.0,1.0,1.0,4.0,3.0,2.0,4.0,4.0
1,0.4525155,99.0,1.0,11.0,9.0,1.0,2.0,1.0,4.0,2.0,3.0,2.0,1.0
1,0.5143451,8.0,1.0,11.0,9.0,1.0,1.0,1.0,,4.0,2.0,1.0,2.0
1,0.5222076,99.0,1.0,9.0,8.0,1.0,1.0,2.0,4.0,4.0,3.0,2.0,1.0
1,0.5490872,99.0,1.0,11.0,9.0,2.0,1.0,2.0,3.0,3.0,2.0,2.0,2.0
1,0.5655025,4.0,1.0,3.0,4.0,2.0,2.0,2.0,3.0,3.0,2.0,1.0,1.0
1,0.5656925,10.0,1.0,11.0,9.0,1.0,3.0,1.0,3.0,3.0,2.0,3.0,3.0
1,0.5723348,8.0,1.0,8.0,7.0,1.0,4.0,1.0,3.0,1.0,2.0,4.0,2.0
1,0.6062846,99.0,1.0,11.0,,1.0,2.0,2.0,2.0,2.0,4.0,1.0,1.0
1,0.6365672,7.0,1.0,11.0,9.0,2.0,1.0,3.0,2.0,2.0,1.0,1.0,2.0
1,0.6534965,8.0,1.0,9.0,8.0,1.0,1.0,1.0,3.0,1.0,2.0,4.0,2.0
1,0.6547221,3.0,1.0,11.0,9.0,1.0,1.0,1.0,2.0,1.0,2.0,1.0,1.0
1,0.662546,10.0,1.0,11.0,9.0,1.0,1.0,1.0,4.0,2.0,1.0,4.0,4.0
1,0.6958458,6.0,1.0,8.0,9.0,2.0,1.0,1.0,3.0,2.0,1.0,3.0,2.0
1,0.6958584,10.0,1.0,11.0,9.0,1.0,3.0,1.0,4.0,3.0,2.0,3.0,2.0
1,0.7102947,99.0,1.0,10.0,4.0,1.0,1.0,1.0,3.0,1.0,4.0,1.0,1.0
1,0.7144248,4.0,1.0,11.0,9.0,3.0,2.0,3.0,3.0,3.0,3.0,3.0,2.0
1,0.7144248,7.0,1.0,11.0,9.0,1.0,1.0,1.0,4.0,3.0,3.0,1.0,1.0
1,0.7180477,99.0,1.0,12.0,11.0,2.0,2.0,1.0,4.0,3.0,4.0,2.0,2.0
1,0.7281322,9.0,1.0,11.0,9.0,1.0,1.0,1.0,4.0,2.0,1.0,4.0,4.0
1,0.7632905,10.0,1.0,11.0,9.0,1.0,1.0,1.0,3.0,1.0,1.0,4.0,1.0
1,0.7693227,9.0,1.0,11.0,9.0,1.0,1.0,1.0,4.0,1.0,1.0,1.0,2.0
1,0.7706105,10.0,1.0,11.0,9.0,1.0,1.0,1.0,4.0,4.0,2.0,1.0,1.0
1,0.7908839,10.0,1.0,10.0,9.0,1.0,,,,,,,
1,0.7961079,99.0,1.0,11.0,9.0,1.0,2.0,1.0,3.0,3.0,4.0,3.0,3.0
1,0.8128055,5.0,1.0,11.0,9.0,1.0,1.0,1.0,4.0,4.0,1.0,1.0,1.0
1,0.8226004,8.0,1.0,11.0,9.0,1.0,2.0,1.0,4.0,1.0,1.0,3.0,2.0
1,0.8284643,6.0,1.0,12.0,6.0,2.0,2.0,3.0,2.0,1.0,2.0,2.0,1.0
1,0.8852636,2.0,1.0,7.0,3.0,3.0,2.0,4.0,1.0,3.0,2.0,1.0,1.0
1,0.8945515,8.0,1.0,10.0,5.0,1.0,1.0,1.0,4.0,4.0,1.0,2.0,2.0
1,0.8975666,10.0,1.0,11.0,9.0,1.0,1.0,1.0,4.0,3.0,1.0,3.0,2.0
1,0.8999639,8.0,1.0,9.0,8.0,1.0,2.0,1.0,4.0,1.0,1.0,1.0,1.0
1,0.9048625,5.0,1.0,12.0,6.0,1.0,2.0,1.0,,2.0,1.0,4.0,2.0
1,0.9249342,10.0,1.0,10.0,9.0,1.0,1.0,1.0,2.0,3.0,2.0,2.0,1.0
1,0.9334159,6.0,1.0,7.0,5.0,1.0,2.0,1.0,3.0,2.0,2.0,3.0,2.0
1,0.9582349,8.0,1.0,10.0,9.0,1.0,1.0,1.0,4.0,2.0,,3.0,
1,0.9591205,8.0,1.0,10.0,9.0,1.0,1.0,1.0,4.0,4.0,2.0,4.0,2.0
1,0.9696532,5.0,1.0,12.0,6.0,1.0,1.0,1.0,2.0,1.0,2.0,3.0,1.0
1,0.9791681,5.0,1.0,12.0,8.0,1.0,1.0,1.0,4.0,1.0,1.0,4.0,3.0
1,0.9869758,99.0,1.0,10.0,9.0,1.0,4.0,1.0,4.0,3.0,3.0,2.0,1.0
1,0.9936169,3.0,1.0,11.0,9.0,1.0,3.0,1.0,4.0,1.0,3.0,1.0,1.0
1,0.9936169,9.0,1.0,11.0,,2.0,2.0,2.0,2.0,3.0,2.0,2.0,2.0
1,1.014549,2.0,1.0,7.0,5.0,1.0,1.0,1.0,4.0,2.0,1.0,3.0,2.0
1,1.0424379,,1.0,4.0,4.0,4.0,4.0,4.0,2.0,4.0,4.0,1.0,1.0
1,1.1377609,99.0,3.0,,,1.0,1.0,1.0,4.0,4.0,1.0,1.0,1.0
1,1.13801,2.0,1.0,4.0,4.0,1.0,3.0,3.0,2.0,1.0,1.0,2.0,1.0
1,1.1495775,8.0,1.0,10.0,9.0,1.0,1.0,1.0,4.0,2.0,1.0,4.0,2.0
1,1.2814054,3.0,1.0,4.0,3.0,2.0,4.0,3.0,,3.0,4.0,2.0,1.0
1,1.4081231,9.0,3.0,,,1.0,1.0,1.0,4.0,1.0,1.0,1.0,1.0
1,1.80621,8.0,3.0,,,1.0,1.0,1.0,4.0,1.0,1.0,3.0,3.0
1,2.0196059,5.0,1.0,13.0,12.0,1.0,1.0,2.0,2.0,1.0,1.0,1.0,1.0
1,2.095665,99.0,3.0,,12.0,1.0,1.0,1.0,2.0,3.0,2.0,3.0,4.0
1,2.1095421,99.0,3.0,,,2.0,1.0,1.0,3.0,2.0,2.0,3.0,2.0
1,2.6946638,99.0,3.0,,9.0,1.0,1.0,2.0,3.0,2.0,1.0,1.0,1.0
1,0.4993673,7.0,1.0,11.0,9.0,1.0,2.0,1.0,3.0,2.0,2.0,1.0,1.0
1,0.9567008,5.0,1.0,12.0,6.0,1.0,1.0,1.0,4.0,4.0,2.0,2.0,1.0
1,0.4565709,10.0,1.0,11.0,9.0,1.0,1.0,1.0,1.0,2.0,1.0,1.0,1.0
1,0.5551664,7.0,1.0,11.0,9.0,2.0,,2.0,3.0,2.0,3.0,2.0,2.0
1,0.5963268,9.0,1.0,11.0,9.0,1.0,1.0,1.0,4.0,2.0,1.0,2.0,2.0
1,0.6056247,9.0,1.0,11.0,9.0,1.0,1.0,1.0,1.0,4.0,1.0,4.0,1.0
1,0.638617,10.0,1.0,11.0,9.0,2.0,2.0,2.0,4.0,2.0,2.0,4.0,2.0
1,0.6661883,3.0,1.0,9.0,8.0,3.0,3.0,4.0,2.0,2.0,3.0,1.0,1.0
1,0.6760542,5.0,1.0,11.0,9.0,1.0,2.0,1.0,3.0,2.0,2.0,3.0,2.0
1,0.6986565,5.0,1.0,9.0,8.0,2.0,3.0,3.0,2.0,2.0,2.0,2.0,2.0
1,0.7025466,99.0,1.0,9.0,8.0,,4.0,1.0,2.0,3.0,4.0,2.0,1.0
1,0.7461432,,1.0,11.0,9.0,1.0,4.0,,3.0,3.0,4.0,3.0,2.0
1,0.7489564,8.0,1.0,11.0,9.0,1.0,3.0,1.0,3.0,3.0,2.0,2.0,1.0
1,0.7854585,10.0,1.0,11.0,9.0,1.0,1.0,2.0,3.0,1.0,1.0,2.0,2.0
1,0.7854585,9.0,1.0,11.0,9.0,1.0,4.0,1.0,4.0,3.0,2.0,2.0,2.0
1,0.7854585,9.0,1.0,11.0,9.0,1.0,1.0,1.0,4.0,1.0,2.0,3.0,3.0
1,0.7986095,4.0,1.0,11.0,9.0,1.0,3.0,1.0,3.0,3.0,3.0,1.0,1.0
1,0.810487,8.0,1.0,10.0,11.0,1.0,2.0,1.0,4.0,3.0,2.0,3.0,1.0
1,0.9148607,10.0,1.0,11.0,9.0,1.0,1.0,1.0,3.0,3.0,1.0,2.0,2.0
1,0.9229429,99.0,1.0,11.0,9.0,2.0,2.0,1.0,4.0,2.0,2.0,3.0,3.0
1,0.9757831,10.0,1.0,11.0,9.0,2.0,1.0,1.0,4.0,3.0,1.0,3.0,2.0
1,0.9869758,10.0,1.0,10.0,12.0,1.0,4.0,2.0,4.0,1.0,3.0,3.0,2.0
1,1.0031441,8.0,1.0,7.0,,1.0,1.0,1.0,3.0,4.0,1.0,4.0,3.0
1,1.0449791,99.0,1.0,7.0,5.0,1.0,1.0,1.0,2.0,3.0,3.0,4.0,2.0
1,1.072803,7.0,1.0,11.0,9.0,1.0,3.0,1.0,4.0,3.0,1.0,3.0,1.0
1,1.3531206,8.0,2.0,,,1.0,1.0,1.0,4.0,1.0,1.0,2.0,2.0
1,1.7143605,2.0,1.0,4.0,3.0,2.0,1.0,2.0,4.0,3.0,4.0,2.0,2.0
1,1.9047319,3.0,1.0,4.0,3.0,2.0,3.0,2.0,2.0,3.0,3.0,2.0,2.0
1,0.5270662,2.0,1.0,11.0,9.0,1.0,3.0,1.0,3.0,3.0,3.0,1.0,1.0
1,0.5306131,10.0,1.0,11.0,9.0,2.0,2.0,2.0,2.0,2.0,2.0,2.0,2.0
1,0.6069844,10.0,1.0,11.0,9.0,1.0,2.0,1.0,3.0,4.0,2.0,2.0,1.0
1,0.6463056,5.0,1.0,10.0,,1.0,2.0,1.0,3.0,3.0,2.0,2.0,2.0
1,0.6478721,10.0,1.0,11.0,9.0,1.0,2.0,2.0,2.0,3.0,1.0,2.0,1.0
1,0.6553271,5.0,1.0,11.0,9.0,2.0,3.0,2.0,3.0,3.0,3.0,2.0,2.0
1,0.6788527,10.0,1.0,11.0,9.0,1.0,1.0,1.0,4.0,2.0,1.0,4.0,3.0
1,0.7139805,2.0,1.0,3.0,3.0,3.0,4.0,3.0,3.0,4.0,3.0,1.0,1.0
1,0.7243881,99.0,1.0,11.0,9.0,2.0,2.0,,,4.0,3.0,1.0,1.0
1,0.7630218,8.0,1.0,7.0,5.0,1.0,1.0,1.0,4.0,2.0,2.0,3.0,2.0
1,0.8943083,5.0,1.0,11.0,9.0,2.0,1.0,3.0,4.0,3.0,3.0,2.0,2.0
1,0.9013733,3.0,1.0,7.0,5.0,2.0,2.0,2.0,3.0,3.0,2.0,2.0,2.0
1,0.9504755,7.0,1.0,7.0,5.0,2.0,2.0,2.0,3.0,2.0,2.0,2.0,2.0
1,1.1897936,7.0,1.0,7.0,5.0,1.0,1.0,1.0,2.0,2.0,1.0,3.0,1.0
1,1.3695296,5.0,1.0,4.0,3.0,3.0,2.0,,3.0,3.0,2.0,3.0,3.0
1,1.4023311,2.0,1.0,4.0,3.0,1.0,1.0,4.0,1.0,1.0,3.0,1.0,1.0
1,1.6092257,7.0,1.0,4.0,,1.0,1.0,2.0,2.0,1.0,3.0,1.0,1.0
1,0.6467941,5.0,1.0,6.0,7.0,2.0,2.0,2.0,3.0,2.0,1.0,1.0,1.0
1,0.878257,6.0,1.0,11.0,9.0,1.0,1.0,2.0,2.0,1.0,2.0,1.0,1.0
1,1.1697772,6.0,3.0,,2.0,3.0,3.0,3.0,3.0,4.0,3.0,3.0,2.0
1,0.6595331,10.0,1.0,11.0,9.0,2.0,1.0,2.0,4.0,1.0,3.0,2.0,1.0
1,0.6788527,10.0,1.0,11.0,9.0,1.0,1.0,1.0,2.0,1.0,1.0,1.0,1.0
1,0.9105827,6.0,1.0,11.0,9.0,2.0,2.0,2.0,2.0,2.0,2.0,2.0,2.0
1,0.755573,9.0,1.0,11.0,9.0,1.0,1.0,1.0,3.0,2.0,1.0,2.0,2.0
1,0.8934147,5.0,1.0,7.0,5.0,2.0,2.0,2.0,2.0,3.0,2.0,2.0,2.0
1,1.2831533,7.0,2.0,,,2.0,2.0,1.0,3.0,3.0,2.0,3.0,2.0
1,1.5644125,99.0,3.0,,,1.0,1.0,1.0,4.0,1.0,3.0,3.0,1.0
1,2.1095421,4.0,1.0,13.0,12.0,2.0,2.0,3.0,1.0,3.0,2.0,2.0,2.0
1,0.7116315,10.0,1.0,11.0,9.0,1.0,1.0,1.0,4.0,4.0,1.0,4.0,2.0
1,0.7625858,10.0,1.0,11.0,9.0,3.0,3.0,3.0,2.0,3.0,3.0,2.0,2.0
1,1.1463511,5.0,1.0,7.0,5.0,2.0,2.0,3.0,3.0,3.0,2.0,3.0,3.0
1,2.0698371,99.0,3.0,,,1.0,2.0,2.0,1.0,1.0,1.0,2.0,2.0
1,1.291664,7.0,2.0,,3.0,2.0,1.0,2.0,2.0,2.0,1.0,1.0,4.0
1,0.704471,10.0,1.0,11.0,9.0,1.0,1.0,1.0,3.0,2.0,1.0,3.0,3.0
1,0.7758102,7.0,1.0,11.0,9.0,1.0,4.0,1.0,4.0,2.0,2.0,4.0,1.0
1,0.8943083,8.0,1.0,11.0,9.0,1.0,1.0,1.0,4.0,1.0,1.0,,2.0
1,0.8943083,7.0,1.0,11.0,9.0,2.0,,1.0,4.0,2.0,,3.0,3.0
1,0.3380032,,1.0,1.0,9.0,2.0,1.0,2.0,2.0,3.0,2.0,1.0,1.0
1,0.4287344,99.0,1.0,11.0,9.0,1.0,1.0,4.0,1.0,4.0,1.0,2.0,4.0
1,0.4988018,8.0,1.0,8.0,7.0,1.0,1.0,1.0,4.0,2.0,2.0,4.0,3.0
1,0.5856237,5.0,1.0,11.0,9.0,1.0,3.0,2.0,3.0,3.0,1.0,3.0,1.0
1,0.6069844,5.0,1.0,11.0,,2.0,2.0,1.0,3.0,1.0,2.0,1.0,1.0
1,0.631534,2.0,1.0,3.0,3.0,3.0,3.0,2.0,4.0,3.0,3.0,2.0,3.0
1,0.662546,5.0,1.0,11.0,9.0,1.0,1.0,1.0,1.0,4.0,1.0,1.0,1.0
1,0.6760542,7.0,1.0,11.0,9.0,1.0,1.0,1.0,1.0,3.0,2.0,1.0,1.0
1,0.7830098,6.0,1.0,11.0,9.0,1.0,1.0,1.0,4.0,3.0,2.0,3.0,1.0
1,0.7854585,8.0,1.0,11.0,9.0,1.0,1.0,2.0,2.0,2.0,2.0,2.0,2.0
1,0.8041921,5.0,1.0,8.0,12.0,1.0,2.0,1.0,,1.0,1.0,2.0,1.0
1,0.8401243,9.0,1.0,7.0,5.0,1.0,1.0,1.0,4.0,,1.0,4.0,3.0
1,0.8676398,,1.0,12.0,6.0,2.0,3.0,3.0,2.0,3.0,1.0,3.0,3.0
1,0.9550765,9.0,1.0,11.0,9.0,1.0,1.0,1.0,4.0,2.0,3.0,4.0,3.0
1,1.1604669,99.0,3.0,,,3.0,4.0,3.0,4.0,4.0,3.0,3.0,
1,1.3580499,99.0,1.0,4.0,3.0,4.0,4.0,4.0,1.0,4.0,4.0,1.0,1.0
1,1.5126846,2.0,1.0,4.0,3.0,4.0,1.0,4.0,,,1.0,1.0,1.0
1,1.5849259,99.0,3.0,,,,4.0,,4.0,,3.0,3.0,4.0
1,2.0771551,99.0,3.0,,,2.0,4.0,,,,,,1.0
1,2.2416842,5.0,3.0,,,4.0,2.0,2.0,3.0,3.0,,2.0,3.0
1,2.3243868,99.0,3.0,,,,,4.0,,2.0,4.0,,2.0
1,2.5023761,8.0,3.0,,7.0,2.0,,1.0,4.0,2.0,,4.0,
1,0.4631383,99.0,1.0,2.0,2.0,3.0,2.0,2.0,3.0,3.0,3.0,2.0,1.0
1,0.9964165,8.0,1.0,7.0,5.0,1.0,2.0,1.0,3.0,2.0,1.0,4.0,3.0
1,1.0844146,3.0,1.0,4.0,3.0,4.0,4.0,2.0,2.0,4.0,4.0,2.0,1.0
1,1.1495775,6.0,1.0,10.0,8.0,1.0,1.0,1.0,4.0,4.0,2.0,2.0,1.0
1,1.9932181,99.0,1.0,14.0,12.0,3.0,3.0,3.0,3.0,2.0,3.0,2.0,2.0
1,0.3390448,4.0,1.0,3.0,3.0,2.0,4.0,3.0,2.0,,2.0,,1.0
1,0.4848115,6.0,1.0,2.0,2.0,2.0,1.0,1.0,3.0,4.0,1.0,3.0,2.0
1,0.5216181,99.0,1.0,11.0,9.0,1.0,3.0,1.0,4.0,3.0,2.0,2.0,1.0
1,0.5508553,7.0,1.0,11.0,9.0,1.0,1.0,2.0,2.0,3.0,1.0,2.0,2.0
1,0.7430844,99.0,1.0,11.0,9.0,1.0,2.0,1.0,3.0,3.0,2.0,2.0,1.0
1,0.9105827,7.0,1.0,11.0,9.0,2.0,3.0,3.0,2.0,2.0,3.0,3.0,2.0
1,1.0619529,,1.0,7.0,5.0,2.0,,2.0,2.0,2.0,2.0,2.0,1.0
1,1.6488858,99.0,1.0,13.0,12.0,2.0,3.0,1.0,3.0,3.0,2.0,2.0,2.0
1,0.4013515,8.0,1.0,8.0,7.0,1.0,1.0,1.0,4.0,3.0,3.0,2.0,1.0
1,0.4891175,99.0,1.0,3.0,12.0,2.0,3.0,2.0,2.0,2.0,2.0,2.0,1.0
1,0.4957213,3.0,1.0,5.0,12.0,3.0,2.0,3.0,2.0,2.0,3.0,3.0,2.0
1,0.5084893,7.0,1.0,8.0,7.0,2.0,1.0,1.0,2.0,2.0,2.0,2.0,3.0
1,0.5893823,8.0,1.0,8.0,5.0,2.0,1.0,,3.0,,3.0,2.0,1.0
1,0.6069844,99.0,1.0,11.0,9.0,3.0,3.0,3.0,3.0,3.0,3.0,3.0,2.0
1,0.6248726,5.0,1.0,11.0,9.0,2.0,2.0,2.0,3.0,2.0,2.0,2.0,2.0
1,0.6251305,1.0,1.0,3.0,3.0,3.0,4.0,3.0,2.0,4.0,3.0,1.0,2.0
1,0.6430206,5.0,1.0,11.0,9.0,1.0,1.0,1.0,3.0,2.0,1.0,2.0,2.0
1,0.6547221,99.0,1.0,11.0,,1.0,1.0,2.0,4.0,1.0,2.0,2.0,2.0
1,0.6590859,5.0,1.0,12.0,12.0,,2.0,,,2.0,2.0,,2.0
1,0.6653569,2.0,1.0,11.0,9.0,1.0,1.0,1.0,2.0,2.0,2.0,2.0,1.0
1,0.6703376,6.0,1.0,8.0,7.0,2.0,4.0,2.0,3.0,2.0,3.0,3.0,2.0
1,0.6793885,7.0,1.0,8.0,5.0,1.0,3.0,2.0,4.0,,2.0,,3.0
1,0.6834093,6.0,1.0,8.0,7.0,2.0,4.0,1.0,4.0,2.0,3.0,3.0,2.0
1,0.7241112,99.0,1.0,12.0,,2.0,3.0,3.0,2.0,2.0,3.0,2.0,2.0
1,0.7574734,5.0,1.0,12.0,6.0,2.0,3.0,3.0,2.0,3.0,2.0,3.0,2.0
1,0.7757851,10.0,1.0,12.0,5.0,2.0,2.0,2.0,3.0,2.0,2.0,3.0,3.0
1,0.7808011,8.0,1.0,8.0,7.0,2.0,3.0,2.0,3.0,2.0,2.0,2.0,1.0
1,0.781819,5.0,1.0,11.0,9.0,2.0,1.0,1.0,4.0,3.0,2.0,4.0,2.0
1,0.8056288,9.0,1.0,11.0,9.0,1.0,1.0,1.0,4.0,2.0,2.0,3.0,2.0
1,0.8376346,6.0,1.0,11.0,13.0,1.0,,1.0,3.0,1.0,1.0,4.0,1.0
1,0.8664916,9.0,1.0,10.0,5.0,1.0,1.0,1.0,4.0,2.0,1.0,4.0,3.0
1,0.9926738,8.0,1.0,7.0,5.0,1.0,2.0,1.0,3.0,3.0,1.0,4.0,2.0
1,1.0082611,99.0,1.0,4.0,,4.0,1.0,4.0,4.0,1.0,4.0,4.0,1.0
1,1.0262234,7.0,1.0,7.0,9.0,1.0,1.0,1.0,3.0,2.0,1.0,2.0,2.0
1,1.0336469,7.0,1.0,10.0,7.0,1.0,1.0,1.0,3.0,2.0,3.0,4.0,3.0
1,1.1848439,99.0,1.0,4.0,3.0,2.0,3.0,1.0,2.0,3.0,1.0,2.0,1.0
1,1.2515142,99.0,1.0,11.0,9.0,1.0,2.0,1.0,2.0,1.0,1.0,2.0,1.0
1,1.3220658,2.0,1.0,4.0,,4.0,3.0,4.0,2.0,,3.0,1.0,1.0
1,1.3996804,2.0,1.0,4.0,4.0,3.0,,2.0,2.0,3.0,3.0,1.0,1.0
1,1.5901523,99.0,3.0,,9.0,1.0,3.0,1.0,1.0,1.0,2.0,1.0,1.0
1,1.71895,2.0,1.0,4.0,3.0,,3.0,2.0,,4.0,2.0,,2.0
1,1.7811354,99.0,3.0,,,2.0,2.0,,,2.0,2.0,,2.0
1,2.1137068,99.0,3.0,,,3.0,3.0,3.0,3.0,3.0,3.0,3.0,4.0
1,2.2020769,99.0,1.0,13.0,12.0,1.0,1.0,2.0,3.0,1.0,1.0,2.0,2.0
1,2.2704186,5.0,3.0,,,2.0,2.0,,3.0,3.0,2.0,2.0,3.0
1,0.4326018,99.0,1.0,2.0,,1.0,1.0,1.0,1.0,1.0,1.0,2.0,1.0
1,0.4957213,3.0,1.0,5.0,5.0,2.0,4.0,1.0,3.0,3.0,3.0,1.0,1.0
1,0.7249432,8.0,1.0,7.0,5.0,2.0,4.0,1.0,3.0,3.0,2.0,3.0,3.0
1,1.0449791,4.0,1.0,7.0,5.0,1.0,3.0,1.0,3.0,3.0,2.0,2.0,1.0
1,0.6870886,9.0,1.0,11.0,9.0,4.0,1.0,3.0,3.0,1.0,1.0,3.0,1.0
1,0.974834,99.0,1.0,11.0,9.0,1.0,4.0,1.0,2.0,,3.0,2.0,1.0
1,0.5574874,10.0,1.0,10.0,9.0,2.0,1.0,1.0,3.0,3.0,2.0,3.0,1.0
1,0.6653569,5.0,1.0,11.0,9.0,1.0,1.0,1.0,1.0,4.0,1.0,2.0,2.0
1,0.6819472,8.0,1.0,11.0,9.0,2.0,4.0,2.0,2.0,3.0,3.0,,2.0
1,0.7703035,99.0,1.0,7.0,5.0,1.0,2.0,2.0,2.0,3.0,2.0,3.0,2.0
1,0.7874323,8.0,1.0,11.0,9.0,1.0,2.0,2.0,3.0,3.0,1.0,,
1,0.8242244,8.0,1.0,11.0,9.0,1.0,2.0,1.0,3.0,2.0,1.0,3.0,2.0
1,0.8385966,6.0,1.0,11.0,9.0,1.0,2.0,2.0,3.0,3.0,4.0,2.0,1.0
1,0.8401243,8.0,1.0,7.0,5.0,1.0,3.0,1.0,4.0,2.0,2.0,4.0,2.0
1,0.9504755,5.0,1.0,7.0,5.0,1.0,2.0,1.0,4.0,3.0,2.0,3.0,2.0
1,1.2218555,4.0,1.0,4.0,3.0,1.0,4.0,1.0,3.0,2.0,2.0,2.0,1.0
1,1.651646,3.0,3.0,,5.0,2.0,4.0,1.0,3.0,2.0,3.0,3.0,1.0
1,1.7241466,5.0,1.0,4.0,,1.0,1.0,1.0,2.0,1.0,3.0,1.0,1.0
1,2.6465034,99.0,,,,2.0,2.0,1.0,,3.0,3.0,3.0,2.0
1,0.492966,7.0,1.0,11.0,9.0,,4.0,2.0,3.0,3.0,2.0,2.0,2.0
1,0.5767196,9.0,1.0,11.0,9.0,1.0,1.0,2.0,3.0,3.0,1.0,4.0,2.0
1,0.6553271,99.0,1.0,11.0,,1.0,2.0,1.0,3.0,3.0,2.0,3.0,2.0
1,0.6715351,99.0,1.0,11.0,9.0,2.0,1.0,1.0,2.0,3.0,1.0,1.0,1.0
1,0.7040359,99.0,1.0,12.0,6.0,3.0,4.0,3.0,2.0,4.0,3.0,2.0,1.0
1,0.708452,5.0,1.0,6.0,4.0,1.0,2.0,2.0,2.0,2.0,2.0,1.0,2.0
1,0.7137467,99.0,1.0,7.0,5.0,4.0,1.0,3.0,2.0,2.0,1.0,4.0,2.0
1,0.7169977,5.0,1.0,6.0,5.0,2.0,2.0,3.0,2.0,3.0,1.0,3.0,2.0
1,0.7342961,7.0,1.0,8.0,6.0,1.0,3.0,2.0,3.0,2.0,2.0,4.0,
1,0.7430844,5.0,1.0,11.0,9.0,1.0,1.0,1.0,3.0,2.0,2.0,3.0,2.0
1,0.7533369,7.0,1.0,7.0,5.0,2.0,2.0,3.0,2.0,3.0,3.0,3.0,3.0
1,0.8313346,99.0,1.0,7.0,5.0,1.0,2.0,2.0,2.0,4.0,2.0,1.0,1.0
1,0.8376346,10.0,1.0,11.0,9.0,2.0,2.0,2.0,2.0,2.0,2.0,2.0,2.0
1,0.9075162,1.0,1.0,4.0,,2.0,3.0,2.0,3.0,3.0,2.0,3.0,2.0
1,0.9101531,99.0,1.0,11.0,9.0,2.0,,,2.0,3.0,1.0,3.0,1.0
1,0.9963396,7.0,1.0,7.0,5.0,2.0,2.0,2.0,2.0,2.0,2.0,2.0,2.0
1,1.0681206,1.0,1.0,4.0,3.0,2.0,2.0,2.0,2.0,1.0,2.0,1.0,1.0
1,1.0943929,5.0,1.0,7.0,5.0,2.0,2.0,2.0,2.0,4.0,2.0,3.0,2.0
1,1.3123322,9.0,2.0,,,2.0,2.0,3.0,1.0,3.0,2.0,2.0,2.0
1,1.6563568,4.0,1.0,4.0,3.0,,3.0,2.0,3.0,2.0,2.0,1.0,1.0
1,1.7303326,2.0,1.0,4.0,3.0,1.0,1.0,1.0,2.0,2.0,2.0,2.0,1.0
1,1.9075303,99.0,3.0,,,3.0,2.0,2.0,1.0,2.0,2.0,2.0,2.0
1,2.0193543,99.0,1.0,13.0,12.0,3.0,3.0,3.0,3.0,3.0,3.0,2.0,2.0
1,2.379863,99.0,3.0,,,2.0,2.0,3.0,1.0,2.0,2.0,2.0,2.0
1,0.8851952,7.0,1.0,7.0,5.0,1.0,2.0,1.0,3.0,3.0,2.0,3.0,3.0
1,0.6429709,10.0,1.0,11.0,9.0,1.0,3.0,1.0,4.0,1.0,1.0,3.0,2.0
1,0.8764924,7.0,1.0,7.0,5.0,4.0,4.0,3.0,2.0,3.0,3.0,1.0,4.0
1,2.335171,7.0,1.0,,9.0,2.0,3.0,2.0,,2.0,2.0,3.0,2.0
1,0.9659143,5.0,1.0,7.0,5.0,2.0,4.0,2.0,,1.0,1.0,3.0,1.0
1,0.9827143,99.0,1.0,11.0,9.0,1.0,1.0,1.0,3.0,3.0,3.0,3.0,2.0
1,1.9016458,99.0,1.0,,,,2.0,,3.0,2.0,2.0,2.0,1.0
1,0.6048535,10.0,1.0,11.0,9.0,1.0,1.0,1.0,2.0,2.0,1.0,,1.0
1,2.2932584,99.0,1.0,13.0,12.0,,2.0,2.0,2.0,2.0,2.0,3.0,2.0
1,1.9832633,99.0,1.0,14.0,13.0,,,,,,,,2.0
1,0.3848239,5.0,1.0,1.0,1.0,3.0,3.0,3.0,3.0,3.0,3.0,3.0,3.0
1,0.6927937,99.0,1.0,6.0,5.0,4.0,2.0,3.0,1.0,4.0,4.0,2.0,2.0
1,0.603691,9.0,1.0,8.0,7.0,2.0,4.0,1.0,2.0,4.0,2.0,4.0,2.0
1,1.1475726,7.0,2.0,,,2.0,2.0,3.0,2.0,2.0,2.0,2.0,2.0
1,1.9895495,6.0,1.0,,7.0,2.0,4.0,2.0,4.0,1.0,3.0,3.0,2.0
1,0.6862792,5.0,1.0,12.0,6.0,2.0,2.0,2.0,3.0,2.0,2.0,1.0,1.0
1,0.7691997,99.0,1.0,9.0,8.0,,4.0,2.0,1.0,4.0,2.0,2.0,1.0
1,2.0782082,99.0,1.0,13.0,12.0,,4.0,,,,,4.0,
1,1.3710786,7.0,1.0,4.0,3.0,2.0,1.0,2.0,1.0,1.0,1.0,3.0,2.0
1,0.6816276,6.0,1.0,7.0,5.0,,2.0,3.0,2.0,3.0,2.0,3.0,2.0
1,0.7569937,5.0,2.0,,3.0,3.0,3.0,2.0,1.0,3.0,3.0,1.0,2.0
1,1.210798,9.0,2.0,,,1.0,1.0,2.0,2.0,1.0,2.0,2.0,2.0
1,0.4863488,6.0,1.0,8.0,7.0,1.0,2.0,1.0,2.0,2.0,2.0,2.0,2.0
1,0.5193425,9.0,1.0,11.0,9.0,3.0,2.0,2.0,2.0,2.0,2.0,2.0,3.0
1,0.6107182,8.0,1.0,7.0,3.0,3.0,2.0,1.0,1.0,1.0,1.0,2.0,2.0
1,0.708259,5.0,1.0,7.0,,2.0,2.0,3.0,2.0,2.0,2.0,2.0,4.0
1,0.7675917,4.0,2.0,,,2.0,2.0,1.0,1.0,2.0,2.0,2.0,1.0
1,0.7808011,6.0,1.0,8.0,5.0,2.0,2.0,2.0,4.0,3.0,2.0,3.0,2.0
1,0.8339565,2.0,1.0,6.0,,3.0,4.0,2.0,4.0,4.0,4.0,2.0,2.0
1,0.8392423,5.0,1.0,7.0,5.0,2.0,3.0,2.0,2.0,2.0,2.0,3.0,3.0
1,0.8693745,5.0,1.0,7.0,5.0,4.0,4.0,4.0,3.0,2.0,3.0,2.0,2.0
1,0.8710465,5.0,1.0,7.0,5.0,3.0,4.0,3.0,3.0,4.0,3.0,3.0,2.0
1,0.9740075,4.0,1.0,7.0,13.0,4.0,4.0,2.0,3.0,4.0,4.0,2.0,1.0
1,1.2808332,7.0,1.0,4.0,2.0,1.0,2.0,1.0,1.0,2.0,2.0,1.0,2.0
1,1.9738814,4.0,1.0,4.0,,4.0,2.0,4.0,1.0,3.0,4.0,2.0,2.0
1,0.6097056,6.0,1.0,8.0,5.0,3.0,4.0,3.0,2.0,2.0,2.0,3.0,3.0
1,0.7113324,6.0,1.0,7.0,7.0,4.0,4.0,4.0,2.0,3.0,3.0,2.0,2.0
1,0.8710465,4.0,1.0,7.0,5.0,4.0,4.0,2.0,2.0,3.0,2.0,2.0,2.0
1,1.2494141,2.0,1.0,4.0,3.0,4.0,1.0,4.0,2.0,3.0,3.0,1.0,2.0
1,1.2722489,1.0,1.0,4.0,3.0,3.0,1.0,4.0,3.0,3.0,3.0,2.0,2.0
1,1.2929144,2.0,1.0,4.0,3.0,3.0,1.0,4.0,2.0,3.0,2.0,2.0,2.0
1,1.2929144,1.0,1.0,4.0,3.0,3.0,1.0,4.0,2.0,3.0,3.0,2.0,2.0
1,1.3165442,2.0,1.0,4.0,3.0,2.0,1.0,4.0,2.0,2.0,3.0,2.0,2.0
1,0.9694612,7.0,1.0,4.0,,2.0,2.0,2.0,1.0,2.0,2.0,2.0,1.0
1,1.2722489,1.0,1.0,4.0,3.0,3.0,1.0,4.0,2.0,3.0,3.0,2.0,2.0
1,1.654101,7.0,,,3.0,1.0,1.0,2.0,1.0,1.0,1.0,2.0,1.0
1,0.7321652,8.0,1.0,8.0,5.0,3.0,4.0,2.0,3.0,2.0,2.0,2.0,2.0
1,1.1254658,9.0,2.0,,,2.0,3.0,1.0,1.0,2.0,1.0,1.0,2.0
1,1.1497555,10.0,1.0,7.0,,1.0,1.0,1.0,4.0,2.0,1.0,1.0,3.0
1,0.8401243,3.0,1.0,7.0,5.0,4.0,4.0,4.0,3.0,4.0,3.0,3.0,3.0
1,0.4980514,4.0,1.0,6.0,4.0,3.0,3.0,3.0,,3.0,,,2.0
1,0.5041562,5.0,1.0,11.0,9.0,2.0,3.0,,4.0,4.0,4.0,,3.0
1,0.7713608,9.0,1.0,11.0,9.0,1.0,2.0,1.0,3.0,4.0,2.0,4.0,2.0
1,0.7826117,,1.0,9.0,8.0,2.0,1.0,4.0,4.0,1.0,3.0,3.0,4.0
1,0.8814688,3.0,1.0,4.0,3.0,4.0,4.0,3.0,2.0,4.0,2.0,3.0,2.0
1,0.8814688,3.0,1.0,4.0,3.0,4.0,4.0,4.0,1.0,3.0,1.0,1.0,1.0
1,0.9122997,8.0,1.0,10.0,8.0,1.0,3.0,1.0,4.0,3.0,2.0,2.0,2.0
1,1.18472,99.0,2.0,,,3.0,2.0,3.0,3.0,1.0,2.0,4.0,2.0
1,1.3140008,9.0,1.0,13.0,13.0,1.0,4.0,1.0,4.0,2.0,1.0,4.0,2.0
1,0.5101364,99.0,1.0,1.0,2.0,3.0,3.0,3.0,3.0,3.0,3.0,3.0,3.0
1,0.636293,5.0,1.0,11.0,9.0,1.0,1.0,1.0,4.0,2.0,4.0,4.0,2.0
1,0.7261735,5.0,1.0,9.0,8.0,3.0,3.0,2.0,2.0,2.0,3.0,2.0,1.0
1,0.7626194,7.0,1.0,9.0,8.0,3.0,2.0,1.0,1.0,2.0,2.0,1.0,3.0
1,0.9043382,6.0,2.0,,,2.0,3.0,1.0,3.0,2.0,1.0,1.0,2.0
1,0.4994058,10.0,1.0,11.0,9.0,1.0,2.0,2.0,3.0,3.0,2.0,2.0,2.0
1,0.8317638,7.0,1.0,10.0,7.0,2.0,2.0,2.0,2.0,2.0,2.0,2.0,2.0
1,0.3330145,8.0,1.0,1.0,1.0,4.0,2.0,4.0,2.0,3.0,3.0,1.0,1.0
1,0.8375179,2.0,1.0,4.0,3.0,4.0,2.0,4.0,2.0,2.0,4.0,1.0,1.0
1,0.849421,10.0,1.0,10.0,9.0,1.0,3.0,1.0,4.0,4.0,3.0,4.0,2.0
1,0.8589804,5.0,1.0,11.0,9.0,1.0,1.0,1.0,2.0,1.0,1.0,2.0,1.0
1,1.5856678,9.0,2.0,,,1.0,1.0,1.0,4.0,4.0,2.0,2.0,2.0
1,0.74167,2.0,2.0,,3.0,1.0,2.0,2.0,2.0,2.0,1.0,2.0,1.0
1,1.0746025,4.0,2.0,,,3.0,3.0,3.0,2.0,3.0,2.0,3.0,2.0
1,1.1460352,99.0,2.0,,4.0,1.0,2.0,2.0,1.0,2.0,2.0,1.0,1.0
1,2.1295652,99.0,3.0,,,2.0,3.0,3.0,2.0,2.0,2.0,3.0,2.0
1,0.8179057,6.0,1.0,7.0,5.0,1.0,1.0,2.0,2.0,1.0,2.0,2.0,1.0
1,1.1582378,6.0,1.0,7.0,5.0,2.0,2.0,2.0,2.0,1.0,2.0,1.0,2.0
1,0.8463823,6.0,1.0,7.0,5.0,1.0,1.0,1.0,1.0,2.0,2.0,1.0,2.0
1,0.6596513,6.0,1.0,8.0,12.0,1.0,1.0,1.0,3.0,1.0,2.0,3.0,2.0
1,0.6715351,99.0,1.0,11.0,12.0,3.0,3.0,3.0,4.0,3.0,3.0,3.0,1.0
1,0.7882483,10.0,1.0,11.0,9.0,1.0,2.0,1.0,4.0,2.0,1.0,2.0,2.0
1,0.7489878,7.0,1.0,10.0,7.0,2.0,2.0,2.0,3.0,1.0,2.0,3.0,2.0
1,0.7930048,4.0,1.0,7.0,5.0,2.0,3.0,3.0,2.0,3.0,3.0,2.0,2.0
1,0.8392423,7.0,1.0,7.0,5.0,2.0,4.0,1.0,3.0,2.0,2.0,2.0,2.0
1,1.1940306,7.0,2.0,,7.0,1.0,3.0,1.0,4.0,2.0,1.0,3.0,1.0
1,0.930463,7.0,1.0,7.0,5.0,2.0,1.0,3.0,2.0,3.0,3.0,4.0,2.0
1,1.3123322,,2.0,,,2.0,2.0,2.0,1.0,2.0,2.0,1.0,2.0
1,0.8426672,5.0,1.0,6.0,4.0,2.0,4.0,2.0,2.0,3.0,3.0,2.0,2.0
1,0.9161083,99.0,2.0,,,2.0,2.0,1.0,2.0,3.0,3.0,2.0,2.0
1,1.1254658,3.0,2.0,,,2.0,2.0,2.0,1.0,2.0,2.0,2.0,2.0
1,0.4669539,6.0,1.0,7.0,,2.0,4.0,2.0,2.0,3.0,1.0,1.0,2.0
1,1.0608871,8.0,1.0,4.0,3.0,1.0,3.0,4.0,2.0,2.0,3.0,2.0,1.0
1,0.45177,4.0,1.0,11.0,9.0,2.0,2.0,1.0,1.0,1.0,1.0,1.0,2.0
1,0.550502,9.0,1.0,1.0,1.0,1.0,1.0,1.0,1.0,1.0,1.0,1.0,1.0
1,0.8336296,8.0,1.0,8.0,7.0,1.0,4.0,1.0,3.0,1.0,2.0,3.0,1.0
1,0.6622829,6.0,1.0,11.0,9.0,1.0,4.0,1.0,3.0,3.0,2.0,4.0,2.0
1,0.9973712,7.0,1.0,8.0,7.0,2.0,3.0,1.0,3.0,4.0,2.0,4.0,2.0
1,0.7961079,10.0,1.0,11.0,9.0,1.0,1.0,1.0,4.0,4.0,3.0,4.0,4.0
1,0.6588155,7.0,1.0,11.0,,2.0,2.0,2.0,2.0,2.0,3.0,2.0,2.0
1,0.5601968,3.0,1.0,7.0,5.0,2.0,2.0,2.0,1.0,2.0,2.0,1.0,2.0
1,0.6765036,7.0,1.0,7.0,5.0,2.0,2.0,2.0,3.0,4.0,3.0,3.0,3.0
1,1.1507037,3.0,1.0,7.0,5.0,4.0,4.0,4.0,3.0,2.0,4.0,1.0,1.0
1,1.3874097,99.0,3.0,,,2.0,2.0,2.0,2.0,2.0,2.0,2.0,2.0
1,0.8825558,8.0,1.0,7.0,,1.0,3.0,1.0,3.0,3.0,1.0,1.0,1.0
1,0.7016021,9.0,1.0,11.0,9.0,1.0,1.0,1.0,3.0,2.0,1.0,1.0,2.0
1,1.0798303,3.0,3.0,,,3.0,3.0,4.0,2.0,2.0,4.0,1.0,1.0
1,1.0553608,99.0,2.0,,8.0,2.0,1.0,1.0,2.0,2.0,2.0,3.0,2.0
1,1.3188883,7.0,2.0,,5.0,2.0,1.0,1.0,1.0,1.0,1.0,1.0,1.0
1,0.6633496,8.0,1.0,11.0,9.0,2.0,2.0,2.0,3.0,2.0,2.0,3.0,2.0
1,0.7117748,6.0,1.0,11.0,9.0,2.0,2.0,1.0,2.0,1.0,3.0,2.0,2.0
1,1.6625347,99.0,1.0,4.0,1.0,3.0,3.0,3.0,2.0,1.0,2.0,3.0,3.0
1,0.8211185,7.0,1.0,10.0,7.0,1.0,3.0,2.0,4.0,2.0,2.0,3.0,2.0
1,1.5824895,99.0,2.0,,,3.0,4.0,4.0,1.0,,3.0,2.0,1.0
1,0.4666342,4.0,1.0,3.0,12.0,3.0,4.0,1.0,4.0,3.0,3.0,3.0,3.0
1,0.6639714,10.0,1.0,11.0,9.0,1.0,1.0,1.0,4.0,1.0,1.0,4.0,4.0
1,1.0467418,7.0,1.0,7.0,5.0,4.0,1.0,4.0,3.0,3.0,1.0,3.0,1.0
1,1.2018379,5.0,2.0,,,3.0,3.0,3.0,3.0,3.0,2.0,4.0,3.0
1,0.9936169,9.0,1.0,11.0,9.0,4.0,2.0,3.0,3.0,4.0,4.0,2.0,
1,0.8977178,99.0,1.0,10.0,7.0,1.0,2.0,1.0,4.0,1.0,2.0,4.0,2.0
1,0.9936169,9.0,1.0,11.0,9.0,1.0,1.0,1.0,4.0,3.0,1.0,4.0,3.0
1,1.2836223,5.0,1.0,11.0,9.0,1.0,1.0,1.0,4.0,2.0,2.0,1.0,1.0
1,0.5312986,7.0,1.0,9.0,8.0,2.0,2.0,3.0,3.0,2.0,2.0,2.0,2.0
1,0.406376,7.0,1.0,2.0,,1.0,1.0,3.0,2.0,1.0,1.0,2.0,2.0
1,0.4673999,5.0,1.0,11.0,9.0,2.0,3.0,3.0,4.0,3.0,4.0,2.0,2.0
1,1.119233,7.0,2.0,,,1.0,3.0,4.0,1.0,1.0,2.0,2.0,2.0
1,0.7950714,7.0,1.0,8.0,7.0,1.0,4.0,2.0,3.0,2.0,2.0,3.0,2.0
1,1.0108162,5.0,1.0,7.0,5.0,3.0,4.0,3.0,3.0,3.0,3.0,3.0,3.0
1,0.5771251,9.0,1.0,11.0,9.0,1.0,1.0,1.0,4.0,3.0,3.0,4.0,
1,0.699496,5.0,1.0,4.0,3.0,1.0,1.0,2.0,3.0,2.0,3.0,3.0,3.0
1,0.7713608,9.0,1.0,11.0,9.0,2.0,2.0,2.0,3.0,2.0,1.0,2.0,2.0
1,0.9507955,6.0,1.0,10.0,8.0,1.0,2.0,1.0,3.0,4.0,2.0,3.0,3.0
1,0.971772,3.0,1.0,10.0,9.0,3.0,1.0,4.0,2.0,3.0,3.0,2.0,2.0
1,0.638617,7.0,1.0,11.0,3.0,1.0,4.0,1.0,1.0,4.0,4.0,1.0,1.0
1,1.1030072,5.0,1.0,4.0,5.0,2.0,3.0,4.0,3.0,3.0,2.0,3.0,3.0
1,0.9931424,7.0,1.0,7.0,5.0,2.0,2.0,2.0,3.0,2.0,2.0,3.0,2.0
1,0.5902994,5.0,1.0,11.0,9.0,3.0,2.0,3.0,3.0,1.0,3.0,2.0,2.0
1,0.6740398,99.0,1.0,11.0,9.0,3.0,2.0,1.0,4.0,3.0,3.0,3.0,1.0
1,0.2427677,99.0,1.0,1.0,1.0,2.0,4.0,2.0,3.0,3.0,3.0,2.0,2.0
1,1.3471049,4.0,1.0,4.0,,2.0,2.0,2.0,2.0,2.0,2.0,2.0,1.0
1,0.8321244,9.0,1.0,11.0,9.0,1.0,4.0,1.0,3.0,2.0,2.0,3.0,1.0
1,2.0425909,,3.0,,,,,,,,,,
1,0.4143865,10.0,1.0,8.0,7.0,4.0,3.0,3.0,1.0,4.0,1.0,4.0,1.0
1,2.1379683,99.0,1.0,13.0,12.0,3.0,3.0,,2.0,3.0,2.0,2.0,2.0
1,0.8487998,99.0,1.0,8.0,6.0,2.0,3.0,2.0,2.0,2.0,3.0,3.0,2.0
1,0.4733681,7.0,1.0,8.0,7.0,3.0,4.0,,4.0,2.0,2.0,4.0,3.0
1,0.6429709,4.0,1.0,11.0,9.0,2.0,4.0,2.0,2.0,2.0,3.0,3.0,2.0
1,0.8700601,3.0,1.0,4.0,3.0,4.0,4.0,4.0,1.0,3.0,3.0,1.0,1.0
1,0.9175371,7.0,1.0,9.0,8.0,3.0,4.0,2.0,4.0,1.0,2.0,4.0,3.0
1,0.9823084,7.0,2.0,,,3.0,3.0,3.0,1.0,3.0,2.0,3.0,3.0
1,1.0139545,9.0,1.0,10.0,7.0,1.0,4.0,1.0,4.0,2.0,2.0,3.0,3.0
1,0.4310544,4.0,1.0,5.0,13.0,3.0,4.0,2.0,4.0,2.0,4.0,3.0,3.0
1,0.4578832,7.0,1.0,1.0,1.0,1.0,3.0,2.0,1.0,1.0,2.0,2.0,3.0
1,0.7560278,8.0,1.0,11.0,9.0,3.0,2.0,2.0,4.0,3.0,3.0,3.0,3.0
1,1.0525383,9.0,1.0,10.0,7.0,1.0,2.0,1.0,4.0,1.0,2.0,4.0,3.0
1,1.0058243,7.0,1.0,7.0,5.0,1.0,1.0,3.0,1.0,3.0,1.0,3.0,2.0
1,0.4426075,7.0,1.0,1.0,3.0,1.0,1.0,1.0,2.0,1.0,1.0,2.0,3.0
1,0.4653133,8.0,1.0,8.0,7.0,3.0,,2.0,2.0,2.0,1.0,2.0,2.0
1,0.5779675,6.0,1.0,8.0,7.0,2.0,3.0,2.0,4.0,1.0,2.0,3.0,2.0
1,0.5779675,7.0,1.0,8.0,7.0,3.0,4.0,2.0,3.0,3.0,3.0,2.0,3.0
1,0.6279057,7.0,1.0,8.0,7.0,1.0,4.0,1.0,3.0,2.0,3.0,2.0,2.0
1,0.6357808,7.0,1.0,6.0,6.0,4.0,4.0,4.0,1.0,4.0,3.0,2.0,2.0
1,0.6659512,6.0,1.0,8.0,7.0,1.0,4.0,2.0,4.0,2.0,2.0,4.0,4.0
1,0.7316055,7.0,1.0,7.0,5.0,1.0,1.0,2.0,2.0,3.0,2.0,2.0,2.0
1,0.8554127,4.0,1.0,7.0,5.0,3.0,4.0,3.0,2.0,2.0,3.0,3.0,2.0
1,0.8554787,4.0,1.0,7.0,5.0,2.0,4.0,2.0,3.0,2.0,2.0,2.0,2.0
1,0.8554787,3.0,1.0,7.0,5.0,3.0,2.0,2.0,2.0,2.0,2.0,2.0,2.0
1,0.8568446,7.0,1.0,7.0,5.0,4.0,4.0,4.0,1.0,3.0,2.0,4.0,2.0
1,0.8710465,2.0,1.0,7.0,5.0,4.0,4.0,4.0,3.0,3.0,4.0,2.0,2.0
1,1.0463266,10.0,1.0,7.0,5.0,1.0,1.0,2.0,1.0,4.0,1.0,3.0,1.0
1,1.0861362,6.0,1.0,7.0,5.0,3.0,4.0,3.0,3.0,2.0,2.0,2.0,2.0
1,1.1030072,1.0,1.0,4.0,3.0,3.0,4.0,3.0,3.0,4.0,4.0,1.0,1.0
1,1.1143944,4.0,1.0,7.0,5.0,4.0,4.0,3.0,3.0,3.0,3.0,3.0,2.0
1,1.3961101,8.0,1.0,14.0,13.0,4.0,4.0,4.0,2.0,2.0,4.0,2.0,2.0
1,1.0058243,6.0,1.0,7.0,5.0,3.0,1.0,4.0,2.0,2.0,2.0,1.0,4.0
1,0.5135785,7.0,1.0,1.0,5.0,1.0,1.0,1.0,1.0,1.0,1.0,1.0,1.0
1,0.7211477,8.0,1.0,7.0,5.0,2.0,2.0,1.0,2.0,1.0,1.0,1.0,2.0
1,0.7950714,,1.0,8.0,7.0,2.0,4.0,1.0,3.0,1.0,2.0,3.0,2.0
1,0.4738176,8.0,1.0,8.0,6.0,1.0,1.0,2.0,1.0,2.0,2.0,1.0,1.0
1,0.5808157,3.0,1.0,7.0,5.0,2.0,2.0,2.0,1.0,1.0,1.0,2.0,1.0
1,0.7804679,3.0,1.0,6.0,4.0,4.0,4.0,4.0,4.0,1.0,1.0,4.0,4.0
1,0.8627458,5.0,1.0,4.0,5.0,1.0,1.0,4.0,1.0,4.0,4.0,1.0,1.0
1,1.0449791,5.0,1.0,7.0,5.0,3.0,1.0,1.0,1.0,1.0,1.0,1.0,1.0
1,1.0504125,10.0,1.0,7.0,5.0,1.0,1.0,1.0,1.0,2.0,1.0,1.0,2.0
1,1.0737947,9.0,1.0,7.0,5.0,1.0,1.0,1.0,1.0,1.0,1.0,1.0,4.0
1,1.0853701,,1.0,4.0,12.0,,4.0,1.0,2.0,4.0,1.0,1.0,1.0
1,1.1497555,10.0,1.0,7.0,,2.0,1.0,3.0,1.0,2.0,2.0,2.0,4.0
1,1.4533494,6.0,1.0,7.0,5.0,3.0,4.0,4.0,1.0,2.0,3.0,3.0,2.0
1,1.5902977,9.0,1.0,4.0,3.0,1.0,3.0,2.0,2.0,3.0,2.0,2.0,4.0
1,1.6441201,99.0,1.0,13.0,12.0,1.0,1.0,1.0,1.0,1.0,1.0,1.0,1.0
1,2.0782082,0.0,3.0,,,4.0,4.0,4.0,2.0,,2.0,2.0,2.0
1,0.3249317,6.0,1.0,2.0,,2.0,3.0,3.0,3.0,4.0,4.0,4.0,3.0
1,0.5842099,7.0,1.0,9.0,8.0,1.0,4.0,1.0,4.0,3.0,2.0,4.0,1.0
1,0.5873615,6.0,1.0,10.0,9.0,4.0,4.0,4.0,4.0,4.0,4.0,4.0,4.0
1,0.7528136,10.0,1.0,11.0,9.0,1.0,1.0,1.0,1.0,1.0,1.0,4.0,2.0
1,0.8018616,10.0,1.0,11.0,7.0,1.0,1.0,1.0,4.0,2.0,4.0,3.0,1.0
1,0.9969867,99.0,1.0,12.0,6.0,1.0,1.0,1.0,4.0,2.0,2.0,3.0,1.0
1,1.0072844,99.0,1.0,10.0,7.0,1.0,2.0,1.0,4.0,1.0,2.0,4.0,3.0
1,1.1419325,99.0,1.0,4.0,3.0,1.0,2.0,3.0,2.0,3.0,2.0,3.0,2.0
1,1.1540867,99.0,2.0,,,1.0,4.0,1.0,4.0,1.0,4.0,3.0,1.0
1,2.4787903,8.0,3.0,,,1.0,1.0,1.0,4.0,3.0,2.0,3.0,2.0
1,1.0525383,8.0,1.0,10.0,9.0,1.0,2.0,1.0,4.0,1.0,2.0,4.0,3.0
1,0.672947,8.0,1.0,11.0,,3.0,4.0,2.0,3.0,1.0,1.0,3.0,3.0
1,2.0142925,6.0,3.0,,,2.0,3.0,2.0,3.0,2.0,1.0,3.0,1.0
1,0.2637017,99.0,1.0,2.0,,3.0,3.0,3.0,3.0,3.0,3.0,3.0,2.0
1,0.87792,6.0,2.0,,,1.0,1.0,2.0,2.0,3.0,3.0,2.0,2.0
1,1.1628028,5.0,1.0,4.0,3.0,2.0,2.0,3.0,2.0,2.0,2.0,2.0,2.0
1,1.3055894,7.0,1.0,13.0,12.0,4.0,3.0,3.0,4.0,3.0,4.0,2.0,3.0
1,1.8184828,6.0,3.0,,,2.0,2.0,3.0,2.0,2.0,2.0,3.0,3.0
1,1.5796392,8.0,1.0,4.0,2.0,3.0,3.0,3.0,2.0,3.0,2.0,2.0,3.0
1,0.8361256,8.0,1.0,10.0,7.0,1.0,3.0,1.0,4.0,3.0,2.0,4.0,2.0
1,0.8969607,8.0,1.0,7.0,5.0,2.0,3.0,3.0,3.0,4.0,3.0,2.0,1.0
1,0.7720739,8.0,1.0,7.0,5.0,3.0,2.0,2.0,3.0,3.0,2.0,2.0,2.0
1,0.9869758,9.0,1.0,10.0,9.0,1.0,2.0,1.0,4.0,1.0,1.0,4.0,1.0
1,0.467436,10.0,1.0,11.0,9.0,2.0,2.0,2.0,2.0,2.0,2.0,2.0,2.0
1,0.790459,5.0,2.0,,,2.0,2.0,3.0,2.0,2.0,2.0,2.0,4.0
1,1.1460352,7.0,2.0,,,1.0,2.0,3.0,1.0,2.0,2.0,1.0,3.0
1,0.6975076,10.0,1.0,11.0,9.0,1.0,2.0,1.0,2.0,1.0,4.0,3.0,2.0
1,0.6279057,7.0,1.0,8.0,7.0,2.0,4.0,2.0,2.0,1.0,3.0,4.0,2.0
1,0.8776852,8.0,1.0,12.0,6.0,3.0,3.0,1.0,3.0,3.0,3.0,3.0,2.0
1,1.144202,5.0,1.0,10.0,9.0,1.0,1.0,1.0,4.0,1.0,1.0,3.0,3.0
1,0.5767196,7.0,1.0,11.0,9.0,1.0,4.0,1.0,4.0,4.0,2.0,1.0,1.0
1,0.9835677,9.0,1.0,7.0,,2.0,1.0,1.0,3.0,1.0,2.0,2.0,2.0
1,1.5615332,99.0,3.0,,,2.0,2.0,3.0,4.0,3.0,3.0,2.0,3.0
1,0.5977755,6.0,1.0,8.0,7.0,,4.0,3.0,3.0,2.0,2.0,2.0,1.0
1,0.7567794,99.0,1.0,11.0,9.0,2.0,1.0,2.0,,1.0,1.0,,
1,0.9877714,6.0,1.0,7.0,5.0,2.0,4.0,2.0,1.0,3.0,2.0,1.0,2.0
1,1.2018379,8.0,2.0,,,1.0,2.0,1.0,4.0,3.0,3.0,3.0,1.0
1,0.4861318,3.0,1.0,3.0,7.0,3.0,3.0,3.0,3.0,2.0,3.0,2.0,2.0
1,0.5485118,99.0,1.0,11.0,9.0,2.0,1.0,1.0,3.0,3.0,3.0,3.0,2.0
1,0.8693221,8.0,1.0,10.0,9.0,1.0,1.0,1.0,3.0,,1.0,2.0,2.0
1,0.8847827,5.0,1.0,7.0,5.0,3.0,4.0,4.0,1.0,1.0,1.0,1.0,1.0
1,0.9877714,7.0,1.0,7.0,5.0,3.0,3.0,1.0,2.0,3.0,1.0,2.0,1.0
1,1.9112161,10.0,3.0,,,1.0,1.0,1.0,1.0,1.0,1.0,1.0,1.0
1,2.0795612,99.0,3.0,,1.0,,,,,4.0,1.0,1.0,4.0
1,0.3991688,3.0,1.0,2.0,2.0,2.0,2.0,2.0,2.0,2.0,2.0,2.0,2.0
1,0.9964165,9.0,1.0,7.0,5.0,1.0,4.0,1.0,4.0,1.0,3.0,1.0,1.0
1,2.6160407,5.0,1.0,13.0,12.0,2.0,2.0,2.0,2.0,2.0,2.0,2.0,2.0
1,0.5272706,8.0,1.0,1.0,,2.0,2.0,1.0,1.0,1.0,1.0,1.0,1.0
1,1.2579734,9.0,1.0,7.0,5.0,1.0,1.0,1.0,2.0,1.0,1.0,1.0,1.0
1,0.7210544,9.0,1.0,7.0,2.0,2.0,3.0,1.0,1.0,2.0,2.0,2.0,1.0
1,0.3581431,7.0,1.0,1.0,2.0,1.0,2.0,2.0,2.0,1.0,1.0,1.0,2.0
1,1.0924373,8.0,2.0,,4.0,1.0,1.0,1.0,1.0,1.0,2.0,1.0,1.0
1,0.5756002,10.0,1.0,11.0,9.0,1.0,1.0,1.0,4.0,4.0,1.0,1.0,1.0
1,0.6384383,8.0,1.0,11.0,9.0,2.0,2.0,1.0,2.0,2.0,1.0,1.0,2.0
1,0.8625901,10.0,1.0,10.0,,1.0,1.0,1.0,3.0,3.0,2.0,4.0,3.0
1,0.5767196,8.0,1.0,11.0,9.0,2.0,1.0,1.0,1.0,2.0,1.0,2.0,1.0
1,1.1200001,1.0,1.0,4.0,13.0,4.0,1.0,4.0,1.0,4.0,4.0,2.0,1.0
1,0.4244833,5.0,1.0,1.0,1.0,2.0,3.0,2.0,2.0,2.0,3.0,2.0,1.0
1,0.5789986,8.0,1.0,11.0,9.0,2.0,2.0,2.0,2.0,2.0,2.0,2.0,2.0
1,0.9105681,10.0,1.0,11.0,,1.0,2.0,3.0,1.0,1.0,1.0,3.0,2.0
1,1.34647,6.0,1.0,4.0,3.0,3.0,3.0,3.0,3.0,3.0,3.0,3.0,2.0
1,0.9043382,6.0,2.0,,13.0,3.0,2.0,2.0,1.0,2.0,3.0,2.0,2.0
1,0.3652238,5.0,1.0,2.0,3.0,4.0,3.0,2.0,1.0,4.0,3.0,2.0,4.0
1,0.3233999,7.0,1.0,2.0,4.0,2.0,2.0,2.0,1.0,2.0,3.0,1.0,2.0
1,0.7930642,10.0,1.0,7.0,5.0,3.0,4.0,3.0,2.0,2.0,3.0,2.0,1.0
1,1.306542,10.0,3.0,,,1.0,4.0,1.0,2.0,2.0,2.0,2.0,1.0
1,1.4754661,4.0,1.0,13.0,12.0,1.0,3.0,1.0,2.0,3.0,2.0,1.0,1.0
1,1.009626,9.0,1.0,7.0,,1.0,1.0,1.0,2.0,1.0,2.0,2.0,1.0
1,2.1615272,7.0,3.0,,5.0,3.0,3.0,1.0,2.0,1.0,2.0,2.0,3.0
1,1.0513868,6.0,2.0,,,2.0,1.0,1.0,3.0,4.0,3.0,2.0,1.0
1,1.1842003,8.0,1.0,7.0,5.0,2.0,2.0,2.0,3.0,2.0,1.0,2.0,3.0
1,0.6853415,8.0,1.0,7.0,5.0,1.0,1.0,2.0,2.0,2.0,1.0,1.0,1.0
1,1.689519,0.0,1.0,13.0,12.0,4.0,4.0,1.0,2.0,2.0,4.0,1.0,4.0
1,1.9832633,1.0,,,9.0,3.0,3.0,2.0,2.0,3.0,3.0,2.0,2.0
1,0.5913478,7.0,1.0,3.0,,2.0,2.0,2.0,2.0,2.0,2.0,2.0,4.0
1,0.7808011,10.0,1.0,8.0,5.0,1.0,4.0,2.0,2.0,2.0,2.0,2.0,1.0
1,1.7223312,8.0,1.0,4.0,3.0,2.0,1.0,1.0,1.0,2.0,2.0,2.0,1.0
1,2.1764803,7.0,1.0,13.0,12.0,3.0,4.0,3.0,3.0,2.0,2.0,2.0,3.0
1,0.4634823,4.0,1.0,3.0,,2.0,4.0,2.0,3.0,1.0,,2.0,
1,0.4052934,99.0,1.0,1.0,1.0,1.0,1.0,2.0,2.0,,1.0,2.0,1.0
1,1.1474575,3.0,1.0,4.0,3.0,1.0,1.0,1.0,1.0,4.0,1.0,1.0,1.0
1,0.8876711,99.0,1.0,7.0,5.0,,4.0,,,3.0,,1.0,1.0
1,0.9159583,99.0,1.0,6.0,7.0,2.0,3.0,2.0,3.0,2.0,3.0,3.0,1.0
1,0.4022236,5.0,1.0,3.0,5.0,2.0,3.0,1.0,3.0,2.0,3.0,3.0,2.0
1,1.1698188,6.0,2.0,,,3.0,2.0,2.0,2.0,3.0,1.0,3.0,2.0
1,0.7103783,7.0,1.0,9.0,7.0,3.0,4.0,3.0,2.0,2.0,4.0,2.0,2.0
1,0.9115854,7.0,1.0,7.0,,2.0,3.0,2.0,3.0,3.0,3.0,3.0,3.0
1,1.3607466,6.0,3.0,,,1.0,4.0,2.0,4.0,2.0,4.0,2.0,2.0
1,1.6490132,99.0,1.0,13.0,12.0,,4.0,1.0,2.0,3.0,2.0,2.0,2.0
1,2.0450201,5.0,1.0,13.0,12.0,4.0,2.0,4.0,2.0,3.0,2.0,2.0,2.0
1,1.0285032,2.0,1.0,6.0,4.0,3.0,4.0,2.0,3.0,3.0,4.0,2.0,1.0
1,1.2111791,,1.0,12.0,6.0,3.0,4.0,3.0,,3.0,3.0,,2.0
1,0.4111741,4.0,1.0,8.0,7.0,1.0,4.0,1.0,2.0,4.0,1.0,1.0,4.0
1,0.6945098,99.0,2.0,,7.0,1.0,3.0,4.0,2.0,2.0,1.0,1.0,3.0
1,0.6622829,5.0,1.0,11.0,9.0,2.0,2.0,1.0,3.0,2.0,2.0,2.0,1.0
1,0.9886402,99.0,1.0,10.0,9.0,1.0,1.0,1.0,4.0,4.0,1.0,3.0,1.0
1,0.8137583,99.0,1.0,9.0,8.0,3.0,4.0,2.0,2.0,2.0,2.0,2.0,1.0
1,0.6992355,7.0,2.0,,,3.0,2.0,3.0,3.0,3.0,3.0,3.0,4.0
1,0.9785325,8.0,1.0,7.0,5.0,1.0,2.0,2.0,3.0,2.0,1.0,4.0,2.0
1,0.6157188,6.0,1.0,3.0,3.0,4.0,1.0,2.0,3.0,2.0,3.0,2.0,2.0
1,1.2171366,6.0,1.0,7.0,5.0,2.0,4.0,1.0,4.0,1.0,1.0,4.0,2.0
1,0.5306131,8.0,1.0,11.0,9.0,1.0,1.0,1.0,2.0,2.0,2.0,1.0,1.0
1,1.144202,7.0,1.0,10.0,7.0,1.0,3.0,2.0,4.0,2.0,2.0,3.0,2.0
1,1.4237128,5.0,1.0,13.0,12.0,2.0,3.0,2.0,3.0,3.0,2.0,3.0,2.0
1,0.5808157,9.0,1.0,7.0,5.0,1.0,2.0,1.0,1.0,1.0,1.0,2.0,2.0
1,0.741806,2.0,1.0,12.0,6.0,4.0,4.0,3.0,2.0,4.0,3.0,1.0,1.0
1,0.8226004,8.0,1.0,11.0,7.0,1.0,1.0,1.0,3.0,1.0,2.0,3.0,3.0
1,1.4446718,9.0,2.0,,,1.0,2.0,2.0,4.0,1.0,4.0,4.0,4.0
1,0.4820196,7.0,1.0,8.0,7.0,1.0,4.0,2.0,3.0,3.0,3.0,3.0,1.0
1,2.1080384,99.0,3.0,,,4.0,4.0,4.0,1.0,4.0,3.0,1.0,1.0
1,2.2777295,99.0,3.0,,,2.0,3.0,,,2.0,3.0,2.0,2.0
1,1.9040195,99.0,,,,,2.0,,,,2.0,4.0,
1,0.8667958,99.0,1.0,12.0,6.0,,,,4.0,1.0,,4.0,3.0
1,1.5748903,5.0,1.0,13.0,12.0,3.0,3.0,2.0,2.0,3.0,2.0,,2.0
1,1.9112161,99.0,,,,,4.0,,,,2.0,,4.0
1,1.8842304,5.0,3.0,,,2.0,4.0,1.0,3.0,1.0,2.0,2.0,1.0
1,0.9624506,3.0,1.0,5.0,5.0,2.0,4.0,2.0,4.0,4.0,2.0,3.0,2.0
1,1.0619529,8.0,1.0,7.0,5.0,1.0,,1.0,2.0,2.0,2.0,4.0,2.0
1,0.9150674,6.0,1.0,6.0,8.0,1.0,1.0,1.0,4.0,4.0,1.0,3.0,3.0
1,1.7922096,99.0,3.0,,,2.0,1.0,3.0,3.0,2.0,1.0,1.0,2.0
1,1.5286609,99.0,3.0,,,,3.0,3.0,,2.0,2.0,2.0,1.0
1,2.2296684,99.0,3.0,,,2.0,,,,,4.0,,2.0
1,1.1986377,99.0,3.0,,,4.0,4.0,4.0,2.0,4.0,4.0,4.0,1.0
1,1.0201845,9.0,1.0,11.0,9.0,1.0,1.0,2.0,1.0,2.0,1.0,1.0,2.0
1,1.5286609,8.0,1.0,,,4.0,,4.0,1.0,4.0,1.0,1.0,1.0
1,0.6111988,7.0,1.0,8.0,7.0,1.0,2.0,1.0,3.0,1.0,2.0,4.0,3.0
1,1.2621671,1.0,1.0,4.0,3.0,,,2.0,4.0,4.0,2.0,2.0,1.0
1,1.858549,3.0,1.0,,,2.0,1.0,,2.0,1.0,1.0,2.0,1.0
1,0.9234467,10.0,1.0,11.0,9.0,4.0,4.0,4.0,4.0,4.0,4.0,4.0,
