pays,poids1,poids5,nou1,v0t1,t12022,q27_i2,q27_i22,q27_i32,q6v16_i4,q17v16,q27_i8,q27_i14,q27_i23,q9v16
1,1.1380951,1.1303675,99.0,1.0,7.0,2.0,3.0,3.0,2.0,3.0,3.0,2.0,3.0,5.0
1,0.930479,0.9345782,99.0,1.0,11.0,2.0,2.0,3.0,,3.0,3.0,2.0,3.0,9.0
1,2.3574824,2.4491749,99.0,1.0,,2.0,2.0,,,,2.0,,,
1,1.2561744,1.2372665,4.0,1.0,7.0,,,4.0,4.0,2.0,,3.0,2.0,3.0
1,0.6169461,0.6170918,8.0,1.0,11.0,1.0,1.0,2.0,2.0,1.0,2.0,1.0,2.0,7.0
1,1.378107,1.2299681,3.0,1.0,4.0,3.0,4.0,2.0,4.0,4.0,4.0,2.0,2.0,8.0
1,0.6799064,0.7323387,1.0,1.0,5.0,1.0,1.0,2.0,1.0,3.0,1.0,2.0,2.0,8.0
1,0.6634637,0.6580065,5.0,1.0,7.0,2.0,1.0,2.0,1.0,4.0,2.0,4.0,4.0,5.0
1,0.8416016,0.8412939,7.0,1.0,11.0,1.0,1.0,2.0,1.0,1.0,2.0,1.0,1.0,8.0
1,1.3098822,1.3454735,5.0,3.0,,1.0,2.0,4.0,1.0,2.0,1.0,4.0,4.0,10.0
1,1.0547844,1.067856,9.0,1.0,10.0,1.0,3.0,3.0,2.0,3.0,2.0,3.0,2.0,9.0
1,0.8867112,0.7695242,9.0,1.0,11.0,1.0,1.0,4.0,1.0,3.0,3.0,1.0,2.0,5.0
1,0.4267704,0.3861795,6.0,1.0,8.0,1.0,2.0,2.0,2.0,2.0,1.0,2.0,2.0,7.0
1,0.7485701,0.6730388,4.0,1.0,12.0,1.0,3.0,3.0,1.0,3.0,1.0,3.0,3.0,9.0
1,0.8287066,0.8271186,9.0,1.0,11.0,1.0,1.0,4.0,1.0,1.0,2.0,2.0,4.0,3.0
1,0.2726891,0.2999728,99.0,1.0,2.0,2.0,2.0,1.0,2.0,4.0,2.0,1.0,1.0,7.0
1,1.0935644,1.0833879,7.0,1.0,7.0,1.0,2.0,4.0,1.0,1.0,2.0,1.0,3.0,5.0
1,0.9219571,0.9522606,4.0,1.0,4.0,2.0,1.0,1.0,1.0,2.0,3.0,1.0,1.0,10.0
1,0.5685123,0.5645774,7.0,1.0,7.0,3.0,4.0,2.0,1.0,3.0,1.0,2.0,3.0,8.0
1,1.228815,1.2211848,6.0,1.0,7.0,2.0,1.0,3.0,1.0,4.0,2.0,2.0,3.0,3.0
1,0.6490161,0.604932,3.0,1.0,5.0,3.0,4.0,,3.0,3.0,3.0,2.0,2.0,5.0
1,0.8664945,0.8904744,0.0,1.0,4.0,4.0,4.0,2.0,4.0,4.0,3.0,4.0,1.0,10.0
1,0.7227683,0.7242689,7.0,1.0,11.0,1.0,2.0,2.0,2.0,3.0,4.0,3.0,2.0,6.0
1,1.2969166,1.4407165,3.0,1.0,4.0,3.0,4.0,2.0,2.0,4.0,3.0,3.0,1.0,7.0
1,0.6168212,0.6172577,8.0,1.0,11.0,2.0,3.0,1.0,2.0,1.0,2.0,3.0,2.0,7.0
1,0.3888284,0.4283812,8.0,1.0,8.0,1.0,2.0,4.0,1.0,2.0,3.0,2.0,2.0,6.0
1,0.9947159,1.0313605,3.0,3.0,,3.0,3.0,2.0,3.0,3.0,3.0,4.0,3.0,8.0
1,0.4522156,0.4565205,99.0,1.0,11.0,3.0,3.0,2.0,2.0,2.0,2.0,3.0,2.0,6.0
1,0.4845407,0.5180807,6.0,1.0,11.0,1.0,,,1.0,2.0,,1.0,3.0,5.0
1,1.0151397,1.0015785,99.0,1.0,7.0,2.0,2.0,2.0,2.0,3.0,4.0,3.0,3.0,8.0
1,0.5201809,0.5225018,5.0,1.0,11.0,1.0,2.0,3.0,2.0,3.0,2.0,2.0,2.0,5.0
1,0.554433,0.5744604,8.0,1.0,8.0,1.0,1.0,4.0,1.0,1.0,4.0,2.0,3.0,5.0
1,0.8947885,0.9912305,99.0,1.0,12.0,2.0,3.0,3.0,3.0,2.0,3.0,2.0,3.0,7.0
1,1.1435118,1.1339004,8.0,1.0,7.0,3.0,3.0,3.0,1.0,3.0,2.0,2.0,3.0,9.0
1,0.7458771,0.7015768,4.0,1.0,6.0,4.0,4.0,1.0,4.0,3.0,4.0,3.0,3.0,3.0
1,1.5755451,1.3851877,8.0,1.0,10.0,2.0,3.0,3.0,1.0,1.0,2.0,2.0,4.0,2.0
1,0.5859199,0.6094163,8.0,1.0,8.0,1.0,3.0,3.0,1.0,1.0,2.0,2.0,3.0,5.0
1,0.6870432,0.6820534,7.0,1.0,7.0,2.0,4.0,2.0,3.0,2.0,2.0,1.0,1.0,5.0
1,2.1203141,2.1836777,6.0,1.0,14.0,2.0,2.0,3.0,2.0,2.0,1.0,2.0,3.0,5.0
1,0.8113745,0.940358,3.0,1.0,6.0,3.0,4.0,3.0,4.0,4.0,2.0,4.0,2.0,8.0
1,0.6864277,0.6802295,8.0,1.0,11.0,1.0,1.0,2.0,1.0,2.0,2.0,1.0,3.0,8.0
1,0.581854,0.5822287,8.0,1.0,11.0,1.0,3.0,2.0,2.0,2.0,3.0,3.0,2.0,7.0
1,0.8697729,0.8615185,3.0,1.0,7.0,,4.0,2.0,,3.0,2.0,2.0,,5.0
1,0.8345348,0.9269348,4.0,1.0,4.0,2.0,3.0,1.0,2.0,3.0,2.0,1.0,2.0,7.0
1,0.9954857,0.9928774,7.0,1.0,7.0,2.0,3.0,3.0,2.0,2.0,2.0,2.0,3.0,5.0
1,0.6169461,0.6170918,7.0,1.0,11.0,2.0,3.0,3.0,1.0,2.0,1.0,2.0,3.0,5.0
1,1.0714412,1.0711213,9.0,1.0,11.0,2.0,1.0,1.0,1.0,2.0,2.0,2.0,1.0,7.0
1,1.0285898,1.0200047,4.0,1.0,7.0,4.0,4.0,4.0,2.0,3.0,2.0,2.0,2.0,5.0
1,0.8199992,0.9010701,2.0,1.0,4.0,3.0,2.0,3.0,3.0,3.0,3.0,3.0,2.0,7.0
1,1.4096056,1.4230338,8.0,1.0,10.0,1.0,1.0,4.0,1.0,1.0,2.0,3.0,4.0,5.0
1,2.0022469,2.0659242,99.0,1.0,13.0,1.0,4.0,3.0,1.0,2.0,1.0,2.0,3.0,4.0
1,1.0084716,0.9508644,3.0,1.0,6.0,3.0,3.0,2.0,4.0,2.0,4.0,2.0,2.0,8.0
1,0.5080836,0.5089546,10.0,1.0,11.0,1.0,1.0,4.0,1.0,1.0,4.0,3.0,1.0,7.0
1,1.5761663,1.5774161,8.0,1.0,10.0,1.0,3.0,4.0,1.0,1.0,1.0,2.0,4.0,8.0
1,1.3422348,1.3880998,99.0,3.0,,1.0,3.0,3.0,1.0,4.0,3.0,4.0,1.0,9.0
1,0.9158607,0.9193218,5.0,1.0,11.0,1.0,1.0,4.0,1.0,2.0,4.0,4.0,1.0,5.0
1,0.5741505,0.5719148,7.0,1.0,11.0,,3.0,2.0,2.0,2.0,4.0,2.0,3.0,6.0
1,1.8532448,1.6577036,0.0,1.0,4.0,4.0,4.0,1.0,1.0,4.0,4.0,1.0,4.0,10.0
1,0.7326574,0.7366623,10.0,1.0,11.0,1.0,1.0,2.0,1.0,2.0,2.0,2.0,2.0,7.0
1,0.9021564,0.9030223,6.0,1.0,7.0,2.0,2.0,2.0,2.0,1.0,2.0,2.0,2.0,6.0
1,0.6179206,0.6104251,2.0,1.0,11.0,1.0,3.0,4.0,1.0,1.0,2.0,3.0,2.0,9.0
1,1.2243043,1.361196,2.0,1.0,12.0,1.0,2.0,4.0,2.0,1.0,4.0,1.0,2.0,5.0
1,1.8596811,1.9169877,99.0,1.0,13.0,2.0,4.0,3.0,2.0,2.0,3.0,3.0,2.0,6.0
1,0.8646948,0.8653589,8.0,1.0,10.0,1.0,3.0,3.0,1.0,2.0,1.0,2.0,4.0,1.0
1,0.8418298,0.7560846,8.0,1.0,8.0,2.0,4.0,3.0,2.0,1.0,4.0,2.0,3.0,2.0
1,0.466189,0.5320743,4.0,1.0,5.0,1.0,2.0,1.0,1.0,2.0,1.0,1.0,4.0,8.0
1,0.7963695,0.7964777,99.0,1.0,7.0,2.0,2.0,2.0,2.0,3.0,4.0,1.0,2.0,7.0
1,2.0742569,1.8567486,2.0,1.0,4.0,1.0,1.0,3.0,1.0,2.0,2.0,2.0,1.0,7.0
1,1.1501293,1.1306632,6.0,1.0,7.0,1.0,,2.0,,3.0,2.0,2.0,,5.0
1,2.2719266,1.8905779,7.0,1.0,13.0,2.0,1.0,3.0,1.0,2.0,3.0,2.0,,7.0
1,1.2173947,1.2386013,7.0,1.0,10.0,1.0,3.0,2.0,1.0,2.0,3.0,4.0,3.0,
1,1.4390273,1.5040303,3.0,1.0,4.0,3.0,1.0,4.0,1.0,3.0,4.0,4.0,1.0,10.0
1,0.9406173,0.9651311,6.0,3.0,,2.0,3.0,2.0,2.0,2.0,2.0,2.0,2.0,8.0
1,0.7750714,0.8271186,8.0,1.0,11.0,1.0,1.0,4.0,1.0,1.0,2.0,2.0,2.0,9.0
1,1.7053709,1.7286527,99.0,1.0,10.0,1.0,4.0,4.0,2.0,1.0,1.0,1.0,4.0,2.0
1,1.2370443,1.2792847,99.0,1.0,12.0,1.0,3.0,4.0,2.0,1.0,2.0,2.0,2.0,9.0
1,1.1719953,1.1728342,1.0,1.0,11.0,2.0,1.0,3.0,2.0,2.0,2.0,2.0,1.0,8.0
1,1.8989408,1.971882,4.0,3.0,,3.0,3.0,2.0,3.0,3.0,3.0,2.0,2.0,5.0
1,0.6903499,0.6859718,5.0,1.0,7.0,2.0,2.0,2.0,2.0,3.0,2.0,1.0,3.0,8.0
1,1.1509782,1.1919894,99.0,1.0,13.0,2.0,4.0,2.0,2.0,3.0,2.0,4.0,1.0,5.0
1,0.5793536,0.5793836,3.0,1.0,7.0,4.0,4.0,2.0,2.0,4.0,1.0,2.0,2.0,4.0
1,0.4201175,0.422461,8.0,1.0,11.0,1.0,4.0,3.0,1.0,2.0,2.0,4.0,3.0,6.0
1,0.428548,0.4245889,4.0,1.0,7.0,2.0,4.0,3.0,1.0,2.0,2.0,1.0,2.0,8.0
1,1.295918,1.1718214,4.0,1.0,12.0,3.0,4.0,3.0,1.0,3.0,3.0,3.0,1.0,4.0
1,1.3797557,1.5275841,2.0,1.0,4.0,4.0,4.0,4.0,4.0,4.0,4.0,4.0,1.0,5.0
1,1.055846,1.0437534,4.0,1.0,7.0,2.0,1.0,3.0,2.0,3.0,2.0,2.0,4.0,7.0
1,2.0753992,1.7298237,5.0,1.0,13.0,1.0,4.0,4.0,1.0,1.0,2.0,3.0,4.0,6.0
1,0.8626117,0.8786222,8.0,1.0,10.0,1.0,1.0,4.0,1.0,1.0,2.0,2.0,4.0,8.0
1,1.1041827,1.1200106,10.0,2.0,,2.0,2.0,1.0,1.0,2.0,1.0,2.0,1.0,9.0
1,0.5118497,0.4621541,6.0,1.0,8.0,3.0,4.0,2.0,1.0,3.0,2.0,3.0,2.0,3.0
1,0.4629267,0.4635433,9.0,1.0,11.0,1.0,2.0,3.0,4.0,1.0,1.0,4.0,3.0,10.0
1,1.2853876,1.4272764,7.0,1.0,4.0,,4.0,2.0,2.0,3.0,4.0,1.0,2.0,9.0
1,1.9678177,1.7531875,2.0,1.0,4.0,3.0,4.0,2.0,3.0,4.0,3.0,3.0,2.0,8.0
1,0.9954857,0.9928774,6.0,1.0,7.0,2.0,4.0,4.0,3.0,2.0,1.0,2.0,4.0,0.0
1,0.8663234,0.8634615,7.0,1.0,9.0,1.0,3.0,4.0,1.0,1.0,2.0,2.0,4.0,8.0
1,1.055846,1.0437534,6.0,1.0,7.0,3.0,4.0,2.0,1.0,3.0,3.0,1.0,2.0,7.0
1,0.8493124,0.8500732,5.0,1.0,7.0,1.0,3.0,4.0,1.0,1.0,1.0,2.0,3.0,5.0
1,0.3692739,0.3315504,3.0,1.0,3.0,4.0,4.0,2.0,4.0,3.0,4.0,4.0,2.0,5.0
1,0.4791858,0.4706517,5.0,1.0,7.0,2.0,3.0,3.0,1.0,1.0,2.0,2.0,2.0,3.0
1,0.7326574,0.7366623,7.0,1.0,11.0,2.0,3.0,3.0,2.0,3.0,3.0,2.0,2.0,3.0
1,1.6619174,1.5040303,3.0,1.0,4.0,3.0,1.0,2.0,1.0,4.0,1.0,2.0,1.0,10.0
1,1.1741326,1.2122909,5.0,1.0,13.0,,4.0,,2.0,3.0,4.0,,2.0,8.0
1,1.2656516,1.1358516,3.0,1.0,4.0,1.0,1.0,1.0,1.0,1.0,1.0,1.0,1.0,10.0
1,1.163151,1.2093693,99.0,1.0,13.0,1.0,1.0,1.0,1.0,1.0,1.0,1.0,1.0,3.0
1,0.7609761,0.8429834,5.0,1.0,12.0,1.0,1.0,4.0,1.0,2.0,4.0,2.0,1.0,6.0
1,1.5436192,1.699156,3.0,1.0,4.0,2.0,4.0,3.0,2.0,3.0,,4.0,,
1,1.0293145,1.019444,99.0,1.0,7.0,3.0,4.0,2.0,2.0,4.0,4.0,1.0,3.0,9.0
1,1.3759902,1.4153001,6.0,3.0,,2.0,3.0,1.0,3.0,3.0,2.0,1.0,2.0,7.0
1,1.074643,1.0924629,4.0,1.0,10.0,2.0,1.0,3.0,1.0,3.0,3.0,2.0,2.0,10.0
1,0.9971461,0.9374282,3.0,1.0,6.0,3.0,4.0,2.0,2.0,3.0,3.0,3.0,,4.0
1,2.0454297,1.7780489,6.0,1.0,10.0,2.0,2.0,4.0,1.0,2.0,1.0,2.0,3.0,1.0
1,1.7893778,1.7818092,4.0,1.0,7.0,2.0,3.0,2.0,2.0,3.0,2.0,2.0,3.0,4.0
1,1.2412338,1.3377144,10.0,1.0,10.0,2.0,2.0,4.0,4.0,3.0,2.0,3.0,3.0,8.0
1,0.2517723,0.2827011,1.0,1.0,1.0,4.0,4.0,2.0,3.0,4.0,3.0,4.0,1.0,8.0
1,0.5252949,0.5644811,7.0,1.0,11.0,1.0,,1.0,1.0,3.0,3.0,1.0,4.0,6.0
1,1.1201365,1.1139948,5.0,1.0,7.0,1.0,2.0,3.0,1.0,3.0,2.0,2.0,2.0,7.0
1,0.4182973,0.3906725,4.0,1.0,5.0,4.0,3.0,1.0,4.0,4.0,4.0,4.0,3.0,5.0
1,1.0550275,1.0524791,9.0,1.0,11.0,1.0,3.0,1.0,1.0,1.0,2.0,1.0,3.0,3.0
1,0.5382335,0.4994026,2.0,1.0,5.0,4.0,4.0,1.0,2.0,4.0,4.0,3.0,1.0,8.0
1,0.6877977,0.6880531,7.0,1.0,9.0,4.0,4.0,2.0,1.0,4.0,2.0,4.0,2.0,8.0
1,0.5146484,0.5153034,10.0,1.0,11.0,1.0,1.0,4.0,1.0,1.0,2.0,1.0,1.0,10.0
1,2.3423822,2.4056935,3.0,3.0,,1.0,2.0,4.0,2.0,2.0,2.0,3.0,1.0,7.0
1,0.9249409,0.8383327,6.0,1.0,8.0,3.0,3.0,3.0,2.0,3.0,2.0,3.0,3.0,5.0
1,1.2479358,1.2421137,8.0,1.0,7.0,3.0,4.0,2.0,2.0,3.0,1.0,2.0,3.0,5.0
1,0.5134705,0.5932691,4.0,1.0,6.0,3.0,4.0,4.0,3.0,2.0,2.0,4.0,3.0,5.0
1,1.1105807,1.1019552,6.0,1.0,7.0,1.0,3.0,3.0,2.0,2.0,2.0,2.0,3.0,
1,1.8531265,1.919911,5.0,1.0,4.0,2.0,2.0,2.0,2.0,2.0,3.0,2.0,2.0,8.0
1,1.1993096,1.2356277,99.0,1.0,13.0,3.0,1.0,2.0,3.0,3.0,3.0,1.0,1.0,
1,1.0985699,1.1068494,7.0,1.0,10.0,1.0,2.0,3.0,2.0,2.0,2.0,3.0,,3.0
1,0.4182973,0.3906725,6.0,1.0,5.0,3.0,4.0,2.0,3.0,4.0,3.0,3.0,3.0,5.0
1,0.501669,0.4748401,4.0,1.0,6.0,2.0,2.0,2.0,2.0,4.0,2.0,1.0,2.0,7.0
1,0.6811305,0.759333,9.0,1.0,12.0,1.0,2.0,3.0,2.0,2.0,3.0,2.0,2.0,7.0
1,1.5947829,1.7464552,2.0,1.0,4.0,3.0,2.0,2.0,1.0,4.0,3.0,3.0,2.0,8.0
1,1.8578663,1.5581195,99.0,1.0,13.0,4.0,3.0,2.0,4.0,4.0,,3.0,,5.0
1,1.5885,1.5738786,5.0,1.0,7.0,3.0,4.0,2.0,3.0,4.0,3.0,4.0,3.0,5.0
1,1.0697609,1.0667859,6.0,1.0,7.0,2.0,4.0,4.0,2.0,2.0,1.0,2.0,3.0,3.0
1,0.846472,0.838892,5.0,1.0,11.0,1.0,4.0,2.0,2.0,2.0,4.0,2.0,2.0,8.0
1,0.5768207,0.5766114,99.0,1.0,11.0,1.0,1.0,3.0,1.0,1.0,2.0,1.0,3.0,7.0
1,2.4522088,2.485846,9.0,1.0,10.0,1.0,1.0,4.0,1.0,1.0,2.0,2.0,2.0,5.0
1,1.1435118,1.1339004,7.0,1.0,7.0,3.0,4.0,4.0,2.0,3.0,2.0,3.0,2.0,4.0
1,0.2897494,0.2610907,4.0,1.0,3.0,2.0,2.0,1.0,1.0,2.0,1.0,2.0,2.0,7.0
1,0.796424,0.6992189,9.0,1.0,11.0,1.0,1.0,4.0,1.0,1.0,2.0,1.0,2.0,3.0
1,0.5146484,0.5153034,99.0,1.0,11.0,,,4.0,1.0,4.0,4.0,1.0,2.0,8.0
1,0.8463053,0.8432674,4.0,1.0,11.0,3.0,3.0,3.0,2.0,2.0,3.0,3.0,3.0,2.0
1,0.9078652,0.9035536,6.0,1.0,7.0,2.0,2.0,3.0,2.0,2.0,3.0,2.0,2.0,7.0
1,0.7567952,0.7574275,7.0,1.0,7.0,2.0,2.0,2.0,1.0,4.0,2.0,3.0,1.0,9.0
1,0.9018376,0.8454378,3.0,1.0,6.0,4.0,3.0,4.0,2.0,3.0,3.0,3.0,3.0,5.0
1,0.693823,0.6886505,3.0,1.0,7.0,1.0,4.0,2.0,1.0,3.0,3.0,2.0,1.0,6.0
1,0.9130973,0.9039498,3.0,1.0,7.0,3.0,4.0,2.0,1.0,4.0,1.0,1.0,2.0,5.0
1,1.0432199,1.0371687,8.0,1.0,7.0,2.0,2.0,2.0,3.0,1.0,2.0,2.0,2.0,7.0
1,1.8460919,1.9140743,99.0,1.0,13.0,2.0,2.0,2.0,2.0,3.0,2.0,1.0,2.0,7.0
1,0.7040191,0.8650085,8.0,1.0,7.0,3.0,4.0,,2.0,4.0,2.0,3.0,3.0,3.0
1,0.4165173,0.3759445,4.0,1.0,3.0,3.0,4.0,3.0,4.0,4.0,3.0,3.0,1.0,8.0
1,1.2559665,1.1764108,2.0,1.0,6.0,2.0,1.0,1.0,1.0,2.0,2.0,2.0,1.0,8.0
1,1.0309356,1.0187436,7.0,1.0,7.0,2.0,2.0,3.0,1.0,3.0,3.0,2.0,2.0,4.0
1,1.2635212,1.2821739,8.0,1.0,10.0,1.0,1.0,4.0,1.0,1.0,1.0,3.0,3.0,7.0
1,0.5489303,0.5476071,99.0,1.0,11.0,1.0,4.0,1.0,3.0,1.0,3.0,1.0,1.0,9.0
1,0.7214317,0.72425,10.0,1.0,11.0,1.0,1.0,2.0,1.0,2.0,1.0,2.0,2.0,8.0
1,0.7690094,0.6917953,6.0,1.0,8.0,3.0,4.0,2.0,2.0,3.0,2.0,3.0,3.0,8.0
1,1.3533087,1.4561661,10.0,1.0,10.0,1.0,1.0,3.0,1.0,2.0,1.0,1.0,2.0,7.0
1,1.1234627,1.0750347,5.0,1.0,,2.0,2.0,1.0,1.0,3.0,4.0,1.0,1.0,8.0
1,0.6526682,0.6517877,99.0,1.0,11.0,2.0,1.0,3.0,2.0,2.0,3.0,3.0,2.0,7.0
1,1.8485748,1.8674757,8.0,1.0,10.0,2.0,3.0,4.0,1.0,1.0,1.0,2.0,4.0,0.0
1,1.0719768,1.1905986,8.0,1.0,4.0,1.0,2.0,2.0,1.0,1.0,2.0,1.0,2.0,7.0
1,1.1641517,1.1657276,99.0,1.0,7.0,2.0,4.0,2.0,2.0,2.0,3.0,1.0,2.0,8.0
1,0.4774806,0.50002,7.0,1.0,8.0,1.0,2.0,3.0,1.0,2.0,4.0,2.0,2.0,10.0
1,1.0285898,1.0200047,5.0,1.0,7.0,2.0,1.0,3.0,1.0,3.0,2.0,2.0,1.0,8.0
1,0.8079035,0.7570038,3.0,1.0,6.0,3.0,4.0,1.0,2.0,3.0,3.0,2.0,3.0,8.0
1,0.434879,0.435476,9.0,1.0,11.0,1.0,1.0,4.0,1.0,1.0,1.0,2.0,4.0,4.0
1,0.7555829,0.8424357,8.0,1.0,8.0,1.0,1.0,3.0,1.0,1.0,2.0,2.0,4.0,7.0
1,0.6429639,0.6434083,8.0,1.0,11.0,1.0,2.0,3.0,1.0,1.0,1.0,1.0,1.0,8.0
1,0.2769911,0.3144715,8.0,1.0,1.0,2.0,1.0,2.0,1.0,1.0,3.0,3.0,1.0,9.0
1,0.6634184,0.6647359,5.0,1.0,7.0,3.0,4.0,2.0,3.0,3.0,3.0,2.0,2.0,7.0
1,0.7728263,0.7217312,4.0,1.0,5.0,2.0,3.0,2.0,3.0,3.0,3.0,3.0,2.0,5.0
1,0.4543202,0.4541756,8.0,1.0,11.0,3.0,3.0,3.0,1.0,4.0,2.0,2.0,4.0,9.0
1,1.36471,1.5133311,3.0,1.0,4.0,4.0,4.0,3.0,4.0,4.0,4.0,4.0,1.0,9.0
1,0.7946638,0.8512884,6.0,2.0,,2.0,3.0,1.0,2.0,2.0,1.0,3.0,2.0,7.0
1,0.8604258,0.8095531,6.0,1.0,6.0,2.0,4.0,3.0,1.0,2.0,4.0,4.0,1.0,6.0
1,0.7402691,0.7690425,7.0,1.0,8.0,1.0,3.0,3.0,1.0,2.0,4.0,2.0,3.0,6.0
1,0.4295902,0.459186,99.0,1.0,9.0,1.0,1.0,1.0,1.0,1.0,1.0,1.0,1.0,5.0
1,1.1259909,1.1147949,7.0,1.0,7.0,1.0,1.0,2.0,1.0,1.0,2.0,1.0,2.0,9.0
1,0.6016241,0.6050274,8.0,1.0,9.0,2.0,1.0,2.0,1.0,3.0,1.0,1.0,2.0,8.0
1,0.3582477,0.3666977,99.0,1.0,2.0,,2.0,,2.0,3.0,4.0,2.0,2.0,8.0
1,1.5224935,1.6795861,0.0,1.0,4.0,4.0,4.0,3.0,4.0,4.0,4.0,4.0,1.0,10.0
1,1.9651837,2.1621161,1.0,1.0,4.0,3.0,4.0,2.0,1.0,4.0,3.0,1.0,3.0,8.0
1,2.0338953,1.9769547,8.0,3.0,,1.0,2.0,4.0,3.0,1.0,3.0,3.0,4.0,5.0
1,0.4200008,0.3940063,4.0,1.0,5.0,3.0,4.0,,3.0,4.0,,,,5.0
1,0.862748,0.8674006,10.0,1.0,11.0,1.0,3.0,3.0,1.0,1.0,2.0,2.0,2.0,9.0
1,0.7578837,0.7525228,6.0,1.0,7.0,2.0,4.0,3.0,2.0,3.0,2.0,2.0,4.0,4.0
1,0.752465,0.679739,9.0,1.0,8.0,1.0,1.0,4.0,1.0,1.0,2.0,1.0,3.0,7.0
1,1.1403197,1.1781372,6.0,1.0,13.0,3.0,3.0,2.0,4.0,3.0,4.0,2.0,2.0,
1,0.5461212,0.6347723,4.0,1.0,6.0,2.0,,4.0,2.0,2.0,,3.0,,5.0
1,0.7733399,0.7773904,5.0,1.0,7.0,2.0,2.0,1.0,1.0,3.0,3.0,3.0,2.0,8.0
1,0.5903413,0.5550454,3.0,1.0,6.0,3.0,2.0,2.0,3.0,3.0,2.0,2.0,2.0,6.0
1,1.4926845,1.5457605,2.0,1.0,4.0,2.0,4.0,3.0,3.0,3.0,4.0,3.0,1.0,5.0
1,1.9077339,1.6896763,2.0,1.0,4.0,4.0,4.0,2.0,,2.0,4.0,4.0,2.0,7.0
1,1.5399433,1.5799122,6.0,3.0,,2.0,2.0,2.0,2.0,2.0,2.0,3.0,2.0,6.0
1,0.9326718,0.9168168,5.0,1.0,7.0,3.0,2.0,2.0,2.0,3.0,2.0,2.0,3.0,7.0
1,0.8329937,0.8312305,9.0,1.0,7.0,2.0,1.0,4.0,2.0,3.0,1.0,2.0,4.0,6.0
1,0.9849287,0.9764919,4.0,1.0,7.0,3.0,3.0,2.0,3.0,3.0,3.0,4.0,2.0,7.0
1,0.599261,0.6223732,7.0,1.0,3.0,1.0,3.0,1.0,2.0,2.0,2.0,2.0,2.0,7.0
1,0.8506503,0.878763,99.0,1.0,13.0,1.0,1.0,2.0,2.0,1.0,2.0,1.0,1.0,5.0
1,0.693823,0.6886505,4.0,1.0,7.0,4.0,4.0,2.0,4.0,4.0,4.0,2.0,2.0,7.0
1,0.6365811,0.7097045,1.0,1.0,3.0,3.0,4.0,2.0,2.0,4.0,4.0,3.0,1.0,5.0
1,0.4143114,0.4605088,2.0,1.0,3.0,3.0,4.0,2.0,2.0,3.0,4.0,3.0,1.0,8.0
1,0.707935,0.7347835,6.0,1.0,8.0,1.0,2.0,3.0,1.0,2.0,1.0,1.0,2.0,0.0
1,1.0917884,1.2131027,3.0,1.0,4.0,3.0,3.0,2.0,3.0,3.0,3.0,3.0,2.0,4.0
1,0.8113745,0.940358,4.0,1.0,6.0,2.0,2.0,3.0,2.0,2.0,2.0,3.0,2.0,7.0
1,1.935733,1.7282766,0.0,1.0,4.0,4.0,3.0,3.0,2.0,3.0,3.0,3.0,3.0,7.0
1,0.6069838,0.6063394,10.0,1.0,11.0,1.0,1.0,4.0,1.0,1.0,2.0,1.0,1.0,8.0
1,0.3361601,0.3458448,6.0,1.0,2.0,2.0,2.0,2.0,3.0,2.0,3.0,3.0,1.0,4.0
1,0.9802329,0.9761479,6.0,1.0,7.0,2.0,1.0,2.0,1.0,3.0,2.0,2.0,2.0,8.0
1,0.3618686,0.3218895,4.0,1.0,2.0,3.0,4.0,3.0,2.0,3.0,3.0,4.0,1.0,6.0
1,0.6570571,0.700152,6.0,1.0,9.0,1.0,,4.0,2.0,1.0,2.0,1.0,,5.0
1,0.6829753,0.6795575,9.0,1.0,11.0,1.0,2.0,4.0,1.0,1.0,2.0,2.0,3.0,7.0
1,0.6349912,0.634626,2.0,1.0,11.0,1.0,1.0,3.0,1.0,2.0,3.0,3.0,1.0,7.0
1,1.2837791,1.4151355,0.0,1.0,4.0,1.0,3.0,3.0,1.0,3.0,2.0,3.0,2.0,5.0
1,1.163151,1.2093693,99.0,3.0,,1.0,1.0,3.0,1.0,1.0,4.0,3.0,3.0,7.0
1,0.3163223,0.327884,7.0,1.0,2.0,2.0,2.0,2.0,2.0,2.0,2.0,3.0,3.0,7.0
1,0.5793536,0.5793836,5.0,1.0,7.0,2.0,4.0,2.0,2.0,3.0,3.0,2.0,3.0,8.0
1,0.578019,0.5866675,10.0,1.0,11.0,1.0,1.0,1.0,1.0,1.0,2.0,2.0,1.0,9.0
1,0.9402763,0.9327615,5.0,1.0,7.0,3.0,4.0,3.0,2.0,3.0,2.0,1.0,2.0,3.0
1,0.6120073,0.6584162,8.0,1.0,5.0,4.0,4.0,4.0,4.0,2.0,4.0,4.0,4.0,8.0
1,1.6193883,1.6710385,99.0,3.0,,2.0,,3.0,2.0,3.0,4.0,,,5.0
1,0.4132684,0.4141252,99.0,1.0,11.0,1.0,1.0,1.0,3.0,1.0,1.0,1.0,1.0,5.0
1,0.8594741,0.8577195,10.0,1.0,11.0,1.0,2.0,3.0,2.0,1.0,2.0,2.0,1.0,3.0
1,0.7302316,0.7790349,7.0,2.0,,3.0,2.0,2.0,2.0,2.0,2.0,2.0,2.0,8.0
1,1.6034127,1.6156285,7.0,1.0,10.0,1.0,3.0,4.0,1.0,1.0,2.0,2.0,3.0,9.0
1,1.0096507,1.1216629,99.0,1.0,4.0,4.0,4.0,1.0,2.0,4.0,4.0,4.0,1.0,10.0
1,0.4917973,0.4885442,10.0,1.0,11.0,1.0,1.0,1.0,1.0,2.0,2.0,1.0,2.0,8.0
1,0.8634173,0.8602092,4.0,1.0,7.0,4.0,4.0,2.0,1.0,3.0,4.0,3.0,3.0,2.0
1,1.5623541,1.6019859,5.0,3.0,,1.0,2.0,3.0,2.0,2.0,3.0,3.0,2.0,10.0
1,0.3820638,0.4214402,3.0,1.0,2.0,2.0,1.0,2.0,1.0,2.0,2.0,1.0,2.0,7.0
1,0.3862882,0.4501066,5.0,1.0,6.0,4.0,4.0,2.0,1.0,3.0,4.0,1.0,2.0,9.0
1,1.0061053,0.9383179,7.0,1.0,6.0,3.0,4.0,2.0,4.0,4.0,3.0,3.0,2.0,8.0
1,1.7102029,1.7329035,10.0,1.0,10.0,1.0,1.0,4.0,1.0,1.0,1.0,2.0,3.0,3.0
1,2.0334027,2.1013305,7.0,1.0,13.0,2.0,2.0,3.0,,2.0,2.0,2.0,3.0,5.0
1,1.611423,1.6660702,8.0,3.0,,1.0,2.0,2.0,1.0,2.0,2.0,1.0,3.0,7.0
1,1.228815,1.2211848,,1.0,7.0,3.0,4.0,2.0,2.0,3.0,3.0,2.0,2.0,3.0
1,0.4755171,0.5362837,6.0,1.0,8.0,3.0,4.0,3.0,3.0,2.0,2.0,2.0,2.0,7.0
1,0.5517967,0.5886381,4.0,1.0,11.0,1.0,1.0,2.0,2.0,1.0,2.0,2.0,2.0,7.0
1,0.3398708,0.3072152,3.0,1.0,3.0,4.0,4.0,4.0,4.0,4.0,4.0,4.0,2.0,7.0
1,0.3669574,0.327884,7.0,1.0,2.0,2.0,2.0,1.0,2.0,1.0,2.0,2.0,2.0,7.0
1,1.5115575,1.5443186,99.0,3.0,,2.0,2.0,2.0,2.0,3.0,2.0,2.0,2.0,5.0
1,1.2444099,1.2390668,5.0,1.0,7.0,3.0,4.0,3.0,1.0,4.0,2.0,2.0,2.0,5.0
1,0.5808771,0.5183744,7.0,1.0,8.0,2.0,4.0,,1.0,2.0,2.0,2.0,,1.0
1,1.3290235,1.3759038,99.0,3.0,,2.0,4.0,3.0,2.0,3.0,4.0,2.0,3.0,5.0
1,0.4751936,0.4743359,10.0,1.0,11.0,1.0,1.0,3.0,1.0,1.0,4.0,1.0,3.0,5.0
1,1.4234637,1.5373648,8.0,1.0,10.0,1.0,3.0,3.0,2.0,1.0,1.0,2.0,3.0,4.0
1,0.4759184,0.525917,1.0,1.0,3.0,3.0,4.0,3.0,4.0,4.0,4.0,4.0,1.0,7.0
1,1.2757211,1.258471,6.0,1.0,7.0,1.0,1.0,3.0,1.0,3.0,1.0,1.0,3.0,8.0
1,1.6127446,1.3398438,5.0,3.0,,2.0,1.0,2.0,2.0,1.0,2.0,2.0,3.0,7.0
1,1.4335005,1.418537,10.0,1.0,7.0,1.0,1.0,3.0,1.0,3.0,1.0,1.0,1.0,8.0
1,0.731281,0.7274699,6.0,1.0,7.0,3.0,4.0,3.0,2.0,3.0,2.0,2.0,3.0,8.0
1,0.6923577,0.7690425,5.0,1.0,8.0,2.0,2.0,3.0,2.0,3.0,3.0,2.0,3.0,
1,0.7127271,0.7114154,10.0,1.0,11.0,1.0,2.0,4.0,1.0,1.0,3.0,2.0,3.0,6.0
1,0.2383178,0.2623746,1.0,1.0,2.0,4.0,4.0,2.0,3.0,4.0,3.0,4.0,2.0,9.0
1,0.9424207,0.9316083,6.0,1.0,7.0,2.0,1.0,3.0,2.0,3.0,4.0,2.0,2.0,5.0
1,0.6739317,0.7362695,2.0,1.0,6.0,2.0,2.0,4.0,2.0,2.0,4.0,4.0,1.0,10.0
1,0.521601,0.5242628,5.0,1.0,11.0,1.0,1.0,4.0,1.0,1.0,1.0,3.0,4.0,4.0
1,0.7534481,0.8403692,9.0,1.0,8.0,2.0,4.0,4.0,1.0,4.0,1.0,1.0,4.0,1.0
1,1.5315334,1.5810611,5.0,1.0,13.0,2.0,1.0,3.0,2.0,2.0,1.0,3.0,3.0,0.0
1,1.0673528,1.1841861,4.0,1.0,12.0,1.0,3.0,4.0,2.0,2.0,2.0,2.0,4.0,2.0
1,1.1259909,1.1147949,7.0,1.0,7.0,2.0,2.0,2.0,2.0,3.0,3.0,2.0,3.0,9.0
1,1.6549901,1.3859295,5.0,1.0,13.0,2.0,4.0,2.0,1.0,3.0,2.0,3.0,3.0,7.0
1,1.0200781,1.0231844,7.0,2.0,,3.0,2.0,3.0,4.0,2.0,1.0,2.0,2.0,6.0
1,1.2918175,1.159618,3.0,1.0,4.0,3.0,1.0,2.0,2.0,4.0,3.0,3.0,1.0,1.0
1,1.899808,1.9310676,6.0,1.0,10.0,1.0,1.0,4.0,4.0,1.0,1.0,4.0,4.0,10.0
1,0.6713052,0.6720549,10.0,1.0,11.0,1.0,1.0,2.0,1.0,1.0,1.0,2.0,1.0,8.0
1,0.9219919,0.9190389,5.0,1.0,7.0,3.0,4.0,3.0,2.0,3.0,4.0,3.0,3.0,1.0
1,1.5318142,1.3699154,2.0,1.0,4.0,4.0,4.0,2.0,2.0,4.0,2.0,4.0,3.0,6.0
1,0.9351059,0.9345039,5.0,1.0,7.0,4.0,4.0,3.0,2.0,4.0,3.0,3.0,2.0,6.0
1,0.9537733,0.8535297,6.0,1.0,8.0,2.0,2.0,3.0,2.0,2.0,2.0,2.0,3.0,6.0
1,0.6482918,0.6131468,7.0,1.0,6.0,2.0,3.0,3.0,1.0,2.0,2.0,3.0,2.0,6.0
1,0.8053027,0.7973664,6.0,1.0,7.0,2.0,4.0,2.0,2.0,2.0,2.0,1.0,3.0,8.0
1,0.4920419,0.4934019,9.0,1.0,11.0,1.0,1.0,4.0,1.0,1.0,3.0,2.0,3.0,7.0
1,0.5964962,0.6013874,7.0,1.0,11.0,2.0,1.0,3.0,1.0,3.0,2.0,2.0,3.0,5.0
1,0.9043831,0.9060543,9.0,1.0,11.0,1.0,1.0,4.0,1.0,1.0,2.0,1.0,4.0,2.0
1,1.2405272,1.271565,2.0,1.0,13.0,3.0,4.0,4.0,2.0,3.0,4.0,4.0,2.0,5.0
1,0.7946629,0.8001221,4.0,1.0,7.0,2.0,4.0,2.0,2.0,2.0,3.0,2.0,2.0,
1,1.0285898,1.0200047,3.0,1.0,7.0,1.0,1.0,3.0,1.0,1.0,1.0,1.0,4.0,3.0
1,0.3830615,0.3437243,5.0,1.0,3.0,2.0,2.0,2.0,4.0,4.0,2.0,2.0,2.0,6.0
1,1.163151,1.2093693,99.0,3.0,,2.0,4.0,2.0,1.0,3.0,3.0,3.0,1.0,5.0
1,1.1150687,1.1180823,7.0,2.0,,2.0,1.0,2.0,2.0,2.0,2.0,2.0,1.0,8.0
1,0.6650648,0.6653958,6.0,1.0,11.0,2.0,2.0,2.0,2.0,2.0,1.0,3.0,2.0,6.0
1,1.4436169,1.2962171,3.0,1.0,4.0,3.0,2.0,2.0,2.0,2.0,1.0,2.0,2.0,6.0
1,1.7244232,1.7220944,,2.0,,4.0,4.0,1.0,3.0,4.0,3.0,4.0,1.0,10.0
1,1.731711,1.7545428,99.0,1.0,13.0,4.0,4.0,4.0,4.0,4.0,4.0,4.0,4.0,5.0
1,0.39983,0.4024779,99.0,1.0,11.0,1.0,1.0,3.0,1.0,1.0,4.0,1.0,1.0,10.0
1,0.6634637,0.6580065,6.0,1.0,7.0,3.0,4.0,2.0,1.0,3.0,2.0,3.0,3.0,1.0
1,0.6367822,0.5872463,3.0,1.0,5.0,2.0,4.0,1.0,2.0,4.0,2.0,3.0,2.0,8.0
1,0.8376151,0.8386728,9.0,1.0,11.0,1.0,2.0,4.0,1.0,1.0,3.0,,,
1,1.4947898,1.5425973,3.0,3.0,,3.0,2.0,1.0,1.0,3.0,3.0,3.0,2.0,6.0
1,1.5577453,1.5602058,6.0,1.0,7.0,1.0,1.0,2.0,2.0,2.0,1.0,1.0,2.0,6.0
1,0.563808,0.5629232,3.0,1.0,7.0,4.0,1.0,1.0,4.0,4.0,4.0,3.0,1.0,9.0
1,0.9773903,1.0025818,6.0,3.0,,1.0,2.0,4.0,2.0,1.0,4.0,2.0,2.0,6.0
1,2.7215447,2.6459494,99.0,3.0,,2.0,2.0,3.0,2.0,2.0,3.0,3.0,2.0,5.0
1,0.7748625,0.8249964,8.0,1.0,9.0,1.0,1.0,1.0,1.0,2.0,1.0,1.0,4.0,0.0
1,0.5282751,0.5314565,10.0,1.0,11.0,1.0,1.0,4.0,2.0,1.0,2.0,2.0,2.0,3.0
1,0.219157,0.2420679,5.0,1.0,2.0,4.0,3.0,2.0,3.0,4.0,2.0,4.0,2.0,7.0
1,0.286702,0.3170297,5.0,1.0,2.0,4.0,4.0,3.0,4.0,4.0,3.0,4.0,2.0,5.0
1,0.9684057,0.9588494,5.0,1.0,7.0,2.0,1.0,2.0,1.0,2.0,2.0,2.0,2.0,7.0
1,0.8513087,0.8459737,1.0,1.0,7.0,2.0,4.0,3.0,1.0,2.0,3.0,2.0,3.0,8.0
1,1.05039,0.878763,4.0,3.0,,3.0,4.0,3.0,2.0,3.0,2.0,2.0,,8.0
1,1.5670975,1.5819324,10.0,1.0,10.0,1.0,1.0,1.0,3.0,1.0,2.0,1.0,4.0,8.0
1,0.7409542,0.7356113,6.0,1.0,11.0,1.0,2.0,2.0,2.0,2.0,2.0,1.0,1.0,7.0
1,0.5859199,0.6094163,7.0,1.0,8.0,2.0,1.0,3.0,2.0,3.0,1.0,2.0,4.0,4.0
1,0.747187,0.7476618,9.0,1.0,11.0,1.0,1.0,3.0,1.0,1.0,3.0,1.0,4.0,7.0
1,1.5430864,1.5552778,9.0,1.0,10.0,1.0,1.0,4.0,1.0,1.0,1.0,2.0,4.0,5.0
1,1.2862417,1.2425187,7.0,,,1.0,1.0,4.0,2.0,2.0,1.0,2.0,2.0,5.0
1,0.5986027,0.6019512,8.0,1.0,11.0,2.0,2.0,3.0,3.0,2.0,2.0,1.0,4.0,5.0
1,1.0739796,1.1132225,99.0,3.0,,2.0,4.0,4.0,1.0,3.0,1.0,3.0,1.0,7.0
1,1.2408315,1.1989572,8.0,1.0,13.0,1.0,1.0,4.0,1.0,1.0,2.0,2.0,2.0,1.0
1,0.6216078,0.627578,10.0,1.0,11.0,2.0,2.0,2.0,2.0,3.0,3.0,2.0,2.0,5.0
1,0.5981472,0.5911807,6.0,1.0,7.0,2.0,1.0,3.0,3.0,3.0,2.0,2.0,2.0,5.0
1,1.4335005,1.418537,4.0,1.0,7.0,3.0,4.0,2.0,3.0,3.0,3.0,2.0,2.0,6.0
1,1.4357789,1.4874581,4.0,3.0,,2.0,1.0,2.0,2.0,3.0,1.0,1.0,3.0,6.0
1,0.6146327,0.679298,8.0,1.0,8.0,1.0,1.0,4.0,1.0,1.0,3.0,2.0,4.0,2.0
1,1.2253431,1.2181892,6.0,1.0,7.0,2.0,,2.0,3.0,2.0,2.0,2.0,2.0,2.0
1,0.5718218,0.5670757,99.0,1.0,11.0,1.0,1.0,1.0,1.0,3.0,3.0,1.0,1.0,10.0
1,0.2898488,0.3194053,2.0,1.0,3.0,4.0,4.0,2.0,4.0,4.0,3.0,4.0,2.0,8.0
1,1.1593827,1.1725094,9.0,1.0,10.0,1.0,2.0,4.0,1.0,1.0,3.0,2.0,4.0,2.0
1,0.9273055,0.9194419,6.0,1.0,7.0,2.0,4.0,4.0,2.0,2.0,2.0,2.0,3.0,5.0
1,1.024164,0.9671605,6.0,1.0,6.0,1.0,1.0,4.0,1.0,2.0,4.0,1.0,2.0,6.0
1,0.8430099,0.7288803,9.0,1.0,11.0,1.0,3.0,3.0,1.0,1.0,1.0,3.0,1.0,9.0
1,0.8424424,0.8390405,99.0,1.0,11.0,2.0,2.0,3.0,3.0,2.0,3.0,1.0,3.0,5.0
1,0.626372,0.5853913,3.0,1.0,5.0,3.0,4.0,4.0,4.0,3.0,2.0,3.0,2.0,6.0
1,0.5400187,0.5464521,10.0,1.0,11.0,1.0,1.0,4.0,1.0,1.0,2.0,1.0,4.0,7.0
1,0.6222011,0.5858527,3.0,1.0,6.0,2.0,3.0,2.0,3.0,3.0,3.0,2.0,3.0,7.0
1,1.0419247,1.0672581,3.0,1.0,13.0,3.0,4.0,,3.0,2.0,4.0,3.0,2.0,8.0
1,0.9310212,1.0287681,6.0,1.0,4.0,2.0,2.0,2.0,2.0,2.0,2.0,2.0,2.0,6.0
1,0.9511625,0.9455914,99.0,1.0,11.0,3.0,2.0,1.0,3.0,2.0,2.0,2.0,2.0,5.0
1,0.381953,0.3793583,4.0,1.0,11.0,3.0,3.0,3.0,3.0,3.0,4.0,3.0,2.0,8.0
1,0.5818309,0.5770473,5.0,1.0,7.0,3.0,3.0,3.0,2.0,3.0,3.0,2.0,2.0,6.0
1,1.0259603,1.0492754,2.0,3.0,,2.0,2.0,3.0,1.0,2.0,2.0,4.0,2.0,8.0
1,1.1105807,1.1019552,7.0,1.0,7.0,3.0,3.0,2.0,3.0,3.0,3.0,3.0,3.0,3.0
1,0.8745037,0.8739393,7.0,1.0,11.0,1.0,1.0,4.0,1.0,1.0,2.0,1.0,4.0,3.0
1,1.1363314,1.1446744,99.0,1.0,10.0,1.0,2.0,3.0,2.0,2.0,2.0,1.0,4.0,9.0
1,0.7257977,0.7288976,5.0,1.0,11.0,1.0,1.0,1.0,3.0,3.0,1.0,1.0,2.0,6.0
1,0.8277508,0.7174398,5.0,1.0,11.0,1.0,1.0,3.0,1.0,3.0,2.0,1.0,1.0,3.0
1,1.3650501,1.360832,4.0,1.0,7.0,2.0,3.0,2.0,2.0,2.0,2.0,2.0,3.0,3.0
1,0.5894309,0.5918087,9.0,1.0,11.0,1.0,3.0,2.0,1.0,3.0,1.0,1.0,1.0,8.0
1,0.4106877,0.4251198,5.0,1.0,3.0,1.0,1.0,3.0,1.0,2.0,2.0,2.0,3.0,6.0
1,0.641333,0.5761077,3.0,1.0,3.0,4.0,4.0,2.0,3.0,3.0,4.0,2.0,2.0,5.0
1,1.7581367,1.8039945,99.0,3.0,,1.0,1.0,3.0,1.0,1.0,2.0,2.0,3.0,8.0
1,0.9847391,1.0158452,1.0,1.0,4.0,3.0,3.0,2.0,4.0,3.0,3.0,2.0,3.0,2.0
1,0.7332856,0.6335221,99.0,1.0,9.0,2.0,1.0,3.0,2.0,4.0,2.0,2.0,3.0,5.0
1,0.8684022,0.8667783,5.0,1.0,7.0,3.0,1.0,2.0,2.0,3.0,3.0,3.0,3.0,8.0
1,1.4335005,1.418537,8.0,1.0,7.0,1.0,1.0,3.0,1.0,1.0,2.0,1.0,4.0,7.0
1,1.942245,1.7497559,2.0,1.0,4.0,4.0,4.0,4.0,,4.0,4.0,4.0,1.0,10.0
1,0.3937038,0.3956963,9.0,1.0,11.0,1.0,4.0,4.0,1.0,1.0,2.0,1.0,1.0,8.0
1,0.8495289,0.8527853,8.0,1.0,11.0,2.0,2.0,4.0,,2.0,4.0,2.0,3.0,8.0
1,0.937274,0.9322857,99.0,1.0,7.0,3.0,4.0,2.0,1.0,2.0,1.0,1.0,2.0,4.0
1,0.7978387,0.8489127,99.0,1.0,9.0,2.0,1.0,3.0,2.0,2.0,3.0,2.0,3.0,7.0
1,1.3027139,1.3062807,5.0,1.0,11.0,1.0,2.0,4.0,3.0,2.0,1.0,2.0,1.0,5.0
1,0.9226399,0.9265318,5.0,1.0,7.0,1.0,3.0,4.0,3.0,2.0,4.0,3.0,3.0,1.0
1,1.4984258,1.5574626,99.0,3.0,,3.0,2.0,2.0,3.0,4.0,1.0,1.0,2.0,5.0
1,0.4906271,0.5103817,8.0,1.0,8.0,2.0,2.0,,1.0,1.0,2.0,2.0,,5.0
1,0.8960712,0.8926558,7.0,1.0,7.0,2.0,2.0,2.0,2.0,2.0,2.0,3.0,2.0,6.0
1,1.467432,1.4445366,8.0,1.0,7.0,2.0,1.0,1.0,1.0,2.0,1.0,1.0,2.0,9.0
1,1.0202821,1.026969,10.0,1.0,11.0,1.0,2.0,4.0,2.0,1.0,3.0,3.0,3.0,3.0
1,0.693823,0.6886505,9.0,1.0,7.0,2.0,1.0,3.0,1.0,2.0,1.0,2.0,3.0,4.0
1,0.4755171,0.5362837,7.0,1.0,8.0,1.0,4.0,4.0,1.0,1.0,1.0,1.0,2.0,7.0
1,1.0741535,1.0672358,6.0,1.0,7.0,3.0,4.0,3.0,3.0,4.0,2.0,2.0,3.0,4.0
1,0.4136805,0.4153428,10.0,1.0,11.0,1.0,1.0,1.0,1.0,4.0,2.0,4.0,1.0,10.0
1,0.5161295,0.4652449,7.0,1.0,8.0,2.0,2.0,3.0,1.0,2.0,2.0,2.0,4.0,0.0
1,0.7941294,0.7914576,5.0,1.0,7.0,4.0,4.0,2.0,2.0,3.0,2.0,2.0,2.0,5.0
1,1.1511465,1.0324888,99.0,1.0,4.0,4.0,4.0,1.0,1.0,2.0,4.0,4.0,1.0,0.0
1,1.2479358,1.2421137,99.0,1.0,7.0,3.0,3.0,2.0,2.0,3.0,,2.0,2.0,5.0
1,0.4878422,0.5242628,99.0,1.0,11.0,1.0,1.0,3.0,2.0,2.0,3.0,1.0,3.0,7.0
1,0.9995068,0.941994,4.0,1.0,6.0,2.0,3.0,2.0,2.0,3.0,3.0,3.0,3.0,6.0
1,1.6029086,1.651286,99.0,1.0,4.0,1.0,1.0,1.0,1.0,3.0,1.0,2.0,1.0,8.0
1,0.3412284,0.3103222,3.0,1.0,1.0,3.0,3.0,2.0,2.0,3.0,3.0,3.0,2.0,5.0
1,1.4267412,1.280975,2.0,1.0,4.0,3.0,3.0,2.0,3.0,4.0,2.0,2.0,1.0,6.0
1,1.0766143,1.0912919,7.0,1.0,10.0,1.0,2.0,3.0,2.0,1.0,1.0,1.0,3.0,8.0
1,0.9161089,0.8262095,99.0,1.0,8.0,,1.0,2.0,1.0,2.0,2.0,2.0,4.0,5.0
1,0.9662021,0.9600364,1.0,1.0,7.0,1.0,,4.0,2.0,2.0,2.0,3.0,2.0,8.0
1,0.7664217,0.8429737,2.0,1.0,4.0,4.0,4.0,1.0,4.0,4.0,3.0,4.0,1.0,10.0
1,1.9706721,1.7767872,5.0,1.0,4.0,4.0,4.0,4.0,4.0,2.0,3.0,3.0,4.0,8.0
1,0.4790439,0.5317929,3.0,1.0,3.0,4.0,4.0,2.0,3.0,3.0,4.0,3.0,2.0,8.0
1,1.3881651,1.3263633,99.0,3.0,,2.0,,,1.0,1.0,2.0,2.0,2.0,8.0
1,0.5309333,0.4791214,8.0,1.0,8.0,1.0,1.0,,2.0,3.0,1.0,1.0,4.0,7.0
1,0.9078652,0.9035536,5.0,1.0,7.0,3.0,4.0,2.0,2.0,3.0,4.0,3.0,3.0,8.0
1,0.9221026,0.9128086,7.0,1.0,7.0,1.0,2.0,2.0,1.0,2.0,2.0,2.0,2.0,7.0
1,0.6851935,0.6868052,9.0,1.0,11.0,1.0,1.0,4.0,1.0,1.0,2.0,1.0,4.0,3.0
1,0.9043831,0.9060543,5.0,1.0,11.0,1.0,2.0,4.0,1.0,1.0,3.0,3.0,2.0,6.0
1,0.39983,0.4024779,10.0,1.0,11.0,1.0,2.0,3.0,1.0,1.0,3.0,2.0,3.0,6.0
1,0.8917422,0.9807158,7.0,1.0,12.0,1.0,1.0,3.0,3.0,2.0,2.0,1.0,2.0,6.0
1,0.9267036,0.8701593,99.0,1.0,6.0,2.0,3.0,2.0,3.0,3.0,3.0,3.0,3.0,8.0
1,1.0673528,1.1841861,6.0,1.0,12.0,2.0,4.0,2.0,1.0,2.0,1.0,2.0,4.0,6.0
1,1.935733,1.7282766,3.0,1.0,4.0,4.0,4.0,3.0,4.0,4.0,4.0,4.0,2.0,8.0
1,0.4769034,0.4248109,3.0,1.0,3.0,4.0,3.0,2.0,3.0,2.0,2.0,2.0,3.0,7.0
1,0.8508979,0.838034,6.0,1.0,7.0,3.0,4.0,1.0,3.0,4.0,3.0,2.0,2.0,3.0
1,0.8631174,0.8620734,9.0,1.0,11.0,1.0,2.0,3.0,2.0,2.0,2.0,1.0,2.0,7.0
1,0.9024234,0.8933203,7.0,1.0,7.0,1.0,1.0,2.0,2.0,2.0,1.0,2.0,3.0,3.0
1,1.5502275,1.6069652,99.0,1.0,13.0,2.0,4.0,2.0,1.0,3.0,4.0,2.0,2.0,5.0
1,1.4720473,1.488927,8.0,1.0,10.0,1.0,1.0,2.0,1.0,1.0,2.0,2.0,3.0,7.0
1,0.5619993,0.5024887,3.0,1.0,3.0,4.0,4.0,3.0,4.0,3.0,4.0,4.0,3.0,8.0
1,1.9145849,1.9643096,99.0,3.0,,4.0,4.0,2.0,3.0,4.0,4.0,3.0,3.0,7.0
1,0.8141554,0.8059148,7.0,1.0,7.0,1.0,1.0,2.0,4.0,1.0,2.0,1.0,2.0,2.0
1,0.5100067,0.4763449,4.0,1.0,6.0,4.0,4.0,2.0,2.0,3.0,4.0,3.0,2.0,8.0
1,1.055846,1.0437534,5.0,1.0,7.0,3.0,4.0,3.0,1.0,3.0,1.0,2.0,2.0,3.0
1,0.9351059,0.9345039,5.0,1.0,7.0,2.0,4.0,2.0,2.0,1.0,3.0,2.0,2.0,7.0
1,1.2317941,1.320285,8.0,1.0,11.0,1.0,2.0,4.0,2.0,3.0,2.0,3.0,3.0,5.0
1,1.0886571,1.2110033,7.0,1.0,4.0,2.0,2.0,2.0,4.0,4.0,2.0,2.0,2.0,6.0
1,0.626546,0.6276677,10.0,1.0,11.0,1.0,2.0,3.0,1.0,2.0,4.0,1.0,3.0,10.0
1,1.057773,1.0704818,0.0,1.0,10.0,1.0,4.0,4.0,3.0,1.0,2.0,4.0,2.0,5.0
1,0.9954857,0.9928774,4.0,1.0,7.0,2.0,4.0,3.0,2.0,3.0,1.0,2.0,2.0,5.0
1,0.5235491,0.5182162,7.0,1.0,11.0,1.0,2.0,3.0,1.0,2.0,1.0,2.0,2.0,3.0
1,0.7784425,0.7784904,9.0,1.0,11.0,1.0,1.0,4.0,2.0,2.0,4.0,1.0,4.0,8.0
1,0.7326574,0.7366623,8.0,1.0,11.0,1.0,1.0,4.0,2.0,2.0,1.0,2.0,4.0,1.0
1,1.0419254,1.1498061,0.0,1.0,4.0,4.0,4.0,1.0,4.0,4.0,4.0,4.0,,10.0
1,0.8133632,0.9504635,4.0,1.0,6.0,2.0,4.0,4.0,,2.0,3.0,2.0,2.0,6.0
1,0.7785041,0.851316,3.0,1.0,12.0,3.0,4.0,2.0,3.0,4.0,3.0,4.0,2.0,7.0
1,1.5958073,1.6379591,99.0,3.0,,3.0,1.0,2.0,1.0,2.0,2.0,2.0,2.0,6.0
1,1.0373546,1.1200106,5.0,2.0,,3.0,4.0,3.0,3.0,3.0,2.0,2.0,2.0,5.0
1,1.0926098,0.9570162,99.0,1.0,10.0,1.0,2.0,3.0,1.0,1.0,3.0,2.0,3.0,2.0
1,0.6785874,0.6041446,99.0,1.0,8.0,2.0,2.0,,1.0,2.0,2.0,2.0,3.0,6.0
1,1.1796889,1.2950251,0.0,1.0,4.0,3.0,3.0,1.0,1.0,4.0,3.0,4.0,1.0,5.0
1,0.6369424,0.6443444,5.0,1.0,11.0,1.0,1.0,1.0,2.0,3.0,1.0,1.0,1.0,5.0
1,1.0309356,1.0187436,6.0,1.0,7.0,2.0,3.0,3.0,3.0,2.0,1.0,2.0,3.0,3.0
1,0.4825878,0.4824651,99.0,1.0,11.0,1.0,1.0,4.0,4.0,1.0,4.0,4.0,4.0,5.0
1,2.3423822,2.4056935,99.0,3.0,,2.0,2.0,3.0,2.0,2.0,2.0,1.0,2.0,7.0
1,0.7111053,0.7122961,99.0,1.0,11.0,1.0,1.0,,1.0,3.0,2.0,3.0,2.0,7.0
1,0.5489303,0.5476071,4.0,1.0,11.0,3.0,4.0,1.0,4.0,3.0,4.0,4.0,2.0,3.0
1,0.4983954,0.5272476,8.0,1.0,8.0,,2.0,2.0,3.0,4.0,2.0,2.0,3.0,8.0
1,0.7958059,0.7949409,5.0,1.0,7.0,3.0,4.0,3.0,3.0,3.0,2.0,2.0,3.0,5.0
1,0.8868018,0.8784829,99.0,1.0,7.0,2.0,2.0,2.0,2.0,2.0,2.0,3.0,2.0,8.0
1,0.9158607,0.9193218,8.0,1.0,11.0,1.0,2.0,2.0,1.0,2.0,1.0,2.0,3.0,8.0
1,0.4675107,0.5179551,3.0,1.0,3.0,1.0,4.0,3.0,1.0,1.0,4.0,4.0,1.0,10.0
1,1.4335005,1.418537,4.0,1.0,7.0,2.0,3.0,2.0,2.0,3.0,2.0,2.0,2.0,5.0
1,1.9651837,2.1621161,0.0,1.0,4.0,4.0,2.0,3.0,4.0,4.0,4.0,4.0,2.0,10.0
1,0.9819013,1.0967706,2.0,1.0,4.0,4.0,4.0,2.0,3.0,4.0,4.0,3.0,1.0,10.0
1,0.4629267,0.4635433,,1.0,11.0,1.0,1.0,3.0,1.0,1.0,2.0,1.0,1.0,7.0
1,1.1259909,1.1147949,5.0,1.0,7.0,4.0,4.0,2.0,2.0,3.0,2.0,2.0,3.0,5.0
1,1.3082285,1.1720575,0.0,1.0,4.0,4.0,4.0,2.0,4.0,4.0,3.0,4.0,2.0,8.0
1,0.5675128,0.6252927,7.0,1.0,8.0,2.0,4.0,4.0,,2.0,3.0,,4.0,5.0
1,0.9032509,0.9332412,6.0,1.0,12.0,2.0,1.0,4.0,1.0,2.0,3.0,3.0,2.0,6.0
1,1.105442,1.2197312,2.0,1.0,4.0,4.0,4.0,2.0,4.0,3.0,3.0,4.0,2.0,7.0
1,0.5136091,0.5154293,10.0,1.0,11.0,1.0,1.0,4.0,1.0,2.0,1.0,1.0,3.0,1.0
1,0.5312635,0.5330433,8.0,1.0,11.0,2.0,2.0,3.0,1.0,2.0,3.0,1.0,3.0,5.0
1,1.2977738,1.2889571,6.0,1.0,7.0,2.0,2.0,3.0,3.0,2.0,2.0,1.0,3.0,3.0
1,1.0714412,1.0711213,7.0,1.0,11.0,1.0,1.0,3.0,1.0,1.0,1.0,1.0,3.0,7.0
1,0.5250983,0.5472104,7.0,1.0,12.0,1.0,1.0,4.0,1.0,1.0,1.0,2.0,4.0,9.0
1,0.6205016,0.6173624,4.0,1.0,11.0,4.0,3.0,4.0,4.0,4.0,4.0,3.0,4.0,5.0
1,1.0432128,1.1567734,3.0,1.0,4.0,4.0,4.0,4.0,4.0,4.0,4.0,4.0,1.0,8.0
1,0.5529555,0.5784401,99.0,1.0,3.0,1.0,2.0,3.0,1.0,1.0,2.0,3.0,3.0,7.0
1,1.5436192,1.699156,3.0,1.0,4.0,1.0,3.0,3.0,1.0,1.0,2.0,1.0,2.0,5.0
1,0.5976835,0.5961229,8.0,1.0,11.0,1.0,4.0,4.0,2.0,2.0,4.0,2.0,2.0,5.0
1,1.9354312,2.1600149,1.0,1.0,4.0,4.0,4.0,2.0,1.0,4.0,3.0,3.0,2.0,9.0
1,0.9817584,0.9867753,7.0,1.0,7.0,2.0,2.0,2.0,2.0,2.0,2.0,2.0,2.0,6.0
1,0.4830928,0.4852743,8.0,1.0,11.0,2.0,2.0,2.0,2.0,2.0,4.0,2.0,2.0,8.0
1,0.6634637,0.6580065,5.0,1.0,7.0,2.0,4.0,3.0,2.0,2.0,2.0,3.0,3.0,7.0
1,0.6775794,0.6813903,7.0,1.0,11.0,1.0,1.0,2.0,1.0,3.0,3.0,2.0,2.0,8.0
1,0.6998005,0.7797853,9.0,1.0,8.0,1.0,1.0,3.0,1.0,2.0,2.0,2.0,3.0,5.0
1,0.5288386,0.5303714,6.0,1.0,11.0,1.0,1.0,4.0,1.0,1.0,1.0,3.0,4.0,5.0
1,0.7560791,0.7779112,5.0,1.0,13.0,2.0,,3.0,2.0,2.0,3.0,2.0,2.0,3.0
1,1.3158884,1.3522519,5.0,1.0,13.0,1.0,1.0,4.0,4.0,4.0,4.0,1.0,4.0,10.0
1,1.3227239,1.331617,99.0,1.0,10.0,1.0,3.0,4.0,2.0,1.0,4.0,3.0,2.0,10.0
1,0.6893131,0.6233175,8.0,1.0,8.0,2.0,2.0,3.0,2.0,1.0,2.0,1.0,3.0,0.0
1,1.1924026,1.2330674,5.0,1.0,13.0,3.0,4.0,2.0,3.0,3.0,2.0,3.0,2.0,2.0
1,0.9219919,0.9190389,3.0,1.0,7.0,4.0,4.0,2.0,3.0,3.0,3.0,3.0,,5.0
1,0.9018376,0.8454378,2.0,1.0,6.0,4.0,4.0,3.0,1.0,4.0,4.0,3.0,3.0,9.0
1,0.9738745,0.9035517,1.0,1.0,5.0,4.0,4.0,3.0,2.0,4.0,4.0,2.0,2.0,9.0
1,0.7162465,0.7195774,7.0,1.0,7.0,2.0,4.0,3.0,2.0,2.0,3.0,3.0,4.0,6.0
1,0.938905,0.9337187,5.0,1.0,11.0,1.0,2.0,4.0,1.0,1.0,4.0,1.0,4.0,9.0
1,1.1917274,1.1552126,5.0,3.0,,2.0,2.0,1.0,2.0,4.0,2.0,2.0,2.0,6.0
1,2.0022469,2.0659242,8.0,3.0,,1.0,1.0,4.0,1.0,1.0,1.0,3.0,2.0,1.0
1,1.1628128,1.1277883,5.0,3.0,,3.0,2.0,3.0,2.0,2.0,3.0,3.0,2.0,6.0
1,0.8214263,0.8185045,8.0,1.0,7.0,2.0,2.0,2.0,2.0,2.0,2.0,2.0,2.0,7.0
1,0.7178383,0.8443457,3.0,1.0,6.0,3.0,3.0,1.0,2.0,3.0,2.0,2.0,2.0,10.0
1,1.7505339,1.6996771,5.0,3.0,,2.0,4.0,2.0,3.0,3.0,4.0,3.0,3.0,6.0
1,1.2444099,1.2390668,2.0,1.0,7.0,3.0,4.0,3.0,,2.0,4.0,4.0,1.0,9.0
1,0.6946282,0.6920612,10.0,1.0,11.0,1.0,2.0,2.0,1.0,1.0,2.0,3.0,3.0,8.0
1,0.5565252,0.6198606,8.0,1.0,8.0,1.0,1.0,4.0,1.0,1.0,1.0,1.0,3.0,3.0
1,0.563808,0.5629232,3.0,1.0,7.0,2.0,3.0,3.0,1.0,3.0,3.0,2.0,4.0,6.0
1,1.5279907,1.5848229,99.0,3.0,,1.0,1.0,4.0,1.0,1.0,,4.0,1.0,8.0
1,1.0550275,1.0524791,7.0,1.0,11.0,2.0,3.0,2.0,2.0,3.0,2.0,2.0,3.0,8.0
1,0.7476689,0.7452179,5.0,1.0,7.0,2.0,2.0,2.0,1.0,1.0,3.0,1.0,4.0,8.0
1,2.3213611,2.4079077,10.0,3.0,,1.0,1.0,3.0,1.0,1.0,2.0,1.0,2.0,10.0
1,0.7787696,0.7300111,8.0,1.0,5.0,1.0,2.0,1.0,1.0,1.0,1.0,2.0,1.0,9.0
1,0.7841675,0.7830575,99.0,1.0,7.0,2.0,4.0,3.0,1.0,2.0,3.0,3.0,2.0,3.0
1,0.4250867,0.4274878,7.0,1.0,11.0,2.0,,,2.0,3.0,2.0,2.0,,9.0
1,0.6526682,0.6517877,10.0,1.0,11.0,1.0,1.0,3.0,1.0,2.0,2.0,1.0,2.0,10.0
1,1.8062979,1.826691,8.0,1.0,10.0,2.0,2.0,3.0,1.0,2.0,3.0,2.0,3.0,2.0
1,1.9060737,1.699156,4.0,1.0,4.0,3.0,4.0,2.0,4.0,3.0,4.0,4.0,3.0,7.0
1,0.5614272,0.5232167,6.0,1.0,6.0,2.0,2.0,3.0,1.0,2.0,2.0,2.0,2.0,10.0
1,1.1009135,1.1466442,5.0,1.0,13.0,1.0,2.0,4.0,2.0,1.0,1.0,2.0,3.0,1.0
1,0.5755009,0.5795619,99.0,1.0,11.0,2.0,1.0,3.0,1.0,,4.0,3.0,2.0,5.0
1,1.0813243,1.0845789,6.0,1.0,10.0,2.0,2.0,3.0,2.0,3.0,2.0,2.0,3.0,6.0
1,1.2510351,1.2808303,99.0,3.0,,2.0,2.0,3.0,2.0,1.0,3.0,4.0,2.0,10.0
1,0.6395211,0.5746945,5.0,1.0,3.0,2.0,4.0,,1.0,3.0,2.0,2.0,,5.0
1,2.4523737,2.4826064,9.0,1.0,10.0,1.0,2.0,2.0,1.0,1.0,1.0,1.0,3.0,9.0
1,1.1332496,1.1349441,7.0,1.0,7.0,2.0,4.0,2.0,2.0,3.0,3.0,1.0,2.0,9.0
1,0.6306806,0.7300111,3.0,1.0,5.0,4.0,4.0,2.0,3.0,3.0,4.0,,2.0,6.0
1,0.2937741,0.2712282,4.0,1.0,1.0,2.0,1.0,1.0,3.0,1.0,1.0,1.0,1.0,6.0
1,0.7656984,0.7669392,7.0,1.0,11.0,2.0,3.0,2.0,2.0,2.0,2.0,2.0,2.0,8.0
1,1.6549938,1.7006772,5.0,1.0,13.0,2.0,2.0,2.0,1.0,3.0,2.0,3.0,3.0,5.0
1,0.8493124,0.8500732,,1.0,7.0,1.0,4.0,2.0,2.0,1.0,1.0,1.0,3.0,7.0
1,1.1150798,1.1136504,99.0,2.0,,2.0,4.0,1.0,4.0,4.0,2.0,4.0,2.0,8.0
1,1.0046493,1.0096651,99.0,1.0,11.0,2.0,1.0,2.0,1.0,2.0,3.0,2.0,3.0,8.0
1,1.2612379,1.3012655,99.0,3.0,,2.0,2.0,2.0,2.0,3.0,2.0,2.0,2.0,8.0
1,0.8495289,0.8527853,9.0,1.0,11.0,1.0,1.0,4.0,1.0,1.0,4.0,2.0,4.0,6.0
1,0.267628,0.2940121,2.0,1.0,3.0,3.0,4.0,2.0,1.0,4.0,4.0,4.0,2.0,10.0
1,0.8080171,0.8037895,99.0,1.0,11.0,3.0,3.0,1.0,1.0,3.0,3.0,1.0,2.0,
1,1.2013162,1.212185,99.0,1.0,10.0,1.0,2.0,4.0,1.0,2.0,1.0,4.0,2.0,5.0
1,2.3064921,2.365159,5.0,3.0,,2.0,4.0,3.0,1.0,4.0,3.0,3.0,2.0,5.0
1,0.2695953,0.2761998,6.0,1.0,2.0,2.0,4.0,2.0,2.0,2.0,3.0,4.0,4.0,7.0
1,0.5771315,0.5809872,10.0,1.0,11.0,1.0,1.0,4.0,1.0,2.0,2.0,1.0,2.0,9.0
1,0.9219919,0.9190389,7.0,1.0,7.0,3.0,4.0,4.0,2.0,3.0,1.0,3.0,3.0,2.0
1,0.5011266,0.4983189,99.0,1.0,7.0,1.0,1.0,,2.0,2.0,,2.0,2.0,7.0
1,0.9721485,0.9630407,9.0,1.0,11.0,1.0,2.0,2.0,2.0,2.0,2.0,2.0,2.0,7.0
1,2.1288173,1.8931551,4.0,1.0,4.0,2.0,2.0,2.0,2.0,2.0,2.0,2.0,2.0,6.0
1,0.7248162,0.72605,10.0,1.0,11.0,1.0,1.0,4.0,2.0,1.0,2.0,2.0,2.0,6.0
1,0.6289937,0.6247661,99.0,1.0,7.0,1.0,3.0,2.0,3.0,3.0,3.0,3.0,2.0,6.0
1,0.5345236,0.5377802,,1.0,11.0,2.0,2.0,2.0,2.0,1.0,2.0,1.0,2.0,
1,1.8886186,1.9498414,3.0,3.0,,1.0,2.0,3.0,2.0,2.0,3.0,2.0,2.0,4.0
1,0.6553773,0.5892931,8.0,1.0,8.0,1.0,2.0,3.0,1.0,2.0,3.0,1.0,2.0,4.0
1,0.585029,0.58727,6.0,1.0,11.0,,4.0,3.0,1.0,3.0,4.0,2.0,4.0,7.0
1,1.2157153,1.3389724,3.0,1.0,4.0,4.0,4.0,2.0,3.0,3.0,4.0,4.0,2.0,9.0
1,0.4149514,0.4176591,5.0,1.0,11.0,1.0,2.0,2.0,2.0,1.0,1.0,2.0,1.0,8.0
1,0.4675449,0.4723683,9.0,1.0,11.0,1.0,2.0,3.0,1.0,2.0,2.0,2.0,3.0,7.0
1,0.5226566,0.5241348,3.0,1.0,11.0,2.0,2.0,3.0,1.0,1.0,2.0,4.0,2.0,4.0
1,1.4105988,1.4222515,9.0,1.0,10.0,1.0,3.0,4.0,2.0,1.0,3.0,2.0,3.0,6.0
1,1.5581579,1.5987114,99.0,3.0,,1.0,1.0,2.0,3.0,4.0,4.0,4.0,2.0,5.0
1,0.8793693,0.9360859,7.0,2.0,,2.0,2.0,1.0,2.0,3.0,1.0,2.0,1.0,6.0
1,0.4170782,0.4324056,99.0,1.0,3.0,2.0,4.0,2.0,1.0,,2.0,2.0,2.0,
1,0.807156,0.9396832,6.0,1.0,6.0,2.0,1.0,4.0,1.0,3.0,3.0,2.0,3.0,6.0
1,0.7811444,0.7736176,5.0,1.0,7.0,2.0,3.0,2.0,2.0,3.0,4.0,2.0,2.0,7.0
1,0.4867303,0.4914432,8.0,1.0,11.0,1.0,1.0,4.0,4.0,2.0,3.0,1.0,2.0,8.0
1,1.7695332,1.5804533,2.0,1.0,4.0,3.0,4.0,2.0,4.0,3.0,3.0,3.0,2.0,5.0
1,0.7664217,0.8429737,4.0,1.0,4.0,1.0,4.0,2.0,2.0,1.0,3.0,2.0,,5.0
1,0.5152175,0.5913873,3.0,1.0,5.0,1.0,3.0,4.0,1.0,1.0,4.0,1.0,2.0,7.0
1,0.9219919,0.9190389,5.0,1.0,7.0,3.0,4.0,,,3.0,2.0,2.0,,7.0
1,0.4671438,0.5060802,4.0,1.0,5.0,1.0,2.0,2.0,1.0,1.0,3.0,3.0,2.0,5.0
1,0.6613365,0.6623697,8.0,1.0,7.0,2.0,2.0,4.0,2.0,3.0,2.0,1.0,4.0,2.0
1,1.0924362,1.1277883,6.0,3.0,,2.0,1.0,2.0,1.0,2.0,3.0,2.0,2.0,5.0
1,0.3565661,0.3194046,99.0,1.0,3.0,2.0,2.0,3.0,2.0,3.0,3.0,4.0,4.0,4.0
1,0.7918025,0.8781915,0.0,1.0,4.0,4.0,1.0,1.0,2.0,4.0,4.0,3.0,1.0,10.0
1,0.8756362,0.8755233,10.0,1.0,9.0,1.0,1.0,3.0,1.0,2.0,1.0,3.0,2.0,10.0
1,1.36471,1.5133311,3.0,1.0,4.0,3.0,3.0,2.0,3.0,2.0,3.0,2.0,1.0,8.0
1,0.6299147,0.7010735,7.0,1.0,8.0,1.0,3.0,3.0,2.0,2.0,3.0,2.0,3.0,7.0
1,0.7072704,0.7004543,6.0,1.0,7.0,2.0,4.0,4.0,1.0,1.0,2.0,1.0,2.0,4.0
1,1.4655803,1.6215992,4.0,1.0,4.0,3.0,4.0,2.0,3.0,3.0,3.0,3.0,3.0,5.0
1,0.4368295,0.4012927,7.0,1.0,1.0,2.0,2.0,2.0,2.0,2.0,2.0,3.0,1.0,7.0
1,1.7551987,1.8099227,5.0,1.0,14.0,4.0,4.0,1.0,1.0,4.0,4.0,4.0,1.0,10.0
1,2.0480332,1.9826519,99.0,1.0,13.0,2.0,1.0,4.0,2.0,3.0,2.0,1.0,1.0,5.0
1,0.4738256,0.4262616,6.0,1.0,3.0,2.0,3.0,3.0,1.0,2.0,1.0,2.0,3.0,2.0
1,0.9078652,0.9035536,5.0,1.0,7.0,2.0,3.0,2.0,2.0,3.0,3.0,2.0,2.0,8.0
1,1.0626525,1.0626186,5.0,1.0,7.0,3.0,3.0,2.0,2.0,4.0,2.0,2.0,2.0,5.0
1,1.5852211,1.4151355,5.0,1.0,4.0,3.0,3.0,2.0,1.0,2.0,2.0,2.0,1.0,3.0
1,0.9161089,0.8262095,7.0,1.0,8.0,1.0,3.0,2.0,2.0,1.0,1.0,2.0,4.0,2.0
1,0.542841,0.5469968,99.0,1.0,11.0,1.0,3.0,3.0,2.0,2.0,2.0,4.0,2.0,8.0
1,1.6981837,1.7393006,99.0,3.0,,1.0,1.0,4.0,2.0,2.0,4.0,4.0,1.0,10.0
1,0.8393406,0.8316695,8.0,1.0,7.0,1.0,4.0,3.0,1.0,1.0,1.0,1.0,4.0,5.0
1,0.8471287,0.8506935,10.0,1.0,11.0,,,,,2.0,,,,5.0
1,0.9191682,0.9139419,5.0,1.0,7.0,1.0,1.0,2.0,1.0,3.0,1.0,1.0,3.0,3.0
1,1.4273973,1.4242802,6.0,1.0,7.0,,4.0,2.0,1.0,4.0,1.0,2.0,4.0,0.0
1,0.4862649,0.48272,7.0,1.0,11.0,2.0,2.0,2.0,1.0,3.0,3.0,2.0,2.0,10.0
1,0.7932438,0.8262095,8.0,1.0,8.0,2.0,4.0,2.0,1.0,2.0,2.0,1.0,,6.0
1,0.6771012,0.6401891,4.0,1.0,6.0,4.0,4.0,3.0,2.0,4.0,4.0,4.0,2.0,8.0
1,1.8685321,1.922979,99.0,1.0,13.0,1.0,2.0,2.0,2.0,1.0,2.0,2.0,2.0,5.0
1,1.6587682,1.6985744,5.0,1.0,13.0,1.0,2.0,2.0,1.0,1.0,3.0,2.0,3.0,10.0
1,0.6713052,0.6720549,8.0,1.0,11.0,2.0,2.0,2.0,2.0,4.0,2.0,3.0,2.0,6.0
1,0.7326574,0.7366623,10.0,1.0,11.0,2.0,4.0,1.0,1.0,2.0,3.0,1.0,3.0,8.0
1,0.6817494,0.7560846,8.0,1.0,8.0,1.0,2.0,4.0,1.0,2.0,1.0,2.0,4.0,7.0
1,0.7958059,0.7949409,6.0,1.0,7.0,3.0,4.0,4.0,3.0,3.0,1.0,3.0,4.0,6.0
1,0.337204,0.3000547,6.0,1.0,2.0,2.0,2.0,2.0,3.0,1.0,2.0,3.0,1.0,7.0
1,0.6103541,0.6154901,99.0,1.0,11.0,1.0,1.0,4.0,1.0,1.0,1.0,1.0,1.0,6.0
1,0.9936648,0.9877889,5.0,1.0,7.0,2.0,2.0,2.0,2.0,2.0,3.0,2.0,2.0,5.0
1,1.5424415,1.492107,6.0,1.0,13.0,2.0,1.0,2.0,2.0,2.0,1.0,2.0,3.0,8.0
1,0.641333,0.5761077,3.0,1.0,3.0,3.0,4.0,3.0,,4.0,3.0,4.0,,
1,0.3748212,0.4144342,2.0,1.0,3.0,2.0,4.0,3.0,2.0,2.0,2.0,2.0,3.0,5.0
1,0.6659892,0.6668501,8.0,1.0,11.0,3.0,3.0,3.0,3.0,3.0,2.0,4.0,3.0,7.0
1,0.5080836,0.5089546,6.0,1.0,11.0,1.0,2.0,2.0,2.0,3.0,2.0,1.0,2.0,9.0
1,1.2179713,1.2568041,99.0,1.0,14.0,1.0,2.0,2.0,2.0,2.0,3.0,3.0,2.0,5.0
1,1.3823924,1.425289,99.0,1.0,13.0,2.0,2.0,2.0,2.0,2.0,2.0,2.0,1.0,6.0
1,1.3082122,1.1765984,2.0,1.0,4.0,3.0,2.0,2.0,2.0,2.0,1.0,3.0,2.0,6.0
1,0.279385,0.2959955,7.0,1.0,1.0,2.0,2.0,2.0,2.0,1.0,2.0,1.0,3.0,7.0
1,0.5773531,0.6393606,8.0,1.0,8.0,3.0,2.0,2.0,2.0,3.0,2.0,3.0,2.0,4.0
1,0.7609796,0.7560154,99.0,1.0,7.0,2.0,2.0,2.0,1.0,2.0,3.0,3.0,3.0,2.0
1,1.2721677,1.3960202,2.0,1.0,4.0,3.0,3.0,2.0,2.0,2.0,3.0,3.0,1.0,5.0
1,0.7330774,0.7307513,99.0,1.0,7.0,2.0,2.0,2.0,2.0,2.0,1.0,2.0,2.0,7.0
1,1.0935644,1.0833879,4.0,1.0,7.0,3.0,4.0,3.0,3.0,3.0,2.0,3.0,2.0,4.0
1,0.5345236,0.5377802,10.0,1.0,11.0,1.0,1.0,1.0,1.0,1.0,3.0,4.0,1.0,4.0
1,1.0010642,1.0022593,9.0,2.0,,3.0,1.0,2.0,4.0,2.0,2.0,3.0,2.0,8.0
1,0.8493915,0.8065351,3.0,1.0,6.0,4.0,4.0,2.0,3.0,4.0,4.0,3.0,2.0,8.0
1,1.1128004,1.2248216,0.0,1.0,4.0,3.0,1.0,1.0,1.0,3.0,3.0,2.0,1.0,8.0
1,1.6658825,1.4877826,7.0,1.0,4.0,3.0,2.0,2.0,2.0,2.0,2.0,2.0,1.0,7.0
1,0.933,0.8424357,8.0,1.0,8.0,2.0,1.0,2.0,1.0,3.0,2.0,2.0,2.0,6.0
1,0.6744413,0.6766149,9.0,1.0,11.0,1.0,3.0,2.0,1.0,1.0,1.0,1.0,1.0,3.0
1,1.3090476,1.3381872,5.0,3.0,,3.0,2.0,2.0,2.0,3.0,3.0,3.0,2.0,7.0
1,0.6659892,0.6668501,7.0,1.0,11.0,2.0,2.0,2.0,2.0,3.0,3.0,4.0,2.0,9.0
1,1.7695332,1.5804533,99.0,1.0,4.0,2.0,3.0,4.0,4.0,2.0,3.0,3.0,2.0,5.0
1,1.4334965,1.4193381,6.0,1.0,7.0,1.0,1.0,3.0,1.0,1.0,4.0,1.0,4.0,8.0
1,0.9219919,0.9190389,4.0,1.0,7.0,4.0,4.0,3.0,4.0,3.0,2.0,3.0,2.0,8.0
1,1.1233103,1.1167343,4.0,1.0,7.0,2.0,3.0,2.0,2.0,3.0,4.0,2.0,2.0,4.0
1,0.6846508,0.7892364,3.0,1.0,5.0,3.0,4.0,4.0,4.0,3.0,3.0,4.0,3.0,6.0
1,0.4179782,0.4335993,4.0,1.0,8.0,1.0,4.0,3.0,1.0,1.0,3.0,3.0,2.0,8.0
1,0.8296295,0.8984673,99.0,1.0,6.0,2.0,2.0,2.0,1.0,3.0,2.0,3.0,2.0,5.0
1,1.531601,1.5635349,99.0,1.0,,,1.0,,2.0,,,,,5.0
1,0.7587479,0.7558537,9.0,1.0,11.0,1.0,3.0,3.0,1.0,3.0,2.0,2.0,2.0,6.0
1,1.0550275,1.0524791,9.0,1.0,11.0,1.0,1.0,4.0,1.0,1.0,4.0,2.0,3.0,5.0
1,0.3630111,0.3326417,4.0,1.0,1.0,3.0,1.0,2.0,1.0,3.0,2.0,2.0,,8.0
1,0.8721984,0.8234058,99.0,1.0,6.0,3.0,4.0,3.0,2.0,4.0,4.0,3.0,2.0,7.0
1,1.7283056,1.7794266,99.0,1.0,13.0,1.0,2.0,,,2.0,3.0,2.0,2.0,5.0
1,0.9428698,0.8446195,8.0,1.0,12.0,1.0,4.0,4.0,1.0,3.0,1.0,1.0,4.0,0.0
1,1.5676385,1.7282766,2.0,1.0,4.0,3.0,3.0,2.0,3.0,3.0,3.0,2.0,1.0,5.0
1,0.7448012,0.7472804,9.0,1.0,11.0,2.0,4.0,3.0,1.0,2.0,3.0,2.0,3.0,10.0
1,0.7301828,0.8085039,4.0,1.0,12.0,2.0,4.0,2.0,1.0,2.0,3.0,2.0,3.0,7.0
1,2.0526261,2.0982773,5.0,3.0,,2.0,2.0,2.0,1.0,2.0,,3.0,2.0,5.0
1,1.1641517,1.1657276,5.0,1.0,7.0,2.0,3.0,2.0,2.0,3.0,3.0,1.0,3.0,3.0
1,0.6374099,0.641789,10.0,1.0,11.0,1.0,2.0,4.0,1.0,,1.0,1.0,4.0,7.0
1,0.6963608,0.6959638,7.0,1.0,9.0,2.0,2.0,4.0,2.0,3.0,4.0,2.0,3.0,
1,0.7633398,0.7607042,8.0,1.0,11.0,2.0,1.0,1.0,1.0,3.0,1.0,1.0,2.0,10.0
1,0.9519004,0.9377518,4.0,1.0,7.0,4.0,4.0,3.0,2.0,3.0,2.0,2.0,3.0,3.0
1,1.1463145,1.1460857,6.0,1.0,7.0,2.0,4.0,3.0,3.0,2.0,3.0,2.0,2.0,6.0
1,0.7185504,0.7148373,4.0,1.0,7.0,3.0,4.0,2.0,3.0,3.0,3.0,3.0,2.0,
1,0.7339966,0.6692582,7.0,1.0,8.0,1.0,3.0,4.0,1.0,3.0,1.0,2.0,4.0,7.0
1,1.14323,1.1547503,9.0,1.0,11.0,1.0,2.0,3.0,1.0,2.0,4.0,2.0,2.0,4.0
1,0.7308103,0.6859143,5.0,1.0,6.0,3.0,3.0,3.0,2.0,4.0,1.0,3.0,3.0,5.0
1,0.862528,0.8646418,3.0,1.0,7.0,4.0,4.0,2.0,4.0,4.0,4.0,2.0,1.0,8.0
1,0.7955934,0.8530461,7.0,1.0,11.0,2.0,4.0,4.0,1.0,2.0,3.0,3.0,3.0,5.0
1,0.5789435,0.63095,5.0,1.0,6.0,1.0,1.0,3.0,1.0,3.0,1.0,3.0,1.0,6.0
1,0.6811739,0.7820356,4.0,1.0,6.0,3.0,4.0,4.0,1.0,2.0,4.0,2.0,1.0,10.0
1,0.4651367,0.4167551,4.0,1.0,3.0,2.0,4.0,4.0,3.0,2.0,4.0,4.0,1.0,8.0
1,0.9018376,0.8454378,6.0,1.0,6.0,2.0,2.0,2.0,2.0,1.0,4.0,1.0,2.0,10.0
1,0.5080836,0.5089546,99.0,1.0,11.0,4.0,4.0,2.0,2.0,3.0,4.0,1.0,1.0,8.0
1,1.0184829,1.0531474,5.0,1.0,12.0,2.0,2.0,4.0,1.0,2.0,1.0,1.0,3.0,6.0
1,0.6047096,0.6059896,99.0,1.0,11.0,2.0,,2.0,1.0,3.0,,3.0,2.0,10.0
1,0.8642532,0.9510831,5.0,1.0,4.0,2.0,4.0,3.0,,4.0,,3.0,2.0,7.0
1,1.2945698,1.3296522,99.0,3.0,,1.0,1.0,4.0,1.0,1.0,1.0,2.0,3.0,10.0
1,1.0432128,1.1567734,99.0,1.0,4.0,1.0,2.0,2.0,2.0,2.0,3.0,2.0,1.0,8.0
1,0.8141006,0.8069665,5.0,1.0,7.0,1.0,1.0,2.0,2.0,4.0,1.0,2.0,1.0,5.0
1,1.878419,1.9484236,5.0,3.0,,1.0,1.0,4.0,1.0,1.0,1.0,1.0,4.0,8.0
1,1.2757211,1.258471,9.0,1.0,7.0,1.0,2.0,3.0,1.0,2.0,1.0,2.0,4.0,4.0
1,1.6787555,1.6186985,0.0,,,3.0,4.0,2.0,3.0,4.0,3.0,3.0,3.0,0.0
1,0.5421576,0.4936482,6.0,1.0,8.0,1.0,4.0,4.0,2.0,1.0,3.0,2.0,1.0,4.0
1,0.7941195,0.794524,8.0,1.0,7.0,2.0,2.0,2.0,2.0,2.0,2.0,2.0,1.0,8.0
1,0.8651482,0.8543724,5.0,1.0,11.0,2.0,2.0,2.0,1.0,4.0,3.0,3.0,1.0,5.0
1,1.3190982,1.3653519,2.0,3.0,,2.0,3.0,3.0,2.0,2.0,2.0,3.0,2.0,5.0
1,1.2777326,1.3247279,5.0,1.0,14.0,2.0,4.0,2.0,1.0,3.0,2.0,2.0,3.0,7.0
1,1.5885,1.5738786,6.0,1.0,7.0,1.0,4.0,4.0,1.0,1.0,4.0,2.0,4.0,5.0
1,1.1435118,1.1339004,5.0,1.0,7.0,2.0,2.0,3.0,2.0,2.0,4.0,2.0,3.0,5.0
1,1.0445414,1.0863475,99.0,3.0,,2.0,,4.0,,3.0,3.0,2.0,3.0,
1,0.6923577,0.7690425,7.0,1.0,8.0,2.0,,3.0,2.0,3.0,2.0,2.0,4.0,4.0
1,1.7051425,1.7464552,1.0,1.0,4.0,2.0,1.0,4.0,4.0,1.0,4.0,1.0,1.0,10.0
1,0.6448952,0.678887,8.0,1.0,8.0,3.0,2.0,3.0,1.0,2.0,2.0,3.0,2.0,6.0
1,0.7162465,0.7195774,5.0,1.0,7.0,4.0,4.0,1.0,2.0,4.0,4.0,2.0,2.0,8.0
1,1.1580635,1.1983284,99.0,3.0,,1.0,3.0,4.0,2.0,2.0,2.0,3.0,2.0,7.0
1,0.8561743,0.850143,99.0,1.0,11.0,3.0,3.0,2.0,1.0,4.0,3.0,4.0,4.0,5.0
1,0.6987765,0.6972107,99.0,1.0,7.0,1.0,2.0,3.0,1.0,2.0,2.0,2.0,2.0,7.0
1,0.5264764,0.530427,10.0,1.0,11.0,1.0,4.0,4.0,2.0,3.0,3.0,3.0,2.0,3.0
1,0.930364,0.8403692,6.0,1.0,8.0,3.0,3.0,3.0,3.0,3.0,2.0,2.0,3.0,5.0
1,0.7693427,0.7693362,6.0,1.0,11.0,3.0,3.0,3.0,3.0,2.0,3.0,3.0,3.0,4.0
1,1.4325483,1.4466263,9.0,1.0,10.0,1.0,1.0,2.0,1.0,1.0,1.0,1.0,3.0,5.0
1,0.8741049,0.9044589,99.0,1.0,13.0,1.0,1.0,2.0,1.0,2.0,1.0,4.0,,9.0
1,2.3423822,2.4056935,99.0,,,2.0,3.0,3.0,2.0,3.0,3.0,3.0,3.0,7.0
1,0.7719225,0.7603915,5.0,1.0,7.0,3.0,4.0,2.0,1.0,2.0,3.0,2.0,3.0,7.0
1,0.9191682,0.9139419,6.0,1.0,7.0,3.0,4.0,3.0,3.0,3.0,3.0,3.0,1.0,5.0
1,1.0890903,1.1215335,99.0,3.0,,,4.0,,2.0,3.0,3.0,,2.0,7.0
1,0.921279,0.9546601,99.0,1.0,13.0,2.0,1.0,4.0,2.0,2.0,2.0,2.0,3.0,6.0
1,0.7093137,0.8216195,99.0,1.0,6.0,3.0,3.0,,2.0,3.0,3.0,3.0,,5.0
1,1.3768213,1.236593,0.0,1.0,4.0,3.0,4.0,2.0,4.0,3.0,3.0,3.0,1.0,8.0
1,1.4187249,1.2680373,3.0,1.0,4.0,4.0,4.0,2.0,3.0,3.0,4.0,4.0,2.0,5.0
1,1.0977834,1.1302872,7.0,3.0,,3.0,2.0,2.0,1.0,3.0,3.0,3.0,2.0,5.0
1,0.6864277,0.6802295,99.0,1.0,11.0,1.0,2.0,2.0,2.0,1.0,1.0,3.0,1.0,10.0
1,0.8707036,0.9572166,5.0,1.0,12.0,3.0,4.0,3.0,3.0,3.0,3.0,3.0,3.0,7.0
1,1.1309385,1.1297028,5.0,1.0,7.0,4.0,3.0,3.0,3.0,3.0,3.0,2.0,2.0,5.0
1,0.639279,0.7079023,9.0,1.0,8.0,1.0,3.0,4.0,2.0,1.0,2.0,3.0,2.0,7.0
1,1.5436192,1.699156,2.0,1.0,4.0,3.0,4.0,2.0,3.0,3.0,2.0,3.0,2.0,10.0
1,1.1160493,1.2299681,2.0,1.0,4.0,2.0,2.0,3.0,1.0,2.0,2.0,1.0,4.0,4.0
1,0.876601,0.8688722,2.0,1.0,7.0,2.0,3.0,3.0,2.0,3.0,3.0,3.0,2.0,6.0
1,1.0152276,1.0077025,6.0,1.0,7.0,3.0,1.0,2.0,3.0,2.0,3.0,3.0,1.0,7.0
1,0.5502693,0.5529121,7.0,1.0,11.0,1.0,1.0,4.0,1.0,1.0,3.0,2.0,1.0,7.0
1,0.8584815,0.8627958,10.0,1.0,11.0,1.0,1.0,4.0,1.0,1.0,2.0,1.0,4.0,10.0
1,0.4236615,0.4222402,9.0,1.0,11.0,1.0,1.0,4.0,1.0,1.0,1.0,1.0,3.0,3.0
1,1.6792412,1.6995258,10.0,1.0,10.0,1.0,1.0,4.0,1.0,1.0,1.0,2.0,,2.0
1,0.9817584,0.9867753,6.0,1.0,7.0,3.0,4.0,4.0,,2.0,2.0,2.0,4.0,6.0
1,1.7511463,1.4764254,5.0,1.0,13.0,3.0,4.0,3.0,2.0,3.0,2.0,3.0,3.0,6.0
1,0.9699977,0.9727277,10.0,1.0,11.0,1.0,1.0,4.0,1.0,1.0,1.0,3.0,4.0,2.0
1,1.1435118,1.1339004,7.0,1.0,7.0,2.0,4.0,3.0,1.0,2.0,2.0,2.0,3.0,7.0
1,1.4440634,1.5985847,7.0,1.0,4.0,2.0,2.0,2.0,2.0,2.0,2.0,2.0,2.0,7.0
1,1.3098822,1.3454735,4.0,1.0,13.0,,4.0,,,4.0,4.0,4.0,2.0,10.0
1,0.9662248,0.8643827,7.0,1.0,8.0,3.0,3.0,2.0,1.0,3.0,2.0,3.0,2.0,7.0
1,0.550225,0.5519503,99.0,1.0,9.0,1.0,1.0,2.0,1.0,2.0,3.0,3.0,1.0,6.0
1,0.5859199,0.6094163,7.0,1.0,8.0,1.0,1.0,2.0,1.0,1.0,2.0,1.0,3.0,5.0
1,0.1811459,0.2000433,4.0,1.0,2.0,2.0,2.0,2.0,2.0,3.0,3.0,3.0,2.0,7.0
1,1.2284228,1.3605747,5.0,1.0,4.0,4.0,1.0,1.0,4.0,4.0,4.0,3.0,1.0,7.0
1,0.9351059,0.9345039,8.0,1.0,7.0,1.0,1.0,4.0,2.0,1.0,2.0,1.0,4.0,5.0
1,0.7326574,0.7366623,9.0,1.0,11.0,1.0,1.0,2.0,1.0,2.0,2.0,2.0,2.0,1.0
1,1.3878903,1.2397506,4.0,1.0,12.0,2.0,2.0,2.0,2.0,3.0,2.0,2.0,2.0,7.0
1,1.1903366,1.2246199,5.0,1.0,4.0,1.0,2.0,4.0,1.0,1.0,3.0,4.0,1.0,10.0
1,0.7428799,0.7319876,6.0,1.0,7.0,1.0,3.0,2.0,2.0,2.0,2.0,1.0,3.0,6.0
1,0.6681705,0.6703888,5.0,1.0,11.0,1.0,2.0,2.0,1.0,3.0,2.0,2.0,1.0,10.0
1,0.5707442,0.5111004,1.0,1.0,3.0,4.0,4.0,2.0,2.0,3.0,3.0,3.0,2.0,5.0
1,0.9519004,0.9377518,5.0,1.0,7.0,2.0,2.0,2.0,1.0,2.0,1.0,2.0,2.0,8.0
1,1.2444099,1.2390668,6.0,1.0,7.0,3.0,4.0,3.0,3.0,4.0,1.0,2.0,4.0,3.0
1,0.6251094,0.6768458,99.0,1.0,5.0,1.0,4.0,2.0,1.0,1.0,2.0,3.0,2.0,5.0
1,0.6792454,0.6800517,5.0,1.0,11.0,1.0,1.0,2.0,1.0,2.0,4.0,1.0,1.0,8.0
1,0.6169461,0.6170918,0.0,1.0,11.0,1.0,1.0,4.0,1.0,2.0,4.0,1.0,1.0,9.0
1,0.7820908,0.7884066,5.0,1.0,11.0,2.0,3.0,3.0,2.0,3.0,3.0,3.0,3.0,7.0
1,1.7540556,1.4669659,4.0,1.0,,2.0,3.0,3.0,,3.0,3.0,,2.0,6.0
1,0.4149514,0.4176591,10.0,1.0,11.0,1.0,1.0,4.0,1.0,3.0,4.0,2.0,2.0,10.0
1,0.7299485,0.7288803,7.0,1.0,11.0,1.0,1.0,4.0,1.0,1.0,1.0,1.0,4.0,0.0
1,0.9191682,0.9139419,6.0,1.0,7.0,,1.0,,1.0,2.0,,3.0,,5.0
1,0.7651578,0.7209765,99.0,1.0,6.0,4.0,4.0,1.0,2.0,2.0,3.0,3.0,2.0,7.0
1,1.1807191,1.3005364,2.0,1.0,4.0,3.0,4.0,2.0,3.0,3.0,2.0,3.0,2.0,8.0
1,0.7101507,0.7064316,8.0,1.0,7.0,1.0,1.0,4.0,1.0,1.0,1.0,1.0,4.0,10.0
1,1.9265639,1.7228919,3.0,1.0,4.0,3.0,4.0,,3.0,3.0,4.0,4.0,2.0,
1,0.7409542,0.7356113,10.0,1.0,11.0,1.0,1.0,2.0,1.0,1.0,2.0,1.0,4.0,5.0
1,1.2479358,1.2421137,7.0,1.0,7.0,1.0,1.0,2.0,1.0,3.0,1.0,1.0,1.0,7.0
1,1.5312909,1.5639553,99.0,3.0,,1.0,2.0,,2.0,2.0,2.0,2.0,,5.0
1,0.4396788,0.411069,4.0,1.0,5.0,3.0,3.0,3.0,4.0,2.0,4.0,4.0,1.0,6.0
1,0.3385046,0.376297,2.0,1.0,3.0,3.0,4.0,3.0,2.0,1.0,4.0,4.0,1.0,9.0
1,0.7409542,0.7356113,,1.0,11.0,2.0,2.0,,2.0,2.0,,2.0,2.0,5.0
1,0.7549324,0.7540477,99.0,1.0,9.0,1.0,1.0,4.0,2.0,2.0,1.0,2.0,4.0,8.0
1,0.453154,0.4550649,5.0,1.0,11.0,1.0,1.0,4.0,1.0,1.0,3.0,4.0,2.0,10.0
1,0.7419038,0.8262095,6.0,1.0,8.0,2.0,,3.0,1.0,2.0,1.0,2.0,,5.0
1,0.3795635,0.4422904,99.0,1.0,6.0,1.0,1.0,3.0,1.0,1.0,3.0,2.0,2.0,7.0
1,0.8460548,0.8524259,99.0,1.0,11.0,2.0,4.0,,2.0,3.0,3.0,2.0,2.0,8.0
1,0.9216781,0.9203134,2.0,2.0,,2.0,3.0,3.0,3.0,1.0,3.0,2.0,2.0,5.0
1,0.4199886,0.4660005,2.0,1.0,3.0,4.0,4.0,3.0,4.0,4.0,4.0,4.0,1.0,10.0
1,1.4335005,1.418537,4.0,1.0,7.0,2.0,4.0,3.0,3.0,2.0,2.0,,2.0,4.0
1,1.3656018,1.3814774,5.0,1.0,10.0,3.0,3.0,3.0,3.0,3.0,3.0,3.0,3.0,5.0
1,0.4841945,0.4846743,10.0,1.0,11.0,1.0,1.0,3.0,1.0,1.0,1.0,1.0,1.0,9.0
1,1.211113,1.0836778,3.0,1.0,12.0,3.0,4.0,3.0,3.0,4.0,3.0,2.0,2.0,6.0
1,0.4759184,0.525917,5.0,1.0,3.0,3.0,2.0,3.0,2.0,3.0,2.0,2.0,3.0,3.0
1,0.9954857,0.9928774,5.0,1.0,7.0,2.0,4.0,2.0,1.0,2.0,2.0,3.0,2.0,5.0
1,0.6047096,0.6059896,5.0,1.0,11.0,1.0,3.0,3.0,1.0,1.0,4.0,2.0,2.0,10.0
1,1.1426275,1.1778494,99.0,3.0,,1.0,4.0,2.0,2.0,1.0,3.0,2.0,1.0,5.0
1,0.6204746,0.5603995,99.0,1.0,8.0,2.0,2.0,2.0,2.0,3.0,2.0,1.0,2.0,6.0
1,0.6226405,0.623557,8.0,1.0,11.0,1.0,2.0,3.0,2.0,2.0,2.0,3.0,3.0,5.0
1,0.542841,0.5469968,9.0,1.0,11.0,2.0,2.0,2.0,1.0,2.0,2.0,2.0,2.0,5.0
1,0.747187,0.7476618,99.0,1.0,11.0,2.0,2.0,2.0,4.0,4.0,2.0,2.0,2.0,5.0
1,0.3312627,0.3666339,5.0,1.0,3.0,3.0,3.0,3.0,2.0,2.0,3.0,3.0,2.0,5.0
1,1.3082285,1.1720575,3.0,1.0,4.0,2.0,2.0,2.0,2.0,3.0,4.0,2.0,1.0,6.0
1,1.1860135,1.2115972,8.0,1.0,10.0,1.0,1.0,4.0,1.0,1.0,1.0,1.0,3.0,7.0
1,0.8528937,0.7703804,99.0,1.0,8.0,2.0,2.0,2.0,4.0,3.0,2.0,2.0,3.0,6.0
1,0.4392765,0.3974086,99.0,1.0,1.0,1.0,1.0,2.0,2.0,3.0,1.0,1.0,1.0,9.0
1,1.1259909,1.1147949,6.0,1.0,7.0,2.0,2.0,2.0,2.0,2.0,2.0,1.0,2.0,8.0
1,1.1502537,1.1602826,8.0,1.0,10.0,1.0,4.0,4.0,1.0,1.0,3.0,2.0,3.0,3.0
1,0.7958059,0.7949409,7.0,1.0,7.0,1.0,3.0,3.0,2.0,2.0,1.0,2.0,3.0,6.0
1,0.6792454,0.6800517,10.0,1.0,11.0,1.0,1.0,3.0,1.0,3.0,2.0,1.0,2.0,10.0
1,2.1065331,1.8885698,2.0,1.0,4.0,4.0,4.0,2.0,4.0,3.0,2.0,4.0,1.0,6.0
1,0.5939853,0.5332636,2.0,1.0,3.0,3.0,3.0,2.0,3.0,3.0,3.0,3.0,2.0,7.0
1,2.5064013,2.6013665,99.0,,,2.0,2.0,2.0,2.0,3.0,3.0,3.0,3.0,7.0
1,0.7187642,0.7165991,10.0,1.0,11.0,1.0,1.0,4.0,1.0,1.0,2.0,1.0,2.0,10.0
1,0.9802329,0.9761479,6.0,1.0,7.0,2.0,3.0,4.0,2.0,2.0,2.0,2.0,4.0,5.0
1,1.5577453,1.5602058,7.0,1.0,7.0,1.0,1.0,4.0,1.0,1.0,4.0,1.0,4.0,10.0
1,0.8513087,0.8459737,4.0,1.0,7.0,2.0,3.0,2.0,2.0,3.0,3.0,2.0,3.0,4.0
1,0.5966089,0.657935,2.0,1.0,3.0,4.0,4.0,4.0,2.0,4.0,4.0,4.0,1.0,10.0
1,1.4069546,1.2636089,99.0,1.0,12.0,2.0,2.0,4.0,4.0,3.0,2.0,4.0,1.0,7.0
1,1.0007923,1.14974,7.0,1.0,7.0,2.0,2.0,3.0,1.0,2.0,2.0,2.0,2.0,5.0
1,0.5981472,0.5911807,5.0,1.0,7.0,3.0,2.0,2.0,2.0,3.0,3.0,2.0,2.0,5.0
1,0.6168212,0.6172577,8.0,1.0,11.0,2.0,2.0,2.0,2.0,2.0,3.0,2.0,4.0,8.0
1,1.7711045,1.7780489,9.0,1.0,10.0,1.0,1.0,4.0,1.0,1.0,1.0,1.0,4.0,0.0
1,0.7707632,0.69094,6.0,1.0,8.0,2.0,4.0,3.0,2.0,2.0,1.0,2.0,4.0,3.0
1,0.7087165,0.7066042,99.0,1.0,7.0,2.0,3.0,3.0,2.0,3.0,4.0,2.0,3.0,6.0
1,1.2444099,1.2390668,5.0,1.0,7.0,3.0,4.0,3.0,2.0,2.0,2.0,2.0,4.0,5.0
1,0.8470271,0.8564998,8.0,1.0,11.0,1.0,1.0,1.0,1.0,2.0,1.0,1.0,3.0,8.0
1,1.1492398,1.1744866,2.0,3.0,,4.0,4.0,2.0,2.0,4.0,3.0,4.0,1.0,10.0
1,0.8827047,0.8911971,5.0,2.0,,4.0,4.0,2.0,1.0,2.0,4.0,4.0,2.0,6.0
1,0.541838,0.5435959,4.0,1.0,11.0,2.0,4.0,3.0,2.0,2.0,3.0,3.0,3.0,4.0
1,0.6956406,0.7514262,7.0,1.0,9.0,1.0,3.0,1.0,2.0,2.0,1.0,1.0,1.0,8.0
1,0.8721984,0.8234058,4.0,1.0,6.0,3.0,4.0,4.0,3.0,3.0,3.0,4.0,2.0,5.0
1,1.2600863,1.3930186,4.0,1.0,4.0,2.0,2.0,3.0,3.0,2.0,2.0,3.0,3.0,5.0
1,2.1027889,2.1701267,4.0,3.0,,4.0,4.0,2.0,2.0,4.0,3.0,4.0,2.0,5.0
1,1.05337,1.0488112,3.0,1.0,7.0,4.0,4.0,1.0,2.0,2.0,2.0,3.0,2.0,10.0
1,0.7575548,0.7563733,7.0,1.0,11.0,2.0,4.0,3.0,1.0,2.0,2.0,3.0,3.0,5.0
1,1.679821,1.8567486,3.0,1.0,4.0,4.0,4.0,3.0,4.0,3.0,4.0,3.0,2.0,6.0
1,1.1453292,1.1889921,99.0,3.0,,1.0,4.0,,2.0,1.0,,3.0,,5.0
1,0.6525422,0.6501573,9.0,1.0,11.0,1.0,2.0,1.0,1.0,1.0,1.0,3.0,3.0,10.0
1,0.7534481,0.8403692,6.0,1.0,8.0,2.0,1.0,2.0,2.0,3.0,2.0,2.0,,5.0
1,1.9183613,1.7298673,4.0,1.0,4.0,3.0,4.0,2.0,2.0,3.0,3.0,3.0,3.0,4.0
1,0.7297314,0.7270883,7.0,1.0,7.0,3.0,4.0,4.0,2.0,2.0,1.0,1.0,4.0,2.0
1,1.5949966,1.7286527,9.0,1.0,10.0,1.0,4.0,4.0,1.0,1.0,1.0,1.0,3.0,5.0
1,0.9773903,1.0025818,5.0,1.0,13.0,,,2.0,1.0,2.0,2.0,2.0,,8.0
1,1.7046522,1.758932,99.0,1.0,13.0,2.0,2.0,3.0,2.0,2.0,1.0,2.0,2.0,10.0
1,0.5976835,0.5961229,99.0,1.0,11.0,1.0,1.0,3.0,2.0,3.0,3.0,4.0,2.0,10.0
1,0.6763776,0.6692507,1.0,1.0,7.0,4.0,4.0,2.0,2.0,2.0,2.0,3.0,1.0,6.0
1,1.2253431,1.2181892,7.0,1.0,7.0,2.0,3.0,2.0,2.0,2.0,3.0,2.0,3.0,7.0
1,0.507978,0.5585788,3.0,1.0,3.0,3.0,4.0,3.0,3.0,3.0,2.0,4.0,2.0,7.0
1,1.3835511,1.4336417,2.0,3.0,,3.0,4.0,2.0,3.0,3.0,3.0,4.0,1.0,3.0
1,1.0933834,1.0301007,1.0,1.0,6.0,4.0,4.0,4.0,3.0,4.0,4.0,4.0,2.0,7.0
1,1.6531255,1.7266393,5.0,3.0,,2.0,2.0,2.0,1.0,2.0,1.0,3.0,4.0,5.0
1,0.3892069,0.3514371,99.0,1.0,8.0,3.0,4.0,2.0,2.0,4.0,2.0,4.0,1.0,10.0
1,0.3729361,0.4140248,,1.0,3.0,3.0,4.0,2.0,2.0,4.0,3.0,2.0,2.0,10.0
1,0.3593653,0.3221309,4.0,1.0,3.0,2.0,4.0,2.0,2.0,3.0,3.0,,,
1,1.1699286,1.2027309,9.0,1.0,12.0,1.0,3.0,2.0,1.0,1.0,1.0,1.0,3.0,5.0
1,0.5713995,0.6612661,3.0,1.0,6.0,3.0,3.0,2.0,3.0,3.0,3.0,3.0,2.0,7.0
1,0.622367,0.5389295,8.0,1.0,11.0,,3.0,,2.0,3.0,,3.0,,5.0
1,0.5771315,0.5809872,10.0,1.0,11.0,1.0,1.0,4.0,1.0,1.0,3.0,1.0,3.0,10.0
1,1.055846,1.0437534,5.0,1.0,7.0,3.0,4.0,4.0,2.0,4.0,3.0,3.0,2.0,5.0
1,1.8748178,1.9468781,2.0,1.0,13.0,2.0,1.0,1.0,1.0,3.0,2.0,1.0,1.0,7.0
1,0.7856059,0.7822182,7.0,1.0,7.0,2.0,4.0,3.0,2.0,3.0,2.0,2.0,4.0,3.0
1,0.7654742,0.8543153,6.0,1.0,8.0,1.0,1.0,4.0,1.0,2.0,1.0,3.0,3.0,8.0
1,1.1337273,1.1678807,5.0,3.0,,1.0,2.0,4.0,2.0,2.0,2.0,2.0,3.0,8.0
1,0.5953934,0.5401931,7.0,1.0,8.0,2.0,1.0,2.0,1.0,2.0,3.0,2.0,2.0,9.0
1,1.3332624,1.4555728,2.0,1.0,4.0,3.0,4.0,4.0,4.0,2.0,3.0,3.0,1.0,10.0
1,0.5685123,0.5645774,,1.0,7.0,1.0,1.0,1.0,1.0,2.0,2.0,1.0,2.0,8.0
1,0.9669033,0.8406902,99.0,1.0,11.0,1.0,1.0,4.0,2.0,1.0,2.0,4.0,4.0,8.0
1,0.958297,0.968954,8.0,1.0,10.0,1.0,3.0,4.0,1.0,1.0,4.0,1.0,3.0,5.0
1,0.4070343,0.4051899,6.0,1.0,11.0,1.0,2.0,4.0,1.0,1.0,2.0,2.0,3.0,5.0
1,1.3905078,1.2475541,2.0,1.0,4.0,4.0,4.0,1.0,4.0,4.0,4.0,3.0,1.0,7.0
1,1.3200693,1.36192,4.0,1.0,4.0,1.0,1.0,2.0,2.0,1.0,3.0,1.0,2.0,8.0
1,0.6306159,0.6255316,8.0,1.0,11.0,1.0,1.0,4.0,1.0,1.0,1.0,3.0,4.0,5.0
1,1.5885,1.5738786,4.0,1.0,7.0,3.0,4.0,3.0,3.0,3.0,3.0,3.0,3.0,7.0
1,0.9775629,0.9711743,5.0,1.0,9.0,1.0,1.0,2.0,1.0,1.0,4.0,1.0,1.0,6.0
1,0.7142642,0.7078984,5.0,1.0,7.0,2.0,2.0,2.0,2.0,2.0,2.0,1.0,2.0,8.0
1,0.7666795,0.7669707,9.0,1.0,9.0,1.0,2.0,3.0,1.0,2.0,,3.0,3.0,5.0
1,0.8960712,0.8926558,6.0,1.0,7.0,2.0,2.0,3.0,2.0,2.0,3.0,2.0,3.0,7.0
1,1.9404775,1.7468493,4.0,1.0,4.0,3.0,3.0,2.0,1.0,4.0,3.0,3.0,2.0,5.0
1,0.8402494,0.8357705,5.0,1.0,7.0,2.0,2.0,3.0,2.0,2.0,2.0,2.0,2.0,5.0
1,0.7868107,0.7893653,5.0,1.0,11.0,2.0,1.0,3.0,1.0,2.0,1.0,2.0,3.0,9.0
1,1.1435118,1.1339004,6.0,1.0,7.0,2.0,4.0,2.0,2.0,3.0,2.0,2.0,4.0,5.0
1,0.8416016,0.8412939,7.0,1.0,11.0,1.0,2.0,4.0,1.0,1.0,1.0,1.0,4.0,8.0
1,1.4335005,1.418537,8.0,1.0,7.0,1.0,4.0,2.0,1.0,1.0,4.0,3.0,4.0,8.0
1,1.0461686,1.159618,3.0,1.0,4.0,4.0,4.0,1.0,4.0,3.0,4.0,4.0,1.0,9.0
1,0.6168212,0.6172577,7.0,1.0,11.0,1.0,2.0,3.0,1.0,2.0,4.0,2.0,2.0,7.0
1,0.2640482,0.2717913,7.0,1.0,2.0,3.0,2.0,2.0,3.0,2.0,3.0,1.0,3.0,8.0
1,0.397269,0.3953325,99.0,1.0,11.0,1.0,1.0,4.0,1.0,1.0,2.0,2.0,2.0,2.0
1,0.5276771,0.5297711,10.0,1.0,11.0,1.0,1.0,3.0,1.0,1.0,2.0,1.0,2.0,5.0
1,0.4549994,0.4589482,6.0,1.0,11.0,3.0,3.0,3.0,3.0,3.0,3.0,3.0,3.0,6.0
1,0.7333894,0.7346891,,1.0,11.0,1.0,2.0,4.0,1.0,1.0,4.0,3.0,4.0,9.0
1,0.720463,0.781458,8.0,1.0,6.0,2.0,1.0,1.0,1.0,2.0,1.0,1.0,2.0,7.0
1,0.7448012,0.7472804,99.0,1.0,11.0,4.0,4.0,4.0,1.0,4.0,4.0,1.0,2.0,5.0
1,0.4418277,0.4931313,3.0,1.0,8.0,1.0,1.0,2.0,2.0,1.0,2.0,2.0,1.0,9.0
1,2.1829515,2.1105959,4.0,,,2.0,3.0,3.0,4.0,2.0,3.0,3.0,2.0,7.0
1,1.2561744,1.2372665,7.0,1.0,7.0,2.0,4.0,3.0,1.0,2.0,2.0,2.0,3.0,1.0
1,0.5825259,0.5878183,8.0,1.0,11.0,1.0,1.0,4.0,2.0,1.0,1.0,1.0,3.0,0.0
1,0.9184557,0.9215825,7.0,1.0,11.0,2.0,,4.0,2.0,2.0,2.0,,4.0,5.0
1,1.4335005,1.418537,4.0,1.0,7.0,2.0,3.0,4.0,4.0,3.0,2.0,3.0,3.0,4.0
1,0.3294596,0.3437659,9.0,1.0,8.0,1.0,2.0,4.0,1.0,1.0,4.0,1.0,4.0,2.0
1,1.0959071,1.1358516,99.0,1.0,4.0,2.0,2.0,3.0,2.0,2.0,2.0,2.0,3.0,6.0
1,1.4080762,1.1781372,2.0,1.0,13.0,,3.0,4.0,1.0,2.0,4.0,3.0,2.0,10.0
1,0.8424424,0.8390405,10.0,1.0,11.0,1.0,1.0,1.0,1.0,1.0,4.0,4.0,1.0,6.0
1,0.7734413,0.6920987,7.0,1.0,8.0,1.0,2.0,3.0,2.0,2.0,2.0,3.0,3.0,3.0
1,2.2768378,2.3722124,,1.0,4.0,1.0,4.0,3.0,2.0,2.0,3.0,3.0,1.0,10.0
1,0.6255351,0.6259331,99.0,1.0,7.0,1.0,2.0,3.0,3.0,2.0,1.0,2.0,1.0,5.0
1,1.1435118,1.1339004,5.0,1.0,7.0,4.0,1.0,1.0,1.0,4.0,1.0,1.0,1.0,10.0
1,0.4250867,0.4274878,9.0,1.0,11.0,1.0,2.0,4.0,1.0,2.0,2.0,2.0,4.0,6.0
1,0.8395981,0.8427575,7.0,1.0,11.0,1.0,2.0,4.0,1.0,1.0,1.0,2.0,3.0,2.0
1,0.6785675,0.6818781,8.0,1.0,11.0,2.0,2.0,3.0,1.0,3.0,3.0,2.0,2.0,9.0
1,1.2002765,1.295307,8.0,1.0,10.0,1.0,3.0,4.0,1.0,3.0,2.0,2.0,3.0,5.0
1,1.4393716,1.4440321,2.0,2.0,,3.0,4.0,2.0,2.0,3.0,,3.0,1.0,7.0
1,1.3302644,1.3685325,99.0,3.0,,2.0,3.0,1.0,3.0,3.0,2.0,2.0,2.0,6.0
1,0.5176267,0.5138322,99.0,1.0,11.0,1.0,4.0,4.0,2.0,2.0,4.0,3.0,1.0,9.0
1,1.0594456,1.1765984,5.0,1.0,4.0,3.0,1.0,2.0,1.0,2.0,3.0,2.0,2.0,10.0
1,1.9755807,2.0334461,99.0,1.0,13.0,2.0,2.0,,1.0,3.0,2.0,2.0,2.0,10.0
1,1.3561088,1.4012705,99.0,3.0,,2.0,4.0,4.0,3.0,2.0,3.0,3.0,4.0,8.0
1,0.5763435,0.6360091,99.0,1.0,8.0,2.0,4.0,3.0,1.0,3.0,1.0,2.0,4.0,2.0
1,0.5887574,0.5792857,6.0,1.0,7.0,,4.0,,4.0,2.0,2.0,,,5.0
1,0.6478108,0.6422398,3.0,1.0,7.0,4.0,4.0,2.0,4.0,4.0,4.0,1.0,2.0,5.0
1,1.0550275,1.0524791,3.0,1.0,11.0,1.0,1.0,2.0,2.0,2.0,3.0,1.0,1.0,7.0
1,0.7476689,0.7452179,6.0,1.0,7.0,2.0,2.0,3.0,1.0,3.0,2.0,2.0,3.0,4.0
1,1.8886186,1.9498414,5.0,3.0,,1.0,3.0,3.0,2.0,2.0,2.0,1.0,3.0,7.0
1,0.8080171,0.8037895,9.0,1.0,11.0,4.0,3.0,3.0,4.0,3.0,3.0,3.0,4.0,
1,2.345907,2.4085374,7.0,1.0,13.0,2.0,2.0,2.0,2.0,1.0,2.0,2.0,4.0,6.0
1,1.1510216,1.1465691,2.0,1.0,7.0,3.0,3.0,3.0,2.0,4.0,2.0,3.0,2.0,9.0
1,0.4201744,0.3729822,8.0,1.0,2.0,2.0,4.0,4.0,2.0,3.0,2.0,3.0,3.0,5.0
1,0.9219919,0.9190389,5.0,1.0,7.0,1.0,3.0,2.0,2.0,2.0,1.0,3.0,3.0,5.0
1,1.8793452,1.9174889,99.0,3.0,,2.0,4.0,3.0,2.0,2.0,3.0,3.0,2.0,5.0
1,0.4240443,0.4274282,8.0,1.0,11.0,1.0,4.0,4.0,1.0,1.0,2.0,3.0,4.0,0.0
1,1.5796424,1.645273,9.0,3.0,,,2.0,4.0,,2.0,2.0,1.0,4.0,
1,1.1558044,1.14974,5.0,1.0,7.0,2.0,3.0,3.0,2.0,2.0,2.0,2.0,4.0,1.0
1,0.4603812,0.4644091,99.0,1.0,11.0,2.0,2.0,3.0,2.0,2.0,2.0,2.0,2.0,6.0
1,0.3163223,0.327884,7.0,1.0,2.0,2.0,1.0,2.0,2.0,1.0,2.0,3.0,2.0,7.0
1,0.8506503,0.878763,5.0,3.0,,1.0,2.0,4.0,1.0,1.0,3.0,3.0,3.0,5.0
1,0.5146484,0.5153034,10.0,1.0,11.0,1.0,4.0,4.0,1.0,1.0,1.0,1.0,1.0,10.0
1,1.4335005,1.418537,6.0,1.0,7.0,3.0,4.0,2.0,3.0,3.0,1.0,3.0,4.0,2.0
1,1.2881677,1.1567734,2.0,1.0,4.0,4.0,4.0,,1.0,4.0,4.0,2.0,,5.0
1,0.6767104,0.7032646,8.0,1.0,8.0,1.0,1.0,2.0,3.0,2.0,3.0,1.0,3.0,8.0
1,0.6613365,0.6623697,7.0,1.0,7.0,2.0,3.0,4.0,2.0,1.0,2.0,3.0,3.0,6.0
1,0.8057381,0.8069403,7.0,1.0,11.0,3.0,2.0,3.0,2.0,3.0,2.0,1.0,2.0,5.0
1,0.2841577,0.2557128,3.0,1.0,2.0,4.0,4.0,,4.0,3.0,4.0,4.0,2.0,9.0
1,1.8511822,1.651286,3.0,1.0,4.0,2.0,4.0,3.0,2.0,3.0,2.0,4.0,1.0,6.0
1,1.1233103,1.1167343,8.0,1.0,7.0,1.0,1.0,4.0,1.0,1.0,2.0,2.0,2.0,2.0
1,0.9454349,0.9458656,10.0,1.0,9.0,1.0,1.0,4.0,1.0,1.0,1.0,2.0,,5.0
1,0.5146484,0.5153034,8.0,1.0,11.0,2.0,2.0,3.0,3.0,3.0,1.0,2.0,3.0,4.0
1,0.9364509,0.9284525,8.0,1.0,7.0,1.0,1.0,3.0,1.0,2.0,4.0,3.0,3.0,9.0
1,1.2635212,1.2821739,10.0,1.0,10.0,1.0,1.0,3.0,1.0,3.0,1.0,2.0,2.0,9.0
1,0.7253697,0.7833889,5.0,1.0,6.0,1.0,3.0,4.0,,2.0,2.0,2.0,3.0,10.0
1,2.892298,2.9858177,99.0,3.0,,,2.0,,2.0,3.0,2.0,,,8.0
1,0.7824898,0.8643827,8.0,1.0,8.0,1.0,3.0,4.0,1.0,1.0,1.0,1.0,3.0,1.0
1,0.8885964,0.8782684,4.0,1.0,7.0,4.0,4.0,2.0,3.0,4.0,4.0,4.0,3.0,8.0
1,0.5265407,0.5225908,5.0,1.0,7.0,2.0,3.0,2.0,2.0,2.0,3.0,2.0,3.0,4.0
1,2.2249899,2.266784,99.0,3.0,,,,,,2.0,,,,6.0
1,0.4140712,0.4694988,5.0,1.0,1.0,3.0,1.0,3.0,2.0,1.0,2.0,3.0,2.0,5.0
1,1.4098135,1.4505898,99.0,1.0,13.0,2.0,2.0,,2.0,2.0,3.0,3.0,2.0,8.0
1,0.5974174,0.5962211,8.0,1.0,11.0,1.0,1.0,3.0,1.0,2.0,1.0,3.0,2.0,5.0
1,1.0671716,0.9659861,8.0,1.0,8.0,,2.0,,2.0,4.0,3.0,2.0,3.0,5.0
1,0.7560248,0.7565581,10.0,1.0,11.0,1.0,1.0,3.0,1.0,1.0,2.0,1.0,1.0,5.0
1,0.9802329,0.9761479,7.0,1.0,7.0,3.0,2.0,3.0,2.0,2.0,3.0,2.0,4.0,1.0
1,1.1882169,1.1779001,7.0,1.0,7.0,1.0,2.0,2.0,1.0,3.0,4.0,1.0,2.0,8.0
1,0.5370676,0.539461,10.0,1.0,11.0,1.0,1.0,4.0,1.0,1.0,4.0,1.0,4.0,5.0
1,1.0403796,1.0336847,6.0,1.0,7.0,4.0,4.0,3.0,4.0,3.0,2.0,2.0,4.0,6.0
1,0.542841,0.5469968,10.0,1.0,11.0,1.0,1.0,4.0,1.0,2.0,2.0,2.0,3.0,2.0
1,0.7137105,0.7138164,8.0,1.0,11.0,1.0,2.0,2.0,2.0,1.0,3.0,2.0,1.0,8.0
1,0.5816461,0.5791869,99.0,1.0,11.0,1.0,1.0,4.0,1.0,1.0,3.0,2.0,2.0,5.0
1,0.7385068,0.7703804,8.0,1.0,8.0,1.0,3.0,3.0,2.0,1.0,2.0,2.0,3.0,5.0
1,0.6047568,0.5627303,3.0,1.0,6.0,3.0,4.0,1.0,3.0,3.0,,3.0,2.0,6.0
1,0.6785675,0.6818781,7.0,1.0,11.0,1.0,1.0,3.0,2.0,2.0,3.0,1.0,3.0,6.0
1,0.9929381,0.8932421,2.0,1.0,4.0,3.0,4.0,2.0,2.0,3.0,3.0,2.0,2.0,7.0
1,1.5399444,1.7021121,1.0,1.0,4.0,4.0,4.0,2.0,4.0,1.0,4.0,4.0,2.0,8.0
1,1.6024871,1.7775366,3.0,1.0,4.0,2.0,3.0,3.0,2.0,3.0,2.0,2.0,3.0,7.0
1,1.1497753,1.1850892,3.0,3.0,,3.0,4.0,2.0,2.0,3.0,3.0,3.0,3.0,3.0
1,0.2236643,0.2003046,7.0,1.0,3.0,2.0,1.0,2.0,1.0,4.0,4.0,1.0,4.0,2.0
1,0.6976174,0.7753785,4.0,1.0,12.0,2.0,4.0,4.0,2.0,3.0,2.0,3.0,2.0,8.0
1,0.656394,0.6540553,5.0,1.0,7.0,1.0,1.0,4.0,3.0,1.0,3.0,4.0,1.0,8.0
1,1.8303362,1.8892212,5.0,1.0,13.0,1.0,4.0,2.0,1.0,2.0,1.0,3.0,2.0,5.0
1,0.4751936,0.4743359,9.0,1.0,11.0,1.0,1.0,4.0,1.0,1.0,4.0,1.0,2.0,5.0
1,1.8805776,1.9577357,99.0,3.0,,2.0,1.0,2.0,1.0,2.0,2.0,1.0,1.0,1.0
1,0.8424424,0.8390405,2.0,1.0,11.0,2.0,4.0,2.0,2.0,2.0,2.0,4.0,2.0,5.0
1,0.3425097,0.3771494,1.0,1.0,2.0,3.0,4.0,2.0,4.0,4.0,2.0,2.0,1.0,10.0
1,1.1076968,1.0446266,4.0,1.0,6.0,3.0,4.0,2.0,2.0,3.0,3.0,2.0,2.0,9.0
1,0.6630037,0.5958113,7.0,1.0,8.0,3.0,1.0,2.0,2.0,3.0,2.0,2.0,3.0,8.0
1,1.560745,1.4007874,2.0,1.0,4.0,3.0,4.0,2.0,2.0,4.0,3.0,4.0,2.0,5.0
1,0.860383,0.8862606,5.0,3.0,,2.0,3.0,2.0,1.0,3.0,2.0,2.0,1.0,5.0
1,1.7362874,1.4409188,99.0,1.0,,2.0,1.0,3.0,1.0,2.0,1.0,1.0,2.0,5.0
1,0.9121243,0.9057992,4.0,1.0,7.0,2.0,4.0,3.0,1.0,3.0,3.0,1.0,4.0,5.0
1,0.6450387,0.6441234,5.0,1.0,11.0,2.0,2.0,2.0,2.0,2.0,2.0,2.0,2.0,5.0
1,1.2869219,1.2016953,4.0,1.0,6.0,2.0,4.0,3.0,2.0,2.0,2.0,2.0,1.0,2.0
1,1.6089345,1.5443186,99.0,1.0,13.0,2.0,1.0,2.0,2.0,3.0,3.0,1.0,2.0,8.0
1,0.4868744,0.4861632,10.0,1.0,11.0,3.0,3.0,2.0,2.0,2.0,2.0,2.0,2.0,6.0
1,0.8694376,1.0102599,3.0,1.0,6.0,3.0,4.0,2.0,3.0,4.0,2.0,3.0,2.0,6.0
1,0.6763776,0.6692507,6.0,1.0,7.0,1.0,2.0,3.0,1.0,2.0,2.0,2.0,2.0,7.0
1,1.6610779,1.7298673,0.0,1.0,4.0,3.0,2.0,2.0,1.0,3.0,4.0,1.0,1.0,0.0
1,1.2086911,1.231799,99.0,1.0,13.0,1.0,1.0,4.0,1.0,2.0,2.0,1.0,3.0,8.0
1,0.8779988,0.8117887,2.0,1.0,5.0,4.0,4.0,2.0,2.0,3.0,4.0,4.0,2.0,8.0
1,0.9586279,1.0585917,99.0,1.0,4.0,2.0,3.0,2.0,1.0,3.0,3.0,2.0,3.0,8.0
1,0.6600534,0.5967271,9.0,1.0,8.0,2.0,,4.0,,2.0,1.0,2.0,4.0,3.0
1,2.1703801,2.2318325,0.0,1.0,13.0,2.0,2.0,2.0,1.0,2.0,2.0,2.0,1.0,6.0
1,1.3216692,1.3647112,,3.0,,2.0,4.0,4.0,1.0,4.0,4.0,3.0,1.0,
1,1.5245341,1.36192,3.0,1.0,4.0,2.0,3.0,4.0,2.0,2.0,4.0,3.0,2.0,6.0
1,0.68511,0.6478066,5.0,1.0,6.0,3.0,3.0,4.0,2.0,3.0,4.0,2.0,4.0,7.0
1,1.8808032,1.9444638,5.0,3.0,,4.0,4.0,1.0,1.0,4.0,3.0,3.0,4.0,5.0
1,0.7377949,0.6920974,4.0,1.0,6.0,3.0,3.0,3.0,3.0,3.0,4.0,3.0,2.0,5.0
1,1.067187,0.9510831,3.0,1.0,4.0,4.0,1.0,1.0,3.0,4.0,4.0,4.0,1.0,10.0
1,0.6621163,0.7347835,99.0,1.0,8.0,1.0,1.0,4.0,1.0,1.0,2.0,1.0,2.0,5.0
1,0.4263926,0.4298719,10.0,1.0,11.0,1.0,2.0,4.0,1.0,1.0,2.0,1.0,2.0,9.0
1,1.4136604,1.3962841,7.0,1.0,7.0,2.0,2.0,2.0,2.0,2.0,2.0,2.0,2.0,9.0
1,0.5008051,0.5362693,5.0,1.0,9.0,,2.0,,2.0,3.0,,,,5.0
1,0.5888644,0.6852368,6.0,1.0,6.0,2.0,,4.0,,2.0,2.0,1.0,3.0,4.0
1,0.4282158,0.4281385,99.0,1.0,11.0,2.0,2.0,2.0,2.0,2.0,2.0,2.0,3.0,7.0
1,0.6713052,0.6720549,99.0,1.0,11.0,3.0,3.0,2.0,2.0,4.0,2.0,3.0,4.0,5.0
1,0.6856666,0.7122107,8.0,1.0,12.0,1.0,1.0,1.0,1.0,3.0,1.0,1.0,1.0,0.0
1,0.6763776,0.6692507,5.0,1.0,7.0,2.0,4.0,2.0,2.0,2.0,2.0,2.0,2.0,4.0
1,0.7534481,0.8403692,99.0,1.0,8.0,1.0,1.0,3.0,2.0,2.0,1.0,2.0,4.0,3.0
1,1.4335005,1.418537,3.0,1.0,7.0,4.0,4.0,4.0,4.0,4.0,2.0,4.0,2.0,9.0
1,1.0119859,1.0071884,6.0,1.0,7.0,3.0,2.0,2.0,2.0,3.0,2.0,2.0,2.0,6.0
1,1.4642068,1.513853,7.0,1.0,,2.0,1.0,,2.0,2.0,2.0,2.0,2.0,5.0
1,2.5179765,2.1064978,7.0,3.0,,1.0,1.0,4.0,1.0,1.0,2.0,1.0,4.0,3.0
1,1.132507,1.1116121,5.0,1.0,7.0,2.0,1.0,3.0,1.0,3.0,2.0,2.0,2.0,7.0
1,0.9283186,0.9276472,4.0,1.0,9.0,2.0,2.0,2.0,1.0,2.0,4.0,2.0,3.0,2.0
1,0.4984176,0.4974452,9.0,1.0,9.0,2.0,2.0,2.0,1.0,2.0,3.0,,1.0,7.0
1,0.6073118,0.6041483,99.0,1.0,9.0,1.0,3.0,4.0,4.0,2.0,4.0,3.0,2.0,8.0
1,0.6040416,0.6642653,99.0,1.0,12.0,3.0,,2.0,1.0,4.0,,4.0,1.0,8.0
1,0.8564463,0.8470024,5.0,1.0,7.0,,4.0,2.0,1.0,3.0,2.0,3.0,4.0,5.0
1,0.7584528,0.753432,7.0,1.0,7.0,2.0,2.0,2.0,2.0,2.0,3.0,2.0,2.0,8.0
1,1.6819304,1.7288727,5.0,3.0,,2.0,2.0,3.0,4.0,2.0,2.0,1.0,2.0,7.0
1,2.1065331,1.8885698,4.0,1.0,4.0,4.0,1.0,1.0,3.0,4.0,4.0,4.0,1.0,10.0
1,1.2486929,1.1148564,1.0,1.0,4.0,4.0,4.0,2.0,4.0,4.0,4.0,1.0,1.0,8.0
1,1.4515631,1.5056295,99.0,3.0,,3.0,4.0,3.0,4.0,4.0,3.0,3.0,3.0,
1,0.6157152,0.6133389,6.0,1.0,7.0,3.0,4.0,3.0,2.0,2.0,3.0,2.0,3.0,5.0
1,0.6962467,0.6635514,5.0,1.0,6.0,4.0,4.0,3.0,3.0,3.0,4.0,4.0,2.0,9.0
1,0.9050847,0.8985425,5.0,1.0,7.0,4.0,4.0,,,2.0,4.0,3.0,4.0,4.0
1,1.0083507,0.9573544,5.0,1.0,6.0,2.0,4.0,3.0,2.0,2.0,2.0,2.0,2.0,2.0
1,0.6808174,0.6756318,7.0,1.0,11.0,1.0,1.0,3.0,1.0,2.0,1.0,2.0,3.0,8.0
1,2.3570068,2.280694,5.0,1.0,14.0,1.0,1.0,1.0,1.0,4.0,1.0,2.0,2.0,5.0
1,0.5205844,0.5181698,4.0,1.0,7.0,4.0,3.0,2.0,4.0,4.0,2.0,3.0,3.0,10.0
1,2.8923926,2.4056935,9.0,,,1.0,4.0,3.0,2.0,2.0,1.0,2.0,3.0,5.0
1,0.8291816,0.8204818,5.0,1.0,7.0,1.0,1.0,1.0,1.0,2.0,1.0,1.0,1.0,8.0
1,0.4675449,0.4723683,5.0,1.0,11.0,1.0,1.0,1.0,1.0,3.0,1.0,1.0,1.0,5.0
1,1.9350731,2.1256857,1.0,1.0,4.0,2.0,1.0,1.0,1.0,3.0,4.0,1.0,1.0,8.0
1,0.6352686,0.6366605,5.0,1.0,7.0,1.0,3.0,4.0,1.0,1.0,1.0,3.0,3.0,5.0
1,0.563808,0.5629232,4.0,1.0,7.0,3.0,4.0,,,3.0,3.0,,,5.0
1,0.1677725,0.1851665,1.0,1.0,2.0,4.0,4.0,1.0,4.0,4.0,4.0,3.0,1.0,10.0
1,0.4280815,0.3883332,10.0,1.0,8.0,4.0,3.0,1.0,1.0,3.0,4.0,1.0,4.0,0.0
1,1.0309356,1.0187436,7.0,1.0,7.0,2.0,4.0,3.0,2.0,2.0,2.0,2.0,3.0,9.0
1,0.5345236,0.5377802,8.0,1.0,11.0,1.0,1.0,1.0,1.0,1.0,1.0,1.0,1.0,10.0
1,0.8612739,0.8532655,99.0,1.0,7.0,1.0,1.0,2.0,1.0,2.0,1.0,1.0,1.0,2.0
1,0.5615213,0.5581602,7.0,1.0,7.0,1.0,2.0,2.0,1.0,2.0,3.0,2.0,3.0,9.0
1,0.4683502,0.4201483,7.0,1.0,8.0,1.0,4.0,3.0,1.0,1.0,2.0,1.0,4.0,7.0
1,0.8048413,0.8038163,3.0,1.0,11.0,1.0,1.0,3.0,1.0,1.0,3.0,1.0,1.0,7.0
1,0.7186496,0.83165,99.0,1.0,6.0,1.0,1.0,4.0,1.0,1.0,3.0,4.0,2.0,5.0
1,0.9622509,0.9596317,2.0,1.0,7.0,2.0,3.0,2.0,2.0,3.0,3.0,2.0,2.0,6.0
1,0.7769531,0.7643076,7.0,1.0,7.0,3.0,4.0,2.0,2.0,3.0,2.0,1.0,4.0,4.0
1,0.9196695,0.9629764,99.0,1.0,8.0,,,,,3.0,,,,
1,0.5883687,0.5893132,4.0,1.0,7.0,2.0,4.0,3.0,2.0,3.0,4.0,2.0,2.0,6.0
1,0.5775793,0.5761703,5.0,1.0,7.0,2.0,4.0,,2.0,3.0,2.0,2.0,,0.0
1,1.3869194,1.5518163,3.0,1.0,4.0,2.0,2.0,3.0,2.0,2.0,3.0,2.0,2.0,6.0
1,0.6766573,0.6821464,99.0,2.0,,2.0,4.0,2.0,2.0,2.0,2.0,3.0,2.0,6.0
1,1.1257133,1.1352935,3.0,1.0,11.0,2.0,4.0,3.0,3.0,4.0,4.0,4.0,2.0,10.0
1,0.6785675,0.6818781,8.0,1.0,11.0,1.0,3.0,4.0,1.0,1.0,1.0,2.0,4.0,2.0
1,1.3629638,1.4026561,99.0,1.0,13.0,3.0,3.0,2.0,3.0,3.0,3.0,2.0,2.0,5.0
1,1.5949966,1.7286527,8.0,1.0,10.0,1.0,3.0,4.0,1.0,2.0,1.0,3.0,4.0,1.0
1,0.2416545,0.2642872,5.0,1.0,2.0,4.0,4.0,2.0,2.0,2.0,4.0,4.0,2.0,5.0
1,1.0930196,1.0997355,5.0,1.0,9.0,1.0,2.0,4.0,1.0,1.0,1.0,1.0,2.0,5.0
1,0.6920244,0.6920596,2.0,1.0,11.0,1.0,3.0,3.0,1.0,2.0,3.0,3.0,2.0,5.0
1,0.9954857,0.9928774,5.0,1.0,7.0,1.0,4.0,4.0,2.0,4.0,3.0,3.0,2.0,2.0
1,0.746181,0.7435954,9.0,1.0,9.0,1.0,1.0,3.0,1.0,1.0,1.0,2.0,3.0,7.0
1,0.8627511,0.8627948,6.0,1.0,7.0,4.0,3.0,3.0,2.0,4.0,3.0,2.0,2.0,5.0
1,1.1558044,1.14974,7.0,1.0,7.0,2.0,1.0,2.0,1.0,2.0,2.0,1.0,2.0,6.0
1,1.1745055,0.9740983,,1.0,13.0,2.0,4.0,1.0,2.0,,2.0,2.0,3.0,8.0
1,1.4426122,1.492107,99.0,1.0,14.0,3.0,2.0,2.0,2.0,3.0,3.0,2.0,2.0,7.0
1,1.0505356,1.0567403,5.0,1.0,11.0,2.0,1.0,2.0,2.0,2.0,4.0,3.0,1.0,10.0
1,1.3511381,1.2027309,6.0,1.0,12.0,3.0,2.0,3.0,2.0,3.0,3.0,3.0,3.0,4.0
1,0.9326012,0.9334226,7.0,1.0,11.0,1.0,1.0,3.0,1.0,1.0,1.0,1.0,1.0,8.0
1,0.9424207,0.9316083,5.0,1.0,7.0,3.0,3.0,3.0,2.0,2.0,3.0,1.0,3.0,6.0
1,0.5471268,0.6082507,8.0,1.0,8.0,1.0,1.0,2.0,1.0,3.0,4.0,2.0,1.0,10.0
1,0.7980386,0.8880297,8.0,1.0,8.0,3.0,4.0,4.0,1.0,3.0,1.0,4.0,4.0,8.0
1,1.2716441,1.2585393,7.0,1.0,7.0,3.0,3.0,2.0,2.0,3.0,2.0,2.0,2.0,6.0
1,0.8641382,0.8523964,5.0,1.0,7.0,4.0,4.0,3.0,1.0,4.0,4.0,2.0,4.0,6.0
1,0.6016304,0.6699456,7.0,1.0,8.0,2.0,1.0,4.0,1.0,2.0,2.0,2.0,3.0,5.0
1,1.0291479,1.0633713,99.0,3.0,,3.0,2.0,2.0,2.0,3.0,2.0,3.0,3.0,5.0
1,0.6466861,0.6507557,10.0,1.0,11.0,1.0,1.0,4.0,1.0,1.0,1.0,4.0,1.0,10.0
1,0.4876232,0.5395712,7.0,1.0,12.0,2.0,4.0,3.0,4.0,3.0,2.0,1.0,3.0,7.0
1,0.7214317,0.72425,99.0,1.0,11.0,1.0,2.0,4.0,1.0,1.0,4.0,1.0,2.0,10.0
1,1.1435118,1.1339004,4.0,1.0,7.0,3.0,4.0,4.0,2.0,2.0,2.0,2.0,2.0,4.0
1,0.590896,0.5487531,4.0,1.0,5.0,3.0,4.0,2.0,3.0,4.0,3.0,3.0,2.0,4.0
1,1.3549073,1.3914531,99.0,1.0,13.0,2.0,2.0,3.0,2.0,3.0,2.0,2.0,2.0,3.0
1,0.631052,0.6343986,7.0,1.0,11.0,2.0,1.0,3.0,1.0,2.0,2.0,1.0,1.0,8.0
1,0.5174227,0.4512152,99.0,1.0,11.0,2.0,2.0,4.0,2.0,2.0,2.0,1.0,,5.0
1,0.6978574,0.6946983,99.0,1.0,7.0,2.0,2.0,2.0,2.0,2.0,3.0,2.0,2.0,10.0
1,2.0027318,1.9436442,7.0,1.0,13.0,2.0,1.0,2.0,2.0,3.0,2.0,3.0,1.0,7.0
1,0.7570214,0.7567894,5.0,1.0,11.0,1.0,1.0,4.0,1.0,3.0,3.0,3.0,4.0,5.0
1,0.495894,0.4965729,10.0,1.0,11.0,1.0,1.0,3.0,1.0,2.0,1.0,1.0,3.0,10.0
1,0.731281,0.7274699,7.0,1.0,7.0,1.0,1.0,3.0,1.0,3.0,2.0,2.0,2.0,7.0
1,0.2477026,0.2796047,99.0,1.0,1.0,2.0,1.0,1.0,1.0,2.0,3.0,3.0,3.0,7.0
1,1.5043683,1.5574811,5.0,3.0,,2.0,3.0,1.0,1.0,2.0,2.0,3.0,3.0,7.0
1,1.560745,1.4007874,5.0,1.0,4.0,3.0,4.0,2.0,2.0,3.0,2.0,2.0,1.0,8.0
1,0.6289602,0.6350454,5.0,1.0,11.0,2.0,2.0,3.0,1.0,1.0,3.0,2.0,2.0,7.0
1,0.9158706,0.8599271,6.0,1.0,6.0,3.0,4.0,2.0,3.0,4.0,3.0,4.0,3.0,8.0
1,0.9950467,0.8937109,2.0,1.0,4.0,2.0,4.0,2.0,2.0,3.0,2.0,2.0,2.0,8.0
1,1.1435118,1.1339004,8.0,1.0,7.0,2.0,1.0,1.0,3.0,1.0,2.0,1.0,2.0,8.0
1,1.0550275,1.0524791,5.0,1.0,11.0,1.0,1.0,2.0,1.0,1.0,1.0,1.0,2.0,1.0
1,1.4151837,1.4669625,99.0,1.0,13.0,,1.0,,1.0,4.0,1.0,,4.0,5.0
1,1.0221428,1.0615184,99.0,3.0,,4.0,1.0,2.0,1.0,4.0,1.0,1.0,4.0,5.0
1,0.9511625,0.9455914,5.0,1.0,11.0,1.0,1.0,4.0,1.0,2.0,1.0,1.0,1.0,2.0
1,0.7214028,0.7667484,99.0,1.0,11.0,1.0,2.0,2.0,1.0,1.0,2.0,1.0,1.0,7.0
1,1.6913781,1.4105113,99.0,1.0,,3.0,4.0,1.0,,3.0,,,,9.0
1,1.1709042,1.0438111,2.0,1.0,4.0,4.0,4.0,2.0,4.0,3.0,4.0,4.0,2.0,10.0
1,0.4695441,0.4704635,99.0,1.0,11.0,2.0,2.0,3.0,1.0,1.0,3.0,2.0,2.0,8.0
1,0.9184557,0.9215825,10.0,1.0,11.0,1.0,1.0,2.0,3.0,1.0,1.0,2.0,2.0,5.0
1,0.4603812,0.4644091,5.0,1.0,11.0,2.0,1.0,3.0,2.0,2.0,3.0,2.0,3.0,6.0
1,0.9191682,0.9139419,8.0,1.0,7.0,1.0,1.0,4.0,2.0,1.0,1.0,2.0,4.0,7.0
1,0.7989246,0.7593492,4.0,1.0,6.0,3.0,3.0,3.0,3.0,4.0,3.0,3.0,3.0,4.0
1,0.7770814,0.7744097,10.0,1.0,11.0,1.0,3.0,4.0,1.0,2.0,2.0,1.0,2.0,9.0
1,1.0565684,1.0514003,5.0,1.0,7.0,2.0,4.0,2.0,2.0,3.0,2.0,2.0,2.0,1.0
1,0.6126677,0.5759814,,1.0,6.0,3.0,1.0,3.0,2.0,3.0,2.0,2.0,2.0,8.0
1,1.244591,1.377185,1.0,1.0,4.0,1.0,1.0,2.0,1.0,1.0,1.0,2.0,1.0,10.0
1,0.7262747,0.724823,4.0,1.0,7.0,2.0,2.0,3.0,,2.0,2.0,2.0,2.0,5.0
1,0.8303086,0.7473763,7.0,1.0,8.0,1.0,1.0,2.0,2.0,1.0,2.0,1.0,2.0,5.0
1,0.727607,0.7240461,7.0,1.0,7.0,2.0,2.0,2.0,2.0,2.0,2.0,2.0,2.0,7.0
1,0.6897056,0.6842228,9.0,1.0,11.0,2.0,2.0,2.0,1.0,3.0,2.0,2.0,3.0,3.0
1,0.5226566,0.5241348,10.0,1.0,11.0,1.0,1.0,4.0,1.0,1.0,2.0,1.0,2.0,7.0
1,1.0694615,1.1748888,2.0,1.0,4.0,3.0,3.0,2.0,2.0,2.0,2.0,3.0,2.0,5.0
1,0.5423653,0.5853913,2.0,1.0,5.0,1.0,1.0,3.0,1.0,2.0,1.0,2.0,2.0,2.0
1,0.3220245,0.2949563,5.0,1.0,1.0,1.0,1.0,2.0,1.0,2.0,3.0,4.0,2.0,8.0
1,0.9496682,0.9422959,5.0,1.0,7.0,4.0,4.0,2.0,3.0,3.0,2.0,2.0,3.0,3.0
1,0.6610194,0.6607313,10.0,1.0,11.0,1.0,1.0,1.0,3.0,1.0,1.0,1.0,1.0,10.0
1,1.1224186,1.1544323,99.0,3.0,,1.0,2.0,4.0,2.0,1.0,4.0,3.0,4.0,0.0
1,0.5106397,0.5109421,8.0,1.0,11.0,1.0,1.0,4.0,2.0,2.0,2.0,2.0,4.0,8.0
1,0.2447141,0.2690356,2.0,1.0,3.0,2.0,4.0,1.0,2.0,2.0,1.0,3.0,1.0,6.0
1,0.9398581,0.9817994,2.0,1.0,4.0,1.0,1.0,3.0,2.0,2.0,2.0,2.0,2.0,3.0
1,0.9849287,0.9764919,5.0,1.0,7.0,1.0,4.0,4.0,3.0,1.0,1.0,1.0,4.0,5.0
1,1.4642068,1.513853,99.0,,,4.0,2.0,1.0,3.0,4.0,2.0,3.0,2.0,
1,1.1814138,1.1654646,4.0,1.0,7.0,2.0,4.0,2.0,2.0,3.0,3.0,3.0,2.0,6.0
1,0.8463053,0.8432674,7.0,1.0,11.0,1.0,1.0,1.0,1.0,1.0,2.0,1.0,,7.0
1,1.2890234,1.4217032,7.0,1.0,4.0,1.0,4.0,3.0,4.0,1.0,3.0,4.0,3.0,4.0
1,0.9849287,0.9764919,5.0,1.0,7.0,4.0,4.0,2.0,2.0,3.0,4.0,2.0,2.0,6.0
1,0.9279976,0.9620908,7.0,1.0,8.0,2.0,3.0,2.0,2.0,2.0,1.0,2.0,3.0,4.0
1,0.7371343,0.8459737,5.0,1.0,7.0,2.0,2.0,2.0,2.0,2.0,2.0,1.0,2.0,5.0
1,0.5616455,0.5644811,10.0,1.0,11.0,1.0,1.0,4.0,1.0,1.0,1.0,1.0,1.0,10.0
1,0.9219919,0.9190389,6.0,1.0,7.0,2.0,3.0,4.0,1.0,2.0,2.0,2.0,4.0,7.0
1,0.5741505,0.5719148,8.0,1.0,11.0,1.0,1.0,4.0,1.0,1.0,2.0,1.0,3.0,8.0
1,0.2526588,0.2613486,99.0,1.0,2.0,1.0,,4.0,1.0,1.0,1.0,1.0,2.0,5.0
1,1.8886186,1.9498414,5.0,3.0,,2.0,1.0,4.0,1.0,2.0,2.0,3.0,,6.0
1,1.0505356,1.0567403,8.0,1.0,11.0,1.0,,3.0,2.0,3.0,3.0,2.0,2.0,6.0
1,0.5057089,0.5821447,4.0,1.0,5.0,4.0,4.0,1.0,1.0,3.0,4.0,3.0,2.0,5.0
1,0.9455082,1.0463994,3.0,1.0,4.0,3.0,4.0,2.0,3.0,3.0,3.0,4.0,2.0,7.0
1,1.1906347,1.0707123,,1.0,8.0,1.0,2.0,3.0,1.0,1.0,2.0,2.0,3.0,3.0
1,1.328959,1.3422294,99.0,1.0,10.0,1.0,1.0,4.0,1.0,1.0,1.0,2.0,4.0,3.0
1,1.471948,1.4602689,99.0,2.0,,3.0,3.0,,3.0,2.0,,3.0,2.0,5.0
1,1.2923757,1.2744731,5.0,1.0,7.0,2.0,2.0,3.0,1.0,2.0,2.0,2.0,4.0,7.0
1,1.0464636,1.0061492,99.0,3.0,,1.0,1.0,2.0,1.0,2.0,2.0,1.0,2.0,8.0
1,0.5154386,0.5737627,8.0,1.0,8.0,2.0,,3.0,1.0,2.0,1.0,1.0,4.0,0.0
1,0.5883687,0.5893132,6.0,1.0,7.0,2.0,3.0,4.0,2.0,2.0,2.0,2.0,3.0,3.0
1,0.4149514,0.4176591,10.0,1.0,11.0,1.0,1.0,1.0,1.0,2.0,2.0,1.0,1.0,8.0
1,0.4095096,0.4423871,6.0,1.0,5.0,2.0,1.0,1.0,2.0,3.0,1.0,1.0,1.0,7.0
1,0.6764892,0.6780964,8.0,1.0,11.0,1.0,2.0,4.0,1.0,3.0,2.0,2.0,2.0,9.0
1,0.8066303,0.7616255,99.0,1.0,6.0,3.0,3.0,3.0,2.0,4.0,2.0,3.0,2.0,7.0
1,0.8472002,0.8713276,5.0,3.0,,2.0,2.0,3.0,1.0,2.0,3.0,2.0,2.0,5.0
1,1.2342975,1.2720004,1.0,1.0,4.0,1.0,4.0,4.0,4.0,1.0,1.0,1.0,4.0,10.0
1,1.1464692,1.1575899,10.0,1.0,11.0,1.0,1.0,4.0,1.0,1.0,3.0,1.0,1.0,1.0
1,1.247396,1.0490361,5.0,1.0,13.0,3.0,4.0,2.0,2.0,4.0,3.0,3.0,3.0,5.0
1,0.8708888,0.9703898,2.0,1.0,4.0,2.0,4.0,1.0,1.0,1.0,4.0,2.0,1.0,8.0
1,0.921279,0.9546601,5.0,1.0,13.0,1.0,3.0,2.0,2.0,1.0,2.0,2.0,2.0,6.0
1,0.9365872,1.0319467,4.0,1.0,4.0,2.0,3.0,4.0,1.0,2.0,4.0,2.0,1.0,10.0
1,0.6639689,0.6699946,9.0,1.0,11.0,1.0,4.0,4.0,1.0,1.0,1.0,4.0,2.0,8.0
1,1.1367239,1.2505679,3.0,1.0,4.0,3.0,2.0,2.0,3.0,4.0,4.0,3.0,1.0,8.0
1,0.6169461,0.6170918,10.0,1.0,11.0,1.0,1.0,1.0,1.0,3.0,1.0,3.0,1.0,6.0
1,0.6661241,0.6666709,6.0,1.0,11.0,2.0,3.0,3.0,2.0,2.0,2.0,3.0,1.0,10.0
1,0.518972,0.511301,5.0,1.0,7.0,2.0,3.0,3.0,3.0,1.0,2.0,3.0,2.0,5.0
1,0.4143114,0.4605088,5.0,1.0,3.0,1.0,4.0,4.0,1.0,1.0,3.0,2.0,3.0,5.0
1,0.3727947,0.4159833,6.0,1.0,8.0,1.0,2.0,3.0,1.0,2.0,2.0,2.0,3.0,7.0
1,0.7005311,0.639169,7.0,1.0,8.0,3.0,3.0,3.0,1.0,3.0,2.0,2.0,3.0,6.0
1,1.4101781,1.447491,8.0,3.0,,2.0,3.0,1.0,2.0,1.0,1.0,2.0,2.0,8.0
1,0.8444328,0.8517497,99.0,1.0,11.0,1.0,1.0,1.0,4.0,1.0,2.0,1.0,1.0,
1,0.9719568,0.8412939,6.0,1.0,11.0,2.0,3.0,3.0,3.0,3.0,3.0,2.0,3.0,4.0
1,1.9484456,1.7475861,5.0,1.0,4.0,4.0,2.0,2.0,1.0,3.0,2.0,3.0,2.0,6.0
1,1.1259909,1.1147949,6.0,1.0,7.0,1.0,4.0,3.0,1.0,1.0,2.0,2.0,3.0,5.0
1,2.2408333,1.8688031,5.0,1.0,13.0,1.0,1.0,2.0,1.0,3.0,2.0,1.0,2.0,5.0
1,0.8511363,0.8462012,5.0,1.0,7.0,3.0,2.0,3.0,2.0,2.0,3.0,2.0,2.0,5.0
1,1.7411935,1.5546783,5.0,1.0,4.0,3.0,3.0,2.0,1.0,3.0,2.0,1.0,2.0,4.0
1,1.0285898,1.0200047,8.0,1.0,7.0,2.0,4.0,4.0,2.0,3.0,1.0,3.0,4.0,2.0
1,0.8293082,0.8295608,6.0,1.0,7.0,3.0,3.0,3.0,4.0,2.0,4.0,3.0,3.0,6.0
1,1.0941167,0.9801056,2.0,1.0,4.0,,2.0,2.0,,3.0,,2.0,2.0,5.0
1,0.8267338,0.8285576,10.0,1.0,11.0,1.0,1.0,4.0,1.0,1.0,1.0,1.0,1.0,9.0
1,1.4080762,1.1781372,99.0,1.0,13.0,1.0,2.0,3.0,1.0,4.0,3.0,2.0,3.0,8.0
1,2.562206,2.6356237,99.0,1.0,14.0,1.0,1.0,2.0,1.0,1.0,3.0,2.0,3.0,5.0
1,1.3437998,1.4878323,4.0,1.0,4.0,2.0,4.0,3.0,1.0,1.0,3.0,4.0,,8.0
1,0.7656135,0.7552521,9.0,1.0,7.0,1.0,1.0,1.0,2.0,1.0,1.0,1.0,1.0,
1,1.6330715,1.6837622,9.0,1.0,14.0,4.0,4.0,3.0,3.0,1.0,4.0,3.0,4.0,9.0
1,0.8114904,0.8123174,7.0,1.0,7.0,3.0,4.0,2.0,2.0,2.0,2.0,2.0,2.0,7.0
1,1.0246576,1.0231844,7.0,2.0,,2.0,2.0,3.0,3.0,2.0,2.0,2.0,2.0,7.0
1,1.3765807,1.2019258,2.0,1.0,10.0,1.0,4.0,1.0,1.0,3.0,1.0,1.0,1.0,6.0
1,0.8484721,0.795186,5.0,1.0,6.0,3.0,3.0,2.0,3.0,4.0,3.0,2.0,1.0,7.0
1,0.8827876,0.9778404,1.0,1.0,4.0,4.0,4.0,1.0,4.0,2.0,3.0,3.0,1.0,6.0
1,0.9391043,0.9307356,,1.0,7.0,2.0,4.0,3.0,3.0,3.0,2.0,1.0,2.0,10.0
1,1.4783415,1.4829232,7.0,1.0,10.0,1.0,1.0,4.0,1.0,1.0,1.0,2.0,3.0,
1,0.710362,0.7081727,5.0,1.0,11.0,2.0,2.0,2.0,2.0,1.0,2.0,1.0,2.0,5.0
1,0.8627834,0.8553522,99.0,1.0,7.0,4.0,1.0,4.0,2.0,2.0,4.0,1.0,4.0,6.0
1,0.5177912,0.511934,8.0,1.0,7.0,2.0,2.0,2.0,1.0,2.0,2.0,2.0,3.0,1.0
1,0.3329197,0.2978787,99.0,1.0,3.0,2.0,2.0,2.0,2.0,2.0,3.0,3.0,3.0,3.0
1,0.5793536,0.5793836,99.0,1.0,7.0,2.0,2.0,3.0,3.0,1.0,2.0,3.0,4.0,5.0
1,0.4734455,0.5297884,8.0,1.0,8.0,1.0,2.0,3.0,1.0,1.0,4.0,3.0,2.0,6.0
1,0.6333271,0.6303949,7.0,1.0,11.0,1.0,4.0,4.0,1.0,1.0,1.0,1.0,1.0,3.0
1,0.5312635,0.5330433,8.0,1.0,11.0,2.0,1.0,2.0,2.0,1.0,2.0,3.0,1.0,8.0
1,1.0152363,1.0043169,7.0,1.0,11.0,1.0,2.0,1.0,1.0,3.0,1.0,1.0,2.0,7.0
1,0.5755009,0.5795619,8.0,1.0,11.0,1.0,4.0,4.0,1.0,1.0,1.0,1.0,4.0,10.0
1,0.2881362,0.2575769,6.0,1.0,2.0,3.0,3.0,2.0,2.0,4.0,3.0,2.0,2.0,5.0
1,1.1200022,1.1215984,6.0,1.0,7.0,2.0,2.0,2.0,2.0,3.0,1.0,4.0,4.0,0.0
1,0.3825488,0.4238975,2.0,1.0,3.0,3.0,4.0,3.0,4.0,4.0,4.0,2.0,1.0,8.0
1,0.8173651,0.8175923,10.0,1.0,11.0,2.0,1.0,3.0,1.0,3.0,2.0,1.0,3.0,10.0
1,1.2849642,1.4052263,99.0,1.0,4.0,4.0,4.0,2.0,1.0,4.0,4.0,3.0,1.0,10.0
1,1.1558044,1.14974,3.0,1.0,7.0,3.0,4.0,,3.0,3.0,3.0,2.0,2.0,4.0
1,1.9008864,1.9432056,6.0,3.0,,3.0,4.0,3.0,1.0,4.0,2.0,3.0,3.0,7.0
1,0.814104,0.952045,99.0,1.0,6.0,1.0,4.0,3.0,2.0,1.0,3.0,3.0,1.0,5.0
1,1.3104218,1.2972064,5.0,1.0,7.0,3.0,4.0,2.0,3.0,4.0,3.0,2.0,2.0,7.0
1,0.4330275,0.4372391,10.0,1.0,11.0,1.0,3.0,4.0,1.0,1.0,2.0,2.0,3.0,10.0
1,1.6536149,1.7080884,2.0,3.0,,2.0,2.0,2.0,1.0,3.0,2.0,3.0,1.0,8.0
1,0.6852387,0.7366623,4.0,1.0,11.0,4.0,4.0,1.0,1.0,4.0,1.0,4.0,2.0,
1,0.937274,0.9322857,99.0,1.0,7.0,1.0,,3.0,2.0,1.0,3.0,2.0,,10.0
1,0.7142327,0.6441242,8.0,1.0,8.0,4.0,2.0,2.0,2.0,3.0,2.0,2.0,3.0,7.0
1,1.5779337,1.7475861,3.0,1.0,4.0,4.0,4.0,4.0,4.0,4.0,4.0,4.0,2.0,7.0
1,0.7337412,0.7365111,5.0,1.0,7.0,3.0,4.0,2.0,2.0,4.0,2.0,2.0,2.0,5.0
1,0.4409145,0.4693009,8.0,1.0,1.0,2.0,2.0,1.0,1.0,2.0,2.0,2.0,1.0,9.0
1,1.269455,1.318432,3.0,1.0,4.0,2.0,3.0,3.0,2.0,2.0,3.0,3.0,1.0,5.0
1,0.5020233,0.5053999,9.0,1.0,11.0,1.0,1.0,4.0,1.0,1.0,1.0,1.0,4.0,7.0
1,1.4182187,1.55536,99.0,1.0,4.0,2.0,1.0,,1.0,2.0,,,2.0,7.0
1,0.8675219,0.940358,5.0,1.0,6.0,1.0,3.0,1.0,1.0,3.0,3.0,1.0,1.0,5.0
1,2.1488671,2.1681874,10.0,1.0,10.0,1.0,3.0,4.0,1.0,2.0,1.0,1.0,4.0,2.0
1,0.9021564,0.9030223,7.0,1.0,7.0,2.0,4.0,4.0,1.0,2.0,1.0,1.0,1.0,0.0
1,0.7555829,0.8424357,8.0,1.0,8.0,1.0,4.0,4.0,1.0,1.0,1.0,2.0,4.0,3.0
1,0.4315813,0.4055274,3.0,1.0,5.0,3.0,4.0,2.0,3.0,3.0,4.0,3.0,2.0,7.0
1,1.5274863,1.366555,4.0,1.0,4.0,2.0,1.0,3.0,3.0,3.0,2.0,1.0,3.0,4.0
1,0.9954857,0.9928774,5.0,1.0,7.0,2.0,4.0,4.0,2.0,3.0,2.0,2.0,2.0,8.0
1,1.0559176,1.0455934,99.0,2.0,,4.0,1.0,1.0,1.0,4.0,1.0,2.0,2.0,6.0
1,0.5125611,0.5109433,99.0,1.0,11.0,1.0,1.0,2.0,1.0,1.0,3.0,4.0,1.0,9.0
1,0.5239913,0.5890073,4.0,1.0,8.0,4.0,4.0,4.0,1.0,3.0,3.0,4.0,3.0,7.0
1,0.8048413,0.8038163,99.0,1.0,11.0,1.0,2.0,2.0,2.0,3.0,2.0,1.0,3.0,5.0
1,0.7426969,0.7454473,10.0,1.0,11.0,1.0,1.0,4.0,2.0,1.0,3.0,3.0,3.0,6.0
1,1.3557256,1.2157571,3.0,1.0,4.0,2.0,4.0,2.0,2.0,2.0,3.0,2.0,1.0,7.0
1,1.1282591,1.0079778,2.0,1.0,4.0,2.0,1.0,2.0,1.0,3.0,3.0,1.0,1.0,10.0
1,0.9581304,0.8984673,3.0,1.0,6.0,2.0,4.0,2.0,3.0,2.0,3.0,3.0,2.0,7.0
1,0.4282929,0.3974591,3.0,1.0,5.0,3.0,3.0,2.0,1.0,2.0,3.0,3.0,2.0,5.0
1,0.7820908,0.7884066,10.0,1.0,11.0,2.0,1.0,4.0,1.0,4.0,2.0,2.0,3.0,7.0
1,0.9219919,0.9190389,7.0,1.0,7.0,1.0,1.0,2.0,3.0,1.0,1.0,1.0,2.0,8.0
1,0.5489303,0.5476071,6.0,1.0,11.0,1.0,2.0,2.0,4.0,3.0,2.0,3.0,3.0,6.0
1,1.0338837,1.0529585,1.0,1.0,4.0,3.0,4.0,1.0,1.0,3.0,2.0,4.0,1.0,6.0
1,1.0221428,1.0615184,5.0,1.0,13.0,3.0,4.0,3.0,2.0,3.0,2.0,3.0,4.0,6.0
1,0.6004549,0.6698267,99.0,1.0,3.0,1.0,1.0,3.0,1.0,2.0,3.0,4.0,1.0,5.0
1,1.7482804,1.755724,5.0,1.0,10.0,1.0,1.0,4.0,2.0,2.0,3.0,2.0,2.0,6.0
1,1.0396683,1.0261668,9.0,1.0,7.0,3.0,1.0,2.0,2.0,3.0,2.0,3.0,2.0,10.0
1,1.0259603,1.0492754,,1.0,,2.0,3.0,2.0,2.0,2.0,1.0,2.0,1.0,7.0
1,1.5839437,1.6040307,9.0,1.0,10.0,1.0,1.0,4.0,1.0,1.0,1.0,1.0,2.0,5.0
1,0.9465698,0.8825454,3.0,1.0,6.0,4.0,1.0,2.0,1.0,4.0,1.0,4.0,2.0,5.0
1,1.0380477,1.079711,99.0,3.0,,2.0,3.0,3.0,1.0,2.0,2.0,4.0,2.0,6.0
1,0.7996737,0.7962371,5.0,1.0,7.0,3.0,3.0,2.0,2.0,3.0,3.0,2.0,2.0,6.0
1,0.5707442,0.5111004,1.0,1.0,3.0,4.0,4.0,3.0,4.0,3.0,4.0,4.0,2.0,9.0
1,1.0647585,0.9522606,2.0,1.0,4.0,2.0,3.0,3.0,3.0,3.0,,1.0,1.0,10.0
1,0.5184097,0.5214896,6.0,1.0,11.0,3.0,2.0,3.0,2.0,2.0,2.0,4.0,2.0,8.0
1,2.0334027,2.1013305,99.0,3.0,,2.0,,3.0,4.0,3.0,3.0,4.0,2.0,5.0
1,0.8622866,0.9522606,3.0,1.0,4.0,,2.0,,,4.0,4.0,,2.0,7.0
1,0.5370676,0.539461,7.0,1.0,11.0,1.0,3.0,3.0,2.0,2.0,4.0,2.0,3.0,7.0
1,0.8897331,0.9232076,10.0,1.0,12.0,3.0,1.0,4.0,1.0,3.0,1.0,3.0,3.0,0.0
1,0.7397307,0.6971524,5.0,1.0,6.0,4.0,4.0,2.0,1.0,4.0,3.0,2.0,3.0,7.0
1,0.4543202,0.4541756,5.0,1.0,11.0,1.0,1.0,4.0,1.0,1.0,4.0,1.0,2.0,8.0
1,1.1670579,1.2894224,3.0,1.0,4.0,2.0,4.0,4.0,2.0,2.0,2.0,3.0,2.0,7.0
1,2.1287422,2.1713421,7.0,1.0,10.0,1.0,1.0,4.0,1.0,1.0,1.0,2.0,3.0,5.0
1,0.7692997,0.6666709,6.0,1.0,11.0,1.0,1.0,2.0,1.0,1.0,3.0,1.0,3.0,8.0
1,0.5638191,0.5263016,99.0,1.0,5.0,3.0,4.0,1.0,2.0,3.0,2.0,2.0,2.0,7.0
1,0.7541789,0.7560729,8.0,1.0,9.0,1.0,3.0,4.0,2.0,1.0,2.0,2.0,3.0,1.0
1,1.1542828,1.1493887,6.0,1.0,7.0,2.0,3.0,3.0,3.0,2.0,2.0,3.0,3.0,5.0
1,0.5944215,0.6692582,7.0,1.0,8.0,1.0,1.0,4.0,1.0,1.0,1.0,4.0,4.0,3.0
1,1.0074914,0.942564,1.0,1.0,6.0,,,2.0,2.0,3.0,4.0,,,9.0
1,1.2635212,1.2821739,8.0,1.0,10.0,1.0,2.0,4.0,1.0,2.0,1.0,2.0,3.0,6.0
1,0.6271831,0.6334876,10.0,1.0,11.0,1.0,1.0,4.0,1.0,1.0,1.0,2.0,4.0,5.0
1,0.5193787,0.5761077,2.0,1.0,3.0,,4.0,2.0,4.0,4.0,4.0,4.0,2.0,5.0
1,0.5888854,0.6547804,8.0,1.0,8.0,2.0,1.0,4.0,1.0,3.0,4.0,2.0,3.0,7.0
1,0.3862783,0.4300595,5.0,1.0,8.0,1.0,4.0,3.0,2.0,2.0,1.0,3.0,1.0,6.0
1,1.7389013,1.5542032,5.0,1.0,4.0,3.0,3.0,1.0,2.0,3.0,2.0,2.0,3.0,8.0
1,0.7666795,0.7669707,99.0,1.0,9.0,1.0,2.0,4.0,1.0,2.0,1.0,4.0,3.0,8.0
1,0.731281,0.7274699,6.0,1.0,7.0,3.0,4.0,3.0,3.0,3.0,2.0,2.0,3.0,7.0
1,0.9954857,0.9928774,6.0,1.0,7.0,3.0,4.0,3.0,2.0,3.0,3.0,2.0,4.0,6.0
1,1.5193588,1.539554,5.0,1.0,10.0,1.0,1.0,4.0,1.0,1.0,3.0,2.0,1.0,5.0
1,0.8601711,0.8183453,4.0,1.0,6.0,3.0,4.0,2.0,4.0,4.0,3.0,3.0,2.0,7.0
1,0.8416016,0.8412939,99.0,1.0,11.0,1.0,3.0,3.0,1.0,1.0,2.0,2.0,2.0,7.0
1,0.6293338,0.6322676,10.0,1.0,11.0,1.0,1.0,4.0,1.0,1.0,3.0,4.0,4.0,5.0
1,1.5559649,1.3930186,3.0,1.0,4.0,3.0,3.0,2.0,2.0,3.0,2.0,3.0,2.0,10.0
1,1.0935644,1.0833879,5.0,1.0,7.0,3.0,4.0,3.0,3.0,2.0,2.0,3.0,2.0,5.0
1,1.1558044,1.14974,1.0,1.0,7.0,3.0,4.0,1.0,2.0,3.0,3.0,3.0,1.0,7.0
1,0.5594147,0.5546642,99.0,1.0,11.0,,,2.0,2.0,3.0,3.0,3.0,2.0,8.0
1,0.7311009,0.7408465,8.0,1.0,11.0,1.0,1.0,,1.0,1.0,2.0,3.0,1.0,5.0
1,0.9369966,0.9424109,4.0,1.0,7.0,4.0,4.0,2.0,3.0,4.0,4.0,3.0,3.0,7.0
1,0.9473065,0.9658562,99.0,3.0,,,,,2.0,2.0,,,,5.0
1,0.781952,0.7811367,99.0,1.0,7.0,2.0,1.0,,1.0,2.0,2.0,,3.0,
1,1.1379931,1.1678834,5.0,3.0,,2.0,1.0,,1.0,2.0,1.0,2.0,2.0,7.0
1,0.8703454,0.8280827,3.0,1.0,6.0,3.0,2.0,3.0,2.0,3.0,3.0,3.0,2.0,8.0
1,1.6792412,1.6995258,9.0,1.0,10.0,1.0,3.0,4.0,1.0,2.0,1.0,3.0,4.0,8.0
1,0.636339,0.573917,7.0,1.0,8.0,2.0,4.0,2.0,1.0,2.0,1.0,3.0,3.0,3.0
1,0.7570214,0.7567894,5.0,1.0,11.0,1.0,1.0,3.0,1.0,2.0,2.0,2.0,1.0,6.0
1,0.9845401,0.9892018,99.0,1.0,7.0,2.0,2.0,3.0,3.0,3.0,3.0,2.0,2.0,7.0
1,2.1765294,2.2373207,2.0,,,4.0,2.0,1.0,1.0,,4.0,1.0,1.0,10.0
1,0.7989246,0.7593492,5.0,1.0,6.0,3.0,4.0,2.0,2.0,2.0,4.0,2.0,3.0,6.0
1,0.9730393,0.9138654,4.0,1.0,6.0,2.0,4.0,3.0,3.0,4.0,2.0,3.0,2.0,5.0
1,1.1501293,1.1306632,4.0,1.0,7.0,2.0,4.0,3.0,4.0,3.0,3.0,3.0,3.0,5.0
1,0.5707442,0.5111004,4.0,1.0,3.0,2.0,3.0,2.0,2.0,3.0,4.0,3.0,3.0,5.0
1,0.6767104,0.7032646,7.0,1.0,8.0,1.0,4.0,4.0,2.0,1.0,1.0,2.0,4.0,5.0
1,0.7009232,0.701099,99.0,1.0,7.0,,2.0,1.0,,3.0,2.0,,1.0,5.0
1,1.2655669,1.3111199,99.0,1.0,4.0,4.0,2.0,3.0,3.0,3.0,4.0,3.0,1.0,10.0
1,1.2777326,1.3247279,99.0,1.0,13.0,1.0,4.0,4.0,1.0,1.0,4.0,3.0,4.0,5.0
1,0.777613,0.7800832,9.0,1.0,11.0,1.0,1.0,4.0,2.0,1.0,2.0,1.0,2.0,8.0
1,1.1111832,1.1488059,99.0,3.0,,4.0,4.0,3.0,1.0,2.0,4.0,3.0,4.0,1.0
1,0.9954857,0.9928774,6.0,1.0,7.0,4.0,3.0,3.0,2.0,3.0,2.0,3.0,3.0,7.0
1,1.109435,1.1471165,0.0,1.0,13.0,4.0,4.0,2.0,4.0,4.0,3.0,4.0,1.0,9.0
1,0.7696767,0.7654197,4.0,1.0,7.0,3.0,4.0,2.0,3.0,3.0,3.0,3.0,3.0,5.0
1,1.1453292,1.1889921,99.0,1.0,13.0,1.0,1.0,4.0,1.0,1.0,4.0,1.0,2.0,10.0
1,0.4089642,0.3760602,5.0,1.0,1.0,2.0,2.0,2.0,2.0,2.0,2.0,2.0,2.0,5.0
1,1.5006623,1.5286295,99.0,3.0,,3.0,1.0,1.0,1.0,4.0,1.0,2.0,3.0,7.0
1,0.9369966,0.9424109,4.0,1.0,7.0,4.0,4.0,3.0,4.0,4.0,2.0,3.0,1.0,4.0
1,0.8779988,0.8117887,2.0,1.0,5.0,4.0,4.0,4.0,4.0,4.0,4.0,4.0,1.0,5.0
1,0.6226405,0.623557,7.0,1.0,11.0,1.0,1.0,4.0,1.0,3.0,1.0,1.0,3.0,7.0
1,1.2661246,1.1408862,3.0,1.0,4.0,4.0,4.0,2.0,3.0,3.0,4.0,4.0,1.0,7.0
1,0.6722142,0.6746908,10.0,1.0,11.0,1.0,1.0,2.0,1.0,3.0,1.0,1.0,4.0,4.0
1,1.8640314,2.0728297,0.0,1.0,4.0,4.0,4.0,2.0,2.0,4.0,2.0,2.0,3.0,8.0
1,1.6334939,1.6801653,7.0,3.0,,1.0,4.0,3.0,1.0,2.0,2.0,1.0,2.0,5.0
1,1.1259909,1.1147949,5.0,1.0,7.0,3.0,4.0,,,4.0,3.0,3.0,,5.0
1,0.3886746,0.3464795,7.0,1.0,2.0,2.0,2.0,2.0,2.0,1.0,2.0,2.0,1.0,7.0
1,2.5623786,2.632189,99.0,3.0,,2.0,,,2.0,3.0,,2.0,,5.0
1,0.9653323,0.8653208,2.0,1.0,4.0,3.0,4.0,2.0,3.0,3.0,3.0,3.0,1.0,9.0
1,0.7188126,0.7156653,7.0,1.0,11.0,1.0,1.0,3.0,1.0,2.0,2.0,1.0,2.0,8.0
1,0.626372,0.5853913,4.0,1.0,5.0,3.0,4.0,3.0,4.0,3.0,3.0,3.0,2.0,9.0
1,0.854929,0.7690425,7.0,1.0,8.0,2.0,4.0,3.0,,2.0,3.0,3.0,,4.0
1,0.4751936,0.4743359,5.0,1.0,11.0,1.0,1.0,3.0,1.0,2.0,4.0,1.0,2.0,8.0
1,1.3066905,1.3503366,8.0,1.0,13.0,1.0,1.0,4.0,1.0,1.0,2.0,1.0,3.0,5.0
1,1.6278505,1.6795861,1.0,1.0,4.0,3.0,4.0,1.0,3.0,2.0,2.0,4.0,1.0,8.0
1,2.4723909,2.0659242,5.0,1.0,13.0,3.0,4.0,2.0,2.0,3.0,1.0,3.0,,5.0
1,0.442766,0.4933901,6.0,1.0,8.0,2.0,4.0,3.0,1.0,2.0,3.0,4.0,4.0,4.0
1,2.1065331,1.8885698,1.0,1.0,4.0,3.0,2.0,2.0,2.0,3.0,3.0,,2.0,8.0
1,0.9006008,0.8935385,5.0,1.0,7.0,1.0,3.0,4.0,1.0,2.0,1.0,2.0,3.0,6.0
1,0.898295,0.8935421,7.0,1.0,11.0,1.0,1.0,4.0,2.0,1.0,1.0,2.0,2.0,5.0
1,0.4394327,0.4841057,1.0,1.0,3.0,4.0,4.0,2.0,4.0,3.0,4.0,4.0,2.0,9.0
1,0.4246913,0.3781925,1.0,1.0,2.0,4.0,4.0,4.0,4.0,4.0,4.0,4.0,1.0,7.0
1,1.0935644,1.0833879,7.0,1.0,7.0,2.0,3.0,3.0,1.0,2.0,2.0,2.0,3.0,8.0
1,2.4723909,2.0659242,7.0,1.0,13.0,2.0,3.0,2.0,1.0,3.0,2.0,3.0,3.0,7.0
1,1.2434632,1.2821246,99.0,3.0,,2.0,1.0,3.0,1.0,4.0,3.0,2.0,2.0,5.0
1,0.9018278,0.9038318,8.0,1.0,11.0,1.0,1.0,4.0,1.0,1.0,1.0,2.0,4.0,0.0
1,1.6266531,1.6838183,99.0,1.0,13.0,,4.0,,,2.0,2.0,2.0,,6.0
1,0.527143,0.5338882,5.0,1.0,11.0,3.0,3.0,3.0,4.0,3.0,3.0,3.0,3.0,5.0
1,0.7210406,0.6808382,6.0,1.0,6.0,4.0,4.0,2.0,2.0,3.0,4.0,4.0,3.0,7.0
1,0.9746054,0.965915,1.0,1.0,11.0,2.0,3.0,1.0,2.0,2.0,3.0,2.0,2.0,7.0
1,1.4723488,1.3131156,5.0,1.0,4.0,2.0,,3.0,2.0,2.0,3.0,2.0,1.0,10.0
1,0.8817465,0.9435453,7.0,1.0,9.0,2.0,2.0,2.0,2.0,3.0,3.0,2.0,2.0,0.0
1,0.6992698,0.6945286,99.0,1.0,7.0,1.0,1.0,3.0,1.0,1.0,2.0,4.0,1.0,10.0
1,1.0341605,1.0362691,10.0,1.0,9.0,1.0,2.0,4.0,,1.0,2.0,4.0,2.0,9.0
1,1.0920981,1.0905433,6.0,2.0,,3.0,4.0,1.0,2.0,3.0,3.0,2.0,2.0,7.0
1,1.2777326,1.3247279,99.0,3.0,,2.0,2.0,3.0,2.0,2.0,2.0,3.0,3.0,8.0
1,1.5764709,1.4237584,6.0,1.0,4.0,2.0,2.0,2.0,1.0,2.0,2.0,2.0,2.0,6.0
1,0.9662248,0.8643827,7.0,1.0,8.0,1.0,1.0,4.0,1.0,1.0,1.0,1.0,4.0,6.0
1,0.9012027,0.8459029,,1.0,6.0,2.0,4.0,3.0,1.0,3.0,3.0,4.0,1.0,9.0
1,0.9078652,0.9035536,8.0,1.0,7.0,1.0,2.0,3.0,1.0,2.0,2.0,1.0,,7.0
1,0.9184557,0.9215825,9.0,1.0,11.0,1.0,1.0,4.0,1.0,1.0,1.0,2.0,2.0,4.0
1,1.5559649,1.3930186,2.0,1.0,4.0,3.0,,2.0,3.0,3.0,3.0,3.0,2.0,8.0
1,0.5616455,0.5644811,5.0,1.0,11.0,1.0,4.0,2.0,1.0,3.0,3.0,1.0,3.0,7.0
1,0.8660698,0.8650065,8.0,1.0,7.0,2.0,2.0,4.0,1.0,2.0,2.0,2.0,3.0,4.0
1,2.2601142,1.8892212,7.0,1.0,13.0,2.0,4.0,,1.0,3.0,2.0,,4.0,7.0
1,0.7271786,0.7207453,9.0,1.0,11.0,2.0,2.0,2.0,3.0,2.0,2.0,2.0,2.0,5.0
1,1.3642389,1.3851877,8.0,1.0,10.0,1.0,4.0,3.0,1.0,3.0,1.0,2.0,4.0,5.0
1,1.3256617,1.4628015,3.0,1.0,4.0,3.0,2.0,,2.0,3.0,3.0,3.0,2.0,5.0
1,0.7570214,0.7567894,3.0,1.0,11.0,1.0,3.0,3.0,1.0,1.0,2.0,2.0,2.0,5.0
1,0.5394995,0.5060802,3.0,1.0,5.0,3.0,4.0,2.0,3.0,4.0,3.0,3.0,3.0,5.0
1,0.6650648,0.6653958,99.0,1.0,11.0,1.0,1.0,4.0,1.0,2.0,2.0,1.0,3.0,8.0
1,0.3842384,0.3456412,3.0,1.0,3.0,3.0,2.0,3.0,4.0,4.0,3.0,2.0,3.0,4.0
1,0.4445916,0.4961624,7.0,1.0,8.0,3.0,4.0,2.0,1.0,2.0,2.0,2.0,3.0,5.0
1,0.7002097,0.7002943,7.0,1.0,11.0,1.0,1.0,4.0,1.0,1.0,4.0,1.0,3.0,7.0
1,1.0388623,1.0347455,99.0,1.0,11.0,1.0,1.0,3.0,3.0,2.0,1.0,1.0,1.0,7.0
1,0.8379987,0.8348035,10.0,1.0,11.0,1.0,1.0,4.0,1.0,2.0,1.0,4.0,3.0,9.0
1,0.9129325,0.9489009,99.0,1.0,12.0,3.0,4.0,2.0,2.0,3.0,2.0,3.0,3.0,2.0
1,0.7426783,0.6772216,7.0,1.0,8.0,2.0,,3.0,2.0,3.0,2.0,,3.0,4.0
1,0.5136091,0.5154293,8.0,1.0,11.0,1.0,4.0,3.0,4.0,1.0,2.0,1.0,3.0,5.0
1,0.6295605,0.5928237,2.0,1.0,6.0,4.0,4.0,1.0,4.0,4.0,3.0,4.0,1.0,10.0
1,2.4494803,2.0343037,4.0,1.0,13.0,2.0,4.0,2.0,3.0,3.0,4.0,3.0,3.0,9.0
1,1.1639192,1.185958,10.0,1.0,10.0,1.0,1.0,4.0,1.0,1.0,2.0,1.0,4.0,6.0
1,0.7185504,0.7148373,8.0,1.0,7.0,1.0,1.0,4.0,2.0,1.0,2.0,2.0,3.0,9.0
1,1.2426226,1.2471427,5.0,1.0,7.0,2.0,2.0,2.0,2.0,2.0,3.0,2.0,3.0,3.0
1,0.8506503,0.878763,8.0,3.0,,1.0,2.0,3.0,2.0,3.0,4.0,2.0,2.0,5.0
1,0.7939357,0.7886394,10.0,1.0,11.0,1.0,3.0,4.0,1.0,1.0,1.0,1.0,4.0,0.0
1,0.8793693,0.9360859,7.0,2.0,,2.0,1.0,1.0,2.0,3.0,1.0,2.0,1.0,7.0
1,0.6641489,0.6021351,7.0,1.0,8.0,2.0,3.0,2.0,1.0,1.0,2.0,1.0,2.0,10.0
1,0.528685,0.5270503,5.0,1.0,7.0,2.0,1.0,1.0,2.0,1.0,2.0,2.0,1.0,7.0
1,1.7179868,1.7534819,99.0,3.0,,1.0,1.0,4.0,1.0,1.0,3.0,2.0,3.0,6.0
1,0.7682208,0.8820511,5.0,1.0,7.0,3.0,3.0,,,3.0,4.0,,,5.0
1,0.6785675,0.6818781,5.0,1.0,11.0,1.0,3.0,3.0,2.0,1.0,3.0,2.0,3.0,5.0
1,1.055846,1.0437534,6.0,1.0,7.0,2.0,3.0,4.0,3.0,2.0,1.0,2.0,3.0,8.0
1,0.7448012,0.7472804,9.0,1.0,11.0,2.0,2.0,4.0,,2.0,,2.0,3.0,9.0
1,0.5608659,0.5632501,9.0,1.0,11.0,1.0,1.0,4.0,1.0,1.0,4.0,4.0,1.0,9.0
1,1.2777326,1.3247279,5.0,1.0,13.0,1.0,3.0,4.0,1.0,1.0,3.0,4.0,1.0,5.0
1,0.8741049,0.9044589,6.0,3.0,,2.0,3.0,4.0,2.0,2.0,2.0,3.0,2.0,7.0
1,0.2228087,0.2515196,99.0,1.0,1.0,1.0,2.0,4.0,1.0,2.0,1.0,2.0,1.0,8.0
1,0.8075312,0.9374282,2.0,1.0,6.0,3.0,4.0,2.0,1.0,3.0,3.0,2.0,4.0,8.0
1,0.6785675,0.6818781,10.0,1.0,11.0,2.0,2.0,2.0,1.0,2.0,1.0,1.0,2.0,8.0
1,1.4744765,1.5146387,99.0,1.0,13.0,4.0,4.0,1.0,3.0,4.0,4.0,1.0,3.0,
1,0.4629267,0.4635433,9.0,1.0,11.0,1.0,1.0,2.0,1.0,3.0,2.0,1.0,3.0,4.0
1,1.5115575,1.5443186,5.0,3.0,,2.0,2.0,1.0,1.0,1.0,1.0,1.0,1.0,5.0
1,1.0924362,1.1277883,8.0,3.0,,1.0,1.0,4.0,1.0,1.0,2.0,1.0,3.0,10.0
1,0.9184557,0.9215825,9.0,1.0,11.0,1.0,1.0,1.0,1.0,1.0,2.0,1.0,2.0,2.0
1,0.5894309,0.5918087,8.0,1.0,11.0,1.0,4.0,2.0,1.0,4.0,1.0,2.0,4.0,6.0
1,0.5284183,0.4776286,7.0,1.0,8.0,2.0,2.0,2.0,1.0,2.0,4.0,2.0,4.0,0.0
1,0.6163688,0.6111745,99.0,1.0,9.0,2.0,2.0,4.0,2.0,1.0,4.0,4.0,,8.0
1,0.6685666,0.6217467,2.0,1.0,5.0,4.0,4.0,3.0,2.0,4.0,4.0,4.0,2.0,3.0
1,0.5193787,0.5761077,3.0,1.0,3.0,2.0,2.0,3.0,3.0,2.0,3.0,3.0,3.0,7.0
1,0.9584672,0.9938721,5.0,1.0,13.0,3.0,3.0,4.0,3.0,3.0,3.0,3.0,4.0,5.0
1,1.1435118,1.1339004,5.0,1.0,7.0,3.0,4.0,2.0,3.0,4.0,2.0,1.0,2.0,7.0
1,0.7033165,0.6925458,5.0,1.0,7.0,4.0,4.0,2.0,2.0,,1.0,2.0,3.0,7.0
1,0.3962414,0.4222402,7.0,1.0,11.0,1.0,3.0,3.0,1.0,3.0,2.0,2.0,4.0,8.0
1,0.9504036,0.9383965,3.0,1.0,7.0,3.0,4.0,2.0,2.0,3.0,3.0,2.0,2.0,5.0
1,0.8451409,0.8394687,99.0,1.0,11.0,1.0,3.0,1.0,1.0,2.0,3.0,2.0,1.0,6.0
1,0.4575488,0.4776286,10.0,1.0,8.0,1.0,3.0,4.0,1.0,1.0,4.0,1.0,1.0,4.0
1,0.3669574,0.327884,7.0,1.0,2.0,2.0,2.0,2.0,2.0,1.0,2.0,1.0,2.0,7.0
1,0.6430731,0.6772216,7.0,1.0,8.0,2.0,1.0,3.0,2.0,2.0,1.0,4.0,4.0,8.0
1,0.7303463,0.8454378,4.0,1.0,6.0,,4.0,,,2.0,,,2.0,5.0
1,0.7870963,0.7740261,6.0,1.0,7.0,1.0,1.0,3.0,1.0,1.0,2.0,2.0,4.0,
1,1.3023998,1.2992032,7.0,2.0,,1.0,2.0,,1.0,2.0,2.0,,,5.0
1,1.8480086,1.6536373,99.0,1.0,4.0,1.0,4.0,4.0,3.0,2.0,4.0,2.0,1.0,10.0
1,1.0501003,1.0530187,5.0,2.0,,2.0,4.0,4.0,1.0,2.0,2.0,3.0,4.0,2.0
1,0.9504036,0.9383965,4.0,1.0,7.0,1.0,3.0,3.0,2.0,1.0,2.0,1.0,2.0,6.0
1,1.0505356,1.0567403,9.0,1.0,11.0,1.0,1.0,4.0,1.0,1.0,3.0,1.0,2.0,10.0
1,0.5999911,0.6001086,10.0,1.0,11.0,1.0,2.0,1.0,1.0,1.0,2.0,1.0,1.0,5.0
1,0.9219919,0.9190389,7.0,1.0,7.0,2.0,1.0,3.0,1.0,4.0,3.0,1.0,4.0,7.0
1,1.8262012,1.5238361,4.0,1.0,13.0,1.0,4.0,3.0,1.0,2.0,2.0,1.0,2.0,9.0
1,0.938905,0.9337187,10.0,1.0,11.0,1.0,1.0,2.0,1.0,1.0,4.0,1.0,2.0,10.0
1,0.9806293,0.9546601,6.0,3.0,,4.0,3.0,2.0,4.0,2.0,4.0,3.0,4.0,4.0
1,0.4531557,0.4501821,99.0,1.0,9.0,2.0,4.0,3.0,,2.0,2.0,4.0,3.0,7.0
1,0.4738256,0.4262616,3.0,1.0,3.0,2.0,4.0,3.0,2.0,1.0,2.0,3.0,2.0,7.0
1,0.4038078,0.4618042,4.0,1.0,5.0,1.0,2.0,3.0,1.0,3.0,2.0,2.0,2.0,7.0
1,1.1280521,1.1633379,99.0,3.0,,2.0,2.0,2.0,,,3.0,1.0,,5.0
1,1.2777326,1.3247279,99.0,3.0,,1.0,1.0,1.0,2.0,3.0,1.0,1.0,2.0,7.0
1,1.0806433,1.1233113,4.0,3.0,,3.0,4.0,3.0,3.0,3.0,3.0,2.0,,8.0
1,0.9018278,0.9038318,9.0,1.0,11.0,1.0,1.0,2.0,2.0,1.0,1.0,1.0,3.0,8.0
1,1.0344393,1.0389348,5.0,1.0,11.0,2.0,2.0,4.0,2.0,3.0,4.0,4.0,3.0,10.0
1,1.2444099,1.2390668,6.0,1.0,7.0,3.0,4.0,2.0,2.0,2.0,2.0,2.0,2.0,8.0
1,0.6187521,0.614885,5.0,1.0,7.0,3.0,3.0,2.0,3.0,4.0,3.0,4.0,2.0,9.0
1,1.8731117,1.9436442,4.0,3.0,,4.0,2.0,2.0,2.0,4.0,,3.0,,5.0
1,0.626546,0.6276677,8.0,1.0,11.0,1.0,1.0,4.0,1.0,1.0,1.0,2.0,4.0,7.0
1,0.7458771,0.7015768,99.0,1.0,6.0,2.0,4.0,4.0,1.0,1.0,3.0,3.0,1.0,6.0
1,0.9628475,1.0307022,8.0,1.0,10.0,1.0,3.0,3.0,1.0,2.0,2.0,1.0,3.0,9.0
1,1.1097219,1.1446661,3.0,3.0,,2.0,1.0,3.0,1.0,2.0,4.0,3.0,1.0,10.0
1,1.6536149,1.7080884,9.0,1.0,13.0,1.0,1.0,4.0,1.0,2.0,3.0,3.0,3.0,7.0
1,1.4115363,1.3946354,7.0,1.0,7.0,2.0,3.0,2.0,2.0,2.0,1.0,3.0,3.0,6.0
1,0.548584,0.5498457,10.0,1.0,11.0,1.0,2.0,3.0,1.0,1.0,2.0,2.0,1.0,6.0
1,0.7362131,0.7326614,,1.0,7.0,3.0,2.0,2.0,2.0,3.0,2.0,2.0,2.0,6.0
1,0.7225544,0.7321349,1.0,1.0,11.0,1.0,1.0,1.0,1.0,1.0,1.0,4.0,1.0,7.0
1,0.348926,0.3137258,4.0,1.0,3.0,3.0,2.0,3.0,4.0,3.0,3.0,4.0,3.0,10.0
1,0.5986027,0.6019512,7.0,1.0,11.0,2.0,3.0,3.0,1.0,2.0,2.0,3.0,3.0,3.0
1,1.1889312,1.227908,99.0,1.0,14.0,2.0,2.0,2.0,2.0,2.0,2.0,2.0,2.0,5.0
1,0.5288386,0.5303714,3.0,1.0,11.0,2.0,2.0,2.0,2.0,2.0,3.0,2.0,2.0,5.0
1,0.5851569,0.6020244,7.0,1.0,3.0,1.0,1.0,1.0,2.0,2.0,2.0,1.0,1.0,7.0
1,0.6621163,0.7347835,99.0,1.0,8.0,2.0,2.0,4.0,1.0,3.0,2.0,2.0,2.0,9.0
1,1.5796424,1.645273,4.0,3.0,,4.0,4.0,,2.0,4.0,4.0,,2.0,4.0
1,1.1259909,1.1147949,5.0,1.0,7.0,3.0,4.0,4.0,1.0,3.0,2.0,2.0,3.0,2.0
1,0.5973436,0.6581503,99.0,1.0,12.0,3.0,4.0,2.0,2.0,2.0,,2.0,2.0,7.0
1,1.2706871,1.1435577,2.0,1.0,4.0,2.0,4.0,2.0,1.0,3.0,2.0,2.0,1.0,6.0
1,1.1925563,1.0654184,7.0,1.0,12.0,2.0,2.0,2.0,1.0,2.0,2.0,2.0,3.0,8.0
1,1.7184252,1.5265931,2.0,1.0,4.0,,4.0,2.0,1.0,2.0,2.0,3.0,2.0,3.0
1,1.2351309,1.0998586,5.0,1.0,12.0,1.0,1.0,4.0,2.0,3.0,2.0,1.0,4.0,5.0
1,1.7184252,1.5265931,2.0,1.0,4.0,4.0,3.0,2.0,2.0,3.0,4.0,3.0,2.0,8.0
1,1.6845794,1.7276849,99.0,1.0,14.0,2.0,,3.0,3.0,3.0,4.0,2.0,2.0,5.0
1,1.7650391,1.7562932,7.0,1.0,7.0,1.0,1.0,1.0,1.0,1.0,1.0,1.0,1.0,8.0
1,0.6081623,0.6281924,8.0,1.0,8.0,1.0,1.0,,2.0,2.0,,3.0,1.0,8.0
1,0.7671661,0.7743843,10.0,1.0,10.0,1.0,1.0,4.0,1.0,1.0,1.0,1.0,3.0,5.0
1,2.0689809,2.1256857,99.0,1.0,4.0,,,,2.0,3.0,,,,7.0
1,0.5057089,0.5821447,3.0,1.0,5.0,2.0,3.0,2.0,1.0,2.0,1.0,2.0,1.0,6.0
1,0.8098599,0.8027956,8.0,1.0,11.0,4.0,3.0,1.0,2.0,1.0,4.0,4.0,1.0,9.0
1,0.861989,0.8716266,10.0,1.0,10.0,,1.0,4.0,1.0,1.0,3.0,3.0,4.0,4.0
1,1.8080146,1.513853,6.0,1.0,14.0,3.0,3.0,3.0,3.0,3.0,3.0,3.0,3.0,6.0
1,1.1435118,1.1339004,5.0,1.0,7.0,4.0,4.0,1.0,4.0,4.0,4.0,4.0,4.0,5.0
1,0.7613842,0.7571213,9.0,1.0,11.0,2.0,2.0,2.0,2.0,2.0,2.0,2.0,2.0,8.0
1,0.5885438,0.5907657,10.0,1.0,11.0,1.0,4.0,3.0,2.0,2.0,2.0,2.0,2.0,9.0
1,0.3488777,0.3857618,3.0,1.0,3.0,,4.0,2.0,,3.0,3.0,2.0,,5.0
1,1.6862622,1.7230573,99.0,1.0,13.0,2.0,2.0,3.0,1.0,1.0,1.0,2.0,1.0,9.0
1,1.3762003,1.430961,,3.0,,2.0,1.0,2.0,2.0,3.0,4.0,3.0,1.0,10.0
1,1.6088401,1.4302919,1.0,1.0,4.0,2.0,2.0,2.0,2.0,3.0,2.0,1.0,2.0,7.0
1,1.3903923,1.4212198,,3.0,,1.0,4.0,3.0,4.0,4.0,2.0,1.0,1.0,8.0
1,0.5259261,0.5273564,8.0,1.0,11.0,1.0,2.0,4.0,1.0,1.0,2.0,1.0,4.0,7.0
1,0.2936071,0.2626994,5.0,1.0,2.0,4.0,4.0,4.0,1.0,3.0,4.0,4.0,3.0,6.0
1,1.8374172,1.9025093,6.0,1.0,13.0,2.0,2.0,3.0,1.0,3.0,4.0,1.0,4.0,5.0
1,1.0935644,1.0833879,5.0,1.0,7.0,,,3.0,2.0,3.0,3.0,2.0,2.0,7.0
1,2.1324165,2.0424047,10.0,3.0,,1.0,1.0,4.0,2.0,1.0,3.0,1.0,4.0,7.0
1,0.6330464,0.6311063,9.0,1.0,11.0,1.0,3.0,2.0,1.0,2.0,2.0,1.0,1.0,10.0
1,1.5947829,1.7464552,99.0,1.0,4.0,2.0,2.0,3.0,2.0,2.0,4.0,2.0,3.0,6.0
1,0.6373068,0.6069819,4.0,1.0,6.0,2.0,3.0,4.0,2.0,2.0,2.0,2.0,3.0,4.0
1,1.0186098,1.0229055,4.0,2.0,,3.0,3.0,4.0,3.0,3.0,4.0,4.0,3.0,4.0
1,1.2976147,1.3474313,3.0,3.0,,2.0,4.0,2.0,2.0,3.0,3.0,3.0,3.0,6.0
1,0.9552197,0.9461634,3.0,1.0,7.0,3.0,4.0,4.0,4.0,4.0,4.0,4.0,2.0,5.0
1,1.8886186,1.9498414,99.0,3.0,,2.0,1.0,3.0,1.0,2.0,2.0,1.0,1.0,5.0
1,0.7326574,0.7366623,8.0,1.0,11.0,1.0,3.0,3.0,1.0,1.0,2.0,3.0,3.0,6.0
1,1.7468847,1.8042836,5.0,1.0,13.0,3.0,2.0,2.0,2.0,3.0,3.0,3.0,2.0,6.0
1,1.2627962,1.3091505,6.0,3.0,,3.0,4.0,2.0,3.0,3.0,3.0,2.0,2.0,6.0
1,0.9061692,0.9428208,3.0,1.0,4.0,2.0,3.0,3.0,2.0,3.0,3.0,4.0,1.0,7.0
1,1.4986484,1.5114611,10.0,1.0,10.0,1.0,1.0,4.0,1.0,2.0,2.0,2.0,3.0,5.0
1,1.1795163,1.2183983,99.0,3.0,,2.0,2.0,2.0,3.0,2.0,2.0,1.0,1.0,5.0
1,2.0254369,2.0774078,99.0,3.0,,1.0,,4.0,,1.0,,,,5.0
1,0.8693285,0.8650085,5.0,1.0,7.0,3.0,3.0,2.0,3.0,3.0,3.0,2.0,2.0,5.0
1,0.6169461,0.6170918,9.0,1.0,11.0,2.0,1.0,2.0,1.0,2.0,3.0,1.0,2.0,7.0
1,1.3476312,1.3859341,5.0,1.0,13.0,2.0,2.0,2.0,1.0,3.0,3.0,3.0,2.0,6.0
1,0.5755009,0.5795619,9.0,1.0,11.0,2.0,1.0,3.0,1.0,1.0,2.0,3.0,3.0,8.0
1,1.0432199,1.0371687,4.0,1.0,7.0,,3.0,2.0,2.0,3.0,2.0,2.0,2.0,7.0
1,1.4716083,1.5153499,99.0,3.0,,2.0,2.0,2.0,2.0,2.0,2.0,3.0,2.0,2.0
1,1.6843458,1.7518835,99.0,1.0,4.0,,,,2.0,3.0,4.0,,2.0,9.0
1,0.555639,0.6137938,5.0,1.0,12.0,1.0,2.0,3.0,1.0,1.0,3.0,1.0,1.0,7.0
1,1.6410153,1.6741048,99.0,3.0,,4.0,1.0,2.0,3.0,4.0,4.0,2.0,2.0,10.0
1,1.7333019,1.5625503,4.0,1.0,4.0,3.0,4.0,2.0,4.0,4.0,3.0,3.0,2.0,8.0
1,0.6264348,0.6218799,5.0,1.0,7.0,1.0,1.0,3.0,1.0,2.0,3.0,2.0,3.0,8.0
1,0.8437918,0.8556842,8.0,1.0,10.0,1.0,3.0,4.0,1.0,1.0,1.0,1.0,3.0,3.0
1,0.4665656,0.4190793,4.0,1.0,3.0,3.0,4.0,4.0,2.0,3.0,2.0,3.0,,
1,1.5847433,1.6281272,3.0,3.0,,3.0,3.0,2.0,2.0,3.0,3.0,2.0,2.0,6.0
1,0.9508326,0.9607533,5.0,1.0,10.0,1.0,1.0,3.0,1.0,2.0,1.0,1.0,1.0,10.0
1,0.8416016,0.8412939,10.0,1.0,11.0,1.0,3.0,4.0,1.0,1.0,1.0,2.0,3.0,5.0
1,0.5400187,0.5464521,8.0,1.0,11.0,1.0,1.0,4.0,1.0,1.0,1.0,2.0,4.0,1.0
1,1.2370231,1.366555,99.0,1.0,4.0,,,2.0,,,,2.0,1.0,
1,1.1741326,1.2122909,99.0,1.0,13.0,1.0,1.0,1.0,1.0,3.0,1.0,1.0,1.0,5.0
1,1.7551987,1.8099227,5.0,1.0,13.0,1.0,3.0,4.0,1.0,1.0,4.0,2.0,2.0,7.0
1,2.8967452,2.4085374,,1.0,13.0,2.0,1.0,3.0,2.0,2.0,1.0,3.0,1.0,
1,1.1435118,1.1339004,4.0,1.0,7.0,3.0,3.0,3.0,2.0,3.0,2.0,1.0,4.0,2.0
1,0.5201809,0.5225018,9.0,1.0,11.0,2.0,1.0,3.0,3.0,2.0,3.0,3.0,3.0,9.0
1,0.791869,0.7122107,6.0,1.0,12.0,2.0,4.0,2.0,2.0,3.0,3.0,3.0,3.0,7.0
1,0.6737875,0.6692836,7.0,1.0,7.0,1.0,4.0,2.0,1.0,1.0,3.0,2.0,1.0,7.0
1,0.7791036,0.7876559,7.0,1.0,10.0,1.0,2.0,1.0,1.0,2.0,2.0,2.0,3.0,6.0
1,1.5006623,1.5286295,99.0,1.0,14.0,1.0,1.0,4.0,2.0,2.0,3.0,1.0,2.0,5.0
1,0.9364431,1.007194,8.0,1.0,11.0,1.0,,4.0,1.0,1.0,3.0,1.0,2.0,8.0
1,1.2444099,1.2390668,7.0,1.0,7.0,3.0,3.0,3.0,2.0,3.0,2.0,3.0,4.0,5.0
1,1.3511381,1.2027309,99.0,1.0,12.0,3.0,3.0,4.0,2.0,3.0,2.0,2.0,3.0,3.0
1,1.0086861,1.0381272,6.0,3.0,,3.0,3.0,2.0,2.0,2.0,3.0,2.0,3.0,6.0
1,0.9817584,0.9867753,7.0,1.0,7.0,3.0,4.0,3.0,2.0,3.0,1.0,2.0,1.0,4.0
1,0.7719225,0.7603915,99.0,1.0,7.0,2.0,1.0,2.0,1.0,1.0,1.0,2.0,1.0,8.0
1,0.4480279,0.4512152,5.0,1.0,11.0,2.0,4.0,2.0,1.0,1.0,3.0,3.0,2.0,3.0
1,0.6661241,0.6666709,10.0,1.0,11.0,1.0,1.0,4.0,1.0,1.0,3.0,1.0,2.0,5.0
1,0.4402243,0.4386247,5.0,1.0,11.0,2.0,4.0,3.0,1.0,3.0,1.0,2.0,,1.0
1,0.8612266,0.8895115,99.0,1.0,12.0,,1.0,,1.0,,4.0,4.0,,
1,1.1741326,1.2122909,3.0,3.0,,2.0,4.0,3.0,2.0,3.0,1.0,3.0,1.0,5.0
1,0.535504,0.5372037,3.0,1.0,11.0,1.0,1.0,4.0,1.0,2.0,2.0,1.0,2.0,7.0
1,0.7378061,0.6587127,99.0,1.0,3.0,3.0,1.0,2.0,1.0,3.0,1.0,2.0,,2.0
1,1.2849441,1.3064198,10.0,1.0,10.0,1.0,1.0,4.0,4.0,1.0,2.0,4.0,3.0,5.0
1,1.1924026,1.2330674,0.0,3.0,,2.0,1.0,2.0,2.0,3.0,2.0,3.0,2.0,4.0
1,0.5977628,0.6859718,8.0,1.0,7.0,1.0,1.0,4.0,1.0,1.0,1.0,2.0,4.0,4.0
1,1.6132177,1.600852,7.0,1.0,7.0,1.0,1.0,4.0,1.0,2.0,2.0,2.0,3.0,5.0
1,1.008828,1.0156296,7.0,1.0,7.0,3.0,3.0,4.0,2.0,3.0,2.0,3.0,4.0,3.0
1,2.0304821,2.1150262,99.0,3.0,,,,,2.0,2.0,,,,5.0
1,1.1463145,1.1460857,4.0,1.0,7.0,4.0,4.0,4.0,2.0,4.0,1.0,2.0,4.0,3.0
1,0.4397348,0.4915949,5.0,1.0,8.0,,2.0,4.0,4.0,3.0,4.0,3.0,4.0,4.0
1,0.6764892,0.6780964,9.0,1.0,11.0,1.0,1.0,2.0,1.0,1.0,1.0,2.0,1.0,7.0
1,1.1722505,1.2988721,2.0,1.0,4.0,3.0,3.0,2.0,3.0,2.0,3.0,3.0,2.0,5.0
1,1.1837215,1.0585917,0.0,1.0,4.0,1.0,4.0,1.0,,4.0,1.0,1.0,1.0,8.0
1,0.7370914,0.7413896,9.0,1.0,11.0,3.0,3.0,4.0,4.0,3.0,4.0,4.0,2.0,7.0
1,0.937274,0.9322857,5.0,1.0,7.0,1.0,1.0,2.0,1.0,1.0,2.0,2.0,4.0,6.0
1,1.0935644,1.0833879,5.0,1.0,7.0,1.0,1.0,2.0,2.0,3.0,2.0,1.0,2.0,5.0
1,1.664039,1.7199013,99.0,1.0,14.0,4.0,4.0,2.0,2.0,3.0,3.0,3.0,2.0,5.0
1,1.8258315,1.5242459,5.0,1.0,13.0,3.0,1.0,2.0,3.0,3.0,3.0,2.0,1.0,5.0
1,1.055846,1.0437534,4.0,1.0,7.0,4.0,4.0,2.0,3.0,3.0,3.0,3.0,3.0,5.0
1,0.9735069,0.8734617,5.0,1.0,12.0,4.0,4.0,2.0,2.0,4.0,1.0,3.0,4.0,5.0
1,1.7480209,1.8091596,99.0,3.0,,1.0,1.0,2.0,1.0,1.0,3.0,1.0,1.0,5.0
1,0.587801,0.5872777,10.0,1.0,11.0,1.0,1.0,3.0,1.0,2.0,3.0,1.0,4.0,4.0
1,0.4675449,0.4723683,8.0,1.0,11.0,1.0,2.0,4.0,1.0,1.0,2.0,2.0,2.0,5.0
1,0.4695441,0.4704635,8.0,1.0,11.0,2.0,1.0,4.0,2.0,3.0,3.0,2.0,2.0,7.0
1,1.1105807,1.1019552,9.0,1.0,7.0,1.0,1.0,4.0,1.0,1.0,1.0,1.0,4.0,6.0
1,3.3223746,3.4099076,99.0,3.0,,1.0,4.0,1.0,1.0,2.0,2.0,4.0,1.0,10.0
1,0.62562,0.5934451,4.0,1.0,6.0,3.0,3.0,2.0,2.0,3.0,3.0,2.0,3.0,6.0
1,0.7835931,0.7890325,6.0,1.0,11.0,1.0,1.0,4.0,3.0,2.0,4.0,3.0,3.0,7.0
1,0.9351059,0.9345039,7.0,1.0,7.0,2.0,1.0,4.0,2.0,3.0,3.0,1.0,4.0,7.0
1,1.1177275,1.043666,5.0,1.0,6.0,2.0,2.0,2.0,1.0,2.0,3.0,1.0,2.0,5.0
1,0.829917,0.8262707,8.0,1.0,7.0,2.0,3.0,4.0,3.0,1.0,2.0,1.0,4.0,8.0
1,0.5020233,0.5053999,99.0,1.0,11.0,2.0,2.0,4.0,2.0,2.0,3.0,2.0,2.0,5.0
1,1.5525521,1.6943051,2.0,1.0,4.0,4.0,4.0,1.0,3.0,4.0,4.0,3.0,2.0,10.0
1,1.5354193,1.287092,2.0,1.0,13.0,2.0,1.0,4.0,1.0,1.0,2.0,2.0,1.0,10.0
1,0.679132,0.6749617,4.0,1.0,7.0,1.0,1.0,3.0,3.0,1.0,3.0,1.0,2.0,6.0
1,1.7717159,1.9425356,3.0,1.0,4.0,4.0,4.0,1.0,2.0,4.0,2.0,2.0,1.0,9.0
1,0.2931562,0.3259981,2.0,1.0,3.0,1.0,1.0,1.0,1.0,2.0,1.0,1.0,1.0,10.0
1,1.0809633,1.1112425,99.0,1.0,13.0,1.0,3.0,4.0,2.0,2.0,2.0,3.0,2.0,10.0
1,1.94402,1.6345056,3.0,3.0,,4.0,,2.0,1.0,4.0,1.0,2.0,2.0,3.0
1,0.6162132,0.574337,3.0,1.0,6.0,4.0,4.0,1.0,3.0,3.0,3.0,4.0,3.0,5.0
1,1.0293145,1.019444,6.0,1.0,7.0,1.0,3.0,2.0,1.0,2.0,3.0,1.0,2.0,5.0
1,0.521601,0.5242628,99.0,1.0,11.0,2.0,3.0,3.0,2.0,2.0,4.0,2.0,3.0,4.0
1,0.7945516,0.782101,5.0,1.0,7.0,1.0,1.0,3.0,3.0,2.0,4.0,2.0,3.0,4.0
1,0.8416016,0.8412939,9.0,1.0,11.0,1.0,1.0,4.0,1.0,1.0,1.0,2.0,3.0,
1,0.5775793,0.5761703,3.0,1.0,7.0,3.0,4.0,2.0,2.0,4.0,2.0,2.0,2.0,5.0
1,1.6547632,1.6006905,99.0,3.0,,4.0,1.0,1.0,3.0,3.0,1.0,1.0,1.0,6.0
1,1.0935644,1.0833879,99.0,1.0,7.0,3.0,4.0,2.0,2.0,3.0,2.0,2.0,3.0,7.0
1,0.8513087,0.8459737,6.0,1.0,7.0,2.0,1.0,1.0,1.0,1.0,1.0,2.0,1.0,0.0
1,1.3451413,1.3773171,6.0,1.0,14.0,3.0,4.0,2.0,2.0,4.0,2.0,3.0,2.0,5.0
1,2.2966721,2.3747346,5.0,1.0,13.0,1.0,2.0,3.0,1.0,1.0,2.0,2.0,3.0,8.0
1,1.1435118,1.1339004,3.0,1.0,7.0,2.0,4.0,3.0,,2.0,2.0,2.0,2.0,9.0
1,0.590021,0.587871,9.0,1.0,11.0,1.0,1.0,1.0,1.0,1.0,1.0,2.0,3.0,8.0
1,0.6992835,0.6493453,3.0,1.0,5.0,4.0,4.0,1.0,3.0,3.0,4.0,4.0,1.0,8.0
1,1.0841193,1.1159117,5.0,1.0,13.0,4.0,4.0,2.0,2.0,3.0,2.0,4.0,2.0,5.0
1,0.6478108,0.6422398,6.0,1.0,7.0,3.0,3.0,2.0,1.0,2.0,3.0,3.0,2.0,6.0
1,0.4810345,0.5332636,5.0,1.0,3.0,2.0,4.0,2.0,1.0,2.0,3.0,2.0,1.0,5.0
1,0.8341121,0.8270877,5.0,1.0,7.0,1.0,2.0,2.0,2.0,2.0,4.0,2.0,2.0,7.0
1,0.3078417,0.3356648,1.0,1.0,2.0,2.0,3.0,2.0,3.0,3.0,2.0,3.0,2.0,9.0
1,0.9847391,1.0158452,0.0,1.0,4.0,3.0,3.0,3.0,4.0,3.0,4.0,3.0,3.0,1.0
1,0.5949869,0.5934668,10.0,1.0,11.0,1.0,1.0,3.0,2.0,2.0,3.0,1.0,2.0,9.0
1,0.6720212,0.6706828,10.0,1.0,11.0,2.0,2.0,2.0,1.0,1.0,2.0,2.0,4.0,8.0
1,0.4330275,0.4372391,9.0,1.0,11.0,1.0,1.0,4.0,2.0,1.0,3.0,2.0,3.0,9.0
1,1.6489427,1.7038984,1.0,3.0,,3.0,4.0,2.0,1.0,3.0,1.0,3.0,2.0,8.0
1,2.0472374,1.8079237,8.0,1.0,4.0,2.0,1.0,2.0,2.0,2.0,1.0,3.0,2.0,8.0
1,1.4745865,1.5149797,99.0,3.0,,4.0,3.0,1.0,1.0,4.0,1.0,3.0,1.0,5.0
1,0.7888114,0.8129333,5.0,1.0,12.0,,1.0,2.0,1.0,2.0,3.0,3.0,1.0,5.0
1,0.662824,0.6629581,5.0,1.0,11.0,1.0,1.0,2.0,2.0,1.0,1.0,4.0,1.0,6.0
1,0.6968808,0.6186946,99.0,1.0,12.0,3.0,3.0,2.0,2.0,3.0,2.0,2.0,2.0,5.0
1,0.5502693,0.5529121,2.0,1.0,11.0,1.0,2.0,4.0,1.0,1.0,4.0,1.0,2.0,3.0
1,0.7137105,0.7138164,8.0,1.0,11.0,1.0,2.0,2.0,1.0,2.0,4.0,1.0,1.0,10.0
1,1.4271901,1.2682523,6.0,1.0,4.0,2.0,2.0,2.0,3.0,3.0,2.0,2.0,1.0,6.0
1,1.5697397,1.4014015,0.0,1.0,4.0,1.0,1.0,1.0,3.0,1.0,1.0,4.0,1.0,3.0
1,0.4687545,0.4201209,6.0,1.0,3.0,2.0,3.0,2.0,3.0,2.0,3.0,3.0,3.0,6.0
1,0.6301569,0.6279429,9.0,1.0,11.0,2.0,3.0,3.0,1.0,3.0,3.0,4.0,2.0,8.0
1,1.0091267,1.0047178,5.0,1.0,7.0,3.0,2.0,2.0,2.0,2.0,2.0,2.0,3.0,6.0
1,0.4759693,0.4755512,7.0,1.0,11.0,1.0,1.0,1.0,1.0,1.0,1.0,1.0,1.0,9.0
1,0.527299,0.5281522,7.0,1.0,11.0,1.0,1.0,4.0,1.0,1.0,1.0,2.0,3.0,8.0
1,1.0075934,1.0020144,7.0,2.0,,2.0,1.0,1.0,1.0,3.0,2.0,2.0,1.0,7.0
1,1.098249,1.2026951,2.0,1.0,4.0,3.0,4.0,2.0,3.0,3.0,3.0,3.0,2.0,7.0
1,1.3776437,1.4111297,99.0,1.0,13.0,3.0,3.0,4.0,3.0,1.0,3.0,4.0,3.0,5.0
1,1.201089,1.2111815,9.0,1.0,10.0,1.0,2.0,3.0,2.0,1.0,2.0,2.0,2.0,9.0
1,1.1872938,1.318432,4.0,1.0,4.0,2.0,4.0,3.0,2.0,3.0,3.0,2.0,2.0,4.0
1,0.7582205,0.8036261,99.0,1.0,9.0,2.0,2.0,,2.0,2.0,2.0,3.0,2.0,7.0
1,0.5781901,0.5803643,7.0,1.0,11.0,2.0,2.0,3.0,2.0,1.0,2.0,2.0,2.0,8.0
1,0.982049,0.9761735,3.0,1.0,7.0,4.0,1.0,1.0,3.0,2.0,2.0,1.0,2.0,4.0
1,1.3545046,1.4806327,2.0,1.0,4.0,3.0,2.0,2.0,2.0,3.0,2.0,3.0,1.0,9.0
1,0.8764352,0.8681529,5.0,1.0,7.0,2.0,2.0,2.0,2.0,2.0,2.0,2.0,4.0,7.0
1,0.7457456,0.794858,99.0,1.0,9.0,2.0,2.0,2.0,2.0,3.0,2.0,2.0,2.0,5.0
1,0.6205016,0.6173624,9.0,1.0,11.0,1.0,1.0,3.0,1.0,1.0,1.0,1.0,3.0,2.0
1,0.6682212,0.6584625,7.0,1.0,7.0,2.0,2.0,2.0,2.0,2.0,2.0,2.0,2.0,7.0
1,1.5936221,1.7531875,1.0,1.0,4.0,3.0,4.0,3.0,2.0,3.0,3.0,3.0,2.0,8.0
1,0.7719225,0.7603915,99.0,1.0,7.0,1.0,1.0,1.0,2.0,2.0,1.0,1.0,1.0,6.0
1,1.7082464,1.531378,3.0,1.0,4.0,3.0,4.0,2.0,4.0,4.0,1.0,4.0,1.0,10.0
1,0.982049,0.9761735,7.0,1.0,7.0,1.0,2.0,2.0,2.0,2.0,2.0,2.0,2.0,7.0
1,1.3615392,1.3945363,99.0,1.0,13.0,3.0,2.0,2.0,3.0,4.0,3.0,3.0,2.0,5.0
1,0.6641654,0.6627963,10.0,1.0,11.0,1.0,1.0,4.0,1.0,1.0,1.0,2.0,3.0,3.0
1,0.2972698,0.328332,2.0,1.0,3.0,3.0,,2.0,2.0,3.0,2.0,,2.0,5.0
1,0.6852387,0.7366623,8.0,1.0,11.0,1.0,2.0,4.0,2.0,,2.0,1.0,4.0,8.0
1,0.5004857,0.502597,10.0,1.0,11.0,1.0,1.0,4.0,1.0,1.0,1.0,4.0,3.0,8.0
1,0.6530665,0.6145911,6.0,1.0,6.0,2.0,3.0,3.0,3.0,2.0,3.0,2.0,3.0,5.0
1,0.5502693,0.5529121,99.0,1.0,11.0,2.0,1.0,4.0,1.0,2.0,4.0,2.0,3.0,7.0
1,1.6092439,1.6595613,6.0,3.0,,1.0,3.0,3.0,4.0,3.0,3.0,2.0,3.0,6.0
1,0.6898147,0.6917065,10.0,1.0,11.0,1.0,2.0,1.0,2.0,2.0,1.0,1.0,2.0,9.0
1,0.5974174,0.5962211,5.0,1.0,11.0,1.0,1.0,3.0,1.0,2.0,2.0,2.0,3.0,8.0
1,0.6991979,0.6979706,99.0,1.0,9.0,2.0,2.0,3.0,2.0,3.0,3.0,2.0,2.0,7.0
1,0.7856059,0.7822182,5.0,1.0,7.0,2.0,2.0,2.0,1.0,2.0,2.0,2.0,2.0,7.0
1,0.3801254,0.3356648,0.0,1.0,2.0,1.0,1.0,4.0,2.0,1.0,4.0,2.0,2.0,6.0
1,1.593577,1.5361427,9.0,,,2.0,3.0,2.0,2.0,2.0,2.0,3.0,2.0,5.0
1,0.7735689,0.7690383,99.0,1.0,7.0,1.0,1.0,3.0,2.0,2.0,3.0,3.0,2.0,7.0
1,1.2086911,1.231799,99.0,1.0,13.0,1.0,1.0,4.0,1.0,1.0,2.0,2.0,2.0,7.0
1,0.4211786,0.4671464,99.0,1.0,3.0,1.0,4.0,3.0,2.0,2.0,4.0,4.0,2.0,5.0
1,1.1128004,1.2248216,0.0,1.0,4.0,3.0,1.0,1.0,1.0,3.0,3.0,2.0,2.0,10.0
1,0.7866511,0.7877244,9.0,1.0,11.0,1.0,1.0,1.0,1.0,3.0,3.0,1.0,2.0,10.0
1,0.7436211,0.8570346,5.0,1.0,6.0,2.0,3.0,2.0,2.0,3.0,3.0,3.0,2.0,5.0
1,0.5974174,0.5962211,10.0,1.0,11.0,1.0,1.0,4.0,1.0,1.0,3.0,2.0,2.0,8.0
1,0.6792454,0.6800517,8.0,1.0,11.0,1.0,4.0,2.0,2.0,2.0,1.0,2.0,2.0,9.0
1,0.745379,0.7410849,99.0,1.0,7.0,3.0,4.0,3.0,2.0,3.0,2.0,3.0,3.0,3.0
1,0.9970675,1.0992976,9.0,1.0,12.0,2.0,4.0,2.0,2.0,3.0,4.0,2.0,2.0,9.0
1,0.6210122,0.6610956,99.0,1.0,9.0,,3.0,,2.0,2.0,4.0,2.0,2.0,6.0
1,1.6450735,1.6814159,99.0,1.0,14.0,3.0,3.0,3.0,2.0,3.0,3.0,3.0,2.0,5.0
1,0.4944504,0.4944952,10.0,1.0,11.0,1.0,2.0,2.0,1.0,2.0,2.0,2.0,1.0,6.0
1,1.1000988,1.0987657,4.0,2.0,,2.0,4.0,3.0,1.0,4.0,4.0,1.0,4.0,9.0
1,0.535504,0.5372037,10.0,1.0,11.0,1.0,1.0,4.0,1.0,1.0,1.0,1.0,1.0,10.0
1,1.7489465,1.8042493,7.0,1.0,13.0,2.0,1.0,3.0,2.0,2.0,2.0,1.0,2.0,8.0
1,0.5080836,0.5089546,10.0,1.0,11.0,1.0,1.0,3.0,1.0,1.0,2.0,1.0,3.0,5.0
1,0.7137105,0.7138164,6.0,1.0,11.0,1.0,1.0,2.0,1.0,2.0,2.0,1.0,3.0,6.0
1,1.0061824,1.1105199,0.0,1.0,4.0,1.0,1.0,3.0,1.0,2.0,3.0,2.0,1.0,8.0
1,1.2648931,1.2626009,99.0,2.0,,3.0,4.0,2.0,3.0,4.0,3.0,2.0,2.0,6.0
1,0.8616786,0.7670478,99.0,1.0,12.0,1.0,1.0,3.0,1.0,1.0,2.0,2.0,2.0,7.0
1,0.7248162,0.72605,10.0,1.0,11.0,1.0,1.0,1.0,1.0,1.0,1.0,1.0,1.0,2.0
1,0.2772038,0.3039624,7.0,1.0,2.0,4.0,1.0,2.0,2.0,4.0,1.0,3.0,1.0,10.0
1,1.3420805,1.3790221,5.0,1.0,14.0,2.0,2.0,2.0,2.0,2.0,2.0,2.0,2.0,5.0
1,0.4762858,0.4934455,99.0,1.0,3.0,2.0,2.0,1.0,4.0,2.0,2.0,4.0,3.0,5.0
1,0.8562149,0.8463446,4.0,1.0,7.0,2.0,4.0,4.0,1.0,4.0,4.0,4.0,1.0,10.0
1,0.7544177,0.7543923,8.0,1.0,11.0,3.0,2.0,4.0,3.0,2.0,4.0,1.0,2.0,7.0
1,0.6152898,0.6128964,8.0,1.0,11.0,1.0,3.0,4.0,2.0,1.0,2.0,4.0,3.0,6.0
1,1.3023998,1.2992032,6.0,2.0,,1.0,,3.0,2.0,1.0,,2.0,3.0,6.0
1,1.1715097,1.1687036,8.0,2.0,,2.0,3.0,3.0,1.0,3.0,2.0,3.0,2.0,7.0
1,1.6926798,1.7494864,6.0,1.0,13.0,2.0,2.0,3.0,2.0,3.0,3.0,4.0,3.0,7.0
1,0.7512097,0.7387886,8.0,1.0,7.0,1.0,2.0,3.0,1.0,1.0,1.0,2.0,3.0,5.0
1,0.7476689,0.7452179,7.0,1.0,7.0,1.0,1.0,4.0,1.0,2.0,2.0,2.0,3.0,5.0
1,1.6536149,1.7080884,99.0,1.0,13.0,1.0,1.0,4.0,4.0,1.0,1.0,1.0,1.0,2.0
1,0.6299818,0.5856479,2.0,1.0,5.0,2.0,2.0,3.0,1.0,2.0,2.0,3.0,3.0,7.0
1,1.3218415,1.1824818,5.0,1.0,4.0,4.0,3.0,1.0,,3.0,4.0,3.0,2.0,6.0
1,0.3842384,0.3456412,6.0,1.0,3.0,1.0,3.0,3.0,2.0,3.0,1.0,3.0,1.0,7.0
1,0.6898147,0.6917065,5.0,1.0,11.0,2.0,1.0,3.0,1.0,2.0,2.0,3.0,3.0,1.0
1,1.0309356,1.0187436,7.0,1.0,7.0,2.0,3.0,4.0,2.0,2.0,1.0,2.0,4.0,3.0
1,0.5618578,0.6082213,8.0,1.0,5.0,3.0,3.0,1.0,2.0,2.0,2.0,1.0,1.0,8.0
1,0.6323755,0.7758113,5.0,1.0,7.0,3.0,3.0,3.0,1.0,3.0,3.0,3.0,2.0,6.0
1,0.6792454,0.6800517,99.0,1.0,11.0,1.0,2.0,,1.0,1.0,1.0,4.0,1.0,9.0
1,1.1107681,1.1437364,99.0,1.0,13.0,1.0,3.0,4.0,2.0,3.0,4.0,4.0,1.0,5.0
1,0.8764428,0.8652362,10.0,1.0,11.0,1.0,1.0,2.0,1.0,1.0,2.0,1.0,1.0,6.0
1,0.5941323,0.5973348,7.0,1.0,11.0,1.0,1.0,3.0,1.0,1.0,2.0,1.0,3.0,5.0
1,2.076896,2.0789361,3.0,2.0,,2.0,4.0,1.0,4.0,2.0,4.0,2.0,1.0,10.0
1,1.202553,1.1959144,5.0,2.0,,4.0,3.0,1.0,1.0,4.0,3.0,3.0,1.0,10.0
1,1.1453292,1.1889921,6.0,1.0,13.0,1.0,1.0,1.0,1.0,3.0,4.0,1.0,1.0,8.0
1,0.9459159,0.9511766,7.0,2.0,,2.0,3.0,2.0,2.0,3.0,2.0,3.0,2.0,
1,1.3942344,1.3911637,5.0,1.0,11.0,2.0,2.0,2.0,2.0,2.0,2.0,2.0,2.0,5.0
1,1.2442901,1.3577001,1.0,1.0,4.0,4.0,4.0,1.0,4.0,4.0,3.0,4.0,2.0,8.0
1,1.9351665,1.9917493,8.0,3.0,,3.0,4.0,2.0,2.0,2.0,2.0,1.0,3.0,8.0
1,1.4716083,1.5153499,99.0,1.0,13.0,2.0,2.0,3.0,2.0,3.0,3.0,2.0,2.0,7.0
1,3.5440781,3.1764607,5.0,1.0,4.0,4.0,3.0,2.0,2.0,2.0,2.0,3.0,2.0,5.0
1,1.1280521,1.1633379,6.0,3.0,,1.0,2.0,2.0,1.0,2.0,3.0,2.0,3.0,7.0
1,0.6526682,0.6517877,10.0,1.0,11.0,1.0,1.0,2.0,1.0,1.0,2.0,1.0,1.0,10.0
1,1.4152025,1.2590779,2.0,1.0,4.0,3.0,2.0,2.0,2.0,3.0,3.0,2.0,2.0,7.0
1,1.4716083,1.5153499,2.0,3.0,,4.0,4.0,4.0,4.0,4.0,4.0,4.0,4.0,2.0
1,1.3226657,1.3214692,7.0,2.0,,2.0,3.0,2.0,1.0,2.0,2.0,1.0,2.0,6.0
1,0.7448012,0.7472804,99.0,1.0,11.0,2.0,2.0,2.0,4.0,2.0,1.0,2.0,3.0,5.0
1,0.6138897,0.6136552,10.0,1.0,11.0,1.0,1.0,1.0,2.0,1.0,1.0,1.0,3.0,7.0
1,1.3062562,1.2638133,7.0,1.0,14.0,2.0,2.0,2.0,2.0,2.0,2.0,2.0,2.0,7.0
1,1.6185691,1.6523532,99.0,1.0,14.0,3.0,4.0,4.0,3.0,3.0,3.0,2.0,4.0,5.0
1,1.1857953,1.1899451,99.0,2.0,,4.0,3.0,3.0,3.0,2.0,3.0,4.0,2.0,6.0
1,0.8623442,0.8593758,8.0,1.0,11.0,2.0,2.0,3.0,2.0,1.0,1.0,3.0,2.0,9.0
1,0.7640304,0.8341118,6.0,1.0,12.0,2.0,2.0,3.0,1.0,3.0,2.0,2.0,2.0,6.0
1,1.0618287,1.0715021,7.0,1.0,11.0,2.0,3.0,2.0,2.0,2.0,3.0,3.0,2.0,5.0
1,1.4105065,1.2533389,9.0,1.0,4.0,2.0,2.0,1.0,1.0,1.0,2.0,2.0,3.0,10.0
1,0.7137105,0.7138164,9.0,1.0,11.0,1.0,1.0,4.0,1.0,2.0,3.0,1.0,1.0,7.0
1,1.4393716,1.4440321,4.0,2.0,,4.0,2.0,2.0,3.0,1.0,4.0,2.0,2.0,4.0
1,0.5080836,0.5089546,8.0,1.0,11.0,2.0,2.0,2.0,2.0,2.0,3.0,2.0,2.0,7.0
1,1.5483533,1.5861294,99.0,1.0,4.0,3.0,3.0,3.0,3.0,3.0,3.0,3.0,3.0,7.0
1,0.8231218,0.8763075,6.0,1.0,11.0,2.0,3.0,1.0,2.0,1.0,1.0,1.0,2.0,7.0
1,1.3590212,1.1732315,6.0,2.0,,3.0,2.0,1.0,2.0,,2.0,2.0,3.0,7.0
1,0.8860915,1.0083122,6.0,1.0,7.0,3.0,2.0,2.0,2.0,2.0,2.0,2.0,2.0,8.0
1,1.5315334,1.5810611,6.0,1.0,14.0,4.0,2.0,2.0,1.0,3.0,3.0,4.0,2.0,6.0
1,0.9133805,0.9127753,8.0,1.0,11.0,2.0,4.0,2.0,2.0,2.0,4.0,3.0,2.0,7.0
1,0.2805887,0.2891249,8.0,1.0,2.0,3.0,2.0,2.0,1.0,2.0,1.0,2.0,1.0,7.0
1,1.4716083,1.5153499,99.0,3.0,,2.0,2.0,2.0,2.0,2.0,2.0,3.0,2.0,2.0
1,0.533864,0.5342245,9.0,1.0,11.0,2.0,1.0,3.0,1.0,2.0,3.0,1.0,3.0,8.0
1,1.5108805,1.2992032,7.0,2.0,,2.0,3.0,2.0,4.0,2.0,3.0,1.0,3.0,6.0
1,1.0880812,1.0886509,8.0,2.0,,1.0,4.0,3.0,1.0,1.0,3.0,2.0,2.0,2.0
1,0.7137105,0.7138164,6.0,1.0,11.0,2.0,2.0,2.0,3.0,2.0,3.0,3.0,2.0,6.0
1,1.0075934,1.0020144,6.0,2.0,,1.0,2.0,3.0,3.0,2.0,2.0,1.0,2.0,5.0
1,0.9611133,0.987655,5.0,1.0,12.0,1.0,2.0,4.0,1.0,1.0,3.0,4.0,1.0,10.0
1,0.9847391,1.0158452,10.0,1.0,4.0,1.0,1.0,1.0,1.0,1.0,1.0,1.0,1.0,10.0
1,0.6759102,0.668768,99.0,1.0,11.0,1.0,2.0,2.0,2.0,1.0,1.0,3.0,1.0,10.0
1,1.0501003,1.0530187,99.0,2.0,,4.0,4.0,1.0,3.0,4.0,4.0,4.0,1.0,
1,1.2776371,1.2773094,99.0,2.0,,3.0,1.0,1.0,1.0,4.0,3.0,1.0,2.0,
1,1.3451413,1.3773171,3.0,3.0,,1.0,4.0,2.0,1.0,1.0,1.0,3.0,2.0,9.0
1,1.1430883,1.1538905,10.0,1.0,10.0,1.0,1.0,4.0,1.0,1.0,4.0,1.0,1.0,10.0
1,0.7333894,0.7346891,5.0,1.0,11.0,2.0,2.0,2.0,2.0,3.0,2.0,1.0,1.0,10.0
1,0.9865454,1.0530187,8.0,2.0,,3.0,2.0,1.0,2.0,2.0,2.0,2.0,2.0,9.0
1,0.7137105,0.7138164,5.0,1.0,11.0,4.0,2.0,2.0,3.0,4.0,2.0,4.0,4.0,6.0
1,1.2845753,1.2842395,,2.0,,2.0,1.0,1.0,,3.0,3.0,4.0,2.0,5.0
1,0.662824,0.6629581,99.0,1.0,11.0,1.0,4.0,3.0,1.0,1.0,3.0,1.0,4.0,10.0
1,1.3146994,1.3024783,3.0,2.0,,4.0,2.0,2.0,3.0,3.0,2.0,3.0,,7.0
1,0.541838,0.5435959,2.0,1.0,11.0,3.0,4.0,2.0,2.0,2.0,3.0,3.0,1.0,9.0
1,0.7467691,0.747577,7.0,2.0,,2.0,3.0,1.0,4.0,4.0,2.0,1.0,1.0,6.0
1,0.3900842,0.4324056,3.0,1.0,3.0,2.0,4.0,2.0,2.0,2.0,3.0,2.0,2.0,7.0
1,2.1584518,1.929161,4.0,1.0,4.0,4.0,2.0,2.0,3.0,3.0,4.0,3.0,2.0,10.0
1,0.8229085,0.9125875,7.0,1.0,12.0,2.0,1.0,3.0,3.0,3.0,4.0,3.0,3.0,6.0
1,1.5436937,1.5920948,99.0,3.0,,3.0,4.0,2.0,3.0,3.0,3.0,2.0,3.0,7.0
1,0.5493834,0.5542558,5.0,1.0,9.0,1.0,1.0,4.0,1.0,2.0,2.0,3.0,2.0,5.0
1,1.0184128,1.0129383,3.0,2.0,,3.0,3.0,2.0,3.0,4.0,3.0,3.0,2.0,7.0
1,1.3218415,1.1824818,0.0,1.0,4.0,3.0,4.0,1.0,3.0,3.0,3.0,4.0,2.0,8.0
1,1.9145849,1.9643096,1.0,3.0,,1.0,3.0,1.0,1.0,1.0,3.0,3.0,1.0,8.0
1,2.0221484,2.0737164,5.0,1.0,13.0,2.0,1.0,3.0,2.0,2.0,2.0,1.0,2.0,5.0
1,1.4173175,1.419701,99.0,2.0,,2.0,2.0,1.0,4.0,3.0,2.0,2.0,2.0,7.0
1,0.6870476,0.7109315,7.0,1.0,8.0,2.0,2.0,2.0,2.0,2.0,3.0,2.0,3.0,7.0
1,1.3023998,1.2992032,4.0,2.0,,3.0,4.0,2.0,3.0,3.0,3.0,2.0,2.0,3.0
1,0.7248162,0.72605,10.0,1.0,11.0,1.0,1.0,4.0,2.0,1.0,2.0,2.0,3.0,4.0
1,1.4855224,1.7283174,0.0,1.0,6.0,3.0,4.0,4.0,4.0,2.0,4.0,4.0,3.0,2.0
1,0.6038519,0.5998229,10.0,1.0,11.0,1.0,1.0,4.0,1.0,1.0,,1.0,4.0,9.0
1,1.444828,1.5942458,2.0,1.0,4.0,4.0,2.0,1.0,4.0,2.0,4.0,3.0,1.0,10.0
1,0.9198554,0.9134548,6.0,1.0,11.0,1.0,1.0,4.0,4.0,1.0,3.0,4.0,4.0,6.0
1,0.4685183,0.4163354,8.0,1.0,2.0,2.0,1.0,1.0,1.0,1.0,2.0,1.0,1.0,8.0
1,1.7607939,1.5722541,3.0,1.0,4.0,2.0,2.0,2.0,2.0,2.0,2.0,1.0,2.0,6.0
1,0.6351554,0.6332703,99.0,1.0,11.0,1.0,1.0,1.0,1.0,2.0,2.0,1.0,1.0,9.0
1,0.9022804,0.9013662,7.0,2.0,,3.0,3.0,1.0,1.0,2.0,1.0,2.0,1.0,7.0
1,1.7221491,1.7738488,,3.0,,3.0,,3.0,3.0,3.0,3.0,1.0,3.0,6.0
1,1.1716954,1.1582713,3.0,1.0,7.0,4.0,4.0,2.0,3.0,3.0,3.0,2.0,3.0,10.0
1,1.6667445,1.7200086,99.0,1.0,13.0,4.0,3.0,1.0,2.0,4.0,3.0,4.0,2.0,
1,1.0936594,1.2096379,7.0,1.0,12.0,2.0,2.0,1.0,2.0,2.0,1.0,1.0,2.0,8.0
1,1.7221708,1.7670028,4.0,3.0,,3.0,3.0,2.0,1.0,4.0,3.0,2.0,3.0,5.0
1,0.9742029,0.9737848,5.0,2.0,,3.0,1.0,4.0,4.0,3.0,1.0,2.0,1.0,
1,0.6889137,0.7060663,99.0,1.0,12.0,1.0,3.0,4.0,2.0,1.0,3.0,4.0,3.0,5.0
1,0.8203881,0.9075263,99.0,1.0,12.0,2.0,4.0,2.0,3.0,3.0,3.0,3.0,2.0,5.0
1,0.8055678,0.7982258,4.0,1.0,11.0,3.0,4.0,1.0,4.0,3.0,4.0,2.0,2.0,4.0
1,0.727607,0.7240461,8.0,1.0,7.0,2.0,4.0,2.0,2.0,3.0,2.0,2.0,2.0,6.0
1,1.692026,1.6232924,7.0,1.0,13.0,1.0,2.0,2.0,2.0,2.0,3.0,3.0,2.0,7.0
1,1.202553,1.1959144,8.0,2.0,,4.0,1.0,2.0,2.0,3.0,3.0,4.0,2.0,
1,0.6044837,0.6033155,10.0,1.0,11.0,1.0,1.0,4.0,1.0,2.0,2.0,2.0,3.0,6.0
1,1.2163599,1.089546,2.0,1.0,4.0,1.0,4.0,2.0,1.0,1.0,2.0,3.0,1.0,8.0
1,0.5146484,0.5153034,9.0,1.0,11.0,2.0,2.0,3.0,2.0,2.0,2.0,2.0,2.0,7.0
1,0.6661241,0.6666709,10.0,1.0,11.0,1.0,1.0,4.0,1.0,1.0,2.0,2.0,2.0,9.0
1,0.8020604,0.8028954,9.0,1.0,11.0,4.0,2.0,2.0,3.0,1.0,3.0,3.0,3.0,8.0
1,0.5730715,0.5691572,6.0,1.0,7.0,3.0,3.0,3.0,1.0,3.0,2.0,2.0,3.0,
1,1.5354193,1.287092,7.0,1.0,14.0,1.0,1.0,4.0,2.0,1.0,1.0,4.0,4.0,7.0
1,0.9158607,0.9193218,10.0,1.0,11.0,2.0,2.0,2.0,2.0,3.0,2.0,1.0,2.0,8.0
1,0.3784494,0.3925925,8.0,1.0,8.0,1.0,1.0,4.0,1.0,2.0,1.0,1.0,4.0,1.0
1,1.8319687,1.8765171,8.0,1.0,4.0,1.0,1.0,2.0,1.0,1.0,1.0,2.0,2.0,3.0
1,0.5261325,0.5269597,7.0,1.0,11.0,2.0,2.0,2.0,1.0,3.0,2.0,2.0,2.0,7.0
1,0.7922561,0.7840404,8.0,1.0,7.0,1.0,3.0,4.0,1.0,1.0,2.0,1.0,1.0,7.0
1,0.7218243,0.739743,99.0,1.0,12.0,2.0,3.0,3.0,1.0,2.0,,2.0,2.0,5.0
1,1.0737396,1.0726978,3.0,1.0,11.0,1.0,1.0,1.0,1.0,1.0,1.0,2.0,1.0,8.0
1,0.5235491,0.5182162,9.0,1.0,11.0,1.0,3.0,3.0,1.0,1.0,2.0,2.0,2.0,8.0
1,0.5750757,0.6021351,8.0,1.0,8.0,1.0,1.0,4.0,1.0,1.0,1.0,2.0,4.0,0.0
1,0.7471223,0.743118,6.0,1.0,11.0,1.0,2.0,3.0,1.0,1.0,3.0,2.0,2.0,5.0
1,0.4609452,0.4127375,5.0,1.0,12.0,1.0,1.0,2.0,1.0,1.0,1.0,1.0,3.0,5.0
1,0.4629267,0.4635433,7.0,1.0,11.0,1.0,2.0,3.0,1.0,2.0,2.0,2.0,2.0,7.0
1,0.376553,0.4012927,7.0,1.0,1.0,2.0,3.0,1.0,2.0,3.0,2.0,2.0,2.0,7.0
1,0.7892999,0.8366832,99.0,1.0,9.0,2.0,4.0,2.0,2.0,2.0,,3.0,1.0,7.0
1,1.228815,1.2211848,4.0,1.0,7.0,2.0,2.0,3.0,2.0,2.0,2.0,2.0,2.0,7.0
1,0.4789864,0.5354226,3.0,1.0,3.0,1.0,2.0,4.0,2.0,2.0,3.0,4.0,1.0,7.0
1,1.0741535,1.0672358,6.0,1.0,7.0,2.0,2.0,,1.0,3.0,2.0,2.0,3.0,6.0
1,0.9906815,1.0226339,5.0,1.0,13.0,2.0,3.0,4.0,1.0,2.0,2.0,3.0,2.0,1.0
1,1.4128205,1.4212744,7.0,1.0,10.0,1.0,2.0,4.0,1.0,2.0,1.0,2.0,3.0,3.0
1,2.0022469,2.0659242,4.0,3.0,,1.0,3.0,4.0,3.0,3.0,2.0,3.0,3.0,4.0
1,0.5022294,0.5177323,7.0,1.0,8.0,1.0,1.0,2.0,2.0,2.0,1.0,3.0,3.0,3.0
1,0.9438142,0.9327637,5.0,1.0,7.0,4.0,4.0,2.0,2.0,4.0,1.0,2.0,2.0,4.0
1,0.5943621,0.5153034,4.0,1.0,11.0,1.0,2.0,3.0,1.0,3.0,3.0,1.0,3.0,9.0
1,1.0233492,1.0301249,2.0,2.0,,3.0,4.0,2.0,2.0,3.0,3.0,2.0,1.0,7.0
1,1.2366257,1.2845196,4.0,3.0,,1.0,1.0,3.0,2.0,2.0,3.0,3.0,3.0,6.0
1,0.6716272,0.6737216,3.0,1.0,7.0,4.0,4.0,3.0,4.0,4.0,3.0,2.0,2.0,7.0
1,0.5522605,0.614338,9.0,1.0,8.0,1.0,1.0,4.0,1.0,1.0,1.0,1.0,3.0,5.0
1,0.8618191,0.8628418,10.0,1.0,9.0,1.0,1.0,4.0,1.0,1.0,3.0,2.0,3.0,8.0
1,1.0408373,1.2622936,4.0,1.0,7.0,4.0,4.0,2.0,3.0,1.0,4.0,2.0,4.0,5.0
1,1.9834422,1.7654225,99.0,1.0,4.0,1.0,1.0,1.0,1.0,,1.0,1.0,1.0,10.0
1,1.0348386,1.0304151,8.0,1.0,11.0,3.0,3.0,2.0,3.0,2.0,3.0,2.0,2.0,6.0
1,0.533864,0.5342245,99.0,1.0,11.0,2.0,,3.0,3.0,2.0,2.0,,3.0,7.0
1,1.5171719,1.4655205,,1.0,13.0,3.0,4.0,2.0,3.0,3.0,3.0,2.0,1.0,4.0
1,1.4173175,1.419701,0.0,2.0,,4.0,4.0,1.0,3.0,4.0,3.0,4.0,1.0,8.0
1,1.4173175,1.419701,4.0,2.0,,4.0,2.0,1.0,1.0,4.0,,3.0,1.0,8.0
1,0.533864,0.5342245,7.0,1.0,11.0,1.0,1.0,4.0,1.0,1.0,1.0,2.0,3.0,2.0
1,1.5629127,1.6103994,6.0,3.0,,2.0,1.0,4.0,3.0,3.0,2.0,3.0,1.0,8.0
1,0.9024234,0.8933203,5.0,1.0,7.0,2.0,2.0,3.0,3.0,3.0,2.0,2.0,1.0,5.0
1,0.408152,0.3751374,10.0,1.0,1.0,1.0,1.0,1.0,2.0,2.0,2.0,1.0,1.0,10.0
1,0.5781901,0.5803643,10.0,1.0,11.0,1.0,1.0,4.0,1.0,1.0,2.0,2.0,1.0,8.0
1,1.4481413,1.5861294,1.0,1.0,4.0,4.0,3.0,1.0,3.0,4.0,2.0,4.0,1.0,8.0
1,1.0841645,1.0744596,6.0,2.0,,3.0,3.0,3.0,2.0,3.0,3.0,2.0,3.0,7.0
1,1.2750803,1.2656981,99.0,1.0,7.0,2.0,4.0,2.0,2.0,3.0,3.0,,2.0,7.0
1,1.9871075,1.6595613,5.0,1.0,13.0,3.0,3.0,3.0,2.0,3.0,3.0,1.0,2.0,7.0
1,1.7514676,1.8047414,8.0,3.0,,3.0,1.0,3.0,2.0,2.0,2.0,4.0,1.0,7.0
1,0.5974174,0.5962211,99.0,1.0,11.0,2.0,2.0,2.0,2.0,3.0,3.0,2.0,3.0,5.0
1,0.6931624,0.6926708,6.0,1.0,11.0,2.0,2.0,2.0,2.0,2.0,2.0,2.0,2.0,7.0
1,2.2671254,2.0160086,8.0,1.0,4.0,3.0,3.0,2.0,1.0,1.0,3.0,3.0,2.0,9.0
1,2.083519,2.1464944,,,,2.0,,,,,3.0,1.0,2.0,
1,0.9447159,0.9387918,6.0,1.0,7.0,3.0,4.0,2.0,2.0,3.0,3.0,2.0,3.0,
1,1.3298712,1.1922469,3.0,1.0,4.0,4.0,4.0,1.0,1.0,4.0,1.0,1.0,1.0,10.0
1,1.0834366,1.0947975,10.0,1.0,10.0,1.0,1.0,3.0,2.0,1.0,3.0,1.0,2.0,4.0
1,1.5825154,1.6232924,4.0,1.0,13.0,3.0,3.0,2.0,2.0,3.0,3.0,2.0,2.0,5.0
1,1.9145849,1.9643096,7.0,1.0,13.0,2.0,2.0,3.0,2.0,1.0,3.0,3.0,2.0,7.0
1,1.1964654,1.2318525,7.0,1.0,13.0,2.0,2.0,1.0,2.0,2.0,2.0,2.0,1.0,9.0
1,0.6349912,0.634626,99.0,1.0,11.0,1.0,1.0,2.0,2.0,2.0,1.0,1.0,1.0,7.0
1,0.7028643,0.8035899,,1.0,7.0,1.0,2.0,1.0,1.0,1.0,1.0,1.0,4.0,6.0
1,1.6385611,1.7929227,2.0,1.0,4.0,4.0,4.0,1.0,,3.0,,3.0,2.0,5.0
1,0.9024234,0.8933203,5.0,1.0,7.0,3.0,3.0,3.0,2.0,2.0,2.0,2.0,2.0,6.0
1,0.6987212,0.6982896,8.0,1.0,11.0,2.0,2.0,1.0,2.0,2.0,2.0,1.0,2.0,7.0
1,0.6205094,0.6218572,6.0,1.0,11.0,,,2.0,3.0,3.0,3.0,3.0,2.0,7.0
1,0.6841554,0.6433902,3.0,1.0,6.0,2.0,3.0,2.0,1.0,1.0,3.0,3.0,3.0,7.0
1,1.1741816,1.1672586,4.0,2.0,,2.0,2.0,1.0,1.0,2.0,4.0,3.0,1.0,2.0
1,1.5002871,1.4933028,5.0,2.0,,2.0,2.0,1.0,4.0,3.0,1.0,1.0,1.0,5.0
1,2.2522519,2.1832814,5.0,3.0,,2.0,1.0,1.0,2.0,2.0,1.0,3.0,1.0,10.0
1,1.4810667,1.2823955,10.0,2.0,,1.0,1.0,1.0,1.0,1.0,1.0,1.0,1.0,10.0
1,0.7409542,0.7356113,9.0,1.0,11.0,1.0,1.0,4.0,2.0,1.0,1.0,1.0,2.0,8.0
1,1.9443766,1.9979743,99.0,3.0,,2.0,2.0,2.0,3.0,2.0,2.0,2.0,2.0,5.0
1,2.1583736,2.2012603,,3.0,,2.0,4.0,2.0,1.0,2.0,4.0,1.0,1.0,
1,1.5825154,1.6232924,,1.0,13.0,4.0,4.0,3.0,1.0,1.0,4.0,4.0,3.0,10.0
1,1.5041127,1.3043734,10.0,2.0,,2.0,3.0,1.0,2.0,2.0,1.0,1.0,1.0,10.0
1,1.9145849,1.9643096,3.0,3.0,,3.0,4.0,4.0,2.0,3.0,4.0,3.0,2.0,7.0
1,0.6615322,0.6552533,5.0,1.0,7.0,1.0,2.0,2.0,1.0,2.0,2.0,4.0,1.0,2.0
1,1.1852899,1.2210979,8.0,1.0,13.0,1.0,3.0,1.0,3.0,1.0,2.0,2.0,2.0,9.0
1,1.1519775,1.2672023,8.0,1.0,12.0,3.0,2.0,1.0,3.0,1.0,3.0,1.0,1.0,10.0
1,0.5752779,0.5985756,7.0,1.0,3.0,2.0,2.0,1.0,3.0,2.0,3.0,3.0,4.0,7.0
1,1.9443766,1.9979743,5.0,1.0,,,,,,4.0,,,,5.0
1,0.6713052,0.6720549,7.0,1.0,11.0,2.0,2.0,2.0,2.0,2.0,3.0,2.0,3.0,8.0
1,1.3023998,1.2992032,3.0,2.0,,2.0,4.0,3.0,4.0,,3.0,2.0,4.0,
1,1.4104974,1.4002504,6.0,2.0,,1.0,2.0,1.0,1.0,1.0,3.0,1.0,2.0,6.0
1,1.169341,1.2096379,8.0,1.0,12.0,2.0,2.0,4.0,1.0,2.0,1.0,2.0,4.0,4.0
1,0.6205094,0.6218572,8.0,1.0,11.0,1.0,1.0,1.0,1.0,1.0,3.0,1.0,4.0,8.0
1,1.6046971,1.6554903,99.0,1.0,13.0,3.0,2.0,3.0,2.0,2.0,2.0,2.0,3.0,5.0
1,1.9351665,1.9917493,8.0,3.0,,1.0,2.0,2.0,2.0,2.0,2.0,2.0,2.0,7.0
1,1.3164004,1.3173519,99.0,2.0,,1.0,1.0,1.0,1.0,2.0,3.0,1.0,1.0,10.0
1,1.2524897,1.2407119,99.0,2.0,,4.0,4.0,4.0,4.0,2.0,4.0,4.0,4.0,0.0
1,1.5992121,1.4308945,99.0,1.0,4.0,2.0,1.0,,,3.0,,1.0,,5.0
1,1.0468842,1.0471786,0.0,2.0,,4.0,2.0,1.0,4.0,4.0,3.0,3.0,1.0,8.0
1,1.1558135,1.2774861,99.0,1.0,4.0,3.0,3.0,2.0,4.0,4.0,2.0,1.0,3.0,5.0
1,1.7514676,1.8047414,7.0,1.0,13.0,2.0,3.0,3.0,3.0,2.0,3.0,2.0,3.0,5.0
1,1.7221491,1.7738488,4.0,3.0,,4.0,3.0,3.0,3.0,3.0,3.0,3.0,2.0,4.0
1,0.5041152,0.5220855,8.0,1.0,3.0,4.0,2.0,1.0,2.0,3.0,3.0,2.0,1.0,8.0
1,0.6021519,0.5372205,1.0,1.0,3.0,2.0,1.0,1.0,2.0,2.0,3.0,2.0,2.0,7.0
1,1.4173175,1.419701,1.0,2.0,,4.0,4.0,2.0,3.0,3.0,3.0,3.0,2.0,7.0
1,1.1781331,1.2110965,5.0,,,3.0,3.0,2.0,2.0,4.0,3.0,2.0,2.0,6.0
1,1.202553,1.1959144,,2.0,,2.0,3.0,2.0,3.0,3.0,2.0,2.0,2.0,
1,1.3164004,1.3173519,7.0,2.0,,2.0,3.0,3.0,2.0,2.0,3.0,3.0,2.0,5.0
1,1.3406777,1.3710392,7.0,1.0,13.0,3.0,3.0,2.0,4.0,2.0,4.0,2.0,2.0,6.0
1,1.5276194,1.3615874,5.0,1.0,4.0,1.0,1.0,1.0,1.0,4.0,1.0,3.0,1.0,5.0
1,0.5693311,0.5705855,5.0,1.0,11.0,1.0,1.0,2.0,1.0,2.0,2.0,1.0,1.0,5.0
1,2.35448,2.4159877,99.0,3.0,,4.0,4.0,4.0,4.0,4.0,4.0,4.0,4.0,5.0
1,0.5080836,0.5089546,7.0,1.0,11.0,1.0,1.0,4.0,1.0,3.0,2.0,1.0,1.0,10.0
1,1.5728117,1.609952,0.0,3.0,,3.0,3.0,3.0,4.0,3.0,3.0,3.0,3.0,5.0
1,0.5102116,0.4681548,6.0,1.0,1.0,1.0,1.0,1.0,3.0,1.0,1.0,1.0,1.0,7.0
1,1.0392613,1.0255929,4.0,1.0,7.0,2.0,3.0,2.0,3.0,2.0,2.0,2.0,2.0,7.0
1,0.4944504,0.4944952,8.0,1.0,11.0,,3.0,4.0,4.0,2.0,3.0,1.0,2.0,8.0
1,1.0809633,1.1112425,7.0,3.0,,2.0,2.0,2.0,3.0,2.0,3.0,2.0,2.0,6.0
1,1.5221925,1.5671347,7.0,3.0,,3.0,3.0,1.0,4.0,2.0,1.0,1.0,1.0,7.0
1,2.3294389,2.3827033,5.0,1.0,14.0,2.0,2.0,2.0,2.0,3.0,3.0,2.0,2.0,7.0
1,1.2596101,1.3963504,1.0,1.0,4.0,4.0,1.0,2.0,1.0,2.0,3.0,3.0,1.0,7.0
1,1.4681021,1.227908,8.0,1.0,13.0,1.0,1.0,4.0,3.0,2.0,3.0,4.0,3.0,8.0
1,1.3060688,1.3398438,99.0,3.0,,2.0,1.0,1.0,1.0,3.0,2.0,3.0,3.0,5.0
1,1.584587,1.6315986,5.0,1.0,13.0,1.0,3.0,2.0,1.0,1.0,4.0,3.0,1.0,8.0
1,0.9024234,0.8933203,5.0,1.0,7.0,2.0,3.0,3.0,2.0,2.0,2.0,2.0,2.0,5.0
1,0.7767877,0.7762619,8.0,1.0,11.0,2.0,2.0,2.0,2.0,2.0,1.0,2.0,2.0,7.0
1,0.8346838,0.8861787,99.0,2.0,,1.0,1.0,1.0,4.0,2.0,1.0,1.0,1.0,7.0
1,3.5071201,3.5896599,6.0,3.0,,1.0,1.0,1.0,2.0,3.0,3.0,1.0,4.0,4.0
1,0.8764352,0.8681529,99.0,1.0,7.0,4.0,3.0,3.0,2.0,3.0,3.0,2.0,2.0,6.0
1,0.8591117,0.8593739,8.0,1.0,11.0,1.0,1.0,3.0,1.0,2.0,2.0,3.0,1.0,8.0
1,1.2212653,1.2164102,99.0,2.0,,4.0,4.0,4.0,4.0,4.0,4.0,4.0,4.0,8.0
1,1.3501041,1.4915299,0.0,1.0,4.0,4.0,4.0,2.0,4.0,4.0,3.0,3.0,2.0,10.0
1,1.1924523,1.1872633,6.0,2.0,,1.0,4.0,2.0,2.0,1.0,3.0,3.0,2.0,7.0
1,0.6351554,0.6332703,3.0,1.0,11.0,4.0,4.0,4.0,4.0,4.0,4.0,4.0,4.0,6.0
1,0.6683742,0.6649255,10.0,1.0,11.0,1.0,1.0,4.0,1.0,1.0,3.0,2.0,3.0,9.0
1,0.7951866,0.7882034,10.0,1.0,11.0,1.0,2.0,3.0,1.0,1.0,1.0,4.0,1.0,10.0
1,1.3164004,1.3173519,4.0,2.0,,4.0,4.0,1.0,3.0,3.0,4.0,3.0,4.0,10.0
1,0.8535154,1.0459645,8.0,1.0,7.0,2.0,1.0,1.0,2.0,1.0,2.0,2.0,3.0,9.0
1,1.7607939,1.5722541,99.0,1.0,4.0,3.0,3.0,3.0,3.0,3.0,2.0,2.0,2.0,
1,0.6952919,0.6965337,7.0,1.0,11.0,3.0,4.0,3.0,4.0,3.0,4.0,3.0,3.0,5.0
1,0.7227683,0.7242689,10.0,1.0,11.0,2.0,4.0,2.0,1.0,3.0,2.0,1.0,3.0,10.0
1,1.4173175,1.419701,99.0,2.0,,3.0,4.0,1.0,4.0,3.0,3.0,1.0,2.0,7.0
1,1.166447,1.1628808,5.0,1.0,7.0,2.0,2.0,3.0,2.0,3.0,2.0,2.0,2.0,6.0
1,0.5306405,0.5298488,8.0,1.0,11.0,2.0,2.0,3.0,2.0,3.0,3.0,3.0,3.0,9.0
1,0.7911216,0.7345446,0.0,1.0,5.0,1.0,1.0,1.0,1.0,1.0,1.0,2.0,1.0,8.0
1,0.7227683,0.7242689,10.0,1.0,11.0,1.0,1.0,3.0,1.0,1.0,2.0,2.0,3.0,2.0
1,0.7598234,0.8121439,9.0,2.0,,3.0,3.0,1.0,3.0,3.0,2.0,2.0,2.0,6.0
1,0.7253785,0.7200305,7.0,1.0,7.0,2.0,3.0,2.0,3.0,3.0,2.0,2.0,3.0,8.0
1,0.4868744,0.4861632,5.0,1.0,11.0,1.0,1.0,4.0,1.0,2.0,2.0,2.0,2.0,8.0
1,1.1338059,1.1376214,2.0,2.0,,2.0,3.0,2.0,4.0,2.0,4.0,3.0,1.0,6.0
1,0.6301648,0.6325147,8.0,1.0,11.0,1.0,4.0,2.0,3.0,3.0,3.0,2.0,1.0,7.0
1,0.983544,0.9735922,5.0,1.0,7.0,2.0,2.0,2.0,2.0,2.0,2.0,2.0,2.0,5.0
1,0.535504,0.5372037,5.0,1.0,11.0,2.0,4.0,,1.0,1.0,2.0,,4.0,5.0
1,0.4868744,0.4861632,5.0,1.0,11.0,2.0,3.0,3.0,4.0,2.0,2.0,2.0,2.0,6.0
1,1.7249342,1.7705749,99.0,3.0,,2.0,4.0,3.0,1.0,2.0,3.0,2.0,1.0,9.0
1,1.9484456,1.7475861,2.0,1.0,4.0,3.0,4.0,2.0,3.0,3.0,2.0,3.0,2.0,8.0
1,1.6488521,1.4231921,2.0,2.0,,3.0,2.0,2.0,3.0,,3.0,2.0,1.0,5.0
1,1.0539278,1.0459645,4.0,1.0,7.0,4.0,4.0,1.0,3.0,3.0,3.0,4.0,2.0,8.0
1,1.2786932,1.2688105,4.0,1.0,7.0,3.0,4.0,2.0,4.0,2.0,3.0,2.0,2.0,8.0
1,0.7808625,0.7758113,99.0,1.0,7.0,3.0,3.0,2.0,3.0,3.0,2.0,2.0,2.0,7.0
1,1.0132071,0.8755565,8.0,2.0,,1.0,3.0,2.0,3.0,2.0,2.0,1.0,2.0,7.0
1,0.5407687,0.5803643,99.0,1.0,11.0,2.0,3.0,4.0,1.0,1.0,3.0,,3.0,5.0
1,0.4944504,0.4944952,10.0,1.0,11.0,1.0,1.0,1.0,1.0,1.0,1.0,1.0,3.0,6.0
1,0.568429,0.6543884,2.0,1.0,6.0,1.0,1.0,2.0,1.0,4.0,4.0,1.0,1.0,10.0
1,0.4863066,0.5010668,8.0,1.0,8.0,1.0,1.0,,1.0,1.0,4.0,1.0,3.0,6.0
1,2.083519,2.1464944,1.0,3.0,,3.0,2.0,2.0,1.0,4.0,1.0,4.0,2.0,3.0
1,0.6615322,0.6552533,5.0,1.0,7.0,2.0,2.0,2.0,1.0,1.0,2.0,2.0,3.0,8.0
1,1.3218415,1.1824818,7.0,1.0,4.0,2.0,2.0,2.0,3.0,2.0,2.0,2.0,3.0,7.0
1,0.9695958,0.9693019,99.0,2.0,,,4.0,1.0,,3.0,3.0,4.0,1.0,10.0
1,0.4195758,0.4534178,8.0,1.0,5.0,2.0,2.0,1.0,1.0,1.0,1.0,3.0,2.0,8.0
1,0.7531559,0.7481142,10.0,1.0,11.0,1.0,1.0,3.0,1.0,3.0,1.0,1.0,1.0,7.0
1,0.668009,0.660904,10.0,1.0,11.0,1.0,1.0,2.0,1.0,1.0,2.0,1.0,1.0,8.0
1,0.9590281,0.9594266,0.0,2.0,,1.0,3.0,2.0,2.0,1.0,1.0,1.0,2.0,0.0
1,1.2177551,1.2252939,8.0,1.0,10.0,1.0,1.0,1.0,1.0,1.0,1.0,1.0,3.0,7.0
1,1.3173428,1.342486,5.0,1.0,13.0,4.0,3.0,2.0,1.0,2.0,2.0,4.0,1.0,
1,1.2614275,1.2503442,9.0,1.0,11.0,2.0,4.0,3.0,2.0,2.0,2.0,3.0,3.0,8.0
1,0.7271347,0.6852368,3.0,1.0,6.0,3.0,3.0,2.0,3.0,3.0,3.0,3.0,1.0,6.0
1,0.535504,0.5372037,10.0,1.0,11.0,1.0,1.0,4.0,1.0,1.0,1.0,4.0,2.0,8.0
1,0.6280934,0.7200305,2.0,1.0,7.0,2.0,3.0,2.0,4.0,3.0,2.0,1.0,2.0,5.0
1,1.4101781,1.447491,8.0,3.0,,2.0,2.0,1.0,1.0,3.0,2.0,2.0,1.0,8.0
1,1.0200211,1.0142173,10.0,1.0,7.0,4.0,3.0,1.0,1.0,3.0,1.0,4.0,2.0,10.0
1,0.527299,0.5281522,7.0,1.0,11.0,2.0,2.0,2.0,2.0,2.0,2.0,2.0,2.0,7.0
1,0.7416621,0.7403653,10.0,1.0,11.0,1.0,1.0,2.0,4.0,1.0,3.0,3.0,3.0,8.0
1,0.7467691,0.747577,6.0,2.0,,2.0,2.0,2.0,3.0,2.0,2.0,2.0,2.0,7.0
1,1.2574686,1.2535444,10.0,2.0,,1.0,1.0,1.0,3.0,1.0,1.0,1.0,1.0,7.0
1,2.1919587,2.238986,4.0,3.0,,3.0,3.0,2.0,3.0,1.0,3.0,3.0,3.0,7.0
1,1.0257339,1.178122,8.0,1.0,7.0,2.0,1.0,2.0,2.0,3.0,4.0,3.0,4.0,10.0
1,2.1584518,1.929161,7.0,1.0,4.0,,4.0,3.0,4.0,3.0,4.0,4.0,4.0,4.0
1,0.2137496,0.2192312,8.0,1.0,2.0,1.0,2.0,1.0,2.0,1.0,2.0,3.0,2.0,10.0
1,0.8087726,0.8121439,99.0,2.0,,3.0,2.0,1.0,2.0,2.0,3.0,2.0,1.0,5.0
1,0.7808625,0.7758113,8.0,1.0,7.0,2.0,2.0,2.0,2.0,2.0,2.0,3.0,2.0,9.0
1,1.444828,1.5942458,5.0,1.0,4.0,3.0,3.0,2.0,2.0,3.0,3.0,2.0,2.0,5.0
1,0.6581333,0.6537218,7.0,1.0,11.0,4.0,2.0,2.0,2.0,2.0,3.0,3.0,3.0,4.0
1,1.5031501,1.4627631,9.0,1.0,13.0,1.0,1.0,3.0,1.0,2.0,2.0,2.0,2.0,6.0
1,0.8716143,0.8713806,9.0,1.0,11.0,1.0,3.0,1.0,2.0,2.0,1.0,1.0,3.0,7.0
1,1.0038244,0.8653815,3.0,2.0,,3.0,1.0,1.0,2.0,3.0,3.0,3.0,1.0,9.0
1,1.7242162,1.7338483,10.0,2.0,,1.0,1.0,1.0,1.0,1.0,1.0,1.0,1.0,10.0
1,2.1859758,1.8299521,2.0,1.0,13.0,2.0,2.0,1.0,3.0,3.0,1.0,2.0,2.0,7.0
1,0.6554074,0.6039324,2.0,1.0,5.0,4.0,4.0,1.0,2.0,4.0,1.0,1.0,2.0,4.0
1,1.6550114,1.5941348,0.0,3.0,,2.0,2.0,1.0,3.0,4.0,3.0,2.0,2.0,9.0
1,0.7238686,0.7223538,8.0,1.0,11.0,2.0,2.0,4.0,2.0,1.0,2.0,1.0,3.0,7.0
1,1.9506357,2.0049875,3.0,1.0,4.0,2.0,2.0,2.0,3.0,1.0,3.0,1.0,2.0,7.0
1,1.7480057,1.929161,1.0,1.0,4.0,3.0,4.0,1.0,4.0,2.0,1.0,4.0,1.0,4.0
1,0.957746,0.9537871,7.0,1.0,11.0,2.0,1.0,2.0,1.0,3.0,1.0,1.0,1.0,
1,1.5992121,1.4308945,2.0,1.0,4.0,4.0,4.0,2.0,2.0,4.0,3.0,3.0,1.0,7.0
1,1.9358264,1.6193804,3.0,3.0,,2.0,1.0,2.0,3.0,3.0,1.0,2.0,3.0,7.0
1,1.202553,1.1959144,4.0,2.0,,3.0,4.0,2.0,3.0,3.0,3.0,3.0,2.0,6.0
1,1.3164004,1.3173519,5.0,2.0,,2.0,1.0,1.0,1.0,3.0,1.0,1.0,1.0,8.0
1,1.0664403,1.0710654,8.0,2.0,,2.0,2.0,1.0,1.0,2.0,1.0,1.0,1.0,8.0
1,0.5836416,0.5854758,7.0,1.0,11.0,2.0,2.0,1.0,2.0,1.0,2.0,3.0,2.0,6.0
1,0.6581333,0.6537218,3.0,1.0,11.0,1.0,2.0,1.0,2.0,3.0,2.0,1.0,2.0,3.0
1,2.3390648,2.2456686,7.0,3.0,,3.0,2.0,1.0,3.0,2.0,2.0,2.0,2.0,7.0
1,1.7260984,1.7648181,4.0,3.0,,2.0,3.0,3.0,3.0,3.0,2.0,4.0,3.0,4.0
1,0.2875561,0.3144985,3.0,1.0,2.0,3.0,3.0,2.0,4.0,2.0,2.0,3.0,2.0,7.0
1,0.5093583,0.4642588,8.0,1.0,1.0,3.0,1.0,1.0,1.0,1.0,2.0,1.0,2.0,7.0
1,1.0501003,1.0530187,7.0,2.0,,2.0,4.0,2.0,3.0,3.0,3.0,4.0,2.0,2.0
1,1.1644963,1.1532031,8.0,1.0,7.0,3.0,2.0,1.0,3.0,2.0,3.0,2.0,3.0,8.0
1,0.9086559,0.8985125,7.0,1.0,7.0,3.0,3.0,2.0,2.0,3.0,3.0,2.0,2.0,6.0
1,1.6193883,1.6710385,99.0,1.0,13.0,3.0,4.0,3.0,2.0,4.0,3.0,3.0,3.0,7.0
1,0.876,0.7855715,6.0,1.0,8.0,2.0,2.0,1.0,2.0,3.0,3.0,2.0,2.0,6.0
1,1.9768409,1.7620199,2.0,1.0,4.0,3.0,3.0,2.0,2.0,3.0,3.0,3.0,2.0,7.0
1,2.1919587,2.238986,6.0,3.0,,3.0,2.0,2.0,3.0,2.0,3.0,3.0,2.0,5.0
1,1.1162399,1.2873899,99.0,1.0,7.0,4.0,3.0,4.0,1.0,4.0,2.0,2.0,4.0,
1,0.8594741,0.8577195,7.0,1.0,11.0,1.0,4.0,3.0,1.0,2.0,1.0,3.0,1.0,6.0
1,1.2323513,1.2377949,5.0,2.0,,3.0,3.0,2.0,3.0,3.0,3.0,3.0,3.0,5.0
1,1.2745852,1.3508556,2.0,2.0,,3.0,4.0,2.0,3.0,2.0,2.0,4.0,4.0,9.0
1,0.8372259,0.8406902,7.0,1.0,11.0,3.0,2.0,2.0,1.0,2.0,2.0,1.0,2.0,7.0
1,1.1163751,1.1541673,9.0,3.0,,2.0,2.0,2.0,1.0,2.0,3.0,2.0,3.0,8.0
1,0.9454389,0.8895311,3.0,1.0,6.0,2.0,3.0,3.0,1.0,3.0,3.0,2.0,1.0,7.0
1,1.0044484,1.0059444,0.0,2.0,,3.0,3.0,2.0,2.0,3.0,3.0,1.0,2.0,5.0
1,1.3282379,1.3160185,99.0,1.0,7.0,3.0,1.0,2.0,3.0,2.0,2.0,2.0,4.0,9.0
1,0.5952902,0.5970545,6.0,1.0,11.0,4.0,3.0,2.0,4.0,3.0,3.0,2.0,3.0,5.0
1,1.7512559,1.7516079,10.0,2.0,,1.0,2.0,1.0,1.0,1.0,1.0,4.0,1.0,10.0
1,2.4001138,2.4573991,5.0,3.0,,3.0,4.0,1.0,1.0,3.0,4.0,3.0,1.0,5.0
1,0.9841007,0.9761153,6.0,1.0,7.0,2.0,2.0,2.0,2.0,2.0,2.0,2.0,2.0,
1,0.7462528,0.7469296,10.0,1.0,11.0,1.0,1.0,4.0,1.0,1.0,4.0,4.0,1.0,10.0
1,1.3549073,1.3914531,0.0,3.0,,4.0,3.0,4.0,4.0,4.0,4.0,4.0,3.0,0.0
1,2.1703801,2.2318325,6.0,1.0,,3.0,4.0,,,3.0,2.0,3.0,,2.0
1,1.7387264,1.6801653,8.0,3.0,,3.0,2.0,1.0,1.0,2.0,1.0,1.0,2.0,7.0
1,0.6650648,0.6653958,8.0,1.0,11.0,1.0,2.0,1.0,1.0,1.0,1.0,1.0,3.0,8.0
1,1.0832431,1.0802522,,2.0,,2.0,3.0,3.0,2.0,2.0,2.0,2.0,3.0,5.0
1,1.37525,1.513284,1.0,1.0,4.0,3.0,1.0,3.0,1.0,4.0,3.0,3.0,2.0,6.0
1,2.865217,2.8776891,5.0,2.0,,1.0,2.0,1.0,1.0,,2.0,1.0,1.0,5.0
1,1.7528725,1.7393427,0.0,2.0,,3.0,3.0,2.0,2.0,4.0,1.0,2.0,3.0,7.0
1,0.9927676,0.9931499,8.0,1.0,11.0,1.0,1.0,4.0,1.0,1.0,3.0,2.0,3.0,6.0
1,1.1175057,1.100556,7.0,1.0,7.0,1.0,2.0,4.0,1.0,1.0,3.0,,3.0,3.0
1,0.8294284,0.822504,6.0,1.0,11.0,1.0,1.0,2.0,1.0,2.0,3.0,1.0,3.0,2.0
1,2.5390773,2.5988877,7.0,3.0,,3.0,4.0,3.0,2.0,2.0,2.0,1.0,3.0,7.0
1,2.0341012,1.6880106,5.0,1.0,13.0,2.0,3.0,1.0,2.0,2.0,3.0,3.0,1.0,3.0
1,1.3216692,1.3647112,4.0,3.0,,4.0,4.0,2.0,4.0,3.0,3.0,3.0,2.0,10.0
1,1.3023998,1.2992032,10.0,2.0,,2.0,2.0,2.0,1.0,3.0,2.0,2.0,2.0,4.0
1,1.8415049,1.88003,6.0,3.0,,2.0,3.0,2.0,1.0,2.0,2.0,3.0,2.0,5.0
1,1.2205429,1.2043208,5.0,1.0,7.0,1.0,2.0,1.0,1.0,3.0,1.0,2.0,2.0,5.0
1,1.1905413,1.232724,5.0,1.0,13.0,1.0,1.0,2.0,2.0,2.0,2.0,2.0,1.0,5.0
1,1.4776703,1.5170988,6.0,1.0,4.0,2.0,4.0,2.0,1.0,1.0,4.0,1.0,3.0,
1,1.7838531,1.8399311,3.0,3.0,,4.0,4.0,1.0,4.0,4.0,3.0,4.0,1.0,5.0
1,1.0664403,1.0710654,7.0,2.0,,2.0,4.0,3.0,4.0,2.0,2.0,2.0,3.0,7.0
1,1.2134693,1.2169387,5.0,2.0,,4.0,3.0,4.0,4.0,1.0,2.0,3.0,3.0,5.0
1,0.9812919,1.0424211,,1.0,11.0,1.0,2.0,3.0,2.0,2.0,,1.0,2.0,6.0
1,1.2975177,1.2992002,6.0,2.0,,1.0,2.0,2.0,3.0,2.0,1.0,3.0,2.0,5.0
1,0.9487145,0.9475603,5.0,1.0,7.0,4.0,4.0,2.0,,4.0,,2.0,3.0,5.0
1,1.3823924,1.425289,1.0,3.0,,3.0,3.0,2.0,3.0,4.0,2.0,4.0,1.0,8.0
1,0.4250867,0.4274878,5.0,1.0,11.0,2.0,2.0,3.0,2.0,3.0,3.0,2.0,3.0,7.0
1,1.432121,1.4722984,99.0,3.0,,3.0,3.0,3.0,3.0,3.0,3.0,3.0,3.0,5.0
1,0.7111053,0.7122961,6.0,1.0,11.0,3.0,2.0,3.0,2.0,2.0,4.0,3.0,4.0,5.0
1,1.9060737,1.699156,4.0,1.0,4.0,4.0,4.0,2.0,4.0,3.0,4.0,4.0,1.0,9.0
1,0.6120835,0.6170036,99.0,1.0,11.0,1.0,1.0,4.0,1.0,1.0,1.0,1.0,1.0,
1,1.5788238,1.3974006,4.0,1.0,4.0,2.0,2.0,2.0,3.0,2.0,3.0,2.0,2.0,8.0
1,0.9371256,0.9221991,8.0,1.0,7.0,3.0,2.0,1.0,1.0,2.0,2.0,2.0,1.0,8.0
1,0.7837452,0.7771599,3.0,1.0,7.0,2.0,4.0,3.0,2.0,3.0,3.0,4.0,2.0,6.0
1,1.649835,1.4911013,5.0,1.0,12.0,1.0,3.0,3.0,1.0,2.0,2.0,1.0,2.0,5.0
1,0.5349383,0.5333216,99.0,1.0,7.0,,,,2.0,,2.0,,,
1,0.6237209,0.6536755,6.0,1.0,8.0,2.0,4.0,2.0,2.0,4.0,1.0,4.0,2.0,6.0
1,0.5759605,0.6664274,99.0,1.0,6.0,4.0,3.0,2.0,1.0,3.0,3.0,3.0,1.0,6.0
1,1.679821,1.8567486,3.0,1.0,4.0,3.0,4.0,4.0,3.0,4.0,2.0,4.0,2.0,7.0
1,0.9184557,0.9215825,9.0,1.0,11.0,1.0,1.0,4.0,1.0,1.0,2.0,1.0,1.0,10.0
1,0.9158607,0.9193218,7.0,1.0,11.0,2.0,1.0,2.0,1.0,2.0,1.0,2.0,3.0,5.0
1,1.0453311,1.0369154,3.0,1.0,7.0,3.0,4.0,3.0,2.0,3.0,3.0,2.0,2.0,8.0
1,1.1078905,1.115929,10.0,1.0,10.0,1.0,1.0,4.0,1.0,1.0,2.0,2.0,2.0,9.0
1,0.7137809,0.7122977,9.0,1.0,11.0,1.0,1.0,4.0,2.0,1.0,2.0,2.0,3.0,9.0
1,1.4323919,1.4735184,8.0,1.0,,1.0,2.0,3.0,1.0,2.0,2.0,2.0,2.0,9.0
1,0.7407349,0.7436004,99.0,1.0,11.0,2.0,4.0,4.0,2.0,2.0,4.0,2.0,3.0,5.0
1,1.2444099,1.2390668,7.0,1.0,7.0,1.0,2.0,3.0,2.0,2.0,2.0,2.0,4.0,3.0
1,1.2253431,1.2181892,8.0,1.0,7.0,2.0,4.0,3.0,2.0,3.0,2.0,2.0,3.0,8.0
1,0.5629525,0.6017426,5.0,1.0,11.0,2.0,2.0,,,2.0,2.0,1.0,,5.0
1,1.2586352,1.3887761,2.0,1.0,4.0,3.0,4.0,,3.0,4.0,4.0,4.0,2.0,5.0
1,1.1104183,1.1567734,8.0,1.0,4.0,2.0,1.0,1.0,2.0,2.0,2.0,1.0,1.0,9.0
1,1.655203,1.6466465,4.0,1.0,7.0,,3.0,2.0,,3.0,2.0,3.0,2.0,7.0
1,1.2811004,1.1544614,4.0,1.0,4.0,2.0,1.0,3.0,2.0,1.0,1.0,1.0,1.0,3.0
1,0.6776742,0.6816697,99.0,1.0,11.0,1.0,2.0,4.0,1.0,1.0,4.0,1.0,1.0,7.0
1,0.7158249,0.716297,6.0,1.0,11.0,1.0,2.0,1.0,3.0,3.0,1.0,2.0,1.0,4.0
1,0.3237093,0.3753691,3.0,1.0,5.0,3.0,2.0,2.0,2.0,2.0,3.0,2.0,1.0,8.0
1,1.2691867,1.1320196,3.0,1.0,12.0,2.0,1.0,3.0,1.0,2.0,1.0,2.0,2.0,6.0
1,0.4330275,0.4372391,7.0,1.0,11.0,1.0,2.0,2.0,1.0,1.0,3.0,1.0,1.0,6.0
1,0.4149514,0.4176591,8.0,1.0,11.0,1.0,1.0,4.0,1.0,1.0,2.0,2.0,2.0,5.0
1,0.7945516,0.782101,6.0,1.0,7.0,3.0,2.0,3.0,2.0,3.0,3.0,2.0,3.0,7.0
1,0.7007535,0.6999176,5.0,2.0,,1.0,3.0,1.0,1.0,2.0,2.0,3.0,1.0,4.0
1,1.6240964,1.4554175,5.0,1.0,4.0,3.0,2.0,2.0,3.0,3.0,3.0,3.0,2.0,6.0
1,1.0450584,1.03078,8.0,1.0,9.0,1.0,1.0,4.0,1.0,2.0,3.0,2.0,3.0,8.0
1,1.0501003,1.0530187,5.0,2.0,,2.0,4.0,3.0,4.0,4.0,2.0,3.0,3.0,5.0
1,0.7025226,0.7505091,3.0,2.0,,3.0,3.0,4.0,1.0,3.0,3.0,2.0,1.0,
1,1.3823924,1.425289,99.0,3.0,,1.0,1.0,1.0,4.0,4.0,1.0,1.0,1.0,
1,0.8057381,0.8069403,8.0,1.0,11.0,4.0,3.0,1.0,1.0,4.0,2.0,4.0,1.0,10.0
1,0.2926243,0.3223593,8.0,1.0,2.0,2.0,3.0,1.0,2.0,2.0,2.0,1.0,1.0,10.0
1,1.0568483,1.2043208,99.0,1.0,7.0,1.0,2.0,2.0,1.0,1.0,4.0,1.0,3.0,7.0
1,1.2395351,1.2249606,6.0,1.0,7.0,2.0,3.0,3.0,1.0,3.0,3.0,2.0,3.0,7.0
1,0.3039035,0.3315707,4.0,1.0,2.0,3.0,3.0,4.0,,4.0,3.0,,1.0,6.0
1,1.6080496,1.6553917,99.0,1.0,13.0,,2.0,2.0,1.0,3.0,2.0,2.0,2.0,5.0
1,1.4929653,1.2538506,6.0,3.0,,3.0,4.0,1.0,3.0,2.0,2.0,3.0,2.0,5.0
1,1.7980587,1.8349819,7.0,3.0,,1.0,2.0,1.0,2.0,3.0,4.0,3.0,1.0,7.0
1,0.6722142,0.6746908,10.0,1.0,11.0,1.0,1.0,4.0,1.0,1.0,2.0,1.0,3.0,10.0
1,0.3595695,0.3788934,8.0,1.0,1.0,3.0,1.0,1.0,3.0,2.0,2.0,2.0,3.0,7.0
1,1.7838531,1.8399311,5.0,3.0,,3.0,3.0,2.0,2.0,2.0,2.0,2.0,2.0,5.0
1,1.3282379,1.3160185,8.0,1.0,7.0,2.0,2.0,1.0,1.0,1.0,1.0,2.0,1.0,9.0
1,1.529688,1.3669277,,1.0,4.0,2.0,2.0,1.0,1.0,4.0,3.0,1.0,1.0,10.0
1,1.0501003,1.0530187,8.0,2.0,,1.0,4.0,4.0,4.0,2.0,2.0,1.0,4.0,3.0
1,1.3481127,1.4937068,99.0,1.0,4.0,2.0,4.0,3.0,3.0,3.0,2.0,4.0,1.0,5.0
1,1.4764049,1.4761441,8.0,2.0,,2.0,3.0,2.0,4.0,2.0,1.0,3.0,1.0,8.0
1,0.5879822,0.592626,10.0,1.0,11.0,1.0,4.0,4.0,2.0,2.0,4.0,4.0,1.0,2.0
1,1.6647232,1.7126228,4.0,3.0,,2.0,3.0,3.0,2.0,2.0,2.0,3.0,2.0,5.0
1,1.4648575,1.430961,7.0,3.0,,4.0,3.0,2.0,2.0,4.0,2.0,2.0,2.0,3.0
1,1.3216692,1.3647112,99.0,,,,1.0,,,,,,,
1,1.727806,1.5136133,0.0,1.0,10.0,1.0,1.0,1.0,1.0,2.0,1.0,1.0,2.0,7.0
1,1.0186226,1.0189577,5.0,2.0,,2.0,2.0,1.0,2.0,2.0,2.0,2.0,1.0,5.0
1,2.2623553,2.3155758,99.0,1.0,,,3.0,3.0,,3.0,,2.0,4.0,8.0
1,1.3839606,1.4182388,6.0,3.0,,2.0,3.0,3.0,3.0,2.0,3.0,3.0,3.0,7.0
1,1.0994637,1.0965844,3.0,1.0,7.0,4.0,1.0,2.0,2.0,3.0,2.0,3.0,2.0,4.0
1,1.1153382,1.2233073,99.0,1.0,4.0,4.0,4.0,2.0,1.0,4.0,1.0,2.0,2.0,9.0
1,0.6577737,0.6497681,8.0,1.0,11.0,1.0,1.0,3.0,2.0,2.0,2.0,3.0,2.0,7.0
1,0.2337729,0.2573008,7.0,1.0,2.0,4.0,3.0,1.0,2.0,2.0,3.0,2.0,2.0,6.0
1,1.162918,1.2458078,7.0,2.0,,4.0,3.0,2.0,1.0,3.0,2.0,1.0,4.0,7.0
1,0.7084069,0.7043462,7.0,1.0,11.0,1.0,2.0,4.0,1.0,1.0,4.0,1.0,2.0,9.0
1,0.6351554,0.6332703,8.0,1.0,11.0,2.0,2.0,1.0,4.0,4.0,2.0,3.0,1.0,8.0
1,0.4201175,0.422461,9.0,1.0,11.0,2.0,2.0,2.0,3.0,2.0,3.0,3.0,1.0,7.0
1,0.9054933,0.9078171,8.0,1.0,11.0,2.0,3.0,1.0,2.0,3.0,2.0,2.0,1.0,7.0
1,1.1795163,1.2183983,2.0,3.0,,1.0,2.0,1.0,3.0,3.0,2.0,1.0,1.0,7.0
1,0.4887443,0.5654977,1.0,1.0,5.0,3.0,4.0,2.0,3.0,2.0,1.0,3.0,2.0,6.0
1,2.1619892,2.2197332,99.0,1.0,,2.0,1.0,1.0,1.0,2.0,1.0,1.0,1.0,
1,1.3540831,1.3519707,10.0,1.0,11.0,1.0,1.0,2.0,2.0,2.0,2.0,2.0,1.0,7.0
1,0.6808174,0.6756318,9.0,1.0,11.0,2.0,2.0,3.0,2.0,2.0,3.0,1.0,2.0,7.0
1,1.6743569,1.7077332,7.0,3.0,,3.0,1.0,4.0,3.0,3.0,2.0,2.0,3.0,8.0
1,0.3680899,0.3337488,8.0,1.0,3.0,1.0,3.0,1.0,1.0,3.0,2.0,2.0,1.0,9.0
1,0.9799424,1.0135993,7.0,1.0,4.0,1.0,1.0,,1.0,1.0,1.0,4.0,2.0,5.0
1,1.0451655,1.0462546,,2.0,,3.0,3.0,1.0,1.0,3.0,2.0,1.0,1.0,8.0
1,1.5113934,1.5254291,,2.0,,3.0,3.0,1.0,3.0,2.0,2.0,2.0,3.0,7.0
1,1.4544499,1.495311,10.0,1.0,4.0,1.0,1.0,1.0,1.0,1.0,2.0,1.0,1.0,10.0
1,0.8460548,0.8524259,5.0,1.0,11.0,1.0,1.0,2.0,1.0,2.0,1.0,1.0,1.0,8.0
1,0.5143767,0.5150815,6.0,1.0,9.0,3.0,4.0,2.0,1.0,2.0,2.0,2.0,1.0,10.0
1,1.6473013,1.6880106,2.0,3.0,,4.0,1.0,1.0,4.0,2.0,4.0,4.0,1.0,3.0
1,0.4327979,0.4510278,8.0,1.0,8.0,1.0,1.0,1.0,1.0,2.0,2.0,2.0,2.0,8.0
1,0.6168212,0.6172577,9.0,1.0,11.0,3.0,2.0,2.0,2.0,2.0,2.0,3.0,2.0,7.0
1,1.2869219,1.2016953,1.0,1.0,6.0,4.0,4.0,1.0,4.0,4.0,4.0,4.0,1.0,10.0
1,1.849213,2.0402353,2.0,1.0,4.0,3.0,4.0,2.0,3.0,3.0,3.0,3.0,2.0,6.0
1,1.9834422,1.7654225,2.0,1.0,4.0,1.0,2.0,2.0,2.0,2.0,2.0,2.0,2.0,7.0
1,0.3607394,0.3245873,6.0,1.0,2.0,3.0,2.0,1.0,2.0,2.0,3.0,2.0,3.0,6.0
1,0.5863104,0.5841721,5.0,1.0,11.0,2.0,2.0,2.0,2.0,4.0,2.0,2.0,2.0,6.0
1,0.9023448,0.8965794,6.0,1.0,7.0,4.0,1.0,1.0,1.0,4.0,2.0,2.0,1.0,7.0
1,0.9644454,0.9584451,3.0,1.0,7.0,3.0,3.0,3.0,3.0,2.0,3.0,2.0,2.0,6.0
1,1.9443766,1.9979743,99.0,3.0,,2.0,2.0,1.0,4.0,3.0,3.0,2.0,3.0,7.0
1,1.296028,1.1511457,3.0,1.0,4.0,3.0,2.0,1.0,1.0,,2.0,2.0,2.0,6.0
1,1.2562875,1.3846108,0.0,1.0,4.0,4.0,4.0,1.0,4.0,3.0,4.0,4.0,1.0,10.0
1,1.2370231,1.366555,5.0,1.0,4.0,3.0,3.0,3.0,3.0,3.0,4.0,3.0,3.0,5.0
1,1.7489465,1.8042493,3.0,3.0,,3.0,4.0,3.0,2.0,2.0,3.0,2.0,3.0,
1,1.1970702,1.285535,10.0,2.0,,3.0,2.0,2.0,2.0,3.0,3.0,3.0,2.0,9.0
1,0.8567922,0.864908,8.0,1.0,11.0,2.0,3.0,1.0,2.0,3.0,2.0,3.0,2.0,
1,1.2305837,1.0717288,6.0,1.0,10.0,1.0,,4.0,2.0,2.0,3.0,2.0,3.0,3.0
1,1.7397408,1.8035229,6.0,3.0,,,,,3.0,3.0,,,,
1,2.0661311,1.8356104,2.0,1.0,4.0,4.0,3.0,2.0,3.0,3.0,3.0,3.0,2.0,8.0
1,0.4368295,0.4012927,3.0,1.0,1.0,1.0,1.0,1.0,1.0,1.0,1.0,1.0,1.0,10.0
1,1.1317252,1.0135993,1.0,1.0,4.0,3.0,4.0,,2.0,4.0,3.0,3.0,2.0,
1,1.0978794,1.0833517,6.0,1.0,7.0,2.0,2.0,4.0,1.0,3.0,1.0,1.0,4.0,3.0
1,0.8146836,0.8057442,8.0,1.0,7.0,1.0,4.0,2.0,2.0,1.0,1.0,1.0,1.0,4.0
1,0.8467112,0.8453586,6.0,1.0,7.0,2.0,2.0,2.0,2.0,1.0,2.0,2.0,2.0,6.0
1,1.3981637,1.4997265,6.0,2.0,,3.0,3.0,2.0,2.0,2.0,3.0,2.0,2.0,6.0
1,0.6744459,0.6729828,6.0,1.0,9.0,1.0,2.0,4.0,1.0,1.0,3.0,2.0,3.0,9.0
1,1.3557256,1.2157571,3.0,1.0,4.0,3.0,3.0,2.0,3.0,3.0,3.0,3.0,2.0,7.0
1,1.87639,1.918807,3.0,1.0,13.0,2.0,2.0,1.0,1.0,2.0,1.0,2.0,2.0,10.0
1,1.5796424,1.645273,99.0,1.0,13.0,3.0,2.0,1.0,1.0,4.0,4.0,3.0,1.0,10.0
1,0.8420841,0.8345433,6.0,1.0,7.0,2.0,3.0,2.0,4.0,4.0,3.0,1.0,2.0,7.0
1,2.4769571,2.0365736,99.0,1.0,14.0,,,2.0,3.0,2.0,3.0,2.0,3.0,3.0
1,1.3797557,1.5275841,2.0,1.0,4.0,4.0,4.0,2.0,2.0,3.0,4.0,3.0,2.0,10.0
1,0.6451607,0.6446571,8.0,1.0,11.0,2.0,2.0,2.0,2.0,3.0,2.0,2.0,3.0,8.0
1,1.7264639,1.7830672,3.0,3.0,,4.0,1.0,2.0,2.0,3.0,4.0,2.0,1.0,6.0
1,1.2434632,1.2821246,99.0,3.0,,2.0,1.0,4.0,4.0,3.0,4.0,4.0,4.0,5.0
1,0.9118544,0.9156367,4.0,1.0,7.0,4.0,4.0,1.0,4.0,4.0,1.0,4.0,1.0,8.0
1,1.358421,1.3027813,4.0,1.0,13.0,2.0,2.0,2.0,2.0,2.0,3.0,2.0,2.0,7.0
1,1.2276062,1.2008824,7.0,1.0,7.0,2.0,2.0,3.0,1.0,1.0,3.0,1.0,4.0,7.0
1,1.1201365,1.1139948,99.0,1.0,7.0,1.0,1.0,2.0,1.0,2.0,1.0,2.0,4.0,
1,0.9207327,1.0268779,6.0,1.0,4.0,1.0,2.0,2.0,3.0,2.0,2.0,2.0,2.0,7.0
1,1.0456146,1.0426819,5.0,2.0,,4.0,2.0,2.0,2.0,2.0,2.0,3.0,3.0,5.0
1,0.8761759,0.8775815,7.0,1.0,7.0,3.0,3.0,3.0,2.0,3.0,2.0,2.0,3.0,5.0
1,0.6577089,0.7033185,99.0,2.0,,1.0,2.0,3.0,3.0,2.0,3.0,3.0,3.0,6.0
1,0.9270421,0.960528,99.0,1.0,14.0,1.0,,,1.0,1.0,,4.0,1.0,10.0
1,0.3221,0.3581382,2.0,1.0,3.0,3.0,3.0,2.0,3.0,3.0,3.0,2.0,1.0,5.0
1,1.3627481,1.3874805,0.0,1.0,13.0,1.0,1.0,1.0,2.0,2.0,4.0,1.0,1.0,5.0
1,1.1170112,1.1570889,99.0,1.0,4.0,2.0,4.0,2.0,2.0,3.0,3.0,3.0,1.0,10.0
1,1.6937424,1.8027852,4.0,2.0,,4.0,4.0,2.0,2.0,4.0,4.0,2.0,2.0,6.0
1,0.6744413,0.6766149,8.0,1.0,11.0,1.0,3.0,4.0,2.0,2.0,4.0,2.0,4.0,8.0
1,1.1492398,1.1744866,99.0,3.0,,1.0,,3.0,2.0,2.0,1.0,,1.0,8.0
1,0.958297,0.968954,99.0,1.0,10.0,2.0,1.0,4.0,1.0,2.0,3.0,3.0,,3.0
1,1.1837215,1.0585917,5.0,1.0,4.0,2.0,3.0,2.0,3.0,3.0,1.0,2.0,2.0,7.0
1,0.2301911,0.2529654,5.0,1.0,2.0,2.0,3.0,2.0,1.0,2.0,1.0,3.0,3.0,4.0
1,1.3650405,1.4237584,7.0,1.0,4.0,2.0,2.0,2.0,2.0,3.0,3.0,3.0,2.0,7.0
1,1.4000995,1.4298023,99.0,3.0,,,4.0,,,2.0,4.0,4.0,1.0,5.0
1,0.7389076,0.7403671,8.0,1.0,11.0,1.0,1.0,4.0,1.0,1.0,1.0,2.0,4.0,2.0
1,1.1282591,1.0079778,3.0,1.0,4.0,3.0,1.0,1.0,1.0,3.0,2.0,1.0,2.0,4.0
1,0.5668952,0.5711182,8.0,1.0,11.0,1.0,3.0,3.0,1.0,1.0,1.0,1.0,3.0,0.0
1,0.7903016,0.7806312,3.0,1.0,7.0,3.0,1.0,4.0,4.0,1.0,4.0,1.0,4.0,8.0
1,1.2155712,1.264406,8.0,1.0,4.0,2.0,2.0,2.0,2.0,1.0,2.0,2.0,2.0,8.0
1,1.4098135,1.4505898,5.0,1.0,13.0,1.0,2.0,3.0,2.0,1.0,2.0,1.0,1.0,2.0
1,0.6451607,0.6446571,99.0,1.0,11.0,1.0,1.0,3.0,1.0,2.0,3.0,1.0,2.0,8.0
1,1.2363379,1.2598287,8.0,1.0,10.0,2.0,1.0,3.0,2.0,1.0,1.0,4.0,4.0,1.0
1,1.1369673,1.138537,5.0,2.0,,2.0,2.0,2.0,2.0,2.0,3.0,2.0,2.0,5.0
1,0.6687525,0.6666486,8.0,1.0,11.0,3.0,3.0,2.0,2.0,2.0,3.0,2.0,2.0,6.0
1,0.9356145,0.9710212,5.0,1.0,13.0,2.0,3.0,4.0,2.0,3.0,3.0,2.0,2.0,9.0
1,1.2663348,1.0949488,8.0,2.0,,1.0,1.0,1.0,1.0,1.0,2.0,2.0,1.0,8.0
1,0.9276665,0.9958302,7.0,2.0,,2.0,2.0,2.0,1.0,2.0,1.0,4.0,2.0,6.0
1,1.1136103,1.1106681,99.0,1.0,7.0,3.0,2.0,2.0,2.0,2.0,2.0,2.0,2.0,5.0
1,1.342582,1.3851346,99.0,3.0,,2.0,2.0,2.0,2.0,2.0,1.0,2.0,2.0,6.0
1,0.4203621,0.4527346,6.0,1.0,5.0,1.0,2.0,2.0,2.0,2.0,3.0,2.0,1.0,7.0
1,0.6744413,0.6766149,5.0,1.0,11.0,1.0,2.0,4.0,1.0,1.0,2.0,1.0,4.0,7.0
1,1.3056823,1.3543953,10.0,1.0,14.0,2.0,2.0,1.0,2.0,2.0,1.0,1.0,1.0,10.0
1,1.8736662,1.9227618,5.0,1.0,13.0,2.0,1.0,3.0,2.0,2.0,1.0,2.0,2.0,5.0
1,1.8961635,1.6979368,2.0,1.0,4.0,4.0,3.0,2.0,4.0,4.0,4.0,3.0,4.0,10.0
1,0.3132909,0.2896889,7.0,1.0,1.0,2.0,2.0,1.0,1.0,3.0,2.0,2.0,2.0,7.0
1,0.4549994,0.4589482,7.0,1.0,11.0,1.0,1.0,2.0,1.0,3.0,4.0,1.0,1.0,7.0
1,0.5830845,0.5817164,8.0,1.0,11.0,2.0,1.0,4.0,1.0,1.0,3.0,2.0,3.0,0.0
1,0.8372259,0.8406902,5.0,1.0,11.0,1.0,2.0,4.0,2.0,1.0,2.0,3.0,3.0,5.0
1,0.6918902,0.7986304,8.0,1.0,7.0,3.0,2.0,2.0,2.0,2.0,2.0,2.0,1.0,8.0
1,0.7609701,0.7589444,8.0,1.0,7.0,2.0,2.0,2.0,2.0,2.0,2.0,2.0,2.0,8.0
1,0.6025978,0.5439296,7.0,1.0,8.0,1.0,1.0,4.0,1.0,1.0,1.0,4.0,1.0,7.0
1,0.6387811,0.6354734,8.0,1.0,7.0,2.0,2.0,2.0,2.0,2.0,2.0,1.0,3.0,7.0
1,1.4190907,1.1744866,5.0,1.0,13.0,3.0,3.0,4.0,3.0,2.0,4.0,2.0,1.0,7.0
1,0.535504,0.5372037,7.0,1.0,11.0,2.0,2.0,2.0,1.0,1.0,4.0,1.0,1.0,7.0
1,0.8835037,0.8763543,8.0,1.0,9.0,2.0,3.0,2.0,1.0,2.0,2.0,2.0,2.0,7.0
1,1.4177589,1.3776072,5.0,3.0,,1.0,3.0,4.0,1.0,3.0,2.0,3.0,3.0,5.0
1,1.5677142,1.6193804,99.0,3.0,,3.0,4.0,4.0,4.0,4.0,4.0,4.0,4.0,8.0
1,0.7350089,0.7395709,10.0,1.0,11.0,1.0,1.0,1.0,1.0,1.0,1.0,1.0,1.0,9.0
1,0.4958602,0.5016513,8.0,1.0,11.0,2.0,2.0,2.0,2.0,3.0,2.0,1.0,1.0,8.0
1,0.6293338,0.6322676,7.0,1.0,11.0,1.0,4.0,3.0,2.0,1.0,2.0,3.0,2.0,7.0
1,1.1510216,1.1465691,8.0,1.0,7.0,3.0,2.0,3.0,1.0,3.0,3.0,4.0,3.0,10.0
1,0.6537955,0.6587056,0.0,1.0,11.0,2.0,2.0,2.0,2.0,2.0,2.0,3.0,2.0,8.0
1,0.8466949,0.8466926,10.0,1.0,11.0,1.0,1.0,1.0,1.0,2.0,1.0,1.0,1.0,
1,0.6293338,0.6322676,6.0,1.0,11.0,1.0,1.0,3.0,1.0,2.0,1.0,2.0,4.0,7.0
1,0.8701713,0.8575438,6.0,1.0,7.0,2.0,3.0,3.0,4.0,3.0,1.0,2.0,4.0,3.0
1,1.1497753,1.1850892,3.0,3.0,,4.0,4.0,2.0,1.0,3.0,3.0,3.0,3.0,5.0
1,0.6641654,0.6627963,9.0,1.0,11.0,1.0,1.0,2.0,1.0,2.0,3.0,1.0,3.0,8.0
1,1.0301384,1.0582293,2.0,3.0,,2.0,1.0,2.0,3.0,3.0,3.0,4.0,1.0,8.0
1,1.9008864,1.9432056,99.0,3.0,,2.0,3.0,2.0,1.0,3.0,2.0,3.0,3.0,6.0
1,0.8482541,0.8533818,99.0,2.0,,3.0,3.0,1.0,3.0,3.0,3.0,2.0,2.0,
1,0.5499899,0.6749617,9.0,1.0,7.0,2.0,2.0,2.0,1.0,3.0,1.0,2.0,4.0,5.0
1,0.3831396,0.3844545,99.0,1.0,11.0,1.0,1.0,1.0,1.0,3.0,3.0,1.0,1.0,
1,1.2911217,1.1508843,2.0,1.0,4.0,4.0,4.0,1.0,4.0,4.0,4.0,4.0,1.0,10.0
1,1.474458,1.5205069,5.0,3.0,,4.0,4.0,2.0,1.0,3.0,3.0,2.0,2.0,8.0
1,1.9706721,1.7767872,2.0,1.0,4.0,2.0,1.0,1.0,1.0,1.0,1.0,1.0,1.0,9.0
1,0.7225544,0.7321349,6.0,1.0,11.0,1.0,2.0,4.0,1.0,1.0,1.0,4.0,2.0,7.0
1,0.6002776,0.6969821,7.0,1.0,6.0,3.0,2.0,3.0,1.0,2.0,2.0,2.0,2.0,6.0
1,1.2741876,1.285535,2.0,2.0,,,,,3.0,4.0,4.0,,,2.0
1,1.1852899,1.2210979,5.0,1.0,13.0,2.0,2.0,2.0,2.0,2.0,2.0,2.0,2.0,5.0
1,1.1849391,1.2343599,8.0,3.0,,,,3.0,2.0,3.0,2.0,2.0,3.0,7.0
1,1.3857756,1.4163635,7.0,3.0,,1.0,4.0,2.0,4.0,2.0,3.0,1.0,4.0,3.0
1,1.3645427,1.3924985,99.0,3.0,,3.0,4.0,3.0,4.0,2.0,3.0,4.0,3.0,5.0
1,2.2350461,2.3072679,,1.0,14.0,2.0,4.0,2.0,1.0,1.0,1.0,3.0,1.0,7.0
1,1.1463145,1.1460857,4.0,1.0,7.0,4.0,4.0,2.0,1.0,2.0,4.0,2.0,2.0,0.0
1,0.9718608,0.9734999,4.0,1.0,11.0,1.0,2.0,2.0,2.0,2.0,3.0,2.0,2.0,7.0
1,1.5074482,1.3447099,7.0,1.0,4.0,2.0,3.0,2.0,3.0,3.0,2.0,2.0,2.0,7.0
1,1.0291479,1.0633713,2.0,3.0,,3.0,1.0,2.0,1.0,2.0,2.0,3.0,2.0,5.0
1,1.5584723,1.3997854,5.0,1.0,4.0,2.0,2.0,3.0,2.0,,3.0,2.0,2.0,5.0
1,0.7339966,0.6692582,6.0,1.0,8.0,1.0,4.0,4.0,1.0,1.0,2.0,3.0,3.0,2.0
1,0.2662714,0.2448303,4.0,1.0,1.0,2.0,3.0,2.0,2.0,3.0,2.0,3.0,1.0,7.0
1,1.5312244,1.4722984,99.0,1.0,13.0,,,4.0,,3.0,,,1.0,6.0
1,1.6042223,1.6734699,99.0,3.0,,2.0,2.0,2.0,3.0,2.0,2.0,2.0,2.0,6.0
1,1.5355935,1.6979368,5.0,1.0,4.0,3.0,3.0,2.0,2.0,3.0,3.0,2.0,2.0,2.0
1,1.4744898,1.578573,99.0,2.0,,4.0,4.0,3.0,3.0,3.0,3.0,2.0,3.0,4.0
1,1.407347,1.4470509,5.0,1.0,13.0,1.0,4.0,1.0,1.0,4.0,4.0,1.0,1.0,0.0
1,0.5616455,0.5644811,5.0,1.0,11.0,3.0,2.0,2.0,2.0,4.0,2.0,2.0,3.0,5.0
1,1.5042132,1.3386455,1.0,1.0,4.0,1.0,4.0,2.0,2.0,4.0,2.0,2.0,1.0,8.0
1,0.2598724,0.2859671,99.0,1.0,2.0,4.0,4.0,3.0,3.0,3.0,4.0,2.0,2.0,4.0
1,0.6451607,0.6446571,10.0,1.0,11.0,1.0,2.0,3.0,2.0,2.0,3.0,2.0,3.0,6.0
1,1.1493353,1.0309705,3.0,1.0,4.0,3.0,3.0,2.0,3.0,1.0,2.0,4.0,2.0,4.0
1,0.4149514,0.4176591,9.0,1.0,11.0,1.0,1.0,4.0,2.0,4.0,1.0,3.0,2.0,2.0
1,1.9505554,1.645273,5.0,1.0,13.0,4.0,4.0,4.0,2.0,3.0,2.0,3.0,3.0,6.0
1,0.8182757,0.8207698,10.0,1.0,11.0,1.0,1.0,4.0,1.0,1.0,3.0,3.0,3.0,3.0
1,0.9738527,0.9669692,5.0,1.0,7.0,1.0,2.0,3.0,3.0,2.0,3.0,3.0,3.0,7.0
1,1.2636603,1.3183746,7.0,1.0,14.0,2.0,3.0,2.0,2.0,2.0,3.0,3.0,3.0,7.0
1,0.7479483,0.748521,8.0,1.0,7.0,2.0,3.0,2.0,1.0,2.0,2.0,2.0,2.0,9.0
1,0.533864,0.5342245,3.0,1.0,11.0,1.0,1.0,1.0,1.0,1.0,1.0,1.0,1.0,8.0
1,0.8462893,0.9867753,7.0,1.0,7.0,2.0,3.0,1.0,2.0,2.0,1.0,2.0,1.0,7.0
1,0.7828875,0.9701487,3.0,1.0,7.0,4.0,4.0,2.0,2.0,4.0,3.0,2.0,4.0,6.0
1,1.0064609,1.0022286,5.0,1.0,7.0,3.0,3.0,3.0,3.0,2.0,3.0,3.0,2.0,5.0
1,0.7225544,0.7321349,99.0,1.0,11.0,2.0,1.0,1.0,1.0,2.0,1.0,1.0,1.0,8.0
1,0.8316579,0.8316007,9.0,1.0,7.0,1.0,1.0,2.0,2.0,2.0,2.0,1.0,1.0,9.0
1,1.05337,1.0488112,7.0,1.0,7.0,3.0,3.0,1.0,4.0,3.0,4.0,1.0,2.0,3.0
1,0.5816461,0.5791869,4.0,1.0,11.0,1.0,4.0,4.0,4.0,1.0,1.0,1.0,1.0,2.0
1,1.1655034,1.2842071,3.0,1.0,4.0,3.0,3.0,2.0,3.0,3.0,3.0,3.0,3.0,8.0
1,1.2221106,1.2300106,8.0,2.0,,1.0,1.0,4.0,1.0,1.0,2.0,3.0,2.0,6.0
1,1.878419,1.9484236,99.0,3.0,,3.0,3.0,2.0,3.0,3.0,4.0,1.0,3.0,3.0
1,1.0638931,1.1327363,2.0,2.0,,2.0,2.0,3.0,3.0,3.0,1.0,1.0,4.0,3.0
1,0.3831396,0.3844545,10.0,1.0,11.0,1.0,1.0,4.0,1.0,1.0,1.0,3.0,2.0,9.0
1,0.3810838,0.3798279,99.0,1.0,11.0,2.0,1.0,,1.0,3.0,2.0,1.0,1.0,5.0
1,1.2314572,1.1612716,3.0,1.0,6.0,3.0,1.0,1.0,2.0,3.0,1.0,1.0,1.0,8.0
1,1.2741876,1.285535,7.0,2.0,,2.0,3.0,2.0,1.0,2.0,,2.0,3.0,7.0
1,0.7958059,0.7949409,6.0,1.0,7.0,1.0,4.0,3.0,1.0,2.0,1.0,2.0,4.0,2.0
1,0.7176856,0.7171003,5.0,2.0,,,3.0,3.0,,3.0,4.0,3.0,2.0,5.0
1,0.4478993,0.4163105,4.0,1.0,5.0,,4.0,4.0,3.0,1.0,,3.0,2.0,5.0
1,0.7132772,0.6692275,6.0,1.0,6.0,2.0,3.0,2.0,2.0,3.0,4.0,1.0,1.0,4.0
1,0.855298,0.8626888,10.0,1.0,11.0,1.0,1.0,4.0,1.0,1.0,4.0,2.0,1.0,8.0
1,0.5885438,0.5907657,10.0,1.0,11.0,2.0,4.0,3.0,2.0,2.0,2.0,2.0,2.0,2.0
1,0.9662021,0.9600364,7.0,1.0,7.0,2.0,3.0,4.0,1.0,2.0,2.0,1.0,3.0,5.0
1,1.5603782,1.3183746,2.0,1.0,13.0,1.0,2.0,1.0,3.0,2.0,3.0,4.0,2.0,6.0
1,0.5846,0.5788508,7.0,1.0,7.0,2.0,1.0,2.0,1.0,2.0,2.0,1.0,2.0,9.0
1,0.7225544,0.7321349,10.0,1.0,11.0,1.0,1.0,4.0,2.0,1.0,4.0,2.0,1.0,
1,0.9007711,0.8942789,3.0,1.0,7.0,1.0,2.0,3.0,4.0,2.0,4.0,2.0,3.0,2.0
1,0.518473,0.5137855,8.0,1.0,7.0,2.0,2.0,4.0,1.0,2.0,3.0,2.0,4.0,3.0
1,0.5764136,0.5417457,6.0,1.0,6.0,2.0,2.0,2.0,2.0,3.0,2.0,2.0,2.0,4.0
1,0.6155053,0.7543733,5.0,1.0,7.0,1.0,1.0,2.0,1.0,1.0,1.0,1.0,1.0,1.0
1,0.8989446,0.9329125,3.0,1.0,12.0,2.0,2.0,1.0,2.0,1.0,3.0,1.0,2.0,3.0
1,1.1370492,1.0689485,5.0,1.0,6.0,,3.0,2.0,,3.0,3.0,2.0,,8.0
1,0.8495289,0.8527853,10.0,1.0,11.0,1.0,3.0,3.0,1.0,2.0,2.0,2.0,3.0,8.0
1,1.0128298,1.0028183,5.0,1.0,7.0,2.0,4.0,3.0,2.0,3.0,3.0,1.0,2.0,10.0
1,0.3488777,0.3857618,2.0,1.0,3.0,3.0,4.0,2.0,2.0,3.0,2.0,4.0,2.0,5.0
1,1.4077144,1.2169387,6.0,2.0,,1.0,3.0,3.0,3.0,3.0,2.0,2.0,4.0,7.0
1,0.9544124,0.8580003,7.0,1.0,4.0,4.0,4.0,1.0,3.0,3.0,3.0,1.0,4.0,6.0
1,0.693823,0.6886505,4.0,1.0,7.0,1.0,2.0,2.0,1.0,2.0,3.0,2.0,2.0,7.0
1,0.9050847,0.8985425,5.0,1.0,7.0,2.0,2.0,2.0,3.0,2.0,3.0,2.0,2.0,6.0
1,1.5861359,1.5323344,8.0,1.0,13.0,1.0,,4.0,1.0,1.0,2.0,2.0,4.0,5.0
1,0.4173313,0.4473974,5.0,1.0,11.0,1.0,1.0,2.0,1.0,1.0,1.0,1.0,3.0,7.0
1,0.6800264,0.6774028,5.0,1.0,7.0,2.0,2.0,2.0,1.0,2.0,2.0,4.0,1.0,7.0
1,0.6355557,0.6692582,8.0,1.0,8.0,2.0,2.0,1.0,2.0,2.0,2.0,1.0,2.0,7.0
1,1.1536983,1.1797608,99.0,1.0,4.0,1.0,1.0,,1.0,2.0,1.0,4.0,1.0,10.0
1,1.7586572,1.7846125,99.0,3.0,,3.0,3.0,1.0,4.0,4.0,2.0,1.0,1.0,
1,0.4835421,0.5478464,3.0,1.0,1.0,2.0,1.0,4.0,2.0,2.0,3.0,2.0,2.0,10.0
1,0.7745833,0.7680213,5.0,1.0,7.0,4.0,3.0,2.0,2.0,2.0,2.0,3.0,1.0,5.0
1,1.1542828,1.1493887,5.0,1.0,7.0,2.0,2.0,3.0,3.0,2.0,2.0,2.0,3.0,4.0
1,0.8684436,0.8640156,10.0,1.0,11.0,1.0,3.0,3.0,2.0,2.0,1.0,1.0,2.0,7.0
1,1.255383,1.2122909,8.0,3.0,,1.0,1.0,3.0,1.0,2.0,2.0,3.0,3.0,7.0
1,0.9368498,0.9426904,,2.0,,,2.0,2.0,2.0,3.0,2.0,1.0,2.0,
1,1.4741501,1.5314333,6.0,3.0,,3.0,2.0,2.0,1.0,2.0,3.0,3.0,3.0,7.0
1,1.7407843,1.4632117,,1.0,13.0,4.0,4.0,2.0,3.0,4.0,4.0,4.0,2.0,9.0
1,0.9184557,0.9215825,10.0,1.0,11.0,4.0,4.0,2.0,2.0,4.0,2.0,4.0,2.0,10.0
1,1.2861387,1.312669,99.0,1.0,13.0,2.0,1.0,2.0,1.0,2.0,2.0,1.0,1.0,9.0
1,0.5755009,0.5795619,5.0,1.0,11.0,1.0,1.0,3.0,1.0,1.0,4.0,4.0,1.0,7.0
1,0.8567922,0.864908,8.0,1.0,11.0,3.0,3.0,2.0,2.0,2.0,2.0,2.0,2.0,8.0
1,1.1463145,1.1460857,9.0,1.0,7.0,2.0,2.0,1.0,2.0,3.0,1.0,1.0,2.0,10.0
1,1.1809273,1.2088299,99.0,3.0,,2.0,1.0,1.0,2.0,2.0,1.0,1.0,2.0,5.0
1,0.8287066,0.8271186,8.0,1.0,11.0,1.0,1.0,3.0,2.0,4.0,1.0,2.0,2.0,9.0
1,0.4686765,0.4675384,99.0,1.0,11.0,2.0,1.0,2.0,4.0,1.0,4.0,4.0,1.0,10.0
1,0.5436345,0.5812178,5.0,2.0,,2.0,2.0,3.0,1.0,2.0,4.0,2.0,1.0,10.0
1,0.5345236,0.5377802,99.0,1.0,11.0,2.0,2.0,2.0,2.0,3.0,2.0,2.0,1.0,6.0
1,1.2940146,1.3075668,5.0,2.0,,3.0,2.0,3.0,3.0,3.0,2.0,2.0,2.0,5.0
1,0.7835176,0.7855104,8.0,1.0,9.0,2.0,3.0,3.0,1.0,2.0,2.0,3.0,2.0,5.0
1,2.3324091,2.4154334,3.0,3.0,,3.0,3.0,3.0,3.0,2.0,3.0,3.0,2.0,5.0
1,1.094691,1.0976412,7.0,2.0,,,3.0,1.0,,2.0,1.0,2.0,3.0,10.0
1,1.0664403,1.0710654,5.0,2.0,,3.0,2.0,4.0,4.0,2.0,3.0,2.0,3.0,
1,0.3552122,0.3191182,1.0,1.0,2.0,4.0,4.0,,3.0,4.0,4.0,4.0,1.0,10.0
1,0.512108,0.5099747,7.0,1.0,7.0,2.0,4.0,2.0,1.0,2.0,1.0,1.0,3.0,6.0
1,1.2253431,1.2181892,99.0,1.0,7.0,1.0,2.0,3.0,2.0,2.0,3.0,2.0,3.0,6.0
1,1.1501293,1.1306632,6.0,1.0,7.0,1.0,3.0,3.0,1.0,1.0,2.0,1.0,2.0,5.0
1,0.7127271,0.7114154,7.0,1.0,11.0,2.0,2.0,4.0,2.0,2.0,4.0,2.0,4.0,10.0
1,0.561343,0.5602297,10.0,1.0,11.0,1.0,1.0,3.0,1.0,2.0,3.0,3.0,2.0,5.0
1,0.9309489,0.9299283,6.0,1.0,9.0,1.0,2.0,3.0,2.0,1.0,3.0,2.0,2.0,6.0
1,0.8465955,0.8781915,8.0,1.0,4.0,2.0,1.0,2.0,2.0,3.0,1.0,2.0,2.0,5.0
1,1.4991658,1.651286,2.0,1.0,4.0,4.0,4.0,2.0,4.0,4.0,3.0,4.0,1.0,9.0
1,1.0550294,1.0842084,6.0,3.0,,3.0,3.0,3.0,4.0,3.0,4.0,3.0,2.0,5.0
1,1.1105807,1.1019552,4.0,1.0,7.0,2.0,3.0,3.0,2.0,2.0,1.0,2.0,2.0,9.0
1,1.3903923,1.4212198,0.0,1.0,13.0,3.0,4.0,3.0,1.0,4.0,3.0,4.0,1.0,5.0
1,0.7996737,0.7962371,5.0,1.0,7.0,3.0,3.0,3.0,4.0,3.0,2.0,2.0,2.0,5.0
1,0.295852,0.2694283,2.0,1.0,1.0,2.0,1.0,2.0,1.0,3.0,,2.0,2.0,6.0
1,0.5844559,0.5894946,10.0,1.0,11.0,1.0,1.0,4.0,1.0,2.0,3.0,1.0,4.0,6.0
1,0.8267338,0.8285576,7.0,1.0,11.0,2.0,1.0,2.0,2.0,2.0,3.0,1.0,1.0,7.0
1,0.9684057,0.9588494,5.0,1.0,7.0,2.0,2.0,3.0,2.0,3.0,3.0,2.0,2.0,6.0
1,1.9539669,2.003011,99.0,3.0,,1.0,3.0,3.0,3.0,2.0,3.0,3.0,2.0,6.0
1,1.6029086,1.651286,99.0,1.0,4.0,3.0,1.0,1.0,2.0,2.0,1.0,1.0,1.0,6.0
1,1.9505554,1.645273,5.0,1.0,13.0,4.0,2.0,1.0,2.0,3.0,3.0,1.0,2.0,5.0
1,0.9147322,0.9413328,5.0,3.0,,3.0,4.0,2.0,3.0,3.0,3.0,2.0,3.0,7.0
1,0.7990538,0.8028936,9.0,1.0,11.0,1.0,2.0,3.0,1.0,3.0,2.0,2.0,2.0,10.0
1,0.7454223,0.744038,8.0,1.0,11.0,1.0,2.0,4.0,1.0,1.0,1.0,1.0,4.0,2.0
1,0.846472,0.838892,10.0,1.0,11.0,1.0,1.0,2.0,1.0,3.0,3.0,1.0,4.0,4.0
1,2.0689809,2.1256857,99.0,1.0,4.0,,4.0,,,3.0,,,,7.0
1,0.5217424,0.4711635,5.0,1.0,8.0,2.0,3.0,3.0,2.0,2.0,4.0,4.0,,5.0
1,1.6042223,1.6734699,5.0,1.0,13.0,1.0,4.0,2.0,1.0,1.0,1.0,2.0,3.0,5.0
1,0.8429944,0.7554672,7.0,1.0,12.0,2.0,3.0,3.0,1.0,2.0,2.0,2.0,3.0,8.0
1,0.8660698,0.8650065,4.0,1.0,7.0,2.0,3.0,4.0,3.0,3.0,3.0,3.0,2.0,8.0
1,0.9247153,0.9150532,99.0,1.0,7.0,2.0,,2.0,2.0,2.0,,2.0,,5.0
1,1.5274863,1.366555,2.0,1.0,4.0,3.0,3.0,1.0,1.0,3.0,2.0,1.0,3.0,7.0
1,0.9933708,0.9985168,6.0,1.0,7.0,1.0,1.0,2.0,1.0,2.0,1.0,1.0,1.0,5.0
1,0.7791582,0.8678824,7.0,1.0,8.0,1.0,3.0,4.0,1.0,1.0,1.0,2.0,3.0,5.0
1,0.6785675,0.6818781,8.0,1.0,11.0,1.0,1.0,2.0,1.0,2.0,3.0,1.0,2.0,6.0
1,0.9365888,0.9296587,9.0,1.0,11.0,1.0,3.0,4.0,1.0,1.0,2.0,4.0,3.0,2.0
1,1.4377133,1.2956706,4.0,1.0,4.0,3.0,4.0,3.0,3.0,2.0,3.0,2.0,1.0,6.0
1,1.3086601,1.3527207,7.0,1.0,13.0,2.0,2.0,3.0,1.0,3.0,1.0,2.0,4.0,7.0
1,0.4480279,0.4512152,99.0,1.0,11.0,2.0,3.0,3.0,1.0,2.0,1.0,4.0,2.0,8.0
1,0.4868744,0.4861632,10.0,1.0,11.0,2.0,2.0,3.0,1.0,2.0,3.0,2.0,4.0,2.0
1,0.5844559,0.5894946,10.0,1.0,11.0,1.0,1.0,4.0,1.0,1.0,4.0,1.0,1.0,10.0
1,0.9219919,0.9190389,7.0,1.0,7.0,1.0,1.0,2.0,2.0,1.0,1.0,1.0,1.0,7.0
1,0.8697729,0.8615185,3.0,1.0,7.0,,4.0,3.0,,2.0,3.0,2.0,,5.0
1,1.1453292,1.1889921,5.0,1.0,13.0,3.0,4.0,2.0,2.0,3.0,3.0,4.0,3.0,7.0
1,1.0116864,1.0181271,7.0,1.0,7.0,2.0,4.0,3.0,1.0,2.0,1.0,1.0,2.0,3.0
1,1.1591407,1.1159117,99.0,3.0,,1.0,1.0,1.0,1.0,3.0,3.0,3.0,1.0,6.0
1,0.921279,0.9546601,5.0,3.0,,2.0,2.0,3.0,3.0,1.0,3.0,3.0,3.0,5.0
1,0.8506488,0.8530461,5.0,1.0,11.0,1.0,1.0,4.0,1.0,1.0,3.0,2.0,2.0,8.0
1,0.7651749,0.7613613,10.0,1.0,11.0,1.0,1.0,4.0,1.0,1.0,3.0,1.0,3.0,5.0
1,1.1905413,1.232724,5.0,1.0,13.0,3.0,3.0,2.0,4.0,3.0,3.0,3.0,3.0,5.0
1,0.6792454,0.6800517,99.0,1.0,11.0,1.0,1.0,,1.0,1.0,,3.0,1.0,7.0
1,0.9019018,0.9956702,2.0,1.0,4.0,1.0,3.0,3.0,3.0,2.0,1.0,4.0,2.0,7.0
1,0.5691626,0.5767825,3.0,1.0,11.0,2.0,2.0,2.0,1.0,3.0,2.0,3.0,1.0,7.0
1,2.2249899,2.266784,5.0,3.0,,2.0,2.0,3.0,3.0,3.0,3.0,1.0,2.0,6.0
1,0.7958059,0.7949409,6.0,1.0,7.0,2.0,4.0,2.0,2.0,3.0,2.0,2.0,3.0,6.0
1,0.6946282,0.6920612,10.0,1.0,11.0,1.0,1.0,2.0,1.0,2.0,3.0,2.0,1.0,8.0
1,0.7248162,0.72605,10.0,1.0,11.0,1.0,1.0,4.0,2.0,1.0,2.0,2.0,2.0,6.0
1,0.9256558,1.0206488,1.0,1.0,4.0,3.0,4.0,2.0,2.0,3.0,2.0,2.0,1.0,8.0
1,1.4093963,1.4663441,99.0,1.0,13.0,,4.0,2.0,3.0,3.0,3.0,3.0,3.0,4.0
1,1.023613,1.0546446,9.0,3.0,,1.0,3.0,3.0,2.0,2.0,2.0,2.0,2.0,5.0
1,0.7161094,0.7162887,10.0,2.0,,1.0,1.0,1.0,2.0,1.0,1.0,1.0,1.0,9.0
1,0.6681705,0.6703888,5.0,1.0,11.0,1.0,1.0,1.0,1.0,2.0,1.0,1.0,3.0,6.0
1,0.563808,0.5629232,6.0,1.0,7.0,2.0,3.0,2.0,3.0,3.0,2.0,2.0,3.0,5.0
1,1.2521446,1.2898672,5.0,1.0,13.0,1.0,1.0,3.0,1.0,3.0,3.0,3.0,2.0,2.0
1,2.3566802,2.2700822,10.0,,,1.0,1.0,2.0,2.0,1.0,2.0,2.0,2.0,8.0
1,0.3052474,0.279673,3.0,1.0,1.0,3.0,4.0,2.0,2.0,4.0,3.0,2.0,2.0,7.0
1,0.8416016,0.8412939,9.0,1.0,11.0,1.0,2.0,2.0,2.0,1.0,3.0,2.0,2.0,5.0
1,0.5579579,0.5019118,3.0,1.0,3.0,4.0,4.0,1.0,4.0,4.0,4.0,4.0,1.0,7.0
1,0.5700644,0.6982719,99.0,1.0,7.0,,1.0,,2.0,2.0,4.0,2.0,,10.0
1,0.4786725,0.5244155,2.0,1.0,3.0,3.0,3.0,3.0,2.0,3.0,2.0,3.0,1.0,7.0
1,0.6241643,0.6196521,10.0,1.0,11.0,2.0,1.0,1.0,2.0,1.0,3.0,3.0,1.0,8.0
1,1.1604072,1.1980356,10.0,1.0,,1.0,2.0,3.0,2.0,1.0,4.0,1.0,4.0,7.0
1,1.935733,1.7282766,0.0,1.0,4.0,3.0,3.0,3.0,3.0,3.0,3.0,3.0,2.0,7.0
1,1.2976147,1.3474313,99.0,3.0,,1.0,2.0,2.0,2.0,1.0,3.0,2.0,2.0,5.0
1,1.679821,1.8567486,1.0,1.0,4.0,2.0,3.0,2.0,2.0,2.0,3.0,2.0,1.0,10.0
1,0.9684057,0.9588494,7.0,1.0,7.0,2.0,1.0,2.0,2.0,2.0,1.0,4.0,4.0,2.0
1,0.9161089,0.8262095,99.0,1.0,8.0,2.0,2.0,2.0,1.0,2.0,2.0,1.0,1.0,6.0
1,0.671737,0.5791869,99.0,1.0,11.0,2.0,2.0,3.0,2.0,3.0,2.0,2.0,2.0,7.0
1,0.4110782,0.4804902,2.0,1.0,6.0,3.0,1.0,2.0,1.0,2.0,2.0,2.0,1.0,5.0
1,0.6398083,0.6417904,99.0,1.0,11.0,2.0,1.0,,1.0,2.0,2.0,4.0,1.0,10.0
1,1.2747345,1.3072484,99.0,1.0,13.0,1.0,3.0,1.0,2.0,2.0,2.0,1.0,2.0,6.0
1,1.7283056,1.7794266,6.0,3.0,,2.0,3.0,2.0,2.0,3.0,3.0,2.0,2.0,6.0
1,0.8340489,0.8420683,10.0,1.0,11.0,1.0,1.0,3.0,1.0,2.0,3.0,2.0,3.0,8.0
1,1.0989492,1.2092438,1.0,1.0,4.0,3.0,4.0,2.0,3.0,3.0,3.0,3.0,2.0,5.0
1,1.3437998,1.4878323,2.0,1.0,4.0,4.0,4.0,2.0,3.0,4.0,4.0,3.0,2.0,5.0
1,1.7053709,1.7286527,8.0,1.0,10.0,1.0,2.0,3.0,1.0,2.0,3.0,2.0,3.0,5.0
1,1.7252835,1.7700989,5.0,1.0,,3.0,4.0,4.0,,4.0,2.0,2.0,4.0,7.0
1,1.2444099,1.2390668,6.0,1.0,7.0,2.0,4.0,3.0,1.0,2.0,2.0,1.0,2.0,8.0
1,0.8910424,0.8935435,7.0,1.0,11.0,1.0,1.0,4.0,3.0,3.0,3.0,4.0,3.0,10.0
1,1.0959687,1.0196792,4.0,1.0,5.0,2.0,2.0,3.0,3.0,2.0,2.0,3.0,3.0,6.0
1,0.921279,0.9546601,5.0,3.0,,2.0,2.0,2.0,2.0,3.0,3.0,2.0,3.0,5.0
1,1.5301884,1.5745604,2.0,3.0,,1.0,4.0,2.0,2.0,2.0,3.0,3.0,1.0,5.0
1,0.7339966,0.6692582,7.0,1.0,8.0,1.0,3.0,4.0,1.0,1.0,2.0,2.0,4.0,8.0
1,0.9130041,0.7918324,9.0,1.0,11.0,1.0,1.0,1.0,1.0,3.0,1.0,2.0,2.0,8.0
1,0.632329,0.6342437,99.0,1.0,11.0,2.0,2.0,2.0,2.0,2.0,2.0,1.0,1.0,5.0
1,0.6794993,0.6830659,6.0,1.0,11.0,1.0,1.0,1.0,1.0,1.0,1.0,1.0,1.0,5.0
1,0.6870512,0.6493996,3.0,1.0,6.0,3.0,4.0,3.0,2.0,4.0,2.0,3.0,2.0,4.0
1,1.5354193,1.287092,2.0,1.0,13.0,,,,2.0,4.0,,,,7.0
1,0.9206493,0.9183815,3.0,1.0,7.0,3.0,3.0,1.0,2.0,4.0,4.0,2.0,1.0,9.0
1,0.8425389,0.9138654,4.0,1.0,6.0,2.0,3.0,3.0,2.0,2.0,3.0,3.0,2.0,4.0
1,1.7838531,1.8399311,4.0,1.0,,4.0,4.0,1.0,,4.0,2.0,2.0,,
1,0.4112505,0.4318007,8.0,1.0,8.0,1.0,1.0,4.0,1.0,1.0,2.0,2.0,4.0,8.0
1,1.1708751,1.1764245,3.0,2.0,,2.0,2.0,1.0,2.0,3.0,1.0,2.0,1.0,3.0
1,0.4229323,0.3807745,4.0,1.0,3.0,2.0,3.0,2.0,2.0,3.0,2.0,2.0,2.0,6.0
1,0.6040429,0.7015768,3.0,1.0,6.0,3.0,4.0,3.0,4.0,4.0,3.0,3.0,1.0,7.0
1,0.8601711,0.8183453,4.0,1.0,6.0,2.0,2.0,3.0,2.0,2.0,3.0,3.0,2.0,6.0
1,0.8598765,0.7668468,6.0,1.0,8.0,2.0,4.0,3.0,2.0,2.0,2.0,2.0,3.0,4.0
1,0.9607548,0.9614355,3.0,1.0,7.0,3.0,4.0,2.0,3.0,4.0,3.0,3.0,2.0,6.0
1,0.6466861,0.6507557,6.0,1.0,11.0,2.0,2.0,2.0,1.0,3.0,2.0,3.0,1.0,7.0
1,0.4764574,0.5023079,8.0,1.0,8.0,1.0,3.0,4.0,1.0,1.0,,2.0,4.0,3.0
1,0.9226399,0.9265318,99.0,1.0,7.0,2.0,3.0,2.0,1.0,2.0,2.0,2.0,2.0,5.0
1,1.1297787,1.1286497,5.0,1.0,7.0,2.0,2.0,2.0,2.0,3.0,1.0,3.0,1.0,6.0
1,0.7048075,0.6966081,9.0,1.0,11.0,1.0,4.0,1.0,1.0,2.0,2.0,1.0,4.0,6.0
1,1.0803697,1.0641888,4.0,1.0,7.0,1.0,2.0,2.0,1.0,2.0,2.0,1.0,3.0,8.0
1,2.0022469,2.0659242,99.0,1.0,13.0,1.0,1.0,4.0,2.0,1.0,2.0,1.0,2.0,7.0
1,0.6785675,0.6818781,8.0,1.0,11.0,1.0,3.0,4.0,1.0,1.0,1.0,1.0,4.0,5.0
1,0.5288386,0.5303714,99.0,1.0,11.0,1.0,1.0,4.0,1.0,1.0,2.0,2.0,2.0,2.0
1,0.5747468,0.5353227,3.0,1.0,5.0,3.0,4.0,2.0,2.0,3.0,3.0,3.0,2.0,5.0
1,0.4926251,0.514737,7.0,1.0,8.0,2.0,3.0,3.0,2.0,2.0,2.0,3.0,3.0,5.0
1,1.2627962,1.3091505,5.0,1.0,13.0,2.0,2.0,,1.0,3.0,4.0,4.0,1.0,10.0
1,2.3107524,2.0741627,3.0,1.0,4.0,4.0,4.0,2.0,1.0,4.0,4.0,3.0,1.0,8.0
1,1.2293119,1.194303,4.0,3.0,,1.0,3.0,3.0,4.0,4.0,4.0,4.0,4.0,7.0
1,0.7609701,0.7589444,8.0,1.0,7.0,1.0,2.0,3.0,2.0,1.0,2.0,2.0,3.0,5.0
1,0.9351059,0.9345039,5.0,1.0,7.0,1.0,4.0,4.0,3.0,1.0,2.0,3.0,4.0,0.0
1,1.1719953,1.1728342,99.0,1.0,11.0,1.0,1.0,4.0,1.0,1.0,3.0,3.0,1.0,5.0
1,0.9817584,0.9867753,8.0,1.0,7.0,1.0,1.0,4.0,1.0,2.0,1.0,3.0,3.0,5.0
1,1.3442829,1.2110033,2.0,1.0,4.0,1.0,2.0,3.0,2.0,3.0,4.0,1.0,1.0,9.0
1,1.0598148,1.0962429,99.0,1.0,4.0,2.0,2.0,4.0,1.0,2.0,2.0,4.0,2.0,5.0
1,1.1435118,1.1339004,6.0,1.0,7.0,1.0,4.0,3.0,2.0,1.0,3.0,3.0,3.0,3.0
1,0.4701301,0.4714876,8.0,1.0,11.0,1.0,2.0,3.0,1.0,2.0,2.0,2.0,2.0,7.0
1,1.0775143,1.2390668,7.0,1.0,7.0,1.0,1.0,4.0,1.0,1.0,1.0,1.0,2.0,4.0
1,0.8340489,0.8420683,8.0,1.0,11.0,1.0,2.0,2.0,1.0,1.0,2.0,1.0,2.0,8.0
1,0.3462851,0.3064408,6.0,1.0,2.0,2.0,4.0,2.0,3.0,2.0,4.0,2.0,2.0,6.0
1,0.7311009,0.7408465,8.0,1.0,11.0,2.0,3.0,3.0,2.0,1.0,2.0,3.0,3.0,6.0
1,0.710362,0.7081727,6.0,1.0,11.0,2.0,3.0,2.0,1.0,2.0,1.0,2.0,2.0,5.0
1,1.2777486,1.3196152,99.0,3.0,,,,,3.0,,1.0,2.0,,5.0
1,0.820953,0.7815533,5.0,1.0,6.0,2.0,4.0,4.0,2.0,3.0,2.0,2.0,3.0,7.0
1,1.2434475,1.287092,7.0,3.0,,1.0,1.0,1.0,1.0,1.0,4.0,1.0,1.0,6.0
1,0.7883871,0.8734617,99.0,1.0,12.0,1.0,1.0,2.0,1.0,3.0,3.0,2.0,2.0,7.0
1,0.7036967,0.700861,10.0,1.0,11.0,1.0,2.0,2.0,1.0,1.0,3.0,2.0,1.0,10.0
1,0.8624102,0.8982237,3.0,1.0,4.0,2.0,3.0,2.0,2.0,4.0,3.0,2.0,2.0,7.0
1,0.9351059,0.9345039,5.0,1.0,7.0,1.0,1.0,4.0,2.0,2.0,3.0,2.0,2.0,7.0
1,0.6062812,0.6030045,3.0,1.0,7.0,3.0,4.0,2.0,1.0,3.0,3.0,2.0,3.0,7.0
1,0.5390105,0.4844095,5.0,1.0,12.0,3.0,2.0,2.0,2.0,3.0,2.0,2.0,2.0,6.0
1,0.8865393,0.8880237,3.0,1.0,7.0,4.0,4.0,3.0,3.0,3.0,3.0,4.0,2.0,
1,0.8866305,0.8762854,7.0,1.0,7.0,3.0,4.0,3.0,2.0,3.0,2.0,1.0,1.0,6.0
1,1.4096056,1.4230338,9.0,1.0,10.0,1.0,1.0,,1.0,3.0,3.0,2.0,,5.0
1,2.4993198,2.5949855,,1.0,,,,,,,,,,
1,0.6829753,0.6795575,5.0,1.0,11.0,2.0,2.0,2.0,2.0,2.0,2.0,2.0,2.0,5.0
1,0.8353405,0.7203839,6.0,2.0,,2.0,1.0,2.0,3.0,1.0,3.0,2.0,3.0,7.0
1,0.9018278,0.9038318,8.0,1.0,11.0,1.0,1.0,4.0,1.0,2.0,1.0,1.0,4.0,9.0
1,0.610261,0.608754,10.0,1.0,11.0,1.0,2.0,4.0,,3.0,1.0,1.0,3.0,9.0
1,0.561343,0.5602297,99.0,1.0,11.0,2.0,2.0,1.0,3.0,2.0,2.0,2.0,2.0,5.0
1,0.7868107,0.7893653,10.0,1.0,11.0,2.0,1.0,4.0,1.0,1.0,3.0,3.0,3.0,5.0
1,0.4979604,0.5723359,4.0,1.0,5.0,1.0,4.0,3.0,2.0,1.0,3.0,2.0,2.0,5.0
1,0.7945516,0.782101,99.0,1.0,7.0,1.0,3.0,3.0,2.0,2.0,3.0,2.0,3.0,5.0
1,0.4327437,0.4282504,7.0,1.0,11.0,3.0,3.0,2.0,3.0,2.0,3.0,3.0,3.0,6.0
1,0.4682233,0.4674982,10.0,1.0,11.0,1.0,1.0,3.0,1.0,1.0,2.0,2.0,4.0,10.0
1,0.7904275,0.7488878,3.0,1.0,6.0,4.0,4.0,3.0,2.0,3.0,3.0,3.0,3.0,8.0
1,1.4718866,1.5166054,99.0,3.0,,4.0,4.0,4.0,,4.0,4.0,4.0,1.0,4.0
1,0.3354112,0.3005722,4.0,1.0,2.0,3.0,4.0,2.0,2.0,3.0,2.0,3.0,1.0,4.0
1,0.7676647,0.7277895,5.0,1.0,6.0,4.0,4.0,2.0,4.0,4.0,3.0,2.0,1.0,8.0
1,0.6038519,0.5998229,9.0,1.0,11.0,1.0,1.0,3.0,1.0,1.0,1.0,3.0,1.0,10.0
1,1.8886186,1.9498414,99.0,3.0,,2.0,1.0,3.0,1.0,2.0,1.0,1.0,3.0,5.0
1,1.708102,1.7585024,9.0,3.0,,1.0,1.0,2.0,3.0,2.0,2.0,3.0,3.0,8.0
1,1.4766095,1.4830445,99.0,2.0,,1.0,2.0,2.0,2.0,2.0,2.0,3.0,2.0,5.0
1,0.9351591,1.0872684,2.0,1.0,6.0,4.0,4.0,3.0,4.0,3.0,3.0,3.0,2.0,5.0
1,1.2500598,1.3956019,2.0,1.0,4.0,2.0,3.0,2.0,3.0,3.0,3.0,3.0,2.0,6.0
1,1.5559649,1.3930186,2.0,1.0,4.0,3.0,3.0,1.0,2.0,3.0,4.0,3.0,2.0,8.0
1,0.7149648,0.7725946,2.0,1.0,6.0,1.0,2.0,2.0,1.0,1.0,4.0,2.0,4.0,7.0
1,0.4545125,0.4998936,3.0,1.0,2.0,1.0,3.0,2.0,4.0,4.0,3.0,4.0,2.0,2.0
1,0.5416777,0.5494996,7.0,1.0,11.0,2.0,2.0,4.0,1.0,2.0,3.0,2.0,3.0,8.0
1,0.6681705,0.6703888,3.0,1.0,11.0,2.0,4.0,3.0,2.0,3.0,3.0,3.0,3.0,8.0
1,0.621383,0.6237093,10.0,1.0,11.0,1.0,1.0,1.0,1.0,3.0,1.0,1.0,1.0,10.0
1,0.7311009,0.7408465,5.0,1.0,11.0,1.0,2.0,4.0,2.0,1.0,4.0,2.0,3.0,3.0
1,1.7659594,1.5808394,2.0,1.0,4.0,3.0,4.0,2.0,2.0,2.0,2.0,3.0,1.0,7.0
1,0.6141191,0.6163751,9.0,1.0,11.0,1.0,1.0,4.0,1.0,1.0,1.0,1.0,1.0,10.0
1,0.8331738,0.72425,7.0,1.0,11.0,2.0,1.0,4.0,2.0,1.0,3.0,1.0,2.0,5.0
1,0.5178679,0.5184708,10.0,1.0,11.0,1.0,1.0,4.0,1.0,1.0,2.0,4.0,3.0,10.0
1,1.5617192,1.6067406,99.0,3.0,,3.0,3.0,2.0,2.0,4.0,2.0,3.0,2.0,5.0
1,1.0191702,0.8950405,9.0,1.0,10.0,1.0,1.0,4.0,1.0,1.0,1.0,1.0,4.0,1.0
1,0.4629267,0.4635433,2.0,1.0,11.0,1.0,2.0,,2.0,2.0,3.0,2.0,1.0,9.0
1,1.4109257,1.1778494,3.0,1.0,13.0,3.0,2.0,2.0,2.0,3.0,2.0,3.0,2.0,9.0
1,2.2041521,2.2700822,99.0,3.0,,4.0,3.0,2.0,1.0,4.0,4.0,3.0,3.0,8.0
1,2.0043373,1.6933823,3.0,1.0,13.0,3.0,4.0,2.0,2.0,3.0,4.0,2.0,2.0,7.0
1,0.9105221,0.917094,10.0,1.0,11.0,1.0,1.0,4.0,1.0,1.0,1.0,3.0,1.0,4.0
1,0.2366092,0.261858,3.0,1.0,3.0,3.0,,2.0,3.0,4.0,3.0,2.0,2.0,7.0
1,0.5807745,0.6761282,99.0,1.0,7.0,1.0,1.0,1.0,1.0,1.0,1.0,2.0,2.0,7.0
1,1.1021923,1.0976732,8.0,1.0,11.0,1.0,2.0,2.0,1.0,3.0,3.0,2.0,1.0,10.0
1,1.4490603,1.4898171,99.0,3.0,,,,,1.0,4.0,2.0,,2.0,
1,0.8442935,0.8406387,4.0,1.0,7.0,3.0,4.0,2.0,2.0,3.0,3.0,3.0,1.0,8.0
1,0.6639689,0.6699946,10.0,1.0,11.0,1.0,1.0,3.0,1.0,1.0,2.0,3.0,4.0,8.0
1,1.0741535,1.0672358,3.0,1.0,7.0,3.0,1.0,3.0,2.0,3.0,1.0,1.0,2.0,1.0
1,1.3327578,1.1642921,10.0,1.0,10.0,1.0,2.0,4.0,1.0,1.0,1.0,1.0,3.0,
1,0.5755009,0.5795619,8.0,1.0,11.0,1.0,1.0,4.0,2.0,2.0,1.0,1.0,1.0,9.0
1,0.7380815,0.7899173,6.0,2.0,,2.0,4.0,2.0,4.0,2.0,3.0,1.0,2.0,7.0
1,0.886655,0.8352742,2.0,1.0,6.0,3.0,2.0,3.0,2.0,3.0,3.0,2.0,2.0,9.0
1,0.9175423,0.9465825,5.0,1.0,13.0,1.0,2.0,2.0,2.0,2.0,3.0,2.0,1.0,6.0
1,1.5269955,1.2845196,99.0,1.0,13.0,1.0,4.0,3.0,1.0,2.0,3.0,1.0,1.0,10.0
1,1.1741326,1.2122909,,1.0,14.0,2.0,3.0,2.0,1.0,3.0,3.0,2.0,3.0,7.0
1,1.0668555,1.1791353,1.0,1.0,4.0,4.0,4.0,3.0,4.0,3.0,4.0,3.0,1.0,8.0
1,1.2559665,1.1764108,2.0,1.0,6.0,3.0,4.0,3.0,4.0,3.0,3.0,3.0,2.0,7.0
1,1.8404053,1.5361427,99.0,1.0,13.0,3.0,4.0,4.0,2.0,3.0,4.0,2.0,2.0,7.0
1,1.2086718,1.2529787,5.0,1.0,12.0,1.0,3.0,3.0,2.0,1.0,3.0,2.0,2.0,7.0
1,0.9050847,0.8985425,5.0,1.0,7.0,4.0,2.0,3.0,3.0,3.0,3.0,3.0,2.0,5.0
1,0.8804638,0.8677476,5.0,1.0,7.0,3.0,4.0,3.0,2.0,3.0,3.0,2.0,,5.0
1,1.1244529,1.2456036,2.0,1.0,4.0,3.0,4.0,3.0,4.0,3.0,4.0,3.0,1.0,10.0
1,0.7544931,0.7019017,2.0,1.0,5.0,2.0,4.0,4.0,4.0,2.0,3.0,3.0,2.0,7.0
1,1.1380951,1.1303675,5.0,1.0,7.0,1.0,2.0,2.0,1.0,1.0,2.0,1.0,,8.0
1,1.4357789,1.4874581,99.0,1.0,13.0,2.0,2.0,3.0,2.0,3.0,2.0,2.0,3.0,5.0
1,0.9351059,0.9345039,6.0,1.0,7.0,3.0,2.0,2.0,3.0,2.0,2.0,2.0,2.0,6.0
1,1.0395539,1.0685793,99.0,3.0,,2.0,3.0,2.0,2.0,3.0,2.0,2.0,3.0,5.0
1,1.3593301,1.4668378,5.0,1.0,10.0,4.0,4.0,2.0,1.0,1.0,,1.0,4.0,5.0
1,1.1510216,1.1465691,99.0,1.0,7.0,3.0,4.0,,2.0,3.0,3.0,2.0,2.0,5.0
1,0.9961854,1.0009723,5.0,1.0,7.0,2.0,3.0,4.0,2.0,2.0,2.0,2.0,2.0,6.0
1,0.7733399,0.7773904,8.0,1.0,7.0,1.0,4.0,1.0,1.0,1.0,1.0,2.0,2.0,7.0
1,1.7711045,1.7780489,9.0,1.0,10.0,1.0,2.0,4.0,1.0,1.0,1.0,1.0,4.0,6.0
1,0.7534481,0.8403692,7.0,1.0,8.0,2.0,3.0,3.0,1.0,3.0,2.0,2.0,3.0,5.0
1,2.0418973,1.7080884,2.0,3.0,,1.0,2.0,3.0,1.0,2.0,2.0,4.0,1.0,10.0
1,0.860383,0.8862606,5.0,1.0,13.0,1.0,1.0,3.0,2.0,2.0,2.0,2.0,2.0,5.0
1,1.9154813,1.9826519,8.0,3.0,,2.0,1.0,2.0,1.0,3.0,2.0,2.0,3.0,5.0
1,0.6594903,0.6623033,8.0,1.0,11.0,4.0,4.0,3.0,1.0,1.0,4.0,3.0,4.0,10.0
1,1.2093793,1.2511721,99.0,1.0,14.0,4.0,4.0,3.0,2.0,3.0,2.0,3.0,4.0,5.0
1,1.2034436,1.248026,99.0,1.0,13.0,1.0,3.0,3.0,2.0,1.0,1.0,3.0,4.0,8.0
1,0.6961462,0.6946014,4.0,1.0,7.0,2.0,1.0,2.0,1.0,2.0,3.0,1.0,1.0,8.0
1,0.682982,0.690167,10.0,2.0,,1.0,4.0,3.0,1.0,1.0,1.0,1.0,3.0,8.0
1,1.3981823,1.530387,3.0,1.0,4.0,3.0,1.0,2.0,1.0,2.0,2.0,2.0,2.0,7.0
1,0.663309,0.5982314,7.0,1.0,8.0,3.0,1.0,3.0,1.0,3.0,1.0,1.0,4.0,0.0
1,1.2639574,1.4007874,3.0,1.0,4.0,3.0,4.0,4.0,3.0,3.0,2.0,2.0,2.0,5.0
1,1.7988547,1.6196297,5.0,1.0,4.0,2.0,2.0,2.0,2.0,3.0,2.0,1.0,2.0,5.0
1,0.5184097,0.5214896,6.0,1.0,11.0,3.0,2.0,2.0,2.0,2.0,2.0,3.0,2.0,10.0
1,0.7456387,0.8266956,5.0,1.0,12.0,3.0,2.0,3.0,2.0,3.0,1.0,3.0,2.0,7.0
1,0.7289267,0.7560846,8.0,1.0,8.0,1.0,4.0,4.0,1.0,1.0,2.0,2.0,3.0,2.0
1,1.0066825,1.0094185,10.0,1.0,11.0,1.0,1.0,4.0,1.0,1.0,2.0,3.0,3.0,10.0
1,0.9327489,0.965636,4.0,1.0,13.0,3.0,4.0,1.0,1.0,3.0,2.0,3.0,2.0,8.0
1,0.4756908,0.4770977,5.0,1.0,11.0,1.0,1.0,2.0,1.0,1.0,4.0,1.0,2.0,8.0
1,0.8116691,0.8181449,2.0,1.0,11.0,2.0,2.0,2.0,2.0,2.0,3.0,2.0,2.0,8.0
1,1.0911537,1.204838,0.0,1.0,4.0,4.0,2.0,2.0,1.0,4.0,2.0,3.0,1.0,5.0
1,0.2059107,0.2122832,2.0,1.0,2.0,1.0,1.0,2.0,2.0,2.0,1.0,1.0,3.0,9.0
1,1.935733,1.7282766,99.0,1.0,4.0,2.0,2.0,3.0,2.0,3.0,3.0,2.0,1.0,5.0
1,0.6276435,0.6309752,8.0,1.0,11.0,1.0,3.0,3.0,3.0,1.0,2.0,2.0,3.0,8.0
1,0.5755009,0.5795619,99.0,1.0,11.0,1.0,3.0,,2.0,3.0,3.0,,,9.0
1,1.397253,1.4451991,8.0,3.0,,2.0,3.0,3.0,3.0,2.0,2.0,1.0,2.0,8.0
1,1.3236858,1.1905986,2.0,1.0,4.0,2.0,1.0,2.0,1.0,3.0,3.0,1.0,2.0,6.0
1,1.1558044,1.14974,8.0,1.0,7.0,1.0,1.0,3.0,1.0,4.0,3.0,2.0,2.0,3.0
1,1.2938735,1.4217066,0.0,1.0,4.0,3.0,1.0,1.0,1.0,3.0,2.0,3.0,1.0,2.0
1,0.626546,0.6276677,8.0,1.0,11.0,2.0,3.0,2.0,2.0,1.0,3.0,2.0,2.0,7.0
1,1.2976147,1.3474313,99.0,1.0,,,,,1.0,1.0,,,,4.0
1,1.3179678,1.3110476,7.0,1.0,7.0,1.0,3.0,2.0,1.0,3.0,1.0,1.0,1.0,7.0
1,1.3823924,1.425289,99.0,3.0,,3.0,3.0,3.0,3.0,3.0,3.0,3.0,3.0,5.0
1,0.8469482,0.7609702,5.0,1.0,12.0,2.0,1.0,3.0,1.0,2.0,2.0,2.0,2.0,4.0
1,0.3475751,0.3672328,6.0,1.0,1.0,3.0,2.0,2.0,3.0,2.0,1.0,2.0,1.0,7.0
1,0.4998275,0.5007858,10.0,1.0,11.0,1.0,3.0,4.0,1.0,2.0,4.0,2.0,4.0,5.0
1,0.6658727,0.6917953,9.0,1.0,8.0,4.0,1.0,2.0,1.0,4.0,3.0,2.0,3.0,1.0
1,0.7990538,0.8028936,10.0,1.0,11.0,1.0,1.0,1.0,4.0,1.0,2.0,1.0,2.0,10.0
1,1.3275859,1.4614661,3.0,1.0,4.0,2.0,1.0,2.0,2.0,2.0,3.0,3.0,2.0,7.0
1,1.7540556,1.4669659,2.0,1.0,13.0,2.0,4.0,,1.0,1.0,,,,5.0
1,0.6074547,0.6013124,5.0,1.0,7.0,2.0,4.0,3.0,1.0,3.0,3.0,3.0,2.0,6.0
1,0.6351554,0.6332703,8.0,1.0,11.0,1.0,1.0,3.0,1.0,3.0,2.0,2.0,1.0,2.0
1,0.9663034,0.9702578,5.0,2.0,,2.0,3.0,2.0,1.0,3.0,3.0,2.0,3.0,10.0
1,0.9954857,0.9928774,99.0,1.0,7.0,1.0,1.0,1.0,1.0,1.0,1.0,1.0,2.0,10.0
1,0.5055463,0.5050585,10.0,1.0,11.0,1.0,1.0,3.0,1.0,2.0,3.0,2.0,3.0,4.0
1,0.5553198,0.5761077,2.0,1.0,3.0,,,,3.0,3.0,3.0,,2.0,5.0
1,1.1454903,0.9958302,6.0,2.0,,3.0,3.0,1.0,1.0,3.0,3.0,2.0,2.0,6.0
1,0.6896106,0.6992189,10.0,1.0,11.0,1.0,1.0,2.0,1.0,2.0,3.0,2.0,2.0,7.0
1,1.4725555,1.6266673,2.0,1.0,4.0,1.0,3.0,4.0,4.0,2.0,3.0,4.0,1.0,10.0
1,0.7137809,0.7122977,10.0,1.0,11.0,1.0,1.0,4.0,1.0,1.0,1.0,2.0,2.0,10.0
1,1.2558681,1.3065338,9.0,3.0,,3.0,1.0,3.0,1.0,4.0,3.0,3.0,3.0,6.0
1,0.9078652,0.9035536,99.0,1.0,7.0,1.0,1.0,2.0,2.0,2.0,2.0,1.0,2.0,5.0
1,0.3788245,0.3923731,99.0,1.0,3.0,1.0,1.0,2.0,1.0,2.0,4.0,2.0,1.0,8.0
1,2.4322562,2.5212612,99.0,3.0,,4.0,4.0,4.0,3.0,3.0,4.0,3.0,1.0,8.0
1,0.9437816,0.9771259,4.0,3.0,,4.0,4.0,2.0,3.0,3.0,3.0,3.0,3.0,8.0
1,1.4108274,1.4533705,7.0,3.0,,2.0,1.0,2.0,2.0,1.0,1.0,2.0,3.0,8.0
1,1.2695643,1.2961874,99.0,3.0,,1.0,3.0,2.0,1.0,2.0,1.0,2.0,2.0,5.0
1,1.4650048,1.3236817,3.0,1.0,4.0,3.0,3.0,3.0,1.0,2.0,3.0,3.0,2.0,7.0
1,0.6633076,0.7429583,5.0,1.0,12.0,3.0,3.0,1.0,2.0,3.0,4.0,3.0,4.0,7.0
1,0.5205844,0.5181698,99.0,1.0,7.0,3.0,4.0,,,3.0,3.0,3.0,2.0,5.0
1,0.5709776,0.5663732,7.0,1.0,11.0,1.0,3.0,3.0,1.0,3.0,2.0,1.0,3.0,7.0
1,0.9933708,0.9985168,5.0,1.0,7.0,3.0,4.0,2.0,3.0,4.0,2.0,2.0,2.0,1.0
1,0.3119043,0.3251784,99.0,1.0,3.0,1.0,1.0,2.0,1.0,2.0,3.0,3.0,1.0,5.0
1,1.2444099,1.2390668,4.0,1.0,7.0,3.0,4.0,4.0,2.0,3.0,4.0,3.0,3.0,3.0
1,0.3891015,0.3910434,10.0,1.0,11.0,1.0,1.0,1.0,1.0,3.0,1.0,4.0,4.0,1.0
1,0.9043831,0.9060543,8.0,1.0,11.0,1.0,1.0,2.0,2.0,2.0,2.0,2.0,2.0,8.0
1,1.2444099,1.2390668,7.0,1.0,7.0,1.0,4.0,4.0,2.0,2.0,4.0,2.0,4.0,3.0
1,1.9404775,1.7468493,5.0,1.0,4.0,3.0,3.0,2.0,1.0,4.0,3.0,3.0,2.0,5.0
1,1.8698452,1.9386569,,1.0,13.0,2.0,4.0,3.0,2.0,3.0,3.0,2.0,3.0,6.0
1,1.2416503,1.2815874,99.0,1.0,13.0,1.0,4.0,4.0,1.0,1.0,,2.0,4.0,8.0
1,0.6126677,0.5759814,99.0,1.0,6.0,2.0,3.0,2.0,2.0,3.0,3.0,3.0,2.0,5.0
1,1.5594879,1.7270364,4.0,1.0,4.0,4.0,,2.0,2.0,4.0,1.0,4.0,1.0,6.0
1,0.3167577,0.3307514,99.0,1.0,3.0,2.0,4.0,4.0,2.0,3.0,3.0,2.0,3.0,6.0
1,1.0090916,0.9771259,2.0,,,2.0,2.0,2.0,2.0,3.0,2.0,1.0,1.0,9.0
1,0.5755009,0.5795619,10.0,1.0,11.0,1.0,4.0,4.0,1.0,2.0,1.0,1.0,3.0,6.0
1,0.8527999,0.8504317,6.0,1.0,7.0,2.0,4.0,2.0,1.0,2.0,2.0,3.0,2.0,2.0
1,1.2173947,1.2386013,7.0,1.0,10.0,1.0,2.0,4.0,1.0,1.0,4.0,4.0,4.0,8.0
1,0.8892177,0.8927421,8.0,2.0,,2.0,2.0,1.0,2.0,2.0,1.0,1.0,2.0,
1,1.4275148,1.4706639,99.0,1.0,13.0,2.0,4.0,3.0,1.0,2.0,1.0,2.0,3.0,0.0
1,0.9954857,0.9928774,8.0,1.0,7.0,2.0,3.0,2.0,2.0,2.0,3.0,2.0,2.0,7.0
1,1.3862491,1.2406352,3.0,1.0,4.0,4.0,4.0,2.0,4.0,4.0,3.0,4.0,3.0,5.0
1,0.497876,0.4612589,1.0,1.0,5.0,4.0,4.0,3.0,1.0,4.0,4.0,2.0,2.0,8.0
1,0.7499158,0.8650065,6.0,1.0,7.0,2.0,2.0,2.0,1.0,2.0,3.0,2.0,2.0,9.0
1,1.4391954,1.2890283,5.0,1.0,4.0,2.0,4.0,2.0,2.0,2.0,2.0,3.0,2.0,1.0
1,1.5714809,1.7468493,2.0,1.0,4.0,3.0,4.0,2.0,2.0,3.0,3.0,3.0,2.0,6.0
1,0.7326574,0.7366623,8.0,1.0,11.0,2.0,2.0,2.0,2.0,2.0,4.0,4.0,2.0,8.0
1,1.4133083,1.5527561,1.0,1.0,4.0,4.0,4.0,2.0,4.0,3.0,4.0,4.0,2.0,5.0
1,1.2444099,1.2390668,9.0,1.0,7.0,1.0,2.0,4.0,1.0,1.0,3.0,2.0,3.0,8.0
1,1.8208793,2.0058587,7.0,1.0,4.0,3.0,2.0,2.0,2.0,2.0,2.0,2.0,3.0,7.0
1,2.3423822,2.4056935,5.0,3.0,,2.0,3.0,2.0,2.0,2.0,2.0,1.0,2.0,5.0
1,0.7210406,0.6808382,6.0,1.0,6.0,3.0,4.0,2.0,1.0,3.0,4.0,3.0,3.0,6.0
1,0.7820119,0.7824124,10.0,1.0,11.0,1.0,3.0,4.0,1.0,1.0,1.0,2.0,2.0,9.0
1,0.4064617,0.4196288,9.0,1.0,8.0,1.0,1.0,4.0,1.0,1.0,1.0,1.0,4.0,0.0
1,0.2839606,0.3193963,10.0,1.0,1.0,1.0,1.0,4.0,1.0,1.0,1.0,1.0,1.0,10.0
1,0.6732113,0.6797183,1.0,1.0,11.0,3.0,2.0,1.0,3.0,3.0,3.0,3.0,2.0,7.0
1,0.3151963,0.3514371,5.0,1.0,8.0,,,4.0,2.0,2.0,4.0,,,6.0
1,1.5761619,1.5314333,4.0,1.0,13.0,3.0,2.0,2.0,1.0,3.0,3.0,3.0,3.0,8.0
1,1.3635677,1.3633015,7.0,1.0,7.0,2.0,4.0,3.0,2.0,2.0,2.0,3.0,4.0,5.0
1,0.4250867,0.4274878,99.0,1.0,11.0,1.0,1.0,3.0,2.0,2.0,3.0,3.0,2.0,9.0
1,0.6540021,0.6610175,99.0,2.0,,2.0,2.0,2.0,2.0,2.0,2.0,2.0,2.0,7.0
1,0.5846,0.5788508,6.0,1.0,7.0,2.0,3.0,2.0,2.0,2.0,2.0,2.0,3.0,7.0
1,0.8004551,0.8006379,10.0,1.0,9.0,1.0,1.0,4.0,1.0,1.0,1.0,3.0,4.0,1.0
1,1.4484481,1.6025308,0.0,1.0,4.0,4.0,4.0,4.0,4.0,4.0,4.0,4.0,1.0,10.0
1,0.8471287,0.8506935,99.0,1.0,11.0,1.0,1.0,4.0,1.0,1.0,2.0,,4.0,3.0
1,1.1604072,1.1980356,7.0,1.0,13.0,1.0,2.0,3.0,1.0,1.0,4.0,1.0,4.0,9.0
1,1.3561088,1.4012705,2.0,3.0,,3.0,4.0,,3.0,4.0,1.0,3.0,2.0,7.0
1,0.6169461,0.6170918,99.0,1.0,11.0,2.0,1.0,2.0,1.0,3.0,3.0,3.0,3.0,8.0
1,1.097934,1.1014557,9.0,2.0,,2.0,4.0,1.0,4.0,3.0,4.0,4.0,2.0,8.0
1,0.6448478,0.6511189,5.0,1.0,11.0,2.0,4.0,3.0,1.0,2.0,1.0,3.0,2.0,8.0
1,0.9954857,0.9928774,6.0,1.0,7.0,2.0,4.0,3.0,1.0,3.0,1.0,2.0,1.0,2.0
1,0.6500505,0.7191921,99.0,1.0,12.0,2.0,1.0,2.0,1.0,1.0,3.0,2.0,3.0,10.0
1,0.5136452,0.5331006,2.0,1.0,3.0,1.0,1.0,3.0,1.0,1.0,4.0,1.0,1.0,10.0
1,1.3549073,1.3914531,4.0,3.0,,2.0,4.0,2.0,3.0,2.0,2.0,2.0,2.0,6.0
1,0.7834252,0.7319674,4.0,1.0,6.0,3.0,3.0,2.0,2.0,3.0,2.0,2.0,3.0,7.0
1,0.5180711,0.5180807,7.0,1.0,11.0,2.0,3.0,3.0,1.0,2.0,3.0,3.0,3.0,7.0
1,0.6786489,0.6772556,10.0,1.0,11.0,1.0,1.0,1.0,1.0,1.0,1.0,1.0,1.0,10.0
1,0.527143,0.5338882,99.0,1.0,11.0,2.0,3.0,2.0,1.0,2.0,2.0,2.0,1.0,7.0
1,1.482681,1.5270611,3.0,1.0,13.0,4.0,4.0,3.0,4.0,4.0,4.0,3.0,1.0,8.0
1,1.498022,1.45007,6.0,1.0,14.0,2.0,2.0,2.0,2.0,2.0,2.0,2.0,2.0,6.0
1,0.8416016,0.8412939,9.0,1.0,11.0,1.0,2.0,4.0,2.0,1.0,1.0,2.0,3.0,2.0
1,1.2839451,1.2812171,8.0,1.0,7.0,1.0,3.0,3.0,2.0,3.0,2.0,1.0,3.0,1.0
1,1.7046522,1.758932,6.0,3.0,,2.0,4.0,2.0,2.0,3.0,3.0,3.0,3.0,
1,1.4335005,1.418537,99.0,1.0,7.0,3.0,3.0,3.0,2.0,2.0,2.0,3.0,2.0,5.0
1,1.3694724,1.4108906,99.0,3.0,,2.0,2.0,2.0,2.0,2.0,3.0,2.0,2.0,5.0
1,0.6730445,0.6959745,6.0,1.0,8.0,1.0,2.0,4.0,2.0,1.0,3.0,3.0,3.0,5.0
1,1.1177275,1.043666,2.0,1.0,6.0,4.0,4.0,4.0,4.0,4.0,4.0,4.0,1.0,7.0
1,0.7235914,0.6276677,5.0,1.0,11.0,2.0,3.0,2.0,2.0,3.0,3.0,2.0,2.0,9.0
1,0.8594234,0.9490066,3.0,1.0,4.0,2.0,4.0,2.0,4.0,3.0,1.0,3.0,4.0,3.0
1,0.4263926,0.4298719,,1.0,11.0,1.0,2.0,1.0,1.0,2.0,4.0,2.0,3.0,7.0
1,0.2885793,0.2600952,8.0,1.0,2.0,1.0,4.0,4.0,1.0,3.0,1.0,1.0,4.0,6.0
1,1.1435118,1.1339004,6.0,1.0,7.0,2.0,2.0,2.0,2.0,2.0,2.0,1.0,2.0,7.0
1,1.5274863,1.366555,5.0,1.0,4.0,2.0,1.0,1.0,1.0,1.0,1.0,2.0,2.0,6.0
1,0.747187,0.7476618,7.0,1.0,11.0,1.0,1.0,4.0,1.0,1.0,2.0,1.0,3.0,7.0
1,0.4621007,0.4590529,7.0,1.0,11.0,1.0,1.0,3.0,1.0,2.0,2.0,2.0,1.0,7.0
1,1.3990804,1.4353139,1.0,3.0,,3.0,4.0,4.0,4.0,3.0,4.0,4.0,3.0,3.0
1,1.0902264,1.2113336,0.0,1.0,4.0,4.0,4.0,2.0,4.0,3.0,4.0,3.0,1.0,5.0
1,1.4469581,1.4561661,9.0,1.0,10.0,1.0,2.0,4.0,1.0,1.0,3.0,1.0,4.0,8.0
1,0.4079633,0.4527495,2.0,1.0,3.0,3.0,4.0,4.0,4.0,3.0,4.0,3.0,2.0,8.0
1,1.2478187,1.2894224,3.0,1.0,4.0,3.0,4.0,3.0,1.0,2.0,2.0,2.0,3.0,7.0
1,0.5064954,0.5064027,99.0,1.0,9.0,2.0,3.0,3.0,2.0,2.0,3.0,3.0,3.0,5.0
1,1.1781247,1.2750629,9.0,1.0,10.0,1.0,3.0,4.0,1.0,1.0,3.0,3.0,3.0,7.0
1,1.1557007,1.1878988,6.0,1.0,13.0,2.0,3.0,3.0,2.0,2.0,2.0,2.0,4.0,
1,1.8011541,1.8613144,4.0,1.0,4.0,2.0,4.0,2.0,1.0,3.0,2.0,4.0,2.0,5.0
1,0.4470744,0.4461419,8.0,1.0,11.0,1.0,1.0,4.0,1.0,3.0,4.0,2.0,4.0,5.0
1,0.4825878,0.4824651,9.0,1.0,11.0,1.0,2.0,3.0,1.0,1.0,2.0,1.0,4.0,
1,0.8028945,0.7562877,99.0,1.0,6.0,2.0,4.0,2.0,2.0,3.0,2.0,3.0,,8.0
1,0.5843747,0.6223161,6.0,1.0,9.0,1.0,4.0,3.0,1.0,3.0,2.0,2.0,3.0,7.0
1,0.62209,0.6223749,5.0,1.0,7.0,4.0,4.0,3.0,4.0,4.0,1.0,4.0,2.0,1.0
1,0.5926865,0.5916036,7.0,1.0,11.0,1.0,1.0,4.0,1.0,1.0,1.0,3.0,4.0,5.0
1,0.5765101,0.5779337,8.0,1.0,9.0,2.0,2.0,4.0,2.0,2.0,3.0,2.0,2.0,8.0
1,0.4714922,0.4703214,10.0,1.0,11.0,1.0,4.0,4.0,1.0,1.0,2.0,2.0,3.0,6.0
1,1.73296,1.7830713,99.0,1.0,13.0,2.0,4.0,4.0,2.0,2.0,2.0,2.0,3.0,5.0
1,1.7392181,1.6838183,8.0,1.0,13.0,1.0,2.0,4.0,1.0,1.0,1.0,2.0,2.0,1.0
1,0.656756,0.6179462,5.0,1.0,5.0,2.0,4.0,4.0,1.0,1.0,3.0,4.0,2.0,7.0
1,0.4408299,0.4401853,10.0,1.0,11.0,1.0,1.0,4.0,1.0,1.0,1.0,3.0,2.0,5.0
1,1.2052208,1.2502923,99.0,3.0,,1.0,1.0,,1.0,3.0,3.0,2.0,2.0,5.0
1,1.858817,1.921599,2.0,3.0,,1.0,4.0,4.0,4.0,1.0,3.0,4.0,1.0,8.0
1,1.0309356,1.0187436,4.0,1.0,7.0,4.0,4.0,4.0,2.0,3.0,3.0,3.0,1.0,8.0
1,1.1906347,1.0707123,5.0,1.0,8.0,1.0,2.0,3.0,2.0,2.0,4.0,2.0,2.0,5.0
1,0.6018319,0.5645301,3.0,1.0,6.0,4.0,4.0,3.0,4.0,4.0,4.0,4.0,2.0,7.0
1,0.6074547,0.6013124,6.0,1.0,7.0,3.0,4.0,2.0,3.0,3.0,2.0,4.0,2.0,4.0
1,1.2604059,1.1111858,9.0,1.0,10.0,1.0,1.0,4.0,1.0,1.0,2.0,1.0,3.0,0.0
1,1.390782,1.4350706,99.0,3.0,,3.0,4.0,3.0,3.0,3.0,4.0,4.0,1.0,9.0
1,0.9802329,0.9761479,6.0,1.0,7.0,3.0,3.0,3.0,3.0,4.0,2.0,3.0,3.0,7.0
1,0.8616786,0.7670478,99.0,1.0,12.0,1.0,1.0,3.0,1.0,1.0,1.0,2.0,3.0,8.0
1,0.9219919,0.9190389,5.0,1.0,7.0,1.0,1.0,2.0,1.0,2.0,2.0,3.0,1.0,7.0
1,0.5825259,0.5878183,9.0,1.0,11.0,1.0,1.0,4.0,1.0,1.0,1.0,1.0,2.0,9.0
1,0.2962269,0.3265945,3.0,1.0,2.0,3.0,4.0,3.0,3.0,2.0,4.0,2.0,1.0,7.0
1,1.1422879,1.2533389,6.0,1.0,4.0,2.0,2.0,2.0,2.0,2.0,2.0,2.0,2.0,6.0
1,1.2591714,1.258461,3.0,2.0,,3.0,2.0,2.0,2.0,3.0,2.0,3.0,1.0,5.0
1,0.9145452,0.9253137,99.0,1.0,11.0,1.0,2.0,3.0,2.0,1.0,3.0,2.0,2.0,5.0
1,1.5368313,1.377185,3.0,1.0,4.0,2.0,2.0,2.0,2.0,2.0,2.0,2.0,2.0,4.0
1,1.0309356,1.0187436,4.0,1.0,7.0,4.0,4.0,2.0,4.0,3.0,3.0,3.0,3.0,5.0
1,0.7137105,0.7138164,99.0,1.0,11.0,3.0,4.0,2.0,3.0,3.0,4.0,3.0,4.0,5.0
1,1.4834785,1.5323344,99.0,3.0,,1.0,3.0,2.0,1.0,2.0,1.0,1.0,3.0,6.0
1,0.6635084,0.657149,99.0,1.0,7.0,1.0,1.0,2.0,1.0,3.0,3.0,2.0,2.0,5.0
1,0.7570214,0.7567894,6.0,1.0,11.0,1.0,2.0,3.0,1.0,1.0,2.0,2.0,3.0,2.0
1,0.8151778,0.7315178,7.0,1.0,12.0,2.0,1.0,4.0,1.0,2.0,2.0,2.0,4.0,4.0
1,1.0301384,1.0582293,99.0,1.0,13.0,3.0,2.0,3.0,1.0,3.0,2.0,4.0,2.0,9.0
1,0.6259037,0.6948842,4.0,1.0,12.0,4.0,3.0,1.0,2.0,3.0,3.0,2.0,3.0,6.0
1,0.558235,0.6233175,8.0,1.0,8.0,1.0,1.0,4.0,2.0,1.0,1.0,2.0,4.0,8.0
1,0.2802433,0.2976463,6.0,1.0,1.0,3.0,2.0,2.0,2.0,1.0,2.0,2.0,1.0,7.0
1,1.5694451,1.5205069,8.0,3.0,,1.0,3.0,4.0,2.0,2.0,1.0,2.0,1.0,8.0
1,2.4723909,2.0659242,99.0,1.0,13.0,2.0,4.0,2.0,1.0,3.0,2.0,4.0,1.0,7.0
1,0.9802329,0.9761479,2.0,1.0,7.0,,4.0,2.0,,3.0,,3.0,2.0,5.0
1,1.9807162,1.6577188,99.0,1.0,13.0,3.0,2.0,3.0,2.0,3.0,2.0,2.0,3.0,5.0
1,2.0022469,2.0659242,99.0,3.0,,1.0,4.0,3.0,2.0,3.0,4.0,2.0,4.0,5.0
1,0.8048413,0.8038163,99.0,1.0,11.0,1.0,2.0,,1.0,3.0,,2.0,3.0,9.0
1,0.3291444,0.3356648,5.0,1.0,2.0,3.0,2.0,3.0,1.0,3.0,2.0,1.0,1.0,5.0
1,0.930364,0.8403692,9.0,1.0,8.0,2.0,4.0,4.0,2.0,2.0,1.0,2.0,4.0,0.0
1,0.5620812,0.5598012,5.0,1.0,7.0,2.0,2.0,2.0,2.0,4.0,1.0,2.0,2.0,5.0
1,1.6393141,1.4614661,1.0,1.0,4.0,4.0,4.0,2.0,1.0,4.0,4.0,3.0,1.0,7.0
1,0.6162779,0.7095705,3.0,1.0,5.0,4.0,2.0,2.0,4.0,4.0,3.0,3.0,3.0,8.0
1,1.1008054,1.0426518,5.0,1.0,6.0,4.0,4.0,4.0,2.0,2.0,2.0,2.0,2.0,7.0
1,0.9158607,0.9193218,10.0,1.0,11.0,1.0,1.0,4.0,1.0,1.0,1.0,2.0,4.0,0.0
1,0.8594741,0.8577195,8.0,1.0,11.0,2.0,1.0,1.0,1.0,1.0,1.0,1.0,2.0,7.0
1,0.3688804,0.3322287,99.0,1.0,3.0,3.0,3.0,3.0,2.0,3.0,4.0,2.0,2.0,5.0
1,1.228815,1.2211848,5.0,1.0,7.0,3.0,3.0,2.0,2.0,3.0,2.0,2.0,2.0,6.0
1,0.3701219,0.3769054,4.0,1.0,2.0,3.0,4.0,3.0,1.0,4.0,3.0,4.0,3.0,9.0
1,1.7831414,1.5985847,3.0,1.0,4.0,4.0,3.0,2.0,2.0,3.0,2.0,2.0,2.0,5.0
1,1.2561744,1.2372665,4.0,1.0,7.0,1.0,1.0,,1.0,2.0,4.0,2.0,,5.0
1,0.5707442,0.5111004,3.0,1.0,3.0,3.0,4.0,2.0,3.0,3.0,3.0,3.0,2.0,3.0
1,1.3302644,1.3685325,99.0,3.0,,2.0,3.0,3.0,2.0,2.0,2.0,3.0,2.0,5.0
1,0.603258,0.6696398,8.0,1.0,8.0,2.0,3.0,4.0,1.0,2.0,4.0,3.0,3.0,3.0
1,1.3406777,1.3710392,5.0,3.0,,3.0,4.0,2.0,1.0,3.0,1.0,1.0,1.0,7.0
1,0.9954857,0.9928774,5.0,1.0,7.0,1.0,2.0,4.0,1.0,2.0,1.0,1.0,4.0,8.0
1,0.6982348,0.7030394,10.0,1.0,11.0,2.0,1.0,3.0,1.0,1.0,3.0,2.0,3.0,10.0
1,0.8008791,0.7976429,5.0,1.0,7.0,1.0,,3.0,,3.0,,1.0,3.0,3.0
1,0.4629267,0.4635433,7.0,1.0,11.0,3.0,2.0,2.0,3.0,3.0,2.0,2.0,3.0,7.0
1,0.3618929,0.3299374,6.0,1.0,1.0,2.0,2.0,2.0,1.0,1.0,2.0,2.0,2.0,8.0
1,1.8961635,1.6979368,1.0,1.0,4.0,4.0,4.0,1.0,4.0,4.0,4.0,4.0,2.0,10.0
1,1.1419499,1.266951,1.0,1.0,4.0,4.0,4.0,2.0,4.0,4.0,4.0,4.0,1.0,10.0
1,1.358615,1.5018451,2.0,1.0,4.0,1.0,3.0,4.0,2.0,1.0,4.0,2.0,4.0,5.0
1,0.5316894,0.4644091,99.0,1.0,11.0,2.0,2.0,,1.0,3.0,,2.0,,4.0
1,1.079352,0.9044589,5.0,1.0,13.0,2.0,2.0,3.0,2.0,3.0,1.0,3.0,1.0,9.0
1,0.5394995,0.5060802,5.0,1.0,5.0,3.0,2.0,2.0,3.0,3.0,3.0,2.0,2.0,5.0
1,1.4474577,1.5908756,9.0,1.0,4.0,2.0,3.0,2.0,2.0,3.0,3.0,2.0,2.0,5.0
1,1.5767105,1.7233423,3.0,1.0,4.0,2.0,3.0,4.0,1.0,3.0,3.0,4.0,1.0,8.0
1,1.1435118,1.1339004,7.0,1.0,7.0,2.0,4.0,4.0,2.0,3.0,1.0,1.0,4.0,5.0
1,0.9519004,0.9377518,8.0,1.0,7.0,2.0,1.0,4.0,1.0,1.0,2.0,3.0,2.0,2.0
1,0.9184557,0.9215825,99.0,1.0,11.0,1.0,1.0,2.0,1.0,1.0,3.0,2.0,1.0,5.0
1,1.679821,1.8567486,2.0,1.0,4.0,4.0,4.0,2.0,3.0,3.0,4.0,4.0,2.0,5.0
1,0.9049014,0.8987842,99.0,1.0,7.0,1.0,1.0,1.0,2.0,2.0,2.0,1.0,2.0,5.0
1,1.5086308,1.5613109,99.0,1.0,,,1.0,,,,1.0,4.0,1.0,10.0
1,0.2789048,0.3066636,3.0,1.0,2.0,2.0,3.0,2.0,3.0,3.0,2.0,2.0,2.0,5.0
1,0.4149514,0.4176591,5.0,1.0,11.0,3.0,3.0,3.0,3.0,2.0,3.0,3.0,3.0,5.0
1,1.1259909,1.1147949,99.0,1.0,7.0,4.0,4.0,,4.0,,4.0,3.0,,5.0
1,0.8506503,0.878763,99.0,3.0,,1.0,1.0,4.0,1.0,4.0,4.0,1.0,1.0,10.0
1,0.6592932,0.8069665,4.0,1.0,7.0,2.0,2.0,4.0,4.0,3.0,3.0,4.0,2.0,4.0
1,0.7954914,0.8282412,8.0,1.0,8.0,1.0,1.0,4.0,1.0,2.0,1.0,1.0,4.0,4.0
1,0.6276435,0.6309752,99.0,1.0,11.0,1.0,1.0,2.0,1.0,3.0,1.0,3.0,2.0,5.0
1,0.3507125,0.38835,8.0,1.0,8.0,2.0,3.0,3.0,2.0,2.0,2.0,2.0,3.0,7.0
1,0.4290653,0.4725059,99.0,1.0,3.0,1.0,3.0,4.0,1.0,2.0,4.0,4.0,1.0,4.0
1,1.4904381,1.5361427,5.0,3.0,,3.0,2.0,1.0,3.0,3.0,2.0,2.0,1.0,
1,0.3848574,0.424413,4.0,1.0,3.0,3.0,4.0,4.0,2.0,3.0,3.0,2.0,4.0,5.0
1,0.8707036,0.9572166,5.0,1.0,12.0,2.0,4.0,3.0,,1.0,4.0,,1.0,10.0
1,1.0246576,1.0231844,7.0,2.0,,2.0,1.0,2.0,2.0,1.0,2.0,2.0,2.0,7.0
1,0.6785675,0.6818781,7.0,1.0,11.0,1.0,1.0,4.0,1.0,2.0,2.0,2.0,4.0,5.0
1,0.6744833,0.6124546,8.0,1.0,8.0,2.0,3.0,3.0,2.0,2.0,1.0,3.0,3.0,5.0
1,0.2897494,0.2610907,7.0,1.0,3.0,3.0,2.0,2.0,2.0,3.0,3.0,3.0,3.0,7.0
1,1.6819304,1.7288727,7.0,1.0,13.0,3.0,4.0,3.0,1.0,4.0,2.0,2.0,4.0,2.0
1,0.5857998,0.6817381,99.0,1.0,7.0,2.0,3.0,2.0,1.0,2.0,1.0,2.0,2.0,7.0
1,0.7575548,0.7563733,10.0,1.0,11.0,1.0,2.0,3.0,1.0,1.0,3.0,4.0,2.0,10.0
1,0.9411235,0.8850722,3.0,1.0,6.0,4.0,4.0,4.0,2.0,4.0,4.0,4.0,2.0,9.0
1,0.548584,0.5498457,2.0,1.0,11.0,1.0,1.0,2.0,2.0,3.0,2.0,2.0,2.0,9.0
1,0.3766874,0.4167551,4.0,1.0,3.0,2.0,3.0,3.0,1.0,4.0,1.0,2.0,4.0,8.0
1,2.3324091,2.4154334,3.0,3.0,,2.0,4.0,3.0,4.0,1.0,2.0,2.0,1.0,7.0
1,0.462229,0.5119511,3.0,1.0,2.0,3.0,4.0,1.0,3.0,4.0,3.0,4.0,1.0,8.0
1,0.462229,0.5119511,6.0,1.0,2.0,2.0,1.0,4.0,2.0,2.0,4.0,4.0,4.0,6.0
1,0.9511609,1.0496323,2.0,1.0,4.0,2.0,4.0,2.0,2.0,3.0,3.0,2.0,2.0,7.0
1,0.9252404,0.8075691,10.0,1.0,10.0,1.0,1.0,4.0,1.0,1.0,3.0,1.0,1.0,10.0
1,1.0623169,0.922237,6.0,1.0,9.0,1.0,2.0,3.0,2.0,2.0,2.0,2.0,3.0,8.0
1,0.7752591,0.7781622,8.0,1.0,11.0,1.0,4.0,4.0,1.0,1.0,1.0,1.0,4.0,10.0
1,0.7875555,0.7829947,99.0,1.0,11.0,1.0,1.0,2.0,1.0,3.0,1.0,3.0,3.0,8.0
1,0.9219919,0.9190389,5.0,1.0,7.0,3.0,4.0,3.0,3.0,2.0,4.0,1.0,4.0,3.0
1,1.7119944,1.7716215,99.0,3.0,,4.0,4.0,2.0,2.0,2.0,3.0,2.0,2.0,6.0
1,0.6451607,0.6446571,8.0,1.0,11.0,2.0,1.0,3.0,1.0,1.0,3.0,2.0,2.0,7.0
1,0.5861119,0.5909442,8.0,1.0,11.0,3.0,4.0,3.0,1.0,3.0,1.0,4.0,2.0,7.0
1,0.6395211,0.5746945,4.0,1.0,3.0,3.0,4.0,1.0,2.0,3.0,3.0,3.0,2.0,6.0
1,0.8941641,0.8826193,6.0,1.0,7.0,1.0,2.0,2.0,1.0,2.0,1.0,1.0,3.0,8.0
1,0.9043831,0.9060543,8.0,1.0,11.0,1.0,1.0,3.0,1.0,3.0,1.0,1.0,4.0,9.0
1,0.5793536,0.5793836,99.0,1.0,7.0,1.0,1.0,,1.0,4.0,4.0,2.0,1.0,5.0
1,1.5312909,1.5639553,7.0,1.0,13.0,2.0,2.0,3.0,2.0,2.0,3.0,2.0,3.0,9.0
1,1.3598483,1.2244695,5.0,1.0,12.0,3.0,1.0,1.0,1.0,3.0,3.0,3.0,2.0,5.0
1,0.3747196,0.3870715,3.0,1.0,3.0,2.0,2.0,1.0,1.0,3.0,2.0,1.0,2.0,7.0
1,0.5590653,0.5530644,2.0,1.0,7.0,1.0,2.0,2.0,2.0,2.0,3.0,2.0,2.0,5.0
1,0.5146484,0.5153034,10.0,1.0,11.0,1.0,2.0,4.0,1.0,1.0,3.0,3.0,3.0,8.0
1,1.5203483,1.499261,8.0,2.0,,4.0,3.0,3.0,1.0,2.0,3.0,1.0,2.0,8.0
1,0.7375759,0.7372451,4.0,1.0,7.0,4.0,4.0,2.0,3.0,4.0,3.0,2.0,3.0,3.0
1,0.4375757,0.4834382,8.0,1.0,8.0,,2.0,2.0,2.0,2.0,1.0,3.0,3.0,5.0
1,0.6467152,0.6409504,6.0,1.0,7.0,2.0,1.0,2.0,1.0,1.0,2.0,2.0,3.0,6.0
1,0.8409594,0.8943855,6.0,2.0,,3.0,3.0,2.0,3.0,2.0,3.0,2.0,3.0,6.0
1,0.850484,0.7684906,6.0,1.0,8.0,1.0,1.0,3.0,2.0,1.0,1.0,1.0,1.0,1.0
1,0.7958059,0.7949409,7.0,1.0,7.0,3.0,4.0,3.0,1.0,3.0,2.0,3.0,3.0,5.0
1,0.6724191,0.7473763,7.0,1.0,8.0,2.0,4.0,4.0,1.0,2.0,1.0,2.0,3.0,3.0
1,0.5590653,0.5530644,99.0,1.0,7.0,2.0,2.0,3.0,2.0,2.0,2.0,2.0,3.0,8.0
1,0.7989426,0.9245135,0.0,1.0,6.0,4.0,4.0,1.0,4.0,4.0,4.0,4.0,1.0,
1,0.6169461,0.6170918,99.0,1.0,11.0,1.0,1.0,3.0,1.0,2.0,2.0,2.0,3.0,5.0
1,1.0935644,1.0833879,5.0,1.0,7.0,1.0,4.0,4.0,1.0,2.0,3.0,1.0,2.0,10.0
1,0.4149514,0.4176591,10.0,1.0,11.0,1.0,1.0,2.0,2.0,2.0,1.0,2.0,1.0,6.0
1,1.9448328,1.7037051,6.0,1.0,10.0,1.0,2.0,3.0,1.0,1.0,1.0,1.0,4.0,9.0
1,0.7890428,0.7774065,5.0,1.0,7.0,,3.0,3.0,2.0,3.0,2.0,3.0,2.0,6.0
1,0.8603104,0.8652728,5.0,1.0,11.0,2.0,3.0,4.0,1.0,2.0,3.0,3.0,2.0,8.0
1,1.1872958,1.1877472,10.0,1.0,11.0,1.0,2.0,3.0,2.0,1.0,3.0,2.0,2.0,6.0
1,0.337014,0.3799812,99.0,1.0,1.0,2.0,4.0,3.0,2.0,2.0,1.0,,3.0,5.0
1,0.834431,0.8279626,10.0,1.0,11.0,1.0,1.0,3.0,1.0,2.0,3.0,3.0,1.0,9.0
1,1.5844905,1.7524191,1.0,1.0,4.0,4.0,4.0,2.0,4.0,4.0,2.0,4.0,2.0,9.0
1,0.527299,0.5281522,7.0,1.0,11.0,1.0,1.0,3.0,2.0,3.0,,2.0,2.0,7.0
1,0.510186,0.5856479,2.0,1.0,5.0,2.0,2.0,3.0,2.0,3.0,3.0,3.0,1.0,8.0
1,0.5169788,0.4834175,5.0,1.0,5.0,2.0,4.0,1.0,1.0,,1.0,1.0,1.0,5.0
1,0.9802329,0.9761479,99.0,1.0,7.0,3.0,4.0,3.0,2.0,3.0,3.0,3.0,3.0,7.0
1,0.1838357,0.2058406,5.0,1.0,1.0,1.0,3.0,3.0,1.0,1.0,1.0,2.0,1.0,6.0
1,0.6114303,0.5761221,4.0,1.0,6.0,3.0,4.0,3.0,3.0,4.0,3.0,3.0,3.0,9.0
1,0.2802433,0.2976463,6.0,1.0,1.0,2.0,2.0,2.0,2.0,1.0,2.0,2.0,2.0,7.0
1,0.595037,0.6198606,7.0,1.0,8.0,2.0,4.0,4.0,1.0,3.0,2.0,2.0,4.0,4.0
1,0.7409542,0.7356113,9.0,1.0,11.0,2.0,2.0,1.0,2.0,2.0,2.0,1.0,1.0,9.0
1,0.7759345,0.8984673,99.0,1.0,6.0,2.0,2.0,2.0,1.0,1.0,3.0,1.0,1.0,10.0
1,1.2253431,1.2181892,7.0,1.0,7.0,2.0,3.0,2.0,2.0,2.0,3.0,2.0,2.0,9.0
1,0.6157152,0.6133389,4.0,1.0,7.0,3.0,,1.0,3.0,4.0,3.0,1.0,3.0,2.0
1,1.7252835,1.7700989,7.0,1.0,13.0,3.0,4.0,3.0,3.0,3.0,1.0,2.0,4.0,2.0
1,1.1667835,1.2135617,4.0,1.0,13.0,2.0,4.0,4.0,1.0,3.0,1.0,3.0,3.0,8.0
1,1.0285898,1.0200047,7.0,1.0,7.0,2.0,3.0,2.0,2.0,3.0,1.0,1.0,4.0,7.0
1,0.9954857,0.9928774,5.0,1.0,7.0,3.0,4.0,4.0,2.0,3.0,2.0,3.0,2.0,5.0
1,0.8504063,0.878718,8.0,1.0,12.0,1.0,1.0,3.0,1.0,2.0,1.0,2.0,1.0,5.0
1,0.39983,0.4024779,10.0,1.0,11.0,1.0,1.0,4.0,1.0,1.0,4.0,1.0,4.0,5.0
1,0.3091794,0.3395049,2.0,1.0,3.0,2.0,3.0,2.0,2.0,3.0,3.0,4.0,2.0,10.0
1,1.7869165,1.8373148,5.0,3.0,,1.0,2.0,2.0,1.0,2.0,2.0,2.0,3.0,3.0
1,0.938905,0.9337187,7.0,1.0,11.0,1.0,1.0,4.0,1.0,1.0,2.0,2.0,1.0,6.0
1,0.4732663,0.4703224,10.0,1.0,11.0,1.0,1.0,2.0,1.0,1.0,3.0,1.0,4.0,9.0
1,0.9021564,0.9030223,7.0,1.0,7.0,2.0,3.0,3.0,3.0,3.0,2.0,2.0,3.0,5.0
1,1.9809068,1.6734699,5.0,1.0,13.0,2.0,3.0,2.0,1.0,3.0,2.0,2.0,2.0,8.0
1,0.6110205,0.7019017,3.0,1.0,5.0,4.0,2.0,3.0,4.0,3.0,4.0,3.0,1.0,8.0
1,0.4331435,0.3898025,0.0,1.0,3.0,3.0,2.0,3.0,4.0,3.0,4.0,4.0,1.0,10.0
1,1.2561744,1.2372665,7.0,1.0,7.0,2.0,2.0,3.0,1.0,2.0,1.0,1.0,,1.0
1,0.7005311,0.639169,5.0,1.0,8.0,4.0,3.0,2.0,2.0,2.0,4.0,2.0,2.0,6.0
1,0.2368081,0.2614858,3.0,1.0,2.0,3.0,4.0,3.0,3.0,3.0,3.0,4.0,2.0,8.0
1,0.3705097,0.4099002,3.0,1.0,3.0,2.0,2.0,3.0,2.0,3.0,4.0,2.0,1.0,7.0
1,0.4317012,0.4348142,10.0,1.0,11.0,1.0,1.0,1.0,1.0,1.0,1.0,1.0,4.0,10.0
1,0.7948982,0.7915257,6.0,1.0,7.0,2.0,3.0,3.0,1.0,2.0,2.0,1.0,3.0,7.0
1,1.2370231,1.366555,3.0,1.0,4.0,2.0,3.0,3.0,2.0,3.0,2.0,4.0,2.0,5.0
1,1.2093793,1.2511721,99.0,1.0,,,4.0,3.0,,3.0,3.0,3.0,4.0,8.0
1,1.0304904,0.9269348,5.0,1.0,4.0,2.0,3.0,1.0,2.0,2.0,4.0,3.0,2.0,8.0
1,1.5898908,1.5397977,6.0,3.0,,1.0,3.0,,3.0,2.0,3.0,2.0,2.0,6.0
1,0.9879219,1.0602468,3.0,2.0,,,4.0,2.0,2.0,2.0,,,3.0,8.0
1,0.3469055,0.3480956,9.0,1.0,11.0,1.0,2.0,3.0,1.0,1.0,2.0,1.0,3.0,
1,0.6955206,0.8095319,4.0,1.0,6.0,2.0,1.0,2.0,1.0,3.0,3.0,,2.0,4.0
1,0.6964336,0.688652,7.0,1.0,7.0,1.0,2.0,4.0,1.0,3.0,2.0,2.0,3.0,0.0
1,0.8303086,0.7473763,8.0,1.0,8.0,3.0,1.0,2.0,1.0,1.0,3.0,2.0,2.0,6.0
1,1.5188082,1.4669659,3.0,1.0,,4.0,4.0,2.0,3.0,3.0,3.0,4.0,2.0,5.0
1,1.2444099,1.2390668,4.0,1.0,7.0,4.0,4.0,3.0,4.0,4.0,3.0,4.0,,5.0
1,1.0128298,1.0028183,4.0,1.0,7.0,4.0,4.0,2.0,2.0,3.0,3.0,3.0,2.0,8.0
1,1.4515631,1.5056295,99.0,3.0,,1.0,1.0,1.0,1.0,1.0,1.0,1.0,1.0,7.0
1,1.1872938,1.318432,2.0,1.0,4.0,1.0,1.0,2.0,1.0,2.0,4.0,2.0,1.0,9.0
1,1.6280699,1.6744241,5.0,3.0,,1.0,2.0,3.0,2.0,2.0,3.0,3.0,3.0,5.0
1,0.9158607,0.9193218,9.0,1.0,11.0,2.0,2.0,2.0,1.0,2.0,2.0,3.0,3.0,7.0
1,1.1706761,1.0134929,4.0,2.0,,3.0,3.0,2.0,2.0,3.0,4.0,2.0,2.0,8.0
1,0.9933708,0.9985168,7.0,1.0,7.0,2.0,4.0,4.0,3.0,3.0,1.0,4.0,4.0,2.0
1,0.5939853,0.5332636,0.0,1.0,3.0,3.0,4.0,1.0,4.0,4.0,2.0,4.0,1.0,10.0
1,1.9100693,1.9777884,99.0,3.0,,2.0,1.0,3.0,1.0,3.0,3.0,2.0,2.0,7.0
1,1.2627962,1.3091505,99.0,,,2.0,2.0,2.0,2.0,2.0,2.0,2.0,2.0,6.0
1,0.9847197,0.9972872,7.0,1.0,10.0,1.0,4.0,4.0,1.0,1.0,2.0,3.0,3.0,1.0
1,1.0978794,1.0833517,7.0,1.0,7.0,3.0,4.0,3.0,3.0,3.0,3.0,2.0,2.0,6.0
1,0.5028157,0.502333,4.0,1.0,11.0,2.0,4.0,2.0,2.0,2.0,2.0,4.0,3.0,8.0
1,1.0066825,1.0094185,10.0,1.0,11.0,1.0,1.0,4.0,1.0,1.0,2.0,2.0,3.0,10.0
1,1.2777326,1.3247279,99.0,1.0,13.0,2.0,2.0,2.0,2.0,2.0,3.0,1.0,2.0,10.0
1,1.1435118,1.1339004,7.0,1.0,7.0,3.0,2.0,2.0,2.0,3.0,3.0,3.0,2.0,5.0
1,1.5623043,1.3970354,3.0,1.0,4.0,4.0,,1.0,1.0,3.0,3.0,4.0,1.0,10.0
1,0.7603384,0.8444306,2.0,1.0,4.0,2.0,4.0,2.0,,3.0,2.0,3.0,1.0,5.0
1,0.5600587,0.5630965,99.0,1.0,11.0,1.0,2.0,3.0,1.0,4.0,3.0,2.0,2.0,5.0
1,0.7722396,0.9426934,99.0,1.0,7.0,1.0,3.0,4.0,1.0,1.0,2.0,1.0,3.0,4.0
1,1.4904381,1.5361427,5.0,3.0,,3.0,3.0,3.0,3.0,2.0,3.0,3.0,3.0,5.0
1,1.1317252,1.0135993,4.0,1.0,4.0,1.0,4.0,2.0,3.0,3.0,3.0,2.0,2.0,9.0
1,0.7695512,0.691415,5.0,1.0,8.0,3.0,4.0,3.0,3.0,2.0,3.0,3.0,2.0,5.0
1,0.7053542,0.6908327,4.0,1.0,7.0,3.0,2.0,2.0,2.0,3.0,1.0,2.0,3.0,6.0
1,1.0477504,1.0924059,99.0,3.0,,1.0,1.0,2.0,2.0,1.0,1.0,1.0,3.0,5.0
1,0.6998686,0.690388,6.0,1.0,7.0,4.0,4.0,1.0,2.0,3.0,1.0,2.0,3.0,3.0
1,0.6327794,0.7201875,3.0,1.0,5.0,2.0,4.0,2.0,2.0,2.0,2.0,3.0,2.0,5.0
1,0.3128459,0.2820676,3.0,1.0,3.0,3.0,4.0,2.0,3.0,3.0,3.0,2.0,2.0,7.0
1,0.9184557,0.9215825,9.0,1.0,11.0,1.0,2.0,3.0,1.0,3.0,2.0,2.0,3.0,4.0
1,0.7030374,0.6974634,99.0,1.0,9.0,1.0,1.0,3.0,1.0,2.0,3.0,2.0,2.0,8.0
1,1.1867545,1.2292256,99.0,1.0,13.0,,,2.0,,3.0,3.0,,,7.0
1,1.8596811,1.9169877,99.0,1.0,13.0,,4.0,,,3.0,2.0,4.0,,5.0
1,0.5476974,0.6324235,3.0,1.0,5.0,3.0,4.0,3.0,4.0,4.0,2.0,3.0,2.0,5.0
1,0.6169461,0.6170918,99.0,1.0,11.0,1.0,1.0,2.0,1.0,2.0,4.0,2.0,1.0,6.0
1,0.7134994,0.7215689,9.0,1.0,11.0,1.0,2.0,4.0,1.0,1.0,4.0,3.0,4.0,5.0
1,0.7837452,0.7771599,7.0,1.0,7.0,2.0,2.0,2.0,2.0,2.0,2.0,2.0,2.0,7.0
1,0.563808,0.5629232,7.0,1.0,7.0,2.0,3.0,3.0,2.0,2.0,2.0,3.0,4.0,5.0
1,0.5703849,0.5741553,7.0,1.0,11.0,1.0,2.0,2.0,2.0,2.0,3.0,2.0,2.0,6.0
1,0.9043831,0.9060543,7.0,1.0,11.0,1.0,1.0,2.0,2.0,1.0,2.0,1.0,2.0,4.0
1,0.5312399,0.4956328,1.0,1.0,5.0,1.0,2.0,1.0,1.0,2.0,1.0,4.0,1.0,10.0
1,1.5596745,1.5770037,9.0,1.0,10.0,1.0,1.0,4.0,1.0,1.0,2.0,2.0,3.0,6.0
1,0.4920419,0.4934019,8.0,1.0,11.0,2.0,1.0,3.0,1.0,3.0,2.0,1.0,3.0,7.0
1,1.5520163,1.5508375,8.0,1.0,10.0,1.0,2.0,4.0,1.0,1.0,2.0,1.0,3.0,6.0
1,0.5755081,0.5773252,99.0,1.0,11.0,1.0,1.0,3.0,3.0,3.0,1.0,2.0,2.0,6.0
1,1.0128298,1.0028183,99.0,1.0,7.0,2.0,4.0,2.0,1.0,3.0,4.0,2.0,2.0,10.0
1,1.5829443,1.4243588,0.0,1.0,4.0,4.0,4.0,4.0,4.0,4.0,3.0,4.0,1.0,6.0
1,0.6641076,0.6652144,10.0,1.0,11.0,1.0,1.0,4.0,1.0,1.0,1.0,1.0,4.0,7.0
1,0.9594161,0.954881,99.0,1.0,7.0,2.0,4.0,4.0,1.0,1.0,1.0,3.0,2.0,5.0
1,0.8293082,0.8295608,6.0,1.0,7.0,3.0,1.0,3.0,1.0,4.0,1.0,2.0,4.0,4.0
1,0.7534481,0.8403692,7.0,1.0,8.0,2.0,3.0,3.0,1.0,2.0,1.0,3.0,3.0,6.0
1,0.808189,0.8085648,4.0,1.0,7.0,3.0,4.0,3.0,3.0,3.0,2.0,2.0,2.0,4.0
1,1.5300663,1.5066346,5.0,1.0,7.0,2.0,3.0,2.0,2.0,1.0,3.0,2.0,2.0,7.0
1,0.7578837,0.7525228,5.0,1.0,7.0,2.0,2.0,2.0,3.0,2.0,4.0,3.0,2.0,9.0
1,1.170011,1.158053,8.0,1.0,7.0,2.0,3.0,2.0,1.0,1.0,4.0,1.0,4.0,8.0
1,0.916149,0.922714,8.0,1.0,9.0,2.0,4.0,4.0,1.0,2.0,1.0,1.0,4.0,4.0
1,0.304202,0.3164359,7.0,1.0,8.0,1.0,1.0,4.0,1.0,1.0,1.0,1.0,4.0,0.0
1,0.8513087,0.8459737,99.0,1.0,7.0,3.0,4.0,2.0,2.0,2.0,,2.0,,5.0
1,1.2923757,1.2744731,3.0,1.0,7.0,4.0,4.0,2.0,3.0,3.0,2.0,3.0,2.0,5.0
1,0.337204,0.3000547,7.0,1.0,2.0,1.0,2.0,2.0,1.0,2.0,1.0,2.0,2.0,7.0
1,0.5176267,0.5138322,99.0,1.0,11.0,1.0,2.0,2.0,2.0,1.0,3.0,2.0,3.0,5.0
1,0.5974174,0.5962211,99.0,1.0,11.0,1.0,1.0,1.0,1.0,3.0,2.0,1.0,1.0,9.0
1,0.602733,0.6733968,8.0,1.0,8.0,1.0,4.0,4.0,1.0,2.0,1.0,2.0,3.0,2.0
1,0.4686264,0.5170556,3.0,1.0,3.0,4.0,4.0,3.0,3.0,3.0,4.0,3.0,2.0,7.0
1,0.4551308,0.5024887,3.0,1.0,3.0,1.0,4.0,4.0,1.0,3.0,3.0,3.0,2.0,8.0
1,0.4862649,0.48272,9.0,1.0,11.0,1.0,1.0,3.0,1.0,1.0,2.0,2.0,2.0,5.0
1,0.4470522,0.4949971,8.0,1.0,3.0,2.0,2.0,3.0,2.0,2.0,4.0,2.0,3.0,5.0
1,0.7448012,0.7472804,99.0,1.0,11.0,4.0,4.0,4.0,4.0,4.0,4.0,4.0,4.0,5.0
1,0.7230994,0.7213549,0.0,1.0,11.0,1.0,1.0,1.0,1.0,1.0,1.0,1.0,1.0,10.0
1,1.5351353,1.4874581,99.0,1.0,,1.0,1.0,1.0,1.0,1.0,1.0,1.0,1.0,10.0
1,1.3001424,1.3219647,8.0,1.0,10.0,1.0,1.0,3.0,1.0,1.0,1.0,4.0,1.0,9.0
1,1.1796889,1.2950251,2.0,1.0,4.0,2.0,4.0,3.0,4.0,4.0,4.0,4.0,1.0,9.0
1,0.9351059,0.9345039,5.0,1.0,7.0,1.0,1.0,3.0,2.0,2.0,2.0,2.0,2.0,6.0
1,0.2881485,0.2573905,3.0,1.0,2.0,2.0,4.0,3.0,4.0,1.0,4.0,4.0,1.0,10.0
1,1.4879564,1.5265931,4.0,1.0,4.0,,4.0,4.0,2.0,3.0,,,3.0,7.0
1,0.5972832,0.5673937,5.0,1.0,6.0,2.0,4.0,3.0,2.0,2.0,3.0,3.0,2.0,5.0
1,1.9787642,1.7775366,3.0,1.0,4.0,3.0,4.0,,3.0,4.0,4.0,4.0,1.0,8.0
1,3.0949249,2.6013665,6.0,1.0,,3.0,4.0,,2.0,4.0,2.0,3.0,2.0,4.0
1,1.2458905,1.1288413,2.0,1.0,4.0,4.0,3.0,1.0,2.0,4.0,2.0,1.0,1.0,7.0
1,0.9614117,0.9994149,99.0,3.0,,3.0,3.0,,1.0,4.0,4.0,1.0,1.0,10.0
1,0.6785675,0.6818781,99.0,1.0,11.0,1.0,3.0,2.0,1.0,2.0,1.0,1.0,3.0,4.0
1,1.4995595,1.5469875,,3.0,,2.0,2.0,1.0,1.0,4.0,2.0,1.0,1.0,
1,1.0766306,1.0127441,3.0,1.0,6.0,4.0,3.0,1.0,3.0,4.0,3.0,3.0,3.0,5.0
1,0.5524586,0.5566633,4.0,1.0,11.0,1.0,4.0,3.0,2.0,1.0,3.0,2.0,3.0,5.0
1,1.6710767,1.4561661,6.0,1.0,10.0,2.0,2.0,3.0,1.0,3.0,3.0,1.0,3.0,4.0
1,1.0309356,1.0187436,5.0,1.0,7.0,3.0,3.0,,3.0,3.0,3.0,2.0,4.0,5.0
1,0.5020233,0.5053999,10.0,1.0,11.0,1.0,3.0,4.0,4.0,3.0,4.0,3.0,3.0,
1,0.4629267,0.4635433,8.0,1.0,11.0,1.0,2.0,4.0,1.0,1.0,4.0,1.0,2.0,2.0
1,0.5489303,0.5476071,10.0,1.0,11.0,3.0,3.0,4.0,3.0,3.0,3.0,3.0,4.0,6.0
1,0.4561119,0.4297248,5.0,1.0,6.0,1.0,3.0,2.0,1.0,1.0,3.0,2.0,1.0,6.0
1,0.6827615,0.7958347,3.0,1.0,6.0,4.0,4.0,2.0,4.0,4.0,4.0,4.0,2.0,4.0
1,0.9878088,0.8762093,99.0,1.0,12.0,1.0,2.0,4.0,2.0,1.0,3.0,1.0,2.0,5.0
1,1.6330715,1.6837622,4.0,1.0,13.0,3.0,3.0,2.0,2.0,3.0,2.0,2.0,2.0,6.0
1,0.9764976,0.8783329,5.0,1.0,12.0,4.0,3.0,2.0,2.0,2.0,3.0,1.0,3.0,4.0
1,0.4695315,0.5053999,5.0,1.0,11.0,3.0,1.0,4.0,3.0,2.0,3.0,3.0,2.0,8.0
1,0.6789564,0.6764067,6.0,1.0,7.0,1.0,3.0,3.0,2.0,1.0,3.0,3.0,2.0,10.0
1,1.8731117,1.9436442,99.0,3.0,,1.0,1.0,4.0,1.0,1.0,,4.0,1.0,7.0
1,0.8583922,0.7746521,7.0,1.0,12.0,1.0,1.0,4.0,1.0,1.0,1.0,1.0,3.0,2.0
1,0.8700399,0.905591,99.0,1.0,12.0,,2.0,2.0,1.0,3.0,2.0,2.0,1.0,9.0
1,1.0455594,1.053448,10.0,1.0,11.0,1.0,2.0,2.0,1.0,1.0,1.0,1.0,1.0,10.0
1,0.772362,0.7723505,5.0,1.0,7.0,3.0,4.0,2.0,2.0,3.0,3.0,2.0,3.0,3.0
1,0.527143,0.5338882,8.0,1.0,11.0,1.0,2.0,4.0,1.0,1.0,1.0,1.0,4.0,3.0
1,1.2681483,1.3879557,1.0,1.0,4.0,4.0,4.0,2.0,4.0,3.0,4.0,3.0,2.0,5.0
1,0.6981553,0.7459242,7.0,2.0,,2.0,1.0,3.0,2.0,2.0,2.0,2.0,1.0,6.0
1,0.9974753,1.1035818,2.0,1.0,4.0,4.0,3.0,2.0,1.0,4.0,4.0,2.0,1.0,8.0
1,0.3546944,0.3863319,3.0,1.0,3.0,3.0,3.0,3.0,3.0,3.0,3.0,,2.0,8.0
1,1.1501293,1.1306632,7.0,1.0,7.0,2.0,4.0,2.0,2.0,2.0,2.0,3.0,3.0,2.0
1,0.9954857,0.9928774,99.0,1.0,7.0,2.0,2.0,2.0,2.0,3.0,2.0,1.0,3.0,9.0
1,0.4551228,0.4124642,6.0,1.0,8.0,2.0,3.0,4.0,2.0,3.0,3.0,1.0,4.0,2.0
1,0.3112888,0.3471733,4.0,1.0,3.0,3.0,4.0,4.0,2.0,3.0,3.0,4.0,2.0,8.0
1,0.6394265,0.6802605,6.0,1.0,9.0,1.0,,,1.0,1.0,2.0,1.0,,5.0
1,0.4331931,0.4008503,3.0,1.0,5.0,4.0,4.0,2.0,3.0,3.0,1.0,2.0,4.0,2.0
1,0.7584019,0.7822495,3.0,3.0,,1.0,1.0,4.0,1.0,3.0,2.0,2.0,3.0,5.0
1,0.4282158,0.4281385,10.0,1.0,11.0,1.0,2.0,2.0,1.0,1.0,2.0,2.0,4.0,8.0
1,1.4934701,1.5097296,10.0,1.0,10.0,1.0,1.0,4.0,1.0,1.0,4.0,2.0,4.0,7.0
1,0.5707442,0.5111004,4.0,1.0,3.0,1.0,1.0,1.0,2.0,2.0,2.0,1.0,1.0,7.0
1,0.5730715,0.5691572,6.0,1.0,7.0,4.0,4.0,1.0,1.0,2.0,2.0,2.0,4.0,1.0
1,1.0505356,1.0567403,99.0,1.0,11.0,2.0,2.0,4.0,2.0,2.0,2.0,2.0,,5.0
1,1.2407792,1.3695471,3.0,1.0,4.0,3.0,4.0,3.0,3.0,3.0,2.0,3.0,2.0,7.0
1,0.8059565,0.7253293,99.0,1.0,12.0,2.0,3.0,2.0,2.0,2.0,3.0,1.0,2.0,10.0
1,0.7707632,0.69094,8.0,1.0,8.0,2.0,2.0,4.0,1.0,4.0,1.0,2.0,3.0,2.0
1,0.7426969,0.7454473,4.0,1.0,11.0,3.0,2.0,2.0,2.0,3.0,2.0,2.0,2.0,5.0
1,0.4368295,0.4012927,7.0,1.0,1.0,1.0,2.0,3.0,2.0,1.0,2.0,3.0,1.0,7.0
1,1.5887899,1.3275841,5.0,1.0,13.0,2.0,4.0,3.0,1.0,2.0,1.0,2.0,3.0,5.0
1,1.2479358,1.2421137,6.0,1.0,7.0,2.0,4.0,3.0,1.0,3.0,2.0,1.0,3.0,8.0
1,0.4763172,0.4788232,5.0,1.0,11.0,2.0,3.0,4.0,2.0,3.0,4.0,3.0,4.0,6.0
1,1.849213,2.0402353,1.0,1.0,4.0,4.0,4.0,2.0,2.0,3.0,3.0,3.0,2.0,7.0
1,2.2988272,2.3584082,5.0,1.0,14.0,1.0,1.0,3.0,3.0,3.0,4.0,1.0,4.0,6.0
1,0.3804023,0.3343759,5.0,1.0,2.0,2.0,2.0,3.0,2.0,2.0,3.0,2.0,3.0,7.0
1,0.3935944,0.3690443,5.0,1.0,5.0,2.0,3.0,3.0,4.0,2.0,3.0,3.0,3.0,5.0
1,0.9016357,0.8085039,6.0,1.0,12.0,2.0,2.0,3.0,2.0,3.0,2.0,2.0,,4.0
1,0.6418099,0.5979731,4.0,1.0,5.0,3.0,3.0,2.0,2.0,4.0,3.0,2.0,2.0,7.0
1,0.7063432,0.8234058,3.0,1.0,6.0,3.0,3.0,3.0,3.0,3.0,3.0,3.0,2.0,5.0
1,1.1655214,1.2890283,1.0,1.0,4.0,2.0,3.0,3.0,4.0,2.0,3.0,4.0,1.0,10.0
1,1.9581294,2.0087614,99.0,3.0,,4.0,2.0,2.0,1.0,4.0,4.0,4.0,1.0,1.0
1,1.1885794,1.2412437,6.0,1.0,14.0,2.0,2.0,4.0,2.0,3.0,4.0,2.0,3.0,7.0
1,0.9914519,0.8676,8.0,1.0,10.0,1.0,2.0,2.0,1.0,1.0,1.0,1.0,1.0,8.0
1,1.6236776,1.6751888,10.0,3.0,,1.0,3.0,2.0,1.0,3.0,2.0,3.0,2.0,5.0
1,1.7107934,1.893214,3.0,1.0,4.0,4.0,4.0,3.0,2.0,3.0,4.0,3.0,2.0,9.0
1,2.0526261,2.0982773,99.0,1.0,13.0,,4.0,,1.0,3.0,1.0,2.0,,5.0
1,1.94402,1.6345056,99.0,3.0,,2.0,3.0,3.0,3.0,4.0,1.0,3.0,1.0,5.0
1,0.5771315,0.5809872,3.0,1.0,11.0,2.0,,2.0,2.0,3.0,3.0,4.0,2.0,9.0
1,0.5565252,0.6198606,5.0,1.0,8.0,2.0,4.0,4.0,2.0,2.0,2.0,3.0,2.0,5.0
1,0.8273751,0.8216882,99.0,1.0,7.0,2.0,2.0,2.0,1.0,2.0,1.0,1.0,4.0,3.0
1,0.7563718,0.6905218,6.0,1.0,8.0,4.0,3.0,2.0,1.0,3.0,1.0,3.0,4.0,1.0
1,0.9504675,0.9497725,9.0,1.0,11.0,1.0,1.0,4.0,1.0,1.0,1.0,1.0,4.0,5.0
1,0.2819463,0.3182326,6.0,1.0,1.0,4.0,4.0,4.0,3.0,3.0,3.0,3.0,1.0,10.0
1,0.6182227,0.6185728,99.0,1.0,7.0,1.0,1.0,3.0,2.0,1.0,2.0,1.0,3.0,5.0
1,0.9624627,0.966516,99.0,1.0,11.0,2.0,3.0,3.0,2.0,2.0,4.0,2.0,3.0,6.0
1,1.1105807,1.1019552,6.0,1.0,7.0,1.0,1.0,3.0,1.0,1.0,1.0,2.0,3.0,6.0
1,1.6266531,1.6838183,4.0,1.0,,3.0,4.0,3.0,3.0,4.0,4.0,3.0,3.0,5.0
1,0.6004549,0.6698267,4.0,1.0,3.0,1.0,2.0,4.0,1.0,3.0,3.0,2.0,3.0,5.0
1,1.055846,1.0437534,8.0,1.0,7.0,3.0,3.0,2.0,2.0,3.0,3.0,3.0,3.0,7.0
1,0.6785675,0.6818781,6.0,1.0,11.0,1.0,1.0,2.0,1.0,1.0,3.0,1.0,3.0,6.0
1,0.3782435,0.4012927,7.0,1.0,1.0,2.0,2.0,1.0,2.0,1.0,1.0,1.0,2.0,7.0
1,1.3873299,1.5351437,4.0,1.0,4.0,4.0,4.0,2.0,4.0,4.0,3.0,4.0,3.0,8.0
1,0.6724191,0.7473763,5.0,1.0,8.0,2.0,2.0,3.0,2.0,3.0,2.0,2.0,3.0,4.0
1,0.8173651,0.8175923,10.0,1.0,11.0,1.0,1.0,3.0,1.0,2.0,2.0,2.0,2.0,5.0
1,1.3037581,1.1380852,8.0,1.0,11.0,1.0,1.0,3.0,2.0,2.0,3.0,3.0,3.0,6.0
1,0.4751996,0.5089546,7.0,1.0,11.0,1.0,1.0,4.0,1.0,1.0,3.0,2.0,2.0,10.0
1,0.6499935,0.658567,7.0,1.0,10.0,1.0,2.0,4.0,1.0,3.0,1.0,1.0,4.0,1.0
1,0.9802329,0.9761479,5.0,1.0,7.0,3.0,4.0,2.0,4.0,3.0,4.0,4.0,4.0,5.0
1,1.1558044,1.14974,5.0,1.0,7.0,4.0,3.0,3.0,1.0,4.0,1.0,2.0,4.0,10.0
1,2.4391477,2.5274611,99.0,3.0,,1.0,4.0,,,,3.0,2.0,,
1,0.6681705,0.6703888,10.0,1.0,11.0,1.0,1.0,3.0,1.0,2.0,2.0,3.0,2.0,8.0
1,0.7392856,0.639201,6.0,1.0,11.0,1.0,2.0,3.0,1.0,1.0,2.0,2.0,3.0,3.0
1,0.6641714,0.5911164,2.0,1.0,3.0,4.0,4.0,3.0,2.0,4.0,2.0,2.0,1.0,8.0
1,0.568254,0.4934019,5.0,1.0,11.0,3.0,2.0,3.0,2.0,4.0,3.0,2.0,2.0,5.0
1,1.3738842,1.4052263,5.0,1.0,4.0,3.0,4.0,3.0,3.0,4.0,3.0,2.0,2.0,6.0
1,0.9554893,0.8630257,5.0,1.0,12.0,2.0,4.0,4.0,4.0,3.0,4.0,3.0,2.0,8.0
1,0.8416016,0.8412939,8.0,1.0,11.0,1.0,2.0,2.0,1.0,2.0,2.0,2.0,3.0,1.0
1,1.1809273,1.2088299,99.0,3.0,,4.0,4.0,3.0,4.0,2.0,4.0,4.0,2.0,6.0
1,0.9841007,0.9761153,5.0,1.0,7.0,2.0,,,,3.0,2.0,2.0,,4.0
1,0.8724257,0.8683684,8.0,1.0,11.0,2.0,3.0,3.0,2.0,3.0,2.0,2.0,3.0,5.0
1,1.5077629,1.447491,,1.0,13.0,,2.0,2.0,2.0,3.0,2.0,2.0,,5.0
1,0.7202886,0.8306217,5.0,1.0,6.0,2.0,4.0,2.0,2.0,2.0,2.0,3.0,3.0,5.0
1,0.4214081,0.4248171,9.0,1.0,11.0,3.0,2.0,3.0,3.0,4.0,3.0,2.0,3.0,8.0
1,1.5245341,1.36192,2.0,1.0,4.0,1.0,1.0,1.0,1.0,3.0,3.0,1.0,1.0,8.0
1,0.8078066,0.7621706,3.0,1.0,6.0,3.0,4.0,4.0,3.0,3.0,4.0,4.0,2.0,7.0
1,1.614489,1.6474363,5.0,3.0,,3.0,4.0,2.0,2.0,3.0,3.0,2.0,2.0,5.0
1,1.0626525,1.0626186,5.0,1.0,7.0,2.0,4.0,3.0,1.0,2.0,3.0,1.0,2.0,9.0
1,1.168932,1.1662192,3.0,1.0,7.0,4.0,4.0,3.0,3.0,4.0,4.0,4.0,1.0,2.0
1,1.3290244,1.4823245,2.0,1.0,4.0,4.0,4.0,1.0,2.0,4.0,4.0,4.0,2.0,8.0
1,0.4350782,0.4334669,8.0,1.0,11.0,2.0,3.0,2.0,2.0,3.0,3.0,3.0,2.0,8.0
1,0.6289937,0.6247661,5.0,1.0,7.0,,,4.0,2.0,2.0,4.0,1.0,2.0,5.0
1,0.6132481,0.6101028,9.0,1.0,11.0,1.0,2.0,4.0,2.0,2.0,2.0,2.0,3.0,8.0
1,0.8513087,0.8459737,99.0,1.0,7.0,3.0,4.0,2.0,4.0,3.0,3.0,2.0,2.0,5.0
1,1.5761663,1.5774161,10.0,1.0,10.0,1.0,1.0,4.0,1.0,1.0,2.0,2.0,2.0,5.0
1,0.4605115,0.4737111,7.0,1.0,8.0,1.0,2.0,2.0,1.0,2.0,4.0,1.0,4.0,5.0
1,1.4247878,1.4316306,9.0,1.0,10.0,1.0,1.0,3.0,1.0,1.0,1.0,2.0,3.0,5.0
1,1.1511465,1.0324888,4.0,1.0,4.0,4.0,1.0,2.0,1.0,4.0,3.0,4.0,2.0,8.0
1,0.7963695,0.7964777,5.0,1.0,7.0,3.0,4.0,3.0,2.0,3.0,2.0,2.0,3.0,5.0
1,0.5616455,0.5644811,5.0,1.0,11.0,1.0,3.0,3.0,1.0,2.0,3.0,2.0,2.0,7.0
1,0.4075347,0.4399267,5.0,1.0,11.0,2.0,3.0,3.0,2.0,3.0,2.0,3.0,3.0,6.0
1,1.0719768,1.1905986,3.0,1.0,4.0,2.0,1.0,2.0,1.0,2.0,2.0,1.0,1.0,10.0
1,1.0214863,1.0339059,8.0,1.0,10.0,1.0,1.0,4.0,1.0,1.0,3.0,1.0,4.0,5.0
1,1.0058296,1.0114828,99.0,1.0,10.0,1.0,1.0,4.0,2.0,1.0,3.0,3.0,2.0,6.0
1,1.0231827,1.0229055,7.0,2.0,,2.0,2.0,1.0,1.0,2.0,2.0,2.0,1.0,6.0
1,0.8467112,0.8453586,99.0,1.0,7.0,3.0,4.0,2.0,,3.0,,2.0,2.0,5.0
1,0.7941195,0.794524,6.0,1.0,7.0,4.0,4.0,3.0,1.0,4.0,3.0,3.0,2.0,5.0
1,0.7534481,0.8403692,7.0,1.0,8.0,2.0,3.0,4.0,,1.0,2.0,,4.0,2.0
1,1.2636603,1.3183746,99.0,3.0,,3.0,2.0,3.0,2.0,2.0,3.0,4.0,3.0,5.0
1,0.5146484,0.5153034,10.0,1.0,11.0,1.0,4.0,3.0,4.0,2.0,4.0,2.0,4.0,10.0
1,0.7853516,0.7940452,8.0,1.0,10.0,1.0,1.0,4.0,1.0,1.0,1.0,1.0,3.0,5.0
1,0.4402243,0.4386247,8.0,1.0,11.0,1.0,2.0,4.0,1.0,3.0,2.0,2.0,3.0,5.0
1,0.5941323,0.5973348,10.0,1.0,11.0,1.0,1.0,1.0,1.0,2.0,1.0,1.0,4.0,5.0
1,0.980728,0.8830891,2.0,1.0,4.0,4.0,4.0,3.0,4.0,3.0,4.0,4.0,2.0,9.0
1,1.055846,1.0437534,99.0,1.0,7.0,3.0,4.0,2.0,2.0,3.0,3.0,3.0,3.0,5.0
1,0.9471128,0.9494198,8.0,1.0,11.0,1.0,2.0,4.0,1.0,1.0,3.0,2.0,4.0,7.0
1,0.568429,0.6543884,2.0,1.0,6.0,2.0,1.0,1.0,1.0,4.0,,1.0,1.0,10.0
1,0.3619592,0.4160922,99.0,1.0,5.0,2.0,2.0,3.0,2.0,2.0,3.0,2.0,3.0,7.0
1,1.1741816,1.1672586,6.0,2.0,,3.0,2.0,3.0,2.0,2.0,2.0,2.0,2.0,6.0
1,1.36471,1.5133311,1.0,1.0,4.0,4.0,4.0,3.0,4.0,4.0,4.0,4.0,1.0,8.0
1,0.4774806,0.50002,8.0,1.0,8.0,2.0,3.0,3.0,1.0,3.0,2.0,2.0,3.0,6.0
1,0.626546,0.6276677,8.0,1.0,11.0,2.0,4.0,2.0,2.0,2.0,2.0,4.0,2.0,4.0
1,0.3993409,0.3734832,4.0,1.0,5.0,3.0,4.0,1.0,3.0,4.0,3.0,2.0,1.0,3.0
1,1.0432199,1.0371687,4.0,1.0,7.0,2.0,4.0,2.0,2.0,2.0,3.0,3.0,2.0,7.0
1,0.5876679,0.525917,2.0,1.0,3.0,3.0,4.0,3.0,3.0,3.0,4.0,4.0,2.0,5.0
1,0.9219919,0.9190389,2.0,1.0,7.0,3.0,4.0,3.0,4.0,3.0,2.0,4.0,2.0,5.0
1,1.7214932,1.7261411,7.0,1.0,10.0,1.0,,3.0,1.0,2.0,1.0,2.0,,4.0
1,0.5861119,0.5909442,5.0,1.0,11.0,1.0,2.0,2.0,1.0,1.0,2.0,2.0,1.0,8.0
1,0.9487145,0.9475603,5.0,1.0,7.0,,4.0,,2.0,4.0,,2.0,3.0,4.0
1,0.5823941,0.526401,5.0,1.0,3.0,2.0,4.0,2.0,1.0,3.0,4.0,4.0,2.0,10.0
1,0.535504,0.5372037,5.0,1.0,11.0,1.0,1.0,4.0,1.0,1.0,1.0,1.0,1.0,10.0
1,0.5883687,0.5893132,6.0,1.0,7.0,1.0,4.0,4.0,1.0,1.0,4.0,1.0,4.0,5.0
1,0.3511087,0.3156541,7.0,1.0,3.0,1.0,2.0,1.0,4.0,2.0,2.0,1.0,2.0,6.0
1,1.1107008,1.1308227,7.0,1.0,10.0,1.0,1.0,4.0,1.0,1.0,2.0,3.0,3.0,7.0
1,0.7879667,0.9079544,6.0,1.0,7.0,2.0,2.0,3.0,,3.0,2.0,2.0,3.0,3.0
1,0.8454124,0.7892364,3.0,1.0,5.0,3.0,4.0,3.0,4.0,2.0,2.0,3.0,2.0,3.0
1,0.9219919,0.9190389,5.0,1.0,7.0,2.0,4.0,3.0,2.0,4.0,1.0,3.0,3.0,5.0
1,0.8048413,0.8038163,5.0,1.0,11.0,2.0,3.0,3.0,2.0,1.0,3.0,2.0,3.0,6.0
1,1.7098004,1.7717282,99.0,1.0,,3.0,1.0,2.0,1.0,2.0,4.0,2.0,1.0,7.0
1,0.9511625,0.9455914,9.0,1.0,11.0,1.0,1.0,4.0,1.0,1.0,2.0,1.0,4.0,7.0
1,1.358615,1.5018451,0.0,1.0,4.0,4.0,4.0,2.0,4.0,4.0,4.0,4.0,1.0,8.0
1,1.6815748,1.5219266,2.0,1.0,4.0,2.0,4.0,,2.0,2.0,3.0,,,5.0
1,0.9646701,0.9741765,10.0,1.0,10.0,1.0,1.0,4.0,1.0,1.0,1.0,3.0,1.0,10.0
1,0.5897927,0.5832876,5.0,1.0,7.0,2.0,2.0,3.0,1.0,3.0,1.0,2.0,2.0,0.0
1,0.932494,0.964106,2.0,1.0,4.0,1.0,4.0,2.0,3.0,2.0,2.0,2.0,1.0,10.0
1,1.5354193,1.287092,99.0,3.0,,1.0,2.0,3.0,2.0,2.0,2.0,1.0,3.0,5.0
1,0.4830928,0.4852743,8.0,1.0,11.0,1.0,3.0,4.0,1.0,1.0,2.0,3.0,3.0,6.0
1,0.9684057,0.9588494,5.0,1.0,7.0,1.0,1.0,4.0,1.0,1.0,2.0,2.0,2.0,10.0
1,1.1259909,1.1147949,6.0,1.0,7.0,1.0,4.0,3.0,2.0,2.0,2.0,2.0,4.0,7.0
1,0.7651749,0.7613613,8.0,1.0,11.0,2.0,3.0,3.0,2.0,2.0,3.0,2.0,2.0,4.0
1,1.2469708,1.290257,3.0,3.0,,3.0,,2.0,2.0,3.0,2.0,3.0,2.0,3.0
1,0.6288179,0.5686938,99.0,1.0,3.0,2.0,3.0,2.0,1.0,2.0,3.0,2.0,2.0,5.0
1,0.8545889,0.8559176,99.0,1.0,7.0,3.0,3.0,2.0,,3.0,3.0,3.0,3.0,5.0
1,1.1105807,1.1019552,9.0,1.0,7.0,2.0,2.0,2.0,2.0,2.0,3.0,1.0,1.0,8.0
1,1.6716692,1.7285659,6.0,3.0,,3.0,3.0,3.0,3.0,2.0,2.0,3.0,3.0,7.0
1,1.377236,1.4264554,3.0,1.0,13.0,2.0,4.0,,2.0,3.0,3.0,2.0,2.0,7.0
1,1.2181218,1.0805838,99.0,1.0,12.0,1.0,3.0,2.0,1.0,1.0,1.0,1.0,4.0,5.0
1,0.6785675,0.6818781,10.0,1.0,11.0,1.0,2.0,3.0,1.0,3.0,3.0,2.0,1.0,4.0
1,1.3561088,1.4012705,99.0,1.0,13.0,2.0,2.0,2.0,2.0,2.0,2.0,2.0,2.0,6.0
1,0.6376413,0.6293175,5.0,1.0,7.0,1.0,1.0,4.0,1.0,1.0,3.0,1.0,3.0,5.0
1,1.4330429,1.5804533,2.0,1.0,4.0,4.0,4.0,4.0,3.0,4.0,4.0,4.0,1.0,3.0
1,0.5382535,0.5795619,7.0,1.0,11.0,2.0,3.0,3.0,1.0,3.0,1.0,3.0,2.0,5.0
1,0.6226405,0.623557,3.0,1.0,11.0,2.0,1.0,3.0,1.0,3.0,3.0,2.0,3.0,8.0
1,1.2561744,1.2372665,5.0,1.0,7.0,2.0,1.0,3.0,1.0,1.0,3.0,2.0,2.0,4.0
1,0.9184573,0.9493656,8.0,3.0,,2.0,,,2.0,2.0,1.0,4.0,,7.0
1,1.3616582,1.3366277,4.0,1.0,7.0,3.0,3.0,2.0,2.0,3.0,3.0,3.0,3.0,5.0
1,1.1511465,1.0324888,3.0,1.0,4.0,4.0,4.0,3.0,4.0,4.0,4.0,4.0,2.0,8.0
1,0.419699,0.4212226,10.0,1.0,11.0,1.0,1.0,4.0,1.0,1.0,4.0,2.0,3.0,5.0
1,0.9161089,0.8262095,7.0,1.0,8.0,1.0,1.0,4.0,2.0,1.0,2.0,2.0,3.0,5.0
1,1.2469708,1.290257,5.0,1.0,13.0,2.0,4.0,2.0,2.0,3.0,3.0,4.0,2.0,4.0
1,1.2482663,1.2727689,99.0,1.0,13.0,1.0,1.0,3.0,1.0,2.0,3.0,2.0,1.0,8.0
1,1.700011,1.7530235,6.0,1.0,13.0,3.0,3.0,2.0,2.0,3.0,2.0,2.0,3.0,
1,1.0697609,1.0667859,4.0,1.0,7.0,2.0,,3.0,2.0,3.0,3.0,3.0,2.0,4.0
1,1.6559904,1.7202735,0.0,1.0,4.0,2.0,1.0,2.0,1.0,3.0,3.0,2.0,2.0,10.0
1,1.7245942,1.539219,2.0,1.0,4.0,2.0,2.0,1.0,2.0,1.0,1.0,2.0,1.0,10.0
1,0.4756908,0.4770977,8.0,1.0,11.0,1.0,3.0,3.0,2.0,2.0,2.0,4.0,2.0,9.0
1,1.1795163,1.2183983,99.0,1.0,13.0,2.0,,,2.0,3.0,,2.0,3.0,7.0
1,1.1066771,1.100659,6.0,1.0,7.0,1.0,1.0,3.0,2.0,2.0,3.0,2.0,1.0,6.0
1,1.4834785,1.5323344,7.0,1.0,13.0,2.0,2.0,2.0,2.0,3.0,3.0,2.0,4.0,5.0
1,0.755441,0.6550465,99.0,1.0,9.0,2.0,3.0,4.0,1.0,3.0,3.0,2.0,3.0,3.0
1,1.4391731,1.2842071,99.0,1.0,4.0,2.0,1.0,2.0,1.0,4.0,2.0,2.0,,9.0
1,1.7480057,1.929161,2.0,1.0,4.0,4.0,4.0,1.0,1.0,4.0,4.0,4.0,1.0,5.0
1,0.5136091,0.5154293,8.0,1.0,11.0,1.0,1.0,3.0,1.0,2.0,3.0,2.0,3.0,6.0
1,0.8716798,0.8776999,1.0,2.0,,4.0,4.0,2.0,2.0,2.0,3.0,2.0,1.0,9.0
1,0.7570214,0.7567894,99.0,1.0,11.0,1.0,2.0,2.0,2.0,3.0,2.0,2.0,2.0,8.0
1,1.2757211,1.258471,99.0,1.0,7.0,2.0,4.0,4.0,1.0,3.0,1.0,2.0,3.0,0.0
1,1.2512176,1.1242894,2.0,1.0,4.0,4.0,4.0,3.0,3.0,4.0,4.0,4.0,2.0,7.0
1,0.5926865,0.5916036,10.0,1.0,11.0,1.0,2.0,2.0,1.0,1.0,2.0,2.0,2.0,8.0
1,1.323354,1.2731391,99.0,1.0,13.0,,1.0,,1.0,3.0,,3.0,2.0,5.0
1,0.7230994,0.7213549,99.0,1.0,11.0,3.0,1.0,1.0,1.0,4.0,4.0,2.0,2.0,9.0
1,1.6807462,1.7298237,5.0,1.0,13.0,1.0,1.0,4.0,2.0,1.0,2.0,2.0,3.0,6.0
1,0.9184573,0.9493656,99.0,1.0,13.0,2.0,2.0,2.0,2.0,2.0,3.0,2.0,3.0,5.0
1,0.8660698,0.8650065,6.0,1.0,7.0,2.0,2.0,4.0,1.0,1.0,4.0,1.0,2.0,7.0
1,0.7533925,0.7130817,3.0,1.0,6.0,3.0,4.0,3.0,4.0,3.0,4.0,2.0,2.0,5.0
1,0.6748644,0.6360155,4.0,1.0,5.0,4.0,4.0,1.0,1.0,3.0,2.0,2.0,4.0,4.0
1,0.5011266,0.4983189,5.0,1.0,7.0,2.0,3.0,3.0,2.0,2.0,3.0,3.0,2.0,9.0
1,1.2444099,1.2390668,4.0,1.0,7.0,3.0,4.0,3.0,2.0,2.0,3.0,2.0,3.0,6.0
1,0.3560039,0.3914717,7.0,1.0,8.0,2.0,4.0,3.0,2.0,3.0,2.0,2.0,3.0,5.0
1,1.2253431,1.2181892,6.0,1.0,7.0,1.0,3.0,4.0,1.0,1.0,1.0,4.0,2.0,5.0
1,0.9219919,0.9190389,5.0,1.0,7.0,1.0,1.0,2.0,1.0,2.0,1.0,2.0,1.0,5.0
1,0.9021564,0.9030223,6.0,1.0,7.0,2.0,2.0,3.0,1.0,3.0,2.0,2.0,2.0,6.0
1,0.397269,0.3953325,10.0,1.0,11.0,1.0,1.0,4.0,2.0,1.0,2.0,2.0,1.0,8.0
1,0.9954481,1.0287681,2.0,1.0,4.0,2.0,2.0,2.0,1.0,3.0,2.0,1.0,2.0,9.0
1,0.4214081,0.4248171,10.0,1.0,11.0,1.0,1.0,2.0,3.0,1.0,4.0,2.0,1.0,5.0
1,1.432121,1.4722984,8.0,3.0,,1.0,2.0,4.0,2.0,1.0,2.0,1.0,3.0,7.0
1,1.1259909,1.1147949,8.0,1.0,7.0,2.0,2.0,3.0,1.0,2.0,2.0,2.0,4.0,8.0
1,0.4282158,0.4281385,9.0,1.0,11.0,1.0,2.0,4.0,2.0,1.0,1.0,,,5.0
1,0.4617079,0.4615277,9.0,1.0,11.0,1.0,1.0,2.0,1.0,3.0,1.0,1.0,2.0,5.0
1,1.2253431,1.2181892,3.0,1.0,7.0,2.0,2.0,3.0,2.0,2.0,1.0,2.0,1.0,6.0
1,0.8120923,0.8034576,99.0,1.0,7.0,2.0,2.0,2.0,2.0,3.0,3.0,3.0,2.0,2.0
1,1.0664873,1.0792905,10.0,1.0,10.0,1.0,2.0,4.0,2.0,2.0,2.0,1.0,3.0,5.0
1,1.6845806,1.8613144,1.0,1.0,4.0,3.0,4.0,2.0,2.0,3.0,4.0,3.0,1.0,8.0
1,0.9462498,1.0342375,3.0,1.0,4.0,4.0,4.0,2.0,4.0,4.0,,4.0,2.0,5.0
1,1.3650501,1.360832,4.0,1.0,7.0,2.0,1.0,2.0,1.0,2.0,3.0,2.0,3.0,10.0
1,0.4148667,0.3734111,4.0,1.0,3.0,2.0,3.0,2.0,3.0,1.0,3.0,2.0,1.0,5.0
1,2.0526261,2.0982773,3.0,1.0,13.0,2.0,4.0,,,2.0,4.0,,2.0,7.0
1,0.6789564,0.6764067,5.0,1.0,7.0,3.0,3.0,2.0,2.0,3.0,3.0,2.0,4.0,6.0
1,1.0834234,1.1898282,0.0,1.0,4.0,3.0,2.0,3.0,2.0,3.0,3.0,4.0,2.0,8.0
1,1.0646937,1.0634621,7.0,1.0,7.0,3.0,4.0,2.0,,3.0,3.0,2.0,4.0,6.0
1,1.8202927,1.5314333,3.0,1.0,13.0,3.0,3.0,2.0,2.0,3.0,4.0,3.0,2.0,5.0
1,1.6392163,1.683766,99.0,1.0,,2.0,,,,3.0,,3.0,2.0,
1,0.9954857,0.9928774,8.0,1.0,7.0,1.0,2.0,4.0,1.0,1.0,2.0,3.0,1.0,5.0
1,0.6737875,0.6692836,4.0,1.0,7.0,4.0,4.0,3.0,1.0,4.0,3.0,4.0,1.0,8.0
1,0.627542,0.5967547,3.0,1.0,6.0,1.0,2.0,4.0,2.0,1.0,4.0,2.0,1.0,
1,0.7384629,0.6975525,1.0,1.0,6.0,3.0,4.0,1.0,3.0,3.0,2.0,3.0,1.0,7.0
1,1.2381115,1.2323599,4.0,1.0,7.0,2.0,1.0,3.0,2.0,2.0,3.0,4.0,2.0,7.0
1,1.1380951,1.1303675,4.0,1.0,7.0,3.0,4.0,1.0,1.0,3.0,3.0,2.0,1.0,8.0
1,0.8402494,0.8357705,7.0,1.0,7.0,1.0,1.0,2.0,1.0,2.0,2.0,1.0,1.0,8.0
1,0.6592881,0.6535895,5.0,1.0,7.0,2.0,4.0,2.0,4.0,1.0,2.0,2.0,3.0,8.0
1,0.5586717,0.521901,3.0,1.0,6.0,3.0,4.0,2.0,3.0,3.0,3.0,2.0,2.0,7.0
1,0.7941195,0.794524,6.0,1.0,7.0,3.0,4.0,2.0,2.0,3.0,3.0,2.0,3.0,7.0
1,1.1558135,1.2774861,99.0,1.0,4.0,3.0,3.0,2.0,4.0,3.0,2.0,1.0,3.0,5.0
1,1.7107934,1.893214,4.0,1.0,4.0,3.0,4.0,2.0,2.0,3.0,3.0,3.0,2.0,8.0
1,1.8262012,1.5238361,99.0,1.0,13.0,2.0,4.0,4.0,1.0,2.0,3.0,2.0,3.0,8.0
1,1.4335005,1.418537,7.0,1.0,7.0,3.0,4.0,2.0,1.0,3.0,1.0,1.0,4.0,2.0
1,1.1799829,1.1645248,6.0,1.0,7.0,3.0,2.0,2.0,2.0,3.0,2.0,3.0,3.0,4.0
1,0.9777243,0.8781915,4.0,1.0,4.0,3.0,3.0,2.0,1.0,3.0,2.0,3.0,1.0,6.0
1,1.6671197,1.4915299,3.0,1.0,4.0,4.0,4.0,,4.0,4.0,3.0,3.0,2.0,5.0
1,0.7366976,0.657935,2.0,1.0,3.0,1.0,1.0,2.0,2.0,2.0,3.0,3.0,2.0,8.0
1,1.1280521,1.1633379,,3.0,,,,2.0,,4.0,,,,5.0
1,0.6354577,0.6382296,10.0,1.0,11.0,1.0,2.0,4.0,1.0,1.0,1.0,2.0,3.0,3.0
1,0.7572266,0.680139,9.0,1.0,8.0,2.0,1.0,,1.0,2.0,2.0,2.0,2.0,5.0
1,0.3604498,0.4012007,3.0,1.0,3.0,3.0,4.0,2.0,3.0,3.0,4.0,3.0,2.0,7.0
1,0.7273917,0.7319096,8.0,1.0,7.0,2.0,4.0,3.0,2.0,2.0,3.0,2.0,3.0,7.0
1,0.5264764,0.530427,8.0,1.0,11.0,2.0,3.0,,2.0,2.0,2.0,2.0,3.0,8.0
1,0.6466861,0.6507557,10.0,1.0,11.0,1.0,1.0,4.0,1.0,3.0,1.0,4.0,3.0,5.0
1,0.9818529,0.9931144,9.0,1.0,10.0,1.0,1.0,3.0,2.0,2.0,3.0,2.0,2.0,6.0
1,0.4018569,0.3623008,4.0,1.0,3.0,3.0,4.0,3.0,4.0,4.0,4.0,1.0,4.0,3.0
1,1.4744765,1.5146387,5.0,3.0,,3.0,3.0,2.0,1.0,3.0,3.0,2.0,2.0,5.0
1,0.6686158,0.63095,7.0,1.0,6.0,4.0,4.0,3.0,3.0,4.0,3.0,3.0,4.0,7.0
1,0.6682212,0.6584625,6.0,1.0,7.0,2.0,2.0,2.0,2.0,3.0,2.0,2.0,2.0,7.0
1,1.2913762,1.3238707,6.0,1.0,13.0,2.0,2.0,2.0,2.0,2.0,1.0,3.0,2.0,5.0
1,0.6376207,0.6623943,6.0,1.0,12.0,2.0,3.0,3.0,2.0,1.0,1.0,2.0,4.0,1.0
1,0.6786489,0.6772556,8.0,1.0,11.0,2.0,,,3.0,2.0,2.0,3.0,2.0,5.0
1,0.930364,0.8403692,5.0,1.0,8.0,1.0,3.0,2.0,2.0,2.0,4.0,1.0,2.0,5.0
1,0.862748,0.8674006,99.0,1.0,11.0,1.0,2.0,3.0,1.0,2.0,2.0,2.0,3.0,5.0
1,1.0285898,1.0200047,5.0,1.0,7.0,1.0,2.0,1.0,1.0,1.0,3.0,1.0,2.0,5.0
1,1.521968,1.5373648,7.0,1.0,10.0,1.0,2.0,4.0,1.0,1.0,2.0,2.0,4.0,5.0
1,0.6291385,0.7222495,4.0,1.0,5.0,3.0,4.0,3.0,1.0,3.0,3.0,3.0,2.0,5.0
1,1.0181968,0.9642721,4.0,1.0,6.0,,2.0,3.0,2.0,3.0,3.0,2.0,3.0,3.0
1,0.5771315,0.5809872,99.0,1.0,11.0,1.0,1.0,2.0,2.0,3.0,1.0,1.0,1.0,3.0
1,0.4112505,0.4318007,8.0,1.0,8.0,1.0,1.0,4.0,1.0,1.0,4.0,2.0,4.0,8.0
1,0.5797364,0.5695251,7.0,1.0,7.0,2.0,1.0,3.0,2.0,1.0,1.0,2.0,3.0,5.0
1,0.5414229,0.6650096,99.0,1.0,7.0,4.0,2.0,4.0,,,2.0,1.0,,
1,0.7609701,0.7589444,,1.0,7.0,1.0,3.0,2.0,1.0,2.0,3.0,2.0,2.0,10.0
1,1.5913041,1.6398808,99.0,1.0,13.0,,3.0,,2.0,2.0,,1.0,2.0,7.0
1,1.244591,1.377185,2.0,1.0,4.0,4.0,4.0,2.0,3.0,3.0,4.0,4.0,1.0,9.0
1,0.4695441,0.4704635,5.0,1.0,11.0,2.0,1.0,,2.0,3.0,1.0,4.0,1.0,7.0
1,0.6120835,0.6170036,6.0,1.0,11.0,3.0,2.0,2.0,2.0,2.0,2.0,2.0,3.0,7.0
1,1.17893,1.2064029,99.0,3.0,,,4.0,2.0,4.0,3.0,,2.0,1.0,5.0
1,2.5956559,2.669137,99.0,3.0,,2.0,2.0,2.0,2.0,2.0,3.0,2.0,2.0,5.0
1,1.1403197,1.1781372,99.0,3.0,,1.0,,4.0,1.0,2.0,1.0,2.0,2.0,5.0
1,0.7903016,0.7806312,99.0,1.0,7.0,2.0,2.0,2.0,2.0,3.0,2.0,2.0,2.0,5.0
1,0.6641654,0.6627963,99.0,1.0,11.0,1.0,1.0,3.0,1.0,1.0,2.0,2.0,2.0,6.0
1,1.3003703,1.3481385,5.0,1.0,13.0,3.0,4.0,4.0,3.0,3.0,3.0,4.0,3.0,5.0
1,0.9161089,0.8262095,8.0,1.0,8.0,1.0,1.0,4.0,2.0,3.0,1.0,2.0,4.0,2.0
1,1.7152351,1.6734699,99.0,1.0,,,4.0,4.0,1.0,3.0,1.0,,4.0,7.0
1,0.7662925,0.7605808,6.0,1.0,7.0,3.0,3.0,2.0,2.0,3.0,3.0,2.0,2.0,5.0
1,1.0285898,1.0200047,7.0,1.0,7.0,2.0,3.0,3.0,2.0,3.0,,2.0,3.0,3.0
1,0.8429437,0.8734617,5.0,1.0,12.0,3.0,4.0,2.0,2.0,3.0,2.0,3.0,3.0,7.0
1,1.1332496,1.1349441,6.0,1.0,7.0,1.0,4.0,3.0,2.0,1.0,2.0,2.0,2.0,7.0
1,0.7448012,0.7472804,99.0,1.0,11.0,2.0,1.0,1.0,4.0,1.0,1.0,1.0,1.0,5.0
1,0.6811305,0.759333,7.0,1.0,12.0,3.0,3.0,4.0,2.0,2.0,3.0,3.0,2.0,7.0
1,1.4316972,1.4882884,6.0,1.0,13.0,2.0,1.0,1.0,1.0,4.0,3.0,1.0,2.0,10.0
1,0.7941195,0.794524,7.0,1.0,7.0,2.0,3.0,4.0,3.0,3.0,2.0,2.0,3.0,6.0
1,1.9468849,2.0058587,99.0,1.0,4.0,2.0,2.0,3.0,2.0,3.0,2.0,2.0,3.0,5.0
1,0.5910159,0.5869843,7.0,1.0,9.0,2.0,1.0,3.0,1.0,3.0,3.0,2.0,3.0,8.0
1,0.4263926,0.4298719,8.0,1.0,11.0,3.0,1.0,3.0,1.0,1.0,4.0,3.0,3.0,2.0
1,0.4967262,0.5282327,8.0,1.0,11.0,2.0,3.0,2.0,1.0,2.0,2.0,2.0,3.0,7.0
1,0.8642532,0.9510831,4.0,1.0,4.0,4.0,4.0,1.0,1.0,4.0,4.0,2.0,3.0,7.0
1,0.5934979,0.6620504,8.0,1.0,8.0,2.0,4.0,4.0,2.0,2.0,3.0,2.0,3.0,2.0
1,0.6152898,0.6128964,9.0,1.0,11.0,1.0,1.0,4.0,1.0,2.0,,4.0,2.0,10.0
1,0.5397824,0.5328312,6.0,1.0,7.0,2.0,2.0,3.0,1.0,1.0,1.0,1.0,3.0,6.0
1,0.679132,0.6749617,7.0,1.0,7.0,3.0,4.0,2.0,2.0,2.0,2.0,4.0,2.0,6.0
1,1.0857006,1.0821443,8.0,1.0,7.0,1.0,1.0,4.0,1.0,1.0,2.0,1.0,4.0,3.0
1,0.7251368,0.755542,6.0,1.0,8.0,2.0,3.0,3.0,2.0,3.0,2.0,3.0,3.0,4.0
1,0.3959625,0.4377741,3.0,1.0,3.0,2.0,4.0,2.0,1.0,2.0,3.0,3.0,3.0,8.0
1,0.4978003,0.4965485,3.0,1.0,11.0,1.0,1.0,1.0,1.0,1.0,2.0,1.0,1.0,8.0
1,1.0272357,1.019693,5.0,1.0,7.0,3.0,2.0,2.0,1.0,3.0,4.0,3.0,2.0,5.0
1,0.9219919,0.9190389,99.0,1.0,7.0,1.0,4.0,4.0,1.0,1.0,1.0,2.0,4.0,1.0
1,0.862748,0.8674006,,1.0,11.0,1.0,1.0,2.0,1.0,1.0,1.0,1.0,2.0,8.0
1,1.7102029,1.7329035,10.0,1.0,10.0,1.0,2.0,3.0,1.0,3.0,1.0,1.0,4.0,1.0
1,0.656756,0.6179462,3.0,1.0,5.0,2.0,4.0,4.0,3.0,2.0,3.0,3.0,2.0,7.0
1,0.7656984,0.7669392,99.0,1.0,11.0,1.0,1.0,4.0,1.0,2.0,2.0,1.0,2.0,8.0
1,0.6530665,0.6145911,6.0,1.0,6.0,2.0,3.0,3.0,2.0,2.0,3.0,2.0,3.0,5.0
1,0.5076051,0.5093684,7.0,1.0,11.0,3.0,3.0,2.0,2.0,2.0,2.0,3.0,4.0,6.0
1,1.1686594,1.1989357,99.0,3.0,,2.0,2.0,4.0,2.0,1.0,3.0,3.0,3.0,5.0
1,0.818487,0.8103764,7.0,1.0,9.0,1.0,2.0,3.0,2.0,2.0,2.0,3.0,2.0,6.0
1,0.5906968,0.5891132,10.0,1.0,11.0,1.0,1.0,2.0,1.0,1.0,2.0,1.0,4.0,5.0
1,1.8698452,1.9386569,4.0,3.0,,2.0,1.0,4.0,1.0,3.0,2.0,2.0,2.0,2.0
1,0.397269,0.3953325,6.0,1.0,11.0,1.0,1.0,1.0,1.0,2.0,4.0,1.0,2.0,8.0
1,1.5350635,1.5541617,10.0,1.0,10.0,1.0,1.0,4.0,1.0,1.0,1.0,3.0,4.0,10.0
1,0.6331565,0.6287774,7.0,1.0,9.0,1.0,1.0,3.0,1.0,2.0,2.0,2.0,3.0,3.0
1,0.9954857,0.9928774,8.0,1.0,7.0,2.0,4.0,4.0,1.0,3.0,2.0,3.0,3.0,3.0
1,1.2444099,1.2390668,3.0,1.0,7.0,3.0,3.0,3.0,3.0,2.0,2.0,3.0,3.0,2.0
1,1.3437998,1.4878323,2.0,1.0,4.0,4.0,4.0,2.0,4.0,3.0,4.0,3.0,2.0,7.0
1,1.3692025,1.2265335,5.0,1.0,4.0,2.0,3.0,2.0,2.0,3.0,3.0,3.0,2.0,5.0
1,0.8159459,0.7746692,3.0,1.0,6.0,3.0,2.0,4.0,4.0,3.0,1.0,1.0,4.0,6.0
1,1.1154034,1.1567734,5.0,1.0,4.0,3.0,3.0,3.0,3.0,2.0,3.0,4.0,2.0,8.0
1,0.7534481,0.8403692,8.0,1.0,8.0,2.0,2.0,3.0,2.0,2.0,1.0,2.0,3.0,6.0
1,0.9787348,1.0061492,99.0,1.0,13.0,1.0,3.0,2.0,1.0,2.0,2.0,2.0,1.0,6.0
1,1.8061764,1.8290747,9.0,1.0,10.0,1.0,1.0,4.0,1.0,2.0,2.0,1.0,3.0,9.0
1,0.9551354,0.9563378,8.0,1.0,11.0,2.0,4.0,4.0,3.0,3.0,2.0,2.0,3.0,2.0
1,0.3648461,0.3329706,7.0,1.0,1.0,2.0,4.0,1.0,1.0,2.0,2.0,1.0,2.0,7.0
1,0.8463053,0.8432674,5.0,1.0,11.0,1.0,1.0,2.0,2.0,1.0,1.0,2.0,2.0,6.0
1,0.6713052,0.6720549,99.0,1.0,11.0,2.0,1.0,3.0,1.0,3.0,3.0,2.0,3.0,7.0
1,1.0550275,1.0524791,8.0,1.0,11.0,1.0,1.0,2.0,1.0,2.0,2.0,1.0,2.0,7.0
1,0.7506436,0.7502738,4.0,1.0,7.0,,4.0,,,3.0,,,,4.0
1,0.8868018,0.8784829,6.0,1.0,7.0,3.0,1.0,2.0,1.0,3.0,1.0,2.0,2.0,6.0
1,0.4326998,0.4759488,2.0,1.0,3.0,4.0,4.0,2.0,3.0,3.0,4.0,4.0,2.0,8.0
1,1.1553044,0.9710212,5.0,1.0,13.0,,,2.0,2.0,3.0,,,2.0,5.0
1,0.5664332,0.567481,8.0,1.0,9.0,1.0,1.0,2.0,1.0,1.0,1.0,2.0,3.0,
1,0.5089243,0.5068592,5.0,1.0,7.0,1.0,,4.0,1.0,2.0,,2.0,1.0,5.0
1,1.406119,1.4409188,3.0,3.0,,2.0,2.0,3.0,1.0,2.0,2.0,2.0,3.0,2.0
1,0.5136091,0.5154293,10.0,1.0,11.0,1.0,1.0,4.0,2.0,3.0,,2.0,2.0,7.0
1,0.8906392,1.0200047,9.0,1.0,7.0,1.0,2.0,2.0,2.0,1.0,3.0,2.0,2.0,7.0
1,0.602733,0.6733968,8.0,1.0,8.0,1.0,3.0,3.0,1.0,2.0,2.0,2.0,3.0,6.0
1,0.7080258,0.7567894,99.0,1.0,11.0,1.0,1.0,4.0,2.0,1.0,3.0,3.0,1.0,10.0
1,0.4629267,0.4635433,5.0,1.0,11.0,1.0,1.0,2.0,1.0,3.0,1.0,1.0,1.0,10.0
1,0.9454349,0.9458656,5.0,1.0,9.0,1.0,1.0,4.0,1.0,3.0,2.0,2.0,3.0,3.0
1,1.6080496,1.6553917,6.0,3.0,,3.0,4.0,3.0,3.0,2.0,2.0,3.0,3.0,9.0
1,0.6005044,0.6662831,6.0,1.0,8.0,,4.0,4.0,1.0,4.0,1.0,2.0,3.0,5.0
1,1.1307552,0.9705071,5.0,1.0,9.0,3.0,3.0,2.0,3.0,3.0,2.0,3.0,3.0,5.0
1,1.3236858,1.1905986,99.0,1.0,4.0,2.0,1.0,3.0,1.0,2.0,3.0,2.0,1.0,6.0
1,0.9245191,0.9179861,5.0,1.0,11.0,,2.0,,1.0,3.0,,,2.0,10.0
1,1.8517634,1.924749,5.0,3.0,,3.0,3.0,3.0,3.0,3.0,3.0,3.0,2.0,5.0
1,0.8493124,0.8500732,5.0,1.0,7.0,1.0,3.0,4.0,2.0,1.0,1.0,1.0,4.0,9.0
1,0.6575357,0.6974634,99.0,1.0,9.0,2.0,1.0,4.0,1.0,3.0,3.0,4.0,1.0,3.0
1,0.8214263,0.8185045,8.0,1.0,7.0,3.0,2.0,3.0,3.0,3.0,2.0,1.0,2.0,7.0
1,0.8382649,0.8317196,5.0,1.0,7.0,2.0,2.0,2.0,2.0,1.0,4.0,1.0,4.0,5.0
1,0.4085982,0.4576786,,1.0,3.0,1.0,,4.0,2.0,1.0,3.0,,,
1,2.1765294,2.2373207,99.0,1.0,13.0,2.0,3.0,2.0,2.0,3.0,2.0,2.0,1.0,7.0
1,0.5326164,0.6222116,99.0,1.0,6.0,4.0,3.0,1.0,4.0,3.0,1.0,4.0,1.0,10.0
1,1.1435118,1.1339004,4.0,1.0,7.0,3.0,4.0,2.0,3.0,2.0,3.0,2.0,2.0,5.0
1,1.5436192,1.699156,99.0,1.0,4.0,1.0,1.0,2.0,1.0,2.0,1.0,1.0,3.0,5.0
1,2.2115579,2.4399984,0.0,1.0,4.0,4.0,4.0,2.0,4.0,4.0,4.0,4.0,1.0,10.0
1,0.5772861,0.5179551,4.0,1.0,3.0,2.0,4.0,3.0,3.0,2.0,3.0,3.0,3.0,6.0
1,0.5146484,0.5153034,10.0,1.0,11.0,1.0,1.0,4.0,1.0,1.0,2.0,2.0,1.0,10.0
1,0.3507779,0.3898025,2.0,1.0,3.0,4.0,4.0,1.0,4.0,4.0,2.0,3.0,1.0,10.0
1,0.6404285,0.636252,7.0,1.0,11.0,2.0,2.0,3.0,1.0,3.0,1.0,2.0,4.0,5.0
1,1.4937651,1.3013216,9.0,1.0,10.0,1.0,3.0,4.0,1.0,1.0,1.0,4.0,3.0,
1,0.679132,0.6749617,5.0,1.0,7.0,2.0,3.0,3.0,2.0,3.0,3.0,2.0,2.0,8.0
1,1.4885019,1.4866824,99.0,1.0,7.0,3.0,3.0,1.0,2.0,2.0,3.0,2.0,2.0,
1,1.0396683,1.0261668,8.0,1.0,7.0,1.0,1.0,2.0,1.0,2.0,1.0,2.0,2.0,3.0
1,2.1377282,2.0793893,99.0,3.0,,3.0,4.0,3.0,4.0,3.0,4.0,4.0,2.0,5.0
1,0.533706,0.5400264,9.0,1.0,11.0,1.0,4.0,4.0,1.0,1.0,2.0,1.0,4.0,5.0
1,1.0388623,1.0347455,10.0,1.0,11.0,1.0,2.0,3.0,1.0,1.0,2.0,2.0,3.0,8.0
1,0.5961058,0.6709039,7.0,1.0,8.0,2.0,3.0,3.0,2.0,2.0,3.0,2.0,2.0,6.0
1,0.9158607,0.9193218,8.0,1.0,11.0,2.0,4.0,4.0,1.0,2.0,2.0,3.0,2.0,9.0
1,0.7185504,0.7148373,6.0,1.0,7.0,2.0,4.0,3.0,2.0,2.0,1.0,3.0,3.0,2.0
1,0.6182227,0.6185728,7.0,1.0,7.0,1.0,4.0,4.0,1.0,2.0,3.0,4.0,3.0,8.0
1,0.6896996,0.6865294,6.0,1.0,7.0,3.0,3.0,3.0,2.0,2.0,3.0,2.0,3.0,2.0
1,0.5201809,0.5225018,9.0,1.0,11.0,2.0,3.0,3.0,2.0,3.0,2.0,2.0,3.0,8.0
1,0.6055821,0.5995199,8.0,1.0,9.0,1.0,2.0,4.0,1.0,1.0,1.0,1.0,1.0,5.0
1,0.8797812,0.875002,99.0,1.0,11.0,2.0,1.0,4.0,1.0,3.0,4.0,1.0,1.0,5.0
1,1.1260979,1.1178429,7.0,1.0,11.0,4.0,3.0,2.0,4.0,2.0,3.0,4.0,3.0,6.0
1,1.8262012,1.5238361,3.0,1.0,13.0,,,4.0,1.0,1.0,1.0,2.0,1.0,8.0
1,1.2469708,1.290257,5.0,3.0,,1.0,1.0,2.0,2.0,3.0,2.0,2.0,1.0,5.0
1,0.6289937,0.6247661,5.0,1.0,7.0,3.0,3.0,2.0,2.0,3.0,3.0,2.0,3.0,5.0
1,1.0196364,1.0613705,99.0,1.0,13.0,2.0,2.0,2.0,4.0,2.0,2.0,2.0,2.0,7.0
1,0.946034,0.9452358,5.0,1.0,7.0,4.0,1.0,3.0,2.0,3.0,4.0,2.0,3.0,5.0
1,0.7834033,0.8386728,99.0,1.0,11.0,1.0,1.0,3.0,1.0,1.0,2.0,1.0,2.0,7.0
1,1.2444099,1.2390668,99.0,1.0,7.0,2.0,2.0,3.0,2.0,2.0,2.0,2.0,2.0,5.0
1,0.5687734,0.5727469,10.0,1.0,11.0,2.0,2.0,2.0,2.0,1.0,3.0,3.0,2.0,8.0
1,1.6410153,1.6741048,99.0,1.0,13.0,3.0,3.0,3.0,3.0,3.0,3.0,3.0,3.0,5.0
1,0.930364,0.8403692,7.0,1.0,8.0,1.0,4.0,4.0,2.0,2.0,3.0,3.0,4.0,4.0
1,1.3514237,1.4007874,0.0,1.0,4.0,4.0,4.0,4.0,4.0,3.0,3.0,3.0,1.0,6.0
1,1.9145849,1.9643096,4.0,3.0,,2.0,4.0,2.0,2.0,2.0,3.0,3.0,3.0,
1,1.2444099,1.2390668,6.0,1.0,7.0,2.0,4.0,3.0,2.0,2.0,2.0,3.0,3.0,3.0
1,1.7482804,1.755724,5.0,1.0,10.0,1.0,1.0,4.0,2.0,1.0,1.0,2.0,4.0,1.0
1,1.4474577,1.5908756,2.0,1.0,4.0,3.0,4.0,3.0,3.0,3.0,3.0,3.0,2.0,5.0
1,0.3758164,0.3374095,2.0,1.0,3.0,2.0,3.0,2.0,1.0,3.0,1.0,1.0,1.0,8.0
1,0.524635,0.6004582,2.0,1.0,5.0,3.0,3.0,3.0,2.0,3.0,3.0,3.0,3.0,2.0
1,0.9295028,0.8038163,10.0,1.0,11.0,1.0,1.0,1.0,3.0,1.0,1.0,1.0,1.0,9.0
1,1.5350635,1.5541617,7.0,1.0,10.0,1.0,1.0,4.0,2.0,1.0,3.0,2.0,4.0,7.0
1,1.3179678,1.3110476,99.0,1.0,7.0,2.0,2.0,3.0,2.0,2.0,2.0,2.0,3.0,4.0
1,1.3776437,1.4111297,99.0,1.0,13.0,1.0,3.0,2.0,2.0,3.0,2.0,3.0,2.0,5.0
1,0.9803261,0.9788169,9.0,1.0,11.0,1.0,4.0,2.0,2.0,2.0,2.0,2.0,1.0,5.0
1,0.9219919,0.9190389,6.0,1.0,7.0,3.0,3.0,3.0,2.0,3.0,1.0,3.0,3.0,6.0
1,0.6551996,0.6557053,8.0,1.0,11.0,2.0,1.0,3.0,2.0,1.0,1.0,2.0,1.0,8.0
1,1.2542229,1.2526121,6.0,2.0,,2.0,2.0,3.0,2.0,3.0,2.0,2.0,2.0,6.0
1,0.5600587,0.5630965,9.0,1.0,11.0,1.0,1.0,4.0,1.0,3.0,1.0,1.0,1.0,0.0
1,0.7695512,0.691415,7.0,1.0,8.0,2.0,4.0,3.0,1.0,4.0,3.0,2.0,2.0,7.0
1,0.3188174,0.3301631,7.0,1.0,3.0,1.0,2.0,4.0,1.0,2.0,2.0,1.0,3.0,10.0
1,1.128903,1.1380852,9.0,1.0,11.0,1.0,1.0,3.0,2.0,1.0,3.0,1.0,4.0,7.0
1,1.442405,1.6082408,0.0,1.0,4.0,4.0,2.0,2.0,4.0,4.0,2.0,4.0,1.0,9.0
1,1.7924021,1.5056295,99.0,1.0,13.0,1.0,4.0,4.0,2.0,2.0,2.0,2.0,2.0,3.0
1,0.7905554,0.7918324,10.0,1.0,11.0,1.0,1.0,4.0,1.0,1.0,3.0,1.0,1.0,10.0
1,0.9158607,0.9193218,99.0,1.0,11.0,1.0,2.0,4.0,2.0,1.0,3.0,4.0,2.0,10.0
1,0.7431316,0.7459242,8.0,2.0,,2.0,1.0,2.0,3.0,2.0,2.0,2.0,1.0,7.0
1,0.5320415,0.4714808,5.0,1.0,3.0,3.0,4.0,3.0,3.0,3.0,4.0,2.0,2.0,9.0
1,0.4216521,0.4539886,99.0,1.0,11.0,3.0,4.0,4.0,3.0,2.0,4.0,3.0,2.0,7.0
1,0.938905,0.9337187,8.0,1.0,11.0,1.0,1.0,2.0,1.0,1.0,1.0,1.0,3.0,7.0
1,2.0716224,2.1096539,7.0,1.0,10.0,1.0,3.0,4.0,1.0,1.0,4.0,4.0,4.0,0.0
1,0.8314945,0.8373982,9.0,1.0,11.0,1.0,1.0,3.0,1.0,1.0,1.0,1.0,2.0,5.0
1,0.5600587,0.5630965,8.0,1.0,11.0,1.0,1.0,4.0,1.0,2.0,2.0,1.0,2.0,8.0
1,0.9508695,0.9827691,9.0,1.0,8.0,2.0,1.0,1.0,1.0,1.0,1.0,2.0,2.0,9.0
1,0.8793693,0.9360859,,2.0,,2.0,2.0,1.0,2.0,3.0,2.0,2.0,1.0,7.0
1,0.5370676,0.539461,9.0,1.0,11.0,1.0,1.0,3.0,1.0,1.0,3.0,1.0,3.0,5.0
1,0.7820908,0.7884066,99.0,1.0,11.0,1.0,1.0,4.0,2.0,1.0,3.0,4.0,3.0,5.0
1,1.8399023,1.8905779,6.0,3.0,,2.0,4.0,2.0,1.0,3.0,2.0,2.0,2.0,7.0
1,1.5861448,1.4364107,4.0,1.0,4.0,3.0,4.0,1.0,4.0,2.0,4.0,2.0,2.0,8.0
1,1.858817,1.921599,7.0,3.0,,4.0,4.0,3.0,4.0,2.0,1.0,4.0,2.0,8.0
1,0.7866697,0.7852861,99.0,1.0,7.0,4.0,4.0,4.0,4.0,4.0,4.0,4.0,4.0,5.0
1,0.8483369,0.8702871,99.0,1.0,12.0,1.0,3.0,4.0,,2.0,4.0,2.0,2.0,7.0
1,0.6448449,0.6142043,5.0,1.0,6.0,4.0,4.0,2.0,3.0,3.0,3.0,2.0,3.0,7.0
1,0.6402506,0.5933974,3.0,1.0,5.0,,2.0,3.0,1.0,2.0,4.0,2.0,2.0,6.0
1,1.3030776,1.2516874,99.0,1.0,13.0,2.0,2.0,3.0,2.0,3.0,2.0,2.0,3.0,3.0
1,1.1435118,1.1339004,8.0,1.0,7.0,1.0,3.0,2.0,1.0,1.0,1.0,1.0,4.0,1.0
1,0.5205844,0.5181698,5.0,1.0,7.0,3.0,2.0,1.0,1.0,3.0,1.0,3.0,1.0,5.0
1,1.008828,1.0156296,4.0,1.0,7.0,,,,,2.0,2.0,2.0,,6.0
1,0.6104265,0.6517877,5.0,1.0,11.0,1.0,2.0,3.0,2.0,2.0,2.0,2.0,2.0,7.0
1,0.621383,0.6237093,7.0,1.0,11.0,2.0,2.0,4.0,1.0,2.0,4.0,2.0,3.0,8.0
1,0.9913049,0.8902698,7.0,1.0,8.0,1.0,4.0,2.0,2.0,2.0,2.0,1.0,3.0,3.0
1,0.8756362,0.8755233,8.0,1.0,9.0,1.0,3.0,4.0,1.0,1.0,2.0,1.0,3.0,5.0
1,0.5526221,0.5506825,9.0,1.0,11.0,1.0,1.0,4.0,2.0,1.0,,1.0,4.0,3.0
1,0.5634761,0.560357,9.0,1.0,11.0,1.0,2.0,2.0,2.0,2.0,1.0,1.0,2.0,6.0
1,1.6624094,1.4878713,1.0,1.0,4.0,4.0,4.0,2.0,2.0,3.0,4.0,3.0,2.0,6.0
1,0.9667159,0.9701487,6.0,1.0,7.0,3.0,2.0,1.0,3.0,3.0,2.0,2.0,2.0,7.0
1,1.1473587,1.1479927,6.0,1.0,7.0,2.0,3.0,,,2.0,3.0,2.0,3.0,5.0
1,0.6792454,0.6800517,7.0,1.0,11.0,2.0,2.0,1.0,3.0,1.0,2.0,1.0,2.0,8.0
1,0.9233125,0.9432832,7.0,1.0,10.0,1.0,1.0,4.0,1.0,1.0,2.0,2.0,4.0,2.0
1,1.2034436,1.248026,99.0,3.0,,3.0,2.0,2.0,1.0,3.0,3.0,3.0,2.0,8.0
1,0.7837452,0.7771599,99.0,1.0,7.0,1.0,1.0,1.0,1.0,2.0,1.0,1.0,1.0,7.0
1,0.8613849,0.9434269,4.0,1.0,12.0,2.0,,2.0,2.0,3.0,3.0,,2.0,7.0
1,2.1084595,2.1628618,3.0,3.0,,2.0,3.0,1.0,2.0,1.0,4.0,1.0,3.0,10.0
1,0.7733399,0.7773904,2.0,1.0,7.0,4.0,4.0,3.0,4.0,1.0,4.0,4.0,1.0,5.0
1,0.5201809,0.5225018,10.0,1.0,11.0,1.0,1.0,4.0,1.0,3.0,4.0,2.0,2.0,10.0
1,0.7584528,0.753432,7.0,1.0,7.0,1.0,2.0,2.0,2.0,2.0,2.0,2.0,1.0,6.0
1,0.7227683,0.7242689,99.0,1.0,11.0,2.0,1.0,3.0,1.0,2.0,2.0,2.0,3.0,7.0
1,0.5887574,0.5792857,99.0,1.0,7.0,4.0,4.0,1.0,1.0,3.0,1.0,3.0,1.0,6.0
1,1.3589537,1.4103097,99.0,3.0,,1.0,2.0,3.0,3.0,1.0,2.0,4.0,2.0,5.0
1,0.7475506,0.7371553,7.0,1.0,7.0,2.0,2.0,4.0,2.0,2.0,,1.0,4.0,6.0
1,0.558206,0.5590066,9.0,1.0,11.0,2.0,1.0,4.0,1.0,2.0,1.0,4.0,3.0,9.0
1,0.5501822,0.5469301,9.0,1.0,11.0,1.0,1.0,3.0,3.0,1.0,1.0,2.0,3.0,7.0
1,1.6042223,1.6734699,8.0,3.0,,1.0,1.0,4.0,1.0,1.0,1.0,1.0,4.0,5.0
1,0.5886189,0.5820177,6.0,1.0,9.0,2.0,2.0,3.0,1.0,3.0,3.0,3.0,4.0,5.0
1,1.2444099,1.2390668,7.0,1.0,7.0,1.0,2.0,4.0,2.0,2.0,3.0,2.0,3.0,2.0
1,0.4449751,0.4981012,5.0,1.0,1.0,2.0,2.0,2.0,2.0,3.0,2.0,2.0,2.0,6.0
1,1.6489427,1.7038984,99.0,3.0,,1.0,1.0,,2.0,1.0,2.0,1.0,1.0,
1,0.9219919,0.9190389,7.0,1.0,7.0,2.0,3.0,4.0,1.0,1.0,2.0,2.0,4.0,2.0
1,1.3496381,1.3652327,9.0,1.0,10.0,1.0,1.0,4.0,1.0,1.0,2.0,1.0,3.0,9.0
1,0.519592,0.5208448,8.0,1.0,11.0,2.0,3.0,2.0,2.0,2.0,2.0,1.0,2.0,5.0
1,0.259016,0.2654414,0.0,1.0,2.0,1.0,1.0,4.0,2.0,2.0,3.0,2.0,1.0,8.0
1,1.6364536,1.4786884,99.0,1.0,4.0,1.0,4.0,2.0,1.0,1.0,2.0,1.0,2.0,5.0
1,0.4714922,0.4703214,10.0,1.0,11.0,1.0,1.0,4.0,1.0,1.0,1.0,2.0,4.0,4.0
1,1.2393212,1.2391713,5.0,1.0,9.0,2.0,2.0,3.0,3.0,1.0,4.0,1.0,4.0,5.0
1,0.9947159,1.0313605,99.0,3.0,,4.0,2.0,4.0,3.0,4.0,3.0,3.0,3.0,6.0
1,0.4228479,0.3905644,3.0,1.0,1.0,3.0,4.0,1.0,1.0,4.0,3.0,1.0,2.0,9.0
1,0.4799984,0.476659,10.0,1.0,11.0,1.0,1.0,2.0,1.0,1.0,1.0,1.0,2.0,9.0
1,0.7693427,0.7693362,8.0,1.0,11.0,1.0,1.0,4.0,1.0,1.0,2.0,4.0,3.0,3.0
1,0.5880896,0.5925413,8.0,1.0,11.0,2.0,2.0,2.0,2.0,2.0,2.0,2.0,2.0,8.0
1,0.8708888,0.9703898,2.0,1.0,4.0,3.0,4.0,3.0,3.0,3.0,4.0,3.0,1.0,9.0
1,1.0309356,1.0187436,8.0,1.0,7.0,2.0,,,2.0,2.0,2.0,2.0,4.0,3.0
1,0.4375004,0.3923731,4.0,1.0,3.0,4.0,4.0,2.0,2.0,3.0,3.0,2.0,2.0,6.0
1,1.2344859,1.2860757,6.0,1.0,4.0,2.0,2.0,2.0,,1.0,1.0,2.0,3.0,5.0
1,0.6047096,0.6059896,99.0,1.0,11.0,1.0,1.0,4.0,2.0,2.0,2.0,3.0,1.0,5.0
1,0.6720212,0.6706828,10.0,1.0,11.0,1.0,1.0,4.0,1.0,1.0,4.0,1.0,1.0,0.0
1,0.6562392,0.7525228,9.0,1.0,7.0,1.0,1.0,4.0,1.0,3.0,2.0,2.0,3.0,8.0
1,0.829917,0.8262707,7.0,1.0,7.0,2.0,2.0,3.0,1.0,3.0,1.0,1.0,4.0,0.0
1,0.6448449,0.6142043,3.0,1.0,6.0,4.0,4.0,3.0,3.0,4.0,3.0,3.0,2.0,4.0
1,0.4627084,0.4587017,99.0,1.0,7.0,2.0,2.0,,2.0,,,2.0,2.0,5.0
1,1.0151397,1.0015785,8.0,1.0,7.0,2.0,2.0,3.0,1.0,2.0,2.0,2.0,3.0,7.0
1,0.7072704,0.7004543,6.0,1.0,7.0,1.0,4.0,2.0,1.0,1.0,2.0,4.0,4.0,3.0
1,2.1830578,2.4093621,2.0,1.0,4.0,4.0,4.0,1.0,4.0,4.0,4.0,4.0,1.0,9.0
1,0.4113481,0.4423871,99.0,1.0,5.0,1.0,2.0,4.0,1.0,4.0,1.0,2.0,3.0,10.0
1,1.4665337,1.6259815,3.0,1.0,4.0,4.0,4.0,2.0,4.0,4.0,4.0,2.0,1.0,9.0
1,1.2253431,1.2181892,5.0,1.0,7.0,3.0,4.0,2.0,1.0,3.0,3.0,2.0,4.0,5.0
1,1.0404255,1.0359687,5.0,1.0,11.0,2.0,2.0,2.0,3.0,3.0,2.0,2.0,2.0,5.0
1,2.5965412,2.1701267,5.0,1.0,13.0,2.0,4.0,3.0,2.0,3.0,2.0,3.0,2.0,
1,0.7876516,0.7814227,99.0,1.0,9.0,1.0,3.0,4.0,3.0,1.0,4.0,3.0,2.0,8.0
1,1.1403197,1.1781372,5.0,1.0,13.0,3.0,4.0,4.0,2.0,2.0,4.0,3.0,2.0,8.0
1,0.8416016,0.8412939,9.0,1.0,11.0,1.0,2.0,2.0,2.0,1.0,3.0,2.0,2.0,8.0
1,0.942435,0.979132,99.0,1.0,8.0,1.0,4.0,1.0,4.0,4.0,1.0,1.0,2.0,3.0
1,0.6551996,0.6557053,10.0,1.0,11.0,1.0,1.0,1.0,1.0,2.0,1.0,1.0,2.0,5.0
1,1.1813309,1.0588503,3.0,1.0,4.0,,4.0,,4.0,2.0,4.0,,1.0,5.0
1,1.8808032,1.9444638,3.0,3.0,,3.0,3.0,2.0,2.0,3.0,3.0,4.0,3.0,8.0
1,1.0091267,1.0047178,7.0,1.0,7.0,3.0,4.0,3.0,2.0,2.0,1.0,2.0,4.0,2.0
1,0.2789013,0.2858045,99.0,1.0,2.0,,4.0,,2.0,3.0,3.0,3.0,1.0,5.0
1,0.6351785,0.6605988,3.0,1.0,3.0,1.0,1.0,3.0,1.0,2.0,3.0,1.0,2.0,3.0
1,1.1380951,1.1303675,6.0,1.0,7.0,2.0,1.0,2.0,1.0,3.0,3.0,2.0,2.0,8.0
1,1.3561088,1.4012705,6.0,3.0,,2.0,2.0,2.0,2.0,2.0,2.0,2.0,2.0,7.0
1,1.1097219,1.1446661,99.0,1.0,13.0,1.0,1.0,4.0,1.0,1.0,1.0,4.0,1.0,10.0
1,0.6095601,0.6124311,8.0,1.0,11.0,2.0,1.0,3.0,1.0,3.0,3.0,2.0,3.0,8.0
1,0.6903499,0.6859718,1.0,1.0,7.0,1.0,1.0,1.0,1.0,1.0,1.0,1.0,1.0,3.0
1,0.5333587,0.5043467,6.0,1.0,6.0,2.0,4.0,3.0,1.0,2.0,3.0,3.0,,7.0
1,0.6992698,0.6945286,5.0,1.0,7.0,3.0,4.0,2.0,2.0,3.0,3.0,2.0,3.0,6.0
1,0.4907176,0.5497394,8.0,1.0,8.0,1.0,2.0,4.0,1.0,1.0,1.0,2.0,4.0,0.0
1,0.6686158,0.63095,3.0,1.0,6.0,3.0,4.0,2.0,2.0,3.0,4.0,3.0,2.0,9.0
1,0.6718224,0.6779668,6.0,1.0,11.0,1.0,2.0,4.0,1.0,1.0,1.0,3.0,3.0,3.0
1,0.8506488,0.8530461,8.0,1.0,11.0,1.0,1.0,4.0,1.0,3.0,1.0,2.0,2.0,5.0
1,0.5227983,0.4710484,8.0,1.0,8.0,3.0,2.0,4.0,3.0,2.0,2.0,2.0,4.0,3.0
1,1.2454259,1.2743444,99.0,1.0,13.0,1.0,1.0,4.0,1.0,1.0,1.0,1.0,2.0,6.0
1,1.3029069,1.4302919,2.0,1.0,4.0,4.0,4.0,2.0,4.0,4.0,4.0,4.0,1.0,9.0
1,1.3825164,1.3795046,1.0,1.0,7.0,1.0,2.0,2.0,2.0,2.0,4.0,2.0,1.0,6.0
1,1.88694,1.9372741,7.0,3.0,,2.0,1.0,2.0,2.0,4.0,1.0,2.0,4.0,3.0
1,0.6965965,0.7472804,5.0,1.0,11.0,1.0,3.0,3.0,2.0,2.0,3.0,4.0,2.0,10.0
1,0.731281,0.7274699,7.0,1.0,7.0,2.0,3.0,,2.0,2.0,3.0,,3.0,7.0
1,1.4410926,1.2894224,6.0,1.0,4.0,2.0,3.0,2.0,2.0,2.0,3.0,2.0,3.0,8.0
1,1.2253431,1.2181892,7.0,1.0,7.0,4.0,4.0,2.0,3.0,4.0,3.0,4.0,3.0,7.0
1,1.4390507,1.3934991,5.0,1.0,13.0,,4.0,3.0,2.0,2.0,2.0,2.0,,7.0
1,0.4127795,0.455644,5.0,1.0,3.0,3.0,4.0,4.0,4.0,3.0,4.0,3.0,2.0,10.0
1,0.9078652,0.9035536,6.0,1.0,7.0,3.0,3.0,2.0,1.0,3.0,1.0,2.0,3.0,7.0
1,1.2295357,1.3564728,4.0,1.0,12.0,3.0,3.0,3.0,2.0,2.0,3.0,2.0,2.0,4.0
1,0.933,0.8424357,7.0,1.0,8.0,3.0,4.0,3.0,1.0,3.0,2.0,2.0,2.0,8.0
1,0.7009232,0.701099,99.0,1.0,7.0,1.0,1.0,2.0,2.0,2.0,,,2.0,8.0
1,0.9245191,0.9179861,99.0,1.0,11.0,2.0,3.0,3.0,1.0,2.0,4.0,1.0,3.0,10.0
1,1.0458075,1.0614258,10.0,1.0,10.0,1.0,2.0,3.0,1.0,1.0,2.0,3.0,2.0,6.0
1,0.323886,0.3588125,3.0,1.0,3.0,4.0,4.0,2.0,4.0,3.0,2.0,3.0,2.0,4.0
1,1.1670579,1.2894224,4.0,1.0,4.0,2.0,4.0,3.0,2.0,2.0,3.0,2.0,2.0,4.0
1,1.1407895,1.135873,6.0,1.0,7.0,2.0,4.0,2.0,3.0,1.0,3.0,2.0,2.0,8.0
1,0.9182295,0.8570346,6.0,1.0,6.0,4.0,4.0,3.0,4.0,4.0,2.0,4.0,3.0,7.0
1,0.662824,0.6629581,10.0,1.0,11.0,1.0,1.0,4.0,1.0,1.0,3.0,3.0,2.0,5.0
1,2.603543,2.1628618,2.0,1.0,,4.0,3.0,1.0,2.0,4.0,3.0,4.0,2.0,5.0
1,0.8941641,0.8826193,6.0,1.0,7.0,3.0,4.0,3.0,,4.0,2.0,2.0,,5.0
1,1.2757211,1.258471,7.0,1.0,7.0,3.0,1.0,2.0,1.0,3.0,1.0,2.0,3.0,7.0
1,0.610261,0.608754,99.0,1.0,11.0,1.0,1.0,3.0,1.0,1.0,4.0,1.0,1.0,10.0
1,0.5863248,0.5879988,9.0,1.0,9.0,1.0,2.0,3.0,3.0,2.0,2.0,2.0,2.0,7.0
1,2.0022469,2.0659242,99.0,1.0,13.0,1.0,1.0,3.0,1.0,3.0,3.0,3.0,3.0,6.0
1,0.8918801,0.9749465,1.0,1.0,4.0,4.0,4.0,1.0,3.0,4.0,3.0,4.0,2.0,6.0
1,1.878419,1.9484236,99.0,1.0,13.0,,4.0,,3.0,4.0,,4.0,,5.0
1,1.5824046,1.7518835,2.0,1.0,4.0,4.0,4.0,,,3.0,3.0,3.0,2.0,8.0
1,1.5959338,1.7767872,3.0,1.0,4.0,1.0,3.0,1.0,,2.0,2.0,2.0,3.0,7.0
1,1.0725672,1.1092108,,1.0,13.0,2.0,2.0,3.0,1.0,3.0,2.0,2.0,1.0,10.0
1,0.921279,0.9546601,8.0,3.0,,1.0,1.0,,4.0,2.0,2.0,2.0,3.0,6.0
1,1.3274362,1.1935264,2.0,1.0,4.0,4.0,4.0,1.0,4.0,4.0,4.0,4.0,1.0,8.0
1,0.9918718,0.9811085,5.0,1.0,7.0,2.0,1.0,2.0,2.0,2.0,1.0,1.0,,7.0
1,1.7893778,1.7818092,7.0,1.0,7.0,3.0,4.0,3.0,3.0,3.0,3.0,2.0,3.0,8.0
1,0.8243979,0.8265251,9.0,1.0,11.0,1.0,1.0,4.0,1.0,1.0,1.0,2.0,3.0,8.0
1,0.434879,0.435476,9.0,1.0,11.0,1.0,1.0,2.0,1.0,2.0,1.0,1.0,2.0,9.0
1,1.0309356,1.0187436,7.0,1.0,7.0,1.0,3.0,2.0,2.0,2.0,2.0,3.0,3.0,2.0
1,0.6267017,0.6314165,6.0,2.0,,2.0,2.0,3.0,2.0,3.0,3.0,2.0,2.0,8.0
1,0.7954293,0.7493285,5.0,1.0,6.0,3.0,4.0,2.0,2.0,3.0,2.0,2.0,2.0,5.0
1,1.2692729,1.3977484,0.0,1.0,4.0,3.0,4.0,2.0,4.0,4.0,4.0,4.0,1.0,10.0
1,1.3158884,1.3522519,99.0,1.0,13.0,,,,2.0,2.0,3.0,,,5.0
1,0.9226399,0.9265318,5.0,1.0,7.0,2.0,3.0,2.0,1.0,2.0,2.0,1.0,2.0,5.0
1,1.055846,1.0437534,2.0,1.0,7.0,1.0,2.0,2.0,2.0,2.0,1.0,2.0,2.0,8.0
1,0.9589528,0.8883274,5.0,1.0,5.0,3.0,4.0,4.0,1.0,2.0,1.0,4.0,3.0,0.0
1,0.267628,0.2940121,3.0,1.0,3.0,4.0,4.0,4.0,4.0,4.0,4.0,4.0,1.0,8.0
1,1.1786574,1.1710662,99.0,2.0,,2.0,1.0,1.0,3.0,4.0,2.0,4.0,1.0,7.0
1,0.6227764,0.6917953,99.0,1.0,8.0,,,2.0,1.0,3.0,,,,5.0
1,1.1224186,1.1544323,4.0,3.0,,1.0,3.0,2.0,2.0,1.0,3.0,1.0,1.0,5.0
1,0.8718514,0.8790633,9.0,1.0,10.0,1.0,1.0,4.0,1.0,1.0,2.0,2.0,3.0,8.0
1,0.5896181,0.5896225,99.0,1.0,7.0,3.0,4.0,2.0,4.0,2.0,3.0,3.0,1.0,9.0
1,0.9221026,0.9128086,5.0,1.0,7.0,3.0,4.0,2.0,1.0,3.0,2.0,2.0,3.0,7.0
1,1.0882815,1.1084599,10.0,1.0,10.0,1.0,1.0,4.0,1.0,1.0,3.0,1.0,3.0,8.0
1,1.5676385,1.7282766,3.0,1.0,4.0,3.0,4.0,2.0,2.0,4.0,3.0,4.0,1.0,7.0
1,0.72206,0.7202092,9.0,1.0,11.0,1.0,1.0,3.0,1.0,1.0,1.0,1.0,4.0,5.0
1,0.6167747,0.5755278,3.0,1.0,5.0,4.0,4.0,1.0,2.0,3.0,,4.0,2.0,7.0
1,0.898295,0.8935421,8.0,1.0,11.0,2.0,4.0,4.0,2.0,2.0,2.0,3.0,3.0,4.0
1,0.8513087,0.8459737,99.0,1.0,7.0,3.0,4.0,2.0,2.0,2.0,2.0,2.0,3.0,9.0
1,0.6927187,0.749657,7.0,1.0,6.0,2.0,2.0,3.0,2.0,2.0,1.0,2.0,3.0,8.0
1,1.7025716,1.6459684,7.0,3.0,,1.0,1.0,2.0,1.0,1.0,4.0,3.0,2.0,6.0
1,1.1259909,1.1147949,10.0,1.0,7.0,2.0,3.0,,2.0,3.0,2.0,2.0,1.0,5.0
1,0.7996737,0.7962371,6.0,1.0,7.0,2.0,2.0,3.0,3.0,2.0,3.0,2.0,3.0,4.0
1,0.5668952,0.5711182,99.0,1.0,11.0,1.0,1.0,3.0,1.0,1.0,,3.0,2.0,10.0
1,0.9471128,0.9494198,99.0,1.0,11.0,1.0,1.0,2.0,4.0,2.0,1.0,2.0,1.0,0.0
1,0.6795712,0.6817381,6.0,1.0,7.0,3.0,3.0,2.0,3.0,2.0,3.0,2.0,2.0,7.0
1,0.6269052,0.6226312,99.0,1.0,7.0,1.0,3.0,4.0,1.0,1.0,1.0,1.0,4.0,5.0
1,0.8451409,0.8394687,7.0,1.0,11.0,2.0,2.0,4.0,2.0,2.0,2.0,2.0,4.0,7.0
1,0.8104789,0.8105531,7.0,1.0,7.0,2.0,2.0,2.0,2.0,3.0,3.0,3.0,,5.0
1,1.2563102,1.2696787,10.0,1.0,10.0,1.0,1.0,4.0,1.0,1.0,2.0,1.0,4.0,3.0
1,1.6014434,1.4407165,2.0,1.0,4.0,2.0,1.0,2.0,1.0,2.0,2.0,2.0,2.0,6.0
1,1.3086601,1.3527207,3.0,1.0,13.0,3.0,4.0,2.0,3.0,3.0,4.0,2.0,2.0,
1,0.8338653,0.8360704,,1.0,7.0,3.0,2.0,2.0,2.0,4.0,2.0,2.0,2.0,6.0
1,0.6203065,0.6235556,6.0,1.0,11.0,1.0,1.0,3.0,1.0,2.0,1.0,1.0,1.0,5.0
1,0.432825,0.4030113,6.0,1.0,5.0,2.0,1.0,2.0,2.0,1.0,2.0,2.0,2.0,4.0
1,0.7376508,0.7314432,8.0,1.0,7.0,1.0,3.0,4.0,1.0,1.0,2.0,2.0,3.0,7.0
1,1.7389013,1.5542032,2.0,1.0,4.0,4.0,4.0,2.0,4.0,3.0,4.0,3.0,2.0,7.0
1,0.8104789,0.8105531,7.0,1.0,7.0,2.0,4.0,2.0,1.0,3.0,2.0,3.0,2.0,3.0
1,0.846472,0.838892,10.0,1.0,11.0,1.0,1.0,4.0,1.0,3.0,3.0,1.0,4.0,2.0
1,0.5309426,0.5836944,1.0,1.0,3.0,4.0,4.0,2.0,1.0,3.0,3.0,4.0,2.0,8.0
1,1.1570412,1.1727959,10.0,1.0,10.0,1.0,1.0,3.0,1.0,2.0,3.0,1.0,4.0,5.0
1,0.5548311,0.6478066,3.0,1.0,6.0,4.0,4.0,2.0,3.0,4.0,1.0,4.0,2.0,9.0
1,0.5899813,0.5886381,8.0,1.0,11.0,1.0,1.0,4.0,1.0,2.0,2.0,2.0,4.0,5.0
1,1.132507,1.1116121,5.0,1.0,7.0,3.0,4.0,2.0,2.0,4.0,3.0,3.0,3.0,8.0
1,1.5633669,1.5846845,99.0,1.0,10.0,1.0,1.0,4.0,1.0,1.0,3.0,2.0,3.0,7.0
1,0.4263926,0.4298719,6.0,1.0,11.0,1.0,2.0,2.0,2.0,2.0,3.0,1.0,2.0,7.0
1,0.7860556,0.7097045,2.0,1.0,3.0,2.0,4.0,,,2.0,3.0,3.0,2.0,8.0
1,0.4352164,0.4318656,5.0,1.0,7.0,3.0,4.0,4.0,2.0,3.0,3.0,2.0,3.0,5.0
1,1.5315334,1.5810611,99.0,3.0,,1.0,1.0,3.0,4.0,3.0,1.0,1.0,4.0,
1,0.5282751,0.5314565,7.0,1.0,11.0,2.0,2.0,3.0,2.0,1.0,3.0,2.0,2.0,8.0
1,0.5345236,0.5377802,5.0,1.0,11.0,1.0,1.0,1.0,,3.0,1.0,2.0,1.0,5.0
1,0.4998275,0.5007858,6.0,1.0,11.0,2.0,2.0,2.0,2.0,2.0,2.0,2.0,2.0,7.0
1,0.662824,0.6629581,99.0,1.0,11.0,1.0,2.0,3.0,2.0,1.0,2.0,2.0,2.0,6.0
1,0.6893131,0.6233175,7.0,1.0,8.0,1.0,1.0,4.0,2.0,1.0,2.0,1.0,2.0,6.0
1,0.7262747,0.724823,6.0,1.0,7.0,2.0,3.0,3.0,2.0,3.0,3.0,1.0,3.0,7.0
1,0.9216388,0.7986663,99.0,1.0,9.0,3.0,4.0,2.0,4.0,3.0,4.0,2.0,2.0,
1,0.5693311,0.5705855,7.0,1.0,11.0,1.0,3.0,4.0,1.0,2.0,4.0,4.0,4.0,10.0
1,0.777613,0.7800832,8.0,1.0,11.0,1.0,1.0,4.0,1.0,1.0,3.0,1.0,2.0,5.0
1,1.2663741,1.3123697,9.0,3.0,,1.0,2.0,3.0,2.0,1.0,1.0,4.0,4.0,8.0
1,0.3101965,0.3585597,3.0,1.0,5.0,4.0,4.0,2.0,3.0,3.0,2.0,3.0,2.0,7.0
1,0.7162465,0.7195774,8.0,1.0,7.0,2.0,2.0,3.0,1.0,1.0,2.0,3.0,3.0,8.0
1,0.982049,0.9761735,7.0,1.0,7.0,3.0,2.0,3.0,2.0,2.0,3.0,2.0,3.0,7.0
1,1.1375663,1.1330867,99.0,1.0,7.0,2.0,1.0,1.0,1.0,2.0,1.0,3.0,3.0,8.0
1,0.9764976,0.8783329,99.0,1.0,12.0,2.0,1.0,2.0,1.0,2.0,3.0,1.0,2.0,7.0
1,0.8335024,0.8247572,8.0,1.0,11.0,1.0,1.0,3.0,1.0,1.0,1.0,1.0,2.0,6.0
1,1.6046971,1.6554903,5.0,3.0,,2.0,3.0,3.0,3.0,2.0,2.0,2.0,2.0,5.0
1,0.6146008,0.6092113,9.0,1.0,11.0,2.0,2.0,2.0,1.0,2.0,3.0,1.0,1.0,7.0
1,1.5249523,1.5755292,3.0,1.0,4.0,1.0,4.0,2.0,1.0,2.0,4.0,1.0,3.0,8.0
1,0.6137925,0.607016,7.0,1.0,11.0,1.0,2.0,,2.0,3.0,,1.0,2.0,7.0
1,1.0119859,1.0071884,7.0,1.0,7.0,3.0,3.0,2.0,2.0,3.0,3.0,2.0,3.0,5.0
1,0.813661,0.8615882,5.0,1.0,9.0,2.0,3.0,3.0,2.0,2.0,3.0,2.0,3.0,5.0
1,0.7380856,0.812017,6.0,1.0,12.0,3.0,1.0,2.0,1.0,3.0,1.0,2.0,3.0,8.0
1,1.2923757,1.2744731,4.0,1.0,7.0,3.0,4.0,4.0,3.0,3.0,3.0,1.0,3.0,0.0
1,1.5924284,1.580752,5.0,1.0,7.0,4.0,4.0,2.0,3.0,4.0,2.0,4.0,3.0,5.0
1,0.369013,0.3247104,2.0,1.0,2.0,4.0,4.0,3.0,2.0,4.0,3.0,3.0,2.0,5.0
1,0.7021068,0.6312505,9.0,1.0,8.0,1.0,,4.0,2.0,2.0,4.0,3.0,4.0,5.0
1,1.7482804,1.755724,99.0,1.0,10.0,1.0,1.0,4.0,1.0,1.0,2.0,3.0,3.0,7.0
1,0.9825432,1.0567403,99.0,1.0,11.0,2.0,1.0,1.0,1.0,3.0,1.0,4.0,1.0,5.0
1,1.0716068,1.0897831,7.0,1.0,10.0,2.0,2.0,3.0,2.0,3.0,2.0,3.0,2.0,8.0
1,0.7784425,0.7784904,7.0,1.0,11.0,1.0,1.0,1.0,1.0,2.0,2.0,1.0,4.0,0.0
1,0.563808,0.5629232,4.0,1.0,7.0,2.0,4.0,1.0,1.0,2.0,2.0,2.0,2.0,5.0
1,1.5338776,1.5339172,5.0,1.0,7.0,2.0,4.0,3.0,2.0,2.0,3.0,1.0,3.0,7.0
1,0.6898147,0.6917065,7.0,1.0,11.0,2.0,1.0,3.0,1.0,2.0,2.0,1.0,4.0,7.0
1,1.8202509,1.8360099,99.0,1.0,10.0,2.0,2.0,1.0,2.0,2.0,3.0,1.0,2.0,5.0
1,1.3796878,1.3832114,9.0,1.0,10.0,3.0,2.0,2.0,2.0,2.0,2.0,2.0,2.0,8.0
1,0.9933708,0.9985168,7.0,1.0,7.0,3.0,4.0,2.0,2.0,3.0,2.0,3.0,4.0,2.0
1,1.7485384,1.7897222,99.0,1.0,13.0,3.0,3.0,3.0,3.0,3.0,3.0,3.0,3.0,5.0
1,0.6775646,0.6446998,4.0,1.0,6.0,4.0,4.0,2.0,3.0,3.0,2.0,3.0,2.0,6.0
1,0.2368482,0.2600181,0.0,1.0,2.0,3.0,4.0,2.0,3.0,3.0,4.0,4.0,1.0,10.0
1,0.9170004,1.0569367,2.0,1.0,6.0,4.0,4.0,2.0,4.0,4.0,4.0,4.0,1.0,10.0
1,0.5741505,0.5719148,99.0,1.0,11.0,2.0,4.0,4.0,2.0,2.0,2.0,4.0,2.0,4.0
1,0.4466591,0.480409,4.0,1.0,6.0,1.0,1.0,4.0,1.0,2.0,2.0,1.0,2.0,7.0
1,1.1803116,1.1904117,10.0,1.0,10.0,1.0,1.0,4.0,1.0,1.0,3.0,3.0,2.0,10.0
1,0.9845401,0.9892018,5.0,1.0,7.0,3.0,4.0,2.0,1.0,4.0,3.0,1.0,2.0,7.0
1,0.938905,0.9337187,3.0,1.0,11.0,1.0,1.0,3.0,2.0,2.0,3.0,3.0,2.0,5.0
1,1.36471,1.5133311,2.0,1.0,4.0,,4.0,3.0,3.0,3.0,,,2.0,5.0
1,0.6877977,0.6880531,99.0,1.0,9.0,1.0,3.0,2.0,1.0,2.0,2.0,2.0,3.0,10.0
1,0.5600587,0.5630965,99.0,1.0,11.0,1.0,2.0,,2.0,2.0,2.0,2.0,4.0,
1,0.4907808,0.4890635,99.0,1.0,9.0,2.0,3.0,3.0,1.0,3.0,2.0,2.0,2.0,9.0
1,1.8905903,1.5982324,7.0,1.0,13.0,2.0,1.0,4.0,1.0,3.0,3.0,3.0,3.0,8.0
1,1.2747345,1.3072484,99.0,1.0,,2.0,,3.0,2.0,2.0,2.0,2.0,1.0,10.0
1,0.946034,0.9452358,3.0,1.0,7.0,4.0,3.0,,3.0,3.0,2.0,3.0,2.0,5.0
1,0.7770814,0.7744097,9.0,1.0,11.0,1.0,1.0,2.0,1.0,1.0,2.0,1.0,1.0,9.0
1,0.9583401,1.0231844,99.0,2.0,,2.0,2.0,1.0,2.0,2.0,3.0,1.0,1.0,7.0
1,0.7951866,0.7882034,10.0,1.0,11.0,2.0,2.0,2.0,1.0,2.0,2.0,2.0,2.0,5.0
1,0.610261,0.608754,,1.0,11.0,2.0,2.0,3.0,2.0,2.0,3.0,2.0,3.0,7.0
1,0.4354595,0.387438,2.0,1.0,3.0,4.0,4.0,2.0,4.0,4.0,4.0,3.0,1.0,9.0
1,1.2757211,1.258471,3.0,1.0,7.0,4.0,4.0,1.0,4.0,4.0,4.0,4.0,1.0,5.0
