Poids,Poids1,nou1,r36a,r36ab,r36,q27_i1,q27_i2,q27_i3,q27_i16,q27_i13,n43_i4,n43_i5,n43_i6,nou10_i4,nou10_i2,q27_i8,q27_i17,q27_i14,q31,q32,nou10_i1,nou7
1.1520826,1.2089366,8,1,7,7,2,2,3,3,3,2,3,3,2,3,2,3,3,3,2,3,1
0.8867798,0.9046263,6,1,7,6,3,1,1,4,1,1,2,3,1,4,1,3,3,3,1,1,2
1.0347681,1.1077781,4,1,3,4,4,3,4,2,3,3,3,2,3,4,1,2,2,2,1,2,1
1.0716033,0.8643808,4,1,5,4,4,4,4,4,2,3,4,1,3,4,3,1,3,1,1,4,2
1.0345162,1.0289285,6,1,7,4,2,2,4,4,3,1,2,4,1,3,2,3,2,2,2,3,2
0.9930898,1.0504749,5,1,7,7,3,3,2,3,2,3,3,2,3,4,3,1,4,5,4,4,2
0.9544691,0.9288312,9,1,9,7,2,1,1,2,1,1,1,4,1,4,2,3,2,4,2,1,1
0.8795698,1.0295436,2,1,3,3,4,3,4,5,3,3,4,2,4,4,3,5,5,2,2,3,3
1.071398,0.7852889,7,1,5,6,2,2,3,2,2,3,4,3,4,4,2,2,4,1,1,4,1
0.9742907,1.0365295,7,1,7,8,5,2,5,3,2,2,5,2,2,4,2,5,1,3,2,2,1
0.9744866,1.0910474,1,1,3,3,4,2,4,1,2,1,4,3,2,4,3,2,4,2,1,3,2
1.0386405,0.7896774,5,1,5,6,4,3,1,4,2,2,2,2,2,2,2,2,3,2,1,2,1
0.9742907,1.0825568,7,1,3,6,2,2,3,2,3,2,3,2,3,4,3,1,2,3,2,3,2
0.9313255,0.5799151,4,1,4,4,4,3,4,1,2,3,3,2,3,4,5,3,4,2,2,2,2
1.0513716,0.8665666,2,1,1,3,5,3,3,3,1,3,3,2,3,3,2,2,3,2,1,3,1
1.3891511,1.2695597,7,1,7,7,3,2,2,3,2,2,2,2,2,4,2,3,2,3,1,2,1
0.9798365,0.923913,5,1,7,6,2,2,3,3,3,3,3,2,3,4,2,3,2,3,3,3,1
1.1034361,1.1755824,8,1,7,7,4,2,4,4,2,1,4,3,4,4,1,3,4,4,3,1,1
0.9719698,0.99259,7,1,7,7,1,2,3,2,2,2,3,3,3,3,2,2,2,3,3,3,2
1.0361664,1.0398568,5,1,7,6,3,2,1,4,2,3,3,2,3,3,3,2,2,2,1,3,2
0.9880763,0.9432725,10,1,7,7,1,1,1,2,1,1,2,4,1,4,1,4,2,3,2,1,1
0.9211462,0.9737002,8,1,7,7,2,2,3,4,2,2,2,3,1,3,2,3,2,4,2,3,1
0.9467089,0.7790985,5,1,5,4,4,2,4,2,2,4,3,2,3,4,3,3,3,3,2,3,1
0.9544691,0.7149668,4,1,5,4,4,4,4,1,3,4,4,2,4,4,2,4,4,2,2,3,1
0.8795698,0.5760459,2,1,4,5,4,4,4,5,5,3,4,2,4,4,3,2,3,2,1,5,2
0.9433745,1.0027571,1,1,3,3,4,4,4,2,2,4,4,1,4,4,4,1,4,1,1,4,2
0.9458172,0.7348452,3,1,5,4,4,4,3,3,3,3,4,1,4,4,3,2,3,2,1,2,1
0.968088,1.9190841,5,3,14,12,3,5,3,5,3,5,5,5,2,2,3,5,5,1,3,2,1
0.9364864,0.9028723,6,1,9,9,1,1,1,3,1,1,1,4,1,1,1,2,1,3,2,2,2
0.9742907,0.7537826,5,1,5,4,4,3,4,1,3,3,4,2,4,4,2,2,3,3,2,5,1
0.982778,0.7928768,3,1,5,4,4,2,3,2,2,3,3,3,3,4,3,2,3,2,2,3,1
0.9551646,0.8661311,8,1,9,9,1,1,4,1,2,1,1,4,1,4,4,1,4,2,1,4,2
0.8754923,0.774478,5,1,6,11,4,4,3,3,2,4,4,1,4,4,4,2,3,3,1,2,1
1.0388494,1.1430027,3,1,3,3,4,2,2,3,3,1,3,2,3,4,4,2,3,2,2,3,1
1.00974,1.7754595,3,3,14,6,4,2,4,4,2,3,4,2,3,4,2,1,3,1,1,4,2
1.0421098,2.0139966,99,1,12,11,1,1,4,1,1,1,4,2,1,4,1,4,1,4,1,1,2
0.8797467,0.5805638,3,1,4,4,4,3,4,3,3,4,3,2,4,4,3,2,4,2,2,3,2
1.056374,1.1003003,99,1,7,7,3,2,3,2,2,2,2,3,2,4,2,2,3,3,1,3,2
0.9798365,0.9649395,4,1,3,3,4,2,2,3,2,1,4,2,3,4,2,1,3,2,1,4,2
1.0626799,1.1703352,5,1,3,3,2,1,1,4,1,1,1,4,1,4,2,1,4,2,1,4,2
1.2272216,2.1234455,5,1,12,9,4,1,4,2,1,2,2,3,2,2,4,4,4,1,1,3,1
1.0603949,1.8795154,99,1,12,13,1,2,4,3,3,3,4,3,1,4,1,1,3,1,1,4,2
0.8947826,0.7701724,99,1,9,3,1,1,3,1,2,1,3,3,1,4,3,1,3,2,1,4,2
0.936287,0.8985264,7,1,7,13,1,1,1,4,2,1,1,3,1,4,1,3,1,4,1,2,1
1.0716134,1.0883234,7,1,7,7,4,3,3,3,1,2,3,2,3,4,1,4,3,4,2,1,1
1.1154897,1.1836797,3,1,3,3,4,4,4,2,3,3,3,2,4,4,4,2,3,3,1,3,2
1.030485,1.8248101,99,1,16,14,5,2,5,5,2,2,5,5,5,3,5,5,5,5,4,5,3
1.3247212,2.1884956,5,3,14,13,2,2,2,2,2,2,2,2,2,2,2,2,2,4,3,2,2
0.9917358,0.8591375,8,1,8,8,5,2,3,3,3,2,3,3,3,4,2,2,3,3,2,4,2
1.0547216,0.9481072,9,1,9,9,2,2,1,4,3,1,1,2,1,3,1,2,1,1,2,2,2
0.9213314,0.5734552,4,1,4,4,1,1,4,2,2,2,4,2,1,3,2,2,2,1,1,2,2
1.4297676,0.7000986,1,1,2,5,3,3,2,3,1,3,4,2,4,2,3,1,4,2,1,4,1
0.9791359,0.6969966,99,1,5,7,2,1,3,2,2,1,1,4,1,4,2,2,2,2,2,4,1
0.9908339,0.7276109,4,1,5,6,3,2,3,2,2,3,4,2,2,4,2,2,2,3,1,2,1
1.0171497,0.9593447,99,1,9,9,2,2,2,3,2,3,2,3,2,3,2,2,2,2,1,3,2
1.0232494,0.9986413,10,1,9,7,1,1,1,4,1,1,1,4,1,4,1,1,3,4,1,2,1
1.00974,1.0053937,2,1,3,5,4,4,4,1,2,2,4,1,3,4,1,2,5,2,1,4,2
1.0031099,0.5603047,99,1,4,3,4,4,3,3,2,4,4,1,4,4,3,2,3,3,2,3,2
1.1286525,0.9650882,10,1,9,9,1,1,4,1,2,1,1,4,1,4,4,1,3,2,1,4,2
1.0131774,1.1303633,99,1,7,5,4,3,4,1,1,4,4,3,4,4,1,4,2,4,3,2,1
1.001492,0.9891644,7,1,7,6,4,3,1,4,2,3,3,2,3,4,2,3,2,2,2,2,1
0.8452609,0.4993514,3,1,4,13,4,3,4,2,3,3,4,1,3,4,3,2,3,2,2,3,2
1.0176038,0.6317995,99,1,4,6,4,3,5,4,2,3,3,2,3,4,3,1,4,2,2,3,2
1.0804024,1.6379777,99,1,11,8,5,5,3,3,3,4,5,5,2,1,2,5,3,3,3,1,2
0.96628,0.6287772,2,1,4,3,4,4,3,3,2,4,4,2,4,4,3,2,3,2,1,3,2
0.9851317,0.5341818,1,1,2,2,4,3,3,4,2,3,4,1,4,4,4,1,3,1,1,4,2
0.9744866,1.0446591,9,1,7,9,2,1,1,4,3,1,1,4,2,4,2,3,2,4,2,2,1
1.0386405,1.1341078,1,1,3,3,4,4,4,1,3,4,4,1,4,4,4,1,4,1,1,4,2
0.9744866,0.7596945,4,1,5,4,4,2,4,1,2,2,2,2,2,4,1,3,2,4,2,2,1
0.9723843,0.9641594,5,1,9,6,2,2,3,4,2,3,2,2,2,3,3,2,3,2,1,3,2
1.0412812,0.927214,99,1,9,9,1,1,4,4,1,1,1,4,1,4,4,1,1,1,1,4,2
0.9723843,1.0658658,5,1,3,4,3,2,2,4,2,3,3,2,3,3,4,2,3,2,2,3,2
0.9808608,0.6174901,4,1,4,4,4,3,2,3,3,4,3,2,3,4,3,2,3,2,2,3,2
1.1000972,1.07512,5,1,7,7,4,2,4,5,1,2,1,3,1,4,1,1,5,2,4,2,1
1.0325358,0.7535413,3,1,5,4,3,2,3,2,3,2,3,3,2,4,3,2,2,3,1,3,1
0.9303262,0.4784118,5,1,2,13,2,2,2,2,2,2,2,2,2,2,2,2,2,1,2,2,1
0.8824031,1.5563691,1,3,14,12,4,4,1,4,2,3,4,2,3,4,3,1,3,2,1,3,2
0.8142806,0.7072741,6,1,9,9,2,2,2,2,2,2,2,2,2,2,2,2,2,3,2,2,2
0.9723596,1.7555991,10,4,16,7,1,1,1,4,2,1,3,4,1,4,1,2,4,3,1,5,1
1.0759215,0.8176163,5,1,5,7,4,2,4,3,2,2,3,2,3,4,1,3,3,2,1,1,1
1.0109707,1.0188472,99,1,9,9,1,1,1,4,1,1,1,4,1,3,3,2,2,1,1,3,2
0.9180266,0.7238615,4,1,5,4,4,3,4,2,3,4,4,2,4,4,2,3,4,4,2,2,1
1.1186042,0.8631549,2,1,5,4,4,3,4,2,2,3,3,2,3,4,3,2,2,3,2,2,1
0.9939981,1.0537302,8,1,9,9,1,1,1,4,1,1,2,4,3,3,1,1,2,4,1,2,1
0.8875076,0.6460164,6,1,5,13,4,4,4,2,4,4,4,1,4,4,4,2,4,1,1,4,2
0.9861222,0.7229545,7,1,5,13,4,2,4,3,3,4,4,3,1,4,1,3,1,3,2,4,2
0.9851317,1.5486224,1,1,11,5,4,4,4,2,2,4,4,1,4,4,4,1,4,1,1,4,2
1.0188279,1.1134317,4,1,3,3,1,1,4,1,3,1,2,4,1,4,3,1,4,1,1,4,2
0.9467089,1.0713416,7,1,7,7,3,3,2,4,2,2,3,2,4,4,3,3,2,3,2,2,1
1.0317994,1.0393872,99,1,9,4,1,1,4,2,2,1,3,3,2,4,2,2,3,2,1,2,2
0.9809282,0.6947665,6,1,5,4,2,2,4,2,3,3,3,2,3,4,3,2,3,2,2,3,2
0.9647016,1.7345399,99,3,14,11,2,5,4,3,2,2,3,5,3,3,3,2,2,3,2,3,2
1.0176038,0.6317995,2,1,4,6,4,4,4,4,4,4,4,1,4,4,4,1,4,1,1,4,2
1.0287199,0.6091039,99,1,4,4,1,2,4,3,3,2,2,2,2,2,3,1,3,1,1,4,2
0.9856949,0.9812872,10,1,9,9,1,1,2,4,1,1,1,1,1,2,3,1,3,3,1,4,2
0.9185315,0.7429909,4,1,5,7,4,2,4,2,2,3,3,2,3,3,2,3,3,2,2,2,1
0.9798365,0.6718858,6,1,5,7,4,2,4,3,2,2,3,2,2,4,3,2,3,2,2,3,2
0.9963479,0.7295303,4,1,5,4,4,3,4,3,2,2,3,2,3,3,3,2,5,3,1,3,2
1.0178083,2.0097148,3,4,16,4,4,3,4,2,2,4,3,2,3,4,2,2,4,2,1,3,2
0.9303262,0.7341539,5,2,15,3,3,3,2,4,3,4,3,2,3,3,4,3,2,2,2,2,2
1.0261487,0.8339918,4,1,5,4,3,3,3,5,2,3,2,2,2,3,4,2,3,2,1,5,2
0.936287,0.6534243,5,1,5,13,4,3,4,1,3,4,4,1,4,4,2,3,3,4,2,2,1
0.9851317,1.8575064,6,1,12,12,2,2,2,2,2,2,2,2,2,2,2,2,2,2,1,2,1
1.4341975,1.2104633,5,1,9,9,3,2,2,2,3,3,3,3,2,3,3,2,2,3,2,3,1
0.8709962,0.6150828,3,1,5,4,4,3,4,2,2,3,3,3,4,3,4,2,4,2,1,3,1
1.0376482,1.8852791,5,3,14,12,2,2,5,3,2,3,3,2,2,3,2,5,2,2,2,2,1
0.9495674,0.6617481,2,1,5,4,4,4,4,1,2,4,4,2,4,4,3,3,3,2,2,3,2
1.0125592,0.7331464,99,1,5,11,2,3,4,4,2,4,4,2,3,3,4,3,2,2,2,2,1
0.9498106,0.7650959,5,1,5,6,4,4,4,4,1,4,4,1,4,4,2,3,4,2,1,2,1
0.9588186,0.741937,3,1,5,1,4,4,4,1,4,4,4,1,5,3,4,4,4,2,1,3,2
1.0261052,0.8153726,7,1,5,7,1,3,4,2,1,3,3,2,4,4,2,5,1,2,2,2,2
0.8795698,0.9857703,9,1,7,7,1,2,3,3,2,1,3,2,2,4,2,2,2,3,2,1,1
0.8797467,0.9935017,5,1,7,6,3,2,3,4,2,1,1,3,2,4,1,3,1,4,2,1,1
0.9590114,0.7477561,8,1,5,7,3,1,4,4,3,1,1,4,1,2,3,1,2,1,1,4,1
0.9800428,1.0735264,0,1,3,3,4,4,4,1,3,4,4,1,4,4,4,2,4,1,1,4,2
0.9217963,1.3635325,5,1,11,6,2,2,4,5,3,3,3,2,3,4,2,2,2,3,1,2,1
0.982778,0.7928768,5,1,5,4,4,2,4,2,2,2,3,2,2,4,3,1,3,2,1,3,2
0.9258747,0.6765252,5,1,5,3,2,1,4,1,2,1,2,3,2,4,3,1,2,1,1,4,2
0.982778,1.0902883,6,1,7,7,3,1,3,4,2,1,3,4,3,2,2,3,2,4,2,1,1
1.0264724,0.8642707,10,1,9,9,3,1,4,2,3,1,1,3,1,4,3,3,1,3,3,4,2
0.9139059,1.7197428,99,1,13,11,3,2,3,2,2,2,2,3,2,3,2,2,3,3,2,2,1
0.8753163,0.9067121,9,1,7,7,2,2,2,4,1,1,3,3,3,3,1,2,2,3,1,3,2
0.8754923,1.6854116,5,3,14,6,4,3,3,3,2,2,4,2,4,4,3,3,3,3,2,2,1
1.2002275,1.1334016,2,1,3,6,4,3,3,2,3,3,4,2,3,4,3,3,3,3,2,3,1
0.8753163,0.659377,5,1,5,12,3,2,5,3,2,2,5,5,3,4,1,3,5,3,1,5,1
1.0543427,1.9774429,5,3,14,3,4,2,1,4,1,4,4,1,1,4,3,1,2,1,1,4,2
0.9717745,1.5143833,99,1,11,11,4,2,4,3,2,3,4,2,3,4,3,3,3,3,1,2,1
0.9682826,1.0486807,6,1,7,7,3,2,5,5,2,2,3,3,5,4,2,5,2,3,2,2,2
0.9235314,1.0247784,8,1,7,7,2,1,2,4,2,1,2,3,3,3,2,2,2,3,1,4,1
1.0345602,0.7653415,6,1,5,4,4,2,4,3,2,3,4,2,3,3,2,2,2,2,1,3,2
0.8772982,0.8848841,5,1,9,7,4,1,4,4,1,1,2,3,1,4,2,4,2,3,2,2,1
0.9742007,0.7180808,3,1,5,4,3,3,4,1,2,1,3,3,3,3,4,2,3,2,2,3,2
0.996555,1.0617011,6,1,7,7,4,3,3,3,3,3,3,3,2,4,3,3,3,2,2,3,2
0.852361,0.7466664,6,1,9,9,1,1,1,4,2,1,2,4,3,3,3,3,3,3,2,3,2
1.47351,1.3493229,7,1,7,7,3,5,3,3,2,3,4,3,3,4,2,3,2,3,2,2,1
1.3488046,2.3490458,10,3,14,7,2,1,4,4,2,1,1,4,1,4,4,4,2,4,1,1,1
0.990525,0.9429666,9,1,9,9,1,1,1,4,2,1,1,4,1,4,5,1,2,1,1,2,2
1.024225,0.9927132,99,1,9,12,1,1,3,3,2,1,3,3,1,3,2,2,3,3,2,3,1
1.030485,1.0333396,8,1,3,2,4,2,4,4,4,4,4,1,4,4,4,1,4,2,1,4,1
1.0134076,0.9469485,99,1,9,9,1,1,4,5,1,1,3,3,3,3,2,2,2,2,2,3,2
0.852361,1.4576555,99,3,14,13,1,1,2,1,1,1,1,3,1,4,4,1,4,1,1,4,2
1.0092409,0.9429259,99,1,3,3,3,3,4,4,1,3,3,2,2,3,2,2,3,2,1,3,2
1.0634856,0.6750682,99,1,4,7,3,3,4,3,2,4,4,1,4,4,3,2,3,2,1,3,2
0.9836658,1.0583788,1,1,3,3,4,3,3,3,3,3,3,2,3,4,3,1,4,2,1,4,2
1.101277,1.2088542,2,1,3,3,4,4,4,3,4,4,4,2,3,4,4,2,2,1,1,4,2
0.9174513,0.680194,4,1,5,4,4,3,4,5,2,2,4,2,4,4,3,1,3,2,1,3,2
1.0178083,1.138046,4,1,3,3,2,2,3,3,2,1,3,3,1,3,2,2,3,2,1,3,2
0.8991504,0.9205202,99,1,7,7,3,1,1,4,1,1,1,4,1,3,1,2,2,3,1,3,1
0.9520041,1.7229012,99,3,14,12,4,2,4,1,2,4,3,4,2,4,3,2,3,1,1,3,2
1.0046561,0.7403948,5,1,5,6,3,3,3,2,3,5,3,2,2,3,2,5,3,2,2,2,1
0.9744866,0.7596945,8,1,5,7,4,5,4,4,2,2,4,4,4,4,1,3,5,4,1,2,1
0.969677,1.0177553,1,1,3,3,4,2,3,4,3,1,2,2,2,2,3,1,3,1,1,4,2
0.9595835,0.9693354,7,1,7,7,2,1,3,3,2,1,2,3,1,4,1,3,1,4,1,1,1
0.9646595,0.571053,2,1,4,4,3,3,4,3,2,3,3,3,3,4,4,1,2,2,1,4,2
1.1034361,0.8549043,3,1,5,5,4,4,3,2,2,2,4,1,3,3,1,1,3,1,1,3,1
0.982778,0.9591975,99,1,8,4,2,1,4,1,1,1,3,3,1,4,4,1,3,2,1,2,2
0.9967553,0.7781432,4,1,5,4,3,3,2,3,3,2,3,3,3,3,3,2,3,3,2,3,1
0.8993312,0.8161932,8,1,8,7,4,4,4,4,2,3,4,2,4,4,4,2,4,3,2,3,1
0.9856949,0.7553447,9,1,5,7,1,1,4,1,1,1,1,4,1,4,2,3,1,3,2,2,2
1.0818472,1.1168451,0,1,3,3,4,4,4,3,2,2,4,2,4,4,3,1,4,2,1,4,2
1.0406986,0.8002211,6,1,5,6,2,2,4,2,2,2,2,3,2,3,2,2,2,2,1,2,1
0.9762198,0.9623582,7,1,7,7,4,2,5,5,2,2,3,2,3,4,2,2,3,3,2,2,1
0.9406834,1.0153241,6,1,7,7,3,2,3,4,5,2,3,3,2,3,2,4,3,4,2,2,1
0.8753163,0.659377,5,1,5,4,3,2,3,2,3,2,3,2,3,3,2,3,2,3,2,3,1
1.0354577,1.8522091,1,1,12,4,4,3,4,2,3,5,4,2,5,4,4,1,4,2,1,3,1
0.9313255,0.7216846,4,1,5,4,4,4,4,2,2,4,4,1,4,4,3,1,4,2,1,2,3
0.978601,0.7909683,6,1,5,6,2,3,2,4,2,3,3,2,3,3,2,2,2,3,2,3,1
0.9830912,1.0840228,3,1,3,6,4,4,4,1,2,3,4,4,4,4,3,2,3,2,2,3,2
1.0460718,0.9660758,99,1,9,4,4,4,4,4,4,4,4,4,4,4,4,4,4,4,3,4,2
1.0386405,0.6345512,8,1,4,4,4,3,4,2,3,3,4,1,3,4,3,2,3,2,2,3,2
1.1080949,1.1563479,9,1,9,9,1,1,4,1,1,1,1,2,1,4,1,2,2,3,1,1,1
0.9421307,0.7166153,3,1,5,5,4,3,4,1,3,2,4,1,4,4,2,5,3,2,2,2,1
1.0565864,0.8064334,3,1,5,4,4,4,3,3,3,4,4,1,4,4,3,2,4,3,1,3,3
0.8869581,0.9117213,9,1,7,7,4,2,3,4,2,1,2,2,4,4,1,4,3,4,2,1,1
1.1034361,0.8549043,99,1,5,6,4,3,4,5,2,2,4,2,4,3,2,3,3,3,2,1,2
0.9919351,0.9842125,9,1,7,7,2,2,2,4,2,1,2,3,2,3,2,2,3,3,2,2,1
1.056374,0.6429728,3,1,4,4,4,3,4,3,3,4,4,1,3,4,4,1,3,2,1,4,2
1.1491072,2.1185682,5,3,14,12,3,1,1,4,3,3,3,3,1,2,3,2,3,2,1,4,2
0.9542773,0.570046,3,1,4,4,4,4,4,1,2,4,4,1,4,4,4,2,4,2,1,3,2
0.9655878,1.8234309,5,1,12,11,1,1,1,4,1,1,2,4,1,4,2,1,2,3,1,4,2
0.9742007,1.0312831,2,1,3,4,4,4,4,1,2,4,4,1,4,3,4,1,4,1,1,4,2
1.0492294,0.7343506,5,1,5,4,4,4,4,2,2,4,4,1,4,4,3,3,2,3,2,2,1
0.978601,1.0876638,5,1,7,6,3,3,3,3,2,3,4,2,2,4,2,3,2,4,1,2,1
1.0345602,1.0524243,8,1,7,7,2,1,2,4,1,1,2,4,1,4,1,3,2,4,1,1,1
1.0261487,1.0834596,99,1,9,7,1,1,4,3,2,1,1,4,1,3,3,1,2,2,1,3,1
0.978601,0.7909683,3,1,5,4,3,3,4,2,2,4,3,2,3,4,3,2,3,2,2,2,1
0.9742907,1.0825568,4,1,3,3,1,2,3,3,2,2,2,2,1,3,3,3,1,2,2,2,1
1.0014563,0.6960146,6,1,5,4,4,3,4,4,3,3,3,2,4,4,3,2,4,3,2,3,1
1.0266795,1.0444311,4,1,3,3,3,3,3,3,2,2,3,2,3,3,2,1,2,2,1,3,2
0.9941979,0.6568835,3,1,4,4,4,3,4,1,4,1,4,1,4,4,3,1,3,2,1,5,2
0.969677,0.7086613,4,1,5,4,4,3,3,3,3,3,4,2,3,3,3,3,3,3,2,3,1
1.203836,1.1329749,7,1,7,8,2,1,1,4,2,1,1,4,2,4,1,4,4,3,2,1,1
0.9941979,1.1241053,6,1,7,7,3,3,3,2,2,3,3,2,3,3,3,3,2,2,2,2,1
0.9972827,0.7953717,99,1,5,4,4,4,4,1,1,3,4,1,3,4,1,2,3,2,2,3,1
0.9320736,0.9132634,7,1,9,7,2,2,3,3,2,2,2,2,3,3,3,2,2,3,1,3,2
1.049244,0.7171639,5,1,5,7,4,3,4,3,2,2,3,2,2,4,2,4,3,2,2,2,1
0.9467089,1.0713416,8,1,7,7,4,3,2,4,2,3,3,2,3,3,2,3,2,3,2,2,1
0.9719698,0.99259,7,1,7,7,4,3,4,4,2,2,4,2,3,4,1,3,3,4,2,2,1
1.0421098,0.7941079,3,1,5,4,4,5,4,2,3,3,4,2,3,4,2,5,3,2,2,3,2
0.9282832,0.5827908,1,1,4,5,4,4,4,2,3,3,4,1,4,4,4,1,4,1,1,4,2
0.9825804,1.0818036,10,1,7,7,1,1,1,4,1,1,1,4,2,4,1,2,2,4,3,1,2
0.9744866,1.0446591,8,1,7,7,4,1,3,4,1,1,4,2,4,4,1,4,2,3,2,1,1
0.9744866,1.9267184,2,3,14,12,4,3,4,1,2,4,4,2,4,4,3,2,3,2,1,4,3
0.9285458,0.9819741,2,1,3,3,4,3,4,3,2,4,4,2,4,4,2,3,4,3,1,4,2
0.9851317,1.0518546,5,1,3,3,4,1,4,4,1,4,4,1,1,4,1,1,1,4,1,4,1
0.9908339,1.0005407,7,1,7,7,3,2,3,2,3,1,2,3,4,4,2,3,3,4,3,1,1
0.8869581,0.9117213,5,1,7,7,4,3,4,3,2,2,3,2,3,4,2,4,3,3,2,2,1
0.9919351,0.9842125,8,1,7,7,3,1,3,3,2,1,1,4,2,3,2,3,2,3,2,2,1
0.9967553,0.7781432,5,1,5,5,4,4,4,4,2,2,4,1,4,4,2,1,2,2,1,1,2
1.026355,0.8405328,7,1,5,7,4,2,3,3,2,2,2,2,4,4,2,4,3,4,2,2,1
0.9235314,0.7452369,2,1,5,4,4,4,4,2,3,3,3,2,4,4,3,2,4,3,1,3,1
1.0148205,1.0207522,7,1,7,6,3,1,3,3,1,1,3,2,3,4,1,3,3,4,1,1,1
0.982778,1.1387026,2,1,3,4,4,3,4,3,2,3,4,2,2,4,3,2,4,3,1,4,1
0.9939981,2.057111,5,4,16,4,3,3,3,3,3,3,3,3,3,3,3,3,3,3,3,3,2
1.0988687,2.0224931,5,1,12,11,1,1,1,4,1,1,1,4,1,4,5,1,2,3,1,4,2
0.9744866,1.9267184,1,4,16,14,4,4,4,1,4,4,4,2,4,4,4,1,4,2,1,4,2
0.9986323,1.1062399,1,1,3,3,3,3,4,3,2,3,3,2,4,4,3,2,3,2,1,4,2
1.0801702,0.7870561,7,1,5,7,2,3,4,2,2,2,4,2,2,4,2,3,3,3,1,2,1
0.9258747,0.9302927,99,1,7,8,2,2,2,4,1,1,5,3,2,4,2,3,2,3,3,5,3
0.9744866,1.0446591,8,1,7,7,5,1,2,4,1,1,3,3,1,3,1,2,2,2,1,2,1
0.9742907,0.7537826,2,1,5,4,4,4,1,4,2,2,2,1,3,4,2,1,4,3,2,2,2
0.9694821,0.7031465,5,1,5,4,4,3,4,2,3,3,3,2,3,4,2,2,2,3,3,2,1
1.0761379,1.1834422,3,1,3,4,1,1,4,2,2,1,2,3,2,4,2,1,2,2,1,4,1
0.996555,1.1088461,3,1,3,3,4,3,3,3,2,2,3,2,3,3,3,2,2,2,4,3,2
0.9458172,0.7348452,7,1,5,7,4,3,3,3,2,3,3,2,3,3,2,2,2,3,2,2,1
0.9967553,1.0700281,5,1,7,8,3,2,2,4,3,1,2,3,1,4,1,3,3,3,2,2,1
0.9744866,1.0446591,8,1,7,7,1,1,1,4,2,1,1,4,2,4,1,4,2,4,3,2,1
0.9456271,1.002625,8,1,7,7,2,1,3,3,2,2,2,3,1,3,1,3,2,3,1,1,1
1.0108759,1.0171443,7,1,9,9,4,2,4,4,1,1,4,3,2,1,2,3,1,3,2,2,1
0.9819573,0.6054016,0,1,4,5,4,4,4,4,3,3,4,2,3,4,4,2,3,2,1,4,2
0.9939981,1.1153575,8,1,7,7,4,3,4,1,3,2,3,3,3,4,1,4,2,4,2,2,1
0.9873739,0.5880244,5,1,4,4,4,4,4,2,3,3,4,1,3,4,4,3,4,3,2,3,1
0.9784043,0.6306424,2,1,4,4,4,3,4,5,2,4,4,2,3,4,4,2,3,2,1,3,2
0.8797467,0.722492,3,1,5,4,4,3,4,1,5,3,4,2,4,4,3,2,4,2,1,4,2
0.9742907,0.7537826,4,1,5,5,4,2,4,2,2,2,4,2,2,4,3,2,3,2,2,2,1
0.9778288,0.9950436,7,1,7,7,2,2,3,4,2,2,1,4,2,2,2,4,2,4,2,1,1
1.0388494,0.7958709,5,1,5,4,3,3,4,2,2,3,4,2,3,3,2,3,2,3,1,3,1
1.4934647,1.0255648,6,1,5,7,4,2,4,2,3,2,3,2,4,4,2,2,2,2,1,2,1
0.9967553,0.7781432,5,1,5,6,4,2,4,1,4,2,4,2,3,4,2,4,2,4,2,2,1
0.9467089,1.0713416,3,1,7,4,4,4,4,2,3,2,3,2,3,4,1,3,3,4,2,2,1
1.0686209,0.8149059,5,1,5,4,3,2,4,2,2,1,3,2,3,2,2,3,1,2,1,2,1
1.0775971,0.6056348,4,1,4,4,4,2,3,3,2,1,2,3,3,3,3,2,3,3,1,3,1
0.9614139,0.9820107,8,1,7,11,1,3,2,3,1,1,2,3,1,4,2,2,2,2,2,3,2
1.0261487,0.8339918,8,1,5,7,2,2,3,3,3,2,4,2,3,4,2,3,3,2,2,3,1
1.3189358,0.9113488,5,1,5,4,4,3,4,2,2,3,5,2,4,4,3,2,3,2,1,3,1
1.0511602,0.902979,4,1,8,7,2,2,3,2,2,1,2,3,2,4,3,2,3,3,1,2,1
1.0359062,0.7568401,4,1,5,4,2,2,2,2,2,2,2,2,2,2,2,2,2,2,3,2,1
1.0188279,1.1134317,4,1,3,4,4,4,4,1,3,4,4,1,4,4,3,1,3,3,1,3,2
0.8754923,0.6645486,2,1,5,4,4,1,2,3,3,1,2,3,2,4,3,2,2,2,2,3,2
0.879012,0.6865211,5,1,5,6,4,3,4,1,2,3,3,2,3,4,3,3,3,3,2,3,1
1.0751959,0.7443888,5,1,5,3,4,4,4,1,4,3,4,1,4,4,3,2,4,2,1,4,1
1.0261052,0.6551989,6,1,4,4,4,3,4,3,1,3,4,2,3,3,2,3,4,2,2,2,1
1.0213916,1.0631242,10,1,7,7,1,1,1,4,2,1,1,4,1,3,1,4,1,4,3,1,1
1.0107675,1.0109185,8,1,9,9,1,2,2,4,2,2,2,3,2,4,3,3,3,4,2,2,1
0.9744866,1.0446591,9,1,7,7,2,1,3,4,2,1,1,4,2,3,2,2,2,4,2,2,1
0.9744866,0.7596945,4,1,5,4,2,1,2,4,2,1,2,4,1,2,3,1,4,3,1,3,1
1.0730565,1.1143602,5,1,9,9,2,1,1,4,1,1,1,3,1,4,3,1,3,3,2,2,1
0.9847665,0.572487,1,1,4,4,4,4,4,2,3,5,4,2,2,3,3,1,3,1,1,3,2
0.8869581,0.9117213,7,1,7,6,4,1,3,4,1,2,2,3,4,4,2,2,3,3,2,2,1
0.967784,1.0448517,0,1,3,3,4,4,4,2,4,4,4,1,4,4,4,1,4,1,1,4,2
1.0565864,0.8064334,3,1,5,4,3,2,4,3,2,2,3,3,3,4,2,2,3,2,2,2,1
0.9372797,0.7691457,4,1,5,4,4,4,3,4,2,3,4,1,4,4,3,3,4,5,4,3,3
0.982778,1.0902883,7,1,7,9,1,2,3,3,2,1,2,3,2,4,2,2,3,2,1,3,1
1.0359062,0.98323,8,1,9,12,1,1,2,3,1,1,2,3,1,3,1,2,2,3,2,3,1
0.9967553,1.0700281,8,1,7,7,1,1,1,3,2,1,1,4,2,4,2,3,2,4,2,2,1
0.9742907,1.0365295,8,1,7,7,4,3,3,3,2,2,4,1,4,4,1,4,3,4,2,1,1
0.923717,0.7510818,3,1,5,4,4,4,4,2,3,4,4,2,4,4,3,3,4,3,1,3,1
0.982778,1.0300461,6,1,9,9,2,1,2,4,1,1,1,4,2,3,1,4,3,4,1,2,1
0.9458172,1.0104886,5,1,7,6,1,2,2,3,3,3,2,3,3,4,2,2,2,2,2,3,1
1.0347681,0.7713441,6,1,5,6,1,2,5,5,1,2,5,3,2,4,1,3,3,3,1,1,1
1.0119994,0.7701684,7,1,5,6,2,2,3,3,3,1,2,1,1,1,2,2,2,3,1,3,1
0.9849337,1.043669,5,1,3,4,4,3,4,3,2,3,2,2,4,4,3,1,3,2,1,2,2
0.9744866,1.0446591,8,1,7,7,3,2,3,4,2,2,3,2,4,4,2,4,3,4,2,4,1
1.2258328,0.6834631,3,1,4,4,4,3,4,4,3,1,3,1,5,4,4,1,4,3,1,1,1
0.9780254,1.8496037,1,1,13,4,2,3,4,2,1,3,2,2,3,4,2,2,2,2,1,3,1
0.959999,0.8513619,5,1,6,6,3,2,3,4,2,2,2,2,2,3,3,2,3,2,1,3,1
0.9825804,1.0818036,7,1,7,7,3,2,2,4,2,1,2,3,1,4,1,2,3,4,2,1,1
0.8869581,0.9522064,1,1,3,3,4,4,3,1,2,3,4,2,4,4,4,1,4,1,1,4,2
1.0626799,0.9858434,8,1,8,3,2,2,4,2,2,3,4,3,2,4,3,1,4,2,1,4,2
0.9588442,0.6543365,6,1,5,7,4,3,4,4,2,2,4,2,2,4,3,3,4,3,2,2,1
0.9967553,0.7781432,9,1,5,7,1,1,2,3,2,1,2,3,2,2,1,4,1,2,1,2,1
0.9941979,1.1740215,4,1,3,6,3,3,3,2,3,3,3,2,3,4,3,3,4,2,1,3,2
1.0069435,1.0689313,99,1,7,7,4,2,4,2,2,2,3,2,2,3,3,4,2,3,2,3,2
0.9937002,1.0469221,1,1,3,3,4,4,4,2,3,1,4,1,4,4,4,4,4,1,2,4,2
0.9501263,0.9635275,7,1,9,6,2,1,2,3,3,1,2,2,2,4,3,1,2,2,1,2,1
0.9887996,0.8492517,8,1,9,9,2,1,2,2,2,1,3,1,1,2,2,1,4,2,2,2,2
1.0046561,0.9618654,7,1,9,9,1,2,3,3,2,2,3,3,3,2,3,3,3,3,2,3,1
0.9740049,1.8070061,7,3,14,9,2,1,3,5,2,1,1,4,1,4,3,2,3,3,2,2,1
1.0162362,0.9143281,8,1,9,7,2,2,4,3,2,2,3,3,3,4,3,1,3,3,2,3,2
0.9458172,0.7348452,5,1,5,4,4,3,4,1,2,3,4,1,4,4,2,2,2,2,2,2,1
0.923717,1.904875,99,3,14,12,2,3,4,2,2,2,4,3,3,4,2,1,3,2,2,2,1
1.0032817,0.9351683,9,1,7,7,2,1,4,2,2,1,2,3,3,4,1,2,2,3,2,2,2
1.0276132,0.9398478,1,1,3,3,4,4,4,1,2,4,4,1,4,4,4,1,3,1,1,4,2
0.9717745,1.8164382,5,3,14,7,3,2,2,3,2,2,3,3,2,4,2,3,2,2,2,3,1
0.9780254,1.8496037,7,3,14,12,4,1,4,2,1,1,2,3,1,4,2,2,1,3,1,1,1
0.9456271,1.002625,8,1,7,6,2,1,3,3,1,1,2,4,2,3,1,2,2,4,2,2,1
0.8869581,0.9117213,8,1,7,7,2,1,3,4,2,2,1,4,2,4,2,2,3,3,1,2,1
0.9550814,0.7235313,5,1,5,6,2,2,4,1,1,2,2,1,3,3,3,2,4,3,1,2,2
0.9961232,0.9681091,9,1,9,6,3,1,3,4,2,1,4,3,2,3,2,2,3,2,2,3,2
0.923717,0.9086352,99,1,8,8,5,2,1,4,2,2,2,3,5,4,3,2,3,3,1,3,1
0.996555,1.0617011,8,1,7,7,4,3,4,3,4,2,4,2,3,4,2,4,3,4,2,2,1
1.1518509,0.700958,3,1,4,4,4,4,4,2,3,4,4,2,4,4,4,2,4,1,1,4,2
1.0761379,0.8240288,7,1,5,7,4,4,4,2,2,3,3,2,3,3,2,4,3,2,2,2,1
0.904717,1.0166481,2,1,3,3,3,3,4,2,2,3,4,2,3,4,1,2,3,3,2,4,1
0.9458172,1.0104886,5,1,7,7,1,1,1,4,1,1,1,3,1,3,1,1,2,3,2,2,1
1.0167127,1.0793195,5,1,9,9,2,3,5,1,3,1,3,2,4,1,1,3,1,5,4,4,1
0.9941979,1.1740215,2,1,3,3,4,4,4,2,2,4,4,2,4,4,3,1,2,2,1,4,2
0.9440905,1.7649451,7,1,12,7,2,2,3,2,2,2,3,3,2,2,3,2,2,3,2,3,2
1.0397669,2.0306871,99,3,14,13,3,3,3,3,3,3,3,3,3,3,3,3,3,4,3,3,2
0.9644403,0.6206613,3,1,4,4,4,3,4,3,2,3,4,2,5,4,3,2,3,1,1,5,2
1.0533414,0.8098541,4,1,5,4,3,3,4,2,2,2,3,2,2,3,2,2,3,3,1,3,2
0.9734838,0.9930111,0,1,3,3,4,4,4,2,3,3,3,2,4,4,4,1,3,1,1,4,2
1.0339859,0.5951409,2,1,4,4,4,4,4,1,2,1,4,1,3,4,2,1,4,2,1,4,2
0.982778,0.7928768,7,1,5,7,3,3,3,3,2,2,2,2,3,3,2,3,2,3,2,2,1
0.9780254,0.9474371,9,1,9,7,1,1,3,4,2,1,2,4,1,3,1,1,3,3,1,2,1
0.9467089,1.0121465,7,1,9,9,5,1,5,3,2,1,2,4,5,4,2,2,5,3,1,3,1
0.9260609,0.937589,7,1,7,7,1,1,3,2,2,1,1,2,5,5,2,2,2,3,2,2,2
0.969677,0.9206397,7,1,9,9,1,1,1,1,1,1,4,4,1,1,4,1,1,4,2,2,2
1.1137046,1.9522984,5,3,14,12,3,3,3,3,3,2,3,3,3,3,3,3,3,3,1,3,3
1.0306922,1.0414442,7,1,3,7,1,1,4,2,1,1,1,1,1,2,4,1,1,1,2,2,1
0.9721754,1.0833541,8,1,7,7,1,1,1,3,1,1,5,2,5,3,1,2,2,3,1,3,1
0.9744866,0.9190546,4,1,8,6,5,2,5,2,2,2,2,2,2,4,3,2,3,3,1,5,2
1.1032143,1.1019846,10,1,9,9,1,1,3,4,2,1,2,4,2,3,3,1,3,2,1,4,2
0.9941979,0.9889486,6,1,8,13,2,2,3,2,3,2,4,2,3,4,2,2,2,2,1,3,2
1.0565864,2.0452564,99,3,14,11,5,2,5,3,2,1,2,3,2,3,3,3,5,3,2,2,1
0.9742907,1.0365295,7,1,7,11,3,2,2,3,5,2,3,5,2,4,3,2,2,4,4,2,2
1.0125592,1.8593875,6,1,16,14,4,5,5,5,3,2,3,2,5,4,2,5,5,3,2,5,3
0.9419413,0.7110386,4,1,5,4,4,2,4,2,3,4,3,1,3,4,2,3,4,2,1,1,1
0.8844896,0.8595368,8,1,7,7,3,2,3,3,2,1,3,2,3,3,2,3,3,3,2,2,1
1.0422496,2.1205809,99,3,14,12,2,1,4,2,2,5,4,3,1,4,3,2,3,3,4,4,3
1.006741,1.9561427,99,4,16,14,2,3,3,3,2,5,3,2,4,4,3,2,3,3,1,3,1
0.9610779,0.9159081,99,1,9,4,2,2,2,2,2,3,3,1,1,1,2,2,1,2,1,2,1
0.9744866,1.0446591,7,1,7,6,2,2,4,2,2,2,3,5,1,4,2,5,5,3,2,2,1
0.9411491,0.9844648,99,1,3,4,4,2,3,3,2,3,3,1,3,4,3,2,3,1,2,4,2
0.9660858,0.7764025,6,1,5,7,4,2,4,2,3,1,3,2,4,4,2,3,2,3,2,2,2
0.9908339,1.0005407,8,1,7,7,2,1,1,4,2,1,4,3,1,4,2,3,3,4,2,1,1
0.9113895,1.6753745,3,1,12,11,4,3,4,2,2,4,3,2,3,4,3,2,3,2,2,3,2
0.8797467,0.9935017,6,1,7,7,3,1,3,3,2,1,2,4,2,4,1,4,2,4,2,1,1
0.923717,1.0328158,8,1,7,7,2,1,3,3,1,2,3,3,2,4,2,3,2,3,2,2,1
0.9885104,0.9062949,5,1,9,9,2,2,3,2,2,1,3,3,2,4,3,2,2,2,1,3,2
0.923717,0.7510818,7,1,5,6,4,2,4,4,2,2,4,3,2,4,3,3,3,4,1,2,1
0.9421307,1.0291785,0,1,3,4,4,4,4,5,2,2,4,2,4,4,4,1,4,1,1,4,2
1.0037363,0.9493365,99,1,9,9,2,2,3,3,2,1,3,3,3,4,3,2,2,2,1,4,2
1.0804024,0.7746643,99,1,5,7,3,3,3,3,2,3,3,2,3,4,5,3,3,2,4,2,1
0.996555,0.7720877,5,1,5,4,3,2,3,2,3,2,3,2,2,3,3,3,3,3,1,3,1
0.9919351,0.9298314,6,1,9,9,2,1,2,4,2,1,2,4,1,3,2,2,1,2,2,2,2
0.9694821,1.7833028,99,1,12,11,4,2,4,2,1,3,4,4,3,4,4,1,2,2,1,4,2
1.059332,0.9921203,10,1,9,9,2,1,4,4,2,1,2,3,2,4,4,2,4,3,2,3,2
0.9657819,1.0406569,2,1,3,3,1,1,1,3,1,1,2,4,1,3,2,1,1,1,1,4,2
1.0664212,0.795058,4,1,5,4,4,4,4,2,2,3,4,2,3,4,3,3,2,3,1,2,2
1.1702092,1.1712196,5,1,9,9,2,1,1,4,1,1,4,4,1,4,1,1,4,1,1,4,2
1.0388494,1.0944054,9,1,7,7,1,2,1,4,1,1,2,3,2,4,2,3,2,3,2,2,1
0.9780254,0.9474371,99,1,9,9,1,1,4,2,2,1,1,3,1,3,4,1,1,2,1,4,2
0.9312888,0.6892563,5,1,5,4,1,1,2,4,2,1,2,3,1,3,1,2,2,3,1,3,2
1.0047238,0.708533,6,1,5,6,4,3,4,3,2,3,4,2,4,4,3,2,4,2,2,4,2
1.0386405,0.7896774,5,1,5,6,4,1,4,5,2,1,5,3,5,3,2,5,5,2,1,2,1
0.8948169,1.5944886,8,3,14,13,2,1,4,2,3,2,3,2,3,4,4,2,2,3,2,3,3
1.0153365,1.688108,99,4,16,14,5,5,5,5,5,5,5,5,5,5,5,5,5,5,4,5,3
0.9735798,0.7633529,3,1,5,13,3,3,3,2,2,3,3,2,4,4,2,2,3,2,2,3,1
1.008157,1.8751661,99,3,14,9,4,4,4,4,4,4,4,4,4,4,4,4,4,4,3,4,2
0.9412728,0.8565463,9,1,9,9,2,1,2,4,1,1,1,4,2,4,2,3,3,4,2,2,1
1.0410712,0.8482105,6,1,9,7,5,5,4,5,3,5,3,2,5,4,4,3,4,3,3,4,2
1.0151798,1.0353473,7,1,7,8,2,2,3,5,2,2,5,3,2,4,3,3,5,5,4,2,1
0.968088,1.0405198,6,1,7,6,2,1,3,4,2,2,2,3,1,4,3,4,1,4,2,1,1
1.0213916,1.9607744,5,1,12,7,4,2,4,4,1,2,1,2,2,4,1,1,3,2,1,3,2
0.9402872,1.0133104,0,1,3,3,4,4,4,3,3,4,4,1,4,4,4,1,4,1,1,4,2
0.9719698,0.7218289,5,1,5,6,4,2,4,4,2,1,3,2,5,4,3,2,2,3,1,5,1
1.0178083,0.7924196,5,1,5,4,3,2,3,3,2,3,3,2,2,3,3,1,3,2,1,3,2
0.9691977,0.8634379,5,1,9,9,1,1,4,4,1,1,4,4,1,4,1,1,2,4,2,1,1
0.968088,1.0867243,4,1,3,4,1,1,1,4,2,1,2,2,1,4,2,1,1,2,1,3,2
1.0318882,0.9999681,8,1,7,7,3,2,1,4,2,1,2,5,4,2,1,3,2,4,2,1,1
1.0190327,1.0150859,10,1,9,9,1,1,1,4,1,1,1,4,1,4,1,1,4,3,2,2,2
0.9635907,0.9583699,5,1,9,9,3,1,2,4,1,1,2,4,2,4,1,1,4,1,1,2,1
0.9967553,1.0700281,8,1,7,9,2,1,1,4,2,1,1,4,1,3,2,1,3,3,1,2,1
0.9744866,0.9869382,8,1,9,9,2,2,3,3,1,1,2,4,1,3,2,3,3,3,2,2,1
1.0172436,0.7751692,5,1,5,6,2,2,3,3,2,5,3,2,3,4,2,2,3,3,1,3,2
0.968088,0.7566844,4,1,5,4,4,4,4,3,3,3,3,2,3,3,2,2,3,2,1,5,2
1.008677,1.0372616,6,1,9,7,3,2,3,3,3,2,3,2,5,4,3,2,5,3,2,3,1
0.9939812,1.0087825,8,1,7,7,4,2,3,4,1,1,3,2,2,3,2,3,2,4,2,1,1
0.9211462,1.7958452,8,3,14,14,2,2,3,3,2,2,5,3,2,4,2,5,2,2,1,2,3
0.9870394,0.6676564,4,1,5,4,3,3,3,3,1,3,3,2,3,2,3,2,2,3,1,3,2
0.9682826,1.0486807,7,1,7,7,4,1,4,4,1,3,1,4,3,4,2,4,2,3,2,2,1
1.0565864,1.1581722,1,1,3,3,4,4,4,1,3,3,4,2,4,4,3,1,4,1,1,4,2
1.411278,2.6429679,2,3,14,6,4,3,3,4,2,1,2,2,1,4,2,1,3,3,1,3,2
1.0331533,0.9161054,99,1,8,9,3,2,3,3,3,5,3,5,5,4,3,1,2,3,1,4,2
0.9878821,0.7670262,99,1,5,4,4,4,2,2,4,3,3,3,2,2,4,2,4,2,3,2,2
0.978601,1.0876638,10,1,7,7,1,1,3,2,2,1,1,4,1,4,1,1,2,1,1,4,2
0.9889991,0.5742207,99,1,4,4,1,1,1,4,1,1,1,4,2,4,3,1,1,2,1,3,2
0.982778,1.0300461,9,1,9,9,1,1,1,4,2,2,3,3,1,3,2,2,2,2,1,1,1
0.8877055,0.7568575,99,2,15,11,1,2,4,2,1,2,4,2,2,4,2,2,2,4,2,4,1
0.923717,1.0328158,4,1,7,7,4,3,3,4,3,3,3,2,2,4,2,2,3,3,2,2,1
0.9525059,0.6904893,5,1,5,7,2,2,2,4,3,2,2,3,2,4,2,2,2,3,2,3,1
0.8795698,1.0295436,0,1,3,4,1,1,4,1,1,1,2,4,1,2,1,1,3,1,1,2,2
1.0490185,1.8479482,5,1,13,12,1,2,4,2,2,2,2,3,2,3,1,2,3,3,2,3,2
1.3005354,1.3084538,5,1,3,12,4,4,4,3,3,2,3,3,3,2,4,3,3,4,2,4,2
0.9903259,0.7201989,4,1,5,4,4,3,4,2,3,3,3,2,3,4,3,3,4,4,4,3,1
1.021143,1.031301,10,1,7,7,2,1,1,4,2,1,1,4,2,3,1,4,2,4,3,2,1
0.9961944,0.7961144,99,1,8,6,3,2,4,2,3,3,3,3,2,4,3,2,3,3,2,3,1
0.9792954,0.5213462,7,1,2,9,3,2,2,1,2,1,3,1,3,3,2,1,2,2,2,3,2
0.8753163,0.9067121,6,1,7,7,2,1,1,4,2,1,2,3,1,2,4,2,2,3,2,2,1
0.9636001,0.9645772,8,1,7,7,2,2,3,4,3,1,2,4,2,3,1,3,4,4,2,1,1
0.8897585,0.4946297,2,1,2,5,3,3,4,3,2,3,3,2,3,3,3,2,3,2,2,4,2
1.0190327,0.7813612,4,1,5,3,3,4,4,2,2,1,4,1,3,4,4,4,1,2,1,2,2
0.9456271,1.002625,5,1,7,7,5,1,1,4,1,1,2,4,1,4,1,5,2,4,2,2,1
0.9661937,0.5433812,3,1,2,2,3,3,3,2,2,2,3,2,3,4,2,2,2,2,1,3,2
0.9798365,1.70402,99,1,12,11,2,1,4,1,1,1,1,3,1,4,4,1,1,2,3,4,1
0.9561491,0.857058,7,1,8,7,3,2,5,3,5,2,3,3,2,4,3,3,5,3,2,2,1
0.8772982,1.7274865,99,1,12,11,3,3,3,2,2,3,3,2,3,3,3,2,4,5,1,3,3
1.0716134,0.7914479,7,1,5,7,3,3,2,3,2,2,3,2,2,3,2,3,2,3,2,2,1
1.0318445,0.7109596,7,1,5,7,2,2,2,4,2,1,2,4,2,4,1,3,3,4,2,2,1
1.0761379,0.8240288,4,1,5,4,4,3,4,2,3,4,4,2,4,4,3,3,4,3,1,3,1
0.9879897,0.9722826,7,1,7,7,4,2,3,4,3,1,3,2,2,4,2,3,2,3,2,1,1
0.9983274,1.74973,99,3,14,13,4,3,2,3,2,3,3,2,3,4,4,1,3,1,2,4,2
0.9303262,0.8521477,8,1,9,13,1,2,2,4,2,1,2,4,2,3,3,2,3,4,2,3,1
0.8730558,0.8615187,9,1,7,7,3,1,4,2,2,2,1,3,2,4,2,3,2,3,2,2,1
0.9372797,0.6180528,2,1,4,5,4,3,4,2,3,2,4,2,4,4,3,2,4,2,1,3,2
0.965133,0.8348499,6,1,6,6,2,2,4,1,2,2,2,3,2,4,3,2,2,3,2,3,2
0.9716848,1.7304053,10,3,14,9,2,1,4,1,1,1,2,4,1,4,1,2,2,4,1,1,1
1.054629,0.883385,6,1,8,7,2,2,3,3,3,4,3,3,2,4,2,2,3,2,2,2,1
0.9777727,1.8126128,5,3,14,12,1,1,4,4,2,1,1,4,1,4,1,1,1,2,1,4,2
1.026877,0.9001207,99,2,15,11,1,1,1,3,2,2,1,2,4,3,2,2,3,3,2,4,1
0.9875724,1.014161,5,1,7,7,4,3,1,4,1,4,4,1,4,3,1,4,3,4,2,4,2
0.9495674,0.800562,99,1,8,8,1,1,4,2,2,1,2,4,1,4,3,5,3,1,1,4,2
0.8797467,0.9935017,9,1,7,7,3,2,2,4,2,1,2,3,2,3,2,4,2,3,2,1,1
0.9467089,1.0713416,6,1,7,7,4,2,3,4,2,2,3,3,3,4,1,4,5,4,2,2,1
1.0386405,1.0858887,9,1,7,7,1,1,4,3,1,1,2,4,1,2,1,2,2,2,2,4,2
1.0304812,2.2022221,5,3,14,12,1,1,4,1,2,1,1,4,4,4,2,2,4,2,1,4,2
1.0190327,0.7813612,5,1,5,6,4,4,4,2,3,4,4,1,3,4,3,2,3,2,1,3,2
0.968088,1.0405198,7,1,7,7,3,3,3,3,2,3,3,3,3,3,2,2,3,3,2,3,2
0.96628,1.0165548,3,1,9,9,2,2,1,4,2,2,2,3,1,1,1,2,1,3,1,1,1
0.9597764,0.7104465,5,1,5,4,4,4,4,2,3,4,4,2,4,4,1,3,2,2,2,2,1
1.0189446,1.0435705,99,1,3,4,2,2,2,3,2,2,2,3,2,3,2,1,3,2,2,2,2
0.9970823,1.0852076,99,1,7,7,2,2,3,4,2,2,2,4,1,4,3,2,2,3,2,3,1
0.8795698,0.9857703,5,1,7,7,1,2,1,4,1,1,3,2,2,4,2,3,2,3,2,3,1
0.9139059,0.9738429,0,1,3,3,4,4,4,1,3,4,4,1,4,4,3,1,4,2,1,4,2
1.0345511,0.8520138,99,1,8,8,1,1,4,1,3,1,2,3,3,3,3,3,2,2,2,3,2
0.8797467,0.722492,5,1,5,4,4,2,4,3,1,2,2,4,2,4,2,1,2,2,1,3,2
1.0264724,0.95544,99,1,3,9,5,1,4,5,5,2,3,2,1,4,5,5,3,1,2,3,2
1.056374,1.1003003,5,1,7,7,3,2,3,3,2,2,5,3,2,5,3,5,2,2,3,2,2
1.0388494,0.639528,0,1,4,4,4,4,4,1,3,4,4,1,4,4,4,1,4,1,1,4,2
1.3775704,2.4109046,5,3,14,12,3,3,3,3,2,2,3,3,2,3,1,3,3,2,1,2,1
0.9364864,0.8407709,5,1,8,4,1,1,4,2,3,1,1,4,1,4,3,1,3,2,1,3,2
1.0404894,0.7939937,5,1,5,6,4,5,4,2,3,2,2,3,2,4,2,5,2,4,1,2,1
0.9780254,0.9474371,9,1,9,9,4,1,4,1,2,1,2,4,1,4,2,1,3,3,2,4,2
0.982778,1.0300461,99,1,9,7,1,1,2,2,2,1,1,4,1,2,2,3,2,4,2,2,1
1.0257041,0.9738023,8,1,8,8,2,1,3,3,2,1,2,4,1,3,2,2,2,2,2,2,1
1.0049258,0.9819483,8,1,7,7,3,1,3,3,2,1,1,3,1,3,2,3,1,3,2,1,1
0.9442639,0.9616978,8,1,9,9,1,1,1,4,3,1,2,4,1,4,2,1,1,3,2,2,2
1.0250468,1.0484027,7,1,7,7,4,2,3,3,2,2,4,2,3,4,3,3,2,4,2,3,1
0.9396975,0.9363042,7,1,7,7,2,2,4,5,2,2,2,3,2,4,2,3,2,2,1,2,1
0.9409599,0.5465371,2,1,4,4,2,3,3,4,2,1,2,2,3,3,3,1,3,3,2,2,2
0.9754995,0.9951747,3,1,3,3,4,4,4,1,2,3,4,2,4,4,4,1,3,1,1,3,2
1.0058795,0.9842253,99,1,7,7,2,2,5,5,2,2,5,3,2,4,5,2,2,1,4,4,2
1.1431254,1.1014163,7,1,9,7,1,1,3,3,4,1,1,4,1,4,3,2,2,2,1,4,2
0.9780254,0.7292886,4,1,5,6,4,2,3,3,3,3,3,3,3,3,2,2,3,3,1,3,1
1.0298135,1.740006,99,3,14,12,4,2,4,2,1,2,2,2,2,4,3,2,3,2,1,3,2
0.8795698,0.5760459,3,1,4,4,4,2,3,3,1,3,3,2,2,4,2,1,3,3,1,3,2
0.9928902,0.9847094,9,1,9,9,1,1,1,4,2,1,2,3,1,3,2,2,2,3,1,2,1
1.0252528,1.9487884,5,1,12,4,3,3,3,2,3,4,4,2,3,4,3,2,3,2,2,3,1
1.026355,0.8405328,3,1,5,4,3,5,4,5,2,3,3,2,4,4,2,2,2,3,1,5,1
0.9495674,0.8596935,5,1,9,9,1,1,4,5,1,1,1,4,1,4,3,3,4,1,2,4,1
1.0948106,1.0471176,10,1,9,9,2,1,3,2,2,1,3,4,1,4,2,2,1,3,1,2,2
0.8867798,0.7666832,5,1,6,6,3,2,4,1,2,2,3,1,3,4,2,3,3,3,1,2,2
1.0213916,1.0631242,6,1,7,7,2,1,5,4,2,1,1,3,3,3,1,4,1,4,2,2,1
0.9682826,0.7626191,5,1,5,6,4,3,3,4,2,3,3,2,3,4,2,1,5,2,1,2,1
0.9723843,0.7421606,4,1,5,4,4,3,4,2,3,3,4,1,3,4,3,2,2,3,1,3,1
0.9880807,0.6211838,3,1,4,5,3,3,3,2,2,3,3,2,3,3,2,2,3,2,2,3,2
0.9234836,0.6428051,99,1,5,11,4,4,5,2,2,4,4,1,5,3,5,2,5,2,1,4,1
0.9873164,0.9741017,9,1,9,9,2,2,3,2,2,2,2,4,5,3,3,4,2,4,3,2,3
0.8730558,0.8615187,8,1,7,7,1,1,2,4,2,2,3,3,2,4,2,3,2,5,2,2,1
0.9849337,0.7267051,6,1,5,7,3,2,3,4,2,3,3,3,2,4,3,2,2,2,2,3,2
0.9825804,0.7867066,4,1,5,6,4,4,5,5,3,3,3,2,3,3,4,2,3,2,1,5,2
0.9458724,1.8188635,8,1,12,11,3,3,1,4,2,2,3,3,3,3,3,1,4,1,1,4,1
1.0047238,1.7969639,99,1,12,11,2,1,1,4,1,1,5,5,5,4,5,5,5,3,2,2,3
0.8848781,0.5108141,5,1,4,4,4,3,4,2,3,2,3,2,2,4,3,2,3,2,1,3,2
1.0347681,1.0020725,5,1,9,11,4,2,2,4,2,2,3,3,2,4,2,1,3,2,1,4,2
0.9963479,0.9477512,5,1,9,14,1,2,4,1,4,1,3,3,4,4,2,2,3,2,1,2,1
1.0404894,1.0918242,8,1,7,6,3,2,4,2,3,2,2,3,2,4,2,3,3,4,3,2,1
0.8730558,0.8615187,7,1,7,7,2,1,2,3,1,1,2,3,1,4,2,2,2,3,2,2,2
0.9265062,0.7717735,5,1,8,1,2,1,2,4,2,1,2,3,2,3,3,2,3,2,2,2,2
1.0306894,0.9919952,6,1,3,4,2,3,4,4,2,2,4,2,1,4,4,2,2,1,1,4,2
0.9456271,1.002625,8,1,7,9,2,2,3,4,1,2,2,3,2,4,2,3,2,3,2,1,1
1.0042338,0.7610697,6,1,5,4,1,2,4,2,1,2,2,2,5,3,2,1,2,2,1,3,2
0.9829673,0.7147274,7,1,5,4,1,4,4,2,1,3,4,1,3,4,2,1,4,1,1,1,2
0.982778,1.0902883,8,1,7,7,3,2,4,4,2,1,1,3,2,4,2,3,2,4,1,1,1
0.9986323,0.770273,5,1,5,4,4,4,4,1,3,3,4,1,4,4,2,3,4,2,2,3,1
0.8753163,0.8566132,10,1,9,7,1,1,4,2,1,1,1,4,1,4,1,2,1,4,3,1,1
0.9775761,1.798507,10,3,14,9,2,1,4,2,2,1,2,3,2,3,4,2,2,3,1,3,2
0.967784,1.0448517,3,1,3,4,4,3,4,2,2,3,4,2,4,4,3,1,2,2,1,3,2
0.9701701,0.6354406,5,1,5,4,2,1,2,3,1,2,2,3,1,4,2,1,2,1,1,4,2
0.923717,0.7510818,3,1,5,4,4,4,4,2,3,3,4,2,3,4,4,2,4,1,1,3,2
0.8754923,0.9138235,8,1,7,7,4,2,3,4,2,3,1,3,3,4,2,2,2,3,1,1,1
0.968088,1.0405198,4,1,7,4,4,3,2,4,2,3,3,2,3,4,3,2,4,3,1,3,1
0.9644403,1.1092829,1,1,3,4,4,3,3,3,3,3,4,2,4,4,4,4,4,1,1,4,2
0.982778,1.0902883,9,1,7,7,3,2,3,3,2,3,2,3,2,3,2,3,3,3,1,2,2
1.0213916,0.7731227,5,1,5,6,3,2,3,3,2,2,2,3,2,3,1,2,3,3,2,3,1
0.9294665,0.7908878,6,1,6,6,5,2,3,2,2,2,1,2,2,3,2,2,3,3,2,4,2
0.9780254,0.7292886,7,1,5,6,4,3,4,1,2,2,3,2,3,4,1,3,4,3,2,2,1
1.0129738,0.8156232,7,1,5,7,3,2,3,2,2,2,2,2,2,4,2,3,2,4,3,3,1
0.9442639,0.5948461,2,1,4,5,3,4,4,1,2,4,4,1,4,4,4,1,4,3,1,4,2
0.9360124,0.6176317,6,1,5,7,4,2,4,2,2,1,4,2,2,4,2,4,2,3,1,1,1
0.8846674,0.6299728,2,1,5,4,4,4,4,1,2,4,4,1,4,4,3,1,4,2,1,3,1
1.0391371,1.043324,8,1,9,9,3,2,1,4,1,1,2,2,3,2,1,1,2,3,1,2,2
1.0058795,0.9842253,7,1,7,7,3,2,4,2,2,1,2,2,3,4,2,2,2,3,2,2,1
1.0361664,0.7562022,7,1,5,10,2,2,2,3,1,1,2,2,2,3,1,2,1,3,1,2,1
0.9744866,1.0446591,7,1,7,7,2,3,4,2,3,2,4,2,4,4,2,2,3,4,1,2,1
1.0453976,1.1598322,1,1,3,4,1,1,1,4,2,1,2,4,1,3,3,1,4,1,2,4,2
0.8737792,0.6543024,6,1,5,6,2,3,4,2,2,3,4,1,5,3,2,2,3,2,2,3,2
0.9919351,0.9842125,99,1,7,7,4,3,5,5,3,3,3,2,3,3,2,3,3,2,1,3,2
1.3703017,0.9572483,6,1,5,4,2,4,4,1,3,3,4,1,4,4,2,4,3,4,2,1,1
0.9544691,0.9288312,10,1,9,9,1,1,2,2,2,1,1,4,1,3,2,1,2,1,2,2,1
0.9744866,0.7596945,3,1,5,4,4,2,4,2,3,3,3,2,3,4,2,2,3,3,4,2,1
1.0499864,0.9890376,99,1,9,9,1,1,2,4,1,1,2,4,1,1,2,2,3,2,3,4,2
1.0565864,1.1581722,3,1,3,3,4,4,4,4,2,2,5,5,3,4,3,1,4,2,2,3,2
1.0188279,0.7752807,6,1,5,7,4,2,3,2,2,3,3,2,2,4,2,3,3,3,2,3,1
1.1188569,0.8139033,5,1,5,6,2,1,3,2,3,2,2,4,2,3,2,1,3,2,2,3,2
0.9069828,0.8561715,5,1,9,9,2,1,4,2,3,1,2,4,1,4,4,2,1,1,2,4,2
0.9364864,0.5584604,2,1,4,4,4,3,3,3,2,2,3,2,2,3,3,1,4,1,1,3,1
0.9930898,1.9374447,2,3,14,3,3,4,4,4,1,4,3,2,3,3,4,1,1,2,1,4,2
0.972346,0.9208356,99,1,9,9,1,1,4,1,3,1,2,4,2,4,2,1,1,1,1,2,2
1.0125592,1.8593875,99,3,14,4,1,1,4,1,2,2,3,2,3,4,3,1,3,3,2,3,2
0.982778,0.7928768,2,1,5,3,4,3,4,3,2,2,3,3,2,4,2,2,4,1,2,3,1
0.9967553,0.7781432,10,1,5,7,1,1,3,3,2,1,3,3,1,2,1,3,1,2,1,1,2
0.9646595,0.710656,3,1,5,4,4,2,2,3,1,1,2,3,2,2,3,2,3,4,1,2,2
1.0328144,0.9315433,8,1,9,7,2,1,3,4,2,1,1,3,2,3,2,2,2,3,1,3,2
1.0489923,0.7787883,6,1,5,6,4,3,3,3,3,3,3,2,4,4,3,3,5,3,2,3,1
0.9442639,1.0179425,5,1,7,12,4,3,4,3,3,3,4,2,3,4,2,3,3,2,1,2,1
0.9784043,0.9146365,5,1,6,4,2,2,4,3,2,2,2,2,2,4,2,2,2,2,2,3,1
0.918861,0.9041597,8,1,7,7,1,1,1,3,2,2,2,3,2,4,3,3,1,2,2,3,2
1.0441877,0.7713081,3,2,15,4,3,3,4,2,2,4,4,1,4,4,4,2,2,3,2,3,2
0.9744866,1.0446591,99,1,7,7,3,2,2,4,2,1,3,3,2,4,1,3,2,4,2,2,1
1.0188279,0.7752807,99,1,5,6,2,2,3,3,2,2,4,2,2,4,2,5,2,2,3,3,2
0.9113895,0.5308229,1,1,4,4,1,2,4,1,2,1,4,3,4,4,3,1,4,2,1,4,1
0.996555,0.6204169,3,1,4,4,4,4,4,2,1,3,3,1,4,4,4,2,4,2,1,3,2
0.9967553,1.1175429,2,1,3,4,1,2,4,3,1,3,4,2,3,4,3,1,2,2,1,4,1
1.071398,1.9916301,5,3,14,6,3,1,3,3,2,2,2,3,2,3,2,2,3,3,2,3,1
1.0049258,1.0255519,1,1,3,3,4,3,3,2,3,3,3,2,3,3,3,2,3,1,1,3,2
1.0027579,1.7692579,5,1,12,11,2,1,1,4,2,1,2,4,2,4,3,2,3,2,1,4,2
1.3327545,1.2409261,0,1,3,5,4,4,4,1,4,4,4,1,4,4,4,2,4,3,1,4,2
0.982778,0.9591975,5,1,8,8,3,2,3,3,2,2,2,3,2,3,3,2,3,3,1,3,2
0.9561491,1.7967479,99,3,14,3,2,1,3,3,1,4,3,2,3,4,3,1,2,2,2,4,2
1.0732721,1.2415727,6,1,3,6,2,2,2,2,2,1,3,3,2,3,1,2,2,3,2,2,1
1.0097407,0.7593027,8,1,5,8,2,2,4,2,1,2,5,2,2,2,2,2,2,3,1,3,2
0.9368164,1.8294868,99,3,14,12,3,2,3,3,2,2,3,3,2,4,3,2,3,3,3,3,1
1.0188279,1.6392809,8,1,11,7,2,1,3,3,2,2,3,4,1,4,1,3,2,4,1,2,1
1.0232494,0.9986413,8,1,9,9,2,1,4,2,1,1,2,3,1,4,2,4,1,4,3,1,1
0.9411491,1.7385005,99,1,16,14,5,5,5,5,5,5,5,5,5,5,5,5,5,5,4,5,3
1.0546298,0.9581499,7,1,8,7,1,2,4,2,2,1,1,3,2,4,2,1,2,2,1,4,1
1.0347681,1.9562637,5,1,12,11,2,1,5,5,3,2,2,3,2,4,2,4,3,3,2,2,1
0.9139059,0.6780852,0,1,5,12,4,2,4,1,2,1,3,3,2,4,3,1,3,1,1,4,2
0.9550814,1.039111,5,1,3,12,1,1,4,4,3,1,4,2,1,2,4,3,1,1,2,4,2
0.989136,0.8934121,9,1,8,8,1,1,1,4,2,1,2,3,1,4,1,3,3,3,2,3,1
0.9419413,0.9777521,7,1,7,7,4,3,4,3,3,3,2,2,3,4,3,3,2,3,2,2,1
0.9682826,0.9907376,8,1,9,9,3,2,3,3,1,2,4,3,3,4,3,1,3,2,1,4,2
1.0209377,0.744144,6,1,5,7,5,2,3,3,2,2,3,2,2,3,2,2,3,3,1,5,1
1.0124656,1.0030499,1,1,3,3,4,4,4,1,2,2,4,1,4,4,4,1,4,1,1,4,2
0.9235314,1.0247784,9,1,7,7,1,1,2,4,2,1,1,4,1,4,2,2,1,2,2,2,1
0.9993774,1.7754048,6,1,13,4,1,4,3,1,2,3,1,2,3,2,4,2,2,3,3,2,2
1.0636669,1.9159023,0,3,14,3,4,3,4,2,2,1,3,2,4,4,4,1,4,1,1,4,2
1.0125592,0.7331464,5,1,5,4,4,3,4,1,2,3,4,2,3,4,3,3,3,2,2,3,1
1.0980872,1.0189763,4,1,9,9,2,2,3,2,2,1,2,2,2,2,3,2,2,3,2,2,2
0.91925,0.6908455,6,1,5,7,4,2,3,3,2,2,2,2,2,3,2,2,5,3,2,2,1
0.9183469,0.5923897,3,1,4,5,4,3,4,2,3,4,3,2,3,4,3,2,3,2,2,3,2
1.0326067,0.8607192,99,1,8,7,2,2,4,1,1,1,5,5,1,4,5,2,3,2,1,3,2
1.4732138,1.3388225,7,1,7,9,2,1,3,3,2,1,2,3,2,3,2,2,2,3,1,3,2
1.1134807,0.7637901,5,1,5,9,3,1,3,2,2,2,2,4,1,4,3,1,3,2,1,3,2
0.9616072,1.0336611,1,1,3,3,4,4,4,2,2,4,4,1,4,4,4,1,4,1,1,4,2
0.8753163,0.659377,9,1,5,7,1,1,5,2,3,1,2,3,2,4,2,4,3,4,2,1,1
0.9780254,1.0028478,7,1,7,6,1,2,4,3,2,3,4,2,1,3,2,3,3,4,2,2,1
1.0127628,1.061178,8,1,3,9,2,2,4,3,2,2,4,2,2,4,1,2,2,2,1,3,2
0.923717,0.9757493,9,1,9,9,1,1,4,2,1,1,1,4,1,4,4,2,2,2,1,3,2
1.4462405,1.4194,99,1,3,3,3,5,1,4,2,4,4,2,2,3,3,5,2,2,2,3,2
0.9898743,0.7163067,4,1,5,6,4,4,2,4,2,3,3,2,3,4,2,2,3,2,1,2,3
1.0498099,0.7303874,3,1,5,4,1,1,2,3,2,2,1,1,2,1,1,1,4,2,2,2,2
0.9798365,0.6718858,99,1,5,13,3,3,4,1,2,4,4,2,2,4,2,2,3,3,2,2,2
0.9294665,0.8209842,5,1,8,8,2,2,3,3,1,1,3,4,5,4,5,1,3,3,1,4,2
1.033722,0.9644803,99,1,9,9,1,1,1,4,1,1,1,4,1,4,4,1,4,2,1,4,2
0.9693925,0.669843,6,1,5,8,4,2,3,5,2,2,4,5,3,3,3,5,3,3,2,3,1
0.9961951,0.573553,99,1,4,3,1,2,1,4,2,1,2,2,4,4,3,1,4,1,1,1,2
1.0626799,0.5943518,0,1,2,5,4,4,4,4,3,1,4,4,4,4,3,1,4,1,1,4,2
0.9395086,0.542882,3,1,4,4,4,3,4,2,3,3,3,1,4,4,3,2,3,2,1,4,1
0.9467089,0.7790985,6,1,5,4,3,2,4,5,3,3,2,1,2,4,2,2,3,4,2,3,2
1.0948099,0.7431236,5,1,5,7,1,1,4,2,1,1,2,3,1,2,1,2,2,2,2,3,1
1.0410712,0.8482105,99,1,9,9,1,1,4,1,3,2,4,3,2,4,3,2,1,2,2,3,2
0.9878821,0.996463,6,1,9,12,2,1,4,2,2,1,2,4,2,4,3,1,2,3,1,3,2
1.1520826,0.87916,5,1,5,3,2,2,4,2,1,1,4,2,2,2,1,1,1,1,1,2,2
0.969677,0.8573163,8,1,8,7,2,1,3,3,2,1,2,2,1,4,2,1,2,2,2,2,1
0.9884458,0.8012034,3,1,5,4,4,4,4,1,3,4,4,1,4,4,2,4,3,4,1,2,1
1.0039381,1.0127395,6,1,7,7,2,4,4,2,4,4,4,2,3,3,2,1,2,1,1,3,2
0.9644656,1.7883223,99,3,14,9,2,1,4,2,2,1,3,4,2,4,2,2,1,2,1,4,2
0.9723843,1.0658658,1,1,3,4,4,2,4,3,3,1,2,2,2,4,4,1,3,1,1,4,2
0.879012,0.6865211,2,1,5,4,2,3,4,1,2,2,3,2,2,4,2,2,3,2,1,3,2
0.9723843,1.8822492,7,1,12,12,2,2,3,3,2,1,3,3,2,4,2,2,2,2,1,3,1
0.8848781,0.5108141,1,1,4,4,4,4,4,1,4,4,4,1,4,4,3,1,4,5,1,4,2
0.8683168,0.6034011,4,1,5,12,4,4,4,1,4,5,2,2,3,5,4,4,2,2,3,3,2
0.9880807,0.6211838,99,1,4,4,3,3,4,2,2,4,3,2,4,3,4,4,4,2,2,2,2
1.3399569,1.2951872,6,1,7,11,4,4,3,4,3,3,3,2,3,3,4,4,2,2,2,3,1
0.9095982,0.4887498,99,1,2,13,3,2,4,1,2,4,4,2,4,4,1,1,2,3,1,4,2
1.0193931,1.0932131,99,1,3,4,4,3,4,1,3,3,4,2,2,4,3,1,2,2,1,3,2
0.8649324,1.4923669,99,3,14,12,4,3,4,2,4,4,4,1,5,4,3,2,3,2,1,4,2
0.9963954,1.8244365,8,3,14,12,1,1,1,5,2,1,1,4,1,1,2,1,4,2,3,1,1
0.9465261,0.8636654,8,1,9,9,2,1,2,2,2,1,3,3,1,3,3,2,3,2,2,3,2
1.035666,0.956213,5,1,9,9,1,1,2,3,2,1,3,4,1,3,3,2,3,2,1,3,2
0.9442534,0.9794146,3,1,3,3,4,3,4,1,3,4,3,2,3,3,3,1,4,2,1,4,2
1.3381528,2.1196187,99,3,14,11,3,2,2,2,3,3,3,2,3,2,3,3,3,4,3,3,1
1.1186042,1.0059377,5,1,6,7,1,2,2,4,2,1,2,2,2,4,4,2,3,2,2,4,2
0.978601,1.1359618,4,1,3,4,4,4,4,2,2,3,3,1,4,4,2,2,1,3,1,3,1
1.1534705,0.7931282,7,1,5,13,4,2,4,1,1,3,3,2,2,2,2,3,3,2,2,2,2
1.0181267,1.041142,7,1,3,6,2,1,3,2,2,1,2,3,2,4,5,3,3,2,4,3,2
1.0095371,1.7616428,5,1,13,13,4,5,3,5,5,5,4,4,4,4,5,5,4,2,2,4,2
0.9978083,1.0194896,9,1,9,9,4,1,4,2,2,1,3,2,1,4,2,1,2,1,1,3,1
0.9941979,1.1241053,8,1,7,7,5,2,3,4,2,4,2,2,2,3,3,2,3,3,2,2,1
1.0188279,0.9379102,7,1,8,7,3,2,4,3,3,2,2,2,4,3,2,2,1,3,1,2,2
1.1152655,0.6571336,5,1,4,5,3,4,4,2,2,3,4,2,2,4,4,1,2,2,2,4,2
0.8452609,0.8924705,5,1,3,13,2,3,4,2,1,3,4,1,3,4,3,3,1,2,2,3,2
1.086344,1.0381128,10,1,9,9,1,1,2,3,1,1,2,4,1,3,2,2,2,4,1,1,1
0.8411733,0.639744,6,2,15,4,2,2,2,2,2,2,2,2,2,2,2,2,2,2,1,2,1
1.2168678,1.1521255,99,1,3,13,2,1,3,2,2,1,1,4,1,3,3,5,2,3,1,3,3
0.9802399,0.7533573,0,1,5,4,4,4,4,2,2,3,3,2,4,4,4,1,4,1,1,4,2
0.9908339,0.5846772,0,1,4,11,4,4,4,5,2,3,4,1,4,4,4,1,4,1,1,4,2
1.3513579,1.3517591,5,1,7,7,4,4,4,4,4,3,3,3,3,3,4,4,4,1,1,3,1
1.0695165,1.1191255,3,1,3,4,1,1,4,2,2,1,3,3,2,3,3,1,1,2,1,3,1
0.9721754,0.6330701,2,1,4,4,1,4,2,2,1,4,4,1,2,2,1,1,1,1,1,2,2
1.1152655,2.0740342,99,3,14,12,2,2,3,2,2,2,3,3,2,4,2,2,2,2,4,4,3
0.9682826,1.0486807,99,1,7,9,1,1,3,4,1,1,2,3,1,4,3,2,4,3,1,2,1
0.9930898,0.7639238,3,1,5,5,4,2,4,5,1,2,5,2,2,4,2,3,4,2,1,2,2
0.9967553,1.0700281,5,1,7,6,4,2,3,3,2,2,3,2,3,3,1,2,2,3,1,2,1
0.9313255,0.9375586,8,1,9,9,2,1,2,4,2,1,2,3,1,4,2,2,2,2,2,3,2
0.9760174,1.6617472,5,1,12,7,2,2,2,2,2,3,2,2,2,2,2,2,3,2,1,2,1
1.0354577,1.8522091,5,3,14,12,3,3,3,2,3,3,3,2,3,3,3,3,3,3,1,3,1
1.0572853,0.6645678,2,1,4,4,2,4,4,4,1,4,4,1,4,1,2,4,4,1,2,2,1
0.9744866,1.0446591,99,1,7,11,1,1,2,2,2,2,2,3,2,3,2,2,2,5,1,3,2
0.9873164,0.7498137,8,1,5,7,4,3,4,3,2,2,4,2,4,4,1,3,2,3,2,2,1
0.8974956,0.9530131,2,1,3,9,3,2,4,1,2,2,3,1,1,4,2,1,1,2,1,4,2
0.9962875,1.1496922,1,1,3,3,4,3,4,1,3,4,4,2,4,4,1,1,4,1,1,3,2
0.8932012,0.9833198,5,1,7,6,3,2,4,3,2,1,2,4,2,3,2,1,1,2,1,2,2
0.9939981,0.6517717,4,1,4,4,4,3,4,3,3,3,4,2,3,4,3,1,3,2,1,5,2
0.9880807,1.0042783,8,1,9,9,1,1,1,4,1,1,2,4,2,5,1,3,2,3,2,2,1
1.0183314,0.5871043,99,1,4,4,5,5,4,1,1,4,4,2,5,4,5,1,2,2,1,5,1
1.0356979,0.9084762,7,1,8,7,2,2,4,3,2,3,4,3,2,4,2,3,2,3,1,2,2
0.8711714,0.8053366,5,1,9,9,2,1,4,1,1,3,2,2,2,2,2,2,4,1,1,4,1
0.9861222,0.7229545,99,1,5,13,2,2,3,2,2,2,3,3,2,3,2,2,2,2,2,2,2
1.0190327,0.9106138,5,1,6,12,4,3,3,4,2,2,4,2,3,2,2,2,3,1,2,4,2
0.8897585,0.9325621,8,1,7,13,1,1,4,2,2,1,2,4,1,3,5,2,1,4,4,3,3
1.0127628,0.5937458,5,1,4,4,3,4,4,4,2,4,4,1,4,4,3,2,3,2,1,4,1
0.936287,0.9384257,99,1,3,13,3,5,4,2,5,5,3,3,2,4,2,5,3,5,2,2,1
0.8795698,1.0295436,3,1,3,4,4,3,4,1,3,3,4,2,3,4,4,1,4,2,1,3,2
1.1080949,0.8900975,5,1,5,4,4,3,2,3,3,3,3,2,2,4,2,2,2,2,1,2,1
1.0764312,0.9527658,9,1,9,9,1,2,4,1,2,2,5,2,2,4,2,2,2,2,1,2,1
1.0404634,0.8486447,5,1,5,4,2,2,4,2,2,2,3,3,3,4,4,2,1,3,1,4,2
0.8991504,0.6694185,99,1,5,4,4,2,4,3,3,1,3,2,1,4,4,1,3,3,2,3,2
0.9881884,1.0234213,3,1,3,4,4,2,4,2,2,3,4,2,3,4,4,2,2,2,4,3,2
0.9675895,0.9377953,7,1,9,7,1,1,1,3,1,1,1,4,1,4,1,1,1,1,2,1,2
1.0716033,0.8643808,3,1,5,4,2,1,4,2,1,2,3,4,2,4,2,1,2,2,1,3,1
0.9815928,0.9314965,10,1,8,7,1,1,4,1,1,2,1,4,3,1,1,1,1,1,1,1,2
0.9800428,0.7474946,5,1,5,4,4,3,3,2,1,2,3,2,2,3,2,2,1,3,2,2,1
0.9719698,0.99259,9,1,7,7,3,2,4,2,2,1,2,3,2,4,1,2,1,4,2,1,1
0.9744866,0.7596945,7,1,5,6,2,2,2,3,3,2,2,3,2,3,2,2,2,3,2,3,1
0.9458172,1.0104886,7,1,7,7,4,1,2,4,2,1,2,4,1,4,1,3,2,4,2,2,1
0.969677,1.7972893,8,3,14,7,2,1,2,4,2,1,1,4,2,2,1,4,3,2,1,2,1
1.0417395,1.8962312,0,3,14,12,1,1,3,3,4,4,1,2,3,4,4,4,3,4,3,4,2
0.9400982,0.7000757,2,1,5,4,4,4,4,2,2,3,4,2,4,4,4,2,4,3,1,3,1
0.8825805,0.8882411,1,1,3,3,4,3,4,1,2,2,3,2,4,4,4,1,4,1,1,4,2
1.0784453,1.7986611,10,3,14,9,4,1,4,3,4,4,3,4,1,4,4,4,2,2,1,2,1
1.3396876,1.0459893,5,2,15,6,3,3,3,2,2,2,3,4,3,1,2,2,2,2,2,2,2
1.1101581,1.9906031,7,3,14,4,1,1,3,4,1,1,3,4,1,4,3,1,3,2,3,4,2
0.9190457,0.9517154,0,1,3,5,3,4,4,1,2,4,4,1,4,4,3,1,4,1,1,4,2
1.0192578,1.8252856,99,1,16,14,2,1,4,3,3,1,3,4,2,4,2,1,2,1,1,3,2
1.0095371,0.9975697,99,1,3,7,2,3,4,5,3,3,4,2,2,4,2,3,3,3,2,3,3
0.9941811,0.9605187,99,1,9,9,1,1,2,4,1,1,1,4,1,2,1,2,2,4,3,1,1
0.9806578,1.964463,7,1,12,7,2,2,4,2,2,2,4,2,4,4,1,2,2,3,2,1,1
1.0598625,1.1125666,7,1,9,9,2,1,2,3,1,1,1,4,1,3,2,2,2,3,2,3,1
1.0274966,1.112657,8,1,7,7,2,2,2,3,2,2,3,2,2,3,3,3,2,2,1,2,2
1.056374,1.1003003,7,1,7,7,3,1,3,4,2,2,2,3,1,4,2,3,3,3,2,2,1
0.968088,0.7566844,7,1,5,12,5,1,5,3,3,2,2,4,5,3,5,3,2,2,2,5,1
0.9744866,1.0446591,8,1,7,7,2,2,2,4,2,1,2,3,2,4,1,3,2,3,2,2,1
0.9723843,0.7421606,5,1,5,13,4,3,4,2,2,2,3,2,3,4,2,3,2,4,2,2,2
0.9908339,0.9452575,8,1,9,7,3,1,2,2,2,1,3,3,1,4,2,2,2,3,1,3,1
1.1257557,0.9199197,4,1,5,4,4,3,4,2,2,3,4,2,4,4,2,3,2,2,2,3,1
1.0581292,1.0152024,2,1,3,3,3,3,3,3,3,3,3,3,3,3,3,3,3,3,2,3,2
0.9849337,0.879145,5,1,8,6,2,2,5,5,2,2,3,3,2,4,4,5,3,5,4,5,3
0.9744866,1.0446591,9,1,7,7,1,1,1,4,2,1,1,3,1,4,2,1,2,2,1,2,2
0.9744866,0.7596945,6,1,5,4,4,3,1,2,2,2,4,1,4,3,3,3,3,3,2,2,1
0.945076,0.881291,99,1,8,8,3,4,4,2,3,4,4,2,3,4,5,2,4,5,4,2,3
0.894637,1.5820802,2,1,12,13,3,4,3,3,4,4,5,4,4,3,3,4,4,4,1,4,2
0.909781,0.6753696,99,1,5,13,4,3,4,1,2,3,3,3,3,3,4,2,3,4,2,3,2
0.8452609,0.8073098,10,1,9,13,1,1,4,1,1,1,1,2,1,4,2,2,1,3,1,2,2
1.0624663,0.8085608,99,1,5,4,2,2,2,2,2,3,2,3,2,3,3,5,2,3,1,2,2
0.8825805,0.8882411,0,1,3,3,4,4,4,2,2,2,4,2,4,4,4,1,4,1,1,4,2
1.0031106,0.9825207,9,1,9,7,3,1,4,3,2,1,2,3,3,4,3,1,2,3,2,4,2
0.9825804,1.0818036,5,1,7,7,1,2,4,1,2,3,4,2,2,4,3,2,3,3,2,2,1
0.9778288,0.9950436,8,1,7,7,4,1,3,1,1,1,1,4,2,4,1,3,2,4,2,1,1
1.0380849,1.1005846,5,1,3,9,2,1,2,5,2,1,4,2,1,2,2,1,2,2,1,4,2
0.9550814,0.9949309,7,1,7,7,1,2,4,1,2,1,2,2,2,4,3,2,2,2,2,3,2
1.0287199,1.0423414,8,1,7,7,2,1,3,3,2,2,2,2,2,4,1,3,2,4,1,2,2
1.054417,1.8375283,99,3,14,13,2,1,4,4,2,1,3,3,1,3,3,2,3,1,1,3,2
0.9962875,0.8005288,6,1,5,4,4,4,2,4,3,4,4,1,4,4,2,2,3,2,2,4,2
1.0460718,0.9660758,10,1,9,9,1,1,2,4,2,1,1,4,1,4,3,1,3,2,1,4,2
1.0499864,0.7613105,5,1,5,4,3,3,4,2,2,3,3,3,3,3,3,3,2,2,1,2,1
1.0176038,1.0811797,99,1,7,8,2,1,2,4,2,1,3,4,1,4,2,2,2,3,1,2,2
1.0359062,1.086948,3,1,3,3,4,3,4,1,2,3,4,2,3,4,4,2,3,2,1,4,2
0.9778288,0.7236133,5,1,5,7,1,1,4,1,2,1,2,3,2,3,2,1,2,5,1,3,1
0.9939981,1.1648852,5,1,3,4,4,3,4,2,2,3,3,2,3,4,2,1,3,1,1,3,2
1.0016576,0.9113018,10,1,9,9,1,1,1,4,1,1,1,1,2,4,4,1,4,3,1,3,1
0.9698348,0.6734827,3,1,5,4,4,4,4,2,3,3,4,3,3,4,4,1,4,2,1,4,2
1.1152655,2.0740342,99,3,14,9,2,2,4,2,2,1,2,4,1,2,2,2,3,2,1,4,2
0.9217243,1.0089781,8,1,7,7,4,1,4,2,3,1,3,4,1,4,2,4,2,4,2,1,1
0.8342186,0.5981129,5,1,5,6,1,1,4,4,1,1,3,3,2,4,2,2,2,3,2,3,1
1.0356979,0.5477082,5,1,2,7,2,1,4,2,2,2,5,5,2,4,2,2,2,3,2,4,2
0.9827697,0.9212945,8,1,9,7,3,3,4,2,2,3,3,2,3,4,3,2,2,3,2,3,2
0.993314,0.6094553,99,1,4,4,4,4,4,2,4,4,4,1,4,4,4,2,4,2,2,2,1
0.9051995,1.5632253,99,3,14,13,5,3,4,2,3,4,4,2,5,4,5,3,2,3,3,5,1
1.054417,0.9412517,5,1,9,9,2,1,3,3,2,1,3,3,1,2,3,1,2,2,2,2,1
0.9725798,0.8616372,6,1,1,1,1,1,1,1,2,2,2,4,3,3,3,1,3,2,1,3,1
1.0425724,1.7482293,5,3,14,9,1,1,3,4,3,2,4,4,2,3,3,2,4,4,2,4,1
0.9291049,0.6608458,1,1,5,4,4,4,1,4,1,4,1,1,4,4,4,1,4,1,3,4,2
0.936287,0.525064,3,1,4,13,4,4,4,1,3,4,4,1,4,2,4,1,4,1,1,2,2
0.8875076,1.6384106,99,1,13,12,3,2,4,2,2,3,3,2,2,4,3,2,3,2,2,3,2
0.9597764,0.8594759,6,1,8,9,2,1,3,3,2,1,2,3,2,4,3,2,2,3,2,3,1
0.8869581,0.6630198,3,1,5,4,4,2,4,2,2,1,3,3,2,4,4,1,4,2,2,4,1
0.9439665,0.581386,2,1,4,5,4,4,4,2,4,5,4,1,4,4,3,2,4,1,1,4,2
0.9962875,0.8005288,6,1,5,7,1,1,4,1,1,1,1,4,1,1,3,1,2,1,1,4,1
0.9642465,0.7663811,5,1,5,4,4,5,5,4,2,5,3,2,2,4,2,3,5,3,1,2,1
1.0258988,1.112497,8,1,7,4,3,1,4,2,2,2,2,3,1,4,2,3,2,4,2,2,1
1.0346602,0.8912113,10,1,9,9,1,1,4,1,4,4,1,4,1,4,4,1,4,1,1,4,2
0.9467089,1.0713416,9,1,7,13,2,1,2,4,2,1,2,3,1,4,1,3,2,4,2,2,1
0.9712064,0.6477509,99,1,5,7,3,3,4,1,3,3,4,2,3,4,3,3,3,3,2,3,2
0.9693925,0.669843,4,1,5,4,2,5,3,3,2,5,3,5,5,4,2,3,5,2,2,2,1
0.8464529,1.518527,99,1,16,13,2,3,4,2,2,3,3,2,2,4,3,3,2,3,4,4,3
0.9360124,0.8023808,99,1,9,13,1,1,3,2,2,3,3,3,1,5,2,1,1,3,2,4,1
1.0458615,0.5929039,99,1,4,5,2,2,4,1,2,2,3,5,2,3,4,2,4,2,1,4,2
1.0188279,1.9662476,3,3,14,12,2,2,2,4,2,2,5,5,3,3,2,2,2,4,2,2,2
0.9849337,1.043669,99,1,3,3,2,1,4,1,1,1,2,3,2,4,2,2,1,1,1,3,2
0.9519936,0.6258286,10,1,5,6,1,4,4,1,1,1,1,1,1,1,3,1,1,3,2,1,1
0.904717,0.7078904,5,1,5,4,4,2,4,1,3,3,4,2,2,4,1,1,1,4,2,3,1
0.946272,0.5524887,2,1,4,3,4,3,3,2,2,3,3,2,3,3,3,1,2,1,2,4,2
0.9571338,0.5047982,5,1,2,4,1,2,4,2,2,3,4,2,1,2,2,2,2,2,2,1,1
1.2739922,1.2718518,8,1,7,7,1,1,1,2,1,1,1,2,1,2,1,2,1,4,3,2,1
1.3644105,0.8967124,5,1,5,4,2,1,3,2,1,3,1,3,2,4,2,1,1,2,1,3,1
0.8964668,0.8721301,7,1,7,6,3,2,3,5,3,2,2,2,2,3,5,3,2,2,2,3,2
0.9941979,1.1740215,2,1,3,3,4,4,4,2,3,4,4,1,4,4,3,2,3,1,1,4,2
0.9899942,1.7872459,5,3,14,13,4,4,4,4,4,3,3,4,3,4,2,4,3,3,3,4,2
0.9873164,1.9016588,5,1,16,6,2,2,4,1,2,1,3,3,2,4,3,3,2,2,1,3,2
0.9908339,0.7276109,8,1,5,7,1,1,3,2,2,1,3,3,5,3,1,3,2,4,2,2,1
0.9886964,0.9234408,7,1,9,9,1,1,3,2,2,1,2,4,2,3,4,2,3,3,1,2,2
1.0801702,1.1303432,2,1,3,12,2,4,4,2,4,2,4,2,3,3,2,2,3,3,1,3,1
0.9442804,0.9644517,5,1,7,6,1,2,4,2,1,2,2,3,1,2,2,2,1,3,2,2,1
1.0610924,1.1156943,5,1,9,8,1,1,2,3,1,1,2,4,2,4,2,1,3,2,1,4,2
1.0187398,1.0354494,99,1,3,3,3,3,2,3,3,3,3,2,3,4,4,1,4,2,2,4,2
1.0328144,0.9315433,7,1,9,9,1,1,1,4,2,1,1,4,1,1,3,1,2,3,3,1,2
0.9340678,0.9080427,9,1,7,7,2,5,5,3,5,5,4,5,3,3,2,5,5,4,3,2,1
0.9188603,0.6062142,6,1,5,7,4,3,4,4,3,5,3,4,5,3,3,3,3,3,2,5,2
1.1032143,1.166434,99,1,7,7,5,5,5,4,2,1,5,3,2,5,1,5,3,4,4,2,1
0.9095982,0.6701139,5,1,5,4,3,3,3,3,3,4,2,3,3,3,2,3,3,2,2,3,2
0.8918399,0.8824834,99,1,8,7,2,2,5,2,2,2,3,3,1,4,3,2,3,2,2,4,2
0.9928902,0.757979,3,1,5,4,5,2,3,5,2,2,5,5,5,4,3,2,4,2,1,4,2
1.0366631,1.9769096,6,1,12,11,3,5,2,5,3,5,3,2,5,4,2,2,3,3,2,3,1
0.978601,1.0876638,7,1,7,7,3,2,3,3,3,1,4,3,4,4,1,3,2,4,2,2,2
0.9150811,1.6205001,5,3,14,12,4,2,4,2,2,2,3,3,2,3,2,1,1,2,1,2,2
0.9939,1.0102718,5,1,7,4,4,4,1,4,1,3,4,2,3,2,4,3,1,3,2,2,1
0.9939981,1.0537302,9,1,9,9,1,1,1,4,2,1,2,4,1,2,1,1,2,4,1,2,1
1.0027708,1.7500263,8,3,14,7,1,1,3,4,2,1,1,4,1,4,4,4,2,4,2,4,1
0.8754923,0.6645486,5,1,5,4,4,2,3,3,2,1,2,2,2,4,2,2,2,3,1,3,1
0.9962875,1.1008105,6,1,7,7,1,1,4,4,2,1,2,4,1,4,1,4,1,4,2,1,1
0.9962875,1.039987,9,1,9,9,2,2,4,2,3,1,2,3,1,4,4,1,2,4,2,3,2
1.0021291,0.8745937,8,1,9,9,1,1,1,4,1,2,3,2,2,4,1,2,2,4,3,2,1
0.941847,1.8288516,2,3,14,12,1,1,1,1,1,1,1,4,1,4,1,1,1,4,1,4,2
0.9412728,0.8565463,5,1,9,9,1,1,4,1,1,1,1,4,1,1,3,1,2,1,1,4,2
1.0500209,1.012236,7,1,7,7,4,2,3,2,3,3,3,2,2,3,3,2,3,2,1,3,1
1.0895385,0.6839095,5,1,5,4,1,2,4,1,2,2,2,3,1,2,1,1,1,2,1,1,1
0.9941979,2.073245,9,3,14,12,1,1,1,4,2,1,1,4,1,4,1,2,2,4,2,2,2
1.0049258,1.8110576,0,1,16,14,4,4,4,1,3,4,4,1,4,4,4,1,4,1,1,4,2
1.1465466,2.092418,99,3,14,7,3,3,4,2,2,3,4,2,4,4,2,2,1,2,3,3,2
0.919045,0.6109688,4,1,5,3,2,3,4,2,2,3,3,2,2,2,2,1,2,2,3,2,3
0.9273166,0.9717422,6,1,3,6,4,2,2,4,3,3,2,2,2,4,3,2,2,2,2,2,2
1.075412,1.0774506,99,1,3,9,1,1,4,1,1,1,1,3,1,3,2,1,1,3,2,4,2
0.9113895,0.5308229,4,1,4,6,4,5,4,1,2,3,4,2,4,4,5,2,5,2,1,4,2
1.0188279,0.6229826,3,1,4,4,4,3,4,2,2,4,4,2,4,4,2,2,3,3,1,2,1
1.0125592,1.0529199,4,1,3,7,2,3,4,3,2,3,4,2,2,4,3,1,3,1,1,4,2
0.9806578,1.1124212,5,1,3,9,3,1,4,1,1,1,2,2,1,4,1,2,1,1,1,2,1
1.0234985,1.0896642,8,1,7,7,1,1,3,2,2,1,2,3,1,4,2,3,2,2,2,2,2
0.9717745,0.9848656,8,1,7,14,2,1,2,4,2,1,2,3,2,3,1,4,2,4,2,2,2
1.0148205,0.8980221,7,1,8,7,2,2,3,4,3,2,3,3,2,2,2,3,2,4,2,1,1
0.942119,0.5836707,6,1,4,4,3,3,4,2,3,3,3,2,3,3,3,2,3,2,2,4,1
1.0716134,0.7914479,3,1,5,4,4,3,3,2,1,3,3,2,3,4,3,1,2,2,1,3,1
0.8774746,0.9439824,8,1,7,7,4,2,2,4,2,2,3,2,3,4,2,3,3,3,2,1,1
0.9493977,0.9212338,2,1,3,1,4,4,4,1,3,4,4,1,4,4,1,1,4,1,1,4,2
1.0762148,0.9453513,5,1,9,11,2,3,5,2,3,2,1,4,2,3,3,1,3,1,1,1,1
0.9303262,0.6559397,7,1,5,6,2,3,4,2,4,4,4,2,1,2,4,1,3,2,3,3,2
1.0565362,0.5306676,5,1,2,6,5,5,5,5,5,3,4,2,3,4,5,5,5,2,2,2,1
1.0684996,0.9015133,5,2,15,13,2,2,2,2,2,3,3,2,3,3,2,2,3,2,2,3,2
0.9190457,0.5324998,99,1,4,5,4,4,4,2,3,3,4,1,4,4,3,1,3,2,1,4,2
0.9189732,0.8410008,5,1,8,6,5,2,1,4,2,1,3,3,2,4,2,2,2,2,1,3,2
1.0932894,0.8516375,5,1,5,4,3,3,4,2,1,3,4,2,4,4,2,3,3,2,1,3,1
0.9967553,0.7781432,5,1,5,6,3,2,3,3,2,2,3,2,2,3,2,2,3,2,1,3,1
1.0128738,1.0158961,9,1,7,9,1,2,1,4,2,1,3,3,1,4,3,2,4,3,2,4,2
0.982778,0.7928768,7,1,5,7,4,3,2,4,2,4,4,2,2,4,1,2,3,3,2,2,1
0.9313255,0.9923916,99,1,7,7,1,1,4,3,2,1,1,3,2,4,2,2,3,2,1,4,3
0.9048989,0.7134424,5,1,5,4,2,2,4,5,3,1,3,4,5,4,3,3,2,4,2,3,1
0.9963954,1.033128,2,1,3,3,2,1,2,4,4,2,2,4,1,1,1,2,2,2,4,4,1
0.9744866,1.0446591,99,1,7,7,1,1,1,4,1,1,1,4,1,4,2,3,2,4,3,1,1
1.0176038,0.9511841,99,1,8,9,3,2,2,3,2,1,2,3,2,3,3,2,3,2,1,3,1
1.0320958,1.007811,8,1,7,9,3,2,3,3,1,2,4,3,4,4,1,2,2,3,2,2,1
1.0406986,1.1003873,8,1,7,7,1,1,2,3,2,3,3,2,3,4,3,2,2,3,2,3,1
0.9409599,0.8835958,5,1,9,7,3,1,4,1,1,1,5,4,5,4,1,1,3,1,1,4,2
1.0498099,1.0489575,0,1,3,3,3,3,4,1,2,3,4,1,3,4,3,2,3,2,1,3,2
1.074476,1.7812175,5,3,14,12,4,4,4,3,3,3,4,1,4,4,4,4,2,2,2,4,2
1.0629853,1.027597,0,1,3,2,1,1,3,2,3,3,3,3,2,3,3,1,3,2,1,2,2
1.0359062,0.98323,99,1,9,9,1,1,4,3,2,1,2,3,1,4,3,2,3,2,2,3,2
0.9879897,0.9185607,7,1,9,14,1,1,2,4,2,1,2,3,2,2,2,1,3,1,2,4,2
1.0289267,0.6138811,3,1,4,3,4,3,4,1,2,3,4,2,2,4,2,2,4,2,1,3,2
1.0095371,0.9975697,5,1,3,7,3,2,4,4,3,1,3,1,2,4,4,1,4,2,1,4,2
0.9201065,0.7001332,99,1,5,7,2,1,2,4,1,1,1,4,1,4,3,5,1,4,1,3,2
1.006741,0.7712964,99,1,5,7,4,2,4,2,1,4,4,2,4,4,4,2,4,3,2,3,2
0.9383906,0.5380238,99,1,4,4,4,3,4,3,2,3,3,2,3,4,3,1,4,1,1,4,2
1.0612968,0.5995384,5,1,4,2,2,3,4,1,2,3,3,1,3,3,3,2,2,2,1,3,2
1.0088798,1.0453969,10,1,9,9,1,1,4,4,1,1,1,4,1,1,2,2,2,3,2,3,2
0.9919351,1.8152335,99,3,14,12,2,1,2,4,2,1,1,4,1,4,2,1,5,3,1,4,2
0.9597225,1.081681,7,1,7,7,2,2,4,1,2,2,2,2,2,4,2,3,4,4,2,2,1
0.9744866,1.0446591,8,1,7,7,3,1,2,4,2,1,1,4,1,3,1,2,3,4,2,3,1
0.9744866,1.0446591,8,1,7,7,1,1,2,3,2,2,5,2,2,2,1,5,2,4,2,2,1
0.9967553,1.0700281,7,1,7,7,2,1,2,4,5,1,2,3,5,3,2,4,5,4,2,2,1
0.9730027,1.711928,7,3,14,12,4,3,4,2,2,2,4,2,3,3,1,2,3,3,2,2,2
0.9849337,0.7267051,5,1,5,7,1,2,4,2,1,1,2,3,5,4,2,3,2,4,1,4,2
1.0345162,1.8977057,99,3,14,12,4,4,4,1,4,4,4,1,4,4,4,1,4,1,1,4,2
1.167187,0.6883346,4,1,4,4,4,2,4,2,2,2,3,2,3,3,3,2,3,2,2,2,2
1.0124656,0.9073375,9,1,9,3,2,2,3,4,2,3,3,3,3,3,5,5,2,2,2,3,2
0.9106559,0.7109938,8,1,8,9,2,2,4,1,3,1,2,3,1,4,3,3,3,3,2,3,1
0.9370913,1.0494249,6,1,7,7,3,1,4,2,1,2,3,4,2,4,2,3,2,4,2,1,2
1.3818121,1.2174373,5,1,7,8,1,1,2,4,1,2,2,2,2,1,2,2,1,1,1,2,1
1.0664541,0.8111597,2,1,5,3,4,4,4,1,4,4,4,1,4,4,3,2,4,1,1,4,2
0.9046278,0.8329925,5,1,9,9,2,1,5,5,2,1,1,4,1,5,2,2,3,2,1,5,2
0.9825804,1.0818036,9,1,7,7,3,1,2,3,2,1,2,3,2,3,1,3,2,4,2,2,1
0.9875923,1.0412359,0,1,3,4,4,4,4,1,3,4,4,2,4,4,2,2,3,2,1,4,2
0.9967553,1.0700281,7,1,7,7,1,1,3,4,2,1,3,3,5,4,1,4,2,4,2,1,1
1.0326074,0.6200969,5,1,4,8,2,2,2,3,2,2,3,3,3,3,3,3,2,2,2,3,1
0.9918358,0.9429969,10,1,9,12,1,1,1,4,1,1,2,4,1,4,2,2,2,2,1,4,2
0.9941979,0.8174692,5,1,5,6,2,2,4,3,2,2,3,2,2,4,2,2,3,2,2,2,1
1.0172436,1.1132716,2,1,3,3,5,5,4,5,2,2,4,5,4,4,4,1,4,3,1,4,2
1.0328144,0.5761945,4,1,4,6,4,3,4,1,2,2,3,3,5,3,3,1,3,3,2,3,2
0.9742907,0.5497738,99,1,2,6,4,5,4,5,3,5,5,3,5,4,2,5,4,5,1,3,1
0.9740049,1.8070061,7,3,14,9,1,1,5,3,1,1,1,4,1,4,3,2,3,3,2,2,1
1.0232494,0.7687029,5,1,5,14,4,5,4,2,4,4,4,2,4,4,4,5,4,3,2,4,3
0.978601,0.7909683,4,1,5,4,4,2,3,3,3,3,4,2,3,4,3,3,3,3,2,2,1
1.0148205,1.0207522,8,1,7,7,1,1,1,2,4,1,2,4,2,4,2,2,3,4,3,1,1
1.1003183,1.0236824,5,1,9,9,1,1,1,4,2,1,1,4,1,4,2,1,1,1,1,4,1
0.8795698,0.7168695,5,1,5,6,4,3,4,2,3,3,2,1,3,4,2,3,2,3,1,2,1
0.9880807,1.0042783,99,1,9,9,1,1,3,2,1,1,3,2,1,4,3,2,1,2,2,4,2
0.9190652,0.5508141,3,1,4,4,3,3,4,2,3,3,3,3,2,4,4,2,3,2,1,3,2
0.9742907,1.0365295,7,1,7,7,2,1,5,4,2,1,5,4,2,4,1,2,2,4,2,2,1
1.0514162,0.9995968,99,1,9,9,4,1,3,3,1,1,1,4,1,4,4,1,1,3,1,4,2
0.885056,0.6406766,99,1,5,4,4,3,5,5,2,3,3,2,5,4,4,2,3,2,1,5,1
0.9559569,1.7827656,6,1,12,7,2,3,3,3,2,2,3,3,3,4,3,2,3,2,2,4,2
0.9590114,0.7477561,5,1,5,6,3,2,3,4,3,1,2,3,2,3,2,2,2,2,2,2,2
1.1188569,1.1689001,4,1,3,3,4,3,3,2,3,3,3,1,3,4,3,2,3,3,1,3,1
0.9878821,0.8939075,6,1,6,6,1,2,3,4,2,1,3,3,2,4,4,2,4,2,1,5,2
1.00974,0.9094577,6,1,9,9,2,1,3,2,4,1,3,2,3,3,2,2,4,2,1,3,1
1.0295452,1.7808614,8,3,14,12,3,3,3,2,3,3,3,2,3,3,3,3,2,2,1,3,1
1.0014563,0.6960146,5,1,5,5,2,2,2,2,2,3,2,3,2,4,2,2,2,2,2,4,1
1.0716134,1.1366506,0,1,3,3,4,2,1,4,2,1,2,2,2,4,4,1,2,1,1,4,2
1.0406986,0.8002211,3,1,5,4,4,3,4,1,2,3,3,2,3,4,3,1,3,2,1,4,2
1.4934647,1.3323369,10,1,9,9,1,1,1,4,3,1,1,4,1,4,3,1,2,4,3,4,2
1.0174482,0.7812489,5,1,5,4,2,2,3,2,2,3,2,5,5,3,3,5,5,2,1,2,1
1.0208451,0.7198036,5,1,5,7,5,5,4,2,2,3,4,2,4,4,1,5,2,4,2,4,1
0.9941979,0.8174692,5,1,5,4,3,5,4,3,5,3,4,2,4,4,4,2,3,2,2,3,2
0.9292797,0.9259238,7,1,7,7,4,3,3,4,3,3,3,2,3,3,3,3,2,2,2,3,1
1.0039381,0.9567822,10,1,9,9,3,1,2,3,3,1,3,3,2,4,3,1,2,2,2,3,1
0.986729,0.8190924,7,1,5,12,1,1,4,4,1,1,2,3,1,4,3,2,3,4,3,2,1
0.887686,0.6510831,5,1,5,13,2,3,4,1,4,3,3,2,2,4,4,4,2,4,2,2,1
0.9779275,0.9608518,10,1,9,9,1,1,1,4,2,1,1,4,1,2,2,1,2,3,2,3,2
0.885056,0.880997,5,1,7,1,3,2,2,2,2,3,3,3,2,2,2,2,2,2,2,2,1
1.0107675,0.7781534,3,1,5,4,4,3,4,3,2,2,4,2,3,4,2,2,2,2,1,3,2
0.9744866,0.7596945,5,1,5,7,1,1,1,4,1,1,4,2,1,2,1,1,1,2,1,4,1
0.9742907,0.7537826,2,1,5,4,4,3,3,2,2,2,4,2,4,4,3,3,2,3,1,4,1
0.9851317,0.9514852,10,1,9,9,1,1,4,1,2,1,2,3,1,4,3,1,1,3,2,4,2
0.969677,0.7086613,3,1,5,4,3,2,2,3,2,2,3,3,2,4,2,3,2,3,1,2,1
0.9742907,1.0365295,8,1,7,7,3,3,5,5,3,2,4,2,5,4,2,3,5,3,2,2,1
0.9742907,0.9792578,4,1,9,9,2,5,4,5,2,2,2,3,5,5,2,2,5,2,1,2,3
0.9315128,1.000175,8,1,7,7,4,1,4,4,4,1,1,3,2,2,2,4,3,3,2,2,1
0.9313255,0.7216846,7,1,5,7,4,2,3,3,2,3,3,2,3,4,2,2,1,2,2,3,1
1.0326067,0.924294,99,1,9,9,2,1,2,5,5,1,2,4,1,5,3,5,5,5,1,3,3
0.9313255,0.7216846,4,1,5,4,4,3,4,2,3,3,4,2,4,4,3,3,4,3,1,3,2
0.9917358,0.7101668,3,1,5,4,4,3,4,2,2,3,3,3,3,4,3,3,2,1,1,3,1
1.0327435,0.9866223,9,1,9,9,2,2,1,4,2,1,3,3,2,4,2,3,2,2,1,2,1
1.0187538,0.7345877,6,1,5,12,4,3,4,2,3,2,5,3,2,4,1,2,4,5,1,2,1
0.8869581,0.4835757,2,1,2,3,4,2,3,4,3,3,2,3,2,4,3,1,1,1,1,3,2
0.9171699,0.6517876,8,1,5,13,3,2,3,3,2,3,3,2,3,3,2,3,2,2,1,2,1
0.9458172,0.7348452,5,1,5,4,3,2,3,3,2,2,5,2,3,4,2,3,2,3,2,2,1
0.9962875,0.5838684,5,1,2,2,2,2,4,5,2,5,5,3,2,3,5,1,2,2,2,3,2
1.1152655,1.0623989,99,1,9,7,2,2,4,1,2,1,3,3,2,3,4,2,2,3,2,3,2
0.9675895,1.0367205,4,1,3,4,4,3,4,2,1,3,3,2,2,3,2,2,4,1,2,3,2
1.4503937,0.949441,5,1,5,7,2,2,4,2,1,1,3,3,3,3,2,3,3,3,1,3,1
1.0610474,0.8396313,3,1,5,5,4,4,4,1,3,3,4,1,4,4,3,2,3,3,2,3,1
1.0125592,1.0529199,1,1,3,4,4,3,4,4,3,2,4,2,4,4,3,2,4,2,1,4,1
1.00974,0.700054,4,1,5,4,2,3,1,4,2,1,4,1,2,3,1,1,2,2,1,4,2
1.0127628,0.9599189,5,1,9,6,3,2,4,1,1,1,3,3,1,4,3,2,1,2,1,2,1
1.0565362,1.8452866,8,3,14,13,2,2,2,2,2,2,2,2,2,2,2,2,2,2,1,2,1
0.9897951,0.9083707,7,1,9,9,1,1,1,4,1,1,1,4,5,4,4,3,1,4,2,2,2
0.9836658,1.0583788,2,1,3,3,4,3,3,3,3,3,3,2,4,4,4,1,4,2,1,4,2
1.0287199,0.9847485,6,1,9,9,1,1,3,4,2,1,4,2,3,3,2,1,2,1,3,4,1
0.9544691,1.0268109,0,1,3,3,4,4,4,2,4,1,4,2,4,4,4,1,4,1,1,4,2
0.9858931,0.7612689,5,1,5,6,4,3,4,5,3,5,4,2,3,4,3,2,3,3,2,2,3
0.9735798,1.0963014,3,1,3,9,3,1,1,3,2,1,1,4,1,3,3,2,1,3,1,1,1
0.9725798,0.6010461,2,1,4,4,4,3,4,2,3,4,4,1,4,4,3,1,3,1,1,3,2
1.0465196,0.6977482,5,1,5,4,4,4,4,4,4,4,4,1,4,4,4,2,4,4,2,3,2
0.9185315,0.7429909,8,1,5,7,3,1,3,4,2,1,2,2,1,4,2,4,2,4,2,2,1
1.0441877,0.8336946,7,1,8,4,1,1,4,2,1,1,3,2,1,4,3,1,2,2,2,4,2
1.0025692,1.7364076,5,1,12,11,3,3,3,3,3,3,3,3,3,3,3,3,3,3,2,3,2
0.9723843,0.5963687,8,1,4,4,4,3,3,3,3,3,3,2,3,4,3,2,3,2,1,3,2
1.0713258,1.1785209,3,1,3,13,3,5,3,2,3,3,3,2,5,3,3,2,3,2,1,3,2
0.9861838,0.9621285,6,1,7,7,4,3,4,2,2,2,3,3,3,4,1,3,3,4,2,2,1
1.011796,0.7641749,4,1,5,4,4,4,4,1,2,4,4,2,4,4,3,3,4,3,2,3,2
0.9655331,0.7979216,5,1,9,9,1,1,1,4,1,1,1,4,1,3,3,1,1,2,3,4,2
1.0373582,1.1547248,2,1,3,3,4,4,4,3,4,3,3,1,3,3,3,2,3,2,1,3,2
1.0387565,0.9844198,9,1,9,9,1,1,1,1,1,4,4,4,4,5,1,1,1,2,4,5,3
1.1101574,1.0392658,3,1,3,7,3,3,4,1,3,3,3,2,3,4,3,2,2,3,1,4,2
1.0476387,1.9006611,99,4,16,14,5,5,5,5,5,5,5,5,5,5,5,5,5,5,4,5,3
1.0092409,0.6565577,5,1,5,4,2,2,3,2,2,2,2,2,2,2,2,2,2,2,1,2,2
1.0261487,1.0089371,5,1,8,11,2,2,4,2,1,2,3,3,3,4,4,1,3,3,2,4,2
0.9825804,1.0818036,5,1,7,7,5,5,2,4,2,2,2,2,5,3,5,2,2,5,4,5,3
1.0424488,0.6315666,5,1,4,6,3,2,4,3,1,3,2,2,2,4,4,2,3,3,1,3,2
0.9115734,0.8735973,3,1,8,5,3,2,2,4,2,2,3,3,2,2,3,2,2,2,2,2,2
0.9495504,0.9187354,9,1,9,9,1,1,1,2,1,1,1,4,2,2,2,2,1,3,2,3,2
1.0074412,0.9670072,99,1,9,7,4,1,4,1,2,1,4,1,2,4,3,1,1,1,1,4,2
1.0190327,0.9106138,5,1,6,4,1,4,2,3,2,2,4,2,1,2,1,1,2,4,2,3,2
0.9364147,1.0890883,3,1,3,3,3,2,3,2,2,3,3,2,3,3,3,2,2,1,2,3,2
0.967784,1.0448517,0,1,3,3,4,4,4,1,3,3,4,1,4,4,4,1,4,1,1,4,2
1.1152655,0.9530573,99,1,6,1,1,1,4,3,1,1,2,4,1,4,4,1,2,1,3,3,2
1.0988687,1.0359976,99,1,9,9,2,1,3,3,2,1,1,4,1,3,3,1,2,2,2,4,1
0.8993312,0.492072,6,1,2,6,3,3,3,3,3,3,3,3,3,3,3,3,3,2,1,3,1
1.1152655,0.989325,5,1,8,7,2,2,3,4,3,2,2,3,2,4,3,2,5,3,1,4,2
1.0684996,2.0428109,5,3,14,11,3,2,2,2,2,3,3,3,2,2,2,2,2,3,2,3,2
1.0373582,1.1547248,3,1,3,12,3,2,4,1,2,1,3,2,2,4,3,2,4,3,1,2,2
0.9578754,1.7107555,4,1,12,13,3,3,3,3,3,3,5,2,3,3,2,5,5,2,1,2,3
1.0575734,0.7647278,7,1,5,6,5,5,4,4,2,3,2,3,1,4,5,2,2,4,2,3,1
0.8439265,0.4558356,3,1,4,4,4,4,1,4,3,4,4,1,4,4,4,1,4,2,3,4,2
0.978601,1.0876638,9,1,7,7,1,1,4,2,1,1,2,4,1,4,1,3,2,4,1,2,2
1.0074412,0.7443526,99,1,5,2,5,5,5,5,5,1,2,5,1,4,5,5,5,2,2,3,2
0.954161,0.9436499,4,1,3,13,3,5,4,5,3,1,2,5,5,4,2,5,3,4,1,4,1
0.9559569,0.7029347,8,1,5,7,3,3,2,2,3,3,2,2,1,1,2,2,2,2,2,2,1
0.9962875,2.0302813,99,3,14,12,5,5,5,5,5,4,4,2,5,5,5,5,5,1,2,5,3
1.0803874,1.0305036,5,1,9,9,3,1,1,3,2,2,2,3,2,3,3,1,2,1,1,3,2
0.9829673,0.9285203,8,1,9,9,2,1,3,2,2,1,2,3,1,2,2,3,2,2,1,2,1
1.0318892,1.8697391,99,4,16,14,4,4,4,4,5,5,2,5,5,5,4,4,4,3,2,5,3
0.9956677,0.8792568,10,1,9,9,1,1,1,4,1,1,1,4,1,4,3,1,1,1,1,4,1
1.0061128,0.9561154,10,1,9,9,1,1,4,1,1,1,1,4,1,4,4,1,4,2,1,4,2
1.0109707,0.6301952,3,1,4,5,4,4,4,1,3,2,4,3,3,4,4,1,3,2,1,4,2
0.9851317,0.9514852,10,1,9,9,1,1,4,2,2,2,2,4,1,5,2,2,2,4,1,2,2
1.0074412,0.8574571,5,1,1,7,2,2,4,2,2,5,2,5,3,4,2,2,2,2,2,3,2
1.0033123,1.0946827,99,1,3,3,1,1,1,4,1,1,1,4,1,3,2,1,4,1,1,4,2
1.00974,0.700054,5,1,5,6,4,3,4,2,3,2,3,2,2,4,2,2,2,3,2,2,2
1.0092409,0.9429259,99,1,3,3,2,1,4,1,3,2,2,4,1,4,2,2,2,2,2,3,2
1.1186042,1.2396337,5,1,3,3,4,2,3,4,2,2,3,2,3,3,2,2,3,2,1,3,1
1.0382775,0.6264508,3,1,4,4,4,4,4,1,2,3,3,2,3,4,2,2,3,1,2,4,2
0.9442534,1.7295822,99,3,14,13,3,3,3,4,4,3,4,4,5,5,3,3,3,4,2,5,3
1.0565362,0.8143438,0,2,15,13,4,4,1,4,4,4,4,1,4,4,2,2,3,2,2,4,2
1.026248,1.8959004,7,3,14,3,4,4,4,1,3,3,4,4,5,5,4,1,4,4,3,5,2
1.0345306,0.9493263,99,1,9,7,4,2,1,4,2,1,3,3,3,4,1,1,2,2,2,3,2
0.9635037,1.0216733,2,1,3,3,4,3,4,3,2,2,3,2,3,3,4,1,4,1,1,4,2
1.0277032,1.1711788,4,1,3,13,4,2,4,5,2,3,2,2,1,4,2,3,1,2,1,3,1
0.9292797,0.9670396,7,1,3,4,1,2,1,1,2,2,1,2,2,2,2,1,1,1,2,2,1
0.8772982,0.9366364,7,1,7,7,3,2,4,4,3,2,5,3,5,3,2,5,4,3,2,2,1
1.0543427,0.6265297,2,1,4,4,4,4,2,4,2,4,4,2,3,3,3,2,3,2,2,3,2
0.9647546,1.019263,99,1,9,7,1,1,4,1,1,1,4,4,1,5,1,1,1,3,2,3,2
1.0176038,1.0214409,5,1,9,9,1,1,1,4,2,1,2,3,2,4,2,1,3,5,1,4,2
0.8801697,0.9295639,99,1,7,7,2,1,3,3,2,1,1,4,5,4,2,1,2,2,2,5,1
0.9456271,1.0471467,1,1,3,3,4,3,4,1,2,4,4,2,4,4,3,2,4,1,1,4,2
0.8753163,0.9067121,7,1,7,7,2,1,2,3,1,1,3,4,2,4,2,2,2,2,2,4,1
0.9825804,1.0220304,99,1,9,9,1,1,1,4,2,1,1,4,1,4,4,1,4,1,1,4,2
1.0801702,1.0224843,9,1,9,4,2,1,1,4,2,1,1,4,1,4,2,1,2,3,2,2,2
0.8795698,0.9857703,8,1,7,7,3,1,2,4,2,1,2,3,2,4,1,2,2,4,2,2,1
1.0543427,1.0721618,99,1,7,6,4,2,4,3,2,4,4,1,2,4,1,3,2,4,1,2,1
0.9906348,0.7219486,6,1,5,7,4,3,3,4,2,3,3,3,3,3,3,3,3,3,2,2,1
0.9896391,0.706598,9,1,5,7,3,2,3,2,3,1,2,3,5,4,5,3,2,3,2,5,1
0.9825804,0.7867066,5,1,5,4,4,3,4,4,2,2,4,1,2,2,1,2,2,3,2,2,1
1.0146165,1.867975,99,3,14,12,2,1,1,4,1,2,2,3,1,1,1,1,2,2,1,2,2
0.9825804,1.0818036,8,1,7,8,3,1,3,2,1,1,1,2,1,3,2,4,2,3,1,2,1
0.8753163,0.659377,99,1,5,6,4,3,5,4,1,3,4,2,5,4,1,5,2,3,2,2,1
1.0693016,1.004459,99,1,9,14,1,1,1,4,1,4,3,4,5,5,5,4,2,4,3,5,3
0.8867798,1.6684486,5,1,16,14,3,5,3,2,2,2,3,3,5,4,2,2,4,2,2,5,1
0.88827,1.0375274,8,1,7,7,2,2,2,4,3,1,2,3,1,3,2,2,2,4,1,2,2
1.0261487,0.8339918,6,1,5,7,4,3,4,2,3,4,3,2,4,4,3,2,3,3,2,2,1
0.9113895,0.9487183,2,1,3,4,3,2,4,1,1,4,4,1,4,4,3,2,4,4,2,4,1
0.9784043,0.7848129,6,1,5,6,4,4,4,2,3,3,3,2,3,4,3,3,3,3,1,3,1
1.0095371,0.9975697,6,1,3,6,2,2,3,2,2,4,3,2,4,4,2,2,2,2,1,2,1
1.0063151,0.9636143,8,1,9,9,2,1,2,4,1,1,2,4,1,4,3,1,1,2,2,4,2
1.0007626,0.6459571,1,1,4,4,4,4,4,2,5,4,4,2,4,4,4,1,4,5,1,4,2
1.0289267,0.9242077,99,1,8,9,1,1,2,4,2,1,1,4,1,4,2,2,3,3,2,3,2
1.0176038,0.7862529,4,1,5,4,4,3,3,3,1,3,3,2,2,4,3,1,3,1,1,3,2
0.9781072,1.7421421,99,1,12,5,4,1,4,1,1,1,4,1,1,4,1,1,4,3,1,3,3
1.1257557,1.3211573,5,1,3,6,4,4,4,2,2,4,4,1,5,4,4,1,4,2,1,4,2
0.9568581,0.7452664,7,1,5,9,3,2,4,4,3,1,3,4,2,4,2,4,2,4,2,1,1
0.9770846,1.9086735,0,3,14,12,4,2,2,3,2,2,2,3,2,2,2,1,3,1,1,4,2
0.9578754,0.6745415,5,1,5,13,5,2,4,2,3,3,3,2,2,3,3,2,3,2,1,3,2
0.9364753,0.6585491,5,1,5,7,2,4,4,2,3,4,4,1,3,4,2,3,3,2,2,3,3
0.9918358,0.9429969,5,1,9,9,1,1,3,4,1,1,1,1,2,4,3,1,1,2,1,3,2
0.936287,0.9384257,99,1,3,13,2,2,4,1,2,2,4,2,4,4,3,1,4,1,1,4,2
0.9364753,0.9457858,3,1,3,13,1,1,4,1,2,1,1,4,1,4,4,1,4,1,1,4,2
0.9444432,0.6873135,6,1,5,7,4,4,4,2,4,1,4,1,4,4,4,4,4,4,1,2,1
1.1431246,1.9824232,5,1,12,6,4,4,4,1,2,4,4,1,4,4,4,1,4,3,1,2,2
0.9813535,0.485001,4,1,2,6,4,3,4,2,2,3,4,2,3,3,2,2,4,2,2,3,2
0.8771341,0.9276282,99,1,9,13,3,1,3,2,2,1,2,3,2,2,4,3,1,2,3,3,2
0.8916025,0.908878,8,1,7,13,4,2,4,1,3,4,4,2,2,4,3,2,3,3,2,4,2
0.9537259,0.653511,5,1,5,4,4,4,3,3,1,3,4,1,3,4,2,1,3,1,1,3,2
1.0329912,0.6993571,4,1,5,4,1,1,4,1,1,1,1,4,1,4,4,1,2,1,1,4,2
0.9329835,1.0942272,5,1,3,4,2,2,4,3,1,2,2,2,1,4,2,2,1,2,2,2,2
0.9192013,0.8336375,10,1,8,8,1,1,1,4,1,1,1,4,1,3,1,3,2,4,1,2,1
0.9784043,0.6306424,3,1,4,4,4,4,4,3,4,4,4,2,4,4,4,2,4,2,2,4,2
1.3705772,1.3855498,99,1,3,3,3,2,1,4,1,4,4,1,4,4,1,4,2,2,1,1,1
0.9467089,1.0713416,7,1,7,7,4,2,4,4,2,3,3,2,3,4,2,4,2,4,2,1,1
1.0281681,0.8327312,99,1,1,11,1,2,2,1,4,2,4,2,2,2,1,1,2,2,2,4,3
0.9846447,0.9445568,7,1,7,7,1,2,2,4,1,1,3,3,2,4,2,1,2,1,1,3,2
1.0489923,1.9751434,99,3,14,7,3,1,4,2,2,1,2,4,2,4,3,1,3,3,1,4,2
1.1335257,0.7930261,5,1,5,7,1,1,4,1,2,1,2,3,1,4,2,3,2,3,2,2,2
1.2678313,2.1576145,10,3,14,7,2,1,1,4,1,1,2,3,1,3,1,3,2,4,2,1,1
0.9744866,1.0446591,7,1,7,7,2,1,2,3,2,1,1,4,1,5,1,2,2,4,1,2,1
1.0361273,0.5458208,5,1,2,5,4,2,3,3,3,2,3,2,1,4,3,2,3,2,1,3,2
0.9113895,0.660591,5,1,5,11,5,1,1,5,5,2,5,3,2,3,5,5,5,3,1,3,1
1.4462405,1.4194,2,1,3,3,4,4,4,1,2,4,3,2,4,4,4,3,3,1,1,4,3
1.0181267,0.7249455,99,1,5,11,1,3,4,2,1,3,2,3,3,4,3,1,2,2,2,4,2
0.8411733,0.4593037,7,1,4,4,2,2,3,2,3,2,2,2,2,2,4,3,3,2,2,2,1
0.9657819,0.9413561,7,1,9,9,2,2,3,3,2,1,2,3,2,3,3,2,3,2,1,3,1
1.1254183,1.0740688,99,1,9,9,1,1,3,2,2,1,1,4,1,4,3,1,2,1,1,4,1
1.0406986,1.0395873,99,1,9,9,1,1,4,3,1,1,1,4,1,4,3,1,2,1,1,4,2
1.0209377,1.8872794,2,3,14,12,3,2,3,3,2,2,3,3,3,3,3,2,3,3,2,2,1
1.0404894,0.7939937,7,1,5,7,4,3,3,3,2,3,1,1,3,4,3,3,2,4,2,2,1
1.1152655,1.0623989,8,1,9,9,1,1,4,1,2,1,2,4,1,3,4,2,2,3,2,3,2
0.8932012,0.8650903,9,1,8,8,1,1,3,4,1,1,2,4,1,5,2,3,1,4,2,2,1
0.9742907,1.9117246,7,1,12,7,3,1,4,3,1,2,4,3,2,4,1,2,2,2,2,3,2
1.0410719,1.7960372,99,3,14,9,4,2,2,3,2,3,3,3,4,3,3,3,4,3,2,4,2
0.9682826,0.6128083,2,1,4,4,2,2,2,3,1,2,3,2,3,4,1,2,2,2,2,3,1
0.982778,0.7928768,5,1,5,5,4,3,4,2,4,3,4,2,3,4,3,4,4,4,2,3,1
0.9742907,1.0365295,7,1,7,7,2,1,2,3,1,1,1,4,2,4,2,1,2,2,1,4,2
1.0347681,0.7713441,4,1,5,6,4,3,4,2,3,2,2,2,3,4,2,3,3,3,2,2,1
0.9825804,0.9168434,99,1,6,11,4,2,4,3,1,2,4,2,2,4,3,2,3,3,1,4,2
0.9241946,0.6911665,4,1,5,4,3,2,3,2,1,2,3,2,3,4,2,2,2,2,1,3,2
0.996555,0.7720877,3,1,5,4,4,2,4,2,3,3,4,3,2,4,3,2,3,3,1,3,1
0.9742007,0.9328767,9,1,9,9,1,1,4,2,2,1,2,4,2,3,3,2,3,2,2,2,2
1.0190327,1.9816689,3,3,14,4,4,4,4,1,2,4,4,2,4,4,3,1,3,2,1,3,2
0.9493595,0.7016921,6,1,5,6,3,2,4,2,2,2,3,2,4,4,2,3,3,3,2,2,1
0.9442534,0.4973933,99,1,2,5,3,3,4,2,2,3,4,2,3,4,3,2,3,3,2,3,2
0.968088,0.7566844,6,1,5,7,3,3,4,3,2,3,3,2,4,4,1,3,3,3,2,2,1
0.972346,0.9746906,8,1,7,7,3,1,1,4,1,1,2,2,2,4,3,3,2,4,2,2,1
1.4934647,1.4728812,0,1,3,3,4,4,4,2,3,4,4,1,4,4,3,1,4,2,1,4,2
0.9941979,1.1241053,8,1,7,7,2,1,3,3,1,1,2,4,2,4,2,2,2,3,3,3,1
0.9392497,1.0817298,1,1,3,3,4,4,4,1,3,3,4,1,4,4,4,1,4,1,1,4,2
1.0545189,1.1403153,5,1,3,9,1,2,2,4,2,2,2,3,2,3,1,1,2,2,1,4,1
1.0504655,0.9260139,99,1,8,11,2,2,3,2,2,2,2,3,2,3,3,2,2,2,2,2,2
0.9635907,1.0594655,5,1,3,7,2,1,1,4,3,2,2,3,2,3,2,3,2,2,2,3,2
0.9456271,0.7291266,7,1,5,7,4,3,4,4,2,2,4,2,3,4,2,3,5,4,3,5,1
1.0181267,0.8351011,7,1,1,9,3,3,3,3,3,3,3,3,3,3,3,3,3,1,1,3,1
1.0211746,1.6179006,10,1,11,9,3,2,3,3,3,3,3,3,2,3,2,2,3,2,4,4,2
1.4041709,1.2355616,5,1,9,12,3,2,3,2,3,2,3,3,2,3,3,2,2,3,3,5,1
0.8891781,0.8978487,99,1,9,14,3,2,2,4,5,4,2,3,2,2,2,3,4,2,2,1,2
0.9851317,1.8575064,99,1,13,12,2,2,2,2,2,2,2,2,2,2,2,2,2,3,2,2,1
0.9649486,0.7907301,5,1,5,4,4,4,4,4,4,2,4,1,4,4,2,2,2,3,2,3,1
0.978601,1.1359618,2,1,3,4,4,5,4,2,5,3,3,2,3,4,3,1,3,2,2,3,2
1.0533414,0.8098541,5,1,5,4,2,2,2,3,2,2,3,3,3,4,4,2,2,2,1,3,2
1.004001,0.7401572,3,1,5,4,2,2,3,3,2,2,3,2,2,2,3,2,2,3,2,2,2
1.0469049,0.721126,2,1,4,3,4,4,4,5,3,3,4,2,4,4,4,2,4,2,1,4,2
1.0055705,0.5806862,99,1,4,4,4,3,4,3,2,2,3,2,3,3,3,3,2,2,1,3,2
1.3301579,2.0111561,99,1,11,3,1,2,2,4,2,2,3,2,2,2,4,1,4,2,1,4,2
0.9719698,0.873246,0,1,8,8,2,2,3,3,1,1,1,4,1,3,1,3,4,4,3,1,1
0.9544691,0.9831538,8,1,7,7,3,1,1,4,1,1,2,4,1,3,1,3,2,3,1,2,1
1.0437698,1.921062,5,3,14,12,2,3,3,2,3,2,3,3,3,2,2,3,3,4,3,3,3
0.9381408,1.5386136,5,1,12,7,2,3,4,3,2,4,4,2,2,4,3,3,3,4,1,4,1
0.9717745,0.9848656,7,1,7,7,4,4,2,4,2,2,4,2,4,4,2,3,4,3,1,2,1
1.0945518,1.1099871,5,1,3,9,3,1,4,5,3,1,1,3,1,4,5,1,4,2,1,4,2
0.9798372,0.9467381,5,1,9,9,1,1,1,3,3,1,1,4,1,3,3,1,1,2,3,3,2
0.9260134,0.4886158,3,1,4,13,4,4,4,1,3,2,4,1,4,4,2,2,4,1,1,4,2
1.026355,1.1558203,9,1,7,7,1,1,2,4,2,1,1,4,1,2,2,4,2,4,2,2,1
0.8754047,0.8755556,8,1,9,9,3,2,1,4,2,1,4,1,3,3,4,2,3,4,1,1,2
0.9719698,0.7218289,3,1,5,4,4,3,4,2,2,3,3,2,3,4,2,3,3,2,2,3,2
1.0501975,1.9459603,6,1,12,11,3,2,3,4,3,4,3,4,1,2,4,2,4,2,2,4,3
0.9805669,0.9496856,8,1,7,7,1,1,4,2,1,1,1,4,2,5,1,4,2,4,2,1,1
0.9379402,0.6624205,99,1,5,4,1,4,1,2,1,4,4,1,4,2,3,3,3,1,3,2,1
0.9569421,1.069732,4,1,3,4,3,2,3,3,2,3,4,2,2,4,2,3,2,1,2,3,2
1.0156126,0.7741303,4,1,5,4,3,3,4,1,2,1,4,2,2,2,4,2,3,2,2,3,1
1.0320958,0.952126,8,1,9,9,1,2,2,3,1,1,2,2,2,3,2,2,1,2,1,3,1
1.0083812,0.8150774,2,1,8,13,3,1,4,1,2,3,3,4,2,4,2,2,3,2,1,3,2
0.9786631,0.9477152,10,1,9,9,1,1,4,1,1,1,2,3,1,3,3,1,2,1,1,3,2
1.0688357,1.1795193,0,1,3,3,4,4,4,1,2,3,3,2,4,4,4,1,4,1,1,4,2
1.004001,1.0629885,0,1,3,3,4,4,4,3,3,4,4,1,4,4,4,1,4,1,1,4,2
1.0985636,0.9911517,0,1,9,9,1,1,3,2,2,3,2,4,1,4,1,1,3,1,2,3,1
0.9798372,0.7287505,5,1,5,6,3,2,4,3,1,1,3,4,1,4,4,2,2,3,2,3,1
1.0581299,0.6160961,6,1,4,4,2,3,4,2,3,4,3,2,4,4,2,2,3,2,1,4,2
0.9647856,0.8187123,99,1,9,9,2,1,3,3,2,2,3,3,2,3,3,2,3,2,2,3,2
1.0295452,0.84948,99,1,8,8,2,2,4,2,2,1,3,3,2,3,3,1,2,3,2,4,2
0.9725798,0.8616372,0,1,1,3,3,1,2,2,2,2,2,3,5,3,2,1,2,2,1,4,2
1.0716134,1.1366506,3,1,3,13,4,3,4,2,3,3,2,2,3,3,2,2,2,4,1,3,1
1.0188279,0.7752807,99,1,5,11,4,4,4,1,3,4,4,1,4,4,3,4,3,3,1,1,3
0.9646595,1.02062,99,1,3,9,1,2,4,3,2,2,4,2,3,4,1,2,2,3,2,3,1
1.1431246,1.0154723,99,1,9,9,1,1,4,1,2,1,2,4,1,4,2,2,2,2,2,4,2
0.8797467,0.722492,5,1,5,6,4,3,4,2,1,2,3,2,4,4,2,2,3,2,2,2,1
0.9742907,0.7537826,3,1,5,4,4,2,4,3,2,3,4,2,2,3,3,3,2,3,2,2,1
0.9641954,0.7644318,6,1,5,6,3,3,3,4,4,4,2,2,2,4,2,3,2,3,2,2,1
0.8973151,0.6584175,7,1,5,13,3,2,4,3,3,3,2,1,2,4,3,3,2,4,1,2,1
1.026355,0.8405328,4,1,5,4,2,2,3,4,2,1,3,3,2,4,3,1,2,2,2,3,1
1.0266788,0.8710492,0,1,9,9,2,2,2,2,2,2,2,2,2,2,2,2,2,1,2,2,1
1.0404634,1.2187947,2,1,3,3,3,3,4,2,2,4,4,2,4,4,4,1,3,1,1,4,2
1.010451,2.041136,5,3,14,6,4,2,3,2,1,3,3,2,4,4,2,2,2,2,2,2,2
0.9646595,0.710656,3,1,5,4,4,1,2,4,1,1,3,4,2,3,3,2,3,4,2,2,2
0.9440905,0.9994397,3,1,3,4,4,3,4,2,3,3,3,2,3,4,3,2,2,2,1,3,2
0.986841,0.8606192,9,1,9,9,2,1,1,4,2,1,2,4,1,3,3,3,3,4,2,1,1
1.3848361,1.3389237,99,1,3,13,3,4,4,3,2,4,3,2,4,3,3,2,1,2,1,3,2
1.1465466,0.9980941,8,1,8,9,2,1,4,2,2,3,2,2,1,4,3,3,2,4,3,4,2
1.0533414,2.0539317,99,4,16,14,5,5,5,5,5,5,5,5,5,5,5,5,5,5,4,5,3
1.0597223,0.7682596,99,1,5,7,2,2,2,3,2,2,2,2,2,3,2,3,3,3,2,3,1
1.07426,0.9053068,9,1,9,9,1,2,4,2,2,1,3,3,2,4,2,2,3,2,1,2,2
0.982778,0.7928768,4,1,5,5,4,3,4,5,5,2,3,2,4,4,4,2,3,1,1,3,3
1.0480793,0.7290618,5,1,5,12,4,3,3,3,3,4,4,1,4,4,3,3,3,1,2,4,2
1.0181267,1.041142,0,1,3,13,3,5,5,2,3,4,4,2,2,4,3,1,4,1,1,4,2
0.9523137,0.6316559,6,1,5,7,3,5,4,5,3,5,3,5,5,4,2,3,3,3,2,2,1
1.4888397,1.3618166,99,1,3,5,4,3,2,3,3,3,3,2,3,2,3,2,2,2,2,2,2
1.025453,0.8514198,7,1,8,7,2,1,1,4,2,1,3,4,1,4,2,2,1,2,1,2,2
1.0423194,0.6431161,7,1,4,4,3,3,4,2,2,4,4,1,4,4,3,1,4,2,1,3,2
1.0345511,0.5659282,2,1,4,7,2,1,4,1,4,1,1,4,1,4,4,2,4,1,1,4,2
1.0425724,0.8955093,5,1,9,9,1,2,4,5,2,2,3,2,2,3,5,2,2,2,1,3,2
0.9784043,1.0195702,7,1,9,9,2,1,2,2,1,2,3,2,2,3,1,2,2,3,1,3,1
0.9849337,0.5839493,99,1,4,12,2,5,4,2,4,3,3,2,5,5,4,1,2,2,1,3,1
1.056374,1.1491593,6,1,3,4,4,2,5,3,2,3,3,3,2,3,3,2,2,2,1,3,2
0.9846447,0.8309881,7,1,8,8,2,2,5,5,3,5,4,2,5,3,3,1,2,2,2,5,2
1.0109707,0.6301952,2,1,4,4,2,1,4,1,2,1,3,4,1,4,4,1,3,1,1,4,2
1.1255294,0.7334558,99,1,4,4,4,5,5,5,5,5,5,5,5,5,5,5,5,5,4,5,3
0.9588186,1.0655447,2,1,3,4,4,3,4,1,4,3,4,2,3,4,3,3,3,3,2,2,2
0.9113902,1.0290127,99,1,3,2,4,3,4,2,3,4,4,4,3,4,4,2,2,2,2,4,2
1.0003988,0.5458415,10,1,4,4,3,1,3,3,3,4,3,1,4,4,3,3,3,2,1,3,1
0.9379523,1.5266399,99,4,16,14,5,5,4,1,5,5,2,5,5,5,5,5,5,5,4,5,3
0.9532432,0.806034,8,1,9,8,1,1,1,4,1,1,1,4,1,4,1,4,3,4,1,2,1
1.0343083,0.9645121,10,1,9,9,1,1,2,2,1,1,1,3,1,4,3,1,4,1,1,2,2
0.9439665,0.581386,2,1,4,4,4,3,4,2,3,3,3,2,4,4,3,1,2,2,2,4,2
0.9467089,0.7790985,4,1,5,6,4,3,3,2,2,1,4,1,3,4,1,2,3,1,1,2,1
0.8844896,1.5852878,5,1,12,11,1,1,2,3,2,1,4,3,1,4,2,1,1,1,1,3,2
1.4045316,2.3205144,5,3,14,12,4,1,2,4,2,1,1,4,1,4,2,2,3,2,2,3,1
1.1034361,0.6869648,2,1,4,4,4,4,4,2,3,3,3,2,4,4,3,2,3,1,1,4,2
1.3734287,0.9002796,8,1,5,7,1,1,1,4,2,4,3,2,2,1,3,3,4,2,2,3,2
1.0125592,1.0529199,99,1,3,4,2,3,3,3,2,3,3,2,2,3,2,2,2,2,1,2,2
1.4888397,0.6915953,6,1,2,9,1,4,5,4,2,2,2,2,3,4,2,4,5,2,1,4,2
1.0014049,0.5693712,7,1,2,7,1,4,4,2,1,4,3,2,1,2,3,4,2,2,1,4,1
0.9744866,0.7596945,3,1,5,4,3,2,4,2,3,2,3,3,2,4,2,3,2,3,2,2,1
1.0169171,0.6728356,99,1,4,4,4,3,2,4,2,3,4,2,4,4,1,1,4,1,1,3,2
0.9649389,0.5711499,4,1,4,5,4,3,4,2,2,3,3,2,3,3,1,2,3,4,2,3,1
0.9717745,0.9848656,10,1,7,7,3,1,3,3,2,1,4,2,1,4,2,1,1,4,3,1,1
0.8974956,0.5332259,4,1,4,7,5,1,2,5,5,1,5,2,1,5,5,5,5,1,2,2,1
0.9941979,0.8174692,5,1,5,6,4,4,4,1,2,3,4,1,4,4,2,3,3,2,2,2,1
0.9499354,0.7359024,6,1,5,14,3,5,4,3,3,2,3,2,3,3,4,1,2,2,2,3,3
0.9825804,0.6321641,3,1,4,5,2,2,4,1,2,3,4,2,3,4,5,1,4,2,1,3,2
1.0544177,1.0209141,99,1,9,9,1,2,3,2,1,1,4,2,4,2,2,1,2,3,1,1,2
1.0306884,1.2568382,5,1,3,4,2,2,4,1,2,2,3,2,3,4,2,1,4,3,2,3,2
0.9113902,0.7164998,99,1,5,14,5,5,5,5,2,5,3,5,5,4,2,1,5,5,4,2,2
1.0361664,0.6076519,2,1,4,4,4,3,4,3,2,3,4,2,3,3,3,2,3,2,1,3,2
0.9458172,1.0104886,99,1,7,7,1,1,3,2,3,1,2,4,2,3,2,3,3,3,2,1,1
0.9882472,0.6388029,2,1,4,4,4,4,4,3,4,2,4,2,4,4,3,2,4,1,1,4,2
1.0125813,1.0533353,1,1,3,3,4,1,3,2,1,1,3,2,2,4,4,1,3,1,1,4,2
0.9744866,1.0446591,9,1,7,7,1,1,3,4,1,1,1,4,2,4,1,1,1,3,2,1,1
1.0809742,1.087217,3,1,3,4,4,4,4,2,2,3,4,2,4,2,2,1,3,2,1,2,2
1.0125592,0.9524488,99,1,9,10,2,2,4,3,2,2,3,2,2,3,3,2,3,3,1,2,2
0.937563,0.8082522,7,1,8,3,2,3,4,4,2,2,2,2,2,3,2,4,2,2,2,1,1
1.0125592,1.8593875,5,3,14,12,2,2,3,5,1,5,2,3,2,4,3,5,3,3,2,3,2
0.9815928,0.9314965,99,1,8,7,3,5,4,2,5,1,5,3,2,4,3,1,4,3,2,4,3
1.3407918,1.1251304,8,1,9,7,4,1,1,4,2,1,2,3,1,4,2,3,3,4,2,1,1
0.9962875,1.1008105,7,1,7,7,4,3,4,4,2,4,3,2,2,4,2,1,2,3,1,2,2
1.0373582,1.0445395,9,1,9,9,2,1,4,4,4,1,1,4,1,4,4,1,2,1,1,2,2
1.2171125,0.6496882,99,1,4,4,2,1,1,2,1,1,1,3,2,2,1,2,2,2,1,4,1
1.0014563,0.6960146,7,1,5,7,2,2,2,3,2,1,2,4,2,5,2,2,2,2,2,5,2
1.0172436,0.9033975,5,1,6,6,1,1,1,4,2,1,3,3,1,4,2,2,1,3,2,2,1
1.3772935,2.392143,99,1,12,5,4,1,4,1,1,1,4,1,1,4,1,1,4,2,1,3,1
1.054417,0.9412517,99,1,9,9,1,1,3,3,2,1,2,3,3,5,3,1,2,2,2,2,2
0.9798365,0.5398989,2,1,4,4,5,5,4,2,3,5,4,2,5,4,2,2,5,2,1,3,2
0.9962875,0.6432709,2,1,4,2,4,4,4,1,3,4,4,2,4,4,3,1,3,2,1,4,2
1.0261487,0.9719505,99,1,6,2,4,2,4,2,3,4,3,3,4,4,4,2,5,2,1,3,1
0.9742907,0.7537826,7,1,5,8,1,2,4,2,5,2,2,5,3,4,3,2,1,3,2,5,1
1.2918428,0.8576922,4,1,5,9,2,1,4,2,1,3,2,4,1,4,2,1,4,2,1,4,2
0.9458172,1.0104886,10,1,7,7,1,1,1,4,3,1,1,4,1,4,3,3,2,4,4,2,1
0.9235314,0.7452369,6,1,5,6,4,4,1,4,3,3,3,2,2,4,3,3,3,2,2,2,2
1.0178083,1.0896595,8,1,7,11,3,2,2,3,2,2,2,3,2,3,1,3,2,4,2,2,1
0.9744866,0.7596945,4,1,5,6,4,4,4,1,3,4,4,1,4,3,2,1,4,1,1,4,2
0.9875149,1.9165736,99,3,14,12,4,2,4,1,1,2,3,3,5,5,3,1,3,1,1,4,2
0.9315128,1.000175,10,1,7,7,2,1,2,3,3,1,1,4,2,4,3,1,2,1,1,4,1
0.9857455,1.7079898,99,3,14,14,1,2,5,3,2,1,2,3,2,3,2,2,3,3,1,3,2
1.0258988,1.0510278,99,1,9,9,1,1,4,2,1,1,4,4,2,4,2,2,1,1,1,4,2
0.9285458,0.54943,5,1,4,4,1,3,3,3,1,1,4,1,1,1,2,2,2,3,2,2,2
1.0061128,0.9561154,99,1,9,9,1,1,2,3,1,3,3,3,1,1,3,1,1,4,3,2,2
1.0449432,0.6770799,4,1,5,4,1,1,2,2,1,2,1,2,2,2,2,2,2,2,2,2,1
1.3510863,0.9753731,7,1,5,7,3,2,3,2,3,2,3,3,3,4,2,3,2,3,2,3,1
1.4163294,2.1462023,3,1,12,12,3,3,4,2,2,2,2,2,2,4,4,1,3,2,2,4,2
0.9827697,1.7985675,99,1,12,2,2,2,4,1,2,1,2,4,1,4,4,2,2,2,4,3,2
0.968088,1.9190841,7,1,12,7,4,3,4,2,3,2,4,2,3,4,2,3,2,3,2,2,1
1.024225,0.7641398,99,1,5,4,4,4,4,1,2,3,4,2,3,2,2,2,3,2,2,3,1
1.0806799,0.96818,6,1,9,7,3,2,2,2,2,3,2,3,3,3,2,2,2,2,2,3,3
0.982778,0.6371222,5,1,4,11,4,2,3,3,2,2,2,2,2,4,3,3,3,3,2,3,2
0.8795698,0.9857703,8,1,7,7,3,1,2,4,2,1,2,4,2,4,1,2,2,4,3,2,2
1.0831017,1.9200864,99,3,14,12,1,2,4,1,2,2,3,3,2,4,2,2,4,2,2,3,2
1.3490758,2.3674695,99,3,14,12,3,3,1,4,2,3,4,1,4,4,3,3,2,3,2,2,1
0.9576828,1.6974424,99,3,14,12,2,5,4,2,2,3,4,2,3,4,5,2,2,5,4,3,2
1.008157,0.7393677,5,1,5,4,2,2,4,2,2,3,2,2,2,4,2,2,4,2,2,3,2
1.0719868,0.8531985,99,1,8,4,5,5,5,5,5,5,5,5,5,5,5,5,5,4,3,5,2
1.0868964,0.7976657,4,1,5,4,4,4,4,3,2,3,4,2,4,4,3,2,3,2,2,3,1
1.0598625,0.9865264,0,1,1,1,1,2,2,4,2,2,2,3,2,3,2,1,3,2,2,2,2
1.0178083,1.0896595,7,1,7,7,4,2,1,3,1,2,4,2,3,4,1,2,2,3,1,1,1
0.9372797,1.0576556,8,1,7,7,3,1,2,3,2,1,2,3,2,4,2,3,3,3,2,2,1
1.167187,1.1128422,10,1,9,9,1,1,4,1,1,1,1,4,1,4,1,1,4,1,1,1,2
1.0053624,0.9542111,8,1,9,11,2,1,2,4,3,1,2,4,1,4,4,2,1,4,1,1,2
0.9780254,1.0028478,7,1,7,7,4,2,4,2,2,1,2,2,2,3,1,2,3,3,2,2,1
0.9123781,0.6845217,4,1,5,4,4,3,4,1,2,3,4,2,4,4,2,4,2,2,1,2,1
1.2171125,2.0505354,99,4,16,14,5,4,4,5,5,5,5,5,5,5,5,5,4,5,4,5,3
1.0095371,1.7616428,5,1,12,11,2,3,3,4,2,3,3,2,1,4,1,1,3,2,1,3,2
0.9878821,1.054741,7,1,7,12,3,2,3,2,2,2,3,3,2,4,5,2,2,3,2,3,1
0.9458172,1.0104886,8,1,7,7,4,2,4,4,2,2,2,2,3,4,2,3,3,3,2,5,1
0.8752287,1.6959736,4,1,12,3,2,2,3,2,2,1,2,3,2,3,3,2,3,2,1,3,2
0.9258747,1.7157866,99,1,12,4,2,1,2,3,3,1,3,3,1,4,1,2,2,1,1,4,2
0.9792954,0.7148061,99,1,5,4,3,2,2,3,3,3,3,3,2,2,3,3,3,3,1,3,2
1.0511602,1.0263866,7,1,7,7,1,1,1,4,1,1,1,4,1,4,3,1,3,3,2,4,2
1.0178083,2.0097148,7,1,12,6,3,3,3,3,2,3,3,2,4,3,2,3,3,3,2,2,1
0.9937002,0.9470233,5,1,9,2,2,1,4,2,2,3,2,4,2,4,3,2,4,2,1,4,2
0.9194288,0.6472124,99,1,5,13,3,3,3,3,3,3,3,3,3,3,3,3,3,3,3,3,2
1.0190327,1.1221644,5,1,3,7,1,1,3,2,2,4,2,3,2,1,2,4,3,2,2,3,1
1.0146165,1.0128087,8,1,7,7,2,1,3,2,2,1,1,4,1,4,2,4,2,4,1,2,1
0.9777309,1.0539432,2,1,3,4,4,3,4,2,2,5,3,2,4,4,4,1,4,1,1,4,2
0.8964668,0.6342284,7,1,5,7,2,2,4,2,1,2,2,2,3,4,3,1,2,3,2,3,2
1.1034361,1.1106275,8,1,9,9,4,1,1,4,3,1,1,4,1,3,2,1,2,2,1,2,1
0.8795698,1.8181067,99,3,14,12,4,4,4,2,3,4,4,1,4,5,5,5,4,5,4,4,2
1.0095371,0.9023803,10,1,9,9,2,1,4,2,3,4,1,4,1,4,3,1,2,2,1,4,2
1.0686209,1.1703402,3,1,3,4,3,2,4,2,2,3,2,2,2,3,2,2,3,2,1,3,1
1.04356,0.7515696,7,1,5,7,1,1,4,1,4,3,3,3,1,4,4,1,4,3,1,3,2
1.0043133,1.0003777,1,1,3,5,4,4,4,1,4,4,4,1,4,4,4,1,2,1,1,3,2
0.9258273,1.5301601,5,3,14,11,3,3,1,4,2,4,4,2,5,5,4,2,4,2,1,5,2
0.9825804,1.1298412,1,1,3,4,4,3,4,1,3,3,4,2,3,4,4,2,3,2,1,3,2
0.918861,0.8542019,99,1,9,9,2,1,2,3,1,1,3,3,1,4,1,3,2,1,1,1,2
1.0597223,1.1033483,2,1,3,3,4,3,3,3,3,3,3,2,4,4,4,1,4,2,1,4,2
0.9941979,0.8174692,5,1,5,7,3,2,3,2,2,3,2,2,1,2,3,2,2,3,2,1,2
1.0948099,0.9654105,10,1,9,9,2,2,2,2,2,2,2,2,2,2,2,2,2,1,1,2,1
1.0581299,1.9445124,3,3,14,11,5,5,2,3,2,3,3,3,2,2,3,2,5,3,3,2,2
1.0388494,0.7958709,5,1,5,4,4,2,4,2,2,2,3,2,2,4,2,3,4,4,2,3,1
0.969677,1.7972893,99,3,14,12,3,3,3,3,3,3,3,3,3,3,3,3,3,4,3,3,2
1.0345602,1.0991573,4,1,3,4,2,2,4,2,1,2,3,3,2,3,3,2,2,2,2,3,2
0.9458172,0.9546557,99,1,9,9,1,1,2,5,2,2,1,4,1,4,5,2,2,2,2,3,1
0.8832835,0.9696414,6,1,9,9,3,1,1,4,1,1,2,3,5,4,2,1,3,2,1,3,2
0.9409599,0.8835958,8,1,9,9,1,1,4,2,2,1,2,1,1,5,5,1,1,1,1,3,2
0.9815928,0.6187224,4,1,4,4,4,3,4,2,2,3,3,2,3,3,4,2,2,2,1,3,1
1.1188569,1.1689001,0,1,3,4,4,4,4,3,2,2,3,2,3,4,4,1,3,1,1,4,2
0.977969,0.982793,99,1,9,7,1,1,4,4,2,1,1,4,2,4,3,1,2,2,2,3,1
1.0947719,0.8718252,0,2,15,13,4,3,4,2,3,3,3,2,3,4,2,2,3,2,1,4,2
1.0460718,0.9660758,99,1,9,12,1,1,2,3,2,1,2,2,1,3,3,2,2,2,1,3,1
1.0666684,0.6569257,2,1,4,2,1,1,2,4,1,1,2,3,1,4,4,1,4,1,1,4,2
1.0306894,0.9919952,5,1,3,11,3,2,3,3,3,3,4,2,2,4,2,3,3,2,2,3,2
0.9456286,0.7897291,5,1,9,13,3,3,4,1,3,2,4,2,2,4,2,1,3,1,1,3,2
1.0339859,1.8783742,99,1,13,11,1,2,4,1,1,3,1,3,3,4,1,1,2,2,1,1,2
1.0681282,0.9405522,99,1,8,9,1,1,4,4,1,1,1,4,1,4,2,1,3,2,1,4,2
0.9340678,0.8578703,10,1,9,9,3,2,3,4,3,1,2,3,3,3,4,2,2,2,2,3,2
0.9964878,1.1587093,2,1,3,3,4,3,4,1,3,3,4,2,4,4,4,1,4,1,1,3,2
1.0339859,0.5951409,4,1,4,4,1,1,3,5,3,1,2,3,2,3,5,5,2,4,1,4,2
0.9878821,1.1015769,4,1,3,5,4,1,3,3,2,3,4,2,4,4,3,2,3,2,2,3,2
0.9962875,0.8005288,7,1,5,7,3,2,4,4,2,2,3,2,2,4,2,1,2,3,1,3,1
0.9145292,0.9183166,2,1,3,4,3,3,4,2,2,2,3,3,3,4,3,2,3,2,2,3,2
0.9597225,1.1297133,5,1,3,6,3,3,4,1,2,4,4,2,4,4,3,1,3,2,2,4,2
1.0500209,0.5915114,99,1,4,6,2,2,4,2,2,3,3,2,5,4,4,2,2,3,2,3,2
1.0125592,0.7331464,6,1,5,3,2,2,4,2,2,2,4,3,2,4,2,1,1,2,2,3,2
0.9899942,1.7872459,3,3,14,12,3,3,4,4,4,3,3,3,4,4,3,3,3,4,3,3,2
1.1152655,0.989325,8,1,8,8,1,1,4,3,2,1,1,3,1,3,2,2,3,2,2,3,1
1.1031674,1.0773824,5,1,9,9,2,1,1,4,2,1,1,3,1,3,3,2,2,2,2,3,1
1.0192578,0.7197001,7,1,5,7,2,2,3,2,2,2,2,2,2,3,2,2,2,2,2,2,1
1.0679135,0.7714143,99,1,5,6,2,2,4,2,3,2,3,3,2,4,2,5,3,3,2,2,2
0.9305133,0.9090598,7,1,7,13,2,2,3,3,4,2,3,3,2,3,2,4,2,3,3,1,1
0.936287,0.6534243,99,1,5,13,4,3,3,2,2,4,4,2,4,5,3,1,4,3,2,2,3
1.0601817,0.9552668,7,1,9,13,2,1,3,3,1,1,2,3,1,4,3,2,1,2,2,2,2
0.9935136,0.9930446,10,1,9,9,2,2,2,4,3,2,3,3,2,4,2,2,3,3,1,3,2
1.0125813,0.5893577,3,1,4,3,4,3,4,1,2,1,4,2,4,4,2,3,4,3,1,3,1
1.1335257,0.9593781,99,1,8,6,2,1,4,3,2,2,3,3,2,4,1,2,2,3,2,2,2
0.9906348,1.0368379,0,1,3,3,4,4,4,3,3,4,4,1,4,4,4,1,4,1,1,4,2
1.0531296,1.0439143,8,1,9,7,2,1,3,4,3,1,2,4,1,4,2,2,2,3,1,4,2
0.936287,0.8985264,5,1,7,12,1,1,3,1,2,3,3,4,2,3,1,3,1,3,2,1,2
0.9568581,0.7452664,5,1,5,4,2,4,4,2,2,4,4,2,4,4,4,2,4,3,2,4,1
1.026355,0.8405328,5,1,5,6,4,3,4,2,3,3,3,2,2,3,2,3,3,2,2,2,1
0.9964878,1.0481437,5,1,9,9,1,1,2,4,3,1,2,4,1,1,4,1,4,1,2,4,2
0.9364753,0.6585491,5,1,5,4,4,2,2,2,2,3,3,1,2,2,5,2,2,1,2,2,2
1.0114927,1.7418199,5,3,14,12,2,1,2,3,2,2,2,3,2,3,3,2,3,2,3,3,2
1.0666684,1.1740968,99,1,3,12,1,2,4,2,2,2,2,3,2,4,2,5,5,3,1,5,2
0.8824031,1.5563691,3,1,12,11,3,1,3,3,1,2,3,3,3,4,3,2,3,3,2,4,2
1.0388494,0.7958709,0,1,5,4,4,4,4,1,3,4,4,1,4,4,4,1,4,1,1,4,2
1.0309947,1.6221517,7,1,11,8,4,1,4,4,3,1,1,4,1,4,1,2,1,3,1,1,2
0.936287,0.6534243,99,1,5,13,2,1,3,2,3,3,3,4,1,4,2,4,3,4,2,2,1
1.0615275,0.5980785,99,1,4,7,4,1,4,1,1,1,2,3,1,4,2,1,1,2,2,4,2
0.8452609,0.8545252,6,1,7,7,3,2,3,1,3,2,3,1,3,2,3,3,4,3,2,1,2
0.9113895,0.9487183,1,1,3,3,4,3,4,1,2,3,4,2,4,2,2,4,2,3,1,2,1
1.0213916,0.7731227,3,1,5,3,4,4,4,4,2,2,4,2,4,4,2,1,4,4,3,1,2
0.9231312,0.9890919,7,1,7,7,4,2,5,5,3,2,5,4,2,5,3,2,2,4,2,5,1
0.9861222,0.7229545,5,1,5,13,3,3,4,1,2,2,3,2,2,4,5,2,2,5,4,4,1
1.0641209,0.8086771,5,1,5,6,2,2,4,3,4,2,4,1,4,4,4,1,4,3,1,4,2
1.0107675,1.0109185,8,1,9,9,1,1,4,2,2,1,2,4,1,4,4,1,3,3,1,2,2
0.9364753,0.7586157,10,1,1,1,1,1,1,1,1,1,1,1,1,1,1,1,1,1,1,1,1
1.0499864,1.0933682,99,1,3,3,2,2,2,2,3,1,2,3,1,1,2,2,2,1,2,2,2
1.1488762,1.0767658,5,1,9,12,1,1,4,2,3,1,3,3,2,3,2,2,2,2,1,3,1
0.993314,0.9853168,8,1,9,9,3,2,3,2,1,4,3,3,2,3,3,2,2,3,2,3,2
1.0104569,0.6313174,3,1,4,6,4,3,4,1,2,3,3,2,4,4,4,3,3,3,2,3,3
1.0076437,0.7501906,7,1,5,4,2,1,3,2,2,1,2,4,2,4,4,2,2,3,2,3,2
1.1000972,1.015716,99,1,9,4,3,1,3,4,4,1,5,4,1,3,2,1,3,3,2,4,2
1.0386405,0.6345512,99,1,4,14,3,3,3,2,2,2,3,2,3,3,3,5,3,2,2,3,2
0.9744866,0.7596945,8,1,5,6,3,2,3,2,3,2,3,2,2,2,3,2,3,3,1,2,1
0.9725798,1.0742254,2,1,3,5,4,2,4,1,3,3,4,2,4,4,4,1,4,1,1,4,2
0.9553566,0.5399363,3,1,4,4,2,2,3,2,2,2,3,2,2,2,2,1,3,2,1,2,1
0.993314,1.0892549,7,1,3,7,3,2,3,2,2,2,3,2,3,4,2,2,2,3,2,2,1
1.0376482,1.0675814,2,1,3,3,2,1,4,1,3,4,2,4,2,2,2,3,2,2,1,2,2
0.9362981,0.6895765,4,1,5,4,4,3,4,4,2,1,4,2,2,4,3,3,3,3,2,3,1
1.0335143,1.8682231,5,3,14,12,1,1,2,4,2,2,2,3,2,4,3,2,3,2,1,4,2
1.0317994,1.0393872,8,1,9,7,1,2,3,3,1,1,2,3,2,4,1,4,2,4,1,3,1
0.8076602,0.7177044,99,1,8,11,3,2,3,3,1,4,3,3,2,4,3,1,1,1,1,3,2
1.0161463,0.7155751,1,1,5,4,4,3,4,2,2,3,3,3,2,4,3,2,3,2,1,2,2
0.9496508,1.677377,99,1,16,14,1,1,4,2,1,1,4,4,1,4,2,1,2,1,1,4,2
0.936287,0.8985264,7,1,7,7,4,2,4,3,2,2,2,2,2,4,1,3,1,3,2,1,1
0.9442534,0.9794146,0,1,3,4,4,4,4,1,3,3,4,2,2,4,4,1,4,1,1,4,2
0.9360124,0.8493079,7,1,7,13,3,4,4,1,2,3,4,2,3,4,4,4,3,4,1,3,2
1.5172675,1.3769761,8,1,9,9,1,1,3,3,1,1,2,3,1,5,1,3,2,4,2,3,1
0.9596791,0.9181834,8,1,7,7,2,1,1,4,1,1,1,4,2,3,2,2,4,2,2,2,2
0.9982597,0.6956398,8,1,5,4,1,2,4,2,2,4,3,2,1,1,1,2,2,1,2,2,1
0.9781072,0.6869171,99,1,5,13,4,1,4,1,1,3,3,4,1,3,3,1,1,2,1,3,2
0.9311016,1.7344711,99,1,12,11,4,1,4,2,2,1,3,3,1,4,2,1,3,1,1,4,2
1.0009637,0.8101765,3,1,5,4,4,2,4,2,2,3,4,2,2,4,2,1,2,3,1,3,2
1.0169171,0.837321,5,1,5,6,3,5,3,5,2,2,3,2,2,4,2,5,2,2,2,3,1
0.9366029,0.8907048,99,1,6,11,4,2,3,2,4,4,4,2,3,3,4,2,2,3,2,3,2
1.0074412,0.9670072,10,1,9,9,1,1,3,3,3,1,2,4,2,4,3,3,2,3,2,2,1
0.9786631,0.7295026,2,1,5,4,4,4,4,2,3,4,4,1,4,4,2,5,3,2,2,2,1
1.171916,1.0610232,5,1,9,9,1,1,4,2,1,1,2,4,2,3,2,1,3,1,1,3,2
0.9284021,0.6730326,5,1,5,4,3,2,3,2,2,3,3,3,3,3,2,2,2,3,2,3,2
1.0977694,0.6358304,3,1,4,4,4,4,4,2,2,3,4,2,2,4,4,2,4,2,1,4,1
0.923717,0.7510818,7,1,5,6,4,2,4,4,2,1,3,3,2,4,3,3,3,4,1,2,1
0.9742907,1.0365295,7,1,7,7,2,1,2,4,1,1,1,4,2,3,2,3,1,4,2,1,1
1.1032143,1.166434,8,1,7,7,2,1,3,3,2,1,1,4,1,3,1,2,2,3,2,1,2
0.978601,0.7909683,4,1,5,3,4,4,4,1,2,3,4,1,4,4,2,3,4,1,1,2,2
0.9265062,0.916204,4,1,3,3,1,1,4,2,2,1,2,3,2,4,2,2,2,2,1,2,1
1.0174482,0.7812489,3,1,5,4,4,3,4,2,3,2,4,3,3,4,5,2,3,2,2,2,1
1.0190327,1.0150859,10,1,9,7,1,1,1,4,1,1,1,4,1,1,1,1,1,4,1,4,2
1.0684996,2.0428109,5,3,14,13,3,3,3,2,3,3,3,3,2,3,2,3,2,4,3,2,3
1.0335143,0.891152,99,1,8,7,3,3,5,3,2,5,3,2,3,5,5,5,5,3,2,3,3
1.0626799,2.0667353,2,1,12,5,4,4,4,2,3,4,4,2,4,4,4,2,4,2,1,4,2
0.9784043,1.9904231,6,3,14,12,3,3,3,2,2,2,4,1,3,4,3,2,3,4,2,3,2
0.9916689,1.0657816,2,1,3,3,4,4,4,2,2,3,4,1,4,4,4,2,4,1,1,4,2
0.9877909,0.949267,99,1,9,9,1,1,1,4,4,2,2,4,1,4,4,1,4,1,1,4,2
1.0499864,0.7613105,5,1,5,4,3,2,2,2,2,3,3,3,2,3,2,3,2,2,1,3,1
1.1186042,0.8631549,4,1,5,4,4,4,4,2,3,4,4,1,3,4,2,3,4,2,2,3,2
1.0188279,0.7752807,4,1,5,4,4,4,4,2,2,3,3,2,4,4,3,2,3,3,2,4,1
1.086344,0.6421117,4,1,4,4,4,3,4,3,2,3,4,2,4,4,4,2,2,2,1,1,1
0.9941979,1.0619948,7,1,9,9,1,1,2,4,2,1,2,3,1,3,1,2,3,3,1,3,2
0.9661937,1.0244769,7,1,7,7,3,2,3,2,3,1,3,3,2,3,2,3,2,3,3,2,2
0.9937747,0.9955046,1,1,3,4,4,3,4,2,2,3,4,2,3,4,1,2,4,2,1,4,2
1.0410719,0.9199983,10,1,9,9,1,1,4,2,4,1,3,4,1,4,2,1,3,2,1,4,2
0.9798372,1.002108,7,1,7,7,3,2,3,2,2,2,2,3,2,3,2,3,2,2,2,3,2
0.9644656,0.853039,5,1,8,6,3,2,5,3,2,2,5,5,2,3,2,2,3,3,2,3,2
0.9797596,1.0949129,5,1,7,6,5,5,5,3,2,3,3,2,3,4,3,1,4,2,1,3,2
1.1631595,0.9529733,6,1,9,13,4,1,1,4,2,4,2,2,3,4,4,4,4,4,3,1,2
1.0049258,0.5738125,2,1,4,4,4,3,4,1,3,3,4,1,4,4,4,2,4,2,1,3,1
0.8753163,0.659377,5,1,5,4,3,3,4,2,3,2,4,2,3,3,4,3,3,2,2,3,1
0.9863205,1.0019348,8,1,7,13,4,2,3,2,2,2,3,2,4,4,2,2,2,3,2,2,1
0.978601,0.7909683,5,1,5,7,4,3,4,3,2,3,3,2,3,4,2,3,3,3,1,2,1
1.026355,1.1558203,8,1,7,7,2,2,2,3,1,1,2,3,2,4,1,3,3,3,4,2,1
1.0074412,0.9670072,10,1,9,9,1,1,4,1,2,1,2,4,5,5,4,1,1,2,1,5,2
0.9260609,0.8857841,7,1,9,9,1,1,1,3,2,1,3,2,2,4,2,3,2,2,1,2,1
0.8832157,1.5070111,99,3,14,12,5,5,5,5,5,5,5,5,5,5,5,5,5,5,4,5,3
0.9798372,0.9467381,99,1,9,9,1,2,4,5,3,5,3,3,2,3,2,2,2,2,2,2,2
1.2396543,2.1545558,99,3,14,12,1,1,4,1,1,1,1,4,1,4,1,1,4,1,1,4,2
0.9433745,0.6982181,5,1,5,4,4,4,4,2,3,3,3,1,4,4,2,3,3,3,2,2,1
1.0468017,0.6531836,3,1,4,4,4,4,4,2,3,3,4,1,3,4,3,3,4,2,2,3,1
0.8869581,0.9117213,7,1,7,8,2,1,2,4,2,1,2,4,2,3,2,3,2,2,2,2,1
1.0243467,0.8275734,6,1,5,6,2,2,4,2,2,2,3,2,2,4,2,3,3,2,2,2,2
0.8997764,0.7765735,8,1,9,13,2,2,4,2,2,2,2,2,2,4,4,2,2,3,1,4,2
0.9878821,0.7670262,2,1,5,5,4,4,4,2,2,4,4,1,4,4,4,1,4,1,1,4,2
0.8834611,0.7522342,3,1,5,4,4,4,4,2,4,3,4,1,4,4,4,1,4,1,1,3,2
0.9465185,0.7730356,5,1,5,8,2,2,4,2,2,2,3,3,2,3,2,3,2,4,3,2,1
0.936287,1.6571983,4,3,14,4,3,3,1,5,1,3,4,1,4,4,3,2,2,5,2,3,2
1.2096858,1.0836606,7,1,8,8,1,1,4,1,2,4,2,4,1,5,2,3,4,4,2,4,1
1.0127628,1.8739709,99,4,16,14,1,2,1,2,2,2,1,2,1,1,1,2,2,2,1,1,1
0.9849645,0.9328085,10,1,9,9,1,1,4,1,3,1,1,4,1,4,4,1,2,4,1,4,2
0.993314,1.0429429,7,1,7,7,2,1,3,3,4,1,2,3,1,4,3,3,2,3,1,2,1
1.0856525,1.158125,5,1,7,7,4,3,3,4,2,2,4,1,2,4,3,1,3,2,2,2,2
1.0029595,1.7831343,5,1,12,11,3,2,3,2,2,2,3,3,5,5,4,2,3,2,2,3,1
1.0543427,0.5686731,99,1,2,4,1,1,1,4,1,4,1,4,4,4,4,1,1,1,1,4,2
0.9372797,1.1046209,2,1,3,3,4,3,4,2,2,2,4,1,3,4,4,1,4,2,4,4,2
0.936287,0.9384257,4,1,3,13,3,4,4,1,2,3,3,2,2,4,3,2,3,2,1,3,2
0.978601,1.0876638,6,1,7,7,1,1,4,2,2,1,2,3,2,4,2,2,2,3,2,2,1
0.9235314,1.0247784,7,1,7,7,2,1,2,4,2,1,2,3,2,3,3,2,3,3,2,2,2
1.1032143,1.1019846,10,1,9,9,2,1,3,3,2,1,2,4,2,3,3,1,2,2,1,3,2
1.0092409,0.9028353,6,1,7,7,4,3,2,4,4,3,2,2,3,4,2,2,3,3,2,2,2
0.980855,1.121146,2,1,3,2,4,4,4,2,3,1,4,2,3,4,4,2,4,2,1,4,2
0.9744866,0.7596945,3,1,5,4,4,4,4,2,3,4,4,2,4,4,3,2,4,2,1,4,2
0.9908339,1.8453486,99,1,12,6,4,2,4,3,2,2,2,3,3,4,2,3,3,3,2,2,1
1.0865625,0.6471478,2,1,4,4,2,1,2,4,2,1,1,1,1,4,2,2,1,1,2,2,1
0.9916689,0.9640833,10,1,9,9,2,2,3,3,2,2,3,4,2,4,3,5,1,3,4,3,2
0.9849645,0.9328085,8,1,9,7,1,1,1,4,1,1,2,3,2,4,1,4,2,4,2,1,1
0.9788599,0.9551481,10,1,9,9,1,1,1,4,2,1,2,3,2,3,3,3,2,3,3,2,1
1.0471154,1.2989479,2,1,3,4,4,3,4,2,3,3,4,1,3,3,3,2,3,2,1,3,2
0.9967553,1.0700281,8,1,7,9,1,1,2,4,1,1,2,3,2,3,2,2,2,4,2,3,2
1.0406986,0.8002211,5,1,5,7,3,2,3,3,3,2,3,2,2,3,3,3,3,3,1,2,1
1.071398,0.7852889,4,1,5,4,4,3,4,1,1,3,4,2,3,4,3,2,2,1,1,4,1
0.8869581,0.9117213,6,1,7,7,3,2,2,4,1,3,3,2,3,2,3,4,3,2,2,1,1
1.1078721,0.8831707,4,1,5,4,4,5,3,2,2,3,4,2,5,4,3,2,3,3,1,2,1
0.9786631,1.8501464,7,3,14,12,4,4,4,4,4,3,3,3,3,3,4,4,4,3,2,3,3
0.9336198,0.7184663,10,1,5,7,2,3,4,2,2,2,3,3,2,4,3,2,2,2,4,3,2
1.0713879,0.8576542,5,1,5,9,3,2,4,3,2,2,3,3,2,4,4,3,3,2,2,3,1
1.0024555,1.2157656,4,1,3,5,4,3,4,2,2,3,3,2,3,4,4,1,3,1,1,4,2
1.0713879,1.1793638,7,1,7,7,2,2,5,3,1,2,2,2,5,4,2,2,2,3,1,4,2
0.936287,0.4765772,99,1,2,13,4,3,4,3,3,3,4,3,3,5,3,2,3,1,2,3,2
0.9853318,0.6033475,5,1,4,6,3,3,4,2,1,3,3,2,3,4,3,2,2,3,1,4,2
1.0009637,1.1140771,7,1,7,6,3,1,1,4,3,1,1,4,2,4,2,3,2,4,3,1,1
0.936287,0.6534243,7,1,5,13,4,3,4,2,2,3,4,2,3,4,2,1,2,2,2,4,2
0.8347896,0.8169551,99,1,3,13,2,1,2,4,2,1,2,3,2,4,4,2,2,1,2,4,2
0.9825804,1.0818036,8,1,7,7,1,1,3,2,1,1,1,2,2,4,3,2,2,3,2,3,1
1.0169171,1.2025318,2,1,3,4,4,4,4,2,3,4,4,1,4,4,4,4,4,1,1,4,2
0.9800428,0.7474946,3,1,5,4,4,4,4,2,4,4,4,1,4,4,2,2,4,1,2,3,1
0.954161,0.9436499,3,1,3,4,2,3,4,1,2,4,4,2,2,4,3,2,2,2,2,3,2
1.026355,0.8405328,5,1,5,7,4,3,4,2,3,3,4,1,3,4,3,2,3,2,1,3,2
0.9937065,0.7666777,2,1,5,4,4,4,1,1,4,1,4,4,4,4,4,1,3,3,1,4,1
0.936287,0.6534243,5,1,5,13,4,1,4,2,1,1,1,4,2,4,3,3,2,3,2,3,2
0.9744866,1.0446591,8,1,7,7,1,1,4,4,1,2,4,2,1,2,1,1,1,4,1,2,1
1.0143601,0.9287278,99,1,7,14,1,1,2,4,2,1,1,4,1,4,1,4,1,4,2,1,1
0.9559569,1.7827656,99,3,14,12,4,4,3,4,3,1,3,4,1,4,3,4,2,1,1,4,3
0.9343443,0.5546339,99,1,4,6,3,1,4,2,2,2,3,1,4,1,1,3,2,3,1,2,2
0.9779275,1.0622092,1,1,3,9,3,2,4,2,1,1,1,3,2,4,4,1,3,1,1,4,2
0.9576828,1.6974424,99,4,16,14,5,5,5,5,5,4,5,2,5,5,5,5,5,5,4,5,3
0.8852226,1.6556081,99,4,16,14,5,5,5,5,5,5,5,5,4,4,5,5,5,5,4,4,1
0.9522309,0.9844868,0,1,3,3,1,2,4,1,4,3,4,2,1,4,4,1,4,2,1,4,2
1.2798754,0.8746787,99,1,5,7,4,3,4,2,3,3,4,2,3,4,2,1,3,3,1,4,1
1.0252528,1.9487884,1,3,14,12,2,1,1,4,3,1,1,1,1,3,4,1,2,1,1,3,2
1.0031099,0.6972802,4,1,5,4,4,3,4,1,3,2,4,2,4,4,4,3,3,3,2,2,1
0.9578754,0.8160392,7,1,8,13,2,2,3,2,3,3,3,3,2,3,3,2,2,3,3,3,1
0.9798372,1.0466067,6,1,3,9,4,3,5,2,2,3,3,2,5,4,2,2,4,2,2,2,2
0.9381408,1.5386136,5,1,12,11,4,3,4,4,2,4,4,2,2,4,2,2,3,4,1,3,1
0.9937002,0.9470233,99,1,9,7,1,1,2,3,1,3,3,3,2,4,1,1,1,2,2,4,2
0.978601,0.7909683,5,1,5,6,4,4,4,2,3,4,4,2,4,3,3,2,4,2,1,3,1
0.9848427,1.7557579,7,1,16,13,1,1,4,4,2,3,4,4,1,4,4,1,3,2,1,4,2
0.8167182,0.6431497,5,2,15,5,1,4,3,3,1,3,4,3,4,2,1,4,3,4,3,3,2
0.9578754,0.8763138,7,1,9,13,3,2,4,1,3,2,3,4,3,2,2,2,1,2,3,4,3
0.9863205,0.7286246,5,1,5,9,3,1,3,2,2,2,1,2,4,2,2,1,2,1,1,1,1
0.978601,1.0275667,8,1,9,9,1,1,4,2,1,1,2,4,1,1,2,1,2,2,1,2,2
0.8167182,0.4617488,5,1,4,13,5,3,4,2,3,2,3,2,2,4,3,5,4,2,2,4,1
0.9364753,0.6585491,5,1,5,13,4,3,4,2,2,3,3,2,3,4,2,3,3,3,1,5,2
1.0061128,1.0569732,99,1,3,4,2,2,4,2,2,3,3,2,1,4,3,2,2,2,2,3,2
0.9569421,0.5985319,2,1,4,4,1,2,2,1,2,4,4,2,1,4,3,3,2,2,1,1,2
0.9941979,1.1740215,7,1,3,4,4,4,4,1,4,3,4,2,2,2,2,2,3,1,1,2,1
0.909781,0.6753696,7,1,5,7,4,3,3,2,4,4,2,3,2,3,1,3,1,2,1,1,1
0.9878821,0.7670262,4,1,5,4,4,2,4,3,3,4,4,1,4,4,3,2,4,3,2,4,2
1.2396543,2.1545558,99,3,14,12,2,1,4,2,1,1,1,4,1,4,1,2,4,1,1,4,2
0.9467089,1.0121465,6,1,9,9,5,1,5,4,2,1,5,4,3,4,2,2,2,4,1,5,1
0.8411733,0.820895,5,1,3,12,2,1,2,2,1,1,3,4,1,4,2,2,4,3,3,2,2
1.0359191,1.0664089,0,1,3,3,2,2,3,3,2,2,3,2,2,3,2,2,1,3,1,3,2
1.0716134,0.7914479,7,1,5,7,3,3,4,3,3,4,3,2,4,4,2,3,4,3,2,2,1
1.0711105,1.0577687,9,1,9,9,1,1,1,3,3,1,1,4,1,3,3,2,2,3,4,2,2
0.9180049,0.6796961,4,1,5,4,3,2,3,3,2,2,3,3,2,3,3,2,3,2,1,3,2
0.909781,1.7128557,99,3,14,4,4,3,4,2,2,4,4,1,3,4,4,2,4,1,1,4,2
0.9240983,0.8960398,2,1,3,13,3,2,3,4,2,2,2,4,1,4,4,4,2,2,2,4,2
0.9028704,0.6962571,4,1,5,13,4,3,4,2,3,3,4,2,2,4,1,1,3,2,1,2,1
0.9087415,0.8211132,99,1,9,11,3,2,4,2,3,2,3,3,2,4,3,2,4,2,2,3,1
0.944074,1.010021,7,1,7,7,3,2,4,4,3,2,3,2,2,3,2,2,3,3,2,3,1
0.978601,0.7909683,7,1,5,4,4,4,4,1,3,4,4,4,4,4,4,2,4,2,1,3,2
0.9898743,1.8166794,3,1,12,11,3,2,3,2,3,2,4,2,3,4,3,2,3,3,2,3,2
0.9934087,0.8951483,5,1,9,7,1,1,1,4,3,1,4,4,4,4,3,1,1,1,1,4,2
0.9571345,0.975246,99,1,9,9,1,1,3,2,2,1,2,2,1,4,2,1,2,2,1,4,2
1.0097407,0.9864292,5,1,9,9,3,3,3,3,3,3,3,3,3,3,3,3,3,2,2,3,1
0.9941979,0.8174692,5,1,5,4,2,3,4,1,3,1,3,2,2,4,2,3,3,3,2,2,1
1.0388494,1.0339359,99,1,9,4,1,1,1,5,1,1,1,4,1,3,5,1,2,1,1,4,2
0.9717745,0.7162116,7,1,5,11,2,2,4,1,1,2,2,3,2,4,2,2,3,3,3,2,2
0.9095982,0.4887498,99,1,2,13,3,2,4,1,2,3,4,2,4,4,2,2,2,3,1,3,1
0.9372923,0.6632739,99,1,5,4,2,3,4,1,2,3,4,2,2,4,2,3,3,3,2,2,1
1.0386405,0.955327,7,1,8,7,4,5,4,5,5,5,5,5,5,4,2,5,5,3,1,5,1
0.9898381,1.8061113,5,1,12,4,2,2,4,2,2,4,4,2,5,4,3,4,3,3,2,1,1
0.9657819,1.0406569,2,1,3,4,2,2,3,5,1,1,3,3,3,3,2,1,2,1,1,4,2
0.9682826,1.0486807,7,1,7,7,4,2,4,3,2,2,3,2,2,2,2,2,2,3,2,2,1
1.024225,0.9927132,99,1,9,2,3,1,3,4,2,2,2,4,2,2,4,2,2,3,1,3,2
0.9941979,1.0619948,10,1,9,9,1,1,4,4,1,1,1,4,1,4,1,1,2,4,1,4,2
1.0027708,0.9909916,2,1,3,3,4,4,4,1,2,4,4,2,4,4,3,2,4,2,1,4,2
0.9366029,0.7642781,6,1,5,11,3,1,4,2,1,2,2,3,2,4,1,2,2,2,2,3,2
1.0261487,1.0834596,99,1,9,9,1,1,5,5,1,1,3,2,5,4,3,3,5,3,2,2,2
1.0686309,1.8923609,0,3,14,2,4,4,5,1,4,4,1,1,4,4,4,1,3,1,2,4,2
0.9941979,1.1740215,1,1,3,3,4,4,4,2,4,3,4,2,4,4,4,1,4,1,1,4,2
0.9551427,0.8731523,10,1,9,9,1,1,1,4,4,1,2,4,2,4,4,2,1,4,2,4,2
1.0492294,0.7343506,4,1,5,4,3,2,2,4,2,1,2,3,1,4,3,3,2,2,2,1,1
1.0471154,0.9044553,5,1,5,6,3,3,4,2,2,3,3,2,2,4,3,1,2,3,2,3,2
0.9928902,0.6090797,3,1,4,3,4,5,4,2,2,2,4,1,4,4,4,2,5,1,2,3,1
1.0216614,0.9511745,8,1,7,7,1,1,2,4,1,1,3,2,2,3,1,4,2,4,2,1,1
1.0264724,0.95544,99,1,3,12,3,2,3,5,3,2,3,3,1,3,2,2,3,3,4,4,3
1.0026571,0.853175,5,1,5,12,3,2,4,3,3,3,2,2,2,3,3,2,2,2,2,3,2
1.0422496,1.0862418,10,1,9,13,2,1,3,1,2,1,2,4,1,4,4,2,4,3,1,4,2
0.9786631,0.8164885,8,2,15,11,2,3,3,2,2,3,3,3,2,2,4,2,2,2,2,2,1
0.9364147,0.6093621,99,1,4,11,4,5,4,5,3,4,4,1,4,4,2,2,2,2,2,4,2
1.0306884,1.203401,8,1,7,12,3,1,3,3,2,1,2,4,1,3,2,3,2,4,2,2,1
0.9616072,0.7197365,4,1,5,4,4,3,3,2,3,2,3,2,3,3,4,3,3,2,2,3,2
0.9048989,0.9268509,5,1,9,11,4,2,2,4,2,1,3,2,1,3,1,1,2,3,1,4,2
0.9964878,0.6483161,2,1,4,4,4,4,4,5,3,4,4,2,4,4,3,2,5,2,1,4,1
1.0672922,0.9797473,5,1,3,3,4,3,4,2,2,3,3,2,3,4,1,3,2,3,1,2,2
0.8420652,0.9662756,3,1,3,3,2,4,4,2,2,3,4,2,4,4,3,1,2,2,1,4,2
1.0172436,0.7751692,99,1,5,4,2,2,3,3,2,5,2,2,5,3,3,2,2,2,2,4,2
0.9744866,0.7596945,3,1,5,6,4,4,4,4,4,3,4,1,4,4,2,2,3,2,2,2,1
1.0023565,1.1012197,1,1,3,3,2,3,4,2,2,1,3,3,2,3,4,1,4,3,1,2,3
1.0031106,0.9825207,99,1,9,9,2,1,2,2,4,1,2,4,2,3,4,2,2,1,2,4,1
1.0103699,0.9600758,7,1,7,7,1,1,2,4,1,1,2,3,1,4,2,1,2,2,2,3,1
0.8844896,0.6250703,3,1,5,4,4,1,1,4,2,2,1,2,3,4,3,1,4,2,1,4,2
1.0156993,0.8874077,99,1,9,9,2,2,2,3,2,2,3,4,2,3,3,2,3,2,3,3,2
1.0345306,0.5871939,4,1,4,4,3,3,3,3,2,3,3,2,5,5,3,2,3,2,2,5,2
0.934409,0.8453108,6,1,9,9,3,2,2,3,2,3,3,3,2,2,3,3,2,2,2,1,1
1.4525552,0.99205,3,1,5,4,4,3,4,2,3,2,3,2,3,4,4,2,3,2,2,5,1
1.0288094,0.9604733,5,1,7,7,4,5,5,5,1,5,5,2,5,4,4,3,3,3,2,5,3
1.0460718,1.0679843,2,1,3,9,1,1,1,3,2,1,2,4,1,4,3,1,3,1,1,2,2
1.00974,1.7754595,99,3,14,12,3,3,1,4,2,1,5,2,4,5,5,1,2,1,2,3,2
0.9861222,1.0382825,2,1,3,13,4,4,4,1,3,4,4,1,4,4,4,5,4,2,1,3,3
0.887527,1.7016773,5,1,12,11,2,2,4,1,1,2,4,2,2,4,1,2,3,3,1,3,1
0.9606884,0.677517,5,1,5,13,4,5,4,4,2,1,4,2,2,4,4,1,3,4,2,4,2
1.0061128,0.9561154,10,1,9,9,1,1,4,3,3,4,4,4,3,2,4,1,4,4,1,3,1
0.9861222,1.8335391,0,3,14,13,4,5,4,1,2,4,4,1,4,4,1,1,3,1,1,4,2
1.1152655,1.0623989,10,1,9,9,1,1,4,1,2,1,3,4,1,4,1,1,4,3,2,2,2
0.96628,0.7824919,5,1,5,6,3,2,3,2,2,2,3,3,3,3,2,2,2,2,2,2,1
0.8078225,0.8586988,0,1,3,13,4,4,4,1,4,4,4,1,4,4,4,1,4,1,1,4,2
0.9863205,0.5854918,2,1,4,13,2,2,4,2,1,2,2,3,2,4,4,2,1,3,1,3,1
0.9742907,0.6057076,1,1,4,4,4,4,4,1,3,4,4,1,4,4,4,1,3,1,1,4,2
0.982778,0.7928768,8,1,5,7,3,3,3,3,1,2,3,2,2,3,2,3,2,3,2,2,1
0.8869581,0.7726963,7,1,6,7,3,3,3,2,2,3,3,2,3,4,2,2,3,3,2,2,1
0.9742907,1.4564953,3,1,10,6,3,5,5,3,2,5,3,3,2,4,2,1,4,3,2,2,2
0.9889991,0.9283522,5,1,9,9,1,1,3,3,2,1,2,4,2,4,1,2,2,3,1,4,1
0.9427956,0.5413226,5,1,4,11,3,3,3,3,3,3,4,3,4,4,3,2,3,1,1,4,2
1.3992447,1.0910469,5,2,15,13,4,2,2,4,2,1,2,3,2,4,2,4,2,3,2,1,1
0.9046278,0.8329925,10,1,9,7,4,1,1,4,1,1,1,4,1,4,4,1,1,1,1,4,2
0.976103,0.8507372,7,1,9,9,2,3,4,1,2,2,3,3,2,4,3,2,1,2,2,3,2
0.8927541,0.6376722,4,1,5,4,1,1,4,1,2,1,1,2,2,4,2,3,3,2,1,3,1
0.8972727,1.7720497,8,3,14,14,2,1,5,4,1,5,5,4,1,4,2,1,1,2,1,4,2
1.0166124,0.9776292,99,1,9,9,1,1,4,1,2,1,2,3,2,4,2,1,4,1,1,4,2
0.9576828,0.6692923,5,1,5,13,4,3,4,2,3,3,3,2,1,4,3,2,2,2,2,2,1
0.955237,1.065662,0,1,3,13,2,4,4,1,2,4,4,2,4,4,2,1,4,1,1,4,2
1.0294541,0.8320269,99,1,6,6,4,3,4,1,3,4,4,1,3,4,3,1,4,3,1,4,2
1.0211746,1.0989097,0,1,3,3,4,3,2,2,2,3,4,2,2,4,4,2,4,2,2,2,2
0.9682826,1.0486807,7,1,7,7,2,2,3,4,2,2,2,2,2,2,1,2,2,3,2,2,1
1.0567486,0.5892431,4,1,4,3,2,3,3,3,2,1,2,2,3,3,2,1,3,2,1,3,2
0.9937065,0.7666777,4,1,5,4,4,4,4,2,4,4,4,2,3,4,4,3,3,2,1,3,1
0.9619496,0.9534193,5,1,9,4,1,1,4,2,1,1,1,4,1,4,1,1,1,1,1,4,2
0.9742907,0.6057076,3,1,4,4,4,3,3,3,3,3,3,2,3,4,3,2,3,4,1,4,2
0.9113895,0.9487183,2,1,3,6,4,4,4,1,2,4,4,1,4,4,3,1,2,1,1,4,2
1.0806799,0.96818,99,1,9,4,1,1,5,5,5,3,4,3,1,4,5,5,5,5,4,4,3
0.8754923,0.9138235,6,1,7,6,4,3,2,4,2,2,3,2,3,3,3,4,3,2,2,2,1
1.0328144,1.0298091,3,1,3,4,4,2,4,2,3,3,3,3,1,4,4,2,4,2,2,2,2
0.934409,0.8453108,1,1,9,13,2,2,3,3,2,3,2,4,3,3,4,2,3,2,1,3,1
1.1263182,1.0946943,2,1,3,3,2,2,4,2,3,2,3,3,1,4,4,1,4,1,1,4,2
1.0380849,1.9435605,5,1,12,11,2,3,3,2,2,1,3,2,2,2,2,2,2,2,2,2,2
0.9861222,0.7229545,6,1,5,13,1,2,2,2,3,1,2,2,2,3,2,2,2,2,1,2,1
0.980764,0.9996358,8,1,3,4,2,2,3,3,1,1,1,2,1,3,2,1,2,1,2,3,1
1.0469049,0.721126,2,1,4,4,4,4,3,3,3,4,4,1,4,4,2,2,2,2,2,2,2
1.0327435,0.9866223,5,1,9,4,3,1,4,2,4,2,3,3,2,4,2,1,4,2,1,4,2
0.9694821,0.7031465,5,1,5,12,4,2,4,1,4,2,3,3,4,4,4,1,4,2,2,2,1
0.8883235,1.5314542,99,3,14,12,1,1,4,2,3,3,4,3,2,4,4,2,1,3,2,3,2
1.0498099,1.8523904,6,1,12,11,3,2,3,2,2,2,3,3,3,3,2,2,3,2,3,3,2
0.9740049,0.9797516,7,1,7,7,3,2,2,4,2,1,2,2,2,2,2,2,3,3,2,3,2
0.9571338,0.5561562,2,1,4,4,4,4,4,1,2,4,3,2,4,4,3,2,4,2,1,3,2
1.101277,1.0935037,3,1,9,9,2,2,3,3,2,2,2,3,2,3,2,2,2,2,1,2,2
0.9908339,1.0005407,7,1,7,7,4,1,3,4,2,1,2,4,1,4,1,4,2,4,2,2,1
0.9770846,0.7525796,6,1,5,7,4,3,2,3,2,2,3,2,2,4,2,2,3,1,2,2,2
0.936287,0.6534243,5,1,5,13,3,4,3,2,2,2,3,2,4,4,3,2,3,1,2,4,2
0.9496508,1.677377,99,3,14,12,2,2,2,3,2,2,2,3,4,4,2,2,3,2,3,4,1
0.9880763,0.9432725,6,1,7,7,4,5,3,4,2,3,3,2,2,4,2,4,3,4,4,2,1
0.9777309,0.8877994,99,1,8,6,3,3,1,3,4,2,3,2,3,4,3,1,4,2,1,3,2
1.2168678,2.0345781,99,3,14,11,4,3,3,3,2,3,4,2,3,1,3,2,2,3,2,3,2
1.0754539,0.8905326,10,1,9,3,1,1,2,4,2,1,1,3,1,4,4,1,3,1,1,3,2
1.0326074,1.1082742,99,1,3,3,3,2,4,2,1,3,4,3,1,4,2,1,2,1,2,3,2
0.9646595,0.710656,8,1,5,7,1,1,2,1,1,1,1,4,1,3,1,3,2,3,2,3,1
1.026248,0.7475432,5,1,5,4,4,4,4,1,3,4,4,1,4,4,3,2,4,2,1,4,2
1.0094446,1.0307513,3,1,3,4,4,2,1,4,3,3,3,2,2,3,4,2,3,3,1,3,2
0.942119,0.9436302,99,1,9,9,2,1,1,4,2,1,2,4,1,4,3,2,2,2,3,4,2
0.9682826,1.9341356,99,3,14,12,2,2,3,3,1,2,3,3,3,3,3,1,3,1,1,3,2
0.9806578,0.774577,5,1,5,6,3,3,4,1,2,3,4,2,3,4,2,2,3,2,4,2,3
0.9798372,0.5315167,99,1,2,8,1,1,4,2,2,2,2,2,1,4,3,1,3,1,1,4,2
1.0128738,0.9597644,99,1,9,9,1,1,1,3,2,1,1,4,1,2,1,1,2,2,1,2,2
1.0024555,1.0241122,99,1,8,8,3,2,3,3,2,2,4,2,1,4,1,1,3,2,1,3,2
0.9719698,0.99259,7,1,7,7,1,1,1,3,2,1,4,2,4,4,1,3,2,4,2,3,1
0.9849337,0.8133574,6,2,15,7,5,2,2,5,5,2,5,3,1,3,4,4,4,2,2,2,2
0.9048989,0.9268509,7,1,9,9,2,1,2,4,1,1,2,4,3,2,2,2,1,2,2,2,1
0.8848781,0.874141,7,1,7,7,1,1,1,4,1,1,2,4,1,4,2,4,2,4,1,1,1
1.0044541,0.734633,5,1,5,9,4,1,1,4,1,1,1,4,1,4,4,1,1,4,3,4,2
1.024225,0.9927132,10,1,9,9,1,1,2,3,1,1,1,4,1,3,4,1,4,2,1,4,2
0.8993312,0.6746688,5,1,5,1,4,3,4,3,2,3,4,2,3,3,3,2,3,2,1,3,2
1.0294541,1.0253204,3,1,3,4,4,2,4,1,3,1,3,3,2,4,3,2,3,2,1,3,2
0.9768354,1.9132476,5,1,12,12,3,3,3,3,3,3,3,3,3,3,3,3,3,2,2,3,1
1.0027579,0.6976088,6,1,5,6,2,2,3,3,2,1,3,2,2,4,2,3,3,3,2,3,1
0.9635037,0.7113895,4,1,5,4,4,1,4,2,1,1,2,3,1,1,1,1,3,2,1,3,2
0.9497647,0.9630561,7,1,7,7,4,2,1,4,2,1,2,3,2,3,2,4,1,4,2,1,1
0.91925,0.6908455,6,1,5,6,4,4,4,2,2,3,5,1,4,4,3,2,2,3,2,2,3
0.9721116,0.9014395,0,1,9,9,1,1,5,4,1,1,1,4,1,5,4,1,2,1,1,4,2
0.9420364,0.7267619,3,1,5,5,4,4,4,2,2,3,4,1,4,4,4,2,3,2,1,4,2
0.9723843,0.7421606,4,1,5,4,4,2,4,2,3,2,3,2,2,4,2,2,3,2,2,3,2
1.0049258,1.0255519,3,1,3,3,3,2,4,1,3,1,2,3,2,4,4,2,3,1,1,3,2
1.1488762,1.1903507,5,1,3,11,2,2,4,3,2,3,4,2,4,4,2,2,3,2,2,3,2
1.0074412,1.0235624,7,1,7,7,2,2,4,2,2,2,4,2,4,4,2,3,3,2,1,3,1
0.9442804,0.9644517,7,1,7,7,2,2,3,2,2,1,2,4,1,4,2,2,2,3,3,2,1
1.0373582,0.6460868,99,1,4,13,2,1,4,2,1,2,4,2,1,4,2,1,4,2,1,2,2
0.9440905,0.9040718,5,1,9,9,1,1,1,4,2,1,1,4,1,2,2,3,1,1,2,3,2
1.086344,0.9667093,99,1,8,11,4,4,4,2,3,4,4,2,4,4,2,2,2,2,2,2,2
1.0546298,1.0890975,6,1,7,7,2,2,3,3,3,2,2,2,2,3,2,2,2,2,2,3,2
0.9941979,0.8174692,4,1,5,5,4,4,4,1,3,3,4,1,4,4,3,2,4,2,2,2,1
1.0533414,0.6507643,3,1,4,4,3,2,2,4,2,2,4,3,3,3,3,1,3,2,1,3,2
0.879012,0.6865211,99,1,5,7,5,5,5,5,2,5,5,5,5,4,4,5,5,5,4,5,3
0.978601,1.1359618,99,1,3,7,1,1,4,2,1,1,1,4,1,1,4,1,4,2,1,5,2
0.9310523,0.4975305,3,1,2,4,2,2,3,2,2,2,2,2,2,4,3,2,3,2,3,4,2
1.0069435,1.1163974,2,1,3,3,2,3,4,2,3,3,3,2,2,4,3,2,2,2,2,3,1
0.9597225,1.1297133,5,1,3,4,2,3,4,2,3,4,4,1,3,4,2,3,2,2,1,2,1
0.9185315,0.5970359,1,1,4,3,4,4,4,2,3,4,4,2,4,4,3,2,4,1,1,4,2
0.9849337,0.7267051,9,1,5,12,2,2,2,2,2,2,2,2,2,2,2,2,2,2,1,2,1
1.0257041,0.9738023,5,1,8,4,4,4,4,3,2,4,4,2,4,4,2,1,3,2,2,4,1
0.9723843,0.5963687,4,1,4,4,4,2,4,2,3,2,3,2,3,4,2,2,3,3,4,2,2
1.035666,0.956213,5,1,9,9,1,1,2,3,2,1,3,4,1,3,3,2,2,2,1,3,2
0.9930898,0.7639238,3,1,5,4,4,3,4,2,3,3,3,2,3,3,4,2,3,2,2,3,1
0.9439665,0.7235152,4,1,5,4,4,4,4,2,3,4,4,2,2,4,4,1,4,1,1,3,2
1.0210841,1.0106772,5,1,9,9,2,2,4,2,3,2,2,3,2,4,4,2,3,1,2,4,2
1.0326067,0.9783512,7,1,7,7,4,4,4,4,1,4,4,1,4,4,2,4,2,4,1,4,1
1.0210841,0.7779676,5,1,5,4,1,1,4,4,2,1,1,4,2,2,4,1,1,4,2,2,1
1.0320069,1.0475392,99,1,9,9,2,1,4,4,3,1,2,3,2,4,4,1,3,3,2,4,2
0.8920192,0.7351859,4,1,5,4,4,3,4,3,2,3,3,2,3,3,4,2,3,2,2,2,1
1.0063151,1.0199711,7,1,7,7,3,3,2,3,2,2,2,2,2,2,3,3,3,2,2,2,1
0.8167182,0.5746307,7,1,5,11,3,2,2,3,2,2,2,3,3,3,3,3,3,2,2,3,1
1.1101574,0.9400976,99,1,9,9,2,2,4,2,3,1,1,3,2,3,3,2,3,1,1,3,2
0.8791888,0.5559859,2,1,4,4,4,4,4,2,4,4,4,1,4,4,4,3,4,1,4,4,2
0.936287,0.525064,3,1,4,13,3,2,4,3,3,4,2,2,3,4,3,1,2,1,1,2,2
0.9863205,1.8479197,99,4,16,14,5,5,5,5,5,5,5,5,5,5,5,5,5,5,4,5,3
0.978601,0.6355885,3,1,4,4,4,4,4,1,3,4,4,2,4,4,4,1,2,3,1,4,1
0.9219096,1.0168916,7,1,7,7,1,1,1,4,1,2,1,4,1,3,2,2,2,3,2,2,2
0.8788829,0.8520867,7,1,7,13,4,1,3,2,1,4,2,2,1,4,1,3,1,1,1,1,1
0.8454309,0.8994703,0,1,3,13,4,4,4,1,3,4,4,1,4,4,4,1,4,1,1,4,2
0.9095982,0.6701139,5,1,5,13,3,4,4,1,4,4,4,1,4,4,4,3,2,3,2,4,1
0.9744866,1.0910474,1,1,3,3,3,3,3,2,2,3,3,1,4,4,4,1,3,2,1,4,2
0.8832835,1.0263507,6,1,7,7,3,2,4,3,2,1,3,2,2,4,1,4,3,4,2,1,1
1.1103814,2.0062153,3,3,14,12,2,3,4,1,2,3,4,2,3,4,2,2,4,3,2,3,2
0.9786631,0.5861973,7,1,4,11,3,2,2,3,3,2,2,2,2,2,2,3,2,2,3,2,2
0.968088,1.0867243,7,1,3,3,4,4,2,1,3,3,4,2,1,3,4,2,3,2,2,4,2
0.9305739,0.5817215,4,1,4,12,4,3,4,1,2,3,4,2,3,4,2,1,3,3,2,2,2
0.9320736,1.0096009,3,1,3,3,1,2,1,4,2,1,4,3,3,2,1,2,2,2,1,1,1
0.9682826,1.0486807,99,1,7,7,3,3,4,1,3,3,4,2,4,4,3,2,2,1,1,3,1
0.9372797,0.7691457,6,1,5,7,1,1,2,4,1,1,2,3,1,4,3,3,2,3,2,3,2
1.1467772,0.8314997,3,1,5,4,4,2,4,3,1,1,3,3,2,4,2,1,3,3,1,2,2
1.0441877,0.9897131,99,1,3,3,2,3,4,1,4,2,4,2,4,4,4,3,2,3,1,2,2
0.845987,0.9980341,99,1,7,7,3,3,3,3,2,2,2,4,3,3,2,3,2,4,2,2,2
1.0125592,0.5891253,3,1,4,4,4,4,4,2,4,3,4,3,3,4,3,3,3,2,2,4,2
1.0188279,1.9662476,99,1,13,11,2,4,4,1,4,4,4,4,2,2,3,3,3,1,1,1,2
1.001492,1.0330884,1,1,3,5,4,4,4,1,3,4,3,1,3,4,3,1,4,1,1,4,2
0.9159752,1.0059825,5,1,3,11,1,1,3,4,3,1,1,4,1,4,3,2,3,2,1,3,1
0.9721506,0.9671055,10,1,7,7,2,1,2,3,1,1,1,4,1,3,2,2,1,3,2,2,1
0.9880807,1.0630134,7,1,7,7,2,2,3,2,2,2,2,3,2,3,3,2,3,3,1,4,1
1.0261052,0.8153726,4,1,5,4,4,3,4,2,2,4,4,2,4,4,3,2,4,2,2,3,1
1.0501975,1.1019436,5,1,3,4,2,2,4,2,2,2,4,1,2,2,3,1,1,2,1,2,2
1.1518509,0.8723183,5,1,5,4,1,1,1,4,1,1,1,4,1,3,4,2,3,3,2,2,2
0.9791359,1.7677056,99,3,14,13,5,5,2,3,5,5,5,5,5,5,5,3,4,5,4,5,3
1.1254183,1.0740688,5,1,9,9,2,2,4,2,2,2,2,4,2,3,2,2,4,2,1,3,2
0.936287,1.6571983,2,4,16,13,4,4,4,1,3,4,4,2,4,4,4,3,1,2,4,3,2
0.9115728,1.6885146,4,3,14,13,2,1,4,3,1,1,1,4,2,3,4,2,2,2,1,3,2
1.0307875,1.9305604,5,1,13,13,3,2,2,4,3,3,4,2,1,4,1,3,1,4,1,4,3
0.9719698,1.0366662,5,1,3,3,4,2,1,4,2,2,3,3,4,4,3,1,3,5,1,4,2
0.9568581,1.0703263,4,1,3,3,4,3,4,3,2,3,3,2,4,4,3,1,4,2,2,4,2
0.969677,1.0177553,1,1,3,5,4,4,4,2,4,4,4,1,3,4,3,2,2,1,1,4,2
0.9825804,0.7867066,7,1,5,14,2,2,2,2,3,2,3,2,2,3,2,3,3,3,2,3,2
1.0386405,1.1341078,3,1,3,3,2,2,4,2,2,2,2,3,2,2,2,2,3,1,1,2,2
0.9981002,0.7353578,9,1,5,6,3,3,5,3,5,2,3,4,3,4,2,2,2,5,4,3,1
0.918861,0.7359236,99,2,15,13,3,2,3,3,3,2,2,2,5,5,3,3,1,3,2,5,2
0.8411733,0.4593037,8,1,4,4,3,3,3,3,3,2,2,2,2,2,3,3,3,2,1,2,1
0.9734838,0.5556054,99,1,4,10,1,1,5,3,1,2,5,3,2,4,4,2,5,2,1,3,2
0.9861222,0.7229545,4,1,5,13,2,2,2,2,2,3,3,3,3,3,2,2,2,2,2,3,2
0.938202,0.6643419,99,1,5,7,2,3,4,3,2,3,4,2,5,4,2,2,3,2,2,3,2
0.9815928,0.8617913,6,2,15,9,1,2,2,1,4,1,2,3,1,1,3,2,3,4,3,4,1
0.9578754,0.6745415,7,1,5,7,4,3,4,3,3,3,4,2,1,1,2,2,2,2,1,2,1
1.0023565,1.0543989,99,1,7,9,1,1,4,3,1,1,2,4,3,4,1,2,2,5,1,2,1
0.887686,0.6510831,8,1,5,13,2,2,2,2,2,2,2,2,2,2,2,2,2,2,1,2,1
0.9190457,0.6626779,2,1,5,4,1,1,1,5,1,1,1,2,1,1,2,1,3,1,1,4,1
0.92553,1.5819309,3,1,12,13,3,4,4,3,3,1,4,3,2,4,2,1,4,3,1,4,2
1.1103814,1.0276597,10,1,9,9,2,1,4,3,1,4,1,4,1,4,4,1,3,2,1,4,1
1.0115366,1.0045736,0,1,3,3,1,2,1,4,2,4,2,3,2,5,1,1,1,1,2,3,1
0.9939,0.8562192,5,1,6,6,4,2,1,4,2,1,2,2,1,1,1,2,3,3,2,2,2
0.9644656,0.7051257,6,1,5,8,1,2,3,2,3,2,2,3,2,3,1,2,2,2,1,3,2
1.0188279,0.7752807,7,1,5,6,4,4,5,3,3,3,3,2,5,4,5,5,5,3,2,5,1
1.0345519,1.9373453,5,3,14,12,2,1,3,3,3,1,1,4,1,3,1,1,2,5,4,3,2
0.9249736,0.9769614,2,1,3,13,1,2,3,3,3,1,3,4,1,3,1,2,3,2,1,4,2
1.0095371,0.6946061,5,1,5,4,3,2,2,3,1,4,4,2,4,4,2,1,2,1,2,3,2
0.9675895,1.8307807,10,1,16,14,1,1,1,4,1,4,4,4,4,3,3,3,1,3,1,5,3
0.9595835,0.7049178,8,1,5,7,4,2,3,3,3,2,3,2,3,3,3,2,3,2,2,3,2
1.0421098,0.6381114,2,1,4,4,4,3,4,4,3,1,4,2,2,1,2,1,3,1,1,2,2
1.0437698,0.9840408,10,1,9,9,1,1,1,4,2,1,1,4,1,1,4,1,4,1,1,4,2
1.0816298,0.7716057,5,1,5,6,2,1,2,3,2,1,2,4,1,3,3,1,3,1,1,3,3
0.9770846,1.9086735,0,3,14,12,4,2,2,3,2,2,2,3,1,2,2,1,3,1,1,4,2
1.006741,0.9330902,9,1,8,7,1,2,3,2,2,2,3,3,2,3,3,2,2,2,2,2,2
0.9419413,0.7110386,4,1,5,4,4,3,4,2,2,2,3,2,3,4,2,2,3,3,1,3,1
1.0422496,1.2008263,99,1,3,3,3,2,4,4,2,4,4,2,3,3,4,2,3,2,1,3,2
0.9185315,1.0216898,7,1,7,7,3,3,3,3,1,2,3,2,2,3,1,2,2,3,2,2,1
1.049244,1.8188533,99,3,14,12,3,3,3,2,2,5,5,5,5,4,2,1,4,1,1,4,2
1.0132039,1.8342636,99,1,12,11,3,2,4,3,2,1,2,4,2,4,2,2,3,3,4,4,2
1.200785,0.6107264,3,1,4,13,4,4,2,4,2,4,4,1,4,4,4,1,2,2,3,4,1
0.9888003,1.7982421,99,1,12,11,2,1,4,2,1,1,2,4,1,4,3,2,4,4,4,4,1
0.8972727,0.9607984,7,1,7,7,2,2,3,3,2,3,2,3,3,3,2,2,3,3,1,2,1
1.0031106,0.9825207,99,1,9,9,1,2,4,2,2,1,3,3,1,3,2,1,2,1,2,4,2
0.9364753,0.6585491,99,1,5,13,4,3,4,2,2,3,3,2,3,3,3,2,2,2,2,2,2
0.9939,1.0102718,6,1,7,7,4,1,4,1,1,1,2,4,2,3,1,2,1,4,2,2,2
0.9893733,0.8834857,1,1,9,9,1,1,1,4,1,1,1,4,1,3,2,2,2,1,1,2,2
0.9936084,0.902169,10,1,9,9,1,1,1,4,2,1,3,4,1,4,1,1,2,3,1,4,2
0.9069828,0.9062446,7,1,7,7,2,1,1,3,1,2,3,2,3,4,4,1,2,1,1,4,2
0.9644656,0.7051257,0,1,5,4,4,2,3,4,3,3,3,2,3,3,3,3,4,2,2,2,2
1.0097407,0.9864292,10,1,9,9,1,1,3,2,3,1,4,4,1,3,1,2,1,4,2,4,1
0.9046278,0.8329925,10,1,9,9,1,1,1,4,1,1,1,4,1,4,1,1,4,1,1,1,1
1.0328151,0.777742,7,1,5,7,1,2,1,4,3,4,4,3,4,4,2,4,1,2,2,2,1
0.9644656,0.8122696,3,1,1,4,2,3,5,2,1,1,4,1,3,4,3,2,2,2,1,3,2
0.9341565,0.9835607,3,1,3,3,3,2,4,2,2,3,3,2,3,4,2,2,1,2,1,3,2
0.936287,1.6571983,99,3,14,12,2,5,4,1,2,4,5,5,1,4,5,5,5,1,2,5,2
0.9798372,1.8482391,4,3,14,9,5,3,3,3,3,2,2,4,3,3,3,4,3,4,2,3,2
0.8927541,0.6376722,7,1,5,7,2,1,4,3,2,2,2,3,2,4,3,1,2,1,1,3,1
0.9239125,0.8512662,9,1,7,13,2,2,4,1,2,3,3,2,1,4,2,4,2,4,3,1,1
1.2602156,1.1782516,0,1,3,3,1,1,4,4,2,1,1,4,1,3,1,1,1,1,1,2,2
0.978601,1.0876638,9,1,7,7,2,1,3,3,2,1,2,3,1,3,2,2,4,4,2,3,1
0.936287,0.8985264,5,1,7,11,3,3,4,2,2,3,2,3,3,2,3,3,3,3,3,2,3
1.0167127,0.6675996,3,1,4,4,3,3,3,2,2,3,3,2,4,4,3,2,3,2,1,4,2
1.0061128,1.8665456,8,3,14,13,1,1,4,4,4,1,1,4,3,3,4,3,4,4,3,4,2
1.0323416,0.960768,4,1,9,9,2,1,4,2,1,2,1,4,1,4,3,3,2,1,1,2,2
0.9732881,1.7399462,99,1,12,11,2,2,3,2,2,1,3,2,2,4,3,2,2,2,2,3,2
0.8452609,0.7517814,99,1,8,13,5,2,5,5,4,5,5,5,5,5,5,2,2,2,4,5,3
1.2171125,1.1611617,99,1,3,3,2,2,2,3,3,4,4,2,4,4,3,3,3,1,2,4,3
0.9046278,0.8329925,99,1,9,9,4,2,1,3,2,2,3,3,2,3,2,2,2,3,2,3,2
1.0929618,0.9943447,10,1,9,9,1,1,2,4,1,1,1,4,1,1,2,1,3,2,1,4,2
1.0410719,0.7926096,99,2,15,13,4,4,3,3,3,3,4,4,4,4,4,4,3,3,3,4,2
0.9646595,1.02062,99,1,3,9,1,3,4,5,2,2,3,2,3,4,2,2,1,5,1,4,1
1.0546298,1.0890975,7,1,7,12,3,2,3,2,2,3,3,2,2,2,2,2,2,2,1,2,2
0.9498417,0.865955,10,1,9,9,1,1,1,1,2,1,3,4,1,3,2,1,3,3,1,3,2
0.9805669,0.5549594,5,1,4,3,5,4,4,4,3,1,1,1,4,4,5,1,4,1,1,1,2
0.9813535,0.5343449,2,1,4,13,4,3,4,1,2,4,4,2,4,4,3,1,4,1,2,4,2
0.9190457,0.8609014,3,1,9,4,5,1,4,2,2,1,1,4,1,4,5,2,3,2,2,4,1
1.0553825,0.9690869,9,1,9,9,1,1,4,3,1,1,1,3,2,2,2,3,1,3,2,1,1
0.942119,0.9436302,5,1,9,9,2,2,3,3,2,2,3,2,2,3,2,2,2,2,1,3,2
0.9576828,0.7490987,99,2,15,13,4,5,4,5,5,4,3,2,5,4,5,2,3,2,4,5,3
0.9855299,1.9192109,99,1,16,14,1,1,5,4,1,1,1,4,5,4,3,1,1,1,1,4,2
1.0146165,0.7365323,5,1,5,7,1,2,1,4,1,1,2,2,3,2,1,2,3,2,1,1,1
0.9946049,0.9875734,4,1,9,4,4,1,4,3,2,1,4,4,2,4,1,1,4,3,1,4,2
0.9336198,0.5240158,99,1,2,4,2,2,4,1,1,3,4,2,2,3,1,1,1,2,2,2,2
0.9421307,0.5758416,3,1,4,4,4,3,4,4,1,4,3,1,4,4,4,1,4,2,1,3,2
1.0212893,1.078177,7,1,7,7,2,2,5,3,2,1,4,4,2,5,2,2,3,3,2,2,3
1.0151798,1.0353473,6,1,7,7,5,1,5,4,2,1,1,4,2,4,1,2,2,2,2,3,1
0.9507059,1.0538126,9,1,9,9,2,1,4,4,1,1,2,3,2,3,3,1,2,1,1,4,2
0.9643893,1.0594177,6,1,7,7,1,1,1,4,1,1,2,4,1,4,1,4,1,4,1,2,1
0.9559569,1.7827656,99,3,14,12,2,2,4,2,2,1,2,3,2,4,4,2,2,2,2,4,2
1.0261052,0.8153726,5,1,5,4,4,2,4,1,1,1,2,3,5,4,2,3,2,4,2,1,1
1.0844305,0.9824319,7,1,8,7,2,2,4,1,3,2,3,3,4,4,4,2,3,2,2,4,2
0.9663879,1.9043148,99,3,14,12,2,5,4,1,1,4,5,5,1,4,5,1,4,5,2,4,2
0.9869274,0.8255166,6,1,5,4,2,1,1,4,2,1,2,4,1,4,4,1,3,1,1,4,1
1.0174482,0.7812489,99,1,5,4,1,1,1,4,1,1,5,5,5,4,4,2,1,2,1,4,1
1.0612968,0.7461053,6,1,5,7,3,3,4,3,2,1,4,4,2,4,1,3,2,3,3,2,1
0.9559569,0.7029347,99,1,5,6,4,1,3,2,2,2,4,3,2,4,3,2,2,2,2,3,1
0.9825804,0.7867066,5,1,5,13,2,2,3,3,2,2,1,3,2,3,3,2,2,2,1,3,1
1.3441145,0.9164224,5,1,5,14,2,3,3,4,1,3,3,2,4,4,1,4,2,3,3,2,1
1.0125813,1.8601213,5,3,14,12,1,1,4,2,2,1,2,4,1,3,3,1,4,1,2,4,2
1.0595449,0.9999015,99,1,9,9,1,1,2,3,1,1,2,3,2,2,3,1,3,3,1,3,1
0.9797596,1.0949129,5,1,7,6,3,2,4,2,2,3,4,4,4,3,2,2,2,2,3,4,2
1.101277,1.2088542,99,1,3,4,4,3,4,1,1,1,3,5,4,4,3,1,4,1,1,4,2
0.9939,0.7346874,4,1,5,4,2,1,4,2,1,1,1,4,3,2,2,2,2,2,1,2,1
1.0328151,1.1169665,4,1,3,3,2,3,1,4,3,4,4,1,3,3,3,3,1,2,1,2,2
0.9973088,1.7747999,99,1,12,11,2,2,3,2,2,2,3,2,2,3,2,2,2,3,2,3,2
1.1154897,2.090301,99,4,16,14,4,4,5,5,5,4,4,1,5,5,5,5,4,1,1,5,1
0.9802399,0.7533573,3,1,5,4,4,3,4,1,5,3,4,2,3,4,3,1,4,1,1,3,2
1.0713879,0.8576542,3,1,5,4,3,2,2,3,3,2,4,2,3,4,3,2,2,1,1,3,2
1.0178083,1.138046,1,1,3,3,4,4,4,1,4,4,4,1,4,4,4,1,4,1,1,4,2
0.9172669,0.8767804,5,1,9,4,2,2,4,1,1,2,2,2,2,4,3,1,2,2,1,3,2
1.1034361,1.2277844,3,1,3,3,4,1,4,1,3,4,4,4,2,4,2,2,3,2,1,4,1
0.9236692,0.6478466,6,1,5,7,4,3,4,2,2,3,3,2,3,4,2,3,2,3,2,2,1
1.1103805,0.531928,2,1,2,3,3,2,4,2,3,3,3,2,3,4,1,2,2,3,1,4,2
0.9343443,0.9491286,6,1,7,7,2,1,4,1,2,1,2,2,1,4,1,3,1,3,1,1,1
0.9975093,1.0129026,2,1,3,4,2,3,3,3,3,3,3,3,3,3,3,2,3,2,2,3,2
1.0162362,0.703803,7,1,5,9,1,1,4,1,1,1,1,3,1,4,2,2,1,2,2,2,1
0.8760895,0.8617194,7,1,7,4,4,2,2,3,3,2,3,3,2,3,2,3,3,3,1,2,2
1.0381873,0.8460474,1,1,5,4,4,2,3,2,2,2,2,3,3,4,3,3,2,3,3,3,1
1.0261052,1.1212224,8,1,7,7,1,2,2,4,1,3,2,3,1,4,1,1,1,4,1,1,1
0.8774746,0.6864806,5,1,5,4,4,3,3,3,1,2,3,2,2,3,2,2,2,3,2,3,1
1.0298135,0.8299918,5,1,8,13,4,2,4,5,4,3,4,4,4,4,3,2,1,2,2,4,2
1.029017,0.9919208,8,1,9,7,1,1,4,3,2,1,1,4,1,2,2,1,3,3,1,4,2
1.0126702,0.9522955,8,1,9,9,2,1,5,3,2,5,2,3,2,3,2,1,3,4,2,3,1
1.1176305,1.049747,8,1,9,13,1,1,3,2,3,1,2,4,1,4,2,3,2,1,3,4,2
1.0264724,0.8642707,10,1,9,9,1,1,4,2,4,3,2,4,1,4,1,1,1,1,2,1,2
1.0412805,1.6688788,99,1,12,11,2,3,3,3,3,4,4,4,4,4,4,3,3,4,3,4,2
0.9291049,1.6760207,99,3,14,14,5,5,5,5,5,5,5,5,5,5,5,5,5,5,4,5,3
1.2336595,1.9817619,3,1,16,14,2,4,4,4,4,3,4,2,4,4,4,2,4,5,2,4,2
0.9934087,0.9895748,99,1,3,9,2,1,3,2,3,1,2,3,1,3,3,2,3,3,2,3,2
1.1254183,1.1873691,99,1,3,4,5,2,4,2,2,3,3,2,5,4,5,5,3,2,2,3,2
1.0380849,0.5589292,2,1,2,4,4,4,4,3,3,4,3,2,4,4,4,1,4,1,1,4,2
0.9578754,0.8763138,7,1,9,13,1,1,5,4,1,1,1,4,1,2,1,2,2,2,1,1,1
0.9888864,0.8487802,99,1,9,9,1,1,4,1,2,1,2,4,2,3,4,1,4,2,2,3,2
0.9190457,0.5324998,3,1,4,5,4,4,5,3,5,5,4,1,4,4,5,2,5,3,1,4,1
1.0412812,0.927214,2,1,9,9,1,1,1,1,1,1,1,2,1,3,1,1,1,3,1,3,2
0.894637,1.5820802,99,3,14,13,3,3,4,2,3,3,4,2,5,4,3,5,3,2,1,3,2
0.9569414,1.7416711,99,1,12,4,1,1,4,2,1,3,4,2,2,1,1,2,2,2,2,1,2
0.9873739,0.7317764,5,1,5,11,1,5,5,5,5,2,5,4,2,4,5,5,5,2,2,4,2
0.9981002,0.7353578,3,1,5,4,3,4,4,2,3,4,4,2,3,4,3,1,3,3,3,4,2
1.0021551,1.9295485,5,3,14,12,1,1,5,4,2,1,5,5,2,4,5,1,5,5,1,3,3
0.9983274,0.896278,10,1,9,13,1,1,3,3,2,1,1,4,1,4,2,2,1,4,2,2,1
0.9551427,0.8731523,10,1,9,9,1,1,1,4,1,1,1,4,1,2,1,1,1,4,1,4,2
0.9941979,0.8174692,5,1,5,6,5,2,2,2,5,1,1,1,1,4,2,2,5,2,1,1,3
0.9467089,0.7790985,7,1,5,7,4,2,3,4,3,3,3,2,3,4,2,3,3,4,3,1,1
0.9744866,1.9267184,5,1,12,11,1,2,4,3,1,5,5,5,5,4,1,1,1,4,1,4,2
1.1518509,1.2527939,4,1,3,4,2,1,4,2,3,1,5,3,2,4,3,3,2,2,2,5,2
1.0027708,0.8964298,10,1,9,9,1,1,1,2,1,1,1,4,1,3,3,2,1,2,2,3,2
1.0190327,1.1221644,2,1,3,3,4,4,4,5,4,4,4,1,2,4,4,1,3,1,1,4,2
1.0945898,1.8700249,5,3,14,12,3,2,5,5,2,2,5,3,5,3,5,2,5,2,2,2,1
0.9879897,1.0154569,2,1,3,4,3,1,1,4,1,1,2,2,2,4,4,1,4,1,1,4,2
0.980855,0.7806521,3,1,5,9,1,1,3,2,1,1,1,4,2,3,2,1,1,2,1,2,2
1.0307875,1.0467422,6,1,7,7,4,3,4,1,2,2,3,2,3,4,2,4,3,3,3,2,1
1.0128738,0.9597644,99,1,9,9,2,1,3,3,1,2,2,3,2,3,1,1,3,1,1,4,2
0.8927541,0.8284159,99,1,9,9,1,1,4,3,3,1,1,3,1,4,1,1,1,4,2,1,2
0.9190457,0.5324998,3,1,4,4,2,2,4,4,2,3,3,3,2,5,2,1,2,2,2,4,2
0.9291049,0.9087319,9,1,7,7,1,1,4,4,2,1,1,3,2,4,1,2,1,3,2,3,2
1.078446,0.6181167,0,1,4,4,1,1,3,3,2,1,2,4,1,4,3,1,3,3,2,4,2
1.0249456,0.6905842,5,1,5,4,4,4,4,2,2,4,4,1,3,2,1,3,3,2,1,3,1
0.9312888,0.8338406,8,1,8,7,4,3,4,4,3,2,5,2,3,5,3,2,3,3,2,3,1
1.1518509,0.8723183,6,1,5,4,3,2,3,3,3,2,2,2,3,3,2,2,2,2,2,3,1
1.0069435,0.7773457,5,1,5,4,2,2,3,2,1,3,3,2,2,4,2,2,2,1,1,4,2
0.9647016,1.7345399,5,1,12,11,1,2,4,2,2,3,3,2,1,4,3,2,2,3,2,4,2
0.9362006,0.8939785,99,1,3,13,3,3,3,3,3,3,3,3,3,3,3,3,3,1,2,3,1
1.0003988,0.5458415,5,1,4,4,2,1,1,4,2,4,4,4,3,3,4,4,4,1,1,3,2
0.9226344,0.5515451,99,1,4,12,5,5,3,2,3,5,5,2,5,3,2,2,3,2,1,5,2
0.9930898,1.0504749,99,1,7,11,4,2,3,3,1,1,2,2,3,3,2,2,3,1,1,3,2
0.8795698,1.0295436,1,1,3,3,4,4,4,2,3,3,3,2,3,4,4,1,3,2,1,4,2
1.0166124,0.7525289,2,1,5,4,2,1,2,2,2,1,1,3,1,3,3,1,2,1,2,3,2
0.9312888,0.8954301,99,1,9,9,5,2,3,5,2,2,3,3,1,4,2,2,3,3,2,2,2
1.0243467,0.6650028,5,1,4,4,3,2,3,3,2,2,3,3,2,3,3,3,2,3,2,3,2
0.9315128,0.7273449,3,1,5,4,4,5,4,2,2,1,3,2,3,4,3,2,3,1,1,3,1
0.9422553,0.8966355,10,1,9,13,1,1,4,3,1,2,2,4,2,4,3,1,1,3,1,2,2
0.9597225,1.0219145,8,1,9,7,4,2,4,3,2,1,3,3,2,4,3,2,1,4,2,3,2
1.0127628,1.061178,99,1,3,6,4,3,4,1,1,4,4,4,4,4,2,4,1,4,1,4,2
1.0166124,0.7525289,6,1,5,9,4,2,4,2,2,1,3,3,3,4,2,2,2,3,2,2,1
1.0023565,0.7667775,3,1,5,4,2,5,5,3,2,4,4,1,4,4,5,1,3,1,1,4,2
0.9576828,0.7709913,99,1,1,13,3,3,4,2,2,3,3,2,4,4,2,2,3,2,1,3,2
0.9161593,0.9171275,5,1,9,9,3,2,5,5,2,1,5,4,2,3,2,1,2,1,1,2,1
0.9303262,0.6559397,7,1,5,13,3,1,4,3,2,1,3,4,1,1,2,2,2,3,2,4,2
0.9115734,0.8735973,4,1,8,5,3,2,3,4,2,2,2,3,2,5,3,2,2,2,2,2,2
0.9694821,1.0098351,1,1,3,12,3,2,3,3,2,3,3,3,2,3,3,2,2,1,2,3,2
0.9599155,2.0106468,5,1,12,11,1,1,1,1,1,1,1,4,3,4,1,3,1,4,3,3,1
0.9960532,1.0064116,8,1,7,7,5,1,5,4,3,2,5,3,2,3,3,2,3,3,1,3,1
1.0583427,1.1097598,2,1,3,4,2,2,4,2,1,2,3,3,1,2,1,1,4,2,1,4,2
0.8795698,1.8181067,99,1,12,11,5,1,5,4,2,5,3,3,2,3,3,3,2,2,1,2,1
0.9568581,0.7452664,6,1,5,7,5,5,5,2,3,3,4,2,2,4,5,4,3,3,2,2,1
0.976846,0.9200757,5,1,9,9,2,2,4,3,2,1,2,3,1,4,4,2,2,3,1,3,2
0.9786631,0.7295026,6,1,5,4,2,2,3,2,2,2,3,2,3,3,3,2,2,3,2,3,2
0.8891781,0.8360929,6,1,8,7,4,2,3,2,2,1,4,3,3,4,2,1,1,2,2,3,2
0.9809581,0.7786967,4,1,5,4,2,2,2,2,2,2,2,2,2,2,2,2,2,2,1,2,1
1.0026571,0.6855752,2,1,4,12,4,5,4,5,2,2,3,2,2,4,4,1,5,1,1,4,2
0.9825804,0.951733,5,1,8,7,3,2,3,4,2,2,2,3,2,4,3,2,3,3,2,3,2
1.0716134,1.0883234,8,1,7,7,4,1,3,4,2,1,2,3,2,4,1,2,2,4,2,2,1
0.923717,0.6035374,4,1,4,4,4,3,4,1,2,4,4,1,4,4,4,2,3,2,2,4,2
0.8754923,0.6645486,5,1,5,4,4,3,4,3,2,2,2,2,3,4,3,1,3,2,1,3,1
0.9467089,1.1189147,2,1,3,3,4,3,4,2,2,2,3,2,3,4,4,1,4,1,1,4,2
0.9742907,1.0825568,1,1,3,4,4,3,4,2,2,3,3,2,3,3,3,2,4,2,1,3,2
1.0688459,0.7519996,4,1,5,4,4,4,3,3,2,4,4,2,4,4,3,2,3,3,2,3,1
0.9849337,0.9440807,9,1,9,7,2,2,2,3,2,1,3,3,2,3,3,2,2,3,3,4,2
0.8891781,0.555353,3,1,4,4,4,3,4,1,2,2,3,3,2,4,3,2,3,2,2,3,2
1.3189358,0.9113488,4,1,5,4,4,3,4,1,3,4,4,1,4,4,2,4,5,3,2,3,1
1.0531296,0.8035518,99,1,5,4,4,3,4,3,3,3,3,1,3,4,4,2,1,4,1,2,2
0.9851317,0.5885292,2,1,4,3,3,3,3,2,3,3,3,2,2,2,2,1,4,1,1,4,2
1.0865625,2.0425172,99,4,16,14,5,5,5,5,5,3,4,2,4,4,5,5,5,4,3,4,3
0.993314,0.7584464,99,1,5,7,3,2,3,4,2,1,4,3,3,4,2,2,2,2,2,3,2
1.0375667,0.651154,99,1,4,5,2,2,2,2,2,3,3,3,2,2,2,2,2,3,2,3,2
1.0375667,0.651154,99,1,4,6,4,4,4,1,4,3,4,2,3,3,1,4,3,2,1,3,1
0.9935136,0.9930446,99,1,9,9,3,3,4,3,2,3,3,2,2,3,4,1,1,2,2,3,2
0.9292917,0.8652548,5,1,9,9,2,2,2,2,3,3,3,3,3,3,3,4,3,4,3,3,2
0.9798365,0.6718858,99,1,5,13,5,5,5,5,5,5,5,5,5,5,5,5,5,2,2,5,2
1.0055705,0.7226442,6,1,5,4,3,3,4,1,2,2,4,2,3,4,2,3,2,2,1,2,1
0.9372062,1.7417939,99,1,12,12,2,1,4,2,1,3,2,3,1,4,2,1,1,2,2,3,2
1.0856525,0.6767633,1,1,4,4,4,4,4,2,2,4,4,2,4,4,3,2,4,2,1,3,2
0.9849337,0.837128,5,1,1,5,4,4,4,1,1,3,3,2,4,4,4,3,3,1,3,4,2
1.0211746,1.0989097,1,1,3,3,4,4,3,2,2,4,4,2,4,4,4,2,4,2,2,4,2
1.0264724,0.6652713,2,1,5,4,3,4,4,1,4,3,4,2,4,4,2,2,4,2,2,3,2
0.9552734,0.9473298,8,1,9,9,1,2,3,4,2,1,3,3,3,3,2,3,2,2,2,2,2
1.0767058,0.731637,5,1,5,9,3,1,4,3,1,2,3,3,1,4,5,2,3,2,1,4,1
1.038396,0.852683,6,1,5,7,1,2,4,4,4,1,3,3,1,4,2,2,2,3,2,2,1
1.016053,0.7409345,4,1,5,13,2,3,4,3,1,2,2,2,4,4,2,1,1,1,1,2,1
0.9046278,0.641195,5,1,5,4,4,1,4,2,2,1,1,4,3,3,2,2,4,3,2,4,2
0.9185315,0.965238,9,1,9,9,2,1,4,3,2,2,2,3,2,3,3,2,1,2,2,3,1
0.9936084,0.6944435,5,1,5,5,3,2,3,2,2,2,3,2,2,2,1,3,3,3,3,3,2
0.9364753,0.7370744,5,2,15,13,4,3,1,2,1,3,3,2,3,3,2,1,2,2,2,3,2
1.0247396,0.5506057,2,1,4,4,3,3,4,2,2,5,3,2,3,4,3,2,3,2,1,3,1
1.0278205,0.9293519,5,1,9,9,2,2,4,2,2,1,1,4,1,4,2,2,2,2,2,4,2
1.0546298,1.0289212,99,1,9,9,1,1,4,2,1,1,1,4,1,4,3,3,3,2,2,4,2
0.9936084,1.7612305,2,1,16,14,4,2,3,3,1,3,3,3,4,4,1,3,1,3,1,4,1
0.942119,1.8421718,9,1,12,7,2,1,4,1,2,1,1,4,1,4,1,1,4,1,1,4,2
1.0417395,1.8962312,99,3,14,11,1,4,2,4,1,1,4,1,4,4,4,1,2,1,2,4,2
1.010573,1.0105724,0,1,3,3,4,4,4,1,1,4,4,2,4,4,4,1,4,1,1,4,2
1.0603949,1.8795154,5,1,12,13,1,2,4,2,2,4,4,3,1,4,1,1,3,2,1,4,2
1.0166124,0.9776292,99,1,9,12,1,1,3,3,1,1,2,4,1,4,3,2,1,1,1,3,2
0.9984604,0.5113466,1,1,2,1,3,3,4,2,2,3,3,2,3,3,2,2,4,2,1,3,2
0.9694821,0.5650187,2,1,4,4,4,4,4,1,4,4,4,1,4,4,4,2,4,4,1,4,2
1.054417,1.0405415,99,1,3,14,5,5,5,2,2,5,5,5,4,4,5,5,2,2,4,4,2
1.4341975,1.2104633,6,1,9,9,1,2,2,2,2,2,2,2,2,2,2,2,2,2,1,2,1
1.0190327,1.9816689,99,4,16,14,3,3,3,3,2,3,3,3,5,5,2,5,3,5,4,5,3
0.9934087,0.8951483,99,1,9,9,1,1,4,2,1,1,2,3,1,4,1,1,1,2,1,4,2
0.9044459,1.6135279,99,1,12,11,5,2,4,5,3,2,3,5,5,4,5,2,3,2,1,3,2
0.9939,1.863296,99,1,12,11,2,2,3,2,2,2,2,3,3,3,3,2,3,2,1,3,2
0.9178204,0.5419246,1,1,4,13,4,4,4,1,4,4,4,1,4,4,4,2,4,3,2,3,2
0.9861222,1.8335391,5,3,14,12,2,2,3,3,3,3,3,2,2,4,3,2,2,3,1,2,1
0.9255823,0.7301449,5,1,5,4,3,3,3,3,1,3,3,2,4,4,2,3,4,3,2,3,1
1.0345511,0.9149457,5,1,9,9,1,1,4,1,1,1,2,4,1,4,2,3,2,2,2,3,2
0.9798372,0.9467381,99,1,9,12,2,2,4,2,2,2,3,3,2,4,2,2,3,3,2,4,2
1.0545095,0.940729,9,1,9,9,1,1,4,2,1,2,2,3,1,4,2,3,2,4,1,2,1
0.9364753,1.6701958,5,1,12,11,3,3,3,3,3,3,3,3,3,3,3,3,3,3,2,3,2
0.9838939,1.0882823,1,1,3,3,4,3,3,2,2,3,3,2,3,3,3,1,3,2,1,3,2
0.9744866,0.6104583,3,1,4,4,4,2,2,4,3,2,4,2,2,4,2,2,3,2,1,3,1
1.0460718,1.0679843,99,1,3,11,2,2,4,3,3,3,3,2,4,3,3,2,3,2,1,4,2
1.0092409,1.6651455,6,1,12,9,1,1,2,3,3,1,1,3,3,3,3,3,4,2,2,3,1
1.0003965,0.7525629,5,2,15,13,1,2,4,2,3,2,3,2,1,4,3,1,2,1,2,1,1
0.9742007,0.7180808,5,1,5,4,4,4,4,2,3,3,4,2,3,4,3,2,3,2,2,1,1
0.8867798,0.9447963,99,1,3,3,2,2,4,2,5,2,3,2,5,5,2,2,5,1,1,3,2
1.1378896,0.9746234,7,1,9,9,2,1,3,2,2,1,1,4,1,4,2,2,1,2,1,2,2
1.0818472,1.0102743,3,1,9,9,1,1,4,2,2,2,1,4,1,4,2,1,3,1,1,3,2
0.9825804,1.9952258,99,4,16,14,5,5,5,4,2,5,5,2,5,4,1,2,2,5,1,4,2
1.1431254,1.1014163,6,1,9,7,1,1,2,3,4,1,1,4,1,4,3,2,3,2,1,4,2
0.9364753,0.9457858,3,1,3,13,3,3,3,5,3,3,3,2,3,4,3,2,3,2,1,3,3
0.9734838,0.8364727,4,1,8,4,2,2,2,3,2,2,3,3,2,3,2,2,2,2,1,2,1
1.0551703,1.5649962,5,1,11,8,3,1,4,4,3,3,3,4,4,4,3,1,4,1,1,4,2
0.9305133,0.6610843,4,1,5,13,3,2,4,2,2,3,3,2,2,4,3,2,2,2,2,2,1
1.0397565,0.9701714,10,1,9,9,1,1,1,4,1,1,1,4,1,4,3,1,3,4,3,4,1
1.0388494,1.0944054,8,1,7,7,1,1,1,4,1,1,1,4,1,3,2,2,2,3,2,2,1
0.9493595,0.7853619,2,2,15,6,3,1,4,3,3,2,3,3,3,3,1,2,2,4,3,4,1
0.9646595,0.9232311,5,1,9,9,2,1,3,3,2,2,2,3,3,4,2,3,1,3,2,2,1
1.0565864,1.1581722,2,1,3,3,4,4,4,1,3,2,4,2,4,4,4,1,4,1,1,4,2
1.0095371,0.9551558,4,1,7,7,3,2,3,4,3,2,2,2,3,3,2,3,3,2,3,3,1
0.909781,0.9287037,8,1,7,7,4,1,4,4,1,1,4,4,1,3,1,1,2,3,2,2,1
0.9873164,0.9741017,7,1,9,9,1,1,1,4,2,1,1,4,2,4,2,2,2,1,2,2,1
0.9644656,1.7883223,5,1,13,11,4,1,3,3,2,2,2,2,1,2,3,1,1,2,2,1,2
0.9374808,0.668476,99,1,5,6,4,1,4,2,4,1,2,2,2,4,3,1,3,1,1,4,1
1.0406986,0.8002211,5,1,5,12,2,2,5,3,2,1,2,3,5,5,3,1,5,1,1,3,2
0.9030519,0.7853906,6,2,15,13,3,3,5,5,4,3,3,3,3,4,5,5,5,3,2,3,2
1.1963429,2.0765498,5,3,14,9,3,3,3,3,3,3,3,3,3,3,3,3,3,4,3,3,2
0.9849337,0.9992952,99,1,7,7,2,2,3,3,2,2,3,2,5,4,2,2,2,1,2,3,1
0.9378873,1.6226723,99,3,14,9,4,2,4,2,3,2,2,3,3,3,3,2,3,3,2,3,2
0.9442534,0.9794146,1,1,3,13,4,3,4,2,3,3,4,1,3,4,3,1,3,1,1,3,2
1.3734287,0.9002796,7,1,5,7,2,2,1,4,2,4,2,2,2,1,3,2,3,2,2,2,2
1.0595449,0.9999015,99,1,9,9,1,1,3,3,2,1,1,4,1,3,4,1,2,2,2,4,2
0.9444432,0.7692688,5,2,15,13,4,4,4,1,4,4,4,1,4,4,4,2,3,2,2,4,2
0.9889991,0.7145981,5,1,5,7,3,2,4,1,4,3,2,3,1,4,2,1,1,1,2,2,2
0.9087415,0.8211132,9,1,9,9,1,1,3,3,1,1,1,4,1,4,1,1,5,1,1,1,2
0.978601,0.92181,5,1,6,5,4,3,4,4,1,1,2,2,2,3,2,2,2,2,1,3,1
0.9498417,0.865955,99,1,9,11,2,1,1,4,1,1,1,4,1,2,3,1,2,2,3,4,2
0.9046278,0.9208624,1,1,3,4,4,2,4,2,2,3,3,2,3,3,2,2,4,1,1,4,2
0.9284021,0.9254899,8,1,7,13,2,2,4,2,3,3,3,3,3,4,2,3,2,3,3,3,2
1.029017,0.9919208,9,1,9,9,1,1,4,4,2,1,1,4,1,2,4,1,2,1,2,2,2
1.0615275,0.9669236,0,1,9,9,1,1,3,1,1,1,4,4,1,2,1,2,2,1,3,4,2
0.942119,0.9436302,10,1,9,7,1,1,2,4,3,2,3,3,2,3,2,1,1,2,1,3,2
1.0156993,0.8874077,5,1,9,9,1,1,1,4,2,1,1,4,1,3,3,2,2,2,3,4,2
0.9962875,0.5838684,2,1,2,3,3,3,4,2,2,2,4,3,4,4,2,1,2,2,1,4,2
0.9568581,1.0703263,99,1,3,13,1,1,4,1,1,1,1,4,1,4,3,1,4,2,2,4,2
1.0159035,0.9887118,4,1,3,4,2,2,4,3,2,3,2,3,3,4,3,1,1,3,2,3,2
0.8844896,0.8595368,8,1,7,7,2,1,3,4,2,1,2,4,4,4,1,1,2,4,1,1,1
1.0366631,0.7794847,4,1,5,4,2,2,5,3,2,2,3,3,3,4,3,1,4,2,1,4,2
0.9576828,0.9612147,99,1,3,13,3,3,4,1,2,2,4,2,3,4,3,2,3,2,2,3,2
0.8711714,0.8902892,0,1,3,3,4,4,4,1,2,4,4,1,4,4,4,1,4,1,1,4,2
0.8964668,0.823942,6,1,9,7,3,1,4,2,3,1,3,2,2,4,3,1,2,2,1,3,2
1.0132039,1.0386928,5,1,3,1,2,1,4,1,1,1,4,4,1,4,2,1,4,2,1,4,2
0.942119,0.9436302,0,1,9,9,2,1,4,1,1,1,1,4,2,3,2,1,2,1,1,2,2
0.9190457,1.6806672,99,3,14,12,3,1,3,2,2,1,2,3,2,4,2,2,3,2,1,3,2
1.1767007,0.7626673,6,1,5,13,4,3,2,1,4,4,3,1,3,3,3,1,3,1,2,3,1
0.894637,0.8958884,0,1,3,13,4,4,4,1,4,4,4,3,3,1,4,1,4,2,1,1,2
1.0181274,1.0215032,7,1,9,11,1,1,2,3,2,1,2,3,1,4,3,2,2,3,1,3,2
0.909781,0.6753696,6,1,5,13,4,3,4,1,3,2,3,2,3,4,2,3,3,3,2,3,1
1.0417395,1.8962312,99,1,16,14,3,5,3,3,5,5,3,2,5,3,2,2,5,2,1,3,2
1.0116961,0.8992239,10,1,9,9,1,1,1,4,2,1,1,4,1,4,2,3,4,3,2,2,1
1.1251922,0.9924086,8,1,8,6,1,1,3,3,3,1,2,4,2,4,2,2,3,4,2,1,1
1.0296065,0.9360827,7,1,7,13,2,2,4,1,3,2,3,3,2,4,3,1,2,3,3,2,2
1.0122621,0.9002766,10,1,9,9,1,1,4,1,4,1,1,4,1,1,4,1,4,1,1,4,2
0.8797467,0.9935017,8,1,7,9,4,1,2,4,2,1,1,4,1,2,1,3,1,3,2,2,1
0.9578754,0.9275649,8,1,7,11,2,2,4,1,4,4,3,4,3,3,2,2,2,4,3,2,1
1.0608341,2.1128805,3,1,16,11,3,1,4,1,4,3,4,2,2,4,3,2,2,2,2,4,1
0.9908339,0.9452575,5,1,9,9,1,1,1,4,2,1,1,4,1,4,2,1,2,3,1,4,1
0.9885104,0.9062949,99,1,9,9,1,1,3,4,3,1,3,3,1,4,3,1,3,1,4,4,2
0.9364753,0.9457858,99,1,3,12,4,4,3,4,1,4,4,1,4,4,4,1,4,2,1,4,2
1.0109707,1.0784343,7,1,7,7,2,2,3,4,1,1,3,2,3,4,4,4,1,4,2,1,1
0.919158,0.9102024,9,1,9,9,2,1,3,3,3,1,2,3,1,4,3,2,2,3,2,3,2
0.9939,0.9544509,5,1,9,9,1,1,4,2,1,1,1,3,2,4,4,1,3,2,1,2,1
0.9421307,0.8351576,5,1,6,6,4,3,4,2,2,2,3,2,3,4,2,2,3,3,1,3,1
0.9646595,0.9232311,5,1,9,4,3,3,4,3,3,4,3,4,4,4,3,2,3,3,2,3,3
0.9655689,0.9115035,2,1,8,3,1,1,4,2,2,1,1,3,2,3,2,1,4,1,1,4,2
0.936287,0.4765772,0,1,2,13,4,4,4,1,3,4,4,1,4,4,4,1,4,1,1,4,2
1.0345519,0.9923817,7,1,9,7,1,1,4,2,2,2,2,3,1,4,3,2,2,3,1,3,1
0.9597256,0.7086395,8,1,5,7,1,1,1,4,1,1,1,2,1,2,1,2,2,3,1,3,1
0.9849337,0.879145,5,1,8,11,1,1,4,1,1,1,5,2,5,5,1,5,2,1,1,4,2
0.8844896,0.8595368,7,1,7,7,1,1,2,2,1,2,3,4,2,4,2,2,1,2,2,2,1
0.9442534,0.6819648,6,1,5,13,2,2,2,3,2,3,2,3,3,2,2,2,2,2,2,3,1
1.2168678,0.802223,5,1,5,6,4,2,4,3,3,4,3,2,2,4,3,3,3,3,2,2,1
0.9744866,1.0910474,5,1,3,4,2,2,5,3,3,2,2,3,5,3,2,2,2,2,2,3,2
1.1431246,1.9824232,5,1,12,11,3,3,3,2,2,2,3,2,2,3,5,1,2,2,1,3,2
0.8759133,0.752211,4,1,8,8,4,1,4,3,1,1,3,4,1,3,1,1,2,3,1,3,2
0.9779106,1.7285848,99,3,14,12,4,4,2,1,1,4,4,2,5,5,4,1,4,2,2,5,1
1.0210841,1.9730622,99,1,12,12,3,2,2,3,2,1,1,4,2,4,1,1,2,1,1,4,2
1.0076437,1.0773983,0,1,3,3,3,2,3,3,2,2,2,3,2,2,3,2,3,2,1,3,2
1.1263182,1.0946943,4,1,3,4,4,5,4,1,3,3,4,3,3,4,4,2,3,2,2,4,2
1.0095371,0.558156,4,1,4,4,2,4,1,3,1,4,4,1,4,4,3,1,2,2,2,4,2
0.9305133,0.739912,5,2,15,5,2,3,2,2,2,3,3,3,3,3,3,3,2,3,2,3,2
0.8411733,1.4496468,99,1,12,13,4,2,4,2,1,2,4,3,1,4,3,1,4,4,2,4,2
1.0103699,0.8446411,7,1,8,8,4,2,2,4,4,3,3,3,3,4,2,3,4,3,3,3,2
1.0043133,1.7666014,99,4,16,9,2,2,2,2,3,2,2,5,3,2,4,2,1,4,1,1,1
0.937563,0.6681048,5,1,5,9,1,1,3,3,1,1,2,2,2,3,1,2,3,3,2,3,1
0.9596791,1.6934528,7,1,12,13,3,1,1,5,2,2,5,2,2,1,5,2,2,2,1,2,1
0.9644656,0.853039,99,1,8,8,2,2,3,2,2,2,2,3,2,3,2,2,2,2,2,3,2
0.887686,0.9350634,3,1,3,13,4,3,4,5,4,4,4,2,3,4,5,2,2,2,2,3,2
0.9807602,1.8066385,5,3,14,11,1,1,1,1,1,1,1,1,1,1,1,1,1,1,1,1,1
0.9405699,1.6193259,2,3,14,9,3,2,3,3,3,3,3,3,2,2,3,3,1,2,2,2,2
1.0380849,0.9955654,10,1,9,9,2,1,3,4,2,1,2,4,1,2,1,2,3,3,2,2,1
1.1101574,0.8754358,99,1,8,8,4,3,4,2,3,2,3,2,3,4,3,3,2,3,4,3,2
0.8964668,0.9108572,4,1,3,5,3,3,4,4,2,4,4,2,2,4,4,1,4,1,1,4,2
1.0296611,0.7195283,5,1,5,4,3,3,4,2,2,5,3,2,3,3,3,2,5,3,1,3,2
1.0716134,1.0883234,8,1,7,7,1,2,2,2,2,1,2,3,1,3,2,2,2,1,2,3,1
1.0060817,0.7213596,5,1,5,4,2,4,4,1,3,4,4,2,4,4,4,3,2,2,2,4,2
1.0545547,1.9929521,5,3,14,12,1,1,5,4,2,1,3,4,1,4,1,3,1,3,2,1,1
0.9342903,0.8656568,6,1,9,4,3,2,3,3,3,2,2,2,2,4,2,2,2,2,1,3,2
0.9174513,1.725091,99,3,14,4,5,5,5,5,2,5,5,5,5,5,2,5,5,5,4,5,3
1.0096135,0.9306834,7,1,9,9,1,1,4,1,2,1,1,4,1,4,3,2,3,3,2,3,2
1.0188279,0.7752807,6,1,5,7,2,2,1,4,2,2,2,3,1,4,3,2,2,3,2,4,1
0.9887092,0.703091,5,1,5,7,4,2,4,2,2,1,3,2,2,4,2,3,3,2,2,2,1
0.9676737,0.955294,2,1,3,3,3,3,4,3,3,3,3,2,3,3,3,1,4,1,1,4,2
0.9760181,1.0206428,5,1,3,4,3,3,3,3,3,2,2,2,2,2,3,3,3,2,3,2,2
1.0831999,2.0677476,3,1,12,6,2,2,4,5,2,1,5,5,2,4,3,2,5,3,2,3,2
1.0188279,0.7752807,5,1,5,4,2,2,2,4,3,3,2,2,3,4,3,2,1,2,1,4,1
1.0634848,1.0062321,10,1,9,9,1,1,3,3,1,1,3,4,1,4,4,1,1,3,1,3,1
0.9616072,1.0336611,99,1,3,7,4,5,5,5,2,3,4,2,4,4,5,2,3,2,2,1,2
0.9543528,0.910615,7,1,7,13,4,3,1,4,3,5,3,2,3,4,1,3,3,3,2,2,1
1.118829,0.8699247,7,1,5,7,2,2,4,3,2,2,3,2,3,4,5,2,5,2,2,3,1
0.9963479,0.9477512,99,1,9,9,1,1,4,1,3,1,2,4,1,3,3,2,1,1,1,3,2
1.1433553,1.1749762,7,1,7,7,3,1,3,3,2,1,1,4,1,3,1,2,2,3,2,2,1
0.9878821,0.7670262,7,1,5,7,2,2,2,3,2,2,3,3,2,3,2,2,2,2,2,3,1
0.8238326,1.434763,99,3,14,13,1,1,1,4,1,1,2,4,2,2,3,1,4,2,2,2,2
0.9723708,1.091851,9,1,7,12,1,1,4,4,1,1,1,4,1,4,2,4,2,4,2,2,1
0.9885104,1.7692852,99,1,12,11,2,2,3,3,3,2,3,2,5,5,3,2,3,2,2,5,2
1.0188279,0.7752807,5,1,5,6,2,3,3,2,2,3,2,2,3,2,3,2,2,3,2,2,2
0.9750217,0.7323821,0,1,5,4,1,1,2,2,1,1,1,4,1,3,1,1,1,1,1,4,1
1.0410024,1.0076772,5,1,9,9,1,1,4,2,1,3,4,2,3,4,2,1,1,2,1,3,1
0.9646595,1.02062,99,1,3,9,2,2,4,2,3,2,3,2,3,4,3,2,2,1,1,4,2
0.9608995,0.6930263,99,1,5,3,4,3,2,3,2,4,3,3,3,3,3,2,3,3,2,4,2
0.9875724,1.8704692,5,1,12,11,3,3,3,2,2,2,3,2,2,3,3,1,3,2,2,3,2
1.0565864,1.10893,6,1,7,6,5,2,5,3,2,2,2,4,2,5,2,2,2,2,1,3,1
0.9889991,1.0262814,4,1,3,8,1,1,4,4,1,1,3,3,1,4,1,1,4,1,1,3,2
0.9649802,0.9893759,5,1,3,4,4,4,1,4,2,3,3,1,4,2,5,1,1,3,4,4,2
1.1048855,1.0034221,6,1,8,8,4,3,4,4,3,4,4,2,4,4,2,3,2,2,1,3,1
0.9963954,0.9345456,99,1,9,9,1,1,4,4,2,1,2,4,1,4,1,1,4,3,1,4,2
1.0417395,1.0281291,8,1,7,7,3,2,2,4,3,1,3,2,3,4,4,2,1,2,2,3,2
0.9467089,1.0713416,8,1,7,7,3,3,3,2,2,3,3,2,3,4,2,3,3,3,2,2,1
0.96628,1.0760078,9,1,7,8,5,1,5,3,1,1,3,5,1,4,2,5,2,4,2,3,1
0.9941979,0.8174692,4,1,5,6,4,4,4,2,4,4,4,1,4,4,3,3,2,2,2,3,2
0.9658583,0.6736616,4,1,4,4,4,3,4,3,3,2,3,2,3,4,3,2,2,2,2,2,1
1.3964684,0.8622587,8,1,5,4,1,1,1,4,1,1,1,4,1,4,4,3,4,2,1,4,2
0.9046278,0.7472613,2,1,6,6,4,4,4,1,1,4,4,1,2,4,2,2,2,2,1,1,1
1.0295452,1.7808614,99,3,14,12,2,1,4,1,2,1,1,3,1,4,2,3,3,1,1,4,2
0.9442534,1.7295822,99,1,12,13,2,2,2,2,2,1,2,4,2,2,4,1,1,2,3,2,1
0.9983274,0.9908237,3,1,3,13,4,4,4,1,2,4,4,1,3,4,4,2,3,2,2,4,2
1.0106601,1.0888281,9,1,7,7,3,1,3,3,2,1,3,3,2,4,2,3,3,4,2,3,2
1.1431254,2.1502047,99,1,12,11,4,3,4,2,2,5,3,2,3,4,5,5,5,5,2,5,3
0.8411733,0.5715879,3,1,5,7,4,4,4,1,4,4,4,1,2,4,4,3,3,4,2,3,2
1.0039381,0.736482,4,1,5,6,4,4,4,2,2,4,4,1,4,4,2,3,3,3,1,2,1
1.3219814,1.0711268,7,1,8,7,3,2,3,2,1,3,2,3,2,3,2,4,2,3,1,2,1
0.967784,0.7275285,4,1,5,4,2,3,4,1,2,3,3,2,4,4,1,2,3,3,2,2,1
0.9962875,0.8005288,7,1,5,7,2,2,4,2,2,2,3,3,3,4,2,3,5,4,3,2,1
0.978601,1.0876638,5,1,7,7,5,4,5,5,5,5,5,5,5,2,3,4,2,2,2,3,1
0.9439665,0.9399366,5,1,9,9,2,1,1,4,2,1,2,4,1,3,4,2,2,4,2,2,2
1.0764312,0.7333903,6,1,5,7,2,1,4,3,2,2,3,4,2,4,3,2,2,1,1,3,2
0.9795627,1.0263655,8,1,9,9,3,1,4,1,2,1,2,3,2,4,3,1,4,1,3,4,2
0.927503,1.7294922,99,4,16,14,4,5,5,5,5,5,5,5,5,5,5,5,3,5,4,5,3
0.9744866,0.7596945,5,1,5,6,4,3,4,2,2,4,4,2,4,4,2,3,3,4,2,2,1
0.982778,0.7928768,4,1,5,4,4,3,4,3,2,3,4,2,3,4,3,3,3,2,1,2,1
0.9576828,1.6974424,99,4,16,14,5,4,5,5,5,4,4,2,5,5,5,5,5,5,4,5,3
0.9095982,0.7500183,99,2,15,13,4,3,4,1,3,4,4,2,3,2,4,2,3,2,2,3,2
1.0296065,1.7264652,99,1,13,13,2,3,3,2,3,2,3,1,3,4,3,2,2,3,2,2,2
1.0097407,0.8849064,99,1,6,11,2,1,4,5,2,1,3,4,2,3,3,2,2,2,1,2,1
1.0123596,0.9408454,7,1,8,8,2,2,3,3,3,3,3,3,2,3,3,2,2,2,2,2,2
0.8869581,0.6630198,6,1,5,4,4,2,4,2,2,2,4,2,3,4,2,2,2,3,2,2,1
0.942119,1.4035048,5,1,10,10,2,1,4,3,2,1,3,4,1,4,3,2,3,1,1,4,2
0.9863205,0.8155058,99,2,15,13,3,3,4,1,4,2,3,2,1,2,1,1,4,1,1,2,2
1.0595449,1.1053782,99,1,3,9,2,2,4,2,2,1,3,3,3,4,1,1,4,2,1,3,2
1.0719868,0.5667151,8,1,4,3,2,4,2,2,1,2,1,3,3,1,2,2,2,2,1,2,1
0.9863205,0.8393393,5,1,1,9,1,2,1,1,2,1,2,1,1,1,2,2,1,1,1,2,1
1.0288101,0.9842017,6,1,9,9,2,2,2,2,3,1,3,3,1,4,2,1,3,2,1,4,2
1.0185267,0.9677414,99,1,9,9,1,1,3,4,1,1,1,3,1,1,2,1,2,1,1,4,1
1.0166124,1.0807564,3,1,3,8,4,1,1,4,2,1,2,4,2,3,2,1,2,2,2,4,2
0.937563,0.6681048,4,1,5,4,1,1,3,4,2,1,1,4,3,2,3,2,2,1,1,4,2
0.9939,0.7346874,7,1,5,7,3,2,2,2,3,3,2,3,2,2,3,3,2,2,2,2,1
1.0023565,0.9961398,99,1,9,7,1,1,3,2,1,1,2,3,1,4,2,2,2,2,2,3,2
1.0181274,0.5734912,99,1,2,7,2,1,3,2,1,5,4,3,1,4,3,1,2,2,1,2,1
1.0595449,1.1053782,5,1,3,3,3,2,2,3,3,3,3,3,3,3,3,2,3,3,2,3,2
0.9597764,1.0203191,5,1,3,6,4,3,1,4,2,2,3,1,3,2,1,1,2,2,1,2,1
1.0546298,1.0289212,99,1,9,9,1,1,1,2,1,1,1,4,1,3,4,1,1,1,1,3,2
0.942119,1.8421718,6,3,14,12,1,1,4,2,1,1,1,4,2,4,3,1,4,1,1,4,2
0.9166917,0.8461246,3,1,9,12,1,1,1,4,1,1,1,4,1,4,3,1,2,2,1,4,2
1.0504655,1.941308,99,1,12,11,1,1,4,1,1,1,4,4,1,4,4,1,3,1,3,4,2
0.9185315,0.7429909,5,1,5,8,2,1,4,3,2,2,1,3,1,4,1,2,1,2,1,4,2
1.0190327,1.9816689,99,1,12,11,2,1,3,1,1,3,3,3,3,3,1,4,1,4,3,3,3
0.9559569,1.7827656,4,1,16,14,4,3,4,4,2,2,3,2,4,4,2,2,3,5,1,4,3
0.936287,0.7313385,99,2,15,13,4,3,3,1,4,4,4,1,3,4,2,1,3,1,1,4,2
1.0388494,1.0339359,10,1,9,9,1,1,4,2,1,1,1,4,1,4,3,1,2,3,1,3,2
