millesime,code,serie,libelle,unite,annee,valeur
s2026,FRA.1.0.0.0.NETD,NETD,"Emploi total, personnes",1000 persons,1960,20071.0
s2026,FRA.1.0.0.0.NETD,NETD,"Emploi total, personnes",1000 persons,1961,20067.0
s2026,FRA.1.0.0.0.NETD,NETD,"Emploi total, personnes",1000 persons,1962,20053.0
s2026,FRA.1.0.0.0.NETD,NETD,"Emploi total, personnes",1000 persons,1963,20205.0
s2026,FRA.1.0.0.0.NETD,NETD,"Emploi total, personnes",1000 persons,1964,20424.0
s2026,FRA.1.0.0.0.NETD,NETD,"Emploi total, personnes",1000 persons,1965,20489.0
s2026,FRA.1.0.0.0.NETD,NETD,"Emploi total, personnes",1000 persons,1966,20649.0
s2026,FRA.1.0.0.0.NETD,NETD,"Emploi total, personnes",1000 persons,1967,20709.0
s2026,FRA.1.0.0.0.NETD,NETD,"Emploi total, personnes",1000 persons,1968,20659.0
s2026,FRA.1.0.0.0.NETD,NETD,"Emploi total, personnes",1000 persons,1969,20975.0
s2026,FRA.1.0.0.0.NETD,NETD,"Emploi total, personnes",1000 persons,1970,21261.0
s2026,FRA.1.0.0.0.NETD,NETD,"Emploi total, personnes",1000 persons,1971,21363.0
s2026,FRA.1.0.0.0.NETD,NETD,"Emploi total, personnes",1000 persons,1972,21497.0
s2026,FRA.1.0.0.0.NETD,NETD,"Emploi total, personnes",1000 persons,1973,21799.0
s2026,FRA.1.0.0.0.NETD,NETD,"Emploi total, personnes",1000 persons,1974,22002.0
s2026,FRA.1.0.0.0.NETD,NETD,"Emploi total, personnes",1000 persons,1975,21832.0
s2026,FRA.1.0.0.0.NETD,NETD,"Emploi total, personnes",1000 persons,1976,22015.0
s2026,FRA.1.0.0.0.NETD,NETD,"Emploi total, personnes",1000 persons,1977,22213.0
s2026,FRA.1.0.0.0.NETD,NETD,"Emploi total, personnes",1000 persons,1978,22347.0
s2026,FRA.1.0.0.0.NETD,NETD,"Emploi total, personnes",1000 persons,1979,22501.0
s2026,FRA.1.0.0.0.NETD,NETD,"Emploi total, personnes",1000 persons,1980,22608.0
s2026,FRA.1.0.0.0.NETD,NETD,"Emploi total, personnes",1000 persons,1981,22593.0
s2026,FRA.1.0.0.0.NETD,NETD,"Emploi total, personnes",1000 persons,1982,22656.0
s2026,FRA.1.0.0.0.NETD,NETD,"Emploi total, personnes",1000 persons,1983,22638.0
s2026,FRA.1.0.0.0.NETD,NETD,"Emploi total, personnes",1000 persons,1984,22528.0
s2026,FRA.1.0.0.0.NETD,NETD,"Emploi total, personnes",1000 persons,1985,22487.0
s2026,FRA.1.0.0.0.NETD,NETD,"Emploi total, personnes",1000 persons,1986,22601.0
s2026,FRA.1.0.0.0.NETD,NETD,"Emploi total, personnes",1000 persons,1987,22805.0
s2026,FRA.1.0.0.0.NETD,NETD,"Emploi total, personnes",1000 persons,1988,23030.0
s2026,FRA.1.0.0.0.NETD,NETD,"Emploi total, personnes",1000 persons,1989,23434.0
s2026,FRA.1.0.0.0.NETD,NETD,"Emploi total, personnes",1000 persons,1990,23650.0
s2026,FRA.1.0.0.0.NETD,NETD,"Emploi total, personnes",1000 persons,1991,23711.0
s2026,FRA.1.0.0.0.NETD,NETD,"Emploi total, personnes",1000 persons,1992,23571.0
s2026,FRA.1.0.0.0.NETD,NETD,"Emploi total, personnes",1000 persons,1993,23342.0
s2026,FRA.1.0.0.0.NETD,NETD,"Emploi total, personnes",1000 persons,1994,23471.0
s2026,FRA.1.0.0.0.NETD,NETD,"Emploi total, personnes",1000 persons,1995,23712.0
s2026,FRA.1.0.0.0.NETD,NETD,"Emploi total, personnes",1000 persons,1996,23852.0
s2026,FRA.1.0.0.0.NETD,NETD,"Emploi total, personnes",1000 persons,1997,24040.0
s2026,FRA.1.0.0.0.NETD,NETD,"Emploi total, personnes",1000 persons,1998,24463.0
s2026,FRA.1.0.0.0.NETD,NETD,"Emploi total, personnes",1000 persons,1999,25058.0
s2026,FRA.1.0.0.0.NETD,NETD,"Emploi total, personnes",1000 persons,2000,25690.0
s2026,FRA.1.0.0.0.NETD,NETD,"Emploi total, personnes",1000 persons,2001,26059.0
s2026,FRA.1.0.0.0.NETD,NETD,"Emploi total, personnes",1000 persons,2002,26188.0
s2026,FRA.1.0.0.0.NETD,NETD,"Emploi total, personnes",1000 persons,2003,26197.0
s2026,FRA.1.0.0.0.NETD,NETD,"Emploi total, personnes",1000 persons,2004,26232.0
s2026,FRA.1.0.0.0.NETD,NETD,"Emploi total, personnes",1000 persons,2005,26413.0
s2026,FRA.1.0.0.0.NETD,NETD,"Emploi total, personnes",1000 persons,2006,26702.0
s2026,FRA.1.0.0.0.NETD,NETD,"Emploi total, personnes",1000 persons,2007,27089.0
s2026,FRA.1.0.0.0.NETD,NETD,"Emploi total, personnes",1000 persons,2008,27228.0
s2026,FRA.1.0.0.0.NETD,NETD,"Emploi total, personnes",1000 persons,2009,26922.0
s2026,FRA.1.0.0.0.NETD,NETD,"Emploi total, personnes",1000 persons,2010,26948.0
s2026,FRA.1.0.0.0.NETD,NETD,"Emploi total, personnes",1000 persons,2011,27156.0
s2026,FRA.1.0.0.0.NETD,NETD,"Emploi total, personnes",1000 persons,2012,27253.0
s2026,FRA.1.0.0.0.NETD,NETD,"Emploi total, personnes",1000 persons,2013,27305.0
s2026,FRA.1.0.0.0.NETD,NETD,"Emploi total, personnes",1000 persons,2014,27452.0
s2026,FRA.1.0.0.0.NETD,NETD,"Emploi total, personnes",1000 persons,2015,27521.0
s2026,FRA.1.0.0.0.NETD,NETD,"Emploi total, personnes",1000 persons,2016,27720.0
s2026,FRA.1.0.0.0.NETD,NETD,"Emploi total, personnes",1000 persons,2017,28047.0
s2026,FRA.1.0.0.0.NETD,NETD,"Emploi total, personnes",1000 persons,2018,28328.0
s2026,FRA.1.0.0.0.NETD,NETD,"Emploi total, personnes",1000 persons,2019,28662.0
s2026,FRA.1.0.0.0.NETD,NETD,"Emploi total, personnes",1000 persons,2020,28645.0
s2026,FRA.1.0.0.0.NETD,NETD,"Emploi total, personnes",1000 persons,2021,29395.0
s2026,FRA.1.0.0.0.NETD,NETD,"Emploi total, personnes",1000 persons,2022,30064.0
s2026,FRA.1.0.0.0.NETD,NETD,"Emploi total, personnes",1000 persons,2023,30395.0
s2026,FRA.1.0.0.0.NETD,NETD,"Emploi total, personnes",1000 persons,2024,30623.0
s2026,FRA.1.0.0.0.NETD,NETD,"Emploi total, personnes",1000 persons,2025,30657.0
s2026,FRA.1.0.0.0.NETD,NETD,"Emploi total, personnes",1000 persons,2026,30625.138
s2026,FRA.1.0.0.0.NETD,NETD,"Emploi total, personnes",1000 persons,2027,30642.379
s2026,FRA.1.0.0.0.FETD,FETD,"Emploi total, équivalents temps plein",1000 FTE's,1960,19726.0
s2026,FRA.1.0.0.0.FETD,FETD,"Emploi total, équivalents temps plein",1000 FTE's,1961,19717.0
s2026,FRA.1.0.0.0.FETD,FETD,"Emploi total, équivalents temps plein",1000 FTE's,1962,19698.0
s2026,FRA.1.0.0.0.FETD,FETD,"Emploi total, équivalents temps plein",1000 FTE's,1963,19844.0
s2026,FRA.1.0.0.0.FETD,FETD,"Emploi total, équivalents temps plein",1000 FTE's,1964,20060.0
s2026,FRA.1.0.0.0.FETD,FETD,"Emploi total, équivalents temps plein",1000 FTE's,1965,20120.0
s2026,FRA.1.0.0.0.FETD,FETD,"Emploi total, équivalents temps plein",1000 FTE's,1966,20270.0
s2026,FRA.1.0.0.0.FETD,FETD,"Emploi total, équivalents temps plein",1000 FTE's,1967,20320.0
s2026,FRA.1.0.0.0.FETD,FETD,"Emploi total, équivalents temps plein",1000 FTE's,1968,20255.0
s2026,FRA.1.0.0.0.FETD,FETD,"Emploi total, équivalents temps plein",1000 FTE's,1969,20549.0
s2026,FRA.1.0.0.0.FETD,FETD,"Emploi total, équivalents temps plein",1000 FTE's,1970,20811.0
s2026,FRA.1.0.0.0.FETD,FETD,"Emploi total, équivalents temps plein",1000 FTE's,1971,20898.0
s2026,FRA.1.0.0.0.FETD,FETD,"Emploi total, équivalents temps plein",1000 FTE's,1972,21021.0
s2026,FRA.1.0.0.0.FETD,FETD,"Emploi total, équivalents temps plein",1000 FTE's,1973,21307.0
s2026,FRA.1.0.0.0.FETD,FETD,"Emploi total, équivalents temps plein",1000 FTE's,1974,21522.0
s2026,FRA.1.0.0.0.FETD,FETD,"Emploi total, équivalents temps plein",1000 FTE's,1975,21377.0
s2026,FRA.1.0.0.0.FETD,FETD,"Emploi total, équivalents temps plein",1000 FTE's,1976,21550.0
s2026,FRA.1.0.0.0.FETD,FETD,"Emploi total, équivalents temps plein",1000 FTE's,1977,21729.0
s2026,FRA.1.0.0.0.FETD,FETD,"Emploi total, équivalents temps plein",1000 FTE's,1978,21855.0
s2026,FRA.1.0.0.0.FETD,FETD,"Emploi total, équivalents temps plein",1000 FTE's,1979,21984.0
s2026,FRA.1.0.0.0.FETD,FETD,"Emploi total, équivalents temps plein",1000 FTE's,1980,22100.0
s2026,FRA.1.0.0.0.FETD,FETD,"Emploi total, équivalents temps plein",1000 FTE's,1981,22086.0
s2026,FRA.1.0.0.0.FETD,FETD,"Emploi total, équivalents temps plein",1000 FTE's,1982,22139.0
s2026,FRA.1.0.0.0.FETD,FETD,"Emploi total, équivalents temps plein",1000 FTE's,1983,22108.0
s2026,FRA.1.0.0.0.FETD,FETD,"Emploi total, équivalents temps plein",1000 FTE's,1984,21982.0
s2026,FRA.1.0.0.0.FETD,FETD,"Emploi total, équivalents temps plein",1000 FTE's,1985,21908.0
s2026,FRA.1.0.0.0.FETD,FETD,"Emploi total, équivalents temps plein",1000 FTE's,1986,22023.0
s2026,FRA.1.0.0.0.FETD,FETD,"Emploi total, équivalents temps plein",1000 FTE's,1987,22222.0
s2026,FRA.1.0.0.0.FETD,FETD,"Emploi total, équivalents temps plein",1000 FTE's,1988,22473.0
s2026,FRA.1.0.0.0.FETD,FETD,"Emploi total, équivalents temps plein",1000 FTE's,1989,22899.0
s2026,FRA.1.0.0.0.FETD,FETD,"Emploi total, équivalents temps plein",1000 FTE's,1990,23140.0
s2026,FRA.1.0.0.0.FETD,FETD,"Emploi total, équivalents temps plein",1000 FTE's,1991,23149.0
s2026,FRA.1.0.0.0.FETD,FETD,"Emploi total, équivalents temps plein",1000 FTE's,1992,22968.0
s2026,FRA.1.0.0.0.FETD,FETD,"Emploi total, équivalents temps plein",1000 FTE's,1993,22621.0
s2026,FRA.1.0.0.0.FETD,FETD,"Emploi total, équivalents temps plein",1000 FTE's,1994,22659.0
s2026,FRA.1.0.0.0.FETD,FETD,"Emploi total, équivalents temps plein",1000 FTE's,1995,22812.0
s2026,FRA.1.0.0.0.FETD,FETD,"Emploi total, équivalents temps plein",1000 FTE's,1996,22809.0
s2026,FRA.1.0.0.0.FETD,FETD,"Emploi total, équivalents temps plein",1000 FTE's,1997,22919.0
s2026,FRA.1.0.0.0.FETD,FETD,"Emploi total, équivalents temps plein",1000 FTE's,1998,23237.0
s2026,FRA.1.0.0.0.FETD,FETD,"Emploi total, équivalents temps plein",1000 FTE's,1999,23753.0
s2026,FRA.1.0.0.0.FETD,FETD,"Emploi total, équivalents temps plein",1000 FTE's,2000,24406.0
s2026,FRA.1.0.0.0.FETD,FETD,"Emploi total, équivalents temps plein",1000 FTE's,2001,24873.0
s2026,FRA.1.0.0.0.FETD,FETD,"Emploi total, équivalents temps plein",1000 FTE's,2002,25079.0
s2026,FRA.1.0.0.0.FETD,FETD,"Emploi total, équivalents temps plein",1000 FTE's,2003,25105.0
s2026,FRA.1.0.0.0.FETD,FETD,"Emploi total, équivalents temps plein",1000 FTE's,2004,25153.0
s2026,FRA.1.0.0.0.FETD,FETD,"Emploi total, équivalents temps plein",1000 FTE's,2005,25331.0
s2026,FRA.1.0.0.0.FETD,FETD,"Emploi total, équivalents temps plein",1000 FTE's,2006,25704.0
s2026,FRA.1.0.0.0.FETD,FETD,"Emploi total, équivalents temps plein",1000 FTE's,2007,26096.0
s2026,FRA.1.0.0.0.FETD,FETD,"Emploi total, équivalents temps plein",1000 FTE's,2008,26215.0
s2026,FRA.1.0.0.0.FETD,FETD,"Emploi total, équivalents temps plein",1000 FTE's,2009,25931.0
s2026,FRA.1.0.0.0.FETD,FETD,"Emploi total, équivalents temps plein",1000 FTE's,2010,25922.0
s2026,FRA.1.0.0.0.FETD,FETD,"Emploi total, équivalents temps plein",1000 FTE's,2011,26051.0
s2026,FRA.1.0.0.0.FETD,FETD,"Emploi total, équivalents temps plein",1000 FTE's,2012,26079.0
s2026,FRA.1.0.0.0.FETD,FETD,"Emploi total, équivalents temps plein",1000 FTE's,2013,26113.0
s2026,FRA.1.0.0.0.FETD,FETD,"Emploi total, équivalents temps plein",1000 FTE's,2014,26191.0
s2026,FRA.1.0.0.0.FETD,FETD,"Emploi total, équivalents temps plein",1000 FTE's,2015,26279.0
s2026,FRA.1.0.0.0.FETD,FETD,"Emploi total, équivalents temps plein",1000 FTE's,2016,26430.0
s2026,FRA.1.0.0.0.FETD,FETD,"Emploi total, équivalents temps plein",1000 FTE's,2017,26727.0
s2026,FRA.1.0.0.0.FETD,FETD,"Emploi total, équivalents temps plein",1000 FTE's,2018,27008.0
s2026,FRA.1.0.0.0.FETD,FETD,"Emploi total, équivalents temps plein",1000 FTE's,2019,27371.0
s2026,FRA.1.0.0.0.FETD,FETD,"Emploi total, équivalents temps plein",1000 FTE's,2020,27357.0
s2026,FRA.1.0.0.0.FETD,FETD,"Emploi total, équivalents temps plein",1000 FTE's,2021,28183.0
s2026,FRA.1.0.0.0.FETD,FETD,"Emploi total, équivalents temps plein",1000 FTE's,2022,28898.0
s2026,FRA.1.0.0.0.FETD,FETD,"Emploi total, équivalents temps plein",1000 FTE's,2023,29245.0
s2026,FRA.1.0.0.0.FETD,FETD,"Emploi total, équivalents temps plein",1000 FTE's,2024,29481.0
s2026,FRA.1.0.0.0.FETD,FETD,"Emploi total, équivalents temps plein",1000 FTE's,2025,29519.0
s2026,FRA.1.0.0.0.UVGD,UVGD,PIB aux prix courants,Mrd EURO-FRF,1960,46.37339
s2026,FRA.1.0.0.0.UVGD,UVGD,PIB aux prix courants,Mrd EURO-FRF,1961,50.27563
s2026,FRA.1.0.0.0.UVGD,UVGD,PIB aux prix courants,Mrd EURO-FRF,1962,56.34633
s2026,FRA.1.0.0.0.UVGD,UVGD,PIB aux prix courants,Mrd EURO-FRF,1963,63.16659
s2026,FRA.1.0.0.0.UVGD,UVGD,PIB aux prix courants,Mrd EURO-FRF,1964,70.05913
s2026,FRA.1.0.0.0.UVGD,UVGD,PIB aux prix courants,Mrd EURO-FRF,1965,75.6704
s2026,FRA.1.0.0.0.UVGD,UVGD,PIB aux prix courants,Mrd EURO-FRF,1966,82.01141
s2026,FRA.1.0.0.0.UVGD,UVGD,PIB aux prix courants,Mrd EURO-FRF,1967,88.66433
s2026,FRA.1.0.0.0.UVGD,UVGD,PIB aux prix courants,Mrd EURO-FRF,1968,96.7223
s2026,FRA.1.0.0.0.UVGD,UVGD,PIB aux prix courants,Mrd EURO-FRF,1969,111.26089
s2026,FRA.1.0.0.0.UVGD,UVGD,PIB aux prix courants,Mrd EURO-FRF,1970,124.46177
s2026,FRA.1.0.0.0.UVGD,UVGD,PIB aux prix courants,Mrd EURO-FRF,1971,138.81322
s2026,FRA.1.0.0.0.UVGD,UVGD,PIB aux prix courants,Mrd EURO-FRF,1972,154.94796
s2026,FRA.1.0.0.0.UVGD,UVGD,PIB aux prix courants,Mrd EURO-FRF,1973,177.72968
s2026,FRA.1.0.0.0.UVGD,UVGD,PIB aux prix courants,Mrd EURO-FRF,1974,207.30789
s2026,FRA.1.0.0.0.UVGD,UVGD,PIB aux prix courants,Mrd EURO-FRF,1975,233.55618
s2026,FRA.1.0.0.0.UVGD,UVGD,PIB aux prix courants,Mrd EURO-FRF,1976,269.93088
s2026,FRA.1.0.0.0.UVGD,UVGD,PIB aux prix courants,Mrd EURO-FRF,1977,303.78958
s2026,FRA.1.0.0.0.UVGD,UVGD,PIB aux prix courants,Mrd EURO-FRF,1978,345.1864
s2026,FRA.1.0.0.0.UVGD,UVGD,PIB aux prix courants,Mrd EURO-FRF,1979,394.4906
s2026,FRA.1.0.0.0.UVGD,UVGD,PIB aux prix courants,Mrd EURO-FRF,1980,447.4157
s2026,FRA.1.0.0.0.UVGD,UVGD,PIB aux prix courants,Mrd EURO-FRF,1981,504.7096
s2026,FRA.1.0.0.0.UVGD,UVGD,PIB aux prix courants,Mrd EURO-FRF,1982,579.2508
s2026,FRA.1.0.0.0.UVGD,UVGD,PIB aux prix courants,Mrd EURO-FRF,1983,642.9447
s2026,FRA.1.0.0.0.UVGD,UVGD,PIB aux prix courants,Mrd EURO-FRF,1984,699.5019
s2026,FRA.1.0.0.0.UVGD,UVGD,PIB aux prix courants,Mrd EURO-FRF,1985,749.5833
s2026,FRA.1.0.0.0.UVGD,UVGD,PIB aux prix courants,Mrd EURO-FRF,1986,807.7071
s2026,FRA.1.0.0.0.UVGD,UVGD,PIB aux prix courants,Mrd EURO-FRF,1987,848.7878
s2026,FRA.1.0.0.0.UVGD,UVGD,PIB aux prix courants,Mrd EURO-FRF,1988,917.9326
s2026,FRA.1.0.0.0.UVGD,UVGD,PIB aux prix courants,Mrd EURO-FRF,1989,988.8835
s2026,FRA.1.0.0.0.UVGD,UVGD,PIB aux prix courants,Mrd EURO-FRF,1990,1043.9748
s2026,FRA.1.0.0.0.UVGD,UVGD,PIB aux prix courants,Mrd EURO-FRF,1991,1082.833
s2026,FRA.1.0.0.0.UVGD,UVGD,PIB aux prix courants,Mrd EURO-FRF,1992,1121.4581
s2026,FRA.1.0.0.0.UVGD,UVGD,PIB aux prix courants,Mrd EURO-FRF,1993,1134.8386
s2026,FRA.1.0.0.0.UVGD,UVGD,PIB aux prix courants,Mrd EURO-FRF,1994,1172.9604
s2026,FRA.1.0.0.0.UVGD,UVGD,PIB aux prix courants,Mrd EURO-FRF,1995,1213.8024
s2026,FRA.1.0.0.0.UVGD,UVGD,PIB aux prix courants,Mrd EURO-FRF,1996,1246.9737
s2026,FRA.1.0.0.0.UVGD,UVGD,PIB aux prix courants,Mrd EURO-FRF,1997,1289.6692
s2026,FRA.1.0.0.0.UVGD,UVGD,PIB aux prix courants,Mrd EURO-FRF,1998,1346.3176
s2026,FRA.1.0.0.0.UVGD,UVGD,PIB aux prix courants,Mrd EURO-FRF,1999,1395.148
s2026,FRA.1.0.0.0.UVGD,UVGD,PIB aux prix courants,Mrd EURO-FRF,2000,1473.5173
s2026,FRA.1.0.0.0.UVGD,UVGD,PIB aux prix courants,Mrd EURO-FRF,2001,1530.0709
s2026,FRA.1.0.0.0.UVGD,UVGD,PIB aux prix courants,Mrd EURO-FRF,2002,1578.3304
s2026,FRA.1.0.0.0.UVGD,UVGD,PIB aux prix courants,Mrd EURO-FRF,2003,1622.3128
s2026,FRA.1.0.0.0.UVGD,UVGD,PIB aux prix courants,Mrd EURO-FRF,2004,1696.1077
s2026,FRA.1.0.0.0.UVGD,UVGD,PIB aux prix courants,Mrd EURO-FRF,2005,1762.0477
s2026,FRA.1.0.0.0.UVGD,UVGD,PIB aux prix courants,Mrd EURO-FRF,2006,1846.0208
s2026,FRA.1.0.0.0.UVGD,UVGD,PIB aux prix courants,Mrd EURO-FRF,2007,1937.8763
s2026,FRA.1.0.0.0.UVGD,UVGD,PIB aux prix courants,Mrd EURO-FRF,2008,1989.9997
s2026,FRA.1.0.0.0.UVGD,UVGD,PIB aux prix courants,Mrd EURO-FRF,2009,1935.8402
s2026,FRA.1.0.0.0.UVGD,UVGD,PIB aux prix courants,Mrd EURO-FRF,2010,1996.0751
s2026,FRA.1.0.0.0.UVGD,UVGD,PIB aux prix courants,Mrd EURO-FRF,2011,2062.1414
s2026,FRA.1.0.0.0.UVGD,UVGD,PIB aux prix courants,Mrd EURO-FRF,2012,2088.2867
s2026,FRA.1.0.0.0.UVGD,UVGD,PIB aux prix courants,Mrd EURO-FRF,2013,2120.3519
s2026,FRA.1.0.0.0.UVGD,UVGD,PIB aux prix courants,Mrd EURO-FRF,2014,2153.7331
s2026,FRA.1.0.0.0.UVGD,UVGD,PIB aux prix courants,Mrd EURO-FRF,2015,2201.4016
s2026,FRA.1.0.0.0.UVGD,UVGD,PIB aux prix courants,Mrd EURO-FRF,2016,2231.8192
s2026,FRA.1.0.0.0.UVGD,UVGD,PIB aux prix courants,Mrd EURO-FRF,2017,2291.6805
s2026,FRA.1.0.0.0.UVGD,UVGD,PIB aux prix courants,Mrd EURO-FRF,2018,2355.3628
s2026,FRA.1.0.0.0.UVGD,UVGD,PIB aux prix courants,Mrd EURO-FRF,2019,2432.2068
s2026,FRA.1.0.0.0.UVGD,UVGD,PIB aux prix courants,Mrd EURO-FRF,2020,2318.2762
s2026,FRA.1.0.0.0.UVGD,UVGD,PIB aux prix courants,Mrd EURO-FRF,2021,2508.1023
s2026,FRA.1.0.0.0.UVGD,UVGD,PIB aux prix courants,Mrd EURO-FRF,2022,2653.9972
s2026,FRA.1.0.0.0.UVGD,UVGD,PIB aux prix courants,Mrd EURO-FRF,2023,2826.5415
s2026,FRA.1.0.0.0.UVGD,UVGD,PIB aux prix courants,Mrd EURO-FRF,2024,2919.8999
s2026,FRA.1.0.0.0.UVGD,UVGD,PIB aux prix courants,Mrd EURO-FRF,2025,2979.0851
s2026,FRA.1.0.0.0.UVGD,UVGD,PIB aux prix courants,Mrd EURO-FRF,2026,3055.84348
s2026,FRA.1.0.0.0.UVGD,UVGD,PIB aux prix courants,Mrd EURO-FRF,2027,3150.69359
s2026,FRA.1.1.0.0.OVGD,OVGD,PIB aux prix de 2020,Mrd EURO-FRF,1960,490.6715
s2026,FRA.1.1.0.0.OVGD,OVGD,PIB aux prix de 2020,Mrd EURO-FRF,1961,514.9422
s2026,FRA.1.1.0.0.OVGD,OVGD,PIB aux prix de 2020,Mrd EURO-FRF,1962,550.248
s2026,FRA.1.1.0.0.OVGD,OVGD,PIB aux prix de 2020,Mrd EURO-FRF,1963,583.83151
s2026,FRA.1.1.0.0.OVGD,OVGD,PIB aux prix de 2020,Mrd EURO-FRF,1964,622.264
s2026,FRA.1.1.0.0.OVGD,OVGD,PIB aux prix de 2020,Mrd EURO-FRF,1965,652.3738
s2026,FRA.1.1.0.0.OVGD,OVGD,PIB aux prix de 2020,Mrd EURO-FRF,1966,686.05941
s2026,FRA.1.1.0.0.OVGD,OVGD,PIB aux prix de 2020,Mrd EURO-FRF,1967,719.0024
s2026,FRA.1.1.0.0.OVGD,OVGD,PIB aux prix de 2020,Mrd EURO-FRF,1968,751.674
s2026,FRA.1.1.0.0.OVGD,OVGD,PIB aux prix de 2020,Mrd EURO-FRF,1969,804.9951
s2026,FRA.1.1.0.0.OVGD,OVGD,PIB aux prix de 2020,Mrd EURO-FRF,1970,854.9062
s2026,FRA.1.1.0.0.OVGD,OVGD,PIB aux prix de 2020,Mrd EURO-FRF,1971,900.1602
s2026,FRA.1.1.0.0.OVGD,OVGD,PIB aux prix de 2020,Mrd EURO-FRF,1972,940.7944
s2026,FRA.1.1.0.0.OVGD,OVGD,PIB aux prix de 2020,Mrd EURO-FRF,1973,999.0727
s2026,FRA.1.1.0.0.OVGD,OVGD,PIB aux prix de 2020,Mrd EURO-FRF,1974,1043.1789
s2026,FRA.1.1.0.0.OVGD,OVGD,PIB aux prix de 2020,Mrd EURO-FRF,1975,1033.31451
s2026,FRA.1.1.0.0.OVGD,OVGD,PIB aux prix de 2020,Mrd EURO-FRF,1976,1078.1351
s2026,FRA.1.1.0.0.OVGD,OVGD,PIB aux prix de 2020,Mrd EURO-FRF,1977,1116.4537
s2026,FRA.1.1.0.0.OVGD,OVGD,PIB aux prix de 2020,Mrd EURO-FRF,1978,1160.5465
s2026,FRA.1.1.0.0.OVGD,OVGD,PIB aux prix de 2020,Mrd EURO-FRF,1979,1203.4323
s2026,FRA.1.1.0.0.OVGD,OVGD,PIB aux prix de 2020,Mrd EURO-FRF,1980,1223.6068
s2026,FRA.1.1.0.0.OVGD,OVGD,PIB aux prix de 2020,Mrd EURO-FRF,1981,1238.1471
s2026,FRA.1.1.0.0.OVGD,OVGD,PIB aux prix de 2020,Mrd EURO-FRF,1982,1268.389
s2026,FRA.1.1.0.0.OVGD,OVGD,PIB aux prix de 2020,Mrd EURO-FRF,1983,1284.39681
s2026,FRA.1.1.0.0.OVGD,OVGD,PIB aux prix de 2020,Mrd EURO-FRF,1984,1305.06881
s2026,FRA.1.1.0.0.OVGD,OVGD,PIB aux prix de 2020,Mrd EURO-FRF,1985,1325.5463
s2026,FRA.1.1.0.0.OVGD,OVGD,PIB aux prix de 2020,Mrd EURO-FRF,1986,1357.2207
s2026,FRA.1.1.0.0.OVGD,OVGD,PIB aux prix de 2020,Mrd EURO-FRF,1987,1391.8671
s2026,FRA.1.1.0.0.OVGD,OVGD,PIB aux prix de 2020,Mrd EURO-FRF,1988,1458.8747
s2026,FRA.1.1.0.0.OVGD,OVGD,PIB aux prix de 2020,Mrd EURO-FRF,1989,1523.14061
s2026,FRA.1.1.0.0.OVGD,OVGD,PIB aux prix de 2020,Mrd EURO-FRF,1990,1566.2398
s2026,FRA.1.1.0.0.OVGD,OVGD,PIB aux prix de 2020,Mrd EURO-FRF,1991,1585.6089
s2026,FRA.1.1.0.0.OVGD,OVGD,PIB aux prix de 2020,Mrd EURO-FRF,1992,1609.6477
s2026,FRA.1.1.0.0.OVGD,OVGD,PIB aux prix de 2020,Mrd EURO-FRF,1993,1603.8691
s2026,FRA.1.1.0.0.OVGD,OVGD,PIB aux prix de 2020,Mrd EURO-FRF,1994,1642.0999
s2026,FRA.1.1.0.0.OVGD,OVGD,PIB aux prix de 2020,Mrd EURO-FRF,1995,1679.9469
s2026,FRA.1.1.0.0.OVGD,OVGD,PIB aux prix de 2020,Mrd EURO-FRF,1996,1703.4171
s2026,FRA.1.1.0.0.OVGD,OVGD,PIB aux prix de 2020,Mrd EURO-FRF,1997,1746.4635
s2026,FRA.1.1.0.0.OVGD,OVGD,PIB aux prix de 2020,Mrd EURO-FRF,1998,1806.7618
s2026,FRA.1.1.0.0.OVGD,OVGD,PIB aux prix de 2020,Mrd EURO-FRF,1999,1868.1792
s2026,FRA.1.1.0.0.OVGD,OVGD,PIB aux prix de 2020,Mrd EURO-FRF,2000,1945.5405
s2026,FRA.1.1.0.0.OVGD,OVGD,PIB aux prix de 2020,Mrd EURO-FRF,2001,1982.4954
s2026,FRA.1.1.0.0.OVGD,OVGD,PIB aux prix de 2020,Mrd EURO-FRF,2002,2003.6635
s2026,FRA.1.1.0.0.OVGD,OVGD,PIB aux prix de 2020,Mrd EURO-FRF,2003,2023.0555
s2026,FRA.1.1.0.0.OVGD,OVGD,PIB aux prix de 2020,Mrd EURO-FRF,2004,2081.0818
s2026,FRA.1.1.0.0.OVGD,OVGD,PIB aux prix de 2020,Mrd EURO-FRF,2005,2120.3844
s2026,FRA.1.1.0.0.OVGD,OVGD,PIB aux prix de 2020,Mrd EURO-FRF,2006,2177.933
s2026,FRA.1.1.0.0.OVGD,OVGD,PIB aux prix de 2020,Mrd EURO-FRF,2007,2233.04521
s2026,FRA.1.1.0.0.OVGD,OVGD,PIB aux prix de 2020,Mrd EURO-FRF,2008,2241.53461
s2026,FRA.1.1.0.0.OVGD,OVGD,PIB aux prix de 2020,Mrd EURO-FRF,2009,2178.2213
s2026,FRA.1.1.0.0.OVGD,OVGD,PIB aux prix de 2020,Mrd EURO-FRF,2010,2221.7928
s2026,FRA.1.1.0.0.OVGD,OVGD,PIB aux prix de 2020,Mrd EURO-FRF,2011,2275.9507
s2026,FRA.1.1.0.0.OVGD,OVGD,PIB aux prix de 2020,Mrd EURO-FRF,2012,2280.1347
s2026,FRA.1.1.0.0.OVGD,OVGD,PIB aux prix de 2020,Mrd EURO-FRF,2013,2297.95981
s2026,FRA.1.1.0.0.OVGD,OVGD,PIB aux prix de 2020,Mrd EURO-FRF,2014,2320.8896
s2026,FRA.1.1.0.0.OVGD,OVGD,PIB aux prix de 2020,Mrd EURO-FRF,2015,2345.6478
s2026,FRA.1.1.0.0.OVGD,OVGD,PIB aux prix de 2020,Mrd EURO-FRF,2016,2365.82111
s2026,FRA.1.1.0.0.OVGD,OVGD,PIB aux prix de 2020,Mrd EURO-FRF,2017,2415.1157
s2026,FRA.1.1.0.0.OVGD,OVGD,PIB aux prix de 2020,Mrd EURO-FRF,2018,2454.8663
s2026,FRA.1.1.0.0.OVGD,OVGD,PIB aux prix de 2020,Mrd EURO-FRF,2019,2504.6374
s2026,FRA.1.1.0.0.OVGD,OVGD,PIB aux prix de 2020,Mrd EURO-FRF,2020,2318.2762
s2026,FRA.1.1.0.0.OVGD,OVGD,PIB aux prix de 2020,Mrd EURO-FRF,2021,2477.82781
s2026,FRA.1.1.0.0.OVGD,OVGD,PIB aux prix de 2020,Mrd EURO-FRF,2022,2545.1445
s2026,FRA.1.1.0.0.OVGD,OVGD,PIB aux prix de 2020,Mrd EURO-FRF,2023,2581.7746
s2026,FRA.1.1.0.0.OVGD,OVGD,PIB aux prix de 2020,Mrd EURO-FRF,2024,2612.5098
s2026,FRA.1.1.0.0.OVGD,OVGD,PIB aux prix de 2020,Mrd EURO-FRF,2025,2634.4797
s2026,FRA.1.1.0.0.OVGD,OVGD,PIB aux prix de 2020,Mrd EURO-FRF,2026,2655.1812
s2026,FRA.1.1.0.0.OVGD,OVGD,PIB aux prix de 2020,Mrd EURO-FRF,2027,2685.15301
s2026,FRA.1.0.0.0.NETM,NETM,"Emploi manufacturier C, personnes",1000 persons,1960,4563.0
s2026,FRA.1.0.0.0.NETM,NETM,"Emploi manufacturier C, personnes",1000 persons,1961,4586.0
s2026,FRA.1.0.0.0.NETM,NETM,"Emploi manufacturier C, personnes",1000 persons,1962,4622.0
s2026,FRA.1.0.0.0.NETM,NETM,"Emploi manufacturier C, personnes",1000 persons,1963,4723.0
s2026,FRA.1.0.0.0.NETM,NETM,"Emploi manufacturier C, personnes",1000 persons,1964,4811.0
s2026,FRA.1.0.0.0.NETM,NETM,"Emploi manufacturier C, personnes",1000 persons,1965,4759.0
s2026,FRA.1.0.0.0.NETM,NETM,"Emploi manufacturier C, personnes",1000 persons,1966,4780.0
s2026,FRA.1.0.0.0.NETM,NETM,"Emploi manufacturier C, personnes",1000 persons,1967,4755.0
s2026,FRA.1.0.0.0.NETM,NETM,"Emploi manufacturier C, personnes",1000 persons,1968,4665.0
s2026,FRA.1.0.0.0.NETM,NETM,"Emploi manufacturier C, personnes",1000 persons,1969,4794.0
s2026,FRA.1.0.0.0.NETM,NETM,"Emploi manufacturier C, personnes",1000 persons,1970,4908.0
s2026,FRA.1.0.0.0.NETM,NETM,"Emploi manufacturier C, personnes",1000 persons,1971,4967.0
s2026,FRA.1.0.0.0.NETM,NETM,"Emploi manufacturier C, personnes",1000 persons,1972,5027.0
s2026,FRA.1.0.0.0.NETM,NETM,"Emploi manufacturier C, personnes",1000 persons,1973,5138.0
s2026,FRA.1.0.0.0.NETM,NETM,"Emploi manufacturier C, personnes",1000 persons,1974,5202.0
s2026,FRA.1.0.0.0.NETM,NETM,"Emploi manufacturier C, personnes",1000 persons,1975,5083.0
s2026,FRA.1.0.0.0.NETM,NETM,"Emploi manufacturier C, personnes",1000 persons,1976,5074.0
s2026,FRA.1.0.0.0.NETM,NETM,"Emploi manufacturier C, personnes",1000 persons,1977,5076.0
s2026,FRA.1.0.0.0.NETM,NETM,"Emploi manufacturier C, personnes",1000 persons,1978,5027.0
s2026,FRA.1.0.0.0.NETM,NETM,"Emploi manufacturier C, personnes",1000 persons,1979,4948.0
s2026,FRA.1.0.0.0.NETM,NETM,"Emploi manufacturier C, personnes",1000 persons,1980,4887.0
s2026,FRA.1.0.0.0.NETM,NETM,"Emploi manufacturier C, personnes",1000 persons,1981,4724.0
s2026,FRA.1.0.0.0.NETM,NETM,"Emploi manufacturier C, personnes",1000 persons,1982,4645.0
s2026,FRA.1.0.0.0.NETM,NETM,"Emploi manufacturier C, personnes",1000 persons,1983,4555.0
s2026,FRA.1.0.0.0.NETM,NETM,"Emploi manufacturier C, personnes",1000 persons,1984,4408.0
s2026,FRA.1.0.0.0.NETM,NETM,"Emploi manufacturier C, personnes",1000 persons,1985,4286.0
s2026,FRA.1.0.0.0.NETM,NETM,"Emploi manufacturier C, personnes",1000 persons,1986,4201.0
s2026,FRA.1.0.0.0.NETM,NETM,"Emploi manufacturier C, personnes",1000 persons,1987,4094.0
s2026,FRA.1.0.0.0.NETM,NETM,"Emploi manufacturier C, personnes",1000 persons,1988,4028.0
s2026,FRA.1.0.0.0.NETM,NETM,"Emploi manufacturier C, personnes",1000 persons,1989,4043.0
s2026,FRA.1.0.0.0.NETM,NETM,"Emploi manufacturier C, personnes",1000 persons,1990,4053.0
s2026,FRA.1.0.0.0.NETM,NETM,"Emploi manufacturier C, personnes",1000 persons,1991,3987.0
s2026,FRA.1.0.0.0.NETM,NETM,"Emploi manufacturier C, personnes",1000 persons,1992,3851.0
s2026,FRA.1.0.0.0.NETM,NETM,"Emploi manufacturier C, personnes",1000 persons,1993,3671.0
s2026,FRA.1.0.0.0.NETM,NETM,"Emploi manufacturier C, personnes",1000 persons,1994,3576.0
s2026,FRA.1.0.0.0.NETM,NETM,"Emploi manufacturier C, personnes",1000 persons,1995,3584.0
s2026,FRA.1.0.0.0.NETM,NETM,"Emploi manufacturier C, personnes",1000 persons,1996,3556.0
s2026,FRA.1.0.0.0.NETM,NETM,"Emploi manufacturier C, personnes",1000 persons,1997,3520.0
s2026,FRA.1.0.0.0.NETM,NETM,"Emploi manufacturier C, personnes",1000 persons,1998,3517.0
s2026,FRA.1.0.0.0.NETM,NETM,"Emploi manufacturier C, personnes",1000 persons,1999,3499.0
s2026,FRA.1.0.0.0.NETM,NETM,"Emploi manufacturier C, personnes",1000 persons,2000,3509.0
s2026,FRA.1.0.0.0.NETM,NETM,"Emploi manufacturier C, personnes",1000 persons,2001,3524.0
s2026,FRA.1.0.0.0.NETM,NETM,"Emploi manufacturier C, personnes",1000 persons,2002,3460.0
s2026,FRA.1.0.0.0.NETM,NETM,"Emploi manufacturier C, personnes",1000 persons,2003,3385.0
s2026,FRA.1.0.0.0.NETM,NETM,"Emploi manufacturier C, personnes",1000 persons,2004,3272.0
s2026,FRA.1.0.0.0.NETM,NETM,"Emploi manufacturier C, personnes",1000 persons,2005,3201.0
s2026,FRA.1.0.0.0.NETM,NETM,"Emploi manufacturier C, personnes",1000 persons,2006,3138.0
s2026,FRA.1.0.0.0.NETM,NETM,"Emploi manufacturier C, personnes",1000 persons,2007,3103.0
s2026,FRA.1.0.0.0.NETM,NETM,"Emploi manufacturier C, personnes",1000 persons,2008,3067.0
s2026,FRA.1.0.0.0.NETM,NETM,"Emploi manufacturier C, personnes",1000 persons,2009,2921.0
s2026,FRA.1.0.0.0.NETM,NETM,"Emploi manufacturier C, personnes",1000 persons,2010,2785.0
s2026,FRA.1.0.0.0.NETM,NETM,"Emploi manufacturier C, personnes",1000 persons,2011,2768.0
s2026,FRA.1.0.0.0.NETM,NETM,"Emploi manufacturier C, personnes",1000 persons,2012,2753.0
s2026,FRA.1.0.0.0.NETM,NETM,"Emploi manufacturier C, personnes",1000 persons,2013,2723.0
s2026,FRA.1.0.0.0.NETM,NETM,"Emploi manufacturier C, personnes",1000 persons,2014,2707.0
s2026,FRA.1.0.0.0.NETM,NETM,"Emploi manufacturier C, personnes",1000 persons,2015,2653.0
s2026,FRA.1.0.0.0.NETM,NETM,"Emploi manufacturier C, personnes",1000 persons,2016,2639.0
s2026,FRA.1.0.0.0.NETM,NETM,"Emploi manufacturier C, personnes",1000 persons,2017,2623.0
s2026,FRA.1.0.0.0.NETM,NETM,"Emploi manufacturier C, personnes",1000 persons,2018,2624.0
s2026,FRA.1.0.0.0.NETM,NETM,"Emploi manufacturier C, personnes",1000 persons,2019,2705.0
s2026,FRA.1.0.0.0.NETM,NETM,"Emploi manufacturier C, personnes",1000 persons,2020,2694.0
s2026,FRA.1.0.0.0.NETM,NETM,"Emploi manufacturier C, personnes",1000 persons,2021,2710.0
s2026,FRA.1.0.0.0.NETM,NETM,"Emploi manufacturier C, personnes",1000 persons,2022,2754.0
s2026,FRA.1.0.0.0.NETM,NETM,"Emploi manufacturier C, personnes",1000 persons,2023,2782.0
s2026,FRA.1.0.0.0.NETM,NETM,"Emploi manufacturier C, personnes",1000 persons,2024,2803.0
s2026,FRA.1.0.0.0.NETM,NETM,"Emploi manufacturier C, personnes",1000 persons,2025,2799.0
s2026,FRA.1.0.0.0.FET2,FET2,"Emploi industrie B-E, ETP",1000 FTE's,1960,4860.0
s2026,FRA.1.0.0.0.FET2,FET2,"Emploi industrie B-E, ETP",1000 FTE's,1961,4878.0
s2026,FRA.1.0.0.0.FET2,FET2,"Emploi industrie B-E, ETP",1000 FTE's,1962,4911.0
s2026,FRA.1.0.0.0.FET2,FET2,"Emploi industrie B-E, ETP",1000 FTE's,1963,5012.0
s2026,FRA.1.0.0.0.FET2,FET2,"Emploi industrie B-E, ETP",1000 FTE's,1964,5100.0
s2026,FRA.1.0.0.0.FET2,FET2,"Emploi industrie B-E, ETP",1000 FTE's,1965,5046.0
s2026,FRA.1.0.0.0.FET2,FET2,"Emploi industrie B-E, ETP",1000 FTE's,1966,5066.0
s2026,FRA.1.0.0.0.FET2,FET2,"Emploi industrie B-E, ETP",1000 FTE's,1967,5039.0
s2026,FRA.1.0.0.0.FET2,FET2,"Emploi industrie B-E, ETP",1000 FTE's,1968,4945.0
s2026,FRA.1.0.0.0.FET2,FET2,"Emploi industrie B-E, ETP",1000 FTE's,1969,5069.0
s2026,FRA.1.0.0.0.FET2,FET2,"Emploi industrie B-E, ETP",1000 FTE's,1970,5177.0
s2026,FRA.1.0.0.0.FET2,FET2,"Emploi industrie B-E, ETP",1000 FTE's,1971,5230.0
s2026,FRA.1.0.0.0.FET2,FET2,"Emploi industrie B-E, ETP",1000 FTE's,1972,5289.0
s2026,FRA.1.0.0.0.FET2,FET2,"Emploi industrie B-E, ETP",1000 FTE's,1973,5396.0
s2026,FRA.1.0.0.0.FET2,FET2,"Emploi industrie B-E, ETP",1000 FTE's,1974,5460.0
s2026,FRA.1.0.0.0.FET2,FET2,"Emploi industrie B-E, ETP",1000 FTE's,1975,5341.0
s2026,FRA.1.0.0.0.FET2,FET2,"Emploi industrie B-E, ETP",1000 FTE's,1976,5328.0
s2026,FRA.1.0.0.0.FET2,FET2,"Emploi industrie B-E, ETP",1000 FTE's,1977,5330.0
s2026,FRA.1.0.0.0.FET2,FET2,"Emploi industrie B-E, ETP",1000 FTE's,1978,5283.0
s2026,FRA.1.0.0.0.FET2,FET2,"Emploi industrie B-E, ETP",1000 FTE's,1979,5207.0
s2026,FRA.1.0.0.0.FET2,FET2,"Emploi industrie B-E, ETP",1000 FTE's,1980,5149.0
s2026,FRA.1.0.0.0.FET2,FET2,"Emploi industrie B-E, ETP",1000 FTE's,1981,4992.0
s2026,FRA.1.0.0.0.FET2,FET2,"Emploi industrie B-E, ETP",1000 FTE's,1982,4919.0
s2026,FRA.1.0.0.0.FET2,FET2,"Emploi industrie B-E, ETP",1000 FTE's,1983,4838.0
s2026,FRA.1.0.0.0.FET2,FET2,"Emploi industrie B-E, ETP",1000 FTE's,1984,4694.0
s2026,FRA.1.0.0.0.FET2,FET2,"Emploi industrie B-E, ETP",1000 FTE's,1985,4569.0
s2026,FRA.1.0.0.0.FET2,FET2,"Emploi industrie B-E, ETP",1000 FTE's,1986,4482.0
s2026,FRA.1.0.0.0.FET2,FET2,"Emploi industrie B-E, ETP",1000 FTE's,1987,4378.0
s2026,FRA.1.0.0.0.FET2,FET2,"Emploi industrie B-E, ETP",1000 FTE's,1988,4316.0
s2026,FRA.1.0.0.0.FET2,FET2,"Emploi industrie B-E, ETP",1000 FTE's,1989,4331.0
s2026,FRA.1.0.0.0.FET2,FET2,"Emploi industrie B-E, ETP",1000 FTE's,1990,4341.0
s2026,FRA.1.0.0.0.FET2,FET2,"Emploi industrie B-E, ETP",1000 FTE's,1991,4269.0
s2026,FRA.1.0.0.0.FET2,FET2,"Emploi industrie B-E, ETP",1000 FTE's,1992,4126.0
s2026,FRA.1.0.0.0.FET2,FET2,"Emploi industrie B-E, ETP",1000 FTE's,1993,3932.0
s2026,FRA.1.0.0.0.FET2,FET2,"Emploi industrie B-E, ETP",1000 FTE's,1994,3823.0
s2026,FRA.1.0.0.0.FET2,FET2,"Emploi industrie B-E, ETP",1000 FTE's,1995,3819.0
s2026,FRA.1.0.0.0.FET2,FET2,"Emploi industrie B-E, ETP",1000 FTE's,1996,3783.0
s2026,FRA.1.0.0.0.FET2,FET2,"Emploi industrie B-E, ETP",1000 FTE's,1997,3744.0
s2026,FRA.1.0.0.0.FET2,FET2,"Emploi industrie B-E, ETP",1000 FTE's,1998,3730.0
s2026,FRA.1.0.0.0.FET2,FET2,"Emploi industrie B-E, ETP",1000 FTE's,1999,3708.0
s2026,FRA.1.0.0.0.FET2,FET2,"Emploi industrie B-E, ETP",1000 FTE's,2000,3737.0
s2026,FRA.1.0.0.0.FET2,FET2,"Emploi industrie B-E, ETP",1000 FTE's,2001,3752.0
s2026,FRA.1.0.0.0.FET2,FET2,"Emploi industrie B-E, ETP",1000 FTE's,2002,3681.0
s2026,FRA.1.0.0.0.FET2,FET2,"Emploi industrie B-E, ETP",1000 FTE's,2003,3598.0
s2026,FRA.1.0.0.0.FET2,FET2,"Emploi industrie B-E, ETP",1000 FTE's,2004,3488.0
s2026,FRA.1.0.0.0.FET2,FET2,"Emploi industrie B-E, ETP",1000 FTE's,2005,3422.0
s2026,FRA.1.0.0.0.FET2,FET2,"Emploi industrie B-E, ETP",1000 FTE's,2006,3378.0
s2026,FRA.1.0.0.0.FET2,FET2,"Emploi industrie B-E, ETP",1000 FTE's,2007,3348.0
s2026,FRA.1.0.0.0.FET2,FET2,"Emploi industrie B-E, ETP",1000 FTE's,2008,3296.0
s2026,FRA.1.0.0.0.FET2,FET2,"Emploi industrie B-E, ETP",1000 FTE's,2009,3160.0
s2026,FRA.1.0.0.0.FET2,FET2,"Emploi industrie B-E, ETP",1000 FTE's,2010,3039.0
s2026,FRA.1.0.0.0.FET2,FET2,"Emploi industrie B-E, ETP",1000 FTE's,2011,3018.0
s2026,FRA.1.0.0.0.FET2,FET2,"Emploi industrie B-E, ETP",1000 FTE's,2012,2997.0
s2026,FRA.1.0.0.0.FET2,FET2,"Emploi industrie B-E, ETP",1000 FTE's,2013,2966.0
s2026,FRA.1.0.0.0.FET2,FET2,"Emploi industrie B-E, ETP",1000 FTE's,2014,2948.0
s2026,FRA.1.0.0.0.FET2,FET2,"Emploi industrie B-E, ETP",1000 FTE's,2015,2902.0
s2026,FRA.1.0.0.0.FET2,FET2,"Emploi industrie B-E, ETP",1000 FTE's,2016,2887.0
s2026,FRA.1.0.0.0.FET2,FET2,"Emploi industrie B-E, ETP",1000 FTE's,2017,2862.0
s2026,FRA.1.0.0.0.FET2,FET2,"Emploi industrie B-E, ETP",1000 FTE's,2018,2864.0
s2026,FRA.1.0.0.0.FET2,FET2,"Emploi industrie B-E, ETP",1000 FTE's,2019,2950.0
s2026,FRA.1.0.0.0.FET2,FET2,"Emploi industrie B-E, ETP",1000 FTE's,2020,2942.0
s2026,FRA.1.0.0.0.FET2,FET2,"Emploi industrie B-E, ETP",1000 FTE's,2021,2966.0
s2026,FRA.1.0.0.0.FET2,FET2,"Emploi industrie B-E, ETP",1000 FTE's,2022,3017.0
s2026,FRA.1.0.0.0.FET2,FET2,"Emploi industrie B-E, ETP",1000 FTE's,2023,3052.0
s2026,FRA.1.0.0.0.FET2,FET2,"Emploi industrie B-E, ETP",1000 FTE's,2024,3080.0
s2026,FRA.1.0.0.0.FET2,FET2,"Emploi industrie B-E, ETP",1000 FTE's,2025,3081.0
s2026,FRA.1.0.0.0.FET4,FET4,"Emploi construction, ETP",1000 FTE's,1960,1680.0
s2026,FRA.1.0.0.0.FET4,FET4,"Emploi construction, ETP",1000 FTE's,1961,1710.0
s2026,FRA.1.0.0.0.FET4,FET4,"Emploi construction, ETP",1000 FTE's,1962,1753.0
s2026,FRA.1.0.0.0.FET4,FET4,"Emploi construction, ETP",1000 FTE's,1963,1844.0
s2026,FRA.1.0.0.0.FET4,FET4,"Emploi construction, ETP",1000 FTE's,1964,1951.0
s2026,FRA.1.0.0.0.FET4,FET4,"Emploi construction, ETP",1000 FTE's,1965,2032.0
s2026,FRA.1.0.0.0.FET4,FET4,"Emploi construction, ETP",1000 FTE's,1966,2074.0
s2026,FRA.1.0.0.0.FET4,FET4,"Emploi construction, ETP",1000 FTE's,1967,2098.0
s2026,FRA.1.0.0.0.FET4,FET4,"Emploi construction, ETP",1000 FTE's,1968,2109.0
s2026,FRA.1.0.0.0.FET4,FET4,"Emploi construction, ETP",1000 FTE's,1969,2167.0
s2026,FRA.1.0.0.0.FET4,FET4,"Emploi construction, ETP",1000 FTE's,1970,2198.0
s2026,FRA.1.0.0.0.FET4,FET4,"Emploi construction, ETP",1000 FTE's,1971,2182.0
s2026,FRA.1.0.0.0.FET4,FET4,"Emploi construction, ETP",1000 FTE's,1972,2182.0
s2026,FRA.1.0.0.0.FET4,FET4,"Emploi construction, ETP",1000 FTE's,1973,2216.0
s2026,FRA.1.0.0.0.FET4,FET4,"Emploi construction, ETP",1000 FTE's,1974,2219.0
s2026,FRA.1.0.0.0.FET4,FET4,"Emploi construction, ETP",1000 FTE's,1975,2141.0
s2026,FRA.1.0.0.0.FET4,FET4,"Emploi construction, ETP",1000 FTE's,1976,2142.0
s2026,FRA.1.0.0.0.FET4,FET4,"Emploi construction, ETP",1000 FTE's,1977,2151.0
s2026,FRA.1.0.0.0.FET4,FET4,"Emploi construction, ETP",1000 FTE's,1978,2126.0
s2026,FRA.1.0.0.0.FET4,FET4,"Emploi construction, ETP",1000 FTE's,1979,2134.0
s2026,FRA.1.0.0.0.FET4,FET4,"Emploi construction, ETP",1000 FTE's,1980,2157.0
s2026,FRA.1.0.0.0.FET4,FET4,"Emploi construction, ETP",1000 FTE's,1981,2139.0
s2026,FRA.1.0.0.0.FET4,FET4,"Emploi construction, ETP",1000 FTE's,1982,2097.0
s2026,FRA.1.0.0.0.FET4,FET4,"Emploi construction, ETP",1000 FTE's,1983,2023.0
s2026,FRA.1.0.0.0.FET4,FET4,"Emploi construction, ETP",1000 FTE's,1984,1906.0
s2026,FRA.1.0.0.0.FET4,FET4,"Emploi construction, ETP",1000 FTE's,1985,1857.0
s2026,FRA.1.0.0.0.FET4,FET4,"Emploi construction, ETP",1000 FTE's,1986,1869.0
s2026,FRA.1.0.0.0.FET4,FET4,"Emploi construction, ETP",1000 FTE's,1987,1894.0
s2026,FRA.1.0.0.0.FET4,FET4,"Emploi construction, ETP",1000 FTE's,1988,1934.0
s2026,FRA.1.0.0.0.FET4,FET4,"Emploi construction, ETP",1000 FTE's,1989,1993.0
s2026,FRA.1.0.0.0.FET4,FET4,"Emploi construction, ETP",1000 FTE's,1990,2020.0
s2026,FRA.1.0.0.0.FET4,FET4,"Emploi construction, ETP",1000 FTE's,1991,1997.0
s2026,FRA.1.0.0.0.FET4,FET4,"Emploi construction, ETP",1000 FTE's,1992,1900.0
s2026,FRA.1.0.0.0.FET4,FET4,"Emploi construction, ETP",1000 FTE's,1993,1789.0
s2026,FRA.1.0.0.0.FET4,FET4,"Emploi construction, ETP",1000 FTE's,1994,1735.0
s2026,FRA.1.0.0.0.FET4,FET4,"Emploi construction, ETP",1000 FTE's,1995,1730.0
s2026,FRA.1.0.0.0.FET4,FET4,"Emploi construction, ETP",1000 FTE's,1996,1688.0
s2026,FRA.1.0.0.0.FET4,FET4,"Emploi construction, ETP",1000 FTE's,1997,1646.0
s2026,FRA.1.0.0.0.FET4,FET4,"Emploi construction, ETP",1000 FTE's,1998,1631.0
s2026,FRA.1.0.0.0.FET4,FET4,"Emploi construction, ETP",1000 FTE's,1999,1659.0
s2026,FRA.1.0.0.0.FET4,FET4,"Emploi construction, ETP",1000 FTE's,2000,1722.0
s2026,FRA.1.0.0.0.FET4,FET4,"Emploi construction, ETP",1000 FTE's,2001,1771.0
s2026,FRA.1.0.0.0.FET4,FET4,"Emploi construction, ETP",1000 FTE's,2002,1813.0
s2026,FRA.1.0.0.0.FET4,FET4,"Emploi construction, ETP",1000 FTE's,2003,1827.0
s2026,FRA.1.0.0.0.FET4,FET4,"Emploi construction, ETP",1000 FTE's,2004,1863.0
s2026,FRA.1.0.0.0.FET4,FET4,"Emploi construction, ETP",1000 FTE's,2005,1936.0
s2026,FRA.1.0.0.0.FET4,FET4,"Emploi construction, ETP",1000 FTE's,2006,2037.0
s2026,FRA.1.0.0.0.FET4,FET4,"Emploi construction, ETP",1000 FTE's,2007,2128.0
s2026,FRA.1.0.0.0.FET4,FET4,"Emploi construction, ETP",1000 FTE's,2008,2185.0
s2026,FRA.1.0.0.0.FET4,FET4,"Emploi construction, ETP",1000 FTE's,2009,2188.0
s2026,FRA.1.0.0.0.FET4,FET4,"Emploi construction, ETP",1000 FTE's,2010,2153.0
s2026,FRA.1.0.0.0.FET4,FET4,"Emploi construction, ETP",1000 FTE's,2011,2154.0
s2026,FRA.1.0.0.0.FET4,FET4,"Emploi construction, ETP",1000 FTE's,2012,2144.0
s2026,FRA.1.0.0.0.FET4,FET4,"Emploi construction, ETP",1000 FTE's,2013,2124.0
s2026,FRA.1.0.0.0.FET4,FET4,"Emploi construction, ETP",1000 FTE's,2014,2105.0
s2026,FRA.1.0.0.0.FET4,FET4,"Emploi construction, ETP",1000 FTE's,2015,2054.0
s2026,FRA.1.0.0.0.FET4,FET4,"Emploi construction, ETP",1000 FTE's,2016,2002.0
s2026,FRA.1.0.0.0.FET4,FET4,"Emploi construction, ETP",1000 FTE's,2017,1992.0
s2026,FRA.1.0.0.0.FET4,FET4,"Emploi construction, ETP",1000 FTE's,2018,2026.0
s2026,FRA.1.0.0.0.FET4,FET4,"Emploi construction, ETP",1000 FTE's,2019,2084.0
s2026,FRA.1.0.0.0.FET4,FET4,"Emploi construction, ETP",1000 FTE's,2020,2150.0
s2026,FRA.1.0.0.0.FET4,FET4,"Emploi construction, ETP",1000 FTE's,2021,2246.0
s2026,FRA.1.0.0.0.FET4,FET4,"Emploi construction, ETP",1000 FTE's,2022,2296.0
s2026,FRA.1.0.0.0.FET4,FET4,"Emploi construction, ETP",1000 FTE's,2023,2307.0
s2026,FRA.1.0.0.0.FET4,FET4,"Emploi construction, ETP",1000 FTE's,2024,2297.0
s2026,FRA.1.0.0.0.FET4,FET4,"Emploi construction, ETP",1000 FTE's,2025,2289.0
s2026,FRA.1.0.0.0.FET5,FET5,"Emploi services, ETP",1000 FTE's,1960,8913.0
s2026,FRA.1.0.0.0.FET5,FET5,"Emploi services, ETP",1000 FTE's,1961,9014.0
s2026,FRA.1.0.0.0.FET5,FET5,"Emploi services, ETP",1000 FTE's,1962,9065.0
s2026,FRA.1.0.0.0.FET5,FET5,"Emploi services, ETP",1000 FTE's,1963,9160.0
s2026,FRA.1.0.0.0.FET5,FET5,"Emploi services, ETP",1000 FTE's,1964,9320.0
s2026,FRA.1.0.0.0.FET5,FET5,"Emploi services, ETP",1000 FTE's,1965,9490.0
s2026,FRA.1.0.0.0.FET5,FET5,"Emploi services, ETP",1000 FTE's,1966,9707.0
s2026,FRA.1.0.0.0.FET5,FET5,"Emploi services, ETP",1000 FTE's,1967,9884.0
s2026,FRA.1.0.0.0.FET5,FET5,"Emploi services, ETP",1000 FTE's,1968,10048.0
s2026,FRA.1.0.0.0.FET5,FET5,"Emploi services, ETP",1000 FTE's,1969,10331.0
s2026,FRA.1.0.0.0.FET5,FET5,"Emploi services, ETP",1000 FTE's,1970,10605.0
s2026,FRA.1.0.0.0.FET5,FET5,"Emploi services, ETP",1000 FTE's,1971,10792.0
s2026,FRA.1.0.0.0.FET5,FET5,"Emploi services, ETP",1000 FTE's,1972,11000.0
s2026,FRA.1.0.0.0.FET5,FET5,"Emploi services, ETP",1000 FTE's,1973,11269.0
s2026,FRA.1.0.0.0.FET5,FET5,"Emploi services, ETP",1000 FTE's,1974,11519.0
s2026,FRA.1.0.0.0.FET5,FET5,"Emploi services, ETP",1000 FTE's,1975,11661.0
s2026,FRA.1.0.0.0.FET5,FET5,"Emploi services, ETP",1000 FTE's,1976,11922.0
s2026,FRA.1.0.0.0.FET5,FET5,"Emploi services, ETP",1000 FTE's,1977,12170.0
s2026,FRA.1.0.0.0.FET5,FET5,"Emploi services, ETP",1000 FTE's,1978,12423.0
s2026,FRA.1.0.0.0.FET5,FET5,"Emploi services, ETP",1000 FTE's,1979,12672.0
s2026,FRA.1.0.0.0.FET5,FET5,"Emploi services, ETP",1000 FTE's,1980,12883.0
s2026,FRA.1.0.0.0.FET5,FET5,"Emploi services, ETP",1000 FTE's,1981,13115.0
s2026,FRA.1.0.0.0.FET5,FET5,"Emploi services, ETP",1000 FTE's,1982,13340.0
s2026,FRA.1.0.0.0.FET5,FET5,"Emploi services, ETP",1000 FTE's,1983,13520.0
s2026,FRA.1.0.0.0.FET5,FET5,"Emploi services, ETP",1000 FTE's,1984,13707.0
s2026,FRA.1.0.0.0.FET5,FET5,"Emploi services, ETP",1000 FTE's,1985,13860.0
s2026,FRA.1.0.0.0.FET5,FET5,"Emploi services, ETP",1000 FTE's,1986,14105.0
s2026,FRA.1.0.0.0.FET5,FET5,"Emploi services, ETP",1000 FTE's,1987,14440.0
s2026,FRA.1.0.0.0.FET5,FET5,"Emploi services, ETP",1000 FTE's,1988,14769.0
s2026,FRA.1.0.0.0.FET5,FET5,"Emploi services, ETP",1000 FTE's,1989,15178.0
s2026,FRA.1.0.0.0.FET5,FET5,"Emploi services, ETP",1000 FTE's,1990,15437.0
s2026,FRA.1.0.0.0.FET5,FET5,"Emploi services, ETP",1000 FTE's,1991,15593.0
s2026,FRA.1.0.0.0.FET5,FET5,"Emploi services, ETP",1000 FTE's,1992,15703.0
s2026,FRA.1.0.0.0.FET5,FET5,"Emploi services, ETP",1000 FTE's,1993,15720.0
s2026,FRA.1.0.0.0.FET5,FET5,"Emploi services, ETP",1000 FTE's,1994,15956.0
s2026,FRA.1.0.0.0.FET5,FET5,"Emploi services, ETP",1000 FTE's,1995,16145.0
s2026,FRA.1.0.0.0.FET5,FET5,"Emploi services, ETP",1000 FTE's,1996,16250.0
s2026,FRA.1.0.0.0.FET5,FET5,"Emploi services, ETP",1000 FTE's,1997,16467.0
s2026,FRA.1.0.0.0.FET5,FET5,"Emploi services, ETP",1000 FTE's,1998,16833.0
s2026,FRA.1.0.0.0.FET5,FET5,"Emploi services, ETP",1000 FTE's,1999,17365.0
s2026,FRA.1.0.0.0.FET5,FET5,"Emploi services, ETP",1000 FTE's,2000,17949.0
s2026,FRA.1.0.0.0.FET5,FET5,"Emploi services, ETP",1000 FTE's,2001,18370.0
s2026,FRA.1.0.0.0.FET5,FET5,"Emploi services, ETP",1000 FTE's,2002,18623.0
s2026,FRA.1.0.0.0.FET5,FET5,"Emploi services, ETP",1000 FTE's,2003,18739.0
s2026,FRA.1.0.0.0.FET5,FET5,"Emploi services, ETP",1000 FTE's,2004,18877.0
s2026,FRA.1.0.0.0.FET5,FET5,"Emploi services, ETP",1000 FTE's,2005,19062.0
s2026,FRA.1.0.0.0.FET5,FET5,"Emploi services, ETP",1000 FTE's,2006,19397.0
s2026,FRA.1.0.0.0.FET5,FET5,"Emploi services, ETP",1000 FTE's,2007,19745.0
s2026,FRA.1.0.0.0.FET5,FET5,"Emploi services, ETP",1000 FTE's,2008,19879.0
s2026,FRA.1.0.0.0.FET5,FET5,"Emploi services, ETP",1000 FTE's,2009,19752.0
s2026,FRA.1.0.0.0.FET5,FET5,"Emploi services, ETP",1000 FTE's,2010,19913.0
s2026,FRA.1.0.0.0.FET5,FET5,"Emploi services, ETP",1000 FTE's,2011,20076.0
s2026,FRA.1.0.0.0.FET5,FET5,"Emploi services, ETP",1000 FTE's,2012,20148.0
s2026,FRA.1.0.0.0.FET5,FET5,"Emploi services, ETP",1000 FTE's,2013,20238.0
s2026,FRA.1.0.0.0.FET5,FET5,"Emploi services, ETP",1000 FTE's,2014,20361.0
s2026,FRA.1.0.0.0.FET5,FET5,"Emploi services, ETP",1000 FTE's,2015,20557.0
s2026,FRA.1.0.0.0.FET5,FET5,"Emploi services, ETP",1000 FTE's,2016,20783.0
s2026,FRA.1.0.0.0.FET5,FET5,"Emploi services, ETP",1000 FTE's,2017,21124.0
s2026,FRA.1.0.0.0.FET5,FET5,"Emploi services, ETP",1000 FTE's,2018,21371.0
s2026,FRA.1.0.0.0.FET5,FET5,"Emploi services, ETP",1000 FTE's,2019,21597.0
s2026,FRA.1.0.0.0.FET5,FET5,"Emploi services, ETP",1000 FTE's,2020,21536.0
s2026,FRA.1.0.0.0.FET5,FET5,"Emploi services, ETP",1000 FTE's,2021,22242.0
s2026,FRA.1.0.0.0.FET5,FET5,"Emploi services, ETP",1000 FTE's,2022,22855.0
s2026,FRA.1.0.0.0.FET5,FET5,"Emploi services, ETP",1000 FTE's,2023,23153.0
s2026,FRA.1.0.0.0.FET5,FET5,"Emploi services, ETP",1000 FTE's,2024,23371.0
s2026,FRA.1.0.0.0.FET5,FET5,"Emploi services, ETP",1000 FTE's,2025,23426.0
s2026,FRA.1.0.0.0.FETM,FETM,"Emploi manufacturier C, ETP",1000 FTE's,1960,4600.0
s2026,FRA.1.0.0.0.FETM,FETM,"Emploi manufacturier C, ETP",1000 FTE's,1961,4620.0
s2026,FRA.1.0.0.0.FETM,FETM,"Emploi manufacturier C, ETP",1000 FTE's,1962,4653.0
s2026,FRA.1.0.0.0.FETM,FETM,"Emploi manufacturier C, ETP",1000 FTE's,1963,4750.0
s2026,FRA.1.0.0.0.FETM,FETM,"Emploi manufacturier C, ETP",1000 FTE's,1964,4836.0
s2026,FRA.1.0.0.0.FETM,FETM,"Emploi manufacturier C, ETP",1000 FTE's,1965,4781.0
s2026,FRA.1.0.0.0.FETM,FETM,"Emploi manufacturier C, ETP",1000 FTE's,1966,4799.0
s2026,FRA.1.0.0.0.FETM,FETM,"Emploi manufacturier C, ETP",1000 FTE's,1967,4771.0
s2026,FRA.1.0.0.0.FETM,FETM,"Emploi manufacturier C, ETP",1000 FTE's,1968,4677.0
s2026,FRA.1.0.0.0.FETM,FETM,"Emploi manufacturier C, ETP",1000 FTE's,1969,4803.0
s2026,FRA.1.0.0.0.FETM,FETM,"Emploi manufacturier C, ETP",1000 FTE's,1970,4912.0
s2026,FRA.1.0.0.0.FETM,FETM,"Emploi manufacturier C, ETP",1000 FTE's,1971,4968.0
s2026,FRA.1.0.0.0.FETM,FETM,"Emploi manufacturier C, ETP",1000 FTE's,1972,5028.0
s2026,FRA.1.0.0.0.FETM,FETM,"Emploi manufacturier C, ETP",1000 FTE's,1973,5136.0
s2026,FRA.1.0.0.0.FETM,FETM,"Emploi manufacturier C, ETP",1000 FTE's,1974,5200.0
s2026,FRA.1.0.0.0.FETM,FETM,"Emploi manufacturier C, ETP",1000 FTE's,1975,5083.0
s2026,FRA.1.0.0.0.FETM,FETM,"Emploi manufacturier C, ETP",1000 FTE's,1976,5071.0
s2026,FRA.1.0.0.0.FETM,FETM,"Emploi manufacturier C, ETP",1000 FTE's,1977,5072.0
s2026,FRA.1.0.0.0.FETM,FETM,"Emploi manufacturier C, ETP",1000 FTE's,1978,5024.0
s2026,FRA.1.0.0.0.FETM,FETM,"Emploi manufacturier C, ETP",1000 FTE's,1979,4948.0
s2026,FRA.1.0.0.0.FETM,FETM,"Emploi manufacturier C, ETP",1000 FTE's,1980,4890.0
s2026,FRA.1.0.0.0.FETM,FETM,"Emploi manufacturier C, ETP",1000 FTE's,1981,4731.0
s2026,FRA.1.0.0.0.FETM,FETM,"Emploi manufacturier C, ETP",1000 FTE's,1982,4653.0
s2026,FRA.1.0.0.0.FETM,FETM,"Emploi manufacturier C, ETP",1000 FTE's,1983,4564.0
s2026,FRA.1.0.0.0.FETM,FETM,"Emploi manufacturier C, ETP",1000 FTE's,1984,4421.0
s2026,FRA.1.0.0.0.FETM,FETM,"Emploi manufacturier C, ETP",1000 FTE's,1985,4299.0
s2026,FRA.1.0.0.0.FETM,FETM,"Emploi manufacturier C, ETP",1000 FTE's,1986,4214.0
s2026,FRA.1.0.0.0.FETM,FETM,"Emploi manufacturier C, ETP",1000 FTE's,1987,4112.0
s2026,FRA.1.0.0.0.FETM,FETM,"Emploi manufacturier C, ETP",1000 FTE's,1988,4052.0
s2026,FRA.1.0.0.0.FETM,FETM,"Emploi manufacturier C, ETP",1000 FTE's,1989,4071.0
s2026,FRA.1.0.0.0.FETM,FETM,"Emploi manufacturier C, ETP",1000 FTE's,1990,4086.0
s2026,FRA.1.0.0.0.FETM,FETM,"Emploi manufacturier C, ETP",1000 FTE's,1991,4017.0
s2026,FRA.1.0.0.0.FETM,FETM,"Emploi manufacturier C, ETP",1000 FTE's,1992,3876.0
s2026,FRA.1.0.0.0.FETM,FETM,"Emploi manufacturier C, ETP",1000 FTE's,1993,3687.0
s2026,FRA.1.0.0.0.FETM,FETM,"Emploi manufacturier C, ETP",1000 FTE's,1994,3577.0
s2026,FRA.1.0.0.0.FETM,FETM,"Emploi manufacturier C, ETP",1000 FTE's,1995,3573.0
s2026,FRA.1.0.0.0.FETM,FETM,"Emploi manufacturier C, ETP",1000 FTE's,1996,3536.0
s2026,FRA.1.0.0.0.FETM,FETM,"Emploi manufacturier C, ETP",1000 FTE's,1997,3497.0
s2026,FRA.1.0.0.0.FETM,FETM,"Emploi manufacturier C, ETP",1000 FTE's,1998,3485.0
s2026,FRA.1.0.0.0.FETM,FETM,"Emploi manufacturier C, ETP",1000 FTE's,1999,3462.0
s2026,FRA.1.0.0.0.FETM,FETM,"Emploi manufacturier C, ETP",1000 FTE's,2000,3480.0
s2026,FRA.1.0.0.0.FETM,FETM,"Emploi manufacturier C, ETP",1000 FTE's,2001,3492.0
s2026,FRA.1.0.0.0.FETM,FETM,"Emploi manufacturier C, ETP",1000 FTE's,2002,3423.0
s2026,FRA.1.0.0.0.FETM,FETM,"Emploi manufacturier C, ETP",1000 FTE's,2003,3342.0
s2026,FRA.1.0.0.0.FETM,FETM,"Emploi manufacturier C, ETP",1000 FTE's,2004,3229.0
s2026,FRA.1.0.0.0.FETM,FETM,"Emploi manufacturier C, ETP",1000 FTE's,2005,3162.0
s2026,FRA.1.0.0.0.FETM,FETM,"Emploi manufacturier C, ETP",1000 FTE's,2006,3118.0
s2026,FRA.1.0.0.0.FETM,FETM,"Emploi manufacturier C, ETP",1000 FTE's,2007,3087.0
s2026,FRA.1.0.0.0.FETM,FETM,"Emploi manufacturier C, ETP",1000 FTE's,2008,3045.0
s2026,FRA.1.0.0.0.FETM,FETM,"Emploi manufacturier C, ETP",1000 FTE's,2009,2903.0
s2026,FRA.1.0.0.0.FETM,FETM,"Emploi manufacturier C, ETP",1000 FTE's,2010,2777.0
s2026,FRA.1.0.0.0.FETM,FETM,"Emploi manufacturier C, ETP",1000 FTE's,2011,2755.0
s2026,FRA.1.0.0.0.FETM,FETM,"Emploi manufacturier C, ETP",1000 FTE's,2012,2732.0
s2026,FRA.1.0.0.0.FETM,FETM,"Emploi manufacturier C, ETP",1000 FTE's,2013,2698.0
s2026,FRA.1.0.0.0.FETM,FETM,"Emploi manufacturier C, ETP",1000 FTE's,2014,2680.0
s2026,FRA.1.0.0.0.FETM,FETM,"Emploi manufacturier C, ETP",1000 FTE's,2015,2633.0
s2026,FRA.1.0.0.0.FETM,FETM,"Emploi manufacturier C, ETP",1000 FTE's,2016,2617.0
s2026,FRA.1.0.0.0.FETM,FETM,"Emploi manufacturier C, ETP",1000 FTE's,2017,2595.0
s2026,FRA.1.0.0.0.FETM,FETM,"Emploi manufacturier C, ETP",1000 FTE's,2018,2596.0
s2026,FRA.1.0.0.0.FETM,FETM,"Emploi manufacturier C, ETP",1000 FTE's,2019,2675.0
s2026,FRA.1.0.0.0.FETM,FETM,"Emploi manufacturier C, ETP",1000 FTE's,2020,2660.0
s2026,FRA.1.0.0.0.FETM,FETM,"Emploi manufacturier C, ETP",1000 FTE's,2021,2684.0
s2026,FRA.1.0.0.0.FETM,FETM,"Emploi manufacturier C, ETP",1000 FTE's,2022,2732.0
s2026,FRA.1.0.0.0.FETM,FETM,"Emploi manufacturier C, ETP",1000 FTE's,2023,2763.0
s2026,FRA.1.0.0.0.FETM,FETM,"Emploi manufacturier C, ETP",1000 FTE's,2024,2785.0
s2026,FRA.1.0.0.0.FETM,FETM,"Emploi manufacturier C, ETP",1000 FTE's,2025,2779.0
s2026,FRA.1.1.0.0.UVG0,UVG0,"VA brute, total des branches, prix courants",Mrd EURO-FRF,1960,40.8911
s2026,FRA.1.1.0.0.UVG0,UVG0,"VA brute, total des branches, prix courants",Mrd EURO-FRF,1961,44.3103
s2026,FRA.1.1.0.0.UVG0,UVG0,"VA brute, total des branches, prix courants",Mrd EURO-FRF,1962,49.6085
s2026,FRA.1.1.0.0.UVG0,UVG0,"VA brute, total des branches, prix courants",Mrd EURO-FRF,1963,55.4189
s2026,FRA.1.1.0.0.UVG0,UVG0,"VA brute, total des branches, prix courants",Mrd EURO-FRF,1964,61.3365
s2026,FRA.1.1.0.0.UVG0,UVG0,"VA brute, total des branches, prix courants",Mrd EURO-FRF,1965,66.4387
s2026,FRA.1.1.0.0.UVG0,UVG0,"VA brute, total des branches, prix courants",Mrd EURO-FRF,1966,72.0016
s2026,FRA.1.1.0.0.UVG0,UVG0,"VA brute, total des branches, prix courants",Mrd EURO-FRF,1967,78.0423
s2026,FRA.1.1.0.0.UVG0,UVG0,"VA brute, total des branches, prix courants",Mrd EURO-FRF,1968,85.8998
s2026,FRA.1.1.0.0.UVG0,UVG0,"VA brute, total des branches, prix courants",Mrd EURO-FRF,1969,97.3877
s2026,FRA.1.1.0.0.UVG0,UVG0,"VA brute, total des branches, prix courants",Mrd EURO-FRF,1970,109.8378
s2026,FRA.1.1.0.0.UVG0,UVG0,"VA brute, total des branches, prix courants",Mrd EURO-FRF,1971,122.6757
s2026,FRA.1.1.0.0.UVG0,UVG0,"VA brute, total des branches, prix courants",Mrd EURO-FRF,1972,136.5961
s2026,FRA.1.1.0.0.UVG0,UVG0,"VA brute, total des branches, prix courants",Mrd EURO-FRF,1973,157.7917
s2026,FRA.1.1.0.0.UVG0,UVG0,"VA brute, total des branches, prix courants",Mrd EURO-FRF,1974,184.1301
s2026,FRA.1.1.0.0.UVG0,UVG0,"VA brute, total des branches, prix courants",Mrd EURO-FRF,1975,208.0035
s2026,FRA.1.1.0.0.UVG0,UVG0,"VA brute, total des branches, prix courants",Mrd EURO-FRF,1976,239.186
s2026,FRA.1.1.0.0.UVG0,UVG0,"VA brute, total des branches, prix courants",Mrd EURO-FRF,1977,271.9167
s2026,FRA.1.1.0.0.UVG0,UVG0,"VA brute, total des branches, prix courants",Mrd EURO-FRF,1978,307.5048
s2026,FRA.1.1.0.0.UVG0,UVG0,"VA brute, total des branches, prix courants",Mrd EURO-FRF,1979,349.342
s2026,FRA.1.1.0.0.UVG0,UVG0,"VA brute, total des branches, prix courants",Mrd EURO-FRF,1980,398.2929
s2026,FRA.1.1.0.0.UVG0,UVG0,"VA brute, total des branches, prix courants",Mrd EURO-FRF,1981,449.9487
s2026,FRA.1.1.0.0.UVG0,UVG0,"VA brute, total des branches, prix courants",Mrd EURO-FRF,1982,515.3035
s2026,FRA.1.1.0.0.UVG0,UVG0,"VA brute, total des branches, prix courants",Mrd EURO-FRF,1983,572.0731
s2026,FRA.1.1.0.0.UVG0,UVG0,"VA brute, total des branches, prix courants",Mrd EURO-FRF,1984,622.185
s2026,FRA.1.1.0.0.UVG0,UVG0,"VA brute, total des branches, prix courants",Mrd EURO-FRF,1985,665.4255
s2026,FRA.1.1.0.0.UVG0,UVG0,"VA brute, total des branches, prix courants",Mrd EURO-FRF,1986,719.5306
s2026,FRA.1.1.0.0.UVG0,UVG0,"VA brute, total des branches, prix courants",Mrd EURO-FRF,1987,755.9245
s2026,FRA.1.1.0.0.UVG0,UVG0,"VA brute, total des branches, prix courants",Mrd EURO-FRF,1988,816.6654
s2026,FRA.1.1.0.0.UVG0,UVG0,"VA brute, total des branches, prix courants",Mrd EURO-FRF,1989,882.142
s2026,FRA.1.1.0.0.UVG0,UVG0,"VA brute, total des branches, prix courants",Mrd EURO-FRF,1990,933.9383
s2026,FRA.1.1.0.0.UVG0,UVG0,"VA brute, total des branches, prix courants",Mrd EURO-FRF,1991,969.9732
s2026,FRA.1.1.0.0.UVG0,UVG0,"VA brute, total des branches, prix courants",Mrd EURO-FRF,1992,1009.4191
s2026,FRA.1.1.0.0.UVG0,UVG0,"VA brute, total des branches, prix courants",Mrd EURO-FRF,1993,1021.9619
s2026,FRA.1.1.0.0.UVG0,UVG0,"VA brute, total des branches, prix courants",Mrd EURO-FRF,1994,1049.1501
s2026,FRA.1.1.0.0.UVG0,UVG0,"VA brute, total des branches, prix courants",Mrd EURO-FRF,1995,1085.1155
s2026,FRA.1.1.0.0.UVG0,UVG0,"VA brute, total des branches, prix courants",Mrd EURO-FRF,1996,1110.4313
s2026,FRA.1.1.0.0.UVG0,UVG0,"VA brute, total des branches, prix courants",Mrd EURO-FRF,1997,1149.2863
s2026,FRA.1.1.0.0.UVG0,UVG0,"VA brute, total des branches, prix courants",Mrd EURO-FRF,1998,1199.9799
s2026,FRA.1.1.0.0.UVG0,UVG0,"VA brute, total des branches, prix courants",Mrd EURO-FRF,1999,1243.9606
s2026,FRA.1.1.0.0.UVG0,UVG0,"VA brute, total des branches, prix courants",Mrd EURO-FRF,2000,1319.2543
s2026,FRA.1.1.0.0.UVG0,UVG0,"VA brute, total des branches, prix courants",Mrd EURO-FRF,2001,1373.8171
s2026,FRA.1.1.0.0.UVG0,UVG0,"VA brute, total des branches, prix courants",Mrd EURO-FRF,2002,1417.4817
s2026,FRA.1.1.0.0.UVG0,UVG0,"VA brute, total des branches, prix courants",Mrd EURO-FRF,2003,1457.7767
s2026,FRA.1.1.0.0.UVG0,UVG0,"VA brute, total des branches, prix courants",Mrd EURO-FRF,2004,1521.91
s2026,FRA.1.1.0.0.UVG0,UVG0,"VA brute, total des branches, prix courants",Mrd EURO-FRF,2005,1579.6677
s2026,FRA.1.1.0.0.UVG0,UVG0,"VA brute, total des branches, prix courants",Mrd EURO-FRF,2006,1649.4399
s2026,FRA.1.1.0.0.UVG0,UVG0,"VA brute, total des branches, prix courants",Mrd EURO-FRF,2007,1736.1599
s2026,FRA.1.1.0.0.UVG0,UVG0,"VA brute, total des branches, prix courants",Mrd EURO-FRF,2008,1787.4606
s2026,FRA.1.1.0.0.UVG0,UVG0,"VA brute, total des branches, prix courants",Mrd EURO-FRF,2009,1743.5733
s2026,FRA.1.1.0.0.UVG0,UVG0,"VA brute, total des branches, prix courants",Mrd EURO-FRF,2010,1792.5976
s2026,FRA.1.1.0.0.UVG0,UVG0,"VA brute, total des branches, prix courants",Mrd EURO-FRF,2011,1845.7821
s2026,FRA.1.1.0.0.UVG0,UVG0,"VA brute, total des branches, prix courants",Mrd EURO-FRF,2012,1866.7166
s2026,FRA.1.1.0.0.UVG0,UVG0,"VA brute, total des branches, prix courants",Mrd EURO-FRF,2013,1894.345
s2026,FRA.1.1.0.0.UVG0,UVG0,"VA brute, total des branches, prix courants",Mrd EURO-FRF,2014,1921.8064
s2026,FRA.1.1.0.0.UVG0,UVG0,"VA brute, total des branches, prix courants",Mrd EURO-FRF,2015,1960.3273
s2026,FRA.1.1.0.0.UVG0,UVG0,"VA brute, total des branches, prix courants",Mrd EURO-FRF,2016,1983.7377
s2026,FRA.1.1.0.0.UVG0,UVG0,"VA brute, total des branches, prix courants",Mrd EURO-FRF,2017,2029.7058
s2026,FRA.1.1.0.0.UVG0,UVG0,"VA brute, total des branches, prix courants",Mrd EURO-FRF,2018,2081.9779
s2026,FRA.1.1.0.0.UVG0,UVG0,"VA brute, total des branches, prix courants",Mrd EURO-FRF,2019,2150.6898
s2026,FRA.1.1.0.0.UVG0,UVG0,"VA brute, total des branches, prix courants",Mrd EURO-FRF,2020,2056.5452
s2026,FRA.1.1.0.0.UVG0,UVG0,"VA brute, total des branches, prix courants",Mrd EURO-FRF,2021,2212.7644
s2026,FRA.1.1.0.0.UVG0,UVG0,"VA brute, total des branches, prix courants",Mrd EURO-FRF,2022,2368.6094
s2026,FRA.1.1.0.0.UVG0,UVG0,"VA brute, total des branches, prix courants",Mrd EURO-FRF,2023,2538.4504
s2026,FRA.1.1.0.0.UVG0,UVG0,"VA brute, total des branches, prix courants",Mrd EURO-FRF,2024,2611.095
s2026,FRA.1.1.0.0.UVG0,UVG0,"VA brute, total des branches, prix courants",Mrd EURO-FRF,2025,2652.3285
s2026,FRA.1.1.0.0.UVG0,UVG0,"VA brute, total des branches, prix courants",Mrd EURO-FRF,2026,2715.57317
s2026,FRA.1.1.0.0.UVG0,UVG0,"VA brute, total des branches, prix courants",Mrd EURO-FRF,2027,2810.42328
s2026,FRA.1.1.0.0.UVG1,UVG1,"VA agriculture, prix courants",Mrd EURO-FRF,1960,4.7326
s2026,FRA.1.1.0.0.UVG1,UVG1,"VA agriculture, prix courants",Mrd EURO-FRF,1961,4.4067
s2026,FRA.1.1.0.0.UVG1,UVG1,"VA agriculture, prix courants",Mrd EURO-FRF,1962,5.3339
s2026,FRA.1.1.0.0.UVG1,UVG1,"VA agriculture, prix courants",Mrd EURO-FRF,1963,5.3638
s2026,FRA.1.1.0.0.UVG1,UVG1,"VA agriculture, prix courants",Mrd EURO-FRF,1964,5.3801
s2026,FRA.1.1.0.0.UVG1,UVG1,"VA agriculture, prix courants",Mrd EURO-FRF,1965,5.6632
s2026,FRA.1.1.0.0.UVG1,UVG1,"VA agriculture, prix courants",Mrd EURO-FRF,1966,5.9697
s2026,FRA.1.1.0.0.UVG1,UVG1,"VA agriculture, prix courants",Mrd EURO-FRF,1967,6.4252
s2026,FRA.1.1.0.0.UVG1,UVG1,"VA agriculture, prix courants",Mrd EURO-FRF,1968,6.7805
s2026,FRA.1.1.0.0.UVG1,UVG1,"VA agriculture, prix courants",Mrd EURO-FRF,1969,7.0918
s2026,FRA.1.1.0.0.UVG1,UVG1,"VA agriculture, prix courants",Mrd EURO-FRF,1970,7.8873
s2026,FRA.1.1.0.0.UVG1,UVG1,"VA agriculture, prix courants",Mrd EURO-FRF,1971,8.0589
s2026,FRA.1.1.0.0.UVG1,UVG1,"VA agriculture, prix courants",Mrd EURO-FRF,1972,10.0343
s2026,FRA.1.1.0.0.UVG1,UVG1,"VA agriculture, prix courants",Mrd EURO-FRF,1973,11.4817
s2026,FRA.1.1.0.0.UVG1,UVG1,"VA agriculture, prix courants",Mrd EURO-FRF,1974,10.6358
s2026,FRA.1.1.0.0.UVG1,UVG1,"VA agriculture, prix courants",Mrd EURO-FRF,1975,10.6393
s2026,FRA.1.1.0.0.UVG1,UVG1,"VA agriculture, prix courants",Mrd EURO-FRF,1976,11.6128
s2026,FRA.1.1.0.0.UVG1,UVG1,"VA agriculture, prix courants",Mrd EURO-FRF,1977,12.4007
s2026,FRA.1.1.0.0.UVG1,UVG1,"VA agriculture, prix courants",Mrd EURO-FRF,1978,13.6338
s2026,FRA.1.1.0.0.UVG1,UVG1,"VA agriculture, prix courants",Mrd EURO-FRF,1979,15.4448
s2026,FRA.1.1.0.0.UVG1,UVG1,"VA agriculture, prix courants",Mrd EURO-FRF,1980,15.2821
s2026,FRA.1.1.0.0.UVG1,UVG1,"VA agriculture, prix courants",Mrd EURO-FRF,1981,16.8536
s2026,FRA.1.1.0.0.UVG1,UVG1,"VA agriculture, prix courants",Mrd EURO-FRF,1982,22.247
s2026,FRA.1.1.0.0.UVG1,UVG1,"VA agriculture, prix courants",Mrd EURO-FRF,1983,21.8315
s2026,FRA.1.1.0.0.UVG1,UVG1,"VA agriculture, prix courants",Mrd EURO-FRF,1984,22.1458
s2026,FRA.1.1.0.0.UVG1,UVG1,"VA agriculture, prix courants",Mrd EURO-FRF,1985,23.6285
s2026,FRA.1.1.0.0.UVG1,UVG1,"VA agriculture, prix courants",Mrd EURO-FRF,1986,24.7012
s2026,FRA.1.1.0.0.UVG1,UVG1,"VA agriculture, prix courants",Mrd EURO-FRF,1987,24.8064
s2026,FRA.1.1.0.0.UVG1,UVG1,"VA agriculture, prix courants",Mrd EURO-FRF,1988,24.7204
s2026,FRA.1.1.0.0.UVG1,UVG1,"VA agriculture, prix courants",Mrd EURO-FRF,1989,29.2695
s2026,FRA.1.1.0.0.UVG1,UVG1,"VA agriculture, prix courants",Mrd EURO-FRF,1990,31.089
s2026,FRA.1.1.0.0.UVG1,UVG1,"VA agriculture, prix courants",Mrd EURO-FRF,1991,26.7652
s2026,FRA.1.1.0.0.UVG1,UVG1,"VA agriculture, prix courants",Mrd EURO-FRF,1992,27.5805
s2026,FRA.1.1.0.0.UVG1,UVG1,"VA agriculture, prix courants",Mrd EURO-FRF,1993,24.6443
s2026,FRA.1.1.0.0.UVG1,UVG1,"VA agriculture, prix courants",Mrd EURO-FRF,1994,26.6345
s2026,FRA.1.1.0.0.UVG1,UVG1,"VA agriculture, prix courants",Mrd EURO-FRF,1995,28.0799
s2026,FRA.1.1.0.0.UVG1,UVG1,"VA agriculture, prix courants",Mrd EURO-FRF,1996,28.3719
s2026,FRA.1.1.0.0.UVG1,UVG1,"VA agriculture, prix courants",Mrd EURO-FRF,1997,28.5721
s2026,FRA.1.1.0.0.UVG1,UVG1,"VA agriculture, prix courants",Mrd EURO-FRF,1998,30.0977
s2026,FRA.1.1.0.0.UVG1,UVG1,"VA agriculture, prix courants",Mrd EURO-FRF,1999,29.5314
s2026,FRA.1.1.0.0.UVG1,UVG1,"VA agriculture, prix courants",Mrd EURO-FRF,2000,29.2419
s2026,FRA.1.1.0.0.UVG1,UVG1,"VA agriculture, prix courants",Mrd EURO-FRF,2001,30.636
s2026,FRA.1.1.0.0.UVG1,UVG1,"VA agriculture, prix courants",Mrd EURO-FRF,2002,30.048
s2026,FRA.1.1.0.0.UVG1,UVG1,"VA agriculture, prix courants",Mrd EURO-FRF,2003,28.3192
s2026,FRA.1.1.0.0.UVG1,UVG1,"VA agriculture, prix courants",Mrd EURO-FRF,2004,29.1762
s2026,FRA.1.1.0.0.UVG1,UVG1,"VA agriculture, prix courants",Mrd EURO-FRF,2005,27.888
s2026,FRA.1.1.0.0.UVG1,UVG1,"VA agriculture, prix courants",Mrd EURO-FRF,2006,26.3439
s2026,FRA.1.1.0.0.UVG1,UVG1,"VA agriculture, prix courants",Mrd EURO-FRF,2007,29.3923
s2026,FRA.1.1.0.0.UVG1,UVG1,"VA agriculture, prix courants",Mrd EURO-FRF,2008,28.2641
s2026,FRA.1.1.0.0.UVG1,UVG1,"VA agriculture, prix courants",Mrd EURO-FRF,2009,23.8576
s2026,FRA.1.1.0.0.UVG1,UVG1,"VA agriculture, prix courants",Mrd EURO-FRF,2010,29.9587
s2026,FRA.1.1.0.0.UVG1,UVG1,"VA agriculture, prix courants",Mrd EURO-FRF,2011,31.9915
s2026,FRA.1.1.0.0.UVG1,UVG1,"VA agriculture, prix courants",Mrd EURO-FRF,2012,31.8661
s2026,FRA.1.1.0.0.UVG1,UVG1,"VA agriculture, prix courants",Mrd EURO-FRF,2013,28.8665
s2026,FRA.1.1.0.0.UVG1,UVG1,"VA agriculture, prix courants",Mrd EURO-FRF,2014,31.4778
s2026,FRA.1.1.0.0.UVG1,UVG1,"VA agriculture, prix courants",Mrd EURO-FRF,2015,33.1003
s2026,FRA.1.1.0.0.UVG1,UVG1,"VA agriculture, prix courants",Mrd EURO-FRF,2016,29.8614
s2026,FRA.1.1.0.0.UVG1,UVG1,"VA agriculture, prix courants",Mrd EURO-FRF,2017,32.8847
s2026,FRA.1.1.0.0.UVG1,UVG1,"VA agriculture, prix courants",Mrd EURO-FRF,2018,36.063
s2026,FRA.1.1.0.0.UVG1,UVG1,"VA agriculture, prix courants",Mrd EURO-FRF,2019,34.2524
s2026,FRA.1.1.0.0.UVG1,UVG1,"VA agriculture, prix courants",Mrd EURO-FRF,2020,33.8569
s2026,FRA.1.1.0.0.UVG1,UVG1,"VA agriculture, prix courants",Mrd EURO-FRF,2021,36.7022
s2026,FRA.1.1.0.0.UVG1,UVG1,"VA agriculture, prix courants",Mrd EURO-FRF,2022,45.6533
s2026,FRA.1.1.0.0.UVG1,UVG1,"VA agriculture, prix courants",Mrd EURO-FRF,2023,41.9673
s2026,FRA.1.1.0.0.UVG1,UVG1,"VA agriculture, prix courants",Mrd EURO-FRF,2024,37.9527
s2026,FRA.1.1.0.0.UVG1,UVG1,"VA agriculture, prix courants",Mrd EURO-FRF,2025,41.8018
s2026,FRA.1.1.0.0.UVG2,UVG2,"VA industrie hors construction (NACE B-E), prix courants",Mrd EURO-FRF,1960,11.5439
s2026,FRA.1.1.0.0.UVG2,UVG2,"VA industrie hors construction (NACE B-E), prix courants",Mrd EURO-FRF,1961,12.5456
s2026,FRA.1.1.0.0.UVG2,UVG2,"VA industrie hors construction (NACE B-E), prix courants",Mrd EURO-FRF,1962,13.5115
s2026,FRA.1.1.0.0.UVG2,UVG2,"VA industrie hors construction (NACE B-E), prix courants",Mrd EURO-FRF,1963,15.0197
s2026,FRA.1.1.0.0.UVG2,UVG2,"VA industrie hors construction (NACE B-E), prix courants",Mrd EURO-FRF,1964,16.6703
s2026,FRA.1.1.0.0.UVG2,UVG2,"VA industrie hors construction (NACE B-E), prix courants",Mrd EURO-FRF,1965,17.7596
s2026,FRA.1.1.0.0.UVG2,UVG2,"VA industrie hors construction (NACE B-E), prix courants",Mrd EURO-FRF,1966,19.1286
s2026,FRA.1.1.0.0.UVG2,UVG2,"VA industrie hors construction (NACE B-E), prix courants",Mrd EURO-FRF,1967,20.2995
s2026,FRA.1.1.0.0.UVG2,UVG2,"VA industrie hors construction (NACE B-E), prix courants",Mrd EURO-FRF,1968,21.8064
s2026,FRA.1.1.0.0.UVG2,UVG2,"VA industrie hors construction (NACE B-E), prix courants",Mrd EURO-FRF,1969,24.5495
s2026,FRA.1.1.0.0.UVG2,UVG2,"VA industrie hors construction (NACE B-E), prix courants",Mrd EURO-FRF,1970,27.5996
s2026,FRA.1.1.0.0.UVG2,UVG2,"VA industrie hors construction (NACE B-E), prix courants",Mrd EURO-FRF,1971,31.0151
s2026,FRA.1.1.0.0.UVG2,UVG2,"VA industrie hors construction (NACE B-E), prix courants",Mrd EURO-FRF,1972,33.6768
s2026,FRA.1.1.0.0.UVG2,UVG2,"VA industrie hors construction (NACE B-E), prix courants",Mrd EURO-FRF,1973,39.3067
s2026,FRA.1.1.0.0.UVG2,UVG2,"VA industrie hors construction (NACE B-E), prix courants",Mrd EURO-FRF,1974,46.1101
s2026,FRA.1.1.0.0.UVG2,UVG2,"VA industrie hors construction (NACE B-E), prix courants",Mrd EURO-FRF,1975,50.7501
s2026,FRA.1.1.0.0.UVG2,UVG2,"VA industrie hors construction (NACE B-E), prix courants",Mrd EURO-FRF,1976,58.4235
s2026,FRA.1.1.0.0.UVG2,UVG2,"VA industrie hors construction (NACE B-E), prix courants",Mrd EURO-FRF,1977,65.8653
s2026,FRA.1.1.0.0.UVG2,UVG2,"VA industrie hors construction (NACE B-E), prix courants",Mrd EURO-FRF,1978,74.0682
s2026,FRA.1.1.0.0.UVG2,UVG2,"VA industrie hors construction (NACE B-E), prix courants",Mrd EURO-FRF,1979,83.3431
s2026,FRA.1.1.0.0.UVG2,UVG2,"VA industrie hors construction (NACE B-E), prix courants",Mrd EURO-FRF,1980,94.0905
s2026,FRA.1.1.0.0.UVG2,UVG2,"VA industrie hors construction (NACE B-E), prix courants",Mrd EURO-FRF,1981,104.5651
s2026,FRA.1.1.0.0.UVG2,UVG2,"VA industrie hors construction (NACE B-E), prix courants",Mrd EURO-FRF,1982,116.6909
s2026,FRA.1.1.0.0.UVG2,UVG2,"VA industrie hors construction (NACE B-E), prix courants",Mrd EURO-FRF,1983,130.1248
s2026,FRA.1.1.0.0.UVG2,UVG2,"VA industrie hors construction (NACE B-E), prix courants",Mrd EURO-FRF,1984,140.554
s2026,FRA.1.1.0.0.UVG2,UVG2,"VA industrie hors construction (NACE B-E), prix courants",Mrd EURO-FRF,1985,151.1574
s2026,FRA.1.1.0.0.UVG2,UVG2,"VA industrie hors construction (NACE B-E), prix courants",Mrd EURO-FRF,1986,158.6135
s2026,FRA.1.1.0.0.UVG2,UVG2,"VA industrie hors construction (NACE B-E), prix courants",Mrd EURO-FRF,1987,162.0518
s2026,FRA.1.1.0.0.UVG2,UVG2,"VA industrie hors construction (NACE B-E), prix courants",Mrd EURO-FRF,1988,173.2518
s2026,FRA.1.1.0.0.UVG2,UVG2,"VA industrie hors construction (NACE B-E), prix courants",Mrd EURO-FRF,1989,184.0812
s2026,FRA.1.1.0.0.UVG2,UVG2,"VA industrie hors construction (NACE B-E), prix courants",Mrd EURO-FRF,1990,195.0945
s2026,FRA.1.1.0.0.UVG2,UVG2,"VA industrie hors construction (NACE B-E), prix courants",Mrd EURO-FRF,1991,201.0632
s2026,FRA.1.1.0.0.UVG2,UVG2,"VA industrie hors construction (NACE B-E), prix courants",Mrd EURO-FRF,1992,205.1228
s2026,FRA.1.1.0.0.UVG2,UVG2,"VA industrie hors construction (NACE B-E), prix courants",Mrd EURO-FRF,1993,201.0886
s2026,FRA.1.1.0.0.UVG2,UVG2,"VA industrie hors construction (NACE B-E), prix courants",Mrd EURO-FRF,1994,201.9299
s2026,FRA.1.1.0.0.UVG2,UVG2,"VA industrie hors construction (NACE B-E), prix courants",Mrd EURO-FRF,1995,211.2732
s2026,FRA.1.1.0.0.UVG2,UVG2,"VA industrie hors construction (NACE B-E), prix courants",Mrd EURO-FRF,1996,212.372
s2026,FRA.1.1.0.0.UVG2,UVG2,"VA industrie hors construction (NACE B-E), prix courants",Mrd EURO-FRF,1997,220.2524
s2026,FRA.1.1.0.0.UVG2,UVG2,"VA industrie hors construction (NACE B-E), prix courants",Mrd EURO-FRF,1998,230.3876
s2026,FRA.1.1.0.0.UVG2,UVG2,"VA industrie hors construction (NACE B-E), prix courants",Mrd EURO-FRF,1999,234.6243
s2026,FRA.1.1.0.0.UVG2,UVG2,"VA industrie hors construction (NACE B-E), prix courants",Mrd EURO-FRF,2000,248.0278
s2026,FRA.1.1.0.0.UVG2,UVG2,"VA industrie hors construction (NACE B-E), prix courants",Mrd EURO-FRF,2001,250.2242
s2026,FRA.1.1.0.0.UVG2,UVG2,"VA industrie hors construction (NACE B-E), prix courants",Mrd EURO-FRF,2002,250.9561
s2026,FRA.1.1.0.0.UVG2,UVG2,"VA industrie hors construction (NACE B-E), prix courants",Mrd EURO-FRF,2003,249.1921
s2026,FRA.1.1.0.0.UVG2,UVG2,"VA industrie hors construction (NACE B-E), prix courants",Mrd EURO-FRF,2004,254.0194
s2026,FRA.1.1.0.0.UVG2,UVG2,"VA industrie hors construction (NACE B-E), prix courants",Mrd EURO-FRF,2005,256.1947
s2026,FRA.1.1.0.0.UVG2,UVG2,"VA industrie hors construction (NACE B-E), prix courants",Mrd EURO-FRF,2006,257.9928
s2026,FRA.1.1.0.0.UVG2,UVG2,"VA industrie hors construction (NACE B-E), prix courants",Mrd EURO-FRF,2007,262.8287
s2026,FRA.1.1.0.0.UVG2,UVG2,"VA industrie hors construction (NACE B-E), prix courants",Mrd EURO-FRF,2008,258.5675
s2026,FRA.1.1.0.0.UVG2,UVG2,"VA industrie hors construction (NACE B-E), prix courants",Mrd EURO-FRF,2009,240.67
s2026,FRA.1.1.0.0.UVG2,UVG2,"VA industrie hors construction (NACE B-E), prix courants",Mrd EURO-FRF,2010,243.5222
s2026,FRA.1.1.0.0.UVG2,UVG2,"VA industrie hors construction (NACE B-E), prix courants",Mrd EURO-FRF,2011,253.1492
s2026,FRA.1.1.0.0.UVG2,UVG2,"VA industrie hors construction (NACE B-E), prix courants",Mrd EURO-FRF,2012,255.5354
s2026,FRA.1.1.0.0.UVG2,UVG2,"VA industrie hors construction (NACE B-E), prix courants",Mrd EURO-FRF,2013,260.4504
s2026,FRA.1.1.0.0.UVG2,UVG2,"VA industrie hors construction (NACE B-E), prix courants",Mrd EURO-FRF,2014,262.884
s2026,FRA.1.1.0.0.UVG2,UVG2,"VA industrie hors construction (NACE B-E), prix courants",Mrd EURO-FRF,2015,271.0011
s2026,FRA.1.1.0.0.UVG2,UVG2,"VA industrie hors construction (NACE B-E), prix courants",Mrd EURO-FRF,2016,269.9476
s2026,FRA.1.1.0.0.UVG2,UVG2,"VA industrie hors construction (NACE B-E), prix courants",Mrd EURO-FRF,2017,270.9036
s2026,FRA.1.1.0.0.UVG2,UVG2,"VA industrie hors construction (NACE B-E), prix courants",Mrd EURO-FRF,2018,277.7312
s2026,FRA.1.1.0.0.UVG2,UVG2,"VA industrie hors construction (NACE B-E), prix courants",Mrd EURO-FRF,2019,288.0931
s2026,FRA.1.1.0.0.UVG2,UVG2,"VA industrie hors construction (NACE B-E), prix courants",Mrd EURO-FRF,2020,261.238
s2026,FRA.1.1.0.0.UVG2,UVG2,"VA industrie hors construction (NACE B-E), prix courants",Mrd EURO-FRF,2021,277.5056
s2026,FRA.1.1.0.0.UVG2,UVG2,"VA industrie hors construction (NACE B-E), prix courants",Mrd EURO-FRF,2022,287.5836
s2026,FRA.1.1.0.0.UVG2,UVG2,"VA industrie hors construction (NACE B-E), prix courants",Mrd EURO-FRF,2023,368.2556
s2026,FRA.1.1.0.0.UVG2,UVG2,"VA industrie hors construction (NACE B-E), prix courants",Mrd EURO-FRF,2024,356.5259
s2026,FRA.1.1.0.0.UVG2,UVG2,"VA industrie hors construction (NACE B-E), prix courants",Mrd EURO-FRF,2025,352.8429
s2026,FRA.1.1.0.0.UVG4,UVG4,"VA construction, prix courants",Mrd EURO-FRF,1960,2.6927
s2026,FRA.1.1.0.0.UVG4,UVG4,"VA construction, prix courants",Mrd EURO-FRF,1961,3.0598
s2026,FRA.1.1.0.0.UVG4,UVG4,"VA construction, prix courants",Mrd EURO-FRF,1962,3.5906
s2026,FRA.1.1.0.0.UVG4,UVG4,"VA construction, prix courants",Mrd EURO-FRF,1963,3.8768
s2026,FRA.1.1.0.0.UVG4,UVG4,"VA construction, prix courants",Mrd EURO-FRF,1964,4.6206
s2026,FRA.1.1.0.0.UVG4,UVG4,"VA construction, prix courants",Mrd EURO-FRF,1965,5.2837
s2026,FRA.1.1.0.0.UVG4,UVG4,"VA construction, prix courants",Mrd EURO-FRF,1966,5.6249
s2026,FRA.1.1.0.0.UVG4,UVG4,"VA construction, prix courants",Mrd EURO-FRF,1967,6.098
s2026,FRA.1.1.0.0.UVG4,UVG4,"VA construction, prix courants",Mrd EURO-FRF,1968,6.4608
s2026,FRA.1.1.0.0.UVG4,UVG4,"VA construction, prix courants",Mrd EURO-FRF,1969,7.3937
s2026,FRA.1.1.0.0.UVG4,UVG4,"VA construction, prix courants",Mrd EURO-FRF,1970,8.5429
s2026,FRA.1.1.0.0.UVG4,UVG4,"VA construction, prix courants",Mrd EURO-FRF,1971,9.9177
s2026,FRA.1.1.0.0.UVG4,UVG4,"VA construction, prix courants",Mrd EURO-FRF,1972,11.0592
s2026,FRA.1.1.0.0.UVG4,UVG4,"VA construction, prix courants",Mrd EURO-FRF,1973,12.5022
s2026,FRA.1.1.0.0.UVG4,UVG4,"VA construction, prix courants",Mrd EURO-FRF,1974,13.3148
s2026,FRA.1.1.0.0.UVG4,UVG4,"VA construction, prix courants",Mrd EURO-FRF,1975,15.9255
s2026,FRA.1.1.0.0.UVG4,UVG4,"VA construction, prix courants",Mrd EURO-FRF,1976,17.3009
s2026,FRA.1.1.0.0.UVG4,UVG4,"VA construction, prix courants",Mrd EURO-FRF,1977,19.1931
s2026,FRA.1.1.0.0.UVG4,UVG4,"VA construction, prix courants",Mrd EURO-FRF,1978,22.1619
s2026,FRA.1.1.0.0.UVG4,UVG4,"VA construction, prix courants",Mrd EURO-FRF,1979,25.0307
s2026,FRA.1.1.0.0.UVG4,UVG4,"VA construction, prix courants",Mrd EURO-FRF,1980,29.3576
s2026,FRA.1.1.0.0.UVG4,UVG4,"VA construction, prix courants",Mrd EURO-FRF,1981,30.9795
s2026,FRA.1.1.0.0.UVG4,UVG4,"VA construction, prix courants",Mrd EURO-FRF,1982,35.3039
s2026,FRA.1.1.0.0.UVG4,UVG4,"VA construction, prix courants",Mrd EURO-FRF,1983,37.1536
s2026,FRA.1.1.0.0.UVG4,UVG4,"VA construction, prix courants",Mrd EURO-FRF,1984,38.0793
s2026,FRA.1.1.0.0.UVG4,UVG4,"VA construction, prix courants",Mrd EURO-FRF,1985,39.1434
s2026,FRA.1.1.0.0.UVG4,UVG4,"VA construction, prix courants",Mrd EURO-FRF,1986,45.3598
s2026,FRA.1.1.0.0.UVG4,UVG4,"VA construction, prix courants",Mrd EURO-FRF,1987,48.7595
s2026,FRA.1.1.0.0.UVG4,UVG4,"VA construction, prix courants",Mrd EURO-FRF,1988,54.0988
s2026,FRA.1.1.0.0.UVG4,UVG4,"VA construction, prix courants",Mrd EURO-FRF,1989,55.0443
s2026,FRA.1.1.0.0.UVG4,UVG4,"VA construction, prix courants",Mrd EURO-FRF,1990,58.1785
s2026,FRA.1.1.0.0.UVG4,UVG4,"VA construction, prix courants",Mrd EURO-FRF,1991,59.9603
s2026,FRA.1.1.0.0.UVG4,UVG4,"VA construction, prix courants",Mrd EURO-FRF,1992,62.027
s2026,FRA.1.1.0.0.UVG4,UVG4,"VA construction, prix courants",Mrd EURO-FRF,1993,58.1243
s2026,FRA.1.1.0.0.UVG4,UVG4,"VA construction, prix courants",Mrd EURO-FRF,1994,56.0932
s2026,FRA.1.1.0.0.UVG4,UVG4,"VA construction, prix courants",Mrd EURO-FRF,1995,56.9515
s2026,FRA.1.1.0.0.UVG4,UVG4,"VA construction, prix courants",Mrd EURO-FRF,1996,54.9794
s2026,FRA.1.1.0.0.UVG4,UVG4,"VA construction, prix courants",Mrd EURO-FRF,1997,54.8749
s2026,FRA.1.1.0.0.UVG4,UVG4,"VA construction, prix courants",Mrd EURO-FRF,1998,55.5298
s2026,FRA.1.1.0.0.UVG4,UVG4,"VA construction, prix courants",Mrd EURO-FRF,1999,58.5138
s2026,FRA.1.1.0.0.UVG4,UVG4,"VA construction, prix courants",Mrd EURO-FRF,2000,63.307
s2026,FRA.1.1.0.0.UVG4,UVG4,"VA construction, prix courants",Mrd EURO-FRF,2001,67.4801
s2026,FRA.1.1.0.0.UVG4,UVG4,"VA construction, prix courants",Mrd EURO-FRF,2002,70.4568
s2026,FRA.1.1.0.0.UVG4,UVG4,"VA construction, prix courants",Mrd EURO-FRF,2003,74.0258
s2026,FRA.1.1.0.0.UVG4,UVG4,"VA construction, prix courants",Mrd EURO-FRF,2004,79.5828
s2026,FRA.1.1.0.0.UVG4,UVG4,"VA construction, prix courants",Mrd EURO-FRF,2005,84.8537
s2026,FRA.1.1.0.0.UVG4,UVG4,"VA construction, prix courants",Mrd EURO-FRF,2006,93.0999
s2026,FRA.1.1.0.0.UVG4,UVG4,"VA construction, prix courants",Mrd EURO-FRF,2007,103.4085
s2026,FRA.1.1.0.0.UVG4,UVG4,"VA construction, prix courants",Mrd EURO-FRF,2008,112.2395
s2026,FRA.1.1.0.0.UVG4,UVG4,"VA construction, prix courants",Mrd EURO-FRF,2009,108.165
s2026,FRA.1.1.0.0.UVG4,UVG4,"VA construction, prix courants",Mrd EURO-FRF,2010,107.679
s2026,FRA.1.1.0.0.UVG4,UVG4,"VA construction, prix courants",Mrd EURO-FRF,2011,111.4375
s2026,FRA.1.1.0.0.UVG4,UVG4,"VA construction, prix courants",Mrd EURO-FRF,2012,109.2556
s2026,FRA.1.1.0.0.UVG4,UVG4,"VA construction, prix courants",Mrd EURO-FRF,2013,112.0953
s2026,FRA.1.1.0.0.UVG4,UVG4,"VA construction, prix courants",Mrd EURO-FRF,2014,110.6082
s2026,FRA.1.1.0.0.UVG4,UVG4,"VA construction, prix courants",Mrd EURO-FRF,2015,108.4422
s2026,FRA.1.1.0.0.UVG4,UVG4,"VA construction, prix courants",Mrd EURO-FRF,2016,108.1975
s2026,FRA.1.1.0.0.UVG4,UVG4,"VA construction, prix courants",Mrd EURO-FRF,2017,112.914
s2026,FRA.1.1.0.0.UVG4,UVG4,"VA construction, prix courants",Mrd EURO-FRF,2018,116.2099
s2026,FRA.1.1.0.0.UVG4,UVG4,"VA construction, prix courants",Mrd EURO-FRF,2019,123.1202
s2026,FRA.1.1.0.0.UVG4,UVG4,"VA construction, prix courants",Mrd EURO-FRF,2020,116.007
s2026,FRA.1.1.0.0.UVG4,UVG4,"VA construction, prix courants",Mrd EURO-FRF,2021,125.9911
s2026,FRA.1.1.0.0.UVG4,UVG4,"VA construction, prix courants",Mrd EURO-FRF,2022,130.9293
s2026,FRA.1.1.0.0.UVG4,UVG4,"VA construction, prix courants",Mrd EURO-FRF,2023,143.6589
s2026,FRA.1.1.0.0.UVG4,UVG4,"VA construction, prix courants",Mrd EURO-FRF,2024,145.9932
s2026,FRA.1.1.0.0.UVG4,UVG4,"VA construction, prix courants",Mrd EURO-FRF,2025,146.9581
s2026,FRA.1.1.0.0.UVG5,UVG5,"VA services, prix courants",Mrd EURO-FRF,1960,21.9219
s2026,FRA.1.1.0.0.UVG5,UVG5,"VA services, prix courants",Mrd EURO-FRF,1961,24.2982
s2026,FRA.1.1.0.0.UVG5,UVG5,"VA services, prix courants",Mrd EURO-FRF,1962,27.1725
s2026,FRA.1.1.0.0.UVG5,UVG5,"VA services, prix courants",Mrd EURO-FRF,1963,31.1586
s2026,FRA.1.1.0.0.UVG5,UVG5,"VA services, prix courants",Mrd EURO-FRF,1964,34.6655
s2026,FRA.1.1.0.0.UVG5,UVG5,"VA services, prix courants",Mrd EURO-FRF,1965,37.7322
s2026,FRA.1.1.0.0.UVG5,UVG5,"VA services, prix courants",Mrd EURO-FRF,1966,41.2784
s2026,FRA.1.1.0.0.UVG5,UVG5,"VA services, prix courants",Mrd EURO-FRF,1967,45.2196
s2026,FRA.1.1.0.0.UVG5,UVG5,"VA services, prix courants",Mrd EURO-FRF,1968,50.8521
s2026,FRA.1.1.0.0.UVG5,UVG5,"VA services, prix courants",Mrd EURO-FRF,1969,58.3527
s2026,FRA.1.1.0.0.UVG5,UVG5,"VA services, prix courants",Mrd EURO-FRF,1970,65.808
s2026,FRA.1.1.0.0.UVG5,UVG5,"VA services, prix courants",Mrd EURO-FRF,1971,73.684
s2026,FRA.1.1.0.0.UVG5,UVG5,"VA services, prix courants",Mrd EURO-FRF,1972,81.8258
s2026,FRA.1.1.0.0.UVG5,UVG5,"VA services, prix courants",Mrd EURO-FRF,1973,94.5011
s2026,FRA.1.1.0.0.UVG5,UVG5,"VA services, prix courants",Mrd EURO-FRF,1974,114.0694
s2026,FRA.1.1.0.0.UVG5,UVG5,"VA services, prix courants",Mrd EURO-FRF,1975,130.6886
s2026,FRA.1.1.0.0.UVG5,UVG5,"VA services, prix courants",Mrd EURO-FRF,1976,151.8488
s2026,FRA.1.1.0.0.UVG5,UVG5,"VA services, prix courants",Mrd EURO-FRF,1977,174.4576
s2026,FRA.1.1.0.0.UVG5,UVG5,"VA services, prix courants",Mrd EURO-FRF,1978,197.6409
s2026,FRA.1.1.0.0.UVG5,UVG5,"VA services, prix courants",Mrd EURO-FRF,1979,225.5234
s2026,FRA.1.1.0.0.UVG5,UVG5,"VA services, prix courants",Mrd EURO-FRF,1980,259.5627
s2026,FRA.1.1.0.0.UVG5,UVG5,"VA services, prix courants",Mrd EURO-FRF,1981,297.5505
s2026,FRA.1.1.0.0.UVG5,UVG5,"VA services, prix courants",Mrd EURO-FRF,1982,341.0617
s2026,FRA.1.1.0.0.UVG5,UVG5,"VA services, prix courants",Mrd EURO-FRF,1983,382.9632
s2026,FRA.1.1.0.0.UVG5,UVG5,"VA services, prix courants",Mrd EURO-FRF,1984,421.4059
s2026,FRA.1.1.0.0.UVG5,UVG5,"VA services, prix courants",Mrd EURO-FRF,1985,451.4962
s2026,FRA.1.1.0.0.UVG5,UVG5,"VA services, prix courants",Mrd EURO-FRF,1986,490.8561
s2026,FRA.1.1.0.0.UVG5,UVG5,"VA services, prix courants",Mrd EURO-FRF,1987,520.3068
s2026,FRA.1.1.0.0.UVG5,UVG5,"VA services, prix courants",Mrd EURO-FRF,1988,564.5944
s2026,FRA.1.1.0.0.UVG5,UVG5,"VA services, prix courants",Mrd EURO-FRF,1989,613.747
s2026,FRA.1.1.0.0.UVG5,UVG5,"VA services, prix courants",Mrd EURO-FRF,1990,649.5763
s2026,FRA.1.1.0.0.UVG5,UVG5,"VA services, prix courants",Mrd EURO-FRF,1991,682.1845
s2026,FRA.1.1.0.0.UVG5,UVG5,"VA services, prix courants",Mrd EURO-FRF,1992,714.6888
s2026,FRA.1.1.0.0.UVG5,UVG5,"VA services, prix courants",Mrd EURO-FRF,1993,738.1047
s2026,FRA.1.1.0.0.UVG5,UVG5,"VA services, prix courants",Mrd EURO-FRF,1994,764.4925
s2026,FRA.1.1.0.0.UVG5,UVG5,"VA services, prix courants",Mrd EURO-FRF,1995,788.8109
s2026,FRA.1.1.0.0.UVG5,UVG5,"VA services, prix courants",Mrd EURO-FRF,1996,814.708
s2026,FRA.1.1.0.0.UVG5,UVG5,"VA services, prix courants",Mrd EURO-FRF,1997,845.5869
s2026,FRA.1.1.0.0.UVG5,UVG5,"VA services, prix courants",Mrd EURO-FRF,1998,883.9648
s2026,FRA.1.1.0.0.UVG5,UVG5,"VA services, prix courants",Mrd EURO-FRF,1999,921.2911
s2026,FRA.1.1.0.0.UVG5,UVG5,"VA services, prix courants",Mrd EURO-FRF,2000,978.6776
s2026,FRA.1.1.0.0.UVG5,UVG5,"VA services, prix courants",Mrd EURO-FRF,2001,1025.4768
s2026,FRA.1.1.0.0.UVG5,UVG5,"VA services, prix courants",Mrd EURO-FRF,2002,1066.0208
s2026,FRA.1.1.0.0.UVG5,UVG5,"VA services, prix courants",Mrd EURO-FRF,2003,1106.2396
s2026,FRA.1.1.0.0.UVG5,UVG5,"VA services, prix courants",Mrd EURO-FRF,2004,1159.1316
s2026,FRA.1.1.0.0.UVG5,UVG5,"VA services, prix courants",Mrd EURO-FRF,2005,1210.7313
s2026,FRA.1.1.0.0.UVG5,UVG5,"VA services, prix courants",Mrd EURO-FRF,2006,1272.0033
s2026,FRA.1.1.0.0.UVG5,UVG5,"VA services, prix courants",Mrd EURO-FRF,2007,1340.5304
s2026,FRA.1.1.0.0.UVG5,UVG5,"VA services, prix courants",Mrd EURO-FRF,2008,1388.3895
s2026,FRA.1.1.0.0.UVG5,UVG5,"VA services, prix courants",Mrd EURO-FRF,2009,1370.8807
s2026,FRA.1.1.0.0.UVG5,UVG5,"VA services, prix courants",Mrd EURO-FRF,2010,1411.4377
s2026,FRA.1.1.0.0.UVG5,UVG5,"VA services, prix courants",Mrd EURO-FRF,2011,1449.2039
s2026,FRA.1.1.0.0.UVG5,UVG5,"VA services, prix courants",Mrd EURO-FRF,2012,1470.0595
s2026,FRA.1.1.0.0.UVG5,UVG5,"VA services, prix courants",Mrd EURO-FRF,2013,1492.9328
s2026,FRA.1.1.0.0.UVG5,UVG5,"VA services, prix courants",Mrd EURO-FRF,2014,1516.8364
s2026,FRA.1.1.0.0.UVG5,UVG5,"VA services, prix courants",Mrd EURO-FRF,2015,1547.7837
s2026,FRA.1.1.0.0.UVG5,UVG5,"VA services, prix courants",Mrd EURO-FRF,2016,1575.7312
s2026,FRA.1.1.0.0.UVG5,UVG5,"VA services, prix courants",Mrd EURO-FRF,2017,1613.0035
s2026,FRA.1.1.0.0.UVG5,UVG5,"VA services, prix courants",Mrd EURO-FRF,2018,1651.9738
s2026,FRA.1.1.0.0.UVG5,UVG5,"VA services, prix courants",Mrd EURO-FRF,2019,1705.2241
s2026,FRA.1.1.0.0.UVG5,UVG5,"VA services, prix courants",Mrd EURO-FRF,2020,1645.4433
s2026,FRA.1.1.0.0.UVG5,UVG5,"VA services, prix courants",Mrd EURO-FRF,2021,1772.5655
s2026,FRA.1.1.0.0.UVG5,UVG5,"VA services, prix courants",Mrd EURO-FRF,2022,1904.4432
s2026,FRA.1.1.0.0.UVG5,UVG5,"VA services, prix courants",Mrd EURO-FRF,2023,1984.5686
s2026,FRA.1.1.0.0.UVG5,UVG5,"VA services, prix courants",Mrd EURO-FRF,2024,2070.6232
s2026,FRA.1.1.0.0.UVG5,UVG5,"VA services, prix courants",Mrd EURO-FRF,2025,2110.7257
s2026,FRA.1.0.0.0.UVGM,UVGM,"VA industrie manufacturière (NACE C), prix courants",Mrd EURO-FRF,1960,10.6095
s2026,FRA.1.0.0.0.UVGM,UVGM,"VA industrie manufacturière (NACE C), prix courants",Mrd EURO-FRF,1961,11.5729
s2026,FRA.1.0.0.0.UVGM,UVGM,"VA industrie manufacturière (NACE C), prix courants",Mrd EURO-FRF,1962,12.5187
s2026,FRA.1.0.0.0.UVGM,UVGM,"VA industrie manufacturière (NACE C), prix courants",Mrd EURO-FRF,1963,13.9255
s2026,FRA.1.0.0.0.UVGM,UVGM,"VA industrie manufacturière (NACE C), prix courants",Mrd EURO-FRF,1964,15.4366
s2026,FRA.1.0.0.0.UVGM,UVGM,"VA industrie manufacturière (NACE C), prix courants",Mrd EURO-FRF,1965,16.4589
s2026,FRA.1.0.0.0.UVGM,UVGM,"VA industrie manufacturière (NACE C), prix courants",Mrd EURO-FRF,1966,17.6956
s2026,FRA.1.0.0.0.UVGM,UVGM,"VA industrie manufacturière (NACE C), prix courants",Mrd EURO-FRF,1967,18.6974
s2026,FRA.1.0.0.0.UVGM,UVGM,"VA industrie manufacturière (NACE C), prix courants",Mrd EURO-FRF,1968,19.8621
s2026,FRA.1.0.0.0.UVGM,UVGM,"VA industrie manufacturière (NACE C), prix courants",Mrd EURO-FRF,1969,22.3813
s2026,FRA.1.0.0.0.UVGM,UVGM,"VA industrie manufacturière (NACE C), prix courants",Mrd EURO-FRF,1970,25.0768
s2026,FRA.1.0.0.0.UVGM,UVGM,"VA industrie manufacturière (NACE C), prix courants",Mrd EURO-FRF,1971,28.2825
s2026,FRA.1.0.0.0.UVGM,UVGM,"VA industrie manufacturière (NACE C), prix courants",Mrd EURO-FRF,1972,30.5744
s2026,FRA.1.0.0.0.UVGM,UVGM,"VA industrie manufacturière (NACE C), prix courants",Mrd EURO-FRF,1973,35.7666
s2026,FRA.1.0.0.0.UVGM,UVGM,"VA industrie manufacturière (NACE C), prix courants",Mrd EURO-FRF,1974,42.1349
s2026,FRA.1.0.0.0.UVGM,UVGM,"VA industrie manufacturière (NACE C), prix courants",Mrd EURO-FRF,1975,45.9611
s2026,FRA.1.0.0.0.UVGM,UVGM,"VA industrie manufacturière (NACE C), prix courants",Mrd EURO-FRF,1976,52.8569
s2026,FRA.1.0.0.0.UVGM,UVGM,"VA industrie manufacturière (NACE C), prix courants",Mrd EURO-FRF,1977,59.2661
s2026,FRA.1.0.0.0.UVGM,UVGM,"VA industrie manufacturière (NACE C), prix courants",Mrd EURO-FRF,1978,66.4879
s2026,FRA.1.0.0.0.UVGM,UVGM,"VA industrie manufacturière (NACE C), prix courants",Mrd EURO-FRF,1979,74.0048
s2026,FRA.1.0.0.0.UVGM,UVGM,"VA industrie manufacturière (NACE C), prix courants",Mrd EURO-FRF,1980,82.1726
s2026,FRA.1.0.0.0.UVGM,UVGM,"VA industrie manufacturière (NACE C), prix courants",Mrd EURO-FRF,1981,90.2946
s2026,FRA.1.0.0.0.UVGM,UVGM,"VA industrie manufacturière (NACE C), prix courants",Mrd EURO-FRF,1982,100.2177
s2026,FRA.1.0.0.0.UVGM,UVGM,"VA industrie manufacturière (NACE C), prix courants",Mrd EURO-FRF,1983,111.2673
s2026,FRA.1.0.0.0.UVGM,UVGM,"VA industrie manufacturière (NACE C), prix courants",Mrd EURO-FRF,1984,119.4096
s2026,FRA.1.0.0.0.UVGM,UVGM,"VA industrie manufacturière (NACE C), prix courants",Mrd EURO-FRF,1985,128.3106
s2026,FRA.1.0.0.0.UVGM,UVGM,"VA industrie manufacturière (NACE C), prix courants",Mrd EURO-FRF,1986,135.3681
s2026,FRA.1.0.0.0.UVGM,UVGM,"VA industrie manufacturière (NACE C), prix courants",Mrd EURO-FRF,1987,138.4782
s2026,FRA.1.0.0.0.UVGM,UVGM,"VA industrie manufacturière (NACE C), prix courants",Mrd EURO-FRF,1988,148.5841
s2026,FRA.1.0.0.0.UVGM,UVGM,"VA industrie manufacturière (NACE C), prix courants",Mrd EURO-FRF,1989,158.2035
s2026,FRA.1.0.0.0.UVGM,UVGM,"VA industrie manufacturière (NACE C), prix courants",Mrd EURO-FRF,1990,167.3079
s2026,FRA.1.0.0.0.UVGM,UVGM,"VA industrie manufacturière (NACE C), prix courants",Mrd EURO-FRF,1991,170.4397
s2026,FRA.1.0.0.0.UVGM,UVGM,"VA industrie manufacturière (NACE C), prix courants",Mrd EURO-FRF,1992,172.8329
s2026,FRA.1.0.0.0.UVGM,UVGM,"VA industrie manufacturière (NACE C), prix courants",Mrd EURO-FRF,1993,168.7426
s2026,FRA.1.0.0.0.UVGM,UVGM,"VA industrie manufacturière (NACE C), prix courants",Mrd EURO-FRF,1994,169.9464
s2026,FRA.1.0.0.0.UVGM,UVGM,"VA industrie manufacturière (NACE C), prix courants",Mrd EURO-FRF,1995,178.4862
s2026,FRA.1.0.0.0.UVGM,UVGM,"VA industrie manufacturière (NACE C), prix courants",Mrd EURO-FRF,1996,178.1011
s2026,FRA.1.0.0.0.UVGM,UVGM,"VA industrie manufacturière (NACE C), prix courants",Mrd EURO-FRF,1997,187.3533
s2026,FRA.1.0.0.0.UVGM,UVGM,"VA industrie manufacturière (NACE C), prix courants",Mrd EURO-FRF,1998,195.3132
s2026,FRA.1.0.0.0.UVGM,UVGM,"VA industrie manufacturière (NACE C), prix courants",Mrd EURO-FRF,1999,199.6745
s2026,FRA.1.0.0.0.UVGM,UVGM,"VA industrie manufacturière (NACE C), prix courants",Mrd EURO-FRF,2000,212.0073
s2026,FRA.1.0.0.0.UVGM,UVGM,"VA industrie manufacturière (NACE C), prix courants",Mrd EURO-FRF,2001,213.1336
s2026,FRA.1.0.0.0.UVGM,UVGM,"VA industrie manufacturière (NACE C), prix courants",Mrd EURO-FRF,2002,212.4402
s2026,FRA.1.0.0.0.UVGM,UVGM,"VA industrie manufacturière (NACE C), prix courants",Mrd EURO-FRF,2003,210.7752
s2026,FRA.1.0.0.0.UVGM,UVGM,"VA industrie manufacturière (NACE C), prix courants",Mrd EURO-FRF,2004,213.1536
s2026,FRA.1.0.0.0.UVGM,UVGM,"VA industrie manufacturière (NACE C), prix courants",Mrd EURO-FRF,2005,214.0051
s2026,FRA.1.0.0.0.UVGM,UVGM,"VA industrie manufacturière (NACE C), prix courants",Mrd EURO-FRF,2006,214.859
s2026,FRA.1.0.0.0.UVGM,UVGM,"VA industrie manufacturière (NACE C), prix courants",Mrd EURO-FRF,2007,224.4046
s2026,FRA.1.0.0.0.UVGM,UVGM,"VA industrie manufacturière (NACE C), prix courants",Mrd EURO-FRF,2008,220.2527
s2026,FRA.1.0.0.0.UVGM,UVGM,"VA industrie manufacturière (NACE C), prix courants",Mrd EURO-FRF,2009,203.6828
s2026,FRA.1.0.0.0.UVGM,UVGM,"VA industrie manufacturière (NACE C), prix courants",Mrd EURO-FRF,2010,205.1473
s2026,FRA.1.0.0.0.UVGM,UVGM,"VA industrie manufacturière (NACE C), prix courants",Mrd EURO-FRF,2011,212.6745
s2026,FRA.1.0.0.0.UVGM,UVGM,"VA industrie manufacturière (NACE C), prix courants",Mrd EURO-FRF,2012,213.9884
s2026,FRA.1.0.0.0.UVGM,UVGM,"VA industrie manufacturière (NACE C), prix courants",Mrd EURO-FRF,2013,217.4071
s2026,FRA.1.0.0.0.UVGM,UVGM,"VA industrie manufacturière (NACE C), prix courants",Mrd EURO-FRF,2014,219.2823
s2026,FRA.1.0.0.0.UVGM,UVGM,"VA industrie manufacturière (NACE C), prix courants",Mrd EURO-FRF,2015,227.1827
s2026,FRA.1.0.0.0.UVGM,UVGM,"VA industrie manufacturière (NACE C), prix courants",Mrd EURO-FRF,2016,226.8696
s2026,FRA.1.0.0.0.UVGM,UVGM,"VA industrie manufacturière (NACE C), prix courants",Mrd EURO-FRF,2017,229.3984
s2026,FRA.1.0.0.0.UVGM,UVGM,"VA industrie manufacturière (NACE C), prix courants",Mrd EURO-FRF,2018,232.856
s2026,FRA.1.0.0.0.UVGM,UVGM,"VA industrie manufacturière (NACE C), prix courants",Mrd EURO-FRF,2019,241.0548
s2026,FRA.1.0.0.0.UVGM,UVGM,"VA industrie manufacturière (NACE C), prix courants",Mrd EURO-FRF,2020,214.3401
s2026,FRA.1.0.0.0.UVGM,UVGM,"VA industrie manufacturière (NACE C), prix courants",Mrd EURO-FRF,2021,228.1326
s2026,FRA.1.0.0.0.UVGM,UVGM,"VA industrie manufacturière (NACE C), prix courants",Mrd EURO-FRF,2022,246.8579
s2026,FRA.1.0.0.0.UVGM,UVGM,"VA industrie manufacturière (NACE C), prix courants",Mrd EURO-FRF,2023,276.1165
s2026,FRA.1.0.0.0.UVGM,UVGM,"VA industrie manufacturière (NACE C), prix courants",Mrd EURO-FRF,2024,279.3315
s2026,FRA.1.0.0.0.UVGM,UVGM,"VA industrie manufacturière (NACE C), prix courants",Mrd EURO-FRF,2025,282.6027
s2026,FRA.1.1.0.0.OVG0,OVG0,"VA brute, total des branches, prix de 2020",Mrd EURO-FRF,1960,433.1693
s2026,FRA.1.1.0.0.OVG0,OVG0,"VA brute, total des branches, prix de 2020",Mrd EURO-FRF,1961,454.0274
s2026,FRA.1.1.0.0.OVG0,OVG0,"VA brute, total des branches, prix de 2020",Mrd EURO-FRF,1962,483.2495
s2026,FRA.1.1.0.0.OVG0,OVG0,"VA brute, total des branches, prix de 2020",Mrd EURO-FRF,1963,510.2591
s2026,FRA.1.1.0.0.OVG0,OVG0,"VA brute, total des branches, prix de 2020",Mrd EURO-FRF,1964,542.0032
s2026,FRA.1.1.0.0.OVG0,OVG0,"VA brute, total des branches, prix de 2020",Mrd EURO-FRF,1965,568.4077
s2026,FRA.1.1.0.0.OVG0,OVG0,"VA brute, total des branches, prix de 2020",Mrd EURO-FRF,1966,596.7841
s2026,FRA.1.1.0.0.OVG0,OVG0,"VA brute, total des branches, prix de 2020",Mrd EURO-FRF,1967,626.3898
s2026,FRA.1.1.0.0.OVG0,OVG0,"VA brute, total des branches, prix de 2020",Mrd EURO-FRF,1968,662.5714
s2026,FRA.1.1.0.0.OVG0,OVG0,"VA brute, total des branches, prix de 2020",Mrd EURO-FRF,1969,707.1497
s2026,FRA.1.1.0.0.OVG0,OVG0,"VA brute, total des branches, prix de 2020",Mrd EURO-FRF,1970,755.7938
s2026,FRA.1.1.0.0.OVG0,OVG0,"VA brute, total des branches, prix de 2020",Mrd EURO-FRF,1971,796.23351
s2026,FRA.1.1.0.0.OVG0,OVG0,"VA brute, total des branches, prix de 2020",Mrd EURO-FRF,1972,828.2968
s2026,FRA.1.1.0.0.OVG0,OVG0,"VA brute, total des branches, prix de 2020",Mrd EURO-FRF,1973,879.4398
s2026,FRA.1.1.0.0.OVG0,OVG0,"VA brute, total des branches, prix de 2020",Mrd EURO-FRF,1974,930.4088
s2026,FRA.1.1.0.0.OVG0,OVG0,"VA brute, total des branches, prix de 2020",Mrd EURO-FRF,1975,917.841
s2026,FRA.1.1.0.0.OVG0,OVG0,"VA brute, total des branches, prix de 2020",Mrd EURO-FRF,1976,951.7039
s2026,FRA.1.1.0.0.OVG0,OVG0,"VA brute, total des branches, prix de 2020",Mrd EURO-FRF,1977,992.9757
s2026,FRA.1.1.0.0.OVG0,OVG0,"VA brute, total des branches, prix de 2020",Mrd EURO-FRF,1978,1026.2973
s2026,FRA.1.1.0.0.OVG0,OVG0,"VA brute, total des branches, prix de 2020",Mrd EURO-FRF,1979,1057.8464
s2026,FRA.1.1.0.0.OVG0,OVG0,"VA brute, total des branches, prix de 2020",Mrd EURO-FRF,1980,1080.9336
s2026,FRA.1.1.0.0.OVG0,OVG0,"VA brute, total des branches, prix de 2020",Mrd EURO-FRF,1981,1094.7111
s2026,FRA.1.1.0.0.OVG0,OVG0,"VA brute, total des branches, prix de 2020",Mrd EURO-FRF,1982,1120.1492
s2026,FRA.1.1.0.0.OVG0,OVG0,"VA brute, total des branches, prix de 2020",Mrd EURO-FRF,1983,1134.6965
s2026,FRA.1.1.0.0.OVG0,OVG0,"VA brute, total des branches, prix de 2020",Mrd EURO-FRF,1984,1153.756
s2026,FRA.1.1.0.0.OVG0,OVG0,"VA brute, total des branches, prix de 2020",Mrd EURO-FRF,1985,1171.3883
s2026,FRA.1.1.0.0.OVG0,OVG0,"VA brute, total des branches, prix de 2020",Mrd EURO-FRF,1986,1196.2865
s2026,FRA.1.1.0.0.OVG0,OVG0,"VA brute, total des branches, prix de 2020",Mrd EURO-FRF,1987,1222.1887
s2026,FRA.1.1.0.0.OVG0,OVG0,"VA brute, total des branches, prix de 2020",Mrd EURO-FRF,1988,1277.6546
s2026,FRA.1.1.0.0.OVG0,OVG0,"VA brute, total des branches, prix de 2020",Mrd EURO-FRF,1989,1337.4289
s2026,FRA.1.1.0.0.OVG0,OVG0,"VA brute, total des branches, prix de 2020",Mrd EURO-FRF,1990,1376.8397
s2026,FRA.1.1.0.0.OVG0,OVG0,"VA brute, total des branches, prix de 2020",Mrd EURO-FRF,1991,1394.6717
s2026,FRA.1.1.0.0.OVG0,OVG0,"VA brute, total des branches, prix de 2020",Mrd EURO-FRF,1992,1419.9332
s2026,FRA.1.1.0.0.OVG0,OVG0,"VA brute, total des branches, prix de 2020",Mrd EURO-FRF,1993,1415.6481
s2026,FRA.1.1.0.0.OVG0,OVG0,"VA brute, total des branches, prix de 2020",Mrd EURO-FRF,1994,1444.9161
s2026,FRA.1.1.0.0.OVG0,OVG0,"VA brute, total des branches, prix de 2020",Mrd EURO-FRF,1995,1480.5437
s2026,FRA.1.1.0.0.OVG0,OVG0,"VA brute, total des branches, prix de 2020",Mrd EURO-FRF,1996,1502.2564
s2026,FRA.1.1.0.0.OVG0,OVG0,"VA brute, total des branches, prix de 2020",Mrd EURO-FRF,1997,1540.0229
s2026,FRA.1.1.0.0.OVG0,OVG0,"VA brute, total des branches, prix de 2020",Mrd EURO-FRF,1998,1594.2395
s2026,FRA.1.1.0.0.OVG0,OVG0,"VA brute, total des branches, prix de 2020",Mrd EURO-FRF,1999,1648.7233
s2026,FRA.1.1.0.0.OVG0,OVG0,"VA brute, total des branches, prix de 2020",Mrd EURO-FRF,2000,1716.8038
s2026,FRA.1.1.0.0.OVG0,OVG0,"VA brute, total des branches, prix de 2020",Mrd EURO-FRF,2001,1749.11191
s2026,FRA.1.1.0.0.OVG0,OVG0,"VA brute, total des branches, prix de 2020",Mrd EURO-FRF,2002,1767.1029
s2026,FRA.1.1.0.0.OVG0,OVG0,"VA brute, total des branches, prix de 2020",Mrd EURO-FRF,2003,1782.907
s2026,FRA.1.1.0.0.OVG0,OVG0,"VA brute, total des branches, prix de 2020",Mrd EURO-FRF,2004,1837.7161
s2026,FRA.1.1.0.0.OVG0,OVG0,"VA brute, total des branches, prix de 2020",Mrd EURO-FRF,2005,1869.7104
s2026,FRA.1.1.0.0.OVG0,OVG0,"VA brute, total des branches, prix de 2020",Mrd EURO-FRF,2006,1920.7743
s2026,FRA.1.1.0.0.OVG0,OVG0,"VA brute, total des branches, prix de 2020",Mrd EURO-FRF,2007,1971.6762
s2026,FRA.1.1.0.0.OVG0,OVG0,"VA brute, total des branches, prix de 2020",Mrd EURO-FRF,2008,1984.1531
s2026,FRA.1.1.0.0.OVG0,OVG0,"VA brute, total des branches, prix de 2020",Mrd EURO-FRF,2009,1932.1765
s2026,FRA.1.1.0.0.OVG0,OVG0,"VA brute, total des branches, prix de 2020",Mrd EURO-FRF,2010,1966.8502
s2026,FRA.1.1.0.0.OVG0,OVG0,"VA brute, total des branches, prix de 2020",Mrd EURO-FRF,2011,2016.6994
s2026,FRA.1.1.0.0.OVG0,OVG0,"VA brute, total des branches, prix de 2020",Mrd EURO-FRF,2012,2024.705
s2026,FRA.1.1.0.0.OVG0,OVG0,"VA brute, total des branches, prix de 2020",Mrd EURO-FRF,2013,2041.3977
s2026,FRA.1.1.0.0.OVG0,OVG0,"VA brute, total des branches, prix de 2020",Mrd EURO-FRF,2014,2065.8873
s2026,FRA.1.1.0.0.OVG0,OVG0,"VA brute, total des branches, prix de 2020",Mrd EURO-FRF,2015,2082.8161
s2026,FRA.1.1.0.0.OVG0,OVG0,"VA brute, total des branches, prix de 2020",Mrd EURO-FRF,2016,2096.9734
s2026,FRA.1.1.0.0.OVG0,OVG0,"VA brute, total des branches, prix de 2020",Mrd EURO-FRF,2017,2137.9714
s2026,FRA.1.1.0.0.OVG0,OVG0,"VA brute, total des branches, prix de 2020",Mrd EURO-FRF,2018,2172.6669
s2026,FRA.1.1.0.0.OVG0,OVG0,"VA brute, total des branches, prix de 2020",Mrd EURO-FRF,2019,2218.4218
s2026,FRA.1.1.0.0.OVG0,OVG0,"VA brute, total des branches, prix de 2020",Mrd EURO-FRF,2020,2056.5452
s2026,FRA.1.1.0.0.OVG0,OVG0,"VA brute, total des branches, prix de 2020",Mrd EURO-FRF,2021,2191.1025
s2026,FRA.1.1.0.0.OVG0,OVG0,"VA brute, total des branches, prix de 2020",Mrd EURO-FRF,2022,2256.2687
s2026,FRA.1.1.0.0.OVG0,OVG0,"VA brute, total des branches, prix de 2020",Mrd EURO-FRF,2023,2301.2832
s2026,FRA.1.1.0.0.OVG0,OVG0,"VA brute, total des branches, prix de 2020",Mrd EURO-FRF,2024,2336.6571
s2026,FRA.1.1.0.0.OVG0,OVG0,"VA brute, total des branches, prix de 2020",Mrd EURO-FRF,2025,2352.4767
s2026,FRA.1.1.0.0.OVG1,OVG1,"VA agriculture, prix de 2020",Mrd EURO-FRF,1960,14.5056
s2026,FRA.1.1.0.0.OVG1,OVG1,"VA agriculture, prix de 2020",Mrd EURO-FRF,1961,13.7016
s2026,FRA.1.1.0.0.OVG1,OVG1,"VA agriculture, prix de 2020",Mrd EURO-FRF,1962,14.9357
s2026,FRA.1.1.0.0.OVG1,OVG1,"VA agriculture, prix de 2020",Mrd EURO-FRF,1963,14.1099
s2026,FRA.1.1.0.0.OVG1,OVG1,"VA agriculture, prix de 2020",Mrd EURO-FRF,1964,14.2188
s2026,FRA.1.1.0.0.OVG1,OVG1,"VA agriculture, prix de 2020",Mrd EURO-FRF,1965,14.708
s2026,FRA.1.1.0.0.OVG1,OVG1,"VA agriculture, prix de 2020",Mrd EURO-FRF,1966,14.58699
s2026,FRA.1.1.0.0.OVG1,OVG1,"VA agriculture, prix de 2020",Mrd EURO-FRF,1967,15.7042
s2026,FRA.1.1.0.0.OVG1,OVG1,"VA agriculture, prix de 2020",Mrd EURO-FRF,1968,16.3812
s2026,FRA.1.1.0.0.OVG1,OVG1,"VA agriculture, prix de 2020",Mrd EURO-FRF,1969,16.0026
s2026,FRA.1.1.0.0.OVG1,OVG1,"VA agriculture, prix de 2020",Mrd EURO-FRF,1970,16.38489
s2026,FRA.1.1.0.0.OVG1,OVG1,"VA agriculture, prix de 2020",Mrd EURO-FRF,1971,16.34059
s2026,FRA.1.1.0.0.OVG1,OVG1,"VA agriculture, prix de 2020",Mrd EURO-FRF,1972,17.58219
s2026,FRA.1.1.0.0.OVG1,OVG1,"VA agriculture, prix de 2020",Mrd EURO-FRF,1973,18.83759
s2026,FRA.1.1.0.0.OVG1,OVG1,"VA agriculture, prix de 2020",Mrd EURO-FRF,1974,18.0553
s2026,FRA.1.1.0.0.OVG1,OVG1,"VA agriculture, prix de 2020",Mrd EURO-FRF,1975,16.95439
s2026,FRA.1.1.0.0.OVG1,OVG1,"VA agriculture, prix de 2020",Mrd EURO-FRF,1976,16.469
s2026,FRA.1.1.0.0.OVG1,OVG1,"VA agriculture, prix de 2020",Mrd EURO-FRF,1977,16.84089
s2026,FRA.1.1.0.0.OVG1,OVG1,"VA agriculture, prix de 2020",Mrd EURO-FRF,1978,19.3075
s2026,FRA.1.1.0.0.OVG1,OVG1,"VA agriculture, prix de 2020",Mrd EURO-FRF,1979,21.00419
s2026,FRA.1.1.0.0.OVG1,OVG1,"VA agriculture, prix de 2020",Mrd EURO-FRF,1980,20.677
s2026,FRA.1.1.0.0.OVG1,OVG1,"VA agriculture, prix de 2020",Mrd EURO-FRF,1981,20.4572
s2026,FRA.1.1.0.0.OVG1,OVG1,"VA agriculture, prix de 2020",Mrd EURO-FRF,1982,23.9159
s2026,FRA.1.1.0.0.OVG1,OVG1,"VA agriculture, prix de 2020",Mrd EURO-FRF,1983,22.3101
s2026,FRA.1.1.0.0.OVG1,OVG1,"VA agriculture, prix de 2020",Mrd EURO-FRF,1984,23.4183
s2026,FRA.1.1.0.0.OVG1,OVG1,"VA agriculture, prix de 2020",Mrd EURO-FRF,1985,24.7949
s2026,FRA.1.1.0.0.OVG1,OVG1,"VA agriculture, prix de 2020",Mrd EURO-FRF,1986,24.8324
s2026,FRA.1.1.0.0.OVG1,OVG1,"VA agriculture, prix de 2020",Mrd EURO-FRF,1987,25.62639
s2026,FRA.1.1.0.0.OVG1,OVG1,"VA agriculture, prix de 2020",Mrd EURO-FRF,1988,25.22369
s2026,FRA.1.1.0.0.OVG1,OVG1,"VA agriculture, prix de 2020",Mrd EURO-FRF,1989,26.25389
s2026,FRA.1.1.0.0.OVG1,OVG1,"VA agriculture, prix de 2020",Mrd EURO-FRF,1990,28.06439
s2026,FRA.1.1.0.0.OVG1,OVG1,"VA agriculture, prix de 2020",Mrd EURO-FRF,1991,25.43719
s2026,FRA.1.1.0.0.OVG1,OVG1,"VA agriculture, prix de 2020",Mrd EURO-FRF,1992,29.21899
s2026,FRA.1.1.0.0.OVG1,OVG1,"VA agriculture, prix de 2020",Mrd EURO-FRF,1993,27.4874
s2026,FRA.1.1.0.0.OVG1,OVG1,"VA agriculture, prix de 2020",Mrd EURO-FRF,1994,27.64449
s2026,FRA.1.1.0.0.OVG1,OVG1,"VA agriculture, prix de 2020",Mrd EURO-FRF,1995,28.8927
s2026,FRA.1.1.0.0.OVG1,OVG1,"VA agriculture, prix de 2020",Mrd EURO-FRF,1996,30.85209
s2026,FRA.1.1.0.0.OVG1,OVG1,"VA agriculture, prix de 2020",Mrd EURO-FRF,1997,30.8821
s2026,FRA.1.1.0.0.OVG1,OVG1,"VA agriculture, prix de 2020",Mrd EURO-FRF,1998,31.8502
s2026,FRA.1.1.0.0.OVG1,OVG1,"VA agriculture, prix de 2020",Mrd EURO-FRF,1999,33.4883
s2026,FRA.1.1.0.0.OVG1,OVG1,"VA agriculture, prix de 2020",Mrd EURO-FRF,2000,33.3543
s2026,FRA.1.1.0.0.OVG1,OVG1,"VA agriculture, prix de 2020",Mrd EURO-FRF,2001,32.5058
s2026,FRA.1.1.0.0.OVG1,OVG1,"VA agriculture, prix de 2020",Mrd EURO-FRF,2002,34.24179
s2026,FRA.1.1.0.0.OVG1,OVG1,"VA agriculture, prix de 2020",Mrd EURO-FRF,2003,28.9681
s2026,FRA.1.1.0.0.OVG1,OVG1,"VA agriculture, prix de 2020",Mrd EURO-FRF,2004,35.1692
s2026,FRA.1.1.0.0.OVG1,OVG1,"VA agriculture, prix de 2020",Mrd EURO-FRF,2005,33.1695
s2026,FRA.1.1.0.0.OVG1,OVG1,"VA agriculture, prix de 2020",Mrd EURO-FRF,2006,33.36049
s2026,FRA.1.1.0.0.OVG1,OVG1,"VA agriculture, prix de 2020",Mrd EURO-FRF,2007,33.1073
s2026,FRA.1.1.0.0.OVG1,OVG1,"VA agriculture, prix de 2020",Mrd EURO-FRF,2008,34.48019
s2026,FRA.1.1.0.0.OVG1,OVG1,"VA agriculture, prix de 2020",Mrd EURO-FRF,2009,36.619
s2026,FRA.1.1.0.0.OVG1,OVG1,"VA agriculture, prix de 2020",Mrd EURO-FRF,2010,35.54499
s2026,FRA.1.1.0.0.OVG1,OVG1,"VA agriculture, prix de 2020",Mrd EURO-FRF,2011,37.1145
s2026,FRA.1.1.0.0.OVG1,OVG1,"VA agriculture, prix de 2020",Mrd EURO-FRF,2012,33.9141
s2026,FRA.1.1.0.0.OVG1,OVG1,"VA agriculture, prix de 2020",Mrd EURO-FRF,2013,33.3026
s2026,FRA.1.1.0.0.OVG1,OVG1,"VA agriculture, prix de 2020",Mrd EURO-FRF,2014,38.2721
s2026,FRA.1.1.0.0.OVG1,OVG1,"VA agriculture, prix de 2020",Mrd EURO-FRF,2015,38.2265
s2026,FRA.1.1.0.0.OVG1,OVG1,"VA agriculture, prix de 2020",Mrd EURO-FRF,2016,33.2983
s2026,FRA.1.1.0.0.OVG1,OVG1,"VA agriculture, prix de 2020",Mrd EURO-FRF,2017,35.94789
s2026,FRA.1.1.0.0.OVG1,OVG1,"VA agriculture, prix de 2020",Mrd EURO-FRF,2018,37.29269
s2026,FRA.1.1.0.0.OVG1,OVG1,"VA agriculture, prix de 2020",Mrd EURO-FRF,2019,36.4107
s2026,FRA.1.1.0.0.OVG1,OVG1,"VA agriculture, prix de 2020",Mrd EURO-FRF,2020,33.8569
s2026,FRA.1.1.0.0.OVG1,OVG1,"VA agriculture, prix de 2020",Mrd EURO-FRF,2021,32.2313
s2026,FRA.1.1.0.0.OVG1,OVG1,"VA agriculture, prix de 2020",Mrd EURO-FRF,2022,34.44499
s2026,FRA.1.1.0.0.OVG1,OVG1,"VA agriculture, prix de 2020",Mrd EURO-FRF,2023,34.9289
s2026,FRA.1.1.0.0.OVG1,OVG1,"VA agriculture, prix de 2020",Mrd EURO-FRF,2024,29.7642
s2026,FRA.1.1.0.0.OVG1,OVG1,"VA agriculture, prix de 2020",Mrd EURO-FRF,2025,31.8328
s2026,FRA.1.1.0.0.OVG2,OVG2,"VA industrie hors construction (NACE B-E), prix de 2020",Mrd EURO-FRF,1960,58.525
s2026,FRA.1.1.0.0.OVG2,OVG2,"VA industrie hors construction (NACE B-E), prix de 2020",Mrd EURO-FRF,1961,62.0145
s2026,FRA.1.1.0.0.OVG2,OVG2,"VA industrie hors construction (NACE B-E), prix de 2020",Mrd EURO-FRF,1962,66.2819
s2026,FRA.1.1.0.0.OVG2,OVG2,"VA industrie hors construction (NACE B-E), prix de 2020",Mrd EURO-FRF,1963,72.4055
s2026,FRA.1.1.0.0.OVG2,OVG2,"VA industrie hors construction (NACE B-E), prix de 2020",Mrd EURO-FRF,1964,77.19971
s2026,FRA.1.1.0.0.OVG2,OVG2,"VA industrie hors construction (NACE B-E), prix de 2020",Mrd EURO-FRF,1965,81.6658
s2026,FRA.1.1.0.0.OVG2,OVG2,"VA industrie hors construction (NACE B-E), prix de 2020",Mrd EURO-FRF,1966,87.595
s2026,FRA.1.1.0.0.OVG2,OVG2,"VA industrie hors construction (NACE B-E), prix de 2020",Mrd EURO-FRF,1967,90.8903
s2026,FRA.1.1.0.0.OVG2,OVG2,"VA industrie hors construction (NACE B-E), prix de 2020",Mrd EURO-FRF,1968,97.4968
s2026,FRA.1.1.0.0.OVG2,OVG2,"VA industrie hors construction (NACE B-E), prix de 2020",Mrd EURO-FRF,1969,107.0017
s2026,FRA.1.1.0.0.OVG2,OVG2,"VA industrie hors construction (NACE B-E), prix de 2020",Mrd EURO-FRF,1970,117.4044
s2026,FRA.1.1.0.0.OVG2,OVG2,"VA industrie hors construction (NACE B-E), prix de 2020",Mrd EURO-FRF,1971,125.5088
s2026,FRA.1.1.0.0.OVG2,OVG2,"VA industrie hors construction (NACE B-E), prix de 2020",Mrd EURO-FRF,1972,127.94091
s2026,FRA.1.1.0.0.OVG2,OVG2,"VA industrie hors construction (NACE B-E), prix de 2020",Mrd EURO-FRF,1973,135.9748
s2026,FRA.1.1.0.0.OVG2,OVG2,"VA industrie hors construction (NACE B-E), prix de 2020",Mrd EURO-FRF,1974,147.0108
s2026,FRA.1.1.0.0.OVG2,OVG2,"VA industrie hors construction (NACE B-E), prix de 2020",Mrd EURO-FRF,1975,142.6091
s2026,FRA.1.1.0.0.OVG2,OVG2,"VA industrie hors construction (NACE B-E), prix de 2020",Mrd EURO-FRF,1976,150.8593
s2026,FRA.1.1.0.0.OVG2,OVG2,"VA industrie hors construction (NACE B-E), prix de 2020",Mrd EURO-FRF,1977,157.655
s2026,FRA.1.1.0.0.OVG2,OVG2,"VA industrie hors construction (NACE B-E), prix de 2020",Mrd EURO-FRF,1978,160.4962
s2026,FRA.1.1.0.0.OVG2,OVG2,"VA industrie hors construction (NACE B-E), prix de 2020",Mrd EURO-FRF,1979,164.7975
s2026,FRA.1.1.0.0.OVG2,OVG2,"VA industrie hors construction (NACE B-E), prix de 2020",Mrd EURO-FRF,1980,165.4267
s2026,FRA.1.1.0.0.OVG2,OVG2,"VA industrie hors construction (NACE B-E), prix de 2020",Mrd EURO-FRF,1981,164.5103
s2026,FRA.1.1.0.0.OVG2,OVG2,"VA industrie hors construction (NACE B-E), prix de 2020",Mrd EURO-FRF,1982,164.8476
s2026,FRA.1.1.0.0.OVG2,OVG2,"VA industrie hors construction (NACE B-E), prix de 2020",Mrd EURO-FRF,1983,168.0906
s2026,FRA.1.1.0.0.OVG2,OVG2,"VA industrie hors construction (NACE B-E), prix de 2020",Mrd EURO-FRF,1984,168.9628
s2026,FRA.1.1.0.0.OVG2,OVG2,"VA industrie hors construction (NACE B-E), prix de 2020",Mrd EURO-FRF,1985,170.9804
s2026,FRA.1.1.0.0.OVG2,OVG2,"VA industrie hors construction (NACE B-E), prix de 2020",Mrd EURO-FRF,1986,170.9425
s2026,FRA.1.1.0.0.OVG2,OVG2,"VA industrie hors construction (NACE B-E), prix de 2020",Mrd EURO-FRF,1987,172.3436
s2026,FRA.1.1.0.0.OVG2,OVG2,"VA industrie hors construction (NACE B-E), prix de 2020",Mrd EURO-FRF,1988,180.252
s2026,FRA.1.1.0.0.OVG2,OVG2,"VA industrie hors construction (NACE B-E), prix de 2020",Mrd EURO-FRF,1989,188.5243
s2026,FRA.1.1.0.0.OVG2,OVG2,"VA industrie hors construction (NACE B-E), prix de 2020",Mrd EURO-FRF,1990,195.7391
s2026,FRA.1.1.0.0.OVG2,OVG2,"VA industrie hors construction (NACE B-E), prix de 2020",Mrd EURO-FRF,1991,198.579
s2026,FRA.1.1.0.0.OVG2,OVG2,"VA industrie hors construction (NACE B-E), prix de 2020",Mrd EURO-FRF,1992,200.2607
s2026,FRA.1.1.0.0.OVG2,OVG2,"VA industrie hors construction (NACE B-E), prix de 2020",Mrd EURO-FRF,1993,196.24291
s2026,FRA.1.1.0.0.OVG2,OVG2,"VA industrie hors construction (NACE B-E), prix de 2020",Mrd EURO-FRF,1994,201.1385
s2026,FRA.1.1.0.0.OVG2,OVG2,"VA industrie hors construction (NACE B-E), prix de 2020",Mrd EURO-FRF,1995,209.9884
s2026,FRA.1.1.0.0.OVG2,OVG2,"VA industrie hors construction (NACE B-E), prix de 2020",Mrd EURO-FRF,1996,213.6527
s2026,FRA.1.1.0.0.OVG2,OVG2,"VA industrie hors construction (NACE B-E), prix de 2020",Mrd EURO-FRF,1997,221.3141
s2026,FRA.1.1.0.0.OVG2,OVG2,"VA industrie hors construction (NACE B-E), prix de 2020",Mrd EURO-FRF,1998,233.7823
s2026,FRA.1.1.0.0.OVG2,OVG2,"VA industrie hors construction (NACE B-E), prix de 2020",Mrd EURO-FRF,1999,242.81661
s2026,FRA.1.1.0.0.OVG2,OVG2,"VA industrie hors construction (NACE B-E), prix de 2020",Mrd EURO-FRF,2000,254.7295
s2026,FRA.1.1.0.0.OVG2,OVG2,"VA industrie hors construction (NACE B-E), prix de 2020",Mrd EURO-FRF,2001,259.0335
s2026,FRA.1.1.0.0.OVG2,OVG2,"VA industrie hors construction (NACE B-E), prix de 2020",Mrd EURO-FRF,2002,260.87241
s2026,FRA.1.1.0.0.OVG2,OVG2,"VA industrie hors construction (NACE B-E), prix de 2020",Mrd EURO-FRF,2003,265.6536
s2026,FRA.1.1.0.0.OVG2,OVG2,"VA industrie hors construction (NACE B-E), prix de 2020",Mrd EURO-FRF,2004,272.55391
s2026,FRA.1.1.0.0.OVG2,OVG2,"VA industrie hors construction (NACE B-E), prix de 2020",Mrd EURO-FRF,2005,275.119
s2026,FRA.1.1.0.0.OVG2,OVG2,"VA industrie hors construction (NACE B-E), prix de 2020",Mrd EURO-FRF,2006,279.7795
s2026,FRA.1.1.0.0.OVG2,OVG2,"VA industrie hors construction (NACE B-E), prix de 2020",Mrd EURO-FRF,2007,285.17521
s2026,FRA.1.1.0.0.OVG2,OVG2,"VA industrie hors construction (NACE B-E), prix de 2020",Mrd EURO-FRF,2008,275.1895
s2026,FRA.1.1.0.0.OVG2,OVG2,"VA industrie hors construction (NACE B-E), prix de 2020",Mrd EURO-FRF,2009,256.0876
s2026,FRA.1.1.0.0.OVG2,OVG2,"VA industrie hors construction (NACE B-E), prix de 2020",Mrd EURO-FRF,2010,260.57371
s2026,FRA.1.1.0.0.OVG2,OVG2,"VA industrie hors construction (NACE B-E), prix de 2020",Mrd EURO-FRF,2011,268.4884
s2026,FRA.1.1.0.0.OVG2,OVG2,"VA industrie hors construction (NACE B-E), prix de 2020",Mrd EURO-FRF,2012,268.67271
s2026,FRA.1.1.0.0.OVG2,OVG2,"VA industrie hors construction (NACE B-E), prix de 2020",Mrd EURO-FRF,2013,271.2828
s2026,FRA.1.1.0.0.OVG2,OVG2,"VA industrie hors construction (NACE B-E), prix de 2020",Mrd EURO-FRF,2014,273.1968
s2026,FRA.1.1.0.0.OVG2,OVG2,"VA industrie hors construction (NACE B-E), prix de 2020",Mrd EURO-FRF,2015,273.2158
s2026,FRA.1.1.0.0.OVG2,OVG2,"VA industrie hors construction (NACE B-E), prix de 2020",Mrd EURO-FRF,2016,272.5027
s2026,FRA.1.1.0.0.OVG2,OVG2,"VA industrie hors construction (NACE B-E), prix de 2020",Mrd EURO-FRF,2017,275.0997
s2026,FRA.1.1.0.0.OVG2,OVG2,"VA industrie hors construction (NACE B-E), prix de 2020",Mrd EURO-FRF,2018,281.66291
s2026,FRA.1.1.0.0.OVG2,OVG2,"VA industrie hors construction (NACE B-E), prix de 2020",Mrd EURO-FRF,2019,286.24101
s2026,FRA.1.1.0.0.OVG2,OVG2,"VA industrie hors construction (NACE B-E), prix de 2020",Mrd EURO-FRF,2020,261.238
s2026,FRA.1.1.0.0.OVG2,OVG2,"VA industrie hors construction (NACE B-E), prix de 2020",Mrd EURO-FRF,2021,278.5361
s2026,FRA.1.1.0.0.OVG2,OVG2,"VA industrie hors construction (NACE B-E), prix de 2020",Mrd EURO-FRF,2022,252.19731
s2026,FRA.1.1.0.0.OVG2,OVG2,"VA industrie hors construction (NACE B-E), prix de 2020",Mrd EURO-FRF,2023,271.9256
s2026,FRA.1.1.0.0.OVG2,OVG2,"VA industrie hors construction (NACE B-E), prix de 2020",Mrd EURO-FRF,2024,281.4761
s2026,FRA.1.1.0.0.OVG2,OVG2,"VA industrie hors construction (NACE B-E), prix de 2020",Mrd EURO-FRF,2025,280.31581
s2026,FRA.1.1.0.0.OVG4,OVG4,"VA construction, prix de 2020",Mrd EURO-FRF,1960,53.1379
s2026,FRA.1.1.0.0.OVG4,OVG4,"VA construction, prix de 2020",Mrd EURO-FRF,1961,58.6022
s2026,FRA.1.1.0.0.OVG4,OVG4,"VA construction, prix de 2020",Mrd EURO-FRF,1962,62.2986
s2026,FRA.1.1.0.0.OVG4,OVG4,"VA construction, prix de 2020",Mrd EURO-FRF,1963,64.8804
s2026,FRA.1.1.0.0.OVG4,OVG4,"VA construction, prix de 2020",Mrd EURO-FRF,1964,73.444
s2026,FRA.1.1.0.0.OVG4,OVG4,"VA construction, prix de 2020",Mrd EURO-FRF,1965,78.5685
s2026,FRA.1.1.0.0.OVG4,OVG4,"VA construction, prix de 2020",Mrd EURO-FRF,1966,81.544
s2026,FRA.1.1.0.0.OVG4,OVG4,"VA construction, prix de 2020",Mrd EURO-FRF,1967,86.1743
s2026,FRA.1.1.0.0.OVG4,OVG4,"VA construction, prix de 2020",Mrd EURO-FRF,1968,84.227
s2026,FRA.1.1.0.0.OVG4,OVG4,"VA construction, prix de 2020",Mrd EURO-FRF,1969,87.3518
s2026,FRA.1.1.0.0.OVG4,OVG4,"VA construction, prix de 2020",Mrd EURO-FRF,1970,94.939
s2026,FRA.1.1.0.0.OVG4,OVG4,"VA construction, prix de 2020",Mrd EURO-FRF,1971,103.44289
s2026,FRA.1.1.0.0.OVG4,OVG4,"VA construction, prix de 2020",Mrd EURO-FRF,1972,106.74919
s2026,FRA.1.1.0.0.OVG4,OVG4,"VA construction, prix de 2020",Mrd EURO-FRF,1973,112.9558
s2026,FRA.1.1.0.0.OVG4,OVG4,"VA construction, prix de 2020",Mrd EURO-FRF,1974,115.7159
s2026,FRA.1.1.0.0.OVG4,OVG4,"VA construction, prix de 2020",Mrd EURO-FRF,1975,114.2055
s2026,FRA.1.1.0.0.OVG4,OVG4,"VA construction, prix de 2020",Mrd EURO-FRF,1976,113.3858
s2026,FRA.1.1.0.0.OVG4,OVG4,"VA construction, prix de 2020",Mrd EURO-FRF,1977,115.1232
s2026,FRA.1.1.0.0.OVG4,OVG4,"VA construction, prix de 2020",Mrd EURO-FRF,1978,115.6025
s2026,FRA.1.1.0.0.OVG4,OVG4,"VA construction, prix de 2020",Mrd EURO-FRF,1979,113.76629
s2026,FRA.1.1.0.0.OVG4,OVG4,"VA construction, prix de 2020",Mrd EURO-FRF,1980,115.19169
s2026,FRA.1.1.0.0.OVG4,OVG4,"VA construction, prix de 2020",Mrd EURO-FRF,1981,113.1882
s2026,FRA.1.1.0.0.OVG4,OVG4,"VA construction, prix de 2020",Mrd EURO-FRF,1982,112.9668
s2026,FRA.1.1.0.0.OVG4,OVG4,"VA construction, prix de 2020",Mrd EURO-FRF,1983,109.66009
s2026,FRA.1.1.0.0.OVG4,OVG4,"VA construction, prix de 2020",Mrd EURO-FRF,1984,105.9196
s2026,FRA.1.1.0.0.OVG4,OVG4,"VA construction, prix de 2020",Mrd EURO-FRF,1985,105.3541
s2026,FRA.1.1.0.0.OVG4,OVG4,"VA construction, prix de 2020",Mrd EURO-FRF,1986,109.5033
s2026,FRA.1.1.0.0.OVG4,OVG4,"VA construction, prix de 2020",Mrd EURO-FRF,1987,111.2337
s2026,FRA.1.1.0.0.OVG4,OVG4,"VA construction, prix de 2020",Mrd EURO-FRF,1988,118.6743
s2026,FRA.1.1.0.0.OVG4,OVG4,"VA construction, prix de 2020",Mrd EURO-FRF,1989,122.513
s2026,FRA.1.1.0.0.OVG4,OVG4,"VA construction, prix de 2020",Mrd EURO-FRF,1990,128.2868
s2026,FRA.1.1.0.0.OVG4,OVG4,"VA construction, prix de 2020",Mrd EURO-FRF,1991,128.5185
s2026,FRA.1.1.0.0.OVG4,OVG4,"VA construction, prix de 2020",Mrd EURO-FRF,1992,131.459
s2026,FRA.1.1.0.0.OVG4,OVG4,"VA construction, prix de 2020",Mrd EURO-FRF,1993,121.6617
s2026,FRA.1.1.0.0.OVG4,OVG4,"VA construction, prix de 2020",Mrd EURO-FRF,1994,118.526
s2026,FRA.1.1.0.0.OVG4,OVG4,"VA construction, prix de 2020",Mrd EURO-FRF,1995,120.0907
s2026,FRA.1.1.0.0.OVG4,OVG4,"VA construction, prix de 2020",Mrd EURO-FRF,1996,114.9635
s2026,FRA.1.1.0.0.OVG4,OVG4,"VA construction, prix de 2020",Mrd EURO-FRF,1997,111.2819
s2026,FRA.1.1.0.0.OVG4,OVG4,"VA construction, prix de 2020",Mrd EURO-FRF,1998,111.07079
s2026,FRA.1.1.0.0.OVG4,OVG4,"VA construction, prix de 2020",Mrd EURO-FRF,1999,115.2332
s2026,FRA.1.1.0.0.OVG4,OVG4,"VA construction, prix de 2020",Mrd EURO-FRF,2000,122.05929
s2026,FRA.1.1.0.0.OVG4,OVG4,"VA construction, prix de 2020",Mrd EURO-FRF,2001,127.2606
s2026,FRA.1.1.0.0.OVG4,OVG4,"VA construction, prix de 2020",Mrd EURO-FRF,2002,126.6716
s2026,FRA.1.1.0.0.OVG4,OVG4,"VA construction, prix de 2020",Mrd EURO-FRF,2003,126.83739
s2026,FRA.1.1.0.0.OVG4,OVG4,"VA construction, prix de 2020",Mrd EURO-FRF,2004,129.5304
s2026,FRA.1.1.0.0.OVG4,OVG4,"VA construction, prix de 2020",Mrd EURO-FRF,2005,132.92089
s2026,FRA.1.1.0.0.OVG4,OVG4,"VA construction, prix de 2020",Mrd EURO-FRF,2006,137.9998
s2026,FRA.1.1.0.0.OVG4,OVG4,"VA construction, prix de 2020",Mrd EURO-FRF,2007,144.9944
s2026,FRA.1.1.0.0.OVG4,OVG4,"VA construction, prix de 2020",Mrd EURO-FRF,2008,144.7858
s2026,FRA.1.1.0.0.OVG4,OVG4,"VA construction, prix de 2020",Mrd EURO-FRF,2009,136.2014
s2026,FRA.1.1.0.0.OVG4,OVG4,"VA construction, prix de 2020",Mrd EURO-FRF,2010,132.23769
s2026,FRA.1.1.0.0.OVG4,OVG4,"VA construction, prix de 2020",Mrd EURO-FRF,2011,130.6779
s2026,FRA.1.1.0.0.OVG4,OVG4,"VA construction, prix de 2020",Mrd EURO-FRF,2012,124.0587
s2026,FRA.1.1.0.0.OVG4,OVG4,"VA construction, prix de 2020",Mrd EURO-FRF,2013,125.152
s2026,FRA.1.1.0.0.OVG4,OVG4,"VA construction, prix de 2020",Mrd EURO-FRF,2014,122.21679
s2026,FRA.1.1.0.0.OVG4,OVG4,"VA construction, prix de 2020",Mrd EURO-FRF,2015,121.6846
s2026,FRA.1.1.0.0.OVG4,OVG4,"VA construction, prix de 2020",Mrd EURO-FRF,2016,119.7548
s2026,FRA.1.1.0.0.OVG4,OVG4,"VA construction, prix de 2020",Mrd EURO-FRF,2017,122.3917
s2026,FRA.1.1.0.0.OVG4,OVG4,"VA construction, prix de 2020",Mrd EURO-FRF,2018,122.5836
s2026,FRA.1.1.0.0.OVG4,OVG4,"VA construction, prix de 2020",Mrd EURO-FRF,2019,126.0993
s2026,FRA.1.1.0.0.OVG4,OVG4,"VA construction, prix de 2020",Mrd EURO-FRF,2020,116.007
s2026,FRA.1.1.0.0.OVG4,OVG4,"VA construction, prix de 2020",Mrd EURO-FRF,2021,122.5874
s2026,FRA.1.1.0.0.OVG4,OVG4,"VA construction, prix de 2020",Mrd EURO-FRF,2022,117.7531
s2026,FRA.1.1.0.0.OVG4,OVG4,"VA construction, prix de 2020",Mrd EURO-FRF,2023,122.6488
s2026,FRA.1.1.0.0.OVG4,OVG4,"VA construction, prix de 2020",Mrd EURO-FRF,2024,121.8617
s2026,FRA.1.1.0.0.OVG4,OVG4,"VA construction, prix de 2020",Mrd EURO-FRF,2025,120.5298
s2026,FRA.1.1.0.0.OVG5,OVG5,"VA services, prix de 2020",Mrd EURO-FRF,1960,302.33366
s2026,FRA.1.1.0.0.OVG5,OVG5,"VA services, prix de 2020",Mrd EURO-FRF,1961,319.79497
s2026,FRA.1.1.0.0.OVG5,OVG5,"VA services, prix de 2020",Mrd EURO-FRF,1962,338.20377
s2026,FRA.1.1.0.0.OVG5,OVG5,"VA services, prix de 2020",Mrd EURO-FRF,1963,358.99564
s2026,FRA.1.1.0.0.OVG5,OVG5,"VA services, prix de 2020",Mrd EURO-FRF,1964,380.88798
s2026,FRA.1.1.0.0.OVG5,OVG5,"VA services, prix de 2020",Mrd EURO-FRF,1965,397.54685
s2026,FRA.1.1.0.0.OVG5,OVG5,"VA services, prix de 2020",Mrd EURO-FRF,1966,417.2904
s2026,FRA.1.1.0.0.OVG5,OVG5,"VA services, prix de 2020",Mrd EURO-FRF,1967,438.27406
s2026,FRA.1.1.0.0.OVG5,OVG5,"VA services, prix de 2020",Mrd EURO-FRF,1968,466.31538
s2026,FRA.1.1.0.0.OVG5,OVG5,"VA services, prix de 2020",Mrd EURO-FRF,1969,499.05703
s2026,FRA.1.1.0.0.OVG5,OVG5,"VA services, prix de 2020",Mrd EURO-FRF,1970,528.998
s2026,FRA.1.1.0.0.OVG5,OVG5,"VA services, prix de 2020",Mrd EURO-FRF,1971,554.94558
s2026,FRA.1.1.0.0.OVG5,OVG5,"VA services, prix de 2020",Mrd EURO-FRF,1972,580.62562
s2026,FRA.1.1.0.0.OVG5,OVG5,"VA services, prix de 2020",Mrd EURO-FRF,1973,615.82033
s2026,FRA.1.1.0.0.OVG5,OVG5,"VA services, prix de 2020",Mrd EURO-FRF,1974,655.74136
s2026,FRA.1.1.0.0.OVG5,OVG5,"VA services, prix de 2020",Mrd EURO-FRF,1975,654.10724
s2026,FRA.1.1.0.0.OVG5,OVG5,"VA services, prix de 2020",Mrd EURO-FRF,1976,679.91822
s2026,FRA.1.1.0.0.OVG5,OVG5,"VA services, prix de 2020",Mrd EURO-FRF,1977,712.21731
s2026,FRA.1.1.0.0.OVG5,OVG5,"VA services, prix de 2020",Mrd EURO-FRF,1978,736.88198
s2026,FRA.1.1.0.0.OVG5,OVG5,"VA services, prix de 2020",Mrd EURO-FRF,1979,761.57057
s2026,FRA.1.1.0.0.OVG5,OVG5,"VA services, prix de 2020",Mrd EURO-FRF,1980,785.99615
s2026,FRA.1.1.0.0.OVG5,OVG5,"VA services, prix de 2020",Mrd EURO-FRF,1981,804.98546
s2026,FRA.1.1.0.0.OVG5,OVG5,"VA services, prix de 2020",Mrd EURO-FRF,1982,825.1467
s2026,FRA.1.1.0.0.OVG5,OVG5,"VA services, prix de 2020",Mrd EURO-FRF,1983,841.89789
s2026,FRA.1.1.0.0.OVG5,OVG5,"VA services, prix de 2020",Mrd EURO-FRF,1984,861.93951
s2026,FRA.1.1.0.0.OVG5,OVG5,"VA services, prix de 2020",Mrd EURO-FRF,1985,875.7087
s2026,FRA.1.1.0.0.OVG5,OVG5,"VA services, prix de 2020",Mrd EURO-FRF,1986,900.14731
s2026,FRA.1.1.0.0.OVG5,OVG5,"VA services, prix de 2020",Mrd EURO-FRF,1987,923.57027
s2026,FRA.1.1.0.0.OVG5,OVG5,"VA services, prix de 2020",Mrd EURO-FRF,1988,966.16748
s2026,FRA.1.1.0.0.OVG5,OVG5,"VA services, prix de 2020",Mrd EURO-FRF,1989,1013.22141
s2026,FRA.1.1.0.0.OVG5,OVG5,"VA services, prix de 2020",Mrd EURO-FRF,1990,1036.89035
s2026,FRA.1.1.0.0.OVG5,OVG5,"VA services, prix de 2020",Mrd EURO-FRF,1991,1056.15792
s2026,FRA.1.1.0.0.OVG5,OVG5,"VA services, prix de 2020",Mrd EURO-FRF,1992,1072.43769
s2026,FRA.1.1.0.0.OVG5,OVG5,"VA services, prix de 2020",Mrd EURO-FRF,1993,1083.43127
s2026,FRA.1.1.0.0.OVG5,OVG5,"VA services, prix de 2020",Mrd EURO-FRF,1994,1109.07375
s2026,FRA.1.1.0.0.OVG5,OVG5,"VA services, prix de 2020",Mrd EURO-FRF,1995,1130.89454
s2026,FRA.1.1.0.0.OVG5,OVG5,"VA services, prix de 2020",Mrd EURO-FRF,1996,1149.17977
s2026,FRA.1.1.0.0.OVG5,OVG5,"VA services, prix de 2020",Mrd EURO-FRF,1997,1180.2593
s2026,FRA.1.1.0.0.OVG5,OVG5,"VA services, prix de 2020",Mrd EURO-FRF,1998,1218.30938
s2026,FRA.1.1.0.0.OVG5,OVG5,"VA services, prix de 2020",Mrd EURO-FRF,1999,1257.55836
s2026,FRA.1.1.0.0.OVG5,OVG5,"VA services, prix de 2020",Mrd EURO-FRF,2000,1307.39117
s2026,FRA.1.1.0.0.OVG5,OVG5,"VA services, prix de 2020",Mrd EURO-FRF,2001,1332.34823
s2026,FRA.1.1.0.0.OVG5,OVG5,"VA services, prix de 2020",Mrd EURO-FRF,2002,1346.67971
s2026,FRA.1.1.0.0.OVG5,OVG5,"VA services, prix de 2020",Mrd EURO-FRF,2003,1362.6139
s2026,FRA.1.1.0.0.OVG5,OVG5,"VA services, prix de 2020",Mrd EURO-FRF,2004,1400.4377
s2026,FRA.1.1.0.0.OVG5,OVG5,"VA services, prix de 2020",Mrd EURO-FRF,2005,1429.04941
s2026,FRA.1.1.0.0.OVG5,OVG5,"VA services, prix de 2020",Mrd EURO-FRF,2006,1470.83222
s2026,FRA.1.1.0.0.OVG5,OVG5,"VA services, prix de 2020",Mrd EURO-FRF,2007,1510.39768
s2026,FRA.1.1.0.0.OVG5,OVG5,"VA services, prix de 2020",Mrd EURO-FRF,2008,1531.94018
s2026,FRA.1.1.0.0.OVG5,OVG5,"VA services, prix de 2020",Mrd EURO-FRF,2009,1505.48695
s2026,FRA.1.1.0.0.OVG5,OVG5,"VA services, prix de 2020",Mrd EURO-FRF,2010,1539.44367
s2026,FRA.1.1.0.0.OVG5,OVG5,"VA services, prix de 2020",Mrd EURO-FRF,2011,1580.87187
s2026,FRA.1.1.0.0.OVG5,OVG5,"VA services, prix de 2020",Mrd EURO-FRF,2012,1597.84186
s2026,FRA.1.1.0.0.OVG5,OVG5,"VA services, prix de 2020",Mrd EURO-FRF,2013,1611.44959
s2026,FRA.1.1.0.0.OVG5,OVG5,"VA services, prix de 2020",Mrd EURO-FRF,2014,1632.18374
s2026,FRA.1.1.0.0.OVG5,OVG5,"VA services, prix de 2020",Mrd EURO-FRF,2015,1649.66851
s2026,FRA.1.1.0.0.OVG5,OVG5,"VA services, prix de 2020",Mrd EURO-FRF,2016,1671.0055
s2026,FRA.1.1.0.0.OVG5,OVG5,"VA services, prix de 2020",Mrd EURO-FRF,2017,1704.36012
s2026,FRA.1.1.0.0.OVG5,OVG5,"VA services, prix de 2020",Mrd EURO-FRF,2018,1730.84813
s2026,FRA.1.1.0.0.OVG5,OVG5,"VA services, prix de 2020",Mrd EURO-FRF,2019,1769.45834
s2026,FRA.1.1.0.0.OVG5,OVG5,"VA services, prix de 2020",Mrd EURO-FRF,2020,1645.4433
s2026,FRA.1.1.0.0.OVG5,OVG5,"VA services, prix de 2020",Mrd EURO-FRF,2021,1757.74769
s2026,FRA.1.1.0.0.OVG5,OVG5,"VA services, prix de 2020",Mrd EURO-FRF,2022,1851.45715
s2026,FRA.1.1.0.0.OVG5,OVG5,"VA services, prix de 2020",Mrd EURO-FRF,2023,1869.61221
s2026,FRA.1.1.0.0.OVG5,OVG5,"VA services, prix de 2020",Mrd EURO-FRF,2024,1900.90127
s2026,FRA.1.1.0.0.OVG5,OVG5,"VA services, prix de 2020",Mrd EURO-FRF,2025,1917.52253
s2026,FRA.1.1.0.0.OVGM,OVGM,"VA industrie manufacturière (NACE C), prix de 2020",Mrd EURO-FRF,1960,50.7034
s2026,FRA.1.1.0.0.OVGM,OVGM,"VA industrie manufacturière (NACE C), prix de 2020",Mrd EURO-FRF,1961,53.6865
s2026,FRA.1.1.0.0.OVGM,OVGM,"VA industrie manufacturière (NACE C), prix de 2020",Mrd EURO-FRF,1962,57.39729
s2026,FRA.1.1.0.0.OVGM,OVGM,"VA industrie manufacturière (NACE C), prix de 2020",Mrd EURO-FRF,1963,62.7043
s2026,FRA.1.1.0.0.OVGM,OVGM,"VA industrie manufacturière (NACE C), prix de 2020",Mrd EURO-FRF,1964,66.6078
s2026,FRA.1.1.0.0.OVGM,OVGM,"VA industrie manufacturière (NACE C), prix de 2020",Mrd EURO-FRF,1965,70.41699
s2026,FRA.1.1.0.0.OVGM,OVGM,"VA industrie manufacturière (NACE C), prix de 2020",Mrd EURO-FRF,1966,75.37649
s2026,FRA.1.1.0.0.OVGM,OVGM,"VA industrie manufacturière (NACE C), prix de 2020",Mrd EURO-FRF,1967,77.7802
s2026,FRA.1.1.0.0.OVGM,OVGM,"VA industrie manufacturière (NACE C), prix de 2020",Mrd EURO-FRF,1968,82.1107
s2026,FRA.1.1.0.0.OVGM,OVGM,"VA industrie manufacturière (NACE C), prix de 2020",Mrd EURO-FRF,1969,89.81659
s2026,FRA.1.1.0.0.OVGM,OVGM,"VA industrie manufacturière (NACE C), prix de 2020",Mrd EURO-FRF,1970,98.1367
s2026,FRA.1.1.0.0.OVGM,OVGM,"VA industrie manufacturière (NACE C), prix de 2020",Mrd EURO-FRF,1971,105.0029
s2026,FRA.1.1.0.0.OVGM,OVGM,"VA industrie manufacturière (NACE C), prix de 2020",Mrd EURO-FRF,1972,106.4252
s2026,FRA.1.1.0.0.OVGM,OVGM,"VA industrie manufacturière (NACE C), prix de 2020",Mrd EURO-FRF,1973,112.9445
s2026,FRA.1.1.0.0.OVGM,OVGM,"VA industrie manufacturière (NACE C), prix de 2020",Mrd EURO-FRF,1974,122.0807
s2026,FRA.1.1.0.0.OVGM,OVGM,"VA industrie manufacturière (NACE C), prix de 2020",Mrd EURO-FRF,1975,117.52599
s2026,FRA.1.1.0.0.OVGM,OVGM,"VA industrie manufacturière (NACE C), prix de 2020",Mrd EURO-FRF,1976,124.7605
s2026,FRA.1.1.0.0.OVGM,OVGM,"VA industrie manufacturière (NACE C), prix de 2020",Mrd EURO-FRF,1977,129.5353
s2026,FRA.1.1.0.0.OVGM,OVGM,"VA industrie manufacturière (NACE C), prix de 2020",Mrd EURO-FRF,1978,131.2871
s2026,FRA.1.1.0.0.OVGM,OVGM,"VA industrie manufacturière (NACE C), prix de 2020",Mrd EURO-FRF,1979,133.8813
s2026,FRA.1.1.0.0.OVGM,OVGM,"VA industrie manufacturière (NACE C), prix de 2020",Mrd EURO-FRF,1980,133.9468
s2026,FRA.1.1.0.0.OVGM,OVGM,"VA industrie manufacturière (NACE C), prix de 2020",Mrd EURO-FRF,1981,132.8271
s2026,FRA.1.1.0.0.OVGM,OVGM,"VA industrie manufacturière (NACE C), prix de 2020",Mrd EURO-FRF,1982,132.8327
s2026,FRA.1.1.0.0.OVGM,OVGM,"VA industrie manufacturière (NACE C), prix de 2020",Mrd EURO-FRF,1983,135.223
s2026,FRA.1.1.0.0.OVGM,OVGM,"VA industrie manufacturière (NACE C), prix de 2020",Mrd EURO-FRF,1984,135.3316
s2026,FRA.1.1.0.0.OVGM,OVGM,"VA industrie manufacturière (NACE C), prix de 2020",Mrd EURO-FRF,1985,136.95549
s2026,FRA.1.1.0.0.OVGM,OVGM,"VA industrie manufacturière (NACE C), prix de 2020",Mrd EURO-FRF,1986,136.3038
s2026,FRA.1.1.0.0.OVGM,OVGM,"VA industrie manufacturière (NACE C), prix de 2020",Mrd EURO-FRF,1987,136.3777
s2026,FRA.1.1.0.0.OVGM,OVGM,"VA industrie manufacturière (NACE C), prix de 2020",Mrd EURO-FRF,1988,142.5285
s2026,FRA.1.1.0.0.OVGM,OVGM,"VA industrie manufacturière (NACE C), prix de 2020",Mrd EURO-FRF,1989,148.9744
s2026,FRA.1.1.0.0.OVGM,OVGM,"VA industrie manufacturière (NACE C), prix de 2020",Mrd EURO-FRF,1990,154.3791
s2026,FRA.1.1.0.0.OVGM,OVGM,"VA industrie manufacturière (NACE C), prix de 2020",Mrd EURO-FRF,1991,154.9822
s2026,FRA.1.1.0.0.OVGM,OVGM,"VA industrie manufacturière (NACE C), prix de 2020",Mrd EURO-FRF,1992,156.12329
s2026,FRA.1.1.0.0.OVGM,OVGM,"VA industrie manufacturière (NACE C), prix de 2020",Mrd EURO-FRF,1993,153.0772
s2026,FRA.1.1.0.0.OVGM,OVGM,"VA industrie manufacturière (NACE C), prix de 2020",Mrd EURO-FRF,1994,158.09399
s2026,FRA.1.1.0.0.OVGM,OVGM,"VA industrie manufacturière (NACE C), prix de 2020",Mrd EURO-FRF,1995,165.2288
s2026,FRA.1.1.0.0.OVGM,OVGM,"VA industrie manufacturière (NACE C), prix de 2020",Mrd EURO-FRF,1996,167.1786
s2026,FRA.1.1.0.0.OVGM,OVGM,"VA industrie manufacturière (NACE C), prix de 2020",Mrd EURO-FRF,1997,175.23099
s2026,FRA.1.1.0.0.OVGM,OVGM,"VA industrie manufacturière (NACE C), prix de 2020",Mrd EURO-FRF,1998,184.1695
s2026,FRA.1.1.0.0.OVGM,OVGM,"VA industrie manufacturière (NACE C), prix de 2020",Mrd EURO-FRF,1999,191.4204
s2026,FRA.1.1.0.0.OVGM,OVGM,"VA industrie manufacturière (NACE C), prix de 2020",Mrd EURO-FRF,2000,201.4654
s2026,FRA.1.1.0.0.OVGM,OVGM,"VA industrie manufacturière (NACE C), prix de 2020",Mrd EURO-FRF,2001,203.55989
s2026,FRA.1.1.0.0.OVGM,OVGM,"VA industrie manufacturière (NACE C), prix de 2020",Mrd EURO-FRF,2002,202.6876
s2026,FRA.1.1.0.0.OVGM,OVGM,"VA industrie manufacturière (NACE C), prix de 2020",Mrd EURO-FRF,2003,207.4428
s2026,FRA.1.1.0.0.OVGM,OVGM,"VA industrie manufacturière (NACE C), prix de 2020",Mrd EURO-FRF,2004,212.5695
s2026,FRA.1.1.0.0.OVGM,OVGM,"VA industrie manufacturière (NACE C), prix de 2020",Mrd EURO-FRF,2005,216.25739
s2026,FRA.1.1.0.0.OVGM,OVGM,"VA industrie manufacturière (NACE C), prix de 2020",Mrd EURO-FRF,2006,222.04
s2026,FRA.1.1.0.0.OVGM,OVGM,"VA industrie manufacturière (NACE C), prix de 2020",Mrd EURO-FRF,2007,227.08339
s2026,FRA.1.1.0.0.OVGM,OVGM,"VA industrie manufacturière (NACE C), prix de 2020",Mrd EURO-FRF,2008,220.2073
s2026,FRA.1.1.0.0.OVGM,OVGM,"VA industrie manufacturière (NACE C), prix de 2020",Mrd EURO-FRF,2009,205.6717
s2026,FRA.1.1.0.0.OVGM,OVGM,"VA industrie manufacturière (NACE C), prix de 2020",Mrd EURO-FRF,2010,210.34319
s2026,FRA.1.1.0.0.OVGM,OVGM,"VA industrie manufacturière (NACE C), prix de 2020",Mrd EURO-FRF,2011,218.3879
s2026,FRA.1.1.0.0.OVGM,OVGM,"VA industrie manufacturière (NACE C), prix de 2020",Mrd EURO-FRF,2012,216.707
s2026,FRA.1.1.0.0.OVGM,OVGM,"VA industrie manufacturière (NACE C), prix de 2020",Mrd EURO-FRF,2013,217.2529
s2026,FRA.1.1.0.0.OVGM,OVGM,"VA industrie manufacturière (NACE C), prix de 2020",Mrd EURO-FRF,2014,220.32959
s2026,FRA.1.1.0.0.OVGM,OVGM,"VA industrie manufacturière (NACE C), prix de 2020",Mrd EURO-FRF,2015,221.1148
s2026,FRA.1.1.0.0.OVGM,OVGM,"VA industrie manufacturière (NACE C), prix de 2020",Mrd EURO-FRF,2016,222.1263
s2026,FRA.1.1.0.0.OVGM,OVGM,"VA industrie manufacturière (NACE C), prix de 2020",Mrd EURO-FRF,2017,226.62829
s2026,FRA.1.1.0.0.OVGM,OVGM,"VA industrie manufacturière (NACE C), prix de 2020",Mrd EURO-FRF,2018,230.8485
s2026,FRA.1.1.0.0.OVGM,OVGM,"VA industrie manufacturière (NACE C), prix de 2020",Mrd EURO-FRF,2019,235.29669
s2026,FRA.1.1.0.0.OVGM,OVGM,"VA industrie manufacturière (NACE C), prix de 2020",Mrd EURO-FRF,2020,214.3401
s2026,FRA.1.1.0.0.OVGM,OVGM,"VA industrie manufacturière (NACE C), prix de 2020",Mrd EURO-FRF,2021,232.8448
s2026,FRA.1.1.0.0.OVGM,OVGM,"VA industrie manufacturière (NACE C), prix de 2020",Mrd EURO-FRF,2022,224.17109
s2026,FRA.1.1.0.0.OVGM,OVGM,"VA industrie manufacturière (NACE C), prix de 2020",Mrd EURO-FRF,2023,230.40419
s2026,FRA.1.1.0.0.OVGM,OVGM,"VA industrie manufacturière (NACE C), prix de 2020",Mrd EURO-FRF,2024,235.752
s2026,FRA.1.1.0.0.OVGM,OVGM,"VA industrie manufacturière (NACE C), prix de 2020",Mrd EURO-FRF,2025,236.74329
