millesime,code,serie,libelle,unite,annee,valeur
a2025,FRA.1.0.0.0.NETD,NETD,"Emploi total, personnes",1000 persons,1960,20071.0
a2025,FRA.1.0.0.0.NETD,NETD,"Emploi total, personnes",1000 persons,1961,20067.0
a2025,FRA.1.0.0.0.NETD,NETD,"Emploi total, personnes",1000 persons,1962,20053.0
a2025,FRA.1.0.0.0.NETD,NETD,"Emploi total, personnes",1000 persons,1963,20205.0
a2025,FRA.1.0.0.0.NETD,NETD,"Emploi total, personnes",1000 persons,1964,20424.0
a2025,FRA.1.0.0.0.NETD,NETD,"Emploi total, personnes",1000 persons,1965,20489.0
a2025,FRA.1.0.0.0.NETD,NETD,"Emploi total, personnes",1000 persons,1966,20649.0
a2025,FRA.1.0.0.0.NETD,NETD,"Emploi total, personnes",1000 persons,1967,20709.0
a2025,FRA.1.0.0.0.NETD,NETD,"Emploi total, personnes",1000 persons,1968,20659.0
a2025,FRA.1.0.0.0.NETD,NETD,"Emploi total, personnes",1000 persons,1969,20975.0
a2025,FRA.1.0.0.0.NETD,NETD,"Emploi total, personnes",1000 persons,1970,21261.0
a2025,FRA.1.0.0.0.NETD,NETD,"Emploi total, personnes",1000 persons,1971,21363.0
a2025,FRA.1.0.0.0.NETD,NETD,"Emploi total, personnes",1000 persons,1972,21497.0
a2025,FRA.1.0.0.0.NETD,NETD,"Emploi total, personnes",1000 persons,1973,21799.0
a2025,FRA.1.0.0.0.NETD,NETD,"Emploi total, personnes",1000 persons,1974,22002.0
a2025,FRA.1.0.0.0.NETD,NETD,"Emploi total, personnes",1000 persons,1975,21832.0
a2025,FRA.1.0.0.0.NETD,NETD,"Emploi total, personnes",1000 persons,1976,22015.0
a2025,FRA.1.0.0.0.NETD,NETD,"Emploi total, personnes",1000 persons,1977,22213.0
a2025,FRA.1.0.0.0.NETD,NETD,"Emploi total, personnes",1000 persons,1978,22347.0
a2025,FRA.1.0.0.0.NETD,NETD,"Emploi total, personnes",1000 persons,1979,22501.0
a2025,FRA.1.0.0.0.NETD,NETD,"Emploi total, personnes",1000 persons,1980,22608.0
a2025,FRA.1.0.0.0.NETD,NETD,"Emploi total, personnes",1000 persons,1981,22593.0
a2025,FRA.1.0.0.0.NETD,NETD,"Emploi total, personnes",1000 persons,1982,22656.0
a2025,FRA.1.0.0.0.NETD,NETD,"Emploi total, personnes",1000 persons,1983,22638.0
a2025,FRA.1.0.0.0.NETD,NETD,"Emploi total, personnes",1000 persons,1984,22528.0
a2025,FRA.1.0.0.0.NETD,NETD,"Emploi total, personnes",1000 persons,1985,22487.0
a2025,FRA.1.0.0.0.NETD,NETD,"Emploi total, personnes",1000 persons,1986,22601.0
a2025,FRA.1.0.0.0.NETD,NETD,"Emploi total, personnes",1000 persons,1987,22805.0
a2025,FRA.1.0.0.0.NETD,NETD,"Emploi total, personnes",1000 persons,1988,23030.0
a2025,FRA.1.0.0.0.NETD,NETD,"Emploi total, personnes",1000 persons,1989,23434.0
a2025,FRA.1.0.0.0.NETD,NETD,"Emploi total, personnes",1000 persons,1990,23650.0
a2025,FRA.1.0.0.0.NETD,NETD,"Emploi total, personnes",1000 persons,1991,23711.0
a2025,FRA.1.0.0.0.NETD,NETD,"Emploi total, personnes",1000 persons,1992,23571.0
a2025,FRA.1.0.0.0.NETD,NETD,"Emploi total, personnes",1000 persons,1993,23342.0
a2025,FRA.1.0.0.0.NETD,NETD,"Emploi total, personnes",1000 persons,1994,23471.0
a2025,FRA.1.0.0.0.NETD,NETD,"Emploi total, personnes",1000 persons,1995,23712.0
a2025,FRA.1.0.0.0.NETD,NETD,"Emploi total, personnes",1000 persons,1996,23852.0
a2025,FRA.1.0.0.0.NETD,NETD,"Emploi total, personnes",1000 persons,1997,24040.0
a2025,FRA.1.0.0.0.NETD,NETD,"Emploi total, personnes",1000 persons,1998,24463.0
a2025,FRA.1.0.0.0.NETD,NETD,"Emploi total, personnes",1000 persons,1999,25058.0
a2025,FRA.1.0.0.0.NETD,NETD,"Emploi total, personnes",1000 persons,2000,25690.0
a2025,FRA.1.0.0.0.NETD,NETD,"Emploi total, personnes",1000 persons,2001,26059.0
a2025,FRA.1.0.0.0.NETD,NETD,"Emploi total, personnes",1000 persons,2002,26188.0
a2025,FRA.1.0.0.0.NETD,NETD,"Emploi total, personnes",1000 persons,2003,26197.0
a2025,FRA.1.0.0.0.NETD,NETD,"Emploi total, personnes",1000 persons,2004,26232.0
a2025,FRA.1.0.0.0.NETD,NETD,"Emploi total, personnes",1000 persons,2005,26413.0
a2025,FRA.1.0.0.0.NETD,NETD,"Emploi total, personnes",1000 persons,2006,26702.0
a2025,FRA.1.0.0.0.NETD,NETD,"Emploi total, personnes",1000 persons,2007,27089.0
a2025,FRA.1.0.0.0.NETD,NETD,"Emploi total, personnes",1000 persons,2008,27228.0
a2025,FRA.1.0.0.0.NETD,NETD,"Emploi total, personnes",1000 persons,2009,26922.0
a2025,FRA.1.0.0.0.NETD,NETD,"Emploi total, personnes",1000 persons,2010,26948.0
a2025,FRA.1.0.0.0.NETD,NETD,"Emploi total, personnes",1000 persons,2011,27156.0
a2025,FRA.1.0.0.0.NETD,NETD,"Emploi total, personnes",1000 persons,2012,27253.0
a2025,FRA.1.0.0.0.NETD,NETD,"Emploi total, personnes",1000 persons,2013,27305.0
a2025,FRA.1.0.0.0.NETD,NETD,"Emploi total, personnes",1000 persons,2014,27452.0
a2025,FRA.1.0.0.0.NETD,NETD,"Emploi total, personnes",1000 persons,2015,27521.0
a2025,FRA.1.0.0.0.NETD,NETD,"Emploi total, personnes",1000 persons,2016,27720.0
a2025,FRA.1.0.0.0.NETD,NETD,"Emploi total, personnes",1000 persons,2017,28047.0
a2025,FRA.1.0.0.0.NETD,NETD,"Emploi total, personnes",1000 persons,2018,28328.0
a2025,FRA.1.0.0.0.NETD,NETD,"Emploi total, personnes",1000 persons,2019,28662.0
a2025,FRA.1.0.0.0.NETD,NETD,"Emploi total, personnes",1000 persons,2020,28645.0
a2025,FRA.1.0.0.0.NETD,NETD,"Emploi total, personnes",1000 persons,2021,29395.0
a2025,FRA.1.0.0.0.NETD,NETD,"Emploi total, personnes",1000 persons,2022,30064.0
a2025,FRA.1.0.0.0.NETD,NETD,"Emploi total, personnes",1000 persons,2023,30395.0
a2025,FRA.1.0.0.0.NETD,NETD,"Emploi total, personnes",1000 persons,2024,30623.0
a2025,FRA.1.0.0.0.NETD,NETD,"Emploi total, personnes",1000 persons,2025,30602.734
a2025,FRA.1.0.0.0.NETD,NETD,"Emploi total, personnes",1000 persons,2026,30610.072
a2025,FRA.1.0.0.0.NETD,NETD,"Emploi total, personnes",1000 persons,2027,30672.035
a2025,FRA.1.0.0.0.FETD,FETD,"Emploi total, équivalents temps plein",1000 FTE's,1960,19726.0
a2025,FRA.1.0.0.0.FETD,FETD,"Emploi total, équivalents temps plein",1000 FTE's,1961,19717.0
a2025,FRA.1.0.0.0.FETD,FETD,"Emploi total, équivalents temps plein",1000 FTE's,1962,19698.0
a2025,FRA.1.0.0.0.FETD,FETD,"Emploi total, équivalents temps plein",1000 FTE's,1963,19844.0
a2025,FRA.1.0.0.0.FETD,FETD,"Emploi total, équivalents temps plein",1000 FTE's,1964,20060.0
a2025,FRA.1.0.0.0.FETD,FETD,"Emploi total, équivalents temps plein",1000 FTE's,1965,20120.0
a2025,FRA.1.0.0.0.FETD,FETD,"Emploi total, équivalents temps plein",1000 FTE's,1966,20270.0
a2025,FRA.1.0.0.0.FETD,FETD,"Emploi total, équivalents temps plein",1000 FTE's,1967,20320.0
a2025,FRA.1.0.0.0.FETD,FETD,"Emploi total, équivalents temps plein",1000 FTE's,1968,20255.0
a2025,FRA.1.0.0.0.FETD,FETD,"Emploi total, équivalents temps plein",1000 FTE's,1969,20549.0
a2025,FRA.1.0.0.0.FETD,FETD,"Emploi total, équivalents temps plein",1000 FTE's,1970,20811.0
a2025,FRA.1.0.0.0.FETD,FETD,"Emploi total, équivalents temps plein",1000 FTE's,1971,20898.0
a2025,FRA.1.0.0.0.FETD,FETD,"Emploi total, équivalents temps plein",1000 FTE's,1972,21021.0
a2025,FRA.1.0.0.0.FETD,FETD,"Emploi total, équivalents temps plein",1000 FTE's,1973,21307.0
a2025,FRA.1.0.0.0.FETD,FETD,"Emploi total, équivalents temps plein",1000 FTE's,1974,21522.0
a2025,FRA.1.0.0.0.FETD,FETD,"Emploi total, équivalents temps plein",1000 FTE's,1975,21377.0
a2025,FRA.1.0.0.0.FETD,FETD,"Emploi total, équivalents temps plein",1000 FTE's,1976,21550.0
a2025,FRA.1.0.0.0.FETD,FETD,"Emploi total, équivalents temps plein",1000 FTE's,1977,21729.0
a2025,FRA.1.0.0.0.FETD,FETD,"Emploi total, équivalents temps plein",1000 FTE's,1978,21855.0
a2025,FRA.1.0.0.0.FETD,FETD,"Emploi total, équivalents temps plein",1000 FTE's,1979,21984.0
a2025,FRA.1.0.0.0.FETD,FETD,"Emploi total, équivalents temps plein",1000 FTE's,1980,22100.0
a2025,FRA.1.0.0.0.FETD,FETD,"Emploi total, équivalents temps plein",1000 FTE's,1981,22086.0
a2025,FRA.1.0.0.0.FETD,FETD,"Emploi total, équivalents temps plein",1000 FTE's,1982,22139.0
a2025,FRA.1.0.0.0.FETD,FETD,"Emploi total, équivalents temps plein",1000 FTE's,1983,22108.0
a2025,FRA.1.0.0.0.FETD,FETD,"Emploi total, équivalents temps plein",1000 FTE's,1984,21982.0
a2025,FRA.1.0.0.0.FETD,FETD,"Emploi total, équivalents temps plein",1000 FTE's,1985,21908.0
a2025,FRA.1.0.0.0.FETD,FETD,"Emploi total, équivalents temps plein",1000 FTE's,1986,22023.0
a2025,FRA.1.0.0.0.FETD,FETD,"Emploi total, équivalents temps plein",1000 FTE's,1987,22222.0
a2025,FRA.1.0.0.0.FETD,FETD,"Emploi total, équivalents temps plein",1000 FTE's,1988,22473.0
a2025,FRA.1.0.0.0.FETD,FETD,"Emploi total, équivalents temps plein",1000 FTE's,1989,22899.0
a2025,FRA.1.0.0.0.FETD,FETD,"Emploi total, équivalents temps plein",1000 FTE's,1990,23140.0
a2025,FRA.1.0.0.0.FETD,FETD,"Emploi total, équivalents temps plein",1000 FTE's,1991,23149.0
a2025,FRA.1.0.0.0.FETD,FETD,"Emploi total, équivalents temps plein",1000 FTE's,1992,22968.0
a2025,FRA.1.0.0.0.FETD,FETD,"Emploi total, équivalents temps plein",1000 FTE's,1993,22621.0
a2025,FRA.1.0.0.0.FETD,FETD,"Emploi total, équivalents temps plein",1000 FTE's,1994,22659.0
a2025,FRA.1.0.0.0.FETD,FETD,"Emploi total, équivalents temps plein",1000 FTE's,1995,22812.0
a2025,FRA.1.0.0.0.FETD,FETD,"Emploi total, équivalents temps plein",1000 FTE's,1996,22809.0
a2025,FRA.1.0.0.0.FETD,FETD,"Emploi total, équivalents temps plein",1000 FTE's,1997,22919.0
a2025,FRA.1.0.0.0.FETD,FETD,"Emploi total, équivalents temps plein",1000 FTE's,1998,23237.0
a2025,FRA.1.0.0.0.FETD,FETD,"Emploi total, équivalents temps plein",1000 FTE's,1999,23753.0
a2025,FRA.1.0.0.0.FETD,FETD,"Emploi total, équivalents temps plein",1000 FTE's,2000,24406.0
a2025,FRA.1.0.0.0.FETD,FETD,"Emploi total, équivalents temps plein",1000 FTE's,2001,24873.0
a2025,FRA.1.0.0.0.FETD,FETD,"Emploi total, équivalents temps plein",1000 FTE's,2002,25079.0
a2025,FRA.1.0.0.0.FETD,FETD,"Emploi total, équivalents temps plein",1000 FTE's,2003,25105.0
a2025,FRA.1.0.0.0.FETD,FETD,"Emploi total, équivalents temps plein",1000 FTE's,2004,25153.0
a2025,FRA.1.0.0.0.FETD,FETD,"Emploi total, équivalents temps plein",1000 FTE's,2005,25331.0
a2025,FRA.1.0.0.0.FETD,FETD,"Emploi total, équivalents temps plein",1000 FTE's,2006,25704.0
a2025,FRA.1.0.0.0.FETD,FETD,"Emploi total, équivalents temps plein",1000 FTE's,2007,26096.0
a2025,FRA.1.0.0.0.FETD,FETD,"Emploi total, équivalents temps plein",1000 FTE's,2008,26215.0
a2025,FRA.1.0.0.0.FETD,FETD,"Emploi total, équivalents temps plein",1000 FTE's,2009,25931.0
a2025,FRA.1.0.0.0.FETD,FETD,"Emploi total, équivalents temps plein",1000 FTE's,2010,25922.0
a2025,FRA.1.0.0.0.FETD,FETD,"Emploi total, équivalents temps plein",1000 FTE's,2011,26051.0
a2025,FRA.1.0.0.0.FETD,FETD,"Emploi total, équivalents temps plein",1000 FTE's,2012,26079.0
a2025,FRA.1.0.0.0.FETD,FETD,"Emploi total, équivalents temps plein",1000 FTE's,2013,26113.0
a2025,FRA.1.0.0.0.FETD,FETD,"Emploi total, équivalents temps plein",1000 FTE's,2014,26191.0
a2025,FRA.1.0.0.0.FETD,FETD,"Emploi total, équivalents temps plein",1000 FTE's,2015,26279.0
a2025,FRA.1.0.0.0.FETD,FETD,"Emploi total, équivalents temps plein",1000 FTE's,2016,26430.0
a2025,FRA.1.0.0.0.FETD,FETD,"Emploi total, équivalents temps plein",1000 FTE's,2017,26727.0
a2025,FRA.1.0.0.0.FETD,FETD,"Emploi total, équivalents temps plein",1000 FTE's,2018,27008.0
a2025,FRA.1.0.0.0.FETD,FETD,"Emploi total, équivalents temps plein",1000 FTE's,2019,27371.0
a2025,FRA.1.0.0.0.FETD,FETD,"Emploi total, équivalents temps plein",1000 FTE's,2020,27357.0
a2025,FRA.1.0.0.0.FETD,FETD,"Emploi total, équivalents temps plein",1000 FTE's,2021,28183.0
a2025,FRA.1.0.0.0.FETD,FETD,"Emploi total, équivalents temps plein",1000 FTE's,2022,28898.0
a2025,FRA.1.0.0.0.FETD,FETD,"Emploi total, équivalents temps plein",1000 FTE's,2023,29245.0
a2025,FRA.1.0.0.0.FETD,FETD,"Emploi total, équivalents temps plein",1000 FTE's,2024,29481.0
a2025,FRA.1.0.0.0.UVGD,UVGD,PIB aux prix courants,Mrd EURO-FRF,1960,46.37339
a2025,FRA.1.0.0.0.UVGD,UVGD,PIB aux prix courants,Mrd EURO-FRF,1961,50.27563
a2025,FRA.1.0.0.0.UVGD,UVGD,PIB aux prix courants,Mrd EURO-FRF,1962,56.34633
a2025,FRA.1.0.0.0.UVGD,UVGD,PIB aux prix courants,Mrd EURO-FRF,1963,63.16659
a2025,FRA.1.0.0.0.UVGD,UVGD,PIB aux prix courants,Mrd EURO-FRF,1964,70.05913
a2025,FRA.1.0.0.0.UVGD,UVGD,PIB aux prix courants,Mrd EURO-FRF,1965,75.6704
a2025,FRA.1.0.0.0.UVGD,UVGD,PIB aux prix courants,Mrd EURO-FRF,1966,82.01141
a2025,FRA.1.0.0.0.UVGD,UVGD,PIB aux prix courants,Mrd EURO-FRF,1967,88.66433
a2025,FRA.1.0.0.0.UVGD,UVGD,PIB aux prix courants,Mrd EURO-FRF,1968,96.7223
a2025,FRA.1.0.0.0.UVGD,UVGD,PIB aux prix courants,Mrd EURO-FRF,1969,111.26089
a2025,FRA.1.0.0.0.UVGD,UVGD,PIB aux prix courants,Mrd EURO-FRF,1970,124.46177
a2025,FRA.1.0.0.0.UVGD,UVGD,PIB aux prix courants,Mrd EURO-FRF,1971,138.81322
a2025,FRA.1.0.0.0.UVGD,UVGD,PIB aux prix courants,Mrd EURO-FRF,1972,154.94796
a2025,FRA.1.0.0.0.UVGD,UVGD,PIB aux prix courants,Mrd EURO-FRF,1973,177.72968
a2025,FRA.1.0.0.0.UVGD,UVGD,PIB aux prix courants,Mrd EURO-FRF,1974,207.30789
a2025,FRA.1.0.0.0.UVGD,UVGD,PIB aux prix courants,Mrd EURO-FRF,1975,233.55618
a2025,FRA.1.0.0.0.UVGD,UVGD,PIB aux prix courants,Mrd EURO-FRF,1976,269.93088
a2025,FRA.1.0.0.0.UVGD,UVGD,PIB aux prix courants,Mrd EURO-FRF,1977,303.78958
a2025,FRA.1.0.0.0.UVGD,UVGD,PIB aux prix courants,Mrd EURO-FRF,1978,345.1864
a2025,FRA.1.0.0.0.UVGD,UVGD,PIB aux prix courants,Mrd EURO-FRF,1979,394.4906
a2025,FRA.1.0.0.0.UVGD,UVGD,PIB aux prix courants,Mrd EURO-FRF,1980,447.4157
a2025,FRA.1.0.0.0.UVGD,UVGD,PIB aux prix courants,Mrd EURO-FRF,1981,504.7096
a2025,FRA.1.0.0.0.UVGD,UVGD,PIB aux prix courants,Mrd EURO-FRF,1982,579.2508
a2025,FRA.1.0.0.0.UVGD,UVGD,PIB aux prix courants,Mrd EURO-FRF,1983,642.9447
a2025,FRA.1.0.0.0.UVGD,UVGD,PIB aux prix courants,Mrd EURO-FRF,1984,699.5019
a2025,FRA.1.0.0.0.UVGD,UVGD,PIB aux prix courants,Mrd EURO-FRF,1985,749.5833
a2025,FRA.1.0.0.0.UVGD,UVGD,PIB aux prix courants,Mrd EURO-FRF,1986,807.7071
a2025,FRA.1.0.0.0.UVGD,UVGD,PIB aux prix courants,Mrd EURO-FRF,1987,848.7878
a2025,FRA.1.0.0.0.UVGD,UVGD,PIB aux prix courants,Mrd EURO-FRF,1988,917.9326
a2025,FRA.1.0.0.0.UVGD,UVGD,PIB aux prix courants,Mrd EURO-FRF,1989,988.8835
a2025,FRA.1.0.0.0.UVGD,UVGD,PIB aux prix courants,Mrd EURO-FRF,1990,1043.9748
a2025,FRA.1.0.0.0.UVGD,UVGD,PIB aux prix courants,Mrd EURO-FRF,1991,1082.833
a2025,FRA.1.0.0.0.UVGD,UVGD,PIB aux prix courants,Mrd EURO-FRF,1992,1121.4581
a2025,FRA.1.0.0.0.UVGD,UVGD,PIB aux prix courants,Mrd EURO-FRF,1993,1134.8386
a2025,FRA.1.0.0.0.UVGD,UVGD,PIB aux prix courants,Mrd EURO-FRF,1994,1172.9604
a2025,FRA.1.0.0.0.UVGD,UVGD,PIB aux prix courants,Mrd EURO-FRF,1995,1213.8024
a2025,FRA.1.0.0.0.UVGD,UVGD,PIB aux prix courants,Mrd EURO-FRF,1996,1246.9737
a2025,FRA.1.0.0.0.UVGD,UVGD,PIB aux prix courants,Mrd EURO-FRF,1997,1289.6692
a2025,FRA.1.0.0.0.UVGD,UVGD,PIB aux prix courants,Mrd EURO-FRF,1998,1346.3176
a2025,FRA.1.0.0.0.UVGD,UVGD,PIB aux prix courants,Mrd EURO-FRF,1999,1395.148
a2025,FRA.1.0.0.0.UVGD,UVGD,PIB aux prix courants,Mrd EURO-FRF,2000,1473.5173
a2025,FRA.1.0.0.0.UVGD,UVGD,PIB aux prix courants,Mrd EURO-FRF,2001,1530.0709
a2025,FRA.1.0.0.0.UVGD,UVGD,PIB aux prix courants,Mrd EURO-FRF,2002,1578.3304
a2025,FRA.1.0.0.0.UVGD,UVGD,PIB aux prix courants,Mrd EURO-FRF,2003,1622.3128
a2025,FRA.1.0.0.0.UVGD,UVGD,PIB aux prix courants,Mrd EURO-FRF,2004,1696.1077
a2025,FRA.1.0.0.0.UVGD,UVGD,PIB aux prix courants,Mrd EURO-FRF,2005,1762.0477
a2025,FRA.1.0.0.0.UVGD,UVGD,PIB aux prix courants,Mrd EURO-FRF,2006,1846.0208
a2025,FRA.1.0.0.0.UVGD,UVGD,PIB aux prix courants,Mrd EURO-FRF,2007,1937.8763
a2025,FRA.1.0.0.0.UVGD,UVGD,PIB aux prix courants,Mrd EURO-FRF,2008,1989.9997
a2025,FRA.1.0.0.0.UVGD,UVGD,PIB aux prix courants,Mrd EURO-FRF,2009,1935.8402
a2025,FRA.1.0.0.0.UVGD,UVGD,PIB aux prix courants,Mrd EURO-FRF,2010,1996.0751
a2025,FRA.1.0.0.0.UVGD,UVGD,PIB aux prix courants,Mrd EURO-FRF,2011,2062.1414
a2025,FRA.1.0.0.0.UVGD,UVGD,PIB aux prix courants,Mrd EURO-FRF,2012,2088.2867
a2025,FRA.1.0.0.0.UVGD,UVGD,PIB aux prix courants,Mrd EURO-FRF,2013,2120.3519
a2025,FRA.1.0.0.0.UVGD,UVGD,PIB aux prix courants,Mrd EURO-FRF,2014,2153.7331
a2025,FRA.1.0.0.0.UVGD,UVGD,PIB aux prix courants,Mrd EURO-FRF,2015,2201.4016
a2025,FRA.1.0.0.0.UVGD,UVGD,PIB aux prix courants,Mrd EURO-FRF,2016,2231.8192
a2025,FRA.1.0.0.0.UVGD,UVGD,PIB aux prix courants,Mrd EURO-FRF,2017,2291.6805
a2025,FRA.1.0.0.0.UVGD,UVGD,PIB aux prix courants,Mrd EURO-FRF,2018,2355.3628
a2025,FRA.1.0.0.0.UVGD,UVGD,PIB aux prix courants,Mrd EURO-FRF,2019,2432.2068
a2025,FRA.1.0.0.0.UVGD,UVGD,PIB aux prix courants,Mrd EURO-FRF,2020,2318.2762
a2025,FRA.1.0.0.0.UVGD,UVGD,PIB aux prix courants,Mrd EURO-FRF,2021,2508.1023
a2025,FRA.1.0.0.0.UVGD,UVGD,PIB aux prix courants,Mrd EURO-FRF,2022,2653.9972
a2025,FRA.1.0.0.0.UVGD,UVGD,PIB aux prix courants,Mrd EURO-FRF,2023,2826.5415
a2025,FRA.1.0.0.0.UVGD,UVGD,PIB aux prix courants,Mrd EURO-FRF,2024,2919.8999
a2025,FRA.1.0.0.0.UVGD,UVGD,PIB aux prix courants,Mrd EURO-FRF,2025,2983.94724
a2025,FRA.1.0.0.0.UVGD,UVGD,PIB aux prix courants,Mrd EURO-FRF,2026,3061.78882
a2025,FRA.1.0.0.0.UVGD,UVGD,PIB aux prix courants,Mrd EURO-FRF,2027,3151.76824
a2025,FRA.1.1.0.0.OVGD,OVGD,PIB aux prix de 2020,Mrd EURO-FRF,1960,490.6715
a2025,FRA.1.1.0.0.OVGD,OVGD,PIB aux prix de 2020,Mrd EURO-FRF,1961,514.9422
a2025,FRA.1.1.0.0.OVGD,OVGD,PIB aux prix de 2020,Mrd EURO-FRF,1962,550.248
a2025,FRA.1.1.0.0.OVGD,OVGD,PIB aux prix de 2020,Mrd EURO-FRF,1963,583.83151
a2025,FRA.1.1.0.0.OVGD,OVGD,PIB aux prix de 2020,Mrd EURO-FRF,1964,622.264
a2025,FRA.1.1.0.0.OVGD,OVGD,PIB aux prix de 2020,Mrd EURO-FRF,1965,652.3738
a2025,FRA.1.1.0.0.OVGD,OVGD,PIB aux prix de 2020,Mrd EURO-FRF,1966,686.05941
a2025,FRA.1.1.0.0.OVGD,OVGD,PIB aux prix de 2020,Mrd EURO-FRF,1967,719.0024
a2025,FRA.1.1.0.0.OVGD,OVGD,PIB aux prix de 2020,Mrd EURO-FRF,1968,751.674
a2025,FRA.1.1.0.0.OVGD,OVGD,PIB aux prix de 2020,Mrd EURO-FRF,1969,804.9951
a2025,FRA.1.1.0.0.OVGD,OVGD,PIB aux prix de 2020,Mrd EURO-FRF,1970,854.9062
a2025,FRA.1.1.0.0.OVGD,OVGD,PIB aux prix de 2020,Mrd EURO-FRF,1971,900.1602
a2025,FRA.1.1.0.0.OVGD,OVGD,PIB aux prix de 2020,Mrd EURO-FRF,1972,940.7944
a2025,FRA.1.1.0.0.OVGD,OVGD,PIB aux prix de 2020,Mrd EURO-FRF,1973,999.0727
a2025,FRA.1.1.0.0.OVGD,OVGD,PIB aux prix de 2020,Mrd EURO-FRF,1974,1043.1789
a2025,FRA.1.1.0.0.OVGD,OVGD,PIB aux prix de 2020,Mrd EURO-FRF,1975,1033.31451
a2025,FRA.1.1.0.0.OVGD,OVGD,PIB aux prix de 2020,Mrd EURO-FRF,1976,1078.1351
a2025,FRA.1.1.0.0.OVGD,OVGD,PIB aux prix de 2020,Mrd EURO-FRF,1977,1116.4537
a2025,FRA.1.1.0.0.OVGD,OVGD,PIB aux prix de 2020,Mrd EURO-FRF,1978,1160.5465
a2025,FRA.1.1.0.0.OVGD,OVGD,PIB aux prix de 2020,Mrd EURO-FRF,1979,1203.4323
a2025,FRA.1.1.0.0.OVGD,OVGD,PIB aux prix de 2020,Mrd EURO-FRF,1980,1223.6068
a2025,FRA.1.1.0.0.OVGD,OVGD,PIB aux prix de 2020,Mrd EURO-FRF,1981,1238.1471
a2025,FRA.1.1.0.0.OVGD,OVGD,PIB aux prix de 2020,Mrd EURO-FRF,1982,1268.389
a2025,FRA.1.1.0.0.OVGD,OVGD,PIB aux prix de 2020,Mrd EURO-FRF,1983,1284.39681
a2025,FRA.1.1.0.0.OVGD,OVGD,PIB aux prix de 2020,Mrd EURO-FRF,1984,1305.06881
a2025,FRA.1.1.0.0.OVGD,OVGD,PIB aux prix de 2020,Mrd EURO-FRF,1985,1325.5463
a2025,FRA.1.1.0.0.OVGD,OVGD,PIB aux prix de 2020,Mrd EURO-FRF,1986,1357.2207
a2025,FRA.1.1.0.0.OVGD,OVGD,PIB aux prix de 2020,Mrd EURO-FRF,1987,1391.8671
a2025,FRA.1.1.0.0.OVGD,OVGD,PIB aux prix de 2020,Mrd EURO-FRF,1988,1458.8747
a2025,FRA.1.1.0.0.OVGD,OVGD,PIB aux prix de 2020,Mrd EURO-FRF,1989,1523.14061
a2025,FRA.1.1.0.0.OVGD,OVGD,PIB aux prix de 2020,Mrd EURO-FRF,1990,1566.2398
a2025,FRA.1.1.0.0.OVGD,OVGD,PIB aux prix de 2020,Mrd EURO-FRF,1991,1585.6089
a2025,FRA.1.1.0.0.OVGD,OVGD,PIB aux prix de 2020,Mrd EURO-FRF,1992,1609.6477
a2025,FRA.1.1.0.0.OVGD,OVGD,PIB aux prix de 2020,Mrd EURO-FRF,1993,1603.8691
a2025,FRA.1.1.0.0.OVGD,OVGD,PIB aux prix de 2020,Mrd EURO-FRF,1994,1642.0999
a2025,FRA.1.1.0.0.OVGD,OVGD,PIB aux prix de 2020,Mrd EURO-FRF,1995,1679.9469
a2025,FRA.1.1.0.0.OVGD,OVGD,PIB aux prix de 2020,Mrd EURO-FRF,1996,1703.4171
a2025,FRA.1.1.0.0.OVGD,OVGD,PIB aux prix de 2020,Mrd EURO-FRF,1997,1746.4635
a2025,FRA.1.1.0.0.OVGD,OVGD,PIB aux prix de 2020,Mrd EURO-FRF,1998,1806.7618
a2025,FRA.1.1.0.0.OVGD,OVGD,PIB aux prix de 2020,Mrd EURO-FRF,1999,1868.1792
a2025,FRA.1.1.0.0.OVGD,OVGD,PIB aux prix de 2020,Mrd EURO-FRF,2000,1945.5405
a2025,FRA.1.1.0.0.OVGD,OVGD,PIB aux prix de 2020,Mrd EURO-FRF,2001,1982.4954
a2025,FRA.1.1.0.0.OVGD,OVGD,PIB aux prix de 2020,Mrd EURO-FRF,2002,2003.6635
a2025,FRA.1.1.0.0.OVGD,OVGD,PIB aux prix de 2020,Mrd EURO-FRF,2003,2023.0555
a2025,FRA.1.1.0.0.OVGD,OVGD,PIB aux prix de 2020,Mrd EURO-FRF,2004,2081.0818
a2025,FRA.1.1.0.0.OVGD,OVGD,PIB aux prix de 2020,Mrd EURO-FRF,2005,2120.3844
a2025,FRA.1.1.0.0.OVGD,OVGD,PIB aux prix de 2020,Mrd EURO-FRF,2006,2177.933
a2025,FRA.1.1.0.0.OVGD,OVGD,PIB aux prix de 2020,Mrd EURO-FRF,2007,2233.04521
a2025,FRA.1.1.0.0.OVGD,OVGD,PIB aux prix de 2020,Mrd EURO-FRF,2008,2241.53461
a2025,FRA.1.1.0.0.OVGD,OVGD,PIB aux prix de 2020,Mrd EURO-FRF,2009,2178.2213
a2025,FRA.1.1.0.0.OVGD,OVGD,PIB aux prix de 2020,Mrd EURO-FRF,2010,2221.7928
a2025,FRA.1.1.0.0.OVGD,OVGD,PIB aux prix de 2020,Mrd EURO-FRF,2011,2275.9507
a2025,FRA.1.1.0.0.OVGD,OVGD,PIB aux prix de 2020,Mrd EURO-FRF,2012,2280.1347
a2025,FRA.1.1.0.0.OVGD,OVGD,PIB aux prix de 2020,Mrd EURO-FRF,2013,2297.95981
a2025,FRA.1.1.0.0.OVGD,OVGD,PIB aux prix de 2020,Mrd EURO-FRF,2014,2320.8896
a2025,FRA.1.1.0.0.OVGD,OVGD,PIB aux prix de 2020,Mrd EURO-FRF,2015,2345.6478
a2025,FRA.1.1.0.0.OVGD,OVGD,PIB aux prix de 2020,Mrd EURO-FRF,2016,2365.82111
a2025,FRA.1.1.0.0.OVGD,OVGD,PIB aux prix de 2020,Mrd EURO-FRF,2017,2415.1157
a2025,FRA.1.1.0.0.OVGD,OVGD,PIB aux prix de 2020,Mrd EURO-FRF,2018,2454.8663
a2025,FRA.1.1.0.0.OVGD,OVGD,PIB aux prix de 2020,Mrd EURO-FRF,2019,2504.6374
a2025,FRA.1.1.0.0.OVGD,OVGD,PIB aux prix de 2020,Mrd EURO-FRF,2020,2318.2762
a2025,FRA.1.1.0.0.OVGD,OVGD,PIB aux prix de 2020,Mrd EURO-FRF,2021,2477.82781
a2025,FRA.1.1.0.0.OVGD,OVGD,PIB aux prix de 2020,Mrd EURO-FRF,2022,2545.1445
a2025,FRA.1.1.0.0.OVGD,OVGD,PIB aux prix de 2020,Mrd EURO-FRF,2023,2581.7746
a2025,FRA.1.1.0.0.OVGD,OVGD,PIB aux prix de 2020,Mrd EURO-FRF,2024,2612.5098
a2025,FRA.1.1.0.0.OVGD,OVGD,PIB aux prix de 2020,Mrd EURO-FRF,2025,2630.72279
a2025,FRA.1.1.0.0.OVGD,OVGD,PIB aux prix de 2020,Mrd EURO-FRF,2026,2655.0432
a2025,FRA.1.1.0.0.OVGD,OVGD,PIB aux prix de 2020,Mrd EURO-FRF,2027,2683.89003
a2025,FRA.1.0.0.0.NETM,NETM,"Emploi manufacturier C, personnes",1000 persons,1960,4563.0
a2025,FRA.1.0.0.0.NETM,NETM,"Emploi manufacturier C, personnes",1000 persons,1961,4586.0
a2025,FRA.1.0.0.0.NETM,NETM,"Emploi manufacturier C, personnes",1000 persons,1962,4622.0
a2025,FRA.1.0.0.0.NETM,NETM,"Emploi manufacturier C, personnes",1000 persons,1963,4723.0
a2025,FRA.1.0.0.0.NETM,NETM,"Emploi manufacturier C, personnes",1000 persons,1964,4811.0
a2025,FRA.1.0.0.0.NETM,NETM,"Emploi manufacturier C, personnes",1000 persons,1965,4759.0
a2025,FRA.1.0.0.0.NETM,NETM,"Emploi manufacturier C, personnes",1000 persons,1966,4780.0
a2025,FRA.1.0.0.0.NETM,NETM,"Emploi manufacturier C, personnes",1000 persons,1967,4755.0
a2025,FRA.1.0.0.0.NETM,NETM,"Emploi manufacturier C, personnes",1000 persons,1968,4665.0
a2025,FRA.1.0.0.0.NETM,NETM,"Emploi manufacturier C, personnes",1000 persons,1969,4794.0
a2025,FRA.1.0.0.0.NETM,NETM,"Emploi manufacturier C, personnes",1000 persons,1970,4908.0
a2025,FRA.1.0.0.0.NETM,NETM,"Emploi manufacturier C, personnes",1000 persons,1971,4967.0
a2025,FRA.1.0.0.0.NETM,NETM,"Emploi manufacturier C, personnes",1000 persons,1972,5027.0
a2025,FRA.1.0.0.0.NETM,NETM,"Emploi manufacturier C, personnes",1000 persons,1973,5138.0
a2025,FRA.1.0.0.0.NETM,NETM,"Emploi manufacturier C, personnes",1000 persons,1974,5202.0
a2025,FRA.1.0.0.0.NETM,NETM,"Emploi manufacturier C, personnes",1000 persons,1975,5083.0
a2025,FRA.1.0.0.0.NETM,NETM,"Emploi manufacturier C, personnes",1000 persons,1976,5074.0
a2025,FRA.1.0.0.0.NETM,NETM,"Emploi manufacturier C, personnes",1000 persons,1977,5076.0
a2025,FRA.1.0.0.0.NETM,NETM,"Emploi manufacturier C, personnes",1000 persons,1978,5027.0
a2025,FRA.1.0.0.0.NETM,NETM,"Emploi manufacturier C, personnes",1000 persons,1979,4948.0
a2025,FRA.1.0.0.0.NETM,NETM,"Emploi manufacturier C, personnes",1000 persons,1980,4887.0
a2025,FRA.1.0.0.0.NETM,NETM,"Emploi manufacturier C, personnes",1000 persons,1981,4724.0
a2025,FRA.1.0.0.0.NETM,NETM,"Emploi manufacturier C, personnes",1000 persons,1982,4645.0
a2025,FRA.1.0.0.0.NETM,NETM,"Emploi manufacturier C, personnes",1000 persons,1983,4555.0
a2025,FRA.1.0.0.0.NETM,NETM,"Emploi manufacturier C, personnes",1000 persons,1984,4408.0
a2025,FRA.1.0.0.0.NETM,NETM,"Emploi manufacturier C, personnes",1000 persons,1985,4286.0
a2025,FRA.1.0.0.0.NETM,NETM,"Emploi manufacturier C, personnes",1000 persons,1986,4201.0
a2025,FRA.1.0.0.0.NETM,NETM,"Emploi manufacturier C, personnes",1000 persons,1987,4094.0
a2025,FRA.1.0.0.0.NETM,NETM,"Emploi manufacturier C, personnes",1000 persons,1988,4028.0
a2025,FRA.1.0.0.0.NETM,NETM,"Emploi manufacturier C, personnes",1000 persons,1989,4043.0
a2025,FRA.1.0.0.0.NETM,NETM,"Emploi manufacturier C, personnes",1000 persons,1990,4053.0
a2025,FRA.1.0.0.0.NETM,NETM,"Emploi manufacturier C, personnes",1000 persons,1991,3987.0
a2025,FRA.1.0.0.0.NETM,NETM,"Emploi manufacturier C, personnes",1000 persons,1992,3851.0
a2025,FRA.1.0.0.0.NETM,NETM,"Emploi manufacturier C, personnes",1000 persons,1993,3671.0
a2025,FRA.1.0.0.0.NETM,NETM,"Emploi manufacturier C, personnes",1000 persons,1994,3576.0
a2025,FRA.1.0.0.0.NETM,NETM,"Emploi manufacturier C, personnes",1000 persons,1995,3584.0
a2025,FRA.1.0.0.0.NETM,NETM,"Emploi manufacturier C, personnes",1000 persons,1996,3556.0
a2025,FRA.1.0.0.0.NETM,NETM,"Emploi manufacturier C, personnes",1000 persons,1997,3520.0
a2025,FRA.1.0.0.0.NETM,NETM,"Emploi manufacturier C, personnes",1000 persons,1998,3517.0
a2025,FRA.1.0.0.0.NETM,NETM,"Emploi manufacturier C, personnes",1000 persons,1999,3499.0
a2025,FRA.1.0.0.0.NETM,NETM,"Emploi manufacturier C, personnes",1000 persons,2000,3509.0
a2025,FRA.1.0.0.0.NETM,NETM,"Emploi manufacturier C, personnes",1000 persons,2001,3524.0
a2025,FRA.1.0.0.0.NETM,NETM,"Emploi manufacturier C, personnes",1000 persons,2002,3460.0
a2025,FRA.1.0.0.0.NETM,NETM,"Emploi manufacturier C, personnes",1000 persons,2003,3385.0
a2025,FRA.1.0.0.0.NETM,NETM,"Emploi manufacturier C, personnes",1000 persons,2004,3272.0
a2025,FRA.1.0.0.0.NETM,NETM,"Emploi manufacturier C, personnes",1000 persons,2005,3201.0
a2025,FRA.1.0.0.0.NETM,NETM,"Emploi manufacturier C, personnes",1000 persons,2006,3138.0
a2025,FRA.1.0.0.0.NETM,NETM,"Emploi manufacturier C, personnes",1000 persons,2007,3103.0
a2025,FRA.1.0.0.0.NETM,NETM,"Emploi manufacturier C, personnes",1000 persons,2008,3067.0
a2025,FRA.1.0.0.0.NETM,NETM,"Emploi manufacturier C, personnes",1000 persons,2009,2921.0
a2025,FRA.1.0.0.0.NETM,NETM,"Emploi manufacturier C, personnes",1000 persons,2010,2785.0
a2025,FRA.1.0.0.0.NETM,NETM,"Emploi manufacturier C, personnes",1000 persons,2011,2768.0
a2025,FRA.1.0.0.0.NETM,NETM,"Emploi manufacturier C, personnes",1000 persons,2012,2753.0
a2025,FRA.1.0.0.0.NETM,NETM,"Emploi manufacturier C, personnes",1000 persons,2013,2723.0
a2025,FRA.1.0.0.0.NETM,NETM,"Emploi manufacturier C, personnes",1000 persons,2014,2707.0
a2025,FRA.1.0.0.0.NETM,NETM,"Emploi manufacturier C, personnes",1000 persons,2015,2653.0
a2025,FRA.1.0.0.0.NETM,NETM,"Emploi manufacturier C, personnes",1000 persons,2016,2639.0
a2025,FRA.1.0.0.0.NETM,NETM,"Emploi manufacturier C, personnes",1000 persons,2017,2623.0
a2025,FRA.1.0.0.0.NETM,NETM,"Emploi manufacturier C, personnes",1000 persons,2018,2624.0
a2025,FRA.1.0.0.0.NETM,NETM,"Emploi manufacturier C, personnes",1000 persons,2019,2705.0
a2025,FRA.1.0.0.0.NETM,NETM,"Emploi manufacturier C, personnes",1000 persons,2020,2694.0
a2025,FRA.1.0.0.0.NETM,NETM,"Emploi manufacturier C, personnes",1000 persons,2021,2710.0
a2025,FRA.1.0.0.0.NETM,NETM,"Emploi manufacturier C, personnes",1000 persons,2022,2754.0
a2025,FRA.1.0.0.0.NETM,NETM,"Emploi manufacturier C, personnes",1000 persons,2023,2782.0
a2025,FRA.1.0.0.0.NETM,NETM,"Emploi manufacturier C, personnes",1000 persons,2024,2803.0
a2025,FRA.1.0.0.0.FET2,FET2,"Emploi industrie B-E, ETP",1000 FTE's,1960,4860.0
a2025,FRA.1.0.0.0.FET2,FET2,"Emploi industrie B-E, ETP",1000 FTE's,1961,4878.0
a2025,FRA.1.0.0.0.FET2,FET2,"Emploi industrie B-E, ETP",1000 FTE's,1962,4911.0
a2025,FRA.1.0.0.0.FET2,FET2,"Emploi industrie B-E, ETP",1000 FTE's,1963,5012.0
a2025,FRA.1.0.0.0.FET2,FET2,"Emploi industrie B-E, ETP",1000 FTE's,1964,5100.0
a2025,FRA.1.0.0.0.FET2,FET2,"Emploi industrie B-E, ETP",1000 FTE's,1965,5046.0
a2025,FRA.1.0.0.0.FET2,FET2,"Emploi industrie B-E, ETP",1000 FTE's,1966,5066.0
a2025,FRA.1.0.0.0.FET2,FET2,"Emploi industrie B-E, ETP",1000 FTE's,1967,5039.0
a2025,FRA.1.0.0.0.FET2,FET2,"Emploi industrie B-E, ETP",1000 FTE's,1968,4945.0
a2025,FRA.1.0.0.0.FET2,FET2,"Emploi industrie B-E, ETP",1000 FTE's,1969,5069.0
a2025,FRA.1.0.0.0.FET2,FET2,"Emploi industrie B-E, ETP",1000 FTE's,1970,5177.0
a2025,FRA.1.0.0.0.FET2,FET2,"Emploi industrie B-E, ETP",1000 FTE's,1971,5230.0
a2025,FRA.1.0.0.0.FET2,FET2,"Emploi industrie B-E, ETP",1000 FTE's,1972,5289.0
a2025,FRA.1.0.0.0.FET2,FET2,"Emploi industrie B-E, ETP",1000 FTE's,1973,5396.0
a2025,FRA.1.0.0.0.FET2,FET2,"Emploi industrie B-E, ETP",1000 FTE's,1974,5460.0
a2025,FRA.1.0.0.0.FET2,FET2,"Emploi industrie B-E, ETP",1000 FTE's,1975,5341.0
a2025,FRA.1.0.0.0.FET2,FET2,"Emploi industrie B-E, ETP",1000 FTE's,1976,5328.0
a2025,FRA.1.0.0.0.FET2,FET2,"Emploi industrie B-E, ETP",1000 FTE's,1977,5330.0
a2025,FRA.1.0.0.0.FET2,FET2,"Emploi industrie B-E, ETP",1000 FTE's,1978,5283.0
a2025,FRA.1.0.0.0.FET2,FET2,"Emploi industrie B-E, ETP",1000 FTE's,1979,5207.0
a2025,FRA.1.0.0.0.FET2,FET2,"Emploi industrie B-E, ETP",1000 FTE's,1980,5149.0
a2025,FRA.1.0.0.0.FET2,FET2,"Emploi industrie B-E, ETP",1000 FTE's,1981,4992.0
a2025,FRA.1.0.0.0.FET2,FET2,"Emploi industrie B-E, ETP",1000 FTE's,1982,4919.0
a2025,FRA.1.0.0.0.FET2,FET2,"Emploi industrie B-E, ETP",1000 FTE's,1983,4838.0
a2025,FRA.1.0.0.0.FET2,FET2,"Emploi industrie B-E, ETP",1000 FTE's,1984,4694.0
a2025,FRA.1.0.0.0.FET2,FET2,"Emploi industrie B-E, ETP",1000 FTE's,1985,4569.0
a2025,FRA.1.0.0.0.FET2,FET2,"Emploi industrie B-E, ETP",1000 FTE's,1986,4482.0
a2025,FRA.1.0.0.0.FET2,FET2,"Emploi industrie B-E, ETP",1000 FTE's,1987,4378.0
a2025,FRA.1.0.0.0.FET2,FET2,"Emploi industrie B-E, ETP",1000 FTE's,1988,4316.0
a2025,FRA.1.0.0.0.FET2,FET2,"Emploi industrie B-E, ETP",1000 FTE's,1989,4331.0
a2025,FRA.1.0.0.0.FET2,FET2,"Emploi industrie B-E, ETP",1000 FTE's,1990,4341.0
a2025,FRA.1.0.0.0.FET2,FET2,"Emploi industrie B-E, ETP",1000 FTE's,1991,4269.0
a2025,FRA.1.0.0.0.FET2,FET2,"Emploi industrie B-E, ETP",1000 FTE's,1992,4126.0
a2025,FRA.1.0.0.0.FET2,FET2,"Emploi industrie B-E, ETP",1000 FTE's,1993,3932.0
a2025,FRA.1.0.0.0.FET2,FET2,"Emploi industrie B-E, ETP",1000 FTE's,1994,3823.0
a2025,FRA.1.0.0.0.FET2,FET2,"Emploi industrie B-E, ETP",1000 FTE's,1995,3819.0
a2025,FRA.1.0.0.0.FET2,FET2,"Emploi industrie B-E, ETP",1000 FTE's,1996,3783.0
a2025,FRA.1.0.0.0.FET2,FET2,"Emploi industrie B-E, ETP",1000 FTE's,1997,3744.0
a2025,FRA.1.0.0.0.FET2,FET2,"Emploi industrie B-E, ETP",1000 FTE's,1998,3730.0
a2025,FRA.1.0.0.0.FET2,FET2,"Emploi industrie B-E, ETP",1000 FTE's,1999,3708.0
a2025,FRA.1.0.0.0.FET2,FET2,"Emploi industrie B-E, ETP",1000 FTE's,2000,3737.0
a2025,FRA.1.0.0.0.FET2,FET2,"Emploi industrie B-E, ETP",1000 FTE's,2001,3752.0
a2025,FRA.1.0.0.0.FET2,FET2,"Emploi industrie B-E, ETP",1000 FTE's,2002,3681.0
a2025,FRA.1.0.0.0.FET2,FET2,"Emploi industrie B-E, ETP",1000 FTE's,2003,3598.0
a2025,FRA.1.0.0.0.FET2,FET2,"Emploi industrie B-E, ETP",1000 FTE's,2004,3488.0
a2025,FRA.1.0.0.0.FET2,FET2,"Emploi industrie B-E, ETP",1000 FTE's,2005,3422.0
a2025,FRA.1.0.0.0.FET2,FET2,"Emploi industrie B-E, ETP",1000 FTE's,2006,3378.0
a2025,FRA.1.0.0.0.FET2,FET2,"Emploi industrie B-E, ETP",1000 FTE's,2007,3348.0
a2025,FRA.1.0.0.0.FET2,FET2,"Emploi industrie B-E, ETP",1000 FTE's,2008,3296.0
a2025,FRA.1.0.0.0.FET2,FET2,"Emploi industrie B-E, ETP",1000 FTE's,2009,3160.0
a2025,FRA.1.0.0.0.FET2,FET2,"Emploi industrie B-E, ETP",1000 FTE's,2010,3039.0
a2025,FRA.1.0.0.0.FET2,FET2,"Emploi industrie B-E, ETP",1000 FTE's,2011,3018.0
a2025,FRA.1.0.0.0.FET2,FET2,"Emploi industrie B-E, ETP",1000 FTE's,2012,2997.0
a2025,FRA.1.0.0.0.FET2,FET2,"Emploi industrie B-E, ETP",1000 FTE's,2013,2966.0
a2025,FRA.1.0.0.0.FET2,FET2,"Emploi industrie B-E, ETP",1000 FTE's,2014,2948.0
a2025,FRA.1.0.0.0.FET2,FET2,"Emploi industrie B-E, ETP",1000 FTE's,2015,2902.0
a2025,FRA.1.0.0.0.FET2,FET2,"Emploi industrie B-E, ETP",1000 FTE's,2016,2887.0
a2025,FRA.1.0.0.0.FET2,FET2,"Emploi industrie B-E, ETP",1000 FTE's,2017,2862.0
a2025,FRA.1.0.0.0.FET2,FET2,"Emploi industrie B-E, ETP",1000 FTE's,2018,2864.0
a2025,FRA.1.0.0.0.FET2,FET2,"Emploi industrie B-E, ETP",1000 FTE's,2019,2950.0
a2025,FRA.1.0.0.0.FET2,FET2,"Emploi industrie B-E, ETP",1000 FTE's,2020,2942.0
a2025,FRA.1.0.0.0.FET2,FET2,"Emploi industrie B-E, ETP",1000 FTE's,2021,2966.0
a2025,FRA.1.0.0.0.FET2,FET2,"Emploi industrie B-E, ETP",1000 FTE's,2022,3017.0
a2025,FRA.1.0.0.0.FET2,FET2,"Emploi industrie B-E, ETP",1000 FTE's,2023,3052.0
a2025,FRA.1.0.0.0.FET2,FET2,"Emploi industrie B-E, ETP",1000 FTE's,2024,3080.0
a2025,FRA.1.0.0.0.FET4,FET4,"Emploi construction, ETP",1000 FTE's,1960,1680.0
a2025,FRA.1.0.0.0.FET4,FET4,"Emploi construction, ETP",1000 FTE's,1961,1710.0
a2025,FRA.1.0.0.0.FET4,FET4,"Emploi construction, ETP",1000 FTE's,1962,1753.0
a2025,FRA.1.0.0.0.FET4,FET4,"Emploi construction, ETP",1000 FTE's,1963,1844.0
a2025,FRA.1.0.0.0.FET4,FET4,"Emploi construction, ETP",1000 FTE's,1964,1951.0
a2025,FRA.1.0.0.0.FET4,FET4,"Emploi construction, ETP",1000 FTE's,1965,2032.0
a2025,FRA.1.0.0.0.FET4,FET4,"Emploi construction, ETP",1000 FTE's,1966,2074.0
a2025,FRA.1.0.0.0.FET4,FET4,"Emploi construction, ETP",1000 FTE's,1967,2098.0
a2025,FRA.1.0.0.0.FET4,FET4,"Emploi construction, ETP",1000 FTE's,1968,2109.0
a2025,FRA.1.0.0.0.FET4,FET4,"Emploi construction, ETP",1000 FTE's,1969,2167.0
a2025,FRA.1.0.0.0.FET4,FET4,"Emploi construction, ETP",1000 FTE's,1970,2198.0
a2025,FRA.1.0.0.0.FET4,FET4,"Emploi construction, ETP",1000 FTE's,1971,2182.0
a2025,FRA.1.0.0.0.FET4,FET4,"Emploi construction, ETP",1000 FTE's,1972,2182.0
a2025,FRA.1.0.0.0.FET4,FET4,"Emploi construction, ETP",1000 FTE's,1973,2216.0
a2025,FRA.1.0.0.0.FET4,FET4,"Emploi construction, ETP",1000 FTE's,1974,2219.0
a2025,FRA.1.0.0.0.FET4,FET4,"Emploi construction, ETP",1000 FTE's,1975,2141.0
a2025,FRA.1.0.0.0.FET4,FET4,"Emploi construction, ETP",1000 FTE's,1976,2142.0
a2025,FRA.1.0.0.0.FET4,FET4,"Emploi construction, ETP",1000 FTE's,1977,2151.0
a2025,FRA.1.0.0.0.FET4,FET4,"Emploi construction, ETP",1000 FTE's,1978,2126.0
a2025,FRA.1.0.0.0.FET4,FET4,"Emploi construction, ETP",1000 FTE's,1979,2134.0
a2025,FRA.1.0.0.0.FET4,FET4,"Emploi construction, ETP",1000 FTE's,1980,2157.0
a2025,FRA.1.0.0.0.FET4,FET4,"Emploi construction, ETP",1000 FTE's,1981,2139.0
a2025,FRA.1.0.0.0.FET4,FET4,"Emploi construction, ETP",1000 FTE's,1982,2097.0
a2025,FRA.1.0.0.0.FET4,FET4,"Emploi construction, ETP",1000 FTE's,1983,2023.0
a2025,FRA.1.0.0.0.FET4,FET4,"Emploi construction, ETP",1000 FTE's,1984,1906.0
a2025,FRA.1.0.0.0.FET4,FET4,"Emploi construction, ETP",1000 FTE's,1985,1857.0
a2025,FRA.1.0.0.0.FET4,FET4,"Emploi construction, ETP",1000 FTE's,1986,1869.0
a2025,FRA.1.0.0.0.FET4,FET4,"Emploi construction, ETP",1000 FTE's,1987,1894.0
a2025,FRA.1.0.0.0.FET4,FET4,"Emploi construction, ETP",1000 FTE's,1988,1934.0
a2025,FRA.1.0.0.0.FET4,FET4,"Emploi construction, ETP",1000 FTE's,1989,1993.0
a2025,FRA.1.0.0.0.FET4,FET4,"Emploi construction, ETP",1000 FTE's,1990,2020.0
a2025,FRA.1.0.0.0.FET4,FET4,"Emploi construction, ETP",1000 FTE's,1991,1997.0
a2025,FRA.1.0.0.0.FET4,FET4,"Emploi construction, ETP",1000 FTE's,1992,1900.0
a2025,FRA.1.0.0.0.FET4,FET4,"Emploi construction, ETP",1000 FTE's,1993,1789.0
a2025,FRA.1.0.0.0.FET4,FET4,"Emploi construction, ETP",1000 FTE's,1994,1735.0
a2025,FRA.1.0.0.0.FET4,FET4,"Emploi construction, ETP",1000 FTE's,1995,1730.0
a2025,FRA.1.0.0.0.FET4,FET4,"Emploi construction, ETP",1000 FTE's,1996,1688.0
a2025,FRA.1.0.0.0.FET4,FET4,"Emploi construction, ETP",1000 FTE's,1997,1646.0
a2025,FRA.1.0.0.0.FET4,FET4,"Emploi construction, ETP",1000 FTE's,1998,1631.0
a2025,FRA.1.0.0.0.FET4,FET4,"Emploi construction, ETP",1000 FTE's,1999,1659.0
a2025,FRA.1.0.0.0.FET4,FET4,"Emploi construction, ETP",1000 FTE's,2000,1722.0
a2025,FRA.1.0.0.0.FET4,FET4,"Emploi construction, ETP",1000 FTE's,2001,1771.0
a2025,FRA.1.0.0.0.FET4,FET4,"Emploi construction, ETP",1000 FTE's,2002,1813.0
a2025,FRA.1.0.0.0.FET4,FET4,"Emploi construction, ETP",1000 FTE's,2003,1827.0
a2025,FRA.1.0.0.0.FET4,FET4,"Emploi construction, ETP",1000 FTE's,2004,1863.0
a2025,FRA.1.0.0.0.FET4,FET4,"Emploi construction, ETP",1000 FTE's,2005,1936.0
a2025,FRA.1.0.0.0.FET4,FET4,"Emploi construction, ETP",1000 FTE's,2006,2037.0
a2025,FRA.1.0.0.0.FET4,FET4,"Emploi construction, ETP",1000 FTE's,2007,2128.0
a2025,FRA.1.0.0.0.FET4,FET4,"Emploi construction, ETP",1000 FTE's,2008,2185.0
a2025,FRA.1.0.0.0.FET4,FET4,"Emploi construction, ETP",1000 FTE's,2009,2188.0
a2025,FRA.1.0.0.0.FET4,FET4,"Emploi construction, ETP",1000 FTE's,2010,2153.0
a2025,FRA.1.0.0.0.FET4,FET4,"Emploi construction, ETP",1000 FTE's,2011,2154.0
a2025,FRA.1.0.0.0.FET4,FET4,"Emploi construction, ETP",1000 FTE's,2012,2144.0
a2025,FRA.1.0.0.0.FET4,FET4,"Emploi construction, ETP",1000 FTE's,2013,2124.0
a2025,FRA.1.0.0.0.FET4,FET4,"Emploi construction, ETP",1000 FTE's,2014,2105.0
a2025,FRA.1.0.0.0.FET4,FET4,"Emploi construction, ETP",1000 FTE's,2015,2054.0
a2025,FRA.1.0.0.0.FET4,FET4,"Emploi construction, ETP",1000 FTE's,2016,2002.0
a2025,FRA.1.0.0.0.FET4,FET4,"Emploi construction, ETP",1000 FTE's,2017,1992.0
a2025,FRA.1.0.0.0.FET4,FET4,"Emploi construction, ETP",1000 FTE's,2018,2026.0
a2025,FRA.1.0.0.0.FET4,FET4,"Emploi construction, ETP",1000 FTE's,2019,2084.0
a2025,FRA.1.0.0.0.FET4,FET4,"Emploi construction, ETP",1000 FTE's,2020,2150.0
a2025,FRA.1.0.0.0.FET4,FET4,"Emploi construction, ETP",1000 FTE's,2021,2246.0
a2025,FRA.1.0.0.0.FET4,FET4,"Emploi construction, ETP",1000 FTE's,2022,2296.0
a2025,FRA.1.0.0.0.FET4,FET4,"Emploi construction, ETP",1000 FTE's,2023,2307.0
a2025,FRA.1.0.0.0.FET4,FET4,"Emploi construction, ETP",1000 FTE's,2024,2297.0
a2025,FRA.1.0.0.0.FET5,FET5,"Emploi services, ETP",1000 FTE's,1960,8913.0
a2025,FRA.1.0.0.0.FET5,FET5,"Emploi services, ETP",1000 FTE's,1961,9014.0
a2025,FRA.1.0.0.0.FET5,FET5,"Emploi services, ETP",1000 FTE's,1962,9065.0
a2025,FRA.1.0.0.0.FET5,FET5,"Emploi services, ETP",1000 FTE's,1963,9160.0
a2025,FRA.1.0.0.0.FET5,FET5,"Emploi services, ETP",1000 FTE's,1964,9320.0
a2025,FRA.1.0.0.0.FET5,FET5,"Emploi services, ETP",1000 FTE's,1965,9490.0
a2025,FRA.1.0.0.0.FET5,FET5,"Emploi services, ETP",1000 FTE's,1966,9707.0
a2025,FRA.1.0.0.0.FET5,FET5,"Emploi services, ETP",1000 FTE's,1967,9884.0
a2025,FRA.1.0.0.0.FET5,FET5,"Emploi services, ETP",1000 FTE's,1968,10048.0
a2025,FRA.1.0.0.0.FET5,FET5,"Emploi services, ETP",1000 FTE's,1969,10331.0
a2025,FRA.1.0.0.0.FET5,FET5,"Emploi services, ETP",1000 FTE's,1970,10605.0
a2025,FRA.1.0.0.0.FET5,FET5,"Emploi services, ETP",1000 FTE's,1971,10792.0
a2025,FRA.1.0.0.0.FET5,FET5,"Emploi services, ETP",1000 FTE's,1972,11000.0
a2025,FRA.1.0.0.0.FET5,FET5,"Emploi services, ETP",1000 FTE's,1973,11269.0
a2025,FRA.1.0.0.0.FET5,FET5,"Emploi services, ETP",1000 FTE's,1974,11519.0
a2025,FRA.1.0.0.0.FET5,FET5,"Emploi services, ETP",1000 FTE's,1975,11661.0
a2025,FRA.1.0.0.0.FET5,FET5,"Emploi services, ETP",1000 FTE's,1976,11922.0
a2025,FRA.1.0.0.0.FET5,FET5,"Emploi services, ETP",1000 FTE's,1977,12170.0
a2025,FRA.1.0.0.0.FET5,FET5,"Emploi services, ETP",1000 FTE's,1978,12423.0
a2025,FRA.1.0.0.0.FET5,FET5,"Emploi services, ETP",1000 FTE's,1979,12672.0
a2025,FRA.1.0.0.0.FET5,FET5,"Emploi services, ETP",1000 FTE's,1980,12883.0
a2025,FRA.1.0.0.0.FET5,FET5,"Emploi services, ETP",1000 FTE's,1981,13115.0
a2025,FRA.1.0.0.0.FET5,FET5,"Emploi services, ETP",1000 FTE's,1982,13340.0
a2025,FRA.1.0.0.0.FET5,FET5,"Emploi services, ETP",1000 FTE's,1983,13520.0
a2025,FRA.1.0.0.0.FET5,FET5,"Emploi services, ETP",1000 FTE's,1984,13707.0
a2025,FRA.1.0.0.0.FET5,FET5,"Emploi services, ETP",1000 FTE's,1985,13860.0
a2025,FRA.1.0.0.0.FET5,FET5,"Emploi services, ETP",1000 FTE's,1986,14105.0
a2025,FRA.1.0.0.0.FET5,FET5,"Emploi services, ETP",1000 FTE's,1987,14440.0
a2025,FRA.1.0.0.0.FET5,FET5,"Emploi services, ETP",1000 FTE's,1988,14769.0
a2025,FRA.1.0.0.0.FET5,FET5,"Emploi services, ETP",1000 FTE's,1989,15178.0
a2025,FRA.1.0.0.0.FET5,FET5,"Emploi services, ETP",1000 FTE's,1990,15437.0
a2025,FRA.1.0.0.0.FET5,FET5,"Emploi services, ETP",1000 FTE's,1991,15593.0
a2025,FRA.1.0.0.0.FET5,FET5,"Emploi services, ETP",1000 FTE's,1992,15703.0
a2025,FRA.1.0.0.0.FET5,FET5,"Emploi services, ETP",1000 FTE's,1993,15720.0
a2025,FRA.1.0.0.0.FET5,FET5,"Emploi services, ETP",1000 FTE's,1994,15956.0
a2025,FRA.1.0.0.0.FET5,FET5,"Emploi services, ETP",1000 FTE's,1995,16145.0
a2025,FRA.1.0.0.0.FET5,FET5,"Emploi services, ETP",1000 FTE's,1996,16250.0
a2025,FRA.1.0.0.0.FET5,FET5,"Emploi services, ETP",1000 FTE's,1997,16467.0
a2025,FRA.1.0.0.0.FET5,FET5,"Emploi services, ETP",1000 FTE's,1998,16833.0
a2025,FRA.1.0.0.0.FET5,FET5,"Emploi services, ETP",1000 FTE's,1999,17365.0
a2025,FRA.1.0.0.0.FET5,FET5,"Emploi services, ETP",1000 FTE's,2000,17949.0
a2025,FRA.1.0.0.0.FET5,FET5,"Emploi services, ETP",1000 FTE's,2001,18370.0
a2025,FRA.1.0.0.0.FET5,FET5,"Emploi services, ETP",1000 FTE's,2002,18623.0
a2025,FRA.1.0.0.0.FET5,FET5,"Emploi services, ETP",1000 FTE's,2003,18739.0
a2025,FRA.1.0.0.0.FET5,FET5,"Emploi services, ETP",1000 FTE's,2004,18877.0
a2025,FRA.1.0.0.0.FET5,FET5,"Emploi services, ETP",1000 FTE's,2005,19062.0
a2025,FRA.1.0.0.0.FET5,FET5,"Emploi services, ETP",1000 FTE's,2006,19397.0
a2025,FRA.1.0.0.0.FET5,FET5,"Emploi services, ETP",1000 FTE's,2007,19745.0
a2025,FRA.1.0.0.0.FET5,FET5,"Emploi services, ETP",1000 FTE's,2008,19879.0
a2025,FRA.1.0.0.0.FET5,FET5,"Emploi services, ETP",1000 FTE's,2009,19752.0
a2025,FRA.1.0.0.0.FET5,FET5,"Emploi services, ETP",1000 FTE's,2010,19913.0
a2025,FRA.1.0.0.0.FET5,FET5,"Emploi services, ETP",1000 FTE's,2011,20076.0
a2025,FRA.1.0.0.0.FET5,FET5,"Emploi services, ETP",1000 FTE's,2012,20148.0
a2025,FRA.1.0.0.0.FET5,FET5,"Emploi services, ETP",1000 FTE's,2013,20238.0
a2025,FRA.1.0.0.0.FET5,FET5,"Emploi services, ETP",1000 FTE's,2014,20361.0
a2025,FRA.1.0.0.0.FET5,FET5,"Emploi services, ETP",1000 FTE's,2015,20557.0
a2025,FRA.1.0.0.0.FET5,FET5,"Emploi services, ETP",1000 FTE's,2016,20783.0
a2025,FRA.1.0.0.0.FET5,FET5,"Emploi services, ETP",1000 FTE's,2017,21124.0
a2025,FRA.1.0.0.0.FET5,FET5,"Emploi services, ETP",1000 FTE's,2018,21371.0
a2025,FRA.1.0.0.0.FET5,FET5,"Emploi services, ETP",1000 FTE's,2019,21597.0
a2025,FRA.1.0.0.0.FET5,FET5,"Emploi services, ETP",1000 FTE's,2020,21536.0
a2025,FRA.1.0.0.0.FET5,FET5,"Emploi services, ETP",1000 FTE's,2021,22242.0
a2025,FRA.1.0.0.0.FET5,FET5,"Emploi services, ETP",1000 FTE's,2022,22855.0
a2025,FRA.1.0.0.0.FET5,FET5,"Emploi services, ETP",1000 FTE's,2023,23153.0
a2025,FRA.1.0.0.0.FET5,FET5,"Emploi services, ETP",1000 FTE's,2024,23371.0
a2025,FRA.1.0.0.0.FETM,FETM,"Emploi manufacturier C, ETP",1000 FTE's,1960,4600.0
a2025,FRA.1.0.0.0.FETM,FETM,"Emploi manufacturier C, ETP",1000 FTE's,1961,4620.0
a2025,FRA.1.0.0.0.FETM,FETM,"Emploi manufacturier C, ETP",1000 FTE's,1962,4653.0
a2025,FRA.1.0.0.0.FETM,FETM,"Emploi manufacturier C, ETP",1000 FTE's,1963,4750.0
a2025,FRA.1.0.0.0.FETM,FETM,"Emploi manufacturier C, ETP",1000 FTE's,1964,4836.0
a2025,FRA.1.0.0.0.FETM,FETM,"Emploi manufacturier C, ETP",1000 FTE's,1965,4781.0
a2025,FRA.1.0.0.0.FETM,FETM,"Emploi manufacturier C, ETP",1000 FTE's,1966,4799.0
a2025,FRA.1.0.0.0.FETM,FETM,"Emploi manufacturier C, ETP",1000 FTE's,1967,4771.0
a2025,FRA.1.0.0.0.FETM,FETM,"Emploi manufacturier C, ETP",1000 FTE's,1968,4677.0
a2025,FRA.1.0.0.0.FETM,FETM,"Emploi manufacturier C, ETP",1000 FTE's,1969,4803.0
a2025,FRA.1.0.0.0.FETM,FETM,"Emploi manufacturier C, ETP",1000 FTE's,1970,4912.0
a2025,FRA.1.0.0.0.FETM,FETM,"Emploi manufacturier C, ETP",1000 FTE's,1971,4968.0
a2025,FRA.1.0.0.0.FETM,FETM,"Emploi manufacturier C, ETP",1000 FTE's,1972,5028.0
a2025,FRA.1.0.0.0.FETM,FETM,"Emploi manufacturier C, ETP",1000 FTE's,1973,5136.0
a2025,FRA.1.0.0.0.FETM,FETM,"Emploi manufacturier C, ETP",1000 FTE's,1974,5200.0
a2025,FRA.1.0.0.0.FETM,FETM,"Emploi manufacturier C, ETP",1000 FTE's,1975,5083.0
a2025,FRA.1.0.0.0.FETM,FETM,"Emploi manufacturier C, ETP",1000 FTE's,1976,5071.0
a2025,FRA.1.0.0.0.FETM,FETM,"Emploi manufacturier C, ETP",1000 FTE's,1977,5072.0
a2025,FRA.1.0.0.0.FETM,FETM,"Emploi manufacturier C, ETP",1000 FTE's,1978,5024.0
a2025,FRA.1.0.0.0.FETM,FETM,"Emploi manufacturier C, ETP",1000 FTE's,1979,4948.0
a2025,FRA.1.0.0.0.FETM,FETM,"Emploi manufacturier C, ETP",1000 FTE's,1980,4890.0
a2025,FRA.1.0.0.0.FETM,FETM,"Emploi manufacturier C, ETP",1000 FTE's,1981,4731.0
a2025,FRA.1.0.0.0.FETM,FETM,"Emploi manufacturier C, ETP",1000 FTE's,1982,4653.0
a2025,FRA.1.0.0.0.FETM,FETM,"Emploi manufacturier C, ETP",1000 FTE's,1983,4564.0
a2025,FRA.1.0.0.0.FETM,FETM,"Emploi manufacturier C, ETP",1000 FTE's,1984,4421.0
a2025,FRA.1.0.0.0.FETM,FETM,"Emploi manufacturier C, ETP",1000 FTE's,1985,4299.0
a2025,FRA.1.0.0.0.FETM,FETM,"Emploi manufacturier C, ETP",1000 FTE's,1986,4214.0
a2025,FRA.1.0.0.0.FETM,FETM,"Emploi manufacturier C, ETP",1000 FTE's,1987,4112.0
a2025,FRA.1.0.0.0.FETM,FETM,"Emploi manufacturier C, ETP",1000 FTE's,1988,4052.0
a2025,FRA.1.0.0.0.FETM,FETM,"Emploi manufacturier C, ETP",1000 FTE's,1989,4071.0
a2025,FRA.1.0.0.0.FETM,FETM,"Emploi manufacturier C, ETP",1000 FTE's,1990,4086.0
a2025,FRA.1.0.0.0.FETM,FETM,"Emploi manufacturier C, ETP",1000 FTE's,1991,4017.0
a2025,FRA.1.0.0.0.FETM,FETM,"Emploi manufacturier C, ETP",1000 FTE's,1992,3876.0
a2025,FRA.1.0.0.0.FETM,FETM,"Emploi manufacturier C, ETP",1000 FTE's,1993,3687.0
a2025,FRA.1.0.0.0.FETM,FETM,"Emploi manufacturier C, ETP",1000 FTE's,1994,3577.0
a2025,FRA.1.0.0.0.FETM,FETM,"Emploi manufacturier C, ETP",1000 FTE's,1995,3573.0
a2025,FRA.1.0.0.0.FETM,FETM,"Emploi manufacturier C, ETP",1000 FTE's,1996,3536.0
a2025,FRA.1.0.0.0.FETM,FETM,"Emploi manufacturier C, ETP",1000 FTE's,1997,3497.0
a2025,FRA.1.0.0.0.FETM,FETM,"Emploi manufacturier C, ETP",1000 FTE's,1998,3485.0
a2025,FRA.1.0.0.0.FETM,FETM,"Emploi manufacturier C, ETP",1000 FTE's,1999,3462.0
a2025,FRA.1.0.0.0.FETM,FETM,"Emploi manufacturier C, ETP",1000 FTE's,2000,3480.0
a2025,FRA.1.0.0.0.FETM,FETM,"Emploi manufacturier C, ETP",1000 FTE's,2001,3492.0
a2025,FRA.1.0.0.0.FETM,FETM,"Emploi manufacturier C, ETP",1000 FTE's,2002,3423.0
a2025,FRA.1.0.0.0.FETM,FETM,"Emploi manufacturier C, ETP",1000 FTE's,2003,3342.0
a2025,FRA.1.0.0.0.FETM,FETM,"Emploi manufacturier C, ETP",1000 FTE's,2004,3229.0
a2025,FRA.1.0.0.0.FETM,FETM,"Emploi manufacturier C, ETP",1000 FTE's,2005,3162.0
a2025,FRA.1.0.0.0.FETM,FETM,"Emploi manufacturier C, ETP",1000 FTE's,2006,3118.0
a2025,FRA.1.0.0.0.FETM,FETM,"Emploi manufacturier C, ETP",1000 FTE's,2007,3087.0
a2025,FRA.1.0.0.0.FETM,FETM,"Emploi manufacturier C, ETP",1000 FTE's,2008,3045.0
a2025,FRA.1.0.0.0.FETM,FETM,"Emploi manufacturier C, ETP",1000 FTE's,2009,2903.0
a2025,FRA.1.0.0.0.FETM,FETM,"Emploi manufacturier C, ETP",1000 FTE's,2010,2777.0
a2025,FRA.1.0.0.0.FETM,FETM,"Emploi manufacturier C, ETP",1000 FTE's,2011,2755.0
a2025,FRA.1.0.0.0.FETM,FETM,"Emploi manufacturier C, ETP",1000 FTE's,2012,2732.0
a2025,FRA.1.0.0.0.FETM,FETM,"Emploi manufacturier C, ETP",1000 FTE's,2013,2698.0
a2025,FRA.1.0.0.0.FETM,FETM,"Emploi manufacturier C, ETP",1000 FTE's,2014,2680.0
a2025,FRA.1.0.0.0.FETM,FETM,"Emploi manufacturier C, ETP",1000 FTE's,2015,2633.0
a2025,FRA.1.0.0.0.FETM,FETM,"Emploi manufacturier C, ETP",1000 FTE's,2016,2617.0
a2025,FRA.1.0.0.0.FETM,FETM,"Emploi manufacturier C, ETP",1000 FTE's,2017,2595.0
a2025,FRA.1.0.0.0.FETM,FETM,"Emploi manufacturier C, ETP",1000 FTE's,2018,2596.0
a2025,FRA.1.0.0.0.FETM,FETM,"Emploi manufacturier C, ETP",1000 FTE's,2019,2675.0
a2025,FRA.1.0.0.0.FETM,FETM,"Emploi manufacturier C, ETP",1000 FTE's,2020,2660.0
a2025,FRA.1.0.0.0.FETM,FETM,"Emploi manufacturier C, ETP",1000 FTE's,2021,2684.0
a2025,FRA.1.0.0.0.FETM,FETM,"Emploi manufacturier C, ETP",1000 FTE's,2022,2732.0
a2025,FRA.1.0.0.0.FETM,FETM,"Emploi manufacturier C, ETP",1000 FTE's,2023,2763.0
a2025,FRA.1.0.0.0.FETM,FETM,"Emploi manufacturier C, ETP",1000 FTE's,2024,2785.0
a2025,FRA.1.1.0.0.UVG0,UVG0,"VA brute, total des branches, prix courants",Mrd EURO-FRF,1960,40.8911
a2025,FRA.1.1.0.0.UVG0,UVG0,"VA brute, total des branches, prix courants",Mrd EURO-FRF,1961,44.3103
a2025,FRA.1.1.0.0.UVG0,UVG0,"VA brute, total des branches, prix courants",Mrd EURO-FRF,1962,49.6085
a2025,FRA.1.1.0.0.UVG0,UVG0,"VA brute, total des branches, prix courants",Mrd EURO-FRF,1963,55.4189
a2025,FRA.1.1.0.0.UVG0,UVG0,"VA brute, total des branches, prix courants",Mrd EURO-FRF,1964,61.3365
a2025,FRA.1.1.0.0.UVG0,UVG0,"VA brute, total des branches, prix courants",Mrd EURO-FRF,1965,66.4387
a2025,FRA.1.1.0.0.UVG0,UVG0,"VA brute, total des branches, prix courants",Mrd EURO-FRF,1966,72.0016
a2025,FRA.1.1.0.0.UVG0,UVG0,"VA brute, total des branches, prix courants",Mrd EURO-FRF,1967,78.0423
a2025,FRA.1.1.0.0.UVG0,UVG0,"VA brute, total des branches, prix courants",Mrd EURO-FRF,1968,85.8998
a2025,FRA.1.1.0.0.UVG0,UVG0,"VA brute, total des branches, prix courants",Mrd EURO-FRF,1969,97.3877
a2025,FRA.1.1.0.0.UVG0,UVG0,"VA brute, total des branches, prix courants",Mrd EURO-FRF,1970,109.8378
a2025,FRA.1.1.0.0.UVG0,UVG0,"VA brute, total des branches, prix courants",Mrd EURO-FRF,1971,122.6757
a2025,FRA.1.1.0.0.UVG0,UVG0,"VA brute, total des branches, prix courants",Mrd EURO-FRF,1972,136.5961
a2025,FRA.1.1.0.0.UVG0,UVG0,"VA brute, total des branches, prix courants",Mrd EURO-FRF,1973,157.7917
a2025,FRA.1.1.0.0.UVG0,UVG0,"VA brute, total des branches, prix courants",Mrd EURO-FRF,1974,184.1301
a2025,FRA.1.1.0.0.UVG0,UVG0,"VA brute, total des branches, prix courants",Mrd EURO-FRF,1975,208.0035
a2025,FRA.1.1.0.0.UVG0,UVG0,"VA brute, total des branches, prix courants",Mrd EURO-FRF,1976,239.186
a2025,FRA.1.1.0.0.UVG0,UVG0,"VA brute, total des branches, prix courants",Mrd EURO-FRF,1977,271.9167
a2025,FRA.1.1.0.0.UVG0,UVG0,"VA brute, total des branches, prix courants",Mrd EURO-FRF,1978,307.5048
a2025,FRA.1.1.0.0.UVG0,UVG0,"VA brute, total des branches, prix courants",Mrd EURO-FRF,1979,349.342
a2025,FRA.1.1.0.0.UVG0,UVG0,"VA brute, total des branches, prix courants",Mrd EURO-FRF,1980,398.2929
a2025,FRA.1.1.0.0.UVG0,UVG0,"VA brute, total des branches, prix courants",Mrd EURO-FRF,1981,449.9487
a2025,FRA.1.1.0.0.UVG0,UVG0,"VA brute, total des branches, prix courants",Mrd EURO-FRF,1982,515.3035
a2025,FRA.1.1.0.0.UVG0,UVG0,"VA brute, total des branches, prix courants",Mrd EURO-FRF,1983,572.0731
a2025,FRA.1.1.0.0.UVG0,UVG0,"VA brute, total des branches, prix courants",Mrd EURO-FRF,1984,622.185
a2025,FRA.1.1.0.0.UVG0,UVG0,"VA brute, total des branches, prix courants",Mrd EURO-FRF,1985,665.4255
a2025,FRA.1.1.0.0.UVG0,UVG0,"VA brute, total des branches, prix courants",Mrd EURO-FRF,1986,719.5306
a2025,FRA.1.1.0.0.UVG0,UVG0,"VA brute, total des branches, prix courants",Mrd EURO-FRF,1987,755.9245
a2025,FRA.1.1.0.0.UVG0,UVG0,"VA brute, total des branches, prix courants",Mrd EURO-FRF,1988,816.6654
a2025,FRA.1.1.0.0.UVG0,UVG0,"VA brute, total des branches, prix courants",Mrd EURO-FRF,1989,882.142
a2025,FRA.1.1.0.0.UVG0,UVG0,"VA brute, total des branches, prix courants",Mrd EURO-FRF,1990,933.9383
a2025,FRA.1.1.0.0.UVG0,UVG0,"VA brute, total des branches, prix courants",Mrd EURO-FRF,1991,969.9732
a2025,FRA.1.1.0.0.UVG0,UVG0,"VA brute, total des branches, prix courants",Mrd EURO-FRF,1992,1009.4191
a2025,FRA.1.1.0.0.UVG0,UVG0,"VA brute, total des branches, prix courants",Mrd EURO-FRF,1993,1021.9619
a2025,FRA.1.1.0.0.UVG0,UVG0,"VA brute, total des branches, prix courants",Mrd EURO-FRF,1994,1049.1501
a2025,FRA.1.1.0.0.UVG0,UVG0,"VA brute, total des branches, prix courants",Mrd EURO-FRF,1995,1085.1155
a2025,FRA.1.1.0.0.UVG0,UVG0,"VA brute, total des branches, prix courants",Mrd EURO-FRF,1996,1110.4313
a2025,FRA.1.1.0.0.UVG0,UVG0,"VA brute, total des branches, prix courants",Mrd EURO-FRF,1997,1149.2863
a2025,FRA.1.1.0.0.UVG0,UVG0,"VA brute, total des branches, prix courants",Mrd EURO-FRF,1998,1199.9799
a2025,FRA.1.1.0.0.UVG0,UVG0,"VA brute, total des branches, prix courants",Mrd EURO-FRF,1999,1243.9606
a2025,FRA.1.1.0.0.UVG0,UVG0,"VA brute, total des branches, prix courants",Mrd EURO-FRF,2000,1319.2543
a2025,FRA.1.1.0.0.UVG0,UVG0,"VA brute, total des branches, prix courants",Mrd EURO-FRF,2001,1373.8171
a2025,FRA.1.1.0.0.UVG0,UVG0,"VA brute, total des branches, prix courants",Mrd EURO-FRF,2002,1417.4817
a2025,FRA.1.1.0.0.UVG0,UVG0,"VA brute, total des branches, prix courants",Mrd EURO-FRF,2003,1457.7767
a2025,FRA.1.1.0.0.UVG0,UVG0,"VA brute, total des branches, prix courants",Mrd EURO-FRF,2004,1521.91
a2025,FRA.1.1.0.0.UVG0,UVG0,"VA brute, total des branches, prix courants",Mrd EURO-FRF,2005,1579.6677
a2025,FRA.1.1.0.0.UVG0,UVG0,"VA brute, total des branches, prix courants",Mrd EURO-FRF,2006,1649.4399
a2025,FRA.1.1.0.0.UVG0,UVG0,"VA brute, total des branches, prix courants",Mrd EURO-FRF,2007,1736.1599
a2025,FRA.1.1.0.0.UVG0,UVG0,"VA brute, total des branches, prix courants",Mrd EURO-FRF,2008,1787.4606
a2025,FRA.1.1.0.0.UVG0,UVG0,"VA brute, total des branches, prix courants",Mrd EURO-FRF,2009,1743.5733
a2025,FRA.1.1.0.0.UVG0,UVG0,"VA brute, total des branches, prix courants",Mrd EURO-FRF,2010,1792.5976
a2025,FRA.1.1.0.0.UVG0,UVG0,"VA brute, total des branches, prix courants",Mrd EURO-FRF,2011,1845.7821
a2025,FRA.1.1.0.0.UVG0,UVG0,"VA brute, total des branches, prix courants",Mrd EURO-FRF,2012,1866.7166
a2025,FRA.1.1.0.0.UVG0,UVG0,"VA brute, total des branches, prix courants",Mrd EURO-FRF,2013,1894.345
a2025,FRA.1.1.0.0.UVG0,UVG0,"VA brute, total des branches, prix courants",Mrd EURO-FRF,2014,1921.8064
a2025,FRA.1.1.0.0.UVG0,UVG0,"VA brute, total des branches, prix courants",Mrd EURO-FRF,2015,1960.3273
a2025,FRA.1.1.0.0.UVG0,UVG0,"VA brute, total des branches, prix courants",Mrd EURO-FRF,2016,1983.7377
a2025,FRA.1.1.0.0.UVG0,UVG0,"VA brute, total des branches, prix courants",Mrd EURO-FRF,2017,2029.7058
a2025,FRA.1.1.0.0.UVG0,UVG0,"VA brute, total des branches, prix courants",Mrd EURO-FRF,2018,2081.9779
a2025,FRA.1.1.0.0.UVG0,UVG0,"VA brute, total des branches, prix courants",Mrd EURO-FRF,2019,2150.6898
a2025,FRA.1.1.0.0.UVG0,UVG0,"VA brute, total des branches, prix courants",Mrd EURO-FRF,2020,2056.5452
a2025,FRA.1.1.0.0.UVG0,UVG0,"VA brute, total des branches, prix courants",Mrd EURO-FRF,2021,2212.7644
a2025,FRA.1.1.0.0.UVG0,UVG0,"VA brute, total des branches, prix courants",Mrd EURO-FRF,2022,2368.6094
a2025,FRA.1.1.0.0.UVG0,UVG0,"VA brute, total des branches, prix courants",Mrd EURO-FRF,2023,2538.4504
a2025,FRA.1.1.0.0.UVG0,UVG0,"VA brute, total des branches, prix courants",Mrd EURO-FRF,2024,2611.095
a2025,FRA.1.1.0.0.UVG0,UVG0,"VA brute, total des branches, prix courants",Mrd EURO-FRF,2025,2662.26912
a2025,FRA.1.1.0.0.UVG0,UVG0,"VA brute, total des branches, prix courants",Mrd EURO-FRF,2026,2727.98029
a2025,FRA.1.1.0.0.UVG0,UVG0,"VA brute, total des branches, prix courants",Mrd EURO-FRF,2027,2817.95971
a2025,FRA.1.1.0.0.UVG1,UVG1,"VA agriculture, prix courants",Mrd EURO-FRF,1960,4.7326
a2025,FRA.1.1.0.0.UVG1,UVG1,"VA agriculture, prix courants",Mrd EURO-FRF,1961,4.4067
a2025,FRA.1.1.0.0.UVG1,UVG1,"VA agriculture, prix courants",Mrd EURO-FRF,1962,5.3339
a2025,FRA.1.1.0.0.UVG1,UVG1,"VA agriculture, prix courants",Mrd EURO-FRF,1963,5.3638
a2025,FRA.1.1.0.0.UVG1,UVG1,"VA agriculture, prix courants",Mrd EURO-FRF,1964,5.3801
a2025,FRA.1.1.0.0.UVG1,UVG1,"VA agriculture, prix courants",Mrd EURO-FRF,1965,5.6632
a2025,FRA.1.1.0.0.UVG1,UVG1,"VA agriculture, prix courants",Mrd EURO-FRF,1966,5.9697
a2025,FRA.1.1.0.0.UVG1,UVG1,"VA agriculture, prix courants",Mrd EURO-FRF,1967,6.4252
a2025,FRA.1.1.0.0.UVG1,UVG1,"VA agriculture, prix courants",Mrd EURO-FRF,1968,6.7805
a2025,FRA.1.1.0.0.UVG1,UVG1,"VA agriculture, prix courants",Mrd EURO-FRF,1969,7.0918
a2025,FRA.1.1.0.0.UVG1,UVG1,"VA agriculture, prix courants",Mrd EURO-FRF,1970,7.8873
a2025,FRA.1.1.0.0.UVG1,UVG1,"VA agriculture, prix courants",Mrd EURO-FRF,1971,8.0589
a2025,FRA.1.1.0.0.UVG1,UVG1,"VA agriculture, prix courants",Mrd EURO-FRF,1972,10.0343
a2025,FRA.1.1.0.0.UVG1,UVG1,"VA agriculture, prix courants",Mrd EURO-FRF,1973,11.4817
a2025,FRA.1.1.0.0.UVG1,UVG1,"VA agriculture, prix courants",Mrd EURO-FRF,1974,10.6358
a2025,FRA.1.1.0.0.UVG1,UVG1,"VA agriculture, prix courants",Mrd EURO-FRF,1975,10.6393
a2025,FRA.1.1.0.0.UVG1,UVG1,"VA agriculture, prix courants",Mrd EURO-FRF,1976,11.6128
a2025,FRA.1.1.0.0.UVG1,UVG1,"VA agriculture, prix courants",Mrd EURO-FRF,1977,12.4007
a2025,FRA.1.1.0.0.UVG1,UVG1,"VA agriculture, prix courants",Mrd EURO-FRF,1978,13.6338
a2025,FRA.1.1.0.0.UVG1,UVG1,"VA agriculture, prix courants",Mrd EURO-FRF,1979,15.4448
a2025,FRA.1.1.0.0.UVG1,UVG1,"VA agriculture, prix courants",Mrd EURO-FRF,1980,15.2821
a2025,FRA.1.1.0.0.UVG1,UVG1,"VA agriculture, prix courants",Mrd EURO-FRF,1981,16.8536
a2025,FRA.1.1.0.0.UVG1,UVG1,"VA agriculture, prix courants",Mrd EURO-FRF,1982,22.247
a2025,FRA.1.1.0.0.UVG1,UVG1,"VA agriculture, prix courants",Mrd EURO-FRF,1983,21.8315
a2025,FRA.1.1.0.0.UVG1,UVG1,"VA agriculture, prix courants",Mrd EURO-FRF,1984,22.1458
a2025,FRA.1.1.0.0.UVG1,UVG1,"VA agriculture, prix courants",Mrd EURO-FRF,1985,23.6285
a2025,FRA.1.1.0.0.UVG1,UVG1,"VA agriculture, prix courants",Mrd EURO-FRF,1986,24.7012
a2025,FRA.1.1.0.0.UVG1,UVG1,"VA agriculture, prix courants",Mrd EURO-FRF,1987,24.8064
a2025,FRA.1.1.0.0.UVG1,UVG1,"VA agriculture, prix courants",Mrd EURO-FRF,1988,24.7204
a2025,FRA.1.1.0.0.UVG1,UVG1,"VA agriculture, prix courants",Mrd EURO-FRF,1989,29.2695
a2025,FRA.1.1.0.0.UVG1,UVG1,"VA agriculture, prix courants",Mrd EURO-FRF,1990,31.089
a2025,FRA.1.1.0.0.UVG1,UVG1,"VA agriculture, prix courants",Mrd EURO-FRF,1991,26.7652
a2025,FRA.1.1.0.0.UVG1,UVG1,"VA agriculture, prix courants",Mrd EURO-FRF,1992,27.5805
a2025,FRA.1.1.0.0.UVG1,UVG1,"VA agriculture, prix courants",Mrd EURO-FRF,1993,24.6443
a2025,FRA.1.1.0.0.UVG1,UVG1,"VA agriculture, prix courants",Mrd EURO-FRF,1994,26.6345
a2025,FRA.1.1.0.0.UVG1,UVG1,"VA agriculture, prix courants",Mrd EURO-FRF,1995,28.0799
a2025,FRA.1.1.0.0.UVG1,UVG1,"VA agriculture, prix courants",Mrd EURO-FRF,1996,28.3719
a2025,FRA.1.1.0.0.UVG1,UVG1,"VA agriculture, prix courants",Mrd EURO-FRF,1997,28.5721
a2025,FRA.1.1.0.0.UVG1,UVG1,"VA agriculture, prix courants",Mrd EURO-FRF,1998,30.0977
a2025,FRA.1.1.0.0.UVG1,UVG1,"VA agriculture, prix courants",Mrd EURO-FRF,1999,29.5314
a2025,FRA.1.1.0.0.UVG1,UVG1,"VA agriculture, prix courants",Mrd EURO-FRF,2000,29.2419
a2025,FRA.1.1.0.0.UVG1,UVG1,"VA agriculture, prix courants",Mrd EURO-FRF,2001,30.636
a2025,FRA.1.1.0.0.UVG1,UVG1,"VA agriculture, prix courants",Mrd EURO-FRF,2002,30.048
a2025,FRA.1.1.0.0.UVG1,UVG1,"VA agriculture, prix courants",Mrd EURO-FRF,2003,28.3192
a2025,FRA.1.1.0.0.UVG1,UVG1,"VA agriculture, prix courants",Mrd EURO-FRF,2004,29.1762
a2025,FRA.1.1.0.0.UVG1,UVG1,"VA agriculture, prix courants",Mrd EURO-FRF,2005,27.888
a2025,FRA.1.1.0.0.UVG1,UVG1,"VA agriculture, prix courants",Mrd EURO-FRF,2006,26.3439
a2025,FRA.1.1.0.0.UVG1,UVG1,"VA agriculture, prix courants",Mrd EURO-FRF,2007,29.3923
a2025,FRA.1.1.0.0.UVG1,UVG1,"VA agriculture, prix courants",Mrd EURO-FRF,2008,28.2641
a2025,FRA.1.1.0.0.UVG1,UVG1,"VA agriculture, prix courants",Mrd EURO-FRF,2009,23.8576
a2025,FRA.1.1.0.0.UVG1,UVG1,"VA agriculture, prix courants",Mrd EURO-FRF,2010,29.9587
a2025,FRA.1.1.0.0.UVG1,UVG1,"VA agriculture, prix courants",Mrd EURO-FRF,2011,31.9915
a2025,FRA.1.1.0.0.UVG1,UVG1,"VA agriculture, prix courants",Mrd EURO-FRF,2012,31.8661
a2025,FRA.1.1.0.0.UVG1,UVG1,"VA agriculture, prix courants",Mrd EURO-FRF,2013,28.8665
a2025,FRA.1.1.0.0.UVG1,UVG1,"VA agriculture, prix courants",Mrd EURO-FRF,2014,31.4778
a2025,FRA.1.1.0.0.UVG1,UVG1,"VA agriculture, prix courants",Mrd EURO-FRF,2015,33.1003
a2025,FRA.1.1.0.0.UVG1,UVG1,"VA agriculture, prix courants",Mrd EURO-FRF,2016,29.8614
a2025,FRA.1.1.0.0.UVG1,UVG1,"VA agriculture, prix courants",Mrd EURO-FRF,2017,32.8847
a2025,FRA.1.1.0.0.UVG1,UVG1,"VA agriculture, prix courants",Mrd EURO-FRF,2018,36.063
a2025,FRA.1.1.0.0.UVG1,UVG1,"VA agriculture, prix courants",Mrd EURO-FRF,2019,34.2524
a2025,FRA.1.1.0.0.UVG1,UVG1,"VA agriculture, prix courants",Mrd EURO-FRF,2020,33.8569
a2025,FRA.1.1.0.0.UVG1,UVG1,"VA agriculture, prix courants",Mrd EURO-FRF,2021,36.7022
a2025,FRA.1.1.0.0.UVG1,UVG1,"VA agriculture, prix courants",Mrd EURO-FRF,2022,45.6533
a2025,FRA.1.1.0.0.UVG1,UVG1,"VA agriculture, prix courants",Mrd EURO-FRF,2023,41.9673
a2025,FRA.1.1.0.0.UVG1,UVG1,"VA agriculture, prix courants",Mrd EURO-FRF,2024,37.9527
a2025,FRA.1.1.0.0.UVG2,UVG2,"VA industrie hors construction (NACE B-E), prix courants",Mrd EURO-FRF,1960,11.5439
a2025,FRA.1.1.0.0.UVG2,UVG2,"VA industrie hors construction (NACE B-E), prix courants",Mrd EURO-FRF,1961,12.5456
a2025,FRA.1.1.0.0.UVG2,UVG2,"VA industrie hors construction (NACE B-E), prix courants",Mrd EURO-FRF,1962,13.5115
a2025,FRA.1.1.0.0.UVG2,UVG2,"VA industrie hors construction (NACE B-E), prix courants",Mrd EURO-FRF,1963,15.0197
a2025,FRA.1.1.0.0.UVG2,UVG2,"VA industrie hors construction (NACE B-E), prix courants",Mrd EURO-FRF,1964,16.6703
a2025,FRA.1.1.0.0.UVG2,UVG2,"VA industrie hors construction (NACE B-E), prix courants",Mrd EURO-FRF,1965,17.7596
a2025,FRA.1.1.0.0.UVG2,UVG2,"VA industrie hors construction (NACE B-E), prix courants",Mrd EURO-FRF,1966,19.1286
a2025,FRA.1.1.0.0.UVG2,UVG2,"VA industrie hors construction (NACE B-E), prix courants",Mrd EURO-FRF,1967,20.2995
a2025,FRA.1.1.0.0.UVG2,UVG2,"VA industrie hors construction (NACE B-E), prix courants",Mrd EURO-FRF,1968,21.8064
a2025,FRA.1.1.0.0.UVG2,UVG2,"VA industrie hors construction (NACE B-E), prix courants",Mrd EURO-FRF,1969,24.5495
a2025,FRA.1.1.0.0.UVG2,UVG2,"VA industrie hors construction (NACE B-E), prix courants",Mrd EURO-FRF,1970,27.5996
a2025,FRA.1.1.0.0.UVG2,UVG2,"VA industrie hors construction (NACE B-E), prix courants",Mrd EURO-FRF,1971,31.0151
a2025,FRA.1.1.0.0.UVG2,UVG2,"VA industrie hors construction (NACE B-E), prix courants",Mrd EURO-FRF,1972,33.6768
a2025,FRA.1.1.0.0.UVG2,UVG2,"VA industrie hors construction (NACE B-E), prix courants",Mrd EURO-FRF,1973,39.3067
a2025,FRA.1.1.0.0.UVG2,UVG2,"VA industrie hors construction (NACE B-E), prix courants",Mrd EURO-FRF,1974,46.1101
a2025,FRA.1.1.0.0.UVG2,UVG2,"VA industrie hors construction (NACE B-E), prix courants",Mrd EURO-FRF,1975,50.7501
a2025,FRA.1.1.0.0.UVG2,UVG2,"VA industrie hors construction (NACE B-E), prix courants",Mrd EURO-FRF,1976,58.4235
a2025,FRA.1.1.0.0.UVG2,UVG2,"VA industrie hors construction (NACE B-E), prix courants",Mrd EURO-FRF,1977,65.8653
a2025,FRA.1.1.0.0.UVG2,UVG2,"VA industrie hors construction (NACE B-E), prix courants",Mrd EURO-FRF,1978,74.0682
a2025,FRA.1.1.0.0.UVG2,UVG2,"VA industrie hors construction (NACE B-E), prix courants",Mrd EURO-FRF,1979,83.3431
a2025,FRA.1.1.0.0.UVG2,UVG2,"VA industrie hors construction (NACE B-E), prix courants",Mrd EURO-FRF,1980,94.0905
a2025,FRA.1.1.0.0.UVG2,UVG2,"VA industrie hors construction (NACE B-E), prix courants",Mrd EURO-FRF,1981,104.5651
a2025,FRA.1.1.0.0.UVG2,UVG2,"VA industrie hors construction (NACE B-E), prix courants",Mrd EURO-FRF,1982,116.6909
a2025,FRA.1.1.0.0.UVG2,UVG2,"VA industrie hors construction (NACE B-E), prix courants",Mrd EURO-FRF,1983,130.1248
a2025,FRA.1.1.0.0.UVG2,UVG2,"VA industrie hors construction (NACE B-E), prix courants",Mrd EURO-FRF,1984,140.554
a2025,FRA.1.1.0.0.UVG2,UVG2,"VA industrie hors construction (NACE B-E), prix courants",Mrd EURO-FRF,1985,151.1574
a2025,FRA.1.1.0.0.UVG2,UVG2,"VA industrie hors construction (NACE B-E), prix courants",Mrd EURO-FRF,1986,158.6135
a2025,FRA.1.1.0.0.UVG2,UVG2,"VA industrie hors construction (NACE B-E), prix courants",Mrd EURO-FRF,1987,162.0518
a2025,FRA.1.1.0.0.UVG2,UVG2,"VA industrie hors construction (NACE B-E), prix courants",Mrd EURO-FRF,1988,173.2518
a2025,FRA.1.1.0.0.UVG2,UVG2,"VA industrie hors construction (NACE B-E), prix courants",Mrd EURO-FRF,1989,184.0812
a2025,FRA.1.1.0.0.UVG2,UVG2,"VA industrie hors construction (NACE B-E), prix courants",Mrd EURO-FRF,1990,195.0945
a2025,FRA.1.1.0.0.UVG2,UVG2,"VA industrie hors construction (NACE B-E), prix courants",Mrd EURO-FRF,1991,201.0632
a2025,FRA.1.1.0.0.UVG2,UVG2,"VA industrie hors construction (NACE B-E), prix courants",Mrd EURO-FRF,1992,205.1228
a2025,FRA.1.1.0.0.UVG2,UVG2,"VA industrie hors construction (NACE B-E), prix courants",Mrd EURO-FRF,1993,201.0886
a2025,FRA.1.1.0.0.UVG2,UVG2,"VA industrie hors construction (NACE B-E), prix courants",Mrd EURO-FRF,1994,201.9299
a2025,FRA.1.1.0.0.UVG2,UVG2,"VA industrie hors construction (NACE B-E), prix courants",Mrd EURO-FRF,1995,211.2732
a2025,FRA.1.1.0.0.UVG2,UVG2,"VA industrie hors construction (NACE B-E), prix courants",Mrd EURO-FRF,1996,212.372
a2025,FRA.1.1.0.0.UVG2,UVG2,"VA industrie hors construction (NACE B-E), prix courants",Mrd EURO-FRF,1997,220.2524
a2025,FRA.1.1.0.0.UVG2,UVG2,"VA industrie hors construction (NACE B-E), prix courants",Mrd EURO-FRF,1998,230.3876
a2025,FRA.1.1.0.0.UVG2,UVG2,"VA industrie hors construction (NACE B-E), prix courants",Mrd EURO-FRF,1999,234.6243
a2025,FRA.1.1.0.0.UVG2,UVG2,"VA industrie hors construction (NACE B-E), prix courants",Mrd EURO-FRF,2000,248.0278
a2025,FRA.1.1.0.0.UVG2,UVG2,"VA industrie hors construction (NACE B-E), prix courants",Mrd EURO-FRF,2001,250.2242
a2025,FRA.1.1.0.0.UVG2,UVG2,"VA industrie hors construction (NACE B-E), prix courants",Mrd EURO-FRF,2002,250.9561
a2025,FRA.1.1.0.0.UVG2,UVG2,"VA industrie hors construction (NACE B-E), prix courants",Mrd EURO-FRF,2003,249.1921
a2025,FRA.1.1.0.0.UVG2,UVG2,"VA industrie hors construction (NACE B-E), prix courants",Mrd EURO-FRF,2004,254.0194
a2025,FRA.1.1.0.0.UVG2,UVG2,"VA industrie hors construction (NACE B-E), prix courants",Mrd EURO-FRF,2005,256.1947
a2025,FRA.1.1.0.0.UVG2,UVG2,"VA industrie hors construction (NACE B-E), prix courants",Mrd EURO-FRF,2006,257.9928
a2025,FRA.1.1.0.0.UVG2,UVG2,"VA industrie hors construction (NACE B-E), prix courants",Mrd EURO-FRF,2007,262.8287
a2025,FRA.1.1.0.0.UVG2,UVG2,"VA industrie hors construction (NACE B-E), prix courants",Mrd EURO-FRF,2008,258.5675
a2025,FRA.1.1.0.0.UVG2,UVG2,"VA industrie hors construction (NACE B-E), prix courants",Mrd EURO-FRF,2009,240.67
a2025,FRA.1.1.0.0.UVG2,UVG2,"VA industrie hors construction (NACE B-E), prix courants",Mrd EURO-FRF,2010,243.5222
a2025,FRA.1.1.0.0.UVG2,UVG2,"VA industrie hors construction (NACE B-E), prix courants",Mrd EURO-FRF,2011,253.1492
a2025,FRA.1.1.0.0.UVG2,UVG2,"VA industrie hors construction (NACE B-E), prix courants",Mrd EURO-FRF,2012,255.5354
a2025,FRA.1.1.0.0.UVG2,UVG2,"VA industrie hors construction (NACE B-E), prix courants",Mrd EURO-FRF,2013,260.4504
a2025,FRA.1.1.0.0.UVG2,UVG2,"VA industrie hors construction (NACE B-E), prix courants",Mrd EURO-FRF,2014,262.884
a2025,FRA.1.1.0.0.UVG2,UVG2,"VA industrie hors construction (NACE B-E), prix courants",Mrd EURO-FRF,2015,271.0011
a2025,FRA.1.1.0.0.UVG2,UVG2,"VA industrie hors construction (NACE B-E), prix courants",Mrd EURO-FRF,2016,269.9476
a2025,FRA.1.1.0.0.UVG2,UVG2,"VA industrie hors construction (NACE B-E), prix courants",Mrd EURO-FRF,2017,270.9036
a2025,FRA.1.1.0.0.UVG2,UVG2,"VA industrie hors construction (NACE B-E), prix courants",Mrd EURO-FRF,2018,277.7312
a2025,FRA.1.1.0.0.UVG2,UVG2,"VA industrie hors construction (NACE B-E), prix courants",Mrd EURO-FRF,2019,288.0931
a2025,FRA.1.1.0.0.UVG2,UVG2,"VA industrie hors construction (NACE B-E), prix courants",Mrd EURO-FRF,2020,261.238
a2025,FRA.1.1.0.0.UVG2,UVG2,"VA industrie hors construction (NACE B-E), prix courants",Mrd EURO-FRF,2021,277.5056
a2025,FRA.1.1.0.0.UVG2,UVG2,"VA industrie hors construction (NACE B-E), prix courants",Mrd EURO-FRF,2022,287.5836
a2025,FRA.1.1.0.0.UVG2,UVG2,"VA industrie hors construction (NACE B-E), prix courants",Mrd EURO-FRF,2023,368.2556
a2025,FRA.1.1.0.0.UVG2,UVG2,"VA industrie hors construction (NACE B-E), prix courants",Mrd EURO-FRF,2024,356.5259
a2025,FRA.1.1.0.0.UVG4,UVG4,"VA construction, prix courants",Mrd EURO-FRF,1960,2.6927
a2025,FRA.1.1.0.0.UVG4,UVG4,"VA construction, prix courants",Mrd EURO-FRF,1961,3.0598
a2025,FRA.1.1.0.0.UVG4,UVG4,"VA construction, prix courants",Mrd EURO-FRF,1962,3.5906
a2025,FRA.1.1.0.0.UVG4,UVG4,"VA construction, prix courants",Mrd EURO-FRF,1963,3.8768
a2025,FRA.1.1.0.0.UVG4,UVG4,"VA construction, prix courants",Mrd EURO-FRF,1964,4.6206
a2025,FRA.1.1.0.0.UVG4,UVG4,"VA construction, prix courants",Mrd EURO-FRF,1965,5.2837
a2025,FRA.1.1.0.0.UVG4,UVG4,"VA construction, prix courants",Mrd EURO-FRF,1966,5.6249
a2025,FRA.1.1.0.0.UVG4,UVG4,"VA construction, prix courants",Mrd EURO-FRF,1967,6.098
a2025,FRA.1.1.0.0.UVG4,UVG4,"VA construction, prix courants",Mrd EURO-FRF,1968,6.4608
a2025,FRA.1.1.0.0.UVG4,UVG4,"VA construction, prix courants",Mrd EURO-FRF,1969,7.3937
a2025,FRA.1.1.0.0.UVG4,UVG4,"VA construction, prix courants",Mrd EURO-FRF,1970,8.5429
a2025,FRA.1.1.0.0.UVG4,UVG4,"VA construction, prix courants",Mrd EURO-FRF,1971,9.9177
a2025,FRA.1.1.0.0.UVG4,UVG4,"VA construction, prix courants",Mrd EURO-FRF,1972,11.0592
a2025,FRA.1.1.0.0.UVG4,UVG4,"VA construction, prix courants",Mrd EURO-FRF,1973,12.5022
a2025,FRA.1.1.0.0.UVG4,UVG4,"VA construction, prix courants",Mrd EURO-FRF,1974,13.3148
a2025,FRA.1.1.0.0.UVG4,UVG4,"VA construction, prix courants",Mrd EURO-FRF,1975,15.9255
a2025,FRA.1.1.0.0.UVG4,UVG4,"VA construction, prix courants",Mrd EURO-FRF,1976,17.3009
a2025,FRA.1.1.0.0.UVG4,UVG4,"VA construction, prix courants",Mrd EURO-FRF,1977,19.1931
a2025,FRA.1.1.0.0.UVG4,UVG4,"VA construction, prix courants",Mrd EURO-FRF,1978,22.1619
a2025,FRA.1.1.0.0.UVG4,UVG4,"VA construction, prix courants",Mrd EURO-FRF,1979,25.0307
a2025,FRA.1.1.0.0.UVG4,UVG4,"VA construction, prix courants",Mrd EURO-FRF,1980,29.3576
a2025,FRA.1.1.0.0.UVG4,UVG4,"VA construction, prix courants",Mrd EURO-FRF,1981,30.9795
a2025,FRA.1.1.0.0.UVG4,UVG4,"VA construction, prix courants",Mrd EURO-FRF,1982,35.3039
a2025,FRA.1.1.0.0.UVG4,UVG4,"VA construction, prix courants",Mrd EURO-FRF,1983,37.1536
a2025,FRA.1.1.0.0.UVG4,UVG4,"VA construction, prix courants",Mrd EURO-FRF,1984,38.0793
a2025,FRA.1.1.0.0.UVG4,UVG4,"VA construction, prix courants",Mrd EURO-FRF,1985,39.1434
a2025,FRA.1.1.0.0.UVG4,UVG4,"VA construction, prix courants",Mrd EURO-FRF,1986,45.3598
a2025,FRA.1.1.0.0.UVG4,UVG4,"VA construction, prix courants",Mrd EURO-FRF,1987,48.7595
a2025,FRA.1.1.0.0.UVG4,UVG4,"VA construction, prix courants",Mrd EURO-FRF,1988,54.0988
a2025,FRA.1.1.0.0.UVG4,UVG4,"VA construction, prix courants",Mrd EURO-FRF,1989,55.0443
a2025,FRA.1.1.0.0.UVG4,UVG4,"VA construction, prix courants",Mrd EURO-FRF,1990,58.1785
a2025,FRA.1.1.0.0.UVG4,UVG4,"VA construction, prix courants",Mrd EURO-FRF,1991,59.9603
a2025,FRA.1.1.0.0.UVG4,UVG4,"VA construction, prix courants",Mrd EURO-FRF,1992,62.027
a2025,FRA.1.1.0.0.UVG4,UVG4,"VA construction, prix courants",Mrd EURO-FRF,1993,58.1243
a2025,FRA.1.1.0.0.UVG4,UVG4,"VA construction, prix courants",Mrd EURO-FRF,1994,56.0932
a2025,FRA.1.1.0.0.UVG4,UVG4,"VA construction, prix courants",Mrd EURO-FRF,1995,56.9515
a2025,FRA.1.1.0.0.UVG4,UVG4,"VA construction, prix courants",Mrd EURO-FRF,1996,54.9794
a2025,FRA.1.1.0.0.UVG4,UVG4,"VA construction, prix courants",Mrd EURO-FRF,1997,54.8749
a2025,FRA.1.1.0.0.UVG4,UVG4,"VA construction, prix courants",Mrd EURO-FRF,1998,55.5298
a2025,FRA.1.1.0.0.UVG4,UVG4,"VA construction, prix courants",Mrd EURO-FRF,1999,58.5138
a2025,FRA.1.1.0.0.UVG4,UVG4,"VA construction, prix courants",Mrd EURO-FRF,2000,63.307
a2025,FRA.1.1.0.0.UVG4,UVG4,"VA construction, prix courants",Mrd EURO-FRF,2001,67.4801
a2025,FRA.1.1.0.0.UVG4,UVG4,"VA construction, prix courants",Mrd EURO-FRF,2002,70.4568
a2025,FRA.1.1.0.0.UVG4,UVG4,"VA construction, prix courants",Mrd EURO-FRF,2003,74.0258
a2025,FRA.1.1.0.0.UVG4,UVG4,"VA construction, prix courants",Mrd EURO-FRF,2004,79.5828
a2025,FRA.1.1.0.0.UVG4,UVG4,"VA construction, prix courants",Mrd EURO-FRF,2005,84.8537
a2025,FRA.1.1.0.0.UVG4,UVG4,"VA construction, prix courants",Mrd EURO-FRF,2006,93.0999
a2025,FRA.1.1.0.0.UVG4,UVG4,"VA construction, prix courants",Mrd EURO-FRF,2007,103.4085
a2025,FRA.1.1.0.0.UVG4,UVG4,"VA construction, prix courants",Mrd EURO-FRF,2008,112.2395
a2025,FRA.1.1.0.0.UVG4,UVG4,"VA construction, prix courants",Mrd EURO-FRF,2009,108.165
a2025,FRA.1.1.0.0.UVG4,UVG4,"VA construction, prix courants",Mrd EURO-FRF,2010,107.679
a2025,FRA.1.1.0.0.UVG4,UVG4,"VA construction, prix courants",Mrd EURO-FRF,2011,111.4375
a2025,FRA.1.1.0.0.UVG4,UVG4,"VA construction, prix courants",Mrd EURO-FRF,2012,109.2556
a2025,FRA.1.1.0.0.UVG4,UVG4,"VA construction, prix courants",Mrd EURO-FRF,2013,112.0953
a2025,FRA.1.1.0.0.UVG4,UVG4,"VA construction, prix courants",Mrd EURO-FRF,2014,110.6082
a2025,FRA.1.1.0.0.UVG4,UVG4,"VA construction, prix courants",Mrd EURO-FRF,2015,108.4422
a2025,FRA.1.1.0.0.UVG4,UVG4,"VA construction, prix courants",Mrd EURO-FRF,2016,108.1975
a2025,FRA.1.1.0.0.UVG4,UVG4,"VA construction, prix courants",Mrd EURO-FRF,2017,112.914
a2025,FRA.1.1.0.0.UVG4,UVG4,"VA construction, prix courants",Mrd EURO-FRF,2018,116.2099
a2025,FRA.1.1.0.0.UVG4,UVG4,"VA construction, prix courants",Mrd EURO-FRF,2019,123.1202
a2025,FRA.1.1.0.0.UVG4,UVG4,"VA construction, prix courants",Mrd EURO-FRF,2020,116.007
a2025,FRA.1.1.0.0.UVG4,UVG4,"VA construction, prix courants",Mrd EURO-FRF,2021,125.9911
a2025,FRA.1.1.0.0.UVG4,UVG4,"VA construction, prix courants",Mrd EURO-FRF,2022,130.9293
a2025,FRA.1.1.0.0.UVG4,UVG4,"VA construction, prix courants",Mrd EURO-FRF,2023,143.6589
a2025,FRA.1.1.0.0.UVG4,UVG4,"VA construction, prix courants",Mrd EURO-FRF,2024,145.9932
a2025,FRA.1.1.0.0.UVG5,UVG5,"VA services, prix courants",Mrd EURO-FRF,1960,21.9219
a2025,FRA.1.1.0.0.UVG5,UVG5,"VA services, prix courants",Mrd EURO-FRF,1961,24.2982
a2025,FRA.1.1.0.0.UVG5,UVG5,"VA services, prix courants",Mrd EURO-FRF,1962,27.1725
a2025,FRA.1.1.0.0.UVG5,UVG5,"VA services, prix courants",Mrd EURO-FRF,1963,31.1586
a2025,FRA.1.1.0.0.UVG5,UVG5,"VA services, prix courants",Mrd EURO-FRF,1964,34.6655
a2025,FRA.1.1.0.0.UVG5,UVG5,"VA services, prix courants",Mrd EURO-FRF,1965,37.7322
a2025,FRA.1.1.0.0.UVG5,UVG5,"VA services, prix courants",Mrd EURO-FRF,1966,41.2784
a2025,FRA.1.1.0.0.UVG5,UVG5,"VA services, prix courants",Mrd EURO-FRF,1967,45.2196
a2025,FRA.1.1.0.0.UVG5,UVG5,"VA services, prix courants",Mrd EURO-FRF,1968,50.8521
a2025,FRA.1.1.0.0.UVG5,UVG5,"VA services, prix courants",Mrd EURO-FRF,1969,58.3527
a2025,FRA.1.1.0.0.UVG5,UVG5,"VA services, prix courants",Mrd EURO-FRF,1970,65.808
a2025,FRA.1.1.0.0.UVG5,UVG5,"VA services, prix courants",Mrd EURO-FRF,1971,73.684
a2025,FRA.1.1.0.0.UVG5,UVG5,"VA services, prix courants",Mrd EURO-FRF,1972,81.8258
a2025,FRA.1.1.0.0.UVG5,UVG5,"VA services, prix courants",Mrd EURO-FRF,1973,94.5011
a2025,FRA.1.1.0.0.UVG5,UVG5,"VA services, prix courants",Mrd EURO-FRF,1974,114.0694
a2025,FRA.1.1.0.0.UVG5,UVG5,"VA services, prix courants",Mrd EURO-FRF,1975,130.6886
a2025,FRA.1.1.0.0.UVG5,UVG5,"VA services, prix courants",Mrd EURO-FRF,1976,151.8488
a2025,FRA.1.1.0.0.UVG5,UVG5,"VA services, prix courants",Mrd EURO-FRF,1977,174.4576
a2025,FRA.1.1.0.0.UVG5,UVG5,"VA services, prix courants",Mrd EURO-FRF,1978,197.6409
a2025,FRA.1.1.0.0.UVG5,UVG5,"VA services, prix courants",Mrd EURO-FRF,1979,225.5234
a2025,FRA.1.1.0.0.UVG5,UVG5,"VA services, prix courants",Mrd EURO-FRF,1980,259.5627
a2025,FRA.1.1.0.0.UVG5,UVG5,"VA services, prix courants",Mrd EURO-FRF,1981,297.5505
a2025,FRA.1.1.0.0.UVG5,UVG5,"VA services, prix courants",Mrd EURO-FRF,1982,341.0617
a2025,FRA.1.1.0.0.UVG5,UVG5,"VA services, prix courants",Mrd EURO-FRF,1983,382.9632
a2025,FRA.1.1.0.0.UVG5,UVG5,"VA services, prix courants",Mrd EURO-FRF,1984,421.4059
a2025,FRA.1.1.0.0.UVG5,UVG5,"VA services, prix courants",Mrd EURO-FRF,1985,451.4962
a2025,FRA.1.1.0.0.UVG5,UVG5,"VA services, prix courants",Mrd EURO-FRF,1986,490.8561
a2025,FRA.1.1.0.0.UVG5,UVG5,"VA services, prix courants",Mrd EURO-FRF,1987,520.3068
a2025,FRA.1.1.0.0.UVG5,UVG5,"VA services, prix courants",Mrd EURO-FRF,1988,564.5944
a2025,FRA.1.1.0.0.UVG5,UVG5,"VA services, prix courants",Mrd EURO-FRF,1989,613.747
a2025,FRA.1.1.0.0.UVG5,UVG5,"VA services, prix courants",Mrd EURO-FRF,1990,649.5763
a2025,FRA.1.1.0.0.UVG5,UVG5,"VA services, prix courants",Mrd EURO-FRF,1991,682.1845
a2025,FRA.1.1.0.0.UVG5,UVG5,"VA services, prix courants",Mrd EURO-FRF,1992,714.6888
a2025,FRA.1.1.0.0.UVG5,UVG5,"VA services, prix courants",Mrd EURO-FRF,1993,738.1047
a2025,FRA.1.1.0.0.UVG5,UVG5,"VA services, prix courants",Mrd EURO-FRF,1994,764.4925
a2025,FRA.1.1.0.0.UVG5,UVG5,"VA services, prix courants",Mrd EURO-FRF,1995,788.8109
a2025,FRA.1.1.0.0.UVG5,UVG5,"VA services, prix courants",Mrd EURO-FRF,1996,814.708
a2025,FRA.1.1.0.0.UVG5,UVG5,"VA services, prix courants",Mrd EURO-FRF,1997,845.5869
a2025,FRA.1.1.0.0.UVG5,UVG5,"VA services, prix courants",Mrd EURO-FRF,1998,883.9648
a2025,FRA.1.1.0.0.UVG5,UVG5,"VA services, prix courants",Mrd EURO-FRF,1999,921.2911
a2025,FRA.1.1.0.0.UVG5,UVG5,"VA services, prix courants",Mrd EURO-FRF,2000,978.6776
a2025,FRA.1.1.0.0.UVG5,UVG5,"VA services, prix courants",Mrd EURO-FRF,2001,1025.4768
a2025,FRA.1.1.0.0.UVG5,UVG5,"VA services, prix courants",Mrd EURO-FRF,2002,1066.0208
a2025,FRA.1.1.0.0.UVG5,UVG5,"VA services, prix courants",Mrd EURO-FRF,2003,1106.2396
a2025,FRA.1.1.0.0.UVG5,UVG5,"VA services, prix courants",Mrd EURO-FRF,2004,1159.1316
a2025,FRA.1.1.0.0.UVG5,UVG5,"VA services, prix courants",Mrd EURO-FRF,2005,1210.7313
a2025,FRA.1.1.0.0.UVG5,UVG5,"VA services, prix courants",Mrd EURO-FRF,2006,1272.0033
a2025,FRA.1.1.0.0.UVG5,UVG5,"VA services, prix courants",Mrd EURO-FRF,2007,1340.5304
a2025,FRA.1.1.0.0.UVG5,UVG5,"VA services, prix courants",Mrd EURO-FRF,2008,1388.3895
a2025,FRA.1.1.0.0.UVG5,UVG5,"VA services, prix courants",Mrd EURO-FRF,2009,1370.8807
a2025,FRA.1.1.0.0.UVG5,UVG5,"VA services, prix courants",Mrd EURO-FRF,2010,1411.4377
a2025,FRA.1.1.0.0.UVG5,UVG5,"VA services, prix courants",Mrd EURO-FRF,2011,1449.2039
a2025,FRA.1.1.0.0.UVG5,UVG5,"VA services, prix courants",Mrd EURO-FRF,2012,1470.0595
a2025,FRA.1.1.0.0.UVG5,UVG5,"VA services, prix courants",Mrd EURO-FRF,2013,1492.9328
a2025,FRA.1.1.0.0.UVG5,UVG5,"VA services, prix courants",Mrd EURO-FRF,2014,1516.8364
a2025,FRA.1.1.0.0.UVG5,UVG5,"VA services, prix courants",Mrd EURO-FRF,2015,1547.7837
a2025,FRA.1.1.0.0.UVG5,UVG5,"VA services, prix courants",Mrd EURO-FRF,2016,1575.7312
a2025,FRA.1.1.0.0.UVG5,UVG5,"VA services, prix courants",Mrd EURO-FRF,2017,1613.0035
a2025,FRA.1.1.0.0.UVG5,UVG5,"VA services, prix courants",Mrd EURO-FRF,2018,1651.9738
a2025,FRA.1.1.0.0.UVG5,UVG5,"VA services, prix courants",Mrd EURO-FRF,2019,1705.2241
a2025,FRA.1.1.0.0.UVG5,UVG5,"VA services, prix courants",Mrd EURO-FRF,2020,1645.4433
a2025,FRA.1.1.0.0.UVG5,UVG5,"VA services, prix courants",Mrd EURO-FRF,2021,1772.5655
a2025,FRA.1.1.0.0.UVG5,UVG5,"VA services, prix courants",Mrd EURO-FRF,2022,1904.4432
a2025,FRA.1.1.0.0.UVG5,UVG5,"VA services, prix courants",Mrd EURO-FRF,2023,1984.5686
a2025,FRA.1.1.0.0.UVG5,UVG5,"VA services, prix courants",Mrd EURO-FRF,2024,2070.6232
a2025,FRA.1.0.0.0.UVGM,UVGM,"VA industrie manufacturière (NACE C), prix courants",Mrd EURO-FRF,1960,10.6095
a2025,FRA.1.0.0.0.UVGM,UVGM,"VA industrie manufacturière (NACE C), prix courants",Mrd EURO-FRF,1961,11.5729
a2025,FRA.1.0.0.0.UVGM,UVGM,"VA industrie manufacturière (NACE C), prix courants",Mrd EURO-FRF,1962,12.5187
a2025,FRA.1.0.0.0.UVGM,UVGM,"VA industrie manufacturière (NACE C), prix courants",Mrd EURO-FRF,1963,13.9255
a2025,FRA.1.0.0.0.UVGM,UVGM,"VA industrie manufacturière (NACE C), prix courants",Mrd EURO-FRF,1964,15.4366
a2025,FRA.1.0.0.0.UVGM,UVGM,"VA industrie manufacturière (NACE C), prix courants",Mrd EURO-FRF,1965,16.4589
a2025,FRA.1.0.0.0.UVGM,UVGM,"VA industrie manufacturière (NACE C), prix courants",Mrd EURO-FRF,1966,17.6956
a2025,FRA.1.0.0.0.UVGM,UVGM,"VA industrie manufacturière (NACE C), prix courants",Mrd EURO-FRF,1967,18.6974
a2025,FRA.1.0.0.0.UVGM,UVGM,"VA industrie manufacturière (NACE C), prix courants",Mrd EURO-FRF,1968,19.8621
a2025,FRA.1.0.0.0.UVGM,UVGM,"VA industrie manufacturière (NACE C), prix courants",Mrd EURO-FRF,1969,22.3813
a2025,FRA.1.0.0.0.UVGM,UVGM,"VA industrie manufacturière (NACE C), prix courants",Mrd EURO-FRF,1970,25.0768
a2025,FRA.1.0.0.0.UVGM,UVGM,"VA industrie manufacturière (NACE C), prix courants",Mrd EURO-FRF,1971,28.2825
a2025,FRA.1.0.0.0.UVGM,UVGM,"VA industrie manufacturière (NACE C), prix courants",Mrd EURO-FRF,1972,30.5744
a2025,FRA.1.0.0.0.UVGM,UVGM,"VA industrie manufacturière (NACE C), prix courants",Mrd EURO-FRF,1973,35.7666
a2025,FRA.1.0.0.0.UVGM,UVGM,"VA industrie manufacturière (NACE C), prix courants",Mrd EURO-FRF,1974,42.1349
a2025,FRA.1.0.0.0.UVGM,UVGM,"VA industrie manufacturière (NACE C), prix courants",Mrd EURO-FRF,1975,45.9611
a2025,FRA.1.0.0.0.UVGM,UVGM,"VA industrie manufacturière (NACE C), prix courants",Mrd EURO-FRF,1976,52.8569
a2025,FRA.1.0.0.0.UVGM,UVGM,"VA industrie manufacturière (NACE C), prix courants",Mrd EURO-FRF,1977,59.2661
a2025,FRA.1.0.0.0.UVGM,UVGM,"VA industrie manufacturière (NACE C), prix courants",Mrd EURO-FRF,1978,66.4879
a2025,FRA.1.0.0.0.UVGM,UVGM,"VA industrie manufacturière (NACE C), prix courants",Mrd EURO-FRF,1979,74.0048
a2025,FRA.1.0.0.0.UVGM,UVGM,"VA industrie manufacturière (NACE C), prix courants",Mrd EURO-FRF,1980,82.1726
a2025,FRA.1.0.0.0.UVGM,UVGM,"VA industrie manufacturière (NACE C), prix courants",Mrd EURO-FRF,1981,90.2946
a2025,FRA.1.0.0.0.UVGM,UVGM,"VA industrie manufacturière (NACE C), prix courants",Mrd EURO-FRF,1982,100.2177
a2025,FRA.1.0.0.0.UVGM,UVGM,"VA industrie manufacturière (NACE C), prix courants",Mrd EURO-FRF,1983,111.2673
a2025,FRA.1.0.0.0.UVGM,UVGM,"VA industrie manufacturière (NACE C), prix courants",Mrd EURO-FRF,1984,119.4096
a2025,FRA.1.0.0.0.UVGM,UVGM,"VA industrie manufacturière (NACE C), prix courants",Mrd EURO-FRF,1985,128.3106
a2025,FRA.1.0.0.0.UVGM,UVGM,"VA industrie manufacturière (NACE C), prix courants",Mrd EURO-FRF,1986,135.3681
a2025,FRA.1.0.0.0.UVGM,UVGM,"VA industrie manufacturière (NACE C), prix courants",Mrd EURO-FRF,1987,138.4782
a2025,FRA.1.0.0.0.UVGM,UVGM,"VA industrie manufacturière (NACE C), prix courants",Mrd EURO-FRF,1988,148.5841
a2025,FRA.1.0.0.0.UVGM,UVGM,"VA industrie manufacturière (NACE C), prix courants",Mrd EURO-FRF,1989,158.2035
a2025,FRA.1.0.0.0.UVGM,UVGM,"VA industrie manufacturière (NACE C), prix courants",Mrd EURO-FRF,1990,167.3079
a2025,FRA.1.0.0.0.UVGM,UVGM,"VA industrie manufacturière (NACE C), prix courants",Mrd EURO-FRF,1991,170.4397
a2025,FRA.1.0.0.0.UVGM,UVGM,"VA industrie manufacturière (NACE C), prix courants",Mrd EURO-FRF,1992,172.8329
a2025,FRA.1.0.0.0.UVGM,UVGM,"VA industrie manufacturière (NACE C), prix courants",Mrd EURO-FRF,1993,168.7426
a2025,FRA.1.0.0.0.UVGM,UVGM,"VA industrie manufacturière (NACE C), prix courants",Mrd EURO-FRF,1994,169.9464
a2025,FRA.1.0.0.0.UVGM,UVGM,"VA industrie manufacturière (NACE C), prix courants",Mrd EURO-FRF,1995,178.4862
a2025,FRA.1.0.0.0.UVGM,UVGM,"VA industrie manufacturière (NACE C), prix courants",Mrd EURO-FRF,1996,178.1011
a2025,FRA.1.0.0.0.UVGM,UVGM,"VA industrie manufacturière (NACE C), prix courants",Mrd EURO-FRF,1997,187.3533
a2025,FRA.1.0.0.0.UVGM,UVGM,"VA industrie manufacturière (NACE C), prix courants",Mrd EURO-FRF,1998,195.3132
a2025,FRA.1.0.0.0.UVGM,UVGM,"VA industrie manufacturière (NACE C), prix courants",Mrd EURO-FRF,1999,199.6745
a2025,FRA.1.0.0.0.UVGM,UVGM,"VA industrie manufacturière (NACE C), prix courants",Mrd EURO-FRF,2000,212.0073
a2025,FRA.1.0.0.0.UVGM,UVGM,"VA industrie manufacturière (NACE C), prix courants",Mrd EURO-FRF,2001,213.1336
a2025,FRA.1.0.0.0.UVGM,UVGM,"VA industrie manufacturière (NACE C), prix courants",Mrd EURO-FRF,2002,212.4402
a2025,FRA.1.0.0.0.UVGM,UVGM,"VA industrie manufacturière (NACE C), prix courants",Mrd EURO-FRF,2003,210.7752
a2025,FRA.1.0.0.0.UVGM,UVGM,"VA industrie manufacturière (NACE C), prix courants",Mrd EURO-FRF,2004,213.1536
a2025,FRA.1.0.0.0.UVGM,UVGM,"VA industrie manufacturière (NACE C), prix courants",Mrd EURO-FRF,2005,214.0051
a2025,FRA.1.0.0.0.UVGM,UVGM,"VA industrie manufacturière (NACE C), prix courants",Mrd EURO-FRF,2006,214.859
a2025,FRA.1.0.0.0.UVGM,UVGM,"VA industrie manufacturière (NACE C), prix courants",Mrd EURO-FRF,2007,224.4046
a2025,FRA.1.0.0.0.UVGM,UVGM,"VA industrie manufacturière (NACE C), prix courants",Mrd EURO-FRF,2008,220.2527
a2025,FRA.1.0.0.0.UVGM,UVGM,"VA industrie manufacturière (NACE C), prix courants",Mrd EURO-FRF,2009,203.6828
a2025,FRA.1.0.0.0.UVGM,UVGM,"VA industrie manufacturière (NACE C), prix courants",Mrd EURO-FRF,2010,205.1473
a2025,FRA.1.0.0.0.UVGM,UVGM,"VA industrie manufacturière (NACE C), prix courants",Mrd EURO-FRF,2011,212.6745
a2025,FRA.1.0.0.0.UVGM,UVGM,"VA industrie manufacturière (NACE C), prix courants",Mrd EURO-FRF,2012,213.9884
a2025,FRA.1.0.0.0.UVGM,UVGM,"VA industrie manufacturière (NACE C), prix courants",Mrd EURO-FRF,2013,217.4071
a2025,FRA.1.0.0.0.UVGM,UVGM,"VA industrie manufacturière (NACE C), prix courants",Mrd EURO-FRF,2014,219.2823
a2025,FRA.1.0.0.0.UVGM,UVGM,"VA industrie manufacturière (NACE C), prix courants",Mrd EURO-FRF,2015,227.1827
a2025,FRA.1.0.0.0.UVGM,UVGM,"VA industrie manufacturière (NACE C), prix courants",Mrd EURO-FRF,2016,226.8696
a2025,FRA.1.0.0.0.UVGM,UVGM,"VA industrie manufacturière (NACE C), prix courants",Mrd EURO-FRF,2017,229.3984
a2025,FRA.1.0.0.0.UVGM,UVGM,"VA industrie manufacturière (NACE C), prix courants",Mrd EURO-FRF,2018,232.856
a2025,FRA.1.0.0.0.UVGM,UVGM,"VA industrie manufacturière (NACE C), prix courants",Mrd EURO-FRF,2019,241.0548
a2025,FRA.1.0.0.0.UVGM,UVGM,"VA industrie manufacturière (NACE C), prix courants",Mrd EURO-FRF,2020,214.3401
a2025,FRA.1.0.0.0.UVGM,UVGM,"VA industrie manufacturière (NACE C), prix courants",Mrd EURO-FRF,2021,228.1326
a2025,FRA.1.0.0.0.UVGM,UVGM,"VA industrie manufacturière (NACE C), prix courants",Mrd EURO-FRF,2022,246.8579
a2025,FRA.1.0.0.0.UVGM,UVGM,"VA industrie manufacturière (NACE C), prix courants",Mrd EURO-FRF,2023,276.1165
a2025,FRA.1.0.0.0.UVGM,UVGM,"VA industrie manufacturière (NACE C), prix courants",Mrd EURO-FRF,2024,279.3315
a2025,FRA.1.1.0.0.OVG0,OVG0,"VA brute, total des branches, prix de 2020",Mrd EURO-FRF,1960,433.1693
a2025,FRA.1.1.0.0.OVG0,OVG0,"VA brute, total des branches, prix de 2020",Mrd EURO-FRF,1961,454.0274
a2025,FRA.1.1.0.0.OVG0,OVG0,"VA brute, total des branches, prix de 2020",Mrd EURO-FRF,1962,483.2495
a2025,FRA.1.1.0.0.OVG0,OVG0,"VA brute, total des branches, prix de 2020",Mrd EURO-FRF,1963,510.2591
a2025,FRA.1.1.0.0.OVG0,OVG0,"VA brute, total des branches, prix de 2020",Mrd EURO-FRF,1964,542.0032
a2025,FRA.1.1.0.0.OVG0,OVG0,"VA brute, total des branches, prix de 2020",Mrd EURO-FRF,1965,568.4077
a2025,FRA.1.1.0.0.OVG0,OVG0,"VA brute, total des branches, prix de 2020",Mrd EURO-FRF,1966,596.7841
a2025,FRA.1.1.0.0.OVG0,OVG0,"VA brute, total des branches, prix de 2020",Mrd EURO-FRF,1967,626.3898
a2025,FRA.1.1.0.0.OVG0,OVG0,"VA brute, total des branches, prix de 2020",Mrd EURO-FRF,1968,662.5714
a2025,FRA.1.1.0.0.OVG0,OVG0,"VA brute, total des branches, prix de 2020",Mrd EURO-FRF,1969,707.1497
a2025,FRA.1.1.0.0.OVG0,OVG0,"VA brute, total des branches, prix de 2020",Mrd EURO-FRF,1970,755.7938
a2025,FRA.1.1.0.0.OVG0,OVG0,"VA brute, total des branches, prix de 2020",Mrd EURO-FRF,1971,796.23351
a2025,FRA.1.1.0.0.OVG0,OVG0,"VA brute, total des branches, prix de 2020",Mrd EURO-FRF,1972,828.2968
a2025,FRA.1.1.0.0.OVG0,OVG0,"VA brute, total des branches, prix de 2020",Mrd EURO-FRF,1973,879.4398
a2025,FRA.1.1.0.0.OVG0,OVG0,"VA brute, total des branches, prix de 2020",Mrd EURO-FRF,1974,930.4088
a2025,FRA.1.1.0.0.OVG0,OVG0,"VA brute, total des branches, prix de 2020",Mrd EURO-FRF,1975,917.841
a2025,FRA.1.1.0.0.OVG0,OVG0,"VA brute, total des branches, prix de 2020",Mrd EURO-FRF,1976,951.7039
a2025,FRA.1.1.0.0.OVG0,OVG0,"VA brute, total des branches, prix de 2020",Mrd EURO-FRF,1977,992.9757
a2025,FRA.1.1.0.0.OVG0,OVG0,"VA brute, total des branches, prix de 2020",Mrd EURO-FRF,1978,1026.2973
a2025,FRA.1.1.0.0.OVG0,OVG0,"VA brute, total des branches, prix de 2020",Mrd EURO-FRF,1979,1057.8464
a2025,FRA.1.1.0.0.OVG0,OVG0,"VA brute, total des branches, prix de 2020",Mrd EURO-FRF,1980,1080.9336
a2025,FRA.1.1.0.0.OVG0,OVG0,"VA brute, total des branches, prix de 2020",Mrd EURO-FRF,1981,1094.7111
a2025,FRA.1.1.0.0.OVG0,OVG0,"VA brute, total des branches, prix de 2020",Mrd EURO-FRF,1982,1120.1492
a2025,FRA.1.1.0.0.OVG0,OVG0,"VA brute, total des branches, prix de 2020",Mrd EURO-FRF,1983,1134.6965
a2025,FRA.1.1.0.0.OVG0,OVG0,"VA brute, total des branches, prix de 2020",Mrd EURO-FRF,1984,1153.756
a2025,FRA.1.1.0.0.OVG0,OVG0,"VA brute, total des branches, prix de 2020",Mrd EURO-FRF,1985,1171.3883
a2025,FRA.1.1.0.0.OVG0,OVG0,"VA brute, total des branches, prix de 2020",Mrd EURO-FRF,1986,1196.2865
a2025,FRA.1.1.0.0.OVG0,OVG0,"VA brute, total des branches, prix de 2020",Mrd EURO-FRF,1987,1222.1887
a2025,FRA.1.1.0.0.OVG0,OVG0,"VA brute, total des branches, prix de 2020",Mrd EURO-FRF,1988,1277.6546
a2025,FRA.1.1.0.0.OVG0,OVG0,"VA brute, total des branches, prix de 2020",Mrd EURO-FRF,1989,1337.4289
a2025,FRA.1.1.0.0.OVG0,OVG0,"VA brute, total des branches, prix de 2020",Mrd EURO-FRF,1990,1376.8397
a2025,FRA.1.1.0.0.OVG0,OVG0,"VA brute, total des branches, prix de 2020",Mrd EURO-FRF,1991,1394.6717
a2025,FRA.1.1.0.0.OVG0,OVG0,"VA brute, total des branches, prix de 2020",Mrd EURO-FRF,1992,1419.9332
a2025,FRA.1.1.0.0.OVG0,OVG0,"VA brute, total des branches, prix de 2020",Mrd EURO-FRF,1993,1415.6481
a2025,FRA.1.1.0.0.OVG0,OVG0,"VA brute, total des branches, prix de 2020",Mrd EURO-FRF,1994,1444.9161
a2025,FRA.1.1.0.0.OVG0,OVG0,"VA brute, total des branches, prix de 2020",Mrd EURO-FRF,1995,1480.5437
a2025,FRA.1.1.0.0.OVG0,OVG0,"VA brute, total des branches, prix de 2020",Mrd EURO-FRF,1996,1502.2564
a2025,FRA.1.1.0.0.OVG0,OVG0,"VA brute, total des branches, prix de 2020",Mrd EURO-FRF,1997,1540.0229
a2025,FRA.1.1.0.0.OVG0,OVG0,"VA brute, total des branches, prix de 2020",Mrd EURO-FRF,1998,1594.2395
a2025,FRA.1.1.0.0.OVG0,OVG0,"VA brute, total des branches, prix de 2020",Mrd EURO-FRF,1999,1648.7233
a2025,FRA.1.1.0.0.OVG0,OVG0,"VA brute, total des branches, prix de 2020",Mrd EURO-FRF,2000,1716.8038
a2025,FRA.1.1.0.0.OVG0,OVG0,"VA brute, total des branches, prix de 2020",Mrd EURO-FRF,2001,1749.11191
a2025,FRA.1.1.0.0.OVG0,OVG0,"VA brute, total des branches, prix de 2020",Mrd EURO-FRF,2002,1767.1029
a2025,FRA.1.1.0.0.OVG0,OVG0,"VA brute, total des branches, prix de 2020",Mrd EURO-FRF,2003,1782.907
a2025,FRA.1.1.0.0.OVG0,OVG0,"VA brute, total des branches, prix de 2020",Mrd EURO-FRF,2004,1837.7161
a2025,FRA.1.1.0.0.OVG0,OVG0,"VA brute, total des branches, prix de 2020",Mrd EURO-FRF,2005,1869.7104
a2025,FRA.1.1.0.0.OVG0,OVG0,"VA brute, total des branches, prix de 2020",Mrd EURO-FRF,2006,1920.7743
a2025,FRA.1.1.0.0.OVG0,OVG0,"VA brute, total des branches, prix de 2020",Mrd EURO-FRF,2007,1971.6762
a2025,FRA.1.1.0.0.OVG0,OVG0,"VA brute, total des branches, prix de 2020",Mrd EURO-FRF,2008,1984.1531
a2025,FRA.1.1.0.0.OVG0,OVG0,"VA brute, total des branches, prix de 2020",Mrd EURO-FRF,2009,1932.1765
a2025,FRA.1.1.0.0.OVG0,OVG0,"VA brute, total des branches, prix de 2020",Mrd EURO-FRF,2010,1966.8502
a2025,FRA.1.1.0.0.OVG0,OVG0,"VA brute, total des branches, prix de 2020",Mrd EURO-FRF,2011,2016.6994
a2025,FRA.1.1.0.0.OVG0,OVG0,"VA brute, total des branches, prix de 2020",Mrd EURO-FRF,2012,2024.705
a2025,FRA.1.1.0.0.OVG0,OVG0,"VA brute, total des branches, prix de 2020",Mrd EURO-FRF,2013,2041.3977
a2025,FRA.1.1.0.0.OVG0,OVG0,"VA brute, total des branches, prix de 2020",Mrd EURO-FRF,2014,2065.8873
a2025,FRA.1.1.0.0.OVG0,OVG0,"VA brute, total des branches, prix de 2020",Mrd EURO-FRF,2015,2082.8161
a2025,FRA.1.1.0.0.OVG0,OVG0,"VA brute, total des branches, prix de 2020",Mrd EURO-FRF,2016,2096.9734
a2025,FRA.1.1.0.0.OVG0,OVG0,"VA brute, total des branches, prix de 2020",Mrd EURO-FRF,2017,2137.9714
a2025,FRA.1.1.0.0.OVG0,OVG0,"VA brute, total des branches, prix de 2020",Mrd EURO-FRF,2018,2172.6669
a2025,FRA.1.1.0.0.OVG0,OVG0,"VA brute, total des branches, prix de 2020",Mrd EURO-FRF,2019,2218.4218
a2025,FRA.1.1.0.0.OVG0,OVG0,"VA brute, total des branches, prix de 2020",Mrd EURO-FRF,2020,2056.5452
a2025,FRA.1.1.0.0.OVG0,OVG0,"VA brute, total des branches, prix de 2020",Mrd EURO-FRF,2021,2191.1025
a2025,FRA.1.1.0.0.OVG0,OVG0,"VA brute, total des branches, prix de 2020",Mrd EURO-FRF,2022,2256.2687
a2025,FRA.1.1.0.0.OVG0,OVG0,"VA brute, total des branches, prix de 2020",Mrd EURO-FRF,2023,2301.2832
a2025,FRA.1.1.0.0.OVG0,OVG0,"VA brute, total des branches, prix de 2020",Mrd EURO-FRF,2024,2336.6571
a2025,FRA.1.1.0.0.OVG1,OVG1,"VA agriculture, prix de 2020",Mrd EURO-FRF,1960,14.5056
a2025,FRA.1.1.0.0.OVG1,OVG1,"VA agriculture, prix de 2020",Mrd EURO-FRF,1961,13.7016
a2025,FRA.1.1.0.0.OVG1,OVG1,"VA agriculture, prix de 2020",Mrd EURO-FRF,1962,14.9357
a2025,FRA.1.1.0.0.OVG1,OVG1,"VA agriculture, prix de 2020",Mrd EURO-FRF,1963,14.1099
a2025,FRA.1.1.0.0.OVG1,OVG1,"VA agriculture, prix de 2020",Mrd EURO-FRF,1964,14.2188
a2025,FRA.1.1.0.0.OVG1,OVG1,"VA agriculture, prix de 2020",Mrd EURO-FRF,1965,14.708
a2025,FRA.1.1.0.0.OVG1,OVG1,"VA agriculture, prix de 2020",Mrd EURO-FRF,1966,14.58699
a2025,FRA.1.1.0.0.OVG1,OVG1,"VA agriculture, prix de 2020",Mrd EURO-FRF,1967,15.7042
a2025,FRA.1.1.0.0.OVG1,OVG1,"VA agriculture, prix de 2020",Mrd EURO-FRF,1968,16.3812
a2025,FRA.1.1.0.0.OVG1,OVG1,"VA agriculture, prix de 2020",Mrd EURO-FRF,1969,16.0026
a2025,FRA.1.1.0.0.OVG1,OVG1,"VA agriculture, prix de 2020",Mrd EURO-FRF,1970,16.38489
a2025,FRA.1.1.0.0.OVG1,OVG1,"VA agriculture, prix de 2020",Mrd EURO-FRF,1971,16.34059
a2025,FRA.1.1.0.0.OVG1,OVG1,"VA agriculture, prix de 2020",Mrd EURO-FRF,1972,17.58219
a2025,FRA.1.1.0.0.OVG1,OVG1,"VA agriculture, prix de 2020",Mrd EURO-FRF,1973,18.83759
a2025,FRA.1.1.0.0.OVG1,OVG1,"VA agriculture, prix de 2020",Mrd EURO-FRF,1974,18.0553
a2025,FRA.1.1.0.0.OVG1,OVG1,"VA agriculture, prix de 2020",Mrd EURO-FRF,1975,16.95439
a2025,FRA.1.1.0.0.OVG1,OVG1,"VA agriculture, prix de 2020",Mrd EURO-FRF,1976,16.469
a2025,FRA.1.1.0.0.OVG1,OVG1,"VA agriculture, prix de 2020",Mrd EURO-FRF,1977,16.84089
a2025,FRA.1.1.0.0.OVG1,OVG1,"VA agriculture, prix de 2020",Mrd EURO-FRF,1978,19.3075
a2025,FRA.1.1.0.0.OVG1,OVG1,"VA agriculture, prix de 2020",Mrd EURO-FRF,1979,21.00419
a2025,FRA.1.1.0.0.OVG1,OVG1,"VA agriculture, prix de 2020",Mrd EURO-FRF,1980,20.677
a2025,FRA.1.1.0.0.OVG1,OVG1,"VA agriculture, prix de 2020",Mrd EURO-FRF,1981,20.4572
a2025,FRA.1.1.0.0.OVG1,OVG1,"VA agriculture, prix de 2020",Mrd EURO-FRF,1982,23.9159
a2025,FRA.1.1.0.0.OVG1,OVG1,"VA agriculture, prix de 2020",Mrd EURO-FRF,1983,22.3101
a2025,FRA.1.1.0.0.OVG1,OVG1,"VA agriculture, prix de 2020",Mrd EURO-FRF,1984,23.4183
a2025,FRA.1.1.0.0.OVG1,OVG1,"VA agriculture, prix de 2020",Mrd EURO-FRF,1985,24.7949
a2025,FRA.1.1.0.0.OVG1,OVG1,"VA agriculture, prix de 2020",Mrd EURO-FRF,1986,24.8324
a2025,FRA.1.1.0.0.OVG1,OVG1,"VA agriculture, prix de 2020",Mrd EURO-FRF,1987,25.62639
a2025,FRA.1.1.0.0.OVG1,OVG1,"VA agriculture, prix de 2020",Mrd EURO-FRF,1988,25.22369
a2025,FRA.1.1.0.0.OVG1,OVG1,"VA agriculture, prix de 2020",Mrd EURO-FRF,1989,26.25389
a2025,FRA.1.1.0.0.OVG1,OVG1,"VA agriculture, prix de 2020",Mrd EURO-FRF,1990,28.06439
a2025,FRA.1.1.0.0.OVG1,OVG1,"VA agriculture, prix de 2020",Mrd EURO-FRF,1991,25.43719
a2025,FRA.1.1.0.0.OVG1,OVG1,"VA agriculture, prix de 2020",Mrd EURO-FRF,1992,29.21899
a2025,FRA.1.1.0.0.OVG1,OVG1,"VA agriculture, prix de 2020",Mrd EURO-FRF,1993,27.4874
a2025,FRA.1.1.0.0.OVG1,OVG1,"VA agriculture, prix de 2020",Mrd EURO-FRF,1994,27.64449
a2025,FRA.1.1.0.0.OVG1,OVG1,"VA agriculture, prix de 2020",Mrd EURO-FRF,1995,28.8927
a2025,FRA.1.1.0.0.OVG1,OVG1,"VA agriculture, prix de 2020",Mrd EURO-FRF,1996,30.85209
a2025,FRA.1.1.0.0.OVG1,OVG1,"VA agriculture, prix de 2020",Mrd EURO-FRF,1997,30.8821
a2025,FRA.1.1.0.0.OVG1,OVG1,"VA agriculture, prix de 2020",Mrd EURO-FRF,1998,31.8502
a2025,FRA.1.1.0.0.OVG1,OVG1,"VA agriculture, prix de 2020",Mrd EURO-FRF,1999,33.4883
a2025,FRA.1.1.0.0.OVG1,OVG1,"VA agriculture, prix de 2020",Mrd EURO-FRF,2000,33.3543
a2025,FRA.1.1.0.0.OVG1,OVG1,"VA agriculture, prix de 2020",Mrd EURO-FRF,2001,32.5058
a2025,FRA.1.1.0.0.OVG1,OVG1,"VA agriculture, prix de 2020",Mrd EURO-FRF,2002,34.24179
a2025,FRA.1.1.0.0.OVG1,OVG1,"VA agriculture, prix de 2020",Mrd EURO-FRF,2003,28.9681
a2025,FRA.1.1.0.0.OVG1,OVG1,"VA agriculture, prix de 2020",Mrd EURO-FRF,2004,35.1692
a2025,FRA.1.1.0.0.OVG1,OVG1,"VA agriculture, prix de 2020",Mrd EURO-FRF,2005,33.1695
a2025,FRA.1.1.0.0.OVG1,OVG1,"VA agriculture, prix de 2020",Mrd EURO-FRF,2006,33.36049
a2025,FRA.1.1.0.0.OVG1,OVG1,"VA agriculture, prix de 2020",Mrd EURO-FRF,2007,33.1073
a2025,FRA.1.1.0.0.OVG1,OVG1,"VA agriculture, prix de 2020",Mrd EURO-FRF,2008,34.48019
a2025,FRA.1.1.0.0.OVG1,OVG1,"VA agriculture, prix de 2020",Mrd EURO-FRF,2009,36.619
a2025,FRA.1.1.0.0.OVG1,OVG1,"VA agriculture, prix de 2020",Mrd EURO-FRF,2010,35.54499
a2025,FRA.1.1.0.0.OVG1,OVG1,"VA agriculture, prix de 2020",Mrd EURO-FRF,2011,37.1145
a2025,FRA.1.1.0.0.OVG1,OVG1,"VA agriculture, prix de 2020",Mrd EURO-FRF,2012,33.9141
a2025,FRA.1.1.0.0.OVG1,OVG1,"VA agriculture, prix de 2020",Mrd EURO-FRF,2013,33.3026
a2025,FRA.1.1.0.0.OVG1,OVG1,"VA agriculture, prix de 2020",Mrd EURO-FRF,2014,38.2721
a2025,FRA.1.1.0.0.OVG1,OVG1,"VA agriculture, prix de 2020",Mrd EURO-FRF,2015,38.2265
a2025,FRA.1.1.0.0.OVG1,OVG1,"VA agriculture, prix de 2020",Mrd EURO-FRF,2016,33.2983
a2025,FRA.1.1.0.0.OVG1,OVG1,"VA agriculture, prix de 2020",Mrd EURO-FRF,2017,35.94789
a2025,FRA.1.1.0.0.OVG1,OVG1,"VA agriculture, prix de 2020",Mrd EURO-FRF,2018,37.29269
a2025,FRA.1.1.0.0.OVG1,OVG1,"VA agriculture, prix de 2020",Mrd EURO-FRF,2019,36.4107
a2025,FRA.1.1.0.0.OVG1,OVG1,"VA agriculture, prix de 2020",Mrd EURO-FRF,2020,33.8569
a2025,FRA.1.1.0.0.OVG1,OVG1,"VA agriculture, prix de 2020",Mrd EURO-FRF,2021,32.2313
a2025,FRA.1.1.0.0.OVG1,OVG1,"VA agriculture, prix de 2020",Mrd EURO-FRF,2022,34.44499
a2025,FRA.1.1.0.0.OVG1,OVG1,"VA agriculture, prix de 2020",Mrd EURO-FRF,2023,34.9289
a2025,FRA.1.1.0.0.OVG1,OVG1,"VA agriculture, prix de 2020",Mrd EURO-FRF,2024,29.7642
a2025,FRA.1.1.0.0.OVG2,OVG2,"VA industrie hors construction (NACE B-E), prix de 2020",Mrd EURO-FRF,1960,58.525
a2025,FRA.1.1.0.0.OVG2,OVG2,"VA industrie hors construction (NACE B-E), prix de 2020",Mrd EURO-FRF,1961,62.0145
a2025,FRA.1.1.0.0.OVG2,OVG2,"VA industrie hors construction (NACE B-E), prix de 2020",Mrd EURO-FRF,1962,66.2819
a2025,FRA.1.1.0.0.OVG2,OVG2,"VA industrie hors construction (NACE B-E), prix de 2020",Mrd EURO-FRF,1963,72.4055
a2025,FRA.1.1.0.0.OVG2,OVG2,"VA industrie hors construction (NACE B-E), prix de 2020",Mrd EURO-FRF,1964,77.19971
a2025,FRA.1.1.0.0.OVG2,OVG2,"VA industrie hors construction (NACE B-E), prix de 2020",Mrd EURO-FRF,1965,81.6658
a2025,FRA.1.1.0.0.OVG2,OVG2,"VA industrie hors construction (NACE B-E), prix de 2020",Mrd EURO-FRF,1966,87.595
a2025,FRA.1.1.0.0.OVG2,OVG2,"VA industrie hors construction (NACE B-E), prix de 2020",Mrd EURO-FRF,1967,90.8903
a2025,FRA.1.1.0.0.OVG2,OVG2,"VA industrie hors construction (NACE B-E), prix de 2020",Mrd EURO-FRF,1968,97.4968
a2025,FRA.1.1.0.0.OVG2,OVG2,"VA industrie hors construction (NACE B-E), prix de 2020",Mrd EURO-FRF,1969,107.0017
a2025,FRA.1.1.0.0.OVG2,OVG2,"VA industrie hors construction (NACE B-E), prix de 2020",Mrd EURO-FRF,1970,117.4044
a2025,FRA.1.1.0.0.OVG2,OVG2,"VA industrie hors construction (NACE B-E), prix de 2020",Mrd EURO-FRF,1971,125.5088
a2025,FRA.1.1.0.0.OVG2,OVG2,"VA industrie hors construction (NACE B-E), prix de 2020",Mrd EURO-FRF,1972,127.94091
a2025,FRA.1.1.0.0.OVG2,OVG2,"VA industrie hors construction (NACE B-E), prix de 2020",Mrd EURO-FRF,1973,135.9748
a2025,FRA.1.1.0.0.OVG2,OVG2,"VA industrie hors construction (NACE B-E), prix de 2020",Mrd EURO-FRF,1974,147.0108
a2025,FRA.1.1.0.0.OVG2,OVG2,"VA industrie hors construction (NACE B-E), prix de 2020",Mrd EURO-FRF,1975,142.6091
a2025,FRA.1.1.0.0.OVG2,OVG2,"VA industrie hors construction (NACE B-E), prix de 2020",Mrd EURO-FRF,1976,150.8593
a2025,FRA.1.1.0.0.OVG2,OVG2,"VA industrie hors construction (NACE B-E), prix de 2020",Mrd EURO-FRF,1977,157.655
a2025,FRA.1.1.0.0.OVG2,OVG2,"VA industrie hors construction (NACE B-E), prix de 2020",Mrd EURO-FRF,1978,160.4962
a2025,FRA.1.1.0.0.OVG2,OVG2,"VA industrie hors construction (NACE B-E), prix de 2020",Mrd EURO-FRF,1979,164.7975
a2025,FRA.1.1.0.0.OVG2,OVG2,"VA industrie hors construction (NACE B-E), prix de 2020",Mrd EURO-FRF,1980,165.4267
a2025,FRA.1.1.0.0.OVG2,OVG2,"VA industrie hors construction (NACE B-E), prix de 2020",Mrd EURO-FRF,1981,164.5103
a2025,FRA.1.1.0.0.OVG2,OVG2,"VA industrie hors construction (NACE B-E), prix de 2020",Mrd EURO-FRF,1982,164.8476
a2025,FRA.1.1.0.0.OVG2,OVG2,"VA industrie hors construction (NACE B-E), prix de 2020",Mrd EURO-FRF,1983,168.0906
a2025,FRA.1.1.0.0.OVG2,OVG2,"VA industrie hors construction (NACE B-E), prix de 2020",Mrd EURO-FRF,1984,168.9628
a2025,FRA.1.1.0.0.OVG2,OVG2,"VA industrie hors construction (NACE B-E), prix de 2020",Mrd EURO-FRF,1985,170.9804
a2025,FRA.1.1.0.0.OVG2,OVG2,"VA industrie hors construction (NACE B-E), prix de 2020",Mrd EURO-FRF,1986,170.9425
a2025,FRA.1.1.0.0.OVG2,OVG2,"VA industrie hors construction (NACE B-E), prix de 2020",Mrd EURO-FRF,1987,172.3436
a2025,FRA.1.1.0.0.OVG2,OVG2,"VA industrie hors construction (NACE B-E), prix de 2020",Mrd EURO-FRF,1988,180.252
a2025,FRA.1.1.0.0.OVG2,OVG2,"VA industrie hors construction (NACE B-E), prix de 2020",Mrd EURO-FRF,1989,188.5243
a2025,FRA.1.1.0.0.OVG2,OVG2,"VA industrie hors construction (NACE B-E), prix de 2020",Mrd EURO-FRF,1990,195.7391
a2025,FRA.1.1.0.0.OVG2,OVG2,"VA industrie hors construction (NACE B-E), prix de 2020",Mrd EURO-FRF,1991,198.579
a2025,FRA.1.1.0.0.OVG2,OVG2,"VA industrie hors construction (NACE B-E), prix de 2020",Mrd EURO-FRF,1992,200.2607
a2025,FRA.1.1.0.0.OVG2,OVG2,"VA industrie hors construction (NACE B-E), prix de 2020",Mrd EURO-FRF,1993,196.24291
a2025,FRA.1.1.0.0.OVG2,OVG2,"VA industrie hors construction (NACE B-E), prix de 2020",Mrd EURO-FRF,1994,201.1385
a2025,FRA.1.1.0.0.OVG2,OVG2,"VA industrie hors construction (NACE B-E), prix de 2020",Mrd EURO-FRF,1995,209.9884
a2025,FRA.1.1.0.0.OVG2,OVG2,"VA industrie hors construction (NACE B-E), prix de 2020",Mrd EURO-FRF,1996,213.6527
a2025,FRA.1.1.0.0.OVG2,OVG2,"VA industrie hors construction (NACE B-E), prix de 2020",Mrd EURO-FRF,1997,221.3141
a2025,FRA.1.1.0.0.OVG2,OVG2,"VA industrie hors construction (NACE B-E), prix de 2020",Mrd EURO-FRF,1998,233.7823
a2025,FRA.1.1.0.0.OVG2,OVG2,"VA industrie hors construction (NACE B-E), prix de 2020",Mrd EURO-FRF,1999,242.81661
a2025,FRA.1.1.0.0.OVG2,OVG2,"VA industrie hors construction (NACE B-E), prix de 2020",Mrd EURO-FRF,2000,254.7295
a2025,FRA.1.1.0.0.OVG2,OVG2,"VA industrie hors construction (NACE B-E), prix de 2020",Mrd EURO-FRF,2001,259.0335
a2025,FRA.1.1.0.0.OVG2,OVG2,"VA industrie hors construction (NACE B-E), prix de 2020",Mrd EURO-FRF,2002,260.87241
a2025,FRA.1.1.0.0.OVG2,OVG2,"VA industrie hors construction (NACE B-E), prix de 2020",Mrd EURO-FRF,2003,265.6536
a2025,FRA.1.1.0.0.OVG2,OVG2,"VA industrie hors construction (NACE B-E), prix de 2020",Mrd EURO-FRF,2004,272.55391
a2025,FRA.1.1.0.0.OVG2,OVG2,"VA industrie hors construction (NACE B-E), prix de 2020",Mrd EURO-FRF,2005,275.119
a2025,FRA.1.1.0.0.OVG2,OVG2,"VA industrie hors construction (NACE B-E), prix de 2020",Mrd EURO-FRF,2006,279.7795
a2025,FRA.1.1.0.0.OVG2,OVG2,"VA industrie hors construction (NACE B-E), prix de 2020",Mrd EURO-FRF,2007,285.17521
a2025,FRA.1.1.0.0.OVG2,OVG2,"VA industrie hors construction (NACE B-E), prix de 2020",Mrd EURO-FRF,2008,275.1895
a2025,FRA.1.1.0.0.OVG2,OVG2,"VA industrie hors construction (NACE B-E), prix de 2020",Mrd EURO-FRF,2009,256.0876
a2025,FRA.1.1.0.0.OVG2,OVG2,"VA industrie hors construction (NACE B-E), prix de 2020",Mrd EURO-FRF,2010,260.57371
a2025,FRA.1.1.0.0.OVG2,OVG2,"VA industrie hors construction (NACE B-E), prix de 2020",Mrd EURO-FRF,2011,268.4884
a2025,FRA.1.1.0.0.OVG2,OVG2,"VA industrie hors construction (NACE B-E), prix de 2020",Mrd EURO-FRF,2012,268.67271
a2025,FRA.1.1.0.0.OVG2,OVG2,"VA industrie hors construction (NACE B-E), prix de 2020",Mrd EURO-FRF,2013,271.2828
a2025,FRA.1.1.0.0.OVG2,OVG2,"VA industrie hors construction (NACE B-E), prix de 2020",Mrd EURO-FRF,2014,273.1968
a2025,FRA.1.1.0.0.OVG2,OVG2,"VA industrie hors construction (NACE B-E), prix de 2020",Mrd EURO-FRF,2015,273.2158
a2025,FRA.1.1.0.0.OVG2,OVG2,"VA industrie hors construction (NACE B-E), prix de 2020",Mrd EURO-FRF,2016,272.5027
a2025,FRA.1.1.0.0.OVG2,OVG2,"VA industrie hors construction (NACE B-E), prix de 2020",Mrd EURO-FRF,2017,275.0997
a2025,FRA.1.1.0.0.OVG2,OVG2,"VA industrie hors construction (NACE B-E), prix de 2020",Mrd EURO-FRF,2018,281.66291
a2025,FRA.1.1.0.0.OVG2,OVG2,"VA industrie hors construction (NACE B-E), prix de 2020",Mrd EURO-FRF,2019,286.24101
a2025,FRA.1.1.0.0.OVG2,OVG2,"VA industrie hors construction (NACE B-E), prix de 2020",Mrd EURO-FRF,2020,261.238
a2025,FRA.1.1.0.0.OVG2,OVG2,"VA industrie hors construction (NACE B-E), prix de 2020",Mrd EURO-FRF,2021,278.5361
a2025,FRA.1.1.0.0.OVG2,OVG2,"VA industrie hors construction (NACE B-E), prix de 2020",Mrd EURO-FRF,2022,252.19731
a2025,FRA.1.1.0.0.OVG2,OVG2,"VA industrie hors construction (NACE B-E), prix de 2020",Mrd EURO-FRF,2023,271.9256
a2025,FRA.1.1.0.0.OVG2,OVG2,"VA industrie hors construction (NACE B-E), prix de 2020",Mrd EURO-FRF,2024,281.4761
a2025,FRA.1.1.0.0.OVG4,OVG4,"VA construction, prix de 2020",Mrd EURO-FRF,1960,53.1379
a2025,FRA.1.1.0.0.OVG4,OVG4,"VA construction, prix de 2020",Mrd EURO-FRF,1961,58.6022
a2025,FRA.1.1.0.0.OVG4,OVG4,"VA construction, prix de 2020",Mrd EURO-FRF,1962,62.2986
a2025,FRA.1.1.0.0.OVG4,OVG4,"VA construction, prix de 2020",Mrd EURO-FRF,1963,64.8804
a2025,FRA.1.1.0.0.OVG4,OVG4,"VA construction, prix de 2020",Mrd EURO-FRF,1964,73.444
a2025,FRA.1.1.0.0.OVG4,OVG4,"VA construction, prix de 2020",Mrd EURO-FRF,1965,78.5685
a2025,FRA.1.1.0.0.OVG4,OVG4,"VA construction, prix de 2020",Mrd EURO-FRF,1966,81.544
a2025,FRA.1.1.0.0.OVG4,OVG4,"VA construction, prix de 2020",Mrd EURO-FRF,1967,86.1743
a2025,FRA.1.1.0.0.OVG4,OVG4,"VA construction, prix de 2020",Mrd EURO-FRF,1968,84.227
a2025,FRA.1.1.0.0.OVG4,OVG4,"VA construction, prix de 2020",Mrd EURO-FRF,1969,87.3518
a2025,FRA.1.1.0.0.OVG4,OVG4,"VA construction, prix de 2020",Mrd EURO-FRF,1970,94.939
a2025,FRA.1.1.0.0.OVG4,OVG4,"VA construction, prix de 2020",Mrd EURO-FRF,1971,103.44289
a2025,FRA.1.1.0.0.OVG4,OVG4,"VA construction, prix de 2020",Mrd EURO-FRF,1972,106.74919
a2025,FRA.1.1.0.0.OVG4,OVG4,"VA construction, prix de 2020",Mrd EURO-FRF,1973,112.9558
a2025,FRA.1.1.0.0.OVG4,OVG4,"VA construction, prix de 2020",Mrd EURO-FRF,1974,115.7159
a2025,FRA.1.1.0.0.OVG4,OVG4,"VA construction, prix de 2020",Mrd EURO-FRF,1975,114.2055
a2025,FRA.1.1.0.0.OVG4,OVG4,"VA construction, prix de 2020",Mrd EURO-FRF,1976,113.3858
a2025,FRA.1.1.0.0.OVG4,OVG4,"VA construction, prix de 2020",Mrd EURO-FRF,1977,115.1232
a2025,FRA.1.1.0.0.OVG4,OVG4,"VA construction, prix de 2020",Mrd EURO-FRF,1978,115.6025
a2025,FRA.1.1.0.0.OVG4,OVG4,"VA construction, prix de 2020",Mrd EURO-FRF,1979,113.76629
a2025,FRA.1.1.0.0.OVG4,OVG4,"VA construction, prix de 2020",Mrd EURO-FRF,1980,115.19169
a2025,FRA.1.1.0.0.OVG4,OVG4,"VA construction, prix de 2020",Mrd EURO-FRF,1981,113.1882
a2025,FRA.1.1.0.0.OVG4,OVG4,"VA construction, prix de 2020",Mrd EURO-FRF,1982,112.9668
a2025,FRA.1.1.0.0.OVG4,OVG4,"VA construction, prix de 2020",Mrd EURO-FRF,1983,109.66009
a2025,FRA.1.1.0.0.OVG4,OVG4,"VA construction, prix de 2020",Mrd EURO-FRF,1984,105.9196
a2025,FRA.1.1.0.0.OVG4,OVG4,"VA construction, prix de 2020",Mrd EURO-FRF,1985,105.3541
a2025,FRA.1.1.0.0.OVG4,OVG4,"VA construction, prix de 2020",Mrd EURO-FRF,1986,109.5033
a2025,FRA.1.1.0.0.OVG4,OVG4,"VA construction, prix de 2020",Mrd EURO-FRF,1987,111.2337
a2025,FRA.1.1.0.0.OVG4,OVG4,"VA construction, prix de 2020",Mrd EURO-FRF,1988,118.6743
a2025,FRA.1.1.0.0.OVG4,OVG4,"VA construction, prix de 2020",Mrd EURO-FRF,1989,122.513
a2025,FRA.1.1.0.0.OVG4,OVG4,"VA construction, prix de 2020",Mrd EURO-FRF,1990,128.2868
a2025,FRA.1.1.0.0.OVG4,OVG4,"VA construction, prix de 2020",Mrd EURO-FRF,1991,128.5185
a2025,FRA.1.1.0.0.OVG4,OVG4,"VA construction, prix de 2020",Mrd EURO-FRF,1992,131.459
a2025,FRA.1.1.0.0.OVG4,OVG4,"VA construction, prix de 2020",Mrd EURO-FRF,1993,121.6617
a2025,FRA.1.1.0.0.OVG4,OVG4,"VA construction, prix de 2020",Mrd EURO-FRF,1994,118.526
a2025,FRA.1.1.0.0.OVG4,OVG4,"VA construction, prix de 2020",Mrd EURO-FRF,1995,120.0907
a2025,FRA.1.1.0.0.OVG4,OVG4,"VA construction, prix de 2020",Mrd EURO-FRF,1996,114.9635
a2025,FRA.1.1.0.0.OVG4,OVG4,"VA construction, prix de 2020",Mrd EURO-FRF,1997,111.2819
a2025,FRA.1.1.0.0.OVG4,OVG4,"VA construction, prix de 2020",Mrd EURO-FRF,1998,111.07079
a2025,FRA.1.1.0.0.OVG4,OVG4,"VA construction, prix de 2020",Mrd EURO-FRF,1999,115.2332
a2025,FRA.1.1.0.0.OVG4,OVG4,"VA construction, prix de 2020",Mrd EURO-FRF,2000,122.05929
a2025,FRA.1.1.0.0.OVG4,OVG4,"VA construction, prix de 2020",Mrd EURO-FRF,2001,127.2606
a2025,FRA.1.1.0.0.OVG4,OVG4,"VA construction, prix de 2020",Mrd EURO-FRF,2002,126.6716
a2025,FRA.1.1.0.0.OVG4,OVG4,"VA construction, prix de 2020",Mrd EURO-FRF,2003,126.83739
a2025,FRA.1.1.0.0.OVG4,OVG4,"VA construction, prix de 2020",Mrd EURO-FRF,2004,129.5304
a2025,FRA.1.1.0.0.OVG4,OVG4,"VA construction, prix de 2020",Mrd EURO-FRF,2005,132.92089
a2025,FRA.1.1.0.0.OVG4,OVG4,"VA construction, prix de 2020",Mrd EURO-FRF,2006,137.9998
a2025,FRA.1.1.0.0.OVG4,OVG4,"VA construction, prix de 2020",Mrd EURO-FRF,2007,144.9944
a2025,FRA.1.1.0.0.OVG4,OVG4,"VA construction, prix de 2020",Mrd EURO-FRF,2008,144.7858
a2025,FRA.1.1.0.0.OVG4,OVG4,"VA construction, prix de 2020",Mrd EURO-FRF,2009,136.2014
a2025,FRA.1.1.0.0.OVG4,OVG4,"VA construction, prix de 2020",Mrd EURO-FRF,2010,132.23769
a2025,FRA.1.1.0.0.OVG4,OVG4,"VA construction, prix de 2020",Mrd EURO-FRF,2011,130.6779
a2025,FRA.1.1.0.0.OVG4,OVG4,"VA construction, prix de 2020",Mrd EURO-FRF,2012,124.0587
a2025,FRA.1.1.0.0.OVG4,OVG4,"VA construction, prix de 2020",Mrd EURO-FRF,2013,125.152
a2025,FRA.1.1.0.0.OVG4,OVG4,"VA construction, prix de 2020",Mrd EURO-FRF,2014,122.21679
a2025,FRA.1.1.0.0.OVG4,OVG4,"VA construction, prix de 2020",Mrd EURO-FRF,2015,121.6846
a2025,FRA.1.1.0.0.OVG4,OVG4,"VA construction, prix de 2020",Mrd EURO-FRF,2016,119.7548
a2025,FRA.1.1.0.0.OVG4,OVG4,"VA construction, prix de 2020",Mrd EURO-FRF,2017,122.3917
a2025,FRA.1.1.0.0.OVG4,OVG4,"VA construction, prix de 2020",Mrd EURO-FRF,2018,122.5836
a2025,FRA.1.1.0.0.OVG4,OVG4,"VA construction, prix de 2020",Mrd EURO-FRF,2019,126.0993
a2025,FRA.1.1.0.0.OVG4,OVG4,"VA construction, prix de 2020",Mrd EURO-FRF,2020,116.007
a2025,FRA.1.1.0.0.OVG4,OVG4,"VA construction, prix de 2020",Mrd EURO-FRF,2021,122.5874
a2025,FRA.1.1.0.0.OVG4,OVG4,"VA construction, prix de 2020",Mrd EURO-FRF,2022,117.7531
a2025,FRA.1.1.0.0.OVG4,OVG4,"VA construction, prix de 2020",Mrd EURO-FRF,2023,122.6488
a2025,FRA.1.1.0.0.OVG4,OVG4,"VA construction, prix de 2020",Mrd EURO-FRF,2024,121.8617
a2025,FRA.1.1.0.0.OVG5,OVG5,"VA services, prix de 2020",Mrd EURO-FRF,1960,302.33366
a2025,FRA.1.1.0.0.OVG5,OVG5,"VA services, prix de 2020",Mrd EURO-FRF,1961,319.79497
a2025,FRA.1.1.0.0.OVG5,OVG5,"VA services, prix de 2020",Mrd EURO-FRF,1962,338.20377
a2025,FRA.1.1.0.0.OVG5,OVG5,"VA services, prix de 2020",Mrd EURO-FRF,1963,358.99564
a2025,FRA.1.1.0.0.OVG5,OVG5,"VA services, prix de 2020",Mrd EURO-FRF,1964,380.88798
a2025,FRA.1.1.0.0.OVG5,OVG5,"VA services, prix de 2020",Mrd EURO-FRF,1965,397.54685
a2025,FRA.1.1.0.0.OVG5,OVG5,"VA services, prix de 2020",Mrd EURO-FRF,1966,417.2904
a2025,FRA.1.1.0.0.OVG5,OVG5,"VA services, prix de 2020",Mrd EURO-FRF,1967,438.27406
a2025,FRA.1.1.0.0.OVG5,OVG5,"VA services, prix de 2020",Mrd EURO-FRF,1968,466.31538
a2025,FRA.1.1.0.0.OVG5,OVG5,"VA services, prix de 2020",Mrd EURO-FRF,1969,499.05703
a2025,FRA.1.1.0.0.OVG5,OVG5,"VA services, prix de 2020",Mrd EURO-FRF,1970,528.998
a2025,FRA.1.1.0.0.OVG5,OVG5,"VA services, prix de 2020",Mrd EURO-FRF,1971,554.94558
a2025,FRA.1.1.0.0.OVG5,OVG5,"VA services, prix de 2020",Mrd EURO-FRF,1972,580.62562
a2025,FRA.1.1.0.0.OVG5,OVG5,"VA services, prix de 2020",Mrd EURO-FRF,1973,615.82033
a2025,FRA.1.1.0.0.OVG5,OVG5,"VA services, prix de 2020",Mrd EURO-FRF,1974,655.74136
a2025,FRA.1.1.0.0.OVG5,OVG5,"VA services, prix de 2020",Mrd EURO-FRF,1975,654.10724
a2025,FRA.1.1.0.0.OVG5,OVG5,"VA services, prix de 2020",Mrd EURO-FRF,1976,679.91822
a2025,FRA.1.1.0.0.OVG5,OVG5,"VA services, prix de 2020",Mrd EURO-FRF,1977,712.21731
a2025,FRA.1.1.0.0.OVG5,OVG5,"VA services, prix de 2020",Mrd EURO-FRF,1978,736.88198
a2025,FRA.1.1.0.0.OVG5,OVG5,"VA services, prix de 2020",Mrd EURO-FRF,1979,761.57057
a2025,FRA.1.1.0.0.OVG5,OVG5,"VA services, prix de 2020",Mrd EURO-FRF,1980,785.99615
a2025,FRA.1.1.0.0.OVG5,OVG5,"VA services, prix de 2020",Mrd EURO-FRF,1981,804.98546
a2025,FRA.1.1.0.0.OVG5,OVG5,"VA services, prix de 2020",Mrd EURO-FRF,1982,825.1467
a2025,FRA.1.1.0.0.OVG5,OVG5,"VA services, prix de 2020",Mrd EURO-FRF,1983,841.89789
a2025,FRA.1.1.0.0.OVG5,OVG5,"VA services, prix de 2020",Mrd EURO-FRF,1984,861.93951
a2025,FRA.1.1.0.0.OVG5,OVG5,"VA services, prix de 2020",Mrd EURO-FRF,1985,875.7087
a2025,FRA.1.1.0.0.OVG5,OVG5,"VA services, prix de 2020",Mrd EURO-FRF,1986,900.14731
a2025,FRA.1.1.0.0.OVG5,OVG5,"VA services, prix de 2020",Mrd EURO-FRF,1987,923.57027
a2025,FRA.1.1.0.0.OVG5,OVG5,"VA services, prix de 2020",Mrd EURO-FRF,1988,966.16748
a2025,FRA.1.1.0.0.OVG5,OVG5,"VA services, prix de 2020",Mrd EURO-FRF,1989,1013.22141
a2025,FRA.1.1.0.0.OVG5,OVG5,"VA services, prix de 2020",Mrd EURO-FRF,1990,1036.89035
a2025,FRA.1.1.0.0.OVG5,OVG5,"VA services, prix de 2020",Mrd EURO-FRF,1991,1056.15792
a2025,FRA.1.1.0.0.OVG5,OVG5,"VA services, prix de 2020",Mrd EURO-FRF,1992,1072.43769
a2025,FRA.1.1.0.0.OVG5,OVG5,"VA services, prix de 2020",Mrd EURO-FRF,1993,1083.43127
a2025,FRA.1.1.0.0.OVG5,OVG5,"VA services, prix de 2020",Mrd EURO-FRF,1994,1109.07375
a2025,FRA.1.1.0.0.OVG5,OVG5,"VA services, prix de 2020",Mrd EURO-FRF,1995,1130.89454
a2025,FRA.1.1.0.0.OVG5,OVG5,"VA services, prix de 2020",Mrd EURO-FRF,1996,1149.17977
a2025,FRA.1.1.0.0.OVG5,OVG5,"VA services, prix de 2020",Mrd EURO-FRF,1997,1180.2593
a2025,FRA.1.1.0.0.OVG5,OVG5,"VA services, prix de 2020",Mrd EURO-FRF,1998,1218.30938
a2025,FRA.1.1.0.0.OVG5,OVG5,"VA services, prix de 2020",Mrd EURO-FRF,1999,1257.55836
a2025,FRA.1.1.0.0.OVG5,OVG5,"VA services, prix de 2020",Mrd EURO-FRF,2000,1307.39117
a2025,FRA.1.1.0.0.OVG5,OVG5,"VA services, prix de 2020",Mrd EURO-FRF,2001,1332.34823
a2025,FRA.1.1.0.0.OVG5,OVG5,"VA services, prix de 2020",Mrd EURO-FRF,2002,1346.67971
a2025,FRA.1.1.0.0.OVG5,OVG5,"VA services, prix de 2020",Mrd EURO-FRF,2003,1362.6139
a2025,FRA.1.1.0.0.OVG5,OVG5,"VA services, prix de 2020",Mrd EURO-FRF,2004,1400.4377
a2025,FRA.1.1.0.0.OVG5,OVG5,"VA services, prix de 2020",Mrd EURO-FRF,2005,1429.04941
a2025,FRA.1.1.0.0.OVG5,OVG5,"VA services, prix de 2020",Mrd EURO-FRF,2006,1470.83222
a2025,FRA.1.1.0.0.OVG5,OVG5,"VA services, prix de 2020",Mrd EURO-FRF,2007,1510.39768
a2025,FRA.1.1.0.0.OVG5,OVG5,"VA services, prix de 2020",Mrd EURO-FRF,2008,1531.94018
a2025,FRA.1.1.0.0.OVG5,OVG5,"VA services, prix de 2020",Mrd EURO-FRF,2009,1505.48695
a2025,FRA.1.1.0.0.OVG5,OVG5,"VA services, prix de 2020",Mrd EURO-FRF,2010,1539.44367
a2025,FRA.1.1.0.0.OVG5,OVG5,"VA services, prix de 2020",Mrd EURO-FRF,2011,1580.87187
a2025,FRA.1.1.0.0.OVG5,OVG5,"VA services, prix de 2020",Mrd EURO-FRF,2012,1597.84186
a2025,FRA.1.1.0.0.OVG5,OVG5,"VA services, prix de 2020",Mrd EURO-FRF,2013,1611.44959
a2025,FRA.1.1.0.0.OVG5,OVG5,"VA services, prix de 2020",Mrd EURO-FRF,2014,1632.18374
a2025,FRA.1.1.0.0.OVG5,OVG5,"VA services, prix de 2020",Mrd EURO-FRF,2015,1649.66851
a2025,FRA.1.1.0.0.OVG5,OVG5,"VA services, prix de 2020",Mrd EURO-FRF,2016,1671.0055
a2025,FRA.1.1.0.0.OVG5,OVG5,"VA services, prix de 2020",Mrd EURO-FRF,2017,1704.36012
a2025,FRA.1.1.0.0.OVG5,OVG5,"VA services, prix de 2020",Mrd EURO-FRF,2018,1730.84813
a2025,FRA.1.1.0.0.OVG5,OVG5,"VA services, prix de 2020",Mrd EURO-FRF,2019,1769.45834
a2025,FRA.1.1.0.0.OVG5,OVG5,"VA services, prix de 2020",Mrd EURO-FRF,2020,1645.4433
a2025,FRA.1.1.0.0.OVG5,OVG5,"VA services, prix de 2020",Mrd EURO-FRF,2021,1757.74769
a2025,FRA.1.1.0.0.OVG5,OVG5,"VA services, prix de 2020",Mrd EURO-FRF,2022,1851.45715
a2025,FRA.1.1.0.0.OVG5,OVG5,"VA services, prix de 2020",Mrd EURO-FRF,2023,1869.61221
a2025,FRA.1.1.0.0.OVG5,OVG5,"VA services, prix de 2020",Mrd EURO-FRF,2024,1900.90127
a2025,FRA.1.1.0.0.OVGM,OVGM,"VA industrie manufacturière (NACE C), prix de 2020",Mrd EURO-FRF,1960,50.7034
a2025,FRA.1.1.0.0.OVGM,OVGM,"VA industrie manufacturière (NACE C), prix de 2020",Mrd EURO-FRF,1961,53.6865
a2025,FRA.1.1.0.0.OVGM,OVGM,"VA industrie manufacturière (NACE C), prix de 2020",Mrd EURO-FRF,1962,57.39729
a2025,FRA.1.1.0.0.OVGM,OVGM,"VA industrie manufacturière (NACE C), prix de 2020",Mrd EURO-FRF,1963,62.7043
a2025,FRA.1.1.0.0.OVGM,OVGM,"VA industrie manufacturière (NACE C), prix de 2020",Mrd EURO-FRF,1964,66.6078
a2025,FRA.1.1.0.0.OVGM,OVGM,"VA industrie manufacturière (NACE C), prix de 2020",Mrd EURO-FRF,1965,70.41699
a2025,FRA.1.1.0.0.OVGM,OVGM,"VA industrie manufacturière (NACE C), prix de 2020",Mrd EURO-FRF,1966,75.37649
a2025,FRA.1.1.0.0.OVGM,OVGM,"VA industrie manufacturière (NACE C), prix de 2020",Mrd EURO-FRF,1967,77.7802
a2025,FRA.1.1.0.0.OVGM,OVGM,"VA industrie manufacturière (NACE C), prix de 2020",Mrd EURO-FRF,1968,82.1107
a2025,FRA.1.1.0.0.OVGM,OVGM,"VA industrie manufacturière (NACE C), prix de 2020",Mrd EURO-FRF,1969,89.81659
a2025,FRA.1.1.0.0.OVGM,OVGM,"VA industrie manufacturière (NACE C), prix de 2020",Mrd EURO-FRF,1970,98.1367
a2025,FRA.1.1.0.0.OVGM,OVGM,"VA industrie manufacturière (NACE C), prix de 2020",Mrd EURO-FRF,1971,105.0029
a2025,FRA.1.1.0.0.OVGM,OVGM,"VA industrie manufacturière (NACE C), prix de 2020",Mrd EURO-FRF,1972,106.4252
a2025,FRA.1.1.0.0.OVGM,OVGM,"VA industrie manufacturière (NACE C), prix de 2020",Mrd EURO-FRF,1973,112.9445
a2025,FRA.1.1.0.0.OVGM,OVGM,"VA industrie manufacturière (NACE C), prix de 2020",Mrd EURO-FRF,1974,122.0807
a2025,FRA.1.1.0.0.OVGM,OVGM,"VA industrie manufacturière (NACE C), prix de 2020",Mrd EURO-FRF,1975,117.52599
a2025,FRA.1.1.0.0.OVGM,OVGM,"VA industrie manufacturière (NACE C), prix de 2020",Mrd EURO-FRF,1976,124.7605
a2025,FRA.1.1.0.0.OVGM,OVGM,"VA industrie manufacturière (NACE C), prix de 2020",Mrd EURO-FRF,1977,129.5353
a2025,FRA.1.1.0.0.OVGM,OVGM,"VA industrie manufacturière (NACE C), prix de 2020",Mrd EURO-FRF,1978,131.2871
a2025,FRA.1.1.0.0.OVGM,OVGM,"VA industrie manufacturière (NACE C), prix de 2020",Mrd EURO-FRF,1979,133.8813
a2025,FRA.1.1.0.0.OVGM,OVGM,"VA industrie manufacturière (NACE C), prix de 2020",Mrd EURO-FRF,1980,133.9468
a2025,FRA.1.1.0.0.OVGM,OVGM,"VA industrie manufacturière (NACE C), prix de 2020",Mrd EURO-FRF,1981,132.8271
a2025,FRA.1.1.0.0.OVGM,OVGM,"VA industrie manufacturière (NACE C), prix de 2020",Mrd EURO-FRF,1982,132.8327
a2025,FRA.1.1.0.0.OVGM,OVGM,"VA industrie manufacturière (NACE C), prix de 2020",Mrd EURO-FRF,1983,135.223
a2025,FRA.1.1.0.0.OVGM,OVGM,"VA industrie manufacturière (NACE C), prix de 2020",Mrd EURO-FRF,1984,135.3316
a2025,FRA.1.1.0.0.OVGM,OVGM,"VA industrie manufacturière (NACE C), prix de 2020",Mrd EURO-FRF,1985,136.95549
a2025,FRA.1.1.0.0.OVGM,OVGM,"VA industrie manufacturière (NACE C), prix de 2020",Mrd EURO-FRF,1986,136.3038
a2025,FRA.1.1.0.0.OVGM,OVGM,"VA industrie manufacturière (NACE C), prix de 2020",Mrd EURO-FRF,1987,136.3777
a2025,FRA.1.1.0.0.OVGM,OVGM,"VA industrie manufacturière (NACE C), prix de 2020",Mrd EURO-FRF,1988,142.5285
a2025,FRA.1.1.0.0.OVGM,OVGM,"VA industrie manufacturière (NACE C), prix de 2020",Mrd EURO-FRF,1989,148.9744
a2025,FRA.1.1.0.0.OVGM,OVGM,"VA industrie manufacturière (NACE C), prix de 2020",Mrd EURO-FRF,1990,154.3791
a2025,FRA.1.1.0.0.OVGM,OVGM,"VA industrie manufacturière (NACE C), prix de 2020",Mrd EURO-FRF,1991,154.9822
a2025,FRA.1.1.0.0.OVGM,OVGM,"VA industrie manufacturière (NACE C), prix de 2020",Mrd EURO-FRF,1992,156.12329
a2025,FRA.1.1.0.0.OVGM,OVGM,"VA industrie manufacturière (NACE C), prix de 2020",Mrd EURO-FRF,1993,153.0772
a2025,FRA.1.1.0.0.OVGM,OVGM,"VA industrie manufacturière (NACE C), prix de 2020",Mrd EURO-FRF,1994,158.09399
a2025,FRA.1.1.0.0.OVGM,OVGM,"VA industrie manufacturière (NACE C), prix de 2020",Mrd EURO-FRF,1995,165.2288
a2025,FRA.1.1.0.0.OVGM,OVGM,"VA industrie manufacturière (NACE C), prix de 2020",Mrd EURO-FRF,1996,167.1786
a2025,FRA.1.1.0.0.OVGM,OVGM,"VA industrie manufacturière (NACE C), prix de 2020",Mrd EURO-FRF,1997,175.23099
a2025,FRA.1.1.0.0.OVGM,OVGM,"VA industrie manufacturière (NACE C), prix de 2020",Mrd EURO-FRF,1998,184.1695
a2025,FRA.1.1.0.0.OVGM,OVGM,"VA industrie manufacturière (NACE C), prix de 2020",Mrd EURO-FRF,1999,191.4204
a2025,FRA.1.1.0.0.OVGM,OVGM,"VA industrie manufacturière (NACE C), prix de 2020",Mrd EURO-FRF,2000,201.4654
a2025,FRA.1.1.0.0.OVGM,OVGM,"VA industrie manufacturière (NACE C), prix de 2020",Mrd EURO-FRF,2001,203.55989
a2025,FRA.1.1.0.0.OVGM,OVGM,"VA industrie manufacturière (NACE C), prix de 2020",Mrd EURO-FRF,2002,202.6876
a2025,FRA.1.1.0.0.OVGM,OVGM,"VA industrie manufacturière (NACE C), prix de 2020",Mrd EURO-FRF,2003,207.4428
a2025,FRA.1.1.0.0.OVGM,OVGM,"VA industrie manufacturière (NACE C), prix de 2020",Mrd EURO-FRF,2004,212.5695
a2025,FRA.1.1.0.0.OVGM,OVGM,"VA industrie manufacturière (NACE C), prix de 2020",Mrd EURO-FRF,2005,216.25739
a2025,FRA.1.1.0.0.OVGM,OVGM,"VA industrie manufacturière (NACE C), prix de 2020",Mrd EURO-FRF,2006,222.04
a2025,FRA.1.1.0.0.OVGM,OVGM,"VA industrie manufacturière (NACE C), prix de 2020",Mrd EURO-FRF,2007,227.08339
a2025,FRA.1.1.0.0.OVGM,OVGM,"VA industrie manufacturière (NACE C), prix de 2020",Mrd EURO-FRF,2008,220.2073
a2025,FRA.1.1.0.0.OVGM,OVGM,"VA industrie manufacturière (NACE C), prix de 2020",Mrd EURO-FRF,2009,205.6717
a2025,FRA.1.1.0.0.OVGM,OVGM,"VA industrie manufacturière (NACE C), prix de 2020",Mrd EURO-FRF,2010,210.34319
a2025,FRA.1.1.0.0.OVGM,OVGM,"VA industrie manufacturière (NACE C), prix de 2020",Mrd EURO-FRF,2011,218.3879
a2025,FRA.1.1.0.0.OVGM,OVGM,"VA industrie manufacturière (NACE C), prix de 2020",Mrd EURO-FRF,2012,216.707
a2025,FRA.1.1.0.0.OVGM,OVGM,"VA industrie manufacturière (NACE C), prix de 2020",Mrd EURO-FRF,2013,217.2529
a2025,FRA.1.1.0.0.OVGM,OVGM,"VA industrie manufacturière (NACE C), prix de 2020",Mrd EURO-FRF,2014,220.32959
a2025,FRA.1.1.0.0.OVGM,OVGM,"VA industrie manufacturière (NACE C), prix de 2020",Mrd EURO-FRF,2015,221.1148
a2025,FRA.1.1.0.0.OVGM,OVGM,"VA industrie manufacturière (NACE C), prix de 2020",Mrd EURO-FRF,2016,222.1263
a2025,FRA.1.1.0.0.OVGM,OVGM,"VA industrie manufacturière (NACE C), prix de 2020",Mrd EURO-FRF,2017,226.62829
a2025,FRA.1.1.0.0.OVGM,OVGM,"VA industrie manufacturière (NACE C), prix de 2020",Mrd EURO-FRF,2018,230.8485
a2025,FRA.1.1.0.0.OVGM,OVGM,"VA industrie manufacturière (NACE C), prix de 2020",Mrd EURO-FRF,2019,235.29669
a2025,FRA.1.1.0.0.OVGM,OVGM,"VA industrie manufacturière (NACE C), prix de 2020",Mrd EURO-FRF,2020,214.3401
a2025,FRA.1.1.0.0.OVGM,OVGM,"VA industrie manufacturière (NACE C), prix de 2020",Mrd EURO-FRF,2021,232.8448
a2025,FRA.1.1.0.0.OVGM,OVGM,"VA industrie manufacturière (NACE C), prix de 2020",Mrd EURO-FRF,2022,224.17109
a2025,FRA.1.1.0.0.OVGM,OVGM,"VA industrie manufacturière (NACE C), prix de 2020",Mrd EURO-FRF,2023,230.40419
a2025,FRA.1.1.0.0.OVGM,OVGM,"VA industrie manufacturière (NACE C), prix de 2020",Mrd EURO-FRF,2024,235.752
